tree
version=v4
num_class=1
num_tree_per_iteration=1
label_index=0
max_feature_idx=33
objective=binary sigmoid:1
feature_names=Column_0 Column_1 Column_2 Column_3 Column_4 Column_5 Column_6 Column_7 Column_8 Column_9 Column_10 Column_11 Column_12 Column_13 Column_14 Column_15 Column_16 Column_17 Column_18 Column_19 Column_20 Column_21 Column_22 Column_23 Column_24 Column_25 Column_26 Column_27 Column_28 Column_29 Column_30 Column_31 Column_32 Column_33
feature_infos=[0.22403052449226379:4.806818962097168] [0.027025075629353523:26.170040130615234] [0.17134076356887817:8.6935958862304688] [0.087584272027015686:1] [-28.67047119140625:41.262332916259766] [-36.190670013427734:42.326030731201172] [-36.841156005859375:62.500308990478516] [-45.158794403076172:63.120437622070312] [-22.455821990966797:30.680826187133789] [0:0.95389312505722046] [0:0.64536702632904053] [0:0.40022626519203186] [-0.51016271114349365:0.5480339527130127] [-0.15599349141120911:0.22172828018665314] [-46.22015380859375:17.161741256713867] [-8.3726015090942383:64.2962646484375] [0:1] [0:95] [0:95] [-1:1] [-29.775985717773438:44.984848022460938] [-30.525325775146484:55.0223388671875] [-2.8409864902496338:15.253066062927246] [0.049656935036182404:5.4310722351074219] [-1:1] [0:1] [0:1] [-1:1] [-1:1] [-0.78183150291442871:0.97492790222167969] [-0.90096884965896606:1] [0:1] [0:1] [0.8888888955116272:4.5999999046325684]
tree_sizes=1724 1779 1788 1820 1803 1804 1790 1820 1813 1760 1798 1805 1806 1791 1808 1821 1821 1804 1777 1811 1787 1811 1803 1803 1785 1795 1763 1772 1795 1772 1772 1793 1799 1810 1809 1793 1821 1791 1811 1793 1805 1818 1825 1803 1810 1809 1790 1789 1807 1746 1787 1771 1812 1800 1792 1808 1787 1788 1807 1823 1796 1775 1789 1797 1789 1796 1808 1779 1821 1793 1813 1818 1801 1803 1813 1774 1814 1806 1801 1820 1807 1806 1816 1799 1808 1790 1782 1816 1794 1768 1819 1794 1799 1780 1816 1807 1779 1808 1770 1799 1794 1800 1805 1787 1805 1798 1801 1805 1812 1806 1807 1787 1805 1806 1782 1767 1784 1809 1756 1785 1809 1806 1788 1790 1815 1740 1761 1794 1784 1815 1765 1785 1800 1762 1776 1798 1787 1791 1746 1807 1805 1811 1792 1815 1792 1785 1809 1791 1813 1814 1786 1771 1759 1808 1802 1774 1779 1794 1787 1801 1774 1781 1796 1805 1780 1769 1806 1814 1796 1816 1801 1808 1789 1781 1812 1809 1782 1812 1758 1784 1787 1808 1806 1785 1761 1796 1808 1795 1787 1814 1808 1808 1787 1804 1780 1804 1803 1799 1804 1791 1786 1783 1774 1798 1747 1789 1808 1785 1802 1798 1780 1811 1780 1768 1795 1767 1819 1812 1775 1806 1815 1804 1780 1806 1795 1809 1805 1792 1814 1795 1779 1795 1784 1773 1800 1808 1808 1810 1803 1805 1775 1808 1800 1815 1747 1804 1777 1809 1767 1773 1767 1788 1798 1814 1783 1801 1810 1801 1752 1801 1792 1755 1772 1785 1803 1772 1815 1795 1805 1784 1779 1809 1772 1790 1773 1811 1750 1789 1714 1789 1807 1793 1783 1728 1749 1805 1792 1767 1782 1811 1794 1758 1812 1787 1801 1810 1756 1805 1748 1755 1782 1753 1810 1798 1799 1798 1808 1793 1777 1786 1753 1805 1781 1775 1792 1780 1794 1774 1814 1787 1767 1780 1780 1790 1775 1775 1791 1779 1785 1812 1782 1731 1783 1748 1788 1708 1803 1812 1767 1805 1779 1767 1791 1801 1793 1801 1799 1796 1779 1736 1797 1811 1777 1766 1803 1720 1793 1802 1800 1809 1774 1782 1788 1769 1820 1745 1794 1809 1777 1805 1797 1733 1787 1808 1796 1797 1780 1771 1768 1787 1799 1758 1764 1791 1787 1761 1783 1770 1792 1789 1792 1790 1777 1801 1787 1759 1792 1785 1795 1757 1813 1796 1781 1737 1782 1782 1773 1793 1750 1777 1782 1769 1755 1774 1759 1730

Tree=0
num_leaves=15
num_cat=0
split_feature=28 27 30 2 33 16 23 16 15 30 33 33 14 15
split_gain=66.2632 108.853 78.4392 51.0053 33.8842 27.8055 26.2215 26.1035 71.827 43.2014 30.2431 24.1915 23.9399 26.4807
threshold=-0.18436925113201139 -0.20576497167348859 1.0000000180025095e-35 1.369687080383301 1.0545857548713686 0.14274949580430987 0.39684779942035681 0.57597795128822338 11.315594196319582 -0.56174489110708226 0.94700106978416454 1.0013927817344668 -10.076424598693846 6.2896611690521249
decision_type=2 2 2 2 8 2 2 2 2 2 10 8 2 2
left_child=4 -2 3 7 5 -1 -4 9 -9 10 -3 -8 -7 -14
right_child=1 2 6 -5 -6 12 11 8 -10 -11 -12 -13 13 -15
leaf_value=-1.0913349680008571 -1.0970018881075077 -1.0963164844865316 -1.0964457206497622 -1.0914565785846722 -1.0927239393191197 -1.0965378278677889 -1.0905915102431474 -1.090106432828966 -1.0965402856138506 -1.094464216509982 -1.1014782641191885 -1.0934450856493836 -1.0906168573618729 -1.0945952288903993
leaf_weight=261.39115073531866 2201.3975702412426 257.92224503494799 128.65875486843288 272.18823775276542 2228.720890942961 581.4309945628047 691.85423645377159 231.09700791910291 670.67259766720235 306.33023382909596 270.01556099206209 634.63534962013364 181.48690463602543 1630.051953971386
leaf_count=1931 29500 5622 1479 3545 45940 4262 5036 2761 8639 4336 1985 12874 1328 11861
internal_value=-1.09447 -1.09525 -1.09414 -1.09542 -1.09364 -1.09443 -1.09235 -1.09607 -1.09482 -1.09736 -1.09909 -1.09191 -1.09476 -1.0942
internal_weight=0 5664.77 3463.37 2008.23 4883.08 2654.36 1455.15 1736.04 901.77 834.268 527.938 1326.49 2392.97 1811.54
internal_count=141099 75777 46277 26888 65322 19382 19389 23343 11400 11943 7607 17910 17451 13189
is_linear=0
shrinkage=1


Tree=1
num_leaves=15
num_cat=0
split_feature=27 23 30 22 30 27 2 2 14 14 15 15 7 33
split_gain=54.7226 63.379 54.7917 49.1856 44.7311 35.4115 36.6017 32.225 30.7185 37.5858 34.2474 58.9753 31.1724 45.1172
threshold=-0.71473535895347584 0.85206902027130138 1.0000000180025095e-35 0.10910087451338769 1.0000000180025095e-35 -0.20576497167348859 1.4297332763671877 1.5456154942512514 -7.1301894187927237 -20.661470413208004 8.3214159011840838 11.315594196319582 0.4778373539447785 1.0013927817344668
decision_type=2 2 2 2 2 2 2 2 2 2 2 2 2 8
left_child=1 -1 3 5 7 -2 8 -3 9 -7 -10 -12 13 -11
right_child=2 4 -4 -5 -6 6 -8 -9 10 12 11 -13 -14 -15
leaf_value=-0.0035727199160806079 -0.0043201288086617143 0.0028213910008353369 0.0014365352207646521 0.0013168089893665661 -0.0022182991436005229 0.0026471101281756856 0.0023403922138505269 -0.00048394810852130142 -0.0038591819398066788 -0.0062846641597647402 0.0046905250655423754 -0.00057380566533835411 0 -0.0012647398880228674
leaf_weight=815.24228010326624 287.44013510644436 535.39336745068431 3273.6561457011849 1372.6330307815224 693.21056826412678 131.13783951476216 361.72567186690867 636.09471011348069 191.64775286056101 396.40316054970026 277.10525484755635 879.18225715495646 304.84501521475613 387.4967075586319
leaf_count=10812 3862 7057 43699 18853 9377 2181 4676 8664 2375 2954 3129 11168 4206 8088
internal_value=0 -0.00123328 0.000437117 -0.000268134 -0.000178452 -0.000958478 -0.000604483 0.0010008 -0.00104076 -0.00219758 0 0.000675486 -0.00283242 -0.00389051
internal_weight=0 2679.94 7863.27 4589.62 1864.7 3216.98 2929.54 1171.49 2567.82 1219.88 1347.94 1156.29 1088.74 783.9
internal_count=141101 35910 105191 61492 25098 42639 38777 15721 34101 17429 16672 14297 15248 11042
is_linear=0
shrinkage=0.0101079


Tree=2
num_leaves=15
num_cat=0
split_feature=28 32 30 29 2 29 23 2 16 15 16 13 3 33
split_gain=63.3491 59.9299 87.4872 48.9842 39.1724 37.1217 36.2484 34.0079 28.3548 54.0378 38.046 32.8126 29.8794 27.555
threshold=-0.22706275433301923 1.0000000180025095e-35 1.0000000180025095e-35 -1.0000000180025095e-35 1.102907180786133 0.87837970256805431 0.85206902027130138 1.4504799246788027 0.57182708382606517 11.315594196319582 0.14677932858467105 0.011340884026139976 0.34503790736198431 1.0545857548713686
decision_type=2 2 2 2 2 2 2 2 2 2 2 2 2 8
left_child=13 2 7 -3 -4 -5 -7 8 10 -10 -2 -12 -11 -1
right_child=1 3 4 5 -6 6 -8 -9 9 12 11 -13 -14 -15
leaf_value=0.00012464743415632678 0.001386035386278678 0.0010145860411083284 0.0026483995052806381 -0.0041272212697086204 -0.0004947525868209396 -0.0045233998698708091 0.0020672018318643537 0.0015160326144955127 0.0031818353004851472 0 -0.0048171535276605231 0.0008153439077693876 -0.0040018056026288884 0.0016898443570326953
leaf_weight=2580.1919507533312 143.66923006251454 341.77507338300347 1211.298631073907 1025.5739751327783 574.15845741145313 124.87815171480179 227.90208007395267 338.03852534852922 263.14096873626113 379.67359452322125 693.47688964195549 108.05173270963132 383.9297209661454 2158.8372927978635
leaf_count=18860 2552 4598 16434 13762 7379 1577 3161 4444 3167 5337 9612 1453 4405 44454
internal_value=0 -0.000725285 -4.90386e-05 -0.00230458 0.00161725 -0.00315788 -0.000199778 -0.00135553 -0.00187218 -0.000650932 -0.00314046 -0.00400727 -0.00204265 0.000847767
internal_weight=0 5815.57 4095.44 1720.13 1785.46 1378.35 352.78 2309.98 1971.94 1026.74 945.198 801.529 763.603 4739.03
internal_count=141195 77881 54783 23098 23813 18500 4738 30970 26526 12909 13617 11065 9742 63314
is_linear=0
shrinkage=0.0101079


Tree=3
num_leaves=15
num_cat=0
split_feature=27 23 30 1 30 29 16 16 16 23 27 7 27 23
split_gain=52.1586 61.7439 49.6537 42.9652 38.4801 33.9847 29.0727 42.3765 39.5778 34.6464 33.7606 27.1543 24.0442 21.7437
threshold=-0.71473535895347584 0.85206902027130138 1.0000000180025095e-35 1.3781207203865053 1.0000000180025095e-35 -1.0000000180025095e-35 0.57182708382606517 0.15510571002960208 0.84731388092041027 0.78339338302612316 0.83743050694465648 0.4778373539447785 -0.83743050694465626 0.38635587692260748
decision_type=2 2 2 2 2 2 2 2 2 2 2 2 2 2
left_child=1 5 3 6 -3 -1 7 -2 10 11 -8 -9 -6 -4
right_child=2 4 13 -5 12 -7 8 9 -10 -11 -12 -13 -14 -15
leaf_value=0.00036382116654297967 0.0013579797155023373 0.00090757439248567533 -0.0018982380502581303 0.0017214593700057466 -0.0030566949912178556 -0.0045722523982001479 2.5535267964322137e-05 -0.0050149941088205039 -0.0017969082696079415 -0.00065794952420466103 0.0036754588920213816 -0.0002522014267866843 0.0013749043360204718 0.0015570163769996557
leaf_weight=161.75851812958717 346.54380204156041 1168.9703801088035 181.17451486922801 874.50972616113722 548.84824203141034 648.94539347477257 869.01111776009202 579.71369842253625 712.00200058892369 628.41447991505265 375.69906915724277 178.65471297129989 142.35178145952523 3118.6188971325755
leaf_count=2245 5651 15669 2175 11626 7440 8564 10845 7987 9059 8511 4779 2621 1974 41862
internal_value=0 -0.00122693 0.000405926 -0.000269627 -0.000185205 -0.00354367 -0.00075503 -0.00170627 7.03479e-05 -0.00250428 0.00117524 -0.00395955 -0.00208101 0.00135112
internal_weight=0 2670.87 7864.34 4564.55 1860.17 810.704 3690.04 1733.33 1956.71 1386.78 1244.71 758.368 691.2 3299.79
internal_count=141008 35892 105116 61079 25083 10809 49453 24770 24683 19119 15624 10608 9414 44037
is_linear=0
shrinkage=0.0101079


Tree=4
num_leaves=15
num_cat=0
split_feature=22 27 29 30 2 27 29 15 18 11 2 14 15 15
split_gain=47.6948 81.7393 63.379 51.1744 45.6981 25.8674 35.3637 24.4207 29.8966 21.1092 20.1239 19.1131 29.553 38.9559
threshold=-0.4037995040416717 -0.16288578510284421 -1.0000000180025095e-35 1.0000000180025095e-35 1.419843912124634 -0.97854062914848317 0.87837970256805431 3.8709112405776982 90.500000000000014 0.03884811885654927 0.60865783691406261 -7.1301894187927237 8.3214159011840838 11.21618175506592
decision_type=2 2 2 2 2 2 2 2 2 2 2 2 2 2
left_child=1 2 9 4 11 6 -2 -5 -9 -1 -4 -3 -13 -14
right_child=5 3 10 7 -6 -7 -8 8 -10 -11 -12 12 13 -15
leaf_value=0.0052999243763663419 -0.0033389651880139952 -0.0028248627951652124 0.00044230198603928812 0.0055164977076088079 0.0041396190423174098 0.00068677785521140361 0.0030619352406126297 0.00013489397106501694 0.0047579149549204459 -0.00024992931052654428 -0.0039228349574689887 -0.0051755525611311493 0.0049184965242454843 -0.00092317075946979051
leaf_weight=95.715206688269973 353.30810780450702 634.87005004473031 98.506165642291307 167.08145585469902 150.85860182158649 5955.2755231950432 103.94634637050331 662.26563041843474 182.18678264506161 177.16026590578258 1241.2316217515618 102.53464167751372 146.77574156224728 450.05733797326684
leaf_count=1256 4691 9206 1392 2419 1988 79678 1424 8699 2391 2396 16340 1364 1670 5833
internal_value=0 -0.000889974 -0.00266015 0.000241861 -0.00093261 0.000503363 -0.00177037 0.00199998 0.0012135 0.00164363 -0.00357114 -0.00155658 -0.000329908 0.000490403
internal_weight=0 4109.24 1612.61 2496.63 1485.1 6412.53 457.254 1011.53 844.452 272.875 1339.74 1334.24 699.368 596.833
internal_count=140747 54954 21384 33570 20061 85793 6115 13509 11090 3652 17732 18073 8867 7503
is_linear=0
shrinkage=0.0101079


Tree=5
num_leaves=15
num_cat=0
split_feature=28 27 30 29 2 14 21 27 29 29 13 14 11 18
split_gain=61.5565 108.031 72.5151 70.7128 61.2444 24.4732 24.7501 23.5236 51.7092 22.7885 39.1586 38.0264 27.7753 27.3496
threshold=-0.22706275433301923 -0.20576497167348859 1.0000000180025095e-35 -1.0000000180025095e-35 1.419843912124634 -13.930706501007078 4.7977988719940194 -0.90159028768539418 0.87837970256805431 0.87837970256805431 -0.0046370881609618655 -7.1301894187927237 0.05320433899760247 74.500000000000014
decision_type=2 2 2 2 2 2 2 2 2 2 2 2 2 2
left_child=-1 3 4 5 9 -2 -7 8 -5 11 -11 12 -3 -14
right_child=1 2 -4 7 -6 6 -8 -9 -10 10 -12 -13 13 -15
leaf_value=0.00082150821666252525 -0.0025780607650743607 -0.006457249665945592 0.0020632409632544021 -0.0035128172729661259 0.0035969291510629694 0.0052417278458861292 -1.2451351710112357e-05 -0.0045542074430798898 0.001824628689281001 0.0031895401144254459 -0.0018830229574949581 -0.00050714666541778065 0.00056350309165871461 -0.0059824778451591284
leaf_weight=4736.1077991351485 119.88628932088614 291.49553882516921 1489.6181728634983 687.75758971087635 262.14480978623033 163.24842870607972 165.02743286639452 892.51418475992978 236.38924763910472 236.51317745447159 420.2131333835423 581.16426285728812 172.06835711747408 88.333461757749319
leaf_count=63222 1672 4146 19766 9282 3367 2192 2118 12030 3192 3505 5290 7393 2612 1208
internal_value=0 -0.000729797 0.000363218 -0.00245227 -0.000854337 0.00106147 0.00253957 -0.00334211 -0.00210032 -0.00154134 0 -0.00240512 -0.00429717 -0.00161305
internal_weight=0 5806.37 3541.55 2264.82 2051.93 448.162 328.276 1816.66 924.147 1789.79 656.726 1133.06 551.897 260.402
internal_count=140995 77773 47287 30486 27521 5982 4310 24504 12474 24154 8795 15359 7966 3820
is_linear=0
shrinkage=0.0101079


Tree=6
num_leaves=15
num_cat=0
split_feature=28 3 30 21 17 21 14 14 29 23 13 21 3 28
split_gain=61.7616 54.1383 54.9039 37.5846 27.2665 27.2599 26.0648 34.176 30.5703 23.361 25.4844 25.1996 36.2947 37.2234
threshold=-0.22706275433301923 0.52089086174964916 1.0000000180025095e-35 -9.9475197792053205 12.500000000000002 6.0441133975982675 -7.4560420513153067 -5.3483195304870597 0.87837970256805431 0.40660852193832403 0.069052677601575865 6.0441133975982675 0.36964714527130133 0.79989895224571239
decision_type=2 2 2 2 2 2 2 2 2 2 2 2 2 2
left_child=-1 2 3 -2 5 -3 8 -8 -5 -4 11 12 -11 -14
right_child=1 4 9 6 -6 -7 7 -9 -10 10 -12 -13 13 -15
leaf_value=0.00087594426909427575 0.0050291275654691095 0.0030336471096168468 -0.0018724112067211804 -0.0042134175426230547 -0.0020365439337694034 -0.0015105440316709766 0.0031337704088382564 -0.0013569256687902325 7.2357149993761212e-05 0.0048490358934165818 -0.0016073962842206898 0.0080548334819968842 -0.0018885470128750419 0.0038726052136275587
leaf_weight=4735.1474023908377 94.252640692517161 230.91482668742537 121.35402310825884 454.01127403229475 2541.495626071468 293.66073240153491 237.92534407228231 579.04118173010647 239.96137783117592 352.3948989212513 115.10944804735482 96.209759313613176 265.31440892443061 186.63592912442982
leaf_count=63157 1230 2947 1478 6723 34227 3754 3247 6939 3599 4884 1595 1175 3697 2348
internal_value=0 -0.000678044 0.000341444 -0.000843454 -0.00160161 0.000428504 -0.00125989 0 -0.0026891 0.00204408 0.00256209 0.00314865 0.00244174 0.000427242
internal_weight=0 5808.28 2742.21 1605.19 3066.07 524.576 1510.94 816.967 693.973 1137.02 1015.66 900.555 804.345 451.95
internal_count=141000 77843 36915 21738 40928 6701 20508 10186 10322 15177 13699 12104 10929 6045
is_linear=0
shrinkage=0.0101079


Tree=7
num_leaves=15
num_cat=0
split_feature=27 30 22 30 27 2 2 3 18 14 13 22 20 22
split_gain=52.3758 58.4684 50.7845 48.3456 35.1641 32.068 27.6982 52.1136 38.6055 26.4359 34.6459 26.2451 28.4603 25.9647
threshold=-0.71473535895347584 1.0000000180025095e-35 -0.4413520991802215 1.0000000180025095e-35 -0.20576497167348859 1.2033330202102663 1.6593780517578127 0.64994364976882946 47.500000000000007 -15.203630447387694 -0.02822377439588308 -0.89157262444496144 1.0000000180025095e-35 0.13927447795867923
decision_type=2 2 2 2 2 2 2 2 2 2 2 2 2 2
left_child=3 2 4 6 -2 -6 8 -8 -1 -4 -11 12 -3 -5
right_child=1 11 9 13 5 -7 7 -9 -10 10 -12 -13 -14 -15
leaf_value=0.0032895411737493231 -0.0053235971647177154 0.0019812111345593212 0.0026183634269333028 -0.0038187774834080829 -0.0017869292696165962 0.0022469319384227147 0.0049230229972855918 -0.0025927312078494616 -0.00092394733853244692 -0.0039254595052241239 0.00040043345772505361 0.0018059792655916967 -0.0031038155761382606 -8.0212782059866855e-05
leaf_weight=425.26743357256055 237.68377477675676 188.40437464974821 480.81408562324941 781.89875065162778 1148.7423329651356 229.0647268909961 99.745670003816485 654.12121664732695 429.38500053621829 198.29407382197678 2291.2195812221617 2862.9755559749901 243.23002641089261 279.85310177318752
leaf_count=5636 3123 2662 7427 10359 15717 2980 1177 9045 5758 2702 29411 38098 3088 3843
internal_value=0 0.000424014 -0.000306713 -0.00121194 -0.00175001 -0.00107837 -7.81888e-05 -0.00150575 0.00113624 0.000467136 2.87057e-05 0.00145175 -0.000796195 -0.00287886
internal_weight=0 7880.43 4585.82 2670.27 1615.49 1377.81 1608.52 753.867 854.652 2970.33 2489.51 3294.61 431.634 1061.75
internal_count=141026 105208 61360 35818 21820 18697 21616 10222 11394 39540 32113 43848 5750 14202
is_linear=0
shrinkage=0.0101079


Tree=8
num_leaves=15
num_cat=0
split_feature=28 32 29 29 23 0 11 33 16 11 0 28 23 29
split_gain=53.1242 55.6243 43.9575 31.313 31.9477 29.9223 28.1499 25.6606 24.0585 33.6291 24.5624 21.9921 21.1059 17.9442
threshold=-0.18436925113201139 1.0000000180025095e-35 -1.0000000180025095e-35 0.87837970256805431 0.85206902027130138 0.54749041795730602 0.062313141301274307 1.0545857548713686 0.14274949580430987 0.033287825062870986 0.8382391929626466 0.7298206388950349 0.50241512060165416 -0.60785761475563038
decision_type=2 2 2 2 2 2 2 8 2 2 2 2 2 2
left_child=7 5 -3 -4 -5 11 -6 8 -1 -10 -11 12 -2 -7
right_child=1 2 3 4 6 13 -8 -9 9 10 -12 -13 -14 -15
leaf_value=0.0029399221581879365 0.0046168721486028619 0.00093783150699603562 -0.0040100475308533032 -0.0043044668404307439 0.0051832919439643672 0.0041556076401726774 -0.0018278715024812359 0.0015770935909279506 0.0015366273209407009 -0.0038824513805277667 -0.00046357938017619477 -0.0024565572770572906 -0.0018464945645444719 0.00027317435040350845
leaf_weight=266.10942061245441 93.507815690711141 331.98131607286632 956.50054834410548 124.16695434786379 118.57303266786039 121.79839967750013 92.409452730789781 2232.3284877259284 742.60562804341316 256.87913573533297 1391.5526221692562 713.36946703493595 88.453590838238597 3000.9331330284476
leaf_count=1955 1557 4430 13000 1597 1695 1593 1240 45897 5478 1943 9969 9684 1384 39589
internal_value=0 -0.000659402 -0.0022337 -0.00308074 -0.000280149 -1.0167e-05 0.00197058 0.000778961 9.06382e-05 -0.000217933 -0.00103624 -0.00164088 0.0013135 0.000447304
internal_weight=0 5641.69 1623.63 1291.65 335.149 4018.06 210.982 4889.48 2657.15 2391.04 1648.43 895.331 181.961 3122.73
internal_count=141011 75769 21962 17532 4532 53807 2935 65242 19345 17390 11912 12625 2941 41182
is_linear=0
shrinkage=0.0101079


Tree=9
num_leaves=15
num_cat=0
split_feature=28 27 30 2 14 16 15 15 30 12 11 33 16 11
split_gain=48.684 101.369 61.6496 68.0718 31.0861 43.0261 59.7023 54.8912 36.7544 30.0784 26.6328 24.687 27.3478 33.8524
threshold=-0.22706275433301923 -0.20576497167348859 1.0000000180025095e-35 1.419843912124634 -7.4560420513153067 0.84072571992874157 8.3214159011840838 10.844655036926271 -0.56174489110708226 0.077289018779993071 0.05320433899760247 1.0545857548713686 0.14274949580430987 0.033287825062870986
decision_type=2 2 2 2 2 2 2 2 2 2 2 8 2 2
left_child=11 -2 3 4 8 6 -6 -8 10 -5 -3 12 -1 -14
right_child=1 2 -4 9 5 -7 7 -9 -10 -11 -12 -13 13 -15
leaf_value=0.0032044270715083254 -0.0022686993755225006 -0.00661515311867598 0.002025677993203307 0.0069728889205084707 -0.0040629738151314833 -0.002960542182804293 0.0079350499707437992 0.00059866639859702158 0 0 -0.0017535943121442339 0.0015812825418198082 0.0015618760643747696 -0.0010617541633219936
leaf_weight=254.56038843840361 2258.3002546299249 273.29580802470446 1492.7996559776366 145.7574011310935 142.29987177625299 349.33627719990909 157.45977653376758 324.06304916925728 288.95741662941873 120.61391829326749 256.05279374308884 2158.0058653298765 715.90686173737049 1607.3973467722535
leaf_count=1862 30495 3913 19805 1786 1881 4236 1768 4320 4312 1611 3768 44332 5287 11630
internal_value=0 -0.000595173 0.000460437 -0.000658705 -0.00138801 -0.000119193 0.00142436 0.00316686 -0.00283284 0.0040004 -0.00439732 0.000784331 9.88174e-05 -0.000233463
internal_weight=0 5808.94 3550.64 2057.84 1791.46 973.159 623.823 481.523 818.306 266.371 529.349 4735.87 2577.86 2323.3
internal_count=141006 77895 47400 27595 24198 12205 7969 6088 11993 3397 7681 63111 18779 16917
is_linear=0
shrinkage=0.0101079


Tree=10
num_leaves=15
num_cat=0
split_feature=22 32 30 22 23 14 3 12 13 15 16 16 2 23
split_gain=56.5359 38.2816 56.8729 29.142 21.6174 21.324 29.8699 24.5439 21.1798 50.7571 33.0818 40.1539 20.4813 20.3032
threshold=-0.4037995040416717 1.0000000180025095e-35 1.0000000180025095e-35 -0.89157262444496144 2.1015208959579472 -18.700854301452633 0.67816692590713512 -0.045088073238730424 0.01304474286735058 11.496576786041262 0.15942772477865222 0.66730114817619335 1.1953549981117251 0.55684593319892894
decision_type=2 2 2 2 2 2 2 2 2 2 2 2 2 2
left_child=1 2 8 -4 5 6 7 -2 10 -10 -1 -12 -5 -3
right_child=4 13 3 12 -6 -7 -8 -9 9 -11 11 -13 -14 -15
leaf_value=0.0014462039618500175 0.005664369597036486 -0.0065334365745474896 -0.00085718615992726329 0.0032002609644517983 0.0026963436432815911 0.0002186417809383322 -0.001050374417806499 0.00083021321970850909 0.0046539796871151364 -0.001621305412883076 -0.004278109204502876 0.0014552120248468453 -8.7132925885480215e-05 -0.0019708708039942609
leaf_weight=164.68367225863039 250.32218337059021 120.0319847445935 425.18457567505538 656.9350161049515 473.43193745054305 5309.1642809677869 190.99714450910687 227.53701094910502 161.6509787645191 577.7241773866117 704.09372833929956 135.53851307556033 239.49910183623433 905.61791017092764
leaf_count=2617 3596 1619 5672 8697 6075 70194 2716 3608 2096 7370 9624 1784 3151 12148
internal_value=0 -0.000899999 -0.000316877 0.00124375 0.000617478 0.000442847 0.0021401 0.0034952 -0.00152313 -0.00016158 -0.0024767 -0.00330003 0.00228386 -0.00258834
internal_weight=0 4090.96 3065.31 1321.62 6451.45 5978.02 668.856 477.859 1743.69 739.375 1004.32 839.632 896.434 1025.65
internal_count=140967 54778 41011 17520 86189 80114 9920 7204 23491 9466 14025 11408 11848 13767
is_linear=0
shrinkage=0.0101079


Tree=11
num_leaves=15
num_cat=0
split_feature=28 27 29 30 2 33 15 7 12 16 15 29 21 13
split_gain=53.9619 104.267 71.5173 71.4519 67.0521 26.7473 25.438 36.4257 24.761 24.2946 65.9804 42.6362 23.8367 28.5914
threshold=-0.18436925113201139 -0.11969653144478797 -1.0000000180025095e-35 1.0000000180025095e-35 1.419843912124634 1.0545857548713686 6.6477222442626962 -0.24036506563425061 0.081626109778881087 0.57597795128822338 11.315594196319582 0.87837970256805431 -6.1421415805816642 0.011340884026139976
decision_type=2 2 2 2 2 8 2 2 2 2 2 2 2 2
left_child=5 2 12 4 9 -1 7 -4 -6 11 -11 -3 -2 -14
right_child=1 3 6 -5 8 -7 -8 -9 -10 10 -12 -13 13 -15
leaf_value=9.833391599275873e-05 -0.0026056001184382063 -0.0044850530579689709 -0.002526265491721386 0.0022626875802825527 0.0068702309527973173 0.0016138035629160153 -0.004098129916765083 0.0036843025205332233 0.00013474352774095453 0.0043496263956073825 -0.0019127534033640387 0.00017629170319320754 0.0064163953935530956 0.00024899937523961409
leaf_weight=2666.24116846174 111.29463369399309 513.21760950796306 599.2138754259795 1371.0912057477981 134.88635609857738 2236.1112064030021 1171.5868601519614 103.19173254258931 113.01802116446197 223.09534387104213 657.88862483017147 298.71159204654396 118.63554883003235 236.04433408752084
leaf_count=19427 1557 7480 8667 18138 1648 45878 15351 1368 1491 2638 8512 4277 1627 3031
internal_value=0 -0.000648604 -0.00228142 0.000495424 -0.000736248 0.000799268 -0.00316606 -0.00152703 0.00405379 -0.00147655 -0.000257591 -0.00273504 0.00118449 0.0025154
internal_weight=0 5651.88 2339.97 3311.91 1940.82 4902.35 1873.99 702.406 247.904 1692.91 880.984 811.929 465.975 354.68
internal_count=141090 75785 31601 44184 26046 65305 25386 10035 3139 22907 11150 11757 6215 4658
is_linear=0
shrinkage=0.0101079


Tree=12
num_leaves=15
num_cat=0
split_feature=28 27 30 29 2 0 29 11 33 0 16 16 15 29
split_gain=53.8583 104.677 73.3796 69.3627 56.5907 25.9166 35.097 26.5651 25.3371 23.6721 23.6582 35.82 71.6861 36.2983
threshold=-0.22706275433301923 -0.20576497167348859 1.0000000180025095e-35 -1.0000000180025095e-35 1.419843912124634 0.97996082901954662 0.87837970256805431 0.05320433899760247 1.0545857548713686 0.8382391929626466 0.13433778285980227 0.57597795128822338 11.315594196319582 0.87837970256805431
decision_type=2 2 2 2 2 2 2 2 8 2 2 2 2 2
left_child=8 3 4 -2 10 -5 -7 -8 9 -1 -3 13 -13 -12
right_child=1 2 -4 5 -6 6 7 -9 -10 -11 11 12 -14 -15
leaf_value=-0.0022240099424731337 0.0011155776867584964 0.0026371129018007795 0.0021240680771759846 -0.0040481193233079943 0.0034332817610074201 -0.0032223973575414996 0.0056643491065393892 -0.0012495360174599682 0.0016072970235072519 0.00051958462140753591 -0.0051303094359378583 0.0042460721758816574 -0.0021092605623863085 -0.00027818901653537325
leaf_weight=366.76017515361309 452.18352566100657 118.60926732420921 1503.5786852352321 1257.5424475241452 266.37131827138364 351.01464849896729 95.463748998939991 105.97697039507329 2170.9507875386626 2199.2688372507691 471.12872365675867 236.05583932437003 688.24982835911214 263.45685648731887
leaf_count=2796 6063 2165 19833 17073 3405 4730 1326 1414 44476 15863 6619 2785 8963 3599
internal_value=0 -0.000646856 0.00042724 -0.00234482 -0.000804552 -0.00323265 -0.00127425 0.00192045 0.000804207 0.000106277 -0.00147427 -0.00180327 -0.000421252 -0.00346543
internal_weight=0 5809.63 3547.45 2262.18 2043.87 1810 552.455 201.441 4736.98 2566.03 1777.5 1658.89 924.306 734.586
internal_count=141110 77975 47369 30606 27536 24543 7470 2740 63135 18659 24131 21966 11748 10218
is_linear=0
shrinkage=0.0101079


Tree=13
num_leaves=15
num_cat=0
split_feature=28 27 29 30 14 14 16 29 16 27 13 12 33 6
split_gain=55.7405 89.2762 72.7755 59.0355 30.3856 28.1528 39.2352 33.4623 27.8328 27.7488 26.5638 25.0628 22.8812 21.8374
threshold=-0.18436925113201139 -0.14132478833198545 -1.0000000180025095e-35 1.0000000180025095e-35 -14.194763660430906 -20.941178321838375 0.5469687581062318 0.87837970256805431 0.84072571992874157 0.56457334756851207 0.011340884026139976 0.065654482692480101 1.0545857548713686 -3.570664525032043
decision_type=2 2 2 2 2 2 2 2 2 2 2 2 8 2
left_child=12 2 4 5 -2 -3 7 -7 9 -8 -6 -10 13 -1
right_child=1 3 -4 -5 10 6 8 -9 11 -11 -12 -13 -14 -15
leaf_value=0.0017917558674947235 -0.0028412886919621434 0.0034141447832432719 -0.0031430726875426463 0.0019292455320438532 0.0067161044771047616 -0.0044583410377710669 -0.0012400525389381157 0 -0.0036644299917456278 0.0029304113151656943 0.00060181405689788527 0.0014118478814984358 0.0015168704553045415 -0.00037131374343855373
leaf_weight=609.69351939857006 119.0178276989609 139.43653197959065 1839.1187051516026 1393.105974169448 113.63645894825459 484.44173884391785 239.29862341657281 260.04436114057899 279.75400122068822 426.16405046917498 228.64951793290675 132.79070805944502 2242.6663763169199 2048.4700311347842
leaf_count=4506 1674 2023 25098 18381 1574 7027 3161 3665 3429 5438 2907 1593 45897 14864
internal_value=0 -0.000706243 -0.00223876 0.000335197 0.00127267 -0.000779215 -0.00113507 -0.00290841 6.41509e-05 0.0013735 0.00284967 -0.00193812 0.000765219 0.000113339
internal_weight=0 5655.46 2300.42 3355.04 461.304 1961.93 1822.49 744.486 1078.01 665.463 342.286 412.545 4900.83 2658.16
internal_count=141237 75970 31253 44717 6155 26336 24313 10692 13621 8599 4481 5022 65267 19370
is_linear=0
shrinkage=0.0101079


Tree=14
num_leaves=15
num_cat=0
split_feature=28 27 29 30 16 14 13 33 33 23 6 14 21 33
split_gain=48.7329 98.1557 78.7414 55.641 48.7163 42.3218 41.2597 27.8744 26.9254 26.4541 23.3593 22.7582 37.077 21.751
threshold=-0.22706275433301923 -0.11969653144478797 -1.0000000180025095e-35 -0.56174489110708226 0.59233644604682933 -17.097252845764157 -0.074488174170255647 0.94700106978416454 1.0545857548713686 0.4164456725120545 -2.7633115053176875 -14.194763660430906 4.7977988719940194 0.90112781524658214
decision_type=2 2 2 2 2 2 2 10 8 2 2 2 2 10
left_child=8 2 11 4 5 10 -5 -7 -1 -8 -3 -2 -13 -11
right_child=1 3 -4 6 -6 7 9 -9 -10 13 -12 12 -14 -15
leaf_value=4.5726931321897676e-05 -0.0021182619615250798 0.0040449793574585981 -0.0030967147050371341 0.006628509325071765 0.0007559757394416483 -0.0018444106055137063 -0.0026723376026955539 -0.0072064297634043071 0.0015898740897943918 0.00023321293989939326 -0.0026774506696996951 0.0057953460878854808 -0.00040625430705686929 0.0025295284249050804
leaf_weight=2568.0258009508252 121.37938817963004 101.44308202527463 1924.9728295076638 145.28618157468736 657.91170516982675 222.70885278843343 160.56699968501925 234.36040788143873 2174.6209269538522 849.24012953042984 89.954993013292551 184.77182292751968 177.01358249597251 925.32203631103039
leaf_count=18727 1697 1408 26308 2035 8327 4686 1850 1798 44494 17043 1344 2455 2273 6715
internal_value=0 -0.000616927 -0.00217673 0.000482619 -0.00113065 -0.00309301 0.00151548 -0.00475412 0.000763699 0.00108623 0.000700517 0.00139723 0.00270571 0.00145903
internal_weight=0 5794.93 2408.14 3386.79 1306.38 648.467 2080.42 457.069 4742.65 1935.13 191.398 483.165 361.785 1774.56
internal_count=141160 77939 32733 45206 17563 9236 27643 6484 63221 25608 2752 6425 4728 23758
is_linear=0
shrinkage=0.0101079


Tree=15
num_leaves=15
num_cat=0
split_feature=13 0 27 27 30 30 1 11 15 15 16 16 20 33
split_gain=41.7981 50.0857 43.1627 37.6761 38.7331 30.8819 41.8478 30.6446 30.8738 29.2705 26.7247 31.1591 28.7106 28.7356
threshold=-0.089315064251422868 0.54749041795730602 -0.49049438536167139 -0.71473535895347584 1.0000000180025095e-35 1.0000000180025095e-35 1.3781207203865053 0.05638785474002362 21.186862945556644 4.2492299079895028 0.57182708382606517 0.84731388092041027 0.030186580494046215 0.9590476155281068
decision_type=2 2 2 2 2 2 2 2 2 2 2 2 2 10
left_child=9 2 -2 4 7 6 10 -3 -9 -1 12 -12 -5 -14
right_child=1 3 -4 5 -6 -7 -8 8 -10 -11 11 -13 13 -15
leaf_value=0.0060273230555509148 -0.0080113183272496995 0.0016104625221889663 -0.0014273783918864009 -0.00043260384264807501 -0.0025151705263498692 0.0013072644847360395 0.0018814827909944783 -0.0022924197082165722 0.0022597494974125644 -7.4062035699636223e-05 0.0012881583590600969 -0.0015012953134413069 -0.001042578941511551 -0.0059079290945741499
leaf_weight=188.24804368242621 115.14717955328524 697.5685287732631 823.39886024035513 837.45226117782295 974.9254394993186 2815.5240316353738 860.71651818044484 655.66693012230098 182.67828862182796 114.19107891246676 1055.3168513197452 651.90788226947188 285.86378949321806 258.11433266848326
leaf_count=2383 1611 9901 11661 12376 13222 37020 11430 8355 2461 1487 13055 8186 5674 1901
internal_value=0 -0.000118866 -0.00233605 0.000102849 -0.000947244 0.000499206 -6.80378e-05 2.92792e-05 -0.00124118 0.00364791 -0.00062769 0.000197441 -0.00167206 -0.00347438
internal_weight=0 10214.3 938.546 9275.73 2510.84 6764.9 3949.37 1535.91 838.345 302.439 3088.66 1707.22 1381.43 543.978
internal_count=140723 136853 13272 123581 33939 89642 52622 20717 10816 3870 41192 21241 19951 7575
is_linear=0
shrinkage=0.0101079


Tree=16
num_leaves=15
num_cat=0
split_feature=28 27 30 29 2 33 33 16 13 29 33 11 0 16
split_gain=48.0289 103.395 59.4064 55.5777 52.5104 32.0265 26.2536 23.1139 62.2566 40.5447 27.8578 22.6503 32.8982 24.1666
threshold=-0.20576497167348859 -0.20576497167348859 1.0000000180025095e-35 -1.0000000180025095e-35 1.419843912124634 0.99611112475395214 0.99472221732139599 0.58420172333717357 0.0037099432665854697 0.87837970256805431 0.94700106978416454 0.033771678805351264 0.85366365313529979 0.14274949580430987
decision_type=2 2 2 2 2 10 10 2 2 2 10 2 2 2
left_child=6 3 4 -2 7 -6 -1 9 -9 10 -3 -8 -13 -14
right_child=1 2 -4 -5 5 -7 11 8 -10 -11 -12 12 13 -15
leaf_value=0.0015385569445800953 0.00080268644319476164 -0.0015531036840128552 0.0019875557744564462 -0.0031320458366152866 -2.0174492657070074e-05 0.006631007866231416 0.0015191056547978444 0.005452924422820536 -0.0014021396309151753 0.00023329771849803915 -0.0064635668807395755 -0.0035913438380965851 0.0031716656165139251 -0.0004707030997779879
leaf_weight=2270.6024175211787 439.46061819791794 261.47097834572196 1484.5220877286047 1769.7777014356107 124.5192359033972 139.83299257606268 744.58781203627586 156.79819512553513 749.41517154127359 319.05575348436832 272.57766845822334 297.92804402112961 209.00938515365124 1302.8496900498867
leaf_count=45453 5868 5813 19604 24178 2371 975 5509 2150 9339 4490 2056 2267 1514 9360
internal_value=0 -0.000619099 0.000450158 -0.00233101 -0.000660939 0.00343652 0.000749241 -0.00131172 -0.000136084 -0.00250121 -0.00418992 2.93122e-05 -0.000565145 1.95914e-05
internal_weight=0 5717.43 3508.19 2209.24 2023.67 264.352 4824.98 1759.32 906.213 853.104 534.049 2554.37 1809.79 1511.86
internal_count=140947 76844 46798 30046 27194 3346 64103 23848 11489 12359 7869 18650 13141 10874
is_linear=0
shrinkage=0.0101079


Tree=17
num_leaves=15
num_cat=0
split_feature=28 27 30 2 23 33 23 30 11 2 33 6 14 16
split_gain=45.1786 95.9511 59.966 56.4623 20.9985 20.6858 20.3719 30.0607 25.6674 20.3555 19.5977 18.7301 17.8262 17.7997
threshold=-0.18436925113201139 -0.20576497167348859 1.0000000180025095e-35 1.369687080383301 0.39684779942035681 1.0013927817344668 0.8840271830558778 1.0000000180025095e-35 0.05638785474002362 1.1585342288017275 1.0545857548713686 -1.7642409205436704 -6.3540170192718497 0.5469687581062318
decision_type=2 2 2 2 2 8 2 2 2 2 8 2 2 2
left_child=10 6 3 13 -4 11 9 8 -8 -2 -1 -6 -13 -3
right_child=1 2 4 -5 5 -7 7 -9 -10 -11 -12 12 -14 -15
leaf_value=0.00011355705210842101 -0.0015636683873689764 -0.0025409388146101189 -0.0016966855348424295 0.00343491362935805 0.0011034293294129162 0.00094847560707756004 0.0031393557096921448 -0.003643246499141219 -0.001294051661140528 -0.004193865110634451 0.0014127930968306532 0.0072703542028058265 0.0026994062118186916 -0.00041445681736564886
leaf_weight=2665.4698112308979 633.57961761578918 770.56632984802127 126.32696795649827 277.73306321725249 249.97045776247978 638.01438272558153 213.03090351447463 265.43969150073826 318.43657088279724 742.78595178574324 2245.6532498504966 192.51704175770283 256.41369795054197 953.92642616294324
leaf_count=19397 8394 11272 1457 3547 1828 12834 3045 3773 4117 10248 45856 1370 1821 12105
internal_value=0 -0.000607874 0.000426734 -0.000694414 0.00198403 0.00236961 -0.00227193 -0.000899991 0.000427179 -0.00302767 0.000717148 0.00358535 0.00483706 -0.00139504
internal_weight=0 5638.74 3465.47 2002.23 1463.24 1336.92 2173.27 796.907 531.467 1376.37 4911.12 698.901 448.931 1724.49
internal_count=141064 75811 46234 26924 19310 17853 29577 10935 7162 18642 65253 5019 3191 23377
is_linear=0
shrinkage=0.0101079


Tree=18
num_leaves=15
num_cat=0
split_feature=28 27 30 29 2 5 33 12 2 14 21 10 11 27
split_gain=48.459 95.336 66.6981 61.738 53.5496 23.5132 23.0083 22.8292 21.9269 21.4561 23.542 21.08 19.9109 19.6591
threshold=-0.18436925113201139 -0.20576497167348859 1.0000000180025095e-35 -1.0000000180025095e-35 1.4297332763671877 -5.3181221485137931 0.9590476155281068 0.074589464813470854 0.59933584928512584 -14.194763660430906 3.9838294982910161 0.042555782943964011 0.061235710978508003 -0.90159028768539418
decision_type=2 2 2 2 2 2 10 2 2 2 2 2 2 2
left_child=6 3 4 9 -3 12 -1 -6 -4 -2 -11 -8 -5 -7
right_child=1 2 8 5 7 13 11 -9 -10 10 -12 -13 -14 -15
leaf_value=0.0015211511539633819 -0.0025005566311300589 -0.0014157328270699696 0.0040868839177815577 0.0033825269420257429 0.0061262750002443961 -0.002173534512472717 -0.0014427520152723212 0 0.0012294753278462842 0.0050965338766896934 -6.4550267361511223e-05 0.00064295081101552534 -0.0029142495782396396 -0.0046590091400147225
leaf_weight=2258.3703707586974 110.3284918051213 1739.5178864300251 406.86140482313931 94.277704153209925 137.707719264552 718.84520147740841 646.47900607436895 121.11267923936248 1060.3991863261908 160.02056880667806 162.937898369506 1991.5631475970149 94.625327784568071 818.46455567143857
leaf_count=46003 1574 23625 5332 1460 1682 9746 4641 1613 14033 2126 2117 14565 1323 11173
internal_value=0 -0.000601291 0.000427909 -0.00226734 -0.000758176 -0.00312693 0.000772545 0.0034232 0.00206632 0.00106023 0.0024288 0.000113833 3.16005e-05 -0.0035395
internal_weight=0 5625.1 3465.6 2159.5 1998.34 1726.21 4896.41 258.82 1467.26 433.287 322.958 2638.04 188.903 1537.31
internal_count=141013 75804 46285 29519 26920 23702 65209 3295 19365 5817 4243 19206 2783 20919
is_linear=0
shrinkage=0.0101079


Tree=19
num_leaves=15
num_cat=0
split_feature=28 27 29 30 23 29 16 16 16 13 18 23 27 14
split_gain=42.6132 84.1902 61.2093 58.8938 25.8219 42.4487 25.5759 45.5912 39.3256 35.0428 25.921 24.6713 22.496 22.3054
threshold=-0.22706275433301923 -0.20576497167348859 -1.0000000180025095e-35 1.0000000180025095e-35 0.8840271830558778 0.87837970256805431 0.16367314755916598 0.57597795128822338 0.84731388092041027 0.0091658681631088274 24.500000000000004 0.39684779942035681 0.56457334756851207 -13.930706501007078
decision_type=2 2 2 2 2 2 2 2 2 2 2 2 2 2
left_child=-1 2 13 6 -4 -6 10 9 12 -8 -3 -5 -9 -2
right_child=1 3 4 11 5 -7 7 8 -10 -11 -12 -13 -14 -15
leaf_value=0.00068754571905364217 -0.0023667313896240964 -0.00027167589130009919 -0.0039615911693893571 -0.0021105163155505928 -0.0031172515422135945 0.0021011003462376786 -0.0040445930939120361 -0.0005779581339794322 -0.0022250090624045204 0.0014131435642667372 0.0063392132455297795 0.0022871425353705754 0.003150381822048221 0.0025151526069757055
leaf_weight=4752.0966479331255 119.06257280893624 128.74246094562113 1098.2900989018381 128.39427002333105 458.89678516052663 226.17459845170379 626.98781488277018 242.18513305671513 411.67180127836764 131.75483977049589 90.609892865642905 1375.2947800140828 413.90481785498559 330.16945287026465
leaf_count=63317 1673 2155 14947 1444 6413 3182 8733 3164 4988 1792 1410 18286 5346 4363
internal_value=0 -0.000603224 -0.00214018 0.000354622 -0.00298396 -0.00133179 -0.000746736 -0.00115539 0.000157771 -0.00303938 0.00240206 0.00187608 0.00172229 0.00111471
internal_weight=0 5782.14 2232.59 3549.55 1783.36 685.071 2045.86 1826.5 1067.76 758.743 219.352 1503.69 656.09 449.232
internal_count=141213 77896 30578 47318 24542 9595 27588 24023 13498 10525 3565 19730 8510 6036
is_linear=0
shrinkage=0.0101079


Tree=20
num_leaves=15
num_cat=0
split_feature=13 28 29 2 30 0 15 15 13 29 7 23 23 13
split_gain=45.722 50.5247 43.8997 33.5935 39.3722 36.4077 30.7392 29.1243 25.6738 25.5044 28.8101 30.4139 23.8531 20.3804
threshold=-0.089315064251422868 -0.18436925113201139 -0.60785761475563038 0.63622072339057933 1.0000000180025095e-35 0.56620290875434887 10.485565662384035 4.1839714050292978 -0.029349768534302708 1.0000000180025095e-35 -3.9374462366104122 0.93056553602218639 1.1442813873291018 -0.0033969398355111475
decision_type=2 2 2 2 2 2 2 2 2 2 2 2 2 2
left_child=7 -2 -3 4 8 -5 -6 -1 -4 10 -7 -12 -11 -10
right_child=1 2 3 5 6 9 -8 -9 13 12 11 -13 -14 -15
leaf_value=0.0061911901509196527 0.00063478305083399607 0.0046529748140509974 -0.0044409352330727851 -0.0036020596396636453 0.004394655279790452 -0.0021225917987082602 -0.00052425159500986743 0 0.0035580798725683284 -0.0021731079003124609 0.0023415564968345794 -0.0015277166413482709 0.00079460046197614865 -0.00090095816219768496
leaf_weight=188.60789620690048 4836.0858013741672 137.66033804602921 161.61651187948883 652.94305284507573 335.99085718393326 396.72716296464205 184.44754254445434 116.35049241222441 123.02565647289157 1654.0379051882774 641.03682928532362 286.01229176111519 305.67714685946703 519.77647382207215
leaf_count=2379 64310 1761 2540 9290 4588 5393 2341 1520 1946 22508 8325 3323 4005 6668
internal_value=0 -0.000110441 -0.000785416 -0.000941931 0.000425148 -0.00141224 0.00259228 0.00381372 -0.000938248 -0.00095713 9.83938e-05 0.00110176 -0.00168833 0
internal_weight=0 10235 5398.95 5261.29 1324.86 3936.43 520.438 304.958 804.419 3283.49 1323.78 927.049 1959.72 642.802
internal_count=140897 136998 72688 70927 18083 52844 6929 3899 11154 43554 17041 11648 26513 8614
is_linear=0
shrinkage=0.0101079


Tree=21
num_leaves=15
num_cat=0
split_feature=27 30 28 23 27 2 30 12 2 3 33 22 2 0
split_gain=45.9833 47.0566 49.3592 45.6661 33.1766 49.3567 32.2508 28.7803 26.2332 25.1107 35.499 20.1763 19.1744 28.948
threshold=-0.71473535895347584 1.0000000180025095e-35 0.1413247883319855 0.85206902027130138 -0.20576497167348859 1.369687080383301 1.0000000180025095e-35 0.075947493314743056 1.5456154942512514 0.66817072033882152 0.90112781524658214 0.67729565501213085 0.58563250303268444 0.46342435479164129
decision_type=2 2 2 2 2 2 2 2 2 2 10 2 2 2
left_child=3 2 11 -1 -4 -6 8 -7 -5 -8 -11 -2 -3 -14
right_child=1 12 4 6 5 7 9 -9 -10 10 -12 -13 13 -15
leaf_value=-0.003227993784197331 4.1490809419303547e-06 0.0029364533313887024 -0.0050213238591291787 0.0023410353910715237 -0.0017340664350194532 0.0063534056349790237 0.00050841485284181887 -0.00043787595730900947 -0.00065154552195554347 -0.00010031882575294245 -0.0059404915661182651 0.0020279612671246987 -0.0034676978758057826 0.0011189407130453826
leaf_weight=797.14379096776247 1989.2811830770224 577.63398201949894 246.88506857864559 531.55518497154117 1431.8935476187617 125.31980513222516 230.1756954845041 100.99670860357583 635.92280477657914 206.74621039815247 249.04863882064819 685.21090924367309 137.55138268135488 2594.4387818425894
leaf_count=10823 26211 7400 3405 7011 19353 1582 3075 1382 8668 4492 1869 9400 2004 34387
internal_value=0 0.000324553 -0.000332069 -0.00121163 -0.00157765 -0.00101996 -0.000312969 0.00323419 0.000682875 -0.00205508 -0.00342409 0.000542049 0.00124402 0.000864211
internal_weight=0 7889.21 4579.59 2650.59 1905.1 1658.21 1853.45 226.317 1167.48 685.971 455.795 2674.49 3309.62 2731.99
internal_count=141062 105124 61333 35938 25722 22317 25115 2964 15679 9436 6361 35611 43791 36391
is_linear=0
shrinkage=0.0101079


Tree=22
num_leaves=15
num_cat=0
split_feature=22 29 3 16 14 0 30 7 23 15 14 11 14 3
split_gain=37.198 36.1754 34.6707 67.6204 52.2243 30.4863 28.6517 42.161 22.1155 25.7783 21.3804 19.2856 21.4155 28.6944
threshold=0.25271017849445349 -0.60785761475563038 0.5729874074459077 0.15510571002960208 -7.4560420513153067 0.52101463079452526 -0.56174489110708226 0.86698302626609813 0.51847976446151745 8.1164960861206072 -18.494723320007321 0.073581989854574217 -4.8207979202270499 0.85334494709968578
decision_type=2 2 2 2 2 2 2 2 2 2 2 2 2 2
left_child=1 -1 3 -3 5 -5 7 -7 -6 -10 -8 12 13 -4
right_child=-2 2 11 4 8 6 10 -9 9 -11 -12 -13 -14 -15
leaf_value=0.0046068960798756131 0.00096816559135467508 0.0035950429536607043 -0.0022629033037208758 -0.0051321244388733171 -0.001593643322111169 -0.0043036670246714712 0.0038003315105222531 0.0016183879180752454 -0.0026486868718539648 0.0014825969143276707 -0.00059910921523511013 -0.0025544928180934508 0.00082465483991499625 0.00057525615939263072
leaf_weight=135.33548931404948 2708.0201509930193 486.40168812125921 1142.0800465680659 223.58023088797927 353.46869005449116 465.43751926720142 122.64933529868722 149.67470199801028 156.16232633963227 1715.3609188124537 836.01752563565969 926.22813157178462 591.70919347926974 499.35553954914212
leaf_count=1721 36454 7381 15570 3398 4193 6379 1787 2071 1967 21469 11780 11982 7515 7128
internal_value=0 -0.000404452 -0.000502667 5.80078e-05 -0.000365657 -0.00165003 -0.00110735 -0.00279545 0.00065582 0.00110697 0 -0.00131381 -0.000774193 -0.00137626
internal_weight=0 7803.46 7668.13 4508.75 4022.35 1797.36 1573.78 615.112 2224.99 1871.52 958.667 3159.37 2233.14 1641.44
internal_count=140795 104341 102620 60425 53044 25415 22017 8450 27629 23436 13567 42195 30213 22698
is_linear=0
shrinkage=0.0101079


Tree=23
num_leaves=15
num_cat=0
split_feature=28 27 29 30 2 14 15 7 17 14 33 10 0 3
split_gain=45.7989 83.988 60.8059 55.0289 46.537 25.5781 21.8565 38.2751 21.3415 19.25 17.4026 23.4599 20.3776 18.4092
threshold=-0.18436925113201139 -0.11969653144478797 -1.0000000180025095e-35 1.0000000180025095e-35 1.369687080383301 -14.194763660430906 6.6477222442626962 -0.24036506563425061 68.500000000000014 -7.0120837688446036 1.0545857548713686 0.041182344779372222 1.3104913830757143 0.42554387450218206
decision_type=2 2 2 2 2 2 2 2 2 2 8 2 2 2
left_child=10 2 5 4 -3 -2 7 -4 -7 -8 11 12 -1 -13
right_child=1 3 6 -5 -6 8 9 -9 -10 -11 -12 13 -14 -15
leaf_value=-0.0026705450747022291 -0.0027209457202953518 -0.0012760147614008189 -0.0023711587545739436 0.0019939491871349222 0.0031976358754865711 0.00060150661099282613 -0.0058569243491106513 0.0040563894269774609 0.0060851369558498278 -0.0027517139337591883 0.0014203656506219977 -0.00099804551949219636 0.001134119448501566 0.0012618614762331193
leaf_weight=444.04312881082296 115.41608927585185 1669.3173202835023 589.26002198457718 1384.8958996683359 265.85290902853012 242.94806130416691 343.28503598086536 101.60270197503269 111.22800312004983 815.38013218902051 2257.0582453515381 453.42980384081602 188.25395236164331 1579.8440161421895
leaf_count=3187 1638 22757 8705 18168 3347 3097 5171 1352 1506 10211 45953 3319 1351 11515
internal_value=0 -0.000566903 -0.00204277 0.000454165 -0.000630433 0.00112987 -0.00287144 -0.00133391 0.0025276 -0.00373875 0.00076581 0.000193945 -0.00147448 0.0007362
internal_weight=0 5639.19 2319.12 3320.07 1935.17 469.592 1849.53 690.863 354.176 1158.67 4922.63 2665.57 632.297 2033.27
internal_count=141277 75952 31680 44272 26104 6241 25439 10057 4603 15382 65325 19372 4538 14834
is_linear=0
shrinkage=0.0101079


Tree=24
num_leaves=15
num_cat=0
split_feature=22 32 30 29 2 2 20 14 16 14 16 17 6 23
split_gain=43.7967 34.6233 56.5378 38.21 32.0951 24.7068 22.7343 23.8812 17.7247 29.2519 27.6577 30.0428 20.0034 17.5338
threshold=-0.4037995040416717 1.0000000180025095e-35 1.0000000180025095e-35 -1.0000000180025095e-35 1.1953549981117251 0.76965805888175975 0.12572938948869708 -5.0567016601562491 0.14677932858467105 -7.1301894187927237 0.84072571992874157 54.500000000000007 -0.23524219542741773 0.58289080858230602
decision_type=2 2 2 2 2 2 2 2 2 2 2 2 2 2
left_child=1 2 8 -3 6 -5 -4 -8 -1 -10 11 -11 -13 -9
right_child=-2 3 4 5 -6 -7 7 13 9 10 -12 12 -14 -15
leaf_value=0.0016712370297681863 0.0005111862416220447 0.0015612648062466995 0.0037310336638013983 0.00091127822574420042 -0.0013343789700213488 -0.0040377795251831392 -0.0013256060212433877 0 -0.0033553516339197031 0.0026890989161252911 -0.0029765331307411544 0.00073587077274587013 -0.0046600491519807018 0.0055686394194567959
leaf_weight=146.92307381331921 6448.4181155748665 180.85737968981266 492.72010922059417 102.06464422307909 338.46420335955918 726.45098627917469 276.11796751990914 116.82111106440425 700.3319784887135 337.5054511167109 307.08773967064917 125.1668020952493 123.06399612314999 118.32791417837143
leaf_count=2362 86087 2457 6835 1526 4482 9775 3804 1169 9994 4219 3917 1612 1517 1451
internal_value=0 -0.000824633 -0.000275484 -0.00244721 0.00126279 -0.00337692 0.00218185 0.000577893 -0.00148575 -0.00180877 -0.000532503 0.000702398 -0.00184016 0.00295125
internal_weight=0 4091.9 3082.53 1009.37 1342.45 828.516 1003.99 511.267 1740.08 1593.16 892.824 585.736 248.231 235.149
internal_count=141207 55120 41362 13758 17741 11301 13259 6424 23621 21259 11265 7348 3129 2620
is_linear=0
shrinkage=0.0101079


Tree=25
num_leaves=15
num_cat=0
split_feature=28 3 16 0 7 13 33 13 21 33 11 0 16 17
split_gain=46.0416 48.0357 41.5047 35.7572 23.3625 26.9497 33.6436 25.6399 21.6693 21.4381 22.0378 35.5172 24.3623 21.2156
threshold=-0.22706275433301923 0.52089086174964916 0.15093142539262774 0.54242739081382763 -4.0693566799163809 0.038768175989389426 1.0013927817344668 0.018972828052937988 -4.8043103218078604 1.0545857548713686 0.029643096961081031 0.85366365313529979 0.14274949580430987 50.500000000000007
decision_type=2 2 2 2 2 2 8 2 2 8 2 2 2 2
left_child=9 2 -2 -4 8 6 7 13 -3 10 -1 -12 -13 -6
right_child=1 4 3 -5 5 -7 -8 -9 -10 -11 11 12 -14 -15
leaf_value=0.0016295375701984337 0.0037606461687457937 -0.0016701753735491017 -0.0025292369313486066 0.00047113632232009443 0.0019419783254449653 -0.0027581791451628639 -0.0018061200412950436 0.0038051494364019435 -0.0052167770418585589 0.0014173806859893627 -0.0036137601052265152 0.0031322971922861961 -0.00039498644996627242 -0.0019067656964173621
leaf_weight=664.17840549349785 305.53683975338936 577.07385543361306 503.04780870303512 1938.6479758881032 277.31463588774204 596.31058059073985 723.18747044168413 250.5110254585743 296.27891254797578 2175.247337276116 305.4448394626379 225.12201285362244 1385.1076811254025 292.98092812299728
leaf_count=4899 4595 8312 7118 25163 2077 7747 14473 1841 4129 44265 2315 1617 9909 2165
internal_value=0 -0.00066269 0.000291503 -0.000136433 -0.00154447 -0.000941971 -0.000204311 0.00116175 -0.00295408 0.000679498 3.93428e-05 -0.000495211 8.55723e-05 0
internal_weight=0 5760.89 2747.23 2441.7 3013.66 2140.3 1543.99 820.807 873.353 4755.1 2579.85 1915.67 1610.23 570.296
internal_count=140625 77620 36876 32281 40744 28303 20556 6083 12441 63005 18740 13841 11526 4242
is_linear=0
shrinkage=0.0101079


Tree=26
num_leaves=15
num_cat=0
split_feature=28 27 33 14 10 23 14 11 0 3 3 17 23 22
split_gain=46.8192 84.7321 29.3272 27.9184 23.596 20.7042 19.2977 19.0578 30.1468 16.268 30.6065 29.8151 14.9654 14.4322
threshold=-0.20576497167348859 -0.20576497167348859 1.0545857548713686 -19.880949020385739 0.036989502608776099 0.8840271830558778 -6.5402154922485343 0.033771678805351264 0.85366365313529979 0.60556471347808849 0.74111106991767894 26.500000000000004 0.78339338302612316 0.51008379459381115
decision_type=2 2 8 2 2 2 2 2 2 2 2 2 2 2
left_child=2 5 4 12 -1 -2 13 -6 -9 11 -11 -10 -3 -4
right_child=1 3 6 -5 7 -7 -8 8 9 10 -12 -13 -14 -15
leaf_value=-0.0018516921343110515 -0.0030024542760105832 0.0048076700345481282 -3.7299465234070543e-05 0 0.0020628606568959778 -0.00087925960399829698 0.0026903937736249138 -0.003485244239220774 -0.00039820784975179701 -0.0032315134014416474 0.0012139787010693806 0.0037197980903791164 0 0.0021159631093735551
leaf_weight=566.0143465846777 1362.4790096897632 195.37767319567502 845.54639961197972 3192.871508596465 551.08052319288254 823.49536060355604 900.06650063581765 223.32368175685406 348.65670493990183 268.00308881700039 349.51380050182343 329.40110788494349 117.93129848130047 470.12390041351318
leaf_count=4070 18663 2913 17471 42301 4078 11386 17735 1711 2439 1927 2534 2408 1518 9863
internal_value=0 -0.000666553 0.000683365 0.000297472 -2.26738e-05 -0.00222691 0.00153873 0.000462925 -9.84395e-05 0.000471275 -0.000666486 0.0015624 0.00313949 0.000709281
internal_weight=0 5692.15 4851.73 3506.18 2635.99 2185.97 2215.74 2069.98 1518.9 1295.57 617.517 678.058 313.309 1315.67
internal_count=141017 76781 64236 46732 19167 30049 45069 15097 11019 9308 4461 4847 4431 27334
is_linear=0
shrinkage=0.0101079


Tree=27
num_leaves=15
num_cat=0
split_feature=28 27 2 16 33 5 15 7 14 33 2 14 2 16
split_gain=38.9343 80.5999 24.9617 35.823 26.3886 23.7089 20.2354 54.8539 28.7432 18.4038 20.5763 19.3316 17.707 21.3284
threshold=-0.18436925113201139 -0.20576497167348859 1.4504799246788027 0.13028623908758166 0.99393379688262951 -3.8670452833175655 6.7873716354370126 -0.24036506563425061 -10.643760681152342 1.0545857548713686 0.6180417835712434 -7.5851504802703849 0.74769532680511486 0.14274949580430987
decision_type=2 2 2 2 10 2 2 2 2 8 2 2 2 2
left_child=9 6 3 5 -4 -3 7 -2 -8 10 -1 -11 -12 -14
right_child=1 2 4 -5 -6 -7 8 -9 -10 11 12 -13 13 -15
leaf_value=-0.0023086022826409106 -0.0019567764554818648 -0.00031849814316191029 0 -0.0003154905793946446 0.004927059225782732 0.005958626157485554 -0.0069540408955555723 0.0050812584535403762 -0.0022756794388907025 0.00036885591396852241 0.0029834218629361336 0.0022914361709376386 0.0028328009212283687 -0.00027892157409783531
leaf_weight=319.31517139822245 703.4157383274287 78.725163578987122 239.69260581210256 2767.8755811918527 226.01111429184675 155.64709503762424 161.38692766614258 125.15542888455093 1167.4382246956229 1181.3092496097088 235.37701793760061 1073.3310897424817 247.38000908493996 1857.1492239907384
leaf_count=2336 10138 1248 4378 36475 1597 2571 2451 1712 15360 24668 1725 21134 1791 13486
internal_value=0 -0.000594709 0.000349898 0 0.00250737 0.00373926 -0.00212772 -0.000808576 -0.00291064 0.000635678 4.94894e-05 0.00130665 0.000394997 7.65913e-05
internal_weight=0 5625.35 3467.95 3002.25 465.704 234.372 2157.4 828.571 1328.83 4913.86 2659.22 2254.64 2339.91 2104.53
internal_count=141070 75930 46269 40294 5975 3819 29661 11850 17811 65140 19338 45802 17002 15277
is_linear=0
shrinkage=0.0101079


Tree=28
num_leaves=15
num_cat=0
split_feature=28 27 29 30 16 16 33 13 11 3 29 11 2 0
split_gain=45.5184 74.72 64.2021 49.9642 51.0991 40.1105 29.6535 25.0178 24.2205 24.0402 21.5193 24.7577 33.1829 21.1963
threshold=-0.20576497167348859 -0.16288578510284421 -1.0000000180025095e-35 -0.56174489110708226 0.59233644604682933 0.15942772477865222 0.94700106978416454 -0.074488174170255647 0.035164752975106246 0.59836971759796154 0.6078576147556306 0.094267588108778014 1.0016534328460696 1.0300146937370303
decision_type=2 2 2 2 2 2 10 2 2 2 2 2 2 2
left_child=-1 2 8 4 5 -3 -7 -5 -2 -10 11 12 -9 -4
right_child=1 3 13 7 -6 6 -8 10 9 -11 -12 -13 -14 -15
leaf_value=0.00073061398897937481 0.0048341438959006687 0.0013333638165582368 -0.003518756298075808 0.0052454941588034416 0.00071600778389257623 -0.0016822863826959833 -0.0069032928613932468 0.0058593925385834553 0.00350274965810074 -0.0021105414344862287 0.00014998712822604824 -0.00056823099173750231 0.00043660546398529995 -0.00081702114709256547
leaf_weight=4839.9247815348208 130.14322311989963 137.28766868263483 1365.7156795971096 148.61775095947087 658.02420847304165 241.5220710709691 264.52763607352972 277.51550472155213 109.553356859833 221.71559249050915 1300.855527870357 185.22227682359517 224.81994386762381 439.27997821010649
leaf_count=64196 1677 2116 18999 2033 8342 5137 1989 3985 1284 3232 17361 2414 2378 6008
internal_value=0 -0.000601006 -0.0020251 0.000328337 -0.00121284 -0.0032332 -0.00455233 0.00128671 0.0012631 -9.76019e-05 0.000951608 0.00239172 0.0035547 -0.00288979
internal_weight=0 5704.8 2266.41 3438.39 1301.36 643.337 506.05 2137.03 461.412 331.269 1988.41 687.558 502.335 1805
internal_count=141151 76955 31200 45755 17584 9242 7126 28171 6193 4516 26138 8777 6363 25007
is_linear=0
shrinkage=0.0101079


Tree=29
num_leaves=15
num_cat=0
split_feature=28 27 29 30 3 14 14 15 15 14 29 33 13 14
split_gain=40.8296 84.1951 68.7722 50.2431 26.9126 32.1474 42.4485 35.4343 89.45 23.505 23.3696 22.9011 22.2846 21.8596
threshold=-0.16288578510284421 -0.20576497167348859 -1.0000000180025095e-35 1.0000000180025095e-35 0.67283475399017345 -20.661470413208004 -7.4560420513153067 8.3214159011840838 11.315594196319582 -3.1335861682891841 0.87837970256805431 0.9590476155281068 0.0041042696684598931 -14.194763660430906
decision_type=2 2 2 2 2 2 2 2 2 2 2 10 2 2
left_child=11 2 13 4 5 -3 10 -8 -9 -10 12 -1 -7 -2
right_child=1 3 -4 -5 -6 6 7 8 9 -11 -12 -13 -14 -15
leaf_value=0.0013766868423058496 -0.0023626061538868123 0.0035246088721708883 -0.0031318911101862641 0.0017661049531621275 0.002369937808047156 -0.0059060939328804667 -0.0051423006924763036 0.0071304929820284919 0.00083369613497257021 -0.0029230309312345939 -0.00060843076917935115 0 0 0.0026664017513666309
leaf_weight=2303.4083695076406 105.77115730382502 126.43696979060769 1683.6663635261357 1466.8687800690532 240.9494897890836 360.02101714536548 117.74898860603571 164.38028658553958 313.57113830372691 330.18480591848493 228.76467996276915 2700.6178975328803 86.903852261602879 324.34833521023393
leaf_count=46641 1508 1904 23314 19155 3153 5332 1585 1837 4382 3813 3381 19626 1251 4216
internal_value=0 -0.000619868 -0.00220593 0.000346872 -0.000692699 -0.00115162 -0.00156092 -0.000104314 0.000621342 -0.00104264 -0.00347416 0.000638046 -0.00481708 0.00131757
internal_weight=0 5549.62 2113.79 3435.83 1968.96 1728.01 1601.57 925.885 808.136 643.756 675.69 5004.03 446.925 430.119
internal_count=141098 74831 29038 45793 26638 23485 21581 11617 10032 8195 9964 66267 6583 5724
is_linear=0
shrinkage=0.0101079


Tree=30
num_leaves=15
num_cat=0
split_feature=13 23 15 29 23 3 3 15 14 5 2 31 5 11
split_gain=34.7216 35.4589 32.3231 28.2188 38.4088 29.7267 27.6523 28.7672 41.4184 23.1991 20.5615 19.4639 19.0719 17.372
threshold=-0.089315064251422868 1.5388599038124087 4.4432213306427011 -0.60785761475563038 0.51847976446151745 0.27358113229274755 0.57755327224731456 2.6537691354751591 -7.4560420513153067 -3.9477062225341792 1.341434180736542 1.0000000180025095e-35 1.789089620113373 0.026649106293916706
decision_type=2 2 2 2 2 2 2 2 2 2 2 2 2 2
left_child=2 3 -1 -2 5 -5 7 9 12 -6 -10 13 -9 -8
right_child=1 -3 -4 4 6 -7 11 8 10 -11 -12 -13 -14 -15
leaf_value=0.0057484803999107627 0.0041289094097838848 0.0014109809604887947 -0.00077309147383484295 0.0021964813991099904 0 -0.0029280850747707243 0 -0.00032008220865468176 0.0006664919551694654 0.0054352029007490024 0.0037409216483920435 0.00044419794976781048 -0.0026494239647793291 -0.0018990447496562823
leaf_weight=195.75551515072584 134.20419258438051 1391.2935039941221 106.8798105828464 118.24886519275606 137.31329886987805 872.97880840487778 747.06362277269363 1355.2647310644388 2035.2288555391133 189.63541853427887 253.95433127693832 816.10704571381211 509.70545382611454 1661.6816454194486
leaf_count=2457 1705 18265 1397 1846 2154 11411 10190 19305 25583 3155 3220 10248 7244 22718
internal_value=0 -7.90494e-05 0.00335241 -0.000319386 -0.000396239 -0.00226409 -0.000148722 0.000358402 0.000118397 0.00321456 0.00103649 -0.000865107 -0.000986533 -0.00132547
internal_weight=0 10222.7 302.635 8831.39 8697.18 991.228 7705.95 4481.1 4154.15 326.949 2289.18 3224.85 1864.97 2408.75
internal_count=140898 137044 3854 118779 117074 13257 103817 60661 55352 5309 28803 43156 26549 32908
is_linear=0
shrinkage=0.0101079


Tree=31
num_leaves=15
num_cat=0
split_feature=28 27 30 29 2 11 3 0 29 12 14 16 2 11
split_gain=40.9684 75.7762 59.3136 55.8609 48.6232 22.7772 22.2003 20.8863 28.4287 20.4059 19.9641 44.1607 31.1671 38.2371
threshold=-0.18436925113201139 -0.16288578510284421 1.0000000180025095e-35 -1.0000000180025095e-35 1.4504799246788027 0.03057995438575745 0.59836971759796154 0.97996082901954662 0.87837970256805431 0.077289018779993071 -7.4560420513153067 0.84072571992874157 0.50824126601219188 0.086204137653112425
decision_type=2 2 2 2 2 2 2 2 2 2 2 2 2 2
left_child=-1 3 4 5 10 -2 -7 -5 -9 -6 12 -12 -3 -14
right_child=1 2 -4 7 9 6 -8 8 -10 -11 11 -13 13 -15
leaf_value=0.00070779750559445587 0.0047762013743358894 0.0009213314764416658 0.0019557941882898501 -0.0035082429087590185 0.0060278683178676198 0.0033091471535925889 -0.0020541648285466695 -0.0028429328276959828 0.0020233859622906542 0 0.0012879230174936928 -0.0032403980328624482 -0.0052242011271492273 0.00022228708226432143
leaf_weight=4933.6785281710327 117.50892969965935 181.61146254278719 1430.3236512057483 1279.1245905794203 129.01325970515609 109.29035585559905 228.79587478935719 305.00816958770156 186.33547605201602 109.78902598656714 600.27064781822264 334.19273824431002 433.39096262864769 167.08448541164398
leaf_count=65307 1502 2940 18741 17793 1535 1257 3284 4223 2548 1472 7693 4113 6306 2424
internal_value=0 -0.000553503 0.000389092 -0.00200168 -0.000739454 0.00107712 -0.000168488 -0.00281795 -0.000913562 0.0034187 -0.00135399 -0.000301688 -0.00254496 -0.00365833
internal_weight=0 5611.74 3385.68 2226.06 1955.35 455.595 338.086 1770.47 491.344 238.802 1716.55 934.463 782.087 600.475
internal_count=141138 75831 45224 30607 26483 6043 4541 24564 6771 3007 23476 11806 11670 8730
is_linear=0
shrinkage=0.0101079


Tree=32
num_leaves=15
num_cat=0
split_feature=22 27 30 29 0 13 21 13 13 29 13 13 21 22
split_gain=35.8904 59.8559 49.647 41.3746 19.4861 19.1176 28.5768 23.1468 20.5328 18.9645 19.4746 24.5532 18.7268 16.4866
threshold=-0.38260610401630396 -0.39271505177021021 1.0000000180025095e-35 -1.0000000180025095e-35 0.57495349645614635 0.015139502938836815 -8.691225051879881 0.032603044062852866 0.076250329613685622 0.87837970256805431 -0.0029447308043017979 -0.022573204711079594 1.5816805362701418 -0.89157262444496144
decision_type=2 2 2 2 2 2 2 2 2 2 2 2 2 2
left_child=1 3 5 -1 -5 6 -3 -7 -9 12 11 -11 -8 -4
right_child=-2 2 13 4 -6 7 9 8 -10 10 -12 -13 -14 -15
leaf_value=0.0012525592716987879 0.00053883349831161133 0.0030413970409797794 -0.00018173553482883102 -0.0063019506241933972 -0.0025426796278537746 0.0030968776262431429 -0.0045213788478276565 -0.0020970260440373134 0.0026052470381214042 -0.0014977962189129839 -0.0036899134641476482 0.005148554992660496 0 0.002329283334417287
leaf_weight=231.46015413850546 6284.3702775072306 94.67958415299654 331.33086400479078 196.22243521362543 871.69837782345712 202.84560859948397 451.51786147430539 370.99802115373313 113.52409147284925 111.87201149761677 110.40531122684479 92.471659293398261 139.48086822219193 933.60446141287684
leaf_count=3150 83762 1311 4501 2738 11890 2536 6522 4530 1759 1615 1424 1279 1854 12175
internal_value=0 -0.000661978 0.000121846 -0.00246444 -0.00331089 -0.000996269 -0.00188785 0.000249597 -0.000889673 -0.00246857 -0.000307558 0.00139591 -0.00353321 0.00164259
internal_weight=0 4252.11 2952.73 1299.38 1067.92 1687.8 1000.43 687.368 484.522 905.748 314.749 204.344 590.999 1264.94
internal_count=141046 57284 39506 17778 14628 22830 14005 8825 6289 12694 4318 2894 8376 16676
is_linear=0
shrinkage=0.0101079


Tree=33
num_leaves=15
num_cat=0
split_feature=22 3 30 15 14 13 18 2 29 14 12 6 15 15
split_gain=38.579 37.8535 42.4609 38.1893 38.6275 32.4294 28.1111 21.3902 21.0402 25.97 21.4608 18.6658 24.0731 19.8823
threshold=0.25271017849445349 0.55175331234931957 1.0000000180025095e-35 3.2421139478683476 -7.5216050148010245 -0.0033969398355111475 90.500000000000014 0.83266264200210582 -1.0000000180025095e-35 -14.062976837158201 0.0057945447042584428 2.2490634918212895 22.135215759277347 8.8951816558837908
decision_type=2 2 2 2 2 2 2 2 2 2 2 2 2 2
left_child=1 2 3 -1 -5 -6 -4 -3 9 -9 -11 13 -13 -7
right_child=-2 7 6 4 5 11 -8 8 -10 10 -12 12 -14 -15
leaf_value=0.0032299137943676867 0.0010659382256420367 0.00065253086641688779 0.00086456657768759523 -0.0024345812267227559 0.0050381088366019877 -0.0030602407193949049 0.0042511106359143999 -0.0038955779074700998 -0.0018875580869289093 0.0044788886029460545 -5.4113444203556264e-05 -0.0030357626517745124 0.0013489809517673317 0.0015622455265461299
leaf_weight=239.25885422714055 2722.6251125186682 547.80176396854222 1441.7426100280136 994.85001740418375 119.408900314942 102.00594282522798 312.85046641156077 109.79164201393723 2353.7945411466062 146.74315671436489 290.82469154335558 399.92985609918833 166.30725609511137 574.03102160617709
leaf_count=3729 36494 7229 19382 14135 1684 1045 4062 1668 31434 2030 3676 4527 2203 7490
internal_value=0 -0.000329531 0.000290019 -0.000519155 -0.000926127 0.000153806 0.00150718 -0.00112164 -0.0014714 0.000246578 0.00142583 -0.000311176 -0.00167655 0.000779152
internal_weight=0 7799.34 4350.38 2595.79 2356.53 1361.68 1754.59 3448.96 2901.15 547.359 437.568 1242.27 566.237 676.037
internal_count=140788 104294 58257 34813 31084 16949 23444 46037 38808 7374 5706 15265 6730 8535
is_linear=0
shrinkage=0.0101079


Tree=34
num_leaves=15
num_cat=0
split_feature=28 27 30 29 2 33 11 23 0 29 33 13 15 33
split_gain=36.9907 70.3341 55.2892 53.4071 44.1287 34.759 24.3712 19.9166 18.5145 24.7018 17.9379 17.7779 16.4366 15.9227
threshold=-0.18436925113201139 -0.20576497167348859 1.0000000180025095e-35 -1.0000000180025095e-35 1.2118335962295534 0.99611112475395214 0.038374215364456184 0.39684779942035681 1.0300146937370303 0.87837970256805431 0.90112781524658214 0.015948743559420112 6.087400197982789 0.9590476155281068
decision_type=2 2 2 2 2 10 2 2 2 2 10 2 2 10
left_child=13 3 4 6 -3 -6 -2 -4 -5 -10 -9 12 -12 -1
right_child=1 2 7 8 5 -7 -8 10 9 -11 11 -13 -14 -15
leaf_value=0.0012708488398686627 0.004610689916926927 -0.0014935839766935411 -0.0017805221039459333 -0.0034104062324190969 -0.00077737665037127396 0.0051920283365856704 -0.00039192806672889497 0.00087340067856057685 -0.0028091538992789438 0.0021115361955802501 0.0024932761722606844 0.0010366783056388049 0.0069648626744570549 9.9947934555441793e-05
leaf_weight=2269.6467474289238 131.78642880730331 1616.0718713849783 125.99139065481722 1289.0043241139501 172.61608649417758 195.45840589702129 303.20580681040883 650.54606330581009 250.01195895858109 160.33731361478567 245.78874883055687 269.04171715676785 187.02821048349142 2652.6794930249453
leaf_count=45869 1689 22222 1454 18060 3278 1382 4124 12894 3419 2192 1727 1899 1356 19269
internal_value=0 -0.000551086 0.000328825 -0.00199356 -0.000758521 0.00232584 0.00108555 0.0018118 -0.00280679 -0.000786135 0.00218436 0.00331992 0.00460469 0.000649188
internal_weight=0 5596.89 3462.54 2134.35 1984.15 368.074 434.992 1478.4 1699.35 410.349 1352.4 701.859 432.817 4922.33
internal_count=140834 75696 46212 29484 26882 4660 5813 19330 23671 5611 17876 4982 3083 65138
is_linear=0
shrinkage=0.0101079


Tree=35
num_leaves=15
num_cat=0
split_feature=28 27 30 16 11 13 18 23 8 15 3 5 22 14
split_gain=44.1107 78.6627 50.7636 40.023 33.4862 29.7001 22.4696 21.8368 19.72 16.847 18.1551 20.8549 15.2562 22.3033
threshold=-0.20576497167348859 -0.11969653144478797 -0.56174489110708226 0.59233644604682933 0.049559516832232482 -0.074488174170255647 75.500000000000014 0.4164456725120545 0.87823471426963817 10.844655036926271 0.26747262477874761 4.128364324569703 0.67729565501213085 -7.1301894187927237
decision_type=2 2 2 2 2 2 2 2 2 2 2 2 2 2
left_child=12 8 3 4 -3 -4 -6 -7 -2 -5 -11 -12 13 -1
right_child=1 2 5 9 6 7 -8 -9 -10 10 11 -13 -14 -15
leaf_value=-0.0004694810685900599 -0.0026203889907840073 -0.0052381025037957357 0.0057164521000773036 0.0039553459412792783 0.0010759801655377558 -0.0024059038733012655 -0.0046266773095433832 0.0013334199116138 -0.00046047335969393255 0.0030284364126291932 -0.0027822026183806883 0.0019738573763488031 0.0015905527735401448 0.00114874252684357
leaf_weight=1723.2938084080815 1672.1341831311584 322.23853329196572 144.91276174411178 113.73554424382746 229.74681952223182 161.40737237595022 90.294802833348513 1763.9342392031103 652.10472038388252 124.07303440757096 287.67265389487147 122.08175994828343 1421.2646527774632 1702.8132046740502
leaf_count=24046 22927 4694 1982 1348 3291 1850 1256 23498 9130 1793 3640 1438 19107 21011
internal_value=0 -0.000606043 0.000372909 -0.00118015 -0.0029628 0.00136079 -0.000479635 0.000990727 -0.00203525 0.00054007 -0.00015828 -0.00125798 0.00070545 0.000323765
internal_weight=0 5684.34 3360.1 1289.84 642.28 2070.25 320.042 1925.34 2324.24 647.563 533.827 409.754 4847.37 3426.11
internal_count=141011 76847 44790 17460 9241 27330 4547 25348 32057 8219 6871 5078 64164 45057
is_linear=0
shrinkage=0.0101079


Tree=36
num_leaves=15
num_cat=0
split_feature=0 27 27 30 30 4 11 15 3 13 18 14 16 7
split_gain=36.5639 31.9045 28.5149 41.1441 30.9305 32.2871 27.7455 31.1691 21.6684 25.8537 42.2979 24.7547 27.2373 22.2002
threshold=0.55220460891723644 -0.49049438536167139 -0.71473535895347584 1.0000000180025095e-35 1.0000000180025095e-35 -2.4436326026916499 0.061235710978508003 21.186862945556644 0.23050125688314441 0.070356842130422606 86.500000000000014 -17.693929672241207 0.57182708382606517 0.73823609948158275
decision_type=2 2 2 2 2 2 2 2 2 2 2 2 2 2
left_child=1 -1 3 6 5 -4 -2 -8 -7 11 -11 -10 -13 -14
right_child=2 -3 4 -5 -6 8 7 -9 9 10 -12 12 13 -15
leaf_value=-0.0064339527167868943 0.0017653551723337004 -0.00099415440973996344 0.002482357576772746 -0.0022489043550780285 0.001396652067810379 -0.0033221443725610072 -0.0019838124370544609 0.0026443509102287662 0.0023684797844976623 0.0071877583970725812 -0.00088135254673570257 -0.0018556842207669534 0.0025682418925671137 -0.00038485974847339978
leaf_weight=125.42246264778078 753.31418048962951 877.49008387513459 475.3356823399663 991.86527085490525 2902.5105384495109 220.22196677513421 636.30408441834152 180.34039610438049 296.6075202897191 118.51463727094233 120.84658387303352 1136.0376139208674 310.80281139537692 1369.7307515963912
leaf_count=1786 10639 12548 6435 13575 37949 3753 8084 2420 4441 1511 1402 15932 3642 16680
internal_value=0 -0.00175798 0.000262716 -0.000639948 0.000601574 1.99565e-05 0.000356847 -0.000897616 -0.000300934 -8.33288e-05 0.00304858 -0.000343974 -0.000649586 0.000146448
internal_weight=0 1002.91 9512.43 2561.82 6950.61 4048.1 1569.96 816.644 3572.76 3352.54 239.361 3113.18 2816.57 1680.53
internal_count=140797 14334 126463 34718 91745 53796 21143 10504 47361 43608 2913 40695 36254 20322
is_linear=0
shrinkage=0.0101079


Tree=37
num_leaves=15
num_cat=0
split_feature=28 3 30 21 11 0 13 33 12 2 33 11 0 11
split_gain=34.454 35.9015 43.7713 35.4099 25.2373 22.0416 20.5565 20.7973 28.9435 21.7497 19.3041 18.3641 28.489 23.5083
threshold=-0.18436925113201139 0.52089086174964916 1.0000000180025095e-35 -9.7310032844543439 0.014984348323196174 0.56182664632797252 0.050817649811506278 1.0013927817344668 0.0025420993333682422 0.48084504902362829 0.99472221732139599 0.036985101178288467 0.82560044527053844 0.14017321169376376
decision_type=2 2 2 2 2 2 2 8 2 2 10 2 2 2
left_child=10 2 3 -2 -3 -5 7 8 -7 -9 -1 -12 -13 -14
right_child=1 4 -4 5 -6 6 -8 9 -10 -11 11 12 13 -15
leaf_value=0.0013093903114374261 0.0048177659826671012 0.00074581207324146139 0.0018226375082713575 -0.0033764817414892552 -0.001713882275635392 0 0.0017233033809799358 0.0047723320640620124 -0.0050484702365600305 -0.00086675190615700254 0.0012770136499356034 -0.003814085634862231 -0.00053803261613490625 0.003039364131436224
leaf_weight=2338.9544475059956 97.99189823307097 486.4689017701894 1142.9652210399508 354.20327214710414 2434.8816506080329 196.45118673145771 302.49175975844264 82.904250523075461 244.23536886274815 279.16079520992935 829.31026770919561 227.73344521969557 1330.9852623566985 210.43998167663813
leaf_count=46433 1275 6656 14988 5258 33006 1466 3921 1732 1817 5833 6101 1757 9506 1539
internal_value=0 -0.000511664 0.000316216 -0.00076693 -0.00128959 -0.00119262 -0.000438001 -0.00131096 -0.00277898 0.000386787 0.000644333 2.80743e-05 -0.000537556 -1.09227e-05
internal_weight=0 5621.75 2700.4 1557.44 2921.35 1459.45 1105.24 802.752 440.687 362.065 4937.42 2598.47 1769.16 1541.43
internal_count=141288 75952 36290 21302 39662 20027 14769 10848 3283 7565 65336 18903 12802 11045
is_linear=0
shrinkage=0.0101079


Tree=38
num_leaves=15
num_cat=0
split_feature=28 27 29 30 21 6 13 11 33 11 3 33 6 3
split_gain=40.2444 73.5317 51.7935 41.4971 42.1622 50.5596 27.5874 26.9491 22.3773 21.953 21.9119 21.733 21.9655 23.9943
threshold=-0.22706275433301923 -0.20576497167348859 -1.0000000180025095e-35 -0.56174489110708226 0.86685040593147289 -6.6723196506500235 -0.074488174170255647 0.035164752975106246 0.94700106978416454 0.0084300548769533652 0.59836971759796154 1.0545857548713686 -3.570664525032043 0.65910112857818615
decision_type=2 2 2 2 2 2 2 2 10 2 2 8 2 2
left_child=11 2 7 4 5 -3 -5 -2 -7 -8 -9 12 13 -1
right_child=1 3 -4 6 -6 8 9 10 -10 -11 -12 -13 -14 -15
leaf_value=0.0038714696651547136 0.0047659662087451704 0.0034912029902242404 -0.002805942355157705 0.0051808482756439461 0.00060991064469525234 -0.0017292453578190976 0.0042108887157345917 0.0030174291932860602 -0.0061615993322755259 0.00048334786704993995 -0.0024007788909242342 0.0014297100641578527 -0.00044860226403476734 -4.9844300950885441e-05
leaf_weight=279.22417044639587 128.44114017114043 93.595102017745376 1746.5063401311636 159.31282662041485 694.01634475961328 262.65089449472725 174.8979928959161 103.93569332920015 281.49763593822718 1898.0600525848567 219.26677428744733 2201.6045944355428 1984.5922837406397 314.05048670619726
leaf_count=2093 1651 1200 24474 2156 9018 5659 2310 1187 2117 24984 3191 44509 14354 2253
internal_value=0 -0.000560239 -0.00201338 0.000327047 -0.00106544 -0.00293702 0.00117668 0.00095898 -0.00414909 0.000831604 -0.000506559 0.000693295 4.63389e-05 0.00175406
internal_weight=0 5762.18 2198.15 3564.03 1331.76 637.744 2232.27 451.644 544.149 2072.96 323.202 4779.47 2577.87 593.275
internal_count=141156 77947 30503 47444 17994 8976 29450 6029 7776 27294 4378 63209 18700 4346
is_linear=0
shrinkage=0.0101079


Tree=39
num_leaves=15
num_cat=0
split_feature=13 22 27 0 30 30 11 15 16 33 18 15 4 12
split_gain=37.3612 42.195 45.5831 50.5265 39.1385 35.6906 35.2872 32.2255 29.2271 27.945 28.6831 23.6336 23.5066 24.5457
threshold=-0.089315064251422868 0.60867562890052807 -0.49049438536167139 0.56182664632797252 1.0000000180025095e-35 1.0000000180025095e-35 0.063500594347715392 20.783658027648929 0.57182708382606517 1.0013927817344668 80.500000000000014 4.2492299079895028 -2.3334724903106685 -0.014624391216784714
decision_type=2 2 2 2 2 2 2 2 2 8 2 2 2 2
left_child=11 2 3 -2 8 6 -5 -8 12 -7 -11 -1 -4 -14
right_child=1 -3 4 5 -6 9 7 -9 -10 10 -12 -13 13 -15
leaf_value=0.0054650717986322924 -0.0074817622024741254 0.0012416756688193192 0.0016757983925558453 0.0013776514487404818 0.00096682121485134481 -0.0044204508147728926 -0.0031210648769404866 0.0018769389028663076 0.00013483661416920399 -0.0021425721102373775 0.004205502218270157 0 -0.00065465774032943025 -0.0034305185863320641
leaf_weight=193.74414497613907 137.22224138490856 1804.190945578739 168.29303465783596 698.48238710127771 2538.7537239212543 489.94019071757793 506.07841307297349 160.74433537013829 1925.7269767560065 325.49290828220546 83.138952141627669 112.14135220460594 665.66363197565079 731.34108261577785
leaf_count=2420 1983 24035 2510 9935 33227 3687 6502 2210 24138 6824 1918 1456 9786 10549
internal_value=0 -0.000152062 -0.000455972 -0.00163147 6.88416e-06 -0.00123509 -0.000170084 -0.00184859 -0.000680215 -0.00279352 -0.000700293 0.00338855 -0.00170448 -0.00214742
internal_weight=0 10235.1 8430.88 2401.1 6029.78 2263.88 1365.31 666.823 3491.02 898.572 408.632 305.885 1565.3 1397
internal_count=141180 137304 113269 33059 80210 31076 18647 8712 46983 12429 8742 3876 22845 20335
is_linear=0
shrinkage=0.0101079


Tree=40
num_leaves=15
num_cat=0
split_feature=13 15 0 27 0 27 2 30 2 33 18 14 33 30
split_gain=40.9248 38.0951 34.9537 37.7937 25.5 33.8353 34.8231 24.4663 30.2458 34.3207 25.4757 22.691 22.6878 23.02
threshold=-0.089315064251422868 4.2492299079895028 0.54242739081382763 -0.49049438536167139 1.7569066286087038 -0.61734244227409352 0.76103883981704723 1.0000000180025095e-35 1.4297332763671877 1.0545857548713686 90.500000000000014 -7.0120837688446036 0.99393379688262951 -0.56174489110708226
decision_type=2 2 2 2 2 2 2 2 2 8 2 2 10 2
left_child=1 -1 3 -2 5 6 -4 8 12 -10 -9 -5 -7 -14
right_child=2 -3 4 11 -6 7 -8 10 9 -11 -12 -13 13 -15
leaf_value=0.0062322794652473054 -0.0077256120009180354 -0.00077222012711441015 0.0023995102902174474 -0.0028348142315235405 0.0018064001226919275 0.00023227859822729673 -0.0015939340191022393 0.00054082467398121391 0.004273177551965838 -0.00053804574296835352 0.0032486977249477781 0.00051821129753003314 -0.0024181327260721186 2.4544509277320079e-06
leaf_weight=193.49387519806623 100.82807871326804 113.01136769540608 235.67647139914334 410.06749505735934 761.21512656472623 1410.1566859893501 2071.0033277235925 2246.1570547893643 286.13467206060886 283.09863989986479 430.65404426120222 370.30245856754482 1019.0394456014037 604.66161382198334
leaf_count=2398 1476 1471 3091 6305 10527 28384 28143 29213 2027 5659 5441 4899 7575 4445
internal_value=0 0.00356472 -0.000138216 -0.00205458 3.96358e-05 -0.000113744 -0.00116185 0.00026574 -0.000269174 0.00183473 0.000999561 -0.00120273 -0.000680853 -0.00149609
internal_weight=0 306.505 10229 881.198 9347.8 8586.58 2306.68 6279.9 3603.09 569.233 2676.81 780.37 3033.86 1623.7
internal_count=141054 3869 137185 12680 124505 113978 31234 82744 48090 7686 34654 11204 40404 12020
is_linear=0
shrinkage=0.0101079


Tree=41
num_leaves=15
num_cat=0
split_feature=0 27 28 27 30 30 28 16 0 20 15 14 2 13
split_gain=36.4785 38.1878 25.9723 24.5233 41.1302 30.9464 26.1461 23.9782 47.0868 25.816 20.4824 40.562 19.5234 19.2483
threshold=0.56182664632797252 -0.47136868536472315 0.74455857276916515 -0.71473535895347584 1.0000000180025095e-35 -0.56174489110708226 0.47136868536472326 0.59613484144210827 0.94049274921417247 -0.15887625515460965 6.2896611690521249 -7.0697307586669913 1.6593780517578127 -0.089315064251422868
decision_type=2 2 2 2 2 2 2 2 2 2 2 2 2 2
left_child=1 -1 -3 4 6 7 12 8 9 -5 -4 -12 -2 -7
right_child=3 2 10 5 -6 13 -8 -9 -10 -11 11 -13 -14 -15
leaf_value=-0.0063486181890185234 0.0021466558906673892 0.0019440587337055757 0.0004874505809022864 -0.00085319727576205694 -0.002226318649465011 0.0053739679156139001 -0.0025522313073700854 0.00060748248557956235 0.00086106771616860551 -0.0048396238747330034 -0.0069135904277357486 -0.00066419192492541735 -0.00026608948273636597 0.00095413635592961192
leaf_weight=151.19402189739048 691.55246678739786 229.33909803815186 224.56170430406928 351.37056292407215 983.65178396366537 100.65504067391157 244.00866579823196 1362.9788062851876 551.06838194280863 374.94454767368734 170.86422150395811 308.19790289737284 617.70998550765216 4182.1773383952677
leaf_count=2186 9190 3701 3323 5376 13458 1421 3361 16844 7693 5119 2503 3903 8411 54699
internal_value=0 -0.00172037 -0.000881842 0.000230288 -0.000611167 0.000544806 0.000391612 -0.000303486 -0.00130485 -0.00299521 -0.00187083 -0.0030498 0.000982625 0.00107683
internal_weight=0 1084.16 932.963 9460.12 2536.92 6923.19 1553.27 2640.36 1277.38 726.315 703.624 479.062 1309.26 4282.83
internal_count=141188 15616 13430 125572 34420 91152 20962 35032 18188 10495 9729 6406 17601 56120
is_linear=0
shrinkage=0.0101079


Tree=42
num_leaves=15
num_cat=0
split_feature=13 22 27 28 30 29 13 16 15 13 20 30 2 28
split_gain=34.6427 39.4657 50.0234 46.4373 41.8384 34.1485 29.9981 41.6551 41.4082 35.0246 30.7943 27.6297 27.9114 27.0953
threshold=-0.089315064251422868 0.25271017849445349 -0.47136868536472315 0.41268247365951544 1.0000000180025095e-35 -1.0000000180025095e-35 0.01304474286735058 0.65978226065635692 11.496576786041262 -0.0012161494814790783 -0.31817407906055445 1.0000000180025095e-35 1.6593780517578127 0.86046862602233898
decision_type=2 2 2 2 2 2 2 2 2 2 2 2 2 2
left_child=-1 2 3 11 6 -5 7 -4 10 -9 -8 12 -2 -10
right_child=1 -3 4 5 -6 -7 8 9 13 -11 -12 -13 -14 -15
leaf_value=0.0033197913818489109 0.0021596157043757063 0.00098195909266221158 -0.0022718325444848692 0.00024870727315899361 0.0011128002577623889 -0.0050403359374985779 0.00085352495249123187 0.0061354510006729054 0.0002780035544272749 -0.00081730154639746784 0.0077108384537182047 -0.0023596505248434751 -0.0015358837783945682 -0.0035335094061691203
leaf_weight=310.93320550210774 459.21616376750171 2685.5945807155222 1459.6091058366001 141.33636377193034 2271.5055642072111 550.02671364508569 191.05791042372584 111.06711750850081 888.20006790198386 171.55544292554259 113.02837541699409 576.34572310745716 360.87612111121416 230.0941751357168
leaf_count=3924 6206 36045 20853 1874 29514 7794 2411 1434 11241 2090 1345 8038 4990 3033
internal_value=0 -6.35814e-05 -0.000442772 -0.00177028 6.13989e-05 -0.00391024 -0.000681374 -0.00157241 0.000384274 0.001865 0.00365869 -0.00066646 0.000485341 -0.000488901
internal_weight=0 10209.5 7523.92 2087.8 5436.12 691.363 3164.61 1742.23 1422.38 282.623 304.086 1396.44 820.092 1118.29
internal_count=140792 136868 100823 28902 71921 9668 42407 24377 18030 3524 3756 19234 11196 14274
is_linear=0
shrinkage=0.0101079


Tree=43
num_leaves=15
num_cat=0
split_feature=13 1 13 27 3 30 2 3 15 29 28 16 15 2
split_gain=38.0904 35.1612 39.34 34.4482 26.6555 27.373 31.6681 27.6821 25.4965 24.6657 23.1147 22.2623 23.7548 20.8668
threshold=-0.089315064251422868 1.35346394777298 -0.018358848989009854 -0.49049438536167139 0.73412626981735241 -0.56174489110708226 0.60865783691406261 0.33578196167945867 4.4432213306427011 -1.0000000180025095e-35 -0.3317298144102096 0.18033853173255923 8.6769542694091815 0.83266264200210582
decision_type=2 2 2 2 2 2 2 2 2 2 2 2 2 2
left_child=8 2 3 9 5 6 -5 10 -1 -2 -7 -9 -13 -4
right_child=1 -3 13 4 -6 7 -8 11 -10 -11 -12 12 -14 -15
leaf_value=0.0055006331478896124 0.00057619169844675962 0.0010695133913421794 0.00074274410829351092 -0.0070685966336772703 0.0035760206664184968 -0.0012406652114587261 -0.0013539142412371549 0.0012625909009432172 -0.00019296761918409467 -0.0045279277007795058 0.0044578851259124055 -0.0037675687838136839 0.0014638603196451389 -0.00047718844651030499
leaf_weight=202.21754543296993 100.5207686200738 2014.5395863652229 2391.7656716369092 137.51520374976099 122.11353385448456 94.861836109310389 415.98137468285859 219.92847010865808 107.95537173002958 504.91807648539543 194.01616297848523 354.29292913898826 99.98698784597218 3543.5471104625612
leaf_count=2508 1503 26671 31335 2059 1692 1274 6195 3391 1396 7375 2772 4547 1332 46777
internal_value=0 -0.000118578 -0.000416868 -0.00155455 -0.000754413 -0.00114583 -0.00292272 -6.79499e-05 0.00343451 -0.00361781 0.00246624 -0.00122862 -0.00252329 7.91837e-06
internal_weight=0 10194 8179.45 2244.14 1638.7 1516.58 553.497 963.086 310.173 605.439 288.878 674.208 454.28 5935.31
internal_count=140827 136923 110252 32140 23262 21570 8254 13316 3904 8878 4046 9270 5879 78112
is_linear=0
shrinkage=0.0101079


Tree=44
num_leaves=15
num_cat=0
split_feature=0 2 13 30 22 29 14 7 15 5 3 3 13 3
split_gain=35.3873 25.6668 23.2877 21.886 21.663 24.2242 24.8533 21.6159 28.5905 20.0122 25.4116 22.896 23.3668 20.7632
threshold=0.55220460891723644 0.59497067332267772 -0.089315064251422868 1.0000000180025095e-35 0.60867562890052807 -0.60785761475563038 -7.3916492462158194 0.99246519804000866 8.7495045661926287 1.2014647126197817 0.59377011656761181 0.83000820875167858 -0.021492871455848214 0.23050125688314441
decision_type=2 2 2 2 2 2 2 2 2 2 2 2 2 2
left_child=1 3 -2 -1 5 -4 9 8 -8 10 13 -12 -13 -7
right_child=2 -3 4 -5 -6 6 7 -9 -10 -11 11 12 -14 -15
leaf_value=-0.0014388197279365388 0.0032033489170107047 -0.0028307815093342207 0.0044791988651656459 0.0038793787780778142 0.001131865335711045 -0.0034023523385725007 -0.00014894030274544009 5.4481206878618422e-06 0.0037680781843598943 -0.0021262502313735073 -0.0026451050754482805 -0.0030906907683737289 0.0015954433870915439 0.00091124574863455786
leaf_weight=187.62753603421152 255.70522672496736 696.39679355174303 108.26987458951771 120.60720417462289 1817.4108929727226 114.08702818863094 325.47806949913502 3117.6597635596991 393.11131605878472 863.39717081002891 678.37390168942511 146.42421935684979 355.10396519489586 1357.271076861769
leaf_count=2784 3197 10036 1333 1655 24082 1808 4060 38673 4807 12257 9731 2001 5152 19549
internal_value=0 -0.00175488 0.000231867 0.000557347 0.000143031 -9.33835e-05 -0.000170812 0.000384363 0.00195522 -0.000787803 -0.000331847 -0.00144162 0.000121937 0.000533561
internal_weight=0 1004.63 9532.29 308.235 9276.59 7459.18 7350.91 3836.25 718.589 3514.66 2651.26 1179.9 501.528 1471.36
internal_count=141125 14475 126650 4439 123453 99371 98038 47540 8867 50498 38241 16884 7153 21357
is_linear=0
shrinkage=0.0101079


Tree=45
num_leaves=15
num_cat=0
split_feature=1 13 14 0 15 28 20 30 2 0 16 21 10 13
split_gain=29.9083 36.3215 40.5956 30.9418 27.8787 23.8525 22.3071 23.473 21.4475 30.3701 27.3522 19.2177 30.1567 17.9921
threshold=1.4543463587760928 -0.089315064251422868 -7.3916492462158194 0.52101463079452526 4.3778991699218759 0.9015902876853944 -2.6726353168487544 1.0000000180025095e-35 1.6593780517578127 1.0180556178092959 0.12614586204290393 4.7977988719940194 0.11632669344544412 -0.018915127031505104
decision_type=2 2 2 2 2 2 2 2 2 2 2 2 2 2
left_child=1 4 3 -3 -1 8 -7 -8 10 -10 -5 12 -4 -12
right_child=-2 2 11 5 -6 6 7 -9 9 -11 13 -13 -14 -15
leaf_value=0.0057283638425601295 0.0013039356063272427 -0.0038056567261405242 0.00045685708062830673 0.0021286401491588157 -0.00052149878806464491 0.0058056566958381841 -0.0028616874540678969 0.0027970645296594822 -0.0049047172204959161 -0.00061325588313695955 -0.0018927514739550675 -0.00029076119153059326 0.0034869397996832824 -7.3787847026829308e-05
leaf_weight=177.78725407831371 1703.8982734121382 365.39466282911599 1896.5728705655783 326.3400503937155 100.05584650300443 90.636375600472093 130.33220380544662 154.64151020906866 310.62527571432292 417.50334204919636 1078.7163093425333 2131.821137541905 414.31186196394265 1238.4894890151918
leaf_count=2243 22629 5663 23124 5416 1321 1283 1971 2204 4588 5681 15003 27255 5030 17713
internal_value=0 -0.000154313 -0.000276801 -0.00100233 0.00338205 -0.000711018 0.00164281 6.35e-05 -0.000988341 -0.00253096 -0.00054211 0.000386302 0.00102727 -0.000941414
internal_weight=0 8833.23 8555.39 4112.68 277.843 3747.28 375.61 284.974 3371.67 728.129 2643.55 4442.71 2310.88 2317.21
internal_count=141124 118495 114931 59522 3564 53859 5458 4175 48401 10269 38132 55409 28154 32716
is_linear=0
shrinkage=0.0101079


Tree=46
num_leaves=15
num_cat=0
split_feature=23 0 3 16 14 29 5 12 15 11 23 14 33 33
split_gain=28.716 23.7896 29.791 28.9657 34.5736 33.4784 29.7762 40.6108 23.5816 23.3657 23.6237 19.6946 17.9024 15.8965
threshold=2.1015208959579472 0.53188318014144909 0.5729874074459077 0.1677515730261803 -10.076424598693846 0.6078576147556306 -4.0257663726806632 -0.043224057182669633 3.5509518384933476 0.036985101178288467 1.0866406559944155 -7.0697307586669913 0.89692735671997081 1.0013927817344668
decision_type=2 2 2 2 2 2 2 2 2 2 2 2 10 8
left_child=1 8 3 6 5 12 -3 -8 -1 -4 -11 -10 -5 -12
right_child=-2 2 9 4 -6 -7 7 -9 11 10 13 -13 -14 -15
leaf_value=0.0024266133107408452 0.0023596917918735213 -0.00034286091022873159 0.0002446983382683375 -0.00071877977778010953 0.0007857850834463708 0.0011059131735526001 0.0078314620795899483 0.0012081066362706855 -0.0041182726707099009 -0.0021609751691349321 -0.0013181373236460017 -0.00068330962389523398 -0.00385016576412255 0.0011073343202597885
leaf_weight=104.45275890640914 479.51546742580831 215.53333171457052 1733.4929995704442 406.69024564512074 3159.0786381997168 402.45597582124174 170.33430363424122 247.24682420678437 360.27052970044315 1352.6404353454709 563.54467658698559 387.51952512003481 418.80306735634804 519.85264565609396
leaf_count=1601 6091 3071 23377 8585 39738 5955 2459 3906 5473 17996 3994 5124 3051 10416
internal_value=0 -0.000152 0 0.000522571 0.000218839 -0.00120278 0.00253633 0.00409714 -0.00175973 -0.000632428 -0.00127198 -0.00241671 -0.00237678 -0.000117585
internal_weight=0 10041.9 9189.67 5020.14 4387.03 1227.95 633.114 417.581 852.243 4169.53 2436.04 747.79 825.493 1083.4
internal_count=140837 134746 122548 66765 57329 17591 9436 6365 12198 55783 32406 10597 11636 14410
is_linear=0
shrinkage=0.0101079


Tree=47
num_leaves=15
num_cat=0
split_feature=28 3 0 7 13 33 12 12 13 13 33 2 28 3
split_gain=37.7642 32.6751 33.8377 22.1974 23.5714 33.9712 22.0724 31.3514 19.0598 18.9222 18.6086 18.5986 17.3846 15.9839
threshold=-0.22706275433301923 0.52089086174964916 0.54749041795730602 -4.0693566799163809 0.039425874128937728 1.0013927817344668 0.065654482692480101 0.04219453968107701 -0.074488174170255647 0.015948743559420112 1.0000000180025095e-35 2.4858684539794926 0.41268247365951544 0.36964714527130133
decision_type=2 2 2 2 2 8 2 2 2 2 10 2 2 2
left_child=-1 2 -2 11 5 9 7 8 -4 -5 -6 -3 -7 -10
right_child=1 3 6 4 10 12 -8 -9 13 -11 -12 -13 -14 -15
leaf_value=0.00067710630203982167 -0.0018997313959051602 -0.0035235563667506114 0.0039173266149271774 8.0490767932424543e-05 -0.00030679210777693528 0.00013938559399057052 0.0043966086491374796 -0.0026804245700256897 0.0015922124048393591 0.003299540532763713 -0.004091930616126469 0 -0.0029170811687604164 -0.00042704728801386195
leaf_weight=4788.7649550437927 572.94566504657269 636.42096960544586 202.67132464051247 514.58893314003944 274.44191523082554 294.5225040782243 160.10668415762484 257.64299731887877 803.663624657318 312.04951164871454 308.04490796476603 224.97349366545677 426.07819710485637 739.87933535128832
leaf_count=63262 8253 9502 2651 3855 5377 6104 2000 3113 11431 2305 2278 2894 8485 9389
internal_value=0 -0.000538087 0.000247529 -0.00126924 -0.000684951 -3.03556e-06 0.00083938 0.000519422 0.00102424 0.00136327 -0.0024042 -0.00264854 -0.00162387 0.000600857
internal_weight=0 5728.03 2736.91 2991.12 2129.73 1547.24 2163.96 2003.86 1746.21 826.638 582.487 861.394 720.601 1543.54
internal_count=140899 77637 36837 40800 28404 20749 28584 26584 23471 6160 7655 12396 14589 20820
is_linear=0
shrinkage=0.0101079


Tree=48
num_leaves=15
num_cat=0
split_feature=28 27 30 16 16 13 23 30 23 13 27 17 27 16
split_gain=31.6977 63.0505 35.7501 40.5198 34.7239 24.9849 18.4603 23.0114 18.0544 16.108 13.8914 17.2204 13.6082 22.9732
threshold=-0.24825246632099149 -0.20576497167348859 -0.56174489110708226 0.59233644604682933 0.15942772477865222 -0.074488174170255647 0.85206902027130138 1.0000000180025095e-35 0.39684779942035681 0.0029208726482465868 0.20576497167348864 54.500000000000007 0.11969653144478799 0.74362969398498546
decision_type=2 2 2 2 2 2 2 2 2 2 2 2 2 2
left_child=12 6 3 4 -3 -4 -2 -8 -7 -6 -5 -12 -1 -14
right_child=1 2 5 10 9 8 7 -9 -10 -11 11 -13 13 -15
leaf_value=0.0010933120354371948 -0.0026646563250538055 0.0013980136683940853 0.0048971015706898271 -0.0023951638030468647 -0.0048887454169962872 -0.0022074282016707539 0.00033466416286533215 -0.0028703379076927267 0.001061580055431428 -2.7842724911969284e-05 0.00022595141151852206 0.004305950465415583 -0.00070397270777855015 0.0015504423019025821
leaf_weight=2565.9836590327322 1262.7858358677477 141.41708637401462 159.55840617232025 108.21776429377496 411.63836687989533 175.44362445734441 640.06150420568883 333.30320608988404 1920.3488560318947 103.95762845501304 430.56224250420928 144.47858246602118 1468.2437401935458 664.50411813892424
leaf_count=33831 17571 2197 2166 1356 5794 2026 8710 4821 25462 1600 5384 1917 19851 8423
internal_value=0 -0.000516006 0.000303448 -0.000984811 -0.00277508 0.00108765 -0.00184825 -0.000735315 0.000761653 -0.00400076 0.000689708 0.00136353 0.00059853 0
internal_weight=0 5831.77 3595.62 1340.27 657.013 2255.35 2236.15 973.365 2095.79 515.596 683.259 575.041 4698.73 2132.75
internal_count=141109 79004 47902 18248 9591 29654 31102 13531 27488 7394 8657 7301 62105 28274
is_linear=0
shrinkage=0.0101079


Tree=49
num_leaves=15
num_cat=0
split_feature=28 27 29 14 21 2 16 33 20 23 33 11 23 16
split_gain=31.3194 66.9203 51.2006 28.7528 22.5197 21.1086 33.3399 29.7619 29.1708 17.4896 17.2931 19.3769 26.1792 20.1602
threshold=-0.18436925113201139 -0.16288578510284421 -1.0000000180025095e-35 -14.062976837158201 4.5471646785736093 1.4504799246788027 0.13028623908758166 0.99611112475395214 -2.5617319345474239 1.0394959449768069 0.9590476155281068 0.033771678805351264 0.76796457171440136 0.14274949580430987
decision_type=2 2 2 2 2 2 2 10 2 2 10 2 2 2
left_child=10 2 3 -2 -5 6 8 -7 -3 -4 -1 -12 -13 -14
right_child=1 5 9 4 -6 7 -8 -9 -10 -11 11 12 13 -15
leaf_value=0.0012258777543941736 -0.0030530901826161683 0 -0.0032056075724742686 0.0051191479229677588 0 0 -0.00027472621725873817 0.005021671698346661 0.0070799672653324682 -0.00056235229872762024 0.001364930499175564 -0.0038365619743288139 0.0025986221483850335 -0.00054634122031752593
leaf_weight=2278.3497066237032 112.71992824785411 115.22871228680015 1384.8533390183002 169.44987612403929 166.89701083302498 234.52903994172812 2710.8672192320228 215.62280178815126 115.73724689148366 365.67920242995024 774.55247329175472 208.98102445155382 234.50150527060032 1445.7159134894609
leaf_count=45853 1622 1817 19508 2221 2155 4219 35726 1504 1909 5204 5677 1570 1668 10392
internal_value=0 -0.000522907 -0.00189582 0.00107111 0.00260807 0.000357732 2.94812e-05 0.00237819 0.0036643 -0.00268132 0.000580658 1.17052e-05 -0.000525013 -7.36504e-05
internal_weight=0 5591.58 2199.6 449.067 336.347 3391.99 2941.83 450.152 230.966 1750.53 4942.1 2663.75 1889.2 1680.22
internal_count=141045 75885 30710 5998 4376 45175 39452 5723 3726 24712 65160 19307 13630 12060
is_linear=0
shrinkage=0.0101079


Tree=50
num_leaves=15
num_cat=0
split_feature=22 27 2 16 14 15 7 5 15 18 27 11 23 7
split_gain=27.1991 59.5994 30.4944 19.6749 27.1851 18.3727 33.6883 17.0867 15.32 19.3118 23.3872 17.6017 23.6187 14.3186
threshold=-0.31898540258407587 -0.16288578510284421 0.60380849242210399 0.14677932858467105 -7.4560420513153067 8.7495045661926287 1.0000000180025095e-35 -3.8670452833175655 10.939643859863283 58.500000000000007 0.16288578510284427 0.049559516832232482 0.82946088910102855 0.36105559766292578
decision_type=2 2 2 2 2 2 2 2 2 2 2 2 2 2
left_child=1 2 -1 7 13 -6 -7 -3 -8 -10 -11 -12 -13 -5
right_child=-2 3 -4 4 5 6 8 -9 9 10 11 12 -14 -15
leaf_value=0.0027198239080365462 0.00044370251801785168 -0.00049877429422118431 -0.0024401862675227292 -0.0018195696862276026 -0.0014918705500697946 0.0056492294994930905 0.0036257996085958949 0.0045253049272408101 -0.0016723200697682096 -0.0018917706355286526 -0.0009187511211516886 0.0054974760613789152 1.457307924805725e-05 0.00054106728360880918
leaf_weight=112.5073717199266 5795.3172410093248 84.832172514870763 1629.413030942902 870.62769070826471 252.4914919231087 161.13372923433781 153.16357976198196 184.79614348337054 340.36456703394651 157.58717908151448 102.72024579532444 222.43767806887627 146.49804030917585 337.41021963208914
leaf_count=1585 77217 1353 22472 11749 3214 1805 1773 2800 4493 1923 1449 2813 1650 5021
internal_value=0 -0.000586663 -0.00207335 0.000262205 0 0.00089311 0.00139954 0.00282831 0.000719796 0.000194576 0.00127593 0.00243207 0.00347228 -0.00112766
internal_weight=0 4755.98 1741.92 3014.06 2744.43 1536.4 1283.91 269.628 1122.77 969.608 629.243 471.656 368.936 1208.04
internal_count=141317 64100 24057 40043 35890 19120 15906 4153 14101 12328 7835 5912 4463 16770
is_linear=0
shrinkage=0.0101079


Tree=51
num_leaves=15
num_cat=0
split_feature=13 0 27 30 28 27 30 11 30 8 22 16 18 3
split_gain=30.3634 37.8908 34.8441 24.5155 23.4139 22.3793 36.1255 31.2755 29.3604 24.3058 23.8959 22.6099 19.8696 18.4268
threshold=-0.089315064251422868 0.54749041795730602 -0.47136868536472315 -0.56174489110708226 0.7298206388950349 -0.71473535895347584 1.0000000180025095e-35 0.058004125952720649 -0.56174489110708226 0.52895203232765209 -0.4413520991802215 0.65978226065635692 88.500000000000014 0.58099377155303966
decision_type=2 2 2 2 2 2 2 2 2 2 2 2 2 2
left_child=3 2 -2 -1 -4 6 7 9 10 -3 11 -7 -8 -6
right_child=1 5 4 -5 13 8 12 -9 -10 -11 -12 -13 -14 -15
leaf_value=0 -0.0071783230287311437 0.00011141724511466581 0.0019088062304124021 0.0054951897425582303 -0.0033540773019255861 -0.00355187838744489 -0.0028907669629500885 -0.0011023604202737797 0.0009194316496777715 0.003977326565261655 0.00015440754280107095 0 0.00087088585288164514 0.00016167776775277419
leaf_weight=133.41603008285165 113.84651651605964 423.01451297290623 171.98210905306041 175.10582044534385 418.16994550637901 404.9999843724072 807.25593807175756 808.34740045852959 4233.532344430685 293.23608866706491 1854.1333549115807 329.30459337309003 151.69812975265086 203.16206707060337
leaf_count=1543 1700 6024 2810 2359 5766 5844 11326 10491 55402 4138 24575 4164 1935 2879
internal_value=0 -9.31813e-05 -0.00205813 0.00308733 -0.00121138 9.55552e-05 -0.000718841 0.000225247 0.00039844 0.00177533 -0.000438269 -0.00197557 -0.00225163 -0.0021521
internal_weight=0 10212.7 907.161 308.522 793.314 9305.52 2483.55 1524.6 6821.97 716.251 2588.44 734.305 958.954 621.332
internal_count=140956 137054 13155 3902 11455 123899 33914 20653 89985 10162 34583 10008 13261 8645
is_linear=0
shrinkage=0.0101079


Tree=52
num_leaves=15
num_cat=0
split_feature=13 28 29 2 30 16 23 15 29 0 13 13 15 17
split_gain=31.9584 33.2681 39.9753 23.6983 30.3701 42.5239 28.3095 23.0134 21.7848 24.9524 21.3725 21.3029 20.8392 18.81
threshold=-0.089315064251422868 -0.18436925113201139 -0.60785761475563038 0.62696295976638805 1.0000000180025095e-35 0.60828796029090892 0.54799306392669689 4.3778991699218759 1.0000000180025095e-35 0.97616088390350353 -0.027664698660373684 -0.0033969398355111475 14.154220104217531 13.500000000000002
decision_type=2 2 2 2 2 2 2 2 2 2 2 2 2 2
left_child=7 -2 -3 4 10 -6 13 -1 9 12 -4 -12 -8 -5
right_child=1 2 3 6 5 -7 8 -9 -10 -11 11 -13 -14 -15
leaf_value=0.0052345100756764126 0.00055039824878292873 0.0045483121321652975 -0.0040258804744316683 0.00059405116327530068 0.0048305639403044146 -0.00094855037325538444 5.9761786615174926e-05 -0.00019527343157394326 -0.0014029992595285103 -0.0018317691033506848 0.003904584418806614 -0.0008334949685747941 0.0033507007108077784 -0.0035902715205459717
leaf_weight=196.91303901001811 4852.7346901316196 139.93246115744114 157.82274159416556 110.56724446639419 291.47313188202679 208.90406281873584 616.15956719964743 107.20975033566356 1892.5497520565987 382.98495751060545 111.98526960425079 500.26581843197346 300.71995166875422 639.56462060660124
leaf_count=2422 64341 1779 2545 1284 4143 2466 8662 1413 26243 4387 1794 6471 3925 9098
internal_value=0 -5.09153e-05 -0.000603603 -0.0007561 0.00041944 0.0023601 -0.00114524 0.00323257 -0.000709521 0.000271476 -0.000800271 5.20801e-06 0.00120169 -0.0029203
internal_weight=0 10205.7 5352.93 5213 1270.45 500.377 3942.55 304.123 3192.41 1299.86 770.074 612.251 916.88 750.132
internal_count=140973 137138 72797 71018 17419 6609 53599 3835 43217 16974 10810 8265 12587 10382
is_linear=0
shrinkage=0.0101079


Tree=53
num_leaves=15
num_cat=0
split_feature=0 27 28 23 27 30 3 15 14 15 3 13 18 28
split_gain=29.7507 34.3619 27.9869 20.7125 27.0652 29.0986 26.8547 39.8313 25.6116 31.1531 21.924 21.9051 38.827 23.476
threshold=0.55691182613372814 -0.47136868536472315 0.74455857276916515 2.190882802009583 -0.65106672048568714 1.0000000180025095e-35 0.66567426919937145 3.1763534545898442 -11.557997226715086 9.3445024490356463 0.23050125688314441 0.070356842130422606 87.500000000000014 0.1413247883319855
decision_type=2 2 2 2 2 2 2 2 2 2 2 2 2 2
left_child=1 -1 -3 4 6 10 7 -2 -8 -10 -6 13 -13 -12
right_child=3 2 -4 -5 5 -7 8 -9 9 -11 11 12 -14 -15
leaf_value=-0.0062739215627640923 0.0064011705905620284 0.0021438757393749328 -0.0019037440038802568 0.0023736700962044268 -0.0031616044599025264 0.0011504128126415649 -0.0034638443008680169 -0.00019192741949319004 0.0012300683747377677 -0.0020650449532273888 0.00036793552043363191 0.0064819590272502167 -0.00099675192815413052 -0.0014193852558579585
leaf_weight=137.83317314833403 98.666862584650517 218.6623137164861 684.05473579093814 395.0117558799684 231.39868343062699 2805.6501710005105 518.65573244541883 704.56168334186077 473.75089000351727 709.82747685723007 2205.6116826087236 133.03109258413315 123.68578000925481 1115.7610710095614
leaf_count=2009 1404 3520 9512 4991 3961 36358 7643 9056 6503 9797 28628 1655 1394 14774
internal_value=0 -0.00166411 -0.000869061 0.000128944 2.53852e-05 0.000368562 -0.000862953 0.000620639 -0.00158634 -0.000712682 -0.000197802 0 0.00280078 -0.000222198
internal_weight=0 1040.55 902.717 9515.61 9120.6 6615.14 2505.46 803.229 1702.23 1183.58 3809.49 3578.09 256.717 3321.37
internal_count=141205 15041 13032 126164 121173 86770 34403 10460 23943 16300 50412 46451 3049 43402
is_linear=0
shrinkage=0.0101079


Tree=54
num_leaves=15
num_cat=0
split_feature=13 22 14 15 22 7 10 15 13 3 23 33 14 12
split_gain=32.7537 37.6474 36.2085 24.616 23.7265 21.7209 31.7465 23.4196 25.4392 21.6185 20.1327 17.9757 19.7275 17.5118
threshold=-0.089315064251422868 0.67729565501213085 -7.0697307586669913 4.3778991699218759 -0.77725675702095021 0.73823609948158275 0.1441653519868851 6.9290976524353036 0.015948743559420112 0.89622375369071972 0.90330305695533764 0.99611112475395214 -5.5228824615478507 0.0044668053742498168
decision_type=2 2 2 2 2 2 2 2 2 2 2 10 2 2
left_child=3 2 4 -1 -2 6 -4 -7 10 11 -9 -10 -13 -14
right_child=1 -3 5 -5 -6 7 -8 8 9 -11 -12 12 13 -15
leaf_value=0.005234952171942359 -0.0027496963918083842 0.0012683134857776179 0.00079713880331274388 -0.00035093717376200154 -0.00068204277805430122 0.0044447520713397455 0.006435262398014235 -0.0033498565048255646 0.0015090046905095488 -0.0032291604015819253 0 0.0028048056494601437 -0.0029421797282872014 -2.8903022367797424e-05
leaf_weight=202.24299037829041 696.37097048200667 1699.0217900779098 604.50214810483158 108.54147051274776 3574.3279083315283 106.71811169013381 122.73804334923625 406.2131499517709 1032.6783300563693 161.81104896590114 311.01122801750898 182.46140725165606 266.06331469118595 1048.0289499759674
leaf_count=2458 10817 22420 7454 1424 51035 1263 1461 5206 20133 2367 3958 1370 1895 7624
internal_value=0 -9.66683e-05 -0.000374738 0.00319524 -0.00103296 0.000279036 0.00186076 -4.00439e-05 -0.000201943 0.000236812 -0.00188919 0.000483565 -0.00020117 -0.000662977
internal_weight=0 10211.9 8512.92 310.784 4270.7 4242.23 727.24 3514.99 3408.27 2691.04 717.224 2529.23 1496.55 1314.09
internal_count=140885 137003 114583 3882 61852 52731 8915 43816 42553 33389 9164 31022 10889 9519
is_linear=0
shrinkage=0.0101079


Tree=55
num_leaves=15
num_cat=0
split_feature=28 27 29 30 2 14 3 18 11 3 8 27 8 10
split_gain=32.2564 57.5087 54.8311 43.9411 44.7806 30.3918 23.1629 32.0054 21.2609 22.7453 16.9477 15.2272 14.8332 14.9644
threshold=-0.22706275433301923 -0.20576497167348859 -1.0000000180025095e-35 -0.56174489110708226 1.4297332763671877 -7.1301894187927237 0.36176167428493505 75.500000000000014 0.035164752975106246 0.59836971759796154 0.87823471426963817 0.61734244227409374 -3.5528262853622432 0.039767071604728706
decision_type=2 2 2 2 2 2 2 2 2 2 2 2 2 2
left_child=12 2 8 4 5 6 7 -3 -2 -10 -4 -8 -1 -14
right_child=1 3 10 -5 -6 -7 11 -9 9 -11 -12 -13 13 -15
leaf_value=0.0026734606836653699 0.0046317541679280639 0.0010803579540992884 -0.0032656965165790116 0.0011589350625322411 0.0029668799806970196 -0.0003053147493291964 -0.0025462502229357995 -0.0056185501609470239 0.0035840126596984184 -0.0019865617386490477 -0.00091015561493442169 -0.008415560571440087 -0.00059157874202652512 0.00078219455444963589
leaf_weight=336.42128797993064 128.32208488322794 170.94754214584827 1227.9913131017238 2229.6677413415164 211.10231687687337 582.20821419358253 117.75158154219389 108.91525164619088 104.18091552145779 217.3034307397902 498.94279639795423 133.08038186840713 1020.5864997375757 3424.2885387167335
leaf_count=4670 1644 2726 17284 29306 2558 7490 1756 1568 1182 3182 7129 1984 13347 45068
internal_value=0 -0.000497854 -0.00179119 0.000285127 -0.00115419 -0.00198692 -0.00372605 -0.00146576 0.0012758 -1.70454e-05 -0.00261549 -0.00597349 0.000625604 0.000457194
internal_weight=0 5730.41 2176.74 3553.67 1324.01 1112.9 530.695 279.863 449.806 321.484 1726.93 250.832 4781.3 4444.88
internal_count=140894 77809 30421 47388 18082 15524 8034 4294 6008 4364 24413 3740 63085 58415
is_linear=0
shrinkage=0.0101079


Tree=56
num_leaves=15
num_cat=0
split_feature=28 27 30 2 12 23 30 11 2 4 14 16 2 11
split_gain=27.4074 56.6557 39.5275 46.3644 25.4208 19.3252 20.6426 20.5215 17.4071 19.8026 17.2388 41.1081 31.098 33.0232
threshold=-0.22706275433301923 -0.20576497167348859 1.0000000180025095e-35 1.4297332763671877 0.077289018779993071 0.85206902027130138 1.0000000180025095e-35 0.05638785474002362 1.1585342288017275 0.98076933622360241 -7.4560420513153067 0.83389183878898632 0.45369924604892736 0.060699639841914184
decision_type=2 2 2 2 2 2 2 2 2 2 2 2 2 2
left_child=-1 5 3 10 -5 8 7 -7 -2 -10 12 -12 -3 -14
right_child=1 2 -4 4 -6 6 -8 -9 9 -11 11 -13 13 -15
leaf_value=0.00059316530350365221 -0.001152328388336689 0.0022255573237580182 0.001565648689546055 0.0059968848576021447 0 0.002681461729847354 -0.0026367192980891528 -0.00098752745014880168 -0.0046526020435135023 -0.00020696677733516325 0.0013164798322698483 -0.002960045422135937 -0.0050616088425800929 -0.00040167442126172361
leaf_weight=4802.1696875561029 579.86888398602605 116.63965713605285 1530.0804550033063 145.39037152007222 121.80093882419169 252.32040851004422 319.59642260707915 363.75840296410024 509.29266815818846 152.86678782105446 608.71632114611566 355.66060900688171 386.5931046102196 292.13858134299517
leaf_count=63236 7976 1916 19808 1744 1615 3599 4639 4799 7358 2091 7823 4330 5749 4342
internal_value=0 -0.000440727 0.000336067 -0.000574596 0.00325171 -0.0017248 -0.00056452 0.000464632 -0.0025577 -0.0037008 -0.00119001 -0.000229889 -0.00229046 -0.00314166
internal_weight=0 5734.72 3557.02 2026.94 267.191 2177.7 935.675 616.079 1242.03 662.159 1759.75 964.377 795.371 678.732
internal_count=141025 77789 47327 27519 3359 30462 13037 8398 17425 9449 24160 12153 12007 10091
is_linear=0
shrinkage=0.0101079


Tree=57
num_leaves=15
num_cat=0
split_feature=13 14 0 15 4 28 21 10 30 15 30 13 27 28
split_gain=24.806 29.5556 37.7147 25.0879 23.8009 24.1604 20.9835 25.7934 20.43 18.4053 32.967 20.0707 19.9479 21.2655
threshold=-0.089315064251422868 -7.3916492462158194 0.52101463079452526 4.3778991699218759 -1.8003348112106321 0.87137606739997875 4.9582695960998544 0.11731098592281343 1.0000000180025095e-35 21.420234680175785 1.0000000180025095e-35 0.046690706163644798 0.4904943853616715 -0.076279435306787477
decision_type=2 2 2 2 2 2 2 2 2 2 2 2 2 2
left_child=3 2 -2 -1 -4 -6 7 -3 -7 10 12 -12 13 -8
right_child=1 6 4 -5 5 8 9 -9 -10 -11 11 -13 -14 -15
leaf_value=0.0048208815262850901 -0.0038331652622350496 0.0005273098548883448 0.0007550801005944633 -0.00086596711842047507 -0.0012052030472592557 -0.00081667539619502774 -0.0011938600148248193 0.0031554189554543798 0.0035388679951612401 0.00088926240954654006 -0.00053818803372234446 0.0029623389571976576 0 -0.0050107523033921164
leaf_weight=200.74184833839536 359.52565838955343 2235.5672848373652 1209.2786795515567 107.44051819108427 2967.5439516287297 194.4598595071584 361.8139312081039 470.8243102915585 210.13005261681974 888.93926675990224 397.36792035773396 263.03185739181936 340.2887163516134 309.14685538038611
leaf_count=2453 5634 27444 17164 1405 42594 2894 4275 5723 2968 12460 5006 3006 3975 3816
internal_value=0 -0.000137005 -0.000700933 0.00273705 -0.00044034 -0.000881748 0.000384584 0.00100703 0.00137084 -0.000258568 -0.000894338 0.000813336 -0.00204703 -0.00304876
internal_weight=0 10207.9 4940.94 308.182 4581.41 3372.13 5266.98 2706.39 404.59 2560.59 1671.65 660.4 1011.25 670.961
internal_count=140817 136959 71254 3858 65620 48456 65705 33167 5862 32538 20078 8012 12066 8091
is_linear=0
shrinkage=0.0101079


Tree=58
num_leaves=15
num_cat=0
split_feature=0 27 27 3 23 14 12 12 21 7 28 15 14 7
split_gain=27.738 29.0418 19.6679 27.2207 31.7716 25.662 26.6138 24.7084 22.5448 22.6138 19.1959 17.6416 32.8219 25.6486
threshold=0.55220460891723644 0.43245348334312445 -0.71473535895347584 0.66567426919937145 2.1015208959579472 -11.557997226715086 -0.075112745165824876 -0.067150004208087907 -5.3153510093688956 -3.9374462366104122 -0.09801131114363669 6.2896611690521249 -7.0697307586669913 5.6172194480896005
decision_type=2 2 2 2 2 2 2 2 2 2 2 2 2 2
left_child=1 11 3 7 5 -5 -7 -2 -4 -10 -9 -1 -13 -14
right_child=2 -3 8 4 -6 6 -8 10 9 -11 -12 12 13 -15
leaf_value=-0.00010505573443961952 0.0054539914068837151 0.001710477860894122 0.0017907727367172666 -0.0036863826321101132 0.0025839554157407996 0.0040161208859097446 -0.0013509270536206223 0.0019053611745364276 -0.0010089464104466497 0.00052981848875139628 -0.0014667827195338785 -0.0068169001526177733 -0.0048126710689201753 0.00057654649911621097
leaf_weight=257.49302561022341 101.45572502352297 198.83844596520066 1099.365549819544 486.68950803205371 180.42924823239446 93.819888927042484 1004.0514184720814 339.01591802202165 1212.9249651115388 4688.2595914676785 329.76335272938013 192.47560964897275 133.9536062926054 215.94497431628406
leaf_count=3803 1388 3201 15535 7195 2408 1310 13796 4206 16359 60083 4266 2948 1690 2798
internal_value=0 -0.00158129 0.000182782 -0.000571804 -0.00127217 -0.00174698 -0.000831085 0.000977763 0.000462156 0.000205793 0.000184955 -0.00245817 -0.00348472 -0.00143206
internal_weight=0 998.706 9535.78 2535.23 1764.99 1584.56 1097.87 770.235 7000.55 5901.18 668.779 799.867 542.374 349.899
internal_count=140986 14440 126546 34569 24709 22301 15106 9860 91977 76442 8472 11239 7436 4488
is_linear=0
shrinkage=0.0101079


Tree=59
num_leaves=15
num_cat=0
split_feature=27 30 30 1 23 14 11 16 16 16 13 23 13 27
split_gain=27.6451 35.2094 34.7479 40.9948 24.3604 23.5358 17.9916 16.944 33.0505 30.0089 37.7201 28.5911 26.5551 23.8967
threshold=-0.71473535895347584 1.0000000180025095e-35 1.0000000180025095e-35 1.3781207203865053 0.8840271830558778 -6.5402154922485343 0.05638785474002362 0.57182708382606517 0.84731388092041027 0.22749124467372897 0.0091658681631088274 0.76796457171440136 -0.089315064251422868 0.83743050694465648
decision_type=2 2 2 2 2 2 2 2 2 2 2 2 2 2
left_child=1 4 3 7 -1 -3 -6 9 13 12 11 -11 -2 -9
right_child=2 5 -4 -5 6 -7 -8 8 -10 10 -12 -13 -14 -15
leaf_value=-0.0018753967171993983 0.0050200724725746665 -0.0037097003796436462 0.0010797715952263693 0.0016435210427150895 0.0022666605138440712 -0.00048926268697873038 -0.0002462621404380797 -7.0282160295999749e-06 -0.0018279698629536946 -0.0050808286964469764 0.0012250159378225276 -0.0013401277459616093 -0.0005884977232320051 0.0029583542220263837
leaf_weight=470.15704471245408 95.821594195440412 576.15758896619081 3335.9040520358831 897.31174131296575 500.11700217984617 442.36054708249867 621.29685977101326 870.80017986148596 716.57940005511045 473.74659292399883 212.64137417823076 446.92718352004886 480.19030138477683 382.4464118834585
leaf_count=6655 1228 8493 43784 11717 6976 5699 8054 10856 9117 6787 2997 5966 7868 4786
internal_value=0 -0.000904175 0.00029396 -0.000270848 1.18636e-05 -0.00236452 0.000846303 -0.000751166 -8.90131e-05 -0.00148685 -0.00244107 -0.00333454 0.000328566 0.000878212
internal_weight=0 2610.09 7912.37 4576.46 1591.57 1018.52 1121.41 3679.15 1969.83 1709.33 1133.32 920.674 576.012 1253.25
internal_count=140983 35877 105106 61322 21685 14192 15030 49605 24759 24846 15750 12753 9096 15642
is_linear=0
shrinkage=0.0101079


Tree=60
num_leaves=15
num_cat=0
split_feature=0 27 23 27 2 23 29 29 13 33 7 15 14 8
split_gain=24.8936 30.7603 20.2182 22.6742 18.8562 19.2956 32.5865 31.4369 24.6921 40.1868 23.1283 17.8557 28.2695 15.4613
threshold=0.55220460891723644 -0.49049438536167139 2.2445715665817265 -0.65106672048568714 0.74306887388229381 0.919905185699463 0.87837970256805431 1.0000000180025095e-35 -0.044840870425105088 1.0013927817344668 -3.9374462366104122 3.8101762533187871 -7.0120837688446036 0.81639868021011364
decision_type=2 2 2 2 2 2 2 2 2 8 2 2 2 2
left_child=1 -1 3 4 -2 7 8 10 -7 -10 -6 -3 -13 -8
right_child=2 11 -4 -5 5 6 13 -9 9 -11 -12 12 -14 -15
leaf_value=-0.0061926222361180878 0.0020942953453377345 0.0026787082459403797 0.0025328259453742245 0.00038269803192228128 -0.0035787592790347388 0.0027846759641730907 0.00044395191649403468 -0.0040148720865851627 -0.0035825637909698634 0.00029597644619282074 0.0017794199274654128 -0.0033981991545701429 0.00039487545912641255 0.0051487928492202984
leaf_weight=120.02760347351432 203.70796741731465 117.12166072428226 348.3146378416568 6658.2336623501033 115.97709667682648 132.27550023794174 204.24815413169563 453.2172226998955 535.35102951526642 511.31424672529101 238.66351416893303 363.19702700152993 398.88088178820908 125.73249522969127
leaf_count=1788 2706 1858 4395 87506 1769 1959 2835 6285 3925 10234 3235 5560 5288 1705
internal_value=0 -0.00150518 0.000165865 6.9605e-05 -0.000740115 -0.00101282 -0.000302891 -0.00227392 -0.00111336 -0.00166099 0 -0.000771796 -0.00137601 0.00243246
internal_weight=0 999.227 9527.04 9178.72 2520.49 2316.78 1508.92 807.858 1178.94 1046.67 354.641 879.2 762.078 329.981
internal_count=141048 14494 126554 122159 34653 31947 20658 11289 16118 14159 5004 12706 10848 4540
is_linear=0
shrinkage=0.0101079


Tree=61
num_leaves=15
num_cat=0
split_feature=23 27 23 3 30 2 20 10 30 2 23 2 3 33
split_gain=26.3809 37.9778 37.385 41.7435 33.0271 31.898 31.7184 32.2524 28.7288 27.6303 26.1216 31.7664 28.8777 23.4895
threshold=1.5202746987342837 -0.49049438536167139 0.8743998408317567 0.60556471347808849 1.0000000180025095e-35 1.4096522331237795 -2.1626014709472652 0.20375433564186099 1.0000000180025095e-35 1.6023435592651369 0.81718361377716076 1.0963333249092104 0.75130772590637218 0.89692735671997081
decision_type=2 2 2 2 2 2 2 2 2 2 2 2 2 10
left_child=1 2 -1 -4 5 -3 7 -7 9 -5 11 13 -12 -6
right_child=-2 4 3 8 10 6 -8 -9 -10 -11 12 -13 -14 -15
leaf_value=-0.0028596681068216055 0.0012481987367666222 -0.00083955261638550896 0.0030367870848291814 0.0026416303449760628 0.0010773208709454972 0.0086248593863756124 0 0.00011999029494798046 -0.0036496221690349344 -0.0018333991540138222 -0.00058615878617493617 -0.00032805322268395919 0.0034423003861742932 0.0042479585618311368
leaf_weight=965.87454647943377 1449.9408341366798 3389.1406115926802 298.62015270441771 241.39114870876074 491.29426253028214 102.7551432736218 402.09097546711564 94.945523777976632 322.62232268415391 315.54302825033665 1256.3758674822748 433.29853562451899 204.70712316595018 568.12147732079029
leaf_count=13695 18858 45657 3843 3294 10115 1422 5189 1298 4686 4438 16206 5498 2696 4179
internal_value=0 -0.000216302 -0.00139141 -0.00014291 0.000141897 -0.000450869 0.00166168 0.00489392 -0.00128494 4.39631e-05 0.000955167 0.00189199 0 0.00283378
internal_weight=0 9086.78 2144.05 1178.18 6942.73 3988.93 599.792 197.701 879.556 556.934 2953.8 1492.71 1461.08 1059.42
internal_count=141074 122216 29956 16261 92260 53566 7909 2720 12418 7732 38694 19792 18902 14294
is_linear=0
shrinkage=0.0101079


Tree=62
num_leaves=15
num_cat=0
split_feature=13 22 14 7 10 0 15 28 5 13 3 6 15 29
split_gain=26.8077 31.0549 32.7131 29.0951 34.616 27.1032 24.3295 24.0306 28.5911 23.7516 26.3808 20.5373 20.111 19.4864
threshold=-0.089315064251422868 0.67729565501213085 -7.0120837688446036 0.73823609948158275 0.1441653519868851 0.52636694908142101 6.8580756187438974 0.81279832124710094 -3.4151020050048824 0.015948743559420112 0.89622375369071972 2.1881455183029179 4.5730450153350839 1.0000000180025095e-35
decision_type=2 2 2 2 2 2 2 2 2 2 2 2 2 2
left_child=12 2 5 4 11 -2 -5 -7 -9 -8 -11 -4 -1 -10
right_child=1 -3 3 6 -6 7 9 8 13 10 -12 -13 -14 -15
leaf_value=0.0046565171106379283 -0.0034553731260819464 0.0011560405494292804 0.0025676880962920666 0.0044905616847267255 0.0069217848114694058 -0.0010160993448985977 -0.0018746978763353993 0.0055747747230007515 0.0022994949037345126 0.00045349971111694604 -0.003641457333057479 -0.001129134232049961 -0.00041156838745622716 -0.0018183759026724172
leaf_weight=209.71938234567642 401.57195414602757 1711.3274157010019 356.31193099170923 106.6924702655524 122.39070729911327 3320.6325019355863 715.41633388400078 112.79845995083451 206.16827466711402 2521.9882385376841 162.9929820522666 241.75580398738384 103.01633499190211 252.58054503053427
leaf_count=2534 6325 22519 4390 1227 1437 47644 9197 1527 2943 30849 2380 2939 1351 3826
internal_value=0 -7.8234e-05 -0.000331674 0.000291992 0.00213283 -0.000954567 -7.84584e-05 -0.000679906 0.00119107 -0.000243437 0.000180255 0.00101107 0.00289063 0
internal_weight=0 10232.6 8521.3 4227.55 720.458 4293.75 3507.09 3892.18 571.547 3400.4 2684.98 598.068 312.736 458.749
internal_count=141088 137203 114684 52419 8766 62265 43653 55940 8296 42426 33229 7329 3885 6769
is_linear=0
shrinkage=0.0101079


Tree=63
num_leaves=15
num_cat=0
split_feature=28 3 30 21 11 0 16 14 29 29 14 29 23 16
split_gain=28.5013 35.0383 33.0656 27.5148 23.2246 18.4711 19.7736 30.639 23.1596 21.6188 17.4856 40.6086 34.4739 29.5107
threshold=-0.16288578510284421 0.52089086174964916 1.0000000180025095e-35 -9.9475197792053205 0.011685214936733248 0.56182664632797252 0.57597795128822338 -5.3483195304870597 0.87837970256805431 0.87837970256805431 -7.0697307586669913 -1.0000000180025095e-35 0.70820963382720958 0.21558167785406115
decision_type=2 2 2 2 2 2 2 2 2 2 2 2 2 2
left_child=10 2 3 -2 -3 -5 8 -8 -7 -9 13 -12 -13 -1
right_child=1 4 -4 5 -6 6 7 9 -10 -11 11 12 -14 -15
leaf_value=0.001481354836478278 0.0043656308702805279 0.001059610210163858 0.0016745071267246015 -0.0029778915768886162 -0.0015989026428808379 -0.0035525417355308378 0.00435189275572737 0.0010652450120732483 0.00091293710985919352 -0.0035241739418260956 -0.001146192089301208 0.0074977070763164577 0.0015384646612738172 -0.00077976088203384852
leaf_weight=897.23558194935322 96.295599762350321 363.53647642955184 1129.0915976557881 350.27979208156466 2487.0841038674116 296.49727223441005 177.11921537294984 278.84407329373062 170.64052887074649 152.9148853123188 554.74151427298784 103.12271642871201 1779.5775557719171 1685.417696421966
leaf_count=12796 1200 5031 14828 5267 34095 4554 2423 3313 2449 1729 6708 1144 22251 23250
internal_value=0 -0.000464065 0.000360073 -0.000591682 -0.00124377 -0.000976072 -0.000270654 0.000881397 -0.00184759 -0.00050099 0.000587867 0.00120053 0.00191525 0
internal_weight=0 5502.3 2651.68 1522.59 2850.62 1426.3 1076.02 608.878 467.138 431.759 5020.1 2437.44 1882.7 2582.65
internal_count=141038 74889 35763 20935 39126 19735 14468 7465 7003 5042 66149 30103 23395 36046
is_linear=0
shrinkage=0.0101079


Tree=64
num_leaves=15
num_cat=0
split_feature=13 14 22 15 7 10 15 20 7 29 28 29 11 7
split_gain=31.5208 29.2053 30.1397 22.2432 20.2048 35.6209 23.4593 23.957 16.6518 21.4874 22.2659 16.1656 27.5267 19.5179
threshold=-0.089315064251422868 -7.4560420513153067 -0.31368923187255854 4.3778991699218759 0.4778373539447785 0.1441653519868851 6.3613920211792001 -2.3063602447509761 4.9648137092590341 -1.0000000180025095e-35 0.032717135734856136 1.0000000180025095e-35 0.036985101178288467 0.4778373539447785
decision_type=2 2 2 2 2 2 2 2 2 2 2 2 2 2
left_child=3 2 11 -1 5 -3 -6 -8 9 -9 -11 12 13 -2
right_child=1 4 -4 -5 6 -7 7 8 -10 10 -12 -13 -14 -15
leaf_value=0.0050283648836712833 0 0.00080874755408878913 1.3601618186328544e-05 -0.00025647417221085855 0.0046430128832661254 0.0063140166108679114 0.0045817969360731495 0.0018057561670719962 0.00017362446091534936 -0.00041183454443004198 -0.0041892805512536583 -0.0023330027302753431 -0.001810637484130323 0.0049418631291034514
leaf_weight=203.91325958818197 221.07054516114295 746.94156559556723 2731.8975037075579 108.48529622517526 105.9180104881525 142.96645141579211 105.28693241812289 153.85831512883306 3354.0585987810045 379.37294374592602 308.89878969267011 1234.007127918303 613.61489015817642 116.02608302794397
leaf_count=2471 3106 9321 38940 1422 1258 1670 1399 1869 41963 4878 3866 18467 8757 1714
internal_value=0 -0.000116574 -0.000680136 0.00310423 0.00039908 0.00178448 0.000107576 -2.73022e-06 -0.000135505 -0.00140487 -0.00219271 -0.00156313 -0.000510958 0.00172507
internal_weight=0 10213.9 4916.62 312.399 5297.3 889.908 4407.39 4301.48 4196.19 842.13 688.272 2184.72 950.712 337.097
internal_count=141101 137208 70984 3893 66224 10991 55233 53975 52576 10613 8744 32044 13577 4820
is_linear=0
shrinkage=0.0101079


Tree=65
num_leaves=15
num_cat=0
split_feature=28 29 3 16 30 22 13 11 33 3 11 29 11 14
split_gain=25.7517 30.2929 30.1669 32.4606 31.0408 31.2959 20.3321 18.9425 17.483 23.7396 23.5022 18.9298 19.9264 19.1956
threshold=-0.18436925113201139 -0.60785761475563038 0.52089086174964916 0.15510571002960208 1.0000000180025095e-35 -0.89157262444496144 -0.029349768534302708 0.011685214936733248 1.0545857548713686 0.30451077222824102 0.14017321169376376 1.0000000180025095e-35 0.039804887026548393 -7.193767547607421
decision_type=2 2 2 2 2 2 2 2 8 2 2 2 2 2
left_child=8 -2 3 -3 6 -6 -5 -4 9 -1 11 -11 13 -13
right_child=1 2 7 4 5 -7 -8 -9 -10 10 -12 12 -14 -15
leaf_value=-0.0034932237636287095 0.0038997184788003504 0.0032026479062632171 0.00075782510021559825 -0.0035346297290706737 -0.0022540968643965206 0.0021347313258500006 -0.0005100482047366838 -0.0016546082803197192 0.0011825303294838419 -0.0012030059772735501 0.0035651461350578624 0 -0.00034326736030038015 0.0035378340829818164
leaf_weight=179.5290318056941 147.69039131142199 310.29339253902435 355.65163189917803 299.72563077136874 198.57187259942293 739.97175009734929 1065.3224405739456 2436.6454703249037 2277.1246742736548 885.83373676985502 192.23515446484089 265.61451701074839 797.34366922080517 355.55047897994518
leaf_count=1357 1877 4576 4919 4415 2671 9500 14099 33523 45814 6341 1368 1981 5762 2537
internal_value=0 -0.00046878 -0.000600933 0.000165813 -0.000234951 0.00115267 -0.00121962 -0.00133165 0.00053291 -6.558e-06 0.000237879 -3.30282e-05 0.000671733 0.00202737
internal_weight=0 5553.87 5406.18 2613.89 2303.59 938.544 1365.05 2792.3 4953.23 2676.11 2496.58 2304.34 1418.51 621.165
internal_count=140740 75580 73703 35261 30685 12171 18514 38442 65160 19346 17989 16621 10280 4518
is_linear=0
shrinkage=0.0101079


Tree=66
num_leaves=15
num_cat=0
split_feature=0 27 28 23 27 30 23 3 3 14 7 33 3 15
split_gain=24.093 29.6804 27.2045 20.9783 21.7049 26.856 28.6141 25.5647 23.4677 22.846 35.3174 36.9431 22.7075 27.4731
threshold=0.55220460891723644 -0.49049438536167139 0.74455857276916515 2.190882802009583 -0.6343555450439452 1.0000000180025095e-35 0.813930243253708 0.74111106991767894 0.23050125688314441 -15.35598850250244 -4.0693566799163809 0.99393379688262951 0.66567426919937145 3.1763534545898442
decision_type=2 2 2 2 2 2 2 2 2 2 2 10 2 2
left_child=1 -1 -3 4 12 8 -7 -8 -6 -10 11 -11 13 -2
right_child=3 2 -4 -5 5 6 7 -9 9 10 -12 -13 -14 -15
leaf_value=-0.0060987541101898109 0.0054230232074401743 0.0022991515569361068 -0.0017958454967685262 0.0024072813382504665 -0.0032695005690658004 0.0023578693187580723 -0.00031131309783893446 0.0029060716579126134 0.0019859425751510775 0.00012290776585833935 0.00016800185673993906 -0.0050422268325070576 -0.0014113839538899258 -4.7278231959426165e-05
leaf_weight=120.29470687359571 97.87924344278872 205.87239577993751 667.47892712801695 395.30614749155939 229.65613176673651 1117.3906553946435 1387.3459153100848 297.51035515591502 506.23558278568089 239.42013359628618 2533.3885043915361 291.8787295371294 1714.8083000034094 724.34712196700275
leaf_count=1786 1415 3307 9375 4976 3930 14470 17767 3950 7564 5095 31508 2203 24274 9287
internal_value=0 -0.00149979 -0.000773019 0.000148169 4.41066e-05 0.000353592 0.00110508 0.000243425 -0.000190968 2.25468e-06 -0.000316356 -0.00267073 -0.000744081 0.000599002
internal_weight=0 993.646 873.351 9535.17 9139.86 6602.83 2802.25 1684.86 3800.58 3570.92 3064.69 531.299 2537.03 822.226
internal_count=140907 14468 12682 126439 121463 86487 36187 21717 50300 46370 38806 7298 34976 10702
is_linear=0
shrinkage=0.0101079


Tree=67
num_leaves=15
num_cat=0
split_feature=13 28 29 13 8 10 16 2 32 30 2 2 13 2
split_gain=29.648 27.345 26.152 23.7904 24.1178 21.0399 19.6626 21.7793 20.504 21.7974 27.4163 26.7892 25.756 24.4304
threshold=-0.089315064251422868 -0.69930991530418385 -0.60785761475563038 -0.018915127031505104 3.0445978641510014 0.040480783209204681 0.12220870330929758 1.4815391898155215 1.0000000180025095e-35 -0.56174489110708226 0.74769532680511486 0.74769532680511486 -0.043730540201067918 0.96370118856430065
decision_type=2 2 2 2 2 2 2 2 2 2 2 2 2 2
left_child=-1 5 -3 6 -5 -2 7 -4 9 11 12 -8 -11 -12
right_child=1 2 3 4 -6 -7 8 -9 -10 10 13 -13 -14 -15
leaf_value=0.0029821935062252589 -0.00080741259240404528 0.0036775015747538748 0.0025500974579912967 -0.00034270825490217023 0.0027124107538685494 0.0012109406842228864 -0.0056554028796262437 -0.0019415279302346076 -0.0038405325429280959 -0.0010364895721049077 -0.0051355450953952889 -0.00041769255175887557 0.0047884684601436859 0
leaf_weight=316.79588259011507 666.94416904263198 143.81439807638526 224.78558719344437 5005.0473712924868 269.3394063860178 2155.9734849575907 195.05573588423431 196.67000066116452 457.31719438545406 117.74559576250613 134.8724633641541 235.46776924654841 168.36320395208895 236.79259539209306
leaf_count=3936 8683 1784 3853 66139 3593 28442 2967 2865 6628 1779 1734 3159 2449 3081
internal_value=0 -0.000120593 -0.000447361 -0.000538652 -0.000175336 0.000718884 -0.00148788 0.000362469 -0.0020178 -0.0011935 0 -0.00294033 0.00228874 -0.00182433
internal_weight=0 10208.2 7385.27 7241.46 5274.39 2822.92 1967.07 421.456 1545.61 1088.3 657.774 430.524 286.109 371.665
internal_count=141092 137156 100031 98247 69732 37125 28515 6718 21797 15169 9043 6126 4228 4815
is_linear=0
shrinkage=0.0101079


Tree=68
num_leaves=15
num_cat=0
split_feature=13 28 27 29 28 29 30 27 5 13 11 14 3 15
split_gain=24.316 27.6375 27.5103 49.3748 59.2452 29.0767 24.7688 23.1326 22.2176 22.1919 20.941 20.3976 20.3056 19.2602
threshold=-0.089315064251422868 -0.71473535895347584 -0.09801131114363669 -1.0000000180025095e-35 0.39271505177021032 0.87837970256805431 1.0000000180025095e-35 -0.83743050694465626 -4.1941378116607657 -0.057939089834690087 0.034688206389546401 -5.8132858276367179 0.67066720128059398 4.4432213306427011
decision_type=2 2 2 2 2 2 2 2 2 2 2 2 2 2
left_child=13 9 3 10 5 7 12 11 -6 -2 -3 -5 -4 -1
right_child=1 2 6 4 8 -7 -8 -9 -10 -11 -12 -13 -14 -15
leaf_value=0.0045697096318099185 -0.0033114374041778561 0.0040415732865649139 -0.00083816407523915645 -0.0032181252430693681 0.0007503755413724194 0.0017601142482343457 0.0010826467975338682 0.0014468144207015329 -0.0041060219443199049 0.00101264206503901 7.3927103356957255e-05 -0.00011408272717334381 0.0019233223721226412 -0.00034826869859349023
leaf_weight=204.02090528421104 115.88047668710351 197.40136988274753 2163.8345665074885 566.19407779164612 89.728588903322816 419.62035742402077 1748.8143702037632 230.74694086052477 911.89511442929506 2639.8075101468712 469.81465029530227 393.03793426975608 296.89776495471597 107.19063580222428
leaf_count=2469 1780 2505 29506 8449 1397 5656 22636 3050 12905 34439 6308 4984 3856 1392
internal_value=0 -5.19802e-05 -0.000374188 -0.00106892 -0.00170208 -0.000466818 0.000158228 -0.00129213 -0.00362846 0.000807509 0.00134023 -0.00199909 -0.000483655 0.002781
internal_weight=0 10243.7 7487.99 3278.44 2611.22 1609.6 4209.55 1189.98 1001.62 2755.69 667.216 959.232 2460.73 311.212
internal_count=141332 137471 101252 45254 36441 22139 55998 16483 14302 36219 8813 13433 33362 3861
is_linear=0
shrinkage=0.0101079


Tree=69
num_leaves=15
num_cat=0
split_feature=13 23 27 23 30 2 20 2 2 23 29 23 15 11
split_gain=25.2913 25.7943 34.9378 50.4593 38.2858 29.1014 26.2437 25.8904 25.1958 31.4643 22.3366 28.1656 21.9128 21.3728
threshold=-0.089315064251422868 1.5573118925094607 -0.50938662886619557 0.55684593319892894 1.0000000180025095e-35 1.4297332763671877 -2.2091268301010127 0.72924047708511364 1.1160281896591189 0.81718361377716076 -1.0000000180025095e-35 0.95961055159568798 4.3778991699218759 0.063500594347715392
decision_type=2 2 2 2 2 2 2 2 2 2 2 2 2 2
left_child=12 2 3 -2 5 -4 -7 -5 9 -6 -9 -12 -1 -10
right_child=1 -3 4 7 8 6 -8 10 13 -11 11 -13 -14 -15
leaf_value=0.0046222069156967365 -0.0071524114991672648 0.0011554505687436877 -0.00099741109647513227 0.0025348856721217712 0.0027448720612888206 0.004632921242022644 0 0.00077917061843259347 -0.0020504202347128332 0.0001290199850877211 -0.0034465797331884106 -0.00051653962235297232 -0.00060979963329059396 0.00096460011077680269
leaf_weight=208.93024775758386 143.16987983323634 1365.3207150008529 3322.8572389483452 176.47739931754768 1048.4948375206441 173.96671073138714 376.07231165654957 356.08396060392261 442.96936268359423 908.96113601699471 680.97483355179429 733.40863013267517 108.84135133400559 489.582933742553
leaf_count=2528 2075 17721 44899 2364 14114 2515 4912 4865 5425 11854 9830 10294 1419 6379
internal_value=0 -0.000127329 -0.000330556 -0.00147045 1.70129e-05 -0.000633341 0.00147698 -0.0010056 0.0009019 0.00155601 -0.00139065 -0.00196666 0.00273344 -0.000429501
internal_weight=0 10218.3 8853.02 2090.11 6762.9 3872.9 550.039 1946.94 2890.01 1957.46 1770.47 1414.38 317.772 932.552
internal_count=141194 137247 119526 29428 90098 52326 7427 27353 37772 25968 24989 20124 3947 11804
is_linear=0
shrinkage=0.0101079


Tree=70
num_leaves=15
num_cat=0
split_feature=23 27 28 2 29 29 15 2 29 14 20 14 7 15
split_gain=23.3583 22.9563 30.0501 25.4913 25.3175 24.9606 19.714 29.3131 24.2525 23.4495 28.3992 31.6437 19.2476 38.0762
threshold=2.2445715665817265 -0.65106672048568714 0.41268247365951544 0.65855419635772716 -1.0000000180025095e-35 0.87837970256805431 3.6121016740798955 0.50824126601219188 -0.60785761475563038 -7.0697307586669913 -2.3063602447509761 -14.062976837158201 -1.0000000180025095e-35 8.8250374794006365
decision_type=2 2 2 2 2 2 2 2 2 2 2 2 2 2
left_child=1 2 3 -1 -4 -5 7 -3 -8 10 11 -10 13 -11
right_child=-2 6 4 5 -6 -7 8 -9 9 12 -12 -13 -14 -15
leaf_value=0.004176064664686876 0.0025063931248628622 0.0064924913999707852 0.00077526573793986907 -0.0012021068898233713 -0.0040259623331026775 0.0016503762222572706 0.0042208005724728203 0.00083083819050642094 0.0056130945069769985 -0.0010060355519734263 -0.0013832607532643503 -4.7464591169560121e-05 7.8017910711546305e-05 0.0043700337033111868
leaf_weight=112.25110992230475 356.6297136284411 100.03786459378898 127.28519120812416 1514.7215091921389 460.77134044654667 377.92274566739798 126.10244149342179 1014.9028156716377 117.90723527409136 208.62344677001238 2137.038288263604 445.41350371576846 3103.909747235477 316.52381151914597
leaf_count=1485 4456 1570 1734 20895 6671 5109 1543 14994 1618 2635 30182 5951 38453 3667
internal_value=0 -9.83572e-05 -0.000920278 -0.000304136 -0.00292213 -0.000606871 0.000178458 0.00141559 -3.03632e-05 -0.000126433 -0.000843236 0.0011256 0.000396451 0.00217447
internal_weight=0 10163.4 2592.95 2004.9 588.057 1892.64 7570.46 1114.94 6455.52 6329.42 2700.36 563.321 3629.06 525.147
internal_count=140963 136507 35894 27489 8405 26004 100613 16564 84049 82506 37751 7569 44755 6302
is_linear=0
shrinkage=0.0101079


Tree=71
num_leaves=15
num_cat=0
split_feature=13 0 2 30 23 29 14 23 2 3 20 2 17 33
split_gain=27.7874 30.0617 22.609 24.4539 19.5104 17.6057 17.9356 21.0975 18.3203 45.358 19.0456 16.654 28.5816 28.6835
threshold=-0.089315064251422868 0.54242739081382763 0.93297526240348827 1.0000000180025095e-35 2.1015208959579472 -0.60785761475563038 -7.3916492462158194 0.50241512060165416 0.46789002418518072 0.26439033448696142 -9.8715405464172346 1.6593780517578127 56.500000000000007 0.99472221732139599
decision_type=2 2 2 2 2 2 2 2 2 2 2 2 2 10
left_child=-1 2 3 -2 5 -3 8 -8 9 -7 -10 12 13 -12
right_child=1 4 -4 -5 -6 6 7 -9 10 -11 11 -13 -14 -15
leaf_value=0.0029131158947307612 -0.0024558213318985242 0.0036262936114886284 -0.0042281580781089552 0.0016356466559749338 0.0020236411070002295 -0.0023725126552096329 -0.0034729391580524448 0.00045694001841487973 0.0033747852268048405 0.0067039103234368862 -8.3394085422223204e-05 -0.0021999594467618394 0.00037346970690293509 -0.0029854679907219558
leaf_weight=313.39824568293989 336.21018832921982 123.09613290801644 283.87530061230063 246.52517515234649 481.79749274067581 96.42981831356883 134.69331810437143 4417.6915903110057 100.00052357465029 106.65243530273438 728.71479662694037 781.55410161241889 1642.1941834855825 715.80365697294474
leaf_count=3902 5015 1480 4217 3481 6091 1549 1171 55364 1393 1631 15037 11201 24138 5200
internal_value=0 -0.000106554 -0.00190021 -0.000657565 5.71529e-05 -4.70201e-05 -0.000106615 0.000326165 -0.000588353 0.00227212 -0.000749008 -0.000872499 -0.000518702 -0.00155748
internal_weight=0 10195.2 866.611 582.735 9328.63 8846.83 8723.73 4552.38 4171.35 203.082 3968.27 3868.27 3086.71 1444.52
internal_count=140870 136968 12713 8496 124255 118164 116684 56535 60149 3180 56969 55576 44375 20237
is_linear=0
shrinkage=0.0101079


Tree=72
num_leaves=15
num_cat=0
split_feature=28 27 30 2 2 27 30 33 12 11 5 15 8 16
split_gain=22.4661 52.1744 48.7789 36.4279 32.703 30.3587 30.6747 28.8494 23.8763 23.1298 22.9216 21.5805 20.931 18.8006
threshold=-0.22706275433301923 -0.49049438536167139 1.0000000180025095e-35 1.4504799246788027 1.102907180786133 -0.72982063889503468 1.0000000180025095e-35 1.0013927817344668 0.077289018779993071 0.05638785474002362 1.8303309679031374 20.978521347045902 0.52895203232765209 0.85710901021957409
decision_type=2 2 2 2 2 2 2 8 2 2 2 2 2 2
left_child=-1 5 3 13 7 6 9 10 -5 12 -4 -11 -2 -3
right_child=1 2 4 8 -6 -7 -8 -9 -10 11 -12 -13 -14 -15
leaf_value=0.00054924921089884431 -0.00012654284905492147 -0.00078047955078348798 0.0049458536302290825 0.0048415722070377764 -0.00047620286395760295 -0.0056060206597568227 -0.0030653872855166942 0.00058933020198872056 -0.00056769575148917515 -0.0026321491513638571 0.00045628865912727918 0.0020115875556776818 0.0042164703605104391 -0.0035165295445794948
leaf_weight=4812.5664387140423 264.74165273457766 1549.6861387714744 495.73466186225414 172.35347827151418 547.52108794823289 191.62279913574457 617.77054795622826 540.05796672031283 130.46059792675078 433.45871485583484 180.14788267016411 117.0152863971889 170.41781431622803 321.9266166947782
leaf_count=63219 3870 21962 3574 2125 6902 2767 8878 11203 1751 5786 1239 1647 2459 3927
internal_value=0 -0.000386079 0.00025645 -0.00074326 0.00150989 -0.00181323 -0.0013104 0.0024347 0.002424 -0.000154543 0.00382693 -0.00155845 0.00152618 -0.00128501
internal_weight=0 5732.92 3937.89 2174.43 1763.46 1795.03 1603.4 1215.94 302.814 985.633 675.883 550.474 435.159 1871.61
internal_count=141309 78090 52683 29765 22918 25407 22640 16016 3876 13762 4813 7433 6329 25889
is_linear=0
shrinkage=0.0101079


Tree=73
num_leaves=15
num_cat=0
split_feature=23 27 30 30 2 1 21 2 20 16 8 16 0 33
split_gain=25.049 29.0047 31.1285 25.5263 28.0663 24.6271 19.1991 18.045 27.5224 22.5231 17.0307 17.8656 16.6012 16.4884
threshold=2.1015208959579472 -0.65106672048568714 1.0000000180025095e-35 1.0000000180025095e-35 1.6308138966560366 1.4279931187629702 6.0441133975982675 1.4096522331237795 -2.1626014709472652 0.12614586204290393 1.5740303397178652 0.85710901021957409 0.67240291833877575 0.90112781524658214
decision_type=2 2 2 2 2 2 2 2 2 2 2 2 2 10
left_child=1 3 5 4 6 7 12 -3 9 -9 11 -6 -1 -5
right_child=-2 2 -4 13 10 -7 -8 8 -10 -11 -12 -13 -14 -15
leaf_value=-0.0018658127314914032 0.0022187592150622435 -0.00098624211189289016 0.00095897095665359593 -0.00073313845520190464 -0.0038863566991643342 0.0014406203598526684 -0.0022741737980731072 2.841613406990423e-05 -0.00055645254120137574 0.0073832228825730763 0.00080670313748194974 7.4387693548592932e-06 0.0023675305837811723 -0.003469961566003139
leaf_weight=95.111929882317781 489.48497305437922 3103.7385091315955 3219.062575597316 458.35152246244252 355.22620958462358 644.84023066610098 133.73128472454846 93.318931328132749 372.53750963695347 93.327427439391613 174.05769716575742 149.52346172742546 608.42402057349682 553.07650468498468
leaf_count=1442 6148 41958 41937 9916 5037 8448 1524 1295 4907 1284 2463 2039 8410 4258
internal_value=0 -0.000105491 0.000204784 -0.00104329 -0.000181541 -0.000350112 0.00102302 -0.000678735 0.000946923 0.00406002 -0.00172114 -0.00267092 0.00172439 -0.00228423
internal_weight=0 10054.3 7526.83 2527.5 1516.07 4307.76 837.267 3662.92 559.184 186.646 678.807 504.75 703.536 1011.43
internal_count=141066 134918 99829 35089 20915 57892 11376 49444 7486 2579 9539 7076 9852 14174
is_linear=0
shrinkage=0.0101079


Tree=74
num_leaves=15
num_cat=0
split_feature=23 27 30 30 2 3 22 13 15 29 16 13 21 2
split_gain=21.4281 24.7387 30.9008 27.9571 24.9625 48.4755 20.5014 20.6238 43.2425 32.4297 38.2703 27.717 26.619 25.9316
threshold=2.1015208959579472 -0.65106672048568714 1.0000000180025095e-35 1.0000000180025095e-35 1.6593780517578127 0.65910112857818615 0.80184900760650646 0.01304474286735058 11.496576786041262 0.87837970256805431 0.66730114817619335 -0.0029447308043017979 -5.6527690887451163 0.5302184820175172
decision_type=2 2 2 2 2 2 2 2 2 2 2 2 2 2
left_child=1 2 4 6 -1 -6 7 9 -9 10 12 13 -3 -11
right_child=-2 3 -4 -5 5 -7 -8 8 -10 11 -12 -13 -14 -15
leaf_value=0.0010296950384269187 0.0019907979096300881 -0.00019299900538164423 -0.0024001090820415412 0.00083635787120390581 0.0045148901474882106 -0.0027795897336591476 0.0014610623571319785 0.0032588485840121251 -0.00067237324257250904 0.0065274227413766109 0.0014828635749680288 -0.0024324144964389728 -0.0038253517353711588 0.00051618287843429136
leaf_weight=847.56557285040617 486.43215917050838 300.12335239909589 1004.0264042764902 3228.4908176027238 100.70218531228602 561.79922871291637 509.58870200067759 355.80568244680762 1313.467534288764 88.025921301916242 220.94368459843099 227.63541270792484 887.28727513179183 407.02365532144904
leaf_count=11577 6087 4391 14090 42143 1237 8100 6719 4437 16891 1431 2728 2881 12699 5858
internal_value=0 -0.000162917 -0.0010313 0.000122078 -8.70246e-05 -0.00157158 -0.000404132 -0.000667301 0.000152435 -0.0013266 -0.00222024 0.000364461 -0.00294824 0.0017485
internal_weight=0 10052.5 2514.09 7538.39 1510.07 662.501 4309.9 3800.31 1669.27 2131.04 1408.35 722.685 1187.41 495.05
internal_count=141269 135182 35004 100178 20914 9337 58035 51316 21328 29988 19818 10170 17090 7289
is_linear=0
shrinkage=0.0101079


Tree=75
num_leaves=15
num_cat=0
split_feature=27 23 3 13 12 23 23 15 21 33 3 4 21 2
split_gain=21.5981 28.0871 25.2336 37.5629 28.4123 17.6394 16.7274 22.7682 16.6648 25.5843 15.1553 17.4985 14.6138 25.8903
threshold=-0.71473535895347584 0.55684593319892894 0.66567426919937145 -0.018358848989009854 -0.065759543329477296 2.1015208959579472 0.39684779942035681 6.2896611690521249 6.4603426456451425 0.90112781524658214 0.76896047592163097 -1.9153077006340025 -0.23803689330816266 0.79655551910400402
decision_type=2 2 2 2 2 2 2 2 2 10 2 2 2 2
left_child=1 -1 4 -4 -3 8 7 -2 10 -10 -5 -12 -6 -14
right_child=6 2 3 5 12 -7 -8 -9 9 -11 11 -13 13 -15
leaf_value=-0.0056739800504097479 0.0019055996610811926 0.0056732967672444706 -0.0037612744347891667 -0.0023430388466759086 -0.0022264332009259312 0.0028070240276624908 0.00035680579607730978 -0.0032706440458300425 0 -0.0052992301824902185 -0.0022775368982146703 0.0017790869272314041 0.0049487556765897486 -0.00025171839687550767
leaf_weight=110.36809401586652 106.81424119137228 103.39465655386448 444.78679218329489 198.24574337154627 183.18341820500791 148.2800637036562 7534.06219442375 285.7598576080054 175.96124310605228 171.54848794639111 126.59331524558365 469.34572321176529 121.93881733343005 346.07384170033038
leaf_count=1657 1402 1431 6427 2552 2798 1954 100406 3359 3641 1354 1934 6638 1387 4110
internal_value=0 -0.000814413 -0.000566055 -0.00124579 0.000940321 -0.000330218 0.000245697 -0.00175158 -0.000788846 -0.00260922 0 0.00083235 7.03466e-05 0.00107577
internal_weight=0 2599.72 2489.35 1734.76 754.591 1289.97 7926.64 392.574 1141.69 347.51 794.185 595.939 651.196 468.013
internal_count=141050 35883 34226 24500 9726 18073 105167 4761 16119 4995 11124 8572 8295 5497
is_linear=0
shrinkage=0.0101079


Tree=76
num_leaves=15
num_cat=0
split_feature=0 27 28 23 27 2 30 2 30 2 28 33 12 28
split_gain=21.9864 31.5333 23.9987 16.3469 21.0742 29.3692 21.002 20.5639 20.324 25.6541 22.4116 21.3001 20.0277 19.0957
threshold=0.56182664632797252 -0.45201864838600153 0.75894212722778331 2.1015208959579472 -0.61734244227409352 0.76103883981704723 1.0000000180025095e-35 1.6308138966560366 1.0000000180025095e-35 1.4096522331237795 0.20576497167348864 0.99393379688262951 -0.067150004208087907 0.11969653144478799
decision_type=2 2 2 2 2 2 2 2 2 2 2 10 2 2
left_child=1 -1 -3 4 5 -2 7 12 9 11 -10 -6 -7 -13
right_child=3 2 -4 -5 8 6 -8 -9 10 -11 -12 13 -14 -15
leaf_value=-0.0055620335092328894 0.0025230983049171971 0.0020929641960030871 -0.0016024340265259329 0.0019202709613361003 0.00034016449356114671 0.0049487338671285203 -0.0023460649340230964 -0.0015926157598068098 0.00022533936459104243 0.0016275172538154372 0.0021174923388979521 -0.00044118345662361007 8.2002470118979707e-05 -0.0027518677454829452
leaf_weight=153.16587604954839 236.55704429186881 229.24100658856332 677.45795466378331 485.71515080705285 1408.451163738966 97.189636379480362 883.40656826272607 664.64480066113174 1673.6566670592874 664.23641997389495 1089.2293013110757 1033.2758695930243 602.20657812803984 610.6125700995326
leaf_count=2309 3123 3697 9485 6108 28388 1415 12326 9386 21681 8682 13883 7583 8184 4608
internal_value=0 -0.00140179 -0.00061416 0.00012781 2.46144e-05 -0.000760648 -0.00113161 -0.000306879 0.000332441 -0.000146308 0.00098969 -0.000548652 0.000861696 -0.00133275
internal_weight=0 1059.86 906.699 9449.18 8963.47 2484 2247.45 1364.04 6479.46 3716.58 2762.89 3052.34 699.396 1643.89
internal_count=140858 15491 13182 125367 119259 34434 31311 18985 84825 49261 35564 40579 9599 12191
is_linear=0
shrinkage=0.0101079


Tree=77
num_leaves=15
num_cat=0
split_feature=23 27 28 3 29 16 30 13 16 12 29 28 20 21
split_gain=23.7724 25.3164 29.3732 32.1789 28.3266 28.0497 27.7902 39.2751 29.7463 51.1921 24.1232 22.4223 21.5297 21.1248
threshold=2.1015208959579472 -0.61734244227409352 0.41268247365951544 0.67066720128059398 0.87837970256805431 0.18446597456932071 -0.56174489110708226 0.01218224596232176 0.66730114817619335 -0.025769229978322979 -1.0000000180025095e-35 -0.8253108263015746 -0.67072132229804982 3.138949036598206
decision_type=2 2 2 2 2 2 2 2 2 2 2 2 2 2
left_child=1 2 3 5 -5 -1 7 8 9 -3 -4 -11 -7 -9
right_child=-2 6 10 4 -6 12 -8 13 -10 11 -12 -13 -14 -15
leaf_value=0.0062115745396478985 0.0021737077450529993 0.00038969378622101644 0.00069664271341838755 -0.002111610421924225 0.0013863194762850093 -0.002484418818436078 0.00067485647395070609 0.0026768054754298144 0.0014011296745401825 -0.00049209783192241804 -0.0039534065840347559 -0.0046588778463135892 0.0017087108117269055 -0.00012073791221998128
leaf_weight=98.41497121937573 485.57852646708488 444.31921740248799 128.13488916866481 1000.3425262570381 288.61035124026239 164.6354618743062 4675.396865753457 380.92432895489037 246.92287221178412 195.63314031437039 476.91846928745508 651.54675045236945 422.44450779817998 864.07681821845472
leaf_count=1410 6099 6514 1750 14191 4012 2360 61478 4860 3068 2658 6984 9473 5261 10907
internal_value=0 -9.90209e-05 -0.000963305 -0.00033861 -0.0012936 0.00139312 0.000195132 -0.000595808 -0.00168026 -0.00230534 -0.00290613 -0.00375704 0.000447936 0.000713971
internal_weight=0 10038.3 2579.5 1974.45 1288.95 685.495 7458.82 2783.42 1538.42 1291.5 605.053 847.18 587.08 1245
internal_count=141025 134926 35968 27234 18203 9031 98958 37480 21713 18645 8734 12131 7621 15767
is_linear=0
shrinkage=0.0101079


Tree=78
num_leaves=15
num_cat=0
split_feature=13 0 27 29 15 23 14 7 16 14 14 4 29 15
split_gain=24.8393 26.8125 23.046 21.4166 20.9119 20.4095 18.4627 20.7518 18.03 15.7577 15.2737 24.5531 19.7313 20.5309
threshold=-0.089315064251422868 0.52636694908142101 0.35222910344600683 -0.60785761475563038 4.3778991699218759 0.43470343947410589 -7.1301894187927237 5.6172194480896005 0.38613681495189672 -14.335939407348631 -10.076424598693846 -1.729595363140106 0.6078576147556306 3.050536155700684
decision_type=2 2 2 2 2 2 2 2 2 2 2 2 2 2
left_child=4 2 6 -3 -1 -5 8 -8 9 -2 11 -7 13 -13
right_child=1 3 -4 5 -6 10 7 -9 -10 -11 -12 12 -14 -15
leaf_value=0.0046332109163305015 -0.0048604271564216704 0.0041076288759871746 0.0017826297556499191 -0.0042766124182341356 -0.00044095294510255111 0.00088897589248549075 -0.0037610892164247228 0.0012928154604348199 -0.0074778793414271121 0.00036539766808325191 0.0003855320816242595 0.0003502047149204384 0.00013421961194688564 -0.0024637678798562056
leaf_weight=208.34389959461987 98.065516134724021 126.38293364644051 128.40922348387539 103.04231659881771 110.79263786785305 908.12205662019551 132.33465602248907 182.80596371740103 122.10458021983504 102.2954103089869 6086.1765273697674 316.76635129004717 820.85014751181006 1074.455956351012
leaf_count=2494 1551 1559 2136 804 1446 13194 1665 2380 1926 1547 78018 5096 12056 15152
internal_value=0 -5.09376e-05 -0.00186253 9.32291e-05 0.00277855 3.10633e-05 -0.00267181 -0.000742715 -0.00437363 -0.00208214 8.71749e-05 -0.000481366 -0.0010633 -0.00179569
internal_weight=0 10201.8 766.015 9435.8 319.137 9309.41 637.606 315.141 322.466 200.361 9206.37 3120.19 2212.07 1391.22
internal_count=141024 137084 11205 125879 3940 124320 9069 4045 5024 3098 123516 45498 32304 20248
is_linear=0
shrinkage=0.0101079


Tree=79
num_leaves=15
num_cat=0
split_feature=22 27 29 30 13 16 13 28 15 12 7 33 14 23
split_gain=23.0181 32.8727 58.9069 37.2683 47.5039 30.5164 28.3191 26.5326 27.7117 26.2133 26.0908 20.826 19.9626 19.924
threshold=0.25271017849445349 -0.11969653144478797 -1.0000000180025095e-35 -0.56174489110708226 0.01304474286735058 0.66730114817619335 -0.045766344293951981 -0.11969653144478797 6.4343352317810067 -0.019782643765211102 -0.36523912847042078 0.9590476155281068 -6.8404104709625235 0.81718361377716076
decision_type=2 2 2 2 2 2 2 2 2 2 2 10 2 2
left_child=1 2 -1 4 5 6 9 -4 10 -3 -9 -8 -10 -5
right_child=-2 3 7 13 -6 -7 11 8 12 -11 -12 -13 -14 -15
leaf_value=0.0018256939530448938 0.000859338419561477 0.0033220537647898792 -2.0745644486086137e-05 0.0017158342631780653 0.00097574143391113567 0.001475305731943772 -0.0019350124869180194 -0.0016456330225469848 -0.0057095093398846306 -0.0026021485562458622 0.004103426689329389 -0.0058336625248184473 -0.0024219361087452758 4.0894145337247843e-05
leaf_weight=543.05381630733609 2766.7570486087352 117.00520940497518 628.96300770156085 1671.6868645753711 853.99616504274309 180.87312845699489 323.38147027231753 487.03391936048865 324.03214927762747 185.89616066031158 86.461093738675117 338.28260568529367 681.24531226605177 1367.8469167500734
leaf_count=7263 36660 1514 8547 22248 10866 2202 7045 7472 5050 2591 1134 2634 8787 17233
internal_value=0 -0.000211457 -0.00110147 0.00026731 -0.000791541 -0.00214202 -0.00286825 -0.00184358 -0.00254065 -0.000157917 -0.000666695 -0.00403254 -0.00355664 0.000977361
internal_weight=0 7789.76 2750.79 5038.97 1999.43 1145.44 964.565 2207.74 1578.77 302.901 573.495 661.664 1005.28 3039.53
internal_count=141246 104586 38253 66333 26852 15986 13784 30990 22443 4105 8606 9679 13837 39481
is_linear=0
shrinkage=0.0101079


Tree=80
num_leaves=15
num_cat=0
split_feature=13 28 27 30 27 2 29 2 33 16 15 33 15 2
split_gain=21.9697 22.6359 37.8172 39.4137 35.5498 31.2628 30.9267 28.9588 28.4646 26.3836 50.8612 44.0109 38.9455 29.5747
threshold=-0.089315064251422868 -0.16288578510284421 -0.49049438536167139 1.0000000180025095e-35 -0.72982063889503468 1.4504799246788027 -1.0000000180025095e-35 1.1305866837501528 1.0013927817344668 0.54255953431129467 11.315594196319582 0.9590476155281068 8.8951816558837908 0.50824126601219188
decision_type=2 2 2 2 2 2 2 2 8 2 2 10 2 2
left_child=-1 -2 4 5 6 9 -3 -5 -7 11 12 13 -11 -4
right_child=1 2 3 7 -6 8 -8 -9 -10 10 -12 -13 -14 -15
leaf_value=0.002596823849977766 0.00039595126423595833 0.0015319563190146737 0.0045326388727326963 0.0020467900640441894 -0.0060492511003033544 0.0054514379180437443 -0.0020296982800956077 -0.00085573755559451806 -0.000816532228345933 -0.0013738915628457725 -0.0018095926604201158 -0.0053897349421703974 0.0059001068524265213 -0.0019841997036115508
leaf_weight=313.62482933141291 4977.5893524531275 299.39449938572943 85.163485389202833 1160.7742901090533 179.2692035920918 131.39912457019091 1134.390647502616 473.97162001021206 134.91735779680312 106.93911243975163 716.57828977890313 359.27934809029102 184.74044785276055 285.30370201729238
leaf_count=3892 65585 3995 1933 15312 2617 937 16436 5859 2591 1399 9340 2873 2141 6340
internal_value=0 -8.74292e-05 -0.000553153 7.75529e-06 -0.00183763 -0.000929484 -0.0012537 0.00118052 0.00219394 -0.00143879 -0.000327707 -0.00289972 0.00313089 -0.000317733
internal_weight=0 10229.7 5252.12 3639.07 1613.05 2004.32 1433.79 1634.75 266.316 1738 1008.26 729.747 291.68 370.467
internal_count=141250 137358 71773 48725 23048 27554 20431 21171 3528 24026 12880 11146 3540 8273
is_linear=0
shrinkage=0.0101079


Tree=81
num_leaves=15
num_cat=0
split_feature=22 13 7 15 15 7 33 23 3 7 21 16 3 15
split_gain=25.2565 26.1205 30.6047 23.8398 19.8669 32.5411 84.2503 31.2276 23.7247 18.8043 24.0812 21.9413 17.6655 24.538
threshold=0.25271017849445349 -0.089315064251422868 -3.9374462366104122 4.1839714050292978 6.7215785980224618 0.36105559766292578 0.99611112475395214 0.49096632003784185 0.55175331234931957 1.0000000180025095e-35 1.6418299078941347 0.59233644604682933 0.62251666188240062 3.050536155700684
decision_type=2 2 2 2 2 2 10 2 2 2 2 2 2 2
left_child=1 3 12 -1 5 -4 -7 -6 -9 11 -11 -10 13 -3
right_child=-2 2 4 -5 7 6 -8 8 9 10 -12 -13 -14 -15
leaf_value=0.0050261483888593521 0.0008460446184018549 0.0016296246444150902 -0.00019454495385620038 -0.00072292385453142174 -0.0025545239612667636 -0.0016935255618987261 0.007798493236953489 0.00075626405484696029 -0.0016213626448192383 -0.0041455711746134346 -0.00064607764138679318 0.0041438935574504626 -0.002701208422225826 -0.0014283872081894385
leaf_weight=169.20262155495584 2747.3048094287515 330.27827432751656 498.80302378162742 104.68454607948661 523.3353959787637 156.33145556226373 209.24172615259886 2182.1833309289068 102.06274612061679 246.89258971065283 1203.2158194221556 145.91167840734124 724.3927590046078 1162.3994405474514
leaf_count=2080 36490 5314 7129 1349 6457 3373 1552 28458 1316 3263 15664 1806 10709 15764
internal_value=0 -0.000280185 -0.000398212 0.00272487 1.39825e-05 0.00141523 0.00367925 -0.000253858 5.04239e-05 -0.000832224 -0.00128826 0.001635 -0.00139252 -0.000719913
internal_weight=0 7758.94 7485.05 273.887 5267.98 864.376 365.573 4403.6 3880.27 1698.08 1450.11 247.974 2217.07 1492.68
internal_count=140724 104234 100805 3429 69018 12054 4925 56964 50507 22049 18927 3122 31787 21078
is_linear=0
shrinkage=0.0101079


Tree=82
num_leaves=15
num_cat=0
split_feature=13 29 28 27 15 14 22 30 2 13 15 2 11 0
split_gain=22.7448 26.9641 28.614 55.9759 24.374 22.1294 19.4361 19.2047 26.2367 18.5473 21.8375 18.2575 24.7399 21.1368
threshold=-0.089315064251422868 -0.60785761475563038 0.4904943853616715 -0.032717135734856122 4.3778991699218759 -7.5216050148010245 -0.36190703511238093 1.0000000180025095e-35 1.3498839735984804 -0.054120214655995362 6.9990339279174814 0.81828930974006664 0.074210066348314299 0.84425342082977306
decision_type=2 2 2 2 2 2 2 2 2 2 2 2 2 2
left_child=4 -2 5 9 -1 6 -3 8 -5 -4 -11 12 13 -9
right_child=1 2 3 7 -6 -7 -8 11 -10 10 -12 -13 -14 -15
leaf_value=0.0046389482636216093 0.0041416576248068382 -0.0015840249029038798 -0.0072534490704542678 -0.0014403820340657401 -0.00091638569699206251 0.00072035740900019008 7.8193681479506522e-05 0.0062084243513930654 0.0031009618087794026 -2.9176089404522383e-05 -0.0033909777172712492 -0.00029885001418871718 -0.0009472183859876341 0.00011716983565638429
leaf_weight=208.19489964842796 143.70879525132477 993.40390480495989 91.754474116489291 934.98137348890305 108.37315978854895 3785.1333580259234 2402.9488073345274 191.87338427640498 139.17936593666673 318.27280410192907 646.1937662102282 350.0140433665365 113.42495931126177 102.24479020945728
leaf_count=2482 1776 14321 1364 12862 1423 46979 34530 2670 1868 4770 8930 4379 1420 1311
internal_value=0 -8.39728e-05 -0.00015139 -0.00100189 0.00263543 0.000185694 -0.000398555 4.72863e-05 -0.000796795 -0.00284674 -0.00233219 0.00129307 0.00273818 0.00428165
internal_weight=0 10213.1 10069.4 2887.94 316.568 7181.49 3396.35 1831.72 1074.16 1056.22 964.467 757.557 407.543 294.118
internal_count=141085 137180 135404 39574 3905 95830 48851 24510 14730 15064 13700 9780 5401 3981
is_linear=0
shrinkage=0.0101079


Tree=83
num_leaves=15
num_cat=0
split_feature=23 27 23 29 2 30 2 20 2 23 23 7 33 3
split_gain=25.2568 26.6269 34.1027 27.5501 28.0082 24.2845 35.8682 28.971 22.8036 26.81 22.5673 20.3817 20.0848 31.085
threshold=1.5202746987342837 -0.50938662886619557 0.56545290350914013 -1.0000000180025095e-35 0.72045686841011058 1.0000000180025095e-35 1.4096522331237795 -2.1626014709472652 1.1160281896591189 0.81718361377716076 0.89666658639907848 7.859290838241578 0.89692735671997081 0.4452961534261704
decision_type=2 2 2 2 2 2 2 2 2 2 2 2 10 2
left_child=1 2 -1 -4 -5 6 -3 10 9 12 -8 -9 -7 -14
right_child=-2 5 3 4 -6 8 7 11 -10 -11 -12 -13 13 -15
leaf_value=-0.0055630714521475643 0.0012530458319312172 -0.00081296997914209713 0.0015570739525088851 0.0027668625060816507 -0.0018434537004800339 0.00087911926757584498 0.008306531647146299 -0.0025943632571699161 -0.00042900432968598102 9.8229071473336944e-05 0.0011188195757366457 0.0019845927384578833 0.0017499267080201412 0.0067587949035118012
leaf_weight=162.50761684589088 1447.8212654665112 3370.1333447415382 390.10348007082939 135.64018839411438 1393.5033241342753 504.99683919548988 96.304754747077823 153.16616035625339 975.3351860307157 916.37501955032349 109.90001253783703 247.79237234592438 368.77639702707529 222.27794541418552
leaf_count=2361 18783 45665 5250 1913 19958 10316 1339 2115 12323 11939 1440 3050 2655 1659
internal_value=0 -0.00018116 -0.0011837 -0.000771305 -0.00139644 0.000113644 -0.000396601 0.00183004 0.000805681 0.00142349 0.00484179 0.000120526 0.00248646 0.00376341
internal_weight=0 9046.81 2081.75 1919.25 1529.14 6965.06 3977.3 607.163 2987.76 2012.43 206.205 400.959 1096.05 591.054
internal_count=140766 121983 29482 27121 21871 92501 53609 7944 38892 26569 2779 5165 14630 4314
is_linear=0
shrinkage=0.0101079


Tree=84
num_leaves=15
num_cat=0
split_feature=23 27 23 3 29 30 29 23 3 12 18 16 23 16
split_gain=19.7386 26.3158 37.2036 35.3168 43.0607 25.0383 23.395 22.6802 24.6748 22.0261 38.6225 24.2127 27.7934 20.0468
threshold=1.5202746987342837 -0.49049438536167139 0.85206902027130138 0.67066720128059398 0.87837970256805431 1.0000000180025095e-35 1.0000000180025095e-35 0.81718361377716076 0.74111106991767894 0.03299269080162049 50.500000000000007 0.89564138650894176 0.6419544816017152 0.15093142539262774
decision_type=2 2 2 2 2 2 2 2 2 2 2 2 2 2
left_child=1 2 6 -4 -5 13 -1 9 -9 10 -7 12 -11 -3
right_child=-2 5 3 4 -6 7 -8 8 -10 11 -12 -13 -14 -15
leaf_value=-0.00077910664402588547 0.001065118855458192 0.0017230672888755055 0.0023099430079870529 -0.0025968683937414414 0.0027537988976388079 0.00049456713229157733 -0.0042245030983825991 -0.00064250901156999419 0.0029857409079081525 -0.0044837505735663896 0.0044041808372693317 0.0037410127283462324 0.0012552130465428297 -0.00066738553975984136
leaf_weight=399.76782674342394 1453.3869728446007 383.41062122024596 420.55641656368971 618.28607544675469 190.43638340942562 559.89841875620186 492.88035505823791 1253.3135164417326 217.48953422158957 167.12718404829502 521.4427520558238 104.55983083881438 149.21323070302606 3580.0096693858504
leaf_count=5727 18800 6082 5545 8944 2690 7807 7124 16026 2871 2210 6529 1222 1968 47408
internal_value=0 -0.000200303 -0.00118462 -8.00162e-06 -0.00127333 9.59478e-05 -0.00274617 0.000800764 -6.5958e-05 0.00167221 0.0024347 -0.000200671 -0.00168596 -0.000423074
internal_weight=0 9058.39 2121.93 1229.28 808.722 6936.46 892.648 2973.04 1470.8 1502.24 1081.34 420.9 316.34 3963.42
internal_count=140953 122153 30030 17179 11634 92123 12851 38633 18897 19736 14336 5400 4178 53490
is_linear=0
shrinkage=0.0101079


Tree=85
num_leaves=15
num_cat=0
split_feature=23 27 28 3 30 2 29 30 2 20 10 28 8 7
split_gain=17.1008 21.4663 37.5356 36.1749 26.1091 26.465 20.9397 19.6497 32.7089 29.6743 31.1824 20.1043 16.7325 15.7449
threshold=2.1015208959579472 -0.56457334756851185 0.43245348334312445 0.60556471347808849 1.0000000180025095e-35 1.6023435592651369 -1.0000000180025095e-35 1.0000000180025095e-35 1.4096522331237795 -2.4025182723999019 0.21689468622207644 0.1413247883319855 -0.46638841927051539 7.859290838241578
decision_type=2 2 2 2 2 2 2 2 2 2 2 2 2 2
left_child=1 2 3 -1 5 -5 -4 8 11 10 -10 -3 -7 -11
right_child=-2 7 6 4 -6 12 -8 -9 9 13 -12 -13 -14 -15
leaf_value=0.0020193495912122516 0.0018389694092050795 1.9319424862086825e-06 0.00023263222477716528 0.0017911079179358681 -0.0026358819307903758 -0.0037135585675750174 -0.0040473133273976085 0.00080861665594828013 0.0078858506275858529 -0.0020281229347561694 0.00010752080910190848 -0.0015235735642690554 0 0.0017154512626450149
leaf_weight=542.88223719783127 492.63913471065462 1978.0895597822964 130.39268664829433 456.86601229570806 595.35563888028264 204.35515857301652 471.04573492519557 3150.7253608368337 126.15029319934547 181.30570302903652 105.13092137314379 1513.2682065181434 290.04192340560257 278.13859561644495
leaf_count=7057 6132 26245 1774 6420 8233 2877 6959 40940 1741 2541 1392 21068 4136 3439
internal_value=0 -7.5261e-05 -0.000849024 -0.000184014 -0.000989596 1.12898e-05 -0.00306164 0.000203759 -0.000242909 0.00173929 0.00463604 -0.000649579 -0.00155497 0.000142456
internal_weight=0 10023.7 2690.94 2089.5 1546.62 951.263 601.438 7332.81 4182.08 690.726 231.281 3491.36 494.397 459.444
internal_count=140954 134822 37456 28723 21666 13433 8733 97366 56426 9113 3133 47313 7013 5980
is_linear=0
shrinkage=0.0101079


Tree=86
num_leaves=15
num_cat=0
split_feature=22 14 16 3 5 0 28 16 33 33 18 0 28 11
split_gain=19.4087 20.4038 33.0737 57.7555 29.1212 21.6521 27.0681 19.8288 31.5566 16.211 23.7145 30.358 19.3113 16.4004
threshold=0.25271017849445349 -7.3916492462158194 0.15942772477865222 0.64104759693145763 -4.373703956604003 0.54242739081382763 0.9015902876853944 0.84072571992874157 0.89012691378593456 0.90112781524658214 59.500000000000007 0.90327608585357677 -0.3317298144102096 0.024943678639829162
decision_type=2 2 2 2 2 2 2 2 10 10 2 2 2 2
left_child=1 2 3 4 -1 -4 -7 9 -9 12 13 -12 -3 -11
right_child=-2 7 5 -5 -6 6 -8 8 -10 10 11 -13 -14 -15
leaf_value=-0.00079764379926176962 0.00075618447021589532 0.0019234395308575895 -0.0035643021957591304 -0.0023723463476737947 0.0041300931797752004 -0.0012821556034957216 0.002059838959297892 0.0011839974974021078 -0.0018391546440634223 0.0020895513477878027 0.0040630274679528591 0 -0.0010447503959457986 -0.0012048493917788568
leaf_weight=148.4873274397105 2764.5578805524856 314.81052409671247 374.7484279833734 332.87585591897368 437.71586553752422 2305.9637354798615 261.98041369765997 560.12682340294123 887.01011540740728 244.155551828444 531.81865826994181 258.78657848387957 714.89766387455165 389.38124699890614
leaf_count=2148 36514 5873 5882 5126 6535 32443 3711 11667 6515 1744 3969 1879 14089 2854
internal_value=0 -0.000228382 -0.000751395 0.000891325 0.00281947 -0.00127916 -0.000920389 0.000279469 -0.000641106 0.000839129 0.00153667 0.00269642 -9.07759e-05 1.13601e-05
internal_weight=0 7762.76 3861.77 919.079 586.203 2942.69 2567.94 3900.99 1447.14 2453.85 1424.14 790.605 1029.71 633.537
internal_count=140949 104435 55845 13809 8683 42036 36154 48590 18182 30408 10446 5848 19962 4598
is_linear=0
shrinkage=0.0101079


Tree=87
num_leaves=15
num_cat=0
split_feature=13 0 27 28 15 23 27 14 12 2 3 15 30 23
split_gain=20.937 23.1548 22.9419 20.0509 19.7143 17.7609 22.7265 23.4602 38.6695 26.2939 26.0543 41.2143 18.9483 26.4127
threshold=-0.089315064251422868 0.52636694908142101 -0.43245348334312433 0.9015902876853944 4.3778991699218759 2.1015208959579472 -0.61734244227409352 -11.557997226715086 -0.076677281409502016 0.76103883981704723 0.66567426919937145 3.3625049591064458 1.0000000180025095e-35 0.81718361377716076
decision_type=2 2 2 2 2 2 2 2 2 2 2 2 2 2
left_child=4 2 -2 -4 -1 6 7 10 -9 -10 11 -3 -8 -14
right_child=1 5 3 -5 -6 -7 12 8 9 -11 -12 -13 13 -15
leaf_value=0.0043164589344386597 -0.0063277010726007967 0.0057477562931114966 0.0023345484281966284 -0.0018908736478787048 -0.00062390168714537451 0.0019470514886774321 -0.00017315199700765446 0.0056455282534232888 0.0025583012109927348 -0.0011138549780280189 -0.0037168456256573279 -0.0031091054670482746 0.0020998594536209038 7.0591243236525311e-05
leaf_weight=211.47670792229474 93.099096074700356 83.547264438122511 131.28594777546823 535.15009860321879 108.87104556895792 485.3304670676589 3720.8525029160082 99.447831517085433 218.13736922852695 1463.9443053361028 479.29088244587183 120.03298193402588 1139.3479418829083 1631.8503098450601
leaf_count=2501 1469 1217 2172 7474 1436 6081 49897 1410 2786 19742 7303 1966 14731 20990
internal_value=0 -5.48185e-05 -0.00174593 -0.000981388 0.00253854 7.82358e-05 -2.00849e-05 -0.000849171 -0.000210162 -0.000604266 -0.00243687 0.000410274 0.000289035 0.000922953
internal_weight=0 10201.3 759.535 666.436 320.348 9441.78 8956.45 2464.4 1781.53 1682.08 682.871 203.58 6492.05 2771.2
internal_count=141175 137238 11115 9646 3937 126123 120042 34424 23938 22528 10486 3183 85618 35721
is_linear=0
shrinkage=0.0101079


Tree=88
num_leaves=15
num_cat=0
split_feature=13 0 14 16 15 14 23 20 6 16 14 17 14 7
split_gain=26.0312 22.41 21.2982 20.8704 18.1397 17.2869 16.5181 14.8463 29.5064 15.3024 13.3199 16.5137 12.9481 22.953
threshold=-0.089315064251422868 0.54242739081382763 -7.0697307586669913 0.43484169244766241 4.4432213306427011 -14.335939407348631 2.1015208959579472 -9.8715405464172346 -9.8139400482177717 0.0723240301012993 -5.6379792690277091 58.500000000000007 -7.4560420513153067 1.3687771558761599
decision_type=2 2 2 2 2 2 2 2 2 2 2 2 2 2
left_child=4 2 3 5 -1 -2 7 -3 -9 -10 -4 -12 -11 -14
right_child=1 6 10 -5 -6 -7 -8 8 9 12 11 -13 13 -15
leaf_value=0.0044421232475098781 -0.0039956833339706791 0.0036799986723877469 0.0030921665552020579 -0.0064404784903034371 -0.00023880549984664812 0.00057168462672727266 0.0018353111041596944 -0.0027135605886017878 0.0027074470425209989 -0.0005239701889386409 0.0009592667127661115 -0.0034280695557953353 0.0017174698284485122 -5.1495109318028921e-05
leaf_weight=214.62413866072893 141.49252418242395 98.567139893770218 98.452225977554917 138.02246107161045 110.12982299551368 163.2541494704783 484.72738346643746 417.41819941066206 202.77446928434074 3466.5796673558652 168.20329428091645 151.65870494022965 916.70302968472242 3754.5826762598008
leaf_count=2522 2288 1348 1432 2259 1438 2517 6002 6181 3269 49717 2258 1894 11401 46454
internal_value=0 -0.000109744 -0.0016635 -0.00318882 0.00276386 -0.00146509 3.03896e-05 -6.53211e-05 -0.00011526 1.22859e-05 0 -0.00102869 -5.23726e-05 0.00028923
internal_weight=0 10202.4 861.083 442.769 324.754 304.747 9341.35 8856.63 8758.06 8340.64 418.314 319.862 8137.87 4671.29
internal_count=140980 137020 12648 7064 3960 4805 124372 118370 117022 110841 5584 4152 107572 57855
is_linear=0
shrinkage=0.0101079


Tree=89
num_leaves=15
num_cat=0
split_feature=0 27 15 13 27 3 13 10 8 28 21 33 17 23
split_gain=19.6283 17.8272 15.794 18.0695 15.0118 19.2261 34.1403 32.3634 26.2273 18.8623 14.7466 25.0558 14.3369 12.3767
threshold=0.52101463079452526 0.33172981441020971 6.087400197982789 0.024646710604429248 -0.71473535895347584 0.66567426919937145 -0.018915127031505104 0.11829869449138643 2.3817255496978764 -0.16288578510284421 6.7927875518798837 0.90112781524658214 65.500000000000014 0.40660852193832403
decision_type=2 2 2 2 2 2 2 2 2 2 2 10 2 2
left_child=1 2 13 -4 5 7 -7 9 10 -2 -8 -12 -5 -1
right_child=4 -3 3 12 -6 6 8 -9 -10 -11 11 -13 -14 -15
leaf_value=0.00245913110983441 0.0014514386147779132 0.0016582847698851191 -0.0051966049024932438 0.0017165911405016482 0.00038389022279729533 -0.0035038052378990082 -3.3259697259143429e-05 0.0039872942890615253 0.0031979831491539702 -0.0021754387380820486 0 -0.0052196648076179566 -0.003362663071060245 -0.0024648344386085956
leaf_weight=103.15557498671114 255.3319317381829 128.0741947516799 235.96622738987207 95.698907950893044 7233.631218649447 446.56193989515305 794.66109854727983 221.9726189635694 181.29781069047749 308.65340515226126 174.29756250604987 172.0663044154644 106.64130148850381 90.228311780840158
leaf_count=1437 3250 2127 3337 1224 95081 6513 10973 2643 2613 4240 3603 1348 1556 1430
internal_value=0 -0.00153246 -0.00225479 -0.00330263 0.000145489 -0.000512836 -0.00110539 0.000767549 -0.000249512 -0.000465145 -0.000850153 -0.00256882 -0.000792427 0
internal_weight=0 759.765 631.69 438.306 9788.47 2554.84 1768.88 785.958 1322.32 563.985 1141.02 346.364 202.34 193.384
internal_count=141375 11111 8984 6117 130264 35183 25050 10133 18537 7490 15924 4951 2780 2867
is_linear=0
shrinkage=0.0101079


Tree=90
num_leaves=15
num_cat=0
split_feature=13 0 27 15 14 16 14 22 29 14 23 20 3 3
split_gain=24.2446 25.0649 26.9117 20.1567 18.4014 17.146 16.5417 15.8979 17.7295 18.6609 19.0704 15.1279 20.3094 27.4982
threshold=-0.089315064251422868 0.54242739081382763 -0.39271505177021021 4.3778991699218759 -7.1301894187927237 0.43484169244766241 -14.194763660430906 0.60867562890052807 -0.60785761475563038 -7.4560420513153067 0.50786590576171886 -0.19030675292015073 0.59607684612274181 0.83000820875167858
decision_type=2 2 2 2 2 2 2 2 2 2 2 2 2 2
left_child=3 2 -2 -1 5 6 -4 8 -3 11 -11 12 -10 -14
right_child=1 7 4 -5 -6 -7 -8 -9 9 10 -12 -13 13 -15
leaf_value=0.0045342249842004207 -0.005721927279561387 0.0036319618422525957 -0.0034840316624623851 -0.00045833211219738115 0.0006967040541117237 -0.0056665487660321791 0.0014289009646715246 0.00090879378069866768 0.00065734134137406691 -0.0032310156224484286 0.00041727389901182545 -0.0016952757336959757 -0.0025948800987039959 0.00047164865908881718
leaf_weight=208.25567892566323 139.53034474141896 116.59869957529008 119.64413049258292 109.67026386223733 356.07572251185775 111.77511586621404 136.06138029322028 1832.9354527369142 1174.4525781571865 142.94601150043309 3748.3416925687343 1153.6098430529237 647.41454476118088 510.87946345470846
leaf_count=2455 2169 1385 1886 1441 4736 1848 2070 23979 17257 1278 47054 16469 9507 7366
internal_value=0 -8.47781e-05 -0.00172662 0.00271725 -0.00084909 -0.00243857 -0.000750415 6.40978e-05 -0.000137813 -0.000206568 0.000266805 -0.00074594 -0.000255165 -0.00121338
internal_weight=0 10190.3 863.087 317.926 723.556 367.481 255.706 9327.18 7494.24 7377.64 3891.29 3486.36 2332.75 1158.29
internal_count=140900 137004 12709 3896 10540 5804 3956 124295 100316 98931 48332 50599 34130 16873
is_linear=0
shrinkage=0.0101079


Tree=91
num_leaves=15
num_cat=0
split_feature=28 27 30 21 15 2 15 16 7 21 3 33 33 3
split_gain=15.6839 49.9708 37.1643 33.3051 25.1332 26.698 33.3027 22.8532 22.764 27.0867 22.3079 18.117 16.8659 16.4857
threshold=-0.16288578510284421 -0.20576497167348859 -0.56174489110708226 0.86685040593147289 11.315594196319582 0.60380849242210399 6.6477222442626962 0.15942772477865222 -1.2035064697265623 -7.1475689411163321 0.44286108016967779 1.0545857548713686 0.94700106978416454 0.26747262477874761
decision_type=2 2 2 2 2 2 2 2 2 2 2 8 10 2
left_child=11 -2 3 7 5 -4 8 -3 9 -7 -8 -1 -9 -5
right_child=1 2 4 13 -6 6 10 12 -10 -11 -12 -13 -14 -15
leaf_value=-0.00014821367158779895 -0.001636863061732321 0.00061466543369886417 0.0039846977269888941 0.0038232445847618058 -0.00016280704790416409 0.00089535109153268927 0.0070097561351070798 -0.0013882111463043279 0.0033877003874744193 -0.004093628459611318 0.0012756446036010125 0.0010559266404649632 -0.0056237523537152395 -0.00018231490569894769
leaf_weight=2714.4463570341468 2035.4449239764363 138.16674470901489 465.55032200179994 118.19474732503295 838.75247990898788 185.49257953464985 109.1516688503325 214.2507679797709 98.534180724993348 228.7166461609304 241.870332185179 2320.6736435536295 248.08655659854412 542.57759292982519
leaf_count=19569 28961 2113 6223 1744 10972 2399 1406 4651 1318 3053 2972 46538 1918 6911
internal_value=0 -0.000381794 0.000353334 -0.00100539 0.00116314 0.00202621 0.000898502 -0.0027239 -0.000680187 -0.00178767 0.00328284 0.000399499 -0.00380156 0.00050906
internal_weight=0 5464.79 3429.34 1261.28 2168.07 1329.32 863.765 600.504 512.743 414.209 351.022 5035.12 462.337 660.772
internal_count=140748 74641 45680 17337 28343 17371 11148 8682 6770 5452 4378 66107 6569 8655
is_linear=0
shrinkage=0.0101079


Tree=92
num_leaves=15
num_cat=0
split_feature=13 22 27 29 23 14 13 2 23 27 10 18 14 21
split_gain=24.1148 21.3381 34.9588 39.5094 34.1192 23.8462 17.9067 19.5058 17.1178 19.4079 30.2233 21.5504 28.4956 16.4824
threshold=-0.092856191098690019 -0.07142148911952971 -0.47136868536472315 -1.0000000180025095e-35 0.67780628800392162 -10.643760681152342 0.0117440945468843 0.41361752152442938 0.823299139738083 0.5464349389076234 0.11253365501761438 65.500000000000014 -6.6596393585205069 -4.995408058166503
decision_type=2 2 2 2 2 2 2 2 2 2 2 2 2 2
left_child=-1 2 3 -2 -5 -6 13 -8 9 10 -9 12 -11 -4
right_child=1 -3 6 4 5 -7 7 8 -10 11 -12 -13 -14 -15
leaf_value=0.002915530640577983 0.0013446692180926077 0.00049537283225917911 0.00092545052497755164 -0.0051985437697730716 -0.0037682549842051557 -0.00027543156962625076 -0.0022801020656907076 0.0022785408154301079 -0.00017965490330375472 0.0051004605815379517 -0.0020879569303881612 0.0056361998808558038 -0.001215990643552649 -0.0010115102375583673
leaf_weight=277.20692036487162 325.00025156512856 4085.6769776474684 557.43168706819415 352.8003111705184 299.2162611708045 660.094472726807 185.12631413899362 412.71380795538425 670.90067997388542 109.6121588870883 249.58265409059823 223.2842000387609 170.80278108455241 1925.8819523844868
leaf_count=3343 4412 54626 8175 5075 4732 9088 2358 5237 8110 1643 3042 2890 2259 25960
internal_value=0 -6.54986e-05 -0.000445302 -0.00170673 -0.00249664 -0.0014279 6.20462e-06 0.000719744 0.00105221 0.00179208 0.000567558 0.00329046 0.00118219 -0.000558957
internal_weight=0 10228.1 6142.45 1637.11 1312.11 959.311 4505.34 2022.02 1836.9 1166 662.296 503.699 280.415 2483.31
internal_count=140950 137607 82981 23307 18895 13820 59674 25539 23181 15071 8279 6792 3902 34135
is_linear=0
shrinkage=0.0101079


Tree=93
num_leaves=15
num_cat=0
split_feature=13 0 27 7 20 28 3 22 27 28 13 3 10 2
split_gain=19.0287 23.6184 20.8655 19.2556 20.5347 16.4199 17.704 15.2241 19.1858 30.8129 19.3856 27.391 13.8704 12.7027
threshold=-0.089315064251422868 0.53188318014144909 -0.43245348334312433 -26.796333312988278 -0.76988881826400746 0.89194178581237804 0.58715778589248668 0.60867562890052807 -0.49049438536167139 0.6835516393184663 -0.018915127031505104 0.67066720128059398 0.031576905399560935 0.76965805888175975
decision_type=2 2 2 2 2 2 2 2 2 2 2 2 2 2
left_child=3 2 -2 -1 -5 -4 12 8 9 10 11 -3 -7 -12
right_child=1 7 5 4 -6 6 -8 -9 -10 -11 13 -13 -14 -15
leaf_value=-0.00070426747600248381 -0.0059043975412960319 0.00080387653594040395 0.0019066537568219312 0.0071582729806680123 0.00043577451074675467 0 0.00066684820939964221 0.00091248700470238369 0.00021620512774713467 -0.0053516158739656669 0.0025120796255647866 -0.0038630221728927212 -0.0041528629167022317 -0.00031710922380490212
leaf_weight=108.1925038062036 102.11371216736734 177.78916608169675 138.97225597687066 107.71813005022705 102.70094114169478 93.480764931067824 171.80847856774926 1837.7417803835124 5332.5814315099269 142.37391955032945 175.32241141609848 348.29795330390334 280.23368284292519 1417.1281951088458
leaf_count=1233 1627 2713 2309 1235 1435 1328 2445 24023 69952 2093 2286 5232 3869 19388
internal_value=0 -5.02029e-05 -0.0017267 0.0024283 0.004193 -0.000986711 -0.00181315 8.6617e-05 -0.000108644 -0.000890834 -0.000553869 -0.00222104 -0.00305001 0
internal_weight=0 10217.8 786.609 318.612 210.419 684.495 545.523 9431.23 7593.49 2260.91 2118.54 526.087 373.714 1592.45
internal_count=141168 137265 11578 3903 2670 9951 7642 125687 101664 31712 29619 7945 5197 21674
is_linear=0
shrinkage=0.0101079


Tree=94
num_leaves=15
num_cat=0
split_feature=13 7 15 28 29 23 12 22 33 3 10 3 3 13
split_gain=20.3652 22.0684 27.3456 19.8496 23.5132 22.0691 22.482 20.1543 17.8225 23.4667 16.5658 13.9965 13.7278 23.385
threshold=-0.089315064251422868 -26.796333312988278 3.8101762533187871 -0.16288578510284421 1.0000000180025095e-35 1.0214020013809206 -0.099944707006216035 -0.16258341819047925 1.0545857548713686 0.34743042290210729 0.039767071604728706 0.73788717389106762 0.50875043869018566 -0.017840423621237275
decision_type=2 2 2 2 2 2 2 2 8 2 2 2 2 2
left_child=1 -1 -3 8 5 6 -5 12 9 -2 -11 -7 -6 -14
right_child=3 2 -4 4 7 11 -8 -9 -10 10 -12 -13 13 -15
leaf_value=-0.00085943677127799762 -0.002754497072087058 0.0077971029596045011 0.00018821877733105023 -0.0036189964972031187 -0.00057276048138090526 -0.0040807826062095312 0.0011128341178673039 0.00034153411152334492 0.0010898354618298243 -0.0013591625184986396 0.00066999027030304685 2.6937354304789988e-05 -0.0045177141287478092 -0.0013037073105372208
leaf_weight=106.57930024527013 298.37016608566046 108.79941167123616 102.54798065498471 98.51180955208838 1069.1111889351159 160.02920033410192 1674.281058723107 796.46430474892259 2303.194049032405 512.04934848845005 1865.1214924827218 132.95427751168609 333.60942482016981 952.59025351703167
leaf_count=1234 2234 1292 1363 1494 14883 1734 22752 10725 46228 3643 13431 1648 4929 13379
internal_value=0 0.00255072 0.00442537 -1.4209e-05 -0.000453366 0.000369755 0.000812759 -0.00100527 0.000437881 -0.000109754 0.000212972 -0.00212865 -0.00147748 -0.00219038
internal_weight=0 317.927 211.347 10196.3 5217.55 2065.78 1772.79 3151.78 4978.74 2675.54 2377.17 292.983 2355.31 1286.2
internal_count=140969 3889 2655 137080 71544 27628 24246 43916 65536 19308 17074 3382 33191 18308
is_linear=0
shrinkage=0.0101079


Tree=95
num_leaves=15
num_cat=0
split_feature=0 27 28 29 28 29 29 16 5 14 20 14 11 0
split_gain=21.8331 25.018 36.9225 32.7614 31.8718 18.9501 18.6444 18.0284 36.1828 20.8063 24.5112 31.6194 17.6831 26.004
threshold=1.3853200674057009 -0.50938662886619557 0.6835516393184663 -1.0000000180025095e-35 -0.56457334756851185 0.87837970256805431 -0.60785761475563038 0.15510571002960208 -4.5585706233978263 -7.5216050148010245 -0.15887625515460965 -18.08936786651611 0.072373714298009886 0.96889057755470287
decision_type=2 2 2 2 2 2 2 2 2 2 2 2 2 2
left_child=1 2 3 -1 -5 -6 -3 8 -8 10 11 -9 13 -7
right_child=-2 6 -4 4 5 12 7 9 -10 -11 -12 -13 -14 -15
leaf_value=0.0019329202826614909 0.00107886965186587 0.0036405748659549615 -0.0056944001526482834 0.0036331365967693227 -0.00251108918734481 -0.0015348435270696864 -0.0014450954702366968 0.0053867786479471977 0.0031148977896237559 0.00033558992176995048 -0.0019036440198154086 -0.00036553433667817019 -0.0026961591145787116 0.0053036355303140185
leaf_weight=360.25368417613208 1673.8738178275526 141.82570347189903 163.9748268481344 106.0150330979377 1041.5159018132836 90.988585714250803 256.46414069831371 98.585136590525508 491.52884194254875 3495.9724077358842 1199.5501474961638 1165.134017303586 116.98319576121867 110.98600468598306
leaf_count=4802 22103 1783 2432 1342 15040 1416 3676 1433 7504 43183 16975 16317 1520 1482
internal_value=0 -0.000177107 -0.00117395 -0.000724093 -0.00141091 -0.00185164 0.000107708 2.29202e-05 0.00149901 -0.00015725 -0.000871974 8.1005e-05 0.000186045 0.00208601
internal_weight=0 8839.78 1990.72 1826.74 1466.49 1360.47 6849.06 6707.23 747.993 5959.24 2463.27 1263.72 318.958 201.975
internal_count=141008 118905 28034 25602 20800 19458 90871 89088 11180 77908 34725 17750 4418 2898
is_linear=0
shrinkage=0.0101079


Tree=96
num_leaves=15
num_cat=0
split_feature=29 28 27 30 13 13 33 33 15 23 5 33 6 15
split_gain=17.5318 20.8918 57.6989 30.124 24.1835 17.4008 20.4377 17.0755 21.666 15.8414 21.651 16.9372 15.1803 13.0367
threshold=-0.60785761475563038 0.43245348334312445 -0.032717135734856122 -0.56174489110708226 0.023461619392037395 0.070356842130422606 0.94700106978416454 1.0013927817344668 11.496576786041262 0.51340240240097057 -2.7121857404708858 0.99393379688262951 3.353279829025269 21.420234680175785
decision_type=2 2 2 2 2 2 10 8 2 2 2 10 2 2
left_child=-1 13 7 5 9 6 -4 8 -3 -5 -11 -12 -6 -2
right_child=1 2 3 4 12 -7 -8 -9 -10 10 11 -13 -14 -15
leaf_value=0.0033150745428214717 9.8254646654641833e-05 0.00025835189485639941 0 -0.00072650908528977532 -0.0019773248824747382 0.0024401882554254319 -0.0034424419602659862 -0.0037358931225398182 -0.0035229459442028435 -0.0005083084904691081 0.0017826013534161501 0.0056633578599919717 0.0017455242068633698 0.001606890619671574
leaf_weight=152.02380392700434 6475.4765640627593 370.99174623191357 317.96586693264544 123.4287647716701 287.80123574659228 98.294051881879568 367.95143043994904 592.40519382990897 237.44375561922789 129.16040624864399 283.54127925634384 269.83890872448683 164.50054352171719 646.19599804468453
leaf_count=1901 85464 2835 6729 1537 3682 1318 2725 12609 1853 1734 5546 1901 1982 9237
internal_value=0 -5.96031e-05 -0.000734204 0.000282855 0.00126511 -0.00123904 -0.00184573 -0.00248847 -0.00117694 0.00231713 0.00292815 0.00379843 -0.000528788 0.000242397
internal_weight=0 10365 3243.32 2042.48 1258.27 784.211 685.917 1200.84 608.436 805.969 682.541 553.38 452.302 7121.67
internal_count=141053 139152 44451 27154 16382 10772 9454 17297 4688 10718 9181 7447 5664 94701
is_linear=0
shrinkage=0.0101079


Tree=97
num_leaves=15
num_cat=0
split_feature=15 3 14 0 28 29 20 27 0 18 15 15 3 33
split_gain=18.8087 34.0705 32.2574 24.5699 24.4667 31.7719 25.109 24.8705 25.0791 22.3937 23.2656 46.5204 19.6545 22.1803
threshold=3.7448798418045048 0.64104759693145763 -7.3916492462158194 0.52636694908142101 -0.076279435306787477 -1.0000000180025095e-35 -1.6163198947906492 -0.50938662886619557 0.66586667299270641 9.5000000000000018 11.496576786041262 8.6769542694091815 0.5291215479373933 0.9590476155281068
decision_type=2 2 2 2 2 2 2 2 2 2 2 2 2 10
left_child=1 -1 3 -2 5 12 -7 8 -6 -9 11 -11 13 -4
right_child=2 -3 4 -5 7 6 -8 9 -10 10 -12 -13 -14 -15
leaf_value=0.0023093727861233562 -0.0036781350913894411 -0.00045775269521020713 0.00019648840618824185 -0.00065435911663152104 -0.005518982304492129 0.0058965797692781402 0.0012602404084684161 -0.003912145074250555 -0.00086336440070789973 -0.00086671064295051848 -0.0002303863482968898 0.0048996444634819792 0.00077225358059644731 -0.0049873311877303012
leaf_weight=917.10047138296068 303.33178605511785 851.29583946801722 124.8794661257416 3201.3612395804375 155.1667497921735 127.10261951945722 1966.8788465652615 115.0415871758014 564.76230940967798 244.70020807906985 1179.7968587968498 299.78181181848049 284.13054899871349 182.43432074040174
leaf_count=13660 4782 12160 2318 44927 2152 1529 24390 1483 7480 3189 14732 3399 3512 1338
internal_value=0 0.000958249 -0.000182366 -0.000935022 0.000313506 0.00099042 0.00158132 -0.000381838 -0.00196983 0.000223362 0.000538686 0.00225863 -0.00102754 -0.00279854
internal_weight=0 1768.4 8749.37 3504.69 5244.68 2685.43 2093.98 2559.25 719.929 1839.32 1724.28 544.482 591.444 307.314
internal_count=141051 25820 115231 49709 65522 33087 25919 32435 9632 22803 21320 6588 7168 3656
is_linear=0
shrinkage=0.0101079


Tree=98
num_leaves=15
num_cat=0
split_feature=23 27 28 3 16 29 14 29 30 2 20 10 28 18
split_gain=21.8066 23.5425 35.3766 30.8615 33.4192 27.6734 21.3086 21.2097 19.0865 27.2425 32.5447 35.3419 24.1094 16.6939
threshold=2.1015208959579472 -0.56457334756851185 0.43245348334312445 0.67066720128059398 0.17223725467920306 0.87837970256805431 -10.396373748779295 -1.0000000180025095e-35 1.0000000180025095e-35 1.4096522331237795 -2.1626014709472652 0.22185439616441729 0.11969653144478799 75.500000000000014
decision_type=2 2 2 2 2 2 2 2 2 2 2 2 2 2
left_child=1 2 3 4 -1 6 -5 -4 9 12 11 -11 -3 -6
right_child=-2 8 7 5 13 -7 -8 -9 -10 10 -12 -13 -14 -15
leaf_value=0.0065474349964842853 0.0020571771077390988 0.0001036500923507982 0.00026286305158355769 -0.0039615739827762704 -0.00059033428534818386 0.0013966240760620832 -0.00083194710332054362 -0.0040740465997447326 0.00078388615177388591 0.0076603123958008086 0 0 -0.0015656963499645282 0.0028399326392525739
leaf_weight=100.97600232250988 493.52939338237047 1959.7281070705503 128.51452293805778 368.19388532452285 460.12762358784676 299.17410752736032 669.25191637314856 466.49259278178215 3159.1703513842076 139.40931573696434 453.1163634378463 96.018394799903035 1541.7763657961041 196.56894413381815
leaf_count=1377 6135 25928 1774 5520 6257 4151 9299 6997 40959 1906 5874 1296 21394 2233
internal_value=0 -0.000103224 -0.000913606 -0.000270283 0.00132613 -0.00120774 -0.00200224 -0.00307866 0.000188455 -0.000251443 0.00155925 0.00454352 -0.000621659 0.000396317
internal_weight=0 10038.5 2689.3 2094.29 757.673 1336.62 1037.45 595.007 7349.22 4190.05 688.544 235.428 3501.5 656.697
internal_count=141100 134965 37608 28837 9867 18970 14819 8771 97357 56398 9076 3202 47322 8490
is_linear=0
shrinkage=0.0101079


Tree=99
num_leaves=15
num_cat=0
split_feature=0 27 14 29 21 17 0 3 28 11 3 14 30 3
split_gain=19.1563 20.5482 21.8339 14.3925 14.2101 18.3812 12.9054 19.9398 17.2669 15.8317 18.5012 28.1781 15.6918 19.3095
threshold=0.53188318014144909 -0.41268247365951533 -7.1301894187927237 -0.60785761475563038 -1.462179362773895 77.500000000000014 1.8915362954139712 0.5729874074459077 -0.22706275433301923 0.073581989854574217 0.85334494709968578 -4.3504509925842276 0.81174489855766307 0.65910112857818615
decision_type=2 2 2 2 2 2 2 2 2 2 2 2 2 2
left_child=1 -1 4 -2 5 -3 7 -5 12 10 11 -10 -9 -14
right_child=3 2 -4 6 -6 -7 -8 8 9 -11 -12 -13 13 -15
leaf_value=-0.0053022533458975075 0.0032923182445657902 -0.0039891937587491003 0.0010859796590001827 0.00042342570265104364 -0.0052102354794827674 0.0011924323281527636 0.0015558680178822998 0.0006464948315902441 -0.0022556261826058199 -0.0023431191296321248 0.0010032156602752735 0.0020696097041876466 0.0012273566024766855 -0.0035023855422070308
leaf_weight=116.46045053377748 139.18051378056407 107.04791120998561 332.75766477547586 4969.7784574534744 120.22119666077197 156.53964026086032 569.47672645188868 1475.7897497303784 734.70422450453043 747.15322063677013 513.08536973409355 178.33821351453662 122.11636430583894 221.82931960374117
leaf_count=1843 1708 1593 4440 65886 2055 2313 7785 18817 10197 10251 7519 2258 1386 2909
internal_value=0 -0.0014467 -0.000714873 0.000143528 -0.00237038 -0.000815646 9.07103e-05 0 -0.000534939 -0.00114411 -0.000478572 -0.00135667 0.000172165 -0.00171773
internal_weight=0 833.027 716.566 9671.45 383.809 263.588 9532.27 8962.79 3993.02 2173.28 1426.13 913.042 1819.74 343.946
internal_count=140960 12244 10401 128716 5961 3906 127008 119223 53337 30225 19974 12455 23112 4295
is_linear=0
shrinkage=0.0101079


Tree=100
num_leaves=15
num_cat=0
split_feature=23 3 16 14 0 21 13 5 12 29 15 20 17 5
split_gain=18.861 19.9918 28.7764 30.2606 27.2937 21.6969 33.4453 20.4562 20.0585 24.6725 19.3432 38.428 19.2495 16.991
threshold=1.5202746987342837 0.56840026378631603 0.15510571002960208 -7.4560420513153067 0.52101463079452526 6.360687494277955 0.018972828052937988 -3.9477062225341792 -0.043224057182669633 0.6078576147556306 7.5999095439910898 0.030186580494046215 13.500000000000002 1.7451181411743166
decision_type=2 2 2 2 2 2 2 2 2 2 2 2 2 2
left_child=1 2 7 4 -4 6 12 -1 -9 -10 -8 -12 -3 -6
right_child=-2 5 3 -5 13 -7 10 8 9 -11 11 -13 -14 -15
leaf_value=-0.00031432097942435221 0.0010096809348147753 0.0011325034508190503 -0.0043746455045081461 0.00061701466659991994 3.1955892368821737e-06 -0.0023332916814060977 0.005881268018371414 0.006130865841540864 -0.0010575368481200412 0.005056669429528475 -0.0027159336614515266 0.0036075819799845691 -0.0012507929791984776 -0.0020978754016934796
leaf_weight=194.02462227642536 1466.9921942707151 389.48509686999023 216.3199811745435 2632.6429069098085 1325.7581339236349 746.04425214417279 99.564494710415602 170.54940254427493 149.19028231501579 102.73211206309497 161.78534343279898 217.15911964513361 2127.9157862383872 529.72196681797504
leaf_count=2703 18956 4866 3503 32545 18671 10072 1364 2402 2352 1484 2278 2575 29655 7702
internal_value=0 -0.00022166 0.000170232 -9.1927e-05 -0.00101122 -0.00078893 -0.000385916 0.00221229 0.00345182 0.00135514 0.00201851 0.000802759 -0.000863709 -0.00058104
internal_weight=0 9062.89 5320.94 4704.44 2071.8 3741.95 2995.91 616.496 422.472 251.922 478.509 378.944 2517.4 1855.48
internal_count=141128 122172 71362 62421 29876 50810 40738 8941 6238 3836 6217 4853 34521 26373
is_linear=0
shrinkage=0.0101079


Tree=101
num_leaves=15
num_cat=0
split_feature=28 27 29 0 30 13 13 18 3 2 29 11 11 3
split_gain=15.1495 18.6551 33.9659 33.7039 25.5867 32.2762 27.7723 27.6859 24.6592 22.4869 20.5148 18.3879 17.5777 17.0744
threshold=-0.71473535895347584 -0.11969653144478797 -1.0000000180025095e-35 1.0300146937370303 -0.56174489110708226 0.057688271626830108 -0.074488174170255647 87.500000000000014 0.70182654261589061 0.8380262851715089 0.87837970256805431 0.082800339907407774 0.035164752975106246 0.51821836829185497
decision_type=2 2 2 2 2 2 2 2 2 2 2 2 2 2
left_child=-1 2 12 9 5 8 -6 -7 -3 -4 -5 -12 -2 -14
right_child=1 4 3 10 6 7 -8 -9 -10 -11 11 -13 13 -15
leaf_value=0.00061035407794102496 0.003606371319197253 -0.0019296886829541127 -2.8264513702463467e-05 -0.0010144864828065142 0.0045474412011615754 0.0046525270935820172 0.00048031890126543384 -0.00144383675453733 0.0022344209375891387 -0.0031405945640811893 0.0033570220826087565 -0.0010723582453038242 0.0037066719360850857 -0.00087261830297732262
leaf_weight=2783.2515538167208 198.2844374421984 1254.546648060903 338.35717801190913 832.04021930508316 180.8927236367017 177.11031994596124 2547.2838961444795 111.08000033907592 149.09517213702202 1068.9269614275545 255.46775147132576 128.10487150400877 97.210784496739507 391.57382296398282
leaf_count=36367 2492 17204 4865 11254 2372 2440 33218 1371 1937 15766 3512 1574 1087 5476
internal_value=0 -0.000257756 -0.000832711 -0.00136321 0.00016435 -0.000798369 0.000776728 0.00218922 -0.00144899 -0.0024251 -9.33275e-05 0.00178212 0.00112693 0
internal_weight=0 7729.97 3309.97 2622.9 4420.01 1691.83 2728.18 288.19 1403.64 1407.28 1215.61 383.573 687.069 488.785
internal_count=140935 104568 46026 36971 58542 22952 35590 3811 19141 20631 16340 5086 9055 6563
is_linear=0
shrinkage=0.0101079


Tree=102
num_leaves=15
num_cat=0
split_feature=13 14 0 7 10 15 13 23 28 20 22 12 15 20
split_gain=20.3645 20.1585 27.1609 25.0466 35.2932 20.3344 21.0462 24.1132 20.1986 20.3731 19.2397 18.5619 17.5355 27.6429
threshold=-0.089315064251422868 -7.3916492462158194 0.52101463079452526 0.4778373539447785 0.1441653519868851 6.508254051208497 0.015948743559420112 1.104556202888489 0.91080963611602794 -2.8431303501129146 -0.30196571350097651 -0.027911213226616379 11.315594196319582 -0.31817407906055445
decision_type=2 2 2 2 2 2 2 2 2 2 2 2 2 2
left_child=-1 2 -2 4 -3 -5 7 -7 10 -10 -4 -11 13 -8
right_child=1 3 8 5 -6 6 12 -9 9 11 -12 -13 -14 -15
leaf_value=0.0024784538474465936 -0.0032419588753090155 0.00092363935063942599 -0.0013821191306589674 0.0041222145754002881 0.0064260995723933977 -0.0024617768393840633 -0.0001923087871616192 0.0007590589154615094 0.0055238898963348056 -0.0028793213049939726 4.518427271984532e-06 0.0022632693459754632 4.3729597326202933e-05 0.0052891120893719537
leaf_weight=322.67679238319397 348.5676531586796 742.4468776229769 1648.3163744062185 113.66547410748899 142.34018372371793 672.07623718306422 171.90009257756174 335.88972914777696 103.69836348854005 103.90516568347812 2521.6487530916929 185.90008497051895 2956.2385077252984 168.30814123153687
leaf_count=3937 5642 9207 24182 1357 1662 8617 1946 4501 1347 1600 35898 2644 36773 1975
internal_value=0 -7.12218e-05 -0.000540633 0.000356119 0.00190162 3.47131e-05 -7.0938e-05 -0.00135097 -0.000320371 0.00182443 -0.000535425 0.000256743 0.00031042 0.00245959
internal_weight=0 10214.9 4912.04 5302.87 884.787 4418.08 4304.41 1007.97 4563.47 393.504 4169.97 289.805 3296.45 340.208
internal_count=141288 137351 71313 66038 10869 55169 53812 13118 65671 5591 60080 4244 40694 3921
is_linear=0
shrinkage=0.0101079


Tree=103
num_leaves=15
num_cat=0
split_feature=13 13 15 2 22 15 23 2 21 33 18 16 29 15
split_gain=21.7229 20.4273 27.9152 25.1329 20.0056 27.1732 16.6338 24.1902 18.7067 18.5916 24.1038 17.2672 17.2662 16.3694
threshold=-0.089315064251422868 -0.018358848989009854 3.050536155700684 1.49392306804657 -0.078934807330369935 10.05117177963257 1.5202746987342837 0.82778537273406994 3.6604379415512089 0.9590476155281068 54.500000000000007 0.75105208158493053 1.0000000180025095e-35 4.4432213306427011
decision_type=2 2 2 2 2 2 2 2 2 10 2 2 2 2
left_child=13 2 3 -2 5 -4 7 8 11 10 -10 -3 -11 -1
right_child=1 6 4 -5 -6 -7 -8 -9 9 12 -12 -13 -14 -15
leaf_value=0.0041009065564193512 0.0022431996004532188 0.00085578646956761665 -0.0028625079383104855 -0.0014458919162888013 0 0.0010617380712535545 0.0012618782321782453 -0.00058059487631738208 -0.002020619849047214 -0.0041038644500057788 0.0030544710995958173 0.0038936402263644674 -9.5897017426851961e-05 -0.00037758841763885464
leaf_weight=214.68771475367248 456.30239094235003 1538.3791923262179 1104.7362117040902 298.72014697827399 639.13171706162393 194.36414388380945 1149.10260559991 3725.2316819541156 139.18788449466228 195.05665638297796 241.85664644837379 226.90736116655171 288.28609227389097 106.84629420377314
leaf_count=2508 7407 20439 15394 4326 9305 2591 14369 49486 2954 1408 4663 2664 2107 1399
internal_value=0 -0.000121002 -0.000876995 0.000730667 -0.00152447 -0.00224162 0.000145554 -5.12075e-05 0.000682884 -0.000499181 0.00109317 0.00128419 -0.00183448 0.00251541
internal_weight=0 10197.3 2693.25 755.023 1938.23 1299.1 7504.01 6354.91 2629.67 864.387 381.045 1765.29 483.343 321.534
internal_count=141020 137113 39023 11733 27290 17985 98090 83721 34235 11132 7617 23103 3515 3907
is_linear=0
shrinkage=0.0101079


Tree=104
num_leaves=15
num_cat=0
split_feature=23 27 28 30 28 2 30 33 29 27 2 20 2 23
split_gain=18.9814 25.7163 24.7802 23.2938 23.9754 23.0732 21.4342 22.5975 20.314 16.7532 27.0149 15.3375 14.9419 23.4403
threshold=2.1015208959579472 -0.61734244227409352 0.41268247365951544 1.0000000180025095e-35 0.1413247883319855 0.65365257859230053 1.0000000180025095e-35 0.90112781524658214 -1.0000000180025095e-35 -0.20576497167348859 1.2118335962295534 -0.15887625515460965 1.1232141852378847 0.81718361377716076
decision_type=2 2 2 2 2 2 2 10 2 2 2 2 2 2
left_child=1 2 5 4 -3 -1 -7 -8 -4 -6 -11 -9 13 -5
right_child=-2 3 8 12 9 6 7 11 -10 10 -12 -13 -14 -15
leaf_value=0.0038595512648795234 0.0019348823382381302 0.00037335591570111055 0.00048617939700305179 0.0023594040314909755 -0.0039680297688531726 0.00018360598477455478 0 -0.0058115209581880755 -0.0037511000658156991 -0.0014025024774441167 0.0019391733628504695 -0.001506895953387772 -6.6480927954372523e-05 0.00019048136705209607
leaf_weight=112.83647068403661 493.65165011957288 2438.8282943237573 129.70271657407284 1124.6311255954206 192.30986814200878 1111.5932876169682 338.02679365128279 180.07029066979885 463.57077368348837 1327.5842573288828 287.76789169758558 229.74140059202909 1078.6341805160046 1007.3279208894819
leaf_count=1501 6089 32313 1798 14884 2815 15386 7248 1365 6952 18477 3739 1790 13710 13004
internal_value=0 -7.99731e-05 -0.000954247 0.000216056 -0.000267809 -0.000381172 -0.00067493 -0.00199363 -0.00276293 -0.00115309 -0.000775925 -0.00356703 0.00086774 0.00135787
internal_weight=0 10022.6 2565.54 7457.08 4246.49 1972.27 1859.43 747.838 593.273 1807.66 1615.35 409.812 3210.59 2131.96
internal_count=141071 134982 36040 98942 57344 27290 25789 10403 8750 25031 22216 3155 41598 27888
is_linear=0
shrinkage=0.0101079


Tree=105
num_leaves=15
num_cat=0
split_feature=0 15 27 28 9 3 3 0 0 6 15 3 12 7
split_gain=17.8471 20.4921 16.2658 17.3737 14.2905 14.5291 14.1515 11.9316 11.347 15.5591 18.4977 21.5035 22.8087 13.8368
threshold=0.53188318014144909 3.8101762533187871 -0.39271505177021021 0.91959547996521007 0.080241166055202498 0.46739956736564642 0.58099377155303966 1.060299336910248 1.7803847789764407 -9.8139400482177717 1.9873027205467226 0.64104759693145763 -0.043224057182669633 -3.9374462366104122
decision_type=2 2 2 2 2 2 2 2 2 2 2 2 2 2
left_child=1 -1 -3 -4 5 -2 -5 -7 9 -6 11 12 -11 -12
right_child=4 2 3 6 8 7 -8 -9 -10 10 13 -13 -14 -15
leaf_value=0.0022456276660199784 0.0017813817680638543 -0.0058207975346883743 0.0015726033447302523 -0.0033724688001768865 -0.0019954058117148932 -0.00065912022946427453 0.00022291944857246913 0.0012402814796283255 0.0012303629234407189 0.0068046087663189972 -0.0010698589416676164 -0.0011472166538909971 0.00043519717384793341 5.952417567126924e-05
leaf_weight=117.73970196209848 956.40815156325698 100.65023896470666 139.8461696524173 339.63697422854602 453.97449724748731 778.48078441806138 133.85897031985223 575.81025979295373 606.12666412629187 121.77050112374127 1437.8049823530018 119.79604469612241 131.97616507485509 4512.4019190985709
leaf_count=1816 12868 1616 2267 4677 6313 10587 1862 7684 8147 1716 19734 1749 2039 58147
internal_value=0 -0.0014004 -0.00207515 -0.00133128 0.000135548 0.000829396 -0.00228445 0.000121146 -7.67379e-05 -0.000200852 -6.33764e-05 0.00208593 0.0037562 -0.000207603
internal_weight=0 831.732 713.992 613.342 9694.55 2310.7 473.496 1354.29 7383.85 6777.72 6323.75 373.543 253.747 5950.21
internal_count=141222 12238 10422 8806 128984 31139 6539 18271 97845 89698 83385 5504 3755 77881
is_linear=0
shrinkage=0.0101079


Tree=106
num_leaves=15
num_cat=0
split_feature=28 10 33 13 13 15 2 8 15 6 14 15 2 21
split_gain=16.2782 16.8422 20.6875 16.8096 20.2908 26.862 25.7326 18.1155 16.8884 16.1627 15.2905 15.288 13.9479 28.5126
threshold=-0.69930991530418385 0.042555782943964011 1.0545857548713686 -0.089315064251422868 -0.018915127031505104 2.9237256050109868 1.49392306804657 2.6623026132583623 4.1839714050292978 -2.4904377460479732 -7.1301894187927237 8.3214159011840838 0.82778537273406994 3.6604379415512089
decision_type=2 2 8 2 2 2 2 2 2 2 2 2 2 2
left_child=1 2 -1 8 5 6 -5 12 -2 -7 -4 -9 13 -6
right_child=3 -3 10 4 7 9 -8 11 -10 -11 -12 -13 -14 -15
leaf_value=-0.0022097538755999559 0.0040647878030922544 0.0011233438604164548 -0.00067121339015592009 0.0025911718832402689 0.0013508109877849014 -0.0033876945716839898 -0.0019230111021462278 0.0052283945563483102 -0.00071073420704281776 -0.0010488603282964269 0.0036234727465396907 0.00057411425663067919 -0.00058900110511286787 -0.0011968494595501523
leaf_weight=390.28898236900568 175.01238360255957 2164.7727653160691 164.660864174366 312.10367481783032 1338.6657727416605 499.81284013576806 200.73098421655595 109.89048586785793 104.42363740690053 972.5387479364872 140.98424974270165 257.19523847661912 3016.7300799842924 652.25234726816416
leaf_count=2773 2113 28293 3472 5160 17593 6992 2992 1501 1372 13900 2799 3335 40159 8435
internal_value=0 0.00067754 -0.000648759 -0.000214803 -0.000312908 -0.00118416 0.000744154 2.59301e-06 0.00216768 -0.00188355 0.00122053 0.00215361 -0.00015005 0.000494515
internal_weight=0 2860.71 695.934 7639.36 7359.92 1985.19 512.835 5374.73 279.436 1472.35 305.645 367.086 5007.65 1990.92
internal_count=140889 37337 9044 103552 100067 29044 8152 71023 3485 20892 6271 4836 66187 26028
is_linear=0
shrinkage=0.0101079


Tree=107
num_leaves=15
num_cat=0
split_feature=0 27 28 15 14 17 33 27 30 2 15 30 15 1
split_gain=19.1896 30.0942 21.7175 16.7481 22.0141 15.3786 15.3156 12.8534 26.2226 22.4969 22.7707 21.4262 19.7277 22.1333
threshold=0.55220460891723644 -0.45201864838600153 0.75894212722778331 6.2896611690521249 -7.0697307586669913 55.500000000000007 2.0062500238418584 -0.71473535895347584 1.0000000180025095e-35 1.6593780517578127 20.783658027648929 -0.56174489110708226 12.927700519561769 1.4543463587760928
decision_type=2 2 2 2 2 2 8 2 2 2 2 2 2 2
left_child=1 -1 -3 6 -5 -6 -4 8 9 -2 -11 12 13 -9
right_child=7 2 3 4 5 -7 -8 11 -10 10 -12 -13 -14 -15
leaf_value=-0.0057156439642882632 0.0014653706540686741 0.0021635821854037183 0.0031599718238716911 -0.0056739681524464276 0.0017024258455421433 -0.0028442532063934333 -0.0020683186100134161 -0.0016050275650519778 -0.001783378773911191 -0.0019596766823739807 0.0022097136412989908 0.00080601520208822223 0.0007434781138152052 0.0012805485048259461
leaf_weight=132.32656992413104 831.1696436163038 205.95238723605871 116.54606642574072 153.51019518263638 121.57595865055919 160.55325163900852 91.595893016085029 1339.7318275924772 960.61061283014715 555.04400967434049 160.91852032579482 4354.2966581173241 1024.1976034920663 318.39932319894433
leaf_count=2086 11112 3315 863 2395 1545 2092 2241 18617 13539 7729 2266 56366 12611 4307
internal_value=0 -0.00133718 -0.000563285 -0.00151294 -0.00264558 -0.000751985 0.00067972 0.000141391 -0.000472019 0.000320911 -0.00095318 0.000366024 -0.000333431 -0.00102329
internal_weight=0 982.06 849.734 643.781 435.639 282.129 208.142 9544.37 2507.74 1547.13 715.963 7036.63 2682.33 1658.13
internal_count=141084 14537 12451 9136 6032 3637 3104 126547 34646 21107 9995 91901 35535 22924
is_linear=0
shrinkage=0.0101079


Tree=108
num_leaves=15
num_cat=0
split_feature=29 13 23 27 15 28 15 14 2 14 7 16 23 4
split_gain=19.5962 21.1812 22.5941 36.4178 18.1522 17.9738 18.6904 24.5532 24.2258 14.4276 26.7513 28.9869 21.6703 20.9548
threshold=-0.60785761475563038 -0.089315064251422868 0.54799306392669689 -0.49049438536167139 4.1839714050292978 0.58244305849075328 6.2896611690521249 -7.0697307586669913 0.6180417835712434 -7.3916492462158194 1.0000000180025095e-35 0.65199697017669689 0.84889179468154918 -1.8003348112106321
decision_type=2 2 2 2 2 2 2 2 2 2 2 2 2 2
left_child=-1 4 3 -3 -2 -5 8 -8 -7 13 11 12 -11 -4
right_child=1 2 9 5 -6 6 7 -9 -10 10 -12 -13 -14 -15
leaf_value=0.0035900033235978998 0.0043700934644877567 -0.0063237023246823579 0.00082045096206389775 0.0015947869151883259 -0.00032393424157576032 0.0048844840817549784 -0.0055421357858699951 -0.00084487083936218258 -0.0016568004241031748 -0.0021806336936332845 0.00016789520846064698 0.0047108159580503415 0.0024922009094330518 -0.00074431811282693562
leaf_weight=152.05808436870575 200.30971667356789 129.52234607003629 1184.0526577848941 244.20429910905659 114.52298540063202 88.024947749450803 175.87990179099143 379.81874793022871 128.47005337104201 166.53514294140041 3898.4995534904301 293.82848737575114 226.06496301665902 3139.9901276435703
leaf_count=1897 2339 1993 16720 3653 1461 1258 2647 4627 1964 1986 48766 3595 2811 45419
internal_value=0 1.67445e-05 -6.10579e-05 -0.00139469 0.00256976 -0.000684578 -0.00146591 -0.0024584 0.000897899 0.000106987 0.000504963 0.00233805 0.000405081 -0.000305797
internal_weight=0 10369.7 10054.9 1145.92 314.833 1016.4 772.194 555.699 216.495 8908.97 4584.93 686.429 392.6 4324.04
internal_count=141136 139239 135439 16142 3800 14149 10496 7274 3222 119297 57158 8392 4797 62139
is_linear=0
shrinkage=0.0101079


Tree=109
num_leaves=15
num_cat=0
split_feature=23 27 30 30 2 3 1 7 15 2 13 15 16 13
split_gain=15.0109 19.8424 25.0025 20.8446 23.1331 34.5766 19.7196 19.4185 17.4611 28.3983 16.6325 40.2432 25.9861 34.8001
threshold=2.1015208959579472 -0.69930991530418385 1.0000000180025095e-35 1.0000000180025095e-35 1.5313028097152712 0.65910112857818615 1.4156525135040285 8.8883581161499041 3.8709112405776982 1.3498839735984804 0.01304474286735058 11.496576786041262 0.66356635093688976 -0.0033969398355111475
decision_type=2 2 2 2 2 2 2 2 2 2 2 2 2 2
left_child=1 3 6 4 7 -6 10 -1 9 -4 12 -12 -3 -14
right_child=-2 2 8 -5 5 -7 -8 -9 -10 -11 11 -13 13 -15
leaf_value=0.00199015496805532 0.0016344684586292292 -0.0017997577345909691 0.0037147495468992744 -0.002109185977620678 0.0033078833233508124 -0.0025095363709400501 0.0011366539738559506 -0.0017623357776282314 0.00039325437489139701 -0.00093044808357596695 0.0031249568697306286 -0.00075871334888737889 0.0058995785592525097 -0.00095803671412168507
leaf_weight=566.54086474888027 495.31607083790004 1736.3005799110979 429.38400560617447 955.81313862651587 114.40438285842538 588.5637172870338 688.91846697963774 169.3693297188729 2696.7046852596104 172.61998717673123 337.90759836137295 1277.5538325700909 103.78931727819145 209.28932318091393
leaf_count=8036 6117 25106 6111 13624 1383 8681 9046 1931 34437 2201 4235 16436 1383 2563
internal_value=0 -0.000151851 9.48416e-05 -0.000954834 -0.000152945 -0.00148043 -0.00040175 0.00106283 0.000761925 0.00232137 -0.000703729 3.9561e-05 -0.0013073 0.00127537
internal_weight=0 10047.2 7652.47 2394.69 1438.88 702.968 4353.76 735.91 3298.71 602.004 3664.84 1615.46 2049.38 313.079
internal_count=141290 135173 101518 33655 20031 10064 58769 9967 42749 8312 49723 20671 29052 3946
is_linear=0
shrinkage=0.0101079


Tree=110
num_leaves=15
num_cat=0
split_feature=23 27 30 28 27 30 18 3 11 15 8 21 3 23
split_gain=17.5557 18.9203 19.9257 25.3884 20.9633 19.1465 19.5553 19.1715 21.5081 27.107 20.2371 19.9035 18.6148 19.433
threshold=2.1015208959579472 -0.65106672048568714 1.0000000180025095e-35 0.1413247883319855 -0.20576497167348859 1.0000000180025095e-35 88.500000000000014 0.48512797057628637 0.063500594347715392 21.186862945556644 0.65253323316574108 4.630704641342164 0.67501461505889904 0.7953455150127412
decision_type=2 2 2 2 2 2 2 2 2 2 2 2 2 2
left_child=1 5 3 -3 -5 7 -7 -1 10 11 -9 -10 -6 -14
right_child=-2 2 -4 4 12 6 -8 8 9 -11 -12 -13 13 -15
leaf_value=0.0034077278321926899 0.0018495392955924902 0.00037612775120074752 0.0007680598386311093 -0.0042428808975941501 -0.0011966272130416518 -0.0025741530099403316 0.0010939393144809911 -0.00055230560058278978 -0.0009704319352958578 0.0018632662831882087 0.0028860867875917942 -0.0052342758850613775 0.0049820997126270783 -0.00083864653691630338
leaf_weight=134.15609854832292 497.45409755967557 2465.425469622016 3234.1129595208913 202.12819925881922 1405.6915101278573 827.05117552354932 159.00597028248012 450.8526998758316 287.63860336318612 139.80465088412166 263.55275198817253 218.86395946703851 102.34125697240233 101.10055332258344
leaf_count=1634 6141 32621 41956 2982 19471 11994 2127 6641 4098 1965 3903 2516 1505 1190
internal_value=0 -8.15078e-05 0.000166929 -0.000278764 -0.00119028 -0.000848108 -0.00193804 -9.601e-05 -0.00048813 -0.00183101 0.000677169 -0.002942 -0.000763568 0.00197188
internal_weight=0 9991.73 7510.8 4276.69 1811.26 2480.93 986.057 1494.87 1360.71 646.307 714.405 506.503 1609.13 203.442
internal_count=140744 134603 99725 57769 25148 34878 14121 20757 19123 8579 10544 6614 22166 2695
is_linear=0
shrinkage=0.0101079


Tree=111
num_leaves=15
num_cat=0
split_feature=13 0 27 14 30 23 20 12 21 14 27 23 15 5
split_gain=17.5776 18.9423 27.6446 17.3608 15.4749 13.8631 13.8231 21.9259 13.2836 12.7492 12.4787 12.8807 11.4357 21.4313
threshold=-0.089315064251422868 0.54242739081382763 -0.43245348334312433 -7.1301894187927237 -0.56174489110708226 2.190882802009583 -9.8715405464172346 -0.1176495887339115 -1.462179362773895 -4.9347403049468985 -0.49049438536167139 0.96350556612014782 3.3625049591064458 -4.373703956604003
decision_type=2 2 2 2 2 2 2 2 2 2 2 2 2 2
left_child=4 2 -2 8 -1 6 -3 10 -4 -5 11 -8 13 -9
right_child=1 5 3 9 -6 -7 7 12 -10 -11 -12 -13 -14 -15
leaf_value=-2.4622158688963153e-06 -0.0059811822837831635 0.0034335747961343637 -0.00061929461747927143 0.0032855243883783396 0.0041559159571539347 0.0018565963872769645 -0.0068404700749585511 -0.00068560895328285368 -0.0048208003023757131 -0.000478969974823232 0 -0.0015067591458440531 -0.00010991196479165092 0.0023494200127012958
leaf_weight=138.89612975157797 116.55490308813751 107.54723666608334 244.50982880778611 128.08994459733367 183.5265215113759 404.52017201669514 89.25278303027153 380.46561918966472 129.68839004635811 239.75630261562765 141.88889288343489 151.7830864302814 7506.9750893823802 551.65046104975045
leaf_count=1542 1873 1478 3735 1811 2358 4987 1446 5543 2251 3079 2086 2170 98053 8536
internal_value=0 -8.63264e-05 -0.0015175 -0.000708596 0.0022832 4.21174e-05 -3.70647e-05 -8.68926e-05 -0.00224876 0.000764168 -0.00242908 -0.00379397 1.66887e-05 0.001072
internal_weight=0 10192.7 858.599 742.044 322.423 9334.08 8929.56 8822.02 374.198 367.846 382.925 241.036 8439.09 932.116
internal_count=140948 137048 12749 10876 3900 124299 119312 117834 5986 4890 5702 3616 112132 14079
is_linear=0
shrinkage=0.0101079


Tree=112
num_leaves=15
num_cat=0
split_feature=28 10 33 13 0 27 2 20 27 13 27 23 7 2
split_gain=16.4271 19.391 20.773 18.3891 17.3772 18.1085 14.1473 20.0849 34.2839 15.0108 18.7794 29.1761 23.948 20.6207
threshold=-0.69930991530418385 0.04185928218066693 1.0545857548713686 -0.089315064251422868 0.52636694908142101 0.39271505177021032 0.73829221725463878 1.2033851742744448 0.66746801137924205 0.015538497827947141 -0.076279435306787477 0.84889179468154918 4.3180909156799325 1.3890150785446169
decision_type=2 2 8 2 2 2 2 2 2 2 2 2 2 2
left_child=1 2 -1 -2 5 -5 7 -6 -9 -8 12 13 -11 -12
right_child=3 -3 -4 4 6 -7 9 8 -10 10 11 -13 -14 -15
leaf_value=-0.0023818140467175707 0.0022165379183970344 0.0011031890296216663 0.0010684412127064439 -0.0025650865803162766 0.0012040289540293677 0.0013957278570794684 -0.0009999178418973226 0.0017802537866255068 -0.0032994555479038761 0.0027642490429685192 0.0014888531567921464 -0.00036199184672070482 -0.0013466336892673579 0.0066150046732074159
leaf_weight=384.61251475661993 281.76011829264462 2189.588157325983 302.03301637805998 616.21769155934453 1348.561773635447 125.98751041851938 2641.5144579987973 222.74713204987347 304.88067613169551 157.59428557381034 313.29140422306955 521.16918585263193 976.79448927380145 121.72033312357962
leaf_count=2729 3495 28540 6184 8926 18518 2112 36781 2867 3987 2262 3950 6015 12979 1552
internal_value=0 0.00063129 -0.000810766 -0.000263707 -0.000366485 -0.00183138 -0.000193912 0.000537157 -0.0010845 -0.000492711 0.000130169 0.00118493 -0.000725412 0.00310402
internal_weight=0 2876.23 686.646 7632.24 7350.48 742.205 6608.27 1876.19 527.628 4732.08 2090.57 956.181 1134.39 435.012
internal_count=140897 37453 8913 103444 99949 11038 88911 25372 6854 63539 26758 11517 15241 5502
is_linear=0
shrinkage=0.0101079


Tree=113
num_leaves=15
num_cat=0
split_feature=0 27 28 23 2 2 14 15 2 27 22 23 13 13
split_gain=15.0191 21.3117 15.6479 15.6501 13.7772 17.4808 12.9567 34.5368 11.9276 15.5521 18.0338 11.402 11.2034 14.7025
threshold=0.54242739081382763 -0.41268247365951533 0.74455857276916515 0.49096632003784185 4.4996695518493661 3.1709257364273076 -7.0697307586669913 5.823810577392579 1.7246151566505434 -0.39271505177021021 -0.35157096385955805 2.2445715665817265 -0.020500086247920987 0.031995112076401717
decision_type=2 2 2 2 2 2 2 2 2 2 2 2 2 2
left_child=1 -1 3 -3 5 8 7 -4 11 10 12 -2 -10 -14
right_child=4 2 6 -5 -6 -7 -8 -9 9 -11 -12 -13 13 -15
leaf_value=-0.0048731923013607247 0.00022001166282303273 0.0051732152612059571 0.00039473218849902787 -0.0003422198282928333 -0.002769095148748517 0.0027689218013359248 0.00015157348492224535 -0.006024611524534193 -0.0064426334862500868 0.00059194686914837294 -0.00046404521955636696 0.0027634389127558379 0.00099388855090645246 -0.0042334957212388832
leaf_weight=132.30390247888863 7585.0523496586829 79.236308353021741 157.47395374253392 100.42708361148834 152.85405275225639 257.88533773459494 272.46659781038761 153.80305656418204 97.910282330587506 542.15271802060306 621.8802527487278 180.65707472153008 84.62253388017416 104.11384250223637
leaf_count=2099 99993 1329 2422 1577 2179 3807 3472 2372 1423 7031 8465 2047 1414 1438
internal_value=0 -0.00121104 -0.000481882 0.00198569 0.000150867 0.000204438 -0.00132566 -0.00271837 0.000126059 -0.000704951 -0.00152155 0.000287046 -0.00360664 -0.00173596
internal_weight=0 895.711 763.407 179.663 9627.13 9474.27 583.744 311.277 9216.39 1450.68 908.527 7765.71 286.647 188.736
internal_count=141068 13271 11172 2906 127797 125618 8266 4794 121811 19771 12740 102040 4275 2852
is_linear=0
shrinkage=0.0101079


Tree=114
num_leaves=15
num_cat=0
split_feature=29 15 3 14 0 29 12 33 23 29 14 14 28 27
split_gain=16.8283 19.1439 32.7321 30.983 24.6264 22.2726 28.2418 19.6121 18.7398 17.4229 21.7466 19.7986 17.5779 17.282
threshold=-0.60785761475563038 3.7448798418045048 0.64721176028251659 -7.3916492462158194 0.56182664632797252 0.87837970256805431 -0.075112745165824876 0.89692735671997081 0.51847976446151745 1.0000000180025095e-35 -13.008071422576903 -9.5552110671997053 -0.31107263267040247 0.87137606739997875
decision_type=2 2 2 2 2 2 2 10 2 2 2 2 2 2
left_child=-1 2 -2 4 13 7 -7 -6 -5 11 -11 -9 -12 -3
right_child=1 3 -4 8 5 6 -8 9 -10 10 12 -13 -14 -15
leaf_value=0.0033027520229422969 0.0022629922226104671 -0.0045074779816267124 -0.00046737620641776692 -0.0014902541571091357 -9.3836271055869672e-05 0.0056355587759286379 0 -0.0018653064137282508 0.0005025468545646779 -0.00037975813374227426 -0.0021692559423853179 0.0018938289953940311 -0.0069571332315879969 0.00022279136528543879
leaf_weight=152.57626517117023 928.52585594728589 295.28154371678829 818.9596037697047 522.61725422367454 1224.2459488622844 106.82816102355719 462.66731984913349 453.78590966761112 4669.027096407488 218.55085262656212 209.28303563594818 192.07521366328001 181.0736552849412 84.36149238049984
leaf_count=1899 13734 4725 11652 6425 25242 1332 6924 3393 58412 1515 1591 1386 1438 1403
internal_value=0 0 0.000963862 -0.000194194 -0.000941684 -0.000618604 0.00113981 -0.0010411 0.000292259 -0.00192709 -0.00316328 -0.000676328 -0.00458278 -0.0033681
internal_weight=0 10367.3 1747.49 8619.8 3428.15 3048.51 569.495 2479.01 5191.64 1254.77 608.908 645.861 390.357 379.643
internal_count=141071 139172 25386 113786 48949 42821 8256 34565 64837 9323 4544 4779 3029 6128
is_linear=0
shrinkage=0.0101079


Tree=115
num_leaves=15
num_cat=0
split_feature=22 27 29 30 11 21 12 8 16 12 20 14 11 16
split_gain=14.954 28.6144 41.0765 31.6893 24.6655 23.8543 24.4366 18.2625 15.5239 22.2686 29.364 16.4476 13.7279 21.8606
threshold=-0.4037995040416717 -0.076279435306787477 -1.0000000180025095e-35 -0.56174489110708226 0.034688206389546401 1.5194548964500429 -0.021797268651425835 -0.95087981224060047 0.1677515730261803 0.0071281432174146184 -2.116625070571899 -6.5402154922485343 0.028384436853230003 0.84406015276908886
decision_type=2 2 2 2 2 2 2 2 2 2 2 2 2 2
left_child=1 2 4 5 -1 6 -3 -4 -5 10 -10 -11 -13 -14
right_child=-2 3 7 8 -6 -7 -8 -9 9 11 -12 12 13 -15
leaf_value=0.0057294939352734893 0.00033230706424604105 0.0001930791449684911 -0.0045893530127177409 0.0041205180760659427 -0.00010075262657110831 0.00042354167895028563 -0.0043772957250214498 -0.0015563041202290597 0.0035027165850688323 0 -0.0018154746988639293 0 0.0074099728671924645 0.0015469836723282723
leaf_weight=99.868507400155067 6504.3939286228269 163.23694434389472 278.84202092140913 162.89641969464719 196.97441652230918 441.29240184277296 313.96115433238447 1071.5216888636351 125.7592440918088 263.25004385225475 472.23306531272829 111.62914051674306 132.61493781395257 172.72641731798649
leaf_count=1269 86103 2343 4074 2393 2662 5781 4622 15339 1785 3663 6129 1399 1518 1991
internal_value=0 -0.000451386 -0.00147411 0.000247905 0.00182219 -0.00119162 -0.00275193 -0.00223471 0.00119478 0.000768184 -0.000600127 0.00202328 0.00325412 0.00434139
internal_weight=0 4006.81 1647.21 2359.6 296.843 918.491 477.198 1350.36 1441.11 1278.21 597.992 680.221 416.97 305.341
internal_count=141071 54968 23344 31624 3931 12746 6965 19413 18878 16485 7914 8571 4908 3509
is_linear=0
shrinkage=0.0101079


Tree=116
num_leaves=15
num_cat=0
split_feature=29 28 30 2 16 16 3 13 22 21 21 21 10 14
split_gain=19.3359 18.1956 23.4325 30.1892 19.0415 37.2873 20.6511 30.0996 17.1423 13.7021 22.396 13.6081 28.3981 17.3724
threshold=-0.60785761475563038 0.47136868536472326 1.0000000180025095e-35 1.1800363063812258 0.86696714162826549 0.63639223575592052 0.38818165659904486 -0.0079099894501268846 -0.75318908691406239 -4.7048261165618888 8.1679577827453631 -11.198961734771727 0.2146493345499039 -8.1855092048645002
decision_type=2 2 2 2 2 2 2 2 2 2 2 2 2 2
left_child=-1 11 -3 4 5 6 -4 -8 -7 -5 -11 12 -2 -13
right_child=1 2 3 9 -6 8 7 -9 -10 10 -12 13 -14 -15
leaf_value=0.003466656422650735 0.0050651888284013484 -0.0014684254485294759 0.0047998268654216953 0.00068980109480125753 0.0053517699729182192 -0.0053130828840703397 -0.0018761357711968517 0.0034766735347947423 0 -0.0053786854571943286 0.00028448518118898169 -0.00047691611160689498 -0.00029508732055612627 0.00054688535634199193
leaf_weight=154.67434264905751 169.48997784592211 1758.2260219547898 192.2878305464983 104.62504601292312 99.572467708960176 109.51431341283023 207.63612290099263 199.14483960531652 139.5803999286145 174.6158034093678 94.836033483967185 2885.4683153238147 202.89317127503455 4024.392441643402
leaf_count=1915 2248 24707 2679 1486 1125 1338 3101 2566 1709 2344 1415 41522 2720 50165
internal_value=0 -4.90816e-05 -0.000702567 0.000288268 0.00127323 0.000703641 0.00210088 0.000662444 -0.00246151 -0.00207664 -0.00328639 0.000222202 0.0020908 0.00011345
internal_weight=0 10362.3 3080.04 1321.81 947.736 848.164 599.069 406.781 249.095 374.077 269.452 7282.24 372.383 6909.86
internal_count=141040 139125 42470 17763 12518 11393 8346 5667 3047 5245 3759 96655 4968 91687
is_linear=0
shrinkage=0.0101079


Tree=117
num_leaves=15
num_cat=0
split_feature=29 15 10 14 3 22 14 2 20 13 13 21 17 27
split_gain=16.9231 16.79 35.5374 30.3667 25.0487 21.2842 23.9908 20.2654 15.7616 14.8074 14.2176 27.5647 14.1632 17.9565
threshold=-0.60785761475563038 3.7448798418045048 0.2146493345499039 -7.4560420513153067 0.8689478635787965 -0.38807497918605799 -16.010805130004879 0.50824126601219188 -9.8715405464172346 -0.089315064251422868 -0.018358848989009854 -1.1987279057502744 90.500000000000014 -1.0000000180025095e-35
decision_type=2 2 2 2 2 2 2 2 2 2 2 2 2 2
left_child=-1 2 7 4 5 12 -7 -2 -4 -9 -6 -12 13 -3
right_child=1 3 8 -5 10 6 -8 9 -10 -11 11 -13 -14 -15
leaf_value=0.0032335690191572981 0.0057161622729862364 -0.0049692747486033157 0.00097453168394591211 0.00021684562345727679 -0.001263026595994989 0.0017641917857531121 -0.001163176043132888 0.0044560372160863445 -0.0032686432719502179 0.00074938311601565602 0.0055920013999718335 -0.00074500820404273683 -0.0001026340297450997 -0.0018369174521682523
leaf_weight=152.87195153161883 109.02448469027877 308.96334092691541 111.73107159137726 5228.5159230995923 114.04234814085066 342.46702372841537 1413.3556196819991 123.24249107576907 258.11031817644835 1150.6222736947238 144.49228894896805 108.83386562392116 268.34803109429777 680.98933603614569
leaf_count=1899 1700 5026 1420 65291 1572 4952 19673 1375 3551 17393 2017 1747 3687 9667
internal_value=0 -7.23089e-05 0.000821815 -0.000259591 -0.00100704 -0.00131802 -0.000564073 0.00158141 -0.00188568 0.001164 0.0014113 0.00277214 -0.00232833 -0.00288566
internal_weight=0 10362.7 1752.73 8610.01 3381.49 3014.12 1755.82 1382.89 369.841 1273.86 367.369 253.326 1258.3 989.953
internal_count=140970 139071 25439 113632 48341 43005 24625 20468 4971 18768 5336 3764 18380 14693
is_linear=0
shrinkage=0.0101079


Tree=118
num_leaves=15
num_cat=0
split_feature=23 29 15 10 14 0 3 33 14 3 21 16 2 0
split_gain=15.9451 16.8747 14.1587 42.366 23.5154 18.0675 14.9901 19.6521 14.5948 21.989 15.6178 13.7003 20.791 15.7278
threshold=1.5202746987342837 -0.60785761475563038 3.6121016740798955 0.2146493345499039 -7.4560420513153067 0.52636694908142101 0.63753819465637218 2.7624999284744267 -17.888536453247067 0.27358113229274755 -7.4487309455871573 0.29822772741317755 1.5313028097152712 1.0470802783966067
decision_type=2 2 2 2 2 2 2 8 2 2 2 2 2 2
left_child=1 -1 3 6 5 -4 7 -3 9 -7 -11 -10 -13 -14
right_child=-2 2 4 -5 -6 8 -8 -9 11 10 -12 12 13 -15
leaf_value=0.003064944276521233 0.00095408614651341505 0.0043018152631650606 -0.0035239096974219986 -0.0027625019254162147 3.2813252791678634e-05 -0.002071482418899409 0 0.00076637191804463452 -0.0027196609604761266 0.00025404707029397499 0.0055089852066443484 -0.00023184157879141455 -0.0050142388981985961 0
leaf_weight=151.64761883206666 1469.4557252619416 323.71656899154186 290.01702567003667 275.20882088318467 4532.0710123069584 144.68343726173043 399.2715517859906 386.05882291309536 464.67475872114301 153.31830149702728 107.36872351169586 1545.2208242695779 174.85671504400671 94.473202774301171
leaf_count=1865 18872 2356 4683 3852 56747 2115 6119 8306 6566 1959 1562 21833 2664 1381
internal_value=0 -0.000178084 -0.000240531 0.000685302 -0.000417169 -0.00111466 0.00159017 0.00246389 -0.000830099 0.000869023 0.00266446 -0.0011519 -0.000718484 -0.00328093
internal_weight=0 9042.59 8890.94 1384.26 7506.68 2974.61 1109.05 709.775 2684.6 405.37 260.687 2279.23 1814.55 269.33
internal_count=140880 122008 120143 20633 99510 42763 16781 10662 38080 5636 3521 32444 25878 4045
is_linear=0
shrinkage=0.0101079


Tree=119
num_leaves=15
num_cat=0
split_feature=13 11 20 14 1 0 28 5 30 6 16 2 17 0
split_gain=16.3024 17.6148 24.6898 16.7388 23.5003 15.9742 16.9375 22.4355 19.3263 14.5034 14.4364 13.9119 28.9609 28.4961
threshold=-0.089315064251422868 0.18218135088682177 -0.83343434333801258 -7.3916492462158194 1.4279931187629702 0.52101463079452526 0.79989895224571239 -3.1547313928604122 1.0000000180025095e-35 -2.693670272827148 0.42145575582981115 1.6593780517578127 59.500000000000007 1.021699905395508
decision_type=2 2 2 2 2 2 2 2 2 2 2 2 2 2
left_child=1 2 -1 4 5 10 11 -8 -9 -10 -2 12 -7 -13
right_child=3 -3 -4 -5 -6 6 7 8 9 -11 -12 13 -14 -15
leaf_value=0.0069323818333344896 -0.001336026867943067 -0.00084054275642640828 0 0.00025321903012254411 0.00087126410825837206 -0.001677271643434275 0.0045954463673564061 -0.0023881467838976771 -0.00086948738308924582 0.0039721424542880973 -0.006144840266564886 -0.004647526774425946 0.00050867616388508162 -0.00034703776495035584
leaf_weight=112.0824201144278 241.04157620668411 110.15060118027031 104.44514960236847 5274.5969950053841 913.67000543512404 1247.2622320894152 121.92417031340301 206.59538261406124 92.457575406879187 129.61178829148412 103.39948900043964 289.67418099194765 1177.5049659460783 385.61571738123894
leaf_count=1265 3873 1220 1464 65681 12554 17902 1652 3278 1344 1786 1771 4423 17336 5359
internal_value=0 0.00212825 0.00379639 -0.000136691 -0.000563641 -0.000902955 -0.000688512 0.000898194 -0.000122579 0.00181813 -0.00299655 -0.000984866 -0.000600826 -0.00228241
internal_weight=0 326.678 216.528 10183.4 4908.76 3995.09 3650.65 550.589 428.665 222.069 344.441 3100.06 2424.77 675.29
internal_count=140908 3949 2729 136959 71278 58724 53080 8060 6408 3130 5644 45020 35238 9782
is_linear=0
shrinkage=0.0101079


Tree=120
num_leaves=15
num_cat=0
split_feature=13 14 0 7 15 13 23 16 5 15 16 3 13 18
split_gain=13.7514 18.8021 22.7315 21.7483 23.8185 24.609 25.0805 22.5651 17.5525 16.8666 15.9352 14.4523 14.1158 13.9462
threshold=-0.089315064251422868 -7.3916492462158194 0.52636694908142101 0.73823609948158275 6.508254051208497 0.015948743559420112 1.0751641988754275 0.65601438283920299 1.8303309679031374 4.2492299079895028 0.42145575582981115 0.89622375369071972 -0.0079099894501268846 59.500000000000007
decision_type=2 2 2 2 2 2 2 2 2 2 2 2 2 2
left_child=9 2 10 7 -5 6 -6 -3 -4 -1 -2 13 -9 -7
right_child=1 3 8 4 5 11 -8 12 -10 -11 -12 -13 -14 -15
leaf_value=0.0036824986536035408 -0.0012986629768981133 0.00021503785006714198 -3.9167481608124623e-05 0.0045645688686471834 -0.0027298036741050104 -0.00043163572538788575 0.00053911549234644134 0.0060508263547606597 -0.0016826354038560688 -0.00079565417436791683 -0.0061957292174720834 -0.0022624179886556184 0.0017608278361562269 0.00097851883047991276
leaf_weight=210.57345545850694 252.09083000384271 516.54764354415238 3727.9484377820045 106.82430805638433 625.66080217063427 1051.5322665162385 353.24100372940302 146.11955425515771 815.4808584228158 117.01502337120473 108.70323580317199 197.51312900520861 263.1620059479028 2034.7671113666147
leaf_count=2435 4082 6378 53414 1279 8027 13026 4701 1854 11951 1508 1861 2964 3187 24543
internal_value=0 -9.83678e-05 -0.000551907 0.000314223 5.70266e-06 -0.000107014 -0.0015141 0.00171498 -0.000345372 0.00198039 -0.00298181 0.000302673 0.00347229 0.000485096
internal_weight=0 10199.6 4904.22 5295.37 4369.54 4262.71 978.902 925.829 4543.43 327.588 360.794 3283.81 409.282 3086.3
internal_count=141210 137267 71308 65959 54540 53261 12728 11419 65365 3943 5943 40533 5041 37569
is_linear=0
shrinkage=0.0101079


Tree=121
num_leaves=15
num_cat=0
split_feature=22 13 29 27 28 30 33 29 2 15 30 13 16 13
split_gain=14.8308 21.6573 21.1847 19.8979 36.8267 32.8133 36.2915 24.4231 21.5149 18.6912 17.8645 49.0573 28.7994 26.3986
threshold=0.60867562890052807 -0.089315064251422868 -0.60785761475563038 -0.11969653144478797 0.35222910344600683 1.0000000180025095e-35 0.90112781524658214 -1.0000000180025095e-35 1.5456154942512514 20.783658027648929 -0.56174489110708226 0.01304474286735058 0.66730114817619335 -0.045766344293951981
decision_type=2 2 2 2 2 2 10 2 2 2 2 2 2 2
left_child=1 -1 -3 4 5 8 -7 -6 -4 -10 11 12 13 -5
right_child=-2 2 3 10 7 6 -8 -9 9 -11 -12 -13 -14 -15
leaf_value=0.0024397616684840562 0.0008128715485827599 0.0035411781119837 0.0022968442054888977 0 0.0010176324645517012 0.00058083036538316823 -0.0038000034326484112 -0.0030569412458989081 -0.0016024869017824809 0.0031204785069314602 0.00049593026169961489 0.00098642844654027472 0.0012097627481652536 -0.0038561039772677403
leaf_weight=301.47950901463628 1886.7263158224523 136.50727277435362 591.98971992172301 242.31642789393663 157.37643459439278 338.78090805001557 398.67355682700872 965.59815558232367 381.41821348108351 99.040799487382174 3203.5136019773781 925.45549717731774 197.74029289186001 697.16201847419143
leaf_count=3704 24478 1635 7814 3611 2156 7273 3088 14300 5433 1342 41650 11802 2420 10428
internal_value=0 -0.000174596 -0.000276151 -0.000347876 -0.00101421 -9.63382e-05 -0.00174779 -0.00244709 0.00100609 -0.00051236 1.64737e-05 -0.000707686 -0.0021191 -0.00286661
internal_weight=0 8637.05 8335.57 8199.07 2932.88 1809.9 737.454 1122.97 1072.45 480.459 5266.19 2062.67 1137.22 939.478
internal_count=141134 116656 112952 111317 41406 24950 10361 16456 14589 6775 69911 28261 16459 14039
is_linear=0
shrinkage=0.0101079


Tree=122
num_leaves=15
num_cat=0
split_feature=23 27 23 3 23 30 18 27 23 13 3 3 3 13
split_gain=15.288 19.847 28.7667 21.0855 20.6555 19.2067 18.5851 24.6142 18.9456 17.9 17.4987 16.8134 16.4241 15.8682
threshold=1.5202746987342837 -0.50938662886619557 0.55684593319892894 0.60298830270767223 0.71468165516853344 1.0000000180025095e-35 91.500000000000014 0.18436925113201144 0.77729398012161266 -0.018915127031505104 0.23050125688314441 0.74111106991767894 0.5729874074459077 0.053665287792682655
decision_type=2 2 2 2 2 2 2 2 2 2 2 2 2 2
left_child=1 2 -1 4 -4 10 8 -8 -7 -5 -3 12 -10 -11
right_child=-2 5 3 9 -6 6 7 -9 11 13 -12 -13 -14 -15
leaf_value=-0.0053300307456697329 0.00096789512805856308 -0.0026591506670806367 -0.0025678530168683133 -0.0031534406600764982 0.0022951505216973218 0.0013839444759561862 -7.223374706423465e-05 0.0044261622171741623 -6.3608456130131175e-05 0 -0.00013724391611132108 0.0022090669199556715 -0.002672094580888228 -0.0035230105156061464
leaf_weight=141.60445009730756 1467.3598988112062 301.90520624630153 102.97341902367771 381.54460801370442 372.5554865617305 1073.2142879739404 187.41634883731604 281.26228367909789 914.87234572693706 910.23984724096954 3676.360528498888 206.40116974338889 348.56453744322062 148.31872079335153
leaf_count=2154 18847 5017 1375 5794 4904 14299 2451 3600 11990 13290 48685 2668 4030 2124
internal_value=0 -0.00014147 -0.00101414 -0.000654163 0.00113434 0.000110405 0.000722763 0.00256997 0.000359777 -0.00127558 -0.000343514 -0.000363903 -0.000826839 -0.000543009
internal_weight=0 9047.23 2057.24 1915.63 475.529 6990 3011.73 468.679 2543.05 1440.1 3978.27 1469.84 1263.44 1058.56
internal_count=141228 122381 29641 27487 6279 92740 39038 6051 32987 21208 53702 18688 16020 15414
is_linear=0
shrinkage=0.0101079


Tree=123
num_leaves=15
num_cat=0
split_feature=28 13 29 13 3 30 33 8 3 29 16 3 14 2
split_gain=13.6589 16.0143 17.9147 16.264 16.7271 28.6423 42.096 15.0506 17.1405 14.2214 13.7275 21.8082 19.507 11.8377
threshold=-0.68355163931846608 -0.089315064251422868 -0.60785761475563038 -0.019451590254902836 0.33578196167945867 1.0000000180025095e-35 0.99472221732139599 3.0445978641510014 0.78513938188552868 1.0000000180025095e-35 0.15942772477865222 0.67816692590713512 -14.062976837158201 0.82778537273406994
decision_type=2 2 2 2 2 2 10 2 2 2 2 2 2 2
left_child=-1 9 -3 4 5 6 -4 13 -9 -2 11 -6 -12 -5
right_child=1 2 3 7 10 -7 -8 8 -10 -11 12 -13 -14 -15
leaf_value=0.00050951599585245312 -9.0947244482485846e-05 0.0030185177345937396 0.0019254212770899069 0.00028523104881617045 0.0014521615755255898 0.0038550442509474574 -0.005761140861345884 0 0.0048751143568501274 0.0041200283725004944 -0.0046001280820357794 -0.0028277179961231414 -0.0013976191844715367 -0.00071170486603412469
leaf_weight=2960.4787419326603 135.83478756807745 143.08406564220786 148.92116325162351 1976.3493281658739 277.05608435347676 154.15995512157679 122.34884725511074 148.00390203297138 117.68658450618386 146.84244873002172 311.37173479050398 200.63898598402739 681.20777954161167 2980.6763643324375
leaf_count=38487 1841 1746 3222 26004 4264 2010 997 1827 1698 1653 4616 3100 9687 39833
internal_value=0 -0.000298183 -0.000395537 -0.000473004 -0.00127639 0.000407119 -0.00145897 -0.000172215 0.00211895 0.00200784 -0.00179051 -0.000278205 -0.00247017 -0.000306245
internal_weight=0 7544.18 7261.5 7118.42 1895.7 425.43 271.27 5222.72 265.69 282.677 1470.27 477.695 992.58 4957.03
internal_count=140985 102498 99004 97258 27896 6229 4219 69362 3525 3494 21667 7364 14303 65837
is_linear=0
shrinkage=0.0101079


Tree=124
num_leaves=15
num_cat=0
split_feature=0 27 29 0 2 20 14 7 17 12 17 3 7 14
split_gain=17.2554 16.0267 28.4834 31.6106 24.0266 12.9405 23.2427 39.2231 20.2792 14.7483 13.4856 16.8473 14.6869 18.393
threshold=1.3853200674057009 -0.47136868536472315 -1.0000000180025095e-35 0.61162349581718456 0.72488704323768627 0.15586469322443011 -7.0697307586669913 -1.0000000180025095e-35 19.500000000000004 0.014810413122177126 45.500000000000007 0.46300137042999273 -23.813435554504391 -18.08936786651611
decision_type=2 2 2 2 2 2 2 2 2 2 2 2 2 2
left_child=1 2 -1 -4 -5 10 -7 8 -8 -9 11 -3 -12 -14
right_child=-2 5 3 4 -6 6 7 9 -10 -11 12 -13 13 -15
leaf_value=0.0013783125699175951 0.00094427654330962848 0.00043469589844990196 -0.0053585108697312587 0.0028374392833752865 -0.0014446944265797271 -0.0015101149595207605 0.0054121384149762516 -0.0018411194289116998 4.8632947331223447e-05 0.00014472081198513775 -0.0023966589075019558 -0.0025966906374224248 0.0031882038562189696 0.00067971853785605706
leaf_weight=402.48163510300219 1681.6364279799163 517.57454518787563 194.44610544666648 136.56930200755596 1296.6524637658149 1179.7343185357749 197.18227932229638 479.82222927175462 135.38162990659475 1638.8831470925361 114.62538736499846 271.72006924450397 369.09880040213466 1891.0066291186959
leaf_count=5399 22185 7090 2984 1930 18486 16924 2307 5875 1587 19945 1355 3548 5636 25776
internal_value=0 -0.000170553 -0.000958005 -0.00156422 -0.000995681 5.9571e-05 -0.000345129 0.000202026 0.00339786 -0.00029096 0.000536483 -0.000572936 0.000922876 0.00111659
internal_weight=0 8825.18 2030.15 1627.67 1433.22 6795.03 3631 2451.27 332.564 2118.71 3164.03 789.295 2374.73 2260.11
internal_count=141027 118842 28799 23400 20416 90043 46638 29714 3894 25820 43405 10638 32767 31412
is_linear=0
shrinkage=0.0101079


Tree=125
num_leaves=15
num_cat=0
split_feature=23 27 30 18 28 30 2 20 33 28 3 29 2 7
split_gain=16.3705 15.2607 23.321 22.8452 20.7804 17.9586 20.505 23.0741 24.0484 20.1147 16.0422 15.511 14.9236 23.19
threshold=2.2445715665817265 -0.65106672048568714 1.0000000180025095e-35 89.500000000000014 0.47136868536472326 1.0000000180025095e-35 1.4096522331237795 -2.4025182723999019 1.0013927817344668 0.1413247883319855 0.32270064949989324 1.0000000180025095e-35 1.1160281896591189 -2.2577580213546748
decision_type=2 2 2 2 2 2 2 2 8 2 2 2 2 2
left_child=1 2 4 -4 -1 6 9 8 -8 -3 -11 -6 -7 -14
right_child=-2 5 3 -5 11 12 7 -9 -10 10 -12 -13 13 -15
leaf_value=0.00059190545659050465 0.0020840539160610805 4.6493373467230872e-05 -0.0025887196691517164 0.0014662777552115608 0.00039723243808891705 0.0012220300718141443 0.0065482862240858804 0 0 0 -0.0021795152915229806 -0.0041724803690716683 0.0015138328141259282 -0.0013977113431801432
leaf_weight=1264.1286849770695 366.90571991540492 2056.7542112804949 857.3208666741848 151.09541082009673 100.8393645901233 2135.9624970797449 131.62488862872124 487.06465193256736 112.95168748125434 498.4757844209671 1030.6982396692038 178.78076065890491 459.7067057043314 676.29370499774814
leaf_count=17333 4467 27176 12479 1995 1403 27892 886 6400 2422 7523 13889 2721 5623 8787
internal_value=0 -6.74125e-05 -0.000745114 -0.00193483 1.16318e-05 0.00015567 -0.000265405 0.00125098 0.00373287 -0.000588064 -0.00146389 -0.00241675 0.000722979 -0.000181841
internal_weight=0 10141.7 2552.17 1008.42 1543.75 7589.53 4317.57 731.641 244.577 3585.93 1529.17 279.62 3271.96 1136
internal_count=140996 136529 35931 14474 21457 100598 58296 9708 3308 48588 21412 4124 42302 14410
is_linear=0
shrinkage=0.0101079


Tree=126
num_leaves=15
num_cat=0
split_feature=23 27 29 0 30 2 10 33 2 11 23 33 3 27
split_gain=13.3189 17.607 32.146 31.9494 19.5938 23.1448 25.4201 37.7125 20.5671 29.4272 29.3874 18.8175 31.9966 32.4654
threshold=1.5767598152160647 -0.50938662886619557 -1.0000000180025095e-35 0.67591136693954479 1.0000000180025095e-35 1.419843912124634 0.21252644807100299 1.0545857548713686 1.1160281896591189 0.066942516714334502 0.81718361377716076 0.89692735671997081 0.4452961534261704 0.45201864838600164
decision_type=2 2 2 2 2 2 2 8 2 2 2 10 2 2
left_child=1 2 -1 -4 5 -3 7 -7 10 -10 11 -6 13 -13
right_child=-2 4 3 -5 8 6 -8 -9 9 -11 -12 12 -14 -15
leaf_value=0.001447030255499266 0.00092050644263843944 -0.0007039771264435214 -0.0046148749510299637 -0.00090920477103653306 0.00082563421544095653 0.0066005967752458469 -0.00080584138376769 0 -0.0022965557950819821 0.0011578838655882493 0 -0.0011418243709786146 0.006620829020586614 0.0045631791652468046
leaf_weight=431.21034245751798 1352.2354747857898 3389.1964353583753 293.04407050646842 1418.9730473086238 503.2181721907109 164.51792287826538 266.23767569847405 179.21236560866237 471.69123657979071 509.72579180262983 944.05331998318434 191.22433976829052 225.96954134106636 187.34760837256908
leaf_count=5863 17291 46074 4432 20404 10229 1113 3309 3521 5761 6661 12168 1371 1667 1323
internal_value=0 -0.000150989 -0.000952941 -0.00158472 8.84339e-05 -0.000369362 0.00141003 0.00322182 0.000704745 -0.000466361 0.00128422 0.0023952 0.00360896 0.00161099
internal_weight=0 9175.62 2143.23 1712.02 7032.39 3999.16 609.968 343.73 3033.23 981.417 2051.81 1107.76 604.541 378.572
internal_count=141187 123896 30699 24836 93197 54017 7943 4634 39180 12422 26758 14590 4361 2694
is_linear=0
shrinkage=0.0101079


Tree=127
num_leaves=15
num_cat=0
split_feature=22 29 14 16 13 13 18 29 33 14 3 11 33 21
split_gain=13.6214 16.8809 13.1341 27.3455 22.4516 30.9097 42.3051 17.3011 15.9279 18.2932 10.5887 10.3208 21.2704 13.6171
threshold=-0.70134952664375294 -1.0000000180025095e-35 -7.0697307586669913 0.42145575582981115 0.06374381855130197 0.029803261160850528 78.500000000000014 1.0000000180025095e-35 2.996249914169312 -11.263836860656737 0.35900968313217169 0.025365694426000122 1.0000000180025095e-35 -9.3041572570800763
decision_type=2 2 2 2 2 2 2 2 8 2 2 2 10 2
left_child=1 -1 3 8 5 7 -7 -4 -3 10 -10 -2 -13 -14
right_child=11 2 4 -5 -6 6 -8 -9 9 -11 -12 12 13 -15
leaf_value=0.0013220212390767049 0.00081363191114140884 0.00080783307021975849 0.0021726257188025783 -0.0051190137493904719 -0.0038090423895688627 -0.0010558090461492741 0.007095050081074819 -0.0023908154464353389 0 0.0014265800893585455 -0.0053591935074056313 0.00062005533480596713 0.0011794416070802227 -0.00075116062983518472
leaf_weight=303.0749228913337 1989.9158590044826 271.22522633522749 102.80196540243924 221.47086456418037 139.67010846920311 104.16896578855813 132.66231446154416 295.46673221793026 66.283291526138783 72.501219941303134 153.7155005261302 2969.2022489234805 399.50693079084158 3278.3845449835062
leaf_count=4285 26665 2056 1333 3509 1914 1303 1622 3854 1430 1756 3561 60655 2784 24047
internal_value=0 -0.000774909 -0.0012126 -0.00213403 -0.000215293 0.000547876 0.00342324 -0.00109441 -0.000837718 -0.00248026 -0.00395034 0.000176229 -9.21603e-06 -0.000528454
internal_weight=0 1863.04 1559.97 785.196 774.77 635.1 236.831 398.269 563.725 292.5 219.999 8637.01 6647.09 3677.89
internal_count=140774 26623 22338 12312 10026 8112 2925 5187 8803 6747 4991 114151 87486 26831
is_linear=0
shrinkage=0.0101079


Tree=128
num_leaves=15
num_cat=0
split_feature=29 13 15 14 7 10 15 7 4 3 5 3 2 27
split_gain=16.6823 15.0117 19.2757 16.3765 23.8401 33.0508 24.309 21.2978 21.2085 13.6125 25.2273 18.5268 19.7242 16.4505
threshold=-0.60785761475563038 -0.089315064251422868 4.2492299079895028 -7.0697307586669913 0.73823609948158275 0.1441653519868851 6.7215785980224618 4.3180909156799325 -1.8765735626220701 0.8261040747165681 -3.5688844919204707 0.36176167428493505 0.56121721863746654 0.56457334756851207
decision_type=2 2 2 2 2 2 2 2 2 2 2 2 2 2
left_child=-1 2 -2 8 5 -5 -6 -8 -3 11 -11 13 -13 -10
right_child=1 3 -4 4 6 -7 7 -9 9 10 -12 12 -14 -15
leaf_value=0.0032135227449686227 0.0039133332240763354 0.00059351782552933196 -0.00100255461547161 0.00081570489238286421 0.0044906976851706174 0.0062342378918085681 -0.0018783221229660143 0.0001188532462243878 -0.0014940278134960847 0.002519302321175134 -0.0015532346693764442 0.0017031424743194669 -0.0019291163822799252 0.0012180147165938118
leaf_weight=152.40099859982729 203.00505724921823 1196.7379941046238 110.86536052450538 694.763133617118 108.98789876140654 138.17246519960463 635.22764246352017 3436.1524690799415 399.82853335142136 298.2296468578279 299.74430172145367 146.71111305989325 2154.108440713957 512.21238369122148
leaf_count=1877 2336 16828 1419 8591 1242 1632 7935 42837 6008 4159 4462 2271 31602 7593
internal_value=0 -7.34438e-05 0.0020684 -0.000146091 0.000256614 0.00181119 -4.62009e-05 -0.000185754 -0.000557109 -0.000929517 0.000417156 -0.00119313 -0.0016751 0
internal_weight=0 10334.7 313.87 10020.9 5013.3 832.936 4180.37 4071.38 5007.57 3810.83 597.974 3212.86 2300.82 912.041
internal_count=140792 138915 3755 135160 62237 10223 52014 50772 72923 56095 8621 47474 33873 13601
is_linear=0
shrinkage=0.0101079


Tree=129
num_leaves=15
num_cat=0
split_feature=23 27 28 3 23 13 30 6 30 28 23 3 12 18
split_gain=16.3707 16.1671 42.6531 26.8375 31.2107 25.0923 17.5781 18.8763 17.4472 18.5623 18.235 28.6594 18.0213 41.1716
threshold=2.190882802009583 -0.50938662886619557 0.6835516393184663 0.67066720128059398 0.68460112810134899 -0.018915127031505104 1.0000000180025095e-35 5.4817991256713876 1.0000000180025095e-35 0.1413247883319855 0.81718361377716076 0.75130772590637218 0.03299269080162049 50.500000000000007
decision_type=2 2 2 2 2 2 2 2 2 2 2 2 2 2
left_child=1 2 3 4 -1 -5 7 -7 9 -3 12 -12 13 -10
right_child=-2 8 -4 5 -6 6 -8 -9 10 -11 11 -13 -14 -15
leaf_value=-0.003166972354880144 0.0019996236519238412 0.00036301167801346503 -0.0056727489278156195 -0.0032539201006997389 0.0017352696896974075 0.0017465071814343274 -0.0019132712304204488 -0.0013594928368380094 0.00030521902660768141 -0.00099776752448386009 -0.00056232132691783673 0.003111575933657516 -8.0056945547153833e-05 0.004314939071348084
leaf_weight=145.67353942617774 412.60488935001194 2377.5369455274194 158.27514284104109 423.88571081496775 836.03573339991271 493.24649197794497 482.92355924472213 313.92358326353133 569.89308986999094 1759.6054077968001 1336.7187879942358 250.89550715684891 432.10169821232557 518.50289098359644
leaf_count=2013 5014 31370 2419 6364 10896 7109 6803 4367 7878 24420 16984 3311 5526 6506
internal_value=0 -3.42241e-05 -0.000680994 -0.000357738 0.000948082 -0.00113008 -0.000386007 0.000487403 0.000215409 -0.000206754 0.000789468 4.99829e-06 0.00157795 0.00226911
internal_weight=0 10099.2 2853.96 2695.69 981.709 1713.98 1290.09 807.17 7245.25 4137.14 3108.11 1587.61 1520.5 1088.4
internal_count=140980 135966 39971 37552 12909 24643 18279 11476 95995 55790 40205 20295 19910 14384
is_linear=0
shrinkage=0.0101079


Tree=130
num_leaves=15
num_cat=0
split_feature=23 20 27 30 2 3 3 30 13 22 17 27 33 2
split_gain=15.4422 12.6171 10.8935 28.18 21.5183 39.4994 18.9509 18.1436 22.7482 24.7847 16.5855 33.3798 16.4388 15.2291
threshold=0.4164456725120545 0.030186580494046215 -0.71473535895347584 1.0000000180025095e-35 1.6593780517578127 0.65910112857818615 0.8689478635787965 -0.56174489110708226 0.01304474286735058 0.22852096706628802 50.500000000000007 0.65106672048568737 0.94700106978416454 2.7022243738174443
decision_type=2 2 2 2 2 2 2 2 2 2 2 2 10 2
left_child=1 -1 3 4 6 -6 -2 8 9 -4 12 -12 -10 -9
right_child=2 -3 7 -5 5 -7 -8 13 10 -11 11 -13 -14 -15
leaf_value=0 0.00035579897030515735 -0.003124122448050653 -0.0019696389334655697 -0.0018674602360486499 0.0043957154350722895 -0.0019717813123144249 0.0037647638417161716 0.00051184903329210018 0.0014250709760689412 0.00083086827374947189 0 0.0056478635566861411 -0.0013967759240523761 0.0038201329875839729
leaf_weight=199.17033505812287 606.46435700729489 286.40433721803129 1161.8542056269944 981.45232162065804 108.06378049589694 623.93505157344043 241.8197400290519 4507.9187474548817 352.39595175720751 417.46819997951388 244.45612038485706 166.03400066308677 490.70149406045675 144.37363869138062
leaf_count=2606 7965 3498 16405 14036 1310 8958 3466 59152 6882 5928 3259 2228 3569 1934
internal_value=0 -0.00179027 3.95407e-05 -0.000523553 0.000290555 -0.000941343 0.00139981 0.000237996 -0.000390313 -0.00120341 0.000603041 0.00225666 -0.000167499 0.000629294
internal_weight=0 485.575 10046.9 2561.74 1580.28 731.999 848.284 7485.2 2832.91 1579.32 1253.59 410.49 843.097 4652.29
internal_count=141196 6104 135092 35735 21699 10268 11431 99357 38271 22333 15938 5487 10451 61086
is_linear=0
shrinkage=0.0101079


Tree=131
num_leaves=15
num_cat=0
split_feature=13 7 30 23 27 23 28 30 14 30 2 23 2 10
split_gain=14.9722 22.431 37.9927 16.4182 22.512 40.9666 26.8959 25.6134 23.8854 20.7893 26.6208 26.4829 34.8241 23.1883
threshold=-0.089315064251422868 -26.796333312988278 -0.56174489110708226 1.5202746987342837 -0.50938662886619557 0.55684593319892894 -0.58244305849075306 1.0000000180025095e-35 -15.35598850250244 1.0000000180025095e-35 1.4297332763671877 0.81718361377716076 1.1160281896591189 0.21689468622207644
decision_type=2 2 2 2 2 2 2 2 2 2 2 2 2 2
left_child=1 -1 -3 4 5 -2 -7 8 -8 10 -6 12 -11 -12
right_child=3 2 -4 -5 9 6 7 -9 -10 11 13 -13 -14 -15
leaf_value=-0.0012461870518912133 -0.0064905373815260766 0 0.0081591074440421716 0.00098679748620330025 -0.00072876758185957361 0.0037843450758963003 -0.0031837278325398716 -0.0025584618691634068 0.00068232166413472492 0.0026677513718805336 0.0034686717726667973 -0.00018995340351186891 -0.00078210793263923937 -0.00056896987699076398
leaf_weight=109.30638759210706 129.28434179350734 112.89578270167112 106.0635434743017 1460.0516774468124 3289.2612184192985 116.71467962488532 193.27762438356876 676.21298688463867 859.9958300832659 1063.3915446493775 308.41449718363583 1443.7088788822293 388.36703799292445 238.29505011811852
leaf_count=1247 2029 1265 1463 18808 44805 1602 2874 10034 11991 14135 4353 18496 4841 2980
internal_value=0 0.0021668 0.00403391 0 -0.000168778 -0.00111709 -0.000693786 -0.00103461 -6.73287e-06 0.000104465 -0.000376296 0.000754651 0.00171785 0.00165212
internal_weight=0 328.266 218.959 10167 8706.92 1975.49 1846.2 1729.49 1053.27 6731.44 3835.97 2895.47 1451.76 546.71
internal_count=140923 3975 2728 136948 118140 28530 26501 24899 14865 89610 52138 37472 18976 7333
is_linear=0
shrinkage=0.0101079


Tree=132
num_leaves=15
num_cat=0
split_feature=27 0 0 3 10 11 2 3 9 2 15 15 2 14
split_gain=13.8313 18.8242 17.6809 14.1507 29.0002 22.8823 16.4463 14.1808 20.5369 13.8797 13.0432 11.6431 26.8252 20.8182
threshold=-0.71473535895347584 0.57495349645614635 1.3454846739768984 0.66567426919937145 0.11829869449138643 0.051639163866639144 0.98047223687171947 0.78099584579467785 0.16501299291849139 1.3154932260513308 20.978521347045902 3.6121016740798955 0.50824126601219188 -7.0697307586669913
decision_type=2 2 2 2 2 2 2 2 2 2 2 2 2 2
left_child=1 -1 11 4 6 7 -3 -5 9 -9 -7 12 -2 -13
right_child=2 3 -4 5 -6 10 -8 8 -10 -11 -12 13 -14 -15
leaf_value=-0.0048589729314676604 0.0059400495547962404 0.001136086186921743 0.001568678544866842 -0.0017777014984610305 0.0038435863262134412 -0.0026792712315483577 -0.0022836763905064463 0.0051099010642805878 -0.0006594262813343052 0.00054249128461352457 0.00027086033666109889 -0.00077383492337228883 0.00047868586756089819 0.0004287959022958004
leaf_weight=94.921325519680977 98.397630965337157 284.00976646132767 940.37497004680336 240.68695568479598 213.16767152026296 692.15380305796862 263.52558447234333 146.65649391710758 315.88264567032456 165.76861794106662 163.52487585693598 2538.9349466003478 912.64360713027418 3448.7816245593131
leaf_count=1604 1546 3716 12130 3285 2547 9558 3474 2000 4673 2574 2563 35783 13499 42235
internal_value=0 -0.000578806 0.000270542 -0.000384718 0.000729835 -0.000900742 -0.000445645 0.000213545 0.0010522 0.00288376 -0.00207116 8.88216e-05 0.00109048 -7.47293e-05
internal_weight=0 2580.3 7939.13 2485.38 760.703 1724.67 547.535 868.995 628.308 312.425 855.679 6998.76 1011.04 5987.72
internal_count=141187 35994 105193 34390 9737 24653 7190 12532 9247 4574 12121 93063 15045 78018
is_linear=0
shrinkage=0.0101079


Tree=133
num_leaves=15
num_cat=0
split_feature=23 29 23 33 3 2 2 3 6 16 14 7 10 12
split_gain=14.2762 13.4215 14.5912 16.7466 18.4177 15.1713 21.0457 21.5669 15.2662 23.3648 18.115 23.0094 31.8435 15.7181
threshold=2.1015208959579472 -0.60785761475563038 0.44316869974136358 1.0013927817344668 0.40618689358234411 4.4996695518493661 2.9043198823928837 0.77308186888694774 -9.8139400482177717 0.12614586204290393 -7.4560420513153067 0.36105559766292578 0.15003748983144763 -0.038990270346403115
decision_type=2 2 2 8 2 2 2 2 2 2 2 2 2 2
left_child=1 -1 3 -3 -5 6 8 -8 -4 13 -11 12 -12 -10
right_child=-2 2 5 4 -6 -7 7 -9 9 10 11 -13 -14 -15
leaf_value=0.0027836779563176761 0.0016564251917267714 -0.00016565032580956193 -0.0020074400196298053 0 -0.0057780170101648974 -0.0033940554198992091 0.0066831498394207857 0.00063654246091523451 0.003304625800972016 -0.00069543562071371784 0.00088371809517568149 -3.5975449816403486e-05 0.0065538039318212395 0
leaf_weight=155.69136832840741 501.03390776924789 356.32022820413113 389.69599323160946 78.129566863179207 149.16646681539714 127.31891065649688 86.830016277730465 223.4730327706784 346.93052543327212 3317.1149117331952 663.09734482690692 3742.8337087463588 119.057830857113 239.73736290074885
leaf_count=1896 6169 2699 5889 1871 3028 1821 1257 3330 5088 48073 8331 46538 1352 3667
internal_value=0 -7.93218e-05 -0.000130858 -0.0016716 -0.00377794 -2.80413e-05 1.7268e-05 0.00257572 -7.03196e-05 1.61759e-05 -0.000125295 0.000284188 0.00185308 0.00195272
internal_weight=0 9995.4 9839.71 583.616 227.296 9256.09 9128.77 310.303 8818.47 8428.77 7842.1 4524.99 782.155 586.668
internal_count=141009 134840 132944 7598 4899 125346 123525 4587 118938 113049 104294 56221 9683 8755
is_linear=0
shrinkage=0.0101079


Tree=134
num_leaves=15
num_cat=0
split_feature=0 15 14 14 17 3 22 12 14 15 14 11 13 15
split_gain=16.3609 15.1486 20.0694 13.4482 13.086 12.7552 17.6933 17.1965 20.5321 19.9505 20.4888 16.5601 22.9754 22.4854
threshold=0.55220460891723644 3.8101762533187871 -7.1301894187927237 -5.6963040828704825 60.500000000000007 0.5729874074459077 0.36251026391983038 0.0635385997593403 -1.213942229747772 3.4247894287109379 -24.7780647277832 0.073581989854574217 0.018972828052937988 7.8547484874725351
decision_type=2 2 2 2 2 2 2 2 2 2 2 2 2 2
left_child=1 -1 -3 -4 -5 7 11 9 -9 10 -2 12 -7 -14
right_child=5 2 3 4 -6 6 -8 8 -10 -11 -12 -13 13 -15
leaf_value=0.0015871280957215866 -0.00065695192419441427 -0.0034847780617382794 0.0027604362874803332 0.00032447399977705106 -0.0033871335422708702 -0.00071219757768173559 0.00065086647433440178 0.0010580546893653275 0.0059463856145218633 0 0.003144450255758725 -0.0018374055687530987 0.0060647168640354139 0.0004476575971075926
leaf_weight=146.16628810204566 187.77029445208609 373.32978366315365 102.26373078115284 194.43741462938488 155.86164958029985 1695.6703732963651 1512.8265553154051 465.19096499867737 113.33138672448695 3819.1959903072566 438.43178810738027 887.66608398593962 95.027468422427773 323.34605809673667
leaf_count=2280 2274 6097 1505 2634 1977 22966 19773 5755 1281 49941 6837 11997 1275 4428
internal_value=0 -0.00121193 -0.0017659 -0.000225668 -0.00125083 0.00015871 -0.000224833 0.000511233 0.00214972 0.000285587 0.0019465 -0.000680164 -0.000170301 0.00190436
internal_weight=0 972.059 825.893 452.563 350.299 9538.46 4514.54 5023.92 578.522 4445.4 626.202 3001.71 2114.04 418.374
internal_count=141020 14493 12213 6116 4611 126527 60439 66088 7036 59052 9111 40666 28669 5703
is_linear=0
shrinkage=0.0101079


Tree=135
num_leaves=15
num_cat=0
split_feature=13 15 0 14 14 11 21 23 12 5 14 7 7 14
split_gain=13.3713 19.4172 17.2366 18.9543 14.7164 13.851 12.7838 11.5692 13.6871 14.4119 16.0054 14.5491 13.9075 34.2727
threshold=-0.089315064251422868 4.4432213306427011 0.52636694908142101 -7.0697307586669913 -5.1741950511932364 0.010470599401742222 -1.332795202732086 1.5573118925094607 -0.1176495887339115 2.0076239109039311 -7.5216050148010245 -1.6737004518508909 -18.423942565917965 -19.385696411132809
decision_type=2 2 2 2 2 2 2 2 2 2 2 2 2 2
left_child=1 -1 3 6 -5 -4 -2 8 -7 12 -11 -12 -10 -14
right_child=2 -3 5 4 -6 7 -8 -9 9 10 11 -13 13 -15
leaf_value=0.0036987886909609167 -0.0014792802333116533 -0.001240291922620233 0.0012194482873818437 0.0030519292511229246 -0.0012322417816309249 -0.0021689163081984727 -0.0057735285223539596 0.00080942297066876083 -0.0025712844039096992 -0.0021983219419409116 0.0024401487762442282 -0.00056728697350401553 0.0045345742004953612 0.00012804410864829897
leaf_weight=221.63209374807775 249.43544256687164 105.77924123220146 930.20982626825571 111.11871232185513 254.13818890973926 349.93844732642174 126.02633243426681 1263.4425940681249 165.2973147444427 589.84219823218882 171.16570721752942 1711.8215206377208 182.62622123211622 4057.420285647735
leaf_count=2535 3995 1407 12744 1600 3315 5328 2223 16132 2386 8474 2071 21306 2898 54456
internal_value=0 0.0019903 -6.18608e-05 -0.00154019 0 5.12197e-05 -0.0031127 -7.29694e-05 -0.000233496 -0.000126852 -0.000746865 -0.00026374 0.00021269 0.000335182
internal_weight=0 327.411 10162.5 740.719 365.257 9421.76 375.462 8491.55 7228.11 6878.17 2472.83 1882.99 4405.34 4240.05
internal_count=140870 3942 136928 11133 4915 125795 6218 113051 96919 91591 31851 23377 59740 57354
is_linear=0
shrinkage=0.0101079


Tree=136
num_leaves=15
num_cat=0
split_feature=16 13 10 1 20 20 23 13 33 12 30 2 18 30
split_gain=11.7477 24.0581 23.6565 21.0417 13.0227 16.89 11.6274 20.6568 11.5443 28.6723 11.5064 22.5221 20.955 14.597
threshold=0.15942772477865222 -0.018358848989009854 0.2146493345499039 1.4279931187629702 -9.8715405464172346 -5.2777736186981192 0.51847976446151745 -0.0033969398355111475 0.99611112475395214 -0.045088073238730424 -0.56174489110708226 0.59497067332267772 71.500000000000014 0.81174489855766307
decision_type=2 2 2 2 2 2 2 2 10 2 2 2 2 2
left_child=2 3 8 10 -4 -6 7 -3 -1 -10 11 -2 13 -12
right_child=1 6 4 -5 5 -7 -8 -9 9 -11 12 -13 -14 -15
leaf_value=0.00057197419486644963 -0.0069267243590574465 0.0028061305686450729 0.0012111221543257783 0.0016199134725772867 -0.0045377388934402813 0.00041645520327859224 0.00023333328640306219 -0.0018510773830327655 0.0050662894052603789 0 -0.00061263955002999627 -0.0016697859203536399 0.00094871582448626977 -0.0037685426360513172
leaf_weight=554.99764937348664 104.60117410682142 102.36119012162089 120.63739472441375 223.08786254562438 160.26085316762328 95.27452084235847 6477.8911127913743 617.11076428368688 252.62579105049372 193.95909421890974 420.46243702992797 530.22904618829489 384.22938659600914 268.43590335920453
leaf_count=11685 1595 1511 1527 3378 2165 1390 84049 7981 1826 1394 5725 7687 5302 3633
internal_value=0 -0.000171536 0.000826045 -0.00117253 -0.00125755 -0.00257821 9.23661e-05 -0.00111028 0.00165232 0.00287359 -0.00156646 -0.00267101 -0.000861318 -0.00192833
internal_weight=0 9128.41 1377.76 1931.05 376.173 255.535 7197.36 719.472 1001.58 446.585 1707.96 634.83 1073.13 688.898
internal_count=140848 120861 19987 27320 5082 3555 93541 9492 14905 3220 23942 9282 14660 9358
is_linear=0
shrinkage=0.0101079


Tree=137
num_leaves=15
num_cat=0
split_feature=27 30 28 29 11 33 30 13 16 0 21 21 5 33
split_gain=12.3975 26.4581 19.0299 19.2869 19.0752 18.7897 17.8287 31.361 28.903 35.3039 23.9655 21.7566 22.0151 21.018
threshold=-0.71473535895347584 1.0000000180025095e-35 0.47136868536472326 1.0000000180025095e-35 0.01874383166432381 0.90112781524658214 -0.56174489110708226 0.01304474286735058 0.67458954453468334 1.0100038647651675 -5.7751691341400138 3.2063937187194829 -3.7890233993530269 0.99472221732139599
decision_type=2 2 2 2 2 10 2 2 2 2 2 2 2 10
left_child=1 2 4 -4 -1 -3 7 8 9 10 -2 12 -9 -12
right_child=6 5 3 -5 -6 -7 -8 11 -10 -11 13 -13 -14 -15
leaf_value=0.0033506796844904171 0 -0.00033620597826508072 0.00098687792659084652 -0.0042802938654617657 4.8854160982298906e-05 -0.0032560776458894717 0.00049579705520704442 -0.0011409180154421082 0.0015819871885788452 0.00048173610547196821 -0.0019047358844003675 -0.00017343327289798843 0.003974596717876192 -0.0054760911405549
leaf_weight=212.47527426667511 216.09459870308638 445.81510162353516 95.772607125341892 172.79778474196792 1098.8238954786211 535.72483960539103 4955.0142847858369 100.17278726398945 254.93627889826894 388.91713952459395 384.6279629599303 914.79395192675292 300.1622248776257 404.10940489172935
leaf_count=3092 3363 9914 1308 2644 14667 4247 64958 1388 3218 5396 8260 11485 3725 3209
internal_value=0 -0.000685021 0.000101932 -0.00228002 0.000630862 -0.00198364 0.000121053 -0.000491493 -0.00142505 -0.00200959 -0.00301022 0.000649691 0.00259791 -0.00382032
internal_weight=0 2561.41 1579.87 268.57 1311.3 981.54 7918.83 2963.81 1648.69 1393.75 1004.83 1315.13 400.335 788.737
internal_count=140874 35872 21711 3952 17759 14161 105002 40044 23446 20228 14832 16598 5113 11469
is_linear=0
shrinkage=0.0101079


Tree=138
num_leaves=15
num_cat=0
split_feature=27 23 29 3 33 10 29 14 5 23 8 15 2 29
split_gain=12.2004 18.979 18.93 30.9732 25.2055 24.0796 15.7637 26.2046 21.7757 14.8906 11.1546 11.0731 26.7597 17.4872
threshold=-0.71473535895347584 0.8743998408317567 0.87837970256805431 0.66817072033882152 1.0013927817344668 0.11932628229260446 1.0000000180025095e-35 -10.821338653564451 0.88247233629226696 1.6146094202995303 0.81639868021011364 3.6121016740798955 0.50824126601219188 -0.60785761475563038
decision_type=2 2 2 2 8 2 2 2 2 2 2 2 2 2
left_child=1 6 3 5 9 -3 7 -1 -9 -5 -4 12 -2 -13
right_child=11 2 10 4 -6 -7 -8 8 -10 -11 -12 13 -14 -15
leaf_value=-0.0040089498279801284 0.0059325889361160587 0 0.0003118137948232217 -0.0046572297074947196 0 0.004895093350880118 -0.0032506216953779384 -0.0010102468146800472 0.0047915417321952886 -0.00059887809176521355 0.0039071198176644428 0.0035543328281046616 0.00053998071173048294 -7.2833727976976293e-05
leaf_weight=121.81283417530358 98.863886760547757 293.80198935046792 255.408177703619 301.12568297982216 469.6362920589745 138.79394790530205 425.35653791949153 126.50184431113303 110.26025729812682 170.95975541323423 156.28276016190648 131.00893051736057 1101.9742573369294 6618.2939891889691
leaf_count=2036 1544 3687 3518 2371 9794 1627 6339 1691 1529 1228 2100 1534 15939 86285
internal_value=0 -0.000638244 -3.73988e-05 -0.000629931 -0.00167527 0.00154327 -0.00194241 -0.000244562 0.0015912 -0.00330488 0.00181949 0.000161056 0.00105213 0
internal_weight=0 2569.94 1786.01 1374.32 941.722 432.596 783.931 358.575 236.762 472.085 411.691 7950.14 1200.84 6749.3
internal_count=141222 35920 24325 18707 13393 5314 11595 5256 3220 3599 5618 105302 17483 87819
is_linear=0
shrinkage=0.0101079


Tree=139
num_leaves=15
num_cat=0
split_feature=0 27 28 3 3 30 18 3 11 33 16 3 21 21
split_gain=13.0178 18.638 17.6755 14.8435 13.9945 17.2276 36.2832 22.523 20.7074 17.6452 26.2832 23.2052 23.0781 15.732
threshold=0.54749041795730602 -0.45201864838600153 0.74455857276916515 0.59836971759796154 0.5729874074459077 1.0000000180025095e-35 90.500000000000014 0.23050125688314441 0.086204137653112425 0.9590476155281068 0.56773370504379284 0.35302986204624182 3.7468047142028813 6.1512567996978769
decision_type=2 2 2 2 2 2 2 2 2 10 2 2 2 2
left_child=1 -1 -3 -4 5 7 -7 -2 9 11 -11 -9 -12 -6
right_child=4 2 3 -5 13 6 -8 8 -10 10 12 -13 -14 -15
leaf_value=-0.0048545543587295032 -0.0030605472798754647 0.0019882201770948476 -0.002437837557795898 0.00084671233387458207 -5.5863360376503184e-06 0.00051741776140773943 0.0041879212528291368 0.0031274299217409593 0.001311843672292849 -0.003381901445576263 0.0017431522128721229 -0.00053352706861585324 -0.0027165399713796356 -0.0014226975373617665
leaf_weight=118.41186782717705 228.93546598777175 190.62381850555539 441.13555505871773 177.66954465769231 3478.2607522159815 1758.8876387570053 328.7410151977092 245.22935563884676 1042.1079347841442 397.42534027993679 312.36590348184109 545.28759774006903 180.13122072815895 1055.3620161600411
leaf_count=1939 3968 3071 6214 2647 46622 23155 4033 4855 12635 3069 2231 11087 1300 14179
internal_value=0 -0.0011912 -0.000565382 -0.00143131 5.60203e-05 0.000425915 0.00112789 -5.85477e-05 0.000186903 -0.000489504 -0.00147303 0.000570459 1.44758e-05 -0.000346224
internal_weight=0 927.841 809.429 618.805 9572.73 5039.11 2087.63 2951.48 2722.55 1680.44 889.922 790.517 492.497 4533.62
internal_count=141005 13871 11932 8861 127134 66333 27188 39145 35177 22542 6600 15942 3531 60801
is_linear=0
shrinkage=0.0101079


Tree=140
num_leaves=15
num_cat=0
split_feature=13 29 23 27 3 3 33 3 2 12 23 20 2 14
split_gain=13.6788 17.1159 18.7137 32.5184 14.2393 15.4254 22.6642 14.1215 13.0056 13.636 12.926 15.0069 17.9244 12.9075
threshold=-0.089315064251422868 -0.60785761475563038 0.56123942136764537 -0.50938662886619557 0.27028170228004461 0.60877084732055675 1.0013927817344668 0.23050125688314441 0.4610923975706101 0.0071281432174146184 2.1015208959579472 -9.8715405464172346 3.974474430084229 -7.3916492462158194
decision_type=2 2 2 2 2 2 8 2 2 2 2 2 2 2
left_child=-1 -2 3 -3 -5 -6 -7 -4 9 -9 11 -10 13 -13
right_child=1 2 7 4 5 6 -8 8 10 -11 -12 12 -14 -15
leaf_value=0.0019974074682094956 0.003253808443063967 -0.0058688203640899625 -0.0021427907382654027 0.0019396990887433961 -0.002000143541107858 0.0036665165150947059 -0.001994847851530074 0.00038597668571652355 0.0036846261611466436 0.0045437613896725541 0.0015863394085813703 -0.00052336583860289776 -0.0039344870727668598 0.00031833168980854398
leaf_weight=324.43675589188933 145.7867741920054 135.79682571720332 289.23354694619775 163.28732428140938 672.11427815258503 135.58106514811516 130.5356635581702 271.45606583543122 97.517537593841553 126.18853504396975 491.12104330956936 3557.957082292065 118.61548381112516 3845.8054320309311
leaf_count=3910 1760 2156 4697 2597 9054 1069 2733 3350 1365 1587 6046 51599 1928 47180
internal_value=0 -8.61286e-05 -0.000141118 -0.00130154 -0.000665454 -0.00117366 0.00076337 1.84683e-05 9.85456e-05 0.00186606 5.2316e-06 -9.28506e-05 -0.000150884 -8.08131e-05
internal_weight=0 10181 10035.2 1237.32 1101.52 938.231 266.117 8797.89 8508.66 397.645 8111.02 7619.9 7522.38 7403.76
internal_count=141031 137121 135361 17609 15453 12856 3802 117752 113055 4937 108118 102072 100707 98779
is_linear=0
shrinkage=0.0101079


Tree=141
num_leaves=15
num_cat=0
split_feature=23 27 29 23 3 29 17 3 21 14 9 20 16 27
split_gain=12.876 17.1429 26.8283 27.0046 18.7801 22.5525 14.5438 13.1417 14.5226 12.4134 12.0976 14.9662 15.8077 15.4839
threshold=1.5202746987342837 -0.50938662886619557 -1.0000000180025095e-35 0.67780628800392162 0.61428228020668041 0.87837970256805431 88.500000000000014 0.70558986067771923 -0.614080250263214 -10.994459152221678 0.088260464370250716 -2.3518431186676021 0.58420172333717357 0.60003554821014415
decision_type=2 2 2 2 2 2 2 2 2 2 2 2 2 2
left_child=1 2 7 6 -5 -6 -4 -1 -9 -7 -3 12 13 -12
right_child=-2 10 3 4 5 9 -8 8 -10 -11 11 -13 -14 -15
leaf_value=0.0033207783428333476 0.00088031736134865427 0.00079245409430905942 -0.0054358731663007309 0.0011732167691538477 -0.0024853001713340934 -0.0018215872683843704 -0.00011465123656741359 -0.0025479917870684398 0.0022252042961252087 0.0025249291938652194 0.001717329251128464 -0.00042958815126640918 0.0040406857643789373 -0.00093477607666287961
leaf_weight=175.62658707611263 1470.4220889844 1875.9540543165058 236.50303104706109 324.31574247404933 723.37070103920996 91.065210541710258 87.543749609030783 127.36006418801844 115.7033496145159 170.77075121365488 438.41239366680384 4105.7960452120751 138.63261695764959 429.03183213807642
leaf_count=2036 18863 25167 3573 4550 10800 1345 1231 1903 1750 2438 6016 53750 1867 5900
internal_value=0 -0.000137127 -0.000949369 -0.00154469 -0.000847393 -0.00155724 -0.00415612 0.00126442 -0.000115734 0.000854165 9.64068e-05 -0.000151919 0.000936002 0.000362624
internal_weight=0 9040.09 2052.26 1633.57 1309.52 985.207 324.047 418.69 243.063 261.836 6987.83 5111.87 1006.08 867.444
internal_count=141189 122326 29626 23937 19133 14583 4804 5689 3653 3783 92700 67533 13783 11916
is_linear=0
shrinkage=0.0101079


Tree=142
num_leaves=15
num_cat=0
split_feature=13 15 13 22 28 21 12 33 14 23 2 20 27 33
split_gain=13.8211 18.059 14.2502 17.1128 14.1528 14.8473 16.4732 31.2993 14.7302 14.0116 13.8551 23.5367 25.5041 14.0621
threshold=-0.089315064251422868 4.3778991699218759 -0.057939089834690087 -0.33548066020011896 -0.69930991530418385 -4.8043103218078604 0.013568484690040352 0.89692735671997081 -7.0697307586669913 0.88079375028610241 0.80077785253524791 1.6244045495986941 0.66746801137924205 1.0013927817344668
decision_type=2 2 2 2 2 2 2 10 2 2 2 2 2 8
left_child=1 -1 3 -2 5 -4 7 8 -7 -10 11 13 -13 -6
right_child=2 -3 4 -5 10 6 -8 -9 9 -11 -12 12 -14 -15
leaf_value=0.0037399319501945087 -0.0031530772558398508 -0.00097810830286327731 0.0025774034726083511 3.7016888999718851e-05 0.0017385550412645587 -0.00011357648662019038 0.0011304450550250183 -0.002233373759715343 0.0066394879885008657 0.000813798109398703 -0.00052735359284783857 0.00091569607806130831 -0.0034276852497362544 0
leaf_weight=217.15936908125877 312.12926521338522 108.96509796380997 363.49883418530226 318.41839815489948 1036.9601641446352 302.50958259031177 1303.4154140204191 548.88816357403994 73.554953826591372 134.37289306335151 4351.2957340888679 230.73998010158539 291.57372670061886 909.99256042204797
leaf_count=2475 4723 1435 4940 4825 7710 6036 16374 3991 1241 2626 58945 2945 3748 18993
internal_value=0 0.00205588 -3.25669e-05 -0.00149749 6.10684e-05 0.000678739 0.000362192 -0.000546449 0.00119556 0.00322464 -0.000180372 0.000414464 -0.00144696 0.000938252
internal_weight=0 326.124 10177.3 630.548 9546.8 2726.24 2362.74 1059.33 510.437 207.928 6820.56 2469.27 522.314 1946.95
internal_count=141007 3910 137097 9548 127549 35208 30268 13894 9903 3867 92341 33396 6693 26703
is_linear=0
shrinkage=0.0101079


Tree=143
num_leaves=15
num_cat=0
split_feature=29 23 27 23 30 29 3 2 29 2 7 16 7 14
split_gain=13.214 14.0045 12.9263 29.5409 26.5322 20.3512 20.0372 21.6404 17.5433 17.0221 16.7843 22.2391 16.3026 16.1242
threshold=-0.60785761475563038 1.4811105728149416 -0.11969653144478797 0.87772241234779369 1.0000000180025095e-35 1.0000000180025095e-35 0.62529882788658153 1.1585342288017275 -1.0000000180025095e-35 1.4096522331237795 7.994427204132081 0.75482022762298595 -10.201270580291746 -7.4560420513153067
decision_type=2 2 2 2 2 2 2 2 2 2 2 2 2 2
left_child=-1 2 3 5 -5 6 -2 -8 9 10 11 -4 -6 -10
right_child=1 -3 8 4 12 -7 7 -9 13 -11 -12 -13 -14 -15
leaf_value=0.0028690504840208244 -0.0022913399890086071 0.00084266050081110327 -0.0014465745116097714 0.0013231394274798821 0.0021142352335636067 -0.0027800851756280311 0.0046271398147692006 -0.00060230772740493756 -0.00022821058264308722 0.0015052833173134429 -0.0035739720622665755 0.0037618232398061338 -0.0021587234297961973 0.00093455582793281475
leaf_weight=155.06357721611857 262.64285611920059 1559.2304071243852 525.21808977425098 909.93914047069848 95.456310261040926 848.44000630546361 123.11501694470644 179.87791329622269 2383.5359411016107 195.95428160578012 307.64878053404391 89.316379934549332 503.23034371621907 2393.8421901706606
leaf_count=1901 3589 19942 7920 12148 1442 12462 1637 2915 33674 2261 3911 1054 7082 29319
internal_value=0 -3.3219e-05 -0.000193275 -0.000743254 0.000217125 -0.001792 -0.000221964 0.00145368 7.31253e-05 -0.00105346 -0.00164862 -0.000587632 -0.0013926 0.000346525
internal_weight=0 10377.4 8818.22 2922.7 1508.63 1414.08 565.636 302.993 5895.52 1118.14 922.183 614.534 598.687 4777.38
internal_count=141257 139356 119414 41275 20672 20603 8141 4552 78139 15146 12885 8974 8524 62993
is_linear=0
shrinkage=0.0101079


Tree=144
num_leaves=15
num_cat=0
split_feature=2 30 16 23 29 5 33 11 11 14 6 12 17 3
split_gain=10.9458 19.8485 37.1419 36.9639 26.5799 26.3061 24.8278 19.989 19.1141 16.8205 22.7108 25.0502 21.101 23.1014
threshold=0.82778537273406994 -0.56174489110708226 0.65978226065635692 0.96735137701034557 1.0000000180025095e-35 1.0000000180025095e-35 0.94700106978416454 0.12586687505245212 0.05638785474002362 -18.08936786651611 -8.9358034133911115 -0.046010190621018403 34.500000000000007 0.76896047592163097
decision_type=2 2 2 2 2 2 10 2 2 2 2 2 2 2
left_child=1 2 3 6 8 -6 -1 -3 -4 10 -2 -12 -11 -14
right_child=9 7 4 -5 5 -7 -8 -9 -10 12 11 -13 13 -15
leaf_value=-0.00088213309543676277 -0.00035212577173382524 0.0013447078070358211 0.0021222413616784589 0.0021852765906565227 0.0074976714036842128 0.00096908276783144493 -0.0050318291800208262 -0.0017818948350758056 -0.0025731011429378191 0.00017651844594352291 0.0047793880857139532 0 -0.0017210756646870308 0.00014329099105415253
leaf_weight=330.16356209293008 551.64699805527925 2147.5782520789653 141.99526494182646 163.18313039280474 103.98308624885976 192.35852533765137 315.30517545342445 214.16150336153805 198.38812243752182 2805.7495422493666 244.92027236521244 216.04985721595585 1839.7287470400333 1011.8524840502068
leaf_count=7380 7612 28816 1623 2364 1271 2397 2562 2834 2462 35638 3515 2852 24745 14770
internal_value=0 0.000464341 -0.000447742 -0.00189844 0.00133249 0.00352386 -0.00300634 0.00103927 -0.000494423 -0.000213596 0.000969324 0.00261712 -0.000433499 -0.00104674
internal_weight=0 3807.12 1445.38 808.652 636.725 296.342 645.469 2361.74 340.383 6669.95 1012.62 460.97 5657.33 2851.58
internal_count=140841 51709 20059 12306 7753 3668 9942 31650 4085 89132 13979 6367 75153 39515
is_linear=0
shrinkage=0.0101079


Tree=145
num_leaves=15
num_cat=0
split_feature=13 14 7 15 13 23 0 5 0 7 15 15 23 15
split_gain=12.7863 15.2633 20.6617 18.7437 19.7582 22.8229 18.6778 17.0113 17.1767 14.6477 16.5166 13.9452 21.7682 16.8761
threshold=-0.089315064251422868 -7.3916492462158194 1.3687771558761599 6.7873716354370126 0.015948743559420112 1.098378121852875 0.52101463079452526 1.789089620113373 1.1188041567802431 -26.796333312988278 3.7448798418045048 8.7495045661926287 0.85525450110435497 9.7334222793579119
decision_type=2 2 2 2 2 2 2 2 2 2 2 2 2 2
left_child=9 6 11 -4 5 -5 -2 -8 -9 -1 -11 12 -3 -13
right_child=1 2 3 4 -6 -7 7 8 -10 10 -12 13 -14 -15
leaf_value=-0.00071349476062108582 -0.0026875662827463933 -0.0019837227926052334 0.0041337881169278799 -0.0026136889820585762 0.00029209717763623206 0.00066754551080776151 4.323079688219639e-05 -0.0023108586437879278 0.001103200593930802 0.0061680135037245629 0.00017595196329326851 0.005985082581735154 0.0023903460935224374 0.0015986653347574416
leaf_weight=106.59336886182427 340.96505106985569 217.42680810019374 103.80678896419704 569.89709350652993 3246.0508758705109 315.80871665291488 3727.3395344801247 652.50702976435423 172.14854089356959 109.40470282919705 103.84229727834463 123.62574129924178 228.99112118780613 474.22644738480449
leaf_count=1221 5675 2766 1242 7334 40200 4229 53522 9372 2702 1266 1364 1425 2887 5794
internal_value=0 -1.05603e-05 0.000362 3.72327e-05 -6.33384e-05 -0.00140269 -0.00042078 -0.00023789 -0.00154593 0.00201544 0.00354039 0.00163093 0.000173237 0.0026366
internal_weight=0 10172.8 5279.83 4235.56 4131.76 885.706 4892.96 4552 824.656 319.84 213.247 1044.27 446.418 597.852
internal_count=140999 137148 65877 53005 51763 11563 71271 65596 12074 3851 2630 12872 5653 7219
is_linear=0
shrinkage=0.0101079


Tree=146
num_leaves=15
num_cat=0
split_feature=27 30 30 14 33 21 6 22 21 27 2 10 2 28
split_gain=12.5917 23.5083 22.0052 19.6583 19.7794 19.0573 19.5279 18.621 18.2416 18.0785 20.9986 15.8835 15.2683 15.8891
threshold=-0.71473535895347584 1.0000000180025095e-35 1.0000000180025095e-35 -10.076424598693846 0.90112781524658214 5.7291629314422616 -8.9358034133911115 -0.44671176373958582 9.8347606658935565 -0.35222910344600672 1.419843912124634 0.11632669344544412 1.1160281896591189 0.1413247883319855
decision_type=2 2 2 2 10 2 2 2 2 2 2 2 2 2
left_child=2 7 5 -4 -5 6 -1 9 -7 -2 -11 -8 13 -3
right_child=1 12 3 4 -6 8 11 -9 -10 10 -12 -13 -14 -15
leaf_value=-0.0013377030066720808 -0.0045861926549501308 0.00045897438569196373 -0.0036550095121945041 0.001486032070577904 -0.0021003859604447252 -0.0037108771785814548 0.001043766460045063 0.00020777027954240824 0.00015103433874386182 -0.0012168001220072189 0.0026101002508335195 0.0054123455340885796 -1.2377874824826423e-05 0.0022451905860336706
leaf_weight=283.82573891803622 139.04438180103898 1093.9049943499267 359.01556608825922 250.15262675657868 371.40091264992952 210.26932847127318 746.74799228645861 3022.3614803943783 247.82468727231026 1241.132861033082 153.29130663350224 98.335816832259297 1210.8103093970567 1081.7520797625184
leaf_count=4009 2045 14288 5574 5651 2943 2610 10591 39784 3383 17432 2030 1193 15362 14148
internal_value=0 0.000225632 -0.000586989 -0.00177407 -0.0005921 0.000126064 0.000854389 -0.000241509 -0.00156642 -0.00114993 -0.000755299 0.00164349 0.00086514 0.00137039
internal_weight=0 7942.3 2567.57 980.569 621.554 1587 1128.91 4555.83 458.094 1533.47 1394.42 845.084 3386.47 2175.66
internal_count=141043 105089 35954 14168 8594 21786 15793 61291 5993 21507 19462 11784 43798 28436
is_linear=0
shrinkage=0.0101079


Tree=147
num_leaves=15
num_cat=0
split_feature=0 27 29 28 15 33 3 29 21 11 7 8 33 11
split_gain=11.7663 13.1132 35.3002 23.839 18.6921 23.4692 18.6086 28.1414 15.0866 17.9602 25.653 16.6236 14.4175 14.3874
threshold=1.3454846739768984 -0.11969653144478797 -1.0000000180025095e-35 0.032717135734856136 6.6477222442626962 2.996249914169312 0.60877084732055675 0.6078576147556306 2.2830072641372685 0.063500594347715392 5.8987638950347909 0.52895203232765209 0.90112781524658214 0.024943678639829162
decision_type=2 2 2 2 2 8 2 2 2 2 2 2 10 2
left_child=1 2 13 6 5 -5 7 -4 11 10 -10 -6 -8 -1
right_child=-2 -3 3 4 8 -7 12 -9 9 -11 -12 -13 -14 -15
leaf_value=0.0045407620908101964 0.00078344502982734244 0.00016121032339440548 0.0033676176778065672 0.0015334590157123781 -0.0063638562493945304 -0.0027153231577563921 0.00054156426544311716 -0.0016312161625618737 -0.0026439108028246364 -0.0031685571612109962 0.0045092372265218145 -0.00079382467218059422 -0.0028541890966962153 0.00055774997765424615
leaf_weight=123.03662455640733 1815.893985144794 5829.8291700687259 290.09649395756423 262.38543101400137 219.62156422808766 245.82011633552611 195.7119194958359 169.21494571119547 99.535870643332601 342.99985210411251 87.134130829945207 98.75054270401597 279.94181353598833 444.42815130203962
leaf_count=1550 23741 77246 3657 2062 3338 5902 4399 2214 1441 4613 1322 1458 2099 5928
internal_value=0 -0.000108243 -0.000670847 -0.00123946 -0.00209169 -0.000452944 0 0.00144271 -0.00301362 -0.00179976 0.000532587 -0.00481944 -0.00138669 0.00154056
internal_weight=0 8688.51 2858.68 2291.21 1356.25 508.206 934.965 459.311 848.042 529.67 186.67 318.372 475.654 567.465
internal_count=140970 117229 39983 32505 20136 7964 12369 5871 12172 7376 2763 4796 6498 7478
is_linear=0
shrinkage=0.0101079


Tree=148
num_leaves=15
num_cat=0
split_feature=0 15 27 13 13 9 13 13 2 11 13 27 15 22
split_gain=13.1559 22.0236 19.5846 16.3274 17.5054 13.7531 12.6533 11.7545 13.0537 15.2342 14.6202 14.3544 10.8016 9.95227
threshold=0.54242739081382763 3.5509518384933476 -0.41268247365951533 0.011340884026139976 0.034397307783365257 0.093560278415679946 -0.0033969398355111475 -0.074488174170255647 0.86280333995819103 0.043341139331460006 0.01304474286735058 0.39271505177021032 3.7448798418045048 -0.29042878746986384
decision_type=2 2 2 2 2 2 2 2 2 2 2 2 2 2
left_child=1 -1 -3 6 -5 7 -4 -2 10 11 12 -10 -9 -11
right_child=5 2 3 4 -6 -7 -8 8 9 13 -12 -13 -14 -15
leaf_value=0.0027389114864836404 0.0034731255025335682 -0.0058284727102791908 -0.0011943870151675245 0.0030890612618398668 -0.0014114611328613419 -7.6380254379389403e-05 -0.0059863752569066344 0.0031030791180593461 0.0022428290907161664 -0.0020285628833259925 0.0027883186496780537 -0.0011900832949995094 -0.00029596352885056024 2.7030653289263354e-05
leaf_weight=115.62991290166974 153.65150145255029 101.98829005565494 251.17127462662756 144.74492823518813 192.21650069206953 6947.2010041363537 83.380153134465218 107.9028447214514 417.04534943588078 399.4719285145402 458.99452003091574 153.37706639245152 477.21203049831092 496.82149907760322
leaf_count=1787 1983 1720 3854 1819 2816 91876 1299 1747 5690 5343 5705 2005 6581 6760
internal_value=0 -0.00112308 -0.00177337 -0.00103928 0.000429855 0.000155285 -0.00261393 0.000772964 0.000581621 -7.35078e-06 0.00144154 0.00124619 0.000294426 -0.000853723
internal_weight=0 889.131 773.501 671.513 336.961 9611.68 334.551 2664.48 2510.83 1466.72 1044.11 570.422 585.115 896.293
internal_count=140985 13295 11508 9788 4635 127690 5153 35814 33831 19798 14033 7695 8328 12103
is_linear=0
shrinkage=0.0101079


Tree=149
num_leaves=15
num_cat=0
split_feature=29 13 14 22 2 3 7 10 20 16 33 27 30 2
split_gain=13.8371 13.8594 16.7451 21.1156 23.8371 55.1344 20.2374 24.6317 17.0195 15.5401 16.6211 21.3712 17.3877 20.3472
threshold=-0.60785761475563038 -0.089315064251422868 -7.4560420513153067 -0.38807497918605799 0.51358893513679515 0.29990671575069433 0.73823609948158275 0.15003748983144763 -3.2783598899841304 0.61637660861015331 1.0000000180025095e-35 0.9279436767101289 0.81174489855766307 0.77893000841140758
decision_type=2 2 2 2 2 2 2 2 2 2 10 2 2 2
left_child=-1 -2 3 4 5 -3 7 -4 -6 -8 12 -12 -11 -14
right_child=1 2 6 -5 8 -7 9 -9 -10 10 11 -13 13 -15
leaf_value=0.0028953282664744414 0.0020117560831538085 -0.0024934238635133826 0.00083352301346331886 -2.5360328190146403e-05 0.00021674460374400872 0.007599204887876119 0.0018520989949711427 0.0054525973756217932 -0.0023649693651607265 5.4543740397196518e-05 -0.0011673691041219629 0.001619945055784187 0.0076004392917162185 0.00092843925665613653
leaf_weight=157.49056898616254 311.90385632030666 120.30053409188986 798.99941516295075 2986.0419514533132 290.36987724713981 86.278491351753473 398.79263964481652 140.0411470849067 1284.1633396483958 1349.443796123378 2014.6533449217677 308.61851504445076 64.528858263045549 193.97516181319952
leaf_count=1909 3750 1922 9903 42406 4533 1443 5074 1637 19376 27008 14773 2186 1374 3766
internal_value=0 -5.34879e-05 -0.000123183 -0.00055955 -0.00142855 0.00165331 0.00026418 0.00160356 -0.00186451 -1.92626e-05 -0.000222601 -0.000775642 0.000551291 0.00291631
internal_weight=0 10348.1 10036.2 4767.15 1781.11 206.579 5269.05 939.041 1574.53 4330.01 3931.22 2323.27 1607.95 258.504
internal_count=141060 139151 135401 69680 27274 3365 65721 11540 23909 54181 49107 16959 32148 5140
is_linear=0
shrinkage=0.0101079


Tree=150
num_leaves=15
num_cat=0
split_feature=23 27 30 18 2 3 18 8 30 3 16 28 17 23
split_gain=12.01 15.7354 19.7786 19.8745 19.3354 36.7418 24.8424 18.7064 18.5107 23.0473 18.0109 17.8118 17.5219 16.8169
threshold=2.1015208959579472 -0.65106672048568714 1.0000000180025095e-35 90.500000000000014 1.5456154942512514 0.65910112857818615 45.500000000000007 1.5740303397178652 1.0000000180025095e-35 0.23050125688314441 0.78380835056304943 0.5464349389076234 15.500000000000002 0.81718361377716076
decision_type=2 2 2 2 2 2 2 2 2 2 2 2 2 2
left_child=1 2 4 -4 6 -6 -1 -7 9 -3 -8 -11 -13 -10
right_child=-2 8 3 -5 5 7 10 -9 13 11 -12 12 -14 -15
leaf_value=0.0029525292403410376 0.001523361299300127 -0.0029177093426852175 -0.0024836134172245665 0.0014864411748710586 0.0036283163438021559 -0.0033806735655560233 0.00067673536606775145 0.00043249316546301302 0.0014710489266637791 0.00037938484328384474 -0.0037737799883111106 0.00082677807176949141 -0.0018119066106957848 0
leaf_weight=366.85144298523664 494.80272305384278 307.6812426969409 842.72216632589698 133.16082233563066 118.03740413300693 438.18248953670263 297.58582941256464 159.06706413067877 1575.6304047256708 2734.9342284202576 121.17229417897761 328.40210625529289 906.84785658121109 1702.8898029886186
leaf_count=4810 6060 5110 12377 1790 1439 6489 4517 2372 20553 35563 1317 4167 12974 21639
internal_value=0 -7.7995e-05 -0.000778501 -0.00189338 -2.08461e-05 -0.00124231 0.00104148 -0.00230551 0.000146812 -0.000284246 -0.00056059 -6.47696e-05 -0.00107704 0.00072094
internal_weight=0 10033.2 2476.78 975.883 1500.9 715.287 785.61 597.25 7556.39 4277.87 418.758 3970.18 1235.25 3278.52
internal_count=141177 135117 35111 14167 20944 10300 10644 8861 100006 57814 5834 52704 17141 42192
is_linear=0
shrinkage=0.0101079


Tree=151
num_leaves=15
num_cat=0
split_feature=28 27 30 2 3 7 0 7 29 27 29 14 33 3
split_gain=10.0969 33.3616 19.8864 29.4289 41.9228 18.6743 17.4431 15.5426 13.4821 19.6283 29.9816 19.328 15.4162 14.5108
threshold=0.4904943853616715 -0.50938662886619557 1.0000000180025095e-35 0.81828930974006664 0.4452961534261704 -2.2577580213546748 0.52636694908142101 0.12259309738874437 0.87837970256805431 -0.8253108263015746 -1.0000000180025095e-35 -5.8132858276367179 0.9590476155281068 0.67283475399017345
decision_type=2 2 2 2 2 2 2 2 2 2 2 2 10 2
left_child=8 -2 -3 4 5 -4 -5 -6 9 10 13 12 -12 -1
right_child=1 2 3 6 7 -7 -8 -9 -10 -11 11 -13 -14 -15
leaf_value=0.0039728845922753307 -0.0027845682979611734 -0.00084174341334378015 0.0032632930412339191 -0.003744571044904933 0.002285015696960943 -0.0012277574596083042 0.00025215039967549585 0.0086300804908160788 0.001067655977355645 0.00033078931008004319 -0.0012936906478799516 -0.00014413664291792897 -0.00467574754178352 0
leaf_weight=129.59361022152007 522.67503225896508 1369.5520667210221 141.6649072598666 129.86429053731263 101.09252807497978 238.84669087827206 516.36728886328638 115.00131785310805 1488.754956478253 4393.0564823616296 337.46672790125012 435.40192601270974 306.44948417693377 258.56959857605398
leaf_count=1406 7974 19164 2107 1806 1443 2929 6426 1361 19778 57327 7461 5605 2405 3748
internal_value=0 -0.000473094 0 0.000918952 0.00253519 0.000371218 -0.000523413 0.00602198 0.000211234 -5.27219e-07 -0.00101639 -0.00189509 -0.00300134 0.00131402
internal_weight=0 3135.06 2612.39 1242.84 596.605 380.512 646.232 216.094 7349.29 5860.54 1467.48 1079.32 643.916 388.163
internal_count=140940 43210 35236 16072 7840 5036 8232 2804 97730 77952 20625 15471 9866 5154
is_linear=0
shrinkage=0.0101079


Tree=152
num_leaves=15
num_cat=0
split_feature=13 14 2 3 23 9 10 3 3 2 20 27 23 3
split_gain=13.0359 14.724 15.7655 42.9892 18.2168 14.4158 14.0432 10.8496 17.4634 10.7187 22.3549 19.2426 20.9769 17.3918
threshold=-0.092856191098690019 -7.4560420513153067 0.46789002418518072 0.26439033448696142 0.54799306392669689 0.14418007433414462 0.028768874704837803 0.68727469444274913 0.39885307848453527 1.6593780517578127 -9.1576433181762678 -0.52803644537925709 0.9913751780986787 0.8689478635787965
decision_type=2 2 2 2 2 2 2 2 2 2 2 2 2 2
left_child=5 2 3 -2 7 -1 -6 8 -4 13 -11 12 -12 -8
right_child=1 -3 4 -5 6 -7 9 -9 -10 10 11 -13 -14 -15
leaf_value=0.0044709427355021222 -0.0021828994896070314 0.00028717065249100004 -0.00047105344988588552 0.0057448518692093256 -0.001794927351804618 0 -4.2798632265017942e-05 1.5848297164401706e-05 -0.0051001887361468105 0.001966757131177119 -0.0060652528810550633 0 -0.0013007916195833665 0.0028605630447497373
leaf_weight=129.78812183812261 121.52185723371804 5313.0349143389612 167.66732006147504 135.29286713711917 613.91432026028633 154.24622901156545 2336.1679069455713 108.98608258925378 218.57115795835853 184.39653339236975 160.44665775634348 321.09561737813056 298.21336001716554 221.6274892911315
leaf_count=1591 2080 66198 2670 2028 8937 1780 33581 1750 3390 2371 2552 4397 4340 3085
internal_value=0 -7.6234e-05 -0.000479351 0.00188565 -0.000622118 0.00209006 -0.000388784 -0.00245479 -0.00324156 -0.000128853 -0.00103963 -0.00181419 -0.00312633 0.000200747
internal_weight=0 10200.9 4887.9 256.815 4631.09 284.034 4135.86 495.225 386.238 3521.95 964.152 779.756 458.66 2557.8
internal_count=140750 137379 71181 4108 67073 3371 59263 7810 6060 50326 13660 11289 6892 36666
is_linear=0
shrinkage=0.0101079


Tree=153
num_leaves=15
num_cat=0
split_feature=23 16 30 3 3 22 11 18 13 33 16 3 33 11
split_gain=13.1286 10.8082 10.7562 23.4929 19.0546 18.2165 18.3173 16.069 15.4355 33.9211 23.8485 27.4749 21.6369 18.7238
threshold=0.39684779942035681 0.38613681495189672 -0.56174489110708226 0.21523301303386691 0.5729874074459077 -0.10803455114364623 0.078688900917768492 56.500000000000007 0.00041897890332620596 1.0013927817344668 0.77699401974678051 0.46072389185428625 0.99611112475395214 0.11531155928969385
decision_type=2 2 2 2 2 2 2 2 2 8 2 2 10 2
left_child=1 -1 3 -2 7 6 -6 -4 9 -9 -10 12 13 -12
right_child=2 -3 4 -5 5 -7 -8 8 10 -11 11 -13 -14 -15
leaf_value=0.00053079233320378377 -0.0044206309065650531 -0.0028139537139048403 0.00022448810734425106 -0.00011992404852710525 -0.00032200835540538143 0.0005831350569193717 -0.0030393448422783246 0.0052481744820111155 -0.0012548389595825465 0.00033495170626823096 0.0063427208567578197 0.0048964232811728337 -0.0015297273118952703 -5.3874749359042601e-06
leaf_weight=119.54108814522624 128.05987720750272 279.19182369299233 1730.5123500153422 3781.7453011535108 1105.5769353648648 1475.1898842267692 340.62531141936779 310.860620200634 340.97159865684807 297.83112166635692 81.686321498826146 211.60241055116057 233.49171871691942 75.074862508103251
leaf_count=1611 2059 3390 24010 51006 15263 19508 4638 2229 4482 6071 1528 2365 1642 1385
internal_value=0 -0.0017204 0.000129409 -0.000279464 0.000393655 -0.000188545 -0.00100248 0.000923427 0.00167211 0.00294378 0.000791462 0.0020184 0.000292112 0.00319708
internal_weight=0 398.733 10113.2 3909.81 6203.42 2921.39 1446.2 3282.03 1551.52 608.692 942.827 601.855 390.253 156.761
internal_count=141187 5001 136186 53065 83121 39409 19901 43712 19702 8300 11402 6920 4555 2913
is_linear=0
shrinkage=0.0101079


Tree=154
num_leaves=15
num_cat=0
split_feature=28 13 4 27 29 28 29 11 14 20 2 30 13 14
split_gain=14.202 14.9618 14.8714 13.3737 26.1462 29.8772 25.6683 25.235 23.2559 17.4492 16.6941 22.9281 24.0447 17.937
threshold=-0.69930991530418385 -0.066439937800168977 -2.1758166551589961 -0.11969653144478797 -1.0000000180025095e-35 0.43245348334312445 0.87837970256805431 0.027116346172988418 -5.6963040828704825 -0.061208494007587426 1.4504799246788027 -0.56174489110708226 -0.070731569081544862 -4.6501054763793936
decision_type=2 2 2 2 2 2 2 2 2 2 2 2 2 2
left_child=1 -1 -3 4 7 6 8 -2 -6 -7 11 13 -13 -5
right_child=3 2 -4 10 5 9 -8 -9 -10 -11 -12 12 -14 -15
leaf_value=-0.0028764461487667159 0.0044737651262252457 0.0023544844201335937 0.00040838360591564341 -0.0019256964608573102 -0.0022278279560793823 -0.00093762895109842943 0.0017471230812399837 0 0.0005736242115920192 -0.0039294935205128022 0.0017118241626018933 0.0040561084724537065 0.00019005188103519242 0.0004566337035737532
leaf_weight=107.56896317377687 156.83765596523881 505.34858432598412 2277.2429610583931 939.69248033873737 737.22153898142278 408.37732545658946 425.9768386837095 523.87013969942927 473.87724907137454 500.07683966308832 597.70645968988538 173.10462158545852 2214.1217600125819 449.60088686272502
leaf_count=1419 1966 6681 29471 13968 10971 6433 5768 7018 6119 7226 7362 2306 28647 5679
internal_value=0 0.000624455 0.000781805 -0.000206596 -0.000701758 -0.00117922 -0.000331144 0.00101816 -0.00110172 -0.00264779 0.000149958 -8.94887e-05 0.000499335 -0.00112746
internal_weight=0 2890.16 2782.59 7600.46 3226.24 2545.53 1637.08 680.708 1211.1 908.454 4374.23 3776.52 2387.23 1389.29
internal_count=141034 37571 36152 103463 45501 36517 22858 8984 17090 13659 57962 50600 30953 19647
is_linear=0
shrinkage=0.0101079


Tree=155
num_leaves=15
num_cat=0
split_feature=23 27 28 3 16 14 12 21 28 3 13 29 23 13
split_gain=11.0334 13.0569 26.4395 22.5438 26.4125 24.3673 25.1822 15.4085 16.3909 14.7346 15.3482 18.5672 15.0264 16.1461
threshold=2.1015208959579472 -0.56457334756851185 0.6835516393184663 0.66567426919937145 0.18446597456932071 -11.361804008483885 -0.07351363822817801 -0.1179676055908203 -0.09801131114363669 0.74111106991767894 -0.010107879992574452 1.0000000180025095e-35 1.2581300139427187 0.02522199880331755
decision_type=2 2 2 2 2 2 2 2 2 2 2 2 2 2
left_child=1 2 3 4 -1 -5 -7 -6 -9 -3 11 -11 13 -12
right_child=-2 9 -4 5 7 6 -8 8 -10 10 12 -13 -14 -15
leaf_value=0.0048092752178845758 0.0014247704213366295 -4.73113135015089e-05 -0.005118270373077119 -0.0030184889523160513 -0.0023038801864603276 0.0044702098263150053 -0.00079467374144980495 0.0025420650182140913 -0.00087057062329167802 0 -0.0016398277135375732 0.0053813897541903086 0.003046033315827494 0.0025469583322996602
leaf_weight=134.82434993982315 501.53543357551098 6468.4998932546005 126.27144284453243 499.30922221019864 198.17294804006815 93.029997520148754 1049.4796114293858 296.59061306715012 243.85700663179159 106.8068993575871 347.65660891123116 163.9943800251931 155.04697314277291 116.19609260186553
leaf_count=1857 6140 85509 1961 7763 3130 1317 14773 3481 3076 1383 4527 2454 1982 1541
internal_value=0 -9.92581e-05 -0.00070994 -0.000457766 0.00082272 -0.00116419 -0.000303944 0 0.000937668 0.000114982 0.00133042 0.00332228 0.000364387 -0.000480881
internal_weight=0 9999.74 2641.54 2515.26 873.445 1641.82 1142.51 738.621 540.448 7358.2 889.701 270.801 618.9 463.853
internal_count=140894 134754 37358 35397 11544 23853 16090 9687 6557 97396 11887 3837 8050 6068
is_linear=0
shrinkage=0.0101079


Tree=156
num_leaves=15
num_cat=0
split_feature=29 2 2 3 12 23 3 15 2 14 12 6 15 14
split_gain=13.7507 12.8933 18.1201 13.9942 14.249 13.4466 31.4509 15.2935 15.8863 15.3001 12.8885 12.8822 21.1356 20.14
threshold=-0.60785761475563038 4.4996695518493661 2.9043198823928837 0.75130772590637218 -0.15342864394187924 0.54799306392669689 0.27028170228004461 6.2896611690521249 0.60380849242210399 -7.1301894187927237 0.00062792701646685611 -9.8139400482177717 3.3625049591064458 -10.076424598693846
decision_type=2 2 2 2 2 2 2 2 2 2 2 2 2 2
left_child=-1 2 5 -4 -5 6 10 8 -8 -9 -2 -7 -13 -14
right_child=1 -3 3 4 -6 11 7 9 -10 -11 -12 12 13 -15
leaf_value=0.0028732877117402804 0.0050451568613556659 -0.0029056358825376213 0.0055064923480636838 -0.0016901352393896593 0.0027064085108420544 -0.001642016738875638 0.0035727714390789787 -0.0048818650129045255 -0.0013962080941988767 -0.001459558183913539 0 0.001560005629171796 -0.0010039438541262565 0.00025542699208579449
leaf_weight=160.81888740882277 95.271304212510586 150.09959341958165 92.176054455339909 112.83231720887125 170.94988516904414 421.75929678604007 87.103443566709757 217.84297807328403 204.64807764999568 493.18892054073513 86.051910784095526 953.67462730407715 1677.503398898989 5599.3121769763529
leaf_count=1934 1435 2143 1265 1575 2541 6228 1288 3544 3212 6011 1273 13891 24402 70504
internal_value=0 -3.73754e-05 2.95779e-06 0.00216197 0.00082088 -7.70605e-05 -0.00108542 -0.00181127 5.2889e-06 -0.00260513 0.00262545 5.70979e-05 0.000150523 -3.00803e-05
internal_weight=0 10362.4 10212.3 375.958 283.782 9836.36 1184.11 1002.78 291.752 711.032 181.323 8652.25 8230.49 7276.82
internal_count=141246 139312 137169 5381 4116 131788 16763 14055 4500 9555 2708 115025 108797 94906
is_linear=0
shrinkage=0.0101079


Tree=157
num_leaves=15
num_cat=0
split_feature=29 2 2 14 15 2 7 7 15 12 11 0 2 0
split_gain=11.6914 11.7352 23.6962 12.7376 23.3161 26.9627 21.7019 17.7954 20.9518 20.5458 15.6298 14.9757 19.1466 18.2736
threshold=-0.60785761475563038 4.4996695518493661 2.9749344587326054 -7.3916492462158194 8.3869838714599627 0.47441397607326513 -6.9892706871032706 0.4778373539447785 6.4343352317810067 0.071745678782463088 0.031042410992085937 0.54242739081382763 1.4297332763671877 1.0386590957641604
decision_type=2 2 2 2 2 2 2 2 2 2 2 2 2 2
left_child=-1 2 3 4 5 6 -2 9 -9 -5 -10 -6 -13 -14
right_child=1 -3 -4 7 11 -7 -8 8 10 -11 -12 12 13 -15
leaf_value=0.0026730809341389923 3.8071376942117126e-06 -0.0027377238923588631 0.0026298528886994662 0.00091626956667868991 -0.0051998430255192881 -0.00025687597565718937 0.0067426414173006339 0.0041693784775642942 -0.0014679566763130788 0.0056398610668220734 0.00016617719864586806 -0.0003412621917540265 -0.0058849872440535581 -0.00048655548477046504
leaf_weight=159.77739732153714 114.96193317510188 152.14443225599825 336.89644683524966 768.46451652608812 110.97198073938489 3428.1130968667567 96.800502644851804 112.39103811979294 715.86586681846529 107.90347879193723 3322.791606977582 784.30740484409034 146.35075474530458 143.17270505800843
leaf_count=1934 1878 2193 4901 9463 1992 49514 1391 1310 9200 1292 40607 11125 2274 2110
internal_value=0 -1.74739e-05 2.11926e-05 -6.58709e-05 -0.000439849 -2.65778e-05 0.00339625 0.000285105 0 0.00158735 -0.000115692 -0.00166721 -0.00123057 -0.00343275
internal_weight=0 10341.1 10189 9852.09 4824.68 3639.88 211.762 5027.42 4151.05 876.368 4038.66 1184.8 1073.83 289.523
internal_count=141184 139250 137057 132156 70284 52783 3269 61872 51117 10755 49807 17501 15509 4384
is_linear=0
shrinkage=0.0101079


Tree=158
num_leaves=15
num_cat=0
split_feature=9 13 2 28 10 33 27 13 23 16 11 28 16 11
split_gain=12.6548 13.357 12.6756 11.6947 14.871 16.3912 11.7036 14.0303 13.0566 12.1396 10.4553 10.3935 9.3699 9.32261
threshold=0.074730604887008681 -0.086294468492269502 1.3064054250717165 -0.71473535895347584 0.04185928218066693 1.0545857548713686 0.88186877965927135 0.057688271626830108 2.1015208959579472 0.84406015276908886 0.12250369414687158 0.18436925113201144 0.5513630509376527 0.011685214936733248
decision_type=2 2 2 2 2 8 2 2 2 2 2 2 2 2
left_child=1 -1 10 4 5 -2 8 -8 13 -9 -3 -4 -7 -5
right_child=3 2 11 6 -6 12 7 9 -10 -11 -12 -13 -14 -15
leaf_value=0.0043085264183922002 -0.002664177450192652 0.0012372827798881247 0.00022031826928463772 0.00052210523928605758 0.00092494395990085478 -0.0009339296666774975 -7.8154347410076643e-06 0.004974477644505153 0.001623648442984125 0 -0.0015175592478041827 -0.0023358203135799031 0.0029488859116876863 -0.00094410882477824704
leaf_weight=94.177543096244335 278.32775011658669 1489.6084538064897 415.48633978888392 457.60132651310414 1680.1516137048602 108.68865235522389 1159.8221256900579 109.25645542517304 226.57395226322114 99.863111583516002 136.18085970170796 235.87507474422455 111.33500649221241 3896.7161226291209
leaf_count=1140 1975 20259 5596 6535 21701 2320 15182 1413 2715 1330 1751 3475 2151 53451
internal_value=0 0.000671447 0.000489411 -0.00016608 0.00045786 -0.00102703 -0.000401624 0.000398673 -0.000649874 0.00276088 0.000975723 -0.000660204 0.000885929 -0.000780094
internal_weight=0 2371.33 2277.15 8128.34 2178.5 498.351 5949.83 1368.94 4580.89 209.12 1625.79 651.361 220.024 4354.32
internal_count=140994 32221 31081 108773 28147 6446 80626 17925 62701 2743 22010 9071 4471 59986
is_linear=0
shrinkage=0.0101079


Tree=159
num_leaves=15
num_cat=0
split_feature=13 7 30 13 17 28 10 13 2 8 10 18 13 27
split_gain=14.079 16.9023 35.8884 13.3175 19.9443 15.5741 20.061 16.2787 16.9335 16.9065 14.5298 14.326 15.0099 12.8188
threshold=-0.089315064251422868 -26.796333312988278 -0.56174489110708226 -0.057939089834690087 81.500000000000014 -0.69930991530418385 0.041182344779372222 0.0017133974470198157 0.86756208539009105 -0.6416950225830077 0.089611724019050612 23.500000000000004 -0.07254870235919951 1.0000000180025095e-35
decision_type=2 2 2 2 2 2 2 2 2 2 2 2 2 2
left_child=1 -1 -3 4 11 6 -5 9 10 -8 -9 -2 -13 -11
right_child=3 2 -4 5 -6 -7 7 8 -10 13 -12 12 -14 -15
leaf_value=-0.00083856196600396739 0.0030557845067514977 -1.6058512940751585e-05 0.0077319043289038629 -0.00082485863239009822 -0.0035301369900160207 -0.00021741387571712144 0.0039702034234272024 0.00028299995867199192 -0.00041033836957093261 0.0026992033972265397 0.0045401312144200149 0.0013222812614173184 -0.0033436900352655221 -0.00029328649791519006
leaf_weight=110.76818769983947 107.34827323630452 111.40834887325764 104.79371539317071 649.50418804958463 266.30604476295412 6803.3081563077867 347.53418299555779 223.12501323409379 825.24211687408388 240.25792035460472 148.08530661277473 108.75397538952529 146.21508075483143 303.83632261678576
leaf_count=1243 1674 1246 1429 8360 4053 92318 4577 2748 10428 3360 1699 1438 2319 4101
internal_value=0 0.0020534 0.00369406 -5.3078e-05 -0.00147065 3.71814e-05 0.000683486 0.00117328 0.000357552 0.00221053 0.00214543 0 -0.00121867 0.000973776
internal_weight=0 326.97 216.202 10169.5 628.623 9540.89 2737.59 2088.08 1196.45 891.628 371.21 362.317 254.969 544.094
internal_count=140993 3918 2675 137075 9484 127591 35273 26913 14875 12038 4447 5431 3757 7461
is_linear=0
shrinkage=0.0101079


Tree=160
num_leaves=15
num_cat=0
split_feature=0 27 28 3 23 5 3 3 12 5 3 9 5 16
split_gain=11.9069 20.6177 19.3133 13.7576 13.3341 12.8929 15.4472 16.6207 19.6808 20.6127 15.3286 20.203 13.3196 28.0115
threshold=0.55220460891723644 -0.47136868536472315 0.74455857276916515 0.58715778589248668 0.49096632003784185 2.1015193462371831 0.46739956736564642 0.83511739969253551 -0.1176495887339115 -10.672223091125487 0.23050125688314441 0.16203062981367114 -4.4679553508758536 0.11453804001212121
decision_type=2 2 2 2 2 2 2 2 2 2 2 2 2 2
left_child=1 -1 4 -4 -3 6 10 12 9 -9 -2 -12 -8 -14
right_child=5 2 3 -5 -6 -7 7 8 -10 -11 11 -13 13 -15
leaf_value=-0.004955897048290147 -0.0010482802960163017 0.005043815072843804 -0.0023587776694757477 0.0006886244508083918 0 -0.00040550260264288348 -0.0016146937857781985 0.002279390460206413 0.0020418607564204419 -0.0030448777463033139 0.0021257340875967365 0.00016921319690785936 0.0045369144693395399 -0.00032412211852427257
leaf_weight=116.03129463456571 308.511479312554 83.587621599435806 440.12990605086088 197.97650222573429 124.38567330501974 3200.5431202519685 717.86855153925717 105.22567627578974 684.29430728778243 188.20682647265494 1261.7355041038245 1023.7506520505995 121.4987989589572 1933.4222193975002
leaf_count=1947 4900 1379 6285 2934 1962 41708 10027 1331 9444 2725 16383 13230 1861 24992
internal_value=0 -0.00106461 -0.000443984 -0.00135362 0.00210826 0.000110864 0.000377899 -2.6738e-05 0.00108971 -0.000991681 0.00097687 0.00127048 -0.000436892 -1.34915e-06
internal_weight=0 962.111 846.08 638.106 207.973 9545.06 6344.51 3750.52 977.727 293.433 2594 2285.49 2772.79 2054.92
internal_count=141108 14507 12560 9219 3341 126601 84893 50380 13500 4056 34513 29613 36880 26853
is_linear=0
shrinkage=0.0101079


Tree=161
num_leaves=15
num_cat=0
split_feature=13 13 17 18 7 15 13 22 23 20 12 10 14 7
split_gain=10.0498 14.3461 22.8407 14.469 13.7514 19.5578 13.6702 11.8036 9.02044 9.55453 12.3933 9.14843 8.63108 12.13
threshold=-0.089315064251422868 -0.057939089834690087 80.500000000000014 23.500000000000004 -26.796333312988278 3.8101762533187871 -0.074488174170255647 -0.30768059194087977 2.2445715665817265 -9.1576433181762678 -0.14051325619220731 0.082192040979862227 -19.137453079223629 -13.506076335906981
decision_type=2 2 2 2 2 2 2 2 2 2 2 2 2 2
left_child=4 2 3 -2 -1 -6 -5 -4 9 -3 -11 -10 -12 -14
right_child=1 8 7 6 5 -7 -8 -9 11 10 12 -13 13 -15
leaf_value=-0.00098952811551441199 0.0031066310470510053 0.0027390043636958722 -0.0058632232544341776 0.0014418355146946311 0.0059188591796843128 0 -0.0031272532330268404 -0.0011128858662167727 0.00370561777934893 -0.0028359027015191604 0.0019570130670423448 0.00012981680429204618 0.0026502929367594645 -0.00018075878264590362
leaf_weight=107.09840223938227 105.34402571246028 111.67113071866333 137.38984023407102 94.625292425975204 112.35038466751575 105.21053706109524 153.10983980633318 131.79423088952899 122.4209751971066 162.81945890374482 199.02019668743014 227.50436704792082 148.49954632855952 8591.6283182734624
leaf_count=1219 1636 1528 2099 1200 1290 1381 2435 2049 1461 2440 3146 2787 2284 114255
internal_value=0 -0.000124449 -0.00160301 0 0.00165716 0.00312925 -0.00123252 -0.00377854 -2.28121e-05 -8.80344e-05 -0.000129431 0.00154647 -7.32305e-05 -0.000125758
internal_weight=0 10185.8 622.263 353.079 324.659 217.561 247.735 269.184 9563.56 9213.64 9101.97 349.925 8939.15 8740.13
internal_count=141210 137320 9419 5271 3890 2671 3635 4148 127901 123653 122125 4248 119685 116539
is_linear=0
shrinkage=0.0101079


Tree=162
num_leaves=15
num_cat=0
split_feature=21 21 20 29 23 27 3 3 12 12 28 29 11 27
split_gain=9.98986 25.6494 18.7093 12.5114 12.4665 32.7777 14.9728 16.4443 21.3463 20.0191 25.0431 12.5685 16.0472 14.2913
threshold=-15.086265563964842 -11.844729900360106 -5.774808168411254 -0.60785761475563038 0.56990551948547374 -0.50938662886619557 0.23050125688314441 0.36176167428493505 0.04219453968107701 0.0064877222757786521 0.33172981441020971 0.87837970256805431 0.063500594347715392 -0.83743050694465626
decision_type=2 2 2 2 2 2 2 2 2 2 2 2 2 2
left_child=-1 2 -2 -3 5 -5 -6 8 9 -8 -11 13 -13 -9
right_child=1 3 -4 4 6 -7 7 11 -10 10 -12 12 -14 -15
leaf_value=-0.0021285191634023326 0 0.0028244418281646085 0.005414694300854144 -0.0054103353324727243 -0.0020517927007746586 -0.00037505806455283839 0.00047546127116238811 -0.0011718032671866661 -0.0016186634879117423 0.0012878054695338193 0.0061928421593035483 0.0016145153903658368 -0.00059535346233641391 1.7596620938061875e-05
leaf_weight=210.98482385650277 119.45194288343191 146.66343085840344 147.76870183087885 145.21713062748313 318.56221912615001 1182.325992770493 650.85413310676813 1341.5680912956595 215.67150663025677 313.59996111504734 184.70117488130927 899.71784069575369 494.49900463782251 4122.2868930846453
leaf_count=2818 1613 1764 1705 2355 5155 16689 9018 18803 2808 4149 2487 11826 6441 53373
internal_value=0 5.4409e-05 0.00310196 -2.51602e-05 -7.37586e-05 -0.000983968 6.37242e-05 0.000152428 0.00116354 0.00172794 0.00325196 -4.39636e-05 0.000802859 -0.000268268
internal_weight=0 10282.9 267.221 10015.7 9869 1327.54 8541.46 8222.9 1364.83 1149.16 498.301 6858.07 1394.22 5463.85
internal_count=141004 138186 3318 134868 133104 19044 114060 108905 18462 15654 6636 90443 18267 72176
is_linear=0
shrinkage=0.0101079


Tree=163
num_leaves=15
num_cat=0
split_feature=0 27 2 2 2 11 22 11 27 12 0 13 2 2
split_gain=9.83172 18.8498 8.51348 17.7274 10.8203 16.1019 18.0856 22.4413 18.0111 11.1514 10.7731 11.7777 23.1234 22.1355
threshold=0.55220460891723644 -0.45201864838600153 4.4996695518493661 3.1709257364273076 1.6904316544532778 0.017096011899411682 -0.33548066020011896 0.13440717756748202 -0.05451125651597976 -0.085043884813785539 1.3454846739768984 0.0291882548481226 1.3797981142997744 1.0127825140953066
decision_type=2 2 2 2 2 2 2 2 2 2 2 2 2 2
left_child=1 -1 3 4 9 -6 8 -8 -7 -2 11 13 -13 -11
right_child=2 -3 -4 -5 5 6 7 -9 -10 10 -12 12 -14 -15
leaf_value=-0.0045123264441935774 0.0021379224543329771 -0.00031075109726136585 -0.0021594492968984658 0.0027449761704089657 0.0026592028410841692 -0.004030961164878717 -0.0010629682069361892 0.0025602394779331247 6.3254528845963347e-05 0.0001981167389666236 0.0011185946816924142 0.00022988177175687377 0.0036299931381950697 -0.0013409401830066616
leaf_weight=123.65318098664284 307.2560005877167 834.68807640485466 151.15942458435893 262.11846967786551 122.20250006392598 304.19970220327377 720.5962871350348 220.25150149315596 139.70990376919508 3084.0930405650288 1055.3813746776432 1607.3130011912435 233.028210895136 1355.0662440359592
leaf_count=2057 4604 12370 2140 3851 1925 4456 9831 2638 1679 41352 13319 20230 2745 17921
internal_value=0 -0.000926168 0.000141991 0.000184976 0.000104983 -0.000668203 -0.00100389 -0.000158304 -0.00267343 0.000263257 0.000177071 1.1224e-05 0.000695541 -0.000264073
internal_weight=0 958.341 9562.38 9411.22 9149.1 1506.96 1384.76 940.848 443.91 7642.14 7334.88 6279.5 1840.34 4439.16
internal_count=141118 14427 126691 124551 120700 20529 18604 12469 6135 100171 95567 82248 22975 59273
is_linear=0
shrinkage=0.0101079


Tree=164
num_leaves=15
num_cat=0
split_feature=13 13 1 9 2 12 27 23 3 30 28 2 8 16
split_gain=11.0136 15.1706 22.5224 14.309 10.9287 34.8034 16.6252 14.8525 14.7135 22.8242 39.1986 32.2718 14.1082 11.232
threshold=-0.089315064251422868 -0.018358848989009854 1.4279931187629702 0.16045694798231128 1.5185254812240603 -0.045088073238730424 -0.37256073951721186 0.96735137701034557 0.3644829541444779 -0.56174489110708226 -0.14132478833198545 0.60865783691406261 0.43907564878463751 0.13433778285980227
decision_type=2 2 2 2 2 2 2 2 2 2 2 2 2 2
left_child=3 2 4 -1 5 12 7 -6 9 11 -11 -7 -2 -8
right_child=1 -3 -4 -5 6 8 13 -9 -10 10 -12 -13 -14 -15
leaf_value=0.0039061853603701499 0.0044801795955364699 0.00015223441705960547 0.0014126057600528416 -7.5837103767196156e-05 -0.0064105719258807205 -0.0063869035913333367 -0.0027028510757513445 -0.00166857729215968 -0.0022820832331261528 -0.0023751227180877025 0.0042621534607784409 0.00042037565080111109 0 0.0016581867682497974
leaf_weight=158.07672230713069 148.59600281715393 7497.9008468799293 401.65168100781739 164.52442371658981 134.71488387323916 110.6975992936641 97.52201790176332 204.95235493592918 792.15082580037415 141.7754825502634 209.56915926374495 151.50144249387085 153.04596340842545 130.65745098143816
leaf_count=1953 2395 98005 5839 1929 2175 1784 1354 2882 11445 1863 2949 2233 2523 1642
internal_value=0 -7.66171e-05 -0.000731334 0.00179793 -0.00113101 -0.000687332 -0.00236785 -0.00376545 -0.00137488 -0.000124737 0.00147749 -0.00240286 0.00234065 -6.1099e-05
internal_weight=0 10174.7 2676.83 322.601 2275.18 1707.34 567.847 339.667 1405.69 613.544 351.345 262.199 301.642 228.179
internal_count=140971 137089 39084 3882 33245 25192 8053 5057 20274 8829 4812 4017 4918 2996
is_linear=0
shrinkage=0.0101079


Tree=165
num_leaves=15
num_cat=0
split_feature=2 2 6 15 29 23 3 7 12 4 5 14 29 14
split_gain=9.39383 16.2286 12.0698 22.3092 21.1188 16.4492 14.538 18.2377 18.0889 24.8925 17.7594 14.2355 20.0773 26.405
threshold=4.4996695518493661 2.9749344587326054 -9.8139400482177717 3.4247894287109379 -0.60785761475563038 0.4164456725120545 0.59048768877983104 -23.813435554504391 -0.043224057182669633 -0.24302867054939267 -2.6001555919647212 -10.076424598693846 0.6078576147556306 -19.385696411132809
decision_type=2 2 2 2 2 2 2 2 2 2 2 2 2 2
left_child=1 2 -1 6 -5 -6 7 -4 9 -9 -10 12 -7 -14
right_child=-2 -3 3 4 5 11 -8 8 10 -11 -12 -13 13 -15
leaf_value=-0.0016206142962439149 -0.0024431452011199895 0.0021394369882782017 -0.0014271834771238344 0.0037934314616417993 -0.0021826461723220151 -0.0017063454116406787 0 0.0079833190301568172 -0.0014583286260415158 0.00047949898040051665 0.0031412441244843916 9.98007651415154e-05 0.0051914214287092399 -0.00033892261547017663
leaf_weight=482.58670412749052 155.54620280861855 342.73046372458339 93.757704582065344 126.19615346007049 418.05223239026964 1174.4441960118711 468.92592706531286 132.56287064962089 121.90419172681868 86.07967016287148 209.74309484288096 6043.3583519821987 95.196105197072029 556.6421913895756
leaf_count=7179 2230 5023 1089 1429 5250 16977 6692 1953 1933 1317 3291 76922 1400 8424
internal_value=0 0 -7.36767e-05 1.67104e-06 -0.000172357 -0.000241061 0.00134565 0.00232227 0.00304447 0.00532386 0.00133643 -0.000130763 -0.000913047 0.000458068
internal_weight=0 10352.2 10009.4 9526.86 8413.89 8287.69 1112.97 644.048 550.29 218.643 331.647 7869.64 1826.28 651.838
internal_count=141109 138879 133856 126677 110402 108973 16275 9583 8494 3270 5224 103723 26801 9824
is_linear=0
shrinkage=0.0101079


Tree=166
num_leaves=15
num_cat=0
split_feature=13 9 29 13 17 18 13 0 22 2 17 20 27 0
split_gain=13.2324 14.85 13.2697 14.4974 17.0974 16.6766 16.9885 9.10947 8.97728 11.4185 12.1039 16.564 17.4988 29.1858
threshold=-0.089315064251422868 0.10044706240296365 -0.60785761475563038 -0.057939089834690087 81.500000000000014 20.500000000000004 -0.07254870235919951 0.81011241674423229 0.65252575278282177 0.83266264200210582 14.500000000000002 -2.9563277959823604 -0.49049438536167139 0.83512938022613536
decision_type=2 2 2 2 2 2 2 2 2 2 2 2 2 2
left_child=1 -1 -2 4 5 -4 -7 -3 9 -5 -11 12 -12 -14
right_child=2 7 3 8 -6 6 -8 -9 -10 10 11 -13 13 -15
leaf_value=0.0049736584307568093 0.0029215612885035509 0.0023985636581583866 0.0033105011999382491 0.00033178707331678743 -0.003519114054093424 0.0011862036178378554 -0.0037403837388226779 -0.0015249369776587026 0.00067628667951734995 0.00041363658417295463 -0.0010479018952573437 -0.001172241870165141 0.0059949220592818266 0.0001280270884450592
leaf_weight=107.53026352450252 144.3825358338654 108.84124841913581 96.216037724167109 3113.5683041540906 258.65449466183782 112.48483418114483 144.78606534563005 110.84712712839246 1704.7315599452704 1153.8201295807958 401.21114004403353 2566.7390962755308 116.62872062250972 337.83160477504134
leaf_count=1307 1733 1464 1526 41999 3961 1476 2338 1121 21842 14443 6147 35135 1919 4415
internal_value=0 0.0020053 -3.51735e-05 -8.40734e-05 -0.00158191 -7.84379e-06 -0.00146137 0.000256013 1.04221e-05 -0.000132455 -0.000457176 -0.000762833 0.000417856 0.00179545
internal_weight=0 327.219 10151.1 10006.7 612.141 353.487 257.271 219.688 9394.53 7689.8 4576.23 3422.41 855.671 454.46
internal_count=140826 3892 136934 135201 9301 5340 3814 2585 125900 104058 62059 47616 12481 6334
is_linear=0
shrinkage=0.0101079


Tree=167
num_leaves=15
num_cat=0
split_feature=23 27 30 18 28 21 15 4 33 30 16 6 28 11
split_gain=10.8371 11.9389 18.1567 23.5054 19.3673 16.2545 34.3784 17.4766 16.6509 13.7252 20.2319 24.8548 18.3506 25.4387
threshold=2.1015208959579472 -0.69930991530418385 1.0000000180025095e-35 53.500000000000007 -0.24825246632099149 5.7291629314422616 21.186862945556644 0.58504050970077526 0.99472221732139599 -0.56174489110708226 0.57182708382606517 -1.2688082456588743 -0.24825246632099149 0.050583288073539741
decision_type=2 2 2 2 2 2 2 2 10 2 2 2 2 2
left_child=1 2 5 -4 -5 7 -7 -1 -9 10 12 -12 -3 -14
right_child=-2 9 3 4 -6 6 -8 8 -10 -11 11 -13 13 -15
leaf_value=-0.00016175954558913342 0.0014620873311120201 -3.7589724090013889e-05 -0.0033828030507521353 0.0031711281416748512 -0.0014006544324906441 -0.003948144692679862 0.0018620217367494819 2.2770932929314525e-06 0.0047095319403114592 0.00047021812519994579 0.0036785905116742909 -0.00012019521272176189 -0.0045626610395544352 -0.00042707125779700494
leaf_weight=689.54816866014153 500.84503296017647 613.51327795535326 459.71681193262339 122.0237771384418 337.48246270790696 254.37032287754118 155.79531017132103 164.68322258815169 172.3045084849 4837.0886893859133 191.99571535363793 1350.5691688563675 317.94867809303105 333.28391095809639
leaf_count=9862 6087 8863 6772 1489 5186 3185 2209 3525 1286 63166 2423 16821 5110 4960
internal_value=0 -4.93654e-05 -0.000680231 -0.00178364 -6.79277e-05 3.40423e-06 -0.00165061 0.000710751 0.00257765 0.000140253 -0.000413634 0.000342281 -0.00136395 -0.00253711
internal_weight=0 10000.3 2355.92 919.223 459.506 1436.7 410.166 1026.54 336.988 7644.4 2807.31 1542.56 1264.75 651.233
internal_count=140944 134857 33514 13447 6675 20067 5394 14673 4811 101343 38177 19244 18933 10070
is_linear=0
shrinkage=0.0101079


Tree=168
num_leaves=15
num_cat=0
split_feature=29 23 3 15 33 17 15 9 13 15 16 4 7 17
split_gain=13.3392 15.6368 19.7062 16.1491 18.0485 12.7657 16.2213 10.6189 17.5016 12.6524 16.279 10.5141 10.3438 14.1683
threshold=-0.60785761475563038 0.52904817461967479 0.27028170228004461 6.2896611690521249 2.996249914169312 54.500000000000007 11.496576786041262 0.11959556117653848 -0.089315064251422868 21.420234680175785 0.91407489776611339 1.025097191333771 -3.5690592527389522 56.500000000000007
decision_type=2 2 2 2 8 2 2 2 2 2 2 2 2 2
left_child=-1 2 -2 4 -4 6 -5 8 -3 10 12 -11 13 -9
right_child=1 7 3 5 -6 -7 -8 9 -10 11 -12 -13 -14 -15
leaf_value=0.002910497433598171 0.0020556479067836736 0.004734556331082853 0.0027466033713932129 0.0018661469099618521 -0.002395806541286293 -0.0039903382160093818 -0.002682300509001066 -0.0015625731809269375 0.00046790365691538524 -0.00013414469278137268 -0.0021725367404650921 0.0023843129711875943 0.00028342111352522851 9.7761224029335096e-05
leaf_weight=158.20857518911362 150.63818206451833 96.789797931909561 142.47404433786869 113.13290001638234 119.30593950115144 331.05154352914542 202.23754860647023 931.77818989753723 3167.9539029989392 263.43600670062006 412.4136704262346 354.22479483485222 2961.4776192586869 1093.6910621523857
leaf_count=1912 2242 1208 1084 1583 2924 4683 2383 12586 42852 3934 4731 4800 38637 15528
internal_value=0 1.54973e-05 -0.00113929 -0.00172615 0.000251156 -0.0025824 -0.000919713 0.00015242 0.000617521 -9.3677e-05 -0.000257221 0.00125688 -8.76401e-05 -0.000649123
internal_weight=0 10340.6 1058.84 908.202 261.78 646.422 315.37 9281.77 3264.74 6017.02 5399.36 617.661 4986.95 2025.47
internal_count=141087 139175 14899 12657 4008 8649 3966 124276 44060 80216 71482 8734 66751 28114
is_linear=0
shrinkage=0.0101079


Tree=169
num_leaves=15
num_cat=0
split_feature=23 21 13 6 29 23 32 11 2 17 15 13 18 30
split_gain=11.8436 11.603 24.3031 18.0352 14.7613 13.5664 16.1389 15.4459 22.6809 28.7384 11.1564 10.2311 10.104 17.4061
threshold=1.4811105728149416 -15.086265563964842 -0.089315064251422868 -3.2670578956603999 -0.60785761475563038 0.56123942136764537 1.0000000180025095e-35 0.078053388744592681 0.63622072339057933 23.500000000000004 8.1164960861206072 0.010482620447874071 93.500000000000014 1.0000000180025095e-35
decision_type=2 2 2 2 2 2 2 2 2 2 2 2 2 2
left_child=1 -1 3 -3 -4 6 7 8 10 -10 -6 -11 -7 -14
right_child=-2 2 4 -5 5 12 -8 -9 9 11 -12 -13 13 -15
leaf_value=-0.0031389897596376124 0.00083058875958278236 0.0058504545921758489 0.0029417202072115245 2.3787706002280554e-05 0.0043195490595485013 -0.00018698652389319045 -0.0049931730323639935 -0.0024221875255654489 0.0034204470677262322 -0.0039581361757602997 0.0001666846849120186 -2.821194861775446e-06 -6.0787408341432017e-05 0.0030528548885575802
leaf_weight=121.3475330863148 1559.3942436277866 113.12603351660073 143.86391947232187 124.88880286365747 130.89840079843998 6460.943601610139 101.79832065105438 384.39344947971404 86.825968651100993 231.32977913226932 169.6403715480119 121.83108903281391 463.42500881291926 271.70327389426529
leaf_count=1744 19947 1133 1713 1685 2020 87843 1684 4961 1181 3626 2290 1870 5735 3525
internal_value=0 -0.000121519 -7.26536e-05 0.00305374 -0.000166881 -0.000227396 -0.00120804 -0.000798412 6.44154e-06 -0.00139208 0.00216905 -0.00273483 -5.35002e-05 0.00105504
internal_weight=0 8926.02 8804.67 238.015 8566.65 8422.79 1226.72 1124.92 740.526 439.987 300.539 353.161 7196.07 735.128
internal_count=140957 121010 119266 2818 116448 114735 17632 15948 10987 6677 4310 5496 97103 9260
is_linear=0
shrinkage=0.0101079


Tree=170
num_leaves=15
num_cat=0
split_feature=23 10 27 30 21 15 33 18 27 30 13 22 21 13
split_gain=10.605 11.2334 11.1861 17.1067 22.5793 28.0718 18.1704 17.3797 17.2262 14.9713 32.4815 25.6047 22.7402 23.2198
threshold=2.1015208959579472 0.083799451589584364 -0.65106672048568714 1.0000000180025095e-35 5.7291629314422616 20.978521347045902 1.180555582046509 53.500000000000007 -0.92794367671012867 -0.56174489110708226 0.01304474286735058 0.49094815552234655 3.2063937187194829 0.066366605460643782
decision_type=2 2 2 2 2 2 8 2 2 2 2 2 2 2
left_child=2 -2 3 4 6 -6 8 -5 -1 10 11 -4 -12 -14
right_child=1 -3 9 7 5 -7 -8 -9 -10 -11 12 -13 13 -15
leaf_value=0.0037445084511673905 0.0034042465272371954 0.00012220062004516028 -0.0020422843584346098 -0.0030781596456625833 -0.0040958628227583159 0.0010752016783002109 -0.00054152605140826303 -0.00027879474059478511 4.9742441947192125e-05 0.00043328385986183274 0.0027608240953950636 0.0014133714364643016 -0.0014161637061755761 0.0020450034821379967
leaf_weight=284.06934098154306 175.97327634319663 322.18871295265853 1311.6953637413681 486.21418441645801 251.78926018625498 161.24530561082065 515.2064915606752 486.69542965106666 272.46792434155941 4768.6157171586528 375.3618605080992 242.71424338594079 557.44151815399528 294.28720860555768
leaf_count=2120 2127 3948 18732 7146 3154 2305 11161 7033 2064 62416 4786 3428 6766 3968
internal_value=0 0.00139551 -0.000102983 -0.000695995 0 -0.00199797 0.000762553 -0.00173216 0.00203256 8.52012e-05 -0.000496586 -0.0014725 0.000708312 -0.000165602
internal_weight=0 498.162 10007.8 2457.69 1484.78 413.035 1071.74 972.91 556.537 7550.12 2781.5 1554.41 1227.09 851.729
internal_count=141154 6075 135079 34983 20804 5459 15345 14179 4184 100096 37680 22160 15520 10734
is_linear=0
shrinkage=0.0101079


Tree=171
num_leaves=15
num_cat=0
split_feature=23 27 28 29 30 23 12 12 16 0 5 28 28 29
split_gain=10.87 22.0863 34.1783 18.9838 16.6262 18.2843 17.5743 34.9539 30.2725 37.8772 18.5127 14.0536 14.0316 14.0161
threshold=1.4811105728149416 -0.50938662886619557 0.6835516393184663 -1.0000000180025095e-35 1.0000000180025095e-35 0.813930243253708 0.03299269080162049 -0.021097983233630654 0.89564138650894176 0.70577710866928112 2.0076239109039311 0.96863394975662243 -0.52803644537925709 0.87837970256805431
decision_type=2 2 2 2 2 2 2 2 2 2 2 2 2 2
left_child=1 2 3 -1 -3 6 7 -6 9 -8 11 -9 -5 -14
right_child=-2 4 -4 12 5 -7 8 10 -10 -11 -12 -13 13 -15
leaf_value=0.0013454430474602568 0.00079347153294856822 -0.00027610190184838043 -0.0055333935780687953 0.0020932678353353866 6.1054753870586943e-05 -5.3601256391856494e-05 -0.00473315890822324 0.0058056266404956499 0.0041921610012411112 0.0020422273732824624 0.00012719755746728813 0.0013390638945829283 -0.0020442098053449391 0.00025383986494068581
leaf_weight=369.09653321653605 1571.616211546585 3951.9832910327241 154.9021097291261 107.93073169514537 487.1387143265456 1494.0344960484654 186.86511617526412 343.80029418505728 107.86796779185534 132.95776907727122 134.40910953842103 130.07561727426946 1029.5781853161752 324.67113115731627
leaf_count=5010 20114 53489 2429 1478 6856 19060 2606 4331 1234 1607 1635 1564 15347 4588
internal_value=0 -0.000115374 -0.00105603 -0.000633885 0.000147767 0.000715653 0.00149318 0.00217075 -0.000156843 -0.00181085 0.00377283 0.00470435 -0.00116547 -0.0014652
internal_weight=0 8955.31 1986.18 1831.28 6969.13 3017.15 1523.11 1095.42 427.691 319.823 608.285 473.876 1462.18 1354.25
internal_count=141348 121234 28852 26423 92382 38893 19833 14386 5447 4213 7530 5895 21413 19935
is_linear=0
shrinkage=0.0101079


Tree=172
num_leaves=15
num_cat=0
split_feature=23 5 16 21 2 27 27 3 3 16 3 2 3 30
split_gain=11.814 12.7981 13.4935 25.3009 16.2857 14.7618 15.1513 13.1488 16.6628 20.2461 36.4836 22.1902 21.1823 25.8001
threshold=0.39684779942035681 2.1482501029968266 0.72872292995452892 2.7968375682830815 0.49781501293182379 0.24825246632099154 -0.88186877965927113 0.36964714527130133 0.83511739969253551 0.18446597456932071 0.66567426919937145 0.76965805888175975 0.43015550076961523 -0.56174489110708226
decision_type=2 2 2 2 2 2 2 2 2 2 2 2 2 2
left_child=-1 2 7 -4 -5 6 -6 -2 9 10 -9 12 -11 -14
right_child=1 -3 3 4 5 -7 -8 8 -10 11 -12 -13 13 -15
leaf_value=-0.0016903492625073169 0.0010411232985925315 -0.00044133847540781722 0.0046329999556279722 -0.001982766485997379 0.0028653080057559023 0.002437134404877664 -0.00096884250457447143 0.0022779442685791941 0.0010247643618342503 -0.0020836466421260678 -0.0021420561710364058 -0.0016398303006024738 -0.0013166320100506121 0.002889845348721061
leaf_weight=395.52508162986487 1170.1994807347655 3263.6186615694314 186.77454625442624 187.61899725161493 133.58368580415845 476.5974934771657 406.37435944192111 578.63219695910811 920.93294615112245 245.7726926188916 268.19482723809779 1667.6176143875346 213.67798970267177 400.14530204422772
leaf_count=4985 16617 42908 2272 2549 1597 5925 5068 8433 12830 3205 4043 22614 2763 5378
internal_value=0 7.37944e-05 0.000325124 0.00121352 0.000623876 0.0011557 0 9.02405e-05 -0.00016081 -0.000497967 0.000824079 -0.000958086 0.000320592 0.00136218
internal_weight=0 10119.7 6856.12 1390.95 1204.17 1016.56 539.958 5465.17 4294.97 3374.04 846.827 2527.21 859.596 613.823
internal_count=141187 136202 93294 17411 15139 12590 6665 75883 59266 46436 12476 33960 11346 8141
is_linear=0
shrinkage=0.0101079


Tree=173
num_leaves=15
num_cat=0
split_feature=29 13 30 23 27 11 33 12 30 20 9 14 14 7
split_gain=11.2462 12.2136 16.0559 13.5543 28.9058 17.4449 14.6914 12.6208 13.509 12.9002 11.7267 18.9795 8.72013 19.9221
threshold=-0.60785761475563038 -0.089315064251422868 -0.56174489110708226 0.56990551948547374 -0.50938662886619557 0.12702469527721408 1.0013927817344668 0.0019366890774108472 0.81174489855766307 1.9223666191101076 0.089530147612094893 -7.1301894187927237 -7.3916492462158194 1.4854805469512942
decision_type=2 2 2 2 2 2 8 2 2 2 2 2 2 2
left_child=-1 2 -2 4 -3 6 10 8 -8 -9 -6 -12 -5 -14
right_child=1 3 -4 12 5 -7 7 9 -10 -11 11 -13 13 -15
leaf_value=0.0025951441408352486 -0.00041931726105899842 -0.0052641799528842488 0.0038692380654574425 -0.00030401966223137774 0.0032371608539205998 -0.0040471729505543114 -0.0010423285055449235 -0.0043764739855432057 0.0041894464397408369 0.00017672532262242186 -0.0022580224674533913 0.0021564229326792366 0.001666166927622311 0
leaf_weight=159.09678915701807 141.38368724286556 143.50720662437379 176.16937175393105 4193.2684800941497 167.01703556627035 118.36503378115594 184.88198063895106 173.43464129418135 59.446946751326323 71.876257559284568 180.70756411552429 202.86182130128145 908.23983110114932 3615.518684277311
leaf_count=1923 1558 2326 2200 60533 1271 1533 4125 3741 1238 1566 1443 1476 11134 44960
internal_value=0 -5.04719e-05 0.00187028 -0.000116766 -0.00107623 -0.000491715 -2.19664e-05 -0.00132226 0.000158214 -0.0029172 0.00106411 0 2.27277e-05 0.000334543
internal_weight=0 10336.7 317.553 10019.1 1302.1 1158.59 1040.23 489.64 244.329 245.311 550.586 383.569 8717.03 4523.76
internal_count=141027 139104 3758 135346 18719 16393 14860 10670 5363 5307 4190 2919 116627 56094
is_linear=0
shrinkage=0.0101079


Tree=174
num_leaves=15
num_cat=0
split_feature=13 33 28 10 33 14 13 8 22 2 7 18 30 2
split_gain=11.8186 11.9864 11.7849 18.0048 18.2269 13.5608 12.2337 12.8232 9.92898 17.4542 12.8686 14.5918 29.2861 12.0251
threshold=-0.089315064251422868 2.0062500238418584 -0.69930991530418385 0.039767071604728706 1.0545857548713686 -7.6502952575683585 -0.018915127031505104 2.5431734323501591 -0.32453800737857813 1.3328914046287539 -13.506076335906981 57.500000000000007 -0.56174489110708226 0.98047223687171947
decision_type=2 8 2 2 8 2 2 2 2 2 2 2 2 2
left_child=1 -1 3 4 -2 -6 8 -8 9 13 -10 -12 -13 -4
right_child=2 -3 6 -5 5 -7 7 -9 10 -11 11 12 -14 -15
leaf_value=0.0033919726374588466 -0.0023881169980730782 -0.00028050213968367464 -0.0014449867060145119 0.00097987675446283397 -0.0010809589505947116 0.0031120194963375571 -0.00012489005820007264 0.0017160338971440019 0.0015371522497212538 -0.0036211086583224287 -0.0022061753565814162 -0.0029628810148491303 0.0040329025957026353 0.0014001788766821253
leaf_weight=204.50773760676384 370.16719318181276 124.05157773569226 557.35734241269529 2195.7982277013361 141.09265895746648 142.62407395616174 4941.421441225335 411.28422496467829 303.03586076945066 304.92634235322475 380.15016809664667 96.686911582946777 131.82348207011819 188.00173004157841
leaf_count=1359 2629 2567 8568 28573 2974 2823 65600 5368 4492 4432 5584 1376 1816 2808
internal_value=0 0.00191003 -1.32178e-05 0.000533087 -0.000900045 0.00091415 -0.000231914 1.12473e-05 -0.000913344 -0.00158263 -9.1531e-05 -0.000977117 0.000901267 -0.000666649
internal_weight=0 328.559 10164.4 2849.68 653.884 283.717 7314.69 5352.71 1961.98 1050.29 911.696 608.661 228.51 745.359
internal_count=140969 3926 137043 36999 8426 5797 100044 70968 29076 15808 13268 8776 3192 11376
is_linear=0
shrinkage=0.0101079


Tree=175
num_leaves=15
num_cat=0
split_feature=13 13 22 9 28 28 4 2 16 30 16 18 21 2
split_gain=10.4029 16.6215 15.8039 14.3814 10.8211 8.55996 15.6001 11.937 23.7128 17.1878 32.6328 20.4317 19.4277 20.9415
threshold=-0.089315064251422868 -0.057939089834690087 -0.41502365469932551 0.14418007433414462 -0.74455857276916493 -0.69930991530418385 -2.128494024276733 0.76965805888175975 0.92039778828620922 1.0000000180025095e-35 0.57597795128822338 50.500000000000007 2.6655378341674809 0.4610923975706101
decision_type=2 2 2 2 2 2 2 2 2 2 2 2 2 2
left_child=3 2 -2 -1 -4 6 -3 8 9 10 -7 -11 -12 -14
right_child=1 5 4 -5 -6 7 -8 -9 -10 11 12 -13 13 -15
leaf_value=0.0039646532743672072 -0.0035334075096507328 0.0020881993307475875 -0.0032171724728784715 -1.6759585562598857e-05 0.00071193833638682298 -0.0018898498680686054 0.00010482289485712703 -0.00048476259166330084 -0.0035357525712030984 4.7525999644970171e-05 0.0032129688002250599 0.0031912112662798712 -0.0035505138446467505 0.0013985233281368279
leaf_weight=148.54063574038446 263.84020640142262 502.65473618730903 86.425647994503379 179.92486152239144 273.51404777355492 558.23671726696193 2229.9575087688863 4515.8642674777657 135.61964540556073 428.4625420589 312.03653269819915 468.33429266978055 119.05027513019741 270.32630084641278
leaf_count=1810 4032 6585 1357 2117 4100 8542 28660 61432 1655 5800 3696 6087 1650 3555
internal_value=0 -9.27653e-05 -0.00168141 0.00171239 -0.000168521 8.12329e-06 0.000489238 -0.000179379 0.000404294 0.000682395 -4.96178e-05 0.00174711 0.00136244 -5.17834e-05
internal_weight=0 10164.3 623.78 328.465 359.94 9540.54 2732.61 6807.93 2292.07 2156.45 1259.65 896.797 701.413 389.377
internal_count=141078 137151 9489 3927 5457 127662 35245 92417 30985 29330 17443 11887 8901 5205
is_linear=0
shrinkage=0.0101079


Tree=176
num_leaves=15
num_cat=0
split_feature=14 7 16 33 2 0 11 27 16 23 28 22 30 16
split_gain=9.45509 20.0446 17.319 19.5856 16.9881 22.485 22.4285 14.4547 20.336 13.9397 13.3837 15.0136 12.7132 12.7686
threshold=-7.1301894187927237 0.73823609948158275 0.65199697017669689 1.180555582046509 0.46789002418518072 0.56620290875434887 0.060699639841914184 0.69930991530418407 0.38205942511558538 0.84889179468154918 0.81279832124710094 -0.34064623713493342 1.0000000180025095e-35 0.27408412098884588
decision_type=2 2 2 8 2 2 2 2 2 2 2 2 2 2
left_child=4 2 9 -4 6 7 -1 8 -6 -2 11 -7 -12 -14
right_child=1 -3 3 -5 5 10 -8 -9 -10 -11 12 -13 13 -15
leaf_value=0.0046092802376618619 -0.0015112425497631251 1.1776704349455668e-05 0.0050725644918617257 0.00044270428805960962 -0.0014033899934281673 -0.0012701046180044807 -0.00081500895631112413 0.00067500621041875471 -0.0064945651079470357 0.0019962694626551318 -0.00033974697913023076 1.1383398159455189e-05 0 0.0042863002414537882
leaf_weight=153.86350399628282 216.10976802185178 4262.3950037630275 235.14839840680361 188.08933119103312 259.62236445210874 1385.5555669181049 126.35505837388337 94.935971101745963 136.17456302512437 225.77969999238849 246.95419496111572 2649.2353763636202 131.48700570315123 179.01850732043386
leaf_count=2426 2634 53026 1669 3474 4063 20119 2039 1659 2321 2785 3524 37208 1811 2290
internal_value=0 0.000307153 0.00170321 0.00315331 -0.000299433 -0.00044069 0.00206593 -0.00248772 -0.00334513 0.000194265 -0.000209373 -0.000420231 0.00123017 0.00258427
internal_weight=0 5127.52 865.127 423.238 5363.2 5082.98 280.219 490.733 395.797 441.889 4592.25 4034.79 557.46 310.506
internal_count=141048 63588 10562 5143 77460 72995 4465 8043 6384 5419 64952 57327 7625 4101
is_linear=0
shrinkage=0.0101079


Tree=177
num_leaves=15
num_cat=0
split_feature=2 2 6 15 5 23 6 16 13 13 15 3 5 23
split_gain=11.0046 17.2716 11.2292 24.2888 16.9866 11.7014 11.4353 14.2094 25.8237 12.5493 11.7363 11.3976 18.7604 16.2785
threshold=4.4996695518493661 2.9749344587326054 -9.8139400482177717 3.3625049591064458 -4.4679553508758536 2.2445715665817265 -7.1363477706909171 0.30589227378368383 -0.076311007142066942 -0.034166874364018433 6.7873716354370126 0.4720743596553803 2.0076239109039311 0.40660852193832403
decision_type=2 2 2 2 2 2 2 2 2 2 2 2 2 2
left_child=1 2 -1 4 -4 6 10 8 -8 -10 -5 12 13 -9
right_child=-2 -3 3 5 -6 -7 7 11 9 -11 -12 -13 -14 -15
leaf_value=-0.0015216382750497805 -0.0025984136823650095 0.0022321191703087466 -0.00020699186851619029 0.0036702729525708595 0.0023720908612040385 0.0020762121860967092 0.0018765763360056211 -0.0024988055193440177 -0.0036127114389632731 -0.00079122747767680331 -0.00060689578855466426 -0.00046130350790186888 -0.00083219749855396538 0.0011345569702994004
leaf_weight=483.5505823995918 155.77817746438086 349.0898938216269 363.89142956025898 146.66291673108935 715.03534919954836 227.0340123847127 172.81929804384708 121.23570830561221 375.94554539769888 364.81001192890108 86.215038677677512 4103.0147373769432 903.13616241142154 1952.3437945619226
leaf_count=7187 2223 5034 5143 2060 10685 2695 2218 1592 5627 5450 1385 52830 11615 25607
internal_value=0 4.50164e-05 -2.88148e-05 4.38254e-05 0.00146962 -0.000134531 -0.000202332 -0.000271883 -0.00145658 -0.00229953 0.0019494 -0.00011189 0.000356109 0.000894282
internal_weight=0 10364.8 10015.7 9532.14 1078.93 8453.22 8226.18 7993.31 913.575 740.756 232.878 7079.73 2976.72 2073.58
internal_count=141351 139128 134094 126907 15828 111079 108384 104939 13295 11077 3445 91644 38814 27199
is_linear=0
shrinkage=0.0101079


Tree=178
num_leaves=15
num_cat=0
split_feature=23 11 2 2 30 3 13 4 5 21 33 29 30 3
split_gain=11.278 12.7006 15.3423 20.6694 17.794 13.9539 18.8617 16.9421 16.7745 23.6727 20.7777 15.7853 13.5959 29.8031
threshold=1.5202746987342837 0.010470599401742222 1.4815391898155215 0.95334145426750194 -0.56174489110708226 0.50432926416397106 0.050222272053360946 0.98076933622360241 1.7451181411743166 8.1679577827453631 0.90112781524658214 0.6078576147556306 1.0000000180025095e-35 0.23050125688314441
decision_type=2 2 2 2 2 2 2 2 2 2 10 2 2 2
left_child=1 2 3 4 -1 8 -7 -8 12 10 -10 -12 13 -3
right_child=-2 5 -4 -5 -6 6 7 -9 9 -11 11 -13 -14 -15
leaf_value=-0.00036773312428926434 0.00085773434342764664 -0.0032000829027805876 0.0047790319214384329 -0.0017103586573316506 0.0031719547213478029 -0.00037346543703477362 -0.0037989619788221548 0 0 0.0017329949540482999 -0.0043251977728989404 -0.00033275306499945106 0.0014131676473324855 0.00057820125849495816
leaf_weight=223.83322661928833 1482.5574315767735 243.06291052885354 94.473174668848515 264.00244296342134 321.69881916139275 3530.4685552176088 328.0709198769182 156.53889247961342 441.15601191855967 271.23006172478199 316.67003252357244 182.88341439515352 1230.9496520292014 1421.2369108684361
leaf_count=3068 18848 4103 1447 3597 4301 48381 4393 1974 9049 3289 2355 1317 16270 18897
internal_value=0 -8.99527e-05 0.00103372 0.000506526 0.00166136 -0.000220852 -0.000646312 -0.00251517 0.000185652 -0.00079522 -0.00157495 -0.00297044 0.000611204 0
internal_weight=0 9026.28 904.008 809.534 545.532 8122.27 4015.08 484.61 4107.19 1211.94 940.709 499.553 2895.25 1664.3
internal_count=141289 122441 12413 10966 7369 110028 54748 6367 55280 16010 12721 3672 39270 23000
is_linear=0
shrinkage=0.0101079


Tree=179
num_leaves=15
num_cat=0
split_feature=0 27 15 14 27 15 3 29 22 15 12 5 33 29
split_gain=10.7355 23.6449 14.8374 19.2972 12.1388 19.9617 8.48224 14.3151 21.5654 14.339 13.1155 26.6855 28.252 17.2662
threshold=0.56182664632797252 -0.47136868536472315 3.8101762533187871 -7.0697307586669913 0.91080963611602794 5.9512312412261972 0.5729874074459077 0.87837970256805431 -0.58430266380310047 12.927700519561769 0.0635385997593403 1.789089620113373 0.9590476155281068 0.6078576147556306
decision_type=2 2 2 2 2 2 2 2 2 2 2 2 10 2
left_child=1 -1 -3 4 5 -4 10 -8 -9 -10 11 -2 -13 -14
right_child=6 2 3 -5 -6 -7 7 8 9 -11 -12 12 13 -15
leaf_value=-0.0049947083802673519 0.00065239194470822137 0.0026510499413551054 0 0.00045445324201227931 0.00030856823914203121 -0.0056404613835976201 -0.00053769879134851458 -0.0023471343494482011 0.0023619853469172068 -0.00062624177523863212 0.0017923099321684594 0.00051622555885050172 -0.003836746412358811 -0.00021664936989052602
leaf_weight=126.36452389229089 3219.7916680090129 127.83862490952015 94.463505230844021 415.40938429161906 80.888570541515946 175.86821272689849 3540.3919862359762 161.51129037328064 591.44265580177307 195.72215788066387 581.04209828004241 543.20550276711583 397.85948866605759 240.11617184430361
leaf_count=2145 42792 2004 1472 5638 1349 2902 47414 2276 7762 2679 6992 10862 2935 1706
internal_value=0 -0.00100842 -0.000362877 -0.000938946 -0.00267447 -0.00369672 7.77989e-05 -0.000235197 0.000846649 0.00156915 0.000367871 0.000167844 -0.00111463 -0.00255564
internal_weight=0 1020.83 894.468 766.63 351.22 270.332 9471.08 4489.07 948.676 787.165 4982.01 4400.97 1181.18 637.976
internal_count=140928 15510 13365 11361 5723 4374 125418 60131 12717 10441 65287 58295 15503 4641
is_linear=0
shrinkage=0.0101079


Tree=180
num_leaves=15
num_cat=0
split_feature=29 15 10 3 14 3 22 14 33 20 10 29 13 21
split_gain=12.4638 11.5868 27.2149 16.0396 15.9694 22.0662 17.6642 16.9104 15.7033 14.2318 13.4401 19.157 13.3202 24.6413
threshold=-0.60785761475563038 3.7448798418045048 0.2146493345499039 0.59377011656761181 -7.5216050148010245 0.8689478635787965 -0.38807497918605799 -16.010805130004879 2.7624999284744267 -9.8715405464172346 0.075098603963851943 0.6078576147556306 -0.018915127031505104 -1.1987279057502744
decision_type=2 2 2 2 2 2 2 2 8 2 2 2 2 2
left_child=-1 2 3 8 5 6 -3 -8 -2 -4 11 -10 -7 -14
right_child=1 4 9 -5 -6 12 7 -9 10 -11 -12 -13 13 -15
leaf_value=0.0026909912276029237 0.0039465098912430836 -0.0020303979838631348 0.00099736773232118208 0.00010654610965898928 9.4786517682020037e-05 -0.0011594587746988701 0.0015410224990230891 -0.00091845354881561108 0 -0.0030453426268845351 -0.0005750655319320579 0.0072342187155387764 0.0053327849271901573 -0.00064473513848327987
leaf_weight=159.42785737477243 339.47976322472095 1218.1506589967757 110.67872670479119 658.05048906244338 5262.7539063645527 109.84957240521908 342.73730294778943 1393.2236723843962 90.741570247337222 256.34794177487493 235.70735398679972 59.205584947019815 150.33510893210769 105.0788696501404
leaf_count=1912 2459 18170 1413 9744 65798 1524 4954 19487 2091 3552 4947 1153 2070 1705
internal_value=0 -8.83713e-05 0.000653176 0.00131872 -0.000244761 -0.000794256 -0.00109244 -0.000405023 0.00235091 -0.00172267 0.000794044 0.00312681 0.00148171 0.00277228
internal_weight=0 10332.3 1750.21 1383.18 8582.13 3319.38 2954.11 1735.96 725.134 367.027 385.655 149.947 365.264 255.414
internal_count=140979 139067 25359 20394 113708 47910 42611 24441 10650 4965 8191 3244 5299 3775
is_linear=0
shrinkage=0.0101079


Tree=181
num_leaves=15
num_cat=0
split_feature=9 13 23 28 27 14 17 14 5 16 23 29 15 13
split_gain=9.47876 12.5974 10.9754 9.37912 10.8206 12.1986 24.3402 23.7085 11.4194 11.4009 14.2555 9.10761 8.70289 17.2998
threshold=0.11682016775012018 -0.089315064251422868 2.1015208959579472 -0.75894212722778309 0.88186877965927135 -8.3233361244201642 42.500000000000007 -6.7207295894622794 4.0575873851776132 0.84406015276908886 0.74038210511207592 -0.60785761475563038 6.7215785980224618 0.015538497827947141
decision_type=2 2 2 2 2 2 2 2 2 2 2 2 2 2
left_child=1 -1 3 -2 11 6 -6 -7 9 10 -9 -5 13 -13
right_child=2 -3 -4 4 5 7 -8 8 -10 -11 -12 12 -14 -15
leaf_value=0.0035518471694951604 0.00039267548267243901 0.00033211815811343175 0.0014707384806451709 0.0018671835609014801 -0.003682677576046363 0.0052190783086281172 0.0007879010648541169 -0.0014300554398240931 0.002522463099756081 -0.0031524078075273465 0.0031803871841901759 -0.00051191587345458974 -0.0012297003510225624 0.0039430460557269781
leaf_weight=125.03430676646531 1541.8807971607894 3520.7254674015567 375.29078708775342 113.48877387680113 184.35052412562072 118.72493772953749 322.1781305950135 144.64611365646124 156.76037181541324 119.60568680800498 110.85376851633191 1207.3213145509362 2351.0858411937952 87.661782158538699
leaf_count=1539 19948 47893 4501 1298 2643 1564 4601 1792 1813 1509 1190 17765 31636 1228
internal_value=0 0.000460816 -0.000175691 -0.000279247 -0.00049847 0.000330499 -0.000790909 0.00126416 0.000244922 -0.000632394 0.000450597 -0.000764513 -0.000861242 -0.000157918
internal_weight=0 3645.76 6833.85 6458.56 4916.68 1157.12 506.529 650.591 531.866 375.106 255.5 3759.56 3646.07 1294.98
internal_count=140920 49432 91488 86987 67039 15112 7244 7868 6304 4491 2982 51927 50629 18993
is_linear=0
shrinkage=0.0101079


Tree=182
num_leaves=15
num_cat=0
split_feature=13 7 20 14 7 6 6 22 2 3 29 20 14 3
split_gain=12.0254 16.2496 17.0795 13.0346 17.5613 19.2119 16.7841 16.3164 17.0803 64.5146 20.3586 21.8061 14.6289 17.111
threshold=-0.089315064251422868 -26.796333312988278 -1.075360834598541 -7.5216050148010245 0.12259309738874437 -3.4889063835144039 5.7685182094573983 -0.38807497918605799 0.50824126601219188 0.29990671575069433 -1.0000000180025095e-35 -3.0160635709762569 -15.35598850250244 0.67816692590713512
decision_type=2 2 2 2 2 2 2 2 2 2 2 2 2 2
left_child=1 -1 -3 7 6 -6 -5 8 9 -2 -10 -12 13 -9
right_child=3 2 -4 4 5 -7 -8 12 10 -11 11 -13 -14 -15
leaf_value=-0.00095023301146169052 -0.0031203037630072265 0.0062958172673185419 0.00027095943747311717 0.00092273624215831592 0.0036237238750809007 -7.0279590752830913e-05 0.0048987047320336102 0.0021001615950173207 0.00072648620555215704 0.0080216464700686285 0.00030793991521205883 -0.0027524763950159585 -0.00045996149144899608 -0.00053314094597636699
leaf_weight=108.85451612994075 115.17661916650832 106.24691706709564 110.51595611870289 719.37588847335428 140.80178032070398 4374.0591759774834 133.08158997818828 606.75409769080579 301.35675766319036 83.251937251538038 276.36639730259776 1038.3451817594469 1988.553869664669 389.05707348510623
leaf_count=1225 1878 1135 1514 8825 1866 54573 1608 9226 4444 1351 4376 15796 27741 5478
internal_value=0 0.00191534 0.00351824 -3.43053e-05 0.000303369 4.1889e-05 0.00162849 -0.000420287 -0.00117459 0.00148181 -0.00153113 -0.00208045 2.66223e-05 0.00103476
internal_weight=0 325.617 216.763 10166.2 5367.32 4514.86 852.457 4798.86 1814.5 198.429 1616.07 1314.71 2984.37 995.811
internal_count=141036 3874 2649 137162 66872 56439 10433 70290 27845 3229 24616 20172 42445 14704
is_linear=0
shrinkage=0.0101079


Tree=183
num_leaves=15
num_cat=0
split_feature=13 15 13 17 18 13 22 23 11 11 2 27 30 18
split_gain=9.99758 13.1871 12.2607 21.2088 14.3604 13.7037 9.79988 8.20442 11.0059 7.41397 8.13378 16.7984 16.0422 7.78282
threshold=-0.089315064251422868 4.2492299079895028 -0.057939089834690087 81.500000000000014 32.500000000000007 -0.07254870235919951 -0.33051460981369013 0.38635587692260748 0.045395651832222945 0.0067089691292494544 0.76103883981704723 0.5464349389076234 -0.56174489110708226 93.500000000000014
decision_type=2 2 2 2 2 2 2 2 2 2 2 2 2 2
left_child=1 -1 3 4 -2 -6 -5 8 -4 10 12 -12 -9 -11
right_child=2 -3 7 6 5 -7 -8 9 -10 13 11 -13 -14 -15
leaf_value=0.0032230430212828072 0.0026752304446018959 -0.0007396878843672803 -0.0035762110313564232 -0.005539313371323352 0.0012164998029516125 -0.0034819674261253619 -0.0011205818171929529 -8.6455749455127689e-05 0 -9.891825346056851e-05 0.001467329455820805 -0.0031457344649742777 0.0047109785978020017 0.00088113393057804104
leaf_weight=210.31298159435391 136.66024899296463 114.3834221418947 141.10360343009233 131.63800191693008 94.526866678148508 131.37003722414374 133.64522740244865 106.01120150089264 175.2727676294744 7671.029801116325 282.82922761607915 102.97332167625427 140.59054498374462 919.80570233240724
leaf_count=2390 2126 1485 2007 2016 1216 2062 2086 1372 1971 103315 4009 1384 1882 11670
internal_value=0 0.00172027 -6.10934e-05 -0.00142175 7.10201e-05 -0.00136697 -0.00355522 2.52801e-05 -0.00154935 8.49168e-05 0.00113465 9.59956e-05 0.00254864 1.99324e-06
internal_weight=0 324.696 10167.5 627.84 362.557 225.897 265.283 9539.62 316.376 9223.24 632.404 385.803 246.602 8590.84
internal_count=140991 3875 137116 9506 5404 3278 4102 127610 3978 123632 8647 5393 3254 114985
is_linear=0
shrinkage=0.0101079


Tree=184
num_leaves=15
num_cat=0
split_feature=9 12 17 2 2 0 2 30 14 16 28 6 0 16
split_gain=10.7677 8.55277 17.1348 8.20338 18.8915 7.346 20.3024 27.3366 13.4366 12.9354 10.3126 8.88108 17.6926 12.2274
threshold=0.064389906823635115 0.027544913813471798 27.500000000000004 4.4996695518493661 2.9749344587326054 0.59177720546722423 0.59048122167587291 1.0000000180025095e-35 -7.0697307586669913 0.1677515730261803 0.99275061488151561 -10.618651390075682 1.0799927115440371 0.068005975335836424
decision_type=2 2 2 2 2 2 2 2 2 2 2 2 2 2
left_child=1 2 -1 4 5 6 7 -2 9 -8 11 12 -7 -13
right_child=3 -3 -4 -5 -6 10 8 -9 -10 -11 -12 13 -14 -15
leaf_value=0.0043579978532068495 -0.001186342530861936 -0.00011263229898519029 0.00071472378343985477 -0.00259368286492057 0.0024262002149779858 -0.0051197617763847321 0 0.0047493271004963398 -0.00020529886992059847 -0.0041701695851107381 0.0029826164573166511 0.0021677081715021939 0 -0.000111080619239712
leaf_weight=151.51257556863129 185.18381399661303 752.86939967423677 1146.2217242494226 127.89854498580098 288.43414129503071 98.667896149680018 84.216531546786427 120.41348940320313 301.29032996576279 300.25833876430988 104.36265607364476 241.9179519303143 197.22858294658363 6414.3621051963419
leaf_count=2091 2777 9678 16157 1819 4176 1569 1335 1638 4266 4926 1279 3491 2767 83208
internal_value=0 0.000696025 0.0011941 -0.000117876 -7.27003e-05 -0.000169501 -0.000983005 0.00108191 -0.00196338 -0.00320699 -4.8542e-05 -0.000103084 -0.00179568 -1.97944e-05
internal_weight=0 2050.6 1297.73 8464.23 8336.34 8047.9 991.363 305.597 685.765 384.475 7056.54 6952.18 295.896 6656.28
internal_count=141177 27926 18248 113251 111432 107256 14942 4415 10527 6261 92314 91035 4336 86699
is_linear=0
shrinkage=0.0101079


Tree=185
num_leaves=15
num_cat=0
split_feature=23 15 13 2 2 23 3 30 18 3 15 20 28 16
split_gain=10.7152 20.0263 13.2971 10.0782 17.5482 11.1467 11.5765 20.2526 23.2456 21.9349 22.7811 19.9586 30.0285 21.4067
threshold=0.39684779942035681 6.2896611690521249 0.024646710604429248 4.4996695518493661 2.9749344587326054 2.2445715665817265 0.5729874074459077 1.0000000180025095e-35 90.500000000000014 0.21523301303386691 22.938351631164554 0.78449296951293956 0.74455857276916515 0.71425551176071178
decision_type=2 2 2 2 2 2 2 2 2 2 2 2 2 2
left_child=1 -1 -3 4 5 6 7 9 -9 -2 11 12 13 -11
right_child=3 2 -4 -5 -6 -7 -8 8 -10 10 -12 -13 -14 -15
leaf_value=0.0018115292434965141 -0.0032748875981989901 -0.005090068364675876 -0.00041480110992410054 -0.0024458980356955049 0.0023024023175355355 0.0018861771782033609 -0.00047918908485546205 0.00049070162766534956 0.0033019745375751585 0.00038847726265018689 0.0030356743188299463 -0.0013209053780765074 -0.0024326471030527924 0.0036357729160331003
leaf_weight=105.33231377787888 222.44373479299247 150.27354575414211 139.1653199326247 155.18495276942849 344.18686392530799 303.34597276523709 3925.7313183452934 1839.6381281930953 366.93425882607698 1029.4898412637413 220.3479712959379 1128.5657611452043 290.4425768237561 266.1380388122052
leaf_count=1438 3849 1958 1607 2215 4999 3599 53356 24384 4507 14014 2924 14738 4129 3098
internal_value=0 -0.00164016 -0.00304689 4.04197e-05 8.51668e-05 0 -5.91151e-05 0.000241028 0.000986253 -0.000268101 -1.85496e-05 -0.000289155 0.000422384 0.00110397
internal_weight=0 394.771 289.439 10092.4 9937.26 9593.08 9289.73 5364 2206.57 3157.43 2934.98 2714.64 1586.07 1295.63
internal_count=140815 5003 3565 135812 133597 128598 124999 71643 28891 42752 38903 35979 21241 17112
is_linear=0
shrinkage=0.0101079


Tree=186
num_leaves=15
num_cat=0
split_feature=2 2 27 30 14 21 15 13 3 8 30 3 2 15
split_gain=12.1291 15.0455 9.16474 19.6398 26.6405 18.7954 22.4798 16.3485 28.2661 16.7299 14.6234 18.9585 18.5667 23.7471
threshold=4.4996695518493661 2.9749344587326054 -0.71473535895347584 1.0000000180025095e-35 -10.076424598693846 5.6285524368286142 20.978521347045902 -0.018358848989009854 0.68076676130294811 0.52895203232765209 1.0000000180025095e-35 0.23050125688314441 1.1877883076667788 3.6121016740798955
decision_type=2 2 2 2 2 2 2 2 2 2 2 2 2 2
left_child=1 2 3 5 -5 7 -7 8 -1 -9 11 -4 13 -12
right_child=-2 -3 10 4 -6 6 -8 9 -10 -11 12 -13 -14 -15
leaf_value=0.0027950433372267991 -0.0027025501182996688 0.0021479124369089319 -0.0025954583543910718 -0.0041963472783044815 -0.00039264142356712993 -0.003380395216854975 0.0019003787083239096 0.00043021399813634016 -0.00346491174384213 0.0037640485846615686 0.003596437470529863 -4.3546230479142341e-06 -0.00044393263856319019 0.00071788488085323141
leaf_weight=107.91900888830423 153.87541382014751 341.68713810667396 305.14370725490153 292.52368535473943 584.46579846460372 255.08612988702953 103.438660396263 432.89232615102082 181.70961027033627 265.46310392767191 353.08518146723509 4140.7355945892632 989.26730167679489 1987.8027945607901
leaf_count=1691 2195 4961 5139 4754 7855 3204 1279 5840 2702 3689 4944 54882 12582 25274
internal_value=0 8.52759e-05 9.16356e-06 -0.000557644 -0.00173242 0.000183043 -0.00173837 0.000928953 -0.000984265 0.00178185 0.000176829 -0.000195432 0.000685255 0.00117959
internal_weight=0 10341.2 9999.53 2223.5 876.989 1346.51 358.525 987.984 289.629 698.355 7776.03 4445.88 3330.16 2340.89
internal_count=140991 138796 133835 31014 12609 18405 4483 13922 4393 9529 102821 60021 42800 30218
is_linear=0
shrinkage=0.0101079


Tree=187
num_leaves=15
num_cat=0
split_feature=16 3 5 12 33 13 17 27 14 30 14 15 7 3
split_gain=8.92885 24.9296 21.3878 28.8661 22.1249 21.0429 25.9109 16.8381 16.5 15.8157 14.0465 18.5244 31.1741 21.9295
threshold=0.1677515730261803 0.64721176028251659 -4.373703956604003 -0.043224057182669633 1.0013927817344668 -0.034166874364018433 29.500000000000004 0.43245348334312445 -17.097252845764157 -0.56174489110708226 -11.653395175933836 6.508254051208497 1.9586075544357302 0.87238886952400219
decision_type=2 2 2 2 8 2 2 2 2 2 2 2 2 2
left_child=1 2 7 4 -4 6 9 -1 -7 -2 -10 12 13 -12
right_child=5 -3 3 -5 -6 8 -8 -9 10 -11 11 -13 -14 -15
leaf_value=0.0019739480086577508 -0.0017618392132543069 -0.00080093143946743418 0.0086534322288945153 0.00077818601728572845 0.0020290719874760475 0.003982379176325628 -0.0028380314538539219 -0.0029375879443804083 -0.0014519674612213545 0.0021338854668903175 -0.00027741777264999614 -0.00011095632246478888 0.0049184522911907983 0.003738136500761882
leaf_weight=128.15125582367182 176.29324906505644 612.53266249783337 118.40062350034714 332.20608902536333 132.12008470855653 98.551302066072822 605.24469211325049 135.85855714790523 644.06805878505111 233.77589283511043 715.44757240824401 6194.5573292579502 194.7815402392298 160.98622483946383
leaf_count=1719 2457 8902 840 4994 2711 1486 8849 1945 9929 3350 9822 79216 2567 2128
internal_value=0 0.000701441 0.00183311 0.00291287 0.00548002 -0.000147768 -0.00151354 -0.000415948 2.16109e-05 0.000360525 -2.6414e-05 9.5776e-05 0.00132112 0.000440268
internal_weight=0 1459.27 846.737 582.727 250.521 9023.71 1015.31 264.01 8008.39 410.069 7909.84 7265.77 1071.22 876.434
internal_count=140915 21111 12209 8545 3551 119804 14656 3664 105148 5807 103662 93733 14517 11950
is_linear=0
shrinkage=0.0101079


Tree=188
num_leaves=15
num_cat=0
split_feature=2 2 6 15 2 29 14 0 27 28 16 12 8 29
split_gain=11.0424 16.9591 12.7868 21.3157 19.3629 18.7536 13.1961 15.4395 18.1914 13.1811 12.2417 11.4968 12.0785 14.6735
threshold=4.4996695518493661 2.9043198823928837 -9.3485760688781721 3.6121016740798955 0.50824126601219188 -0.60785761475563038 -7.3916492462158194 0.59177720546722423 0.56457334756851207 0.75894212722778331 0.42145575582981115 -0.034890189766883843 0.35601082444190985 1.0000000180025095e-35
decision_type=2 2 2 2 2 2 2 2 2 2 2 2 2 2
left_child=1 2 9 4 -4 -5 7 8 10 -1 -7 12 13 -6
right_child=-2 -3 3 5 11 6 -8 -9 -10 -11 -12 -13 -14 -15
leaf_value=-0.0023171957108240582 -0.0026187364257070924 0.002089381977562579 0.0054074504394043864 0.0036508328352898734 0.00510088476338712 -0.0017511220905100915 0.00012425071166136161 -0.00039601440702190607 0.00045222682172752859 0.0014905745408822931 -0.0063025015942658981 -0.00040518697355837181 0 0.00078634704836337988
leaf_weight=440.59387052804232 153.90743791125715 391.38119855895638 104.11232003755867 123.44967235252261 164.75875378400087 195.47600798867643 4983.7115285852924 2701.1164048276842 130.65063206665218 97.907608143985271 122.87831156421453 403.58449855446815 283.11757623963058 208.08409345895052
leaf_count=6543 2207 5571 1576 1404 2308 3152 61393 38217 2161 1443 2116 5882 4186 3030
internal_value=0 4.43577e-05 -3.34819e-05 4.94878e-05 0.00132866 -0.00012694 -0.000192619 -0.000705843 -0.00244324 -0.00153958 -0.00373853 0.000854113 0.00168568 0.00286346
internal_weight=0 10350.8 9959.44 9420.94 1163.66 8257.28 8133.83 3150.12 449.005 538.501 318.354 1059.54 655.96 372.843
internal_count=141189 138982 133411 125425 16982 108443 107039 45646 7429 7986 5268 15406 9524 5338
is_linear=0
shrinkage=0.0101079


Tree=189
num_leaves=15
num_cat=0
split_feature=23 21 21 27 28 30 33 18 30 23 21 15 21 33
split_gain=12.5474 12.494 23.0521 10.7033 36.8255 17.1429 25.3474 25.9464 16.6842 16.5458 16.3894 40.7779 22.9984 17.9634
threshold=1.5202746987342837 -15.086265563964842 -11.844729900360106 -0.49049438536167139 0.6835516393184663 1.0000000180025095e-35 0.90112781524658214 80.500000000000014 1.0000000180025095e-35 0.81718361377716076 5.3372094631195077 20.783658027648929 -6.1421415805816642 1.0013927817344668
decision_type=2 2 2 2 2 2 10 2 2 2 2 2 2 8
left_child=1 -1 -3 4 5 10 7 -7 -5 -10 12 -12 -4 -14
right_child=-2 2 3 8 -6 6 -8 -9 9 -11 11 -13 13 -15
leaf_value=-0.0031986363020888916 0.00086322640212680693 0.0030895063437276875 -0.0019795250585654687 -0.00042558357711968239 -0.005478816322819666 -0.0010181518246327687 -0.0033462816082401739 0.0055801205651343595 0.0013303382594570606 -0.00016290262247226013 -0.0043393606483042709 0.0028189525837536847 0.00402571502945485 0.00024937698304085921
leaf_weight=127.50852837599814 1476.9018317423761 218.32492775470018 152.85283467918634 3838.8213248038664 154.15043252985924 262.17281409725547 384.46590863913298 69.81371536385268 1495.4932549018413 1441.6336479391903 192.93462518975139 123.55299872346222 284.70699687302113 275.82961431983858
leaf_count=1827 18822 2601 2277 52249 2512 5899 3167 1718 19351 18297 2406 1768 2185 5981
internal_value=0 -0.000139506 -8.83983e-05 -0.000175673 -0.000844626 -0.00039041 -0.00159459 0.000344379 6.7209e-06 0.000585134 0.00041383 -0.00141932 0.00128967 0.00226704
internal_weight=0 9022.26 8894.75 8676.43 1900.48 1746.33 716.452 331.987 6775.95 2937.13 1029.88 316.488 713.389 560.537
internal_count=141060 122238 120411 117810 27913 25401 10784 7617 89897 37648 14617 4174 10443 8166
is_linear=0
shrinkage=0.0101079


Tree=190
num_leaves=15
num_cat=0
split_feature=16 3 12 33 14 7 10 15 3 7 33 14 2 21
split_gain=9.66057 24.4609 16.5101 18.9867 15.9819 19.7553 22.4231 22.3453 18.5834 17.0952 15.9337 26.5924 22.1618 23.8673
threshold=0.1677515730261803 0.64721176028251659 -0.043224057182669633 2.0062500238418584 -7.4560420513153067 0.73823609948158275 0.1441653519868851 6.4343352317810067 0.8689478635787965 4.0743205547332773 1.0000000180025095e-35 -6.1710057258605948 0.61341494321823131 4.7977988719940194
decision_type=2 2 2 8 2 2 2 2 2 2 10 2 2 2
left_child=1 2 3 -1 8 6 -6 -7 -2 -9 -11 -12 -13 -14
right_child=4 -3 -4 -5 5 7 -8 9 -10 10 11 12 13 -15
leaf_value=0.0053523426944661959 -0.00089398366701487085 -0.00071356916154635415 0.00026249374166279816 0.00094687000602248724 0.00078601201904633297 0.0043688650643461738 0.0049993182578436076 -0.0016992949859159594 0.0012299246886755843 0.00089922138469543714 0.0031670854497870683 -0.0030089945235565038 0.0019713277976108096 -0.0009442043476990291
leaf_weight=217.80095164477825 3244.7739090332761 608.79643361642957 395.91858297027647 235.22258914448321 799.95824803411961 106.42503652721643 157.39551713503897 624.62832250539213 462.02072317898273 1502.5174432368949 177.97930454462767 373.55965083837509 360.39025443792343 1243.3666847273707
leaf_count=1544 47032 8926 5924 4713 9874 1259 1842 7842 6608 29956 1332 2744 2580 9068
internal_value=0 0.000780084 0.00189531 0.0032064 -0.000103874 0.000244273 0.00155474 -3.45733e-05 -0.00061637 -0.000161023 9.36031e-05 -0.000450483 -0.000807432 -0.00025767
internal_weight=0 1457.74 848.942 453.024 9053.02 5346.22 957.354 4388.87 3706.79 4282.44 3657.81 2155.3 1977.32 1603.76
internal_count=141244 21107 12181 6257 120137 66497 11716 54781 53640 53522 45680 15724 14392 11648
is_linear=0
shrinkage=0.0101079


Tree=191
num_leaves=15
num_cat=0
split_feature=9 15 14 20 4 23 10 16 13 22 3 17 7 15
split_gain=9.7392 9.44055 13.3155 13.7013 13.0138 12.2376 8.65481 19.5298 19.6469 15.7568 15.7237 16.5412 18.8118 15.6239
threshold=0.064389906823635115 21.420234680175785 -1.358318507671356 4.2088172435760507 0.98076933622360241 0.82946088910102855 0.2146493345499039 0.15942772477865222 -0.018358848989009854 -0.30196571350097651 0.64721176028251659 56.500000000000007 -23.813435554504391 6.508254051208497
decision_type=2 2 2 2 2 2 2 2 2 2 2 2 2 2
left_child=-1 2 3 6 -3 -5 7 10 9 -9 11 -2 -13 -10
right_child=1 4 -4 5 -6 -7 -8 8 13 -11 -12 12 -14 -15
leaf_value=0.0005994769928416876 -0.00019649914087114384 -0.00039386170998792106 -0.0019501307516678148 0.0042812004097283387 0.0020840332018997772 0.00043648274211093387 -0.0015613995379491726 -0.0025040621935047409 0.0011176010003501467 -0.00021009666433246239 -0.00060398436049301663 -5.5901017606452021e-05 0.0046306880112307429 -0.00040515938209329222
leaf_weight=2056.6632714699954 171.10025723092258 390.98036390915513 460.0163241121918 110.71749657019973 418.90967938676476 419.91282857209444 517.55438448861241 714.8427721913904 874.67301603406668 605.58331034146249 282.94658144377172 100.04739047586918 289.40988283976912 3080.9314976483583
leaf_count=27978 2577 5862 5191 1502 5644 5708 6853 10276 12052 8518 4298 1090 4372 39007
internal_value=0 -0.000174377 -0.000288734 -0.000174502 0.000845764 0.00136326 -0.000304965 -0.000190281 -0.000424658 -0.00148974 0.0012188 0.0022059 0.00334683 -5.67205e-05
internal_weight=0 8437.63 7627.74 7167.72 809.89 530.63 6637.09 6119.53 5276.03 1320.43 843.504 560.558 389.457 3955.6
internal_count=140928 112950 101444 96253 11506 7210 89043 82190 69853 18794 12337 8039 5462 51059
is_linear=0
shrinkage=0.0101079


Tree=192
num_leaves=15
num_cat=0
split_feature=23 6 15 29 5 6 14 7 15 23 15 13 14 22
split_gain=8.72461 8.87784 16.0967 18.8851 15.2549 14.9376 19.2735 21.3753 31.9246 20.8722 19.6328 25.3252 20.1436 17.3803
threshold=1.5202746987342837 -9.8139400482177717 3.3625049591064458 -0.60785761475563038 -4.4679553508758536 -6.9768261909484854 -7.0697307586669913 0.12259309738874437 8.7495045661926287 0.8743998408317567 6.583601951599122 0.018483444117009643 -3.3596974611282344 -1.0376911759376524
decision_type=2 2 2 2 2 2 2 2 2 2 2 2 2 2
left_child=1 -1 4 -4 -3 -5 13 8 9 -8 -9 12 -12 -7
right_child=-2 2 3 5 -6 6 7 10 -10 -11 11 -13 -14 -15
leaf_value=-0.001415344026211961 0.00071880797921090877 -0.00066257578382319254 0.0034984703333227969 0.0023157379511436387 0.0020261382692471058 -0.004189061842294819 -0.0032510349826486078 0.0039021397207647545 0.0035499444693297784 0.0023249377011715978 -0.0030080040248396446 0.0001406277640754218 0 -0.0007775650931023092
leaf_weight=501.30818296596408 1480.8506465498358 282.77727490849793 129.69283183291554 210.14316459000111 673.64621662534773 162.51368868909776 156.32811908051372 104.86339234933257 394.67562991008162 103.8773664329201 553.42533087637275 2610.1525519005954 426.51997416093946 2700.5232817456126
leaf_count=7257 18860 4153 1485 3100 10119 2848 1963 1206 4591 1350 7067 32698 5319 38920
internal_value=0 -0.000116457 -3.3979e-05 -0.000195406 0.00119023 -0.000268922 -0.000352201 6.32121e-05 0.00174243 -0.00087101 -0.000226447 -0.000366318 -0.00174826 -0.000995941
internal_weight=0 9010.45 8509.14 7552.72 956.423 7423.02 7212.88 4349.84 654.881 260.205 3694.96 3590.1 979.945 2863.04
internal_count=140936 122076 114819 100547 14272 99062 95962 54194 7904 3313 46290 45084 12386 41768
is_linear=0
shrinkage=0.0101079


Tree=193
num_leaves=15
num_cat=0
split_feature=9 15 16 4 0 15 14 9 27 12 17 18 0 12
split_gain=9.6644 11.0218 13.6463 11.2505 10.3673 17.0654 19.2604 17.8312 11.4587 9.89654 21.3776 8.87622 7.96077 13.818
threshold=0.064389906823635115 21.420234680175785 0.91726824641227733 0.98076933622360241 0.59177720546722423 3.8101762533187871 -7.0697307586669913 0.19554831087589267 -1.0000000180025095e-35 0.028889371082186702 27.500000000000004 81.500000000000014 0.91656038165092479 0.078669589012861266
decision_type=2 2 2 2 2 2 2 2 2 2 2 2 2 2
left_child=9 2 4 11 5 -2 8 -8 -7 10 -1 -3 -11 -14
right_child=1 3 -4 -5 -6 6 7 -9 -10 12 -12 -13 13 -15
leaf_value=0.0045433748617068554 0.0017342689843074252 0.0013115756007369666 -0.0018851249929115351 0.0021033685926919029 2.9598173396531856e-06 -0.0054399998104144578 -0.0022582101369160584 0.0021401884342031365 -0.0014702582637982551 -0.0012941450440606933 0.00062792402042519309 -0.0016455601592702798 0.0027007576743617256 -0.0011429893789807015
leaf_weight=163.81307164020836 152.31915719434619 182.82763860188425 487.03974628262222 424.58638219535351 6257.9922078512609 165.3816332090646 186.29017996974289 174.24264870211482 211.0483528431505 380.43314013630152 1143.817286843434 210.64533986896276 183.37742101214826 167.76755847409368
leaf_count=2229 2409 2810 5522 5683 82687 2830 2478 2268 3398 5040 16132 3082 2217 2124
internal_value=0 -0.000130938 -0.000254904 0.000968556 -0.000136262 -0.00115283 -0.0018156 -2.2198e-05 -0.00339323 0.000642523 0.00117274 -0.000171745 -0.000252732 0.000766192
internal_weight=0 8452.37 7634.31 818.059 7147.27 889.282 736.963 360.533 376.43 2039.21 1307.63 393.473 731.578 351.145
internal_count=140909 113167 101592 11575 96070 13383 10974 4746 6228 27742 18361 5892 9381 4341
is_linear=0
shrinkage=0.0101079


Tree=194
num_leaves=15
num_cat=0
split_feature=14 16 2 0 13 21 10 33 33 3 15 18 27 3
split_gain=11.5141 21.219 21.0711 20.4741 17.9681 15.8835 23.0187 37.7978 18.1461 14.8934 14.8781 18.8484 16.7561 13.0177
threshold=-7.3916492462158194 0.43484169244766241 0.43860639631748205 0.52636694908142101 0.018972828052937988 4.8786282539367685 0.10164503380656244 0.94700106978416454 0.9590476155281068 0.76181551814079296 21.186862945556644 81.500000000000014 0.8491516411304475 0.8816988766193391
decision_type=2 2 2 2 2 2 2 10 10 2 2 2 2 2
left_child=1 2 -1 -3 -4 6 -2 -8 13 -6 12 -12 -10 -7
right_child=5 3 4 -5 9 8 7 -9 10 -11 11 -13 -14 -15
leaf_value=0.0037227420656458557 0.00035174684744464555 -0.0058272354554980031 -0.00026848470546688688 -0.001009659363008822 0 0.001233022368712484 -0.00032898303202726423 0.004548697357844622 -0.0022587058043777885 0.0054599508310864487 0.0030323620247391485 -0.0010566706908451051 0.00099190674842249789 -0.0016387546653273061
leaf_weight=146.15932764299214 2062.3001265032217 96.143737368285656 3539.0921016037464 1218.8941825740039 97.763205042108893 951.19487376976758 250.66491551697254 383.98725524544716 830.49643435329199 97.451423456892371 179.42537166178226 276.1231995895505 176.98428072035313 176.3704570773989
leaf_count=2280 25185 1759 50979 17356 1499 18439 4733 2800 6105 1255 1298 2083 1235 3792
internal_value=0 -0.000317339 4.93669e-05 -0.00142409 -9.08848e-05 0.000351758 0.000896432 0.00257812 -0.000200658 0.00281817 -0.000953363 0.000489857 -0.00164461 0.000740154
internal_weight=0 5195.5 3880.47 1315.04 3734.31 5287.55 2696.95 634.652 2590.59 195.215 1463.03 455.549 1007.48 1127.57
internal_count=140798 75128 56013 19115 53733 65670 32718 7533 32952 2754 10721 3381 7340 22231
is_linear=0
shrinkage=0.0101079


Tree=195
num_leaves=15
num_cat=0
split_feature=23 21 13 6 11 27 23 30 2 20 33 29 23 2
split_gain=8.46802 11.0265 28.1303 18.4599 11.9116 11.346 28.4738 20.0959 25.3267 30.5922 23.3738 19.1056 18.026 21.4759
threshold=1.5202746987342837 -15.086265563964842 -0.089315064251422868 -3.1178387403488155 0.010057664010673763 -0.50938662886619557 0.55684593319892894 1.0000000180025095e-35 1.4096522331237795 -2.4025182723999019 0.9590476155281068 -1.0000000180025095e-35 0.813930243253708 1.1232141852378847
decision_type=2 2 2 2 2 2 2 2 2 2 10 2 2 2
left_child=1 -1 3 -3 -4 6 -6 8 10 -10 -7 -8 13 -9
right_child=-2 2 4 -5 5 7 11 12 9 -11 -12 -13 -14 -15
leaf_value=-0.0029923445657402889 0.00072515458556656311 0.0059406964201207044 0.0009654636399978536 0.00010701367436598918 -0.0059413007357675173 0 0.0014714172519759471 0.0022328747685950922 0.0051563782031225159 -4.1223133135876938e-05 -0.0017968356047797145 -0.0011958474275128681 -0.00021032975851683323 -0.00061485381448853646
leaf_weight=125.13821994699538 1486.2694615349174 122.30640147812665 857.75521629117429 122.87788654491305 105.82994427438825 1355.8919555610046 328.9838408511132 949.60942961275578 150.27083364129066 377.13053887151182 1556.9904400184751 1296.4059072714299 1318.1910101808608 345.62262092903256
leaf_count=1785 18877 1211 11811 1635 1781 27987 4405 12512 2157 4959 11858 19094 16751 4381
internal_value=0 -9.57255e-05 -4.78569e-05 0.00326874 -0.000149428 -0.000278291 -0.000999649 -6.4319e-05 -0.000577364 0.00141645 -0.000954986 -0.000626831 0.000595311 0.00144275
internal_weight=0 9013 8887.87 245.184 8642.68 7784.93 1731.22 6053.71 3440.28 527.401 2912.88 1625.39 2613.42 1295.23
internal_count=141204 122327 120542 2846 117696 105885 25280 80605 46961 7116 39845 23499 33644 16893
is_linear=0
shrinkage=0.0101079


Tree=196
num_leaves=15
num_cat=0
split_feature=23 15 5 3 15 13 15 5 2 12 21 29 20 10
split_gain=10.8831 9.62699 15.1352 16.1366 14.6013 23.3063 12.9655 16.3876 15.3109 15.529 12.5142 11.9357 15.214 11.7843
threshold=2.190882802009583 21.420234680175785 1.8303309679031374 0.46739956736564642 6.7873716354370126 0.018972828052937988 25.174297332763675 6.016737937927247 1.0963333249092104 0.1843238174915314 0.34736897051334387 1.0000000180025095e-35 -0.31817407906055445 0.1441653519868851
decision_type=2 2 2 2 2 2 2 2 2 2 2 2 2 2
left_child=1 2 3 -1 5 -5 7 -3 -8 -10 11 -6 -13 -12
right_child=-2 6 -4 4 10 -7 8 -9 9 -11 13 12 -14 -15
leaf_value=0.00070604339520631196 0.0015829117936786393 0.0034477996816670697 -0.00077934330714866528 -2.7802234113477833e-05 -0.0044119521743082816 0.0046923713618367158 -0.0029686240545743906 -0.00032618635490786797 0.0025293659167441611 -0.0022391704869738093 -0.00099744157358745613 0.000653020972790119 -0.0041440422470350692 0.0015325426665416168
leaf_weight=2634.453115100041 415.42179493047297 304.64749866910279 2891.7060933001339 2003.2156070629135 191.98435801826417 104.39889968186617 141.58147381059825 157.25997304916382 208.37548132799566 88.49736743606627 855.19710330478847 180.92762192152441 90.537592153996229 224.15561470855027
leaf_count=35267 4989 4290 37854 28714 2694 1428 2251 1998 2947 1442 10728 2556 1287 2750
internal_value=0 -7.17536e-05 -0.000173575 9.93136e-05 -0.000328043 0.000202949 0.000914156 0.00209225 -0.000250732 0.000954379 -0.00107698 -0.00247173 -0.000871339 -0.000427695
internal_weight=0 10076.9 9176.58 6284.87 3650.42 2107.61 900.362 461.907 438.454 296.873 1542.8 463.45 271.465 1079.35
internal_count=141195 136206 123278 85424 50157 30142 12928 6288 6640 4389 20015 6537 3843 13478
is_linear=0
shrinkage=0.0101079


Tree=197
num_leaves=15
num_cat=0
split_feature=2 2 29 23 27 28 29 10 20 3 33 11 29 7
split_gain=9.63968 18.2816 10.3428 10.302 11.2451 31.9546 22.5255 18.7665 16.7718 15.9294 18.6225 14.6928 13.6166 15.4871
threshold=4.4996695518493661 2.9749344587326054 -0.60785761475563038 2.2445715665817265 -0.11969653144478797 0.11969653144478799 -1.0000000180025095e-35 0.199910543859005 -0.37863026559352869 0.61168324947357189 1.0545857548713686 0.046911550685763366 -1.0000000180025095e-35 10.19769859313965
decision_type=2 2 2 2 2 2 2 2 2 2 8 2 2 2
left_child=1 2 -1 4 5 9 8 -8 -7 -4 11 -11 -6 -14
right_child=-2 -3 3 -5 12 6 7 -9 -10 10 -12 -13 13 -15
leaf_value=0.0024922741483181668 -0.0024701102302858349 0.0022521131671109349 0.0010975432254117709 0.0016634765861440509 -0.00091615256863801259 -0.0014351088481197516 -0.0018650358312840116 -0.0061278347467900729 0.0040704303266438308 -0.00026122869367655951 0.00061343097160149955 -0.0033042950241422269 0 0.0013900798483270378
leaf_weight=147.61018855124712 156.91159142926335 346.73458183370531 946.79366275854409 305.15674923732877 1116.6571125779301 101.68539242632687 1044.806325876154 125.81962745450437 97.906838700175285 381.45693347603083 624.62967749871314 325.15485825389624 3712.1284522488713 1060.3106448128819
leaf_count=1736 2260 4998 11952 3582 15154 1385 15820 1873 1314 2830 12912 2418 49335 13363
internal_value=0 -6.92083e-08 -8.39478e-05 -0.000128597 -0.000191463 -0.000633033 -0.00184955 -0.0023943 0.00112057 8.47042e-05 -0.00060754 -0.00173858 7.56836e-05 0.000317318
internal_weight=0 10336.9 9990.12 9842.51 9537.35 3648.25 1370.22 1170.63 199.592 2278.04 1331.24 706.612 5889.1 4772.44
internal_count=140932 138672 133674 131938 128356 50504 20392 17693 2699 30112 18160 5248 77852 62698
is_linear=0
shrinkage=0.0101079


Tree=198
num_leaves=15
num_cat=0
split_feature=2 2 6 21 29 23 23 27 3 30 28 15 14 3
split_gain=9.10175 16.4501 10.1522 18.5192 14.3082 14.9161 12.961 17.4596 12.7421 12.4266 12.2704 12.4889 13.691 14.7485
threshold=4.4996695518493661 2.9749344587326054 -9.3485760688781721 -10.651521205902098 -0.60785761475563038 2.2445715665817265 0.51847976446151745 -0.45201864838600153 0.23050125688314441 1.0000000180025095e-35 0.5464349389076234 6.2896611690521249 -7.1301894187927237 0.39324457943439489
decision_type=2 2 2 2 2 2 2 2 2 2 2 2 2 2
left_child=1 2 -1 -4 -5 6 7 -6 9 -8 -9 -12 -13 -14
right_child=-2 -3 3 4 5 -7 8 10 -10 -11 11 12 13 -15
leaf_value=-0.0013409841237866016 -0.0023588917753730003 0.0021864337994960954 0.0030323407485001418 0.003232510804134663 -0.005285234122931198 0.002321615530371733 -0.0032320629349086136 0.0015883907970125699 8.0133030694247586e-05 0.00042652052667864915 0.00074753268202834675 -0.0049390246888182726 -0.0038323108244507887 0.0004180200298081108
leaf_weight=558.90257011167705 155.30923140235245 347.69770453497767 200.62634032219648 128.71083772182465 94.677339219488204 250.5081033334136 231.53429627977312 164.34709085151553 7615.5841052560136 125.32580988667905 173.73240844346583 136.00300396792591 113.3687666747719 222.95113292708993
leaf_count=8267 2239 5019 2400 1491 1537 2898 3973 2435 100333 1784 2619 2209 1352 2706
internal_value=0 4.78309e-05 -2.39752e-05 5.0596e-05 -1.21025e-05 -6.49489e-05 -0.000138788 -0.00127996 -3.06063e-06 -0.00185407 -0.000717574 -0.00137783 -0.00224343 -0.000950211
internal_weight=0 10364 10016.3 9457.37 9256.74 9128.03 8877.52 905.08 7972.44 356.86 810.402 646.055 472.323 336.32
internal_count=141262 139023 134004 125737 123337 121846 118948 12858 106090 5757 11321 8886 6267 4058
is_linear=0
shrinkage=0.0101079


Tree=199
num_leaves=15
num_cat=0
split_feature=13 13 17 7 15 20 15 28 10 33 14 15 8 8
split_gain=9.05344 15.7115 19.9388 12.3824 12.9748 12.0409 13.0041 9.71282 14.2566 17.3775 16.9169 15.3915 14.3863 11.1871
threshold=-0.089315064251422868 -0.057939089834690087 81.500000000000014 -26.796333312988278 3.7448798418045048 -0.54005512595176686 6.7873716354370126 -0.69930991530418385 0.042555782943964011 1.0545857548713686 -7.1301894187927237 5.9512312412261972 0.97870889306068432 2.7274574041366582
decision_type=2 2 2 2 2 2 2 2 2 8 2 2 2 2
left_child=3 2 5 -1 -5 -2 -7 8 9 -3 -11 12 -10 -9
right_child=1 7 -4 4 -6 6 -8 13 11 10 -12 -13 -14 -15
leaf_value=-0.00084064034724294439 0.0019703135440174509 -0.0021143888112932414 -0.0036838384124816058 0.005340124947562138 8.0871200623945915e-05 -0.0041646174053010755 0.00056586834627743064 -0.00026173436078132198 0.0034227025041744146 -0.0010474100704164317 0.0035551875554320055 0.00044573641840354376 -0.00021547768647181776 0.0013200363743660834
leaf_weight=107.95605835691094 160.61336063221097 380.07535000145435 259.73601957224309 112.1947823073715 107.53273353353143 100.23525369353592 101.06187521852553 6324.3053477453068 399.2019222471863 153.78103145211935 142.42297300882638 1541.0870337504894 123.73538620956242 479.30309879779816
leaf_count=1225 2494 2684 4020 1263 1394 1516 1426 85971 5348 3217 2771 19499 1713 6425
internal_value=0 -4.08967e-05 -0.00159018 0.00164632 0.00303354 0 -0.00166191 5.69666e-05 0.000567201 -0.000665811 0.00106607 0.000991712 0.0024948 -0.000143001
internal_weight=0 10165.6 621.647 327.684 219.728 361.91 201.297 9543.91 2740.3 676.279 296.204 2064.02 522.937 6803.61
internal_count=140966 137084 9456 3882 2657 5436 2942 127628 35232 8672 5988 26560 7061 92396
is_linear=0
shrinkage=0.0101079


Tree=200
num_leaves=15
num_cat=0
split_feature=13 14 0 7 28 5 20 23 20 2 28 18 13 12
split_gain=11.0832 15.2387 17.0353 15.5243 14.7713 20.6337 14.6975 23.2251 22.2046 21.3281 17.8316 17.7479 16.6539 20.5681
threshold=-0.089315064251422868 -7.0697307586669913 0.52101463079452526 0.4778373539447785 0.91080963611602794 -3.1547313928604122 0.91300904750823986 0.823299139738083 -0.12464335560798644 0.41361752152442938 -0.09801131114363669 66.500000000000014 0.018483444117009643 -0.027911213226616379
decision_type=2 2 2 2 2 2 2 2 2 2 2 2 2 2
left_child=-1 2 -2 -3 -4 -6 7 9 -9 -5 -8 -10 -11 -14
right_child=1 3 4 6 5 -7 10 8 11 12 -12 -13 13 -15
leaf_value=0.001821743823404438 -0.0025699260021962524 0.0016375137714964797 -0.00044263609657967546 -0.0014124450562182579 0.005335642925324075 7.4312743613658716e-05 0.00042915574847382314 -0.0021085069357428886 0.0041206771211726896 -8.7232198900306118e-05 -0.0011401471663583219 -0.00085412099293662809 0 0.0047737261685445566
leaf_weight=330.85419606789947 350.36079101637006 802.34994933381677 4316.8803759785369 121.60424205847085 100.83124085329473 312.81985320709646 1543.589525628835 353.84912000410259 139.32177023589611 122.05908355489373 1371.5899953367189 120.6020672544837 100.19396985881031 399.04907447006553
leaf_count=3915 5922 9708 62370 1494 1227 4628 19003 4234 1591 1456 17478 1396 1372 5224
internal_value=0 -3.60377e-05 -0.000430609 0.000351138 -0.000259732 0.00152637 9.75747e-05 0.000970724 -0.000428325 0.00217315 -0.000296393 0.00170254 0.00294796 0.00376006
internal_weight=0 10155.1 5080.89 5074.21 4730.53 413.651 4271.86 1356.68 613.773 742.906 2915.18 259.924 621.302 499.243
internal_count=141018 137103 74147 62956 68225 5855 53248 16767 7221 9546 36481 2987 8052 6596
is_linear=0
shrinkage=0.0101079


Tree=201
num_leaves=15
num_cat=0
split_feature=16 3 12 14 14 7 10 15 13 23 29 3 2 14
split_gain=9.31198 23.9523 21.8728 24.8096 17.4926 17.4791 21.5238 17.6695 20.2455 23.8367 15.895 15.4797 13.1968 13.7651
threshold=0.1677515730261803 0.64104759693145763 -0.043224057182669633 -27.496733665466305 -7.3916492462158194 0.4778373539447785 0.1441653519868851 6.508254051208497 0.015948743559420112 1.030499339103699 -1.0000000180025095e-35 0.8261040747165681 1.2883375883102419 -17.485211372375485
decision_type=2 2 2 2 2 2 2 2 2 2 2 2 2 2
left_child=1 2 3 -1 11 6 -6 -7 9 10 -9 12 -2 -14
right_child=4 -3 -4 -5 5 7 -8 8 -10 -11 -12 -13 13 -15
leaf_value=-0.00050438780352423079 -0.00061147690438663005 -0.0007475429400403687 0 0.0046858886334181261 0.00070374230388171215 0.0037307801208693887 0.0049887535905221653 0.00045922604606717191 0.00019975612365809216 0.0003966375767201517 -0.0034812863563460717 0.00077948279204544633 0.00055232559688333442 -0.0028973801682206264
leaf_weight=109.23288351111114 2462.8580189729109 629.66420912183821 396.34396845847368 335.8553457595408 744.02109101228416 113.92826134711504 145.29588288813829 108.28966175578535 3295.6402483535931 396.95445371419191 490.30875092092901 573.326859485358 122.29139455035329 571.42636320739985
leaf_count=1286 35743 9173 5924 4847 9172 1340 1671 1336 40577 5249 6437 8195 1798 8290
internal_value=0 0.000693591 0.00181675 0.00333561 -0.000169986 0.000197561 0.00148547 -5.53867e-05 -0.000171773 -0.0014342 -0.00270482 -0.000701878 -0.000984967 -0.00223212
internal_weight=0 1471.1 841.432 445.088 9024.34 5294.44 889.317 4405.12 4291.19 995.553 598.598 3729.9 3156.58 693.718
internal_count=141038 21230 12057 6133 119808 65782 10843 54939 53599 13022 7773 54026 45831 10088
is_linear=0
shrinkage=0.0101079


Tree=202
num_leaves=15
num_cat=0
split_feature=9 10 14 14 28 13 16 3 8 15 23 13 3 29
split_gain=10.2898 9.97878 12.1577 9.97618 9.45555 12.7248 15.1686 19.7853 17.9805 11.6246 17.5036 19.9312 16.7087 17.9869
threshold=0.063069403171539321 0.1154095157980919 -18.08936786651611 -7.0120837688446036 -0.69930991530418385 -0.018915127031505104 0.13433778285980227 0.68727469444274913 -0.39675448834896082 11.496576786041262 0.51847976446151745 0.047430494800210006 0.64396634697914135 1.0000000180025095e-35
decision_type=2 2 2 2 2 2 2 2 2 2 2 2 2 2
left_child=1 -1 -3 -4 -2 6 7 8 -6 -7 -11 12 13 -12
right_child=4 2 3 -5 5 9 -8 -9 -10 10 11 -13 -14 -15
leaf_value=0.0011239429734714731 0.00034844363015607157 0.002446160764242658 -0.0026483817254146468 0 -0.00059704942838402291 0.00046727924067921627 -0.0017290636354056334 -0.002660353500170859 0.0034758469459982662 -0.0027843695480129376 0 0.00077690895440414164 0.00012329538510770648 -0.0038426236209932263
leaf_weight=1343.6364786159247 2361.1448346134275 115.06204492039979 221.60404559969902 330.21047681756318 192.65634565986693 1987.5973575972021 1250.5197913721204 158.06257110089064 210.78082284145057 313.10617344267666 216.47779749520123 999.35235420241952 459.48975455015898 334.61005426757038
leaf_count=18361 30362 1703 3131 4159 2676 26677 18100 2460 2978 4013 2646 13026 6345 4358
internal_value=0 0.000616925 -0.000345743 -0.00102572 -0.000185124 -0.000397674 -0.00110853 0.000206954 0.00145739 -8.8048e-05 -0.000580538 -0.000207919 -0.00122011 -0.00239908
internal_weight=0 2010.51 666.877 551.815 8483.8 6122.65 1812.02 561.5 403.437 4310.63 2323.04 2009.93 1010.58 551.088
internal_count=140995 27354 8993 7290 113641 83279 26214 8114 5654 57065 30388 26375 13349 7004
is_linear=0
shrinkage=0.0101079


Tree=203
num_leaves=15
num_cat=0
split_feature=13 7 30 13 17 22 18 33 28 10 33 21 13 17
split_gain=7.8779 15.3049 37.7502 14.6271 16.8588 11.5577 11.4227 12.4184 9.44721 14.8631 14.5106 14.0456 12.7027 20.1981
threshold=-0.089315064251422868 -26.796333312988278 -0.56174489110708226 -0.057939089834690087 81.500000000000014 -0.32453800737857813 20.500000000000004 0.9590476155281068 -0.71473535895347584 0.039767071604728706 1.0545857548713686 1.5816805362701418 -0.011998107656836508 64.500000000000014
decision_type=2 2 2 2 2 2 2 10 2 2 8 2 2 2
left_child=1 -1 -3 4 6 -6 -2 -8 9 10 -5 -12 13 -11
right_child=3 2 -4 8 5 -7 7 -9 -10 12 11 -13 -14 -15
leaf_value=-0.0012541936080680564 0.0026988617678367654 -0.00066102738356776621 0.0072151947339245213 -0.0021607233715589041 -0.0055484388454412692 -0.00083977259005803793 0.0006786526354887356 -0.0034520348011232659 -0.00012727619363178206 0.0004269785662100824 -0.0007793788897905667 0.0036911415163860717 0.00047902352185328771 0.0044801870167026402
leaf_weight=109.17113534361124 99.432010259479284 114.86548712663352 107.30609087459743 341.26560717076063 130.96401464007795 130.45809756591916 135.70465719513595 125.79247107356787 6869.3371844151989 306.87507567740977 165.06171855330467 105.5150604788214 1503.6287794411182 242.14619051478803
leaf_count=1222 1543 1256 1448 2415 2035 2046 2959 923 93357 4235 3460 1995 18844 3349
internal_value=0 0.00153651 0.00308015 -2.83008e-05 -0.00152277 -0.00343966 0 -0.00119947 6.61508e-05 0.000578921 -0.000760036 0.000871829 0.000999023 0.00232432
internal_weight=0 331.343 222.172 10156.2 622.351 261.422 360.929 261.497 9533.83 2664.49 611.842 270.577 2052.65 549.021
internal_count=141087 3926 2704 137161 9506 4081 5425 3882 127655 34298 7870 5455 26428 7584
is_linear=0
shrinkage=0.0101079


Tree=204
num_leaves=15
num_cat=0
split_feature=9 23 15 14 2 14 18 7 0 0 28 15 0 17
split_gain=8.82586 9.92472 19.7152 15.6735 8.41094 13.1613 8.73822 9.23113 12.8197 7.98099 7.30807 13.0738 9.53431 8.246
threshold=0.061797382310032851 0.44316869974136358 6.087400197982789 -7.0697307586669913 0.82778537273406994 -18.08936786651611 15.500000000000002 6.0299973487854013 1.0023187398910525 1.1437597274780276 0.56457334756851207 6.9990339279174814 0.65244582295417797 45.500000000000007
decision_type=2 2 2 2 2 2 2 2 2 2 2 2 2 2
left_child=4 2 -2 -4 9 -6 -7 8 -8 10 11 -1 -12 -13
right_child=1 -3 3 -5 5 6 7 -9 -10 -11 12 13 -14 -15
leaf_value=-0.0023026661367449163 0.0016120876508802701 -8.4137033428389842e-05 -0.0061269058723085607 -0.0011485327810306614 0.002670922755662625 -0.0027649465924132165 -0.00027642492079182446 -0.0011078885368051153 0.0030006096404997266 0.0041619030966555054 0 -0.00017450462892107957 0.0038796394356339328 0.0030387533248410654
leaf_weight=146.50266836024821 121.06216822378337 8085.2798677328974 103.50661663431674 234.62727397773415 158.57038931921124 129.94648394361138 285.98859853670001 417.30388928949833 182.16777250170708 93.853858508169651 125.73476966097951 133.53018038906157 144.77514771558344 139.28626107610762
leaf_count=2182 1762 108471 1641 2660 2288 1807 3997 5419 2448 1277 1821 1739 1974 1754
internal_value=0 -0.000172253 -0.00161026 -0.0028912 0.000577907 7.58295e-08 -0.000394244 0 0.000941287 0.00138398 0.000906564 0 0.00217837 0.00135967
internal_weight=0 8544.48 459.196 338.134 1957.66 1173.98 1015.41 885.46 468.156 783.683 689.829 419.319 270.51 272.816
internal_count=141240 114534 6063 4301 26706 15959 13671 11864 6445 10747 9470 5675 3795 3493
is_linear=0
shrinkage=0.0101079


Tree=205
num_leaves=15
num_cat=0
split_feature=23 15 7 2 15 16 14 23 3 14 7 0 33 16
split_gain=7.72488 22.126 11.8206 7.7644 29.4034 14.1285 15.5438 18.4082 16.8059 9.71996 18.0848 14.9945 13.8923 17.4393
threshold=0.39684779942035681 6.2896611690521249 5.6172194480896005 0.46789002418518072 14.693442344665529 0.72519338130950939 -5.9308979511260977 0.64948385953903209 0.29802863299846655 -7.3916492462158194 1.3687771558761599 0.53188318014144909 0.9590476155281068 0.65199697017669689
decision_type=2 2 2 2 2 2 2 2 2 2 2 2 10 2
left_child=1 -1 -3 4 5 6 7 -2 -9 11 12 -5 -11 -14
right_child=3 2 -4 9 -6 -7 -8 8 -10 10 -12 -13 13 -15
leaf_value=0.0023039025665526013 0.0056155602115224336 -0.0050451155132351525 -0.00059984225371243318 -0.0029033032465936993 -0.0024635013988600621 0.0056729676497776407 -0.0015150089878268659 -0.002434075666243608 0.0032035370889805116 4.7626346383977857e-05 2.3557127571582734e-05 -0.00017285412023345523 0.0008235111341612487 0.0048123484750843635
leaf_weight=105.59993555955589 116.52430937159806 130.9227854963392 156.87800213322043 211.2030048398301 162.04576867073774 101.89386918582022 119.38732200302184 92.296507140621543 104.76008778996766 375.38078896328807 3736.5440701022744 4573.2589597664773 281.19358861446381 225.29172054678202
leaf_count=1426 1767 1842 1706 3778 2487 1087 1236 1354 1458 7339 46838 65049 2011 1589
internal_value=0 -0.00133862 -0.00283721 8.93863e-05 0.00111339 0.00229114 0.00131887 0.00253423 0.000372861 8.34538e-06 0.000342994 -0.000306269 0.00163913 0.00272168
internal_weight=0 393.401 287.801 10099.8 696.908 534.862 432.968 313.581 197.057 9402.87 4618.41 4784.46 881.866 506.485
internal_count=140967 4974 3548 135993 9389 6902 5815 4579 2812 126604 57777 68827 10939 3600
is_linear=0
shrinkage=0.0101079


Tree=206
num_leaves=15
num_cat=0
split_feature=23 15 13 30 13 13 33 8 12 33 15 28 23 2
split_gain=9.83874 21.4179 9.27175 8.58915 17.5423 24.7285 18.2832 16.681 14.4939 21.6483 34.7023 17.2041 16.6463 15.8772
threshold=0.39684779942035681 6.2896611690521249 0.024646710604429248 -0.56174489110708226 -0.074488174170255647 -0.057939089834690087 0.99472221732139599 -0.46638841927051539 -0.015957108698785302 0.9590476155281068 9.4983911514282244 0.35222910344600683 0.70820963382720958 0.92247882485389721
decision_type=2 2 2 2 2 2 10 2 2 10 2 2 2 2
left_child=1 -1 -3 8 7 6 -6 -5 11 -10 -11 13 -13 -2
right_child=3 2 -4 4 5 -7 -8 -9 9 10 -12 12 -14 -15
leaf_value=0.0019820972776950067 0.0033335656882998031 -0.004752984473532831 -0.00066641574525426873 -0.00042204500074037512 -0.0005331107979364173 0.0003384949123736308 -0.0067337412156906152 0.0042303023555796456 0.00025089106943610481 -0.0043566174483460627 -0.00060234594706369733 0.00084813676310973305 -0.0032169277824191382 0.000395185501126446
leaf_weight=108.97885118983686 274.49671540036798 148.93850154336542 135.21639406308532 97.85187348164618 151.98339339159429 5687.7781276246533 79.05467876791954 211.6963254082948 1175.289115620777 342.90732687711716 1028.2697385475039 178.17945302091539 197.64729400165379 693.16809407435358
leaf_count=1466 3984 1949 1592 1277 3120 75450 624 2814 23737 2684 7594 2799 2631 9545
internal_value=0 -0.0015177 -0.00301547 9.50198e-05 0.000330558 0.000198778 -0.00297196 0.00265719 -0.000271627 -0.000726031 -0.00158951 0.000558916 -0.00120555 0.0012898
internal_weight=0 393.134 284.155 10118.3 6228.36 5918.82 231.038 309.548 3889.96 2546.47 1371.18 1343.49 375.827 967.665
internal_count=141266 5007 3541 136259 83285 79194 3744 4091 52974 34015 10278 18959 5430 13529
is_linear=0
shrinkage=0.0101079


Tree=207
num_leaves=15
num_cat=0
split_feature=21 13 6 14 0 21 10 13 7 28 20 30 6 4
split_gain=9.38709 23.6096 19.9712 9.95339 19.2997 18.0844 18.4183 26.1855 23.8532 17.1457 14.3865 18.7175 18.8661 13.4028
threshold=-15.086265563964842 -0.089315064251422868 -3.2670578956603999 -7.3916492462158194 0.52101463079452526 4.7977988719940194 0.10164503380656244 0.021711640991270546 0.12259309738874437 0.81279832124710094 -2.6726353168487544 1.0000000180025095e-35 -2.3506686687469478 -1.0403262972831724
decision_type=2 2 2 2 2 2 2 2 2 2 2 2 2 2
left_child=-1 2 -2 4 -3 6 -5 8 -8 13 -11 -12 -13 -6
right_child=1 3 -4 5 9 -7 7 -9 -10 10 11 12 -14 -15
leaf_value=-0.0020307686647179331 0.0059057183798121894 -0.0026614607880885606 0 0.00041043131429331295 0.00034501240645630422 -0.00027383940930166586 0.0037447395171193252 0.0068136419486622048 -0.00050981520453028761 0.0039613635302894494 -0.0017677278009604969 -0.00078241446311770883 0.0046420331651915551 -0.00087171884977443577
leaf_weight=209.70040234550834 122.31028850004077 329.86995656322688 123.91689875163138 2054.9031980680302 1458.320705557242 2612.4870125781745 224.20389429107308 110.55412024632096 285.18535287957639 161.45436090230942 201.06905443314463 94.729721140116453 139.90082833357155 2349.835916293785
leaf_count=2833 1189 5688 1643 25101 21011 33334 2414 1335 3616 2160 3233 1334 1900 34197
internal_value=0 8.8226e-05 0.0031329 7.06154e-06 -0.000325097 0.000312221 0.000898867 0.00242865 0.0013121 -0.000136672 0.00143051 0.000349265 0.00232915 -0.000395404
internal_weight=0 10268.7 246.227 10022.5 4735.18 5287.33 2674.85 619.943 509.389 4405.31 597.154 435.7 234.631 3808.16
internal_count=140988 138155 2832 135323 69523 65800 32466 7365 6030 63835 8627 6467 3234 55208
is_linear=0
shrinkage=0.0101079


Tree=208
num_leaves=15
num_cat=0
split_feature=23 15 13 5 16 21 4 10 15 30 33 18 22 15
split_gain=8.81219 17.8948 9.97707 8.93492 12.3634 22.3151 11.4606 13.9811 9.94959 9.38637 16.8607 8.94947 13.8801 8.86222
threshold=0.4164456725120545 6.2896611690521249 0.024646710604429248 2.1482501029968266 0.72872292995452892 2.7968375682830815 0.695071041584015 0.28474709391593939 16.639144897460941 -0.56174489110708226 0.99611112475395214 91.500000000000014 -0.27897568047046656 12.337681770324709
decision_type=2 2 2 2 2 2 2 2 2 2 10 2 2 2
left_child=1 -1 -3 4 8 -6 9 -8 13 10 -5 12 -11 -2
right_child=3 2 -4 6 5 -7 7 -9 -10 11 -12 -13 -14 -15
leaf_value=0.0015856084937917044 5.6197101683316492e-06 -0.0042292031491800502 -0.00047971761489622731 -4.0631367930888933e-05 0.0043626190940902259 0.00057906572302511669 -9.5810125272291068e-05 0.0032040780190041251 -0.0025336734218979456 -0.0023619400177390028 -0.0037347891677638784 0.001878890599956684 0.00054060974211123818 0.0015002855823763727
leaf_weight=133.24043619818985 4842.016482074745 176.73790795914829 168.68342475034297 258.24893652647734 185.75946696475148 1180.2508083451539 1775.2885203827173 132.80991514213383 137.7372969519347 312.60545860975981 291.25771225243807 139.01568667776883 314.3962164092809 440.57656719256192
leaf_count=1840 66878 2335 1964 5192 2234 14854 22975 1839 2039 4317 2197 1800 4210 6274
internal_value=0 -0.00131803 -0.00256284 7.47433e-05 0.000286126 0.00114444 -0.000357348 0.000124583 6.10497e-05 -0.00108366 -0.00209569 -0.000291809 -0.000853708 0.000139917
internal_weight=0 478.662 345.421 10010 6786.34 1366.01 3223.62 1908.1 5420.33 1315.52 549.507 766.017 627.002 5282.59
internal_count=140948 6139 4299 134809 92279 17088 42530 24814 75191 17716 7389 10327 8527 73152
is_linear=0
shrinkage=0.0101079


Tree=209
num_leaves=15
num_cat=0
split_feature=9 21 17 20 28 30 15 3 3 3 15 15 4 15
split_gain=8.17707 9.92078 10.6211 11.2206 9.10381 21.8843 10.6243 13.2383 12.1903 9.65043 9.44136 8.47143 11.6564 8.33597
threshold=0.080241166055202498 -10.914800167083738 18.500000000000004 0.81725570559501659 0.4904943853616715 1.0000000180025095e-35 11.496576786041262 0.53990325331687938 0.67501461505889904 0.47048982977867132 16.791408538818363 23.578188896179203 1.262396037578583 11.862600326538088
decision_type=2 2 2 2 2 2 2 2 2 2 2 2 2 2
left_child=1 -1 3 -3 11 13 7 -7 -9 -8 -11 -2 -13 -6
right_child=4 2 -4 -5 5 6 9 8 -10 10 -12 12 -14 -15
leaf_value=0.0035075271865147701 -2.9532623797537904e-05 0.003954851446309319 -3.175523890625023e-06 0.00059515169399023174 -0.00083522127862843763 0.0025554044090094884 -0.0024076104401574028 -0.0025125440037218369 0.0013525790697242631 -0.0013168294242738353 0.0026782892217188251 -0.00013882165534111885 0.0032672147817102916 -0.0026403601286878642
leaf_weight=103.49647942557931 5244.4805931877345 144.44361352548003 1837.5458289450034 443.19013420119882 779.4137594755739 338.15051936358213 204.9341566702351 136.07618673425168 183.64492081291974 108.87394605390728 106.47823440469801 171.53070664592087 186.59151931293309 492.33318922296166
leaf_count=1359 69025 1875 25475 5678 11417 4427 2520 1895 2475 1440 1485 2566 2667 6685
internal_value=0 0.000510259 0.000355098 0.00152914 -0.000148511 -0.000677089 0.000351067 0.00117394 -0.000188964 -0.000840288 0.000500949 6.65915e-05 0.00155624 -0.00157728
internal_weight=0 2528.68 2425.18 587.634 7952.51 2349.9 1078.16 657.872 319.721 420.286 215.352 5602.6 358.122 1271.75
internal_count=140989 34387 33028 7553 106602 32344 14242 8797 4370 5445 2925 74258 5233 18102
is_linear=0
shrinkage=0.0101079


Tree=210
num_leaves=15
num_cat=0
split_feature=2 2 2 11 11 27 3 10 23 29 16 9 14 29
split_gain=9.94791 13.3609 9.21419 14.3813 13.8719 18.4453 24.2749 14.4408 14.3304 10.018 11.7469 12.2233 11.6005 19.2901
threshold=4.4996695518493661 3.1709257364273076 1.6904316544532778 0.017096011899411682 0.13307143002748492 -0.37256073951721186 0.73412626981735241 0.21252644807100299 1.0124543905258181 -0.60785761475563038 0.12220870330929758 0.4046150147914887 -7.0697307586669913 -1.0000000180025095e-35
decision_type=2 2 2 2 2 2 2 2 2 2 2 2 2 2
left_child=1 2 9 -4 5 -5 7 -7 -6 -1 11 -11 -12 -14
right_child=-2 -3 3 4 8 6 -8 -9 -10 10 12 -13 13 -15
leaf_value=0.0029972871222023693 -0.0025090371033265899 0.0022605273156641472 0.0023276727432170888 -0.002600880756938739 -0.0016047065377579944 0 0.0028304895791889232 -0.0048660563826863849 0.0023892805493458268 0.0021088269113823011 -0.00045880788990751393 -0.0011372457303803912 -0.0010388648320110126 0.00066948775430853574
leaf_weight=115.02374253794551 149.9729487542063 264.2380084823817 129.6591372359544 687.44446402415633 143.79609653353691 134.90141922049224 178.98194026201963 96.278300251811743 205.57906330563128 511.56336658634245 3562.1071198945865 130.58249929733574 822.39641557820141 3374.5992499794811
leaf_count=1346 2191 3866 2053 9940 1799 1912 2305 1288 2433 7733 51666 1780 10019 40866
internal_value=0 4.87746e-05 -6.78514e-06 -0.000718392 -0.00102996 -0.0015966 6.44325e-06 -0.00203097 0.00063283 0.000120731 7.38461e-05 0.0013808 -3.03538e-05 0.000323828
internal_weight=0 10357.2 10092.9 1576.64 1446.98 1097.61 410.162 231.18 349.375 8516.27 8401.25 642.146 7759.1 4197
internal_count=141197 139006 135140 21730 19677 15445 5505 3200 4232 113410 112064 9513 102551 50885
is_linear=0
shrinkage=0.0101079


Tree=211
num_leaves=15
num_cat=0
split_feature=14 16 10 12 33 0 27 29 12 33 2 28 11 29
split_gain=9.26483 17.7206 21.0546 13.5002 34.8575 12.8673 16.9199 14.5126 28.3683 19.8118 16.8622 12.3388 12.6982 13.9537
threshold=-7.3916492462158194 0.1677515730261803 0.2146493345499039 -0.045088073238730424 1.0013927817344668 0.59177720546722423 0.054511256515979774 0.87837970256805431 -0.075112745165824876 1.7124999761581423 1.2499930262565615 0.78661888837814342 0.09343378990888597 1.0000000180025095e-35
decision_type=2 2 2 2 8 2 2 2 2 8 2 2 2 2
left_child=1 2 3 4 -1 6 -3 9 -9 11 -11 12 13 -7
right_child=-2 5 -4 -5 -6 7 -8 8 -10 10 -12 -13 -14 -15
leaf_value=0.0049882490708040347 0.00033218286176168701 -0.0039175701855770004 -0.0013072399203280772 4.4652127086660631e-05 3.8734875097988585e-06 -0.0011550504771306817 -4.8791354121317476e-05 0.0052775919604991775 -2.7300940566250518e-05 0.0010536055571114813 -0.0013155108625755648 0.00072778741738868094 0.00027736959977470643 -0.0037593813150589039
leaf_weight=276.23365708440542 5282.3953606868163 259.03116569854319 382.51564024575055 481.24732763320208 322.96115573123097 512.56782915443182 242.64261383377016 117.31106880307198 503.76170580089092 805.53673872537911 479.92717065289617 173.09076299518347 179.95441292971373 457.5809952840209
leaf_count=1958 65783 4456 5240 7109 6875 3828 3937 1464 7390 17212 9663 1250 1269 3572
internal_value=0 -0.000267725 0.000659318 0.00139706 0.00240229 -0.000642622 -0.00215466 -0.000390721 0.000962201 -0.000730173 0.000135234 -0.00159729 -0.00198469 -0.00244459
internal_weight=0 5194.36 1462.96 1080.44 599.195 3731.4 501.674 3229.73 621.073 2608.66 1285.46 1323.19 1150.1 970.149
internal_count=141006 75223 21182 15942 8833 54041 8393 45648 8854 36794 26875 9919 8669 7400
is_linear=0
shrinkage=0.0101079


Tree=212
num_leaves=15
num_cat=0
split_feature=15 13 21 30 3 3 1 14 10 33 2 3 0 27
split_gain=9.58051 13.2937 12.6842 27.3643 24.0446 19.7982 19.432 16.2183 22.4118 41.0917 18.9095 26.9185 16.9752 15.9144
threshold=21.420234680175785 0.077947549521923079 4.9582695960998544 1.0000000180025095e-35 0.6626533865928651 0.4452961534261704 0.83505338430404674 -7.4560420513153067 0.10164503380656244 0.94700106978416454 0.46789002418518072 0.31744243204593664 0.55220460891723644 0.45201864838600164
decision_type=2 2 2 2 2 2 2 2 2 10 2 2 2 2
left_child=2 -2 7 13 5 -5 -7 10 -9 -10 11 -1 -12 -4
right_child=1 -3 3 4 -6 6 -8 8 9 -11 12 -13 -14 -15
leaf_value=0 0.0020418907950692346 -0.00025380759628970987 -0.0028208410559993793 -8.6225872466417914e-05 -0.0015528257811618872 0.0069901271742875762 0.00073720116261757787 0.000168755183417058 -0.00064202770396341044 0.0043686752302713166 -0.0023710046015834778 0.0066831937638634157 -0.00021679927605035743 -8.7625706061527918e-05
leaf_weight=174.35591344349086 525.65790403261781 442.55187956057489 680.39245500601828 184.50371437426656 280.25198857486248 114.76362082455307 118.23842412605882 2104.8438097639009 261.7095445021987 394.64097572863102 410.09957143012434 86.507200977765024 4346.3419831153005 365.05214707925916
leaf_count=2863 7287 6562 8472 2190 3828 1312 1322 25565 4948 2860 6781 1249 61554 4304
internal_value=0 0.000957288 -9.42035e-05 -0.000873417 0.000629802 0.00219173 0.00410936 7.5906e-05 0.000701007 0.00232533 -0.000260591 0.00232752 -0.000414536 -0.00191246
internal_weight=0 968.21 9521.7 1743.2 697.758 417.506 233.002 7778.5 2761.19 656.351 5017.3 260.863 4756.44 1045.44
internal_count=141097 13849 127248 21428 8652 4824 2634 105820 33373 7808 72447 4112 68335 12776
is_linear=0
shrinkage=0.0101079


Tree=213
num_leaves=15
num_cat=0
split_feature=5 3 3 27 3 9 14 6 0 17 11 3 11 29
split_gain=8.50655 12.5791 14.4897 13.5908 18.5068 15.525 18.7353 13.5672 14.1351 13.3012 13.0007 12.4371 19.7703 15.559
threshold=1.8303309679031374 0.46739956736564642 0.83000820875167858 0.50938662886619579 0.4452961534261704 0.16045694798231128 -5.3483195304870597 -5.1983208656311026 0.61162349581718456 18.500000000000004 0.082800339907407774 0.23050125688314441 0.095989033579826369 1.0000000180025095e-35
decision_type=2 2 2 2 2 2 2 2 2 2 2 2 2 2
left_child=1 3 9 4 7 11 -7 -1 -9 -3 -4 -5 13 -13
right_child=-2 2 10 5 -6 6 -8 8 -10 -11 -12 12 -14 -15
leaf_value=-0.0034110963396913382 -0.00035313053958053331 0.0014123255990974712 0.001473936793438177 0 0.0031286774463341743 0.0012315643912397035 -0.0025495805908859644 -0.0017786986439671329 0.00071927216205633067 -0.00072262396617604665 -0.0013357549589715187 0.0039735653841091265 0.0057813261134335766 0.00010442920750018041
leaf_weight=128.72954287007451 3610.6253025429323 317.97061903588474 835.18267364986241 163.94457927159965 165.04964365623891 517.99578324891627 169.52036484703422 322.32155897375196 766.04673323594034 2641.246903504245 189.22710997983813 181.08747073449194 187.11321229301393 296.35225007496774
leaf_count=1675 47587 3799 11496 2554 1995 7398 2045 4609 10105 36268 2753 2525 2257 4063
internal_value=0 0.000250984 -0.00010886 0.000758525 3.03736e-06 0.00141726 0.000223234 -0.000404617 0 -0.000476528 0.000909654 0.00234858 0.00295829 0.00169487
internal_weight=0 6881.79 3983.63 2898.16 1382.15 1516.01 687.516 1217.1 1088.37 2959.22 1024.41 828.498 664.553 477.44
internal_count=141129 93542 54316 39226 18384 20842 9443 16389 14714 40067 14249 11399 8845 6588
is_linear=0
shrinkage=0.0101079


Tree=214
num_leaves=15
num_cat=0
split_feature=9 21 17 7 15 21 20 20 6 27 22 4 5 3
split_gain=9.13715 8.37534 8.42114 11.2905 6.98479 13.4404 26.1289 14.0414 13.9572 20.2096 14.1295 10.9572 10.9429 19.4107
threshold=0.063069403171539321 10.884473323822023 17.500000000000004 1.3687771558761599 21.420234680175785 6.1512567996978769 0.78449296951293956 4.2876336574554452 4.2164061069488534 0.47136868536472326 0.85743287205696117 1.025097191333771 2.1482501029968266 0.51594719290733349
decision_type=2 2 2 2 2 2 2 2 2 2 2 2 2 2
left_child=1 2 3 -1 5 7 -7 12 -8 10 -10 -6 -2 -14
right_child=4 -3 -4 -5 11 6 8 -9 9 -11 -12 -13 13 -15
leaf_value=0.0040317842571469774 4.8693868537048667e-05 -0.0020362235257449807 0.00041123768194323198 0.00037781038687971903 -0.00036684479987618559 0.0030258484815845702 -0.0048080141904928674 0.0021550301041666107 -0.0032797836123208968 0.0011009941063601881 5.7700555851938011e-05 0.0018808697532061236 -0.0023390826449109412 8.6133173851943634e-05
leaf_weight=172.619310637936 5049.073887812905 98.781608974561095 1511.4013415528461 223.24097183160484 404.86461664363742 113.58318548928946 142.82076303847134 271.70793920755386 408.82058930583298 234.39259808883071 153.89970808289945 421.36240717023611 584.55084104835987 711.42702777590603
leaf_count=2271 68172 1398 20855 2790 6049 1486 1575 3668 5197 2726 1889 5634 8105 9301
internal_value=0 0.000626944 0.000793592 0.00211766 -0.000129836 -0.000229191 -0.00128699 -5.3366e-05 -0.00187108 -0.00125392 -0.00230744 0.000737609 -0.000156785 -0.000983984
internal_weight=0 2006.04 1907.26 395.86 8496.5 7670.28 1053.52 6616.76 939.934 797.113 562.72 826.227 6345.05 1295.98
internal_count=141116 27314 25916 5061 113802 102119 12873 89246 11387 9812 7086 11683 85578 17406
is_linear=0
shrinkage=0.0101079


Tree=215
num_leaves=15
num_cat=0
split_feature=23 9 13 22 2 13 11 27 27 23 28 28 5 13
split_gain=8.99202 8.75337 13.352 10.7015 9.65896 11.8407 9.56812 13.4609 13.3027 9.53036 11.9369 8.67645 12.0348 9.75143
threshold=2.190882802009583 0.11682016775012018 -0.089315064251422868 0.58642667531967174 0.86280333995819103 0.013914808165282013 0.043341139331460006 0.63435554504394542 0.91080963611602794 0.9712112843990327 -0.69930991530418385 0.11969653144478799 -1.4169432520866392 -0.00082087327609769989
decision_type=2 2 2 2 2 2 2 2 2 2 2 2 2 2
left_child=1 2 -1 4 5 9 7 11 -8 10 -4 12 -6 -13
right_child=-2 -3 3 -5 6 -7 8 -9 -10 -11 -12 13 -14 -15
leaf_value=0.0035236954931831947 0.0014355767641790701 -0.00029054155381241792 -0.0032768284253690814 0.0016523804574333631 0 0.0017299463377205447 -0.0016137091447590908 -0.0021729071196061908 0.0015327479569607423 0.0021340152354620426 0 -0.002259273802768916 0.0042869862416550306 0.0019610080380445282
leaf_weight=122.89878104440868 415.73022239655256 6522.8612068146467 137.18652617186308 441.35727936960757 100.85890884697437 559.16666082199663 897.12390426918864 136.72253838554025 142.67014065571129 136.40463375486434 501.13008627481759 107.26502903364599 151.2367847673595 99.055249351076782
leaf_count=1490 4995 87827 1710 5944 1415 7121 12417 1838 1733 2068 7352 1516 1975 1549
internal_value=0 -6.78411e-05 0.000331616 0.000197116 -9.30537e-06 0.000613056 -0.000542214 0.000428054 -0.0011353 -0.000150325 -0.000720619 0.00131357 0.00255096 -4.61359e-05
internal_weight=0 10055.9 3533.08 3410.18 2968.82 1333.89 1634.93 595.139 1039.79 774.721 638.317 458.416 252.096 206.32
internal_count=140950 135955 48128 46638 40694 18251 22443 8293 14150 11130 9062 6455 3390 3065
is_linear=0
shrinkage=0.0101079


Tree=216
num_leaves=15
num_cat=0
split_feature=29 9 23 28 27 8 23 3 13 30 3 29 13 13
split_gain=10.0242 8.77482 9.49264 9.15832 13.8101 14.7202 13.6921 13.9784 16.4556 13.6464 17.2178 13.3595 11.8647 11.5109
threshold=-0.60785761475563038 0.064389906823635115 2.1015208959579472 -0.77296444773674 -0.032717135734856122 -0.73554536700248707 0.813930243253708 0.61168324947357189 0.0049526486545801171 1.0000000180025095e-35 0.47900538146495825 -1.0000000180025095e-35 -0.057939089834690087 0.050222272053360946
decision_type=2 2 2 2 2 2 2 2 2 2 2 2 2 2
left_child=-1 -2 3 12 5 11 7 9 -9 10 13 -5 -3 -6
right_child=1 2 -4 4 6 -7 -8 8 -10 -11 -12 -13 -14 -15
leaf_value=0.0024684196204223185 0.00056334430618841373 -0.0027816291330637418 0.0012534270257139571 0.00033297242912427735 -0.0004920001588215897 -0.00047940538295675341 -0.00072581468268350876 4.1275464706809499e-05 0.0058099135951585803 0.0013634941110500379 -0.0030694245116198249 -0.0028628685305375 0.00055996561242787637 0.00225886357172314
leaf_weight=159.3160472586751 2024.9892657408491 105.18185115978122 432.07137477770448 140.3249466586858 652.35884902067482 1675.7888718442991 1651.5220017209649 124.64419911429286 98.595486098900437 631.47080868855119 205.81692185159773 617.57131809089333 1774.3962947335094 193.35472555272281
leaf_count=1886 27501 1469 5193 1966 9438 23959 20651 1716 1334 8421 2810 9063 22760 2804
internal_value=0 -2.72798e-05 -0.000176581 -0.000261359 -0.000457274 -0.00104356 -4.34939e-05 0.000527029 0.0028723 0.000180426 -0.000496505 -0.00222083 0.000341016 0.000104047
internal_weight=0 10328.1 8303.1 7871.03 5991.45 2433.69 3557.76 1906.24 223.24 1683 1051.53 757.896 1879.58 845.714
internal_count=140971 139085 111584 106391 82162 34988 47174 26523 3050 23473 15052 11029 24229 12242
is_linear=0
shrinkage=0.0101079


Tree=217
num_leaves=15
num_cat=0
split_feature=9 21 13 7 20 15 33 7 14 33 13 5 17 30
split_gain=9.55527 9.18566 15.6669 8.76805 21.5291 17.7728 22.1961 39.6464 18.3101 16.9854 13.7497 16.6758 11.7509 10.8625
threshold=0.064389906823635115 -15.086265563964842 -0.089315064251422868 -3.9374462366104122 -3.6260386705398555 6.7215785980224618 1.0013927817344668 0.36105559766292578 -10.643760681152342 1.7124999761581423 -0.055291201919317239 -1.3757561445236204 14.500000000000002 -0.56174489110708226
decision_type=2 2 2 2 2 2 8 2 2 8 2 2 2 2
left_child=-1 -2 -3 4 -4 6 7 -5 13 10 -6 -12 -11 -7
right_child=1 2 3 5 9 8 -8 -9 -10 12 11 -13 -14 -15
leaf_value=0.00068631933266317003 -0.0022492058498374714 0.0027391266941752417 0.00085484217403141111 9.9928908730621753e-05 -0.0048141631951967578 -0.0052930385012052673 -0.00023465273557108046 0.0059033760403880507 6.1160854110717626e-06 0.0022841287910101314 -0.0037080673111420672 -0.00025981159835148011 -0.00077708475131944604 -0.0006263150108232414
leaf_weight=2051.2803580546752 187.53679754957557 195.9918429646641 674.26398337818682 280.6089931204915 175.48480670154095 99.582985861226916 423.8822865197435 224.52521597594023 4563.4809134220704 150.49700203724205 222.46421632170677 461.2912627980113 633.94174631871283 146.92059209011495
leaf_count=27947 2473 2266 9621 2044 1337 1552 9090 1644 58236 3257 1667 3543 14001 2502
internal_value=0 -7.94326e-05 -2.31922e-05 -9.79384e-05 -0.000624171 0.000108103 0.00138586 0.00280794 -0.000132085 -0.00125656 -0.00223516 -0.00146885 -0.000122301 -0.00277329
internal_weight=0 8440.47 8252.94 8056.94 2317.94 5739 929.016 505.134 4809.98 1643.68 859.24 683.755 784.439 246.504
internal_count=141180 113233 110760 108494 33426 75068 12778 3688 62290 23805 6547 5210 17258 4054
is_linear=0
shrinkage=0.0101079


Tree=218
num_leaves=15
num_cat=0
split_feature=9 29 23 3 15 33 18 7 17 7 12 23 15 14
split_gain=9.72397 9.38025 9.72131 15.9571 11.4433 10.1483 9.19399 8.74799 8.70859 12.7335 9.20901 8.00567 7.6896 14.5754
threshold=0.063069403171539321 -0.60785761475563038 0.52904817461967479 0.27028170228004461 6.2896611690521249 2.996249914169312 75.500000000000014 5.3548262119293222 17.500000000000004 1.3687771558761599 0.026893654838204387 2.2445715665817265 21.186862945556644 -1.358318507671356
decision_type=2 2 2 2 2 8 2 2 2 2 2 2 2 2
left_child=8 -2 3 -3 5 -5 -6 -8 9 -1 -10 12 13 -4
right_child=1 2 11 4 6 -7 7 -9 10 -11 -12 -13 -14 -15
leaf_value=0.0040231459846731821 0.0023770379278610647 0.0019955843993896168 -0.00012293617784832697 0.0022122733335993038 -0.0045411811574735551 -0.00215423903046737 -0.0031750096662893465 0 0.00074313701783146997 0.00031057953948068718 -0.0009868559881687825 0.0014697243179858199 0.00084744040491308297 -0.0021229136238439493
leaf_weight=171.29142446443439 139.36988026835024 115.70632819645107 6111.293502157554 109.07597938925028 180.58796972688287 92.708886420354247 141.61346101295203 176.52263179793954 1158.1383459595963 259.98699947819114 409.32828283123672 320.49010591395199 701.6169455088675 394.65153056010604
leaf_count=2217 1611 1776 82243 827 2353 2307 2209 2184 16278 3270 5372 3828 9915 4548
internal_value=0 -0.000134921 -0.00018386 -0.00122914 -0.00183474 7.3212e-06 -0.0026489 -0.00136921 0.000647087 0.00192169 0.000263062 -6.40229e-05 -0.000139318 -0.000252818
internal_weight=0 8483.64 8344.27 816.215 700.509 201.785 498.724 318.136 1998.75 431.278 1567.47 7528.05 7207.56 6505.95
internal_count=140938 113801 112190 11656 9880 3134 6746 4393 27137 5487 21650 100534 96706 86791
is_linear=0
shrinkage=0.0101079


Tree=219
num_leaves=15
num_cat=0
split_feature=11 29 23 3 10 3 23 27 3 27 23 15 15 18
split_gain=7.31831 11.0779 7.14562 10.7824 13.0041 23.0012 25.2598 22.7707 20.6574 17.0854 18.3245 13.5101 33.4927 11.0464
threshold=0.010057664010673763 0.87837970256805431 1.5202746987342837 0.40122389793396002 0.11829869449138643 0.68403419852256786 0.47215822339057928 -0.72982063889503468 0.77737960219383251 -0.22706275433301923 0.72420793771743786 8.3869838714599627 4.888817787170411 59.500000000000007
decision_type=2 2 2 2 2 2 2 2 2 2 2 2 2 2
left_child=1 -1 3 -2 8 6 -6 -8 13 -7 -11 12 -10 -5
right_child=2 -3 -4 4 5 9 7 -9 11 10 -12 -13 -14 -15
leaf_value=0.00024631040926441334 0.00032140034744040691 0.0030209935806557488 0.0005858183577470002 -0.0019890281729708376 -0.0037227321262883746 -0.0021011416367730132 0.004837124196408 0.00075690402257057169 -0.0014078858614197866 0.0041151134021441636 -0.00058882598906272014 -0.00087597022602469614 0.0050029098401168882 -0.0005355645975242898
leaf_weight=790.04575211927295 2672.9831284303218 186.63841357734054 1378.3183588385582 1264.2776756603271 100.41257140785456 638.35516546107829 159.18684921599925 1205.3473505228758 131.43841609731317 98.849508857354522 372.8486930206418 241.01430694106966 179.52835891209543 1097.4698580438271
leaf_count=10800 36701 2601 17414 16820 1310 9731 1979 15475 2216 1383 4768 3422 2417 14236
internal_value=0 0.000836993 -7.81194e-05 -0.000195643 -0.000454905 5.38793e-05 0.000898296 0.00128668 -0.00091737 -0.00102279 0.000362275 0.000789381 0.00219729 -0.00133462
internal_weight=0 976.684 9540.03 8161.71 5488.73 2575 1464.95 1364.53 2913.73 1110.05 471.698 551.981 310.967 2361.75
internal_count=141273 13401 127872 110458 73757 34646 18764 17454 39111 15882 6151 8055 4633 31056
is_linear=0
shrinkage=0.0101079


Tree=220
num_leaves=15
num_cat=0
split_feature=23 21 13 6 6 29 22 6 7 3 28 30 15 2
split_gain=9.69275 10.3191 22.7377 26.1441 11.9315 13.0066 12.2836 10.1391 15.5583 14.7498 15.7374 14.7688 35.8878 14.9607
threshold=1.5202746987342837 -15.086265563964842 -0.089315064251422868 -3.2670578956603999 -9.8139400482177717 -0.60785761475563038 0.25271017849445349 -5.5370862483978263 -3.9374462366104122 0.40361461043357855 -0.43245348334312433 1.0000000180025095e-35 6.7873716354370126 0.59048122167587291
decision_type=2 2 2 2 2 2 2 2 2 2 2 2 2 2
left_child=1 -1 3 -3 6 -6 -4 -7 9 11 -11 13 -13 -9
right_child=-2 2 4 -5 5 7 -8 8 -10 10 -12 12 -14 -15
leaf_value=-0.0029100047422283152 0.00077169188201674612 0.0061246215208614315 -0.0030297891069826044 -8.8594780988716365e-05 0.0029216773213418799 0.00095218059268103159 0.00096989882650485876 -0.0033736311096579413 4.4332942340835086e-06 -8.727421240972191e-05 -0.0029990291873713674 -0.0010597731906485726 0.0053658739085715628 3.9713445713402978e-05
leaf_weight=125.30105884931982 1482.5307044256479 120.99010902643204 269.92871619015932 122.59682967886329 137.26031082496047 780.75418551079929 86.48856707662344 192.34450283367187 5614.5211033569649 328.35527157224715 564.90031151473522 203.75269625708461 138.0578944478184 316.06712102331221
leaf_count=1791 18857 1169 4181 1631 1574 11455 1177 3108 73971 4480 8499 2574 1827 4736
internal_value=0 -0.00010781 -6.12273e-05 0.00292863 -0.000152794 -6.88688e-05 -0.00194799 -0.000126966 -0.00024784 -0.00107984 -0.00198345 -7.40906e-05 0.00148018 -0.00120396
internal_weight=0 9001.32 8876.02 243.587 8632.43 8276.01 356.417 8138.75 7358 1743.48 893.256 850.222 341.811 508.412
internal_count=141030 122173 120382 2800 117582 112224 5358 110650 99195 25224 12979 12245 4401 7844
is_linear=0
shrinkage=0.0101079


Tree=221
num_leaves=15
num_cat=0
split_feature=15 2 29 14 3 7 15 23 15 13 23 21 13 33
split_gain=8.02837 22.3069 14.4877 14.8667 24.0133 16.8239 25.2356 23.2708 21.2286 16.5133 22.1823 14.6307 24.5232 13.0235
threshold=3.7448798418045048 0.50824126601219188 -0.60785761475563038 -7.0697307586669913 0.8689478635787965 1.0000000180025095e-35 8.9676513671875018 0.86788746714591991 6.583601951599122 0.015948743559420112 1.104556202888489 -1.1987279057502744 -0.017840423621237275 1.0013927817344668
decision_type=2 2 2 2 2 2 2 2 2 2 2 2 2 8
left_child=1 -1 -2 4 -4 6 7 -5 -7 10 -10 12 -6 -8
right_child=2 -3 3 5 11 8 13 -9 9 -11 -12 -13 -14 -15
leaf_value=0.0049497911472243502 0.0031092465966392657 0.00033682218821987471 -0.00093534408320966763 -0.0030902617371187237 -0.00022592287966547434 0.0041049818766840463 0.004924162653334104 0.0023128814461957818 -0.0023333403096059253 0.00020345725457905761 0.00074651146466820284 -0.00088518636725993323 0.0056064609310846674 0.00086844224158419371
leaf_weight=109.76734973862767 134.64104666002095 1672.125635381788 3179.3172373818234 161.46526232548058 112.53930846042931 115.79205947928131 226.1125715225935 144.89550660923123 675.7230382822454 3151.5538496663794 337.42488531954587 126.35593509674072 151.48116280511022 172.41880056634545
leaf_count=1672 1538 24090 46041 2011 1560 1330 1571 1810 8755 38885 4514 2013 2075 3128
internal_value=0 0.000663518 -7.82006e-05 -0.000135821 -0.000635973 0.000214617 0.00165339 -0.000411724 -1.53916e-05 -0.000146957 -0.00127002 0.0016716 0.00303481 0.00331852
internal_weight=0 1781.89 8689.72 8555.08 3569.69 4985.39 704.892 306.361 4280.49 4164.7 1013.15 390.376 264.02 398.531
internal_count=140993 25762 115231 113693 51689 62004 8520 3821 53484 52154 13269 5648 3635 4699
is_linear=0
shrinkage=0.0101079


Tree=222
num_leaves=15
num_cat=0
split_feature=9 0 2 30 27 33 2 2 20 3 3 3 0 2
split_gain=7.50804 8.40065 14.6486 24.6152 17.4227 7.94385 15.4549 18.4319 18.9132 12.6103 10.628 17.426 10.4285 14.3355
threshold=0.064389906823635115 0.59177720546722423 0.59048122167587291 1.0000000180025095e-35 0.11969653144478799 1.0000000180025095e-35 0.60865783691406261 0.75671458244323742 1.0717419385910036 0.40618689358234411 0.36176167428493505 0.23050125688314441 0.84425342082977306 0.55107089877128612
decision_type=2 2 2 2 2 10 2 2 2 2 2 2 2 2
left_child=-1 2 3 -2 -4 10 9 8 -8 -7 11 -3 13 -12
right_child=1 5 4 -5 -6 6 7 -9 -10 -11 12 -13 -14 -15
leaf_value=0.00056107726855975017 -0.0014160546162815808 -0.001289685014081053 -0.0029036508999465502 0.0042305051573115942 0.00038918433897280565 -0.0029755679584213446 0.0035160635501939388 -0.00032814525840218643 -0.00043860692381100254 0 0.0032694904584136255 0.0023370333901888167 0.00046961133771745539 -0.0013873884073198378
leaf_weight=2039.3517810972407 183.41678599733859 158.07454083301127 472.53491147235036 121.31708740722388 216.53758683055639 358.13445910066366 271.67248869687319 3034.6561593264341 189.72008746117353 251.60128311812878 63.109641818329692 545.58849692903459 1875.5462600216269 701.5910970531404
leaf_count=27779 2763 3256 7302 1621 3457 2680 1988 22099 1377 1793 1202 10631 38391 14696
internal_value=0 -0.000120836 -0.000990086 0.00075068 -0.00181784 0 -0.000301589 -2.93459e-05 0.00182292 -0.00177729 0.000361287 0.00146028 4.97319e-05 -0.000922114
internal_weight=0 8443.5 993.806 304.734 689.072 7449.69 4105.78 3496.05 461.393 609.736 3343.91 703.663 2640.25 764.701
internal_count=141035 113256 15143 4384 10759 98113 29937 25464 3365 4473 68176 13887 54289 15898
is_linear=0
shrinkage=0.0101079


Tree=223
num_leaves=15
num_cat=0
split_feature=14 16 7 33 0 7 15 15 17 33 23 20 33 3
split_gain=8.44313 15.5214 22.7814 44.2629 19.5656 14.7968 24.4683 21.4133 17.8162 23.303 17.0654 15.7407 17.8056 13.2253
threshold=-7.3916492462158194 0.4302449375391007 0.36105559766292578 0.99611112475395214 0.54749041795730602 1.0000000180025095e-35 8.4610986709594744 6.3613920211792001 54.500000000000007 1.0013927817344668 0.84889179468154918 -2.3063602447509761 1.0000000180025095e-35 0.8816988766193391
decision_type=2 2 2 10 2 2 2 2 2 8 2 2 10 2
left_child=1 2 -1 -4 -3 6 10 -7 9 -8 -2 -9 13 -13
right_child=5 4 3 -5 -6 7 8 11 -10 -11 -12 12 -14 -15
leaf_value=-0.00023217232214239078 -0.002955707719622168 -0.0050703555946975364 -0.00061939939799228894 0.0056193905593511315 -0.00077835796875222929 0.0041296229798531347 0.0061087947875665769 0.003662007965944741 -0.00026287631312923521 0.00069808125582838064 0.0015853912606353783 0.00096046066533205714 -0.00071913505275443199 -0.001556072280933836
leaf_weight=3428.5252714976668 154.36161817237735 118.47198795992881 237.20947493799031 200.60761922597885 1221.2002296745777 120.73667522706091 219.40947644412518 104.91500222869217 110.87724156118929 159.05041463673115 159.88058037869632 1527.5646315934137 2486.6453068330884 230.26443855743855
leaf_count=49354 1974 2166 4911 1536 17302 1383 1512 1347 1331 2874 2033 29965 18184 4999
internal_value=0 -0.000279289 3.6074e-05 0.0021956 -0.00121455 0.000293917 0.00155191 5.64691e-05 0.00296227 0.00399855 -0.000536653 -5.43405e-05 -0.000162134 0.000602569
internal_weight=0 5206.01 3866.34 437.817 1339.67 5273.71 803.579 4470.13 489.337 378.46 314.242 4349.39 4244.47 1757.83
internal_count=140871 75269 55801 6447 19468 65602 9724 55878 5717 4386 4007 54495 53148 34964
is_linear=0
shrinkage=0.0101079


Tree=224
num_leaves=15
num_cat=0
split_feature=13 13 17 13 30 30 1 13 12 27 5 29 30 23
split_gain=8.7035 10.695 20.6421 14.3268 8.98384 6.98555 6.4267 9.69982 8.45897 11.716 14.6611 8.98425 9.03322 29.4682
threshold=-0.092856191098690019 -0.057939089834690087 82.500000000000014 -0.074488174170255647 -0.56174489110708226 -0.56174489110708226 1.4028401970863345 -0.025305359624326226 -0.12122447788715361 -0.49049438536167139 -6.3076524734497061 -0.60785761475563038 0.81174489855766307 0.82946088910102855
decision_type=2 2 2 2 2 2 2 2 2 2 2 2 2 2
left_child=5 2 3 -2 -5 -1 8 -8 9 10 -3 -10 -13 -14
right_child=1 6 -4 4 -6 -7 7 -9 11 -11 -12 12 13 -15
leaf_value=0 0.0024971785377633326 -0.00018147150992495987 -0.003377055269575224 0.00077920898930142679 -0.0029924178867715696 0.0029685072943592913 0.0023984869682362698 0.00023212960053267814 0.0026103756810673989 0.00077353212099150258 -0.006217121579508429 -0.00027363734137995796 0.0019257499455436204 -0.00084809288849443671
leaf_weight=117.07290853559971 156.95410169102252 101.53190029785037 276.0687205567956 87.183343442156911 137.98045413009822 169.56324072368443 249.48374695144594 1571.0667220614851 120.37243652530015 91.189840827137232 84.827533345669508 5793.7067311648279 809.2331048855558 721.6057989615947
leaf_count=1305 2086 1511 4251 1450 2209 2039 3590 19851 1366 1328 1339 78634 10713 9400
internal_value=0 -6.48149e-05 -0.0013043 0.000126103 -0.00138041 0.00169731 1.74066e-05 0.000559928 -0.000105679 -0.0018171 -0.00327407 -3.46467e-05 -8.63108e-05 0.000594173
internal_weight=0 10201.2 658.187 382.118 225.164 286.636 9543.02 1820.55 7722.47 277.549 186.359 7444.92 7324.55 1530.84
internal_count=141072 137728 9996 5745 3659 3344 127732 23441 104291 4178 2850 100113 98747 20113
is_linear=0
shrinkage=0.0101079


Tree=225
num_leaves=15
num_cat=0
split_feature=9 23 21 16 3 7 14 15 14 7 29 29 30 6
split_gain=8.46811 9.17808 12.263 11.3218 19.1506 18.0366 14.9108 13.3653 19.2101 16.719 24.0161 16.1035 14.6409 13.2945
threshold=0.064389906823635115 1.5202746987342837 -15.086265563964842 0.15510571002960208 0.64721176028251659 -3.9374462366104122 -25.202617645263668 6.583601951599122 -10.736767292022703 -0.4850862175226211 1.0000000180025095e-35 0.6078576147556306 -0.56174489110708226 -5.3097503185272208
decision_type=2 2 2 2 2 2 2 2 2 2 2 2 2 2
left_child=-1 2 -2 4 6 13 -4 9 12 -7 -11 -10 -9 -5
right_child=1 -3 3 5 -6 7 -8 8 11 10 -12 -13 -14 -15
leaf_value=0.00062666596752830486 -0.0035937655299840632 0.00069207212064942758 -0.00040831507160450973 0.00076837882740770724 -0.0011572301110543135 -0.00044253469147414895 0.0030618338538276209 -0.0065717403059110729 0.00042672031243528197 0.0059588496776657607 0.00055341037753041823 -0.00088565605629603269 -0.00053236773493424959 -0.0017534546876599845
leaf_weight=2051.6292245797813 103.2383780144155 1255.5744852367789 154.12308721989393 229.8606324121356 273.03116385452449 290.6382311610505 395.08879740722477 76.984251594170928 2386.7276273164898 136.94861356727779 251.4941077567637 1570.1970543032512 115.15541530773044 1210.578590836376
leaf_count=27852 1463 15852 1777 3286 4221 4222 6082 1258 30422 1857 3326 20400 2029 17038
internal_value=0 -9.46255e-05 -0.000238139 -0.000179766 0.000917281 -0.000331057 0.00202304 -2.56824e-05 -0.00024963 0.00127119 0.0026395 -8.45476e-05 -0.0033135 -0.00132113
internal_weight=0 8449.64 7194.07 7090.83 822.243 6268.58 549.212 4828.15 4149.06 679.081 388.443 3956.92 192.14 1440.44
internal_count=141085 113233 97381 95918 12080 83838 7859 63514 54109 9405 5183 50822 3287 20324
is_linear=0
shrinkage=0.0101079


Tree=226
num_leaves=15
num_cat=0
split_feature=16 3 5 12 14 7 10 22 15 7 33 14 27 3
split_gain=7.95849 24.0239 22.6281 31.3718 14.4331 14.77 16.8113 14.7426 14.0269 16.4105 13.7834 29.9948 18.5549 34.85
threshold=0.1677515730261803 0.64104759693145763 -4.373703956604003 -0.045088073238730424 -7.3916492462158194 1.3687771558761599 0.1441653519868851 -0.83074352145194996 6.7215785980224618 4.9648137092590341 1.0000000180025095e-35 -5.9927263259887686 0.50938662886619579 0.39082725346088415
decision_type=2 2 2 2 2 2 2 2 2 2 10 2 2 2
left_child=1 2 -1 -4 7 6 -6 -2 -7 -10 -11 -12 -13 -14
right_child=4 -3 3 -5 5 8 -8 -9 9 10 11 12 13 -15
leaf_value=-0.00055515823072801594 -0.0023768059966968237 -0.00077252517053316022 0.005632055167336481 0.00076049316292182436 0.0006611118357939573 0.0035058730638037631 0.0041733478323560799 -0.00034869935717239843 -0.0015334147652894469 0.00091512096046808132 0.0034210128780298239 -0.0015291245163340703 -0.0021382310690658329 0.0025673309423035712
leaf_weight=257.72349773719907 419.42352181114256 617.85334272123873 245.2159911673516 345.62081488780677 891.45474405679852 103.0226197745651 170.28984228149056 3311.1726264152676 708.72932631429285 1411.2554659005255 181.35554370284081 1205.8157982826233 263.93355380743742 374.68216256797314
leaf_count=3528 7100 9034 3386 5188 10968 1213 2032 46988 8786 28114 1354 8910 1943 2592
internal_value=0 0.000693117 0.00180495 0.00289606 -0.000107703 0.000225212 0.00128807 -0.000591936 -3.27062e-05 -0.000136672 0.000142344 -0.000377506 -0.000785424 0.000557617
internal_weight=0 1466.41 848.56 590.837 9041.14 5310.54 1061.74 3730.6 4248.79 4145.77 3437.04 2025.79 1844.43 638.616
internal_count=141136 21136 12102 8574 120000 65912 13000 54088 52912 51699 42913 14799 13445 4535
is_linear=0
shrinkage=0.0101079


Tree=227
num_leaves=15
num_cat=0
split_feature=5 28 11 30 4 10 30 33 17 9 2 7 20 14
split_gain=10.4126 10.1451 13.6546 20.3487 9.66565 13.2591 12.3748 18.8099 9.29739 12.4424 10.7667 18.3747 18.2406 29.0561
threshold=1.7451181411743166 -0.94331136345863331 0.033771678805351264 -0.56174489110708226 0.75437071919441234 0.28474709391593939 -0.56174489110708226 0.9590476155281068 20.500000000000004 0.14565761387348178 0.85338580608367931 -8.1420941352844221 -3.0160635709762569 -19.880949020385739
decision_type=2 2 2 2 2 2 2 10 2 2 2 2 2 2
left_child=8 2 -2 -4 6 -6 7 -3 9 -1 11 -10 -12 -14
right_child=1 4 3 -5 5 -7 -8 -9 10 -11 12 -13 13 -15
leaf_value=0.0022851049786436674 0.003567312756942987 -0.00022171159378418735 0.002739237696377887 -0.0022670865814621369 -0.00032625106233477856 0.0031176460314215901 -0.00035922861730792603 -0.0039793801586862597 -0.0010960991717215999 0 0.0006001612641985569 0.0010862259527222404 0.0027877533986428332 -0.0012869421344448889
leaf_weight=502.42024017311633 136.90545761026442 276.29113991744816 134.32601540349424 189.81750187091529 1683.1109853209928 114.20728873088956 846.52812717482448 319.49573991447687 469.61162249185145 411.37380212917924 1482.0723110362887 1952.1204041549936 186.09946744889021 1787.0222773766145
leaf_count=6290 1833 5699 1633 2317 21864 1642 11299 2461 7403 5179 20426 26051 2411 24602
internal_value=0 -0.000384804 0.000974721 -5.50962e-05 -0.000592593 -7.27195e-05 -0.0012087 -0.00232875 0.000279955 0.00122916 0.000124079 0.000644255 -0.000229431 -0.000872921
internal_weight=0 3700.68 461.049 324.144 3239.63 1797.32 1442.32 595.787 6790.72 913.794 5876.93 2421.73 3455.19 1973.12
internal_count=141110 48748 5783 3950 42965 23506 19459 8160 92362 11469 80893 33454 47439 27013
is_linear=0
shrinkage=0.0101079


Tree=228
num_leaves=15
num_cat=0
split_feature=23 13 30 13 28 21 2 16 30 13 23 28 33 11
split_gain=8.46935 7.00868 16.0985 9.98939 9.43023 17.4122 12.5653 21.5607 12.7243 29.7083 20.6654 15.904 11.8574 27.5619
threshold=2.1015208959579472 -0.089315064251422868 -0.56174489110708226 -0.066439937800168977 -0.77296444773674 -5.2092661857604972 0.83266264200210582 0.9237082600593568 1.0000000180025095e-35 -0.027664698660373684 0.75886669754982006 0.56457334756851207 0.99472221732139599 0.035592140629887588
decision_type=2 2 2 2 2 2 2 2 2 2 2 2 10 2
left_child=1 2 -1 -3 5 -5 7 8 9 10 -6 -10 -7 -14
right_child=-2 3 -4 4 6 12 -8 -9 11 -11 -12 -13 13 -15
leaf_value=-0.00090483584745804579 0.001323937857408683 -0.0016114910095016738 0.0033634379958001814 0.0030347584424175616 -0.0050935502412596647 0.0010656869973765378 -0.00053092825872322195 -0.0031801529165491511 0.00012646019859193552 0.00062811163102517817 0.00023744999408704801 0.0026067372601365369 0.0017323224940346781 -0.001661264571888489
leaf_weight=142.22367272526026 502.66923676617444 399.49358193390071 187.01670167595148 254.91542768105865 171.25805750768632 939.62285232357681 4187.9796316493303 156.79224704578519 574.74196034483612 1257.9041196387261 102.37462641485035 547.95107620488852 357.46848147362471 703.23073645681143
leaf_count=1562 6076 6006 2330 3541 2711 18007 57603 1897 7845 17238 1624 7072 2541 5063
internal_value=0 -7.64989e-06 0.0014207 -6.16396e-05 2.16579e-06 0.000573734 -0.000176651 0.000336807 0.0005683 -5.95866e-06 -0.00300275 0.00138226 0.000229596 -0.000475471
internal_weight=0 9982.97 329.24 9653.73 9254.24 2255.24 6999 2811.02 2654.23 1531.54 273.633 1122.69 2000.32 1060.7
internal_count=141116 135040 3892 131148 125142 29152 95990 38387 36490 21573 4335 14917 25611 7604
is_linear=0
shrinkage=0.0101079


Tree=229
num_leaves=15
num_cat=0
split_feature=2 2 6 15 20 29 14 3 11 2 22 2 14 12
split_gain=7.33125 15.0102 10.5806 18.674 19.3329 16.1723 16.1122 16.8428 15.9923 14.8575 14.411 12.8191 12.1619 18.9776
threshold=4.4996695518493661 3.1709257364273076 -9.3485760688781721 3.3625049591064458 -1.6163198947906492 -0.60785761475563038 -7.3916492462158194 0.8689478635787965 0.15897106379270556 1.5588372945785525 -0.38807497918605799 1.2971103787422182 -12.783973217010496 -0.045088073238730424
decision_type=2 2 2 2 2 2 2 2 2 2 2 2 2 2
left_child=1 2 -1 4 12 -5 7 8 10 -9 11 -7 13 -4
right_child=-2 -3 3 5 -6 6 -8 9 -10 -11 -12 -13 -14 -15
leaf_value=-0.0013013810083692162 -0.0021057953599851282 0.0024006211838379825 0.0029452272864817011 0.0034092476067455663 0.003783479453794091 -0.0013562151510526784 0.00022255116897306018 0.0040096145574159804 0.0030455747857837338 -0.00042527624265574216 -0.00042206055180353519 -0.0042781122818676227 -0.0012656922632877485 -0.00074470743279430446
leaf_weight=590.98440893739462 153.20078313723207 266.15495678596199 321.70447934418917 125.96113067306578 251.32395554892719 1002.0477588707581 5047.830203733407 132.20930427312851 88.661137107759714 137.83580316603184 1708.7328048367053 203.25137709919363 242.5664878655225 221.59713582880795
leaf_count=8618 2215 3902 4629 1427 3838 15293 62150 1971 1031 2031 24226 3082 3407 3274
internal_value=0 6.54016e-05 0 8.41373e-05 0.00136085 -6.8933e-05 -0.000129526 -0.000684167 -0.000911253 0.00165065 -0.00105314 -0.00190615 0.000506101 0.00137723
internal_weight=0 10340.9 10074.7 9483.72 1037.19 8446.53 8320.57 3272.74 3002.69 270.045 2914.03 1205.3 785.868 543.302
internal_count=141094 138879 134977 126359 15148 111211 109784 47634 43632 4002 42601 18375 11310 7903
is_linear=0
shrinkage=0.0101079


Tree=230
num_leaves=15
num_cat=0
split_feature=2 2 3 6 16 3 17 7 20 7 22 30 3 33
split_gain=8.18421 16.0823 11.0764 10.4896 11.8267 12.0491 17.0136 12.4427 10.4552 10.4206 14.9603 11.4328 18.1557 17.8679
threshold=4.4996695518493661 2.9043198823928837 0.75130772590637218 -9.8139400482177717 0.14677932858467105 0.58463549613952648 61.500000000000007 -23.813435554504391 -2.6726353168487544 -3.5690592527389522 -0.15606588870286939 1.0000000180025095e-35 0.61428228020668041 0.9590476155281068
decision_type=2 2 2 2 2 2 2 2 2 2 2 2 2 10
left_child=1 3 -3 -1 5 6 8 -8 -5 10 11 13 -13 -6
right_child=-2 2 -4 4 9 -7 7 -9 -10 -11 -12 12 -14 -15
leaf_value=-0.0015097157245701754 -0.0022330394966903156 0.005002851285838144 0.00085112668949366801 -0.002914216897282532 -0.00037304117470630629 -0.00059854458666422556 0 0.0042029465773348882 0.0016969670067425537 0.00013189175379627266 0.0003064425284525683 0.00068569086172129705 -0.0032749848912228424 -0.0038871559752607959
leaf_weight=456.99593017995358 154.92174879088998 95.393579166382551 292.55869792960584 87.684196777641773 305.8455092376098 229.03905790299177 100.09639485552907 293.828439431265 91.209332961589098 6603.0096872961149 854.00453126430511 438.09219176508486 150.36553714983165 345.07806866616011
leaf_count=6844 2233 1295 4221 1252 7024 3407 1081 4430 1478 85323 11842 5778 2098 2802
internal_value=0 5.11842e-05 0.0020512 -2.42024e-05 4.41656e-05 0.0012152 0.00200853 0.00317736 -0.000372836 -6.01288e-05 -0.000683359 -0.00139557 -0.000287395 -0.00232096
internal_weight=0 10343.2 387.952 9955.25 9498.25 801.857 572.818 393.925 178.894 8696.4 2093.39 1239.38 588.458 650.924
internal_count=141108 138875 5516 133359 126515 11648 8241 5511 2730 114867 29544 17702 7876 9826
is_linear=0
shrinkage=0.0101079


Tree=231
num_leaves=15
num_cat=0
split_feature=2 2 3 12 2 21 23 30 3 14 29 2 2 3
split_gain=9.19874 14.9514 8.62952 13.1714 7.37264 28.6344 14.8622 14.2636 19.6202 9.15336 21.1509 31.7933 19.6947 21.4783
threshold=4.4996695518493661 2.9749344587326054 0.76559203863143932 -0.15342864394187924 0.46789002418518072 3.6604379415512089 0.8455091416835786 -0.56174489110708226 0.31744243204593664 -7.0697307586669913 -1.0000000180025095e-35 0.68692174553871166 1.6448199152946474 0.61978864669799816
decision_type=2 2 2 2 2 2 2 2 2 2 2 2 2 2
left_child=1 4 -3 -4 5 6 7 -1 -9 10 11 -6 13 -13
right_child=-2 2 3 -5 9 -7 -8 8 -10 -11 -12 12 -14 -15
leaf_value=0.00035906232530470862 -0.0023951048163916577 0.0047178618291685587 -0.0016156190316286879 0.0027821714237037378 -0.0033081996293992445 -0.0025433752310503612 -0.00055031132199550019 0.0012426272039618618 0.007274821567592557 0.00019199763589881994 -0.00076166311335875347 0.0010785220171160657 -0.00060728947589708368 0.0054842145686151422
leaf_weight=165.07434753514826 156.26986970566213 90.790968477725983 104.34461777098477 153.52261445112526 136.49783466849476 170.5005812048912 140.72078153118491 133.13180755823851 126.21777293644845 4418.8512301873416 3947.7491074800491 328.528239864856 213.10257066972554 198.81270675174892
leaf_count=2222 2269 1273 1454 2286 2209 2414 1788 2027 1451 54147 57069 4766 2948 2747
internal_value=0 1.63856e-05 0.00205393 0.000854804 -5.22634e-05 0.000909441 0.00204185 0.00298957 0.00445405 -0.000133865 -0.00044053 0.000953438 0.00181893 0.00286976
internal_weight=0 10327.8 348.658 257.867 9979.19 735.645 565.145 424.424 259.35 9243.54 4824.69 876.941 740.444 527.341
internal_count=141070 138801 5013 3740 133788 9902 7488 5700 3478 123886 69739 12670 10461 7513
is_linear=0
shrinkage=0.0101079


Tree=232
num_leaves=15
num_cat=0
split_feature=2 2 6 21 14 23 5 17 33 13 13 33 17 28
split_gain=8.08549 19.0947 8.7478 16.7976 15.2403 9.59513 8.55929 11.3779 11.9801 7.71415 12.2843 37.9134 7.74642 12.9404
threshold=4.4996695518493661 2.9749344587326054 -9.136466979980467 -10.651521205902098 -24.7780647277832 2.2445715665817265 7.700547695159913 1.5000000000000002 0.90112781524658214 -0.074488174170255647 -0.057939089834690087 1.0013927817344668 85.500000000000014 0.6835516393184663
decision_type=2 2 2 2 2 2 2 2 10 2 2 8 2 2
left_child=1 2 -1 -4 -5 6 9 -8 -9 -6 11 -11 -12 -14
right_child=-2 -3 3 4 5 -7 7 8 -10 10 12 -13 13 -15
leaf_value=-0.0011893832243367846 -0.0022299272559549699 0.0023747535903145007 0.0029499380929990269 -0.0037313162282234876 0.0021633849783662031 0.0019788053609415416 0.00038788477375091134 0 -0.0046867431299761047 -0.0071752681851941736 -3.8794222070342389e-05 0.00060788203749800418 0.0016483191581697213 -0.0003978637231246856
leaf_weight=592.59599184244871 149.55266378074884 348.74157311394811 194.71883902512491 102.51886388845742 168.10909540206194 248.72307732142508 173.60485136695206 110.54076365940273 137.91965552419424 89.527228631079197 6753.283395386301 160.80168407224119 762.17956280428916 486.33124061021954
leaf_count=8781 2198 4993 2304 1379 2397 2888 2214 2239 1031 723 88946 3464 10495 7001
internal_value=0 7.55096e-05 -2.52712e-06 6.89835e-05 1.1671e-06 5.08039e-05 -5.12155e-07 -0.00139645 -0.00277575 6.58554e-05 1.62626e-05 -0.00214862 9.10283e-05 0.000821457
internal_weight=0 10329.6 9980.85 9388.26 9193.54 9091.02 8842.3 422.065 248.46 8420.23 8252.12 250.329 8001.79 1248.51
internal_count=141053 138855 133862 125081 122777 121398 118510 5484 3270 113026 110629 4187 106442 17496
is_linear=0
shrinkage=0.0101079


Tree=233
num_leaves=15
num_cat=0
split_feature=23 27 23 29 2 23 29 4 2 27 11 5 2 0
split_gain=8.06391 12.9672 25.553 17.432 18.0819 13.9589 13.374 12.971 12.9153 10.716 14.0772 9.42786 8.87925 8.68224
threshold=1.5202746987342837 -0.50938662886619557 0.55684593319892894 -1.0000000180025095e-35 0.72045686841011058 0.95961055159568798 0.87837970256805431 1.7074201107025149 2.4429310560226445 -0.86046862602233876 0.080036278814077391 -1.8562977313995359 1.9156133532524111 0.66260135173797619
decision_type=2 2 2 2 2 2 2 2 2 2 2 2 2 2
left_child=1 2 -1 8 -5 7 9 12 11 10 -7 -4 13 -6
right_child=-2 -3 3 4 5 6 -8 -9 -10 -11 -12 -13 -14 -15
leaf_value=-0.0050338900301096666 0.0006933678742361859 9.4748341895144243e-05 0 0.00227324913558021 -0.0044454768243276767 -0.0033023714616375933 0.0019281896753221325 0.0008649421104891345 -0.0015501691347124828 0.0016587620032085116 0.00031764002982205384 0.0037668444198961358 -0.0052133835226535891 -0.00092362932988381029
leaf_weight=131.60422370024025 1495.1469820961356 6979.9234168278053 109.78013415448368 139.45910828746855 110.91978062875569 265.36379944905639 180.95632903277874 83.85887791775167 95.658309873193502 89.162742121145129 149.98473459109664 186.97046246938407 153.81713054142892 312.24072810076177
leaf_count=2143 18915 92616 1476 1975 1590 3919 2600 1220 1440 1265 2151 2375 2585 4740
internal_value=0 -0.000106265 -0.000822175 -0.000486404 -0.00100237 -0.00138249 -0.000296896 -0.00243172 0.00134779 -0.0011909 -0.00191728 0.00243045 -0.00298517 -0.0020032
internal_weight=0 8989.7 2009.78 1878.17 1485.76 1346.3 685.468 660.837 392.409 504.511 415.349 296.751 576.978 423.161
internal_count=141010 122095 29479 27336 22045 20070 9935 10135 5291 7335 6070 3851 8915 6330
is_linear=0
shrinkage=0.0101079


Tree=234
num_leaves=15
num_cat=0
split_feature=2 2 6 16 3 12 14 14 6 14 7 6 6 3
split_gain=7.61165 11.7372 9.17122 16.6128 11.7236 22.0703 19.9546 13.0843 13.6565 10.8789 15.9676 22.2816 16.6666 14.5868
threshold=4.4996695518493661 2.9749344587326054 -9.8139400482177717 0.15510571002960208 0.58715778589248668 -0.043224057182669633 -23.498929977416989 -16.903895378112789 -1.7022920250892637 -7.4560420513153067 0.4778373539447785 5.2891380786895761 -3.1932393312454219 0.8689478635787965
decision_type=2 2 2 2 2 2 2 2 2 2 2 2 2 2
left_child=1 2 -1 4 5 6 -4 8 -7 13 11 -11 -12 -5
right_child=-2 -3 3 9 -6 7 -8 -9 -10 10 12 -13 -14 -15
leaf_value=-0.0013742023045363397 -0.0021906939409018218 0.0018559229929842283 0.00084347978480027767 -0.00073899211723608526 -0.00030140007259531768 -0.0027314587944152467 0.0067097262055647354 0.0035049066375156344 0.0019634940330325438 0.00057412956175342898 0.0030648991296962479 0.0046607413801770352 -0.00018314240530659459 0.0014249520265761908
leaf_weight=479.44114399701357 150.75449172221124 344.65224844403565 128.42109022848308 3181.0030335048214 253.79342754930258 154.64114327356219 148.09969487227499 87.671464696526527 88.065312549471855 735.96512536332011 160.0501787988469 170.88303209841251 4050.2098973309621 335.32500436343253
leaf_count=7168 2185 4963 1424 46299 3723 2265 2318 1314 1375 8962 2135 1996 49771 4899
internal_value=0 4.14078e-05 -1.86094e-05 4.66329e-05 0.00138206 0.00214695 0.0042237 0.000232803 -0.000858209 -8.29156e-05 0.00020883 0.00142095 -4.47461e-05 -0.000518502
internal_weight=0 10318.2 9973.57 9494.13 860.692 606.899 276.521 330.378 242.706 8633.44 5117.11 906.848 4210.26 3516.33
internal_count=140797 138612 133649 126481 12419 8696 3742 4954 3640 114062 62864 10958 51906 51198
is_linear=0
shrinkage=0.0101079


Tree=235
num_leaves=15
num_cat=0
split_feature=29 28 27 29 28 15 13 21 11 14 3 3 20 13
split_gain=8.24757 7.44874 13.3774 18.9419 14.4799 22.8312 27.4868 25.7475 25.3517 22.5824 18.6493 12.2775 16.6262 11.3297
threshold=-0.60785761475563038 -0.69930991530418385 -1.0000000180025095e-35 -1.0000000180025095e-35 -0.16288578510284421 6.4343352317810067 0.015139502938836815 -2.7018305063247676 0.063500594347715392 -6.8404104709625235 0.61168324947357189 0.77737960219383251 1.6244045495986941 -0.066439937800168977
decision_type=2 2 2 2 2 2 2 2 2 2 2 2 2 2
left_child=-1 13 3 -3 10 7 11 -6 9 -8 -5 12 -7 -2
right_child=1 2 -4 4 5 6 8 -9 -10 -11 -12 -13 -14 -15
leaf_value=0.0022041642670784733 -0.0027188292786284639 0.00091253566052326121 0.00013402419280913032 0.0024672764312582678 -0.0012403856466467009 -0.0081119928448010001 -0.002474795336612661 0.0032988070266505012 -0.002594963767826156 0.0034424807747795187 -0.00087652420845680265 -0.0020487526078989959 -0.0017036465737371928 0.00050432290307713269
leaf_weight=158.62470231950283 105.3699593283236 564.53960096463561 4195.3064385671169 221.77872381731868 497.30147877335548 154.54738740902394 90.456152475439012 162.79005235712975 464.09225293435156 170.67307509109378 654.67451081238687 181.92316418793052 86.544184547849 2792.2574994135648
leaf_count=1881 1380 7549 55594 2888 7830 2289 1535 2519 6396 2239 8715 2971 1328 36122
internal_value=0 -6.24483e-05 -0.000234982 -0.00072305 -0.00108363 -0.00159864 -0.00245611 -3.53788e-05 -0.001164 0.00122996 0 -0.00451738 -0.0060973 0.000366341
internal_weight=0 10342.3 7444.63 3249.32 2684.78 1808.33 1148.24 660.092 725.221 261.129 876.453 423.015 241.092 2897.63
internal_count=141236 139355 101853 46259 38710 27107 16758 10349 10170 3774 11603 6588 3617 37502
is_linear=0
shrinkage=0.0101079


Tree=236
num_leaves=15
num_cat=0
split_feature=23 3 13 13 11 12 5 33 33 30 28 16 17 33
split_gain=9.16016 7.99399 15.5979 23.5868 23.3758 13.6791 24.5716 35.9939 13.7656 13.4423 21.2656 11.1746 13.3928 16.3487
threshold=1.5202746987342837 0.55175331234931957 0.052921874448657043 0.018972828052937988 0.058004125952720649 0.0635385997593403 2.0076239109039311 0.90112781524658214 1.7124999761581423 1.0000000180025095e-35 0.076279435306787505 0.92039778828620922 11.500000000000002 1.0013927817344668
decision_type=2 2 2 2 2 2 2 10 8 2 2 2 2 8
left_child=1 5 3 11 9 6 -1 -8 -7 10 -5 12 13 -3
right_child=-2 2 -4 4 -6 8 7 -9 -10 -11 -12 -13 -14 -15
leaf_value=0.00033164484130782215 0.00069594906443847904 0.002809596032785295 -0.0025739179662666589 0.0010362382209449456 -0.00023978510848131498 0.0030884985480405685 0.00050425402725191837 -0.0031495938864799749 -0.00017407665213903438 0.00073503526892763254 0.008372315975953306 -0.0040704984784807477 -0.00092234401144352209 -0.0011623791096211397
leaf_weight=3564.3860961003229 1493.5203965250403 229.52472922950983 336.14939967170358 97.936437681317329 474.78848810214549 289.25851983577013 495.66734026465565 565.41821783035994 196.911491910927 176.79620032012463 90.00659785233438 96.944358620792627 2222.2998579666018 167.95815667137504
leaf_count=48097 18888 1662 4633 1367 5952 2064 10165 4206 4079 2409 1326 1218 31660 3388
internal_value=0 -0.000155682 -0.000502137 -0.000289849 0.00116536 0.00010058 -6.16104e-05 -0.00141346 0.00170279 0.00307064 0.00494621 -0.000756409 -0.00060689 0.00104097
internal_weight=0 9004.05 3892.4 3556.25 839.528 5111.64 4625.47 1061.09 486.17 364.739 187.943 2716.73 2619.78 397.483
internal_count=141114 122226 53615 48982 11054 68611 62468 14371 6143 5102 2693 37928 36710 5050
is_linear=0
shrinkage=0.0101079


Tree=237
num_leaves=15
num_cat=0
split_feature=21 21 33 23 14 7 15 15 7 23 33 14 30 2
split_gain=7.38859 14.9307 17.434 11.8881 9.33889 18.8442 30.4953 22.0387 15.8473 15.8088 15.5272 30.5263 15.2973 16.7816
threshold=-15.086265563964842 -11.844729900360106 1.0013927817344668 2.2445715665817265 -7.0697307586669913 1.0000000180025095e-35 8.7495045661926287 6.508254051208497 4.9648137092590341 0.8743998408317567 1.0000000180025095e-35 -5.7522771358489981 0.81174489855766307 0.85338580608367931
decision_type=2 2 8 2 2 2 2 2 2 2 10 2 2 2
left_child=-1 2 -2 4 -3 6 9 -7 -9 -6 12 -12 -10 -14
right_child=1 3 -4 -5 5 7 -8 8 10 -11 11 -13 13 -15
leaf_value=-0.0018407389000404078 0.0042924205607552356 -0.00040247894319850943 -0.00056159121915626644 0.0018839014882753486 -0.0029065424008616753 0.0041392725362428186 0.0034548794191821752 -0.0013720015966921747 0.00045422495191645135 0.0016473275197534173 0.0034464459103000331 -0.0008442223036417484 0.0071278713833871667 0.00098869604606134837
leaf_weight=207.85095474682748 171.20094287395477 4739.9030049163848 105.41527743265033 317.84620648436248 154.83575162664056 117.69757822901011 423.57578254491091 868.75801634602249 1101.2911586938426 132.34468116052449 177.77472023665905 1740.0189677029848 75.571873743087053 150.94453327544034
leaf_count=2810 1167 69801 2199 3848 1967 1311 4925 10902 22111 1689 1322 12689 1582 2834
internal_value=0 4.9556e-05 0.00233473 -1.13377e-05 -7.91652e-05 0.000222838 0.00173742 -2.46469e-05 -0.000161031 -0.000682243 0.000153122 -0.000413369 0.000999335 0.00337543
internal_weight=0 10277.2 276.616 10000.6 9682.72 4942.81 710.756 4232.06 4114.36 287.18 3245.6 1917.79 1327.81 226.516
internal_count=141157 138347 3366 134981 131133 61332 8581 52751 51440 3656 40538 14011 26527 4416
is_linear=0
shrinkage=0.0101079


Tree=238
num_leaves=15
num_cat=0
split_feature=2 2 14 2 3 16 2 0 21 33 10 33 13 3
split_gain=7.26048 15.0551 9.65538 20.6048 30.5028 14.0083 13.6786 15.419 13.0295 19.6077 16.9284 48.714 15.2093 19.3008
threshold=4.4996695518493661 3.1709257364273076 -7.3916492462158194 0.46789002418518072 0.31473834812641149 0.43484169244766241 1.5588372945785525 0.56620290875434887 4.7133941650390634 0.9590476155281068 0.11632669344544412 0.94700106978416454 0.042681204155087478 0.21523301303386691
decision_type=2 2 2 2 2 2 2 2 2 10 2 10 2 2
left_child=1 2 3 4 -1 -5 7 -7 10 12 -4 -12 -10 -14
right_child=-2 -3 8 5 -6 6 -8 -9 9 -11 11 -13 13 -15
leaf_value=-6.4462891045032543e-06 -0.0021659359662020441 0.0023543875333546082 0.00036089176434807524 -0.00018962167883108824 0.0067897406289270474 -0.0043876924502090821 -0.0036150697900892092 -0.00034286758515472991 -0.00054735411714028879 -0.0010157585863343204 -0.0012996069598828553 0.0052460308677041816 -0.002349883934873081 0.0026468035009960681
leaf_weight=175.49745197221637 150.66893948428333 266.25633058324456 2185.5943034365773 3467.8306252239272 91.402452390640974 106.25237177405506 245.71526033803821 865.12634704262018 440.58976162411273 1464.6299911513925 182.0886314837262 268.71499159932137 78.869596816599369 500.80619872920215
leaf_count=2911 2226 3890 26467 50405 1309 1873 3663 11915 8818 10744 3426 1921 1608 9762
internal_value=0 1.31548e-05 -4.64478e-05 -0.000367798 0.00229752 -0.000531761 -0.00146629 -0.000857427 0.000256458 -0.000256298 0.00075441 0.00253616 0.000793983 0.0018763
internal_weight=0 10339.4 10073.1 4951.82 266.9 4684.92 1217.09 971.379 5121.29 2484.9 2636.4 450.804 1020.27 579.676
internal_count=140938 138712 134822 72076 4220 67856 17451 13788 62746 30932 31814 5347 20188 11370
is_linear=0
shrinkage=0.0101079


Tree=239
num_leaves=15
num_cat=0
split_feature=23 11 29 3 16 16 21 30 15 2 13 18 5 27
split_gain=8.00342 7.30539 11.1117 8.13649 23.9003 20.3223 29.5537 23.2285 33.6262 30.9945 20.4809 25.4679 19.5973 16.8195
threshold=2.190882802009583 0.0084300548769533652 0.87837970256805431 0.6626533865928651 0.15510571002960208 0.76611873507499706 3.2063937187194829 1.0000000180025095e-35 22.135215759277347 1.102907180786133 0.06374381855130197 88.500000000000014 -4.373703956604003 0.054511256515979774
decision_type=2 2 2 2 2 2 2 2 2 2 2 2 2 2
left_child=1 2 -1 4 12 -6 -7 8 -8 -10 11 -9 13 -3
right_child=-2 3 -4 -5 5 6 7 10 9 -11 -12 -13 -14 -15
leaf_value=0.00016569345013811628 0.0013393866258481176 0.0025887478369184059 0.0032250389670557609 -0.00061468389073717378 -0.00065180659365560666 0.0050895071203786385 -0.0017706078267039171 0.0010681261146918807 -0.00095405330931181082 0.0048867734288577241 -0.00056767649997038728 0.0063394614899266663 0.0027913592816329286 -0.0025344969959893281
leaf_weight=640.32773859146982 410.32281812652946 94.720957025885582 153.06830104906112 2888.1117369877174 3636.3160966765136 133.59447974339128 795.68198180198669 302.92098897974938 166.23930524103343 174.57269659638405 231.15016230382025 149.73334202729166 526.91273315064609 162.33796133846045
leaf_count=8795 4913 1236 2124 40202 49965 1611 8928 3551 2733 2225 2838 1711 7647 2303
internal_value=0 -8.61545e-05 0.00083159 -0.000169756 2.59867e-05 -0.000200067 0.000619266 0.000249152 -0.000609935 0.00196305 0.00172651 0.00297602 0.00167544 -0.000473471
internal_weight=0 10055.7 793.396 9262.29 6374.18 5590.21 1953.89 1820.3 1136.49 340.812 683.804 452.654 783.972 257.059
internal_count=140782 135869 10919 124950 84748 73562 23597 21986 13886 4958 8100 5262 11186 3539
is_linear=0
shrinkage=0.0101079


Tree=240
num_leaves=15
num_cat=0
split_feature=9 13 17 2 0 6 20 2 6 28 13 27 14 17
split_gain=7.20309 12.4174 9.3172 15.0102 14.6734 13.3684 12.8554 13.9131 8.35787 8.18119 11.3252 8.77005 16.1495 22.1987
threshold=0.11682016775012018 -0.089315064251422868 13.500000000000002 1.3064054250717165 1.060299336910248 -0.90374410152435292 0.62341064214706432 1.0536408424377444 9.0089292526245135 -0.71473535895347584 -0.057939089834690087 0.88186877965927135 -8.3233361244201642 42.500000000000007
decision_type=2 2 2 2 2 2 2 2 2 2 2 2 2 2
left_child=1 -1 6 -4 8 -6 -3 -8 -5 10 -2 -11 13 -13
right_child=9 2 3 4 5 -7 7 -9 -10 11 -12 12 -14 -15
leaf_value=0.003444698823552255 -0.0026176284542574527 0.0043995835191244573 0.00049399052212447834 -0.0029606006509736954 0.002137572515038242 -0.0016901666778978304 -0.0008957275058969139 0.002371475012539525 0 -0.00060157938854453713 0.00063763523485508514 -0.0036681525870751706 0.0014551965383359804 0.00058883667087240865
leaf_weight=127.10574553348124 105.34210954234004 114.5000211969018 2078.5995726054534 372.86847859062254 199.04091240093112 155.26292972266674 264.72020362131298 236.63562610372901 100.00000279396772 3838.37213258259 1723.1298656407744 184.3364543505013 649.72848277166486 321.8781600613147
leaf_count=1511 1440 1477 28338 5511 2737 2064 3313 2970 1474 52860 22108 2667 7902 4565
internal_value=0 0.000405437 0.000277054 2.21882e-05 -0.00110857 0.000348018 0.00139963 0.000579234 -0.00227241 -0.000149166 0.000417934 -0.000365204 0.000383685 -0.000913978
internal_weight=0 3648.73 3521.63 2905.77 827.172 354.304 615.856 501.356 472.868 6822.79 1828.47 4994.32 1155.94 506.215
internal_count=140937 49395 47884 40124 11786 4801 7760 6283 6985 91542 23548 67994 15134 7232
is_linear=0
shrinkage=0.0101079


Tree=241
num_leaves=15
num_cat=0
split_feature=29 28 17 13 12 12 29 3 6 16 0 13 14 22
split_gain=7.98377 10.6085 12.7 20.5012 16.3889 15.8856 11.5653 16.2798 26.0068 26.1631 21.6317 18.0535 16.1533 14.9982
threshold=-0.60785761475563038 0.47136868536472326 16.500000000000004 0.031995112076401717 0.051828522235155113 0.065654482692480101 0.87837970256805431 0.67501461505889904 -5.0899882316589347 0.74362969398498546 0.7122740149497987 -0.03113507945090532 -13.236884593963621 -0.31368923187255854
decision_type=2 2 2 2 2 2 2 2 2 2 2 2 2 2
left_child=-1 6 3 -3 -4 -5 7 8 12 13 -11 -9 -2 -10
right_child=1 2 4 5 -6 -7 -8 11 9 10 -12 -13 -14 -15
leaf_value=0.0021968647318127742 0.0034859239723301666 0.001955831724324811 -0.00055127077557293885 -0.0037633593827190183 -0.0030631610666537212 0.00088658005984339954 0.00095620778875884528 -0.0034684942230386604 -0.0016714109869795627 0.0040261043165455354 0.00049195587507954743 -0.00041143613702974383 -0.00022234030828355145 1.158901766590003e-05
leaf_weight=157.18353567644954 381.47632067464292 442.30358737148345 1993.3221896653995 143.91570938564837 315.31786362454295 122.70491977408528 1479.1210449989885 224.96506443619728 889.70195358805358 218.09958718903363 1023.248260051012 1700.5134090725332 143.76460281945765 1244.4801974724978
leaf_count=1874 5119 6150 28522 1538 4477 1539 19535 3463 12111 2877 12038 22846 2058 16835
internal_value=0 -4.46344e-05 -0.000551069 0.000593426 -0.000920796 -0.00151057 0.000159373 -3.69652e-05 0.000331057 0 0.00116613 -0.000801845 0.00240628 -0.000674571
internal_weight=0 10322.9 3017.56 708.924 2308.64 266.621 7305.37 5826.25 3900.77 3375.53 1241.35 1925.48 525.241 2134.18
internal_count=140982 139108 42226 9227 32999 3077 96882 77347 51038 43861 14915 26309 7177 28946
is_linear=0
shrinkage=0.0101079


Tree=242
num_leaves=15
num_cat=0
split_feature=16 10 13 1 3 12 11 4 5 27 14 14 16 13
split_gain=6.75771 20.9906 17.4879 16.147 11.1663 19.8433 12.5741 15.1206 12.3997 10.9798 9.44719 9.35321 22.7912 18.9122
threshold=0.15510571002960208 0.2146493345499039 -0.018358848989009854 1.4279931187629702 0.64721176028251659 -0.043224057182669633 0.15897106379270556 -0.2089976295828819 -3.1547313928604122 0.47136868536472326 -15.853738784790037 -10.154578208923338 0.41712655127048498 1.0000000180025095e-35
decision_type=2 2 2 2 2 2 2 2 2 2 2 2 2 2
left_child=1 4 3 -2 5 6 7 -1 -7 -3 -4 12 -12 -13
right_child=2 9 10 -5 -6 8 -8 -9 -10 -11 11 13 -14 -15
leaf_value=0.0074035653185656547 -0.0012953852856240993 -4.3065930833935722e-06 0.0030779449846153333 0.0014261885547827069 -1.6630208673995321e-05 -0.0021567247246455281 0.00040256288450871028 0.0013295402699805381 0.00174552657802281 -0.0039027170166015253 0.00013741326064870595 0.0014255234602761099 -0.0035272573066636665 -2.1912254759122062e-05
leaf_weight=136.48695183359087 1693.5253053084016 267.77090478129685 103.55000434815884 236.25421226769686 302.18789584562182 111.53073202632368 96.73780264519155 90.751661336049438 244.65559404157102 107.184231441468 542.61807528138161 1099.802091319114 234.4405467454344 5213.3081126417965
leaf_count=2098 24253 3635 1718 3489 4722 1627 948 1383 3655 1455 7792 14756 3771 65614
internal_value=0 0.000680073 -8.17628e-05 -0.000936986 0.0014733 0.00218697 0.00398305 0.00527226 0.000392709 -0.00128018 0.000142785 9.0948e-05 -0.000940171 0.000225254
internal_weight=0 1357.31 9123.5 1929.78 982.351 680.163 323.976 227.239 356.186 374.955 7193.72 7090.17 777.059 6313.11
internal_count=140916 19523 121393 27742 14433 9711 4429 3481 5282 5090 93651 91933 11563 80370
is_linear=0
shrinkage=0.0101079


Tree=243
num_leaves=15
num_cat=0
split_feature=23 9 6 20 11 11 0 33 6 0 13 12 27 23
split_gain=7.72241 9.21283 11.4685 14.4054 9.38863 16.3373 10.5911 19.024 8.99499 8.7807 12.4433 13.4006 12.1143 13.6746
threshold=1.5202746987342837 0.11959556117653848 -11.251734256744383 -3.1462768316268916 0.02410222310572863 0.040783941745758064 0.98362800478935253 1.0000000180025095e-35 2.879852414131165 1.1917126774787905 0.02643462456762791 -0.030131870880722996 -0.20576497167348859 0.8743998408317567
decision_type=2 2 2 2 2 2 2 10 2 2 2 2 2 2
left_child=1 9 -3 -4 -5 -6 -7 -8 -9 12 11 -11 13 -1
right_child=-2 2 3 4 5 6 7 8 -10 10 -12 -13 -14 -15
leaf_value=-0.0019136749616253724 0.00067579753997619755 -0.0025148378255474791 0.0010325408092447116 0.00031752655056193387 -0.0021010901879770436 2.0231240173738787e-05 0.00042209607434859521 -0.0043377291280512313 -0.0012855529917614804 0.00018111323855482815 -0.00071926747532926618 0.0054347433198974442 0.00054282045954087796 0.00063785789644537152
leaf_weight=516.60939464438707 1492.9128360338509 237.21771206520498 744.56239162757993 1124.837744968012 705.09026111941785 2029.5580792408437 355.09180688858032 188.82619033753872 335.27305997908115 109.95189646445215 103.15371658280492 119.51598940417171 2101.3570374362171 327.27940243668854
leaf_count=7822 18882 3442 10347 15262 9584 27777 7293 1340 2430 1507 1345 1720 27878 4473
internal_value=0 -0.000107302 -0.000355299 -0.00025113 -0.000462695 -0.000716886 -0.000362843 -0.00128538 -0.00250786 0.00031299 0.00185929 0.00317509 0.00012029 -0.000879724
internal_weight=0 8998.32 5720.46 5483.24 4738.68 3613.84 2908.75 879.191 524.099 3277.87 332.622 229.468 2945.25 843.889
internal_count=141102 122220 77475 74033 63686 48424 38840 11063 3770 44745 4572 3227 40173 12295
is_linear=0
shrinkage=0.0101079


Tree=244
num_leaves=15
num_cat=0
split_feature=21 13 6 20 23 29 13 16 12 27 23 15 13 15
split_gain=7.3054 15.8232 13.0571 10.6269 9.9435 10.0265 7.78918 15.6703 7.61097 17.1813 16.9796 8.84569 15.6318 17.4622
threshold=-15.086265563964842 -0.089315064251422868 -3.2670578956603999 -9.1576433181762678 0.38635587692260748 -0.60785761475563038 0.024646710604429248 0.47848832607269293 -0.1176495887339115 -0.49049438536167139 0.97502863407135021 3.3625049591064458 -0.018358848989009854 13.224155902862551
decision_type=2 2 2 2 2 2 2 2 2 2 2 2 2 2
left_child=3 2 -2 -1 6 -6 7 -3 9 10 -7 -10 13 -13
right_child=1 4 -4 -5 5 8 -8 -9 11 -11 -12 12 -14 -15
leaf_value=4.5812156637630486e-05 0.004668820508746333 0 0 -0.0041304205594882805 0.0026180518256258248 -0.0064783399874045466 0 -0.005668678514480878 0.00092082813698184899 0.0012478039388817614 -0.00073002865022169265 -0.0012780947040005276 0.00014535301382573572 0.0030181507552219846
leaf_weight=105.42855842784047 127.73103072494268 111.32791213132441 124.04896569997072 99.227693282067776 142.55680676363409 85.969709660857916 122.03024843335152 98.660005363635719 1040.3651511389762 138.8118971157819 169.88988118804991 1445.0174876376987 6583.8336861990392 91.39491961710155
leaf_count=1428 1227 1674 1654 1356 1665 1445 1443 1196 15407 2078 2382 21043 85647 1339
internal_value=0 2.9659e-05 0.00249636 -0.00186397 -3.0079e-05 2.53283e-05 -0.0017319 -0.00288761 -1.11767e-05 -0.0013752 -0.00294689 4.4269e-05 -6.38122e-05 -0.000982644
internal_weight=0 10281.6 251.78 204.656 10029.9 9697.84 332.018 209.988 9555.28 394.671 255.86 9160.61 8120.25 1536.41
internal_count=140984 138200 2881 2784 135319 131006 4313 2870 129341 5905 3827 123436 108029 22382
is_linear=0
shrinkage=0.0101079


Tree=245
num_leaves=15
num_cat=0
split_feature=23 15 11 2 20 6 10 2 15 3 7 10 29 14
split_gain=9.34763 14.6497 10.7091 9.6472 13.1811 10.9481 9.78468 11.0957 7.63407 13.2921 14.2647 13.6483 11.5235 13.5588
threshold=0.39684779942035681 6.2896611690521249 0.042817944660782821 4.4996695518493661 -9.8715405464172346 -9.8139400482177717 0.22710675746202472 2.6427137851715092 3.1763534545898442 0.58463549613952648 -23.165575027465817 0.10616834089159967 -0.60785761475563038 -7.1301894187927237
decision_type=2 2 2 2 2 2 2 2 2 2 2 2 2 2
left_child=1 -1 -3 4 -2 6 7 -6 9 10 -7 -11 -10 -14
right_child=3 2 -4 -5 5 8 -8 -9 12 11 -12 -13 13 -15
leaf_value=0.0013862153799344187 0.0032378464745991052 -0.0052898247251749412 -0.00088564223097618779 -0.0023578853330242316 -0.0014767292515839002 -0.0012128199278324688 -0.0030770441097105615 0.002547579910399072 0.0030482319922201999 0.0017690681304133326 0.0027920646316513423 -0.0018774869623037239 -0.00047200033911762253 0.00035805406674431039
leaf_weight=107.27047626674175 130.24229021929204 103.53414012119174 181.60766137950122 153.49684140458703 209.54453911818564 92.600493116304278 196.74898078106344 94.274340104311705 122.05380462296307 167.86658017337322 458.04460334591568 241.38449869677424 3448.0679206466302 4794.7986739948392
leaf_count=1480 1673 1502 2049 2234 3363 1104 2821 1251 1403 2545 7044 3309 50104 59470
internal_value=0 -0.00149076 -0.00271933 8.3163e-05 0.000126642 7.88005e-05 -0.00135771 -6.61335e-05 0.000161301 0.00101401 0.00203866 -0.000279593 5.77783e-05 5.81052e-06
internal_weight=0 392.412 285.142 10109.1 9955.63 9825.38 500.568 303.819 9324.82 959.896 550.645 409.251 8364.92 8242.87
internal_count=141352 5031 3551 136321 134087 132414 7435 4614 124979 14002 8148 5854 110977 109574
is_linear=0
shrinkage=0.0101079


Tree=246
num_leaves=15
num_cat=0
split_feature=14 29 17 16 30 27 11 23 32 27 29 8 18 23
split_gain=7.05669 14.5306 17.3654 16.475 17.7401 21.1876 16.7456 16.24 15.3448 13.7145 14.8874 11.6385 11.6299 17.1063
threshold=-7.1301894187927237 -1.0000000180025095e-35 64.500000000000014 0.43484169244766241 -0.56174489110708226 0.37256073951721197 0.10719168558716775 0.48501144349575048 1.0000000180025095e-35 -0.71473535895347584 0.87837970256805431 0.81639868021011364 7.5000000000000009 0.919905185699463
decision_type=2 2 2 2 2 2 2 2 2 2 2 2 2 2
left_child=1 2 8 4 5 6 -3 -5 -1 10 -6 -12 -4 -14
right_child=-2 3 12 7 9 -7 -8 -9 -10 -11 11 -13 13 -15
leaf_value=-0.0018648661967968991 0.0003156955363316191 0.0012297393774626283 0 -0.0056078436511637925 -0.0022274318342836242 -0.0034747119083079025 -0.0029964185950168407 -0.001086185186385126 0.0016262511291492477 0.00075823646291411201 -0.00072360817482816284 0.0035524241774749035 0.0013921292497746181 0.0064823798968774715
leaf_weight=301.93768550083041 5137.8797793267295 313.89281907118857 139.21986278891563 88.140694811940193 375.27255557384342 302.80421536229551 128.76490779593587 1054.0748752290383 204.92938697710633 1872.6725795380771 142.82903651893139 95.534423943608999 244.24592371378094 109.49494137056172
leaf_count=4677 63528 5164 1900 1479 5869 4588 1683 15379 2680 25672 2012 1287 3587 1637
internal_value=0 -0.000206468 0.000874721 -0.000463947 -8.07405e-05 -0.00145 0 -0.00150523 -0.000371486 0.000316744 -0.000958165 0.000882612 0.00222311 0.00318344
internal_weight=0 5373.81 999.828 4373.99 3231.77 745.462 442.658 1142.22 506.867 2486.31 613.636 238.363 492.961 353.741
internal_count=141142 77614 14481 63133 46275 11435 6847 16858 7357 34840 9168 3299 7124 5224
is_linear=0
shrinkage=0.0101079


Tree=247
num_leaves=15
num_cat=0
split_feature=2 2 21 13 15 14 29 23 27 3 28 29 14 23
split_gain=8.08209 13.9347 7.04341 9.17813 13.7309 8.91437 8.33621 12.1181 21.4022 13.228 19.1012 18.3372 7.34881 17.843
threshold=4.4996695518493661 3.1709257364273076 -15.086265563964842 -0.089315064251422868 3.8101762533187871 -24.7780647277832 -0.60785761475563038 0.52904817461967479 -0.49049438536167139 0.60877084732055675 0.56457334756851207 0.6078576147556306 -20.391721725463864 0.93774163722991954
decision_type=2 2 2 2 2 2 2 2 2 2 2 2 2 2
left_child=1 2 -1 4 -4 -5 -7 8 -8 10 -10 -11 13 -9
right_child=-2 -3 3 5 -6 6 7 12 9 11 -12 -13 -14 -15
leaf_value=-0.0025985644546636932 -0.0022825823871951349 0.0022747218337514775 0.0040859111386060878 -0.0028982136202311149 -0.00040440498857600028 0.0023242303720635935 -0.0056204275182844552 -0.00063466386111281988 0.0014345108629950833 0.0044218156767536409 -0.0023496101440618976 -0.0010352788448689063 -5.1832623394955455e-06 0.0039694621576998775
leaf_weight=101.72832484543324 151.30984573811293 263.81842627748847 128.98941904306412 104.89269736222923 109.82549271918833 142.85481269471347 92.274716037325561 155.10835185460746 167.30581212230027 105.64304749667645 492.91376533545554 117.31074785068631 8191.669355019927 152.79539173096418
leaf_count=1381 2224 3844 1371 1519 1442 1635 1553 2289 2586 1586 6686 1645 108872 2391
internal_value=0 1.18115e-05 -4.51703e-05 -1.3063e-05 0.00190802 -6.58711e-05 -2.85005e-05 -7.00856e-05 -0.00113432 -0.000576003 -0.0013246 0.00143562 4.8198e-05 0.00156251
internal_weight=0 10327.1 10063.3 9961.58 238.815 9722.77 9617.88 9475.02 975.448 883.173 660.22 222.954 8499.57 307.904
internal_count=141024 138800 134956 133575 2813 130762 129243 127608 14056 12503 9272 3231 113552 4680
is_linear=0
shrinkage=0.0101079


Tree=248
num_leaves=15
num_cat=0
split_feature=2 2 12 7 16 3 5 0 12 14 7 10 0 15
split_gain=7.62237 13.3698 7.10129 6.68877 8.35127 24.3125 18.2083 14.8135 14.5367 12.008 13.9707 18.8573 12.3284 12.0079
threshold=4.4996695518493661 2.9749344587326054 -0.1692184507846832 -26.796333312988278 0.13028623908758166 0.64721176028251659 -4.373703956604003 1.0344400405883791 -0.043224057182669633 -7.4560420513153067 0.4778373539447785 0.1441653519868851 0.59177720546722423 6.3613920211792001
decision_type=2 2 2 2 2 2 2 2 2 2 2 2 2 2
left_child=1 3 -3 -1 5 6 7 -5 -8 12 11 -11 -6 -12
right_child=-2 2 -4 4 9 -7 8 -9 -10 10 13 -13 -14 -15
leaf_value=-0.0025060004719265586 -0.0022286761755145905 0 0.0029377977917949541 -0.0029930424848491071 -0.0019621558035645931 -0.0011295749681711378 0.0056458782795453365 0.0023251974132335695 0.0012687954045611128 0.00063551186224606768 0.0031598449784244445 0.0046334039337038732 -0.00027780131508973939 -0.00011535636212656002
leaf_weight=102.26970838569105 146.06804468482733 112.81037533469498 235.69338707253337 96.0460494607687 525.38336520921439 338.84125973284245 175.35505867004395 100.79627655446529 197.17560409009457 767.61289286240935 109.85711223632097 145.80045567080379 3319.9722313601524 4099.6451632902026
leaf_count=1190 2164 1587 3429 1454 8924 5185 2430 1393 2982 9417 1270 1644 47329 50524
internal_value=0 3.85522e-05 0.00196458 -2.61081e-05 0 0.000920919 0.00221018 -8.65507e-05 0.00350766 -9.23285e-05 0.000222499 0.00135074 -0.000521873 -1.47145e-05
internal_weight=0 10327.3 348.504 9978.76 9876.49 908.214 569.373 196.842 372.531 8968.27 5122.92 913.413 3845.36 4209.5
internal_count=140922 138758 5016 133742 132552 13444 8259 2847 5412 119108 62855 11061 56253 51794
is_linear=0
shrinkage=0.0101079


Tree=249
num_leaves=15
num_cat=0
split_feature=9 21 17 7 0 21 28 9 11 3 0 0 28 18
split_gain=8.77109 7.75162 9.64478 14.3764 7.18775 8.31978 7.07385 6.97235 6.41483 13.5083 7.92408 6.88646 12.4316 8.5446
threshold=0.080241166055202498 -11.198961734771727 18.500000000000004 1.3687771558761599 1.7803847789764407 -15.086265563964842 -0.99275061488151539 0.24645626544952395 0.12250369414687158 0.34503790736198431 0.80097222328186046 1.0180556178092959 0.88186877965927135 11.500000000000002
decision_type=2 2 2 2 2 2 2 2 2 2 2 2 2 2
left_child=1 -1 3 -3 5 -2 7 -7 9 -4 -10 12 -11 -13
right_child=4 2 8 -5 -6 6 -8 -9 10 11 -12 13 -14 -15
leaf_value=0.0033303749910106252 -0.0027854654013121784 0.0034635141029890257 0.0022161504927953081 0.00012489709961333267 0.00090707385873836589 0 -0.00023214260405821538 0.0028599232041854818 -0.0034295893418510599 -0.0014046479881303308 0.00012227967823858922 -0.00151209499766823 0.0013066569367135811 0.0015612918848678364
leaf_weight=96.392628129571676 120.15017319656909 233.69282262772322 295.60953801870346 351.36372025124729 624.4343967884779 181.16285812482238 6863.9994197804481 144.39477777294815 106.05900604836643 653.27750062104315 99.948388068005443 102.93273744732141 213.19074509292841 375.45737163349986
leaf_count=1267 1701 3030 4363 4419 8153 2396 92540 1786 1417 9098 1361 1407 2985 5027
internal_value=0 0.000565952 0.000429681 0.00155422 -0.00011542 -0.000209157 -0.000157567 0.00126253 4.6596e-05 0.000281023 -0.00157396 -0.000124494 -0.000685627 0.00080332
internal_weight=0 2527.92 2431.53 585.057 7934.14 7309.71 7189.56 325.558 1846.48 1640.47 206.007 1344.86 866.468 478.39
internal_count=140950 34374 33107 7449 106576 98423 96722 4182 25658 22880 2778 18517 12083 6434
is_linear=0
shrinkage=0.0101079


Tree=250
num_leaves=15
num_cat=0
split_feature=9 28 27 15 21 17 29 7 29 2 12 16 29 15
split_gain=7.7721 6.20107 16.6049 14.1154 19.9157 17.5847 12.0065 12.3733 11.2784 11.269 13.7519 9.38181 8.62636 14.0527
threshold=0.064389906823635115 0.43245348334312445 -0.49049438536167139 12.049458980560305 1.1633201241493227 49.500000000000007 1.0000000180025095e-35 -0.36523912847042078 1.0000000180025095e-35 0.51932117342948925 -0.068692598491907106 0.47848832607269293 0.87837970256805431 12.927700519561769
decision_type=2 2 2 2 2 2 2 2 2 2 2 2 2 2
left_child=-1 12 8 4 6 -6 7 -4 -3 -8 -11 -12 -2 -14
right_child=1 2 3 -5 5 -7 9 -9 -10 10 11 -13 13 -15
leaf_value=0.0005828813558451751 -0.00011863922800088952 -1.841042276614911e-05 1.7645544659966611e-05 -0.0011662183876890138 0.0050353904373271448 0 0.0011928854366648335 0.0039112953494805638 -0.0033838908960395235 0.0013415330892272103 -0.0034215424243734952 0 0.001625435075373702 -0.00067563379701922734
leaf_weight=2049.3964598895982 4581.247229559347 189.02755574975163 328.42028687894344 822.22546239383519 156.7540945764631 100.33310618810356 158.53446619957685 115.21055581793189 300.27665437106043 96.099518457427621 309.07584295421839 89.034495362080634 789.78743468411267 376.00127216987312
leaf_count=27825 60783 2825 4636 10676 1922 1383 2100 1380 4776 1403 4638 1194 10388 4946
internal_value=0 -0.000109311 -0.000513502 -0.000112604 0.000500661 0.00299305 -6.37428e-05 0.00116762 -0.00218549 -0.000965774 -0.00174655 -0.002603 7.15141e-05 0.000849192
internal_weight=0 8412.03 2664.99 2175.69 1353.46 257.087 1096.38 443.631 489.304 652.744 494.21 398.11 5747.04 1165.79
internal_count=140875 113050 36933 29332 18656 3305 15351 6016 7601 9335 7235 5832 76117 15334
is_linear=0
shrinkage=0.0101079


Tree=251
num_leaves=15
num_cat=0
split_feature=9 2 17 20 4 23 27 5 23 30 13 2 33 3
split_gain=7.91056 6.99207 8.05301 8.24384 7.48936 6.37347 7.90791 11.4681 19.1283 11.3131 17.3821 14.4131 14.3968 13.5388
threshold=0.064389906823635115 1.3064054250717165 13.500000000000002 -1.6163198947906492 0.65824809670448314 2.2445715665817265 -0.11969653144478797 4.2785625457763681 0.78038206696510326 -0.56174489110708226 0.013495931867510082 0.59048122167587291 0.99472221732139599 0.39615039527416235
decision_type=2 2 2 2 2 2 2 2 2 2 2 2 10 2
left_child=1 -1 -3 -4 -5 6 -2 9 -9 10 11 12 -8 -13
right_child=5 2 3 4 -6 -7 7 8 -10 -11 -12 13 -14 -15
leaf_value=0.00095817757796689662 -0.00056981994002625416 0.0021463080727232879 0.00041565911875876202 -0.0032054566600933881 0 0.0012254620301357915 -0.00090087211122314153 0.0039831771359350489 0.00019070895467030452 0.00026672600097833607 0.00039832891954699008 0.0010534715772603941 -0.0063214103401440279 -0.0019062777513909196
leaf_weight=1459.1026086062193 3248.2429809458554 98.136733155697584 225.33668243139982 182.53077226690948 94.03637851588428 328.9199153650552 121.28706754650921 185.0145626552403 552.70346201956272 2567.1703865500167 639.72494844719768 219.42749838531017 119.19703306257725 438.0446903090924
leaf_count=19554 45225 1241 3233 2508 1302 3896 2522 2473 6933 33258 8281 3342 987 6181
internal_value=0 0.000575051 -0.000290277 -0.000871195 -0.00204518 -0.000122311 -0.000183207 6.82591e-05 0.00122722 -0.000132071 -0.000822101 -0.00173231 -0.00386262 -0.000856835
internal_weight=0 2059.14 600.041 501.904 276.567 8419.73 8090.81 4842.57 737.718 4104.85 1537.68 897.956 240.484 657.472
internal_count=140936 27838 8284 7043 3810 113098 109202 63977 9406 54571 21313 13032 3509 9523
is_linear=0
shrinkage=0.0101079


Tree=252
num_leaves=15
num_cat=0
split_feature=14 7 12 16 0 7 33 13 2 7 6 22 21 16
split_gain=6.48021 17.2173 15.2447 14.7685 24.7303 19.7232 36.9788 13.3104 12.1827 19.2121 11.9358 11.6121 16.3401 23.515
threshold=-7.1301894187927237 1.0000000180025095e-35 0.068002779036760344 0.4302449375391007 0.54242739081382763 0.36105559766292578 0.99611112475395214 0.0117440945468843 0.50824126601219188 -11.208614826202391 -3.4889063835144039 -0.055200031027197831 -4.9053339958190909 0.36930689215660101
decision_type=2 2 2 2 2 2 10 2 2 2 2 2 2 2
left_child=3 2 7 5 -5 8 -7 -2 9 -1 -3 12 -10 -14
right_child=1 10 -4 4 -6 6 -8 -9 11 -11 -12 -13 13 -15
leaf_value=-0.0012006779923234036 0.00016526892410072115 0.0030961231031206645 0.0051019169291219336 -0.0053636266891110363 -0.00067346267865588051 -0.00049924388786981523 0.0051370240882428102 0.0040428390669037815 -5.1913757031711274e-06 0.0042113030819175201 -8.6634605078928623e-05 0.00032729751678345657 -0.0029006992966275889 0.0009768075731519661
leaf_weight=97.436490839347243 517.9943510144949 116.21930883079767 109.63229729048908 123.15309115685523 1355.1720078000799 240.84220283105969 205.31837110966444 109.4604650195688 1035.0493102371693 147.08360305521637 4286.3121955059469 1330.7705040741712 629.82283730898052 190.52132819686085
leaf_count=1629 6362 1517 1281 2282 19184 4987 1558 1221 15128 2286 53187 18494 9346 2711
internal_value=0 0.00024304 0.00166442 -0.000258701 -0.00111698 5.9705e-05 0.00204804 0.000945943 -0.000191071 0.00192306 0 -0.000370207 -0.000891518 -0.00195055
internal_weight=0 5139.62 737.087 5355.17 1478.33 3876.84 446.161 627.455 3430.68 244.52 4402.53 3186.16 1855.39 820.344
internal_count=141173 63568 8864 77605 21466 56139 6545 7583 49594 3915 54704 45679 27185 12057
is_linear=0
shrinkage=0.0101079


Tree=253
num_leaves=15
num_cat=0
split_feature=23 2 20 21 13 30 6 29 15 14 3 21 3 28
split_gain=9.51002 8.0511 7.55791 10.8844 19.9032 20.2774 11.113 14.3275 12.6532 13.7444 18.6355 32.8017 14.6265 21.958
threshold=2.2445715665817265 2.3644727468490605 -9.8715405464172346 -15.086265563964842 -0.089315064251422868 -0.56174489110708226 -8.9358034133911115 -0.60785761475563038 3.3625049591064458 -7.3916492462158194 0.8689478635787965 -1.5310364365577696 0.36176167428493505 -0.41268247365951533
decision_type=2 2 2 2 2 2 2 2 2 2 2 2 2 2
left_child=2 -2 -1 -4 5 -5 -6 -8 -9 10 12 -12 -10 -14
right_child=1 -3 3 4 6 -7 7 8 9 -11 11 -13 13 -15
leaf_value=0.0023516932141989331 0.0025267970882642634 -0.00043791807804235505 -0.0032461537225251646 -0.00012595571194617763 -0.0015614910940977471 0.005290787327767138 0.0030694562580615321 0.0010246112915466322 3.2771652814868937e-05 5.967828667796514e-05 0.0052873767779724355 -0.0019522832383716934 -0.00021466095932465512 -0.002434110378115938
leaf_weight=118.77059048786759 258.49933646433055 109.13369004614651 105.84424724988639 113.60045374371111 541.30267290584743 132.48487027175725 137.32571889460087 858.98409455828369 847.58304382581264 5073.4515185831115 126.32889199256897 106.13416597247124 838.06319577433169 1121.3608627868816
leaf_count=1613 2990 1382 1470 1176 8173 1655 1560 12957 12532 63230 1897 1702 11824 16851
internal_value=0 0.00154778 -8.89032e-05 -0.0001237 -8.37405e-05 0.00270207 -0.00016105 -7.21511e-05 -0.000127315 -0.000255115 -0.000792689 0.00185635 -0.0010309 -0.00150994
internal_weight=0 367.633 10121.2 10002.5 9896.62 246.085 9650.53 9109.23 8971.91 8112.92 3039.47 232.463 2807.01 1959.42
internal_count=141012 4372 136640 135027 133557 2831 130726 122553 120993 108036 44806 3599 41207 28675
is_linear=0
shrinkage=0.0101079


Tree=254
num_leaves=15
num_cat=0
split_feature=2 2 23 6 15 20 29 0 28 6 14 3 3 28
split_gain=8.12153 11.8064 9.96884 9.7707 13.756 15.1289 13.224 10.2372 10.257 9.84827 13.8908 12.2988 16.0761 16.9656
threshold=4.4996695518493661 2.9749344587326054 2.2445715665817265 -9.8139400482177717 3.3625049591064458 -1.6163198947906492 -0.60785761475563038 1.5359037518501284 0.69930991530418407 -7.1363477706909171 -7.4560420513153067 0.8689478635787965 0.37188361585140234 -0.41268247365951533
decision_type=2 2 2 2 2 2 2 2 2 2 2 2 2 2
left_child=1 2 3 7 5 -5 -6 8 -1 -8 11 12 -11 -14
right_child=-2 -3 -4 4 6 -7 9 -9 -10 10 -12 -13 13 -15
leaf_value=-0.0034078602902869706 -0.0022883666623771406 0.0018541721385065455 0.0017348862751651072 0.00030537437045819582 0.0029665765202973502 0.0031517266090374772 0.0018163560217943546 0.0011239752383813697 0.00018772980482452566 0 4.1679619498825656e-05 0.001645415395567708 -0.00035272926914914408 -0.0024469086580027285
leaf_weight=253.83467180747539 148.26297167874873 345.42932175286114 309.01813608966768 803.01011880859733 126.92071946337819 261.72050420939922 224.43047557398677 89.15655362047255 86.739457033574581 1008.1779110589996 4924.0499376030639 173.51297885924578 735.195172553882 1005.9808869864792
leaf_count=3942 2184 4962 3637 11573 1430 3937 3351 1314 1347 14626 60672 2728 10341 15081
internal_value=0 3.59746e-05 -2.41402e-05 -8.57164e-05 -1.15893e-05 0.00106025 -0.000156584 -0.00156287 -0.00239177 -0.000213464 -0.000278384 -0.000830108 -0.00100515 -0.00159122
internal_weight=0 10347.2 10001.7 9692.73 9263 1064.73 8198.27 429.731 340.574 8071.35 7846.92 2922.87 2749.35 1741.18
internal_count=141125 138941 133979 130342 123739 15510 108229 6603 5289 106799 103448 42776 40048 25422
is_linear=0
shrinkage=0.0101079


Tree=255
num_leaves=15
num_cat=0
split_feature=9 15 4 21 20 20 6 27 18 23 18 33 21 0
split_gain=7.44781 7.49663 11.6344 9.33696 21.7572 14.3532 10.9481 15.7561 12.2923 10.7399 9.08862 12.9447 7.13538 6.80933
threshold=0.064389906823635115 21.420234680175785 0.98076933622360241 6.1512567996978769 0.78449296951293956 4.3759174346923837 4.2931780815124521 0.47136868536472326 84.500000000000014 0.82946088910102855 81.500000000000014 0.90112781524658214 10.884473323822023 0.59177720546722423
decision_type=2 2 2 2 2 2 2 2 2 2 2 10 2 2
left_child=12 3 10 5 -5 13 -6 9 -9 -8 -3 -12 -1 -2
right_child=1 2 -4 4 6 -7 7 8 -10 -11 11 -13 -14 -15
leaf_value=0.00067877240971449661 -0.0010587540944307292 0.0010841893304347279 0.0019206145739273184 0.0028029835486422291 -0.004310969755798812 0.0022390987143635398 -0.0043946663938897882 -0.001043725914815091 0.0033260437378289836 -0.0010317605715872578 0.00027665851819212717 -0.004306001816630366 -0.0019274147310244744 -7.0096814640926942e-05
leaf_weight=1943.7044297950342 832.48416332621127 182.47841501608491 422.10808553174138 112.07635377906263 141.5514981970191 245.59469976089895 150.88956237398088 119.79254055395722 112.69646777398884 401.46617992967367 107.33802847005427 104.93343516439199 99.18763817474246 5504.1031846152619
leaf_count=26302 12647 2813 5674 1470 1585 3392 1818 1302 1381 5152 2288 803 1391 72861
internal_value=0 -0.000152674 0.000750863 -0.000255488 -0.00114673 -0.000107565 -0.00168693 -0.00112561 0.000944205 -0.00207012 -0.000412016 -0.00187538 0.000525782 -0.000207485
internal_weight=0 8437.51 816.858 7620.65 1038.47 6582.18 926.396 784.845 232.489 552.356 394.75 212.271 2042.89 6336.59
internal_count=140879 113186 11578 101608 12708 88900 11238 9653 2683 6970 5904 3091 27693 85508
is_linear=0
shrinkage=0.0101079


Tree=256
num_leaves=15
num_cat=0
split_feature=13 7 30 13 22 3 3 28 14 33 11 23 16 13
split_gain=8.56445 13.2146 38.0288 9.42774 13.7388 9.6381 13.3964 8.27802 16.4687 13.4527 16.0452 18.8924 17.4771 12.9494
threshold=-0.089315064251422868 -26.796333312988278 -0.56174489110708226 -0.057939089834690087 -0.33548066020011896 0.40836657583713537 0.28966398537158972 -0.71473535895347584 -15.35598850250244 0.99472221732139599 0.033771678805351264 1.0922050476074221 0.75482022762298595 1.0000000180025095e-35
decision_type=2 2 2 2 2 2 2 2 2 10 2 2 2 2
left_child=1 -1 -3 4 5 6 -2 8 -5 -10 13 12 -12 -11
right_child=3 2 -4 7 -6 -7 -8 -9 9 10 11 -13 -14 -15
leaf_value=-0.0010626764084726253 -0.0036428619051851389 -0.00082124600514607256 0.0070655978917638683 0.0025806334980118194 3.7123327779171295e-05 -0.0049608009658561117 0.0015696606975491782 -0.00022288067095448428 0.00095655361078198148 0.0026252022096242395 -0.0042487200259491379 0.00040935968389530566 -0.00029615904540454308 -0.00073261364076839615
leaf_weight=109.5038874335587 90.126330656930804 115.17453867197037 108.45355912856758 316.65601256303489 317.07808410562575 127.31341719813645 85.273469584994018 6868.6602119999006 1095.46580998227 226.45367081463337 284.77041231840849 323.8601751178503 228.43457971513271 202.91369614750147
leaf_count=1223 1375 1256 1431 4459 4843 2007 1297 93521 20752 1606 2112 2276 1620 1443
internal_value=0 0.00150804 0.00293549 -0.000116368 -0.00131837 -0.00283468 -0.000927664 -3.31067e-05 0.000437708 0.000125931 -0.000562198 -0.00139287 -0.00259726 0.000960586
internal_weight=0 333.132 223.628 10167 619.791 302.713 175.4 9547.21 2678.55 2361.9 1266.43 837.065 513.205 429.367
internal_count=141221 3910 2687 137311 9522 4679 2672 127789 34268 29809 9057 6008 3732 3049
is_linear=0
shrinkage=0.0101079


Tree=257
num_leaves=15
num_cat=0
split_feature=2 20 6 21 29 14 16 7 28 7 2 11 16 20
split_gain=7.15522 12.9309 9.83192 13.9602 13.0492 10.1329 16.9125 19.4997 14.8651 14.7508 15.6695 13.8251 15.5301 13.6102
threshold=4.4996695518493661 -9.8715405464172346 -9.3485760688781721 -10.651521205902098 -0.60785761475563038 -7.4560420513153067 0.4302449375391007 2.086965918540955 0.95032352209091198 1.3687771558761599 1.4096522331237795 0.028384436853230003 0.61637660861015331 -3.1462768316268916
decision_type=2 2 2 2 2 2 2 2 2 2 2 2 2 2
left_child=1 -1 -3 -4 -5 6 7 13 -8 10 -7 -11 -13 -6
right_child=-2 2 3 4 5 9 8 -9 -10 11 -12 12 -14 -15
leaf_value=0.0030625797043358953 -0.002152082031234479 -0.0012933885582766462 0.0026306670160571449 0.0029478606208682722 0.0010320058459215601 0.00079912074434885085 -0.0010236194364492987 0.0027292116695332631 -0.0051038499398861816 -0.0014924953255743311 0.0048198800402548571 0.0029569099499307159 1.9906560052525879e-05 -0.00067881105182474618
leaf_weight=132.6370156314224 150.54153504781425 583.97347532212734 201.57564492616802 142.29037587158382 604.5764371920377 955.39977084938437 1151.6578123224899 236.23123071715236 100.47419614996761 568.93081015907228 111.63426490314305 188.81843888107687 3392.6877177273855 1976.6588366897777
leaf_count=1693 2200 8637 2382 1653 8530 11496 16733 3473 1611 7380 1549 2344 41865 29669
internal_value=0 1.18463e-05 -2.60617e-05 4.75445e-05 -5.46761e-06 -5.74572e-05 -0.000438541 0 -0.00141211 0.000232241 0.00128871 -3.14917e-05 0.000191989 -0.000260599
internal_weight=0 10347.5 10214.9 9630.94 9429.36 9287.07 4069.6 2817.47 1252.13 5217.47 1067.03 4150.44 3581.51 2581.24
internal_count=141215 139015 137322 128685 126303 124650 60016 41672 18344 64634 13045 51589 44209 38199
is_linear=0
shrinkage=0.0101079


Tree=258
num_leaves=15
num_cat=0
split_feature=3 12 3 12 12 3 14 3 14 27 21 10 7 3
split_gain=6.67978 21.2263 20.4824 20.4535 13.2768 8.03744 7.87936 11.6323 6.57616 13.1253 15.6824 18.2422 14.1468 16.5364
threshold=0.34503790736198431 0.04219453968107701 0.29802863299846655 0.0064877222757786521 0.02074074745178223 0.3102222234010697 -5.6963040828704825 0.32519695162773138 -7.0697307586669913 0.9015902876853944 6.1512567996978769 0.11632669344544412 11.547125339508058 0.60298830270767223
decision_type=2 2 2 2 2 2 2 2 2 2 2 2 2 2
left_child=1 2 -1 6 -5 -3 7 -4 -2 10 11 -10 13 -11
right_child=8 5 3 4 -6 -7 -8 -9 9 12 -12 -13 -14 -15
leaf_value=7.7738422021202686e-05 -0.00040668490518043493 -0.0038545515366999205 0.003402539455980911 0.0076555112075750173 0.0021758036674127544 0 -0.0013343863694179081 -0.00059288693388071271 0 -0.0010074668357756441 -0.00085372879537292561 0.0022777819383621128 0.0040037211166311804 0.0033527986043307635
leaf_weight=1135.840076633729 4291.7243322497234 129.51975842006505 161.4216372705996 96.19341784529388 149.23244458250701 102.20543766207993 105.43617789447308 103.24661072343588 1712.8340831222013 250.31518719904125 1512.2198330964893 449.19125302694738 168.17883599549532 123.99939651601017
leaf_count=16696 61989 1767 2287 1235 2059 1327 1162 1528 20588 3001 19220 5225 1719 1340
internal_value=0 0.000524436 0.000923327 0.00239864 0.0046497 -0.00225448 0.000734904 0.00172227 -0.000125881 0.000150547 -5.67363e-05 0.000483093 0.00160938 0.000369064
internal_weight=0 1983.1 1751.37 615.53 245.426 231.725 370.104 264.668 8508.46 4216.74 3674.25 2162.03 542.493 374.315
internal_count=141143 28061 24967 8271 3294 3094 4977 3815 113082 51093 45033 25813 6060 4341
is_linear=0
shrinkage=0.0101079


Tree=259
num_leaves=15
num_cat=0
split_feature=10 8 21 13 6 11 29 33 13 21 12 0 21 30
split_gain=7.25314 14.8102 8.97693 13.9597 14.9101 7.84356 10.4947 8.99431 16.7609 18.1866 20.1127 16.6256 12.6108 20.9001
threshold=0.29891636967659002 -0.75443911552429188 -15.086265563964842 -0.089315064251422868 -3.2670578956603999 0.010470599401742222 0.87837970256805431 1.0000000180025095e-35 -0.063574783504009233 4.7977988719940194 0.056709183380007751 0.65591493248939525 5.7291629314422616 1.0000000180025095e-35
decision_type=2 2 2 2 2 2 2 10 2 2 2 2 2 2
left_child=2 -2 -1 4 -4 6 -5 11 -9 10 -10 12 -7 -14
right_child=1 -3 3 5 -6 7 -8 8 9 -11 -12 -13 13 -15
leaf_value=-0.002613000686416545 -0.0012740752739086442 0.003461868111394355 0.0046889364900428989 0.00018999418906175212 0 -0.0017599196339197426 0.0028393550853297173 -0.0033681638913989724 -0.00017921737429301674 -0.0012590126232125617 0.0024451220290568651 0.00050366001703144685 -0.0015644724757237734 0.0053069278003569156
leaf_weight=130.5309808626771 89.874464327469468 164.9497857093811 123.90277948975563 816.68497385270894 123.93821932002902 646.50284028612077 193.6743662878871 191.70122189074755 2815.1610706225038 1489.1096380129457 324.67230346798897 3203.2559769619256 91.930458396673203 68.762604307383299
leaf_count=1712 1359 2526 1191 11085 1639 14181 2705 1441 20944 10945 2429 65345 2040 1459
internal_value=0 0.00164876 -5.22675e-05 -1.31766e-05 0.00231455 -7.76567e-05 0.00075511 -0.000178085 -0.000474221 -0.000340291 8.45549e-05 0.000168023 -0.00110645 0.0012426
internal_weight=0 254.824 10219.8 10089.3 247.841 9841.46 1010.36 8831.1 4820.64 4628.94 3139.83 4010.45 807.196 160.693
internal_count=141001 3885 137116 135404 2830 132574 13790 118784 35759 34318 23373 83025 17680 3499
is_linear=0
shrinkage=0.0101079


Tree=260
num_leaves=15
num_cat=0
split_feature=7 13 30 0 2 30 13 16 11 5 9 16 15 12
split_gain=6.53469 16.1518 31.4462 7.04962 14.0012 11.2279 9.48509 11.8695 8.31192 7.29233 9.5831 12.6598 18.8777 16.3669
threshold=-28.77313137054443 -0.089315064251422868 -0.56174489110708226 0.52101463079452526 0.94282457232475292 1.0000000180025095e-35 -0.017335792072117325 0.71804502606391918 0.043856251984834678 2.1482501029968266 0.17755464464426043 0.72872292995452892 15.138106346130373 0.023384909145534042
decision_type=2 2 2 2 2 2 2 2 2 2 2 2 2 2
left_child=-1 2 -2 4 5 6 -3 -8 -7 10 11 12 -5 -13
right_child=1 3 -4 9 -6 8 7 -9 -10 -11 -12 13 -14 -15
leaf_value=-0.0025001702453062479 -0.00077701468110307848 -0.0041206610831282251 0.0059120072129936274 0.0004436148100316894 -0.0031701950131407522 -7.8266682799211268e-05 0.0020963713504148019 -0.0027730936586169781 0.0034826692699702535 -0.00033747376977843227 -0.00017292300723089889 0.0033049962153663594 -0.003635445417910132 0.00037606121920123249
leaf_weight=96.092264218255877 128.2061368804425 81.863597646355629 129.74348811432719 2537.8263246547431 203.77446145843714 104.94350496400148 104.67661789618433 85.880633173510432 111.51375748030841 3141.3674923945218 2804.7430085670203 362.62061221525073 112.49805406667292 493.53009235300124
leaf_count=1114 1365 1423 1688 35430 3387 1474 1617 1221 1615 41192 37793 4655 1630 5708
internal_value=0 4.64896e-05 0.00250815 -1.39495e-05 -0.000995631 0 -0.0014021 0 0.00163166 5.44491e-05 0.000256107 0.000610433 0.000245292 0.00168173
internal_weight=0 10403.2 257.95 10145.2 692.653 488.878 272.421 190.557 216.457 9452.59 6311.22 3506.48 2650.32 856.151
internal_count=141312 140198 3053 137145 10737 7350 4261 2838 3089 126408 85216 47423 37060 10363
is_linear=0
shrinkage=0.0101079


Tree=261
num_leaves=15
num_cat=0
split_feature=11 29 0 20 6 2 1 33 15 2 15 12 29 2
split_gain=8.06573 11.0108 7.4419 8.21646 15.3633 14.4217 12.4055 18.8843 11.4858 20.3287 11.9489 9.7431 32.6307 21.7482
threshold=0.0084300548769533652 0.87837970256805431 1.3853200674057009 -2.9563277959823604 -9.136466979980467 1.09033739566803 1.0543922781944277 0.99393379688262951 3.6121016740798955 0.50824126601219188 5.1457674503326425 0.0084806759841740149 0.6078576147556306 0.74769532680511486
decision_type=2 2 2 2 2 2 2 10 2 2 2 2 2 2
left_child=1 -1 3 4 -2 -6 7 -7 9 -5 -10 12 13 -12
right_child=2 -3 -4 8 5 6 -8 -9 10 -11 11 -13 -14 -15
leaf_value=0.00036451907876141574 -0.00085758689356476377 0.0034090469986692582 0.0006013868633009124 0.0052896327335815885 0 0.00092014049958487191 0 0.0066994790917937995 -0.0018509241491421334 0.00011534559953817521 0.0016033432457672647 2.8630000400296741e-05 -0.0023922421843180536 -0.0010392227037211129
leaf_weight=660.17050686106086 418.26128551084548 155.06256714463234 1605.9478832110763 89.586287146434188 358.29797060787678 135.67737484537065 119.64991741068661 131.8255765363574 542.91698514763266 476.66326309833676 587.90634238440543 3716.5211893413216 816.18281239829957 665.94423653930426
leaf_count=8951 6204 2169 20818 1348 5097 2778 1576 940 8035 7367 7689 47943 11113 9013
internal_value=0 0.00101907 -2.03289e-05 -0.000149686 0.000622512 0.00150703 0.00283983 0.00402224 -0.000286412 0.001064 -0.00041475 -0.000270752 -0.000825883 0.000169926
internal_weight=0 815.233 9665.38 8059.43 1163.71 745.451 387.153 267.503 6895.72 566.25 6329.47 5786.55 2070.03 1253.85
internal_count=141041 11120 129921 109103 16595 10391 5294 3718 92508 8715 83793 75758 27815 16702
is_linear=0
shrinkage=0.0101079


Tree=262
num_leaves=15
num_cat=0
split_feature=3 3 12 23 3 28 14 23 2 14 18 14 3 33
split_gain=8.31454 18.5781 16.2014 17.3834 24.1553 23.3173 15.8385 14.3044 13.399 18.3384 17.7801 12.7574 12.0538 15.1676
threshold=0.34503790736198431 0.29802863299846655 0.029540331102907661 0.64580053091049205 0.26747262477874761 0.79989895224571239 -2.9556194543838497 0.72101178765296947 0.57078224420547496 -8.0506005287170392 37.500000000000007 -15.203630447387694 0.26747262477874761 1.0013927817344668
decision_type=2 2 2 2 2 2 2 2 2 2 2 2 2 8
left_child=1 2 3 4 5 -1 8 -4 10 11 -3 -10 13 -5
right_child=-2 6 7 12 -6 -7 -8 -9 9 -11 -12 -13 -14 -15
leaf_value=0.0052366804876892974 -0.00017133993104304925 -0.0027535290913788895 -0.0055648396030911311 -0.004049891145583749 -0.0022356734789269637 -0.00039849669382586246 -0.0010433023868836879 0 0.0037121558316826325 0.0064174427246489509 0.0031898970770548726 -0.00027512466141639796 0.0011687395808081197 -2.3937929424933346e-05
leaf_weight=207.71744998916984 8477.3484945297241 94.268944762647152 91.542245099321008 162.71075647324324 89.680239817127585 94.164264168590307 139.29014771059155 106.24068588577211 147.1332275737077 145.94615533202887 94.982749713584781 136.21419950388372 207.72764488682151 266.05312759801745
leaf_count=3067 112778 1255 1261 1266 1275 1500 1648 1533 1905 1929 1347 1938 2891 5162
internal_value=0 0.000553317 -0.000187406 0.000292922 0.00197547 0.0033816 0.0017943 -0.00279937 0.00250291 0.00348004 3.17189e-05 0.00169922 -0.000690431 -0.00168865
internal_weight=0 1983.67 1225.84 1028.05 391.562 301.882 757.835 197.783 618.545 429.294 189.252 283.347 636.492 428.764
internal_count=140755 27977 17955 15161 5842 4567 10022 2794 8374 5772 2602 3843 9319 6428
is_linear=0
shrinkage=0.0101079


Tree=263
num_leaves=15
num_cat=0
split_feature=23 16 17 14 22 20 7 10 8 10 30 23 4 14
split_gain=7.11573 9.06707 7.32028 6.71597 12.377 10.3792 12.3413 26.5465 13.8715 18.2983 12.6234 10.0201 9.46466 8.76531
threshold=0.39684779942035681 0.38613681495189672 71.500000000000014 -7.5216050148010245 -0.88103431463241566 -2.5617319345474239 1.0000000180025095e-35 0.15003748983144763 -0.86916172504425038 0.27834846079349523 0.81174489855766307 1.1373499035835268 1.2871083021163943 -5.9308979511260977
decision_type=2 2 2 2 2 2 2 2 2 2 2 2 2 2
left_child=1 -1 -3 4 -2 -5 7 13 10 12 11 -8 -10 -7
right_child=3 2 -4 5 -6 6 8 -9 9 -11 -12 -13 -14 -15
leaf_value=0.0007151816836724746 -0.0020351242161758035 -0.00067629269441443025 -0.0044249766583315314 0.0032053229849322144 -0.00010359847028161129 -0.00072674196981995041 -0.0020969564055803224 0.0056439614962716621 0.00071253952390066481 0.0038602061403149169 0.00125009151625729 0 -0.00043940677583238519 0.0015485012832720342
leaf_weight=115.15993223525584 365.09725948888808 163.62684137839824 108.79646095819771 113.76525248400867 4556.4072781186551 295.03528496902436 684.75549513939768 117.96704450622201 1506.2764040688053 137.29792312905192 204.51143702864647 373.24458856135607 1362.3863259945065 358.35928216949105
leaf_count=1593 6364 1981 1421 1451 65094 3647 8633 1316 18738 1921 2579 4717 16960 4368
internal_value=0 -0.00137443 -0.00239779 4.69203e-06 -0.000258032 0.000263442 0.000184264 0.00135515 -1.98991e-05 0.000343837 -0.00091468 -0.00137709 0.000151662 0.000463338
internal_weight=0 387.583 272.423 10075.1 4921.5 5153.6 5039.83 771.362 4268.47 3005.96 1262.51 1058 2868.66 653.395
internal_count=140783 4995 3402 135788 71458 64330 62879 9331 53548 37619 15929 13350 35698 8015
is_linear=0
shrinkage=0.0101079


Tree=264
num_leaves=15
num_cat=0
split_feature=13 7 16 13 17 13 18 33 28 14 10 33 8 13
split_gain=7.28289 14.3127 11.183 8.9992 18.3327 10.5902 9.51539 9.39123 7.84201 14.9572 11.5857 19.538 10.9881 10.6372
threshold=-0.089315064251422868 -26.796333312988278 0.12220870330929758 -0.057939089834690087 81.500000000000014 -0.076311007142066942 26.500000000000004 0.99611112475395214 -0.71473535895347584 -15.203630447387694 0.039767071604728706 1.0545857548713686 2.7274574041366582 -0.021492871455848214
decision_type=2 2 2 2 2 2 2 10 2 2 2 8 2 2
left_child=1 -1 -3 4 5 -2 -7 -6 9 -5 11 -11 -10 -14
right_child=3 2 -4 8 7 6 -8 -9 12 10 -12 -13 13 -15
leaf_value=-0.0012520544850768598 0.0026756907059452303 0.0051153649711323454 0.0002221887252404622 0.0024879449808296785 -0.0010390023584643561 0.001560002028017088 -0.0023942650172492958 -0.0053939077163514433 -0.00028747931866534605 -0.0027260226794793671 0.0005829249845386834 0.00093826226081280347 -0.0011654745666578987 0.0021386732231207049
leaf_weight=109.72033660486341 114.27240133471787 111.45942394807935 111.9263015575707 325.33420868217945 141.75947567075491 79.080435400828719 162.98726272583008 117.04585886746645 6376.8048683647066 317.04831367731094 1791.6972099151462 247.23482779040933 112.52580119855702 368.10854527074844
leaf_count=1227 1494 1225 1435 4582 3134 1297 2620 926 86841 2236 22637 4947 1614 4868
internal_value=0 0.00143462 0.00292731 -6.64079e-05 -0.00124407 0.000145459 -0.00093207 -0.00325862 6.23004e-06 0.000472981 0.000170468 -0.00105865 -0.000170697 0.00127604
internal_weight=0 333.106 223.386 10153.9 615.145 356.34 242.068 258.805 9538.75 2681.31 2355.98 564.283 6857.44 480.634
internal_count=141083 3887 2660 137196 9471 5411 3917 4060 127725 34402 29820 7183 93323 6482
is_linear=0
shrinkage=0.0101079


Tree=265
num_leaves=15
num_cat=0
split_feature=9 13 6 23 15 14 20 7 6 6 33 30 18 23
split_gain=6.58198 7.37176 7.58083 6.01746 18.3431 7.91367 11.4258 5.66602 13.327 17.7264 12.8287 15.6479 36.3931 10.6965
threshold=0.061797382310032851 -0.076311007142066942 -8.7368125915527326 0.44316869974136358 6.2896611690521249 -6.9519047737121573 1.0717419385910036 -3.9374462366104122 -5.0899882316589347 -8.9358034133911115 2.0062500238418584 -0.56174489110708226 44.500000000000007 0.813930243253708
decision_type=2 2 2 2 2 2 2 2 2 2 8 2 2 2
left_child=1 -1 -3 4 -2 -6 -7 8 9 -5 11 -10 -13 -9
right_child=3 2 -4 7 5 6 -8 13 10 -11 -12 12 -14 -15
leaf_value=0.0031275844248549629 0.0018269195490205241 -0.0022006867471326568 0.0005686056596242243 -0.00061030534499285569 -0.0048939535381663062 0.00083255286549053197 -0.0033681952656476563 0.00076730566603730574 -0.0039620030857779693 0.0019728972133329233 0 -0.0036726692855391808 0.0015291306994460955 -0.00015229076280543903
leaf_weight=106.42697954364121 126.8924868516624 94.840200398117304 1761.1216915762052 628.7616305006668 100.18311582505703 114.93206996843219 114.83852641098201 2012.5592925455421 255.56227624416351 449.81662400253117 720.75801166053861 241.7300832644105 287.41286487132311 3449.1791722886264
leaf_count=1327 1830 1480 23844 8763 1661 1370 1224 27349 1966 6438 15533 1775 2141 44163
internal_value=0 0.000577123 0.000396929 -6.928e-05 -0.00118809 -0.00248265 -0.00113716 0 -0.00039392 0.000436017 -0.00101449 -0.00190252 -0.000790209 0.000179758
internal_weight=0 1962.39 1855.96 8502.63 456.846 329.954 229.771 8045.78 2584.04 1078.58 1505.46 784.705 529.143 5461.74
internal_count=140864 26651 25324 114213 6085 4255 2594 108128 36616 15201 21415 5882 3916 71512
is_linear=0
shrinkage=0.0101079


Tree=266
num_leaves=15
num_cat=0
split_feature=23 27 28 29 28 29 23 11 30 23 16 12 0 18
split_gain=6.06236 8.6619 26.6697 23.7141 17.489 16.4199 17.8381 13.9879 13.9478 16.459 20.7048 29.1062 34.6776 30.8707
threshold=1.5202746987342837 -0.50938662886619557 0.6835516393184663 -1.0000000180025095e-35 -0.52803644537925709 0.87837970256805431 0.85525450110435497 0.062903888523578658 1.0000000180025095e-35 0.813930243253708 0.89240559935569774 0.032270980998873718 0.70577710866928112 51.500000000000007
decision_type=2 2 2 2 2 2 2 2 2 2 2 2 2 2
left_child=1 2 3 -1 -5 -6 -7 -8 -3 10 11 13 -13 -10
right_child=-2 8 -4 4 5 6 7 -9 9 -11 -12 12 -14 -15
leaf_value=0.0018743111888017223 0.00058772144070899754 -0.00033403052785635999 -0.0046837227656081814 0.0024764466132553686 -0.001918823944498517 -0.0025575349150293645 0.0043574906433426486 -0.00037640699544510403 4.5907727383098821e-05 -0.00015071032123944303 0.0048769492597539087 -0.0044678902132010883 0.0019804801667347863 0.0035842944099694794
leaf_weight=377.52356912195683 1482.803814118728 3945.9301645513624 151.62632604129612 125.74489318579435 1024.2633657315746 104.52190019004047 130.39242822490633 89.937557002529502 571.52133051119745 1503.4059419613332 147.88191412575543 188.97784239239991 134.19131764769554 479.43313411995769
leaf_count=5178 18755 53577 2416 1709 15539 1527 1830 1307 7798 19114 1759 2649 1598 5950
internal_value=0 -0.000108032 -0.000693895 -0.000327656 -0.000925365 -0.00128443 0.000592149 0.00229958 5.51537e-05 0.000575668 0.00131682 0.000879546 -0.00168396 0.00171254
internal_weight=0 8975.35 2004.01 1852.38 1474.86 1349.12 324.852 220.33 6971.34 3025.41 1522.01 1374.12 323.169 1050.95
internal_count=140706 121951 29506 27090 21912 20203 4664 3137 92445 38868 19754 17995 4247 13748
is_linear=0
shrinkage=0.0101079


Tree=267
num_leaves=15
num_cat=0
split_feature=5 4 3 12 3 3 0 0 16 3 3 16 17 10
split_gain=7.62822 13.3257 19.666 12.8462 15.7686 11.6294 13.1255 12.7513 11.9544 13.6381 12.2346 17.4063 15.8438 10.5424
threshold=2.1015193462371831 0.75437071919441234 0.94688299298286449 0.058624722063541419 0.67066720128059398 0.4720743596553803 1.0138774514198305 0.90646785497665416 0.57597795128822338 0.83000820875167858 0.67816692590713512 0.31836669147014623 84.500000000000014 0.18576433509588244
decision_type=2 2 2 2 2 2 2 2 2 2 2 2 2 2
left_child=5 2 13 -3 -5 -1 7 -7 9 10 11 12 -8 -2
right_child=1 3 -4 4 -6 6 8 -9 -10 -11 -12 -13 -14 -15
leaf_value=0.00066891088332042287 -0.00015256409597984039 -0.00051218453124552874 -0.0047999855482978851 0.0027032312792294217 -7.7815026479435587e-05 -0.00026173190879480419 0.0037597020707652376 -0.0022061368460543607 0.0019348216808981814 0.0012093758041297087 -0.0020593514346572321 -0.0016696512584711968 -0.00081434935473085506 -0.0023630777576493338
leaf_weight=3083.3651962280273 1001.9078647037968 1135.5657052695751 130.86634552851319 356.83679724484682 422.71316349878907 1615.5221454426646 179.29613054357469 456.10692631080747 416.41660864464939 590.40043506771326 404.2479797732085 243.68052500486374 107.22546899691224 294.27283443696797
leaf_count=41578 13416 14893 2041 4269 5767 23724 2562 6028 4969 7593 5527 3067 1513 3722
internal_value=0 -0.000384353 -0.00112446 0.000148346 0.00115762 0.000200433 -0.000150042 -0.000715832 0.000433402 0 -0.000742025 0.000202031 0.00193355 -0.000696376
internal_weight=0 3342.16 1427.05 1915.12 779.55 7096.26 4012.9 2071.63 1941.27 1524.85 934.45 530.202 286.522 1296.18
internal_count=140669 44108 19179 24929 10036 96561 54983 29752 25231 20262 12669 7142 4075 17138
is_linear=0
shrinkage=0.0101079


Tree=268
num_leaves=15
num_cat=0
split_feature=23 2 30 13 7 2 2 23 23 18 13 13 2 16
split_gain=7.62148 9.18861 16.7038 37.1152 23.4812 21.0463 20.0718 19.8924 19.2345 14.508 14.3881 17.7555 15.0037 14.1096
threshold=1.5202746987342837 0.75671458244323742 -0.56174489110708226 -0.0091845314018428308 17.08298492431641 0.59048122167587291 0.68692174553871166 0.71468165516853344 0.88725054264068615 45.500000000000007 -0.04673789627850055 -0.00082087327609769989 0.5302184820175172 0.47417236864566809
decision_type=2 2 2 2 2 2 2 2 2 2 2 2 2 2
left_child=1 2 3 5 8 -1 -5 -7 9 13 -11 -12 -13 -4
right_child=-2 -3 4 6 -6 7 -8 -9 -10 10 11 12 -14 -15
leaf_value=-0.0059812238635352987 0.00063612187843458778 -0.00037477665772508003 0.0021112705047514153 -0.00016399340756248479 -0.0036844961180946801 -0.0045571462601483965 0.0040299421500915589 0.0019724758377212969 -0.00044175219263105527 -0.00042221520020452379 0.005234861736632318 -0.00041952930113429223 0.0032700037747955125 -0.0011662406262285309
leaf_weight=163.86686715856194 1491.7167187146842 5952.4957084516063 251.52468314021826 653.2504292987287 97.130685582756996 73.755565934814513 130.47831595502794 100.03969308920205 503.96824089810252 107.88922849018127 277.89079648721963 169.44174627587199 244.66612472571433 258.00810543261468
leaf_count=2714 18880 80628 3613 8254 1397 1321 1743 1748 6860 1617 3843 1972 2975 3416
internal_value=0 -0.000141161 0.000303957 -0.000651974 0.000886522 -0.0034298 0.000515188 -0.000650495 0.00116802 0.0018173 0.00267006 0.00320941 0.00168405 0.000380636
internal_weight=0 8984.41 3031.91 1121.39 1910.52 337.662 783.729 173.795 1813.39 1309.42 799.888 691.999 414.108 509.533
internal_count=140981 122101 41473 15780 25693 5783 9997 3069 24296 17436 10407 8790 4947 7029
is_linear=0
shrinkage=0.0101079


Tree=269
num_leaves=15
num_cat=0
split_feature=7 13 30 13 0 28 17 28 4 11 33 11 0 18
split_gain=7.58201 15.999 24.9446 8.25786 18.0569 17.1187 13.9935 9.60345 12.9379 10.5141 10.1627 17.5908 18.666 16.4403
threshold=-28.77313137054443 -0.089315064251422868 -0.56174489110708226 -0.057939089834690087 0.70244207978248607 -0.39271505177021021 79.500000000000014 -0.71473535895347584 -2.1758166551589961 0.065220236778259291 0.9590476155281068 0.027977727353572849 0.9548531472682954 78.500000000000014
decision_type=2 2 2 2 2 2 2 2 2 2 10 2 2 2
left_child=-1 2 -2 4 -3 -6 -7 8 9 -5 -10 -12 -13 -14
right_child=1 3 -4 7 5 6 -8 -9 10 -11 11 12 13 -15
leaf_value=-0.002631414338642263 -0.00034508770765784259 -0.0037051301120948569 0.0055288319325940633 0.00059295104638753225 -0.0023345521097525926 0.0036998815853160243 -0.00090078959217974798 -8.921272278556828e-05 0.0010184870416288048 0.0038183128069792954 0.001668140130892621 -0.0028958185098419461 -0.0011946767415885783 0.0024647802724534172
leaf_weight=96.592312946915627 130.22935541719198 181.05245376378298 131.6873319260776 272.03346298635006 169.40255397371948 148.01885646954179 94.781232165172696 6863.334676200524 1009.5652714315802 210.12801294028759 305.72385816276073 346.75170157849789 345.77143025398254 185.88869636505842
leaf_count=1131 1394 2969 1693 3578 2665 2206 1395 93333 19568 2640 2176 2593 2391 1315
internal_value=0 9.85432e-05 0.0025309 2.98168e-05 -0.00111379 0 0.0017695 0.000106015 0.000620675 0.00211886 0.000266782 -0.00034254 -0.00109639 2.64888e-05
internal_weight=0 10394.4 261.917 10132.5 593.255 412.203 242.8 9539.2 2675.86 482.161 2193.7 1184.14 878.412 531.66
internal_count=141047 139916 3087 136829 9235 6266 3601 127594 34261 6218 28043 8475 6299 3706
is_linear=0
shrinkage=0.0101079


Tree=270
num_leaves=15
num_cat=0
split_feature=23 10 15 4 15 17 18 15 33 18 15 2 10 12
split_gain=8.04703 10.0002 7.65424 11.0935 11.852 13.1114 12.7925 10.7158 7.69422 7.54327 10.138 20.4732 13.2621 12.2476
threshold=2.2445715665817265 0.082192040979862227 21.420234680175785 0.98076933622360241 23.919606208801273 21.500000000000004 61.500000000000007 19.615765571594242 1.0545857548713686 93.500000000000014 3.8101762533187871 0.50824126601219188 0.2146493345499039 -0.037369925528764718
decision_type=2 2 2 2 2 2 2 2 8 2 2 2 2 2
left_child=2 -2 7 4 5 -4 -6 9 -9 10 11 -1 13 -13
right_child=1 -3 3 -5 6 -7 -8 8 -10 -11 -12 12 -14 -15
leaf_value=0.004615675643744396 0.0037108264631569073 8.6373035737806846e-05 -0.00062875981289548216 0.002059338466506615 0.001580190778630813 0.0042411477144415561 -0.0026927959431415527 -0.0029739949658055664 0 0.00087776604886021198 -0.00034639878252982982 0.0014432902698329865 -0.0015010991173084929 -0.00058197893426183383
leaf_weight=109.69422555714846 124.75838277861476 249.69859136268497 91.965897338464856 407.5836464818567 84.665118990465999 98.337089525535703 225.03928626701236 220.65449948608875 155.79079267010093 780.41296308301389 6313.0071764774621 818.75411980319768 345.23662824835628 443.7332879435271
leaf_count=1656 1470 2945 1210 5531 1377 1533 3352 1618 3197 9853 83860 12063 4824 6531
internal_value=0 0.00144993 -4.3785e-05 0.000831698 -0.000105157 0.00174961 -0.00138714 -0.000135295 -0.00179173 -5.84413e-05 -0.000155209 0.000522525 0.000197691 0.000700353
internal_weight=0 374.457 10094.9 907.591 500.007 190.303 309.704 9187.28 376.445 8810.84 8030.43 1717.42 1607.72 1262.49
internal_count=141020 4415 136605 13003 7472 2743 4729 123602 4815 118787 108934 25074 23418 18594
is_linear=0
shrinkage=0.0101079


Tree=271
num_leaves=15
num_cat=0
split_feature=9 21 0 18 21 21 21 14 14 29 28 8 3 18
split_gain=6.71731 8.57153 8.64109 8.82976 17.2196 6.37511 7.04539 6.70727 10.48 6.62394 7.23005 7.98143 9.70004 7.60826
threshold=0.061797382310032851 10.884473323822023 1.0023187398910525 24.500000000000004 2.0887750387191777 -15.086265563964842 -12.25196599960327 -25.202617645263668 -20.661470413208004 -0.60785761475563038 -0.71473535895347584 3.0445978641510014 0.77737960219383251 36.500000000000007
decision_type=2 2 2 2 2 2 2 2 2 2 2 2 2 2
left_child=1 2 -1 -4 -5 -2 -7 -8 -9 -10 -11 13 -13 -12
right_child=5 -3 3 4 -6 6 7 8 9 10 11 12 -14 -15
leaf_value=0.00017539971255505724 -0.0019579246361556323 -0.0021767422710239166 2.3488528854778928e-05 0.0048509192511681917 0.00036472980788961799 0.0017595383056723507 -0.0024170474384721725 0.0018525521147610435 0.0020415596635601015 0.00029915369601399516 -0.001053589685605584 -0.00023129038113130505 0.0031037836831141119 -0.00020748630562920323
leaf_weight=1226.6911760056391 181.38036088645458 97.841050243005157 252.77296009659767 180.58333951421082 206.11298034340143 199.90746433008462 121.28425985388458 267.06395458057523 127.63954021781683 2097.434003289789 1684.3653243985027 181.41667271964252 135.86501245573163 3518.2252600146458
leaf_count=16891 2460 1378 3372 2549 2493 2437 1582 4004 1469 26764 23317 2386 1931 48119
internal_value=0 0.000540163 0.000712507 0.00166603 0.00261578 -0.000114264 -6.75246e-05 -0.000119014 -7.69097e-05 -0.000150424 -0.000194472 -0.000389521 0.00111156 -0.000490332
internal_weight=0 1964 1866.16 639.469 386.696 8514.58 8333.2 8133.29 8012.01 7744.95 7617.31 5519.87 317.282 5202.59
internal_count=141152 26683 25305 8414 5042 114469 112009 109572 107990 103986 102517 75753 4317 71436
is_linear=0
shrinkage=0.0101079


Tree=272
num_leaves=15
num_cat=0
split_feature=3 12 3 12 33 30 12 27 12 12 30 6 7 29
split_gain=7.56176 25.5374 22.456 22.7469 18.868 8.8485 8.47945 8.46713 8.15292 8.13082 14.1545 16.4965 10.1831 9.74276
threshold=0.34503790736198431 0.04219453968107701 0.29802863299846655 0.0064877222757786521 0.99393379688262951 -0.56174489110708226 0.021406644955277446 0.054511256515979774 -0.019070624373853203 0.0057945447042584428 -0.56174489110708226 1.3532915115356448 2.3333086967468266 0.6078576147556306
decision_type=2 2 2 2 10 2 2 2 2 2 2 2 2 2
left_child=1 2 7 5 -3 -4 -5 -1 -7 13 12 -12 -11 -9
right_child=-2 4 3 6 -6 8 -8 9 -10 10 11 -13 -14 -15
leaf_value=-0.0019216233963030018 -0.00015009753838961308 0.00041091935097314376 0.0026131305300735588 0.0073965804340659341 -0.0050027542873259745 -0.0022544618624640487 0.0026527430535164308 0.00070490008293330731 0.001431798783930771 -0.0024853265264295306 0 0.0058690861920181392 0.0019622355654571916 -0.0019650570701595198
leaf_weight=166.34210288897157 8498.6128145912662 100.4010600131005 154.14499502535909 98.898714506998658 129.29912355542183 117.8873012047261 147.32307086139917 355.43850559648126 102.73455595038831 102.56596411205828 99.013029169291258 112.91275895759463 88.426617074757814 211.5558527559042
leaf_count=2478 113085 2112 2157 1271 954 1548 2024 5124 1290 1562 1334 1601 1202 3383
internal_value=0 0.000540782 0.000974161 0.00250995 -0.0025287 0.00077874 0.00488281 8.82637e-05 -0.000370015 0.000486705 0.00158461 0.00335197 -0.000226004 -0.0002337
internal_weight=0 1986.94 1757.24 620.989 229.7 374.767 246.222 1136.25 220.622 969.913 402.918 211.926 190.993 566.994
internal_count=141125 28040 24974 8290 3066 4995 3295 16684 2838 14206 5699 2935 2764 8507
is_linear=0
shrinkage=0.0101079


Tree=273
num_leaves=15
num_cat=0
split_feature=2 30 15 23 15 31 6 22 12 12 2 0 20 2
split_gain=6.86078 13.241 21.9192 34.8045 21.8717 22.4674 19.8139 17.5729 17.2438 20.9708 20.8284 22.133 18.2845 17.0771
threshold=0.83266264200210582 -0.56174489110708226 8.6769542694091815 0.80463227629661571 11.21618175506592 1.0000000180025095e-35 -2.6226501464843746 -0.49495926499366755 -0.021797268651425835 0.035957021638751037 0.41361752152442938 1.0300146937370303 0.15586469322443011 0.58067572116851818
decision_type=2 2 2 2 2 2 2 2 2 2 2 2 2 2
left_child=1 2 3 -1 5 6 7 -3 -6 10 -10 12 -12 -5
right_child=-2 4 -4 13 8 -7 -8 -9 9 -11 11 -13 -14 -15
leaf_value=-0.0040678455572163924 -0.00017351413627498142 0.0025804903911923081 0.00063469222184467475 -0.0025634307456234686 -0.0039990058316548291 -0.00037077623085739127 0.0030146997641545682 -0.0022932874616726291 -0.0026497244238477954 -0.00328675704566344 0.0058359199723490018 -0.0017245961192411995 0.00091185847244187586 0.0025191839559706051
leaf_weight=327.3766015265137 6624.0604261038825 133.05015815421939 840.72856057528406 91.774857576936483 113.80830020830035 427.97750403173268 867.66434712521732 155.62588943168521 111.98537159338593 138.39899256266654 153.12831359077245 106.16975843161345 200.35236919298768 183.80609682761133
leaf_count=5535 88906 1925 10516 1261 1762 5626 11530 2154 1562 1585 2054 1219 2587 2826
internal_value=0 0.000361841 -0.000383357 -0.00185938 0.000825149 0.00152353 0.00225726 0 -0.000470835 7.47639e-05 0.000991119 0.0019936 0.00323538 0.000660091
internal_weight=0 3851.85 1443.69 602.958 2408.16 1584.32 1156.34 288.676 823.843 710.035 571.636 459.65 353.481 275.581
internal_count=141048 52142 20138 9622 32004 21235 15609 4079 10769 9007 7422 5860 4641 4087
is_linear=0
shrinkage=0.0101079


Tree=274
num_leaves=15
num_cat=0
split_feature=2 2 2 27 30 10 5 15 11 22 23 15 2 21
split_gain=7.02801 14.0561 8.01286 13.6866 13.255 11.5764 10.8313 15.1345 11.5761 10.2445 9.53672 9.1106 16.8273 11.9485
threshold=4.4996695518493661 2.9749344587326054 1.6904316544532778 -0.3317298144102096 1.0000000180025095e-35 0.21689468622207644 -8.0460968017578107 20.193663597106937 0.022439891472458843 -0.29042878746986384 2.190882802009583 3.6121016740798955 0.50824126601219188 -5.2092661857604972
decision_type=2 2 2 2 2 2 2 2 2 2 2 2 2 2
left_child=1 2 10 6 5 -5 -4 8 -8 -10 11 12 -1 -14
right_child=-2 -3 3 4 -6 -7 7 -9 9 -11 -12 -13 13 -15
leaf_value=0.0045199227948774434 -0.0021618207219397177 0.0019784311825143137 0.00073277083368921097 0.0037493808375309756 -0.0011702327984418025 0 1.6216729667591979e-07 0.00029393439267674527 -0.0052026959034366738 -0.001834161729929669 0.0021437063111547274 -0.00015071659631606883 0.0011837481195907031 -0.00096784723591460814
leaf_weight=106.83150955289602 148.86496295966208 345.4800417162478 151.23851506412029 154.64460125006735 254.31106216087937 154.02323967404664 95.634444143623114 185.76591303944588 213.38049208652228 275.03424087539315 207.52231953106821 7098.4085833989084 701.25718071125448 395.99183332175016
leaf_count=1600 2206 4980 2130 2135 3331 1873 1546 2403 3282 3834 2286 93481 10215 5808
internal_value=0 0 -7.34398e-05 -0.000758293 0.000424854 0.00186361 -0.00152263 -0.00202066 -0.0028196 -0.00344487 4.18072e-05 -7.77742e-06 0.00079711 0.000369272
internal_weight=0 10339.5 9994.04 1484.03 562.979 308.668 921.054 769.815 584.049 488.415 8510.01 8302.49 1204.08 1097.25
internal_count=141110 138904 133924 20534 7339 4008 13195 11065 8662 7116 113390 111104 17623 16023
is_linear=0
shrinkage=0.0101079


Tree=275
num_leaves=15
num_cat=0
split_feature=9 17 2 29 29 13 0 13 18 29 29 28 30 2
split_gain=6.64684 7.02464 8.95251 10.4697 7.91066 8.39653 13.9389 7.82232 8.81044 6.63546 5.80356 7.08299 15.2874 13.9893
threshold=0.064389906823635115 13.500000000000002 1.0127825140953066 0.87837970256805431 0.87837970256805431 0.022309498861432079 1.0180556178092959 -0.012905197683721779 78.500000000000014 1.0000000180025095e-35 -0.60785761475563038 0.5464349389076234 1.0000000180025095e-35 0.79198092222213756
decision_type=2 2 2 2 2 2 2 2 2 2 2 2 2 2
left_child=1 -1 4 7 5 6 -3 -4 -9 -7 -2 -12 -13 -14
right_child=10 2 3 -5 -6 9 -8 8 -10 -11 11 12 13 -15
leaf_value=0.0018524583144655154 0.0018502347479469241 -0.00022430856650034638 0.00010636009794142092 0.0016930602280938027 -0.00074359242337421433 0.00086986722783007184 0.0036330588970669934 -0.0033645642841431127 -3.0914185665230107e-05 0.0049373748758775047 1.4624899743691116e-05 -0.0013918067204832837 0.0016812645201324957 -0.00076393083108430545
leaf_weight=340.15596737898886 140.02544234879315 400.87650044076145 248.3610115814954 151.90422327630222 195.1409900188446 117.56013040803373 112.03444349952042 216.01377754844725 166.97083375044167 104.93541119340807 6111.4268475007266 1234.5146852163598 416.90064915642142 518.7515374282375
leaf_count=4320 1591 5552 3490 2109 2715 1470 1595 3045 2204 1441 81105 17780 5452 7172
internal_value=0 0.00052448 0.00023033 -0.000531101 0.000913508 0.00141085 0.000581366 -0.00114345 -0.00204386 0.00306433 -0.000115492 -0.000155287 -0.000650747 0.000287435
internal_weight=0 2053.95 1713.8 783.25 930.547 735.406 512.911 631.346 382.985 222.496 8421.62 8281.59 2170.17 935.652
internal_count=141041 27941 23621 10848 12773 10058 7147 8739 5249 2911 113100 111509 30404 12624
is_linear=0
shrinkage=0.0101079


Tree=276
num_leaves=15
num_cat=0
split_feature=23 20 21 13 20 6 27 29 15 20 13 15 22 15
split_gain=6.87567 6.8705 13.5296 19.9452 19.1162 13.7389 11.6992 10.5685 8.01133 15.0476 14.483 11.1565 12.3429 9.50075
threshold=2.1015208959579472 -9.8715405464172346 -15.086265563964842 -0.089315064251422868 -0.63781222701072682 -9.8139400482177717 -0.3317298144102096 -0.60785761475563038 3.4247894287109379 -1.6163198947906492 -0.018358848989009854 13.322693824768068 -0.30768059194087977 11.496576786041262
decision_type=2 2 2 2 2 2 2 2 2 2 2 2 2 2
left_child=1 -1 -3 4 -4 6 -5 -7 9 -9 11 12 -10 -12
right_child=-2 2 3 5 -6 7 -8 8 10 -11 13 -13 -14 -15
leaf_value=0.0023576851466102886 0.001134454851097443 -0.0036463538284138095 0.0051366261256012482 -0.0034133775465316415 0 0.002578714418379674 0 0 -0.0021800102503535235 0.0029715991952188499 0.0004650614620863154 0.0021235035120362078 -0.00026175085568680548 -0.00032031753701487764
leaf_weight=109.60364507883787 508.40567093156278 101.08218524418771 138.37717672996223 227.81617775466293 119.3008270598948 145.37561293877661 163.68184789456427 731.20462179742754 777.4902971778065 230.542511055246 2698.2221241686493 88.815749490633607 707.83228386193514 3749.391662241891
leaf_count=1468 6125 1434 1325 3638 1585 1634 2391 10902 11497 3541 35428 1316 10198 48746
internal_value=0 -6.1933e-05 -9.4673e-05 -5.1003e-05 0.00267564 -0.000131137 -0.00196935 -4.62922e-05 -9.54287e-05 0.000763976 -0.000204137 -0.00107098 -0.001299 2.2384e-06
internal_weight=0 9988.74 9879.13 9778.05 257.678 9520.37 391.498 9128.87 8983.5 961.747 8021.75 1574.14 1485.32 6447.61
internal_count=141228 135103 133635 132201 2910 129291 6029 123262 121628 14443 107185 23011 21695 84174
is_linear=0
shrinkage=0.0101079


Tree=277
num_leaves=15
num_cat=0
split_feature=13 3 3 30 3 23 16 33 11 3 3 16 0 17
split_gain=5.29818 14.3377 17.4668 12.4044 25.6932 17.3286 28.4992 20.7127 22.3329 19.2922 19.9326 12.4938 12.9453 11.5313
threshold=0.015538497827947141 0.21024674177169803 0.24636752903461459 -0.56174489110708226 0.20037785172462466 0.91307386755943309 0.69267624616622936 0.99393379688262951 0.076756905764341368 0.85334494709968578 0.43305835127830511 0.71054333448410045 0.94049274921417247 14.500000000000002
decision_type=2 2 2 2 2 2 2 10 2 2 2 2 2 2
left_child=3 -2 -3 5 -5 6 7 9 -9 10 -1 13 -13 -6
right_child=1 2 -4 4 11 -7 -8 8 -10 -11 -12 12 -14 -15
leaf_value=0.00039813685478913942 -0.0025908808783130224 0.0038064216112355686 0.00026325353372112044 0.0050839801640131686 0.0016177659859954153 0.00017423002678882275 0.0020670410369323967 -0.0048980678279258163 -0.00014231974661157033 0.0043859141837437211 -0.0035699433014557292 -0.0033031176988971597 0 -6.4641302630054353e-06
leaf_weight=251.70717264525592 159.94593669660389 142.61018120311201 3993.6743826130405 97.305095391348004 511.9060445651412 993.90756822749972 171.35669260472059 385.20233795791864 160.51841105520725 56.752502843737602 225.92947278544307 213.93433220311999 263.58512102626264 2842.4202352501452
leaf_count=5594 2693 2041 50103 1274 6796 13852 2151 3141 1205 1345 5237 2687 3456 39321
internal_value=0 0.000276744 0.000401973 -0.000185047 0.00014892 -0.000785951 -0.00157712 -0.00220294 -0.00359366 -0.000677401 -0.001422 3.19512e-06 -0.00150222 0.000232475
internal_weight=0 4296.23 4136.28 6174.52 3929.15 2245.37 1251.47 1080.11 545.721 534.389 477.637 3831.85 477.519 3354.33
internal_count=140896 54837 52144 86059 53534 32525 18673 16522 4346 12176 10831 52260 6143 46117
is_linear=0
shrinkage=0.0101079


Tree=278
num_leaves=15
num_cat=0
split_feature=21 21 20 5 6 29 27 20 23 15 23 10 14 17
split_gain=5.60914 16.743 15.813 8.85527 11.0388 12.9324 9.15433 7.53881 7.29283 14.0666 6.41928 8.92765 7.11279 10.9567
threshold=-15.086265563964842 -11.844729900360106 -5.774808168411254 -10.672223091125487 -9.8139400482177717 -0.60785761475563038 -0.58244305849075306 -9.1576433181762678 0.4164456725120545 11.032519340515138 2.2445715665817265 0.072705805301666274 -7.2589559555053702 63.500000000000007
decision_type=2 2 2 2 2 2 2 2 2 2 2 2 2 2
left_child=7 2 -2 -3 6 -6 -5 -1 9 -7 12 -12 13 -10
right_child=1 3 -4 4 5 8 -8 -9 10 -11 11 -13 -14 -15
leaf_value=0 0 0.002827482160659452 0.0045567404052865397 -0.0037059388248342259 0.0029293153157090657 0.00017489344129534065 0 -0.0035704882772546196 -0.00086231631282480698 -0.0032940243606012589 0.0036493725437148142 0 0.00021410623380216135 0.00018285851190272311
leaf_weight=107.47552842460573 120.89975511282682 100.79992190469056 152.3007097505033 146.28065459616482 142.73398679308593 239.04858469590545 158.90306429751217 97.117096088826656 2121.064387078397 195.6894724201411 108.77909921482205 177.34030548483133 4747.7715703267604 1872.8599750008434
leaf_count=1456 1637 1357 1692 2407 1648 3367 2339 1343 30942 2365 1284 2120 59360 27885
internal_value=0 2.78073e-05 0.00246416 -3.64634e-05 -7.18295e-05 -6.73381e-06 -0.00194102 -0.00163187 -5.7623e-05 -0.00132492 0 0.00147401 -4.48706e-05 -0.000362671
internal_weight=0 10284.5 273.2 10011.3 9910.47 9605.29 305.184 204.593 9462.55 434.738 9027.82 286.119 8741.7 3993.92
internal_count=141202 138403 3329 135074 133717 128971 4746 2799 127323 5732 121591 3404 118187 58827
is_linear=0
shrinkage=0.0101079


Tree=279
num_leaves=15
num_cat=0
split_feature=21 21 29 2 2 20 11 2 23 8 9 0 2 12
split_gain=6.90412 11.9688 7.40218 7.43004 13.744 7.22496 6.46238 7.42243 7.93357 6.67374 5.98187 7.69906 8.93865 10.1581
threshold=-15.086265563964842 -12.727770805358885 -0.60785761475563038 3.974474430084229 2.9749344587326054 -9.8715405464172346 0.19065679609775546 2.3245239257812504 2.2445715665817265 0.81639868021011364 0.064389906823635115 0.86301368474960338 1.2645552158355715 0.027544913813471798
decision_type=2 2 2 2 2 2 2 2 2 2 2 2 2 2
left_child=5 -2 -3 4 6 -1 7 8 10 -9 11 12 13 -4
right_child=1 2 3 -5 -6 -7 -8 9 -10 -11 -12 -13 -14 -15
leaf_value=0 0.0025270168706828544 0.0021050988084529167 0.0010149363413355088 -0.002392146321252417 0.0024842154488612434 -0.0035314885910420818 0.0020713123932425237 -0.0024737598433705217 0.0016918307108702607 2.7791413854228633e-05 -0.00024757550760740239 0.0010769444521406611 -0.0024049025374839965 -0.0014988076360819499
leaf_weight=99.554400198161602 183.92052873596549 155.86974550411105 520.30243676807731 130.43448864482343 209.68424621224403 107.82481713593006 130.38669157400727 245.23255685716867 247.23952320218086 137.08637283276767 7047.1162167275324 882.16480964794755 152.88158512674272 224.99464137107134
leaf_count=1329 2213 1806 7330 2175 3004 1500 1769 3482 2802 2039 94710 11473 2316 2990
internal_value=0 2.21139e-05 -2.14388e-05 -6.04949e-05 -2.34837e-05 -0.00180659 -8.44824e-05 -0.00012013 -5.6757e-05 -0.00148995 -0.000111734 0.000402075 -0.000219542 0.000194784
internal_weight=0 10267.3 10083.4 9927.52 9797.09 207.379 9587.4 9457.02 9074.7 382.319 8827.46 1780.34 898.179 745.297
internal_count=140938 138109 135896 134090 131915 2829 128911 127142 121621 5521 118819 24109 12636 10320
is_linear=0
shrinkage=0.0101079


Tree=280
num_leaves=15
num_cat=0
split_feature=18 13 5 3 3 12 0 33 3 23 23 2 2 22
split_gain=9.61935 12.1852 9.39571 12.8266 15.8995 13.6291 11.7201 15.2649 10.9632 19.649 10.7866 9.87969 12.7452 16.9949
threshold=92.500000000000014 0.067716103047132506 1.8303309679031374 0.46739956736564642 0.81785786151885997 -0.12122447788715361 1.5043336749076845 0.99611112475395214 0.23050125688314441 0.64948385953903209 0.40660852193832403 2.765116930007935 0.77893000841140758 -0.086361706256866441
decision_type=2 2 2 2 2 2 2 10 2 2 2 2 2 2
left_child=2 -2 3 8 11 6 7 -6 9 -1 -10 12 -5 -14
right_child=1 -3 -4 4 5 -7 -8 -9 10 -11 -12 -13 13 -15
leaf_value=0.0015205290367987278 0.0012739851604051638 -0.0011800253281411253 -0.00056869883607357211 0.00037176362922334541 0.00016349241152829381 0.0015104783595298193 0.0016570368880132102 -0.0049699200238303232 -0.002016941306970511 -0.0030991158111552024 0.0011191778346321098 0.0021417715271084465 -0.002169805914281888 -0.00016162884090855102
leaf_weight=158.13693316280842 1092.3422014908865 231.63256555981934 3051.7368826810271 601.3912132140249 94.026603206060827 743.34999406896532 92.061746837571263 104.60460171103477 102.84295069985092 192.87232652120292 2072.7805156344548 103.98308284208179 990.03940300550312 842.01446386799216
leaf_count=2402 13881 3085 40566 8046 2217 10325 1120 797 1383 3140 27334 1348 13963 11363
internal_value=0 0.000809934 -0.000109302 0.00011439 -0.00026732 0.000766889 -0.000988835 -0.00242743 0.000669109 -0.000916881 0.000945849 -0.000705726 -0.000850308 -0.00127336
internal_weight=0 1323.97 9149.84 6098.1 3571.47 1034.04 290.693 198.631 2526.63 351.009 2175.62 2537.43 2433.45 1832.05
internal_count=140970 16966 124004 83438 49179 14459 4134 3014 34259 5542 28717 34720 33372 25326
is_linear=0
shrinkage=0.0101079


Tree=281
num_leaves=15
num_cat=0
split_feature=15 10 20 3 33 30 5 7 15 33 7 3 6 21
split_gain=6.31213 17.8587 12.4347 10.7362 12.7139 13.8177 11.2827 9.70261 14.8657 20.88 44.6268 14.0271 11.4412 9.97668
threshold=3.7448798418045048 0.2146493345499039 -9.8715405464172346 0.60877084732055675 2.7624999284744267 -0.56174489110708226 -3.3490397930145259 -3.9374462366104122 6.8580756187438974 0.99393379688262951 1.4854805469512942 0.82142877578735363 -5.651019573211669 -4.0101666450500479
decision_type=2 2 2 2 8 2 2 2 2 10 2 2 2 2
left_child=1 3 -3 4 -1 -6 -7 13 9 11 -11 -9 -10 -2
right_child=7 2 -4 -5 5 6 -8 8 12 10 -12 -13 -14 -15
leaf_value=0.0032115724744871772 6.3571132006771635e-05 0.0011395979846674995 -0.0026225465189011598 1.0977172833783804e-05 -0.0020975183304651271 -0.00056861465590547409 0.0032669421301545895 -0.0015012657583522346 -0.0024395697155003542 1.6157940462618894e-07 0.0065947915472088581 0.0027789804520390992 -4.2328745042615573e-05 -0.0013694941663948985
leaf_weight=368.26519369333982 779.71949861105531 111.97831497900188 260.42935636173934 635.13998468406498 124.85140130668879 102.7695184238255 184.03594856709242 294.93148875422776 205.32653702795506 269.69276581704617 177.94169910252094 95.015426468104124 5695.2953366450965 1145.3599357875064
leaf_count=2604 10912 1439 3654 9382 3027 2012 3634 6420 2994 2009 1298 1942 73571 15872
internal_value=0 0.000519797 -0.00138458 0.00105419 0.00184397 0.000487752 0.00177591 -0.000137759 3.75744e-05 0.001296 0.0027772 -0.00032314 -0.000135645 -0.000770143
internal_weight=0 1787.47 372.408 1415.06 779.922 411.657 286.805 8663.28 6738.2 837.581 447.634 389.947 5900.62 1925.08
internal_count=140770 25752 5093 20659 11277 8673 5646 115018 88234 11669 3307 8362 76565 26784
is_linear=0
shrinkage=0.0101079


Tree=282
num_leaves=15
num_cat=0
split_feature=15 10 29 0 20 23 13 15 13 13 9 14 29 11
split_gain=6.55911 18.4381 12.7267 12.0833 11.1846 14.6648 9.94413 13.8371 13.3748 9.41559 10.8487 8.73226 21.8854 28.389
threshold=3.7448798418045048 0.2146493345499039 -0.60785761475563038 0.54242739081382763 -9.8715405464172346 0.86145025491714489 0.010482620447874071 11.496576786041262 -0.0016155038028955457 -0.017335792072117325 0.15459212660789493 -18.08936786651611 0.6078576147556306 0.13185285031795504
decision_type=2 2 2 2 2 2 2 2 2 2 2 2 2 2
left_child=1 -1 -2 6 -3 -6 8 -8 9 10 -4 12 13 -5
right_child=2 4 3 11 5 -7 7 -9 -10 -11 -12 -13 -14 -15
leaf_value=0.0010860579950641945 0.0028332402144025971 0.00096622638708276476 0 0.002449166645159595 0.00016233121607288974 -0.0043995700554403687 0.0025964540907619208 -0.0015234443543337402 -0.0062927307756154285 0.0011681015955905892 -0.0047336011813888463 -0.00014443617638414821 0.0044399251609940904 -0.0037129523225201432
leaf_weight=1420.896312716417 137.06017375737429 112.69872087426484 86.76400875300169 162.57636074721813 96.359800236299634 160.92322191689163 111.48100924585015 259.15957585349679 77.83622417692095 81.607220467180014 100.29903069045395 7401.6170250335708 144.06533194892108 129.33464691601694
leaf_count=20738 1533 1438 1407 2428 1543 2113 1514 3896 1247 1322 1725 96670 2044 1561
internal_value=0 0.000546863 -0.000123418 -0.000178001 -0.00139674 -0.00258268 -0.00142911 -0.000149817 -0.00265043 -0.00130397 -0.00259395 -5.7082e-05 0.00131162 -0.000170874
internal_weight=0 1790.88 8691.8 8554.74 369.982 257.283 717.147 370.641 346.506 268.67 187.063 7837.59 435.976 291.911
internal_count=141179 25832 115347 113814 5094 3656 11111 5410 5701 4454 3132 102703 6033 3989
is_linear=0
shrinkage=0.0101079


Tree=283
num_leaves=15
num_cat=0
split_feature=0 6 20 3 3 9 3 17 33 15 12 21 29 12
split_gain=7.22619 11.8709 14.2553 20.0906 23.0914 16.3332 11.548 10.3214 12.5006 9.2461 16.2228 15.8469 12.6998 25.4063
threshold=1.3853200674057009 -9.8139400482177717 -3.0160635709762569 0.81785786151885997 0.63145607709884655 0.40916523337364202 0.81432813405990612 85.500000000000014 0.9590476155281068 3.6121016740798955 -0.06180115602910518 -2.6287106275558467 0.6078576147556306 -0.02309060841798782
decision_type=2 2 2 2 2 2 2 2 10 2 2 2 2 2
left_child=1 6 3 4 5 7 -1 8 -3 10 -4 -11 -12 -14
right_child=-2 2 9 -5 -6 -7 -8 -9 -10 11 12 -13 13 -15
leaf_value=0 0.00066939889582937452 0.0011311132357426409 -0.0020193211934771645 0.0047713823079311582 -0.0024581006646045224 -0.0011203553588043076 -0.003356627994085325 0 0.0060095032282615549 -0.0014918341752294083 0.00035641817393204997 -1.9611969746128545e-05 0 0.0068921241763854075
leaf_weight=235.85127739049494 1710.1692867316306 134.61535041406751 119.11720766685903 135.51571810990572 180.55722825229168 138.36993186362088 205.29125314112753 124.00700676627457 132.05732426047325 855.81332851760089 282.73892697878182 5997.7388827521354 93.036300590261817 112.58949524909258
leaf_count=3537 22182 2745 1771 2085 2546 1749 3136 1664 929 12339 4645 78629 1356 1517
internal_value=0 -4.4865e-05 3.68536e-05 0.00127844 0.000511245 0.00162065 -0.00164822 0.00269599 0.00379454 -9.95233e-05 0.00107718 -0.000210808 0.00193355 0.00382186
internal_weight=0 8747.3 8306.16 845.123 709.607 529.05 441.143 390.68 266.673 7461.03 607.482 6853.55 488.365 205.626
internal_count=140830 118648 111975 11718 9633 7087 6673 5338 3674 100257 9289 90968 7518 2873
is_linear=0
shrinkage=0.0101079


Tree=284
num_leaves=15
num_cat=0
split_feature=2 15 30 15 12 0 0 2 28 23 11 23 11 12
split_gain=5.11726 31.1249 15.5932 17.3016 17.0573 8.82346 6.78548 13.6059 9.74977 13.5751 6.85721 12.4037 11.6099 11.0323
threshold=0.46789002418518072 14.693442344665529 -0.56174489110708226 8.9676513671875018 0.0057945447042584428 0.74356010556221019 0.55220460891723644 0.59497067332267772 0.99702683091163646 0.46546681225299841 0.042298652231693275 0.34909661114215856 0.12586687505245212 -0.017805971205234524
decision_type=2 2 2 2 2 2 2 2 2 2 2 2 2 2
left_child=1 2 3 -1 5 -4 7 -2 9 -8 13 -12 -13 -9
right_child=6 -3 4 -5 -6 -7 8 10 -10 -11 11 12 -14 -15
leaf_value=-0.00276611658336289 0.0016092487286843333 -0.0028102406691181241 0.0031947654764152818 0.0028144895928863497 0.006355535420953469 -0.00035241523165667189 -0.003494927576739075 0 0.0029410180358733183 0 0.0023746942682887338 -0.0002954850349316645 -0.0048020216219897853 -0.0044847417271715309
leaf_weight=115.71683421730995 146.18752857483923 172.14870548993349 124.89635348692536 96.411481628194451 118.33872612938285 114.91132158599794 107.14626375958323 75.685239815153182 105.79502690397203 8727.2668349239975 87.155652476474643 232.39114794321358 83.034832188859582 160.76315571181476
leaf_count=1649 2231 2639 1680 1175 1489 1359 861 1442 1321 116501 977 3912 1124 2586
internal_value=0 0.000782251 0.00195959 -3.58089e-05 0.00322825 0.00137291 -8.29337e-05 -0.000979198 0 -4.1216e-05 -0.00164597 -0.000685537 -0.0016926 -0.00304274
internal_weight=0 742.423 570.275 212.128 358.146 239.808 9725.43 785.218 8940.21 8834.41 639.03 402.582 315.426 236.448
internal_count=140946 9991 7352 2824 4528 3039 130955 12272 118683 117362 10041 6013 5036 4028
is_linear=0
shrinkage=0.0101079


Tree=285
num_leaves=15
num_cat=0
split_feature=9 10 14 0 28 7 14 16 31 28 10 33 12 8
split_gain=8.71422 5.92715 9.54033 9.3766 12.0192 9.32446 8.58542 7.60156 5.54304 5.44773 13.5145 13.6861 10.5612 7.6603
threshold=0.064389906823635115 0.1079286001622677 -20.129232406616207 1.1635668873786928 0.69930991530418407 2.086965918540955 -6.8959367275238028 0.74362969398498546 1.0000000180025095e-35 -0.71473535895347584 0.039767071604728706 1.0013927817344668 0.0012606894597411158 -0.75443911552429188
decision_type=2 2 2 2 2 2 2 2 2 2 2 8 2 2
left_child=1 3 -3 4 7 -5 -4 8 -1 10 11 -2 -13 -11
right_child=9 2 6 5 -6 -7 -8 -9 -10 13 -12 12 -14 -15
leaf_value=4.9444013234938939e-05 -0.0025828980346195695 0.0027968232325521255 -0.0018194421489792375 0.0043549672211728469 0.0023356371309682712 0.0003361534690706248 0.00043717024528014522 0.0016055329423727189 -0.0018624807397117334 -0.00075300241666213211 0.00076885483124830426 0.0029275400685888622 -0.0012296718283372613 2.5177627298655597e-06
leaf_weight=315.27175165247172 277.10451709479094 95.415169589221478 286.87752468138933 154.92548014968634 273.94723585620522 132.27481032349169 363.40361526422203 183.7964837513864 238.14414042048156 1958.3041531499475 1776.600504592061 107.51109123975039 114.7449271120131 4185.6076918598264
leaf_count=4679 1971 1305 4233 2119 3805 1722 4516 2315 3107 26702 22823 2150 2269 57212
internal_value=0 0.000660311 -5.88701e-06 0.00107174 0.000553325 0.00269802 -0.000506357 -7.17545e-05 -0.00071525 -7.19461e-05 0.00034265 -0.00108255 0.000635546 -0.000232348
internal_weight=0 2044.06 745.696 1298.36 1011.16 287.2 650.281 737.212 553.416 8419.87 2275.96 499.361 222.256 6143.91
internal_count=140928 27801 10054 17747 13906 3841 8749 10101 7786 113127 29213 6390 4419 83914
is_linear=0
shrinkage=0.0101079


Tree=286
num_leaves=15
num_cat=0
split_feature=13 7 30 20 6 27 22 16 3 15 21 20 20 16
split_gain=6.88225 14.1487 37.107 7.97666 12.7162 9.49583 10.6409 6.59866 10.4166 7.21274 14.0274 25.0386 19.4235 21.1582
threshold=-0.089315064251422868 -26.796333312988278 -0.56174489110708226 -9.8715405464172346 -9.8139400482177717 -0.31107263267040247 -0.12231827154755591 0.0723240301012993 0.45833408832550054 21.420234680175785 5.241358995437623 0.62341064214706432 4.1270296573638925 0.66730114817619335
decision_type=2 2 2 2 2 2 2 2 2 2 2 2 2 2
left_child=1 -1 -3 -2 5 6 -5 8 -6 10 12 -12 -9 -14
right_child=3 2 -4 4 7 -7 -8 9 -10 -11 11 -13 13 -15
leaf_value=-0.0012414388120531414 0.0020561723957200481 -0.00087437116758175997 0.0068977046783604036 -0.0048003828594995034 -0.00049822619389378714 0 -0.00049023459726317737 -7.6940532459638452e-05 0.0035022929787400315 0.00074045201043936026 0.0019329083142308608 -0.0015423751003231523 -0.0001115211739648565 0.0053264601565857737
leaf_weight=113.02654482983053 168.09240945801139 114.06514398939908 110.43579360283911 141.36179337650537 97.252539383247495 170.22443504631519 138.45020176656544 6426.0714422296733 128.58369616419077 973.48862143419683 233.35279624257237 1393.2775901174173 118.75985496118665 137.28463972359896
leaf_count=1269 2140 1238 1427 2406 1574 2493 2041 87140 1937 13862 3039 16969 1776 1700
internal_value=0 0.00138256 0.00287547 -6.73657e-05 -0.000108822 -0.00175594 -0.00287827 -2.52588e-05 0.0016461 -7.16014e-05 -0.000172207 -0.00101234 2.71744e-05 0.00272038
internal_weight=0 337.527 224.501 10126.2 9958.11 450.036 279.812 9508.07 225.836 9282.23 8308.75 1626.63 6682.12 256.044
internal_count=141011 3934 2665 137077 134937 6940 4447 127997 3511 124486 110624 20008 90616 3476
is_linear=0
shrinkage=0.0101079


Tree=287
num_leaves=15
num_cat=0
split_feature=0 2 2 3 12 6 12 7 33 14 27 12 29 17
split_gain=5.36549 8.00043 11.8626 20.0475 11.4477 9.44934 10.8449 10.5324 18.3482 12.0356 10.4069 8.68975 8.03174 7.22955
threshold=1.7803847789764407 4.4996695518493661 2.9043198823928837 0.77308186888694774 -0.15342864394187924 -9.8139400482177717 -0.085043884813785539 -7.315607786178588 2.0062500238418584 -10.736767292022703 -0.61734244227409352 0.15886595845222476 -0.60785761475563038 84.500000000000014
decision_type=2 2 2 2 2 2 2 2 8 2 2 2 2 2
left_child=1 2 5 -4 -5 10 7 8 -7 -9 -1 12 -8 -14
right_child=-2 -3 3 4 -6 6 11 9 -10 -11 -12 -13 13 -15
leaf_value=-0.0037005156154275389 0.00080924133738940031 -0.0026433416328547135 0.0056940771555993889 -0.0025301699473936463 0.002142773651782278 0.0062305202722272718 0.002287245393955212 -0.0018755350535052319 0 0.0025959138596544297 -0.00010277402806571142 -0.0027683976560546148 -0.00025254670085140922 0.0005395714781486914
leaf_weight=146.69879070390016 756.18964857421815 114.69990065321326 90.316768281161785 86.941151395440102 115.23743627779186 94.312921725213528 136.09067423269153 133.19933942332864 94.874314911663532 101.32891652919352 229.96596504934132 117.25180143862963 6896.0068106465042 1389.9467044463381
leaf_count=2467 9951 1724 1247 1257 1774 684 1524 2034 1995 1439 3328 1491 90981 19428
internal_value=0 -7.01802e-05 -3.32692e-05 0.00193826 0 -0.000100877 -2.96981e-05 0.00152774 0.00325307 0 -0.00165503 -0.000113011 -6.87654e-05 -0.000114414
internal_weight=0 9746.87 9632.17 292.495 202.179 9339.68 8963.01 423.715 189.187 234.528 376.665 8539.3 8422.04 8285.95
internal_count=141324 131373 129649 4278 3031 125371 119576 6152 2679 3473 5795 113424 111933 110409
is_linear=0
shrinkage=0.0101079


Tree=288
num_leaves=15
num_cat=0
split_feature=22 2 30 16 21 12 11 18 12 21 29 22 3 12
split_gain=6.22499 7.44104 21.472 39.0678 33.2923 23.7012 16.6815 15.3232 25.066 22.2563 18.2168 17.4875 14.5384 32.3687
threshold=0.25271017849445349 0.76965805888175975 -0.56174489110708226 0.68915361166000377 3.138949036598206 -0.019782643765211102 0.12586687505245212 47.500000000000007 0.0057945447042584428 -2.2708755731582637 0.6078576147556306 -0.50010874867439259 0.33578196167945867 0.04219453968107701
decision_type=2 2 2 2 2 2 2 2 2 2 2 2 2 2
left_child=1 2 3 5 -5 -1 7 8 9 -4 -9 -11 13 -3
right_child=-2 12 6 4 -6 -7 -8 10 -10 11 -12 -13 -14 -15
leaf_value=0.00096537173381249647 0.00042258447136453876 0.0028180757833524868 0.0021924339639919836 0.0055055007679629918 -0.00042191307342772456 -0.0035337049325784714 -0.0020198163223728786 0.0044883538681093332 0.0046726122470980265 -0.0043591818020942922 0.0011351193704907574 0 -0.00055674892895176613 -0.0028412784460501474
leaf_weight=138.00324171036482 2808.8131269179285 366.20512942783535 176.16266764700413 134.35020327009261 268.33284385316074 477.85702946502715 152.5228077955544 258.98706412315369 99.369225414469838 171.98635666817427 592.96345526073128 228.67083555087447 4472.7662402717397 129.69200242869556
leaf_count=2157 36508 4667 2607 1492 3457 7251 2053 3464 1269 2459 7738 3029 61059 1792
internal_value=0 -0.000132487 0.000285843 -0.000847061 0.00152262 -0.00246111 0.000997137 0.00133317 0.000128713 -0.000635573 0.0022324 -0.00199593 -0.000367971 0.00123692
internal_weight=0 7667.87 2699.21 1018.54 402.683 615.86 1680.66 1528.14 676.189 576.82 851.951 400.657 4968.66 495.897
internal_count=141002 104494 36976 14357 4949 9408 22619 20566 9364 8095 11202 5488 67518 6459
is_linear=0
shrinkage=0.0101079


Tree=289
num_leaves=15
num_cat=0
split_feature=23 21 21 14 3 2 10 3 3 16 12 2 2 33
split_gain=6.26661 7.45501 12.6521 12.4321 8.41046 18.0665 19.4604 23.4943 21.9541 18.7261 15.8302 31.6607 22.8246 14.1299
threshold=1.5202746987342837 -15.086265563964842 -11.844729900360106 -25.202617645263668 0.39885307848453527 0.51358893513679515 0.13518520444631579 0.77737960219383251 0.56411120295524608 0.7981468439102174 0.04219453968107701 0.67720544338226329 1.0475376248359682 1.0013927817344668
decision_type=2 2 2 2 2 2 2 2 2 2 2 2 2 8
left_child=1 -1 -3 -4 10 -6 7 -7 -8 -9 11 13 -12 -5
right_child=-2 2 3 4 5 6 8 9 -10 -11 12 -13 -14 -15
leaf_value=-0.002510918375010223 0.0005947900605668007 0.0022777846551824588 -0.0031355924214974537 -0.0012556025231272503 0.0021769723533458653 -0.0013280320251232301 0.0017845595987456687 0.0012469412337400641 -0.00037320807236474314 -0.0034174524326323554 -0.0034697928888995015 0.0023374412605157761 0.0015172827881063942 0.00075261341658902528
leaf_weight=123.5474822409451 1496.6213105358183 219.08128425572067 131.98042111471295 655.53498860448599 275.13432607334107 2758.4079895541072 704.10982804186642 686.70922099985182 1430.9065338205546 90.094674063846469 228.14003225974739 794.07044686004519 136.57000709697604 754.669040100649
leaf_count=1796 18851 2609 1663 4945 3217 37067 9072 10026 19648 1249 2966 11056 1777 15176
internal_value=0 -0.000109739 -6.95808e-05 -0.000135695 -8.16746e-05 -0.000294342 -0.000424155 -0.000886735 0.000323326 0.000626344 0.000394196 0.000730129 -0.00150073 -0.000154078
internal_weight=0 8988.96 8865.41 8646.33 8514.35 5945.36 5670.23 3535.21 2135.02 776.804 2568.98 2204.27 364.71 1410.2
internal_count=141118 122267 120471 117862 116199 80279 77062 48342 28720 11275 35920 31177 4743 20121
is_linear=0
shrinkage=0.0101079


Tree=290
num_leaves=15
num_cat=0
split_feature=23 21 13 20 13 0 14 14 13 13 13 12 8 20
split_gain=6.44859 8.38147 15.0181 12.2788 8.70681 21.5562 8.70763 16.3199 7.83484 9.44707 7.85496 7.49328 13.8846 10.5775
threshold=1.5767598152160647 -15.086265563964842 -0.089315064251422868 -1.0396102070808408 -0.057939089834690087 0.70244207978248607 -23.498929977416989 -20.661470413208004 0.02522199880331755 0.047430494800210006 -0.010537162888795136 -0.13499972969293592 1.3024803996086123 -2.9563277959823604
decision_type=2 2 2 2 2 2 2 2 2 2 2 2 2 2
left_child=1 -1 3 -3 5 -4 -7 -8 10 -10 -2 12 -6 -13
right_child=8 2 4 -5 11 6 7 -9 9 -11 -12 13 -14 -15
leaf_value=-0.0025752318107597331 7.7470022817713842e-06 0.004705731197359125 -0.0041552650854004263 0 -0.0047327623418355934 -0.0023441484612511986 0.0044049235814053213 -0.00063877919542458409 -0.0016868355375220829 0.0011743089633983485 0.0020072378456076952 0.0010397149535338922 0.00041929608751822161 -0.00010953311237473739
leaf_weight=128.11848004534841 388.40251366049051 114.01118403486907 177.34367264807224 132.29345992207527 89.222543455660343 96.939795134589076 90.985833529382944 161.17485498264432 253.96039679460227 194.77842750400305 526.17160004749894 915.43407670035958 88.729479075409472 7102.7309759352356
leaf_count=1859 5421 1065 2881 1745 1405 1343 1391 2516 2956 2199 6561 13002 1314 95125
internal_value=0 -7.79631e-05 -3.56192e-05 0.00238062 -0.000110509 -0.0013625 1.24882e-06 0.00110117 0.000664846 -0.000357325 0.0012091 -2.39626e-05 -0.00203405 1.74945e-05
internal_weight=0 9096.98 8968.87 246.305 8722.56 526.444 349.1 252.161 1363.31 448.739 914.574 8196.12 177.952 8018.17
internal_count=140783 123646 121787 2810 118977 8131 5250 3907 17137 5155 11982 110846 2719 108127
is_linear=0
shrinkage=0.0101079


Tree=291
num_leaves=15
num_cat=0
split_feature=9 17 7 2 14 3 15 21 30 15 27 17 28 6
split_gain=6.33377 9.37802 13.1254 10.5075 12.7674 7.56498 6.95105 10.8915 14.7336 16.6255 14.2344 13.3287 12.7859 11.1532
threshold=0.064389906823635115 17.500000000000004 1.3687771558761599 1.0016534328460696 -17.485211372375485 0.79285037517547619 21.420234680175785 4.8786282539367685 1.0000000180025095e-35 15.261869430541994 0.43245348334312445 8.5000000000000018 0.4904943853616715 5.8681607246398935
decision_type=2 2 2 2 2 2 2 2 2 2 2 2 2 2
left_child=1 2 -1 -3 -5 -6 7 13 10 -10 12 -11 -9 -2
right_child=6 3 -4 4 5 -7 -8 8 9 11 -12 -13 -14 -15
leaf_value=0.0039228192830317102 -9.6674052977234947e-05 0.00092449670660855988 0.00021874917121118267 0.0017444295989299907 -0.0022705318378258622 0 0.00079298488320761593 -0.001664875074311951 -0.0020378284277057322 -0.00041630262317604724 0 0.0031431540074762275 -0.0054417956410926383 0.0017697014826310099
leaf_weight=177.97208980284631 5811.492122718133 871.84579965285957 262.76215201802552 152.03569049574435 371.13270714879036 218.05638953018934 817.25974409468472 431.02172189950943 195.48685285821557 169.73216668143868 320.35160426609218 216.86635391041636 140.14410199970007 338.85221652500331
leaf_count=2325 79087 11924 3299 2180 4994 3145 11507 5239 2367 1997 3783 2883 1945 4538
internal_value=0 0.000543668 0.00184612 0.000155795 -0.000694496 -0.00140596 -7.96492e-05 -0.000179199 -0.000957434 0.000232107 -0.00177452 0.00149988 -0.00272111 1.643e-06
internal_weight=0 2053.8 440.734 1613.07 741.225 589.189 8441.21 7623.95 1473.6 582.085 891.517 386.599 571.166 6150.34
internal_count=141213 27867 5624 22243 10319 8139 113346 101839 18214 7247 10967 4880 7184 83625
is_linear=0
shrinkage=0.0101079


Tree=292
num_leaves=15
num_cat=0
split_feature=9 12 17 21 5 21 21 12 3 14 16 3 12 20
split_gain=5.94213 7.60181 15.2233 6.99148 6.83277 15.6315 8.60931 10.4267 8.05345 7.82858 10.9055 10.4831 16.213 11.4085
threshold=0.064389906823635115 0.027544913813471798 27.500000000000004 -10.159626960754393 -11.37492799758911 -15.086265563964842 -11.844729900360106 -0.12122447788715361 0.93384674191474926 -25.202617645263668 0.14274949580430987 0.58463549613952648 -0.043224057182669633 -2.2091268301010127
decision_type=2 2 2 2 2 2 2 2 2 2 2 2 2 2
left_child=1 2 -1 -4 -2 -6 -7 8 -8 -9 11 12 -11 -14
right_child=4 -3 3 -5 5 6 7 9 -10 10 -12 -13 13 -15
leaf_value=0.0038507550438555394 0.0016917951860916545 -0.00028376080893597559 0.003054598046028444 0.00020717952144270427 -0.0039795932627876476 0.0019679033672052124 -0.00014166625817342809 -0.0027861690755198588 -0.0046651699987447807 0.0053797841408861312 -0.00017082710133964888 -0.00015114648693429676 -0.0017672775355417091 0.003063147250763544
leaf_weight=159.05453085340559 195.73019195720553 749.01080957613885 94.45017558708787 1048.343047356233 101.62361553125083 187.40887139458209 106.76693110540509 102.82544765248895 85.605123050510883 117.97222267091274 7113.2645675726235 226.52577058784664 93.828311659395695 85.198254695162177
leaf_count=2113 2569 9651 1285 14752 1373 2298 1712 1368 1249 1809 94567 3450 1415 1368
internal_value=0 0.000484948 0.000957224 0.000496422 -0.00012083 -0.000170436 -0.000114085 -0.000170221 -0.00245832 -0.000105756 -6.16219e-05 0.00132707 0.002563 0.000345798
internal_weight=0 2050.86 1301.85 1142.79 8416.75 8221.02 8119.4 7931.99 192.372 7739.61 7636.79 523.525 296.999 179.027
internal_count=140979 27801 18150 16037 113178 110609 109236 106938 2961 103977 102609 8042 4592 2783
is_linear=0
shrinkage=0.0101079


Tree=293
num_leaves=15
num_cat=0
split_feature=9 14 29 20 2 17 15 15 15 14 20 4 18 4
split_gain=6.6457 12.5873 22.6655 16.7608 9.0512 13.6176 11.006 9.37323 7.57056 14.3389 11.753 7.47049 9.22673 7.37974
threshold=0.11959556117653848 -18.08936786651611 0.6078576147556306 -1.3926353454589842 1.3064054250717165 13.500000000000002 20.193663597106937 9.4983911514282244 21.420234680175785 -1.213942229747772 4.3759174346923837 1.0466921329498293 86.500000000000014 4.7955079078674325
decision_type=2 2 2 2 2 2 2 2 2 2 2 2 2 2
left_child=1 2 3 -1 -3 -6 7 -7 9 10 -2 12 -10 -13
right_child=8 4 -4 -5 5 6 -8 -9 11 -11 -12 13 -14 -15
leaf_value=0.0023847050402225844 -0.00032777006763717376 0.00043335870829917149 0.0052468619951688122 -0.0024935666218168827 0.0016044123554038404 -0.00053402780216976471 0.00099472258215281052 -0.0033360280565397867 0.0011491774597207338 -0.0022205932403116897 0.0013458180537470055 0.0026039094254926964 -0.0022372690102799276 -0.00015686783961864245
leaf_weight=156.37932784110308 5204.4270206512883 2456.7530218698084 136.35569596383721 118.50861434079707 176.64554277062416 283.13316606730223 129.97072508744895 287.18725100532174 165.92168473266065 376.71322885900736 453.16182904317975 274.24914860352874 140.14883685484529 110.74787060730159
leaf_count=2301 70323 32428 2154 1730 2252 4059 1932 3846 2559 4284 6169 3622 2025 1473
internal_value=0 0.00032891 0.00198642 0.000127708 0.000108249 -0.000752649 -0.0014153 -0.00204048 -0.000201611 -0.000321368 -0.000184938 0.000778222 -0.000289074 0.00171899
internal_weight=0 3744.93 411.244 274.888 3333.69 876.937 700.291 570.32 6725.37 6034.3 5657.59 691.068 306.071 384.997
internal_count=141157 50702 6185 4031 44517 12089 9837 7905 90455 80776 76492 9679 4584 5095
is_linear=0
shrinkage=0.0101079


Tree=294
num_leaves=15
num_cat=0
split_feature=7 15 3 5 27 30 0 11 16 27 3 28 9 2
split_gain=7.37472 8.04851 17.4681 17.5131 22.453 12.5053 10.6997 20.0803 37.3031 16.2345 12.489 15.4185 11.8001 10.1606
threshold=-28.77313137054443 3.7448798418045048 0.64104759693145763 -4.0257663726806632 0.52803644537925731 -0.56174489110708226 0.59177720546722423 0.13572440296411517 0.88929101824760448 -0.47136868536472315 0.59836971759796154 0.69930991530418407 0.27152794599533087 0.82778537273406994
decision_type=2 2 2 2 2 2 2 2 2 2 2 2 2 2
left_child=-1 2 3 4 -2 13 7 8 9 -3 11 -11 -13 -5
right_child=1 6 -4 5 -6 -7 -8 -9 -10 10 -12 12 -14 -15
leaf_value=-0.0027303715156408717 0.0022417230982950428 -0.00468532463936688 -0.0004064838334087286 -0.0017982177264636756 -0.0032452116196863947 0.0035763618395938421 -3.2010412995820259e-06 -0.0054706680851882112 0.0054570723364241657 0.00057589766560305446 0.0017041145957213866 -0.0035911015628960546 0.00012540207394928812 0.0025817964381798218
leaf_weight=95.892732497304678 144.8477606382221 117.76432776264846 823.96336514037102 96.939615119248629 140.58789794333279 408.23915115371346 7602.2504718983546 91.708499234169722 84.532256649807096 231.39436557143927 161.30125800333917 287.3951174877584 94.267801886424422 98.984244463965297
leaf_count=1129 1929 2077 11914 1893 2051 5788 98784 1329 1200 3622 2481 4169 1426 1276
internal_value=0 -1.30629e-05 0.000613998 0.00159974 -0.000336746 0.00257362 -0.000142086 -0.00108569 -0.000593564 -0.00125332 -0.000638962 -0.00133407 -0.00258466 0.000229522
internal_weight=0 10384.2 1713.56 889.599 285.436 604.163 8670.61 1068.36 976.655 892.123 774.359 613.057 381.663 195.924
internal_count=141068 139939 24851 12937 3980 8957 115088 16304 14975 13775 11698 9217 5595 3169
is_linear=0
shrinkage=0.0101079


Tree=295
num_leaves=15
num_cat=0
split_feature=9 14 2 17 15 14 20 13 28 5 3 33 2 11
split_gain=6.31049 7.04655 8.86779 7.27704 6.82483 10.2918 10.2302 10.8427 10.5821 9.64656 16.8909 23.366 12.3173 15.6851
threshold=0.063069403171539321 -18.08936786651611 1.3154932260513308 15.500000000000002 21.420234680175785 -1.1366301178932188 4.1270296573638925 0.028110747225582603 -0.31107263267040247 1.789089620113373 0.53484204411506664 0.99393379688262951 0.94282457232475292 0.070542857050895705
decision_type=2 2 2 2 2 2 2 2 2 2 2 10 2 2
left_child=1 -1 -3 -4 5 6 9 8 -8 -2 11 12 13 -11
right_child=4 2 3 -5 -6 -7 7 -9 -10 10 -12 -13 -14 -15
leaf_value=0.0022037605039759447 -1.2163512689702922e-05 0.0007171263830795852 0.0011315260768555795 -0.0016118994002405249 0.00075100238812992053 -0.0018182005318715759 0.00058213183943575187 -0.00091139477038893184 0.0040569673011525741 -0.00048476104524911571 9.136323713343779e-05 -0.0035725642571132867 -0.0029442353143564687 0.0043725054887381069
leaf_weight=224.15101312659681 5077.4013318894431 1318.9897774010897 111.4893671348691 358.60183648951352 820.83172645606101 381.16179144568741 277.47206691280007 161.34035282209516 157.96632182225585 192.43049574643373 779.76027803122997 420.26356223225594 105.99835588783026 88.052375115454197
leaf_count=3365 68415 17477 1404 5055 11639 4316 3771 1923 2314 3897 10317 3177 2133 1795
internal_value=0 0.000518148 0.000275955 -0.000868797 -0.000110112 -0.000208558 -0.000116665 0.00113134 0.00198229 -0.000235666 -0.000922068 -0.00194301 -3.33815e-05 0.000974961
internal_weight=0 2013.23 1789.08 470.091 8462.68 7641.85 7260.69 596.779 435.438 6663.91 1586.51 806.745 386.481 280.483
internal_count=140998 27301 23936 6459 113697 102058 97742 8008 6085 89734 21319 11002 7825 5692
is_linear=0
shrinkage=0.0101079


Tree=296
num_leaves=15
num_cat=0
split_feature=29 28 27 23 20 14 29 8 3 23 3 9 2 20
split_gain=4.65286 6.736 24.6733 19.9475 17.7331 20.7112 19.2739 19.1948 14.8566 14.7443 18.7108 17.6542 16.8052 11.3117
threshold=-0.60785761475563038 0.43245348334312445 -0.032717135734856122 0.90330305695533764 1.0000000180025095e-35 -6.8959367275238028 0.87837970256805431 0.52895203232765209 0.67501461505889904 0.51847976446151745 0.57045534253120433 0.17285060882568362 0.44629752635955816 2.5878820419311528
decision_type=2 2 2 2 2 2 2 2 2 2 2 2 2 2
left_child=-1 -2 4 8 5 7 -6 -3 9 -4 11 12 -11 -5
right_child=1 2 3 13 6 -7 -8 -9 -10 10 -12 -13 -14 -15
leaf_value=0.0015896703199052948 9.2926747072362873e-05 -0.0029574986871097673 -0.0014087373064257474 -0.0024803670597999651 -0.0017913967780835227 0.0039523313846976087 -0.006587439124258695 0.0011725950543206368 0.0040324013787616571 0 -0.002749431911214848 0 0.0038946147294589809 0.00045951486400012172
leaf_weight=165.56012993305922 7139.6670901980251 260.39532741811126 311.73324152827263 360.1014979314059 489.8424370335415 88.470037491992116 114.40273734740913 178.36529364902526 127.89257266931236 133.44706501625478 105.13008077628911 452.21712153218687 370.06194431893528 174.44430097751319
leaf_count=1922 94609 4238 4006 3915 7180 1131 1782 2874 1896 1875 1573 6675 5278 1977
internal_value=0 -7.45148e-05 -0.000464128 0.000184139 -0.00165905 -0.000212701 -0.00283647 -0.00119646 0.000798734 0.000447459 0.00103697 0.001514 0.00280159 -0.0014533
internal_weight=0 10306.2 3166.5 2035.03 1131.48 527.231 604.245 438.761 1500.48 1372.59 1060.86 955.726 503.509 534.546
internal_count=140931 139009 44400 27195 17205 8243 8962 7112 21303 19407 15401 13828 7153 5892
is_linear=0
shrinkage=0.0101079


Tree=297
num_leaves=15
num_cat=0
split_feature=2 2 7 12 14 2 11 7 15 23 15 13 22 20
split_gain=6.4497 12.5348 9.15405 8.47145 8.56773 16.6276 17.4081 14.1204 19.5363 17.3466 15.0073 17.4851 23.2017 12.5887
threshold=4.4996695518493661 2.9043198823928837 -15.28930616378784 0.16664850711822513 -7.4560420513153067 0.46789002418518072 0.052726065739989288 0.12259309738874437 8.7495045661926287 0.84889179468154918 6.4343352317810067 0.015948743559420112 -0.62621015310287464 -2.2564504146575923
decision_type=2 2 2 2 2 2 2 2 2 2 2 2 2 2
left_child=1 3 -3 4 5 6 -1 8 9 -6 -9 12 -12 -13
right_child=-2 2 -4 -5 7 -7 -8 10 -10 -11 11 13 -14 -15
leaf_value=0.004707888759494936 -0.0020285834906210655 0.0045285560102373505 0.00070311252332137418 -0.0029301524892437454 -0.0025291774830551129 -0.00047989817585948288 -0.00014364332261049522 0.0033505960015704599 0.0027870446365069845 0.001760955363844269 -0.0045080320419508858 0.003528228108188378 -0.00046363135335275016 0.00014323921487900253
leaf_weight=125.19925318658352 152.86267319507897 91.654520306736231 297.23458414152265 96.211204776540399 176.24222731590271 4560.6575034316629 139.15740130841732 126.4254040941596 478.94880805443972 189.71408215910196 176.83792732190341 111.28929454274476 842.73794878274202 2930.3428603066131
leaf_count=1905 2247 1252 4268 1256 2253 66305 2283 1445 5524 2376 2608 1431 10564 35397
internal_value=0 1.1061e-05 0.00177665 -5.51627e-05 -2.07519e-05 -0.000328607 0.00207278 0.000266424 0.00145283 -0.000206202 1.51917e-05 -8.47765e-05 -0.00123281 0.000288894
internal_weight=0 10342.7 388.889 9953.76 9857.55 4825.01 264.357 5032.54 844.905 365.956 4187.63 4061.21 1019.58 3041.63
internal_count=141114 138867 5520 133347 132091 70493 4188 61598 10153 4629 51445 50000 13172 36828
is_linear=0
shrinkage=0.0101079


Tree=298
num_leaves=15
num_cat=0
split_feature=11 23 27 15 6 15 7 12 13 0 2 16 8 8
split_gain=5.95074 7.88227 7.54066 16.9847 16.2128 15.6217 20.6974 14.4586 12.8508 10.8228 10.5397 16.493 15.614 9.7291
threshold=0.010057664010673763 0.9712112843990327 0.87137606739997875 5.823810577392579 -3.0443212985992427 9.6550388336181658 6.7234234809875497 0.0077996840700507173 -0.070731569081544862 1.3579789996147158 0.89761194586753856 0.85063448548316967 -0.75443911552429188 0.4229473769664765
decision_type=2 2 2 2 2 2 2 2 2 2 2 2 2 2
left_child=1 -1 9 7 -5 13 -7 8 -4 -2 11 -8 -12 -6
right_child=2 -3 3 4 5 6 10 -9 -10 -11 12 -13 -14 -15
leaf_value=0.0014370523203844955 -0.00039229430273526682 -0.00038274055150412851 0.0030306388132564947 0.0047456169785881699 0.0042505326287529555 -0.0023850993469313859 0.0018620063977728264 -0.0044285546552715795 -0.0011871793695052968 0.00052694886694635873 0 -0.0031454673835880375 0.0044612397036290514 9.6277687217081282e-05
leaf_weight=634.59887060057372 6224.9322975082323 339.86548154242337 91.474727300927043 115.84114823490381 169.5679268874228 244.7047184817493 139.65187980607152 93.244270527735353 278.07066714204848 1618.731996929273 123.16206954419613 112.63981108926237 159.96789488382638 116.69018666818738
leaf_count=8550 84809 4738 1088 1617 2320 3161 1867 1312 4224 21081 1340 1485 1879 1467
internal_value=0 0.000763082 -6.27057e-05 0.00055155 0.00120819 0.000755222 0 -0.00103218 0 -0.0001971 0.00111832 -0.00024457 0.00244658 0.00274137
internal_weight=0 974.464 9488.68 1645.02 1182.23 1066.38 780.126 462.79 369.545 7843.66 535.422 252.292 283.13 286.258
internal_count=140938 13288 127650 21760 15136 13519 9732 6624 5312 105890 6571 3352 3219 3787
is_linear=0
shrinkage=0.0101079


Tree=299
num_leaves=15
num_cat=0
split_feature=7 30 14 12 21 0 21 28 15 15 3 20 7 11
split_gain=7.91199 6.99154 20.4261 14.1388 24.0289 21.8702 19.3079 23.8711 16.8701 14.8906 14.7066 14.1162 12.7794 18.3856
threshold=-28.77313137054443 -0.56174489110708226 -27.496733665466305 -0.013950478751212357 1.6418299078941347 1.1188041567802431 4.7133941650390634 0.24825246632099154 21.420234680175785 10.485565662384035 0.39885307848453527 -1.9456778764724729 10.19769859313965 0.049052741378545768
decision_type=2 2 2 2 2 2 2 2 2 2 2 2 2 2
left_child=-1 3 -3 10 5 -5 7 9 12 -6 11 -2 13 -8
right_child=1 2 -4 4 6 -7 8 -9 -10 -11 -12 -13 -14 -15
leaf_value=-0.0027522108067611815 -0.00013350376211103797 0.0046581034453700414 0.00019380027343941149 -0.0028766276809180187 -0.0027045503622754497 0.0010417854965915781 -0.002347334325308197 0.0044267190138525094 0.00065263368145168535 0.0013249633254150117 0 0.00404062206358564 -0.0029145177108353105 0.0028592023668431855
leaf_weight=94.792734770104289 107.77660324797034 100.01274294033647 6320.6479452503845 694.90171542949975 127.02138526365161 162.0033112578094 151.18373750336468 180.14041527360678 445.26709674485028 297.92259065434337 1090.8368990467861 197.67827581614256 412.44622047804296 115.10149192810059
leaf_count=1108 1445 1258 84515 10404 1663 2181 2089 2340 5830 3630 15439 2858 4976 1431
internal_value=0 6.57442e-05 0.000275088 -0.000261512 -0.000710182 -0.00208633 0 0.00142299 -0.000804259 3.98955e-07 0.000539939 0.00247112 -0.00181566 0
internal_weight=0 10402.9 6420.66 3982.28 2585.99 856.905 1729.08 605.084 1124 424.944 1396.29 305.455 678.731 266.285
internal_count=141167 140059 85773 54286 34544 12585 21959 7633 14326 5293 19742 4303 8496 3520
is_linear=0
shrinkage=0.0101079


Tree=300
num_leaves=15
num_cat=0
split_feature=18 28 15 3 12 15 14 29 15 17 13 2 12 15
split_gain=6.63045 12.4436 17.4665 10.4441 14.1308 7.13718 11.5748 8.49568 24.738 14.1121 22.9126 11.8227 16.8321 15.8486
threshold=93.500000000000014 0.6835516393184663 11.862600326538088 0.72356757521629345 0.059591833502054221 21.420234680175785 -1.815710663795471 0.87837970256805431 12.927700519561769 70.500000000000014 0.015139502938836815 1.0181676745414736 0.03155620954930783 12.337681770324709
decision_type=2 2 2 2 2 2 2 2 2 2 2 2 2 2
left_child=5 3 -3 4 -2 6 7 11 9 10 -9 12 13 -1
right_child=1 2 -4 -5 -6 -7 -8 8 -10 -11 -12 -13 -14 -15
leaf_value=0.00011057480815498478 0.00070000699061587501 0.0019663822747302594 -0.0024611827525956032 -0.0005780084760464866 0.0041374900187865415 0.00086738808704465769 -0.0014977092228755343 0.0010386841934064109 -0.0018945233749117275 0 0.0052354434652510124 -0.00066910271360050907 -0.0013237425025534779 0.0019832207421162542
leaf_weight=2151.7078088317066 334.93517473712564 135.32390238624066 223.04008946660906 150.50430406536907 228.95016198977828 764.24935849383473 594.18540839105844 642.52531126141548 310.84908008016646 536.77950745355338 177.08264040574431 3035.1208996949717 590.21146822348237 600.66265507414937
leaf_count=30305 4152 1801 3052 2077 2693 10989 6884 8906 4205 7408 2070 41068 8015 7485
internal_value=0 0.000778086 -0.000672471 0.00156125 0.00220318 -5.66097e-05 -0.000143727 -3.73703e-05 0.000597199 0.00120533 0.00203432 -0.000210115 0.00019514 0.000538279
internal_weight=0 1072.75 358.364 714.39 563.885 9403.37 8639.12 8044.94 1667.24 1356.39 819.608 6377.7 3342.58 2752.37
internal_count=141110 13775 4853 8922 6845 127335 116346 109462 22589 18384 10976 86873 45805 37790
is_linear=0
shrinkage=0.0101079


Tree=301
num_leaves=15
num_cat=0
split_feature=3 3 33 8 11 11 30 15 2 6 2 30 3 28
split_gain=5.37389 17.0071 13.4844 17.6032 10.5814 15.9176 10.8535 10.4981 9.50264 9.38164 8.78591 24.3303 13.8421 9.8706
threshold=0.34503790736198431 0.29990671575069433 0.99611112475395214 0.35601082444190985 0.10318939760327341 0.06816545128822328 1.0000000180025095e-35 14.802277088165285 0.4610923975706101 0.94543868303298961 0.51358893513679515 -0.56174489110708226 0.40361461043357855 0.39271505177021032
decision_type=2 2 10 2 2 2 2 2 2 2 2 2 2 2
left_child=1 4 3 -3 5 7 -7 8 -1 -4 11 -2 -13 -12
right_child=10 2 9 -5 -6 6 -8 -9 -10 -11 13 12 -14 -15
leaf_value=0.0023869096108762649 -0.0019332699348798992 0.0048607052550184108 0.0018333260298238443 0 -0.0011996525472740579 0.00042222883698184177 0.0046341928016125052 -0.0036612238468759694 -0.0013022535148972071 -0.001267982495459016 1.5240424215022427e-05 0 0.0046844394480963928 -0.00074900873484871997
leaf_weight=115.18930498324335 144.19444029312581 213.98336555808783 192.77177786082029 133.20264120865613 610.73113665357232 172.16741165518761 121.41996842995286 86.050252361223102 155.63314486201853 181.81809578090906 5611.8252523764968 118.81958619877696 175.3868759535253 2424.8346459353343
leaf_count=1698 1645 4154 1381 2625 8739 2654 1691 1374 2358 1332 73554 1296 2105 34269
internal_value=0 0.000452773 0.00168847 0.00311257 -0.000228396 0.000625335 0.00237192 -0.000719996 0.000143839 0.000226799 -0.000130042 0.001238 0.00293603 -0.000210808
internal_weight=0 1982.97 721.776 347.186 1261.19 650.46 293.587 356.873 270.822 374.59 8475.06 438.401 294.206 8036.66
internal_count=140875 28006 9492 6779 18514 9775 4345 5430 4056 2713 112869 5046 3401 107823
is_linear=0
shrinkage=0.0101079


Tree=302
num_leaves=15
num_cat=0
split_feature=15 21 18 23 12 3 12 3 14 10 2 3 29 2
split_gain=6.82819 14.3392 13.356 28.1746 25.5556 17.2098 14.6209 14.7354 11.5464 17.6636 17.388 24.2987 15.1463 25.341
threshold=21.420234680175785 4.8786282539367685 55.500000000000007 1.1300530433654787 0.016788594424724582 0.89622375369071972 0.058624722063541419 0.50432926416397106 -7.0697307586669913 0.10068974271416666 0.46789002418518072 0.28966398537158972 -1.0000000180025095e-35 0.68692174553871166
decision_type=2 2 2 2 2 2 2 2 2 2 2 2 2 2
left_child=1 8 3 -3 -4 6 -6 -8 10 -10 11 -1 13 -12
right_child=-2 2 4 -5 5 -7 7 -9 9 -11 12 -13 -14 -15
leaf_value=-0.00021351342798125444 0.00076610183553591958 -0.0047412937625592464 0.0036703263480303821 0.00042206330963667066 -0.0020353485943394333 -0.0041420673481456418 0.0036272623480735956 -0.00019305687392295016 0.00013407219187338873 0.0021451129910696667 -0.0030174253807772225 0.0054402523619743511 -0.00061860757433781436 0.0015683999645836697
leaf_weight=158.99431531690061 975.94169737957418 238.33073650673032 129.64333068113774 166.77791904844344 374.9256475456059 142.16221703961492 112.71630819328129 622.28809050470591 1909.8822384225205 596.6438531447202 134.71651512105018 122.923149978742 4009.3897685483098 762.90626566577703
leaf_count=2591 13884 2916 1649 2190 4449 2173 1218 7551 22918 7017 2214 1816 57627 10738
internal_value=0 -0.000117005 -0.000932248 -0.00254899 -0.00041769 -0.000892791 -0.000414933 0.000369531 6.77689e-05 0.00063394 -0.000198457 0.00219023 -0.000347121 0.000815778
internal_weight=0 9482.3 1786.84 405.109 1381.74 1252.09 1109.93 735.004 7695.46 2506.53 5188.93 281.917 4907.01 897.623
internal_count=140951 127067 22146 5106 17040 15391 13218 8769 104921 29935 74986 4407 70579 12952
is_linear=0
shrinkage=0.0101079


Tree=303
num_leaves=15
num_cat=0
split_feature=23 27 30 33 18 20 21 10 33 3 14 21 20 14
split_gain=6.35784 8.33753 14.9909 20.0325 25.5088 23.9675 17.9161 18.3306 24.1623 25.2935 16.7227 16.4302 14.5818 12.8402
threshold=2.1015208959579472 -0.61734244227409352 1.0000000180025095e-35 0.90112781524658214 80.500000000000014 -1.075360834598541 5.8348829746246347 0.21926438808441165 1.180555582046509 0.6626533865928651 -4.3504509925842276 9.8347606658935565 -2.5617319345474239 -7.5851504802703849
decision_type=2 2 2 10 2 2 2 2 8 2 2 2 2 2
left_child=1 2 6 4 -4 -5 7 8 9 -1 -7 -8 13 -3
right_child=-2 12 3 5 -6 10 11 -9 -10 -11 -12 -13 -14 -15
leaf_value=0.0057078488640407571 0.0010579252990876465 0.00072018680984491828 -0.0011949509902896736 -0.0058439519128169175 0.0046423959609218019 0.00091033859082818771 -0.0037518158302626389 -0.0031420567604457405 -0.00037782320581850493 0.00085946464103221906 -0.0032952275293749848 4.1080444902682918e-05 -0.00011304377513758495 0.0045007591596567366
leaf_weight=179.27940328419209 512.54301420971751 1112.7024472504854 361.73823179956526 180.92365182936192 88.822281409054995 173.01317440718412 201.60063377209008 101.17829765565693 489.7878561289981 337.08419705927372 178.95549798756838 217.47544552199543 6234.3223954699934 100.33405547402799
leaf_count=1305 6128 15203 8096 1421 2142 1434 2548 1346 10699 2585 1452 3065 82299 1302
internal_value=0 -8.63729e-05 -0.000591207 -0.00155982 0 -0.00287186 1.11176e-05 0.000711066 0.00115922 0.00267871 -0.00113988 -0.00172309 7.87617e-05 0.00109225
internal_weight=0 9957.22 2509.86 983.453 450.561 532.892 1526.41 1107.33 1006.15 516.364 351.969 419.076 7447.36 1213.04
internal_count=141025 134897 36093 14545 10238 4307 21548 15935 14589 3890 2886 5613 98804 16505
is_linear=0
shrinkage=0.0101079


Tree=304
num_leaves=15
num_cat=0
split_feature=9 10 14 17 25 14 28 13 5 18 15 15 27 4
split_gain=5.80165 7.20825 7.592 9.2376 5.57096 6.02065 9.26757 7.24582 7.52404 9.59527 6.08532 5.61005 6.98521 11.1775
threshold=0.064389906823635115 0.050365995615720756 -18.08936786651611 16.500000000000004 0.16742886602878573 -7.5216050148010245 0.50938662886619579 0.0020840222714468841 -0.57181283831596363 80.500000000000014 11.586567401885988 6.2247688770294198 0.75894212722778331 1.3642323613166811
decision_type=2 2 2 2 2 2 2 2 2 2 2 2 2 2
left_child=1 -1 -3 -4 5 11 7 -7 -9 -10 -8 -2 13 -13
right_child=4 2 3 -5 -6 6 10 8 9 -11 -12 12 -14 -15
leaf_value=0.001362712366631941 0.00023112030685463444 0.001967870685350967 0.0012868089435518451 -0.00073285957357276728 -0.00032198081061783162 0.0026885293366014792 0.00091852706857442699 0.002203642535991581 -0.00077964541693612878 0.0015954460148681392 -0.001366561730490624 -0.0024295094052768982 0.0006902833226079888 0.00082198948269098166
leaf_weight=655.10679486766458 1045.329151940532 179.47362129762769 292.15826351381838 926.80831825826317 5050.7289866153151 248.49743047915399 163.36504033580422 233.42264220677316 444.78540255129337 270.88429731503129 310.74383704643697 377.11132267769426 164.13411515392363 123.38901049364358
leaf_count=8899 15386 2661 3588 12657 66715 3206 2034 2870 5677 3323 4181 5740 2448 1875
internal_value=0 0.00049136 4.91867e-05 -0.00021078 -0.000106443 0.000203527 0.000639498 0.00112174 0.000651005 7.06958e-05 -0.000493037 -0.000200057 -0.000933373 -0.00154791
internal_weight=0 2053.55 1398.44 1218.97 8432.39 3381.66 1671.7 1197.59 949.092 715.67 474.109 1709.96 664.634 500.5
internal_count=141260 27805 18906 16245 113455 46740 21291 15076 11870 9000 6215 25449 10063 7615
is_linear=0
shrinkage=0.0101079


Tree=305
num_leaves=15
num_cat=0
split_feature=2 2 3 3 12 12 10 2 2 2 7 10 18 27
split_gain=6.44616 14.6055 5.92561 23.8171 22.2058 16.0789 21.9408 14.7195 13.7888 10.2783 15.1836 14.6863 9.88443 20.5856
threshold=4.4996695518493661 3.1709257364273076 0.34503790736198431 0.3102222234010697 0.04219453968107701 -0.0006542288465425371 0.07586251944303514 0.59933584928512584 0.4610923975706101 0.64945822954177868 -17.586205482482907 0.040480783209204681 26.500000000000004 0.50938662886619579
decision_type=2 2 2 2 2 2 2 2 2 2 2 2 2 2
left_child=1 2 3 4 9 7 -7 -5 -4 12 -11 -12 -1 -14
right_child=-2 -3 8 5 -6 6 -8 -9 -10 10 11 -13 13 -15
leaf_value=-0.0021328973203010759 -0.0019958419648861878 0.0023715391346469058 0.0022258581039924408 -0.0025848495323952535 -0.0040760829210069087 0.0061775351656582315 0.00059926201213348035 0.0023047208829927077 -0.00019282304939021526 -0.0011634317891833412 -0.00010603462843632118 0.0040685662641089734 -0.0020627238715317069 0.0017770760202648159
leaf_weight=243.01392474211752 148.20554310642183 266.80423538573086 239.12425955664366 100.50306326895952 128.19768393598497 168.34448518790305 155.21057706791908 139.76568950340152 7825.4249348472804 138.24498135596514 107.98504758812487 221.8380360417068 223.22270039282739 356.49071559868753
leaf_count=3855 2221 3863 2689 1341 1766 2157 2027 1867 104258 1643 1563 3228 3432 5098
internal_value=0 7.05634e-05 3.68031e-06 0.000501472 -0.000172949 0.00224932 0.00369938 7.94631e-05 -0.000114052 0.000205189 0.0014098 0.00261029 -0.000438026 0.000221991
internal_weight=0 10314.2 10047.4 1982.82 1418.99 563.824 323.555 240.269 8064.55 1290.8 468.068 329.823 822.727 579.713
internal_count=141008 138787 134924 27977 20585 7392 4184 3208 106947 18819 6434 4791 12385 8530
is_linear=0
shrinkage=0.0101079


Tree=306
num_leaves=15
num_cat=0
split_feature=13 30 2 13 7 27 2 2 23 16 22 16 12 33
split_gain=6.12617 14.7507 31.6931 27.8243 24.5053 20.3647 30.5964 23.6929 22.4806 21.2218 17.708 16.5298 13.93 23.1986
threshold=0.015538497827947141 -0.56174489110708226 0.51932117342948925 1.0000000180025095e-35 -9.5061383247375471 0.35222910344600683 0.76103883981704723 1.5185254812240603 0.78644207119941723 0.67458954453468334 -0.80256089568138111 0.22364895790815356 -0.027911213226616379 0.99393379688262951
decision_type=2 2 2 2 2 2 2 2 2 2 2 2 2 10
left_child=1 5 3 4 -3 6 8 11 -1 12 -4 -8 -7 -14
right_child=-2 2 10 -5 -6 9 7 -9 -10 -11 -12 -13 13 -15
leaf_value=-0.0055231033103680391 0.00032778337991809894 0.00018137282718103142 -0.0019368778200669805 -0.00070128679497461193 0.0070323919607867347 -0.00039408010756502177 0.005163915878151867 -0.00088518722640887164 0.00011914681387025519 0.0012190505891562973 0.00017083596939417657 0.001038492722317718 -0.0011447437397297917 -0.0054633798243104281
leaf_weight=146.99264900572598 4286.7042178232223 95.423870457336307 459.31381676811725 125.85476087406278 166.99026168510318 251.9247137401253 142.59744844026864 427.29994765017182 109.37584174238145 162.90696717426181 3069.4701003711671 425.4152184734121 280.61083007231355 290.5363137498498
leaf_count=2293 54766 1562 7095 1453 2296 3631 2054 6410 1473 2028 41077 6027 6122 2334
internal_value=0 -0.000168456 0.000197304 0.00291258 0.00476661 -0.000825255 3.37942e-07 0.000838027 -0.00302867 -0.00190604 -9.56447e-05 0.00219925 -0.00257884 -0.00345464
internal_weight=0 6154.71 3917.05 388.269 262.414 2237.66 1251.68 995.313 256.368 985.979 3528.78 568.013 823.072 571.147
internal_count=140621 85855 53483 5311 3858 32372 18257 14491 3766 14115 48172 8081 12087 8456
is_linear=0
shrinkage=0.0101079


Tree=307
num_leaves=15
num_cat=0
split_feature=14 7 10 15 13 28 18 15 27 7 2 33 1 2
split_gain=7.30225 16.6185 23.4939 22.7965 19.4994 16.445 15.0416 26.5543 27.7119 21.4358 24.4894 17.0707 16.9894 14.6335
threshold=-7.0697307586669913 0.36105559766292578 0.1441653519868851 6.583601951599122 0.015948743559420112 0.24825246632099154 61.500000000000007 11.768225669860842 0.47136868536472326 18.763650894165043 0.81828930974006664 0.90112781524658214 0.72444343566894542 0.46789002418518072
decision_type=2 2 2 2 2 2 2 2 2 2 2 10 2 2
left_child=13 2 -2 -3 5 -5 9 -8 11 10 -6 -9 -10 -1
right_child=1 3 -4 4 6 -7 7 8 12 -11 -12 -13 -14 -15
leaf_value=0.0019682491243692593 0.00077322618011046746 0.0043589421719594764 0.0054338291446791118 -0.0003915581261731124 9.8935330797849671e-05 -0.0033561183009094388 0.0044499764169138711 0.00099032198105370416 0.0040743260919632587 0.0023572176752026295 -0.0031223380311081864 -0.0013846723830437178 0.00063465985442386064 -0.00034263497387675617
leaf_weight=285.05697078630328 658.4235827550292 115.26208335347474 135.0510981362313 692.37358577363193 527.32153861410916 281.12097051925957 183.20911183767021 494.86729691550136 267.68407143838704 189.78922557085752 403.01918718591332 757.46821308881044 395.9020047429949 5089.7435463070869
leaf_count=4505 7930 1273 1498 8794 6205 3921 2254 9989 3263 2806 4783 5731 4582 73565
internal_value=0 0.000322214 0.00166124 6.36988e-05 -5.24451e-05 -0.00130838 0.00031699 0.0008289 0.0004453 -0.000605539 -0.00126738 -0.000413724 0.00211307 -0.000209934
internal_weight=0 5101.49 793.475 4308.02 4192.76 973.495 3219.26 2099.13 1915.92 1120.13 930.341 1252.34 663.586 5374.8
internal_count=141099 63029 9428 53601 52328 12715 39613 25819 23565 13794 10988 15720 7845 78070
is_linear=0
shrinkage=0.0101079


Tree=308
num_leaves=15
num_cat=0
split_feature=23 15 13 2 2 12 6 0 16 12 7 13 3 33
split_gain=5.96778 22.7039 8.78569 6.19807 13.0422 9.67121 7.72045 9.28216 8.63778 15.77 6.1877 11.6228 17.3245 11.7669
threshold=0.39684779942035681 6.2896611690521249 0.024646710604429248 4.4996695518493661 3.1709257364273076 -0.1692184507846832 -9.8139400482177717 1.0958092808723452 0.0723240301012993 -0.045088073238730424 -3.9374462366104122 -0.074488174170255647 0.30210894346237188 1.7124999761581423
decision_type=2 2 2 2 2 2 2 2 2 2 2 2 2 8
left_child=1 -1 -3 4 6 -6 7 -2 9 -8 11 12 -10 -13
right_child=3 2 -4 -5 5 -7 8 -9 10 -11 -12 13 -14 -15
leaf_value=0.0024570392756567954 -0.0026679008114672748 -0.0044826578920131119 -0.00047744134950476909 -0.0018811851526870681 -1.1078833123865965e-05 0.003634814267572437 0.0039424759930333621 0 -0.00076652934203303021 -0.00051076602122704145 0.00023053067859848462 -0.0014136635718730278 0.0037310905608935606 9.1334417804843501e-05
leaf_weight=107.35970744863153 219.59168337471783 143.46844889782369 132.6583162676543 150.54895219393075 88.424375232309103 177.09783074259758 157.69738537818193 277.17596090398729 159.03290699794888 129.38674194924533 6555.6877362569794 1042.5411386862397 156.0694149909541 976.77191794104874
leaf_count=1457 3576 1940 1601 2237 1272 2602 2222 3875 2101 1935 85130 7934 1939 21208
internal_value=0 -0.00118065 -0.00276577 8.8552e-05 0.000123879 0.00230601 5.80316e-05 -0.00115163 0.000128824 0.00183677 6.75899e-05 -0.000371961 0.0013712 -0.000668091
internal_weight=0 383.486 276.127 10090 9939.48 265.522 9673.95 496.768 9177.19 287.084 8890.1 2334.42 315.102 2019.31
internal_count=141029 4998 3541 136031 133794 3874 129920 7451 122469 4157 118312 33182 4040 29142
is_linear=0
shrinkage=0.0101079


Tree=309
num_leaves=15
num_cat=0
split_feature=7 13 30 23 15 11 11 29 10 0 15 21 16 33
split_gain=6.75003 13.0229 25.1504 6.02292 8.12347 7.90515 6.11571 7.57446 5.59657 13.2587 12.0851 14.9123 13.616 12.9044
threshold=-28.77313137054443 -0.089315064251422868 -0.56174489110708226 0.39684779942035681 11.315594196319582 0.045395651832222945 0.010057664010673763 0.87837970256805431 0.03566208295524121 1.2999107837677004 13.124284744262697 -3.496037364006042 0.84731388092041027 0.89692735671997081
decision_type=2 2 2 2 2 2 2 2 2 2 2 2 2 10
left_child=-1 2 -2 4 5 -3 7 -5 9 10 11 -8 13 -12
right_child=1 3 -4 6 -6 -7 8 -9 -10 -11 12 -13 -14 -15
leaf_value=-0.0025382950991563991 -0.00068990754459510482 -0.0016877251361422038 0.0052265845740576957 0.00030441327728455964 -0.0029322583012363584 0.002138631268337379 0.00082158250156925234 0.0026646899566557412 8.8685814734801335e-05 0.0012963496466926378 -0.00017017974808845589 -0.0021648913968810644 -0.002221803364919654 0.0038089001761052632
leaf_weight=95.463326731696725 127.87503730691969 112.34921577200294 133.9895106870681 758.18354768771678 158.04547048825771 94.231841068714857 188.1000040769577 180.98585176095366 7079.717201763764 301.64424919895828 148.39012451842427 827.90564429480582 120.26381032727659 140.15565573424101
leaf_count=1146 1367 1657 1697 10317 1940 1214 2944 2518 95468 3898 2916 11164 1705 1028
internal_value=0 5.64696e-05 0.00224942 0 -0.00126379 0 4.61775e-05 0.000819847 -3.23771e-05 -0.000550381 -0.000974445 -0.00157042 0.000411104 0.00167419
internal_weight=0 10371.8 261.865 10110 364.627 206.581 9745.35 939.169 8806.18 1726.46 1424.82 1016.01 408.81 288.546
internal_count=140979 139833 3064 136769 4811 2871 131958 12835 119123 23655 19757 14108 5649 3944
is_linear=0
shrinkage=0.0101079


Tree=310
num_leaves=15
num_cat=0
split_feature=13 9 13 23 33 2 28 4 28 21 33 12 11 21
split_gain=5.65801 10.9381 9.01327 8.48339 16.6992 18.2125 9.13471 7.47274 6.93984 14.6405 10.0537 16.1675 18.0373 16.4093
threshold=-0.089315064251422868 0.16203062981367114 -0.057939089834690087 0.919905185699463 0.99472221732139599 1.1800363063812258 -0.61734244227409352 0.25065171718597418 -0.71473535895347584 -4.8043103218078604 0.9590476155281068 0.014810413122177126 0.03057995438575745 0.11181953176856042
decision_type=2 2 2 2 10 2 2 2 2 2 10 2 2 2
left_child=1 -1 3 4 5 7 -5 -2 9 -4 -11 13 -13 -12
right_child=2 -3 8 6 -6 -7 -8 -9 -10 10 11 12 -14 -15
leaf_value=0.0031082157861571785 0 -0.00028785100907752854 0.0024192997544014022 -0.0022137818110892068 -0.004487134219369463 -0.0041148987952009984 0.0016662691787311915 0.0044381255108875148 -7.7201964188866967e-05 0.00094157368913187311 0 0.0032808148763252267 -0.00029864724526623227 -0.0034233022333978688
leaf_weight=169.5954187810421 74.5129166059196 169.22068533860147 357.24656756967306 87.426612317562103 162.00582042336464 69.496135414578021 162.14670560136437 59.294304000213742 6842.8747237185016 1064.2056149300188 278.86154183745384 182.03784123808146 529.82372525334358 270.69958470761776
leaf_count=2019 1676 1950 4774 1441 1307 1412 2266 1366 93358 20516 2085 1250 3773 1906
internal_value=0 0.00132619 7.6894e-06 -0.00116622 -0.00214094 0 0.000124255 0.00198049 8.85857e-05 0.000525511 0.000210282 -0.000376716 0.000585501 -0.00168673
internal_weight=0 338.816 10140.6 614.882 365.309 203.303 249.573 133.807 9525.75 2682.87 2325.63 1261.42 711.862 549.561
internal_count=141099 3969 137130 9468 5761 4454 3707 3042 127662 34304 29530 9014 5023 3991
is_linear=0
shrinkage=0.0101079


Tree=311
num_leaves=15
num_cat=0
split_feature=2 20 13 8 14 2 3 0 28 10 17 23 22 28
split_gain=8.16724 11.5342 7.89789 11.8673 11.1259 14.0592 25.7876 13.7697 12.6065 17.2139 20.1797 15.7462 15.3187 13.3698
threshold=4.4996695518493661 -9.8715405464172346 -0.089315064251422868 -0.51800256967544545 -7.3916492462158194 0.4610923975706101 0.26439033448696142 0.59177720546722423 0.79989895224571239 0.22710675746202472 65.500000000000014 0.98718088865280162 -0.25040654838085169 -0.41268247365951533
decision_type=2 2 2 2 2 2 2 2 2 2 2 2 2 2
left_child=1 -1 3 -3 5 6 -4 -7 9 10 11 -9 -10 -12
right_child=-2 2 4 -5 -6 7 -8 8 12 -11 13 -13 -14 -15
leaf_value=0.0028974699836623284 -0.0022813838012665181 -0.00082982322399279679 -0.0013215876708155326 0.003019074287028843 0.00026449134249218934 -0.0021356688308620457 0.0049612426832470243 -0.0020207390366928299 0.0029250567182451948 -0.0032966049104533358 0.0015198686378600295 -0.00010329989971071233 -0.00069442514824236937 -0.00040775583460763484
leaf_weight=134.74601200781763 149.45424891635776 107.45923774316907 112.43964280746877 202.51986102573574 5238.1806030552834 498.59868230577558 127.05241588316858 883.12014647200704 243.63332485035062 214.02770396415144 713.18954209052026 955.10579340904951 196.25508338026702 696.38216686993837
leaf_count=1704 2209 1220 1938 2456 64756 8639 1873 12958 3513 2930 10185 13365 2605 10755
internal_value=0 4.04213e-05 0 0.00156941 -4.99142e-05 -0.000413433 0.00189791 -0.000551487 -0.000334911 -0.000548404 -0.000347554 -0.00105096 0.00123544 0.000541905
internal_weight=0 10322.7 10188 309.979 9877.99 4639.8 239.492 4400.31 3901.71 3461.83 3247.8 1838.23 439.888 1409.57
internal_count=141106 138897 137193 3676 133517 68761 3811 64950 56311 50193 47263 26323 6118 20940
is_linear=0
shrinkage=0.0101079


Tree=312
num_leaves=15
num_cat=0
split_feature=2 2 12 2 4 3 23 12 17 1 29 23 3 28
split_gain=5.63191 9.656 6.23402 5.8424 10.9608 13.1123 11.8546 10.9556 13.2262 9.94723 9.90023 8.14551 7.1994 11.1612
threshold=4.4996695518493661 3.1709257364273076 -0.1692184507846832 1.7070564031600954 0.93969869613647472 0.67816692590713512 1.4013503193855288 -0.088989630341529832 88.500000000000014 1.5640915632247927 -0.60785761475563038 2.2445715665817265 0.4720743596553803 -0.09801131114363669
decision_type=2 2 2 2 2 2 2 2 2 2 2 2 2 2
left_child=1 3 -3 7 9 -6 -7 8 -1 -5 -9 12 -12 -14
right_child=-2 2 -4 4 5 6 -8 10 -10 -11 11 -13 13 -15
leaf_value=0.0040248536994348088 -0.0018998040788073902 0 0.0029390976519408575 -0.0017082874749292153 0.0028784507185422789 0.00099362415356188004 -0.0026104393984949714 0.002810065524162136 -0.00016844970742223363 0.00071053191964819693 0.00022805747750415537 0.0020641317146551401 9.5393176508799425e-05 -0.00094601646614811592
leaf_weight=148.38005878403783 148.55163721553981 89.888390578329563 181.4400439877063 820.48348400369287 163.8065023124218 201.44635863881558 151.03442428261042 120.08164600469172 116.14034213870764 188.62119459174573 3877.689223091118 177.52049660310149 2211.5184136833996 1893.8431826150045
leaf_count=2313 2215 1282 2619 11847 2147 2829 2034 1337 1721 2338 52162 1926 28035 26448
internal_value=0 3.36342e-05 0.00188987 -1.37529e-05 -0.000591761 0.000547859 -0.000460816 8.51278e-05 0.00208184 -0.00121439 1.45993e-05 -2.41648e-05 -7.75981e-05 -0.000376037
internal_weight=0 10341.9 271.328 10070.6 1525.39 516.287 352.481 8545.17 264.52 1009.1 8280.65 8160.57 7983.05 4105.36
internal_count=141253 139038 3901 135137 21195 7010 4863 113942 4034 14185 109908 108571 106645 54483
is_linear=0
shrinkage=0.0101079


Tree=313
num_leaves=15
num_cat=0
split_feature=23 10 20 21 13 6 6 27 29 15 20 14 7 15
split_gain=5.81984 7.87476 7.11985 11.684 19.5034 18.7716 9.86857 10.7439 9.19868 10.3818 12.7755 12.1551 17.343 28.9656
threshold=2.190882802009583 0.070425607264041915 -9.8715405464172346 -15.086265563964842 -0.089315064251422868 -3.2670578956603999 -9.8139400482177717 -0.58244305849075306 -0.60785761475563038 3.3625049591064458 -1.6163198947906492 -7.0697307586669913 1.0000000180025095e-35 8.7495045661926287
decision_type=2 2 2 2 2 2 2 2 2 2 2 2 2 2
left_child=2 -2 -1 -4 5 -5 7 -6 -8 10 -10 -11 13 -13
right_child=1 -3 3 4 6 -7 8 -9 9 11 -12 12 -14 -15
leaf_value=0.0023593985908816405 0.0032339294240090193 9.0903230756284097e-05 -0.0033674049417177182 0.0053083993472406998 -0.0033328614683566663 0 0.0024216571612929059 0 0.00017593073545038996 -0.00069475816886449332 0.0030018174279548889 -0.00084542343771218831 -0.0001423919060240956 0.0032316161421936961
leaf_weight=114.9498175252229 123.44521443918347 294.21047784015536 102.24219385534525 126.78602216951549 192.66499312967062 123.92770089395344 142.56772772222757 197.15295790508389 717.91783565934747 3250.8293505338952 219.62744239531457 277.61673570238054 4157.4995602406561 422.22236465290189
leaf_count=1557 1447 3503 1463 1211 3147 1648 1631 2924 10711 48151 3356 3510 51877 4854
internal_value=0 0.00115647 -5.06729e-05 -8.44342e-05 -4.35802e-05 0.00269036 -0.000121453 -0.00168407 -4.94116e-05 -9.48397e-05 0.000899659 -0.000215561 9.74089e-05 0.00156539
internal_weight=0 417.656 10046 9931.05 9828.81 250.714 9578.1 389.818 9188.28 9045.71 937.545 8108.17 4857.34 699.839
internal_count=140990 4950 136040 134483 133020 2859 130161 6071 124090 122459 14067 108392 60241 8364
is_linear=0
shrinkage=0.0101079


Tree=314
num_leaves=15
num_cat=0
split_feature=14 29 30 28 12 33 16 0 16 27 5 29 28 28
split_gain=5.58635 10.5534 15.2034 28.1563 34.166 56.0677 15.3962 19.0143 13.647 17.3342 16.5233 13.4045 13.0543 14.6764
threshold=-7.0697307586669913 -1.0000000180025095e-35 -0.56174489110708226 -0.90159028768539418 -0.018416761420667168 0.94700106978416454 0.4302449375391007 0.56620290875434887 0.33095616102218633 -0.71473535895347584 2.1482501029968266 0.87837970256805431 0.86046862602233898 0.35222910344600683
decision_type=2 2 2 2 2 10 2 2 2 2 2 2 2 2
left_child=1 -1 3 -3 12 -6 8 -8 9 11 -11 -4 13 -5
right_child=-2 2 6 4 5 -7 7 -9 -10 10 -12 -13 -14 -15
leaf_value=0.00074630815153937707 0.00029062933585030052 0.0021468381002960717 -0.0030816316935968037 0 -0.0003822230808723255 -0.0082609983966129615 -0.0051946208212467005 -0.00058145060589645384 0.001777347517401134 0.00085076217837474859 -0.0029082500907369802 0.00016852464128343282 0.0029983165628557681 -0.0043602429577964692
leaf_weight=996.23411194048822 5068.5655851094052 167.13497746177018 284.0615324806422 296.53365663997829 196.60462092980742 189.32526814937592 101.991490107961 780.61015759967268 528.11393343470991 1337.7533382251859 120.12458761408925 192.02318150363863 84.886243982240558 100.18855822551996
leaf_count=14495 62908 2322 4532 4492 4429 1599 1769 11523 7542 18130 1726 2691 1238 1568
internal_value=0 -0.000175148 -0.000394931 -0.00146242 -0.0022167 -0.00443546 -5.00444e-05 -0.0012 0.000348225 -2.66246e-05 0.000499864 -0.00170502 -0.000314484 -0.00116669
internal_weight=0 5375.59 4379.35 1034.67 867.538 385.93 3344.68 882.602 2462.08 1933.96 1457.88 476.085 481.608 396.722
internal_count=140964 78056 63561 15648 13326 6028 47913 13292 34621 27079 19856 7223 7298 6060
is_linear=0
shrinkage=0.0101079


Tree=315
num_leaves=15
num_cat=0
split_feature=17 5 8 3 15 3 16 23 17 23 3 12 2 15
split_gain=5.51436 9.15261 17.3775 10.3331 10.9039 9.30412 12.8658 24.7246 15.6967 17.9901 15.027 15.9536 13.3503 12.6298
threshold=14.500000000000002 2.1482501029968266 -0.6963788866996764 0.51821836829185497 8.3214159011840838 0.83000820875167858 0.72872292995452892 0.51847976446151745 58.500000000000007 1.1907096505165102 0.27681688964366918 0.020051446743309501 1.4815391898155215 2.4434996843338017
decision_type=2 2 2 2 2 2 2 2 2 2 2 2 2 2
left_child=-1 5 -3 -4 -5 6 8 -8 -2 -10 -9 -12 -13 -7
right_child=1 2 3 4 -6 13 7 10 9 -11 11 12 -14 -15
leaf_value=0.00042541124461460136 -0.0011217421412629534 -0.0021903110960600626 -0.0012799416432768304 0.0035119650311585694 0 -0.00088202373090518046 -0.0022192562033952106 -0.00060816324939683727 0.00048771386791500448 -0.0018168536481853517 0.0041585566363179323 -9.7771854597135824e-05 0.003721494560949229 0.0016306301908382886
leaf_weight=2735.9614700609818 1697.9244082346559 568.73007472231984 299.30601655133069 128.0817341748625 321.60326098278165 252.49341752007604 202.7980316830799 215.56135679781437 2203.3085110299289 400.09875882416964 282.99118885397911 309.22620867192745 115.6999952159822 741.94125977158546
leaf_count=35001 23172 8048 4067 1824 4246 3566 2566 3308 31127 5864 3180 3420 1477 10328
internal_value=0 -0.000100586 -0.000867154 9.59907e-05 0.00110643 5.12478e-05 -0.000107141 0.000840316 -0.000365674 0.000113755 0.00156838 0.00228716 0.000895838 0.000950377
internal_weight=0 7739.76 1317.72 748.991 449.685 6422.04 5427.61 1126.28 4301.33 2603.41 923.479 707.917 424.926 994.435
internal_count=141194 106193 18185 10137 6070 88008 74114 13951 60163 36991 11385 8077 4897 13894
is_linear=0
shrinkage=0.0101079


Tree=316
num_leaves=15
num_cat=0
split_feature=7 13 30 13 0 28 17 3 30 18 2 2 10 15
split_gain=5.23655 12.4048 27.9903 5.8591 20.075 14.9378 13.1035 8.31703 6.73195 27.6506 25.9201 18.3015 17.1964 14.9818
threshold=-26.796333312988278 -0.089315064251422868 -0.56174489110708226 -0.057939089834690087 0.70244207978248607 -0.39271505177021021 79.500000000000014 0.35032996535301214 0.81174489855766307 58.500000000000007 0.60380849242210399 1.272381663322449 0.13622960448265078 13.0259165763855
decision_type=2 2 2 2 2 2 2 2 2 2 2 2 2 2
left_child=-1 2 -2 4 7 -6 -7 -3 -5 11 -11 12 13 -10
right_child=1 3 -4 8 5 6 -8 -9 9 10 -12 -13 -14 -15
leaf_value=-0.0017962739662721794 -0.00076169089301596302 -0.0011387125043247578 0.0059702093840304721 -2.6186258972659387e-05 -0.0019109507756707657 0.0038165673441983303 -0.00063633334430685505 -0.0061704518523412267 -0.00112238853269717 0.0063128480029969901 0.0011753936706439877 -0.0024549511792947374 0.004268850312731459 0.0027101746442982459
leaf_weight=142.96535686776042 115.57937920279801 104.21017048321664 108.2955627925694 7668.7478250991553 166.878996104002 144.13206163421273 94.207326084375381 77.646652773953974 444.01379729062319 117.93293398059905 735.67501671891659 318.30174618214369 94.686940055340528 125.87902710027993
leaf_count=1691 1244 1676 1407 103386 2628 2126 1402 1347 6065 1359 9511 4240 1298 1616
internal_value=0 9.3088e-05 0.00240928 3.59169e-05 -0.000930931 0.000242062 0.00192671 -0.00366282 0.000100589 0.00064985 0.00198185 -0.000472432 0.000433945 -0.000181091
internal_weight=0 10316.2 223.875 10092.3 587.075 405.218 238.339 181.857 9505.24 1836.49 853.608 982.882 664.58 569.893
internal_count=140996 139305 2651 136654 9179 6156 3528 3023 127475 24089 10870 13219 8979 7681
is_linear=0
shrinkage=0.0101079


Tree=317
num_leaves=15
num_cat=0
split_feature=9 19 4 16 13 30 2 11 33 2 28 23 3 33
split_gain=5.53581 6.59408 5.7451 9.51638 5.56653 13.3358 18.3692 22.3913 19.6504 16.0171 15.4718 14.116 15.2306 13.1318
threshold=0.063069403171539321 -0.45000000298023218 -1.3239364624023435 0.55929669737815868 0.015538497827947141 -0.56174489110708226 0.75671458244323742 0.028384436853230003 0.99472221732139599 0.58563250303268444 -0.97854062914848317 1.2801192402839663 0.34018181264400488 0.9590476155281068
decision_type=2 2 2 2 2 2 2 2 10 2 2 2 2 10
left_child=2 -2 3 -1 5 9 7 8 -7 13 -8 12 -12 -3
right_child=1 4 -4 -5 -6 6 10 -9 -10 -11 11 -13 -14 -15
leaf_value=0.0033712659995546895 -0.0017754720581751831 -0.00050660715895330327 0.00020019044664633674 0 0.00024471505285542463 0.00045633064996168204 0.0024257784513209133 0 0.0052663171734443929 -0.00053593948801460717 0.0019014154983600098 0.00063061343793213785 -0.0015619496675391912 -0.0053303779631027476
leaf_weight=163.16701514646411 232.27599096018821 130.5097797382623 1681.5106639275327 170.50907970033586 3376.3210970619693 185.01529745571315 168.93470145948231 542.23046279512346 202.45724742859602 1495.2115600313991 127.55962032824755 566.95801216550171 1288.0199118116871 141.59807525575161
leaf_count=2392 3135 2709 22821 2098 43014 3805 2154 7749 1422 21670 1482 7291 18069 1172
internal_value=0 -0.000117027 0.00047148 0.0016849 -6.36692e-05 -0.000286804 0.000103151 0.00129478 0.00312527 -0.000986996 -0.000395782 -0.000664941 -0.00121288 -0.00323849
internal_weight=0 8457.09 2015.19 333.676 8224.82 4848.49 3081.18 929.703 387.473 1767.32 2151.47 1982.54 1415.58 272.108
internal_count=140983 113672 27311 4490 110537 67523 41972 12976 5227 25551 28996 26842 19551 3881
is_linear=0
shrinkage=0.0101079


Tree=318
num_leaves=15
num_cat=0
split_feature=7 16 10 27 12 29 5 14 29 12 12 12 7 12
split_gain=5.75691 7.53463 14.2062 12.6404 11.5518 9.9636 16.0081 9.29432 11.1582 29.6343 13.7475 13.2409 13.0821 12.5901
threshold=-28.77313137054443 0.1677515730261803 0.2146493345499039 0.58244305849075328 -0.045088073238730424 0.6078576147556306 -2.4372538328170772 -7.3916492462158194 0.87837970256805431 -0.07351363822817801 0.070427011698484435 -0.025769229978322979 1.4854805469512942 -0.053197391331195824
decision_type=2 2 2 2 2 2 2 2 2 2 2 2 2 2
left_child=-1 2 4 -4 -2 -6 -7 8 10 -10 13 -11 -13 -3
right_child=1 7 3 -5 5 6 -8 -9 9 11 -12 12 -14 -15
leaf_value=-0.0023741321750632258 0.0022954449618170091 -0.0016641923082323931 7.7523310846738618e-05 -0.0040120524135861422 -0.0011289532986775283 -0.00068284529609602971 0.0046812309195245387 0.00019436012448300995 0.0048574114953852682 -0.0023746022121186889 -0.0033976974446165006 0.0020405664493479696 -0.0017914104810527098 -0.00011110707138749449
leaf_weight=94.997159741818905 569.93303627613932 746.63583597447723 260.9981478266418 92.38655761256814 263.17092866450548 99.200766156427562 95.483501698821783 5290.7841088492423 130.86912573128939 203.63181882165372 184.89343455526978 265.71171942539513 120.09537157788873 2053.0211716573685
leaf_count=1115 8481 10982 3625 1293 4030 1354 1355 65734 1660 2787 2892 4169 1911 29730
internal_value=0 3.07539e-05 0.000726415 -0.000941667 0.00134178 4.94914e-05 0.00182516 -7.20836e-05 -0.000463109 0.00063131 -0.000741714 -0.000289253 0.000733189 -0.000543121
internal_weight=0 10376.8 1381.17 353.385 1027.79 457.855 194.684 8995.64 3704.86 720.308 2984.55 589.439 385.807 2799.66
internal_count=141118 140003 20138 4918 15220 6739 2709 119865 54131 10527 43604 8867 6080 40712
is_linear=0
shrinkage=0.0101079


Tree=319
num_leaves=15
num_cat=0
split_feature=15 21 33 27 11 20 16 15 28 5 3 5 16 21
split_gain=4.98259 14.0149 19.9426 17.5414 12.6802 11.3247 15.53 10.1255 13.5611 12.3504 9.20367 12.3234 30.1587 17.094
threshold=21.420234680175785 4.8786282539367685 0.9590476155281068 0.52803644537925731 0.19629213958978656 4.1270296573638925 0.66730114817619335 25.174297332763675 -0.010907442308962435 6.016737937927247 0.83511739969253551 -4.373703956604003 0.15510571002960208 -3.0018811225891109
decision_type=2 2 10 2 2 2 2 2 2 2 2 2 2 2
left_child=1 4 -3 -4 5 10 -7 9 -9 -2 11 -1 -13 -14
right_child=7 2 3 -5 -6 6 -8 8 -10 -11 -12 12 13 -15
leaf_value=-0.0011619305823713584 0.0028894543411371993 0.00034193824586992649 -0.0026812128358453002 0 -0.0033905424711717486 -1.7270958481945399e-06 0.0048041401286811735 0.0012570079042232094 -0.0020634839616081747 -0.00022147758855133948 0.00090297692651418471 0.0022752413405564961 -0.0013733218187532671 0.00014059519611775499
leaf_weight=902.13457101583481 314.53117843158543 734.29904753435403 709.92600002139807 339.99232793599367 96.230029078200459 116.6497768945992 117.13262836262584 242.34218782186508 235.43317967280746 179.36600269004703 1162.003056618385 578.62344058603048 935.83587620873004 3812.4183585625142
leaf_count=12644 4365 14336 5348 2384 1099 1754 1402 3630 3559 2257 16021 8456 13695 50151
internal_value=0 -8.10738e-05 -0.000888805 -0.00178412 0.000101035 0.000153753 0.00231417 0.000675602 -0.000302516 0.00169275 7.76272e-05 -7.07622e-05 0.000107839 -0.000150993
internal_weight=0 9505.25 1784.22 1049.92 7721.03 7624.8 233.782 971.673 477.775 493.897 7391.02 6229.01 5326.88 4748.25
internal_count=141101 127290 22068 7732 105222 104123 3156 13811 7189 6622 100967 84946 72302 63846
is_linear=0
shrinkage=0.0101079


Tree=320
num_leaves=15
num_cat=0
split_feature=21 21 5 5 6 27 33 23 15 11 3 30 7 2
split_gain=6.24682 10.8961 14.7296 8.72039 12.0555 10.0157 7.24616 6.00732 13.9782 10.2373 6.98997 19.4424 12.8235 13.651
threshold=-15.086265563964842 -11.844729900360106 -5.1916253566741934 -10.672223091125487 -9.3485760688781721 -0.45201864838600153 0.99393379688262951 0.39684779942035681 6.508254051208497 0.045395651832222945 0.23050125688314441 1.0000000180025095e-35 -13.263566493988035 0.46789002418518072
decision_type=2 2 2 2 2 2 10 2 2 2 2 2 2 2
left_child=6 2 -2 -3 5 -5 -1 8 -6 -10 11 -9 -12 -14
right_child=1 3 -4 4 7 -7 -8 10 9 -11 12 -13 13 -15
leaf_value=0 -0.00010556427132701134 0.0028141553532745182 0.0042328313442032573 -0.0034535619262169933 0.0016851212858309719 0 -0.0034978484375868422 -0.0027902276191796626 -0.0049285830864858491 -0.00056448693403153018 0.0016381313310868133 0.001537647433397629 0.0016242807541678634 -7.9789822300353153e-05
leaf_weight=97.607897141948342 137.9529570620507 101.04536771029234 138.4128971779719 184.51553912926465 98.398246560245752 175.40723505057395 104.51275197416544 277.86249832995236 103.52048896905035 163.35358624439687 530.80319927819073 149.59456898085773 503.89792587421834 7681.7634701626375
leaf_count=2055 1795 1366 1554 3034 1369 2560 749 4755 1529 1895 7861 2087 6172 102239
internal_value=0 2.57647e-05 0.00198001 -2.58198e-05 -6.11496e-05 -0.00185772 -0.00173549 4.0303e-06 -0.00124877 -0.00249482 5.95009e-05 -0.00118214 0.000126014 2.15829e-05
internal_weight=0 10246.5 276.366 9970.16 9869.12 359.923 202.121 9509.19 365.272 266.874 9143.92 427.457 8716.46 8185.66
internal_count=141020 138216 3349 134867 133501 5594 2804 127907 4793 3424 123114 6842 116272 108411
is_linear=0
shrinkage=0.0101079


Tree=321
num_leaves=15
num_cat=0
split_feature=9 21 2 20 14 18 7 18 31 14 21 21 23 28
split_gain=6.31624 6.96209 6.59631 9.84984 11.4474 9.0618 10.7201 7.9728 7.71877 7.50478 7.43128 7.32981 7.02396 6.90926
threshold=0.093560278415679946 -11.198961734771727 0.86756208539009105 0.062876209616661086 -4.5884659290313712 15.500000000000002 6.0299973487854013 74.500000000000014 1.0000000180025095e-35 -14.194763660430906 1.2222114205360415 3.2063937187194829 0.87115079164505016 0.41268247365951544
decision_type=2 2 2 2 2 2 2 2 2 2 2 2 2 2
left_child=1 -1 3 -3 8 -4 9 -8 -5 12 -11 -12 -7 -9
right_child=-2 2 5 4 -6 6 7 13 -10 10 11 -13 -14 -15
leaf_value=0.0027911618927935629 -0.0001867858827481373 0.0016818396528775236 -0.0020512244635672574 -0.00012759331293539991 0.0013917031795486017 -0.0022752462821445064 -0.0023794287688866868 0.00099849457239831641 -0.003517012118076535 0.002502296340945048 -0.0015806276066646816 0.0020245495987663178 0.0012163301611828774 -0.0017891106142256441
leaf_weight=111.58525184169412 7529.1019126782194 631.12033598870039 219.0723115298897 250.41210559941828 284.18365259096026 115.14875352662057 214.57870381139219 252.45121414028108 104.70309501327574 332.62944029830396 116.06010835617781 99.67835745960474 91.707944378256798 131.89283940754831
leaf_count=1451 101154 8823 3165 3562 3249 1739 2919 2967 1484 4531 1448 1394 1352 1928
internal_value=0 0.000363031 0.000246331 0.000791746 -3.38349e-05 -0.000170186 0.000114178 -0.000855107 -0.00129156 0.000936812 0.00157047 0 -0.000550276 0
internal_weight=0 2955.22 2843.64 1270.42 639.299 1573.22 1354.15 598.923 355.115 755.225 548.368 215.738 206.857 384.344
internal_count=141166 40012 38561 17118 8295 21443 18278 7814 5046 10464 7373 2842 3091 4895
is_linear=0
shrinkage=0.0101079


Tree=322
num_leaves=15
num_cat=0
split_feature=9 13 2 11 11 2 27 2 0 13 33 15 13 28
split_gain=7.56568 10.4072 8.17094 8.82877 9.82469 15.0594 13.6314 11.6138 8.00162 13.3048 13.6562 8.94584 8.3116 9.00066
threshold=0.11959556117653848 -0.089315064251422868 0.86280333995819103 0.12467047572135927 0.071740694344043746 0.48654703795909887 0.26932403445243841 0.46789002418518072 1.060299336910248 0.025816759094595913 0.90112781524658214 12.821763515472414 0.044095925986766822 -0.20576497167348859
decision_type=2 2 2 2 2 2 2 2 2 2 10 2 2 2
left_child=1 -1 3 4 7 -6 -7 -3 11 -10 -11 -4 13 -13
right_child=-2 2 8 -5 5 6 -8 -9 9 10 -12 12 -14 -15
leaf_value=0.0030659037044040581 -0.00024949468645880219 0.0024196325532548054 -0.0014124115275232138 -0.0017945052824691601 -0.00062370545674682689 0.00066658554690286721 0.0056889651389682586 -5.8491450011786589e-05 0.0015171997405584866 0.0012829422203140181 -0.0030678944665026259 0.0038958989412142099 -0.0007267312274505844 0
leaf_weight=129.9043774176389 6738.6809978382662 232.0026234742254 760.13104124180973 110.48033288493752 96.427916983142495 120.84708414319903 147.86718201451004 850.99427220970392 528.03963321447372 109.8500639796257 160.06441263109446 100.71769802086055 294.35032636113465 105.59973207674921
leaf_count=1525 90546 2939 10987 1496 1382 1631 2040 11562 7306 2171 1160 1155 3782 1598
internal_value=0 0.000315225 0.000199026 0.000755003 0.000985717 0.00242874 0.00365763 0.000448464 -0.000203524 0.000557319 -0.00116468 -0.000717442 0.000263376 0.00184077
internal_weight=0 3747.28 3617.37 1558.62 1448.14 365.142 268.714 1083 2058.75 797.954 269.914 1260.8 500.668 206.317
internal_count=141280 50734 49209 21050 19554 5053 3671 14501 28159 10637 3331 17522 6535 2753
is_linear=0
shrinkage=0.0101079


Tree=323
num_leaves=15
num_cat=0
split_feature=23 0 10 10 3 12 2 14 33 11 30 29 0 28
split_gain=6.2274 7.45712 6.7023 11.6957 6.52847 20.1682 25.7608 24.7942 19.854 15.4468 19.7518 17.5017 12.0403 9.73745
threshold=1.5202746987342837 1.4424437880516054 0.22429016977548602 0.083799451589584364 0.34503790736198431 0.041315700858831413 0.68221935629844677 -23.927918434143063 0.9590476155281068 0.098526671528816237 0.81174489855766307 1.0000000180025095e-35 0.94049274921417247 0.79989895224571239
decision_type=2 2 2 2 2 2 2 2 10 2 2 2 2 2
left_child=4 -2 3 -3 5 6 9 -8 -7 10 13 -11 -9 -1
right_child=1 2 -4 -5 -6 8 7 12 -10 11 -12 -13 -14 -15
leaf_value=0.00062856978350262578 0.0028837159340287309 0.001104297221638525 0.0019081100424338767 -0.00093054462928136091 -0.00026598899212378649 0.0005958521753579388 -0.0010362159576506682 0.0044075873361417535 -0.0049034069421542426 -0.0040921166322150163 0.0041321528002931079 0.00017226061053614162 0.000192228217746362 -0.0022264659180980758
leaf_weight=472.37199763953686 128.32610413059592 528.57587257772684 220.07972965203226 617.19546745344996 7000.9199843658134 106.8166875615716 141.4956330191344 367.59451217576861 128.51514665037394 173.49188592284918 130.45050850883126 176.74176089093089 111.04757526516914 154.92572545260191
leaf_count=7010 1108 6847 2870 8064 94414 2246 1684 4923 964 2213 1778 2959 1542 2449
internal_value=0 0.000584473 0.000324142 0 -0.000118092 0.000387696 0.000785581 0.00242466 -0.00230031 -0.000105824 0.000666813 -0.0018692 0.00353125 -3.10514e-05
internal_weight=0 1494.18 1365.85 1145.77 8964.37 1963.45 1728.12 620.138 235.332 1107.98 757.748 350.234 478.642 627.298
internal_count=141071 18889 17781 14911 122182 27768 24558 8149 3210 16409 11237 5172 6465 9459
is_linear=0
shrinkage=0.0101079


Tree=324
num_leaves=15
num_cat=0
split_feature=14 16 7 33 0 10 33 7 10 6 13 23 18 21
split_gain=7.02307 13.1819 19.9241 37.0205 16.4187 12.8139 21.9458 11.918 23.4715 15.4496 13.3541 15.3474 13.2125 23.9858
threshold=-7.3916492462158194 0.43484169244766241 0.36105559766292578 0.99611112475395214 0.52636694908142101 0.11350980773568155 0.89692735671997081 1.0000000180025095e-35 0.1441653519868851 -3.4889063835144039 0.015948743559420112 1.0696957111358645 61.500000000000007 6.9136071205139169
decision_type=2 2 2 10 2 2 10 2 2 2 2 2 2 2
left_child=1 2 -1 -4 -3 -6 -7 8 -2 -9 11 -11 -12 -14
right_child=7 4 3 -5 5 6 -8 9 -10 10 12 -13 13 -15
leaf_value=-0.00027688269402002802 0.00047639848311691865 -0.0052724079376573118 -0.00054963426281478265 0.0050977290721939779 -4.3818237668612797e-05 0 -0.0048281077640560961 0.0032973600586294655 0.0050941355861004525 -0.0019085671329474717 -0.00066046359212375977 0.00047362574383416454 0.0020022125304112745 -0.000157360538252381
leaf_weight=3429.7368272989988 679.05963507480919 89.559889586642385 242.80558040738106 203.19873741269112 815.9485018691048 212.20633790642023 179.86415895819664 133.53044767957181 134.8600542601198 740.34624933544546 1087.7655984051526 397.3198051713407 853.38628217484802 1267.8821669723839
leaf_count=49702 8284 1734 5029 1550 11724 4226 1386 1750 1494 9526 13346 5217 10112 15939
internal_value=0 -0.00031018 -3.76915e-06 0.0019765 -0.001189 -0.000821744 -0.00230763 0.000211809 0.00133103 0 -0.000100134 -0.00104363 0.000223448 0.000696476
internal_weight=0 5173.32 3875.74 446.004 1297.58 1208.02 392.07 5294.15 813.92 4480.23 4346.7 1137.67 3209.03 2121.27
internal_count=141019 75351 56281 6579 19070 17336 5612 65668 9778 55890 54140 14743 39397 26051
is_linear=0
shrinkage=0.0101079


Tree=325
num_leaves=15
num_cat=0
split_feature=9 4 14 29 14 10 28 0 7 16 3 5 3 7
split_gain=6.78862 7.09787 6.39548 9.53375 9.33266 12.2501 10.8448 7.22409 5.98628 5.67428 11.7831 16.3066 14.6836 10.0325
threshold=0.064389906823635115 -2.2268760204315181 -18.08936786651611 1.0000000180025095e-35 -6.9519047737121573 0.12146328017115594 -0.032717135734856122 0.8906039595603944 -26.796333312988278 0.15093142539262774 0.64721176028251659 -4.0257663726806632 0.5291215479373933 -3.9374462366104122
decision_type=2 2 2 2 2 2 2 2 2 2 2 2 2 2
left_child=1 -1 3 -3 5 6 7 -4 -2 10 11 12 -10 -11
right_child=8 2 4 -5 -6 -7 -8 -9 9 13 -12 -13 -14 -15
leaf_value=0.0026895733559934554 -0.0023807620151758985 -0.00017998541415798692 -0.0035732626164709522 0.0036890881781579659 0.00077793489568030074 -0.002893739075519557 0.001423480647929897 -2.4862574419526539e-05 -0.0025181095622274557 -0.00089999445961532658 -0.00055075362216642284 0.0030083471679393974 0.0024791385187555399 0
leaf_weight=138.65542216412723 114.51392504200339 90.323567852377892 90.94981705583632 124.88303240202367 927.3791690338403 189.33666635863483 282.17098186910152 205.68294317089021 137.34596108458936 1648.1629374437034 453.55540406145155 330.36519400216639 91.235147876664996 5617.0045170495287
leaf_count=1897 1344 1315 1246 1879 11479 2661 4352 2965 1912 23451 6682 4772 1339 73528
internal_value=0 0.00050391 0.000314123 0.00193293 7.71331e-05 -0.000716073 0 -0.00130827 -0.000143437 -0.000105433 0.000590461 0.00158292 -0.000336418 -0.000208502
internal_weight=0 2049.38 1910.73 215.207 1695.52 768.14 578.804 296.633 8392.18 8277.67 1012.5 558.946 228.581 7265.17
internal_count=140822 27794 25897 3194 22703 11224 8563 4211 113028 111684 14705 8023 3251 96979
is_linear=0
shrinkage=0.0101079


Tree=326
num_leaves=15
num_cat=0
split_feature=9 0 16 5 16 3 3 31 21 27 5 21 0 17
split_gain=6.36278 7.79282 11.4664 9.92203 10.7421 16.1772 14.1256 21.3585 17.6351 10.7662 10.5021 10.0914 8.90018 8.5297
threshold=0.11959556117653848 0.55220460891723644 0.390283152461052 2.1482501029968266 0.75105208158493053 0.87238886952400219 0.59607684612274181 1.0000000180025095e-35 -0.1179676055908203 0.054511256515979774 -2.9608948230743404 7.0326480865478525 0.85689836740493786 12.500000000000002
decision_type=2 2 2 2 2 2 2 2 2 2 2 2 2 2
left_child=1 2 -1 4 5 6 7 -3 12 -6 -8 -11 -9 -5
right_child=-2 3 -4 13 9 -7 10 8 -10 11 -12 -13 -14 -15
leaf_value=0.0011215189836181426 -0.00018369776694655666 0.0018276446993987559 -0.0023477605286277054 0.0009119876761307477 9.9767522118961776e-05 0.0029024933479028015 -0.0030277445312273019 -0.0015665898597341335 -0.0032496944748073501 0.0045633170014177512 -4.1710921609334453e-05 0.00031994371268716931 0.0020493839789737056 -0.0011613798984636647
leaf_weight=136.03761311154813 6720.9033533874899 723.86578156612813 240.94222585856915 288.6993018463254 205.74006155319512 235.5452123042196 198.15913571976125 94.335885632783175 188.60988697037101 209.18365803919733 360.35156548768282 108.97830451652408 175.68674239516258 562.10762350261211
leaf_count=2136 90327 9862 3620 3703 2405 3371 2857 1287 2358 2477 4900 1446 2632 7438
internal_value=0 0.000336501 -0.000993121 0.000500042 0.000825738 0.000454358 8.8761e-05 0.000734912 -0.00090459 0.00212403 -0.00119922 0.00327571 0.0006319 -0.000408806
internal_weight=0 3728.24 376.98 3351.26 2500.46 1976.55 1741.01 1182.5 458.633 523.902 558.511 318.162 270.023 850.807
internal_count=140819 50492 5756 44736 33595 27267 23896 16139 6277 6328 7757 3923 3919 11141
is_linear=0
shrinkage=0.0101079


Tree=327
num_leaves=15
num_cat=0
split_feature=15 2 11 10 21 20 3 12 12 29 3 12 11 15
split_gain=4.90267 16.5148 9.97266 10.8264 11.703 11.2957 9.95181 9.55894 9.62932 9.40968 7.86013 13.5124 11.1854 16.3262
threshold=3.7448798418045048 0.50824126601219188 0.18218135088682177 0.2146493345499039 -4.8043103218078604 -9.1576433181762678 0.69442924857139599 -0.058051399886608117 -0.034890189766883843 -0.60785761475563038 0.64721176028251659 -0.043224057182669633 0.086204137653112425 2.2233123779296879
decision_type=2 2 2 2 2 2 2 2 2 2 2 2 2 2
left_child=1 -1 3 4 10 -5 -7 -6 -9 -2 11 -3 13 -12
right_child=9 2 -4 5 7 6 -8 8 -10 -11 12 -13 -14 -15
leaf_value=0.004152910804044195 0.0024549383434644559 0.0038649463016178914 -0.002688427574936255 0.0013715826807733165 -0.003160905194922195 0 -0.0044649735111862657 0.0029722112528538526 -0.00078506290893882405 -0.00012301696125258858 -0.00050076909399904279 0.00032089784999126693 -0.0026481134559161227 0.0043151196690268531
leaf_weight=112.02594935335219 138.54053617827594 276.05596079677343 101.40769715234637 101.24129314906895 95.953368591144681 112.9516463521868 112.07331961300224 93.09052967838943 197.2489000223577 8558.2725400319323 155.80048516392708 226.1008714530617 84.640262527391315 107.59470178931952
leaf_count=1680 1555 3947 1209 1357 1445 1609 1587 1377 2859 113964 2344 3319 1361 1587
internal_value=0 0.000505478 0.000217881 0.000444412 0.00089467 -0.00112214 -0.00242635 -0.000479532 0.00032898 -7.51808e-05 0.00156497 0.00237734 0.000253133 0.00138317
internal_weight=0 1776.18 1664.16 1562.75 1236.49 326.266 225.025 386.293 290.339 8696.81 850.192 502.157 348.035 263.395
internal_count=141200 25681 24001 22792 18239 4553 3196 5681 4236 115519 12558 7266 5292 3931
is_linear=0
shrinkage=0.0101079


Tree=328
num_leaves=15
num_cat=0
split_feature=18 30 27 21 16 20 5 11 18 21 20 17 9 14
split_gain=5.20039 9.62649 12.7866 9.13357 15.1547 11.5924 6.11263 6.37461 7.38265 7.01723 17.0258 8.72705 7.86566 7.76671
threshold=93.500000000000014 1.0000000180025095e-35 0.20576497167348864 4.7133941650390634 0.57182708382606517 1.8073042035102846 1.7451181411743166 0.15675660967826846 79.500000000000014 5.3372094631195077 4.8925054073333749 25.500000000000004 0.037410030141472823 -6.8404104709625235
decision_type=2 2 2 2 2 2 2 2 2 2 2 2 2 2
left_child=6 3 -3 4 -2 -5 -1 9 -9 10 12 -11 -8 -14
right_child=1 2 -4 5 -6 -7 7 8 -10 11 -12 -13 13 -15
leaf_value=0.00013944077914424549 -0.0011804980067782751 0.00010039895433700323 0.0037020193243008951 -0.0038030592872887151 0.0031788417523984239 0 0.0014986739834039269 0.0026733672419081101 -0.00063284126024899074 -0.0015262709467158365 0.0034014384963893798 0.00062732254779722765 -0.0013811858256537954 2.2669831907000595e-05
leaf_weight=6167.2510880827904 129.75613741856068 247.00902014784515 197.37090943753719 110.63619213923812 167.07260560803115 224.00276489183307 178.27577182464302 134.91932481154799 99.504963032901287 1009.8393940329552 121.2335216421634 202.87265363335609 751.68702744785696 740.06328235194087
leaf_count=84230 1959 3233 2469 1472 1952 2731 2459 1888 1270 12659 1696 2666 11339 9112
internal_value=0 0.000695253 0.00182515 -4.88175e-05 0.00115836 -0.00123987 -4.24328e-05 -0.000400785 0.00112698 -0.000536011 -0.000107494 -0.00113114 -0.000400676 -0.000661147
internal_weight=0 1075.85 444.38 631.468 296.829 334.639 9405.65 3238.4 234.424 3003.97 1791.26 1212.71 1670.03 1491.75
internal_count=141135 13816 5702 8114 3911 4203 127319 43089 3158 39931 24606 15325 22910 20451
is_linear=0
shrinkage=0.0101079


Tree=329
num_leaves=15
num_cat=0
split_feature=13 13 17 3 7 22 14 30 23 2 11 33 20 3
split_gain=6.08353 8.62811 19.9672 11.8497 16.0436 6.58906 6.73363 5.72903 24.9036 19.9268 17.7929 21.2259 15.2843 13.6872
threshold=-0.092856191098690019 -0.057939089834690087 81.500000000000014 0.27028170228004461 -15.28930616378784 -0.46733255684375757 -23.927918434143063 0.81174489855766307 0.82946088910102855 1.1232141852378847 0.097649015486240401 0.89692735671997081 1.0000000180025095e-35 0.70182654261589061
decision_type=2 2 2 2 2 2 2 2 2 2 2 10 2 2
left_child=-1 2 3 -2 -5 -4 -7 -3 9 10 11 -9 13 -10
right_child=1 7 5 4 -6 6 -8 8 12 -11 -12 -13 -14 -15
leaf_value=0.0014529804531195399 -0.002602971394523632 -6.3711346588559407e-05 -0.0051882924094038352 0.0034446179966631254 -0.0011681942595815383 -0.0034466727205001847 3.3432662005768842e-05 0.001122946520001811 -0.00047169188103131333 -0.00026323709978183561 -0.00067856200129155742 0.0056538170457234235 0.00066495478908618175 -0.0042828828243422915
leaf_weight=286.14222059585154 89.537435846403241 7669.0684621920809 108.81530221831053 166.05380111373961 115.91127353534102 83.908934438601136 93.114927102811635 226.58835927024484 324.33090848848224 282.38619697839022 98.095822863280773 258.96055909246206 494.22091651707888 151.88714607432485
leaf_count=3320 1459 103294 1722 2355 1810 1152 1556 4640 4317 3749 1150 1906 6320 1983
internal_value=0 -2.06233e-05 -0.00113655 0.000316595 0.00142771 -0.00312231 -0.00147109 5.31402e-05 0.000561316 0.00181042 0.00287267 0.00367164 -0.000517425 -0.00181934
internal_weight=0 10162.9 657.342 371.503 281.965 285.839 177.024 9505.54 1836.47 866.031 583.645 485.549 970.439 476.218
internal_count=140733 137413 10054 5624 4165 4430 2708 127359 24065 11445 7696 6546 12620 6300
is_linear=0
shrinkage=0.0101079


Tree=330
num_leaves=15
num_cat=0
split_feature=10 8 6 16 29 13 1 0 28 18 29 9 10 5
split_gain=6.4313 13.7128 5.91929 6.18264 9.70577 11.5312 13.8521 9.47418 12.8128 10.954 13.2034 9.9257 9.80875 10.31
threshold=0.29891636967659002 -0.75443911552429188 -14.839451313018797 0.1677515730261803 -0.60785761475563038 -0.018358848989009854 1.4279931187629702 0.59177720546722423 0.77296444773674022 38.500000000000007 0.87837970256805431 0.11959556117653848 0.09377597272396089 0.65101417899131786
decision_type=2 2 2 2 2 2 2 2 2 2 2 2 2 2
left_child=2 -2 -1 -4 -5 6 7 11 9 -9 12 -6 13 -11
right_child=1 -3 3 4 5 -7 -8 8 -10 10 -12 -13 -14 -15
leaf_value=-0.0019839737489514928 -0.0012581688412806021 0.0033030252156646097 0.00066720273248270685 0.0024855321925829972 -0.00011193941547209533 4.4513973797613868e-05 0.0014209851990152887 -0.0026714292979422311 0.0014518772502621782 0 0.0029032002331890613 -0.0045272373834988403 0.00030908287464951527 -0.0033456364929507821
leaf_weight=147.53519999980927 88.543235424906015 166.64056099392474 1255.1910035228357 137.92976042255759 104.33745726570487 6904.2320146821439 214.77545890770853 368.64069910161197 195.20091466233134 128.22128942981362 90.798809058964252 160.3844337342307 269.9914982682094 232.97621554508805
leaf_count=2034 1354 2523 18054 1563 1651 89855 3201 5206 2778 1720 1415 2733 3761 3286
internal_value=0 0.00157572 -2.43002e-05 1.89217e-06 -8.88253e-05 -0.0001366 -0.000864925 -0.00121296 -0.00080082 -0.00124817 -0.000445619 -0.0029876 -0.00101969 -0.00210857
internal_weight=0 255.184 10210.2 10062.7 8807.49 8669.56 1765.33 1550.55 1285.83 1090.63 721.988 264.722 631.189 361.198
internal_count=141134 3877 137257 135223 117169 115606 25751 22550 18166 15388 10182 4384 8767 5006
is_linear=0
shrinkage=0.0101079


Tree=331
num_leaves=15
num_cat=0
split_feature=9 0 7 18 17 2 13 17 28 27 30 7 28 10
split_gain=6.63331 6.36096 11.85 12.0075 6.13398 6.04951 9.08253 7.55955 6.42167 6.2498 6.05873 5.88202 11.3754 6.15988
threshold=0.063069403171539321 1.0061108469963076 7.4387767314910898 24.500000000000004 12.500000000000002 1.0778601169586184 0.01304474286735058 87.500000000000014 0.26932403445243841 -0.24825246632099149 1.0000000180025095e-35 25.395487785339359 0.076279435306787505 0.29891636967659002
decision_type=2 2 2 2 2 2 2 2 2 2 2 2 2 2
left_child=1 4 3 -3 -1 6 7 10 -8 -7 -6 13 -13 -2
right_child=11 2 -4 -5 5 9 8 -9 -10 -11 -12 12 -14 -15
leaf_value=0.001882126445981358 -0.00017101175264719941 0.00030115176657119974 -0.00045844860481823247 0.0037511292769904074 -0.0024852964859369345 -0.0024949592679317139 0 0.0015276230466697322 0.0029582707555220016 0 0 0.0038698149732113944 -0.00040003322152702708 0.0016439274820336859
leaf_weight=170.1768347453326 8065.1999853951856 219.61288944073021 212.39166698046029 251.81281904689968 191.35966463200748 180.95238059200346 151.19621580466628 112.45595945604146 171.16333232074976 193.2737247236073 139.93697682023048 103.58891322277486 112.43269303254783 184.83787776250392
leaf_count=2155 107891 2968 2669 3412 2813 2844 1892 1626 2243 2526 1931 1627 1687 2712
internal_value=0 0.00056948 0.00136059 0.0022589 0.000120474 -0.000117911 0.000357081 -0.000511279 0.00165935 -0.00118407 -0.00134167 -7.56774e-05 0.0015286 -0.000123963
internal_weight=0 1994.33 683.817 471.426 1310.52 1140.34 766.112 443.753 322.36 374.226 331.297 8466.06 216.022 8250.04
internal_count=140996 27079 9049 6380 18030 15875 10505 6370 4135 5370 4744 113917 3314 110603
is_linear=0
shrinkage=0.0101079


Tree=332
num_leaves=15
num_cat=0
split_feature=11 18 30 27 21 28 16 0 23 18 30 5 3 3
split_gain=5.58505 5.96492 13.3262 11.2254 9.55258 18.1744 13.4932 6.52565 5.73299 9.39915 10.7803 5.633 10.7895 17.4156
threshold=0.0062667401507496842 93.500000000000014 1.0000000180025095e-35 0.20576497167348864 4.630704641342164 0.39271505177021032 0.57182708382606517 0.72179827094078075 0.98309406638145458 70.500000000000014 -0.56174489110708226 1.2014647126197817 0.50432926416397106 0.81119754910469066
decision_type=2 2 2 2 2 2 2 2 2 2 2 2 2 2
left_child=8 11 4 7 6 -6 -3 -4 9 10 -1 12 -2 -14
right_child=1 2 3 -5 5 -7 -8 -9 -10 -11 -12 -13 13 -15
leaf_value=0 0.00052940476627468165 -0.0011614556553539296 -0.0013760995579177582 0.0038203261477321353 0.00033000062446373961 -0.0042426820087893289 0.0030935928594999062 0.0018459522340012555 -0.00028377680013191961 -6.4257772252017899e-05 0.0045676972915595047 -0.00047084126309737218 -0.0009486343011205629 0.0007228349413891744
leaf_weight=102.80047684535384 2530.8920436771587 124.01587760075927 99.098420304246247 189.99838653765619 198.68273126520216 133.63805858418345 149.9550440069288 136.03799423761666 205.53621843829751 157.41471362765878 143.70740131475031 3493.7204517647624 1870.7313654925674 931.57407743576914
leaf_count=1400 34200 1836 1417 2351 2384 1803 1739 1634 2854 2166 1887 46382 25797 13056
internal_value=0 -6.58819e-05 0.00065124 0.00201806 -0.000254389 -0.00144368 0.00104441 0.000320626 0.000924947 0.00163227 0.00284438 -0.000154752 4.51087e-05 -0.000378119
internal_weight=0 9858.34 1031.43 425.135 606.292 332.321 273.971 235.136 609.459 403.923 246.508 8826.92 5333.2 2802.31
internal_count=140906 132599 13164 5402 7762 4187 3575 3051 8307 5453 3287 119435 73053 38853
is_linear=0
shrinkage=0.0101079


Tree=333
num_leaves=15
num_cat=0
split_feature=9 21 2 17 0 7 21 3 20 6 12 17 15 21
split_gain=5.91764 9.49425 6.3892 15.1311 8.45176 11.077 7.85107 6.39855 6.25965 6.6025 13.3317 12.0569 11.3222 10.757
threshold=0.088260464370250716 -10.914800167083738 1.0475376248359682 13.500000000000002 1.060299336910248 7.7089929580688485 8.0339245796203631 0.80023652315139782 1.9612973332405093 4.1418733596801767 0.030853929929435257 28.500000000000004 7.2646577358245858 2.2830072641372685
decision_type=2 2 2 2 2 2 2 2 2 2 2 2 2 2
left_child=1 -1 8 -4 6 7 -5 -6 9 10 11 -3 -13 -14
right_child=-2 2 3 4 5 -7 -8 -9 -10 -11 -12 12 13 -15
leaf_value=0.0031978642564173395 -0.00014192229505936293 0.0031678421774716408 0.0021521620697398576 -0.0022908895243486022 0 -0.0021698130958482569 0.00042026519625408765 0.0029933135027946081 -0.0011911728181905059 0.0031665862747061245 -0.0018800068043830854 -0.00060546928992276209 0.0029553789985652819 0
leaf_weight=113.65958980284631 7669.8742781411856 220.56073348037899 192.94309490174055 439.78478690981865 114.48419905640185 112.85880652442575 110.39657509513199 130.36023816093802 141.63205997087061 121.11652641557157 168.58186677470803 448.53570468444377 256.69812821596861 228.15702058468014
leaf_count=1472 103060 2859 2449 6421 1603 1455 1485 1683 1795 1457 2155 6664 3345 3039
internal_value=0 0.000400344 0.000258211 -0.000307277 -0.000887776 0.000223381 -0.00167597 0.00151915 0.000675903 0.000892283 0.000636583 0.00104904 0.000483692 0.00156727
internal_weight=0 2799.77 2686.11 1100.83 907.885 357.703 550.181 244.844 1585.28 1443.65 1322.53 1153.95 933.391 484.855
internal_count=140942 37882 36410 15096 12647 4741 7906 3286 21314 19519 18062 15907 13048 6384
is_linear=0
shrinkage=0.0101079


Tree=334
num_leaves=15
num_cat=0
split_feature=18 13 21 21 13 13 23 28 13 15 21 20 30 33
split_gain=4.88451 11.7582 10.5055 7.06106 8.22898 7.51408 9.10147 5.29086 5.5104 5.45921 15.7945 19.1342 13.8202 13.3029
threshold=93.500000000000014 0.067716103047132506 8.1679577827453631 4.7133941650390634 0.018052049912512306 0.00086346321040764462 0.7649136781692506 -0.99275061488151539 -0.00040953658754006023 21.420234680175785 6.4603426456451425 1.2722972035408022 0.81174489855766307 0.94700106978416454
decision_type=2 2 2 2 2 2 2 2 2 2 2 2 2 10
left_child=7 2 3 4 5 6 -2 8 -1 10 -9 -12 13 -13
right_child=1 -3 -4 -5 -6 -7 -8 9 -10 -11 11 12 -14 -15
leaf_value=0.0023747457838654081 -6.2436380668157501e-05 -0.0014413651465692348 0.0035615674206979997 -0.00087256804864932567 0.0035036768198566876 -0.0016470235387777894 0.0032529083749772638 -1.8772516629495805e-05 0 0.0007235303628140555 0.0022822459944393291 -0.00064378499435705601 0.00076098504215693066 -0.0038519982773059826
leaf_weight=175.73459285870194 162.23874557763338 195.54572717100382 156.4365890789777 202.03403374832124 122.47448506765068 107.95546191092581 129.306800769642 7385.0675034970045 223.03994689323008 731.26150319352746 105.71785824466497 255.91716176085174 124.06402441486716 384.56036204844713
leaf_count=2429 2323 2599 2010 2553 1420 1329 1562 100903 2818 10483 1385 5050 1491 2849
internal_value=0 0.000671695 0.00119496 0.000596434 0.00124587 0.000401519 0.0013181 -4.33405e-05 0.00107665 -9.84134e-05 -0.000176724 -0.00145916 -0.0020464 -0.00265525
internal_weight=0 1075.99 880.446 724.01 521.975 399.501 291.546 9385.36 398.775 8986.59 8255.33 870.259 764.542 640.478
internal_count=141204 13796 11197 9187 6634 5214 3885 127408 5247 122161 111678 10775 9390 7899
is_linear=0
shrinkage=0.0101079


Tree=335
num_leaves=15
num_cat=0
split_feature=2 20 9 23 0 3 12 27 4 15 15 8 3 3
split_gain=5.41409 12.9044 5.56822 7.71991 7.29997 10.5865 13.2789 11.0035 8.42569 7.95711 7.58126 8.32443 7.62191 7.20487
threshold=4.4996695518493661 -9.8715405464172346 0.088260464370250716 2.2445715665817265 1.060299336910248 0.35032996535301214 0.030853929929435257 0.4904943853616715 -0.70928448438644398 5.1457674503326425 9.6550388336181658 -0.26202228665351862 0.79285037517547619 0.23792238533496859
decision_type=2 2 2 2 2 2 2 2 2 2 2 2 2 2
left_child=1 -1 4 -4 5 6 7 -3 9 -7 11 -6 -13 -9
right_child=-2 2 3 -5 10 8 -8 13 -10 -11 -12 12 -14 -15
leaf_value=0.0030468374297923429 -0.0019070170495967701 0 -0.00025541479414849033 0.0015339347983070763 0.0039324878147537785 0.0003185626081613713 -0.0015504040967270528 0.00056803902653337782 0 -0.0027179853877916768 0 -0.00031569860840006183 0.0029741982135883024 0.0044509483082785344
leaf_weight=132.38555706106126 146.88786872290075 181.97794784605503 7186.5340370712802 242.31604322977364 156.00000231340528 96.284144741483033 124.86249038018286 105.94983387738466 1019.2723369346932 259.95721620507538 359.04189832508564 175.46381217427552 96.333961736410856 175.59647222608328
leaf_count=1668 2186 2582 97094 2844 2164 1461 1589 1635 13767 3382 4400 2467 1271 2417
internal_value=0 0 -4.27355e-05 -0.000190089 0.000339961 0 0.00113519 0.00195798 -0.000476116 -0.00179651 0.0011576 0.0020552 0.000754804 0.00318336
internal_weight=0 10312 10179.6 7428.85 2750.74 1963.9 588.387 463.524 1375.51 356.241 786.84 427.798 271.798 281.546
internal_count=140927 138741 137073 99938 37135 26833 8223 6634 18610 4843 10302 5902 3738 4052
is_linear=0
shrinkage=0.0101079


Tree=336
num_leaves=15
num_cat=0
split_feature=21 21 33 14 14 3 14 3 2 20 6 3 15 20
split_gain=6.49728 11.0625 17.4589 10.726 8.4468 10.3971 8.15772 12.4246 15.0346 12.2474 16.9724 12.4945 12.1609 11.813
threshold=-15.086265563964842 -11.844729900360106 1.0013927817344668 -25.721765518188473 -20.661470413208004 0.26747262477874761 -7.3916492462158194 0.8261040747165681 1.6593780517578127 -1.7755185961723325 -8.5348062515258771 0.96105447411537182 3.6781932115554814 -2.5617319345474239
decision_type=2 2 8 2 2 2 2 2 2 2 2 2 2 2
left_child=-1 2 -2 -3 5 -5 7 8 -6 10 11 -9 -12 -8
right_child=1 3 -4 4 6 -7 13 9 -10 -11 12 -13 -14 -15
leaf_value=-0.0017354865704641276 0.0040357408635371119 -0.0029774713255198001 -0.00084015709007152946 -0.00094895795300290907 -0.00038390011920070514 0.0026673785736682234 0.0034957464179586552 0.0019445681327487634 -0.0026490017990325838 -0.0011014968366201223 0.00078703479680894059 -0.0024313076059228936 0.0052784153267375674 0.00015896024786466161
leaf_weight=204.61759904585779 167.87764516472816 114.91672817990184 107.04935600236058 93.648535447195172 3120.0908812005073 250.84299644827843 104.88261293433607 118.1809565583244 336.04532179329544 219.37856560945511 148.77680787630379 129.35997692402452 147.33747781813145 5197.8269075071439
leaf_count=2795 1133 1479 2225 1453 46407 3744 1321 1724 5037 3341 2105 1718 2034 64451
internal_value=0 4.99025e-05 0.00202246 -1.87943e-06 3.09514e-05 0.00157002 -2.16935e-05 -0.000356892 -0.000621183 0.000781954 0.00162016 -0.000187792 0.00323162 0.000237515
internal_weight=0 10256.2 274.927 9981.29 9866.37 344.492 9521.88 4219.17 3456.14 763.034 543.655 247.541 296.114 5302.71
internal_count=140967 138172 3358 134814 133335 5197 128138 62366 51444 10922 7581 3442 4139 65772
is_linear=0
shrinkage=0.0101079


Tree=337
num_leaves=15
num_cat=0
split_feature=13 30 17 11 0 2 0 17 30 28 13 15 7 2
split_gain=5.31611 13.8443 6.8407 10.3818 21.8925 10.755 18.1413 14.3102 12.4123 37.7581 28.919 20.7314 17.4952 16.3759
threshold=-0.089315064251422868 -0.56174489110708226 14.500000000000002 0.12363513559103013 0.61162349581718456 0.90742918848991405 0.46342435479164129 41.500000000000007 1.0000000180025095e-35 0.61734244227409374 0.052921874448657043 10.572383403778078 -0.96317967772483815 0.59048122167587291
decision_type=2 2 2 2 2 2 2 2 2 2 2 2 2 2
left_child=1 -1 -2 5 -5 7 -7 -4 9 13 11 12 -10 -9
right_child=2 -3 3 4 -6 6 -8 8 10 -11 -12 -13 -14 -15
leaf_value=-0.00088003563590201902 0.00040299437144076519 0.0030233419689871519 -0.00067113834965759676 -0.0051718163236338698 -0.00050844116019064655 -0.004668996497976364 -0.00029086094082045213 -0.00022755393769521528 0.00039237143784652702 -0.0021778581269052502 0.0068297275824709524 -0.0017110199945236184 0.0038561471322046312 0.0026624814436453908
leaf_weight=145.39579146541655 2711.5265252646059 192.9685945790261 876.21180766168982 117.61365576274693 764.57398371584713 93.847238512709737 3412.6493344092742 300.63389976508915 388.0337339323014 441.37753585167229 95.782040849328041 195.77931841742247 271.89722819626331 472.47368230670691
leaf_count=1580 34536 2344 11643 1741 10263 1608 47663 4010 5534 6566 1222 2553 3470 6468
internal_value=0 0.00124659 -2.61798e-05 -0.000188483 -0.00121471 -4.28078e-05 -0.000429447 0.000389522 0.000838077 0.000122124 0.00170145 0.00102522 0.00190792 0.00149554
internal_weight=0 338.364 10142.4 7430.87 882.188 6548.69 3506.5 3042.19 2165.98 1214.49 951.492 855.71 659.931 773.108
internal_count=141201 3924 137277 102741 12004 90737 49271 41466 29823 17044 12779 11557 9004 10478
is_linear=0
shrinkage=0.0101079


Tree=338
num_leaves=15
num_cat=0
split_feature=2 3 27 2 11 4 0 12 17 29 27 3 7 14
split_gain=4.44626 17.2341 11.7209 6.42694 15.9664 16.7363 11.1773 10.434 13.7169 9.30722 8.82509 9.66193 7.77042 7.19477
threshold=2.9043198823928837 0.71210369467735302 -0.45201864838600153 1.6593780517578127 0.017096011899411682 0.89798402786254894 1.5043336749076845 -0.087011530995368944 84.500000000000014 -0.60785761475563038 -0.6343555450439452 0.73412626981735241 18.45270919799805 -7.5851504802703849
decision_type=2 2 2 2 2 2 2 2 2 2 2 2 2 2
left_child=3 -2 -3 7 -5 6 10 8 -1 -9 13 -12 -7 -6
right_child=1 2 -4 4 5 12 -8 9 -10 -11 11 -13 -14 -15
leaf_value=0.0044173460269558143 0.0045898632013413841 -0.00085722849156901707 0.0029792026082868773 0.0024866832759236957 -0.0052743613176980649 -0.00012190556249901592 4.3708088945485087e-05 0.0027587446928861946 0 -3.5703840848406568e-05 -0.0022896137477068442 0.00095140765861658947 0.0028517098087999073 -0.0014588206421510055
leaf_weight=121.03533593937755 97.055782191455364 344.77230579592288 98.111536772921681 136.70400697551668 166.88724857289344 376.81524910684675 211.30218330211937 115.96670165471733 143.8865613611415 8037.266850897111 272.23392500821501 115.27441069297493 102.16610015742481 133.53669520001858
leaf_count=1856 1248 5317 1183 2142 2755 5242 2709 1283 2160 106987 3596 1589 1258 1808
internal_value=0 0.000901153 0 -3.32922e-05 -0.000640397 -0.000991779 -0.0018092 7.16362e-05 0.00201738 1.62314e-06 -0.00243079 -0.00122324 0.000463918 -0.003788
internal_weight=0 539.94 442.884 9933.08 1514.92 1378.22 899.234 8418.16 264.922 8153.23 687.932 387.508 478.981 300.424
internal_count=141133 7748 6500 133385 21099 18957 12457 112286 4016 108270 9748 5185 6500 4563
is_linear=0
shrinkage=0.0101079


Tree=339
num_leaves=15
num_cat=0
split_feature=2 2 2 11 22 27 11 21 15 6 12 27 12 11
split_gain=5.13758 13.0247 10.0713 13.2973 11.2446 7.78392 10.9944 7.65845 11.305 7.26581 7.1857 7.09095 6.6348 11.0512
threshold=2.7022243738174443 4.4996695518493661 1.7246151566505434 0.017096011899411682 -0.06336354091763495 -0.43245348334312433 0.13572440296411517 12.078863620758058 9.8122816085815447 -9.136466979980467 -0.087011530995368944 -0.65106672048568714 0.064614851027727141 0.028797274455428127
decision_type=2 2 2 2 2 2 2 2 2 2 2 2 2 2
left_child=2 5 10 -4 -5 6 -2 8 9 -6 11 -1 -12 -14
right_child=1 -3 3 4 7 -7 -8 -9 -10 -11 12 -13 13 -15
leaf_value=0.0037357089013919037 -0.00044512757378704904 -0.001627671592915874 0.0021700966025751836 -0.0023052391255137142 -0.00071596412861288827 0.0036985660039801581 0.0030642369846790724 0.0020734884332842766 -0.0025411722110667322 0.0025967878464851451 -0.00013604265083910942 0.00024996671682069206 -0.001070874646360086 0.0012867730645414277
leaf_weight=96.291799383237958 238.57448702119291 146.35578517057002 111.04690755158663 560.59906334988773 147.93355697020888 138.18346397392452 126.09354776889086 104.82707823812962 211.11872623674572 100.11930347979069 7185.5181629834697 212.48485292121768 243.44603637140244 831.42554704286158
leaf_count=1546 3584 2201 1777 8038 2034 1734 1849 1269 2787 1325 96164 3154 3301 10108
internal_value=0 0.000834821 -8.66408e-05 -0.000937955 -0.00129318 0.00164449 0.000697491 -0.000199033 -0.000830018 0.000500343 3.21193e-05 0.00152888 -2.02916e-05 0.000711596
internal_weight=0 649.207 9804.81 1235.64 1124.6 502.851 364.668 563.999 459.172 248.053 8569.17 308.777 8260.39 1074.87
internal_count=140871 9368 131503 17230 15453 7167 5433 7415 6146 3359 114273 4700 109573 13409
is_linear=0
shrinkage=0.0101079


Tree=340
num_leaves=15
num_cat=0
split_feature=3 3 12 11 11 14 3 23 3 7 10 13 15 14
split_gain=4.9691 19.5098 13.834 13.6588 14.6983 13.2411 18.8571 11.787 10.8032 9.94612 7.68987 7.49474 13.8978 19.7565
threshold=0.34503790736198431 0.29990671575069433 0.030853929929435257 0.098526671528816237 0.060699639841914184 -4.8207979202270499 0.33578196167945867 0.73066318035125744 0.32519695162773138 -2.3776381015777583 0.10978520661592485 0.074591852724552168 23.578188896179203 -1.358318507671356
decision_type=2 2 2 2 2 2 2 2 2 2 2 2 2 2
left_child=1 2 3 4 9 6 10 -4 -7 -1 -3 12 -2 -14
right_child=11 5 7 -5 -6 8 -8 -9 -10 -11 -12 -13 13 -15
leaf_value=0.002338410749953296 -0.00013114569716000062 0.004598881529174711 -0.0052729045856100736 -0.00097915138039462329 0.0029629753428367061 -0.0021877806903467436 -0.00090403587092087066 0 0.0019601849879688068 -0.0016580715121883257 0.00077637018046461728 -0.0016523339220576327 -0.00020679773595209919 0.0055539016907348165
leaf_weight=83.782231692224741 7950.4715510802343 284.42254467215389 89.95730147883296 528.77178886719048 263.79422536492348 124.2261168397963 96.881751807406545 100.68567972630262 115.42112014628947 186.02913259156048 103.96911602653563 309.08367905952036 109.64686214923859 100.11387029476464
leaf_count=1317 105774 3954 1301 7669 3883 1465 1385 1453 1341 2825 1361 4328 1579 1326
internal_value=0 0.000439261 -0.000297729 0.000122589 0.00128759 0.00175826 0.00270901 -0.0027588 -2.73833e-05 -0.000240918 0.00371257 -0.000121899 -5.74828e-05 0.00245482
internal_weight=0 1977.94 1253.02 1062.38 533.606 724.921 485.273 190.643 239.647 269.811 388.392 8469.32 8160.23 209.761
internal_count=140961 27954 18448 15694 8025 9506 6700 2754 2806 4142 5315 113007 108679 2905
is_linear=0
shrinkage=0.0101079


Tree=341
num_leaves=15
num_cat=0
split_feature=28 32 29 15 21 3 3 13 29 7 18 13 18 11
split_gain=5.14256 14.2562 15.0794 13.1996 46.7827 13.6106 13.6117 31.1576 28.6567 9.6274 17.8403 16.0197 9.35441 9.27391
threshold=0.43245348334312445 1.0000000180025095e-35 -1.0000000180025095e-35 11.496576786041262 1.8926603794097903 0.85334494709968578 0.53226459026336681 0.0070234113372862348 1.0000000180025095e-35 14.161979198455812 84.500000000000014 0.030882813967764381 54.500000000000007 0.050106355920434005
decision_type=2 2 2 2 2 2 2 2 2 2 2 2 2 2
left_child=-1 3 -3 4 5 6 -2 8 -8 11 12 -5 -11 -10
right_child=1 2 -4 9 -6 -7 7 -9 13 10 -12 -13 -14 -15
leaf_value=0.00013075465164513034 0.00031567668033799707 0.0010933665667063807 -0.0029320232073806697 0 0.0052106688499112316 0.0030573252510452359 0.00021349955419462351 0.0029135840597797266 -0.006493790934332843 0 -0.0015272070513398521 -0.0031664332279281279 0.0043983678526044378 -0.0015553172742092257
leaf_weight=7165.4737497419119 922.21665803901851 105.33686182834208 371.27599107753485 288.45076518226415 182.35153458546847 119.44130888953805 154.37828585132957 103.65675648860633 167.43376557715237 98.544296137988567 264.91255483217537 350.14463951811194 103.32944597303867 89.517940135672688
leaf_count=94835 12813 1485 6000 3910 2359 1720 2263 1187 2469 1314 3345 4818 1332 1367
internal_value=0 -0.000349246 -0.00195552 -6.13798e-05 0.000471694 -8.02737e-05 -0.000383832 -0.00170029 -0.00299157 -0.000933887 9.01519e-05 -0.00173731 0.00238418 -0.00502087
internal_weight=0 3320.99 476.613 2844.38 1739 1556.64 1437.2 514.987 411.33 1105.38 466.786 638.595 201.874 256.952
internal_count=141217 46382 7485 38897 24178 21819 20099 7286 6099 14719 5991 8728 2646 3836
is_linear=0
shrinkage=0.0101079


Tree=342
num_leaves=15
num_cat=0
split_feature=9 21 17 2 11 11 12 15 6 29 15 15 20 2
split_gain=6.37221 10.2537 7.37912 14.2519 12.6625 11.0778 10.3947 11.2823 10.1658 9.48314 17.7496 8.28625 7.19529 7.08198
threshold=0.11959556117653848 -11.844729900360106 13.500000000000002 1.1305866837501528 0.13867282867431643 0.017096011899411682 -0.070298451930284486 20.193663597106937 -8.7368125915527326 0.87837970256805431 13.322693824768068 12.821763515472414 0.24912614375352862 1.0536408424377444
decision_type=2 2 2 2 2 2 2 2 2 2 2 2 2 2
left_child=1 -1 13 4 9 -5 8 -8 -7 10 -4 12 -11 -3
right_child=-2 2 3 5 -6 6 7 -9 -10 11 -12 -13 -14 -15
leaf_value=0.0032526899938064837 -9.4687071207224711e-05 0.00026161902939135176 0.00055879336775861656 0.0016214941735463941 -0.0024746665426894805 -0.0018731751065093729 -0.002744630698333762 0.00017249918842131412 0.001795895945863887 -0.0007025270919278464 0.003308269124887327 -0.0029824246933444843 0.0025351505744635886 0.0025443699476404452
leaf_weight=121.80210941936821 6729.6196422427893 378.60823153704405 1079.2612051758915 141.80431507807225 112.93134827166796 120.27057672198862 481.66217860393226 151.27260821871459 178.15787776000798 192.2276725564152 324.61634379345924 95.447849420830607 94.648642523214221 267.10007616132498
leaf_count=1574 90515 4759 15027 1992 1514 1905 6295 2154 2581 2610 4247 1250 1310 3371
internal_value=0 0.000422438 0.00030934 8.07024e-05 0.00061839 -0.000830994 -0.00125767 -0.00199046 0.000175053 0.00084622 0.00123769 -0.000483486 0.00026618 0.00128657
internal_weight=0 3739.81 3618.01 2972.3 1899.13 1073.17 931.363 632.935 298.428 1786.2 1403.88 382.324 286.876 645.708
internal_count=141104 50589 49015 40885 25958 14927 12935 8449 4486 24444 19274 5170 3920 8130
is_linear=0
shrinkage=0.0101079


Tree=343
num_leaves=15
num_cat=0
split_feature=7 13 30 13 17 13 30 30 23 27 18 14 28 12
split_gain=4.72162 11.6067 23.8519 8.5932 14.9504 11.7675 12.1726 8.23357 27.997 26.1158 29.1446 17.9904 16.467 16.1706
threshold=-28.77313137054443 -0.089315064251422868 -0.56174489110708226 -0.057939089834690087 81.500000000000014 -0.076311007142066942 -0.56174489110708226 0.81174489855766307 0.82946088910102855 0.22706275433301928 81.500000000000014 -6.6596393585205069 0.11969653144478799 0.039755646139383323
decision_type=2 2 2 2 2 2 2 2 2 2 2 2 2 2
left_child=-1 2 -2 4 5 -3 -7 -5 9 -9 11 12 -11 -10
right_child=1 3 -4 7 -6 6 -8 8 13 10 -12 -13 -14 -15
leaf_value=-0.0021310506502496811 -0.00076691661660673971 0.002849244316700385 0.0050053618785378257 -8.2494172552668809e-05 -0.0030616879008537427 0.0014057888408911192 -0.0029465174632190522 0.00013314233699128321 -0.0013661098952234619 0.00016641287551199293 0.0080635492420939626 -0.00093399814429633542 0.0063726921543949258 0.0013758844570817767
leaf_weight=95.430247744545341 126.35841765441 106.40806068480015 134.43986789882183 7685.9951681680977 245.44062258955091 95.339544142596424 144.18158869817853 435.39090861007571 677.56338969990611 94.976759614422917 114.31374505534768 118.23567272350192 105.15428550727665 305.08796451985836
leaf_count=1134 1354 1420 1694 103421 3971 1529 2338 6129 9002 1268 1331 1300 1453 3740
internal_value=0 4.00619e-05 0.0021155 -1.09378e-05 -0.00118859 6.3252e-05 -0.00106034 5.87372e-05 0.000664989 0.00198877 0.00372937 0.00189654 0.0037366 -0.000469852
internal_weight=0 10388.9 260.798 10128.1 591.37 345.929 239.521 9536.72 1850.72 868.071 432.68 318.367 200.131 982.651
internal_count=141084 139950 3048 136902 9258 5287 3867 127644 24223 11481 5352 4021 2721 12742
is_linear=0
shrinkage=0.0101079


Tree=344
num_leaves=15
num_cat=0
split_feature=16 11 10 33 17 10 7 15 33 7 14 7 16 29
split_gain=5.55344 11.9586 11.202 13.3266 13.4691 10.5479 9.92586 15.9828 21.4912 51.8277 20.3091 12.5142 13.1969 13.235
threshold=0.1677515730261803 0.19629213958978656 0.2146493345499039 0.99611112475395214 68.500000000000014 0.10346859693527223 -3.9374462366104122 6.8580756187438974 1.0013927817344668 0.4778373539447785 -10.643760681152342 1.0000000180025095e-35 0.66730114817619335 1.0000000180025095e-35
decision_type=2 2 2 10 2 2 2 2 8 2 2 2 2 2
left_child=1 2 3 5 -5 -1 -2 8 9 -8 -9 12 13 -12
right_child=6 -3 -4 4 -6 -7 7 10 -10 -11 11 -13 -14 -15
leaf_value=0.001996528674472304 -0.00071186465591158664 -0.0027478382224370435 -0.00064204945255590248 0.00033725644012875096 0.004124638098810909 -0.00073180110121034991 -0.00018415023811433343 -0.0026828437556736615 -0.00027496982787860282 0.0057194830907638288 0.002428939180488351 -0.00014717043368956876 0.0029587679268989219 -0.0013621463987324779
leaf_weight=225.38083769008517 2015.3454975290224 90.028294675052166 346.3456032415852 188.59803956001997 265.98780007660389 352.8390096584335 307.46902618557215 290.12644765339792 478.63714101724327 269.37623476237059 144.32101872656494 4984.1547685330734 280.33322000876069 237.97770486027002
leaf_count=4840 28510 1043 4840 1325 1874 7257 2254 4916 10341 1943 1979 63617 3323 2976
internal_value=0 0.000582378 0.000842898 0.00138085 0.00267247 0.000274687 -8.60091e-05 8.91688e-05 0.00123375 0.00254214 -0.000108828 1.97032e-05 0.00132269 0
internal_weight=0 1469.18 1379.15 1032.81 454.586 578.22 9007.74 6992.4 1055.48 576.845 5936.91 5646.79 662.632 382.299
internal_count=141038 21179 20136 15296 3199 12097 119859 91349 14538 4197 76811 71895 8278 4955
is_linear=0
shrinkage=0.0101079


Tree=345
num_leaves=15
num_cat=0
split_feature=7 16 10 27 17 7 15 14 7 10 23 7 16 20
split_gain=7.07219 6.45189 16.3124 13.8916 11.8573 11.237 16.7148 21.3297 16.5817 17.1731 13.3709 11.585 24.7333 16.9256
threshold=-28.77313137054443 0.15510571002960208 0.2146493345499039 0.52803644537925731 56.500000000000007 -3.9374462366104122 6.8580756187438974 -10.643760681152342 1.9586075544357302 0.059065582230687148 0.49096632003784185 -0.96317967772483815 0.64818155765533458 -2.6162884235382076
decision_type=2 2 2 2 2 2 2 2 2 2 2 2 2 2
left_child=-1 2 4 -4 -2 -3 8 -8 -7 -10 -9 12 -12 -13
right_child=1 5 3 -5 -6 6 7 10 9 -11 11 13 -14 -15
leaf_value=-0.0026269409004565426 -0.00018587403286210829 -0.00071829877343200846 1.7993604035668369e-05 -0.0042819963804043354 0.002158570843425332 0.00043381677351388631 -0.0027313743312160584 -0.0015484839449084785 0.00028083004118163864 0.0054721041507440902 -0.00030494245633683951 0.0025721647401945867 0.0044278839271860992 -8.5063737685530711e-05
leaf_weight=96.483389310538769 285.19124102778733 2109.8946011858061 244.03479810338467 93.609170792624354 646.76431971602142 793.56847333349288 288.82373191881925 477.8292925702408 135.9902281537652 161.03726780414581 226.11241628415883 250.71254566311836 190.78837891109288 4478.2750539518893
leaf_count=1147 4093 29926 3394 1325 9690 11068 4912 6065 1839 2100 2973 3209 2271 57249
internal_value=0 1.99492e-05 0.00069576 -0.00112515 0.00140235 -7.02658e-05 0.000119765 -8.64396e-05 0.00126739 0.00329486 4.57256e-05 0.000203691 0.00180624 5.11798e-05
internal_weight=0 10382.6 1269.6 337.644 931.956 9113.03 7003.14 5912.54 1090.6 297.027 5623.72 5145.89 416.901 4728.99
internal_count=141261 140114 18502 4719 13783 121612 91686 76679 15007 3939 71767 65702 5244 60458
is_linear=0
shrinkage=0.0101079


Tree=346
num_leaves=15
num_cat=0
split_feature=14 7 6 10 6 15 14 7 29 0 15 15 5 28
split_gain=5.66884 13.7903 17.1241 17.0597 9.97061 9.43683 17.65 14.1244 11.4016 9.17179 8.72223 11.289 13.1605 11.2152
threshold=-7.3916492462158194 0.73823609948158275 -3.4889063835144039 0.1441653519868851 2.7474161386489873 9.1928601264953631 -14.625497817993162 0.36105559766292578 -1.0000000180025095e-35 0.57050138711929332 21.420234680175785 25.174297332763675 6.016737937927247 -0.14132478833198545
decision_type=2 2 2 2 2 2 2 2 2 2 2 2 2 2
left_child=5 3 -3 4 -2 7 -7 -1 -9 -8 -4 12 -12 -13
right_child=1 2 10 -5 -6 6 9 8 -10 -11 11 13 -14 -15
leaf_value=-0.00026874540663135904 0.0014586839568460678 0.0035513617938190945 -0.00037531835340457928 0.0043553239665318861 -0.00087521238845113399 0.0024374436486124941 -0.0046262772651596458 0.0042430041147685097 0.00059464617150461357 -0.0011645513152196965 0.0031801339310614436 0.0011809822760350654 -0.00010081007673178257 -0.0019172913086764705
leaf_weight=3541.0302245905623 532.0850047711283 125.69542639981955 3320.8350976631045 155.30952449887991 257.30419319309294 111.87950150296092 93.68572714086622 113.55926234461367 476.11655108258128 827.29884845390916 282.67392803542316 218.38506717793643 178.2120501473546 232.0735176615417
leaf_count=51230 6476 1671 39997 1765 3153 1647 1814 1540 6983 12070 3776 3229 2233 3486
internal_value=0 0.000226195 -5.36618e-06 0.00132839 0.000646034 -0.000243861 -0.00110499 -1.71115e-05 0.00141029 -0.00159543 -0.000126756 0.000730504 0.00184407 -0.000332172
internal_weight=0 5302.57 4357.88 944.699 789.389 5163.57 1032.86 4130.71 589.676 920.985 4232.18 911.345 460.886 450.459
internal_count=141070 65786 54392 11394 9629 75284 15531 59753 8523 13884 52721 12724 6009 6715
is_linear=0
shrinkage=0.0101079


Tree=347
num_leaves=15
num_cat=0
split_feature=13 15 14 3 3 33 23 14 12 13 7 12 4 14
split_gain=7.07326 16.8421 15.7805 15.9217 15.3394 17.1593 15.6025 19.9607 16.093 16.3332 22.6562 12.7914 10.7149 10.655
threshold=0.015538497827947141 6.7215785980224618 -8.1187090873718244 0.89622375369071972 0.21024674177169803 0.9590476155281068 0.93414300680160534 -5.7522771358489981 -0.0006542288465425371 0.039425874128937728 15.595595836639406 0.053724659606814391 0.98076933622360241 -1.213942229747772
decision_type=2 2 2 2 2 10 2 2 2 2 2 2 2 2
left_child=13 -2 -3 4 -4 -6 7 -7 -9 -10 -11 -8 -5 -1
right_child=1 2 3 12 5 6 11 8 9 10 -12 -13 -14 -15
leaf_value=-0.00016327028247556705 0.0031401797761111787 -0.0014431145779198297 -0.002553572181893211 -0.0041989693122711606 0.0016345592233131276 0.0038995546008768222 -0.0022051297106932938 -0.0023263327329822374 0.0028571605395120944 -0.002989217168451149 0.001547064610803612 0.00021609741884283693 2.428459722428502e-05 -0.0031213402905843914
leaf_weight=6054.9045656397939 197.25865308195353 533.56214605178684 139.71012583561242 115.42325836792588 1289.820640143007 183.46500426530838 399.92716636508703 182.06751351803541 277.6727908924222 176.5672295242548 276.36316256225109 430.72100209444761 85.896944267675281 121.63624948076904
leaf_count=84538 2565 8184 2273 1768 24604 1397 2778 1307 2033 1324 2081 3100 1301 1658
internal_value=0 0.000301733 0.000149403 0.000402181 0.000579176 0.000733528 0.000105357 0.000913053 0.00024134 0.000953503 -0.000153627 -0.000910788 -0.00226816 -0.000231854
internal_weight=0 4288.46 4091.2 3557.63 3356.31 3216.6 1926.78 1096.14 912.671 730.603 452.93 830.648 201.32 6176.54
internal_count=140911 54715 52150 43966 40897 38624 14020 8142 6745 5438 3405 5878 3069 86196
is_linear=0
shrinkage=0.0101079


Tree=348
num_leaves=15
num_cat=0
split_feature=7 21 9 14 14 27 3 2 2 28 14 2 3 3
split_gain=4.95618 6.25875 15.096 7.15925 9.12352 9.54428 17.3531 7.81848 9.72348 8.88365 7.44397 11.8341 32.9151 12.2587
threshold=-28.77313137054443 -11.844729900360106 0.16203062981367114 -25.202617645263668 -20.661470413208004 -0.11969653144478797 0.27963089942932134 3.974474430084229 2.9749344587326054 0.098011311143636717 -7.3916492462158194 0.46789002418518072 0.26439033448696142 0.8261040747165681
decision_type=2 2 2 2 2 2 2 2 2 2 2 2 2 2
left_child=-1 2 -2 -3 5 -5 -7 8 10 -10 11 12 -6 -13
right_child=1 3 -4 4 7 6 -8 -9 9 -11 -12 13 -14 -15
leaf_value=-0.0021818152224325872 0.0038158693476162296 -0.0023663366324266624 -3.6697157541739146e-05 -0.00063245952025832235 -0.0020268522023360741 -0.00016400246697009248 0.0051406630358933484 -0.0025352339227466799 0 0.0043729838878107065 0.00020994331282201417 -0.00078301522082089702 0.0049005392760975916 0.00067998884308078018
leaf_weight=95.267473448067904 143.549828982912 121.99447236210108 268.8143061902374 93.621441621333361 115.88515452295542 89.498180869966745 129.92742411233485 117.82341672293842 103.54186601005495 90.89813569560647 5111.5907486313954 3187.0759012866765 141.92529103532434 680.94665382616222
leaf_count=1115 1850 1552 3544 1505 1952 1389 1857 1979 1480 1318 62595 47272 2068 9875
internal_value=0 4.38633e-05 0.00125298 -2.93867e-06 2.39989e-05 0.00170321 0.00286588 -2.81257e-05 9.2747e-07 0.00219836 -4.27227e-05 -0.000365364 0.00166538 -0.000514179
internal_weight=0 10397.1 412.364 9984.73 9862.73 313.047 219.426 9549.69 9431.86 194.44 9237.42 4125.83 257.81 3868.02
internal_count=141351 140236 5394 134842 133290 4751 3246 128539 126560 2798 123762 61167 4020 57147
is_linear=0
shrinkage=0.0101079


Tree=349
num_leaves=15
num_cat=0
split_feature=18 30 17 21 23 22 21 28 13 33 28 15 21 20
split_gain=5.81104 13.3973 9.37301 11.6837 8.06066 14.1353 7.64424 6.27438 8.09803 8.62457 6.08423 5.94745 12.2356 36.441
threshold=93.500000000000014 1.0000000180025095e-35 16.500000000000004 4.7133941650390634 0.61142003536224376 0.026329841464757923 1.3417873382568362 -0.99275061488151539 0.00041897890332620596 0.9590476155281068 -0.56457334756851185 21.420234680175785 6.1512567996978769 0.91300904750823986
decision_type=2 2 2 2 2 2 2 2 2 10 2 2 2 2
left_child=7 2 10 6 -3 -6 -4 8 -1 -10 -2 12 -9 -14
right_child=1 4 3 -5 5 -7 -8 11 9 -11 -12 -13 13 -15
leaf_value=0.0026434724023637127 0.0029005478382235677 0 -0.0015460740615425292 -0.003271953844740542 0.0045134273610664705 0 0.0021913091529080948 -5.9650901705068021e-05 0.0018437782113714604 -0.0020379677076981747 0 0.00073285395515317194 0.0040465473122547274 -0.0020005009247876563
leaf_weight=187.89916436374187 110.61000265553594 123.20307248830795 100.04287373460829 159.66942056268454 197.1464314404875 120.03063826449215 102.59737871773541 7289.9600144755095 102.59008840285242 114.33323325961828 160.65011129714549 728.07205343991518 104.53180936351418 858.51279403828084
leaf_count=2535 1256 1664 1440 2182 2493 1508 1218 99552 1929 830 2053 10463 1355 10508
internal_value=0 0.000715454 -0.000170342 -0.00127677 0.00206143 0.00289773 0.00016443 -6.62634e-05 0.00114327 -2.15433e-05 0.00115675 -0.000126213 -0.000207509 -0.00127576
internal_weight=0 1073.95 633.57 362.31 440.38 317.177 202.64 9385.9 404.822 216.923 271.26 8981.08 8253 963.045
internal_count=140986 13814 8149 4840 5665 4001 2658 127172 5294 2759 3309 121878 111415 11863
is_linear=0
shrinkage=0.0101079


Tree=350
num_leaves=15
num_cat=0
split_feature=14 7 10 11 29 29 16 0 7 33 10 33 29 27
split_gain=5.58103 16.8214 16.7135 14.3575 16.419 14.2553 14.0291 16.3975 16.2496 40.2132 13.3571 20.3695 11.0166 10.7606
threshold=-7.1301894187927237 1.3687771558761599 0.1441653519868851 0.028384436853230003 -1.0000000180025095e-35 0.6078576147556306 0.43484169244766241 0.52636694908142101 0.36105559766292578 0.99611112475395214 0.11932628229260446 0.89692735671997081 1.0000000180025095e-35 0.032717135734856136
decision_type=2 2 2 2 2 2 2 2 2 10 2 10 2 2
left_child=6 2 -2 -3 13 -6 8 -8 -1 12 -9 -12 -10 -5
right_child=1 3 -4 4 5 -7 7 10 9 -11 11 -13 -14 -15
leaf_value=-0.00018041565191656141 0.00072854342520303034 -0.0015678875410838136 0.0043322527726467729 5.5068854265802664e-05 0.0013056014881085442 -0.00012408435032081316 -0.0050319639856419504 -7.3739355439158812e-05 0.0017498173774197078 0.0050609869721691854 0 -0.0047805880635997441 -0.0024641769210799786 -0.0021509607965057237
leaf_weight=3432.3352368809283 827.65086326748133 559.54712493997067 162.1146010607481 390.32649287767708 1312.8004963006824 1445.8460124675184 97.594795713201165 946.93103783763945 86.000815153121948 207.19693666696548 207.03613245114684 177.53315243124962 157.33641314785928 435.46076862327754
leaf_count=49855 10042 7133 1896 4706 16265 18206 1914 13547 1786 1565 4144 1376 3266 5306
internal_value=0 0.000207551 0.00138804 -6.668e-05 0.000159225 0.000543368 -0.000258544 -0.00111316 4.71546e-05 0.00184338 -0.000768634 -0.00234169 -0.000805567 -0.00106868
internal_weight=0 5133.75 989.765 4143.98 3584.43 2758.65 5311.96 1429.1 3882.87 450.534 1331.5 384.569 243.337 825.787
internal_count=141007 63554 11938 51616 44483 34471 77453 20981 56472 6617 19067 5520 5052 10012
is_linear=0
shrinkage=0.0101079


Tree=351
num_leaves=15
num_cat=0
split_feature=20 21 21 2 7 21 2 30 12 10 18 33 17 14
split_gain=6.60537 10.0537 14.0061 7.64744 11.4138 17.0224 17.5914 13.2041 16.6227 13.7679 21.3573 11.0312 13.5764 13.0269
threshold=-9.1576433181762678 -15.086265563964842 -11.844729900360106 0.87688210606575023 -3.9374462366104122 3.6604379415512089 0.4610923975706101 0.81174489855766307 -0.0025239494862034913 0.028053380548954013 48.500000000000007 1.0013927817344668 14.500000000000002 -14.062976837158201
decision_type=2 2 2 2 2 2 2 2 2 2 2 8 2 2
left_child=-1 -2 -3 4 11 7 -7 9 -9 10 -6 13 -13 -4
right_child=1 2 3 -5 5 6 -8 8 -10 -11 -12 12 -14 -15
leaf_value=0.0016508771553577584 -0.0032181390158857628 0.002396331763436288 9.1499948692124979e-05 -0.00036304283030719805 0.0012550665654848545 -0.0034365301490023939 5.8750011820785661e-05 0.00071513345016310575 0.0057825025609005761 0.0012823037503539322 -0.0029482840572212753 0.0032740061882544805 -0.00040346011339903015 -0.0028468840514678183
leaf_weight=217.0195007044822 97.129490463063121 222.78846442978829 226.95579570531845 5712.4630618412048 240.54193443059921 165.29624065943062 849.37351607624441 177.96485246904194 126.91031175851822 1204.9929252760485 225.91734463069588 118.08249149657786 502.43585346452892 346.21880539506674
leaf_count=2786 1347 2692 1765 77335 2884 2320 10556 2433 1903 15572 2839 2576 11055 2674
internal_value=0 -9.54134e-05 -5.90404e-05 -0.000120205 0.000201688 0.000542131 -0.000492444 0.00109356 0.00304383 0.000701488 -0.000709983 -0.000615662 0.000263155 -0.00162775
internal_weight=0 10217.1 10119.9 9897.15 4184.69 2991 1014.67 1976.33 304.875 1671.45 466.459 1193.69 620.518 573.175
internal_count=140737 137951 136604 133912 56577 38507 12876 25631 4336 21295 5723 18070 13631 4439
is_linear=0
shrinkage=0.0101079


Tree=352
num_leaves=15
num_cat=0
split_feature=23 15 13 21 21 2 2 2 11 30 16 23 21 7
split_gain=6.24435 18.6757 14.4329 6.16903 9.47398 7.22947 12.6555 5.73981 14.5034 14.8717 19.489 24.6457 22.1284 17.0779
threshold=0.39684779942035681 6.2896611690521249 0.024646710604429248 -15.086265563964842 -13.233208656311033 3.974474430084229 3.1709257364273076 0.83266264200210582 0.12363513559103013 -0.56174489110708226 0.65601438283920299 0.96350556612014782 3.138949036598206 3.3201973438262944
decision_type=2 2 2 2 2 2 2 2 2 2 2 2 2 2
left_child=1 -1 -3 -2 -5 6 7 8 9 10 11 13 -12 -6
right_child=3 2 -4 4 5 -7 -8 -9 -10 -11 12 -13 -14 -15
leaf_value=0.0020684284520857293 -0.0016062332896617257 -0.0047312915209673243 0 0.0027106544364222385 -0.0031945700999107128 -0.0021758666434374152 0.0029561638948386983 -0.00012268157491233424 -0.0015649512156532793 0.0011286705170014191 0.0035001931873017149 0.0019355658775439765 -0.00052520975752516532 0.0013830438924261792
leaf_weight=108.22257809061557 204.78991351649165 147.07868445292115 134.94761117175221 136.07114839926362 463.40203401912004 133.2467478569597 151.15197283960879 5846.3687310442328 334.15575285814703 2056.2584237605333 229.41207874566317 158.42726519145072 301.87343801558018 83.006316585466266
leaf_count=1455 2808 1999 1593 1636 7273 2187 2153 78453 4534 27296 2520 2281 3832 1321
internal_value=0 -0.00120344 -0.0026202 8.4729e-05 0.000125033 8.27372e-05 0.000119912 6.80409e-05 0.000386262 0.000599732 -0.000249111 -0.00137126 0.00116279 -0.0024166
internal_weight=0 390.249 282.026 10098.2 9893.37 9757.3 9624.06 9472.9 3626.54 3292.38 1236.12 704.836 531.286 546.408
internal_count=141341 5047 3592 136294 133486 131850 129663 127510 49057 44523 17227 10875 6352 8594
is_linear=0
shrinkage=0.0101079


Tree=353
num_leaves=15
num_cat=0
split_feature=9 14 2 17 11 31 15 21 21 13 23 29 11 2
split_gain=6.95805 7.31949 8.95065 7.29567 6.33202 6.16604 11.0269 6.00311 5.84434 10.5429 6.38634 12.2208 17.1894 9.03806
threshold=0.064389906823635115 -17.693929672241207 1.3064054250717165 14.500000000000002 0.12943682819604876 1.0000000180025095e-35 12.927700519561769 -0.1179676055908203 -15.086265563964842 -0.089315064251422868 0.54799306392669689 0.87837970256805431 0.052726065739989288 1.09033739566803
decision_type=2 2 2 2 2 2 2 2 2 2 2 2 2 2
left_child=1 4 5 -4 -1 -3 7 -7 -2 -10 11 13 -13 -11
right_child=8 2 3 -5 -6 6 -8 -9 9 10 -12 12 -14 -15
leaf_value=0.0038282285379211902 -0.0018875275880863682 0.0011851098257738522 0.0012228599498204332 -0.0015716641726263314 0.0001895934914700292 0 0.0019253149003552658 -0.0029841186359933305 0.0021746004090858022 0.00032505214695541983 -2.4293233970140567e-05 0 -0.0060641664417478069 -0.0022297928720423619
leaf_weight=117.8929092194885 179.9022287838161 932.81144092231989 105.54609385691583 368.27275404334068 123.32509284839034 130.91258835047483 134.16714770905674 131.34250817261636 198.95509686879814 540.89996706973761 7127.3051254209131 87.144744329154491 94.116429451853037 176.67462422419339
leaf_count=2118 2458 12496 1314 5214 1515 1863 1681 1538 2250 7745 95344 1376 1279 2680
internal_value=0 0.000541474 0.000289773 -0.000855531 0.00219355 0.000730875 -0.000239939 -0.00152084 -0.000114547 -6.91341e-05 -0.000131807 -0.000932275 -0.0032421 -0.000264982
internal_weight=0 2044.27 1803.05 473.819 241.218 1329.23 396.422 262.255 8405 8225.1 8026.14 898.836 181.261 717.575
internal_count=140871 27739 24106 6528 3633 17578 5082 3401 113132 110674 108424 13080 2655 10425
is_linear=0
shrinkage=0.0101079


Tree=354
num_leaves=15
num_cat=0
split_feature=23 16 13 5 9 16 21 30 3 3 28 21 30 16
split_gain=5.35704 7.08876 6.47912 5.81144 12.0149 11.6373 14.3837 10.3439 9.39455 14.7937 22.5514 18.8702 22.4776 13.8103
threshold=0.38635587692260748 0.38613681495189672 0.024646710604429248 2.1015193462371831 0.21634990721940997 0.72872292995452892 2.7968375682830815 -0.56174489110708226 0.33578196167945867 0.28966398537158972 -0.14132478833198545 -1.332795202732086 1.0000000180025095e-35 0.6238965392112733
decision_type=2 2 2 2 2 2 2 2 2 2 2 2 2 2
left_child=1 -1 -3 5 7 8 -7 -5 9 10 -2 12 -12 -10
right_child=3 2 -4 4 -6 6 -8 -9 13 -11 11 -13 -14 -15
leaf_value=0.00061330809376510605 -0.0025622864978341398 -0.0038362487369282571 -0.00013675456533876248 -0.0019006558953765659 0.00025668177909573392 0.003567719465555304 0.00054815982000154301 -0.00021006186908841792 2.4661680709094472e-06 0.0025357649790550565 -0.0028440285475941672 0.0046826890191542332 0.0034735356081928171 -0.0015922633586215001
leaf_weight=106.15382853057235 221.85578580200672 120.9055155524984 117.6442431230098 681.87994802650064 1652.5757866222411 191.39297744631767 1197.9618459446356 937.593440704979 3930.9415639825165 345.18225170858204 131.26375358365476 116.642099423334 89.689718406647444 629.07282117102295
leaf_count=1447 3181 1612 1401 9135 21817 2286 15033 12458 55053 4769 2108 1813 1097 7867
internal_value=0 -0.00125008 -0.0022371 1.53947e-05 -0.000330196 0.000186463 0.00101033 -0.000952354 -1.67179e-05 0.000911584 -3.97643e-05 0.00152064 -7.20701e-05 -0.00021096
internal_weight=0 344.704 238.55 10126.1 3272.05 6854 1389.35 1619.47 5464.65 904.634 559.451 337.596 220.953 4560.01
internal_count=141077 4460 3013 136617 43410 93207 17319 21593 75888 12968 8199 5018 3205 62920
is_linear=0
shrinkage=0.0101079


Tree=355
num_leaves=15
num_cat=0
split_feature=23 15 13 2 2 3 27 6 5 27 12 3 3 3
split_gain=4.91616 17.3363 12.8771 5.17526 14.0221 13.4918 10.9172 8.62947 9.14392 10.0898 7.90224 14.1511 26.5444 14.307
threshold=0.39684779942035681 6.2896611690521249 0.02522199880331755 4.4996695518493661 2.9043198823928837 0.76559203863143932 -0.72982063889503468 -9.8139400482177717 -7.5114240646362296 -0.6343555450439452 -0.07351363822817801 0.59377011656761181 0.80348658561706554 0.90066105127334606
decision_type=2 2 2 2 2 2 2 2 2 2 2 2 2 2
left_child=1 -1 -3 4 7 -6 -7 8 -2 -10 11 -9 -13 -14
right_child=3 2 -4 -5 5 6 -8 10 9 -11 -12 12 13 -15
leaf_value=0.0020426438725669738 0.00016645478884790764 -0.0045144981296738797 0 -0.00176010811957026 0.0050489886996686953 -0.00056440474103040415 0.0034128269985867384 0.0029953868578607213 -0.0049499226068669697 -0.00055272340663715534 0 -0.0025268610810140271 0.0051794921980178026 0
leaf_weight=108.15136573649943 187.17378553841263 142.90757710207254 130.95429847482592 146.64992202073336 101.54859264753759 196.21356778033078 92.648855170235038 251.01331161335111 103.63553084433079 154.36169428005815 8392.779307520017 209.82608718425035 96.189619333483279 126.85932384990156
leaf_count=1460 2708 1962 1573 2175 1398 2938 1191 3457 1776 2303 111603 3143 1313 1946
internal_value=0 -0.00109165 -0.00249512 6.37336e-05 9.61331e-05 0.00195568 0.000629666 1.41336e-05 -0.00134248 -0.00256298 8.61996e-05 0.00112478 0 0.0023953
internal_weight=0 382.013 273.862 10058.9 9912.25 390.411 288.862 9521.84 445.171 257.997 9076.67 683.888 432.875 223.049
internal_count=140946 4995 3535 135951 133776 5527 4129 128249 6787 4079 121462 9859 6402 3259
is_linear=0
shrinkage=0.0101079


Tree=356
num_leaves=15
num_cat=0
split_feature=28 27 15 21 30 3 29 3 29 15 0 33 27 21
split_gain=5.66959 21.9808 15.7112 40.8492 20.8349 14.9664 13.5408 14.0604 11.5616 16.7028 35.4881 19.8892 18.7891 18.12
threshold=0.4904943853616715 -0.49049438536167139 11.496576786041262 1.8309752941131594 0.81174489855766307 0.39324457943439489 1.0000000180025095e-35 0.66817072033882152 0.87837970256805431 13.124284744262697 0.7122740149497987 0.99393379688262951 0.91959547996521007 5.6285524368286142
decision_type=2 2 2 2 2 2 2 2 2 2 2 10 2 2
left_child=8 6 3 4 -3 -6 7 -2 9 -1 11 12 -11 -12
right_child=1 2 -4 -5 5 -7 -8 -9 -10 10 13 -13 -14 -15
leaf_value=-0.00039938208216637721 -0.0030923382183485515 -0.00055606144436545031 -0.00092688977978327893 0.0051868744577734539 0.0055054359589256953 0.00055888073935725076 -0.0035090392665213838 0.0020701358573564435 0.00097851859770115056 0.0049657935047476478 0.0016669171305897178 0.0068673728884872829 -0.0011374514131749906 -0.00057181735819946961
leaf_weight=3877.2947251833975 86.826637277379632 1094.0080604683608 998.47830372210592 174.95764028187841 99.817182103171945 208.11032376810908 313.19477679487318 116.80290223844349 1502.1819978971034 77.885507021099329 533.01828825473785 127.70877831429243 106.5171466358006 1137.2335091065615
leaf_count=52685 1202 15536 13239 2217 1319 2643 5115 1892 19796 1349 6914 954 1958 14170
internal_value=0 -0.000324446 4.41618e-05 0.000686087 7.06258e-05 0.00238506 -0.00221238 0 0.000189517 -6.85874e-06 0.000739112 0.00382889 0.00132437 0.000122814
internal_weight=0 3092.2 2575.37 1576.89 1401.94 307.928 516.824 203.63 7361.84 5859.66 1982.36 312.111 184.403 1670.25
internal_count=140989 43163 34954 21715 19498 3962 8209 3094 97826 78030 25345 4261 3307 21084
is_linear=0
shrinkage=0.0101079


Tree=357
num_leaves=15
num_cat=0
split_feature=13 8 13 17 28 0 0 20 6 27 29 15 20 28
split_gain=6.71889 10.8651 8.14586 16.9193 8.93409 10.3772 7.08341 5.73357 8.25549 13.7907 5.93663 6.48949 24.2306 8.3812
threshold=-0.089315064251422868 -0.51800256967544545 -0.057939089834690087 80.500000000000014 -0.41268247365951533 0.70244207978248607 0.71559175848960888 -9.8715405464172346 -9.5721144676208478 -0.54643493890762318 -0.60785761475563038 3.3625049591064458 -1.6163198947906492 -0.68355163931846608
decision_type=2 2 2 2 2 2 2 2 2 2 2 2 2 2
left_child=1 -1 3 4 -2 -6 -5 -4 9 -9 -10 12 13 -12
right_child=2 -3 7 6 5 -7 -8 8 10 -11 11 -13 -14 -15
leaf_value=-0.00090308764359199351 -0.0021654732196927937 0.0026897307012345465 0.0020068067923638406 -0.0055721473315231305 -0.0010217429703109455 0.0029155922998260427 -0.0014855760295412628 -0.0033110440809415152 0.0020868557623239001 0.00034474158542459256 0.001603902687330815 -7.5191925202482924e-05 0.0041995221375945241 -0.00084371487913324436
leaf_weight=110.75221437215805 97.451584136113524 223.08194410987198 137.81741047091782 85.693912548013031 92.90357824973762 155.53569000400603 175.68037834111601 194.34042569901794 135.56086492724717 181.18486442416906 204.15103562548757 8090.8744248216972 167.75972011126578 429.93217643722892
leaf_count=1264 1422 2654 1723 1423 1526 2323 2747 3150 1494 2674 2671 107250 2456 6465
internal_value=0 0.00138564 -5.53057e-05 -0.00118377 0.000182325 0.00129851 -0.00309603 1.31618e-05 -1.33567e-05 -0.00146976 4.39297e-05 6.47422e-06 0.000873484 0
internal_weight=0 333.834 10148.9 607.265 345.891 248.439 261.374 9541.62 9403.8 375.525 9028.28 8892.72 801.843 634.083
internal_count=141242 3918 137324 9441 5271 3849 4170 127883 126160 5824 120336 118842 11592 9136
is_linear=0
shrinkage=0.0101079


Tree=358
num_leaves=15
num_cat=0
split_feature=14 16 2 20 18 33 21 10 2 15 17 33 2 4
split_gain=6.23874 16.1558 17.1053 12.9182 11.1208 12.085 10.2644 21.4743 13.7818 17.5221 16.8363 13.4453 14.0764 21.3217
threshold=-7.5216050148010245 0.51307621598243724 0.43860639631748205 -2.5617319345474239 37.500000000000007 0.99472221732139599 4.4688458442687997 0.1407091096043587 1.0475376248359682 9.5765976905822772 18.500000000000004 0.9590476155281068 1.3993130326271059 0.75437071919441234
decision_type=2 2 2 2 2 10 2 2 2 2 2 10 2 2
left_child=1 2 -1 -2 -3 -6 7 8 -5 -10 -11 -8 -13 -14
right_child=3 4 -4 6 5 -7 11 -9 9 10 -12 12 13 -15
leaf_value=0.0031435856933844162 0.0034907326144374192 -5.9222683944921684e-05 -0.00014235210944494713 0.00073306058657599557 -0.0010791501591357754 -0.005002765241958384 0.00052585551936688792 0.0034007161863411984 0.0011670169303768234 0.00029719641343152329 -0.0042616027615122072 -0.0016196254326365689 -0.001408875058882075 0.0024273536950334229
leaf_weight=160.56026066280901 116.26933067850769 302.89339089021087 4225.0936880977824 1752.1877984050661 242.00496068224311 153.62898579239845 1209.1784206088632 252.66831436846405 182.75582661759108 107.67265261523426 207.26547258906066 979.89610726386309 305.1912777274847 266.68798045814037
leaf_count=2490 1488 4376 61016 20953 5012 1209 23826 2937 2286 1317 2655 7152 2323 2000
internal_value=0 -0.000245364 -7.58218e-06 0.000247892 -0.00166469 -0.00276901 0.000163625 0.000636171 0.000297317 -0.00114452 -0.00260731 -0.00025064 -0.000881285 0.000318621
internal_weight=0 5084.18 4385.65 5379.77 698.527 395.634 5263.5 2502.55 2249.88 497.694 314.938 2760.95 1551.78 571.879
internal_count=141040 74103 63506 66937 10597 6221 65449 30148 27211 6258 3972 35301 11475 4323
is_linear=0
shrinkage=0.0101079


Tree=359
num_leaves=15
num_cat=0
split_feature=13 13 17 13 22 23 11 17 2 7 13 11 11 0
split_gain=4.15613 9.667 19.6088 11.7932 7.58361 7.24094 6.41051 6.20127 11.7836 11.8952 14.7163 14.1682 11.3415 14.9171
threshold=-0.092856191098690019 -0.057939089834690087 81.500000000000014 -0.076311007142066942 -0.33548066020011896 0.93056553602218639 0.17866124212741855 84.500000000000014 1.2499930262565615 -10.782234668731688 -0.021009942516684529 0.042817944660782821 0.045395651832222945 1.0386590957641604
decision_type=2 2 2 2 2 2 2 2 2 2 2 2 2 2
left_child=6 2 3 -2 -4 -5 -1 -3 9 -9 -11 -12 13 -10
right_child=1 7 4 5 -6 -7 -8 8 12 10 11 -13 -14 -15
leaf_value=0.0023994389239297121 0.0026525481076656327 -5.3286344841924978e-05 -0.004978880604141883 -0.0023892338401009638 -0.0011085740331338014 0.00092412667292286646 -0.00038993874097762777 0.0045724878292301464 -0.0046101728392163059 -0.0015047690047464769 0.0025054896458539286 -5.2483111518437943e-05 0.00052101041436002137 0.00040021913726003938
leaf_weight=176.54842335730791 131.71798997186124 7864.4752936922014 134.72535882145166 149.8733923966065 143.64248350635171 90.273771997541189 112.53904040530324 96.256306723691523 121.65552579984069 198.80477034579962 503.07849808130413 336.67321062274277 325.07250717654824 87.007039371877909
leaf_count=2112 1712 104025 2130 2501 2242 1386 1226 1470 1933 3003 6806 4495 4753 1179
internal_value=0 -1.6788e-05 -0.00120494 0.0002208 -0.00320622 -0.000990162 0.00119497 6.09083e-05 0.000621103 0.00121266 0.000831469 0.00144092 -0.000561215 -0.00239333
internal_weight=0 10183.3 650.233 371.865 278.368 240.147 289.087 9533.02 1668.55 1134.81 1038.56 839.752 533.735 208.663
internal_count=140973 137635 9971 5599 4372 3887 3338 127664 23639 15774 14304 11301 7865 3112
is_linear=0
shrinkage=0.0101079


Tree=360
num_leaves=15
num_cat=0
split_feature=28 30 2 3 7 33 23 17 13 2 2 21 23 20
split_gain=5.56708 20.7119 25.4184 26.2036 37.3128 27.8199 17.2929 13.4395 13.1626 12.1976 10.6539 10.1473 9.70386 13.1922
threshold=0.47136868536472326 1.0000000180025095e-35 1.1800363063812258 0.4452961534261704 -0.72959718108177174 1.7124999761581423 0.51847976446151745 16.500000000000004 0.030882813967764381 0.75671458244323742 2.2821506261825566 0.86685040593147289 0.82634940743446361 1.2382271885871889
decision_type=2 2 2 2 2 8 2 2 2 2 2 2 2 2
left_child=-1 7 3 6 9 -6 -3 8 11 -5 -4 -2 13 -9
right_child=1 2 10 4 5 -7 -8 12 -10 -11 -12 -13 -14 -15
leaf_value=0.00021919441553477228 0 -0.002850438338401482 -0.0022813787197716586 0.0025043297946765798 0.0076665596216987054 0.00096958795943912531 0.0010687451434936211 -0.00036254534766097903 -0.0015658508838371596 -0.002190130932232393 0.0012887914280253485 0.0037383836808384196 -0.0032236992580152515 -0.0033511256440934612
leaf_weight=7289.8679029475898 111.62084012012929 159.80843799188733 340.18220789637417 89.632029501721263 186.38099899888039 120.35289564169943 352.6222301851958 790.24643182009459 169.29743062891066 125.04123787209392 91.96530244499445 137.64918946474791 295.70597444847226 193.60658348724246
leaf_count=96679 1720 1961 4721 1243 1331 2498 4525 12208 1997 1873 1362 1902 3798 3053
internal_value=0 -0.000285709 0.000575197 0.00145252 0.00303383 0.00525504 -9.95283e-05 -0.00105192 0.000440404 -2.92024e-05 -0.00142034 0.00196668 -0.00157126 -0.00101277
internal_weight=0 3164.11 1465.99 1033.84 521.407 306.734 512.431 1698.13 418.567 214.673 432.148 249.27 1279.56 983.853
internal_count=140871 44192 19514 13431 6945 3829 6486 24678 5619 3116 6083 3622 19059 15261
is_linear=0
shrinkage=0.0101079


Tree=361
num_leaves=15
num_cat=0
split_feature=9 2 3 3 29 23 20 3 3 18 2 0 23 11
split_gain=5.66364 7.65616 7.17612 8.47063 4.84506 4.62849 9.79226 5.90729 19.6936 12.3792 16.9372 14.3425 9.6968 10.5462
threshold=0.061797382310032851 1.3064054250717165 0.5750146508216859 0.80348658561706554 0.6078576147556306 0.40660852193832403 1.0000000180025095e-35 0.28966398537158972 0.33578196167945867 42.500000000000007 0.64091819524765026 0.7917734980583192 0.63057574629783641 0.10318939760327341
decision_type=2 2 2 2 2 2 2 2 2 2 2 2 2 2
left_child=1 -1 -3 -4 -5 6 -2 12 9 10 -9 -11 13 -7
right_child=5 2 3 4 -6 7 -8 8 -10 11 -12 -13 -14 -15
leaf_value=0.00088207280717512971 0.00060921033200182502 0.0012538829157686907 -0.002596858912380626 -0.0011217145306900687 0.0018000413375497308 0.002481461872514113 -0.0027228398575674432 -0.0028600641359367994 -0.0001322542266215127 0.0051244282469026367 0.0025055620827567934 0.00038113271082638653 -0.0016274646665508585 -0.0014622637913756049
leaf_weight=1399.2435916913673 127.78189555834979 152.2732654530555 210.50271890312433 113.07171217445284 98.600235553458333 144.30336912348866 197.10379909910262 102.34243494458497 6818.786042669788 167.62855191901326 124.71568246558309 137.57207624427974 572.01515618525445 108.57177342288196
leaf_count=18762 1721 2014 2752 1722 1486 2217 2590 1441 90748 2245 1599 1811 8406 1627
internal_value=0 0.000469803 -0.00046323 -0.00118806 6.98987e-05 -0.000129638 -0.0013066 -7.67456e-05 9.20047e-06 0.00187264 0 0.00317726 -0.000884365 0.000639533
internal_weight=0 1973.69 574.448 422.175 211.672 8500.82 324.886 8175.94 7351.04 532.259 227.058 305.201 824.89 252.875
internal_count=141141 26736 7974 5960 3208 114405 4311 110094 97844 7096 3040 4056 12250 3844
is_linear=0
shrinkage=0.0101079


Tree=362
num_leaves=15
num_cat=0
split_feature=14 29 28 23 3 18 21 7 2 3 2 0 7 16
split_gain=5.5296 11.8515 18.0419 20.0745 23.1056 14.8333 18.7164 19.1354 20.2259 18.229 14.3153 33.2853 28.1801 24.2578
threshold=-7.0697307586669913 -1.0000000180025095e-35 -0.076279435306787477 0.813930243253708 0.40836657583713537 78.500000000000014 10.455735683441164 6.0299973487854013 1.1800363063812258 0.44286108016967779 1.4398511648178103 1.0386590957641604 10.19769859313965 0.75482022762298595
decision_type=2 2 2 2 2 2 2 2 2 2 2 2 2 2
left_child=-1 10 3 4 -3 -4 7 -7 9 -9 12 -12 13 -2
right_child=1 2 5 -5 -6 6 -8 8 -10 -11 11 -13 -14 -15
leaf_value=-0.00018054964002002009 -0.0014179638963390119 0.0062248577533413341 -0.0010235370235223795 0.00071717666289124909 0.0007138480444414902 -0.0002415829877034325 -0.0017489086716825704 0.0013500840678195216 -7.3829885132650105e-05 0.0068873384599353969 0.0048034194899731052 -0.0015378897278055627 -0.0034526809260798101 0.0035152206594378215
leaf_weight=5376.0414472687989 266.18974182568491 157.97282666526735 982.2613198729232 1711.1725214719772 186.83842770382762 316.09169861208647 217.65322879143059 144.06799859926105 132.29983260761946 146.81299018673599 136.54193889908493 185.46019532158971 357.65330867655575 151.65434444323182
leaf_count=78091 3320 2058 12358 21070 1811 4052 3156 1612 1863 1666 1643 2263 4264 1845
internal_value=0 0.000282472 0.000543412 0.00120341 0.00343371 -0.00013751 0.000730892 0.00152562 0.00292051 0.00438515 -0.000627963 0.00107718 -0.00139129 0.000308266
internal_weight=0 5092.67 3995.17 2055.98 344.811 1939.19 956.926 739.273 423.181 290.881 1097.5 322.002 775.497 417.844
internal_count=141072 62981 49646 24939 3869 24707 12349 9193 5141 3278 13335 3906 9429 5165
is_linear=0
shrinkage=0.0101079


Tree=363
num_leaves=15
num_cat=0
split_feature=15 15 4 21 18 12 2 12 2 22 3 3 2 16
split_gain=5.42999 12.328 10.2875 11.0317 7.95361 7.93053 8.56406 7.84466 10.1207 7.48497 7.02647 16.7302 7.16132 10.6045
threshold=21.420234680175785 19.615765571594242 0.98076933622360241 12.361727237701418 81.500000000000014 0.12119296193122865 2.3644727468490605 0.080151200294494643 0.83266264200210582 -0.23283550888299939 0.18175393342971805 0.21024674177169803 0.46789002418518072 0.36523224413394934
decision_type=2 2 2 2 2 2 2 2 2 2 2 2 2 2
left_child=1 5 3 4 -2 10 -7 8 -3 -4 -1 -12 13 -13
right_child=2 7 9 -5 -6 6 -8 -9 -10 -11 11 12 -14 -15
leaf_value=0.0025083022350205824 0.0023648907926773835 -0.00030133476427668458 0.0039083117579718479 -0.0021391361850805566 -0.00060526707155091422 -0.003371228853912478 0.00018738432670430252 0 -0.0048554378837464725 0.00079679350807795001 -0.0035817443856787311 0.0036534004217389521 -2.3271230029187197e-05 0.00029454721680296608
leaf_weight=107.68835717812181 168.34192912094295 113.73810543864965 126.54289533384144 193.40710724890232 155.51095990277827 139.8492839820683 91.142420837655663 146.36063089594245 126.76047584228218 329.05294440500438 123.84043719992042 126.6581650916487 8041.9792611375451 464.71535078808665
leaf_count=1591 2534 1553 1746 3002 2147 1927 1335 1899 1506 4371 1842 1867 108140 5486
internal_value=0 -9.54147e-05 0.000693564 -0.000214589 0.00083538 -1.50392e-05 -0.00183631 -0.0018457 -0.00294042 0.00179861 2.93918e-05 0 5.12004e-05 0.00111893
internal_weight=0 9482.73 972.856 517.26 323.853 9095.87 230.992 386.859 240.499 455.596 8864.88 8757.19 8633.35 591.374
internal_count=140946 127146 13800 7683 4681 122188 3262 4958 3059 6117 118926 117335 115493 7353
is_linear=0
shrinkage=0.0101079


Tree=364
num_leaves=15
num_cat=0
split_feature=0 21 21 14 14 23 20 28 3 12 30 11 15 30
split_gain=5.82012 5.48431 10.1315 8.07153 8.00372 7.48419 6.74412 16.6659 21.7849 14.8799 35.9484 19.5002 15.6942 14.1791
threshold=1.3853200674057009 -15.086265563964842 -12.727770805358885 -25.721765518188473 -21.235225677490231 0.91665130853652965 -2.5063370466232295 0.9279436767101289 0.63145607709884655 -0.029369393363595005 -0.56174489110708226 0.045395651832222945 3.6121016740798955 0.81174489855766307
decision_type=2 2 2 2 2 2 2 2 2 2 2 2 2 2
left_child=1 -1 -3 -4 5 -5 7 8 -6 10 -8 -12 -11 -14
right_child=-2 2 3 4 6 -7 9 -9 -10 12 11 -13 13 -15
leaf_value=-0.0022646670103757755 0.00052076520380786031 0.0025585913931317631 -0.0025677895998601863 0.00014849866371758347 0.0015230022884814181 0.0038683030123733307 0.001225934675624489 0.00418390247299318 -0.0013473396819697378 0.0025231965532072592 -0.00080057066561918977 -0.0042589797542295421 -0.00043231134529211679 0.00085074792695006424
leaf_weight=114.35652676410973 1706.4794743172824 136.22866505384445 130.93599391914904 189.01622198428959 550.52730814181268 89.545903280377388 346.49232908245176 108.67875474505126 511.50405182316899 219.7184039875865 364.34275418892503 374.19398623239249 4558.8346290849149 1068.7811970962211
leaf_count=1690 22153 1614 1612 2778 7782 1291 5201 1509 7768 3347 5140 5183 60390 13720
internal_value=0 -0.000122532 -8.75578e-05 -0.000136912 -9.18085e-05 0.00155704 -0.000154897 0.000540811 0.000102955 -0.000278686 -0.00136351 -0.00263276 -6.89553e-05 -0.000180627
internal_weight=0 8763.16 8648.8 8512.57 8381.64 278.562 8103.07 1170.71 1062.03 6932.36 1085.03 738.537 5847.33 5627.62
internal_count=141178 119025 117335 115721 114109 4069 110040 17059 15550 92981 15524 10323 77457 74110
is_linear=0
shrinkage=0.0101079


Tree=365
num_leaves=15
num_cat=0
split_feature=20 21 13 6 6 2 1 12 3 3 7 9 7 33
split_gain=5.13936 9.10308 12.6582 13.3556 9.10918 10.8927 7.00167 6.65184 11.3246 33.8048 19.6333 15.0584 8.8357 18.8111
threshold=-9.8715405464172346 -15.086265563964842 -0.089315064251422868 -3.2670578956603999 -8.9358034133911115 1.4297332763671877 1.4411580562591555 -0.07351363822817801 0.8261040747165681 0.67283475399017345 -6.1773841381072989 0.1574564874172211 -3.9374462366104122 1.7124999761581423
decision_type=2 2 2 2 2 2 2 2 2 2 2 2 2 8
left_child=-1 -2 3 -3 5 -4 -7 8 9 10 -6 -10 13 -9
right_child=1 2 4 -5 7 6 -8 12 11 -11 -12 -13 -14 -15
leaf_value=0.0016286834644846544 -0.002929036583590271 0.0043249310889039976 0.0011137545893253483 0 0.0050553813951365592 -0.0027370057731566639 1.0687986748674047e-05 -0.0015888500630261652 0.0057991505505711367 -0.0036314278333875964 -0.00022974641151743484 0 8.9939536974956275e-05 0.00030403182885659947
leaf_weight=178.51621251739562 104.56035532057285 130.67018186114728 119.09713412262499 127.71140448004007 124.44192238524556 349.9785109302029 89.745182969607413 1076.8056554310024 90.950263354927301 149.88455213978887 126.32517249323428 91.057086141780019 6724.6641581477597 999.68445179704577
leaf_count=2236 1492 1214 1821 1684 1887 5393 1264 8217 1323 2120 1844 1330 87366 21809
internal_value=0 -6.19923e-05 -2.64702e-05 0.00214368 -8.85375e-05 -0.00133391 -0.00209507 -9.03731e-06 0.00102472 0 0.0023081 0.00306098 -8.29009e-05 -0.000660352
internal_weight=0 10305.6 10201 258.382 9942.63 558.821 439.724 9383.81 582.659 400.652 250.767 182.007 8801.15 2076.49
internal_count=141000 138764 137272 2898 134374 8478 6657 125896 8504 5851 3731 2653 117392 30026
is_linear=0
shrinkage=0.0101079


Tree=366
num_leaves=15
num_cat=0
split_feature=10 10 15 2 23 15 12 29 13 11 12 13 22 2
split_gain=4.89599 7.39982 12.395 13.2398 9.74612 9.29413 7.8865 7.56082 7.46637 15.2859 7.77075 7.13918 13.675 9.98378
threshold=0.29891636967659002 0.2146493345499039 3.5509518384933476 0.50824126601219188 0.93774163722991954 3.3051757812500004 -0.0309376111254096 -0.60785761475563038 -0.03355895355343818 0.15270415693521502 -0.049973834306001656 -0.018358848989009854 -0.30768059194087977 1.1232141852378847
decision_type=2 2 2 2 2 2 2 2 2 2 2 2 2 2
left_child=1 2 3 -1 8 -3 -6 -4 9 -5 -10 12 13 -9
right_child=-2 5 7 4 6 -7 -8 11 10 -11 -12 -13 -14 -15
leaf_value=0.004373968243390927 0.0013332727638958911 -0.0025787039555844661 0.0022016457289910072 0.0022374890663797399 0.0021988941832667601 -0.00024315907317854377 -0.00012571839806765152 -0.00081365514322510977 -0.0031457362058653908 -0.0024756588078603545 0 -3.4947213355718372e-06 0.00013855654487336436 -0.0033148694443672221
leaf_weight=101.11869455315173 254.69258515443653 247.84260072093457 130.12904401496053 219.07856415119022 441.12684174254537 707.98833192512393 174.91693463921547 606.82507386151701 137.80620063003153 88.85166534408927 150.43822337500751 6111.1069936510175 822.51866874657571 261.09767592698336
leaf_count=1497 3876 3327 1433 3703 6115 8884 2502 9155 2168 982 2196 79527 11946 3690
internal_value=0 -6.23668e-05 2.11976e-05 0.000931477 0.000585547 -0.00090642 0.00148046 -0.000125177 -0.000279141 0.000722212 -0.00147679 -0.000171288 -0.000751286 -0.00163469
internal_weight=0 10200.8 9245.01 1313.34 1212.22 955.831 616.044 7931.68 596.175 307.93 288.244 7801.55 1690.44 867.923
internal_count=141001 137125 124914 19163 17666 12211 8617 105751 9049 4685 4364 104318 24791 12845
is_linear=0
shrinkage=0.0101079


Tree=367
num_leaves=15
num_cat=0
split_feature=20 13 15 6 29 28 30 14 15 21 3 13 14 33
split_gain=6.09423 8.29751 10.5307 10.1046 7.28393 7.26723 14.8183 18.55 20.8284 21.3971 17.6828 17.5409 11.5239 10.7123
threshold=-9.8715405464172346 -0.089315064251422868 4.2492299079895028 -9.8139400482177717 -0.60785761475563038 0.4904943853616715 1.0000000180025095e-35 -2.3176684379577632 11.315594196319582 6.575045347213746 0.59048768877983104 0.00041897890332620596 -6.229747772216796 0.9590476155281068
decision_type=2 2 2 2 2 2 2 2 2 2 2 2 2 10
left_child=-1 2 -2 -3 -5 -6 -7 8 10 12 13 -12 -10 -8
right_child=1 3 -4 4 5 6 7 -9 9 -11 11 -13 -14 -15
leaf_value=0.0018455485401404894 0.0028912345656642077 -0.0015326927868580201 -0.00062366873705891062 0.0022183908505072725 0.0001492019841242785 -0.0011530839343483609 8.537242991874635e-05 0.0036176331365495688 -0.00066583602692750683 0.0010456109508754719 -0.0032854020184505061 0.0018920516954907206 -0.0059473978014851587 0.0035004133538247321
leaf_weight=177.53507745452225 212.92228869535029 445.55076736211777 113.4282823074609 142.75580143742263 6732.3882153015584 1473.2256282987073 191.16009131632745 147.14639866538346 92.000004389323294 115.05848376452923 155.43423558399081 96.700077438727021 128.42268467321992 242.97775057703257
leaf_count=2226 2360 6961 1454 1609 89117 21515 3947 1777 1424 1703 2264 1303 1660 1707
internal_value=0 -1.03428e-06 0.00156198 -5.74521e-05 8.53223e-06 -2.25804e-05 -0.000474751 0.000347699 -0.000107205 -0.00217778 0.000859444 -0.00114656 -0.00401662 0.00211583
internal_weight=0 10289.2 326.351 9962.82 9517.27 9374.51 2642.13 1168.9 1021.75 335.481 686.272 252.134 220.423 434.138
internal_count=141027 138801 3814 134987 128026 126417 37300 15785 14008 4787 9221 3567 3084 5654
is_linear=0
shrinkage=0.0101079


Tree=368
num_leaves=15
num_cat=0
split_feature=23 10 10 27 28 29 28 2 29 23 5 13 2 11
split_gain=4.95676 6.08176 7.76968 5.93657 29.4268 18.9267 17.2688 13.6731 13.4845 16.2426 10.1353 9.75772 11.6171 9.61884
threshold=1.5202746987342837 0.083799451589584364 0.22429016977548602 -0.50938662886619557 0.6835516393184663 -1.0000000180025095e-35 -0.52803644537925709 2.3644727468490605 0.87837970256805431 0.85525450110435497 -1.0010489225387571 0.015538497827947141 2.765116930007935 0.055349571630358703
decision_type=2 2 2 2 2 2 2 2 2 2 2 2 2 2
left_child=3 -2 -3 4 5 7 -7 10 11 -10 -1 12 -8 -11
right_child=1 2 -4 -5 -6 6 8 -9 9 13 -12 -13 -14 -15
leaf_value=0.00039310228216206112 0.0013407204510414196 -0.00052616742934426296 0.0015906819633252952 5.4308751182761402e-05 -0.0047881642115010928 0.0027043775431677655 -0.0030745310675103139 -0.0011073821960538421 -0.0023877377968986114 0.0040523312484934794 0.0046720293578104951 -0.00036892292819528419 0.00057991050067502541 0
leaf_weight=124.64437710586935 588.33977369591594 672.80844683758914 231.6451911572367 6973.3253896962851 148.7394019626081 123.1039343290031 513.51734218001366 98.355056289583445 103.05487262830138 122.70134286768734 152.91671710368246 429.25563190691173 83.038851576857269 94.970732063055038
leaf_count=1706 7356 8496 2958 92550 2419 1673 8184 1490 1521 1706 1997 6154 1395 1431
internal_value=0 0.000547592 0 -7.96445e-05 -0.000566681 -0.000186285 -0.000724605 0.00178522 -0.00108147 0.000627023 0.00295444 -0.00165552 -0.00249791 0.00226662
internal_weight=0 1492.79 904.454 8967.62 1994.3 1845.56 1469.64 375.916 1346.54 320.727 277.561 1025.81 596.556 217.672
internal_count=141036 18810 11454 122226 29676 27257 22064 5193 20391 4658 3703 15733 9579 3137
is_linear=0
shrinkage=0.0101079


Tree=369
num_leaves=15
num_cat=0
split_feature=11 29 9 21 23 6 20 12 28 33 23 5 20 18
split_gain=4.98644 6.11056 5.58762 9.69294 8.15829 7.79865 13.3651 17.6523 9.06416 7.1824 13.8314 15.8019 28.9104 18.101
threshold=0.0067089691292494544 0.87837970256805431 0.093560278415679946 -10.914800167083738 1.5202746987342837 -9.8139400482177717 -3.1462768316268916 -0.083215106278657899 -0.31107263267040247 1.0000000180025095e-35 0.813930243253708 4.128364324569703 1.2382271885871889 36.500000000000007
decision_type=2 2 2 2 2 2 2 2 2 10 2 2 2 2
left_child=1 -1 3 -2 5 -4 7 -7 -9 -8 11 12 13 -11
right_child=2 -3 4 -5 -6 6 9 8 -10 10 -12 -13 -14 -15
leaf_value=0.00023099034678377128 0.003011366504484427 0.0027514409978238769 -0.0018584593530937799 0.00013754512188473596 0.00054069276743345474 0.0038853621211197816 -3.4395100695054446e-05 0.001520922591217846 -0.0011599430241066796 -0.0015286376265403118 -0.0015534489159711585 0.0026621289993391216 -0.0026272857167921985 0.00171300240815557
leaf_weight=532.89236918557435 121.0522010019049 128.66074116528034 354.02659054845572 2636.9669908927754 1086.61519703269 158.60467781871557 2208.7766019785777 231.05219249427319 270.29823836125433 246.96832919865847 1353.035584539175 174.15531335026026 427.48306593298912 517.02422566711903
leaf_count=7161 1561 1781 5278 35728 13622 2269 46031 3180 3647 1879 9937 1301 3372 4017
internal_value=0 0.000807485 -9.20316e-05 0.000286286 -0.000246401 -0.000397667 -0.000295462 0.00102837 2.72253e-07 -0.000482291 -0.000830214 -7.95084e-05 -0.000528415 0.000607869
internal_weight=0 661.553 9786.06 2758.02 7028.04 5941.42 5587.4 659.955 501.35 4927.44 2718.67 1365.63 1191.48 763.993
internal_count=140764 8942 131822 37289 94533 80911 75633 9096 6827 66537 20506 10569 9268 5896
is_linear=0
shrinkage=0.0101079


Tree=370
num_leaves=15
num_cat=0
split_feature=14 2 3 0 28 14 23 23 3 3 28 27 2 15
split_gain=4.12161 10.597 23.0322 11.3463 11.8883 11.5411 10.4307 9.50277 7.2654 18.9968 13.1457 11.8231 15.0321 19.1086
threshold=-7.0697307586669913 0.46789002418518072 0.31473834812641149 0.55220460891723644 0.98279649019241344 -10.076424598693846 0.65328291058540355 0.48501144349575048 0.33578196167945867 0.28966398537158972 -0.20576497167348859 0.58244305849075328 1.5456154942512514 6.2896611690521249
decision_type=2 2 2 2 2 2 2 2 2 2 2 2 2 2
left_child=1 2 6 5 8 7 -1 -3 9 10 -5 12 -10 -14
right_child=-2 3 -4 4 -6 -7 -8 -9 11 -11 -12 -13 13 -15
leaf_value=0.0019042913219588374 0.00014948419516211894 0.00042580710122424318 0.0053755332300028632 -0.0026825747894907012 0.0024904146633065211 -0.0043965413050404195 -0.0026326954328729645 -0.0033178594914332915 0.00045043166620988251 0.0025648050366307291 0.0008757214215264485 -0.0013777964846531465 -2.9150421221651479e-05 -0.0029695107573865084
leaf_weight=86.156525054946542 5082.7812752360478 204.2299921028316 98.8559565320611 188.59028701670468 150.3111748714 131.76550952810794 100.16681230999529 87.427227424457669 1703.1950634988025 292.69607755355537 201.9028376750648 1091.2903601378202 682.53294600732625 352.72254294529557
leaf_count=1508 62844 3278 1399 2787 1990 2408 1590 1570 24479 3881 2889 15179 9606 5518
internal_value=0 -0.0002497 0.00159567 -0.000363345 -0.000208192 -0.00194419 -0.000333594 -0.000617073 -0.000311085 0.000618678 -0.000759532 -0.000488401 -0.000116379 -0.0010842
internal_weight=0 5371.84 285.179 5086.66 4663.24 423.423 186.323 291.657 4512.93 683.189 390.493 3829.74 2738.45 1035.26
internal_count=140926 78082 4497 73585 66329 7256 3098 4848 64339 9557 5676 54782 39603 15124
is_linear=0
shrinkage=0.0101079


Tree=371
num_leaves=15
num_cat=0
split_feature=23 33 9 9 14 3 27 16 12 27 19 3 2 30
split_gain=5.97817 8.4461 8.20627 5.77932 9.45929 18.1576 14.8061 8.76741 12.3255 15.2927 11.8525 9.12995 18.0893 8.98512
threshold=0.40660852193832403 1.0013927817344668 0.18727354705333712 0.11959556117653848 -18.08936786651611 0.27681688964366918 -0.43245348334312433 0.75105208158493053 0.026184468530118469 0.24825246632099154 -0.35000000894069666 0.8261040747165681 1.2645552158355715 0.81174489855766307
decision_type=2 8 2 2 2 2 2 2 2 2 2 2 2 2
left_child=1 -1 -3 4 5 -2 -7 10 9 -9 -6 12 13 -12
right_child=3 2 -4 -5 7 6 -8 8 -10 -11 11 -13 -14 -15
leaf_value=0 -0.0013347341285795484 -0.0047460863847147115 0 -0.00011727325098415081 0.0028267955276215923 0.00011700694977551045 0.0050382369610999598 0 0.00018652199397903847 0.0044742958676717804 -0.0005986527461699755 0.0011029978502851421 -0.0029655084404333798 0.0013981829761585943
leaf_weight=273.99899117648602 111.21284140646458 93.53090497571975 57.638734170235693 6479.5662328954786 116.74899419955909 123.33790841884911 171.55964146740735 110.21709906496108 723.28945711627603 179.15428625606 1133.1971712689847 331.60154621489346 288.21657944656909 274.92346961516887
leaf_count=2165 1680 2023 1358 87173 1594 2028 2405 1347 8792 2416 15438 4719 4130 3823
internal_value=0 -0.00115502 -0.00301162 5.77758e-05 0.000386985 0.00183571 0.00316873 0.000183872 0.000961405 0.00270732 -0.000166549 -0.000368725 -0.000683838 -0.000174746
internal_weight=0 425.169 151.17 10043 3563.46 406.11 294.898 3157.35 1012.66 289.371 2144.69 2027.94 1696.34 1408.12
internal_count=141091 5546 3381 135545 48372 6113 4433 42259 12555 3763 29704 28110 23391 19261
is_linear=0
shrinkage=0.0101079


Tree=372
num_leaves=15
num_cat=0
split_feature=21 13 30 13 15 21 30 15 18 3 27 0 6 11
split_gain=5.21928 15.487 16.4833 5.38887 5.04563 12.7403 20.8666 23.3828 15.5532 14.5658 13.9904 18.5175 13.7509 19.6581
threshold=-15.086265563964842 -0.089315064251422868 -0.56174489110708226 -0.074488174170255647 21.420234680175785 5.241358995437623 1.0000000180025095e-35 15.395928382873537 81.500000000000014 0.56411120295524608 0.45201864838600164 1.2888837456703188 3.1437458992004399 0.064652483910322203
decision_type=2 2 2 2 2 2 2 2 2 2 2 2 2 2
left_child=3 2 -2 -1 5 12 10 -8 -9 -10 11 -7 -3 -14
right_child=1 4 -4 -5 -6 6 7 8 9 -11 -12 -13 13 -15
leaf_value=-0.0030755563683979837 -6.0803248874635256e-05 -0.00014992520811086553 0.0046945796225782233 0 0.0006420480459200245 -0.0040581154754979441 -0.0023101115170059347 -5.3070214847087168e-05 0.0059463109820307898 0.00044888614382849529 -7.5617540131305071e-05 -0.00028680583604027797 0.00032714319637621478 0.0034045531874225925
leaf_weight=106.56224772147834 117.28247058205307 6026.8261829838157 140.04671381600201 97.951723251491785 975.57709396071732 399.89205423183739 196.32350070402026 205.44833837077022 119.0405771387741 111.37872611358762 339.3136335182935 235.48245378397405 1128.2701762244105 266.52114294655621
leaf_count=1422 1190 83121 1680 1363 13839 5097 2369 2577 1425 1557 3983 2934 15030 3535
internal_value=0 2.05151e-05 0.00243506 -0.00158 -3.93569e-05 -0.000117948 -0.00093313 0.000443391 0.00179335 0.00355871 -0.00186369 -0.00274337 5.38757e-05 0.00095939
internal_weight=0 10261.4 257.329 204.514 10004.1 9028.5 1606.88 632.191 435.868 230.419 974.688 635.375 7421.62 1394.79
internal_count=141122 138337 2870 2785 135467 121628 19942 7928 5559 2982 12014 8031 101686 18565
is_linear=0
shrinkage=0.0101079


Tree=373
num_leaves=15
num_cat=0
split_feature=18 28 11 3 12 30 8 28 8 5 33 21 14 11
split_gain=5.09222 10.5277 9.58932 9.10277 22.1027 7.69548 6.13497 6.99644 5.59119 10.267 8.66014 15.6145 8.30474 12.7629
threshold=93.500000000000014 0.6835516393184663 0.079384312033653273 0.74776092171669017 0.059591833502054221 1.0000000180025095e-35 -3.6908916234970088 -0.3317298144102096 -0.93068131804466236 2.0076239109039311 0.99472221732139599 4.8786282539367685 -24.347526550292965 0.086204137653112425
decision_type=2 2 2 2 2 2 2 2 2 2 10 2 2 2
left_child=6 3 -3 4 5 -2 7 -1 9 12 -11 -12 -8 -14
right_child=1 2 -4 -5 -6 -7 8 -9 -10 10 11 -13 13 -15
leaf_value=0.0020324646224141782 -0.00087491395268607364 0.00074638741039788131 -0.0024053008613484994 -0.00080092142151585836 0.004192515832186417 0.0021157240327533099 -0.0026802744395889688 -0.00047891621619378869 1.4062409310300665e-05 -0.00018740985649016957 -0.00028034561800307887 -0.0042762214443764256 -0.00037099406452249171 0.0018405442220105655
leaf_weight=283.13774640858173 220.21967437490821 185.83346145879477 171.95212990231812 130.67309285700321 247.10376781597733 130.80020407773554 106.0504801357165 145.65985284559429 6668.7952815499157 365.61732610687613 219.93493628501892 222.86609147489071 1046.9528800472617 344.28701624646783
leaf_count=3724 2732 2607 2241 1824 2915 1557 1321 1905 90627 7637 1672 1655 14272 4610
internal_value=0 0.000660469 -0.000676091 0.00137182 0.00191747 0.000147875 -6.77062e-05 0.00109311 -0.00012856 -0.000557259 -0.001471 -0.0024198 -3.20435e-05 0.000154396
internal_weight=0 1086.58 357.786 728.797 598.124 351.02 9403.3 428.798 8974.5 2305.71 808.418 442.801 1497.29 1391.24
internal_count=141299 13876 4848 9028 7204 4289 127423 5629 121794 31167 10964 3327 20203 18882
is_linear=0
shrinkage=0.0101079


Tree=374
num_leaves=15
num_cat=0
split_feature=10 4 21 13 30 29 13 0 3 30 23 27 18 3
split_gain=5.92037 9.71046 7.51694 11.6863 15.1231 7.19538 6.28378 14.7824 8.50279 8.27638 23.6875 19.2537 26.9891 18.2061
threshold=0.29891636967659002 0.85645687580108654 -15.086265563964842 -0.089315064251422868 -0.56174489110708226 -0.60785761475563038 -0.059198446571826928 0.71559175848960888 0.33578196167945867 0.81174489855766307 0.83266371488571178 0.24825246632099154 70.500000000000014 0.21523301303386691
decision_type=2 2 2 2 2 2 2 2 2 2 2 2 2 2
left_child=2 -2 -1 4 -4 -5 7 8 -7 13 11 -11 -13 -8
right_child=1 -3 3 5 -6 6 9 -9 -10 10 -12 12 -14 -15
leaf_value=-0.0024549587337446711 -5.2771852861390228e-05 0.0035856365859114506 -0.00032061563315730009 0.0020619783624588233 0.0042419456717263503 -0.00079798536899744303 -0.0031923096158287751 0 -0.0059427188582587493 0.00017617205442451822 -0.00052468596925510358 0.0011676169317360453 0.0066783423512069527 -0.00011554395596812183
leaf_weight=124.03443356975913 140.42369680199772 114.41187041625381 116.64910549111664 148.38249220326543 140.72897953726351 92.130116751417518 196.28021415323019 332.7084669675678 79.158830136992037 447.75021775625646 946.2836075797677 280.25867116637528 150.02257774956524 7153.8952940488234
leaf_count=1677 2254 1631 1177 1692 1681 1432 3344 5095 1350 6276 12274 3591 1744 95861
internal_value=0 0.00148321 -5.29588e-05 -1.75673e-05 0.0020716 -7.79686e-05 -0.000116556 -0.00121044 -0.00355398 -5.10976e-05 0.00055091 0.00175037 0.00326439 -0.000206437
internal_weight=0 254.836 10208.3 10084.2 257.378 9826.87 9678.49 503.997 171.289 9174.49 1824.32 878.031 430.281 7350.18
internal_count=141079 3885 137194 135517 2858 132659 130967 7877 2782 123090 23885 11611 5335 99205
is_linear=0
shrinkage=0.0101079


Tree=375
num_leaves=15
num_cat=0
split_feature=29 23 0 20 8 2 2 27 11 2 14 14 27 13
split_gain=4.74105 5.07048 7.90064 5.46528 5.58498 5.03952 14.9752 14.9817 11.6459 8.39864 6.98074 9.18472 11.3219 12.1221
threshold=-0.60785761475563038 0.42604903876781469 0.51504898071289074 -0.3471806645393371 -0.065060470253229127 4.4996695518493661 2.765116930007935 -0.41268247365951533 0.13572440296411517 2.2821506261825566 -24.7780647277832 -20.661470413208004 -0.24825246632099149 -0.074488174170255647
decision_type=2 2 2 2 2 2 2 2 2 2 2 2 2 2
left_child=-1 2 3 -2 -5 6 9 8 -8 10 -3 12 -12 -14
right_child=1 5 -4 4 -6 -7 7 -9 -10 -11 11 -13 13 -15
leaf_value=0.0016863101680760042 0.0013340213638669146 -0.0014769793405238259 -0.0034107870913997595 0.00019752041064039817 -0.0024894132911157359 -0.0017717283398193465 -0.00058624503130628015 0.0050153183161723031 0.0031383523773901626 -0.0014797992652690862 -0.00085813103301931334 4.4377811294242174e-05 0.0057949260460399728 0.00053354957176752625
leaf_weight=165.51993705891073 127.13147899229079 282.07119313254952 102.91845578327775 117.64144510403275 137.42222127877176 143.22282651625574 223.66806339193135 111.03753872960806 119.46945911832154 371.31172253005207 85.909487348049879 8266.6118931882083 91.276935197412968 120.59726629219949
leaf_count=1926 1891 3553 856 1611 2125 2169 3336 1391 1753 5360 1390 110486 1237 1972
internal_value=0 0 -0.00100081 -0.000193885 -0.00112624 4.99399e-05 8.24749e-05 0.00185891 0.000635155 -2.12868e-06 5.65416e-05 0.000113043 0.00183788 0.00310737
internal_weight=0 10300.3 485.114 382.195 255.064 9815.18 9671.95 454.175 343.138 9217.78 8846.47 8564.4 297.784 211.874
internal_count=141056 139130 6483 5627 3736 132647 130478 6480 5089 123998 118638 115085 4599 3209
is_linear=0
shrinkage=0.0101079


Tree=376
num_leaves=15
num_cat=0
split_feature=7 13 15 15 4 21 15 14 21 30 18 28 2 27
split_gain=8.02994 9.7499 5.79459 5.57191 9.57714 11.2087 10.176 8.04731 7.96142 16.878 21.4553 15.8139 17.9904 14.1996
threshold=-28.77313137054443 -0.092856191098690019 3.6121016740798955 21.420234680175785 0.98076933622360241 11.103291511535646 23.578188896179203 -2.6700890064239498 4.8786282539367685 1.0000000180025095e-35 74.500000000000014 -0.45201864838600153 1.1800363063812258 0.45201864838600164
decision_type=2 2 2 2 2 2 2 2 2 2 2 2 2 2
left_child=-1 2 -2 8 5 6 -5 -6 -3 13 -11 -12 -13 -10
right_child=1 3 -4 4 7 -7 -8 -9 9 10 11 12 -14 -15
leaf_value=-0.0028135156193563903 0.0036146401284308256 2.9966707333194174e-05 2.9037753246299098e-05 0.0032731560521988014 -0.00039590518232038828 -0.0017087125478963505 -0.00045708514294207683 0.0024679399646637128 -0.0023943737925361448 -0.0016748407172188179 -0.00049334133309831402 0.0058467636758161795 0.00043201475455873357 0
leaf_weight=95.888910504058003 113.40590394288301 7402.8546895161271 113.27905926853418 122.13696767576039 104.23564585670829 260.62783128023148 136.47998664341867 358.48464010842144 682.33711398765445 273.96845768019557 155.81615824811161 136.47567201964557 144.80475389584899 376.22159921377897
leaf_count=1134 1175 101661 1389 1772 1490 3936 1997 4694 8643 3424 1865 1632 1959 4480
internal_value=0 1.39374e-05 0.00205499 -2.91504e-05 0.000685908 -0.000188841 0.00119582 0.00174075 -0.00011062 -0.000719124 0.000439198 0.00186133 0.00328445 -0.00153276
internal_weight=0 10381.1 226.685 10154.4 981.965 519.245 258.617 462.72 9172.48 1769.62 711.065 437.097 281.28 1058.56
internal_count=141251 140117 2564 137553 13889 7705 3769 6184 123664 22003 8880 5456 3591 13123
is_linear=0
shrinkage=0.0101079


Tree=377
num_leaves=15
num_cat=0
split_feature=2 2 3 6 16 29 17 3 14 29 14 16 14 15
split_gain=4.05182 10.2655 9.11461 6.80346 8.87553 14.0173 12.1816 12.0508 11.4639 15.1687 18.1362 23.5638 19.0716 16.3261
threshold=4.4996695518493661 2.765116930007935 0.71210369467735302 -9.8139400482177717 0.14677932858467105 -0.60785761475563038 57.500000000000007 0.58463549613952648 -10.154578208923338 0.6078576147556306 -18.898769378662106 0.33095616102218633 -12.469168186187742 8.1164960861206072
decision_type=2 2 2 2 2 2 2 2 2 2 2 2 2 2
left_child=1 3 -3 -1 6 -6 -5 -8 9 13 -11 -12 -13 -7
right_child=-2 2 -4 4 5 8 7 -9 -10 10 11 12 -14 -15
leaf_value=-0.0012430952422981339 -0.0015826119659643218 0.0041428532557437076 0.00060603559728808628 -0.00069863818842615805 0.003191177104153889 -0.00064780293710004671 0.0027757322708717486 -0.00034826428956732789 0.00011311885432045395 0.0044525541592253465 -0.0016994499942169809 0.0056079380541209532 0 -0.0032632332796257001
leaf_weight=423.67119531333447 145.16484408080578 102.51225497759879 368.58848950173706 241.16603836044669 127.0896909236908 917.1865571308881 415.5070373006165 146.75449459813535 6430.3215180877596 88.557783281430602 426.75321115553379 91.837072065100074 167.69667293131351 359.43533045146614
leaf_count=6540 2201 1289 5398 3473 1438 13645 5706 2332 81995 1269 6122 1375 2701 5522
internal_value=0 6.86231e-05 0.00151403 0 5.51133e-05 -3.55451e-05 0.00106766 0.00189554 -9.14898e-05 -0.000750546 0.00032139 -0.00019644 0.00210133 -0.00143073
internal_weight=0 10307.1 471.101 9835.98 9412.31 8608.88 803.428 562.262 8481.79 2051.47 774.845 686.287 259.534 1276.62
internal_count=141006 138805 6687 132118 125578 114067 11511 8038 112629 30634 11467 10198 4076 19167
is_linear=0
shrinkage=0.0101079


Tree=378
num_leaves=15
num_cat=0
split_feature=15 15 4 15 2 12 33 28 12 2 13 15 2 12
split_gain=5.59292 13.0779 7.6753 9.54117 12.0921 9.44543 7.26552 6.74494 6.23249 7.89848 5.85918 20.4614 14.5952 22.967
threshold=21.420234680175785 19.615765571594242 1.025097191333771 24.307783126831058 1.0589434504508974 0.066807616502046599 1.0545857548713686 0.18436925113201144 0.12119296193122865 2.3644727468490605 0.015538497827947141 6.8580756187438974 1.0963333249092104 0.061566073447465904
decision_type=2 2 2 2 2 2 8 2 2 2 2 2 2 2
left_child=1 8 3 5 -5 -2 -3 -6 10 -10 -1 -12 13 -13
right_child=2 6 -4 4 7 -7 -8 -9 9 -11 11 12 -14 -15
leaf_value=-0.00010379800551081198 0.0036192779562210834 -0.0029873284573112583 0.0016908780811447077 -0.0041109234413989962 0.0019962104085163774 -0.00020507258445537878 0 -0.0015451500753475044 -0.0031080869345304308 0.00032971090932840808 0.0034418862058002886 0.00039703029699956907 -0.0008375704186517947 0.0050829981249551079
leaf_weight=6058.3107973579317 102.74725964665413 227.81728298962116 458.28328152559698 94.405580228194594 97.074906680732965 118.03096105158329 160.7059861458838 106.24378907121718 136.83972142264247 91.286200715228915 209.68495848588645 1614.045765071176 893.06052167061716 110.05975075438619
leaf_count=84213 1554 1694 6130 1591 1408 1572 3298 1612 1905 1348 2732 19457 11566 1165
internal_value=0 -5.29565e-05 0.000746252 -2.41074e-05 -0.00126543 0.00145889 -0.00185207 0 2.07898e-05 -0.00159451 6.81496e-05 0.000450231 0.000185801 0.000740634
internal_weight=0 9501.81 976.786 518.502 297.724 220.778 388.523 203.319 9113.29 228.126 8885.16 2826.85 2617.17 1724.11
internal_count=141245 127378 13867 7737 4611 3126 4992 3020 122386 3253 119133 34920 32188 20622
is_linear=0
shrinkage=0.0101079


Tree=379
num_leaves=15
num_cat=0
split_feature=10 8 17 10 29 15 20 23 27 12 17 16 13 13
split_gain=6.09976 12.3453 6.20132 5.55817 9.199 8.77216 11.7541 12.5952 14.7446 12.3863 11.4301 10.5509 15.273 19.1069
threshold=0.27834846079349523 -1.4222233891487119 64.500000000000014 0.19070371985435489 1.0000000180025095e-35 3.3625049591064458 -1.6163198947906492 0.93774163722991954 0.032717135734856136 -0.037369925528764718 62.500000000000007 0.30589227378368383 -0.076311007142066942 -0.018915127031505104
decision_type=2 2 2 2 2 2 2 2 2 2 2 2 2 2
left_child=3 -2 -3 5 -5 6 7 8 -1 -9 -10 12 -7 -14
right_child=1 2 -4 4 -6 11 -8 9 10 -11 -12 -13 13 -15
leaf_value=-0.0036811951267580172 -0.0014656276285474892 0.003472105195187911 0 0.00034124244895209892 -0.0013192016962855525 0.0014293798250994349 0.0027779561639709556 0.0026142976217799051 -0.0021557903355628721 -0.00065453404734891311 0.0022712905281964371 0.00010116477168687627 -0.0025355813196519732 0.00049769667122237201
leaf_weight=133.22003568895161 99.780124709010124 182.2133065611124 97.501408339478076 530.12851626425982 801.9992205761373 199.81198178231716 259.74838486127555 300.61047841515392 88.802261834964156 161.17567802593112 137.26826520822942 6572.4356894586235 621.33509040437639 286.68824708368629
leaf_count=2263 1477 2561 1501 6723 10464 2503 3853 4235 1327 2201 1993 86456 9311 4285
internal_value=0 0.00127014 0.00239999 -2.06279e-05 -0.00063001 6.7878e-05 0.000919039 0.00026193 -0.00108275 0.00139502 0.000345396 -4.74294e-05 -0.000959958 -0.0015375
internal_weight=0 379.495 279.715 10093.2 1332.13 8761.1 1080.83 821.077 359.291 461.786 226.071 7680.27 1107.84 908.023
internal_count=141153 5539 4062 135614 17187 118427 15872 12019 5583 6436 3320 102555 16099 13596
is_linear=0
shrinkage=0.0101079


Tree=380
num_leaves=15
num_cat=0
split_feature=2 2 3 29 6 16 12 3 4 4 14 29 14 3
split_gain=4.62057 12.267 7.23256 8.89291 7.18326 13.1611 11.2465 23.1631 11.2976 11.2912 12.897 9.84052 11.3962 13.4106
threshold=4.4996695518493661 2.7022243738174443 0.71210369467735302 -1.0000000180025095e-35 -8.9358034133911115 0.15510571002960208 -0.046010190621018403 0.62251666188240062 -0.19107238203287122 -0.2089976295828819 -16.903895378112789 -0.60785761475563038 -7.5216050148010245 0.8689478635787965
decision_type=2 2 2 2 2 2 2 2 2 2 2 2 2 2
left_child=1 4 -3 -4 -1 6 7 8 -6 10 -8 -7 13 -13
right_child=-2 2 3 -5 5 11 9 -9 -10 -11 -12 12 -14 -15
leaf_value=-0.001116698691332852 -0.0016781147703849001 0.0038669994225803022 -0.0015849907217166759 0.0016965754031070064 0.0060830692673086153 0.0026797774157378143 -0.0027052190737191584 -0.00095817698775370547 0.0010519008252513104 0.002827461658022455 0.0012200189722733059 -0.00078437844030667173 0.00018807202704337712 0.0014396230121098469
leaf_weight=561.79210463445634 149.17345676384866 111.83253262005746 97.843786304816604 301.96461071074009 148.56253155693412 123.12301169708371 170.80352638289332 108.358224818483 101.09446834214032 110.64787275344133 141.88364912196994 2987.7150561958551 5031.8465382251889 286.7411783663556
leaf_count=8455 2236 1406 1329 4470 1966 1397 2571 1654 1350 1657 2011 44139 61792 4262
internal_value=0 6.46785e-05 0.00157922 0.000779444 -1.16447e-05 5.22313e-05 0.00130296 0.00260736 0.00429483 7.92106e-05 -0.000811057 -5.99762e-05 -0.000107881 -0.00057439
internal_weight=0 10284.2 511.641 399.808 9772.57 9210.78 781.35 358.015 249.657 423.335 312.687 8429.43 8306.3 3274.46
internal_count=140695 138459 7205 5799 131254 122799 11209 4970 3316 6239 4582 111590 110193 48401
is_linear=0
shrinkage=0.0101079


Tree=381
num_leaves=15
num_cat=0
split_feature=5 28 0 7 4 10 17 23 23 15 13 16 2 9
split_gain=4.91863 9.48558 16.65 8.91007 8.32988 11.3785 9.99836 8.15649 6.6688 18.941 20.5415 7.90045 11.1713 16.3919
threshold=2.0076239109039311 -0.93585023283958424 0.98362800478935253 1.4854805469512942 0.695071041584015 0.28474709391593939 12.500000000000002 0.86455145478248607 0.40660852193832403 6.2896611690521249 0.02522199880331755 0.72872292995452892 1.4398511648178103 0.2878712415695191
decision_type=2 2 2 2 2 2 2 2 2 2 2 2 2 2
left_child=8 2 3 -2 6 -6 7 -3 9 -1 -11 -10 13 -13
right_child=1 4 -4 -5 5 -7 -8 -9 11 10 -12 12 -14 -15
leaf_value=0.002069284304467677 0.0010677386682355048 0.0014699325128378399 0.0029777544023976295 -0.0026137509821139763 -0.00031418312943033965 0.002882519100414756 -0.0019108106442156641 -0.0011176145803162649 2.9008040230649443e-05 -0.0057404755428498945 0 0.00093759764383575194 0.0029117398802440526 -0.0026243241716532449
leaf_weight=103.05572807043791 110.95698057301342 201.82247580587864 219.679183665663 125.38914511911571 1593.3785374658182 114.13343110866845 749.01068529393524 297.2110027782619 5357.9875129042193 115.95671430882066 117.19714761804789 958.14126488752663 232.81656903680414 141.63443309254944
leaf_count=1412 1332 2709 2831 1605 20823 1627 10529 3780 74391 1654 1465 11731 3133 1773
internal_value=0 -0.000331748 0.000983086 -0.000740083 -0.000550297 -6.50205e-05 -0.00117754 0 0.000135005 -0.00122113 -0.0028632 0.000210512 0.000905749 0.00042738
internal_weight=0 3411.58 456.025 236.346 2955.56 1707.51 1248.04 499.033 7026.79 336.21 233.154 6690.58 1332.59 1099.78
internal_count=140795 45236 5768 2937 39468 22450 17018 6489 95559 4531 3119 91028 16637 13504
is_linear=0
shrinkage=0.0101079


Tree=382
num_leaves=15
num_cat=0
split_feature=7 13 20 29 13 17 18 13 22 20 2 2 2 4
split_gain=4.83942 12.5678 10.8829 7.19605 7.90164 16.4496 10.2755 10.5514 7.69773 6.848 8.5861 5.89822 5.04052 13.2222
threshold=-28.77313137054443 -0.089315064251422868 -0.70420721173286427 -0.60785761475563038 -0.057939089834690087 81.500000000000014 32.500000000000007 -0.07254870235919951 -0.33051460981369013 -9.1576433181762678 3.974474430084229 3.1709257364273076 1.7423846721649172 0.93969869613647472
decision_type=2 2 2 2 2 2 2 2 2 2 2 2 2 2
left_child=-1 2 -2 -3 5 6 -5 -8 -7 -6 11 12 -11 -14
right_child=1 3 -4 4 9 8 7 -9 -10 10 -12 -13 13 -15
leaf_value=-0.0021378376724983266 0.0039150587480822367 0.0021125634804939064 0 0.0024636239126549879 0.0020055912348393616 -0.0049724333739168325 0.0012191960404224428 -0.0029777702135901883 -0.00082476244244580454 9.035635804441054e-05 -0.0025901942049212936 0.0020611877410723527 -0.0014674039429204923 0.00071459048444631724
leaf_weight=95.557293143123388 150.81405014917254 154.26141473650932 111.77581828646362 125.92819683626294 168.61616551317275 121.09775229915977 90.887735595926642 125.31787362322211 119.95270912349224 7799.4748360188678 121.86043190956116 136.20536334626377 725.85625791735947 428.55488847382367
leaf_count=1143 1560 1759 1494 1976 2139 1942 1215 2061 1920 103569 2058 1977 10474 5847
internal_value=0 5.60999e-05 0.00220743 0 -3.5675e-05 -0.00117137 0.000152282 -0.00105112 -0.00315996 3.15118e-05 -1.85963e-06 3.05316e-05 0 -0.000623152
internal_weight=0 10380.6 262.59 10118 9963.75 583.184 342.134 216.206 241.05 9380.57 9211.95 9090.09 8953.89 1154.41
internal_count=141134 139991 3054 136937 135178 9114 5252 3276 3862 126064 123925 121867 119890 16321
is_linear=0
shrinkage=0.0101079


Tree=383
num_leaves=15
num_cat=0
split_feature=28 27 29 15 15 23 5 30 16 5 13 16 3 1
split_gain=5.68718 25.5228 12.757 12.7422 23.6245 14.3243 15.4827 14.3907 21.6883 13.5732 15.9712 17.0369 11.8279 10.4914
threshold=0.47136868536472326 -0.49049438536167139 -1.0000000180025095e-35 11.496576786041262 10.05117177963257 1.0442193746566775 -3.4151020050048824 0.81174489855766307 0.29822772741317755 2.8184313774108891 0.0074210497550666341 0.25406314432621008 0.41790747642517095 0.32514742016792303
decision_type=2 2 2 2 2 2 2 2 2 2 2 2 2 2
left_child=13 2 -2 4 5 6 -3 9 -9 10 11 12 -8 -1
right_child=1 3 -4 -5 -6 -7 7 8 -10 -11 -12 -13 -14 -15
leaf_value=0.0032566412863347491 0.00027939642320333084 0.0033324184754055103 -0.0031702951744473867 -0.00084672203903900472 0.0040558277809542203 -0.0028028784415665368 0.0017683385103769503 -0.00039287255474483921 0.0053605879941583095 0.0022599580336755878 0.0015506255718126687 -0.0034015957477092182 -0.0024305575498592014 7.4161535611776553e-05
leaf_weight=100.81313366629183 117.14586563594639 163.37649705447257 427.14160597138107 1020.9560004938394 172.01246078498662 141.17693214118481 156.97770234569907 124.32223136350513 111.2836816702038 134.16520499624312 160.4326211893931 327.72143615689129 109.79193800222129 7196.9232932543382
leaf_count=1522 1705 2293 7019 13498 2139 1396 2311 1648 1411 2113 1995 4880 1841 95257
internal_value=0 -0.000384489 -0.00236085 1.60018e-05 0.000592649 0.000128335 0.00049548 2.79277e-05 0.0022411 -0.000527476 -0.00109363 -0.00188509 0 0.000127025
internal_weight=0 3166.5 544.287 2622.22 1601.26 1429.25 1288.07 1124.69 235.606 889.089 754.924 594.491 266.77 7297.74
internal_count=141028 44249 8724 35525 22027 19888 18492 16199 3059 13140 11027 9032 4152 96779
is_linear=0
shrinkage=0.0101079


Tree=384
num_leaves=15
num_cat=0
split_feature=13 15 14 12 15 6 6 30 16 33 27 16 30 3
split_gain=4.55882 18.3645 14.2902 14.082 16.0322 22.7563 13.9926 15.6263 14.8865 16.5325 25.3754 16.8153 13.4622 13.2162
threshold=0.015538497827947141 6.8580756187438974 -1.213942229747772 -0.027911213226616379 11.768225669860842 3.1437458992004399 -0.29272481799125666 -0.56174489110708226 0.72872292995452892 1.0000000180025095e-35 0.16288578510284427 0.94600796699523937 -0.56174489110708226 0.81119754910469066
decision_type=2 2 2 2 2 2 2 2 2 10 2 2 2 2
left_child=2 13 -1 12 5 -5 7 -6 -8 -10 11 -11 -3 -2
right_child=1 3 -4 4 6 -7 8 -9 9 10 -12 -13 -14 -15
leaf_value=-7.3016486449434587e-05 0.00019103673819934137 0.00060502467668612869 -0.0034255835593313315 0.0007285584712766332 0.0045474790807947642 0.0059545540399624994 -0.0024402701228136807 0 0.0011108486667114081 -0.0027135649674569317 0.0008271396651196646 0.0006003671197491883 -0.0023896839267671674 0.0056066328998390282
leaf_weight=6051.6684432961047 107.69038196280599 213.82882433198392 126.24737027287483 401.04644850920886 135.7285004556179 111.10729406401515 258.47972776927054 200.87302781175822 948.97248650342226 578.66274683922529 641.53413393348455 185.08310393244028 396.23297568131238 103.63453965634108
leaf_count=84557 1447 2686 1699 4783 1724 1435 3927 2903 18533 4408 4576 1354 5706 1305
internal_value=0 0.000275782 -0.000152217 0.000111881 0.000371133 0.00201099 6.82179e-05 0.00199359 -0.000169459 6.97931e-05 -0.000606762 -0.00185998 -0.00127996 0.00313469
internal_weight=0 4282.87 6177.92 4071.55 3461.49 512.154 2949.33 336.602 2612.73 2354.25 1405.28 763.746 610.062 211.325
internal_count=141043 54787 86256 52035 43643 6218 37425 4627 32798 28871 10338 5762 8392 2752
is_linear=0
shrinkage=0.0101079


Tree=385
num_leaves=15
num_cat=0
split_feature=0 27 3 28 23 28 13 23 3 3 3 3 5 2
split_gain=5.25246 16.758 13.5948 17.9139 11.6496 10.8107 8.85033 8.73503 9.98982 12.665 10.8964 12.491 19.8061 19.6508
threshold=0.56182664632797252 -0.45201864838600153 0.58715778589248668 0.91080963611602794 0.51340240240097057 0.99702683091163646 0.0033219001488760118 0.47875706851482397 0.23050125688314441 0.24636752903461459 0.26012130081653601 0.33040916919708258 1.6999116539955141 0.54568529129028331
decision_type=2 2 2 2 2 2 2 2 2 2 2 2 2 2
left_child=1 -1 3 4 -3 7 -4 -2 -9 -10 -11 12 13 -12
right_child=5 2 6 -5 -6 -7 -8 8 9 10 11 -13 -14 -15
leaf_value=-0.003979413485599592 -0.0025847891757921795 0.0033843122485766979 0 -0.0021034052478949581 -0.00083791246520467752 0.0031586508062178688 0.0043217382138241688 -0.0015793839322070004 0.0032635096522273667 -0.0026917962233469323 0 1.5542934145763934e-05 -0.00091270786922026121 0.0037803600307181788
leaf_weight=129.86869307048619 119.63332216441631 122.89280394557863 114.54908508341759 432.46638877969235 108.53860771283507 107.71310929581523 88.883102159947157 346.13499772548676 124.44476841762662 131.93199234269559 201.41969500295818 7817.0519542191178 247.77677607536316 361.46597534418106
leaf_count=2290 983 2036 1771 6355 1687 1343 1412 5627 1683 1760 2672 103167 3405 4871
internal_value=0 -0.000689688 -0.000120403 -0.000865648 0.0012712 7.87386e-05 0.00206317 3.63817e-05 7.68463e-05 0.00014723 9.55365e-05 0.000145191 0.00133406 0.00239303
internal_weight=0 997.199 867.33 663.898 231.431 9457.57 203.432 9349.86 9230.23 8884.09 8759.65 8627.71 810.662 562.886
internal_count=141062 15551 13261 10078 3723 125511 3183 124168 123185 117558 115875 114115 10948 7543
is_linear=0
shrinkage=0.0101079


Tree=386
num_leaves=15
num_cat=0
split_feature=22 33 16 6 2 2 23 23 30 13 33 14 33 14
split_gain=4.4798 12.1124 19.3258 12.7478 10.6252 10.4896 6.62393 8.60229 13.9001 20.0669 15.5989 26.7857 9.95758 9.08792
threshold=-0.77725675702095021 1.0359913706779482 0.76611873507499706 -2.7633115053176875 0.69162753224372875 0.62245348095893871 0.39684779942035681 0.69486656785011303 -0.56174489110708226 -0.026473450474441048 0.99393379688262951 -9.0402765274047834 1.0000000180025095e-35 -14.335939407348631
decision_type=2 8 2 2 2 2 2 2 2 2 10 2 10 2
left_child=1 3 5 -1 -5 -3 -2 8 9 -8 -10 -12 -9 -14
right_child=6 2 -4 4 -6 -7 7 12 10 -11 11 -13 13 -15
leaf_value=0.0026295927040427707 -0.002031636648579326 0 0.0014601420708283159 -0.002184841131529512 0.00071815772523101411 -0.0031452559507765187 -0.0033824859788188374 0.00041203052767190576 0.00025093636674818179 0.00069357542916235885 0.0057757115616279527 0.00058076528206203357 0.00065500444322724456 -0.00056666131296781929
leaf_weight=187.28957274183631 135.71886112075299 147.00807192828506 161.07844706531614 200.36419297382236 306.17867678403854 413.890137469396 155.3521792627871 3292.6937052551657 478.42617737967521 477.01034700404853 191.71476243436337 250.81656571477652 730.64398042857647 3320.9275979474187
leaf_count=1470 1768 3245 3431 1428 2389 9144 2551 66653 9285 6704 1423 1865 5186 24240
internal_value=0 -0.000503265 -0.00142591 0.000404143 -0.000366753 -0.00233444 0.000105662 0.000144524 0.000825957 -0.000272906 0.00162013 0.00298107 0 -0.000335557
internal_weight=0 1415.81 721.977 693.832 506.543 560.898 9033.3 8897.59 1553.32 632.363 920.958 442.531 7344.27 4051.57
internal_count=140782 21107 15820 5287 3817 12389 119675 117907 21828 9255 12573 3288 96079 29426
is_linear=0
shrinkage=0.0101079


Tree=387
num_leaves=15
num_cat=0
split_feature=2 10 4 21 13 30 8 18 7 33 2 18 3 12
split_gain=5.81599 9.57622 10.3262 5.75735 8.34487 10.738 5.62067 8.40572 5.14065 10.4122 28.2093 28.2333 18.2009 16.3538
threshold=4.4996695518493661 0.29891636967659002 0.50921687483787548 -15.086265563964842 -0.089315064251422868 -0.56174489110708226 -3.5528262853622432 45.500000000000007 -3.9374462366104122 0.89692735671997081 1.102907180786133 38.500000000000007 0.67816692590713512 0.016127862036228183
decision_type=2 2 2 2 2 2 2 2 2 10 2 2 2 2
left_child=1 3 -3 -1 5 -5 7 -6 9 -8 11 -11 -12 -13
right_child=-2 2 -4 4 6 -7 8 -9 -10 10 12 13 -14 -15
leaf_value=-0.0022545359842315038 -0.0018906281380588277 0 0.0045624231242588683 -0.00010596769106829201 0.0024664709742291224 0.0037382972059915409 0.00019355724784596748 -0.00014726281046064429 9.2350823846602966e-05 -0.0045226773693698629 0.0025405707525184584 0.0013477015781777966 -0.00095395223685629618 -0.0023438734343458997
leaf_weight=104.32189094275236 149.59590112231672 88.377328301779926 91.918798601254821 115.35902564972639 222.85724079422653 133.38612726330757 1300.7174047362059 216.4422853756696 6683.0957588888705 330.99486584216356 266.47600907832384 215.05058610066772 316.02176602929831 249.25993594527245
leaf_count=1465 2238 1418 1285 1176 2866 1629 28846 2918 86850 2531 1949 1737 2394 1922
internal_value=0 6.37902e-05 0.00232654 1.79097e-05 4.7219e-05 0.00184742 0 0.00110755 -5.26981e-05 -0.000428916 -0.00104362 -0.00228351 0.000588248 -0.000554123
internal_weight=0 10334.3 180.296 10154 10049.7 248.745 9800.92 439.3 9361.62 2678.52 1377.8 795.305 582.498 464.311
internal_count=141224 138986 2703 136283 134818 2805 132013 5784 126229 39379 10533 6190 4343 3659
is_linear=0
shrinkage=0.0101079


Tree=388
num_leaves=15
num_cat=0
split_feature=18 28 15 30 30 14 8 28 13 12 6 5 27 12
split_gain=5.36256 9.96354 18.8052 11.9787 11.7882 7.82753 5.06253 8.64618 4.59082 6.64347 5.24008 9.06229 8.356 8.25559
threshold=93.500000000000014 0.6835516393184663 11.862600326538088 0.81174489855766307 1.0000000180025095e-35 -3.6561554670333858 -3.5528262853622432 -0.35222910344600672 -0.089315064251422868 -0.045088073238730424 -9.3485760688781721 -8.3747196197509748 -0.47136868536472315 -0.07351363822817801
decision_type=2 2 2 2 2 2 2 2 2 2 2 2 2 2
left_child=6 3 -3 5 -4 -2 7 -1 9 -8 11 -10 -13 -12
right_child=1 2 4 -5 -6 -7 8 -9 10 -11 13 12 -14 -15
leaf_value=0.0019916457971858341 -0.00026492393382172407 0.0020712371354349515 -0.0047585766498637917 0.0040972384587982594 0 0.0019682638142668966 0.0023780543826665665 -0.00071983809368614292 0.00028465640312988868 -0.00033256421958211674 0.00098401004344565507 -0.0035980404590209816 -0.0002183136136912399 -0.00020678605115819848
leaf_weight=296.66823745705187 336.45514881704003 138.00898464396596 109.09699740260839 131.82871660310775 108.78905932884663 258.37601911649108 170.42338944226503 165.66089570336044 235.79754442255944 143.10976554639637 632.34712976776063 183.6046592919156 169.88342180103064 7335.4568719035015
leaf_count=3890 4327 1835 1518 1572 1479 3092 1809 2195 3333 1838 9208 3142 2523 98775
internal_value=0 0.000674971 -0.000625756 0.00136706 -0.0025259 0.000650528 -7.40457e-05 0.000937986 -0.000132114 0.00103621 -0.000180536 -0.00110156 -0.00212486 -0.000106352
internal_weight=0 1082.55 355.895 726.66 217.886 594.831 9332.95 462.329 8870.62 313.533 8557.09 589.286 353.488 7967.8
internal_count=140536 13823 4832 8991 2997 7419 126713 6085 120628 3647 116981 8998 5665 107983
is_linear=0
shrinkage=0.0101079


Tree=389
num_leaves=15
num_cat=0
split_feature=11 23 30 9 21 28 30 29 3 3 33 10 3 3
split_gain=4.7847 6.78817 6.60381 5.24431 7.09332 6.9495 11.7745 9.89717 12.3833 10.7824 9.3108 11.5297 20.6954 22.8497
threshold=0.004608284682035447 0.95199528336524974 -0.56174489110708226 0.093560278415679946 -11.198961734771727 0.60003554821014415 1.0000000180025095e-35 0.87837970256805431 0.28966398537158972 0.2422372251749039 1.0000000180025095e-35 0.065797764807939543 0.67066720128059398 0.39082725346088415
decision_type=2 2 2 2 2 2 2 2 2 2 10 2 2 2
left_child=1 2 -1 4 -2 7 -7 9 -9 -5 -11 -12 13 -13
right_child=3 -3 -4 5 -6 6 -8 8 -10 10 11 12 -14 -15
leaf_value=0 0.0027291900904873137 -0.00043731094918389473 0.0031671094211619937 0.002030379674815157 0.00018981247394266141 -0.0015034816507984445 8.4446725958044652e-05 -0.0022508847817607315 0.0012107878414012467 0.00016338021466424024 -0.0018503906575890042 -0.0020058495197830817 -0.001709979997687888 0.0016072802746925838
leaf_weight=119.07385098654777 113.967708687298 164.62831557914615 171.73555171489716 191.65037758275867 2689.096144140698 960.84149869903922 849.6456967946142 103.77149572595954 998.01887574605644 1814.6787135172635 720.50375001877546 225.53663662075996 611.47666670382023 691.48759464174509
leaf_count=1600 1463 2257 2260 2794 36586 14010 11249 1736 12807 37365 5282 1672 4627 4972
internal_value=0 0.00100086 0.00194108 -5.00334e-05 0.000314599 -0.000198459 -0.00073878 -7.512e-06 0.000835006 -0.000236261 -0.000356713 -0.000793446 -0.000262142 0.000665632
internal_weight=0 455.438 290.809 9970.68 2803.06 7167.61 1810.49 5357.12 1101.79 4255.33 4063.68 2249 1528.5 917.024
internal_count=140680 6117 3860 134563 38049 96514 25259 71255 14543 56712 53918 16553 11271 6644
is_linear=0
shrinkage=0.0101079


Tree=390
num_leaves=15
num_cat=0
split_feature=15 23 16 30 15 27 3 30 3 13 3 16 3 0
split_gain=4.42856 18.9694 16.5698 15.4624 18.6595 23.3633 11.7165 20.5388 17.75 11.7946 19.8116 14.506 11.5264 13.3152
threshold=11.315594196319582 0.50241512060165416 0.75105208158493053 0.81174489855766307 15.261869430541994 0.33172981441020971 0.26012130081653601 -0.56174489110708226 0.33578196167945867 0.018972828052937988 0.75130772590637218 0.54255953431129467 0.31744243204593664 0.61920392513275158
decision_type=2 2 2 2 2 2 2 2 2 2 2 2 2 2
left_child=2 -2 6 -3 -5 -6 7 -1 12 -10 11 -11 13 -8
right_child=1 3 -4 4 5 -7 8 -9 9 10 -12 -13 -14 -15
leaf_value=-0.0048869421775855643 -0.0023676404486734329 -0.00031321705331988715 0.0028636141661040932 -0.00045780455728396027 6.4527955504477597e-05 0.0051742312063411946 -0.0020495110453877673 6.7297947002647757e-05 -0.00016102710465721681 -0.0017084230026348703 0.0041492882221070906 0.002072728349366699 0.0044903518642848738 0.0020513884627150424
leaf_weight=122.88835817668587 379.22412470914423 3245.1167394313961 221.37887691520154 294.34568391740322 195.19519449677318 197.44252809137106 96.491748525761068 203.01317522861063 4508.389130551368 207.6739584878087 173.13318812102079 191.07098239660263 136.10794525966048 284.95345239527524
leaf_count=1908 4920 42123 2447 3766 2697 2570 1493 3029 62981 2838 2286 2229 1867 3820
internal_value=0 -0.000231261 0.000190443 -1.07549e-05 0.00134743 0.00278485 8.01584e-05 -0.00174847 0.00019608 5.18332e-06 0.00137025 8.67491e-06 0.00196549 0.000890067
internal_weight=0 4311.32 6145.1 3932.1 686.983 392.638 5923.72 325.902 5597.82 5080.27 571.878 398.745 517.553 381.445
internal_count=140974 56076 84898 51156 9033 5267 82451 4937 77514 70334 7353 5067 7180 5313
is_linear=0
shrinkage=0.0101079


Tree=391
num_leaves=15
num_cat=0
split_feature=2 3 27 2 11 22 27 11 29 12 27 7 14 29
split_gain=4.8055 13.2324 9.1892 6.97253 16.1512 10.5094 11.6802 9.11699 8.29367 8.62076 8.67328 7.20829 6.83282 15.4028
threshold=2.765116930007935 0.71210369467735302 -0.41268247365951533 1.7070564031600954 0.022439891472458843 -0.35157096385955805 -0.14132478833198545 0.13440717756748202 -0.60785761475563038 -0.085043884813785539 -0.77296444773674 -5.7168889045715323 -7.0697307586669913 -1.0000000180025095e-35
decision_type=2 2 2 2 2 2 2 2 2 2 2 2 2 2
left_child=3 -2 -3 8 -5 6 -6 -7 -1 10 -10 -12 -11 -14
right_child=1 2 -4 4 5 7 -8 -9 9 12 11 -13 13 -15
leaf_value=0.0026030562783478078 0.0037819931370710238 -0.0005983821092182132 0.0026533735509420299 0.0021900074281234702 -0.0037835772886068782 -0.001052867624510651 0 0.0014342847705966786 0.0042584525590437612 -0.00033319625903144279 0.0020718359710403451 -0.0012603214878053979 -0.00095327195966166838 0.00056342765867157889
leaf_weight=124.22992070764303 121.63182270526886 384.42532160226256 105.97800608165562 155.93703392520547 248.60849870182574 585.08690019790083 131.7212782446295 184.86313477158546 88.166293535381556 3872.3410126436502 129.65518224798143 109.01937841065228 834.9431642703712 3392.4683119710535
leaf_count=1388 1553 6006 1279 2479 3866 8051 1719 2158 1408 56575 1959 1543 10147 40912
internal_value=0 0.000896815 5.29121e-05 -1.82759e-05 -0.000707171 -0.00114675 -0.00252569 -0.000395409 8.27641e-05 3.84847e-05 0.00163054 0.000393493 -2.22372e-05 0.000253128
internal_weight=0 612.035 490.403 9857.04 1306.22 1150.28 380.33 769.95 8550.82 8426.59 326.841 238.675 8099.75 4227.41
internal_count=141043 8838 7285 132205 18273 15794 5585 10209 113932 112544 4910 3502 107634 51059
is_linear=0
shrinkage=0.0101079


Tree=392
num_leaves=15
num_cat=0
split_feature=10 4 6 21 21 33 20 16 3 11 3 3 27 23
split_gain=4.60136 17.4096 8.39695 7.85663 7.30946 25.0317 15.0043 12.0035 9.94425 20.4085 8.45249 10.225 8.44473 12.7063
threshold=0.28474709391593939 0.83561426401138317 -13.43602132797241 -15.086265563964842 4.9582695960998544 0.9590476155281068 4.1270296573638925 0.67079788446426403 0.20483887940645221 0.1664596498012543 0.18175393342971805 0.21024674177169803 0.50938662886619579 0.89666658639907848
decision_type=2 2 2 2 2 10 2 2 2 2 2 2 2 2
left_child=3 2 -2 -1 6 8 10 -8 -6 -10 -5 -12 -7 -14
right_child=1 -3 -4 4 5 12 7 -9 9 -11 11 -13 13 -15
leaf_value=-0.0026340806815602171 0.00080914369811601748 0.003565590184373189 -0.0031572061143890868 0.0027159282558456756 -0.0027079742317408276 -0.0019927470074477269 0 0.0046964092750033642 0.00034592042455797314 0.0051377791062611148 -0.0028854789536331468 1.3551855407218348e-05 0.0013699939303011594 -0.0019262670504682472
leaf_weight=115.90450821071863 103.84205599874258 154.28535122983158 84.040643883869052 108.50236543081701 74.049350552260876 934.90644674003124 119.1003906512633 120.55311216413975 928.21452283207327 96.920869592577219 118.55275683663785 7050.4810461513698 226.4962752237916 229.01161803305149
leaf_count=1553 1459 2122 1434 1607 1491 7092 1760 1465 18435 1761 1836 95954 1605 1618
internal_value=0 0.0010809 -0.000811873 -9.29757e-05 -5.7514e-05 -0.000533839 9.52383e-05 0.0025444 0.000577971 0.000872799 6.44592e-06 -3.17635e-05 -0.0014401 -0.000204228
internal_weight=0 342.168 187.883 10122.7 10006.8 2489.6 7517.19 239.654 1099.18 1025.14 7277.54 7169.03 1390.41 455.508
internal_count=141192 5015 2893 136177 134624 32002 102622 3225 21687 20196 99397 97790 10315 3223
is_linear=0
shrinkage=0.0101079


Tree=393
num_leaves=15
num_cat=0
split_feature=21 13 30 33 17 11 0 13 18 0 2 27 11 15
split_gain=4.11214 9.38418 14.4966 6.12424 4.86974 8.44085 25.509 10.1697 22.3823 10.7016 10.2056 14.3487 18.1182 17.9889
threshold=-15.086265563964842 -0.089315064251422868 -0.56174489110708226 0.99393379688262951 14.500000000000002 0.12363513559103013 0.61162349581718456 0.065183099359273924 37.500000000000007 0.44675242900848394 0.75671458244323742 0.58244305849075328 0.021631171926856044 6.508254051208497
decision_type=2 2 2 10 2 2 2 2 2 2 2 2 2 2
left_child=3 2 -2 -1 -3 7 -7 9 -9 -6 -11 13 -13 -12
right_child=1 4 -4 -5 5 6 -8 8 -10 10 11 12 -14 -15
leaf_value=0.00012047044145186762 -0.00038493014380899842 0.00036537400257873526 0.0040825438777394359 -0.0029928394988123787 -0.0021572812353779724 -0.0053205371169128572 -0.00026989116623366363 -0.0013280672932275564 0.0043828021675129487 0.0005886933326828672 0.00092156865774947923 -0.0038856088062849264 -0.0005475550717293252 -0.00063553970855062601
leaf_weight=95.263340564444661 117.95324019528925 2710.3082129294053 139.1704709995538 106.46805512160063 240.01891827955842 117.88630061876029 672.88619930483401 105.2284322232008 152.079983741045 1941.8532975548878 1335.4219623506069 220.55884283781052 780.151147833094 1725.9929248923436
leaf_count=2024 1202 34483 1682 767 3846 1778 8972 1461 2264 26141 19348 2889 10083 24054
internal_value=0 4.98653e-05 0.00192815 -0.00137841 0 -0.000135838 -0.00111722 -9.07825e-06 0.00192346 -9.74451e-05 -5.7287e-06 -0.000300408 -0.00134728 3.10945e-05
internal_weight=0 10259.5 257.124 201.731 10002.4 7292.08 790.772 6501.31 257.308 6244 6003.98 4062.12 1000.71 3061.41
internal_count=140994 138203 2884 2791 135319 100836 10750 90086 3725 86361 82515 56374 12972 43402
is_linear=0
shrinkage=0.0101079


Tree=394
num_leaves=15
num_cat=0
split_feature=13 30 18 27 16 33 13 13 23 13 33 0 9 13
split_gain=4.31316 11.1303 20.7329 17.4082 14.4046 13.2152 18.8619 18.3997 16.4336 21.6714 12.6441 12.4805 12.3743 11.6132
threshold=0.015538497827947141 -0.56174489110708226 64.500000000000014 -0.71473535895347584 0.69267624616622936 0.99611112475395214 -0.043730540201067918 -0.026473450474441048 0.81718361377716076 -0.00082087327609769989 0.9590476155281068 1.1991971731185915 0.11682016775012018 -0.043730540201067918
decision_type=2 2 2 2 2 10 2 2 2 2 10 2 2 2
left_child=1 2 13 11 10 7 -7 -5 9 -8 -4 -3 -13 -1
right_child=-2 3 4 5 -6 6 8 -9 -10 -11 -12 12 -14 -15
leaf_value=0.001491774532975391 0.00026211573216182866 -0.0020832613015732394 -0.0010549214166134325 0.0012011043085419771 0.00015243029966928009 -0.00084564934913439942 0.0045318694817857424 -0.0010914631372530303 0.00066715403647707439 0 -0.0042325200607992138 0.0027089367548923503 -0.00094097820290207858 -0.00054526552122985861
leaf_weight=384.69364288076758 4286.347730750218 512.34853957872838 295.51275867875665 593.15378293581307 200.01428436860442 335.25666186213493 356.02096612751484 863.16815115045756 698.90529067069292 174.80439449846745 311.76857965812087 133.76320557296276 267.61795005761087 1046.5546419033781
leaf_count=5593 54774 8041 6722 12028 2517 2419 2582 17020 4937 1306 2488 1796 3551 15269
internal_value=0 -0.000154365 -0.000725483 0.000161033 -0.00201246 0.00053967 0.00118495 -0.000128652 0.00177307 0.00312385 -0.0027844 -0.0010411 0.00020422 0
internal_weight=0 6173.58 2238.54 3935.04 807.296 3021.31 1564.99 1456.32 1229.73 530.825 607.281 913.73 401.381 1431.25
internal_count=141043 86269 32589 53680 11727 40292 11244 29048 8825 3888 9210 13388 5347 20862
is_linear=0
shrinkage=0.0101079


Tree=395
num_leaves=15
num_cat=0
split_feature=23 15 13 5 4 12 17 13 28 2 0 5 7 28
split_gain=4.93136 14.6469 11.9938 6.41543 10.9793 10.5993 9.61411 8.08411 10.0953 11.3582 7.92344 11.4421 7.72188 7.59899
threshold=0.39684779942035681 6.2896611690521249 0.024646710604429248 2.1015193462371831 0.71389982104301464 0.058624722063541419 14.500000000000002 0.018052049912512306 0.78661888837814342 0.71079877018928539 0.99859184026718151 4.3628170490264901 -0.24036506563425061 -0.41268247365951533
decision_type=2 2 2 2 2 2 2 2 2 2 2 2 2 2
left_child=1 -1 -3 -2 6 7 12 8 9 -6 11 -7 -5 -8
right_child=3 2 -4 4 5 10 13 -9 -10 -11 -12 -13 -14 -15
leaf_value=0.0017367055335379392 0.00019161703653995229 -0.0044033234558728609 0 0.0015703872661893764 -0.0026433213089915842 0 -6.7226862953691615e-05 -0.0017038446919088257 0.002605641085922478 0.00033415476578973693 0.0001522192479161461 0.0038061850861900422 -0.00083275924810223675 -0.0025976083898483671
leaf_weight=106.83631253242493 6818.7179757943377 141.27106202673167 133.56193805299699 177.82403429038823 166.8700553663075 108.83989325165749 207.76068680919707 368.38418862223625 128.41767409909517 458.63395644072443 500.70152687467635 186.23112015984952 483.31614512205124 473.87618277966976
leaf_count=1442 92688 1948 1598 2443 2312 1420 2711 4551 1874 6123 6302 2435 6220 6900
internal_value=0 -0.00114517 -0.00242548 1.14403e-05 -0.000352501 0.000119805 -0.00105402 -0.00048776 6.43904e-05 -0.000418492 0.00102358 0.00232726 -0.000115293 -0.0018944
internal_weight=0 381.669 274.833 10079.6 3260.86 1918.08 1342.78 1122.31 753.922 625.504 795.773 295.071 661.14 681.637
internal_count=140967 4988 3546 135979 43291 25017 18274 14860 10309 8435 10157 3855 8663 9611
is_linear=0
shrinkage=0.0101079


Tree=396
num_leaves=15
num_cat=0
split_feature=7 13 13 17 13 28 28 10 33 21 15 17 15 13
split_gain=4.60734 12.2707 5.24149 16.1849 14.224 8.26318 6.10043 17.7103 15.3924 11.5939 10.3691 14.8015 8.70168 15.4523
threshold=-28.77313137054443 -0.092856191098690019 -0.057939089834690087 81.500000000000014 -0.076311007142066942 0.010907442308962378 -0.69930991530418385 0.04185928218066693 1.0545857548713686 1.5816805362701418 4.7610766887664804 67.500000000000014 10.226407527923586 -0.0066909359302371732
decision_type=2 2 2 2 2 2 2 2 8 2 2 2 2 2
left_child=-1 -2 3 4 -3 -6 7 8 -4 -10 11 -9 -12 -14
right_child=1 2 6 -5 5 -7 -8 10 9 -11 12 -13 13 -15
leaf_value=-0.0021040442638753584 0.002327443135030824 0.0031155865639899906 -0.0023469876284965825 -0.0027729531475909758 -0.0027590771263083366 0.00071892936858177913 -0.00012302087725874649 0 -0.00078905591038020795 0.0031073783982338813 -0.00050030325583530477 0.0037737578249855252 0.0044690177602783529 0.0005594138109760099
leaf_weight=96.727908652275801 224.74659674800932 125.68085837177932 368.37505324184895 268.68561455607414 123.05547805316746 116.78737700264901 6748.1853914279491 169.0935585629195 180.51255199126899 115.82261528261006 537.12180865369737 263.72099080123007 114.43475526571274 1016.3491276502609
leaf_count=1135 2544 1623 2624 4303 1865 2043 92292 2251 3757 2153 7142 3437 1512 12440
internal_value=0 2.92937e-05 -1.93271e-05 -0.000905984 0.000386487 -0.000931933 3.62058e-05 0.000438623 -0.000962783 0.000640417 0.000903145 0.00231093 0.000504798 0.00101795
internal_weight=0 10372.6 10147.8 634.209 365.524 239.843 9513.62 2765.43 664.71 296.335 2100.72 432.815 1667.91 1130.78
internal_count=141121 139986 137442 9834 5531 3908 127608 35316 8534 5910 26782 5688 21094 13952
is_linear=0
shrinkage=0.0101079


Tree=397
num_leaves=15
num_cat=0
split_feature=17 21 33 20 21 28 2 30 14 33 21 29 10 2
split_gain=4.8798 9.04009 10.2409 10.098 7.63997 13.6385 19.6494 13.0155 13.1707 19.3606 10.5484 8.68807 7.12949 6.91899
threshold=13.500000000000002 10.455735683441164 0.99611112475395214 3.19138514995575 4.7133941650390634 0.63435554504394542 1.2349873185157778 0.81174489855766307 -3.3596974611282344 0.99393379688262951 11.331831455230715 0.6078576147556306 0.065003544092178359 1.0016534328460696
decision_type=2 2 10 2 2 2 2 2 2 10 2 2 2 2
left_child=4 13 3 -3 5 6 7 8 9 -1 11 -6 -7 -2
right_child=1 2 -4 -5 10 12 -8 -9 -10 -11 -12 -13 -14 -15
leaf_value=8.386480085796238e-05 0.00022977765623733196 -0.00260801700138927 -0.0036757598381761659 0.0019210627949453731 1.7770141590665558e-05 0.00021396711467284847 0.0030776809464464752 0.0023281400280892595 0.0016925318638759835 -0.0036819533555344985 0.0011604629266693128 -0.0018458554958087601 0.0039085306678723567 -0.00038323482261968394
leaf_weight=245.19207708351314 3887.9269686471671 84.360386418178678 147.26733554154634 102.37709737382829 556.54828801378608 106.32826886884868 198.62588432710618 129.17921592108905 121.09435433335602 263.36824554949999 418.35030512325466 407.7175882589072 198.24402944743633 3581.2398558007553
leaf_count=5012 52918 1706 1229 2111 6924 1489 2537 1583 1337 2034 5366 4902 2575 49127
internal_value=0 -0.000138043 -0.00175027 0 0.000363392 0.000933815 0.000285544 -0.000415833 -0.00106347 -0.00181349 -0.00013042 -0.000736859 0.00278521 -5.88179e-05
internal_weight=0 7803.17 334.005 186.737 2644.65 1262.03 957.46 758.834 629.655 508.56 1382.62 964.266 304.572 7469.17
internal_count=140850 107091 5046 3817 33759 16567 12503 9966 8383 7046 17192 11826 4064 102045
is_linear=0
shrinkage=0.0101079


Tree=398
num_leaves=15
num_cat=0
split_feature=9 13 17 5 0 13 23 33 0 15 20 12 0 13
split_gain=6.05265 11.0339 7.39147 9.69301 9.71679 12.435 9.68651 17.3882 9.30509 12.4382 9.28194 16.332 8.36363 8.18337
threshold=0.11959556117653848 -0.089315064251422868 14.500000000000002 5.0707550048828134 1.060299336910248 0.014731768984347584 0.50786590576171886 1.7124999761581423 0.55691182613372814 10.844655036926271 0.81725570559501659 0.062566641718149199 0.68588683009147655 0.025816759094595913
decision_type=2 2 2 2 2 2 2 8 2 2 2 2 2 2
left_child=1 -1 10 4 5 6 7 -4 -7 -10 -3 -12 -11 -6
right_child=-2 2 3 -5 13 8 -8 -9 9 12 11 -13 -14 -15
leaf_value=0.0031099057856554093 -0.00021189870871780937 0.0032215010079149871 0.0040422203350366451 -0.002619475706680491 0.0017223482683791751 -0.0015492874059003189 -0.0013394318819461497 -0.0018494548744751637 0.0036594698363231195 0.0024367870831651923 -0.0013220461291615273 0.0021645067330074859 -0.00028108326282199269 -0.00057250215933684484
leaf_weight=131.06144138984382 6726.5618442418054 160.14488878846169 94.674783159047365 134.43939336948097 547.43033597618341 143.37736383546144 1014.1777761690319 85.619776145555079 152.04421736486256 142.48464800417423 260.63217169977725 263.0656439717859 427.69431965425611 185.90751170367002
leaf_count=1524 90572 2003 759 1937 7610 2149 14453 2062 1874 1950 3274 3301 5483 2200
internal_value=0 0.000293809 0.000174086 -3.44716e-05 8.22781e-05 -0.000258135 -0.00093799 0.00106735 0.000633641 0.00113416 0.00111611 0.000359044 0.000351225 0.00108602
internal_weight=0 3742.75 3611.69 2927.85 2793.41 2060.07 1194.47 180.295 865.601 722.223 683.843 523.698 570.179 733.338
internal_count=141151 50579 49055 40477 38540 28730 17274 2821 11456 9307 8578 6575 7433 9810
is_linear=0
shrinkage=0.0101079


Tree=399
num_leaves=15
num_cat=0
split_feature=21 21 2 2 20 2 27 3 3 28 11 5 16 17
split_gain=4.16756 7.24955 7.67667 13.041 6.99302 5.37515 12.4737 26.5278 21.3732 16.8105 10.7556 9.92567 9.04415 11.6354
threshold=-15.086265563964842 -12.727770805358885 3.974474430084229 3.1709257364273076 -9.1576433181762678 1.6593780517578127 -0.20576497167348859 0.73412626981735241 0.6626533865928651 -0.2693240344524383 0.017096011899411682 -6.3076524734497061 0.57998624444007885 25.500000000000004
decision_type=2 2 2 2 2 2 2 2 2 2 2 2 2 2
left_child=4 -2 3 5 -1 -3 8 -8 9 -7 -10 -12 -13 -14
right_child=1 2 -4 -5 -6 6 7 -9 10 -11 11 12 13 -15
leaf_value=2.4148250531932788e-05 0.0019494942765574887 4.6942215277279854e-05 -0.0023820040260167804 0.0028825711771501817 -0.0033224838595200799 0.0041888337101741282 -0.00099230723856391645 0.003758847725666016 0.00066902953843357704 -0.0012062872139831191 0 -0.0050546624324310794 -0.0031136590815112018 0.00060329342671942127
leaf_weight=106.69195097312331 183.87756198644638 8284.8400258664042 132.86110644228756 149.89555600099266 96.377176623791456 107.33165777102113 322.64071200788021 175.5270141903311 100.8288734909147 99.19424694404006 138.13249719049782 189.39437155798078 245.88391818292439 102.33803745917976
leaf_count=1437 2215 110771 2193 2146 1349 1355 4240 2235 1620 1334 2010 2993 3264 1729
internal_value=0 0 -3.57285e-05 0 -0.00143478 -4.89816e-05 -0.00061018 0.000633131 -0.0012811 0.00145782 -0.00206824 -0.00253885 -0.00315255 -0.00191798
internal_weight=0 10232.7 10048.9 9916.01 203.069 9766.11 1481.27 498.168 983.104 206.526 776.578 675.749 537.616 348.222
internal_count=140891 138105 135890 133697 2786 131551 20780 6475 14305 2689 11616 9996 7986 4993
is_linear=0
shrinkage=0.0101079


Tree=400
num_leaves=15
num_cat=0
split_feature=10 4 14 21 13 30 7 23 3 12 12 27 30 30
split_gain=5.15145 15.1999 11.5679 7.90833 9.03145 10.6922 5.55369 18.8426 6.01868 16.3726 28.6739 15.9641 16.4824 13.7992
threshold=0.28474709391593939 1.2871083021163943 -19.880949020385739 -15.086265563964842 -0.089315064251422868 -0.56174489110708226 -18.423942565917965 0.93774163722991954 0.34503790736198431 0.04219453968107701 0.0064877222757786521 0.22706275433301928 -0.56174489110708226 -0.56174489110708226
decision_type=2 2 2 2 2 2 2 2 2 2 2 2 2 2
left_child=3 2 -2 -1 5 -5 7 -6 9 10 13 -12 -13 -8
right_child=1 -3 -4 4 6 -7 8 -9 -10 -11 11 12 -14 -15
leaf_value=-0.0026418885216895008 0.0016594017863921376 0.0038013968016794748 -0.0029059340739991495 -0.000129032736387585 -0.0041433131129139595 0.0036642017655412638 0.0012549855272202199 0.0008731141897001353 -0.00015116659932497024 -0.0020520057598744489 -0.00013395809391080678 0.0010778510620883628 0.0051347853279530634 -0.0013021920221926312
leaf_weight=111.89816259033978 106.92119605466723 132.29560525342822 98.289836123585701 116.79868859425187 133.63049444928765 138.67340900748968 343.04941706359386 140.45152292959392 7761.8085875576362 206.88546659983695 146.57279860414565 221.06671926099807 262.98535217531025 530.51082146540284
leaf_count=1519 1552 1829 1594 1184 1934 1666 5182 1993 103133 2736 2162 3304 3417 7680
internal_value=0 0.00120012 -0.000362774 -5.45522e-05 -1.95693e-05 0.00182262 -7.3394e-05 -0.00147491 -2.74169e-05 0.000508555 0.000896104 0.00253097 0.00340984 -0.000249851
internal_weight=0 337.507 205.211 10114.3 10002.4 255.472 9746.96 274.082 9472.88 1711.07 1504.19 630.625 484.052 873.56
internal_count=140885 4975 3146 135910 134391 2850 131541 3927 127614 24481 21745 8883 6721 12862
is_linear=0
shrinkage=0.0101079


Tree=401
num_leaves=15
num_cat=0
split_feature=11 9 13 11 3 12 2 0 28 13 18 14 18 21
split_gain=5.52743 5.94317 8.18349 9.07234 11.2299 16.3432 18.3589 9.42065 15.1725 12.8615 13.8977 8.12032 7.386 15.5616
threshold=0.0062667401507496842 0.088260464370250716 -0.089315064251422868 0.12250369414687158 0.35302986204624182 0.028889371082186702 0.57078224420547496 1.060299336910248 0.91959547996521007 0.029803261160850528 80.500000000000014 -4.4698984622955313 24.500000000000004 2.0243345499038701
decision_type=2 2 2 2 2 2 2 2 2 2 2 2 2 2
left_child=-1 2 -2 4 5 6 -4 8 9 11 -11 -6 -9 -14
right_child=1 -3 3 -5 7 -7 -8 12 -10 10 -12 -13 13 -15
leaf_value=0.00091494869916696484 0.0030734702700163084 -0.00022309483960638839 0.00079248509505061581 -0.0013323851272022168 -0.0023060075419060861 -0.0015646005463151038 0.0058275761465323879 -0.00015803395707565757 0.0018172226160007808 -0.0014142235778050872 0.0034034569452312379 0.00013791633603442755 0.004268642425931746 4.8367999335147513e-07
leaf_weight=610.25976546760648 101.49086714722216 7210.2305891178548 212.12491289526224 322.65869216062129 553.82192444056273 90.102779710665345 132.25565354339778 243.81808999925852 219.4638824686408 104.062062272802 112.90058191306889 143.22804561629891 160.48164563253522 222.0934511423111
leaf_count=8279 1175 97063 3065 4237 8105 1253 1941 3256 2987 1389 1394 1683 2284 2743
internal_value=0 -6.99425e-05 0.000335774 0.000200386 0.000447994 0.00189192 0.00292564 6.19698e-05 -0.000462675 -0.00106456 0.000942894 -0.00175031 0.00106935 0.00194314
internal_weight=0 9828.73 2618.5 2517.01 2194.35 434.483 344.381 1759.87 1133.48 914.013 216.963 697.05 626.393 382.575
internal_count=140854 132575 35512 34337 30100 6259 5006 23841 15558 12571 2783 9788 8283 5027
is_linear=0
shrinkage=0.0101079


Tree=402
num_leaves=15
num_cat=0
split_feature=9 0 8 7 27 17 12 10 19 13 16 14 16 7
split_gain=4.98271 6.30035 8.16871 9.26285 8.12988 5.71348 6.99695 8.50907 5.68302 6.10774 12.2814 12.2917 10.9952 12.2521
threshold=0.061797382310032851 1.060299336910248 -0.24590639024972913 4.8255047798156747 -0.45201864838600153 11.500000000000002 -0.014624391216784714 0.06050242297351361 -0.45000000298023218 0.015538497827947141 0.42145575582981115 -10.316033840179442 0.62021136283874523 3.7016205787658696
decision_type=2 2 2 2 2 2 2 2 2 2 2 2 2 2
left_child=1 4 3 -3 -1 -6 7 -7 -2 -10 -11 -12 13 -13
right_child=8 2 -4 -5 5 6 -8 -9 9 10 11 12 -14 -15
leaf_value=-0.0014488675373935014 -0.0017017579343230795 0.004427934516915262 8.2345665542139058e-05 0.0002074715312178588 0.002198133340734528 0.003270819646765327 -0.00056922594964809467 0 -0.00033151865553062831 0.0026050172536176779 -0.0030840099990263469 -0.00077294762136058501 -1.8576419153351374e-05 0.0029913549169212263
leaf_weight=286.92702772561461 229.62466465029866 132.82630945369601 322.11932909302413 121.55345014296472 155.50897661782801 123.70978309027851 569.85662782844156 258.38409655913711 4873.9945548884571 200.69474556297064 113.61386621929705 105.21993282064795 2723.7892549503595 262.69864152837545
leaf_count=4396 3127 1824 4186 1552 1946 1691 7418 3682 68045 2781 1949 1286 33910 3507
internal_value=0 0.000412912 0.00129576 0.00263058 1.39517e-05 0.000436589 9.14268e-05 0.00117249 -0.000148363 -9.8869e-05 0.000222185 5.455e-05 0.000190263 0.00181315
internal_weight=0 1970.89 576.499 254.38 1394.39 1107.46 951.951 382.094 8509.64 8280.01 3406.02 3205.32 3091.71 367.919
internal_count=141300 26695 7562 3376 19133 14737 12791 5373 114605 111478 43433 40652 38703 4793
is_linear=0
shrinkage=0.0101079


Tree=403
num_leaves=15
num_cat=0
split_feature=10 8 21 7 21 15 21 30 15 7 20 17 21 23
split_gain=6.48518 15.5607 8.65439 5.79338 5.113 4.82206 10.5038 16.8557 22.5334 19.7846 12.643 12.1209 12.7134 10.4783
threshold=0.28474709391593939 -1.4222233891487119 -15.086265563964842 28.112345695495609 15.180628776550295 21.420234680175785 4.8786282539367685 1.0000000180025095e-35 15.395928382873537 7.859290838241578 4.3759174346923837 8.5000000000000018 6.6844213008880624 1.1994412541389468
decision_type=2 2 2 2 2 2 2 2 2 2 2 2 2 2
left_child=2 -2 -1 4 5 6 10 13 9 -9 -4 -10 -13 -8
right_child=1 -3 3 -5 -6 -7 7 8 11 -11 -12 12 -14 -15
leaf_value=-0.0027184082983905812 -0.0018981833341740323 0.0027235591385611777 3.0447462511840349e-05 0.0023660813096783614 -0.0020388338919463496 0.00085715957401601129 -0.0022348040486095751 0.00087916840645303133 -0.00019617862788066608 -0.004608642630283594 0.0026784332263985943 0 0.0045443219294823093 0
leaf_weight=113.33839022926986 88.265369107946754 248.30806917324662 7269.9755285885185 97.117713702842593 119.35414324514568 623.54789323732257 733.03371662274003 108.06860237102956 163.12030038237572 129.14852669276297 182.60697373189032 100.82381535600871 184.87783544976264 296.56656706519425
leaf_count=1520 1321 3621 99124 1553 1641 8538 9069 1410 1912 1471 2468 1348 2429 3731
internal_value=0 0.00137865 -3.10023e-05 0 -2.34937e-05 0 -5.61415e-05 -0.000770204 0.000408591 -0.0019937 0.000103432 0.00177911 0.00302072 -0.00159193
internal_weight=0 336.573 10121.6 10008.2 9911.12 9791.77 9168.22 1715.64 686.039 237.217 7452.58 448.822 285.702 1029.6
internal_count=141156 4942 136214 134694 133141 131500 122962 21370 8570 2881 101592 5689 3777 12800
is_linear=0
shrinkage=0.0101079


Tree=404
num_leaves=15
num_cat=0
split_feature=2 21 16 31 14 13 14 16 13 7 11 30 17 3
split_gain=4.99955 29.481 12.4686 18.9375 21.2531 23.6858 7.21 10.5766 19.8674 14.6858 19.8621 11.1738 10.6711 10.4741
threshold=0.46789002418518072 3.6604379415512089 0.72872292995452892 1.0000000180025095e-35 -6.229747772216796 -0.020500086247920987 -7.0697307586669913 0.6238965392112733 -0.0087622096762061102 1.0000000180025095e-35 0.041789710521698005 0.81174489855766307 20.500000000000004 0.83511739969253551
decision_type=2 2 2 2 2 2 2 2 2 2 2 2 2 2
left_child=1 2 3 4 5 -1 13 8 -8 12 11 -11 -9 -2
right_child=6 -3 -4 -5 -6 -7 7 9 -10 10 -12 -13 -14 -15
leaf_value=0.00035672366229343736 -0.00051412105007205109 -0.0026411240919071836 0.005199243718960629 -0.0024604843336231185 -0.0011179549496294883 0.0067394856854893727 -0.0016877254296073301 0.0034930994734971321 0.0024475039377016869 -0.0009521468657324772 0.00023937652646442627 -0.0044457928816105108 0 0.00067098115926040626
leaf_weight=130.33224187232554 4172.434814279899 174.89763296768069 99.956060629338026 100.4119850024581 113.13196146115661 131.50849931314588 137.87365816533566 200.05479300394654 490.92424506321549 650.81378048099577 2867.870057859458 117.67026452347636 177.16400962509215 899.21572802588344
leaf_count=2169 60705 2477 1115 1284 1149 1832 1905 2329 5913 8360 35340 1637 2030 12825
internal_value=0 0.000821906 0.0019649 0.00112958 0.00222669 0.00381282 -2.83569e-05 0.000254604 0.00146779 5.20403e-05 -0.000136027 -0.00157773 0.00193696 -0.000295334
internal_weight=0 750.238 575.341 475.385 374.973 261.841 9714.02 4642.37 628.798 4013.57 3636.35 768.484 377.219 5071.65
internal_count=141070 10026 7549 6434 5150 4001 131044 57514 7818 49696 45337 9997 4359 73530
is_linear=0
shrinkage=0.0101079


Tree=405
num_leaves=15
num_cat=0
split_feature=9 21 14 10 23 7 13 23 16 14 28 12 18 10
split_gain=5.34162 9.79857 8.21945 7.0852 8.31376 7.31452 11.1132 15.7977 10.6886 11.0687 9.43864 7.86465 13.4692 13.1192
threshold=0.11959556117653848 -11.517472267150877 -1.2901478409767149 0.1079286001622677 0.49096632003784185 -17.586205482482907 -0.0016155038028955457 0.51340240240097057 0.18446597456932071 -11.557997226715086 -0.6343555450439452 0.030853929929435257 25.500000000000004 0.04185928218066693
decision_type=2 2 2 2 2 2 2 2 2 2 2 2 2 2
left_child=1 -1 3 5 -5 -3 7 -7 -9 10 -10 12 -11 -14
right_child=-2 2 -4 4 -6 6 -8 8 9 11 -12 -13 13 -15
leaf_value=0.0029453377737568755 -0.00013435229674339414 -0.0020666030791237108 0.0030682600787315774 -0.0032628704034800586 -0.00018742362233909482 0.0052375547205303075 0 0.0040884020339215276 0.0011618959078976119 -0.00041865391597009248 -0.0025985267944195873 -0.00064401351690193188 0.0006594203174910021 0.0061108035536515184
leaf_weight=136.95983390789479 6708.6757703591138 97.135540116578341 94.609260633587837 95.166871797293425 1090.4273262275383 98.280798162333667 1351.7091219006106 89.90931136906147 87.926569784060121 103.26107114180923 168.97806684114039 106.47713960707188 109.03787605836987 107.01570494659245
leaf_count=1763 90241 1380 1104 1399 14762 1504 17340 1537 1271 1408 2545 1409 1600 1495
internal_value=0 0.000340901 0.000224567 0.000129787 -0.00048752 0.000463253 0.00059867 0.00148401 0.000908063 0.000389984 -0.00116203 0.00142381 0.00223615 0.00365703
internal_weight=0 3736.89 3599.93 3505.33 1185.59 2319.73 2222.6 870.887 772.606 682.696 256.905 425.792 319.315 216.054
internal_count=140758 50517 48754 47650 16161 31489 30109 12769 11265 9728 3816 5912 4503 3095
is_linear=0
shrinkage=0.0101079


Tree=406
num_leaves=15
num_cat=0
split_feature=15 15 12 27 13 18 28 27 27 3 3 12 18 7
split_gain=4.49574 9.40459 8.02276 13.2968 7.71617 8.94884 9.02314 8.1106 9.05507 7.66991 13.5862 6.89321 8.2536 9.08372
threshold=21.420234680175785 19.615765571594242 0.095967072993516936 0.5464349389076234 0.077947549521923079 72.500000000000014 -0.09801131114363669 0.66746801137924205 -0.77296444773674 0.18175393342971805 0.21024674177169803 0.11354292929172517 80.500000000000014 6.4422984123229989
decision_type=2 2 2 2 2 2 2 2 2 2 2 2 2 2
left_child=1 9 3 -3 7 -6 -7 8 -2 -1 -11 12 -12 -14
right_child=4 2 -4 -5 5 6 -8 -9 -10 10 11 -13 13 -15
leaf_value=0.0025753029309129182 0.0026703137764032322 -0.0043038628029089619 0.00028127648415516578 0 0.0016156521462696626 0.00094046399991482563 -0.0025439497847052788 0.0040756982989487104 -0.00021410575855924173 -0.0032515488898108439 -0.0001084061097525599 -0.0015149192922711901 9.4158566094687093e-05 0.0015223510375724607
leaf_weight=108.83494111523032 153.83099893480539 163.67557317018509 120.10303441807628 104.05424979329109 146.00913461111486 92.042444709688425 205.33475863561034 98.387010751292109 286.53800130076706 124.66059992834926 6476.5035397205502 283.86709191836417 1356.9306933404878 734.06064469646662
leaf_count=1592 2228 2014 1594 1388 2340 1197 3043 1283 3813 1847 87983 3944 18135 8648
internal_value=0 -6.83092e-05 -0.00159422 -0.00256712 0.000647592 -0.000263423 -0.00133615 0.00146467 0.000731417 0 -3.52944e-05 8.19346e-06 6.46851e-05 0.000618549
internal_weight=0 9472.69 387.833 267.73 982.142 443.386 297.377 538.756 440.369 9084.86 8976.02 8851.36 8567.49 2090.99
internal_count=141049 127145 4996 3402 13904 6580 4240 7324 6041 122149 120557 118710 114766 26783
is_linear=0
shrinkage=0.0101079


Tree=407
num_leaves=15
num_cat=0
split_feature=20 6 28 10 3 30 16 17 3 3 10 15 7 7
split_gain=4.53963 5.68634 8.04696 13.4413 10.0946 11.8548 7.85133 9.46169 11.3713 13.4006 8.28627 7.19518 5.57938 5.7177
threshold=-9.8715405464172346 -9.3485760688781721 0.78661888837814342 0.21926438808441165 0.93384674191474926 1.0000000180025095e-35 0.15510571002960208 56.500000000000007 0.58715778589248668 0.35579030215740209 0.10346859693527223 2.9877785444259648 -18.894985198974606 -13.263566493988035
decision_type=2 2 2 2 2 2 2 2 2 2 2 2 2 2
left_child=-1 2 3 4 5 -2 7 10 9 -9 -3 -5 -8 -14
right_child=1 6 -4 11 -6 -7 12 8 -10 -11 -12 -13 13 -15
leaf_value=0.0015162023495331339 0.0034276426597934753 0.00057516857809557589 0.0013372160855655007 -0.0050158215045512031 -0.0028037518206087404 -0.0011615725633294849 -0.0022636015274133813 0.00025382051013718291 -0.00051920538243768462 0.0040854113390923624 -0.003023744476967548 -0.00064101963766873037 0.0013758394762729605 -0.00012152217928983389
leaf_weight=176.61026034317911 106.59988213703036 161.79249628633261 98.345915226265788 125.2041366957128 89.710990021936595 92.602692884393036 114.44409809634089 192.31090212985873 150.04500719718635 235.28661303594708 88.847059490159154 91.190949407406151 258.34095589630306 8488.3481405861676
leaf_count=2230 1754 2431 1514 1875 1381 1357 1597 2603 2372 3293 1175 1169 3937 112423
internal_value=0 -7.78631e-05 -0.00102444 -0.00157609 0 0.00113433 -1.3955e-05 0.000917589 0.00164249 0.00248989 -0.00059543 -0.00343766 -0.000106311 -7.15092e-05
internal_weight=0 10293.1 603.655 505.309 288.914 199.203 9689.42 828.282 577.643 427.598 250.64 216.395 8861.13 8746.69
internal_count=141111 138881 9050 7536 4492 3111 129831 11874 8268 5896 3606 3044 117957 116360
is_linear=0
shrinkage=0.0101079


Tree=408
num_leaves=15
num_cat=0
split_feature=2 2 14 16 2 18 29 3 3 27 30 27 12 7
split_gain=6.94967 5.32516 6.58524 13.0604 16.027 14.532 10.7607 7.75747 20.0357 14.9251 14.2074 11.8984 10.4461 9.51794
threshold=4.4996695518493661 2.9749344587326054 -7.4560420513153067 0.52165070176124584 0.43860639631748205 37.500000000000007 0.6078576147556306 0.26012130081653601 0.33578196167945867 0.95688340067863475 -0.56174489110708226 0.37256073951721197 -0.06180115602910518 -12.296681880950926
decision_type=2 2 2 2 2 2 2 2 2 2 2 2 2 2
left_child=1 2 3 4 -1 6 -5 10 11 -10 -6 -9 -11 -13
right_child=-2 -3 -4 5 7 -7 -8 8 9 12 -12 13 -14 -15
leaf_value=0.0029284528545962681 -0.002130012001468493 0.0012515813248536903 0.00023719939094022402 0.0014649868031779748 -0.0046886036385881914 -0.0029491449797935955 -0.0024980959170174473 -2.4332735477665204e-05 -0.00012485626967382723 0 0 0.0054297298755221733 -0.0038837630880791825 0.0011118905882019101
leaf_weight=166.03694594465196 146.97052591480315 344.51467931829393 5131.631843498908 191.35701129585505 101.07624590676278 358.81875473726541 100.10512324143201 154.72648602258414 3032.4677633456886 91.374937893822789 162.61059619300067 116.38412365503609 187.67449426837265 151.42545834369957
leaf_count=2577 2211 4932 62903 2559 1484 5618 1596 2096 44697 1274 2364 1486 2759 2249
internal_value=0 2.89198e-05 -1.02912e-05 -0.000282465 -6.30775e-05 -0.00160863 0 -0.000202778 -7.14052e-05 -0.000347666 -0.00185954 0.00196732 -0.00255992 0.00323382
internal_weight=0 10290.2 9945.69 4814.06 4163.78 650.281 291.462 3997.74 3734.05 3311.52 263.687 422.536 279.049 267.81
internal_count=140805 138594 133662 70759 60986 9773 4155 58409 54561 48730 3848 5831 4033 3735
is_linear=0
shrinkage=0.0101079


Tree=409
num_leaves=15
num_cat=0
split_feature=13 3 15 3 22 13 12 29 2 18 23 29 18 27
split_gain=5.20805 15.8888 13.1748 13.885 12.5008 11.8511 19.1725 15.3608 19.4501 14.3767 14.1938 11.1565 18.773 12.4954
threshold=0.015538497827947141 0.20483887940645221 6.7215785980224618 0.24636752903461459 0.099039252847433104 0.0020840222714468841 -0.021797268651425835 1.0000000180025095e-35 0.97536817193031322 7.5000000000000009 1.0214020013809206 0.87837970256805431 19.500000000000004 -0.05451125651597976
decision_type=2 2 2 2 2 2 2 2 2 2 2 2 2 2
left_child=5 -2 4 -4 -3 11 9 8 -8 -7 -9 -1 -13 -14
right_child=1 2 3 -5 -6 6 7 10 -10 -11 -12 12 13 -15
leaf_value=-0.00019997551929311206 -0.0029049675805557342 0.0052893954793651211 0.0031656504388282076 0.00011228459335634913 0 -0.0018360264503373056 0.0020064391882357764 -0.0039906575778900881 -0.0030597462944781059 0.0019537404094788044 -0.00054683667423677707 -0.00096099446391838478 0.00032012299011035861 0.0033045373683763782
leaf_weight=3870.7855588020757 145.39192925393581 100.05997954495251 153.21532643400133 3788.975382046774 100.93557771295309 138.60109055973589 185.67473224550486 379.50263528618962 121.50327813997865 295.75449055992067 226.37599430605769 301.09042350202799 299.37903216388077 346.56870727427304
leaf_count=54855 2452 1321 2209 47559 1275 1832 2479 4884 1602 4020 2945 4275 4379 4924
internal_value=0 0.000263775 0.000389866 0.000247096 0.00288445 -0.000194386 -0.00103052 -0.00186887 0 0.000641991 -0.00279276 3.23253e-05 0.00101823 0.0020032
internal_weight=0 4288.58 4143.19 3942.19 200.996 6165.24 1347.41 913.057 307.178 434.356 605.879 4817.82 947.038 645.948
internal_count=141011 54816 52364 49768 2596 86195 17762 11910 4081 5852 7829 68433 13578 9303
is_linear=0
shrinkage=0.0101079


Tree=410
num_leaves=15
num_cat=0
split_feature=13 3 3 22 16 29 13 21 29 13 3 27 16 23
split_gain=6.55628 12.5483 15.3567 10.467 15.3034 16.1101 15.7631 11.5078 10.9106 20.567 14.3768 42.1963 21.6478 14.1051
threshold=0.015538497827947141 0.20483887940645221 0.24636752903461459 -0.79394444823265065 0.4302449375391007 1.0000000180025095e-35 -0.051927741616964333 -4.6072773933410636 0.6078576147556306 0.0020840222714468841 0.67501461505889904 -0.31107263267040247 0.66730114817619335 0.71787574887275707
decision_type=2 2 2 2 2 2 2 2 2 2 2 2 2 2
left_child=3 -2 -3 4 6 -6 -1 -8 10 -10 11 -5 -13 -12
right_child=1 2 -4 8 5 -7 7 -9 9 -11 13 12 -14 -15
leaf_value=-0.0027132252972276931 -0.0025450930629281544 0.0034412562802691154 0.00024533656959863239 0.0028794484029568308 0 -0.0047090649568104171 0.0038878389324955263 -2.2265017545495839e-05 0.00099647637072253171 -0.0012856849666972501 0.0014138620665378259 -0.0011382683834648467 0.0021680838233985285 -0.0019282169941258478
leaf_weight=158.62664923258126 144.98809863626957 155.46295201778412 3987.0886999471113 412.67623914964497 102.35497974324971 200.28889475762844 96.101210603490472 222.34914449602365 1716.1577248638496 507.42771062068641 130.82379466760904 1513.8094071429223 219.3024718593806 884.9428456267342
leaf_count=2414 2427 2248 50037 5458 1502 3051 1697 3631 23321 6484 1922 21486 2617 12579
internal_value=0 0.000268411 0.00038114 -0.000244857 -0.0013368 -0.00309116 -0.000109177 0.0010969 -7.75762e-05 0.000454914 -0.00046506 0 -0.000688956 -0.00145087
internal_weight=0 4287.54 4142.55 6164.86 779.721 302.644 477.077 318.45 5385.14 2223.59 3161.55 2145.79 1733.11 1015.77
internal_count=140874 54712 52285 86162 12295 4553 7742 5328 73867 29805 44062 29561 24103 14501
is_linear=0
shrinkage=0.0101079


Tree=411
num_leaves=15
num_cat=0
split_feature=11 7 13 13 17 13 30 20 12 27 7 17 14 23
split_gain=5.90464 5.31494 6.2877 7.3 14.8861 10.2132 8.55814 6.51262 13.4479 18.5374 8.05291 16.8296 10.7106 5.90766
threshold=0.0062667401507496842 -28.77313137054443 -0.092856191098690019 -0.057939089834690087 81.500000000000014 -0.074488174170255647 -0.56174489110708226 -9.8715405464172346 -0.1176495887339115 -0.49049438536167139 -13.006707668304442 77.500000000000014 -18.700854301452633 2.1015208959579472
decision_type=2 2 2 2 2 2 2 2 2 2 2 2 2 2
left_child=-1 -2 -3 4 5 -4 -7 -5 9 -9 11 -10 -12 -14
right_child=1 2 3 7 -6 6 -8 8 10 -11 12 -13 13 -15
leaf_value=0.0010161857468180401 -0.0022619424799786717 0.0016837016453715777 0.0022999201297420396 0.0022482107266832267 -0.0028080397676596416 0.001099753003093935 -0.0026990728706622184 -0.0040506163085355495 0 0.00089377558983249575 0.0032198303867401737 0.0048236905267228705 -6.3548075514292961e-05 0.0012329102102713457
leaf_weight=618.70290434267372 96.987429646775126 221.52489335462451 144.95534150116146 130.0532317571342 273.47694016993046 82.916753059253097 131.84886902756989 180.71909414697438 181.35288423858583 108.50719470344484 99.110340652987361 104.96095518022776 7705.8147304672748 368.94848679192364
leaf_count=8390 1142 2532 1948 1642 4346 1377 2164 2883 2799 1661 1592 1587 102529 4384
internal_value=0 0 2.81961e-05 -7.42125e-06 -0.00105303 0.00020158 -0.00106291 6.34251e-05 2.43941e-05 -0.00208395 0.000103068 0.00175015 3.88449e-05 0
internal_weight=0 9831.18 9734.19 9512.66 633.198 359.721 214.766 8879.47 8749.41 289.226 8460.19 286.314 8173.87 8074.76
internal_count=140976 132586 131444 128912 9835 5489 3541 119077 117435 4544 112891 4386 108505 106913
is_linear=0
shrinkage=0.0101079


Tree=412
num_leaves=15
num_cat=0
split_feature=7 13 30 20 6 0 27 29 23 3 8 12 3 3
split_gain=4.49375 12.0195 23.2194 6.23698 6.16375 8.90957 9.25152 7.38701 7.19325 9.57964 8.32596 5.49149 11.0395 27.1552
threshold=-28.77313137054443 -0.089315064251422868 -0.56174489110708226 -9.8715405464172346 -9.8139400482177717 1.0516158342361452 -0.18436925113201139 -0.60785761475563038 0.42604903876781469 0.61168324947357189 0.095837205648422255 -0.07351363822817801 0.59377011656761181 0.80348658561706554
decision_type=2 2 2 2 2 2 2 2 2 2 2 2 2 2
left_child=-1 2 -2 -3 5 6 -5 -6 9 10 -9 12 -10 -14
right_child=1 3 -4 4 7 -7 -8 8 11 -11 -12 -13 13 -15
leaf_value=-0.0020854618683432908 -0.00075386094101532065 0.0019411805754692996 0.0049220316297706977 -0.0044242222375354369 0.0021924293120887256 0 0 -0.0004736910350581938 0.0027564068738038724 0.00080229131278950741 -0.0040531242350435037 -5.4913635871617453e-05 -0.0025816060959134384 0.0022695159657704833
leaf_weight=96.694926144555211 124.7792814783752 152.55640446022153 137.7312533184886 121.4830704536289 145.25361573509872 240.93116430006921 80.057769626379013 178.00498373061419 211.5651668664068 127.20032155886292 141.79276041779667 8244.1118312096223 214.03908103983849 244.18526654783636
leaf_count=1156 1354 1931 1712 2238 1633 3507 1219 2343 3131 1734 2058 110619 3166 3477
internal_value=0 2.27871e-05 0.00212912 -2.95124e-05 -6.52644e-05 -0.00122168 -0.00275016 -6.24439e-06 -4.64425e-05 -0.00128764 -0.00224192 1.23075e-05 0.00089078 0
internal_weight=0 10363.7 262.511 10101.2 9948.63 442.472 201.541 9506.15 9360.9 446.998 319.798 8913.9 669.79 458.224
internal_count=141278 140122 3066 137056 135125 6964 3457 128161 126528 6135 4401 120393 9774 6643
is_linear=0
shrinkage=0.0101079


Tree=413
num_leaves=15
num_cat=0
split_feature=2 3 27 2 11 12 29 1 14 5 5 27 14 14
split_gain=4.10932 12.1688 14.4161 7.87721 17.7449 12.1562 9.66703 8.01974 8.63385 18.5538 8.47833 7.58237 6.54892 12.1011
threshold=2.7022243738174443 0.68403419852256786 -0.45201864838600153 1.6593780517578127 0.017096011899411682 -0.087011530995368944 -0.60785761475563038 1.5640915632247927 -2.3762087821960445 7.2513470649719247 -6.3076524734497061 -0.45201864838600153 -23.927918434143063 -21.539948463439938
decision_type=2 2 2 2 2 2 2 2 2 2 2 2 2 2
left_child=3 -2 -3 5 -5 11 -7 8 10 -10 -6 -1 -8 -14
right_child=1 2 -4 4 7 6 12 -9 9 -11 -12 -13 13 -15
leaf_value=0.0044461616665854324 0.0036521638636259476 -0.00079312643228635158 0.0029962901293927708 0.0026190185665160457 0 0.0027333288859570574 -0.0016170385792325618 0.00032070077714555319 0.0030447288927459336 -0.0026472990126632516 -0.0025767583905525666 0.00055709758071055093 0.003006282975337293 -4.9247132858954955e-05
leaf_weight=93.378233980387449 115.32174809649587 416.99342545121908 126.80509102717042 129.53608074598014 158.32176591642201 121.93453817255795 255.7732536252588 254.3044514823705 109.5916809886694 107.86279508471489 625.48550964333117 170.36707950383425 127.11557361669838 7635.7156507819891
leaf_count=1505 1474 6466 1532 2010 2389 1344 3226 3344 1352 1303 9018 2516 1957 101539
internal_value=0 0.000772522 4.63039e-05 -4.73278e-05 -0.000753791 6.48677e-05 -3.20521e-07 -0.00114754 -0.0015602 4.73893e-05 -0.00205353 0.00216956 -4.94951e-05 0
internal_weight=0 659.12 543.799 9789.39 1385.1 8404.28 8140.54 1255.57 1001.26 217.454 783.807 263.745 8018.6 7762.83
internal_count=140975 9472 7998 131503 19416 112087 108066 17406 14062 2655 11407 4021 106722 103496
is_linear=0
shrinkage=0.0101079


Tree=414
num_leaves=15
num_cat=0
split_feature=2 2 14 10 6 23 12 3 21 14 29 17 2 12
split_gain=4.67916 7.92057 8.28909 10.7697 7.51148 8.14467 7.82964 6.65689 6.15281 9.54478 7.81566 6.10786 9.21722 7.89619
threshold=4.4996695518493661 2.9043198823928837 -17.485211372375485 0.22185439616441729 -11.251734256744383 2.2445715665817265 0.15886595845222476 0.84398171305656444 -11.517472267150877 -25.202617645263668 -0.60785761475563038 85.500000000000014 1.2883375883102419 -0.021797268651425835
decision_type=2 2 2 2 2 2 2 2 2 2 2 2 2 2
left_child=1 4 -3 -4 7 6 8 -1 -6 -10 -11 -12 13 -13
right_child=-2 2 3 -5 5 -7 -8 -9 9 10 11 12 -14 -15
leaf_value=-0.0029684469942997888 -0.0017286337851421987 0.0030806080813606442 -0.0018579473231395513 0.0024743498059203507 0.0017601765905691067 0.0017327932270701633 -0.0024792953730317685 0 -0.0028061987819076686 0.0023515624742844331 -0.00013984726448429858 0.0017098453407090072 -0.00088530584050601165 0
leaf_weight=155.45475154183805 146.68284959346056 168.73924937658012 120.06514763459563 100.08895429037511 195.44914974272251 272.83818946406245 122.23735562711954 124.25478352885693 116.16445405595005 136.85708024352789 7332.2894156090915 669.65396346524358 312.77666625846177 486.01249272748828
leaf_count=2558 2221 2172 1774 1555 2243 3112 1595 1811 1503 1532 97900 9786 4736 6587
internal_value=0 4.24187e-05 0.00144409 0 -9.49856e-06 3.43494e-05 -1.21507e-05 -0.00162305 1.80974e-05 -1.64915e-05 1.76032e-05 -1.60999e-05 0.000571892 0.00100431
internal_weight=0 10312.9 388.893 220.154 9923.99 9644.28 9371.44 279.71 9249.2 9053.75 8937.59 8800.73 1468.44 1155.67
internal_count=141085 138864 5501 3329 133363 128994 125882 4369 124287 122044 120541 119009 21109 16373
is_linear=0
shrinkage=0.0101079


Tree=415
num_leaves=15
num_cat=0
split_feature=11 23 18 30 9 0 15 8 17 2 15 29 11 17
split_gain=4.69359 6.00543 8.09533 9.63387 4.40001 5.23393 8.74363 12.3681 5.28354 5.79142 8.91 10.4435 8.04655 7.30763
threshold=0.0062667401507496842 0.98309406638145458 72.500000000000014 -0.56174489110708226 0.064389906823635115 1.0428814888000491 9.4178123474121112 -0.11577515676617621 10.500000000000002 1.0536408424377444 6.7873716354370126 0.87837970256805431 0.045395651832222945 87.500000000000014
decision_type=2 2 2 2 2 2 2 2 2 2 2 2 2 2
left_child=1 2 3 -1 5 8 7 -7 -2 10 13 12 -12 -10
right_child=4 -3 -4 -5 -6 6 -8 -9 9 -11 11 -13 -14 -15
leaf_value=0 0.0017842549031272849 -0.00035337418117339101 -1.9916942220205758e-05 0.0042723894362473218 -0.0001291513572886312 0.0049360064532868279 0 0.00050846619710150705 -0.0022920917480990341 -0.0011246176721589592 0 -0.001447197299889072 0.0031229487705904334 0.00087631815412202478
leaf_weight=106.50571041367948 151.03606247901917 207.46022514998913 148.15164852328598 150.33035018667579 7906.1246295198798 113.85437505692244 279.33509803004563 193.9729962144047 178.88166410755366 428.13480560202152 158.83995156455785 100.46492102742195 231.97379379253834 95.374499386176467
leaf_count=1443 1871 2865 2055 1953 106538 1570 3473 2653 2709 6109 2035 1354 3028 1337
internal_value=0 0.000884696 0.00161187 0.00267968 -1.9519e-05 0.00040701 0.00119901 0.00235424 2.64231e-05 -0.000172208 0.000313903 0.00116241 0.00194977 -0.00105269
internal_weight=0 612.448 404.988 256.836 9837.99 1931.87 587.162 307.827 1344.71 1193.67 765.535 491.279 390.814 274.256
internal_count=140993 8316 5451 3396 132677 26139 7696 4223 18443 16572 10463 6417 5063 4046
is_linear=0
shrinkage=0.0101079


end of trees

feature_importances:
Column_2=429
Column_3=413
Column_13=396
Column_15=348
Column_23=331
Column_14=325
Column_27=292
Column_29=278
Column_30=277
Column_28=250
Column_16=234
Column_33=228
Column_21=214
Column_0=200
Column_7=200
Column_12=192
Column_11=181
Column_20=147
Column_10=129
Column_17=123
Column_18=116
Column_6=104
Column_5=96
Column_22=95
Column_9=80
Column_8=54
Column_4=52
Column_1=21
Column_32=8
Column_31=7
Column_19=3
Column_25=1

parameters:
[boosting: gbdt]
[objective: binary]
[metric: auc]
[tree_learner: serial]
[device_type: cpu]
[data_sample_strategy: bagging]
[data: ]
[valid: ]
[num_iterations: 600]
[learning_rate: 0.0101079]
[num_leaves: 15]
[num_threads: 2]
[seed: 42]
[deterministic: 0]
[force_col_wise: 0]
[force_row_wise: 0]
[histogram_pool_size: -1]
[max_depth: -1]
[min_data_in_leaf: 1280]
[min_sum_hessian_in_leaf: 0.001]
[bagging_fraction: 0.829452]
[pos_bagging_fraction: 1]
[neg_bagging_fraction: 1]
[bagging_freq: 1]
[bagging_seed: 42]
[feature_fraction: 0.727545]
[feature_fraction_bynode: 1]
[feature_fraction_seed: 42]
[extra_trees: 0]
[extra_seed: 12879]
[early_stopping_round: 0]
[early_stopping_min_delta: 0]
[first_metric_only: 0]
[max_delta_step: 0]
[lambda_l1: 4.00664]
[lambda_l2: 7.63247]
[linear_lambda: 0]
[min_gain_to_split: 0]
[drop_rate: 0.1]
[max_drop: 50]
[skip_drop: 0.5]
[xgboost_dart_mode: 0]
[uniform_drop: 0]
[drop_seed: 17869]
[top_rate: 0.2]
[other_rate: 0.1]
[min_data_per_group: 100]
[max_cat_threshold: 32]
[cat_l2: 10]
[cat_smooth: 10]
[max_cat_to_onehot: 4]
[top_k: 20]
[monotone_constraints: ]
[monotone_constraints_method: basic]
[monotone_penalty: 0]
[feature_contri: ]
[forcedsplits_filename: ]
[refit_decay_rate: 0.9]
[cegb_tradeoff: 1]
[cegb_penalty_split: 0]
[cegb_penalty_feature_lazy: ]
[cegb_penalty_feature_coupled: ]
[path_smooth: 0]
[interaction_constraints: ]
[verbosity: -1]
[saved_feature_importance_type: 0]
[use_quantized_grad: 0]
[num_grad_quant_bins: 4]
[quant_train_renew_leaf: 0]
[stochastic_rounding: 1]
[linear_tree: 0]
[max_bin: 255]
[max_bin_by_feature: ]
[min_data_in_bin: 3]
[bin_construct_sample_cnt: 200000]
[data_random_seed: 175]
[is_enable_sparse: 1]
[enable_bundle: 1]
[use_missing: 1]
[zero_as_missing: 0]
[feature_pre_filter: 1]
[pre_partition: 0]
[two_round: 0]
[header: 0]
[label_column: ]
[weight_column: ]
[group_column: ]
[ignore_column: ]
[categorical_feature: ]
[forcedbins_filename: ]
[precise_float_parser: 0]
[parser_config_file: ]
[objective_seed: 16083]
[num_class: 1]
[is_unbalance: 0]
[scale_pos_weight: 1]
[sigmoid: 1]
[boost_from_average: 1]
[reg_sqrt: 0]
[alpha: 0.9]
[fair_c: 1]
[poisson_max_delta_step: 0.7]
[tweedie_variance_power: 1.5]
[lambdarank_truncation_level: 30]
[lambdarank_norm: 1]
[label_gain: ]
[lambdarank_position_bias_regularization: 0]
[eval_at: ]
[multi_error_top_k: 1]
[auc_mu_weights: ]
[num_machines: 1]
[local_listen_port: 12400]
[time_out: 120]
[machine_list_filename: ]
[machines: ]
[gpu_platform_id: -1]
[gpu_device_id: -1]
[gpu_use_dp: 0]
[num_gpu: 1]

end of parameters

pandas_categorical:null
