tree
version=v4
num_class=1
num_tree_per_iteration=1
label_index=0
max_feature_idx=33
objective=binary sigmoid:1
feature_names=Column_0 Column_1 Column_2 Column_3 Column_4 Column_5 Column_6 Column_7 Column_8 Column_9 Column_10 Column_11 Column_12 Column_13 Column_14 Column_15 Column_16 Column_17 Column_18 Column_19 Column_20 Column_21 Column_22 Column_23 Column_24 Column_25 Column_26 Column_27 Column_28 Column_29 Column_30 Column_31 Column_32 Column_33
feature_infos=[0.22403052449226379:4.806818962097168] [0.027025075629353523:26.170040130615234] [0.17134076356887817:8.6935958862304688] [0.087584272027015686:1] [-28.67047119140625:41.262332916259766] [-36.190670013427734:42.326030731201172] [-36.841156005859375:62.500308990478516] [-45.158794403076172:63.120437622070312] [-22.455821990966797:30.680826187133789] [0:0.95389312505722046] [0:0.64536702632904053] [0:0.40022626519203186] [-0.51016271114349365:0.5480339527130127] [-0.15599349141120911:0.22172828018665314] [-46.22015380859375:17.161741256713867] [-8.3726015090942383:64.2962646484375] [0:1] [0:95] [0:95] [-1:1] [-29.775985717773438:44.984848022460938] [-30.525325775146484:55.0223388671875] [-2.8409864902496338:15.253066062927246] [0.049656935036182404:5.4310722351074219] [-1:1] [0:1] [0:1] [-1:1] [-1:1] [-0.78183150291442871:0.97492790222167969] [-0.90096884965896606:1] [0:1] [0:1] [0.8888888955116272:4.5999999046325684]
tree_sizes=1721 1799 1770 1816 1793 1773 1765 1803 1808 1810 1809 1791 1810 1772 1802 1817 1788 1790 1790 1811 1768 1765 1779 1806 1819 1786 1801 1786 1806 1797 1798 1806 1817 1790 1810 1790 1811 1780 1777 1792 1802 1807 1808 1783 1796 1790 1782 1793 1809 1813 1798 1790 1777 1803 1801 1784 1813 1806 1781 1789 1805 1799 1801 1786 1803 1775 1800 1785 1777 1811 1802 1782 1808 1786 1805 1728 1822 1803 1812 1785 1786 1810 1798 1809 1747 1804 1800 1782 1793 1785 1773 1744 1786 1813 1783 1809 1789 1783 1757 1813 1783 1792 1755 1807 1802 1773 1753 1765 1781 1789 1788 1763 1796 1766 1790 1763 1804 1812 1770 1782 1798 1810 1814 1801 1807 1756 1796 1771 1808 1794 1790 1806 1800 1796 1791 1797 1800 1804 1781 1810 1810 1773 1743 1799 1797 1791 1784 1788 1787 1806 1760 1794 1813 1795 1808 1794 1775 1822 1760 1802 1803 1790 1771 1754 1785 1788 1760 1767 1788 1788 1812 1766 1805 1813 1813 1804 1799 1806 1778 1781 1796 1770 1776 1775 1796 1750 1750 1793 1763 1789 1774 1799 1801 1806 1802 1774 1782 1770 1804 1792 1802 1785 1810 1782 1766 1804 1805 1769 1782 1773 1809 1812 1815 1809 1811 1770 1787 1773 1807 1800 1803 1789 1801 1775 1795 1799 1775 1765 1782 1795 1757 1801 1803 1788 1754 1813 1799 1789 1782 1804 1806 1814 1803 1790 1797 1784 1803 1786 1780 1797 1808 1797 1803

Tree=0
num_leaves=15
num_cat=0
split_feature=28 27 30 30 27 2 20 16 16 16 2 14 15 15
split_gain=76.9052 96.9299 75.0576 57.8613 48.5503 43.0961 38.6125 37.2562 72.3628 39.4463 37.1543 29.5659 24.5114 39.4721
threshold=-0.20576497167348859 -0.47136868536472315 1.0000000180025095e-35 1.0000000180025095e-35 -0.88186877965927113 1.4483218789100649 -1.880617022514343 0.54855340719223034 0.85770887136459362 0.15164598077535632 1.1092274188995364 -7.0959863662719718 8.815279960632326 11.264681339263918
decision_type=2 2 2 2 2 2 2 2 2 2 2 2 2 2
left_child=-1 3 5 4 -2 7 -7 9 11 -3 -4 -9 -13 -14
right_child=1 2 10 -5 -6 6 -8 8 -10 -11 -12 12 13 -15
leaf_value=-1.0994092862033757 -1.0999559291824863 -1.0987886984577662 -1.097606092699986 -1.105179309810461 -1.1042436019083077 -1.0927881261099279 -1.1004288074481698 -1.1033890024716166 -1.1045230892976425 -1.1046379022201367 -1.1008009675268642 -1.1020799314833036 -1.0930389488499483 -1.0992215435440573
leaf_weight=4770.8787559270859 714.24112893454731 126.82931834086776 1151.7449354305863 759.01559267938137 411.76415877789259 93.269080398604274 173.72592689283192 116.08559668809175 347.39293564483523 677.64406308531761 515.06981518678367 109.7776987478137 160.53374969027936 348.92848382145166
leaf_count=64102 9694 2345 15633 10005 5535 1269 2420 1693 3976 9559 6702 1390 1748 4660
internal_value=-1.10036 -1.10115 -1.10023 -1.10302 -1.1015 -1.10146 -1.09777 -1.10202 -1.10074 -1.10366 -1.09862 -1.09899 -1.09807 -1.09712
internal_weight=0 5706.02 3821 1885.02 1126.01 2154.19 266.995 1887.19 1082.72 804.473 1666.81 735.326 619.24 509.462
internal_count=140731 76629 51395 25234 15229 29060 3689 25371 13467 11904 22335 9491 7798 6408
is_linear=0
shrinkage=1


Tree=1
num_leaves=15
num_cat=0
split_feature=27 30 30 1 2 23 2 15 7 22 15 13 14 15
split_gain=51.6808 76.1256 62.5656 43.0801 38.0309 36.5709 26.8276 31.1581 29.9853 31.9205 32.1991 24.2291 31.3478 28.2288
threshold=-0.71473535895347584 1.0000000180025095e-35 1.0000000180025095e-35 1.4397475719451907 1.5300037264823916 1.4001548290252688 1.1583415269851687 3.8308119773864751 -0.60535848140716542 -0.88924953341484059 6.5552208423614511 0.015518832486122848 -20.763735771179196 16.891859054565433
decision_type=2 2 2 2 2 2 2 2 2 2 2 2 2 2
left_child=1 4 3 11 -1 -3 7 -4 9 -9 -11 12 -2 -13
right_child=2 5 6 -5 -6 -7 -8 8 -10 10 -12 13 -14 -15
leaf_value=0.0018110076405035986 0.0018839352377905026 -0.0044876167504678518 0.0050495949164869464 0.0018408703958364967 -0.0012861042847239594 -0.00023086928300298414 0.00019055982594049065 -0.0051139013006270594 0.0026435377947982073 -0.0015673320558057164 0.0029329292171711534 0.0013649721097754577 -0.0019202939912106689 -0.0012666391926870791
leaf_weight=781.59998409450054 234.15764121338725 738.9285994656384 333.41296226717532 779.70771251805127 817.07428526319563 314.57953660935163 1089.6259626783431 98.592633549124002 1129.706381989643 279.85026610642672 348.88666341640055 901.00033410638571 1868.0991021208465 755.24391777813435
leaf_count=10302 3669 9979 5084 10445 11349 4100 14401 1333 14823 3639 4472 10651 26442 10033
internal_value=0 -0.00116419 0.000466091 -0.000295233 0.000204288 -0.00326551 0.00152999 0.00217489 0.00161849 0 0.000871453 -0.000751957 -0.00147209 0.000140317
internal_weight=0 2652.18 7818.28 4538.21 1598.67 1053.51 3280.07 2190.45 1857.04 727.33 628.737 3758.5 2102.26 1656.24
internal_count=140722 35730 104992 61240 21651 14079 43752 29351 24267 9444 8111 50795 30111 20684
is_linear=0
shrinkage=0.0101079


Tree=2
num_leaves=15
num_cat=0
split_feature=28 3 16 30 16 22 14 28 2 2 29 29 22 13
split_gain=68.4171 61.0355 45.8795 42.6671 52.1251 38.7306 37.5002 31.1674 31.5014 42.7691 30.1933 24.7852 31.1032 22.6383
threshold=-0.20576497167348859 0.52439445257186901 0.15164598077535632 1.0000000180025095e-35 0.54855340719223034 -0.88924953341484059 -2.6550478935241695 0.82531082630157482 0.43248413503170019 0.75712308287620556 0.87837970256805431 1.0000000180025095e-35 -0.047895587980747216 -0.036954514682292931
decision_type=2 2 2 2 2 2 2 2 2 2 2 2 2 2
left_child=-1 2 -2 4 10 -5 7 8 -6 -10 -4 13 -13 -3
right_child=1 11 3 5 6 -7 -8 -9 9 -11 -12 12 -14 -15
leaf_value=0.00086078336189672683 0.0040355925542958923 -0.0038342131147661865 -0.0054460754501960609 -0.002167290481619991 -0.0012642140910746422 0.002508488812793364 -0.0028038103804767008 -0.0014078734511501633 0.0079164291146412991 0 -0.0001304260770063892 -0.0032032439408697204 0 2.4641877422745053e-05
leaf_weight=4781.1930725704879 292.76600228436291 173.18573030643165 353.39036811515689 219.44904655218124 101.71475332602859 781.88180511817336 278.43579950742424 208.6696306746453 180.3387208674103 126.85285837948322 179.9325329400599 1434.4186209514737 411.37045788392425 962.57562304101884
leaf_count=64147 4468 2194 5203 2854 1327 10190 3054 2832 2361 1745 2495 19475 5684 12810
internal_value=0 -0.000777025 0.000304121 -0.000139939 -0.0012732 0.00143498 0.000178248 0.00160531 0.00323782 0.00485164 -0.00375469 -0.00177638 -0.00250376 -0.00055002
internal_weight=0 5704.98 2723.43 2430.67 1429.33 1001.33 896.012 617.576 408.906 307.192 533.323 2981.55 1845.79 1135.76
internal_count=140839 76692 36529 32061 19017 13044 11319 8265 5433 4106 7698 40163 25159 15004
is_linear=0
shrinkage=0.0101079


Tree=3
num_leaves=15
num_cat=0
split_feature=0 27 30 30 27 11 1 23 16 16 16 23 7 27
split_gain=43.835 42.8879 69.9709 49.0671 31.5006 29.7217 29.6998 26.8425 26.5435 47.0337 22.1087 36.4377 33.3114 20.4522
threshold=0.56375598907470714 -0.71473535895347584 1.0000000180025095e-35 1.0000000180025095e-35 0.65106672048568737 0.063744165003299727 1.4527159333229067 1.4001548290252688 0.57703095674514782 0.84801238775253307 0.23408713936805728 0.790483057498932 0.48272775113582617 0.83743050694465648
decision_type=2 2 2 2 2 2 2 2 2 2 2 2 2 2
left_child=4 2 5 6 -1 -2 8 -4 10 13 -3 12 -12 -10
right_child=1 3 7 -5 -6 -7 -8 -9 9 -11 11 -13 -14 -15
leaf_value=-0.002845291328373782 0.0018591043498276168 0.00014625225943306917 -0.0040796693546968294 0.0016202847894474996 0.0013119004671344114 -0.00090683330511762226 0.0016583566198881941 -0.00038235108580567351 0.00062384605096076236 -0.0017148160371648071 -0.0063110159977141905 -0.00047297662822972443 -0.00014175470391079945 0.0037591031010105812
leaf_weight=857.51039122790098 752.05089445225894 472.53686777316034 699.55662252940238 2842.0366635248065 217.57354701496661 805.18442931585014 764.7461629845202 317.87477784790099 742.96526349335909 708.7074424251914 313.79051310755312 508.82566541060805 143.37233924865723 319.30900993011892
leaf_count=11933 10786 7806 9363 37557 3548 10212 10252 4097 9410 8636 4162 7012 1914 3960
internal_value=0 0.000183832 -0.000919651 0.000607139 -0.00196324 0.000405621 -0.00010892 -0.00297548 -0.000545542 0.000263617 -0.00156584 -0.00243953 -0.00449748 0.00162422
internal_weight=0 9390.96 2574.67 6816.29 1075.08 1557.24 3974.25 1017.43 3209.51 1770.98 1438.53 965.989 457.163 1062.27
internal_count=140648 125167 34458 90709 15481 20998 53152 13460 42900 22006 20894 13088 6076 13370
is_linear=0
shrinkage=0.0101079


Tree=4
num_leaves=15
num_cat=0
split_feature=27 30 30 22 0 2 22 3 3 15 14 22 15 3
split_gain=50.1871 67.4989 58.0681 43.6949 35.413 30.4934 29.3355 27.7109 27.055 25.0328 24.8251 23.8617 23.7902 23.1462
threshold=-0.71473535895347584 1.0000000180025095e-35 1.0000000180025095e-35 0.58755826950073253 1.2303146719932558 1.5300037264823916 -0.9897894263267516 0.57808914780616771 0.74151015281677257 3.8308119773864751 -2.7126687765121456 -0.086459599435329423 6.4792370796203622 0.70949918031692516
decision_type=2 2 2 2 2 2 2 2 2 2 2 2 2 2
left_child=1 5 3 -2 -3 -1 12 9 -9 -8 -11 -12 -4 -7
right_child=2 4 6 -5 -6 13 7 8 -10 10 11 -13 -14 -15
leaf_value=0.0015165040966766603 -0.00080067782626777996 -0.0045434245951778982 0.0022413360917638687 0.00175372450401388 -0.000492777086632241 0.0019008768177658088 0.0052851578867897106 -0.0010360892952275694 0.0022343907317843286 0.001350839099677568 0.0076030926064588663 0.00081118711999425834 -0.0034003414646038843 -0.0021524555239719177
leaf_weight=785.35513844154775 3719.3164904303849 683.0365786254406 102.57914342172444 824.4363673068583 361.99201851896942 167.87871358729899 285.7562375664711 576.92249733768404 446.82664921507239 1394.1662882976234 139.27204955928028 108.686797356233 210.01976745203137 646.90063098818064
leaf_count=10320 50144 9134 1545 11086 4916 2007 4350 7109 6093 18736 1730 1294 2647 9279
internal_value=0 -0.00120356 0.00040545 -0.000326135 -0.00319252 7.92035e-05 0.00143457 0.00175273 0.000358053 0.00246807 0.00193112 0.0048976 -0.00141327 -0.00125816
internal_weight=0 2645.16 7807.98 4543.75 1045.03 1600.13 3264.23 2951.63 1023.75 1927.88 1642.13 247.959 312.599 814.779
internal_count=140390 35656 104734 61230 14050 21606 43504 39312 13202 26110 21760 3024 4192 11286
is_linear=0
shrinkage=0.0101079


Tree=5
num_leaves=15
num_cat=0
split_feature=28 27 29 30 2 14 21 29 27 14 14 13 29 14
split_gain=75.2309 88.8995 102.005 60.5556 63.0855 45.8332 48.3023 27.6128 35.1906 24.1445 19.8215 56.4076 36.5329 26.6424
threshold=-0.22706275433301923 -0.11969653144478797 -1.0000000180025095e-35 1.0000000180025095e-35 1.4274961948394778 -14.31279134750366 4.1470806598663339 0.87837970256805431 -0.88186877965927113 -7.0959863662719718 -6.977825164794921 -0.0029828654369339343 0.87837970256805431 -2.6550478935241695
decision_type=2 2 2 2 2 2 2 2 2 2 2 2 2 2
left_child=-1 2 5 4 10 -2 -7 9 -9 -4 12 -12 -3 -13
right_child=1 3 7 -5 -6 6 -8 8 -10 -11 11 13 -14 -15
leaf_value=0.00090151012581975957 -0.0032825014406925651 -0.004323080881794136 -0.0054512915073098057 0.0018637722561878776 0.0039887178238491097 0.0071861214970019233 0 0.0014469097410917159 -0.0038638729973946837 -0.0026307127604360027 0.0060940257886402463 0 4.8223003458015249e-05 -0.0036751755648922642
leaf_weight=4716.8942585848272 119.86269522085786 515.40938775613904 699.71971999295056 1380.6866937559098 227.22499370574951 182.85229633376002 174.73387265577912 245.77375621534884 237.39112203940749 752.52803089469671 106.65335109643638 509.41016419418156 282.69634465873241 324.40881919674575
leaf_count=63163 1619 7745 10439 18370 3078 2473 2333 3360 3222 9101 1569 6383 4283 3512
internal_value=0 -0.000818483 -0.00229575 0.000237372 -0.000887203 0.00181203 0.00366351 -0.00333308 -0.00109941 -0.00403886 -0.00156231 -0.000507291 -0.00273867 -0.00144741
internal_weight=0 5759.35 2412.86 3346.49 1965.8 477.449 357.586 1935.41 483.165 1452.25 1738.58 940.472 798.106 833.819
internal_count=140650 77487 32547 44940 26570 6425 4806 26122 6582 19540 23492 11464 12028 9895
is_linear=0
shrinkage=0.0101079


Tree=6
num_leaves=15
num_cat=0
split_feature=28 3 16 30 16 14 28 29 23 29 13 16 13 20
split_gain=84.5042 56.0332 41.2002 31.0726 52.5614 44.6488 37.5625 32.975 26.9608 25.8085 22.6656 28.7661 21.8135 20.269
threshold=-0.22706275433301923 0.51129209995269786 0.15164598077535632 1.0000000180025095e-35 0.54855340719223034 -2.6550478935241695 0.8491516411304475 0.87837970256805431 0.41783098876476293 1.0000000180025095e-35 0.06791927665472032 0.83501923084259044 -0.018453878350555893 1.3167127966880801
decision_type=2 2 2 2 2 2 2 2 2 2 2 2 2 2
left_child=-1 2 -2 4 7 6 13 -4 -5 -3 11 -10 -11 -6
right_child=1 9 3 8 5 -7 -8 -9 10 12 -12 -13 -14 -15
leaf_value=0.0010297852469463961 0.0038729015409637601 -0.00049126421483858609 -0.0054475031418593292 -0.0029800225271944649 0.0048387721794287651 -0.0029646877121076447 -0.0016669059992890504 0 0.0016290618895124067 -0.0043878436956921764 -0.0021134083734250645 0.007521033851388104 -0.0017666088151333298 0
leaf_weight=4698.1497127749026 282.61602330394089 1186.933146474883 343.45869337208569 122.11112648621202 317.34148575551808 268.96918251924217 186.53757953830063 180.59069320373237 640.23455548845232 467.64085400849581 109.05951211042702 99.433190569281578 1466.6773747447878 100.43921440653503
leaf_count=62926 4313 15702 5068 1453 4181 2976 2516 2514 8414 6766 1564 1214 19617 1394
internal_value=0 -0.000794442 0.000272976 -0.000150652 -0.00112837 0.00035214 0.00191313 -0.00364133 0.00121302 -0.00171237 0.00188477 0.00254404 -0.00243593 0.00360803
internal_weight=0 5772.04 2650.79 2368.18 1397.34 873.287 604.318 524.049 970.838 3121.25 848.727 739.668 1934.32 417.781
internal_count=140618 77692 35607 31294 18649 11067 8091 7582 12645 42085 11192 9628 26383 5575
is_linear=0
shrinkage=0.0101079


Tree=7
num_leaves=15
num_cat=0
split_feature=0 2 27 30 30 2 30 27 0 7 16 13 13 20
split_gain=44.628 46.8136 37.8867 63.0264 43.5475 33.4548 31.598 30.349 29.0353 26.6306 24.5118 21.4778 21.9955 20.9537
threshold=0.58963531255722057 0.59027108550071727 -0.71473535895347584 1.0000000180025095e-35 -0.56174489110708226 1.5300037264823916 1.0000000180025095e-35 0.58244305849075328 1.2303146719932558 9.1627221107482928 0.87064072489738475 -0.075653232634067522 -0.058185430243611329 -2.447227835655212
decision_type=2 2 2 2 2 2 2 2 2 2 2 2 2 2
left_child=1 6 3 5 -4 9 -1 -3 -5 -2 -7 -6 -13 -14
right_child=2 7 4 8 11 10 -8 -9 -10 -11 -12 12 13 -15
leaf_value=-0.00092605309510240829 0.0030966140406479066 -0.0038121602891650224 -0.00036344419144829622 -0.0040909673960384347 0.0049641629882556191 -0.0019965287935583107 0.0048831632916036755 0.00088002198551164954 -0.00036062168961663245 -0.0011964270796752739 0.0019903106827486028 -0.0024848342593585975 0.0028372578004031909 0.00090150297210511948
leaf_weight=246.82227233052254 565.82150315865874 765.76396954618394 2567.144416179508 626.71969089284539 157.01669785007834 594.46133227832615 139.38363509625196 152.8799968585372 361.45944231748581 178.31465102732182 197.66830422542989 149.9175320211798 743.82298741675913 3035.2556301634759
leaf_count=3466 7848 10706 33984 8262 2293 8397 1913 2694 4893 1882 2569 2403 9986 39372
internal_value=0 -0.00174044 0.000252134 -0.000793383 0.000655375 0.000465905 0.00112169 -0.00298675 -0.00278036 0.00201231 -0.000941513 0.00130485 0.00113898 0.00129816
internal_weight=0 1304.85 9177.6 2524.44 6653.16 1536.27 386.206 918.644 988.179 744.136 792.13 4086.01 3929 3779.08
internal_count=140668 18779 121889 33851 88038 20696 5379 13400 13155 9730 10966 54054 51761 49358
is_linear=0
shrinkage=0.0101079


Tree=8
num_leaves=15
num_cat=0
split_feature=28 32 29 16 29 29 28 33 11 0 0 2 20 21
split_gain=73.4408 49.7311 54.404 34.0502 49.0219 33.5271 24.3719 23.985 25.5993 26.5271 23.5192 20.8291 20.3994 19.9231
threshold=-0.20576497167348859 1.0000000180025095e-35 -1.0000000180025095e-35 0.16900514811277392 -0.60785761475563038 0.87837970256805431 0.47136868536472326 1.0545857548713686 0.029806329868733886 0.85281080007553112 0.53401675820350658 1.3865977525711062 -5.1974515914916983 2.8191126585006718
decision_type=2 2 2 2 2 2 2 8 2 2 2 2 2 2
left_child=7 3 11 12 -5 13 -7 8 -1 -10 -6 -3 -2 -4
right_child=1 2 5 4 10 6 -8 -9 9 -11 -12 -13 -14 -15
leaf_value=0.0019201012965727859 -0.0017010030688116076 0.0043606046739519252 -0.0053618706066732762 0.0055609169083501624 -0.0024481378143985516 0.0013159886847310433 -0.0044800921483052524 0.0017494286406812365 -0.0028952572589533063 0.00019777534979087831 -0.00033628556375470435 -0.00058858388758716127 0.0033177190883493324 -0.0021478647349123304
leaf_weight=717.03497838973999 87.59100478515029 129.19875433854759 590.44081263616681 120.64827267825603 686.54860957711935 238.9962248429656 96.663852348923683 1974.7860225830227 326.18541499972343 1766.8720941022038 2730.535291435197 203.85170140489936 392.01487367972732 397.74402446113527
leaf_count=5532 1167 1726 8453 1599 9712 3261 1324 42806 2567 13196 35308 2801 6289 4893
internal_value=0 -0.000804656 -0.00227601 -0.000184587 -0.000537857 -0.00319996 -0.0002977 0.000893999 0.000275364 -0.000273737 -0.000776927 0.00126714 0.00230574 -0.00413528
internal_weight=0 5674.23 1656.9 4017.34 3537.73 1323.84 335.66 4784.88 2810.09 2093.06 3417.08 333.05 479.606 988.185
internal_count=140634 76533 22458 54075 46619 17931 4585 64101 21295 15763 45020 4527 7456 13346
is_linear=0
shrinkage=0.0101079


Tree=9
num_leaves=15
num_cat=0
split_feature=28 27 30 2 12 16 16 33 2 20 33 30 27 27
split_gain=70.2614 89.7081 68.053 50.1232 32.5108 30.3496 60.8308 44.014 39.5115 27.9985 33.555 18.4751 54.553 44.7268
threshold=-0.18436925113201139 -0.20576497167348859 1.0000000180025095e-35 1.4274961948394778 0.074936456978321089 0.54855340719223034 0.85770887136459362 1.0013927817344668 0.50400614738464367 -1.0087705254554746 0.9590476155281068 1.0000000180025095e-35 -0.87137606739997853 -0.50938662886619557
decision_type=2 2 2 2 2 2 2 8 2 2 10 2 2 2
left_child=-1 11 3 5 -5 7 9 -3 -9 -7 -11 12 -2 -13
right_child=1 2 -4 4 -6 6 -8 8 -10 10 -12 13 -14 -15
leaf_value=0.00085353713211239884 0.00023518432980605447 -0.005499593775261569 0.0018726275813785028 0.0067453882459967609 -0.00033640261479763974 -0.0025323586245664955 -0.0039682156975767149 0.0052530875055094468 -0.0023905697895793151 -0.0004832063623160016 0.0044546370582567336 -0.0047650013732701783 -0.0039893207293816534 0.00021763786398003166
leaf_weight=4865.7589772883803 717.08097129128873 385.32281335443258 1448.0587668530643 121.70789356157184 113.55352965928614 139.14978289045393 326.49489235691726 82.308774119243026 278.26500946097076 222.65883881784976 315.55686478316784 705.75273833796382 523.00613144785166 226.68334065750241
leaf_count=65044 9712 3054 19289 1621 1601 1890 3771 1839 6228 4499 2392 9495 7074 3114
internal_value=0 -0.000805034 0.000201961 -0.00099896 0.00325733 -0.00160594 -0.000405025 -0.00314796 -0.000463029 0.00127841 0.00235947 -0.00241003 -0.00152754 -0.00351867
internal_weight=0 5605.6 3433.08 1985.02 235.261 1749.76 1003.86 745.897 360.574 677.365 538.216 2172.52 1240.09 932.436
internal_count=140623 75579 46184 26895 3222 23673 12552 11121 8067 8781 6891 29395 16786 12609
is_linear=0
shrinkage=0.0101079


Tree=10
num_leaves=15
num_cat=0
split_feature=13 0 2 13 0 3 15 5 23 3 30 16 33 15
split_gain=34.2564 40.3826 33.2797 30.4755 40.1215 30.7796 29.453 24.8012 20.2186 24.9328 34.7813 24.7836 25.7659 24.6949
threshold=-0.088710099458694444 0.53915467858314525 0.60329845547676098 -0.034374777227640145 0.70831051468849193 0.67606309056282055 4.2100682258605966 1.0306692123413088 2.1933538913726811 0.57336914539337169 1.0000000180025095e-35 0.56906697154045116 0.99472221732139599 15.095588684082033
decision_type=2 2 2 2 2 2 2 2 2 2 2 2 10 2
left_child=6 2 -2 4 -3 7 -1 -6 9 10 11 12 -5 -13
right_child=1 3 -4 8 5 -7 -8 -9 -10 -11 -12 13 -14 -15
leaf_value=0.005924721794982918 0.00051920057742570452 -0.0045148822554621042 -0.003604597698246097 0.00039451357476343919 0.0020372719294471501 -0.0032998244550053561 -0.00041991375906047019 -0.0015290725807774526 0.0027221249791605875 -0.00035125072112854289 0.0020016490987577878 0.002080375463693216 -0.0034092000296876909 -0.00035908197581970306
leaf_weight=174.69884983822703 280.0527587197721 300.06622070819139 566.00546181574464 321.97536605969071 499.17914527468383 262.55792806483805 106.14585549943149 310.35016773827374 343.08251190930605 3786.045745363459 1493.2288069780916 734.83701564371586 362.51686932146549 933.28378843516111
leaf_count=2385 3960 4299 8214 6872 7562 3565 1484 4201 4428 50075 20092 8655 2806 12015
internal_value=0 -9.32917e-05 -0.00219971 9.46812e-05 -0.00128644 -0.000319793 0.0034387 0.000618967 0.000338389 0.000223317 0.000799037 1.4563e-05 -0.00157685 0.000695956
internal_weight=0 10193.2 846.058 9347.12 1372.15 1072.09 280.845 809.529 7974.97 7631.89 3845.84 2352.61 684.492 1668.12
internal_count=140613 136744 12174 124570 19627 15328 3869 11763 104943 100515 50440 30348 9678 20670
is_linear=0
shrinkage=0.0101079


Tree=11
num_leaves=15
num_cat=0
split_feature=28 27 29 30 2 21 13 12 16 16 29 33 33 29
split_gain=64.2877 84.3805 76.1747 52.0966 53.442 33.5528 33.6835 25.0632 24.9222 60.5524 43.1841 33.467 27.8501 21.8464
threshold=-0.18436925113201139 -0.16288578510284421 -1.0000000180025095e-35 1.0000000180025095e-35 1.4483218789100649 -6.4151203632354727 0.011375580448657276 0.074936456978321089 0.57703095674514782 0.84801238775253307 0.87837970256805431 0.9590476155281068 0.94700106978416454 0.87837970256805431
decision_type=2 2 2 2 2 2 2 2 2 2 2 10 10 2
left_child=-1 2 5 4 8 -2 -7 -6 10 11 12 -10 -3 -4
right_child=1 3 13 -5 7 6 -8 -9 9 -11 -12 -13 -14 -15
leaf_value=0.00081808436892180582 -0.0031154748968236961 -0.0016551092313089231 -0.0038663418347538959 0.0017308717039101048 0.0068195983632914278 0.0072230139887846179 0.00041472163994913893 0 -0.0011035527533507098 -0.0036492888577354093 0.00019673577767455241 0.0035896502115444345 -0.0068199820791847278 -0.0011357568094080021
leaf_weight=4871.2796591166407 112.22877490147948 227.53417238034308 1351.113315237686 1400.1070868559182 115.78490847162902 117.25125093199313 220.6741836052388 108.31252971105278 248.69070075266063 344.94374796934426 290.18419810757041 355.03887057304382 264.34365668147802 453.80679978430271
leaf_count=65076 1459 5272 18286 18596 1507 1635 2969 1524 5146 4034 4238 2685 2101 6182
internal_value=0 -0.000767653 -0.00227787 0.000238288 -0.00081268 0.00136154 0.00300158 0.00370391 -0.00143448 -0.000279885 -0.00276754 0.00160052 -0.00457367 -0.00320981
internal_weight=0 5610.01 2255.07 3354.94 1954.83 450.154 337.925 224.097 1730.74 948.673 782.062 603.73 491.878 1804.92
internal_count=140710 75634 30531 45103 26507 6063 4604 3031 23476 11865 11611 7831 7373 24468
is_linear=0
shrinkage=0.0101079


Tree=12
num_leaves=15
num_cat=0
split_feature=28 27 29 30 2 2 6 16 16 29 20 33 11 16
split_gain=72.2325 76.8723 76.0471 59.1245 51.809 23.0282 24.8819 22.9345 57.4029 46.8652 25.9358 21.2448 26.456 27.1516
threshold=-0.18436925113201139 -0.20576497167348859 -1.0000000180025095e-35 1.0000000180025095e-35 1.4274961948394778 1.3770981431007387 5.7796649932861337 0.86105030775070202 0.57703095674514782 0.87837970256805431 -1.0087705254554746 1.0545857548713686 0.033476747572422035 0.14323240518569949
decision_type=2 2 2 2 2 2 2 2 2 2 2 8 2 2
left_child=11 2 5 4 7 -2 -7 8 9 -3 -10 12 -1 -14
right_child=1 3 -4 -5 -6 6 -8 -9 10 -11 -12 -13 13 -15
leaf_value=0.0018393265554068428 0.0040549319845958141 -0.0046768699518245846 -0.0032268244901729288 0.0016922806262105268 0.0033612581195203682 -0.0031627088850811912 0.0031416561653484663 -0.0040427382847136048 -0.0026060860306909269 0.00027065772194460609 0.0022741267120970242 0.0016856645374386801 0.0027837208230575101 -0.00075006771641453575
leaf_weight=818.49366868287325 186.82330506294966 500.6590220965445 1738.5743362922221 1453.464785868302 233.94106824509799 147.70028368569911 98.124831546097994 322.61522152461112 128.19756464287639 292.60114345885813 508.95461579598486 2018.4597297292203 243.51455689966679 1780.5638360232115
leaf_count=6287 2443 7484 23604 19282 3218 1955 1415 3724 1734 4286 6473 43606 1883 13332
internal_value=0 -0.000791897 -0.00227859 0.000137561 -0.000981534 0.00142974 -0.000467615 -0.00159614 -0.000997642 -0.00281618 0.00121017 0.000890014 0.000307827 -0.000296128
internal_weight=0 5611.66 2171.22 3440.43 1986.97 432.648 245.825 1753.03 1430.41 793.26 637.152 4861.03 2842.57 2024.08
internal_count=140726 75618 29417 46201 26919 5813 3370 23701 19977 11770 8207 65108 21502 15215
is_linear=0
shrinkage=0.0101079


Tree=13
num_leaves=15
num_cat=0
split_feature=28 27 29 30 14 13 14 16 16 33 33 23 29 16
split_gain=76.9291 88.0056 64.7859 63.5955 39.2098 41.3855 32.6975 54.3499 42.0323 35.4202 28.1235 24.7653 43.5215 28.2053
threshold=-0.20576497167348859 -0.20576497167348859 -1.0000000180025095e-35 1.0000000180025095e-35 -14.168003082275389 0.011375580448657276 -17.832485198974606 0.54855340719223034 0.85134470462799083 0.99472221732139599 1.0013927817344668 0.88414582610130321 0.87837970256805431 0.73563677072525036
decision_type=2 2 2 2 2 2 2 2 2 10 8 2 2 2
left_child=-1 2 4 6 -2 -6 -3 10 9 -9 -8 -4 13 -13
right_child=1 3 11 -5 5 -7 7 8 -10 -11 -12 12 -14 -15
leaf_value=0.00096241429259103775 -0.0036882528997526759 0.0026849355330405781 -0.0041922802486004515 0.0018172868411725043 0.0075979351737790789 0 -0.0057020929522050151 -0.0011246714639929507 -0.0026027146788133982 0.003263054748440799 -0.0012409398479354681 -0.0052035704111728746 0.0020092923213495743 0
leaf_weight=4791.8716221153736 116.85542167536914 212.60766516253352 1082.9308998286724 1472.1168818417937 113.93986590765417 210.52723863534629 345.34480115771294 308.23109240084887 419.17387785390019 426.69443482905626 300.47793059982359 294.38802572712302 215.36805800907314 174.83331605419517
leaf_count=64026 1586 3421 14720 19527 1553 2811 2776 6293 5007 3215 6524 4183 3079 2148
internal_value=0 -0.000774162 -0.00235041 0.000216346 0.0010311 0.00289841 -0.000937098 -0.00139687 -4.20626e-05 0.00137564 -0.00372719 -0.00321834 -0.00158996 -0.00333263
internal_weight=0 5693.49 2208.84 3484.65 441.323 324.467 2012.53 1799.92 1154.1 734.926 645.823 1767.52 684.589 469.221
internal_count=140869 76843 30080 46763 5950 4364 27236 23815 14515 9508 9300 24130 9410 6331
is_linear=0
shrinkage=0.0101079


Tree=14
num_leaves=15
num_cat=0
split_feature=28 27 29 30 14 13 14 16 16 29 23 14 13 13
split_gain=67.954 77.4324 73.0692 54.9914 34.2127 37.9648 32.3006 57.55 46.3586 21.0987 19.8174 19.3889 30.9432 20.4124
threshold=-0.20576497167348859 -0.20576497167348859 -1.0000000180025095e-35 1.0000000180025095e-35 -14.31279134750366 0.010548414196819069 -17.832485198974606 0.54855340719223034 0.85134470462799083 0.87837970256805431 0.39771479368209844 -7.4188742637634268 -0.002514953375793993 0.015911458060145382
decision_type=2 2 2 2 2 2 2 2 2 2 2 2 2 2
left_child=-1 2 4 6 -2 -6 -3 9 11 -8 -5 -9 -13 -14
right_child=1 3 -4 10 5 -7 7 8 -10 -11 -12 12 13 -15
leaf_value=0.00092935491369870889 -0.0031300906215344718 0.002779459372615479 -0.0031217397583325301 -0.0018694792361895033 0.0076252817437524878 0.00032201402994806017 -0.0050995864833369145 -0.00223421582427576 -0.002583746935540194 -0.0010388489309839564 0.0020948881019493032 0.0072901664200129539 -0.0017815753402326171 0.00244827891209387
leaf_weight=4807.2555250804871 110.35429562814534 209.89887327887118 1747.9143841005862 125.77123406343162 114.32021715305746 213.41892553307116 408.9945632442832 99.254019249230623 420.55861702747643 238.59455949999392 1338.3544601239264 100.74209227412939 149.67383543774486 378.40355406329036
leaf_count=64224 1513 3392 23990 1468 1540 2859 6021 1412 5013 3335 18016 1465 1877 4648
internal_value=0 -0.00070354 -0.00219182 0.000225079 0.00141745 0.00310582 -0.000847424 -0.00130366 2.49056e-05 -0.00369481 0.0017189 0.00159797 0.00228602 0.0011655
internal_weight=0 5656.25 2186.01 3470.25 438.093 327.739 2006.12 1796.22 1148.63 647.589 1464.13 728.074 628.819 528.077
internal_count=140773 76549 29902 46647 5912 4399 27163 23771 14415 9356 19484 9402 7990 6525
is_linear=0
shrinkage=0.0101079


Tree=15
num_leaves=15
num_cat=0
split_feature=0 27 30 30 27 27 11 33 14 15 14 27 23 0
split_gain=38.6003 36.2903 58.9724 40.0374 35.9733 27.3591 38.6358 26.5179 24.3192 24.2319 34.4423 23.6228 22.5335 22.1323
threshold=0.58963531255722057 -0.69930991530418385 1.0000000180025095e-35 1.0000000180025095e-35 -0.49049438536167139 0.35222910344600683 0.083716694265604033 1.997500002384186 -10.27478504180908 3.8308119773864751 -7.0959863662719718 -0.86046862602233876 0.83647260069847118 0.83758831024169933
decision_type=2 2 2 2 2 2 2 8 2 2 2 2 2 2
left_child=4 2 -2 5 -1 13 8 11 -7 -6 -11 -4 -8 -3
right_child=1 3 7 -5 9 6 12 -9 -10 10 -12 -13 -14 -15
leaf_value=-0.0054719515342727095 0.00048528689078993002 -0.00069095484160948135 -0.0052878026262176119 0.0016154338960243191 0.0028959001334590341 -0.0037412073654198097 0.0030796277086020422 -0.00051006082555413634 -0.00079052408191519329 -0.0034561246759144465 0.00029801714803297735 -0.00055353297559276122 -0.00026795785907894219 0.0018980900271591693
leaf_weight=198.79670618847013 1559.9129068423063 463.78887984529138 419.7723054587841 2766.9297234434634 143.68487403914332 408.033347139135 332.71499313414097 405.03640487976372 1105.2537132538855 442.0846983473748 519.28645464219153 173.44017472118139 467.24505662359297 1044.5142075046897
leaf_count=2765 21013 6292 3233 36205 2428 6265 4627 8942 13963 6671 6961 1311 5859 13842
internal_value=0 0.00029139 -0.000721234 0.000691089 -0.00156168 9.37109e-06 -0.000669771 -0.00263624 -0.00162754 -0.000789125 -0.00140015 -0.00399564 0.00109015 0.0010758
internal_weight=0 9146.64 2558.16 6588.48 1303.85 3821.55 2313.25 998.249 1513.29 1105.06 961.371 593.212 799.96 1508.3
internal_count=140377 121552 34499 87053 18825 50848 30714 13486 20228 16060 13632 4544 10486 20134
is_linear=0
shrinkage=0.0101079


Tree=16
num_leaves=15
num_cat=0
split_feature=28 27 29 30 2 14 21 12 16 14 16 13 33 23
split_gain=60.2125 82.0114 78.4237 51.4461 57.6679 39.6895 48.217 25.5532 22.9356 57.9395 32.3398 25.7028 24.6771 22.2782
threshold=-0.22706275433301923 -0.11969653144478797 -1.0000000180025095e-35 1.0000000180025095e-35 1.4274961948394778 -14.31279134750366 3.9873293638229375 0.077615689486265196 0.85424211621284496 -6.977825164794921 0.13875012099742892 -0.0029828654369339343 0.94700106978416454 0.40805928409099584
decision_type=2 2 2 2 2 2 2 2 2 2 2 2 10 2
left_child=-1 2 5 4 8 -2 -7 -6 9 10 -3 -11 -12 -5
right_child=1 3 -4 13 7 6 -8 -9 -10 11 12 -13 -14 -15
leaf_value=0.00085007951689275061 -0.0033043039827458658 0.002173974554151495 -0.003043106921990548 -0.0024669758592472456 0.0069292907497015442 0.0067100506278776825 -0.00039502483332866199 0 -0.0037774979031468901 0.0059108558918050357 -0.0011901748676261918 0.00045328354123911957 -0.0052629775127924581 0.0021816202298642283
leaf_weight=4731.8316067717969 118.83664800226688 110.1416390966624 1907.5991100054234 100.31794619746506 122.33967262506485 183.57987187802792 177.26605828851461 108.18777170404792 329.12595101632178 105.7618303578347 324.03531443700194 502.63160533085465 356.97566977143288 1294.747306285426
leaf_count=63043 1623 2066 26027 1117 1588 2452 2354 1524 3864 1560 7116 6100 2841 17308
internal_value=0 -0.000688717 -0.00211976 0.000320232 -0.000720653 0.00145925 0.00317388 0.00390402 -0.00137515 -0.000763997 -0.00257595 0.00152924 -0.00341856 0.00180687
internal_weight=0 5741.55 2387.28 3354.26 1959.2 479.683 360.846 230.527 1728.67 1399.55 791.153 608.393 681.011 1395.07
internal_count=140583 77540 32456 45084 26659 6429 4806 3112 23547 19683 12023 7660 9957 18425
is_linear=0
shrinkage=0.0101079


Tree=17
num_leaves=15
num_cat=0
split_feature=28 27 30 2 16 16 30 33 14 23 33 33 11 0
split_gain=55.0869 76.4542 56.4754 47.9797 26.7144 58.6186 38.6885 27.7715 25.6936 25.5392 25.3858 23.7501 20.1795 23.2131
threshold=-0.22706275433301923 -0.20576497167348859 1.0000000180025095e-35 1.4483218789100649 0.54855340719223034 0.85770887136459362 -0.56174489110708226 0.9590476155281068 -11.314413547515867 0.40805928409099584 1.0545857548713686 0.9590476155281068 0.029806329868733886 0.83758831024169933
decision_type=2 2 2 2 2 2 2 10 2 2 8 10 2 2
left_child=10 8 3 4 6 7 11 -6 -2 -4 12 -3 -1 -14
right_child=1 2 9 -5 5 -7 -8 -9 -10 -11 -12 -13 13 -15
leaf_value=0.0016262365352769175 -0.003785670829678899 -0.0018481872692193873 -0.0021817582119745323 0.0033151923214147596 -0.001032465785594203 -0.0038251093836133708 0 0.0029537161743522357 -0.0013637513881724133 0.0021652998865749314 0.0016715302101988302 -0.006770977884877679 -0.0029866717499491091 7.0838298690935932e-05
leaf_weight=705.73475850373507 694.7914404887706 221.52723428979516 138.31989798136055 235.60517114214599 284.02977347187698 329.37637750990689 282.70746064372361 415.93858397752047 1537.6424658764154 1357.6028048507869 1948.2405893690884 252.38210814446211 283.85192668437958 1788.6957639530301
leaf_count=5414 10145 5191 1607 3185 5892 3864 4202 3133 20340 18094 42025 2026 2248 13310
internal_value=0 -0.000684493 0.00023418 -0.000853145 -0.00143738 -0.000327026 -0.00287663 0.0012853 -0.00214593 0.00172738 0.00078717 -0.00461971 0.000149604 -0.000337865
internal_weight=0 5749.92 3517.49 2021.57 1785.96 1029.34 756.617 699.968 2232.43 1495.92 4726.52 473.909 2778.28 2072.55
internal_count=140676 77679 47194 27493 24308 12889 11419 9025 30485 19701 62997 7217 20972 15558
is_linear=0
shrinkage=0.0101079


Tree=18
num_leaves=15
num_cat=0
split_feature=28 27 29 30 14 2 21 12 23 14 14 29 11 33
split_gain=65.0612 78.1208 69.2832 50.6012 43.4131 42.799 41.053 30.7697 25.2318 24.4491 35.0152 31.6222 26.2918 29.1202
threshold=-0.18436925113201139 -0.14132478833198545 -1.0000000180025095e-35 1.0000000180025095e-35 -14.168003082275389 1.4274961948394778 3.9873293638229375 0.077615689486265196 0.39771479368209844 -7.0959863662719718 -2.6550478935241695 0.87837970256805431 0.067778985947370543 0.94700106978416454
decision_type=2 2 2 2 2 2 2 2 2 2 2 2 2 10
left_child=-1 2 4 5 -2 9 -6 -7 -5 11 -11 12 13 -3
right_child=1 3 -4 8 6 7 -8 -9 -10 10 -12 -13 -14 -15
leaf_value=0.00082400752284948308 -0.0038028623740766761 -0.0021109947067146427 -0.0031154208859140073 -0.0028546183859742219 0.006561586062178622 0.0064586899206629808 -0.00020304175674376061 -0.00050242098344859551 0.002078066967629189 0.0010956227395153067 -0.0029719467779360329 0 -0.00088634481662049774 -0.0088901249043703522
leaf_weight=4875.0715979374945 114.99922906048596 142.05999682843685 1801.5253987777978 102.15897866338491 167.80847078002989 122.79139866866171 167.86519061028957 107.55472950451076 1291.1670102328062 615.7397253792733 320.2374682854861 273.23075994290411 181.96340741217136 168.65603644400835
leaf_count=65126 1562 3331 24807 1136 2277 1590 2233 1508 17223 7994 3498 4163 2825 1380
internal_value=0 -0.000773076 -0.00222477 0.00020076 0.00123976 -0.000843054 0.00313143 0.00312632 0.00167391 -0.00141555 -0.000265929 -0.00275159 -0.00426188 -0.00604283
internal_weight=0 5577.76 2252.2 3325.56 450.673 1932.23 335.674 230.346 1393.33 1701.89 935.977 765.91 492.679 310.716
internal_count=140653 75527 30879 44648 6072 26289 4510 3098 18359 23191 11492 11699 7536 4711
is_linear=0
shrinkage=0.0101079


Tree=19
num_leaves=15
num_cat=0
split_feature=28 27 29 30 14 13 16 16 16 29 14 13 29 23
split_gain=55.5276 64.4841 78.6731 45.6088 34.2444 38.0555 29.6987 45.362 38.7663 25.9192 21.1488 26.9322 20.71 37.5693
threshold=-0.22706275433301923 -0.16288578510284421 -1.0000000180025095e-35 1.0000000180025095e-35 -14.31279134750366 0.010548414196819069 0.14740698039531711 0.54855340719223034 0.85134470462799083 0.87837970256805431 -7.2228870391845694 -0.0020920237293466921 0.87837970256805431 0.73541039228439342
decision_type=2 2 2 2 2 2 2 2 2 2 2 2 2 2
left_child=-1 2 4 6 -2 -6 -3 9 10 -8 -9 -12 -4 -14
right_child=1 3 12 -5 5 -7 7 8 -10 -11 11 -13 13 -15
leaf_value=0.00080856690998809739 -0.0028022387594439807 0.0030924985822249045 -0.0035513073076749633 0.0015679988972338611 0.0077059919450968373 0.00058725270674535399 -0.004651654398660816 -0.0022557608780393447 -0.0023981408443754272 -0.00028271441744906961 0.0068170919601634791 0.0011302947282392261 -0.0045561137167192418 0.0012426668981858156
leaf_weight=4729.89554169029 115.61437660455704 171.28498980775476 1379.0507994964719 1446.582994479686 121.01283562928438 229.00041316635907 445.52062230557203 114.81585269421339 411.57878523133695 231.07870653085411 103.80629387497902 509.48218683712184 174.56047993712127 283.46791227534413
leaf_count=63144 1584 2898 18915 19111 1620 3061 6484 1625 4968 3294 1482 6292 2280 4103
internal_value=0 -0.000669634 -0.00197696 0.000197645 0.00165857 0.00327363 -0.000781605 -0.00118057 1.92972e-05 -0.00323852 0.00145156 0.00223004 -0.00292343 -0.000918807
internal_weight=0 5736.86 2302.71 3434.15 465.628 350.013 1987.57 1816.28 1139.68 676.599 728.104 613.288 1837.08 458.028
internal_count=140861 77717 31563 46154 6265 4681 27043 24145 14367 9778 9399 7774 25298 6383
is_linear=0
shrinkage=0.0101079


Tree=20
num_leaves=15
num_cat=0
split_feature=28 13 29 2 14 15 10 15 29 15 7 2 15 21
split_gain=60.9043 38.5374 47.4251 32.6828 28.1489 27.9707 34.9153 27.7748 26.4041 31.9199 27.8348 28.9549 24.6591 27.0271
threshold=-0.22706275433301923 -0.088710099458694444 1.0000000180025095e-35 0.64903327822685253 -7.0387449264526358 11.537200450897219 0.095619853585958495 4.1420130729675302 -0.60785761475563038 14.227209091186525 12.49866819381714 1.1092274188995364 3.0526865720748906 -8.5515189170837385
decision_type=2 2 2 2 2 2 2 2 2 2 2 2 2 2
left_child=-1 7 8 -4 -5 6 -6 -2 -3 12 11 -11 13 -10
right_child=1 2 3 4 5 -7 -8 -9 9 10 -12 -13 -14 -15
leaf_value=0.00086919144231048138 0.0063205388953350271 0.0045714275261740473 0 -0.0033837862953594849 -0.00095461228679537128 -0.0020991449195792082 0.0054186892849746168 -0.00050257241043127985 -0.0016431812266697998 0.0086621800817275208 0.00038515886065488896 0.00028432628090167237 -0.0014787487252086828 0.0047577572217193768
leaf_weight=4731.7713094875216 127.41910457983613 130.51401675865054 937.59179252199829 1152.0774862356484 242.49238852597773 891.12722968123853 122.7778751142323 90.772021286189556 103.85382783226669 98.744519492611289 450.54518551006913 88.099468724802136 1163.0581172667444 143.69804965518415
leaf_count=62959 1816 1708 12458 17280 3008 11327 1462 1282 1398 1429 5591 1299 15349 2189
internal_value=0 -0.000678206 -0.000850311 -0.00160656 -0.00222815 -0.0011224 0.0011461 0.0033816 0.000294269 0 0.00186993 0.00508634 -0.000842138 0.00194488
internal_weight=0 5742.77 5524.58 3346.07 2408.47 1256.4 365.27 218.191 2178.51 2048 637.389 186.844 1410.61 247.552
internal_count=140555 77596 74498 45535 33077 15797 4470 3098 28963 27255 8319 2728 18936 3587
is_linear=0
shrinkage=0.0101079


Tree=21
num_leaves=15
num_cat=0
split_feature=28 27 30 2 12 16 16 30 20 33 33 23 33 2
split_gain=56.6976 73.9886 47.9378 42.0916 26.1598 26.107 65.1861 42.5893 32.0513 28.5001 26.8406 21.8124 19.8395 19.2655
threshold=-0.20576497167348859 -0.11969653144478797 1.0000000180025095e-35 1.4274961948394778 0.077615689486265196 0.57703095674514782 0.86105030775070202 -0.56174489110708226 -0.73939001560211171 0.9590476155281068 0.9590476155281068 0.40805928409099584 1.0545857548713686 1.1873423457145693
decision_type=2 2 2 2 2 2 2 2 2 10 10 2 8 2
left_child=12 -2 3 5 -5 7 8 9 -7 -3 -10 -4 -1 -13
right_child=1 2 11 4 -6 6 -8 -9 10 -11 -12 13 -14 -15
leaf_value=0.00022452652947028737 -0.0020815459949367833 -0.0015325296061190689 -0.0024681498517462211 0.0062920418668168015 -6.3386584118425171e-05 -0.002032215504753747 -0.0038921187092601593 0.00028090822801628496 0 -0.0067507897235230506 0.0050322107693846424 0.0027860863695289648 0.0015634075706304588 0
leaf_weight=2809.5950610637665 2333.0529134888202 226.00849595665932 103.91803264059126 120.58078108727932 111.25490507669747 156.60395712219179 312.31771964766085 285.75754765048623 191.1240598987788 263.50161769986153 275.49747347831726 959.95167005434632 1989.9749214351177 329.07216420583427
leaf_count=21193 31943 5276 1158 1543 1544 2121 3639 4176 3854 2131 2065 12989 42874 4180
internal_value=0 -0.00070198 0.000253384 -0.000757494 0.00316822 -0.00132475 -0.00013783 -0.00269002 0.00170369 -0.00448348 0.00305543 0.00168855 0.000789672 0.00206744
internal_weight=0 5668.64 3335.59 1942.65 231.836 1710.81 935.543 775.268 623.225 489.51 466.622 1392.94 4799.57 1289.02
internal_count=140686 76619 44676 26349 3087 23262 11679 11583 8040 7407 5919 18327 64067 17169
is_linear=0
shrinkage=0.0101079


Tree=22
num_leaves=15
num_cat=0
split_feature=22 29 32 7 15 14 21 14 33 12 14 3 23 3
split_gain=30.7913 40.5483 32.3912 28.874 32.733 22.8556 48.7163 27.8291 28.4469 21.9935 20.8605 18.5267 17.953 19.0496
threshold=-0.2898688912391662 1.0000000180025095e-35 1.0000000180025095e-35 -3.3073903322219844 4.0173802375793466 -6.977825164794921 -5.2863161563873282 -1.8257911205291746 1.0359913706779482 0.0077568404376506814 -20.460767745971676 0.59438803791999828 0.39771479368209844 0.39960733056068426
decision_type=2 2 2 2 2 2 2 2 8 2 2 2 2 2
left_child=1 3 5 4 -1 6 -3 8 9 -7 -2 -4 -5 -14
right_child=10 2 11 12 -6 7 -8 -9 -10 -11 -12 -13 13 -15
leaf_value=0.0014869949233524556 0.0026006727360720202 0.0017329050812799273 0 -0.0024312176678775018 -0.0028044215599335159 -5.5161848305252308e-06 -0.00304354888659832 -0.0029519267046567202 -0.0010641115621213683 0.003947978460893317 0.00031295295145812601 -0.0041040026145438696 0.0036512553950233729 0.00082553799505538867
leaf_weight=283.4560322612524 445.00537046790123 279.45593414828181 130.47309423796833 99.661332141608 445.55247485265136 203.81814902275801 815.69663710519671 214.13580551370978 372.40253250300884 357.58468492329121 5044.1341720558703 546.89211638458073 379.08540468290448 827.50122470967472
leaf_count=4107 6829 4248 1756 1123 5861 1547 11669 2404 7541 2668 67104 7513 5335 10739
internal_value=0 -0.000588965 -0.00135455 0.000490732 -0.00108272 -0.000740732 -0.00178443 0.000225138 0.00101473 0.00246066 0.00050914 -0.00329719 0.00140088 0.00176405
internal_weight=0 4955.72 2920.46 2035.26 729.009 2243.09 1095.15 1147.94 933.805 561.403 5489.14 677.365 1306.25 1206.59
internal_count=140444 66511 39346 27165 9968 30077 15917 14160 11756 4215 73933 9269 17197 16074
is_linear=0
shrinkage=0.0101079


Tree=23
num_leaves=15
num_cat=0
split_feature=28 27 29 30 2 14 7 29 27 14 16 16 29 7
split_gain=67.2909 75.2042 78.9424 47.7189 50.1104 39.2592 25.4241 23.3669 31.7563 25.5436 22.2096 55.9599 39.8442 22.5031
threshold=-0.22706275433301923 -0.11969653144478797 -1.0000000180025095e-35 1.0000000180025095e-35 1.4483218789100649 -14.31279134750366 5.5138280391693124 0.87837970256805431 -0.88186877965927113 -7.0959863662719718 0.85770887136459362 0.57703095674514782 0.87837970256805431 -8.4396266937255842
decision_type=2 2 2 2 2 2 2 2 2 2 2 2 2 2
left_child=-1 2 5 4 10 -2 -7 9 -9 -4 11 12 13 -3
right_child=1 3 7 -5 -6 6 -8 8 -10 -11 -12 -13 -14 -15
leaf_value=0.00086059000339372134 -0.0033741496424636547 -0.0011962726633338225 -0.0051935173933811375 0.0016185573789102819 0.0035293322084188742 0.0059999009958574363 0.00043386893897067705 0.0014218051262311945 -0.003645458256727345 -0.0022937456068258897 -0.0037963041388677709 0.0013820875693743013 0.00026855022598628762 -0.0059954734180359907
leaf_weight=4739.3353521414101 115.47479982301593 186.24427544884384 679.36074314825237 1410.7908202391118 227.36636771447957 164.40101316198707 199.94804286025465 243.95994319394231 234.63726238906384 742.12288037501276 325.82980934344232 627.29351479373872 283.60474067181349 312.87127795256674
leaf_count=63169 1604 3012 10426 18469 3018 2134 2697 3365 3266 9082 3827 8106 4201 4541
internal_value=0 -0.000764426 -0.00213872 0.000195615 -0.000808691 0.00145011 0.00312581 -0.0030684 -0.00099741 -0.00372829 -0.00141309 -0.00081633 -0.00262578 -0.00432957
internal_weight=0 5753.91 2379.9 3374 1963.21 479.824 364.349 1900.08 478.597 1421.48 1735.84 1410.01 782.72 499.116
internal_count=140917 77748 32574 45174 26705 6435 4831 26139 6631 19508 23687 19860 11754 7553
is_linear=0
shrinkage=0.0101079


Tree=24
num_leaves=15
num_cat=0
split_feature=0 2 30 23 32 30 2 30 33 29 16 2 33 12
split_gain=31.9819 32.0911 26.2444 22.0979 20.1221 43.2628 38.9074 36.5627 32.0925 24.4194 21.1758 19.7291 25.6552 20.0307
threshold=0.58963531255722057 0.59027108550071727 -0.56174489110708226 1.5744086503982546 1.0000000180025095e-35 1.0000000180025095e-35 1.5300037264823916 1.0000000180025095e-35 1.0013927817344668 0.6078576147556306 0.86407190561294567 1.3969033956527712 0.9590476155281068 -0.017965093255043026
decision_type=2 2 2 2 2 2 2 2 8 2 2 2 10 2
left_child=1 2 -1 4 7 6 -6 11 9 -7 -8 12 -2 -14
right_child=3 -3 -4 -5 5 8 10 -9 -10 -11 -12 -13 13 -15
leaf_value=-0.0022961790029365258 0.00037378624422294501 -0.0025732224040903575 0.0029607499344978232 0.0013736000387502818 0.0018328372982065568 -0.0017486229197133244 -0.0027246944267418334 0.0012291793481679491 -0.00012508280737683568 -0.0062342299709951306 0.0016190324368205279 0.0013049715150108175 0.0002022421955091807 -0.0022929327996717508
leaf_weight=147.44568492844701 1096.7962788436562 912.87252650223672 235.49181841127574 1294.2582954149693 756.20638378337026 299.95890321582556 440.03678281232715 2380.9275272339582 389.61410211957991 269.20810530334711 135.91592453047633 540.57097312062979 416.06939244270325 1159.5244518741965
leaf_count=2072 23529 13482 3281 17152 9909 2320 6197 30957 8632 2057 1862 7363 3241 8808
internal_value=0 -0.00153817 0.000827622 0.000152572 -4.38576e-05 -0.000844566 0.000307988 0.000277541 -0.00247765 -0.00399489 -0.00162248 -0.000416326 -0.000782346 -0.00161065
internal_weight=0 1295.81 382.938 9179.09 7884.83 2290.94 1332.16 5593.89 958.781 569.167 575.953 3212.96 2672.39 1575.59
internal_count=140862 18835 5353 122027 104875 30977 17968 73898 13009 4377 8059 42941 35578 12049
is_linear=0
shrinkage=0.0101079


Tree=25
num_leaves=15
num_cat=0
split_feature=28 3 16 0 13 15 28 33 11 16 13 29 3 13
split_gain=61.3651 33.2528 42.4073 32.0113 21.2134 20.6962 22.7518 20.654 21.4564 25.4139 20.0154 20.8747 23.959 22.0952
threshold=-0.22706275433301923 0.51129209995269786 0.15164598077535632 0.54454252123832714 0.046587733551859863 20.090057373046879 0.6835516393184663 1.0545857548713686 0.033476747572422035 0.14323240518569949 -0.035653291270136826 1.0000000180025095e-35 0.78066349029541027 -0.0050961368251591912
decision_type=2 2 2 2 2 2 2 8 2 2 2 2 2 2
left_child=7 2 -2 -4 -5 6 -6 8 -1 -10 -3 12 13 -12
right_child=1 10 3 4 5 -7 -8 -9 9 -11 11 -13 -14 -15
leaf_value=0.0017301432184683679 0.0037941672823825537 -0.0034471153184635899 -0.0025681553266015652 -0.00039944909605728931 0.0058900759633173884 0 9.913354432530819e-05 0.0017042961930701843 0.0028186975022240083 -0.00066003393319975562 0.001917706626258955 -0.0016987162014420088 0.0021606863398888161 -0.002262587029508011
leaf_weight=791.68031561374664 287.06162811629474 416.58119136467576 484.80297484435141 1267.2319948393852 182.35076444223523 287.4846030883491 132.63380834832788 1959.3026808593422 234.8450184315443 1748.7975067645311 164.21089337579906 1671.0155981387943 370.17732216231525 446.29323190264404
leaf_count=6067 4335 5809 6968 16490 2206 3897 1595 42043 1807 13060 2318 22876 5219 5558
internal_value=0 -0.000647941 0.000169842 -0.000265723 0.000317726 0.00187874 0.00363719 0.000906706 0.000325946 -0.000218621 -0.00136383 -0.00101237 0.000120232 -0.00106288
internal_weight=0 5709.84 2641.57 2354.5 1869.7 602.469 314.985 4734.63 2775.32 1983.64 3068.28 2651.7 980.681 610.504
internal_count=140248 77271 35491 31156 24188 7698 3801 62977 20934 14867 41780 35971 13095 7876
is_linear=0
shrinkage=0.0101079


Tree=26
num_leaves=15
num_cat=0
split_feature=28 27 14 33 11 0 10 3 17 14 16 16 3 23
split_gain=52.7123 69.5078 31.1684 20.8438 23.7937 25.1931 19.8962 27.1047 34.5457 19.7637 24.476 22.7176 25.0706 21.4143
threshold=-0.22706275433301923 -0.20576497167348859 -19.91971397399902 1.0545857548713686 0.033476747572422035 0.83758831024169933 0.080803345888853087 0.60601708292961132 35.500000000000007 -11.608291149139403 0.16461892426013949 0.50584331154823314 0.85419827699661266 0.64806738495826732
decision_type=2 2 2 8 2 2 2 2 2 2 2 2 2 2
left_child=3 9 -3 4 -1 -6 -7 8 -8 10 -2 12 -11 -13
right_child=1 2 -4 -5 5 6 7 -9 -10 11 -12 13 -14 -15
leaf_value=0.0016738199705088105 -0.0013821683220686472 0.0033560510619415596 -5.7596747685300868e-05 0.0015842048822414881 -0.0032044623123352067 -0.001317212117865023 0.00047494586125537035 -0.00057570728046542233 0.0060073105869491317 -0.00118034106254725 -0.0054972154358108446 -0.0041481245219765579 0.0040739682051306224 -0.0010879831648668234
leaf_weight=801.92255594581366 330.7499136775732 289.10107456333935 3219.291198592633 1952.3681263979524 269.57195159047842 640.32503251731396 337.07131873816252 555.54055155068636 184.92361264675856 231.8961906787008 333.69366335123777 358.12079619057477 138.34025271609426 830.9938471019268
leaf_count=6114 4883 4332 42747 41949 2145 4723 2418 4170 1455 3371 4939 4658 1938 10808
internal_value=0 -0.00065737 0.000218853 0.000782115 0.000203433 -0.000373698 5.92532e-05 0.000918049 0.00256965 -0.00205392 -0.00354803 -0.00137726 0.000718408 -0.00206401
internal_weight=0 5732.19 3508.39 4741.72 2789.36 1987.43 1717.86 1077.54 521.995 2223.79 664.444 1559.35 370.236 1189.11
internal_count=140650 77676 47079 62974 21025 14911 12766 8043 3873 30597 9822 20775 5309 15466
is_linear=0
shrinkage=0.0101079


Tree=27
num_leaves=15
num_cat=0
split_feature=28 27 13 2 23 33 33 14 7 15 3 16 13 13
split_gain=53.5901 68.4411 29.5379 24.7135 19.9831 29.1061 19.6243 19.117 26.6216 21.5927 24.0716 17.0682 18.1896 28.7708
threshold=-0.22706275433301923 -0.20576497167348859 -0.075653232634067522 1.4483218789100649 0.79976686835289013 0.99393379688262951 1.0545857548713686 -11.608291149139403 -21.960235595703121 6.4792370796203622 0.85939016938209545 0.14323240518569949 -0.027216071262955662 0.00042596983257681137
decision_type=2 2 2 2 2 10 8 2 2 2 2 2 2 2
left_child=6 7 -3 -4 5 -5 11 8 -2 10 -9 -1 -13 -14
right_child=1 2 3 4 -6 -7 -8 9 -10 -11 -12 12 13 -15
leaf_value=0.0026206684308667976 0.0011270288519810881 0.0035446121506377297 -0.00037422689452495543 0.00032529084681402916 0 0.008430962832408748 0.0015741782906233287 -0.0012316084892253635 -0.004335042897551533 -0.0019187607316316435 0.0046872614319223883 -0.0022319102906405257 0.0021635406818535084 -0.00039696897115939919
leaf_weight=268.29347117990255 91.716677831485868 245.41491626016796 2857.1386496927589 103.84240212664008 206.98799278400838 92.678082585334778 1960.4966356083751 152.94851291552186 570.34499831311405 1299.7873516753316 109.49220922030509 324.62758122384548 610.55509852617979 1575.5958881601691
leaf_count=2064 1300 3365 38248 2214 2645 705 42007 2229 8529 17030 1476 2473 4644 11777
internal_value=0 -0.000653637 0.000216279 -2.95319e-05 0.0022743 0.00451855 0.000798092 -0.00203905 -0.00351368 -0.00137427 0.00115051 0.000233257 -1.2942e-05 0.000304717
internal_weight=0 5730.35 3506.06 3260.65 403.508 196.52 4739.57 2224.29 662.062 1562.23 262.441 2779.07 2510.78 2186.15
internal_count=140706 77741 47177 43812 5564 2919 62965 30564 9829 20735 3705 20958 18894 16421
is_linear=0
shrinkage=0.0101079


Tree=28
num_leaves=15
num_cat=0
split_feature=28 27 29 30 2 14 13 16 16 29 33 12 33 33
split_gain=47.1367 70.6345 64.309 53.5763 39.114 28.5032 31.3139 23.9392 48.2482 37.5795 30.6146 23.7881 22.4297 21.7899
threshold=-0.22706275433301923 -0.20576497167348859 -1.0000000180025095e-35 1.0000000180025095e-35 1.4483218789100649 -14.168003082275389 0.010548414196819069 0.54855340719223034 0.85770887136459362 0.87837970256805431 0.9590476155281068 0.077615689486265196 0.9590476155281068 1.0545857548713686
decision_type=2 2 2 2 2 2 2 2 2 2 10 2 10 8
left_child=13 2 5 4 7 -2 -7 9 10 12 -9 -6 -3 -1
right_child=1 3 -4 -5 11 6 -8 8 -10 -11 -12 -13 -14 -15
leaf_value=0.0001296464407375243 -0.0027677740756451162 -0.0017301454271702939 -0.0029181705574943262 0.0016946879211024478 0.005804116708070641 0.0070435477796218495 0.00036936148810602556 -0.0012642414130974154 -0.0034859015121078869 7.4365061898358276e-05 0.0029315953486599602 -0.00018290158750915349 -0.0065297489868863991 0.0015372527215664015
leaf_weight=2786.8953810930252 113.09204910881817 219.51648041792214 1771.8210806250572 1496.7897509746253 126.44156961888075 111.92830554768443 218.18759588710964 286.04674716852605 327.28038902953267 280.97186218388379 412.3802452236414 111.15848087146878 251.9675564840436 1960.6010539587587
leaf_count=20995 1564 5179 24539 19704 1608 1514 2910 5914 3861 4182 3091 1567 2058 42100
internal_value=0 -0.000639815 -0.00205198 0.000241713 -0.00081949 0.00131178 0.00286024 -0.00135212 -0.000297528 -0.00271898 0.00116071 0.0029195 -0.00444281 0.000721005
internal_weight=0 5727.58 2215.03 3512.55 2015.76 443.208 330.116 1778.16 1025.71 752.456 698.427 237.6 471.484 4747.5
internal_count=140786 77691 30527 47164 27460 5988 4424 24285 12866 11419 9005 3175 7237 63095
is_linear=0
shrinkage=0.0101079


Tree=29
num_leaves=15
num_cat=0
split_feature=13 28 27 29 30 14 13 15 13 14 14 30 11 8
split_gain=46.6978 52.6834 56.6672 72.5738 42.6279 36.2437 37.5036 31.5666 26.9469 25.7862 32.9506 25.6326 32.6698 20.9139
threshold=-0.088710099458694444 -0.22706275433301923 -0.11969653144478797 -1.0000000180025095e-35 0.81174489855766307 -14.31279134750366 0.010548414196819069 4.2100682258605966 -0.024921645410358902 -7.2228870391845694 -19.393103599548336 -0.56174489110708226 0.050790498033165939 0.99638652801513683
decision_type=2 2 2 2 2 2 2 2 2 2 2 2 2 2
left_child=7 -2 3 5 9 -3 -7 -1 -5 10 -4 12 -12 -10
right_child=1 2 4 8 -6 6 -8 -9 13 -11 11 -13 -14 -15
leaf_value=0.0065264863461598748 0.00069513020517134733 -0.0035498895038704914 0.0031192544257207504 -0.0052039635098625634 0.0024089396400441706 0.0073932684371692719 0.00045358787175727046 -3.598729771528227e-05 -0.0028157364520974494 0.00039827465999155517 -0.0062610658617147054 -0.00067648826923981094 -0.00057264910815677591 0
leaf_weight=178.28220403753221 4676.8142617512494 97.635574717074633 120.49270022846758 415.40244834311306 645.04745047912002 125.35772325284779 235.82651595026255 105.11779737845063 1089.8554923310876 1444.0774598326534 266.4885817207396 565.1782704629004 195.19489128515124 326.52884338982403
leaf_count=2416 62170 1273 1969 6069 8311 1687 3142 1475 14635 17993 3994 7932 3026 4657
internal_value=0 -8.93086e-05 -0.000760432 -0.00197496 8.92891e-05 0.00154351 0.00307513 0.00401609 -0.00288102 -0.000477904 -0.00161109 -0.00222421 -0.00399078 -0.00214706
internal_weight=0 10203.9 5527.09 2290.61 3236.48 458.82 361.184 283.4 1831.79 2591.43 1147.35 1026.86 461.683 1416.38
internal_count=140749 136858 74688 31463 43225 6102 4829 3891 25361 34914 16921 14952 7020 19292
is_linear=0
shrinkage=0.0101079


Tree=30
num_leaves=15
num_cat=0
split_feature=13 13 15 29 23 2 21 15 3 1 23 2 15 16
split_gain=33.5621 38.4448 40.9816 28.4398 32.1131 31.1597 23.5369 22.9666 20.6266 19.0539 17.9474 19.7082 16.9919 16.2508
threshold=-0.088710099458694444 -0.034374777227640145 2.645952701568604 -0.60785761475563038 0.50973132252693187 0.58545461297035228 -8.9513082504272443 4.40531349182129 0.40474334359169012 1.3412182331085207 2.1013896465301518 0.75712308287620556 6.4095845222473153 0.67119470238685619
decision_type=2 2 2 2 2 2 2 2 2 2 2 2 2 2
left_child=7 2 6 -3 5 13 -2 -1 12 -10 11 -6 -4 -5
right_child=1 3 8 4 10 -7 -8 -9 9 -11 -12 -13 -14 -15
leaf_value=0.0055146558290371482 -0.00038764685080154538 0.0052250473352223898 -0.0024892320946620083 0.0041199181366463264 0.0010178292375592178 -0.0031592394709858661 0.0046827657994723704 -9.0305467061164697e-05 -0.0044454560243804304 5.9354736911529086e-05 0.0023896886326394283 -0.00011194002268723491 0.0010258277758549944 -0.0011332719995927685
leaf_weight=183.04470315203071 254.39598349295557 107.5488141477108 297.6873100977391 102.23379963450134 2240.0308715552092 529.28798618912697 129.24306772835553 99.682047594338655 533.60672796145082 95.021996291354299 413.24759365618229 5126.8830640111119 234.6578152757138 109.65626553632319
leaf_count=2479 3980 1424 4413 1373 29781 7121 2158 1401 7172 1479 5347 68102 3009 1295
internal_value=0 -3.40834e-05 -0.00150205 0.000225095 0.000152623 -0.0018383 0.00127503 0.00344859 -0.00245671 -0.00370833 0.000349104 0.000226791 -0.000872194 0.00127195
internal_weight=0 10173.5 1544.61 8628.89 8521.34 741.178 383.639 282.727 1160.97 628.629 7780.16 7366.91 532.345 211.89
internal_count=140534 136654 22211 114443 113019 9789 6138 3880 16073 8651 103230 97883 7422 2668
is_linear=0
shrinkage=0.0101079


Tree=31
num_leaves=15
num_cat=0
split_feature=28 27 29 30 2 14 12 7 23 3 2 18 29 23
split_gain=47.9565 58.4506 68.1975 46.7467 43.3636 40.0215 27.2182 24.2855 24.1274 23.7308 23.5869 21.1001 20.566 35.568
threshold=-0.18436925113201139 -0.11969653144478797 -1.0000000180025095e-35 1.0000000180025095e-35 1.4483218789100649 -14.31279134750366 0.074936456978321089 7.9980530738830575 0.40805928409099584 0.34604898095130926 1.1873423457145693 75.500000000000014 0.87837970256805431 0.84958401322364818
decision_type=2 2 2 2 2 2 2 2 2 2 2 2 2 2
left_child=-1 2 5 4 9 -2 -6 -7 -5 11 -10 -3 -4 -14
right_child=1 3 12 8 6 7 -8 -9 10 -11 -12 -13 13 -15
leaf_value=0.00077062979408874712 -0.0033860357171373217 0.001373501284236442 -0.0033563114970684375 -0.0027011689193872984 0.0065485804698688565 0.0058003704504492421 -3.0093516253301743e-05 0.00024615681054398456 0.0028880568716671291 -0.0023560811951771634 -0.00016125109162871151 -0.0021806805569359968 -0.0035142626216677023 0.0019707044515209597
leaf_weight=4912.3697079662234 111.73322186432779 455.64777122624218 1361.701352423057 103.77554248645902 116.14372390136123 180.38457807339728 108.73239814303815 169.96795370802283 946.86681258119643 967.03683567233384 321.08585586585104 261.93112896382809 234.20218419283628 226.02593385055661
leaf_count=65240 1564 6969 18893 1149 1443 2367 1536 2290 12722 12372 4087 3703 3172 3268
internal_value=0 -0.000598228 -0.00183916 0.000255516 -0.000751573 0.00155436 0.0032969 0.00328166 0.00168318 -0.00132836 0.00208778 1.10111e-05 -0.00272487 -0.000745736
internal_weight=0 5565.24 2284.02 3281.22 1909.49 462.086 224.876 350.353 1371.73 1684.62 1267.95 717.579 1821.93 460.228
internal_count=140775 75535 31554 43981 26023 6221 2979 4657 17958 23044 16809 10672 25333 6440
is_linear=0
shrinkage=0.0101079


Tree=32
num_leaves=15
num_cat=0
split_feature=28 27 29 30 21 21 29 21 13 23 29 23 27 21
split_gain=51.848 57.8032 60.9259 35.2138 30.1708 26.2698 28.962 25.7886 37.4657 23.6272 20.7624 43.8295 18.9404 17.2896
threshold=-0.22706275433301923 -0.20576497167348859 -1.0000000180025095e-35 1.0000000180025095e-35 -9.1643285751342756 0.57146799564361583 0.87837970256805431 -6.4151203632354727 0.011375580448657276 0.39771479368209844 0.87837970256805431 0.73541039228439342 0.56457334756851207 2.7542392015457158
decision_type=2 2 2 2 2 2 2 2 2 2 2 2 2 2
left_child=-1 2 7 4 -3 6 -6 -2 -9 -5 13 -12 -7 -4
right_child=1 3 10 9 5 12 -8 8 -10 -11 11 -13 -14 -15
leaf_value=0.00076912085975651184 -0.0026382156173259323 0.0039843180810863197 -0.0044535041981926702 -0.0026608904841308408 -0.0040042501199323037 -0.0017484563696192974 7.0899413237998941e-05 0.0070842627853844207 7.5012660872024036e-06 0.0017138773573379812 -0.0049741772412248888 0.0014784408692058964 0.00088922271095046317 -0.0018722522029154477
leaf_weight=4749.6835422329605 110.67163490504026 119.32958685606718 773.4980144482106 125.21351412497461 476.59100079163909 438.48658275790513 251.21765012666583 120.11276865936816 219.54432976990938 1379.3389674536884 158.30119965225458 286.55761001631618 723.49722393043339 534.75197066552937
leaf_count=63015 1465 1721 11440 1460 7145 5557 3726 1615 2958 18295 2077 4120 9302 6776
internal_value=0 -0.000658655 -0.00194029 0.000136025 -0.000725734 -0.00105932 -0.00255643 0.0012983 0.00272736 0.00131142 -0.00279722 -0.000773368 -7.64217e-05 -0.00344616
internal_weight=0 5717.11 2203.44 3513.67 2009.12 1889.79 727.809 450.329 339.657 1504.55 1753.11 444.859 1161.98 1308.25
internal_count=140672 77657 30451 47206 27451 25730 10871 6038 4573 19755 24413 6197 14859 18216
is_linear=0
shrinkage=0.0101079


Tree=33
num_leaves=15
num_cat=0
split_feature=13 13 15 29 15 22 30 2 15 22 12 3 3 2
split_gain=33.679 41.9291 37.2694 29.1663 27.6864 26.2099 20.8363 47.9374 25.9983 25.6729 24.8363 21.0353 19.3351 18.8668
threshold=-0.088710099458694444 -0.034374777227640145 2.645952701568604 -0.60785761475563038 4.2100682258605966 -0.3131642341613769 0.81174489855766307 1.1873423457145693 16.43520545959473 0.27780820429325109 -0.022710842080414292 0.65406805276870739 0.35666145384311682 0.73842301964759838
decision_type=2 2 2 2 2 2 2 2 2 2 2 2 2 2
left_child=4 2 -2 -3 -1 12 9 10 -9 13 -8 -12 -4 -5
right_child=1 3 5 6 -6 -7 7 8 -10 -11 11 -13 -14 -15
leaf_value=0.0057382881620628686 0.00099332447688143394 0.0052346567818335491 -0.001426795466636564 0.00030525557616402116 -0.00039974773666226916 -0.00068048271665503951 0 -0.0021597354406319796 0.0022627646985327312 0.00083435648511692262 0.0044890038687202954 -4.2576673860717904e-05 -0.005293655046745397 -0.00098412472675182871
leaf_weight=178.90531595982611 385.01510144770145 107.13059410639107 256.14440475963056 1730.0360268820077 104.68857597187161 494.45845065265894 283.23581189662218 480.02326710708439 173.88063146173954 1944.3247316237539 543.27666326053441 107.38909100182354 401.26292615756392 3263.1137902904302
leaf_count=2406 6161 1410 3540 22621 1461 7211 4010 6057 2631 25734 6955 1519 5254 43448
internal_value=0 -0.000103707 -0.00164003 0.000166333 0.00338228 -0.00255591 9.32722e-05 0.00113771 -0.000909984 -0.000140929 0.00261024 0.00368775 -0.00388158 -0.000529495
internal_weight=0 10169.3 1536.88 8632.41 283.594 1151.87 8525.28 1587.81 653.904 6937.47 933.902 650.666 657.407 4993.15
internal_count=140418 136551 22166 114385 3867 16005 112975 21172 8688 91803 12484 8474 8794 66069
is_linear=0
shrinkage=0.0101079


Tree=34
num_leaves=15
num_cat=0
split_feature=28 27 29 30 2 2 20 0 29 11 16 16 33 2
split_gain=48.758 52.3219 52.8399 51.0788 33.1517 32.2418 31.8883 31.0121 29.4492 35.5828 26.0837 43.3527 34.3074 40.4979
threshold=-0.18436925113201139 -0.49049438536167139 -1.0000000180025095e-35 1.0000000180025095e-35 1.1032696366310122 1.4483218789100649 -1.549601078033447 0.67510691285133373 0.87837970256805431 0.072610486298799529 0.54855340719223034 0.86105030775070202 0.9590476155281068 0.509178787469864
decision_type=2 2 2 2 2 2 2 2 2 2 2 2 10 2
left_child=-1 2 -2 5 -5 10 -7 -4 -9 -10 12 -12 13 -3
right_child=1 3 7 4 -6 6 -8 8 9 -11 11 -13 -14 -15
leaf_value=0.00069292992931781628 0.0012331539927891619 0.0050755479110671164 -0.0057741325766911388 0.0022472887353232295 -0.00075255861117040754 0.0065112139877909194 -0.00036945853496613956 -0.0031083807262560059 0.0034722228362644349 -0.0034887863542759421 0.00082642873342677291 -0.0035592314633935925 -0.0050410126069070724 -0.0025307905342491673
leaf_weight=4894.0713895019144 361.03592543303967 84.922210171818733 328.61521666124463 1160.9947739951313 525.5233162175864 97.498840415850282 168.79011344909668 790.45739239826798 174.63028852269053 117.24759672768414 739.9265470225364 321.03017933480442 395.43839260190725 290.36758788116276
leaf_count=64990 4841 1931 4528 15507 6798 1309 2346 10925 2620 1505 9487 3808 3253 6620
internal_value=0 -0.000689224 -0.00211871 -6.30623e-06 0.00128944 -0.00106807 0.00211321 -0.00300696 -0.0020951 0.000523115 -0.00155942 -0.000478653 -0.00297586 -0.000636974
internal_weight=0 5556.48 1771.99 3784.49 1686.52 2097.97 266.289 1410.95 1082.34 291.878 1831.68 1060.96 770.728 375.29
internal_count=140468 75478 24419 51059 22305 28754 3655 19578 15050 4125 25099 13295 11804 8551
is_linear=0
shrinkage=0.0101079


Tree=35
num_leaves=15
num_cat=0
split_feature=28 27 30 14 16 16 13 21 15 7 30 14 13 13
split_gain=46.1821 62.9807 36.7371 23.8644 42.1374 34.0329 20.1188 28.6063 25.1376 28.7558 19.7227 17.4032 26.2133 19.3835
threshold=-0.22706275433301923 -0.11969653144478797 1.0000000180025095e-35 -19.134044647216793 0.54855340719223034 0.86105030775070202 -0.026010489091277119 -11.714431762695311 6.8341922760009775 1.0026390552520754 -0.56174489110708226 -7.1610443592071524 -0.00041978387162089342 0.015911458060145382
decision_type=2 2 2 2 2 2 2 2 2 2 2 2 2 2
left_child=-1 6 3 -3 10 11 7 -2 9 -8 -5 -6 -13 -14
right_child=1 2 -4 4 5 -7 8 -9 -10 -11 -12 12 13 -15
leaf_value=0.00075731404759822249 0 0.0029024730094087178 0.0015319445591019225 -0.0042953737143913203 -0.0017977942545494082 -0.0021846109299920031 -0.00053304540601415806 -0.0049025307307457543 -0.0019860440788894598 0.0055076519607338888 -0.00043370679794545934 0.0066773258661642848 -0.0018408434536425849 0.0023524999536602273
leaf_weight=4752.2196975853294 150.67226733453572 168.35929995775223 1412.0870047491044 419.71022861637175 118.75957333296537 382.96144539117813 351.9041643422097 415.36142626591027 1335.229572346434 93.541229240596294 236.80104735866189 105.67999717220664 142.54075981676579 375.99971108883619
leaf_count=63008 2143 2679 18481 6410 1700 4606 5338 6003 17630 1381 3339 1520 1772 4630
internal_value=0 -0.000590257 0.00028639 -0.000596976 -0.000961102 0.000195094 -0.00186057 -0.0035535 -0.00128692 0.000717496 -0.00298446 0.00148538 0.00218828 0.00111285
internal_weight=0 5709.61 3362.9 1950.81 1782.45 1125.94 2346.71 566.034 1780.67 445.445 656.511 742.98 624.22 518.54
internal_count=140640 77632 45137 26656 23977 14228 32495 8146 24349 6719 9749 9622 7922 6402
is_linear=0
shrinkage=0.0101079


Tree=36
num_leaves=15
num_cat=0
split_feature=13 0 27 15 13 0 3 5 14 16 29 0 3 30
split_gain=32.8589 32.7839 30.7776 26.6196 25.5562 39.1379 27.2203 24.8818 22.9899 20.2492 18.6026 17.581 30.0725 31.6129
threshold=-0.088710099458694444 0.54454252123832714 -0.47136868536472315 4.2100682258605966 -0.034374777227640145 0.70831051468849193 0.67606309056282055 0.87395474314689647 -7.0959863662719718 0.43201310932636267 -0.60785761475563038 1.3539081811904909 0.57336914539337169 0.81174489855766307
decision_type=2 2 2 2 2 2 2 2 2 2 2 2 2 2
left_child=3 2 -2 -1 5 -3 7 -7 9 -4 -6 12 13 -12
right_child=1 4 8 -5 10 6 -8 -9 -10 -11 11 -13 -14 -15
leaf_value=0.0056438830814961871 -0.0067426447312630405 -0.0044105680905887857 -0.00097227358804151799 -0.00034649346877527144 0.0045611270082719681 0.0021009593215797857 -0.0030473252251252531 -0.0014399216378929696 0.00059368503164657549 -0.0061486923498834511 0.00014656892104456646 0.0012364535917457145 -0.00076115335474960044 0.002545528472219056
leaf_weight=181.05108623765409 114.02713792212307 291.62654110975564 256.78643610887229 105.1578930336982 97.890761412680149 491.00888902135193 260.85759218037128 322.72819676809013 370.12907826527953 123.72726035490632 2831.937724865973 1509.5182628650218 2780.278157947585 706.61549101956189
leaf_count=2432 1673 4222 3991 1475 1246 7448 3599 4401 4998 2001 36663 20062 36544 9657
internal_value=0 -7.45188e-05 -0.00195037 0.00335327 9.71332e-05 -0.00116944 -0.000227535 0.000647009 -0.00110845 -0.00284758 0.000321469 0.000258894 1.77514e-05 0.000641486
internal_weight=0 10157.1 864.67 286.209 9292.46 1366.22 1074.59 813.737 750.643 380.514 7926.24 7828.35 6318.83 3538.55
internal_count=140412 136505 12663 3907 123842 19670 15448 11849 10990 5992 104172 102926 82864 46320
is_linear=0
shrinkage=0.0101079


Tree=37
num_leaves=15
num_cat=0
split_feature=28 3 16 11 0 30 16 16 28 30 33 11 0 0
split_gain=41.3185 37.369 38.525 24.4948 23.5682 23.6453 37.3644 32.802 28.331 26.116 19.5791 19.5886 22.9285 19.0063
threshold=-0.18436925113201139 0.51129209995269786 0.15164598077535632 0.015028251335024835 0.53401675820350658 1.0000000180025095e-35 0.57703095674514782 0.85134470462799083 0.83743050694465648 -0.56174489110708226 1.0545857548713686 0.029806329868733886 0.80663973093032848 1.5838524699211123
decision_type=2 2 2 2 2 2 2 2 2 2 8 2 2 2
left_child=10 2 -2 -3 -4 6 9 8 -8 -6 11 -1 -13 -5
right_child=1 3 4 13 5 -7 7 -9 -10 -11 -12 12 -14 -15
leaf_value=0.0015606896344147953 0.0037823884495644076 0.00066185313531952577 -0.0022049947984911652 -0.0019567636340612634 -0.0046889600043512007 0.001692431991660635 0.0043741221355561967 -0.0017724893461756311 -0.001428186280342292 0.00032192956337668741 0.0014494621031203145 -0.0033851543729651323 0 0.0021489078675303837
leaf_weight=736.75202921032906 280.71802252344787 482.78040184266865 445.31529721431434 2389.1912822369486 280.23462616093457 789.70911438018084 289.61754697933793 261.32777929119766 103.80852234177291 144.22213679738343 2035.008158326149 217.99741154164076 1927.849938005209 105.6000082232058
leaf_count=5627 4221 6873 6444 32565 4119 9905 3700 3097 1366 2029 43497 1746 14318 1418
internal_value=0 -0.000579975 0.000293655 -0.00135371 -0.00012313 0.000358294 -0.000585724 0.000880639 0.00274412 -0.00291702 0.000690142 0.000137667 -0.000335906 -0.00176077
internal_weight=0 5572.52 2594.95 2977.57 2314.24 1868.92 1079.21 654.754 393.426 424.457 4917.61 2882.6 2145.85 2494.79
internal_count=140925 75737 34881 40856 30660 24216 14311 8163 5066 6148 65188 21691 16064 33983
is_linear=0
shrinkage=0.0101079


Tree=38
num_leaves=15
num_cat=0
split_feature=28 27 29 30 14 21 14 14 13 29 11 0 14 33
split_gain=43.6388 60.0021 61.1218 45.2592 35.489 38.0765 28.0569 38.4506 34.3551 23.5812 32.4798 34.3754 24.7609 24.6412
threshold=-0.22706275433301923 -0.11969653144478797 -1.0000000180025095e-35 1.0000000180025095e-35 -14.31279134750366 4.1470806598663339 -19.134044647216793 -7.4188742637634268 -0.0029828654369339343 0.87837970256805431 0.072610486298799529 0.69509643316268932 -7.0959863662719718 1.0013927817344668
decision_type=2 2 2 2 2 2 2 2 2 2 2 2 2 8
left_child=-1 2 4 6 -2 -6 -3 -8 -9 12 11 -11 -4 -13
right_child=1 3 9 -5 5 -7 7 8 -10 10 -12 13 -14 -15
leaf_value=0.00068656532297236173 -0.0032088671314360979 0.0030370646401727346 -0.0048232735371118406 0.0016151877556806566 0.005967751933521415 -0.00031772830827507813 -0.0030151451173645828 0.0047906618420823612 -0.00063263194529838355 -0.0033092834319678171 -0.0038950002638372489 0.0069981658970939692 -0.0019533437183240649 0
leaf_weight=4766.498080085963 119.377879537642 168.79725878871977 660.15278409607708 1413.0963845532387 188.62848949804902 173.21996776014566 682.03024917654693 128.36062992550433 964.12053169496357 92.672021314501762 186.99208076484501 104.5292159691453 729.37197258323431 93.156891211867332
leaf_count=63198 1656 2703 10362 18419 2475 2326 10240 1888 11812 1295 2434 808 9054 2113
internal_value=0 -0.000622503 -0.00186108 0.000234205 0.00127893 0.00290482 -0.000751622 -0.0011462 0 -0.002694 -0.000635866 0.00137313 -0.00336471 0.00380684
internal_weight=0 5704.51 2348.1 3356.41 481.226 361.848 1943.31 1774.51 1092.48 1866.87 477.35 290.358 1389.52 197.686
internal_count=140783 77585 32523 45062 6457 4801 26643 23940 13700 26066 6650 4216 19416 2921
is_linear=0
shrinkage=0.0101079


Tree=39
num_leaves=15
num_cat=0
split_feature=13 13 0 0 14 7 15 6 15 27 27 30 30 14
split_gain=31.3224 37.2004 45.1909 22.5939 19.7751 19.1948 37.1881 19.0875 18.6684 18.0696 16.4191 65.0926 35.4658 22.814
threshold=-0.088710099458694444 -0.034374777227640145 0.70831051468849193 0.52323517203331005 -7.0959863662719718 -26.832728385925289 3.8916473388671879 2.741569042205811 2.645952701568604 -0.75894212722778309 -0.71473535895347584 1.0000000180025095e-35 0.81174489855766307 -10.600172996520994
decision_type=2 2 2 2 2 2 2 2 2 2 2 2 2 2
left_child=5 2 -2 4 -3 -1 -7 -6 -4 -10 11 -5 -12 -13
right_child=1 3 8 10 7 6 -8 -9 9 -11 12 13 -14 -15
leaf_value=-5.8366493918546697e-05 -0.0041302054241529555 -0.0042052429449714133 0.0016674020205544168 0.00091631861187261427 0.0017255836745092696 0.0090861717245491174 0 -0.0028580590845903938 -0.0038830906558653608 -0.0002307771836568101 0.00019532693840343648 -0.0059910948095942993 0.0022206011333276605 -0.0016892270664432925
leaf_weight=96.073053432628512 471.30361044220626 207.55224366858602 310.40819348581135 1331.7359639275819 200.86540812440217 99.772765554487705 91.385960474610329 156.72087820060551 188.86836966127157 567.4451350774616 4830.2138968203217 170.35777854174376 1091.057536367327 656.01965200342238
leaf_count=1239 6910 3514 4847 17840 2621 1354 1326 2184 2673 7831 63026 2606 14238 8593
internal_value=0 -9.56131e-05 -0.00154242 0.000158253 -0.00177183 0.00324609 0.00504905 -0.000190167 -0.000340152 -0.00122554 0.000299812 -0.000443324 0.000577714 -0.00267133
internal_weight=0 10182.5 1538.03 8644.52 565.139 287.232 191.159 357.586 1066.72 756.314 8079.38 2158.11 5921.27 826.377
internal_count=140802 136883 22261 114622 8319 3919 2680 4805 15351 10504 106303 29039 77264 11199
is_linear=0
shrinkage=0.0101079


Tree=40
num_leaves=15
num_cat=0
split_feature=13 0 13 0 3 5 2 15 27 30 30 3 3 18
split_gain=36.9795 39.6715 29.9467 34.6596 32.1738 29.3187 28.36 23.0672 16.4807 49.3726 28.6961 27.5665 25.9913 23.8568
threshold=-0.088710099458694444 0.54454252123832714 -0.034374777227640145 0.70831051468849193 0.67606309056282055 0.87395474314689647 0.59464272856712352 4.40531349182129 -0.71473535895347584 1.0000000180025095e-35 0.81174489855766307 0.81169509887695324 0.41387453675270086 89.500000000000014
decision_type=2 2 2 2 2 2 2 2 2 2 2 2 2 2
left_child=7 6 3 -3 5 -5 -2 -1 9 -4 11 -10 -12 -11
right_child=1 2 8 4 -6 -7 -8 -9 10 13 12 -13 -14 -15
leaf_value=0.0056145882715959656 0.00037574330803792286 -0.0043395549207470062 0.00076727100767925787 0.0021309034788277955 -0.0034729425113759851 -0.0017184351097830177 -0.0034255153602758808 -1.5972756696569819e-06 -6.1801302758448173e-06 -0.0031242354355734726 0.0044467245119718009 0.0023827036686004171 0.00095692171217134686 0.001303793683045424
leaf_weight=183.89162484928966 274.18260731734335 291.63072929903865 1334.6338833458722 493.06776207312942 257.43561307154596 323.0966969858855 583.16744419932365 99.316149469465017 4183.7064423076808 690.88610169477761 334.60038419999182 546.9869918115437 738.24065288342535 132.48193122260273
leaf_count=2447 3925 4255 17871 7437 3588 4413 8713 1402 53971 9438 4816 7570 9180 1665
internal_value=0 -9.77419e-05 9.00696e-05 -0.00128281 -0.000390257 0.000556094 -0.00217045 0.00355748 0.000331574 -0.0004104 0.000614618 0.000264881 0.00210654 -0.00235759
internal_weight=0 10184.1 9326.77 1365.23 1073.6 816.164 857.35 283.208 7961.54 2158 5803.53 4730.69 1072.84 823.368
internal_count=140691 136842 124204 19693 15438 11850 12638 3849 104511 28974 75537 61541 13996 11103
is_linear=0
shrinkage=0.0101079


Tree=41
num_leaves=15
num_cat=0
split_feature=28 27 29 30 2 14 13 0 13 13 30 21 23 16
split_gain=38.8905 47.6244 50.9874 38.604 47.9925 30.7503 36.4973 23.0269 25.272 34.2276 22.2329 22.0421 20.3895 19.2991
threshold=-0.22706275433301923 -0.20576497167348859 -1.0000000180025095e-35 1.0000000180025095e-35 1.4483218789100649 -14.168003082275389 0.010548414196819069 1.0307011604309084 0.015518832486122848 0.059739414602518089 1.0000000180025095e-35 4.5470018386840829 0.39771479368209844 0.86105030775070202
decision_type=2 2 2 2 2 2 2 2 2 2 2 2 2 2
left_child=-1 2 5 4 13 -2 -7 8 -4 10 -10 -12 -5 -3
right_child=1 3 7 12 -6 6 -8 -9 9 -11 11 -13 -14 -15
leaf_value=0.00067259257846986431 -0.0029740543210106177 -0.0008034774582002124 -0.0044623676158250187 -0.0022955980088775725 0.0033834023453978316 0.0072755032846393442 0.00016140622097879137 -0.0004765737584928087 0.0025637084009293115 -0.0055486323598884059 -0.0051690768981366717 0.0010757455517754805 0.0017493935670110949 -0.0036036872482344863
leaf_weight=4771.163080541417 115.18309039995074 1453.0635514911264 738.63666136190295 125.26094519533217 239.36056892387569 114.55599536560476 217.67862913385034 461.7315920162946 191.1183502767235 141.06524652801454 108.41504861228168 93.795262720435858 1388.7353604678065 318.96024036407471
leaf_count=63117 1597 20599 10985 1459 3188 1518 2906 6463 2221 1934 1557 1207 18313 3774
internal_value=0 -0.000563003 -0.00173531 0.000153363 -0.000750314 0.00123083 0.00284184 -0.0025256 -0.00322989 -0.00141281 4.6865e-05 -0.00214565 0.00137828 -0.00134356
internal_weight=0 5707.56 2182.18 3525.38 2011.38 447.418 332.235 1734.76 1273.03 534.394 393.329 202.21 1514 1772.02
internal_count=140838 77721 30388 47333 27561 6021 4424 24367 17904 6919 4985 2764 19772 24373
is_linear=0
shrinkage=0.0101079


Tree=42
num_leaves=15
num_cat=0
split_feature=28 27 29 30 2 21 13 23 12 29 15 13 2 16
split_gain=39.8655 54.8629 60.1764 40.5353 36.9296 26.8329 31.4243 25.0148 22.6278 22.2609 38.387 47.5225 20.888 20.4361
threshold=-0.18436925113201139 -0.11969653144478797 -1.0000000180025095e-35 1.0000000180025095e-35 1.4274961948394778 -6.4151203632354727 0.010548414196819069 0.40805928409099584 0.074936456978321089 0.87837970256805431 11.893929004669191 0.00087936248746700596 1.1873423457145693 0.54855340719223034
decision_type=2 2 2 2 2 2 2 2 2 2 2 2 2 2
left_child=-1 2 5 4 13 -2 -7 -5 -6 -4 11 -11 -9 -3
right_child=1 3 9 7 8 6 -8 12 -10 10 -12 -13 -14 -15
leaf_value=0.00067146293498062553 -0.0027247549804778675 -0.0025612401345924104 -0.0032915446774863066 -0.0029105477510994065 0.0059035791093169183 0.0067728092057252245 0.00034905105594835648 0.0027184360277946232 -2.6268818518410639e-05 -0.0015205176544000791 -0.004989698695524996 0.0062969634791189086 -0.00012804674761269507 -0.00024445281242909235
leaf_weight=4906.8127813003957 107.3162575494498 695.27123289182782 1341.9244816191494 103.93472973257303 119.62222232855856 122.66898099333048 232.2185868434608 959.46115182153881 108.6221778113395 206.52922574058175 136.1558054536581 114.9433093778789 324.60238468460739 974.15657861158252
leaf_count=64945 1457 10667 18913 1148 1501 1654 3092 12799 1538 2972 2008 1399 4124 12223
internal_value=0 -0.000578253 -0.00178918 0.000245232 -0.000699416 0.00138989 0.00277702 0.00156253 0.00300032 -0.00263054 -0.000582988 0.0012328 0.00197101 -0.00124075
internal_weight=0 5547.43 2261.76 3285.67 1897.67 462.204 354.888 1388 228.244 1799.55 457.628 321.473 1284.06 1669.43
internal_count=140440 75495 31495 44000 25929 6203 4746 18071 3039 25292 6379 4371 16923 22890
is_linear=0
shrinkage=0.0101079


Tree=43
num_leaves=15
num_cat=0
split_feature=28 27 30 30 27 2 20 2 3 14 16 15 15 0
split_gain=40.2845 57.5125 49.4268 46.8447 37.1359 32.4727 40.5986 31.7628 27.2972 18.9242 34.2668 53.0668 24.0121 18.3961
threshold=-0.16288578510284421 -0.49049438536167139 1.0000000180025095e-35 1.0000000180025095e-35 -0.88186877965927113 1.4274961948394778 -2.1976404190063472 1.1797217726707461 0.34604898095130926 -7.0387449264526358 0.80392622947692882 8.3125410079956072 10.986638069152834 0.53401675820350658
decision_type=2 2 2 2 2 2 2 2 2 2 2 2 2 2
left_child=-1 3 5 4 -2 8 -7 13 -3 -10 11 -11 -13 -4
right_child=1 2 7 -5 -6 6 -8 -9 9 10 -12 12 -14 -15
leaf_value=0.00059313325327359321 0.00062858313529039623 0 -8.2560498615635064e-05 -0.0042797539220485641 -0.0032526100129446501 0.0072825744722521393 -0.00047371872488378422 -0.00091091932559402467 -0.0041875155190981353 -0.0046180423094396442 -0.0041518071357285304 0.0056687721354231543 -0.00012003808097216753 0.0028113408872603319
leaf_weight=4976.8198291771114 653.22219628840685 723.4907112531364 256.04913241229951 669.14261014573276 388.94605138897896 93.75047411583364 186.87391168624163 443.69092686846852 433.90060375630856 125.20971868373454 253.83735099062324 152.30351872369647 110.12633696757257 969.26383987814188
leaf_count=65927 9046 10855 3577 9414 5400 1252 2582 5832 6544 1649 2707 1634 1435 12613
internal_value=0 -0.000662498 2.88263e-05 -0.00219376 -0.00079445 -0.000998373 0.00210121 0.00133154 -0.00151116 -0.00252672 -0.00130492 0.000501015 0.00315485 0.002177
internal_weight=0 5459.81 3748.5 1711.31 1042.17 2079.49 280.624 1669 1798.87 1075.38 641.477 387.64 262.43 1225.31
internal_count=140467 74540 50680 23860 14446 28658 3834 22022 24824 13969 7425 4718 3069 16190
is_linear=0
shrinkage=0.0101079


Tree=44
num_leaves=15
num_cat=0
split_feature=13 13 0 3 15 5 0 2 0 2 30 18 20 16
split_gain=37.5144 33.0427 38.6162 26.2204 25.1055 23.8542 20.2775 25.6816 14.9883 20.4173 20.5853 39.9179 20.0415 19.8236
threshold=-0.088710099458694444 -0.034374777227640145 0.70831051468849193 0.67606309056282055 4.40531349182129 1.2289267182350161 0.52323517203331005 0.93367129564285289 1.7508552670478823 0.81874704360961925 0.81174489855766307 62.500000000000007 1.3520708084106448 0.75039550662040722
decision_type=2 2 2 2 2 2 2 2 2 2 2 2 2 2
left_child=4 2 -2 5 -1 -4 7 -3 9 10 12 -12 13 -8
right_child=1 6 3 -5 -6 -7 8 -9 -10 -11 11 -13 -14 -15
leaf_value=0.0056668665333805658 -0.0038554414507714812 -0.00011701115524529338 0.0018605646545434618 -0.0031402048446241078 -0.00018352119799226361 -0.0016751436034218613 0.0003791614495943093 -0.0048347028002750526 0.0017374030173914993 -0.00025162435798684822 0.0004637181635543799 0.0069079711768212579 -0.00099646720718873927 0.0030284245604357725
leaf_weight=189.18983485549688 468.2342560775578 394.62116133235395 513.32887375727296 254.4016105402261 99.382501177489758 295.54145288281143 1243.6854890622199 173.11605531163514 665.24616480432451 4657.7445051409304 296.89843743294477 152.53800497762859 674.99709270708263 389.8213746547699
leaf_count=2505 6914 5609 7776 3532 1399 4032 16250 2765 9223 61107 4071 2111 8440 5032
internal_value=0 -8.60173e-05 -0.00145315 -0.000337489 0.00356249 0.00051552 0.000152463 -0.00167098 0.000287035 0.000149817 0.000841258 0.00281832 0.000430844 0.0010472
internal_weight=0 10180.2 1531.51 1063.27 288.572 808.87 8648.67 567.737 8080.93 7415.68 2757.94 449.436 2308.5 1633.51
internal_count=140766 136862 22254 15340 3904 11808 114608 8374 106234 97011 35904 6182 29722 21282
is_linear=0
shrinkage=0.0101079


Tree=45
num_leaves=15
num_cat=0
split_feature=13 28 27 30 2 13 15 16 16 30 15 2 15 20
split_gain=37.1924 36.9838 39.6074 40.5161 39.8233 28.8694 23.7982 23.756 48.8391 24.7525 21.8562 26.4029 26.3884 21.4654
threshold=-0.088710099458694444 -0.22706275433301923 -0.11969653144478797 1.0000000180025095e-35 1.4483218789100649 -0.026610218919813629 4.2100682258605966 0.54855340719223034 0.85770887136459362 -0.56174489110708226 6.8341922760009775 0.77471292018890392 5.2424566745758066 -0.83568587899208058
decision_type=2 2 2 2 2 2 2 2 2 2 2 2 2 2
left_child=6 -2 5 4 7 -3 -1 9 13 -4 12 -12 -7 -9
right_child=1 2 3 -5 -6 10 -8 8 -10 -11 11 -13 -14 -15
leaf_value=0.0056802305882274031 0.00055489071649441365 -0.0039384958466732482 -0.0043774910774382527 0.0013762172884914448 0.0032048509111413767 -0.00082002986666833248 0 -0.0019033026553445045 -0.0036418487241038381 -0.00020059919448619951 0.0016676944738600865 -0.0023017218966815715 0.0042547231038212712 0.0021305143504228314
leaf_weight=182.47108961455524 4699.1647922191769 469.2670555151999 423.96663615852594 1358.6132020764053 200.9374116063118 297.02848206460476 103.22208823822439 164.85943475551903 319.10485924780369 251.17075985483825 183.14987973123789 1148.6963220126927 146.25003288500011 517.34374512918293
leaf_count=2438 62320 6827 6572 17613 2794 4643 1455 2202 3818 3742 2194 15510 2043 6577
internal_value=0 -9.78981e-05 -0.000665005 3.90579e-05 -0.000908779 -0.00169481 0.0035527 -0.00143817 -0.00039622 -0.00290249 -0.00106464 -0.00171924 0.000808137 0.00108673
internal_weight=0 10179.6 5480.39 3236 1877.38 2244.39 285.693 1676.45 1001.31 675.137 1775.12 1331.85 443.279 682.203
internal_count=140748 136855 74535 43318 25705 31217 3893 22911 12597 10314 24390 17704 6686 8779
is_linear=0
shrinkage=0.0101079


Tree=46
num_leaves=15
num_cat=0
split_feature=0 14 15 7 11 23 3 16 14 22 4 3 33 5
split_gain=26.2762 18.8281 27.8859 18.7599 46.263 18.7574 25.9239 35.8855 31.8329 23.3297 20.7629 20.0057 20.8912 17.6907
threshold=0.55887413024902355 -6.977825164794921 3.8308119773864751 5.5138280391693124 0.075744848698377623 2.1013896465301518 0.57336914539337169 0.16900514811277392 -10.109520912170408 0.36249019205570226 -3.1344072818756099 0.26165521144866949 0.99611112475395214 -4.1320600509643546
decision_type=2 2 2 2 2 2 2 2 2 2 2 2 10 2
left_child=1 2 -1 -3 -5 6 7 10 -9 -8 -2 -12 13 -13
right_child=5 3 -4 4 -6 -7 9 8 -10 -11 11 12 -14 -15
leaf_value=0.00084833687250791237 -0.0012716808015385207 -0.002374124425826454 -0.0041192465673390369 0.0068233575829931923 -0.0013583074434479125 0.0021588863541109698 -0.00096209060195943984 -0.0011652747362902007 0.00079466659813378065 0.00073849134770833638 -0.00023880205115157723 -0.0017628418851917717 0.0069449120252716399 0.0040991185703903284
leaf_weight=140.20767513848841 83.573352247476578 194.27640300989151 403.07892795093358 103.42435190267861 173.74878613650799 470.53445919975638 2984.7069734651595 1137.3101364541799 3161.932044159621 1104.7739270124584 85.968878278508782 67.404315402731299 209.59631732106209 131.84548491612077
leaf_count=2280 1210 2582 6371 1417 2322 6090 39704 16476 39591 14858 1460 1440 1679 2998
internal_value=0 -0.00150078 -0.00276974 0 0.00165344 0.000204202 9.53715e-05 0.000596351 0.000265639 -0.000492274 0.00295 0.00375212 0.00467754 0.00192844
internal_weight=0 1014.74 543.287 471.45 277.173 9437.65 8967.11 4877.63 4299.24 4089.48 578.388 494.815 408.846 199.25
internal_count=140478 14972 8651 6321 3739 125506 119416 64854 56067 54562 8787 7577 6117 4438
is_linear=0
shrinkage=0.0101079


Tree=47
num_leaves=15
num_cat=0
split_feature=28 3 16 0 29 33 14 3 17 13 33 2 12 3
split_gain=43.7924 43.5198 28.2404 23.3298 21.576 19.2029 19.5841 14.8716 14.7025 16.4582 14.8044 14.366 18.8124 17.9102
threshold=-0.18436925113201139 0.48547756671905523 0.15164598077535632 0.53401675820350658 -0.60785761475563038 1.0545857548713686 -6.9219355583190909 0.29300795495510107 13.500000000000002 0.030708769336342815 1.0013927817344668 1.3770981431007387 0.042157815769314773 0.39214389026165014
decision_type=2 2 2 2 2 8 2 2 2 2 8 2 2 2
left_child=5 2 -2 -4 -3 -1 7 -7 9 10 -6 12 -5 -14
right_child=1 4 3 11 8 6 -8 -9 -10 -11 -12 -13 13 -15
leaf_value=0.00014638251404993675 0.0035176658720519863 0.0030417356970045728 -0.0021403622914419242 0.00079719675964716398 0.0030324317136842917 -0.0024528561190908585 0.0025823404500186675 0.00097824132314871279 -0.001888167090348675 -0.0021377921686976556 -0.00097889413048277358 0.0041205244470993935 -0.0042249194002942168 0.00057103066482188031
leaf_weight=2873.6570031419396 257.42787191830575 95.590457839891315 405.06519565731287 1322.9151838775724 204.72941852360964 135.34855885058641 885.98971449024975 1019.9647814836353 2487.2756899707019 232.46495302580297 143.11600625514984 101.06525206565857 159.22584728710353 124.36924318782985
leaf_count=21580 3820 1272 5862 17471 1565 2769 18461 22297 34770 2785 3129 1293 1988 1480
internal_value=0 -0.000614454 0.000407361 0 -0.00139198 0.000695656 0.00144571 0.000527993 -0.00155052 -2.86971e-05 0.00128252 0.000536094 0.000267091 -0.00202277
internal_weight=0 5533.25 2370.07 2112.64 3163.18 4914.96 2041.3 1155.31 3067.59 580.31 347.845 1707.58 1606.51 283.595
internal_count=140542 75435 31914 28094 43521 65107 43527 25066 42249 7479 4694 22232 20939 3468
is_linear=0
shrinkage=0.0101079


Tree=48
num_leaves=15
num_cat=0
split_feature=13 13 0 3 15 28 27 30 30 16 15 27 15 23
split_gain=33.2956 35.9123 38.365 24.3195 22.4568 22.2057 27.837 37.3151 34.4798 24.4515 42.4296 27.8425 24.8251 23.8713
threshold=-0.088710099458694444 -0.034374777227640145 0.70831051468849193 0.67606309056282055 4.40531349182129 -0.20576497167348859 -0.47136868536472315 1.0000000180025095e-35 1.0000000180025095e-35 0.84801238775253307 8.667966842651369 0.56457334756851207 11.355501651763918 0.58472251892089855
decision_type=2 2 2 2 2 2 2 2 2 2 2 2 2 2
left_child=4 2 -2 -4 -1 -3 7 13 9 10 -8 12 -12 -7
right_child=1 5 3 -5 -6 6 8 -9 -10 -11 11 -13 -14 -15
leaf_value=0.0053625901453704964 -0.0038849143269011222 0.00070757671971985036 0.00043472450400969416 -0.0030784237246995268 -0.00016857196799857963 -0.0046825201164951208 -0.0020981245063300441 -0.0034732995624698463 0.0014831584002740052 -0.0027229183062983005 0.0028013376129512736 0.0033565694078389811 -0.0029732738509095458 0.00041917243631468798
leaf_weight=188.70387127436697 470.04251543432474 4197.5028180200607 812.00055960938334 254.80951120331883 98.470364734530449 97.728332754224539 535.17695546150208 565.34996900893748 1293.7963797040284 440.93616725690663 115.44595401920378 408.32289579510689 181.74945117719471 804.33629576675594
leaf_count=2486 6981 54617 11785 3541 1392 1338 7724 7980 17033 5402 1402 5483 2592 11007
internal_value=0 -7.13995e-05 -0.00149391 -0.000382612 0.00337335 0.000178033 -0.000313523 -0.00145293 0.00023711 -0.000699958 0 0.00165166 -0.000583285 -0.000123668
internal_weight=0 10177.2 1536.85 1066.81 287.174 8640.35 4442.84 1467.41 2975.43 1681.63 1240.7 705.518 297.195 902.065
internal_count=140763 136885 22307 15326 3878 114578 59961 20325 39636 22603 17201 9477 3994 12345
is_linear=0
shrinkage=0.0101079


Tree=49
num_leaves=15
num_cat=0
split_feature=28 27 29 14 21 16 5 2 12 8 2 33 10 11
split_gain=38.2308 50.3564 50.5583 37.7852 38.1933 23.8931 35.2208 27.2989 19.5965 18.7445 19.8621 15.9153 17.6698 27.4301
threshold=-0.18436925113201139 -0.14132478833198545 -1.0000000180025095e-35 -14.168003082275389 4.1470806598663339 0.16461892426013949 -5.6308171749114981 1.4483218789100649 0.074936456978321089 1.0189159512519839 0.8389105796813966 1.0545857548713686 0.088959701359272017 0.037644978612661369
decision_type=2 2 2 2 2 2 2 2 2 2 2 8 2 2
left_child=11 2 3 -2 -5 6 -3 -7 -9 10 -4 12 13 -1
right_child=1 5 9 4 -6 7 -8 8 -10 -11 -12 -13 -14 -15
leaf_value=0.00099355388979795937 -0.0035502666342812485 -0.0027938584536832756 -0.00054470675346890733 0.0061289619806287636 -0.00035801005068420669 -0.00048185425373597059 0.0041843057326436117 0.0055286920152956996 0.00030651990473099124 -0.00058523928505256595 -0.0037867813366720244 0.0013078261503668513 0.00089241841276038074 -0.0018702174710199554
leaf_weight=555.79404902458191 114.94479398615658 84.134515440091491 276.36228717677295 173.64926608838141 165.84389197267592 2618.9858828205615 299.81652193889022 129.97083051688969 198.51597076281905 428.3904232122004 1059.0652557276189 2038.4819611217827 1498.2178974896669 820.36297040432692
leaf_count=4195 1596 1127 3865 2302 2210 34342 4764 1602 2826 6229 14841 43413 11258 6103
internal_value=0 -0.000598861 -0.00177769 0.00115304 0.00290518 0.000176213 0.00252712 -0.000122058 0.00257187 -0.00255735 -0.00315291 0.000624241 0.000123217 -0.000685248
internal_weight=0 5549.68 2218.26 454.438 339.493 3331.42 383.951 2947.47 328.487 1763.82 1335.43 4912.86 2874.37 1376.16
internal_count=140673 75704 31043 6108 4512 44661 5891 38770 4428 24935 18706 64969 21556 10298
is_linear=0
shrinkage=0.0101079


Tree=50
num_leaves=15
num_cat=0
split_feature=28 27 16 5 14 15 15 3 23 14 14 2 3 3
split_gain=38.9588 45.1726 27.3435 30.4138 19.2854 25.2373 20.8801 32.4594 18.0339 17.6109 18.0713 26.0185 53.5657 32.6798
threshold=-0.22706275433301923 -0.20576497167348859 0.16461892426013949 -5.6308171749114981 -11.415253162384031 6.4095845222473153 7.8995103836059579 0.85419827699661266 0.93759071826934826 -7.4188742637634268 -17.620764732360836 0.509178787469864 0.31328327953815466 0.34856162965297705
decision_type=2 2 2 2 2 2 2 2 2 2 2 2 2 2
left_child=-1 4 3 -3 5 8 7 -6 -2 10 -4 12 -12 -13
right_child=1 2 9 -5 6 -7 -8 -9 -10 -11 11 13 -14 -15
leaf_value=0.0006163720361715573 -0.0035441024653936341 -0.0023485710998906065 0.0019584421490438869 0.0039930930491931258 -0.0012493762898524027 -0.0070676594118827055 -0.0017611037832771484 0.0047696668475858735 7.3127065534918996e-05 0.00039661032043282647 -0.0025446044776705088 0.00083508477903406809 0.0070809283470684072 -0.0034140765736730295
leaf_weight=4785.2179345786572 316.1858779527247 86.865811608731747 152.24098648130894 320.39248827472329 229.27273325994611 139.1998515445739 1144.5860514454544 136.32791933603585 211.04115733504295 1803.2080984599888 130.38795283995569 227.24803803302348 92.354936167597771 705.97444102913141
leaf_count=63150 4894 1169 2269 5049 3314 2228 15137 1973 2966 22557 1890 3388 1275 9691
internal_value=0 -0.000619262 7.83626e-05 0.00252452 -0.0017619 -0.00321843 -0.00107952 0.000938183 -0.00204008 -0.000234229 -0.0011318 -0.00158377 0.00137297 -0.00233794
internal_weight=0 5695.29 3518.67 407.258 2176.61 666.427 1510.19 365.601 527.227 3111.41 1308.21 1155.97 222.743 933.222
internal_count=140950 77800 47288 6218 30512 10088 20424 5287 7860 41070 18513 16244 3165 13079
is_linear=0
shrinkage=0.0101079


Tree=51
num_leaves=15
num_cat=0
split_feature=28 27 29 14 30 13 23 29 11 11 18 3 14 29
split_gain=35.9343 56.2453 59.0011 33.9135 31.2023 27.9257 24.3799 35.5154 26.5419 22.3571 31.3706 25.656 23.6241 34.215
threshold=-0.22706275433301923 -0.18436925113201139 -1.0000000180025095e-35 -14.31279134750366 1.0000000180025095e-35 0.011375580448657276 0.84958401322364818 0.87837970256805431 0.063744165003299727 0.087119068950414671 80.500000000000014 0.67371293902397167 -7.4866476058959952 0.87837970256805431
decision_type=2 2 2 2 2 2 2 2 2 2 2 2 2 2
left_child=-1 2 3 -2 9 -5 -4 -8 -9 11 -11 12 13 -3
right_child=1 4 6 5 -6 -7 7 8 -10 10 -12 -13 -14 -15
leaf_value=0.00063792139474200791 -0.0031986569885138821 -0.0053695478420953107 -0.0037294155327356644 0.0067331590585952943 0.0013475561690002942 0.00056225994833438179 -0.0026905326791530214 0.0049056300902143033 -0.0015613737732624255 0.0026864968260476916 -0.0016550082198601198 0.0020507868535430311 -0.00048630024745426097 0
leaf_weight=4770.1238940693438 110.30836421996355 340.02892773784697 987.18339079990983 122.26404021307826 1492.2704477217048 220.32719173654914 523.06713701412082 131.01835725642741 103.62565207853913 403.12912187725306 272.34914023429155 177.73086800798774 612.25065765716136 187.60853203944862
leaf_count=63012 1570 5492 13957 1616 19417 2935 7377 1936 1449 5600 3367 2393 7768 2710
internal_value=0 -0.00055093 -0.00181641 0.00135829 0.000237685 0.00297891 -0.00266586 -0.00120392 0.00192324 -0.000575026 0.000877807 -0.00135115 -0.00192698 -0.00349226
internal_weight=0 5683.16 2197.79 452.9 3485.37 342.591 1744.89 757.711 234.644 1993.1 675.478 1317.62 1139.89 527.637
internal_count=140599 77587 30840 6121 46747 4551 24719 10762 3385 27330 8967 18363 15970 8202
is_linear=0
shrinkage=0.0101079


Tree=52
num_leaves=15
num_cat=0
split_feature=28 29 13 2 23 15 11 2 29 15 7 20 23 29
split_gain=34.5546 26.0695 39.3138 26.0561 23.406 21.1567 37.9029 32.0805 20.9283 24.4332 20.7993 43.408 26.1088 27.0555
threshold=-0.22706275433301923 1.0000000180025095e-35 -0.088710099458694444 0.83368119597435009 1.0538709163665774 14.227209091186525 0.092919949442148222 1.1797217726707461 -0.60785761475563038 9.0326681137084979 6.7509653568267831 1.3520708084106448 0.71918717026710521 0.6078576147556306
decision_type=2 2 2 2 2 2 2 2 2 2 2 2 2 2
left_child=-1 5 -3 10 -5 8 7 -7 -2 -10 12 -12 13 -4
right_child=1 2 3 4 -6 6 -8 -9 9 -11 11 -13 -14 -15
leaf_value=0.00062049264016485585 0.0039880899624042494 0.004397702959159611 -0.0054686225984092538 -0.0027388883929750814 0 0.0085546392343574581 1.0942107889432549e-05 0.00042456136796301 0.00017677604255072847 -0.0025750275055721212 0.0039622630771558075 -0.0027693402110841986 0.0007391297903748445 -0.00080788222132563458
leaf_weight=4759.1531900167465 96.558615451678634 117.30188237316906 195.87896863184869 1420.5814856048673 416.52776187285781 119.32762244716287 459.00085064023733 100.9906107801944 1015.6010261960328 464.04738492146134 271.72225341573358 137.25204333104193 445.36358383484185 420.88631360791624
leaf_count=62898 1267 1522 2991 20206 5680 1756 5665 1492 14071 6155 3753 1552 5930 5668
internal_value=0 -0.000546058 -0.00110321 -0.00132015 -0.00212401 0.000283071 0.00177351 0.00514459 -0.000339166 -0.0006678 -0.000283117 0.00159657 -0.00105098 -0.0024017
internal_weight=0 5681.04 3425.51 3308.21 1837.11 2255.53 679.319 220.318 1576.21 1479.65 1471.1 408.974 1062.13 616.765
internal_count=140606 77708 47302 45780 25886 30406 8913 3248 21493 20226 19894 5305 14589 8659
is_linear=0
shrinkage=0.0101079


Tree=53
num_leaves=15
num_cat=0
split_feature=28 27 30 14 21 15 27 15 20 33 30 14 15 3
split_gain=40.5585 46.248 36.7415 21.9196 32.6027 27.348 37.5494 32.202 23.6929 63.0863 20.4686 17.443 31.8929 33.5908
threshold=-0.18436925113201139 -0.20576497167348859 1.0000000180025095e-35 -17.620764732360836 0.8027361035346986 11.264681339263918 0.50938662886619579 8.815279960632326 0.99040165543556224 0.9590476155281068 -0.56174489110708226 -11.226788520812987 6.8341922760009775 0.85939016938209545
decision_type=2 2 2 2 2 2 2 2 2 10 2 2 2 2
left_child=-1 11 3 -3 10 7 -7 -6 9 -8 -5 -2 13 -13
right_child=1 2 -4 4 5 6 8 -9 -10 -11 -12 12 -14 -15
leaf_value=0.00070015127666969929 -0.003129655594668013 0.0021839253704348375 0.0013573669044646655 -0.0042646011119649345 -0.0014297246816365361 -0.0039893940162370571 -0.0025331749584320317 0.0052619231982807017 -0.0011174930092001979 0.0079987639990494516 -0.00030591553988715058 -0.00073637013145363907 -0.0017826936795773715 0.0063458452849562991
leaf_weight=4936.1682403944433 657.49535413831472 215.78011818602681 1485.0344897676259 413.33630884438753 106.08045978844166 277.64978991448879 96.421855749562383 173.65009519830346 329.59943978860974 115.95377486199141 231.16062447987497 154.18739293701947 1185.0018785111606 102.99827312491834
leaf_count=65100 9970 3441 19356 6131 1397 3622 2035 2025 4050 899 3268 2285 15812 1417
internal_value=0 -0.000558238 0.000152221 -0.000742191 -0.00113532 -3.54024e-05 -0.00100393 0.00261279 0.00048598 0.00311103 -0.00292705 -0.00173934 -0.00106442 0.00204815
internal_weight=0 5544.35 3444.67 1959.63 1743.85 1099.36 819.625 279.731 541.975 212.376 644.497 2099.68 1442.19 257.186
internal_count=140808 75708 46224 26868 23427 14028 10606 3422 6984 2934 9399 29484 19514 3702
is_linear=0
shrinkage=0.0101079


Tree=54
num_leaves=15
num_cat=0
split_feature=13 13 15 22 15 3 29 23 23 15 14 30 3 15
split_gain=25.3141 32.8695 36.6285 26.0285 24.3441 23.9905 22.773 29.0572 18.5948 16.9593 17.5461 15.7201 43.0118 24.5046
threshold=-0.088710099458694444 -0.034374777227640145 3.0526865720748906 -0.3131642341613769 4.2744748592376718 0.35666145384311682 -0.60785761475563038 0.49275982379913336 2.1933538913726811 6.8341922760009775 -7.1610443592071524 0.81174489855766307 0.42178717255592352 15.343608379364015
decision_type=2 2 2 2 2 2 2 2 2 2 2 2 2 2
left_child=4 2 -2 5 -1 -4 -3 9 11 -8 -11 -9 -13 -14
right_child=1 6 3 -5 -6 -7 7 8 -10 10 -12 12 13 -15
leaf_value=0.0051112017696466885 0.00091804509838627909 0.00464412984024643 -0.001051204277569397 -0.00048704910022536699 -0.00056430102519677285 -0.0054204942433207712 0.001221053067380495 -7.4892676412487713e-06 0.0026052278555410676 -0.0062512242492855008 -0.001545063242479426 0.0040875713004697957 -0.00061440485135903246 0.0033414419459532087
leaf_weight=186.21476807631552 460.67697871103883 109.87906147912145 241.45272572897375 458.34110318683088 106.47522479481995 368.25570127367973 122.35590779781342 6108.8060752525926 343.573266569525 111.80720838159323 412.73657857626677 370.91859569400549 864.22803360596299 187.6135548055172
leaf_count=2446 7319 1432 3345 6683 1466 4867 1953 81053 4362 1745 4852 5455 11091 2451
internal_value=0 -2.50579e-05 -0.00139086 -0.00242385 0.00294984 -0.00379019 0.000213155 0.000147172 0.000321365 -0.00189054 -0.00269956 0.000209276 0.00116337 7.19502e-05
internal_weight=0 10160.6 1528.73 1068.05 292.69 609.708 8631.92 8522.04 7875.14 646.9 524.544 7531.57 1422.76 1051.84
internal_count=140520 136608 22214 14895 3912 8212 114394 112962 104412 8550 6597 100050 18997 13542
is_linear=0
shrinkage=0.0101079


Tree=55
num_leaves=15
num_cat=0
split_feature=28 27 29 29 30 2 27 14 14 2 3 2 14 29
split_gain=33.1856 45.6004 42.5361 31.4934 30.8848 28.7878 28.6265 28.594 47.3745 30.9923 29.324 26.1406 22.6393 18.6104
threshold=-0.22706275433301923 -0.45201864838600153 -1.0000000180025095e-35 0.87837970256805431 1.0000000180025095e-35 1.4919748902320864 -0.88186877965927113 -7.1610443592071524 -2.6550478935241695 0.40721851587295538 0.36271227896213537 1.1797217726707461 -13.784553527832029 0.87837970256805431
decision_type=2 2 2 2 2 2 2 2 2 2 2 2 2 2
left_child=-1 2 12 -4 5 7 -5 10 9 -9 -3 -6 -2 -12
right_child=1 4 3 6 11 -7 -8 8 -10 -11 13 -13 -14 -15
leaf_value=0.00063754193447975544 -0.0026237940474320032 -0.00051192849436721517 -0.0034552435537375729 0.0020306486518803881 0.0018942010465845518 0.0024214479392300277 -0.0036669933155407662 -0.0031058034094498016 -0.0030727714736969712 0.0024384298988624317 -0.0061874269440548631 -0.00089008904144640799 0.0026410367086858108 -0.0013095077342597668
leaf_weight=4776.7630426902324 103.91786205209792 415.06712014600635 1093.5829434245825 238.53001377359033 1253.0151404738426 252.60637797042727 134.38405304402113 111.8618822209537 340.96289007365704 591.52866932749748 249.24162708967924 446.41648787260056 281.38257985189557 158.40392594411969
leaf_count=63020 1421 6632 15514 3323 16519 3431 1920 1370 3833 7741 3803 5842 3761 2423
internal_value=0 -0.000504936 -0.00180445 -0.00259534 0.00011693 -0.000684113 0 -0.00113403 0 0.00147588 -0.00253413 0.00113837 0.00109463 -0.00444838
internal_weight=0 5670.9 1851.8 1466.5 3819.1 2119.67 372.914 1867.07 1044.35 703.391 822.713 1699.43 385.3 407.646
internal_count=140553 77533 25939 20757 51594 29233 5243 25802 12944 9111 12858 22361 5182 6226
is_linear=0
shrinkage=0.0101079


Tree=56
num_leaves=15
num_cat=0
split_feature=28 27 30 14 14 2 11 30 0 30 27 11 2 14
split_gain=36.5164 43.9208 33.3859 44.0468 33.6223 24.8304 22.1652 27.3886 18.2961 23.6245 28.501 26.6851 21.927 17.011
threshold=-0.18436925113201139 -0.076279435306787477 0.81174489855766307 -19.91971397399902 -7.4188742637634268 0.47568809986114508 0.049810403957962997 -0.56174489110708226 0.67836895585060131 1.0000000180025095e-35 -0.83743050694465626 0.056578133255243308 0.6080533266067506 -7.5488638877868643
decision_type=2 2 2 2 2 2 2 2 2 2 2 2 2 2
left_child=13 8 3 -3 5 -5 7 -7 12 11 -11 -10 -2 -1
right_child=1 2 -4 4 -6 6 -8 -9 9 10 -12 -13 -14 -15
leaf_value=-4.9199844326273855e-05 0.0013970090247082069 0.0041003596435799684 0.0021440351812343577 0.0010355496437325989 0.00018221679687575952 -0.0072547227411953056 -0.00094060201479542348 -0.0018319928703942902 0.0021344229374891019 -0.0039122691289646639 0.00092249244759441749 -0.0013726680409697405 -0.0034811576827118661 0.0011231801679419116
leaf_weight=2327.5096396300942 90.575565822422504 195.24563687294722 659.87678354978561 171.47827653028071 1403.082680568099 204.23749649710953 351.49760889448225 232.6247898619622 367.21256583370268 421.25965955108404 154.83517737872899 533.17939255014062 750.97181268036366 2604.3000618629158
leaf_count=32852 1270 2894 8462 2589 17570 3129 5001 3439 5318 6001 2126 6934 10809 32270
internal_value=0 -0.00063178 0.00012108 -0.000389781 -0.000789888 -0.00224299 -0.00301008 -0.00453932 -0.00169133 -0.00096343 -0.00254839 1.89688e-05 -0.00290059 0.000562469
internal_weight=0 5536.08 3218.04 2558.17 2362.92 959.838 788.36 436.862 2318.03 1476.49 576.095 900.392 841.547 4931.81
internal_count=140664 75542 43084 34622 31728 14158 11569 6568 32458 20379 8127 12252 12079 65122
is_linear=0
shrinkage=0.0101079


Tree=57
num_leaves=15
num_cat=0
split_feature=28 27 29 30 2 14 13 23 2 2 29 23 14 9
split_gain=32.9225 47.8951 56.8921 36.9488 41.9647 35.5335 27.7913 23.8646 18.3763 18.3566 15.6703 33.2405 22.8033 14.5774
threshold=-0.18436925113201139 -0.11969653144478797 -1.0000000180025095e-35 1.0000000180025095e-35 1.4483218789100649 -14.31279134750366 0.010548414196819069 0.40805928409099584 1.1873423457145693 1.8330479860305788 0.87837970256805431 0.73541039228439342 -1.2434962987899778 0.13814263790845874
decision_type=2 2 2 2 2 2 2 2 2 2 2 2 2 2
left_child=-1 2 5 4 13 -2 -7 -5 -9 -10 12 -12 -4 -3
right_child=1 3 10 7 -6 6 -8 8 9 -11 11 -13 -14 -15
leaf_value=0.00061723967177099181 -0.0032249999502378893 -2.096382592165457e-05 -0.0034322733882834072 -0.0029534384119135979 0.0033502311166020257 0.0067876296806741367 0.00068210208009990335 0.0025858385596683135 -0.0019304192526240294 0.0029561576590508053 -0.0040330270903657867 0.0014257272360460175 0.0012885237656996772 -0.002001986140654798
leaf_weight=4920.4755945522338 111.70117830112576 679.01235430315137 1228.1999537870288 100.00398815609515 222.40916228853166 124.19232023879886 227.05312746763229 969.27467958256602 211.36963436566293 113.77898873202503 181.28166865371168 267.82190573774278 97.195250438526273 993.84231909736991
leaf_count=64920 1593 9535 17759 1128 2937 1616 3009 12816 2706 1393 2485 3877 1130 13558
internal_value=0 -0.000518464 -0.0016591 0.00024709 -0.000656179 0.00142379 0.00305217 0.00150056 0.00189106 -7.01841e-05 -0.00248877 -0.000719616 -0.00305031 -0.00122573
internal_weight=0 5527.14 2237.45 3289.69 1895.26 462.947 351.245 1394.43 1294.42 325.149 1774.5 449.104 1325.4 1672.85
internal_count=140462 75542 31469 44073 26030 6218 4625 18043 16915 4099 25251 6362 18889 23093
is_linear=0
shrinkage=0.0101079


Tree=58
num_leaves=15
num_cat=0
split_feature=28 27 29 14 21 21 2 20 29 15 14 7 15 23
split_gain=29.2347 47.0441 64.1496 35.0276 29.1783 20.3253 21.6592 19.8727 18.8335 34.1394 32.1864 28.6817 24.1405 18.0083
threshold=-0.22706275433301923 -0.076279435306787477 -1.0000000180025095e-35 -14.31279134750366 4.1470806598663339 -7.1607599258422843 1.4483218789100649 -4.1685433387756339 0.87837970256805431 11.80566453933716 -7.0959863662719718 -0.12042462080717085 6.4095845222473153 0.79660305380821239
decision_type=2 2 2 2 2 2 2 2 2 2 2 2 2 2
left_child=-1 2 3 -2 -5 7 -7 -3 10 11 12 -10 -4 -8
right_child=1 5 8 4 -6 6 13 -9 9 -11 -12 -13 -14 -15
leaf_value=0.00061149783650221994 -0.0028633560081469385 -0.00049264357475843374 -0.0027911099066513854 0.0058478048763930613 2.4930148144058974e-05 -0.0002538443380459386 0.0051119627843854406 0.0043311806845872779 -0.00079307640825908711 -0.004568593412833174 -0.0014350107099510444 0.0052333991555708831 -0.0070632804820127803 0
leaf_weight=4795.8168729674071 118.03901426494122 114.54838083311915 400.02514717541635 193.32876974530518 181.79118894785643 2647.5131276790053 140.98897711187601 226.91716306470335 228.40381385572255 146.20746226422489 737.41969673149288 109.70599224232137 267.08727257698774 159.47426000423729
leaf_count=63156 1668 1418 6511 2510 2423 35033 2100 3456 3351 2181 9306 1286 4174 2061
internal_value=0 -0.000459412 -0.00154177 0.00163753 0.00318849 0.000313837 2.67485e-05 0.00262158 -0.00239646 -0.000560927 -0.00299426 0.00111755 -0.0046221 0.00257566
internal_weight=0 5671.45 2382.01 493.159 375.12 3289.44 2947.98 341.466 1888.85 484.317 1404.53 338.11 667.112 300.463
internal_count=140634 77478 33410 6601 4933 44068 39194 4874 26809 6818 19991 4637 10685 4161
is_linear=0
shrinkage=0.0101079


Tree=59
num_leaves=15
num_cat=0
split_feature=27 30 30 1 33 18 15 6 18 13 16 22 33 16
split_gain=25.1849 54.5954 38.3151 32.1474 26.8787 23.5332 20.0829 25.8002 25.0134 19.1353 44.3417 22.6424 44.0187 21.1809
threshold=-0.71473535895347584 1.0000000180025095e-35 1.0000000180025095e-35 1.4013254642486574 1.0013927817344668 83.500000000000014 3.8308119773864751 -9.2290563583374006 80.500000000000014 0.015518832486122848 0.84801238775253307 -0.52549913525581349 1.0359913706779482 0.15618191659450534
decision_type=2 2 2 2 8 2 2 2 2 2 2 2 8 2
left_child=1 -1 3 9 -3 -6 7 -4 -8 13 11 12 -11 -2
right_child=2 4 6 -5 5 -7 8 -9 -10 10 -12 -13 -14 -15
leaf_value=0.00030141177847682388 0.00090355332990254005 -0.0040238444633732152 -0.00089543528264042428 0.0014532729107621226 -0.0017085268274773413 0.00450337244094669 0 0.0039387895756963949 0.0020244536785326487 0.0065733824992004596 -0.001830820410563384 0.00023477695567816241 -0.00039205041828027106 -0.0018176116021657598
leaf_weight=1586.4794102627784 325.00170750543475 606.07390426844358 128.50455682724714 843.32610309869051 343.65748883597553 66.404567850753665 1769.4585709087551 462.90046647936106 975.3274568580091 199.84347503632307 687.44004869647324 586.25380142964423 147.42084877751768 1729.3608452044427
leaf_count=21677 5385 4823 1752 11127 7756 1561 22744 6531 12681 1411 8553 7420 2960 24260
internal_value=0 -0.000848674 0.000297032 -0.000302466 -0.0026727 -0.00054172 0.00111996 0.00282274 0.000731548 -0.000718505 7.94609e-05 0.00153266 0.00355746 -0.00136573
internal_weight=0 2602.62 7854.84 4518.65 1016.14 410.062 3336.19 591.405 2744.79 3675.32 1620.96 933.518 347.264 2054.36
internal_count=140641 35817 104824 61116 14140 9317 43708 8283 35425 49989 20344 11791 4371 29645
is_linear=0
shrinkage=0.0101079


Tree=60
num_leaves=15
num_cat=0
split_feature=13 13 15 22 15 23 27 23 20 14 12 2 21 2
split_gain=26.0637 27.2354 37.1448 20.5594 20.2719 19.899 23.3773 28.1571 22.9441 21.8307 26.127 23.7545 19.6594 17.3418
threshold=-0.088710099458694444 -0.034374777227640145 2.7141351699829106 -0.3131642341613769 4.40531349182129 2.1013896465301518 -0.69930991530418385 0.57205966114997875 -2.5554381608963008 -11.314413547515867 -0.07052979618310927 0.7432217299938203 -8.9513082504272443 1.9559643268585207
decision_type=2 2 2 2 2 2 2 2 2 2 2 2 2 2
left_child=4 2 12 -4 -1 6 7 -3 13 -9 -11 -12 -2 -8
right_child=1 5 3 -5 -6 -7 8 9 -10 10 11 -13 -14 -15
leaf_value=0.0048478127695022839 -0.00023283245577137277 -0.0060963324187075455 -0.0034564272913252415 -0.00057692167685624487 -0.00036249094494386863 0.0022687282524283666 0.0012237180146989761 -0.0028851615284700314 8.7088529219163762e-05 0.0047750318756419018 0.003000392645582369 -0.00092097658926518331 0.0042884227551848132 0.0056125558545762665
leaf_weight=191.77477730251849 262.14715052396059 95.329781949520111 636.73875071294606 486.65569841489196 99.952336985617876 425.05994763225317 796.18157271109521 342.34140953235328 5300.0130361933261 97.469289494678378 168.75426383130252 1311.2132912669331 136.01278904080391 107.69857328943908
leaf_count=2519 4114 1417 8666 7136 1418 5407 10997 5169 69175 1431 2159 17376 2277 1426
internal_value=0 -6.13676e-05 -0.00130768 -0.00225714 0.00296363 0.000154291 3.80133e-05 -0.000900242 0.000350023 -0.00059809 -6.46882e-05 -0.000433516 0.00126345 0.0018337
internal_weight=0 10165.6 1521.55 1123.39 291.727 8644.06 8219 2015.11 6203.89 1919.78 1577.44 1479.97 398.16 903.88
internal_count=140687 136750 22193 15802 3937 114557 109150 27552 81598 26135 20966 19535 6391 12423
is_linear=0
shrinkage=0.0101079


Tree=61
num_leaves=15
num_cat=0
split_feature=28 27 30 2 30 27 2 20 3 16 15 15 33 11
split_gain=30.9011 42.7971 35.9397 41.2145 31.252 37.1701 30.4279 28.1444 25.9901 21.3506 54.2024 27.3893 19.3335 20.7935
threshold=-0.18436925113201139 -0.45201864838600153 1.0000000180025095e-35 1.4483218789100649 1.0000000180025095e-35 -0.88186877965927113 1.1305647492408755 -2.0582461357116695 0.34604898095130926 0.54402858018875133 11.264681339263918 8.8874096870422381 1.0545857548713686 0.033476747572422035
decision_type=2 2 2 2 2 2 2 2 2 2 2 2 8 2
left_child=12 4 3 8 5 -2 -4 -5 -3 -10 11 -11 13 -1
right_child=1 2 6 7 -6 -7 -8 -9 9 10 -12 -13 -14 -15
leaf_value=0.0013408892081831782 0.00066215483334127975 9.8285349191093546e-06 0.002032363287046843 0.0069157552318021114 -0.0035228900071686995 -0.0031599432406593112 -0.00090252505574146325 2.0965262647259187e-05 -0.0041408627400525899 -0.0013064139661844911 -0.0036359135737116209 0.0049111006262312663 0.0012851122160985867 -0.00054366202618841449
leaf_weight=834.7555625885725 685.15601372160017 732.8685692474246 1184.4831140842289 96.250416457653046 697.45696719549596 398.82772249728441 490.27011384442449 174.06527616456151 436.97292320430279 110.27868992462754 367.57110664434731 156.66803582012653 2047.469056578353 2055.6513363197446
leaf_count=6308 9459 10963 15618 1249 10009 5603 6300 2419 6610 1408 4285 1728 43464 15290
internal_value=0 -0.000563068 4.00729e-05 -0.000836519 -0.0018499 -0.000719263 0.00114893 0.00274417 -0.0014046 -0.00240278 -0.00110777 0.00223017 0.000535608 0
internal_weight=0 5530.87 3749.43 2074.68 1781.44 1083.98 1674.75 270.316 1804.36 1071.49 634.518 266.947 4937.88 2890.41
internal_count=140713 75651 50580 28662 25071 15062 21918 3668 24994 14031 7421 3136 65062 21598
is_linear=0
shrinkage=0.0101079


Tree=62
num_leaves=15
num_cat=0
split_feature=28 27 29 14 13 16 5 29 27 14 15 5 14 7
split_gain=28.8467 43.6488 56.1743 32.2646 30.3714 22.1471 27.9226 15.2926 32.3321 22.7012 19.422 18.851 14.9387 31.9094
threshold=-0.18436925113201139 -0.11969653144478797 -1.0000000180025095e-35 -14.31279134750366 0.010548414196819069 0.16461892426013949 -5.4971816539764395 0.87837970256805431 -0.88186877965927113 -6.977825164794921 6.4095845222473153 -0.42053441703319544 -4.2476320266723624 6.7509653568267831
decision_type=2 2 2 2 2 2 2 2 2 2 2 2 2 2
left_child=-1 2 3 -2 -5 6 -3 9 -9 10 -4 -10 13 -11
right_child=1 5 7 4 -6 -7 -8 8 11 12 -12 -13 -14 -15
leaf_value=0.00059319535849807652 -0.0029327046674294784 -0.0020714190615278207 -0.0026067354424162848 0.0069169350857748941 0.00057683738078041877 -2.8614444416230217e-05 0.0040426665637332652 0.0019191082093571823 -0.00021051867914718094 -0.0024937520489551356 -0.0065686029406953911 -0.0063153608185948463 -0.0028068773896132286 0.0042257689461964419
leaf_weight=4948.5919865593314 111.21957719884813 87.139796229079366 373.95042243972421 125.23094458691776 226.86899822950363 2918.3482164759189 293.97706579975784 224.86696965992451 121.80786899477243 169.73426528275013 260.84238347224891 106.90509653091431 391.29112645238638 113.32152378000319
leaf_count=65148 1587 1166 6127 1612 3000 38405 4620 3132 1683 2126 4073 1602 4955 1477
internal_value=0 -0.000468092 -0.00156191 0.00149849 0.0030433 0.000259524 0.00252732 -0.00239218 -0.000660008 -0.00295427 -0.00435644 -0.00334719 -0.00154098 9.74117e-05
internal_weight=0 5525.5 2226.04 463.32 352.1 3299.47 381.117 1762.72 453.58 1309.14 634.793 228.713 674.347 283.056
internal_count=140713 75565 31374 6199 4612 44191 5786 25175 6417 18758 10200 3285 8558 3603
is_linear=0
shrinkage=0.0101079


Tree=63
num_leaves=15
num_cat=0
split_feature=28 3 5 0 20 1 4 2 30 23 20 28 17 17
split_gain=26.5062 21.0706 26.656 23.3515 18.1577 16.9796 14.7452 17.2958 35.4531 22.7314 18.027 28.786 20.1266 18.4789
threshold=-0.69930991530418385 0.47533349692821508 2.0329561233520512 0.54932871460914623 3.3365350961685185 1.5993849635124209 1.8732191920280459 0.78391757607460033 -0.56174489110708226 0.96336951851844799 -3.2201960086822505 0.81279832124710094 70.500000000000014 32.500000000000007
decision_type=2 2 2 2 2 2 2 2 2 2 2 2 2 2
left_child=5 2 3 -2 -4 -1 7 8 -3 -10 11 12 -9 -12
right_child=1 6 4 -5 -6 -7 -8 10 9 -11 13 -13 -14 -15
leaf_value=0.00039312183142128145 -0.0011609636141087596 -0.0027262155445842194 -0.0022284996652537623 0.0014682106204891722 0.0011768698954330045 0.0022137220880607544 0.00048438277039113559 0.001013164850807328 0.0037059884667777986 -0.0014883314130117117 -0.00063044828597241462 0.0048463014900270909 -0.0023005753414515259 -0.0024888287019657813
leaf_weight=2116.7141751144081 403.43213661573827 205.29673944413662 534.79399104788899 1796.5005468577147 204.04766165092587 727.91936000064015 846.23009622655809 336.04037835262716 306.0157033521682 100.83213045075536 1043.357392821461 102.6235282626003 380.64487889222801 1351.054041935131
leaf_count=27682 5982 2618 7288 23990 2665 9695 11266 4750 4122 1440 13439 1403 5483 18862
internal_value=0 -0.000263684 0.000397583 0.00096537 -0.00123136 0.000877875 -0.000688248 -0.00095863 0.000547709 0.00231723 -0.00125875 0 -0.000696608 -0.00170048
internal_weight=0 7610.87 2938.77 2199.93 738.842 2844.63 4672.09 3825.86 612.145 406.848 3213.72 819.309 716.685 2394.41
internal_count=140685 103308 39925 29972 9953 37377 63383 52117 8180 5562 43937 11636 10233 32301
is_linear=0
shrinkage=0.0101079


Tree=64
num_leaves=15
num_cat=0
split_feature=28 3 16 11 23 13 29 29 15 13 11 20 14 3
split_gain=30.0868 34.5731 26.0568 22.4975 22.0628 19.4773 24.7414 19.243 21.1661 16.1915 29.3749 28.7146 35.6399 18.4557
threshold=-0.18436925113201139 0.51129209995269786 0.15164598077535632 0.011706416495144369 1.5544932484626772 -0.030644101090729233 1.0000000180025095e-35 0.6078576147556306 6.8341922760009775 -0.0029828654369339343 0.046651320531964309 0.73799127340316784 -6.3244025707244864 0.33671918511390692
decision_type=2 2 2 2 2 2 2 2 2 2 2 2 2 2
left_child=-1 2 -2 -3 -5 7 -7 -4 -9 -8 13 12 -12 -11
right_child=1 3 5 4 -6 6 9 8 -10 10 11 -13 -14 -15
leaf_value=0.00054751260207335265 0.0031428428342862753 0.00096889689418375928 -0.003268006068488791 -0.0018484482889783997 0.0022716419125061744 0.00191612995916266 0.0019630156797949246 -0.0024553882692533151 0.003808697797260647 -0.0069045764269502936 -0.0017049959264204126 -0.0018807622142695485 0.0056073759397455318 -0.0014663461008408599
leaf_weight=4928.8964189533144 285.61814898997545 367.52873588353395 324.19985331781209 2452.952593324706 125.39131719246507 706.63731964305043 202.01888049766421 99.37204035371542 101.02439603954554 107.22190584056079 98.383816251531243 279.79586098529398 160.48914681375027 217.54820173606277
leaf_count=64991 4236 5292 4692 34007 1606 9345 2821 1449 1182 1616 1511 3217 2205 2563
internal_value=0 -0.000537487 0.000303353 -0.00128715 -0.0016263 -4.14337e-05 0.000448019 -0.00175362 0.000531681 -0.000494631 -0.0011283 0.000256969 0.00270713 -0.00350091
internal_weight=0 5528.18 2582.31 2945.87 2578.34 2296.69 1772.1 524.596 200.396 1065.46 863.439 538.669 258.873 324.77
internal_count=140733 75742 34837 40905 35613 30601 23278 7323 2631 13933 11112 6933 3716 4179
is_linear=0
shrinkage=0.0101079


Tree=65
num_leaves=15
num_cat=0
split_feature=13 28 29 3 13 2 30 4 16 33 11 23 30 11
split_gain=31.5973 30.9772 25.9491 24.3617 30.3555 23.3003 39.5984 24.2383 19.4565 18.8806 22.2056 18.31 25.428 31.8438
threshold=-0.088710099458694444 -0.18436925113201139 -0.60785761475563038 0.41149155795574194 -0.035653291270136826 0.64903327822685253 -0.56174489110708226 0.94121846556663524 0.082402512431144728 1.0545857548713686 0.033476747572422035 0.41783098876476293 0.81174489855766307 0.08303792774677278
decision_type=2 2 2 2 2 2 2 2 2 8 2 2 2 2
left_child=-1 9 -3 11 8 6 -6 -7 -5 10 -2 -4 -13 -14
right_child=1 2 3 4 5 7 -8 -9 -10 -11 -12 12 13 -15
leaf_value=0.0032059134552971905 0.0013038105723398843 0.0035481690191520704 -0.0029540476211089199 0 -0.0025587945913402117 -0.0018459646279298295 0.0036233074179698329 0.00021676366295819976 -0.0046341428518676822 0.0011932520807353411 -0.00065776541143786407 0 0.0067051440850008507 -0.00018351936170563207
leaf_weight=290.82556370459497 822.38492956012487 134.31173097155988 153.15008164197206 101.86443881131709 156.59345293231308 1876.6322076078504 271.82871338538826 791.97615698352456 384.09930577687919 2022.5395263805985 2008.6259424239397 1170.7805648948997 134.81199949234724 110.31811347231269
leaf_count=3903 6222 1724 2022 1492 1864 26058 3485 10656 5387 42898 14950 16262 1833 1585
internal_value=0 -0.000129587 -0.00066754 -0.000790377 -0.00125142 -0.000860676 0.00126556 -0.00121979 -0.00360778 0.000448135 -7.17036e-05 0.000237712 0.000625381 0.00353282
internal_weight=0 10139.9 5286.37 5152.06 3582.99 3097.03 428.422 2668.61 485.964 4853.55 2831.01 1569.06 1415.91 245.13
internal_count=140341 136438 72368 70644 48942 42063 5349 36714 6879 64070 21172 21702 19680 3418
is_linear=0
shrinkage=0.0101079


Tree=66
num_leaves=15
num_cat=0
split_feature=28 27 30 27 30 33 23 12 6 14 14 3 33 14
split_gain=28.4917 41.4065 37.1916 38.4748 35.2365 16.9222 16.598 16.2703 30.8244 19.0969 17.5516 32.3305 18.6008 16.2143
threshold=-0.18436925113201139 -0.47136868536472315 1.0000000180025095e-35 -0.87137606739997853 1.0000000180025095e-35 1.0013927817344668 0.39771479368209844 0.032405758276581771 -2.7771313190460201 -2.9357948303222652 -9.442593574523924 0.32620069384574896 0.99611112475395214 -17.832485198974606
decision_type=2 2 2 2 2 8 2 2 2 2 2 2 10 2
left_child=-1 2 3 -2 13 -5 -6 8 -8 -9 12 -12 -10 -3
right_child=1 4 -4 5 6 -7 7 9 10 -11 11 -13 -14 -15
leaf_value=0.00054837163380715842 0.00079135707440208456 0.0016302281039753432 -0.0036407608340489474 -0.00089454488815065463 -0.0016170893107959254 -0.0055026333997139232 2.4693858648777492e-05 -0.0014439147600031857 0.0017918872611357264 0.0028310152919050354 -0.0021263286396905742 0.0040157310849537617 0.0083410132488213416 -0.0011152730379494909
leaf_weight=4943.3730979301035 698.66136060841382 231.53458204120398 677.66182544454932 203.51177210360765 174.13931217603385 170.47979613952339 421.55684129334986 315.84291751123965 98.142665054649115 151.66223850846291 112.95402032509446 268.36200364120305 136.51287666708231 1849.5346015002578
leaf_count=65095 9674 3637 9796 1541 2234 3704 5850 4289 2181 1881 1448 3130 983 25073
internal_value=0 -0.000507695 -0.00178932 -0.000564697 8.05408e-05 -0.00316925 0.00117667 0.00153323 0.00223445 0 0.00366301 0.00208617 0.00591178 -0.000785585
internal_weight=0 5510.56 1750.31 1072.65 3760.24 373.992 1679.17 1505.03 1037.53 467.505 615.972 381.316 234.656 2081.07
internal_count=140516 75421 24715 14919 50706 5245 21996 19762 13592 6170 7742 4578 3164 28710
is_linear=0
shrinkage=0.0101079


Tree=67
num_leaves=15
num_cat=0
split_feature=13 13 0 29 23 2 30 7 16 6 23 2 28 10
split_gain=27.755 27.9398 32.9853 24.4353 23.1952 22.2877 19.9971 16.1126 15.8902 21.8773 15.098 16.8379 22.2775 27.7829
threshold=-0.088710099458694444 -0.034374777227640145 0.70831051468849193 -0.60785761475563038 0.49857747554779058 0.58058938384056102 -0.56174489110708226 -13.516540527343748 0.1818075776100159 0.06196130998432637 2.1933538913726811 0.72498050332069408 -0.71473535895347584 0.04279028810560704
decision_type=2 2 2 2 2 2 2 2 2 2 2 2 2 2
left_child=6 2 -2 -3 5 -5 -1 -4 -9 -10 11 -6 13 -13
right_child=1 3 7 4 10 -7 -8 8 9 -11 -12 12 -14 -15
leaf_value=0 -0.0035604187255091576 0.0047124194722020724 0.00094488795043142914 0.0010747343724209887 0.00092496059123560329 -0.0028545940359249703 0.0052961815459452565 0.0013640505556802751 -0.0051990768539875755 -0.00037165069569559798 0.0022923198633823245 -0.0018607088186756362 -0.0005804412025970341 0.0014382483743684547
leaf_weight=126.47595498897135 460.96998334489763 111.64781740121543 513.08589171804488 188.26065891981125 2077.1427053716034 482.43105063773692 165.43232561461627 127.67444576881826 171.51550608687103 252.9886786993593 349.20705109089613 304.92653520405293 3742.7575197573751 1382.2182833421975
leaf_count=1574 6900 1429 7877 2359 27364 6595 2351 1925 2314 3268 4416 4029 50520 17815
internal_value=0 -5.6878e-05 -0.001317 0.000162037 9.35505e-05 -0.00169226 0.00306356 -0.000290037 -0.00150711 -0.00247321 0.00025265 0.000150149 -0.000139679 0.00081242
internal_weight=0 10164.8 1526.23 8638.59 8526.94 670.692 291.908 1065.26 552.179 424.504 7856.25 7507.05 5429.9 1687.14
internal_count=140736 136811 22284 114527 113098 8954 3925 15384 7507 5582 104144 99728 72364 21844
is_linear=0
shrinkage=0.0101079


Tree=68
num_leaves=15
num_cat=0
split_feature=28 27 29 30 14 13 33 14 15 14 14 13 11 20
split_gain=25.9683 40.793 41.9477 28.2655 27.6235 28.3078 18.5325 17.9572 27.2914 24.7197 41.7311 45.9999 22.3317 21.0609
threshold=-0.18436925113201139 -0.20576497167348859 -1.0000000180025095e-35 1.0000000180025095e-35 -14.31279134750366 0.010548414196819069 1.0545857548713686 -17.832485198974606 8.667966842651369 -2.6550478935241695 -7.4866476058959952 0.0045970249921083459 0.050790498033165939 1.3167127966880801
decision_type=2 2 2 2 2 2 8 2 2 2 2 2 2 2
left_child=6 2 4 7 -2 -6 -1 -3 -9 10 12 -12 -10 -13
right_child=1 3 -4 -5 5 -7 -8 8 9 -11 11 13 -14 -15
leaf_value=-5.2579897516211505e-06 -0.0031084748602628006 0.0020081851747226257 -0.0023616754247574603 0.0012169300224221362 0.0064880067960584814 0.00015840951602089377 0.0012328686489132168 -0.0026661244364414418 -0.0066476682263468959 -0.0021449646228855678 0.008497061011129254 0.0022419252743945363 0 -0.0024592899336988334
leaf_weight=2902.8274959623814 103.58962681703269 217.48643345758319 1646.7968283854425 1486.2425896637142 115.35742771998048 209.65999878570437 2062.5142448078841 622.56361884064972 83.53553088568151 368.97784707322717 97.558104349300265 348.97302690893412 92.685721343383193 120.27163048274815
leaf_count=21701 1484 3420 23691 19225 1501 2805 43641 9080 1374 4215 1382 4434 1329 1654
internal_value=0 -0.000504605 -0.00162267 0.000160621 0.00111556 0.00262402 0.000501997 -0.000624568 -0.000985269 0 0.00102772 0.00240017 -0.00308277 0.000931961
internal_weight=0 5513.7 2075.4 3438.29 428.607 325.017 4965.34 1952.05 1734.57 1112 743.024 566.803 176.221 469.245
internal_count=140936 75594 29481 46113 5790 4306 65342 26888 23468 14388 10173 7470 2703 6088
is_linear=0
shrinkage=0.0101079


Tree=69
num_leaves=15
num_cat=0
split_feature=27 30 30 33 1 2 18 13 15 13 2 15 2 18
split_gain=20.0408 50.5552 29.0486 26.582 26.2448 23.4975 22.6316 22.5658 31.0341 25.2349 24.1413 20.6795 22.9603 21.372
threshold=-0.71473535895347584 1.0000000180025095e-35 1.0000000180025095e-35 1.0013927817344668 1.4397475719451907 1.5300037264823916 81.500000000000014 0.015518832486122848 16.744976997375492 0.071650423109531416 1.1032696366310122 3.8308119773864751 1.4274961948394778 79.500000000000014
decision_type=2 2 2 8 2 2 2 2 2 2 2 2 2 2
left_child=1 5 4 -3 7 -1 -5 -2 -9 -10 -11 12 -4 -13
right_child=2 3 11 6 -6 -7 -8 8 9 10 -12 13 -14 -15
leaf_value=0.0015568897186853013 -0.0013620645391715851 -0.0039185162045719301 0.0038549639012366685 -0.0016661482885897997 0.0013400888283006496 -0.00087548603021925199 0.0042077711786027592 0.0015005640908220274 -0.0027241074779874967 -0.00094456013403390051 0.0048976855272158384 -0.00010931537020721636 -0.00041314680973479129 0.0017189264748316475
leaf_weight=785.7410037741065 2079.4885818082839 598.97564448416233 433.77193016186357 336.40406520850956 799.58650455996394 805.64228225871921 73.885271081700921 887.62978495471179 468.50319646298885 198.83173418790102 98.592900384217501 1736.2696905173361 156.92099078930914 1004.7055483236909
leaf_count=10356 30064 4810 6273 7601 10527 11370 1740 10531 5837 3155 1238 22307 1976 13041
internal_value=0 -0.000799004 0.00022271 -0.00256389 -0.000297109 0.000301864 -0.000453935 -0.000660629 0.000199312 -0.00125627 0.000933406 0.000941099 0.00266262 0.000549006
internal_weight=0 2600.65 7864.3 1009.26 4532.63 1591.38 410.289 3733.05 1653.56 765.928 297.425 3331.67 590.693 2740.98
internal_count=140826 35877 104949 14151 61352 21726 9341 50825 20761 10230 4393 43597 8249 35348
is_linear=0
shrinkage=0.0101079


Tree=70
num_leaves=15
num_cat=0
split_feature=28 27 29 29 27 14 14 29 14 2 3 15 15 7
split_gain=25.2806 45.1344 35.5419 26.5418 29.7547 25.8243 19.3228 27.0024 32.1961 36.51 47.8675 34.6299 52.6529 28.19
threshold=-0.22706275433301923 -0.47136868536472315 -1.0000000180025095e-35 0.87837970256805431 -0.88186877965927113 -14.168003082275389 -17.832485198974606 1.0000000180025095e-35 -6.977825164794921 0.5200420916080476 0.31848402321338659 11.355501651763918 8.9606723785400408 12.152910232543947
decision_type=2 2 2 2 2 2 2 2 2 2 2 2 2 2
left_child=-1 2 5 -4 -5 -2 -3 -8 9 10 -9 12 -10 -13
right_child=1 6 3 4 -6 -7 7 8 11 -11 -12 13 -14 -15
leaf_value=0.00056761693196893644 -0.003264374948379169 0.0021531520268629201 -0.003278528994034754 0.0019807708514285515 -0.0038473683503087931 0.0025187557527261515 0.001027022933118232 -0.0029916629694122037 -0.00063476422340343237 -0.003375821153512041 0.0064692322854355763 -0.0029382420280555017 0.0063743694234080538 0.00086571157386175783
leaf_weight=4782.3792918268591 96.525027461349964 442.46213484369218 1066.6175608895719 238.55206650495529 132.51066399924457 284.5022161398083 1351.2399146389216 104.8742177952081 217.27956780977547 684.81299795769155 94.420028857886791 376.52685218676925 193.64581107534468 384.23925544880331
leaf_count=62937 1342 6672 15374 3329 1924 3786 17643 1472 2614 10179 1321 4942 2093 4975
internal_value=0 -0.000429133 -0.00173993 -0.00247248 -2.91754e-05 0.000914189 0.000181874 -6.65102e-05 -0.000806037 -0.00225845 0.00136822 0.000263076 0.00262749 -0.000974763
internal_weight=0 5668.21 1818.71 1437.68 371.063 381.027 3849.5 3407.04 2055.8 884.107 199.294 1171.69 410.925 760.766
internal_count=140603 77666 25755 20627 5253 5128 51911 45239 27596 12972 2793 14624 4707 9917
is_linear=0
shrinkage=0.0101079


Tree=71
num_leaves=15
num_cat=0
split_feature=14 13 4 0 13 33 3 17 13 3 29 30 14 2
split_gain=23.75 28.3536 36.9302 24.215 17.2987 40.3733 48.6508 19.702 17.1246 22.6143 22.4138 21.1122 30.98 19.4774
threshold=-7.2228870391845694 -0.088710099458694444 -1.7885711193084715 0.52323517203331005 0.00042596983257681137 0.9590476155281068 0.59152665734291088 19.500000000000004 -0.027793128974735733 0.59152665734291088 -1.0000000180025095e-35 -0.56174489110708226 -15.051686763763426 0.56097188591957103
decision_type=2 2 2 2 2 10 2 2 2 2 2 2 2 2
left_child=1 -1 -3 -4 5 -2 -7 -8 9 11 -10 12 -5 -12
right_child=4 2 3 8 -6 6 7 -9 10 -11 13 -13 -14 -15
leaf_value=0.0024869215008789655 -0.00073177627633033769 0.00081569319965385252 -0.0037855112337436144 0 0.0001910451465186947 0.0079260660408603766 0.0035951255874792551 -0.0010588093612375331 0.0019055560043310155 -0.003647897016316487 0.002126240235779201 0.00020525047254719625 -0.0060310372795408275 -0.0012637487557005953
leaf_weight=292.23962985165417 359.8853394985199 1208.9638283047825 339.0017618611455 189.07127674669027 4393.1838859841228 169.71278879791498 169.98490396142006 170.32478152960539 372.06691053882241 447.98240978457034 183.74755416624248 637.5323190651834 156.81855247542262 1350.6890441849828
leaf_count=3912 7776 17181 5562 3141 53903 1234 1319 1335 5141 6295 2766 8633 2278 20038
internal_value=0 -0.000502654 -0.000693346 -0.00120117 0.000460581 0.00176214 0.00358498 0.00117731 -0.000918558 -0.00175635 -0.00026389 -0.000832365 -0.00282256 -0.000823023
internal_weight=0 5178.11 4885.87 3676.91 5263.09 869.908 510.022 340.31 3337.91 1431.4 1906.5 983.422 345.89 1534.44
internal_count=140514 74947 71035 53854 65567 11664 3888 2654 48292 20347 27945 14052 5419 22804
is_linear=0
shrinkage=0.0101079


Tree=72
num_leaves=15
num_cat=0
split_feature=28 27 29 30 2 12 14 7 0 2 29 16 16 29
split_gain=24.0616 39.2397 43.1372 31.4809 31.5418 26.5901 26.4599 22.0052 20.4629 24.8405 22.5363 17.6739 42.6502 38.3303
threshold=-0.18436925113201139 -0.20576497167348859 -1.0000000180025095e-35 1.0000000180025095e-35 1.4274961948394778 0.076248340308666243 -14.168003082275389 5.5138280391693124 0.98143896460533153 0.68237727880477916 0.87837970256805431 0.86724320054054271 0.58512756228446972 0.87837970256805431
decision_type=2 2 2 2 2 2 2 2 2 2 2 2 2 2
left_child=-1 2 6 4 11 -6 -2 -8 9 -4 -10 12 13 -3
right_child=1 3 8 -5 5 -7 7 -9 10 -11 -12 -13 -14 -15
leaf_value=0.00054016896765976812 -0.0028869085592459075 -0.0039254512845388282 0.0010375210268258718 0.0013275299950391848 0.0056987109197716157 -0.00063237550685521244 0.0054502784183381257 3.0483122519918767e-05 -0.0021555420488772433 -0.003528640936633192 0.0022380026259265079 -0.0033566217838149272 0.0012965709361708311 0.00056414542095101867
leaf_weight=4947.1809930000454 104.13494704663754 485.87047732435167 119.49220560118556 1499.7675805017352 130.89287532307208 110.15588451176882 150.26033530384302 178.75824186950922 305.37670782208443 1036.0337797813118 180.2098425924778 295.83830037713051 636.11379819177091 294.14252588152885
leaf_count=65104 1503 7582 1740 19419 1661 1568 1891 2427 4394 15001 2563 3518 8199 4367
internal_value=0 -0.000429107 -0.00152772 0.0002211 -0.00060976 0.00271203 0.0012332 0.00269341 -0.00228334 -0.00301793 -0.000433508 -0.00111099 -0.000597936 -0.00219195
internal_weight=0 5527.05 2074.27 3452.78 1953.01 241.049 433.154 329.019 1641.11 1155.53 485.587 1711.97 1416.13 780.013
internal_count=140937 75833 29519 46314 26895 3229 5821 4318 23698 16741 6957 23666 20148 11949
is_linear=0
shrinkage=0.0101079


Tree=73
num_leaves=15
num_cat=0
split_feature=13 13 0 29 23 27 2 20 16 30 6 13 13 23
split_gain=21.5835 28.7985 39.8841 19.5508 22.4626 33.6122 17.8029 17.8657 14.4011 14.0454 13.2766 12.281 19.9491 12.0319
threshold=-0.088710099458694444 -0.034374777227640145 0.70831051468849193 -0.60785761475563038 0.52564251422882091 -0.47136868536472315 0.58058938384056102 1.0000000180025095e-35 0.1734234765172005 -0.56174489110708226 -2.4317308664321895 0.012215250637382271 0.044690582901239402 2.1013896465301518
decision_type=2 2 2 2 2 2 2 2 2 2 2 2 2 2
left_child=9 2 -2 -3 5 -5 7 -7 -4 -1 -10 -8 -13 -6
right_child=1 3 8 4 13 6 11 -9 10 -11 -12 12 -14 -15
leaf_value=0 -0.0038160924439439208 0.0042132054920432475 0.0010310467419360424 -0.0068988127477576959 0.00015545858052056275 0.0042270813938990685 -0.0036957831053532749 -0.001087865593259262 -0.0035646983029329676 0.0045536289211727697 -0.00018876981793728069 0.0024364500722264914 -0.0027235517940521099 0.0019088303835262204
leaf_weight=127.69530501589179 461.31827021017671 111.96078226715326 472.25964196026325 96.882430279627442 7304.3145243786275 118.86809254996479 195.84012448601425 108.99487877823412 178.04231267981231 165.18069736286998 415.38292612880468 129.90755551494658 160.04414918459952 423.0834623593837
leaf_count=1572 6947 1437 7267 1367 96705 1504 3069 1335 2522 2337 5539 1686 2044 5345
internal_value=0 -7.46709e-05 -0.00135341 0.000147387 8.5616e-05 -0.00149997 -0.000645657 0.00155992 -0.000230068 0.00267378 -0.00130142 -0.0017704 -0.00027242 0.000258482
internal_weight=0 10176.9 1527 8649.9 8537.94 810.537 713.655 227.863 1065.68 292.876 593.425 485.792 289.952 7727.4
internal_count=140676 136767 22275 114492 113055 11005 9638 2839 15328 3909 8061 6799 3730 102050
is_linear=0
shrinkage=0.0101079


Tree=74
num_leaves=15
num_cat=0
split_feature=13 13 15 22 15 27 21 0 2 2 29 30 3 18
split_gain=21.1811 26.5134 33.977 23.9958 20.8374 19.4673 19.2293 17.6847 24.5777 14.519 14.1586 15.3963 32.3025 21.3348
threshold=-0.088710099458694444 -0.034374777227640145 2.645952701568604 -0.3131642341613769 4.2100682258605966 -0.11969653144478797 -8.9513082504272443 0.52323517203331005 0.93367129564285289 0.9700244963169099 -0.60785761475563038 0.81174489855766307 0.42178717255592352 79.500000000000014
decision_type=2 2 2 2 2 2 2 2 2 2 2 2 2 2
left_child=4 2 6 5 -1 -4 -2 8 -3 -7 -9 -12 -13 -14
right_child=1 7 3 -5 -6 9 -8 10 -10 -11 11 12 13 -15
leaf_value=0.0046868553480348451 -0.00030214681527591708 -6.2327737760487862e-05 -0.0060425233311463874 -0.00043364445902776161 -0.00053873546157229757 -0.0033087388004103754 0.0042476228698110291 0.0038387994403004506 -0.0047268851720222898 0.00041329934644779911 -1.4936219987435568e-05 0.0035768045964353645 -0.00068812014454523805 0.0023751288689082004
leaf_weight=182.53181560337543 254.40375729650259 386.17504033818841 214.49469459056854 498.69803288206458 108.31566974893212 290.77957409061491 130.95238582789898 104.18888533487916 169.21096662059426 136.8453682847321 6500.3810429498553 393.43307175114751 776.53988846950233 319.1113886423409
leaf_count=2399 4022 5527 3181 7299 1500 4004 2171 1292 2788 1652 85433 5549 10112 3958
internal_value=0 -9.01877e-05 -0.00131728 -0.00220291 0.00264108 -0.00349343 0.00119338 0.000122632 -0.00160024 -0.00203823 0.00024725 0.00019173 0.00111644 0.000177611
internal_weight=0 10175.2 1526.17 1140.82 290.847 642.12 385.356 8649.04 555.386 427.625 8093.65 7989.47 1489.08 1095.65
internal_count=140887 136988 22329 16136 3899 8837 6193 114659 8315 5656 106344 105052 19619 14070
is_linear=0
shrinkage=0.0101079


Tree=75
num_leaves=15
num_cat=0
split_feature=28 27 13 21 15 15 2 4 2 23 33 21 33 11
split_gain=23.903 42.6115 21.3503 24.0461 23.8382 26.6071 19.0119 21.3732 17.8033 23.0202 24.3428 21.3222 15.2646 21.5401
threshold=-0.22706275433301923 -0.076279435306787477 -0.026610218919813629 -11.714431762695311 6.8341922760009775 5.6116793155670175 0.77934524416923534 1.0044607520103457 1.4483218789100649 0.79660305380821239 0.99393379688262951 -7.1607599258422843 1.0545857548713686 0.029806329868733886
decision_type=2 2 2 2 2 2 2 2 2 2 10 2 8 2
left_child=12 2 3 -2 5 -4 -6 -8 11 10 -10 -3 13 -1
right_child=1 8 4 -5 6 -7 7 -9 9 -11 -12 -13 -14 -15
leaf_value=0.0015358718823627181 0 0.0029242703503756327 -0.00027669484675503834 -0.0044592961226471873 0.0011419343517465228 0.0052108675261861026 -0.0029934459839004671 0 0.00054997340088478526 0 0.0080844448262420935 -0.00026567980672145228 0.001190098717401922 -0.00048354653482027385
leaf_weight=717.84424321353436 152.20678481459618 225.32534785009921 337.11001800186932 414.36025140248239 198.09511087648571 109.91029827669263 805.28068311884999 347.81580287963152 98.578027028590441 230.99074862711132 97.777252309024334 2632.4558060765266 2002.1864014677703 2090.7520633563399
leaf_count=5417 2176 3543 5295 6194 2418 1570 10985 4795 2053 2735 718 35014 42254 15541
internal_value=0 -0.000451624 -0.00148674 -0.0032149 -0.000908525 0.0010483 -0.00158797 -0.00209626 0.000282915 0.00218806 0.00466249 0 0.00051707 2.09763e-05
internal_weight=0 5649.91 2364.78 566.567 1798.21 447.02 1351.19 1153.1 3285.13 427.346 196.355 2857.78 4810.78 2808.6
internal_count=140708 77496 33433 8370 25063 6865 18198 15780 44063 5506 2771 38557 63212 20958
is_linear=0
shrinkage=0.0101079


Tree=76
num_leaves=15
num_cat=0
split_feature=13 0 27 27 30 33 2 30 2 33 16 16 0 28
split_gain=31.1527 28.6907 19.3888 17.8054 46.4718 28.7707 26.5337 25.9773 26.9551 26.6589 21.8965 33.8999 54.2548 42.5476
threshold=-0.088710099458694444 0.53401675820350658 -0.43245348334312433 -0.71473535895347584 1.0000000180025095e-35 1.0013927817344668 1.5300037264823916 1.0000000180025095e-35 1.3969033956527712 0.99393379688262951 0.86105030775070202 0.65259486436843883 0.92525357007980358 -0.076279435306787477
decision_type=2 2 2 2 2 8 2 2 2 10 2 2 2 2
left_child=-1 2 -2 4 6 -6 -3 8 9 -5 11 13 -13 -11
right_child=1 3 -4 7 5 -7 -8 -9 -10 10 -12 12 -14 -15
leaf_value=0.0032633957760065235 -0.0058515261843177071 0.0017940653712740758 -0.0011602029168759872 0.00049854591564001875 -0.0038249170671813704 -0.0001449170923398486 -0.00084905706658131757 0.0010938296050566857 0.0015464017359636724 -3.1029583636657141e-05 -0.0034176575183111411 0.0038378398692668994 -0.0024136404750867754 -0.0045137936391569161
leaf_weight=290.56183974817395 107.22750130295753 758.87325866706669 666.61340554431081 1346.9030806608498 562.95174328237772 389.56542184390128 757.56659947149456 2917.4659453108907 752.20104429870844 540.13241838663816 409.56921419501305 327.69590853899717 231.59144303947687 375.31080083549023
leaf_count=3869 1674 9914 9959 28480 4499 8900 10763 37530 10472 4136 3038 2485 1696 3049
internal_value=0 -4.94885e-05 -0.00191288 0.00010152 -0.000627893 -0.00237515 0.000449431 0.000368752 -0.000153227 -0.000564104 -0.00134404 -0.000726196 0.00118013 -0.00193486
internal_weight=0 10143.7 773.841 9369.83 2468.96 952.517 1516.44 6900.87 3983.4 3231.2 1884.3 1474.73 559.287 915.443
internal_count=140464 136595 11633 124962 34076 13399 20677 90886 53356 42884 14404 11366 4181 7185
is_linear=0
shrinkage=0.0101079


Tree=77
num_leaves=15
num_cat=0
split_feature=28 27 30 30 27 23 16 16 14 14 13 13 29 11
split_gain=22.7171 37.2485 38.7184 36.9107 32.9177 18.5651 16.8595 39.7662 38.8344 22.0633 27.185 19.2135 17.4398 17.2346
threshold=-0.18436925113201139 -0.49049438536167139 1.0000000180025095e-35 1.0000000180025095e-35 -0.88186877965927113 0.39771479368209844 0.54855340719223034 0.83849343657493602 -17.620764732360836 -7.4188742637634268 -0.0034288752358406778 0.015113937668502333 0.87837970256805431 0.029806329868733886
decision_type=2 2 2 2 2 2 2 2 2 2 2 2 2 2
left_child=-1 2 4 6 -2 -5 8 9 -3 -8 -11 -12 -10 -14
right_child=1 3 -4 5 -6 -7 7 -9 12 10 11 -13 13 -15
leaf_value=0.00051793221519748378 0.00087935357451199769 0.0015131489658897299 -0.0035743467252634612 -0.0016977887930269249 -0.002790055685701287 0.0016079274703520985 -0.0025679017061828058 -0.0022838850015274967 -0.0044500461013012521 0.0068846366990390475 -0.0018033820833797231 0.0023630574304831504 0.0020391376620635892 -0.0030446674425543027
leaf_weight=4949.9012158792466 678.409234367311 240.44795273803174 659.08851318061352 177.77380933053792 379.10389334149659 1528.6736428271979 102.06512149237096 459.95165479741991 393.90806675516069 102.35135254636407 141.52845708467066 385.81829560734332 104.33080965466797 150.83863807097077
leaf_count=65053 9449 3774 9595 2280 5367 20051 1542 5696 6238 1460 1808 4674 1638 2027
internal_value=0 -0.000424746 -0.00165803 0.000125725 -0.000408624 0.00123389 -0.000764682 0 -0.00181147 0.00148197 0.00222483 0.0011594 -0.003108 -0.000813102
internal_weight=0 5504.29 1716.6 3787.69 1057.51 1706.45 2081.24 1191.71 889.525 731.763 629.698 527.347 649.078 255.169
internal_count=140652 75599 24411 51188 14816 22331 28857 15180 13677 9484 7942 6482 9903 3665
is_linear=0
shrinkage=0.0101079


Tree=78
num_leaves=15
num_cat=0
split_feature=28 27 29 30 23 29 16 16 14 14 15 33 14 33
split_gain=28.4397 32.8124 34.7457 30.6245 27.2127 27.2271 25.4717 20.6331 30.8095 37.5041 36.9602 38.4086 25.7194 19.5971
threshold=-0.22706275433301923 -0.47136868536472315 -1.0000000180025095e-35 1.0000000180025095e-35 0.87469026446342479 0.87837970256805431 0.73563677072525036 0.86105030775070202 -7.0387449264526358 -17.832485198974606 8.099701404571535 0.99611112475395214 -4.5936923027038565 0.94700106978416454
decision_type=2 2 2 2 2 2 2 2 2 2 2 10 2 10
left_child=-1 2 -2 7 -4 6 -6 8 9 -3 -10 -12 -13 -9
right_child=1 3 4 -5 5 -7 -8 13 10 -11 11 12 -14 -15
leaf_value=0.00057175207674562659 0.0010161415110026533 0.001909541858242385 -0.0036924536824092424 0.001044787232964742 -0.0040115654685679448 0.0019809402150870632 0.00062634315621723133 0.00034428670234904401 -0.0036421264268619762 -0.0025846960363559643 -0.0006140031212803046 0.0071020232965500691 0.0014104240548946702 -0.0042300935710884507
leaf_weight=4804.6234972886741 381.88557100296021 237.66458215750754 737.16200000979006 1717.7438980620354 294.81211606040597 221.34899583272636 176.21914353966713 117.47905224747956 117.45885827206075 739.39832773245871 249.89831248670816 178.35171007364988 190.94351414591074 284.96859731525183
leaf_count=63095 5116 3724 10672 22453 4469 3193 2272 2732 1570 11404 5013 1307 1417 2215
internal_value=0 -0.00048551 -0.00160404 3.45617e-05 -0.00233385 -0.000805023 -0.00220953 -0.000767203 -0.00025255 -0.00144404 0.00127198 0.00230178 0.00435478 -0.00281447
internal_weight=0 5645.33 1811.43 3833.91 1429.54 692.38 471.031 2116.16 1713.72 977.063 736.652 619.194 369.295 402.448
internal_count=140652 77557 25722 51835 20606 9934 6741 29382 24435 15128 9307 7737 2724 4947
is_linear=0
shrinkage=0.0101079


Tree=79
num_leaves=15
num_cat=0
split_feature=28 27 29 30 2 2 12 0 14 13 16 16 29 27
split_gain=26.17 33.4299 39.362 32.6419 34.2962 28.3568 28.5436 24.8366 21.1523 22.9661 19.9905 44.2263 25.6357 18.4239
threshold=-0.18436925113201139 -0.45201864838600153 -1.0000000180025095e-35 1.0000000180025095e-35 1.0968062281608584 1.4274961948394778 0.082003440707921996 0.60971868038177501 -14.038263797760008 0.011375580448657276 0.85770887136459362 0.57703095674514782 0.87837970256805431 0.58244305849075328
decision_type=2 2 2 2 2 2 2 2 2 2 2 2 2 2
left_child=-1 2 8 5 -5 10 -7 -4 -2 -10 11 12 -3 -13
right_child=1 3 7 4 -6 6 -8 -9 9 -11 -12 13 -14 -15
leaf_value=0.00050811330784867334 -0.002548520896598119 -0.0037922309239254684 -0.0056542422287574742 0.0020584716921490057 -0.0010045791152031127 0.0048439415537525499 -0.0014307904842266997 -0.00178433658490106 0.0064386077408782405 0.00018926410517156465 -0.0035961275440888358 -0.00069913832810734454 0 0.0025817098304792689
leaf_weight=4976.8425717893988 95.218027675524354 487.1642646137625 211.90379831194878 1158.6697565838695 523.67815263010561 159.9436181075871 114.15141461975873 1184.9920592997223 98.000147921964526 173.89325016923249 317.96281478181481 285.88945207558572 308.72267075441778 380.77451974153519
leaf_count=65265 1319 7768 3105 15229 6730 2097 1627 17059 1251 2393 3844 3660 4575 4906
internal_value=0 -0.000502412 -0.00164649 2.90831e-05 0.00108082 -0.000813268 0.00211901 -0.00242776 0.00120714 0.00270094 -0.00129443 -0.000750421 -0.00236559 0.00112272
internal_weight=0 5500.96 1764.01 3736.96 1682.35 2054.61 274.095 1396.9 367.111 271.893 1780.51 1462.55 795.887 666.664
internal_count=140828 75563 25127 50436 21959 28477 3724 20164 4963 3644 24753 20909 12343 8566
is_linear=0
shrinkage=0.0101079


Tree=80
num_leaves=15
num_cat=0
split_feature=13 13 15 22 15 29 28 29 2 16 11 18 13 2
split_gain=25.3318 30.429 30.019 21.8241 21.4243 21.233 23.5228 20.3938 27.8172 24.4952 43.9449 26.329 24.9727 31.7147
threshold=-0.088710099458694444 -0.034374777227640145 2.645952701568604 -0.3131642341613769 4.40531349182129 -0.60785761475563038 -0.20576497167348859 1.0000000180025095e-35 0.82842484116554271 0.91046565771102916 0.049266047775745399 46.500000000000007 -0.0029828654369339343 0.55560168623924266
decision_type=2 2 2 2 2 2 2 2 2 2 2 2 2 2
left_child=4 2 -2 -4 -1 -3 -7 -8 9 10 12 -12 13 -9
right_child=1 5 3 -5 -6 6 7 8 -10 -11 11 -13 -14 -15
leaf_value=0.0048381081515036306 0.00093729655525952717 0.0043550861998774846 -0.003463340276016661 -0.00053441216101062818 -0.00048492373935949063 0.00061983094471824833 0.0004494943852655097 0.0055366709999795614 -0.001891835569671147 -0.0044706432076903864 0 0.0055758148353263915 -0.0021911618190239061 -0.0010903319477907336
leaf_weight=192.30366352759302 391.13325199857354 113.44661297276616 642.52412466146052 499.96364363841712 102.97199637070298 4227.1805380824953 1593.5410304330289 113.5463949944824 1504.4043525718153 98.054906900972128 136.18500020168722 223.08868080936372 469.49886499159038 165.52032593265176
leaf_count=2488 6214 1448 8894 7301 1430 54621 21347 1530 21223 1162 2036 2776 5919 2498
internal_value=0 -8.35145e-05 -0.00139446 -0.00222888 0.00288265 0.000145406 8.08389e-05 -0.00043932 -0.0009766 0.00013654 0.000608428 0.0034955 -0.000744962 0.00154041
internal_weight=0 10178.1 1533.62 1142.49 295.276 8644.47 8531.02 4303.84 2710.3 1205.89 1107.84 359.274 748.566 279.067
internal_count=140887 136969 22409 16195 3918 114560 113112 58491 37144 15921 14759 4812 9947 4028
is_linear=0
shrinkage=0.0101079


Tree=81
num_leaves=15
num_cat=0
split_feature=13 13 0 15 29 23 3 15 16 22 13 17 21 21
split_gain=24.6095 24.1172 23.0395 20.5425 17.7756 18.3861 16.2443 19.649 24.3064 17.8828 18.4581 20.7294 32.2994 28.1978
threshold=-0.088710099458694444 -0.058185430243611329 0.73381492495536815 4.40531349182129 -0.60785761475563038 2.1013896465301518 0.47533349692821508 3.5629988908767705 0.37522214651107794 -0.079133462160825715 0.06791927665472032 14.500000000000002 6.1295208930969247 1.5614875555038454
decision_type=2 2 2 2 2 2 2 2 2 2 2 2 2 2
left_child=3 2 -2 -1 -3 6 7 -6 -9 10 11 12 13 -8
right_child=1 4 -4 -5 5 -7 9 8 -10 -11 -12 -13 -14 -15
leaf_value=0.0047228842619947038 -0.0047286138409310431 0.0037003022967523102 -0.00040420445613087333 -0.00047522953293582825 0.0034476620599996257 0.0019659579257172888 -0.0012324162175994713 -0.0018404484641094188 0.00059907660567693963 0.00019380471590944173 -0.0042268506884116097 -0.0011761803814053292 -0.0018719384068448053 0.0046356151163599079
leaf_weight=195.65248633921146 206.71345258876681 126.35068777762353 366.88768318481743 102.42683780007064 201.42620635405183 451.00499037839472 104.96242037601769 479.42216668277979 2763.1372721362859 2392.1979979034513 164.4749452508986 2387.5662880633026 236.68682241439819 254.51922887191176
leaf_count=2492 3195 1594 5714 1423 3128 5799 1362 6915 35936 31707 2303 32780 2868 3125
internal_value=0 -7.3319e-05 -0.00207393 0.00283695 4.40225e-05 -3.60173e-06 -0.00010856 0.000430021 0.00022245 -0.000450779 -0.000952689 -0.000748342 0.000891226 0.00282193
internal_weight=0 10135.4 573.601 298.079 9561.75 9435.4 8984.39 3443.99 3242.56 5540.41 3148.21 2983.73 596.168 359.482
internal_count=140341 136426 8909 3915 127517 125923 120124 45979 42851 74145 42438 40135 7355 4487
is_linear=0
shrinkage=0.0101079


Tree=82
num_leaves=15
num_cat=0
split_feature=13 13 15 15 3 15 1 21 28 15 21 29 2 8
split_gain=30.0486 24.4792 34.4513 20.5984 19.8277 20.1371 19.5472 18.3472 16.849 24.778 45.3933 21.9804 27.2691 19.0703
threshold=-0.088710099458694444 -0.034374777227640145 2.645952701568604 4.40531349182129 0.36271227896213537 6.4095845222473153 1.3412182331085207 -8.9513082504272443 0.4904943853616715 11.537200450897219 2.0596815347671513 1.0000000180025095e-35 0.65329059958457958 1.064656734466553
decision_type=2 2 2 2 2 2 2 2 2 2 2 2 2 2
left_child=3 2 7 -1 5 -4 -6 -2 -3 10 11 -10 -13 -14
right_child=1 8 4 -5 6 -7 -8 -9 9 -11 -12 12 13 -15
leaf_value=0.0049653775976642375 -0.0002582671009129926 0.00032943682233739887 -0.0023222472229287461 -0.00026379154521900084 -0.0039598704010643899 0.0020123318642566584 0.0003579710174441491 0.0041772568481454201 0.0013135044515875608 -0.0017012597685413867 0.0045810442460171002 0.00064968768580820106 -0.0045729818188963269 0.00038584174677115928
leaf_weight=193.01808723807335 258.35534048266709 6184.7403466831893 243.80268687196076 100.96391815505922 608.52779060788453 180.93398485332727 107.90714841149747 130.32348138839006 388.92056163214147 1194.5496906731278 205.40124239772558 273.63769326172769 300.73804299160838 85.654069170355797
leaf_count=2504 4029 81254 3674 1398 8436 2397 1657 2157 5325 16016 2471 3549 4554 1293
internal_value=0 -0.000160581 -0.00133654 0.00307399 -0.00223057 -0.000379162 -0.00325668 0.00117858 4.41044e-05 -0.000658806 0.000306143 -0.000519667 -0.00166318 -0.00338476
internal_weight=0 10163.5 1529.85 293.982 1141.17 424.737 716.435 388.679 8633.64 2448.9 1254.35 1048.95 660.03 386.392
internal_count=140714 136812 22350 3902 16164 6071 10093 6186 114462 33208 17192 14721 9396 5847
is_linear=0
shrinkage=0.0101079


Tree=83
num_leaves=15
num_cat=0
split_feature=13 14 4 0 30 12 3 21 15 16 33 4 12 13
split_gain=21.9888 29.2098 31.8422 19.4179 17.7192 23.3153 30.9123 20.7339 16.6268 15.6045 23.8588 26.7163 21.6231 15.1635
threshold=-0.088710099458694444 -7.4188742637634268 -1.7885711193084715 0.52323517203331005 0.81174489855766307 -0.017965093255043026 0.65406805276870739 3.7514842748641972 4.40531349182129 0.83849343657493602 0.94700106978416454 0.67818322777748119 0.067290257662534728 -0.012051283847540615
decision_type=2 2 2 2 2 2 2 2 2 2 10 2 2 2
left_child=8 2 13 -4 9 -6 7 -7 -1 -3 -11 -12 -13 -2
right_child=1 4 3 -5 5 6 -8 -9 -10 10 11 12 -14 -15
leaf_value=0.0043925713198322298 0.0020315449742202628 0.00066904838716840866 -0.0034899339355220532 -0.0008714046790618199 -0.0015029734141441084 0.0073739337915064646 -0.00013216280098485173 0.0023403906186945738 -0.00028843415396272008 0.00099736097216513125 -0.0032281532380774797 -0.0016969163038087368 0.0017899304710847978 -0.00021055473755117292
leaf_weight=193.90165623277426 528.64884768053889 2701.5696185454726 327.78126625344157 3239.767361458391 158.60935456678271 145.10803012549877 243.98398340307176 297.36077733337879 99.674599345773458 641.07188764959574 475.63210236281157 398.85737282037735 318.42931792140007 655.89166412875056
leaf_count=2491 7571 33594 5451 47023 1888 1756 3225 3640 1407 14093 3595 2943 2424 9299
internal_value=0 -6.90542e-05 -0.000649428 -0.00113026 0.000436202 0.00177847 0.00260321 0.00417817 0.00270179 0.00017463 -0.00053144 -0.00138787 -9.05656e-05 0.000762702
internal_weight=0 10132.7 4752.09 3567.55 5380.62 845.062 686.453 442.469 293.576 4535.56 1833.99 1192.92 717.287 1184.54
internal_count=140400 136502 69344 52474 67158 10509 8621 5396 3898 56649 23055 8962 5367 16870
is_linear=0
shrinkage=0.0101079


Tree=84
num_leaves=15
num_cat=0
split_feature=13 13 22 27 23 30 3 17 27 18 3 23 29 13
split_gain=26.6677 27.7344 26.4111 16.9433 14.9051 16.3015 40.0678 25.4419 22.8555 19.1141 18.3691 14.6868 16.2069 14.4935
threshold=-0.088710099458694444 -0.034374777227640145 -0.30708193778991694 -0.50938662886619557 0.39771479368209844 0.81174489855766307 0.42178717255592352 77.500000000000014 0.35222910344600683 78.500000000000014 0.60601708292961132 1.064328193664551 -0.60785761475563038 0.027391515672206882
decision_type=2 2 2 2 2 2 2 2 2 2 2 2 2 2
left_child=-1 2 3 -2 -3 11 7 8 -7 -8 -11 12 -6 -13
right_child=1 4 -4 -5 5 6 9 -9 -10 10 -12 13 -14 -15
leaf_value=0.0029307314714670258 -0.0052437771975544544 -0.0020483927385055957 0 -0.0016376345468305836 0.0034937241201566209 0.0016945935730316095 -0.00074115087894132293 0 0.0079557264255669877 0.00461932406829296 0 0.0012726119931783745 -0.00045735672676722357 -0.00031191814804246257
leaf_weight=297.09507954865694 197.12875555828214 303.04800181463361 719.08393258228898 599.65587277151644 99.198656335473061 130.72261444106698 766.95980641059577 114.0760199483484 160.08132067881525 152.49580053240061 189.46526466868818 1431.7394307795912 4344.3705215062946 937.35207515582442
leaf_count=3923 3062 3763 10814 8371 1232 1826 10085 1589 2389 1835 2428 19888 57714 11679
internal_value=0 -0.00010339 -0.00136282 -0.00262145 0.000114163 0.000199534 0.0011457 0.00383851 0.00539223 0.000106734 0.0020989 -5.81745e-06 -0.000354215 0.000629651
internal_weight=0 10145.4 1515.87 796.785 8629.51 8326.46 1513.8 404.88 290.804 1108.92 341.961 6812.66 4443.57 2369.09
internal_count=140598 136675 22247 11433 114428 110665 20152 5804 4215 14348 4263 90513 58946 31567
is_linear=0
shrinkage=0.0101079


Tree=85
num_leaves=15
num_cat=0
split_feature=23 27 30 30 3 28 2 12 16 16 29 23 28 2
split_gain=20.5782 18.3625 46.1307 28.0766 27.6574 23.3736 21.8473 21.4278 18.0563 40.2623 34.2731 21.1265 16.6513 16.2416
threshold=2.1013896465301518 -0.69930991530418385 1.0000000180025095e-35 1.0000000180025095e-35 0.48547756671905523 -0.92794367671012867 0.63567310571670543 -0.022040682844817635 0.61314934492111217 0.84175664186477672 0.87837970256805431 0.97115650773048412 0.47136868536472326 1.1092274188995364
decision_type=2 2 2 2 2 2 2 2 2 2 2 2 2 2
left_child=1 2 4 5 -1 6 -3 -7 10 -10 11 -9 -6 -5
right_child=-2 3 -4 13 12 7 -8 8 9 -11 -12 -13 -14 -15
leaf_value=0.0048147684392919271 0.00203898676505305 -0.0022159627039106946 -0.0025985018544944019 0.0013729371081143795 0.00035620890912485222 0.00053833102716673974 0.0019426348904638974 -0.0044474055496991228 0.00094951060363849063 -0.0022320640916791341 0.00024863577901668176 0 -0.0024939899623681997 -8.8848878977313285e-05
leaf_weight=116.36134465411305 472.57089482061565 144.9423090480268 950.82216582074761 2112.9771921578795 1082.8003417458385 916.71121908351779 661.9693505614996 546.66579906269908 845.21145970374346 753.81647023558617 327.40936178900301 114.74053477682173 248.98372561298311 1145.2106069549918
leaf_count=1504 6032 1866 13514 27654 14911 13244 8795 8341 10604 9322 4705 1668 3609 14793
internal_value=0 -0.00010309 -0.000874521 0.000136681 0.000237279 -0.000391834 0.00113216 -0.000755957 -0.00123028 -0.000528624 -0.00231155 -0.00362781 -0.000157589 0.000847731
internal_weight=0 9968.62 2398.97 7569.65 1448.15 4311.47 806.912 3504.55 2587.84 1599.03 988.816 661.406 1331.78 3258.19
internal_count=140562 134530 33538 100992 20024 58545 10661 47884 34640 19926 14714 10009 18520 42447
is_linear=0
shrinkage=0.0101079


Tree=86
num_leaves=15
num_cat=0
split_feature=28 3 5 0 10 33 14 2 21 23 2 33 18 6
split_gain=20.1714 18.6388 28.3353 22.7393 16.8131 16.7597 16.8777 16.0812 16.069 13.8486 15.6862 13.1673 12.8971 12.8404
threshold=-0.69930991530418385 0.48547756671905523 1.9892960190773012 0.58963531255722057 0.042113082483410842 1.0545857548713686 -7.0959863662719718 0.59464272856712352 6.6565079689025888 2.1013896465301518 0.77003073692321788 0.99393379688262951 22.500000000000004 -1.7084565162658689
decision_type=2 2 2 2 2 8 2 2 2 2 2 10 2 2
left_child=4 2 3 7 5 -1 -7 -2 11 10 -3 -4 -5 -9
right_child=1 9 8 12 -6 6 -8 13 -10 -11 -12 -13 -14 -15
leaf_value=-0.0019541851794575849 0.00072177221233749207 0.00062100352559876369 -0.00025212994454858298 0.00031232732879830786 0.0011765661336201098 -0.00086672238202777595 0.003876946542658809 0.00013749043773418493 0.0007342935575848571 0.0015801891389586407 -0.0010659016053859993 -0.0036256879915427739 0.002208159252621546 -0.0041350153808351678
leaf_weight=400.59204342216253 298.49884249083698 627.65642109513283 235.67586287111044 646.5559231005609 2177.7992970980704 151.37222276814282 126.19477023370564 88.489789973944426 244.99074211344123 245.14999333955348 3674.2842875178903 306.78415314853191 1057.3351334314793 175.95469507202506
leaf_count=2980 4221 8334 5186 8922 28391 3296 2662 1335 2994 3061 50607 2356 13600 2634
internal_value=0 -0.000256729 0.000344768 0.000928558 0.000738265 -0.000607646 0.00119401 -0.000778101 -0.00127763 -0.000669547 -0.00080972 -0.00225748 0.00151703 -0.00259273
internal_weight=0 7601.38 3054.29 2266.83 2855.96 678.159 277.567 562.943 787.451 4547.09 4301.94 542.46 1703.89 264.444
internal_count=140579 103250 41248 30712 37329 8938 5958 8190 10536 62002 58941 7542 22522 3969
is_linear=0
shrinkage=0.0101079


Tree=87
num_leaves=15
num_cat=0
split_feature=13 13 22 2 15 15 28 2 14 8 3 10 33 3
split_gain=20.6728 29.8282 29.3718 24.8773 24.6904 23.2634 15.8526 19.4449 31.1365 22.8947 25.1953 16.016 17.5579 15.1007
threshold=-0.088710099458694444 -0.034374777227640145 -0.3131642341613769 1.3770981431007387 4.2100682258605966 2.645952701568604 -0.69930991530418385 0.77003073692321788 -1.172832667827606 2.7250069379806523 0.83117496967315685 0.041410610079765327 1.0545857548713686 0.21127110719680789
decision_type=2 2 2 2 2 2 2 2 2 2 2 2 8 2
left_child=4 2 3 5 -1 -2 11 8 13 -9 -11 12 -3 -8
right_child=1 6 -4 -5 -6 -7 7 9 -10 10 -12 -13 -14 -15
leaf_value=0.0048004507353973293 0.0028257404868086583 -0.0020725990489003539 0 -0.0057457495583790605 -0.00093965616724635465 -0.0024591449426981725 -0.0025038135642802043 -0.0008113458383077406 -0.0045713522467575336 -0.0003621816875334193 0.0048822837775675445 0.0012455275212277697 0.0013613117213064124 0.0011621889901703268
leaf_weight=184.21186379343271 89.74856037274003 353.12826382368803 731.48416695185006 211.34037291817367 106.87861916795373 482.55480580963194 108.80643896944821 3695.7856930717826 101.52106191217899 196.43865876086056 150.25977560505271 1927.5010738130659 243.41112462803721 1868.7816961165518
leaf_count=2405 1507 2606 10958 2962 1465 6861 1974 50015 1118 2538 2206 24637 5186 24370
internal_value=0 -0.000109107 -0.00141564 -0.0027657 0.00258715 -0.00153426 0.000116227 -0.00015631 0.000627404 -0.000569808 0.00185269 0.000791689 -0.000604903 0.000931236
internal_weight=0 10160.8 1515.13 783.644 291.09 572.303 8645.63 6121.59 2079.11 4042.48 346.698 2524.04 596.539 1977.59
internal_count=140808 136938 22288 11330 3870 8368 114650 82221 27462 54759 4744 32429 7792 26344
is_linear=0
shrinkage=0.0101079


Tree=88
num_leaves=15
num_cat=0
split_feature=13 14 4 15 0 28 20 10 13 33 3 33 28 16
split_gain=23.1165 22.7842 28.5624 20.094 17.3151 20.6052 17.3982 16.0882 15.9533 32.8045 31.2028 21.7356 24.2216 21.3802
threshold=-0.088710099458694444 -7.4188742637634268 -1.7885711193084715 4.2100682258605966 0.52323517203331005 0.87137606739997875 -2.1037893295288081 0.21878999471664431 0.00042596983257681137 0.9590476155281068 0.59152665734291088 1.0000000180025095e-35 -0.18436925113201139 0.84175664186477672
decision_type=2 2 2 2 2 2 2 2 2 10 2 10 2 2
left_child=3 2 -2 -1 -4 7 -7 -6 9 -3 -11 12 -10 -13
right_child=1 8 4 -5 5 6 -8 -9 11 10 -12 13 -14 -15
leaf_value=0.0047031264142180793 0.00072589984956497285 -0.00061684281884226194 -0.003299067072337643 -0.00040460069153032077 -0.0008844064028681373 0.0049391530178231917 0 -0.003876371897248728 0.0023212812252911817 0.0066495473883316008 0.0012672650645186552 0.00036820559131332174 -0.00013490922579922793 -0.001356745650784881
leaf_weight=187.22623164206743 1198.5063643138856 375.0182730704546 324.79097179509699 107.38917331770062 2669.4218218959868 92.703438276425004 298.70145226083696 202.35780203156173 776.71466051228344 175.07195169478655 354.10388763993979 1562.7520011216402 797.56291270442307 1332.7946967110038
leaf_count=2414 17027 8125 5380 1487 38774 1336 4283 2835 15770 1268 2757 11677 17427 10044
internal_value=0 -9.207e-05 -0.000601911 0.00274413 -0.00105731 -0.000814621 0.00129594 -0.00111901 0.000354715 0.00157627 0.0031926 9.62978e-05 0.00105667 -0.000413304
internal_weight=0 10160.5 4786.48 294.615 3587.98 3263.18 391.405 2871.78 5374.02 904.194 529.176 4469.82 1574.28 2895.55
internal_count=140604 136703 69635 3901 52608 47228 5619 41609 67068 12150 4025 54918 33197 21721
is_linear=0
shrinkage=0.0101079


Tree=89
num_leaves=15
num_cat=0
split_feature=13 13 0 3 5 15 23 2 0 28 13 8 16 33
split_gain=23.7143 25.5253 30.1232 20.4916 23.445 18.4711 16.1114 15.8296 23.2337 17.3296 21.1709 21.056 15.9846 14.9013
threshold=-0.088710099458694444 -0.034374777227640145 0.70831051468849193 0.67606309056282055 0.91469392180442821 4.2100682258605966 2.1013896465301518 0.77003073692321788 0.53915467858314525 -0.8253108263015746 0.0021222056820988659 0.56153032183647167 0.94432374835014354 0.99472221732139599
decision_type=2 2 2 2 2 2 2 2 2 2 2 2 2 10
left_child=5 2 -2 4 -4 -1 7 12 -9 10 11 -10 -3 -12
right_child=1 6 3 -5 -6 -7 -8 8 9 -11 13 -13 -14 -15
leaf_value=0.0046716618962480989 -0.003448527406137855 0.0008369221675300837 0.0018358670615481868 -0.0027966373077608353 -0.0016175044294364867 -0.00016731357714924584 0.0020296264450937827 -0.0030035995019027342 0.0041962426471640535 -0.00045052586805580889 0.0014361431822310501 0 -0.0028770999214076092 -0.0013439315690963491
leaf_weight=187.35437672957778 452.92240394838154 2627.066541288048 497.80497907288373 252.29722363688052 317.49370043352246 110.16416242532432 429.36818823218346 295.13818947039545 295.84170777536929 3916.0310383420438 336.38482515327632 203.94496675208211 112.30423447489738 446.45696768909693
leaf_count=2404 6891 34780 7456 3558 4413 1505 5409 4622 3823 52262 6622 2605 1335 3339
internal_value=0 -7.13679e-05 -0.00127843 -0.000302174 0.000439313 0.00278782 0.000136774 3.13571e-05 -0.000276394 -0.00010961 0.000896369 0.0025083 0.000662347 -9.5776e-05
internal_weight=0 10183.1 1520.52 1067.6 815.299 297.519 8662.54 8233.17 5493.8 5198.66 1282.63 499.787 2739.37 782.842
internal_count=141024 137115 22318 15427 11869 3909 114797 109388 73273 68651 16389 6428 36115 9961
is_linear=0
shrinkage=0.0101079


Tree=90
num_leaves=15
num_cat=0
split_feature=29 16 13 10 0 3 33 21 15 20 23 27 20 15
split_gain=19.8541 23.7776 38.8535 34.2942 21.9793 32.8074 20.7603 21.0635 17.0037 15.4408 14.0965 30.5143 13.9505 13.3499
threshold=-0.60785761475563038 0.15618191659450534 -0.034374777227640145 0.21422830969095233 0.70831051468849193 0.36271227896213537 0.99393379688262951 -9.3610939979553205 8.815279960632326 -9.7793936729431135 0.52564251422882091 -0.45201864838600153 -5.5047523975372306 11.445940017700197
decision_type=2 2 2 2 2 2 10 2 2 2 2 2 2 2
left_child=-1 3 4 6 -3 -6 -2 -8 -7 -5 11 -4 -11 -13
right_child=1 2 10 9 5 8 7 -9 -10 12 -12 13 -14 -15
leaf_value=0.0036172417709995912 0.00065952780094892234 -0.0041158606816675304 -0.006342776402129424 0.0014602965612358684 0.0020094090955997475 -0.003652397227497356 0.0063402627065210666 0.0015793077406840877 0.00066329218020445065 -0.0047271948489379803 0.0001374084401264956 0.00099641978479270859 0 -0.0017592379167468036
leaf_weight=144.79029879719019 461.05987999588251 356.93129021674395 99.031847584992647 110.52670082263649 234.63102745078504 339.66052664071321 196.56050991266966 246.57713207602501 104.54725922830403 145.1009172834456 7212.9524936322123 317.65295929089189 92.782649364322424 370.82266892120242
leaf_count=1879 10258 5290 1405 1535 3219 4672 1534 1884 1443 1955 94804 4443 1365 4830
internal_value=0 -5.75533e-05 -0.000242516 0.00123801 -0.00207708 -0.00091226 0.00228795 0.00385254 -0.00255299 -0.00136371 0 -0.00128055 -0.00284537 -0.000432653
internal_weight=0 10288.8 9036.23 1252.61 1035.77 678.839 904.198 443.138 444.208 348.41 8000.46 787.507 237.884 688.476
internal_count=140516 138637 120106 18531 14624 9334 13676 3418 6115 4855 105482 10678 3320 9273
is_linear=0
shrinkage=0.0101079


Tree=91
num_leaves=15
num_cat=0
split_feature=28 27 30 30 2 33 2 20 27 3 14 16 15 15
split_gain=20.9444 34.205 36.8556 29.2026 28.6475 27.2283 27.202 25.8885 21.7508 19.1386 17.4003 30.8152 43.5108 29.9728
threshold=-0.16288578510284421 -0.47136868536472315 1.0000000180025095e-35 1.0000000180025095e-35 1.4483218789100649 1.0013927817344668 1.1092274188995364 -1.9695610404014585 -0.86046862602233876 0.34604898095130926 -6.977825164794921 0.81123277544975292 8.815279960632326 10.986638069152834
decision_type=2 2 2 2 2 8 2 2 2 2 2 2 2 2
left_child=-1 3 4 5 9 -2 -4 -6 -7 -3 -11 12 -12 -14
right_child=1 2 6 -5 7 8 -8 -9 -10 10 11 -13 13 -15
leaf_value=0.00044619726939583313 0.00084181091429416037 0 0.0020538459762105116 -0.0033330423393790722 0.0062415148386341449 -0.00058776805645840361 -0.00068363494174621109 0 -0.0053792348107373307 -0.0037400812500100597 -0.0032578788661232834 -0.003777406333560507 0.0068559204834200433 0
leaf_weight=5027.5275115668774 585.44962122291327 719.71130263991654 1160.3136822506785 648.62623311392963 93.540485896170139 294.35696266964078 511.40217807143927 170.3409281577915 157.85757671296597 432.26885407790542 152.56625035963953 241.45573660172522 120.16517905145884 113.3675887901336
leaf_count=66058 4558 10773 15265 9562 1240 6525 6587 2367 3487 6676 1950 2612 1245 1476
internal_value=0 -0.000459311 7.2888e-05 -0.00165077 -0.000824753 -0.000543814 0.00119299 0.00218507 -0.00240995 -0.00130116 -0.00216016 -0.000976263 0.000711904 0.00349431
internal_weight=0 5401.42 3715.13 1686.29 2043.42 1037.66 1671.72 263.881 452.215 1779.53 1059.82 627.555 386.099 233.533
internal_count=140381 74323 50191 24132 28339 14570 21852 3607 10012 24732 13959 7283 4671 2721
is_linear=0
shrinkage=0.0101079


Tree=92
num_leaves=15
num_cat=0
split_feature=13 13 15 29 23 22 2 15 17 2 23 27 14 29
split_gain=19.5251 22.0974 33.5061 18.7725 21.9559 17.8052 17.7021 17.5006 17.2628 13.9468 11.4348 10.8917 22.2331 20.7787
threshold=-0.088710099458694444 -0.034374777227640145 2.645952701568604 -0.60785761475563038 0.43630988895893102 -0.32416613399982447 1.4583308696746828 4.40531349182129 13.500000000000002 0.93900075554847728 2.1933538913726811 -0.69930991530418385 -14.038263797760008 -1.0000000180025095e-35
decision_type=2 2 2 2 2 2 2 2 2 2 2 2 2 2
left_child=7 2 6 -3 9 8 -2 -1 -4 -5 11 13 -13 -6
right_child=1 3 5 4 10 -7 -8 -9 -10 -11 -12 12 -14 -15
leaf_value=0.0042648882895400912 0.0031632554824837841 0.0040898313690032554 0 -0.00069390540106315597 0.0014408275549042087 -0.00058554547813516908 -0.00098964549965973323 -0.00053523716902308658 -0.0041609814088420637 -0.0048066999254955485 0.0019380901828787368 0.0026922734642477889 0.00013794590755706901 -0.0010771346816228233
leaf_weight=194.68686153553426 218.9941846895963 111.99468951486051 137.63012302666903 286.53369666822255 404.14196000806987 504.00213833339512 169.75448078475893 101.25246636383235 478.93562911078334 135.58670721016824 352.15355897508562 369.18445005826652 5360.046710703522 1607.0780355632305
leaf_count=2489 3628 1417 1790 3552 5392 7428 2554 1411 6811 1826 4417 5687 69850 22310
internal_value=0 -8.41676e-05 -0.00121149 0.000109272 4.85478e-05 -0.00210875 0.0012635 0.002517 -0.0032666 -0.00217109 0.000171263 8.38243e-05 0.000312966 -0.000547572
internal_weight=0 10136 1509.32 8626.72 8514.73 1120.57 388.749 295.939 616.566 422.12 8092.6 7740.45 5729.23 2011.22
internal_count=140562 136662 22211 114451 113034 16029 6182 3900 8601 5378 107656 103239 75537 27702
is_linear=0
shrinkage=0.0101079


Tree=93
num_leaves=15
num_cat=0
split_feature=28 27 21 20 13 27 20 3 13 33 23 0 23 21
split_gain=20.1814 45.9993 15.165 33.7834 24.4155 20.5555 22.1564 18.5797 28.8077 28.3314 16.23 14.6625 21.8073 14.1541
threshold=0.47136868536472326 -0.50938662886619557 -11.074426174163817 -5.3451044559478751 -0.019014940597116944 -0.79989895224571217 -0.37907819449901575 0.47250367701053625 0.0021222056820988659 1.0000000180025095e-35 2.0623667240142827 0.52854397892951976 0.91642507910728466 3.2190084457397465
decision_type=2 2 2 2 2 2 2 2 2 10 2 2 2 2
left_child=2 -2 3 -1 5 -4 -7 -6 13 -10 -11 -3 -13 -9
right_child=1 11 4 -5 7 6 -8 8 9 10 -12 12 -14 -15
leaf_value=0.00023476526807538853 -0.0031300093223674864 -0.0014740408653487625 -0.0030600691618884127 0.0072773769996465542 0.0013877656472373945 0.0012740646203763877 -0.001447979968374915 0.00090519209403066322 0.0008843222416831082 -0.0017206912857465196 0.0013948433543414483 0.00097423514213796898 -0.0014051761188529522 0.0041161567989031981
leaf_weight=256.0749649759382 599.46137121319771 561.73438774608076 338.59052944369614 95.519581213593483 1807.6038502175361 532.81997388415039 681.93660607002676 911.11973133683205 927.572086840868 1353.8459287211299 175.02201649546623 1536.5809508003294 511.41099920682609 176.44464189559221
leaf_count=3706 8632 8258 4889 1262 23810 7881 9437 12126 19607 10172 1305 21321 5864 2536
internal_value=0 -0.000623255 0.000337653 0.00237478 0.000225558 -0.000877255 -0.000220398 0.000554009 0.000115284 -0.000478838 -0.00133252 -2.45249e-05 0.000357352 0.00148817
internal_weight=0 3209.19 7256.55 351.595 6904.96 1553.35 1214.76 5351.61 3544 2456.44 1528.87 2609.73 2047.99 1087.56
internal_count=140806 44075 96731 4968 91763 22207 17318 69556 45746 31084 11477 35443 27185 14662
is_linear=0
shrinkage=0.0101079


Tree=94
num_leaves=15
num_cat=0
split_feature=28 29 3 14 15 7 10 15 28 5 23 23 3 29
split_gain=20.8934 25.0813 17.7051 22.6196 39.6408 41.28 25.0298 20.0809 21.3911 46.1737 19.5416 16.8044 22.6054 25.0797
threshold=0.41268247365951544 -0.60785761475563038 0.40213991701602941 -6.8654439449310294 11.537200450897219 5.6452989578247079 0.084082230925560011 6.7648022174835214 0.79989895224571239 -3.166219830513 0.73223286867141735 0.52033504843711864 0.31085352599620825 1.0000000180025095e-35
decision_type=2 2 2 2 2 2 2 2 2 2 2 2 2 2
left_child=-1 -2 11 7 5 6 -5 8 -4 -10 -9 -3 -13 -14
right_child=1 2 3 4 -6 -7 -8 10 9 -11 -12 12 13 -15
leaf_value=0.00026556024854748557 0.0032845186921908929 -0.0019753750901793706 -0.0030459641696343716 -0.0021084157739482074 -0.0018829512851368971 0.0071717730949557067 0.0037027498163826216 -0.00595053976095222 0.0058667650416351479 -0.0018281933969437787 -0.0010316170241437266 -0.00057986531458491296 0.0060543647009338843 0.0004621511082717202
leaf_weight=7025.4379779454321 142.97293639741838 267.34386035241187 351.38203695230186 190.8708114810288 653.58394142799079 109.5041305758059 114.52570755034685 254.42301658727229 104.50330173224211 261.59566334448755 158.56304711289704 435.38055242784321 137.96697373129427 231.77507618814707
leaf_count=93533 1858 3614 5258 2467 8583 1215 1385 3788 1423 4147 2218 6329 1879 2893
internal_value=0 -0.000696549 -0.000890128 -0.00140981 -0.00030728 0.00206817 0 -0.00240725 -0.00127962 0.000334932 -0.00421123 0.000140345 0.00090466 0.00273641
internal_weight=0 3414.39 3271.42 2198.95 1068.48 414.901 305.397 1130.47 717.481 366.099 412.986 1072.47 805.123 369.742
internal_count=140590 47057 45199 30484 13650 5067 3852 16834 10828 5570 6006 14715 11101 4772
is_linear=0
shrinkage=0.0101079


Tree=95
num_leaves=15
num_cat=0
split_feature=13 28 2 16 3 3 4 20 28 13 29 14 21 13
split_gain=21.4168 20.7806 19.2112 29.7709 25.0253 19.391 17.9005 29.2688 38.5139 19.9236 16.4538 21.6848 22.1765 24.1313
threshold=-0.088710099458694444 -0.69930991530418385 0.77003073692321788 0.92291185259819042 0.34325549006462103 0.29888714849948889 0.94121846556663524 -2.8426989316940303 0.9015902876853944 -0.050701478496193879 1.0000000180025095e-35 -7.0959863662719718 6.8827230930328378 0.029599695466458801
decision_type=2 2 2 2 2 2 2 2 2 2 2 2 2 2
left_child=-1 -2 3 5 -4 -3 7 8 -6 -9 -11 -12 13 -13
right_child=1 2 4 -5 6 -7 -8 9 -10 10 11 12 -14 -15
leaf_value=0.0026208546361227011 0.00061970053040614256 -0.00091515948323323492 0.0019478084491984483 -0.0041534274138875426 -0.0005780756823758835 0.001159583367753119 -1.5783169613946201e-05 -0.0061591177567247449 0.0060990075668231319 -0.00057322937811791217 -0.0043728591232528148 -0.0015639351072211829 -0.0034115574810372399 0.0031447778141197669
leaf_weight=294.11815288849175 2824.3367980085313 599.16787840798497 307.73474207893014 133.58073321171105 791.65596739947796 1724.3784139938653 1469.5814240481704 113.91729139909148 91.276369826868176 826.75944884307683 427.4435401763767 344.28664772026241 338.83108908496797 154.62881542555988
leaf_count=3864 36965 8987 4400 1607 11458 22619 19591 1817 1227 10810 6717 4557 4458 1559
internal_value=0 -0.000110223 -0.000397608 0.000318723 -0.000767558 0.000605957 -0.000962691 -0.00139898 0.000113072 -0.0020208 -0.00175459 -0.00248668 -0.0014456 0
internal_weight=0 10147.6 7323.24 2457.13 4866.12 2323.55 4558.38 3088.8 882.932 2205.87 2091.95 1265.19 837.747 498.915
internal_count=140636 136772 99807 33213 66594 31606 62194 42603 12685 29918 28101 17291 10574 6116
is_linear=0
shrinkage=0.0101079


Tree=96
num_leaves=15
num_cat=0
split_feature=28 27 29 30 2 14 13 12 23 33 18 10 9 33
split_gain=18.3115 29.1004 40.8661 30.7583 33.6918 25.7443 25.9592 21.3058 18.0655 20.6103 17.4928 18.6288 17.2477 15.8538
threshold=-0.22706275433301923 -0.09801131114363669 -1.0000000180025095e-35 1.0000000180025095e-35 1.4274961948394778 -14.31279134750366 0.010548414196819069 0.077615689486265196 0.41783098876476293 0.90112781524658214 79.500000000000014 0.069208774715662016 0.17431396991014483 1.0545857548713686
decision_type=2 2 2 2 2 2 2 2 2 10 2 2 2 8
left_child=13 2 5 4 12 -2 -7 -6 -5 -10 11 -11 -3 -1
right_child=1 3 -4 8 7 6 -8 -9 9 10 -12 -13 -14 -15
leaf_value=-1.9421455091572522e-05 -0.0025972644766682506 -6.6098584455135306e-05 -0.00196516379964095 -0.0024908070462398204 0.005579380332095648 0.0060955847291421983 0.00039739409960220807 -0.00011300284476864487 0.00015903573004300085 0.0039356479858469332 0.0053791584944593244 0 -0.002162819337632097 0.0011425610555079783
leaf_weight=2809.1645648479462 116.52470168471336 846.84825232811272 1824.5181221645325 101.00943051092327 126.33065336756408 132.42504047974944 240.34643624536693 107.42400146089494 569.20474335737526 214.05072260648012 202.38264927268028 319.48707260191441 832.61613526009023 2003.0132996439934
leaf_count=20916 1659 11857 26510 1133 1549 1702 3189 1526 11633 1512 1498 2359 11525 42118
internal_value=0 -0.000391543 -0.00126222 0.000204706 -0.000614235 0.0012674 0.00260979 0.00287476 0.00134492 0.00168539 0.00279775 0.00168167 -0.00113466 0.000456881
internal_weight=0 5633.17 2313.81 3319.35 1913.22 489.296 372.771 233.755 1406.13 1305.13 735.92 533.538 1679.46 4812.18
internal_count=140686 77652 33060 44592 26457 6550 4891 3075 18135 17002 5369 3871 23382 63034
is_linear=0
shrinkage=0.0101079


Tree=97
num_leaves=15
num_cat=0
split_feature=28 27 29 29 21 6 14 15 22 17 3 3 13 33
split_gain=18.3045 40.8196 18.7949 18.3924 13.57 34.5317 22.1214 19.0426 20.1164 17.0478 12.5396 20.69 12.3853 29.8972
threshold=0.41268247365951544 -0.49049438536167139 -1.0000000180025095e-35 -0.60785761475563038 -11.074426174163817 -10.508059978485106 -10.109520912170408 3.8308119773864751 -0.30708193778991694 84.500000000000014 0.61214193701744091 0.51849520206451427 0.0021222056820988659 1.0545857548713686
decision_type=2 2 2 2 2 2 2 2 2 2 2 2 2 8
left_child=4 2 -2 -3 5 -1 7 10 -9 12 11 -6 -8 -14
right_child=1 3 -4 -5 6 -7 9 8 -10 -11 -12 -13 13 -15
leaf_value=0 0.00021335111155874615 0.0033642689530596001 -0.0035716340361515802 -0.00023179343846644885 0.00025927138674625291 0.0070290581434369519 0.0013129814955528674 -0.003173028289780186 -0.0004053949367705072 0.0025748167572268994 -0.0006606680874031406 0.0057180047662278308 -0.00069873526954273115 0.0013058576274151182
leaf_weight=242.15034367702901 148.2190665435046 146.21599778346717 565.3128122203052 2567.9642189256847 285.35707947798073 99.769291065633297 1079.3195140007883 452.0292307138443 749.68254827335477 398.83781616948545 410.60460686311126 95.884783485904336 1992.4544525593519 1215.6108037959784
leaf_count=3524 2012 1875 8362 35013 4561 1246 14515 6361 11501 5010 5467 1431 14803 25013
internal_value=0 -0.000597326 -0.0027353 -1.42994e-05 0.000302811 0.00225559 0.000194337 -0.000686577 -0.0014934 0.00057822 0.000489769 0.0018216 0.000378811 4.95543e-05
internal_weight=0 3427.71 713.532 2714.18 7021.7 341.92 6679.78 1993.56 1201.71 4686.22 791.846 381.242 4287.38 3208.07
internal_count=140694 47262 10374 36888 93432 4770 88662 29321 17862 59341 11459 5992 54331 39816
is_linear=0
shrinkage=0.0101079


Tree=98
num_leaves=15
num_cat=0
split_feature=13 14 4 30 30 2 15 28 3 27 20 28 2 3
split_gain=20.9641 26.9685 26.0971 18.8428 18.0935 21.1509 32.2352 25.2922 30.2861 18.2688 16.6192 23.1899 21.0268 44.2277
threshold=-0.088710099458694444 -7.0959863662719718 -2.209970116615295 -0.56174489110708226 0.81174489855766307 0.95927560329437267 15.343608379364015 -0.58244305849075306 0.44578607380390173 0.18436925113201144 -3.020251870155334 0.82531082630157482 0.46209247410297399 0.26569128036499029
decision_type=2 2 2 2 2 2 2 2 2 2 2 2 2 2
left_child=3 2 -2 -1 -3 7 -7 -6 -9 -8 11 -4 13 -12
right_child=1 4 10 -5 5 6 9 8 -10 -11 12 -13 -14 -15
leaf_value=0 0.00083237747523303731 0.00017779204003592823 -0.00031305870613272256 0.0048315346298759623 0.0073123699318514744 -0.0024500886078197602 0 -0.0012999342250524955 0.0052613777978893876 0.0060390774050217613 -0.0024400075276447509 0.0048864325427884067 -0.0015711246978862012 0.0061420575399754171
leaf_weight=130.73727957345545 1007.3692474365234 4384.5880840364844 819.70453089289367 165.1944063808769 120.71592221967876 214.50162645988166 110.65979850664735 149.23573900945485 116.77974756993353 97.577239928767085 118.26058574393392 89.608780331909657 2826.0979944746941 106.53457625955343
leaf_count=1583 14091 54504 11788 2304 1513 2522 1597 1650 1516 1271 1883 1251 41658 1593
internal_value=0 -5.87582e-05 -0.000594263 0.00263598 0.000445731 0.00183227 0.000156761 0.00352262 0.00149887 0.00302133 -0.000968272 0.00019157 -0.00132682 0.00152108
internal_weight=0 10161.6 4967.58 295.932 5194.06 809.47 422.739 386.731 266.015 208.237 3960.21 909.313 3050.89 224.795
internal_count=140724 136837 72264 3887 64573 10069 5390 4679 3166 2868 58173 13039 45134 3476
is_linear=0
shrinkage=0.0101079


Tree=99
num_leaves=15
num_cat=0
split_feature=29 28 27 33 3 21 21 3 12 6 3 30 2 14
split_gain=14.7925 20.0075 35.4538 22.7153 16.2598 15.3564 13.3135 27.6559 23.9028 13.1863 16.3871 14.4446 37.3148 12.576
threshold=-0.60785761475563038 0.4904943853616715 -0.076279435306787477 1.0013927817344668 0.68186497688293468 -7.1607599258422843 -11.714431762695311 0.67606309056282055 -0.11864200234413146 -3.924080371856689 0.26569128036499029 1.0000000180025095e-35 0.80111777782440197 -7.5488638877868643
decision_type=2 2 2 8 2 2 2 2 2 2 2 2 2 2
left_child=-1 6 3 4 -3 -4 7 -2 -8 -7 -11 -12 -13 -10
right_child=1 2 5 -5 -6 9 8 -9 13 10 11 12 -14 -15
leaf_value=0.0031044937492049939 0.0055235102169717285 -0.0024133529048460298 0.0024766347198998577 -0.0039413168490446864 0.00091421764950141949 -0.0026989310389495141 -0.0031712978804269709 -0.00025444941292422461 -0.00026605884595887045 -0.0025138264942698241 -0.00039085827471547845 0.0040552534903859211 -0.0011052263974261241 0.00060589838913296316
leaf_weight=144.43018003366888 136.95381663925946 303.03363683074713 223.833626171574 464.62330119684339 262.13562318682671 197.83452090620995 210.09972247853875 172.94127041660249 2919.6308463346213 214.32568114623427 778.93030283227563 304.59816877357662 242.05321524292231 3860.1938264574856
leaf_count=1850 1757 2412 3155 10403 2114 2869 3072 2565 42090 3196 10247 3815 3119 47937
internal_value=0 -6.94764e-05 -0.000767554 -0.00227913 -0.000807647 1.11905e-05 0.000211547 0.00224289 0.000113353 -0.000292615 2.1458e-06 0.000451378 0.00171341 0.000224559
internal_weight=0 10291.2 2991.37 1029.79 565.169 1961.58 7299.82 309.895 6989.92 1737.74 1539.91 1325.58 546.651 6779.82
internal_count=140601 138751 41330 14929 4526 26401 97421 4322 93099 23246 20377 17181 6934 90027
is_linear=0
shrinkage=0.0101079


Tree=100
num_leaves=15
num_cat=0
split_feature=13 13 0 3 5 29 23 15 23 3 12 4 5 3
split_gain=15.639 22.7129 28.5322 18.9232 19.2493 15.8226 16.319 14.9726 13.3572 15.165 17.6865 27.5746 24.8088 17.4071
threshold=-0.088710099458694444 -0.034374777227640145 0.70831051468849193 0.67606309056282055 0.99019217491149913 -0.60785761475563038 0.50973132252693187 4.2100682258605966 2.1933538913726811 0.57336914539337169 0.063078410923481001 0.099062979221344008 1.9892960190773012 0.47083523869514471
decision_type=2 2 2 2 2 2 2 2 2 2 2 2 2 2
left_child=7 2 -2 4 -4 -3 -7 -1 9 10 12 -12 13 -8
right_child=1 5 3 -5 -6 6 8 -9 -10 -11 11 -13 -14 -15
leaf_value=0.0039801896356945268 -0.0033044561901091258 0.0038262823772781066 0.0017301759446495526 -0.0026451860565784129 -0.0014180213258774296 -0.001345100158613206 0.0013326760678504582 -0.00038980966101522473 0.002141088024871314 -0.00031511776310390657 0 0.0046389658921582502 -0.0011817187317249183 -0.00055619205847441211
leaf_weight=188.06396021321416 448.81260844320059 111.33888910338283 501.5850876737386 249.53980564139783 307.06364579126239 715.01240715757012 1822.8291306104511 107.27868647687137 354.99661620892584 3673.3226841241121 249.48480976745486 254.85512565635145 828.40612337552011 645.02894151955843
leaf_count=2399 6896 1402 7517 3560 4262 9725 24356 1485 4468 49216 3013 3047 10840 8568
internal_value=0 -3.95433e-05 -0.00118463 -0.000230319 0.000483034 0.000156025 0.000100088 0.00228935 0.000238426 0.000140549 0.000591338 0.00235171 0.000304927 0.000822426
internal_weight=0 10162.3 1507 1058.19 808.649 8655.27 8543.94 295.343 7828.92 7473.93 3800.6 504.34 3296.26 2467.86
internal_count=140754 136870 22235 15339 11779 114635 113233 3884 103508 99040 49824 6060 43764 32924
is_linear=0
shrinkage=0.0101079


Tree=101
num_leaves=15
num_cat=0
split_feature=28 27 30 27 30 2 20 2 16 16 29 20 33 33
split_gain=21.8484 28.3912 31.4146 33.0465 31.0417 24.4192 26.8304 23.3785 22.1988 41.4474 31.6798 26.5296 17.2537 16.0967
threshold=-0.18436925113201139 -0.47136868536472315 1.0000000180025095e-35 -0.87137606739997853 1.0000000180025095e-35 1.4483218789100649 -2.1976404190063472 1.1162055134773257 0.85770887136459362 0.55272138118743908 0.87837970256805431 -1.0087705254554746 1.0013927817344668 1.0545857548713686
decision_type=2 2 2 2 2 2 2 2 2 2 2 2 8 8
left_child=13 2 3 -2 5 8 -7 -6 9 10 -3 -11 -5 -1
right_child=1 4 -4 12 7 6 -8 -9 -10 11 -12 -13 -14 -15
leaf_value=0 0.00086011186568697457 -0.0039609858997860679 -0.0032242745731055856 -0.00055864201982842865 0.0018631281757157268 0.0061028057482314839 -0.00020229902093550758 -0.00067826220600432678 -0.0036120376334938852 -0.0026831746903247309 0.00015905640888074364 0.0020097014465876592 -0.0052535903384228521 0.0011716126582187816
leaf_weight=2896.908153668046 700.97387321852148 457.16066481545568 663.14399259164929 196.50060494989157 1179.1636534966528 94.951146675273776 174.44084511138499 504.1384739652276 320.53596788272262 141.86754421703517 291.4770660046488 590.3077527936548 162.67348617129028 2071.9734422340989
leaf_count=21588 9759 7418 9827 1519 15441 1219 2435 6534 3934 1912 4430 7430 3632 43508
internal_value=0 -0.000431736 -0.00150356 -0.000373929 5.1568e-05 -0.000764569 0.00198075 0.00107842 -0.00120414 -0.000639875 -0.00231791 0.00102736 -0.00286051 0.000493103
internal_weight=0 5477.34 1723.29 1060.15 3754.04 2070.74 269.392 1683.3 1801.35 1480.81 748.638 732.175 359.174 4968.88
internal_count=140586 75490 24737 14910 50753 28778 3654 21975 25124 21190 11848 9342 5151 65096
is_linear=0
shrinkage=0.0101079


Tree=102
num_leaves=15
num_cat=0
split_feature=13 13 0 7 15 15 16 5 0 14 7 11 23 21
split_gain=16.2583 22.7847 30.1435 16.929 15.1169 13.3637 21.6429 14.6612 13.058 15.3802 13.6619 11.7906 11.158 10.9028
threshold=-0.088710099458694444 -0.034374777227640145 0.70831051468849193 -9.8021907806396467 4.40531349182129 7.7090933322906503 0.21795150637626651 -4.1320600509643546 0.47324018180370336 -7.0387449264526358 6.0555410385131845 0.12503259629011157 1.1828251481056216 -2.2823051214218135
decision_type=2 2 2 2 2 2 2 2 2 2 2 2 2 2
left_child=4 2 -2 5 -1 6 7 12 9 -3 -11 -9 -4 -10
right_child=1 8 3 -5 -6 -7 -8 11 13 10 -12 -13 -14 -15
leaf_value=0.0039146082537294827 -0.0034313247632080236 -0.0046623705357183454 -0.0026390490053702239 -0.0023016069005729381 -0.00053357146670836352 0.0040618498240182254 -0.0032856499311613996 0.0041252538736507279 0.00096001315121122899 -0.002766182332612875 0.0022961753932755212 0 0.0012973843784913034 1.6794116382725101e-05
leaf_weight=195.40141384676099 441.15609358623624 116.34958117641509 135.867920326069 296.16142736375332 100.63134386576712 86.672926997765899 150.49266365170479 175.39171504601836 1554.3751875478774 96.571063807234168 105.87913185730577 88.542012026533484 130.59402573108673 6791.6522514857352
leaf_count=2482 6830 2110 1970 4010 1394 1159 2138 2777 21717 1344 1487 1344 1992 88167
internal_value=0 -7.92179e-05 -0.00122631 -0.000256097 0.00229375 0.000495805 0 0.000968043 0.000116239 -0.00185537 0 0.00265205 -0.000579629 0.000198025
internal_weight=0 10169.7 1504.88 1063.72 296.033 767.561 680.888 530.396 8664.83 318.8 202.45 263.934 266.462 8346.03
internal_count=140921 137045 22220 15390 3876 11380 10221 8083 114825 4941 2831 4121 3962 109884
is_linear=0
shrinkage=0.0101079


Tree=103
num_leaves=15
num_cat=0
split_feature=22 3 15 15 28 20 22 13 10 20 33 15 3 15
split_gain=17.0862 21.1262 23.546 19.2321 20.2017 27.8253 16.9474 16.8227 20.5733 16.3752 26.3916 15.3123 33.9975 34.7916
threshold=0.67859652638435375 0.46837803721427923 3.7638249397277836 6.4792370796203622 0.60003554821014415 1.2505225539207461 -0.01627230271697044 -0.031962420791387551 0.12445588037371637 -4.8107943534851065 1.0013927817344668 6.8341922760009775 0.85419827699661266 2.5728725194931035
decision_type=2 2 2 2 2 2 2 2 2 2 8 2 2 2
left_child=1 2 -1 -4 5 6 -5 8 -3 -10 -11 12 -9 -14
right_child=-2 7 3 4 -6 -7 -8 11 9 10 -12 -13 13 -15
leaf_value=0.002652164560761356 0.00095442637157576731 -0.0039289361404159793 -0.0015991412423163648 0.0027638465220468493 -0.00078754269677322822 -0.0003712043297852239 -0.00021804516216446731 -0.0004478625888516643 -0.0028248666308762159 0.0035673883251573072 -0.0025934812561208996 -0.00070943701928492743 -0.00095134874543736524 0.0051060104007817995
leaf_weight=427.99730281718075 1727.5463808849454 312.48473184369504 529.75418351404369 863.1007761079818 823.94062331318855 737.24692460149527 217.96299075894058 925.35049071721733 178.53270240873098 165.57665962725878 107.08260201476514 3031.8485817406327 130.84424825944006 267.14940828643739
leaf_count=6583 22575 4534 7557 11289 10891 9647 3010 13337 2594 1235 2519 39036 1920 3923
internal_value=0 -0.000142852 0.00044364 0.000127257 0.00049228 0.00109526 0.00212813 -0.000563266 -0.00194957 -0.000447881 0.000998582 -0.000307912 0.000580366 0.00303432
internal_weight=0 8718.87 3600 3172.01 2642.25 1818.31 1081.06 5118.87 763.677 451.192 272.659 4355.19 1323.34 397.994
internal_count=140650 118075 48977 42394 34837 23946 14299 69098 10882 6348 3754 58216 19180 5843
is_linear=0
shrinkage=0.0101079


Tree=104
num_leaves=15
num_cat=0
split_feature=14 16 7 6 13 16 2 2 27 23 20 20 27 14
split_gain=15.7891 22.4276 22.4114 22.003 21.7651 20.1192 22.7587 22.1711 18.6629 19.6359 19.0442 17.2197 21.5966 22.5184
threshold=-7.0959863662719718 0.15164598077535632 1.0026390552520754 -7.1933891773223868 -0.034374777227640145 0.43639323115348821 0.509178787469864 1.041463375091553 0.77296444773674022 0.56319305300712597 0.99040165543556224 -3.020251870155334 -0.09801131114363669 -11.709905624389647
decision_type=2 2 2 2 2 2 2 2 2 2 2 2 2 2
left_child=1 3 -2 -1 -3 6 -6 -8 9 -7 -10 -9 13 -13
right_child=2 4 -4 -5 5 8 7 11 10 -11 -12 12 -14 -15
leaf_value=-0.00034959751360055482 0.0018474158959648455 -0.0020197779143051606 7.8724426461272885e-05 0.002320392825104062 0.0042239967010727119 -0.0055053874993885935 -0.0011530212019622472 0.0027807613875963839 0.0025603492963288802 -0.0012759549597964022 -0.0026135281728311395 -0.0021617539522140309 -0.0036442618879144678 0.0038562761086141069
leaf_weight=703.09303265064955 888.46217557787895 1048.2905526943505 4318.1036016568542 532.91824665106833 139.14019275084138 134.3407975807786 762.16368569992483 378.88806096278131 215.07916924729943 871.74387801624835 94.994555769488215 90.66244287788868 120.79713610187173 150.75410267338157
leaf_count=10040 11202 14861 53539 8200 1931 2068 11459 5367 3020 12600 1327 1382 1675 2049
internal_value=0 -0.00039465 0.000390568 0.000776206 -0.000766706 -0.000305004 0.000422391 2.41544e-05 -0.0012405 -0.00191785 0.000823095 0.00128829 -0.00018856 0.00143664
internal_weight=0 5242.87 5206.57 1236.01 4006.85 2958.56 1642.41 1503.27 1316.16 1006.08 310.074 741.102 362.214 241.417
internal_count=140720 75979 64741 18240 57739 42878 23863 21932 19015 14668 4347 10473 5106 3431
is_linear=0
shrinkage=0.0101079


Tree=105
num_leaves=15
num_cat=0
split_feature=28 27 30 2 3 10 7 0 21 10 12 2 17 33
split_gain=16.7041 38.6208 27.2342 27.8186 35.8387 22.8501 22.3659 16.6962 16.308 28.9849 22.6793 13.3664 13.633 14.4994
threshold=0.4904943853616715 -0.49049438536167139 1.0000000180025095e-35 0.81874704360961925 0.44325581192970281 0.079268407076597228 -4.5680508613586417 0.52323517203331005 -11.714431762695311 0.21003863215446475 -0.11864200234413146 1.6299959421157839 47.500000000000007 0.94700106978416454
decision_type=2 2 2 2 2 2 2 2 2 2 2 2 2 10
left_child=8 -2 11 4 6 -6 -4 -5 9 -1 -10 12 13 -3
right_child=1 2 3 7 5 -7 -8 -9 10 -11 -12 -13 -14 -15
leaf_value=0.0062127643430222191 -0.0029390926581093452 0.0017942292147018399 0.004153541305443635 -0.003659106258815078 0.0093261049560180234 0.0017122503645853888 -0.0009473351589868404 0.00039081161431671211 -0.0029806129084073252 0 0.00030054648887045346 0.0017467286469200012 -0.0023762828096001061 -0.0014651122830156424
leaf_weight=122.53112370707095 571.68530687503517 215.22323810309172 120.99072126485407 119.53010829165578 103.3198001049459 94.06420386210084 249.81970784254372 513.46615618094802 213.08114086836576 182.21661901287735 6803.9597948212177 139.97504281997681 652.5235389303416 354.91452721506357
leaf_count=1668 8352 4841 1712 1779 1464 1268 3057 6544 3096 2583 90265 2028 9492 2715
internal_value=0 -0.000581041 -3.23273e-05 0.00105729 0.00267394 0.00609405 0.000660204 -0.00034521 0.000299077 0.0025697 0.000192015 -0.00102294 -0.00138181 -0.000157189
internal_weight=0 3135.51 2563.83 1201.19 568.194 197.384 370.81 632.996 7321.79 304.748 7017.04 1362.64 1222.66 570.138
internal_count=140864 43252 34900 15824 7501 2732 4769 8323 97612 4251 93361 19076 17048 7556
is_linear=0
shrinkage=0.0101079


Tree=106
num_leaves=15
num_cat=0
split_feature=23 27 28 29 0 14 21 29 7 15 2 2 4 15
split_gain=18.1126 20.0312 26.8321 26.0201 18.935 18.0529 23.0639 16.3091 13.9437 22.1331 14.6104 13.3472 11.5381 11.5009
threshold=1.536374092102051 -0.47136868536472315 -0.16288578510284421 -1.0000000180025095e-35 0.60971868038177501 -13.196714878082274 4.7937815189361581 0.6078576147556306 -3.3073903322219844 6.9036467075347909 2.823588609695435 1.5449120402336123 0.77638733386993419 3.7638249397277836
decision_type=2 2 2 2 2 2 2 2 2 2 2 2 2 2
left_child=1 2 7 5 -5 -4 -7 11 10 -10 -6 -1 -11 -3
right_child=-2 13 3 4 8 6 -8 -9 9 12 -12 -13 -14 -15
leaf_value=0.0034003034605856104 0.0010258029075374462 0.0010558384947714475 -0.0026713052973190619 -0.0053480248195286852 -0.0046023639264016706 0.0051748852410972192 -0.00069880175815179566 -0.0014637172586670795 0.0028491610013287576 -0.0027997560891541953 0 -0.00028175021094322306 0 -0.00011062404286027011
leaf_weight=245.69886071793735 1394.113367471844 1000.3037537839264 99.913203522562981 196.69118969328701 264.74540250375867 123.63277481868863 117.73978623002768 193.85318751633167 118.98667866177857 372.89018729701638 81.122246479615569 133.65402889996767 222.661297429353 5860.5365718454123
leaf_count=3301 18170 14947 1410 2948 4248 1644 1588 2706 1871 5075 1255 1825 3011 76513
internal_value=0 -0.000207967 -0.00105317 -0.00173178 -0.00240775 0.00064023 0.0022135 0.000767306 -0.00179013 -0.000888804 -0.00347825 0.00201842 -0.00172936 5.4533e-05
internal_weight=0 9032.43 2171.59 1598.38 1257.1 341.286 241.373 573.206 1060.41 714.538 345.868 379.353 595.551 6860.84
internal_count=140512 122342 30882 23050 18408 4642 3232 7832 15460 9957 5503 5126 8086 91460
is_linear=0
shrinkage=0.0101079


Tree=107
num_leaves=15
num_cat=0
split_feature=28 27 30 2 11 14 0 21 29 29 11 21 20 33
split_gain=17.0937 43.7485 25.9274 24.1839 21.9099 19.2985 23.7986 17.4578 15.6306 13.3065 13.28 14.2792 26.152 16.027
threshold=0.43245348334312445 -0.49049438536167139 1.0000000180025095e-35 0.81874704360961925 0.078312128782272353 -2.7126687765121456 0.52323517203331005 -4.7562997341155997 0.6078576147556306 -1.0000000180025095e-35 0.0062944341916590938 -11.074426174163817 -5.3451044559478751 1.0545857548713686
decision_type=2 2 2 2 2 2 2 2 2 2 2 2 2 8
left_child=10 9 -3 4 8 6 -5 -8 -4 -2 -1 12 -12 -13
right_child=1 2 3 5 -6 -7 7 -9 -10 -11 11 13 -14 -15
leaf_value=0.0019954608120885025 0 -0.00099174252576166889 0.0059838584886431484 -0.0054015346152530711 -0.00055779692577257649 0.0035253242807593769 0.002835479148873507 -0.0013883714712183801 0.0017313291374237588 -0.0036282815353148087 0.00018127045119325358 -0.00042453229532929675 0.006459105598831642 0.00060474900233066812
leaf_weight=402.74889247305691 140.27274427562952 1420.6026149615645 178.08693112060428 98.89345745742321 154.87466092780232 101.04070582054555 136.71370748616755 315.62476972490549 259.37393745593727 542.30137214250863 253.4875611141324 3740.6114749014378 93.117319749668241 2622.5698220990598
leaf_count=5588 1909 19899 2468 1496 1918 1317 1821 3981 3353 8024 3619 28197 1201 55954
internal_value=0 -0.000649654 -4.66919e-05 0.000999123 0.00247171 -0.000289901 -0.00110029 0 0.00362641 -0.00291878 0.000224341 0.000109856 0.002085 0
internal_weight=0 3347.78 2665.21 1244.61 592.336 652.273 551.232 452.338 437.461 682.574 7112.54 6709.79 346.605 6363.18
internal_count=140745 46186 36253 16354 7739 8615 7298 5802 5821 9933 94559 88971 4820 84151
is_linear=0
shrinkage=0.0101079


Tree=108
num_leaves=15
num_cat=0
split_feature=13 13 15 21 29 28 15 21 2 12 17 9 21 1
split_gain=20.5429 25.5195 21.2828 20.7416 16.495 21.1702 27.3718 46.3419 30.7262 20.9032 18.1833 14.3394 14.0241 13.6525
threshold=-0.088710099458694444 -0.034374777227640145 2.645952701568604 -8.9513082504272443 -0.60785761475563038 0.4904943853616715 11.264681339263918 1.8066930174827578 0.59027108550071727 -0.0037800441496074195 70.500000000000014 0.14546335488557818 -1.1920437812805174 1.5267587304115298
decision_type=2 2 2 2 2 2 2 2 2 2 2 2 2 2
left_child=11 2 3 -2 -3 -6 7 8 12 10 -10 -1 -7 -4
right_child=1 4 13 -5 5 6 -8 -9 9 -11 -12 -13 -14 -15
leaf_value=0.0049232483006690303 -0.00090720015627447615 0.00384567184403605 -0.002364759822605123 0.0038561513850321506 0.00037361651805342905 0.0044433552820786074 -0.0018558363736225344 0.0044928641488156092 0.0032581487435406845 -0.0042663686073249538 -0.0015880554437477036 0.0002601127368576076 0 0.0014042408494588177
leaf_weight=135.61152474954724 256.07808639667928 112.35266506671906 1025.5410751644522 131.50534929707646 6208.0642090830952 125.90530874580145 1157.4190242439508 214.22480322048068 92.815779507160187 232.35449257306755 334.12899738736451 166.75614524446428 169.69555414095521 89.556973032653332
leaf_count=1818 4040 1426 14600 2148 81380 1728 15655 2616 1337 3329 5081 2116 2075 1431
internal_value=0 -8.90774e-05 -0.00130366 0.000649771 0.000118278 6.10763e-05 -0.000754039 0.000307274 -0.000617838 -0.00185826 -0.000402603 0.00255189 0.00199235 -0.0020185
internal_weight=0 10149.6 1502.68 387.583 8646.96 8534.61 2326.54 1169.12 954.9 659.299 426.945 302.368 295.601 1115.1
internal_count=140780 136846 22219 6188 114627 113201 31821 16166 13550 9747 6418 3934 3803 16031
is_linear=0
shrinkage=0.0101079


Tree=109
num_leaves=15
num_cat=0
split_feature=23 27 23 30 2 30 2 10 33 3 28 11 28 3
split_gain=17.898 22.1473 35.3995 28.9681 30.2697 25.2607 30.4061 25.9432 46.2218 23.5124 21.7132 21.0426 19.2971 20.4089
threshold=1.536374092102051 -0.49049438536167139 0.55887621641159069 1.0000000180025095e-35 1.4583308696746828 1.0000000180025095e-35 1.3969033956527712 0.21215249598026278 1.0545857548713686 0.70949918031692516 -0.52803644537925709 0.029362463392317299 -0.93585023283958424 0.34325549006462103
decision_type=2 2 2 2 2 2 2 2 8 2 2 2 2 2
left_child=1 2 -1 4 -4 6 12 8 -8 -6 -5 -11 -3 -14
right_child=-2 5 3 10 9 -7 7 -9 -10 11 -12 -13 13 -15
leaf_value=-0.0055817418386239961 0.0010906883182495572 0.00084302563881629756 0.0019778991960002113 0.0020984024955429548 0.002329524756492242 0.00084652657165180608 0.0070831629211205969 -0.00063483455091874067 -7.6057740718088503e-05 0.0017521239818300714 -0.0027512537135606398 -0.0034076353347627245 0 -0.0017738010136991882
leaf_weight=156.17081328108907 1407.8942334540188 596.27466815523803 590.06725229509175 93.388447692617774 129.65439858846366 2984.85302480869 171.78428767621517 247.84764934889972 166.66772690601647 86.044559800997376 703.43519708141685 372.67368711531162 1004.7366967089474 1764.9193920344114
leaf_count=2333 18339 7612 7793 1263 1669 38757 1240 3286 3487 1387 10309 5558 15100 22821
internal_value=0 -0.000130444 -0.00103198 -0.000631731 0.000346261 0.000141551 -0.000381247 0.00170793 0.00351672 -0.0012265 -0.00211801 -0.00234011 -0.000760199 -0.00112131
internal_weight=0 9068.52 2131.43 1975.26 1178.44 6937.08 3952.23 586.3 338.452 588.373 796.824 458.718 3365.93 2769.66
internal_count=140954 122615 30312 27979 16407 92303 53546 8013 4727 8614 11572 6945 45533 37921
is_linear=0
shrinkage=0.0101079


Tree=110
num_leaves=15
num_cat=0
split_feature=28 27 30 14 21 10 7 33 27 15 23 10 30 14
split_gain=15.7963 35.5453 28.5109 14.954 23.678 27.5376 16.5704 20.1396 24.5343 18.6432 20.0925 16.0443 14.5589 14.2541
threshold=0.47136868536472326 -0.49049438536167139 1.0000000180025095e-35 -7.5488638877868643 -11.714431762695311 0.21003863215446475 1.3781586885452273 2.9468749761581425 0.9279436767101289 12.448936939239504 0.82741123437881481 0.038594873622059829 0.81174489855766307 -10.109520912170408
decision_type=2 2 2 2 2 2 2 8 2 2 2 2 2 2
left_child=3 -2 -3 4 5 -1 9 8 -8 10 -5 -6 -9 -13
right_child=1 2 -4 6 11 -7 7 12 -10 -11 -12 13 -14 -15
leaf_value=0.0059896785309320189 -0.0028105246527566044 -0.0010956087107064257 0.0010242539029155018 -0.0013738362409219339 -0.0018647837797050124 0 -0.00085563257416270203 0.00082595887980852032 0.0020166494670261575 0.0051062400257296447 0.0023914004201053673 -0.00062026550817918086 0.0040575461364830145 0.0010823400191557005
leaf_weight=120.33507492020726 606.41684561781585 1370.727011166513 1210.0833446513861 201.03285710886121 699.70722381398082 182.52473242394626 1575.0398038700223 935.28467448055744 364.02080058306456 156.0685185752809 409.76470571756363 1717.0641149170697 177.16012486815453 694.67433145083487
leaf_count=1639 8898 19192 15878 2469 10239 2574 11790 19599 2690 2038 5152 25099 3670 9468
internal_value=0 -0.000622467 -8.5918e-05 0.000230175 -0.000247015 0.00239266 0.000667095 0.000315259 -0.000289821 0.00199792 0.00108499 -0.000522164 0.0014009 -0.000111242
internal_weight=0 3187.23 2580.81 7232.68 3414.31 302.86 3818.37 3051.51 1939.06 766.866 610.798 3111.45 1112.44 2411.74
internal_count=140395 43968 35070 96427 49019 4213 47408 37749 14480 9659 7621 44806 23269 34567
is_linear=0
shrinkage=0.0101079


Tree=111
num_leaves=15
num_cat=0
split_feature=14 15 0 10 3 13 33 3 33 27 15 17 27 15
split_gain=15.3964 24.6352 30.1772 28.534 20.7644 19.0597 37.586 24.5533 18.6508 18.8548 24.0151 18.3667 16.9724 19.7967
threshold=-7.2228870391845694 3.7638249397277836 0.58963531255722057 0.21422830969095233 0.59438803791999828 1.0000000180025095e-35 0.9590476155281068 0.59859260916709911 1.0000000180025095e-35 0.9279436767101289 15.216824531555178 84.500000000000014 0.60003554821014415 5.8595423698425302
decision_type=2 2 2 2 2 2 10 2 10 2 2 2 2 2
left_child=1 3 12 4 -1 6 -2 -8 -7 11 -11 -10 13 -3
right_child=5 2 -4 -5 -6 8 7 -9 9 10 -12 -13 -14 -15
leaf_value=0.002479649305082226 -0.00068477610297549099 -0.00040882117655719434 -0.00050903460789394992 -0.0019131636789484576 0 0.0009826248478962457 0.0066291392105618787 0.0016576863194576374 -0.0010105868008468022 -0.00062262092545984033 0.0042073179063034745 0.0019415933493181503 0 -0.0060079432627221851
leaf_weight=687.67232874035835 350.82605832442641 111.08683917485178 3010.5380425658077 352.76147099770606 652.40097615867853 1554.7813028078526 171.63370361924171 325.4994852617383 2252.7878311872482 200.2679105848074 186.10587760806084 222.64493241161108 122.51577598415315 238.22860303893685
leaf_count=10408 7564 1786 42541 4899 9485 32704 1245 2519 16987 1445 1406 1672 2039 3870
internal_value=0 -0.000411385 -0.000901531 0.00057261 0.00126415 0.000364051 0.0017475 0.00352858 8.67263e-05 -0.000387209 0.00163748 -0.000723601 -0.00327344 -0.00438762
internal_weight=0 5175.2 3482.37 1692.83 1340.07 5264.55 847.959 497.133 4416.59 2861.81 386.374 2475.43 471.831 349.315
internal_count=140570 75028 50236 24792 19893 65542 11328 3764 54214 21510 2851 18659 7695 5656
is_linear=0
shrinkage=0.0101079


Tree=112
num_leaves=15
num_cat=0
split_feature=29 28 27 23 0 9 33 2 18 13 2 13 23 2
split_gain=16.1989 20.3345 37.7771 19.1686 18.8548 22.0949 16.0587 12.1119 21.0843 14.4999 13.6258 15.2416 23.9975 15.062
threshold=-0.60785761475563038 0.41268247365951544 -0.076279435306787477 0.88414582610130321 0.53401675820350658 0.10979444161057474 1.0013927817344668 0.46209247410297399 24.500000000000004 0.019415371119976047 0.6080533266067506 0.044690582901239402 0.77224573493003856 0.72498050332069408
decision_type=2 2 2 2 2 2 8 2 2 2 2 2 2 2
left_child=-1 7 6 4 -4 -6 -3 8 -2 -10 11 12 -9 -12
right_child=1 2 3 -5 5 -7 -8 10 9 -11 13 -13 -14 -15
leaf_value=0.0031976524411652771 -0.0015360669877891857 -0.0010288784913971396 -0.0015009277904232828 -0.0014871825610215468 0.0031104963771140109 0.0001944697749526243 -0.0035674680751254678 -0.0044389498101262033 0.005876077618831424 0.00048172334222566521 0.0017988311729470734 0.0021000418150570466 -0.00010448243970432791 9.9078995958567479e-05
leaf_weight=148.30731160752475 97.843169961124659 635.93670506030321 306.55939172022045 581.27198455110192 416.65562588907778 802.06275678426027 512.89081185869873 223.49531091563404 132.6336175724864 110.30727095715702 592.42148966155946 100.83524500206113 347.0244719684124 5432.1751679293811
leaf_count=1887 1372 5149 4393 6702 5836 11422 11677 2846 1772 1421 8236 1186 4522 72127
internal_value=0 -8.22003e-05 -0.000744645 4.22488e-05 0.000656026 0.00123758 -0.00221331 0.00021899 0.00206365 0.00367767 0.000116823 -0.00123012 -0.0019087 0.000275
internal_weight=0 10292.1 3255.38 2106.55 1525.28 1218.72 1148.83 7036.74 340.784 242.941 6695.95 671.355 570.52 6024.6
internal_count=140548 138661 45179 28353 21651 17258 16826 93482 4565 3193 88917 8554 7368 80363
is_linear=0
shrinkage=0.0101079


Tree=113
num_leaves=15
num_cat=0
split_feature=13 14 4 0 16 33 12 8 13 15 13 22 23 0
split_gain=14.7645 20.7236 32.2825 19.0201 18.7684 29.921 21.149 22.9893 15.9821 17.3261 14.9992 18.0699 15.1284 17.5086
threshold=-0.088710099458694444 -7.0959863662719718 -1.8626879453659055 0.52323517203331005 0.84175664186477672 0.89012691378593456 0.063078410923481001 -0.90636554360389698 0.042787253856658942 28.547668457031254 -0.034374777227640145 -0.30708193778991694 0.64806738495826732 0.8435533642768861
decision_type=2 2 2 2 2 10 2 2 2 2 2 2 2 2
left_child=-1 2 -2 -4 -3 8 -7 -8 -6 -10 11 -5 -12 -14
right_child=1 4 3 10 5 6 7 -9 9 -11 12 -13 13 -15
leaf_value=0.0021871725556872152 0.00090596079265292087 0.00089848188337552271 -0.0032855212543439773 -0.0029005750511552886 -0.00026937311350440363 -0.002517285503651997 -0.0024382835730561458 0.0013077502382758089 0.0040604495918499066 0 0.0014938177258467962 -0.00022758174078476491 -0.0021310319990571814 0
leaf_weight=302.95253643766046 1193.214714564383 3078.3710998538882 337.26251768320799 596.27027836255729 334.39551148936152 659.50755333155394 251.23756408691406 465.84499707072973 270.96413373202085 143.12887764535844 397.52180718258023 516.13034014776349 559.8967952914536 1346.6757534760982
leaf_count=3957 16824 37961 5694 8572 7101 4948 1899 3561 6242 2863 6052 7773 8291 18977
internal_value=0 -4.91818e-05 -0.000520712 -0.000985896 0.000391441 -0.000324652 -0.00122191 0 0.00126766 0.00258731 -0.000740242 -0.00170652 -0.000252115 -0.000641805
internal_weight=0 10150.4 4946.97 3753.76 5203.45 2125.08 1376.59 717.083 748.489 414.093 3416.49 1112.4 2304.09 1906.57
internal_count=140715 136758 72183 55359 64575 26614 10408 5460 16206 9105 49665 16345 33320 27268
is_linear=0
shrinkage=0.0101079


Tree=114
num_leaves=15
num_cat=0
split_feature=14 15 0 3 3 27 28 29 0 3 20 13 3 12
split_gain=16.265 26.4144 23.5486 23.2051 15.2905 14.9049 14.1921 21.3427 33.4647 17.6657 17.0728 29.4693 25.9088 23.513
threshold=-7.2228870391845694 3.7638249397277836 0.58963531255722057 0.63798317313194286 0.88278812170028698 0.58244305849075328 -0.076279435306787477 -1.0000000180025095e-35 0.76413893699646007 0.52683895826339733 1.1833962798118594 0.018439464271068576 0.30337159335613256 -0.0031642683316022153
decision_type=2 2 2 2 2 2 2 2 2 2 2 2 2 2
left_child=1 3 5 -1 -4 -3 7 9 -9 -2 11 -8 13 -13
right_child=6 2 4 -5 -6 -7 10 8 -10 -11 -12 12 -14 -15
leaf_value=0.0017893697773122292 -0.0024797830735376718 -0.0041016536139241548 -0.0008212519653274091 -0.00054089522262711228 0.0014766883745831259 0 -0.0013322943502837089 0.005433618174467217 0.00095202738681683208 0.00091995821937360556 -0.00087324995653416165 -0.0042002249408341231 0.0032693975461553764 0.002256810157031356
leaf_weight=857.81400028243661 299.14684642665088 340.05318794026971 2696.6193913146853 838.37181412056088 314.13996387086809 119.12708897143602 401.36010616272688 186.3100967053324 1949.8292737752199 290.16974695026875 1433.8929926548153 103.61394333094358 505.57414451427758 105.40248474106193
leaf_count=12898 3686 5599 37769 11939 4725 2006 4913 2434 23554 3680 18633 1632 5679 1524
internal_value=0 -0.000401229 -0.000910654 0.00061656 -0.000564942 -0.00304437 0.000396104 0.000904137 0.00137975 -0.000747605 -0.00013216 0.000783492 0.00202945 -0.000792356
internal_weight=0 5166.13 3469.94 1696.19 3010.76 459.18 5275.3 2725.46 2136.14 589.317 2549.84 1115.95 714.591 209.016
internal_count=140671 74936 50099 24837 42494 7605 65735 33354 25988 7366 32381 13748 8835 3156
is_linear=0
shrinkage=0.0101079


Tree=115
num_leaves=15
num_cat=0
split_feature=14 16 3 22 7 17 28 3 12 30 28 6 28 20
split_gain=17.2094 23.0312 27.731 21.3694 17.7655 19.3048 21.8466 16.2732 19.5452 20.4462 26.6039 16.4786 20.4733 27.6729
threshold=-7.0959863662719718 0.16900514811277392 0.64729446172714245 -0.9897894263267516 1.0026390552520754 22.500000000000004 -0.16288578510284421 0.57336914539337169 -0.0031642683316022153 0.81174489855766307 0.076279435306787505 2.3759731054306035 -0.50938662886619557 1.0229979157447817
decision_type=2 2 2 2 2 2 2 2 2 2 2 2 2 2
left_child=1 2 -1 -3 5 -2 -7 8 -6 11 -11 12 -10 -14
right_child=4 3 -4 -5 7 6 -8 -9 9 10 -12 -13 13 -15
leaf_value=0.0019229993885261209 0.0034546288842811092 -0.0036395380238378708 -0.0009125190866421625 -0.00061827035217187107 -0.00083518747265173333 0.0026652829108172356 -0.0014218284949964923 -0.00056660023830816845 -0.00039376692336736693 0.0065037358143991975 0 0 0.0057330370300547034 -0.0001509927487844324
leaf_weight=787.98541201278567 366.43551959097385 257.72113566100597 604.62383132241666 3593.4500685762614 611.15341434068978 230.91757769137621 287.33027448877692 1931.1303558368236 171.4785809982568 150.18796202540398 115.45814396068454 1006.1523597519845 216.34289087168872 107.42781596444547
leaf_count=11760 4716 4321 8732 51251 7664 2767 3610 24492 2191 1913 1530 11875 2563 1317
internal_value=0 -0.000430632 0.000664727 -0.000837748 0.000389244 0.00169075 0.000334522 0.000110153 0.000676715 0.00122379 0.00380546 0.00072323 0.00221754 0.00369999
internal_weight=0 5243.78 1392.61 3851.17 5194.01 884.683 518.248 4309.33 2378.2 1767.05 265.646 1501.4 495.249 323.771
internal_count=140702 76064 20492 55572 64638 11093 6377 53545 29053 21389 3443 17946 6071 3880
is_linear=0
shrinkage=0.0101079


Tree=116
num_leaves=15
num_cat=0
split_feature=11 13 13 1 2 16 22 3 2 3 30 30 14 23
split_gain=15.3389 13.5767 16.2754 27.6095 15.0353 20.6263 19.4772 17.0136 14.7657 20.4724 29.2429 14.6243 14.3922 13.7981
threshold=0.0062944341916590938 -0.088710099458694444 -0.019014940597116944 1.4265769124031069 1.3130738139152529 0.15618191659450534 -0.32416613399982447 0.67606309056282055 1.1654385924339297 0.33456848561763769 -0.56174489110708226 -0.56174489110708226 -13.430784702301024 2.1933538913726811
decision_type=2 2 2 2 2 2 2 2 2 2 2 2 2 2
left_child=-1 11 3 4 5 -3 -6 -8 9 10 -7 -2 -11 -4
right_child=1 2 13 -5 6 8 7 -9 -10 12 -12 -13 -14 -15
leaf_value=0.0015498057844294979 -0.0002689140515538225 0.0015507200787277554 -3.5723158425216979e-05 0.0016076351758870068 -0.0043295622367564828 -0.0029768622708268959 0.0017535484703276052 -0.0025939175586310583 0.0021669006340481311 -0.0052042857092221475 0.0026417588977141154 0.0038975626157603748 -0.0016694403523939258 0.0021178855444178913
leaf_weight=590.64346098154783 134.34453022666276 302.74221233092248 6753.8608265910298 364.4486525747925 335.61876848526299 159.4803321659565 140.35258578881621 214.22196952067316 94.836223438382149 188.06241663917899 208.70535354316235 168.00544751249254 482.54541231319308 309.5215235427022
leaf_count=8319 1611 4982 88497 5300 4737 2375 1966 2992 1290 2937 2786 2305 6742 3840
internal_value=0 -0.000116205 -0.000187478 -0.00088961 -0.00134078 -0.000705602 -0.00258245 -0.000760545 -0.00134999 -0.00172323 8.92507e-05 0.00195457 -0.00276786 5.5106e-05
internal_weight=0 9856.75 9554.4 2491.01 2126.57 1436.37 690.193 354.575 1133.63 1038.79 368.186 302.35 670.608 7063.38
internal_count=140679 132360 128444 36107 30807 21112 9695 4958 16130 14840 5161 3916 9679 92337
is_linear=0
shrinkage=0.0101079


Tree=117
num_leaves=15
num_cat=0
split_feature=29 28 27 30 2 3 13 14 21 14 21 20 13 3
split_gain=16.1515 23.906 28.8357 19.1181 19.075 21.0145 25.1163 16.7439 28.934 14.7904 22.5602 30.4242 20.3031 21.1045
threshold=-0.60785761475563038 0.47136868536472326 -0.43245348334312433 1.0000000180025095e-35 0.81874704360961925 0.45341798663139349 -0.026010489091277119 -3.3893964290618892 -4.7562997341155997 -7.5488638877868643 -11.074426174163817 -5.3451044559478751 0.0021222056820988659 0.47533349692821508
decision_type=2 2 2 2 2 2 2 2 2 2 2 2 2 2
left_child=-1 9 -3 -4 5 6 -5 8 -6 10 11 -2 -11 -14
right_child=1 2 3 4 7 -7 -8 -9 -10 12 -12 -13 13 -15
leaf_value=0.0032657757036894395 0.00012898800095817656 -0.0026723403374077784 -0.0010639827864504516 0.0042270151775768358 0.0021050916657267579 0.0050374621505357544 -0.0011876804518759663 0.0028784759606304295 -0.0033814748549190971 0.0021745557427779133 -0.00050061728105869495 0.0067246931913862744 0.0013339485534912049 -0.00035642964572331093
leaf_weight=145.45155095309019 262.23910526931286 652.40756067913026 1350.4792965855449 123.24161599576473 132.34486003778875 164.68733717687428 242.30117324739695 99.238655027002096 284.22155760042369 766.60758499987423 3045.7180588226765 98.235386239364743 1247.70187564753 1829.3058242723346
leaf_count=1858 3758 9700 18914 1614 1724 2280 3035 1331 3742 10079 43920 1271 15527 21853
internal_value=0 -4.13269e-05 -0.000794537 -0.000259633 0.000740568 0.00209053 0.00057846 -0.000580029 -0.00153639 0.000270359 -0.00020529 0.00213861 0.000701965 0.000317481
internal_weight=0 10298.7 3048.92 2396.51 1046.04 530.23 365.543 515.805 416.566 7249.81 3406.19 360.474 3843.62 3077.01
internal_count=140606 138748 42340 32640 13726 6929 4649 6797 5466 96408 48949 5029 47459 37380
is_linear=0
shrinkage=0.0101079


Tree=118
num_leaves=15
num_cat=0
split_feature=14 16 3 0 5 7 10 15 7 20 0 11 23 23
split_gain=17.2691 28.241 33.783 27.4083 20.2095 14.9398 23.6941 22.8552 25.5734 19.7661 39.5975 25.8555 25.7078 19.5679
threshold=-7.0959863662719718 0.15618191659450534 0.58503141999244701 0.58963531255722057 -3.968303799629211 0.48272775113582617 0.12655632197856906 6.4792370796203622 6.3339989185333261 1.215529263019562 0.92859700322151195 0.12859646975994113 0.67983785271644603 0.76318278908729564
decision_type=2 2 2 2 2 2 2 2 2 2 2 2 2 2
left_child=1 2 4 -3 -1 6 13 -7 -9 10 11 12 -10 -2
right_child=5 3 -4 -5 -6 7 -8 8 9 -11 -12 -13 -14 -15
leaf_value=0 -0.0014494185786755201 -0.0029770779596321323 -0.00069982194396979154 -0.00047854043941475053 0.0038156779038117086 0.0046696625984247401 0.0050014704560726953 -0.0012625379965276564 0.0060653842995382718 -2.0429277187259694e-05 -0.0010200291589397181 -0.00084833943250633482 0.0015206190284912907 0.0021214646809161173
leaf_weight=218.72986070998013 240.54768379963934 522.97679268568754 639.06255686469376 3448.200267015025 419.61925870552659 105.53232854604721 169.6371959540993 1096.3639669641852 292.87662213109434 2139.1219485849142 351.35818926617503 123.69618257507682 283.93978276476264 388.1659021563828
leaf_count=3113 3002 8669 9324 48549 6367 1250 2041 13949 3646 26253 3988 1864 3609 4899
internal_value=0 -0.00039725 0.00089132 -0.000822839 0.00253638 0.000424187 0.00169552 0.000181395 5.33858e-05 0.000520107 0.00164981 0.00304268 0.00394658 0.000690594
internal_weight=0 5248.59 1277.41 3971.18 638.349 5191.24 798.351 4392.89 4287.36 3190.99 1051.87 700.513 576.816 628.714
internal_count=140523 76022 18804 57218 9480 64501 9942 54559 53309 39360 13107 9119 7255 7901
is_linear=0
shrinkage=0.0101079


Tree=119
num_leaves=15
num_cat=0
split_feature=28 32 30 2 21 10 14 15 30 3 18 3 10 17
split_gain=19.1296 19.368 26.5801 26.1714 14.1237 24.9351 20.4394 21.1639 20.174 46.8978 20.9341 19.6316 16.0782 14.6447
threshold=0.41268247365951544 1.0000000180025095e-35 1.0000000180025095e-35 1.0968062281608584 -11.074426174163817 0.21003863215446475 -10.190834522247313 3.6281778812408452 0.81174489855766307 0.60601708292961132 60.500000000000007 0.43069078028202062 0.21644867211580279 84.500000000000014
decision_type=2 2 2 2 2 2 2 2 2 2 2 2 2 2
left_child=4 2 -2 -4 5 -1 7 12 13 10 11 -10 -6 -8
right_child=1 -3 3 -5 6 -7 8 -9 9 -11 -12 -13 -14 -15
leaf_value=0.0052427929967149159 -0.0011751181163874053 -0.0023681444351320983 0.0017468225572560222 -0.0012393860010439109 0.0012613617475623333 0 6.0604330020635539e-05 -0.0014689586408366045 0.0042282722313772298 -0.00069068611557086238 0.0065001789667593355 -0.0012826432496937383 -0.0030815282071236867 0.0023294685831885056
leaf_weight=152.61674671433866 1536.98308317177 536.65516416542232 906.83321946300566 424.19137943349779 651.14398985356092 192.70605383440852 3607.6492164712399 1233.9791608955711 137.86655413918197 340.02055719867349 212.74399621784687 100.43319194018841 89.111078221350908 313.22173760645092
leaf_count=2082 21671 7967 11862 5678 9562 2705 45544 18367 1816 4236 2566 1448 1121 3906
internal_value=0 -0.000610247 -0.000261817 0.000763238 0.000311768 0.00229385 0.00020085 -0.000651426 0.000566998 0.00203891 0.00416217 0.00177326 0.000658306 0.000256337
internal_weight=0 3404.66 2868.01 1331.02 7031.49 345.323 6686.17 1974.23 4711.94 791.064 451.044 238.3 740.255 3920.87
internal_count=140531 47178 39211 17540 93353 4787 88566 29050 59516 10066 5830 3264 10683 49450
is_linear=0
shrinkage=0.0101079


Tree=120
num_leaves=15
num_cat=0
split_feature=13 15 13 0 3 14 29 23 2 15 14 30 3 15
split_gain=15.7501 19.5195 18.2499 27.6487 19.5855 19.9494 16.714 16.9652 23.2503 24.1414 15.1013 14.1413 40.2191 17.7971
threshold=-0.088710099458694444 4.40531349182129 -0.034374777227640145 0.70831051468849193 0.67606309056282055 -11.906536579132078 -0.60785761475563038 0.50973132252693187 0.59464272856712352 11.445940017700197 -24.697642326354977 0.81174489855766307 0.42178717255592352 15.343608379364015
decision_type=2 2 2 2 2 2 2 2 2 2 2 2 2 2
left_child=1 -1 3 -2 5 10 -4 8 9 -8 -5 -9 -13 -14
right_child=2 -3 6 4 -6 -7 7 11 -10 -11 -12 12 13 -15
leaf_value=0.0040707230818280982 -0.0031934818689040214 -0.00099414003116132083 0.0038107643177741506 -0.0020256482830406492 -0.0026184989386278841 -0.0032996716045452139 0.0043304232110051161 -1.302103818254669e-05 -0.0026686214034848973 -0.0019966111292183445 0.0018817762409497724 0.0039068165780364742 -0.00053063775260448615 0.00280721037987092
leaf_weight=200.03506297059357 445.67079180292785 102.80483745783567 115.06154039129615 105.29108678549528 250.51147734373808 105.10894862748682 114.98255542851985 6377.9460937920958 492.5802709441632 107.83778767846525 599.48930091410875 373.7354998793453 880.25636115670204 191.64715718105435
leaf_count=2510 6912 1418 1445 1495 3612 1366 1485 84357 6934 1344 8923 5358 11208 2517
internal_value=0 0.00223874 -7.22562e-05 -0.00109853 -0.000163603 0.000563553 0.000102482 4.44165e-05 -0.00143071 0.0011279 0.00122573 0.000185739 0.00108597 4.42542e-05
internal_weight=0 302.84 10160.1 1506.07 1060.4 809.889 8654.05 8538.99 715.401 222.82 704.78 7823.59 1445.64 1071.9
internal_count=140884 3928 136956 22308 15396 11784 114648 113203 9763 2829 10418 103440 19083 13725
is_linear=0
shrinkage=0.0101079


Tree=121
num_leaves=15
num_cat=0
split_feature=23 29 28 27 33 3 21 20 13 3 23 15 3 11
split_gain=18.2415 14.7254 13.8509 24.5432 23.0689 19.7877 15.9773 27.7672 16.0036 18.2585 14.8504 16.1092 13.8847 21.9094
threshold=1.5744086503982546 -0.60785761475563038 0.4904943853616715 -0.076279435306787477 1.0013927817344668 0.68186497688293468 -11.074426174163817 -5.3451044559478751 -0.028340587392449375 0.61214193701744091 1.0301396846771242 3.7638249397277836 0.30062894523143774 0.099770948290824904
decision_type=2 2 2 2 8 2 2 2 2 2 2 2 2 2
left_child=1 -1 6 4 5 -4 7 -3 9 12 11 -5 -8 -14
right_child=-2 2 3 10 -6 -7 8 -9 -10 -11 -12 -13 13 -15
leaf_value=0.0029127422657867922 0.0010999720064075204 -4.9792456543323024e-05 -0.002386565236619446 0.0026101956322137562 -0.0037976332111601054 0.0013656341524083179 -0.0024845326261899478 0.0065535099487724459 0.00017963101436777626 -0.0038835308926974642 -0.0023745004865534402 -0.00016561998787860063 -0.00080672945825577139 0.003524247989409441
leaf_weight=146.37629459425807 1319.366523751989 142.50402247346938 296.81426027417183 239.85036939568818 443.3922110684216 252.24796036630869 238.45044007524848 96.269322982057929 4822.7285105381161 204.0904612261802 251.25974459573627 1435.0577452313155 410.81930689886212 156.2394377309829
leaf_count=1845 17196 2029 2397 3752 10133 2074 3548 1218 63235 2804 2659 19655 5912 2326
internal_value=0 -0.000168058 -0.000225151 -0.000797164 -0.00208433 -0.000594908 4.38324e-05 0.00256872 -5.58228e-05 -0.00121328 -0.000107405 0.00021785 -0.000456812 0.000347055
internal_weight=0 9136.1 8989.72 2918.62 992.454 549.062 6071.1 238.773 5832.33 1009.6 1926.17 1674.91 805.509 567.059
internal_count=140783 123587 121742 40670 14604 4471 81072 3247 77825 14590 26066 23407 11786 8238
is_linear=0
shrinkage=0.0101079


Tree=122
num_leaves=15
num_cat=0
split_feature=11 23 3 16 13 30 3 15 30 12 13 6 3 5
split_gain=14.0605 13.1405 21.3921 26.1989 23.4353 25.0351 37.9152 30.6121 18.384 20.2171 18.0831 18.8319 17.4914 16.6816
threshold=0.0084646278992295283 1.536374092102051 0.57336914539337169 0.16900514811277392 -0.021624729968607422 -0.56174489110708226 0.32399584352970129 6.4792370796203622 0.81174489855766307 -0.017965093255043026 0.060714079067111022 13.452193737030031 0.21127110719680789 -4.2152085304260245
decision_type=2 2 2 2 2 2 2 2 2 2 2 2 2 2
left_child=-1 2 3 13 5 -5 7 -7 12 -10 11 -4 -6 -2
right_child=1 -3 10 4 8 6 -8 -9 9 -11 -12 -13 -14 -15
leaf_value=0.0012583496690222371 -0.00043334548242457188 0.00078977179297474716 -0.00086407101750676655 -0.0035944746388991262 -0.0036681751115015203 -0.0005113216319577096 -0.0020197415082382122 0.006767364280282932 -0.00055745131583128846 0.0030418558585458733 -0.0037993017518851094 0.0034021571651773369 5.5884923792516362e-05 0.0030441590813644979
leaf_weight=789.33681982383132 172.34986953809857 1317.4945767000318 2994.2721788436174 366.4497760925442 127.06197869963944 99.883021729066968 415.27672090195119 107.54305887036026 221.54670346342027 428.00330101884902 207.9801141358912 98.763690084218979 2643.2228542417288 458.32606371492147
leaf_count=11089 2442 17026 40261 5720 2465 1410 5505 1423 3133 5611 3099 1659 33102 6936
internal_value=0 -0.000137334 -0.000289219 0.000118097 -0.000150203 -0.00151972 -0.000205775 0.00318035 0.000236602 0.00176037 -0.000922147 -0.000706746 -0.000109953 0.00203657
internal_weight=0 9658.17 8340.68 5039.66 4408.99 989.153 622.703 207.426 3419.83 649.55 3301.02 3093.04 2770.28 630.676
internal_count=140881 129792 112766 67747 58369 14058 8338 2833 44311 8744 45019 41920 35567 9378
is_linear=0
shrinkage=0.0101079


Tree=123
num_leaves=15
num_cat=0
split_feature=13 14 20 28 2 3 0 28 7 20 7 0 11 31
split_gain=14.149 19.9518 25.3256 34.1445 22.9975 41.8131 27.2333 23.2968 18.5996 16.0253 23.5995 38.3589 28.2618 22.0143
threshold=-0.088710099458694444 -7.0959863662719718 -3.020251870155334 0.9279436767101289 0.46209247410297399 0.26165521144866949 0.58963531255722057 0.43245348334312445 1.3781586885452273 1.3167127966880801 7.0377535820007333 0.93902108073234569 0.12739083170890811 1.0000000180025095e-35
decision_type=2 2 2 2 2 2 2 2 2 2 2 2 2 2
left_child=-1 2 3 -2 5 -4 7 -6 -3 10 -10 12 -12 -13
right_child=1 8 4 -5 6 -7 -8 -9 9 -11 11 13 -14 -15
leaf_value=0.002147807375454034 9.2882022158603697e-05 0.0016390484521788885 -0.0020931479119040814 0.0061536110566154873 0.00056352756924004082 0.0058853889846754211 -0.00084408556531838982 -0.0046479358835527472 -0.0006783618816678218 -0.00040143497861201666 0.004182567772025813 0.0011661189687276001 -0.00073860307021398372 -0.003925689206874073
leaf_weight=297.81530104018748 1498.8421681188047 960.05151453241706 120.90354436263442 95.025849251076579 94.491718208417296 124.38006310351193 2630.4423591736704 374.94114427547902 588.96385184489191 2629.1736738681793 553.65154400840402 188.33611367642879 131.92152933031321 139.39642192795873
leaf_count=3883 21326 11994 1952 1259 1739 1790 37997 6191 6788 32996 7018 2077 1960 1619
internal_value=0 -6.0032e-05 -0.000522948 0.000507113 -0.00102586 0.00184805 -0.00127027 -0.0035218 0.000372704 7.34019e-05 0.00087593 0.00181732 0.00317948 -0.000918905
internal_weight=0 10130.5 4939.03 1593.87 3345.16 245.284 3099.88 469.433 5191.49 4231.44 1602.27 1013.31 685.573 327.733
internal_count=140589 136706 72254 22585 49669 3742 45927 7930 64452 52458 19462 12674 8978 3696
is_linear=0
shrinkage=0.0101079


Tree=124
num_leaves=15
num_cat=0
split_feature=0 27 29 0 20 14 13 2 3 3 12 2 9 13
split_gain=14.3296 22.5634 33.6319 30.036 16.4273 19.8544 30.3035 25.204 35.9777 22.4374 25.4019 28.104 18.1755 17.6669
threshold=1.3811956048011782 -0.50938662886619557 -1.0000000180025095e-35 0.6548956334590913 -2.447227835655212 -7.0959863662719718 -0.00041978387162089342 0.4550516158342362 0.23593004792928698 0.33671918511390692 0.031693967059254653 0.55560168623924266 0.42345331609249121 0.014712274074554445
decision_type=2 2 2 2 2 2 2 2 2 2 2 2 2 2
left_child=1 2 -1 -4 12 7 -7 8 -6 10 11 -9 -3 -8
right_child=-2 4 3 -5 5 6 13 9 -10 -11 -12 -13 -14 -15
leaf_value=0.0014245538846633342 0.00085277381747658797 0.0019495674860988182 -0.0049786098507798296 -0.0011282364900363044 -0.0020354256542458515 0.002590599576848744 -0.0015820271440499432 -0.0018364700936528682 0.0057256927301457625 -0.0018681461737594467 -0.0029918052357045906 0.0030942461734615153 -0.0012617901586453196 0.00037462751217384749
leaf_weight=400.48674076795578 1652.3625975362957 834.12197851017118 253.06322569213808 1334.2064339742064 94.950533719733357 528.11280934512615 585.99867571517825 159.1056251116097 128.85514902696013 1474.0453008608893 163.92433947697282 350.90145500935614 207.29686432890594 2272.1411777921021
leaf_count=5343 22117 11701 3805 18831 1554 6777 7194 2435 1855 21438 2329 5080 2776 27440
internal_value=0 -0.000170966 -0.00111779 -0.00178839 0.000100822 -0.000104508 0.000383875 -0.0008178 0.00229948 -0.00116838 0.000306532 0.00147339 0.0012672 -1.55547e-05
internal_weight=0 8787.21 1987.76 1587.27 6799.45 5758.04 3386.25 2371.78 223.806 2147.98 673.931 510.007 1041.42 2858.14
internal_count=140675 118558 27979 22636 90579 76102 41411 34691 3409 31282 9844 7515 14477 34634
is_linear=0
shrinkage=0.0101079


Tree=125
num_leaves=15
num_cat=0
split_feature=23 15 3 14 0 29 5 18 27 15 17 33 29 12
split_gain=14.289 11.8344 25.16 22.8152 22.7825 17.4381 24.5945 16.4233 14.9944 23.2286 14.3862 23.1948 13.7605 37.2256
threshold=2.1933538913726811 3.7638249397277836 0.64120537042617809 -7.0959863662719718 0.58963531255722057 0.6078576147556306 -3.4332554340362544 14.500000000000002 0.58244305849075328 6.0616896152496347 82.500000000000014 1.0013927817344668 0.87837970256805431 -0.0737609528005123
decision_type=2 2 2 2 2 2 2 2 2 2 2 8 2 2
left_child=1 2 5 4 8 10 -7 -4 9 -3 11 -1 -6 -14
right_child=-2 3 7 -5 12 6 -8 -9 -10 -11 -12 -13 13 -15
leaf_value=0.0051061733848886239 0.0018066687748481633 -8.8120581000278056e-05 -0.0018667251540743356 0.00014057915988698985 -0.00089923595435515986 0 0.0059052573907593213 0.0010586216619456633 0 -0.005890420044114766 -0.00087446710997854437 -0.00036635052392435717 0.0066405932529591122 -0.00030024149798497582
leaf_weight=139.90985345095396 396.79603928886354 121.47632435522974 461.75760760903358 5016.0196945872158 2402.1253345273435 117.21549767255783 192.99708426743746 312.22258727625012 123.49089404195547 228.55172296147794 274.90626844577491 141.77587746456265 87.030153939500451 420.7071606144309
leaf_count=1046 4994 1963 6424 62351 33831 1771 2992 4657 2086 3793 3959 3196 1192 6379
internal_value=0 -0.000128368 0.000647423 -0.000285182 -0.000927232 0.00183528 0.00375582 -0.000636016 -0.00298623 -0.00403483 0.000656783 0.0022748 -0.000571357 0.000891616
internal_weight=0 10040.2 1640.78 8399.4 3383.38 866.805 310.213 773.98 473.519 350.028 556.592 281.686 2909.86 507.737
internal_count=140634 135640 24045 111595 49244 12964 4763 11081 7842 5756 8201 4242 41402 7571
is_linear=0
shrinkage=0.0101079


Tree=126
num_leaves=15
num_cat=0
split_feature=0 11 3 15 14 0 12 14 20 11 23 11 20 20
split_gain=12.8452 15.6421 16.5734 21.8557 21.9438 18.3967 17.9564 30.6062 24.2431 17.5457 34.0985 25.1496 19.1384 14.6636
threshold=1.3539081811904909 0.010082088410854341 0.57336914539337169 3.7638249397277836 -7.5488638877868643 0.59372675418853771 0.063078410923481001 -1.2434962987899778 1.4888287186622622 0.04822890646755696 0.83045691251754772 0.13093841820955279 0.52087175846099865 0.37009851634502416
decision_type=2 2 2 2 2 2 2 2 2 2 2 2 2 2
left_child=1 -1 3 -3 5 -5 8 -8 9 -6 11 12 -11 -12
right_child=-2 2 -4 4 6 -7 7 -9 -10 10 13 -13 -14 -15
leaf_value=0.0011412237725256509 0.00077071188396967479 0.0017549446962371643 -0.0009098973425482284 -0.0033261498377518571 -0.00065111264602640872 -0.00057031163308230554 0.00038711611294927462 0.006587740518686107 -0.0015481890572315079 0.0053579003019379873 -0.0025721734985935511 -0.0010723777116763413 0.00035604410385825719 0.0017980740561151117
leaf_weight=812.02325954474509 1743.2947907745838 651.74075115099549 3002.8067176267505 310.28161552175879 524.51539452187717 1426.6037597060204 299.77584590576589 113.61266352422535 693.16624369286001 338.97413100302219 204.954077007249 101.59611510299146 125.59431663714349 107.40579093433917
leaf_count=11458 23210 9720 40727 5014 6230 19911 3609 1266 8409 4254 2651 1510 1527 1323
internal_value=0 -0.000177487 -0.000319108 3.5666e-05 -0.000221361 -0.00109823 0.000370924 0.00227597 0 0.000751723 0.00163337 0.00311501 0.00411904 -0.000935846
internal_weight=0 8713.05 7901.03 4898.22 4246.48 1736.89 2509.59 413.389 2096.21 1403.04 878.524 566.165 464.568 312.36
internal_count=140819 117609 106151 65424 55704 24925 30779 4875 25904 17495 11265 7291 5781 3974
is_linear=0
shrinkage=0.0101079


Tree=127
num_leaves=15
num_cat=0
split_feature=29 13 13 22 30 30 3 18 20 17 3 18 33 11
split_gain=13.7902 13.0044 17.6109 18.4283 16.2955 13.483 37.0888 25.8519 24.3063 19.4763 18.7143 25.1939 17.8554 17.5737
threshold=-0.60785761475563038 -0.088710099458694444 -0.058185430243611329 -0.33507154881954188 -0.56174489110708226 0.81174489855766307 0.60601708292961132 58.500000000000007 -2.2465361356735225 41.500000000000007 0.81169509887695324 75.500000000000014 0.9590476155281068 0.087802499532699599
decision_type=2 2 2 2 2 2 2 2 2 2 2 2 10 2
left_child=-1 4 3 -3 -2 10 7 8 12 -10 13 -12 -7 -4
right_child=1 2 5 -5 -6 6 -8 -9 9 -11 11 -13 -14 -15
leaf_value=0.0030132462959108867 -0.00035141119541081246 -0.0036375920921059121 -0.00077360432342752836 0 0.0041423006578600579 0 -0.00095908762192348403 0.0036219991031640783 0.0021187312284928982 -0.0024183158543428741 0.0016064180776199925 -0.0013697503525912278 0.0060113063935816613 0.00042304743428919159
leaf_weight=146.69094221293926 129.79824058897793 277.53625993058085 4393.7543315486982 280.78029816411436 161.03986758366227 102.39307394623756 726.9579547457397 506.8124995790422 129.84651331044734 283.20327208563685 1107.1495820470154 372.63098912872374 106.23491919785738 1699.7860620561987
leaf_count=1864 1559 4305 58855 4480 2161 1974 9520 6482 1685 3827 15943 5678 780 21271
internal_value=0 -2.97158e-05 -9.56545e-05 -0.00182771 0.00204341 4.01154e-06 0.000778564 0.0019325 0.000463594 -0.000883216 -0.000181003 0.000826564 0.00325439 -0.00043305
internal_weight=0 10277.9 9987.09 558.317 290.838 9428.77 1855.45 1128.49 621.678 413.05 7573.32 1479.78 208.628 6093.54
internal_count=140384 138520 134800 8785 3720 126015 24268 14748 8266 5512 101747 21621 2754 80126
is_linear=0
shrinkage=0.0101079


Tree=128
num_leaves=15
num_cat=0
split_feature=14 13 4 29 2 7 3 15 15 16 20 10 16 33
split_gain=17.9075 18.5118 19.2768 15.9648 26.8609 23.2912 21.8482 24.9311 22.8482 18.3178 14.3376 15.1011 14.326 19.6509
threshold=-6.977825164794921 -0.092603392899036394 -1.8626879453659055 1.0000000180025095e-35 1.6156458258628847 0.616327464580536 0.5090433955192567 6.5552208423614511 8.3125410079956072 0.63280782103538524 -3.020251870155334 0.22659276425838473 0.84175664186477672 0.90112781524658214
decision_type=2 2 2 2 2 2 2 2 2 2 2 2 2 10
left_child=1 -1 -3 4 5 6 7 -4 -9 10 11 -5 -2 -14
right_child=12 2 3 9 -6 -7 -8 8 -10 -11 -12 -13 13 -15
leaf_value=0.0021485359427510166 0.00088206159051217763 0.00054101483904632052 -0.0033025054876755239 0.0013151869281196901 -0.0026294866624053076 0.0028617450293486144 0.0015516289643025339 0.0044449787289011933 -0.0014817805290408272 -0.0053417177557906073 -0.0016661178987970448 -0.0030057009806638145 0.0010885602487773693 -0.00092970628759390386
leaf_weight=261.5615042950958 3009.1385694816709 1207.6425786353648 332.51056509278715 362.28091794624925 342.37051048502326 319.63664615899324 394.13112944178283 100.19210911169648 154.15300991758704 117.15657024271786 1604.8804112905636 96.517654526978731 753.69453238882124 1359.493201777339
leaf_count=3361 36964 16997 4617 5604 4636 4628 5464 1472 2354 1888 24498 1359 16292 10286
internal_value=0 -0.00040515 -0.000548994 -0.000904203 -0.000123382 0.00051685 -0.000222422 -0.00148662 0.000759793 -0.00147147 -0.00121333 0.000285064 0.000432499 -0.000189444
internal_weight=0 5293.03 5031.47 3823.83 1642.99 1300.62 980.987 586.856 254.345 2180.84 2063.68 458.799 5122.33 2113.19
internal_count=140420 76878 73517 56520 23171 18535 13907 8443 3826 33349 31461 6963 63542 26578
is_linear=0
shrinkage=0.0101079


Tree=129
num_leaves=15
num_cat=0
split_feature=13 29 28 27 23 30 3 5 13 12 33 13 30 29
split_gain=12.3038 14.3337 19.1203 31.3635 19.9232 23.9534 19.7726 17.4876 22.4764 21.4008 20.5722 13.2786 13.1357 11.4554
threshold=-0.088710099458694444 -0.60785761475563038 0.41268247365951544 -0.076279435306787477 0.9197671413421632 0.81174489855766307 0.67857995629310619 -4.4019591808319083 0.010122227482497694 0.082003440707921996 1.3734375238418581 0.032911708578467376 -0.56174489110708226 1.0000000180025095e-35
decision_type=2 2 2 2 2 2 2 2 2 2 8 2 2 2
left_child=12 -2 -3 7 5 6 -5 -4 13 10 -10 -7 -1 -9
right_child=1 2 3 4 -6 11 -8 8 9 -11 -12 -13 -14 -15
leaf_value=-0.00023228600931415657 0.0029925818984585166 0.00011076359060038489 0.0016266339109843725 -0.00055367676791215239 -0.0018716563976055964 0.004548715738381298 0.0037134771747338834 -0.0017404216033009329 0.0020438744537642109 -0.0040948553854309429 -0.0027706191215947436 0 0.0037316512113913392 -0.0054897224772023192
leaf_weight=129.22226758487523 138.8082479275763 6893.6803028192371 93.15607506595552 1131.7269532661885 476.65483207255602 192.30615177378058 114.608647974208 180.18935593776405 238.89044792950153 157.04984617419541 133.77342417649925 97.709044579416513 169.30497969500721 298.38985406607389
leaf_count=1552 1721 91757 1459 16180 5382 2503 1746 2622 1875 2354 2941 1302 2302 4943
internal_value=0 -0.000131534 -0.000181155 -0.000838964 -6.58857e-05 0.00047461 -0.000108774 -0.00220515 -0.00260859 -0.00104638 0.000188226 0.00305625 0.0019205 -0.00421085
internal_weight=0 10146.9 10008.1 3114.45 2013.01 1536.35 1246.34 1101.45 1008.29 529.714 372.664 290.015 298.527 478.579
internal_count=140639 136785 135064 43307 27113 21731 17926 16194 14735 7170 4816 3805 3854 7565
is_linear=0
shrinkage=0.0101079


Tree=130
num_leaves=15
num_cat=0
split_feature=28 27 29 21 13 2 30 21 3 13 11 8 2 11
split_gain=15.9028 24.3657 35.5922 28.3854 28.2543 18.6604 29.9998 30.0866 37.4921 21.1292 18.2264 17.5567 17.145 17.1262
threshold=-0.18436925113201139 -0.20576497167348859 -1.0000000180025095e-35 -6.4151203632354727 0.011375580448657276 1.4483218789100649 -0.56174489110708226 0.16622741520404818 0.26852844655513769 -0.073705289512872682 0.12394725903868677 0.25527010858058935 0.84950652718544017 0.062555581331253066
decision_type=2 2 2 2 2 2 2 2 2 2 2 2 2 2
left_child=-1 2 3 -2 -5 6 7 13 -9 -8 -11 -4 -10 -3
right_child=1 5 11 4 -6 -7 9 8 12 10 -12 -13 -14 -15
leaf_value=0.00037037567373108952 -0.0031398065316191963 -0.0054080807894233314 -0.0029239496411044529 0.0064782309187255112 0.00021215409042031429 0.0019962744160302898 0.0044536458563906199 0.0045270614316410976 0 0.00059264688780881199 -0.0028735107063197619 -0.0006899694093257955 -0.0036243486002863444 -0.000834863142726546
leaf_weight=4989.8944844920188 100.82259554974735 240.47040045261383 912.24262709077448 119.97421018406749 208.79024789482355 451.44948423840106 126.12704745680094 128.74540499038994 340.47247054800391 1615.1772257946432 161.68749255314469 692.21457092650235 205.79078051075339 166.59084580279887
leaf_count=65072 1397 3772 13333 1586 2794 5971 1749 1916 4173 21242 2003 10398 2635 2784
internal_value=0 -0.00041733 -0.00129329 0.0012169 0.00271429 9.1105e-05 -0.00018785 -0.00153583 -0.00015439 0.000560512 0.000243605 -0.00199309 -0.00137803 -0.00368395
internal_weight=0 5470.56 2034.04 429.587 328.764 3436.51 2985.06 1082.07 675.009 1902.99 1776.86 1604.46 546.263 407.061
internal_count=140825 75753 29508 5777 4380 46245 40274 15280 8724 24994 23245 23731 6808 6556
is_linear=0
shrinkage=0.0101079


Tree=131
num_leaves=15
num_cat=0
split_feature=14 15 10 22 20 23 7 10 15 11 20 23 11 23
split_gain=13.76 20.2112 24.7989 22.2164 17.3266 20.7926 16.6543 24.9884 20.7685 27.0317 23.9604 46.0063 26.0828 20.6232
threshold=-7.0959863662719718 3.7638249397277836 0.21422830969095233 -0.77556192874908436 -9.7793936729431135 0.86187797784805309 1.0026390552520754 0.14869584143161776 6.7648022174835214 0.04822890646755696 0.99040165543556224 0.82114830613136303 0.12394725903868677 0.81189820170402538
decision_type=2 2 2 2 2 2 2 2 2 2 2 2 2 2
left_child=1 2 -1 -3 -4 -6 7 13 -8 -10 11 12 -11 -2
right_child=6 3 4 -5 5 -7 8 -9 9 10 -12 -13 -14 -15
leaf_value=0.0011474596748010076 -0.00092950371185642432 -0.0028527449394635251 0.0013473535616443466 -0.000492208218747786 0.00013187645203737268 -0.0054079926126944259 0.0043431322279492051 0.0056649361545644678 -0.0013842206996748613 0.0048952856618627695 -0.00011896702795945746 -0.00068186520571960328 -0.00043439277602238803 0.0023330456883834541
leaf_weight=1343.0025007687509 342.37066751345992 479.41893685236573 103.76241006702185 3055.6864406773821 94.313326060771942 158.95104614086449 105.81484136916697 127.3833957053721 1116.4274452310055 417.39989102073014 2164.3861797042191 399.20803716219962 101.54214742779732 418.03997855633497
leaf_count=19913 4239 7634 1436 43639 1482 2044 1270 1597 14379 5064 26364 4739 1542 5233
internal_value=0 -0.000389923 0.000499483 -0.000829224 -0.00179991 -0.00324626 0.000343416 0.00159995 7.25105e-05 -3.31676e-05 0.000445259 0.00180909 0.00378433 0.000816732
internal_weight=0 5235.13 1700.03 3535.11 357.027 253.264 5192.57 887.794 4304.78 4198.96 3082.54 918.15 518.942 760.411
internal_count=140575 76148 24875 51273 4962 3526 64427 11069 53358 52088 37709 11345 6606 9472
is_linear=0
shrinkage=0.0101079


Tree=132
num_leaves=15
num_cat=0
split_feature=14 16 10 0 3 27 12 0 15 10 4 3 2 22
split_gain=12.3208 20.8396 29.994 24.5349 19.755 19.6532 18.0642 16.0939 13.1784 13.1364 12.9122 12.1228 14.032 18.121
threshold=-7.0959863662719718 0.15618191659450534 0.21422830969095233 0.58963531255722057 0.58503141999244701 0.054511256515979774 -0.043056093156337731 1.0225003957748415 6.26529884338379 0.064548678696155562 -0.12150867655873297 0.86483994126319896 1.2864468693733218 -0.3131642341613769
decision_type=2 2 2 2 2 2 2 2 2 2 2 2 2 2
left_child=1 2 4 5 6 8 10 -6 -3 -8 -1 12 -5 -14
right_child=-2 3 -4 11 7 -7 9 -9 -10 -11 -12 -13 13 -15
leaf_value=0.0066809163273642636 0.00032349047178413211 -0.001596708939189962 -0.0017071390445688613 -0.00023331206422501041 -0.0029235459656445236 -0.00048237695831070229 0.0033400045269222417 0.0014039856481347158 -0.0066934286982808459 -0.00067129503694156583 0.0013842312627709533 0.0010668319322278989 -0.0039893322636336184 -0.00057567057316873548
leaf_weight=157.62486801482737 5205.0180828683078 124.54219440743327 350.86541733518243 2232.3118612337857 127.96022831834853 244.59026551991701 132.52275697141886 238.73273868486285 149.47697209753096 171.87487674877048 103.73873568885028 462.10004137642682 261.8737759552896 481.30460445955396
leaf_count=2263 64633 2046 4916 31384 2197 3990 2102 3296 2648 2552 1524 6678 3756 6824
internal_value=0 -0.000369834 0.000730722 -0.000737772 0.00169754 -0.00278448 0.00287124 -2.67674e-05 -0.00462679 0.000984258 0.00482807 -0.000411757 -0.000657103 -0.00186081
internal_weight=0 5239.52 1283.32 3956.2 932.454 518.609 565.761 366.693 274.019 304.398 261.364 3437.59 2975.49 743.178
internal_count=140809 76176 18850 57326 13934 8684 8441 5493 4694 4654 3787 48642 41964 10580
is_linear=0
shrinkage=0.0101079


Tree=133
num_leaves=15
num_cat=0
split_feature=28 10 27 29 23 2 30 30 2 16 16 0 2 27
split_gain=14.8056 18.128 17.1941 36.9118 22.6712 29.245 29.077 20.6224 32.0274 19.7854 29.4183 20.4831 24.6246 24.2704
threshold=-0.69930991530418385 0.044210379943251617 -0.11969653144478797 -1.0000000180025095e-35 0.84958401322364818 0.64903327822685253 1.0000000180025095e-35 1.0000000180025095e-35 1.4274961948394778 0.85134470462799083 0.58108642697334301 0.93198800086975109 0.41528247296810156 0.56457334756851207
decision_type=2 2 2 2 2 2 2 2 2 2 2 2 2 2
left_child=1 -1 3 -2 5 -5 -6 8 9 10 -4 12 -12 -14
right_child=2 -3 7 4 6 -7 -8 -9 -10 -11 11 -13 13 -15
leaf_value=-0.00075684213157786034 0.0012525216468339678 0.0010696097876252981 -0.001561998452150346 0.0018274729999629262 0.00070163534462115229 -0.0031713829912797531 -0.0020783823155080773 0.0009718333237080111 0.0024618381250760559 -0.0028790987529753067 -0.0018592527076941503 -0.002107831227645662 0 0.0044994331522768558
leaf_weight=714.50776159018278 672.11133405007422 2154.3640211392194 985.79657401889563 121.57985630631447 819.53823639079928 912.36470504943281 691.30888586491346 1841.6126028224826 324.82372558116913 411.42056987807155 125.20709994807839 150.86831032857299 175.44480755552649 327.13388738594949
leaf_count=9422 8946 27942 15179 1792 11219 13607 9682 23673 4188 5104 1593 1688 2301 4323
internal_value=0 0.000599842 -0.000251736 -0.000812965 -0.00137647 -0.00253561 -0.000547783 0.000155424 -0.000430794 -0.000888262 -0.0003908 0.00104123 0.00187797 0.00290228
internal_weight=0 2868.87 7559.21 3216.9 2544.79 1033.94 1510.85 4342.31 2500.69 2175.87 1764.45 778.654 627.786 502.579
internal_count=140659 37364 103295 45246 36300 15399 20901 58049 34376 30188 25084 9905 8217 6624
is_linear=0
shrinkage=0.0101079


Tree=134
num_leaves=15
num_cat=0
split_feature=14 15 0 10 3 0 12 30 12 3 28 14 15 2
split_gain=13.1022 22.8765 27.0111 26.5952 17.7689 15.7376 14.7646 12.4493 17.9815 26.6878 42.1639 14.3219 30.9201 13.282
threshold=-7.0959863662719718 3.7638249397277836 0.58963531255722057 0.21422830969095233 0.59438803791999828 1.0307011604309084 -0.054214244708418839 0.81174489855766307 -0.017965093255043026 0.65406805276870739 0.26932403445243841 -1.8857427239418028 23.274837493896488 1.5449120402336123
decision_type=2 2 2 2 2 2 2 2 2 2 2 2 2 2
left_child=1 3 -3 4 -1 6 -6 11 -9 10 -10 -2 -13 -11
right_child=7 2 -4 -5 5 -7 -8 8 9 13 -12 12 -14 -15
leaf_value=0.0023102294017548555 0.00040249640927967218 -0.0031320100127820165 -0.00052073205218952201 -0.0018736426820147973 -0.0036950479173459023 0.0012813349237164183 0.00091225677688656654 -0.0015990436918950583 0.0061206996534833467 -0.0024261454663721382 -0.00011143059526192274 -0.0019438654533685659 0.0020012276348403972 0.0021978653207938084
leaf_weight=693.81347306258976 3339.1482997238636 473.5608841413632 3065.6809074468911 352.21315108798444 167.07286511920393 385.12670363299549 95.955163303762674 142.71966716460884 263.17739366739988 143.44818538799882 166.29360408894718 798.82649798132479 255.57608430273831 96.922738945111632
leaf_count=10408 42040 7843 43385 4921 2793 5114 1527 1665 3135 1832 2054 8913 3671 1359
internal_value=0 -0.000421477 -0.000887535 0.00052796 0.00119532 0 -0.0018863 0.000292815 0.00143869 0.00215642 0.00365512 6.95631e-05 -0.000941974 -0.000388087
internal_weight=0 5233.42 3539.24 1694.18 1341.97 648.155 263.028 5206.11 812.562 669.842 429.471 4393.55 1054.4 240.371
internal_count=140660 75991 51228 24763 19842 9434 4320 64669 10045 8380 5189 54624 12584 3191
is_linear=0
shrinkage=0.0101079


Tree=135
num_leaves=15
num_cat=0
split_feature=28 30 32 13 15 13 14 15 18 14 18 21 5 13
split_gain=13.8928 21.2807 23.5344 16.2514 44.4595 20.8984 21.1898 18.7535 16.3323 17.2217 30.5999 14.1328 29.5746 18.403
threshold=0.43245348334312445 1.0000000180025095e-35 1.0000000180025095e-35 0.015518832486122848 11.80566453933716 -0.0029828654369339343 -6.5688998699188224 6.8341922760009775 87.500000000000014 -2.6550478935241695 46.500000000000007 -10.781549930572508 -4.2152085304260245 -0.028340587392449375
decision_type=2 2 2 2 2 2 2 2 2 2 2 2 2 2
left_child=11 3 -3 5 -5 6 7 -2 9 10 -6 12 -1 -13
right_child=1 2 -4 4 8 -7 -8 -9 -10 -11 -12 13 -14 -15
leaf_value=0.00028517813137614182 -0.00065915399469409195 0.00083156478150357206 -0.0029061517558604828 0.0036584271256638289 -0.0022750881288066283 -0.0046139624160948106 0.0031279374607448862 -0.0046260449520041554 -0.0033988043304568841 -0.0029292106882511278 0.0050422152605533689 -0.0010862936476778919 0.0068341533719099151 0.00036235878322777464
leaf_weight=279.77725211717188 463.36496626399457 1308.763731746003 187.87573140673339 213.52925807796419 94.223604882135987 263.25402047857642 88.27847708016634 177.16467402875423 276.21320970728993 128.45390196889639 117.87927786633372 1048.8657041173428 94.073445878922939 5675.946415303275
leaf_count=4033 7358 17304 2895 2517 1329 3715 1272 2830 3603 1599 1714 15209 1174 73955
internal_value=0 -0.000547951 0.000323076 -0.00128379 -0.00018275 -0.00215635 -0.00117503 -0.0018604 -0.00160591 0 0.00164119 0.000243356 0.00214304 0.000129422
internal_weight=0 3319 1496.64 1822.36 830.299 992.062 728.808 640.53 616.77 340.557 212.103 7098.66 373.851 6724.81
internal_count=140507 46136 20199 25937 10762 15175 11460 10188 8245 4642 3043 94371 5207 89164
is_linear=0
shrinkage=0.0101079


Tree=136
num_leaves=15
num_cat=0
split_feature=23 2 2 14 21 2 13 5 20 21 22 4 6 21
split_gain=13.6513 12.3078 20.336 12.163 19.2307 17.0419 29.8817 16.1959 14.1606 13.177 12.5075 11.9679 10.8769 12.6427
threshold=2.1933538913726811 4.502530813217164 2.9701772928237919 -7.0959863662719718 -1.5271980762481687 0.509178787469864 -0.033165453001856797 7.2854001522064218 -0.15824126452207563 11.795956134796144 -0.3131642341613769 1.8012319803237917 -9.95013380050659 -10.781549930572508
decision_type=2 2 2 2 2 2 2 2 2 2 2 2 2 2
left_child=1 2 3 4 5 6 -1 -5 12 -9 -10 -6 -7 -14
right_child=-2 -3 -4 7 11 8 -8 9 10 -11 -12 -13 13 -15
leaf_value=-0.00029733512237132214 0.0017983858832902205 -0.0032038804107072673 0.0026395700976051296 0.00041753249726693967 -0.0017416688914064001 -0.0013995781641118596 0.0065539389298536069 -0.0027544642033125013 -0.0026465059103813336 0.00069933360340634551 6.9808233711438189e-05 0.00052094578861768004 0.0031648510957592753 0.00017832470104622511
leaf_weight=137.13021726720035 399.26219604536891 120.73651460558176 271.21941773220897 4418.6160501074046 1400.7776215765625 374.60278701968491 99.809571387246251 308.11830946616828 399.75959292519838 146.73758785612881 251.86341926828027 252.89153632521629 155.76799060590565 1695.2517268927768
leaf_count=2247 4984 1887 4347 53858 20598 5678 1382 3835 5715 1833 3591 3819 1901 24796
internal_value=0 -8.94095e-05 -4.49565e-05 -0.0001267 -0.000491962 -1.02798e-05 0.0025376 0.000222559 -0.000240293 -0.00155954 -0.00154652 -0.00137047 0.000127991 0.000463402
internal_weight=0 10033.3 9912.55 9641.33 4767.85 3114.19 236.94 4873.47 2877.25 454.856 651.623 1653.67 2225.62 1851.02
internal_count=140471 135487 133600 129253 69727 45310 3629 59526 41681 5668 9306 24417 32375 26697
is_linear=0
shrinkage=0.0101079


Tree=137
num_leaves=15
num_cat=0
split_feature=13 13 0 3 29 23 27 5 11 15 2 2 15 30
split_gain=13.498 18.1248 24.5028 22.5701 14.2361 16.3504 20.8833 13.7794 13.3921 13.1462 21.8427 12.9502 12.9238 11.2189
threshold=-0.088710099458694444 -0.034374777227640145 0.70831051468849193 0.67606309056282055 -0.60785761475563038 0.50973132252693187 -0.41268247365951533 1.2289267182350161 0.18192329257726672 11.445940017700197 0.63567310571670543 1.2951861619949343 3.8916473388671879 0.81174489855766307
decision_type=2 2 2 2 2 2 2 2 2 2 2 2 2 2
left_child=8 2 11 7 -3 6 -6 -4 12 10 -8 -2 -1 -7
right_child=1 4 3 -5 5 13 9 -9 -10 -11 -12 -13 -14 -15
leaf_value=0.0059385393176967262 -0.0019086430807175982 0.0035893721930751123 0.00162053365256049 -0.0028253678472012558 -0.0055728449115660522 5.5896069932381088e-05 0.0040507448593186304 -0.0010692739061701362 -0.00056360960885865204 -0.0019885360569247509 -0.0013094349672860531 -0.0065398419600865669 0.00040038877049809935 0.0010538706557393677
leaf_weight=106.84811406396329 349.52861895784736 115.07718587294221 521.52202424034476 245.16022728383541 96.853638343513012 6363.6688471846282 124.79973776452243 283.51253356784582 99.928943186998367 318.91717539727688 166.54113170877099 88.92535431869328 98.340604750439525 1427.0603511538357
leaf_count=1348 5493 1439 7755 3551 1441 84186 1670 4002 1184 4151 2499 1404 1389 18982
internal_value=0 -1.34923e-05 -0.00104405 -0.000158848 0.000160698 0.000106326 -0.0013484 0.000622273 0.0021156 -0.000551838 0.000896005 -0.00303453 0.00358412 0.000244745
internal_weight=0 10101.6 1488.65 1050.19 8612.92 8497.84 707.112 805.035 305.118 610.258 291.341 438.454 205.189 7790.73
internal_count=140494 136573 22205 15308 114368 112929 9761 11757 3921 8320 4169 6897 2737 103168
is_linear=0
shrinkage=0.0101079


Tree=138
num_leaves=15
num_cat=0
split_feature=13 13 22 15 3 15 29 23 2 3 9 7 2 4
split_gain=15.1637 17.0412 24.5411 15.9434 20.378 17.8532 14.2028 11.3566 13.5586 19.1404 11.3446 10.3639 9.62395 15.5398
threshold=-0.088710099458694444 -0.034374777227640145 -0.3131642341613769 2.645952701568604 0.35666145384311682 6.3346183300018319 -0.60785761475563038 0.43630988895893102 0.93900075554847728 0.4479063749313355 0.16187540441751483 -12.484869003295897 0.73381340503692638 1.3892073631286623
decision_type=2 2 2 2 2 2 2 2 2 2 2 2 2 2
left_child=10 2 3 -2 5 -5 -3 8 9 -8 -1 -4 13 -9
right_child=1 6 11 4 -6 -7 7 12 -10 -11 -12 -13 -14 -15
leaf_value=0.0041390607954806969 0.0003351628980074108 0.0035497197992481132 0.0012827088295316405 -0.0030621580090292731 -0.0045316654226833829 0.0021781534817792228 -0.0027842379825867296 0.0011343776440976398 -0.0041671690551049944 0.0023312910990092692 0 -0.0011105935727093101 -7.2601957944332235e-05 -0.00086436557824490906
leaf_weight=148.00786964595318 156.73239565268159 113.27276613935828 423.66019556485116 135.89191302657127 370.78231329191476 110.07368207164109 142.92095416225493 1805.7414625007659 130.87282265350223 138.373964285478 151.81514864787459 305.47531094029546 5831.8033646643162 479.69670975767076
leaf_count=1974 2557 1410 6561 2074 5289 1488 1850 23726 1819 1651 1912 4424 77800 6303
internal_value=0 -6.42482e-05 -0.00105737 -0.00230744 -0.00303975 -0.000562361 0.000104514 5.08844e-05 -0.00156257 -0.00013254 0.00221419 0.000223936 0.000139186 0.000695714
internal_weight=0 10145.3 1502.62 773.48 616.748 245.966 8642.68 8529.41 412.168 281.295 299.823 729.136 8117.24 2285.44
internal_count=140838 136952 22393 11408 8851 3562 114559 113149 5320 3501 3886 10985 107829 30029
is_linear=0
shrinkage=0.0101079


Tree=139
num_leaves=15
num_cat=0
split_feature=28 10 33 21 3 3 2 30 4 29 15 16 0 21
split_gain=16.2062 18.8133 17.8933 13.4416 12.8881 33.1259 22.8491 19.5602 18.3118 22.8355 15.9636 15.587 14.9972 18.2702
threshold=-0.69930991530418385 0.042113082483410842 1.0545857548713686 1.4439994692802431 0.34325549006462103 0.30062894523143774 0.6447771191596986 -0.56174489110708226 1.7344595193862917 1.0000000180025095e-35 8.9606723785400408 0.91670098900794994 1.0390934348106386 2.4980753660202031
decision_type=2 2 8 2 2 2 2 2 2 2 2 2 2 2
left_child=1 2 -1 -4 5 -2 7 10 9 11 -6 -8 13 -11
right_child=4 -3 3 -5 6 -7 8 -9 -10 12 -12 -13 -14 -15
leaf_value=-0.0022199848113873249 -0.00049456633015261054 0.0010853456638756835 -0.00058464298040648073 0.0036728418793825881 -0.0030809231353627329 0.0027092750905434566 -0.00039564402269764965 0.0021091137617723714 0.00045922405664697888 -0.0031210386743035705 0.0012843012054060603 0.0032653710208155442 -0.00051612154984492418 -0.00081746350772209293
leaf_weight=393.0725157931447 935.15580498240888 2197.5591147709638 169.50576626323164 112.08582988940179 167.03030494600534 488.95570483990014 1603.4640382472426 580.45705503970385 1014.5385973770171 966.38869472406805 146.1849073804915 119.83782365731895 882.47430576570332 649.87762087211013
leaf_count=2927 13985 28502 3759 2267 2253 6709 21357 7301 13578 14786 1385 1483 11932 8394
internal_value=0 0.000624851 -0.000811107 0.0010222 -0.000265768 0.000585736 -0.00047066 0.0009983 -0.000730162 -0.00102585 -0.000935261 -0.000104385 -0.00164295 -0.00222794
internal_weight=0 2872.22 674.664 281.592 7554.36 1424.11 6130.25 893.672 5236.58 4222.04 313.215 1723.3 2498.74 1616.27
internal_count=140618 37455 8953 6026 103163 20694 82469 10939 71530 57952 3638 22840 35112 23180
is_linear=0
shrinkage=0.0101079


Tree=140
num_leaves=15
num_cat=0
split_feature=23 27 23 3 14 12 3 10 2 33 28 16 20 29
split_gain=13.1412 14.8879 23.4591 25.7251 20.7941 22.2854 16.3156 13.3541 22.4315 16.7813 15.1687 11.5815 24.2688 16.9999
threshold=2.1013896465301518 -0.69930991530418385 0.55887621641159069 0.6711045801639558 -11.511574745178221 -0.07052979618310927 0.81169509887695324 0.077643610537052168 0.72498050332069408 0.99472221732139599 -0.18436925113201139 0.16040175408124926 -5.68310523033142 -0.60785761475563038
decision_type=2 2 2 2 2 2 2 2 2 10 2 2 2 2
left_child=1 2 -1 7 -5 -6 11 8 -4 -9 -10 12 -3 -13
right_child=-2 6 3 4 5 -7 -8 9 10 -11 -12 13 -14 -15
leaf_value=-0.0055133867936711682 0.0015825511933071649 -0.0026751671803851304 0.0032309537942606342 -0.0031384567663541888 0.0038935618547090069 -0.0010131156264335025 0.0016505186011493598 -0.0002890070105684557 0.00065242017457432908 0.0040012614708195456 -0.0037812505451073788 0.0036033617302921846 0.0019535083206075224 -0.0002680142035568449
leaf_weight=98.343463934026659 479.85169722698629 127.48520643077791 116.41576883941889 459.39513607509434 95.140434028580785 958.89062417298555 627.36575740203261 127.37149871140718 115.08752241544425 221.99587403982878 168.71464285440743 109.43920255079865 643.31434239633381 6094.9224422732368
leaf_count=1599 6077 1744 1456 6993 1392 13493 8469 2733 1547 1707 2446 1319 9770 79965
internal_value=0 -0.000115351 -0.000816909 -0.000577132 -0.00134432 -0.000507268 9.78329e-05 0.000916292 -0.00025734 0.00235095 -0.00187435 -3.76717e-05 0.00111721 -0.000188864
internal_weight=0 9963.88 2361.35 2263.01 1513.43 1054.03 7602.53 749.585 400.218 349.367 283.802 6975.16 770.8 6204.36
internal_count=140710 134633 33366 31767 21878 14885 101267 9889 5449 4440 3993 92798 11514 81284
is_linear=0
shrinkage=0.0101079


Tree=141
num_leaves=15
num_cat=0
split_feature=3 5 22 27 29 0 0 33 0 7 21 23 14 14
split_gain=11.0423 23.3633 17.5681 16.595 17.0647 17.7015 16.0611 14.6201 14.5856 14.3782 23.3775 18.8239 13.4608 11.7765
threshold=0.47083523869514471 2.0329561233520512 -0.03991777449846267 0.5464349389076234 1.0000000180025095e-35 0.96686741709709179 1.0519313812255862 0.94700106978416454 0.4801019579172135 10.161329269409181 -4.5574328899383536 0.72570437192916881 -6.8654439449310294 -8.4258708953857404
decision_type=2 2 2 2 2 2 2 10 2 2 2 2 2 2
left_child=1 3 -2 8 5 -5 7 -3 -1 10 -6 -12 -9 -10
right_child=2 6 -4 4 9 -7 -8 12 13 -11 11 -13 -14 -15
leaf_value=-0.0026590034353714239 -0.00073574253615625465 0 0.00032008877406317494 0.0036564174664540493 0.0030895425514705791 -0.00067228011112686707 0.0017092376040000138 -0.0045398949090324076 -0.00048364639796619262 0.0029856570762835043 -0.0031641847111653757 0.00055194778432261099 -0.00093167499472463996 0.0014019368903003355
leaf_weight=163.85978199727833 3562.1364619554952 356.98588586226106 2864.3410956878215 523.58492375165224 173.45888924971223 96.9073954988271 181.98996928706765 210.03120355308056 623.09041231311858 200.58742392621934 241.65436317026615 278.68789630755782 286.43205337971449 675.38224807754159
leaf_count=2485 48852 7708 37774 7243 2478 1287 2333 1633 9080 2783 3242 3582 2144 8190
internal_value=0 0.000416216 -0.000259033 0.000877425 0.00161771 0.00291594 -0.000867795 -0.00147463 7.85741e-05 0.000655091 0 -0.00111796 -0.00258411 0.000468567
internal_weight=0 4012.65 6426.48 2977.21 1514.88 620.492 1035.44 853.449 1462.33 894.389 693.801 520.342 496.463 1298.47
internal_count=140814 54188 86626 40370 20615 8530 13818 11485 19755 12085 9302 6824 3777 17270
is_linear=0
shrinkage=0.0101079


Tree=142
num_leaves=15
num_cat=0
split_feature=13 13 33 28 2 14 11 20 8 3 29 22 23 15
split_gain=14.7579 20.6107 19.335 17.2884 17.6258 31.636 15.9387 21.6219 15.5339 21.164 15.6304 25.3197 24.6223 25.7185
threshold=-0.088710099458694444 -0.058185430243611329 0.99611112475395214 -0.69930991530418385 0.77003073692321788 -1.4513846039772031 0.18192329257726672 -0.83568587899208058 2.7250069379806523 0.83117496967315685 1.0000000180025095e-35 -0.16904784739017484 0.94110074639320385 14.227209091186525
decision_type=2 2 10 2 2 2 2 2 2 2 2 2 2 2
left_child=6 2 -2 -3 5 -5 7 -1 10 -10 12 -12 13 -6
right_child=1 3 -4 4 8 -7 -8 -9 9 -11 11 -13 -14 -15
leaf_value=0.0069203973737759095 0 0.00078497839248992487 -0.0037942627256868115 0.00085120815056199907 -0.00012230386475338553 -0.0040619157685339241 -0.00070517382831504168 0 -0.0004978376968704987 0.0040626872102499725 -0.002123086950743884 0 -0.0014659692777960185 0.0031614865578365285
leaf_weight=103.64426263235509 299.15452323108912 2739.3380602709949 268.49132856726646 2198.0462561827153 664.67768348008394 132.94404921121895 99.990182934328914 97.532706253230572 230.56536234170198 162.73797898925841 1402.7605392951518 994.27545709349215 681.22639099694788 357.82965223304927
leaf_count=1257 6778 35324 2154 29534 8964 1487 1184 1441 3014 2358 20062 13551 8685 4845
internal_value=0 -2.41321e-06 -0.00186445 0.000105266 -0.000162192 0.000541337 0.00223698 0.00386557 -0.000536394 0.00132959 -0.000727355 -0.00125219 0 0.00100246
internal_weight=0 10132 567.646 9564.4 6825.06 2330.99 301.167 201.177 4494.07 393.303 4100.77 2397.04 1703.73 1022.51
internal_count=140638 136756 8932 127824 92500 31021 3882 2698 61479 5372 56107 33613 22494 13809
is_linear=0
shrinkage=0.0101079


Tree=143
num_leaves=15
num_cat=0
split_feature=11 15 10 14 3 5 3 30 17 3 7 18 2 14
split_gain=13.7426 12.5867 25.2637 20.896 17.0033 22.8256 15.1108 13.8442 21.0655 26.3604 21.4575 18.2174 13.7617 21.4793
threshold=0.0062944341916590938 3.7638249397277836 0.21422830969095233 -7.4866476058959952 0.83117496967315685 -2.3927254676818843 0.59438803791999828 0.81174489855766307 45.500000000000007 0.66590845584869396 15.947443485260012 57.500000000000007 1.2951861619949343 -17.620764732360836
decision_type=2 2 2 2 2 2 2 2 2 2 2 2 2 2
left_child=-1 2 6 4 12 -6 -2 -5 9 10 -9 -10 -3 -14
right_child=1 3 -4 7 5 -7 -8 8 11 -11 -12 -13 13 -15
leaf_value=0.0014954482244974011 0.0024216112621287741 -0.00074552682612907589 -0.0016250878342693197 -7.3911888710020401e-05 0.0034668891141344743 -0.0012721189083014059 0.00015920187752983074 0.0063221480001043693 -0.0027574553339792377 -0.00034303004351816712 0.00033355089659213095 0.0018144491486617729 0.00044377372682712557 -0.0035220728280741221
leaf_weight=592.2011756170541 679.45055252499878 2061.1076569538563 346.64846767671406 4312.9403976593167 193.14396488666534 193.23038142733276 612.87774438410997 203.12462806142867 176.0480725876987 163.24482098408043 108.35320107452571 157.89550757780671 166.90373300388455 497.57404698058963
leaf_count=8317 10180 29723 4880 53626 2771 2945 8866 2451 1988 2210 1403 1902 2367 7272
internal_value=0 -7.98831e-05 0.000720813 -0.000244704 -0.00089873 0.00101534 0.00138707 0.000145542 0.00135534 0.00272104 0.00442362 -0.000484959 -0.00118696 -0.00247195
internal_weight=0 9872.54 1638.98 8233.57 3111.96 386.374 1292.33 5121.61 808.666 474.723 311.478 333.944 2725.59 664.478
internal_count=140901 132584 23926 108658 45078 5716 19046 63580 9954 6064 3854 3890 39362 9639
is_linear=0
shrinkage=0.0101079


Tree=144
num_leaves=15
num_cat=0
split_feature=28 27 30 2 3 29 2 14 29 3 9 2 8 33
split_gain=11.0468 29.9159 22.1557 26.0808 20.3023 18.1976 18.1852 20.6253 16.6444 13.5335 11.8092 12.3099 11.4638 10.281
threshold=0.43245348334312445 -0.47136868536472315 1.0000000180025095e-35 1.0968062281608584 0.29031607508659368 -1.0000000180025095e-35 0.63117030262947094 -7.0959863662719718 0.6078576147556306 0.43069078028202062 0.17109155654907229 1.2864468693733218 0.38836579024791723 1.6250000000000002
decision_type=2 2 2 2 2 2 2 2 2 2 2 2 2 8
left_child=-1 5 10 4 -4 -2 9 8 -8 -6 -3 13 -7 -12
right_child=1 2 3 -5 6 12 7 -9 -10 -11 11 -13 -14 -15
leaf_value=0.00024137297183685438 0.00057260772217811813 1.871455208166345e-05 -0.0012257618395923756 -0.0011183740477872146 0.0024954072179493329 -0.0043321811745921325 0.0013907965372471224 0.0037005626503823544 -0.0038272567736344697 0.0076799678913176822 -0.0036048655318438585 0.00079076185541548916 -0.00089297264795465305 -0.00056184418287228029
leaf_weight=7114.8279638942331 146.01746929064393 711.01096765976399 142.75423398986459 375.18468034267426 180.75353680737317 343.66928502544761 137.24629537574947 184.52484815567732 96.153973169624805 106.82450212351978 326.78261662274599 126.97058846987784 191.20770925842226 230.41459229588509
leaf_count=94579 2009 9998 1891 4954 2112 5185 2018 2299 1392 1352 2620 1813 2968 5325
internal_value=0 -0.000465155 1.24305e-05 0.00101702 0.00201037 -0.00234048 0.00272808 0.00121105 -0.000643987 0.00470723 -0.00084037 -0.00178206 -0.00320724 -0.0024428
internal_weight=0 3299.52 2618.62 1223.44 848.257 680.894 705.503 417.925 233.4 287.578 1395.18 684.168 534.877 557.197
internal_count=140515 45936 35774 16018 11064 10162 9173 5709 3410 3464 19756 9758 8153 7945
is_linear=0
shrinkage=0.0101079


Tree=145
num_leaves=15
num_cat=0
split_feature=29 14 15 2 22 7 11 15 7 28 7 13 13 21
split_gain=14.2476 13.8332 23.7038 22.121 20.2234 16.228 15.6107 15.4173 27.7879 16.3329 14.7195 26.8744 14.1612 14.0452
threshold=-0.60785761475563038 -7.4188742637634268 3.7638249397277836 0.509178787469864 -0.38748581707477564 1.3781586885452273 0.047695677727460868 6.7648022174835214 5.2501027584075937 0.010907442308962378 -26.832728385925289 -0.088710099458694444 0.020502131432294849 6.1295208930969247
decision_type=2 2 2 2 2 2 2 2 2 2 2 2 2 2
left_child=-1 2 3 -2 -4 -3 -5 -7 9 -9 -8 -12 -11 -10
right_child=1 5 4 6 -6 7 10 8 13 12 11 -13 -14 -15
leaf_value=0.0030443546776764605 0.0049917956493679442 0.0014448271567464959 -0.0018840899645176522 -0.0012243037855009572 -0.00023845424641367042 0.0037650737112986154 -0.0027351328885703084 -0.00034258344385758836 0.0010704880929156865 -0.0047813034205473216 0.0062534120605214297 0.00068240348049943239 0 -0.00022025060057664418
leaf_weight=148.4308167360723 100.09668563678861 1046.9137883745134 1332.9810322886333 496.81157948635519 1932.5270515810698 102.97165118530393 88.681850049644709 409.84144663251936 1468.2249084562063 235.82016469351947 95.208472851663828 885.47855060733855 98.970398925244808 1974.731674913317
leaf_count=1865 1572 13105 19948 7145 27849 1270 1151 5166 17545 3109 1119 13445 1225 25101
internal_value=0 -3.17631e-05 -0.000420934 0.000543223 -0.000925403 0.000320339 0.000210346 3.44587e-05 -5.43056e-05 -0.00182262 0.000918417 0.00130835 -0.00346816 0.00031959
internal_weight=0 10269.3 4931.79 1666.28 3265.51 5337.47 1566.18 4290.56 4187.59 744.632 1069.37 980.687 334.791 3442.96
internal_count=140615 138750 72229 24432 47797 66521 22860 53416 52146 9500 15715 14564 4334 42646
is_linear=0
shrinkage=0.0101079


Tree=146
num_leaves=15
num_cat=0
split_feature=28 27 30 27 30 2 2 5 3 14 14 2 18 33
split_gain=15.4241 25.1169 34.2172 31.0596 25.9988 26.9994 24.8678 18.5898 16.9033 16.309 21.7694 23.2401 15.7094 17.1455
threshold=-0.18436925113201139 -0.49049438536167139 1.0000000180025095e-35 -0.88186877965927113 1.0000000180025095e-35 1.1373663544654848 1.4483218789100649 -2.0952841043472286 0.34604898095130926 -6.977825164794921 -2.6550478935241695 0.53062987327575695 75.500000000000014 0.99393379688262951
decision_type=2 2 2 2 2 2 2 2 2 2 2 2 2 10
left_child=-1 2 3 -2 6 -6 8 -8 12 -10 11 -11 -3 -14
right_child=1 4 -4 -5 5 -7 7 -9 9 10 -12 -13 13 -15
leaf_value=0.00041369668200297511 0.0010437460308376331 0.0011988561479585548 -0.0032153398889104576 -0.0025867561559090309 0.0018331902359420903 -0.00091623651352056924 0.005531241874797338 0 -0.0034711629636254814 -0.0033449003298609329 -0.0034191087403969288 0.0018825739673882921 0.00071168043441977588 -0.0041293257444557953
leaf_weight=4992.4474057629704 668.48543763160706 459.90907190740108 641.59485497511923 363.03653925005347 1213.118598330766 492.92975168675184 94.35303171351552 179.12005917727947 425.22490547131747 108.14809962362051 211.2257026117295 319.92495170608163 118.7573751732707 146.08504031598568
leaf_count=65036 9391 7076 9677 5364 15853 6383 1224 2512 6772 1110 2292 4087 2695 1188
internal_value=0 -0.000363567 -0.00139261 -0.000204624 8.44309e-05 0.00101462 -0.00066625 0.00208405 -0.00111621 -0.00192317 -0.000802131 0.000433499 2.14567e-05 -0.00185082
internal_weight=0 5441.91 1673.12 1031.52 3768.8 1706.05 2062.75 273.473 1789.28 1064.52 639.299 428.073 724.751 264.842
internal_count=140660 75624 24432 14755 51192 22236 28956 3736 25220 14261 7489 5197 10959 3883
is_linear=0
shrinkage=0.0101079


Tree=147
num_leaves=15
num_cat=0
split_feature=0 27 29 28 14 14 7 7 3 4 29 16 5 14
split_gain=12.1259 17.6719 31.6611 20.2782 18.5302 33.8094 20.4732 15.1028 14.4226 12.4065 10.3669 10.9092 29.976 19.801
threshold=1.3419662714004519 -0.49049438536167139 -1.0000000180025095e-35 -0.61734244227409352 -5.736008644104003 -3.7948499917984004 6.8925180435180673 -19.223732948303219 0.70638611912727367 0.73561811447143566 -0.60785761475563038 0.15618191659450534 -4.493924379348754 -7.4188742637634268
decision_type=2 2 2 2 2 2 2 2 2 2 2 2 2 2
left_child=1 2 8 -4 7 6 -6 -5 -1 -7 -3 12 -12 -13
right_child=-2 10 3 4 5 9 -8 -9 -10 -11 11 13 -14 -15
leaf_value=0.0037790554100929669 0.00075022889094654498 0.0027612626676713032 0.0025357677199715355 0.00067982010182745481 -0.00011224228800857398 -0.0042056173717958337 0.0055658449681557374 -0.0034192935061904454 0 -0.00025324209378168135 -0.0015074837083746844 -0.00083545566232560574 0.0027716424403157209 0.00035256581676872665
leaf_weight=157.28113391064107 1786.061654176563 136.29363301210105 94.435935473069549 83.554517654702067 123.64628357253969 192.23581213876605 103.39075675979257 760.79160865582526 227.87963202781975 177.99613182991743 244.23884005844593 2396.8696363596246 449.89245647750795 3497.3598796371371
leaf_count=1910 23715 1716 1171 1243 1569 2447 1307 12230 3288 2229 3471 34371 6962 42971
internal_value=0 -0.000162807 -0.00101722 -0.00167847 -0.00199438 -0.000537069 0.00239786 -0.00296366 0.00149818 -0.00245611 7.61564e-05 1.13388e-05 0.00120825 -0.000124133
internal_weight=0 8645.87 1921.21 1536.05 1441.62 597.269 227.037 844.346 385.161 370.232 6724.65 6588.36 694.131 5894.23
internal_count=140600 116885 27394 22196 21025 7552 2876 13473 5198 4676 89491 87775 10433 77342
is_linear=0
shrinkage=0.0101079


Tree=148
num_leaves=15
num_cat=0
split_feature=28 27 29 21 13 13 6 0 2 23 16 20 12 12
split_gain=12.7591 23.4205 30.5145 22.023 32.9896 17.3806 28.4006 26.075 15.0841 19.2632 15.5663 21.4128 13.1362 11.5256
threshold=-0.18436925113201139 -0.20576497167348859 -1.0000000180025095e-35 -6.4151203632354727 0.011375580448657276 0.015113937668502333 7.7900743484497079 1.0564456582069399 1.4483218789100649 0.79660305380821239 0.13030143827199939 -2.1499712467193599 0.08047687262296678 -0.0077745465096086255
decision_type=2 2 2 2 2 2 2 2 2 2 2 2 2 2
left_child=-1 2 3 -2 -5 7 13 -4 10 12 11 -3 -10 -7
right_child=1 8 5 4 -6 6 -8 -9 9 -11 -12 -13 -14 -15
leaf_value=0.00034181075380932866 -0.0027333184457258774 -3.5282128302793396e-05 -0.0037328867606543905 0.0064801385362987726 0 -0.0011325829458014606 -0.003276001392358059 0.00034803895712917562 0.0058309530348721961 -6.5073058161705112e-05 -0.00034438836102237378 0.0058434968523163522 0.00033805641636000538 0.0021212106363826116
leaf_weight=4989.42017349042 101.3561486247927 131.36823890730739 697.19675144553185 118.91411839611828 211.73675668612123 156.27202667854726 255.38938671350479 182.62241984531283 135.21873255074024 230.94873497448862 2745.8974546799436 94.683467242866755 90.218631476163864 283.36361761204898
leaf_count=65121 1411 2055 11250 1556 2846 2271 3773 2776 1885 2769 36541 1533 1332 3483
internal_value=0 -0.000365018 -0.00123205 0.00107458 0.00239689 -0.00189252 -0.000612007 -0.00284447 0.000132338 0.00183293 -0.000119247 0.00236422 0.00388955 0.000874487
internal_weight=0 5435.19 2006.85 432.007 330.651 1574.84 695.025 879.819 3428.34 456.386 2971.95 226.052 225.437 439.636
internal_count=140602 75481 29366 5813 4402 23553 9527 14026 46115 5986 40129 3588 3217 5754
is_linear=0
shrinkage=0.0101079


Tree=149
num_leaves=15
num_cat=0
split_feature=13 13 22 3 33 30 13 14 7 10 20 2 2 20
split_gain=12.8595 16.2614 20.7574 13.5048 13.4643 12.7887 11.0109 12.5109 17.0667 38.3371 16.5167 19.5998 25.7141 18.0874
threshold=-0.088710099458694444 -0.056843556463718407 -0.33507154881954188 0.40474334359169012 1.0013927817344668 -0.56174489110708226 -0.053039239719510071 -6.977825164794921 0.36422935128211981 0.14869584143161776 1.3167127966880801 0.40721851587295538 0.72498050332069408 0.30825322866439825
decision_type=2 2 2 2 8 2 2 2 2 2 2 2 2 2
left_child=5 2 3 4 -2 -1 -3 -8 9 -9 11 -10 -13 -14
right_child=1 6 -4 -5 -6 -7 7 8 10 -11 -12 12 13 -15
leaf_value=-2.9986175983978042e-05 -0.0040357936019904065 0.0030691603712116227 0.0001238970458811147 -0.0059051023609036097 0.0012476031454082671 0.0038291812024004372 -0.00037294811409933036 0.0007106915971934716 -0.0021017921506900242 0.0070604099461637326 -0.00036692966424159862 0.002740474482130318 -0.0011683366509110567 0.0018605688444636908
leaf_weight=132.62999789975584 83.040146015584469 116.01878301240504 301.7486981227994 132.10823434498161 85.897473307326436 171.11291579529643 4277.8991251373664 648.55986776016653 180.13171235658228 111.98404130153358 2698.1338805295527 681.71187169291079 478.68947617150843 334.71251363493502
leaf_count=1573 665 1693 4792 2075 1963 2318 62184 8037 2220 1340 33877 8008 5886 4065
internal_value=0 -2.88564e-05 -0.00163099 -0.00348075 -0.00118225 0.00205457 6.94825e-05 2.57493e-05 0.000365906 0.00175922 0.000111717 0.000904854 0.00130288 3.44323e-05
internal_weight=0 10130.6 602.795 301.046 168.938 303.743 9527.84 9411.82 5133.92 760.544 4373.38 1675.25 1495.11 813.402
internal_count=140696 136805 9495 4703 2628 3891 127310 125617 63433 9377 54056 20179 17959 9951
is_linear=0
shrinkage=0.0101079


Tree=150
num_leaves=15
num_cat=0
split_feature=23 11 3 20 7 3 5 20 17 0 23 16 30 11
split_gain=11.0158 11.9308 13.136 18.1989 24.5479 24.1455 19.0027 17.5439 16.5765 15.2133 14.6303 14.4822 14.1874 33.9813
threshold=1.5544932484626772 0.0062944341916590938 0.40213991701602941 -3.1523643732070918 -3.9211126565933223 0.62324276566505443 -4.4019591808319083 -0.83568587899208058 84.500000000000014 1.2303146719932558 0.72889813780784618 0.44925315678119665 0.81174489855766307 0.091378316283226027
decision_type=2 2 2 2 2 2 2 2 2 2 2 2 2 2
left_child=1 -1 12 5 9 6 8 11 -4 -5 -7 -6 -3 -14
right_child=-2 2 3 4 7 10 -8 -9 -10 -11 -12 -13 13 -15
leaf_value=0.0013334757981424395 0.00084605760329116973 0 0.002784670113229313 -0.0024764355958631777 0 0.0029961201042379973 0.0056580756253691291 -2.536490070397068e-05 -0.0021998068694595386 0.0013148583322332777 -0.0012068697653008851 -0.0031818207848494174 0.0041722675630275451 -0.00069732784756119405
leaf_weight=525.50323521345854 1371.7354858368635 2146.5728085115552 170.169334391132 997.13211597781628 257.4545401763171 89.879311496391892 135.94290133938193 3131.9784288089722 96.107308091595769 101.77811615914106 521.35063759982586 360.09674518741667 287.18367151543498 263.61487151496112
leaf_count=7413 17741 29715 2337 14413 3648 1421 1893 39745 1221 1420 7536 4600 3910 3806
internal_value=0 -0.000123241 -0.000218513 -0.00048986 -0.000751381 0.000717881 0.00263332 -0.000347173 0.0008266 -0.00208205 -0.000494065 -0.00189424 0.000355921 0.00179146
internal_weight=0 9084.76 8559.26 5861.89 4848.44 1013.45 402.22 3749.53 266.277 1098.91 611.23 617.551 2697.37 550.799
internal_count=140819 123078 115665 78234 63826 14408 5451 47993 3558 15833 8957 8248 37431 7716
is_linear=0
shrinkage=0.0101079


Tree=151
num_leaves=15
num_cat=0
split_feature=14 7 21 29 7 33 0 20 3 3 12 18 5 30
split_gain=14.7067 19.4733 16.5407 18.0085 16.2901 21.8344 16.1368 15.0101 21.465 35.9978 23.9319 24.0173 22.1655 20.2448
threshold=-7.0959863662719718 1.3781586885452273 -1.9266042113304136 1.0000000180025095e-35 0.7458748221397401 0.9590476155281068 0.8621482551097871 -0.54042616486549366 0.62574219703674328 0.83619198203086864 -0.11864200234413146 18.500000000000004 -6.5728864669799796 -0.56174489110708226
decision_type=2 2 2 2 2 10 2 2 2 2 2 2 2 2
left_child=2 -2 7 4 -4 -6 -5 8 -1 -10 12 -12 -11 -9
right_child=1 -3 3 6 5 -7 -8 13 9 10 11 -13 -14 -15
leaf_value=0.0015125478563021433 0.0016884954074197131 8.3953027733309804e-05 -0.0013369116493976124 -0.0031590796502103755 -0.00033973433044288341 0.0042529712587170629 -0.00063147088314830511 -0.0031944897497486763 -0.0019846460833892478 0.0015847390902093954 0.00082938229350876052 0.0064577181260738158 -0.0039091270593470985 1.9276786416018636e-05
leaf_weight=1105.5369800608605 955.529292056337 4245.2454347852618 423.70344018749893 558.72580420412123 237.43390034325421 163.52762564271688 572.30256821960211 293.76496348809451 690.87009483296424 152.64953637495637 234.91973684728146 128.10099978744984 126.14505418017507 524.25898208096623
leaf_count=16003 11954 52583 5948 8620 4614 1337 8533 4684 10044 2096 3096 1992 1917 7162
internal_value=0 0.000388571 -0.000370476 -0.00110443 0 0.00147869 -0.00192848 5.94787e-05 0.00046883 -0.00037046 0.00130765 0.00301682 -0.000797584 -0.00110465
internal_weight=0 5200.77 5211.94 1955.69 824.665 400.962 1131.03 3256.25 2438.22 1332.69 641.815 363.021 278.795 818.024
internal_count=140583 64537 76046 29052 11899 5951 17153 46994 35148 19145 9101 5088 4013 11846
is_linear=0
shrinkage=0.0101079


Tree=152
num_leaves=15
num_cat=0
split_feature=27 30 2 30 33 3 1 13 15 28 30 13 13 15
split_gain=11.0309 41.4566 27.3702 21.5746 18.4969 18.24 17.42 18.9304 25.5431 31.1301 19.0618 24.3517 18.7565 27.3038
threshold=-0.71473535895347584 1.0000000180025095e-35 1.5300037264823916 1.0000000180025095e-35 1.0013927817344668 0.70949918031692516 1.4397475719451907 0.015518832486122848 11.537200450897219 0.8491516411304475 -0.56174489110708226 -0.0034288752358406778 0.071650423109531416 25.662767410278324
decision_type=2 2 2 2 8 2 2 2 2 2 2 2 2 2
left_child=1 2 -1 6 -3 -4 7 10 -9 12 -2 -12 -10 -14
right_child=3 4 5 -5 -6 -7 -8 8 9 -11 11 -13 13 -15
leaf_value=0.0018034483153624905 -0.0018826289126822884 -0.0032908841580798214 0.0019976821397345544 0.00082951920817979136 -0.00035414272113559167 -0.0016483139048072855 0.0010955431140092853 0.0027477961061183774 -0.00029939554393594152 -0.0035560947252980053 0.0016176967118900862 -0.002233223036718818 0.0057327815820962394 -0.00092269632223150383
leaf_weight=781.21412515919656 1356.1939511215314 594.68498789519072 164.30852727591991 3351.6283863838762 400.22312970180064 629.70522527955472 796.70573200471699 329.61874969676137 837.15565874800086 245.92827454954386 437.90209084935486 259.4474933706224 134.96247063390911 93.27889546751976
leaf_count=10330 19786 4882 2013 43469 9334 9363 10401 3921 9996 3399 6793 3368 1833 1492
internal_value=0 -0.000547373 0.00045209 0.000214053 -0.0021616 -0.000831477 -0.000236875 -0.000536813 0.000252002 -0.000356915 -0.00118539 0.000118857 0.00036386 0.00289925
internal_weight=0 2570.14 1575.23 7842.82 994.908 794.014 4491.19 3694.49 1640.94 1311.33 2053.54 697.35 1065.4 228.241
internal_count=140380 35922 21706 104458 14216 11376 60989 50588 20641 16720 29947 10161 13321 3325
is_linear=0
shrinkage=0.0101079


Tree=153
num_leaves=15
num_cat=0
split_feature=23 13 11 29 23 2 16 3 2 13 11 33 28 2
split_gain=13.7927 14.5354 19.4726 12.7371 14.3994 26.5449 12.2775 12.0369 13.7063 13.3954 11.1634 11.1402 13.3106 17.8962
threshold=2.1013896465301518 -0.088710099458694444 0.18192329257726672 -0.60785761475563038 0.52564251422882091 0.58058938384056102 0.64507395029068004 0.74799329042434703 1.0843029618263247 0.015113937668502333 0.0084646278992295283 1.0000000180025095e-35 -0.3317298144102096 0.53530079126358043
decision_type=2 2 2 2 2 2 2 2 2 2 2 10 2 2
left_child=1 2 -1 -3 5 6 -5 8 9 -7 -6 12 -12 -14
right_child=-2 3 -4 4 10 7 -8 -9 -10 -11 11 -13 13 -15
leaf_value=0.003862427540358356 0.0016533651719450317 0.0028101770019694529 -0.00120270713386351 0.0032678887392213122 0.0011813262430556434 -0.0034713461683975582 -0.00076177331595767863 0.00017084627938227989 -0.0056210841360890785 0 0.00097234826564542324 -0.00049763278169401661 0.0021074090202250375 -0.00074017253677696575
leaf_weight=203.79909205250442 485.3074769731611 136.68023567274213 102.1019129306078 138.49250176176429 662.21184712648392 223.32614024914801 133.5772894397378 118.60451554879546 161.91489331051707 183.01255051977932 1501.6432224102318 4611.9807937666774 252.45872606709599 1527.8652876671404
leaf_count=2710 6101 1679 1213 2063 9408 3513 1614 1821 2319 2298 31674 35088 5238 34100
internal_value=0 -7.86713e-05 0.00205452 -0.000152043 -0.000201065 -0.00137265 0.00117787 -0.00244308 -0.00305401 -0.0018485 -6.39252e-05 -0.000174553 0.000267244 -0.000306448
internal_weight=0 9957.67 305.901 9651.77 9515.09 958.928 272.07 686.858 568.254 406.339 8556.16 7893.95 3281.97 1780.32
internal_count=140839 134738 3923 130815 129136 13628 3677 9951 8130 5811 115508 106100 71012 39338
is_linear=0
shrinkage=0.0101079


Tree=154
num_leaves=15
num_cat=0
split_feature=23 27 28 30 30 2 29 18 3 20 7 23 2 13
split_gain=12.4134 13.3791 28.5342 27.039 20.1808 31.9404 19.8647 19.2525 16.6066 15.232 18.1583 17.2525 14.8831 27.3572
threshold=2.1933538913726811 -0.47136868536472315 0.41268247365951544 1.0000000180025095e-35 1.0000000180025095e-35 1.3969033956527712 -1.0000000180025095e-35 58.500000000000007 0.60967284440994274 -2.3931531906127925 7.9980530738830575 0.9197671413421632 1.5449120402336123 0.026242932304739956
decision_type=2 2 2 2 2 2 2 2 2 2 2 2 2 2
left_child=1 2 3 12 5 -3 -4 -5 -9 11 -11 -7 13 -1
right_child=-2 4 6 7 -6 9 -8 8 -10 10 -12 -13 -14 -15
leaf_value=0.0030998721657131503 0.0017185114473382735 -0.00071553793097227868 0.00053827996030393014 -0.0025620421804495299 0.00077322910374517787 0.0071653943335496578 -0.0033381927648653419 0.00353637653577015 -0.0010529874870428592 -0.0019702135866806873 0.0021641446195314888 0.00083436025214441497 -0.00031716995045260791 -0.00090143513427099983
leaf_weight=505.28004645742476 397.1829995084554 3377.7593161091208 153.69396819733083 575.01284515485168 3038.9227674733847 90.523502614349127 545.71561519429088 110.52431815117598 230.96776849590242 162.68378643319011 273.14309635572135 114.64858130738139 605.65325704216957 240.18132241256535
leaf_count=7084 4984 46002 2123 8118 39320 1310 8340 1382 3195 2446 3425 1605 8653 2699
internal_value=0 -8.6042e-05 -0.000657198 -8.55278e-05 0.000148789 -0.000313916 -0.00243245 -0.00143502 0.000361204 0.00172352 0.000522215 0.00397478 0.000802991 0.00176084
internal_weight=0 10024.7 2967.03 2267.62 7057.68 4018.76 699.41 916.505 341.492 640.999 435.827 205.172 1351.11 745.461
internal_count=140686 135702 41594 31131 94108 54788 10463 12695 4577 8786 5871 2915 18436 9783
is_linear=0
shrinkage=0.0101079


Tree=155
num_leaves=15
num_cat=0
split_feature=14 16 3 0 3 7 10 23 27 14 13 27 21 6
split_gain=15.2522 22.0994 30.2703 21.2367 18.5976 16.4097 18.0106 18.7664 15.6502 15.511 16.1804 15.0144 13.1686 17.4386
threshold=-7.3539741039276114 0.16900514811277392 0.64729446172714245 0.58963531255722057 0.86951214075088512 1.3781586885452273 0.14637697488069537 0.77859279513359081 0.86046862602233898 -25.135541915893551 -0.092603392899036394 -0.8253108263015746 -1.5271980762481687 -8.8160762786865217
decision_type=2 2 2 2 2 2 2 2 2 2 2 2 2 2
left_child=1 2 9 8 11 6 7 -2 -3 10 -1 -5 13 -6
right_child=5 3 -4 4 12 -7 -8 -9 -10 -11 -12 -13 -14 -15
leaf_value=0.0019782746320289491 -0.00084973527904406607 -0.0037802063305600671 -0.00099736984352757625 -0.0025904386493925493 -0.00026221813452150298 9.0749656357867547e-05 0.0046695899528074007 0.002081515170698797 0.0002290095300114352 0.0029498339814538681 -0.0029460652988065783 -0.00046915370543091907 -0.0011474019373564053 0.0044416496093978896
leaf_weight=159.71874500624835 349.78531727567315 371.19371950253844 601.64956049621105 412.1953275250271 109.83964859135449 4332.5083356816322 155.14260573126376 534.45719191618264 108.77537283115089 531.54513687640429 107.37576228752732 2349.1982958409935 116.49730868078768 187.05772891640663
leaf_count=1863 4376 6248 8736 6314 1482 53748 1930 6697 1877 8445 1484 32771 1866 2676
internal_value=0 -0.000397629 0.000663781 -0.000815893 -0.000497337 0.000375333 0.00151359 0.000879225 -0.00279918 0.00196302 0 -0.000806692 0.00145007 0.00260547
internal_weight=0 5055.05 1400.29 3654.76 3174.79 5371.89 1039.39 884.243 479.969 798.64 267.095 2761.39 413.395 296.897
internal_count=140513 73762 20528 53234 45109 66751 13003 11073 8125 11792 3347 39085 6024 4158
is_linear=0
shrinkage=0.0101079


Tree=156
num_leaves=15
num_cat=0
split_feature=11 15 3 14 3 22 5 29 2 12 28 28 30 2
split_gain=11.8743 11.1408 19.1365 18.737 15.9302 14.1173 13.2708 14.4566 24.2437 17.4817 15.7495 13.231 18.1618 48.9498
threshold=0.0062944341916590938 3.7638249397277836 0.66590845584869396 -7.5488638877868643 0.88278812170028698 -0.77556192874908436 -4.493924379348754 0.6078576147556306 0.72047287225723278 -0.0233756098896265 0.33172981441020971 -0.076279435306787477 0.81174489855766307 0.77471292018890392
decision_type=2 2 2 2 2 2 2 2 2 2 2 2 2 2
left_child=-1 2 6 4 5 -3 -2 8 -8 -9 -10 12 -5 -14
right_child=1 3 -4 11 -6 -7 7 9 10 -11 -12 -13 13 -15
leaf_value=0.0014784621656966077 -9.9747240918951739e-06 -0.0028221149584849647 -0.00039617800546876874 0.00034298749922295025 0.0014124367490883718 -0.00069541449898726795 -0.0018296010777039402 0.0015802135315082289 0.0049172933284238121 0.007641362276359579 0 -0.00029332526522532021 0.0083372592778803972 0.00039673158681599607
leaf_weight=589.96093345060945 264.09596112370491 386.6248206757009 737.47861025668681 2253.4063742905855 287.41881997603923 2390.3781001837924 148.9027706105262 134.18326234258711 164.03534841910005 103.48477618955076 93.183710912242532 2487.7851940412074 106.5899249073118 302.61095392890275
leaf_count=8298 3684 6229 10485 27415 4334 33959 2401 2165 2382 1512 1338 31710 1345 3615
internal_value=0 6.56499e-06 0.000767617 -0.000141514 -0.000769358 -0.00101297 0.00175263 0.0025295 0.00119295 0.00454008 0.00309791 0.00022478 0.000723489 0.00267705
internal_weight=0 9860.18 1645.36 8214.81 3064.42 2777 907.886 643.79 406.122 237.668 257.219 5150.39 2662.61 409.201
internal_count=140872 132574 23967 108607 44522 40188 13482 9798 6121 3677 3720 64085 32375 4960
is_linear=0
shrinkage=0.0101079


Tree=157
num_leaves=15
num_cat=0
split_feature=27 30 30 33 2 18 16 33 16 22 33 33 12 2
split_gain=10.9757 32.4306 23.8254 23.3943 21.4678 20.0888 18.7491 18.8603 17.7313 27.9141 21.1719 16.3504 24.8983 15.8342
threshold=-0.69930991530418385 1.0000000180025095e-35 1.0000000180025095e-35 1.997500002384186 1.3969033956527712 83.500000000000014 0.84801238775253307 0.94700106978416454 0.56906697154045116 -0.1427914500236511 0.94700106978416454 1.0359913706779482 0.074936456978321089 1.5449120402336123
decision_type=2 2 2 8 2 2 2 10 2 2 10 8 2 2
left_child=1 13 4 -3 6 -5 8 -8 9 10 -2 12 -6 -1
right_child=2 3 -4 5 11 -7 7 -9 -10 -11 -12 -13 -14 -15
leaf_value=0.0012966596370939721 -0.00039443096895989531 -0.0032718087301154631 0.00082515471014794201 -0.0011366973657347308 0.0045410841555368299 0.0046535474932932154 0.00010609004573754351 -0.0032748468232538823 0.00056382560841058754 0.00059750727021677468 -0.0035051135449322948 -0.00031141646019012967 -3.3570714107037147e-05 -0.00068259552858876513
leaf_weight=812.23454882949591 457.80741371586919 593.60165978223085 3355.4294696617872 343.43953191395849 248.52416355907917 66.22233628295362 225.21762855164707 469.04478411376476 1351.5687071252614 634.67688330076635 505.54102974385023 373.45297329500318 198.44760417938232 800.11807484552264
leaf_count=10716 10415 4871 43529 7971 1794 1591 5031 3554 16810 9390 4225 7941 1528 11481
internal_value=0 -0.000575918 0.000179328 -0.0020007 -0.00029761 -3.56517e-05 -0.000637554 -0.00213115 -0.00026771 -0.000995561 -0.00208327 0.00115528 0.00245447 0.000290881
internal_weight=0 2615.62 7819.71 1003.26 4464.28 409.662 3643.86 694.262 2949.59 1598.03 963.348 820.425 446.972 1612.35
internal_count=140847 36630 104217 14433 60688 9562 49425 8585 40840 24030 14640 11263 3322 22197
is_linear=0
shrinkage=0.0101079


Tree=158
num_leaves=15
num_cat=0
split_feature=13 13 0 3 5 12 11 20 17 33 2 12 17 0
split_gain=12.8981 16.1182 23.9877 19.1074 14.6217 14.9193 13.9138 15.8354 12.0096 10.5727 12.3006 9.93461 15.5715 9.00135
threshold=-0.088710099458694444 -0.034374777227640145 0.70831051468849193 0.67606309056282055 1.2289267182350161 0.012849569320678713 0.18192329257726672 -1.1888925433158872 22.500000000000004 0.99472221732139599 0.94859737157821666 -0.060527224093675606 83.500000000000014 0.47324018180370336
decision_type=2 2 2 2 2 2 2 2 2 10 2 2 2 2
left_child=6 2 8 4 5 11 7 -1 -2 10 -6 12 -4 -3
right_child=1 13 3 -5 9 -7 -8 -9 -10 -11 -12 -13 -14 -15
leaf_value=0.0063479834022925636 0 -0.001539673389057662 0.0053931426034230599 -0.0026016647237006333 0.004362944006646224 0.0053145456956959769 -0.00071388829246524352 0.00036305655981852395 -0.0038710070285031756 -0.0027876181116296287 -0.0016873327963562229 -0.00055593383228930051 0 0.00017547646824567654
leaf_weight=97.957209246233106 93.559430992230773 313.96303312666714 86.371658315882087 246.77098477911204 53.541322557255626 86.575014170259237 100.2363880481571 108.06882038712502 341.50969118997455 170.78893133997917 60.552598798647523 240.90061053074896 107.39106229878962 8322.5250961836427
leaf_count=1159 1402 4936 1252 3581 1320 1083 1195 1570 5546 1300 1399 3811 1624 109451
internal_value=0 -5.63029e-05 -0.00102773 -0.00015563 0.000560765 0.00159273 0.00202387 0.00352331 -0.0030077 -0.00118122 0.000914743 0.000680943 0.0023826 0.000107136
internal_weight=0 10124.4 1487.96 1052.89 806.121 521.238 306.262 206.026 435.069 284.883 114.094 434.663 193.763 8636.49
internal_count=140629 136705 22318 15370 11789 7770 3924 2729 6948 4019 2719 6687 2876 114387
is_linear=0
shrinkage=0.0101079


Tree=159
num_leaves=15
num_cat=0
split_feature=28 10 29 13 7 21 5 21 10 2 20 7 7 4
split_gain=11.334 14.2098 13.0139 19.6053 13.0271 15.6781 16.2996 13.859 12.5201 14.3996 18.2776 22.9589 21.082 17.5753
threshold=-0.69930991530418385 0.041410610079765327 1.0000000180025095e-35 -0.088710099458694444 -3.4289455413818355 3.2896161079406743 -0.42053441703319544 8.8368601799011248 0.28398418426513677 0.83368119597435009 1.0229979157447817 7.1786785125732431 1.2557110190391543 1.7029461264610293
decision_type=2 2 2 2 2 2 2 2 2 2 2 2 2 2
left_child=1 -1 4 -4 -2 6 -6 -7 9 10 11 12 -5 -11
right_child=2 -3 3 8 5 7 -8 -9 -10 13 -12 -13 -14 -15
leaf_value=-0.0006636339335672186 -0.00052760259987603584 0.00097955337744269752 0.0030325790790466304 0.00097885057487406423 0.00043515489370334976 -0.00090942973530550898 0.0032466594979582101 0.0014919748082750021 0.0024141535673536151 -0.0016578831220121573 -0.0014716458701961072 0.0032497543761831594 -0.002254756944549081 0.00042083449891526596
leaf_weight=673.52417724579573 1070.9962936434895 2209.1415924169123 143.05230260826647 617.22163249179721 491.9561407957226 650.3339962027967 424.89598341472447 384.00286850519478 119.86565834283829 1995.1932457983494 598.22158839087933 266.97974539548159 298.58925460465252 484.41445477120578
leaf_count=8872 14852 28586 1703 8987 6497 8315 5727 5126 2057 28158 7779 3748 3755 6495
internal_value=0 0.000580878 -0.000162325 -0.000508725 0.000342766 0.000841376 0.00179794 0 -0.000638675 -0.000738213 -2.09648e-05 0.000683459 -4.14949e-05 -0.00123546
internal_weight=0 2882.67 7545.72 4523.54 3022.19 1951.19 916.852 1034.34 4380.49 4260.62 1781.01 1182.79 915.811 2479.61
internal_count=140657 37458 103199 62682 40517 25665 12224 13441 60979 58922 24269 16490 12742 34653
is_linear=0
shrinkage=0.0101079


Tree=160
num_leaves=15
num_cat=0
split_feature=28 10 33 21 27 29 23 29 17 11 11 8 3 3
split_gain=12.0898 16.1219 15.4543 14.0051 13.56 31.8716 24.8519 24.3561 20.2759 19.0332 16.0926 15.6925 14.6797 14.2072
threshold=-0.69930991530418385 0.041410610079765327 1.0545857548713686 1.4439994692802431 -0.14132478833198545 -1.0000000180025095e-35 0.87469026446342479 0.87837970256805431 60.500000000000007 0.03489575348794461 0.074465747922658934 0.65111112594604503 0.61214193701744091 0.9107663929462434
decision_type=2 2 8 2 2 2 2 2 2 2 2 2 2 2
left_child=1 2 -1 -4 5 9 -7 8 12 -2 11 -9 -8 -6
right_child=4 -3 3 -5 13 6 7 10 -10 -11 -12 -13 -14 -15
leaf_value=-0.0020748480700471996 0.0038483560415924684 0.00097033438005305413 -0.00073278184801223709 0.0036611661726917502 3.5967279538791342e-05 -0.0024424539173818322 0.002346522348386415 0.00074672941163091567 -0.0033017752081137292 2.0154691996303098e-05 -0.00070412444622360828 0.0061227608399734793 -0.001022860726453 0.0038073635492454983
leaf_weight=397.9579024463892 189.37136477418244 2216.2711160387844 165.15619130991399 110.93967426009476 4275.8603405002505 1048.4748514527455 161.30356315523386 154.96262122690678 320.73730052821338 474.433827618137 155.33357072994113 104.9961601421237 566.00013339705765 97.704338843002915
leaf_count=2955 2450 28675 3632 2227 57090 15800 1960 2285 4647 6354 2056 1478 7842 1312
internal_value=0 0.000546381 -0.000783414 0.000941032 -0.000221362 -0.000725333 -0.00125336 -0.000365593 -0.00120732 0.00120392 0.00164631 0.00318213 -0.000203876 0.000135949
internal_weight=0 2890.32 674.054 276.096 7549.18 3175.61 2511.81 1463.33 1048.04 663.805 415.292 259.959 727.304 4373.56
internal_count=140763 37489 8814 5859 103274 44872 36068 20268 14449 8804 5819 3763 9802 58402
is_linear=0
shrinkage=0.0101079


Tree=161
num_leaves=15
num_cat=0
split_feature=23 27 23 30 2 3 30 2 13 20 10 13 18 8
split_gain=13.9362 10.7905 32.6386 25.2074 26.4579 27.8355 23.592 31.0301 22.9218 19.8598 23.2925 20.5983 18.2244 15.9428
threshold=2.1933538913726811 -0.50938662886619557 0.55887621641159069 1.0000000180025095e-35 1.4583308696746828 0.70949918031692516 1.0000000180025095e-35 1.3969033956527712 0.047963149845600135 -2.3931531906127925 0.21644867211580279 0.018010204657912258 78.500000000000014 1.5698288083076479
decision_type=2 2 2 2 2 2 2 2 2 2 2 2 2 2
left_child=1 2 -1 4 8 -6 7 -3 -4 10 -9 -11 -5 -7
right_child=-2 6 3 12 5 13 -8 9 -10 11 -12 -13 -14 -15
leaf_value=-0.0051643005243267228 0.0018864653557400227 -0.00071043638634307326 0.0024577481380768955 -0.0022724717844360802 0.0025213467394084674 -0.0028295309966721027 0.00084711379515465493 0.0070708174903654775 -0.0020977249366634335 -0.0023959682378803544 0 0.0020356142890612179 0.00063118482842955588 0.00058886612334588175
leaf_weight=142.01796384248883 397.06452008895576 3426.1559791686013 717.87314878217876 796.69827787205577 183.46799889393151 453.77495336160064 3104.8636843673885 116.4936644025147 118.00875252857804 158.4339062217623 91.929089736193419 282.70466058887541 273.68608730006963 171.01018929667771
leaf_count=2202 4980 46613 9694 11566 2382 6805 40243 1630 1210 2381 1320 3569 3645 2589
internal_value=0 -2.40534e-05 -0.000552197 -0.000282221 0.000484941 -0.000781411 0.000180779 -0.000317549 0.00175344 0.00167732 0.00420819 0.000340098 -0.00149326 -0.00183403
internal_weight=0 10037.1 2856.54 2714.52 1644.14 808.253 7180.58 4075.72 835.882 649.561 208.423 441.139 1070.38 624.785
internal_count=140829 135849 40093 37891 22680 11776 95756 55513 10904 8900 2950 5950 15211 9394
is_linear=0
shrinkage=0.0101079


Tree=162
num_leaves=15
num_cat=0
split_feature=28 27 15 21 3 30 3 11 7 12 29 11 21 5
split_gain=10.2918 26.8461 17.2955 40.7904 24.9132 27.5178 19.9125 17.2719 14.2066 12.859 12.4291 11.6692 10.718 32.6718
threshold=0.4904943853616715 -0.49049438536167139 11.445940017700197 1.8698434829711916 0.85419827699661266 -0.56174489110708226 0.38973729312419897 0.047695677727460868 -2.2376465797424312 1.0000000180025095e-35 0.6078576147556306 0.10071962326765062 -11.074426174163817 -4.493924379348754
decision_type=2 2 2 2 2 2 2 2 2 2 2 2 2 2
left_child=12 -2 3 4 5 7 10 -3 -8 -10 -7 -9 13 -1
right_child=1 2 -4 -5 -6 6 8 11 9 -11 -12 -13 -14 -15
leaf_value=0 -0.0024672251349586289 -0.0046886342729422501 -0.0010575861678252694 0.0050287502847920201 0.0048086797107452905 0.0056388899507267146 -0.0017516639077660334 0.0017503126449960301 0.0032308794016244211 -0.0011071703510293341 0.00088247007891082015 -0.0030091852369166531 0.00012448909487447924 0.0066009955691746901
leaf_weight=262.20723255351186 557.49691970366985 193.44178386032581 1006.4124178290367 182.21766774170101 95.333957007154822 98.426913533359766 348.34968136996031 106.88051812816411 148.79631600342691 102.53028982691467 183.22226650454104 86.236583618447185 6955.8656611312181 99.766349187120795
leaf_count=3796 8407 2999 13409 2195 1358 1299 4870 1774 1906 1327 2529 1149 92407 1228
internal_value=0 -0.000473166 -1.56467e-05 0.000638667 0 -0.000359029 0.000592101 -0.00259975 -0.000395396 0.00132428 0.0027896 -0.000206911 0.000219995 0.00190525
internal_weight=0 3109.35 2551.85 1545.44 1363.22 1267.88 881.325 386.559 599.676 251.327 281.649 193.117 7317.84 361.974
internal_count=140653 43222 34815 21406 19211 17853 11931 5922 8103 3233 3828 2923 97431 5024
is_linear=0
shrinkage=0.0101079


Tree=163
num_leaves=15
num_cat=0
split_feature=2 2 6 16 13 0 27 1 5 18 33 0 5 21
split_gain=9.40049 19.3338 12.8925 15.0978 16.8416 14.5721 15.4517 13.2939 10.2358 9.956 33.0661 11.8377 20.0083 9.89087
threshold=4.502530813217164 2.9701772928237919 -9.4527044296264631 0.15618191659450534 -0.027216071262955662 1.0519313812255862 -0.6343555450439452 1.4265769124031069 -3.968303799629211 38.500000000000007 0.9590476155281068 0.73381492495536815 1.7729505300521853 -2.2823051214218135
decision_type=2 2 2 2 2 2 2 2 2 2 10 2 2 2
left_child=1 2 5 8 7 6 -1 9 -4 10 -5 -11 -13 -6
right_child=-2 -3 3 4 13 -7 -8 -9 -10 11 -12 12 -14 -15
leaf_value=-0.0067632588331662758 -0.0024990342507894593 0.0024840949804254032 0 0.00072428762549519112 0.0012280168307781736 0 -0.00085751270957208539 0.0017606250224415348 0.0023380997978707332 -0.0020507476729068144 -0.0056901264368229816 0.002813022984460184 -0.0014720492254630664 1.3258149689647108e-06
leaf_weight=85.055511048994958 140.47028447315097 318.88688961416483 319.97563336789608 122.24642372317612 747.93417582847178 291.20323911309242 131.09326512925327 128.25192584656179 470.10994184762239 415.11637159716338 186.36166093498468 182.74547910131514 253.31950273737311 6653.0172373838723
leaf_count=1428 2184 4990 4498 2808 10516 4054 2050 1913 7088 6268 1473 2359 3578 85520
internal_value=0 6.30549e-05 -1.20396e-05 6.8437e-05 -4.92045e-05 -0.00157299 -0.00351384 -0.0011157 0.00140106 -0.0014779 -0.00306502 -0.000833182 0.000249956 0.000131898
internal_weight=0 10305.3 9986.43 9479.08 8688.99 507.352 216.149 1288.04 790.086 1159.79 308.608 851.181 436.065 7400.95
internal_count=140727 138543 133553 126021 114435 7532 3478 18399 11586 16486 4281 12205 5937 96036
is_linear=0
shrinkage=0.0101079


Tree=164
num_leaves=15
num_cat=0
split_feature=23 3 30 13 27 12 27 13 30 2 20 6 21 33
split_gain=12.3527 14.6637 11.6536 28.9199 24.1058 41.3744 15.8693 11.6847 27.387 14.9389 9.82222 9.62631 9.27302 8.8864
threshold=1.536374092102051 0.47083523869514471 0.81174489855766307 -0.058185430243611329 0.24825246632099154 -0.01132811466231942 -0.58244305849075306 -0.071572512388229356 -0.56174489110708226 1.4072228074073794 -9.0434970855712873 -6.7327809333801261 3.3646467924118046 0.9590476155281068
decision_type=2 2 2 2 2 2 2 2 2 2 2 2 2 10
left_child=1 2 6 -4 -5 -6 -1 8 -8 13 -2 -12 -7 -9
right_child=10 -3 3 4 5 12 7 9 -10 -11 11 -13 -14 -15
leaf_value=0.0039293473737080278 0.0035089733586329036 -0.00050524602845616396 -0.0026386475368517623 -1.4204105270141055e-05 0 0.008268268796888285 -0.0008080198358618681 0.00013576992859130595 0.0053498950508273106 0.0032932815562485276 -0.0014237282516690831 0.00094199748113324932 0.0031325197721681053 -0.0010279681766914963
leaf_weight=94.890377178788185 128.68723083473742 5123.1970644332469 138.39060796052217 270.95002788677812 186.95603619515896 138.36151831410825 150.81228990107775 1146.6997564844787 119.31278545223176 101.14830798655748 190.71607638336718 1089.4798039570451 111.47934150695801 1437.2417323514819
leaf_count=1368 1722 69696 2059 3511 2562 1672 1926 24149 1652 1376 2576 13888 1474 10982
internal_value=0 -0.0001471 0.000313521 0.00135786 0.00221575 0.00366663 7.89745e-06 -0.000114147 0.00183836 -0.000330267 0.000867922 0.000551769 0.00629477 -0.000497019
internal_weight=0 9019.44 3896.24 846.138 707.747 436.797 3050.11 2955.21 270.125 2685.09 1408.88 1280.2 249.841 2583.94
internal_count=140613 122427 52731 11278 9219 5708 41453 40085 3578 36507 18186 16464 3146 35131
is_linear=0
shrinkage=0.0101079


Tree=165
num_leaves=15
num_cat=0
split_feature=23 27 30 28 28 30 2 10 33 11 3 15 33 16
split_gain=12.3581 11.7473 30.8218 26.476 25.6295 19.4339 23.225 19.3245 37.4585 19.3164 18.2922 31.7356 16.411 22.0595
threshold=1.536374092102051 -0.50938662886619557 1.0000000180025095e-35 0.4904943853616715 -0.52803644537925709 1.0000000180025095e-35 1.3969033956527712 0.21215249598026278 1.0545857548713686 0.026337972842156891 0.68186497688293468 10.370780467987062 0.9590476155281068 0.83849343657493602
decision_type=2 2 2 2 2 2 2 2 8 2 2 2 10 2
left_child=1 2 3 9 -4 6 12 8 -8 -1 11 -11 -3 -14
right_child=-2 5 4 -5 -6 -7 7 -9 -10 10 -12 -13 13 -15
leaf_value=0.0035415011610833973 0.00080075554155089983 0 0.0024201221022170541 -0.0023370016995028493 -0.0029837777297667067 0.00059792083976838487 0.0061595524143399387 -0.00067751980697406875 -0.00026528997702303148 0.0063672440288847056 -0.0011633000842311083 -0.0003348487967796324 -0.00076696858573562757 -0.0033500105549933183
leaf_weight=224.45148475654423 1407.4555912390351 1404.5890423636883 87.446123598143458 317.34108759276569 756.66309444233775 3008.165050085634 169.98583965748549 245.65659984014928 168.95592174306512 103.93182158656418 417.7660310883075 173.66181916743517 1483.4469675496221 461.76239593327045
leaf_count=3247 18188 30488 1190 4682 11374 38879 1217 3293 3536 1460 5977 2011 11639 3540
internal_value=0 -0.000212759 -0.000877565 0.000109456 -0.00235974 -6.8902e-06 -0.000479853 0.0013417 0.00290473 0.00100945 0.000104962 0.00213568 -0.000812136 -0.00141158
internal_weight=0 9023.82 2081.26 1237.15 844.109 6942.56 3934.4 584.598 338.942 919.811 695.36 277.594 3349.8 1945.21
internal_count=140721 122533 29941 17377 12564 92592 53713 8046 4753 12695 9448 3471 45667 15179
is_linear=0
shrinkage=0.0101079


Tree=166
num_leaves=15
num_cat=0
split_feature=29 13 13 22 9 20 3 22 13 21 15 20 21 3
split_gain=12.3009 12.3264 17.535 18.5621 12.2682 11.1402 11.6253 14.3492 14.5874 15.567 33.8902 31.092 40.7152 19.1115
threshold=-0.60785761475563038 -0.088710099458694444 -0.058185430243611329 -0.33507154881954188 0.14546335488557818 -9.7793936729431135 0.47533349692821508 0.13982109725475314 0.069135606288909926 1.6224570870399477 6.7648022174835214 0.27659083902835851 6.1295208930969247 0.52950286865234386
decision_type=2 2 2 2 2 2 2 2 2 2 2 2 2 2
left_child=-1 4 3 -3 -2 -4 -7 8 9 10 -8 -11 13 -13
right_child=1 2 5 -5 -6 6 7 -9 -10 11 -12 12 -14 -15
leaf_value=0.0028072214535390426 0.0041415460451912642 -0.0036698799318277205 0.0028854586084400696 0 0 0.00041660957864592211 -0.00011571506412949959 0.00032182940610205551 -0.0035911048486969195 -0.003264258534257923 -0.0029508796621348673 -0.0010015586623042861 -0.001108588787546446 0.0030745709896355822
leaf_weight=149.9399521779269 133.60094165802002 274.02195007912815 127.21201479807496 282.73376383632421 158.14672047272325 3468.8132209759206 1218.4919175496325 2145.2438683398068 168.55240756832063 219.78673036582768 687.58117779623717 123.29263829067349 618.56001855432987 628.03304523602128
leaf_count=1865 1728 4318 1763 4498 1966 46146 18023 28152 2503 2751 9499 1462 7914 7867
internal_value=0 -3.82639e-05 -0.000102784 -0.00183328 0.0019761 0 -4.08319e-05 -0.000321115 -0.00070844 -0.000550367 -0.0011673 0.000166048 0.000760848 0.00234897
internal_weight=0 10254.1 9962.32 556.756 291.748 9405.57 9278.36 5809.54 3664.3 3495.75 1906.07 1589.67 1369.89 751.326
internal_count=140455 138590 134896 8816 3694 126080 124317 78171 50019 47516 27522 19994 17243 9329
is_linear=0
shrinkage=0.0101079


Tree=167
num_leaves=15
num_cat=0
split_feature=29 28 27 33 16 7 23 30 15 20 18 30 30 27
split_gain=9.83754 13.9093 24.0537 19.2371 22.1497 39.3352 15.6366 15.359 14.5604 11.309 10.9208 34.277 12.172 47.9458
threshold=-0.60785761475563038 0.4904943853616715 -0.032717135734856122 1.0013927817344668 0.76522698998451244 -0.83923801779746998 0.91292482614517223 0.81174489855766307 10.986638069152834 0.46044108271598821 89.500000000000014 0.81174489855766307 1.0000000180025095e-35 -0.83743050694465626
decision_type=2 2 2 8 2 2 2 2 2 2 2 2 2 2
left_child=-1 10 3 4 5 -3 7 -4 -9 -8 12 -12 -2 -14
right_child=1 2 6 -5 -6 -7 9 8 -10 -11 11 -13 13 -15
leaf_value=0.0025348740475437835 0.00042314390601043552 -0.0016828276914396497 7.4209149447513847e-05 -0.0033476832838932251 -0.0032659985155074497 0.0046752225461841905 -0.0031400901068243054 0.0045602094785860145 0 0 0.00022369744555166804 0.0047207100228507728 -0.0029526810223206388 0.00028488172603179638
leaf_weight=149.7991235461086 3708.4710727911443 234.09338669478893 1134.9442388806492 467.24739369750023 194.22911734133959 156.765735283494 216.01695595681667 165.78562069870532 98.448640055954456 271.02214518003166 912.52293865196407 213.2254718337208 604.52699603326619 1904.4994192328304
leaf_count=1873 50187 1985 16451 10883 1574 1241 2515 2135 1345 3025 11512 2563 8844 24455
internal_value=0 -8.21209e-06 -0.000598775 -0.00181865 -0.000501863 0.000806332 6.50048e-05 0.00062854 0.00279162 -0.00145678 0.000222981 0.00113725 4.97446e-05 -0.000485676
internal_weight=0 10281.8 2938.55 1052.34 585.088 390.859 1886.22 1399.18 264.234 487.039 7343.25 1125.75 6217.5 2509.03
internal_count=140588 138715 41154 15683 4800 3226 25471 19931 3480 5540 97561 14075 83486 33299
is_linear=0
shrinkage=0.0101079


Tree=168
num_leaves=15
num_cat=0
split_feature=23 29 3 5 13 33 17 15 7 23 15 29 29 0
split_gain=10.9339 11.1344 11.8355 23.5979 17.0402 18.4939 13.2398 25.0929 29.5844 16.9139 17.6538 30.5721 16.5356 24.1045
threshold=2.1933538913726811 -0.60785761475563038 0.47083523869514471 1.9892960190773012 0.042081475257873542 1.0000000180025095e-35 18.500000000000004 6.4792370796203622 0.12316423654556276 0.56753501296043407 13.913027763366701 0.87837970256805431 0.6078576147556306 0.9086003601551057
decision_type=2 2 2 2 2 10 2 2 2 2 2 2 2 2
left_child=1 -1 3 -3 5 -5 -4 8 -8 -9 11 -11 13 -12
right_child=-2 2 6 4 -6 -7 7 9 -10 10 12 -13 -14 -15
leaf_value=0.0026180400462603526 0.0016230522598347434 0.00077968621093553187 0.00031671617554194804 0 0.00062660543980269645 -0.003455721448976086 -0.00042598708896365313 -0.003566128650301707 0.0029335011732188557 -0.0024430132629573156 0.0048387207559994014 0.0012599312893161673 -0.0017601247919706486 -0.00045396769195272082
leaf_weight=146.59664333797991 399.63275060802698 2930.1401459015906 1760.4252293277532 283.80471909791231 381.93186304718256 367.67882797122002 1683.0076181283221 339.78268673084676 309.63977660797536 1055.7299601659179 148.50666061975062 268.94938394427299 182.92647295817733 170.75345784239471
leaf_count=1850 4961 39695 22206 6284 4730 2864 24566 4926 4297 13851 1958 3497 2804 2246
internal_value=0 -6.63917e-05 -0.000112293 0.00030909 -0.000982268 -0.00198325 -0.000401298 -0.000714941 8.50027e-05 -0.00146698 -0.00104127 -0.0016579 0.000506312 0.00193958
internal_weight=0 10029.9 9883.28 3963.56 1033.42 651.484 5919.72 4159.3 1992.65 2166.65 1826.87 1324.68 502.187 319.26
internal_count=140735 135774 133924 53573 13878 9148 80351 58145 28863 29282 24356 17348 7008 4204
is_linear=0
shrinkage=0.0101079


Tree=169
num_leaves=15
num_cat=0
split_feature=11 13 30 13 1 15 17 15 30 16 13 17 13 11
split_gain=11.9282 10.9142 15.1861 12.6993 23.0076 15.8667 20.0056 17.789 31.0937 31.3425 14.7017 13.512 10.2454 18.8363
threshold=0.0062944341916590938 -0.088710099458694444 -0.56174489110708226 -0.019014940597116944 1.4397475719451907 2.7825926542282109 85.500000000000014 7.7090933322906503 -0.56174489110708226 0.52304953336715709 -0.075653232634067522 55.500000000000007 -0.012051283847540615 0.041035069152712829
decision_type=2 2 2 2 2 2 2 2 2 2 2 2 2 2
left_child=-1 2 -2 4 5 6 11 10 -9 -10 -7 -3 13 -5
right_child=1 3 -4 12 -6 7 -8 8 9 -11 -12 -13 -14 -15
leaf_value=0.0013862265444508038 -0.00056985127197087834 -0.00037973586382402324 0.0036677516026522527 0 0.0015251144377277977 0.001031469124761728 -0.001856211925246685 -0.0030986106193451332 0.0043937162808665451 -0.0020055309479059201 -0.0027824217202868083 0.0037657925595221608 -4.0190940580984023e-05 0.0039445309656204759
leaf_weight=585.87190644443035 133.09058261476457 110.22465592995286 176.13206373155117 299.52924490906298 356.85845994576812 94.667743418365717 223.441824933514 204.8325533401221 192.13503401353955 112.58003852702677 998.61382618360221 179.56125321239233 6566.087128739804 184.23292710445821
leaf_count=8214 1589 1737 2350 4290 5197 1305 3515 3054 2500 1582 14606 2756 85271 2647
internal_value=0 -8.91546e-05 0.00174626 -0.000154354 -0.000777591 -0.00118908 0.000288481 -0.00168647 -4.19864e-05 0.00190856 -0.00241053 0.00208353 5.91279e-05 0.00146928
internal_weight=0 9831.99 309.223 9522.76 2472.92 2116.06 513.228 1602.83 509.548 304.715 1093.28 289.786 7049.85 483.762
internal_count=140613 132399 3939 128460 36252 31055 8008 23047 7136 4082 15911 4493 92208 6937
is_linear=0
shrinkage=0.0101079


Tree=170
num_leaves=15
num_cat=0
split_feature=29 14 15 10 0 27 15 7 15 21 11 28 23 29
split_gain=12.0242 12.9767 21.006 23.0773 21.1811 17.1253 19.5101 16.1029 31.4567 23.9322 22.9281 20.437 18.2195 14.6606
threshold=-0.60785761475563038 -6.977825164794921 3.7638249397277836 0.21422830969095233 0.58963531255722057 0.58244305849075328 6.0616896152496347 0.24131323397159579 6.5552208423614511 1.8066930174827578 0.035354359075427062 0.010907442308962378 0.77224573493003856 -1.0000000180025095e-35
decision_type=2 2 2 2 2 2 2 2 2 2 2 2 2 2
left_child=-1 2 3 -2 5 6 -4 9 -9 12 11 -10 -3 -12
right_child=1 7 4 -5 -6 -7 -8 8 10 -11 13 -13 -14 -15
leaf_value=0.0027877826980681184 0.0011315978839901908 -0.0021512078765846265 -0.00026768005335316689 -0.0017283914648596151 -0.00052916990509892009 1.1906789468137655e-05 -0.0057859371687601809 0.0052454123249360916 -6.3311980087309153e-05 0.0038978247913104961 -0.00092109151517675788 -0.0033232073659300899 0.0019487599430951356 0.0006579590127020915
leaf_weight=147.38935749977827 1334.7052459158003 186.89381719380617 115.52382953837514 351.58519163355231 3067.0872734170407 125.15556141361594 219.57494386099279 109.2320783175528 467.3646015804261 292.50836051814258 753.56119746528566 368.36813345365226 246.25009897351265 2640.9214291553944
leaf_count=1841 19730 2421 1897 4891 43710 2115 3728 1286 6001 3562 9248 4837 2979 32505
internal_value=0 -4.80563e-05 -0.000405155 0.000506292 -0.000852493 -0.00287675 -0.00405003 0.000311588 6.76122e-05 0.00169946 -6.57382e-05 -0.00156528 8.12003e-05 0.000294232
internal_weight=0 10278.7 5213.63 1686.29 3527.34 460.254 335.099 5065.1 4339.45 725.652 4230.22 835.733 433.144 3394.48
internal_count=140751 138910 76071 24621 51450 7740 5625 62839 53877 8962 52591 10838 5400 41753
is_linear=0
shrinkage=0.0101079


Tree=171
num_leaves=15
num_cat=0
split_feature=29 15 10 13 20 23 15 29 23 27 15 17 30 27
split_gain=11.3213 12.2125 28.2906 20.2009 16.9167 18.075 13.4833 13.771 12.5135 14.9269 16.1882 14.8501 16.294 20.7232
threshold=-0.60785761475563038 3.7638249397277836 0.21422830969095233 -0.019014940597116944 -9.7793936729431135 0.86824387311935436 13.118701934814455 0.87837970256805431 0.50973132252693187 -0.37256073951721186 11.445940017700197 84.500000000000014 0.81174489855766307 0.33172981441020971
decision_type=2 2 2 2 2 2 2 2 2 2 2 2 2 2
left_child=-1 2 -2 6 -4 -6 7 -3 9 -5 -11 12 -10 -14
right_child=1 3 4 8 5 -7 -8 -9 11 10 -12 -13 13 -15
leaf_value=0.0027159404661909422 0.0014256954968805897 -0.0017918535439430414 0.0013922469594468267 -0.0048410017545304955 0 -0.0051792554863066232 0.0023074016115176127 0.00072281103449321261 -0.00022202389706921162 0.0015115053896815921 -0.0020101473765380376 0.0015474354324331433 0 0.0030694909541673842
leaf_weight=148.79923698306084 1363.3327361643314 1378.4811025690287 102.85814145766199 96.626253828406334 92.105397030711174 157.65359649248421 92.331835901364684 235.51327426172793 4641.4668025765568 212.10492109134793 310.82284355349839 729.13844462297857 526.04844510182738 369.53850211203098
leaf_count=1864 19993 19476 1432 1379 1453 2037 1458 3592 59899 2883 3987 9788 7016 4721
internal_value=0 -2.22224e-05 0.000749829 -0.000181649 -0.00172571 -0.00317033 -0.00116474 -0.00139827 5.71101e-05 -0.00129583 -0.000504202 0.000198747 1.19575e-05 0.00126106
internal_weight=0 10308 1715.95 8592.07 352.617 249.759 1706.33 1613.99 6885.75 619.554 522.928 6266.19 5537.05 895.587
internal_count=140978 139114 24915 114199 4922 3490 24526 23068 89673 8249 6870 81424 71636 11737
is_linear=0
shrinkage=0.0101079


Tree=172
num_leaves=15
num_cat=0
split_feature=23 27 30 23 0 30 2 33 2 10 5 23 3 12
split_gain=9.99482 13.4157 35.2443 26.8337 26.8315 17.27 31.8339 19.1917 18.1803 16.9548 21.2709 26.622 23.5607 20.1308
threshold=1.5744086503982546 -0.49049438536167139 1.0000000180025095e-35 0.85588771104812633 0.91874545812606823 1.0000000180025095e-35 1.3969033956527712 1.0545857548713686 1.2706349492073061 0.14172331988811496 1.9892960190773012 0.84958401322364818 0.47083523869514471 0.032405758276581771
decision_type=2 2 2 2 2 2 2 8 2 2 2 2 2 2
left_child=1 2 3 -1 -5 6 -3 -8 9 10 11 13 -13 -7
right_child=-2 5 -4 4 -6 8 7 -9 -10 -11 -12 12 -14 -15
leaf_value=-0.0015863706842508141 0.00080954917615852766 -0.00074137298301266044 -0.0023798685806847826 0.006247072112159786 0.0006060420990764789 0.0030155661515455161 0.0033831868588152895 -0.00011086469762965809 -0.00071366641137938093 0.0029675898366217607 -0.0011015732402225996 0.0014522888366276061 -0.0027279490886750355 -0.0011044234392634088
leaf_weight=491.45944220293313 1329.7240416966379 3342.7052542306483 876.05765189882368 95.602653363719583 697.28366677649319 755.71630378440022 328.62323827296495 265.50827923230827 707.55011564679444 414.30817221850157 485.91550561226904 285.51319520547986 245.22728916443884 124.05686079710722
leaf_count=7219 17129 45563 13041 1298 9594 9618 2431 5680 9310 5446 5988 3635 3236 1634
internal_value=0 -0.000125965 -0.000822028 0.000217017 0.00138988 8.50936e-05 -0.000348974 0.00177285 0.000664096 0.0011044 0.000665816 0.00130588 -0.000415247 0.00238447
internal_weight=0 9115.53 2160.4 1284.35 792.886 6955.12 3936.84 594.132 3018.29 2310.74 1896.43 1410.51 530.74 879.773
internal_count=140822 123693 31152 18111 10892 92541 53674 8111 38867 29557 24111 18123 6871 11252
is_linear=0
shrinkage=0.0101079


Tree=173
num_leaves=15
num_cat=0
split_feature=11 9 15 4 15 13 13 33 5 4 28 14 14 29
split_gain=10.3476 9.66972 13.6758 16.0707 14.5773 13.0091 16.5028 11.4367 9.64702 11.0556 12.6875 8.77473 8.55403 11.3365
threshold=0.0075941320974379787 0.11669892445206644 21.497439384460453 0.98203277587890636 20.47497653961182 -0.075653232634067522 -0.058185430243611329 0.90112781524658214 6.0408048629760751 -1.7885711193084715 -0.61734244227409352 -7.4188742637634268 -18.044006347656246 1.0000000180025095e-35
decision_type=2 2 2 2 2 2 2 10 2 2 2 2 2 2
left_child=-1 5 4 7 -3 -2 -7 -4 9 10 -8 12 -11 -14
right_child=1 2 3 -5 -6 6 8 -9 -10 11 -12 -13 13 -15
leaf_value=0.0011837956732428929 0.0029469067601061191 -0.00038120723709465039 0.0010110937551783348 0.0024278859996024068 -0.0036533914465762566 -0.0032155744403226669 0.0044749062878122374 -0.0028183343879724168 -0.0020215279832430308 0.0023111800931445905 0.00018731025490304411 0.00078083612595971946 0.00042875579966360292 -0.0016521248705366511
leaf_weight=711.44226792268455 182.12705791555345 5550.4338028850034 158.5264646038413 373.79523279704154 138.93720263242722 129.03521422017366 140.74584872275591 132.89858313649893 151.08231865987182 94.723875446245074 176.3653005650267 1471.1115623936057 449.94463658705354 568.50383577030152
leaf_count=9989 2535 73409 3516 5186 1809 2185 1820 1050 2059 1723 2428 18103 6275 8593
internal_value=0 -7.21641e-05 -0.000307479 0.00103738 -0.000473012 0.00036007 0.000192588 -0.000627179 0.000357554 0.000500339 0.00227546 0.000260834 -0.000390879 -0.000696984
internal_weight=0 9718.23 6354.59 665.22 5689.37 3363.64 3181.51 291.425 3052.48 2901.4 317.111 2584.28 1113.17 1018.45
internal_count=140680 130691 84970 9752 75218 45721 43186 4566 41001 38942 4248 34694 16591 14868
is_linear=0
shrinkage=0.0101079


Tree=174
num_leaves=15
num_cat=0
split_feature=23 14 2 30 21 29 7 10 13 23 33 23 14 12
split_gain=11.1921 9.91959 18.5128 15.3011 14.9237 27.1923 13.6467 27.6782 12.8341 14.8647 14.4289 22.5659 66.0214 28.5932
threshold=2.1933538913726811 -6.977825164794921 0.4550516158342362 -0.56174489110708226 -1.3252080678939817 1.0000000180025095e-35 0.48272775113582617 0.14402105659246447 0.018439464271068576 1.069367587566376 1.0000000180025095e-35 0.8242749571800233 -4.4765918254852286 0.01032928377389908
decision_type=2 2 2 2 2 2 2 2 2 2 10 2 2 2
left_child=1 2 3 -1 -4 -6 7 -3 9 -8 -10 12 -12 -13
right_child=-2 6 4 -5 5 -7 8 -9 10 -11 11 13 -14 -15
leaf_value=-0.00076934685966812159 0.0016514468675754694 0.00054392392732573365 -0.00012365086850895621 0.0040815703696325568 0.00013941759851904858 -0.0024988957715843829 -0.0016572457454095842 0.0057495722860880566 0.0013229668566105512 0.00073156019551256894 0.0055216051528284736 -0.0041620137434454545 -0.00059825011956347179 -0.00018676300290085845
leaf_weight=86.386702811345458 397.04432105273008 639.51008925959468 3258.71606240049 160.06578739732504 670.02739484608173 886.01182263344526 797.78061074204743 123.88508146256208 1058.1686843279749 364.63833975233138 239.13427743315697 235.86325510591269 630.96954027563334 875.81898614019156
leaf_count=1424 4971 7937 47303 2355 9558 13562 9984 1471 22309 4958 1768 1695 4843 6487
internal_value=0 -6.29883e-05 -0.000380835 0.0022498 -0.000527235 -0.00134181 0.000252912 0.00148978 1.63111e-05 -0.000873406 0.000371146 -0.000119845 0.00107094 -0.00108899
internal_weight=0 10027 5061.21 246.452 4814.76 1556.04 4965.77 763.395 4202.37 1162.42 3039.95 1981.79 870.104 1111.68
internal_count=140625 135654 74202 3779 70423 23120 61452 9408 52044 14942 37102 14793 6611 8182
is_linear=0
shrinkage=0.0101079


Tree=175
num_leaves=15
num_cat=0
split_feature=29 28 3 2 30 3 23 3 14 28 29 16 30 5
split_gain=10.1674 14.1345 18.2745 22.6465 33.5079 18.6262 25.1269 17.9399 29.3247 19.4452 17.7084 16.4432 22.4099 15.098
threshold=-0.60785761475563038 0.41268247365951544 0.40213991701602941 0.62641620635986339 -0.56174489110708226 0.31085352599620825 0.52033504843711864 0.67606309056282055 -2.3099946975708003 0.96298784017562877 1.0000000180025095e-35 0.6749834716320039 -0.56174489110708226 1.8577165603637698
decision_type=2 2 2 2 2 2 2 2 2 2 2 2 2 2
left_child=-1 -2 5 4 -4 11 -7 8 -5 10 -9 -3 -13 -8
right_child=1 2 3 7 -6 6 13 9 -10 -11 -12 12 -14 -15
leaf_value=0.002538488741128771 0.00020662018072910496 0.00069347464821099586 -0.0029583858456114142 -0.0032506057457027965 0.0037227288329740979 -0.0014649615445282177 0.0047398665677800614 0.00082957909293898539 0.001193691066187694 0.0026292761198412626 -0.0024268138389930268 0.00055009419730766174 -0.0052177794117212991 5.7192653712066443e-05
leaf_weight=150.63929921574891 7044.8745768219233 304.27470540627837 107.14336904510856 846.07433726359159 205.28930169530213 144.06695870682597 240.69329483062029 247.83544321358204 165.39518759772182 157.66601051017642 438.01169643364847 102.88277257233858 143.67476297356188 123.42077776044607
leaf_count=1877 93532 4624 1355 12030 2582 1867 3137 3480 1878 2403 6911 1415 2022 1602
internal_value=0 -4.2883e-05 -0.000599395 -0.00113532 0.00128911 0.000459756 0.00186558 -0.00156902 -0.00248064 -0.000415854 -0.00119552 -0.00077247 -0.00270741 0.00329532
internal_weight=0 10271.3 3226.43 2167.42 312.433 1059.01 508.181 1854.98 1011.47 843.513 685.847 550.832 246.558 364.114
internal_count=140715 138838 45306 30639 3937 14667 6606 26702 13908 12794 10391 8061 3437 4739
is_linear=0
shrinkage=0.0101079


Tree=176
num_leaves=15
num_cat=0
split_feature=14 16 0 2 7 17 12 17 2 13 1 13 23 16
split_gain=9.907 16.6861 19.235 20.2048 14.0141 14.6085 16.0767 14.2216 13.9728 13.7589 15.3114 16.0218 13.6463 12.7858
threshold=-6.977825164794921 0.43639323115348821 0.54454252123832714 1.2951861619949343 0.616327464580536 20.500000000000004 -0.0050122374668717376 49.500000000000007 0.44032353162765508 0.018899589776992801 1.4397475719451907 -0.088710099458694444 1.1044379472732546 0.65259486436843883
decision_type=2 2 2 2 2 2 2 2 2 2 2 2 2 2
left_child=1 8 -3 -4 5 13 -7 -8 -1 10 11 -10 -5 -2
right_child=4 2 3 12 -6 6 7 -9 9 -11 -12 -13 -14 -15
leaf_value=0.0030209907228565692 0.00021503506734415871 -0.0048419784957365103 1.6646397135091315e-05 -0.0041760101412122181 9.1709504807237324e-05 0.0026379398464705067 0.00063564329045417826 -0.0036691826118577368 0.0017718804008223627 0.0025647024834863229 0.0012048640820715949 -0.00079236948282182529 -0.00039285850529707339 0.0048264041037798808
leaf_weight=148.52214036136866 117.27591756545007 131.07756273262203 934.85040989890695 238.4108751155436 4331.8185189589858 189.87333640642464 170.52448720112443 119.21072170883417 259.9737678989768 183.21408075094223 610.69074390269816 2584.8027959614992 207.25088115781546 193.43644330091774
leaf_count=2237 1489 2356 12888 3637 53617 2260 2116 1478 3422 2776 8432 38510 3037 2431
internal_value=0 -0.000294104 -0.00119031 -0.000789694 0.000328593 0.00156292 0.000346526 -0.00104809 5.46001e-05 -6.14442e-05 -0.000217726 -0.00053972 -0.00254227 0.00325998
internal_weight=0 5298.79 1511.59 1380.51 5122.14 790.321 479.609 289.735 3787.2 3638.68 3455.47 2844.78 445.662 310.712
internal_count=140686 77295 21918 19562 63391 9774 5854 3594 55377 53140 50364 41932 6674 3920
is_linear=0
shrinkage=0.0101079


Tree=177
num_leaves=15
num_cat=0
split_feature=2 2 3 5 30 27 7 17 17 15 7 27 3 20
split_gain=10.9843 18.3436 9.19982 19.0767 16.2492 25.6361 28.5526 18.035 15.1623 42.7013 53.4466 13.7017 18.7781 13.7418
threshold=4.502530813217164 2.9701772928237919 0.47083523869514471 1.9892960190773012 0.81174489855766307 -1.0000000180025095e-35 -12.008309364318846 61.500000000000007 35.500000000000007 6.6245815753936776 0.36422935128211981 0.83743050694465648 0.22721968591213229 0.9279175102710725
decision_type=2 2 2 2 2 2 2 2 2 2 2 2 2 2
left_child=1 2 3 4 11 -6 -7 -8 -4 10 -10 12 -1 -13
right_child=-2 -3 8 -5 5 6 7 -9 9 -11 -12 13 -14 -15
leaf_value=-0.0033230358194856211 -0.0027245284187386518 0.0024184640780491326 0.00028213130301544046 -0.00079800794378604041 -0.00082095978692865929 -0.00066894342161222405 0.0070337753602409889 0.0020358713840339152 -0.00042245503638151761 -0.0019645516687866672 0.0043296411563315583 0.0021857196961904525 0.00018677864503658181 -0.0011003363468594051
leaf_weight=166.02702075615525 140.51094203814864 315.5477989371866 2628.4513993151486 1059.8690081890672 188.00136277265847 115.30283890664577 185.42082413285971 181.42842930369079 1518.7278387071565 1548.3020799430087 278.13830327056348 585.67479608021677 1395.1461345814168 143.36071908473969
leaf_count=2855 2195 4976 32906 14144 2504 1672 2372 2333 22162 20667 3908 8116 18220 1957
internal_value=0 4.69366e-05 -2.56817e-05 0.000343277 0.000766527 0.00215327 0.00339039 0.00476204 -0.000280882 -0.000734982 0.000305884 0.000337314 -0.000175018 0.00147985
internal_weight=0 10309.4 9993.85 4020.23 2960.36 670.153 482.152 366.849 5973.62 3345.17 1796.87 2290.21 1561.17 729.036
internal_count=140987 138792 133816 54173 40029 8881 6377 4705 79643 46737 26070 31148 21075 10073
is_linear=0
shrinkage=0.0101079


Tree=178
num_leaves=15
num_cat=0
split_feature=13 28 2 14 3 30 16 4 14 2 28 28 3 23
split_gain=10.0233 10.9032 11.87 27.4325 24.6953 16.7406 34.9688 24.3845 21.9167 28.4315 23.0727 18.8287 17.8846 19.7774
threshold=-0.092603392899036394 -0.69930991530418385 0.77003073692321788 -1.172832667827606 0.34325549006462103 1.0000000180025095e-35 0.57703095674514782 -2.1131554841995235 -2.6550478935241695 0.41528247296810156 0.82531082630157482 0.29026740789413458 0.31328327953815466 0.97494894266128551
decision_type=2 2 2 2 2 2 2 2 2 2 2 2 2 2
left_child=-1 -2 3 5 -4 6 7 -3 9 -8 11 -11 -7 -14
right_child=1 2 4 -5 -6 12 8 -9 -10 10 -12 -13 13 -15
leaf_value=0.0019445356273227728 0.00049740801060616088 0.0028572318306119208 0.002158894138649023 -0.0046259966476363762 -0.00072762035460578072 -0.00074848052289167293 -0.0015695255114328006 -0.002654880945064891 -0.0018221828097694638 0.0024462046933430037 0 0.0079641695205505767 0.003189181463580641 -0.00073181098431297211
leaf_weight=262.44918076880276 2858.440659519285 82.567618204280734 311.16192300990224 100.17925845831633 4534.2291414095089 225.73016464337707 136.81343341618776 562.01411699596792 159.42671571299434 196.1603083666414 142.35998553037643 128.36240158602595 590.19455309398472 145.19886743277311
leaf_count=3333 37177 1233 4474 1107 62565 3108 1819 8849 1897 2340 1905 1644 7580 1892
internal_value=0 -2.6609e-05 -0.000237229 0.000322418 -0.000530805 0.000562916 -0.00011363 -0.00186154 0.00131404 0.00222092 0.00342438 0.00488357 0.00158871 0.00236094
internal_weight=0 10172.8 7314.4 2469.01 4845.39 2368.83 1407.7 644.582 763.123 603.696 466.883 324.523 961.124 735.393
internal_count=140923 137590 100413 33374 67039 32267 19687 10082 9605 7708 5889 3984 12580 9472
is_linear=0
shrinkage=0.0101079


Tree=179
num_leaves=15
num_cat=0
split_feature=23 11 3 5 12 33 15 7 27 12 3 3 23 23
split_gain=10.0724 10.9964 8.30791 16.9496 15.3316 23.5418 13.2141 14.9007 19.8521 12.8208 11.5187 11.2141 31.7526 15.4835
threshold=2.2479658126831059 0.042518356814980514 0.47083523869514471 2.0329561233520512 0.063078410923481001 0.99393379688262951 19.535782814025882 10.161329269409181 0.87137606739997875 0.025072732008993629 0.34325549006462103 0.26165521144866949 0.54524487257003795 0.76318278908729564
decision_type=2 2 2 2 2 10 2 2 2 2 2 2 2 2
left_child=2 -2 3 6 5 9 7 11 -9 -5 -8 12 -1 -13
right_child=1 -3 -4 4 -6 -7 10 8 -10 -11 -12 13 -14 -15
leaf_value=0.0039181900059353869 0.0042632711109790522 0.00025716445901842602 -0.0003225118112562559 -0.0011622595632907137 0.0017286379825175661 -0.0028576427460140306 0 0.0010967800953855457 0.0060559934982773707 0.0025405272660199525 -0.0038841528170981514 -3.6449891131100439e-05 -0.0025889439278072167 0.0018104495200421372
leaf_weight=91.218604352325201 106.20803602039814 250.45577227696776 6064.2769023487344 193.00264600478113 176.25482773780823 489.89902197569609 276.12691959924996 323.82154084183276 121.43982916884124 164.77004200778902 98.254943955689669 846.20236546173692 301.916050741449 917.06570424512029
leaf_count=1361 1302 3105 82271 4139 2224 3756 4474 3905 1423 3566 1227 11307 4390 12122
internal_value=0 0.00162561 -8.37587e-05 0.000268029 -0.000832324 -0.00142284 0.000661347 0.000925384 0.00261803 0.000449651 -0.00104933 0.000549165 -0.000932182 0.000904906
internal_weight=0 356.664 10064.2 3999.97 1023.93 847.672 2976.05 2601.66 445.261 357.773 374.382 2156.4 393.135 1763.27
internal_count=140572 4407 136165 53894 13685 11461 40209 34508 5328 7705 5701 29180 5751 23429
is_linear=0
shrinkage=0.0101079


Tree=180
num_leaves=15
num_cat=0
split_feature=14 21 0 29 27 13 14 11 29 18 13 10 15 15
split_gain=10.1193 16.72 21.2857 22.8116 15.8919 14.2525 20.4683 16.3065 17.8363 36.6039 33.3649 21.554 15.8515 20.0452
threshold=-7.0959863662719718 -1.8601676821708677 0.56375598907470714 1.0000000180025095e-35 0.054511256515979774 -0.034374777227640145 -20.460767745971676 0.1962615177035332 0.6078576147556306 35.500000000000007 -0.077833320945501314 0.21422830969095233 3.0526865720748906 7.7731323242187509
decision_type=2 2 2 2 2 2 2 2 2 2 2 2 2 2
left_child=1 5 4 -4 -3 6 7 8 9 11 -10 -1 -8 -14
right_child=-2 2 3 -5 -6 -7 12 -9 10 -11 -12 -13 13 -15
leaf_value=0.0043994566007828761 0.00034895926448409622 -0.007031908525659946 0.00066708582513227055 -0.001651492950461938 -0.00067856850245795182 0.00078305471060589318 0.00056739872761383354 -0.0031052673175380992 0.0075502766585786672 -0.0037594884562909036 -3.8078081261598216e-05 -0.0011230247557994879 -0.0033781455702516223 0.00082152624554794346
leaf_weight=174.8900748565793 5202.9810400288552 95.28983148932457 732.83957886882126 986.23331845924258 95.033266756683588 1737.618924097158 217.95046444609761 88.643051248043776 102.74693469144404 153.2882684096694 105.27769629471004 99.205144688487053 494.09600747190416 129.07535016164184
leaf_count=2356 64480 1751 10269 14736 1661 24614 3401 1083 1435 2359 1860 1368 7378 1828
internal_value=0 -0.000279917 -0.00103353 -0.000641051 -0.00421258 0.000144904 -0.000538168 0.000665148 0.00128474 0 0.00365672 0.00228064 -0.00161838 -0.00244467
internal_weight=0 5212.19 1909.4 1719.07 190.323 3302.79 1565.17 724.051 635.408 427.383 208.025 274.095 841.122 623.171
internal_count=140579 76099 28417 25005 3412 47682 23068 10461 9378 6083 3295 3724 12607 9206
is_linear=0
shrinkage=0.0101079


Tree=181
num_leaves=15
num_cat=0
split_feature=13 14 16 18 1 13 15 15 21 13 21 6 33 9
split_gain=10.4111 14.1189 16.3703 16.1638 12.9633 14.4724 14.7452 18.5265 17.6954 16.3682 12.5274 20.6021 15.6662 11.4598
threshold=-0.088710099458694444 -7.4188742637634268 0.51867470145225536 37.500000000000007 1.4397475719451907 -0.034374777227640145 2.645952701568604 7.7731323242187509 -8.9513082504272443 -0.075653232634067522 5.2286911010742196 7.6490938663482675 0.90112781524658214 0.16030748933553698
decision_type=2 2 2 2 2 2 2 2 2 2 2 2 10 2
left_child=13 2 4 -4 5 6 8 9 -2 -8 11 -3 -12 -1
right_child=1 10 3 -5 -6 -7 7 -9 -10 -11 12 -13 -14 -15
leaf_value=0.0038214384875230769 -0.0012646018314204132 0.0005791487179730439 0 -0.0031654913221145524 0.0010160114795643496 5.0394920486714817e-05 0.0007272271272119081 0.00060950546754403093 0.003509044168346717 -0.0033309814067019263 0.00080533652719924609 0.0049336431179971031 -0.00083967414052911048 0
leaf_weight=145.43394070863724 192.32593346945941 2822.4493463914841 295.31303695961833 400.57670838758349 736.26100298017263 2038.5214165598154 99.441229803487659 195.9912515245378 119.03721373900771 624.79508525691926 940.0928552094847 111.69778876751661 1524.4193550497293 155.40108589828014
leaf_count=1935 3120 34288 4264 6273 10166 30199 1381 2812 1921 9332 19946 1377 11586 1941
internal_value=0 -2.54157e-05 -0.000433661 -0.00186193 -0.000172419 -0.000454091 -0.00131696 -0.00196542 0.000473747 -0.00271666 0.000322787 0.000771054 -0.000195251 0.00185763
internal_weight=0 10100.9 4702.26 695.89 4006.37 3270.11 1231.59 920.228 311.363 724.236 5398.66 2934.15 2464.51 300.835
internal_count=140541 136665 69468 10537 58931 48765 18566 13525 5041 10713 67197 35665 31532 3876
is_linear=0
shrinkage=0.0101079


Tree=182
num_leaves=15
num_cat=0
split_feature=0 11 11 2 20 14 3 9 14 29 2 3 23 27
split_gain=10.254 17.1299 11.3699 10.521 10.1608 23.4544 12.7807 9.42251 12.9893 16.8011 14.7744 18.4593 11.3983 17.0416
threshold=0.52323517203331005 0.045662848278880126 0.0080209565348923224 0.59895148873329174 0.89818653464317333 -7.0387449264526358 0.39707633852958685 0.10169075801968576 -18.044006347656246 0.6078576147556306 0.509178787469864 0.31328327953815466 1.536374092102051 -0.39271505177021021
decision_type=2 2 2 2 2 2 2 2 2 2 2 2 2 2
left_child=1 3 -2 -1 5 6 -3 8 9 -4 11 -10 -9 -14
right_child=2 4 7 -5 -6 -7 -8 12 10 -11 -12 -13 13 -15
leaf_value=-7.2177894268856446e-05 0.0013585025853405611 0.0017035641094875927 0.00051899262783850516 -0.0043351673243708254 -0.0019095285449478286 0.0051508614154329785 -0.0035072848896968724 -0.00038505577089031743 0 0.0057959762406910986 -3.2164657463926189e-05 0.0047694856542914842 0.0002003559088816941 0.0040743889324109037
leaf_weight=112.95776412263513 691.90557904168963 82.929183492437005 199.73504357971251 191.35299044847488 137.71197763457894 98.516771301627159 84.989269541576505 5316.3605400044471 149.04986143484712 98.499217850156128 2113.7507408019155 148.12059320136905 864.37315044179559 132.04845033958554
leaf_count=1632 9675 1312 3085 3314 2051 1408 1319 70818 2163 1656 27846 1588 11098 1711
internal_value=0 -0.0011356 0.000116323 -0.00292309 0.000141214 0.00137261 -0.000740951 1.5506e-05 0.000517421 0.00249539 0.000248895 0.00233167 -0.00019385 0.000781158
internal_weight=0 708.458 9713.84 304.311 404.147 266.435 167.918 9021.94 2709.16 298.234 2410.92 297.17 6312.78 996.422
internal_count=140676 11036 129640 4946 6090 4039 2631 119965 36338 4741 31597 3751 83627 12809
is_linear=0
shrinkage=0.0101079


Tree=183
num_leaves=15
num_cat=0
split_feature=15 13 2 1 15 3 7 20 3 2 2 17 20 3
split_gain=8.75358 20.108 19.6834 16.8605 11.6687 34.2108 21.1091 16.0795 26.1119 19.4898 14.381 13.8303 12.3435 11.136
threshold=3.7638249397277836 -0.018453878350555893 0.509178787469864 1.3412182331085207 6.5552208423614511 0.87847259640693676 -0.83923801779746998 -0.63784214854240406 0.33199152350425726 0.55092823505401622 0.98137381672859203 34.500000000000007 -2.5002189874649043 0.98430973291397106
decision_type=2 2 2 2 2 2 2 2 2 2 2 2 2 2
left_child=2 3 -1 -2 5 6 -3 8 9 -6 -10 -12 -13 -9
right_child=1 4 -4 -5 7 -7 -8 13 10 -11 11 12 -14 -15
leaf_value=0.0048526891483228266 -0.0014940540162554788 -0.0016549045485092101 0.00036519134239627529 0.0012028380000782019 -0.001262400804043152 0.0052753469559586935 0.0018561338623459076 0.00037996573110127784 -0.00051367055173850962 0.0034455997620749766 0 -0.0016404586285248643 -0.0056036388261771252 -0.0017415104889666134
leaf_weight=101.94568278454244 1510.0206813020632 318.85138204693794 1625.0697197243571 257.92390732094646 139.71810052543879 164.21476405672729 363.78827956318855 4452.0006967689842 526.6825760062784 195.13957101479173 100.16515612229705 201.42322274856269 208.87959684059024 255.27371222525835
leaf_count=1613 21615 4490 23404 3786 2111 2445 5004 55940 6372 2927 1181 2876 2977 3886
internal_value=0 -0.000112145 0.000673621 -0.00107432 0.000128528 0.00123543 0.000157342 -2.03681e-05 -0.000986223 0.0013786 -0.00179299 -0.00300777 -0.00382045 0.000253696
internal_weight=0 8694.08 1727.02 1767.94 6926.14 846.854 682.64 6079.28 1372.01 334.858 1037.15 510.468 410.303 4707.27
internal_count=140627 115610 25017 25401 90209 11939 9494 78270 18444 5038 13406 7034 5853 59826
is_linear=0
shrinkage=0.0101079


Tree=184
num_leaves=15
num_cat=0
split_feature=14 16 2 7 15 7 21 22 15 15 30 2 28 7
split_gain=11.6851 17.548 17.7727 14.0663 16.1326 19.8924 17.2754 22.0766 19.5148 16.6386 22.9563 20.5405 15.4466 15.326
threshold=-7.3539741039276114 0.51867470145225536 0.44032353162765508 1.3781586885452273 6.8341922760009775 6.4712867736816415 6.8827230930328378 -0.50407811999320973 11.355501651763918 21.497439384460453 0.81174489855766307 0.81874704360961925 -0.09801131114363669 10.98055934906006
decision_type=2 2 2 2 2 2 2 2 2 2 2 2 2 2
left_child=1 2 -1 -2 -5 -6 7 8 -7 10 11 -8 -11 -9
right_child=3 -3 -4 4 5 6 9 13 -10 12 -12 -13 -14 -15
leaf_value=0.0030130010810254463 0.0013276545387831316 -0.001857202776019118 -0.00028769489504621164 0.0037925256767694232 -0.0013214153215684863 0.0065811097333497411 0.0014155255571587182 -0.00088846590513738709 0.0015455250482361051 0.0021116972449670233 0.0024131033239698013 -0.0027022524709976888 -0.00062181267598621841 0.0015743994770676445
leaf_weight=164.7460846491158 1034.431498605758 722.51985667645931 4173.8089864440262 105.06639524549246 1009.0943729076535 110.45401267334819 132.39948039874434 549.61944944784045 370.20001188665628 388.64634707570076 129.67256881855428 670.57715474441648 414.08098886534572 463.38638436608016
leaf_count=2448 12918 10867 60624 1325 12827 1187 1511 6210 4514 5280 1548 7635 6181 5710
internal_value=0 -0.000402399 -0.00014797 0.000272578 1.00911e-05 -8.07888e-05 0.000296604 0.00109776 0.00287042 -0.000371514 -0.00129977 -0.00196639 0.000659084 0.000201809
internal_weight=0 5061.07 4338.56 5377.63 4343.2 4238.13 3229.04 1493.66 480.654 1735.38 932.649 802.977 802.727 1013.01
internal_count=140785 73939 63072 66846 53928 52603 39776 17621 5701 22155 10694 9146 11461 11920
is_linear=0
shrinkage=0.0101079


Tree=185
num_leaves=15
num_cat=0
split_feature=2 2 6 16 13 22 15 30 3 14 18 14 3 28
split_gain=10.1246 18.9025 10.7485 19.7107 18.1469 16.0847 13.5101 25.4408 12.7993 12.8578 12.6403 11.3542 10.1047 9.85604
threshold=4.502530813217164 2.9701772928237919 -9.4527044296264631 0.15618191659450534 -0.027216071262955662 -0.18193158507347104 7.7731323242187509 -0.56174489110708226 0.58503141999244701 -25.657875061035153 57.500000000000007 -17.832485198974606 0.77699977159500133 0.77296444773674022
decision_type=2 2 2 2 2 2 2 2 2 2 2 2 2 2
left_child=1 2 13 8 5 6 11 -8 9 -4 -7 -5 -3 -1
right_child=-2 12 3 4 -6 10 7 -9 -10 -11 -12 -13 -14 -15
leaf_value=-0.0021220524990224008 -0.0025775715864605766 0.0054649390835141186 0 0 0.00012206151860255784 -0.0010652708811461321 -0.0035395362471799053 0.0024986789161643842 -0.00019310485337499742 0.0033987740568009843 0.0022417937840492189 -0.0036894361664608182 0.001090108792736012 0.0012703279230410088
leaf_weight=415.10347325820476 141.64059382304549 83.710634976625443 151.86816257424653 115.42926706559956 7391.635993661359 265.6172184292227 119.84916326217353 152.92811137065291 240.4668392855674 393.56172858737409 193.76472918875515 428.28148215822875 233.78892274387181 88.956659875810146
leaf_count=6184 2212 1306 1893 1807 95855 3909 1725 2128 3444 6226 2742 6022 3670 1324
internal_value=0 7.07042e-05 -3.54616e-06 6.95519e-05 -6.55061e-05 -0.00117798 -0.00202925 -3.40145e-05 0.00159642 0.00245038 0.000256753 -0.00294247 0.00246933 -0.0014342
internal_weight=0 10275 9957.46 9453.4 8667.51 1275.87 816.488 272.777 785.897 545.43 459.382 543.711 317.5 504.06
internal_count=140447 138235 133259 125751 114188 18333 11682 3853 11563 8119 6651 7829 4976 7508
is_linear=0
shrinkage=0.0101079


Tree=186
num_leaves=15
num_cat=0
split_feature=9 2 3 14 28 15 30 2 3 3 7 2 7 2
split_gain=10.7223 12.5282 16.2061 13.8402 11.2564 14.8635 14.562 14.8348 30.1664 18.2597 15.2585 13.4225 11.3398 15.0187
threshold=0.080106310546398177 0.509178787469864 0.31328327953815466 -18.044006347656246 0.4904943853616715 23.595590591430668 1.0000000180025095e-35 0.77003073692321788 0.3164667040109635 0.77699977159500133 -12.008309364318846 1.0843029618263247 -0.95810890197753895 1.1583415269851687
decision_type=2 2 2 2 2 2 2 2 2 2 2 2 2 2
left_child=1 2 -1 -3 5 -2 -6 8 -8 10 -9 -7 -12 -14
right_child=4 3 -4 -5 6 11 7 9 -10 -11 12 -13 13 -15
leaf_value=0 -7.6438046763822201e-05 0.0025297710034910791 0.0046703933143818896 0 -0.0015105083779736455 -0.00093418931928028741 -0.0027350737277452857 0.00149533943391222 0.0031794096971009636 0.0022014522818419313 -0.0051497198482891669 0.0032346445282012463 0.00060789793986996022 -0.0038093504107056171
leaf_weight=160.42680935375392 5232.6410058746114 238.90018069930375 156.84701629728079 1953.3317961879075 1263.0769639890641 89.298029413446784 107.90987736545503 96.30920953117311 313.75713479891419 137.30097245424986 130.85508143901825 259.00599318370223 157.76188597269356 125.83539867214859
leaf_count=2364 68643 3797 1763 26384 18078 1458 1411 1356 3931 2143 1701 3850 1991 1759
internal_value=0 0.000569259 0.00243849 0.000272801 -0.000187946 5.19588e-05 -0.000777491 5.49949e-05 0.00154977 -0.000862544 -0.0017846 0.00205495 -0.00265599 -0.00126149
internal_weight=0 2509.51 317.274 2192.23 7913.75 5580.95 2332.81 1069.73 421.667 648.063 510.762 348.304 414.452 283.597
internal_count=140629 34308 4127 30181 106321 73951 32370 14292 5342 8950 6807 5308 5451 3750
is_linear=0
shrinkage=0.0101079


Tree=187
num_leaves=15
num_cat=0
split_feature=1 13 13 30 15 17 15 30 3 14 3 3 2 30
split_gain=8.78748 13.5587 16.6489 16.0045 13.7298 15.8388 14.6653 24.1447 37.78 16.4751 13.02 21.9691 12.9706 28.9412
threshold=1.4809122681617739 -0.088710099458694444 -0.018453878350555893 -0.56174489110708226 2.7141351699829106 84.500000000000014 7.7731323242187509 -0.56174489110708226 0.48778623342514044 -11.226788520812987 0.33456848561763769 0.29888714849948889 0.77003073692321788 0.81174489855766307
decision_type=2 2 2 2 2 2 2 2 2 2 2 2 2 2
left_child=1 3 4 -1 5 -3 9 -8 -9 10 11 -6 13 -4
right_child=-2 2 12 -5 6 -7 7 8 -10 -11 -12 -13 -14 -15
leaf_value=-0.00051164005332769138 0.00067435082647563987 0.0021010516362829205 0.00017383970963588943 0.0040678220936039532 -0.0026605097619652653 -0.0014008767471301957 -0.0024913822437340129 0.0052660135754413985 -0.0013836101798813021 0.00016763472214471564 -0.0034596914814678374 0.0031565691410455018 -0.00027339841560092949 0.0034433931866775305
leaf_weight=117.09642138890922 1652.43065655604 276.79324662871659 1861.1663742214441 160.07640290446579 189.0524661950767 228.23553696647286 231.01335348002613 154.92240762896836 168.77313726395369 238.65374917723238 638.51080914400518 89.008744502440095 4086.9254941130057 324.57505871914327
leaf_count=1449 21605 4305 23893 2147 2869 3627 3368 2023 2407 3387 9448 1257 54495 4294
internal_value=0 -0.000127628 -0.000204585 0.00202909 -0.000957369 0.000442149 -0.00139442 0 0.0017247 -0.00203971 -0.00265491 -0.000622096 5.56258e-05 0.000688114
internal_weight=0 8764.8 8487.63 277.173 2214.96 505.029 1709.93 554.709 323.696 1155.23 916.572 278.061 6272.67 2185.74
internal_count=140574 118969 115373 3596 32691 7932 24759 7798 4430 16961 13574 4126 82682 28187
is_linear=0
shrinkage=0.0101079


Tree=188
num_leaves=15
num_cat=0
split_feature=14 14 29 2 31 0 22 29 15 2 2 15 28 20
split_gain=10.2871 17.5987 18.3173 27.7703 27.3654 21.4766 19.6868 16.0797 22.325 20.6907 15.8924 24.086 15.8418 14.1006
threshold=-6.977825164794921 -17.620764732360836 1.0000000180025095e-35 1.6440237164497378 1.0000000180025095e-35 1.0802391767501833 0.044311886653304107 0.6078576147556306 3.3720135688781743 0.68237727880477916 0.5200420916080476 5.8595423698425302 1.0000000180025095e-35 -3.2856228351593013
decision_type=2 2 2 2 2 2 2 2 2 2 2 2 2 2
left_child=1 7 3 4 -3 -5 10 9 -9 -1 11 -4 -10 -12
right_child=-2 2 6 5 -6 -7 -8 8 12 -11 13 -13 -14 -15
leaf_value=-0.0041744505313820075 0.00035762329901485162 0.0016403242801258735 0.0042581244945130575 -0.0050638898861201376 -0.0013907070867370116 5.4890834975315924e-05 0 0.00017592502121235022 0.0011612357821446119 0.00053169329117339385 0 -0.0023159419632571695 0.0078724162702997844 -0.002827565982271961
leaf_weight=101.72530342079699 5139.936368022114 1038.7319741565734 94.415391571819782 157.93920624628663 409.16359293088317 138.51283037662506 825.82120361551642 250.62897918745875 87.377359291538596 731.33154292404652 212.01825662516057 116.07979701459408 91.060012847185135 1036.0752407666296
leaf_count=1655 63523 14706 1392 2144 5516 1830 11845 4067 1384 10567 3217 1539 1409 16014
internal_value=0 -0.000276001 -0.00060772 0.000151727 0.000753154 -0.00259769 -0.00120387 0.000748256 0.0023213 -2.74868e-05 -0.0019072 0.000492939 0.00498617 -0.00234477
internal_weight=0 5290.88 4028.76 1744.35 1447.9 296.452 2284.41 1262.12 429.066 833.057 1458.59 210.495 178.437 1248.09
internal_count=140808 77285 58203 24196 20222 3974 34007 19082 6860 12222 22162 2931 2793 19231
is_linear=0
shrinkage=0.0101079


Tree=189
num_leaves=15
num_cat=0
split_feature=15 10 7 15 7 33 23 20 23 12 30 21 21 15
split_gain=9.11109 30.3308 17.1161 17.0884 19.4069 40.3462 16.5778 14.0736 15.9112 13.4345 12.2322 20.4934 24.9324 25.5286
threshold=3.7638249397277836 0.21422830969095233 -3.6718617677688594 6.7648022174835214 1.9681209325790407 0.99393379688262951 0.49857747554779058 -9.7793936729431135 0.85905465483665477 -0.0025462344055995341 0.81174489855766307 1.5614875555038454 5.3252050876617441 21.94449615478516
decision_type=2 2 2 2 2 10 2 2 2 2 2 2 2 2
left_child=1 -1 -2 4 -4 -6 -5 -3 -9 -8 11 -11 -13 -14
right_child=2 7 3 6 5 -7 9 8 -10 10 -12 12 13 -15
leaf_value=0.0013141011945002603 -0.0010138758066680596 0.00087600643936222664 0.00022282813399336756 -0.0018100820785872619 -0.00094524429778540368 0.0068255413978149894 -0.00078209653739136657 0 -0.0050759550484533447 -0.0019722571550727167 0.0016709484449057999 0.0015922226447785918 -0.0011444648377913254 0.0013534465011856714
leaf_weight=1381.5396049190313 1949.1017226502299 103.04399137198925 502.08741878345609 533.13279758300632 99.883612239733338 156.86021712422371 1451.2894161343575 92.842906802892685 161.02230913750827 413.46366138197482 603.02010681293905 1125.2403578665107 1243.7866339031607 611.34424909949303
leaf_count=20201 27246 1425 7350 6874 2290 1207 19207 1464 2066 5567 7955 14109 14973 8770
internal_value=0 0.000618026 -0.000180507 5.5359e-05 0.00148044 0.0037092 -0.000120332 -0.00193638 -0.00322505 3.98981e-05 0.000349406 9.94642e-05 0.000404729 -0.000297383
internal_weight=0 1738.45 8689.21 6740.11 758.831 256.744 5981.28 356.909 253.865 5448.14 3996.86 3393.83 2980.37 1855.13
internal_count=140704 25156 115548 88302 10847 3497 77455 4955 3530 70581 51374 43419 37852 23743
is_linear=0
shrinkage=0.0101079


Tree=190
num_leaves=15
num_cat=0
split_feature=27 30 33 30 7 22 16 23 15 12 30 27 27 11
split_gain=10.309 28.3522 24.9359 21.9908 24.342 24.8775 17.677 20.4774 17.5268 21.2511 20.4007 17.6263 16.3552 17.4909
threshold=-0.71473535895347584 1.0000000180025095e-35 1.0013927817344668 -0.56174489110708226 7.0377535820007333 -0.40303924679756159 0.75403636693954479 0.79976686835289013 11.445940017700197 -0.022710842080414292 0.81174489855766307 -0.05451125651597976 -0.87137606739997853 0.026801723986864093
decision_type=2 2 8 2 2 2 2 2 2 2 2 2 2 2
left_child=1 12 -3 4 5 -2 7 -6 -5 -10 -11 -12 13 -1
right_child=3 2 -4 8 6 -7 -8 -9 9 10 11 -13 -14 -15
leaf_value=0.0033648106866406447 -0.0026861714955166262 -0.003203317760825801 0 0.0010935384290936552 0.0049693287509935263 -0.00024470566526216459 -7.3915210650898593e-05 0 -0.0027975220431765676 -0.00042287890213983474 -0.0012321860873923188 0.0030891533776254685 -0.0011367631493389599 0.00023974620246806029
leaf_weight=243.84519342519343 703.1924959057942 584.62389129400253 396.91957681812346 3013.1665542013943 171.21071591228247 1176.045156814158 787.84177807159722 138.91280742362142 257.59662800095975 1156.5343160443008 109.0351501647383 372.41444700956345 522.86871475260705 805.34291813336313
leaf_count=3537 10512 4849 9391 39481 2048 16305 9699 1827 3912 15007 1457 4673 7315 10860
internal_value=0 -0.000542709 -0.00188898 0.000194954 -0.000482091 -0.00118691 0.000687491 0.00270454 0.000613936 -0.000128476 0.000277688 0.00202373 0.000277288 0.00102343
internal_weight=0 2553.6 981.543 7885.95 2977.2 1879.24 1097.97 310.124 4908.75 1895.58 1637.98 481.45 1572.06 1049.19
internal_count=140873 35952 14240 104921 40391 26817 13574 3875 64530 25049 21137 6130 21712 14397
is_linear=0
shrinkage=0.0101079


Tree=191
num_leaves=15
num_cat=0
split_feature=13 13 17 13 30 3 17 13 3 13 3 27 11 16
split_gain=10.6744 10.2377 21.3166 16.3401 10.6368 29.3886 19.2498 17.2231 23.048 20.9615 16.2538 19.1431 16.364 24.9221
threshold=-0.092603392899036394 -0.058185430243611329 81.500000000000014 -0.075653232634067522 0.81174489855766307 0.60601708292961132 38.500000000000007 0.0054555253591388473 0.41614653170108801 -0.014995366334915159 0.81169509887695324 -0.39271505177021021 0.029806329868733886 0.71791264414787304
decision_type=2 2 2 2 2 2 2 2 2 2 2 2 2 2
left_child=-1 2 3 -2 10 6 -6 9 -9 -8 -3 -12 -13 -14
right_child=1 4 -4 -5 5 -7 7 8 -10 -11 11 12 13 -15
leaf_value=0.0020329591904991156 0.0032077352378703911 -0.00031834433489940484 -0.0034230821844939323 -0.0012512951373250421 0.0033667559810365414 -0.00078389605135283297 0.00033932673722411442 0.0012937391411429499 -0.0037124089631428684 0.0059743568340265858 0.00013061479554771414 0.00010198270799620855 0.0072606271402515634 1.8180936950705879e-05
leaf_weight=262.73673543334007 123.62453357130289 6172.9815828027204 259.89329984970391 215.12915608100593 464.66941455379128 727.8540049828589 227.6377707477659 196.99000210128725 157.26668253913522 100.79803878813982 1121.9475862756371 168.44542381726205 129.71530862525105 92.862985933199525
leaf_count=3284 1735 81350 4101 3585 5768 9595 2989 2559 2154 1376 16741 2184 1834 1307
internal_value=0 0 -0.00127576 0.000293888 7.86678e-05 0.000761755 0.00177604 0.000609408 -0.000848178 0.00228565 -8.3318e-05 0.00084575 0.00275428 0.00451567
internal_weight=0 10159.8 598.647 338.754 9561.17 1875.22 1147.36 682.692 354.257 328.436 7685.95 1512.97 391.024 222.578
internal_count=140562 137278 9421 5320 127857 24441 14846 9078 4713 4365 103416 22066 5325 3141
is_linear=0
shrinkage=0.0101079


Tree=192
num_leaves=15
num_cat=0
split_feature=0 28 27 7 15 13 3 23 13 13 12 5 14 3
split_gain=9.65806 15.9403 12.1321 18.7844 37.2201 16.0492 10.4798 17.424 21.4003 17.0609 15.4783 26.5519 22.5107 14.045
threshold=0.53401675820350658 0.99512553215026867 0.39271505177021032 6.0555410385131845 6.26529884338379 0.04412489943206311 0.57808914780616771 1.4786914587020876 0.059739414602518089 -0.031279154121875756 0.063078410923481001 2.0780247449874882 -1.2434962987899778 0.46837803721427923
decision_type=2 2 2 2 2 2 2 2 2 2 2 2 2 2
left_child=2 6 3 4 -1 -5 10 8 9 -8 11 13 -12 -2
right_child=1 -3 -4 5 -6 -7 7 -9 -10 -11 12 -13 -14 -15
leaf_value=0.0001124553082062922 0.0009665601105427993 0.0031445397472052703 0.001357957944740509 0.0035914061007449967 -0.0056635825269564961 -0.0017004657245942207 -0.0024047028005099208 0.00068920108204651646 -0.0039831417415336148 -0.00017138805867114484 0.00074309851882185145 -0.0012576468507926111 0.0056240709532456449 -0.00046870652261532991
leaf_weight=195.66061308514327 2504.5278464108706 164.2556177880615 145.84813992865384 97.545688459649682 226.44862127862871 115.72087265737355 407.26247866172343 1207.4509966466576 189.11332527548075 2589.1508948449045 488.91686260513961 1050.6886945739388 123.47637578845024 915.71731254644692
leaf_count=3166 33497 2101 2472 1234 3526 1733 5936 15874 2822 34497 6070 14040 1329 12273
internal_value=0 9.13906e-05 -0.00107178 -0.001702 -0.00293753 0.0005771 3.17112e-05 -0.000324838 -0.000722614 -0.000493753 0.000347819 0.000130261 0.00184968 0.000570287
internal_weight=0 9640.56 781.224 635.376 422.109 213.267 9476.3 4392.98 3185.53 2996.41 5083.33 4470.93 612.393 3420.25
internal_count=140570 128439 12131 9659 6692 2967 126338 59129 43255 40433 67209 59810 7399 45770
is_linear=0
shrinkage=0.0101079


Tree=193
num_leaves=15
num_cat=0
split_feature=23 9 21 22 19 17 10 20 27 14 7 10 23 16
split_gain=9.21644 9.58611 13.239 13.8404 11.598 10.5995 9.35472 9.10226 30.6195 12.8683 18.7967 21.1 12.8148 12.6735
threshold=2.1013896465301518 0.11669892445206644 -11.074426174163817 0.58755826950073253 -0.45000000298023218 13.500000000000002 0.10803223773837091 -2.447227835655212 -0.56457334756851185 -6.977825164794921 0.24131323397159579 0.12655632197856906 0.78167691826820385 0.13455817103385928
decision_type=2 2 2 2 2 2 2 2 2 2 2 2 2 2
left_child=1 2 -1 5 -3 -4 -7 8 -6 13 11 12 -11 -9
right_child=-2 4 3 -5 7 6 -8 9 -10 10 -12 -13 -14 -15
leaf_value=0.0034610075233873537 0.0013460082160658335 -0.0027803883745845226 0.0013542382857081306 0.001939702987638325 -0.0015466283568612333 0.00012035458058300167 -0.0011792318729802094 0.0017767499017318081 0.0015893153795280719 -0.0017961058491876038 -0.00034758760146569312 0.0055849027261460939 0.0021850305239670656 -0.0013459652506432578
leaf_weight=128.81685604248196 487.39176745899022 182.43732139002532 467.36820997670293 409.44899673201144 469.98894022684544 1669.7337319813669 814.98161051236093 126.7359323836863 910.36650286801159 130.82514187321067 2632.8241304270923 111.18023797310889 183.91500659845769 1694.6477239001542
leaf_count=1782 6082 2467 5956 5506 6916 22985 11413 1965 12345 1598 32691 1297 2295 25239
internal_value=0 -6.71146e-05 0.000353734 0.000215069 -0.000301529 -1.48368e-05 -0.000291964 -0.000219534 0.000489765 -0.000428898 -1.43105e-05 0.00192228 0.000401256 -0.00110003
internal_weight=0 9933.27 3490.35 3361.53 6442.92 2952.08 2484.72 6260.48 1380.36 4880.13 3058.74 425.92 314.74 1821.38
internal_count=140537 134455 47642 45860 86813 40354 34398 84346 19261 65085 37881 5190 3893 27204
is_linear=0
shrinkage=0.0101079


Tree=194
num_leaves=15
num_cat=0
split_feature=23 2 2 3 2 27 29 15 2 14 7 21 7 23
split_gain=10.2923 10.7613 11.6973 12.5317 12.5186 16.9901 10.0136 11.3532 20.4747 18.6988 16.9959 16.5431 14.4914 13.4191
threshold=2.1013896465301518 4.502530813217164 2.8959746360778813 0.77298697829246532 2.2650943994522099 -0.37256073951721186 -0.60785761475563038 3.6281778812408452 0.509178787469864 -9.2272624969482404 -6.9470543861389151 -2.2119774818420406 -24.559706687927243 0.52033504843711864
decision_type=2 2 2 2 2 2 2 2 2 2 2 2 2 2
left_child=1 2 4 -4 6 -6 -1 8 -8 -9 12 -11 -10 -13
right_child=-2 -3 3 -5 5 -7 7 9 10 11 -12 13 -14 -15
leaf_value=0.0027002556178736458 0.0014108273097011553 -0.0030197212245330072 0.0049921052441930739 0.00031629189685785069 -0.0034515761267798649 0.00056788243602669437 0.0051503320872130672 -0.0010547281364080079 -0.0022064399760544349 0.003817692207279135 -0.0011342814029007492 -0.0014329840864831802 0.0018270454646330339 0.00016588836095504821
leaf_weight=127.73466456308961 489.54926070570946 118.26560794375837 87.225859416648746 213.58901960775256 249.30600416660309 155.42860771715641 95.422284804284573 2019.172962362878 89.376166744157672 110.34325021877885 443.9652380682528 593.95549916476011 695.93038568645716 4922.9396026758477
leaf_count=1551 6125 1861 1361 3378 3936 1963 1498 30302 1108 1482 6207 7741 10523 61393
internal_value=0 -7.9095e-05 -3.71748e-05 0.00189339 -0.000104011 -0.00182785 -2.14163e-05 -6.69417e-05 0.000787665 -0.000220926 0.000386579 7.20963e-05 0.0013001 -6.5941e-07
internal_weight=0 9922.66 9804.39 300.815 9503.57 404.735 9098.84 8971.11 1324.69 7646.41 1229.27 5627.24 785.307 5516.9
internal_count=140429 134304 132443 4739 127704 5899 121805 120254 19336 100918 17838 70616 11631 69134
is_linear=0
shrinkage=0.0101079


Tree=195
num_leaves=15
num_cat=0
split_feature=14 21 13 33 20 30 29 7 18 33 33 29 20 13
split_gain=13.0172 17.1538 17.127 35.333 15.5479 18.3058 15.5424 17.3079 16.0475 15.978 15.6118 23.8433 19.4104 15.6588
threshold=-7.0959863662719718 -1.9266042113304136 1.0000000180025095e-35 0.9590476155281068 -0.18940247595310208 -0.56174489110708226 1.0000000180025095e-35 0.48272775113582617 29.500000000000004 0.99472221732139599 0.94019654393196117 0.87837970256805431 2.1164932250976567 -0.0079684206284582598
decision_type=2 2 2 10 2 2 2 2 2 10 10 2 2 2
left_child=1 4 3 -2 -1 -6 7 8 -3 -9 12 13 -8 -12
right_child=2 6 -4 -5 5 -7 10 9 -10 -11 11 -13 -14 -15
leaf_value=0.00043650271469706402 -0.0007169521027426464 -0.0050506150103679743 8.3952254339182133e-05 0.0034194865593246736 -0.0034530757176956511 0 -0.0016036938885968222 -0.00010016110997263677 -0.00026391230546733913 0.0037707281499781511 -0.0018749718143807491 0 0.0028831032051628027 -0.0064292944159062872
leaf_weight=2592.5347762769088 340.60851049050689 92.916009731590748 4390.8876032140106 486.32600551843643 242.23084502015263 426.77848366461694 445.8965972661972 243.706776952371 326.58518538437784 164.66832495480776 185.24388399720192 171.86268028616905 114.39696478005499 204.87170320749283
leaf_count=37268 7288 1219 53676 3649 3920 5932 10002 4731 4637 1352 1471 1345 2714 1647
internal_value=0 -0.000367358 0.000346128 0.00167622 6.98097e-05 -0.00128024 -0.00111661 -1.43737e-05 -0.00149025 0.00140388 -0.00188828 -0.00308645 -0.000589865 -0.004446
internal_weight=0 5211.69 5217.82 826.935 3261.54 669.009 1950.15 827.876 419.501 408.375 1122.27 561.978 560.294 390.116
internal_count=140851 76238 64613 10937 47120 9852 29118 11939 5856 6083 17179 4463 12716 3118
is_linear=0
shrinkage=0.0101079


Tree=196
num_leaves=15
num_cat=0
split_feature=14 21 29 7 16 0 7 10 15 11 20 23 16 23
split_gain=9.45092 16.2583 19.0378 19.9248 19.3015 17.1452 14.1776 24.1531 22.5907 21.9173 20.2175 43.3936 21.6009 20.7556
threshold=-6.977825164794921 -1.9266042113304136 1.0000000180025095e-35 -0.48313193023204798 0.43639323115348821 0.87721925973892223 0.48272775113582617 0.15360162407159808 6.6245815753936776 0.04822890646755696 0.99040165543556224 0.82114830613136303 0.83849343657493602 0.50416466593742382
decision_type=2 2 2 2 2 2 2 2 2 2 2 2 2 2
left_child=1 -1 3 -3 -5 -4 7 -2 -8 -10 11 12 -11 -12
right_child=6 2 5 4 -6 -7 8 -9 9 10 13 -13 -14 -15
leaf_value=7.1132735274186937e-05 0.00068825194007913679 -0.0015781330285972259 -0.0031047958418262207 0.005488655056585451 0.0003075021101709503 -0.000552579567958347 0.0044249638939056878 0.0058315377830688324 -0.0012711588710129643 0.0048271648557158958 -0.0038252573333603644 -0.00082841473953551581 0 7.6301366072537951e-05
leaf_weight=3269.7931636590511 674.13915324211121 391.43449391424656 598.6163681326434 91.256977092474699 370.30974632315338 572.45487030223012 108.19163833558559 107.33935777470469 1179.7678598556668 366.96023476310074 140.89918963238597 392.12774080969393 143.43701100349426 2012.152131088078
leaf_count=47192 8327 5442 9293 1388 5430 8622 1256 1284 15201 4262 1493 4644 2199 24773
internal_value=0 -0.000358386 -0.00106985 3.3937e-05 0.00149081 -0.00190321 0.000248634 0.0014956 1.27462e-05 -9.81759e-05 0.000343535 0.00161113 0.00354814 -0.00017289
internal_weight=0 5293.87 2024.07 853.001 461.567 1171.07 5125.01 781.479 4343.54 4235.34 3055.58 902.525 510.397 2153.05
internal_count=140806 77367 30175 12260 6818 17915 63439 9611 53828 52572 37371 11105 6461 26266
is_linear=0
shrinkage=0.0101079


Tree=197
num_leaves=15
num_cat=0
split_feature=23 11 3 20 10 33 7 15 7 20 22 27 21 33
split_gain=9.98312 8.60826 11.0261 13.4552 20.7564 23.924 20.5967 15.571 19.8198 18.8473 16.5085 14.2609 14.4754 22.9867
threshold=1.5744086503982546 0.0075941320974379787 0.41387453675270086 -3.020251870155334 0.21422830969095233 0.99472221732139599 -3.9211126565933223 6.971196413040162 2.3473994731903081 -0.83568587899208058 -0.13604161143302915 0.9279436767101289 6.8827230930328378 0.89012691378593456
decision_type=2 2 2 2 2 10 2 2 2 2 2 2 2 10
left_child=1 -1 -3 4 5 -4 -5 8 -8 10 -9 12 -11 -14
right_child=-2 2 3 6 -6 -7 7 9 -10 11 -12 -13 13 -15
leaf_value=0.00095154043682988353 0.00076436680733149933 0.00024320866544287866 -0.00039446458900533975 -0.0020287215467306033 -0.0016156112069226512 0.0031617020018182489 0 -0.0045627787991416348 0.0043097373527461458 0 1.9880618002266328e-05 0.0016559045326376292 0.00027552395686533806 -0.0028502385823021719
leaf_weight=631.89127088803798 1340.0603662952781 2874.4203719766811 341.7752813976258 1020.184596770443 309.04859415721148 386.29629152268171 346.37755760923028 211.28576708957553 143.49370845966041 1471.5449973158538 99.575157444924116 298.23005527816713 367.09410945512354 581.16926065087318
leaf_count=8867 17180 39500 7577 14862 4303 2943 4859 2788 2098 18262 1350 3507 7939 4517
internal_value=0 -0.000166221 -0.000255374 -0.000519624 0.000492964 0.00145053 -0.00076034 -0.000377523 0.00125376 -0.000657179 -0.0030024 -0.000366442 -0.000636793 -0.00160528
internal_weight=0 9082.39 8450.5 5576.08 1037.12 728.072 4538.96 3518.77 489.871 3028.9 310.861 2718.04 2419.81 948.263
internal_count=140552 123372 114505 75005 14823 10520 60182 45320 6957 38363 4138 34225 30718 12456
is_linear=0
shrinkage=0.0101079


Tree=198
num_leaves=15
num_cat=0
split_feature=14 2 3 29 2 20 16 27 29 22 2 3 20 14
split_gain=10.3454 13.7798 30.3422 17.631 25.0063 17.7751 21.5781 21.0181 22.0495 18.5375 15.7911 23.3596 25.3323 21.9627
threshold=-6.977825164794921 0.46209247410297399 0.31328327953815466 -1.0000000180025095e-35 0.69703987240791332 -2.1037893295288081 0.15618191659450534 -0.71473535895347584 0.87837970256805431 -0.42429965734481806 1.6440237164497378 0.62071120738983165 -2.9587815999984737 -18.674320220947262
decision_type=2 2 2 2 2 2 2 2 2 2 2 2 2 2
left_child=1 2 -1 4 -3 7 -7 8 -5 -8 11 -6 -13 -12
right_child=-2 3 -4 5 10 6 9 -9 -10 -11 13 12 -14 -15
leaf_value=-0.00029878674340066681 0.00036348243038068968 -0.0028260177622945748 0.006558755400846117 -0.0028619387941251156 0.00061497868100642461 0.0016657693849412465 -0.002710269901810944 0.00083544298552513398 0.0011781085056424027 -0.00072131134684482552 0.0030567558066478214 0.00070638804858468842 0.0080874216828537415 -0.0026903186640671508
leaf_weight=181.32981264032423 5154.4951968230307 146.81089324690402 87.286419130861759 394.56480746902525 315.62252892740071 211.35000100173056 895.46774540282786 1193.4652265515178 187.90674158371985 1196.6754042226821 102.18113394454122 99.128838431090117 120.01058726944029 164.41298400983214
leaf_count=2824 63660 2284 1206 6210 4564 3167 13691 16582 2606 17485 1396 1285 1559 2381
internal_value=0 -0.000271189 0.0019026 -0.000398082 0.000819595 -0.000692014 -0.00127711 4.63963e-05 -0.0014916 -0.00159866 0.0015579 0.00255812 0.00506331 -0.000316108
internal_weight=0 5296.21 268.616 5027.6 948.167 4079.43 2303.49 1775.94 582.472 2092.14 801.356 534.762 219.139 266.594
internal_count=140900 77240 4030 73210 13469 59741 34343 25398 8816 31176 11185 7408 2844 3777
is_linear=0
shrinkage=0.0101079


Tree=199
num_leaves=15
num_cat=0
split_feature=11 13 15 13 33 2 29 28 11 29 2 18 15 15
split_gain=11.8902 11.6438 13.012 10.1991 14.6076 16.9422 11.1379 17.438 19.0823 23.5103 22.3316 19.7679 24.1583 60.2596
threshold=0.010082088410854341 -0.088710099458694444 4.2100682258605966 -0.058185430243611329 0.99611112475395214 1.0476775169372561 1.0000000180025095e-35 -0.24825246632099149 0.040528206154704101 0.87837970256805431 1.0906825065612795 37.500000000000007 11.537200450897219 8.032081604003908
decision_type=2 2 2 2 10 2 2 2 2 2 2 2 2 2
left_child=-1 2 -2 4 5 -3 -5 -8 9 -9 -11 -10 13 -13
right_child=1 3 -4 6 -6 -7 7 8 11 10 -12 12 -14 -15
leaf_value=0.0010628957844267706 0.0033021894238067034 0.0024317818043374821 -0.00076306205649454234 0.00033831374321578956 -0.0031959591569116165 -0.002292732839336968 0.00020441660534874112 -0.0032276614878418279 -0.002125247490996665 -0.0016153429750865051 0.0038505718639800113 -0.0012632125803201759 -0.00054837189001737347 0.0064949468149166191
leaf_weight=942.03542696591467 199.43733923509717 145.99573265574872 105.18947370536625 3442.6735769174993 265.13498628884554 148.8315552258864 2451.6603322252631 636.62881919741631 443.91766369715333 245.33507774956524 101.73049846850336 198.6082083452493 910.46352921798825 185.53222990781069
leaf_count=13190 2411 3422 1439 44804 2159 3314 31590 9314 6535 3291 1515 3157 12286 2183
internal_value=0 -0.000122852 0.0017844 -0.000192006 -0.00150969 0 -0.000100417 -0.000400231 -0.000958668 -0.00208506 0 -0.000291809 0.000314546 0.00243399
internal_weight=0 9481.14 304.627 9176.51 559.962 294.827 8616.55 5173.88 2722.22 983.694 347.066 1738.52 1294.6 384.14
internal_count=140610 127420 3850 123570 8895 6736 114675 69871 38281 14120 4806 24161 17626 5340
is_linear=0
shrinkage=0.0101079


Tree=200
num_leaves=15
num_cat=0
split_feature=11 23 2 2 3 2 27 12 5 17 0 2 30 14
split_gain=9.24247 9.34804 9.26319 18.1216 16.0586 12.995 15.9405 11.6598 10.4455 15.714 11.057 21.3588 15.4004 14.7161
threshold=0.0062944341916590938 2.1013896465301518 4.502530813217164 2.823588609695435 0.76543462276458751 2.2650943994522099 -0.41268247365951533 -0.15102928876876828 7.2854001522064218 1.5000000000000002 0.58963531255722057 0.59027108550071727 1.0000000180025095e-35 -2.3099946975708003
decision_type=2 2 2 2 2 2 2 2 2 2 2 2 2 2
left_child=-1 2 3 5 -5 8 -7 -6 10 -10 11 12 -2 -13
right_child=1 -3 -4 4 7 6 -8 -9 9 -11 -12 13 -14 -15
leaf_value=0.0012891787594716949 -0.00039201631072841736 0.0013802744348679744 -0.0028005341220463573 0.00559898965860995 -0.0018782957640151926 -0.0037317299726110781 0.0002860398647081648 0.0025131946668325183 0.00040610961811052732 -0.0035119511297660596 0.00018551442622784226 -0.0023686032718180754 0.0038060465446727084 0.0017952978149056839
leaf_weight=591.06859965622425 216.35582008492202 466.30727216415107 118.40001574531198 97.416379345580935 93.362046567723155 212.64224412851036 152.49672408774495 135.98061182908714 169.46611480787396 206.98905554413795 7062.2968091759831 680.76433211285621 128.2411108314991 82.27245725505054
leaf_count=8278 3204 5847 1864 1533 1452 3307 1917 2197 2083 2621 92513 10945 1746 1135
internal_value=0 -4.21579e-07 -7.46248e-05 -3.30257e-05 0.00227098 -0.000123919 -0.00197361 0.000551668 -3.84669e-05 -0.00166972 3.32343e-05 -0.000896019 0.00110393 -0.00185376
internal_weight=0 9822.99 9356.68 9238.28 326.759 8911.52 365.139 229.343 8546.39 376.455 8169.93 1107.63 344.597 763.037
internal_count=140642 132364 126517 124653 5182 119471 5224 3649 114247 4704 109543 17030 4950 12080
is_linear=0
shrinkage=0.0101079


Tree=201
num_leaves=15
num_cat=0
split_feature=3 22 13 7 16 3 2 30 18 16 18 4 2 3
split_gain=9.01262 15.0179 12.4176 20.2564 17.1547 13.8719 12.7582 39.6588 25.4473 15.3689 13.8188 11.5568 11.8143 10.5564
threshold=0.47083523869514471 0.30481225252151495 -0.028917570598423478 -8.4396266937255842 0.16900514811277392 0.70949918031692516 0.82842484116554271 -0.56174489110708226 56.500000000000007 0.68930995464324962 22.500000000000004 1.6147623658180239 1.3575131297111513 0.29888714849948889
decision_type=2 2 2 2 2 2 2 2 2 2 2 2 2 2
left_child=13 2 4 -4 5 -2 7 9 10 -5 -9 -8 -13 -1
right_child=1 -3 3 6 -6 -7 11 8 -10 -11 -12 12 -14 -15
leaf_value=-0.00044024467523620989 0.001751022491734613 0.00043636596383232154 0.0032759000903675667 -0.0040283714642497474 -0.0030919333285531572 -0.0024958467009996823 -0.0011967572846455384 0.0025959563573969085 0.0045108130709337179 0.00041278875239684386 -0.0019349804056608942 -0.00092021164241961825 0.0019416348565039368 0.00067299543414066972
leaf_weight=1204.3418733570725 184.26951960474253 1994.4729161448777 140.22587166540325 186.29364577773958 432.85773404780775 125.43129741773009 2147.2718140762299 114.95528167113662 253.51627093926072 107.18948990665376 148.80525018461049 293.00316614471376 266.74974180944264 2827.9660741053522
leaf_count=17949 2674 26065 2290 2595 6280 2039 29325 1585 3249 1164 1937 3518 3644 36368
internal_value=0 -0.000278339 -0.000611647 -0.000354022 -0.00181027 0 -0.000516984 0.000561726 0.00227377 -0.00230247 0 -0.00085565 0.000379994 0.000330272
internal_weight=0 6395.04 4400.57 3658.01 742.559 309.701 3517.78 810.76 517.277 293.483 263.761 2707.02 559.753 4032.31
internal_count=140682 86365 60300 49307 10993 4713 47017 10530 6771 3759 3522 36487 7162 54317
is_linear=0
shrinkage=0.0101079


Tree=202
num_leaves=15
num_cat=0
split_feature=28 10 33 14 13 4 2 14 3 3 30 16 23 16
split_gain=10.7451 12.2446 12.6762 12.6295 10.8591 12.5042 12.4556 23.0225 21.103 19.9334 28.3083 35.4596 25.9795 18.4639
threshold=-0.69930991530418385 0.042113082483410842 1.0545857548713686 -7.0959863662719718 -0.088710099458694444 -0.53221601247787464 0.77003073692321788 -1.172832667827606 0.34325549006462103 0.29888714849948889 -0.56174489110708226 0.66407340764999401 0.92301809787750255 0.94432374835014354
decision_type=2 2 8 2 2 2 2 2 2 2 2 2 2 2
left_child=1 2 -1 -4 5 -2 7 9 -8 -6 11 -11 -12 -10
right_child=4 -3 3 -5 6 -7 8 -9 13 10 12 -13 -14 -15
leaf_value=-0.0018120995730508979 -0.00072701846524466339 0.00088913752928494012 -0.0008757295296412278 0.0031944309033605459 -0.0010017365339591092 0.0034155073181693983 0.0019074332499002223 -0.004275975082605076 -0.00096837200578709639 -0.0026463195508211693 0.0028680899500825676 0.0022458510764214938 -0.00061571493490604609 0.0013670503942084188
leaf_weight=397.82276109606028 101.65084164775908 2208.8307346049696 150.37597625330091 130.1605606880039 623.94005336798728 168.55011199787259 307.0024894066155 98.747421508654952 4134.0967070367187 365.84775983355939 868.69979520887136 241.01864606700838 264.64584683813155 357.07568335719407
leaf_count=2961 1221 28444 3280 2680 9403 2285 4391 1098 57659 5404 11164 2682 3486 4447
internal_value=0 0.000517239 -0.000631097 0.000906756 -0.000207115 0.00173414 -0.00028667 0.000286091 -0.000589083 0.000506864 0.00107294 -0.000633713 0.00202042 -0.000771685
internal_weight=0 2887.19 678.359 280.537 7531.28 270.201 7261.07 2462.9 4798.17 2364.15 1740.21 606.866 1133.35 4491.17
internal_count=140605 37365 8921 5960 103240 3506 99734 33237 66497 32139 22736 8086 14650 62106
is_linear=0
shrinkage=0.0101079


Tree=203
num_leaves=15
num_cat=0
split_feature=14 7 15 7 20 22 14 28 10 28 13 15 30 13
split_gain=10.3591 15.6021 22.3514 22.3374 20.8759 42.461 21.2259 19.5548 17.9685 18.8396 17.3388 14.2327 25.7483 19.5296
threshold=-7.2228870391845694 1.0026390552520754 6.6245815753936776 6.3339989185333261 1.215529263019562 -0.62472403049468983 -4.3040974140167227 0.010907442308962378 0.14402105659246447 -0.16288578510284421 0.01673072669655085 22.190212249755863 0.81174489855766307 0.010958094149827959
decision_type=2 2 2 2 2 2 2 2 2 2 2 2 2 2
left_child=-1 8 -3 7 5 6 -5 -4 9 -2 -9 12 13 -6
right_child=1 2 3 4 11 -7 -8 10 -10 -11 -12 -13 -14 -15
leaf_value=-0.00026894720845495242 0.0024031305497068047 0.0045398636970841533 0 0.0067975090335737186 0.0022120189187026028 0.00017009578184107657 0.001109188218267239 -0.0046197982220949991 0.0047811054256494991 -0.00064946792439578619 -0.00042366358438570379 0.0011091001127916885 0.0022879530461370726 -0.0017085509181095123
leaf_weight=5126.7516240319237 398.39676515385509 105.39239898696542 572.61076645925641 184.85577360726893 130.76434889994562 762.26697622053325 137.90153363905847 250.06781498715281 145.98650594986975 384.70794188417494 205.91108087822795 609.74942119978368 232.85750888474286 1171.5470557678491
leaf_count=75048 4836 1237 7168 2297 1817 9343 1751 3465 1768 4945 2462 8707 2669 13217
internal_value=0 0.000366816 0.000102587 -5.66189e-06 0.000398209 0.0015392 0.00457146 -0.00130656 0.00155371 0.000860501 -0.00285043 -0.000163568 -0.000698291 -0.00127338
internal_weight=0 5293.02 4363.92 4258.53 3229.94 1085.02 322.757 1028.59 929.091 783.105 455.979 2144.92 1535.17 1302.31
internal_count=140730 65682 54133 52896 39801 13391 4048 13095 11549 9781 5927 26410 17703 15034
is_linear=0
shrinkage=0.0101079


Tree=204
num_leaves=15
num_cat=0
split_feature=9 23 2 3 3 18 20 28 15 17 7 28 12 17
split_gain=10.8162 10.1935 15.8899 13.4691 21.5918 23.4588 23.5089 15.6536 12.5966 16.5484 10.8775 11.7331 9.65037 19.7911
threshold=0.062990844249725356 0.52564251422882091 0.58545461297035228 0.28729848563671118 0.33456848561763769 36.500000000000007 1.8482011556625368 0.99275061488151561 23.595590591430668 11.500000000000002 9.3109936714172381 0.47136868536472326 -0.010609305463731287 20.500000000000004
decision_type=2 2 2 2 2 2 2 2 2 2 2 2 2 2
left_child=-1 2 -2 10 5 -5 -7 8 -6 -10 -3 -12 -4 -14
right_child=1 3 12 4 7 6 -8 -9 9 -11 11 -13 13 -15
leaf_value=0.00066952771760628912 0.00093696427960385112 -0.0024470519215085544 -0.00020072217445215175 -0.0003577105433186846 -0.00023558670933452848 0.0061926244625632098 0 0.0037501081980061183 0.00341359536480747 -0.0010611185059198377 0.0015209980829425415 -0.0027414902318065679 0.00013248868608356409 -0.0045579868168249965
leaf_weight=1992.7218042211607 222.94607786368579 399.3941047154367 221.41989720333368 190.12634888105094 6042.8641240559518 175.44650426506996 98.970396993681788 100.4269062615931 215.8337667491287 113.08838219940662 193.7762864716351 89.870459200814366 113.49980713240802 264.70210599899292
leaf_count=27227 3093 5889 3436 2555 79267 2359 1395 1370 3009 1804 3042 1309 1332 3805
internal_value=0 -0.000157037 -0.00122221 -3.56325e-05 9.28365e-05 0.00218171 0.00404677 -5.32358e-05 -0.000123944 0.00176561 -0.00138557 0 -0.0020934 -0.00307062
internal_weight=0 8442.37 822.568 7619.8 6936.76 464.543 274.417 6472.21 6371.79 328.922 683.041 283.647 599.622 378.202
internal_count=140892 113665 11666 101999 91759 6309 3754 85450 84080 4813 10240 4351 8573 5137
is_linear=0
shrinkage=0.0101079


Tree=205
num_leaves=15
num_cat=0
split_feature=23 27 23 14 3 20 16 14 28 10 17 14 2 3
split_gain=11.3703 9.88823 22.4452 21.0546 25.088 12.6614 15.2506 19.435 14.3698 18.2917 15.3035 16.8267 13.4678 28.9449
threshold=1.536374092102051 -0.50938662886619557 0.55887621641159069 -10.434811592102049 0.49937127530574804 -2.5002189874649043 0.13455817103385928 -7.0959863662719718 0.96298784017562877 0.21422830969095233 42.500000000000007 -13.082263469696043 0.4550516158342362 0.26569128036499029
decision_type=2 2 2 2 2 2 2 2 2 2 2 2 2 2
left_child=1 2 -1 -4 -5 8 -7 12 9 10 -3 -12 13 -8
right_child=-2 5 3 4 -6 6 7 -9 -10 -11 11 -13 -14 -15
leaf_value=-0.0045963989753244252 0.00083256545437370376 -0.0012576998208790626 -0.0019332487834858166 0.0043078969136945691 -0.00017649867644468258 0.0024697365848412043 -0.0018289879544826841 0.00021102414603113383 0.0047210594274936643 -0.0019537484650500475 0.0039778282729855952 0.00048295694776050337 -0.0012670533116957987 0.0054840536703764306
leaf_weight=138.8751126145944 1419.4204606115818 158.12866593711078 639.71635213959962 134.00209546647966 1159.649819009006 209.83670509792864 109.53858327493072 3473.4994454476982 94.531123401597142 203.51288800872862 269.10569074004889 354.61485685221851 1964.8609699998051 90.53671645000577
leaf_count=2189 18283 2050 10001 1583 16190 3314 1742 42367 1305 2824 3939 4730 28784 1294
internal_value=0 -0.000138397 -0.000750655 -0.00043656 0.000279435 3.95173e-05 -0.000140457 -0.000247977 0.00104557 0.000618599 0.00135189 0.00208483 -0.00100121 0.0013652
internal_weight=0 9000.41 2072.24 1933.37 1293.65 6928.17 5848.27 5638.44 1079.89 985.362 781.849 623.721 2164.94 200.075
internal_count=140595 122312 29963 27774 17773 92349 77501 74187 14848 13543 10719 8669 31820 3036
is_linear=0
shrinkage=0.0101079


Tree=206
num_leaves=15
num_cat=0
split_feature=29 28 27 33 15 7 23 2 9 0 20 20 14 10
split_gain=10.5281 10.9046 21.4526 18.3481 18.7417 18.0924 14.9149 15.9256 14.4213 14.395 13.0155 10.3318 9.3788 16.3058
threshold=-0.60785761475563038 0.4904943853616715 -0.09801131114363669 1.0013927817344668 11.80566453933716 -2.714269638061523 0.91642507910728466 0.37691551446914678 0.17741093039512637 0.53401675820350658 1.8856169581413271 0.46044108271598821 -7.5488638877868643 0.04279028810560704
decision_type=2 2 2 8 2 2 2 2 2 2 2 2 2 2
left_child=-1 12 3 4 5 -3 7 -4 9 -9 -11 -8 13 -2
right_child=1 2 6 -5 -6 -7 11 8 -10 10 -12 -13 -14 -15
leaf_value=0.0025509736218621961 -0.0014930945739066971 -0.0011089692696755777 -0.0026071588319595165 -0.0033470708033925311 -0.0028557921513141875 0.0034483179739983566 -0.0031427406724247845 -0.00073212187331835911 -0.00013129948785580247 0.0033484538957754711 -0.00031895711206171958 -1.3860671071675894e-05 0.00050222243110213032 0.00014918827989601218
leaf_weight=154.71721200086176 784.93997853435576 171.8602417036891 135.41451548784971 430.40216278564185 201.60636503249407 155.39325915277004 209.97436278685927 142.34122908953577 655.39985560998321 461.21061020717025 99.027454087510705 267.21274032443762 3906.1313135437667 2662.8734182165936
leaf_count=1920 11538 1474 1842 10166 1685 1233 2445 2046 9628 6384 1362 2981 48039 38150
internal_value=0 -4.31491e-05 -0.00056687 -0.00180067 -0.000436968 0.000963355 1.78928e-05 0.00053569 0.000891563 0.00189392 0.00263331 -0.00150198 0.000160374 -0.000215451
internal_weight=0 10283.8 2929.84 959.262 528.86 327.254 1970.58 1493.39 1357.98 702.579 560.238 477.187 7353.94 3447.81
internal_count=140893 138973 41246 14558 4392 2707 26688 21262 19420 9792 7746 5426 97727 49688
is_linear=0
shrinkage=0.0101079


Tree=207
num_leaves=15
num_cat=0
split_feature=9 21 10 7 18 4 0 13 18 3 11 28 11 13
split_gain=8.03812 13.8299 10.8914 10.3939 12.1171 9.86898 9.26328 21.6289 10.1181 9.76989 14.3516 9.44345 9.09949 10.1251
threshold=0.11669892445206644 -11.074426174163817 0.11447693780064584 20.537033081054691 63.500000000000007 1.0479913949966433 1.1559099555015566 0.026242932304739956 19.500000000000004 0.41614653170108801 0.12503259629011157 0.91080963611602794 0.038565650582313545 0.027949603274464611
decision_type=2 2 2 2 2 2 2 2 2 2 2 2 2 2
left_child=1 -1 6 -2 -5 -6 9 8 -8 10 -3 12 -11 -14
right_child=3 2 -4 4 5 -7 7 -9 -10 11 -12 -13 13 -15
leaf_value=0.0035353985586774436 -0.00029714504279814422 0.0016486232610586349 -0.00054279216121767902 0.003931187478937951 -0.0017854698945319613 0.0018979554163676608 0.00074002355337490745 -0.0012476117368477979 0.0044512213519691821 5.6717611890474052e-06 -0.0016148826960846706 0.0016314162069730174 -0.0034656473020393225 0
leaf_weight=132.40276992041618 6383.8621305590495 745.44907341338694 1116.6111440435052 120.88769049756229 131.80515214242041 148.93486534804106 158.02572957985103 146.36093340627849 230.95500607043505 421.33660827018321 150.0492469985038 169.2855308232829 209.86963104177266 144.05233500339091
leaf_count=1842 85480 10204 15129 1906 2008 1988 2196 1730 3271 5821 2122 2307 2951 1674
internal_value=0 0.000396605 0.000258572 -0.000192146 0.00135228 2.66933e-05 0.0006528 0.00182785 0.00308889 0.000282876 0.00104792 -0.0004025 -0.000909931 -0.00208906
internal_weight=0 3624.4 3492 6785.49 401.628 280.74 2375.38 535.342 388.981 1840.04 895.498 944.544 775.259 353.922
internal_count=140629 49247 47405 91382 5902 3996 32276 7197 5467 25079 12326 12753 10446 4625
is_linear=0
shrinkage=0.0101079


Tree=208
num_leaves=15
num_cat=0
split_feature=13 7 15 13 22 33 30 18 27 23 14 14 27 20
split_gain=8.12327 11.0164 10.5412 10.3677 14.3447 9.76682 9.28665 28.7926 31.8124 23.6273 21.4245 25.4493 18.6296 27.3927
threshold=-0.088710099458694444 -26.832728385925289 3.7638249397277836 -0.058185430243611329 -0.32416613399982447 0.99472221732139599 0.81174489855766307 59.500000000000007 0.5464349389076234 0.82114830613136303 -4.0221667289733878 -7.3539741039276114 -0.69930991530418385 -2.2465361356735225
decision_type=2 2 2 2 2 10 2 2 2 2 2 2 2 2
left_child=1 -1 -3 4 5 -2 -5 12 10 -10 11 -9 -8 -14
right_child=3 2 -4 6 -6 -7 7 8 9 -11 -12 -13 13 -15
leaf_value=-0.00078827619775102104 -0.0006318893145641105 0.0050549016420079439 8.9139671341747698e-05 -0.00012596157626199646 0.00013524099443611468 -0.0047846504676283437 -0.0027699466970247566 0 0.0075797303463033478 0.0010859304726957924 -0.0018926375841855803 0.0052116789242989195 0.0026239090898965358 -0.0011747170000109615
leaf_weight=102.01513335853815 139.74071544129401 107.37366296723485 99.007540535181761 7683.6179748140275 275.13943954370916 144.27037619054317 254.91130088828504 208.94138311780989 147.28157739341259 121.71829297952354 201.89097572863102 148.38601002469659 314.37652174569666 468.7832591868937
leaf_count=1238 3272 1294 1379 103494 4407 1227 3701 2996 1664 1459 2517 1969 3799 6167
internal_value=0 0.00159611 0.00295004 -4.95466e-05 -0.00137916 -0.00295026 2.51045e-05 0.000666644 0.00207178 0.00489882 0.000592802 0.00211826 -0.000422647 0.000309525
internal_weight=0 308.396 206.381 10109.1 559.151 284.011 9549.91 1866.29 828.218 269 559.218 357.327 1038.07 783.16
internal_count=140583 3911 2673 136672 8906 4499 127766 24272 10605 3123 7482 4965 13667 9966
is_linear=0
shrinkage=0.0101079


Tree=209
num_leaves=15
num_cat=0
split_feature=9 21 0 3 28 15 8 0 3 5 27 28 21 23
split_gain=8.19716 12.6271 10.7795 13.9058 22.4987 12.3293 13.0588 10.9875 10.3655 11.0748 12.3536 10.9076 9.66267 8.73847
threshold=0.11669892445206644 -11.074426174163817 1.1432619094848635 0.59438803791999828 0.96863394975662243 9.6417961120605487 -0.7528957426548003 0.55405530333518993 0.21127110719680789 1.7729505300521853 0.52803644537925731 -0.84915164113044728 -2.949682235717773 2.1013896465301518
decision_type=2 2 2 2 2 2 2 2 2 2 2 2 2 2
left_child=1 -1 3 7 12 6 -4 -3 -9 11 -11 -10 -5 -2
right_child=13 2 5 4 -6 -7 -8 8 9 10 -12 -13 -14 -15
leaf_value=0.0033164468803551592 -0.00035029023324744811 -0.0015159164051569175 0.0050953921721155421 -0.0038031136604481288 0.0031687374476666147 0 0.00096087602064100751 -0.0022328246768022028 -0.00016272076059319499 0.0012910307713840275 -0.0021942950242230335 0.0020563237098807914 -0.0010018201253973518 0.0012357596974634558
leaf_weight=133.64106091484427 6434.2204898744822 245.61570417135954 129.31241094134748 188.11709546484053 95.061363646760583 399.05855204723775 272.03800806961954 98.279966868460178 264.6975664217025 186.79676671512425 202.1030368860811 824.45799798052758 577.63393234089017 358.76601044088602
leaf_count=1857 86908 3707 1815 2851 1389 5036 3910 1714 3482 2318 2545 10818 7785 4496
internal_value=0 0.000334425 0.000201409 -9.26397e-05 -0.00115768 0.00122867 0.00246224 0.000391151 0.00071974 0.000953786 -0.000425461 0.00148273 -0.0017731 -0.000259276
internal_weight=0 3616.81 3483.17 2682.76 860.812 800.409 401.35 1821.95 1576.34 1478.06 388.9 1089.16 765.751 6792.99
internal_count=140631 49227 47370 36609 12025 10761 5725 24584 20877 19163 4863 14300 10636 91404
is_linear=0
shrinkage=0.0101079


Tree=210
num_leaves=15
num_cat=0
split_feature=29 28 27 33 3 23 0 9 11 3 2 18 10 2
split_gain=9.48329 12.1942 18.1645 19.7383 21.0644 14.4042 16.2946 18.419 12.6547 11.7994 11.1859 18.6833 16.2847 20.7191
threshold=-0.60785761475563038 0.47136868536472326 -0.076279435306787477 1.0013927817344668 0.68186497688293468 0.89356574416160595 0.52854397892951976 0.11122893542051317 0.086466435343027129 0.29888714849948889 0.46209247410297399 23.500000000000004 0.058666883036494262 0.76571866869926464
decision_type=2 2 2 8 2 2 2 2 2 2 2 2 2 2
left_child=-1 10 3 4 -3 6 -4 -8 -7 -9 11 -2 13 -12
right_child=1 2 5 -5 -6 8 7 9 -10 -11 12 -13 -14 -15
leaf_value=0.0024250017167916681 -0.0015004041591462653 -0.0022200578105531989 -0.0016155832603434591 -0.0032588320559749887 0.0016177770065768935 -0.0028029225819991448 0.0027760810366730016 -0.0020196686571639392 0.00015444257026529543 0.00082873084027856349 0.00056701609863794985 0.0032967460569075344 0.00038987983512419878 -0.0014583610094989945
leaf_weight=151.0724273417145 100.56556682102382 297.52960328012705 281.35773530229926 454.90023883245885 265.48763968795538 300.31220513023436 398.55102952942252 190.38057258725166 236.28032774664462 575.0111073628068 805.35589743219316 265.00934802368283 4796.2169354446232 1314.878068478778
leaf_count=1865 1391 2458 4106 10766 2221 3526 5574 2806 2693 8162 10957 3432 63442 17419
internal_value=0 -6.24507e-05 -0.000606753 -0.00169952 -0.000341946 -2.07745e-05 0.000483949 0.00103325 -0.00144237 5.48953e-05 0.000156618 0.00186489 5.85209e-05 -0.000670729
internal_weight=0 10281.8 2999.81 1017.92 563.017 1981.89 1445.3 1163.94 536.593 765.392 7282.03 365.575 6916.45 2120.23
internal_count=140818 138953 42312 15445 4679 26867 20648 16542 6219 10968 96641 4823 91818 28376
is_linear=0
shrinkage=0.0101079


Tree=211
num_leaves=15
num_cat=0
split_feature=9 28 29 27 30 13 5 33 11 5 33 13 4 13
split_gain=10.6015 11.5471 14.247 15.7954 12.8019 25.2348 16.4592 12.3021 13.6083 9.78986 14.2042 8.27829 8.00817 9.42303
threshold=0.062990844249725356 0.43245348334312445 -0.60785761475563038 -0.032717135734856122 0.81174489855766307 0.026838251389563087 0.26214355230331426 1.0013927817344668 0.07381369918584825 1.9892960190773012 0.94700106978416454 0.042081475257873542 -2.483965158462524 -0.073705289512872682
decision_type=2 2 2 2 2 2 2 8 2 2 10 2 2 2
left_child=12 -2 -3 7 6 -6 -5 8 -4 -8 -11 -9 -1 -14
right_child=1 2 3 4 5 -7 9 11 -10 10 -12 -13 13 -15
leaf_value=0.0033556696182069448 7.3810491870824832e-05 0.002353136476643185 0.00056647276087254004 -0.0020489315469840695 0.0035356134266600341 -0.0018826320764342129 0.0017319714461188891 -0.0041327896853039026 -0.0026931273369911828 0.0013326158405176495 -0.0022005092422760996 -0.00010191386013872161 0.0033206830128579834 0.00025751901365669014
leaf_weight=102.67407210171223 5762.5722098471597 131.0721955280751 276.16230533272028 568.93655439838767 213.96030197665095 128.70877162367105 270.61052297241986 305.59390892181545 215.73086595535278 184.16306211054325 261.87010683119297 88.181709567084908 105.7761511914432 1786.2419738490134
leaf_count=1450 76404 1602 2333 7867 2714 1597 3639 7271 1752 4174 2034 2031 1445 24327
internal_value=0 -0.000173777 -0.000727116 -0.000910414 -0.000287069 0.0013882 -0.000770481 -0.00199882 -0.000801331 0.000199448 -0.000654567 -0.00335011 0.000644101 0.000462743
internal_weight=0 8407.56 2644.99 2513.92 1628.25 342.669 1285.58 885.669 491.893 716.644 446.033 393.776 1994.69 1892.02
internal_count=140640 113418 37014 35412 22025 4311 17714 13387 4085 9847 6208 9302 27222 25772
is_linear=0
shrinkage=0.0101079


Tree=212
num_leaves=15
num_cat=0
split_feature=0 13 11 9 27 29 30 2 10 33 3 3 12 29
split_gain=9.18382 10.4892 11.6718 10.4806 9.75809 37.669 16.8951 25.4554 24.179 22.0955 17.8366 25.1475 31.7295 17.3127
threshold=1.2967497706413271 0.02390115708112717 0.1527749374508858 0.16030748933553698 -0.11969653144478797 -1.0000000180025095e-35 1.0000000180025095e-35 1.4274961948394778 0.21878999471664431 0.99393379688262951 0.34604898095130926 0.21127110719680789 0.040557269006967551 1.0000000180025095e-35
decision_type=2 2 2 2 2 2 2 2 2 10 2 2 2 2
left_child=4 3 -3 -2 5 -1 7 10 9 -9 11 -6 -13 -12
right_child=1 2 -4 -5 6 -7 -8 8 -10 -11 13 12 -14 -15
leaf_value=0.0017078913730198132 0.0022772953013539816 -0.00095122909278425873 0.0024454521096210764 0.00034243416491470751 -0.0028895934181130917 -0.0012369074246284173 0.00075623247408151495 0.00037734384574866217 -0.00069407523133785366 0.0069272203247482782 -0.0029012075759527098 0.0018853667720204264 -0.0030568454425000755 -0.00064899911629317261
leaf_weight=541.700369451195 530.70148069597781 580.26470850594342 114.38265978358686 746.26009442098439 194.84145717322826 2159.1344138132408 2394.9772264175117 113.67591845430434 174.11888277903199 122.15658737719059 509.13052897155285 768.61371977999806 147.9457090087235 1318.9556004777551
leaf_count=7176 7282 6917 1601 10167 3528 31211 30553 2393 2286 863 6798 11168 1908 16868
internal_value=0 0.000638507 -0.000313756 0.00118684 -0.000125825 -0.000628175 0.000103843 -0.000351236 0.00196057 0.0040472 -0.000691633 0.000287629 0.00102515 -0.00130777
internal_weight=0 1971.61 694.647 1276.96 8445.25 2700.83 5744.42 3349.44 409.951 235.833 2939.49 1111.4 916.559 1828.09
internal_count=140719 25967 8518 17449 114752 38387 76365 45812 5542 3256 40270 16604 13076 23666
is_linear=0
shrinkage=0.0101079


Tree=213
num_leaves=15
num_cat=0
split_feature=9 28 15 21 29 3 15 27 15 3 6 29 7 21
split_gain=9.08219 9.08063 11.6851 48.358 14.6673 13.7062 11.1226 10.9948 10.7859 8.95366 11.7167 8.89824 12.2352 9.46561
threshold=0.062990844249725356 0.4904943853616715 11.537200450897219 2.0596815347671513 0.87837970256805431 0.85419827699661266 14.227209091186525 -0.47136868536472315 23.595590591430668 0.30337159335613256 3.132827997207642 1.0000000180025095e-35 -0.24185613542795178 0.68646517395973217
decision_type=2 2 2 2 2 2 2 2 2 2 2 2 2 2
left_child=-1 8 3 5 6 7 -4 -3 -2 -8 -11 12 -9 -13
right_child=1 2 4 -5 -6 -7 9 11 -10 10 -12 13 -14 -15
leaf_value=0.00061356410003104425 -3.8663600455772566e-05 -0.0036625233582854629 -0.0027399556842761545 0.0050334282877305941 -0.0041902280041180729 0.0018150522399684147 -0.0024315122026467078 -0.00060182105450048171 0.0017522062778060749 0.0035360158816966306 -0.00021304301851558571 -0.0020486408449816506 0.0031726332172742227 0.00098741345523900505
leaf_weight=1992.0213984949514 5595.2002194980159 153.29538769088686 222.64786399528384 159.20638134423643 172.91631179861724 169.4217477068305 122.79852619953454 288.57607658952475 356.4933500085026 98.337487524375319 353.09764771349728 517.58915305230767 112.25049380213022 106.41337455995381
leaf_count=27194 73609 2505 2826 1932 2627 2494 1687 4165 5399 1241 4890 7498 1390 1327
internal_value=0 -0.000144081 -0.000658908 -7.1693e-05 -0.00152213 -0.000729676 -0.000858581 -0.00113911 6.39165e-05 -3.31419e-05 0.000560619 -0.000698139 0.000395588 -0.0014611
internal_weight=0 8428.24 2476.55 1506.75 969.798 1347.55 796.882 1178.12 5951.69 574.234 451.435 1024.83 400.827 624.003
internal_count=140784 113590 34582 21311 13271 19379 10644 16885 79008 7818 6131 14380 5555 8825
is_linear=0
shrinkage=0.0101079


Tree=214
num_leaves=15
num_cat=0
split_feature=14 15 2 14 7 21 3 33 21 20 33 30 22 20
split_gain=8.6605 20.7609 20.8854 17.8097 15.9539 15.1287 16.8899 14.4884 13.7673 23.5956 18.0025 13.7333 13.6797 13.1517
threshold=-7.4188742637634268 8.451700687408449 0.44032353162765508 -14.31279134750366 0.36422935128211981 -3.6970980167388912 0.87339901924133312 0.99611112475395214 5.2286911010742196 4.3130755424499521 0.90112781524658214 1.0000000180025095e-35 -0.75159981846809376 -0.7045927345752715
decision_type=2 2 2 2 2 2 2 10 2 2 10 2 2 2
left_child=1 2 -1 -3 5 -4 -7 -6 9 13 11 -10 -5 -2
right_child=8 3 4 12 7 6 -8 -9 10 -11 -12 -13 -14 -15
leaf_value=0.0036880325596551325 -0.00064734177607018507 0.0017352369833845342 0.00012734226012071714 -0.005063573312603928 -4.3903881872901048e-05 -0.0018009242117374953 0.0023287922342482832 0.003294034106141772 -8.2980657448895789e-05 0.0046209608001176071 -0.00092252672437220199 0.0023395427304401398 -0.0013952491279915988 0.00094130731809322998
leaf_weight=149.89724965766072 672.46617502719164 139.7360566817224 2171.9910552781075 126.50363648962229 228.5751184951514 921.75229386519641 98.860073368996382 247.57533482462168 569.44911337085068 149.80574759840965 1531.9575721621513 369.86601679958403 921.54727467894554 2124.8824964053929
leaf_count=2224 8009 2218 31279 2238 4993 13274 1676 2017 12252 1901 11681 7606 13524 25841
internal_value=0 -0.000274399 7.93385e-05 -0.00143876 -6.44395e-05 -0.000333475 -0.0013472 0.00163254 0.000307606 0.000776574 -0.000236002 0.000839316 -0.0019098 0.000544245
internal_weight=0 5006.44 3818.65 1187.79 3668.75 3192.6 1020.61 476.15 5418.43 2947.15 2471.27 939.315 1048.05 2797.35
internal_count=140733 73443 55463 17980 53239 46229 14950 7010 67290 35751 31539 19858 15762 33850
is_linear=0
shrinkage=0.0101079


Tree=215
num_leaves=15
num_cat=0
split_feature=27 13 13 8 11 2 23 33 2 23 14 13 13 12
split_gain=7.82922 16.6305 15.2155 9.07913 8.83335 12.0481 14.2939 11.3629 18.4284 19.8553 24.218 14.582 13.3797 11.0937
threshold=0.88186877965927135 0.05803941376507283 0.077565204352140441 -3.2994369268417354 0.01712825428694487 1.4919748902320864 1.0919200181961062 0.89692735671997081 1.4376949071884157 1.0440300107002261 -7.6796092987060538 -0.082252491265535341 -0.058185430243611329 -0.063168548047542558
decision_type=2 2 2 2 2 2 2 10 2 2 2 2 2 2
left_child=3 -2 -3 -1 5 13 -7 8 -6 10 -10 -9 -13 -5
right_child=1 2 -4 4 7 6 -8 11 9 -11 -12 12 -14 -15
leaf_value=0.0011117111427417332 0.00014122598472420266 0.0049490550404774764 0 -0.0029136447731781764 0.00067676324069314471 0.0054983195433322063 0 0.0019389815383982591 -0.0047344958703721346 0.00022680857174774152 3.338335614789577e-05 -0.0035847282803732287 -0.00071811757131650766 0.00045025947072506868
leaf_weight=528.79638396762311 1484.3686699867249 148.9714521728456 113.40690039657056 102.80256411060691 1894.6859094630927 92.639014383777976 83.698216166347265 183.74004456400871 238.49189503677189 486.71860481053591 165.3832026142627 176.58326626569033 3706.4815123230219 993.83447910100222
leaf_count=7266 19575 1800 1767 1389 41611 1473 1280 1368 5490 10097 3777 1472 28538 13675
internal_value=0 0.000590537 0.00290662 -0.000149088 -0.00023709 0.000520651 0.0029222 -0.000384189 0.000100448 -0.00107587 -0.00271927 -0.000725613 -0.000865663 8.0282e-05
internal_weight=0 1746.75 262.378 8653.86 8125.06 1272.97 176.337 6852.08 2785.28 890.594 403.875 4066.8 3883.06 1096.64
internal_count=140578 23142 3567 117436 110170 17817 2753 92353 60975 19364 9267 31378 30010 15064
is_linear=0
shrinkage=0.0101079


Tree=216
num_leaves=15
num_cat=0
split_feature=23 3 3 3 12 12 12 28 16 12 23 3 7 23
split_gain=8.5914 8.7546 15.4245 18.7486 23.5416 30.1999 15.2392 14.5258 22.4053 19.2021 14.172 13.9078 15.1213 11.8235
threshold=2.1933538913726811 0.40213991701602941 0.29888714849948889 0.33456848561763769 0.040557269006967551 0.0064496113918721685 0.031693967059254653 0.26932403445243841 0.85134470462799083 -0.0057102330029010764 0.63274958729743969 0.34856162965297705 -9.971587657928465 0.59711372852325451
decision_type=2 2 2 2 2 2 2 2 2 2 2 2 2 2
left_child=1 2 6 4 5 -4 13 8 11 -9 -11 -5 -13 -1
right_child=-2 -3 3 7 -6 -7 -8 9 -10 10 -12 12 -14 -15
leaf_value=0.0016786013479736571 0.0014181603867816288 -0.00026378878164480898 0.001079334982275052 -0.0048106821669359626 -0.0015477033647387558 0.0065840121601143621 -0.0032105897417033478 0.0046185497497057953 0.0029863608821050357 -0.0024941400811382048 0.0019637795449504876 0.002550361205536571 -0.0017537748790740653 -0.00067972484414996568
leaf_weight=300.60501298680902 403.17484897188842 7172.5026376405731 262.97106212005019 106.92637427896261 99.079495033249259 189.79963161051273 167.23912869021297 142.37451869063079 123.4706125818193 115.38071232568473 169.39670663326979 97.794968336820602 333.58273148909211 727.11388701200485
leaf_count=4519 4979 96235 3556 1432 1335 2508 2491 1996 1380 1583 1986 1449 4303 10833
internal_value=0 -7.24513e-05 0.00039667 0.00103848 0.00255023 0.00354573 -0.000451906 0.000222995 -0.00067018 0.00168739 1.14781e-06 -0.00161309 -0.000658386 0
internal_weight=0 10008.2 2835.73 1640.78 551.85 452.771 1194.96 1088.93 661.775 427.152 284.777 538.304 431.378 1027.72
internal_count=140585 135606 39371 21528 7399 6064 17843 14129 8564 5565 3569 7184 5752 15352
is_linear=0
shrinkage=0.0101079


Tree=217
num_leaves=15
num_cat=0
split_feature=28 3 28 2 7 33 3 3 20 5 11 22 15 5
split_gain=8.75289 13.0632 21.3695 23.0372 22.3103 20.0509 19.8088 16.0335 15.8613 28.1789 14.848 14.7983 13.7364 13.0296
threshold=0.41268247365951544 0.40213991701602941 0.97854062914848339 1.1797217726707461 6.8925180435180673 3.3999999761581425 0.31085352599620825 0.67371293902397167 1.2505225539207461 -0.45720197260379786 0.011706416495144369 -0.64376470446586598 15.750723838806154 -4.6950929164886466
decision_type=2 2 2 2 2 8 2 2 2 2 2 2 2 2
left_child=-1 6 3 4 10 -4 12 -5 9 -8 -3 -6 -2 -9
right_child=1 2 5 7 11 -7 8 13 -10 -11 -12 -13 -14 -15
leaf_value=0.00021574955910643183 0.00025146298543639116 0.0013681552546243006 0.0028090663809507248 -0.004669654369274326 0.0045871241967793269 -0.001208866670015343 9.7391078630543364e-05 0.0016303234437433872 -0.00029022022425059671 0.0060727181944910747 -0.0019886998056702207 0 -0.0029767034547791105 -0.0022228863146873975
leaf_weight=7055.6176762180403 364.44043979234993 154.25673314090818 271.58346891403198 272.23707689810544 124.13720050640404 209.94022678118199 177.96415094472468 93.501499524340034 187.09168683737516 165.67736159171909 576.44072319567204 136.15390947833657 189.11020002327859 444.97354588657618
leaf_count=93586 5260 2278 2097 3655 1552 4510 2378 1396 2406 2075 8310 1608 2887 6849
internal_value=0 -0.000409676 -0.000849094 -0.00136319 -0.000278254 0.00098296 0.000478006 -0.00262494 0.00188352 0.00316288 -0.00121837 0.00216924 -0.000804699 -0.00146622
internal_weight=0 3367.51 2283.22 1801.7 990.989 481.524 1084.28 810.712 530.733 343.642 730.697 260.291 553.551 538.475
internal_count=140847 47261 32255 25648 13748 6607 15006 11900 6859 4453 10588 3160 8147 8245
is_linear=0
shrinkage=0.0101079


Tree=218
num_leaves=15
num_cat=0
split_feature=11 9 15 15 4 18 33 12 4 18 15 15 3 12
split_gain=10.1544 8.58467 9.76193 15.8939 12.4954 11.0336 15.4186 8.2232 9.42676 7.43195 11.1889 12.0693 9.07812 12.0936
threshold=0.0062944341916590938 0.064298298209905638 21.497439384460453 19.535782814025882 0.98203277587890636 86.500000000000014 0.90112781524658214 0.12147193402051927 -1.614469528198242 93.500000000000014 7.9622416496276864 11.893929004669191 0.83117496967315685 0.092350356280803694
decision_type=2 2 2 2 2 2 10 2 2 2 2 2 2 2
left_child=-1 7 3 9 5 -4 -7 8 -2 12 -11 -12 -3 -14
right_child=1 2 4 -5 -6 6 -8 -9 -10 10 11 -13 13 -15
leaf_value=0.001255298016941768 0.0027245838488389371 -0.00053276972167379158 0.00099801680328691117 -0.0024557341019749717 0.0020341860273438953 0.00033989167572954506 -0.0052137098717271336 -0.0018852399584233324 0.00039762274840558613 -0.0018826461182273517 0.0035944621264554014 0.00011658637698446826 0.00094618556793543565 -0.0020823281856666401
leaf_weight=598.28447645250708 206.66062112338841 5152.0756769720465 204.09063595533371 349.59890774823725 407.98846806026995 83.109623232856393 86.330547317862511 120.69239656254649 1580.2535196561366 105.97124169394374 175.47202286496758 290.05103952437639 906.43515693210065 144.64928110130131
leaf_count=8303 2850 68480 3263 4478 5673 1900 707 1685 21473 1460 2135 3594 12579 1994
internal_value=0 -9.23449e-05 -0.000242719 -0.00036448 0.000808715 -0.000437485 -0.00236375 0.000508196 0.000699752 -0.00024795 0.000827094 0.00154995 -0.000354409 0.000479145
internal_weight=0 9813.38 7905.77 7124.25 781.519 373.531 169.44 1907.61 1786.91 6774.65 571.494 465.523 6203.16 1051.08
internal_count=140574 132271 106263 94720 11543 5870 2607 26008 24323 90242 7189 5729 83053 14573
is_linear=0
shrinkage=0.0101079


Tree=219
num_leaves=15
num_cat=0
split_feature=29 14 15 14 13 33 3 13 0 14 7 17 18 29
split_gain=13.1719 10.2021 17.3137 17.411 11.4332 34.4942 36.519 17.7506 11.7992 13.4574 14.663 11.3611 14.3298 11.496
threshold=-0.60785761475563038 -7.0959863662719718 9.1854314804077166 -14.31279134750366 0.00042596983257681137 0.9590476155281068 0.59438803791999828 0.015911458060145382 0.9962994158267976 -5.9086105823516837 1.4956134557724001 89.500000000000014 36.500000000000007 -1.0000000180025095e-35
decision_type=2 2 2 2 2 10 2 2 2 2 2 2 2 2
left_child=-1 2 -2 -4 5 -3 -7 8 9 -6 -11 12 -9 -14
right_child=1 4 3 -5 7 6 -8 11 -10 10 -12 -13 13 -15
leaf_value=0.0028621005728348518 -6.808948028993493e-05 -0.001033419149902941 0.0020727934264486874 -0.0019655611021807792 0.00057976098324578277 0.0067308958492729807 0.00087619417538911822 -0.0011592751744112803 0.00014329693725171903 -0.00015950872369223577 -0.0042387721104467134 0.0028186703765339556 -0.0006382518289620205 0.00093161306436277691
leaf_weight=152.19100881367922 4047.5538156423718 349.67893320135772 106.91682973131537 973.4140529865399 123.91998670622706 171.17621031403542 336.8589187040925 595.28077123314142 361.13831233605742 160.5858124550432 290.20077327080071 179.79950154386461 586.97603081725538 2004.16048328951
leaf_count=1869 58768 7461 1677 14718 1588 1206 2602 7244 4523 1955 3610 2101 7169 24403
internal_value=0 -6.08485e-05 -0.000383016 -0.00151694 0.000251583 0.00131292 0.00299783 2.8634e-05 -0.00118675 -0.002083 -0.00290079 0.000380447 0.00022378 0.000559574
internal_weight=0 10287.7 5127.88 1080.33 5159.78 857.714 508.035 4302.06 935.845 574.707 450.787 3366.22 3186.42 2591.14
internal_count=140894 139025 75163 16395 63862 11269 3808 52593 11676 7153 5565 40917 38816 31572
is_linear=0
shrinkage=0.0101079


Tree=220
num_leaves=15
num_cat=0
split_feature=9 13 2 3 22 2 12 13 22 17 2 13 17 11
split_gain=8.20803 12.2489 8.92734 17.8189 10.5153 10.9293 18.0141 12.6125 11.2952 9.99809 9.22044 9.57998 9.21834 10.2055
threshold=0.11669892445206644 -0.088710099458694444 0.509178787469864 0.31328327953815466 0.071514889597892775 1.2951861619949343 0.066151577979326262 0.018899589776992801 -0.79205709695816029 5.5000000000000009 0.85901525616645824 0.045280683785676963 73.500000000000014 0.021704866550862793
decision_type=2 2 2 2 2 2 2 2 2 2 2 2 2 2
left_child=1 -1 3 -3 5 6 7 12 -7 -6 -9 -12 13 -4
right_child=-2 2 4 -5 9 8 -8 10 -10 -11 11 -13 -14 -15
leaf_value=0.0035615617303064355 -0.0001792350494907614 -0.00027648529549755235 -0.0035310926448963898 0.0035453251036549477 -0.001630741533223582 -0.0042432502036784071 0.0037881337532302854 0.0023185308564856737 -0.0006583350262102574 0.0013955696458427388 0.0016069039667020648 -0.002521326375037328 0.00036847062039082587 -0.00051183234331197243
leaf_weight=116.85694791190326 6779.0432718824595 222.09984134510159 197.59905767068267 230.61015238799155 110.69584880210459 113.51656962092966 121.18547838553786 275.87965963408351 543.67318657413125 819.97869336605072 100.8831368451938 106.02493029087782 316.31309194862843 356.69561303034425
leaf_count=1518 91334 3290 2741 2517 1360 1805 1447 3449 7715 11207 1293 1361 4776 4865
internal_value=0 0.000414969 0.000291379 0.00160887 7.99118e-05 -0.000297136 0.000162808 -0.000151477 -0.00138008 0.000982117 0.00111157 -0.000334178 -0.000901578 -0.00169357
internal_weight=0 3632.01 3515.16 452.71 3062.45 2131.77 1474.58 1353.4 657.19 930.675 482.788 206.908 870.608 554.295
internal_count=140678 49344 47826 5807 42019 29452 19932 18485 9520 12567 6103 2654 12382 7606
is_linear=0
shrinkage=0.0101079


Tree=221
num_leaves=15
num_cat=0
split_feature=2 2 3 14 15 2 3 13 33 29 2 14 3 17
split_gain=8.32312 12.5994 8.936 8.58154 15.8235 21.3655 20.3579 13.3237 27.7675 13.1825 15.7457 24.6441 18.9979 13.9206
threshold=4.502530813217164 2.9701772928237919 0.76543462276458751 -7.4188742637634268 9.1854314804077166 0.46209247410297399 0.26569128036499029 -0.0034288752358406778 1.0013927817344668 -1.0000000180025095e-35 1.0591509938240053 -14.168003082275389 0.67857995629310619 66.500000000000014
decision_type=2 2 2 2 2 2 2 2 8 2 2 2 2 2
left_child=1 3 -3 4 5 6 -1 8 -5 10 13 12 -12 -7
right_child=-2 2 -4 7 -6 9 -8 -9 -10 -11 11 -13 -14 -15
leaf_value=-0.00016295210978422301 -0.0023694228814896247 0.0047588845092296312 0.00070388644975160144 0.0033142507560603753 -0.0015268538118380257 -0.0027580222348468656 0.005767489326067755 2.5843897672999613e-05 -0.00062478402279882682 -0.00053912191330361691 0.0030528496955000836 0.0054499508572848953 -0.0030670065893412504 0.0015705556334693837
leaf_weight=89.662886880338192 143.37822809256613 83.600997833535075 237.25292266905308 389.70549188554287 939.15153716318309 148.42313051410019 114.17558956332505 4523.4914413969964 308.09759073145688 2946.1427387762815 98.48854717053473 151.57383624091744 93.569299379363656 130.25833404436707
leaf_count=1339 2208 1295 3726 2890 14327 2336 1606 54442 6598 43263 1365 1902 1321 1992
internal_value=0 1.94708e-05 0.00196976 -4.09186e-05 -0.000356841 -5.23455e-05 0.00305561 0.000236514 0.00152972 -0.000247347 0.00105948 0.0025088 0 -0.000605423
internal_weight=0 10253.6 320.854 9932.74 4711.45 3772.29 203.838 5221.29 697.803 3568.46 622.313 343.632 192.058 278.681
internal_count=140610 138402 5021 133381 69451 55124 2945 63930 9488 52179 8916 4588 2686 4328
is_linear=0
shrinkage=0.0101079


Tree=222
num_leaves=15
num_cat=0
split_feature=28 27 30 2 3 13 10 29 17 0 2 33 33 17
split_gain=7.64477 23.4654 17.465 15.4408 24.9423 24.9642 24.1993 14.9104 14.6329 11.532 10.8213 24.7266 12.9083 28.5782
threshold=0.43245348334312445 -0.49049438536167139 1.0000000180025095e-35 0.81874704360961925 0.44325581192970281 -0.022706226445734497 0.084082230925560011 -1.0000000180025095e-35 55.500000000000007 0.52323517203331005 1.2187566757202151 2.0062500238418584 0.9590476155281068 44.500000000000007
decision_type=2 2 2 2 2 2 2 2 2 2 2 8 10 2
left_child=-1 7 10 4 5 -4 -6 -2 -7 -5 12 -12 13 -3
right_child=1 2 3 9 6 8 -8 -9 -10 -11 11 -13 -14 -15
leaf_value=0.00020077543748135351 0.00055501230950807641 0.0029118237950735947 0.0039159425374479468 -0.0030006591488050062 0.0078850150654624709 -0.003534202499553728 0.00053138849559960372 -0.0029130176521452752 0.0010120512677091751 0.0004417061316252079 0.0038665929675255287 -0.0019847951833702293 -0.0020807747385628533 -0.0020768642403847216
leaf_weight=7119.5225984975696 140.84479787200689 201.32078695297241 133.49511563777924 112.54773377999663 113.22956893406808 138.13706240057945 95.932363392785192 507.20694836229086 118.6460546143353 535.35708223283291 143.22329727560282 128.57368021458387 666.81777399778366 258.65872702281922
leaf_count=94428 1967 4510 1784 1762 1558 1633 1277 7944 1532 6820 1105 2828 5446 6080
internal_value=0 -0.000387188 2.18511e-05 0.000903219 0.00206614 0.000415341 0.00483652 -0.00209984 -0.00131187 -0.000122464 -0.000736039 0.000975051 -0.00118826 3.18338e-05
internal_weight=0 3293.99 2645.94 1247.34 599.44 390.278 209.162 648.052 256.783 647.905 1398.59 271.797 1126.8 459.98
internal_count=140674 46246 36335 16366 7784 4949 2835 9911 3165 8582 19969 3933 16036 10590
is_linear=0
shrinkage=0.0101079


Tree=223
num_leaves=15
num_cat=0
split_feature=23 15 7 5 28 3 0 30 11 12 3 3 28 15
split_gain=8.52978 21.7793 11.1242 7.70119 18.1968 13.1239 20.1259 16.2734 28.5108 16.8707 14.0492 12.0249 14.5692 11.6447
threshold=0.42725351452827459 6.3346183300018319 6.0555410385131845 2.0780247449874882 -0.91959547996520985 0.46345542371273046 1.0307011604309084 0.81174489855766307 0.085056792944669737 -0.029741022735834118 0.25066067278385168 0.34325549006462103 0.83743050694465648 10.283884048461916
decision_type=2 2 2 2 2 2 2 2 2 2 2 2 2 2
left_child=1 -1 -3 5 -5 7 -7 10 9 -9 13 12 -12 -2
right_child=3 2 -4 4 -6 6 -8 8 -10 -11 11 -13 -14 -15
leaf_value=0.0020389061546791866 -0.003237735494720059 -0.00436320732136488 -0.00055886649734651552 0.0014498082650438069 -0.00061672918750087507 -0.00075504511058953382 0.00069007099200938489 0.00023827113326226084 0 0.0055979141905947022 0.0025266202033245619 6.9241011260688477e-05 -0.0011159559638699347 3.2750298421881854e-05
leaf_weight=132.70696125458926 165.74718295410275 175.23814098071307 192.03144486434758 501.65266096778214 2754.592562683858 2043.3314649108797 1877.9069146830589 100.90195069089532 278.42144417576492 245.69080291502178 571.81138464249671 1005.8181822225451 117.36092352122068 244.9528915528208
leaf_count=1946 2617 2480 2152 6301 37086 29039 24557 1407 3931 2995 7896 12685 1584 3828
internal_value=0 -0.00122801 -0.00253396 0.000112564 -0.000283307 0.000312534 -5.26654e-05 0.000850428 0.00228663 0.00419067 0.000398252 0.00081916 0.00184277 -0.00122531
internal_weight=0 499.977 367.27 9908.19 3256.25 6651.94 3921.24 2730.7 625.014 346.593 2105.69 1694.99 689.172 410.7
internal_count=140504 6578 4632 133926 43387 90539 53596 36943 8333 4402 28610 22165 9480 6445
is_linear=0
shrinkage=0.0101079


Tree=224
num_leaves=15
num_cat=0
split_feature=23 9 27 13 0 13 3 12 12 31 0 16 10 6
split_gain=9.71862 9.94244 10.5406 13.6218 10.074 28.2878 10.1882 14.3904 17.019 15.5275 15.0747 9.65068 9.1598 9.02815
threshold=2.1013896465301518 0.11669892445206644 0.87137606739997875 0.054033013060688979 1.1432619094848635 0.026838251389563087 0.59438803791999828 0.026475876569747928 0.060117017477750785 1.0000000180025095e-35 0.52854397892951976 0.77230033278465282 0.081633415073156371 0.2384486868977547
decision_type=2 2 2 2 2 2 2 2 2 2 2 2 2 2
left_child=1 4 -3 13 6 -6 7 9 -9 10 -1 -12 -11 -4
right_child=-2 2 3 -5 5 -7 -8 8 -10 12 11 -13 -14 -15
leaf_value=-0.00073526933708379467 0.0013857051856313572 -0.00049885952734960413 0.0010689562257995609 0.0028724529159672475 0.0028137687470493901 -0.0013920729798085549 -0.00079445219587265335 -0.0019539005190006894 0.0013501203846390921 -0.0012782478353889678 0.0019275885446863609 0.0055003797963075916 0.0018583601427843333 -0.00085497153339721751
leaf_weight=143.60706947185099 490.11507135257125 5247.88826508075 457.68394271284342 203.44020887464285 488.50285314954817 223.39600249938667 889.69685162603855 407.40251584351063 238.34917520359159 315.48147228546441 549.74350559245795 110.94221062958241 121.81387814693153 526.84790449030697
leaf_count=2137 6101 71253 6146 2722 6896 2822 12529 5331 2947 4023 7655 1577 1721 6844
internal_value=0 -6.13059e-05 -0.000300231 0.000540926 0.000367537 0.00143691 7.56707e-05 0.000508768 -0.000670867 0.00115507 0.00198959 0.00264409 -0.000296595 0
internal_weight=0 9924.8 6435.86 1187.97 3488.94 711.899 2777.04 1887.34 645.752 1241.59 804.293 660.686 437.295 984.532
internal_count=140704 134603 86965 15712 47638 9718 37920 25391 8278 17113 11369 9232 5744 12990
is_linear=0
shrinkage=0.0101079


Tree=225
num_leaves=15
num_cat=0
split_feature=23 2 2 3 6 15 29 3 11 18 14 6 15 20
split_gain=7.7729 8.31869 17.562 12.4542 10.7464 16.1326 15.6112 14.6873 13.7145 13.0493 12.838 17.8334 15.9494 14.4964
threshold=2.1933538913726811 4.502530813217164 2.8959746360778813 0.77298697829246532 -9.95013380050659 3.3720135688781743 -0.60785761475563038 0.59152665734291088 0.15676612406969073 31.500000000000004 -7.3539741039276114 -7.0324196815490714 6.7648022174835214 -0.7045927345752715
decision_type=2 2 2 2 2 2 2 2 2 2 2 2 2 2
left_child=1 2 4 -4 -1 7 -7 8 -6 -9 11 12 -8 -12
right_child=-2 -3 3 -5 5 6 10 9 -10 -11 13 -13 -14 -15
leaf_value=-0.001758186110490973 0.0013664349277608566 -0.002637399522384946 0.0054405772183618783 0.00073551720090576792 0.0028625674077617925 0.0033537113474776895 0.0039099542389716153 -0.0012158432255166345 -0.00088873522414718636 0.002736199936030771 -0.0012511371942801408 -0.00098080630063818544 -0.0012152973104782648 0.00029898072093668927
leaf_weight=377.76707175839692 399.09138182923198 118.86873745732009 88.60615648701787 217.12318806536496 502.34702321887016 116.31585564278066 143.72827720735222 339.83796900138259 101.04539951309562 103.61781319230795 709.75452697090805 2873.3219738574699 84.276126576587558 4252.1828863825649
leaf_count=5788 4918 1885 1360 3457 7726 1396 2108 4624 1212 1584 8786 42413 1392 52065
internal_value=0 -5.88294e-05 -2.18102e-05 0.00232767 -0.000102603 -2.90343e-05 -0.000184837 0.00114246 0.00216483 -0.000171958 -0.000244023 -0.000754446 0.00186566 6.75219e-05
internal_weight=0 10028.8 9909.92 305.729 9604.19 9226.43 8179.58 1046.85 603.392 443.456 8063.26 3101.33 228.004 4961.94
internal_count=140714 135796 133911 4817 129094 123306 108160 15146 8938 6208 106764 45913 3500 60851
is_linear=0
shrinkage=0.0101079


Tree=226
num_leaves=15
num_cat=0
split_feature=15 10 14 0 7 10 23 15 20 23 3 15 14 7
split_gain=8.78284 23.6591 15.6825 17.2021 13.787 23.7716 27.4712 15.832 13.7583 16.6788 12.7786 18.7792 13.4794 12.3564
threshold=3.7638249397277836 0.21422830969095233 -7.2228870391845694 0.58963531255722057 1.1257740259170534 0.14402105659246447 0.81189820170402538 7.8379442691802987 -9.7793936729431135 0.86187797784805309 0.87847259640693676 7.3760409355163583 -13.314679622650145 6.4712867736816415
decision_type=2 2 2 2 2 2 2 2 2 2 2 2 2 2
left_child=1 -1 3 -2 5 6 7 -4 -3 -10 -5 12 -12 -6
right_child=2 8 4 10 13 -7 -8 -9 9 -11 11 -13 -14 -15
leaf_value=0.0012642293384677445 -0.0025213890081630867 0.0012040717371598595 -0.0045379402434398385 -0.00061770700962122211 -0.00093811957290765898 0.0049480482542946834 0.0022338097528207751 0 9.18313415892155e-05 -0.0048275215012463409 7.731698011079003e-05 -0.0014599637641040917 0.0056526117647173729 0.00028411514168157781
leaf_weight=1380.9932192713022 445.93942145816982 101.91306274943054 109.82419919036329 2652.3774406509474 1136.7362477481365 148.65288832783699 439.70111483894289 238.51159188523889 94.504218457266688 159.01346257515252 96.413872063159943 118.35850301384926 109.28769537992775 3197.9066903591156
leaf_count=20183 7684 1415 1468 37730 14373 1814 5465 2852 1503 2067 1404 1798 1674 39330
internal_value=0 0.000649539 -0.000136247 -0.000671057 0.000203771 0.00131153 0.000533769 -0.00150029 -0.0016036 -0.00288956 -0.000374523 0.00146222 0.00332552 -2.81682e-05
internal_weight=0 1736.42 8693.71 3422.38 5271.33 936.69 788.037 348.336 355.431 253.518 2976.44 324.06 205.702 4334.64
internal_count=140760 25168 115592 50290 65302 11599 9785 4320 4985 3570 42606 4876 3078 53703
is_linear=0
shrinkage=0.0101079


Tree=227
num_leaves=15
num_cat=0
split_feature=2 2 6 15 0 27 14 7 30 15 2 10 23 14
split_gain=7.66982 19.2078 9.02063 15.4584 11.1188 13.2418 10.3784 19.4458 21.255 22.2887 23.9899 20.8497 15.2641 15.1791
threshold=4.502530813217164 2.9701772928237919 -9.6904835700988752 3.3720135688781743 1.0852246880531313 -0.6343555450439452 -9.442593574523924 6.7509653568267831 -0.56174489110708226 7.3760409355163583 1.2784016728401186 0.13510499149560931 0.84626123309135448 -20.186045646667477
decision_type=2 2 2 2 2 2 2 2 2 2 2 2 2 2
left_child=1 2 4 -4 5 -1 7 8 -5 11 12 13 -11 -10
right_child=-2 -3 3 6 -6 -7 -8 -9 9 10 -12 -13 -14 -15
leaf_value=-0.0061647250365806233 -0.002296639179904469 0.0024231974531287196 0.0011571764184699651 -0.0018328742166267532 0 -0.00060223617583495491 6.0560098565794933e-05 -0.0040226877672493531 0.0019651155836737304 0.0057963857378233643 -0.0012139014956742001 0.0031511944919252661 9.1774206256607963e-05 -0.0017683234465087471
leaf_weight=81.949076854623854 141.47919493913651 319.50187766738236 1045.884303079918 715.27266630809754 257.87078898213804 126.36849845014513 6292.902760501951 165.84889167360961 116.93166811205447 171.39593447558582 109.84711242839694 124.17036076448858 86.026188706979156 669.8325089532882
leaf_count=1418 2210 4971 15084 11245 3616 1988 79133 2796 1687 2473 1712 1578 1394 9479
internal_value=0 9.81096e-06 -6.53077e-05 0 -0.00142648 -0.00311852 -0.00014119 -0.000745981 -0.000438832 0.000316016 0.00241051 -0.000497363 0.00410033 -0.00114892
internal_weight=0 10283.8 9964.3 9498.11 466.188 208.318 8452.23 2159.33 1993.48 1278.2 367.269 910.935 257.422 786.764
internal_count=140784 138574 133603 126581 7022 3406 111497 32364 29568 18323 5579 12744 3867 11166
is_linear=0
shrinkage=0.0101079


Tree=228
num_leaves=15
num_cat=0
split_feature=23 21 13 6 13 33 2 2 30 12 10 28 28 13
split_gain=10.1938 8.61928 21.1405 12.1685 10.1344 18.4712 11.9509 9.74518 25.9087 41.276 22.0552 23.9529 23.3553 21.4425
threshold=1.536374092102051 -15.036806583404539 -0.088710099458694444 -3.1366103887557979 -0.058185430243611329 0.9590476155281068 1.0080741047859194 0.77003073692321788 0.81174489855766307 -0.0070282137021422377 0.058666883036494262 -0.77296444773674 0.88186877965927135 0.0037680045934394006
decision_type=2 2 2 2 2 10 2 2 2 2 2 2 2 2
left_child=1 -1 3 -3 5 6 -4 8 -6 -10 12 13 -9 -12
right_child=-2 2 4 -5 7 -7 -8 10 9 -11 11 -13 -14 -15
leaf_value=-0.0027828167726910418 0.00077760772325746329 0.0051943758285887282 0.0022958271012253361 0.00014786054207772549 -5.4470703824614521e-05 -0.0036802395195673697 -0.0020106440635597037 -0.0020735965525629438 -0.0005931145933962867 0.0050054052865724152 0.0028963461766905599 -0.00045619474304217991 0.0019257358631651143 0
leaf_weight=117.77218716405332 1427.64328305237 110.84846827201545 132.44773633591831 113.64849065057933 2447.1476705484092 223.68934534490108 113.18527423217893 1087.3995463652536 229.67479876428843 278.3105541691184 471.96468138322234 2946.1993405641988 156.20299251563847 561.30404220148921
leaf_count=1813 18283 1161 3111 1630 32533 1829 2536 15035 3067 3676 6050 40803 2212 7040
internal_value=0 -0.000139265 -9.72501e-05 0.00290297 -0.000182309 -0.00161995 0.000150751 -9.34262e-05 0.000363107 0.0024243 -0.000359621 0 -0.00153021 0.00132684
internal_weight=0 8989.8 8872.02 224.497 8647.53 469.322 245.633 8178.2 2955.13 507.985 5223.07 3979.47 1243.6 1033.27
internal_count=140779 122496 120683 2791 117892 7476 5647 110416 39276 6743 71140 53893 17247 13090
is_linear=0
shrinkage=0.0101079


Tree=229
num_leaves=15
num_cat=0
split_feature=20 6 15 2 29 14 22 14 3 13 33 3 13 28
split_gain=8.82527 14.2383 13.843 15.7139 14.3742 15.5382 17.2453 11.7054 30.7221 11.6464 27.8375 24.7807 18.2716 23.8822
threshold=-9.7793936729431135 -9.95013380050659 3.5629988908767705 0.50400614738464367 -0.60785761475563038 -7.0959863662719718 -0.80045044422149647 -17.620764732360836 0.27081790566444403 -0.00041978387162089342 0.9590476155281068 0.6150302290916444 0.015113937668502333 0.032717135734856136
decision_type=2 2 2 2 2 2 2 2 2 2 10 2 2 2
left_child=-1 -2 3 -3 -4 6 -6 8 -8 10 -7 -12 13 -11
right_child=1 2 4 -5 5 9 7 -9 -10 12 11 -13 -14 -15
leaf_value=0.0023088968125885047 -0.0016803872481151777 0.0050661592696891944 0.0032176006004182617 0.00070453030003281411 -0.0026328484794617339 -0.00079047639869403831 -0.0021337158380934211 -0.0006123302421407196 0.0038828416280912198 0 0.0058978154777193622 0.00090257089727855972 0.00035480153195445186 -0.0032591094857365422
leaf_weight=162.85889502242208 488.72891262266785 89.945571653544903 125.9583786316216 1072.4852325618267 396.95501581020653 332.26320989057422 133.70050782710314 2593.4182538976893 199.39716039225459 556.44151666201651 175.46921121329069 289.64226197451353 3439.4991958644241 357.00620568729937
leaf_count=2231 7286 1394 1520 15444 6654 7089 2152 37176 3014 6812 1237 2223 41823 4637
internal_value=0 -6.81139e-06 7.40757e-05 0.00110748 -6.17628e-05 -0.000118135 -0.000659277 -0.000371625 0.00135533 0.000223667 0.00134102 0.00293755 7.71319e-06 -0.00124736
internal_weight=0 10250.9 9762.18 1162.43 8599.75 8473.79 3323.47 2926.52 333.098 5150.32 797.375 465.111 4352.95 913.448
internal_count=140692 138461 131175 16838 114337 112817 48996 42342 5166 63821 10549 3460 53272 11449
is_linear=0
shrinkage=0.0101079


Tree=230
num_leaves=15
num_cat=0
split_feature=2 2 6 16 13 10 3 17 3 2 3 30 3 0
split_gain=9.80797 17.832 10.1264 14.6678 12.9284 14.5889 12.4347 13.5513 13.2844 11.5249 14.725 22.4702 27.2457 23.5933
threshold=4.502530813217164 2.9701772928237919 -9.4527044296264631 0.15618191659450534 -0.027793128974735733 0.13834845274686816 0.58503141999244701 55.500000000000007 0.30062894523143774 0.73842301964759838 0.31328327953815466 -0.56174489110708226 0.47715015709400183 0.93902108073234569
decision_type=2 2 2 2 2 2 2 2 2 2 2 2 2 2
left_child=1 2 -1 6 5 -5 7 -4 -9 10 -6 12 -12 -13
right_child=-2 -3 3 4 9 -7 -8 8 -10 -11 11 13 -14 -15
leaf_value=-0.0014321258695032522 -0.002603669198990606 0.0023691229570134593 -0.00012136712527566748 -0.0015382266363582046 -0.00059426101569046532 0.0013309958605318732 -0.00042970283287616497 0 0.0042634639742636571 -0.00019745981098619823 0.0012976045624377838 0.0031238234808447381 -0.0028489323664495081 0
leaf_weight=499.76767992414534 138.5655305609107 316.19450403749943 156.00177748315036 1039.0647829482332 651.45469069480896 197.77513128891587 243.35841057822108 113.72530290856957 289.83759141527116 5062.8597080120817 406.61256320122629 704.56973366439342 254.67470013350248 347.90414971113205
leaf_count=7532 2182 4940 2390 15164 9468 2780 3430 1669 4162 66004 4749 8858 3141 4272
internal_value=0 3.26622e-05 -3.91516e-05 3.1198e-05 -8.59774e-05 -0.00104154 0.00133459 0.00216875 0.00313833 6.85908e-05 0.000653956 0.0011525 -0.000253051 0.0020693
internal_weight=0 10283.8 9967.61 9467.84 8664.92 1236.84 802.923 559.565 403.563 7428.08 2365.22 1713.76 661.287 1052.47
internal_count=140741 138559 133619 126087 114436 17944 11651 8221 5831 96492 30488 21020 7890 13130
is_linear=0
shrinkage=0.0101079


Tree=231
num_leaves=15
num_cat=0
split_feature=28 27 30 2 3 10 7 14 7 11 2 6 23 29
split_gain=8.20317 23.0988 15.5288 23.4888 28.8161 29.3639 22.3531 16.4135 17.9971 13.1164 12.2486 14.6233 12.2377 12.0865
threshold=0.47136868536472326 -0.49049438536167139 1.0000000180025095e-35 0.81874704360961925 0.44325581192970281 0.079268407076597228 -4.5680508613586417 -2.7719545364379878 -12.484869003295897 0.022525115869939331 1.2187566757202151 6.3845796585083017 0.91292482614517223 -1.0000000180025095e-35
decision_type=2 2 2 2 2 2 2 2 2 2 2 2 2 2
left_child=-1 13 10 4 6 -6 -4 8 -5 -10 12 -12 -3 -2
right_child=1 2 3 7 5 -7 -8 -9 9 -11 11 -13 -14 -15
leaf_value=0.00018654282949777189 0.00027159433207385979 -0.0007211391647051474 0.003918378874654709 0.0022303286777153389 0.0087726612693304167 0.0007225638618911347 -0.0011203901181393266 0.0030504653158148552 0.00065483366103103596 -0.0032028751102807802 0.0029681474526356715 -0.0016802455576828993 -0.0037558381987112623 -0.0029979678504673006
leaf_weight=7265.9234099881724 123.17767384648323 921.47285982687026 124.88690760731697 102.71383818797767 107.29527860693634 100.1626081187278 257.8862036280334 97.4089713729918 98.073639195412397 328.04555597342551 165.24937357008457 97.264265770092607 168.12409704364836 456.35009037237614
leaf_count=96597 1742 13655 1719 1330 1479 1312 3075 1283 1304 4365 2359 1479 1826 7191
internal_value=0 -0.000430553 -1.25716e-06 0.000808756 0.00225534 0.00523784 0.000464333 -0.000501496 -0.00126534 -0.00222574 -0.000760246 0.00109714 -0.00124917 -0.00223956
internal_weight=0 3148.11 2568.58 1216.47 590.231 207.458 382.773 626.242 528.833 426.119 1352.11 262.514 1089.6 579.528
internal_count=140716 44119 35186 15867 7585 2791 4794 8282 6999 5669 19319 3838 15481 8933
is_linear=0
shrinkage=0.0101079


Tree=232
num_leaves=15
num_cat=0
split_feature=2 2 2 27 23 5 14 2 27 27 21 0 33 2
split_gain=9.40951 14.1844 12.0101 15.0306 12.3895 11.0439 13.1965 17.2597 22.8986 19.3091 14.6685 17.3828 14.4034 12.9258
threshold=4.502530813217164 2.9701772928237919 2.3076541423797612 -0.39271505177021021 2.2479658126831059 7.7352633476257333 -6.977825164794921 1.4376949071884157 -0.24825246632099149 -0.90159028768539418 -1.5271980762481687 0.53401675820350658 0.99393379688262951 0.82842484116554271
decision_type=2 2 2 2 2 2 2 2 2 2 2 2 10 2
left_child=1 2 4 -4 5 6 10 13 9 -9 -1 -12 -10 -8
right_child=-2 -3 3 -5 -6 -7 7 8 12 -11 11 -13 -14 -15
leaf_value=9.7557426361116363e-05 -0.0025025964511815359 0.0021120694667453388 -0.0029602599329319038 0.00067859881285223386 0.0022019348928942013 -0.0018011571790432835 0.00074132158555964621 0.0028420513481752724 0.00092427827466016359 -0.0019448494997925242 -0.0045194061664613353 -0.00072785449458558451 0.0063285005126589118 -0.00044117749652761466
leaf_weight=2933.6961672510952 143.1962534300983 319.72780977189541 296.8778590830043 158.44603504799306 258.14234821498394 331.79288183897734 2044.2786512244493 151.10330656729639 108.1783741004765 177.04434942826629 134.85108902212232 1499.4327726047486 148.21207943558693 1703.8909824732691
leaf_count=42925 2221 4984 4686 1985 2985 4216 24487 1738 2229 2203 2468 21876 1100 20617
internal_value=0 4.03406e-05 -2.3758e-05 -0.0016162 4.96148e-05 -7.95076e-06 5.58348e-05 0.000458906 0.00206996 0.000153279 -0.000317753 -0.00108493 0.00429433 0.000193179
internal_weight=0 10265.7 9945.95 455.324 9490.62 9232.48 8900.69 4332.71 584.538 328.148 4567.98 1634.28 256.39 3748.17
internal_count=140720 138499 133515 6671 126844 123859 119643 52374 7270 3941 67269 24344 3329 45104
is_linear=0
shrinkage=0.0101079


Tree=233
num_leaves=15
num_cat=0
split_feature=2 20 27 7 27 2 0 2 22 20 17 4 15 2
split_gain=8.62959 19.2553 33.5785 18.7566 23.88 17.3617 18.7164 15.5344 12.7668 12.5145 25.6 17.6099 15.0505 14.4574
threshold=0.77003073692321788 1.0541094541549685 0.69930991530418407 7.0377535820007333 0.65106672048568737 0.42420531809329992 0.69180315732955944 0.6080533266067506 0.36249019205570226 -2.9587815999984737 84.500000000000014 0.94121846556663524 22.689635276794437 1.3041763305664065
decision_type=2 2 2 2 2 2 2 2 2 2 2 2 2 2
left_child=1 3 -3 4 -1 -5 -7 -8 9 10 -2 13 -13 -11
right_child=8 2 -4 5 -6 6 7 -9 -10 11 -12 12 -14 -15
leaf_value=-0.00055080375621784463 0.0018864023425686366 0.0007916515019337992 -0.0029173670769270092 -0.00074253580481942487 0.0018466390171197251 0.0060064441569425871 -0.0002963181504154357 0.0040565536683314155 0.00056221187435522241 -0.00049741297747546876 -0.001428457135334486 -0.00010768623218331509 0.0030471750857311163 -0.0020537761505149332
leaf_weight=976.59032811410725 617.0560454223305 617.527976738289 397.40411669760942 108.21199430711567 719.88844599016011 180.85051975212991 163.18136938288808 135.34633856266737 1954.1214917916805 1671.612245474942 365.67479758057743 1290.7022153940052 165.1745021622628 1054.9386679781601
leaf_count=13328 8657 8218 5260 1595 9883 2375 1894 1785 25707 22429 5455 16725 2420 14949
internal_value=0 0.000498877 -0.000631972 0.00101948 0.000446483 0.00257884 0.00341163 0.00159684 -0.000123857 -0.000391692 0.000610546 -0.000637533 0.000236597 -0.00111845
internal_weight=0 3299 1014.93 2284.07 1696.48 587.59 479.378 298.528 7119.28 5165.16 982.731 4182.43 1455.88 2726.55
internal_count=140680 44338 13478 30860 23211 7649 6054 3679 96342 70635 14112 56523 19145 37378
is_linear=0
shrinkage=0.0101079


Tree=234
num_leaves=15
num_cat=0
split_feature=2 2 3 12 6 0 16 3 12 33 13 30 3 2
split_gain=8.30715 14.9314 10.4853 11.2511 8.16093 13.0825 9.83873 12.7022 20.4876 14.5355 11.993 19.5127 24.3659 18.8241
threshold=4.502530813217164 2.9701772928237919 0.77699977159500133 -0.15102928876876828 -10.508059978485106 1.0519313812255862 0.15618191659450534 0.58503141999244701 -0.043935351073741906 1.0013927817344668 -0.027216071262955662 -0.56174489110708226 0.33904448151588445 0.59464272856712352
decision_type=2 2 2 2 2 2 2 2 2 8 2 2 2 2
left_child=1 4 -3 -4 5 -1 7 8 9 -6 11 13 -13 -8
right_child=-2 2 3 -5 6 -7 10 -9 -10 -11 -12 12 -14 -15
leaf_value=-0.0038174849251684448 -0.0024012320322831233 0.0051569852484346689 -0.001583394256292315 0.0026742072807256836 0.0061435817922067303 0 -0.0069695043498725082 -0.00059169044221858106 0 0.0010359372754964241 7.0631920662333583e-05 0.0026206305770911697 -0.0011468138958481856 -0.0014707441130967776
leaf_weight=141.90455015562475 137.85594592988491 84.417677186429501 94.183737646788359 137.92727753147483 139.9371787160635 218.63051452115178 82.034308600239456 288.14018921367824 316.9218390956521 135.55042565055192 7407.1931053278968 237.96707371436059 602.95090435724705 365.2937706746161
leaf_count=2416 2177 1290 1431 2239 1043 3090 1397 4108 4776 2806 96433 3237 8293 5682
internal_value=0 3.0995e-05 0.00216788 0.000782266 -3.46148e-05 -0.00151283 1.79746e-05 0.00103475 0.00189079 0.00386915 -8.11539e-05 -0.000980424 -1.8975e-05 -0.00266817
internal_weight=0 10253.1 316.529 232.111 9936.52 360.535 9575.99 880.55 592.409 275.488 8695.44 1288.25 840.918 447.328
internal_count=140418 138241 4960 3670 133281 5506 127775 12733 8625 3849 115042 18609 11530 7079
is_linear=0
shrinkage=0.0101079


Tree=235
num_leaves=15
num_cat=0
split_feature=13 13 0 33 30 28 20 12 27 30 18 27 16 13
split_gain=5.8508 12.3089 16.0575 15.7043 12.293 11.7966 7.28007 11.8531 21.8511 10.6206 21.1068 27.1545 21.5518 29.8813
threshold=-0.088710099458694444 -0.058185430243611329 0.70173597335815441 0.9590476155281068 -0.56174489110708226 -0.75894212722778309 -9.7793936729431135 -0.11864200234413146 -0.49049438536167139 0.81174489855766307 58.500000000000007 0.5464349389076234 0.40972413122653967 -0.010592748410999773
decision_type=2 2 2 10 2 2 2 2 2 2 2 2 2 2
left_child=4 2 3 -2 -1 -4 -3 8 -8 -9 12 -12 13 -11
right_child=1 6 5 -5 -6 -7 7 9 -10 10 11 -13 -14 -15
leaf_value=-0.00070764248743832221 -0.00055042206571826358 0.0023679961653729261 -0.0034390571180274248 -0.0072323542310540525 0.0031142521325719804 0.00060496141259750195 -0.0041059624052300521 -8.1032169628493536e-05 0.001344410808381041 -0.00026146249542629668 0.00058533384291950151 0.0045341319401389557 -0.0016241961204123726 0.0052180649245395627
leaf_weight=131.72294817119837 90.346648906357586 129.70220566540956 86.257125440984964 77.067456394433975 175.70117182470858 308.13824164494872 180.6811576988548 7329.6690579988062 105.5561732146889 310.72285107523203 571.72562773525715 274.26128679327667 521.57073866203427 134.7905437014997
leaf_count=1557 2145 1761 1415 698 2312 4699 2819 98350 1530 4161 7624 3202 6740 1856
internal_value=0 -2.67663e-05 -0.00147315 -0.00403897 0.00137066 -0.000227258 5.51184e-05 1.7122e-05 -0.00197549 8.55277e-05 0.000778636 0.00194204 -0.000204773 0.00136697
internal_weight=0 10120.5 561.809 167.414 307.424 394.395 9558.68 9428.98 286.237 9142.74 1813.07 845.987 967.084 445.513
internal_count=140869 137000 8957 2843 3869 6114 128043 126282 4349 121933 23583 10826 12757 6017
is_linear=0
shrinkage=0.0101079


Tree=236
num_leaves=15
num_cat=0
split_feature=28 30 12 16 22 12 16 3 20 28 13 13 16 20
split_gain=8.04059 11.6537 10.2074 25.4146 18.3086 16.4842 18.6485 16.6538 12.4562 11.6277 10.1697 23.1388 31.9931 29.8021
threshold=0.4904943853616715 1.0000000180025095e-35 0.032405758276581771 0.89226827025413524 -0.68491500616073597 -0.027543409727513787 0.55272138118743908 0.43814267218112951 -2.7861837148666377 0.96863394975662243 0.015518832486122848 0.053278230130672462 0.85424211621284496 -0.60613554716110218
decision_type=2 2 2 2 2 2 2 2 2 2 2 2 2 2
left_child=-1 10 5 4 -4 8 9 -8 -3 -7 -2 12 13 -12
right_child=1 2 3 -5 -6 6 7 -9 -10 -11 11 -13 -14 -15
leaf_value=0.00019001059293360451 -0.0017318800016990724 0.001472211282810902 -0.0054516316795581122 0.002610006177384295 -0.00024875759793952797 0.0049156209013346917 -0.0020921681497001578 0.0028571908037983624 -0.0020885660014640733 0.00031163591507096019 -0.00048711506517101901 -0.0022225416761470699 -0.0028534337829415452 0.0053782492765665048
leaf_weight=7348.918361841701 894.79570125695318 144.47585614956915 127.8201157450676 122.27993187122047 178.94855528883636 209.01224812772125 160.00304300896823 110.91005749348551 252.71954155154526 103.71593447029591 131.6245226142928 312.34275424666703 121.16255730763078 200.52952477522194
leaf_count=97685 13981 2081 1945 1616 2382 2764 1801 1327 3783 1303 1732 4425 1484 2419
internal_value=0 -0.000425064 0.000227168 -0.00102083 -0.00262515 0.000817721 0.00190795 0 -0.000689993 0.00355893 -0.00100165 -8.72271e-05 0.00130862 0.00297603
internal_weight=0 3070.34 1409.89 429.049 306.769 980.837 583.641 270.913 397.195 312.728 1660.46 765.659 453.317 332.154
internal_count=140728 43043 19002 5943 4327 13059 7195 3128 5864 4067 24041 10060 5635 4151
is_linear=0
shrinkage=0.0101079


Tree=237
num_leaves=15
num_cat=0
split_feature=15 10 14 0 14 11 14 2 12 2 7 22 6 15
split_gain=8.31199 28.9216 15.6817 18.2302 16.2104 19.5576 14.7711 14.2616 12.7756 20.7419 11.6045 19.1439 12.2118 11.5173
threshold=3.6281778812408452 0.21422830969095233 -7.0959863662719718 0.53401675820350658 -18.044006347656246 0.12859646975994113 -10.600172996520994 0.50400614738464367 -0.080216635018587099 1.2864468693733218 1.0026390552520754 -0.75949019193649281 5.4991588592529306 6.7648022174835214
decision_type=2 2 2 2 2 2 2 2 2 2 2 2 2 2
left_child=1 7 3 -2 5 -5 -6 -1 -8 -10 11 -4 -13 -12
right_child=2 -3 10 4 6 -7 8 -9 9 -11 13 12 -14 -15
leaf_value=0.0051386867317837091 -0.0029966718669330113 -0.0018607617394879562 -0.001787380484459173 0.003457710990706216 -0.0015192479834408067 -0.00071888083594150816 0.0030407562589408123 0.0010071805182688813 0.00029150368305768922 -0.0025551203601285816 0.0031731889554370077 0.0012472867849419142 0.0048322846907176134 -8.0419300800089159e-05
leaf_weight=92.420745359733701 305.29339475277811 348.64592208713293 151.96210369281471 220.57332368940115 1233.6557687986642 200.28464697487652 118.15204420499504 1219.6292768158019 1167.4322474263608 323.61153685022146 106.52970640733838 597.64877795986831 129.17610173858702 4197.7896776106209
leaf_count=1437 5359 4885 2052 3603 18418 2662 1636 17731 16038 4728 1257 7257 1601 52134
internal_value=0 0.00065171 -0.00012671 -0.000644547 -0.000405667 0.00139817 -0.000689946 0.00135693 -2.49597e-05 -0.000309162 0.000222485 0.0012757 0.00198317 0
internal_weight=0 1660.7 8752.11 3569 3263.71 420.858 2842.85 1312.05 1609.2 1491.04 5183.11 878.787 726.825 4304.32
internal_count=140798 24053 116745 52444 47085 6265 40820 19168 22402 20766 64301 10910 8858 53391
is_linear=0
shrinkage=0.0101079


Tree=238
num_leaves=15
num_cat=0
split_feature=0 20 6 2 33 3 3 14 18 21 30 13 15 8
split_gain=8.11761 11.2039 18.4016 16.1783 18.9197 14.5761 13.1112 27.0902 14.7497 27.837 18.5029 17.0326 18.4975 15.3204
threshold=1.3539081811904909 -2.8426989316940303 -9.2290563583374006 1.144156873226166 0.99472221732139599 0.63436099886894237 0.41387453675270086 -13.543710708618162 57.500000000000007 5.5198538303375253 0.81174489855766307 0.061632659286260612 21.274614334106449 0.52756899595260631
decision_type=2 2 2 2 10 2 2 2 2 2 2 2 2 2
left_child=1 2 -1 5 -5 -4 -3 -8 9 10 -9 12 -10 -13
right_child=-2 6 3 4 -6 -7 7 8 11 -11 -12 13 -14 -15
leaf_value=-0.00094835371906641522 0.00065412257383949332 0.00029068541507770186 0.0013260870796471449 0.00042983542337737449 0.0051422459115055717 -0.0027264929276577259 -0.0032910547513029386 0 0.00017340215627924789 -0.0049671047874778025 -0.0028013986421174079 -0.003512414591748835 0.004369433290772975 0.0009630746395470984
leaf_weight=395.85811253171414 1763.1001035515219 2765.8769615627825 351.89561091922224 180.63096283562481 211.84730966389179 111.24427155964077 344.40405369736254 1076.8904115669429 2317.0396184502169 167.71471058391035 300.56030144263059 224.38226984627545 106.88954426907003 95.373216094449162
leaf_count=6020 23199 38012 4903 3836 1552 1569 5628 14082 29823 1993 4007 3004 1631 1291
internal_value=0 -9.59054e-05 0.000777962 0.00162489 0.00312423 0.000238226 -0.000249827 -0.000581166 -0.00034867 -0.00113783 -0.000617549 8.29669e-05 0.000388227 -0.00206248
internal_weight=0 8650.61 1251.48 855.618 392.478 463.14 7399.13 4633.25 4288.85 1545.17 1377.45 2743.68 2423.93 319.755
internal_count=140550 117351 17880 11860 5388 6472 99471 61459 55831 20082 18089 35749 31454 4295
is_linear=0
shrinkage=0.0101079


Tree=239
num_leaves=15
num_cat=0
split_feature=2 2 6 28 15 29 23 13 15 0 23 11 16 6
split_gain=9.94491 12.4856 9.28254 14.1929 11.7986 14.5651 12.7026 11.7422 13.1494 10.741 9.44009 9.71623 11.5943 23.6385
threshold=4.502530813217164 3.1698360443115239 -9.95013380050659 0.7298206388950349 3.3720135688781743 -0.60785761475563038 0.41783098876476293 0.025019419379532341 8.3798775672912615 1.0519313812255862 2.2479658126831059 0.1637147590517998 0.37931181490421301 -7.0324196815490714
decision_type=2 2 2 2 2 2 2 2 2 2 2 2 2 2
left_child=1 2 3 9 -4 -6 7 8 -7 -1 11 12 13 -8
right_child=-2 -3 4 -5 5 6 10 -9 -10 -11 -12 -13 -14 -15
leaf_value=-0.0046900023707654327 -0.0025921042031281224 0.0022848432244286883 0.0010576189561175245 0.0019599440899933794 0.0033454784942827855 -0.00052385092857720685 0.0026727213309544634 4.3327415641722402e-05 -0.0056345974379573057 -0.00083133461844850864 0.0018867214043905283 0.0017311342141581878 1.8375730569068985e-05 -0.0014650726991680739
leaf_weight=125.26798788830638 140.39290803484619 240.81689279153943 1069.3511901423335 85.744776481762528 117.76187728904188 124.98959589004517 145.72225310280919 158.27086104545742 115.76943816058338 254.3690311871469 246.00015207193792 276.00940695032477 6043.1637026872486 1255.5671240631491
leaf_count=2048 2205 3831 15377 1280 1426 1858 2219 1862 1487 3656 2893 3797 77629 18876
internal_value=0 4.59691e-05 -5.50893e-06 -0.00139129 5.8824e-05 -6.31464e-05 -0.000118972 -0.00186299 -0.00324203 -0.00227648 -2.48388e-05 -9.27912e-05 -0.000167553 -0.000993885
internal_weight=0 10258.8 10018 465.382 9552.61 8483.25 8365.49 399.03 240.759 379.637 7966.46 7720.46 7444.45 1401.29
internal_count=140444 138239 134408 6984 127424 112047 110621 5207 3345 5704 105414 102521 98724 21095
is_linear=0
shrinkage=0.0101079


Tree=240
num_leaves=15
num_cat=0
split_feature=9 14 2 2 27 13 28 30 33 18 2 13 17 13
split_gain=8.41011 12.6635 11.8571 13.3249 8.43908 14.719 12.3908 10.0467 21.8781 11.8371 9.58135 9.21445 8.55489 16.9657
threshold=0.080106310546398177 -18.044006347656246 0.509178787469864 0.39756119251251226 0.87137606739997875 0.05803941376507283 -0.69930991530418385 -0.56174489110708226 0.99393379688262951 49.500000000000007 0.53530079126358043 -0.058185430243611329 59.500000000000007 -0.012051283847540615
decision_type=2 2 2 2 2 2 2 2 10 2 2 2 2 2
left_child=1 -1 3 -3 6 7 11 -6 10 -10 -9 -2 -13 -14
right_child=4 2 -4 -5 5 -7 -8 8 9 -11 -12 12 13 -15
leaf_value=0.0026328689272089758 -0.0024271309826130708 -0.00027679585041427961 -1.1788069314817735e-05 0.0037093124824218379 -0.0010672021093050619 0.0030044930021152967 -0.00061460011917258562 0.0018488150440890861 0.00054285159283560917 0.004138272899588351 -0.0021688516958721219 2.1110126017036547e-05 0.0036051309725535371 7.9964153296342358e-05
leaf_weight=258.67298053763807 107.13357917405665 118.6303665433079 1943.7420801306143 189.98632582649589 442.71079062670469 207.30418323911726 4304.2730191741139 63.957052836194634 234.64755269140005 195.99179656803608 235.19392351061106 1464.6534317675978 229.23220567032695 400.85128530114889
leaf_count=4105 1530 1584 26283 2323 6073 2805 59710 1186 1786 1419 5001 18749 3092 4920
internal_value=0 0.000530331 0.000262869 0.00207932 -0.000139853 0.000566183 -0.000296292 8.41167e-05 0.000841274 0.00231517 -0.00115326 0.000307589 0.000475021 0.00145377
internal_weight=0 2511.03 2252.36 308.617 7885.95 1379.81 6506.14 1172.5 729.79 430.639 299.151 2201.87 2094.74 630.083
internal_count=140566 34295 30190 3907 106271 18270 88001 15465 9392 3205 6187 28291 26761 8012
is_linear=0
shrinkage=0.0101079


Tree=241
num_leaves=15
num_cat=0
split_feature=13 7 20 6 0 20 23 13 16 29 23 13 28 13
split_gain=8.73444 13.0424 10.5114 17.6077 10.7679 9.91328 9.3459 7.89438 8.17958 7.77515 18.5896 17.536 27.137 19.9776
threshold=-0.088710099458694444 -26.832728385925289 -9.7793936729431135 -9.6904835700988752 1.0852246880531313 -0.83568587899208058 0.39771479368209844 0.025019419379532341 0.49263639748096472 1.0000000180025095e-35 0.74771067500114452 -0.026610218919813629 0.6835516393184663 0.030174362473189834
decision_type=2 2 2 2 2 2 2 2 2 2 2 2 2 2
left_child=1 -1 -2 4 -4 -3 7 8 -5 10 11 -8 -13 -14
right_child=2 5 3 6 -6 -7 9 -9 -10 -11 -12 12 13 -15
leaf_value=-0.00099955007249772319 0.0024749081188933991 0.0051788251416955188 -0.003622683346221049 -0.00043356620452639265 -0.00028504954600153549 0.00029045728817763002 -0.00075027448627569386 4.5950106922254008e-05 -0.0047698941856153046 -0.00018718181217645553 -7.6670532000313007e-05 0.0033482334462091204 0.0020200575422870998 -0.0028238359573894965
leaf_weight=100.48577507585287 155.23227853700519 107.28693101368845 220.5286837015301 115.06608719285578 227.97900145314634 98.873503783717752 260.99069197662175 135.15019973181188 104.5847597066313 5482.1890577320009 2458.4959708880633 609.31472394429147 177.92937644384801 153.99792258068919
leaf_count=1227 2141 1233 3694 1848 3181 1445 3912 1576 1269 74624 31747 8268 2550 1893
internal_value=0 0.00164826 -6.21364e-05 -0.000107668 -0.00204809 0.00311788 -1.0205e-05 -0.00160554 -0.0027673 4.85654e-05 0.000412308 0.00143989 0.00209102 -0.000120961
internal_weight=0 306.646 10101.5 9946.23 448.508 206.16 9497.72 354.801 219.651 9142.92 3660.73 1202.23 941.242 331.927
internal_count=140608 3905 136703 134562 6875 2678 127687 4693 3117 122994 48370 16623 12711 4443
is_linear=0
shrinkage=0.0101079


Tree=242
num_leaves=15
num_cat=0
split_feature=13 30 13 0 28 28 10 3 0 11 10 3 12 11
split_gain=6.89021 14.9193 12.8864 16.551 12.9325 11.2688 12.2015 13.8564 19.5916 17.0136 11.2106 12.5572 29.435 20.4096
threshold=-0.088710099458694444 -0.56174489110708226 -0.058185430243611329 0.70173597335815441 -0.75894212722778309 -0.69930991530418385 0.041410610079765327 0.42823541164398199 1.1559099555015566 0.085799880325794234 0.080803345888853087 0.80839708447456371 -0.029741022735834118 0.04822890646755696
decision_type=2 2 2 2 2 2 2 2 2 2 2 2 2 2
left_child=1 -1 3 -2 -5 6 7 9 -9 -4 11 12 -7 -14
right_child=2 -3 5 4 -6 10 -8 8 -10 -11 -12 -13 13 -15
leaf_value=-0.0008211025207468033 -0.004145131575565203 0.0034129495855047204 0.0031216298648764256 -0.0035983191854781433 0.00062176406841910851 -0.0024270910794821944 0.0009728391457507527 -0.0040617600238921437 0.00040643502127873959 -0.0017384569710050871 -0.00054173369665805229 0.0017840332987777408 -0.00041696512391570798 0.0015241884691023779
leaf_weight=132.1808947045356 165.19328585918993 174.58253907039762 163.68646191060543 87.070340698584914 307.92364576645195 419.1957797082141 2116.4477492310107 193.46546651050448 168.23685951158404 111.55406151525676 3737.1865946128964 469.75567234121263 1151.6490702684969 1015.4010623628274
leaf_count=1585 2794 2326 2160 1410 4727 6036 26967 2331 2293 1560 50923 6963 15329 13160
internal_value=0 0.00148409 -3.45407e-05 -0.00151625 -0.00025848 4.93079e-05 0.000597116 -0.000585253 -0.00190839 0.00101493 -0.000167194 0.000277821 0 0.000476123
internal_weight=0 306.763 10106.8 560.187 394.994 9546.58 2753.39 636.943 361.702 275.241 6793.19 3056 2586.25 2167.05
internal_count=140564 3911 136653 8931 6137 127722 35311 8344 4624 3720 92411 41488 34525 28489
is_linear=0
shrinkage=0.0101079


Tree=243
num_leaves=15
num_cat=0
split_feature=11 11 0 3 3 13 28 3 29 3 30 28 27 13
split_gain=8.21818 9.42054 15.9492 13.3616 12.6888 12.0897 11.2277 13.8712 27.8496 23.1919 13.6968 18.728 17.1062 13.8638
threshold=0.0075941320974379787 0.04822890646755696 0.4492954313755036 0.51129209995269786 0.85419827699661266 0.015518832486122848 -0.24825246632099149 0.37269034981727606 1.0000000180025095e-35 0.32129520177841192 -0.56174489110708226 0.81279832124710094 -0.72982063889503468 0.0088809700682759302
decision_type=2 2 2 2 2 2 2 2 2 2 2 2 2 2
left_child=-1 2 -2 -3 6 -6 -4 8 -8 -10 12 -12 -9 -13
right_child=1 3 4 -5 5 -7 7 10 9 -11 11 13 -14 -15
leaf_value=0.0010493434746678639 -0.0040067155475880037 0.00063224645422189267 4.1320086366604079e-06 -0.00031374307643397878 0.00016779506770522512 0.0038072978495894811 0.0046592645899010262 0 -0.0044276523240953901 0.0018274270875726765 -0.0020558591495674927 -0.00049428202850566655 -0.004557308475969908 0.0038090051890686872
leaf_weight=716.2537729665637 120.5010877577588 3154.00588419009 1402.9180952627212 2881.7398904478177 507.82362899649888 115.30389151163399 107.10653964057565 101.58520810026675 117.74003739468753 100.06641360558569 522.03839567583054 179.38740627653897 285.58099424280226 109.78956023789942
leaf_count=9986 2080 41901 18271 38380 7420 1629 1589 1339 1731 1390 7426 2361 3972 1273
internal_value=0 -6.65793e-05 -0.00047291 0.000174061 -0.00033321 0.000943378 -0.000620607 -0.00121958 0.000530169 -0.00140967 -0.00172792 -0.000896513 -0.00331634 0.001059
internal_weight=0 9705.59 3669.84 6035.75 3549.34 623.128 2926.21 1523.29 324.913 217.806 1198.38 811.215 387.166 289.177
internal_count=140748 130762 50481 80281 48401 9049 39352 21081 4710 3121 16371 11060 5311 3634
is_linear=0
shrinkage=0.0101079


Tree=244
num_leaves=15
num_cat=0
split_feature=11 3 3 13 10 12 23 11 29 11 27 29 13 16
split_gain=6.59652 7.17412 15.5155 18.4027 16.3263 15.457 12.6654 12.3714 39.1196 13.0439 11.0874 13.9718 18.7987 30.6951
threshold=0.0062944341916590938 0.40213991701602941 0.29888714849948889 -0.071572512388229356 0.12869422137737277 0.029111448675394062 0.71918717026710521 0.097109187394380583 0.6078576147556306 0.055543720722198493 0.98279649019241344 0.6078576147556306 -0.012979254126548765 0.75039550662040722
decision_type=2 2 2 2 2 2 2 2 2 2 2 2 2 2
left_child=-1 2 5 -4 10 7 -7 8 -2 -10 11 -5 -13 -14
right_child=1 -3 3 4 -6 6 -8 -9 9 -11 -12 12 13 -15
leaf_value=0.0010223194238281976 0.0037524667240804153 -0.00023637725941516385 0.0046478052926713911 0.0024941950480061215 -0.001367025557374133 -0.005668870739696197 -0.00018636990179263685 -0.0010651189252472392 -0.0043808374328778606 0.00023289429753876515 -0.001703780003981979 0.0032742487135272794 -0.0044610766959362128 0.0017802883907125128
leaf_weight=600.91521493718028 268.87326290458441 7058.9473703922704 127.76286670193076 632.20243391115218 296.89292800799012 90.346952326595783 107.042326066643 497.32346559502184 102.87553018704057 108.03989889658988 101.124457154423 125.97765887156129 149.81061547063291 147.38141770660877
leaf_count=8386 4109 94128 1621 8352 3951 1302 1601 7476 1456 1567 1386 1672 1846 1775
internal_value=0 -6.21519e-05 0.000368912 0.00102887 0.0006604 -0.000486189 -0.00301092 2.09572e-06 0.00119076 -0.00190658 0.00122121 0.0015498 2.57114e-05 -0.00126597
internal_weight=0 9814.6 2755.65 1581.15 1453.39 1174.5 197.389 977.112 479.789 210.915 1156.5 1055.37 423.17 297.192
internal_count=140628 132242 38114 20603 18982 17511 2903 14608 7132 3023 15031 13645 5293 3621
is_linear=0
shrinkage=0.0101079


Tree=245
num_leaves=15
num_cat=0
split_feature=9 14 2 0 23 15 7 29 3 3 18 20 6 20
split_gain=8.62552 8.70618 16.1621 9.11251 7.84364 18.5516 12.6619 7.17093 7.14999 24.8119 20.8343 25.2588 10.0715 12.3389
threshold=0.062990844249725356 -17.620764732360836 1.3391885757446291 1.0390934348106386 0.43630988895893102 6.0616896152496347 6.0555410385131845 1.0000000180025095e-35 0.29300795495510107 0.33456848561763769 28.500000000000004 2.0382168292999272 4.0369267463684091 -2.5002189874649043
decision_type=2 2 2 2 2 2 2 2 2 2 2 2 2 2
left_child=1 7 -3 -4 5 -2 -7 -1 -6 10 -10 -12 13 -11
right_child=4 2 3 -5 8 6 -8 -9 9 12 11 -13 -14 -15
leaf_value=0 0.0019624273447463639 0.00092422982659234204 -0.002614288913011738 9.0941878402155791e-05 -0.00094003061330542924 -0.0047522029583742867 -0.00042791581761300682 0.0040151538069995744 -0.0005454739521389574 0.00029358841763888242 0.0057194390447771453 -8.4218950765940179e-05 0.00045452445714393359 -0.00078202716256906717
leaf_weight=90.043380269780755 102.56729383766651 1337.2545792711899 234.32493343390524 210.07016923651099 813.30602044053376 153.58579112123698 164.57639629859477 126.54157579131424 148.73848815821111 1686.7273485343903 211.06755282729864 96.916928520426154 2205.1705578193069 2853.230222273618
leaf_count=1355 1553 17697 3374 2731 12271 2172 1875 2098 1972 23377 2787 1361 28742 37629
internal_value=0 0.000616723 0.000352229 -0.00126596 -0.000119985 -0.00145572 -0.0027021 0.0025258 -4.35038e-05 5.30117e-05 0.00231664 0.00380695 -9.67097e-05 -0.000373677
internal_weight=0 1998.23 1781.65 444.395 8435.89 420.729 318.162 216.585 8015.16 7201.85 456.723 307.984 6745.13 4539.96
internal_count=140994 27255 23802 6105 113739 5600 4047 3453 108139 95868 6120 4148 89748 61006
is_linear=0
shrinkage=0.0101079


Tree=246
num_leaves=15
num_cat=0
split_feature=29 23 27 27 14 5 0 17 30 11 27 14 14 5
split_gain=7.73251 9.88786 22.3638 12.501 10.4103 13.7464 14.3374 11.7057 13.0307 14.1805 13.9924 22.0669 11.9116 13.0633
threshold=-0.60785761475563038 0.52564251422882091 -0.49049438536167139 0.81279832124710094 -9.2272624969482404 1.1907695531845095 1.1979603767395022 84.500000000000014 0.81174489855766307 0.04822890646755696 0.31107263267040258 -3.4447100162506099 -4.5936923027038565 -0.19158951193094251
decision_type=2 2 2 2 2 2 2 2 2 2 2 2 2 2
left_child=-1 2 -2 -4 5 -3 -7 8 -6 12 11 -11 13 -10
right_child=1 4 3 -5 7 6 -8 -9 9 10 -12 -13 -14 -15
leaf_value=0.0022180090729151795 -0.0053615393460514204 -3.515681522758953e-05 -0.0010334546147601554 0.0019141420262876699 -3.9529124821734112e-05 -0.0021986239677941064 0.0017456558734147605 0.0017552566787444822 -0.0013053265975115685 0.0038590046091532665 0.0043209900984863686 -0.0021282007624458324 -0.0029972957097849366 0.0029087715043797876
leaf_weight=149.44957928545773 101.03066348936409 2846.193774539046 726.16515323147178 170.11213925853372 4374.5058320779353 620.27728985715657 93.310479456558824 530.85380792990327 118.20402772165835 108.67649746872485 221.95921909809113 123.25120569951832 99.260956509038806 155.1467325091362
leaf_count=1854 1619 41181 10085 2633 55283 9463 1469 6760 1575 1411 2594 1533 1390 1920
internal_value=0 -4.10548e-05 -0.0009958 -0.000417762 5.77999e-05 -0.000365715 -0.00161369 0.000328017 0.000172209 0.00133156 0.00251854 0.000541791 -2.93533e-05 0.000956396
internal_weight=0 10288.9 997.308 896.277 9291.64 3559.78 713.588 5731.86 5201 826.499 453.887 231.928 372.612 273.351
internal_count=140770 138916 14337 12718 124579 52113 10932 72466 65706 10423 5538 2944 4885 3495
is_linear=0
shrinkage=0.0101079


Tree=247
num_leaves=15
num_cat=0
split_feature=14 16 3 3 21 6 12 5 12 27 13 33 13 28
split_gain=8.1811 14.4133 19.6489 15.3161 15.0661 17.8899 14.819 13.3362 16.2415 13.1145 12.3642 27.9634 17.5416 18.7824
threshold=-7.3539741039276114 0.15618191659450534 0.64729446172714245 0.86951214075088512 -1.5271980762481687 -8.8160762786865217 -0.07052979618310927 -4.4019591808319083 -0.046833213418722146 0.11969653144478799 -0.0029828654369339343 0.9590476155281068 0.015911458060145382 0.054511256515979774
decision_type=2 2 2 2 2 2 2 2 2 2 2 10 2 2
left_child=1 2 7 -3 5 -5 -7 9 -9 -1 11 -2 13 -12
right_child=10 3 -4 4 -6 6 -8 8 -10 -11 12 -13 -14 -15
leaf_value=0.0025261921187332893 -0.0006741124614296261 -0.00089591805214068749 -0.00082432431902325939 -0.00045823012874171006 -0.0017482077663982408 0.0067225533251329466 0.00081146195771491061 0.0046916438909489393 0.00082561964223174509 -0.0021299374328320763 0 0.0032526796844850239 0.00041141125597987313 -0.0025951031314319787
leaf_weight=92.474824383854866 311.6825907304883 3280.0511383255944 547.37209772132337 132.98990861233324 124.03548381105065 100.03024889156222 106.67319829389453 213.77952088229358 295.14141181576997 148.21695879474282 713.49309475161135 397.19802241027355 3486.3921751808375 456.93074238486588
leaf_count=1314 6705 48354 8046 1812 2058 1453 1528 3047 4441 2038 8627 2930 42448 5867
internal_value=0 -0.000323052 0.000576567 -0.000646048 0.00102131 0.00216536 0.0039985 0.00165099 0.00257333 -0.000155284 0.000242821 0.00148083 4.35699e-05 -0.00101332
internal_weight=0 5040.76 1296.98 3743.78 463.729 339.693 206.703 749.613 508.921 240.692 5365.7 708.881 4656.82 1170.42
internal_count=140668 74091 18886 55205 6851 4793 2981 10840 7488 3352 66577 9635 56942 14494
is_linear=0
shrinkage=0.0101079


Tree=248
num_leaves=15
num_cat=0
split_feature=14 15 2 7 15 11 0 16 29 33 33 23 0 10
split_gain=6.96812 14.9153 22.1232 13.2017 15.3853 18.9288 17.4371 29.7515 31.9287 26.0561 21.6194 21.1453 19.2795 14.946
threshold=-7.2228870391845694 9.1854314804077166 0.46209247410297399 1.3781586885452273 6.8341922760009775 0.043065408244729049 0.96686741709709179 0.83849343657493602 0.87837970256805431 0.94700106978416454 1.0000000180025095e-35 1.144500255584717 0.7731943428516389 0.14992184937000277
decision_type=2 2 2 2 2 2 2 2 2 10 10 2 2 2
left_child=1 2 -1 13 -5 -6 7 9 -9 -7 -8 -12 -11 -2
right_child=3 -3 -4 4 5 6 10 8 -10 12 11 -13 -14 -15
leaf_value=0.0031897283664240996 0.00072350154341740047 -0.0013299729049330252 -0.0001585818000782262 0.0037138050680812652 -0.0013732877691386626 3.4861934424322482e-05 0.0011458307395094825 0.00067450528872180639 -0.0038573367698506878 0.0057447829890228891 -0.0029989226158044268 0 0.00134941560075965 0.0043119002422966216
leaf_weight=205.01030909828842 866.42691506631672 1053.6582071129233 3847.900537529029 104.18025195039809 911.66832572966814 325.8852506801486 503.0044189915061 758.64000210165977 191.27086457982659 259.62881670892239 447.94254801422358 562.22929105907679 221.89483158290386 141.70556084066629
leaf_count=2987 10755 15989 55994 1262 11850 6343 10405 9772 2502 1915 3316 4118 1609 1745
internal_value=0 -0.000262921 6.49095e-06 0.000259989 4.93197e-06 -8.43894e-05 0.000264905 0.000956019 -0.00021919 0.00237744 -0.000511858 -0.00137948 0.00385477 0.00129638
internal_weight=0 5106.57 4052.91 5294.48 4286.34 4182.16 3270.5 1757.32 949.911 807.409 1513.18 1010.17 481.524 1008.13
internal_count=140562 74970 58981 65592 53092 51830 39980 22141 12274 9867 17839 7434 3524 12500
is_linear=0
shrinkage=0.0101079


Tree=249
num_leaves=15
num_cat=0
split_feature=0 11 11 18 0 28 18 30 11 7 11 28 22 27
split_gain=7.12297 14.451 23.805 17.7847 14.2828 12.4223 8.31839 21.5484 11.8997 10.9655 9.85005 8.78011 8.73406 14.0867
threshold=0.54454252123832714 0.043065408244729049 0.07381369918584825 73.500000000000014 0.440487951040268 0.99702683091163646 91.500000000000014 1.0000000180025095e-35 0.025052048265933994 7.4529473781585702 0.0062944341916590938 0.66746801137924205 -0.0081030256114900095 0.20576497167348864
decision_type=2 2 2 2 2 2 2 2 2 2 2 2 2 2
left_child=1 -1 3 -3 -4 6 10 8 -8 -10 -2 -11 13 -9
right_child=5 2 4 -5 -6 -7 7 12 9 11 -12 -13 -14 -15
leaf_value=-0.0024974208439337586 0.0012842508117456046 -0.00031338197550066522 0.0014137737703688339 0.0052210543366653962 -0.0030332538370365777 0.0031711005583688156 0.0022926379285624072 0.00033151248642330518 -0.0027706035735037505 0.00084984159362103367 -0.00019326471617881315 -0.0023923694785098299 0.00031873512129852282 0.0049382084540632839
leaf_weight=338.96147702168673 478.66748042218387 85.889019810594618 90.509846072643995 119.23175400216132 215.25605326984078 122.12537062726915 137.16214563325047 130.30442303791642 204.20129293575883 330.2525103893131 7639.8418849501759 106.46360818110406 186.53197045065463 206.35123709216714
leaf_count=5565 6608 1356 1395 1780 3216 1523 1926 1730 2722 3939 102629 1342 2352 2503
internal_value=0 -0.000897817 0.000106519 0.00278519 -0.00158529 6.31517e-05 1.60272e-05 0.000767478 -0.000254875 -0.000883076 -0.000100042 0 0.00234601 0.00331967
internal_weight=0 849.848 510.887 205.121 305.766 9541.9 9419.78 1301.27 778.08 640.917 8118.51 436.716 523.188 336.656
internal_count=140586 13312 7747 3136 4611 127274 125751 16514 9929 8003 109237 5281 6585 4233
is_linear=0
shrinkage=0.0101079


Tree=250
num_leaves=15
num_cat=0
split_feature=13 8 13 0 28 3 28 10 29 0 3 15 21 2
split_gain=7.28009 12.4349 10.2677 16.3951 12.7417 9.03802 8.00258 15.4643 13.387 17.9171 17.0629 15.5181 28.996 23.2146
threshold=-0.088710099458694444 -0.49942533671855921 -0.058185430243611329 0.70173597335815441 -0.75894212722778309 0.34325549006462103 -0.71473535895347584 0.042113082483410842 1.0000000180025095e-35 0.96342864632606517 0.53277602791786205 14.227209091186525 3.2896161079406743 1.6736508607864382
decision_type=2 2 2 2 2 2 2 2 2 2 2 2 2 2
left_child=1 -1 3 5 -5 -2 7 -4 9 11 -11 12 13 -8
right_child=2 -3 6 4 -6 -7 8 -9 -10 10 -12 -13 -14 -15
leaf_value=-0.0010311113265359195 -0.0010255610561514051 0.0029948674562746054 -0.00082514591500615711 -0.0034729315015206578 0.00076042314402673561 -0.0064805295300634953 0.0014668657747477281 0.00094592865603141047 -0.00051102818393751795 -0.0028669141288996036 7.811382071878917e-05 0.0024044998873904025 -0.0039438314481127215 -0.00323127518080204
leaf_weight=101.17299803905189 88.492919389158487 202.40581466816366 638.57224650867283 85.644161950796843 306.62768013589084 76.755376815795898 943.3709044996649 2037.9817889649421 4113.9915286377072 257.16596853546798 732.93240278027952 561.00178366154432 132.9243910163641 109.54583842121065
leaf_count=1247 1457 2605 8352 1404 4719 1351 13153 26036 57168 3133 9161 7451 1825 1452
internal_value=0 0.00153062 -3.84342e-05 -0.00136411 -0.000111212 -0.00396782 3.5923e-05 0.000507153 -0.000142634 0.000396237 -0.00066231 0.00101957 0.000319261 0.000920146
internal_weight=0 303.579 10085 557.52 392.272 165.248 9527.49 2676.55 6850.93 2736.94 990.098 1746.84 1185.84 1052.92
internal_count=140514 3852 136662 8931 6123 2808 127731 34388 93343 36175 12294 23881 16430 14605
is_linear=0
shrinkage=0.0101079


Tree=251
num_leaves=15
num_cat=0
split_feature=2 2 3 5 27 3 0 20 3 7 23 13 3 13
split_gain=8.42201 12.6069 8.01477 15.7447 15.4247 17.4627 13.8149 15.4948 12.5768 20.2192 25.0543 20.2102 14.8545 25.618
threshold=4.502530813217164 2.9701772928237919 0.47083523869514471 2.0329561233520512 0.50938662886619579 0.45586787164211279 1.0519313812255862 3.3365350961685185 0.21127110719680789 9.8119506835937518 0.84626123309135448 0.02390115708112717 0.26165521144866949 -0.069933976978063569
decision_type=2 2 2 2 2 2 2 2 2 2 2 2 2 2
left_child=1 2 3 4 5 -1 7 -5 11 12 -11 -6 -10 -14
right_child=-2 -3 -4 6 8 -7 -8 -9 9 10 -12 -13 13 -15
leaf_value=-0.0003837873952714793 -0.0023372165101739517 0.0020163027964536619 -0.00022889416043300948 -0.0020866826291659748 0.0017420862766615878 0.0036315071215799626 0.0016894854840538813 0.00094909711985053107 -0.0017786054398913997 0.0059461549027888692 0.00027663896159861617 -0.004711791884863298 0.0061823044460395981 0.00078758596030307452
leaf_weight=1289.0171885658056 142.33777781575918 322.10361656360328 5927.0090432055295 629.34616551361978 100.28282766602933 113.19009329751134 180.49417075328529 209.19916307367384 152.45676145143807 217.18805018439889 148.82286051847041 78.064604237675667 99.607482438907027 790.61178498715162
leaf_count=17494 2227 5009 79373 8575 1511 1318 2324 2802 2134 2650 1777 1430 1180 10740
internal_value=0 7.15808e-05 2.96014e-06 0.000355669 0.000731889 -1.30307e-05 -0.000705721 -0.00127973 0.00141236 0.00174257 0.00380202 -0.000942524 0.000958709 0.00148374
internal_weight=0 10257.4 9935.29 4008.28 2989.24 1402.21 1019.04 838.545 1587.03 1408.69 366.011 178.347 1042.68 890.219
internal_count=140544 138317 133308 53935 40234 18812 13701 11377 21422 18481 4427 2941 14054 11920
is_linear=0
shrinkage=0.0101079


Tree=252
num_leaves=15
num_cat=0
split_feature=13 13 22 17 28 8 2 2 28 14 13 2 20 27
split_gain=8.13153 10.7168 14.805 12.1539 9.83746 11.852 19.3681 20.6378 19.1968 16.8388 13.0767 11.2734 27.9453 18.6091
threshold=-0.088710099458694444 -0.058185430243611329 -0.3300317376852035 81.500000000000014 -0.71473535895347584 1.8984965085983279 0.62641620635986339 0.46209247410297399 -0.92794367671012867 -1.9484247565269468 0.04412489943206311 0.77003073692321788 1.3167127966880801 0.63435554504394542
decision_type=2 2 2 2 2 2 2 2 2 2 2 2 2 2
left_child=-1 2 3 -2 5 6 7 -3 -9 10 -8 12 -6 -14
right_child=1 4 -4 -5 11 -7 9 8 -10 -11 -12 -13 13 -15
leaf_value=0.0016142098239175339 -0.00082828556706098086 0.0023408951894531463 0.00012955961511750864 -0.0054509938571125688 0.0010627937953351385 -0.00081225315526304957 0.002060543822471019 -0.0050896337992461065 5.9336473570206252e-06 -0.001166869650444415 -0.00040139197398210701 -0.00045568588298756745 0.0004568621163996197 -0.0029848771388727431
leaf_weight=307.34345242939889 162.16692246124148 104.2874301020056 280.01503642182797 117.64808889385313 1744.7113026259467 487.29659230262041 1388.0159677825868 145.12312863022089 118.83525895886123 219.78725454770029 227.69976266287267 4515.8153987694532 261.87400001939386 340.45578564703465
leaf_count=3866 2583 1274 4461 1880 23384 6363 17983 1838 1519 2577 2913 62348 3380 4436
internal_value=0 -3.38206e-05 -0.0013856 -0.00300592 4.21971e-05 0.000562584 0.000886658 -0.00115391 -0.00271077 0.0013211 0.00168838 -0.000156359 0.000401969 -0.00143513
internal_weight=0 10113.7 559.83 279.815 9553.9 2691.05 2203.75 368.246 263.958 1835.5 1615.72 6862.86 2347.04 602.33
internal_count=140805 136939 8924 4463 128015 34467 28104 4631 3357 23473 20896 93548 31200 7816
is_linear=0
shrinkage=0.0101079


end of trees

feature_importances:
Column_13=283
Column_2=280
Column_3=264
Column_14=224
Column_15=222
Column_30=202
Column_29=194
Column_27=192
Column_28=180
Column_23=171
Column_16=152
Column_33=142
Column_0=137
Column_20=107
Column_11=103
Column_7=101
Column_21=97
Column_12=79
Column_10=68
Column_22=58
Column_5=54
Column_18=50
Column_17=49
Column_6=36
Column_4=30
Column_9=26
Column_1=16
Column_8=16
Column_32=5
Column_31=3
Column_19=1

parameters:
[boosting: gbdt]
[objective: binary]
[metric: auc]
[tree_learner: serial]
[device_type: cpu]
[data_sample_strategy: bagging]
[data: ]
[valid: ]
[num_iterations: 600]
[learning_rate: 0.0101079]
[num_leaves: 15]
[num_threads: 2]
[seed: 42]
[deterministic: 0]
[force_col_wise: 0]
[force_row_wise: 0]
[histogram_pool_size: -1]
[max_depth: -1]
[min_data_in_leaf: 1280]
[min_sum_hessian_in_leaf: 0.001]
[bagging_fraction: 0.829452]
[pos_bagging_fraction: 1]
[neg_bagging_fraction: 1]
[bagging_freq: 1]
[bagging_seed: 42]
[feature_fraction: 0.727545]
[feature_fraction_bynode: 1]
[feature_fraction_seed: 42]
[extra_trees: 0]
[extra_seed: 12879]
[early_stopping_round: 0]
[early_stopping_min_delta: 0]
[first_metric_only: 0]
[max_delta_step: 0]
[lambda_l1: 4.00664]
[lambda_l2: 7.63247]
[linear_lambda: 0]
[min_gain_to_split: 0]
[drop_rate: 0.1]
[max_drop: 50]
[skip_drop: 0.5]
[xgboost_dart_mode: 0]
[uniform_drop: 0]
[drop_seed: 17869]
[top_rate: 0.2]
[other_rate: 0.1]
[min_data_per_group: 100]
[max_cat_threshold: 32]
[cat_l2: 10]
[cat_smooth: 10]
[max_cat_to_onehot: 4]
[top_k: 20]
[monotone_constraints: ]
[monotone_constraints_method: basic]
[monotone_penalty: 0]
[feature_contri: ]
[forcedsplits_filename: ]
[refit_decay_rate: 0.9]
[cegb_tradeoff: 1]
[cegb_penalty_split: 0]
[cegb_penalty_feature_lazy: ]
[cegb_penalty_feature_coupled: ]
[path_smooth: 0]
[interaction_constraints: ]
[verbosity: -1]
[saved_feature_importance_type: 0]
[use_quantized_grad: 0]
[num_grad_quant_bins: 4]
[quant_train_renew_leaf: 0]
[stochastic_rounding: 1]
[linear_tree: 0]
[max_bin: 255]
[max_bin_by_feature: ]
[min_data_in_bin: 3]
[bin_construct_sample_cnt: 200000]
[data_random_seed: 175]
[is_enable_sparse: 1]
[enable_bundle: 1]
[use_missing: 1]
[zero_as_missing: 0]
[feature_pre_filter: 1]
[pre_partition: 0]
[two_round: 0]
[header: 0]
[label_column: ]
[weight_column: ]
[group_column: ]
[ignore_column: ]
[categorical_feature: ]
[forcedbins_filename: ]
[precise_float_parser: 0]
[parser_config_file: ]
[objective_seed: 16083]
[num_class: 1]
[is_unbalance: 0]
[scale_pos_weight: 1]
[sigmoid: 1]
[boost_from_average: 1]
[reg_sqrt: 0]
[alpha: 0.9]
[fair_c: 1]
[poisson_max_delta_step: 0.7]
[tweedie_variance_power: 1.5]
[lambdarank_truncation_level: 30]
[lambdarank_norm: 1]
[label_gain: ]
[lambdarank_position_bias_regularization: 0]
[eval_at: ]
[multi_error_top_k: 1]
[auc_mu_weights: ]
[num_machines: 1]
[local_listen_port: 12400]
[time_out: 120]
[machine_list_filename: ]
[machines: ]
[gpu_platform_id: -1]
[gpu_device_id: -1]
[gpu_use_dp: 0]
[num_gpu: 1]

end of parameters

pandas_categorical:null
