tree
version=v4
num_class=1
num_tree_per_iteration=1
label_index=0
max_feature_idx=33
objective=binary sigmoid:1
feature_names=Column_0 Column_1 Column_2 Column_3 Column_4 Column_5 Column_6 Column_7 Column_8 Column_9 Column_10 Column_11 Column_12 Column_13 Column_14 Column_15 Column_16 Column_17 Column_18 Column_19 Column_20 Column_21 Column_22 Column_23 Column_24 Column_25 Column_26 Column_27 Column_28 Column_29 Column_30 Column_31 Column_32 Column_33
feature_infos=[0.22403052449226379:4.806818962097168] [0.027025075629353523:26.170040130615234] [0.17134076356887817:8.6935958862304688] [0.087584272027015686:1] [-28.67047119140625:41.262332916259766] [-36.190670013427734:42.326030731201172] [-36.841156005859375:62.500308990478516] [-45.158794403076172:63.120437622070312] [-22.455821990966797:30.680826187133789] [0:0.95389312505722046] [0:0.64536702632904053] [0:0.40022626519203186] [-0.51016271114349365:0.5480339527130127] [-0.15783818066120148:0.22172828018665314] [-46.22015380859375:17.161741256713867] [-8.3726015090942383:64.2962646484375] [0:1] [0:95] [0:95] [-1:1] [-29.775985717773438:44.984848022460938] [-30.712318420410156:55.0223388671875] [-2.5033562183380127:15.253066062927246] [0.049656935036182404:4.2456021308898926] [-1:1] [0:1] [0:1] [-1:1] [-1:1] [-0.78183150291442871:0.97492790222167969] [-0.90096884965896606:1] [0:1] [0:1] [0.99500000476837158:4.5999999046325684]
tree_sizes=8575 8734 8675 8702 8714 8718 8713 8698 8747 8620 8698 8659 8723 8735 8681 8637 8722 8751 8691 8635 8731 8704 8752 8713 8735

Tree=0
num_leaves=79
num_cat=0
split_feature=29 29 13 15 18 7 13 5 22 18 13 29 15 7 29 6 16 33 6 29 6 7 18 29 17 13 13 18 20 20 16 11 6 13 17 15 17 13 29 7 13 22 13 22 29 29 18 5 6 15 15 7 5 22 16 6 7 20 18 6 11 11 17 18 7 15 16 22 15 22 22 13 13 11 5 9 13 15
split_gain=37.7801 27.7654 32.5089 40.7984 31.3096 32.0505 34.3359 34.1737 30.901 30.8055 24.2473 22.0976 21.7611 33.684 21.5147 32.4834 24.1305 20.5788 25.4757 25.0999 22.4203 34.7737 17.1947 16.3757 25.1937 15.7296 20.5392 20.3923 16.7725 20.5377 20.427 15.8278 15.7271 15.6011 15.1783 14.7717 16.9549 16.8821 21.2476 14.5888 17.8102 14.5111 14.1405 13.4651 13.3634 19.8915 35.0507 16.4147 16.0491 13.26 34.0241 13.2294 12.8437 12.5725 20.3078 24.4779 23.2233 17.557 12.4587 11.6378 11.4003 12.0047 11.3543 16.692 15.7051 12.7205 11.3398 11.6869 11.1428 10.9682 10.8266 10.8213 14.7201 11.2743 10.78 10.7663 14.5409 10.7599
threshold=-0.60785761475563038 -1.0000000180025095e-35 -0.023472253233194348 23.995220184326175 90.500000000000014 -15.288830280303953 -0.0052421828731894484 1.7803388237953188 -0.37931813299655909 79.500000000000014 0.11404655501246454 1.0000000180025095e-35 20.709156036376957 0.7240390181541444 0.6078576147556306 13.057206153869631 0.70993050932884227 0.9962500035762788 8.4487290382385272 1.0000000180025095e-35 -3.6482307910919185 5.91268014907837 27.500000000000004 0.87837970256805431 11.500000000000002 0.050706127658486373 0.01313857175409794 41.500000000000007 -2.1523355245590206 0.37636691331863409 0.79436635971069347 0.068919312208890929 3.101938128471375 -0.034801956266164773 23.500000000000004 7.9843263626098642 59.500000000000007 -0.01670668181031942 0.87837970256805431 -5.6227140426635733 0.016729535534977916 -0.54102540016174305 0.001743436558172107 -0.95047307014465321 0.6078576147556306 0.87837970256805431 56.500000000000007 3.7609170675277714 -10.023663997650145 11.97301769256592 8.187347888946535 7.9371714591979989 3.1347079277038579 -0.24601664394140241 0.33704471588134771 -0.59990972280502308 -3.2585871219635005 0.2789576798677445 27.500000000000004 -11.171135902404783 0.17998696118593219 0.084988396614789977 69.500000000000014 47.500000000000007 -6.8362898826599112 5.0107576847076425 0.63227301836013805 0.089976593852043166 12.374284744262697 -0.11821671575307845 -0.16003254055976865 0.023819311521947387 -0.0044010148849338284 0.11114284768700601 -4.3648808002471915 0.20584485679864886 -0.06399258971214293 7.6701040267944345
decision_type=2 2 2 2 2 2 2 2 2 2 2 2 2 2 2 2 2 10 2 2 2 2 2 2 2 2 2 2 2 2 2 2 2 2 2 2 2 2 2 2 2 2 2 2 2 2 2 2 2 2 2 2 2 2 2 2 2 2 2 2 2 2 2 2 2 2 2 2 2 2 2 2 2 2 2 2 2 2
left_child=-1 2 8 12 5 43 35 10 32 -5 17 -6 13 -4 15 71 39 18 19 20 21 -8 70 24 -18 26 49 -27 -28 -30 -31 -32 33 -2 60 44 37 66 52 -16 42 -24 -41 -3 47 46 48 53 -46 50 -15 -25 -39 54 55 56 -7 -56 -47 75 61 -9 63 -60 -65 -64 -37 -68 -22 -14 -19 72 -13 -73 -55 -45 -77 -36
right_child=1 4 3 9 11 6 7 34 -10 -11 -12 14 69 25 16 -17 23 22 -20 -21 68 -23 41 51 -26 27 28 -29 29 30 31 -33 -34 -35 77 36 -38 38 -40 40 -42 -43 -44 59 45 58 -48 -49 -50 -51 -52 -53 -54 74 57 -57 -58 -59 62 -61 -62 -63 65 64 -66 -67 67 -69 -70 -71 -72 73 -74 -75 -76 76 -78 -79
leaf_value=-0.94362793628884156 -0.89738809557806354 -0.90674297597605535 -0.93001245124962517 -0.92355555861625216 -0.93894672671116841 -0.90030426911494676 -0.93615704025286106 -0.92307019576650484 -0.91601422885255357 -0.88455965032435779 -0.89532005434647854 -0.92553819341490362 -0.95244668538101318 -0.89454973812913097 -0.93507477354193425 -0.88138171597425174 -0.92124138619209406 -0.95210161488407719 -0.95173602503799604 -0.92014743914299013 -0.93021455406897058 -0.89546286374706874 -0.93951947171718297 -0.94481323389271932 -0.95505482273991549 -0.87890756826640271 -0.90194437818275597 -0.91591204581516261 -0.94155427960646421 -0.90055541248798687 -0.91253180313805948 -0.9427167144187254 -0.91899798464554672 -0.86398522012956758 -0.9293361644547371 -0.91882479309408205 -0.93563164717689573 -0.88028323625304139 -0.93168353521611125 -0.91538587489063283 -0.9308026380836314 -0.91836733907272161 -0.88292452512134334 -0.93393888385560542 -0.90950979351898065 -0.90301802656441954 -0.90426065288801605 -0.88546482585506014 -0.93661402078980982 -0.88804186945862329 -0.93750567338513524 -0.91707527330412719 -0.91066367877951493 -0.90544446545296775 -0.91141663236768578 -0.93358999336320914 -0.93185657397115762 -0.87249504399929079 -0.94894900560975914 -0.93397676270118224 -0.93831796414774316 -0.9123287259975581 -0.92051522200898628 -0.89830428261571249 -0.93147646251989624 -0.88953864367657975 -0.95283646461163729 -0.92040785262182279 -0.94886150665207247 -0.92395462988447163 -0.93090902952794419 -0.94321998435351972 -0.89799661814968412 -0.9176822729186318 -0.92167564432094617 -0.89349738872137596 -0.92528065083939059 -0.90743714373608475
leaf_weight=148.09983529336751 117.40017604082823 46.240819647908211 443.45142368599772 62.184968896210194 311.97533603012562 260.33556367270648 99.124703880399466 503.16379755921662 277.16401835344732 108.92238687537611 49.536688519641757 84.19106200709939 64.632963525131345 79.83545402996242 80.881886549293995 44.783123472705483 68.27041632309556 130.41360826790333 62.352273279801011 1478.3024359829724 150.33656173571944 70.524839591234922 101.95215767621994 46.439737729728222 153.34999415278435 51.804008221253753 58.652175139635801 79.455911133438349 127.78961399197578 76.555582780390978 59.30771186389029 75.723836312070489 41.809836823493242 47.394259557127953 46.626463213935494 222.29933710023761 135.14030285179615 52.201523939147592 46.483045261353254 78.894065959379077 65.596704807132483 171.78112265467644 44.625216625630856 74.206597926095128 48.666747504845262 213.44454087875783 123.44351926632226 51.967586455866694 275.06420784816146 58.389210104942322 64.868846287950873 110.73891665972769 79.181453684344888 109.73425777815282 49.440984457731247 78.400136800482869 54.075136475265026 57.277996849268675 42.261582165956497 573.77614804171026 60.765529586002231 363.69738034717739 70.179119141772389 49.135315584018826 60.525680908933282 44.8512281794101 44.606625547632575 37.792392443865538 143.43101218156517 55.531353108584881 101.14374932646751 68.549681263044477 67.205797055736184 62.971906365826726 308.43799960054457 46.041244367137551 65.936393316835165 409.13254201039672
leaf_count=1815 1657 673 5386 811 3633 3426 1525 6211 3857 1083 541 1021 751 1007 1056 567 790 705 775 20461 2170 853 551 606 1728 649 774 909 1565 894 777 926 519 615 594 2751 1671 594 621 1022 831 929 444 976 638 2991 1741 614 3741 628 758 1235 1060 1425 575 941 581 704 579 7023 624 4505 834 622 762 572 591 573 1985 618 541 909 784 739 3943 578 850 4728
internal_value=-0.921044 -0.920813 -0.915921 -0.919344 -0.921925 -0.920771 -0.919696 -0.922334 -0.90574 -0.898738 -0.925454 -0.928446 -0.922089 -0.920219 -0.924981 -0.915621 -0.929788 -0.926109 -0.923997 -0.923018 -0.932209 -0.919317 -0.9343 -0.93714 -0.945047 -0.914206 -0.917484 -0.900116 -0.923399 -0.927431 -0.918901 -0.929248 -0.892553 -0.886345 -0.916603 -0.915546 -0.921578 -0.917653 -0.906641 -0.919565 -0.912523 -0.926226 -0.902431 -0.929287 -0.91356 -0.917561 -0.924368 -0.909813 -0.932298 -0.905839 -0.914057 -0.925363 -0.897368 -0.911397 -0.90652 -0.911664 -0.905953 -0.889067 -0.911149 -0.930791 -0.920014 -0.9186 -0.918004 -0.925897 -0.916759 -0.907361 -0.924028 -0.938072 -0.939739 -0.940201 -0.943383 -0.921358 -0.913342 -0.9309 -0.917422 -0.921044 -0.912123 -0.909837
internal_weight=0 10502.8 1950.87 1467.11 8551.91 7263.43 6457.23 3942.28 483.768 171.107 2558.9 1288.47 1296 1175.83 976.499 327.702 648.797 2509.36 2004.07 1941.72 463.417 169.65 505.291 378.799 221.62 732.382 601.122 131.26 398.029 339.377 211.587 135.032 206.604 164.794 1383.39 2514.95 617.705 482.564 177.866 269.998 189.116 273.733 123.519 806.201 1897.24 927.572 447.174 969.67 323.731 203.094 144.704 157.179 131.383 917.702 499.53 392.811 314.411 106.719 480.397 759.96 927.627 866.861 266.953 151.923 109.661 115.03 304.698 82.399 293.768 120.164 231.557 282.918 151.397 131.522 418.172 186.184 111.978 455.759
internal_count=131712 129897 24184 17536 105713 90348 80248 47698 6648 1894 31036 15365 15642 14273 11732 4020 7712 30495 27769 26994 6533 2378 2726 4359 2518 8887 7329 1558 4936 4162 2597 1703 2791 2272 16662 32550 7861 6190 2275 3353 2297 1480 1466 10100 24689 12480 6120 12209 4379 2393 1765 1841 1654 11595 6227 4948 4007 1279 6360 9427 11340 10716 3369 1963 1384 1406 3915 1164 4155 1369 1246 3453 1805 1648 5368 2404 1428 5322
is_linear=0
shrinkage=1


Tree=1
num_leaves=79
num_cat=0
split_feature=21 7 21 6 22 20 21 28 7 7 28 2 33 22 28 6 20 2 28 2 2 16 2 2 2 2 12 7 16 28 21 18 7 10 20 18 12 20 10 4 12 17 22 17 7 2 12 17 2 2 18 21 8 8 2 18 2 10 10 28 6 4 6 18 28 28 2 28 21 20 1 6 21 20 2 17 28 6
split_gain=19.6909 31.5041 24.1132 67.8498 31.599 23.8607 21.4967 20.2827 19.3883 25.8275 17.4352 17.2212 20.5396 32.7188 18.7762 17.9315 16.8183 16.5125 16.3701 28.5263 21.9123 16.4677 25.0659 18.5663 16.2215 16.1769 19.2528 18.4174 19.0544 18.7807 15.1564 19.3502 15.1189 15.9581 15.6656 16.8244 24.3943 14.962 14.9575 14.4916 14.2204 14.1979 13.9124 12.9212 13.648 14.4876 12.8673 26.3912 19.4922 12.8025 18.7325 12.5587 12.3962 12.0088 11.8033 11.4934 12.2863 11.3444 13.3334 17.2931 12.1146 11.255 10.8548 10.7264 19.3609 13.9633 18.2501 12.8165 11.6449 11.8074 12.8291 10.7032 10.221 14.9472 11.1372 10.3602 11.9868 9.8766
threshold=1.0000000180025095e-35 -14.966615200042723 10.236140727996828 1.1841375827789309 -0.66407874226570118 -1.3739416599273679 -5.0105507373809806 0.29026740789413458 16.530920982360843 25.936981201171879 0.83743050694465648 0.49965550005435949 0.9962500035762788 -0.61201989650726307 -0.09801131114363669 -10.023663997650145 0.56792825460433971 0.54278966784477245 0.96863394975662243 0.59564492106437694 0.60414072871208202 0.23846177756786349 0.38476364314556127 0.54278966784477245 1.6535314917564394 0.9477963149547578 -0.04435491003096103 4.8812737464904794 0.079444527626037612 -0.010907442308962435 -4.0787024497985831 49.500000000000007 13.184940814971926 0.16345624625682834 0.34287434816360479 88.500000000000014 0.091441873461008086 4.2710964679718026 0.049838412553071983 1.5610865950584414 0.00064401765121147047 62.500000000000007 -0.7356419265270232 12.500000000000002 -2.1775496006011958 0.75760945677757274 0.026216767728328708 43.500000000000007 0.76643851399421703 1.5654320120811465 75.500000000000014 2.9101945161819462 0.68166944384574901 -0.016588904894888398 1.1470969319343569 89.500000000000014 1.3336364626884463 0.21787025034427646 0.095427330583333983 0.4904943853616715 -7.0706188678741446 -0.016917840577661988 -2.0493172407150264 52.500000000000007 -0.93585023283958424 -0.47136868536472315 0.80709773302078258 -0.39271505177021021 1.9521743059158327 3.294620275497437 0.64537662267684948 -8.5352106094360334 5.2937066555023202 2.2247506380081181 0.44879049062728887 64.500000000000014 0.4904943853616715 0.5328948199748994
decision_type=2 2 2 2 2 2 2 2 2 2 2 2 10 2 2 2 2 2 2 2 2 2 2 2 2 2 2 2 2 2 2 2 2 2 2 2 2 2 2 2 2 2 2 2 2 2 2 2 2 2 2 2 2 2 2 2 2 2 2 2 2 2 2 2 2 2 2 2 2 2 2 2 2 2 2 2 2 2
left_child=1 11 4 -4 10 25 17 37 -9 42 49 -1 13 71 -14 -15 -12 -7 19 21 -20 40 -23 38 30 26 -3 28 29 -27 -21 -32 34 39 51 43 -37 -5 -24 -34 -8 -18 -10 44 45 -36 47 -33 -48 72 -51 55 -29 -53 -50 56 -6 58 -30 60 -60 -19 -49 65 -65 66 -45 -66 -69 70 -70 -13 74 -74 -2 -76 -77 -55
right_child=2 5 3 7 32 6 18 8 9 -11 16 12 14 15 -16 -17 41 61 20 24 -22 22 23 -25 -26 27 -28 52 57 -31 31 46 33 -35 35 36 -38 -39 -40 -41 -42 -43 -44 63 -46 -47 48 62 54 50 -52 53 -54 77 -56 -57 -58 -59 59 -61 -62 -63 -64 64 67 -67 -68 68 69 -71 -72 -73 73 -75 75 76 -78 -79
leaf_value=0.018161411682564327 -0.019388226178453795 -0.015864373354399355 0.05395249421159512 -0.019602714818862246 -0.013678464746150537 -0.029682114829933253 0.019286752444569798 -0.012438931452120145 0.044348863731015917 -0.005391859358067976 -0.029810613448422698 0.033203765942816862 -0.0029885221690949997 0.0031461617898807942 -0.029875071235489423 -0.012925870619493242 -0.01857101756103946 0.014424333969438541 0.0016956783340490234 0.020630122587893037 0.035841463157742545 0.049672925273327458 -0.0051060345098996466 0.034461068774044604 0.023412847078305016 0.0012384188334584557 -1.0828203342813938e-05 0.030492529216225681 -0.0058731313937317115 0.028236696312132985 -0.0077149946669514326 0.036638143384380824 -0.0083433020201993287 -0.023810858571259544 0.007722769945411702 0.0009642850943021987 -0.020547477919262966 -0.0001763717288673393 0.022368617360985554 0.0082742042170571486 -0.016432128165336707 0.0079085572462575127 0.015623538427191375 0.028790384379408444 0.0036352661944770398 -0.020073295428732551 0.019834073718855025 0.016424812804413862 -0.018203103155937608 0.030438997847772896 -0.0074057176304088111 -0.0042910175577615603 0.00010574722154347909 0.027362674590939284 0.0064414193859120882 0.0060758990817583866 0.0048773053961464856 -0.013543881760482305 -0.0043822390946381884 0.020823681043023921 0.011188623321406828 -0.0071278739512134429 -0.0067362232625578812 -0.0086578332233059781 0.029229557036886029 -0.0068489355959102634 -0.0029487352343664898 -0.0042550909931269483 0.039789137281939307 -0.0010795932907507629 0.011175882778327959 0.0064807389720837128 -0.028623427139522373 0.00093585782383135503 -0.0072065922747435061 0.022046512749776266 -0.0037669514774563671 -0.0001780090050898168
leaf_weight=57.614252856001258 89.042729092761874 219.55042183771729 50.379188472405076 99.335099762305617 468.31810498796403 40.332233142107725 40.334601946175098 61.319460971280932 48.81408910267055 88.235022686421871 155.20032692141831 47.487533701583743 100.6822571605444 210.46897782385349 125.82595658302307 411.99245395511389 102.53547810018063 75.409125357866287 66.384335078299046 77.609787466004491 103.35845662280917 59.359016925096512 90.391838628798723 73.515933509916067 76.306821959093213 120.10066212713718 563.63585364446044 78.921443456783891 347.56804081983864 98.365198135375977 361.27643837593496 68.536995759233832 442.33018332906067 101.07267087325454 52.495063599199057 420.80282661318779 141.0795527510345 420.78699839115143 66.32705589197576 137.03883808664978 43.608433855697513 62.801054744049907 162.4543376378715 67.403565520420671 625.08963881991804 111.739770302549 60.309833008795977 68.908529214560986 108.1694124378264 41.797972241416574 59.580272749066353 150.96175940148532 46.627818055450916 56.714556906372309 56.269020931795239 91.05788248218596 80.976886993274093 121.85845366679132 282.0215026717633 114.74497638829052 156.46211427822709 130.15399585664272 91.152944697067142 66.537670144811273 123.50884231738746 162.66470539756119 72.056866195052862 70.64997499063611 55.73787215910852 53.680927885696292 96.572605181485415 100.39332106895745 101.33229728974402 48.137597357854247 253.79534472338855 63.408219747245312 74.939342271536589 42.012128662317991
leaf_count=705 943 2896 575 1077 5412 574 553 846 614 976 1946 716 543 2998 675 6078 1294 939 861 962 1195 681 1312 909 1003 1460 7364 924 4499 1355 4633 807 5491 1148 627 4819 1634 5001 803 1798 598 680 1808 806 7704 1350 791 856 1314 538 744 1834 548 702 736 1041 943 1558 3734 1422 1933 1671 1091 854 1378 1998 945 900 584 669 1152 1667 1285 631 3226 782 906 540
internal_value=0 0.00194355 -0.00197546 0.00467742 -0.00329496 0.00383224 0.00775718 0.00156834 0.00983218 0.0146586 -0.0102343 -0.00499715 -0.00645302 -0.00279857 -0.0184003 -0.0074286 -0.0190975 -0.00451472 0.00979215 0.00800496 0.0231218 0.0186432 0.0237235 0.0160756 0.00379087 0.000591958 -0.00457627 0.00359407 0.00184113 0.0139089 0.00195924 2.68065e-05 -0.00129345 -0.00739312 7.73845e-05 0.00221831 -0.00446011 -0.00410341 0.00649139 -0.00429872 0.000275201 -0.00827698 0.0232025 0.00466321 0.000503126 -0.0109271 0.00631677 0.0138304 -0.00122289 -0.00620264 0.0083097 -0.00495443 0.0199424 0.00351719 -0.00952884 -0.00833476 -0.010839 -0.000734435 0.000997824 0.00541347 0.00111561 0.00067271 0.00309834 0.00884594 0.0131575 0.00194 0.0124343 0.0169565 0.0109576 0.0163887 0.0227246 0.016045 -0.00865083 -0.0190144 -0.00519811 -0.00168622 0.00801454 0.0156272
internal_weight=0 4962.04 5674.4 931.324 4743.07 3907.57 1757.71 880.945 360.823 299.503 1052.57 1054.46 996.851 770.342 226.508 622.461 320.537 245.895 1511.82 1342.08 169.743 373.537 289.594 230.235 968.54 2149.86 783.186 1366.67 1241.12 218.466 892.233 814.623 3690.5 680.442 3010.06 2120.02 561.882 520.122 156.719 579.369 83.943 165.337 211.268 1558.14 789.324 164.235 453.347 228.598 224.748 732.034 101.378 890.041 125.549 249.688 164.438 640.353 549.295 1022.66 900.797 553.229 438.484 205.563 160.061 768.813 466.688 302.125 139.46 400.15 276.641 205.991 152.31 147.881 630.656 149.47 481.186 392.143 138.348 98.7267
internal_count=131565 63364 68201 10897 57304 49982 22289 10322 4244 3398 12975 13382 12677 11459 1218 9076 3920 3184 19105 17049 2056 4856 3705 3024 12193 27693 10260 17433 15961 2815 11190 10228 44329 8437 35892 25420 6453 6078 2115 7289 1151 1974 2422 18967 9681 1977 5595 2754 2841 9055 1282 10472 1472 3076 2050 7396 6355 13146 11588 7089 5667 2610 1947 9286 5537 3749 1751 4683 3305 2405 1736 2383 7773 1916 5857 4914 1688 1242
is_linear=0
shrinkage=0.0454652


Tree=2
num_leaves=79
num_cat=0
split_feature=29 14 14 3 11 16 0 20 23 5 14 17 0 18 20 29 3 10 10 3 3 3 3 16 14 10 0 14 4 14 20 3 16 16 14 0 14 3 11 29 16 3 11 3 29 18 29 3 0 3 18 9 4 14 29 29 3 20 29 29 17 29 20 3 11 29 11 3 23 23 3 14 3 17 29 18 11 10
split_gain=28.4848 22.6649 38.6942 44.5578 30.213 34.6711 34.0429 32.0106 28.0563 27.101 30.8238 45.6874 29.548 24.8864 24.7283 25.9203 19.7481 17.9678 17.2437 16.939 29.681 16.7131 30.4972 19.1509 19.0261 17.4667 19.1312 16.4073 27.9054 16.0683 19.7229 16.6461 15.798 15.3908 26.8069 19.7003 14.9657 24.1151 22.4217 15.1333 14.8288 15.9262 22.552 49.6211 15.393 30.6496 31.6006 14.8173 13.824 25.9595 22.4918 18.4497 13.8406 13.7455 13.6049 12.95 14.2435 17.1649 12.9223 19.9538 13.7545 13.6956 13.2257 12.6121 12.5636 12.5018 19.0044 20.6597 17.7017 17.69 13.6059 11.7011 11.6908 12.5673 11.6336 11.5944 17.3582 11.1994
threshold=-0.60785761475563038 -7.4322850704193106 -15.792455673217772 0.88370019197464 0.13314660638570788 0.85950538516044628 0.83041083812713634 0.37636691331863409 0.49430805444717413 -1.5465165376663206 -13.251471042633055 23.500000000000004 0.59891903400421154 86.500000000000014 -0.34551946818828577 1.0000000180025095e-35 0.25605051219463354 0.039384514093399055 0.12607982754707339 0.36280964314937597 0.29549975693225866 0.54299059510231029 0.34122675657272344 0.74075093865394603 -3.6158627271652217 0.13239697366952899 0.77227705717086803 -2.627046942710876 1.593134939670563 -3.805327177047729 1.2283582091331484 0.40636670589447027 0.30486723780632025 0.21588692069053653 -9.8367395401000959 0.92934006452560436 -4.739551067352294 0.79786437749862682 0.03056745603680611 0.6078576147556306 0.32049030065536505 0.6104266643524171 0.053952857851982124 0.27160377800464636 -1.0000000180025095e-35 44.500000000000007 0.6078576147556306 0.34122675657272344 0.73099914193153392 0.4109474271535874 52.500000000000007 0.28316745162010198 -0.51761159300804127 -18.539498329162594 1.0000000180025095e-35 0.87837970256805431 0.38020251691341406 -0.66470399498939503 1.0000000180025095e-35 -1.0000000180025095e-35 68.500000000000014 0.87837970256805431 0.70213061571121227 0.33921751379966741 0.1841351315379143 -1.0000000180025095e-35 0.025411864742636684 0.48413960635662084 0.84236332774162304 0.6504708230495454 0.71753907203674328 -14.541664123535154 0.59732112288475048 40.500000000000007 1.0000000180025095e-35 72.500000000000014 0.023759260773658756 0.081299681216478362
decision_type=2 2 2 2 2 2 2 2 2 2 2 2 2 2 2 2 2 2 2 2 2 2 2 2 2 2 2 2 2 2 2 2 2 2 2 2 2 2 2 2 2 2 2 2 2 2 2 2 2 2 2 2 2 2 2 2 2 2 2 2 2 2 2 2 2 2 2 2 2 2 2 2 2 2 2 2 2 2
left_child=18 2 14 9 7 6 -6 8 -3 33 11 77 -13 21 16 17 -2 -16 -1 20 64 22 23 -9 -23 29 -27 -21 -29 31 -31 -24 -14 35 72 71 38 -38 -15 -39 -12 42 58 -44 -43 -46 -47 -17 49 52 -51 -50 -18 -19 -33 65 57 -57 59 63 -61 75 -63 -42 -7 69 67 -67 -68 -10 -69 -4 -35 -74 -75 76 -60 -11
right_child=1 4 3 -5 5 19 -8 13 55 10 40 12 32 36 15 47 48 53 -20 27 -22 24 25 -25 -26 26 -28 28 -30 30 -32 54 -34 34 -36 -37 37 39 -40 -41 41 44 43 -45 45 46 -48 -49 51 50 -52 -53 -54 -55 -56 56 -58 -59 61 60 -62 62 -64 -65 -66 66 68 70 -70 -71 -72 -73 73 74 -76 -77 -78 -79
leaf_value=-0.033069097107580978 0.01719802910920348 -0.028406729686623777 0.0026567472822873364 -0.0082509612559738422 0.051706510599366914 0.014710037291019837 0.0063762459802893202 0.017954913913040528 0.023253039664172016 0.010733366573165376 -0.0015345324861259215 0.054853529734647473 0.030007800390812973 -0.011686582150800104 0.01711921560717676 -0.029077652003064464 0.0057056227257015184 -0.021097729002582891 -0.00045599644678016095 -0.0074731658921638371 -0.031953621225543349 -0.0068066757583037756 0.04554726028754863 -0.012987947552173066 0.0044165948677024102 0.0202435880104938 -0.017405181994496231 0.034773086586583561 0.0015916078932862734 -0.01423487799295447 0.017054007191428053 0.033501001292195354 0 0.0050716587427486626 -0.0030182168284380727 0.0046039503549621073 -0.015115604671832044 0.016063491662152415 0.014512447025477297 -0.0098676138561193602 -0.0011289543158980503 -0.0005968725382151668 0.029322174873939781 -0.014392195859080983 0.0023401393033585056 0.054658694903206684 0.012610384910328265 -0.0046473952632726757 -0.0091633950125807363 0.026730760454161576 -0.0084788153650658636 0.0030380558852372611 -0.026905644228513884 0.0079313608700184411 0.0026855091715189154 0.032930691180735161 -0.0067968628733596362 -0.0025613529623741589 -0.0040049802417391131 -0.019615856115085796 0.010442745908924925 0.021891098513998938 -0.0088300680790287765 0.027651680225418859 -0.012777614542604185 0.020991307351571412 -0.025915090575784307 -0.024217273165347688 -0.0066711581152250057 -0.0073296495766459555 0.0033490758759992592 -0.023044068302937575 -0.002575311300424721 0.036450079261547835 0.01306012983829772 0.03486431208988091 0.027026767203540858 -0.01591416077314101
leaf_weight=82.221409905701876 119.572110414505 143.78732560388744 43.973111908882856 465.0276249255985 59.087901510298252 81.557331306859851 84.044203145429492 48.348787300288677 46.860531685873866 74.153958220034838 304.9176838118583 85.010238302871585 108.94800396263599 121.24079570546746 74.622239395976067 175.81635641679168 46.660834612324834 83.888763632625341 60.025974068790674 94.801750285550952 70.022611752152443 624.43876149505377 68.135262547060847 181.46339226700366 612.7894533239305 42.070602478459477 65.568730859085917 83.125402020290494 140.62803174182773 52.452689429745078 146.41643643006682 50.58592084236443 52.674404852092266 292.49292077124119 487.30138600803912 168.34863573312759 534.50119916163385 95.896293180063367 140.93918785825372 81.230844292789698 47.570097144693136 66.176997212693095 65.863747678697109 223.48218603432178 96.876414699479938 81.355238119140267 77.178148029372096 81.465699713677168 625.66732657141984 132.97887469083071 46.831822203472257 421.29253445193172 50.750568557530642 48.82941016741097 74.81715645454824 49.334831835702062 154.72355167008936 53.561758426949382 61.886515943333507 84.864117726683617 43.165422836318612 43.409773757681251 68.319088149815798 72.55093215033412 52.213185392320156 56.906797736883163 255.87024795822799 69.753946099430323 178.34718563966453 163.81028500944376 67.134567838162184 137.32921043224633 42.17203788459301 84.605735342949629 121.84013368189335 100.50205496139824 78.440457420423627 51.733087956905365
leaf_count=1045 1545 1816 597 5700 656 992 906 559 644 911 3868 1038 1473 1404 879 2401 601 1007 734 990 759 7635 701 2347 7902 559 804 1045 1592 548 1712 605 680 3948 6013 2275 6373 1172 1514 905 545 785 733 2750 1235 892 1044 1096 8352 1790 625 5212 561 562 925 576 1691 565 726 1050 606 653 854 878 589 654 3119 893 2264 2053 759 1795 543 1090 1514 1322 1004 627
internal_value=0 0.000159522 0.00212235 0.00481845 -0.00211471 0.00683058 0.0263364 -0.00355545 -0.0096732 0.00670157 0.0102383 0.0219646 0.0331867 -0.000949371 -0.00312389 -0.0121988 -0.000143572 0 -0.0200372 0.00123009 -0.00879153 0.00197455 0.00741999 -0.00606961 -0.00121234 0.0137153 -0.00205147 0.00782268 0.0145352 0.0181398 0.00844064 0.0274787 0.0204246 0.00180218 0.00462888 -0.00633141 -0.00688914 -0.010307 0.00222051 0.00394789 0.00727453 0.00952922 0.006261 -0.00400556 0.0182329 0.0232323 0.0353195 -0.0217223 -0.0017943 0.00710069 0.0173105 -0.00421444 -0.0112031 -0.0101429 0.0161575 -0.00707551 0.00166043 0.0146074 0.0112805 0.00301556 -0.00910277 0.0168598 0.00303592 0.016199 0.00356652 -0.00981187 -0.0130093 -0.000868197 -0.0182581 0 -0.0106465 -0.0166263 0.011576 0.0188295 0.0233988 0.0229164 0.0132773 0
internal_weight=0 10487 5640.55 3732.17 4846.47 665.48 143.132 4180.99 1240.09 3267.14 1889.08 372.52 246.633 2940.9 1908.38 464.622 1443.75 207.34 142.247 522.348 203.793 1967.09 729.859 229.812 1237.23 500.047 107.639 318.555 223.753 392.407 198.869 193.538 161.622 1378.06 1028.41 349.651 973.808 711.628 262.18 177.127 1516.56 1211.64 890.054 289.346 321.587 255.41 158.533 257.282 1324.18 277.222 179.811 1046.96 97.4114 132.718 125.403 1096.3 257.62 102.897 600.708 248.151 128.03 352.558 111.729 120.121 133.771 838.684 628.013 193.795 434.217 210.671 136.889 181.302 541.111 248.618 206.446 240.829 140.327 125.887
internal_count=131787 130008 71780 47149 58228 7529 1562 50699 15034 41449 23674 4729 3191 35665 24631 5945 18686 2448 1779 5967 2340 24297 8760 2906 15537 5854 1363 3627 2637 4491 2260 2231 2153 17775 13108 4667 11368 8450 2918 2077 18945 15077 11121 3483 3956 3171 1936 3497 17141 3577 2415 13564 1162 1569 1530 13218 2832 1141 7638 3079 1656 4559 1507 1423 1581 10386 7689 2306 5383 2697 1652 2392 7095 3147 2604 3052 1730 1538
is_linear=0
shrinkage=0.0454652


Tree=3
num_leaves=79
num_cat=0
split_feature=29 29 27 7 21 6 20 22 12 29 7 27 7 0 28 7 28 10 18 21 21 18 21 20 12 29 10 29 0 6 21 7 17 7 12 21 0 0 21 27 21 27 0 0 7 12 0 20 29 18 18 10 28 28 29 7 18 0 28 6 21 20 7 7 22 10 8 10 21 28 17 8 12 4 20 21 27 0
split_gain=31.0923 21.2833 31.9912 24.3647 38.3036 24.364 19.2498 19.1419 19.0334 18.028 33.6628 31.6772 29.9268 25.827 28.7423 70.987 23.7107 26.7279 23.5379 26.1586 22.1141 20.9692 19.0441 17.2839 21.9674 25.1837 19.8446 17.2455 16.3685 16.4248 16.361 15.6587 14.6207 16.0071 17.6185 16.7498 37.3964 14.6043 14.6033 14.5376 15.6962 16.3573 14.3552 13.7591 13.7251 18.4755 13.7066 13.6538 13.4547 12.8122 12.778 16.5369 14.9985 13.3047 12.6251 12.4542 15.2401 12.2059 15.416 17.4861 12.0178 11.8478 11.5901 20.0781 11.3548 10.9388 10.9253 10.8149 14.0959 10.5979 14.6264 10.5639 10.442 10.3114 12.8809 16.9967 11.9473 11.9498
threshold=-0.60785761475563038 -1.0000000180025095e-35 0.65106672048568737 -15.288830280303953 -0.12272710353136061 15.472528457641603 -1.3739416599273679 -1.3665146827697752 0.054293641820549972 0.87837970256805431 4.6314785480499276 0.77296444773674022 2.1400729417800908 0.86263850331306469 0.076279435306787505 17.094801902771 0.35222910344600683 0.075007628649473204 70.500000000000014 2.6266195774078374 1.1832569837570193 41.500000000000007 3.6746073961257939 1.2627490758895876 -0.034629119560122483 0.87837970256805431 0.086994510143995299 0.6078576147556306 1.2242547273635866 0.88779139518737804 -9.5084285736083967 7.6684348583221444 85.500000000000014 4.1211588382720956 -0.0083950632251799089 0.583774894475937 0.68620547652244579 0.88216149806976329 11.961504936218263 -0.8253108263015746 -4.7351031303405753 0.74455857276916515 0.85606449842453014 1.0046422481536867 -12.50119113922119 -0.143769696354866 0.84931650757789623 4.8995921611785898 0.6078576147556306 28.500000000000004 66.500000000000014 0.11703410372138025 0.86046862602233898 -0.60003554821014393 1.0000000180025095e-35 1.6745994687080386 46.500000000000007 0.95497137308120739 0.83743050694465648 -10.023663997650145 3.4349610805511479 6.226227045059205 15.974802017211916 8.0719494819641131 -0.59406346082687367 0.14114075899124148 0.57536992430686962 0.11043208464980127 3.5143800973892216 0.96298784017562877 64.500000000000014 1.4024100899696352 0.024111025035381321 4.2065241336822519 -2.8295918703079219 -4.9216146469116202 -0.9686339497566222 1.0006521344184878
decision_type=2 2 2 2 2 2 2 2 2 2 2 2 2 2 2 2 2 2 2 2 2 2 2 2 2 2 2 2 2 2 2 2 2 2 2 2 2 2 2 2 2 2 2 2 2 2 2 2 2 2 2 2 2 2 2 2 2 2 2 2 2 2 2 2 2 2 2 2 2 2 2 2 2 2 2 2 2 2
left_child=65 2 5 23 6 44 30 -6 32 10 11 22 49 14 31 18 38 21 19 -16 72 -18 50 24 26 43 -3 64 29 55 42 -12 33 35 -35 36 -4 -10 61 -31 -41 -42 -5 -26 45 -2 71 -24 -48 -11 53 52 -52 -9 -17 -8 -57 58 59 -28 -20 62 63 -14 -21 -1 -15 -22 -69 73 -71 -32 -13 74 75 -46 77 -76
right_child=1 3 8 4 7 -7 28 9 37 12 13 20 16 66 15 54 17 -19 60 27 67 -23 47 -25 25 -27 57 -29 -30 39 46 -33 -34 34 -36 -37 -38 -39 -40 40 41 -43 -44 -45 69 -47 48 -49 -50 -51 51 -53 -54 -55 -56 56 -58 -59 -60 -61 -62 -63 -64 -65 -66 -67 -68 68 -70 70 -72 -73 -74 -75 76 -77 -78 -79
leaf_value=-0.030357704751082817 -0.0074799878695994164 -0.034024986440473928 0.032920704458804094 0.034905170821396735 -0.028814526266153453 0.025418471395053946 0.010715452072019445 0.0046379877920646861 0.047353946404243105 0.011468661793665106 -0.0038449668079988406 0.013084161525241634 0.0070931521172815275 -0.0061883972383153059 -0.023957651774675064 0 0.021805437126866493 0.028013458456062346 -0.0045559751201700175 0.033946070862334941 0.038294235241508857 -0.012737082614732336 -0.021019057550902661 -0.029816865175942731 0.021479826878204173 -0.017593091411878974 0.028916086563609299 -0.013129714204000472 -0.005236563724719541 -0.020986263617739601 -0.0041922729442735659 -0.02864269559431486 0.028001838161126485 0.040658589425047895 0.0067277475581396882 -0.018276959518295541 -0.0086460072666489553 0.01231747447334746 -0.018397152061329507 -0.018434303384640128 0.016206254409558842 -0.0043808808973631328 0.005247911319818911 -0.0067700540297197078 -0.0084352529858436592 0.022533282910628505 0.0079985761608887401 0.0024693753394547774 -0.0024576297174232144 -0.013792841531880951 0.022061827572392678 -0.0060519341815950143 -0.0046705756084155295 -0.013388226496042191 0.027556414247064898 0.0098908432639213915 0.04408559115757868 -0.013706984752241637 -0.018903642897203397 -0.002868870800775151 -0.026216316342484329 0.024867008720013847 0.015979409956563627 -0.014486381011806333 0.0016810725810819343 -0.0034807358453992116 0.0029289898141933893 -0.0026964126544730621 0.030959379259887433 -0.0058405365090352874 0.029541139340037451 -0.024153493522362891 -0.0160630106577908 0.012962624269895256 -0.0385411000325998 0.017873450210540556 -0.0057874060011539356 -0.0041849766955924309
leaf_weight=88.93250417150557 63.792944567278028 65.764137310907245 65.245048057287931 44.449151778593659 53.329933376982808 72.76249155588448 731.44381805695593 164.11158210225403 51.373589601367712 44.151860686019063 73.332306858152151 45.385468155145645 197.65449687466025 655.13313276320696 72.620433151721954 44.367160117253661 57.740836234763265 179.50003230571747 74.700072184205055 49.649573117494583 76.998292434960604 83.353269226849079 148.79067698307335 66.621445398777723 132.46303220652044 66.72527552396059 52.095253743231297 44.293212786316872 169.83432541973889 45.407109953463078 495.06895517744124 260.9392790030688 69.113020556047559 42.505554223433137 121.0578649751842 79.378144601359963 120.01824082620442 60.167502488940954 65.668132703751326 45.881222685799003 212.676284044981 118.98899548128247 135.3877835161984 42.862761676311493 94.001508921384811 104.4023103993386 458.58958769403398 70.470839876681566 551.98861740343273 253.08195386081934 166.70235669054091 103.82975841127336 52.73938025161624 162.05949122086167 110.81295496411622 64.207283511757851 54.576866716146469 273.81155431643128 53.039569217711687 90.438209580257535 277.08866147883236 45.780476316809654 85.331827890127897 154.15914643928409 45.419317131862044 55.629130939021707 450.62163001857698 48.867284225299954 44.057454766705632 42.972506741061807 43.604820957407355 60.059377299621701 47.437092712149024 62.591892510652542 46.812015864998102 98.765337206423283 673.27294148132205 43.454951694235206
leaf_count=1160 619 802 752 589 636 809 9186 2084 602 575 746 603 2380 8020 914 509 730 2128 822 611 876 1081 1780 917 1635 857 658 577 2219 566 6488 3027 1028 692 1359 854 1595 637 692 484 2525 1573 1825 529 1174 1644 5964 917 6839 3053 1966 1165 632 1957 1358 770 651 3527 643 1110 3534 608 1087 1749 593 686 5447 607 504 515 553 833 570 782 666 1143 8226 531
internal_value=0 0.000215756 0.00449313 -0.000759256 4.0032e-05 0.000533945 0.00385757 -0.00264909 0.013107 -0.00229897 -0.00402509 0.00228924 0.00252573 -0.00735485 -0.012448 -0.00715742 0.00681371 0.0165619 -0.014695 -0.00239182 0.0160116 0.00127878 -0.00186082 -0.00807428 -0.00600191 0.00516728 -0.0111451 0.00886815 0.00773795 0.00951807 0.000611257 -0.0234589 0.00901204 0.00559854 0.0166123 -0.00117612 0.00612956 0.0299794 0.000948403 0.00203171 0.0051229 0.00871164 0.0134558 0.0143047 -0.000926209 0.0109593 -0.000864174 -0.0133444 0.00225231 -0.00977393 0.00200074 0.0084062 0.0154509 -0.00422553 0.0195949 0.0131576 0.0269425 -0.00757056 0.000881088 0.00889767 -0.0218591 0.00381143 0.00128598 -0.00228334 0.0197277 -0.0207232 -0.00243179 0.0255891 0.0133894 -0.00281221 0.0119696 -0.00659978 -0.00135738 -0.00415872 -0.0053805 0.00488757 -0.00804859 -0.0234162
internal_weight=0 10497.9 1955.29 8542.56 7698.74 1346.43 3188.56 4510.18 608.859 4456.85 3290.43 1131.45 1166.42 2158.98 1053.22 718.951 869.188 320.594 563.771 211.983 262.746 141.094 868.704 843.821 777.2 242.051 535.149 139.362 1443.02 1273.18 1745.54 334.272 497.318 428.205 163.563 264.641 185.263 111.541 548.594 422.954 377.547 331.665 179.837 175.326 1273.67 168.195 1565.71 219.262 1010.58 297.234 649.443 323.271 219.442 326.171 155.18 850.228 118.784 469.385 195.573 142.533 351.789 482.926 437.145 351.814 95.0689 144.562 1105.75 169.923 92.9247 1105.48 86.5773 555.128 92.8226 1018.9 956.307 192.767 763.54 90.267
internal_count=131755 129909 24181 105728 95050 16662 40512 54538 7519 53902 39819 13661 14083 26158 12691 8918 10455 3939 7051 2695 3160 1811 10501 10678 9761 3021 6740 1781 17974 15755 22538 3773 6280 5252 2051 3201 2347 1239 6516 5148 4582 4098 2414 2164 15853 2263 20124 2697 12803 3628 7804 3763 2598 4041 1867 10607 1421 5938 2411 1768 4356 5824 5216 4129 1204 1846 13467 1987 1111 13590 1068 7321 1173 12522 11740 2317 9423 1197
is_linear=0
shrinkage=0.0454652


Tree=4
num_leaves=79
num_cat=0
split_feature=30 21 22 3 3 20 15 21 33 29 20 23 14 15 33 15 12 20 21 15 3 14 12 14 20 14 14 14 32 3 29 12 21 21 3 15 12 3 14 21 23 20 21 22 23 6 14 15 20 3 22 14 15 22 6 6 6 3 3 6 33 3 15 14 21 3 23 12 33 3 20 23 23 15 22 33 23 14
split_gain=59.3467 49.4197 37.9864 25.1095 53.8519 33.4514 28.2686 25.6841 59.7644 23.6976 22.1709 51.6194 46.1221 24.2225 23.5697 26.716 18.4878 26.5364 18.3435 18.2515 16.9479 40.1891 19.5495 18.1867 16.9288 15.9653 15.0308 23.3639 14.514 22.8503 29.8174 30.3183 25.4485 26.8779 26.7409 23.1467 22.4855 22.4801 27.4642 21.7733 21.5264 17.5292 16.55 15.8704 13.6503 13.417 22.8787 13.3653 12.851 24.8397 19.4516 13.7994 22.8607 22.7638 15.2488 15.0295 13.2242 15.1637 13.7788 23.2634 14.0296 12.4517 16.3533 15.4942 12.0736 22.5331 24.8668 19.194 29.0284 16.1599 15.9086 14.8722 12.293 12.1001 12.035 11.8935 22.1231 18.1136
threshold=1.0000000180025095e-35 4.0858097076416025 -0.23349761217832563 0.23335075378417972 0.18800485134124759 0.99889490008354198 23.995220184326175 10.236140727996828 0.9962500035762788 -1.0000000180025095e-35 0.37636691331863409 0.40808153152465826 -7.3669273853301993 15.465309143066408 0.9962500035762788 14.010013103485109 -0.028541021980345246 2.3976496458053593 6.1121025085449228 10.197538852691652 0.61830967664718639 -6.9356164932250968 0.032370029017329223 -7.4322850704193106 2.3976496458053593 -6.3222203254699698 -1.7887416481971739 -5.2290039062499991 1.0000000180025095e-35 0.5684412717819215 1.0000000180025095e-35 -0.021709064021706578 2.154197216033936 -2.0432444810867305 0.43105429410934454 8.3897433280944842 0.026216767728328708 0.4136346578598023 -12.3092885017395 1.0000000180025095e-35 0.85589912533760082 1.0289508104324343 4.8334105014801034 -0.35747203230857844 0.89585822820663463 -1.3720284700393675 -9.6126494407653791 2.6752778291702275 -1.9054085612297056 0.35459616780281072 0.82329002022743236 -12.003701686859129 5.6898486614227304 -0.34623208642005915 -4.7871966361999503 -0.59990972280502308 -11.500785827636717 0.91331568360328685 0.6353854537010194 -3.0217791795730586 0.9962500035762788 0.87376022338867199 21.143280982971195 -4.79923391342163 2.0201443433761601 0.86934381723403942 1.1227637529373171 0.041096389293670661 1.0000000180025095e-35 0.34122675657272344 1.0603856444358828 0.61338722705841076 0.93517962098121654 17.026935577392582 0.44983452558517462 1.0000000180025095e-35 1.1946674585342409 -15.34349489212036
decision_type=2 2 2 2 2 2 2 2 10 2 2 2 2 2 10 2 2 2 2 2 2 2 2 2 2 2 2 2 2 2 2 2 2 2 2 2 2 2 2 2 2 2 2 2 2 2 2 2 2 2 2 2 2 2 2 2 2 2 2 2 10 2 2 2 2 2 2 2 10 2 2 2 2 2 2 10 2 2
left_child=3 9 16 4 6 -6 19 26 61 -2 12 -12 13 48 15 -14 -3 25 -19 -1 21 24 -23 -22 -13 -18 27 28 29 30 31 47 33 37 45 40 43 -32 -39 -36 -33 -38 75 -31 -26 46 -35 -5 56 -50 51 53 -53 54 -51 -54 57 -11 59 60 -58 62 -9 -64 71 67 -67 68 69 70 73 -29 -69 -66 -65 77 -77 -30
right_child=1 2 -4 7 5 -7 -8 8 -10 10 11 20 14 -15 -16 -17 17 18 -20 -21 23 22 -24 -25 44 -27 -28 64 42 36 32 35 -34 34 39 -37 41 38 -40 -41 -42 -43 -44 -45 -46 -47 -48 -49 49 50 -52 52 55 -55 -56 -57 58 -59 -60 -61 -62 -63 63 74 65 66 -68 72 -70 -71 -72 -73 -74 -75 -76 76 -78 -79
leaf_value=-0.00034681637592577272 -0.023230681135871692 0.0062661292035761417 -0.0039707331541168891 0.016666859466033565 0.039740524134824359 0.00081138377504178785 0.023305661237391282 0.016727600754276251 0.033120566650059996 0.015754328746163875 0.043870105160348886 0.0046202655814714571 -0.018893025346080342 0.031456962496575452 -0.038228166194954706 0.015890244395986089 -0.0058457927042643576 0.0082691517316020903 -0.018686283606333821 -0.034951386423300645 0.012957770192261886 0.011441016411977211 0.043017671708168018 -0.01267937960698903 -0.026523075499946536 -0.037446680213288619 0.010667616126630431 0.0067531777061675497 0.0075710851068539918 0.023455809475169464 -0.01518617857869798 0.038032303354188494 -0.019491642506366577 0.051794469365507072 0.0084662256353448175 0.005525369069387759 -0.023906395239229654 0.01480359912003632 -0.018567119565625262 -0.022877549943868477 0.00019199891352471627 0.0074279677617111531 0.014466279153398041 0.0074945868173891929 0.0021824776654974826 0.0074017788741562156 0.009930255468908503 -0.013310430394861506 -0.0095039146946180823 0.011072025899262714 -0.016518302143876104 -0.0079167887548199818 0.03106282081134731 0.00089729815756429921 0.049616599361871586 0 -0.010979192148876611 -0.013427733113665363 0 0.0083399055963610264 -0.03115394605826249 0.014114244179741258 0.015964202340010388 -0.021638327817218146 0.021155139939948331 0.040779206260279699 -0.001221137340224193 -0.022227534669005265 -0.018836942598284938 0.014842636586614036 -0.028099662545751886 -0.020570378252936092 -0.0040839418829522415 -0.012080712311149107 0.00076241080991971293 -0.025363371515841067 0.00029121881993152452 -0.0050235080597222561
leaf_weight=73.53862308524549 96.080938266590238 44.832794385030866 582.24673039838672 35.721601020544767 153.90690769068897 68.042129371315241 47.630174582824111 60.810409775003791 170.11231969296932 119.58682898245752 61.534741338342428 307.96598887443542 189.33596280403435 43.749788900837302 91.069755539298058 54.843573577702045 44.753921760246158 64.271849906072021 202.84894951432943 55.273056082427502 69.750012461096048 117.71329125016928 67.516172628849745 236.3179674744606 76.638993658125401 232.91312897019088 293.17267452925444 47.294460279867053 340.48218596726656 255.7871347758919 308.41077705845237 133.0480353217572 158.45951208099723 43.833857646211982 87.092404851689935 178.39818228781223 55.77470631711185 148.60893521271646 71.836200268939137 86.016609627753496 43.606950016692281 89.643597075715661 114.81542374938726 291.00164474919438 53.388096695765853 219.20295334793627 76.398463953286409 121.97216208092868 204.34064806252718 41.397351630032063 49.067757721990347 127.44589224271476 76.500596767291427 67.107129730284214 61.109521878883243 54.276132950559258 339.53471327014267 47.16236574202776 380.55526921898127 96.180212231352925 95.921401560306549 110.54311782307923 38.421179782599211 135.22297419048846 44.012558890506625 43.468123201280832 69.174304366111755 177.80330391414464 116.71967393159866 207.38319092802703 39.336248630657792 185.87210052646697 151.27345835231245 37.362984383478761 70.191742347553372 124.85320606827736 142.49521665275097 739.3794258274138
leaf_count=882 1246 536 7235 570 1981 814 633 752 909 1677 683 3845 2777 507 493 723 533 782 2496 676 902 1331 713 2664 1038 2718 3890 585 4858 3041 4205 1523 1969 574 1157 2118 679 1873 932 1064 652 1057 1217 3849 724 2498 889 1841 2300 550 667 1738 918 890 767 635 4816 666 4906 1325 536 1489 485 2007 580 680 904 2210 631 2877 558 2144 1804 568 936 688 781 10516
internal_value=0 -0.00437309 -0.0123579 0.00251375 0.0135186 0.0282523 -0.00496499 0.00174903 0.0107571 -0.00144557 -0.000731867 0.00485817 -0.00334814 -0.000426799 -0.0187294 -0.0107512 -0.0204737 -0.0227934 -0.0119938 -0.0161806 0.00204195 0.00637219 0.0238883 -0.00658591 -0.00107741 -0.032685 0.000733626 0.00013155 0.00181642 0.0039919 0.00113374 0.0102859 -0.00275845 -9.94534e-05 0.00724326 0.0176269 0.0109452 -0.0073082 0.0035719 -0.00700135 0.0291769 -0.00458879 -0.00172979 0.0151684 -0.0146656 0.0146468 0.0267858 -0.0059689 -0.00131793 0.00351856 0.00923308 0.0124277 0.0054106 0.0224513 0.035529 0.0186066 -0.00441849 0.00709137 -0.00659798 -0.011297 -0.0157825 0.00124457 -0.00339225 -0.00879967 -0.00562914 -0.00310506 0.0154286 -0.00593226 0.000138681 0.00718475 -0.00563586 -0.0148017 -0.0141859 0.00547633 -0.0138854 -0.00318576 -0.0117113 -0.000993841
internal_weight=0 4397.96 1171.87 6263.4 398.391 221.949 176.442 5865.01 585.302 3226.09 3130.01 990.825 2139.18 1803.94 335.249 244.18 589.621 544.788 267.121 128.812 929.291 623.223 185.229 306.068 437.993 277.667 5279.71 4986.54 3866.84 2404.81 1712.61 512.747 1199.86 1041.4 512.544 355.053 692.207 528.856 220.445 173.109 176.655 145.418 1462.03 546.789 130.027 339.435 120.232 157.694 1760.19 681.245 476.904 427.837 258.223 169.614 102.507 130.777 1078.94 166.749 912.192 531.636 435.456 415.189 304.646 243.836 1119.7 886.534 112.642 773.891 444.815 328.095 120.712 233.167 329.077 81.3755 205.415 1347.21 267.348 1079.86
internal_count=131883 54337 14300 77546 4986 2795 2191 72560 6578 40037 38791 11900 26891 22898 3993 3500 7065 6529 3278 1558 11217 7651 2044 3566 5607 3251 65982 62092 48551 30491 21865 6704 15161 13192 6182 4293 8626 7010 2805 2221 2175 1736 18060 6890 1762 3961 1463 2411 22391 8465 6165 5498 3291 2207 1317 1553 13926 2343 11583 6677 5352 5669 4180 3428 13541 10812 1584 9228 5214 4583 1706 2729 4014 1148 2943 16843 1469 15374
is_linear=0
shrinkage=0.0454652


Tree=5
num_leaves=79
num_cat=0
split_feature=29 14 7 14 5 29 10 14 17 27 15 12 15 27 5 7 29 10 15 16 18 14 29 12 15 2 10 33 7 17 2 23 7 15 23 15 33 2 15 29 12 2 29 29 7 12 10 14 7 16 2 10 15 15 23 16 14 15 15 18 14 15 15 18 27 14 27 23 29 17 18 27 17 7 18 7 16 15
split_gain=23.5321 20.2056 33.9077 29.5741 30.056 23.3846 23.0328 22.9695 41.1049 27.9438 20.8724 29.1821 19.8647 19.3222 32.4669 28.954 44.8455 23.1405 26.939 55.2326 21.1333 19.7488 18.5776 18.3446 18.0766 17.3865 21.1032 17.2173 16.7465 16.3783 23.7006 16.0262 15.6248 14.8125 14.123 14.1 18.0233 14.115 19.2354 13.9266 22.8192 13.6633 15.1287 33.5256 21.6363 15.8822 13.4201 13.055 25.114 15.2064 24.2128 17.2837 12.7356 18.2002 15.3647 12.7207 28.0404 15.5143 16.3028 12.6734 12.4339 12.3461 41.8478 12.2064 13.2034 12.1107 22.9709 11.7178 11.447 11.3349 11.2959 17.7436 16.267 12.6432 11.2862 11.1892 14.9069 14.2008
threshold=-0.60785761475563038 -7.4977259635925284 -0.2452077120542526 -15.792455673217772 -1.2202242612838743 -1.0000000180025095e-35 0.095427330583333983 -13.358881950378416 25.500000000000004 -0.45201864838600153 8.1206312179565447 -0.029239060357213017 6.1359465122222909 0.65106672048568737 4.3730883598327646 4.8812737464904794 -1.0000000180025095e-35 0.211103729903698 25.227525711059574 0.90305930376052868 20.500000000000004 -4.6818952560424796 -1.0000000180025095e-35 -0.034629119560122483 11.589590072631838 0.59973612427711498 0.035321338102221496 1.0000000180025095e-35 -14.682322502136229 40.500000000000007 1.2954684495925906 0.47680588066577917 -11.866725921630858 18.342541694641117 0.41700454056262976 6.000288963317872 1.497500002384186 1.8071634173393252 14.124184608459474 0.6078576147556306 0.037865266203880317 0.71726977825164806 0.6078576147556306 1.0000000180025095e-35 16.812438011169437 0.05019649118185044 0.12607982754707339 -18.346342086791989 -4.9050869941711417 0.079444527626037612 1.3615313172340395 0.17065996676683429 13.55095958709717 19.264643669128422 0.8387373983860017 0.22743386775255206 -11.808035850524901 4.820523977279664 7.9843263626098642 28.500000000000004 -3.7430121898651119 18.520013809204105 23.995220184326175 73.500000000000014 0.5464349389076234 -2.1202191114425655 -0.39271505177021021 1.2497087121009829 -1.0000000180025095e-35 16.500000000000004 34.500000000000007 -0.09801131114363669 68.500000000000014 -1.450183570384979 71.500000000000014 -0.6129334270954131 0.48025193810462957 13.55095958709717
decision_type=2 2 2 2 2 2 2 2 2 2 2 2 2 2 2 2 2 2 2 2 2 2 2 2 2 2 2 10 2 2 2 2 2 2 2 2 8 2 2 2 2 2 2 2 2 2 2 2 2 2 2 2 2 2 2 2 2 2 2 2 2 2 2 2 2 2 2 2 2 2 2 2 2 2 2 2 2 2
left_child=46 3 10 5 55 6 -2 8 -6 -10 11 -3 28 14 21 20 61 18 29 -20 -15 23 -22 -4 -24 -23 60 -8 31 30 52 -7 -14 34 -25 59 -37 39 -39 70 -41 -28 43 69 -44 -45 -1 49 -49 50 -30 -51 -18 54 -54 -5 -57 -58 -59 -9 -27 -17 -63 64 -13 66 -16 -12 -61 -43 -38 74 73 -73 -72 -60 -77 -78
right_child=1 2 13 4 7 12 27 35 9 -11 67 63 32 15 65 16 17 -19 19 -21 22 25 24 33 -26 26 41 -29 47 -31 -32 -33 -34 -35 -36 36 37 38 -40 40 -42 42 44 45 -46 -47 -48 48 -50 51 -52 -53 53 -55 -56 56 57 58 75 68 -62 62 -64 -65 -66 -67 -68 -69 -70 -71 71 72 -74 -75 -76 76 77 -79
leaf_value=-0.03030597602410133 0.026561891053970429 -0.029023309095396056 -0.015868927341450696 -0.0058779504908704327 -0.0024246966312658864 -0.030950758822555949 0.0078655509198283843 0.011443500761100324 0.0060248917423815331 0.040197355830254917 -0.020726583339639591 -0.012563573382363765 -0.0064721182920721015 -0.01043707333916017 0.0062551383753651378 0.029253352597368609 -0.010891781816040542 -0.02572307828439906 0.051957833017756853 -0.013717472527743059 -0.0011920645028981193 -0.020644614994936767 0.014262601512146309 0.028592381154426135 0.042109664656708783 0.025112084400951033 0.0071383696816194331 -0.020298926121455802 -0.0025367934352633226 -0.015720957489746456 -0.027859029316455678 -0.0051587596297819885 -0.030644797555452546 -0.011718039818953556 0.0030168273668466166 0.022851099251552036 -0.013577776326515547 0.037032913100234759 0 0.019153071038547881 -0.0067064011499776352 -0.0019147621483411848 -0.026560663475393074 -0.007300771376031817 0.0034810516754657278 0.02236793524754949 -0.0012712847118469014 -0.0099673308530295324 0.021483262915094632 0.012535715872960283 0.039054407120835549 -0.017267440488359126 0.0052831090162829431 -0.0090438754319291555 0.037046274375037644 0.014218661201116452 0.0095660196295543794 -0.012217530888148431 0.019217242241526839 0.013964381566863792 -0.0024308529666694947 -0.017716952345680773 0.038508524585857636 0.020441693414165896 0.016667710718342228 0.0094185911230296269 -0.014280785664988489 -0.00079497543908903646 -0.008766627158621634 -0.023521523705821307 -0.022334610764478957 0.012942451450798082 0.030504772339310045 -0.0091927814779446237 0.0046400904982821026 0.022115128926346306 -0.013565211133199445 0.0051865928918373742
leaf_weight=79.387404218316078 96.411540696397424 56.062628220766783 134.01281213387847 523.46368065103889 122.54869078472257 50.855726066976786 162.12921922653913 123.36720709688962 78.328368684276938 160.02069658599794 362.13484227284789 82.660640707239509 141.70359404943883 48.936087258160114 325.862941801548 104.6546034514904 59.796763326972723 96.304197400808334 48.506883667781949 48.859236879274249 58.798532506451011 243.03466503322124 126.75868050009012 45.535776162520051 91.270044356584549 56.951354341581464 82.398171091452241 57.33265195786953 43.961089642718434 214.86384684592485 45.83544141612947 732.15445370040834 97.863155160099268 124.53625039197505 553.7062612734735 156.01202081143856 108.75659967958927 62.241637744009495 48.768395954743028 222.92431726679206 96.433617942035198 82.375094588845968 217.1520460061729 55.430828377604485 59.184150617569685 91.237602455541492 60.968357285484672 244.18696231022477 62.015277711674571 101.11606720089912 68.228437190875411 60.749637378379703 70.45183645375073 53.038652641698718 62.744074452668428 313.99280549958348 203.92623745836318 315.96675920672715 57.800323870033026 48.862740237265825 68.374258393421769 59.307831175625324 43.616200460121036 79.195677384734154 46.019295001402497 473.96329332888126 166.46947620995343 79.729162083938718 296.28803325071931 153.42933786101639 72.056858623400331 116.56387216411531 55.458541594445705 89.776251785457134 48.95974482409656 43.132643172517419 180.90347089059651 144.35354735329747
leaf_count=1043 1576 638 1529 7026 1531 615 2348 1686 998 1960 4082 1104 2009 551 3921 1253 695 1135 499 573 638 2868 1423 467 1057 684 997 303 580 2685 509 9145 1111 1558 6712 855 1395 831 628 3018 1493 1132 2623 596 711 1289 750 3148 847 1340 866 773 835 805 731 4110 2672 3748 769 580 923 769 497 931 524 5964 1957 1069 3801 1752 939 1462 706 1097 680 508 2208 1825
internal_value=0 4.92869e-05 -0.00208658 0.00191362 0.00429721 -0.00264556 0.00853246 0.00825826 0.0185929 0.0294593 -0.0112749 -0.000929833 -0.00489488 -0.000509215 -0.00252675 0.00424127 0 -0.00546392 -0.00200293 0.0192952 0.0157782 -0.00588526 0.0206705 -0.000636211 0.0266995 -0.00988221 -0.00672496 5.30977e-05 -0.00270622 -0.00631237 0.000570536 -0.00704785 -0.0168951 0.00219046 0.00522159 0.00577237 0.00862907 0.00607952 0.0210919 0.00386917 0.0112076 -0.00967605 -0.0118837 -0.00574727 -0.0199956 0.0109376 -0.0184242 0.00307729 -0.00324143 0.0102565 0.022821 0.000906656 0.0064305 0.0123631 0.0212582 2.46678e-05 0.00252641 -0.00134721 -0.00444722 -0.000714787 0.0101061 0.0184008 0.00621442 0.00683 -0.00155108 0.00425684 -0.000650669 -0.0172798 -0.00528323 -0.016338 -0.000853038 0.00274114 0.00945908 0.00308835 -0.0112364 0.00126143 -0.00160475 -0.00513368
internal_weight=0 10482.8 4873.2 5609.61 3690.91 1918.71 315.873 1907.37 360.898 238.349 705.802 263.938 1602.83 4167.4 2933.65 1233.74 907.98 700.401 604.097 97.3661 325.763 1967.36 276.827 857.791 218.029 1109.57 866.533 219.462 1363.27 506.731 291.867 783.01 239.567 723.778 599.242 1546.47 1077.95 921.94 111.01 810.93 319.358 741.207 658.809 382.473 276.336 146.668 140.356 580.257 306.202 274.055 112.19 161.866 246.031 186.235 133.196 1783.54 1260.08 946.083 742.157 468.518 125.326 207.579 102.924 207.876 128.68 966.296 492.332 441.864 345.151 235.804 491.572 382.815 261.799 206.34 121.017 426.19 368.39 325.257
internal_count=131666 129873 58686 71187 46526 24661 4227 23660 4489 2958 8348 3197 20434 50338 35683 14655 10986 8467 7332 1072 3669 23841 3118 10266 2480 13575 10707 2651 17314 6260 3575 9760 3120 8737 7179 19171 13104 12249 1459 10790 4511 9100 8103 4769 3334 1885 1793 7554 3995 3559 1446 2113 3066 2371 1566 22866 15840 11730 9058 6067 1607 2519 1266 2559 1628 11842 5878 5151 4381 2884 6279 4884 3265 2559 1619 5310 4541 4033
is_linear=0
shrinkage=0.0454652


Tree=6
num_leaves=79
num_cat=0
split_feature=30 18 21 12 22 27 17 23 23 13 7 18 27 2 2 7 23 27 30 2 16 13 16 7 22 13 22 13 27 16 12 13 23 27 2 7 16 27 31 7 2 33 23 30 23 12 12 27 21 30 7 12 27 30 2 18 23 22 17 21 13 23 2 17 2 7 2 22 17 27 21 23 16 23 25 8 17 7
split_gain=50.0153 56.7341 32.4804 30.5269 26.862 26.5684 24.2302 21.7938 19.4817 19.4802 21.302 24.8316 33.2952 28.7547 27.2604 21.8504 20.7318 20.2197 29.9443 23.6259 24.5912 18.6856 27.7174 40.6801 24.3429 24.2651 24.0204 22.9448 21.9835 22.0924 23.5028 22.3585 19.68 19.6277 19.3094 18.4729 35.5427 23.0186 22.525 17.9595 38.1421 22.9739 17.7144 17.6583 32.362 21.2703 19.5957 17.2008 16.9397 18.7029 15.3788 16.6359 15.172 13.8453 13.0455 12.8751 12.7258 12.5687 12.3302 14.3449 19.0607 12.3268 12.0009 11.3619 13.7122 11.0032 10.6838 19.7454 10.5648 21.1956 9.82219 17.9097 16.5537 24.2849 11.4157 10.9151 10.9903 9.8193
threshold=1.0000000180025095e-35 85.500000000000014 4.0858097076416025 0.010528193321079017 0.016926479525864128 -0.9686339497566222 40.500000000000007 0.94245043396949779 0.43416588008403784 0.1029360592365265 12.574127197265627 41.500000000000007 0.010907442308962408 1.2078695297241213 0.7802720069885255 -3.2585871219635005 0.66798073053359996 -0.45201864838600153 0.81174489855766307 1.4874799251556399 0.10421253368258478 0.068104181438684477 0.58766046166419994 -1.450183570384979 -0.50665599107742298 -0.056740179657936089 -0.58228325843811024 0.079254318028688445 -0.7866188883781432 0.21978528797626498 -0.065189093351364122 -0.029054005630314347 0.69840106368064891 -0.45201864838600153 0.86995133757591259 8.349858760833742 0.62015557289123546 0.52803644537925731 1.0000000180025095e-35 -3.1332634687423702 0.56259247660636913 0.9962500035762788 0.47680588066577917 0.81174489855766307 0.59380245208740245 -0.023005599156022068 0.064061518758535399 0.47136868536472326 -7.7486650943756095 0.81174489855766307 17.714876174926761 0.097744170576334014 0.16288578510284427 -0.56174489110708226 0.92700520157814037 29.500000000000004 0.83219876885414135 0.15958027541637423 21.500000000000004 0.70458716154098522 -0.015684431418776509 1.0649378895759585 0.60869964957237255 52.500000000000007 0.89029619097709667 -11.866725921630858 1.1615523695945742 -0.69243139028549183 63.500000000000007 0.50938662886619579 2.9817597866058354 0.60163182020187389 0.66818630695343029 0.92751401662826549 0.18026746064424518 2.2794561386108403 8.5000000000000018 3.8825330734252934
decision_type=2 2 2 2 2 2 2 2 2 2 2 2 2 2 2 2 2 2 2 2 2 2 2 2 2 2 2 2 2 2 2 2 2 2 2 2 2 2 2 2 2 10 2 2 2 2 2 2 2 2 2 2 2 2 2 2 2 2 2 2 2 2 2 2 2 2 2 2 2 2 2 2 2 2 2 2 2 2
left_child=5 9 3 -3 -4 6 7 -1 -5 10 11 13 14 39 -13 17 -12 18 61 -19 -21 22 24 57 25 33 27 -23 32 30 -30 34 -27 -7 -31 36 38 -38 -14 40 -2 56 -25 66 -45 -46 -47 -17 -42 -50 -18 -52 -51 -9 -29 -35 -41 -24 -33 60 -60 -15 68 -62 -65 -8 67 -16 -26 -70 71 -44 74 -74 -73 -72 -77 -10
right_child=1 2 4 8 -6 21 65 53 77 -11 16 12 35 15 43 47 50 19 -20 20 -22 26 23 42 62 28 -28 54 29 31 -32 58 -34 55 -36 -37 37 -39 -40 41 48 -43 70 44 45 46 -48 -49 49 52 51 -53 -54 -55 -56 -57 -58 -59 59 -61 63 -63 -64 64 -66 -67 -68 -69 69 -71 75 72 73 -75 -76 76 -78 -79
leaf_value=-0.021770627312471341 0.025958432498326241 -0.024434107651556479 -0.028573614147790343 0.028508130910660914 -0.0063289873284992342 0.024252010759975066 3.5166438472083619e-06 0.023162068923620559 0.0020454979579772928 0.025799827156926143 -0.033427095161752268 -0.017732586178393316 -0.0011874615180425315 0.012251330442976435 -0.017269468582150491 0.0076468501617316578 -0.015525465806918722 -0.029931349710762816 0.025628970192540998 0.020111470331339858 -0.018097424608704133 0.049643728797255759 -0.026509213458769585 -0.018207230281906156 0.0033273502117561527 -0.021297442162002838 0.0056921912954941674 -0.006284498871491794 0.024987835644052599 0.049686139740166252 -0.013311383511147608 -0.003050870854531657 0.014339389672444141 0.0079434484671824564 0.011695831451820545 -0.0096225669872985354 0.0068539181967136016 0.046332475037611363 0.021758086230238775 -0.016987310052411119 -0.021879376039332703 -0.030396083972038739 0.018555392323138423 0.042296646852823874 0.026480691477575497 -0.018336163126377911 0.015312897217948134 0.038276840735294831 -0.0134498593079017 -0.0046684285118388218 0.023342127542623065 -0.010333771330934109 0.023198242773913219 -0.0032310940417066138 0.028755239507206695 -0.017921045288147374 -0.001485208405299086 0 0.000783241224674374 2.2394333617973551e-05 0.051278733469636552 -0.015998103201052785 0.00098192248852247755 0.0097070739257177196 0.04033854646768753 -0.019371421901270548 -0.012690001680632803 0.018342878114807198 0.00048999677734527292 0.034667499434474454 0.001963057039584225 -0.0085397015612539914 -0.024886551009805143 0.0030893179686710599 0.012471352056928293 0.0063935220037293471 0.030025071579402294 -0.01626561178900008
leaf_weight=44.111067259684205 80.659085297957063 116.98847366683185 339.86420538276434 45.052324118092656 180.12968602590263 41.377181455492973 73.130401222035289 98.609950331971049 252.77167292498052 51.349813973531127 71.295066457241774 167.62004764936864 223.79555020853877 42.60983900167048 47.037212010473013 162.3278245087713 143.67178112268448 85.154513722285628 99.862084865570068 63.294270280748606 67.907965149730444 55.720840755850077 155.91583428904414 92.242826730012894 227.82249676249921 56.507332207635045 390.56588169187307 40.802682958543301 50.284304488450289 96.609159706160426 80.023526940494776 52.916714232414961 63.129503397271037 54.241400465369225 47.615228857845068 62.471171461045742 49.89524482563138 100.08030320703983 137.88924966193736 200.62684530764818 116.28073252551258 129.8368631452322 62.215834366157651 52.18101698346436 53.24768971465528 93.752408111467957 51.344665754586458 49.480225473642349 136.62505918368697 74.019426841288805 56.269737234339118 55.221847724169493 76.523694351315498 62.116270316764712 37.164953658357263 113.20516924746335 253.67436833493412 52.004598384723067 57.113137502223253 65.352753667160869 48.73600310087204 91.253218384459615 1711.613313248381 81.968437928706408 54.273770743981004 248.35922203212976 152.70762678049505 80.654588367789984 73.347275761887431 79.883561300113797 1108.1469076909125 92.105965364724398 160.81493958830833 98.971180815249681 113.3812253382057 162.83096307888627 55.921955393627286 74.136365376412868
leaf_count=651 1051 1477 4193 481 2164 537 888 1154 3044 557 805 2082 2922 580 537 2018 1879 1016 1347 814 867 575 1790 1307 2811 694 4551 655 698 1044 1197 679 806 683 563 888 611 1082 1627 2745 1438 715 815 535 679 1016 634 596 2062 942 739 620 1018 778 453 1429 3604 678 777 790 635 1104 21887 1085 609 3096 1822 1056 903 970 13340 1144 1674 1298 1383 1874 657 852
internal_value=0 -0.00373378 -0.0131753 -0.00457504 -0.0210704 0.00259328 -0.00711611 0.00487216 0.00173888 -0.000889043 -0.00134643 -0.000123978 0.00467137 -0.00368223 -0.00193739 0.00369936 -0.0123027 -0.00189175 0.00719441 -0.01188 2.53452e-05 0.00349731 0.00265669 -0.00127313 0.00544123 0.0114223 0.0116748 0.0281117 0.0152089 0.0185676 0.0014152 0.0228544 -0.0022459 -0.00205973 0.0381403 0.0127535 0.0156347 0.034045 0.00757228 -0.00829805 -0.00168146 -0.0136489 0.000760907 0.00305551 0.0117893 0.00283082 -0.00600871 0.0156171 -0.00753185 -0.00132934 -0.00577843 0.00646468 0.00941987 0.0128386 0.0104235 -0.00926867 -0.00852799 -0.0201943 0.0162438 0.0197178 0.0247478 -0.00655591 0.00264771 0.0317122 0.0230762 -0.0148696 -0.0046336 0.00472566 0.00991365 0.0190553 0.00176864 -0.00341269 -0.0065901 -0.0141608 0.00283788 0.00386919 0.0130933 -0.00210923
internal_weight=0 4389.56 1008.94 488.949 519.994 6261.15 526.327 204.837 371.96 3380.62 3329.27 3002.81 1272.68 1730.14 698.545 661.89 326.458 450.082 233.725 216.357 131.202 5734.83 5210.57 2154.55 3056.02 963.354 524.254 133.688 754.53 634.893 130.308 504.585 119.637 208.824 144.224 574.132 511.66 149.976 361.685 1068.25 484.108 584.138 1946.63 530.925 250.526 198.345 145.097 211.808 403.449 287.168 255.163 111.492 150.543 160.726 77.9676 167.447 454.301 207.92 360.361 307.444 242.091 133.863 2092.67 184.978 136.242 321.49 280.399 127.692 381.053 153.231 1854.39 527.489 465.273 259.786 205.487 1326.9 218.753 326.908
internal_count=131777 54219 12211 5854 6357 77558 6567 2583 4377 42008 41451 37408 15491 21917 8361 8342 4043 5728 3031 2697 1681 70991 64757 25960 38797 12226 6234 1683 9577 8077 1895 6182 1500 2649 1607 7130 6242 1693 4549 13575 6511 7064 23492 6279 2864 2329 1650 2614 5460 4022 3238 1359 1960 1932 1108 2112 6349 2468 4575 3896 3106 1684 26571 2329 1694 3984 3415 1593 4684 1873 22185 6314 5499 2972 2527 15871 2531 3896
is_linear=0
shrinkage=0.0454652


Tree=7
num_leaves=79
num_cat=0
split_feature=29 21 2 33 22 33 5 21 12 22 15 29 2 11 20 20 23 9 15 12 23 20 20 11 10 15 2 27 11 2 29 15 5 23 21 12 27 10 29 26 27 31 15 15 20 21 27 29 11 15 15 2 22 5 20 20 10 27 21 2 12 21 11 27 23 10 21 21 15 22 29 15 12 15 31 27 12 22
split_gain=19.2488 18.5764 26.192 33.3905 27.9441 41.2869 20.7357 20.8569 48.9014 24.6648 20.2487 17.7933 17.3796 17.3794 28.9841 22.4574 16.9156 16.7638 15.2563 19.0431 18.5656 17.2528 15.2277 13.579 18.675 13.4737 13.2849 12.3274 12.2242 12.1617 22.2914 15.0018 12.0258 12.9625 11.9251 11.8201 11.7933 11.6214 10.9099 10.4462 9.91295 9.84475 18.6749 9.92194 10.7961 10.2287 9.66026 15.8968 13.8961 26.1861 15.2346 19.3483 9.55929 9.53466 9.52139 9.75105 9.50511 9.49577 19.3467 13.12 17.0854 9.83222 9.3029 9.21982 9.55298 9.21839 8.99222 8.85846 17.3929 12.2839 13.697 11.7485 10.7706 11.2921 16.2751 12.9248 14.2277 13.515
threshold=-0.60785761475563038 0.64297252893447887 0.59564492106437694 1.497500002384186 -0.61201989650726307 0.9962500035762788 1.8251085281372073 10.236140727996828 0.0098927081562578695 -0.63138070702552784 29.525219917297367 -1.0000000180025095e-35 0.54278966784477245 0.037339283153414733 2.1802078485488896 -0.73274236917495716 0.60163182020187389 0.26125921308994299 18.342541694641117 -0.01178477145731449 0.85930702090263378 0.43970575928688055 -0.25179439783096308 0.10609637573361398 0.211103729903698 19.86766338348389 1.1188411712646487 0.77296444773674022 0.12659852951765063 1.5654320120811465 1.0000000180025095e-35 1.7115495204925539 0.11407049745321275 0.56101608276367199 -6.9107418060302725 0.022800646722316745 -0.97854062914848317 0.12506462633609775 0.87837970256805431 0.60406488180160534 -0.18436925113201139 1.0000000180025095e-35 5.8126909732818612 6.55371117591858 0.43970575928688055 -2.0432444810867305 -0.14132478833198545 1.0000000180025095e-35 0.05448474548757077 5.8721811771392831 4.6957292556762704 0.75333005189895641 0.15958027541637423 -1.3404471278190611 -0.73274236917495716 0.40925495326519018 0.027038049884140495 0.87137606739997875 2.5521762371063237 0.63104537129402172 0.042786095291376121 2.8390431404113774 0.066681731492280974 -0.56457334756851185 0.78363510966300975 0.08049125969409944 3.1347736120224003 13.858309745788576 19.672369956970218 0.6561422348022462 0.87837970256805431 11.497313499450685 0.089696969836950316 8.187347888946535 1.0000000180025095e-35 0.69930991530418407 0.024763842113316063 0.50024211406707775
decision_type=2 2 2 8 2 10 2 2 2 2 2 2 2 2 2 2 2 2 2 2 2 2 2 2 2 2 2 2 2 2 2 2 2 2 2 2 2 2 2 2 2 2 2 2 2 2 2 2 2 2 2 2 2 2 2 2 2 2 2 2 2 2 2 2 2 2 2 2 2 2 2 2 2 2 2 2 2 2
left_child=37 2 3 22 5 13 7 9 -9 25 28 16 34 15 29 17 -11 40 19 38 -20 -22 -2 26 56 27 32 63 -10 31 -31 -15 33 -6 -5 52 -28 -1 -13 67 -4 43 -43 44 45 -36 47 -34 50 -50 -48 -52 -14 -7 -29 -56 -25 59 -59 61 62 -21 -61 -3 -65 -33 -62 68 71 70 -70 72 73 74 -8 76 -75 -78
right_child=1 6 4 12 23 53 39 8 10 11 -12 18 35 14 -16 -17 -18 -19 20 57 21 -23 -24 24 -26 -27 36 54 -30 30 -32 65 46 -35 41 -37 -38 -39 -40 -41 -42 42 -44 -45 -46 -47 48 -49 49 -51 51 -53 -54 -55 55 -57 -58 58 -60 60 66 -63 -64 64 -66 -67 -68 -69 69 -71 -72 -73 -74 75 -76 -77 77 -79
leaf_value=-0.027869223109875239 0.011231805179028501 -0.0048091671487419741 -0.023342340815241069 -0.019261440409891844 0.015494405578262016 -0.02087779033474952 -0.0055645575560779323 0.047733772720995389 -0.0096428895885082421 0.030527976869832798 -0.028099567972229546 -0.018425907713333602 0.026211789125327071 -0.0063959838687049162 -0.018752974836774339 0.015373676445607033 0.0018675548735141824 0.017159609141527584 -0.025531870989905434 -0.0013131021893767055 0.015429839135033025 -0.019892014053010342 0.037374465643837888 0.0059874060651066204 0.004675163298881172 -0.031768173478988089 -0.0071735071542493277 0.016566159283079872 0.018551425478272685 0.053955450256830233 0.013818993440254536 0.010819196988222474 -0.026157239633287581 -0.0069985302078868911 -0.0076102765640700034 -0.0058188186708881574 0.0053754119991415855 -0.00034211143129064732 0.0011468154083598193 0.010465198325854861 0.00040871881705000857 0.032456838907286352 -0.0026033326359470705 0.0093519506960742394 -0.02092667228817215 0.015252719420193361 -0.0073541440988617642 0.004484317292844613 0.018724659754463979 -0.023055472281375562 0.036826223922233461 0.0055789559263962557 0 -0.00049007845461632334 -0.020689789056500138 0.0049490807358069351 -0.013721559097100149 -0.0071759340658805104 0.026845077454060416 0.0049963228719631216 0.0054613442925736336 -0.024199310165783555 0.026146770580942818 -0.023851724673381761 0 0.02864367665310499 -0.013196518189656229 0.0076503606005332951 -0.01669962381723825 0.0049954333804295079 0.0064784777502915397 0.0042494491356930373 0.015124853119945303 -0.00085693713674141355 0.026006278063380243 0.0036378417989041578 -0.027951657435070779 0
leaf_weight=76.269768144935369 100.8774406015873 138.36645732074976 90.479870297014713 54.393102070316672 51.202553160488605 98.849222838878632 88.886348780244589 47.008836617693305 49.682721558958292 47.356074860319495 44.013914804905653 196.24341792985797 132.42097933217883 50.693277155980468 38.13143234886229 174.33286060579121 278.92266217432916 40.161732463166118 146.39791066944599 89.84160496853292 58.490798914805055 48.412480123341084 104.20533032715321 51.016266267746687 199.17270163632929 73.304245827719569 173.20990512520075 45.919060822576284 70.245860289782286 54.905921338126063 71.610931996256113 150.8460381180048 50.553419386968017 906.76415049098432 121.76690661534667 38.418414454907179 1106.8423067796975 58.577834252268076 76.278964377939701 225.43486382253468 52.339771224185824 53.822703320533037 62.357524981722236 118.49526412412524 70.264536838978529 55.467677492648363 48.507769245654345 89.483465287834406 49.740247773006558 67.838484374806285 76.575668888166547 95.720468070358038 37.342006847262383 97.684563681483269 53.348577804863453 58.340956622734666 445.27560205943882 56.060753552243114 74.384928815066814 146.31797372922301 79.978457836434245 72.243262656033039 63.927925955504179 219.16989628598094 45.671172481030226 125.56207301467657 133.1332298591733 294.20484489947557 291.01483894698322 98.961948931217194 58.481176793575287 1082.4256308823824 52.850434524938464 119.10466866567731 47.870230238884687 113.48531359806657 147.60288573987782 51.21040334366262
leaf_count=1034 547 1746 1228 760 675 554 1123 532 618 609 503 2408 1872 816 540 2265 3274 618 1792 962 844 620 542 595 2400 1045 2190 619 837 730 985 2285 686 11968 1974 553 13988 750 867 2741 813 810 747 1629 1138 833 580 1035 660 797 902 1140 571 526 571 696 5625 672 873 1814 1004 766 657 2684 562 1860 1706 3322 3850 1280 745 12885 602 1471 623 1301 1740 563
internal_value=0 0.000406686 0.00226465 0.00910722 0.000788659 0.00728263 -0.00155986 -0.00461537 0.00883123 -0.00593956 -0.00292271 -0.00282484 0.00449198 0.011652 0.0171942 0.00378162 0.00650105 -0.00709633 -0.0053278 -0.00268788 -0.0152334 -0.000269999 0.025219 -0.00119351 -0.00684467 -0.0134975 0.000243485 -0.0108106 0.00654515 0.0204629 0.0327539 0.0152163 -0.00273514 -0.00568491 4.37357e-05 0.0155056 0.00362195 -0.0166242 -0.0128351 0.00118463 -0.0145368 0.00246536 0.0137841 -0.00110833 -0.00638084 -3.55571e-06 0.00306835 -0.00666674 0.00727105 -0.00494469 0.0139645 0.0202744 0.0206354 -0.0112038 0 -0.00717394 -0.0115657 0.0011581 0.0120876 -0.0012613 0.00287024 -0.0121515 0.0120308 -0.0149885 -0.0199715 0.0193894 -0.00599882 0.000293392 -0.000702411 -0.00864094 -0.0126532 0.00137465 -0.00355315 -0.0054714 0.00557393 -0.00910427 -0.0137927 -0.0211285
internal_weight=0 10491.9 5407.33 949.832 4457.5 1045.6 5084.6 2413.06 210.951 2202.11 163.942 1567.99 744.749 849.064 491.75 357.314 326.279 182.981 1241.71 988.411 253.301 106.903 205.083 3411.9 695.465 634.12 2716.44 560.816 119.929 453.618 126.517 327.101 1436.39 957.967 536.568 208.181 1280.05 134.848 272.522 2671.53 142.82 482.175 116.18 365.994 247.499 177.235 478.42 140.037 338.383 117.579 220.804 172.296 169.763 196.534 157.609 111.69 496.292 715.888 130.446 585.442 423.358 162.085 210.246 403.208 264.841 276.408 213.112 2446.1 2151.89 448.458 349.496 1703.44 621.01 568.16 136.757 431.403 317.918 198.813
internal_count=131748 129964 68437 11976 56461 13220 61527 29281 2490 26791 1958 18868 10887 12140 7216 4924 3883 2659 14985 11729 3256 1464 1089 43241 8620 7923 34621 6878 1455 6676 1715 4961 18443 12643 7891 2996 16178 1784 3275 32246 2041 7131 1557 5574 3945 2807 5800 1721 4079 1457 2622 2042 2443 1080 1886 1267 6220 8454 1545 6909 5181 1728 2471 4992 3246 4145 2710 29505 26183 5875 4595 20308 7423 6821 1746 5075 3774 2303
is_linear=0
shrinkage=0.0454652


Tree=8
num_leaves=79
num_cat=0
split_feature=13 33 13 20 13 32 12 33 6 29 0 13 13 14 22 33 0 12 18 20 13 22 20 18 13 0 11 29 4 33 13 29 12 13 14 12 13 9 22 6 14 29 33 14 12 20 6 20 14 13 33 12 20 4 20 11 29 8 6 29 23 11 19 23 12 22 4 13 29 1 29 6 33 0 22 22 4 18
split_gain=22.0108 27.7481 21.0945 20.6909 19.9016 36.7035 21.7737 32.7178 36.4255 20.4271 30.4561 19.7815 32.005 28.4183 35.5236 34.5129 26.8061 20.7619 20.1184 20.6632 17.8892 17.3409 17.1486 16.9985 15.1942 14.8103 14.4471 16.5227 13.859 13.5527 20.1369 17.6596 17.313 17.211 13.4859 23.3525 14.433 14.013 13.4367 13.303 18.5696 16.0542 12.4726 14.9567 15.1331 18.3722 11.7195 14.0606 11.5014 29.8044 11.4023 15.8312 23.8483 13.2605 11.2431 13.8259 11.1272 10.9493 10.7281 10.6537 19.2088 10.357 10.2987 10.218 9.83855 9.69981 9.68647 9.46595 11.4637 9.86938 9.47944 10.3809 20.7739 9.86182 8.74744 8.71845 8.69366 8.62201
threshold=-0.087880596518516527 0.9962500035762788 0.14299514144659045 1.1615638732910158 0.01313857175409794 1.0000000180025095e-35 -0.022357173264026638 1.997500002384186 4.4199497699737558 0.87837970256805431 0.64249083399772655 0.068104181438684477 0.077254511415958418 -8.211544990539549 -0.65709230303764332 0.9962500035762788 1.0666223764419558 -0.033887470141053193 79.500000000000014 0.76698729395866405 -0.06399258971214293 -0.47871370613574976 0.73469299077987682 80.500000000000014 0.023819311521947387 0.6321602761745454 0.14837510138750079 0.6078576147556306 2.2735369205474858 0.9962500035762788 -0.04621539264917373 1.0000000180025095e-35 -0.073397699743509279 0.010377134662121536 -3.6791524887084956 0.054293641820549972 0.089416239410638823 0.16071575880050662 -0.61843973398208607 0.060407051816582687 -5.5897381305694571 0.6078576147556306 0.9962500035762788 -17.450444221496578 -0.037774607539176934 -1.9875479936599729 0.23687995225191119 -2.3286843299865718 -11.061038494110106 0.00044404869549907749 0.9962500035762788 -0.077599618583917604 -1.1014589071273801 -0.91707754135131825 2.2247506380081181 0.074922263622283949 0.87837970256805431 -0.53836223483085621 9.4044742584228533 -1.0000000180025095e-35 0.82881459593772899 0.0077972090803086766 -0.15000000223517415 1.906589210033417 0.016249502077698711 3.3790124654769902 -0.016917840577661988 0.032924938946962364 0.87837970256805431 0.49588333070278173 0.6078576147556306 11.827899456024172 1.0000000180025095e-35 1.1772232651710512 -0.31797541677951807 -0.51808393001556385 -0.38970793783664698 77.500000000000014
decision_type=2 10 2 2 2 2 2 8 2 2 2 2 2 2 2 10 2 2 2 2 2 2 2 2 2 2 2 2 2 10 2 2 2 2 2 2 2 2 2 2 2 2 10 2 2 2 2 2 2 2 10 2 2 2 2 2 2 2 2 2 2 2 2 2 2 2 2 2 2 2 2 2 10 2 2 2 2 2
left_child=1 3 4 38 5 6 9 8 23 22 -11 13 21 24 15 18 34 -16 19 -15 -9 -13 26 57 46 54 27 50 67 30 31 32 -7 65 36 64 -14 -37 -1 61 59 -42 43 -12 45 -45 47 -6 -31 -50 51 53 66 -2 55 -22 -43 -8 -30 60 -41 -27 -26 -60 -36 -32 -53 69 70 -19 71 72 -69 -72 -55 -64 -38 -61
right_child=2 -3 -4 -5 11 29 7 20 -10 10 42 12 16 14 17 -17 -18 28 -20 -21 25 -23 -24 -25 62 39 -28 -29 58 48 33 -33 -34 -35 35 37 76 -39 -40 40 41 56 -44 44 -46 -47 -48 -49 49 -51 -52 52 -54 74 -56 -57 -58 -59 63 77 -62 -63 75 -65 -66 -67 -68 68 -70 -71 73 -73 -74 -75 -76 -77 -78 -79
leaf_value=0.02335727885555805 -0.0037226060987170513 -0.031084164204633644 0.029145393599277303 -0.027910547779642067 -0.0081913282067152364 0.038772654717278796 0.018726020672757419 -0.0096930079582254244 -0.0054618826901499775 0.035260442785333246 -0.0080316396399270455 0.032911722624122702 -0.014699698051042582 -0.011828181233051566 -0.018408361447345634 -0.037327863394247082 0.014461749833713641 0.019381664543433961 -0.019296804407169646 0.015034054536189874 0.011732927630689803 0.0078702031983372295 0.017839205878636872 0.0086312515005712281 -0.0010395632578316435 -0.0089489779706741004 0.019316382808124189 -0.014073207818323422 0.012188253775136604 -0.0010917218411739106 -0.0055233475270986179 0.00020461622337997575 0.0015565409366154069 0.014383264279478739 -0.010237554967021207 -0.016155204211869133 -0.00040734587877903634 0.015179750564331533 -0.0033810511202320543 0.020890690495624364 -0.0001309181393409189 0.02793502652388536 -0.019059883792148367 0.0050836726343154188 -0.0044307305587423995 0.053058046963774315 -0.0241267619731543 0.015574600875452512 -0.029908112342476902 0.0018406875237821066 -0.012879847023912466 -0.0049240607431881613 0.012963908248822018 0.03253215459588632 -0.0022241124417086791 0.035877955829241089 0.0026369205017862871 0.040665536203818374 -0.010968935116090806 -0.012484366381803195 -0.012370828227787841 0.013864504519909938 0.023645320805884641 0.01093895623648505 -0.04044194431287261 0.016926194163661812 -0.023586257655687247 -0.0042296416531520187 0.0023103928018794774 -0.0012402160012812032 -0.02450594723778288 0.0099465800786109129 -0.032307485567963583 0 0.0059877642925496204 0.0075650055469785897 0.023048626498478306 -0.00070344107391030503
leaf_weight=53.185822112485766 62.37528725899756 100.32369618117809 48.146632861346006 45.863918988034129 148.05341746285558 62.422972831875086 106.13457621634007 161.59638001583517 99.772602468729019 73.275501294061542 71.181092599406838 90.771226566284895 71.442013069987297 135.47695038281381 165.52926892414689 120.1374845802784 144.79675171896815 47.921396942809224 231.04684812761843 98.565096199512482 359.64536394551396 171.91009605117142 73.798029216006398 104.09848326444626 154.79662509262562 41.863084936514497 46.827488392591476 310.64933700114489 225.57644610852003 175.48443093895912 1261.0720859002322 166.04085277952254 47.481404706835747 99.354841323569417 44.831688662990928 54.51148478500545 63.493346264585853 55.252218496054411 111.33900401182473 82.490695126354694 178.09997227415442 104.68246200866997 42.158856645226479 36.344941876828671 35.916598632931709 32.5565394628793 48.012672191485763 73.650596037507057 140.6365108191967 100.26413679122925 142.52389466762543 204.67218856327236 119.86897607520223 62.75724495947361 82.537246815860271 58.313345456495881 61.827280752360821 136.22732353210449 110.9847960639745 265.61841194145381 55.934740524739027 306.32168201357126 105.85668385028839 65.956611339002848 67.929308969527483 36.196760879829526 83.661933746188879 348.76012937910855 204.57229324989021 601.24221150018275 138.06561195105314 65.023171424865723 62.416391059756279 45.711032886058092 53.834862792864442 251.86406337469816 55.33454086445272 263.91721637360752
leaf_count=851 1023 550 508 674 1769 883 570 2289 539 878 1042 1013 949 2087 2093 675 1586 502 3347 1346 4890 2080 939 564 1918 608 490 3881 2778 946 18371 2491 749 1269 604 653 836 626 1579 1030 2524 1210 236 642 509 475 481 879 780 556 791 3349 1775 942 1216 800 962 720 1347 3841 762 4382 1320 683 772 477 1278 5007 2203 7031 1665 747 343 563 875 3001 706 3485
internal_value=0 -0.0118835 0.000319824 -0.00208262 0.000168551 0.00185847 0.00445497 0.00704986 0.0181764 2.75884e-06 0.0107117 -0.00219854 0.00410501 -0.00371482 -0.00595516 -0.015833 -0.00199939 -0.00312934 -0.00989998 -0.000246655 0.00453964 0.0170778 -0.00267173 0.0251071 0.0038527 0.00582001 -0.00417031 -0.0053456 -0.00174774 -0.00299168 -0.00112164 0.00996798 0.0237543 -0.00337023 -0.00797565 -0.0154799 0.000690631 0 0.00532982 0.00329255 0.000591502 0.00914376 0.00175015 0.00732516 0.0181118 0.0301213 -0.00472045 0 -0.0103035 -0.0166846 -0.0015059 0.00124231 -0.00361551 0.0124223 0.0125128 0.0155319 0.0191155 0.0317254 0.0056644 -0.0037769 0.00713879 0.0109111 0.00846047 -0.00247052 -0.0296285 -0.0048083 -0.0107597 -0.00376081 -0.00686755 0.000319111 -0.0097826 -0.00614951 -0.00888522 -0.0185985 0.0212975 0.0126716 0.0105215 -0.00675458
internal_weight=0 310.712 10328.1 210.389 10279.9 6010.44 3921.48 2469.08 446.233 1452.4 291.434 4269.49 820.273 3449.22 2666.99 585.226 557.591 2081.76 465.089 234.042 2022.85 262.681 1160.97 346.46 782.234 1861.25 1087.17 1040.34 1916.23 2088.95 1672.57 275.945 109.904 1396.62 412.795 222.525 190.27 109.764 164.525 1360.76 1012.57 344.61 218.158 175.999 104.818 68.9015 269.717 221.704 416.385 240.901 729.694 587.17 408.203 178.967 500.496 417.959 166.51 242.362 402.518 667.961 138.425 348.185 512.517 176.941 112.761 1297.27 288.334 1513.71 864.549 649.164 659.976 476.2 411.177 183.777 116.592 357.721 118.828 529.536
internal_count=131811 3654 128157 3104 127649 76039 49517 30392 2393 19125 3782 51610 9825 41785 32417 7455 6732 24962 6780 3433 27999 3093 15343 1854 9368 25710 14404 13914 22869 26522 24240 4123 1632 20117 5146 2655 2491 1279 2430 18804 13814 4696 2904 2668 1626 1117 3129 2648 2282 1336 10033 9242 6402 2840 6906 5690 2172 1290 4808 9118 1792 4990 6239 2030 1376 18848 4627 18061 10528 7533 8325 6097 5350 2228 1817 4321 1542 7326
is_linear=0
shrinkage=0.0454652


Tree=9
num_leaves=79
num_cat=0
split_feature=30 18 11 3 3 3 6 15 13 15 5 27 11 3 15 27 30 22 7 5 15 13 11 3 7 27 17 1 3 13 15 15 13 3 33 7 13 22 18 13 7 6 13 3 33 13 4 3 3 13 5 22 17 3 22 4 15 3 3 30 5 7 7 27 3 18 7 15 3 7 13 18 27 22 15 17 13 3
split_gain=41.1109 50.8771 29.5556 23.595 42.6409 23.7257 22.9071 22.1074 18.2309 17.9548 17.4796 28.3099 42.692 23.2493 26.1046 34.5939 18.906 27.8986 22.7749 17.9056 17.8247 32.8771 27.1672 20.7294 20.5335 16.9667 24.4819 23.1383 24.0651 40.6579 25.2537 24.3672 16.7711 16.4769 16.146 30.945 15.9014 15.5752 17.8604 28.2755 17.0503 15.076 14.8494 14.5725 13.4944 13.1064 12.6156 12.3066 12.107 12.063 16.6597 11.0457 10.7161 18.744 10.464 10.3978 10.1649 27.1432 11.5635 9.87529 9.67677 9.50106 14.7607 13.9698 10.0041 9.42106 9.02374 20.1589 11.1073 16.0761 15.6382 11.0487 8.93894 8.77412 8.69634 8.62782 10.435 9.1746
threshold=1.0000000180025095e-35 92.500000000000014 0.011029414366930725 0.22890956699848178 0.18800485134124759 0.34122675657272344 -0.77426767349243153 23.995220184326175 0.09215946123003961 10.381773471832277 -0.60110279917716969 0.010907442308962408 0.044004080817103393 0.61830967664718639 9.0507960319519061 0.71473535895347606 0.81174489855766307 -0.50124716758728016 -7.4755229949951163 -5.0130059719085684 6.8902695178985605 -0.074052859097719179 0.14837510138750079 0.58103737235069286 -9.6091284751892072 -0.95688340067863453 40.500000000000007 0.75492292642593395 0.73971679806709301 0.04930072836577893 8.0514082908630389 3.4637169837951665 0.015403420198708774 0.38715900480747228 0.9962500035762788 -7.3170239925384513 0.015844362787902359 0.7494211494922639 69.500000000000014 0.016282157972455028 -9.2859940528869611 -5.2685313224792472 -0.077709939330816255 0.36807794868946081 0.9962500035762788 0.069668751209974303 0.67459806799888622 0.21468505263328555 0.5294703245162965 0.0021395024377852683 -1.301781892776489 -0.14636810123920438 11.500000000000002 0.538120597600937 -0.71363079547882069 2.0988675355911259 15.599032878875734 0.25605051219463354 0.24513514339923861 -0.56174489110708226 1.6903755664825442 -22.976366996765133 -15.288830280303953 0.89194178581237804 0.79006001353263866 66.500000000000014 -13.871554851531981 2.345017790794373 0.5107063651084901 3.3768739700317387 0.068104181438684477 17.500000000000004 0.22706275433301928 -0.28217503428459162 5.9362671375274667 82.500000000000014 0.037022061645984657 0.31996910274028784
decision_type=2 2 2 2 2 2 2 2 2 2 2 2 2 2 2 2 2 2 2 2 2 2 2 2 2 2 2 2 2 2 2 2 2 2 10 2 2 2 2 2 2 2 2 2 10 2 2 2 2 2 2 2 2 2 2 2 2 2 2 2 2 2 2 2 2 2 2 2 2 2 2 2 2 2 2 2 2 2
left_child=2 10 65 4 7 42 -6 9 25 -4 19 16 13 14 48 -16 37 18 -18 61 21 -14 23 -22 -23 26 51 28 30 32 31 41 -30 43 66 -36 44 38 39 40 -12 -27 -5 -32 54 52 60 -8 -13 50 -33 -7 53 -35 -3 59 57 58 -44 -28 -20 -2 -63 64 -64 -1 67 -21 69 71 -71 -68 74 -42 -52 76 77 -59
right_child=1 36 3 5 6 8 47 -9 -10 -11 11 12 20 -15 15 -17 17 -19 46 34 22 24 -24 -25 -26 27 55 -29 29 -31 33 49 -34 45 35 -37 -38 -39 -40 -41 73 -43 56 -45 -46 -47 -48 -49 -50 -51 72 -53 -54 -55 -56 -57 -58 75 -60 -61 -62 62 63 -65 -66 -67 68 -69 -70 70 -72 -73 -74 -75 -76 -77 -78 -79
leaf_value=-0.010092636021633015 0.020746487136980806 0.01642291754957859 0.0020101464556478285 -0.023917502604150976 0.052597241358091282 -0.0032088946062876194 0.027886027202950622 0.023586734730801535 0.02485459730046765 -0.031666427109528529 0.0028530981333877328 0.0028479453780158367 -0.019698932928667676 0 0.011634849225920889 0.057044873818193939 0.043049770885957662 -0.0062702515741088587 0 -0.030330723330496117 -0.017205465406865107 0.039754161564123924 0.020571033476146097 0.0085349192220631198 0.00045085109623320738 0.011293374198901838 -0.0012710398893318476 0.0021594296169117799 0.019300280097756597 0.055589581898735585 0 -0.0057628786767424537 -0.0026974515156843919 0.018731500202332729 0.0025321667651269811 -0.029664422295266418 -0.023435443392393888 0.00358898696580515 -0.025394724746198544 0.013765216007158756 -0.038820283988636177 -0.017669605117723339 0.0058592724097882359 0.03293863320541341 -0.024404062280443589 0.016647664333709757 -0.01019995798878605 0 0.029020082949815982 0.036541172626866285 0.01403374726363868 0.017378786488102545 -0.01115783681957363 -0.015504097253591857 -0.0074078120375599436 -0.031339714980858038 -0.0085944189956738831 0.0024660224561939654 0.039720710493636707 -0.019623838519545411 0.028554126551828794 -0.015383236285895352 0.01495518816832569 -0.016705499798185971 -0.0011510280300510046 0.00087693533752874954 0.00068886203403887951 0.00039481625853820613 -0.0076763276481990623 -0.012933077839119348 0.014145360210301012 0.022526268618001107 0.01052190240919273 -0.010097997707388643 0.046182899041208397 -0.013757897694888816 0.020398778312293787 -0.013426608422456405
leaf_weight=441.85452079772949 49.942969758063555 49.806630639359355 75.628735117614269 64.284144958481193 58.895029904320836 88.237850429490209 84.763394929468632 47.345155557617545 85.669250043109059 49.970305440947413 53.770769445225596 126.62366363592446 45.294530015438795 119.3210695721209 67.843682087957859 81.760762399062514 44.894338781014085 276.82636944018304 47.51238595508039 79.342188047245145 270.97311797179282 67.242241514846683 61.16159450262785 78.97488752938807 49.000565201044083 77.289894813671708 187.4249409455806 2209.729623856023 239.05937714874744 51.924519799649715 53.095829367637634 56.279398672282696 95.096110725775361 74.362991182133555 94.252414301037788 158.45390342175961 288.52453074976802 137.06511138193309 162.42523157596588 91.534449042752385 59.915631916373968 63.644219256937504 46.372574474662542 48.401771796867251 63.055458128452301 51.991175048053265 53.338746504858136 52.791402025148273 51.069002976641059 77.603823110461235 44.115656066685915 118.21404966153204 306.56400359235704 52.17225730791688 125.26099177263677 44.020128728821874 299.26176434755325 249.16725413314998 44.439975753426552 90.812518578022718 53.721859559416771 91.240562615916133 186.53268879465759 48.915404099971056 127.00070927478373 240.90298467315733 100.77960882335901 87.01130685955286 451.75719572976232 163.53191543370485 54.656307192519307 96.854345642030239 97.905963966622949 47.792781220749021 44.249306933954358 106.63863090611994 44.282763449475169 101.12690308876336
leaf_count=5481 628 713 897 848 807 1171 1028 629 927 618 622 1648 445 1515 865 863 523 3354 585 1140 3633 824 683 962 623 1019 2364 27474 3017 544 592 734 1184 897 527 897 3639 1702 1988 1042 718 895 593 558 348 603 645 625 637 872 556 1375 3761 684 1766 559 3670 2860 481 1109 577 1251 2442 556 1647 3069 1417 1305 6769 2130 720 1383 1203 588 504 1391 583 1237
internal_value=0 -0.00303582 0.002708 0.00380606 0.0148824 0.00300086 0.0291616 -0.00136064 0.00445831 -0.0115876 -0.0011964 0.00165367 0.00702669 0.0175012 0.0236981 0.0376261 -0.00362909 0.00292066 0.0157856 -0.00448039 -0.00112407 0.011392 -0.0062232 -0.0112272 0.0241696 0.00400392 -0.00353173 0.00511353 0.00961343 0.019322 0.00592818 0.0138416 0.0129388 -0.000262335 -0.00732888 -0.0176168 -0.0162376 -0.00934302 -0.0137193 -0.00575001 -0.0171735 -0.00157891 -0.00343375 0.015939 -0.00706671 -0.00385673 0.00665486 0.0175555 0.0111213 0.0207147 0.0149318 0.00845636 -0.00656231 0.00419881 -0.000135805 -0.011371 -0.00179949 0.00158877 0.0239403 -0.00763118 0.0160497 0.00270102 0.000440564 0.00468409 0.00834669 -0.00616894 -0.00470795 -0.0143492 -0.00274474 0.00251943 -0.00579513 0.011872 0.0214302 -0.0273466 0.0319897 -0.00252526 0.000497997 -0.00208628
internal_weight=0 4364.98 6265.59 5582.83 369.394 5213.44 196.45 172.944 4257.86 125.599 3838.33 2048.06 1019.27 446.618 327.297 149.604 1028.8 476.294 199.467 1790.27 572.647 161.537 411.11 349.948 116.243 4172.2 528.709 3643.49 1433.76 386.08 1047.68 461.088 334.155 586.588 1286.64 252.706 526.648 552.504 415.439 253.014 161.479 140.934 955.574 101.498 238.123 485.09 154.573 137.555 177.693 320.154 242.55 206.452 433.099 126.535 175.068 322.258 891.29 592.028 90.8126 278.237 101.234 503.632 453.689 362.449 313.533 682.758 1033.93 166.353 867.579 415.822 218.188 197.634 186.271 107.708 88.365 501.216 394.577 350.294
internal_count=131739 54320 77419 68869 4604 64265 2460 2144 52602 1515 47854 25042 12698 5528 4013 1728 12344 5684 2330 22812 7170 1892 5278 4595 1447 51675 6578 45097 17623 4745 12878 5783 4201 7095 16288 1424 6466 6660 4958 2970 1928 1914 11663 1150 2827 5945 1807 1653 2285 3869 2997 2546 5342 1581 2479 4032 10815 7145 1074 3473 1162 6524 5896 4645 4089 8550 14864 2445 12419 5650 2850 2800 2263 1306 1060 6071 4680 4097
is_linear=0
shrinkage=0.0454652


Tree=10
num_leaves=79
num_cat=0
split_feature=30 18 28 13 18 3 13 0 15 16 29 16 0 15 32 5 15 0 4 0 13 3 30 0 28 3 5 33 13 5 0 15 29 3 28 17 0 13 17 17 5 3 3 3 17 13 16 15 28 4 8 29 15 4 28 0 29 33 3 13 13 28 29 13 15 0 18 29 3 13 0 0 0 18 16 17 28 3
split_gain=38.0371 52.8719 29.2589 39.0617 44.7712 35.5967 30.4694 23.5029 27.7883 23.3924 19.9329 21.253 19.4273 18.876 17.6075 17.2677 19.743 24.1811 21.7606 18.8819 25.2812 18.55 31.1944 37.6857 22.7669 24.9744 18.0834 16.1473 15.3056 15.0216 13.5503 13.4335 13.3687 17.6659 13.2185 13.1793 14.652 12.7984 20.2437 16.6366 12.7213 15.8227 19.2524 12.6879 21.6872 12.2135 22.071 22.6454 16.091 11.7635 11.3841 11.2914 10.9563 16.3807 12.5488 12.5001 15.6369 10.3001 10.0974 10.3965 13.1632 12.6555 10.0739 11.7359 10.1205 10.0665 9.99873 10.5849 21.7693 13.6732 17.3006 15.558 13.656 10.9652 11.4875 11.1944 9.92303 22.9181
threshold=1.0000000180025095e-35 89.500000000000014 0.29026740789413458 0.062266586348414428 32.500000000000007 0.46908076107501989 0.077254511415958418 1.1236733794212344 18.698586463928226 0.85950538516044628 0.87837970256805431 0.61192217469215404 0.62869405746459972 12.071125984191896 1.0000000180025095e-35 -0.60110279917716969 17.026935577392582 0.72152984142303478 1.4130653142929079 0.85253906250000011 -0.0082127526402473432 0.35459616780281072 0.81174489855766307 0.70575961470603954 0.66746801137924205 0.6217065453529359 1.3475204110145571 1.0000000180025095e-35 0.0094660292379558104 -2.1219027042388912 0.4485564678907395 6.2712349891662607 0.6078576147556306 0.43374724686145788 -0.60003554821014393 44.500000000000007 0.51906287670135509 -0.051299324259161942 56.500000000000007 62.500000000000007 0.89853131771087658 0.97779673337936412 0.76681938767433178 0.97779673337936412 40.500000000000007 -0.041333796456456177 0.51087915897369396 9.6043229103088397 0.82531082630157482 1.0549831986427309 -2.6775975227355953 1.0000000180025095e-35 11.774623394012453 1.0000000180025095e-35 -0.91959547996520985 0.89853599667549144 1.0000000180025095e-35 1.0000000180025095e-35 0.6353854537010194 -0.029566691257059571 -0.0069479250814765683 -0.75894212722778309 0.6078576147556306 -0.041333796456456177 9.2087798118591326 0.62869405746459972 47.500000000000007 0.87837970256805431 0.38490223884582525 -0.0031245682621374722 0.86591699719429027 0.77836909890174877 0.91198012232780468 90.500000000000014 0.24220261722803119 6.5000000000000009 0.8491516411304475 0.38020251691341406
decision_type=2 2 2 2 2 2 2 2 2 2 2 2 2 2 2 2 2 2 2 2 2 2 2 2 2 2 2 10 2 2 2 2 2 2 2 2 2 2 2 2 2 2 2 2 2 2 2 2 2 2 2 2 2 2 2 2 2 10 2 2 2 2 2 2 2 2 2 2 2 2 2 2 2 2 2 2 2 2
left_child=2 15 12 4 35 10 -5 8 14 -8 11 37 29 -12 30 19 18 -18 21 20 31 62 24 26 25 28 -24 -22 -23 -1 -3 -2 58 -34 -27 -4 -37 39 -39 -6 41 42 -7 52 50 -42 48 -48 -47 -31 -45 -52 66 -54 -55 56 -56 -20 59 61 -61 -21 63 -17 -64 -13 -14 69 -69 71 -71 -68 -70 74 -73 -76 77 -32
right_child=1 7 3 6 5 40 9 -9 -10 -11 13 65 43 -15 -16 16 17 -19 57 32 27 22 23 -25 -26 34 -28 -29 -30 49 76 -33 33 -35 -36 36 -38 38 -40 -41 45 -43 -44 44 -46 46 47 -49 -50 -51 51 -53 53 54 55 -57 -58 -59 -60 60 -62 -63 64 -65 -66 -67 67 68 72 70 -72 73 -74 -75 75 -77 -78 -79
leaf_value=-0.011637821843841779 -0.0042023998226644469 0.013510731214351469 0.00087779164002633775 0.037361189864813481 -0.023487053326587952 0.0075387720697949112 0.028528382938750384 0.0012815507468228098 -0.035616008112873215 -0.0043256277940588606 -0.028947192736358176 -0.03125727417062605 -0.0002899756593819273 0.0012779137191728748 -0.03186802321256782 0 -0.027233244570275733 -0.00044933674510018852 1.7303966267842331e-05 0.0074054517936673657 -0.012703329914191127 0.033521395249660538 0.016886901424765413 0.010085713167388582 -0.010990270094931816 0.014794460989998575 0.055187317219262275 -0.037135698083010676 0.0017112445182121934 0.021383577146962533 -0.025190544304022015 0.022303370282636608 0.01503589071485336 -0.0081531424475000634 -0.011211816482914642 -0.0056681808632837128 0.020813426585811513 0.029591053653624307 -0.0046117408829284305 0.013221603816052483 -0.020708378797447205 -0.0090589604615171921 0.031553644293046121 -0.014831534752765293 -0.0214971070628759 0.0025388588518610242 -0.025364966916467904 0.003342283314267766 0.038948879691926099 -0.002069371951748865 0.024375817950565041 -0.0018492505499401995 -0.0099146893676342659 -0.0094176051333178887 0.010882966800107254 0.0076897153900778352 -0.016778638192153816 -0.015733211016644724 0.014267104408515153 0.028561948907531588 0 -0.02106591364034718 -0.0085820056806344726 -0.028459163055203501 0.021692955355798904 -0.0045989343451807736 -0.01216371838604738 0.021046306840957499 -0.024012469314448479 0.038463228997871829 0.0079762596842591609 -0.0036909820038203535 0.00023183585057806122 -0.009099423249275462 0.003038789197760882 0.03227883129148508 -0.021749845693740614 0.0053791501421908122
leaf_weight=43.590738046914339 288.84320471249521 47.45670273154974 121.85517246648669 134.91146945394576 52.117718454450369 232.31964198686182 68.052525775507092 156.98420413583517 142.96900069899857 110.76519881002605 146.28621495328844 55.64270525239408 1322.3736137934029 54.966566599905491 76.761332031339407 61.286154000088573 88.619152678176761 296.92178509011865 335.79262767545879 48.86708134226501 303.90087842382491 97.780045993626118 52.067995315417647 260.31833516806364 155.23150501586497 57.910072123631835 73.460193188861012 71.902944326400757 50.598150953650475 183.4979647025466 72.463786793872714 41.501762479543686 73.865851102396846 483.10454821400344 109.8125535864383 43.347481701523066 412.21170613355935 75.324405767023563 59.445570578798652 41.477934142574668 46.855765957385302 60.380517620593309 101.92198837175965 57.494932888075709 155.80257987044752 55.676652912050486 69.059956151992083 243.76307608000934 47.924607129767537 52.161611026152968 51.900021180510521 77.179912615567446 482.79400495067239 192.08312147855759 61.71963345259428 456.78992825746536 109.2799437250942 108.46345500648022 167.9764814414084 41.562795348465443 126.43088236451149 74.17061191983521 38.039679929614067 50.780289139598608 43.224318781867623 70.819752184674144 80.756511390209198 64.325922152027488 70.692820778116584 65.333141766488552 104.81434669159353 41.64081391133368 123.21003495529294 40.589959586039186 46.606067700311542 81.713539320975542 118.65468166954815 142.41498403996229
leaf_count=603 3807 584 1411 1325 613 2864 944 1942 1830 1317 1699 673 17222 672 834 624 1110 3749 4878 581 4209 1239 687 3209 1866 624 787 419 568 2180 870 487 908 6103 1348 576 5421 861 699 587 610 744 1289 637 1969 613 878 3080 536 628 534 1098 5730 2324 747 5468 1250 587 2291 510 1645 959 623 662 528 821 897 723 830 736 1277 618 1575 484 541 1114 1498 1762
internal_value=0 -0.00318673 0.00233976 0.00640844 0.00400675 -0.000325849 0.0212522 -0.0140734 -0.0181482 0.00826883 -0.00928004 -0.00256606 -1.67054e-05 -0.0205933 -0.0123201 -0.000870054 0.00212326 -0.00695199 0.00450913 -0.00416386 -0.00985219 0.00808215 0.0109587 0.020496 0.00293951 0.00998548 0.04071 -0.0178555 0.0233303 0.0114437 -0.00795868 -0.000494803 -0.000138778 -0.00490376 -0.00181035 0.0146281 0.0181595 0.00555138 0.0144614 -0.00684723 0.00543802 0.0113946 0.0152985 -0.000909601 -0.00919241 0.000204552 0.00285199 -0.00308659 0.0206733 0.0160422 0.00106744 0.00875324 -3.69977e-05 -0.00330335 0.00056049 0.00373181 -0.00649503 -0.00382764 0.00553007 0.000194282 0.00763447 -0.00949958 -0.00438743 -0.0131803 0.00721726 -0.0173132 0.00202526 0.0063244 -0.000871973 0.0104286 0.02059 0.00412563 -0.00867383 0.0107133 0.0158278 0.0224486 -0.0112844 -0.00498477
internal_weight=0 4360.14 6271.48 2305.13 1991.4 1413.98 313.729 757.705 600.72 178.818 556.081 354.828 3966.35 201.253 457.751 3602.43 1880.31 385.541 1494.77 1722.13 706.149 1050.51 857.179 385.847 471.332 316.101 125.528 375.804 148.378 279.25 380.99 330.345 1015.98 556.97 167.723 577.414 455.559 228.366 134.77 93.5957 857.902 394.622 334.242 3687.1 342.377 463.28 416.424 312.823 103.601 235.66 186.575 129.08 3344.72 1302.67 819.873 627.79 171 444.256 459.008 291.031 167.994 123.038 193.33 112.066 81.264 126.462 2042.06 719.683 258.229 461.454 170.147 291.307 193.903 210.55 169.96 128.32 333.533 214.879
internal_count=131746 54328 77418 28233 24647 17239 3586 9320 7378 2261 6625 4254 49185 2371 5548 45008 23089 4859 18230 21919 8922 12765 10328 4683 5645 3779 1474 4628 1807 3411 4714 4294 12997 7011 1972 7408 5997 2760 1560 1200 10614 4897 4153 45774 4238 5717 5107 3958 1149 2808 2269 1632 41536 15519 9789 7465 1997 5465 5986 3695 2155 1540 2437 1286 1151 1494 26017 8795 3128 5667 2013 3654 2405 2757 2273 1655 4130 2632
is_linear=0
shrinkage=0.0454652


Tree=11
num_leaves=79
num_cat=0
split_feature=30 18 28 2 18 11 14 2 16 11 28 23 21 0 14 2 21 2 21 30 9 11 11 21 12 14 21 0 28 6 23 2 2 30 10 14 16 11 18 15 6 16 12 14 12 18 14 15 11 15 23 0 14 21 15 18 12 23 28 15 14 2 2 15 23 30 12 16 0 18 30 2 0 28 14 6 6 21
split_gain=40.2342 36.4232 21.1818 28.4782 30.9981 37.8587 45.415 27.0246 21.0889 20.8593 20.8012 20.2344 20.1996 22.0612 19.5587 24.2252 19.4598 18.9736 17.0053 44.625 20.7678 20.1411 16.1369 14.6646 19.1571 22.7394 24.3148 19.4393 14.5417 19.0156 18.6448 15.923 15.9511 35.6704 17.9941 29.0335 17.8452 17.1903 15.8258 19.8863 23.5054 14.7548 14.3479 14.3255 14.1062 13.9479 15.0744 13.8014 13.5767 13.5708 13.1384 12.4408 12.2344 21.3222 12.2744 22.6 20.3602 11.7468 16.2725 16.4518 18.0158 14.187 14.4934 13.8523 11.5458 11.233 10.8629 10.8163 14.5717 11.3852 13.5501 16.1267 17.4257 14.9555 13.6376 21.7027 12.4221 18.2345
threshold=1.0000000180025095e-35 90.500000000000014 0.24825246632099154 1.6387592554092409 28.500000000000004 0.030101302079856399 -15.202472209930418 0.41963873803615576 0.38915687799453741 0.021347957663238052 0.39271505177021032 0.58583903312683117 4.1675643920898446 1.1236733794212344 -8.2810525894165021 0.50528910756111156 -2.4535490274429317 0.63520142436027538 1.0000000180025095e-35 -0.56174489110708226 0.3002969771623612 0.077497586607933058 0.053952857851982124 10.236140727996828 0.038638599216938026 -4.4907345771789542 -0.49955488741397852 0.52451434731483471 0.6835516393184663 1.2421990036964419 0.52035787701606762 3.0660434961318974 1.4334395527839663 0.81174489855766307 0.13663723319768908 -14.029783248901365 0.78314033150672924 0.026236536912620071 75.500000000000014 11.316133975982668 -8.7251858711242658 0.8663003444671632 0.012408174108713867 -8.4869847297668439 -0.11626799777150153 66.500000000000014 -6.3895032405853263 4.6957292556762704 0.057041887193918235 11.403742313385012 1.1357205510139468 1.0302110314369204 -5.894366741180419 2.2233203649520878 2.9232307672500615 35.500000000000007 -0.024401976726949211 1.6109983921051028 0.032717135734856136 9.6844239234924334 -7.1780233383178702 0.86519044637680065 1.1615523695945742 5.3200218677520761 0.64682874083518993 0.81174489855766307 -0.11626799777150153 0.10421253368258478 1.1365118026733401 56.500000000000007 -0.56174489110708226 0.66147619485855114 0.95497137308120739 -0.16288578510284421 -2.1202191114425655 4.9347822666168222 12.197795867919924 4.9217090606689462
decision_type=2 2 2 2 2 2 2 2 2 2 2 2 2 2 2 2 2 2 2 2 2 2 2 2 2 2 2 2 2 2 2 2 2 2 2 2 2 2 2 2 2 2 2 2 2 2 2 2 2 2 2 2 2 2 2 2 2 2 2 2 2 2 2 2 2 2 2 2 2 2 2 2 2 2 2 2 2 2
left_child=2 28 7 4 5 8 -7 49 -4 -5 -11 -9 42 -14 16 -16 -8 18 19 22 21 -20 -6 24 25 26 27 -19 30 52 -2 32 34 38 36 -36 57 -37 39 40 50 65 -3 44 -35 -28 -47 -21 64 -1 -34 -38 53 54 55 -30 -56 58 -32 60 61 63 -63 -60 -29 -31 -13 68 -68 -69 71 -71 74 -74 75 -73 77 -72
right_child=1 12 3 9 17 6 14 11 -10 10 -12 66 13 -15 15 -17 -18 23 20 47 -22 -23 -24 -25 -26 -27 45 48 29 41 31 -33 33 43 35 37 51 -39 -40 -41 -42 -43 -44 -45 -46 46 -48 -49 -50 -51 -52 -53 -54 -55 56 -57 -58 -59 59 -61 -62 62 -64 -65 -66 -67 67 69 -70 70 76 72 73 -75 -76 -77 -78 -79
leaf_value=0.030199109489651356 0.018297547068840819 -0.019324954759742993 0.0090447752017272873 -0.010158865159434555 0.033394763237630833 -0.00038375837763282426 0.026335973261516276 0.016237857626857515 -0.027336796808086129 -0.00047316596446186812 0.023161778887061602 -0.010489316286335532 -0.026980272314904692 -0.0010156483106636884 -0.0022780550355419532 0.038247292397062274 0.071977308583645969 0.030761278583047034 -0.029238143097941524 -0.035715105664597249 0.012469845342631057 0 0 0.023559080742902274 -0.0070121221063821071 0.028759484061328978 -0.025879981510074892 -8.6462200277296578e-05 -0.012179829708512818 0 0.0073120315108704302 -0.016436733764810474 0.024891492444089173 0.0034569341082063146 -0.027283084066077747 0.015553957177188037 -0.017491919579519111 -0.010007910599489862 -0.023685492540097608 0.021473242504525914 -0.022624166812547013 -0.014955484277551749 0.0015681535265052247 0.0025861737144536497 0.030062339620304374 -0.013541534113979941 0.018576307661660126 -0.00034078726773540958 -0.0087286669026965108 0.0048031472545016721 -0.0049985802312645334 0.0035364995457939333 -0.029038445327575418 0.017794253594453951 -0.025585565329829783 0.026508487186732984 -0.002697274611659872 -0.011384454279163481 -0.025290387254127755 0.012951090782222655 -0.031005214051384393 0.022518810163345698 -0.0098334722755452474 0.0047379884891999915 0.025513539961918814 0.022947607906432702 0.020608791841747357 -0.0035667884802519402 -0.0025235529552724888 0.020469387668156175 -0.0088320048917657785 2.8931426556405064e-05 0.0044475628872029417 0.025658332027740191 0.013039246041821639 -0.025184870205436902 -0.024063852098280381 0.010855261111914422
leaf_weight=85.918434176594019 109.66518020071089 89.458304988220334 66.931131642311811 54.328959308564663 71.560519928112626 120.46750942245126 53.915973860770464 141.75208280049264 56.019510617479682 91.333394641056657 375.1959194522351 230.8584441114217 260.21552735567093 96.691339207813144 53.114942701533437 60.212369306012988 43.318053960800171 73.696930143982172 156.24043596722186 51.347791647538543 43.823919463902712 74.320861704647541 52.145165568217635 68.036279503256083 302.6724025439471 81.309979675337672 65.498705605044961 64.278759663924575 94.11430355347693 100.5855832323432 831.68841530382633 119.47423232160509 47.044251600280404 61.833103884011507 134.95113198272884 80.337537609040737 172.17122253403068 147.85594936646521 63.768805829808116 67.834428664296865 94.266887379810214 57.266244597733021 233.99947633221745 109.83213689923286 164.23986159078777 68.217964803799987 47.791544809937477 43.686845542863011 93.943865973502398 98.283055590465665 67.588268453255296 79.837366448715329 66.674346478655934 52.88898566365242 193.23993573151529 41.664234884083271 146.0160815436393 110.74685695581138 75.461762780323625 84.694792648777366 58.545115938410163 61.733985001221299 44.976133951917291 47.036171462386847 69.929294215515256 79.656858645379543 110.78461208380759 1698.5673518832773 102.35865382291377 118.8312917239964 257.6687494404614 188.03491404466331 401.73125703446567 82.147802740335464 66.202010313048959 105.30172595381737 54.318315045908093 149.76113745942712
leaf_count=851 1240 1132 816 695 847 1671 745 1856 844 1018 4197 2888 3347 1213 637 933 511 959 1910 603 509 884 584 801 3855 963 809 689 1412 1248 10623 1535 489 1023 1616 871 2048 1687 838 923 1041 720 2748 1391 1933 828 567 541 1191 1029 800 1014 793 643 2340 509 1890 1485 1061 1053 635 862 542 597 764 933 1483 21683 1367 1301 3240 2173 5105 897 792 1144 614 1755
internal_value=0 -0.0030983 0.0025851 0.00593923 0.00328681 0.0135785 0.0215467 0.0004976 -0.00749366 0.0153325 0.0184671 -0.000342304 -0.0127349 -0.0201723 0.0340894 0.0194198 0.0492331 0 -0.00719522 0.00206165 -0.014672 -0.0201661 0.0199782 0.00378778 0.00207771 0.00705118 0.00308892 0.0110177 -0.00128522 -0.00655633 0.000251625 -0.000482799 0.000254389 0.00625722 -0.00183294 -0.0108947 0.000259039 -0.000683337 -0.00398598 0.000658279 -0.00615402 0.00412027 -0.00423026 0.0167072 0.023188 -0.00978617 0 -0.0206302 0.00400125 0.0173061 0.00729161 -0.0106894 -0.0109015 -0.00831383 -0.0114494 0 -0.0160258 0.002421 0.00376528 -0.00401857 -0.0092918 -0.00309076 0.00858291 -0.0135941 0.0132594 0.0106428 -0.00103276 -0.000351656 0.00943675 -0.00104686 0.00192639 0.00501588 0.00269286 0.00833313 -0.0047722 -0.00907989 -0.00439467 -0.00144099
internal_weight=0 4348.05 6295.86 2403.34 1882.48 453.979 331.029 3892.52 122.951 520.858 466.529 3708.32 680.365 356.907 210.561 113.327 97.234 1428.5 493.126 218.74 274.385 230.561 123.706 935.376 867.339 564.667 483.357 301.849 3667.69 832.107 2835.58 2725.92 2606.44 676.408 1930.04 363.145 1566.89 228.193 340.503 276.734 208.899 237.509 323.458 335.905 226.073 181.508 116.01 95.0346 228.152 184.201 114.633 252.009 594.598 527.924 475.035 135.779 339.256 1314.88 1204.14 372.448 287.753 229.208 106.71 122.498 134.208 180.242 3566.57 3335.71 213.143 3122.56 1424 962.249 843.418 483.879 359.539 293.337 461.748 407.43
internal_count=131784 54235 77549 29371 23461 6157 4497 48178 1660 5910 5215 46298 8440 4560 2826 1570 1256 17304 5878 2575 3303 2794 1431 11426 10625 6770 5807 3603 45795 10488 35307 34067 32532 8438 24094 4174 19920 2558 4091 3253 2330 2901 3880 4347 2956 2204 1395 1144 2644 1880 1289 3062 7587 6794 6151 1921 4230 16858 15373 4750 3697 3062 1404 1658 1453 2181 44442 41554 2850 38704 17021 11412 10111 6002 4109 3317 5609 4995
is_linear=0
shrinkage=0.0454652


Tree=12
num_leaves=79
num_cat=0
split_feature=30 18 12 21 0 3 3 12 3 27 0 29 18 0 13 27 13 21 13 2 13 33 10 13 0 12 27 12 3 13 30 33 13 3 5 2 2 20 2 13 20 13 3 0 18 21 21 12 0 2 29 2 29 3 20 2 13 5 29 0 3 8 30 13 27 27 0 21 3 0 2 10 3 18 3 12 13 29
split_gain=39.9101 42.1796 23.3402 35.2081 28.2821 22.2134 37.5599 25.2429 20.8557 20.5282 21.5273 22.2512 21.6961 17.1781 16.1728 34.4753 22.4906 19.8254 16.1533 16.0455 27.8073 35.8115 27.9429 20.6953 22.7605 20.0431 19.6478 18.416 17.1244 16.2488 38.0063 22.4016 15.8761 15.8256 23.3155 15.6095 15.4849 31.8117 15.4087 14.8898 14.8151 14.6899 19.3177 14.7436 17.1217 14.2077 18.4587 14.0323 13.8989 13.4498 32.8206 14.8561 13.0431 16.7513 17.8302 12.8685 13.9451 13.144 12.7764 12.7425 12.4181 11.9047 13.5716 11.7219 11.0898 11.0085 11.6864 11.0058 19.1944 14.7954 13.9336 24.9435 16.8921 12.9684 18.0363 16.8049 25.2772 17.4157
threshold=1.0000000180025095e-35 85.500000000000014 0.014298472553491594 4.1675643920898446 1.1107821464538576 0.23335075378417972 0.18800485134124759 0.00064401765121147047 0.34122675657272344 -0.9686339497566222 0.95497137308120739 0.87837970256805431 48.500000000000007 0.80565994977951061 0.068104181438684477 -0.032717135734856122 0.086809929460287108 12.578693866729738 0.10802094638347627 1.0077989697456362 0.0094660292379558104 0.9962500035762788 0.11513812094926835 -0.091111924499273286 0.52451434731483471 -0.045207412913441651 -0.2693240344524383 0.13386624306440356 0.57500684261322033 0.0033649238757789139 0.81174489855766307 1.497500002384186 -0.024928705766797062 0.38715900480747228 0.69648125767707836 2.3573279380798344 1.4874799251556399 -3.6143655776977535 1.6693575978279116 0.04930072836577893 -0.79433628916740406 -0.028559447266161438 0.46382746100425726 0.84302005171775829 45.500000000000007 -2.7319247722625728 0.64297252893447887 0.0025873386766761546 0.49644686281681066 0.41963873803615576 1.0000000180025095e-35 0.47597421705722814 0.6078576147556306 0.59975850582122814 1.7359494566917422 0.60869964957237255 0.043576743453741081 1.6461547017097475 0.87837970256805431 0.78436562418937694 0.21468505263328555 0.85298702120780956 0.81174489855766307 0.027243093587458137 -0.29026740789413447 0.79989895224571239 0.89196556806564342 -3.2566819190978999 0.4136346578598023 1.550578832626343 1.8830347657203677 0.13344585150480273 0.87376022338867199 65.500000000000014 0.40636670589447027 0.024111025035381321 0.027243093587458137 0.87837970256805431
decision_type=2 2 2 2 2 2 2 2 2 2 2 2 2 2 2 2 2 2 2 2 2 10 2 2 2 2 2 2 2 2 2 8 2 2 2 2 2 2 2 2 2 2 2 2 2 2 2 2 2 2 2 2 2 2 2 2 2 2 2 2 2 2 2 2 2 2 2 2 2 2 2 2 2 2 2 2 2 2
left_child=5 18 13 48 -5 6 40 -8 49 10 -10 12 -12 -3 33 17 -17 -16 19 20 22 28 25 -21 -25 -2 32 29 65 30 -26 -31 -27 34 45 38 37 -32 39 61 -1 -28 59 -44 -45 -11 -47 -30 -4 50 -7 -51 -50 54 -54 56 57 -53 -36 -43 -9 62 -33 -40 -6 66 -22 68 -35 -70 73 -72 -73 74 -69 76 77 -75
right_child=1 2 3 4 64 8 7 60 9 14 11 -13 -14 -15 15 16 -18 -19 -20 23 21 -23 -24 24 27 26 41 -29 47 31 36 35 -34 67 58 -37 -38 -39 63 -41 -42 42 43 44 -46 46 -48 -49 52 51 -52 55 53 -55 -56 -57 -58 -59 -60 -61 -62 -63 -64 -65 -66 -67 -68 70 69 -71 71 72 -74 75 -76 -77 -78 -79
leaf_value=0.018987137365233289 -0.017153580200933535 -0.033755668270865131 0.025339121126992208 -0.023871375536700542 -0.010491917356056681 0.035549506405645637 0.040579298184404776 0.02264253425051261 -0.020106076804408377 -0.015160628868317483 -0.0038959887559894576 -0.014231776344582855 0.022908351937408748 -0.00095220054247794673 0.045932651393641909 -0.015622520506566772 0.020822094551854589 0.0093910495253724212 0.025726838351821817 -0.019868254915726333 -0.022168697271028642 -0.031956285747810939 -0.014826479978892883 0.028950677763470434 -0.0097334286568816139 0.0090697880182730659 0.0019386013948143098 -0.015869039291250407 0.028806277015848744 0.030648304437970876 -0.025995607207457333 0.026355486356871495 -0.016705276959736198 -0.019223340677851627 0.032807547245825956 -0.018814051544197772 0.019516886313810541 0.010963699219048273 0.0023019909205392233 -0.017213039819719434 -0.010186050122653594 0.014399036527700625 -0.0096543634239096392 -0.0013599629277318633 0.035164206607506493 0.024966889985628533 -0.0047801446906024494 -0.0088853532266082742 -0.010198604309143532 -0.024324932204961007 -0.0073071703268208143 0.017419196434428366 0.035577843812340262 -0.010841718187042118 -0.0014605637501450607 -0.0084520232231985373 -0.0158050391917018 -0.0091684635335893203 0.0033927712887628116 0.04319908285178254 -0.0052010892628777793 -0.0049539022936429117 0 0.036081614473243984 0.014493978033746059 0.001711809823787388 -0.0030665321663288737 0.019146054455968686 0.010842699701819544 -0.001723315761440996 0.024129775038960775 -0.0088835887405004678 0.014178184728855486 0.030571756531278218 -0.0053976048462929041 -0.00035211612536587347 -0.01007024249386442 0.0017749767834233812
leaf_weight=43.68622138351202 78.600902555510402 139.63364898227155 44.660400340333581 310.34096262976527 78.003640381619334 52.831045405939221 107.1329337451607 65.028951050713658 145.89690402522683 63.952995855361223 128.09842968173325 134.98710458353162 111.53485909476876 47.179406993091106 74.442016212269664 85.350950062274933 53.189751524478197 61.119954809546471 42.617377450689673 80.42313844896853 164.2028169054538 139.34208573400974 199.62168318778276 63.989585531875491 441.56417325139046 79.116446897387505 239.1899589151144 105.91738998703659 44.8401082996279 84.654787257313728 59.626234918832779 91.083606665953994 113.58633663505316 53.288959329947829 115.53507770039141 44.580633254721761 173.76295206509531 190.9090160485357 38.107242166996002 55.869502468034625 137.29680857621133 79.649627134203911 67.916170230135322 48.262684190645814 48.255302663892508 77.547000428661704 84.526760851964355 29.782310850918293 150.52650582790375 84.883000325411558 98.895947217941284 135.70210325904191 55.573885655030608 54.490681078284979 43.914060939103365 513.09770708344877 50.116528887301683 47.400817794725299 47.569474129006267 69.099770514294505 56.867912236601114 88.57637357711792 69.429768472909927 58.009378179907799 62.100396476686001 118.45456412807107 122.45163990370929 60.836433921009302 751.9816734418273 250.51794792339206 134.18244286254048 160.62820889428258 104.97169424407184 128.66864228434861 1110.3659990020096 814.56610450893641 69.63823757506907 70.842238010838628
leaf_count=585 1121 1738 525 3986 967 469 1389 782 2180 1049 1470 1598 1235 595 778 1010 452 772 431 926 2081 799 2536 788 5435 924 3127 1298 796 470 746 1268 1528 695 1333 525 2272 2317 649 898 1653 994 896 704 508 883 941 536 1776 1112 1202 1657 673 605 569 6552 553 574 601 933 655 1249 1021 728 782 1755 1574 701 9578 3158 1548 1714 1346 1555 13972 9927 870 861
internal_value=0 -0.00324664 -0.0114876 -0.00793935 -0.0162976 0.00242755 0.012625 0.0247134 0.00169957 0.00291941 -0.00554687 0.000150175 0.00855454 -0.0259244 0.00394236 0.0146069 -0.00109274 0.0305634 -0.000780877 -0.00117067 -0.00435447 -0.0119275 0.000208804 0.0019785 0.00318024 0.00396679 0.00634136 0.00197448 -0.00578847 0.00340532 -0.000386499 0.0096433 -0.00590653 0.00320361 0.0119088 0.00530268 0.00922697 0.00170001 0.00826639 0.00295768 -0.00261687 0.0107139 0.0171508 0.00579538 0.0171023 0.00210967 0.00942317 0.0134631 0.00276903 -0.00431183 0.00784319 -0.00661651 -0.00067478 0.00834987 0.0193453 -0.00441596 0.00425071 0.0102258 0.024813 0.028894 0.00951816 0.00787929 0.0152046 0.0238157 0.000341516 -0.0095529 -0.0143343 0.00226544 0.00618806 0.00765983 0.000679942 0.00846652 0.000126824 -0.000691788 -0.00401909 0.00286087 0.0126232 0.020827
internal_weight=0 4317.92 986.424 799.611 450.445 6287.18 410.013 229.03 5877.17 4894.24 520.517 374.62 239.633 186.813 4373.72 274.103 138.541 135.562 3331.49 3288.88 1642.37 619.074 1023.3 1646.5 1566.08 823.677 745.076 1502.09 479.731 1396.17 865.862 530.311 192.703 4099.62 389.131 445.657 424.298 250.535 401.076 304.959 180.983 552.374 313.184 164.434 96.518 226.027 162.074 74.6224 349.166 982.927 151.727 831.2 304.505 153.979 99.4879 746.317 233.219 183.103 163.105 148.749 121.897 249.09 160.513 96.1166 140.104 405.109 286.654 3710.49 1055.79 1002.5 2654.7 399.782 265.6 2254.92 1171.2 1083.72 269.149 199.511
internal_count=131459 54049 12216 9883 5735 77410 5064 2826 72346 60227 6483 4303 2705 2333 53744 3012 1462 1550 41833 41402 20812 7541 13271 20590 19664 10735 9614 18876 6742 17578 10770 6808 2452 50732 4807 6338 5335 3063 5813 4436 2238 7162 4035 2108 1212 2873 1824 1332 4148 12119 1671 10448 3623 1847 1242 9336 2784 2231 1934 1927 1437 3538 2289 1377 1749 5410 3655 45925 13431 12736 32494 4608 3060 27886 14673 13213 3286 2416
is_linear=0
shrinkage=0.0454652


Tree=13
num_leaves=79
num_cat=0
split_feature=13 33 29 20 14 7 22 13 14 3 13 22 27 27 33 13 33 13 16 22 3 33 31 13 6 29 3 33 3 7 3 29 14 29 6 7 14 14 14 16 14 6 3 27 22 23 20 6 13 10 6 7 27 23 14 29 13 13 0 7 3 27 33 29 10 14 13 16 7 0 10 3 27 3 27 3 14 7
split_gain=20.9704 24.844 20.8213 19.6024 19.3577 30.5099 24.6366 18.6317 34.4322 35.0677 30.7822 31.6781 28.8539 27.5538 22.5946 22.113 19.2576 16.4701 15.9004 17.2256 15.6167 34.2688 21.855 22.8075 17.8287 15.4268 15.2735 22.0346 15.5702 15.8634 15.196 25.4783 15.0151 28.3847 14.8144 16.5317 18.4175 21.0735 35.3396 15.9836 14.72 14.2862 14.2427 14.6056 14.0375 13.6947 13.3646 19.2291 12.6718 12.172 13.9726 12.1569 23.4865 23.0314 18.733 14.8435 12.6784 12.1191 12.8795 11.7813 25.5618 18.8901 13.725 12.5682 11.4269 11.4191 14.0618 15.4071 12.0301 10.8761 12.0118 13.0287 10.7766 10.7654 10.5791 10.5389 12.3543 13.2162
threshold=-0.087880596518516527 0.9962500035762788 -0.60785761475563038 1.1615638732910158 -7.6862671375274649 -0.7348930537700652 -0.66407874226570118 0.068104181438684477 -4.0529015064239493 0.36280964314937597 0.013629911933094265 -0.65709230303764332 0.37256073951721197 -0.076279435306787477 0.9962500035762788 0.09215946123003961 1.0000000180025095e-35 0.081590365618467345 0.63227301836013805 -0.46105474233627314 0.54299059510231029 0.9962500035762788 1.0000000180025095e-35 0.0072861637454479941 6.0623674392700204 0.87837970256805431 0.26293791830539709 1.0000000180025095e-35 0.34122675657272344 -15.288830280303953 0.80220565199852001 0.87837970256805431 -15.202472209930418 0.6078576147556306 -0.47773069143295283 4.4942772388458261 -9.6126494407653791 -13.251471042633055 -15.485370635986326 0.12189098820090295 -10.631318569183348 -3.2265217304229732 0.86934381723403942 -0.9738190472126006 -0.61843973398208607 0.71177002787590038 0.60231077671051036 5.5252616405487069 0.010377134662121536 0.211103729903698 -11.885092735290526 -1.2169134616851804 0.65106672048568737 0.52035787701606762 -9.5386104583740217 1.0000000180025095e-35 0.0068953207228332767 -0.00043890376400668169 1.5170505642890932 7.6684348583221444 0.5665830969810487 -0.45201864838600153 0.9962500035762788 1.0000000180025095e-35 0.031254388391971595 -13.034695625305174 0.0060679619200527677 0.54483622312545787 -3.980737447738647 0.83992582559585582 0.22304352372884753 0.82652103900909435 -0.98279649019241322 0.49187184870243078 0.9015902876853944 0.33256186544895178 -5.6508500576019278 2.8808021545410161
decision_type=2 10 2 2 2 2 2 2 2 2 2 2 2 2 10 2 10 2 2 2 2 10 2 2 2 2 2 10 2 2 2 2 2 2 2 2 2 2 2 2 2 2 2 2 2 2 2 2 2 2 2 2 2 2 2 2 2 2 2 2 2 2 10 2 2 2 2 2 2 2 2 2 2 2 2 2 2 2
left_child=1 3 -2 25 6 18 30 10 12 -10 13 16 17 48 -11 -14 46 -9 73 -20 21 75 23 24 -22 44 27 32 -28 69 34 40 -8 -34 39 36 37 38 -36 -4 -32 -13 49 -44 -1 -45 74 -48 -7 51 -51 53 54 -31 -53 -55 72 -47 -59 60 62 63 -43 -61 -56 -41 68 -68 -67 -30 -71 -72 -57 -6 -12 -15 -77 -78
right_child=2 -3 4 -5 5 7 26 8 9 14 11 41 15 20 -16 -17 -18 -19 19 -21 22 -23 -24 -25 -26 -27 28 -29 29 42 31 -33 33 -35 35 -37 -38 -39 -40 65 -42 59 43 45 -46 57 47 -49 -50 50 -52 52 -54 55 64 56 -58 58 -60 61 -62 -63 -64 -65 -66 66 67 -69 -70 70 71 -73 -74 -75 -76 76 77 -79
leaf_value=0.031983906767755962 -0.018058154192889909 -0.030446580308435008 0 -0.027864630712262008 0.0099470795473488687 -0.0063879168955770175 -0.0056621708534505683 0.018573130695012461 -0.013524009338524162 0.0011149981514318691 -0.024545023265074354 -0.018092362107489861 0.014370746410462354 -0.0071237558698151286 0.03223830094881721 0.050081173576495254 -0.03181494377963074 -0.013809775652427268 -0.032333673129109314 -0.0090014535411616862 -0.031515866220339459 0.051630787454304335 0.014453684298262479 0.018457910787103272 0.0032194042484240556 -0.019644968128785568 -0.0075165997674388673 0.035640192119446787 0.0085520706175301539 0.034189576068653645 -0.026384495685279615 0.023737995691900493 -0.0010648781872218862 0.042856716802005271 -0.0060134044234095513 -0.021115100558911682 0.027744134682578428 -0.012591310322714764 0.043419072439066328 0.029517980308973023 0.005143991420661658 0.0065251724416237472 -0.017041352870468433 -0.022871121201964099 0.00051609933983989896 0.010310458156581475 0.010827614633788311 -0.014660503526305003 0.01172932307474292 0.01278462218995307 -0.014115211128019712 0.012172483450496017 -0.012522141377808296 0.012326946086347294 0.013434516878557618 -0.020617615291256226 0.023625527872098942 0.0075965009099696352 -0.015390127211718152 -0.005857770430615165 -0.0071865442096257929 -0.0074168099549162207 0.02756883846931114 0.0091738099864817138 -0.0088711077508902992 0.013786288415230961 0.036012857262756243 0.0024524256580653234 -0.012092508859103238 -0.015788603678369068 0.012861314662746559 -0.014637398979043812 0.0020808002934582341 -0.0082272051130117228 0.0012096859159537589 0.00083156093179574285 0.038336408765396068 0.0043070960682664019
leaf_weight=43.848822981119156 121.54514256119728 95.456457316875458 112.04646033979952 45.064944824203849 81.777375830337405 432.03552729263902 134.32592536509037 58.97788836620748 230.91752928681672 150.34461778402328 139.60553446784616 98.856002433225513 87.829833913594484 47.684734672307968 69.655116617679596 70.83627443574369 102.63471999764442 62.166004911065102 111.87797809951007 180.11913576722145 73.057291990146041 50.665206074714661 200.12141022086143 44.601167211309075 45.508933188393712 36.167757691815495 477.75502190180123 55.334677904844284 74.737065643072128 61.36756638251245 76.677068384364247 45.301739905029535 73.927029827609658 45.049998870119452 67.301506374031305 44.154200350865722 66.61913401260972 112.66918288730085 46.680589256808162 160.64252350665629 43.783587632700801 227.33313040435314 129.94049544632435 44.044321183115244 84.222172643989325 210.36483749374747 113.90366522409022 121.69154925644398 92.399243613705039 49.687009958550334 141.37299899384379 339.05306183174253 205.16823959164321 505.26283290237188 56.107825003564358 41.880520360544324 49.465648747980595 83.983552565798163 109.59853691421449 170.14511774107814 207.15023503452539 782.05444463342428 93.105311542749405 322.10383917577565 207.04574659466743 86.144866306334734 79.397952245548368 48.674224797636271 57.875374484807253 242.95350255258381 78.134761638939381 58.426653556525707 691.80616218224168 288.37590284831822 37.715635465458035 75.257267713546753 62.638783920556307 43.71518368087709
leaf_count=690 1671 538 1590 684 896 5488 1998 647 2844 2144 2232 1217 1043 589 357 799 598 770 1245 2157 918 267 2243 504 570 508 5888 283 931 741 1045 541 872 533 891 562 917 1405 621 2090 581 2906 1542 522 1241 2564 1573 1739 1069 624 1655 4117 2571 6553 714 572 543 1051 1302 2110 2812 9766 501 3652 2417 1085 1033 644 814 3362 1003 666 9329 3553 529 996 734 661
internal_value=0 -0.0116962 0.000326583 -0.00249707 0.000557771 -0.00146373 0.00249603 -5.40646e-05 0.0065299 -0.00116739 -0.00141595 -0.00435331 0.0189443 0.00461472 0.0115949 0.0314703 -0.0143139 0.00165764 -0.0105195 -0.0184287 0.0109087 0.0189596 0.00442987 -0.00762523 -0.0181227 0.00468101 0.000912354 0.0105779 0.000116146 0.00121707 0.00871846 -0.00361928 0.00443468 0.01604 0.0110977 0.00336836 0.00745804 0.000898326 0.01462 0.0157355 -0.0147404 -0.00160113 0.00245817 -0.00387321 0.0123148 0 -0.00957781 -0.00215968 -0.00303759 0.00404118 -0.00674849 0.00503034 0.000546499 0.00766659 0.00513374 0.00626148 0.00224262 0.00277058 -0.00521995 -0.000630489 0.00502455 -0.00301853 0.0130599 0.00387443 -0.00380005 0.0196661 0.0133223 0.0240973 0.00301068 -0.00662193 -0.00979653 0.00066596 0.000612012 -0.00401689 -0.0188943 0.0107541 0.0157643 0.0254676
internal_weight=0 304.76 10313.2 209.304 10191.6 4976.86 5214.76 4314.71 730.727 450.917 3583.98 2416.3 279.81 1167.68 220 158.666 515.551 121.144 662.15 291.997 643.25 279.961 363.289 163.167 118.566 164.239 4166.79 308.638 3858.16 3380.4 1047.97 165.762 253.303 118.977 882.206 337.425 293.27 226.651 113.982 544.781 120.461 1900.75 2926.15 577.932 128.071 447.991 412.916 235.595 524.435 2348.22 191.06 2157.16 807.375 1349.78 602.207 1288.42 783.152 403.947 193.582 1801.89 527.589 1274.3 320.438 492.249 263.154 432.735 272.092 128.072 144.02 454.252 379.515 136.561 733.687 370.153 177.321 229.296 181.611 106.354
internal_count=131633 3661 127972 3123 126301 60129 66172 52278 8604 5345 43674 29635 3259 14039 2501 1842 6671 1417 7851 3402 7482 3247 4235 1992 1488 2439 52353 3686 48667 42779 13819 2167 3403 1405 11652 4396 3834 2917 1512 7256 1626 22964 36817 6981 1931 5439 6073 3312 6557 29836 2279 27557 9819 17738 7248 16997 10444 4917 2353 21747 6219 15528 3407 5762 3131 5666 3576 1677 1899 5962 5031 1669 9901 4449 2761 2980 2391 1395
is_linear=0
shrinkage=0.0454652


Tree=14
num_leaves=79
num_cat=0
split_feature=30 7 0 15 14 10 14 0 28 2 2 17 17 15 15 0 28 14 14 2 15 12 12 14 0 28 15 23 29 14 12 28 17 28 14 12 0 7 14 12 2 2 0 2 15 10 28 2 28 7 17 28 28 15 14 28 15 14 7 7 2 15 7 2 12 12 15 15 15 15 0 15 2 0 15 15 7 4
split_gain=29.1094 29.9344 41.5782 24.8844 21.7645 21.0859 19.5484 18.746 18.076 22.5833 18.1498 19.0232 28.8374 17.7947 16.172 17.8397 15.0802 14.6651 21.0447 20.5693 15.5944 15.2557 14.0883 13.982 13.4347 14.3903 25.1133 13.286 14.8288 13.9304 30.7207 19.6199 12.7204 16.517 12.7004 12.5752 12.4175 11.8912 25.4275 11.7549 11.4357 11.385 10.8958 10.7077 14.0935 10.5994 11.4608 10.5291 10.4318 12.6868 12.5459 10.1414 13.2155 10.0908 23.0989 17.2481 16.3137 15.0791 23.4228 14.5446 13.0984 10.6154 11.9312 16.0569 15.8051 20.029 14.5455 9.9683 11.3847 9.55255 9.75683 9.50463 38.9063 21.4014 9.43959 9.30303 9.08611 10.4994
threshold=1.0000000180025095e-35 4.6314785480499276 0.84931650757789623 14.124184608459474 -5.289893150329589 0.13344585150480273 -4.619255304336547 1.1995314359664919 0.24825246632099154 1.551469147205353 0.59973612427711498 65.500000000000014 46.500000000000007 9.1295528411865252 10.561882495880129 0.54509064555168163 0.39271505177021032 -15.485370635986326 -12.616143703460692 0.83010989427566539 4.3163216114044198 -0.051704294979572289 -0.11626799777150153 -14.029783248901365 0.79336875677108776 0.7298206388950349 13.665840148925783 0.84236332774162304 1.0000000180025095e-35 -8.972381114959715 0.04546098783612252 -0.31107263267040247 62.500000000000007 0.6835516393184663 -7.1780233383178702 0.022800646722316745 0.51357707381248485 -22.389433860778805 -20.232173919677731 -0.0019675109069794412 0.42712301015853887 0.81149092316627514 0.68620547652244579 0.59564492106437694 17.507625579833988 0.019655645824968818 0.5464349389076234 0.67492815852165233 0.82531082630157482 17.094801902771 19.500000000000004 -0.076279435306787477 -0.66746801137924183 7.3446645736694345 -7.5599930286407462 0.75894212722778331 5.4417648315429696 -8.211544990539549 17.39129734039307 -1.2169134616851804 0.87984293699264537 9.6043229103088397 12.78464460372925 0.57242608070373546 0.047276018187403686 0.0013222623383626344 13.665840148925783 13.888162136077883 8.0514082908630389 11.126551151275637 0.78436562418937694 3.7754191160202031 1.4999970793724062 0.97740572690963756 4.6957292556762704 1.5586251616477969 -19.807924270629879 0.37701563537120825
decision_type=2 2 2 2 2 2 2 2 2 2 2 2 2 2 2 2 2 2 2 2 2 2 2 2 2 2 2 2 2 2 2 2 2 2 2 2 2 2 2 2 2 2 2 2 2 2 2 2 2 2 2 2 2 2 2 2 2 2 2 2 2 2 2 2 2 2 2 2 2 2 2 2 2 2 2 2 2 2
left_child=8 3 6 32 -5 13 14 -7 10 17 11 12 23 -4 -3 -16 -11 20 19 -19 75 -20 -12 -1 53 26 -26 28 42 41 -31 -32 37 45 36 67 74 -2 -39 -27 -14 -30 -24 -8 -45 -34 71 -17 50 -50 -18 52 -44 54 55 -23 -57 60 59 -59 -55 -61 63 66 65 -65 -63 68 -25 70 -13 72 -47 -74 -35 -10 -29 -78
right_child=1 2 5 4 -6 7 43 -9 9 16 22 69 40 -15 15 47 48 18 21 -21 -22 24 27 35 25 39 -28 76 29 30 31 -33 33 34 -36 -37 -38 38 -40 -41 -42 -43 51 44 -46 46 -48 -49 49 -51 -52 -53 -54 57 -56 56 -58 58 -60 61 -62 62 -64 64 -66 -67 -68 -69 -70 -71 -72 -73 73 -75 -76 -77 77 -79
leaf_value=0.030369753721460082 0.022003785944803778 -0.023532854665187317 0.028058469378035186 -0.0018268678092753516 0.032614143132189286 -0.019226063741299721 -0.039690283553388148 0.00086529678889289859 -0.013634740823487201 -0.0019794698386277217 -0.012041461904349236 0.043275229606315198 0.00087759527671789697 0.0016437800305797382 0.018447203670540899 0.008842554780260704 0.0029510986211430368 0.032031183285711869 0.022071433115915872 0 -0.019940502281155962 -0.018059260610138982 0.016462829378793911 0.0067626174947146194 0.0039314924018756742 0.016344008481668136 0.039518721823882767 0.017458239704752656 0.011069426612107426 -0.029870243042532482 0.023735568849112959 -0.013678064033091238 0.01407183150421502 -0.0059575866898380972 -0.033981774280745392 0.023797538435352691 -0.01340780963736388 -0.024684835913755344 0.003071507841729825 -0.0094867603614875902 -0.025810354681451538 -0.010188717811089619 -0.0074741311941172442 -0.0042850624497968561 -0.027103374041243723 -0.018892041145940505 0.013976613826352081 -0.014112855236976378 -0.0007101064147601963 0.026041648909957329 0.026855455179787598 -0.021515292192475461 0.021697536966577044 0.020958281544580383 0.029409885304876811 -0.0061637646293646563 0.028374112174005057 -0.028320028921001304 0.014201835376464208 -0.021377715344172581 -0.0079368728280475448 -0.029910730265962124 -0.018389687552138836 -0.0045446574270977657 -0.0098019781552223118 0.032358058716131205 0.0029531896835550283 0.013284122445677792 -0.017651485970588375 0.0034645464031761168 0.012713530159098829 0.00096505106095816937 0.030952426569408675 -0.0031389708448974259 0.021096460809310224 0.007763505992447667 -0.002258133900467215 0.003935285201251448
leaf_weight=52.165172768756747 56.684198830276728 105.63759789988399 56.995865190401673 61.69712726585567 83.458998408168554 187.30979506112635 76.097629612311721 183.06129823811352 55.533729819580913 106.34043380990624 232.33516799472272 48.324188727885485 48.978669427335262 430.67635908350348 59.392983330413699 48.20957494340837 63.911082996055484 100.41407174989581 73.284993020817637 69.451812196522951 109.07537112757564 74.913483278825879 79.806340016424656 65.435436643660069 112.88458909653127 49.899346323683858 64.697383973747492 64.882963607087731 83.502862274646759 158.88385570049286 43.29250106588006 70.183511162176728 85.841103948652744 60.104762136936188 44.066572532057762 54.191711800172925 275.53075074590743 68.648384530097246 1057.8387992195785 106.65511877276003 79.401056511327624 122.64222084917128 83.56108614243567 97.226799938827753 156.41947052255273 272.01576896384358 76.78820319660008 171.11240474693477 121.06579262390733 46.400767115876079 224.59358672238886 43.090713305398822 45.828107852488756 78.673104651272297 62.387362234294415 55.576726302504539 47.955068055540323 80.702613001689315 85.612957200035453 85.684215392917395 47.43339785002172 48.956672912463546 81.678738206624985 44.470212515443563 54.975598921999335 75.111083721742034 52.182492174208164 73.99239981174469 83.151265248656273 52.973944835364819 55.404218571260571 410.45208980329335 55.342895662412047 98.178189259022474 40.007028881460428 135.18296252004802 1187.8081332221627 1067.0991337187588
leaf_count=626 584 1242 758 808 1117 2291 984 2199 774 1225 2912 449 486 5401 671 532 796 1136 916 869 1452 926 1075 879 1391 653 693 793 944 1771 498 879 1007 832 557 608 3681 792 13341 1254 952 1433 926 1369 2051 3409 975 1972 1533 402 2413 603 574 993 801 649 514 912 1083 1088 539 624 1015 591 795 920 660 865 819 624 671 5043 726 1330 498 1746 15424 13488
internal_value=0 -0.00292156 -0.00791599 -3.7585e-05 0.0179992 -0.0010938 -0.0159926 -0.00926425 0.00192027 0.0050067 0 0.00715146 0.00227993 0.0050376 -0.00868205 -0.00262221 0.0129754 0.00253955 0.00433598 0.0192855 -0.00654264 0.00241428 -0.00134034 0.0094895 0.0012127 0.0090432 0.0177624 -0.000494349 -0.00583347 -0.0105284 -0.0172159 0.000509562 -0.00108935 -0.00400068 -0.01153 0.00499583 -0.00843042 0.00236128 0.0012538 -0.000743663 -0.0155472 -0.00129791 0.00290682 -0.0241572 -0.0187526 -0.000753473 -0.00225739 -0.00877921 0.0165558 0.00686142 0.0218419 -0.00332505 0.00284052 -0.00144399 0.00648531 -0.0017411 0.00985044 -0.00412787 -0.00713724 -0.0108006 0.00980704 -0.0072708 -0.00355018 0.000876197 0.00932309 0.0185433 -0.0130347 0 -0.00668709 0.0206459 0.0285041 -0.00386732 -0.00860679 0.0093249 0.00478894 0.00112699 0.00117391 0.000653026
internal_weight=0 4318.79 1572.14 2746.65 145.156 858.043 714.096 370.371 6312.64 2415.7 3896.93 614.018 457.316 487.672 384.353 278.715 562.312 1853.39 1553.6 169.866 299.792 1383.74 3282.92 328.936 1310.45 334.136 177.582 3050.58 730.791 478.505 272.36 113.476 2601.5 1418.33 419.709 276.771 375.643 1183.17 1126.49 156.554 128.38 206.145 252.286 329.744 253.646 998.618 912.777 219.322 455.971 167.467 288.505 172.48 129.389 976.314 240.833 178.445 103.532 735.481 609.375 523.762 126.107 443.059 357.375 275.696 174.557 119.581 101.139 222.579 148.587 156.702 103.728 835.989 425.537 153.521 100.112 190.717 2319.79 2254.91
internal_count=131832 54170 19470 34700 1925 10649 8821 4490 77662 29363 48299 6979 5235 6159 4417 3175 6369 22994 19022 2005 3972 17017 41320 3797 16101 3991 2084 38408 8703 5525 3148 1377 32775 18058 5568 3171 5011 14717 14133 1907 1438 2377 3178 4404 3420 12490 11483 2504 5144 1935 3209 2103 1500 12110 2890 2089 1163 9220 7688 6605 1532 5693 4605 3590 2306 1511 1284 2563 1698 1744 1120 10508 5465 2056 1330 2520 29705 28912
is_linear=0
shrinkage=0.0454652


Tree=15
num_leaves=79
num_cat=0
split_feature=27 22 11 16 10 28 15 2 16 15 23 2 2 10 11 21 16 16 15 21 23 16 16 21 12 2 11 2 16 2 27 12 12 12 2 28 11 16 8 10 15 6 12 11 2 6 11 27 15 0 11 15 27 23 10 23 15 21 22 15 2 23 21 16 16 10 2 15 28 15 2 27 8 6 2 28 27 21
split_gain=12.2311 15.8315 11.3052 14.1069 14.0728 9.20637 32.9567 19.0983 16.1753 17.9011 21.9151 11.694 22.485 15.7975 14.5705 12.7363 12.1445 15.546 11.7485 17.3434 14.6925 14.4091 10.0443 10.0315 15.6496 9.53177 9.01415 10.6728 9.2306 9.11944 8.86617 8.80123 8.27264 15.562 30.5372 14.1874 25.5532 18.7157 13.6205 16.7919 13.96 11.1851 20.3733 11.1773 12.6941 9.658 17.8663 28.2497 24.1145 22.0494 22.0543 46.8079 45.5254 21.0667 18.8651 17.9252 16.6815 16.9118 21.9016 19.8547 15.2804 18.2987 13.5498 13.1474 12.5162 15.2908 12.3398 12.3286 11.9303 15.4599 12.3685 11.5696 11.2331 12.4624 10.6608 9.67612 10.9334 9.63906
threshold=-0.92794367671012867 0.062344541773200042 0.048421159386634834 0.64065235853195202 0.020329519174993042 -0.92794367671012867 11.774623394012453 0.52749112248420726 0.25346244871616369 8.4616122245788592 1.0350275039672854 0.51632156968116771 0.41963873803615576 0.049137759953737266 0.078762572258710875 4.255937099456788 0.74886402487754833 0.34915120899677282 13.780176162719728 0.40787421166896826 0.68153032660484325 0.40622915327548986 0.28949518501758581 -1.2675034403800962 0.026216767728328708 0.37483584880828863 0.026236536912620071 1.4129218459129336 0.37731160223484045 1.4543021917343142 0.63435554504394542 -0.0013359572039917109 -0.091029364615678773 -0.037774607539176934 0.86519044637680065 -0.24825246632099149 0.021347957663238052 0.24220261722803119 1.109532952308655 0.030585374683141712 15.875994205474855 -10.55847644805908 -0.12339164316654204 0.14096013456583026 1.5371246933937075 1.0061261653900149 0.044004080817103393 -0.076279435306787477 11.316133975982668 0.87218505144119274 0.12086052447557451 29.525219917297367 0.032717135734856136 1.0208539962768557 0.13239697366952899 0.9166284203529359 24.387256622314457 0.23423270881175998 -0.46673355996608729 6.0675094127655038 0.7802720069885255 0.85589912533760082 -0.69211983680725087 0.73288285732269298 0.55747252702713024 0.1086254194378853 1.3245248198509219 23.6407585144043 0.50938662886619579 3.8943766355514531 0.75760945677757274 -0.14132478833198545 -0.97558286786079396 6.2831172943115243 1.1114063262939455 -0.52803644537925709 0.26932403445243841 -1.1364594697952268
decision_type=2 2 2 2 2 2 2 2 2 2 2 2 2 2 2 2 2 2 2 2 2 2 2 2 2 2 2 2 2 2 2 2 2 2 2 2 2 2 2 2 2 2 2 2 2 2 2 2 2 2 2 2 2 2 2 2 2 2 2 2 2 2 2 2 2 2 2 2 2 2 2 2 2 2 2 2 2 2
left_child=1 2 3 26 -4 6 7 -2 -9 10 23 12 14 22 15 18 17 -15 19 21 -21 31 -14 -10 -25 -16 27 28 -1 -28 -19 -7 35 34 -34 37 -37 41 40 -40 -36 42 -13 44 -38 56 47 -47 55 50 54 52 -52 63 66 64 57 58 59 68 61 -59 -61 -50 65 -49 -48 -54 69 -35 -70 -60 -56 -74 -65 -73 -77 -78
right_child=5 -3 4 -5 -6 11 -8 8 9 -11 -12 32 13 16 25 -17 -18 30 -20 20 -22 -23 -24 24 -26 -27 29 -29 -30 -31 -32 -33 33 45 38 36 43 -39 39 -41 -42 -43 -44 -45 -46 46 49 48 53 -51 51 -53 67 -55 72 -57 -58 60 71 62 -62 -63 -64 74 -66 -67 -68 -69 70 -71 -72 75 73 -75 -76 76 77 -79
leaf_value=0.022990773267140024 0.025585640892260089 0.0036277190716472825 0.019578037019546669 -0.025702303865490085 -0.0051286069699375703 0.01253664263729936 -0.01210636097933975 -0.0080069008057618504 0.0073090085700537799 -0.0037405963821026977 -0.0040214447479094773 -0.014248906667112501 -0.0019749132662061236 -0.010907580929326827 0.0051799005673779635 -0.021990754766816421 -0.018324072810599445 0 0.021953676361379078 0.0021838959310127148 -0.028962889226029496 0.025321363155453844 -0.023345182670530262 0.047031426383049947 0.010518211282235158 0.029383757867450747 -0.025723594805717349 -0.016003469785980905 -0.0018169938082308647 0 0.023961566185327993 -0.013732029989716692 -0.015096533636866116 0.0013330300330838118 0.002621103808237376 -0.018241554595421906 0 0.015733429957828948 0.017115842848218252 -0.011226997297225186 0.028069410623591556 -0.022201944955788089 0.022137510269358573 0 0.027821482780141384 -0.0039327169739566742 -0.0072336288532029065 0.0068269952509247452 0.013130754492872087 0.0030954225959475262 0.041607730355186258 -0.032250889238435838 -0.011905444958918061 -0.0019403907150508028 -0.0023814011258058748 -0.0087344235715382888 0.032374618404066351 -0.015646875365497054 -0.0046844820490329281 0.036994671551764995 0.0067064229605903044 0.0082515974218208346 0.0062768983358273186 0.024988547527201598 7.1483112447882569e-05 0.03374309083156244 0.014906819341389309 0.01581211127733988 -0.0092037081998058087 0.03831139373583211 0.014643709935361605 0.016834029533083966 -0.0069714093483584883 -0.030938316424422994 0.057061848550316922 0.02235279727581134 -0.0052214406033417142 0.017179277165005686
leaf_weight=43.126058569177985 64.433070808649063 383.12107507884502 48.370878808200359 122.33698756992817 474.88055176101625 40.990619020536542 497.83645619079471 285.98605649359524 68.199224073439837 227.27798608876765 92.934998037293553 77.431562408804893 67.647619925439358 87.162683056667447 94.394997401162982 49.419601511210203 67.73694727756083 54.641902752220631 47.111190127208829 52.36706755682826 63.408352432772517 57.304582627490163 185.67278815619648 57.183998296037316 52.060248771682382 56.77157212048769 75.027756629511714 58.118784993886948 79.857892101630569 41.067532330751419 68.705927385017276 57.646004686132073 320.51621556282043 49.895182523876429 654.02842982113361 41.254966860637069 42.566105779260397 95.355126468464732 46.2948062941432 272.4656639918685 44.617979817092419 71.398671129718423 48.076094226911664 58.872256563976407 184.66405260935426 425.60401321202517 353.7074385676533 123.69020307995379 98.602141102775931 1012.1136862821877 75.894260661676526 51.625990848988295 85.47542779520154 61.215581934899092 71.63074953109026 147.01089857146144 42.423050694167614 220.90002221427858 267.51275979354978 111.04090649448335 226.64225266128778 87.883952865377069 48.159339401870966 87.971396347507834 160.39195979572833 71.761202057823539 55.896123370155692 48.137129075825214 104.36056281253695 45.85836660861969 72.442561503499746 141.70938125811517 73.597602885216475 160.7235979475081 40.535051045939326 43.879942236468196 219.8231213632971 43.856781963258982
leaf_count=576 646 4569 564 1631 5911 632 6186 3749 838 2724 1398 1079 962 1133 1021 521 803 687 549 564 595 616 2405 666 555 595 1038 751 958 610 814 714 4545 615 8211 553 652 1161 639 3378 528 907 586 613 2337 5554 4377 1501 1032 12079 855 549 1014 754 897 1877 515 2676 3307 1359 2794 1134 551 1122 1732 892 671 546 1465 527 914 1819 904 2031 543 512 2874 562
internal_value=0 -0.00405411 -0.00722948 -0.0127849 -0.00261817 0.000607352 -0.00285355 0.00255278 0.00047416 0.00547067 0.0133317 0.00120128 -0.00324046 -0.00980346 0.00340703 -0.00138249 -0.00206172 0.003193 0.00189861 -0.00167542 -0.0148735 0.00794793 -0.0179498 0.0225751 0.0310679 0.015118 -0.00702935 -0.000337926 0.00695779 -0.0166954 0.0135701 -0.00227619 0.00188745 0.00137996 -0.00294579 0.00690193 0.0133444 -0.000234098 0.000879398 -0.00679507 0.00446947 -0.00837196 0 0.0182598 0.0227632 0.00256477 0.00106653 0.00540557 0.0104847 -0.00156932 -0.00644576 0.00468194 0.014454 0.020919 -0.010578 0.00428536 0.00530945 0.00452202 0.00763361 0.0156966 -0.00206948 -0.00867021 0.0283906 0.027217 0.00983788 0.0174424 -0.00397697 -0.00139242 0.00779599 0.0203743 0.000407804 0.00264772 -0.0190891 -0.0238637 0.0369198 0.00712408 0.00233163 -0.00110819
internal_weight=0 1325.91 942.786 419.535 523.251 9286.41 1345.91 848.076 783.643 497.656 270.378 7940.5 1050.98 531.568 519.414 368.247 278.247 210.511 318.828 271.717 115.775 155.941 253.32 177.443 109.244 151.167 297.198 181.103 122.984 116.095 123.348 98.6366 6889.51 6269.9 1337.92 619.619 327.357 292.261 1017.41 318.76 698.646 196.906 125.508 286.102 227.23 4931.97 3205.58 1216.78 791.178 1988.8 976.688 261.133 209.507 288.324 715.556 502.854 1726.39 1683.97 1148.54 431.757 535.426 308.784 159.2 227.109 355.843 195.451 409.604 133.613 272.557 95.7535 176.803 716.782 305.952 234.321 128.506 449.269 307.56 263.68
internal_count=131724 16608 12039 5564 6475 115116 16762 10576 9930 6181 3457 98354 12611 6804 5807 4191 3437 2634 3670 3121 1159 1962 3367 2059 1221 1616 3933 2285 1534 1648 1501 1346 85743 77855 17301 7888 4155 3733 12756 4017 8739 2572 1665 3602 2989 60554 38930 15007 9453 23923 11844 2964 2415 3451 8880 6002 21624 21109 14505 5431 6604 3810 1910 2697 4125 2393 5048 1560 3521 1142 2379 9074 3832 2935 1665 5767 3948 3436
is_linear=0
shrinkage=0.0454652


Tree=16
num_leaves=79
num_cat=0
split_feature=27 0 6 7 16 11 15 20 6 7 7 22 16 22 5 12 11 11 28 28 5 20 16 15 6 5 15 16 20 7 28 15 27 5 0 11 6 16 12 16 10 22 11 16 33 0 12 10 28 5 0 0 28 27 0 9 10 16 1 7 11 27 28 28 22 15 28 20 22 5 0 16 10 11 0 28 12 27
split_gain=13.2659 13.6974 14.7451 11.5523 12.565 14.0831 16.2509 10.1599 8.97427 12.5137 15.6214 17.5393 15.0304 14.81 11.8436 21.5718 17.4958 12.168 11.2205 24.1177 10.8855 12.7171 21.3638 20.088 13.032 10.2645 12.5035 11.5412 10.2072 12.0408 9.28248 17.5288 8.01097 18.0717 12.6806 11.8133 8.48685 15.0989 10.954 8.665 8.24041 8.20621 15.9578 20.5415 25.5555 9.98749 12.3565 9.63118 9.56355 9.43448 9.10785 8.10555 14.8256 10.8951 7.96483 10.312 7.45724 8.05775 7.4138 6.96539 7.72769 6.94305 6.8498 13.99 6.83926 9.34302 11.1073 7.11926 6.82757 7.52982 6.76629 6.46062 6.40053 6.32203 6.55341 7.49566 7.19267 6.09825
threshold=-0.95688340067863453 0.92599767446517955 0.11939581856131555 -0.49163900315761561 0.63667595386505138 0.056019868701696403 19.672369956970218 8.9693455696105975 -11.171135902404783 -14.966615200042723 -3.613934993743896 -1.3665146827697752 0.63227301836013805 -0.52950844168663014 2.0504901409149174 -0.019665233790874478 0.16392463445663455 0.11642177030444147 0.8491516411304475 0.56457334756851207 -1.6797827482223509 2.2247506380081181 0.34915120899677282 8.9759984016418475 0.5328948199748994 1.3036510944366457 5.0762314796447763 0.43306839466094976 -0.69845235347747792 -24.401401519775387 -0.92794367671012867 8.4616122245788592 0.96863394975662243 -2.0748361349105831 0.727860987186432 0.050425846129655845 -5.695720672607421 0.30486723780632025 -0.061537083238363259 0.48025193810462957 0.1861236393451691 -0.5123806595802306 0.12659852951765063 0.69862121343612682 0.9962500035762788 0.58340415358543407 0.0079088942147791403 0.12206858024001123 0.81279832124710094 -0.86404958367347706 1.5170505642890932 0.81777372956275951 -0.45201864838600153 0.79989895224571239 0.61749538779258739 0.12725055962800982 0.022927164100110534 0.72173950076103222 0.87180906534194957 -12.279249668121336 0.14644917845726016 -0.79989895224571217 0.83743050694465648 0.58244305849075328 0.37249739468097692 8.4616122245788592 -0.45201864838600153 -0.857466161251068 -0.67807558178901661 -2.5086524486541744 1.0719895362854006 0.55747252702713024 0.079700767993927016 0.035100677981972701 0.52451434731483471 0.69930991530418407 0.0032498330110684042 0.63435554504394542
decision_type=2 2 2 2 2 2 2 2 2 2 2 2 2 2 2 2 2 2 2 2 2 2 2 2 2 2 2 2 2 2 2 2 2 2 2 2 2 2 2 2 2 2 2 2 10 2 2 2 2 2 2 2 2 2 2 2 2 2 2 2 2 2 2 2 2 2 2 2 2 2 2 2 2 2 2 2 2 2
left_child=1 2 68 -3 -5 -6 -7 -8 18 14 12 -12 13 20 15 28 17 -17 19 59 62 22 24 -24 -22 32 -27 -28 29 -10 31 -29 36 -34 35 -35 37 40 39 -39 -13 42 43 44 45 46 48 50 -38 -47 51 52 -43 56 55 -54 57 71 -19 60 -2 -61 63 -11 65 70 67 -67 -1 -70 -58 -53 -16 -15 -75 -76 -77 -45
right_child=8 3 -4 4 5 6 7 -9 9 10 11 25 -14 73 72 16 -18 58 -20 -21 21 -23 23 -25 -26 26 27 30 -30 -31 -32 -33 33 34 -36 -37 41 38 -40 -41 -42 47 -44 77 -46 49 -48 -49 -50 -51 -52 53 54 -55 -56 -57 64 -59 -60 61 -62 -63 -64 -65 -66 66 -68 -69 69 -71 -72 -73 -74 74 75 76 -78 -79
leaf_value=0.0096403759324086517 -0.0083966448971670472 -0.0077121442777905273 -0.024071602671684136 0.016404097131430612 -0.017904215002706295 0.017366102840455568 -0.021302420524528735 0.0059452601326666389 0.0097456283539116961 -0.0021525874784846014 -0.022582718658441792 0 -0.015384966776435187 0.0085514171077016102 -0.0067387956042030267 -0.0010067206337949616 -0.016098368974216987 0.032346344457822272 -0.0090915227813695935 0.034857255581417605 0.014123972635925092 -0.003422646688264982 0.040013493848714471 0.0039890331641970148 -0.0080504041650786128 -0.017823467587864097 0.01636703678540135 0.020380575056356112 -0.027153994576985242 -0.010127350378997967 0.0028792440943581242 -0.0083806934675464094 -0.010447368501965903 0.027101528689037476 -0.0046488914965017863 0.0029179736299116059 0.016582671616184871 0.031038344165959384 -0.00096243228810268672 0.0061773961202775118 -0.022554105904387198 -0.014816622670951388 0.010820911300876267 -0.022543334592684688 -0.02280068468832458 0.0031474000981021348 0.027638403884720164 -0.010066489818466393 -0.010793357900456874 -0.013148388202596893 -0.0082776092022981539 0.017618362507860513 -0.0028597657548550346 -0.0069558940165947271 -0.0025226342268455447 0.025564960285554227 0.025974507182743148 0.032404431745542785 0.0065292542243210313 0.025456166229243574 0.010466608573472104 0.0017806223899228259 -0.011842472774182438 0.027664065453330645 -0.0037822528399058079 0.0057352517164780238 0.016533340741282206 -0.013842737764859189 0.004474304134917363 -0.01864266911380531 0.0019005451738483643 -0.0044695562428574013 -0.031771992789778158 0.017634872440610867 0.0015158019932705197 -0.00070175875315518657 -0.019971989589312275 -0.008049850532683353
leaf_weight=50.268807733431458 111.94957573153079 325.01179103925824 133.63280832208693 111.85464860498905 73.619981905445457 102.18868290446699 51.584089949727058 50.656801000237465 73.913391890004277 107.15853837318718 68.647848587483168 94.570753019303083 74.371372995898128 253.12842685356736 51.803985578939319 59.586630038917065 42.547774747014046 70.721071559935808 68.071165440604091 63.879226427525282 205.12467502616346 71.005053486675024 112.40728419274092 49.820659564808011 68.166280131787062 60.23325202986598 113.65972936339676 45.506288569420576 53.141923466697335 296.09584450349212 2232.832886191085 340.65214745700359 109.51445437222719 105.75147891230881 68.839648002758622 77.048720721155405 42.072003358975053 65.320979269221425 80.944848895072937 64.253033732995391 44.562668643891811 149.40768311731517 89.65056249499321 210.53568535856903 107.32337602972984 174.72123024053872 53.290161158889532 230.58348019607365 56.935425247997046 117.49170110374689 232.38970285095274 56.079406814649701 41.907375760376453 135.72238548286259 199.02903216332197 53.994260592386127 73.531316738575697 41.798830781131983 44.603901715949178 48.41154377348721 68.423685157671571 60.836359715089202 55.479901030659676 40.868910437449813 147.59811830706894 61.668742222711444 67.48846261203289 82.348996104672551 41.380764747038484 69.293743040412664 42.720099005848169 42.694354552775621 46.354160768911242 40.999753780663013 978.55862953141332 106.76886249519885 66.235507920384407 109.63271210901439
leaf_count=704 1487 3903 1941 1370 955 1101 557 574 779 1431 957 1208 898 3362 691 889 415 901 892 742 2628 903 1316 556 835 706 1353 505 659 4114 26749 4279 1356 1224 831 968 606 747 1012 694 477 1525 1028 2789 625 2548 680 2674 905 1543 2867 743 533 1679 2416 680 869 487 545 592 835 802 748 530 1948 797 766 1000 615 978 581 568 637 482 12667 1468 744 1358
internal_value=0 -0.00488285 -0.0130813 -0.00138177 0.00379646 -0.00126657 0.0047245 -0.00763364 0.000585965 0.000280467 0.000784051 -0.000384252 0.00404502 0.00476577 -0.0053682 -0.00296425 0.00845888 0.0149361 0.0070442 0.0103561 0.0101419 0.0136945 0.016602 0.0296133 0.0083801 -0.000112579 0.00191027 0.00238902 -0.00897358 -0.00596403 0.00173926 -0.00468849 -0.00182331 0.00448712 0.0112405 0.017456 -0.0026121 0.00394295 0.0116241 0.0196409 -0.00733859 -0.00351007 -0.00685774 -0.00877294 -0.00330016 0.00146411 0.0108232 -0.0015281 0.000562718 -0.00333105 -9.09194e-05 0.00148193 -0.00330522 0.00437897 0.00248592 0.0130466 0.00698471 0.0161607 0.0233347 0.00437637 -0.000903183 0.0132419 0.000969174 0.00628069 0.00405486 0.00773424 0.00168829 -0.00520307 -0.00329032 -0.00972267 0.017898 0.00779842 -0.0198347 0.00207057 0.000629711 0 -0.00864545 -0.0178948
internal_weight=0 1009.49 294.576 714.916 389.904 278.05 204.43 102.241 9583.39 9161.82 8423.05 6192.95 2230.09 2155.72 738.769 640.611 217.459 174.912 421.572 353.5 710.031 506.524 435.519 162.228 273.291 6124.31 2792.88 2732.65 423.151 370.009 2618.99 386.158 3331.42 361.154 251.64 182.8 2970.27 349.652 210.519 129.574 139.133 2620.62 961.653 872.002 551.834 444.511 152.298 1658.96 99.0074 292.213 1428.38 1195.99 444.338 751.651 294.931 95.9016 615.928 140.573 115.325 289.621 180.373 109.248 203.507 148.027 475.356 327.758 211.506 144.018 160.943 110.675 116.251 98.7738 98.1581 1445.69 1192.56 1151.56 173.004 320.168
internal_count=131527 12698 4238 8460 4557 3187 2232 1131 118829 113479 103849 75281 28568 27670 9630 8302 2750 2335 5350 4458 8947 6238 5335 1872 3463 74324 33592 32886 5552 4893 31533 4784 40732 4379 3023 2192 36353 4138 2453 1441 1685 32215 12082 11054 6907 6282 2191 20133 1511 4091 17459 14592 5154 9438 3629 1213 7759 1798 1446 3716 2322 1394 2709 1961 5961 4013 2563 1797 2297 1593 1450 1311 1328 18723 15361 14879 2212 4147
is_linear=0
shrinkage=0.0454652


Tree=17
num_leaves=79
num_cat=0
split_feature=30 21 18 20 2 15 11 27 29 11 20 16 0 20 11 0 27 15 2 2 17 1 2 2 21 16 21 27 27 16 27 27 16 11 16 27 11 17 16 11 16 20 2 21 21 0 15 11 6 11 11 21 16 15 18 16 16 27 18 20 12 0 11 0 11 16 27 2 15 6 11 15 20 12 21 27 6 6
split_gain=24.8963 27.9764 38.6907 25.7333 25.6171 20.7255 18.0003 16.6404 16.2883 14.8556 12.7884 24.7707 17.9875 15.5674 19.2768 16.4857 19.6703 13.8347 13.7883 13.2394 15.0283 12.7869 12.8622 17.7782 12.5119 12.7372 15.8719 12.2057 16.9311 22.6278 12.0406 11.8823 11.8808 15.5161 11.8541 11.6853 11.4427 13.3305 10.6694 14.4829 14.1579 10.0056 11.2834 12.3693 13.9441 12.2721 11.6347 10.3592 14.4065 13.421 9.95605 9.87226 20.4137 15.9752 16.0094 14.9573 14.514 32.8302 19.1051 13.3762 12.6742 12.442 11.1559 15.657 10.9585 10.8027 14.3227 11.0446 10.4289 11.207 9.86442 16.5052 9.82901 9.54273 9.32416 9.15204 11.6872 12.814
threshold=1.0000000180025095e-35 4.6639978885650644 73.500000000000014 3.6394506692886357 0.59143278002738964 14.124184608459474 0.056019868701696403 0.8491516411304475 -1.0000000180025095e-35 0.0077972090803086766 0.34287434816360479 0.53654330968856823 0.86909446120262157 2.3533394336700444 0.057041887193918235 0.45655670762062078 0.032717135734856136 7.9843263626098642 0.68465691804885875 2.1654953956604008 61.500000000000007 0.43910923600196844 0.41963873803615576 0.39477169513702398 10.019982337951662 0.58766046166419994 1.8163083195686343 -0.79989895224571217 -0.52803644537925709 0.21588692069053653 -0.86046862602233876 -0.88186877965927113 0.51087915897369396 0.06500831246376039 0.43306839466094976 0.29026740789413458 0.060128781944513328 29.500000000000004 0.63227301836013805 0.072454560548067107 0.29333269596099859 -1.3374747633934019 1.4874799251556399 -7.3108861446380606 -5.3019189834594718 0.84931650757789623 2.1426999568939213 0.06500831246376039 -1.4965090751647947 0.096577454358339324 0.044973179697990424 4.4939820766448983 0.65259727835655224 19.86766338348389 86.500000000000014 0.85950538516044628 0.88026252388954174 -0.83743050694465626 88.500000000000014 -0.25179439783096308 0.052204586565494544 0.91198012232780468 0.05448474548757077 1.2506819367408755 0.16127818822860721 0.58766046166419994 -0.83743050694465626 0.47597421705722814 9.2087798118591326 -2.3028689622879024 0.15659710764884952 24.792940139770511 3.7851735353469853 -0.027180258184671399 -1.5924408435821531 0.65106672048568737 6.1733596324920663 3.6197682619094853
decision_type=2 2 2 2 2 2 2 2 2 2 2 2 2 2 2 2 2 2 2 2 2 2 2 2 2 2 2 2 2 2 2 2 2 2 2 2 2 2 2 2 2 2 2 2 2 2 2 2 2 2 2 2 2 2 2 2 2 2 2 2 2 2 2 2 2 2 2 2 2 2 2 2 2 2 2 2 2 2
left_child=9 5 4 7 -3 8 -7 -4 -2 -1 11 17 -13 15 75 -12 -17 19 32 20 34 24 23 38 25 27 -27 -11 -29 -30 -21 -5 33 -18 74 -14 37 -20 40 -40 -23 42 43 -22 45 -45 -44 48 -43 -49 -19 52 62 56 70 -56 59 -58 72 -53 -57 -54 63 65 -62 66 -24 -68 69 -65 71 -55 -59 -6 -10 76 77 -15
right_child=1 2 3 31 73 6 -8 -9 10 21 13 12 35 14 -16 16 18 50 36 30 41 22 51 -25 -26 26 -28 28 29 -31 -32 -33 -34 -35 -36 -37 -38 -39 39 -41 -42 47 46 44 -46 -47 -48 49 -50 -51 -52 53 61 54 55 60 57 58 -60 -61 64 -63 -64 68 -66 -67 67 -69 -70 -71 -72 -73 -74 -75 -76 -77 -78 -79
leaf_value=-0.0057525884559302565 -0.020711336808850043 -0.028482304423364663 -0.029128108264409817 -0.025037261956352516 0.023697218522762263 0.024673262259412972 0.00081022385515311433 -0.00052616185383258757 0.002545404378222608 -0.0056813649081994613 0.030541299204204585 -0.026224899053322724 0.0079623729514570769 -0.009779147392335678 -0.023492708138994886 -0.0047044472207297241 -0.0043381287896925433 -0.00040938282675487319 -0.0047758593089178127 -0.0029836891197195059 -0.023684570510979188 -0.0033081167098980208 -0.0033595992748725397 0.030531702150284282 0.02683302134000707 -0.024063737007860048 0.0037013617136202287 0.036905926072375098 -0.0092412044418064433 0.018070609336915622 0.022180922108959836 -0.0012220486838690286 0.034180309970396977 0.030125426928130219 -0.016229817997291715 -0.019819708524493378 -0.015596523344043134 0.024518123489973669 -0.017623731077960603 0.012257360992295243 0.027064177459936587 0.0010348841852461596 0.013676783243305872 0.023507415402689642 -0.013689247434503466 -0.0091204743234604268 -0.0094865538026809807 0.025716775201637038 -0.028255367891337119 -0.0045826540005038437 0.020761595917500035 0.023379569873016617 -0.014612759141915354 -0.0069761254718068537 0.024971709766993113 -0.018334953610124261 0.047753823684379582 0.032546713229049694 -0.010815630110495581 0.0010923687599798605 -0.0016334268445579736 -0.00075126848234302775 -0.0018349066133706345 -0.00042947163724356543 0.021048729826622425 -0.0044303078024767765 -0.010042815888562579 0.01222756691379707 0.011996901689097911 -0.018123361543523522 -0.016912200711830066 0.02046361761332386 0.0067046055546738275 0.002973110102232892 0.022135427252944408 0.014037191853749667 -0.022636420571005025 0.018704969160643573
leaf_weight=482.65735724382102 86.551658693701029 44.62261388450861 281.41047660261393 50.569120094180107 53.686763698235154 114.84703271463513 155.52065187878907 53.587318422272801 334.94269373454154 68.26019368134439 54.083789527416229 149.85451881028712 77.088903892785311 66.96765866689384 81.033803801983595 248.80296168103814 62.701985465362668 79.06893315911293 58.728851284831762 68.765600318089128 168.7319068480283 50.508210219442844 168.7871003523469 68.063793258741498 64.820430198684335 48.738535910844803 209.66779910586774 56.241891009733081 85.80987055785954 195.2459793779999 77.122296061366796 236.42716935090721 74.906446373090148 39.947163989767432 53.520695677027106 46.097117135301232 47.665396781638265 58.909941300749779 72.304276572540402 54.405762018635869 68.254137996584177 117.26121794804931 70.005660241469741 43.008535753935575 240.18625918775797 42.294815836474299 109.16120070405304 55.866273598745465 43.42298261448741 54.344544773921371 92.226726016029716 60.727131944149733 292.84293316863477 230.26491977646947 70.293506648391485 48.13572907820344 54.413826366886497 54.610314490273595 66.100299436599016 441.27667225897312 106.42503309249878 258.76666183769703 1261.0551158413291 199.09495786577463 66.515110339969397 149.46687633916736 43.560884263366461 764.58625743538141 64.563672319054604 119.74715770967305 126.70188837684691 51.788067186251283 81.949567314237356 274.75813129357994 57.327988095581532 78.118955418467522 47.289048155769706 55.22846507653594
leaf_count=6014 1215 556 3634 720 602 1360 1972 741 4352 896 638 1832 1032 800 976 2857 894 988 718 926 2223 563 2225 792 778 642 2686 629 1175 2306 1044 3007 714 466 619 575 547 692 665 586 722 1455 902 586 3053 560 1405 604 617 649 1098 755 3611 2957 736 567 739 645 718 4964 1307 3210 16332 2427 663 1827 581 9328 838 1538 1432 772 1012 3531 797 1096 502 614
internal_value=0 -0.00263172 -0.00930335 -0.0162199 0.00214967 -0.000603335 0.0113409 -0.0247582 -0.00169499 0.00185068 -0.00109363 -0.00320197 -0.0158243 0.0031369 -0.00479097 0.00725143 0.00484579 -0.00112184 0.0118905 -0.00252291 -0.003923 0.00249275 0.0016715 0.0105494 0.00812654 0.00607435 -0.00164264 0.0110778 0.0146397 0.00954796 0.0102359 -0.0058784 0.0205721 0.00925647 0.00286176 -0.00235309 0.00200627 0.00982347 0.0044042 -0.00443856 0.0140697 -0.00717602 -0.0101299 -0.0136497 -0.00807054 0.00710677 -6.66429e-05 3.06656e-05 -0.00708871 0.0107197 0.0109292 0.00107067 -0.000285659 0.00418443 -0.000707106 0.00729944 0.00873963 0.0175005 0.00835848 0.00405179 0.00111257 -0.00825128 0.00129233 0.00393446 0.00709931 0.00664588 0.0084016 0.0109226 -0.00389156 -0.00737101 -0.00654826 -0.00154717 0.0180309 0.00675683 0.00573008 0.00141774 -0.00431125 0.00289705
internal_weight=0 4306.66 995.062 621.994 373.068 3311.6 270.368 334.998 3041.23 6306.65 2954.68 1980.3 273.041 974.384 328.638 645.747 591.663 1707.26 342.86 1535.96 1390.07 5823.99 5095.21 313.536 728.785 663.964 258.406 405.558 337.298 281.056 145.888 286.996 177.556 102.649 445.791 123.186 165.304 117.639 245.472 126.71 118.762 944.283 673.388 494.222 325.49 85.3034 179.167 270.895 160.684 110.211 171.296 4781.67 3322.47 1459.2 700.124 291.369 759.078 257.074 202.66 502.004 221.076 551.61 2770.86 1509.81 172.94 1126.4 976.934 808.147 383.406 318.842 408.755 282.053 136.56 328.445 392.271 247.604 169.485 122.196
internal_count=131807 54169 12791 8102 4689 41378 3332 4375 38046 77638 36831 25317 3439 11514 3988 7526 6888 21878 4031 19792 17822 71624 62512 3328 9112 8334 3328 5006 4110 3481 1970 3727 2074 1360 5768 1607 1957 1410 2536 1251 1285 12054 8729 6422 4199 1146 2307 3325 2072 1253 2086 59184 41917 17267 8434 3273 8833 3114 2375 5719 2537 6821 35096 18764 1970 13961 12134 9909 4803 3965 5161 3729 1657 4133 5149 3012 1916 1414
is_linear=0
shrinkage=0.0454652


Tree=18
num_leaves=79
num_cat=0
split_feature=29 27 29 18 7 12 20 33 18 17 0 2 28 18 28 21 7 20 16 33 27 2 0 2 27 29 21 22 33 12 2 7 28 2 7 18 33 7 28 7 2 12 29 2 0 33 16 0 2 0 29 28 0 22 2 16 7 7 2 7 16 18 7 16 12 2 21 12 21 18 17 16 7 17 18 29 16 2
split_gain=15.894 9.81377 13.9771 19.9437 27.7813 28.4531 15.1267 29.8397 28.6685 12.9576 11.363 10.5618 22.7407 16.9576 20.1541 15.6176 14.1004 18.4388 17.8798 13.4995 12.465 19.3964 12.0271 11.9544 11.4858 21.7421 20.4888 20.7548 34.4768 15.6458 14.7648 13.3315 26.3939 25.545 17.8992 16.3962 14.4946 13.0818 24.6449 15.3205 21.8214 17.9266 12.2127 11.4157 12.6062 14.1651 23.9122 11.7422 12.9602 11.6892 11.5211 11.7731 11.5118 10.8128 14.9603 10.5916 30.5862 21.4238 19.4554 19.0437 16.8381 16.5589 18.183 50.979 21.2823 14.9485 12.4922 13.697 12.3669 23.2695 17.615 13.2719 11.4632 10.9494 10.7244 10.3934 10.2157 10.2125
threshold=-0.60785761475563038 -0.92794367671012867 0.6078576147556306 9.5000000000000018 1.0000000180025095e-35 0.081046190112829222 5.153980255126954 0.9962500035762788 83.500000000000014 20.500000000000004 0.99279648065567028 1.6387592554092409 0.29026740789413458 36.500000000000007 0.83743050694465648 -10.586807727813719 17.094801902771 2.6373635530471806 0.53237396478652965 0.9962500035762788 0.43245348334312445 2.761385560035706 0.89853599667549144 2.4802176952362065 0.7298206388950349 -1.0000000180025095e-35 -0.12272710353136061 -0.67106106877326954 0.9962500035762788 0.054293641820549972 0.48800732195377355 -13.167594432830809 0.97381904721260082 0.59973612427711498 -11.060052394866942 61.500000000000007 1.497500002384186 -4.3606286048889151 0.076279435306787505 10.402894020080568 0.56259247660636913 0.016249502077698711 -1.0000000180025095e-35 1.2858750224113467 0.85936501622200023 1.497500002384186 0.74886402487754833 0.48393046855926519 0.61770489811897289 1.6049497723579409 1.0000000180025095e-35 -0.99275061488151539 0.97740572690963756 -0.71363079547882069 0.63104537129402172 0.63667595386505138 7.1315376758575448 -0.7348930537700652 0.59973612427711498 3.6346929073333745 0.54483622312545787 59.500000000000007 -1.3314390778541563 0.34915120899677282 -0.0083950632251799089 1.1261214017868044 -1.1364594697952268 0.014298472553491594 9.4258751869201678 72.500000000000014 38.500000000000007 0.7448621690273286 -2.1775496006011958 86.500000000000014 75.500000000000014 -1.0000000180025095e-35 0.83503982424736034 0.35468783974647528
decision_type=2 2 2 2 2 2 2 10 2 2 2 2 2 2 2 2 2 2 2 10 2 2 2 2 2 2 2 2 10 2 2 2 2 2 2 2 8 2 2 2 2 2 2 2 2 8 2 2 2 2 2 2 2 2 2 2 2 2 2 2 2 2 2 2 2 2 2 2 2 2 2 2 2 2 2 2 2 2
left_child=-1 2 6 -4 -5 -6 7 10 -8 -7 -2 15 22 14 23 19 17 18 -15 -3 21 -18 -13 -14 26 29 31 28 -28 37 77 36 34 -34 35 -33 -17 38 -26 40 -39 -42 -38 44 47 46 -46 -32 -49 50 -47 -52 -53 -44 -55 58 57 -57 61 -59 65 62 63 64 -27 66 72 -68 70 -70 -58 -72 73 -60 -69 -45 -41 -29
right_child=1 11 3 4 5 9 8 -9 -10 -11 -12 12 13 16 -16 24 20 -19 -20 -21 -22 -23 -24 -25 25 55 27 30 -30 -31 43 32 33 -35 -36 -37 42 39 -40 76 41 -43 53 75 45 49 -48 48 -50 -51 51 52 -54 54 -56 56 68 59 60 -61 -62 -63 -64 -65 -66 -67 67 74 69 -71 71 -73 -74 -75 -76 -77 -78 -79
leaf_value=-0.015567375483745935 -0.0046005638328173075 -0.0039349138181929448 0.011832913894065279 -0.025758076852413849 0.011050454921746122 -0.0045648949671627456 -0.0017300534304979585 -0.021385349082342766 0.041436046036412981 -0.034294573265641379 0.0086295478218472235 -0.013657515005032796 0.040801703199741211 -0.0014805834086549651 -0.00059547907013991969 0.011813656448356412 0.040705874957917568 -0.012939631958215013 0.026833060689627104 -0.028424432417566294 -0.0024878588367893183 0.004454833470825658 0.0012555218482365694 0.011595511650677098 0 0.020342688316835236 -0.0057082663531094775 0.0039695807428712371 -0.034341210564706494 0.030677370047735655 0.017058873502417249 0.0038162818539901654 -0.0029040751122654538 0.027533369902214173 0 0.034716246617321915 0.012602700043799139 -0.022083506432293377 0.039758881775613264 0.031048584074808889 0.026975102614916348 -0.0078024961284534726 0.0045373615015961641 0.0079797396119827366 0.028320185375050294 -0.0041235727078298284 -0.00083225498543978982 0.0068100579053579254 -0.0093145074261504306 -0.010483807968036312 -0.013256590703892979 0.02335501798002499 0.0054903924889098191 0.0029401585565916964 -0.023856526455383359 -0.0061672448859267206 0.0025597968660515226 0.035981457429000878 -0.0098556232789488614 0.0082242029417158094 -0.02093126468152718 -0.0077959190378016716 -0.0020439357418004095 0.063620020472947639 -0.01892054530024791 0.0098196426687280191 0.021863337676862899 -0.023010065748963981 0.034623116365871391 -0.0090816927219679443 -0.00095719670578125928 -0.028667449666578936 -0.022854984444994907 0.011905801928262927 0.0083838889083039658 -0.011383232010319794 0 -0.017628998088157603
leaf_weight=132.64478360675275 248.18104100227356 156.80018137954175 74.041816214099526 194.13772735185921 137.41495704837143 74.946919860318303 80.787085706368089 134.01451507210732 46.014853881672025 54.673044251278043 277.29989412799478 125.79599434323609 85.890721427276731 120.64470589160919 58.655707931146026 75.553848147392273 60.855439644306898 135.5104474965483 67.362894490361214 67.098747536540031 51.549858501181006 66.106940973550081 780.34148355014622 57.372258638963103 69.03975835442543 72.169971557334065 450.07695380225778 54.048135466873646 106.49894061684608 71.312189139425755 46.781744735315442 97.610225325450301 80.356535149738193 166.69936889968812 1433.2300398722291 57.020463330671191 38.738949531689286 84.231049656867981 60.104361182078719 46.779650362208486 50.75025774165988 63.213592156767845 51.755978556349874 65.058233553543687 117.47346526384354 213.13855877146125 105.05546675622463 127.30946399457753 440.60335282981396 132.02510372921824 39.511731455102563 113.1181461289525 244.73942660726607 51.813127737492323 171.96934651955962 61.980819385498762 185.3187147565186 112.84580810368061 231.09545102156699 106.16097481548786 128.43141671456397 107.70481094531715 95.576686903834343 40.926231276243925 40.821051923558116 140.91248574107885 55.102888632565737 38.397475965321064 43.406956318765879 48.156440667808056 63.854735020548105 90.682118810713291 111.93206356465816 54.536832666024566 41.62647663615644 289.07106569036841 43.947076248005033 176.98385257460177
leaf_count=1807 3975 2352 945 2525 1734 918 979 755 495 697 3608 1584 1015 1400 789 409 605 1663 819 392 498 748 10019 610 959 927 6523 522 637 742 538 1283 1025 1941 18036 653 630 967 710 599 687 699 832 780 637 3223 578 1528 5041 1968 636 1473 3552 755 2477 609 2365 1191 3013 1216 1548 1361 1184 441 654 1780 719 548 519 595 881 1158 1274 806 571 3637 548 2070
internal_value=0 3.08039e-05 -0.00362019 -0.00925941 -0.0128248 -0.00299581 0.000184599 -0.00254024 0.0143661 -0.0181343 0.00230166 0.000565328 0.00390379 0.0100142 0.0210988 -0.000143658 0.00532517 -0.000225325 0.00876513 -0.0118658 0.0154315 0.0229302 -0.000813218 0.0300824 0.000215274 0.002827 -0.00102285 -0.00367279 -0.0114844 0.011322 -0.00162417 0.00219768 0.00383563 0.017553 0.00163113 0.0161184 -0.00534803 0.00763999 0.0194741 0.00198605 -0.00492505 0.00766896 -0.00972566 -0.000289751 0.00134245 0.00459885 0.0145752 -0.00368783 -0.00559175 0.00148032 0.00419947 0.00878178 0.011472 -0.0131776 -0.0174966 0.000559972 0.00492785 0.0165101 -0.00209025 0.0231421 -0.00604483 0.00662207 0.0130639 0.0225643 0.00557588 -0.00302548 -0.00656314 0.00502659 -0.00258792 0.0117211 -0.00667829 -0.0178446 -0.0106349 -0.00542297 -0.00648571 -0.00763938 0.0171597 -0.0123875
internal_weight=0 10462.8 1321.51 535.214 461.173 267.035 786.297 659.495 126.802 129.62 525.481 9141.25 1610.09 703.949 201.919 7531.16 502.03 323.518 188.008 223.899 178.512 126.962 906.137 143.263 7307.26 2361.02 4946.24 2721.49 556.576 489.378 2164.92 2224.75 1834.92 247.056 1587.86 154.631 389.831 418.066 129.144 288.922 198.195 113.964 314.277 1933.89 1579.76 965.062 222.529 614.695 567.913 742.533 610.508 397.369 357.858 275.538 223.782 1871.64 712.407 280.988 1159.23 219.007 802.035 357.199 249.494 153.917 112.991 673.604 532.691 135.127 431.419 91.5634 339.856 154.537 397.564 285.632 80.024 354.129 90.7267 231.032
internal_count=131587 129780 16631 6819 5874 3349 9812 8338 1474 1615 7583 113149 19750 8147 2414 93399 5733 3882 2219 2744 1851 1353 11603 1625 90655 29271 61384 33343 7160 5911 26183 28041 22938 2966 19972 1936 5103 5169 1669 3500 2353 1386 4694 23591 19174 12067 1215 7107 6569 10852 8884 5661 5025 4064 3232 23360 8534 3016 14826 2407 10259 4567 3206 2022 1581 8711 6931 1838 5518 1114 4404 2039 5093 3819 1119 4417 1147 2592
is_linear=0
shrinkage=0.0454652


Tree=19
num_leaves=79
num_cat=0
split_feature=29 20 14 33 21 14 7 3 18 7 7 15 18 29 14 15 21 14 14 15 18 31 16 11 23 3 15 29 3 0 7 3 20 21 31 11 18 3 20 21 3 0 11 32 7 33 18 3 18 0 15 18 23 3 20 3 21 21 7 31 14 21 20 23 3 3 20 7 11 20 29 15 0 3 14 21 0 15
split_gain=15.4755 10.1313 9.25674 21.2086 23.1159 16.1339 26.3323 18.6747 20.2754 25.2752 17.5119 16.2931 30.6357 21.5158 15.8327 14.7307 17.8165 20.2551 28.0177 29.1426 31.8601 17.1016 19.4668 18.302 14.6024 23.4736 15.6229 14.9188 22.1195 14.1022 13.7413 13.3695 16.9922 13.3688 13.1939 13.0869 13.2322 12.8254 12.2573 13.0167 11.8007 16.5363 13.2254 27.9773 26.5194 23.3907 23.2889 21.0176 20.7489 19.288 31.3555 36.7461 26.181 22.978 23.417 16.4272 15.4405 17.0829 20.9281 20.1459 15.5174 14.6045 14.2683 13.5358 13.0661 13.1216 11.8835 11.7554 28.1039 14.6583 11.691 13.5248 11.6636 17.3023 11.6691 13.5445 11.3412 11.5052
threshold=-0.60785761475563038 0.1838251203298569 -20.458136558532711 0.9962500035762788 -9.5084285736083967 -7.6862671375274649 -0.2452077120542526 0.86934381723403942 30.500000000000004 0.4839892983436585 -11.866725921630858 8.1206312179565447 47.500000000000007 0.6078576147556306 -6.263709068298339 3.7754191160202031 1.8163083195686343 -15.939610481262205 -13.251471042633055 5.5058355331420907 21.500000000000004 1.0000000180025095e-35 0.54924660921096813 0.044479016214609153 1.1357205510139468 0.59732112288475048 6.6201243400573739 0.6078576147556306 0.27799621224403387 0.62869405746459972 1.3182991147041323 0.26656983792781835 -0.47255186736583704 -1.9738178253173826 1.0000000180025095e-35 0.13613304495811465 52.500000000000007 0.59160920977592479 1.9292965531349184 -1.3355268836021421 0.94977384805679332 0.73999491333961498 0.047921016812324531 1.0000000180025095e-35 16.251422882080082 0.9962500035762788 71.500000000000014 0.21468505263328555 24.500000000000004 1.0046422481536867 15.599032878875734 40.500000000000007 0.75569376349449169 0.54299059510231029 1.1615638732910158 0.35459616780281072 1.0000000180025095e-35 1.9521743059158327 2.0141540765762334 1.0000000180025095e-35 -4.4329466819763175 11.961504936218263 0.15336080640554431 0.89585822820663463 0.32975022494792944 0.46627537906169897 1.4707107543945315 -1.450183570384979 0.040578691288828857 1.8107038140296938 1.0000000180025095e-35 11.589590072631838 1.1490981578826907 0.50141721963882457 -25.470026969909664 -13.568727016448973 0.9085620939731599 12.071125984191896
decision_type=2 2 2 10 2 2 2 2 2 2 2 2 2 2 2 2 2 2 2 2 2 2 2 2 2 2 2 2 2 2 2 2 2 2 2 2 2 2 2 2 2 2 2 2 2 10 2 2 2 2 2 2 2 2 2 2 2 2 2 2 2 2 2 2 2 2 2 2 2 2 2 2 2 2 2 2 2 2
left_child=1 -1 3 4 72 7 11 15 10 -10 -9 12 37 -14 -13 31 17 -17 19 20 -19 22 -18 -24 25 27 30 67 -29 -21 -27 -4 -33 -28 -12 -6 -37 -7 39 -30 42 -42 43 48 49 46 47 -46 62 50 53 52 -52 54 64 -49 -50 59 -59 -58 -60 -57 -8 -47 -44 -66 -55 68 69 -20 -62 -72 73 74 75 -2 -45 -78
right_child=2 -3 5 -5 35 6 40 8 9 -11 34 14 13 -15 -16 16 21 18 24 29 -22 -23 23 -25 -26 26 33 28 38 -31 -32 32 -34 -35 -36 36 -38 -39 -40 -41 41 -43 44 76 45 63 -48 55 56 -51 51 -53 -54 66 -56 61 57 58 60 -61 70 -63 -64 -65 65 -67 -68 -69 -70 -71 71 -73 -74 -75 -76 -77 77 -79
leaf_value=-0.025331025241087497 -0.0068715853676533508 0 0.023595528167247685 -0.016167338277638697 -0.0189265548513433 0.0018071171834575109 -0.01612637228069623 0.027909778647491407 -0.023257047413974222 0.0042011175002249048 -0.0052143014074207388 -0.00053049266076517676 0.03026774597548957 -0.0027441710000175776 -0.019968965448660211 -0.0032274453154947352 -0.014131521764983624 0 0.0090334227523347563 0.025467098162745498 0.048301450617202597 -0.017975313524035644 0.034095560154778888 0.0025703489689733964 -0.0023411565326676136 0.015793399526439184 0.007534020783831352 0.040887146362538714 0 0.003551824393539669 -0.011781993759362354 0 -0.019309971833585491 0.038877441992804497 0.020279667140695623 -0.010780697194510296 0.021343708178852779 -0.026108966161622296 -0.011494883325001107 0.02055068786493108 0.030537985145466122 0.0035002655190719016 0.010261180656390621 -0.020955325395358125 0.027778833009207159 0.028372676944956533 -0.0072526272437594399 -0.011326723177544018 0.030320114905415928 0.00074679789297239904 -0.012837953371623169 -0.024372281887961426 0.031681317882217709 0 0.023809215048958134 0.025499581402745348 -0.013242893143785173 0.02877611472166295 0.019524850108057278 0.014821753173788151 0.01374805969170218 -0.001412480302974504 0.01298975298898516 0.0041809399710367491 -0.02046718054981142 0.0092924347638871502 -0.023045443266183047 -0.0065870974031255591 -0.007241227882355112 0.040433068701092076 -0.022504502163093996 0.0025319500045656788 -0.0028839378629437187 0.024708044127901747 -0.012948525355242652 0.025603662644750346 0.0053127875568528219 -0.013660555709712002
leaf_weight=78.520287290215492 41.983853837475181 56.273202775046229 39.50878531485796 227.31172867119312 160.92262759059668 48.057067755609751 116.06812380440533 44.57082835957408 188.03042143210769 102.46095886453986 274.38831479661167 125.83507432229817 72.834229350090027 80.478162271901965 318.72034604661167 343.80364399217069 98.821970524266362 40.533091185614467 101.83397666923702 85.240159912034869 103.6237905304879 112.59652435779572 45.690026242285967 183.68070663325489 352.03437747620046 146.2201440371573 47.830539379268885 42.929898880422115 123.13618547841907 216.52840816788375 44.354341447353363 886.35331341065466 101.70064359158278 98.47332246042788 45.061774998903275 64.037414712831378 38.951817203313112 88.548189751803875 55.485836066305637 136.94874732382596 53.216563060879707 298.03852260485291 91.277947455644608 95.387605108320713 83.133043313398957 100.90845732390881 442.91532034426928 108.73614927567542 67.798154117539525 516.50203982368112 60.78025989793241 393.84051389619708 42.441366784274578 80.430191721767187 95.52710553444922 73.337624358013272 138.48430457524955 119.27375426702201 136.335578083992 79.177674343809485 95.331379435956478 82.528022617101669 43.69645256921649 100.8533624112606 95.688979977741838 38.75020619481802 117.69756460748613 295.01225419342518 153.68600375950336 46.56465533003211 60.45226533152163 133.70146809704602 182.11459928192198 116.41344122588634 62.754197472706437 55.575496001169086 150.70132077299058 109.2490658890456
leaf_count=1025 566 837 495 1286 2378 590 1433 536 2371 1110 3396 1481 903 937 3841 4722 1172 603 1238 912 1284 1413 596 2201 4581 1726 567 493 1602 2614 562 12287 1260 1177 596 914 554 1134 810 1622 671 3907 1003 1319 1034 525 6108 1584 732 6140 754 5017 522 996 1126 1040 1611 1404 1543 841 1188 958 577 529 1327 508 1327 3741 1793 472 744 1585 2613 1701 1034 766 1905 1294
internal_value=0 -0.0151943 8.02256e-05 -0.00418353 -0.000277721 0.000512748 -0.00127554 0.00246795 -0.00458588 -0.0134826 0.00245207 -0.00919631 -0.000610309 0.0130075 -0.0146304 0.00366701 0.00533762 0.00686517 0.0085514 0.0186639 0.0353676 -0.00297411 0.00218343 0.00954579 0.00574024 0.00797945 0.0182725 0.00423766 0.0115137 0.0101592 0.00901233 -0.000962563 -0.00208684 0.0294378 -0.00125667 -0.0109661 0.00126436 -0.0161742 0.00689369 0.0111184 9.83158e-05 0.00803786 -0.000617245 0.00300101 -0.00256629 0.00318376 -0.000308392 0.00837945 0.0069486 -0.00631913 -0.0099461 -0.0180727 0.00552158 -0.00199507 0.00539441 0.00177327 0.00985657 0.0078222 0.0121132 -0.00272901 0.00710329 0.011273 -0.00773992 0.0168401 -0.00247148 -0.0115162 -0.0140845 -9.83326e-05 0.00608253 0.0200252 0.000896786 -0.00532053 0.00580703 0.011659 0.00150812 0.0114338 -0.00781905 -0.00256436
internal_weight=0 134.793 10463.9 950.065 722.753 9513.84 4956.73 4557.1 654.512 290.491 364.021 734.473 289.918 153.312 444.555 3902.59 2875.03 2434.24 2090.44 445.925 144.157 440.789 328.193 229.371 1644.51 1292.48 336.878 955.598 358.501 301.769 190.574 1027.56 988.054 146.304 319.45 263.912 102.989 136.605 315.571 260.085 4222.26 351.255 3871.01 1345.66 2525.35 992.412 790.65 347.735 990.319 1532.94 1016.43 497.062 103.222 519.372 321.244 264.602 830.555 762.756 545.094 217.662 425.821 155.866 159.765 201.762 225.717 134.439 198.128 597.097 302.085 148.399 289.485 194.154 458.842 276.727 160.314 97.5593 355.338 259.95
internal_count=131764 1862 129902 11812 10526 118090 60138 57952 8009 3481 4528 8886 3564 1840 5322 49943 35901 30519 25797 5413 1887 5382 3969 2797 20384 15803 4032 11771 4527 3526 2288 14042 13547 1744 3992 3846 1468 1724 4034 3224 51252 4578 46674 16176 30498 11778 10724 4616 11658 18720 12580 6293 1276 6287 3964 3582 9648 8916 6464 2452 5060 1998 2010 1054 2838 1835 2323 7244 3503 1710 3517 2329 6680 4067 2366 1332 4518 3199
is_linear=0
shrinkage=0.0454652


Tree=20
num_leaves=79
num_cat=0
split_feature=30 21 22 27 3 6 27 7 33 11 29 16 14 22 3 21 22 11 3 2 3 3 22 3 11 2 2 21 7 3 3 3 14 21 3 16 7 7 14 3 2 3 14 7 26 3 21 21 2 3 16 21 27 21 11 21 3 21 16 16 2 3 21 2 3 22 7 16 7 3 6 7 29 16 6 6 22 27
split_gain=20.4263 25.0686 23.6031 18.2181 17.8535 20.1496 16.7417 14.6271 16.9171 18.1526 14.5743 13.2276 22.1335 16.6931 14.8841 18.3625 13.9886 18.4906 22.6453 13.8648 14.5452 13.8668 13.2379 22.9016 20.4913 20.2822 20.217 13.4473 13.0729 12.1761 28.2376 21.3227 15.4551 13.8346 13.1158 13.0014 11.7176 15.9266 11.6897 19.1116 10.9997 13.4167 10.3309 10.2829 11.9067 10.2453 18.3177 20.3685 13.7218 12.1435 11.1381 42.2089 22.2997 18.2647 20.2788 15.4294 13.8376 24.347 18.6437 20.3209 15.6866 14.8246 13.2622 14.02 17.1207 12.7849 14.9022 11.4164 10.9867 10.8977 10.1245 9.97315 9.90869 10.2461 9.72327 9.52748 9.98256 9.59912
threshold=1.0000000180025095e-35 4.6639978885650644 -0.10341920703649519 0.47136868536472326 0.64198723435401928 9.6251592636108416 -0.9738190472126006 3.2506959438323979 0.9962500035762788 0.084988396614789977 -1.0000000180025095e-35 0.61192217469215404 -6.8778564929962149 -0.42392118275165552 0.35459616780281072 -1.2020258903503416 -0.97643759846687306 0.0550046805292368 0.63903942704200756 0.6657446324825288 0.31042025983333593 0.29253977537155157 -0.62479928135871876 0.72241514921188366 0.10609637573361398 0.93204462528228771 1.5121878385543825 -2.0432444810867305 4.362006902694703 0.22890956699848178 0.18800485134124759 0.33256186544895178 -3.6158627271652217 -4.9216146469116202 0.32493564486503607 0.11835435777902605 24.412709236145023 9.8881282806396502 -13.034695625305174 0.28707900643348699 0.75333005189895641 0.61327388882637035 -15.939610481262205 -0.97166064381599415 0.084438085556030287 0.38020251691341406 -0.69211983680725087 0.88370776176452648 0.63104537129402172 0.36807794868946081 0.54483622312545787 1.9521743059158327 0.94331136345863353 2.4870778322219853 0.011029414366930725 -1.5924408435821531 0.72894364595413219 3.3583664894104008 0.8018271028995515 0.67199656367301952 1.0021356344223025 0.48413960635662084 15.083817958831789 1.7899307012557986 0.54071059823036205 -0.27576756477355951 9.2389683723449725 0.40622915327548986 4.0037438869476327 0.4136346578598023 1.0061261653900149 6.8488860130310067 1.0000000180025095e-35 0.59175220131874096 -11.171135902404783 1.0061261653900149 -0.74285554885864247 -0.71473535895347584
decision_type=2 2 2 2 2 2 2 2 10 2 2 2 2 2 2 2 2 2 2 2 2 2 2 2 2 2 2 2 2 2 2 2 2 2 2 2 2 2 2 2 2 2 2 2 2 2 2 2 2 2 2 2 2 2 2 2 2 2 2 2 2 2 2 2 2 2 2 2 2 2 2 2 2 2 2 2 2 2
left_child=6 10 3 4 -3 -6 7 8 9 -1 -2 12 14 -14 15 19 -13 18 43 21 -21 -12 23 26 25 40 28 -25 -16 30 -8 33 42 35 38 -31 37 -5 39 -35 41 -24 -32 -18 -45 46 48 -48 -33 68 53 72 56 54 -47 69 58 -58 59 -53 61 -60 63 64 -62 66 -59 70 -49 -56 -57 -27 73 -52 -26 76 77 -71
right_child=1 2 -4 36 5 -7 29 -9 -10 -11 11 16 13 -15 22 -17 17 -19 -20 20 -22 -23 24 27 74 71 -28 -29 -30 31 32 45 -34 34 -36 -37 -38 -39 -40 -41 -42 -43 -44 44 -46 50 47 49 -50 -51 51 52 -54 -55 55 67 57 65 60 -61 62 -63 -64 -65 -66 -67 -68 -69 -70 75 -72 -73 -74 -75 -76 -77 -78 -79
leaf_value=-0.014286106191773352 -0.018399931134108472 -0.031255409713647833 -0.00073112855937543166 0.0082437031124146208 0.0079676095955414968 -0.023635970177298758 -0.0029581851625051559 0.0022129372248634312 -0.036916595707851961 0.01713482368902627 0.016693040086607314 0.024175547298901444 -0.030059471155994121 -0.0031018421176887533 0.011944873881452104 -0.022417616684764469 -0.00096805958004033549 -0.0079463876925695703 -0.0047911286738869683 -0.020644733572191411 0.0075757254477363594 -0.010901988220840876 0.0051662411844110457 -0.022309062914063659 -2.5018983796384676e-05 0.0045007938986342854 0.038139611090308896 0.010017531080106864 -0.014445340151646297 -0.0021256107673274568 0.010934068732785652 0.015326157853452907 -0.0019519045658225938 -0.003211422228908402 -0.020387610050670503 -0.03070981173143961 0.014436499315840394 -0.019966761083346798 -0.0031641642042332398 0.029526459332729269 -0.014666075630556897 -0.020117510343848417 0.036247145064132791 0.0012632925912460311 0.026645945972851533 -0.0054537553798227143 0.038091300305809012 0.020425558351627394 -0.011501913381959576 0.026450205331051014 0.016772865782340326 0.0079096811866128276 -0.015184446421883872 -0.022135794082861721 -0.011263388963760662 0.013192922015945038 0.036409888249622185 -0.0011896581776611578 0.003108090488734202 -0.013645618352703478 0.018020661599923909 0.030504281920586244 0.022693466233679554 -0.019403602171319128 -0.0091949455066029605 0.001814121549622554 0.0262044119026561 0.019366521360548988 -0.0049091310685861339 0.00094852684550816141 -0.010644930929222071 0.023317442849724465 -0.017101925152579044 -0.010458414921973401 -0.019934054005328022 -0.011244837728837817 0.0047411483428090578 0.024605299331047107
leaf_weight=171.36393599025905 87.667121756821871 181.26548544317484 438.17813479155302 58.562241204082966 69.929629130288959 88.543601738288999 180.5949372369796 209.36521674506366 49.021141871809959 43.604042463004589 107.83349180221558 70.711059024557471 90.170665802434087 107.0063095651567 283.33875316381454 123.15758399106562 51.258663332089782 202.4558229893446 159.30506863072515 107.21792318485677 51.392596028745174 51.147363360971212 207.34100212343037 66.982013341039419 83.808389957994223 674.5796957463026 54.243926780298352 37.041401538997889 39.753257678821683 66.434495702385902 64.811833832412958 55.000537624582648 43.232361806556582 77.153249436989427 69.513754481449723 71.400290116667747 47.684671735391021 111.71788391284645 553.44425328820944 61.593416646122932 176.01078890264034 50.49747334420681 103.46275115199387 55.183650389313698 165.39283889904618 301.70622986927629 65.944463616237044 45.310370525345206 111.71937762573361 57.154852634295821 37.973816173151135 131.9190673250705 119.84636893309653 46.946769928559661 78.619022477418184 85.228618523105979 61.829872930422425 57.415763467550278 82.467431139200926 257.12651533447206 85.238676430657506 88.834869904443622 44.14301310479641 74.383860215544701 96.846941072493792 371.42101738043129 113.69944754429162 307.11884911730886 116.76564925350249 58.495111735537648 57.159259025007486 62.199402408674359 306.01130307838321 83.209649814292789 146.92795087397099 59.586717845872045 965.63689517974854 109.34294006042182
leaf_count=2591 1255 2306 5668 801 871 1267 2215 2482 288 662 1335 848 1030 1271 3774 1548 510 2453 1785 1200 589 779 2760 1007 1105 8655 597 498 524 901 854 759 575 962 846 920 415 1510 6567 756 2322 584 1182 646 1777 3752 727 451 1606 663 457 1703 1369 544 1088 1004 810 875 905 2983 1120 1123 528 853 1246 4203 1208 3676 1445 744 714 690 3594 1224 1903 758 12328 1321
internal_value=0 -0.00245251 -0.0087649 -0.0149388 -0.0215019 -0.00954039 0.001608 -0.00655311 -0.0136151 -0.00748931 -0.000531638 -8.13576e-06 -0.00156358 -0.0160321 -0.000288801 -0.00778695 0.00546672 0.00316077 0.0085142 -0.00174909 -0.0112404 0.0074653 0.00145373 0.0079333 -0.000753835 0.00166256 0.0131735 -0.0104032 0.0084089 0.0022836 0.0100058 0.00171028 0.0211477 -0.00464866 -0.0021351 -0.0177341 -0.00428204 -0.0100191 -0.00012315 0.0114091 -0.00604449 0 0.0272709 0.0164439 0.0206513 0.00298566 0.00948585 0.0164273 -0.00221092 0.00911477 0.00224539 -0.000140563 0.00325847 0.00458433 0.00527187 0.0071887 0.0048381 0.0100966 0.00106018 -0.00620624 0.00715494 0.0179731 0.000671856 -0.00322763 0.00339919 0.00675884 0.0169208 0.0144476 0.00220798 0.00454659 0.00326058 0.00627497 -0.0127777 -0.00126715 -0.0130366 0.00566404 0.00663301 0.0168626
internal_weight=0 4308.51 995.882 557.704 339.739 158.473 6299.1 473.354 263.989 214.968 3312.62 3224.96 2520.65 197.177 2323.47 440.749 704.307 633.596 431.14 317.591 158.611 158.981 1882.72 481.359 1401.36 1170.63 377.336 104.023 323.092 5825.74 392.102 5433.64 211.507 899.539 761.705 137.835 217.965 170.28 692.191 138.747 433.849 257.838 168.275 271.835 220.576 4534.1 451.895 285.175 166.72 219.231 4082.21 2012.37 1585.17 2069.84 2022.89 1721.19 1465.33 604.366 860.96 389.046 471.915 171.302 300.612 256.469 182.086 542.536 171.115 449.507 162.076 1271.68 142.388 736.779 427.195 121.183 230.736 1193.06 1133.47 167.838
internal_count=131865 54283 12838 7170 4444 2138 77582 6023 3541 3253 41445 40190 32171 2301 29870 5451 8019 7171 4718 3903 1789 2114 24419 6400 18019 15011 4895 1505 4298 71559 4826 66733 2611 10952 9131 1821 2726 2311 8285 1718 5666 3344 2036 2933 2423 55781 5651 3286 2365 2559 50130 24201 18926 25929 25385 21633 17557 7096 10461 4686 5775 2028 3747 3219 2366 6286 2083 5394 1896 16239 1718 9345 5275 1681 3008 15151 14393 2065
is_linear=0
shrinkage=0.0454652


Tree=21
num_leaves=79
num_cat=0
split_feature=14 14 3 23 15 27 3 2 33 3 3 15 23 21 3 2 12 27 33 17 21 33 23 27 14 3 33 2 27 15 15 21 33 2 23 18 27 2 2 5 3 3 12 14 23 11 5 3 21 15 33 15 18 11 2 15 18 11 5 23 23 1 23 5 23 1 11 3 11 27 12 18 23 21 11 11 3 3
split_gain=10.4851 16.2529 22.9333 27.3784 21.9624 37.3505 18.0727 19.4769 18.8003 17.327 14.715 15.3022 16.0448 14.6409 14.2063 15.4641 36.6792 32.6913 28.4731 23.2769 24.0774 28.6806 28.4426 23.1078 22.8225 21.9967 17.5193 16.3839 14.1154 13.7352 13.6882 13.5173 24.088 16.9599 16.3486 18.9871 13.3849 13.3604 12.7953 12.4546 12.4302 12.2321 14.3066 12.1832 11.8581 11.4536 19.7578 13.5875 11.4132 13.4766 11.24 35.8236 13.6878 14.1586 14.1035 10.9311 22.8571 10.6982 10.5864 10.9191 10.1041 10.369 10.0478 9.82539 9.5603 9.52556 9.41324 10.0804 9.33032 9.4543 12.394 12.5524 19.7006 15.0548 11.1142 9.30599 9.17734 21.0134
threshold=-1.7887416481971739 -4.4329466819763175 0.90328758955001842 0.99819618463516246 24.387256622314457 0.37256073951721197 0.17333562672138217 0.41963873803615576 1.0000000180025095e-35 0.23684436827898028 0.34122675657272344 18.169650077819828 0.87589746713638317 2.154197216033936 0.80602988600730907 0.94238227605819713 -0.029985810630023476 0.010907442308962408 1.0000000180025095e-35 10.500000000000002 -7.594172239303588 0.9962500035762788 0.38891999423503881 0.22706275433301928 -13.146674156188963 0.38236021995544439 0.9962500035762788 1.5242975950241091 0.24825246632099154 8.5367445945739764 10.472057819366457 8.0983214378356951 1.0000000180025095e-35 0.56751862168312084 1.2695550918579104 60.500000000000007 -0.98990321159362782 0.52200946211814891 2.0486050844192509 1.2615552544593813 0.74906530976295482 0.35459616780281072 -0.0049909036606550208 -14.811885833740233 0.73734602332115184 0.052477000281214721 -2.7232434749603267 0.30022588372230535 -0.56293961405754078 3.6484664678573613 1.0000000180025095e-35 13.55095958709717 71.500000000000014 0.029640997759997848 0.60414072871208202 2.9232307672500615 16.500000000000004 0.15888486802577975 2.6849217414855961 0.77738845348358165 0.6884284019470216 0.61070632934570324 0.50490516424179088 -0.26362141966819758 1.3672553300857546 1.3220703005790713 0.058097800239920623 0.38715900480747228 0.037824699655175216 0.26932403445243841 0.024111025035381321 27.500000000000004 1.5556481480598452 -9.5084285736083967 0.060128781944513328 0.063332960009574904 0.5107063651084901 0.3442665189504624
decision_type=2 2 2 2 2 2 2 2 10 2 2 2 2 2 2 2 2 2 10 2 2 10 2 2 2 2 10 2 2 2 2 2 10 2 2 2 2 2 2 2 2 2 2 2 2 2 2 2 2 2 10 2 2 2 2 2 2 2 2 2 2 2 2 2 2 2 2 2 2 2 2 2 2 2 2 2 2 2
left_child=1 4 29 -4 6 -6 -1 8 13 28 45 14 -13 41 15 16 23 24 37 30 21 27 -22 48 43 -24 63 -21 -9 -3 -17 33 34 -2 35 -33 -16 -19 55 -30 65 42 -8 -18 -29 47 -47 -11 49 -12 52 -52 54 -54 -31 56 -27 76 -55 -60 61 -57 -39 -25 -61 75 67 -64 -38 70 71 72 73 -70 -73 -26 77 -56
right_child=31 2 3 -5 5 -7 7 9 -10 10 11 12 -14 -15 36 19 17 18 -20 20 22 -23 25 26 40 38 -28 44 39 50 -32 32 -34 -35 -36 -37 68 62 -40 -41 -42 -43 -44 -45 -46 46 -48 -49 -50 -51 51 -53 53 58 57 60 -58 -59 59 64 -62 -63 66 -65 -66 -67 -68 -69 69 -71 -72 74 -74 -75 -76 -77 -78 -79
leaf_value=-0.017639711215738159 -0.011273632358181556 0.011692729655375185 0.029551881144433988 -0.0030169531309009465 -0.0031959473414991725 0.039483369888498127 0.0064017016844601761 -0.0085199723846867536 0.028376228241888284 0.010833570734514518 -0.0081585836805443696 -0.027415881704778482 -0.0011134962537087941 0.02757268850116934 -0.016029149360847619 0.0022390443363537837 0 -0.0098601097928530026 0.02342221987893486 -0.0068208255641254096 0.03985465299007878 -0.020190736110089303 0.031470961197182207 -0.015872263618234531 -0.018872202767935733 0 -0.035282619762264628 0.026467497466002566 0.023839347946089461 -0.010617786483912631 -0.018972119908501499 0.011415270569933234 0.018229062083609283 0.016073309917929782 0.0068628847762435647 -0.01717337493676414 -0.0055892747122539138 0.027672957801536478 0.022301343001877486 -0.0013279266377501403 0.011823886708891363 0.017748021024987338 -0.020415607427126468 0.031149891616892231 0.004658360413983164 0.0064140890036120295 -0.01347264367712442 -0.0079619194952913284 -0.015217916925664973 0.016081978555984033 -0.036158250885734947 -0.0045378734271426914 0.003429270601052413 -0.017763093641170083 -0.0024976664142644157 0.0024406754926473116 0.036302320184738619 -0.012879647081587014 0.016150060259360919 -0.017195064093233656 0.0057555183271654027 -0.015721914362701851 0.021460907916426915 0.0050692450452245203 0.0061685167522827844 -0.00020725581816973654 -0.0054535726447992299 0.0043698476198194463 0.033053442158519387 -0.0141518453255848 0.019326216341668048 0.0033836659862756945 -0.0052593105161122351 0.0023705013115205738 -0.020486026296987279 0.0021641159521242543 0.0021449020062800747 0.034832386990197257
leaf_weight=113.72509807534516 50.671593870967627 77.296833490952849 80.899518819525838 135.55394652299583 86.405610309913754 74.701802831143141 73.393170272931457 51.303335007280111 89.804665818810463 151.12610117718577 75.371823316439986 79.097951885312796 123.80649053305387 40.71860976703465 151.64151076227427 112.34275524318218 51.853145895525813 117.12348532490432 193.06584617495537 190.1162587236613 55.537075717002153 132.39972984790802 72.504967287182808 206.7629606127739 286.08095145784318 74.795289810746908 88.928176507353783 66.989210233092308 144.1996910572052 152.9168909881264 127.05854411795735 55.545482868328691 116.5196642652154 287.45257750712335 154.4212470985949 224.89939855784178 629.07793224416673 40.246347941458225 93.312343446537852 50.501304365694523 45.08649380877614 48.74241248704493 80.427474103868008 42.444542597979307 228.03915167041123 123.51369869150221 500.8717727586627 157.61922199651599 68.987403765320778 108.96312204562128 105.67713864147663 246.17361012101173 134.25891820155084 325.66945836879313 50.516274224966764 169.7678721640259 63.048435984179378 48.291486248373985 38.884226834401488 104.20112148299813 948.47492437250912 97.084340622648597 89.123574448749423 53.102500325068831 48.020138589665294 114.32179314643145 134.21032091416419 374.81772661954165 69.815903566777706 58.454531386494637 90.924328699707985 69.666939951479435 132.60434493608773 67.725280903279781 80.269983109086752 45.423137048259377 174.76113785989583 67.031044540926814
leaf_count=1318 611 931 1076 1730 984 819 946 644 462 1747 1113 874 1491 454 1999 1373 675 1708 1034 3042 533 771 830 3574 3615 1029 517 835 1791 2152 1634 848 612 3712 2039 3602 7876 606 1076 658 491 745 1070 516 3344 1595 6336 2104 882 1324 600 1374 1894 4686 789 2026 738 501 567 1387 11765 1142 1098 843 690 1371 1966 5259 853 787 1052 890 1614 938 970 524 2540 891
internal_value=0 -0.000499517 -0.00440833 0.0092564 0.000381038 0.0167852 2.49078e-05 0.000303789 0.0109896 -0.000183006 -0.000606213 0.000198323 -0.0119413 0.00401164 0.000630762 0.00184895 -0.000954427 0.0027559 0.0079776 0.00432906 0.0058152 -0.00171981 0.0087982 -0.0104413 -0.00562198 0.00752684 -0.0179622 0.00334785 0.0115681 -0.00633786 -0.00894755 0.00464644 0.000150088 0.0117469 -0.0047075 -0.011257 -0.00344725 0.00386193 0.00620776 0.017173 -0.00962286 -0.00093994 -0.00747663 0.0142454 0.0100673 -0.00591313 -0.00944498 0.00110358 0 0.00594949 -0.00733104 -0.014478 -0.00504782 -0.00936028 0.000573173 0.00499824 0.017043 0.00580532 -0.0127775 -0.00383756 0.00353959 -0.0041245 0.00650205 -0.0113959 -0.00954405 -0.0119879 0.00481852 0.00791595 -0.00176576 0.00238271 0.00446605 0.000979497 0.00690667 0.0187938 -0.00928289 -0.0158532 0.00919177 0.0188436
internal_weight=0 9697.68 1790.15 216.453 7907.52 161.107 7746.42 7632.69 333.086 7299.6 7053.6 6120.47 202.904 243.282 5917.57 4567.38 2135.91 1533.8 948.587 2431.47 2192.07 617.544 1574.53 602.116 585.21 1518.99 348.794 485.145 246.004 1573.7 239.401 889.51 551.386 338.124 434.866 280.445 1350.18 755.521 1446.48 194.701 490.912 202.563 153.821 94.2977 295.028 933.131 624.385 308.745 253.322 184.335 1496.4 351.851 1144.55 651.034 493.517 1353.17 137.844 340.6 516.775 191.105 1215.33 266.852 638.398 259.865 152.221 445.826 598.152 463.941 1198.54 569.461 511.007 420.082 270.146 137.541 149.937 331.504 292.308 117.547
internal_count=131503 120079 21808 2806 98271 1803 96468 95150 3677 91473 88380 76598 2365 3215 74233 57254 27116 18863 11671 30138 27131 7992 19139 8253 7192 18606 4934 7221 3093 19002 3007 11424 7101 4323 6489 4450 16979 10637 17776 2449 6001 2761 2016 1191 4179 11782 7931 3851 3319 2437 18071 1974 16097 9224 6873 16700 1767 4721 7330 2644 14933 3168 8929 4417 2077 5510 8323 6357 14980 7104 6317 5265 3405 1791 1860 4139 4220 1680
is_linear=0
shrinkage=0.0454652


Tree=22
num_leaves=79
num_cat=0
split_feature=30 18 28 33 11 27 28 1 10 18 5 6 11 16 11 28 18 11 16 27 11 33 33 30 10 27 6 27 5 17 14 17 16 17 14 18 14 14 16 22 14 33 14 5 18 27 27 14 16 14 17 6 14 6 11 28 14 11 10 28 27 16 33 16 11 10 16 33 14 6 11 5 16 16 11 18 11 11
split_gain=18.7902 32.7617 18.0193 25.8867 17.3255 18.8998 14.9388 14.9257 14.0408 15.917 20.5394 14.3583 17.1673 13.2743 13.058 15.1412 22.4699 27.066 24.0439 23.633 25.6552 39.3525 21.7149 18.4911 15.1981 15.1575 17.2303 14.2614 19.0486 14.4038 13.7601 15.6039 13.6323 14.5809 13.4927 13.1934 13.149 12.7809 12.6972 12.6085 14.0793 20.2147 14.5928 12.5623 12.403 12.1191 11.3893 10.9217 10.6828 10.6458 10.1786 9.98081 12.2934 11.8568 9.85224 9.60827 9.53378 9.51886 9.49989 21.7879 18.7616 18.546 16.6896 9.49086 9.18802 9.18075 8.92605 8.91981 14.1227 8.84563 18.4978 8.98908 10.8753 12.8718 9.90381 9.11188 12.3898 11.3677
threshold=1.0000000180025095e-35 83.500000000000014 0.6835516393184663 1.0000000180025095e-35 0.041076177731156356 -0.076279435306787477 -0.72982063889503468 1.2025878429412844 0.12817043811082843 41.500000000000007 1.0000000180025095e-35 -10.023663997650145 0.013006163295358421 0.42845444381237036 0.0077972090803086766 0.24825246632099154 29.500000000000004 0.030101302079856399 0.21588692069053653 -1.0000000180025095e-35 0.10407201200723649 0.9962500035762788 1.0000000180025095e-35 -0.56174489110708226 0.040079781785607345 0.79989895224571239 5.318103790283204 0.35222910344600683 2.8497390747070317 89.500000000000014 -9.5386104583740217 69.500000000000014 0.58333125710487377 72.500000000000014 -8.2810525894165021 41.500000000000007 -8.1471123695373517 -5.9561164379119864 0.36143478751182562 0.099453877657651915 -8.5558342933654767 1.0000000180025095e-35 -20.01508808135986 -3.3950630426406856 54.500000000000007 -0.2693240344524383 -0.83743050694465626 -4.739551067352294 0.33704471588134771 -14.939601421356199 75.500000000000014 12.197795867919924 -2.5025671720504756 15.472528457641603 0.11857354640960695 0.18436925113201144 -17.986819267272946 0.0534333884716034 0.063501831144094481 -0.6343555450439452 -0.95032352209091175 0.78688699007034313 0.9962500035762788 0.056538555771112449 0.14096013456583026 0.16920348256826404 0.88677129149436962 1.497500002384186 -8.0830993652343732 4.5880961418151864 0.15659710764884952 0.42418256402015692 0.79436635971069347 0.58333125710487377 0.052477000281214721 59.500000000000007 0.046897560358047492 0.074922263622283949
decision_type=2 2 2 10 2 2 2 2 2 2 2 2 2 2 2 2 2 2 2 2 2 10 10 2 2 2 2 2 2 2 2 2 2 2 2 2 2 2 2 2 2 10 2 2 2 2 2 2 2 2 2 2 2 2 2 2 2 2 2 2 2 2 10 2 2 2 2 8 2 2 2 2 2 2 2 2 2 2
left_child=14 2 8 45 5 -3 -7 13 9 39 37 55 -13 -6 -1 27 17 38 64 20 22 54 32 24 36 -26 -27 28 67 69 -25 47 46 -34 -20 43 -21 -11 -17 40 41 42 -2 -31 -30 -4 50 -32 -48 -44 -18 52 57 -53 -22 56 63 -46 60 -60 -12 62 -62 -10 65 -19 -56 68 -16 70 71 72 73 -29 -75 76 -73 -78
right_child=1 4 3 -5 7 6 -8 -9 11 10 58 12 -14 -15 15 16 19 18 34 23 21 -23 -24 30 25 26 -28 29 44 35 31 -33 33 -35 -36 -37 -38 -39 -40 -41 -42 -43 49 -45 51 -47 48 -49 -50 -51 -52 53 -54 -55 66 -57 -58 -59 59 -61 61 -63 -64 -65 -66 -67 -68 -69 -70 -71 -72 75 -74 74 -76 -77 77 -79
leaf_value=-0.0054732060029734925 -0.02047745821153852 -0.012462364525497219 -0.014905772362625039 -0.023437512700133844 -0.0027367156270070481 -0.015198667503883918 0.013465353289102576 -3.6699898910732398e-05 0.0077889456884059696 0.0026965085295745524 -0.013940976983819183 0.015429199337489761 -0.009292437950925634 -0.020701440312201159 -0.02067648825397957 0.0067842162079129482 0.015546599746136668 0.0032969226515962881 0.04106045324488198 0.028211918466292188 0.027092196817193288 0.053521615985296526 -0.017606809189059148 -0.023755243964233834 -0.00676510653396745 -0.00027073536601378691 0.031914664449752411 0.0047107866471249168 -0.0034424816359459559 0.027580968409978937 0.018970921713323822 -0.024839358922353522 -0.008711980912640074 0.020415652493389981 0.016662247918968223 0.039868608694305363 0.0017488263885167647 -0.02336337153494121 -0.021729292836173562 -0.0067450918858470163 -0.0039747408096325295 0.031929221851050564 0.025839277705819286 -0.0039499390038939307 -0.0034185609044715443 0.0016969056536441116 0.0073493394704798537 -0.0060109154737777518 0.031836764127606665 0.0028175226165426223 -0.015664263569171843 -0.012687304446787376 0.026827927679948304 0.012355683406295195 0.012780502107278159 0.02178436394842333 0.01636731724863209 0.016668061347417391 0.002052171388436936 0.030343403640405841 0.011064465121120996 -0.0097934981880108303 0.040948581626875084 -0.016436320540224127 -0.0089335735767397621 0.024536544106363984 -0.012142742623883896 -0.0030300206026258464 -5.2211789592481891e-05 -0.0048135362265741078 -0.020532240770916137 0.017561663671238681 0.02146653765078366 -0.021878298562118845 2.884033582384446e-05 0.019080616025637421 -0.02154236752473802 0.0056518711054174458
leaf_weight=475.64462098106742 37.074237260967493 172.56606827117503 110.33532255142927 142.44950468838215 116.33951758407056 42.537896662950516 174.54479169659317 142.55562599934638 53.133388459682465 167.41581506282091 60.834185093641281 59.889690112322569 544.60769452899694 417.90247853286564 163.65448348224163 66.952213045209646 39.28153458610177 113.24571662582457 102.51256641186774 70.816653499379754 41.159966694191098 55.862855762243271 82.190021455287933 112.64288420602679 363.00796144269407 97.362107632681727 46.667285466566682 388.35205320827663 258.34171686135232 37.242158230394125 56.988948836922646 47.644489487633109 146.37014159746468 42.09874514490366 118.54166018031538 37.102685436606407 90.648151518777013 45.588459994643927 53.327713716775179 342.57337542623281 241.59209606423974 66.943135812878609 53.36657777056098 63.167908923700452 92.232364187017083 424.31940300576389 77.90312273055315 81.402621375396848 86.643906742334366 177.60016861185431 38.945369930937886 76.421396039426327 97.977364724501967 71.630458520725369 62.234242707490921 58.247867299243808 53.224704690277576 90.133484533056617 93.895683912560344 155.39721272885799 171.35668454505503 53.893242616206408 51.521957367658615 72.14914851821959 49.503776263445616 71.325174732133746 48.984299765899777 1144.4412413593382 124.28903606534004 269.23012427426875 53.678064024075866 85.493129907175899 51.031259948387742 76.11186489276588 81.748753372579813 170.04839845560491 45.870186816900969 79.742723986506462
leaf_count=5998 501 2119 1627 840 1493 506 2189 1796 634 2276 763 700 6540 5333 909 775 493 1557 1162 787 542 274 457 1362 4252 1128 506 4997 3396 526 668 574 2303 594 1644 502 1073 619 739 4737 2965 363 717 928 1144 6274 1032 870 1075 2654 585 788 1230 875 740 761 721 979 1131 1813 2347 659 265 1004 488 943 701 16359 692 3280 614 1111 613 776 1016 1869 578 984
internal_value=0 -0.00218602 7.89201e-05 -0.00647834 -0.00908131 -0.00128205 0.00745102 -0.0134653 0.00183965 0.00420342 0.0088762 -0.00292985 -0.00667589 -0.0169304 0.00170945 0.00230804 0.00521284 0.0129605 0.0180224 0.00251941 0.00873484 0.0220711 0.00310004 -0.00208532 0.00206317 -0.00174349 0.010421 0.00044188 -0.00191342 0.00394021 -0.0114341 -0.00336712 0.00728678 -0.00165723 0.0287332 0.0177708 0.0140597 -0.00299098 -0.00576391 6.27449e-05 0.00421063 0.0102346 0.00423912 0.00789915 0.00425758 -0.00172585 0.0143403 0.00418309 0.0209916 0.00870104 0 0.00900252 0.0139905 -0.00024394 0.00913297 0.00638323 0.000715639 0.00639522 0.0132566 0.020085 0.00789185 0.0129973 0.0188003 -0.00586359 0.00738328 0.0121169 0.00133912 -0.00490967 -0.0120665 0.00239028 0.00432814 0.00582141 0.00220932 0.000175517 -0.0105178 0.0112712 0.0045112 -0.00426832
internal_weight=0 4303.86 3237.41 677.104 1066.45 389.649 217.083 676.798 2560.31 1719.05 799.903 841.252 604.497 534.242 6297.85 5822.2 2264.26 575.409 455.129 1688.86 721.674 208.241 513.433 967.181 668.502 507.037 144.029 3557.94 2119.12 1438.82 298.679 186.036 431.243 188.469 221.054 137.513 161.465 213.004 120.28 919.15 576.576 334.984 268.041 100.41 686.737 534.655 242.774 138.392 164.547 230.967 78.2269 428.395 280.343 148.052 152.379 236.755 178.507 182.366 586.899 249.293 337.606 276.772 222.879 125.283 234.075 184.571 111.219 1432.38 287.944 1301.31 1032.08 978.398 597.244 546.213 157.861 381.154 211.106 125.613
internal_count=131835 54347 40911 8741 13436 4814 2695 8622 32170 21810 9873 10360 7240 6826 77488 71490 27324 7308 5794 20016 8796 2257 6539 11220 7746 5886 1634 44166 26372 17794 3474 2112 6082 2897 2806 1956 1860 2895 1514 11937 7200 4235 3872 1454 8412 7901 3185 1538 2107 3371 1078 5016 3353 1663 1983 3120 2359 2123 6978 2944 4034 3271 2612 1638 2988 2500 1441 17960 1601 15838 12558 11944 7402 6789 1792 4542 2673 1562
is_linear=0
shrinkage=0.0454652


Tree=23
num_leaves=79
num_cat=0
split_feature=30 13 12 5 28 21 7 28 13 10 12 12 13 21 21 7 28 12 0 5 28 13 13 14 28 28 11 12 11 10 6 13 7 28 0 13 9 5 28 28 12 31 11 28 7 7 30 11 12 6 0 12 7 23 5 28 14 21 28 13 10 12 0 13 14 6 11 13 13 23 21 0 6 12 21 21 14 0
split_gain=20.3388 21.7121 22.5438 31.6323 22.593 18.069 25.2761 15.3025 20.4834 14.5932 23.8073 14.4652 14.1695 12.9457 16.8344 18.3156 12.9475 15.3461 22.7752 14.5177 12.7661 13.3061 42.991 24.283 12.9966 12.4705 12.2507 19.067 15.145 14.4457 12.188 12.1691 11.9905 17.7734 11.8308 11.6416 12.9955 20.1174 12.9676 14.059 20.4765 18.4734 16.1153 23.5517 14.7046 27.5272 28.7623 17.2866 19.1081 16.2987 13.4171 13.3531 13.1328 16.2871 13.4882 12.9164 11.5459 19.9775 16.0705 42.8547 18.4593 12.4291 11.2375 11.1932 15.7272 22.9513 17.0126 20.7727 20.3572 15.8012 12.734 13.4696 13.1425 11.111 21.7837 14.503 23.6953 11.9608
threshold=1.0000000180025095e-35 0.022057591006159786 -0.026465796865522858 1.7803388237953188 -0.20576497167348859 8.0983214378356951 17.714876174926761 0.6835516393184663 0.011304016690701248 0.14345058053731921 0.041958041489124305 0.067781746387481703 0.059137804433703429 4.4939820766448983 0.64297252893447887 1.4348573088645937 0.33172981441020971 -0.021022911183536049 1.0214666724205019 -1.3404471278190611 0.37256073951721197 0.062266586348414428 0.077254511415958418 -4.9199957847595206 0.91080963611602794 0.77296444773674022 0.12780766189098361 0.10234737023711206 0.0644555799663067 0.10411935299634935 5.1207141876220712 0.11404655501246454 7.1315376758575448 0.79989895224571239 0.60281479358673107 0.014090301003307106 0.16526839882135394 0.50530827045440685 0.56457334756851207 -0.47136868536472315 -0.034629119560122483 1.0000000180025095e-35 0.043017555028200156 -0.79989895224571217 -9.6091284751892072 -15.612618923187254 0.81174489855766307 0.038252014666795738 0.028259178623557094 -1.4330351352691648 0.82727020978927623 -0.024401976726949211 -6.9923338890075675 1.501898527145386 -4.4477381706237784 -0.8253108263015746 -7.4322850704193106 2.9817597866058354 -0.39271505177021021 0.0044560537207871684 0.027038049884140495 0.01306681288406253 0.97740572690963756 -0.0056640563998371354 -15.639519691467283 -3.3655306100845332 0.07683058083057405 -0.040396699681878083 -0.029566691257059571 0.85930702090263378 -3.3317691087722774 0.6992698907852174 -7.0706188678741446 -0.009049286134541033 -1.8471632003784177 -4.8278193473815909 -11.239597320556639 0.69605901837348949
decision_type=2 2 2 2 2 2 2 2 2 2 2 2 2 2 2 2 2 2 2 2 2 2 2 2 2 2 2 2 2 2 2 2 2 2 2 2 2 2 2 2 2 2 2 2 2 2 2 2 2 2 2 2 2 2 2 2 2 2 2 2 2 2 2 2 2 2 2 2 2 2 2 2 2 2 2 2 2 2
left_child=13 7 12 9 -5 -6 -7 35 11 10 -4 -9 -3 14 15 30 17 -17 -19 -18 26 34 25 -24 -25 -23 27 28 29 -15 63 -28 33 56 -22 38 37 -37 39 40 52 -42 43 -43 45 51 -47 48 -46 -49 -50 -41 53 54 -2 -54 57 62 -58 -60 -61 -62 -16 64 65 -1 67 -66 69 -69 72 -72 -65 75 -75 -70 -77 -76
right_child=1 2 3 4 5 6 -8 8 -10 -11 -12 -13 -14 20 32 16 19 18 -20 -21 21 22 23 24 -26 -27 31 -29 -30 -31 -32 -33 -34 -35 -36 36 -38 -39 -40 44 41 42 -44 -45 47 46 -48 49 50 -51 -52 -53 55 -55 -56 -57 58 -59 59 60 61 -63 -64 70 66 -67 -68 68 73 -71 71 -73 -74 74 77 76 -78 -79
leaf_value=0.0040975754867382365 -0.0036435455114928691 -0.0030891924654108086 -0.019718998712851005 -0.012572646670434534 0.024084040144612334 -0.024099151339509448 0.013106094578239247 -0.0047353115131094428 -0.025944095201649042 -0.033400570524864032 0.0051868438098788064 0.021795174443659211 0.016936620154155133 -0.01236071302154876 0.024340480149821035 -0.0023583377823004595 0.037690672035524515 0.030980992470399007 -0.0033856032941095905 0.0066739742973343343 -0.011004253054481409 0.052760948153100277 0.029103886617603925 -0.019429478040819598 0.0099039935802564989 0.02071326982851119 -0.0084361248658440541 -0.0044695697324383353 0.017214167136095714 0.010601052627337052 -0.018910245103268972 0.015383215705188535 -0.010148525352629327 -0.014422124296786097 0.0087122498291684093 0.0018641756674779846 0 0.040076815974210277 0.014163138021604318 -0.017440328808718441 -0.0016461069917179357 -0.0061588698103120327 0.024599998581705963 0.025473762452166593 -0.010371635324661822 -0.0053906706026934266 0.033412448930226879 -0.0036349941769050309 0.021143172295512557 -0.029662005678391688 -0.0044191182317923636 0.011178306475225193 0.019473402348316862 0.0047044364533554766 -0.030598990430834545 -0.009179919394540494 0.0057952199385844323 -0.014764163515782367 -0.02801533250224093 -0.014188538205849165 0.029498037077973917 0 0.0012576203791692811 -0.0038898946709788077 -0.013240412901774015 -0.010431995783169234 0.02138652163110721 0.027810614396425164 -0.0060793733305208016 0 0.0055039590525635283 -0.014013775119383927 0.019563616773331124 -0.022442479315029625 0.021930150993151286 0.03435159626865144 0.0042379122996719044 -0.0040591580521554165
leaf_weight=607.27276747301221 74.825901493430138 230.40566096827388 327.8995060082525 200.11448100954294 86.112956499680877 58.334056377410889 90.757924474775791 593.708496613428 87.887453788891435 104.87801252864301 98.587565958499908 41.243916934356093 100.63210733048618 89.193323088809848 127.41290267556906 203.69525995664299 63.612056609243155 87.85693302936852 64.961899740621448 70.382978966459632 77.951848173514009 58.010016273707151 45.060558002442122 78.582286594435573 44.500189261510968 69.650110956281424 294.49527405202389 261.64651487208903 291.42590599134564 138.48359719477594 58.302942903712392 47.05913008376956 402.60335845313966 163.09627303108573 251.35956521891057 59.241588527336717 109.60276522673666 57.237057384103537 132.84070561826229 114.50229890458286 215.86160992830992 126.76554847694933 179.1638165358454 72.332682576030493 258.00992219336331 63.286891022697091 89.520879162475467 93.426781317219138 86.75007769279182 119.18718519248068 72.638384180143476 41.678712636232376 70.740977063775063 86.38227091729641 89.574540646746755 51.591836478561163 296.89106339775026 48.780103962868452 132.46195508353412 56.798733124509454 62.148462656885386 51.539108799770474 72.832403941079974 123.32636730000377 114.39442077465355 349.94534741155803 140.8889970947057 138.83793787658215 106.57068035565317 63.08915794454515 91.398111201822758 282.88613819330931 74.710427822545171 87.116189409047365 54.003669524565339 74.895437831059098 190.72853329591453 90.40111692994833
leaf_count=8007 971 2935 4170 2676 1123 781 1093 7827 1022 1424 1471 527 1124 1136 1465 2658 802 895 852 777 956 553 623 892 570 635 3331 3070 3684 1814 757 490 5133 2035 3030 709 1322 631 1648 1499 2564 1626 2038 936 3225 889 1117 1172 991 1429 843 538 963 1205 1185 612 3392 582 1697 671 647 701 895 1422 1361 4848 1695 1482 1483 921 1101 3208 937 1085 660 881 2504 1177
internal_value=0 -0.00221272 -0.00711345 -0.0106199 -0.00138242 0.00798657 -0.00138695 -6.11719e-05 -0.00581756 -0.0180284 -0.0138538 -0.00280735 0.00298514 0.00184443 0.00055426 0.00241844 0.0104596 0.00562152 0.0163534 0.0224314 0.00516968 0.0103769 0.0173611 0.00177286 -0.00846297 0.0368308 0.00219887 0.00536276 0.0104081 0.00133589 0.000897157 -0.00487015 -0.0035435 -0.000837479 0.00382116 0.00176143 0.0114672 0.021768 0.000640658 -0.000304424 0.00350786 0.00875589 0.0147737 0.00537435 -0.00428126 0.00370202 0.0173089 -0.0082722 -0.00269728 -0.0187345 0.00937592 -0.00940848 -0.00472375 -0.0107028 -0.0190057 0.00709732 0.00177199 0.00994406 -0.00158423 -0.00895589 0.00588227 0.0164683 0.0163766 0.00139083 0.00299604 -0.00118524 0.00680448 0.00443402 0.00705802 0.019443 -0.00416603 -0.00911076 0.00493331 0.00273247 -0.00490829 0.00761667 0.0133014 0.00566761
internal_weight=0 4285.72 1297.72 966.685 435.319 235.205 149.092 2988 722.84 531.365 426.487 634.952 331.038 6301.26 4553.84 3139.28 490.509 356.514 152.819 133.995 1747.42 625.115 295.803 168.143 123.082 127.66 1122.3 780.749 519.103 227.677 2648.77 341.554 1414.56 1011.96 329.311 2265.16 226.081 116.479 2039.08 1906.24 967.239 594.124 378.262 199.098 939.001 308.989 152.808 630.012 417.398 212.614 159.388 156.181 373.116 250.783 164.4 122.333 848.865 249.025 599.839 302.948 170.486 113.688 200.245 2590.47 2018.14 957.218 1060.93 920.037 805.643 201.927 572.321 374.284 198.037 603.716 231.521 372.195 265.624 144.405
internal_count=131801 54286 16797 12738 5673 2997 1874 37489 9376 7065 5641 8354 4059 77515 56731 39513 5984 4405 1747 1579 20784 7259 3273 2085 1462 1188 13525 9704 6634 2950 33529 3821 17218 12085 3986 28113 2662 1340 25451 23803 12100 7164 4600 2562 11703 4043 2006 7660 5059 2601 1834 2037 4936 3361 2156 1575 10050 2942 7108 3716 2019 1348 2360 32772 26104 12855 13249 11554 10193 2403 6668 4309 2359 7790 2922 4868 3385 1837
is_linear=0
shrinkage=0.0454652


Tree=24
num_leaves=79
num_cat=0
split_feature=30 21 5 27 28 16 0 27 14 28 21 16 28 33 10 10 0 0 27 33 21 7 7 7 14 16 28 0 0 27 33 28 0 2 7 33 10 9 7 7 30 7 1 27 21 16 33 7 14 16 27 0 2 14 10 2 14 16 33 0 21 0 16 14 2 1 0 7 28 33 16 28 2 0 7 10 14 21
split_gain=19.2091 22.2686 32.5481 19.7776 15.0553 14.5797 21.9152 18.8867 18.0943 30.6241 13.8056 26.8807 14.6859 16.4793 39.4517 15.0093 15.1191 14.6742 14.4587 24.2667 14.2506 13.8336 13.2968 18.4948 22.3617 22.5294 12.5835 19.7919 21.5551 14.5441 20.2844 45.739 16.1252 17.0771 18.0857 37.2755 12.6896 12.0672 12.0108 12.4421 15.5069 14.6679 14.9896 12.1035 11.6303 11.5684 11.0224 10.8536 10.8255 22.1673 13.853 11.0868 13.771 21.4802 10.5851 9.95128 15.8936 27.6858 27.2182 18.762 19.2887 14.9544 13.9986 11.4668 13.5383 9.91039 9.90079 14.2835 15.3663 16.6656 12.09 14.122 10.7389 13.942 13.5914 10.5602 9.79462 9.6456
threshold=1.0000000180025095e-35 4.6639978885650644 1.7803388237953188 0.69930991530418407 0.78661888837814342 0.59943228960037243 0.5348944664001466 0.56457334756851207 -6.757755994796752 -0.37256073951721186 4.4939820766448983 0.64849033951759349 -0.93585023283958424 0.9962500035762788 0.16627705097198489 0.13239697366952899 1.3450729846954348 0.75151044130325328 -0.79989895224571217 1.0000000180025095e-35 8.5669002532959002 -1.450183570384979 18.756225585937504 8.9459223747253436 -1.7887416481971739 0.73689073324203502 -0.96298784017562855 0.7456711232662202 1.1049972772598269 -0.52803644537925709 0.9962500035762788 -0.16288578510284421 0.60281479358673107 0.90563437342643749 -15.949118137359617 0.9962500035762788 0.11325912922620775 0.15491638332605365 1.198553264141083 -8.2961907386779767 0.81174489855766307 -14.138051986694334 0.68961253762245189 -0.20576497167348859 2.6266195774078374 0.79436635971069347 1.0000000180025095e-35 -22.976366996765133 -16.40942287445068 0.11478368192911149 -0.35222910344600672 1.0615956187248232 0.63520142436027538 -26.018495559692379 0.10678168758749963 0.68465691804885875 -12.3092885017395 0.36143478751182562 1.497500002384186 0.75729870796203624 0.35453085601329809 0.76037815213203441 0.23484572768211368 -9.037141799926756 0.84592512249946605 0.7055349349975587 0.49644686281681066 -7.1528592109680167 -0.45201864838600153 1.0000000180025095e-35 0.29333269596099859 -0.81279832124710072 0.9810197949409486 0.73699969053268444 -1.450183570384979 0.12304289266467096 -2.1874986886978145 -9.71160840988159
decision_type=2 2 2 2 2 2 2 2 2 2 2 2 2 10 2 2 2 2 2 10 2 2 2 2 2 2 2 2 2 2 10 2 2 2 2 10 2 2 2 2 2 2 2 2 2 2 10 2 2 2 2 2 2 2 2 2 2 2 8 2 2 2 2 2 2 2 2 2 2 10 2 2 2 2 2 2 2 2
left_child=10 5 3 65 -4 8 -7 -8 26 -10 11 18 -12 15 -15 22 17 20 19 -1 -17 -13 23 54 25 -25 27 -2 36 32 38 -32 -28 -34 -35 77 -29 -27 39 40 -31 47 -43 -41 -9 46 -23 -42 49 51 -51 52 -20 -54 -14 56 62 61 -59 60 -60 -58 -50 66 -65 -3 -57 70 -69 72 75 -72 74 -74 -70 -68 -22 -36
right_child=1 2 4 -5 -6 6 7 44 9 -11 12 21 13 14 -16 16 -18 -19 48 -21 76 45 -24 24 -26 37 29 28 -30 30 31 -33 33 34 35 -37 -38 -39 -40 43 41 42 -44 -45 -46 -47 -48 -49 55 50 -52 -53 53 -55 -56 63 57 58 59 -61 -62 -63 -64 64 -66 -67 67 68 69 -71 71 -73 73 -75 -76 -77 -78 -79
leaf_value=0.00046989761076036312 -0.017263726720051061 -0.03385709208753216 -0.0049401305939343254 -0.00088049697455376541 0.013755146728246997 0.02685237377598363 -0.0033626826374150297 0.0010027069358063852 0.0099508991015065523 -0.031051690222646242 -0.0068890035473907129 -0.021291447129893518 -0.0083504815779891477 0.00062670647232229042 0.032304073506890275 0.02207035132095397 0.008539495681359234 -0.012398265789112095 -0.0043033177195166998 -0.019754363678048663 0.0090724749055810412 -0.0038822941885188595 -0.0026846730042473285 0.032616624488626254 0.044420439570575156 -0.0069243411501549341 0.024285098487879936 0.039888434816309576 -0.005686002606145317 -0.012835695262276575 0.0053898598433486404 -0.029365058188756985 -0.014124101238053891 -0.010875361817883457 0.023353974117151701 0.040439538890756195 0.0078141727259595072 0.014885038971223676 -0.011388373372324644 -0.011579140167392034 0.013211174107377224 0.029858856316557415 -0.00046480731608390213 0.0091962883698255386 0.021218055387513344 0.0058672734743984442 -0.019332066883013664 -0.014881530270775272 0.0020940202247023841 0.0085256794512958683 -0.01304046895527573 -0.0038681054050851834 0.046101944128871815 0.0088757877722580314 0.018134418234810688 0.02272776476761228 -0.02833961223967071 0.029507806354837438 0.026791589409996416 -0.0072228446678209903 -0.002240749929338572 0.002470625680443604 0.028008352877797512 -0.01311971899762596 0.0025629685032960261 -0.014610986385219023 -0.0047108456000312373 0.0018079596163167028 0.026434477305315916 -0.005241558270636759 0.0057612623417302783 -0.022987621313111981 0.014583462975249721 0.052520204198800761 -0.0059072062662627427 0.018824989316015443 -0.021183566910168854 0.00011623424526621193
leaf_weight=642.91774891503155 41.309697387740016 139.36459011770785 507.49230180867016 98.955743467435241 103.08333435282111 81.657915869727731 429.94643028452992 113.19191274791956 53.368337158113718 102.76359258405864 178.87272917665541 116.05219819396734 105.16157815977931 176.16317668557167 152.37555909156799 58.295257780700922 222.69347204267979 262.53770533949137 65.263668501749635 146.19733808934689 37.170556079596281 429.62559934519231 143.18781195394695 79.528171157464385 55.40439691580832 97.603429947048426 63.748535336926579 66.256453456357121 57.728589743375778 236.23848167620599 129.35463024675846 182.61741407215595 121.54099282994866 117.48877516761422 38.321678033098578 61.729286700487137 50.682972680777311 101.27477049082518 215.80271045677364 63.002245174720883 34.087997633963823 59.696333445608616 64.658422883599997 372.64267049916089 132.85316889174283 166.25614732131362 125.00255888700485 98.312169382348657 68.223825830966234 70.909770565107465 306.29710841365159 121.32412114739418 42.726262077689171 126.42620748654008 39.399393310770392 64.521209498867393 62.99000714160502 112.0128965228796 99.611092619597912 161.54339207522571 80.642787918448448 56.975270669907331 141.50931650027633 165.37606953084469 333.74609536677599 127.79685724712908 85.614104339852929 305.90434345789254 52.083163913339376 48.823439985513687 49.4475261811167 93.895137930288911 49.827078947797418 44.15371629782021 45.387539034709334 63.905178816989064 41.275543659925461 320.52870473638177
leaf_count=9190 377 1885 6520 1311 1381 926 5058 1295 687 1177 2234 1465 1547 929 774 828 2732 3744 757 839 421 5965 1947 868 818 1303 649 852 852 3778 705 1067 1667 1525 515 326 641 1356 3120 981 482 823 935 5492 1528 2150 714 1628 834 939 4513 1583 551 1747 591 667 863 588 1353 2314 1156 857 1396 1967 4059 1665 1058 3826 582 262 641 1123 668 583 569 923 694 4481
internal_value=0 -0.00216304 -0.00818243 -0.018833 -0.00163401 -0.00036401 0.00513938 0.00229923 -0.00202264 -0.0168355 0.00178038 0.000445708 0.00520809 0.00662975 0.0156816 0.00415566 -0.000768901 -0.0061154 0.00211807 -0.00329795 0.00561079 -0.0068804 0.00913431 0.0127659 0.0185936 0.0127131 -0.00100994 0.00931483 0.0161246 -0.00207079 -0.00469725 -0.0149167 0.00314695 0.000893624 0.00445673 0.00891803 0.0271231 0.00401738 -0.00182583 0.000384225 -0.00448972 0.0030831 0.0141989 0.00600119 0.0122814 -0.00438624 -0.00756758 -0.00711238 0.0036014 -0.00112125 -0.00881048 0.00690387 0.0126543 0.0194258 -0.000503975 0.00520614 0.00932697 0.00522447 0.0104151 0.0037425 0.0137765 -0.0137142 0.0200079 0.00284926 -0.00260062 -0.0251893 0.00591164 0.00445678 0.00880339 0.0173308 -0.00349483 -0.0128547 0.0233259 0.0343496 0.0112623 0.00526403 -0.00651668 0.00296715
internal_weight=0 4286.22 976.693 366.117 610.576 3309.53 757.649 675.992 2551.88 156.132 6296.14 4545.19 1750.94 1572.07 328.539 1243.53 621.973 399.279 3708.26 789.115 136.741 836.937 621.56 478.372 333.811 278.406 2395.75 215.978 174.668 2179.77 1456.41 311.972 723.358 659.609 538.068 420.58 116.939 198.878 1144.44 928.638 492.993 256.755 124.355 435.645 246.045 720.884 554.628 132.4 2919.14 732.947 377.207 355.74 234.416 169.152 144.561 2186.19 783.509 573.775 453.81 341.797 180.254 119.965 209.733 1402.68 499.122 267.161 903.562 839.041 546.179 240.275 292.862 143.343 191.451 93.9808 97.4707 149.519 78.4461 358.85
internal_count=131817 54329 12762 4861 7901 41567 8807 7881 32760 1864 77488 56702 20786 18552 1703 16849 8419 5687 46408 10029 1943 10294 8430 6483 4345 3527 30896 2722 2345 28174 19011 1772 9163 8514 6847 5322 1493 2659 17239 14119 7646 3868 1758 6473 2823 8829 6679 2110 36379 10090 5452 4638 3055 2298 2138 26289 9361 7131 5411 4823 2509 1720 2230 16928 6026 3550 10902 10235 6490 2664 3745 1764 2402 1251 1151 1981 1115 4996
is_linear=0
shrinkage=0.0454652


end of trees

feature_importances:
Column_3=118
Column_15=115
Column_2=112
Column_7=108
Column_21=104
Column_14=100
Column_0=96
Column_16=94
Column_27=90
Column_11=85
Column_13=84
Column_12=83
Column_29=83
Column_28=80
Column_18=77
Column_20=64
Column_6=61
Column_33=59
Column_22=58
Column_23=58
Column_10=51
Column_17=44
Column_5=39
Column_30=28
Column_4=15
Column_1=10
Column_8=10
Column_9=8
Column_31=8
Column_32=4
Column_26=2
Column_19=1
Column_25=1

parameters:
[boosting: gbdt]
[objective: binary]
[metric: auc]
[tree_learner: serial]
[device_type: cpu]
[data_sample_strategy: bagging]
[data: ]
[valid: ]
[num_iterations: 600]
[learning_rate: 0.0454652]
[num_leaves: 79]
[num_threads: 2]
[seed: 1337]
[deterministic: 0]
[force_col_wise: 0]
[force_row_wise: 0]
[histogram_pool_size: -1]
[max_depth: -1]
[min_data_in_leaf: 525]
[min_sum_hessian_in_leaf: 0.001]
[bagging_fraction: 0.774687]
[pos_bagging_fraction: 1]
[neg_bagging_fraction: 1]
[bagging_freq: 1]
[bagging_seed: 1337]
[feature_fraction: 0.515409]
[feature_fraction_bynode: 1]
[feature_fraction_seed: 1337]
[extra_trees: 0]
[extra_seed: 18955]
[early_stopping_round: 0]
[early_stopping_min_delta: 0]
[first_metric_only: 0]
[max_delta_step: 0]
[lambda_l1: 1.07292]
[lambda_l2: 4.08529]
[linear_lambda: 0]
[min_gain_to_split: 0]
[drop_rate: 0.1]
[max_drop: 50]
[skip_drop: 0.5]
[xgboost_dart_mode: 0]
[uniform_drop: 0]
[drop_seed: 17763]
[top_rate: 0.2]
[other_rate: 0.1]
[min_data_per_group: 100]
[max_cat_threshold: 32]
[cat_l2: 10]
[cat_smooth: 10]
[max_cat_to_onehot: 4]
[top_k: 20]
[monotone_constraints: ]
[monotone_constraints_method: basic]
[monotone_penalty: 0]
[feature_contri: ]
[forcedsplits_filename: ]
[refit_decay_rate: 0.9]
[cegb_tradeoff: 1]
[cegb_penalty_split: 0]
[cegb_penalty_feature_lazy: ]
[cegb_penalty_feature_coupled: ]
[path_smooth: 0]
[interaction_constraints: ]
[verbosity: -1]
[saved_feature_importance_type: 0]
[use_quantized_grad: 0]
[num_grad_quant_bins: 4]
[quant_train_renew_leaf: 0]
[stochastic_rounding: 1]
[linear_tree: 0]
[max_bin: 255]
[max_bin_by_feature: ]
[min_data_in_bin: 3]
[bin_construct_sample_cnt: 200000]
[data_random_seed: 4404]
[is_enable_sparse: 1]
[enable_bundle: 1]
[use_missing: 1]
[zero_as_missing: 0]
[feature_pre_filter: 1]
[pre_partition: 0]
[two_round: 0]
[header: 0]
[label_column: ]
[weight_column: ]
[group_column: ]
[ignore_column: ]
[categorical_feature: ]
[forcedbins_filename: ]
[precise_float_parser: 0]
[parser_config_file: ]
[objective_seed: 4113]
[num_class: 1]
[is_unbalance: 0]
[scale_pos_weight: 1]
[sigmoid: 1]
[boost_from_average: 1]
[reg_sqrt: 0]
[alpha: 0.9]
[fair_c: 1]
[poisson_max_delta_step: 0.7]
[tweedie_variance_power: 1.5]
[lambdarank_truncation_level: 30]
[lambdarank_norm: 1]
[label_gain: ]
[lambdarank_position_bias_regularization: 0]
[eval_at: ]
[multi_error_top_k: 1]
[auc_mu_weights: ]
[num_machines: 1]
[local_listen_port: 12400]
[time_out: 120]
[machine_list_filename: ]
[machines: ]
[gpu_platform_id: -1]
[gpu_device_id: -1]
[gpu_use_dp: 0]
[num_gpu: 1]

end of parameters

pandas_categorical:null
