row,dir,signal_time,entry_time,exit_time,entry_px,exit_px,outcome,pnl,dur_m1,prob,variant,fold
183115,long,2024-08-01 22:55:00,2024-08-01 23:00:00,2024-08-02 00:29:00,2445.148,2448.6985055555556,TP,3.370505555555555,89,0.44783362406640514,ml_v6,2024-08
183533,short,2024-08-05 10:50:00,2024-08-05 10:55:00,2024-08-05 10:57:00,2414.955,2408.969811111111,TP,5.805188888888926,2,0.3994188828592246,ml_v6,2024-08
183535,short,2024-08-05 11:00:00,2024-08-05 11:05:00,2024-08-05 11:22:00,2406.695,2400.6522333333332,TP,5.862766666666705,17,0.3967306356636015,ml_v6,2024-08
183568,short,2024-08-05 13:45:00,2024-08-05 13:50:00,2024-08-05 14:03:00,2395.92,2389.2509444444445,TP,6.490055555555591,13,0.3989071177266337,ml_v6,2024-08
183650,long,2024-08-05 20:35:00,2024-08-05 20:40:00,2024-08-05 23:50:00,2408.898,2405.1895069444445,SL,-3.8884930555555695,127,0.44064845587768997,ml_v6,2024-08
183678,long,2024-08-05 23:55:00,2024-08-06 00:00:00,2024-08-06 00:21:00,2404.865,2410.6663944444444,TP,5.621394444444456,21,0.4487913873356647,ml_v6,2024-08
183726,long,2024-08-06 03:55:00,2024-08-06 04:00:00,2024-08-06 05:43:00,2409.013,2405.698659722222,SL,-3.494340277777785,103,0.4402490437311208,ml_v6,2024-08
183943,long,2024-08-06 23:00:00,2024-08-06 23:05:00,2024-08-06 23:19:00,2389.176,2386.7929444444444,SL,-2.563055555555564,14,0.4479226500076329,ml_v6,2024-08
184773,short,2024-08-11 23:15:00,2024-08-11 23:20:00,2024-08-12 01:46:00,2428.904,2426.2688222222223,TP,2.4551777777777644,146,0.3955494568682406,ml_v6,2024-08
184807,short,2024-08-12 02:05:00,2024-08-12 02:10:00,2024-08-12 02:14:00,2424.075,2425.7358541666663,SL,-1.8408541666666587,4,0.39730335000149364,ml_v6,2024-08
184809,short,2024-08-12 02:15:00,2024-08-12 02:20:00,2024-08-12 03:52:00,2426.587,2428.2460138888887,SL,-1.8390138888888803,92,0.4007865093398648,ml_v6,2024-08
184829,short,2024-08-12 03:55:00,2024-08-12 04:00:00,2024-08-12 04:22:00,2428.529,2430.1248229166667,SL,-1.7758229166666626,22,0.401545433993872,ml_v6,2024-08
184837,short,2024-08-12 04:35:00,2024-08-12 04:40:00,2024-08-12 04:56:00,2431.883,2433.4682291666663,SL,-1.765229166666666,16,0.3956241267354266,ml_v6,2024-08
184903,short,2024-08-12 10:05:00,2024-08-12 10:10:00,2024-08-12 10:41:00,2443.076,2444.640982638889,SL,-1.7449826388888894,31,0.39600184385756754,ml_v6,2024-08
184911,short,2024-08-12 10:45:00,2024-08-12 10:50:00,2024-08-12 11:15:00,2444.125,2441.6295,TP,2.315500000000003,25,0.39595120971183084,ml_v6,2024-08
184926,short,2024-08-12 12:00:00,2024-08-12 12:05:00,2024-08-12 12:30:00,2443.314,2444.8648715277777,SL,-1.7308715277777804,25,0.3958022376883506,ml_v6,2024-08
184944,short,2024-08-12 13:30:00,2024-08-12 13:35:00,2024-08-12 13:38:00,2449.922,2451.46903125,SL,-1.7270312500000033,3,0.3997128868596127,ml_v6,2024-08
184946,short,2024-08-12 13:40:00,2024-08-12 13:45:00,2024-08-12 13:46:00,2452.019,2453.5697499999997,SL,-1.7297500000000032,1,0.3990709236064732,ml_v6,2024-08
184948,short,2024-08-12 13:50:00,2024-08-12 13:55:00,2024-08-12 13:59:00,2456.61,2454.101916666667,TP,2.3290833333333385,4,0.4029741218674659,ml_v6,2024-08
184950,short,2024-08-12 14:00:00,2024-08-12 14:05:00,2024-08-12 14:13:00,2452.088,2449.554972222222,TP,2.353027777777786,8,0.3966129339081259,ml_v6,2024-08
184953,short,2024-08-12 14:15:00,2024-08-12 14:20:00,2024-08-12 14:21:00,2447.616,2445.0669222222223,TP,2.3700777777777895,1,0.39707683531435134,ml_v6,2024-08
184955,short,2024-08-12 14:25:00,2024-08-12 14:30:00,2024-08-12 14:32:00,2448.587,2450.189284722222,SL,-1.7712847222222305,2,0.39730116039400093,ml_v6,2024-08
184957,short,2024-08-12 14:35:00,2024-08-12 14:40:00,2024-08-12 14:41:00,2450.146,2451.743534722222,SL,-1.7665347222222292,1,0.39562607470574096,ml_v6,2024-08
184959,short,2024-08-12 14:45:00,2024-08-12 14:50:00,2024-08-12 14:53:00,2455.426,2452.9051944444445,TP,2.3518055555555653,3,0.3984862646449088,ml_v6,2024-08
184961,short,2024-08-12 14:55:00,2024-08-12 15:00:00,2024-08-12 15:06:00,2453.259,2454.82853125,SL,-1.7385312500000067,6,0.39570211378725173,ml_v6,2024-08
184964,short,2024-08-12 15:10:00,2024-08-12 15:15:00,2024-08-12 15:20:00,2458.953,2456.4478944444445,TP,2.3361055555555676,5,0.3987011691916465,ml_v6,2024-08
184967,short,2024-08-12 15:25:00,2024-08-12 15:30:00,2024-08-12 15:32:00,2457.258,2458.825138888889,SL,-1.7361388888888944,2,0.39614518645825103,ml_v6,2024-08
184969,short,2024-08-12 15:35:00,2024-08-12 15:40:00,2024-08-12 15:48:00,2456.318,2457.8943750000003,SL,-1.7453750000000068,8,0.3963437875905812,ml_v6,2024-08
184978,short,2024-08-12 16:20:00,2024-08-12 16:25:00,2024-08-12 16:52:00,2463.363,2464.9239930555555,SL,-1.7299930555555612,27,0.3975259512701875,ml_v6,2024-08
185016,short,2024-08-12 19:30:00,2024-08-12 19:35:00,2024-08-12 20:55:00,2471.039,2472.559579861111,SL,-1.6895798611111195,80,0.3959529491655944,ml_v6,2024-08
185036,short,2024-08-12 22:10:00,2024-08-12 22:15:00,2024-08-12 22:18:00,2471.407,2472.9211944444446,SL,-1.6831944444444482,3,0.39737578218076747,ml_v6,2024-08
185064,short,2024-08-13 00:30:00,2024-08-13 00:35:00,2024-08-13 00:41:00,2472.707,2470.299633333333,TP,2.2383666666666593,6,0.3962198532190513,ml_v6,2024-08
185067,short,2024-08-13 00:45:00,2024-08-13 00:50:00,2024-08-13 00:51:00,2470.335,2471.8463472222224,SL,-1.680347222222219,1,0.3957227951851081,ml_v6,2024-08
185069,short,2024-08-13 00:55:00,2024-08-13 01:00:00,2024-08-13 01:02:00,2472.132,2473.648090277778,SL,-1.6850902777777732,2,0.3965092337694358,ml_v6,2024-08
185103,short,2024-08-13 03:45:00,2024-08-13 03:50:00,2024-08-13 04:47:00,2464.148,2461.600927777778,TP,2.37807222222223,57,0.39614427721057444,ml_v6,2024-08
185127,short,2024-08-13 05:45:00,2024-08-13 05:50:00,2024-08-13 05:54:00,2461.871,2463.502326388889,SL,-1.8003263888888956,4,0.3963134082989217,ml_v6,2024-08
185137,short,2024-08-13 06:35:00,2024-08-13 06:40:00,2024-08-13 07:12:00,2464.133,2461.4802888888885,TP,2.4837111111111256,32,0.3960018846230031,ml_v6,2024-08
185169,short,2024-08-13 09:15:00,2024-08-13 09:20:00,2024-08-13 10:21:00,2461.048,2462.697388888889,SL,-1.8183888888888995,61,0.3959861802489535,ml_v6,2024-08
185600,long,2024-08-14 23:10:00,2024-08-14 23:15:00,2024-08-15 00:01:00,2447.446,2450.3511222222223,TP,2.7361222222222303,46,0.44762433602815943,ml_v6,2024-08
185617,long,2024-08-15 00:35:00,2024-08-15 00:40:00,2024-08-15 00:57:00,2453.312,2451.48065625,SL,-2.0003437500000034,17,0.442325945128148,ml_v6,2024-08
186173,short,2024-08-19 01:00:00,2024-08-19 01:05:00,2024-08-19 01:09:00,2501.036,2497.9577055555555,TP,2.8982944444444487,4,0.3977194012896278,ml_v6,2024-08
186175,short,2024-08-19 01:10:00,2024-08-19 01:15:00,2024-08-19 01:31:00,2497.215,2499.159142361111,SL,-2.1241423611111143,16,0.3963601769701698,ml_v6,2024-08
186184,short,2024-08-19 01:55:00,2024-08-19 02:00:00,2024-08-19 02:12:00,2498.117,2500.1145625000004,SL,-2.1775625000000023,12,0.39584917405060316,ml_v6,2024-08
186188,short,2024-08-19 02:15:00,2024-08-19 02:20:00,2024-08-19 02:36:00,2498.783,2500.785375,SL,-2.1823750000000026,16,0.3992723983651941,ml_v6,2024-08
186193,short,2024-08-19 02:40:00,2024-08-19 02:45:00,2024-08-19 02:53:00,2500.679,2502.6735520833336,SL,-2.17455208333334,8,0.3971679680128771,ml_v6,2024-08
186196,short,2024-08-19 02:55:00,2024-08-19 03:00:00,2024-08-19 03:03:00,2503.431,2505.426392361111,SL,-2.1753923611111166,3,0.3961683193374092,ml_v6,2024-08
186199,short,2024-08-19 03:10:00,2024-08-19 03:15:00,2024-08-19 04:11:00,2502.698,2504.70584375,SL,-2.1878437500000083,56,0.3959773056288439,ml_v6,2024-08
186212,short,2024-08-19 04:15:00,2024-08-19 04:20:00,2024-08-19 06:08:00,2501.952,2503.959850694445,SL,-2.187850694444451,108,0.39571299721999237,ml_v6,2024-08
186279,short,2024-08-19 09:50:00,2024-08-19 09:55:00,2024-08-19 10:08:00,2501.131,2497.822861111111,TP,3.1281388888888997,13,0.39659785901819117,ml_v6,2024-08
186327,short,2024-08-19 13:50:00,2024-08-19 13:55:00,2024-08-19 14:03:00,2495.154,2497.3126805555557,SL,-2.338680555555561,8,0.3974977748792633,ml_v6,2024-08
186419,long,2024-08-19 22:30:00,2024-08-19 22:35:00,2024-08-20 00:37:00,2503.224,2506.029927777778,TP,2.625927777777778,122,0.4587565167189248,ml_v6,2024-08
186451,short,2024-08-20 01:10:00,2024-08-20 01:15:00,2024-08-20 01:21:00,2502.92,2504.640059027778,SL,-1.9000590277777791,6,0.3984742968351859,ml_v6,2024-08
186454,short,2024-08-20 01:25:00,2024-08-20 01:30:00,2024-08-20 01:54:00,2504.524,2501.7655,TP,2.5784999999999987,24,0.3966223943383735,ml_v6,2024-08
186465,short,2024-08-20 02:20:00,2024-08-20 02:25:00,2024-08-20 04:42:00,2500.898,2502.5950833333336,SL,-1.8770833333333308,137,0.39581379772735054,ml_v6,2024-08
186562,short,2024-08-20 10:25:00,2024-08-20 10:30:00,2024-08-20 11:25:00,2523.838,2525.5626805555557,SL,-1.90468055555554,55,0.39665467684431577,ml_v6,2024-08
186589,short,2024-08-20 12:40:00,2024-08-20 12:45:00,2024-08-20 12:48:00,2525.573,2527.299708333333,SL,-1.9067083333333235,3,0.3967608774201443,ml_v6,2024-08
186598,short,2024-08-20 13:25:00,2024-08-20 13:30:00,2024-08-20 13:31:00,2528.633,2530.383111111111,SL,-1.9301111111111053,1,0.39748793487711453,ml_v6,2024-08
186601,short,2024-08-20 13:40:00,2024-08-20 13:45:00,2024-08-20 13:47:00,2525.881,2527.6686076388887,SL,-1.9676076388888861,2,0.39639408533735776,ml_v6,2024-08
186603,short,2024-08-20 13:50:00,2024-08-20 13:55:00,2024-08-20 14:10:00,2529.873,2527.013283333333,TP,2.6797166666666605,15,0.3998276854054501,ml_v6,2024-08
186608,short,2024-08-20 14:15:00,2024-08-20 14:20:00,2024-08-20 14:24:00,2525.913,2523.0545444444447,TP,2.67845555555555,4,0.3985367020765126,ml_v6,2024-08
186616,short,2024-08-20 14:55:00,2024-08-20 15:00:00,2024-08-20 15:01:00,2523.823,2520.9727944444444,TP,2.6702055555555395,1,0.3955536833205998,ml_v6,2024-08
186704,long,2024-08-20 23:15:00,2024-08-20 23:20:00,2024-08-20 23:59:00,2514.69,2512.7960243055554,SL,-2.07397569444444,39,0.4448315454960473,ml_v6,2024-08
186771,short,2024-08-21 04:50:00,2024-08-21 04:55:00,2024-08-21 05:22:00,2515.689,2517.623829861111,SL,-2.1148298611111165,27,0.395821379492024,ml_v6,2024-08
186969,long,2024-08-21 22:20:00,2024-08-21 22:25:00,2024-08-22 00:10:00,2513.541,2511.73878125,SL,-1.982218750000004,105,0.4410659402889287,ml_v6,2024-08
186992,long,2024-08-22 00:15:00,2024-08-22 00:20:00,2024-08-22 01:32:00,2512.01,2510.2211458333336,SL,-1.9688541666666637,72,0.4450704277165746,ml_v6,2024-08
187236,long,2024-08-22 20:35:00,2024-08-22 20:40:00,2024-08-22 23:52:00,2483.785,2486.6825277777775,TP,2.7175277777777844,129,0.4721009831523628,ml_v6,2024-08
187582,short,2024-08-26 03:30:00,2024-08-26 03:35:00,2024-08-26 06:29:00,2511.026,2512.8029340277776,SL,-1.9369340277777762,174,0.39583040761139754,ml_v6,2024-08
187809,long,2024-08-26 23:25:00,2024-08-26 23:30:00,2024-08-26 23:43:00,2517.41,2515.9759583333334,SL,-1.5940416666666426,13,0.4542309744597085,ml_v6,2024-08
187815,long,2024-08-26 23:55:00,2024-08-27 00:00:00,2024-08-27 00:44:00,2515.512,2514.087979166667,SL,-1.5840208333333095,44,0.4429415760461039,ml_v6,2024-08
187859,short,2024-08-27 03:35:00,2024-08-27 03:40:00,2024-08-27 04:01:00,2507.888,2509.308107638889,SL,-1.580107638888873,21,0.39750079700979457,ml_v6,2024-08
187877,short,2024-08-27 05:05:00,2024-08-27 05:10:00,2024-08-27 05:22:00,2508.557,2509.9842777777776,SL,-1.587277777777762,12,0.396812914705603,ml_v6,2024-08
188098,long,2024-08-28 00:30:00,2024-08-28 00:35:00,2024-08-28 01:01:00,2525.071,2523.4877881944444,SL,-1.7432118055555639,26,0.44813621344986315,ml_v6,2024-08
188364,long,2024-08-28 23:40:00,2024-08-28 23:45:00,2024-08-29 00:13:00,2507.493,2510.0723222222223,TP,2.4193222222222186,28,0.4458296329063451,ml_v6,2024-08
188896,short,2024-09-01 22:05:00,2024-09-01 22:10:00,2024-09-02 00:57:00,2504.193,2501.533627777778,TP,2.4993722222222345,167,0.41375166975761746,ml_v6,2024-09
189058,short,2024-09-02 11:35:00,2024-09-02 11:40:00,2024-09-02 12:23:00,2499.434,2501.2314861111113,SL,-1.957486111111117,43,0.41039811851011276,ml_v6,2024-09
189107,short,2024-09-02 15:40:00,2024-09-02 15:45:00,2024-09-02 16:02:00,2500.178,2501.7399444444445,SL,-1.7219444444444354,17,0.4104512865864091,ml_v6,2024-09
189416,long,2024-09-03 23:00:00,2024-09-03 23:05:00,2024-09-04 02:32:00,2492.5,2495.279772222222,TP,2.619772222222214,207,0.4372164150161747,ml_v6,2024-09
189501,long,2024-09-04 06:05:00,2024-09-04 06:10:00,2024-09-04 06:22:00,2492.491,2490.748975694444,SL,-1.9020243055555601,12,0.43615363039566807,ml_v6,2024-09
189505,long,2024-09-04 06:25:00,2024-09-04 06:30:00,2024-09-04 06:31:00,2489.504,2487.7563541666664,SL,-1.90764583333334,1,0.4342737226790886,ml_v6,2024-09
189725,short,2024-09-05 01:45:00,2024-09-05 01:50:00,2024-09-05 02:29:00,2496.498,2498.100357638889,SL,-1.7623576388889135,39,0.4106859007435482,ml_v6,2024-09
189741,short,2024-09-05 03:05:00,2024-09-05 03:10:00,2024-09-05 03:58:00,2497.681,2495.1619666666666,TP,2.3590333333333784,48,0.4091349118019092,ml_v6,2024-09
189765,long,2024-09-05 05:05:00,2024-09-05 05:10:00,2024-09-05 05:44:00,2495.189,2497.682961111111,TP,2.333961111111149,34,0.4329225997637671,ml_v6,2024-09
190106,short,2024-09-06 10:30:00,2024-09-06 10:35:00,2024-09-06 11:19:00,2518.454,2519.8596493055556,SL,-1.5656493055555625,44,0.4109606898499201,ml_v6,2024-09
190255,long,2024-09-09 00:00:00,2024-09-09 00:05:00,2024-09-09 00:29:00,2497.87,2495.856225694444,SL,-2.1737743055555767,24,0.45074256312542477,ml_v6,2024-09
190281,short,2024-09-09 02:10:00,2024-09-09 02:15:00,2024-09-09 05:35:00,2498.692,2495.371561111111,TP,3.1604388888889328,200,0.41061606095987785,ml_v6,2024-09
190844,short,2024-09-11 03:05:00,2024-09-11 03:10:00,2024-09-11 03:27:00,2517.629,2518.9429826388887,SL,-1.4739826388888577,17,0.41483428242149356,ml_v6,2024-09
190859,short,2024-09-11 04:20:00,2024-09-11 04:25:00,2024-09-11 05:07:00,2519.321,2520.6324999999997,SL,-1.471499999999973,42,0.4104846516481563,ml_v6,2024-09
191069,long,2024-09-11 22:50:00,2024-09-11 22:55:00,2024-09-12 00:19:00,2513.039,2511.4666805555557,SL,-1.7323194444444443,84,0.4481278563707403,ml_v6,2024-09
191087,long,2024-09-12 00:20:00,2024-09-12 00:25:00,2024-09-12 01:08:00,2511.554,2514.0849555555556,TP,2.3709555555555513,43,0.4359081767912629,ml_v6,2024-09
191097,long,2024-09-12 01:10:00,2024-09-12 01:15:00,2024-09-12 02:12:00,2513.843,2512.256847222222,SL,-1.7461527777777726,57,0.43235222414026303,ml_v6,2024-09
191116,short,2024-09-12 02:45:00,2024-09-12 02:50:00,2024-09-12 03:01:00,2511.432,2512.9948993055555,SL,-1.72289930555555,11,0.4094177596482679,ml_v6,2024-09
191628,short,2024-09-15 23:30:00,2024-09-15 23:35:00,2024-09-16 00:07:00,2578.988,2580.697927083333,SL,-1.8699270833333168,32,0.42403460716374375,ml_v6,2024-09
191636,short,2024-09-16 00:10:00,2024-09-16 00:15:00,2024-09-16 02:12:00,2581.404,2583.1263993055554,SL,-1.8823993055555364,117,0.41841505772936416,ml_v6,2024-09
191661,short,2024-09-16 02:15:00,2024-09-16 02:20:00,2024-09-16 03:05:00,2584.477,2586.1478888888887,SL,-1.8308888888888664,45,0.42779772039528324,ml_v6,2024-09
191704,short,2024-09-16 05:50:00,2024-09-16 05:55:00,2024-09-16 06:52:00,2588.602,2586.021422222222,TP,2.420577777777742,57,0.41307999262106954,ml_v6,2024-09
191894,long,2024-09-16 22:40:00,2024-09-16 22:45:00,2024-09-17 00:46:00,2583.017,2581.6619895833333,SL,-1.515010416666668,121,0.435930066557123,ml_v6,2024-09
191929,short,2024-09-17 01:35:00,2024-09-17 01:40:00,2024-09-17 01:47:00,2581.355,2582.688652777778,SL,-1.4936527777777733,7,0.4102240490683613,ml_v6,2024-09
191932,short,2024-09-17 01:50:00,2024-09-17 01:55:00,2024-09-17 01:59:00,2581.088,2582.4276909722225,SL,-1.4996909722222178,4,0.4116668806512608,ml_v6,2024-09
191934,short,2024-09-17 02:00:00,2024-09-17 02:05:00,2024-09-17 02:13:00,2583.489,2584.830548611111,SL,-1.5015486111111047,8,0.4123455049792818,ml_v6,2024-09
192167,long,2024-09-17 22:25:00,2024-09-17 22:30:00,2024-09-17 23:28:00,2570.752,2573.3534444444444,TP,2.441444444444448,58,0.4347382120801943,ml_v6,2024-09
192180,long,2024-09-17 23:30:00,2024-09-17 23:35:00,2024-09-18 00:15:00,2574.031,2572.403454861111,SL,-1.7875451388888848,40,0.4400804975866722,ml_v6,2024-09
192194,long,2024-09-18 00:40:00,2024-09-18 00:45:00,2024-09-18 01:00:00,2571.677,2574.314927777778,TP,2.477927777777784,15,0.4366330583349533,ml_v6,2024-09
192991,short,2024-09-22 22:10:00,2024-09-22 22:15:00,2024-09-23 01:00:00,2620.9,2618.120661111111,TP,2.6193388888889086,165,0.4117114806362092,ml_v6,2024-09
193026,short,2024-09-23 01:05:00,2024-09-23 01:10:00,2024-09-23 01:15:00,2618.241,2620.01015625,SL,-1.929156250000015,5,0.428192672957583,ml_v6,2024-09
193029,short,2024-09-23 01:20:00,2024-09-23 01:25:00,2024-09-23 01:39:00,2619.052,2620.830482638889,SL,-1.9384826388889045,14,0.43039766727151496,ml_v6,2024-09
193033,short,2024-09-23 01:40:00,2024-09-23 01:45:00,2024-09-23 02:33:00,2621.073,2622.864864583333,SL,-1.95186458333335,48,0.42510515476173094,ml_v6,2024-09
193044,short,2024-09-23 02:35:00,2024-09-23 02:40:00,2024-09-23 02:57:00,2624.857,2626.6443784722223,SL,-1.9473784722222376,17,0.41728651541645645,ml_v6,2024-09
193049,short,2024-09-23 03:00:00,2024-09-23 03:05:00,2024-09-23 03:18:00,2626.999,2628.7987118055553,SL,-1.9597118055555698,13,0.4099081333038336,ml_v6,2024-09
193315,short,2024-09-24 02:10:00,2024-09-24 02:15:00,2024-09-24 02:45:00,2627.543,2629.0683819444444,SL,-1.6853819444444331,30,0.412054358274437,ml_v6,2024-09
193833,long,2024-09-25 23:20:00,2024-09-25 23:25:00,2024-09-25 23:54:00,2658.909,2657.1849479166667,SL,-1.8840520833333445,29,0.4336250957156703,ml_v6,2024-09
193841,long,2024-09-26 00:00:00,2024-09-26 00:05:00,2024-09-26 00:52:00,2656.726,2659.4802833333333,TP,2.5942833333333546,47,0.45046479418764157,ml_v6,2024-09
193852,long,2024-09-26 00:55:00,2024-09-26 01:00:00,2024-09-26 02:49:00,2659.001,2657.2695034722224,SL,-1.8914965277777867,109,0.43321757927427335,ml_v6,2024-09
193878,short,2024-09-26 03:05:00,2024-09-26 03:10:00,2024-09-26 03:15:00,2658.709,2660.4155138888887,SL,-1.866513888888894,5,0.4111649232050312,ml_v6,2024-09
193882,short,2024-09-26 03:25:00,2024-09-26 03:30:00,2024-09-26 04:00:00,2660.947,2662.6451770833332,SL,-1.8581770833333389,30,0.41053707029080844,ml_v6,2024-09
194093,long,2024-09-26 22:00:00,2024-09-26 22:05:00,2024-09-27 00:25:00,2672.028,2670.0547604166663,SL,-2.1332395833333337,140,0.43595222458381827,ml_v6,2024-09
194123,long,2024-09-27 00:30:00,2024-09-27 00:35:00,2024-09-27 01:35:00,2669.854,2667.894211805555,SL,-2.1197881944444488,60,0.47329088379104167,ml_v6,2024-09
194543,short,2024-09-30 12:35:00,2024-09-30 12:40:00,2024-09-30 12:57:00,2636.271,2638.363368055556,SL,-2.2523680555555488,17,0.410778408332302,ml_v6,2024-09
194554,short,2024-09-30 13:30:00,2024-09-30 13:35:00,2024-09-30 13:42:00,2639.093,2635.6863055555555,TP,3.246694444444421,7,0.41152541626502603,ml_v6,2024-09
194655,long,2024-09-30 22:55:00,2024-09-30 23:00:00,2024-10-01 01:33:00,2634.994,2638.0446833333335,TP,2.8906833333333157,153,0.4385313148468069,ml_v6,2024-09
194673,long,2024-10-01 00:25:00,2024-10-01 00:30:00,2024-10-01 00:40:00,2636.347,2634.4941770833334,SL,-2.0128229166666567,10,0.4350424965641838,ml_v6,2024-10
194813,short,2024-10-01 12:05:00,2024-10-01 12:10:00,2024-10-01 12:13:00,2653.505,2655.116954861111,SL,-1.7719548611111093,3,0.3933395096212548,ml_v6,2024-10
194815,short,2024-10-01 12:15:00,2024-10-01 12:20:00,2024-10-01 12:25:00,2654.663,2656.2748020833333,SL,-1.771802083333332,5,0.39237966745623176,ml_v6,2024-10
194851,short,2024-10-01 15:15:00,2024-10-01 15:20:00,2024-10-01 15:27:00,2663.554,2665.3252256944447,SL,-1.9312256944444501,7,0.39361322587277364,ml_v6,2024-10
194854,short,2024-10-01 15:30:00,2024-10-01 15:35:00,2024-10-01 15:38:00,2664.295,2661.48,TP,2.655000000000009,3,0.39726030109372024,ml_v6,2024-10
194857,short,2024-10-01 15:45:00,2024-10-01 15:50:00,2024-10-01 15:59:00,2661.137,2662.9080729166667,SL,-1.9310729166666711,9,0.39183541303421926,ml_v6,2024-10
194860,short,2024-10-01 16:00:00,2024-10-01 16:05:00,2024-10-01 16:08:00,2661.27,2663.046388888889,SL,-1.9363888888888932,3,0.39254971509720754,ml_v6,2024-10
194862,short,2024-10-01 16:10:00,2024-10-01 16:15:00,2024-10-01 16:26:00,2664.545,2666.3139895833333,SL,-1.9289895833333381,11,0.396373890618943,ml_v6,2024-10
194866,short,2024-10-01 16:30:00,2024-10-01 16:35:00,2024-10-01 16:36:00,2666.756,2668.538701388889,SL,-1.9427013888888909,1,0.39686673162426833,ml_v6,2024-10
194868,short,2024-10-01 16:40:00,2024-10-01 16:45:00,2024-10-01 16:48:00,2669.566,2671.369503472222,SL,-1.9635034722222258,3,0.395985922220184,ml_v6,2024-10
194870,short,2024-10-01 16:50:00,2024-10-01 16:55:00,2024-10-01 16:58:00,2669.888,2666.99045,TP,2.7375500000000086,3,0.395985922220184,ml_v6,2024-10
194872,short,2024-10-01 17:00:00,2024-10-01 17:05:00,2024-10-01 17:07:00,2664.979,2666.808909722222,SL,-1.9899097222222273,2,0.3958287149695889,ml_v6,2024-10
194878,short,2024-10-01 17:30:00,2024-10-01 17:35:00,2024-10-01 18:08:00,2663.949,2660.9431611111113,TP,2.8458388888888986,33,0.39194819927497065,ml_v6,2024-10
194899,short,2024-10-01 19:15:00,2024-10-01 19:20:00,2024-10-01 19:46:00,2662.947,2659.9222722222225,TP,2.864727777777788,26,0.39446086287779963,ml_v6,2024-10
194921,short,2024-10-01 22:05:00,2024-10-01 22:10:00,2024-10-02 00:06:00,2661.879,2658.937177777778,TP,2.7818222222222286,116,0.3921393119242061,ml_v6,2024-10
195483,long,2024-10-03 22:55:00,2024-10-03 23:00:00,2024-10-03 23:39:00,2656.046,2654.3821666666663,SL,-1.8238333333333212,39,0.4381651801496572,ml_v6,2024-10
195492,long,2024-10-03 23:40:00,2024-10-03 23:45:00,2024-10-04 00:31:00,2654.857,2657.5098055555554,TP,2.492805555555531,46,0.4595327329552525,ml_v6,2024-10
195771,long,2024-10-07 00:00:00,2024-10-07 00:05:00,2024-10-07 01:46:00,2649.238,2647.3734791666666,SL,-2.0245208333333347,101,0.4469232097724505,ml_v6,2024-10
196303,long,2024-10-08 22:20:00,2024-10-08 22:25:00,2024-10-09 01:22:00,2620.683,2624.217727777778,TP,3.374727777777792,177,0.4354878220139713,ml_v6,2024-10
196378,long,2024-10-09 04:35:00,2024-10-09 04:40:00,2024-10-09 05:05:00,2617.011,2620.3540777777775,TP,3.1830777777778025,25,0.43708465572389466,ml_v6,2024-10
196385,long,2024-10-09 05:10:00,2024-10-09 05:15:00,2024-10-09 05:34:00,2620.607,2623.9274277777777,TP,3.1604277777778087,19,0.4399328088933284,ml_v6,2024-10
196590,long,2024-10-09 23:15:00,2024-10-09 23:20:00,2024-10-10 00:01:00,2609.295,2607.6769270833333,SL,-1.7780729166666733,41,0.43872023350296685,ml_v6,2024-10
196626,short,2024-10-10 02:15:00,2024-10-10 02:20:00,2024-10-10 02:28:00,2608.865,2610.508659722222,SL,-1.8036597222222215,8,0.3916650405862986,ml_v6,2024-10
197139,short,2024-10-13 23:05:00,2024-10-13 23:10:00,2024-10-14 00:01:00,2649.717,2647.16855,TP,2.38845000000001,51,0.3950319780576015,ml_v6,2024-10
197157,short,2024-10-14 00:35:00,2024-10-14 00:40:00,2024-10-14 01:00:00,2648.165,2645.5919277777775,TP,2.4130722222222363,20,0.392243435821424,ml_v6,2024-10
197267,short,2024-10-14 09:45:00,2024-10-14 09:50:00,2024-10-14 10:10:00,2658.499,2660.1502638888887,SL,-1.81126388888889,20,0.39210471361432153,ml_v6,2024-10
197273,short,2024-10-14 10:15:00,2024-10-14 10:20:00,2024-10-14 10:27:00,2659.508,2656.8579888888885,TP,2.4900111111111056,7,0.3944865396290377,ml_v6,2024-10
197276,short,2024-10-14 10:30:00,2024-10-14 10:35:00,2024-10-14 10:55:00,2658.858,2656.2119444444447,TP,2.4860555555555477,20,0.39602861804585143,ml_v6,2024-10
197413,long,2024-10-14 22:55:00,2024-10-14 23:00:00,2024-10-15 00:16:00,2650.011,2648.400545138889,SL,-1.7704548611111037,76,0.43997206657894317,ml_v6,2024-10
197430,long,2024-10-15 00:20:00,2024-10-15 00:25:00,2024-10-15 01:18:00,2648.833,2647.28125,SL,-1.7117499999999888,53,0.4369211629489489,ml_v6,2024-10
197962,long,2024-10-16 22:40:00,2024-10-16 22:45:00,2024-10-17 00:31:00,2674.162,2676.6544777777776,TP,2.332477777777786,106,0.43774246400891015,ml_v6,2024-10
198507,short,2024-10-20 22:10:00,2024-10-20 22:15:00,2024-10-20 22:58:00,2722.181,2723.820263888889,SL,-1.799263888888894,43,0.3927564478466318,ml_v6,2024-10
198537,short,2024-10-21 00:40:00,2024-10-21 00:45:00,2024-10-21 01:05:00,2723.359,2725.063329861111,SL,-1.86432986111111,20,0.39420879800093833,ml_v6,2024-10
198556,short,2024-10-21 02:15:00,2024-10-21 02:20:00,2024-10-21 02:22:00,2726.462,2728.226722222222,SL,-1.9247222222222293,2,0.39318592763505134,ml_v6,2024-10
198558,short,2024-10-21 02:25:00,2024-10-21 02:30:00,2024-10-21 02:45:00,2729.344,2726.5199055555554,TP,2.6640944444444594,15,0.3935606620367542,ml_v6,2024-10
198563,short,2024-10-21 02:50:00,2024-10-21 02:55:00,2024-10-21 02:59:00,2729.526,2731.2754131944444,SL,-1.909413194444456,4,0.3949937663134113,ml_v6,2024-10
198565,short,2024-10-21 03:00:00,2024-10-21 03:05:00,2024-10-21 03:37:00,2731.049,2732.797753472222,SL,-1.9087534722222335,32,0.39438743806443366,ml_v6,2024-10
198575,short,2024-10-21 03:50:00,2024-10-21 03:55:00,2024-10-21 05:07:00,2731.707,2728.9685,TP,2.578500000000017,72,0.3937559126826561,ml_v6,2024-10
198606,short,2024-10-21 06:25:00,2024-10-21 06:30:00,2024-10-21 06:48:00,2727.389,2729.0935416666666,SL,-1.864541666666674,18,0.39443150884005007,ml_v6,2024-10
198632,short,2024-10-21 08:35:00,2024-10-21 08:40:00,2024-10-21 09:16:00,2732.845,2734.5023090277778,SL,-1.8173090277777835,36,0.3918691163550908,ml_v6,2024-10
198681,short,2024-10-21 12:40:00,2024-10-21 12:45:00,2024-10-21 13:01:00,2738.366,2740.0519930555556,SL,-1.8459930555555644,16,0.3923335737540908,ml_v6,2024-10
198694,short,2024-10-21 13:45:00,2024-10-21 13:50:00,2024-10-21 13:52:00,2737.611,2739.3518784722223,SL,-1.9008784722222334,2,0.39208007519986104,ml_v6,2024-10
198696,short,2024-10-21 13:55:00,2024-10-21 14:00:00,2024-10-21 14:02:00,2739.028,2736.240072222222,TP,2.6279277777777943,2,0.39653707323517684,ml_v6,2024-10
198698,short,2024-10-21 14:05:00,2024-10-21 14:10:00,2024-10-21 14:20:00,2737.259,2739.0045416666667,SL,-1.9055416666666773,10,0.396827273349427,ml_v6,2024-10
198794,long,2024-10-21 23:05:00,2024-10-21 23:10:00,2024-10-22 00:24:00,2720.899,2723.7476666666666,TP,2.688666666666655,74,0.43751856540237144,ml_v6,2024-10
199323,long,2024-10-23 20:10:00,2024-10-23 20:15:00,2024-10-23 22:31:00,2715.256,2718.1566055555554,TP,2.740605555555573,73,0.4363261837243339,ml_v6,2024-10
199342,long,2024-10-23 22:45:00,2024-10-23 22:50:00,2024-10-23 23:36:00,2717.813,2720.6914,TP,2.7184000000000106,46,0.4383680461800321,ml_v6,2024-10
199620,long,2024-10-24 22:55:00,2024-10-24 23:00:00,2024-10-25 00:18:00,2734.584,2732.985329861111,SL,-1.7586701388888901,78,0.4433985032101232,ml_v6,2024-10
199637,long,2024-10-25 00:20:00,2024-10-25 00:25:00,2024-10-25 00:49:00,2732.898,2731.3169270833337,SL,-1.7410729166666623,24,0.4556821536934727,ml_v6,2024-10
199645,long,2024-10-25 01:00:00,2024-10-25 01:05:00,2024-10-25 01:14:00,2732.564,2735.092672222222,TP,2.36867222222222,9,0.4352324557221287,ml_v6,2024-10
200259,short,2024-10-29 06:15:00,2024-10-29 06:20:00,2024-10-29 06:24:00,2751.653,2753.228017361111,SL,-1.7350173611111301,4,0.39157030351993716,ml_v6,2024-10
200262,short,2024-10-29 06:30:00,2024-10-29 06:35:00,2024-10-29 06:47:00,2753.595,2755.1716562499996,SL,-1.736656250000018,12,0.39286390312549746,ml_v6,2024-10
200270,short,2024-10-29 07:10:00,2024-10-29 07:15:00,2024-10-29 08:00:00,2754.151,2751.629488888889,TP,2.361511111111133,45,0.3935791164664761,ml_v6,2024-10
200286,short,2024-10-29 08:30:00,2024-10-29 08:35:00,2024-10-29 08:51:00,2752.063,2753.6155972222223,SL,-1.7125972222222383,16,0.39476659525914976,ml_v6,2024-10
200291,short,2024-10-29 08:55:00,2024-10-29 09:00:00,2024-10-29 09:20:00,2754.593,2756.14596875,SL,-1.7129687500000146,20,0.39632365880455855,ml_v6,2024-10
200298,short,2024-10-29 09:30:00,2024-10-29 09:35:00,2024-10-29 09:52:00,2753.68,2751.2185111111107,TP,2.301488888888908,17,0.39513902307538984,ml_v6,2024-10
200303,short,2024-10-29 09:55:00,2024-10-29 10:00:00,2024-10-29 10:07:00,2752.494,2750.0576944444447,TP,2.2763055555555702,7,0.393436431298542,ml_v6,2024-10
200306,short,2024-10-29 10:10:00,2024-10-29 10:15:00,2024-10-29 10:27:00,2749.952,2747.518038888889,TP,2.2739611111111278,12,0.3925883019068718,ml_v6,2024-10
200310,short,2024-10-29 10:30:00,2024-10-29 10:35:00,2024-10-29 10:47:00,2748.697,2750.2121805555557,SL,-1.6751805555555692,12,0.3932932460406303,ml_v6,2024-10
200337,short,2024-10-29 12:45:00,2024-10-29 12:50:00,2024-10-29 12:58:00,2752.585,2750.172327777778,TP,2.2526722222222344,8,0.39262282019402456,ml_v6,2024-10
200415,short,2024-10-29 19:15:00,2024-10-29 19:20:00,2024-10-29 20:56:00,2772.883,2774.530371527778,SL,-1.8073715277777815,96,0.39338570064398226,ml_v6,2024-10
200985,long,2024-10-31 20:45:00,2024-10-31 20:50:00,2024-10-31 22:06:00,2744.311,2747.202588888889,TP,2.7315888888889086,13,0.44052503125213416,ml_v6,2024-10
200992,long,2024-10-31 22:20:00,2024-10-31 22:25:00,2024-11-01 01:54:00,2746.08,2748.975272222222,TP,2.735272222222239,209,0.4396959243621335,ml_v6,2024-10
202064,long,2024-11-06 19:45:00,2024-11-06 19:50:00,2024-11-06 20:19:00,2666.835,2663.444125,SL,-3.550874999999985,29,0.4487793063175031,ml_v6,2024-11
202071,long,2024-11-06 20:20:00,2024-11-06 20:25:00,2024-11-06 20:43:00,2663.153,2659.7591666666663,SL,-3.553833333333319,18,0.46485443886129774,ml_v6,2024-11
202076,long,2024-11-06 20:45:00,2024-11-06 20:50:00,2024-11-07 01:12:00,2659.838,2656.4428506944446,SL,-3.555149305555541,199,0.47618192153919364,ml_v6,2024-11
202316,short,2024-11-07 17:45:00,2024-11-07 17:50:00,2024-11-07 18:49:00,2698.822,2695.2815944444446,TP,3.3804055555555133,59,0.40790699457823326,ml_v6,2024-11
202445,long,2024-11-08 05:30:00,2024-11-08 05:35:00,2024-11-08 06:02:00,2695.912,2693.67146875,SL,-2.400531249999977,27,0.45042889996601293,ml_v6,2024-11
202903,long,2024-11-11 20:45:00,2024-11-11 20:50:00,2024-11-11 20:55:00,2625.2,2623.079579861111,SL,-2.280420138888891,5,0.4465462184253039,ml_v6,2024-11
202907,long,2024-11-11 21:05:00,2024-11-11 21:10:00,2024-11-11 21:44:00,2622.544,2620.4204097222223,SL,-2.283590277777783,34,0.45480399247338316,ml_v6,2024-11
202927,long,2024-11-11 23:45:00,2024-11-11 23:50:00,2024-11-12 01:21:00,2623.335,2621.2273298611112,SL,-2.2676701388888874,91,0.453280214089599,ml_v6,2024-11
202992,long,2024-11-12 05:10:00,2024-11-12 05:15:00,2024-11-12 05:20:00,2616.927,2614.8738333333336,SL,-2.213166666666668,5,0.45067173755503526,ml_v6,2024-11
203196,long,2024-11-12 23:10:00,2024-11-12 23:15:00,2024-11-13 01:07:00,2598.989,2602.7755166666666,TP,3.626516666666648,112,0.4512235419189434,ml_v6,2024-11
203468,long,2024-11-13 21:50:00,2024-11-13 21:55:00,2024-11-13 23:18:00,2573.436,2576.715055555556,TP,3.1190555555555606,20,0.45117395188022136,ml_v6,2024-11
203528,long,2024-11-14 03:50:00,2024-11-14 03:55:00,2024-11-14 04:50:00,2560.194,2563.7902666666664,TP,3.4362666666666715,55,0.4482793600441328,ml_v6,2024-11
203824,long,2024-11-15 05:30:00,2024-11-15 05:35:00,2024-11-15 05:50:00,2564.828,2562.640079861111,SL,-2.347920138888891,15,0.464435360741853,ml_v6,2024-11
204131,short,2024-11-18 08:10:00,2024-11-18 08:15:00,2024-11-18 08:18:00,2585.96,2588.1813888888887,SL,-2.381388888888879,3,0.4083450663584445,ml_v6,2024-11
204136,short,2024-11-18 08:35:00,2024-11-18 08:40:00,2024-11-18 09:20:00,2586.697,2588.930729166667,SL,-2.393729166666657,40,0.40838397535470383,ml_v6,2024-11
204166,short,2024-11-18 11:05:00,2024-11-18 11:10:00,2024-11-18 11:22:00,2591.865,2594.128517361111,SL,-2.423517361111105,12,0.4073754912421218,ml_v6,2024-11
204172,short,2024-11-18 11:35:00,2024-11-18 11:40:00,2024-11-18 11:45:00,2590.956,2593.2163020833336,SL,-2.420302083333324,5,0.4079009372659346,ml_v6,2024-11
204178,short,2024-11-18 12:05:00,2024-11-18 12:10:00,2024-11-18 12:39:00,2591.762,2594.017673611111,SL,-2.4156736111110986,29,0.4088028258720712,ml_v6,2024-11
204188,short,2024-11-18 12:55:00,2024-11-18 13:00:00,2024-11-18 13:04:00,2595.111,2597.3559444444445,SL,-2.40494444444443,4,0.4097379088346583,ml_v6,2024-11
204199,short,2024-11-18 13:50:00,2024-11-18 13:55:00,2024-11-18 14:13:00,2604.736,2607.010552083333,SL,-2.434552083333324,18,0.41243654533671703,ml_v6,2024-11
204221,short,2024-11-18 15:40:00,2024-11-18 15:45:00,2024-11-18 15:57:00,2610.701,2612.8662777777777,SL,-2.3252777777777713,12,0.4111408414044966,ml_v6,2024-11
204225,short,2024-11-18 16:00:00,2024-11-18 16:05:00,2024-11-18 16:36:00,2613.389,2609.965511111111,TP,3.263488888888879,31,0.41106582617230125,ml_v6,2024-11
204233,short,2024-11-18 16:40:00,2024-11-18 16:45:00,2024-11-18 16:56:00,2610.242,2612.338059027778,SL,-2.256059027777776,11,0.4150311041791157,ml_v6,2024-11
204237,short,2024-11-18 17:00:00,2024-11-18 17:05:00,2024-11-18 17:28:00,2610.96,2607.6274388888887,TP,3.17256111111111,23,0.41473161135199366,ml_v6,2024-11
204252,short,2024-11-18 18:15:00,2024-11-18 18:20:00,2024-11-18 18:50:00,2608.433,2610.468590277778,SL,-2.195590277777778,30,0.40886551147861416,ml_v6,2024-11
204323,short,2024-11-19 01:10:00,2024-11-19 01:15:00,2024-11-19 01:23:00,2617.686,2614.6355944444445,TP,2.890405555555555,8,0.41010493200543463,ml_v6,2024-11
204326,short,2024-11-19 01:25:00,2024-11-19 01:30:00,2024-11-19 01:38:00,2613.096,2615.012815972222,SL,-2.0768159722222244,8,0.4106493216450381,ml_v6,2024-11
204329,short,2024-11-19 01:40:00,2024-11-19 01:45:00,2024-11-19 02:02:00,2615.289,2617.2140972222223,SL,-2.0850972222222266,17,0.411129254586684,ml_v6,2024-11
204334,short,2024-11-19 02:05:00,2024-11-19 02:10:00,2024-11-19 02:30:00,2617.866,2619.7717256944443,SL,-2.065725694444448,20,0.40912316729020815,ml_v6,2024-11
204375,short,2024-11-19 05:30:00,2024-11-19 05:35:00,2024-11-19 06:03:00,2622.931,2624.6805381944446,SL,-1.9095381944444434,28,0.4102304741048349,ml_v6,2024-11
204382,short,2024-11-19 06:05:00,2024-11-19 06:10:00,2024-11-19 06:25:00,2621.521,2623.2802673611113,SL,-1.9192673611111106,15,0.4117907093230736,ml_v6,2024-11
204391,short,2024-11-19 06:50:00,2024-11-19 06:55:00,2024-11-19 07:02:00,2626.309,2623.5119333333337,TP,2.6370666666666676,7,0.41073079309435456,ml_v6,2024-11
204420,short,2024-11-19 09:15:00,2024-11-19 09:20:00,2024-11-19 09:23:00,2629.758,2631.509309027778,SL,-1.9113090277777807,3,0.40908547262823375,ml_v6,2024-11
204422,short,2024-11-19 09:25:00,2024-11-19 09:30:00,2024-11-19 09:32:00,2630.552,2632.3072291666667,SL,-1.9152291666666676,2,0.4090174871954938,ml_v6,2024-11
204424,short,2024-11-19 09:35:00,2024-11-19 09:40:00,2024-11-19 09:45:00,2633.419,2630.601438888889,TP,2.657561111111114,5,0.4089577096095318,ml_v6,2024-11
204428,short,2024-11-19 09:55:00,2024-11-19 10:00:00,2024-11-19 10:02:00,2630.216,2631.9796805555557,SL,-1.923680555555562,2,0.4074906047718624,ml_v6,2024-11
204430,short,2024-11-19 10:05:00,2024-11-19 10:10:00,2024-11-19 10:49:00,2634.415,2636.179777777778,SL,-1.924777777777785,39,0.4094377697113537,ml_v6,2024-11
204491,short,2024-11-19 15:10:00,2024-11-19 15:15:00,2024-11-19 15:18:00,2628.058,2625.1362222222224,TP,2.7617777777777834,3,0.4079591527292259,ml_v6,2024-11
205058,short,2024-11-21 16:25:00,2024-11-21 16:30:00,2024-11-21 16:41:00,2668.069,2665.14145,TP,2.7675499999999786,11,0.40739279130774597,ml_v6,2024-11
205401,short,2024-11-24 23:05:00,2024-11-24 23:10:00,2024-11-24 23:19:00,2713.69,2715.8217916666667,SL,-2.2917916666666627,9,0.41227391840319116,ml_v6,2024-11
205404,short,2024-11-24 23:20:00,2024-11-24 23:25:00,2024-11-24 23:26:00,2713.212,2715.365458333333,SL,-2.3134583333333283,1,0.4224504453678905,ml_v6,2024-11
205406,short,2024-11-24 23:30:00,2024-11-24 23:35:00,2024-11-24 23:41:00,2716.717,2718.8932430555556,SL,-2.3362430555555487,6,0.42468187606811314,ml_v6,2024-11
205409,short,2024-11-24 23:45:00,2024-11-24 23:50:00,2024-11-25 00:33:00,2719.232,2715.7274333333335,TP,3.344566666666652,43,0.42593506758340693,ml_v6,2024-11
205656,long,2024-11-25 20:20:00,2024-11-25 20:25:00,2024-11-25 23:34:00,2626.57,2623.4164756944447,SL,-3.3135243055555623,126,0.44887483279612256,ml_v6,2024-11
205965,long,2024-11-27 00:05:00,2024-11-27 00:10:00,2024-11-27 00:30:00,2631.664,2629.227635416667,SL,-2.5963645833333344,20,0.44982374861844576,ml_v6,2024-11
205971,long,2024-11-27 00:35:00,2024-11-27 00:40:00,2024-11-27 02:02:00,2629.277,2633.133961111111,TP,3.696961111111117,82,0.46345000458394114,ml_v6,2024-11
206799,short,2024-12-02 08:00:00,2024-12-02 08:05:00,2024-12-02 08:07:00,2627.353,2629.5942569444446,SL,-2.4012569444444507,2,0.4057465653134211,ml_v6,2024-12
206805,short,2024-12-02 08:30:00,2024-12-02 08:35:00,2024-12-02 08:45:00,2627.8,2630.05840625,SL,-2.4184062500000123,10,0.4034980635990508,ml_v6,2024-12
206812,long,2024-12-02 09:05:00,2024-12-02 09:10:00,2024-12-02 09:17:00,2631.315,2634.9765222222222,TP,3.50152222222224,7,0.4321364465230852,ml_v6,2024-12
206819,long,2024-12-02 09:40:00,2024-12-02 09:45:00,2024-12-02 11:02:00,2634.286,2637.95935,TP,3.51335000000002,77,0.4345956731572522,ml_v6,2024-12
206996,short,2024-12-03 01:25:00,2024-12-03 01:30:00,2024-12-03 01:34:00,2638.033,2640.2917187499997,SL,-2.418718749999994,4,0.40465059315985064,ml_v6,2024-12
206998,short,2024-12-03 01:35:00,2024-12-03 01:40:00,2024-12-03 01:48:00,2640.039,2636.4180833333335,TP,3.460916666666656,8,0.406712339626361,ml_v6,2024-12
207018,short,2024-12-03 03:15:00,2024-12-03 03:20:00,2024-12-03 04:01:00,2639.007,2641.1249583333333,SL,-2.277958333333326,41,0.4068107837958205,ml_v6,2024-12
207034,short,2024-12-03 04:35:00,2024-12-03 04:40:00,2024-12-03 05:55:00,2639.482,2641.52178125,SL,-2.199781249999992,75,0.40499949276060443,ml_v6,2024-12
207117,short,2024-12-03 11:30:00,2024-12-03 11:35:00,2024-12-03 12:18:00,2644.029,2640.9371555555554,TP,2.9318444444444327,43,0.40570440328251994,ml_v6,2024-12
207131,short,2024-12-03 12:40:00,2024-12-03 12:45:00,2024-12-03 13:09:00,2640.377,2642.2541805555556,SL,-2.037180555555545,24,0.40377542940489103,ml_v6,2024-12
207137,short,2024-12-03 13:10:00,2024-12-03 13:15:00,2024-12-03 13:21:00,2643.147,2645.016892361111,SL,-2.029892361111103,6,0.4042441034645878,ml_v6,2024-12
207153,long,2024-12-03 14:30:00,2024-12-03 14:35:00,2024-12-03 14:36:00,2651.378,2649.495059027778,SL,-2.0429409722222136,1,0.42897300783708464,ml_v6,2024-12
207578,short,2024-12-05 03:55:00,2024-12-05 04:00:00,2024-12-05 04:41:00,2648.866,2646.091011111111,TP,2.6149888888888917,41,0.4042060610130281,ml_v6,2024-12
207605,long,2024-12-05 06:10:00,2024-12-05 06:15:00,2024-12-05 06:34:00,2650.865,2649.1106354166664,SL,-1.9143645833333318,19,0.4333401487066506,ml_v6,2024-12
207769,long,2024-12-05 19:50:00,2024-12-05 19:55:00,2024-12-05 20:14:00,2631.094,2629.330763888889,SL,-1.9232361111111043,19,0.43251683406542996,ml_v6,2024-12
207774,long,2024-12-05 20:15:00,2024-12-05 20:20:00,2024-12-05 21:02:00,2629.434,2632.2267944444447,TP,2.632794444444432,42,0.43752264486494086,ml_v6,2024-12
207784,long,2024-12-05 21:05:00,2024-12-05 21:10:00,2024-12-06 00:58:00,2631.917,2630.179736111111,SL,-1.8972638888888789,165,0.4457415655109438,ml_v6,2024-12
207833,long,2024-12-06 02:10:00,2024-12-06 02:15:00,2024-12-06 02:33:00,2620.51,2623.4873444444447,TP,2.8173444444444393,18,0.4305326228304561,ml_v6,2024-12
208102,long,2024-12-09 01:40:00,2024-12-09 01:45:00,2024-12-09 01:46:00,2646.864,2644.5731631944445,SL,-2.450836805555551,1,0.43050192128647347,ml_v6,2024-12
208105,long,2024-12-09 01:55:00,2024-12-09 02:00:00,2024-12-09 02:38:00,2646.729,2644.422454861111,SL,-2.466545138888882,38,0.4293628613669962,ml_v6,2024-12
208173,long,2024-12-09 07:35:00,2024-12-09 07:40:00,2024-12-09 07:57:00,2647.229,2650.813261111111,TP,3.4242611111110928,17,0.4293778392382206,ml_v6,2024-12
208282,short,2024-12-09 16:40:00,2024-12-09 16:45:00,2024-12-09 17:43:00,2668.688,2665.3060555555558,TP,3.221944444444409,58,0.40346332507384697,ml_v6,2024-12
208452,short,2024-12-10 07:50:00,2024-12-10 07:55:00,2024-12-10 08:14:00,2665.274,2662.3831,TP,2.730899999999995,19,0.4046011494917879,ml_v6,2024-12
208470,short,2024-12-10 09:20:00,2024-12-10 09:25:00,2024-12-10 09:50:00,2665.042,2666.861232638889,SL,-1.9792326388888883,25,0.40383201124075974,ml_v6,2024-12
208478,short,2024-12-10 10:00:00,2024-12-10 10:05:00,2024-12-10 10:18:00,2665.808,2667.6269513888888,SL,-1.9789513888888894,13,0.4076889482327456,ml_v6,2024-12
208482,short,2024-12-10 10:20:00,2024-12-10 10:25:00,2024-12-10 10:27:00,2667.137,2668.9469270833333,SL,-1.9699270833333364,2,0.40797847779474206,ml_v6,2024-12
208562,short,2024-12-10 17:00:00,2024-12-10 17:05:00,2024-12-10 17:15:00,2691.725,2693.5599513888887,SL,-1.9949513888888883,10,0.40479059559958724,ml_v6,2024-12
208566,short,2024-12-10 17:20:00,2024-12-10 17:25:00,2024-12-10 17:46:00,2692.519,2694.3404930555553,SL,-1.9814930555555559,21,0.404793618827577,ml_v6,2024-12
208572,short,2024-12-10 17:50:00,2024-12-10 17:55:00,2024-12-10 18:29:00,2695.435,2692.530527777778,TP,2.7444722222222238,34,0.40505226037769104,ml_v6,2024-12
208580,short,2024-12-10 18:30:00,2024-12-10 18:35:00,2024-12-10 23:04:00,2692.822,2694.6316631944446,SL,-1.9696631944444507,206,0.4047567755175776,ml_v6,2024-12
208809,long,2024-12-11 14:40:00,2024-12-11 14:45:00,2024-12-11 14:55:00,2701.297,2704.737577777778,TP,3.2725777777777707,10,0.43120461425849954,ml_v6,2024-12
209146,long,2024-12-12 19:45:00,2024-12-12 19:50:00,2024-12-12 20:03:00,2684.192,2682.215298611111,SL,-2.1367013888888984,13,0.4307532987630377,ml_v6,2024-12
209150,long,2024-12-12 20:05:00,2024-12-12 20:10:00,2024-12-12 20:52:00,2682.562,2680.5871041666664,SL,-2.134895833333343,42,0.45026925669319967,ml_v6,2024-12
209160,long,2024-12-12 20:55:00,2024-12-12 21:00:00,2024-12-13 00:54:00,2679.844,2682.9870111111113,TP,2.9830111111111273,171,0.43236261372098805,ml_v6,2024-12
209428,long,2024-12-13 20:15:00,2024-12-13 20:20:00,2024-12-13 20:40:00,2650.828,2649.0342638888887,SL,-1.9537361111111096,20,0.4416570743748803,ml_v6,2024-12
209434,long,2024-12-13 20:45:00,2024-12-13 20:50:00,2024-12-13 20:57:00,2649.754,2647.9471249999997,SL,-1.966874999999997,7,0.45273827330036437,ml_v6,2024-12
209438,long,2024-12-13 21:05:00,2024-12-13 21:10:00,2024-12-15 23:16:00,2647.545,2650.451233333333,TP,2.7462333333333326,59,0.43636464115423934,ml_v6,2024-12
209456,short,2024-12-15 23:40:00,2024-12-15 23:45:00,2024-12-15 23:49:00,2650.9,2652.7370520833333,SL,-1.9970520833333345,4,0.4042635378021736,ml_v6,2024-12
209460,short,2024-12-16 00:00:00,2024-12-16 00:05:00,2024-12-16 00:46:00,2650.696,2647.7348333333334,TP,2.801166666666673,41,0.4050496721092762,ml_v6,2024-12
209470,short,2024-12-16 00:50:00,2024-12-16 00:55:00,2024-12-16 00:59:00,2644.868,2646.7436388888887,SL,-2.0356388888888928,4,0.4075008825393865,ml_v6,2024-12
209472,short,2024-12-16 01:00:00,2024-12-16 01:05:00,2024-12-16 01:20:00,2650.135,2652.036715277778,SL,-2.061715277777784,15,0.404352751044572,ml_v6,2024-12
209903,short,2024-12-17 13:55:00,2024-12-17 14:00:00,2024-12-17 14:02:00,2637.139,2638.789729166667,SL,-1.810729166666663,2,0.4033404534618714,ml_v6,2024-12
209914,short,2024-12-17 14:50:00,2024-12-17 14:55:00,2024-12-17 15:03:00,2635.953,2637.6284930555557,SL,-1.835493055555555,8,0.40390668475819924,ml_v6,2024-12
209983,long,2024-12-17 20:35:00,2024-12-17 20:40:00,2024-12-17 20:50:00,2645.772,2644.1349375,SL,-1.7970624999999862,10,0.43794420166093034,ml_v6,2024-12
209990,long,2024-12-17 21:10:00,2024-12-17 21:15:00,2024-12-17 23:03:00,2644.126,2646.7498611111114,TP,2.463861111111084,45,0.43265312377298165,ml_v6,2024-12
210016,long,2024-12-18 00:20:00,2024-12-18 00:25:00,2024-12-18 00:35:00,2646.658,2649.293983333333,TP,2.475983333333315,10,0.43302178790574763,ml_v6,2024-12
210166,short,2024-12-18 12:50:00,2024-12-18 12:55:00,2024-12-18 13:03:00,2644.597,2642.199038888889,TP,2.2379611111111024,8,0.40336256956280736,ml_v6,2024-12
210169,short,2024-12-18 13:05:00,2024-12-18 13:10:00,2024-12-18 13:19:00,2642.944,2644.440145833333,SL,-1.656145833333328,9,0.4037745844467404,ml_v6,2024-12
210252,long,2024-12-18 20:00:00,2024-12-18 20:05:00,2024-12-18 20:07:00,2605.234,2607.8104277777775,TP,2.4164277777777783,2,0.42831113854203345,ml_v6,2024-12
210255,long,2024-12-18 20:15:00,2024-12-18 20:20:00,2024-12-18 20:23:00,2602.754,2605.378527777778,TP,2.4645277777777777,3,0.42955973664078834,ml_v6,2024-12
210257,long,2024-12-18 20:25:00,2024-12-18 20:30:00,2024-12-18 20:31:00,2595.989,2594.3084444444444,SL,-1.8395555555555556,1,0.4333605162218583,ml_v6,2024-12
210259,long,2024-12-18 20:35:00,2024-12-18 20:40:00,2024-12-18 20:41:00,2590.07,2588.3623680555556,SL,-1.8666319444444452,1,0.4289434246138108,ml_v6,2024-12
210270,long,2024-12-18 21:30:00,2024-12-18 21:35:00,2024-12-18 21:54:00,2588.213,2586.411791666667,SL,-1.9612083333333319,19,0.4405148766354096,ml_v6,2024-12
210278,long,2024-12-18 23:10:00,2024-12-18 23:15:00,2024-12-18 23:46:00,2589.622,2587.777708333333,SL,-2.004291666666665,31,0.4434173380694988,ml_v6,2024-12
210286,long,2024-12-18 23:50:00,2024-12-18 23:55:00,2024-12-19 00:25:00,2588.589,2591.6177777777775,TP,2.868777777777777,30,0.43461540798404197,ml_v6,2024-12
210294,long,2024-12-19 00:30:00,2024-12-19 00:35:00,2024-12-19 00:59:00,2593.583,2596.661722222222,TP,2.91872222222222,24,0.4314484599909614,ml_v6,2024-12
210300,long,2024-12-19 01:00:00,2024-12-19 01:05:00,2024-12-19 01:11:00,2597.208,2600.3407444444447,TP,2.973744444444441,6,0.4396449434666918,ml_v6,2024-12
210564,long,2024-12-20 00:00:00,2024-12-20 00:05:00,2024-12-20 00:59:00,2593.332,2591.124027777778,SL,-2.3679722222222135,54,0.4491421887445858,ml_v6,2024-12
210585,long,2024-12-20 01:45:00,2024-12-20 01:50:00,2024-12-20 01:59:00,2599.901,2603.4317055555553,TP,3.3707055555555456,9,0.43801179213727004,ml_v6,2024-12
210588,long,2024-12-20 02:00:00,2024-12-20 02:05:00,2024-12-20 02:07:00,2600.224,2598.0142222222225,SL,-2.3697777777777738,2,0.43447015066026085,ml_v6,2024-12
210590,long,2024-12-20 02:10:00,2024-12-20 02:15:00,2024-12-20 02:23:00,2598.879,2596.6720520833333,SL,-2.366947916666661,8,0.43412523091293886,ml_v6,2024-12
210601,long,2024-12-20 03:05:00,2024-12-20 03:10:00,2024-12-20 04:05:00,2596.493,2599.898422222222,TP,3.245422222222205,55,0.43017657453710656,ml_v6,2024-12
210614,long,2024-12-20 04:10:00,2024-12-20 04:15:00,2024-12-20 04:48:00,2599.537,2597.47275,SL,-2.224249999999987,33,0.44138165046021405,ml_v6,2024-12
210622,long,2024-12-20 04:50:00,2024-12-20 04:55:00,2024-12-20 05:52:00,2597.966,2601.2353222222223,TP,3.1093222222222,57,0.43865301201243817,ml_v6,2024-12
210641,long,2024-12-20 06:25:00,2024-12-20 06:30:00,2024-12-20 07:06:00,2603.875,2607.1218388888888,TP,3.086838888888864,36,0.42961371197858755,ml_v6,2024-12
210654,long,2024-12-20 07:30:00,2024-12-20 07:35:00,2024-12-20 08:02:00,2603.443,2606.669766666667,TP,3.066766666666648,27,0.4353509115546654,ml_v6,2024-12
210662,long,2024-12-20 08:10:00,2024-12-20 08:15:00,2024-12-20 08:33:00,2606.683,2604.6680659722224,SL,-2.174934027777765,18,0.4333237849885102,ml_v6,2024-12
210940,short,2024-12-23 08:25:00,2024-12-23 08:30:00,2024-12-23 08:37:00,2629.983,2631.7561631944445,SL,-1.9331631944444485,7,0.4071093021488382,ml_v6,2024-12
210946,short,2024-12-23 08:55:00,2024-12-23 09:00:00,2024-12-23 09:51:00,2629.833,2627.0067222222224,TP,2.6662777777777933,51,0.40356192656894757,ml_v6,2024-12
210958,short,2024-12-23 09:55:00,2024-12-23 10:00:00,2024-12-23 10:18:00,2626.399,2623.6093666666666,TP,2.629633333333354,18,0.404981893171829,ml_v6,2024-12
210963,short,2024-12-23 10:20:00,2024-12-23 10:25:00,2024-12-23 10:42:00,2623.492,2620.697438888889,TP,2.63456111111113,17,0.4063589339225795,ml_v6,2024-12
211105,long,2024-12-23 23:10:00,2024-12-23 23:15:00,2024-12-23 23:35:00,2614.438,2616.8952388888893,TP,2.2972388888889235,20,0.4401140677139229,ml_v6,2024-12
211113,long,2024-12-23 23:50:00,2024-12-23 23:55:00,2024-12-24 00:39:00,2615.375,2613.8438854166666,SL,-1.691114583333353,44,0.43312322141630566,ml_v6,2024-12
211131,long,2024-12-24 01:20:00,2024-12-24 01:25:00,2024-12-24 01:38:00,2615.363,2617.7865055555553,TP,2.263505555555587,13,0.4352385378788187,ml_v6,2024-12
211135,long,2024-12-24 01:40:00,2024-12-24 01:45:00,2024-12-24 02:37:00,2616.851,2619.252555555556,TP,2.2415555555555793,52,0.43108059171681923,ml_v6,2024-12
211147,long,2024-12-24 02:40:00,2024-12-24 02:45:00,2024-12-24 03:00:00,2617.905,2616.426135416667,SL,-1.6388645833333537,15,0.43111912275994785,ml_v6,2024-12
211168,long,2024-12-24 04:25:00,2024-12-24 04:30:00,2024-12-24 05:01:00,2618.527,2620.8088166666666,TP,2.121816666666704,31,0.42935051531185164,ml_v6,2024-12
211262,short,2024-12-24 12:15:00,2024-12-24 12:20:00,2024-12-24 12:55:00,2615.5,2613.3651777777777,TP,1.9748222222222378,35,0.4056391567069784,ml_v6,2024-12
211271,short,2024-12-24 13:00:00,2024-12-24 13:05:00,2024-12-24 13:32:00,2614.258,2612.1422055555554,TP,1.9557944444444615,27,0.4058568876155142,ml_v6,2024-12
211281,short,2024-12-24 13:50:00,2024-12-24 13:55:00,2024-12-24 14:01:00,2613.842,2615.169548611111,SL,-1.48754861111112,6,0.4035436313517813,ml_v6,2024-12
211284,short,2024-12-24 14:05:00,2024-12-24 14:10:00,2024-12-24 14:25:00,2614.381,2615.7037499999997,SL,-1.4827500000000071,15,0.40453648082096616,ml_v6,2024-12
211289,short,2024-12-24 14:30:00,2024-12-24 14:35:00,2024-12-24 14:48:00,2614.035,2611.9171388888885,TP,1.9578611111111173,13,0.4033696304925207,ml_v6,2024-12
211879,long,2024-12-27 21:15:00,2024-12-27 21:20:00,2024-12-27 21:44:00,2616.5,2618.8824444444444,TP,2.2224444444444553,24,0.43429479378416763,ml_v6,2024-12
211885,long,2024-12-27 21:45:00,2024-12-27 21:50:00,2024-12-29 23:05:00,2620.147,2622.5374,TP,2.230400000000007,8,0.43517015848268137,ml_v6,2024-12
211903,long,2024-12-30 00:20:00,2024-12-30 00:25:00,2024-12-30 00:55:00,2624.022,2622.5239166666665,SL,-1.6580833333333327,30,0.43089581932370025,ml_v6,2024-12
211932,long,2024-12-30 02:45:00,2024-12-30 02:50:00,2024-12-30 03:17:00,2623.52,2625.9396888888887,TP,2.2596888888888955,27,0.43419155635797757,ml_v6,2024-12
211947,long,2024-12-30 04:00:00,2024-12-30 04:05:00,2024-12-30 04:13:00,2624.995,2623.4955868055554,SL,-1.6594131944444495,8,0.4302348952693494,ml_v6,2024-12
212005,short,2024-12-30 08:50:00,2024-12-30 08:55:00,2024-12-30 09:02:00,2611.59,2613.102232638889,SL,-1.6722326388888955,7,0.4038479224277475,ml_v6,2024-12
212065,short,2024-12-30 13:50:00,2024-12-30 13:55:00,2024-12-30 13:58:00,2610.287,2607.7355888888887,TP,2.3914111111111156,3,0.4028322435454871,ml_v6,2024-12
212152,long,2024-12-30 21:05:00,2024-12-30 21:10:00,2024-12-30 21:49:00,2607.55,2605.9750729166667,SL,-1.7349270833333197,39,0.4360159007950952,ml_v6,2024-12
212161,long,2024-12-30 21:50:00,2024-12-30 21:55:00,2024-12-30 23:09:00,2606.167,2604.616253472222,SL,-1.7107465277777627,11,0.4360294578525121,ml_v6,2024-12
212166,long,2024-12-30 23:15:00,2024-12-30 23:20:00,2024-12-30 23:54:00,2604.489,2606.965438888889,TP,2.3164388888888663,34,0.4299521842274757,ml_v6,2024-12
212174,long,2024-12-30 23:55:00,2024-12-31 00:00:00,2024-12-31 00:10:00,2606.717,2605.1766736111113,SL,-1.700326388888873,10,0.4449958804333697,ml_v6,2024-12
212178,long,2024-12-31 00:15:00,2024-12-31 00:20:00,2024-12-31 00:55:00,2605.873,2608.3268055555554,TP,2.293805555555525,35,0.44037880283530173,ml_v6,2024-12
212358,long,2024-12-31 15:15:00,2024-12-31 15:20:00,2024-12-31 15:24:00,2618.828,2617.3748854166665,SL,-1.6131145833333058,4,0.431476600937561,ml_v6,2024-12
212360,long,2024-12-31 15:25:00,2024-12-31 15:30:00,2024-12-31 15:32:00,2618.088,2620.413727777778,TP,2.1657277777777337,2,0.43131513700080815,ml_v6,2024-12
212375,long,2024-12-31 16:40:00,2024-12-31 16:45:00,2024-12-31 17:01:00,2626.017,2624.605003472222,SL,-1.5719965277777563,16,0.43219789428342104,ml_v6,2024-12
212462,long,2025-01-02 01:00:00,2025-01-02 01:05:00,2025-01-02 01:06:00,2627.294,2629.4760944444442,TP,2.0220944444444373,1,0.4394754262650108,ml_v6,2025-01
212690,long,2025-01-02 20:00:00,2025-01-02 20:05:00,2025-01-02 20:20:00,2654.924,2657.5407666666665,TP,2.45676666666669,15,0.42798231481376403,ml_v6,2025-01
212757,long,2025-01-03 02:35:00,2025-01-03 02:40:00,2025-01-03 03:08:00,2661.525,2664.19675,TP,2.51175000000001,28,0.4331729669958799,ml_v6,2025-01
212768,long,2025-01-03 03:30:00,2025-01-03 03:35:00,2025-01-03 04:06:00,2663.391,2661.7145243055556,SL,-1.8364756944444516,31,0.42702294941667907,ml_v6,2025-01
212797,short,2025-01-03 05:55:00,2025-01-03 06:00:00,2025-01-03 06:55:00,2658.538,2660.2027222222223,SL,-1.8247222222222335,55,0.40268615579948086,ml_v6,2025-01
212850,short,2025-01-03 10:20:00,2025-01-03 10:25:00,2025-01-03 10:34:00,2656.555,2653.7745555555553,TP,2.6204444444444497,9,0.4007206883794443,ml_v6,2025-01
212855,short,2025-01-03 10:45:00,2025-01-03 10:50:00,2025-01-03 10:55:00,2655.266,2657.005222222222,SL,-1.8992222222222244,5,0.4007070985204355,ml_v6,2025-01
212858,short,2025-01-03 11:00:00,2025-01-03 11:05:00,2025-01-03 12:55:00,2658.244,2655.4672611111114,TP,2.616738888888897,48,0.4036246564752237,ml_v6,2025-01
212993,short,2025-01-06 00:15:00,2025-01-06 00:20:00,2025-01-06 00:48:00,2639.074,2640.634701388889,SL,-1.7207013888888933,28,0.40327679567670066,ml_v6,2025-01
213076,short,2025-01-06 07:10:00,2025-01-06 07:15:00,2025-01-06 07:32:00,2632.059,2629.4314833333337,TP,2.467516666666677,17,0.4009964506323162,ml_v6,2025-01
213081,short,2025-01-06 07:35:00,2025-01-06 07:40:00,2025-01-06 08:22:00,2627.867,2629.5301284722223,SL,-1.8231284722222276,42,0.40122700062003536,ml_v6,2025-01
213096,short,2025-01-06 08:50:00,2025-01-06 08:55:00,2025-01-06 08:57:00,2629.571,2631.246996527778,SL,-1.8359965277777837,2,0.4023332628560634,ml_v6,2025-01
213153,long,2025-01-06 13:35:00,2025-01-06 13:40:00,2025-01-06 13:41:00,2630.144,2628.298065972222,SL,-2.005934027777784,1,0.42994538478890754,ml_v6,2025-01
213285,short,2025-01-07 01:40:00,2025-01-07 01:45:00,2025-01-07 01:51:00,2638.685,2640.684888888889,SL,-2.159888888888885,6,0.40257692163310743,ml_v6,2025-01
213292,short,2025-01-07 02:15:00,2025-01-07 02:20:00,2025-01-07 05:16:00,2638.406,2640.3943611111113,SL,-2.14836111111111,176,0.4005183620308188,ml_v6,2025-01
213375,short,2025-01-07 09:10:00,2025-01-07 09:15:00,2025-01-07 09:27:00,2640.375,2642.2879201388887,SL,-2.07292013888889,12,0.4008482660401656,ml_v6,2025-01
213582,long,2025-01-08 03:25:00,2025-01-08 03:30:00,2025-01-08 04:53:00,2646.907,2645.253322916667,SL,-1.8136770833333429,83,0.4406168876796307,ml_v6,2025-01
214418,short,2025-01-13 04:15:00,2025-01-13 04:20:00,2025-01-13 04:34:00,2688.989,2685.6595666666667,TP,3.169433333333342,14,0.40146830718284043,ml_v6,2025-01
214425,short,2025-01-13 04:50:00,2025-01-13 04:55:00,2025-01-13 06:00:00,2685.642,2687.739920138889,SL,-2.257920138888897,65,0.40265722440085283,ml_v6,2025-01
214440,short,2025-01-13 06:05:00,2025-01-13 06:10:00,2025-01-13 06:20:00,2687.755,2689.88459375,SL,-2.289593750000014,10,0.40341111769757176,ml_v6,2025-01
214456,short,2025-01-13 07:25:00,2025-01-13 07:30:00,2025-01-13 07:42:00,2688.138,2684.706038888889,TP,3.271961111111132,12,0.40162415000218615,ml_v6,2025-01
214460,short,2025-01-13 07:45:00,2025-01-13 07:50:00,2025-01-13 08:03:00,2686.183,2688.336861111111,SL,-2.313861111111122,13,0.4069223866305073,ml_v6,2025-01
214464,short,2025-01-13 08:05:00,2025-01-13 08:10:00,2025-01-13 08:34:00,2687.216,2689.3850763888886,SL,-2.3290763888888986,24,0.4057490879304595,ml_v6,2025-01
214784,short,2025-01-14 11:45:00,2025-01-14 11:50:00,2025-01-14 12:02:00,2668.166,2669.896798611111,SL,-1.8907986111110915,12,0.40271901793674103,ml_v6,2025-01
214789,short,2025-01-14 12:10:00,2025-01-14 12:15:00,2025-01-14 12:20:00,2668.559,2670.2959756944447,SL,-1.8969756944444247,5,0.40177192993358246,ml_v6,2025-01
214792,short,2025-01-14 12:25:00,2025-01-14 12:30:00,2025-01-14 12:49:00,2669.812,2667.0371333333333,TP,2.614866666666637,19,0.4038411518007192,ml_v6,2025-01
214797,short,2025-01-14 12:50:00,2025-01-14 12:55:00,2025-01-14 13:03:00,2668.445,2670.180027777778,SL,-1.8950277777777575,8,0.4084651031520198,ml_v6,2025-01
214808,short,2025-01-14 13:45:00,2025-01-14 13:50:00,2025-01-14 13:53:00,2667.27,2664.4718333333335,TP,2.6381666666666295,3,0.4005345901580031,ml_v6,2025-01
215137,long,2025-01-15 18:10:00,2025-01-15 18:15:00,2025-01-15 18:39:00,2693.65,2692.0439895833333,SL,-1.7660104166666553,24,0.43216915153853397,ml_v6,2025-01
215185,long,2025-01-15 23:10:00,2025-01-15 23:15:00,2025-01-16 00:02:00,2695.806,2694.2051145833334,SL,-1.7608854166666612,47,0.4275986412259293,ml_v6,2025-01
215746,long,2025-01-20 00:00:00,2025-01-20 00:05:00,2025-01-20 00:51:00,2694.851,2693.369871527778,SL,-1.6411284722222255,46,0.4331654101669151,ml_v6,2025-01
215757,long,2025-01-20 00:55:00,2025-01-20 01:00:00,2025-01-20 01:01:00,2694.441,2692.9442604166666,SL,-1.6567395833333338,1,0.42897493464900416,ml_v6,2025-01
215965,short,2025-01-20 18:15:00,2025-01-20 18:20:00,2025-01-20 18:25:00,2706.793,2708.432482638889,SL,-1.7994826388888725,5,0.4008547439409089,ml_v6,2025-01
215979,short,2025-01-20 23:15:00,2025-01-20 23:20:00,2025-01-20 23:48:00,2708.413,2710.0608229166664,SL,-1.8078229166666535,28,0.4019632780246607,ml_v6,2025-01
215998,short,2025-01-21 00:50:00,2025-01-21 00:55:00,2025-01-21 01:01:00,2704.222,2705.8898645833337,SL,-1.8278645833333231,6,0.41321649600846067,ml_v6,2025-01
216001,short,2025-01-21 01:05:00,2025-01-21 01:10:00,2025-01-21 01:11:00,2706.47,2708.148333333333,SL,-1.8383333333333243,1,0.4033054388492695,ml_v6,2025-01
216003,short,2025-01-21 01:15:00,2025-01-21 01:20:00,2025-01-21 01:22:00,2708.739,2710.431916666667,SL,-1.8529166666666586,2,0.40228413216386955,ml_v6,2025-01
216093,short,2025-01-21 08:45:00,2025-01-21 08:50:00,2025-01-21 09:02:00,2723.304,2720.3993555555558,TP,2.7446444444444307,12,0.4011067676629116,ml_v6,2025-01
216126,short,2025-01-21 11:30:00,2025-01-21 11:35:00,2025-01-21 11:48:00,2720.955,2722.8366527777775,SL,-2.041652777777775,13,0.40193582555046375,ml_v6,2025-01
216130,short,2025-01-21 11:50:00,2025-01-21 11:55:00,2025-01-21 12:21:00,2723.748,2725.6304791666666,SL,-2.042479166666667,26,0.40054594720131526,ml_v6,2025-01
216142,short,2025-01-21 12:50:00,2025-01-21 12:55:00,2025-01-21 12:59:00,2725.137,2727.017454861111,SL,-2.040454861111111,4,0.40321729216518476,ml_v6,2025-01
216321,long,2025-01-22 04:45:00,2025-01-22 04:50:00,2025-01-22 05:09:00,2752.647,2751.03240625,SL,-1.7745937499999942,19,0.42704635718479644,ml_v6,2025-01
216355,long,2025-01-22 07:35:00,2025-01-22 07:40:00,2025-01-22 07:54:00,2751.639,2749.982888888889,SL,-1.8161111111111032,14,0.42801734640865086,ml_v6,2025-01
216497,short,2025-01-22 19:25:00,2025-01-22 19:30:00,2025-01-23 00:35:00,2755.675,2755.73,TIMEOUT,-0.2149999999998363,240,0.4005661191964812,ml_v6,2025-01
216825,long,2025-01-24 00:45:00,2025-01-24 00:50:00,2025-01-24 02:00:00,2760.113,2762.692961111111,TP,2.419961111111114,70,0.4286955992357018,ml_v6,2025-01
217115,short,2025-01-27 02:00:00,2025-01-27 02:05:00,2025-01-27 02:13:00,2762.023,2759.1432222222224,TP,2.7197777777777508,8,0.4015490854673671,ml_v6,2025-01
217118,short,2025-01-27 02:15:00,2025-01-27 02:20:00,2025-01-27 02:22:00,2757.256,2754.3528166666665,TP,2.7431833333333095,2,0.40236698069560706,ml_v6,2025-01
217173,short,2025-01-27 06:50:00,2025-01-27 06:55:00,2025-01-27 07:17:00,2754.841,2752.00925,TP,2.6717499999999905,22,0.4006024629176044,ml_v6,2025-01
217187,short,2025-01-27 08:00:00,2025-01-27 08:05:00,2025-01-27 08:08:00,2751.434,2753.2170381944447,SL,-1.9430381944444297,3,0.40057377841678066,ml_v6,2025-01
217336,long,2025-01-27 20:25:00,2025-01-27 20:30:00,2025-01-27 20:38:00,2739.321,2742.54875,TP,3.0677499999999966,8,0.4340041248130352,ml_v6,2025-01
217350,long,2025-01-27 21:35:00,2025-01-27 21:40:00,2025-01-27 23:04:00,2742.229,2740.206638888889,SL,-2.1823611111111147,21,0.43714492909125324,ml_v6,2025-01
217359,long,2025-01-27 23:20:00,2025-01-27 23:25:00,2025-01-27 23:29:00,2740.564,2743.8025944444444,TP,3.0785944444444477,4,0.4335959197810729,ml_v6,2025-01
217377,long,2025-01-28 00:50:00,2025-01-28 00:55:00,2025-01-28 01:01:00,2741.328,2744.6217444444446,TP,3.1337444444444458,6,0.42683864947206707,ml_v6,2025-01
217417,long,2025-01-28 04:10:00,2025-01-28 04:15:00,2025-01-28 05:01:00,2740.805,2743.983888888889,TP,3.0188888888888905,46,0.42940533524471636,ml_v6,2025-01
217468,short,2025-01-28 08:25:00,2025-01-28 08:30:00,2025-01-28 08:47:00,2736.711,2738.6348993055553,SL,-2.0838993055555544,17,0.4021555385027674,ml_v6,2025-01
218156,long,2025-01-30 19:45:00,2025-01-30 19:50:00,2025-01-30 20:34:00,2792.903,2795.568138888889,TP,2.505138888888909,44,0.42972519900597256,ml_v6,2025-01
218171,long,2025-01-30 21:00:00,2025-01-30 21:05:00,2025-01-30 21:08:00,2797.727,2796.1681458333333,SL,-1.7188541666666723,3,0.43456720502060553,ml_v6,2025-01
218173,long,2025-01-30 21:10:00,2025-01-30 21:15:00,2025-01-30 21:16:00,2795.999,2794.4541666666664,SL,-1.704833333333339,1,0.42870827705544134,ml_v6,2025-01
218175,long,2025-01-30 21:20:00,2025-01-30 21:25:00,2025-01-30 21:26:00,2792.347,2790.799604166667,SL,-1.7073958333333399,1,0.4349057175990627,ml_v6,2025-01
218177,long,2025-01-30 21:30:00,2025-01-30 21:35:00,2025-01-30 23:58:00,2793.769,2796.2719944444443,TP,2.3429944444444555,75,0.42683583536166775,ml_v6,2025-01
218194,long,2025-01-31 00:00:00,2025-01-31 00:05:00,2025-01-31 00:07:00,2797.053,2799.607961111111,TP,2.3949611111111135,2,0.42698603182550965,ml_v6,2025-01
218196,long,2025-01-31 00:10:00,2025-01-31 00:15:00,2025-01-31 00:34:00,2797.719,2796.1172430555557,SL,-1.761756944444446,19,0.4282313516688019,ml_v6,2025-01
218283,long,2025-01-31 07:25:00,2025-01-31 07:30:00,2025-01-31 07:44:00,2799.819,2798.132222222222,SL,-1.8467777777777727,14,0.44359142615127645,ml_v6,2025-01
218741,short,2025-02-03 23:40:00,2025-02-03 23:45:00,2025-02-04 00:35:00,2813.677,2816.233704861111,SL,-2.7167048611111055,50,0.40412851658353555,ml_v6,2025-02
218787,long,2025-02-04 03:30:00,2025-02-04 03:35:00,2025-02-04 03:38:00,2822.436,2820.208447916667,SL,-2.38755208333332,3,0.46726088932149523,ml_v6,2025-02
219017,short,2025-02-04 23:40:00,2025-02-04 23:45:00,2025-02-05 00:30:00,2841.66,2843.550048611111,SL,-2.0500486111111025,45,0.4241553759197034,ml_v6,2025-02
219135,short,2025-02-05 09:30:00,2025-02-05 09:35:00,2025-02-05 09:43:00,2870.33,2872.2571770833333,SL,-2.0871770833333274,8,0.40328555969505153,ml_v6,2025-02
219147,short,2025-02-05 10:30:00,2025-02-05 10:35:00,2025-02-05 10:37:00,2877.041,2873.9823222222226,TP,2.8986777777777646,2,0.4046105113437637,ml_v6,2025-02
219377,long,2025-02-06 06:40:00,2025-02-06 06:45:00,2025-02-06 06:48:00,2867.378,2865.350763888889,SL,-2.1872361111111114,3,0.4810753597836093,ml_v6,2025-02
219547,long,2025-02-06 20:50:00,2025-02-06 20:55:00,2025-02-07 00:19:00,2856.34,2859.582938888889,TP,3.082938888888878,141,0.462156581522409,ml_v6,2025-02
219724,short,2025-02-07 12:35:00,2025-02-07 12:40:00,2025-02-07 13:00:00,2866.24,2863.4125833333333,TP,2.6674166666666688,20,0.40386125303025894,ml_v6,2025-02
219935,short,2025-02-10 07:15:00,2025-02-10 07:20:00,2025-02-10 07:29:00,2890.021,2892.327923611111,SL,-2.4669236111111186,9,0.4047479904755549,ml_v6,2025-02
219965,short,2025-02-10 09:45:00,2025-02-10 09:50:00,2025-02-10 10:10:00,2902.571,2904.929475694444,SL,-2.5184756944444446,20,0.4039967497831016,ml_v6,2025-02
219979,short,2025-02-10 10:55:00,2025-02-10 11:00:00,2025-02-10 11:03:00,2902.416,2904.7819895833336,SL,-2.525989583333331,3,0.40482111182266767,ml_v6,2025-02
219985,short,2025-02-10 11:25:00,2025-02-10 11:30:00,2025-02-10 11:35:00,2900.026,2902.3944479166666,SL,-2.528447916666666,5,0.4075129059319228,ml_v6,2025-02
219989,short,2025-02-10 11:45:00,2025-02-10 11:50:00,2025-02-10 12:06:00,2903.416,2905.7892986111115,SL,-2.5332986111111073,16,0.4037080881361693,ml_v6,2025-02
219995,short,2025-02-10 12:15:00,2025-02-10 12:20:00,2025-02-10 13:00:00,2906.352,2902.553311111111,TP,3.6386888888888773,40,0.40392875341682277,ml_v6,2025-02
220051,short,2025-02-10 16:55:00,2025-02-10 17:00:00,2025-02-10 17:34:00,2900.989,2897.3111,TP,3.5178999999999867,34,0.40390168332574206,ml_v6,2025-02
220059,short,2025-02-10 17:35:00,2025-02-10 17:40:00,2025-02-10 17:43:00,2899.738,2901.932861111111,SL,-2.3548611111111044,3,0.4041695692472742,ml_v6,2025-02
220061,short,2025-02-10 17:45:00,2025-02-10 17:50:00,2025-02-10 17:54:00,2900.877,2903.062017361111,SL,-2.3450173611111045,4,0.4074219115906046,ml_v6,2025-02
220064,short,2025-02-10 18:00:00,2025-02-10 18:05:00,2025-02-10 18:20:00,2902.964,2905.1377256944443,SL,-2.333725694444438,15,0.4066349365644739,ml_v6,2025-02
220086,short,2025-02-10 19:50:00,2025-02-10 19:55:00,2025-02-10 20:53:00,2903.567,2905.6306006944446,SL,-2.223600694444438,58,0.4044065738501091,ml_v6,2025-02
220112,short,2025-02-10 23:00:00,2025-02-10 23:05:00,2025-02-10 23:33:00,2911.989,2914.03290625,SL,-2.203906249999994,28,0.4152175588370519,ml_v6,2025-02
220358,long,2025-02-11 19:30:00,2025-02-11 19:35:00,2025-02-11 20:15:00,2900.585,2897.874965277778,SL,-2.8700347222222233,40,0.47676793275271623,ml_v6,2025-02
220369,long,2025-02-11 20:25:00,2025-02-11 20:30:00,2025-02-11 23:19:00,2895.509,2899.8609166666665,TP,4.191916666666676,106,0.4598043047279099,ml_v6,2025-02
220403,long,2025-02-12 00:15:00,2025-02-12 00:20:00,2025-02-12 00:42:00,2896.675,2893.9559444444444,SL,-2.879055555555558,22,0.4605976639215545,ml_v6,2025-02
220801,short,2025-02-13 10:25:00,2025-02-13 10:30:00,2025-02-13 10:43:00,2915.998,2918.3401979166665,SL,-2.5021979166666695,13,0.4075523573464326,ml_v6,2025-02
220805,short,2025-02-13 10:45:00,2025-02-13 10:50:00,2025-02-13 12:40:00,2919.008,2921.350381944444,SL,-2.502381944444447,110,0.40805336887070465,ml_v6,2025-02
220844,short,2025-02-13 14:00:00,2025-02-13 14:05:00,2025-02-13 14:11:00,2909.782,2912.1477534722226,SL,-2.525753472222222,6,0.40350225990962274,ml_v6,2025-02
220848,short,2025-02-13 14:20:00,2025-02-13 14:25:00,2025-02-13 14:32:00,2912.394,2908.665033333333,TP,3.5689666666666664,7,0.40356900221061,ml_v6,2025-02
220940,long,2025-02-13 23:00:00,2025-02-13 23:05:00,2025-02-13 23:28:00,2927.867,2931.055061111111,TP,3.0280611111111067,23,0.4649274293465664,ml_v6,2025-02
221194,long,2025-02-14 20:10:00,2025-02-14 20:15:00,2025-02-14 20:38:00,2880.494,2878.3403923611113,SL,-2.3136076388888736,23,0.46251848453598976,ml_v6,2025-02
221412,long,2025-02-17 15:25:00,2025-02-17 15:30:00,2025-02-17 16:39:00,2899.581,2897.2038645833336,SL,-2.537135416666655,69,0.46981795484619837,ml_v6,2025-02
221430,short,2025-02-17 16:55:00,2025-02-17 17:00:00,2025-02-18 00:50:00,2899.202,2898.725,TIMEOUT,0.3170000000003165,240,0.4058910220164042,ml_v6,2025-02
221481,short,2025-02-18 01:00:00,2025-02-18 01:05:00,2025-02-18 01:12:00,2898.077,2895.076733333334,TP,2.8402666666666505,7,0.4160571405739204,ml_v6,2025-02
221484,short,2025-02-18 01:15:00,2025-02-18 01:20:00,2025-02-18 01:33:00,2896.954,2893.944677777778,TP,2.8493222222222063,13,0.4087457531809501,ml_v6,2025-02
221494,short,2025-02-18 02:05:00,2025-02-18 02:10:00,2025-02-18 02:17:00,2896.815,2898.6877291666665,SL,-2.032729166666657,7,0.41315169580552247,ml_v6,2025-02
221497,short,2025-02-18 02:20:00,2025-02-18 02:25:00,2025-02-18 02:38:00,2897.521,2899.397805555556,SL,-2.0368055555555444,13,0.40928260117508924,ml_v6,2025-02
221591,short,2025-02-18 10:10:00,2025-02-18 10:15:00,2025-02-18 10:34:00,2911.53,2908.8532055555556,TP,2.5167944444444212,19,0.4110922334586191,ml_v6,2025-02
221596,short,2025-02-18 10:35:00,2025-02-18 10:40:00,2025-02-18 10:55:00,2909.08,2910.725423611111,SL,-1.805423611111094,15,0.40658461456412753,ml_v6,2025-02
221602,short,2025-02-18 11:05:00,2025-02-18 11:10:00,2025-02-18 11:38:00,2910.986,2912.6310624999996,SL,-1.8050624999999818,28,0.40606555931746774,ml_v6,2025-02
221609,short,2025-02-18 11:40:00,2025-02-18 11:45:00,2025-02-18 11:55:00,2911.9,2913.5357395833335,SL,-1.7957395833333185,10,0.4062346969332745,ml_v6,2025-02
221765,long,2025-02-19 01:40:00,2025-02-19 01:45:00,2025-02-19 01:50:00,2935.938,2938.567716666667,TP,2.4697166666666903,5,0.46131849021146015,ml_v6,2025-02
221810,short,2025-02-19 05:25:00,2025-02-19 05:30:00,2025-02-19 05:34:00,2929.306,2930.9471736111113,SL,-1.801173611111125,4,0.40474687544884735,ml_v6,2025-02
221812,short,2025-02-19 05:35:00,2025-02-19 05:40:00,2025-02-19 05:54:00,2931.306,2932.9488055555557,SL,-1.802805555555567,14,0.41403654572133974,ml_v6,2025-02
221816,short,2025-02-19 05:55:00,2025-02-19 06:00:00,2025-02-19 06:05:00,2932.775,2934.422388888889,SL,-1.807388888888901,5,0.4162600224888797,ml_v6,2025-02
221824,short,2025-02-19 06:35:00,2025-02-19 06:40:00,2025-02-19 07:14:00,2932.595,2934.2283854166667,SL,-1.7933854166666792,34,0.4143966024792667,ml_v6,2025-02
221836,short,2025-02-19 07:35:00,2025-02-19 07:40:00,2025-02-19 07:46:00,2932.708,2934.3339131944444,SL,-1.7859131944444566,6,0.4068160792833,ml_v6,2025-02
221876,short,2025-02-19 10:55:00,2025-02-19 11:00:00,2025-02-19 11:38:00,2944.728,2942.0975722222224,TP,2.470427777777795,38,0.40405186917835767,ml_v6,2025-02
222302,long,2025-02-21 00:25:00,2025-02-21 00:30:00,2025-02-21 01:00:00,2938.506,2941.643238888889,TP,2.9772388888888837,30,0.47589909384684415,ml_v6,2025-02
222871,short,2025-02-25 01:55:00,2025-02-25 02:00:00,2025-02-25 02:20:00,2949.526,2951.5468541666664,SL,-2.180854166666663,20,0.4044603624683164,ml_v6,2025-02
222877,short,2025-02-25 02:25:00,2025-02-25 02:30:00,2025-02-25 03:16:00,2949.899,2946.722561111111,TP,3.016438888888884,46,0.40870222078233964,ml_v6,2025-02
222889,short,2025-02-25 03:25:00,2025-02-25 03:30:00,2025-02-25 03:46:00,2944.956,2941.8465222222226,TP,2.9494777777777785,16,0.4037602380817864,ml_v6,2025-02
223117,long,2025-02-25 23:25:00,2025-02-25 23:30:00,2025-02-25 23:53:00,2914.448,2918.0200666666665,TP,3.4120666666666555,23,0.45958527968334323,ml_v6,2025-02
223287,long,2025-02-26 13:35:00,2025-02-26 13:40:00,2025-02-26 13:54:00,2911.203,2908.8484409722223,SL,-2.514559027777763,14,0.4651951665389247,ml_v6,2025-02
223367,long,2025-02-26 20:15:00,2025-02-26 20:20:00,2025-02-26 21:09:00,2913.811,2917.1602722222224,TP,3.1892722222222156,49,0.4671835493450792,ml_v6,2025-02
223683,long,2025-02-28 00:35:00,2025-02-28 00:40:00,2025-02-28 00:49:00,2879.778,2877.249288194444,SL,-2.6887118055555677,9,0.4756734985382809,ml_v6,2025-02
223941,short,2025-03-02 23:10:00,2025-03-02 23:15:00,2025-03-02 23:46:00,2872.884,2869.021811111111,TP,3.7021888888888554,31,0.4201844889314489,ml_v6,2025-03
223949,short,2025-03-02 23:50:00,2025-03-02 23:55:00,2025-03-02 23:58:00,2867.328,2869.7973715277776,SL,-2.629371527777758,3,0.42959582609235564,ml_v6,2025-03
224041,short,2025-03-03 07:30:00,2025-03-03 07:35:00,2025-03-03 08:10:00,2862.336,2864.6883576388886,SL,-2.512357638888874,35,0.42497812581059,ml_v6,2025-03
224296,short,2025-03-04 05:45:00,2025-03-04 05:50:00,2025-03-04 06:37:00,2889.873,2886.6532666666667,TP,3.0597333333333467,47,0.42953120547534107,ml_v6,2025-03
224307,short,2025-03-04 06:40:00,2025-03-04 06:45:00,2025-03-04 07:00:00,2886.2,2888.217986111111,SL,-2.177986111111123,15,0.44219604380394617,ml_v6,2025-03
224312,short,2025-03-04 07:05:00,2025-03-04 07:10:00,2025-03-04 07:12:00,2889.699,2891.7234583333334,SL,-2.1844583333333443,2,0.43174679232318186,ml_v6,2025-03
224373,short,2025-03-04 12:10:00,2025-03-04 12:15:00,2025-03-04 12:26:00,2921.07,2923.251965277778,SL,-2.341965277777784,11,0.4264315432493402,ml_v6,2025-03
224379,short,2025-03-04 12:40:00,2025-03-04 12:45:00,2025-03-04 13:00:00,2923.574,2925.7792430555555,SL,-2.365243055555561,15,0.4244644120353037,ml_v6,2025-03
224761,long,2025-03-05 21:30:00,2025-03-05 21:35:00,2025-03-06 01:00:00,2918.897,2916.468465277778,SL,-2.5885347222222292,142,0.485049351584938,ml_v6,2025-03
225055,long,2025-03-07 00:00:00,2025-03-07 00:05:00,2025-03-07 00:07:00,2908.768,2906.5401909722223,SL,-2.3878090277777746,2,0.48533996728083445,ml_v6,2025-03
225346,long,2025-03-10 00:20:00,2025-03-10 00:25:00,2025-03-10 00:54:00,2915.42,2913.13925,SL,-2.4407499999999818,29,0.48406891843207844,ml_v6,2025-03
225387,short,2025-03-10 03:45:00,2025-03-10 03:50:00,2025-03-10 03:53:00,2910.43,2912.638364583333,SL,-2.368364583333318,3,0.42247234593649663,ml_v6,2025-03
225390,short,2025-03-10 04:00:00,2025-03-10 04:05:00,2025-03-10 05:24:00,2911.648,2908.098372222222,TP,3.38962777777775,79,0.4200162486798472,ml_v6,2025-03
225579,long,2025-03-10 19:45:00,2025-03-10 19:50:00,2025-03-10 19:55:00,2887.609,2885.2094305555556,SL,-2.5595694444444383,5,0.48211872671504924,ml_v6,2025-03
225602,long,2025-03-10 22:40:00,2025-03-10 22:45:00,2025-03-10 23:30:00,2886.03,2883.6334097222225,SL,-2.5565902777777696,45,0.4870509568033132,ml_v6,2025-03
225619,long,2025-03-11 00:05:00,2025-03-11 00:10:00,2025-03-11 01:04:00,2885.227,2882.8603263888886,SL,-2.5266736111111046,54,0.5062260689547848,ml_v6,2025-03
225650,long,2025-03-11 02:40:00,2025-03-11 02:45:00,2025-03-11 05:46:00,2897.588,2895.1424270833336,SL,-2.605572916666657,181,0.4815786478855056,ml_v6,2025-03
225690,long,2025-03-11 06:00:00,2025-03-11 06:05:00,2025-03-11 06:33:00,2895.588,2899.4526611111114,TP,3.704661111111112,28,0.4862838504762542,ml_v6,2025-03
225835,short,2025-03-11 18:05:00,2025-03-11 18:10:00,2025-03-11 18:41:00,2915.985,2918.059621527778,SL,-2.23462152777777,31,0.42729677732140503,ml_v6,2025-03
225876,short,2025-03-11 22:30:00,2025-03-11 22:35:00,2025-03-11 22:59:00,2915.639,2917.4747326388892,SL,-1.995732638888888,24,0.43056971159560786,ml_v6,2025-03
225882,short,2025-03-11 23:00:00,2025-03-11 23:05:00,2025-03-12 00:00:00,2918.263,2915.316788888889,TP,2.78621111111111,55,0.42743588538415717,ml_v6,2025-03
225960,short,2025-03-12 05:30:00,2025-03-12 05:35:00,2025-03-12 05:49:00,2913.82,2915.5564895833336,SL,-1.8964895833333346,14,0.4229829895719549,ml_v6,2025-03
225964,short,2025-03-12 05:50:00,2025-03-12 05:55:00,2025-03-12 06:04:00,2915.644,2917.3868263888885,SL,-1.902826388888891,9,0.42636633538343877,ml_v6,2025-03
226189,short,2025-03-13 01:35:00,2025-03-13 01:40:00,2025-03-13 02:05:00,2937.649,2939.4824305555553,SL,-1.993430555555569,25,0.420504808629287,ml_v6,2025-03
226240,short,2025-03-13 05:50:00,2025-03-13 05:55:00,2025-03-13 06:08:00,2939.92,2936.9987,TP,2.761300000000012,13,0.428448443120958,ml_v6,2025-03
226244,short,2025-03-13 06:10:00,2025-03-13 06:15:00,2025-03-13 07:12:00,2938.36,2935.4133722222223,TP,2.786627777777788,57,0.4326430768691447,ml_v6,2025-03
226259,short,2025-03-13 07:25:00,2025-03-13 07:30:00,2025-03-13 08:08:00,2935.306,2937.1352430555557,SL,-1.9892430555555654,38,0.4214567299662831,ml_v6,2025-03
226414,long,2025-03-13 20:20:00,2025-03-13 20:25:00,2025-03-13 20:30:00,2981.866,2984.988677777778,TP,2.9626777777777646,5,0.4875442516114594,ml_v6,2025-03
226422,long,2025-03-13 22:00:00,2025-03-13 22:05:00,2025-03-13 22:30:00,2984.363,2987.5175444444444,TP,2.9945444444444305,25,0.48149163634894065,ml_v6,2025-03
226430,long,2025-03-13 22:40:00,2025-03-13 22:45:00,2025-03-14 01:07:00,2986.364,2989.5517277777776,TP,3.027727777777771,142,0.4972075850568434,ml_v6,2025-03
226504,long,2025-03-14 04:50:00,2025-03-14 04:55:00,2025-03-14 05:14:00,2986.45,2984.3555763888885,SL,-2.254423611111105,19,0.4844019780383768,ml_v6,2025-03
226509,long,2025-03-14 05:15:00,2025-03-14 05:20:00,2025-03-14 05:26:00,2984.798,2982.701802083333,SL,-2.25619791666666,6,0.4961120016271286,ml_v6,2025-03
226517,long,2025-03-14 05:55:00,2025-03-14 06:00:00,2025-03-14 06:07:00,2986.358,2984.2205555555556,SL,-2.297444444444441,7,0.4950025792336509,ml_v6,2025-03
226555,short,2025-03-14 09:05:00,2025-03-14 09:10:00,2025-03-14 09:18:00,2994.072,2996.2211631944447,SL,-2.309163194444439,8,0.4295413266478686,ml_v6,2025-03
226558,short,2025-03-14 09:20:00,2025-03-14 09:25:00,2025-03-14 09:37:00,2995.961,2998.0962916666663,SL,-2.295291666666662,12,0.42473949667862076,ml_v6,2025-03
226562,short,2025-03-14 09:40:00,2025-03-14 09:45:00,2025-03-14 10:12:00,2998.878,3001.0168541666667,SL,-2.298854166666663,27,0.4222284660235598,ml_v6,2025-03
226698,short,2025-03-16 22:05:00,2025-03-16 22:10:00,2025-03-16 22:12:00,2986.837,2988.9373333333333,SL,-2.260333333333337,2,0.43641501511740355,ml_v6,2025-03
226700,short,2025-03-16 22:15:00,2025-03-16 22:20:00,2025-03-16 23:20:00,2990.051,2992.1631180555555,SL,-2.2721180555555587,60,0.43104192935586444,ml_v6,2025-03
226714,short,2025-03-16 23:25:00,2025-03-16 23:30:00,2025-03-16 23:57:00,2993.955,2990.598211111111,TP,3.196788888888895,27,0.4249262852930331,ml_v6,2025-03
227010,short,2025-03-18 01:05:00,2025-03-18 01:10:00,2025-03-18 01:16:00,3000.41,3001.9919618055555,SL,-1.7419618055555635,6,0.41993731067127293,ml_v6,2025-03
227828,long,2025-03-21 00:15:00,2025-03-21 00:20:00,2025-03-21 01:18:00,3042.92,3040.9968159722225,SL,-2.0831840277777447,58,0.48673018017500663,ml_v6,2025-03
227856,long,2025-03-21 02:35:00,2025-03-21 02:40:00,2025-03-21 03:06:00,3034.397,3032.493892361111,SL,-2.0631076388888614,26,0.48234998849290295,ml_v6,2025-03
227968,long,2025-03-21 11:55:00,2025-03-21 12:00:00,2025-03-21 12:10:00,3034.359,3037.26705,TP,2.74804999999998,10,0.4912987956772411,ml_v6,2025-03
227972,long,2025-03-21 12:15:00,2025-03-21 12:20:00,2025-03-21 12:31:00,3035.479,3033.6691354166664,SL,-1.9698645833333221,11,0.5049147391399327,ml_v6,2025-03
228113,short,2025-03-24 01:05:00,2025-03-24 01:10:00,2025-03-24 01:35:00,3022.269,3024.251336805555,SL,-2.1423368055555665,25,0.42199861869088034,ml_v6,2025-03
228156,short,2025-03-24 04:40:00,2025-03-24 04:45:00,2025-03-24 05:07:00,3018.211,3020.2234826388885,SL,-2.17248263888889,22,0.42595371893669476,ml_v6,2025-03
228162,short,2025-03-24 05:10:00,2025-03-24 05:15:00,2025-03-24 06:10:00,3022.509,3019.2907777777777,TP,3.0582222222222257,55,0.4202383123379092,ml_v6,2025-03
228358,long,2025-03-24 22:30:00,2025-03-24 22:35:00,2025-03-25 00:51:00,3010.431,3013.309638888889,TP,2.7186388888888775,136,0.4819811412150171,ml_v6,2025-03
228389,long,2025-03-25 01:05:00,2025-03-25 01:10:00,2025-03-25 01:18:00,3013.479,3011.677225694444,SL,-1.9617743055555368,8,0.4798799916016362,ml_v6,2025-03
228609,long,2025-03-25 19:25:00,2025-03-25 19:30:00,2025-03-25 22:07:00,3018.856,3021.4484722222223,TP,2.4324722222222146,94,0.4929912414746008,ml_v6,2025-03
229166,long,2025-03-27 19:50:00,2025-03-27 19:55:00,2025-03-27 20:17:00,3057.334,3055.3480694444443,SL,-2.1459305555555552,22,0.4983486478226922,ml_v6,2025-03
229172,long,2025-03-27 20:20:00,2025-03-27 20:25:00,2025-03-27 23:05:00,3056.31,3054.32896875,SL,-2.141031249999998,97,0.4967963824150699,ml_v6,2025-03
229204,long,2025-03-28 00:00:00,2025-03-28 00:05:00,2025-03-28 00:10:00,3057.09,3060.202938888889,TP,2.952938888888885,5,0.5026238076135563,ml_v6,2025-03
229274,short,2025-03-28 05:50:00,2025-03-28 05:55:00,2025-03-28 05:56:00,3079.533,3081.5742708333332,SL,-2.2012708333333237,1,0.4198305674604923,ml_v6,2025-03
229460,short,2025-03-30 22:25:00,2025-03-30 22:30:00,2025-03-31 00:04:00,3089.254,3085.672833333333,TP,3.421166666666642,94,0.42075107962402003,ml_v6,2025-03
229592,long,2025-03-31 09:25:00,2025-03-31 09:30:00,2025-03-31 09:35:00,3120.234,3117.515951388889,SL,-2.8780486111110917,5,0.4902171164797692,ml_v6,2025-03
229595,short,2025-03-31 09:40:00,2025-03-31 09:45:00,2025-03-31 10:28:00,3115.369,3118.0769756944446,SL,-2.8679756944444255,43,0.42457481797387975,ml_v6,2025-03
229761,short,2025-04-01 00:30:00,2025-04-01 00:35:00,2025-04-01 00:49:00,3124.635,3127.2786458333335,SL,-2.8036458333333205,14,0.3940584168320021,ml_v6,2025-04
229765,short,2025-04-01 00:50:00,2025-04-01 00:55:00,2025-04-01 01:01:00,3127.556,3130.205982638889,SL,-2.8099826388888753,6,0.40270970184967814,ml_v6,2025-04
229768,short,2025-04-01 01:05:00,2025-04-01 01:10:00,2025-04-01 01:21:00,3131.333,3134.01334375,SL,-2.8403437499999886,11,0.40274890822541415,ml_v6,2025-04
229772,short,2025-04-01 01:25:00,2025-04-01 01:30:00,2025-04-01 01:44:00,3133.393,3136.0770729166666,SL,-2.844072916666657,14,0.39149567054709583,ml_v6,2025-04
229998,long,2025-04-01 20:15:00,2025-04-01 20:20:00,2025-04-01 20:51:00,3118.166,3115.693815972222,SL,-2.6321840277777637,31,0.4710218675785777,ml_v6,2025-04
230007,long,2025-04-01 22:00:00,2025-04-01 22:05:00,2025-04-01 22:15:00,3114.149,3111.6768888888887,SL,-2.6321111111110995,10,0.5020578428925002,ml_v6,2025-04
230011,long,2025-04-01 22:20:00,2025-04-01 22:25:00,2025-04-01 23:51:00,3110.868,3114.866811111111,TP,3.8388111111110863,86,0.47004940141151585,ml_v6,2025-04
230031,long,2025-04-02 00:00:00,2025-04-02 00:05:00,2025-04-02 00:22:00,3114.001,3118.042911111111,TP,3.881911111111088,17,0.46176303749455105,ml_v6,2025-04
230300,long,2025-04-02 23:25:00,2025-04-02 23:30:00,2025-04-02 23:47:00,3159.814,3164.7216944444444,TP,4.747694444444466,17,0.46622574951608287,ml_v6,2025-04
230513,long,2025-04-03 17:10:00,2025-04-03 17:15:00,2025-04-03 18:59:00,3103.855,3111.5852555555557,TP,7.5702555555555655,104,0.4620373934458962,ml_v6,2025-04
230540,long,2025-04-03 19:25:00,2025-04-03 19:30:00,2025-04-03 19:49:00,3107.196,3102.3360763888886,SL,-5.0199236111111185,19,0.4641304879493591,ml_v6,2025-04
230545,long,2025-04-03 19:50:00,2025-04-03 19:55:00,2025-04-03 20:39:00,3105.717,3113.520138888889,TP,7.643138888888902,44,0.474826760008852,ml_v6,2025-04
230559,long,2025-04-03 22:00:00,2025-04-03 22:05:00,2025-04-04 00:29:00,3114.531,3109.6158263888888,SL,-5.075173611111119,144,0.4623767787667369,ml_v6,2025-04
230620,long,2025-04-04 03:05:00,2025-04-04 03:10:00,2025-04-04 04:00:00,3091.966,3098.597922222222,TP,6.4719222222222355,50,0.46194383419378976,ml_v6,2025-04
230702,long,2025-04-04 09:55:00,2025-04-04 10:00:00,2025-04-04 10:06:00,3090.749,3097.3084055555555,TP,6.400405555555568,6,0.46485770511136293,ml_v6,2025-04
230762,short,2025-04-04 14:55:00,2025-04-04 15:00:00,2025-04-04 15:01:00,3038.455,3043.1674895833335,SL,-4.872489583333347,1,0.3920549890399111,ml_v6,2025-04
230764,short,2025-04-04 15:05:00,2025-04-04 15:10:00,2025-04-04 15:13:00,3037.15,3041.8548645833334,SL,-4.864864583333347,3,0.3919363161921633,ml_v6,2025-04
230766,short,2025-04-04 15:15:00,2025-04-04 15:20:00,2025-04-04 15:25:00,3039.364,3031.8119055555558,TP,7.392094444444464,5,0.3921581655346096,ml_v6,2025-04
230769,short,2025-04-04 15:30:00,2025-04-04 15:35:00,2025-04-04 15:44:00,3024.957,3017.3835666666664,TP,7.414433333333353,9,0.39145500172423586,ml_v6,2025-04
230772,short,2025-04-04 15:45:00,2025-04-04 15:50:00,2025-04-04 16:16:00,3021.565,3026.3036666666667,SL,-4.898666666666679,26,0.3932449808716906,ml_v6,2025-04
230782,short,2025-04-04 16:35:00,2025-04-04 16:40:00,2025-04-04 17:10:00,3033.527,3025.939122222222,TP,7.42787777777781,30,0.39267451317809515,ml_v6,2025-04
230827,long,2025-04-04 20:20:00,2025-04-04 20:25:00,2025-04-06 22:13:00,3037.791,3032.9476597222224,SL,-5.0033402777777924,33,0.46584623412996096,ml_v6,2025-04
230859,long,2025-04-07 00:10:00,2025-04-07 00:15:00,2025-04-07 00:18:00,2981.512,2990.354961111111,TP,8.683961111111147,3,0.4829120031428736,ml_v6,2025-04
231098,long,2025-04-07 20:05:00,2025-04-07 20:10:00,2025-04-07 22:35:00,2977.429,2988.0820055555555,TP,10.493005555555575,82,0.4621390996610486,ml_v6,2025-04
231117,long,2025-04-07 22:40:00,2025-04-07 22:45:00,2025-04-08 01:08:00,2983.786,2994.3075222222224,TP,10.361522222222234,143,0.5290580522764026,ml_v6,2025-04
231282,short,2025-04-08 12:25:00,2025-04-08 12:30:00,2025-04-08 12:59:00,3009.63,3002.600277777778,TP,6.869722222222202,29,0.3945631254111356,ml_v6,2025-04
231412,long,2025-04-09 00:15:00,2025-04-09 00:20:00,2025-04-09 00:27:00,2979.207,2985.144683333333,TP,5.777683333333315,7,0.47901164919353934,ml_v6,2025-04
231415,long,2025-04-09 00:30:00,2025-04-09 00:35:00,2025-04-09 00:56:00,2980.374,2976.633517361111,SL,-3.900482638888878,21,0.47070138600493017,ml_v6,2025-04
231658,long,2025-04-09 20:45:00,2025-04-09 20:50:00,2025-04-09 22:06:00,3079.553,3074.211895833333,SL,-5.501104166666671,13,0.4712575195918482,ml_v6,2025-04
231806,short,2025-04-10 10:05:00,2025-04-10 10:10:00,2025-04-10 10:26:00,3115.527,3120.8967222222223,SL,-5.529722222222224,16,0.3943712266491566,ml_v6,2025-04
231811,short,2025-04-10 10:30:00,2025-04-10 10:35:00,2025-04-10 11:30:00,3119.083,3124.433701388889,SL,-5.51070138888889,55,0.3972464057015095,ml_v6,2025-04
231824,short,2025-04-10 11:35:00,2025-04-10 11:40:00,2025-04-10 12:09:00,3123.242,3128.618590277778,SL,-5.536590277777783,29,0.39430888782887086,ml_v6,2025-04
231831,short,2025-04-10 12:10:00,2025-04-10 12:15:00,2025-04-10 12:30:00,3125.95,3131.313440972222,SL,-5.52344097222223,15,0.39303514505412346,ml_v6,2025-04
232029,long,2025-04-11 05:40:00,2025-04-11 05:45:00,2025-04-11 06:00:00,3189.19,3196.3798555555554,TP,7.0308555555555765,15,0.4691448857747307,ml_v6,2025-04
232177,long,2025-04-11 18:00:00,2025-04-11 18:05:00,2025-04-11 18:15:00,3237.05,3232.2714756944447,SL,-4.9385243055555765,10,0.46046041989252984,ml_v6,2025-04
232240,short,2025-04-14 00:20:00,2025-04-14 00:25:00,2025-04-14 01:04:00,3224.576,3217.090961111111,TP,7.3250388888889,39,0.3914557939478705,ml_v6,2025-04
232249,short,2025-04-14 01:05:00,2025-04-14 01:10:00,2025-04-14 01:22:00,3219.808,3224.4954930555555,SL,-4.847493055555564,12,0.3938643905558191,ml_v6,2025-04
232253,short,2025-04-14 01:25:00,2025-04-14 01:30:00,2025-04-14 01:34:00,3228.904,3233.6082152777776,SL,-4.864215277777787,4,0.3944997125211043,ml_v6,2025-04
232502,long,2025-04-14 23:35:00,2025-04-14 23:40:00,2025-04-15 01:15:00,3212.448,3217.832627777778,TP,5.224627777777787,95,0.4666768702465406,ml_v6,2025-04
232540,long,2025-04-15 02:45:00,2025-04-15 02:50:00,2025-04-15 03:01:00,3222.171,3227.33265,TP,5.001650000000006,11,0.46510284901529386,ml_v6,2025-04
232801,long,2025-04-16 01:30:00,2025-04-16 01:35:00,2025-04-16 01:40:00,3259.389,3263.700711111111,TP,4.151711111111097,5,0.4636841431554645,ml_v6,2025-04
233080,long,2025-04-17 01:45:00,2025-04-17 01:50:00,2025-04-17 01:51:00,3328.441,3324.4995451388886,SL,-4.101454861111106,1,0.492383210391712,ml_v6,2025-04
233082,long,2025-04-17 01:55:00,2025-04-17 02:00:00,2025-04-17 02:04:00,3323.888,3330.2454722222224,TP,6.197472222222217,4,0.4811215198686526,ml_v6,2025-04
233090,long,2025-04-17 02:35:00,2025-04-17 02:40:00,2025-04-17 02:57:00,3331.87,3338.169394444444,TP,6.139394444444442,17,0.4615974844802647,ml_v6,2025-04
233095,long,2025-04-17 03:00:00,2025-04-17 03:05:00,2025-04-17 05:04:00,3338.979,3345.293672222222,TP,6.1546722222222225,119,0.4719060287835753,ml_v6,2025-04
233125,short,2025-04-17 05:30:00,2025-04-17 05:35:00,2025-04-17 05:59:00,3335.589,3329.323772222222,TP,6.105227777777783,24,0.39156173106799586,ml_v6,2025-04
233290,long,2025-04-17 19:15:00,2025-04-17 19:20:00,2025-04-17 19:44:00,3313.809,3319.839327777778,TP,5.870327777777788,24,0.46952712506312455,ml_v6,2025-04
233436,short,2025-04-21 08:30:00,2025-04-21 08:35:00,2025-04-21 08:46:00,3388.451,3392.1588020833333,SL,-3.8678020833333515,11,0.39490860201873634,ml_v6,2025-04
233440,short,2025-04-21 08:50:00,2025-04-21 08:55:00,2025-04-21 09:13:00,3392.835,3396.5241458333335,SL,-3.8491458333333513,18,0.3985101630317439,ml_v6,2025-04
233445,short,2025-04-21 09:15:00,2025-04-21 09:20:00,2025-04-21 10:15:00,3393.728,3397.400125,SL,-3.8321250000000164,55,0.4002077480184306,ml_v6,2025-04
233458,short,2025-04-21 10:20:00,2025-04-21 10:25:00,2025-04-21 11:11:00,3396.336,3390.5163777777775,TP,5.6596222222222465,46,0.40111603426785103,ml_v6,2025-04
233469,short,2025-04-21 11:15:00,2025-04-21 11:20:00,2025-04-21 11:30:00,3390.028,3393.680625,SL,-3.8126250000000117,10,0.4103019261999228,ml_v6,2025-04
233473,short,2025-04-21 11:35:00,2025-04-21 11:40:00,2025-04-21 11:43:00,3398.889,3402.5436736111114,SL,-3.8146736111111217,3,0.3961432081144649,ml_v6,2025-04
233475,short,2025-04-21 11:45:00,2025-04-21 11:50:00,2025-04-21 12:19:00,3403.838,3407.5079062500004,SL,-3.829906250000011,29,0.39864904678287333,ml_v6,2025-04
233570,short,2025-04-21 19:40:00,2025-04-21 19:45:00,2025-04-21 19:57:00,3418.379,3421.9672465277777,SL,-3.7482465277777823,12,0.39342461134742507,ml_v6,2025-04
233574,short,2025-04-21 20:00:00,2025-04-21 20:05:00,2025-04-21 20:41:00,3420.969,3424.5759583333333,SL,-3.7669583333333403,36,0.3929401925369832,ml_v6,2025-04
233587,short,2025-04-21 22:05:00,2025-04-21 22:10:00,2025-04-21 22:11:00,3429.162,3432.749722222222,SL,-3.747722222222229,1,0.4070786157383216,ml_v6,2025-04
233589,short,2025-04-21 22:15:00,2025-04-21 22:20:00,2025-04-21 23:17:00,3433.212,3436.8106909722223,SL,-3.7586909722222295,57,0.4091383743374849,ml_v6,2025-04
233602,short,2025-04-21 23:20:00,2025-04-21 23:25:00,2025-04-21 23:27:00,3437.503,3441.0796284722223,SL,-3.7366284722222303,2,0.3971435733829928,ml_v6,2025-04
233604,short,2025-04-21 23:30:00,2025-04-21 23:35:00,2025-04-21 23:36:00,3440.44,3444.0054583333335,SL,-3.7254583333333424,1,0.3940873016098527,ml_v6,2025-04
233952,short,2025-04-23 05:30:00,2025-04-23 05:35:00,2025-04-23 05:38:00,3340.986,3330.3064833333333,TP,10.51951666666665,3,0.39205875817975705,ml_v6,2025-04
233980,short,2025-04-23 07:50:00,2025-04-23 07:55:00,2025-04-23 08:12:00,3319.104,3308.1349166666664,TP,10.809083333333328,17,0.3917512480634318,ml_v6,2025-04
234131,long,2025-04-23 20:25:00,2025-04-23 20:30:00,2025-04-23 22:02:00,3290.289,3300.481038888889,TP,10.032038888888895,29,0.49202301822341726,ml_v6,2025-04
234420,long,2025-04-24 22:50:00,2025-04-24 22:55:00,2025-04-24 23:00:00,3364.304,3359.912888888889,SL,-4.5511111111111155,5,0.4615651318215486,ml_v6,2025-04
234602,short,2025-04-25 14:00:00,2025-04-25 14:05:00,2025-04-25 14:06:00,3278.647,3283.1702881944443,SL,-4.683288194444451,1,0.3916082706124423,ml_v6,2025-04
234986,short,2025-04-29 00:05:00,2025-04-29 00:10:00,2025-04-29 00:52:00,3336.166,3329.8332333333333,TP,6.1727666666666625,42,0.3930572975972785,ml_v6,2025-04
234996,short,2025-04-29 00:55:00,2025-04-29 01:00:00,2025-04-29 01:33:00,3329.993,3333.889982638889,SL,-4.0569826388888846,33,0.3989072165857144,ml_v6,2025-04
235113,long,2025-04-29 10:40:00,2025-04-29 10:45:00,2025-04-29 11:50:00,3313.584,3309.963784722222,SL,-3.780215277777774,65,0.46639640328326715,ml_v6,2025-04
235128,long,2025-04-29 11:55:00,2025-04-29 12:00:00,2025-04-29 12:20:00,3309.32,3305.699263888889,SL,-3.780736111111111,20,0.47007650562868214,ml_v6,2025-04
235139,long,2025-04-29 12:50:00,2025-04-29 12:55:00,2025-04-29 13:30:00,3312.508,3318.370422222222,TP,5.702422222222217,35,0.46476734887086013,ml_v6,2025-04
235148,long,2025-04-29 13:35:00,2025-04-29 13:40:00,2025-04-29 13:42:00,3319.681,3315.968951388889,SL,-3.872048611111107,2,0.48334552100357536,ml_v6,2025-04
235166,long,2025-04-29 15:05:00,2025-04-29 15:10:00,2025-04-29 15:13:00,3313.51,3309.7301909722223,SL,-3.939809027777778,3,0.465362933838838,ml_v6,2025-04
235168,long,2025-04-29 15:15:00,2025-04-29 15:20:00,2025-04-29 15:43:00,3309.461,3305.691357638889,SL,-3.9296423611111133,23,0.46583204211598406,ml_v6,2025-04
235179,long,2025-04-29 16:10:00,2025-04-29 16:15:00,2025-04-29 16:37:00,3315.387,3321.2801611111113,TP,5.733161111111112,22,0.4629235024189522,ml_v6,2025-04
235186,long,2025-04-29 16:45:00,2025-04-29 16:50:00,2025-04-29 17:20:00,3327.267,3323.611663194444,SL,-3.8153368055555545,30,0.4632308830933442,ml_v6,2025-04
235282,long,2025-04-30 01:45:00,2025-04-30 01:50:00,2025-04-30 01:55:00,3314.878,3311.3449618055556,SL,-3.693038194444452,5,0.480516598207367,ml_v6,2025-04
235285,long,2025-04-30 02:00:00,2025-04-30 02:05:00,2025-04-30 02:09:00,3310.971,3307.43721875,SL,-3.693781250000006,4,0.4818894647067635,ml_v6,2025-04
235287,long,2025-04-30 02:10:00,2025-04-30 02:15:00,2025-04-30 02:34:00,3312.151,3308.618111111111,SL,-3.6928888888888944,19,0.4696942624964352,ml_v6,2025-04
235292,long,2025-04-30 02:35:00,2025-04-30 02:40:00,2025-04-30 02:54:00,3310.39,3306.8976562499997,SL,-3.6523437500000067,14,0.46831012510172154,ml_v6,2025-04
235529,long,2025-04-30 23:20:00,2025-04-30 23:25:00,2025-04-30 23:32:00,3279.695,3275.7778506944446,SL,-4.077149305555549,7,0.46537221385330996,ml_v6,2025-04
235624,short,2025-05-01 07:15:00,2025-05-01 07:20:00,2025-05-01 07:23:00,3226.453,3231.0831770833333,SL,-4.79017708333333,3,0.40001153199467154,ml_v6,2025-05
235681,short,2025-05-01 12:00:00,2025-05-01 12:05:00,2025-05-01 12:23:00,3208.425,3212.9936770833333,SL,-4.728677083333327,18,0.4037100884781032,ml_v6,2025-05
235686,short,2025-05-01 12:25:00,2025-05-01 12:30:00,2025-05-01 12:31:00,3219.212,3223.8019097222223,SL,-4.749909722222219,1,0.4167336059298905,ml_v6,2025-05
235708,short,2025-05-01 14:15:00,2025-05-01 14:20:00,2025-05-01 14:30:00,3219.051,3223.6849895833334,SL,-4.7939895833333335,10,0.40491485415262446,ml_v6,2025-05
235771,long,2025-05-01 19:30:00,2025-05-01 19:35:00,2025-05-01 20:10:00,3226.254,3233.2447166666666,TP,6.830716666666663,35,0.48595317976331365,ml_v6,2025-05
235795,long,2025-05-01 22:30:00,2025-05-01 22:35:00,2025-05-01 23:03:00,3233.524,3240.596738888889,TP,6.9127388888888825,28,0.5002620253161163,ml_v6,2025-05
235929,short,2025-05-02 09:40:00,2025-05-02 09:45:00,2025-05-02 10:14:00,3265.873,3260.141688888889,TP,5.571311111111114,29,0.3990892519682794,ml_v6,2025-05
235940,short,2025-05-02 10:35:00,2025-05-02 10:40:00,2025-05-02 11:22:00,3259.854,3263.439177083333,SL,-3.7451770833333367,42,0.40424453384296105,ml_v6,2025-05
235961,short,2025-05-02 12:20:00,2025-05-02 12:25:00,2025-05-02 12:30:00,3260.73,3255.0281666666665,TP,5.541833333333333,5,0.3999743256218346,ml_v6,2025-05
236100,short,2025-05-05 01:00:00,2025-05-05 01:05:00,2025-05-05 01:10:00,3253.155,3256.778295138889,SL,-3.7832951388889033,5,0.39975322847905925,ml_v6,2025-05
236103,short,2025-05-05 01:15:00,2025-05-05 01:20:00,2025-05-05 01:21:00,3261.15,3264.7850034722223,SL,-3.7950034722222377,1,0.4083397434668575,ml_v6,2025-05
236110,short,2025-05-05 01:50:00,2025-05-05 01:55:00,2025-05-05 02:04:00,3266.339,3269.971951388889,SL,-3.7929513888889064,9,0.40111037998948484,ml_v6,2025-05
236236,short,2025-05-05 12:20:00,2025-05-05 12:25:00,2025-05-05 13:36:00,3319.76,3313.6153944444445,TP,5.984605555555579,71,0.39970743370393014,ml_v6,2025-05
236345,short,2025-05-05 22:25:00,2025-05-05 22:30:00,2025-05-05 22:41:00,3328.733,3332.035527777778,SL,-3.462527777777788,11,0.399049682538797,ml_v6,2025-05
236488,short,2025-05-06 10:20:00,2025-05-06 10:25:00,2025-05-06 10:57:00,3378.831,3382.778204861111,SL,-4.107204861111126,32,0.4002660385548583,ml_v6,2025-05
236498,short,2025-05-06 11:10:00,2025-05-06 11:15:00,2025-05-06 11:36:00,3381.276,3375.0940333333333,TP,6.021966666666689,21,0.40269897800151033,ml_v6,2025-05
236504,short,2025-05-06 11:40:00,2025-05-06 11:45:00,2025-05-06 11:50:00,3374.618,3378.4762743055553,SL,-4.018274305555565,5,0.4003424049005946,ml_v6,2025-05
236507,short,2025-05-06 11:55:00,2025-05-06 12:00:00,2025-05-06 12:32:00,3379.199,3383.058215277778,SL,-4.019215277777785,32,0.4091945069675532,ml_v6,2025-05
236647,long,2025-05-07 00:35:00,2025-05-07 00:40:00,2025-05-07 00:42:00,3377.968,3373.3263680555556,SL,-4.8006319444444365,2,0.4826962828487678,ml_v6,2025-05
236652,long,2025-05-07 01:00:00,2025-05-07 01:05:00,2025-05-07 01:06:00,3378.346,3373.5582430555555,SL,-4.946756944444439,1,0.49788583249579343,ml_v6,2025-05
236765,long,2025-05-07 10:25:00,2025-05-07 10:30:00,2025-05-07 11:12:00,3390.447,3385.8293159722225,SL,-4.777684027777756,42,0.48982001372865885,ml_v6,2025-05
236805,long,2025-05-07 13:45:00,2025-05-07 13:50:00,2025-05-07 14:00:00,3396.245,3391.538736111111,SL,-4.865263888888884,10,0.4961593071196769,ml_v6,2025-05
237000,short,2025-05-08 07:00:00,2025-05-08 07:05:00,2025-05-08 07:06:00,3331.868,3336.3047326388887,SL,-4.596732638888888,1,0.399061292746446,ml_v6,2025-05
237003,short,2025-05-08 07:15:00,2025-05-08 07:20:00,2025-05-08 07:29:00,3334.143,3338.6073055555557,SL,-4.624305555555555,9,0.40090678367108523,ml_v6,2025-05
237189,long,2025-05-08 23:45:00,2025-05-08 23:50:00,2025-05-09 00:15:00,3316.018,3311.4960277777777,SL,-4.6819722222222175,25,0.4834767453879638,ml_v6,2025-05
237198,long,2025-05-09 00:30:00,2025-05-09 00:35:00,2025-05-09 00:48:00,3311.192,3318.515622222222,TP,7.163622222222217,13,0.4852301261821477,ml_v6,2025-05
237217,long,2025-05-09 02:05:00,2025-05-09 02:10:00,2025-05-09 02:11:00,3285.319,3280.655138888889,SL,-4.823861111111102,1,0.48908976908568724,ml_v6,2025-05
237219,long,2025-05-09 02:15:00,2025-05-09 02:20:00,2025-05-09 02:34:00,3282.163,3289.6629666666668,TP,7.33996666666665,14,0.49826005148255714,ml_v6,2025-05
237271,long,2025-05-09 06:35:00,2025-05-09 06:40:00,2025-05-09 07:05:00,3321.554,3329.095327777778,TP,7.381327777777764,25,0.5044775328623683,ml_v6,2025-05
237281,long,2025-05-09 07:25:00,2025-05-09 07:30:00,2025-05-09 07:44:00,3323.164,3330.3736166666667,TP,7.049616666666655,14,0.4960913854458906,ml_v6,2025-05
237292,long,2025-05-09 08:20:00,2025-05-09 08:25:00,2025-05-09 11:21:00,3324.43,3331.4062833333332,TP,6.816283333333322,176,0.4898506077478166,ml_v6,2025-05
237352,long,2025-05-09 13:20:00,2025-05-09 13:25:00,2025-05-09 13:58:00,3336.191,3331.9030729166666,SL,-4.447927083333323,33,0.48238077097815274,ml_v6,2025-05
237519,long,2025-05-12 04:20:00,2025-05-12 04:25:00,2025-05-12 04:40:00,3280.219,3276.2380729166666,SL,-4.140927083333352,15,0.4894312802484285,ml_v6,2025-05
237524,long,2025-05-12 04:45:00,2025-05-12 04:50:00,2025-05-12 05:16:00,3279.074,3275.1251631944447,SL,-4.108836805555574,26,0.4997546753366661,ml_v6,2025-05
237531,long,2025-05-12 05:20:00,2025-05-12 05:25:00,2025-05-12 05:37:00,3275.542,3271.6238958333333,SL,-4.078104166666685,12,0.4890863206445976,ml_v6,2025-05
237562,long,2025-05-12 07:55:00,2025-05-12 08:00:00,2025-05-12 08:04:00,3222.718,3229.4716222222223,TP,6.5946222222222515,4,0.49051707424734975,ml_v6,2025-05
237579,short,2025-05-12 09:20:00,2025-05-12 09:25:00,2025-05-12 09:33:00,3229.0,3222.134938888889,TP,6.705061111111138,8,0.4022977472214596,ml_v6,2025-05
237584,short,2025-05-12 09:45:00,2025-05-12 09:50:00,2025-05-12 09:55:00,3223.598,3216.68145,TP,6.7565500000000265,5,0.3998764358483339,ml_v6,2025-05
237599,short,2025-05-12 11:00:00,2025-05-12 11:05:00,2025-05-12 11:11:00,3218.737,3223.1912847222225,SL,-4.6142847222222425,6,0.3995140761064958,ml_v6,2025-05
237609,short,2025-05-12 11:50:00,2025-05-12 11:55:00,2025-05-12 12:20:00,3225.149,3229.6806874999997,SL,-4.691687500000018,25,0.4006707137452276,ml_v6,2025-05
237618,short,2025-05-12 12:35:00,2025-05-12 12:40:00,2025-05-12 12:41:00,3225.421,3229.947427083333,SL,-4.68642708333335,1,0.4017696273404737,ml_v6,2025-05
237761,short,2025-05-13 01:30:00,2025-05-13 01:35:00,2025-05-13 01:40:00,3224.212,3228.5445694444443,SL,-4.492569444444456,5,0.39929745117862125,ml_v6,2025-05
237776,long,2025-05-13 02:45:00,2025-05-13 02:50:00,2025-05-13 02:51:00,3238.468,3234.239295138889,SL,-4.387704861111122,1,0.4904551446336764,ml_v6,2025-05
237786,long,2025-05-13 03:35:00,2025-05-13 03:40:00,2025-05-13 04:38:00,3235.645,3242.2795111111113,TP,6.474511111111131,58,0.4916943350748486,ml_v6,2025-05
237857,short,2025-05-13 09:30:00,2025-05-13 09:35:00,2025-05-13 11:22:00,3253.717,3257.415732638889,SL,-3.858732638888905,107,0.40310175901007705,ml_v6,2025-05
237880,short,2025-05-13 11:25:00,2025-05-13 11:30:00,2025-05-13 11:55:00,3255.801,3250.1413666666667,TP,5.499633333333356,25,0.41212413842448115,ml_v6,2025-05
238151,long,2025-05-14 11:00:00,2025-05-14 11:05:00,2025-05-14 11:42:00,3235.444,3232.274045138889,SL,-3.329954861111121,37,0.482769162755592,ml_v6,2025-05
238328,long,2025-05-15 02:45:00,2025-05-15 02:50:00,2025-05-15 03:07:00,3151.03,3156.9071888888893,TP,5.717188888888926,17,0.4863523012627388,ml_v6,2025-05
238362,long,2025-05-15 05:35:00,2025-05-15 05:40:00,2025-05-15 05:44:00,3136.477,3132.8009756944443,SL,-3.8350243055555735,4,0.5019380009888039,ml_v6,2025-05
238370,short,2025-05-15 06:15:00,2025-05-15 06:20:00,2025-05-15 06:21:00,3129.443,3133.2158958333334,SL,-3.9328958333333492,1,0.3995554118718032,ml_v6,2025-05
238372,short,2025-05-15 06:25:00,2025-05-15 06:30:00,2025-05-15 06:33:00,3140.557,3144.3514305555555,SL,-3.9544305555555708,3,0.4039782114080176,ml_v6,2025-05
238374,short,2025-05-15 06:35:00,2025-05-15 06:40:00,2025-05-15 06:50:00,3148.726,3152.5478645833336,SL,-3.9818645833333495,10,0.39992753274379,ml_v6,2025-05
238380,short,2025-05-15 07:05:00,2025-05-15 07:10:00,2025-05-15 07:27:00,3148.072,3141.90115,TP,6.010850000000024,17,0.39895022563024485,ml_v6,2025-05
238386,short,2025-05-15 07:35:00,2025-05-15 07:40:00,2025-05-15 07:45:00,3136.874,3130.6343055555553,TP,6.079694444444467,5,0.41468841026870995,ml_v6,2025-05
238389,short,2025-05-15 07:50:00,2025-05-15 07:55:00,2025-05-15 08:05:00,3143.598,3147.5378159722222,SL,-4.099815972222233,10,0.4046980136175444,ml_v6,2025-05
238638,short,2025-05-16 05:35:00,2025-05-16 05:40:00,2025-05-16 05:43:00,3216.066,3219.932138888889,SL,-4.02613888888888,3,0.39900654098968813,ml_v6,2025-05
238987,short,2025-05-19 11:45:00,2025-05-19 11:50:00,2025-05-19 12:48:00,3243.984,3237.218361111111,TP,6.605638888888862,58,0.4071180324285445,ml_v6,2025-05
239000,short,2025-05-19 12:50:00,2025-05-19 12:55:00,2025-05-19 13:15:00,3234.046,3238.1354895833333,SL,-4.249489583333315,20,0.40917177153691875,ml_v6,2025-05
239057,short,2025-05-19 17:35:00,2025-05-19 17:40:00,2025-05-19 18:16:00,3225.982,3229.7413715277776,SL,-3.9193715277777654,36,0.40280462459391597,ml_v6,2025-05
239123,short,2025-05-20 00:05:00,2025-05-20 00:10:00,2025-05-20 00:24:00,3223.072,3217.5779222222222,TP,5.334077777777765,14,0.39934966930256655,ml_v6,2025-05
239130,short,2025-05-20 00:40:00,2025-05-20 00:45:00,2025-05-20 01:00:00,3220.809,3224.236371527778,SL,-3.5873715277777687,15,0.40680727120025595,ml_v6,2025-05
239257,short,2025-05-20 11:15:00,2025-05-20 11:20:00,2025-05-20 12:18:00,3240.285,3235.4216555555554,TP,4.703344444444445,58,0.4061105333431796,ml_v6,2025-05
239516,short,2025-05-21 09:50:00,2025-05-21 09:55:00,2025-05-21 10:03:00,3310.776,3314.1104965277777,SL,-3.4944965277777955,8,0.3992780163802631,ml_v6,2025-05
239519,short,2025-05-21 10:05:00,2025-05-21 10:10:00,2025-05-21 10:21:00,3312.089,3315.38634375,SL,-3.4573437500000184,11,0.4058048011274703,ml_v6,2025-05
239528,short,2025-05-21 10:50:00,2025-05-21 10:55:00,2025-05-21 11:02:00,3310.755,3314.0550729166666,SL,-3.460072916666682,7,0.4027018319722032,ml_v6,2025-05
239532,short,2025-05-21 11:10:00,2025-05-21 11:15:00,2025-05-21 12:21:00,3309.83,3304.511861111111,TP,5.158138888888914,66,0.3996070905032273,ml_v6,2025-05
239803,short,2025-05-22 10:45:00,2025-05-22 10:50:00,2025-05-22 10:57:00,3297.539,3292.3443611111115,TP,5.034638888888878,7,0.39889970508816647,ml_v6,2025-05
239974,long,2025-05-23 02:00:00,2025-05-23 02:05:00,2025-05-23 02:07:00,3303.878,3300.3498750000003,SL,-3.688125,2,0.48575830248746465,ml_v6,2025-05
239976,long,2025-05-23 02:10:00,2025-05-23 02:15:00,2025-05-23 02:18:00,3299.262,3295.7324722222224,SL,-3.689527777777776,3,0.48285210061100997,ml_v6,2025-05
239978,long,2025-05-23 02:20:00,2025-05-23 02:25:00,2025-05-23 02:30:00,3296.675,3293.1701909722224,SL,-3.6648090277777756,5,0.5056083114743702,ml_v6,2025-05
239981,long,2025-05-23 02:35:00,2025-05-23 02:40:00,2025-05-23 02:42:00,3296.062,3292.5507291666668,SL,-3.6712708333333306,2,0.5133336461176963,ml_v6,2025-05
239983,long,2025-05-23 02:45:00,2025-05-23 02:50:00,2025-05-23 03:11:00,3293.614,3299.2279388888887,TP,5.453938888888887,21,0.5173744146195751,ml_v6,2025-05
239989,long,2025-05-23 03:15:00,2025-05-23 03:20:00,2025-05-23 04:01:00,3297.891,3303.4620944444446,TP,5.411094444444433,41,0.5063695351378482,ml_v6,2025-05
239999,long,2025-05-23 04:05:00,2025-05-23 04:10:00,2025-05-23 04:18:00,3303.983,3309.5182444444445,TP,5.375244444444437,8,0.520283422655816,ml_v6,2025-05
240166,short,2025-05-23 18:00:00,2025-05-23 18:05:00,2025-05-23 19:51:00,3363.875,3358.3988611111113,TP,5.316138888888889,106,0.4041177205363421,ml_v6,2025-05
240286,long,2025-05-26 05:05:00,2025-05-26 05:10:00,2025-05-26 05:29:00,3349.396,3345.929524305556,SL,-3.6254756944444546,19,0.4972291490941019,ml_v6,2025-05
240294,short,2025-05-26 05:45:00,2025-05-26 05:50:00,2025-05-26 06:20:00,3347.802,3342.2212944444445,TP,5.420705555555574,30,0.400820733712907,ml_v6,2025-05
240302,short,2025-05-26 06:25:00,2025-05-26 06:30:00,2025-05-26 06:38:00,3340.094,3343.578361111111,SL,-3.6443611111111194,8,0.4021359114943296,ml_v6,2025-05
240306,short,2025-05-26 06:45:00,2025-05-26 06:50:00,2025-05-26 07:01:00,3341.512,3335.944577777778,TP,5.4074222222222375,11,0.39969004536358377,ml_v6,2025-05
240319,short,2025-05-26 07:50:00,2025-05-26 07:55:00,2025-05-26 08:02:00,3336.125,3339.5649305555557,SL,-3.5999305555555647,7,0.40074860614913943,ml_v6,2025-05
240322,short,2025-05-26 08:05:00,2025-05-26 08:10:00,2025-05-26 09:22:00,3336.054,3330.543616666667,TP,5.3503833333333475,72,0.3995538906492615,ml_v6,2025-05
240449,short,2025-05-26 22:30:00,2025-05-26 22:35:00,2025-05-27 00:01:00,3348.546,3344.493033333333,TP,3.89296666666666,86,0.4005947671612836,ml_v6,2025-05
240469,short,2025-05-27 00:10:00,2025-05-27 00:15:00,2025-05-27 00:20:00,3349.445,3345.442211111111,TP,3.8427888888888813,5,0.41662294184488535,ml_v6,2025-05
240475,short,2025-05-27 00:40:00,2025-05-27 00:45:00,2025-05-27 01:09:00,3345.185,3341.16095,TP,3.8640499999999935,24,0.40007526547088906,ml_v6,2025-05
240521,short,2025-05-27 04:30:00,2025-05-27 04:35:00,2025-05-27 04:48:00,3337.561,3333.786355555556,TP,3.6146444444444223,13,0.40186294862213356,ml_v6,2025-05
240525,short,2025-05-27 04:50:00,2025-05-27 04:55:00,2025-05-27 05:00:00,3334.345,3330.610838888889,TP,3.574161111111088,5,0.3993852612586108,ml_v6,2025-05
240672,long,2025-05-27 17:05:00,2025-05-27 17:10:00,2025-05-27 17:22:00,3297.859,3302.4801888888887,TP,4.461188888888878,12,0.49163417119407543,ml_v6,2025-05
240739,short,2025-05-27 23:40:00,2025-05-27 23:45:00,2025-05-28 00:30:00,3310.304,3313.191013888889,SL,-3.0470138888888894,45,0.4066477470344356,ml_v6,2025-05
240867,short,2025-05-28 10:20:00,2025-05-28 10:25:00,2025-05-28 10:38:00,3320.448,3316.0655555555554,TP,4.22244444444443,13,0.3989704780573984,ml_v6,2025-05
240872,short,2025-05-28 10:45:00,2025-05-28 10:50:00,2025-05-28 11:48:00,3313.575,3309.2165333333332,TP,4.198466666666651,58,0.3989011218167011,ml_v6,2025-05
241099,long,2025-05-29 06:40:00,2025-05-29 06:45:00,2025-05-29 07:14:00,3271.429,3276.8850500000003,TP,5.296050000000008,29,0.48516935943174183,ml_v6,2025-05
241231,short,2025-05-29 17:40:00,2025-05-29 17:45:00,2025-05-29 19:18:00,3323.006,3317.4283888888885,TP,5.417611111111113,93,0.40052494242544756,ml_v6,2025-05
241338,long,2025-05-30 03:35:00,2025-05-30 03:40:00,2025-05-30 03:44:00,3297.429,3294.542402777778,SL,-3.0465972222222244,4,0.4920053677134996,ml_v6,2025-05
241342,long,2025-05-30 03:55:00,2025-05-30 04:00:00,2025-05-30 04:37:00,3294.517,3291.638326388889,SL,-3.0386736111111112,37,0.48448290580683834,ml_v6,2025-05
241352,long,2025-05-30 04:45:00,2025-05-30 04:50:00,2025-05-30 05:07:00,3294.291,3291.455041666667,SL,-2.9959583333333315,17,0.5185209855939308,ml_v6,2025-05
241357,long,2025-05-30 05:10:00,2025-05-30 05:15:00,2025-05-30 05:26:00,3292.452,3296.996377777778,TP,4.384377777777772,11,0.49909388298391555,ml_v6,2025-05
241411,long,2025-05-30 09:40:00,2025-05-30 09:45:00,2025-05-30 10:35:00,3297.872,3294.9950868055553,SL,-3.0369131944444394,50,0.4998850891453425,ml_v6,2025-05
241441,long,2025-05-30 12:10:00,2025-05-30 12:15:00,2025-05-30 12:16:00,3302.847,3299.896295138889,SL,-3.1097048611110996,1,0.48729521442778156,ml_v6,2025-05
241526,long,2025-05-30 19:15:00,2025-05-30 19:20:00,2025-05-30 20:56:00,3292.719,3289.68475,SL,-3.1942499999999954,96,0.49538667593421465,ml_v6,2025-05
241555,short,2025-06-01 22:45:00,2025-06-01 22:50:00,2025-06-01 22:52:00,3307.614,3310.756461805556,SL,-3.3024618055555575,2,0.39479730129752244,ml_v6,2025-06
241557,short,2025-06-01 22:55:00,2025-06-01 23:00:00,2025-06-01 23:03:00,3313.134,3316.296392361111,SL,-3.3223923611111137,3,0.4018430207747896,ml_v6,2025-06
241559,short,2025-06-01 23:05:00,2025-06-01 23:10:00,2025-06-02 00:38:00,3313.93,3308.85995,TP,4.910050000000002,88,0.39503248492731774,ml_v6,2025-06
241639,short,2025-06-02 05:45:00,2025-06-02 05:50:00,2025-06-02 06:01:00,3322.715,3325.8294409722225,SL,-3.2744409722222296,11,0.39858927370168307,ml_v6,2025-06
241644,short,2025-06-02 06:10:00,2025-06-02 06:15:00,2025-06-02 06:18:00,3328.021,3331.1388645833335,SL,-3.2778645833333386,3,0.40344811073512876,ml_v6,2025-06
241646,short,2025-06-02 06:20:00,2025-06-02 06:25:00,2025-06-02 06:29:00,3334.816,3337.9541666666664,SL,-3.2981666666666745,4,0.4030594062168906,ml_v6,2025-06
241676,long,2025-06-02 08:50:00,2025-06-02 08:55:00,2025-06-02 09:00:00,3354.251,3351.1109583333337,SL,-3.3000416666666728,5,0.4414267982345088,ml_v6,2025-06
241709,short,2025-06-02 11:35:00,2025-06-02 11:40:00,2025-06-02 11:53:00,3358.772,3353.6697444444444,TP,4.942255555555576,13,0.4056826412845319,ml_v6,2025-06
241713,short,2025-06-02 11:55:00,2025-06-02 12:00:00,2025-06-02 12:08:00,3356.296,3359.4989340277775,SL,-3.3629340277777926,8,0.4101214691956784,ml_v6,2025-06
241716,short,2025-06-02 12:10:00,2025-06-02 12:15:00,2025-06-02 12:22:00,3357.767,3360.9863888888885,SL,-3.3793888888889057,7,0.4135505202223254,ml_v6,2025-06
241719,short,2025-06-02 12:25:00,2025-06-02 12:30:00,2025-06-02 12:55:00,3360.915,3355.7545166666664,TP,5.00048333333336,25,0.40152574264184493,ml_v6,2025-06
241726,short,2025-06-02 13:00:00,2025-06-02 13:05:00,2025-06-02 13:28:00,3354.485,3357.725260416667,SL,-3.4002604166666783,23,0.40822686331059543,ml_v6,2025-06
241732,short,2025-06-02 13:30:00,2025-06-02 13:35:00,2025-06-02 13:37:00,3356.206,3359.3407291666667,SL,-3.2947291666666785,2,0.4003849131552854,ml_v6,2025-06
241734,short,2025-06-02 13:40:00,2025-06-02 13:45:00,2025-06-02 13:46:00,3366.58,3369.724208333333,SL,-3.304208333333345,1,0.3993621828032289,ml_v6,2025-06
241736,short,2025-06-02 13:50:00,2025-06-02 13:55:00,2025-06-02 14:10:00,3374.528,3369.460005555555,TP,4.907994444444466,15,0.40185730097589023,ml_v6,2025-06
241741,short,2025-06-02 14:15:00,2025-06-02 14:20:00,2025-06-02 14:22:00,3377.836,3372.717033333333,TP,4.9589666666666785,2,0.40289267835912235,ml_v6,2025-06
241743,short,2025-06-02 14:25:00,2025-06-02 14:30:00,2025-06-02 14:35:00,3373.2,3376.39121875,SL,-3.350218750000006,5,0.40115728912648685,ml_v6,2025-06
241746,short,2025-06-02 14:40:00,2025-06-02 14:45:00,2025-06-02 15:25:00,3377.864,3372.7905111111113,TP,4.913488888888897,40,0.40124338191117864,ml_v6,2025-06
241827,short,2025-06-02 22:25:00,2025-06-02 22:30:00,2025-06-02 23:27:00,3389.937,3385.3066555555556,TP,4.470344444444435,57,0.3975015472337619,ml_v6,2025-06
241849,short,2025-06-03 00:15:00,2025-06-03 00:20:00,2025-06-03 00:30:00,3378.546,3381.3836701388886,SL,-2.997670138888884,10,0.39520373743781356,ml_v6,2025-06
241853,short,2025-06-03 00:35:00,2025-06-03 00:40:00,2025-06-03 01:03:00,3376.153,3371.588872222222,TP,4.404127777777768,23,0.3970092269645322,ml_v6,2025-06
241993,short,2025-06-03 12:15:00,2025-06-03 12:20:00,2025-06-03 12:25:00,3351.094,3353.98603125,SL,-3.0520312499999913,5,0.3954456019662932,ml_v6,2025-06
242015,short,2025-06-03 14:05:00,2025-06-03 14:10:00,2025-06-03 14:17:00,3338.728,3341.7119756944444,SL,-3.143975694444434,7,0.396643075332076,ml_v6,2025-06
242049,long,2025-06-03 16:55:00,2025-06-03 17:00:00,2025-06-03 17:24:00,3348.428,3352.9638666666665,TP,4.375866666666652,24,0.4407974133632498,ml_v6,2025-06
242402,long,2025-06-05 00:20:00,2025-06-05 00:25:00,2025-06-05 00:38:00,3381.286,3378.56840625,SL,-2.877593750000008,13,0.4473913173818357,ml_v6,2025-06
242408,long,2025-06-05 00:50:00,2025-06-05 00:55:00,2025-06-05 01:06:00,3379.326,3383.7105833333335,TP,4.2245833333333485,11,0.4418337115229196,ml_v6,2025-06
242412,long,2025-06-05 01:10:00,2025-06-05 01:15:00,2025-06-05 01:19:00,3379.852,3377.1071006944444,SL,-2.904899305555565,4,0.4475147017482298,ml_v6,2025-06
242441,long,2025-06-05 03:35:00,2025-06-05 03:40:00,2025-06-05 03:55:00,3374.519,3371.8439652777774,SL,-2.835034722222225,15,0.4441038642243618,ml_v6,2025-06
242512,long,2025-06-05 09:30:00,2025-06-05 09:35:00,2025-06-05 09:50:00,3384.009,3388.210361111111,TP,4.042361111111139,15,0.44157451688541327,ml_v6,2025-06
242574,long,2025-06-05 14:40:00,2025-06-05 14:45:00,2025-06-05 14:46:00,3374.177,3371.1993993055557,SL,-3.1366006944444726,1,0.44147094477111015,ml_v6,2025-06
242635,long,2025-06-05 19:45:00,2025-06-05 19:50:00,2025-06-05 20:47:00,3355.295,3352.123923611111,SL,-3.330076388888908,57,0.44836358463683085,ml_v6,2025-06
242648,long,2025-06-05 20:50:00,2025-06-05 20:55:00,2025-06-05 22:26:00,3354.42,3359.5343444444447,TP,4.954344444444472,28,0.4500149480871216,ml_v6,2025-06
242656,long,2025-06-05 22:30:00,2025-06-05 22:35:00,2025-06-06 01:20:00,3358.973,3364.1203277777777,TP,4.9873277777778,165,0.44187473346609496,ml_v6,2025-06
242695,long,2025-06-06 01:45:00,2025-06-06 01:50:00,2025-06-06 03:32:00,3362.277,3367.47755,TP,5.041550000000021,102,0.4558940532525301,ml_v6,2025-06
242730,long,2025-06-06 04:40:00,2025-06-06 04:45:00,2025-06-06 05:24:00,3372.054,3368.8597256944445,SL,-3.354274305555578,39,0.4418062858632821,ml_v6,2025-06
242741,long,2025-06-06 05:35:00,2025-06-06 05:40:00,2025-06-06 05:43:00,3368.392,3365.2207569444445,SL,-3.3312430555555737,3,0.4496835386448729,ml_v6,2025-06
242761,long,2025-06-06 07:15:00,2025-06-06 07:20:00,2025-06-06 07:42:00,3361.086,3357.858788194444,SL,-3.3872118055555744,22,0.4415122521085858,ml_v6,2025-06
242773,long,2025-06-06 08:15:00,2025-06-06 08:20:00,2025-06-06 08:42:00,3360.467,3365.665138888889,TP,5.038138888888922,22,0.4454644482076563,ml_v6,2025-06
242779,long,2025-06-06 08:45:00,2025-06-06 08:50:00,2025-06-06 09:07:00,3366.149,3362.8788993055555,SL,-3.430100694444466,17,0.44886198411982947,ml_v6,2025-06
242784,long,2025-06-06 09:10:00,2025-06-06 09:15:00,2025-06-06 09:23:00,3360.581,3357.301767361111,SL,-3.4392326388889107,8,0.44139542816698,ml_v6,2025-06
242910,long,2025-06-06 19:40:00,2025-06-06 19:45:00,2025-06-06 19:55:00,3315.78,3312.7764687500003,SL,-3.1625312499999993,10,0.4433875333380381,ml_v6,2025-06
242933,short,2025-06-08 22:40:00,2025-06-08 22:45:00,2025-06-08 23:00:00,3312.299,3315.307871527778,SL,-3.168871527777779,15,0.39832102424760707,ml_v6,2025-06
242944,short,2025-06-08 23:35:00,2025-06-08 23:40:00,2025-06-08 23:56:00,3314.938,3317.9448541666666,SL,-3.1668541666666705,16,0.3961120232745849,ml_v6,2025-06
242952,short,2025-06-09 00:15:00,2025-06-09 00:20:00,2025-06-09 00:29:00,3306.969,3310.0093159722223,SL,-3.199315972222228,9,0.39931559946755124,ml_v6,2025-06
242956,short,2025-06-09 00:35:00,2025-06-09 00:40:00,2025-06-09 00:43:00,3308.011,3303.0819166666665,TP,4.7690833333333496,3,0.39648773546134664,ml_v6,2025-06
242979,short,2025-06-09 02:30:00,2025-06-09 02:35:00,2025-06-09 02:57:00,3304.238,3307.488111111111,SL,-3.410111111111115,22,0.3955847421875653,ml_v6,2025-06
243219,short,2025-06-09 23:30:00,2025-06-09 23:35:00,2025-06-10 00:04:00,3325.88,3321.8920222222223,TP,3.827977777777777,29,0.39711637815391787,ml_v6,2025-06
243227,short,2025-06-10 00:10:00,2025-06-10 00:15:00,2025-06-10 00:28:00,3323.464,3319.5089777777775,TP,3.7950222222222174,13,0.40390766888324214,ml_v6,2025-06
243231,short,2025-06-10 00:30:00,2025-06-10 00:35:00,2025-06-10 00:45:00,3319.756,3315.7758166666667,TP,3.820183333333331,10,0.4091594907297854,ml_v6,2025-06
243257,long,2025-06-10 02:40:00,2025-06-10 02:45:00,2025-06-10 02:54:00,3305.081,3309.0280000000002,TP,3.7879999999999905,9,0.4391746564963086,ml_v6,2025-06
243267,long,2025-06-10 03:30:00,2025-06-10 03:35:00,2025-06-10 04:01:00,3308.98,3306.581690972222,SL,-2.5583090277777725,26,0.44599973523846265,ml_v6,2025-06
243350,short,2025-06-10 10:25:00,2025-06-10 10:30:00,2025-06-10 11:08:00,3333.914,3336.3841319444446,SL,-2.630131944444445,38,0.40844039324372483,ml_v6,2025-06
243359,short,2025-06-10 11:10:00,2025-06-10 11:15:00,2025-06-10 11:19:00,3339.045,3341.521097222222,SL,-2.636097222222224,4,0.39997007125235445,ml_v6,2025-06
243361,short,2025-06-10 11:20:00,2025-06-10 11:25:00,2025-06-10 11:33:00,3340.055,3342.5302534722223,SL,-2.635253472222224,8,0.3959890799714324,ml_v6,2025-06
243364,short,2025-06-10 11:35:00,2025-06-10 11:40:00,2025-06-10 11:51:00,3339.766,3335.7955,TP,3.810500000000003,11,0.39564360346493666,ml_v6,2025-06
243368,short,2025-06-10 11:55:00,2025-06-10 12:00:00,2025-06-10 12:12:00,3333.817,3329.828161111111,TP,3.8288388888888942,12,0.3971293107661165,ml_v6,2025-06
243372,short,2025-06-10 12:15:00,2025-06-10 12:20:00,2025-06-10 12:21:00,3332.2,3334.709013888889,SL,-2.6690138888888906,1,0.4006672452595605,ml_v6,2025-06
243374,short,2025-06-10 12:25:00,2025-06-10 12:30:00,2025-06-10 12:33:00,3337.255,3339.7823159722225,SL,-2.687315972222223,3,0.4024934123829794,ml_v6,2025-06
243385,short,2025-06-10 13:20:00,2025-06-10 13:25:00,2025-06-10 13:31:00,3344.28,3346.7958194444445,SL,-2.675819444444443,6,0.3968233768521755,ml_v6,2025-06
243388,short,2025-06-10 13:35:00,2025-06-10 13:40:00,2025-06-10 13:44:00,3344.568,3347.0789201388893,SL,-2.670920138888889,4,0.39544193235226927,ml_v6,2025-06
243390,short,2025-06-10 13:45:00,2025-06-10 13:50:00,2025-06-10 14:00:00,3346.711,3342.6746611111107,TP,3.87633888888889,10,0.3961471841266069,ml_v6,2025-06
243486,short,2025-06-10 22:45:00,2025-06-10 22:50:00,2025-06-10 23:20:00,3325.388,3321.212088888889,TP,4.0159111111111025,30,0.3996386756625241,ml_v6,2025-06
243554,long,2025-06-11 04:25:00,2025-06-11 04:30:00,2025-06-11 05:15:00,3341.705,3339.1355972222223,SL,-2.729402777777787,45,0.4424825736149136,ml_v6,2025-06
243567,short,2025-06-11 05:30:00,2025-06-11 05:35:00,2025-06-11 05:43:00,3341.774,3337.6801277777777,TP,3.9338722222222318,8,0.4009192773036978,ml_v6,2025-06
243570,short,2025-06-11 05:45:00,2025-06-11 05:50:00,2025-06-11 06:00:00,3337.482,3340.049791666667,SL,-2.727791666666673,10,0.40006095253286966,ml_v6,2025-06
243783,long,2025-06-12 00:30:00,2025-06-12 00:35:00,2025-06-12 01:00:00,3366.441,3363.345548611111,SL,-3.2554513888888805,25,0.4495366195037012,ml_v6,2025-06
243790,long,2025-06-12 01:05:00,2025-06-12 01:10:00,2025-06-12 01:22:00,3368.804,3373.8021166666667,TP,4.838116666666647,12,0.471798818330078,ml_v6,2025-06
243794,long,2025-06-12 01:25:00,2025-06-12 01:30:00,2025-06-12 01:33:00,3375.362,3372.2079895833335,SL,-3.3140104166666573,3,0.45891223129443026,ml_v6,2025-06
243796,long,2025-06-12 01:35:00,2025-06-12 01:40:00,2025-06-12 01:44:00,3373.022,3369.8641562499997,SL,-3.31784374999999,4,0.45712535622608674,ml_v6,2025-06
243800,long,2025-06-12 01:55:00,2025-06-12 02:00:00,2025-06-12 02:30:00,3371.072,3376.153911111111,TP,4.92191111111109,30,0.4452000165958486,ml_v6,2025-06
243816,long,2025-06-12 03:15:00,2025-06-12 03:20:00,2025-06-12 04:02:00,3374.639,3371.4559409722224,SL,-3.34305902777777,42,0.4397039025442523,ml_v6,2025-06
243850,long,2025-06-12 06:05:00,2025-06-12 06:10:00,2025-06-12 06:16:00,3372.629,3369.456815972222,SL,-3.3321840277777697,6,0.44180848370306636,ml_v6,2025-06
243853,long,2025-06-12 06:20:00,2025-06-12 06:25:00,2025-06-12 06:39:00,3368.187,3373.296861111111,TP,4.949861111111101,14,0.43913866210603913,ml_v6,2025-06
243859,long,2025-06-12 06:50:00,2025-06-12 06:55:00,2025-06-12 07:08:00,3374.933,3371.7457986111112,SL,-3.347201388888882,13,0.4421480199750658,ml_v6,2025-06
244013,long,2025-06-12 19:40:00,2025-06-12 19:45:00,2025-06-12 20:31:00,3388.259,3384.9818819444445,SL,-3.4371180555555743,46,0.44040832733150914,ml_v6,2025-06
244074,long,2025-06-13 01:45:00,2025-06-13 01:50:00,2025-06-13 01:53:00,3430.041,3426.6062361111112,SL,-3.594763888888897,3,0.44631963690669546,ml_v6,2025-06
244076,long,2025-06-13 01:55:00,2025-06-13 02:00:00,2025-06-13 02:23:00,3427.539,3433.054377777778,TP,5.355377777777793,23,0.45361325336331815,ml_v6,2025-06
244082,long,2025-06-13 02:25:00,2025-06-13 02:30:00,2025-06-13 02:33:00,3432.522,3438.0020055555556,TP,5.320005555555568,3,0.454004949191503,ml_v6,2025-06
244084,long,2025-06-13 02:35:00,2025-06-13 02:40:00,2025-06-13 02:56:00,3438.236,3443.747872222222,TP,5.351872222222236,16,0.4488357724800826,ml_v6,2025-06
244091,long,2025-06-13 03:10:00,2025-06-13 03:15:00,2025-06-13 03:16:00,3431.606,3428.1365486111113,SL,-3.6294513888888993,1,0.46024428819792507,ml_v6,2025-06
244094,long,2025-06-13 03:25:00,2025-06-13 03:30:00,2025-06-13 03:32:00,3430.268,3426.753458333333,SL,-3.6745416666666766,2,0.45143607473504344,ml_v6,2025-06
244096,long,2025-06-13 03:35:00,2025-06-13 03:40:00,2025-06-13 04:00:00,3427.732,3424.2151770833334,SL,-3.676822916666674,20,0.45695038265756605,ml_v6,2025-06
244102,long,2025-06-13 04:05:00,2025-06-13 04:10:00,2025-06-13 05:02:00,3427.877,3424.3170243055556,SL,-3.7199756944444498,52,0.45658467835954664,ml_v6,2025-06
244114,long,2025-06-13 05:05:00,2025-06-13 05:10:00,2025-06-13 05:23:00,3427.054,3423.4478819444444,SL,-3.7661180555555633,13,0.4412901105475807,ml_v6,2025-06
244311,short,2025-06-15 22:35:00,2025-06-15 22:40:00,2025-06-15 22:48:00,3446.024,3449.872628472222,SL,-4.0086284722222185,8,0.39630381375960577,ml_v6,2025-06
244476,short,2025-06-16 12:20:00,2025-06-16 12:25:00,2025-06-16 12:53:00,3413.64,3417.027927083333,SL,-3.5479270833333287,28,0.3948625383732297,ml_v6,2025-06
244523,long,2025-06-16 16:15:00,2025-06-16 16:20:00,2025-06-16 16:22:00,3400.998,3397.625611111111,SL,-3.5323888888888875,2,0.4448665394916269,ml_v6,2025-06
244526,long,2025-06-16 16:30:00,2025-06-16 16:35:00,2025-06-16 17:33:00,3399.63,3396.278760416667,SL,-3.5112395833333307,58,0.4411398305600174,ml_v6,2025-06
244559,long,2025-06-16 19:15:00,2025-06-16 19:20:00,2025-06-16 19:53:00,3383.084,3388.316394444444,TP,5.072394444444448,33,0.4405549095834915,ml_v6,2025-06
244578,long,2025-06-16 20:50:00,2025-06-16 20:55:00,2025-06-16 22:33:00,3384.489,3389.5936333333334,TP,4.944633333333343,34,0.4488792741733563,ml_v6,2025-06
244657,long,2025-06-17 04:25:00,2025-06-17 04:30:00,2025-06-17 04:46:00,3389.086,3394.012011111111,TP,4.766011111111105,16,0.44362967057886565,ml_v6,2025-06
244665,long,2025-06-17 05:05:00,2025-06-17 05:10:00,2025-06-17 06:02:00,3392.476,3389.407722222222,SL,-3.2282777777777754,52,0.4395408234066003,ml_v6,2025-06
244734,long,2025-06-17 10:50:00,2025-06-17 10:55:00,2025-06-17 11:38:00,3395.393,3392.37203125,SL,-3.1809687499999963,43,0.4470859352215034,ml_v6,2025-06
244745,long,2025-06-17 11:45:00,2025-06-17 11:50:00,2025-06-17 11:51:00,3395.118,3392.0877708333333,SL,-3.1902291666666627,1,0.4420445289061067,ml_v6,2025-06
244993,short,2025-06-18 09:25:00,2025-06-18 09:30:00,2025-06-18 09:50:00,3381.951,3377.44655,TP,4.344450000000022,20,0.395295037699944,ml_v6,2025-06
245196,long,2025-06-19 03:20:00,2025-06-19 03:25:00,2025-06-19 05:43:00,3372.379,3369.580684027778,SL,-2.9583159722221968,138,0.4451602831897493,ml_v6,2025-06
245279,long,2025-06-19 10:15:00,2025-06-19 10:20:00,2025-06-19 10:43:00,3374.14,3378.8909444444444,TP,4.590944444444389,23,0.4429185004267131,ml_v6,2025-06
245285,long,2025-06-19 10:45:00,2025-06-19 10:50:00,2025-06-19 11:06:00,3376.014,3373.0273298611114,SL,-3.1466701388888545,16,0.4410303130280162,ml_v6,2025-06
245291,long,2025-06-19 11:15:00,2025-06-19 11:20:00,2025-06-19 12:08:00,3372.874,3369.8921666666665,SL,-3.1418333333333006,48,0.4500263122202959,ml_v6,2025-06
245311,long,2025-06-19 12:55:00,2025-06-19 13:00:00,2025-06-19 13:04:00,3367.996,3365.050125,SL,-3.1058749999999757,4,0.4412946833553597,ml_v6,2025-06
245314,long,2025-06-19 13:10:00,2025-06-19 13:15:00,2025-06-19 13:26:00,3367.141,3364.1957256944447,SL,-3.105274305555535,11,0.440229169553248,ml_v6,2025-06
245333,long,2025-06-19 14:45:00,2025-06-19 14:50:00,2025-06-19 15:22:00,3364.966,3369.7189444444443,TP,4.592944444444433,32,0.45300419118355095,ml_v6,2025-06
245363,long,2025-06-19 22:00:00,2025-06-19 22:05:00,2025-06-19 22:09:00,3370.231,3367.366732638889,SL,-3.0242673611111086,4,0.4483589298945022,ml_v6,2025-06
245365,long,2025-06-19 22:10:00,2025-06-19 22:15:00,2025-06-19 23:23:00,3364.848,3369.4582833333334,TP,4.450283333333329,68,0.4505013828379978,ml_v6,2025-06
245380,long,2025-06-19 23:25:00,2025-06-19 23:30:00,2025-06-20 00:33:00,3368.334,3365.417284722222,SL,-3.076715277777778,63,0.44099234265999787,ml_v6,2025-06
245394,long,2025-06-20 00:35:00,2025-06-20 00:40:00,2025-06-20 01:10:00,3365.582,3362.796826388889,SL,-2.9451736111111133,30,0.46323074547394855,ml_v6,2025-06
245402,long,2025-06-20 01:15:00,2025-06-20 01:20:00,2025-06-20 01:47:00,3359.332,3363.6319944444444,TP,4.139994444444448,27,0.4598288377269161,ml_v6,2025-06
245409,long,2025-06-20 01:50:00,2025-06-20 01:55:00,2025-06-20 01:59:00,3358.755,3356.088559027778,SL,-2.8264409722222252,4,0.44986047124426454,ml_v6,2025-06
245411,long,2025-06-20 02:00:00,2025-06-20 02:05:00,2025-06-20 02:12:00,3359.925,3357.2536736111115,SL,-2.831326388888894,7,0.44827873836210497,ml_v6,2025-06
245414,long,2025-06-20 02:15:00,2025-06-20 02:20:00,2025-06-20 02:31:00,3358.092,3355.4106180555555,SL,-2.8413819444444472,11,0.45644661359937555,ml_v6,2025-06
245440,long,2025-06-20 04:25:00,2025-06-20 04:30:00,2025-06-20 04:54:00,3356.625,3353.9278611111113,SL,-2.857138888888893,24,0.4404739625697034,ml_v6,2025-06
245446,long,2025-06-20 04:55:00,2025-06-20 05:00:00,2025-06-20 05:24:00,3354.284,3351.594267361111,SL,-2.8497326388888906,24,0.44008062250654834,ml_v6,2025-06
245508,long,2025-06-20 10:05:00,2025-06-20 10:10:00,2025-06-20 11:05:00,3356.6,3353.843895833333,SL,-2.916104166666674,55,0.44651321546267353,ml_v6,2025-06
245639,short,2025-06-22 22:05:00,2025-06-22 22:10:00,2025-06-22 22:12:00,3381.156,3377.2491555555557,TP,3.7468444444444167,2,0.3977023434806657,ml_v6,2025-06
245641,short,2025-06-22 22:15:00,2025-06-22 22:20:00,2025-06-22 22:21:00,3381.795,3384.2465729166665,SL,-2.6115729166666473,1,0.4017038754606367,ml_v6,2025-06
245643,short,2025-06-22 22:25:00,2025-06-22 22:30:00,2025-06-22 22:31:00,3375.736,3378.211333333333,SL,-2.6353333333333153,1,0.404516636019403,ml_v6,2025-06
245645,short,2025-06-22 22:35:00,2025-06-22 22:40:00,2025-06-22 22:41:00,3376.542,3379.034954861111,SL,-2.6529548611110925,1,0.3976095995832527,ml_v6,2025-06
245842,short,2025-06-23 15:00:00,2025-06-23 15:05:00,2025-06-23 15:17:00,3385.845,3388.624569444444,SL,-2.9395694444444462,12,0.39482386951253,ml_v6,2025-06
245960,long,2025-06-24 01:50:00,2025-06-24 01:55:00,2025-06-24 02:09:00,3346.936,3352.025861111111,TP,4.9298611111111255,14,0.439702784036874,ml_v6,2025-06
245972,long,2025-06-24 02:50:00,2025-06-24 02:55:00,2025-06-24 03:35:00,3351.453,3356.4526833333334,TP,4.83968333333334,40,0.44335234698638426,ml_v6,2025-06
245993,long,2025-06-24 04:35:00,2025-06-24 04:40:00,2025-06-24 05:05:00,3349.129,3346.018434027778,SL,-3.2705659722222267,25,0.44565147184734355,ml_v6,2025-06
246080,short,2025-06-24 11:50:00,2025-06-24 11:55:00,2025-06-24 12:13:00,3319.856,3314.490527777778,TP,5.205472222222206,18,0.3957138030499663,ml_v6,2025-06
246085,short,2025-06-24 12:15:00,2025-06-24 12:20:00,2025-06-24 12:30:00,3315.85,3310.4383944444444,TP,5.25160555555554,10,0.39888099104659736,ml_v6,2025-06
246089,short,2025-06-24 12:35:00,2025-06-24 12:40:00,2025-06-24 12:49:00,3309.677,3313.0819097222225,SL,-3.5649097222222115,9,0.3979977310651299,ml_v6,2025-06
246092,short,2025-06-24 12:50:00,2025-06-24 12:55:00,2025-06-24 13:25:00,3316.874,3311.364944444444,TP,5.349055555555538,30,0.3998357442898567,ml_v6,2025-06
246100,short,2025-06-24 13:30:00,2025-06-24 13:35:00,2025-06-24 13:36:00,3308.774,3303.2581555555553,TP,5.355844444444432,1,0.39554336841804305,ml_v6,2025-06
246102,short,2025-06-24 13:40:00,2025-06-24 13:45:00,2025-06-24 13:46:00,3298.749,3302.2335902777777,SL,-3.6445902777777697,1,0.396129877899153,ml_v6,2025-06
246104,short,2025-06-24 13:50:00,2025-06-24 13:55:00,2025-06-24 14:02:00,3301.064,3304.57346875,SL,-3.6694687499999934,7,0.40049302316005764,ml_v6,2025-06
246107,short,2025-06-24 14:05:00,2025-06-24 14:10:00,2025-06-24 15:03:00,3306.853,3301.1971944444444,TP,5.495805555555545,53,0.39944589636668926,ml_v6,2025-06
246119,short,2025-06-24 15:05:00,2025-06-24 15:10:00,2025-06-24 15:20:00,3301.108,3304.5914548611113,SL,-3.6434548611111084,10,0.3999831056975158,ml_v6,2025-06
246530,long,2025-06-26 03:20:00,2025-06-26 03:25:00,2025-06-26 03:33:00,3340.594,3338.5539618055554,SL,-2.200038194444446,8,0.43915629441197424,ml_v6,2025-06
246534,long,2025-06-26 03:40:00,2025-06-26 03:45:00,2025-06-26 04:12:00,3338.172,3336.133642361111,SL,-2.198357638888891,27,0.44301502385606706,ml_v6,2025-06
246571,long,2025-06-26 06:45:00,2025-06-26 06:50:00,2025-06-26 07:02:00,3337.439,3340.7808277777776,TP,3.1818277777777753,12,0.44600870793128367,ml_v6,2025-06
246581,long,2025-06-26 07:35:00,2025-06-26 07:40:00,2025-06-26 08:56:00,3345.577,3348.9290722222227,TP,3.1920722222222175,76,0.44272775166668976,ml_v6,2025-06
246742,long,2025-06-26 22:00:00,2025-06-26 22:05:00,2025-06-26 22:06:00,3325.239,3322.9437743055555,SL,-2.45522569444444,1,0.46306373733493744,ml_v6,2025-06
246744,long,2025-06-26 22:10:00,2025-06-26 22:15:00,2025-06-26 22:16:00,3324.394,3322.1001736111107,SL,-2.4538263888888854,1,0.46849991988372336,ml_v6,2025-06
246746,long,2025-06-26 22:20:00,2025-06-26 22:25:00,2025-06-26 22:46:00,3321.874,3319.572170138889,SL,-2.461829861111107,21,0.4675111578717514,ml_v6,2025-06
246752,long,2025-06-26 22:50:00,2025-06-26 22:55:00,2025-06-26 23:32:00,3322.212,3319.8906145833334,SL,-2.4813854166666642,37,0.45613854518156427,ml_v6,2025-06
246761,long,2025-06-26 23:35:00,2025-06-26 23:40:00,2025-06-26 23:57:00,3319.38,3317.052017361111,SL,-2.4879826388888886,17,0.4602402086626001,ml_v6,2025-06
246845,short,2025-06-27 06:35:00,2025-06-27 06:40:00,2025-06-27 06:42:00,3287.57,3290.175631944445,SL,-2.765631944444446,2,0.39540451830760776,ml_v6,2025-06
246847,short,2025-06-27 06:45:00,2025-06-27 06:50:00,2025-06-27 06:53:00,3289.771,3292.390798611111,SL,-2.779798611111114,3,0.3954855602128522,ml_v6,2025-06
246851,short,2025-06-27 07:05:00,2025-06-27 07:10:00,2025-06-27 07:24:00,3288.201,3283.9679444444446,TP,4.073055555555565,14,0.39649804941249056,ml_v6,2025-06
246860,short,2025-06-27 07:50:00,2025-06-27 07:55:00,2025-06-27 08:14:00,3286.951,3282.691083333333,TP,4.099916666666676,19,0.3979943495203052,ml_v6,2025-06
246865,short,2025-06-27 08:15:00,2025-06-27 08:20:00,2025-06-27 08:45:00,3286.002,3288.6848333333332,SL,-2.8428333333333367,25,0.40143988545987985,ml_v6,2025-06
246877,short,2025-06-27 09:15:00,2025-06-27 09:20:00,2025-06-27 09:56:00,3287.207,3282.848788888889,TP,4.198211111111122,36,0.4006354286171644,ml_v6,2025-06
246896,short,2025-06-27 10:50:00,2025-06-27 10:55:00,2025-06-27 10:56:00,3281.921,3284.6933437499997,SL,-2.9323437500000096,1,0.40099875826815684,ml_v6,2025-06
246905,short,2025-06-27 11:35:00,2025-06-27 11:40:00,2025-06-27 11:51:00,3282.353,3277.8614666666667,TP,4.33153333333335,11,0.4059489800833208,ml_v6,2025-06
246909,short,2025-06-27 11:55:00,2025-06-27 12:00:00,2025-06-27 12:08:00,3281.358,3276.8311000000003,TP,4.366900000000018,8,0.4059712602153217,ml_v6,2025-06
246912,short,2025-06-27 12:10:00,2025-06-27 12:15:00,2025-06-27 12:22:00,3275.83,3278.7014930555556,SL,-3.031493055555566,7,0.40237248077539556,ml_v6,2025-06
246915,short,2025-06-27 12:25:00,2025-06-27 12:30:00,2025-06-27 12:35:00,3279.756,3275.1154555555554,TP,4.480544444444458,5,0.4041167488987819,ml_v6,2025-06
246918,short,2025-06-27 12:40:00,2025-06-27 12:45:00,2025-06-27 12:48:00,3271.098,3274.0219479166667,SL,-3.083947916666672,3,0.4043796333438418,ml_v6,2025-06
246920,short,2025-06-27 12:50:00,2025-06-27 12:55:00,2025-06-27 13:01:00,3271.371,3266.66725,TP,4.5437500000000055,6,0.4049763698896941,ml_v6,2025-06
246923,short,2025-06-27 13:05:00,2025-06-27 13:10:00,2025-06-27 13:11:00,3268.062,3263.3044055555556,TP,4.59759444444445,1,0.40495350787946993,ml_v6,2025-06
246925,short,2025-06-27 13:15:00,2025-06-27 13:20:00,2025-06-27 13:30:00,3261.064,3256.2743333333333,TP,4.6296666666666715,10,0.4023012260207195,ml_v6,2025-06
246929,short,2025-06-27 13:35:00,2025-06-27 13:40:00,2025-06-27 13:41:00,3259.949,3262.932333333333,SL,-3.1433333333333393,1,0.40612665970698425,ml_v6,2025-06
246931,short,2025-06-27 13:45:00,2025-06-27 13:50:00,2025-06-27 13:51:00,3269.608,3272.595138888889,SL,-3.147138888888895,1,0.39815010621196834,ml_v6,2025-06
246937,short,2025-06-27 14:15:00,2025-06-27 14:20:00,2025-06-27 14:24:00,3265.892,3268.8453819444444,SL,-3.113381944444453,4,0.40419171767041295,ml_v6,2025-06
246941,short,2025-06-27 14:35:00,2025-06-27 14:40:00,2025-06-27 14:57:00,3266.954,3269.9074236111114,SL,-3.113423611111118,17,0.39975106978849206,ml_v6,2025-06
246994,long,2025-06-27 19:00:00,2025-06-27 19:05:00,2025-06-27 19:16:00,3274.649,3271.7348333333334,SL,-3.074166666666672,11,0.4418159343521081,ml_v6,2025-06
246999,long,2025-06-27 19:25:00,2025-06-27 19:30:00,2025-06-29 22:11:00,3271.538,3268.6104097222224,SL,-3.087590277777785,94,0.4513442511336181,ml_v6,2025-06
247020,short,2025-06-29 22:15:00,2025-06-29 22:20:00,2025-06-29 22:22:00,3261.327,3256.566277777778,TP,4.600722222222229,2,0.4016817026053686,ml_v6,2025-06
247022,short,2025-06-29 22:25:00,2025-06-29 22:30:00,2025-06-29 22:31:00,3249.621,3252.6441805555555,SL,-3.1831805555555586,1,0.3961058500471978,ml_v6,2025-06
247079,long,2025-06-30 03:10:00,2025-06-30 03:15:00,2025-06-30 04:24:00,3280.767,3277.5398541666664,SL,-3.3871458333333355,69,0.4497445266162243,ml_v6,2025-06
247114,short,2025-06-30 06:05:00,2025-06-30 06:10:00,2025-06-30 06:34:00,3290.126,3293.283423611111,SL,-3.3174236111111166,24,0.3962675112992152,ml_v6,2025-06
247120,short,2025-06-30 06:35:00,2025-06-30 06:40:00,2025-06-30 08:39:00,3294.601,3289.601311111111,TP,4.839688888888899,119,0.3962033234744664,ml_v6,2025-06
247147,short,2025-06-30 08:50:00,2025-06-30 08:55:00,2025-06-30 09:06:00,3290.202,3285.3992555555556,TP,4.642744444444451,11,0.3982822272733614,ml_v6,2025-06
247303,short,2025-06-30 22:50:00,2025-06-30 22:55:00,2025-07-01 00:58:00,3312.113,3314.6885937499997,SL,-2.735593750000001,123,0.39570677188663456,ml_v6,2025-06
247328,short,2025-07-01 00:55:00,2025-07-01 01:00:00,2025-07-01 01:05:00,3314.663,3317.040701388889,SL,-2.5377013888888884,5,0.39468419049631887,ml_v6,2025-07
247348,long,2025-07-01 02:35:00,2025-07-01 02:40:00,2025-07-01 03:21:00,3316.34,3320.0326444444445,TP,3.5326444444444363,41,0.4506177861822198,ml_v6,2025-07
247379,short,2025-07-01 05:10:00,2025-07-01 05:15:00,2025-07-01 05:32:00,3328.315,3330.5479444444445,SL,-2.392944444444442,17,0.3917399296606713,ml_v6,2025-07
247384,short,2025-07-01 05:35:00,2025-07-01 05:40:00,2025-07-01 06:07:00,3330.922,3327.350161111111,TP,3.411838888888882,27,0.39658797775160604,ml_v6,2025-07
247406,short,2025-07-01 07:25:00,2025-07-01 07:30:00,2025-07-01 07:37:00,3338.599,3334.994705555556,TP,3.4442944444444272,7,0.39556419347178273,ml_v6,2025-07
247411,short,2025-07-01 07:50:00,2025-07-01 07:55:00,2025-07-01 08:03:00,3339.316,3341.5746076388887,SL,-2.418607638888879,8,0.39414028321158223,ml_v6,2025-07
247417,short,2025-07-01 08:20:00,2025-07-01 08:25:00,2025-07-01 09:23:00,3340.174,3342.442017361111,SL,-2.4280173611111,58,0.3922056356514626,ml_v6,2025-07
247430,short,2025-07-01 09:25:00,2025-07-01 09:30:00,2025-07-01 09:35:00,3342.905,3345.149871527778,SL,-2.404871527777764,5,0.39398575817000203,ml_v6,2025-07
247433,short,2025-07-01 09:40:00,2025-07-01 09:45:00,2025-07-01 10:12:00,3345.923,3348.1635173611107,SL,-2.4005173611110964,27,0.4024553844774895,ml_v6,2025-07
247440,short,2025-07-01 10:15:00,2025-07-01 10:20:00,2025-07-01 10:57:00,3347.369,3349.6033333333335,SL,-2.3943333333333188,37,0.39795585964571767,ml_v6,2025-07
247449,short,2025-07-01 11:00:00,2025-07-01 11:05:00,2025-07-01 11:35:00,3351.667,3348.1595944444443,TP,3.347405555555536,30,0.3999399343575173,ml_v6,2025-07
247457,short,2025-07-01 11:40:00,2025-07-01 11:45:00,2025-07-01 11:52:00,3348.52,3350.730579861111,SL,-2.3705798611111,7,0.39164122436892324,ml_v6,2025-07
247460,short,2025-07-01 11:55:00,2025-07-01 12:00:00,2025-07-01 12:15:00,3348.99,3351.209107638889,SL,-2.379107638888878,15,0.3929354051197701,ml_v6,2025-07
247465,short,2025-07-01 12:20:00,2025-07-01 12:25:00,2025-07-01 12:31:00,3353.68,3350.1413222222222,TP,3.3786777777777575,6,0.39251921568762593,ml_v6,2025-07
247468,short,2025-07-01 12:35:00,2025-07-01 12:40:00,2025-07-01 12:41:00,3353.492,3355.712,SL,-2.379999999999988,1,0.39190884922396474,ml_v6,2025-07
247470,short,2025-07-01 12:45:00,2025-07-01 12:50:00,2025-07-01 12:51:00,3354.5,3356.7396041666666,SL,-2.399604166666654,1,0.3926552334870034,ml_v6,2025-07
247472,short,2025-07-01 12:55:00,2025-07-01 13:00:00,2025-07-01 13:06:00,3354.643,3351.0494833333332,TP,3.433516666666647,6,0.3918358037317925,ml_v6,2025-07
247581,short,2025-07-01 23:00:00,2025-07-01 23:05:00,2025-07-01 23:15:00,3337.347,3339.5365625000004,SL,-2.349562499999975,10,0.3936612257803612,ml_v6,2025-07
247594,long,2025-07-02 00:05:00,2025-07-02 00:10:00,2025-07-02 00:19:00,3342.533,3340.3443368055555,SL,-2.3486631944444163,9,0.46164718735252974,ml_v6,2025-07
247597,long,2025-07-02 00:20:00,2025-07-02 00:25:00,2025-07-02 00:28:00,3340.775,3338.5716770833333,SL,-2.363322916666639,3,0.45108492563341884,ml_v6,2025-07
247601,long,2025-07-02 00:40:00,2025-07-02 00:45:00,2025-07-02 01:00:00,3336.669,3340.225822222222,TP,3.396822222222185,15,0.4541366620826398,ml_v6,2025-07
247609,long,2025-07-02 01:20:00,2025-07-02 01:25:00,2025-07-02 01:39:00,3334.366,3332.1171458333333,SL,-2.4088541666666434,14,0.4523612620768832,ml_v6,2025-07
247613,long,2025-07-02 01:40:00,2025-07-02 01:45:00,2025-07-02 02:03:00,3333.23,3330.9635,SL,-2.4264999999999795,18,0.47393867174050597,ml_v6,2025-07
247624,long,2025-07-02 02:35:00,2025-07-02 02:40:00,2025-07-02 02:52:00,3332.523,3336.170016666667,TP,3.487016666666637,12,0.45213161542375224,ml_v6,2025-07
247633,long,2025-07-02 03:20:00,2025-07-02 03:25:00,2025-07-02 05:30:00,3339.793,3343.4268166666666,TP,3.473816666666634,125,0.46322138731971413,ml_v6,2025-07
247678,short,2025-07-02 07:05:00,2025-07-02 07:10:00,2025-07-02 07:12:00,3329.605,3331.8691458333333,SL,-2.4241458333333195,2,0.39991649483095937,ml_v6,2025-07
247680,short,2025-07-02 07:15:00,2025-07-02 07:20:00,2025-07-02 07:46:00,3330.021,3332.302201388889,SL,-2.441201388888876,26,0.3995899656857186,ml_v6,2025-07
247756,short,2025-07-02 13:35:00,2025-07-02 13:40:00,2025-07-02 13:41:00,3339.955,3342.2785416666666,SL,-2.4835416666666568,1,0.3929297724808388,ml_v6,2025-07
247758,short,2025-07-02 13:45:00,2025-07-02 13:50:00,2025-07-02 14:44:00,3337.312,3339.64621875,SL,-2.494218749999993,54,0.3936000714148217,ml_v6,2025-07
247770,short,2025-07-02 14:45:00,2025-07-02 14:50:00,2025-07-02 14:55:00,3340.219,3342.525940972222,SL,-2.4669409722222126,5,0.39117060099493794,ml_v6,2025-07
247774,short,2025-07-02 15:05:00,2025-07-02 15:10:00,2025-07-02 16:04:00,3341.598,3343.876854166667,SL,-2.438854166666654,54,0.392435202940815,ml_v6,2025-07
247953,long,2025-07-03 07:00:00,2025-07-03 07:05:00,2025-07-03 07:07:00,3360.873,3358.7384583333333,SL,-2.2945416666666656,2,0.4541997385661951,ml_v6,2025-07
248090,long,2025-07-03 18:25:00,2025-07-03 18:30:00,2025-07-03 20:14:00,3329.207,3326.9451805555555,SL,-2.4218194444444396,104,0.4512656895293863,ml_v6,2025-07
248112,long,2025-07-03 20:15:00,2025-07-03 20:20:00,2025-07-03 22:02:00,3327.141,3324.907263888889,SL,-2.3937361111111057,38,0.5479616339124593,ml_v6,2025-07
248122,long,2025-07-03 22:05:00,2025-07-03 22:10:00,2025-07-03 22:49:00,3324.621,3328.1804555555555,TP,3.3994555555555515,39,0.482693906606687,ml_v6,2025-07
248131,long,2025-07-03 22:50:00,2025-07-03 22:55:00,2025-07-04 00:13:00,3328.534,3326.3082534722225,SL,-2.3857465277777745,78,0.48669938626211695,ml_v6,2025-07
248148,long,2025-07-04 00:15:00,2025-07-04 00:20:00,2025-07-04 00:50:00,3327.224,3330.7228444444445,TP,3.338844444444447,30,0.4936924246999969,ml_v6,2025-07
248156,long,2025-07-04 00:55:00,2025-07-04 01:00:00,2025-07-04 01:02:00,3328.948,3326.7882256944445,SL,-2.319774305555552,2,0.47020746642382205,ml_v6,2025-07
248160,long,2025-07-04 01:15:00,2025-07-04 01:20:00,2025-07-04 01:35:00,3332.532,3330.373684027778,SL,-2.318315972222217,15,0.45444547601145435,ml_v6,2025-07
248165,long,2025-07-04 01:40:00,2025-07-04 01:45:00,2025-07-04 02:12:00,3331.104,3328.935829861111,SL,-2.3281701388888827,27,0.4551664807039716,ml_v6,2025-07
248180,long,2025-07-04 02:55:00,2025-07-04 03:00:00,2025-07-04 03:18:00,3327.29,3330.697833333333,TP,3.2478333333333227,18,0.45211253103499865,ml_v6,2025-07
248185,long,2025-07-04 03:20:00,2025-07-04 03:25:00,2025-07-04 03:33:00,3331.318,3334.726594444445,TP,3.2485944444444375,8,0.4628331319601806,ml_v6,2025-07
248188,long,2025-07-04 03:35:00,2025-07-04 03:40:00,2025-07-04 04:16:00,3337.413,3340.8438,TP,3.2707999999999964,36,0.45464510302554023,ml_v6,2025-07
248313,short,2025-07-04 14:00:00,2025-07-04 14:05:00,2025-07-04 16:38:00,3333.358,3335.210479166667,SL,-2.01247916666667,153,0.3959380189026528,ml_v6,2025-07
248349,short,2025-07-06 22:20:00,2025-07-06 22:25:00,2025-07-06 22:31:00,3333.855,3335.458666666667,SL,-1.7636666666666705,6,0.3961140612209969,ml_v6,2025-07
248354,short,2025-07-06 22:45:00,2025-07-06 22:50:00,2025-07-06 23:10:00,3333.922,3331.3531166666667,TP,2.4088833333333377,20,0.39232812319647603,ml_v6,2025-07
248373,short,2025-07-07 00:20:00,2025-07-07 00:25:00,2025-07-07 00:44:00,3323.452,3325.0967222222225,SL,-1.80472222222222,19,0.3909774968470269,ml_v6,2025-07
248388,long,2025-07-07 01:35:00,2025-07-07 01:40:00,2025-07-07 01:47:00,3316.621,3319.49255,TP,2.7115499999999946,7,0.4538583569434641,ml_v6,2025-07
248391,long,2025-07-07 01:50:00,2025-07-07 01:55:00,2025-07-07 02:05:00,3316.759,3314.9459270833336,SL,-1.973072916666665,10,0.4624195092311032,ml_v6,2025-07
248396,long,2025-07-07 02:15:00,2025-07-07 02:20:00,2025-07-07 02:32:00,3314.156,3312.3084131944443,SL,-2.007586805555551,12,0.45346286408228265,ml_v6,2025-07
248401,long,2025-07-07 02:40:00,2025-07-07 02:45:00,2025-07-07 02:48:00,3309.486,3307.607631944444,SL,-2.03836805555555,3,0.4560351946442027,ml_v6,2025-07
248403,long,2025-07-07 02:50:00,2025-07-07 02:55:00,2025-07-07 03:09:00,3308.037,3311.0676555555556,TP,2.870655555555543,14,0.4535754988606099,ml_v6,2025-07
248407,long,2025-07-07 03:10:00,2025-07-07 03:15:00,2025-07-07 03:22:00,3312.16,3315.2238166666666,TP,2.903816666666652,7,0.45798379274443934,ml_v6,2025-07
248410,long,2025-07-07 03:25:00,2025-07-07 03:30:00,2025-07-07 03:31:00,3313.061,3311.1401631944445,SL,-2.0808368055555464,1,0.4580828886715663,ml_v6,2025-07
248415,long,2025-07-07 03:50:00,2025-07-07 03:55:00,2025-07-07 04:21:00,3310.384,3308.445652777778,SL,-2.0983472222222135,26,0.46827085416289815,ml_v6,2025-07
248422,long,2025-07-07 04:25:00,2025-07-07 04:30:00,2025-07-07 04:44:00,3307.429,3305.4679583333336,SL,-2.121041666666658,14,0.4613586760966828,ml_v6,2025-07
248426,long,2025-07-07 04:45:00,2025-07-07 04:50:00,2025-07-07 05:07:00,3306.454,3309.6170666666667,TP,3.003066666666653,17,0.45284881002165533,ml_v6,2025-07
248501,short,2025-07-07 11:00:00,2025-07-07 11:05:00,2025-07-07 11:07:00,3301.363,3303.5747291666667,SL,-2.3717291666666576,2,0.3908998617972069,ml_v6,2025-07
248506,short,2025-07-07 11:25:00,2025-07-07 11:30:00,2025-07-07 11:54:00,3302.379,3304.615888888889,SL,-2.3968888888888817,24,0.3932723352755242,ml_v6,2025-07
248625,short,2025-07-07 22:20:00,2025-07-07 22:25:00,2025-07-07 23:02:00,3342.183,3338.2461777777776,TP,3.776822222222218,37,0.3932082718477642,ml_v6,2025-07
248648,short,2025-07-08 00:15:00,2025-07-08 00:20:00,2025-07-08 01:37:00,3333.637,3336.1081597222224,SL,-2.631159722222219,77,0.39304764066588216,ml_v6,2025-07
248676,short,2025-07-08 02:35:00,2025-07-08 02:40:00,2025-07-08 02:46:00,3335.209,3337.600829861111,SL,-2.5518298611111057,6,0.3948812111262373,ml_v6,2025-07
248681,short,2025-07-08 03:00:00,2025-07-08 03:05:00,2025-07-08 04:30:00,3333.073,3329.247772222222,TP,3.6652277777777686,85,0.39157886048594037,ml_v6,2025-07
248701,short,2025-07-08 04:40:00,2025-07-08 04:45:00,2025-07-08 05:12:00,3330.493,3332.8023993055554,SL,-2.4693993055555588,27,0.39384666820803205,ml_v6,2025-07
248712,short,2025-07-08 05:35:00,2025-07-08 05:40:00,2025-07-08 06:11:00,3335.272,3331.5998,TP,3.512200000000003,31,0.3932299538497023,ml_v6,2025-07
248720,short,2025-07-08 06:15:00,2025-07-08 06:20:00,2025-07-08 06:23:00,3331.859,3334.14496875,SL,-2.4459687499999982,3,0.3912763247336083,ml_v6,2025-07
248722,short,2025-07-08 06:25:00,2025-07-08 06:30:00,2025-07-08 07:00:00,3334.624,3336.9191874999997,SL,-2.455187499999999,30,0.39376696442019277,ml_v6,2025-07
248730,long,2025-07-08 07:05:00,2025-07-08 07:10:00,2025-07-08 07:19:00,3338.769,3336.4966527777774,SL,-2.432347222222223,9,0.465738494620882,ml_v6,2025-07
248872,long,2025-07-08 18:55:00,2025-07-08 19:00:00,2025-07-08 19:10:00,3305.438,3303.0933194444447,SL,-2.5046805555555496,10,0.454677112347031,ml_v6,2025-07
248876,long,2025-07-08 19:15:00,2025-07-08 19:20:00,2025-07-08 20:36:00,3303.527,3301.181951388889,SL,-2.5050486111111043,76,0.49132268253451444,ml_v6,2025-07
248893,long,2025-07-08 20:40:00,2025-07-08 20:45:00,2025-07-08 23:35:00,3301.618,3299.3057291666664,SL,-2.4722708333333276,106,0.5205051373533744,ml_v6,2025-07
248950,long,2025-07-09 02:25:00,2025-07-09 02:30:00,2025-07-09 02:36:00,3302.569,3300.242208333333,SL,-2.4867916666666603,6,0.45820559097247937,ml_v6,2025-07
248971,long,2025-07-09 04:10:00,2025-07-09 04:15:00,2025-07-09 05:03:00,3295.656,3293.267951388889,SL,-2.5480486111111107,48,0.4535675743822876,ml_v6,2025-07
248988,short,2025-07-09 05:35:00,2025-07-09 05:40:00,2025-07-09 05:42:00,3291.071,3293.4835590277776,SL,-2.572559027777778,2,0.3914802173222237,ml_v6,2025-07
248990,short,2025-07-09 05:45:00,2025-07-09 05:50:00,2025-07-09 06:23:00,3291.121,3287.25185,TP,3.7091500000000006,33,0.39421317969214253,ml_v6,2025-07
249020,short,2025-07-09 08:15:00,2025-07-09 08:20:00,2025-07-09 08:37:00,3286.681,3282.673261111111,TP,3.8477388888888973,17,0.39220170579044006,ml_v6,2025-07
249025,short,2025-07-09 08:40:00,2025-07-09 08:45:00,2025-07-09 08:50:00,3287.036,3289.548298611111,SL,-2.6722986111111124,5,0.3925505975331002,ml_v6,2025-07
249059,short,2025-07-09 11:30:00,2025-07-09 11:35:00,2025-07-09 12:06:00,3286.014,3288.4946805555555,SL,-2.6406805555555564,31,0.39479949568163686,ml_v6,2025-07
249099,short,2025-07-09 14:50:00,2025-07-09 14:55:00,2025-07-09 15:14:00,3311.862,3307.784,TP,3.918,19,0.39370546732794576,ml_v6,2025-07
249104,short,2025-07-09 15:15:00,2025-07-09 15:20:00,2025-07-09 15:51:00,3308.062,3310.5744131944443,SL,-2.672413194444444,31,0.3954160759295159,ml_v6,2025-07
249115,short,2025-07-09 16:10:00,2025-07-09 16:15:00,2025-07-09 17:10:00,3310.928,3313.33546875,SL,-2.567468750000007,55,0.3909391859615975,ml_v6,2025-07
249128,short,2025-07-09 17:15:00,2025-07-09 17:20:00,2025-07-09 17:57:00,3312.334,3308.551111111111,TP,3.6228888888889,37,0.39827624617675894,ml_v6,2025-07
249137,short,2025-07-09 18:00:00,2025-07-09 18:05:00,2025-07-09 18:17:00,3309.009,3311.3222569444447,SL,-2.4732569444444503,12,0.3982174759970104,ml_v6,2025-07
249141,short,2025-07-09 18:20:00,2025-07-09 18:25:00,2025-07-09 19:03:00,3311.561,3313.857809027778,SL,-2.4568090277777834,38,0.39181875680338674,ml_v6,2025-07
249408,short,2025-07-10 17:35:00,2025-07-10 17:40:00,2025-07-10 18:49:00,3317.59,3319.530649305556,SL,-2.1006493055555624,69,0.39179667075911084,ml_v6,2025-07
249437,long,2025-07-10 20:00:00,2025-07-10 20:05:00,2025-07-10 22:52:00,3324.834,3322.9455763888886,SL,-2.048423611111119,103,0.4546157328789496,ml_v6,2025-07
249463,long,2025-07-10 23:10:00,2025-07-10 23:15:00,2025-07-11 00:12:00,3323.954,3326.957911111111,TP,2.843911111111115,57,0.455865621793725,ml_v6,2025-07
249524,long,2025-07-11 04:15:00,2025-07-11 04:20:00,2025-07-11 04:27:00,3333.615,3331.6763402777774,SL,-2.0986597222222154,7,0.452900808794932,ml_v6,2025-07
249748,long,2025-07-14 00:00:00,2025-07-14 00:05:00,2025-07-14 00:24:00,3365.929,3369.650166666667,TP,3.561166666666639,19,0.4622019153899418,ml_v6,2025-07
249762,long,2025-07-14 01:10:00,2025-07-14 01:15:00,2025-07-14 01:22:00,3365.327,3362.9241631944446,SL,-2.5628368055555426,7,0.4526401079315442,ml_v6,2025-07
249868,short,2025-07-14 10:00:00,2025-07-14 10:05:00,2025-07-14 11:30:00,3373.023,3369.11875,TP,3.744249999999982,85,0.3931219080532723,ml_v6,2025-07
249943,long,2025-07-14 16:15:00,2025-07-14 16:20:00,2025-07-14 17:27:00,3346.731,3350.5563833333335,TP,3.6653833333333177,67,0.4513917733262022,ml_v6,2025-07
249979,long,2025-07-14 19:15:00,2025-07-14 19:20:00,2025-07-14 19:27:00,3350.408,3348.1241666666665,SL,-2.443833333333331,7,0.4634148423038449,ml_v6,2025-07
249983,long,2025-07-14 19:35:00,2025-07-14 19:40:00,2025-07-14 19:45:00,3347.972,3345.7031493055556,SL,-2.4288506944444435,5,0.45595926710256424,ml_v6,2025-07
250015,short,2025-07-14 23:15:00,2025-07-14 23:20:00,2025-07-15 00:10:00,3344.59,3346.7964375,SL,-2.366437499999996,50,0.39225031812111455,ml_v6,2025-07
250088,short,2025-07-15 05:20:00,2025-07-15 05:25:00,2025-07-15 06:00:00,3364.32,3361.167477777778,TP,2.992522222222238,35,0.3925673431024944,ml_v6,2025-07
250191,short,2025-07-15 13:55:00,2025-07-15 14:00:00,2025-07-15 14:04:00,3346.46,3343.174488888889,TP,3.125511111111118,4,0.39216269050490193,ml_v6,2025-07
250193,short,2025-07-15 14:05:00,2025-07-15 14:10:00,2025-07-15 14:25:00,3346.522,3348.5788854166667,SL,-2.2168854166666723,15,0.39531173799883657,ml_v6,2025-07
250198,short,2025-07-15 14:30:00,2025-07-15 14:35:00,2025-07-15 14:48:00,3351.006,3347.7143166666665,TP,3.1316833333333474,13,0.3999259123648339,ml_v6,2025-07
250202,short,2025-07-15 14:50:00,2025-07-15 14:55:00,2025-07-15 15:01:00,3346.764,3348.8246631944444,SL,-2.2206631944444526,6,0.3929048428381615,ml_v6,2025-07
250205,short,2025-07-15 15:05:00,2025-07-15 15:10:00,2025-07-15 15:19:00,3346.772,3343.4897444444446,TP,3.122255555555568,9,0.39290476833235555,ml_v6,2025-07
250255,long,2025-07-15 19:15:00,2025-07-15 19:20:00,2025-07-15 20:49:00,3328.068,3325.9937430555556,SL,-2.234256944444448,89,0.4824786244374998,ml_v6,2025-07
250274,long,2025-07-15 20:50:00,2025-07-15 20:55:00,2025-07-15 23:11:00,3324.868,3328.1889666666666,TP,3.1609666666666736,72,0.4698804691450988,ml_v6,2025-07
250291,long,2025-07-15 23:15:00,2025-07-15 23:20:00,2025-07-16 00:33:00,3328.509,3331.8180333333335,TP,3.149033333333347,73,0.4531585292799447,ml_v6,2025-07
250570,long,2025-07-16 23:30:00,2025-07-16 23:35:00,2025-07-16 23:54:00,3347.862,3345.346201388889,SL,-2.675798611111107,19,0.45417864464284197,ml_v6,2025-07
250576,long,2025-07-17 00:00:00,2025-07-17 00:05:00,2025-07-17 00:13:00,3345.857,3343.32540625,SL,-2.6915937499999973,8,0.461016313480476,ml_v6,2025-07
250579,long,2025-07-17 00:15:00,2025-07-17 00:20:00,2025-07-17 00:44:00,3344.533,3341.99375,SL,-2.6992499999999975,24,0.4651536960335489,ml_v6,2025-07
250585,long,2025-07-17 00:45:00,2025-07-17 00:50:00,2025-07-17 01:06:00,3340.962,3338.4182638888888,SL,-2.703736111111111,16,0.4515587020948124,ml_v6,2025-07
250626,long,2025-07-17 04:10:00,2025-07-17 04:15:00,2025-07-17 04:39:00,3339.223,3343.3061666666667,TP,3.9231666666666785,24,0.45285703659069987,ml_v6,2025-07
250635,long,2025-07-17 04:55:00,2025-07-17 05:00:00,2025-07-17 05:11:00,3342.718,3340.1681423611108,SL,-2.7098576388888933,11,0.4507133650808274,ml_v6,2025-07
250670,short,2025-07-17 07:50:00,2025-07-17 07:55:00,2025-07-17 08:14:00,3326.86,3329.4979756944444,SL,-2.7979756944444527,19,0.39094756041418843,ml_v6,2025-07
250717,short,2025-07-17 11:45:00,2025-07-17 11:50:00,2025-07-17 12:22:00,3323.963,3326.6543784722226,SL,-2.851378472222226,32,0.3932924369419747,ml_v6,2025-07
250879,long,2025-07-18 02:15:00,2025-07-18 02:20:00,2025-07-18 02:31:00,3343.503,3341.54121875,SL,-2.121781250000006,11,0.4643274874818756,ml_v6,2025-07
251096,long,2025-07-18 20:20:00,2025-07-18 20:25:00,2025-07-20 22:08:00,3349.848,3348.152309027778,SL,-1.8556909722222392,36,0.45613227317452765,ml_v6,2025-07
251107,short,2025-07-20 22:20:00,2025-07-20 22:25:00,2025-07-20 23:54:00,3347.569,3349.2960625,SL,-1.8870625000000134,89,0.3913163045490914,ml_v6,2025-07
251131,short,2025-07-21 00:20:00,2025-07-21 00:25:00,2025-07-21 00:30:00,3350.316,3352.0345277777774,SL,-1.878527777777786,5,0.39231646796503583,ml_v6,2025-07
251147,long,2025-07-21 01:40:00,2025-07-21 01:45:00,2025-07-21 01:48:00,3356.811,3355.0662152777777,SL,-1.9047847222222287,3,0.4615707962871443,ml_v6,2025-07
251149,long,2025-07-21 01:50:00,2025-07-21 01:55:00,2025-07-21 02:01:00,3357.013,3355.26125,SL,-1.9117500000000058,6,0.45484631003426357,ml_v6,2025-07
251152,long,2025-07-21 02:05:00,2025-07-21 02:10:00,2025-07-21 02:30:00,3354.599,3357.3893888888892,TP,2.630388888888894,20,0.4558418659699005,ml_v6,2025-07
251158,long,2025-07-21 02:35:00,2025-07-21 02:40:00,2025-07-21 02:50:00,3354.067,3352.3343229166667,SL,-1.892677083333338,10,0.4641512983497763,ml_v6,2025-07
251162,long,2025-07-21 02:55:00,2025-07-21 03:00:00,2025-07-21 03:36:00,3354.163,3352.440472222222,SL,-1.8825277777777816,36,0.45170946909329307,ml_v6,2025-07
251171,long,2025-07-21 03:40:00,2025-07-21 03:45:00,2025-07-21 04:05:00,3352.433,3350.720798611111,SL,-1.8722013888888938,20,0.46547376090829395,ml_v6,2025-07
251193,short,2025-07-21 05:30:00,2025-07-21 05:35:00,2025-07-21 06:03:00,3368.925,3366.144027777778,TP,2.6209722222222336,28,0.3911171952332192,ml_v6,2025-07
251208,short,2025-07-21 06:45:00,2025-07-21 06:50:00,2025-07-21 07:00:00,3370.218,3367.420872222222,TP,2.6371277777777866,10,0.3924611309612923,ml_v6,2025-07
251212,short,2025-07-21 07:05:00,2025-07-21 07:10:00,2025-07-21 07:18:00,3369.156,3366.3496277777776,TP,2.646372222222232,8,0.3933655867422753,ml_v6,2025-07
251255,short,2025-07-21 10:40:00,2025-07-21 10:45:00,2025-07-21 10:58:00,3363.538,3365.224597222222,SL,-1.8465972222222324,13,0.3922944589499525,ml_v6,2025-07
251260,short,2025-07-21 11:05:00,2025-07-21 11:10:00,2025-07-21 11:14:00,3367.892,3369.57115625,SL,-1.8391562500000116,4,0.3917886919530875,ml_v6,2025-07
251262,short,2025-07-21 11:15:00,2025-07-21 11:20:00,2025-07-21 11:25:00,3370.313,3371.989072916667,SL,-1.8360729166666772,5,0.394046867832058,ml_v6,2025-07
251265,short,2025-07-21 11:30:00,2025-07-21 11:35:00,2025-07-21 11:43:00,3371.95,3373.630534722222,SL,-1.8405347222222337,8,0.39117952679049306,ml_v6,2025-07
251269,short,2025-07-21 11:50:00,2025-07-21 11:55:00,2025-07-21 11:59:00,3373.696,3375.3767013888887,SL,-1.8407013888888997,4,0.39102458451639943,ml_v6,2025-07
251281,short,2025-07-21 12:50:00,2025-07-21 12:55:00,2025-07-21 13:04:00,3387.068,3388.790010416667,SL,-1.882010416666674,9,0.3912401596153908,ml_v6,2025-07
251418,short,2025-07-22 01:15:00,2025-07-22 01:20:00,2025-07-22 01:41:00,3391.877,3388.992133333333,TP,2.7248666666666685,21,0.39414464925181203,ml_v6,2025-07
251561,short,2025-07-22 13:10:00,2025-07-22 13:15:00,2025-07-22 13:16:00,3410.048,3411.902600694444,SL,-2.014600694444443,1,0.39259939883601,ml_v6,2025-07
251564,short,2025-07-22 13:25:00,2025-07-22 13:30:00,2025-07-22 13:32:00,3415.559,3417.4219131944446,SL,-2.0229131944444423,2,0.39387742672812276,ml_v6,2025-07
251566,short,2025-07-22 13:35:00,2025-07-22 13:40:00,2025-07-22 13:43:00,3416.158,3418.0247743055556,SL,-2.0267743055555534,3,0.39422045145880513,ml_v6,2025-07
251583,short,2025-07-22 15:00:00,2025-07-22 15:05:00,2025-07-22 15:09:00,3429.758,3426.6513555555553,TP,2.9466444444444364,4,0.39470655713927083,ml_v6,2025-07
251646,long,2025-07-22 20:15:00,2025-07-22 20:20:00,2025-07-22 20:38:00,3430.578,3428.6184722222224,SL,-2.1195277777777766,18,0.45641393312789624,ml_v6,2025-07
251670,short,2025-07-22 23:15:00,2025-07-22 23:20:00,2025-07-23 00:03:00,3428.579,3430.5686875,SL,-2.1496874999999993,43,0.3969007978285485,ml_v6,2025-07
251680,long,2025-07-23 00:05:00,2025-07-23 00:10:00,2025-07-23 00:21:00,3431.84,3435.0874944444445,TP,3.0874944444444496,11,0.454760162254411,ml_v6,2025-07
251690,long,2025-07-23 00:55:00,2025-07-23 01:00:00,2025-07-23 01:04:00,3428.852,3426.7885555555554,SL,-2.223444444444449,4,0.46244652736533964,ml_v6,2025-07
251799,short,2025-07-23 10:00:00,2025-07-23 10:05:00,2025-07-23 10:12:00,3427.746,3424.2452555555556,TP,3.3407444444444545,7,0.3932064721430474,ml_v6,2025-07
251847,short,2025-07-23 14:00:00,2025-07-23 14:05:00,2025-07-23 14:07:00,3416.619,3418.9916006944445,SL,-2.5326006944444517,2,0.3917939016665154,ml_v6,2025-07
251849,short,2025-07-23 14:10:00,2025-07-23 14:15:00,2025-07-23 14:21:00,3416.785,3412.996222222222,TP,3.628777777777788,6,0.3937285641277962,ml_v6,2025-07
251854,short,2025-07-23 14:35:00,2025-07-23 14:40:00,2025-07-23 14:51:00,3416.378,3412.6090055555555,TP,3.608994444444459,11,0.39245180283438497,ml_v6,2025-07
251879,short,2025-07-23 16:40:00,2025-07-23 16:45:00,2025-07-23 16:55:00,3389.934,3386.118266666667,TP,3.655733333333343,10,0.3909961571463742,ml_v6,2025-07
251917,long,2025-07-23 19:50:00,2025-07-23 19:55:00,2025-07-23 19:57:00,3391.827,3389.4162638888893,SL,-2.5707361111111235,2,0.4578878300004513,ml_v6,2025-07
251919,long,2025-07-23 20:00:00,2025-07-23 20:05:00,2025-07-23 20:57:00,3388.627,3386.206472222222,SL,-2.580527777777794,52,0.4559148123544453,ml_v6,2025-07
251933,long,2025-07-23 22:10:00,2025-07-23 22:15:00,2025-07-23 22:19:00,3391.183,3388.7401493055554,SL,-2.6028506944444594,4,0.46360106935010237,ml_v6,2025-07
251958,long,2025-07-24 00:15:00,2025-07-24 00:20:00,2025-07-24 01:07:00,3390.315,3387.86625,SL,-2.608750000000012,47,0.46773607835356856,ml_v6,2025-07
252017,short,2025-07-24 05:10:00,2025-07-24 05:15:00,2025-07-24 05:43:00,3380.019,3376.1487944444443,TP,3.7102055555555715,28,0.3916776617535748,ml_v6,2025-07
252024,short,2025-07-24 05:45:00,2025-07-24 05:50:00,2025-07-24 06:08:00,3378.955,3375.0154666666667,TP,3.779533333333351,18,0.40186123452273986,ml_v6,2025-07
252029,short,2025-07-24 06:10:00,2025-07-24 06:15:00,2025-07-24 06:19:00,3375.392,3377.8656701388886,SL,-2.6336701388889012,4,0.4039807011851468,ml_v6,2025-07
252031,short,2025-07-24 06:20:00,2025-07-24 06:25:00,2025-07-24 06:30:00,3375.146,3371.1657833333334,TP,3.8202166666666866,5,0.4055269201764264,ml_v6,2025-07
252034,short,2025-07-24 06:35:00,2025-07-24 06:40:00,2025-07-24 07:49:00,3376.033,3372.008511111111,TP,3.864488888888909,69,0.39433331689921997,ml_v6,2025-07
252049,short,2025-07-24 07:50:00,2025-07-24 07:55:00,2025-07-24 08:15:00,3368.568,3371.1151180555557,SL,-2.707118055555566,20,0.399761064864079,ml_v6,2025-07
252055,short,2025-07-24 08:20:00,2025-07-24 08:25:00,2025-07-24 08:32:00,3371.208,3373.77284375,SL,-2.724843750000007,7,0.4112193276652493,ml_v6,2025-07
252058,short,2025-07-24 08:35:00,2025-07-24 08:40:00,2025-07-24 09:02:00,3372.981,3368.879711111111,TP,3.9412888888888986,22,0.4065450569161572,ml_v6,2025-07
252064,short,2025-07-24 09:05:00,2025-07-24 09:10:00,2025-07-24 09:22:00,3367.973,3363.8741055555556,TP,3.938894444444454,12,0.4026397653333338,ml_v6,2025-07
252068,short,2025-07-24 09:25:00,2025-07-24 09:30:00,2025-07-24 10:45:00,3363.112,3365.666826388889,SL,-2.7148263888888935,75,0.3915808638104596,ml_v6,2025-07
252085,short,2025-07-24 10:50:00,2025-07-24 10:55:00,2025-07-24 12:01:00,3364.38,3360.290388888889,TP,3.9296111111111216,66,0.3923631598719754,ml_v6,2025-07
252100,short,2025-07-24 12:05:00,2025-07-24 12:10:00,2025-07-24 12:41:00,3363.396,3359.309488888889,TP,3.9265111111111244,31,0.39411540231792114,ml_v6,2025-07
252112,short,2025-07-24 13:05:00,2025-07-24 13:10:00,2025-07-24 13:37:00,3358.411,3361.0388229166665,SL,-2.7878229166666717,27,0.3908142437705197,ml_v6,2025-07
252155,long,2025-07-24 16:40:00,2025-07-24 16:45:00,2025-07-24 16:50:00,3370.564,3368.0245069444445,SL,-2.699493055555555,5,0.45588859176221586,ml_v6,2025-07
252190,long,2025-07-24 19:35:00,2025-07-24 19:40:00,2025-07-24 19:59:00,3372.293,3370.0375937500003,SL,-2.4154062499999993,19,0.45153657920020307,ml_v6,2025-07
252195,long,2025-07-24 20:00:00,2025-07-24 20:05:00,2025-07-24 20:49:00,3369.98,3367.7313229166666,SL,-2.408677083333331,44,0.4601558617602832,ml_v6,2025-07
252205,long,2025-07-24 20:50:00,2025-07-24 20:55:00,2025-07-24 22:27:00,3367.537,3365.312454861111,SL,-2.3845451388888836,28,0.4992340566133733,ml_v6,2025-07
252213,long,2025-07-24 22:30:00,2025-07-24 22:35:00,2025-07-24 23:02:00,3366.188,3369.7448722222225,TP,3.396872222222205,27,0.49647351008157836,ml_v6,2025-07
252223,long,2025-07-24 23:20:00,2025-07-24 23:25:00,2025-07-24 23:27:00,3370.044,3367.842048611111,SL,-2.3619513888888806,2,0.4531765755571535,ml_v6,2025-07
252226,long,2025-07-24 23:35:00,2025-07-24 23:40:00,2025-07-25 00:46:00,3369.518,3373.051361111111,TP,3.373361111111099,66,0.4687509174320446,ml_v6,2025-07
252241,long,2025-07-25 00:50:00,2025-07-25 00:55:00,2025-07-25 01:08:00,3371.869,3369.6582673611115,SL,-2.370732638888876,13,0.4785106474216906,ml_v6,2025-07
252245,long,2025-07-25 01:10:00,2025-07-25 01:15:00,2025-07-25 01:20:00,3370.074,3367.8684548611113,SL,-2.365545138888875,5,0.4792859912763663,ml_v6,2025-07
252248,long,2025-07-25 01:25:00,2025-07-25 01:30:00,2025-07-25 01:56:00,3367.811,3371.347205555556,TP,3.3762055555555315,26,0.48598048696800944,ml_v6,2025-07
252255,long,2025-07-25 02:00:00,2025-07-25 02:05:00,2025-07-25 02:11:00,3368.879,3366.669538194444,SL,-2.3694618055555408,6,0.4865549769451476,ml_v6,2025-07
252258,long,2025-07-25 02:15:00,2025-07-25 02:20:00,2025-07-25 02:47:00,3365.583,3363.4051597222224,SL,-2.33784027777776,27,0.49087509489068043,ml_v6,2025-07
252265,long,2025-07-25 02:50:00,2025-07-25 02:55:00,2025-07-25 03:00:00,3363.835,3361.685805555556,SL,-2.3091944444444237,5,0.48749969368359763,ml_v6,2025-07
252268,long,2025-07-25 03:05:00,2025-07-25 03:10:00,2025-07-25 03:57:00,3361.832,3359.6827916666666,SL,-2.309208333333312,47,0.4623635269066202,ml_v6,2025-07
252279,long,2025-07-25 04:00:00,2025-07-25 04:05:00,2025-07-25 04:39:00,3362.049,3359.9554409722223,SL,-2.253559027777761,34,0.4509771160353876,ml_v6,2025-07
252288,long,2025-07-25 04:45:00,2025-07-25 04:50:00,2025-07-25 05:29:00,3360.537,3358.481659722222,SL,-2.2153402777777624,39,0.4609711445290424,ml_v6,2025-07
252325,short,2025-07-25 07:50:00,2025-07-25 07:55:00,2025-07-25 08:19:00,3353.751,3350.5489833333336,TP,3.0420166666666426,24,0.3914218643749886,ml_v6,2025-07
252395,short,2025-07-25 13:40:00,2025-07-25 13:45:00,2025-07-25 13:46:00,3339.919,3341.9209687499997,SL,-2.1619687499999842,1,0.40087370072256856,ml_v6,2025-07
252400,short,2025-07-25 14:05:00,2025-07-25 14:10:00,2025-07-25 14:15:00,3342.13,3338.967277777778,TP,3.0027222222221943,5,0.3993651071633034,ml_v6,2025-07
252403,short,2025-07-25 14:20:00,2025-07-25 14:25:00,2025-07-25 14:36:00,3338.167,3334.9768666666664,TP,3.0301333333333087,11,0.3976997235859566,ml_v6,2025-07
252407,short,2025-07-25 14:40:00,2025-07-25 14:45:00,2025-07-25 14:49:00,3336.333,3333.1669166666666,TP,3.006083333333308,4,0.39639766416637084,ml_v6,2025-07
252415,short,2025-07-25 15:20:00,2025-07-25 15:25:00,2025-07-25 15:30:00,3332.843,3329.7106,TP,2.972399999999969,5,0.3919948180684247,ml_v6,2025-07
252425,short,2025-07-25 16:10:00,2025-07-25 16:15:00,2025-07-25 16:17:00,3329.162,3331.126350694444,SL,-2.1243506944444293,2,0.3952010711201825,ml_v6,2025-07
252427,short,2025-07-25 16:20:00,2025-07-25 16:25:00,2025-07-25 16:37:00,3329.581,3326.4530944444446,TP,2.9679055555555336,12,0.3967411955365338,ml_v6,2025-07
252431,short,2025-07-25 16:40:00,2025-07-25 16:45:00,2025-07-25 17:08:00,3329.837,3331.79925,SL,-2.1222499999999864,23,0.4013404240378537,ml_v6,2025-07
252438,short,2025-07-25 17:15:00,2025-07-25 17:20:00,2025-07-25 17:22:00,3333.069,3335.038222222222,SL,-2.1292222222222064,2,0.3918344666728177,ml_v6,2025-07
252462,long,2025-07-25 19:15:00,2025-07-25 19:20:00,2025-07-25 19:51:00,3339.494,3337.5614097222224,SL,-2.092590277777766,31,0.48574853147161795,ml_v6,2025-07
252470,long,2025-07-25 19:55:00,2025-07-25 20:00:00,2025-07-27 22:05:00,3337.769,3335.844708333333,SL,-2.0842916666666538,58,0.4960689800381207,ml_v6,2025-07
252500,short,2025-07-27 23:30:00,2025-07-27 23:35:00,2025-07-27 23:43:00,3330.694,3332.7492118055557,SL,-2.2152118055555503,8,0.3956036110886731,ml_v6,2025-07
252548,long,2025-07-28 03:30:00,2025-07-28 03:35:00,2025-07-28 03:57:00,3337.861,3341.3549944444444,TP,3.3339944444444387,22,0.46051901197103523,ml_v6,2025-07
252626,short,2025-07-28 10:00:00,2025-07-28 10:05:00,2025-07-28 12:14:00,3336.941,3333.4225055555553,TP,3.3584944444444376,129,0.3938192053679518,ml_v6,2025-07
252665,short,2025-07-28 13:15:00,2025-07-28 13:20:00,2025-07-28 13:31:00,3329.972,3326.4127000000003,TP,3.3992999999999896,11,0.39096161220919423,ml_v6,2025-07
252706,long,2025-07-28 16:40:00,2025-07-28 16:45:00,2025-07-28 16:55:00,3313.829,3311.6148020833334,SL,-2.3741979166666662,10,0.46015571229342656,ml_v6,2025-07
252719,long,2025-07-28 17:45:00,2025-07-28 17:50:00,2025-07-28 18:34:00,3310.698,3314.1987,TP,3.3406999999999982,44,0.45345753806370814,ml_v6,2025-07
252737,long,2025-07-28 19:15:00,2025-07-28 19:20:00,2025-07-28 19:51:00,3314.003,3317.4720722222223,TP,3.309072222222222,31,0.45421734161260024,ml_v6,2025-07
252750,long,2025-07-28 20:20:00,2025-07-28 20:25:00,2025-07-28 20:50:00,3317.2,3315.0178854166666,SL,-2.3421145833333354,25,0.4511684708051613,ml_v6,2025-07
252758,long,2025-07-28 22:00:00,2025-07-28 22:05:00,2025-07-28 23:25:00,3314.083,3311.896347222222,SL,-2.3466527777777757,80,0.4689885387568332,ml_v6,2025-07
253070,short,2025-07-30 01:00:00,2025-07-30 01:05:00,2025-07-30 01:06:00,3328.001,3330.1333576388893,SL,-2.292357638888883,1,0.3967947164620095,ml_v6,2025-07
253135,short,2025-07-30 06:25:00,2025-07-30 06:30:00,2025-07-30 06:45:00,3323.73,3325.8512430555556,SL,-2.281243055555561,15,0.39333220814120107,ml_v6,2025-07
253173,short,2025-07-30 09:35:00,2025-07-30 09:40:00,2025-07-30 09:51:00,3330.101,3332.11996875,SL,-2.1789687500000103,11,0.3937453254107527,ml_v6,2025-07
253324,long,2025-07-30 23:10:00,2025-07-30 23:15:00,2025-07-30 23:47:00,3278.497,3282.4014944444443,TP,3.744494444444458,32,0.4509852526009571,ml_v6,2025-07
253370,long,2025-07-31 03:00:00,2025-07-31 03:05:00,2025-07-31 03:13:00,3296.839,3294.28409375,SL,-2.714906250000005,8,0.45729635007430713,ml_v6,2025-07
253576,long,2025-07-31 20:10:00,2025-07-31 20:15:00,2025-07-31 20:55:00,3292.384,3289.9656631944445,SL,-2.5783368055555567,40,0.45140515048625607,ml_v6,2025-07
253586,long,2025-07-31 22:00:00,2025-07-31 22:05:00,2025-07-31 23:19:00,3291.605,3289.2919444444447,SL,-2.4730555555555584,74,0.4706395173433453,ml_v6,2025-07
253602,long,2025-07-31 23:20:00,2025-07-31 23:25:00,2025-07-31 23:59:00,3290.392,3288.1396805555555,SL,-2.41231944444445,34,0.46582400949157854,ml_v6,2025-07
253621,long,2025-08-01 00:55:00,2025-08-01 01:00:00,2025-08-01 01:39:00,3290.304,3288.0227118055554,SL,-2.441288194444452,39,0.44464926466549,ml_v6,2025-08
253643,long,2025-08-01 02:45:00,2025-08-01 02:50:00,2025-08-01 03:00:00,3289.037,3292.6708055555555,TP,3.4738055555555656,10,0.44160018015303165,ml_v6,2025-08
253648,long,2025-08-01 03:10:00,2025-08-01 03:15:00,2025-08-01 03:20:00,3296.03,3293.7590833333334,SL,-2.430916666666673,5,0.443515545009073,ml_v6,2025-08
253651,long,2025-08-01 03:25:00,2025-08-01 03:30:00,2025-08-01 04:11:00,3292.644,3290.3741215277773,SL,-2.4298784722222284,41,0.4449180369002705,ml_v6,2025-08
253661,long,2025-08-01 04:15:00,2025-08-01 04:20:00,2025-08-01 04:48:00,3292.568,3290.321475694445,SL,-2.4065243055555596,28,0.4408317741192584,ml_v6,2025-08
253668,long,2025-08-01 04:50:00,2025-08-01 04:55:00,2025-08-01 05:04:00,3290.973,3294.5629388888888,TP,3.429938888888891,9,0.4501644175651406,ml_v6,2025-08
253671,long,2025-08-01 05:05:00,2025-08-01 05:10:00,2025-08-01 05:18:00,3294.128,3291.880559027778,SL,-2.4074409722222203,8,0.46035796455255973,ml_v6,2025-08
253676,long,2025-08-01 05:30:00,2025-08-01 05:35:00,2025-08-01 05:50:00,3293.664,3297.255516666667,TP,3.4315166666666634,15,0.4400467181791763,ml_v6,2025-08
253682,long,2025-08-01 06:00:00,2025-08-01 06:05:00,2025-08-01 06:19:00,3296.852,3294.5928090277775,SL,-2.419190972222219,14,0.44513384961899405,ml_v6,2025-08
253710,long,2025-08-01 08:20:00,2025-08-01 08:25:00,2025-08-01 08:50:00,3287.837,3291.4602055555556,TP,3.463205555555543,25,0.4414624117263328,ml_v6,2025-08
253717,long,2025-08-01 08:55:00,2025-08-01 09:00:00,2025-08-01 10:35:00,3294.248,3297.827588888889,TP,3.4195888888888812,95,0.44788601776706266,ml_v6,2025-08
253812,long,2025-08-01 16:50:00,2025-08-01 16:55:00,2025-08-01 17:06:00,3345.324,3349.3477055555554,TP,3.8637055555555424,11,0.4457447269088747,ml_v6,2025-08
253935,long,2025-08-04 04:10:00,2025-08-04 04:15:00,2025-08-04 05:22:00,3360.95,3358.390357638889,SL,-2.7196423611111245,67,0.4482730290949155,ml_v6,2025-08
253952,long,2025-08-04 05:35:00,2025-08-04 05:40:00,2025-08-04 06:13:00,3356.617,3360.665977777778,TP,3.8889777777778045,33,0.44178223351704,ml_v6,2025-08
253979,short,2025-08-04 07:50:00,2025-08-04 07:55:00,2025-08-04 08:16:00,3355.426,3358.0000069444445,SL,-2.734006944444463,21,0.38516993247010944,ml_v6,2025-08
253985,short,2025-08-04 08:20:00,2025-08-04 08:25:00,2025-08-04 10:21:00,3359.212,3355.1103166666667,TP,3.9416833333333656,116,0.3851420885291098,ml_v6,2025-08
254010,short,2025-08-04 10:25:00,2025-08-04 10:30:00,2025-08-04 11:03:00,3356.433,3358.968260416667,SL,-2.69526041666669,33,0.3843083473298812,ml_v6,2025-08
254022,short,2025-08-04 11:25:00,2025-08-04 11:30:00,2025-08-04 11:51:00,3367.67,3370.2238506944445,SL,-2.7138506944444716,21,0.38552354764857877,ml_v6,2025-08
254028,short,2025-08-04 11:55:00,2025-08-04 12:00:00,2025-08-04 12:25:00,3370.294,3366.23315,TP,3.90085000000004,25,0.3878243912450372,ml_v6,2025-08
254191,short,2025-08-05 02:30:00,2025-08-05 02:35:00,2025-08-05 02:51:00,3377.014,3374.0321944444445,TP,2.82180555555558,16,0.38520109687915016,ml_v6,2025-08
254382,short,2025-08-05 18:25:00,2025-08-05 18:30:00,2025-08-05 22:03:00,3379.68,3381.587423611111,SL,-2.0674236111111024,149,0.3864041270243872,ml_v6,2025-08
254648,short,2025-08-06 17:35:00,2025-08-06 17:40:00,2025-08-06 18:05:00,3375.562,3372.6049666666668,TP,2.797033333333324,25,0.3877312690590745,ml_v6,2025-08
254715,long,2025-08-07 00:10:00,2025-08-07 00:15:00,2025-08-07 00:29:00,3369.812,3372.8988944444445,TP,2.926894444444435,14,0.4449510767339335,ml_v6,2025-08
254724,long,2025-08-07 00:55:00,2025-08-07 01:00:00,2025-08-07 01:01:00,3372.297,3370.3383402777777,SL,-2.1186597222222163,1,0.44270670795771533,ml_v6,2025-08
254948,long,2025-08-07 19:35:00,2025-08-07 19:40:00,2025-08-07 20:03:00,3397.094,3401.0341222222223,TP,3.7801222222222033,23,0.4428788473532292,ml_v6,2025-08
254955,long,2025-08-07 20:10:00,2025-08-07 20:15:00,2025-08-07 20:36:00,3400.038,3397.5567291666666,SL,-2.64127083333332,21,0.4413325367643827,ml_v6,2025-08
254961,long,2025-08-07 20:40:00,2025-08-07 20:45:00,2025-08-07 20:48:00,3398.965,3396.4514236111113,SL,-2.673576388888873,3,0.4482231832179742,ml_v6,2025-08
254965,long,2025-08-07 22:00:00,2025-08-07 22:05:00,2025-08-07 22:06:00,3403.402,3400.829472222222,SL,-2.732527777777765,1,0.4401455806209782,ml_v6,2025-08
254983,long,2025-08-07 23:30:00,2025-08-07 23:35:00,2025-08-08 00:03:00,3400.746,3397.9275208333333,SL,-2.9784791666666517,28,0.4486161132670753,ml_v6,2025-08
254990,long,2025-08-08 00:05:00,2025-08-08 00:10:00,2025-08-08 00:15:00,3401.54,3398.6973958333333,SL,-3.0026041666666545,5,0.45467777907506507,ml_v6,2025-08
255159,short,2025-08-08 14:10:00,2025-08-08 14:15:00,2025-08-08 14:30:00,3388.085,3383.0172555555555,TP,4.907744444444447,15,0.38434466704041564,ml_v6,2025-08
255439,short,2025-08-11 14:35:00,2025-08-11 14:40:00,2025-08-11 14:43:00,3344.415,3347.671690972222,SL,-3.416690972222234,3,0.3852896879415148,ml_v6,2025-08
255446,short,2025-08-11 15:10:00,2025-08-11 15:15:00,2025-08-11 15:26:00,3346.217,3349.426152777778,SL,-3.3691527777777917,11,0.38499828934338254,ml_v6,2025-08
255601,long,2025-08-12 05:05:00,2025-08-12 05:10:00,2025-08-12 05:47:00,3354.486,3351.9616701388886,SL,-2.684329861111113,37,0.4422375417915866,ml_v6,2025-08
255893,short,2025-08-13 06:25:00,2025-08-13 06:30:00,2025-08-13 07:01:00,3354.995,3357.5578715277775,SL,-2.722871527777765,31,0.3851155639265901,ml_v6,2025-08
255904,short,2025-08-13 07:20:00,2025-08-13 07:25:00,2025-08-13 07:48:00,3360.255,3356.1915,TP,3.9034999999999815,23,0.3864659221398581,ml_v6,2025-08
255910,short,2025-08-13 07:50:00,2025-08-13 07:55:00,2025-08-13 08:36:00,3355.48,3358.0044895833335,SL,-2.6844895833333204,41,0.38771153992165386,ml_v6,2025-08
255920,short,2025-08-13 08:40:00,2025-08-13 08:45:00,2025-08-13 08:46:00,3359.943,3362.4384895833336,SL,-2.655489583333324,1,0.3847155274379004,ml_v6,2025-08
255922,short,2025-08-13 08:50:00,2025-08-13 08:55:00,2025-08-13 09:26:00,3359.912,3362.4103854166665,SL,-2.6583854166666567,31,0.38550169771660625,ml_v6,2025-08
255946,short,2025-08-13 10:50:00,2025-08-13 10:55:00,2025-08-13 11:10:00,3366.266,3362.313616666667,TP,3.7923833333333157,15,0.38427284374115356,ml_v6,2025-08
255952,short,2025-08-13 11:20:00,2025-08-13 11:25:00,2025-08-13 12:00:00,3361.012,3363.478027777778,SL,-2.6260277777777663,35,0.3845470399235612,ml_v6,2025-08
255961,short,2025-08-13 12:05:00,2025-08-13 12:10:00,2025-08-13 12:20:00,3357.227,3359.6889791666667,SL,-2.6219791666666628,10,0.3856569676032742,ml_v6,2025-08
255965,short,2025-08-13 12:25:00,2025-08-13 12:30:00,2025-08-13 13:05:00,3358.684,3354.7379333333333,TP,3.7860666666666614,35,0.3868520258298596,ml_v6,2025-08
256010,short,2025-08-13 16:10:00,2025-08-13 16:15:00,2025-08-13 17:33:00,3359.228,3355.8667777777778,TP,3.201222222222217,78,0.38930356486947143,ml_v6,2025-08
256027,short,2025-08-13 17:35:00,2025-08-13 17:40:00,2025-08-13 18:02:00,3355.216,3352.061211111111,TP,2.9947888888888867,22,0.388576030575343,ml_v6,2025-08
256033,short,2025-08-13 18:05:00,2025-08-13 18:10:00,2025-08-13 18:26:00,3353.97,3350.8109777777777,TP,2.999022222222221,16,0.385698154412814,ml_v6,2025-08
256099,long,2025-08-14 00:35:00,2025-08-14 00:40:00,2025-08-14 00:59:00,3371.755,3369.78278125,SL,-2.1322187500000007,19,0.4426909694043928,ml_v6,2025-08
256378,long,2025-08-15 00:50:00,2025-08-15 00:55:00,2025-08-15 01:00:00,3338.22,3335.9019305555553,SL,-2.47806944444443,5,0.44495499469467614,ml_v6,2025-08
256384,long,2025-08-15 01:20:00,2025-08-15 01:25:00,2025-08-15 01:47:00,3335.365,3339.0640388888887,TP,3.5390388888888724,22,0.4456906379379786,ml_v6,2025-08
256390,long,2025-08-15 01:50:00,2025-08-15 01:55:00,2025-08-15 02:26:00,3339.313,3337.010565972222,SL,-2.462434027777769,31,0.479045474469863,ml_v6,2025-08
256398,long,2025-08-15 02:30:00,2025-08-15 02:35:00,2025-08-15 03:32:00,3339.349,3342.9803,TP,3.4712999999999847,57,0.4538477538171387,ml_v6,2025-08
256412,long,2025-08-15 03:40:00,2025-08-15 03:45:00,2025-08-15 04:26:00,3342.273,3345.8357222222226,TP,3.4027222222222018,41,0.4411291109611394,ml_v6,2025-08
256623,short,2025-08-17 22:20:00,2025-08-17 22:25:00,2025-08-17 23:12:00,3335.023,3332.151777777778,TP,2.7112222222222204,47,0.38646808722268555,ml_v6,2025-08
256752,short,2025-08-18 09:05:00,2025-08-18 09:10:00,2025-08-18 09:53:00,3350.816,3347.6624777777774,TP,2.993522222222225,43,0.3862226754998094,ml_v6,2025-08
256764,short,2025-08-18 10:05:00,2025-08-18 10:10:00,2025-08-18 10:17:00,3349.048,3350.9982881944443,SL,-2.110288194444448,7,0.3917574066571641,ml_v6,2025-08
256767,short,2025-08-18 10:20:00,2025-08-18 10:25:00,2025-08-18 11:55:00,3348.839,3345.7426333333333,TP,2.9363666666666717,90,0.39213987476152656,ml_v6,2025-08
256977,long,2025-08-19 04:50:00,2025-08-19 04:55:00,2025-08-19 05:25:00,3337.418,3340.210072222222,TP,2.6320722222222392,30,0.44184095031342985,ml_v6,2025-08
256985,long,2025-08-19 05:30:00,2025-08-19 05:35:00,2025-08-19 05:52:00,3338.664,3336.9287534722225,SL,-1.8952465277777863,17,0.4458597423431796,ml_v6,2025-08
256991,long,2025-08-19 06:00:00,2025-08-19 06:05:00,2025-08-19 06:41:00,3337.368,3335.6339583333333,SL,-1.894041666666676,36,0.4433606279250439,ml_v6,2025-08
257001,long,2025-08-19 06:50:00,2025-08-19 06:55:00,2025-08-19 07:06:00,3336.609,3339.35075,TP,2.5817500000000195,11,0.4404300393342166,ml_v6,2025-08
257016,long,2025-08-19 08:05:00,2025-08-19 08:10:00,2025-08-19 10:04:00,3337.983,3340.7258333333334,TP,2.5828333333333537,114,0.4398057184664562,ml_v6,2025-08
257134,long,2025-08-19 17:55:00,2025-08-19 18:00:00,2025-08-19 19:38:00,3317.505,3315.745125,SL,-1.9198750000000064,98,0.4416819707126026,ml_v6,2025-08
257155,long,2025-08-19 19:40:00,2025-08-19 19:45:00,2025-08-19 23:51:00,3316.028,3314.26925,SL,-1.918750000000003,182,0.4442274238147553,ml_v6,2025-08
257236,long,2025-08-20 03:25:00,2025-08-20 03:30:00,2025-08-20 04:35:00,3317.347,3320.1337166666667,TP,2.6267166666666615,65,0.4472768249160647,ml_v6,2025-08
257394,short,2025-08-20 16:35:00,2025-08-20 16:40:00,2025-08-20 16:56:00,3344.273,3345.955065972222,SL,-1.8420659722222141,16,0.3843192757594336,ml_v6,2025-08
257406,short,2025-08-20 17:35:00,2025-08-20 17:40:00,2025-08-20 17:51:00,3345.769,3347.415326388889,SL,-1.8063263888888819,11,0.3843079061734427,ml_v6,2025-08
257415,short,2025-08-20 18:20:00,2025-08-20 18:25:00,2025-08-20 18:36:00,3344.398,3346.0310833333333,SL,-1.793083333333327,11,0.38597518211354076,ml_v6,2025-08
257444,long,2025-08-20 20:45:00,2025-08-20 20:50:00,2025-08-20 22:04:00,3348.478,3351.035038888889,TP,2.3970388888888827,10,0.4455047179246202,ml_v6,2025-08
257713,long,2025-08-21 20:10:00,2025-08-21 20:15:00,2025-08-22 00:05:00,3338.477,3336.816690972222,SL,-1.8203090277777694,166,0.44635260633470536,ml_v6,2025-08
257763,long,2025-08-22 01:20:00,2025-08-22 01:25:00,2025-08-22 01:51:00,3337.508,3335.8624513888885,SL,-1.8055486111111083,26,0.44124463220253335,ml_v6,2025-08
257770,long,2025-08-22 01:55:00,2025-08-22 02:00:00,2025-08-22 03:03:00,3334.13,3332.4770381944445,SL,-1.8129618055555488,63,0.4456206651017418,ml_v6,2025-08
257984,long,2025-08-22 19:45:00,2025-08-22 19:50:00,2025-08-24 22:05:00,3370.787,3368.9732812499997,SL,-1.9737187499999909,68,0.4486966640129563,ml_v6,2025-08
258111,short,2025-08-25 07:25:00,2025-08-25 07:30:00,2025-08-25 08:00:00,3368.911,3365.8894833333334,TP,2.861516666666657,30,0.3851169055666922,ml_v6,2025-08
258161,short,2025-08-25 11:35:00,2025-08-25 11:40:00,2025-08-25 11:46:00,3369.522,3371.339177083333,SL,-1.977177083333334,6,0.385021955367565,ml_v6,2025-08
258166,short,2025-08-25 12:00:00,2025-08-25 12:05:00,2025-08-25 12:32:00,3369.482,3366.5625055555556,TP,2.759494444444447,27,0.3851794457402228,ml_v6,2025-08
258181,short,2025-08-25 13:15:00,2025-08-25 13:20:00,2025-08-25 13:31:00,3364.972,3366.800618055556,SL,-1.9886180555555628,11,0.38486353479364155,ml_v6,2025-08
258200,short,2025-08-25 14:50:00,2025-08-25 14:55:00,2025-08-25 15:12:00,3374.086,3375.8676979166667,SL,-1.9416979166666806,17,0.38493991386809934,ml_v6,2025-08
258222,short,2025-08-25 16:40:00,2025-08-25 16:45:00,2025-08-25 17:13:00,3373.222,3374.722614583334,SL,-1.6606145833333479,28,0.38470800226677715,ml_v6,2025-08
258405,short,2025-08-26 08:55:00,2025-08-26 09:00:00,2025-08-26 09:20:00,3376.691,3378.4871597222223,SL,-1.9561597222222327,20,0.3864506630531033,ml_v6,2025-08
258481,short,2025-08-26 15:15:00,2025-08-26 15:20:00,2025-08-26 15:23:00,3380.161,3382.1667673611114,SL,-2.1657673611111146,3,0.3842321336840516,ml_v6,2025-08
258514,short,2025-08-26 18:00:00,2025-08-26 18:05:00,2025-08-26 18:15:00,3380.758,3382.772131944444,SL,-2.174131944444442,10,0.3851861805294877,ml_v6,2025-08
258574,long,2025-08-27 00:00:00,2025-08-27 00:05:00,2025-08-27 01:00:00,3390.916,3388.8658194444447,SL,-2.210180555555544,55,0.4716600374460169,ml_v6,2025-08
258698,short,2025-08-27 10:20:00,2025-08-27 10:25:00,2025-08-27 10:32:00,3377.893,3375.174233333333,TP,2.55876666666667,7,0.384322553717204,ml_v6,2025-08
258755,short,2025-08-27 15:05:00,2025-08-27 15:10:00,2025-08-27 15:12:00,3387.718,3389.366020833333,SL,-1.8080208333333336,2,0.3842596264111746,ml_v6,2025-08
258764,short,2025-08-27 15:50:00,2025-08-27 15:55:00,2025-08-27 16:04:00,3387.086,3388.713142361111,SL,-1.7871423611111101,9,0.38521526768085845,ml_v6,2025-08
258768,short,2025-08-27 16:10:00,2025-08-27 16:15:00,2025-08-27 16:24:00,3388.944,3390.5616458333334,SL,-1.7776458333333318,9,0.3863086552846182,ml_v6,2025-08
258790,short,2025-08-27 18:00:00,2025-08-27 18:05:00,2025-08-27 18:30:00,3394.428,3396.0451006944445,SL,-1.7771006944444394,25,0.38631296172020324,ml_v6,2025-08
258854,long,2025-08-28 00:20:00,2025-08-28 00:25:00,2025-08-28 00:29:00,3397.37,3395.7346006944445,SL,-1.79539930555556,4,0.4415830928395359,ml_v6,2025-08
258872,long,2025-08-28 01:50:00,2025-08-28 01:55:00,2025-08-28 02:45:00,3385.637,3388.315866666667,TP,2.518866666666679,50,0.4397930722597456,ml_v6,2025-08
258961,short,2025-08-28 09:15:00,2025-08-28 09:20:00,2025-08-28 10:01:00,3400.974,3398.3468444444447,TP,2.4671555555555527,41,0.3848731668221701,ml_v6,2025-08
258977,short,2025-08-28 10:35:00,2025-08-28 10:40:00,2025-08-28 10:45:00,3395.739,3397.3851979166666,SL,-1.8061979166666635,5,0.3918068558548814,ml_v6,2025-08
258980,short,2025-08-28 10:50:00,2025-08-28 10:55:00,2025-08-28 11:19:00,3397.305,3398.9443680555555,SL,-1.799368055555552,24,0.38611543184269725,ml_v6,2025-08
259008,short,2025-08-28 13:10:00,2025-08-28 13:15:00,2025-08-28 13:16:00,3398.377,3400.1134375,SL,-1.8964374999999938,1,0.38464672847897613,ml_v6,2025-08
259093,long,2025-08-28 20:15:00,2025-08-28 20:20:00,2025-08-28 22:32:00,3417.577,3415.865795138889,SL,-1.871204861111118,68,0.4481235423812261,ml_v6,2025-08
259194,short,2025-08-29 05:40:00,2025-08-29 05:45:00,2025-08-29 06:00:00,3409.553,3411.1814375,SL,-1.788437499999996,15,0.3845779862726434,ml_v6,2025-08
259202,short,2025-08-29 06:20:00,2025-08-29 06:25:00,2025-08-29 06:43:00,3411.522,3408.9017388888888,TP,2.4602611111111083,18,0.3851968463981851,ml_v6,2025-08
259207,short,2025-08-29 06:45:00,2025-08-29 06:50:00,2025-08-29 07:01:00,3409.913,3411.5568576388887,SL,-1.8038576388888874,11,0.3866313694349011,ml_v6,2025-08
259376,long,2025-08-29 20:50:00,2025-08-29 20:55:00,2025-08-31 22:05:00,3448.124,3446.4390555555556,SL,-1.8449444444444305,3,0.4444404313071829,ml_v6,2025-08
259454,long,2025-09-01 04:25:00,2025-09-01 04:30:00,2025-09-01 05:06:00,3474.052,3477.579088888889,TP,3.36708888888886,36,0.43822250635758525,ml_v6,2025-09
259588,short,2025-09-01 15:35:00,2025-09-01 15:40:00,2025-09-01 16:58:00,3475.087,3477.682222222222,SL,-2.755222222222205,78,0.4030169608848182,ml_v6,2025-09
259905,long,2025-09-02 22:45:00,2025-09-02 22:50:00,2025-09-02 23:36:00,3529.79,3526.831201388889,SL,-3.1187986111111146,46,0.43574210900273586,ml_v6,2025-09
259918,long,2025-09-02 23:50:00,2025-09-02 23:55:00,2025-09-02 23:58:00,3532.75,3529.79309375,SL,-3.116906250000006,3,0.4394305461934345,ml_v6,2025-09
259923,long,2025-09-03 00:15:00,2025-09-03 00:20:00,2025-09-03 00:23:00,3534.187,3538.9504055555553,TP,4.603405555555568,3,0.4629004997995745,ml_v6,2025-09
259945,long,2025-09-03 02:05:00,2025-09-03 02:10:00,2025-09-03 02:32:00,3541.785,3538.6610694444444,SL,-3.28393055555557,22,0.4339620729723241,ml_v6,2025-09
260077,short,2025-09-03 13:05:00,2025-09-03 13:10:00,2025-09-03 13:28:00,3555.626,3558.6471111111114,SL,-3.181111111111111,18,0.3994173022763816,ml_v6,2025-09
260082,short,2025-09-03 13:30:00,2025-09-03 13:35:00,2025-09-03 13:37:00,3557.29,3552.4677333333334,TP,4.662266666666668,2,0.402691862251052,ml_v6,2025-09
260084,short,2025-09-03 13:40:00,2025-09-03 13:45:00,2025-09-03 13:54:00,3551.631,3554.6464687499997,SL,-3.1754687500000016,9,0.40297416474986947,ml_v6,2025-09
260087,short,2025-09-03 13:55:00,2025-09-03 14:00:00,2025-09-03 14:01:00,3553.657,3556.6500208333337,SL,-3.1530208333333327,1,0.3996919604795066,ml_v6,2025-09
260090,short,2025-09-03 14:10:00,2025-09-03 14:15:00,2025-09-03 14:16:00,3553.556,3556.5495277777777,SL,-3.1535277777777795,1,0.3990968975083915,ml_v6,2025-09
260092,short,2025-09-03 14:20:00,2025-09-03 14:25:00,2025-09-03 14:33:00,3564.62,3559.791022222222,TP,4.66897777777778,8,0.4013620276972729,ml_v6,2025-09
260096,short,2025-09-03 14:40:00,2025-09-03 14:45:00,2025-09-03 14:53:00,3561.874,3557.0908833333333,TP,4.623116666666671,8,0.40058955150098385,ml_v6,2025-09
260099,short,2025-09-03 14:55:00,2025-09-03 15:00:00,2025-09-03 15:09:00,3558.442,3561.4244756944445,SL,-3.142475694444448,9,0.4022737552449185,ml_v6,2025-09
260123,short,2025-09-03 16:55:00,2025-09-03 17:00:00,2025-09-03 17:46:00,3572.442,3575.2407569444445,SL,-2.958756944444446,46,0.402887112166175,ml_v6,2025-09
260134,short,2025-09-03 17:50:00,2025-09-03 17:55:00,2025-09-03 18:13:00,3575.447,3578.1832743055556,SL,-2.896274305555559,18,0.39974323537517464,ml_v6,2025-09
260139,short,2025-09-03 18:15:00,2025-09-03 18:20:00,2025-09-03 18:31:00,3577.225,3572.883872222222,TP,4.181127777777782,11,0.40105260040927804,ml_v6,2025-09
260312,long,2025-09-04 09:40:00,2025-09-04 09:45:00,2025-09-04 09:55:00,3540.207,3537.186315972222,SL,-3.1806840277777852,10,0.4408579980753748,ml_v6,2025-09
260316,long,2025-09-04 10:00:00,2025-09-04 10:05:00,2025-09-04 10:08:00,3540.419,3545.275438888889,TP,4.696438888888903,3,0.4360338454461366,ml_v6,2025-09
260319,long,2025-09-04 10:15:00,2025-09-04 10:20:00,2025-09-04 10:27:00,3542.033,3538.966934027778,SL,-3.2260659722222305,7,0.43588415974591227,ml_v6,2025-09
260449,long,2025-09-04 22:05:00,2025-09-04 22:10:00,2025-09-04 23:34:00,3542.494,3547.3005833333336,TP,4.64658333333333,84,0.4361068097927898,ml_v6,2025-09
260512,long,2025-09-05 03:20:00,2025-09-05 03:25:00,2025-09-05 04:40:00,3554.504,3559.1905888888887,TP,4.526588888888875,75,0.4350986713200493,ml_v6,2025-09
260529,long,2025-09-05 04:45:00,2025-09-05 04:50:00,2025-09-05 06:06:00,3557.603,3554.9199166666667,SL,-2.843083333333326,76,0.4396719649384707,ml_v6,2025-09
260710,long,2025-09-05 19:50:00,2025-09-05 19:55:00,2025-09-05 20:00:00,3595.181,3592.422111111111,SL,-2.9188888888888793,5,0.4349581885790328,ml_v6,2025-09
260713,long,2025-09-05 20:05:00,2025-09-05 20:10:00,2025-09-05 20:32:00,3591.382,3588.5944409722224,SL,-2.9475590277777717,22,0.43470311063733363,ml_v6,2025-09
260852,short,2025-09-08 08:45:00,2025-09-08 08:50:00,2025-09-08 10:13:00,3613.467,3616.5754305555556,SL,-3.2684305555555495,83,0.3989811154859153,ml_v6,2025-09
260870,short,2025-09-08 10:15:00,2025-09-08 10:20:00,2025-09-08 10:53:00,3618.761,3613.758283333333,TP,4.842716666666667,33,0.4073126378314582,ml_v6,2025-09
260878,short,2025-09-08 10:55:00,2025-09-08 11:00:00,2025-09-08 12:00:00,3616.96,3620.0988715277776,SL,-3.298871527777776,60,0.40652099874187386,ml_v6,2025-09
260892,short,2025-09-08 12:05:00,2025-09-08 12:10:00,2025-09-08 12:31:00,3616.916,3620.097576388889,SL,-3.3415763888888885,21,0.39896618452239907,ml_v6,2025-09
260898,short,2025-09-08 12:35:00,2025-09-08 12:40:00,2025-09-08 12:53:00,3619.17,3622.370215277778,SL,-3.3602152777777756,13,0.4099350186841575,ml_v6,2025-09
260902,short,2025-09-08 12:55:00,2025-09-08 13:00:00,2025-09-08 13:02:00,3624.273,3627.4818437500003,SL,-3.36884375,2,0.4045636120097724,ml_v6,2025-09
260904,short,2025-09-08 13:05:00,2025-09-08 13:10:00,2025-09-08 13:14:00,3628.676,3631.893232638889,SL,-3.3772326388888896,4,0.40781781699825204,ml_v6,2025-09
261085,short,2025-09-09 05:10:00,2025-09-09 05:15:00,2025-09-09 05:39:00,3655.077,3657.6559375,SL,-2.7389375000000045,24,0.40001496879036524,ml_v6,2025-09
261092,short,2025-09-09 05:45:00,2025-09-09 05:50:00,2025-09-09 06:02:00,3657.949,3653.7853055555556,TP,4.003694444444455,12,0.4025855275647727,ml_v6,2025-09
261163,short,2025-09-09 11:40:00,2025-09-09 11:45:00,2025-09-09 11:56:00,3653.081,3648.792372222222,TP,4.128627777777765,11,0.3996585073726264,ml_v6,2025-09
261366,long,2025-09-10 05:35:00,2025-09-10 05:40:00,2025-09-10 06:13:00,3641.334,3646.131172222222,TP,4.637172222222239,33,0.43819353860405386,ml_v6,2025-09
261423,short,2025-09-10 10:20:00,2025-09-10 10:25:00,2025-09-10 11:04:00,3655.424,3650.911777777778,TP,4.3522222222222515,39,0.39886157837081826,ml_v6,2025-09
261849,long,2025-09-11 23:50:00,2025-09-11 23:55:00,2025-09-12 00:49:00,3632.303,3636.432322222222,TP,3.9693222222222238,54,0.4359061176377329,ml_v6,2025-09
262106,short,2025-09-14 22:20:00,2025-09-14 22:25:00,2025-09-14 23:22:00,3641.398,3638.271761111111,TP,2.9662388888888658,57,0.40088030245386796,ml_v6,2025-09
262381,long,2025-09-15 22:15:00,2025-09-15 22:20:00,2025-09-16 00:16:00,3677.364,3680.7845722222223,TP,3.260572222222227,116,0.43559886336116826,ml_v6,2025-09
262411,long,2025-09-16 00:45:00,2025-09-16 00:50:00,2025-09-16 01:00:00,3683.636,3687.0891,TP,3.2931000000000026,10,0.4356792433600061,ml_v6,2025-09
262506,short,2025-09-16 08:40:00,2025-09-16 08:45:00,2025-09-16 09:23:00,3695.156,3697.343861111111,SL,-2.3478611111111074,38,0.4003788146035758,ml_v6,2025-09
262525,short,2025-09-16 10:15:00,2025-09-16 10:20:00,2025-09-16 10:54:00,3696.66,3693.1861999999996,TP,3.313799999999993,34,0.39886038627792275,ml_v6,2025-09
262544,short,2025-09-16 11:50:00,2025-09-16 11:55:00,2025-09-16 12:05:00,3698.309,3694.871677777778,TP,3.277322222222214,10,0.4037968280570594,ml_v6,2025-09
262548,short,2025-09-16 12:10:00,2025-09-16 12:15:00,2025-09-16 12:30:00,3694.293,3690.8535500000003,TP,3.279449999999988,15,0.4040191682832328,ml_v6,2025-09
262810,short,2025-09-17 11:00:00,2025-09-17 11:05:00,2025-09-17 11:12:00,3661.896,3664.1105312500003,SL,-2.3745312499999915,7,0.3996555647605996,ml_v6,2025-09
262878,short,2025-09-17 16:40:00,2025-09-17 16:45:00,2025-09-17 17:01:00,3686.238,3682.950427777778,TP,3.1275722222222093,16,0.4028384747760383,ml_v6,2025-09
262884,short,2025-09-17 17:10:00,2025-09-17 17:15:00,2025-09-17 17:20:00,3683.284,3680.037677777778,TP,3.0863222222222184,5,0.4047261240737525,ml_v6,2025-09
262893,short,2025-09-17 17:55:00,2025-09-17 18:00:00,2025-09-17 18:01:00,3686.822,3683.5796444444445,TP,3.0823555555555497,1,0.3990068348901359,ml_v6,2025-09
262933,long,2025-09-17 22:15:00,2025-09-17 22:20:00,2025-09-17 23:12:00,3662.262,3666.978966666667,TP,4.556966666666664,52,0.4350897112964519,ml_v6,2025-09
263081,long,2025-09-18 10:35:00,2025-09-18 10:40:00,2025-09-18 12:24:00,3666.635,3672.0024222222223,TP,5.207422222222207,104,0.434827897857921,ml_v6,2025-09
263206,long,2025-09-18 22:00:00,2025-09-18 22:05:00,2025-09-18 22:56:00,3642.925,3640.171277777778,SL,-2.9137222222221975,51,0.4404784043290997,ml_v6,2025-09
263223,long,2025-09-18 23:25:00,2025-09-18 23:30:00,2025-09-19 00:41:00,3639.18,3636.516114583333,SL,-2.823885416666643,71,0.43414319542079327,ml_v6,2025-09
263258,long,2025-09-19 02:20:00,2025-09-19 02:25:00,2025-09-19 02:48:00,3645.945,3650.1805722222225,TP,4.075572222222191,23,0.43965925013591234,ml_v6,2025-09
263264,long,2025-09-19 02:50:00,2025-09-19 02:55:00,2025-09-19 03:21:00,3646.703,3650.879377777778,TP,4.016377777777753,26,0.44613072610864923,ml_v6,2025-09
263449,short,2025-09-19 18:15:00,2025-09-19 18:20:00,2025-09-19 18:55:00,3680.972,3683.2033993055556,SL,-2.391399305555551,35,0.39929076161552346,ml_v6,2025-09
263584,short,2025-09-22 06:35:00,2025-09-22 06:40:00,2025-09-22 06:43:00,3713.278,3715.5844583333333,SL,-2.4664583333333185,3,0.4026734891193,ml_v6,2025-09
263586,short,2025-09-22 06:45:00,2025-09-22 06:50:00,2025-09-22 06:54:00,3719.675,3715.962266666667,TP,3.5527333333333098,4,0.40612091746498025,ml_v6,2025-09
263588,short,2025-09-22 06:55:00,2025-09-22 07:00:00,2025-09-22 07:11:00,3714.36,3710.642188888889,TP,3.5578111111110866,11,0.40182518091369546,ml_v6,2025-09
263593,short,2025-09-22 07:20:00,2025-09-22 07:25:00,2025-09-22 07:28:00,3709.552,3711.882413194445,SL,-2.4904131944444305,3,0.4017143311755744,ml_v6,2025-09
263609,short,2025-09-22 08:40:00,2025-09-22 08:45:00,2025-09-22 09:19:00,3721.989,3724.314895833333,SL,-2.485895833333318,34,0.4066185119407264,ml_v6,2025-09
263617,short,2025-09-22 09:20:00,2025-09-22 09:25:00,2025-09-22 09:41:00,3724.7,3720.9736222222223,TP,3.5663777777777557,16,0.3992812546746818,ml_v6,2025-09
263631,short,2025-09-22 10:30:00,2025-09-22 10:35:00,2025-09-22 10:46:00,3725.091,3727.433920138889,SL,-2.5029201388888733,11,0.40573794272113717,ml_v6,2025-09
263635,short,2025-09-22 10:50:00,2025-09-22 10:55:00,2025-09-22 11:41:00,3727.751,3723.996305555556,TP,3.594694444444423,46,0.41136487450767434,ml_v6,2025-09
263646,short,2025-09-22 11:45:00,2025-09-22 11:50:00,2025-09-22 11:59:00,3722.29,3724.6547291666666,SL,-2.524729166666649,9,0.40416949119735635,ml_v6,2025-09
263659,short,2025-09-22 12:50:00,2025-09-22 12:55:00,2025-09-22 13:01:00,3720.889,3723.3364722222223,SL,-2.607472222222201,6,0.39900276687312997,ml_v6,2025-09
263663,short,2025-09-22 13:10:00,2025-09-22 13:15:00,2025-09-22 13:22:00,3722.376,3724.8278055555556,SL,-2.611805555555538,7,0.3989450695769874,ml_v6,2025-09
263666,short,2025-09-22 13:25:00,2025-09-22 13:30:00,2025-09-22 13:33:00,3723.184,3719.2662833333334,TP,3.757716666666643,3,0.40018329646755135,ml_v6,2025-09
263711,short,2025-09-22 17:10:00,2025-09-22 17:15:00,2025-09-22 17:30:00,3740.055,3742.490482638889,SL,-2.595482638888868,15,0.39927529421020425,ml_v6,2025-09
263716,short,2025-09-22 17:35:00,2025-09-22 17:40:00,2025-09-22 18:24:00,3745.126,3747.557524305556,SL,-2.5915243055555335,44,0.41213113691974557,ml_v6,2025-09
263726,short,2025-09-22 18:25:00,2025-09-22 18:30:00,2025-09-22 19:01:00,3745.897,3748.3230208333334,SL,-2.5860208333333112,31,0.4058240863339988,ml_v6,2025-09
263762,long,2025-09-22 22:25:00,2025-09-22 22:30:00,2025-09-22 22:45:00,3743.289,3740.866697916667,SL,-2.5823020833333117,15,0.44094945023330556,ml_v6,2025-09
264306,long,2025-09-24 20:45:00,2025-09-24 20:50:00,2025-09-24 22:15:00,3736.245,3740.656661111111,TP,4.251661111111097,21,0.4341198939658044,ml_v6,2025-09
264324,long,2025-09-24 23:15:00,2025-09-24 23:20:00,2025-09-25 00:04:00,3741.06,3745.473561111111,TP,4.253561111111099,44,0.4415376030554408,ml_v6,2025-09
264337,long,2025-09-25 00:20:00,2025-09-25 00:25:00,2025-09-25 00:38:00,3749.682,3746.8988993055555,SL,-2.943100694444441,13,0.43831518495781774,ml_v6,2025-09
264358,long,2025-09-25 02:05:00,2025-09-25 02:10:00,2025-09-25 02:30:00,3732.162,3736.686605555555,TP,4.364605555555555,20,0.4372499356643218,ml_v6,2025-09
264375,long,2025-09-25 03:30:00,2025-09-25 03:35:00,2025-09-25 04:13:00,3735.231,3732.4492986111113,SL,-2.941701388888889,38,0.4340242615441082,ml_v6,2025-09
264386,long,2025-09-25 04:25:00,2025-09-25 04:30:00,2025-09-25 04:34:00,3734.226,3738.628816666667,TP,4.242816666666662,4,0.4408823103482331,ml_v6,2025-09
264390,long,2025-09-25 04:45:00,2025-09-25 04:50:00,2025-09-25 05:08:00,3738.116,3735.3548125,SL,-2.9211874999999945,18,0.43689915545531166,ml_v6,2025-09
264397,long,2025-09-25 05:20:00,2025-09-25 05:25:00,2025-09-25 05:36:00,3734.843,3739.2620666666667,TP,4.259066666666655,11,0.43784953661509407,ml_v6,2025-09
264891,long,2025-09-29 00:35:00,2025-09-29 00:40:00,2025-09-29 00:46:00,3781.697,3786.2967000000003,TP,4.439700000000012,6,0.4352908078003719,ml_v6,2025-09
265003,short,2025-09-29 09:55:00,2025-09-29 10:00:00,2025-09-29 10:16:00,3807.631,3810.996277777778,SL,-3.5252777777777995,16,0.4008761259572593,ml_v6,2025-09
265011,short,2025-09-29 10:35:00,2025-09-29 10:40:00,2025-09-29 11:15:00,3817.368,3820.7687291666666,SL,-3.560729166666685,35,0.3997968646543113,ml_v6,2025-09
265020,short,2025-09-29 11:20:00,2025-09-29 11:25:00,2025-09-29 11:42:00,3823.534,3826.9388819444443,SL,-3.564881944444464,17,0.4046830299155799,ml_v6,2025-09
265025,short,2025-09-29 11:45:00,2025-09-29 11:50:00,2025-09-29 11:57:00,3826.551,3829.98275,SL,-3.5917500000000175,7,0.4110755237596122,ml_v6,2025-09
265106,short,2025-09-29 18:30:00,2025-09-29 18:35:00,2025-09-29 19:16:00,3824.896,3828.3655381944445,SL,-3.6295381944444487,41,0.40449819591213143,ml_v6,2025-09
265134,long,2025-09-29 20:50:00,2025-09-29 20:55:00,2025-09-29 22:13:00,3832.819,3829.4126944444442,SL,-3.566305555555556,14,0.4457270903375994,ml_v6,2025-09
265139,long,2025-09-29 22:15:00,2025-09-29 22:20:00,2025-09-30 00:03:00,3828.616,3834.0377222222223,TP,5.261722222222219,103,0.4376573068884264,ml_v6,2025-09
265161,long,2025-09-30 00:05:00,2025-09-30 00:10:00,2025-09-30 00:14:00,3833.284,3838.6438000000003,TP,5.199800000000001,4,0.4668116075781237,ml_v6,2025-09
265163,long,2025-09-30 00:15:00,2025-09-30 00:20:00,2025-09-30 01:01:00,3837.406,3842.800277777778,TP,5.23427777777778,41,0.43671031430765317,ml_v6,2025-09
265456,long,2025-10-01 01:40:00,2025-10-01 01:45:00,2025-10-01 02:05:00,3866.035,3872.1043277777776,TP,5.909327777777777,20,0.4460408137517129,ml_v6,2025-10
265523,long,2025-10-01 07:15:00,2025-10-01 07:20:00,2025-10-01 07:48:00,3868.407,3874.5015888888893,TP,5.934588888888898,28,0.4482950871865344,ml_v6,2025-10
265563,short,2025-10-01 10:35:00,2025-10-01 10:40:00,2025-10-01 10:46:00,3885.901,3889.340694444444,SL,-3.5996944444444448,6,0.38325091436238745,ml_v6,2025-10
265569,short,2025-10-01 11:05:00,2025-10-01 11:10:00,2025-10-01 11:32:00,3885.342,3879.930711111111,TP,5.251288888888893,22,0.38342317178578833,ml_v6,2025-10
265581,short,2025-10-01 12:05:00,2025-10-01 12:10:00,2025-10-01 12:15:00,3883.424,3886.7772395833335,SL,-3.513239583333334,5,0.3837100690961137,ml_v6,2025-10
265584,short,2025-10-01 12:20:00,2025-10-01 12:25:00,2025-10-01 12:28:00,3881.153,3875.748455555555,TP,5.244544444444446,3,0.38321655228467444,ml_v6,2025-10
265605,short,2025-10-01 14:05:00,2025-10-01 14:10:00,2025-10-01 14:27:00,3871.551,3874.9995277777775,SL,-3.6085277777777747,17,0.3856396599087284,ml_v6,2025-10
265615,short,2025-10-01 14:55:00,2025-10-01 15:00:00,2025-10-01 15:02:00,3872.989,3876.4644618055554,SL,-3.635461805555548,2,0.38393462434144476,ml_v6,2025-10
265746,long,2025-10-02 02:50:00,2025-10-02 02:55:00,2025-10-02 04:35:00,3867.273,3863.831597222222,SL,-3.60140277777778,100,0.44071615993842517,ml_v6,2025-10
265955,long,2025-10-02 20:15:00,2025-10-02 20:20:00,2025-10-02 22:12:00,3856.714,3853.3983576388887,SL,-3.475642361111093,48,0.44484267334883354,ml_v6,2025-10
265969,long,2025-10-02 22:25:00,2025-10-02 22:30:00,2025-10-02 23:32:00,3854.47,3859.7040888888887,TP,5.074088888888864,62,0.4443299970754872,ml_v6,2025-10
266163,short,2025-10-03 14:35:00,2025-10-03 14:40:00,2025-10-03 14:48:00,3874.371,3877.8624444444445,SL,-3.651444444444437,8,0.38391793504090765,ml_v6,2025-10
266166,short,2025-10-03 14:50:00,2025-10-03 14:55:00,2025-10-03 15:00:00,3876.923,3880.3981041666666,SL,-3.63510416666666,5,0.3839774353775547,ml_v6,2025-10
266169,short,2025-10-03 15:05:00,2025-10-03 15:10:00,2025-10-03 15:14:00,3876.695,3880.1773194444445,SL,-3.642319444444438,4,0.38314340248437384,ml_v6,2025-10
266347,short,2025-10-06 07:00:00,2025-10-06 07:05:00,2025-10-06 07:48:00,3934.224,3937.738947916667,SL,-3.6749479166666568,43,0.38337884083123663,ml_v6,2025-10
266378,short,2025-10-06 09:35:00,2025-10-06 09:40:00,2025-10-06 10:08:00,3941.234,3935.380838888889,TP,5.693161111111103,28,0.3845003171238468,ml_v6,2025-10
266394,short,2025-10-06 10:55:00,2025-10-06 11:00:00,2025-10-06 11:11:00,3942.113,3936.1501388888887,TP,5.802861111111106,11,0.3854027314457462,ml_v6,2025-10
266511,long,2025-10-06 20:40:00,2025-10-06 20:45:00,2025-10-06 22:09:00,3958.741,3964.833438888889,TP,5.9324388888889175,20,0.449568324644397,ml_v6,2025-10
266586,long,2025-10-07 03:55:00,2025-10-07 04:00:00,2025-10-07 05:10:00,3973.436,3969.678420138889,SL,-3.9175798611111237,70,0.4410029064067297,ml_v6,2025-10
266701,short,2025-10-07 13:30:00,2025-10-07 13:35:00,2025-10-07 13:47:00,3974.127,3977.7664652777776,SL,-3.7994652777777658,12,0.38337884083123663,ml_v6,2025-10
266788,long,2025-10-07 20:45:00,2025-10-07 20:50:00,2025-10-07 23:00:00,3985.553,3991.5524333333333,TP,5.839433333333317,66,0.4561791584290131,ml_v6,2025-10
266805,long,2025-10-07 23:10:00,2025-10-07 23:15:00,2025-10-08 00:01:00,3990.006,3995.9533388888885,TP,5.787338888888862,46,0.4444327071703537,ml_v6,2025-10
266922,short,2025-10-08 08:55:00,2025-10-08 09:00:00,2025-10-08 09:07:00,4036.218,4039.8284270833333,SL,-3.7704270833333347,7,0.38345942631097296,ml_v6,2025-10
266928,short,2025-10-08 09:25:00,2025-10-08 09:30:00,2025-10-08 09:38:00,4035.436,4038.999798611111,SL,-3.7237986111111154,8,0.38437282278867224,ml_v6,2025-10
266932,short,2025-10-08 09:45:00,2025-10-08 09:50:00,2025-10-08 09:55:00,4043.619,4047.226881944445,SL,-3.7678819444444467,5,0.3841798229488895,ml_v6,2025-10
266935,short,2025-10-08 10:00:00,2025-10-08 10:05:00,2025-10-08 10:27:00,4047.127,4041.3316999999997,TP,5.635300000000001,22,0.38487968578668097,ml_v6,2025-10
266955,short,2025-10-08 11:40:00,2025-10-08 11:45:00,2025-10-08 12:01:00,4035.031,4038.6411909722224,SL,-3.7701909722222227,16,0.38565211727948645,ml_v6,2025-10
267331,long,2025-10-09 20:00:00,2025-10-09 20:05:00,2025-10-09 22:10:00,3977.133,3971.914375,SL,-5.378624999999981,61,0.449841733967043,ml_v6,2025-10
267346,long,2025-10-09 22:15:00,2025-10-09 22:20:00,2025-10-09 23:24:00,3974.009,3982.2025944444445,TP,8.033594444444418,64,0.47179383202061886,ml_v6,2025-10
267372,long,2025-10-10 00:25:00,2025-10-10 00:30:00,2025-10-10 01:08:00,3991.54,3986.507541666667,SL,-5.192458333333319,38,0.4495786173017686,ml_v6,2025-10
267381,long,2025-10-10 01:10:00,2025-10-10 01:15:00,2025-10-10 01:17:00,3984.854,3979.8721840277776,SL,-5.141815972222214,2,0.44351602300590326,ml_v6,2025-10
267383,long,2025-10-10 01:20:00,2025-10-10 01:25:00,2025-10-10 01:39:00,3977.255,3972.2770104166666,SL,-5.137989583333326,14,0.44407751351988856,ml_v6,2025-10
267389,long,2025-10-10 01:50:00,2025-10-10 01:55:00,2025-10-10 01:59:00,3979.065,3974.055607638889,SL,-5.169392361111103,4,0.4410447993913943,ml_v6,2025-10
267391,long,2025-10-10 02:00:00,2025-10-10 02:05:00,2025-10-10 03:02:00,3979.95,3974.9528506944444,SL,-5.157149305555547,57,0.44082183493705246,ml_v6,2025-10
267424,long,2025-10-10 04:45:00,2025-10-10 04:50:00,2025-10-10 05:17:00,3966.111,3973.943188888889,TP,7.672188888888884,27,0.44454596517087314,ml_v6,2025-10
267431,long,2025-10-10 05:20:00,2025-10-10 05:25:00,2025-10-10 05:35:00,3974.894,3969.9895590277774,SL,-5.064440972222219,10,0.44111417988671864,ml_v6,2025-10
267435,long,2025-10-10 05:40:00,2025-10-10 05:45:00,2025-10-10 06:01:00,3974.809,3969.868694444445,SL,-5.1003055555555505,16,0.44246879974736775,ml_v6,2025-10
267611,long,2025-10-10 20:20:00,2025-10-10 20:25:00,2025-10-12 22:12:00,4012.546,4021.0297888888886,TP,8.323788888888918,40,0.4472189811193301,ml_v6,2025-10
267740,short,2025-10-13 08:10:00,2025-10-13 08:15:00,2025-10-13 10:49:00,4075.212,4081.0562465277776,SL,-6.004246527777778,154,0.3831785156973976,ml_v6,2025-10
267823,short,2025-10-13 15:05:00,2025-10-13 15:10:00,2025-10-13 15:15:00,4093.577,4099.065159722222,SL,-5.6481597222222195,5,0.38353311255307654,ml_v6,2025-10
267829,short,2025-10-13 15:35:00,2025-10-13 15:40:00,2025-10-13 15:55:00,4098.486,4103.922513888889,SL,-5.596513888888889,15,0.38353311255307654,ml_v6,2025-10
267834,short,2025-10-13 16:00:00,2025-10-13 16:05:00,2025-10-13 16:09:00,4107.546,4112.927892361111,SL,-5.5418923611111115,4,0.3853594435724781,ml_v6,2025-10
267844,short,2025-10-13 16:50:00,2025-10-13 16:55:00,2025-10-13 17:11:00,4110.155,4101.897166666667,TP,8.097833333333337,16,0.3863323403868244,ml_v6,2025-10
267849,short,2025-10-13 17:15:00,2025-10-13 17:20:00,2025-10-13 17:23:00,4105.754,4110.831395833333,SL,-5.237395833333333,3,0.3848861677918003,ml_v6,2025-10
267851,short,2025-10-13 17:25:00,2025-10-13 17:30:00,2025-10-13 17:50:00,4112.629,4104.57705,TP,7.891949999999998,20,0.3845300896439121,ml_v6,2025-10
267857,short,2025-10-13 17:55:00,2025-10-13 18:00:00,2025-10-13 19:06:00,4103.85,4095.8747611111116,TP,7.815238888888885,66,0.3871887399229572,ml_v6,2025-10
267886,long,2025-10-13 20:20:00,2025-10-13 20:25:00,2025-10-13 23:33:00,4110.047,4117.671333333333,TP,7.464333333333318,124,0.4407510307352367,ml_v6,2025-10
268286,short,2025-10-15 07:40:00,2025-10-15 07:45:00,2025-10-15 08:06:00,4204.865,4210.079305555555,SL,-5.374305555555567,21,0.3854157015332359,ml_v6,2025-10
268434,long,2025-10-15 20:00:00,2025-10-15 20:05:00,2025-10-15 20:20:00,4211.155,4206.0770486111105,SL,-5.237951388888882,15,0.4436030688235918,ml_v6,2025-10
268440,long,2025-10-15 20:30:00,2025-10-15 20:35:00,2025-10-15 22:15:00,4207.382,4202.316312499999,SL,-5.225687499999992,36,0.44878342860182674,ml_v6,2025-10
268450,long,2025-10-15 22:20:00,2025-10-15 22:25:00,2025-10-16 00:04:00,4210.123,4205.073788194444,SL,-5.209211805555546,99,0.45459883709464166,ml_v6,2025-10
268471,long,2025-10-16 00:05:00,2025-10-16 00:10:00,2025-10-16 00:21:00,4210.623,4218.608227777778,TP,7.82522777777776,11,0.45702746798373256,ml_v6,2025-10
268486,long,2025-10-16 01:20:00,2025-10-16 01:25:00,2025-10-16 01:37:00,4220.881,4229.044800000001,TP,8.003799999999986,12,0.4455966279698472,ml_v6,2025-10
268493,long,2025-10-16 01:55:00,2025-10-16 02:00:00,2025-10-16 02:55:00,4230.221,4238.353166666666,TP,7.972166666666652,55,0.44298825982884094,ml_v6,2025-10
268570,long,2025-10-16 08:20:00,2025-10-16 08:25:00,2025-10-16 08:31:00,4235.175,4230.134663194444,SL,-5.200336805555541,6,0.4423244321380335,ml_v6,2025-10
268591,long,2025-10-16 10:05:00,2025-10-16 10:10:00,2025-10-16 10:58:00,4238.091,4246.1291833333335,TP,7.878183333333311,48,0.44142002106053413,ml_v6,2025-10
268609,long,2025-10-16 11:35:00,2025-10-16 11:40:00,2025-10-16 12:23:00,4243.686,4238.910246527777,SL,-4.935753472222208,43,0.447041450036432,ml_v6,2025-10
268706,long,2025-10-16 23:25:00,2025-10-16 23:30:00,2025-10-16 23:35:00,4363.809,4358.526798611111,SL,-5.442201388888855,5,0.44115383366283645,ml_v6,2025-10
268713,long,2025-10-17 00:00:00,2025-10-17 00:05:00,2025-10-17 00:13:00,4361.326,4355.89871875,SL,-5.587281249999971,8,0.441501761075888,ml_v6,2025-10
268716,long,2025-10-17 00:15:00,2025-10-17 00:20:00,2025-10-17 00:26:00,4362.001,4356.51932638889,SL,-5.641673611111082,6,0.44300691246691737,ml_v6,2025-10
268719,long,2025-10-17 00:30:00,2025-10-17 00:35:00,2025-10-17 00:43:00,4358.524,4367.3021055555555,TP,8.618105555555502,8,0.44151353299323115,ml_v6,2025-10
268725,long,2025-10-17 01:00:00,2025-10-17 01:05:00,2025-10-17 01:10:00,4350.407,4359.404733333334,TP,8.837733333333292,5,0.4408030754298309,ml_v6,2025-10
268835,short,2025-10-17 10:10:00,2025-10-17 10:15:00,2025-10-17 10:37:00,4338.066,4326.1047499999995,TP,11.801250000000014,22,0.38319035604329565,ml_v6,2025-10
268842,short,2025-10-17 10:45:00,2025-10-17 10:50:00,2025-10-17 11:13:00,4336.606,4324.511972222222,TP,11.934027777777784,23,0.38452491894097784,ml_v6,2025-10
268880,short,2025-10-17 13:55:00,2025-10-17 14:00:00,2025-10-17 14:02:00,4273.883,4259.960766666666,TP,13.762233333333322,2,0.38478089108796576,ml_v6,2025-10
268882,short,2025-10-17 14:05:00,2025-10-17 14:10:00,2025-10-17 14:11:00,4237.496,4246.37803125,SL,-9.042031249999996,1,0.3831307215961979,ml_v6,2025-10
268884,short,2025-10-17 14:15:00,2025-10-17 14:20:00,2025-10-17 14:22:00,4236.15,4221.645299999999,TP,14.344699999999992,2,0.3831307215961979,ml_v6,2025-10
268886,short,2025-10-17 14:25:00,2025-10-17 14:30:00,2025-10-17 14:38:00,4240.905,4250.089263888889,SL,-9.344263888888884,8,0.3841905815872715,ml_v6,2025-10
268889,short,2025-10-17 14:40:00,2025-10-17 14:45:00,2025-10-17 14:59:00,4259.059,4244.142961111112,TP,14.756038888888877,14,0.38783683612676123,ml_v6,2025-10
268960,long,2025-10-17 20:35:00,2025-10-17 20:40:00,2025-10-19 22:05:00,4246.685,4263.111672222222,TP,16.26667222222224,18,0.44667454263005235,ml_v6,2025-10
268994,long,2025-10-20 00:30:00,2025-10-20 00:35:00,2025-10-20 00:43:00,4226.666,4242.7985944444445,TP,15.972594444444457,8,0.44130008850880387,ml_v6,2025-10
268998,long,2025-10-20 00:50:00,2025-10-20 00:55:00,2025-10-20 01:01:00,4246.114,4236.026701388889,SL,-10.24729861111112,6,0.4407604082916081,ml_v6,2025-10
269236,long,2025-10-20 20:40:00,2025-10-20 20:45:00,2025-10-20 22:03:00,4357.195,4367.391044444445,TP,10.036044444444423,14,0.44191814466793256,ml_v6,2025-10
269436,short,2025-10-21 14:20:00,2025-10-21 14:25:00,2025-10-21 14:28:00,4152.833,4140.8529,TP,11.820099999999973,3,0.38465758397908667,ml_v6,2025-10
269438,short,2025-10-21 14:30:00,2025-10-21 14:35:00,2025-10-21 14:38:00,4134.155,4122.0421166666665,TP,11.952883333333306,3,0.38465758397908667,ml_v6,2025-10
269440,short,2025-10-21 14:40:00,2025-10-21 14:45:00,2025-10-21 14:46:00,4101.733,4109.3987916666665,SL,-7.82579166666665,1,0.38465758397908667,ml_v6,2025-10
269672,short,2025-10-22 11:00:00,2025-10-22 11:05:00,2025-10-22 11:06:00,4025.091,4035.924923611111,SL,-10.99392361111109,1,0.38685511782498816,ml_v6,2025-10
269674,short,2025-10-22 11:10:00,2025-10-22 11:15:00,2025-10-22 11:24:00,4032.06,4042.937454861111,SL,-11.03745486111109,9,0.38619368508191565,ml_v6,2025-10
269677,short,2025-10-22 11:25:00,2025-10-22 11:30:00,2025-10-22 11:49:00,4020.798,4031.7270451388886,SL,-11.089045138888867,19,0.3862304164442585,ml_v6,2025-10
269682,short,2025-10-22 11:50:00,2025-10-22 11:55:00,2025-10-22 12:01:00,4022.56,4033.5881944444445,SL,-11.188194444444424,6,0.3858239276680515,ml_v6,2025-10
269685,short,2025-10-22 12:05:00,2025-10-22 12:10:00,2025-10-22 12:15:00,4028.668,4039.7793333333334,SL,-11.271333333333311,5,0.3861596806320713,ml_v6,2025-10
269688,short,2025-10-22 12:20:00,2025-10-22 12:25:00,2025-10-22 12:28:00,4031.079,4042.1895243055556,SL,-11.270524305555531,3,0.3852102233442829,ml_v6,2025-10
269822,long,2025-10-23 00:30:00,2025-10-23 00:35:00,2025-10-23 00:38:00,4082.715,4072.1440555555555,SL,-10.730944444444429,3,0.4464563862210079,ml_v6,2025-10
269824,long,2025-10-23 00:40:00,2025-10-23 00:45:00,2025-10-23 03:23:00,4081.48,4098.449144444445,TP,16.80914444444442,158,0.45558239921779586,ml_v6,2025-10
269926,long,2025-10-23 09:10:00,2025-10-23 09:15:00,2025-10-23 10:29:00,4118.442,4109.401128472222,SL,-9.200871527777766,74,0.4414820170092953,ml_v6,2025-10
270015,short,2025-10-23 16:35:00,2025-10-23 16:40:00,2025-10-23 16:44:00,4140.226,4129.230261111111,TP,10.835738888888887,4,0.38418095543714026,ml_v6,2025-10
270017,short,2025-10-23 16:45:00,2025-10-23 16:50:00,2025-10-23 17:01:00,4129.613,4136.501284722222,SL,-7.048284722222222,11,0.38437599673600653,ml_v6,2025-10
270025,short,2025-10-23 17:25:00,2025-10-23 17:30:00,2025-10-23 17:38:00,4129.675,4136.513680555556,SL,-6.998680555555557,8,0.38359164431424597,ml_v6,2025-10
270499,short,2025-10-27 11:00:00,2025-10-27 11:05:00,2025-10-27 11:11:00,4036.127,4025.8581444444444,TP,10.108855555555593,6,0.38322138026090125,ml_v6,2025-10
270539,short,2025-10-27 14:20:00,2025-10-27 14:25:00,2025-10-27 14:28:00,3992.03,3998.590680555556,SL,-6.720680555555575,3,0.38589292004437903,ml_v6,2025-10
270542,short,2025-10-27 14:35:00,2025-10-27 14:40:00,2025-10-27 14:41:00,3986.614,3993.2205590277777,SL,-6.7665590277778,1,0.3874484224590824,ml_v6,2025-10
270547,short,2025-10-27 15:00:00,2025-10-27 15:05:00,2025-10-27 15:29:00,3980.312,3986.9115694444445,SL,-6.759569444444462,24,0.38571175172658423,ml_v6,2025-10
270553,short,2025-10-27 15:30:00,2025-10-27 15:35:00,2025-10-27 16:13:00,3988.389,3994.945829861111,SL,-6.716829861111126,38,0.3848878218206928,ml_v6,2025-10
270599,long,2025-10-27 19:20:00,2025-10-27 19:25:00,2025-10-27 19:29:00,3997.871,3991.4436631944445,SL,-6.587336805555574,4,0.4409193054595363,ml_v6,2025-10
270601,long,2025-10-27 19:30:00,2025-10-27 19:35:00,2025-10-27 20:26:00,3988.855,3999.1504277777776,TP,10.135427777777807,51,0.44822473230773346,ml_v6,2025-10
270613,long,2025-10-27 20:30:00,2025-10-27 20:35:00,2025-10-27 20:40:00,3997.39,3990.973861111111,SL,-6.576138888888899,5,0.4412526458894719,ml_v6,2025-10
270718,short,2025-10-28 06:15:00,2025-10-28 06:20:00,2025-10-28 06:41:00,3955.424,3945.3436055555558,TP,9.920394444444435,21,0.38499865665765265,ml_v6,2025-10
270724,short,2025-10-28 06:45:00,2025-10-28 06:50:00,2025-10-28 07:18:00,3946.162,3936.0324888888886,TP,9.9695111111111,28,0.38538862004609564,ml_v6,2025-10
270731,short,2025-10-28 07:20:00,2025-10-28 07:25:00,2025-10-28 07:32:00,3933.743,3923.5187555555553,TP,10.064244444444435,7,0.38634020819993475,ml_v6,2025-10
270734,short,2025-10-28 07:35:00,2025-10-28 07:40:00,2025-10-28 07:49:00,3928.511,3934.9529201388887,SL,-6.6019201388888815,9,0.38325532510610083,ml_v6,2025-10
270737,short,2025-10-28 07:50:00,2025-10-28 07:55:00,2025-10-28 08:05:00,3934.539,3924.197144444445,TP,10.181855555555543,10,0.3855677767071293,ml_v6,2025-10
270741,short,2025-10-28 08:10:00,2025-10-28 08:15:00,2025-10-28 08:28:00,3921.812,3911.432138888889,TP,10.219861111111097,13,0.3848403467211292,ml_v6,2025-10
270885,long,2025-10-28 20:10:00,2025-10-28 20:15:00,2025-10-28 22:07:00,3954.171,3948.1239375,SL,-6.207062499999994,48,0.44207755632530843,ml_v6,2025-10
270923,long,2025-10-29 00:20:00,2025-10-29 00:25:00,2025-10-29 00:41:00,3969.255,3979.3810944444444,TP,9.966094444444433,16,0.44324071771636797,ml_v6,2025-10
271036,short,2025-10-29 09:45:00,2025-10-29 09:50:00,2025-10-29 10:06:00,4027.519,4018.0034888888886,TP,9.355511111111086,16,0.3852294160399006,ml_v6,2025-10
271065,short,2025-10-29 12:10:00,2025-10-29 12:15:00,2025-10-29 13:00:00,4028.304,4019.2359055555557,TP,8.908094444444425,45,0.3835884852680729,ml_v6,2025-10
271265,long,2025-10-30 05:50:00,2025-10-30 05:55:00,2025-10-30 06:12:00,3965.11,3958.373697916667,SL,-6.896302083333314,17,0.4459430019250045,ml_v6,2025-10
271293,long,2025-10-30 08:10:00,2025-10-30 08:15:00,2025-10-30 08:59:00,3965.764,3976.6969166666668,TP,10.772916666666635,44,0.441091409391015,ml_v6,2025-10
271442,long,2025-10-30 20:35:00,2025-10-30 20:40:00,2025-10-30 22:50:00,4019.274,4030.0541,TP,10.620099999999983,66,0.44162297857093813,ml_v6,2025-10
271664,short,2025-10-31 16:05:00,2025-10-31 16:10:00,2025-10-31 16:14:00,3998.193,3989.629277777778,TP,8.403722222222187,4,0.3839120639833973,ml_v6,2025-10
271713,long,2025-10-31 20:10:00,2025-10-31 20:15:00,2025-11-02 23:01:00,3998.546,3993.1110243055555,SL,-5.594975694444434,43,0.4411506998749463,ml_v6,2025-10
271748,long,2025-11-03 01:05:00,2025-11-03 01:10:00,2025-11-03 01:26:00,3984.674,3993.6858666666667,TP,8.851866666666632,16,0.4175786289099819,ml_v6,2025-11
271753,long,2025-11-03 01:30:00,2025-11-03 01:35:00,2025-11-03 01:40:00,3999.826,3994.2095798611113,SL,-5.77642013888887,5,0.4112235365207947,ml_v6,2025-11
271756,short,2025-11-03 01:45:00,2025-11-03 01:50:00,2025-11-03 01:55:00,3992.858,3998.481451388889,SL,-5.783451388888872,5,0.37165850939325207,ml_v6,2025-11
271759,short,2025-11-03 02:00:00,2025-11-03 02:05:00,2025-11-03 02:19:00,3993.152,3998.76890625,SL,-5.776906249999984,14,0.37330531122259014,ml_v6,2025-11
271763,short,2025-11-03 02:20:00,2025-11-03 02:25:00,2025-11-03 02:40:00,3998.709,4004.3473541666663,SL,-5.798354166666651,15,0.3722140246825587,ml_v6,2025-11
271768,short,2025-11-03 02:45:00,2025-11-03 02:50:00,2025-11-03 02:59:00,3999.605,4005.249458333333,SL,-5.804458333333317,9,0.3698031956153285,ml_v6,2025-11
271771,short,2025-11-03 03:00:00,2025-11-03 03:05:00,2025-11-03 03:50:00,4007.761,4013.4201006944445,SL,-5.819100694444429,45,0.370939841290034,ml_v6,2025-11
271782,long,2025-11-03 03:55:00,2025-11-03 04:00:00,2025-11-03 04:19:00,4011.183,4005.6120625,SL,-5.730937499999981,19,0.4046460061660656,ml_v6,2025-11
271787,long,2025-11-03 04:20:00,2025-11-03 04:25:00,2025-11-03 05:04:00,4003.898,3998.3421909722224,SL,-5.715809027777757,39,0.4081679893162955,ml_v6,2025-11
271796,long,2025-11-03 05:05:00,2025-11-03 05:10:00,2025-11-03 05:31:00,4007.863,4016.628961111111,TP,8.60596111111108,21,0.4118256770528955,ml_v6,2025-11
271806,long,2025-11-03 05:55:00,2025-11-03 06:00:00,2025-11-03 07:03:00,4014.082,4022.754938888889,TP,8.512938888888856,63,0.4056518314674711,ml_v6,2025-11
271820,short,2025-11-03 07:05:00,2025-11-03 07:10:00,2025-11-03 07:50:00,4020.255,4025.652864583333,SL,-5.5578645833333145,40,0.37399915106998105,ml_v6,2025-11
271830,short,2025-11-03 07:55:00,2025-11-03 08:00:00,2025-11-03 08:23:00,4025.371,4016.7913055555555,TP,8.41969444444442,23,0.37177816279636045,ml_v6,2025-11
271836,short,2025-11-03 08:25:00,2025-11-03 08:30:00,2025-11-03 08:59:00,4014.422,4019.762652777778,SL,-5.5006527777777645,29,0.3701283509324612,ml_v6,2025-11
271843,short,2025-11-03 09:00:00,2025-11-03 09:05:00,2025-11-03 09:08:00,4019.47,4024.782833333333,SL,-5.472833333333316,3,0.37542335935340543,ml_v6,2025-11
271847,short,2025-11-03 09:20:00,2025-11-03 09:25:00,2025-11-03 09:27:00,4014.719,4006.2435555555558,TP,8.315444444444417,2,0.36978097798398846,ml_v6,2025-11
271851,short,2025-11-03 09:40:00,2025-11-03 09:45:00,2025-11-03 09:50:00,3997.228,4002.5490659722223,SL,-5.481065972222204,5,0.3723632747130763,ml_v6,2025-11
271854,short,2025-11-03 09:55:00,2025-11-03 10:00:00,2025-11-03 11:26:00,4000.679,4005.9982430555556,SL,-5.479243055555538,86,0.3711159134107005,ml_v6,2025-11
271878,short,2025-11-03 11:55:00,2025-11-03 12:00:00,2025-11-03 12:48:00,4007.556,4012.790989583333,SL,-5.394989583333323,48,0.3702600210815517,ml_v6,2025-11
271891,short,2025-11-03 13:00:00,2025-11-03 13:05:00,2025-11-03 13:36:00,4014.683,4019.9025347222223,SL,-5.379534722222213,31,0.37080725132523457,ml_v6,2025-11
271899,short,2025-11-03 13:40:00,2025-11-03 13:45:00,2025-11-03 14:30:00,4017.327,4008.9682000000003,TP,8.198799999999984,45,0.3709998482661616,ml_v6,2025-11
271910,short,2025-11-03 14:35:00,2025-11-03 14:40:00,2025-11-03 14:45:00,4010.005,4015.2495555555556,SL,-5.404555555555546,5,0.3753104114728343,ml_v6,2025-11
271913,short,2025-11-03 14:50:00,2025-11-03 14:55:00,2025-11-03 15:00:00,4024.09,4029.3304270833337,SL,-5.400427083333322,5,0.36987184526494854,ml_v6,2025-11
271916,long,2025-11-03 15:05:00,2025-11-03 15:10:00,2025-11-03 15:24:00,4025.806,4020.571517361111,SL,-5.394482638888878,14,0.4024303798035469,ml_v6,2025-11
271920,short,2025-11-03 15:25:00,2025-11-03 15:30:00,2025-11-03 15:39:00,4011.426,4016.7007604166665,SL,-5.434760416666656,9,0.37503074647954815,ml_v6,2025-11
271923,long,2025-11-03 15:40:00,2025-11-03 15:45:00,2025-11-03 15:51:00,4021.294,4016.0159965277776,SL,-5.43800347222221,6,0.4058502513398561,ml_v6,2025-11
271926,short,2025-11-03 15:55:00,2025-11-03 16:00:00,2025-11-03 16:16:00,4008.604,4000.1495,TP,8.29449999999998,16,0.3757141733365428,ml_v6,2025-11
271931,short,2025-11-03 16:20:00,2025-11-03 16:25:00,2025-11-03 16:39:00,3998.311,4003.6047847222226,SL,-5.45378472222221,14,0.3749246055083644,ml_v6,2025-11
271935,short,2025-11-03 16:40:00,2025-11-03 16:45:00,2025-11-03 16:49:00,4003.608,4008.864809027778,SL,-5.416809027777767,4,0.37527217509321087,ml_v6,2025-11
271937,short,2025-11-03 16:50:00,2025-11-03 16:55:00,2025-11-03 18:22:00,4009.04,4000.6514333333334,TP,8.228566666666651,87,0.3727878385978114,ml_v6,2025-11
271971,long,2025-11-03 19:40:00,2025-11-03 19:45:00,2025-11-03 20:02:00,4000.566,4008.2982388888886,TP,7.572238888888869,17,0.40283233830597437,ml_v6,2025-11
271976,long,2025-11-03 20:05:00,2025-11-03 20:10:00,2025-11-03 21:20:00,4008.419,4003.5806944444444,SL,-4.9983055555555405,70,0.40888350774461246,ml_v6,2025-11
272001,short,2025-11-03 23:10:00,2025-11-03 23:15:00,2025-11-03 23:21:00,3988.436,3993.202513888889,SL,-4.92651388888887,6,0.37221779175506253,ml_v6,2025-11
272011,long,2025-11-04 00:00:00,2025-11-04 00:05:00,2025-11-04 00:36:00,3991.682,3986.8859444444442,SL,-4.956055555555534,31,0.4024097615275043,ml_v6,2025-11
272019,short,2025-11-04 00:40:00,2025-11-04 00:45:00,2025-11-04 00:48:00,3980.05,3984.814902777778,SL,-4.924902777777754,3,0.3761746197849361,ml_v6,2025-11
272021,short,2025-11-04 00:50:00,2025-11-04 00:55:00,2025-11-04 01:01:00,3985.948,3990.7218020833334,SL,-4.93380208333331,6,0.38299511911443584,ml_v6,2025-11
272024,short,2025-11-04 01:05:00,2025-11-04 01:10:00,2025-11-04 01:16:00,3987.311,3992.0827986111112,SL,-4.931798611111087,6,0.38257614316514843,ml_v6,2025-11
272027,short,2025-11-04 01:20:00,2025-11-04 01:25:00,2025-11-04 02:03:00,3986.764,3979.2118,TP,7.392199999999965,38,0.38239566030076855,ml_v6,2025-11
272036,short,2025-11-04 02:05:00,2025-11-04 02:10:00,2025-11-04 02:18:00,3977.156,3981.8105451388888,SL,-4.814545138888872,8,0.37568419104935324,ml_v6,2025-11
272039,short,2025-11-04 02:20:00,2025-11-04 02:25:00,2025-11-04 02:30:00,3980.419,3985.047631944444,SL,-4.788631944444426,5,0.3725991589439074,ml_v6,2025-11
272042,short,2025-11-04 02:35:00,2025-11-04 02:40:00,2025-11-04 03:00:00,3982.645,3987.263302083333,SL,-4.778302083333315,20,0.37272714501740134,ml_v6,2025-11
272048,short,2025-11-04 03:05:00,2025-11-04 03:10:00,2025-11-04 03:27:00,3987.036,3991.6736319444444,SL,-4.797631944444424,17,0.37039742412141674,ml_v6,2025-11
272053,short,2025-11-04 03:30:00,2025-11-04 03:35:00,2025-11-04 04:17:00,3995.292,3987.911511111111,TP,7.22048888888886,42,0.3729772323565852,ml_v6,2025-11
272068,long,2025-11-04 04:45:00,2025-11-04 04:50:00,2025-11-04 05:05:00,3985.963,3981.404621527778,SL,-4.718378472222207,15,0.40663399205791645,ml_v6,2025-11
272073,long,2025-11-04 05:10:00,2025-11-04 05:15:00,2025-11-04 05:34:00,3983.891,3979.3407500000003,SL,-4.710249999999983,19,0.4205745736072368,ml_v6,2025-11
272078,short,2025-11-04 05:35:00,2025-11-04 05:40:00,2025-11-04 05:59:00,3980.348,3973.0578111111113,TP,7.130188888888863,19,0.3796729828333769,ml_v6,2025-11
272083,short,2025-11-04 06:00:00,2025-11-04 06:05:00,2025-11-04 06:31:00,3971.818,3976.4211458333334,SL,-4.763145833333313,26,0.3808184606444994,ml_v6,2025-11
272090,long,2025-11-04 06:35:00,2025-11-04 06:40:00,2025-11-04 06:55:00,3978.219,3985.60115,TP,7.222149999999972,15,0.4121292486224518,ml_v6,2025-11
272095,long,2025-11-04 07:00:00,2025-11-04 07:05:00,2025-11-04 07:20:00,3985.89,3993.2966888888886,TP,7.246688888888863,15,0.4108723556371926,ml_v6,2025-11
272100,long,2025-11-04 07:25:00,2025-11-04 07:30:00,2025-11-04 10:00:00,3994.056,3989.4120243055554,SL,-4.803975694444428,150,0.43671143931943546,ml_v6,2025-11
272132,long,2025-11-04 10:05:00,2025-11-04 10:10:00,2025-11-04 11:50:00,3990.214,3997.6270666666665,TP,7.253066666666639,100,0.4162567150984317,ml_v6,2025-11
272154,long,2025-11-04 11:55:00,2025-11-04 12:00:00,2025-11-04 12:29:00,3995.22,3990.7142256944444,SL,-4.66577430555554,29,0.4231429983911802,ml_v6,2025-11
272162,long,2025-11-04 12:35:00,2025-11-04 12:40:00,2025-11-04 12:55:00,3988.335,3983.84778125,SL,-4.647218749999981,15,0.4089098883863791,ml_v6,2025-11
272167,long,2025-11-04 13:00:00,2025-11-04 13:05:00,2025-11-04 13:11:00,3988.017,3995.229894444444,TP,7.052894444444416,6,0.41056642336151816,ml_v6,2025-11
272170,long,2025-11-04 13:15:00,2025-11-04 13:20:00,2025-11-04 13:21:00,3992.913,3988.3816354166665,SL,-4.691364583333316,1,0.41585829020847764,ml_v6,2025-11
272172,long,2025-11-04 13:25:00,2025-11-04 13:30:00,2025-11-04 13:34:00,3983.881,3979.32678125,SL,-4.714218749999982,4,0.4200092264030617,ml_v6,2025-11
272174,long,2025-11-04 13:35:00,2025-11-04 13:40:00,2025-11-04 13:51:00,3978.649,3974.0758888888886,SL,-4.733111111111093,11,0.4100100588610545,ml_v6,2025-11
272178,short,2025-11-04 13:55:00,2025-11-04 14:00:00,2025-11-04 14:03:00,3975.714,3968.3584555555553,TP,7.195544444444415,3,0.3736012942026512,ml_v6,2025-11
272180,short,2025-11-04 14:05:00,2025-11-04 14:10:00,2025-11-04 14:12:00,3970.571,3975.191427083333,SL,-4.780427083333313,2,0.3810834801624672,ml_v6,2025-11
272182,short,2025-11-04 14:15:00,2025-11-04 14:20:00,2025-11-04 14:29:00,3972.949,3965.5294611111112,TP,7.259538888888858,9,0.37484828297599715,ml_v6,2025-11
272185,short,2025-11-04 14:30:00,2025-11-04 14:35:00,2025-11-04 14:40:00,3938.551,3930.9413,TP,7.4496999999999725,5,0.38034316775171956,ml_v6,2025-11
272188,short,2025-11-04 14:45:00,2025-11-04 14:50:00,2025-11-04 14:51:00,3938.594,3943.411482638889,SL,-4.977482638888872,1,0.37976039823858937,ml_v6,2025-11
272190,long,2025-11-04 14:55:00,2025-11-04 15:00:00,2025-11-04 15:02:00,3956.958,3952.082152777778,SL,-5.0358472222222055,2,0.41585650172355404,ml_v6,2025-11
272192,long,2025-11-04 15:05:00,2025-11-04 15:10:00,2025-11-04 15:11:00,3953.044,3948.1561215277775,SL,-5.047878472222206,1,0.41119914643422895,ml_v6,2025-11
272194,long,2025-11-04 15:15:00,2025-11-04 15:20:00,2025-11-04 15:21:00,3947.133,3942.2160729166667,SL,-5.076927083333317,1,0.40877120892230245,ml_v6,2025-11
272196,long,2025-11-04 15:25:00,2025-11-04 15:30:00,2025-11-04 15:33:00,3949.099,3956.9710333333333,TP,7.71203333333331,3,0.4103027324808168,ml_v6,2025-11
272198,long,2025-11-04 15:35:00,2025-11-04 15:40:00,2025-11-04 15:45:00,3966.909,3961.9739062500003,SL,-5.095093749999985,5,0.4040744476814746,ml_v6,2025-11
272201,long,2025-11-04 15:50:00,2025-11-04 15:55:00,2025-11-04 16:16:00,3959.186,3967.0388666666668,TP,7.692866666666647,21,0.40648376894540406,ml_v6,2025-11
272207,long,2025-11-04 16:20:00,2025-11-04 16:25:00,2025-11-04 16:32:00,3974.367,3969.475621527778,SL,-5.051378472222213,7,0.402488472703012,ml_v6,2025-11
272210,long,2025-11-04 16:35:00,2025-11-04 16:40:00,2025-11-04 16:50:00,3969.188,3964.3581180555557,SL,-4.989881944444438,10,0.41819027922808677,ml_v6,2025-11
272214,long,2025-11-04 16:55:00,2025-11-04 17:00:00,2025-11-04 17:08:00,3969.031,3964.2559895833333,SL,-4.935010416666662,8,0.41368049610624785,ml_v6,2025-11
272217,long,2025-11-04 17:10:00,2025-11-04 17:15:00,2025-11-04 17:21:00,3964.014,3959.2612256944444,SL,-4.912774305555551,6,0.4355381605745667,ml_v6,2025-11
272220,long,2025-11-04 17:25:00,2025-11-04 17:30:00,2025-11-04 17:57:00,3959.474,3954.7489930555557,SL,-4.885006944444437,27,0.4424341207829946,ml_v6,2025-11
272227,long,2025-11-04 18:00:00,2025-11-04 18:05:00,2025-11-04 18:10:00,3955.23,3950.4991180555558,SL,-4.890881944444438,5,0.4288228432972909,ml_v6,2025-11
272230,long,2025-11-04 18:15:00,2025-11-04 18:20:00,2025-11-04 18:32:00,3949.327,3944.600625,SL,-4.88637499999999,12,0.44746340817733166,ml_v6,2025-11
272234,long,2025-11-04 18:35:00,2025-11-04 18:40:00,2025-11-04 19:12:00,3935.105,3942.777077777778,TP,7.512077777777769,32,0.43185115539862806,ml_v6,2025-11
272242,long,2025-11-04 19:15:00,2025-11-04 19:20:00,2025-11-04 19:43:00,3942.214,3937.350246527778,SL,-5.023753472222218,23,0.46125263873310746,ml_v6,2025-11
272248,long,2025-11-04 19:45:00,2025-11-04 19:50:00,2025-11-04 20:04:00,3936.524,3931.66396875,SL,-5.020031249999995,14,0.4735686676270157,ml_v6,2025-11
272252,long,2025-11-04 20:05:00,2025-11-04 20:10:00,2025-11-04 20:43:00,3934.267,3942.007083333333,TP,7.580083333333327,33,0.43906421497149095,ml_v6,2025-11
272260,long,2025-11-04 20:45:00,2025-11-04 20:50:00,2025-11-04 21:26:00,3937.549,3932.6895972222223,SL,-5.0194027777777706,36,0.45360208466820795,ml_v6,2025-11
272269,long,2025-11-04 21:30:00,2025-11-04 21:35:00,2025-11-04 23:06:00,3932.431,3940.1631055555554,TP,7.5721055555555505,29,0.40607168478578826,ml_v6,2025-11
272287,long,2025-11-05 00:00:00,2025-11-05 00:05:00,2025-11-05 00:10:00,3941.567,3936.6479965277777,SL,-5.07900347222222,5,0.41428717822722755,ml_v6,2025-11
272290,long,2025-11-05 00:15:00,2025-11-05 00:20:00,2025-11-05 00:25:00,3941.372,3936.50746875,SL,-5.0245312499999955,5,0.4203185903026795,ml_v6,2025-11
272293,long,2025-11-05 00:30:00,2025-11-05 00:35:00,2025-11-05 00:40:00,3937.229,3932.3697777777775,SL,-5.019222222222219,5,0.4104825187729652,ml_v6,2025-11
272298,long,2025-11-05 00:55:00,2025-11-05 01:00:00,2025-11-05 01:25:00,3939.908,3947.7375388888886,TP,7.66953888888889,25,0.41203694197735574,ml_v6,2025-11
272305,long,2025-11-05 01:30:00,2025-11-05 01:35:00,2025-11-05 01:47:00,3943.429,3938.52496875,SL,-5.064031250000006,12,0.42780554223963263,ml_v6,2025-11
272312,long,2025-11-05 02:05:00,2025-11-05 02:10:00,2025-11-05 02:37:00,3940.892,3948.721255555555,TP,7.669255555555571,27,0.42257520060548903,ml_v6,2025-11
272319,long,2025-11-05 02:40:00,2025-11-05 02:45:00,2025-11-05 03:03:00,3945.22,3952.9995944444445,TP,7.619594444444459,18,0.4265980847920765,ml_v6,2025-11
272324,long,2025-11-05 03:05:00,2025-11-05 03:10:00,2025-11-05 03:46:00,3953.724,3961.455966666667,TP,7.571966666666683,36,0.4054816267503978,ml_v6,2025-11
272350,short,2025-11-05 05:15:00,2025-11-05 05:20:00,2025-11-05 05:46:00,3974.452,3966.916738888889,TP,7.3752611111111275,26,0.3746011930715855,ml_v6,2025-11
272357,short,2025-11-05 05:50:00,2025-11-05 05:55:00,2025-11-05 06:24:00,3965.278,3969.996798611111,SL,-4.878798611111124,29,0.37619861785221176,ml_v6,2025-11
272364,short,2025-11-05 06:25:00,2025-11-05 06:30:00,2025-11-05 06:35:00,3967.477,3972.20915625,SL,-4.892156250000015,5,0.37338590446758346,ml_v6,2025-11
272367,short,2025-11-05 06:40:00,2025-11-05 06:45:00,2025-11-05 07:08:00,3971.5,3963.9462222222223,TP,7.3937777777777995,23,0.3794636559848793,ml_v6,2025-11
272373,short,2025-11-05 07:10:00,2025-11-05 07:15:00,2025-11-05 07:43:00,3966.425,3971.076430555556,SL,-4.811430555555572,28,0.3783214653055622,ml_v6,2025-11
272380,short,2025-11-05 07:45:00,2025-11-05 07:50:00,2025-11-05 08:00:00,3971.189,3975.8034409722222,SL,-4.774440972222237,10,0.3782577032449859,ml_v6,2025-11
272384,short,2025-11-05 08:05:00,2025-11-05 08:10:00,2025-11-05 08:27:00,3986.168,3978.753177777778,TP,7.254822222222246,17,0.38460452679443435,ml_v6,2025-11
272389,short,2025-11-05 08:30:00,2025-11-05 08:35:00,2025-11-05 09:16:00,3981.735,3974.3565555555556,TP,7.218444444444465,41,0.3832149488096245,ml_v6,2025-11
272399,short,2025-11-05 09:20:00,2025-11-05 09:25:00,2025-11-05 09:40:00,3966.814,3971.4169722222223,SL,-4.762972222222231,15,0.377279671509129,ml_v6,2025-11
272404,short,2025-11-05 09:45:00,2025-11-05 09:50:00,2025-11-05 10:03:00,3970.975,3963.6241,TP,7.190900000000014,13,0.37901019098333233,ml_v6,2025-11
272408,short,2025-11-05 10:05:00,2025-11-05 10:10:00,2025-11-05 10:47:00,3965.513,3970.1420694444446,SL,-4.789069444444458,37,0.37850825734840055,ml_v6,2025-11
272417,short,2025-11-05 10:50:00,2025-11-05 10:55:00,2025-11-05 11:03:00,3962.198,3966.809708333333,SL,-4.771708333333348,8,0.3741264115313252,ml_v6,2025-11
272420,short,2025-11-05 11:05:00,2025-11-05 11:10:00,2025-11-05 11:50:00,3962.771,3967.3924722222223,SL,-4.781472222222234,40,0.3736697952488621,ml_v6,2025-11
272430,short,2025-11-05 11:55:00,2025-11-05 12:00:00,2025-11-05 13:07:00,3966.874,3971.4786979166665,SL,-4.764697916666672,67,0.3701487010321721,ml_v6,2025-11
272445,short,2025-11-05 13:10:00,2025-11-05 13:15:00,2025-11-05 13:17:00,3972.461,3965.0343999999996,TP,7.266600000000011,2,0.37116583392417035,ml_v6,2025-11
272447,short,2025-11-05 13:20:00,2025-11-05 13:25:00,2025-11-05 14:13:00,3975.521,3980.2041319444447,SL,-4.843131944444451,48,0.36981647417342267,ml_v6,2025-11
272458,short,2025-11-05 14:15:00,2025-11-05 14:20:00,2025-11-05 14:28:00,3980.329,3985.0083159722226,SL,-4.839315972222229,8,0.3761491531329524,ml_v6,2025-11
272461,long,2025-11-05 14:30:00,2025-11-05 14:35:00,2025-11-05 14:41:00,3984.008,3979.3623090277774,SL,-4.805690972222228,6,0.4207221180914974,ml_v6,2025-11
272464,short,2025-11-05 14:45:00,2025-11-05 14:50:00,2025-11-05 14:56:00,3972.294,3976.9524895833333,SL,-4.8184895833333385,6,0.3821336829858195,ml_v6,2025-11
272467,short,2025-11-05 15:00:00,2025-11-05 15:05:00,2025-11-05 15:07:00,3970.843,3975.510798611111,SL,-4.8277986111111195,2,0.38060431720785015,ml_v6,2025-11
272469,short,2025-11-05 15:10:00,2025-11-05 15:15:00,2025-11-05 15:25:00,3970.604,3975.2652152777778,SL,-4.821215277777785,10,0.3799110257821452,ml_v6,2025-11
272473,long,2025-11-05 15:30:00,2025-11-05 15:35:00,2025-11-05 16:07:00,3981.666,3977.0972847222224,SL,-4.728715277777784,32,0.41736052463153056,ml_v6,2025-11
272481,short,2025-11-05 16:10:00,2025-11-05 16:15:00,2025-11-05 16:29:00,3976.655,3981.082295138889,SL,-4.5872951388888925,14,0.3759435469107997,ml_v6,2025-11
272485,long,2025-11-05 16:30:00,2025-11-05 16:35:00,2025-11-05 16:47:00,3979.943,3986.951411111111,TP,6.84841111111112,12,0.4184572664598444,ml_v6,2025-11
272489,short,2025-11-05 16:50:00,2025-11-05 16:55:00,2025-11-05 17:21:00,3986.871,3979.8974444444443,TP,6.813555555555565,26,0.37111937048009747,ml_v6,2025-11
272496,short,2025-11-05 17:25:00,2025-11-05 17:30:00,2025-11-05 19:42:00,3982.391,3986.7107673611113,SL,-4.479767361111117,132,0.3748451078133952,ml_v6,2025-11
272524,long,2025-11-05 19:45:00,2025-11-05 19:50:00,2025-11-05 20:47:00,3986.602,3982.534878472222,SL,-4.2271215277777845,57,0.4314070383402348,ml_v6,2025-11
272537,long,2025-11-05 20:50:00,2025-11-05 20:55:00,2025-11-05 21:56:00,3982.517,3978.526770833333,SL,-4.150229166666678,61,0.44673735645924184,ml_v6,2025-11
272567,long,2025-11-06 00:20:00,2025-11-06 00:25:00,2025-11-06 00:41:00,3973.457,3969.537663194444,SL,-4.079336805555572,16,0.4031732757661767,ml_v6,2025-11
272576,long,2025-11-06 01:05:00,2025-11-06 01:10:00,2025-11-06 01:21:00,3966.74,3972.9464277777774,TP,6.046427777777809,11,0.40195848330458883,ml_v6,2025-11
272587,long,2025-11-06 02:00:00,2025-11-06 02:05:00,2025-11-06 02:33:00,3977.094,3983.225122222222,TP,5.971122222222257,28,0.40171041020251075,ml_v6,2025-11
272594,long,2025-11-06 02:35:00,2025-11-06 02:40:00,2025-11-06 03:37:00,3983.199,3989.258838888889,TP,5.899838888888915,57,0.4505472260766463,ml_v6,2025-11
272607,long,2025-11-06 03:40:00,2025-11-06 03:45:00,2025-11-06 06:46:00,3987.65,3983.950388888889,SL,-3.8596111111111266,181,0.4665240143041288,ml_v6,2025-11
272645,long,2025-11-06 06:50:00,2025-11-06 06:55:00,2025-11-06 07:00:00,3988.745,3994.4488055555553,TP,5.543805555555576,5,0.4417270603838439,ml_v6,2025-11
272648,short,2025-11-06 07:05:00,2025-11-06 07:10:00,2025-11-06 07:19:00,3997.137,4000.701017361111,SL,-3.7240173611111236,9,0.37295389713815563,ml_v6,2025-11
272651,long,2025-11-06 07:20:00,2025-11-06 07:25:00,2025-11-06 08:17:00,4005.693,4011.4007500000002,TP,5.54775000000002,52,0.4210793801802687,ml_v6,2025-11
272663,long,2025-11-06 08:20:00,2025-11-06 08:25:00,2025-11-06 09:55:00,4013.154,4009.5950381944444,SL,-3.718961805555571,90,0.4158004304121613,ml_v6,2025-11
272683,long,2025-11-06 10:00:00,2025-11-06 10:05:00,2025-11-06 10:30:00,4008.575,4005.1078229166665,SL,-3.627177083333348,25,0.411034450624471,ml_v6,2025-11
272690,short,2025-11-06 10:35:00,2025-11-06 10:40:00,2025-11-06 10:55:00,4005.692,4009.108045138889,SL,-3.5760451388889045,15,0.3701467786513212,ml_v6,2025-11
272695,short,2025-11-06 11:00:00,2025-11-06 11:05:00,2025-11-06 11:35:00,4009.636,4013.0271875,SL,-3.5511875000000153,30,0.37220705790146613,ml_v6,2025-11
272703,short,2025-11-06 11:40:00,2025-11-06 11:45:00,2025-11-06 11:52:00,4015.904,4019.2697222222223,SL,-3.525722222222238,7,0.3708854424805807,ml_v6,2025-11
272706,short,2025-11-06 11:55:00,2025-11-06 12:00:00,2025-11-06 12:10:00,4018.044,4012.6943333333334,TP,5.189666666666692,10,0.37029243586971033,ml_v6,2025-11
272710,short,2025-11-06 12:15:00,2025-11-06 12:20:00,2025-11-06 12:37:00,4013.933,4008.5949944444446,TP,5.178005555555583,17,0.37082670210315455,ml_v6,2025-11
272715,short,2025-11-06 12:40:00,2025-11-06 12:45:00,2025-11-06 12:53:00,4009.244,4003.907111111111,TP,5.176888888888916,8,0.37220413727387214,ml_v6,2025-11
272718,short,2025-11-06 12:55:00,2025-11-06 13:00:00,2025-11-06 13:05:00,4005.308,4008.6492395833334,SL,-3.501239583333351,5,0.3730942581377866,ml_v6,2025-11
272721,short,2025-11-06 13:10:00,2025-11-06 13:15:00,2025-11-06 13:22:00,4011.734,4015.0911354166665,SL,-3.5171354166666844,7,0.3698266649442088,ml_v6,2025-11
272724,long,2025-11-06 13:25:00,2025-11-06 13:30:00,2025-11-06 14:02:00,4013.473,4010.1236041666666,SL,-3.5093958333333517,32,0.42350338920694064,ml_v6,2025-11
272732,short,2025-11-06 14:05:00,2025-11-06 14:10:00,2025-11-06 14:18:00,4009.198,4003.8355888888887,TP,5.202411111111141,8,0.37222913446000927,ml_v6,2025-11
272735,long,2025-11-06 14:20:00,2025-11-06 14:25:00,2025-11-06 14:29:00,3995.188,3991.841125,SL,-3.5068750000000164,4,0.4071359970692644,ml_v6,2025-11
272737,long,2025-11-06 14:30:00,2025-11-06 14:35:00,2025-11-06 14:41:00,3999.53,3996.145763888889,SL,-3.5442361111111267,6,0.40479315402751626,ml_v6,2025-11
272740,long,2025-11-06 14:45:00,2025-11-06 14:50:00,2025-11-06 14:51:00,3999.102,3995.7130590277775,SL,-3.548940972222239,1,0.40196542928832424,ml_v6,2025-11
272743,short,2025-11-06 15:00:00,2025-11-06 15:05:00,2025-11-06 15:06:00,3979.438,3982.857322916667,SL,-3.579322916666682,1,0.3779564702706706,ml_v6,2025-11
272745,short,2025-11-06 15:10:00,2025-11-06 15:15:00,2025-11-06 15:17:00,3982.658,3986.0908402777777,SL,-3.5928402777777917,2,0.37758890332750195,ml_v6,2025-11
272747,short,2025-11-06 15:20:00,2025-11-06 15:25:00,2025-11-06 15:31:00,3989.652,3984.1327055555557,TP,5.359294444444467,6,0.37231931628755444,ml_v6,2025-11
272750,short,2025-11-06 15:35:00,2025-11-06 15:40:00,2025-11-06 15:41:00,3979.71,3983.1804479166667,SL,-3.630447916666681,1,0.3733146691518199,ml_v6,2025-11
272752,short,2025-11-06 15:45:00,2025-11-06 15:50:00,2025-11-06 15:55:00,3980.522,3983.9746631944445,SL,-3.6126631944444596,5,0.37770689072183483,ml_v6,2025-11
272756,short,2025-11-06 16:05:00,2025-11-06 16:10:00,2025-11-06 16:17:00,3985.338,3979.869705555556,TP,5.308294444444471,7,0.37268621267846935,ml_v6,2025-11
272759,short,2025-11-06 16:20:00,2025-11-06 16:25:00,2025-11-06 16:29:00,3979.839,3983.2486076388886,SL,-3.5696076388889084,4,0.3779487514691722,ml_v6,2025-11
272766,short,2025-11-06 16:55:00,2025-11-06 17:00:00,2025-11-06 17:03:00,3980.95,3984.3578993055553,SL,-3.5678993055555726,3,0.3703916722731959,ml_v6,2025-11
272768,short,2025-11-06 17:05:00,2025-11-06 17:10:00,2025-11-06 17:14:00,3983.543,3978.0992055555557,TP,5.283794444444471,4,0.37083049656919354,ml_v6,2025-11
272771,short,2025-11-06 17:20:00,2025-11-06 17:25:00,2025-11-06 17:32:00,3967.628,3971.0559861111115,SL,-3.5879861111111295,7,0.3783929037746688,ml_v6,2025-11
272774,short,2025-11-06 17:35:00,2025-11-06 17:40:00,2025-11-06 17:42:00,3975.208,3978.636361111111,SL,-3.588361111111128,2,0.3702648037867915,ml_v6,2025-11
272777,short,2025-11-06 17:50:00,2025-11-06 17:55:00,2025-11-06 18:08:00,3986.016,3980.5209222222225,TP,5.335077777777803,13,0.3720181638198268,ml_v6,2025-11
272782,short,2025-11-06 18:15:00,2025-11-06 18:20:00,2025-11-06 18:24:00,3985.153,3988.5809791666666,SL,-3.587979166666682,4,0.3748733753161799,ml_v6,2025-11
272785,short,2025-11-06 18:30:00,2025-11-06 18:35:00,2025-11-06 18:40:00,3987.514,3990.971826388889,SL,-3.617826388888904,5,0.3720222467379939,ml_v6,2025-11
272788,short,2025-11-06 18:45:00,2025-11-06 18:50:00,2025-11-06 19:11:00,3988.956,3992.4176875000003,SL,-3.6216875000000157,21,0.37079726697973125,ml_v6,2025-11
272797,long,2025-11-06 19:30:00,2025-11-06 19:35:00,2025-11-06 19:46:00,3990.974,3987.5130069444444,SL,-3.6209930555555703,11,0.4258241222203336,ml_v6,2025-11
272801,long,2025-11-06 19:50:00,2025-11-06 19:55:00,2025-11-06 20:45:00,3985.429,3981.9543055555555,SL,-3.6346944444444556,50,0.41034499532803703,ml_v6,2025-11
272813,long,2025-11-06 20:50:00,2025-11-06 20:55:00,2025-11-06 21:05:00,3982.419,3978.931454861111,SL,-3.647545138888897,10,0.4267419608361366,ml_v6,2025-11
272817,long,2025-11-06 21:10:00,2025-11-06 21:15:00,2025-11-06 21:49:00,3981.25,3977.761246527778,SL,-3.6487534722222303,34,0.4402855950457273,ml_v6,2025-11
272825,long,2025-11-06 21:50:00,2025-11-06 21:55:00,2025-11-06 23:12:00,3977.313,3982.8604944444446,TP,5.387494444444457,15,0.4345451309039341,ml_v6,2025-11
272830,long,2025-11-06 23:15:00,2025-11-06 23:20:00,2025-11-06 23:54:00,3984.052,3989.6311,TP,5.4191000000000145,34,0.45035057899808695,ml_v6,2025-11
272838,long,2025-11-06 23:55:00,2025-11-07 00:00:00,2025-11-07 00:10:00,3989.22,3985.718954861111,SL,-3.6610451388888965,10,0.4572019988179452,ml_v6,2025-11
272842,long,2025-11-07 00:15:00,2025-11-07 00:20:00,2025-11-07 01:00:00,3990.721,3987.2444652777776,SL,-3.6365347222222324,40,0.4444615248114734,ml_v6,2025-11
272852,long,2025-11-07 01:05:00,2025-11-07 01:10:00,2025-11-07 01:43:00,3996.39,4001.9455166666667,TP,5.395516666666674,33,0.41958681711872703,ml_v6,2025-11
272860,long,2025-11-07 01:45:00,2025-11-07 01:50:00,2025-11-07 02:15:00,4000.376,3996.888548611111,SL,-3.6474513888888906,25,0.41420684227336435,ml_v6,2025-11
272867,long,2025-11-07 02:20:00,2025-11-07 02:25:00,2025-11-07 02:31:00,3996.501,3993.0556875,SL,-3.6053125,6,0.4384173373194955,ml_v6,2025-11
272870,long,2025-11-07 02:35:00,2025-11-07 02:40:00,2025-11-07 02:42:00,3998.453,3995.009107638889,SL,-3.603892361111109,2,0.4237987376793153,ml_v6,2025-11
272872,long,2025-11-07 02:45:00,2025-11-07 02:50:00,2025-11-07 03:04:00,3994.736,3991.2774097222223,SL,-3.6185902777777765,14,0.42795301781469064,ml_v6,2025-11
272876,long,2025-11-07 03:05:00,2025-11-07 03:10:00,2025-11-07 03:44:00,3989.314,3994.844544444444,TP,5.370544444444442,34,0.4504824120106882,ml_v6,2025-11
272884,long,2025-11-07 03:45:00,2025-11-07 03:50:00,2025-11-07 03:53:00,3994.572,3991.13696875,SL,-3.5950312499999995,3,0.43959889019218384,ml_v6,2025-11
272886,long,2025-11-07 03:55:00,2025-11-07 04:00:00,2025-11-07 04:03:00,3990.413,3986.9693715277776,SL,-3.603628472222222,3,0.442356483966057,ml_v6,2025-11
272888,long,2025-11-07 04:05:00,2025-11-07 04:10:00,2025-11-07 04:21:00,3991.916,3997.438916666667,TP,5.362916666666664,11,0.4523184204725213,ml_v6,2025-11
272892,long,2025-11-07 04:25:00,2025-11-07 04:30:00,2025-11-07 05:24:00,3996.397,3992.9517604166667,SL,-3.605239583333333,54,0.43026627489187785,ml_v6,2025-11
272904,long,2025-11-07 05:25:00,2025-11-07 05:30:00,2025-11-07 06:23:00,3994.109,3999.6403277777777,TP,5.371327777777779,53,0.43967203564983764,ml_v6,2025-11
272916,long,2025-11-07 06:25:00,2025-11-07 06:30:00,2025-11-07 06:49:00,3998.259,4003.854411111111,TP,5.435411111111106,17,0.4277708099521387,ml_v6,2025-11
272927,long,2025-11-07 07:20:00,2025-11-07 07:25:00,2025-11-07 07:49:00,4006.478,4002.9655000000002,SL,-3.672499999999998,24,0.4046412067165699,ml_v6,2025-11
272934,long,2025-11-07 07:55:00,2025-11-07 08:00:00,2025-11-07 08:27:00,4007.822,4004.3132256944446,SL,-3.668774305555554,27,0.40311822794714935,ml_v6,2025-11
272946,long,2025-11-07 08:55:00,2025-11-07 09:00:00,2025-11-07 09:34:00,4009.721,4006.2561631944445,SL,-3.6248368055555527,34,0.40509187622595466,ml_v6,2025-11
272954,long,2025-11-07 09:35:00,2025-11-07 09:40:00,2025-11-07 11:03:00,4005.652,4011.19575,TP,5.383749999999997,83,0.4054894206512557,ml_v6,2025-11
272972,short,2025-11-07 11:05:00,2025-11-07 11:10:00,2025-11-07 11:16:00,4006.728,4001.1433555555554,TP,5.424644444444444,6,0.3751577134419029,ml_v6,2025-11
272975,short,2025-11-07 11:20:00,2025-11-07 11:25:00,2025-11-07 11:32:00,4002.386,3996.7352277777777,TP,5.490772222222221,7,0.37204943552499464,ml_v6,2025-11
272978,long,2025-11-07 11:35:00,2025-11-07 11:40:00,2025-11-07 11:46:00,3995.466,4001.1490777777776,TP,5.523077777777776,6,0.41103049053315743,ml_v6,2025-11
272981,short,2025-11-07 11:50:00,2025-11-07 11:55:00,2025-11-07 12:04:00,4003.484,4007.05375,SL,-3.729749999999996,9,0.37343581559232586,ml_v6,2025-11
272984,short,2025-11-07 12:05:00,2025-11-07 12:10:00,2025-11-07 12:21:00,4007.633,4001.8934777777777,TP,5.579522222222217,11,0.37045646252206677,ml_v6,2025-11
272988,short,2025-11-07 12:25:00,2025-11-07 12:30:00,2025-11-07 12:49:00,3998.296,3992.5281277777776,TP,5.607872222222218,19,0.37408833744100445,ml_v6,2025-11
272993,short,2025-11-07 12:50:00,2025-11-07 12:55:00,2025-11-07 13:07:00,3995.146,3998.7610243055556,SL,-3.7750243055555526,12,0.3757787549691569,ml_v6,2025-11
272997,short,2025-11-07 13:10:00,2025-11-07 13:15:00,2025-11-07 13:17:00,3995.946,3999.580722222222,SL,-3.794722222222218,2,0.3753915184932124,ml_v6,2025-11
272999,short,2025-11-07 13:20:00,2025-11-07 13:25:00,2025-11-07 13:32:00,3998.567,3992.7323666666666,TP,5.674633333333328,7,0.37735610248617046,ml_v6,2025-11
273002,short,2025-11-07 13:35:00,2025-11-07 13:40:00,2025-11-07 13:50:00,3994.868,3998.5254756944446,SL,-3.8174756944444383,10,0.3777505362229716,ml_v6,2025-11
273006,short,2025-11-07 13:55:00,2025-11-07 14:00:00,2025-11-07 14:11:00,3997.653,4001.306454861111,SL,-3.813454861111107,11,0.3755007589059245,ml_v6,2025-11
273010,short,2025-11-07 14:15:00,2025-11-07 14:20:00,2025-11-07 14:30:00,4005.503,3999.665738888889,TP,5.677261111111098,10,0.3759831690984141,ml_v6,2025-11
273014,short,2025-11-07 14:35:00,2025-11-07 14:40:00,2025-11-07 14:42:00,3986.416,3990.1246597222225,SL,-3.868659722222213,2,0.38161987604669445,ml_v6,2025-11
273016,short,2025-11-07 14:45:00,2025-11-07 14:50:00,2025-11-07 14:57:00,3990.341,3994.071548611111,SL,-3.890548611111099,7,0.3809682929711711,ml_v6,2025-11
273019,short,2025-11-07 15:00:00,2025-11-07 15:05:00,2025-11-07 15:14:00,3996.6,3990.589288888889,TP,5.850711111111092,9,0.3782276863055598,ml_v6,2025-11
273022,short,2025-11-07 15:15:00,2025-11-07 15:20:00,2025-11-07 15:27:00,3990.088,3993.850854166667,SL,-3.9228541666666583,7,0.3833737278180491,ml_v6,2025-11
273025,short,2025-11-07 15:30:00,2025-11-07 15:35:00,2025-11-07 15:44:00,3992.502,3986.5666277777777,TP,5.775372222222209,9,0.38072927834562176,ml_v6,2025-11
273028,short,2025-11-07 15:45:00,2025-11-07 15:50:00,2025-11-07 16:04:00,3990.972,3994.697413194445,SL,-3.8854131944444346,14,0.3803173804479014,ml_v6,2025-11
273032,short,2025-11-07 16:05:00,2025-11-07 16:10:00,2025-11-07 16:22:00,3997.64,4001.30690625,SL,-3.826906249999992,12,0.3741930329995524,ml_v6,2025-11
273036,long,2025-11-07 16:25:00,2025-11-07 16:30:00,2025-11-07 16:31:00,4007.94,4013.7980055555554,TP,5.698005555555542,1,0.42371919187693996,ml_v6,2025-11
273038,long,2025-11-07 16:35:00,2025-11-07 16:40:00,2025-11-07 16:42:00,4025.763,4022.0844340277777,SL,-3.8385659722222147,2,0.4065496379082149,ml_v6,2025-11
273040,short,2025-11-07 16:45:00,2025-11-07 16:50:00,2025-11-07 16:54:00,4019.09,4013.1726833333337,TP,5.757316666666653,4,0.3700702989297282,ml_v6,2025-11
273043,short,2025-11-07 17:00:00,2025-11-07 17:05:00,2025-11-07 17:06:00,4004.741,3998.7871333333333,TP,5.793866666666651,1,0.371334573050059,ml_v6,2025-11
273045,short,2025-11-07 17:10:00,2025-11-07 17:15:00,2025-11-07 17:18:00,3999.761,3993.7718277777776,TP,5.829172222222205,3,0.3755258673625361,ml_v6,2025-11
273047,short,2025-11-07 17:20:00,2025-11-07 17:25:00,2025-11-07 17:26:00,3994.206,3997.9616979166667,SL,-3.915697916666653,1,0.3780452662902247,ml_v6,2025-11
273049,short,2025-11-07 17:30:00,2025-11-07 17:35:00,2025-11-07 17:37:00,3994.345,3998.095128472222,SL,-3.9101284722222105,2,0.377459382434405,ml_v6,2025-11
273051,short,2025-11-07 17:40:00,2025-11-07 17:45:00,2025-11-07 17:55:00,3998.967,4002.7106493055558,SL,-3.9036493055555423,10,0.3733984732823741,ml_v6,2025-11
273057,long,2025-11-07 18:10:00,2025-11-07 18:15:00,2025-11-07 18:21:00,4004.862,4001.1340625000003,SL,-3.887937499999991,6,0.4059306528036112,ml_v6,2025-11
273060,long,2025-11-07 18:25:00,2025-11-07 18:30:00,2025-11-07 19:03:00,4002.782,4008.6905833333335,TP,5.748583333333318,33,0.4034239108014155,ml_v6,2025-11
273072,long,2025-11-07 19:25:00,2025-11-07 19:30:00,2025-11-07 19:37:00,4006.451,4002.81396875,SL,-3.7970312499999945,7,0.402136132155006,ml_v6,2025-11
273075,long,2025-11-07 19:40:00,2025-11-07 19:45:00,2025-11-07 20:18:00,4003.027,3999.395076388889,SL,-3.7919236111111054,33,0.4149499865652272,ml_v6,2025-11
273084,long,2025-11-07 20:25:00,2025-11-07 20:30:00,2025-11-07 20:57:00,3998.413,4004.287566666667,TP,5.714566666666657,27,0.4191048766230108,ml_v6,2025-11
273091,long,2025-11-07 21:00:00,2025-11-07 21:05:00,2025-11-07 21:32:00,4004.612,4000.9297881944444,SL,-3.8422118055555505,27,0.4092244819190535,ml_v6,2025-11
273098,long,2025-11-07 21:35:00,2025-11-07 21:40:00,2025-11-09 23:01:00,3999.414,4005.2491611111113,TP,5.675161111111102,18,0.4396751066385131,ml_v6,2025-11
273104,short,2025-11-09 23:05:00,2025-11-09 23:10:00,2025-11-10 00:00:00,4009.138,4012.803236111111,SL,-3.8252361111111055,50,0.376950343866862,ml_v6,2025-11
273116,short,2025-11-10 00:05:00,2025-11-10 00:10:00,2025-11-10 00:46:00,4014.227,4017.968159722222,SL,-3.901159722222209,36,0.3772159988473477,ml_v6,2025-11
273125,short,2025-11-10 00:50:00,2025-11-10 00:55:00,2025-11-10 01:00:00,4019.789,4023.5708958333335,SL,-3.941895833333321,5,0.37576757909826153,ml_v6,2025-11
273128,short,2025-11-10 01:05:00,2025-11-10 01:10:00,2025-11-10 01:11:00,4022.664,4026.458479166667,SL,-3.9544791666666526,1,0.37576757909826153,ml_v6,2025-11
273130,long,2025-11-10 01:15:00,2025-11-10 01:20:00,2025-11-10 01:21:00,4034.476,4040.591911111111,TP,5.955911111111086,1,0.41238315164255823,ml_v6,2025-11
273132,short,2025-11-10 01:25:00,2025-11-10 01:30:00,2025-11-10 01:35:00,4047.935,4051.820673611111,SL,-4.045673611111097,5,0.3741521740155589,ml_v6,2025-11
273135,short,2025-11-10 01:40:00,2025-11-10 01:45:00,2025-11-10 01:53:00,4050.775,4044.5306333333333,TP,6.0843666666666465,8,0.3726805353360545,ml_v6,2025-11
273138,short,2025-11-10 01:55:00,2025-11-10 02:00:00,2025-11-10 02:18:00,4043.95,4047.89590625,SL,-4.105906249999988,18,0.3726805353360545,ml_v6,2025-11
273143,long,2025-11-10 02:20:00,2025-11-10 02:25:00,2025-11-10 02:28:00,4044.092,4040.122385416667,SL,-4.129614583333323,3,0.40593726469388064,ml_v6,2025-11
273145,long,2025-11-10 02:30:00,2025-11-10 02:35:00,2025-11-10 02:57:00,4041.16,4047.528811111111,TP,6.2088111111110935,22,0.4039437075575442,ml_v6,2025-11
273151,long,2025-11-10 03:00:00,2025-11-10 03:05:00,2025-11-10 04:03:00,4047.062,4053.4406388888888,TP,6.218638888888872,58,0.4266156364799685,ml_v6,2025-11
273164,short,2025-11-10 04:05:00,2025-11-10 04:10:00,2025-11-10 05:30:00,4054.711,4058.6394166666664,SL,-4.088416666666656,80,0.3730306649993481,ml_v6,2025-11
273182,short,2025-11-10 05:35:00,2025-11-10 05:40:00,2025-11-10 05:50:00,4061.735,4065.6653055555557,SL,-4.090305555555544,10,0.3716469729732098,ml_v6,2025-11
273186,short,2025-11-10 05:55:00,2025-11-10 06:00:00,2025-11-10 06:28:00,4069.301,4073.2562777777775,SL,-4.1152777777777665,28,0.3712229455302777,ml_v6,2025-11
273193,short,2025-11-10 06:30:00,2025-11-10 06:35:00,2025-11-10 07:15:00,4074.996,4078.96309375,SL,-4.12709374999999,40,0.37234735735164304,ml_v6,2025-11
273203,short,2025-11-10 07:20:00,2025-11-10 07:25:00,2025-11-10 07:32:00,4074.289,4078.282163194445,SL,-4.153163194444437,7,0.3735926652150523,ml_v6,2025-11
273207,long,2025-11-10 07:40:00,2025-11-10 07:45:00,2025-11-10 08:07:00,4075.555,4081.937111111111,TP,6.2221111111110945,22,0.4119330225719934,ml_v6,2025-11
273213,long,2025-11-10 08:10:00,2025-11-10 08:15:00,2025-11-10 08:16:00,4079.373,4075.3719444444446,SL,-4.161055555555543,1,0.4150535697049622,ml_v6,2025-11
273215,short,2025-11-10 08:20:00,2025-11-10 08:25:00,2025-11-10 08:35:00,4078.609,4082.616576388889,SL,-4.167576388888877,10,0.37133980335763805,ml_v6,2025-11
273219,long,2025-11-10 08:40:00,2025-11-10 08:45:00,2025-11-10 09:14:00,4078.893,4074.8649305555555,SL,-4.188069444444433,29,0.4175746288230532,ml_v6,2025-11
273226,short,2025-11-10 09:15:00,2025-11-10 09:20:00,2025-11-10 09:35:00,4078.239,4082.3039583333334,SL,-4.224958333333326,15,0.37469043376020306,ml_v6,2025-11
273231,short,2025-11-10 09:40:00,2025-11-10 09:45:00,2025-11-10 11:59:00,4081.103,4085.191059027778,SL,-4.248059027777773,134,0.3760510587888133,ml_v6,2025-11
273259,short,2025-11-10 12:00:00,2025-11-10 12:05:00,2025-11-10 12:14:00,4085.323,4089.4096979166666,SL,-4.246697916666659,9,0.37409057318268696,ml_v6,2025-11
273262,short,2025-11-10 12:15:00,2025-11-10 12:20:00,2025-11-10 12:51:00,4092.749,4096.822701388889,SL,-4.23370138888888,31,0.3790323793798534,ml_v6,2025-11
273270,short,2025-11-10 12:55:00,2025-11-10 13:00:00,2025-11-10 13:02:00,4097.714,4101.748017361111,SL,-4.194017361111097,2,0.38039366005955616,ml_v6,2025-11
273272,short,2025-11-10 13:05:00,2025-11-10 13:10:00,2025-11-10 13:38:00,4104.817,4098.339827777778,TP,6.3171722222222,28,0.3807102495627772,ml_v6,2025-11
273279,short,2025-11-10 13:40:00,2025-11-10 13:45:00,2025-11-10 13:52:00,4098.044,4091.5218777777777,TP,6.362122222222207,7,0.38040648939184063,ml_v6,2025-11
273282,short,2025-11-10 13:55:00,2025-11-10 14:00:00,2025-11-10 14:13:00,4091.634,4085.110738888889,TP,6.3632611111111,13,0.3817975872950923,ml_v6,2025-11
273286,short,2025-11-10 14:15:00,2025-11-10 14:20:00,2025-11-10 14:23:00,4083.185,4087.2723854166666,SL,-4.247385416666659,3,0.37830754162839764,ml_v6,2025-11
273288,short,2025-11-10 14:25:00,2025-11-10 14:30:00,2025-11-10 14:33:00,4086.265,4079.7172,TP,6.38779999999999,3,0.38100611211828106,ml_v6,2025-11
273290,short,2025-11-10 14:35:00,2025-11-10 14:40:00,2025-11-10 14:45:00,4078.915,4083.0444131944446,SL,-4.289413194444437,5,0.3769645893769633,ml_v6,2025-11
273293,short,2025-11-10 14:50:00,2025-11-10 14:55:00,2025-11-10 15:00:00,4083.593,4087.743392361111,SL,-4.310392361111104,5,0.37550205530694836,ml_v6,2025-11
273296,short,2025-11-10 15:05:00,2025-11-10 15:10:00,2025-11-10 15:35:00,4090.615,4083.9442444444444,TP,6.510755555555544,25,0.37395047189763897,ml_v6,2025-11
273303,short,2025-11-10 15:40:00,2025-11-10 15:45:00,2025-11-10 15:47:00,4087.599,4081.023638888889,TP,6.415361111111109,2,0.3764925652938258,ml_v6,2025-11
273305,short,2025-11-10 15:50:00,2025-11-10 15:55:00,2025-11-10 16:09:00,4085.13,4089.2567256944444,SL,-4.286725694444444,14,0.3772930705743205,ml_v6,2025-11
273309,short,2025-11-10 16:10:00,2025-11-10 16:15:00,2025-11-10 16:32:00,4091.212,4095.3163229166666,SL,-4.264322916666665,17,0.37287314774564617,ml_v6,2025-11
273314,short,2025-11-10 16:35:00,2025-11-10 16:40:00,2025-11-10 17:50:00,4094.862,4098.920989583334,SL,-4.218989583333333,70,0.3714847171502482,ml_v6,2025-11
273330,short,2025-11-10 17:55:00,2025-11-10 18:00:00,2025-11-10 18:16:00,4102.439,4106.322381944445,SL,-4.043381944444445,16,0.37350483777097576,ml_v6,2025-11
273335,short,2025-11-10 18:20:00,2025-11-10 18:25:00,2025-11-10 18:29:00,4109.941,4113.749986111111,SL,-3.96898611111112,4,0.37524130045472065,ml_v6,2025-11
273337,short,2025-11-10 18:30:00,2025-11-10 18:35:00,2025-11-10 18:41:00,4113.471,4107.3811,TP,5.929900000000009,6,0.3759254425674526,ml_v6,2025-11
273340,short,2025-11-10 18:45:00,2025-11-10 18:50:00,2025-11-10 18:56:00,4106.609,4110.41109375,SL,-3.9620937500000037,6,0.3745196968227474,ml_v6,2025-11
273354,long,2025-11-10 19:55:00,2025-11-10 20:00:00,2025-11-10 20:15:00,4113.102,4109.330861111111,SL,-3.931138888888885,15,0.40225702052917706,ml_v6,2025-11
273360,long,2025-11-10 20:25:00,2025-11-10 20:30:00,2025-11-10 23:02:00,4111.272,4117.309344444444,TP,5.87734444444444,90,0.40633014631485254,ml_v6,2025-11
273380,short,2025-11-10 23:05:00,2025-11-10 23:10:00,2025-11-11 00:26:00,4120.137,4123.818597222222,SL,-3.841597222222217,76,0.37824243902264515,ml_v6,2025-11
273397,short,2025-11-11 00:30:00,2025-11-11 00:35:00,2025-11-11 00:49:00,4127.107,4130.778329861111,SL,-3.8313298611111075,14,0.3759568542152492,ml_v6,2025-11
273401,short,2025-11-11 00:50:00,2025-11-11 00:55:00,2025-11-11 01:15:00,4132.521,4136.1931701388885,SL,-3.8321701388888894,20,0.3759568542152492,ml_v6,2025-11
273407,short,2025-11-11 01:20:00,2025-11-11 01:25:00,2025-11-11 01:27:00,4132.701,4136.401447916666,SL,-3.860447916666663,2,0.37661789896062725,ml_v6,2025-11
273409,short,2025-11-11 01:30:00,2025-11-11 01:35:00,2025-11-11 01:45:00,4141.071,4135.127477777778,TP,5.783522222222211,10,0.37661789896062725,ml_v6,2025-11
273413,short,2025-11-11 01:50:00,2025-11-11 01:55:00,2025-11-11 01:58:00,4131.885,4135.5905625000005,SL,-3.865562499999993,3,0.3758582377629649,ml_v6,2025-11
273415,short,2025-11-11 02:00:00,2025-11-11 02:05:00,2025-11-11 02:22:00,4132.761,4136.481690972223,SL,-3.8806909722222134,17,0.37592086734346264,ml_v6,2025-11
273420,short,2025-11-11 02:25:00,2025-11-11 02:30:00,2025-11-11 02:43:00,4134.159,4137.799413194444,SL,-3.8004131944444377,13,0.3723869675593745,ml_v6,2025-11
273424,long,2025-11-11 02:45:00,2025-11-11 02:50:00,2025-11-11 03:10:00,4136.654,4142.489350000001,TP,5.675349999999987,20,0.4078240278918253,ml_v6,2025-11
273430,short,2025-11-11 03:15:00,2025-11-11 03:20:00,2025-11-11 04:03:00,4145.222,4148.796940972222,SL,-3.7349409722222164,43,0.37661789896062725,ml_v6,2025-11
273440,short,2025-11-11 04:05:00,2025-11-11 04:10:00,2025-11-11 05:05:00,4144.854,4139.161822222222,TP,5.532177777777764,55,0.3753215128379237,ml_v6,2025-11
273453,long,2025-11-11 05:10:00,2025-11-11 05:15:00,2025-11-11 05:23:00,4140.555,4136.999194444445,SL,-3.7158055555555514,8,0.4277747831820733,ml_v6,2025-11
273456,short,2025-11-11 05:25:00,2025-11-11 05:30:00,2025-11-11 05:35:00,4136.128,4130.4307944444445,TP,5.537205555555545,5,0.37710412441788593,ml_v6,2025-11
273459,short,2025-11-11 05:40:00,2025-11-11 05:45:00,2025-11-11 05:47:00,4129.854,4133.452607638889,SL,-3.758607638888879,2,0.3804451733738033,ml_v6,2025-11
273461,short,2025-11-11 05:50:00,2025-11-11 05:55:00,2025-11-11 06:04:00,4133.019,4127.240922222222,TP,5.618077777777771,9,0.3790291452603709,ml_v6,2025-11
273464,short,2025-11-11 06:05:00,2025-11-11 06:10:00,2025-11-11 06:18:00,4131.754,4135.388861111111,SL,-3.794861111111107,8,0.3791837448077571,ml_v6,2025-11
273467,short,2025-11-11 06:20:00,2025-11-11 06:25:00,2025-11-11 06:34:00,4136.811,4130.987944444444,TP,5.663055555555541,9,0.37927194478086346,ml_v6,2025-11
273470,short,2025-11-11 06:35:00,2025-11-11 06:40:00,2025-11-11 07:51:00,4130.829,4125.01221111111,TP,5.6567888888888715,71,0.37745379449895733,ml_v6,2025-11
273486,long,2025-11-11 07:55:00,2025-11-11 08:00:00,2025-11-11 08:05:00,4129.622,4135.455205555556,TP,5.6732055555555325,5,0.40878264518865853,ml_v6,2025-11
273489,long,2025-11-11 08:10:00,2025-11-11 08:15:00,2025-11-11 08:22:00,4136.869,4133.216052083333,SL,-3.8129479166666447,7,0.4432668689865678,ml_v6,2025-11
273492,long,2025-11-11 08:25:00,2025-11-11 08:30:00,2025-11-11 08:34:00,4134.724,4131.078711805556,SL,-3.805288194444422,4,0.4168064613254756,ml_v6,2025-11
273494,short,2025-11-11 08:35:00,2025-11-11 08:40:00,2025-11-11 08:50:00,4131.862,4135.508642361111,SL,-3.8066423611110882,10,0.372463261504687,ml_v6,2025-11
273498,long,2025-11-11 08:55:00,2025-11-11 09:00:00,2025-11-11 09:05:00,4135.703,4141.540938888889,TP,5.677938888888854,5,0.4242160080552052,ml_v6,2025-11
273501,long,2025-11-11 09:10:00,2025-11-11 09:15:00,2025-11-11 10:03:00,4143.149,4139.507795138889,SL,-3.801204861111087,48,0.43949468845069156,ml_v6,2025-11
273512,long,2025-11-11 10:05:00,2025-11-11 10:10:00,2025-11-11 12:53:00,4138.901,4135.313496527778,SL,-3.7475034722222036,163,0.42683670098574034,ml_v6,2025-11
273546,short,2025-11-11 12:55:00,2025-11-11 13:00:00,2025-11-11 13:09:00,4134.375,4137.900142361111,SL,-3.685142361111094,6,0.38103289007244984,ml_v6,2025-11
273549,long,2025-11-11 13:10:00,2025-11-11 13:15:00,2025-11-11 13:36:00,4140.32,4145.949555555555,TP,5.469555555555527,21,0.41941091349815396,ml_v6,2025-11
273555,long,2025-11-11 13:40:00,2025-11-11 13:45:00,2025-11-11 14:05:00,4141.812,4138.274840277778,SL,-3.6971597222222106,20,0.4113497036695163,ml_v6,2025-11
273561,short,2025-11-11 14:10:00,2025-11-11 14:15:00,2025-11-11 14:20:00,4139.422,4133.818627777778,TP,5.443372222222202,5,0.37393574955037945,ml_v6,2025-11
273564,short,2025-11-11 14:25:00,2025-11-11 14:30:00,2025-11-11 14:33:00,4130.254,4124.624172222222,TP,5.469827777777751,3,0.37807205857805126,ml_v6,2025-11
273566,short,2025-11-11 14:35:00,2025-11-11 14:40:00,2025-11-11 14:41:00,4128.422,4131.95603125,SL,-3.6940312499999792,1,0.3775201791720759,ml_v6,2025-11
273568,short,2025-11-11 14:45:00,2025-11-11 14:50:00,2025-11-11 14:51:00,4120.373,4123.954743055555,SL,-3.7417430555555318,1,0.37014695050290936,ml_v6,2025-11
273570,short,2025-11-11 14:55:00,2025-11-11 15:00:00,2025-11-11 15:08:00,4125.036,4119.292594444444,TP,5.5834055555555135,8,0.37223037125638836,ml_v6,2025-11
273573,long,2025-11-11 15:10:00,2025-11-11 15:15:00,2025-11-11 15:17:00,4121.095,4117.5147986111115,SL,-3.740201388888865,2,0.402851140573536,ml_v6,2025-11
273575,long,2025-11-11 15:20:00,2025-11-11 15:25:00,2025-11-11 15:27:00,4108.061,4104.459975694444,SL,-3.761024305555533,2,0.40175562187628483,ml_v6,2025-11
273577,long,2025-11-11 15:30:00,2025-11-11 15:35:00,2025-11-11 15:36:00,4102.689,4099.0705625,SL,-3.7784374999999755,1,0.41564107981535114,ml_v6,2025-11
273579,long,2025-11-11 15:40:00,2025-11-11 15:45:00,2025-11-11 16:15:00,4107.861,4113.667777777778,TP,5.646777777777737,30,0.4109457912476957,ml_v6,2025-11
273587,long,2025-11-11 16:20:00,2025-11-11 16:25:00,2025-11-11 16:30:00,4111.476,4107.870708333333,SL,-3.765291666666645,5,0.41742000753756753,ml_v6,2025-11
273590,long,2025-11-11 16:35:00,2025-11-11 16:40:00,2025-11-11 18:32:00,4112.51,4108.9102604166665,SL,-3.759739583333311,112,0.4350818614439957,ml_v6,2025-11
273614,long,2025-11-11 18:35:00,2025-11-11 18:40:00,2025-11-11 19:11:00,4110.525,4116.250255555555,TP,5.56525555555551,31,0.4111681850133243,ml_v6,2025-11
273626,long,2025-11-11 19:35:00,2025-11-11 19:40:00,2025-11-11 19:49:00,4119.327,4124.972527777778,TP,5.485527777777721,9,0.41623769328327004,ml_v6,2025-11
273629,long,2025-11-11 19:50:00,2025-11-11 19:55:00,2025-11-11 19:58:00,4125.636,4122.101517361111,SL,-3.6944826388888528,3,0.4154191295089261,ml_v6,2025-11
273631,long,2025-11-11 20:00:00,2025-11-11 20:05:00,2025-11-11 20:36:00,4123.452,4129.1151500000005,TP,5.503149999999936,31,0.4083917240313749,ml_v6,2025-11
273639,long,2025-11-11 20:40:00,2025-11-11 20:45:00,2025-11-11 21:47:00,4129.469,4125.936965277778,SL,-3.6920347222221803,62,0.4136528312945318,ml_v6,2025-11
273653,long,2025-11-11 21:50:00,2025-11-11 21:55:00,2025-11-11 23:11:00,4126.789,4132.389655555556,TP,5.440655555555487,14,0.41596693280505515,ml_v6,2025-11
273659,short,2025-11-11 23:20:00,2025-11-11 23:25:00,2025-11-11 23:39:00,4137.376,4140.898802083333,SL,-3.6828020833332924,14,0.3712457294057431,ml_v6,2025-11
273667,long,2025-11-12 00:00:00,2025-11-12 00:05:00,2025-11-12 00:25:00,4144.576,4141.0125451388885,SL,-3.7234548611110627,20,0.41011168221697847,ml_v6,2025-11
273673,long,2025-11-12 00:30:00,2025-11-12 00:35:00,2025-11-12 00:47:00,4142.832,4139.273722222222,SL,-3.7182777777777325,12,0.40962208156590063,ml_v6,2025-11
273679,long,2025-11-12 01:00:00,2025-11-12 01:05:00,2025-11-12 01:31:00,4132.401,4128.813222222222,SL,-3.747777777777736,26,0.4097167599905387,ml_v6,2025-11
273687,long,2025-11-12 01:40:00,2025-11-12 01:45:00,2025-11-12 02:30:00,4133.751,4130.120798611111,SL,-3.7902013888888435,45,0.4074186022920365,ml_v6,2025-11
273698,long,2025-11-12 02:35:00,2025-11-12 02:40:00,2025-11-12 02:41:00,4127.883,4124.303913194444,SL,-3.7390868055555084,1,0.4012553167221642,ml_v6,2025-11
273700,long,2025-11-12 02:45:00,2025-11-12 02:50:00,2025-11-12 02:51:00,4123.429,4119.846111111111,SL,-3.7428888888888427,1,0.4161271346129607,ml_v6,2025-11
273702,long,2025-11-12 02:55:00,2025-11-12 03:00:00,2025-11-12 03:04:00,4123.992,4120.4177500000005,SL,-3.734249999999956,4,0.4160175391655905,ml_v6,2025-11
273704,long,2025-11-12 03:05:00,2025-11-12 03:10:00,2025-11-12 03:30:00,4122.152,4118.578270833334,SL,-3.733729166666621,20,0.416632889870986,ml_v6,2025-11
273710,long,2025-11-12 03:35:00,2025-11-12 03:40:00,2025-11-12 03:50:00,4119.694,4116.139701388889,SL,-3.7142986111110634,10,0.4124172736664815,ml_v6,2025-11
273725,long,2025-11-12 04:50:00,2025-11-12 04:55:00,2025-11-12 05:01:00,4111.563,4107.978520833333,SL,-3.7444791666666255,6,0.411922876632982,ml_v6,2025-11
273728,long,2025-11-12 05:05:00,2025-11-12 05:10:00,2025-11-12 05:18:00,4109.136,4105.5509062500005,SL,-3.745093749999961,8,0.4111775653070908,ml_v6,2025-11
273731,long,2025-11-12 05:20:00,2025-11-12 05:25:00,2025-11-12 05:29:00,4109.238,4105.638666666667,SL,-3.7593333333332963,4,0.4044736549097788,ml_v6,2025-11
273733,short,2025-11-12 05:30:00,2025-11-12 05:35:00,2025-11-12 05:36:00,4101.832,4105.456149305556,SL,-3.784149305555518,1,0.3735187096011797,ml_v6,2025-11
273736,short,2025-11-12 05:45:00,2025-11-12 05:50:00,2025-11-12 05:53:00,4102.852,4106.495802083333,SL,-3.8038020833332924,3,0.37548077529789603,ml_v6,2025-11
273738,short,2025-11-12 05:55:00,2025-11-12 06:00:00,2025-11-12 06:06:00,4104.685,4108.342670138889,SL,-3.8176701388888468,6,0.3716346663844744,ml_v6,2025-11
273743,short,2025-11-12 06:20:00,2025-11-12 06:25:00,2025-11-12 06:31:00,4112.576,4116.220138888889,SL,-3.804138888888847,6,0.37120709361604565,ml_v6,2025-11
273746,short,2025-11-12 06:35:00,2025-11-12 06:40:00,2025-11-12 07:05:00,4117.546,4121.180739583334,SL,-3.7947395833332935,25,0.37161346318296307,ml_v6,2025-11
273753,short,2025-11-12 07:10:00,2025-11-12 07:15:00,2025-11-12 07:35:00,4124.685,4118.906633333334,TP,5.618366666666599,20,0.3726296031670939,ml_v6,2025-11
273759,short,2025-11-12 07:40:00,2025-11-12 07:45:00,2025-11-12 07:49:00,4114.313,4117.924854166667,SL,-3.7718541666666288,4,0.3724151307540309,ml_v6,2025-11
273761,short,2025-11-12 07:50:00,2025-11-12 07:55:00,2025-11-12 08:18:00,4116.774,4120.379607638889,SL,-3.765607638888854,23,0.37301244380048626,ml_v6,2025-11
273767,short,2025-11-12 08:20:00,2025-11-12 08:25:00,2025-11-12 08:37:00,4129.063,4132.693760416667,SL,-3.790760416666634,12,0.3743851834731471,ml_v6,2025-11
273771,short,2025-11-12 08:40:00,2025-11-12 08:45:00,2025-11-12 08:50:00,4128.604,4132.234329861111,SL,-3.790329861111073,5,0.37244815172723644,ml_v6,2025-11
273774,short,2025-11-12 08:55:00,2025-11-12 09:00:00,2025-11-12 09:26:00,4131.197,4125.404872222222,TP,5.63212777777772,26,0.37149656357339733,ml_v6,2025-11
273781,short,2025-11-12 09:30:00,2025-11-12 09:35:00,2025-11-12 10:29:00,4126.043,4120.269622222222,TP,5.613377777777731,54,0.37297422232202404,ml_v6,2025-11
273793,short,2025-11-12 10:30:00,2025-11-12 10:35:00,2025-11-12 10:40:00,4122.58,4126.2211076388885,SL,-3.8011076388888547,5,0.3708065802054774,ml_v6,2025-11
273797,short,2025-11-12 10:50:00,2025-11-12 10:55:00,2025-11-12 11:01:00,4125.885,4129.542222222222,SL,-3.8172222222221865,6,0.3719706291156184,ml_v6,2025-11
273800,short,2025-11-12 11:05:00,2025-11-12 11:10:00,2025-11-12 11:22:00,4129.056,4123.210144444444,TP,5.685855555555495,12,0.37859743481904445,ml_v6,2025-11
273804,short,2025-11-12 11:25:00,2025-11-12 11:30:00,2025-11-12 11:33:00,4124.215,4127.884197916666,SL,-3.82919791666663,3,0.37712649049333447,ml_v6,2025-11
273806,short,2025-11-12 11:35:00,2025-11-12 11:40:00,2025-11-12 12:14:00,4126.954,4130.613916666666,SL,-3.8199166666666304,34,0.381756132264651,ml_v6,2025-11
273814,short,2025-11-12 12:15:00,2025-11-12 12:20:00,2025-11-12 12:25:00,4131.167,4134.841204861112,SL,-3.8342048611110773,5,0.3847034627395045,ml_v6,2025-11
273817,short,2025-11-12 12:30:00,2025-11-12 12:35:00,2025-11-12 12:54:00,4138.351,4132.462761111111,TP,5.728238888888843,19,0.3868416303592097,ml_v6,2025-11
273822,short,2025-11-12 12:55:00,2025-11-12 13:00:00,2025-11-12 13:10:00,4130.25,4124.352855555556,TP,5.737144444444398,10,0.38407582583001965,ml_v6,2025-11
273826,short,2025-11-12 13:15:00,2025-11-12 13:20:00,2025-11-12 13:22:00,4123.701,4127.415041666667,SL,-3.874041666666633,2,0.38305973054937237,ml_v6,2025-11
273828,short,2025-11-12 13:25:00,2025-11-12 13:30:00,2025-11-12 13:34:00,4127.656,4131.387065972222,SL,-3.891065972222189,4,0.38475783707670086,ml_v6,2025-11
273830,short,2025-11-12 13:35:00,2025-11-12 13:40:00,2025-11-12 14:04:00,4128.484,4132.234152777778,SL,-3.910152777777746,24,0.38623403551153057,ml_v6,2025-11
273836,short,2025-11-12 14:05:00,2025-11-12 14:10:00,2025-11-12 14:33:00,4134.91,4128.869505555555,TP,5.880494444444388,23,0.37652901353410595,ml_v6,2025-11
273842,short,2025-11-12 14:35:00,2025-11-12 14:40:00,2025-11-12 14:51:00,4135.559,4139.378920138889,SL,-3.979920138888847,11,0.3769241178231608,ml_v6,2025-11
273846,short,2025-11-12 14:55:00,2025-11-12 15:00:00,2025-11-12 15:04:00,4136.719,4140.563461805556,SL,-4.004461805555514,4,0.3765731805758845,ml_v6,2025-11
273848,short,2025-11-12 15:05:00,2025-11-12 15:10:00,2025-11-12 15:11:00,4144.038,4147.8998125,SL,-4.021812499999959,1,0.37588255645803326,ml_v6,2025-11
273850,long,2025-11-12 15:15:00,2025-11-12 15:20:00,2025-11-12 15:21:00,4167.091,4163.1477256944445,SL,-4.103274305555513,1,0.4136497037321556,ml_v6,2025-11
273852,long,2025-11-12 15:25:00,2025-11-12 15:30:00,2025-11-12 15:33:00,4166.616,4172.934911111111,TP,6.158911111111043,3,0.41404190349750347,ml_v6,2025-11
273854,short,2025-11-12 15:35:00,2025-11-12 15:40:00,2025-11-12 15:48:00,4177.163,4181.124472222222,SL,-4.121472222222179,8,0.37779790701440685,ml_v6,2025-11
273857,short,2025-11-12 15:50:00,2025-11-12 15:55:00,2025-11-12 15:56:00,4175.679,4179.62959375,SL,-4.110593749999958,1,0.37755860926679485,ml_v6,2025-11
273859,short,2025-11-12 16:00:00,2025-11-12 16:05:00,2025-11-12 16:11:00,4187.204,4180.857083333333,TP,6.186916666666599,6,0.3769984746175181,ml_v6,2025-11
273862,short,2025-11-12 16:15:00,2025-11-12 16:20:00,2025-11-12 16:30:00,4183.842,4187.8105,SL,-4.128499999999962,10,0.37575078548959606,ml_v6,2025-11
273866,short,2025-11-12 16:35:00,2025-11-12 16:40:00,2025-11-12 16:41:00,4187.77,4191.693104166667,SL,-4.083104166666627,1,0.38233870806268566,ml_v6,2025-11
273868,short,2025-11-12 16:45:00,2025-11-12 16:50:00,2025-11-12 16:54:00,4191.566,4195.506052083333,SL,-4.100052083333294,4,0.38315350355676525,ml_v6,2025-11
273870,short,2025-11-12 16:55:00,2025-11-12 17:00:00,2025-11-12 17:03:00,4196.367,4200.304118055556,SL,-4.097118055555516,3,0.3835582936005961,ml_v6,2025-11
273872,short,2025-11-12 17:05:00,2025-11-12 17:10:00,2025-11-12 17:18:00,4199.572,4193.254305555556,TP,6.157694444444386,8,0.38358386399320477,ml_v6,2025-11
273875,short,2025-11-12 17:20:00,2025-11-12 17:25:00,2025-11-12 17:35:00,4198.062,4202.031833333333,SL,-4.129833333333295,10,0.38358386399320477,ml_v6,2025-11
273879,short,2025-11-12 17:40:00,2025-11-12 17:45:00,2025-11-12 18:03:00,4202.572,4196.190877777778,TP,6.2211222222221565,18,0.38309005441240185,ml_v6,2025-11
273884,short,2025-11-12 18:05:00,2025-11-12 18:10:00,2025-11-12 18:11:00,4195.16,4199.196170138889,SL,-4.196170138888849,1,0.3769665712314021,ml_v6,2025-11
273886,short,2025-11-12 18:15:00,2025-11-12 18:20:00,2025-11-12 18:23:00,4198.937,4202.975402777778,SL,-4.198402777777744,3,0.3827850574450862,ml_v6,2025-11
273888,short,2025-11-12 18:25:00,2025-11-12 18:30:00,2025-11-12 19:11:00,4206.873,4200.367727777778,TP,6.345272222222169,41,0.38315350355676525,ml_v6,2025-11
273898,long,2025-11-12 19:15:00,2025-11-12 19:20:00,2025-11-12 20:08:00,4195.557,4191.447017361111,SL,-4.2699826388888455,48,0.4065536026189961,ml_v6,2025-11
273909,long,2025-11-12 20:10:00,2025-11-12 20:15:00,2025-11-12 20:36:00,4197.659,4193.487128472222,SL,-4.331871527777743,21,0.45131346289633,ml_v6,2025-11
273915,long,2025-11-12 20:40:00,2025-11-12 20:45:00,2025-11-12 21:15:00,4195.677,4191.475555555555,SL,-4.361444444444412,30,0.4401646428340199,ml_v6,2025-11
273923,long,2025-11-12 21:20:00,2025-11-12 21:25:00,2025-11-12 23:00:00,4195.726,4202.463855555555,TP,6.577855555555507,33,0.46915806055737186,ml_v6,2025-11
273932,long,2025-11-12 23:05:00,2025-11-12 23:10:00,2025-11-12 23:11:00,4207.161,4202.913930555555,SL,-4.407069444444413,1,0.4542492827453746,ml_v6,2025-11
273934,long,2025-11-12 23:15:00,2025-11-12 23:20:00,2025-11-12 23:36:00,4197.051,4192.765385416667,SL,-4.445614583333303,16,0.48544495905837737,ml_v6,2025-11
273939,long,2025-11-12 23:40:00,2025-11-12 23:45:00,2025-11-13 00:12:00,4190.949,4186.634739583333,SL,-4.474260416666634,27,0.44940689448296933,ml_v6,2025-11
273946,long,2025-11-13 00:15:00,2025-11-13 00:20:00,2025-11-13 00:31:00,4190.647,4197.575977777778,TP,6.768977777777719,11,0.42733867372263856,ml_v6,2025-11
273950,long,2025-11-13 00:35:00,2025-11-13 00:40:00,2025-11-13 00:42:00,4204.548,4200.198170138889,SL,-4.509829861111077,2,0.4192708519891733,ml_v6,2025-11
273953,long,2025-11-13 00:50:00,2025-11-13 00:55:00,2025-11-13 01:01:00,4207.28,4202.887624999999,SL,-4.552374999999971,6,0.4174838931356835,ml_v6,2025-11
273956,long,2025-11-13 01:05:00,2025-11-13 01:10:00,2025-11-13 01:13:00,4195.469,4191.035263888889,SL,-4.593736111111086,3,0.4011056926324914,ml_v6,2025-11
273963,long,2025-11-13 01:40:00,2025-11-13 01:45:00,2025-11-13 01:46:00,4188.39,4183.855927083334,SL,-4.694072916666635,1,0.4043511886201725,ml_v6,2025-11
273965,long,2025-11-13 01:50:00,2025-11-13 01:55:00,2025-11-13 02:34:00,4188.657,4184.112118055556,SL,-4.7048819444444145,39,0.4025796640716419,ml_v6,2025-11
273974,long,2025-11-13 02:35:00,2025-11-13 02:40:00,2025-11-13 02:53:00,4190.393,4185.825079861112,SL,-4.72792013888886,13,0.42826946467226157,ml_v6,2025-11
273978,long,2025-11-13 02:55:00,2025-11-13 03:00:00,2025-11-13 03:05:00,4190.123,4197.446311111111,TP,7.163311111111071,5,0.4178855447137282,ml_v6,2025-11
273982,long,2025-11-13 03:15:00,2025-11-13 03:20:00,2025-11-13 03:28:00,4202.5,4197.88534375,SL,-4.774656249999974,8,0.4061360987001309,ml_v6,2025-11
273985,long,2025-11-13 03:30:00,2025-11-13 03:35:00,2025-11-13 03:48:00,4202.309,4209.727261111111,TP,7.2582611111110715,13,0.40460951673209933,ml_v6,2025-11
273989,long,2025-11-13 03:50:00,2025-11-13 03:55:00,2025-11-13 04:06:00,4209.364,4216.752477777777,TP,7.228477777777744,11,0.4072893514047674,ml_v6,2025-11
273995,long,2025-11-13 04:20:00,2025-11-13 04:25:00,2025-11-13 04:43:00,4209.534,4204.8875381944445,SL,-4.806461805555532,18,0.41330535485410264,ml_v6,2025-11
274003,long,2025-11-13 05:00:00,2025-11-13 05:05:00,2025-11-13 05:10:00,4209.06,4216.528722222222,TP,7.308722222222187,5,0.4014463196502207,ml_v6,2025-11
274006,long,2025-11-13 05:15:00,2025-11-13 05:20:00,2025-11-13 05:30:00,4215.971,4211.305559027777,SL,-4.8254409722221965,10,0.42484196394446505,ml_v6,2025-11
274010,long,2025-11-13 05:35:00,2025-11-13 05:40:00,2025-11-13 05:51:00,4215.159,4210.481701388889,SL,-4.837298611111082,11,0.41957794737867826,ml_v6,2025-11
274014,short,2025-11-13 05:55:00,2025-11-13 06:00:00,2025-11-13 06:16:00,4211.918,4204.380933333333,TP,7.377066666666624,16,0.3728110099034678,ml_v6,2025-11
274019,short,2025-11-13 06:20:00,2025-11-13 06:25:00,2025-11-13 07:23:00,4207.759,4212.490527777778,SL,-4.891527777777747,58,0.37041794302038067,ml_v6,2025-11
274032,long,2025-11-13 07:25:00,2025-11-13 07:30:00,2025-11-13 08:02:00,4216.427,4223.923605555555,TP,7.336605555555496,32,0.4234484164135994,ml_v6,2025-11
274040,short,2025-11-13 08:05:00,2025-11-13 08:10:00,2025-11-13 08:16:00,4229.312,4234.022263888889,SL,-4.870263888888859,6,0.37940936861945856,ml_v6,2025-11
274043,short,2025-11-13 08:20:00,2025-11-13 08:25:00,2025-11-13 09:04:00,4236.91,4229.326722222222,TP,7.423277777777727,39,0.3776283520312475,ml_v6,2025-11
274052,short,2025-11-13 09:05:00,2025-11-13 09:10:00,2025-11-13 09:20:00,4233.911,4238.659788194444,SL,-4.908788194444412,10,0.37804323973230236,ml_v6,2025-11
274056,short,2025-11-13 09:25:00,2025-11-13 09:30:00,2025-11-13 09:32:00,4227.084,4231.832725694444,SL,-4.908725694444419,2,0.37655731083921307,ml_v6,2025-11
274058,short,2025-11-13 09:35:00,2025-11-13 09:40:00,2025-11-13 10:09:00,4229.739,4234.503770833333,SL,-4.924770833333308,29,0.3763358348803889,ml_v6,2025-11
274065,long,2025-11-13 10:10:00,2025-11-13 10:15:00,2025-11-13 10:30:00,4237.464,4232.6892638888885,SL,-4.934736111111079,15,0.4109516162628966,ml_v6,2025-11
274070,short,2025-11-13 10:35:00,2025-11-13 10:40:00,2025-11-13 10:58:00,4231.8,4224.141066666667,TP,7.498933333333284,18,0.3759315270037817,ml_v6,2025-11
274075,short,2025-11-13 11:00:00,2025-11-13 11:05:00,2025-11-13 11:22:00,4227.904,4220.20343888889,TP,7.540561111111068,17,0.37859274191483283,ml_v6,2025-11
274080,short,2025-11-13 11:25:00,2025-11-13 11:30:00,2025-11-13 11:42:00,4223.092,4227.922163194444,SL,-4.9901631944444205,12,0.37942275149449134,ml_v6,2025-11
274084,short,2025-11-13 11:45:00,2025-11-13 11:50:00,2025-11-13 12:08:00,4228.43,4233.264163194444,SL,-4.994163194444421,18,0.3758128706894758,ml_v6,2025-11
274089,short,2025-11-13 12:10:00,2025-11-13 12:15:00,2025-11-13 12:54:00,4234.503,4239.345472222222,SL,-5.002472222222199,39,0.37717143772556055,ml_v6,2025-11
274098,short,2025-11-13 12:55:00,2025-11-13 13:00:00,2025-11-13 13:02:00,4242.465,4234.711344444445,TP,7.593655555555507,2,0.3759884494395422,ml_v6,2025-11
274100,short,2025-11-13 13:05:00,2025-11-13 13:10:00,2025-11-13 13:24:00,4230.209,4235.108010416667,SL,-5.059010416666638,14,0.3743377600394132,ml_v6,2025-11
274104,short,2025-11-13 13:25:00,2025-11-13 13:30:00,2025-11-13 13:31:00,4235.291,4227.404477777778,TP,7.726522222222175,1,0.37387645782998913,ml_v6,2025-11
274106,long,2025-11-13 13:35:00,2025-11-13 13:40:00,2025-11-13 13:55:00,4224.12,4232.093466666666,TP,7.813466666666617,15,0.41896770604101985,ml_v6,2025-11
274111,long,2025-11-13 14:00:00,2025-11-13 14:05:00,2025-11-13 14:08:00,4225.189,4220.141288194445,SL,-5.207711805555518,3,0.41482044916397276,ml_v6,2025-11
274113,short,2025-11-13 14:10:00,2025-11-13 14:15:00,2025-11-13 14:22:00,4220.532,4212.40085,TP,7.971149999999945,7,0.37460618259481304,ml_v6,2025-11
274116,short,2025-11-13 14:25:00,2025-11-13 14:30:00,2025-11-13 14:35:00,4211.211,4216.3014375,SL,-5.250437499999963,5,0.37770873846582287,ml_v6,2025-11
274119,long,2025-11-13 14:40:00,2025-11-13 14:45:00,2025-11-13 14:55:00,4188.125,4196.464827777778,TP,8.179827777777712,10,0.42177349429741884,ml_v6,2025-11
274123,long,2025-11-13 15:00:00,2025-11-13 15:05:00,2025-11-13 15:32:00,4196.684,4191.410340277778,SL,-5.433659722222182,27,0.4064842421988477,ml_v6,2025-11
274130,long,2025-11-13 15:35:00,2025-11-13 15:40:00,2025-11-13 15:46:00,4197.511,4192.163760416667,SL,-5.507239583333299,6,0.40794806510484566,ml_v6,2025-11
274133,long,2025-11-13 15:50:00,2025-11-13 15:55:00,2025-11-13 15:59:00,4194.289,4202.8749777777775,TP,8.425977777777716,4,0.41023484337995497,ml_v6,2025-11
274135,long,2025-11-13 16:00:00,2025-11-13 16:05:00,2025-11-13 16:41:00,4203.885,4198.502305555556,SL,-5.542694444444405,36,0.40904816409157596,ml_v6,2025-11
274144,short,2025-11-13 16:45:00,2025-11-13 16:50:00,2025-11-13 16:57:00,4201.251,4206.495336805556,SL,-5.40433680555553,7,0.37570652904085033,ml_v6,2025-11
274147,short,2025-11-13 17:00:00,2025-11-13 17:05:00,2025-11-13 17:18:00,4201.673,4193.312127777777,TP,8.200872222222184,13,0.3782562816338908,ml_v6,2025-11
274151,short,2025-11-13 17:20:00,2025-11-13 17:25:00,2025-11-13 18:26:00,4201.642,4193.265283333333,TP,8.216716666666622,61,0.37826389612726086,ml_v6,2025-11
274165,short,2025-11-13 18:30:00,2025-11-13 18:35:00,2025-11-13 18:36:00,4165.81,4157.406311111112,TP,8.243688888888828,1,0.3756865156304995,ml_v6,2025-11
274167,short,2025-11-13 18:40:00,2025-11-13 18:45:00,2025-11-13 18:50:00,4155.85,4161.177857638889,SL,-5.487857638888854,5,0.3747805846345583,ml_v6,2025-11
274177,long,2025-11-13 19:35:00,2025-11-13 19:40:00,2025-11-13 19:56:00,4168.172,4162.769711805555,SL,-5.562288194444411,16,0.43128347593335203,ml_v6,2025-11
274182,long,2025-11-13 20:00:00,2025-11-13 20:05:00,2025-11-13 21:08:00,4163.323,4172.004966666667,TP,8.521966666666616,63,0.40594147479955717,ml_v6,2025-11
274196,long,2025-11-13 21:10:00,2025-11-13 21:15:00,2025-11-13 21:28:00,4178.548,4173.116309027778,SL,-5.591690972222189,13,0.4232111338110219,ml_v6,2025-11
274200,long,2025-11-13 21:30:00,2025-11-13 21:35:00,2025-11-13 21:38:00,4175.375,4169.9431701388885,SL,-5.591829861111077,3,0.4254127173163885,ml_v6,2025-11
274202,long,2025-11-13 21:40:00,2025-11-13 21:45:00,2025-11-13 23:21:00,4173.005,4181.708805555556,TP,8.543805555555508,34,0.4273218506796713,ml_v6,2025-11
274211,long,2025-11-13 23:25:00,2025-11-13 23:30:00,2025-11-14 00:19:00,4179.24,4187.979966666667,TP,8.57996666666663,49,0.4398640178534242,ml_v6,2025-11
274222,long,2025-11-14 00:20:00,2025-11-14 00:25:00,2025-11-14 00:52:00,4186.511,4181.0446319444445,SL,-5.626368055555535,27,0.46930918558620627,ml_v6,2025-11
274229,long,2025-11-14 00:55:00,2025-11-14 01:00:00,2025-11-14 01:21:00,4183.754,4178.2656076388885,SL,-5.648392361111086,21,0.47693795027960384,ml_v6,2025-11
274235,long,2025-11-14 01:25:00,2025-11-14 01:30:00,2025-11-14 01:40:00,4174.693,4183.589716666667,TP,8.73671666666664,10,0.46003489213085236,ml_v6,2025-11
274239,long,2025-11-14 01:45:00,2025-11-14 01:50:00,2025-11-14 02:21:00,4187.088,4196.017122222222,TP,8.769122222222189,31,0.4800790318292346,ml_v6,2025-11
274247,long,2025-11-14 02:25:00,2025-11-14 02:30:00,2025-11-14 02:50:00,4199.725,4208.531222222223,TP,8.646222222222187,20,0.4451282682264083,ml_v6,2025-11
274253,long,2025-11-14 02:55:00,2025-11-14 03:00:00,2025-11-14 03:54:00,4207.154,4201.685295138889,SL,-5.628704861111086,54,0.4269172575381718,ml_v6,2025-11
274265,long,2025-11-14 03:55:00,2025-11-14 04:00:00,2025-11-14 04:13:00,4204.4,4199.010107638888,SL,-5.549892361111085,13,0.4547618835549909,ml_v6,2025-11
274269,long,2025-11-14 04:15:00,2025-11-14 04:20:00,2025-11-14 05:09:00,4199.909,4194.55328125,SL,-5.515718749999976,49,0.42730322411458654,ml_v6,2025-11
274280,long,2025-11-14 05:10:00,2025-11-14 05:15:00,2025-11-14 05:16:00,4189.608,4184.269760416667,SL,-5.498239583333307,1,0.43741088440298576,ml_v6,2025-11
274282,long,2025-11-14 05:20:00,2025-11-14 05:25:00,2025-11-14 06:18:00,4188.789,4183.448538194444,SL,-5.50046180555553,53,0.4376613133233421,ml_v6,2025-11
274294,long,2025-11-14 06:20:00,2025-11-14 06:25:00,2025-11-14 06:26:00,4181.747,4176.3759687500005,SL,-5.531031249999975,1,0.43052976966274525,ml_v6,2025-11
274296,long,2025-11-14 06:30:00,2025-11-14 06:35:00,2025-11-14 06:46:00,4181.828,4176.433128472223,SL,-5.5548715277777525,11,0.42394218796924665,ml_v6,2025-11
274300,long,2025-11-14 06:50:00,2025-11-14 06:55:00,2025-11-14 07:21:00,4171.926,4166.513836805556,SL,-5.572163194444424,26,0.4102127430352507,ml_v6,2025-11
274307,long,2025-11-14 07:25:00,2025-11-14 07:30:00,2025-11-14 07:43:00,4163.432,4172.138461111111,TP,8.546461111111078,13,0.4148892934164495,ml_v6,2025-11
274311,long,2025-11-14 07:45:00,2025-11-14 07:50:00,2025-11-14 08:09:00,4178.971,4173.5022430555555,SL,-5.628756944444424,19,0.43862336219617476,ml_v6,2025-11
274316,long,2025-11-14 08:10:00,2025-11-14 08:15:00,2025-11-14 08:19:00,4174.374,4183.191205555555,TP,8.65720555555552,4,0.42981893219199097,ml_v6,2025-11
274318,long,2025-11-14 08:20:00,2025-11-14 08:25:00,2025-11-14 08:51:00,4181.012,4175.454885416666,SL,-5.71711458333331,26,0.43011903169911525,ml_v6,2025-11
274325,long,2025-11-14 08:55:00,2025-11-14 09:00:00,2025-11-14 09:03:00,4175.987,4170.387163194445,SL,-5.7598368055555325,3,0.4258842071854878,ml_v6,2025-11
274327,long,2025-11-14 09:05:00,2025-11-14 09:10:00,2025-11-14 09:19:00,4177.014,4171.392100694445,SL,-5.7818993055555366,9,0.42453650027209655,ml_v6,2025-11
274330,long,2025-11-14 09:20:00,2025-11-14 09:25:00,2025-11-14 09:31:00,4172.878,4167.251440972222,SL,-5.786559027777761,6,0.4141671068043522,ml_v6,2025-11
274333,long,2025-11-14 09:35:00,2025-11-14 09:40:00,2025-11-14 10:05:00,4169.664,4164.0402465277775,SL,-5.783753472222202,25,0.40769642882794005,ml_v6,2025-11
274342,long,2025-11-14 10:20:00,2025-11-14 10:25:00,2025-11-14 10:32:00,4167.83,4162.228138888889,SL,-5.761861111111087,7,0.4055898009215574,ml_v6,2025-11
274345,long,2025-11-14 10:35:00,2025-11-14 10:40:00,2025-11-14 11:08:00,4168.198,4162.617829861111,SL,-5.740170138888867,28,0.4032990104444525,ml_v6,2025-11
274352,short,2025-11-14 11:10:00,2025-11-14 11:15:00,2025-11-14 11:17:00,4152.991,4143.973511111111,TP,8.857488888888868,2,0.3798613395807495,ml_v6,2025-11
274354,short,2025-11-14 11:20:00,2025-11-14 11:25:00,2025-11-14 11:30:00,4145.991,4151.660295138889,SL,-5.829295138888878,5,0.3819355803956907,ml_v6,2025-11
274357,short,2025-11-14 11:35:00,2025-11-14 11:40:00,2025-11-14 11:47:00,4155.447,4146.377505555556,TP,8.90949444444442,7,0.37498542549513986,ml_v6,2025-11
274360,short,2025-11-14 11:50:00,2025-11-14 11:55:00,2025-11-14 12:11:00,4137.881,4128.71915,TP,9.001849999999969,16,0.38421156172260207,ml_v6,2025-11
274365,short,2025-11-14 12:15:00,2025-11-14 12:20:00,2025-11-14 12:39:00,4118.634,4109.360477777778,TP,9.113522222222194,19,0.38613649135948813,ml_v6,2025-11
274370,short,2025-11-14 12:40:00,2025-11-14 12:45:00,2025-11-14 13:08:00,4115.373,4105.9679,TP,9.245099999999967,23,0.38425718671204245,ml_v6,2025-11
274376,short,2025-11-14 13:10:00,2025-11-14 13:15:00,2025-11-14 13:19:00,4086.049,4076.4373333333333,TP,9.45166666666664,4,0.3896753775772353,ml_v6,2025-11
274378,short,2025-11-14 13:20:00,2025-11-14 13:25:00,2025-11-14 13:26:00,4071.163,4061.3865,TP,9.61649999999997,1,0.38880139467089375,ml_v6,2025-11
274380,short,2025-11-14 13:30:00,2025-11-14 13:35:00,2025-11-14 13:38:00,4055.16,4061.3422013888885,SL,-6.342201388888871,3,0.38844385620920857,ml_v6,2025-11
274382,short,2025-11-14 13:40:00,2025-11-14 13:45:00,2025-11-14 13:50:00,4054.963,4044.9520833333336,TP,9.85091666666664,5,0.38880139467089375,ml_v6,2025-11
274385,short,2025-11-14 13:55:00,2025-11-14 14:00:00,2025-11-14 14:01:00,4055.752,4045.6416944444445,TP,9.95030555555553,1,0.38797257718413075,ml_v6,2025-11
274387,short,2025-11-14 14:05:00,2025-11-14 14:10:00,2025-11-14 14:11:00,4046.777,4053.11171875,SL,-6.494718749999984,1,0.38844385620920857,ml_v6,2025-11
274389,short,2025-11-14 14:15:00,2025-11-14 14:20:00,2025-11-14 14:22:00,4052.435,4058.7898229166667,SL,-6.514822916666651,2,0.3870646941360732,ml_v6,2025-11
274391,short,2025-11-14 14:25:00,2025-11-14 14:30:00,2025-11-14 14:32:00,4053.275,4043.1015500000003,TP,10.013449999999974,2,0.3858335452970763,ml_v6,2025-11
274393,short,2025-11-14 14:35:00,2025-11-14 14:40:00,2025-11-14 14:53:00,4067.543,4074.031211805556,SL,-6.648211805555537,13,0.3760627967624893,ml_v6,2025-11
274397,short,2025-11-14 14:55:00,2025-11-14 15:00:00,2025-11-14 15:03:00,4082.653,4072.179711111111,TP,10.313288888888865,3,0.37544371311952973,ml_v6,2025-11
274399,short,2025-11-14 15:05:00,2025-11-14 15:10:00,2025-11-14 15:19:00,4075.165,4081.742392361111,SL,-6.737392361111099,9,0.3758558047323456,ml_v6,2025-11
274402,short,2025-11-14 15:20:00,2025-11-14 15:25:00,2025-11-14 15:28:00,4074.89,4081.4667465277776,SL,-6.736746527777766,3,0.3751724970846405,ml_v6,2025-11
274404,short,2025-11-14 15:30:00,2025-11-14 15:35:00,2025-11-14 15:47:00,4078.061,4084.6509479166666,SL,-6.749947916666656,12,0.37571279828836823,ml_v6,2025-11
274408,long,2025-11-14 15:50:00,2025-11-14 15:55:00,2025-11-14 15:56:00,4088.848,4082.2953194444444,SL,-6.712680555555546,1,0.4181012531760575,ml_v6,2025-11
274410,long,2025-11-14 16:00:00,2025-11-14 16:05:00,2025-11-14 16:19:00,4085.685,4096.1884222222225,TP,10.343422222222207,14,0.41806704010995643,ml_v6,2025-11
274414,long,2025-11-14 16:20:00,2025-11-14 16:25:00,2025-11-14 17:28:00,4100.997,4094.413482638889,SL,-6.743517361111103,63,0.40966331612773776,ml_v6,2025-11
274428,long,2025-11-14 17:30:00,2025-11-14 17:35:00,2025-11-14 17:50:00,4104.311,4097.743986111111,SL,-6.727013888888876,15,0.40289387117416153,ml_v6,2025-11
274433,long,2025-11-14 17:55:00,2025-11-14 18:00:00,2025-11-14 18:01:00,4099.891,4093.316506944444,SL,-6.734493055555532,1,0.41450825059251334,ml_v6,2025-11
274435,long,2025-11-14 18:05:00,2025-11-14 18:10:00,2025-11-14 18:21:00,4091.674,4085.07084375,SL,-6.7631562499999776,11,0.41172426697189984,ml_v6,2025-11
274439,long,2025-11-14 18:25:00,2025-11-14 18:30:00,2025-11-14 18:38:00,4093.049,4103.663105555555,TP,10.454105555555527,8,0.42686116099801996,ml_v6,2025-11
274442,long,2025-11-14 18:40:00,2025-11-14 18:45:00,2025-11-14 19:08:00,4096.892,4090.2305381944443,SL,-6.821461805555537,23,0.4197183622720322,ml_v6,2025-11
274448,long,2025-11-14 19:10:00,2025-11-14 19:15:00,2025-11-14 19:58:00,4094.999,4088.3200069444442,SL,-6.838993055555545,43,0.446742970697781,ml_v6,2025-11
274458,long,2025-11-14 20:00:00,2025-11-14 20:05:00,2025-11-14 20:21:00,4084.525,4078.048277777778,SL,-6.636722222222211,16,0.44880115765454764,ml_v6,2025-11
274463,long,2025-11-14 20:25:00,2025-11-14 20:30:00,2025-11-16 23:03:00,4083.621,4077.16884375,SL,-6.612156249999986,90,0.4509716190131981,ml_v6,2025-11
274488,short,2025-11-16 23:30:00,2025-11-16 23:35:00,2025-11-17 00:01:00,4102.443,4091.9337722222226,TP,10.349227777777752,26,0.3705826995668943,ml_v6,2025-11
274495,long,2025-11-17 00:05:00,2025-11-17 00:10:00,2025-11-17 00:27:00,4088.672,4082.0523506944446,SL,-6.779649305555533,17,0.4196890944626782,ml_v6,2025-11
274500,long,2025-11-17 00:30:00,2025-11-17 00:35:00,2025-11-17 01:32:00,4087.778,4098.411694444444,TP,10.473694444444412,57,0.43041467649286613,ml_v6,2025-11
274513,long,2025-11-17 01:35:00,2025-11-17 01:40:00,2025-11-17 01:51:00,4101.219,4094.498305555556,SL,-6.880694444444419,11,0.41868414338223736,ml_v6,2025-11
274517,long,2025-11-17 01:55:00,2025-11-17 02:00:00,2025-11-17 02:04:00,4091.202,4084.482746527778,SL,-6.8792534722222,4,0.4182900272586131,ml_v6,2025-11
274519,long,2025-11-17 02:05:00,2025-11-17 02:10:00,2025-11-17 02:59:00,4087.941,4081.2273506944443,SL,-6.873649305555533,49,0.4218307714494366,ml_v6,2025-11
274530,long,2025-11-17 03:00:00,2025-11-17 03:05:00,2025-11-17 05:14:00,4079.806,4073.1422152777777,SL,-6.8237847222222054,129,0.4064649590229543,ml_v6,2025-11
274557,long,2025-11-17 05:15:00,2025-11-17 05:20:00,2025-11-17 05:26:00,4067.581,4060.8820243055557,SL,-6.8589756944444185,6,0.4045834752092674,ml_v6,2025-11
274560,short,2025-11-17 05:30:00,2025-11-17 05:35:00,2025-11-17 05:46:00,4053.244,4059.9899131944444,SL,-6.905913194444423,11,0.3829866502570133,ml_v6,2025-11
274564,short,2025-11-17 05:50:00,2025-11-17 05:55:00,2025-11-17 06:01:00,4055.644,4062.4301319444444,SL,-6.946131944444425,6,0.3751794848727207,ml_v6,2025-11
274567,long,2025-11-17 06:05:00,2025-11-17 06:10:00,2025-11-17 06:33:00,4060.004,4070.878561111111,TP,10.714561111111083,23,0.4037744780631357,ml_v6,2025-11
274573,long,2025-11-17 06:35:00,2025-11-17 06:40:00,2025-11-17 07:39:00,4069.992,4080.896838888889,TP,10.74483888888886,59,0.42728529148004574,ml_v6,2025-11
274586,long,2025-11-17 07:40:00,2025-11-17 07:45:00,2025-11-17 08:07:00,4083.248,4094.088172222222,TP,10.680172222222186,22,0.4243863208571963,ml_v6,2025-11
274592,long,2025-11-17 08:10:00,2025-11-17 08:15:00,2025-11-17 08:22:00,4090.202,4083.4692986111113,SL,-6.892701388888864,7,0.4058595386920032,ml_v6,2025-11
274596,long,2025-11-17 08:30:00,2025-11-17 08:35:00,2025-11-17 08:48:00,4081.066,4074.3594062499997,SL,-6.86659374999997,13,0.40206005915684523,ml_v6,2025-11
274600,long,2025-11-17 08:50:00,2025-11-17 08:55:00,2025-11-17 09:33:00,4075.96,4086.6853166666665,TP,10.565316666666623,38,0.4060952838128843,ml_v6,2025-11
274609,long,2025-11-17 09:35:00,2025-11-17 09:40:00,2025-11-17 09:53:00,4086.125,4079.471878472222,SL,-6.813121527777756,13,0.43597540931986967,ml_v6,2025-11
274613,long,2025-11-17 09:55:00,2025-11-17 10:00:00,2025-11-17 10:50:00,4082.106,4075.4785208333337,SL,-6.787479166666644,50,0.41652185819586696,ml_v6,2025-11
274625,long,2025-11-17 10:55:00,2025-11-17 11:00:00,2025-11-17 11:02:00,4070.296,4063.669784722222,SL,-6.786215277777754,2,0.42273039505603616,ml_v6,2025-11
274627,long,2025-11-17 11:05:00,2025-11-17 11:10:00,2025-11-17 11:13:00,4073.386,4066.7213715277776,SL,-6.824628472222199,3,0.42500048860077677,ml_v6,2025-11
274629,long,2025-11-17 11:15:00,2025-11-17 11:20:00,2025-11-17 11:42:00,4069.94,4080.6209055555555,TP,10.520905555555517,22,0.4225207583214591,ml_v6,2025-11
274636,long,2025-11-17 11:50:00,2025-11-17 11:55:00,2025-11-17 11:58:00,4085.294,4078.576201388889,SL,-6.877798611111077,3,0.40281045953675726,ml_v6,2025-11
274639,long,2025-11-17 12:05:00,2025-11-17 12:10:00,2025-11-17 13:05:00,4079.786,4090.5076777777776,TP,10.561677777777728,55,0.4068311818334967,ml_v6,2025-11
274654,short,2025-11-17 13:20:00,2025-11-17 13:25:00,2025-11-17 13:37:00,4078.683,4068.185877777778,TP,10.337122222222165,12,0.3707035392433254,ml_v6,2025-11
274658,short,2025-11-17 13:40:00,2025-11-17 13:45:00,2025-11-17 14:35:00,4069.229,4075.7337777777775,SL,-6.6647777777777435,50,0.3728290408760158,ml_v6,2025-11
274670,short,2025-11-17 14:40:00,2025-11-17 14:45:00,2025-11-17 14:52:00,4074.059,4080.3132118055555,SL,-6.41421180555552,7,0.37070084156564587,ml_v6,2025-11
274673,short,2025-11-17 14:55:00,2025-11-17 15:00:00,2025-11-17 15:08:00,4076.385,4066.432777777778,TP,9.792222222222165,8,0.372886588593043,ml_v6,2025-11
274676,short,2025-11-17 15:10:00,2025-11-17 15:15:00,2025-11-17 15:28:00,4068.873,4075.0665381944445,SL,-6.3535381944444085,13,0.38290019871763104,ml_v6,2025-11
274680,short,2025-11-17 15:30:00,2025-11-17 15:35:00,2025-11-17 15:56:00,4074.928,4065.1062944444443,TP,9.661705555555502,21,0.3725103193717372,ml_v6,2025-11
274686,short,2025-11-17 16:00:00,2025-11-17 16:05:00,2025-11-17 16:15:00,4056.686,4062.6361631944446,SL,-6.110163194444406,10,0.38701422935845053,ml_v6,2025-11
274690,short,2025-11-17 16:20:00,2025-11-17 16:25:00,2025-11-17 16:31:00,4065.466,4071.382208333333,SL,-6.076208333333298,6,0.3783994370894801,ml_v6,2025-11
274693,short,2025-11-17 16:35:00,2025-11-17 16:40:00,2025-11-17 17:13:00,4069.706,4075.586513888889,SL,-6.040513888888855,33,0.37656829299501293,ml_v6,2025-11
274701,short,2025-11-17 17:15:00,2025-11-17 17:20:00,2025-11-17 18:36:00,4076.748,4067.6503666666667,TP,8.937633333333277,76,0.37404013218454235,ml_v6,2025-11
274718,short,2025-11-17 18:40:00,2025-11-17 18:45:00,2025-11-17 19:03:00,4068.713,4059.8921111111113,TP,8.660888888888845,18,0.3712774270968806,ml_v6,2025-11
274728,long,2025-11-17 19:30:00,2025-11-17 19:35:00,2025-11-17 19:38:00,4038.463,4032.9976111111114,SL,-5.625388888888861,3,0.4200309715344189,ml_v6,2025-11
274730,long,2025-11-17 19:40:00,2025-11-17 19:45:00,2025-11-17 19:56:00,4019.488,4013.9762569444442,SL,-5.671743055555531,11,0.447757080449674,ml_v6,2025-11
274734,long,2025-11-17 20:00:00,2025-11-17 20:05:00,2025-11-17 20:18:00,4014.946,4023.8591055555553,TP,8.753105555555512,13,0.4548544163249031,ml_v6,2025-11
274738,long,2025-11-17 20:20:00,2025-11-17 20:25:00,2025-11-17 20:30:00,4020.357,4029.3756777777776,TP,8.858677777777732,5,0.4514185555605068,ml_v6,2025-11
274741,long,2025-11-17 20:35:00,2025-11-17 20:40:00,2025-11-17 20:50:00,4027.129,4036.188938888889,TP,8.899938888888842,10,0.45816291259012476,ml_v6,2025-11
274745,long,2025-11-17 20:55:00,2025-11-17 21:00:00,2025-11-17 23:00:00,4040.993,4050.040883333333,TP,8.887883333333287,58,0.40138361853579796,ml_v6,2025-11
274759,long,2025-11-17 23:05:00,2025-11-17 23:10:00,2025-11-17 23:40:00,4048.102,4042.551847222222,SL,-5.7101527777777505,30,0.41745240494550373,ml_v6,2025-11
274767,long,2025-11-17 23:45:00,2025-11-17 23:50:00,2025-11-18 00:02:00,4036.675,4031.059868055556,SL,-5.7751319444444205,12,0.4229026393252727,ml_v6,2025-11
274771,long,2025-11-18 00:05:00,2025-11-18 00:10:00,2025-11-18 00:18:00,4038.082,4032.576420138889,SL,-5.665579861111086,8,0.44384337541461893,ml_v6,2025-11
274774,long,2025-11-18 00:20:00,2025-11-18 00:25:00,2025-11-18 01:00:00,4033.29,4042.0657055555553,TP,8.61570555555552,35,0.44296702220891127,ml_v6,2025-11
274783,long,2025-11-18 01:05:00,2025-11-18 01:10:00,2025-11-18 01:42:00,4038.592,4033.083076388889,SL,-5.668923611111091,32,0.4300639709422506,ml_v6,2025-11
274791,long,2025-11-18 01:45:00,2025-11-18 01:50:00,2025-11-18 01:51:00,4031.935,4026.4262743055556,SL,-5.668725694444426,1,0.42374586633670314,ml_v6,2025-11
274793,long,2025-11-18 01:55:00,2025-11-18 02:00:00,2025-11-18 02:01:00,4024.96,4019.44140625,SL,-5.678593749999978,1,0.41964858526487725,ml_v6,2025-11
274795,long,2025-11-18 02:05:00,2025-11-18 02:10:00,2025-11-18 02:48:00,4031.163,4025.640809027778,SL,-5.682190972222201,38,0.4259084278983362,ml_v6,2025-11
274804,long,2025-11-18 02:50:00,2025-11-18 02:55:00,2025-11-18 02:57:00,4021.149,4015.628239583333,SL,-5.680760416666645,2,0.43837055401313135,ml_v6,2025-11
274806,long,2025-11-18 03:00:00,2025-11-18 03:05:00,2025-11-18 03:10:00,4017.832,4012.326704861111,SL,-5.665295138888867,5,0.42028436656239804,ml_v6,2025-11
274809,long,2025-11-18 03:15:00,2025-11-18 03:20:00,2025-11-18 03:36:00,4009.853,4018.6832444444444,TP,8.670244444444414,16,0.4273975253630571,ml_v6,2025-11
274814,long,2025-11-18 03:40:00,2025-11-18 03:45:00,2025-11-18 03:52:00,4022.083,4016.552559027778,SL,-5.690440972222201,7,0.446065319433642,ml_v6,2025-11
274817,long,2025-11-18 03:55:00,2025-11-18 04:00:00,2025-11-18 04:17:00,4013.316,4007.7892777777774,SL,-5.686722222222201,17,0.4223568253006895,ml_v6,2025-11
274822,long,2025-11-18 04:20:00,2025-11-18 04:25:00,2025-11-18 04:27:00,4007.597,4016.349366666667,TP,8.592366666666633,2,0.4038190646374083,ml_v6,2025-11
274824,long,2025-11-18 04:30:00,2025-11-18 04:35:00,2025-11-18 04:37:00,4013.222,4007.7225312500004,SL,-5.659468749999979,2,0.4074011503743522,ml_v6,2025-11
274826,short,2025-11-18 04:40:00,2025-11-18 04:45:00,2025-11-18 05:20:00,4010.302,4015.816798611111,SL,-5.674798611111093,35,0.3721633172462837,ml_v6,2025-11
274836,long,2025-11-18 05:30:00,2025-11-18 05:35:00,2025-11-18 06:04:00,4019.987,4014.433986111111,SL,-5.713013888888875,29,0.4030590400592494,ml_v6,2025-11
274844,short,2025-11-18 06:10:00,2025-11-18 06:15:00,2025-11-18 07:12:00,4012.629,4003.687377777778,TP,8.7816222222222,57,0.37673675183757704,ml_v6,2025-11
274857,short,2025-11-18 07:15:00,2025-11-18 07:20:00,2025-11-18 07:38:00,4008.298,3999.5355444444444,TP,8.602455555555526,18,0.37857868437274855,ml_v6,2025-11
274862,short,2025-11-18 07:40:00,2025-11-18 07:45:00,2025-11-18 07:48:00,4011.71,4017.19975,SL,-5.649749999999985,3,0.3713671780060188,ml_v6,2025-11
274864,long,2025-11-18 07:50:00,2025-11-18 07:55:00,2025-11-18 08:06:00,4013.107,4021.908722222222,TP,8.641722222222201,11,0.4066192455743801,ml_v6,2025-11
274868,long,2025-11-18 08:10:00,2025-11-18 08:15:00,2025-11-18 08:33:00,4025.004,4033.8583666666664,TP,8.694366666666653,18,0.41973516367595715,ml_v6,2025-11
274873,long,2025-11-18 08:35:00,2025-11-18 08:40:00,2025-11-18 08:46:00,4041.319,4035.7340034722224,SL,-5.744996527777768,6,0.41389747050815767,ml_v6,2025-11
274877,long,2025-11-18 08:55:00,2025-11-18 09:00:00,2025-11-18 09:10:00,4036.765,4031.144173611111,SL,-5.780826388888882,10,0.4103493902113026,ml_v6,2025-11
274881,long,2025-11-18 09:15:00,2025-11-18 09:20:00,2025-11-18 09:30:00,4038.862,4033.23996875,SL,-5.782031249999992,10,0.4146881920911748,ml_v6,2025-11
274885,long,2025-11-18 09:35:00,2025-11-18 09:40:00,2025-11-18 09:55:00,4035.12,4044.110472222222,TP,8.830472222222213,15,0.41873312415563346,ml_v6,2025-11
274891,long,2025-11-18 10:05:00,2025-11-18 10:10:00,2025-11-18 10:30:00,4043.924,4038.2964340277777,SL,-5.787565972222215,20,0.4015449739899447,ml_v6,2025-11
274899,short,2025-11-18 10:45:00,2025-11-18 10:50:00,2025-11-18 11:56:00,4048.272,4039.2446,TP,8.867399999999991,66,0.37043124416452006,ml_v6,2025-11
274914,short,2025-11-18 12:00:00,2025-11-18 12:05:00,2025-11-18 12:25:00,4044.681,4035.7659777777776,TP,8.755022222222218,20,0.37179410436730936,ml_v6,2025-11
274920,long,2025-11-18 12:30:00,2025-11-18 12:35:00,2025-11-18 12:56:00,4036.993,4031.4439374999997,SL,-5.709062500000002,21,0.4024421984314648,ml_v6,2025-11
274926,short,2025-11-18 13:00:00,2025-11-18 13:05:00,2025-11-18 13:23:00,4044.388,4049.9309583333334,SL,-5.702958333333339,18,0.3754866568146284,ml_v6,2025-11
274931,short,2025-11-18 13:25:00,2025-11-18 13:30:00,2025-11-18 13:35:00,4048.982,4054.562052083333,SL,-5.740052083333342,5,0.37219815695048614,ml_v6,2025-11
274934,short,2025-11-18 13:40:00,2025-11-18 13:45:00,2025-11-18 13:49:00,4063.378,4068.9996250000004,SL,-5.7816250000000124,4,0.3772307112193231,ml_v6,2025-11
274936,short,2025-11-18 13:50:00,2025-11-18 13:55:00,2025-11-18 14:04:00,4068.976,4074.603055555556,SL,-5.787055555555567,9,0.37954217934371276,ml_v6,2025-11
274939,short,2025-11-18 14:05:00,2025-11-18 14:10:00,2025-11-18 14:15:00,4071.287,4076.8927743055556,SL,-5.765774305555567,5,0.374063705821551,ml_v6,2025-11
274942,long,2025-11-18 14:20:00,2025-11-18 14:25:00,2025-11-18 14:30:00,4078.185,4072.5807638888887,SL,-5.764236111111122,5,0.40701113077617757,ml_v6,2025-11
274945,long,2025-11-18 14:35:00,2025-11-18 14:40:00,2025-11-18 14:46:00,4077.644,4072.0284513888887,SL,-5.77554861111112,6,0.4180340915175153,ml_v6,2025-11
274948,short,2025-11-18 14:50:00,2025-11-18 14:55:00,2025-11-18 14:56:00,4061.652,4067.3229756944447,SL,-5.830975694444453,1,0.3799586647944819,ml_v6,2025-11
274950,short,2025-11-18 15:00:00,2025-11-18 15:05:00,2025-11-18 15:27:00,4060.036,4065.762260416667,SL,-5.8862604166666745,22,0.3779713863330256,ml_v6,2025-11
274956,short,2025-11-18 15:30:00,2025-11-18 15:35:00,2025-11-18 15:47:00,4065.148,4055.894727777778,TP,9.093272222222234,12,0.37752539457849377,ml_v6,2025-11
274960,short,2025-11-18 15:50:00,2025-11-18 15:55:00,2025-11-18 16:03:00,4053.969,4044.713527777778,TP,9.095472222222241,8,0.3768091702657115,ml_v6,2025-11
274963,short,2025-11-18 16:05:00,2025-11-18 16:10:00,2025-11-18 16:13:00,4046.037,4051.8136215277777,SL,-5.936621527777787,3,0.37200533392003887,ml_v6,2025-11
274965,short,2025-11-18 16:15:00,2025-11-18 16:20:00,2025-11-18 16:29:00,4059.052,4064.8376631944448,SL,-5.945663194444455,9,0.37900458814672344,ml_v6,2025-11
274968,short,2025-11-18 16:30:00,2025-11-18 16:35:00,2025-11-18 16:55:00,4060.48,4066.247875,SL,-5.927875000000007,20,0.3765231275754344,ml_v6,2025-11
274974,short,2025-11-18 17:00:00,2025-11-18 17:05:00,2025-11-18 17:17:00,4070.524,4061.3332333333333,TP,9.03076666666668,12,0.37457415999940746,ml_v6,2025-11
274978,short,2025-11-18 17:20:00,2025-11-18 17:25:00,2025-11-18 17:35:00,4061.824,4067.551138888889,SL,-5.887138888888898,10,0.37749420644811504,ml_v6,2025-11
274982,short,2025-11-18 17:40:00,2025-11-18 17:45:00,2025-11-18 18:25:00,4073.103,4063.901961111111,TP,9.0410388888889,40,0.3730412179427516,ml_v6,2025-11
274992,short,2025-11-18 18:30:00,2025-11-18 18:35:00,2025-11-18 18:46:00,4067.271,4073.0126770833335,SL,-5.90167708333334,11,0.3708163255648982,ml_v6,2025-11
274998,long,2025-11-18 19:00:00,2025-11-18 19:05:00,2025-11-18 20:46:00,4074.058,4068.3112465277777,SL,-5.906753472222229,101,0.4064608807392017,ml_v6,2025-11
275020,long,2025-11-18 20:50:00,2025-11-18 20:55:00,2025-11-19 00:24:00,4069.274,4078.180761111111,TP,8.746761111111121,147,0.43335010968424087,ml_v6,2025-11
275051,long,2025-11-19 00:25:00,2025-11-19 00:30:00,2025-11-19 00:52:00,4074.92,4069.5542604166667,SL,-5.5257395833333405,22,0.46224325967552693,ml_v6,2025-11
275057,long,2025-11-19 00:55:00,2025-11-19 01:00:00,2025-11-19 01:06:00,4069.504,4064.226677083333,SL,-5.437322916666673,6,0.4657554600421965,ml_v6,2025-11
275062,short,2025-11-19 01:20:00,2025-11-19 01:25:00,2025-11-19 01:56:00,4066.321,4057.9174666666668,TP,8.24353333333334,31,0.36989204330071235,ml_v6,2025-11
275073,long,2025-11-19 02:15:00,2025-11-19 02:20:00,2025-11-19 02:34:00,4061.648,4069.96165,TP,8.153650000000013,14,0.4015817478464446,ml_v6,2025-11
275077,long,2025-11-19 02:35:00,2025-11-19 02:40:00,2025-11-19 02:46:00,4071.836,4080.125461111111,TP,8.129461111111121,6,0.417881142163979,ml_v6,2025-11
275080,long,2025-11-19 02:50:00,2025-11-19 02:55:00,2025-11-19 03:07:00,4078.52,4073.366375,SL,-5.313625000000007,12,0.4319970353611721,ml_v6,2025-11
275084,long,2025-11-19 03:10:00,2025-11-19 03:15:00,2025-11-19 03:57:00,4073.583,4068.4642569444445,SL,-5.278743055555566,42,0.42917553281611537,ml_v6,2025-11
275094,long,2025-11-19 04:00:00,2025-11-19 04:05:00,2025-11-19 04:33:00,4068.297,4076.373866666667,TP,7.916866666666687,28,0.43961548102464465,ml_v6,2025-11
275101,long,2025-11-19 04:35:00,2025-11-19 04:40:00,2025-11-19 05:16:00,4075.716,4083.7179444444446,TP,7.841944444444465,36,0.4268070209231779,ml_v6,2025-11
275110,long,2025-11-19 05:20:00,2025-11-19 05:25:00,2025-11-19 07:08:00,4091.416,4086.4406944444445,SL,-5.135305555555565,103,0.40989302297069896,ml_v6,2025-11
275132,long,2025-11-19 07:10:00,2025-11-19 07:15:00,2025-11-19 07:41:00,4087.213,4095.0918944444447,TP,7.718894444444447,26,0.44103195710488285,ml_v6,2025-11
275139,long,2025-11-19 07:45:00,2025-11-19 07:50:00,2025-11-19 07:56:00,4094.803,4089.9208055555555,SL,-5.0421944444444495,6,0.45544761430001224,ml_v6,2025-11
275142,short,2025-11-19 08:00:00,2025-11-19 08:05:00,2025-11-19 09:11:00,4084.906,4089.7934166666664,SL,-5.047416666666675,66,0.3838892553530576,ml_v6,2025-11
275157,long,2025-11-19 09:15:00,2025-11-19 09:20:00,2025-11-19 09:43:00,4088.952,4096.624338888889,TP,7.512338888888892,23,0.419708099713653,ml_v6,2025-11
275163,short,2025-11-19 09:45:00,2025-11-19 09:50:00,2025-11-19 09:55:00,4103.785,4108.55209375,SL,-4.927093749999999,5,0.37967956604532116,ml_v6,2025-11
275166,long,2025-11-19 10:00:00,2025-11-19 10:05:00,2025-11-19 10:58:00,4113.076,4108.300079861111,SL,-4.9359201388888865,53,0.4168412639936774,ml_v6,2025-11
275178,short,2025-11-19 11:00:00,2025-11-19 11:05:00,2025-11-19 11:16:00,4108.37,4113.114506944445,SL,-4.9045069444444405,11,0.3790020549493205,ml_v6,2025-11
275182,short,2025-11-19 11:20:00,2025-11-19 11:25:00,2025-11-19 12:10:00,4113.614,4118.356031249999,SL,-4.902031249999997,45,0.3775291496711146,ml_v6,2025-11
275193,short,2025-11-19 12:15:00,2025-11-19 12:20:00,2025-11-19 12:30:00,4113.265,4117.973385416667,SL,-4.868385416666655,10,0.3822402167172598,ml_v6,2025-11
275197,short,2025-11-19 12:35:00,2025-11-19 12:40:00,2025-11-19 13:00:00,4118.509,4110.959144444444,TP,7.389855555555535,20,0.3809973704667257,ml_v6,2025-11
275203,short,2025-11-19 13:05:00,2025-11-19 13:10:00,2025-11-19 13:31:00,4107.304,4112.028142361111,SL,-4.884142361111096,21,0.384770912357414,ml_v6,2025-11
275209,short,2025-11-19 13:35:00,2025-11-19 13:40:00,2025-11-19 13:45:00,4111.668,4116.418319444444,SL,-4.910319444444421,5,0.38193648101858013,ml_v6,2025-11
275212,short,2025-11-19 13:50:00,2025-11-19 13:55:00,2025-11-19 13:59:00,4106.356,4111.116381944445,SL,-4.920381944444419,4,0.3819435739713084,ml_v6,2025-11
275214,long,2025-11-19 14:00:00,2025-11-19 14:05:00,2025-11-19 14:21:00,4115.122,4110.399284722223,SL,-4.88271527777775,16,0.4180233731740653,ml_v6,2025-11
275219,short,2025-11-19 14:25:00,2025-11-19 14:30:00,2025-11-19 14:33:00,4106.915,4111.632097222222,SL,-4.877097222222192,3,0.38340874554685467,ml_v6,2025-11
275221,long,2025-11-19 14:35:00,2025-11-19 14:40:00,2025-11-19 14:45:00,4115.066,4110.355489583333,SL,-4.870510416666638,5,0.4127534969371627,ml_v6,2025-11
275224,short,2025-11-19 14:50:00,2025-11-19 14:55:00,2025-11-19 14:56:00,4117.547,4122.272701388888,SL,-4.885701388888859,1,0.3803721422152888,ml_v6,2025-11
275226,short,2025-11-19 15:00:00,2025-11-19 15:05:00,2025-11-19 15:15:00,4126.623,4131.348680555555,SL,-4.885680555555524,10,0.3785406255917918,ml_v6,2025-11
275230,short,2025-11-19 15:20:00,2025-11-19 15:25:00,2025-11-19 15:29:00,4124.728,4117.145822222223,TP,7.422177777777737,4,0.3778171891169917,ml_v6,2025-11
275232,short,2025-11-19 15:30:00,2025-11-19 15:35:00,2025-11-19 15:41:00,4117.053,4109.481466666666,TP,7.411533333333292,6,0.3782180452542674,ml_v6,2025-11
275235,short,2025-11-19 15:45:00,2025-11-19 15:50:00,2025-11-19 15:53:00,4106.588,4099.030372222222,TP,7.397627777777732,3,0.38171655478052013,ml_v6,2025-11
275237,short,2025-11-19 15:55:00,2025-11-19 16:00:00,2025-11-19 16:01:00,4096.624,4089.0763777777775,TP,7.387622222222175,1,0.37820162417463177,ml_v6,2025-11
275239,short,2025-11-19 16:05:00,2025-11-19 16:10:00,2025-11-19 16:14:00,4089.669,4094.374569444444,SL,-4.865569444444418,4,0.3708107823329341,ml_v6,2025-11
275241,long,2025-11-19 16:15:00,2025-11-19 16:20:00,2025-11-19 16:26:00,4084.198,4079.4815555555556,SL,-4.876444444444418,6,0.40339063803119846,ml_v6,2025-11
275244,short,2025-11-19 16:30:00,2025-11-19 16:35:00,2025-11-19 16:37:00,4077.351,4069.7858833333335,TP,7.4051166666666255,2,0.37477042319349163,ml_v6,2025-11
275246,short,2025-11-19 16:40:00,2025-11-19 16:45:00,2025-11-19 17:03:00,4073.545,4065.9424,TP,7.442599999999956,18,0.37414594533017986,ml_v6,2025-11
275251,short,2025-11-19 17:05:00,2025-11-19 17:10:00,2025-11-19 17:11:00,4060.544,4065.3188541666664,SL,-4.934854166666641,1,0.3791936242776286,ml_v6,2025-11
275254,short,2025-11-19 17:35:00,2025-11-19 17:40:00,2025-11-19 17:42:00,4071.625,4076.3898402777777,SL,-4.9248402777777525,2,0.37921600582174175,ml_v6,2025-11
275256,short,2025-11-19 17:45:00,2025-11-19 17:50:00,2025-11-19 18:04:00,4076.994,4081.763840277778,SL,-4.929840277777752,14,0.375860860367335,ml_v6,2025-11
275261,short,2025-11-19 18:15:00,2025-11-19 18:20:00,2025-11-19 18:33:00,4084.039,4076.422805555556,TP,7.456194444444407,13,0.37530442120603436,ml_v6,2025-11
275265,short,2025-11-19 18:35:00,2025-11-19 18:40:00,2025-11-19 18:51:00,4081.866,4086.647,SL,-4.940999999999976,8,0.37028717042974346,ml_v6,2025-11
275284,long,2025-11-19 20:10:00,2025-11-19 20:15:00,2025-11-19 21:15:00,4075.603,4070.776059027778,SL,-4.986940972222199,60,0.40928921643237315,ml_v6,2025-11
275298,long,2025-11-19 21:20:00,2025-11-19 21:25:00,2025-11-19 21:35:00,4076.135,4083.9130222222225,TP,7.618022222222184,10,0.4197244568498707,ml_v6,2025-11
275302,long,2025-11-19 21:40:00,2025-11-19 21:45:00,2025-11-19 23:04:00,4080.287,4088.075361111111,TP,7.628361111111074,17,0.4241496354925931,ml_v6,2025-11
275307,long,2025-11-19 23:05:00,2025-11-19 23:10:00,2025-11-19 23:38:00,4085.595,4093.415861111111,TP,7.660861111111075,28,0.40788469315925774,ml_v6,2025-11
275314,long,2025-11-19 23:40:00,2025-11-19 23:45:00,2025-11-19 23:50:00,4096.425,4104.324638888889,TP,7.739638888888851,5,0.4171438374330263,ml_v6,2025-11
275318,long,2025-11-20 00:00:00,2025-11-20 00:05:00,2025-11-20 01:11:00,4105.322,4100.335996527778,SL,-5.1460034722222,66,0.4098878559175324,ml_v6,2025-11
275333,long,2025-11-20 01:15:00,2025-11-20 01:20:00,2025-11-20 01:21:00,4098.137,4093.094170138889,SL,-5.202829861111086,1,0.4369512762302249,ml_v6,2025-11
275335,long,2025-11-20 01:25:00,2025-11-20 01:30:00,2025-11-20 01:32:00,4094.478,4089.4283993055556,SL,-5.2096006944444175,2,0.4525275495587721,ml_v6,2025-11
275337,long,2025-11-20 01:35:00,2025-11-20 01:40:00,2025-11-20 01:55:00,4091.362,4086.298149305556,SL,-5.223850694444418,15,0.45942630129830286,ml_v6,2025-11
275342,long,2025-11-20 02:00:00,2025-11-20 02:05:00,2025-11-20 02:06:00,4070.858,4065.7218645833336,SL,-5.2961354166666395,1,0.4232351451066778,ml_v6,2025-11
275344,long,2025-11-20 02:10:00,2025-11-20 02:15:00,2025-11-20 02:17:00,4063.324,4058.1508402777777,SL,-5.333159722222195,2,0.4075858854965292,ml_v6,2025-11
275346,long,2025-11-20 02:20:00,2025-11-20 02:25:00,2025-11-20 02:49:00,4054.484,4062.906488888889,TP,8.262488888888845,24,0.4124668504073754,ml_v6,2025-11
275352,long,2025-11-20 02:50:00,2025-11-20 02:55:00,2025-11-20 03:05:00,4067.966,4076.4026388888888,TP,8.276638888888836,10,0.41207358905150226,ml_v6,2025-11
275356,long,2025-11-20 03:10:00,2025-11-20 03:15:00,2025-11-20 03:21:00,4078.212,4072.896201388889,SL,-5.4757986111110775,6,0.45019607578637627,ml_v6,2025-11
275359,long,2025-11-20 03:25:00,2025-11-20 03:30:00,2025-11-20 03:34:00,4076.354,4071.0450312499997,SL,-5.468968749999965,4,0.4582149509858454,ml_v6,2025-11
275361,long,2025-11-20 03:35:00,2025-11-20 03:40:00,2025-11-20 03:44:00,4071.782,4066.4586145833337,SL,-5.483385416666631,4,0.4284189093667199,ml_v6,2025-11
275363,long,2025-11-20 03:45:00,2025-11-20 03:50:00,2025-11-20 04:10:00,4069.426,4077.9668055555553,TP,8.3808055555555,20,0.4161435682198945,ml_v6,2025-11
275369,long,2025-11-20 04:15:00,2025-11-20 04:20:00,2025-11-20 04:42:00,4078.922,4073.5872916666667,SL,-5.4947083333333,22,0.4466099903166949,ml_v6,2025-11
275375,long,2025-11-20 04:45:00,2025-11-20 04:50:00,2025-11-20 05:02:00,4078.427,4073.112184027778,SL,-5.4748159722221885,12,0.45827382792325855,ml_v6,2025-11
275379,long,2025-11-20 05:05:00,2025-11-20 05:10:00,2025-11-20 05:38:00,4069.865,4064.523982638889,SL,-5.501017361111081,28,0.4274697115704073,ml_v6,2025-11
275386,long,2025-11-20 05:40:00,2025-11-20 05:45:00,2025-11-20 06:08:00,4067.136,4075.7259611111112,TP,8.429961111111057,23,0.4220171350330647,ml_v6,2025-11
275392,long,2025-11-20 06:10:00,2025-11-20 06:15:00,2025-11-20 06:20:00,4073.441,4068.0333124999997,SL,-5.567687499999964,5,0.43576562152034015,ml_v6,2025-11
275395,long,2025-11-20 06:25:00,2025-11-20 06:30:00,2025-11-20 06:41:00,4062.961,4071.666694444444,TP,8.545694444444392,11,0.4291017672043508,ml_v6,2025-11
275399,long,2025-11-20 06:45:00,2025-11-20 06:50:00,2025-11-20 07:12:00,4067.344,4076.0345333333335,TP,8.53053333333328,22,0.4279872218015865,ml_v6,2025-11
275405,long,2025-11-20 07:15:00,2025-11-20 07:20:00,2025-11-20 07:23:00,4066.019,4060.5852499999996,SL,-5.593749999999967,3,0.4056541056566828,ml_v6,2025-11
275407,long,2025-11-20 07:25:00,2025-11-20 07:30:00,2025-11-20 07:45:00,4062.814,4057.3777604166667,SL,-5.596239583333302,15,0.40921939706978533,ml_v6,2025-11
275412,long,2025-11-20 07:50:00,2025-11-20 07:55:00,2025-11-20 08:03:00,4060.422,4054.9680243055554,SL,-5.613975694444413,8,0.4107286437906187,ml_v6,2025-11
275415,short,2025-11-20 08:05:00,2025-11-20 08:10:00,2025-11-20 08:22:00,4050.052,4041.2377222222226,TP,8.654277777777729,12,0.3750424278390566,ml_v6,2025-11
275419,short,2025-11-20 08:25:00,2025-11-20 08:30:00,2025-11-20 08:33:00,4046.044,4051.601100694444,SL,-5.717100694444415,3,0.3752403003585497,ml_v6,2025-11
275421,long,2025-11-20 08:35:00,2025-11-20 08:40:00,2025-11-20 08:56:00,4053.346,4062.296611111111,TP,8.790611111111064,16,0.406080103568767,ml_v6,2025-11
275426,long,2025-11-20 09:00:00,2025-11-20 09:05:00,2025-11-20 09:19:00,4069.034,4063.360263888889,SL,-5.833736111111079,14,0.416888880324394,ml_v6,2025-11
275430,long,2025-11-20 09:20:00,2025-11-20 09:25:00,2025-11-20 09:30:00,4063.902,4058.195690972222,SL,-5.866309027777743,5,0.4170581396936186,ml_v6,2025-11
275433,long,2025-11-20 09:35:00,2025-11-20 09:40:00,2025-11-20 10:14:00,4064.809,4059.0786319444446,SL,-5.890368055555518,34,0.4163202778305455,ml_v6,2025-11
275441,long,2025-11-20 10:15:00,2025-11-20 10:20:00,2025-11-20 11:04:00,4060.561,4054.793236111111,SL,-5.927763888888853,44,0.4201492258718941,ml_v6,2025-11
275451,long,2025-11-20 11:05:00,2025-11-20 11:10:00,2025-11-20 11:42:00,4056.756,4065.9565388888886,TP,9.040538888888833,32,0.4201861522629067,ml_v6,2025-11
275459,long,2025-11-20 11:45:00,2025-11-20 11:50:00,2025-11-20 12:08:00,4058.752,4067.9275944444444,TP,9.01559444444439,18,0.43353249823999995,ml_v6,2025-11
275464,long,2025-11-20 12:10:00,2025-11-20 12:15:00,2025-11-20 12:59:00,4072.766,4082.0046555555555,TP,9.07865555555551,44,0.43321054474839515,ml_v6,2025-11
275474,long,2025-11-20 13:00:00,2025-11-20 13:05:00,2025-11-20 13:30:00,4087.715,4081.901434027778,SL,-5.973565972222195,25,0.42127085849701196,ml_v6,2025-11
275481,long,2025-11-20 13:35:00,2025-11-20 13:40:00,2025-11-20 13:41:00,4092.881,4086.881732638889,SL,-6.15926736111109,1,0.4122970373729624,ml_v6,2025-11
275483,long,2025-11-20 13:45:00,2025-11-20 13:50:00,2025-11-20 13:51:00,4088.453,4082.3818020833332,SL,-6.231197916666645,1,0.40631837902919965,ml_v6,2025-11
275485,long,2025-11-20 13:55:00,2025-11-20 14:00:00,2025-11-20 14:04:00,4080.269,4074.1433541666665,SL,-6.285645833333313,4,0.43071133409481727,ml_v6,2025-11
275487,long,2025-11-20 14:05:00,2025-11-20 14:10:00,2025-11-20 14:18:00,4076.643,4086.4904333333334,TP,9.687433333333301,8,0.4269284926274873,ml_v6,2025-11
275490,long,2025-11-20 14:20:00,2025-11-20 14:25:00,2025-11-20 14:30:00,4084.64,4078.458517361111,SL,-6.34148263888887,5,0.4223189801407379,ml_v6,2025-11
275493,long,2025-11-20 14:35:00,2025-11-20 14:40:00,2025-11-20 14:46:00,4082.458,4092.3921055555556,TP,9.774105555555536,6,0.4199102936141518,ml_v6,2025-11
275498,short,2025-11-20 15:00:00,2025-11-20 15:05:00,2025-11-20 15:07:00,4094.852,4084.7894555555554,TP,9.902544444444427,2,0.3707886988120448,ml_v6,2025-11
275500,short,2025-11-20 15:10:00,2025-11-20 15:15:00,2025-11-20 15:27:00,4092.284,4098.602805555555,SL,-6.478805555555546,12,0.37183806838563793,ml_v6,2025-11
275504,long,2025-11-20 15:30:00,2025-11-20 15:35:00,2025-11-20 15:59:00,4079.374,4072.998256944444,SL,-6.535743055555546,24,0.4125531763385633,ml_v6,2025-11
275510,short,2025-11-20 16:00:00,2025-11-20 16:05:00,2025-11-20 16:09:00,4075.956,4082.3838611111114,SL,-6.587861111111101,4,0.3753958249287974,ml_v6,2025-11
275512,short,2025-11-20 16:10:00,2025-11-20 16:15:00,2025-11-20 16:26:00,4074.498,4064.18805,TP,10.149949999999986,11,0.3754591399627101,ml_v6,2025-11
275518,long,2025-11-20 16:40:00,2025-11-20 16:45:00,2025-11-20 16:56:00,4059.357,4052.9025381944443,SL,-6.6144618055555435,11,0.40303372558967643,ml_v6,2025-11
275522,short,2025-11-20 17:00:00,2025-11-20 17:05:00,2025-11-20 17:19:00,4050.833,4057.3320555555556,SL,-6.659055555555547,14,0.3715911114411723,ml_v6,2025-11
275526,short,2025-11-20 17:20:00,2025-11-20 17:25:00,2025-11-20 17:55:00,4059.15,4065.607375,SL,-6.617374999999991,30,0.3697781914668452,ml_v6,2025-11
275534,short,2025-11-20 18:00:00,2025-11-20 18:05:00,2025-11-20 18:22:00,4068.728,4058.4706666666666,TP,10.09733333333332,17,0.37110338153413647,ml_v6,2025-11
275539,short,2025-11-20 18:25:00,2025-11-20 18:30:00,2025-11-20 18:36:00,4060.393,4066.7473645833334,SL,-6.514364583333326,6,0.37039839269689434,ml_v6,2025-11
275543,short,2025-11-20 18:45:00,2025-11-20 18:50:00,2025-11-20 19:11:00,4060.137,4066.4630173611113,SL,-6.486017361111107,21,0.3705910349088084,ml_v6,2025-11
275552,long,2025-11-20 19:30:00,2025-11-20 19:35:00,2025-11-20 20:13:00,4081.077,4074.7147881944447,SL,-6.52221180555555,38,0.4087456333829877,ml_v6,2025-11
275561,long,2025-11-20 20:15:00,2025-11-20 20:20:00,2025-11-20 20:27:00,4080.584,4074.2939513888887,SL,-6.4500486111111055,7,0.40520338264935574,ml_v6,2025-11
275570,long,2025-11-20 21:00:00,2025-11-20 21:05:00,2025-11-21 00:23:00,4079.192,4072.9001597222223,SL,-6.45184027777777,136,0.42324279008855253,ml_v6,2025-11
275599,long,2025-11-21 00:25:00,2025-11-21 00:30:00,2025-11-21 01:00:00,4075.074,4068.827388888889,SL,-6.406611111111104,30,0.42041263355470543,ml_v6,2025-11
275607,long,2025-11-21 01:05:00,2025-11-21 01:10:00,2025-11-21 02:12:00,4064.917,4074.8962333333334,TP,9.819233333333326,62,0.42150064922586905,ml_v6,2025-11
275621,long,2025-11-21 02:15:00,2025-11-21 02:20:00,2025-11-21 02:31:00,4066.435,4076.4491555555555,TP,9.85415555555555,11,0.40427388791657687,ml_v6,2025-11
275626,long,2025-11-21 02:40:00,2025-11-21 02:45:00,2025-11-21 02:47:00,4073.324,4067.0646666666667,SL,-6.4193333333333324,2,0.40211840032826585,ml_v6,2025-11
275628,long,2025-11-21 02:50:00,2025-11-21 02:55:00,2025-11-21 02:57:00,4063.347,4057.077197916667,SL,-6.429802083333335,2,0.41969295320767547,ml_v6,2025-11
275630,long,2025-11-21 03:00:00,2025-11-21 03:05:00,2025-11-21 05:48:00,4053.577,4047.3298784722224,SL,-6.407121527777777,163,0.41946472609741636,ml_v6,2025-11
275664,long,2025-11-21 05:50:00,2025-11-21 05:55:00,2025-11-21 05:56:00,4041.648,4051.3431111111113,TP,9.535111111111117,1,0.40361259359839174,ml_v6,2025-11
275666,long,2025-11-21 06:00:00,2025-11-21 06:05:00,2025-11-21 06:14:00,4058.721,4052.6103020833334,SL,-6.270697916666668,9,0.43282133847020976,ml_v6,2025-11
275669,short,2025-11-21 06:15:00,2025-11-21 06:20:00,2025-11-21 06:28:00,4042.989,4033.161438888889,TP,9.667561111111116,8,0.3753482200709558,ml_v6,2025-11
275672,short,2025-11-21 06:30:00,2025-11-21 06:35:00,2025-11-21 07:01:00,4037.171,4027.253272222222,TP,9.757727777777783,26,0.37837163037182486,ml_v6,2025-11
275679,short,2025-11-21 07:05:00,2025-11-21 07:10:00,2025-11-21 07:17:00,4030.437,4036.631892361111,SL,-6.354892361111116,7,0.37927894717575705,ml_v6,2025-11
275682,short,2025-11-21 07:20:00,2025-11-21 07:25:00,2025-11-21 08:03:00,4034.934,4025.0207222222225,TP,9.753277777777786,38,0.37583534842850363,ml_v6,2025-11
275693,short,2025-11-21 08:15:00,2025-11-21 08:20:00,2025-11-21 08:22:00,4034.266,4040.5065416666666,SL,-6.400541666666669,2,0.37299165552975333,ml_v6,2025-11
275702,short,2025-11-21 09:00:00,2025-11-21 09:05:00,2025-11-21 09:13:00,4047.363,4053.5948437499997,SL,-6.391843750000006,8,0.3716933334069621,ml_v6,2025-11
275705,short,2025-11-21 09:15:00,2025-11-21 09:20:00,2025-11-21 09:40:00,4062.57,4052.5785833333334,TP,9.831416666666676,20,0.37255105914644115,ml_v6,2025-11
275711,short,2025-11-21 09:45:00,2025-11-21 09:50:00,2025-11-21 10:07:00,4053.548,4043.5637944444443,TP,9.824205555555567,17,0.37204079868368023,ml_v6,2025-11
275716,short,2025-11-21 10:10:00,2025-11-21 10:15:00,2025-11-21 11:08:00,4038.793,4045.0096041666666,SL,-6.37660416666667,53,0.3747085535722148,ml_v6,2025-11
275735,short,2025-11-21 11:45:00,2025-11-21 11:50:00,2025-11-21 12:06:00,4033.377,4039.596003472222,SL,-6.379003472222227,16,0.37214817766651076,ml_v6,2025-11
275740,short,2025-11-21 12:10:00,2025-11-21 12:15:00,2025-11-21 12:30:00,4044.306,4050.5606493055557,SL,-6.414649305555564,15,0.3733436221080195,ml_v6,2025-11
275745,short,2025-11-21 12:35:00,2025-11-21 12:40:00,2025-11-21 12:45:00,4062.715,4069.045972222222,SL,-6.490972222222229,5,0.3756312334733378,ml_v6,2025-11
275748,short,2025-11-21 12:50:00,2025-11-21 12:55:00,2025-11-21 13:21:00,4061.223,4067.5653229166664,SL,-6.502322916666673,26,0.3748770410018336,ml_v6,2025-11
275755,short,2025-11-21 13:25:00,2025-11-21 13:30:00,2025-11-21 13:45:00,4067.455,4073.8093263888886,SL,-6.514326388888893,15,0.3709935599761378,ml_v6,2025-11
275760,short,2025-11-21 13:50:00,2025-11-21 13:55:00,2025-11-21 14:21:00,4078.046,4067.8615999999997,TP,10.024400000000004,26,0.37359688224367016,ml_v6,2025-11
275767,short,2025-11-21 14:25:00,2025-11-21 14:30:00,2025-11-21 14:50:00,4066.432,4072.7778680555552,SL,-6.505868055555558,20,0.38128278197816723,ml_v6,2025-11
275773,short,2025-11-21 14:55:00,2025-11-21 15:00:00,2025-11-21 15:39:00,4071.569,4061.7084055555556,TP,9.700594444444441,39,0.38266842605642193,ml_v6,2025-11
275782,short,2025-11-21 15:40:00,2025-11-21 15:45:00,2025-11-21 15:46:00,4063.382,4069.488979166667,SL,-6.266979166666658,1,0.380734985490359,ml_v6,2025-11
275784,short,2025-11-21 15:50:00,2025-11-21 15:55:00,2025-11-21 16:31:00,4067.435,4073.500958333333,SL,-6.225958333333324,36,0.3806068802075755,ml_v6,2025-11
275793,short,2025-11-21 16:35:00,2025-11-21 16:40:00,2025-11-21 16:49:00,4075.964,4081.90346875,SL,-6.099468749999993,9,0.3791379535394084,ml_v6,2025-11
275796,short,2025-11-21 16:50:00,2025-11-21 16:55:00,2025-11-21 16:56:00,4093.85,4099.806159722222,SL,-6.116159722222214,1,0.37808590175680035,ml_v6,2025-11
275798,short,2025-11-21 17:00:00,2025-11-21 17:05:00,2025-11-21 17:13:00,4092.801,4083.3045666666667,TP,9.33643333333332,8,0.3785169029431712,ml_v6,2025-11
275801,short,2025-11-21 17:15:00,2025-11-21 17:20:00,2025-11-21 19:25:00,4084.114,4090.0131180555554,SL,-6.0591180555555475,125,0.38200517537168377,ml_v6,2025-11
275829,long,2025-11-21 19:35:00,2025-11-21 19:40:00,2025-11-21 20:06:00,4089.288,4083.7416909722224,SL,-5.706309027777762,26,0.4067271991907525,ml_v6,2025-11
275836,long,2025-11-21 20:10:00,2025-11-21 20:15:00,2025-11-21 20:23:00,4081.002,4075.4752013888888,SL,-5.686798611111095,8,0.4371284413243087,ml_v6,2025-11
275839,long,2025-11-21 20:25:00,2025-11-21 20:30:00,2025-11-21 20:31:00,4069.517,4064.004298611111,SL,-5.672701388888876,1,0.4155301308129036,ml_v6,2025-11
275841,long,2025-11-21 20:35:00,2025-11-21 20:40:00,2025-11-21 20:42:00,4062.162,4056.623628472222,SL,-5.698371527777766,2,0.414812083998624,ml_v6,2025-11
275843,long,2025-11-21 20:45:00,2025-11-21 20:50:00,2025-11-21 20:59:00,4057.637,4066.532016666667,TP,8.735016666666647,9,0.4182476417787149,ml_v6,2025-11
275846,long,2025-11-21 21:00:00,2025-11-21 21:05:00,2025-11-23 23:01:00,4059.864,4068.84085,TP,8.816849999999977,53,0.4305297094529328,ml_v6,2025-11
275859,short,2025-11-23 23:05:00,2025-11-23 23:10:00,2025-11-24 00:08:00,4072.197,4063.243477777778,TP,8.793522222222197,58,0.3735573947340099,ml_v6,2025-11
275883,short,2025-11-24 01:05:00,2025-11-24 01:10:00,2025-11-24 01:55:00,4056.527,4047.4614333333334,TP,8.905566666666639,45,0.3702467143446056,ml_v6,2025-11
275894,long,2025-11-24 02:00:00,2025-11-24 02:05:00,2025-11-24 03:37:00,4046.082,4055.1279166666664,TP,8.88591666666664,92,0.40691977310479466,ml_v6,2025-11
275914,long,2025-11-24 03:40:00,2025-11-24 03:45:00,2025-11-24 03:49:00,4056.106,4050.5437083333336,SL,-5.722291666666645,4,0.4142046465522369,ml_v6,2025-11
275916,long,2025-11-24 03:50:00,2025-11-24 03:55:00,2025-11-24 04:12:00,4049.304,4058.1692666666668,TP,8.705266666666633,17,0.4180150789180875,ml_v6,2025-11
275921,long,2025-11-24 04:15:00,2025-11-24 04:20:00,2025-11-24 04:24:00,4054.341,4048.8251875,SL,-5.6758124999999815,4,0.41052645749247146,ml_v6,2025-11
275923,long,2025-11-24 04:25:00,2025-11-24 04:30:00,2025-11-24 04:41:00,4051.036,4045.512072916667,SL,-5.683927083333318,11,0.4267480741827846,ml_v6,2025-11
275927,long,2025-11-24 04:45:00,2025-11-24 04:50:00,2025-11-24 06:06:00,4044.632,4053.4664722222224,TP,8.674472222222196,76,0.4334179275486336,ml_v6,2025-11
275944,long,2025-11-24 06:10:00,2025-11-24 06:15:00,2025-11-24 07:32:00,4049.712,4058.534088888889,TP,8.66208888888886,77,0.42209802180213707,ml_v6,2025-11
275961,long,2025-11-24 07:35:00,2025-11-24 07:40:00,2025-11-24 07:46:00,4058.657,4067.1873111111113,TP,8.37031111111108,6,0.40236459624012105,ml_v6,2025-11
275964,long,2025-11-24 07:50:00,2025-11-24 07:55:00,2025-11-24 09:07:00,4060.848,4069.395144444444,TP,8.387144444444411,72,0.42105648029980713,ml_v6,2025-11
275982,long,2025-11-24 09:20:00,2025-11-24 09:25:00,2025-11-24 10:03:00,4068.692,4077.0009555555557,TP,8.14895555555552,38,0.40301152224596526,ml_v6,2025-11
275992,long,2025-11-24 10:10:00,2025-11-24 10:15:00,2025-11-24 10:30:00,4073.149,4068.0286840277777,SL,-5.2803159722221995,15,0.4020649235966033,ml_v6,2025-11
275997,short,2025-11-24 10:35:00,2025-11-24 10:40:00,2025-11-24 12:03:00,4067.124,4072.1917986111107,SL,-5.227798611111091,83,0.3714027315288631,ml_v6,2025-11
276016,short,2025-11-24 12:10:00,2025-11-24 12:15:00,2025-11-24 12:32:00,4068.752,4073.628076388889,SL,-5.036076388888868,17,0.37440889178810993,ml_v6,2025-11
276021,short,2025-11-24 12:35:00,2025-11-24 12:40:00,2025-11-24 12:44:00,4075.305,4080.1599479166666,SL,-5.014947916666646,4,0.37251535653172413,ml_v6,2025-11
276023,short,2025-11-24 12:45:00,2025-11-24 12:50:00,2025-11-24 13:51:00,4082.119,4074.336227777778,TP,7.622772222222184,61,0.3754145860582439,ml_v6,2025-11
276037,short,2025-11-24 13:55:00,2025-11-24 14:00:00,2025-11-24 14:12:00,4077.664,4082.397013888889,SL,-4.893013888888861,12,0.37739013730584064,ml_v6,2025-11
276041,short,2025-11-24 14:15:00,2025-11-24 14:20:00,2025-11-24 14:40:00,4077.145,4069.6237333333333,TP,7.361266666666621,20,0.37773764728604237,ml_v6,2025-11
276047,short,2025-11-24 14:45:00,2025-11-24 14:50:00,2025-11-24 14:52:00,4077.645,4082.3556631944443,SL,-4.870663194444418,2,0.3722009563641917,ml_v6,2025-11
276050,short,2025-11-24 15:00:00,2025-11-24 15:05:00,2025-11-24 15:06:00,4084.464,4089.185795138889,SL,-4.881795138888863,1,0.3703482949929606,ml_v6,2025-11
276052,long,2025-11-24 15:10:00,2025-11-24 15:15:00,2025-11-24 15:29:00,4092.406,4087.68471875,SL,-4.881281249999972,14,0.402995514418087,ml_v6,2025-11
276060,short,2025-11-24 15:50:00,2025-11-24 15:55:00,2025-11-24 16:12:00,4090.589,4095.2238333333335,SL,-4.794833333333306,17,0.3766541385846507,ml_v6,2025-11
276065,short,2025-11-24 16:15:00,2025-11-24 16:20:00,2025-11-24 16:35:00,4093.374,4097.966128472222,SL,-4.752128472222196,15,0.372613003273524,ml_v6,2025-11
276070,short,2025-11-24 16:40:00,2025-11-24 16:45:00,2025-11-24 17:18:00,4097.855,4090.6125888888887,TP,7.082411111111079,33,0.37335956635049694,ml_v6,2025-11
276078,short,2025-11-24 17:20:00,2025-11-24 17:25:00,2025-11-24 17:49:00,4094.062,4098.523003472222,SL,-4.621003472222203,24,0.3741233253674876,ml_v6,2025-11
276084,short,2025-11-24 17:50:00,2025-11-24 17:55:00,2025-11-24 18:05:00,4097.238,4090.2526666666668,TP,6.825333333333308,10,0.3771256262259852,ml_v6,2025-11
276088,short,2025-11-24 18:10:00,2025-11-24 18:15:00,2025-11-24 18:27:00,4090.138,4094.4486701388887,SL,-4.470670138888873,12,0.37650886716417187,ml_v6,2025-11
276092,short,2025-11-24 18:30:00,2025-11-24 18:35:00,2025-11-24 18:37:00,4098.641,4102.930138888889,SL,-4.449138888888873,2,0.3724073076444041,ml_v6,2025-11
276094,short,2025-11-24 18:40:00,2025-11-24 18:45:00,2025-11-24 18:51:00,4112.647,4116.97203125,SL,-4.485031249999985,6,0.3707068765359294,ml_v6,2025-11
276103,long,2025-11-24 19:25:00,2025-11-24 19:30:00,2025-11-24 19:37:00,4119.04,4114.689576388889,SL,-4.510423611111101,7,0.40475614635030166,ml_v6,2025-11
276106,long,2025-11-24 19:45:00,2025-11-24 19:50:00,2025-11-24 20:30:00,4118.932,4125.8857,TP,6.793699999999978,40,0.4186141544298712,ml_v6,2025-11
276131,long,2025-11-24 21:50:00,2025-11-24 21:55:00,2025-11-24 23:11:00,4137.585,4133.401208333334,SL,-4.3437916666666565,14,0.4033577931004606,ml_v6,2025-11
276136,long,2025-11-24 23:15:00,2025-11-24 23:20:00,2025-11-24 23:42:00,4128.045,4134.695505555555,TP,6.4905055555555435,22,0.4265173495698834,ml_v6,2025-11
276142,long,2025-11-24 23:45:00,2025-11-24 23:50:00,2025-11-25 00:15:00,4139.332,4135.165993055556,SL,-4.32600694444444,25,0.4076822847868814,ml_v6,2025-11
276149,short,2025-11-25 00:20:00,2025-11-25 00:25:00,2025-11-25 00:35:00,4139.605,4132.943622222222,TP,6.501377777777769,10,0.3702524954276454,ml_v6,2025-11
276153,long,2025-11-25 00:40:00,2025-11-25 00:45:00,2025-11-25 00:56:00,4135.188,4131.029979166667,SL,-4.3180208333333265,11,0.41432933862897975,ml_v6,2025-11
276158,long,2025-11-25 01:05:00,2025-11-25 01:10:00,2025-11-25 01:17:00,4129.677,4125.503895833333,SL,-4.333104166666658,7,0.4252751256560079,ml_v6,2025-11
276161,long,2025-11-25 01:20:00,2025-11-25 01:25:00,2025-11-25 01:35:00,4126.252,4132.905455555556,TP,6.49345555555554,10,0.4472996329439469,ml_v6,2025-11
276165,short,2025-11-25 01:40:00,2025-11-25 01:45:00,2025-11-25 02:05:00,4136.693,4140.870569444444,SL,-4.337569444444434,20,0.3698458278375041,ml_v6,2025-11
276171,short,2025-11-25 02:10:00,2025-11-25 02:15:00,2025-11-25 02:18:00,4136.403,4140.55903125,SL,-4.31603124999999,3,0.373963540216006,ml_v6,2025-11
276173,short,2025-11-25 02:20:00,2025-11-25 02:25:00,2025-11-25 02:39:00,4144.943,4149.116229166667,SL,-4.333229166666654,14,0.37407409193090313,ml_v6,2025-11
276177,short,2025-11-25 02:40:00,2025-11-25 02:45:00,2025-11-25 03:14:00,4152.01,4145.332572222223,TP,6.51742777777776,29,0.37407409193090313,ml_v6,2025-11
276184,short,2025-11-25 03:15:00,2025-11-25 03:20:00,2025-11-25 04:38:00,4144.158,4148.326215277778,SL,-4.328215277777766,78,0.3718875253396403,ml_v6,2025-11
276201,short,2025-11-25 04:40:00,2025-11-25 04:45:00,2025-11-25 05:54:00,4145.173,4149.339298611111,SL,-4.326298611111104,69,0.3834212476210963,ml_v6,2025-11
276216,long,2025-11-25 05:55:00,2025-11-25 06:00:00,2025-11-25 06:02:00,4150.921,4146.794947916667,SL,-4.286052083333347,2,0.4326460474909749,ml_v6,2025-11
276218,long,2025-11-25 06:05:00,2025-11-25 06:10:00,2025-11-25 06:14:00,4151.544,4147.395583333333,SL,-4.30841666666668,4,0.4430872706082297,ml_v6,2025-11
276220,long,2025-11-25 06:15:00,2025-11-25 06:20:00,2025-11-25 06:23:00,4147.302,4143.147527777777,SL,-4.314472222222235,3,0.445133855797453,ml_v6,2025-11
276222,short,2025-11-25 06:25:00,2025-11-25 06:30:00,2025-11-25 07:01:00,4140.938,4145.086034722222,SL,-4.308034722222235,31,0.38014813362656513,ml_v6,2025-11
276230,short,2025-11-25 07:05:00,2025-11-25 07:10:00,2025-11-25 07:16:00,4145.858,4139.300361111112,TP,6.397638888888914,6,0.37315221669248455,ml_v6,2025-11
276233,short,2025-11-25 07:20:00,2025-11-25 07:25:00,2025-11-25 07:29:00,4141.461,4134.88325,TP,6.417750000000032,4,0.3806180262761485,ml_v6,2025-11
276235,short,2025-11-25 07:30:00,2025-11-25 07:35:00,2025-11-25 07:59:00,4137.003,4130.423011111111,TP,6.419988888888917,24,0.3817391151385676,ml_v6,2025-11
276241,short,2025-11-25 08:00:00,2025-11-25 08:05:00,2025-11-25 08:17:00,4134.356,4138.4964340277775,SL,-4.300434027777791,12,0.38024727048448437,ml_v6,2025-11
276245,short,2025-11-25 08:20:00,2025-11-25 08:25:00,2025-11-25 08:34:00,4137.12,4130.503155555555,TP,6.456844444444466,9,0.3792699070622777,ml_v6,2025-11
276248,short,2025-11-25 08:35:00,2025-11-25 08:40:00,2025-11-25 08:50:00,4127.234,4120.578022222223,TP,6.495977777777796,10,0.3735812509255778,ml_v6,2025-11
276252,short,2025-11-25 08:55:00,2025-11-25 09:00:00,2025-11-25 09:03:00,4116.158,4120.338402777778,SL,-4.34040277777779,3,0.3762210363345515,ml_v6,2025-11
276254,short,2025-11-25 09:05:00,2025-11-25 09:10:00,2025-11-25 09:13:00,4123.236,4127.432138888888,SL,-4.356138888888901,3,0.37460251690915936,ml_v6,2025-11
276256,short,2025-11-25 09:15:00,2025-11-25 09:20:00,2025-11-25 10:03:00,4127.5,4131.7075069444445,SL,-4.367506944444455,43,0.3741526955562007,ml_v6,2025-11
276266,long,2025-11-25 10:05:00,2025-11-25 10:10:00,2025-11-25 10:25:00,4135.096,4130.862361111111,SL,-4.393638888888897,15,0.40860067925995375,ml_v6,2025-11
276271,short,2025-11-25 10:30:00,2025-11-25 10:35:00,2025-11-25 10:48:00,4129.329,4133.5506875,SL,-4.381687500000006,13,0.3757294023232829,ml_v6,2025-11
276275,short,2025-11-25 10:50:00,2025-11-25 10:55:00,2025-11-25 11:15:00,4130.753,4134.967635416667,SL,-4.374635416666673,20,0.3744960481124293,ml_v6,2025-11
276281,short,2025-11-25 11:20:00,2025-11-25 11:25:00,2025-11-25 12:06:00,4132.374,4136.587434027778,SL,-4.373434027777784,41,0.37575643302968853,ml_v6,2025-11
276291,short,2025-11-25 12:10:00,2025-11-25 12:15:00,2025-11-25 12:43:00,4135.903,4129.213972222223,TP,6.529027777777773,28,0.37779509126244465,ml_v6,2025-11
276298,short,2025-11-25 12:45:00,2025-11-25 12:50:00,2025-11-25 12:51:00,4121.321,4125.591645833333,SL,-4.430645833333331,1,0.37437055053285473,ml_v6,2025-11
276300,short,2025-11-25 12:55:00,2025-11-25 13:00:00,2025-11-25 13:03:00,4129.906,4134.2046736111115,SL,-4.458673611111109,3,0.3754522556262385,ml_v6,2025-11
276302,short,2025-11-25 13:05:00,2025-11-25 13:10:00,2025-11-25 13:15:00,4138.683,4142.998642361111,SL,-4.475642361111112,5,0.3746695423322093,ml_v6,2025-11
276305,long,2025-11-25 13:20:00,2025-11-25 13:25:00,2025-11-25 13:26:00,4142.206,4137.87934375,SL,-4.486656249999999,1,0.4346968239824337,ml_v6,2025-11
276307,long,2025-11-25 13:30:00,2025-11-25 13:35:00,2025-11-25 13:38:00,4143.529,4150.488588888889,TP,6.79958888888889,3,0.41837603584820815,ml_v6,2025-11
276309,long,2025-11-25 13:40:00,2025-11-25 13:45:00,2025-11-25 14:06:00,4145.928,4141.557069444444,SL,-4.530930555555557,21,0.4091178447222666,ml_v6,2025-11
276315,long,2025-11-25 14:10:00,2025-11-25 14:15:00,2025-11-25 14:26:00,4142.626,4138.2657291666665,SL,-4.520270833333336,11,0.4305807733413423,ml_v6,2025-11
276319,short,2025-11-25 14:30:00,2025-11-25 14:35:00,2025-11-25 14:39:00,4128.669,4121.635416666667,TP,6.873583333333339,4,0.37293959202340954,ml_v6,2025-11
276321,long,2025-11-25 14:40:00,2025-11-25 14:45:00,2025-11-25 14:46:00,4119.836,4115.386628472223,SL,-4.609371527777787,1,0.4069836936690415,ml_v6,2025-11
276323,long,2025-11-25 14:50:00,2025-11-25 14:55:00,2025-11-25 15:09:00,4121.701,4128.86705,TP,7.006050000000016,14,0.40384650510322956,ml_v6,2025-11
276327,short,2025-11-25 15:10:00,2025-11-25 15:15:00,2025-11-25 15:17:00,4129.315,4133.845951388888,SL,-4.690951388888901,2,0.37216356935075634,ml_v6,2025-11
276329,short,2025-11-25 15:20:00,2025-11-25 15:25:00,2025-11-25 15:32:00,4127.843,4132.383184027778,SL,-4.70018402777779,7,0.37136456908754223,ml_v6,2025-11
276332,long,2025-11-25 15:35:00,2025-11-25 15:40:00,2025-11-25 15:52:00,4127.876,4123.3374375,SL,-4.6985625000000155,12,0.40181398102748267,ml_v6,2025-11
276336,long,2025-11-25 15:55:00,2025-11-25 16:00:00,2025-11-25 16:04:00,4123.092,4130.303766666666,TP,7.051766666666692,4,0.4142597028109395,ml_v6,2025-11
276338,long,2025-11-25 16:05:00,2025-11-25 16:10:00,2025-11-25 16:16:00,4126.085,4133.313916666667,TP,7.068916666666698,6,0.4106634816020061,ml_v6,2025-11
276341,long,2025-11-25 16:20:00,2025-11-25 16:25:00,2025-11-25 17:00:00,4136.429,4143.702888888889,TP,7.113888888888918,35,0.41259635713849185,ml_v6,2025-11
276350,long,2025-11-25 17:05:00,2025-11-25 17:10:00,2025-11-25 17:18:00,4150.428,4145.839704861111,SL,-4.748295138888908,8,0.4037905702751113,ml_v6,2025-11
276353,long,2025-11-25 17:20:00,2025-11-25 17:25:00,2025-11-25 17:34:00,4150.936,4158.316911111111,TP,7.2209111111111355,9,0.4009282977427838,ml_v6,2025-11
276357,short,2025-11-25 17:40:00,2025-11-25 17:45:00,2025-11-25 17:54:00,4152.519,4145.072266666667,TP,7.2867333333333555,9,0.37001298906377666,ml_v6,2025-11
276361,long,2025-11-25 18:00:00,2025-11-25 18:05:00,2025-11-25 18:10:00,4149.117,4144.4351875,SL,-4.8418125000000165,5,0.4236849782806887,ml_v6,2025-11
276364,long,2025-11-25 18:15:00,2025-11-25 18:20:00,2025-11-25 18:38:00,4145.389,4140.680538194444,SL,-4.868461805555572,18,0.409215596453128,ml_v6,2025-11
276369,long,2025-11-25 18:40:00,2025-11-25 18:45:00,2025-11-25 18:59:00,4139.265,4134.527152777778,SL,-4.8978472222222385,14,0.42014709707902376,ml_v6,2025-11
276373,long,2025-11-25 19:00:00,2025-11-25 19:05:00,2025-11-25 19:26:00,4133.635,4128.877496527778,SL,-4.91750347222224,21,0.4329494649456053,ml_v6,2025-11
276379,long,2025-11-25 19:30:00,2025-11-25 19:35:00,2025-11-25 20:08:00,4130.662,4138.3255055555555,TP,7.503505555555584,33,0.4018274386824946,ml_v6,2025-11
276409,short,2025-11-25 23:00:00,2025-11-25 23:05:00,2025-11-26 00:10:00,4134.43,4139.052076388889,SL,-4.7820763888888935,65,0.3767279502847406,ml_v6,2025-11
276424,long,2025-11-26 00:15:00,2025-11-26 00:20:00,2025-11-26 01:20:00,4138.543,4145.885683333333,TP,7.182683333333328,60,0.4032674480200861,ml_v6,2025-11
276441,long,2025-11-26 01:40:00,2025-11-26 01:45:00,2025-11-26 02:22:00,4150.398,4157.715311111111,TP,7.157311111111102,37,0.4124241413874059,ml_v6,2025-11
276450,long,2025-11-26 02:25:00,2025-11-26 02:30:00,2025-11-26 04:24:00,4162.518,4157.975809027777,SL,-4.702190972222225,114,0.42745033692345413,ml_v6,2025-11
276475,long,2025-11-26 04:30:00,2025-11-26 04:35:00,2025-11-26 05:17:00,4160.609,4167.6977166666675,TP,6.9287166666666815,42,0.4106957190361264,ml_v6,2025-11
276485,long,2025-11-26 05:20:00,2025-11-26 05:25:00,2025-11-26 05:33:00,4165.703,4161.305315972223,SL,-4.557684027777798,8,0.4113417896484012,ml_v6,2025-11
276488,long,2025-11-26 05:35:00,2025-11-26 05:40:00,2025-11-26 06:14:00,4161.574,4157.153805555555,SL,-4.580194444444459,34,0.4150509598002755,ml_v6,2025-11
276496,short,2025-11-26 06:15:00,2025-11-26 06:20:00,2025-11-26 06:37:00,4155.924,4148.8521222222225,TP,6.911877777777783,17,0.3805623475991132,ml_v6,2025-11
276501,short,2025-11-26 06:40:00,2025-11-26 06:45:00,2025-11-26 07:37:00,4150.963,4155.393857638888,SL,-4.590857638888887,52,0.3808537547074201,ml_v6,2025-11
276513,short,2025-11-26 07:40:00,2025-11-26 07:45:00,2025-11-26 07:52:00,4155.325,4159.714958333333,SL,-4.549958333333327,7,0.3758834872923734,ml_v6,2025-11
276516,short,2025-11-26 07:55:00,2025-11-26 08:00:00,2025-11-26 08:06:00,4157.352,4161.746767361111,SL,-4.554767361111103,6,0.37641072017773414,ml_v6,2025-11
276519,long,2025-11-26 08:10:00,2025-11-26 08:15:00,2025-11-26 08:34:00,4165.745,4161.345850694444,SL,-4.559149305555543,19,0.43301714066661157,ml_v6,2025-11
276524,long,2025-11-26 08:35:00,2025-11-26 08:40:00,2025-11-26 08:43:00,4162.912,4158.5223680555555,SL,-4.549631944444432,3,0.4363977710004872,ml_v6,2025-11
276526,short,2025-11-26 08:45:00,2025-11-26 08:50:00,2025-11-26 08:53:00,4155.674,4160.075003472222,SL,-4.561003472222208,3,0.3774120931111219,ml_v6,2025-11
276528,long,2025-11-26 08:55:00,2025-11-26 09:00:00,2025-11-26 09:17:00,4161.115,4156.717111111111,SL,-4.557888888888876,17,0.44018258068694593,ml_v6,2025-11
276533,long,2025-11-26 09:20:00,2025-11-26 09:25:00,2025-11-26 11:31:00,4159.979,4167.016127777778,TP,6.877127777777762,126,0.4247046672313748,ml_v6,2025-11
276562,long,2025-11-26 11:45:00,2025-11-26 11:50:00,2025-11-26 12:28:00,4166.935,4162.719861111112,SL,-4.375138888888883,38,0.4214534145350324,ml_v6,2025-11
276571,short,2025-11-26 12:30:00,2025-11-26 12:35:00,2025-11-26 12:45:00,4162.346,4155.593488888889,TP,6.592511111111113,10,0.3768295918188932,ml_v6,2025-11
276575,short,2025-11-26 12:50:00,2025-11-26 12:55:00,2025-11-26 13:03:00,4152.865,4157.118677083333,SL,-4.413677083333337,8,0.3744519853787791,ml_v6,2025-11
276578,short,2025-11-26 13:05:00,2025-11-26 13:10:00,2025-11-26 13:27:00,4160.768,4165.0413125000005,SL,-4.433312500000009,17,0.3777040446000468,ml_v6,2025-11
276583,short,2025-11-26 13:30:00,2025-11-26 13:35:00,2025-11-26 13:47:00,4159.929,4153.027988888889,TP,6.741011111111136,12,0.3784009123044383,ml_v6,2025-11
276587,short,2025-11-26 13:50:00,2025-11-26 13:55:00,2025-11-26 14:04:00,4152.019,4156.26315625,SL,-4.404156250000013,9,0.3741034174161326,ml_v6,2025-11
276590,short,2025-11-26 14:05:00,2025-11-26 14:10:00,2025-11-26 14:33:00,4146.797,4151.07936111111,SL,-4.442361111111123,23,0.3766320550637614,ml_v6,2025-11
276596,short,2025-11-26 14:35:00,2025-11-26 14:40:00,2025-11-26 14:57:00,4150.652,4143.791488888889,TP,6.70051111111114,17,0.3777505809264552,ml_v6,2025-11
276601,short,2025-11-26 15:00:00,2025-11-26 15:05:00,2025-11-26 15:10:00,4142.746,4147.08128125,SL,-4.495281250000015,5,0.37536670805982464,ml_v6,2025-11
276604,long,2025-11-26 15:15:00,2025-11-26 15:20:00,2025-11-26 15:36:00,4155.079,4162.030061111111,TP,6.791061111111141,16,0.4078467858059389,ml_v6,2025-11
276609,short,2025-11-26 15:40:00,2025-11-26 15:45:00,2025-11-26 16:40:00,4162.045,4166.293204861111,SL,-4.408204861111128,55,0.37384424151948803,ml_v6,2025-11
276622,short,2025-11-26 16:45:00,2025-11-26 16:50:00,2025-11-26 18:12:00,4166.788,4170.900149305555,SL,-4.272149305555572,82,0.3730031752782237,ml_v6,2025-11
276640,short,2025-11-26 18:15:00,2025-11-26 18:20:00,2025-11-26 18:31:00,4170.057,4163.815238888888,TP,6.081761111111115,11,0.3755191916423213,ml_v6,2025-11
276644,short,2025-11-26 18:35:00,2025-11-26 18:40:00,2025-11-26 19:00:00,4161.962,4165.833864583334,SL,-4.031864583333332,20,0.37443079592756146,ml_v6,2025-11
276652,long,2025-11-26 19:15:00,2025-11-26 19:20:00,2025-11-26 19:43:00,4167.405,4163.588288194444,SL,-3.9767118055555515,23,0.4010886901753311,ml_v6,2025-11
276663,long,2025-11-26 20:10:00,2025-11-26 20:15:00,2025-11-27 01:05:00,4164.528,4160.789642361111,SL,-3.8983576388888856,228,0.4019541950467834,ml_v6,2025-11
276711,long,2025-11-27 01:10:00,2025-11-27 01:15:00,2025-11-27 01:16:00,4157.557,4153.941802083333,SL,-3.7751979166666785,1,0.4296275656981202,ml_v6,2025-11
276713,long,2025-11-27 01:20:00,2025-11-27 01:25:00,2025-11-27 01:37:00,4150.564,4156.387805555556,TP,5.663805555555575,12,0.4228796288141013,ml_v6,2025-11
276717,long,2025-11-27 01:40:00,2025-11-27 01:45:00,2025-11-27 02:49:00,4152.343,4148.6877187499995,SL,-3.815281250000008,64,0.40865851009947785,ml_v6,2025-11
276736,long,2025-11-27 03:15:00,2025-11-27 03:20:00,2025-11-27 03:45:00,4150.269,4146.655920138889,SL,-3.7730798611111114,25,0.40626301117268837,ml_v6,2025-11
276743,long,2025-11-27 03:50:00,2025-11-27 03:55:00,2025-11-27 04:05:00,4148.017,4144.470920138889,SL,-3.706079861111107,10,0.41155916462740727,ml_v6,2025-11
276747,long,2025-11-27 04:10:00,2025-11-27 04:15:00,2025-11-27 04:33:00,4147.276,4152.9177666666665,TP,5.481766666666667,18,0.4035940356054556,ml_v6,2025-11
276752,long,2025-11-27 04:35:00,2025-11-27 04:40:00,2025-11-27 04:52:00,4154.404,4150.88090625,SL,-3.6830937499999994,12,0.4160412446809304,ml_v6,2025-11
276756,long,2025-11-27 04:55:00,2025-11-27 05:00:00,2025-11-27 05:45:00,4150.855,4147.323583333333,SL,-3.691416666666663,45,0.4097538898716423,ml_v6,2025-11
276767,long,2025-11-27 05:50:00,2025-11-27 05:55:00,2025-11-27 06:11:00,4147.49,4153.113227777778,TP,5.4632277777777505,16,0.43800941616094924,ml_v6,2025-11
276772,long,2025-11-27 06:15:00,2025-11-27 06:20:00,2025-11-27 06:53:00,4153.062,4158.693316666667,TP,5.471316666666645,33,0.4072202490021809,ml_v6,2025-11
276780,short,2025-11-27 06:55:00,2025-11-27 07:00:00,2025-11-27 07:14:00,4157.447,4160.958593750001,SL,-3.671593749999981,14,0.3740620041678967,ml_v6,2025-11
276784,long,2025-11-27 07:15:00,2025-11-27 07:20:00,2025-11-27 08:36:00,4160.184,4165.791822222222,TP,5.4478222222221895,76,0.40708870908127215,ml_v6,2025-11
276801,long,2025-11-27 08:40:00,2025-11-27 08:45:00,2025-11-27 09:02:00,4163.484,4160.05125,SL,-3.5927499999999704,17,0.40461517439872136,ml_v6,2025-11
276806,long,2025-11-27 09:05:00,2025-11-27 09:10:00,2025-11-27 09:14:00,4158.237,4154.808895833334,SL,-3.588104166666641,4,0.4094098400229621,ml_v6,2025-11
276808,short,2025-11-27 09:15:00,2025-11-27 09:20:00,2025-11-27 09:28:00,4150.517,4153.966986111111,SL,-3.6099861111110907,8,0.36989680470994823,ml_v6,2025-11
276811,short,2025-11-27 09:30:00,2025-11-27 09:35:00,2025-11-27 09:44:00,4154.128,4157.581604166667,SL,-3.6136041666666414,9,0.3729505592780482,ml_v6,2025-11
276814,short,2025-11-27 09:45:00,2025-11-27 09:50:00,2025-11-27 09:52:00,4156.504,4159.9299375,SL,-3.5859374999999782,2,0.3749873095946681,ml_v6,2025-11
276816,long,2025-11-27 09:55:00,2025-11-27 10:00:00,2025-11-27 10:23:00,4158.73,4155.311027777778,SL,-3.5789722222222027,23,0.4030351109058171,ml_v6,2025-11
276822,short,2025-11-27 10:25:00,2025-11-27 10:30:00,2025-11-27 10:51:00,4152.621,4156.017923611111,SL,-3.55692361111109,21,0.3708281570868861,ml_v6,2025-11
276828,short,2025-11-27 10:55:00,2025-11-27 11:00:00,2025-11-27 11:31:00,4156.432,4159.817763888888,SL,-3.5457638888888683,31,0.3731363320546519,ml_v6,2025-11
276836,long,2025-11-27 11:35:00,2025-11-27 11:40:00,2025-11-27 12:00:00,4160.547,4157.194052083333,SL,-3.5129479166666555,20,0.40374863886603884,ml_v6,2025-11
276842,short,2025-11-27 12:05:00,2025-11-27 12:10:00,2025-11-27 13:00:00,4157.189,4151.836266666667,TP,5.192733333333314,50,0.37039445295816115,ml_v6,2025-11
276854,long,2025-11-27 13:05:00,2025-11-27 13:10:00,2025-11-27 13:32:00,4150.45,4155.719683333333,TP,5.109683333333312,22,0.4162266054232491,ml_v6,2025-11
276860,short,2025-11-27 13:35:00,2025-11-27 13:40:00,2025-11-27 14:21:00,4156.621,4159.8911875,SL,-3.4301874999999824,41,0.37653236046319655,ml_v6,2025-11
276870,short,2025-11-27 14:25:00,2025-11-27 14:30:00,2025-11-27 15:21:00,4157.301,4160.484916666667,SL,-3.3439166666666473,51,0.37348306717447155,ml_v6,2025-11
276883,short,2025-11-27 15:30:00,2025-11-27 15:35:00,2025-11-27 16:07:00,4159.348,4154.544555555555,TP,4.643444444444394,32,0.37037611546090954,ml_v6,2025-11
276891,short,2025-11-27 16:10:00,2025-11-27 16:15:00,2025-11-27 17:50:00,4155.496,4158.3725069444445,SL,-3.0365069444444135,95,0.38088168742231243,ml_v6,2025-11
276931,long,2025-11-27 23:00:00,2025-11-27 23:05:00,2025-11-27 23:42:00,4159.435,4163.611711111112,TP,4.016711111111066,37,0.41923344170283117,ml_v6,2025-11
276941,long,2025-11-27 23:50:00,2025-11-27 23:55:00,2025-11-28 00:07:00,4163.451,4167.5338833333335,TP,3.922883333333292,12,0.404534598800046,ml_v6,2025-11
276945,long,2025-11-28 00:10:00,2025-11-28 00:15:00,2025-11-28 00:30:00,4167.867,4171.939038888889,TP,3.912038888888836,15,0.4564773992673332,ml_v6,2025-11
276950,long,2025-11-28 00:35:00,2025-11-28 00:40:00,2025-11-28 01:00:00,4178.707,4182.862255555556,TP,3.9952555555554996,20,0.4579463295604047,ml_v6,2025-11
276956,long,2025-11-28 01:05:00,2025-11-28 01:10:00,2025-11-28 01:11:00,4190.001,4187.360697916667,SL,-2.800302083333299,1,0.4222470520433229,ml_v6,2025-11
276958,long,2025-11-28 01:15:00,2025-11-28 01:20:00,2025-11-28 01:25:00,4184.717,4188.972733333333,TP,4.095733333333274,5,0.4342529146139934,ml_v6,2025-11
276961,long,2025-11-28 01:30:00,2025-11-28 01:35:00,2025-11-28 01:41:00,4187.178,4191.447,TP,4.108999999999945,6,0.4433244771936571,ml_v6,2025-11
276964,long,2025-11-28 01:45:00,2025-11-28 01:50:00,2025-11-28 02:07:00,4191.854,4189.170836805556,SL,-2.8431631944444105,17,0.4159137513332111,ml_v6,2025-11
276969,long,2025-11-28 02:10:00,2025-11-28 02:15:00,2025-11-28 02:33:00,4189.407,4186.728305555555,SL,-2.8386944444444095,18,0.4299413659303547,ml_v6,2025-11
276974,long,2025-11-28 02:35:00,2025-11-28 02:40:00,2025-11-28 03:40:00,4188.268,4185.5801458333335,SL,-2.8478541666666315,60,0.44569805906353827,ml_v6,2025-11
276988,long,2025-11-28 03:45:00,2025-11-28 03:50:00,2025-11-28 04:29:00,4183.231,4180.545302083333,SL,-2.8456979166666376,39,0.4315988500764929,ml_v6,2025-11
276997,long,2025-11-28 04:30:00,2025-11-28 04:35:00,2025-11-28 04:48:00,4182.727,4187.075083333333,TP,4.188083333333281,13,0.406095782158586,ml_v6,2025-11
277001,long,2025-11-28 04:50:00,2025-11-28 04:55:00,2025-11-28 05:04:00,4188.471,4185.80353125,SL,-2.8274687499999613,9,0.43206222123308713,ml_v6,2025-11
277006,long,2025-11-28 05:15:00,2025-11-28 05:20:00,2025-11-28 05:23:00,4184.562,4181.820260416666,SL,-2.901739583333302,3,0.40512800502841617,ml_v6,2025-11
277009,short,2025-11-28 05:30:00,2025-11-28 05:35:00,2025-11-28 06:43:00,4184.522,4187.340534722222,SL,-2.9785347222221947,68,0.3699004554944407,ml_v6,2025-11
277024,long,2025-11-28 06:45:00,2025-11-28 06:50:00,2025-11-28 07:07:00,4188.468,4185.739881944444,SL,-2.888118055555522,17,0.43701615102758107,ml_v6,2025-11
277029,long,2025-11-28 07:10:00,2025-11-28 07:15:00,2025-11-28 07:25:00,4185.251,4182.538315972222,SL,-2.8726840277777423,10,0.4418657353763262,ml_v6,2025-11
277033,short,2025-11-28 07:30:00,2025-11-28 07:35:00,2025-11-28 07:51:00,4181.493,4177.163372222222,TP,4.16962777777772,16,0.37442303867127624,ml_v6,2025-11
277039,long,2025-11-28 08:00:00,2025-11-28 08:05:00,2025-11-28 08:06:00,4164.074,4161.34761111111,SL,-2.886388888888854,1,0.42603886511838585,ml_v6,2025-11
277044,long,2025-11-28 09:05:00,2025-11-28 09:10:00,2025-11-28 09:13:00,4166.089,4163.153329861111,SL,-3.2556701388888603,3,0.4074241944794033,ml_v6,2025-11
277046,short,2025-11-28 09:15:00,2025-11-28 09:20:00,2025-11-28 09:21:00,4165.9,4161.154144444444,TP,4.4258555555555095,1,0.3759696090417277,ml_v6,2025-11
277048,short,2025-11-28 09:25:00,2025-11-28 09:30:00,2025-11-28 09:32:00,4161.421,4164.418743055556,SL,-3.3177430555555283,2,0.38252430202535503,ml_v6,2025-11
277050,short,2025-11-28 09:35:00,2025-11-28 09:40:00,2025-11-28 09:53:00,4163.277,4166.294663194444,SL,-3.3376631944444175,13,0.3847146535115611,ml_v6,2025-11
277054,short,2025-11-28 09:55:00,2025-11-28 10:00:00,2025-11-28 10:03:00,4166.652,4169.6645243055555,SL,-3.3325243055555362,3,0.37832515480092876,ml_v6,2025-11
277056,short,2025-11-28 10:05:00,2025-11-28 10:10:00,2025-11-28 10:12:00,4169.847,4172.858680555555,SL,-3.331680555555535,2,0.37660719992689007,ml_v6,2025-11
277058,short,2025-11-28 10:15:00,2025-11-28 10:20:00,2025-11-28 10:23:00,4175.643,4170.798427777778,TP,4.524572222222183,3,0.37433443011812084,ml_v6,2025-11
277064,short,2025-11-28 10:45:00,2025-11-28 10:50:00,2025-11-28 10:51:00,4165.38,4168.4293333333335,SL,-3.2093333333333165,1,0.38425306024125927,ml_v6,2025-11
277066,short,2025-11-28 10:55:00,2025-11-28 11:00:00,2025-11-28 11:01:00,4163.79,4166.8495555555555,SL,-3.2195555555555337,1,0.38321987332872265,ml_v6,2025-11
277068,short,2025-11-28 11:05:00,2025-11-28 11:10:00,2025-11-28 11:20:00,4173.078,4176.162045138889,SL,-3.24404513888887,10,0.3735553527074229,ml_v6,2025-11
277072,short,2025-11-28 11:25:00,2025-11-28 11:30:00,2025-11-28 11:40:00,4174.197,4177.282729166667,SL,-3.2457291666666497,10,0.3738041275935542,ml_v6,2025-11
277076,short,2025-11-28 11:45:00,2025-11-28 11:50:00,2025-11-28 12:12:00,4173.236,4176.327472222222,SL,-3.2514722222222066,22,0.37041676290736814,ml_v6,2025-11
277082,short,2025-11-28 12:15:00,2025-11-28 12:20:00,2025-11-28 12:53:00,4172.995,4176.118756944445,SL,-3.2837569444444314,33,0.37558676548705716,ml_v6,2025-11
277090,short,2025-11-28 12:55:00,2025-11-28 13:00:00,2025-11-28 13:24:00,4176.622,4171.672372222222,TP,4.789627777777753,24,0.37082593389259,ml_v6,2025-11
277096,short,2025-11-28 13:25:00,2025-11-28 13:30:00,2025-11-28 13:33:00,4170.546,4173.601059027778,SL,-3.215059027777762,3,0.3747651452611508,ml_v6,2025-11
277098,short,2025-11-28 13:35:00,2025-11-28 13:40:00,2025-11-28 13:47:00,4175.118,4178.1766215277785,SL,-3.218621527777765,7,0.37308891363845487,ml_v6,2025-11
277101,long,2025-11-28 13:50:00,2025-11-28 13:55:00,2025-11-28 13:57:00,4176.593,4181.5118,TP,4.758799999999975,2,0.4034926272516255,ml_v6,2025-11
277103,long,2025-11-28 14:00:00,2025-11-28 14:05:00,2025-11-28 14:17:00,4187.23,4192.186166666666,TP,4.79616666666664,12,0.4384589419828383,ml_v6,2025-11
277107,long,2025-11-28 14:20:00,2025-11-28 14:25:00,2025-11-28 14:26:00,4198.238,4195.1092777777785,SL,-3.2887222222222037,1,0.43399134527932715,ml_v6,2025-11
277109,long,2025-11-28 14:30:00,2025-11-28 14:35:00,2025-11-28 14:40:00,4198.399,4203.446372222223,TP,4.887372222222187,5,0.43208753467019656,ml_v6,2025-11
277112,short,2025-11-28 14:45:00,2025-11-28 14:50:00,2025-11-28 14:52:00,4197.421,4200.635027777778,SL,-3.3740277777777536,2,0.37350073995164745,ml_v6,2025-11
277114,long,2025-11-28 14:55:00,2025-11-28 15:00:00,2025-11-28 15:01:00,4198.173,4194.934229166666,SL,-3.39877083333331,1,0.41395912182480094,ml_v6,2025-11
277116,short,2025-11-28 15:05:00,2025-11-28 15:10:00,2025-11-28 15:11:00,4192.788,4187.56766111111,TP,5.060338888888854,1,0.37348233701757305,ml_v6,2025-11
277118,long,2025-11-28 15:15:00,2025-11-28 15:20:00,2025-11-28 15:27:00,4189.187,4194.444861111111,TP,5.0978611111110705,7,0.40893243148620767,ml_v6,2025-11
277121,long,2025-11-28 15:30:00,2025-11-28 15:35:00,2025-11-28 15:57:00,4196.509,4201.820322222222,TP,5.151322222222174,22,0.4121471389479296,ml_v6,2025-11
277127,long,2025-11-28 16:00:00,2025-11-28 16:05:00,2025-11-28 16:11:00,4202.79,4199.427642361111,SL,-3.5223576388888556,6,0.42255034144761766,ml_v6,2025-11
277130,long,2025-11-28 16:15:00,2025-11-28 16:20:00,2025-11-28 16:41:00,4206.02,4202.625878472223,SL,-3.554121527777748,21,0.41644234744417713,ml_v6,2025-11
277136,short,2025-11-28 16:45:00,2025-11-28 16:50:00,2025-11-28 17:07:00,4207.187,4210.636538194444,SL,-3.609538194444412,17,0.3752072209315669,ml_v6,2025-11
277141,short,2025-11-28 17:10:00,2025-11-28 17:15:00,2025-11-28 17:34:00,4207.149,4210.619180555555,SL,-3.630180555555525,19,0.37528774680665844,ml_v6,2025-11
277146,short,2025-11-28 17:35:00,2025-11-28 17:40:00,2025-11-28 17:51:00,4211.3,4214.766857638889,SL,-3.626857638888857,11,0.3734660053449046,ml_v6,2025-11
277150,short,2025-11-28 17:55:00,2025-11-28 18:00:00,2025-11-28 18:07:00,4216.919,4211.378222222223,TP,5.380777777777723,7,0.371504610200442,ml_v6,2025-11
277153,short,2025-11-28 18:10:00,2025-11-28 18:15:00,2025-11-28 18:29:00,4215.189,4218.665701388889,SL,-3.6367013888888575,14,0.371504610200442,ml_v6,2025-11
277157,short,2025-11-28 18:30:00,2025-11-28 18:35:00,2025-11-30 23:08:00,4220.452,4214.857772222223,TP,5.434227777777724,71,0.37155460359624737,ml_v6,2025-11
277177,short,2025-11-30 23:30:00,2025-11-30 23:35:00,2025-12-01 00:27:00,4223.1,4226.688847222223,SL,-3.748847222222187,52,0.3697963559823405,ml_v6,2025-11
277515,long,2025-12-02 04:40:00,2025-12-02 04:45:00,2025-12-02 05:56:00,4217.865,4225.079011111111,TP,7.0540111111111115,71,0.46202246964186794,ml_v6,2025-12
277559,long,2025-12-02 08:20:00,2025-12-02 08:25:00,2025-12-02 08:42:00,4216.564,4212.155548611111,SL,-4.568451388888896,17,0.46190973293413834,ml_v6,2025-12
277567,long,2025-12-02 09:00:00,2025-12-02 09:05:00,2025-12-02 09:06:00,4211.174,4206.773399305555,SL,-4.5606006944444495,1,0.46248790139642065,ml_v6,2025-12
277572,short,2025-12-02 09:25:00,2025-12-02 09:30:00,2025-12-02 09:36:00,4194.714,4187.602622222222,TP,6.951377777777797,6,0.39429516840792306,ml_v6,2025-12
277576,short,2025-12-02 09:45:00,2025-12-02 09:50:00,2025-12-02 09:53:00,4188.769,4193.237829861111,SL,-4.628829861111128,3,0.3931087497841746,ml_v6,2025-12
277582,short,2025-12-02 10:15:00,2025-12-02 10:20:00,2025-12-02 11:19:00,4185.466,4189.94590625,SL,-4.639906250000018,59,0.3935250586361455,ml_v6,2025-12
277686,long,2025-12-02 18:55:00,2025-12-02 19:00:00,2025-12-02 19:13:00,4190.761,4197.658600000001,TP,6.737599999999996,13,0.4645940924823076,ml_v6,2025-12
277690,long,2025-12-02 19:15:00,2025-12-02 19:20:00,2025-12-02 20:34:00,4196.526,4203.407883333333,TP,6.721883333333332,74,0.46768575838447224,ml_v6,2025-12
277706,long,2025-12-02 20:35:00,2025-12-02 20:40:00,2025-12-02 21:56:00,4210.095,4205.810440972223,SL,-4.444559027777783,76,0.46884281395435723,ml_v6,2025-12
277723,long,2025-12-02 23:00:00,2025-12-02 23:05:00,2025-12-02 23:09:00,4202.801,4209.491583333333,TP,6.530583333333319,4,0.5113346242232039,ml_v6,2025-12
277725,long,2025-12-02 23:10:00,2025-12-02 23:15:00,2025-12-02 23:50:00,4207.858,4214.613777777778,TP,6.5957777777777675,35,0.49481071597994997,ml_v6,2025-12
277735,long,2025-12-03 00:00:00,2025-12-03 00:05:00,2025-12-03 00:43:00,4209.759,4205.510336805555,SL,-4.4086631944444346,38,0.4630199834858924,ml_v6,2025-12
277889,short,2025-12-03 12:50:00,2025-12-03 12:55:00,2025-12-03 13:07:00,4212.039,4215.863104166667,SL,-3.984104166666653,12,0.3963895900051716,ml_v6,2025-12
277893,short,2025-12-03 13:10:00,2025-12-03 13:15:00,2025-12-03 13:16:00,4211.353,4215.179496527778,SL,-3.9864965277777653,1,0.39648666168015395,ml_v6,2025-12
277911,short,2025-12-03 14:40:00,2025-12-03 14:45:00,2025-12-03 14:48:00,4227.177,4220.710188888888,TP,6.306811111111095,3,0.39312591427412114,ml_v6,2025-12
277915,short,2025-12-03 15:00:00,2025-12-03 15:05:00,2025-12-03 15:16:00,4215.916,4220.039642361111,SL,-4.283642361111097,11,0.39356264898412896,ml_v6,2025-12
277919,short,2025-12-03 15:20:00,2025-12-03 15:25:00,2025-12-03 15:33:00,4221.608,4225.760739583334,SL,-4.312739583333323,8,0.40638630779193097,ml_v6,2025-12
277922,short,2025-12-03 15:35:00,2025-12-03 15:40:00,2025-12-03 15:51:00,4225.711,4219.085344444445,TP,6.465655555555538,11,0.4033002085702738,ml_v6,2025-12
277926,short,2025-12-03 15:55:00,2025-12-03 16:00:00,2025-12-03 16:04:00,4216.307,4220.415003472222,SL,-4.268003472222214,4,0.3935147212467958,ml_v6,2025-12
277984,long,2025-12-03 20:45:00,2025-12-03 20:50:00,2025-12-03 21:55:00,4207.008,4203.093881944445,SL,-4.074118055555536,65,0.46906887109039525,ml_v6,2025-12
277999,long,2025-12-03 23:00:00,2025-12-03 23:05:00,2025-12-03 23:50:00,4206.574,4202.718131944444,SL,-4.015868055555539,45,0.48619087793321736,ml_v6,2025-12
278167,long,2025-12-04 13:00:00,2025-12-04 13:05:00,2025-12-04 13:06:00,4192.027,4188.066975694444,SL,-4.12002430555554,1,0.47075598542837405,ml_v6,2025-12
278178,long,2025-12-04 13:55:00,2025-12-04 14:00:00,2025-12-04 14:08:00,4198.271,4204.762483333333,TP,6.331483333333306,8,0.46221215022914297,ml_v6,2025-12
278204,short,2025-12-04 16:05:00,2025-12-04 16:10:00,2025-12-04 16:17:00,4213.871,4217.757861111111,SL,-4.046861111111102,7,0.397733150913252,ml_v6,2025-12
278207,short,2025-12-04 16:20:00,2025-12-04 16:25:00,2025-12-04 16:38:00,4218.37,4212.15505,TP,6.054949999999979,13,0.3968941371968464,ml_v6,2025-12
278213,short,2025-12-04 16:50:00,2025-12-04 16:55:00,2025-12-04 18:59:00,4214.401,4208.2343,TP,6.006699999999977,124,0.3948048816584986,ml_v6,2025-12
278255,long,2025-12-04 20:20:00,2025-12-04 20:25:00,2025-12-04 20:37:00,4209.123,4205.583927083333,SL,-3.6990729166666627,12,0.46530521508126077,ml_v6,2025-12
278343,long,2025-12-05 04:40:00,2025-12-05 04:45:00,2025-12-05 05:28:00,4214.094,4219.45505,TP,5.201049999999963,43,0.4748907052240827,ml_v6,2025-12
278396,short,2025-12-05 09:05:00,2025-12-05 09:10:00,2025-12-05 09:28:00,4218.572,4221.756871527778,SL,-3.3448715277777477,18,0.39307630432569074,ml_v6,2025-12
278481,short,2025-12-05 16:10:00,2025-12-05 16:15:00,2025-12-05 16:16:00,4203.483,4206.654503472222,SL,-3.331503472222197,1,0.39953008279290436,ml_v6,2025-12
278483,short,2025-12-05 16:20:00,2025-12-05 16:25:00,2025-12-05 16:26:00,4209.398,4212.6140000000005,SL,-3.3759999999999737,1,0.39735918491818933,ml_v6,2025-12
278486,short,2025-12-05 16:35:00,2025-12-05 16:40:00,2025-12-05 16:52:00,4211.693,4214.954847222222,SL,-3.421847222222192,12,0.39501276847359457,ml_v6,2025-12
278556,short,2025-12-07 23:45:00,2025-12-07 23:50:00,2025-12-08 00:09:00,4201.534,4205.055072916666,SL,-3.681072916666643,19,0.3965480856221346,ml_v6,2025-12
278608,short,2025-12-08 04:05:00,2025-12-08 04:10:00,2025-12-08 05:33:00,4209.977,4213.626274305555,SL,-3.8092743055555243,83,0.39321734145047693,ml_v6,2025-12
278627,long,2025-12-08 05:40:00,2025-12-08 05:45:00,2025-12-08 07:40:00,4214.895,4211.247493055556,SL,-3.807506944444413,115,0.46865152830083107,ml_v6,2025-12
278735,short,2025-12-08 14:40:00,2025-12-08 14:45:00,2025-12-08 14:47:00,4198.387,4202.322107638888,SL,-4.095107638888888,2,0.3938888961289868,ml_v6,2025-12
278738,short,2025-12-08 14:55:00,2025-12-08 15:00:00,2025-12-08 15:02:00,4196.74,4190.393027777777,TP,6.186972222222232,2,0.3962314180695452,ml_v6,2025-12
278740,short,2025-12-08 15:05:00,2025-12-08 15:10:00,2025-12-08 15:11:00,4180.525,4184.534263888889,SL,-4.1692638888888975,1,0.3938144033016824,ml_v6,2025-12
278742,short,2025-12-08 15:15:00,2025-12-08 15:20:00,2025-12-08 15:22:00,4186.407,4190.4500625,SL,-4.2030625000000095,2,0.39620857404815135,ml_v6,2025-12
278747,short,2025-12-08 15:40:00,2025-12-08 15:45:00,2025-12-08 16:00:00,4186.883,4180.373188888889,TP,6.349811111111124,15,0.3932258044600235,ml_v6,2025-12
278794,long,2025-12-08 19:35:00,2025-12-08 19:40:00,2025-12-08 20:37:00,4187.5,4193.309938888889,TP,5.649938888888919,57,0.46178017271258126,ml_v6,2025-12
278836,long,2025-12-09 00:05:00,2025-12-09 00:10:00,2025-12-09 01:00:00,4193.101,4189.66728125,SL,-3.5937187500000163,50,0.46261593071697515,ml_v6,2025-12
278848,long,2025-12-09 01:05:00,2025-12-09 01:10:00,2025-12-09 02:11:00,4194.857,4191.577791666667,SL,-3.4392083333333408,61,0.48371213918561756,ml_v6,2025-12
278878,long,2025-12-09 03:35:00,2025-12-09 03:40:00,2025-12-09 04:38:00,4194.49,4191.3466006944445,SL,-3.303399305555568,58,0.4653635388650033,ml_v6,2025-12
278905,short,2025-12-09 05:50:00,2025-12-09 05:55:00,2025-12-09 06:09:00,4180.329,4175.3090555555555,TP,4.859944444444466,14,0.3951737578084283,ml_v6,2025-12
278939,long,2025-12-09 08:40:00,2025-12-09 08:45:00,2025-12-09 09:03:00,4190.731,4195.782027777777,TP,4.891027777777821,18,0.46497487379761104,ml_v6,2025-12
278948,short,2025-12-09 09:25:00,2025-12-09 09:30:00,2025-12-09 09:43:00,4207.225,4202.139144444444,TP,4.9258555555556,13,0.3982416058778434,ml_v6,2025-12
278958,short,2025-12-09 10:15:00,2025-12-09 10:20:00,2025-12-09 10:39:00,4208.262,4203.178466666666,TP,4.923533333333389,19,0.3930176677774029,ml_v6,2025-12
278968,short,2025-12-09 11:05:00,2025-12-09 11:10:00,2025-12-09 11:32:00,4203.255,4206.4153125,SL,-3.320312500000029,22,0.3949712536390032,ml_v6,2025-12
278974,short,2025-12-09 11:35:00,2025-12-09 11:40:00,2025-12-09 12:19:00,4203.851,4198.814022222222,TP,4.876977777777833,39,0.402106163591854,ml_v6,2025-12
278984,short,2025-12-09 12:25:00,2025-12-09 12:30:00,2025-12-09 12:49:00,4202.35,4205.477576388889,SL,-3.2875763888889242,19,0.397080185803654,ml_v6,2025-12
278989,short,2025-12-09 12:50:00,2025-12-09 12:55:00,2025-12-09 13:25:00,4206.968,4201.9730944444445,TP,4.834905555555615,30,0.4020755289233628,ml_v6,2025-12
279009,short,2025-12-09 14:30:00,2025-12-09 14:35:00,2025-12-09 14:39:00,4200.652,4195.511661111111,TP,4.980338888888947,4,0.3950654348139713,ml_v6,2025-12
279011,short,2025-12-09 14:40:00,2025-12-09 14:45:00,2025-12-09 14:53:00,4205.753,4209.006211805556,SL,-3.413211805555591,8,0.3992712327408649,ml_v6,2025-12
279014,short,2025-12-09 14:55:00,2025-12-09 15:00:00,2025-12-09 15:01:00,4204.938,4199.743133333333,TP,5.0348666666667174,1,0.3961442223467109,ml_v6,2025-12
279021,short,2025-12-09 15:30:00,2025-12-09 15:35:00,2025-12-09 15:37:00,4204.265,4207.558961805556,SL,-3.4539618055555845,2,0.39765661540008757,ml_v6,2025-12
279024,short,2025-12-09 15:45:00,2025-12-09 15:50:00,2025-12-09 15:55:00,4202.115,4205.381388888889,SL,-3.4263888888889182,5,0.39879535918021203,ml_v6,2025-12
279149,short,2025-12-10 03:10:00,2025-12-10 03:15:00,2025-12-10 03:52:00,4210.089,4204.993233333334,TP,4.935766666666744,37,0.397821523918897,ml_v6,2025-12
279266,short,2025-12-10 12:55:00,2025-12-10 13:00:00,2025-12-10 13:07:00,4196.537,4199.536489583334,SL,-3.15948958333334,7,0.3944118497358836,ml_v6,2025-12
279269,short,2025-12-10 13:10:00,2025-12-10 13:15:00,2025-12-10 13:25:00,4196.031,4199.0523229166665,SL,-3.1813229166666748,10,0.39302009288778733,ml_v6,2025-12
279274,short,2025-12-10 13:35:00,2025-12-10 13:40:00,2025-12-10 13:44:00,4197.801,4200.8395625,SL,-3.1985625000000026,4,0.3930859365843967,ml_v6,2025-12
279276,short,2025-12-10 13:45:00,2025-12-10 13:50:00,2025-12-10 14:11:00,4202.641,4205.686878472222,SL,-3.2058784722222247,21,0.3937012253419272,ml_v6,2025-12
279286,short,2025-12-10 14:35:00,2025-12-10 14:40:00,2025-12-10 14:41:00,4193.192,4196.239618055555,SL,-3.207618055555546,1,0.3930568675080933,ml_v6,2025-12
279288,short,2025-12-10 14:45:00,2025-12-10 14:50:00,2025-12-10 14:56:00,4200.693,4195.799688888889,TP,4.733311111111092,6,0.39517569062377134,ml_v6,2025-12
279293,short,2025-12-10 15:10:00,2025-12-10 15:15:00,2025-12-10 15:17:00,4194.584,4189.651705555555,TP,4.7722944444444195,2,0.39707084938255227,ml_v6,2025-12
279295,short,2025-12-10 15:20:00,2025-12-10 15:25:00,2025-12-10 15:30:00,4194.388,4197.482114583333,SL,-3.2541145833333194,5,0.3965837852523036,ml_v6,2025-12
279352,long,2025-12-10 20:05:00,2025-12-10 20:10:00,2025-12-10 20:13:00,4227.856,4233.094161111111,TP,5.078161111111079,3,0.46177173720363496,ml_v6,2025-12
279357,long,2025-12-10 20:30:00,2025-12-10 20:35:00,2025-12-10 20:36:00,4233.752,4230.369083333334,SL,-3.5429166666666405,1,0.46244834644220656,ml_v6,2025-12
279375,long,2025-12-10 23:00:00,2025-12-10 23:05:00,2025-12-10 23:14:00,4228.657,4225.198885416667,SL,-3.6181145833333046,9,0.4786406088817556,ml_v6,2025-12
279383,long,2025-12-10 23:40:00,2025-12-10 23:45:00,2025-12-10 23:55:00,4228.292,4233.869900000001,TP,5.41789999999995,10,0.46861695612710536,ml_v6,2025-12
279387,long,2025-12-11 00:00:00,2025-12-11 00:05:00,2025-12-11 00:12:00,4235.024,4240.6376222222225,TP,5.453622222222173,7,0.4861849255461758,ml_v6,2025-12
279396,long,2025-12-11 00:45:00,2025-12-11 00:50:00,2025-12-11 00:56:00,4239.641,4236.080190972222,SL,-3.720809027777746,6,0.46537744083976185,ml_v6,2025-12
279471,short,2025-12-11 07:00:00,2025-12-11 07:05:00,2025-12-11 07:36:00,4212.132,4215.989635416667,SL,-4.0176354166666535,31,0.39351666150465825,ml_v6,2025-12
279622,long,2025-12-11 19:35:00,2025-12-11 19:40:00,2025-12-11 19:54:00,4276.62,4272.088555555555,SL,-4.691444444444443,14,0.4735977816811926,ml_v6,2025-12
279629,long,2025-12-11 20:10:00,2025-12-11 20:15:00,2025-12-11 21:21:00,4269.791,4276.880211111111,TP,6.929211111111111,66,0.462359864446006,ml_v6,2025-12
279644,long,2025-12-11 21:25:00,2025-12-11 21:30:00,2025-12-11 23:39:00,4279.485,4275.572416666666,SL,-4.072583333333332,64,0.48816867482088,ml_v6,2025-12
279659,long,2025-12-11 23:40:00,2025-12-11 23:45:00,2025-12-12 00:53:00,4275.513,4271.674534722222,SL,-3.9984652777777843,68,0.5012422249461961,ml_v6,2025-12
279675,long,2025-12-12 01:00:00,2025-12-12 01:05:00,2025-12-12 01:12:00,4267.267,4273.481594444444,TP,6.054594444444452,7,0.4651720473717586,ml_v6,2025-12
279703,short,2025-12-12 03:20:00,2025-12-12 03:25:00,2025-12-12 05:28:00,4270.675,4274.548822916667,SL,-4.033822916666661,123,0.3971790291369777,ml_v6,2025-12
279751,long,2025-12-12 07:20:00,2025-12-12 07:25:00,2025-12-12 08:03:00,4285.143,4290.997777777778,TP,5.694777777777755,38,0.4619456339732306,ml_v6,2025-12
279865,short,2025-12-12 16:50:00,2025-12-12 16:55:00,2025-12-12 16:57:00,4273.145,4277.807260416667,SL,-4.822260416666653,2,0.3955577994802179,ml_v6,2025-12
279869,short,2025-12-12 17:10:00,2025-12-12 17:15:00,2025-12-12 17:16:00,4273.791,4278.472211805556,SL,-4.841211805555544,1,0.39464311534539037,ml_v6,2025-12
279905,long,2025-12-12 20:10:00,2025-12-12 20:15:00,2025-12-12 20:26:00,4299.769,4295.114388888889,SL,-4.814611111111099,11,0.46554192225256563,ml_v6,2025-12
279910,long,2025-12-12 20:35:00,2025-12-12 20:40:00,2025-12-12 21:22:00,4295.545,4303.047033333333,TP,7.342033333333319,42,0.4627755901461314,ml_v6,2025-12
279920,long,2025-12-12 21:25:00,2025-12-12 21:30:00,2025-12-15 01:01:00,4303.065,4310.546827777777,TP,7.32182777777777,146,0.46220747004664314,ml_v6,2025-12
280099,short,2025-12-15 13:20:00,2025-12-15 13:25:00,2025-12-15 13:48:00,4337.831,4342.430319444445,SL,-4.759319444444449,23,0.39763169853988656,ml_v6,2025-12
280106,short,2025-12-15 13:55:00,2025-12-15 14:00:00,2025-12-15 14:21:00,4332.291,4324.866844444445,TP,7.264155555555565,21,0.3979703019703714,ml_v6,2025-12
280112,short,2025-12-15 14:25:00,2025-12-15 14:30:00,2025-12-15 14:37:00,4325.163,4329.798232638888,SL,-4.795232638888896,7,0.4002274142764013,ml_v6,2025-12
280115,short,2025-12-15 14:40:00,2025-12-15 14:45:00,2025-12-15 14:53:00,4328.195,4320.750999999999,TP,7.284000000000011,8,0.39629142569311526,ml_v6,2025-12
280195,long,2025-12-15 21:20:00,2025-12-15 21:25:00,2025-12-15 23:03:00,4302.936,4309.142111111111,TP,6.046111111111139,36,0.46751768263568694,ml_v6,2025-12
280219,long,2025-12-16 00:20:00,2025-12-16 00:25:00,2025-12-16 00:38:00,4306.567,4312.590238888889,TP,5.863238888888905,13,0.462712691009704,ml_v6,2025-12
280225,long,2025-12-16 00:50:00,2025-12-16 00:55:00,2025-12-16 01:00:00,4309.478,4305.717635416667,SL,-3.920364583333345,5,0.46201385568939185,ml_v6,2025-12
280237,long,2025-12-16 01:50:00,2025-12-16 01:55:00,2025-12-16 01:56:00,4311.141,4307.359315972222,SL,-3.9416840277778,1,0.4617154159232687,ml_v6,2025-12
280314,short,2025-12-16 08:15:00,2025-12-16 08:20:00,2025-12-16 08:34:00,4277.674,4281.653017361111,SL,-4.139017361111131,14,0.39334900411516227,ml_v6,2025-12
280398,short,2025-12-16 15:15:00,2025-12-16 15:20:00,2025-12-16 15:23:00,4316.441,4320.761930555555,SL,-4.480930555555571,3,0.3947921673529907,ml_v6,2025-12
280400,short,2025-12-16 15:25:00,2025-12-16 15:30:00,2025-12-16 15:31:00,4321.407,4325.754805555555,SL,-4.507805555555573,1,0.39351924497919055,ml_v6,2025-12
280406,short,2025-12-16 15:55:00,2025-12-16 16:00:00,2025-12-16 16:11:00,4319.937,4313.0462,TP,6.7308000000000305,11,0.4019323978261683,ml_v6,2025-12
280472,long,2025-12-16 21:25:00,2025-12-16 21:30:00,2025-12-16 23:48:00,4302.439,4309.011305555556,TP,6.412305555555552,76,0.4688074465878047,ml_v6,2025-12
280546,long,2025-12-17 04:35:00,2025-12-17 04:40:00,2025-12-17 05:11:00,4327.549,4333.857844444445,TP,6.148844444444448,31,0.4677454590895913,ml_v6,2025-12
280561,long,2025-12-17 05:50:00,2025-12-17 05:55:00,2025-12-17 06:02:00,4336.882,4332.874423611111,SL,-4.167576388888873,7,0.4681633541693404,ml_v6,2025-12
280565,long,2025-12-17 06:10:00,2025-12-17 06:15:00,2025-12-17 06:21:00,4336.848,4332.837017361111,SL,-4.170982638888875,6,0.4716976014995106,ml_v6,2025-12
280612,long,2025-12-17 10:05:00,2025-12-17 10:10:00,2025-12-17 10:35:00,4316.734,4312.778475694445,SL,-4.115524305555542,25,0.4642940225881219,ml_v6,2025-12
280678,short,2025-12-17 15:35:00,2025-12-17 15:40:00,2025-12-17 15:53:00,4334.635,4327.969172222222,TP,6.505827777777743,13,0.3974041601174547,ml_v6,2025-12
280683,short,2025-12-17 16:00:00,2025-12-17 16:05:00,2025-12-17 16:12:00,4331.759,4325.0686,TP,6.53039999999997,7,0.40049559912224675,ml_v6,2025-12
280689,short,2025-12-17 16:30:00,2025-12-17 16:35:00,2025-12-17 16:44:00,4326.76,4330.887256944445,SL,-4.287256944444424,9,0.3939384766946039,ml_v6,2025-12
280692,short,2025-12-17 16:45:00,2025-12-17 16:50:00,2025-12-17 17:03:00,4337.17,4330.574705555556,TP,6.43529444444442,13,0.39360159281268625,ml_v6,2025-12
280735,long,2025-12-17 20:20:00,2025-12-17 20:25:00,2025-12-17 23:10:00,4341.051,4337.054309027778,SL,-4.156690972222202,96,0.46771641675198816,ml_v6,2025-12
280763,long,2025-12-17 23:45:00,2025-12-17 23:50:00,2025-12-18 00:07:00,4341.304,4337.388583333333,SL,-4.075416666666652,17,0.46693567455028306,ml_v6,2025-12
280835,long,2025-12-18 05:45:00,2025-12-18 05:50:00,2025-12-18 06:02:00,4335.217,4331.367927083333,SL,-4.009072916666652,12,0.4646747851614388,ml_v6,2025-12
280865,short,2025-12-18 08:15:00,2025-12-18 08:20:00,2025-12-18 09:42:00,4327.593,4321.608805555556,TP,5.824194444444458,82,0.3955058709334305,ml_v6,2025-12
280922,short,2025-12-18 13:00:00,2025-12-18 13:05:00,2025-12-18 13:06:00,4320.644,4314.923977777778,TP,5.560022222222244,1,0.3997403458976756,ml_v6,2025-12
280924,short,2025-12-18 13:10:00,2025-12-18 13:15:00,2025-12-18 13:16:00,4316.428,4320.019642361111,SL,-3.751642361111121,1,0.40549270488950817,ml_v6,2025-12
280926,short,2025-12-18 13:20:00,2025-12-18 13:25:00,2025-12-18 13:30:00,4320.013,4323.621409722222,SL,-3.768409722222234,5,0.3992037139202344,ml_v6,2025-12
280941,short,2025-12-18 14:35:00,2025-12-18 14:40:00,2025-12-18 14:41:00,4328.701,4322.702066666667,TP,5.838933333333333,1,0.3943407377491457,ml_v6,2025-12
280957,short,2025-12-18 15:55:00,2025-12-18 16:00:00,2025-12-18 16:02:00,4338.265,4342.017732638889,SL,-3.912732638888887,2,0.3951033604928941,ml_v6,2025-12
281024,long,2025-12-18 21:30:00,2025-12-18 21:35:00,2025-12-19 00:44:00,4331.736,4327.890128472222,SL,-4.005871527777787,125,0.4664094164027866,ml_v6,2025-12
281051,long,2025-12-19 00:45:00,2025-12-19 00:50:00,2025-12-19 01:00:00,4328.592,4324.797840277777,SL,-3.954159722222225,10,0.4948928533797528,ml_v6,2025-12
281055,long,2025-12-19 01:05:00,2025-12-19 01:10:00,2025-12-19 01:23:00,4324.662,4320.842750000001,SL,-3.9792500000000017,13,0.4692015145849736,ml_v6,2025-12
281100,long,2025-12-19 04:50:00,2025-12-19 04:55:00,2025-12-19 05:48:00,4320.952,4327.192322222222,TP,6.080322222222222,53,0.4647431752343073,ml_v6,2025-12
281112,long,2025-12-19 05:50:00,2025-12-19 05:55:00,2025-12-19 06:41:00,4326.763,4322.832229166666,SL,-4.0907708333333295,46,0.46393689925430087,ml_v6,2025-12
281163,long,2025-12-19 10:05:00,2025-12-19 10:10:00,2025-12-19 10:30:00,4330.4,4326.499215277778,SL,-4.060784722222227,20,0.465097168430245,ml_v6,2025-12
281188,short,2025-12-19 12:10:00,2025-12-19 12:15:00,2025-12-19 12:40:00,4324.029,4327.950559027779,SL,-4.08155902777778,25,0.39535814465591057,ml_v6,2025-12
281196,short,2025-12-19 12:50:00,2025-12-19 12:55:00,2025-12-19 13:00:00,4324.135,4328.094982638889,SL,-4.1199826388888905,5,0.3946461588490944,ml_v6,2025-12
281213,short,2025-12-19 14:15:00,2025-12-19 14:20:00,2025-12-19 14:31:00,4329.914,4333.95253125,SL,-4.198531250000002,11,0.393998959536883,ml_v6,2025-12
281256,short,2025-12-19 17:50:00,2025-12-19 17:55:00,2025-12-19 18:37:00,4354.646,4348.687827777778,TP,5.79817222222224,42,0.3955229603667889,ml_v6,2025-12
281307,short,2025-12-21 23:05:00,2025-12-21 23:10:00,2025-12-21 23:13:00,4342.493,4345.6582708333335,SL,-3.325270833333333,3,0.397413488314598,ml_v6,2025-12
281309,short,2025-12-21 23:15:00,2025-12-21 23:20:00,2025-12-21 23:29:00,4345.759,4348.940517361111,SL,-3.3415173611111113,9,0.39844885971932786,ml_v6,2025-12
281313,short,2025-12-21 23:35:00,2025-12-21 23:40:00,2025-12-21 23:45:00,4347.417,4350.602552083334,SL,-3.3455520833333345,5,0.39680779474268524,ml_v6,2025-12
281521,short,2025-12-22 16:55:00,2025-12-22 17:00:00,2025-12-22 17:34:00,4438.73,4432.91101111111,TP,5.658988888888842,34,0.39656957311094526,ml_v6,2025-12
281627,short,2025-12-23 02:45:00,2025-12-23 02:50:00,2025-12-23 03:00:00,4490.059,4493.737607638889,SL,-3.8386076388888712,10,0.3961900772737294,ml_v6,2025-12
281631,short,2025-12-23 03:05:00,2025-12-23 03:10:00,2025-12-23 03:18:00,4490.324,4484.428788888888,TP,5.735211111111081,8,0.3956931619542846,ml_v6,2025-12
281634,short,2025-12-23 03:20:00,2025-12-23 03:25:00,2025-12-23 04:51:00,4486.402,4480.468144444444,TP,5.773855555555525,86,0.39649607207913073,ml_v6,2025-12
281834,long,2025-12-23 20:00:00,2025-12-23 20:05:00,2025-12-23 20:58:00,4491.293,4497.737866666666,TP,6.284866666666707,53,0.4616329089368788,ml_v6,2025-12
281865,long,2025-12-23 23:35:00,2025-12-23 23:40:00,2025-12-23 23:58:00,4505.187,4501.063208333333,SL,-4.283791666666667,18,0.4646055553034526,ml_v6,2025-12
281873,long,2025-12-24 00:15:00,2025-12-24 00:20:00,2025-12-24 00:42:00,4510.31,4517.011200000001,TP,6.541200000000007,22,0.4645316435978357,ml_v6,2025-12
281889,long,2025-12-24 01:35:00,2025-12-24 01:40:00,2025-12-24 02:00:00,4521.853,4517.546552083333,SL,-4.466447916666675,20,0.46227970051827627,ml_v6,2025-12
281940,long,2025-12-24 05:50:00,2025-12-24 05:55:00,2025-12-24 05:58:00,4492.694,4488.244611111111,SL,-4.6093888888889145,3,0.46495890298920595,ml_v6,2025-12
281944,long,2025-12-24 06:10:00,2025-12-24 06:15:00,2025-12-24 06:16:00,4492.688,4488.21825,SL,-4.629750000000024,1,0.4700015411224162,ml_v6,2025-12
282058,short,2025-12-24 15:40:00,2025-12-24 15:45:00,2025-12-24 15:52:00,4453.247,4458.031600694445,SL,-4.9446006944444605,7,0.39400363195171506,ml_v6,2025-12
282093,long,2025-12-25 23:15:00,2025-12-25 23:20:00,2025-12-26 00:05:00,4492.827,4500.136027777778,TP,7.149027777777783,45,0.4742307855952138,ml_v6,2025-12
282172,short,2025-12-26 05:50:00,2025-12-26 05:55:00,2025-12-26 06:23:00,4511.347,4516.1366145833335,SL,-4.949614583333364,28,0.3955881437865644,ml_v6,2025-12
282184,short,2025-12-26 06:50:00,2025-12-26 06:55:00,2025-12-26 07:09:00,4509.944,4514.658493055556,SL,-4.874493055555589,14,0.405330125778517,ml_v6,2025-12
282189,short,2025-12-26 07:15:00,2025-12-26 07:20:00,2025-12-26 08:59:00,4513.595,4518.283576388889,SL,-4.848576388888925,99,0.393685063212839,ml_v6,2025-12
282371,short,2025-12-28 23:25:00,2025-12-28 23:30:00,2025-12-28 23:51:00,4536.149,4528.632672222223,TP,7.356327777777805,21,0.3937828336056166,ml_v6,2025-12
282460,short,2025-12-29 06:50:00,2025-12-29 06:55:00,2025-12-29 07:00:00,4475.644,4467.135033333334,TP,8.348966666666655,5,0.3948461586621193,ml_v6,2025-12
282550,short,2025-12-29 14:20:00,2025-12-29 14:25:00,2025-12-29 14:30:00,4389.506,4378.932755555556,TP,10.413244444444462,5,0.39318951424092974,ml_v6,2025-12
282553,short,2025-12-29 14:35:00,2025-12-29 14:40:00,2025-12-29 14:41:00,4372.043,4361.273677777777,TP,10.609322222222234,1,0.3964726598083046,ml_v6,2025-12
282555,short,2025-12-29 14:45:00,2025-12-29 14:50:00,2025-12-29 14:57:00,4376.931,4366.065472222222,TP,10.705527777777794,7,0.3963677653179083,ml_v6,2025-12
282558,short,2025-12-29 15:00:00,2025-12-29 15:05:00,2025-12-29 15:07:00,4341.641,4330.594383333333,TP,10.88661666666668,2,0.39323563879405005,ml_v6,2025-12
282560,short,2025-12-29 15:10:00,2025-12-29 15:15:00,2025-12-29 15:16:00,4342.655,4331.479683333333,TP,11.015316666666681,1,0.39372197513921386,ml_v6,2025-12
282562,short,2025-12-29 15:20:00,2025-12-29 15:25:00,2025-12-29 15:26:00,4315.898,4323.016111111111,SL,-7.278111111111123,1,0.3931486867378479,ml_v6,2025-12
282605,long,2025-12-29 18:55:00,2025-12-29 19:00:00,2025-12-29 20:04:00,4331.543,4343.170683333333,TP,11.467683333333365,64,0.46284132881978224,ml_v6,2025-12
282666,short,2025-12-30 01:00:00,2025-12-30 01:05:00,2025-12-30 01:07:00,4327.867,4335.159135416667,SL,-7.452135416666668,2,0.39413771319350643,ml_v6,2025-12
282668,short,2025-12-30 01:10:00,2025-12-30 01:15:00,2025-12-30 01:18:00,4334.954,4342.275111111111,SL,-7.48111111111111,3,0.3952463519896579,ml_v6,2025-12
282670,short,2025-12-30 01:20:00,2025-12-30 01:25:00,2025-12-30 01:43:00,4339.234,4346.4986944444445,SL,-7.4246944444444445,18,0.3937762490358603,ml_v6,2025-12
282733,short,2025-12-30 06:35:00,2025-12-30 06:40:00,2025-12-30 07:15:00,4363.145,4370.034486111112,SL,-7.049486111111103,35,0.3932964760896442,ml_v6,2025-12
282886,long,2025-12-30 19:20:00,2025-12-30 19:25:00,2025-12-30 19:37:00,4366.272,4360.927777777778,SL,-5.504222222222205,12,0.46559818391252894,ml_v6,2025-12
282890,long,2025-12-30 19:40:00,2025-12-30 19:45:00,2025-12-30 19:46:00,4362.93,4357.637225694445,SL,-5.452774305555538,1,0.4704205087198139,ml_v6,2025-12
283184,long,2025-12-31 21:10:00,2025-12-31 21:15:00,2025-12-31 21:23:00,4313.256,4307.314548611112,SL,-6.101451388888857,8,0.5173800361922689,ml_v6,2025-12
283187,long,2025-12-31 21:25:00,2025-12-31 21:30:00,2026-01-01 23:05:00,4310.069,4319.559011111111,TP,9.330011111111062,28,0.518423414769228,ml_v6,2025-12
283194,long,2026-01-01 23:05:00,2026-01-01 23:10:00,2026-01-01 23:35:00,4333.407,4342.831355555556,TP,9.264355555555492,25,0.4494629020651376,ml_v6,2026-01
283379,short,2026-01-02 14:30:00,2026-01-02 14:35:00,2026-01-02 14:38:00,4355.178,4359.784243055556,SL,-4.766243055555543,3,0.38259934667516715,ml_v6,2026-01
283384,short,2026-01-02 14:55:00,2026-01-02 15:00:00,2026-01-02 15:04:00,4353.425,4345.991766666667,TP,7.273233333333319,4,0.3845708803294128,ml_v6,2026-01
283386,short,2026-01-02 15:05:00,2026-01-02 15:10:00,2026-01-02 15:11:00,4347.327,4339.834016666667,TP,7.33298333333332,1,0.38484850386361535,ml_v6,2026-01
283388,short,2026-01-02 15:15:00,2026-01-02 15:20:00,2026-01-02 15:23:00,4339.376,4331.8143,TP,7.401699999999984,3,0.3885002930453968,ml_v6,2026-01
283390,short,2026-01-02 15:25:00,2026-01-02 15:30:00,2026-01-02 15:36:00,4336.632,4341.377576388889,SL,-4.905576388888882,6,0.3888725985578251,ml_v6,2026-01
283393,short,2026-01-02 15:40:00,2026-01-02 15:45:00,2026-01-02 15:56:00,4346.046,4338.525161111112,TP,7.360838888888885,11,0.3870308981297439,ml_v6,2026-01
283397,short,2026-01-02 16:00:00,2026-01-02 16:05:00,2026-01-02 16:16:00,4327.57,4320.0416,TP,7.368400000000001,11,0.3875992889621238,ml_v6,2026-01
283401,short,2026-01-02 16:20:00,2026-01-02 16:25:00,2026-01-02 16:27:00,4318.593,4323.301548611111,SL,-4.868548611111108,2,0.39167078847754566,ml_v6,2026-01
283403,short,2026-01-02 16:30:00,2026-01-02 16:35:00,2026-01-02 16:37:00,4316.362,4321.057770833333,SL,-4.855770833333329,2,0.39070507495056744,ml_v6,2026-01
283405,short,2026-01-02 16:40:00,2026-01-02 16:45:00,2026-01-02 17:01:00,4325.845,4330.558277777778,SL,-4.8732777777777745,16,0.39102731505612787,ml_v6,2026-01
283410,short,2026-01-02 17:05:00,2026-01-02 17:10:00,2026-01-02 18:01:00,4328.354,4320.842866666667,TP,7.351133333333333,51,0.39181273177182196,ml_v6,2026-01
283422,short,2026-01-02 18:05:00,2026-01-02 18:10:00,2026-01-02 18:25:00,4316.589,4321.23953125,SL,-4.81053125000001,15,0.3899696724295028,ml_v6,2026-01
283427,short,2026-01-02 18:30:00,2026-01-02 18:35:00,2026-01-02 19:05:00,4316.128,4320.796434027778,SL,-4.828434027777788,30,0.3915171021803135,ml_v6,2026-01
283459,long,2026-01-02 21:10:00,2026-01-02 21:15:00,2026-01-04 23:07:00,4329.049,4336.325855555556,TP,7.1168555555555795,43,0.43904555460562605,ml_v6,2026-01
283507,short,2026-01-05 02:15:00,2026-01-05 02:20:00,2026-01-05 02:26:00,4394.648,4399.613670138889,SL,-5.1256701388889185,6,0.38321056355516575,ml_v6,2026-01
283510,short,2026-01-05 02:30:00,2026-01-05 02:35:00,2026-01-05 02:52:00,4402.701,4407.672993055556,SL,-5.131993055555585,17,0.38308026780168675,ml_v6,2026-01
283527,short,2026-01-05 03:55:00,2026-01-05 04:00:00,2026-01-05 04:22:00,4399.941,4404.964041666666,SL,-5.183041666666716,22,0.38564477365124583,ml_v6,2026-01
283641,short,2026-01-05 13:25:00,2026-01-05 13:30:00,2026-01-05 13:32:00,4399.652,4405.015076388889,SL,-5.523076388888923,2,0.3840417560572057,ml_v6,2026-01
283709,long,2026-01-05 19:05:00,2026-01-05 19:10:00,2026-01-05 19:34:00,4437.441,4445.720094444444,TP,8.119094444444466,24,0.43898699656162743,ml_v6,2026-01
283715,long,2026-01-05 19:35:00,2026-01-05 19:40:00,2026-01-05 19:56:00,4444.818,4439.680958333333,SL,-5.297041666666676,16,0.4414059700038018,ml_v6,2026-01
283720,long,2026-01-05 20:00:00,2026-01-05 20:05:00,2026-01-05 23:04:00,4442.937,4451.136044444444,TP,8.039044444444462,113,0.45386415227837235,ml_v6,2026-01
283745,long,2026-01-05 23:05:00,2026-01-05 23:10:00,2026-01-05 23:14:00,4457.667,4452.573701388889,SL,-5.25329861111112,4,0.4475037051949877,ml_v6,2026-01
283749,short,2026-01-05 23:25:00,2026-01-05 23:30:00,2026-01-05 23:32:00,4448.982,4440.784511111111,TP,8.037488888888898,2,0.38275692132781786,ml_v6,2026-01
283751,short,2026-01-05 23:35:00,2026-01-05 23:40:00,2026-01-06 00:35:00,4443.945,4435.672861111111,TP,8.112138888888893,55,0.38900387832241756,ml_v6,2026-01
283779,long,2026-01-06 01:55:00,2026-01-06 02:00:00,2026-01-06 02:10:00,4450.417,4458.396294444445,TP,7.819294444444434,10,0.43148658743471324,ml_v6,2026-01
283783,long,2026-01-06 02:15:00,2026-01-06 02:20:00,2026-01-06 02:39:00,4457.945,4453.125663194444,SL,-4.979336805555553,19,0.4348497204958703,ml_v6,2026-01
283794,long,2026-01-06 03:10:00,2026-01-06 03:15:00,2026-01-06 05:28:00,4462.652,4470.1150777777775,TP,7.303077777777774,133,0.43179224587933507,ml_v6,2026-01
283869,short,2026-01-06 09:25:00,2026-01-06 09:30:00,2026-01-06 09:47:00,4456.639,4449.3636,TP,7.115400000000006,17,0.3850716686259481,ml_v6,2026-01
283898,short,2026-01-06 11:50:00,2026-01-06 11:55:00,2026-01-06 13:11:00,4462.708,4467.306201388888,SL,-4.75820138888889,76,0.3828283845481902,ml_v6,2026-01
283930,long,2026-01-06 14:30:00,2026-01-06 14:35:00,2026-01-06 14:52:00,4479.112,4486.272866666667,TP,7.000866666666647,17,0.4394502221003376,ml_v6,2026-01
283935,long,2026-01-06 14:55:00,2026-01-06 15:00:00,2026-01-06 15:05:00,4487.493,4482.981993055556,SL,-4.671006944444432,5,0.4340170536934891,ml_v6,2026-01
283938,long,2026-01-06 15:10:00,2026-01-06 15:15:00,2026-01-06 15:19:00,4480.254,4475.719833333334,SL,-4.694166666666661,4,0.4335030941709951,ml_v6,2026-01
283941,long,2026-01-06 15:25:00,2026-01-06 15:30:00,2026-01-06 15:31:00,4481.008,4476.459854166666,SL,-4.70814583333333,1,0.4371441516043112,ml_v6,2026-01
284001,long,2026-01-06 20:25:00,2026-01-06 20:30:00,2026-01-06 20:57:00,4485.551,4492.233922222223,TP,6.522922222222224,27,0.43083811437866054,ml_v6,2026-01
284028,long,2026-01-06 23:40:00,2026-01-06 23:45:00,2026-01-07 00:01:00,4495.243,4491.13260763889,SL,-4.27039236111111,16,0.43764233161924565,ml_v6,2026-01
284033,long,2026-01-07 00:05:00,2026-01-07 00:10:00,2026-01-07 00:39:00,4492.23,4488.120059027778,SL,-4.269940972222224,29,0.4336704218036527,ml_v6,2026-01
284043,long,2026-01-07 00:55:00,2026-01-07 01:00:00,2026-01-07 01:01:00,4491.87,4487.781958333333,SL,-4.248041666666675,1,0.4439492768116783,ml_v6,2026-01
284083,short,2026-01-07 04:15:00,2026-01-07 04:20:00,2026-01-07 05:05:00,4468.678,4462.046027777777,TP,6.471972222222228,45,0.3835434139263202,ml_v6,2026-01
284094,short,2026-01-07 05:10:00,2026-01-07 05:15:00,2026-01-07 05:25:00,4465.954,4470.128392361111,SL,-4.3343923611111155,10,0.38726694776597803,ml_v6,2026-01
284098,short,2026-01-07 05:30:00,2026-01-07 05:35:00,2026-01-07 05:45:00,4453.855,4447.086166666666,TP,6.608833333333345,10,0.38304930695648,ml_v6,2026-01
284102,short,2026-01-07 05:50:00,2026-01-07 05:55:00,2026-01-07 05:57:00,4447.581,4451.856458333334,SL,-4.4354583333333375,2,0.38413552958632596,ml_v6,2026-01
284104,short,2026-01-07 06:00:00,2026-01-07 06:05:00,2026-01-07 06:33:00,4456.576,4449.6915944444445,TP,6.7244055555555615,28,0.38515943750630666,ml_v6,2026-01
284111,short,2026-01-07 06:35:00,2026-01-07 06:40:00,2026-01-07 06:46:00,4450.551,4443.611594444445,TP,6.7794055555555754,6,0.38359683978166353,ml_v6,2026-01
284115,short,2026-01-07 06:55:00,2026-01-07 07:00:00,2026-01-07 07:05:00,4444.112,4448.446190972222,SL,-4.494190972222236,5,0.3878820961111611,ml_v6,2026-01
284118,short,2026-01-07 07:10:00,2026-01-07 07:15:00,2026-01-07 07:26:00,4450.289,4454.619597222222,SL,-4.490597222222236,11,0.3825056295964355,ml_v6,2026-01
284124,short,2026-01-07 07:40:00,2026-01-07 07:45:00,2026-01-07 07:47:00,4458.819,4463.141805555556,SL,-4.482805555555571,2,0.3851011310538982,ml_v6,2026-01
284126,short,2026-01-07 07:50:00,2026-01-07 07:55:00,2026-01-07 08:17:00,4463.306,4467.644909722222,SL,-4.498909722222234,22,0.3855437395893482,ml_v6,2026-01
284132,short,2026-01-07 08:20:00,2026-01-07 08:25:00,2026-01-07 08:37:00,4466.443,4470.775364583334,SL,-4.492364583333348,12,0.3886901249632676,ml_v6,2026-01
284136,short,2026-01-07 08:40:00,2026-01-07 08:45:00,2026-01-07 09:08:00,4466.873,4459.884105555555,TP,6.828894444444456,23,0.39033431908939675,ml_v6,2026-01
284142,short,2026-01-07 09:10:00,2026-01-07 09:15:00,2026-01-07 10:29:00,4465.804,4458.792,TP,6.8520000000000145,74,0.3922439774021943,ml_v6,2026-01
284158,short,2026-01-07 10:30:00,2026-01-07 10:35:00,2026-01-07 11:26:00,4463.604,4456.675372222223,TP,6.768627777777784,51,0.38689636138354844,ml_v6,2026-01
284175,short,2026-01-07 11:55:00,2026-01-07 12:00:00,2026-01-07 12:18:00,4447.441,4440.5617,TP,6.719299999999997,18,0.3883463715904778,ml_v6,2026-01
284180,short,2026-01-07 12:20:00,2026-01-07 12:25:00,2026-01-07 12:30:00,4447.326,4451.679746527778,SL,-4.513746527777781,5,0.39140407703390756,ml_v6,2026-01
284186,short,2026-01-07 12:50:00,2026-01-07 12:55:00,2026-01-07 13:06:00,4448.341,4441.339811111112,TP,6.841188888888889,11,0.3836568433502888,ml_v6,2026-01
284190,short,2026-01-07 13:10:00,2026-01-07 13:15:00,2026-01-07 13:16:00,4433.657,4438.126836805555,SL,-4.629836805555549,1,0.3840557040658105,ml_v6,2026-01
284214,short,2026-01-07 15:10:00,2026-01-07 15:15:00,2026-01-07 15:21:00,4426.672,4431.388972222222,SL,-4.8769722222222205,6,0.38581301913411675,ml_v6,2026-01
284230,short,2026-01-07 16:30:00,2026-01-07 16:35:00,2026-01-07 17:26:00,4464.922,4457.424988888888,TP,7.337011111111124,51,0.3860728043361363,ml_v6,2026-01
284267,long,2026-01-07 19:35:00,2026-01-07 19:40:00,2026-01-07 21:00:00,4454.932,4450.280322916667,SL,-4.811677083333352,80,0.43244752819104093,ml_v6,2026-01
284285,long,2026-01-07 21:05:00,2026-01-07 21:10:00,2026-01-07 23:01:00,4452.917,4460.383650000001,TP,7.306650000000037,48,0.4523255327721482,ml_v6,2026-01
284297,long,2026-01-07 23:05:00,2026-01-07 23:10:00,2026-01-08 00:26:00,4459.871,4455.232340277777,SL,-4.798659722222242,76,0.45613851363297375,ml_v6,2026-01
284314,long,2026-01-08 00:30:00,2026-01-08 00:35:00,2026-01-08 00:37:00,4457.968,4453.291552083333,SL,-4.836447916666683,2,0.44791409338581045,ml_v6,2026-01
284356,short,2026-01-08 04:00:00,2026-01-08 04:05:00,2026-01-08 04:46:00,4438.25,4430.8559,TP,7.2341000000000415,41,0.3856774555048036,ml_v6,2026-01
284369,short,2026-01-08 05:05:00,2026-01-08 05:10:00,2026-01-08 05:30:00,4427.772,4420.426383333333,TP,7.185616666666709,20,0.38707493097147816,ml_v6,2026-01
284375,short,2026-01-08 05:35:00,2026-01-08 05:40:00,2026-01-08 05:43:00,4424.541,4417.176911111112,TP,7.20408888888894,3,0.3849685579777843,ml_v6,2026-01
284377,short,2026-01-08 05:45:00,2026-01-08 05:50:00,2026-01-08 05:56:00,4421.113,4425.750527777778,SL,-4.797527777777807,6,0.3857120365143901,ml_v6,2026-01
284380,short,2026-01-08 06:00:00,2026-01-08 06:05:00,2026-01-08 06:15:00,4418.78,4423.478895833333,SL,-4.858895833333363,10,0.3870440215111858,ml_v6,2026-01
284384,short,2026-01-08 06:20:00,2026-01-08 06:25:00,2026-01-08 06:31:00,4425.109,4429.837211805556,SL,-4.888211805555585,6,0.3843126675170687,ml_v6,2026-01
284387,short,2026-01-08 06:35:00,2026-01-08 06:40:00,2026-01-08 07:11:00,4434.849,4439.553086805556,SL,-4.864086805555581,31,0.38571188695095726,ml_v6,2026-01
284395,short,2026-01-08 07:15:00,2026-01-08 07:20:00,2026-01-08 08:04:00,4434.549,4427.069594444444,TP,7.319405555555599,44,0.38383058038007883,ml_v6,2026-01
284405,short,2026-01-08 08:05:00,2026-01-08 08:10:00,2026-01-08 08:33:00,4432.433,4425.005144444444,TP,7.267855555555597,23,0.38783881044006085,ml_v6,2026-01
284411,short,2026-01-08 08:35:00,2026-01-08 08:40:00,2026-01-08 08:53:00,4421.156,4425.831809027778,SL,-4.83580902777779,13,0.3901167303563243,ml_v6,2026-01
284426,long,2026-01-08 09:50:00,2026-01-08 09:55:00,2026-01-08 10:17:00,4431.724,4427.062520833333,SL,-4.821479166666677,22,0.43067246716903457,ml_v6,2026-01
284462,long,2026-01-08 12:50:00,2026-01-08 12:55:00,2026-01-08 13:05:00,4427.418,4422.6874965277775,SL,-4.890503472222233,10,0.4307312976055111,ml_v6,2026-01
284563,long,2026-01-08 21:15:00,2026-01-08 21:20:00,2026-01-08 23:01:00,4474.192,4481.329211111111,TP,6.977211111111103,38,0.433544003145644,ml_v6,2026-01
284573,long,2026-01-08 23:05:00,2026-01-08 23:10:00,2026-01-08 23:47:00,4478.3,4473.847322916667,SL,-4.612677083333318,37,0.43424848622633727,ml_v6,2026-01
284582,long,2026-01-08 23:50:00,2026-01-08 23:55:00,2026-01-09 00:20:00,4474.57,4470.101788194444,SL,-4.628211805555537,25,0.431469969490235,ml_v6,2026-01
284644,short,2026-01-09 05:00:00,2026-01-09 05:05:00,2026-01-09 05:24:00,4465.062,4458.094933333333,TP,6.807066666666617,19,0.38568300104716435,ml_v6,2026-01
284649,short,2026-01-09 05:25:00,2026-01-09 05:30:00,2026-01-09 05:31:00,4464.66,4469.041909722222,SL,-4.541909722222196,1,0.3846698641006133,ml_v6,2026-01
284652,short,2026-01-09 05:40:00,2026-01-09 05:45:00,2026-01-09 06:27:00,4467.563,4471.9579652777775,SL,-4.554965277777749,42,0.3829628595271805,ml_v6,2026-01
284670,short,2026-01-09 07:10:00,2026-01-09 07:15:00,2026-01-09 08:07:00,4471.245,4475.504034722222,SL,-4.419034722222193,52,0.3854217685309071,ml_v6,2026-01
284689,short,2026-01-09 08:45:00,2026-01-09 08:50:00,2026-01-09 09:05:00,4466.968,4471.132138888889,SL,-4.324138888888857,15,0.3840328892377495,ml_v6,2026-01
284697,long,2026-01-09 09:25:00,2026-01-09 09:30:00,2026-01-09 10:05:00,4473.977,4469.877590277778,SL,-4.259409722222195,35,0.4400189396081691,ml_v6,2026-01
284708,short,2026-01-09 10:20:00,2026-01-09 10:25:00,2026-01-09 11:58:00,4471.716,4475.733465277778,SL,-4.177465277777752,93,0.3846263363627098,ml_v6,2026-01
284732,short,2026-01-09 12:20:00,2026-01-09 12:25:00,2026-01-09 12:33:00,4470.696,4464.338494444444,TP,6.197505555555534,8,0.38646046008260043,ml_v6,2026-01
284737,short,2026-01-09 12:45:00,2026-01-09 12:50:00,2026-01-09 13:05:00,4467.647,4471.640416666666,SL,-4.153416666666652,15,0.3827979910861397,ml_v6,2026-01
284754,long,2026-01-09 14:10:00,2026-01-09 14:15:00,2026-01-09 14:18:00,4489.352,4485.197739583333,SL,-4.314260416666653,3,0.4323720900805957,ml_v6,2026-01
284759,long,2026-01-09 14:35:00,2026-01-09 14:40:00,2026-01-09 14:43:00,4495.918,4491.731666666667,SL,-4.346333333333317,3,0.4304258015084303,ml_v6,2026-01
284828,long,2026-01-09 20:20:00,2026-01-09 20:25:00,2026-01-09 20:31:00,4507.751,4503.508951388889,SL,-4.4020486111111055,6,0.4349254908750506,ml_v6,2026-01
284831,long,2026-01-09 20:35:00,2026-01-09 20:40:00,2026-01-09 21:44:00,4504.448,4511.237838888889,TP,6.62983888888888,64,0.45641243060333325,ml_v6,2026-01
284845,long,2026-01-09 21:45:00,2026-01-09 21:50:00,2026-01-11 23:03:00,4510.234,4516.885488888889,TP,6.491488888888889,8,0.45975900768613737,ml_v6,2026-01
284889,short,2026-01-12 02:25:00,2026-01-12 02:30:00,2026-01-12 02:37:00,4566.177,4570.958944444445,SL,-4.941944444444459,7,0.3824574141649451,ml_v6,2026-01
284899,short,2026-01-12 03:15:00,2026-01-12 03:20:00,2026-01-12 03:47:00,4578.071,4570.390238888889,TP,7.520761111111143,27,0.383137504268769,ml_v6,2026-01
284906,short,2026-01-12 03:50:00,2026-01-12 03:55:00,2026-01-12 04:34:00,4573.22,4565.558461111112,TP,7.50153888888892,39,0.38442888360131144,ml_v6,2026-01
284915,short,2026-01-12 04:35:00,2026-01-12 04:40:00,2026-01-12 05:13:00,4565.995,4570.793819444444,SL,-4.958819444444458,33,0.38376423220742106,ml_v6,2026-01
284924,short,2026-01-12 05:20:00,2026-01-12 05:25:00,2026-01-12 05:33:00,4572.515,4577.336152777778,SL,-4.981152777777791,8,0.3845038532878827,ml_v6,2026-01
284927,long,2026-01-12 05:35:00,2026-01-12 05:40:00,2026-01-12 06:11:00,4577.97,4573.120524305556,SL,-5.0094756944444585,31,0.43400640977872484,ml_v6,2026-01
284954,long,2026-01-12 07:50:00,2026-01-12 07:55:00,2026-01-12 08:16:00,4585.948,4581.043604166667,SL,-5.064395833333329,21,0.4307230136391265,ml_v6,2026-01
284960,long,2026-01-12 08:20:00,2026-01-12 08:25:00,2026-01-12 08:47:00,4582.604,4590.486105555556,TP,7.722105555555547,22,0.44197171641574945,ml_v6,2026-01
284979,long,2026-01-12 09:55:00,2026-01-12 10:00:00,2026-01-12 11:25:00,4589.166,4584.1991875,SL,-5.126812499999997,85,0.43638919530550235,ml_v6,2026-01
285094,long,2026-01-12 19:30:00,2026-01-12 19:35:00,2026-01-12 19:51:00,4616.24,4611.292038194444,SL,-5.107961805555559,16,0.43220117023690496,ml_v6,2026-01
285132,long,2026-01-12 23:40:00,2026-01-12 23:45:00,2026-01-12 23:52:00,4586.241,4594.463855555556,TP,8.062855555555544,7,0.4313584396903315,ml_v6,2026-01
285197,short,2026-01-13 05:05:00,2026-01-13 05:10:00,2026-01-13 05:25:00,4594.387,4598.970746527778,SL,-4.743746527777761,15,0.38300176596058,ml_v6,2026-01
285202,short,2026-01-13 05:30:00,2026-01-13 05:35:00,2026-01-13 05:45:00,4590.775,4595.401902777778,SL,-4.786902777777764,10,0.38702051149050287,ml_v6,2026-01
285206,short,2026-01-13 05:50:00,2026-01-13 05:55:00,2026-01-13 06:23:00,4593.4,4585.9693,TP,7.270699999999979,28,0.3863082397577705,ml_v6,2026-01
285213,short,2026-01-13 06:25:00,2026-01-13 06:30:00,2026-01-13 06:37:00,4585.021,4577.565661111111,TP,7.295338888888875,7,0.3939839769003334,ml_v6,2026-01
285216,short,2026-01-13 06:40:00,2026-01-13 06:45:00,2026-01-13 06:50:00,4576.031,4580.691663194444,SL,-4.8206631944444345,5,0.39555591459321066,ml_v6,2026-01
285219,short,2026-01-13 06:55:00,2026-01-13 07:00:00,2026-01-13 07:30:00,4581.617,4586.277791666666,SL,-4.82079166666666,30,0.39539623737119756,ml_v6,2026-01
285228,short,2026-01-13 07:40:00,2026-01-13 07:45:00,2026-01-13 08:04:00,4580.408,4585.071017361111,SL,-4.823017361111113,19,0.38778649808003784,ml_v6,2026-01
285233,short,2026-01-13 08:05:00,2026-01-13 08:10:00,2026-01-13 08:27:00,4587.256,4591.91209375,SL,-4.8160937500000065,17,0.3880323931062274,ml_v6,2026-01
285238,short,2026-01-13 08:30:00,2026-01-13 08:35:00,2026-01-13 09:54:00,4593.623,4586.171911111111,TP,7.291088888888904,79,0.38838015247952773,ml_v6,2026-01
285293,short,2026-01-13 13:05:00,2026-01-13 13:10:00,2026-01-13 13:12:00,4598.674,4603.186149305556,SL,-4.672149305555584,2,0.3841785316623433,ml_v6,2026-01
285295,short,2026-01-13 13:15:00,2026-01-13 13:20:00,2026-01-13 13:24:00,4601.541,4606.076850694445,SL,-4.695850694444473,4,0.3825350304906316,ml_v6,2026-01
285384,long,2026-01-13 20:40:00,2026-01-13 20:45:00,2026-01-13 23:07:00,4585.224,4593.154288888889,TP,7.770288888888926,79,0.43857764859122383,ml_v6,2026-01
285407,long,2026-01-13 23:35:00,2026-01-13 23:40:00,2026-01-14 00:07:00,4596.809,4604.621444444445,TP,7.652444444444489,27,0.43117761415042954,ml_v6,2026-01
285511,short,2026-01-14 08:15:00,2026-01-14 08:20:00,2026-01-14 08:35:00,4625.024,4629.769229166667,SL,-4.905229166666677,15,0.3831966288716991,ml_v6,2026-01
285531,long,2026-01-14 09:55:00,2026-01-14 10:00:00,2026-01-14 10:43:00,4630.391,4637.975733333333,TP,7.424733333333361,43,0.436079635487611,ml_v6,2026-01
285550,short,2026-01-14 11:30:00,2026-01-14 11:35:00,2026-01-14 12:00:00,4627.858,4632.627979166667,SL,-4.929979166666689,25,0.38407445530793444,ml_v6,2026-01
285569,short,2026-01-14 13:05:00,2026-01-14 13:10:00,2026-01-14 13:24:00,4629.835,4634.680326388889,SL,-5.005326388888901,14,0.383062651561711,ml_v6,2026-01
285590,short,2026-01-14 14:50:00,2026-01-14 14:55:00,2026-01-14 15:02:00,4615.363,4607.436405555556,TP,7.766594444444466,7,0.38393656599769377,ml_v6,2026-01
285593,short,2026-01-14 15:05:00,2026-01-14 15:10:00,2026-01-14 15:11:00,4605.019,4610.027385416667,SL,-5.168385416666682,1,0.3829789273791955,ml_v6,2026-01
285595,short,2026-01-14 15:15:00,2026-01-14 15:20:00,2026-01-14 15:30:00,4621.78,4613.709438888889,TP,7.910561111111138,10,0.3828475350555052,ml_v6,2026-01
285599,short,2026-01-14 15:35:00,2026-01-14 15:40:00,2026-01-14 15:44:00,4620.085,4611.983016666667,TP,7.941983333333363,4,0.3842498629117944,ml_v6,2026-01
285602,short,2026-01-14 15:50:00,2026-01-14 15:55:00,2026-01-14 16:02:00,4614.897,4619.921375,SL,-5.184375000000024,7,0.3832883509470325,ml_v6,2026-01
285605,short,2026-01-14 16:05:00,2026-01-14 16:10:00,2026-01-14 16:20:00,4616.233,4621.203625,SL,-5.130625000000022,10,0.3830239145780542,ml_v6,2026-01
285612,short,2026-01-14 16:40:00,2026-01-14 16:45:00,2026-01-14 17:23:00,4615.649,4607.894816666667,TP,7.594183333333373,38,0.3848202495599725,ml_v6,2026-01
285622,short,2026-01-14 17:30:00,2026-01-14 17:35:00,2026-01-14 17:51:00,4608.519,4613.316430555556,SL,-4.957430555555577,16,0.38561001110324644,ml_v6,2026-01
285627,short,2026-01-14 17:55:00,2026-01-14 18:00:00,2026-01-14 18:03:00,4614.214,4619.041694444444,SL,-4.987694444444465,3,0.38517766881236815,ml_v6,2026-01
285635,short,2026-01-14 18:35:00,2026-01-14 18:40:00,2026-01-14 18:48:00,4628.925,4633.743631944445,SL,-4.978631944444459,8,0.3847225511934146,ml_v6,2026-01
285727,short,2026-01-15 03:15:00,2026-01-15 03:20:00,2026-01-15 03:22:00,4591.365,4583.28445,TP,7.920550000000015,2,0.38282690945569586,ml_v6,2026-01
285729,short,2026-01-15 03:25:00,2026-01-15 03:30:00,2026-01-15 03:34:00,4585.238,4590.325302083334,SL,-5.247302083333343,4,0.3875757009119184,ml_v6,2026-01
285732,short,2026-01-15 03:40:00,2026-01-15 03:45:00,2026-01-15 04:03:00,4596.636,4588.430816666667,TP,8.04518333333335,18,0.38315235046260276,ml_v6,2026-01
285737,short,2026-01-15 04:05:00,2026-01-15 04:10:00,2026-01-15 04:13:00,4587.624,4592.775805555555,SL,-5.311805555555566,3,0.3848023895417547,ml_v6,2026-01
285739,short,2026-01-15 04:15:00,2026-01-15 04:20:00,2026-01-15 05:15:00,4593.079,4584.817688888888,TP,8.101311111111121,55,0.38306322661750236,ml_v6,2026-01
285752,short,2026-01-15 05:20:00,2026-01-15 05:25:00,2026-01-15 05:29:00,4586.469,4591.663361111111,SL,-5.354361111111126,4,0.38459555441356563,ml_v6,2026-01
285754,short,2026-01-15 05:30:00,2026-01-15 05:35:00,2026-01-15 05:45:00,4585.532,4590.770545138889,SL,-5.398545138888902,10,0.39035640791259885,ml_v6,2026-01
285778,long,2026-01-15 07:30:00,2026-01-15 07:35:00,2026-01-15 07:39:00,4609.006,4603.793597222222,SL,-5.372402777777789,4,0.43105760895337925,ml_v6,2026-01
285781,long,2026-01-15 07:45:00,2026-01-15 07:50:00,2026-01-15 08:03:00,4603.129,4597.915868055556,SL,-5.373131944444452,13,0.43474799567289935,ml_v6,2026-01
285785,long,2026-01-15 08:05:00,2026-01-15 08:10:00,2026-01-15 09:38:00,4601.861,4610.216944444444,TP,8.195944444444473,88,0.4385506851977736,ml_v6,2026-01
285804,long,2026-01-15 09:40:00,2026-01-15 09:45:00,2026-01-15 10:37:00,4609.407,4617.713794444445,TP,8.146794444444476,52,0.4369921833674564,ml_v6,2026-01
285823,long,2026-01-15 11:15:00,2026-01-15 11:20:00,2026-01-15 12:55:00,4617.544,4612.371340277778,SL,-5.332659722222243,95,0.4333108608901135,ml_v6,2026-01
285870,short,2026-01-15 15:10:00,2026-01-15 15:15:00,2026-01-15 16:11:00,4613.165,4618.493322916666,SL,-5.4883229166666885,56,0.38475763419886777,ml_v6,2026-01
285883,short,2026-01-15 16:15:00,2026-01-15 16:20:00,2026-01-15 16:26:00,4621.081,4612.841172222223,TP,8.079827777777792,6,0.3847058275586989,ml_v6,2026-01
285886,short,2026-01-15 16:30:00,2026-01-15 16:35:00,2026-01-15 16:54:00,4609.707,4601.530000000001,TP,8.017000000000008,19,0.38507033372200694,ml_v6,2026-01
285893,short,2026-01-15 17:05:00,2026-01-15 17:10:00,2026-01-15 17:36:00,4609.413,4614.468694444444,SL,-5.215694444444441,26,0.38364742271390606,ml_v6,2026-01
285994,short,2026-01-16 02:30:00,2026-01-16 02:35:00,2026-01-16 03:08:00,4594.604,4599.033590277778,SL,-4.589590277777761,33,0.3879401895086397,ml_v6,2026-01
286032,long,2026-01-16 05:40:00,2026-01-16 05:45:00,2026-01-16 05:51:00,4606.953,4613.3334,TP,6.220399999999978,6,0.43425939833870575,ml_v6,2026-01
286038,short,2026-01-16 06:10:00,2026-01-16 06:15:00,2026-01-16 06:23:00,4604.61,4608.614503472222,SL,-4.164503472222205,8,0.38422384209297844,ml_v6,2026-01
286041,short,2026-01-16 06:25:00,2026-01-16 06:30:00,2026-01-16 06:43:00,4604.614,4598.242827777777,TP,6.21117222222219,13,0.3868624354090566,ml_v6,2026-01
286045,short,2026-01-16 06:45:00,2026-01-16 06:50:00,2026-01-16 07:04:00,4596.703,4600.663697916667,SL,-4.120697916666646,14,0.3888492724794397,ml_v6,2026-01
286049,short,2026-01-16 07:05:00,2026-01-16 07:10:00,2026-01-16 07:14:00,4606.234,4610.162395833334,SL,-4.088395833333314,4,0.3866376704053353,ml_v6,2026-01
286056,short,2026-01-16 07:40:00,2026-01-16 07:45:00,2026-01-16 07:48:00,4603.091,4607.013128472223,SL,-4.082128472222204,3,0.38246241843275064,ml_v6,2026-01
286067,short,2026-01-16 08:35:00,2026-01-16 08:40:00,2026-01-16 09:33:00,4605.373,4599.102738888889,TP,6.1102611111110905,53,0.3837674651550791,ml_v6,2026-01
286123,short,2026-01-16 13:15:00,2026-01-16 13:20:00,2026-01-16 13:23:00,4587.412,4591.389006944445,SL,-4.137006944444424,3,0.38355785300201095,ml_v6,2026-01
286129,short,2026-01-16 13:45:00,2026-01-16 13:50:00,2026-01-16 14:06:00,4601.661,4605.778868055556,SL,-4.277868055555537,16,0.3881764106089318,ml_v6,2026-01
286134,short,2026-01-16 14:10:00,2026-01-16 14:15:00,2026-01-16 14:29:00,4607.155,4600.542194444444,TP,6.452805555555517,14,0.3925845103619253,ml_v6,2026-01
286138,short,2026-01-16 14:30:00,2026-01-16 14:35:00,2026-01-16 14:36:00,4606.946,4611.057368055555,SL,-4.2713680555555325,1,0.39474901179095456,ml_v6,2026-01
286140,short,2026-01-16 14:40:00,2026-01-16 14:45:00,2026-01-16 14:47:00,4608.817,4612.925878472222,SL,-4.268878472222197,2,0.3866651467444534,ml_v6,2026-01
286143,short,2026-01-16 14:55:00,2026-01-16 15:00:00,2026-01-16 15:02:00,4607.952,4612.044493055556,SL,-4.252493055555533,2,0.38963202754279325,ml_v6,2026-01
286147,short,2026-01-16 15:15:00,2026-01-16 15:20:00,2026-01-16 15:21:00,4601.867,4605.9780972222225,SL,-4.2710972222222034,1,0.39634704645343655,ml_v6,2026-01
286149,short,2026-01-16 15:25:00,2026-01-16 15:30:00,2026-01-16 15:31:00,4565.228,4558.434272222223,TP,6.633727777777743,1,0.39208755951844865,ml_v6,2026-01
286151,short,2026-01-16 15:35:00,2026-01-16 15:40:00,2026-01-16 15:41:00,4548.178,4552.544434027777,SL,-4.526434027777757,1,0.3849812558139479,ml_v6,2026-01
286186,short,2026-01-16 18:30:00,2026-01-16 18:35:00,2026-01-16 18:56:00,4593.987,4586.550666666667,TP,7.276333333333323,21,0.3827793071816378,ml_v6,2026-01
286210,long,2026-01-16 20:30:00,2026-01-16 20:35:00,2026-01-16 21:17:00,4583.979,4591.554155555556,TP,7.415155555555577,42,0.43342141355744557,ml_v6,2026-01
286236,short,2026-01-18 23:45:00,2026-01-18 23:50:00,2026-01-18 23:51:00,4666.084,4671.233385416666,SL,-5.309385416666673,1,0.3826701324245506,ml_v6,2026-01
286265,short,2026-01-19 02:10:00,2026-01-19 02:15:00,2026-01-19 03:00:00,4659.269,4664.777444444445,SL,-5.668444444444454,45,0.3833548854848915,ml_v6,2026-01
286279,short,2026-01-19 03:20:00,2026-01-19 03:25:00,2026-01-19 05:06:00,4664.897,4670.383142361111,SL,-5.646142361111124,101,0.3849492321502006,ml_v6,2026-01
286317,long,2026-01-19 06:30:00,2026-01-19 06:35:00,2026-01-19 07:12:00,4674.634,4669.077711805556,SL,-5.716288194444455,37,0.44002994028053444,ml_v6,2026-01
286326,short,2026-01-19 07:15:00,2026-01-19 07:20:00,2026-01-19 08:06:00,4664.491,4670.02334375,SL,-5.692343750000012,46,0.38551671449788993,ml_v6,2026-01
286340,short,2026-01-19 08:25:00,2026-01-19 08:30:00,2026-01-19 11:41:00,4669.511,4660.740377777778,TP,8.610622222222249,191,0.3826305085862536,ml_v6,2026-01
286380,short,2026-01-19 11:45:00,2026-01-19 11:50:00,2026-01-19 12:16:00,4662.542,4667.986777777778,SL,-5.604777777777792,26,0.3857726305013521,ml_v6,2026-01
286388,short,2026-01-19 12:25:00,2026-01-19 12:30:00,2026-01-19 14:10:00,4670.83,4662.140472222222,TP,8.529527777777812,100,0.3859548147664934,ml_v6,2026-01
286425,long,2026-01-19 15:30:00,2026-01-19 15:35:00,2026-01-19 15:54:00,4666.641,4674.871777777777,TP,8.070777777777803,19,0.4331273717840282,ml_v6,2026-01
286430,long,2026-01-19 15:55:00,2026-01-19 16:00:00,2026-01-19 17:25:00,4674.283,4669.202930555556,SL,-5.240069444444462,85,0.4430844317395196,ml_v6,2026-01
286460,long,2026-01-19 18:25:00,2026-01-19 18:30:00,2026-01-19 19:04:00,4678.407,4674.26228125,SL,-4.304718750000022,34,0.4470048933626781,ml_v6,2026-01
286475,short,2026-01-19 23:10:00,2026-01-19 23:15:00,2026-01-20 00:02:00,4670.864,4664.43261111111,TP,6.271388888888948,47,0.3877666723593546,ml_v6,2026-01
286486,short,2026-01-20 00:05:00,2026-01-20 00:10:00,2026-01-20 00:27:00,4666.523,4660.200622222223,TP,6.16237777777784,17,0.3890320285775126,ml_v6,2026-01
286503,long,2026-01-20 01:30:00,2026-01-20 01:35:00,2026-01-20 01:56:00,4674.097,4670.12890625,SL,-4.1280937500000245,21,0.43378146050981425,ml_v6,2026-01
286516,short,2026-01-20 02:35:00,2026-01-20 02:40:00,2026-01-20 02:50:00,4673.654,4667.621566666667,TP,5.872433333333383,10,0.3843019316835206,ml_v6,2026-01
286520,short,2026-01-20 02:55:00,2026-01-20 03:00:00,2026-01-20 03:15:00,4668.648,4672.299722222222,SL,-3.8117222222222535,15,0.3844715068979066,ml_v6,2026-01
286525,short,2026-01-20 03:20:00,2026-01-20 03:25:00,2026-01-20 03:40:00,4673.238,4676.757302083333,SL,-3.679302083333369,15,0.3857070713458521,ml_v6,2026-01
286530,long,2026-01-20 03:45:00,2026-01-20 03:50:00,2026-01-20 04:22:00,4677.732,4683.247438888889,TP,5.355438888888952,32,0.4396986953028334,ml_v6,2026-01
286540,long,2026-01-20 04:35:00,2026-01-20 04:40:00,2026-01-20 04:59:00,4690.281,4695.562422222222,TP,5.121422222222268,19,0.43991540822226194,ml_v6,2026-01
286545,long,2026-01-20 05:00:00,2026-01-20 05:05:00,2026-01-20 05:06:00,4695.208,4700.360911111111,TP,4.992911111111159,1,0.43617311393093094,ml_v6,2026-01
286548,long,2026-01-20 05:15:00,2026-01-20 05:20:00,2026-01-20 05:24:00,4698.164,4694.9547812499995,SL,-3.3692187500000355,4,0.4312924422700827,ml_v6,2026-01
286550,long,2026-01-20 05:25:00,2026-01-20 05:30:00,2026-01-20 05:34:00,4695.912,4701.030566666667,TP,4.95856666666672,4,0.4350201707572656,ml_v6,2026-01
286563,long,2026-01-20 06:30:00,2026-01-20 06:35:00,2026-01-20 06:40:00,4708.939,4705.7146041666665,SL,-3.384395833333372,5,0.43130730318740634,ml_v6,2026-01
286575,short,2026-01-20 07:30:00,2026-01-20 07:35:00,2026-01-20 07:46:00,4719.353,4722.62234375,SL,-3.429343750000031,11,0.3827334829851679,ml_v6,2026-01
286581,short,2026-01-20 08:00:00,2026-01-20 08:05:00,2026-01-20 08:08:00,4720.621,4723.914256944445,SL,-3.4532569444444716,3,0.38460859902386796,ml_v6,2026-01
286583,short,2026-01-20 08:10:00,2026-01-20 08:15:00,2026-01-20 08:29:00,4724.49,4719.200161111111,TP,5.129838888888941,14,0.383845510559131,ml_v6,2026-01
286591,short,2026-01-20 08:50:00,2026-01-20 08:55:00,2026-01-20 09:07:00,4728.213,4731.556947916666,SL,-3.503947916666701,12,0.3841965074110521,ml_v6,2026-01
286597,short,2026-01-20 09:20:00,2026-01-20 09:25:00,2026-01-20 09:29:00,4728.423,4731.767684027777,SL,-3.5046840277778073,4,0.3842525818630747,ml_v6,2026-01
286599,short,2026-01-20 09:30:00,2026-01-20 09:35:00,2026-01-20 10:29:00,4734.109,4728.738294444444,TP,5.210705555555606,54,0.3841591501999391,ml_v6,2026-01
286621,long,2026-01-20 11:20:00,2026-01-20 11:25:00,2026-01-20 11:46:00,4727.228,4732.593644444444,TP,5.205644444444489,21,0.43353638719242343,ml_v6,2026-01
286636,long,2026-01-20 12:35:00,2026-01-20 12:40:00,2026-01-20 13:04:00,4725.717,4722.392260416666,SL,-3.4847395833333703,24,0.443802090298493,ml_v6,2026-01
286668,long,2026-01-20 15:15:00,2026-01-20 15:20:00,2026-01-20 15:23:00,4737.866,4734.0654375,SL,-3.9605625000000217,3,0.4355600117333684,ml_v6,2026-01
286674,long,2026-01-20 15:45:00,2026-01-20 15:50:00,2026-01-20 15:56:00,4737.56,4733.621222222223,SL,-4.098777777777792,6,0.43373770562278136,ml_v6,2026-01
286679,long,2026-01-20 16:10:00,2026-01-20 16:15:00,2026-01-20 16:25:00,4741.348,4737.336909722222,SL,-4.171090277777795,10,0.43752363729915744,ml_v6,2026-01
286729,long,2026-01-20 20:20:00,2026-01-20 20:25:00,2026-01-20 20:55:00,4749.737,4756.556927777778,TP,6.659927777777796,30,0.43618622235634325,ml_v6,2026-01
286812,short,2026-01-21 04:15:00,2026-01-21 04:20:00,2026-01-21 04:34:00,4850.139,4855.254118055555,SL,-5.275118055555538,14,0.3824668764023032,ml_v6,2026-01
286822,short,2026-01-21 05:05:00,2026-01-21 05:10:00,2026-01-21 05:15:00,4863.132,4868.357753472222,SL,-5.385753472222209,5,0.3826156809624331,ml_v6,2026-01
286825,short,2026-01-21 05:20:00,2026-01-21 05:25:00,2026-01-21 05:34:00,4870.859,4876.118180555556,SL,-5.419180555555541,9,0.3832568622141029,ml_v6,2026-01
286829,short,2026-01-21 05:40:00,2026-01-21 05:45:00,2026-01-21 05:47:00,4870.975,4876.292440972223,SL,-5.477440972222212,2,0.38243864046819986,ml_v6,2026-01
286834,short,2026-01-21 06:05:00,2026-01-21 06:10:00,2026-01-21 06:16:00,4869.876,4875.220416666667,SL,-5.504416666666651,6,0.384293075077613,ml_v6,2026-01
286837,short,2026-01-21 06:20:00,2026-01-21 06:25:00,2026-01-21 06:27:00,4879.353,4884.715520833333,SL,-5.5225208333333144,2,0.3860142337013084,ml_v6,2026-01
286840,short,2026-01-21 06:35:00,2026-01-21 06:40:00,2026-01-21 06:43:00,4868.382,4859.743333333333,TP,8.478666666666632,3,0.38314997720011057,ml_v6,2026-01
286842,short,2026-01-21 06:45:00,2026-01-21 06:50:00,2026-01-21 06:56:00,4862.418,4853.721033333333,TP,8.53696666666663,6,0.38529033529051127,ml_v6,2026-01
286845,short,2026-01-21 07:00:00,2026-01-21 07:05:00,2026-01-21 07:20:00,4841.594,4832.809061111111,TP,8.624938888888853,15,0.38944134524663904,ml_v6,2026-01
286850,short,2026-01-21 07:25:00,2026-01-21 07:30:00,2026-01-21 07:37:00,4849.047,4840.143044444444,TP,8.743955555555518,7,0.38656415453752496,ml_v6,2026-01
286853,short,2026-01-21 07:40:00,2026-01-21 07:45:00,2026-01-21 07:51:00,4849.259,4854.846402777778,SL,-5.747402777777758,6,0.3875939290841482,ml_v6,2026-01
286856,short,2026-01-21 07:55:00,2026-01-21 08:00:00,2026-01-21 08:05:00,4855.142,4860.743583333333,SL,-5.761583333333313,5,0.38553387738077616,ml_v6,2026-01
286859,short,2026-01-21 08:10:00,2026-01-21 08:15:00,2026-01-21 08:18:00,4858.576,4864.191076388889,SL,-5.7750763888888725,3,0.3910588701948766,ml_v6,2026-01
286861,short,2026-01-21 08:20:00,2026-01-21 08:25:00,2026-01-21 08:50:00,4865.221,4856.218383333333,TP,8.842616666666645,25,0.3864786257729177,ml_v6,2026-01
286868,short,2026-01-21 08:55:00,2026-01-21 09:00:00,2026-01-21 09:05:00,4854.713,4860.385732638889,SL,-5.832732638888874,5,0.3874602045932082,ml_v6,2026-01
286875,long,2026-01-21 09:30:00,2026-01-21 09:35:00,2026-01-21 09:47:00,4869.264,4863.549784722222,SL,-5.8742152777777665,12,0.4359829096876823,ml_v6,2026-01
286879,long,2026-01-21 09:50:00,2026-01-21 09:55:00,2026-01-21 11:20:00,4862.02,4871.176494444445,TP,8.996494444444433,85,0.4501505252305168,ml_v6,2026-01
286912,long,2026-01-21 12:35:00,2026-01-21 12:40:00,2026-01-21 12:46:00,4866.538,4860.75598611111,SL,-5.94201388888888,6,0.4390962026954216,ml_v6,2026-01
286919,long,2026-01-21 13:10:00,2026-01-21 13:15:00,2026-01-21 13:23:00,4869.156,4863.312017361111,SL,-6.0039826388888855,8,0.43545035914094443,ml_v6,2026-01
286922,long,2026-01-21 13:25:00,2026-01-21 13:30:00,2026-01-21 13:38:00,4867.95,4877.351688888889,TP,9.241688888888879,8,0.43257967834002636,ml_v6,2026-01
287007,long,2026-01-21 20:30:00,2026-01-21 20:35:00,2026-01-21 20:43:00,4804.318,4816.590688888889,TP,12.112688888888883,8,0.43338926060669564,ml_v6,2026-01
287046,short,2026-01-22 00:45:00,2026-01-22 00:50:00,2026-01-22 00:56:00,4788.012,4796.335746527778,SL,-8.483746527777795,6,0.38431800214824674,ml_v6,2026-01
287049,short,2026-01-22 01:00:00,2026-01-22 01:05:00,2026-01-22 01:07:00,4776.907,4785.313694444445,SL,-8.566694444444469,2,0.3856660299060866,ml_v6,2026-01
287068,short,2026-01-22 02:35:00,2026-01-22 02:40:00,2026-01-22 02:46:00,4778.055,4786.523666666667,SL,-8.628666666666685,6,0.3834665378384119,ml_v6,2026-01
287075,long,2026-01-22 03:10:00,2026-01-22 03:15:00,2026-01-22 05:45:00,4789.839,4803.230305555556,TP,13.231305555555585,150,0.4310950769885971,ml_v6,2026-01
287107,long,2026-01-22 05:50:00,2026-01-22 05:55:00,2026-01-22 07:03:00,4818.053,4830.980961111111,TP,12.767961111111115,68,0.44523939996891704,ml_v6,2026-01
287122,long,2026-01-22 07:05:00,2026-01-22 07:10:00,2026-01-22 08:10:00,4834.52,4826.539027777778,SL,-8.14097222222222,60,0.4503510044582054,ml_v6,2026-01
287136,long,2026-01-22 08:15:00,2026-01-22 08:20:00,2026-01-22 09:32:00,4826.503,4818.732562499999,SL,-7.9304375000000045,72,0.45041702173052733,ml_v6,2026-01
287152,long,2026-01-22 09:35:00,2026-01-22 09:40:00,2026-01-22 11:48:00,4820.683,4832.953438888889,TP,12.110438888888885,128,0.46713690725815515,ml_v6,2026-01
287219,short,2026-01-22 15:10:00,2026-01-22 15:15:00,2026-01-22 15:25:00,4839.222,4846.722694444445,SL,-7.6606944444444505,10,0.3840058671811435,ml_v6,2026-01
287277,long,2026-01-22 20:00:00,2026-01-22 20:05:00,2026-01-22 20:59:00,4921.68,4915.083201388889,SL,-6.756798611111091,54,0.43127985201527563,ml_v6,2026-01
287289,long,2026-01-22 21:00:00,2026-01-22 21:05:00,2026-01-22 21:31:00,4916.296,4926.024088888889,TP,9.568088888888868,26,0.43632679395699697,ml_v6,2026-01
287296,long,2026-01-22 21:35:00,2026-01-22 21:40:00,2026-01-22 23:01:00,4936.027,4945.4941055555555,TP,9.307105555555534,19,0.44544570237555314,ml_v6,2026-01
287306,long,2026-01-22 23:25:00,2026-01-22 23:30:00,2026-01-22 23:31:00,4940.304,4934.397444444445,SL,-6.06655555555553,1,0.4436662723607377,ml_v6,2026-01
287308,long,2026-01-22 23:35:00,2026-01-22 23:40:00,2026-01-22 23:45:00,4935.121,4944.601294444445,TP,9.320294444444407,5,0.45342971771816803,ml_v6,2026-01
287391,long,2026-01-23 06:30:00,2026-01-23 06:35:00,2026-01-23 07:43:00,4953.836,4948.273322916667,SL,-5.7226770833333225,68,0.4311621016283934,ml_v6,2026-01
287407,long,2026-01-23 07:50:00,2026-01-23 07:55:00,2026-01-23 07:59:00,4950.477,4944.932708333333,SL,-5.704291666666652,4,0.4313894704506702,ml_v6,2026-01
287409,long,2026-01-23 08:00:00,2026-01-23 08:05:00,2026-01-23 08:12:00,4946.365,4940.818059027778,SL,-5.706940972222207,7,0.43392613216493353,ml_v6,2026-01
287412,short,2026-01-23 08:15:00,2026-01-23 08:20:00,2026-01-23 08:22:00,4939.052,4930.160794444444,TP,8.731205555555533,2,0.38304259075953806,ml_v6,2026-01
287420,short,2026-01-23 08:55:00,2026-01-23 09:00:00,2026-01-23 09:28:00,4913.849,4904.663288888889,TP,9.025711111111086,28,0.3829448878198192,ml_v6,2026-01
287436,short,2026-01-23 10:15:00,2026-01-23 10:20:00,2026-01-23 10:26:00,4925.066,4930.930444444444,SL,-6.024444444444429,6,0.38436263374531043,ml_v6,2026-01
287439,short,2026-01-23 10:30:00,2026-01-23 10:35:00,2026-01-23 11:04:00,4927.003,4917.655155555555,TP,9.18784444444442,29,0.3844146285971035,ml_v6,2026-01
287451,short,2026-01-23 11:30:00,2026-01-23 11:35:00,2026-01-23 12:02:00,4923.795,4929.66196875,SL,-6.02696874999999,27,0.38298782992071456,ml_v6,2026-01
287458,short,2026-01-23 12:05:00,2026-01-23 12:10:00,2026-01-23 12:50:00,4933.77,4939.694309027778,SL,-6.084309027777771,40,0.385384591422101,ml_v6,2026-01
287472,short,2026-01-23 13:15:00,2026-01-23 13:20:00,2026-01-23 13:23:00,4936.966,4927.392866666667,TP,9.413133333333322,3,0.38242726226808643,ml_v6,2026-01
287479,short,2026-01-23 13:50:00,2026-01-23 13:55:00,2026-01-23 14:10:00,4940.181,4946.312586805555,SL,-6.291586805555555,15,0.3830304612732134,ml_v6,2026-01
287486,short,2026-01-23 14:25:00,2026-01-23 14:30:00,2026-01-23 14:36:00,4939.895,4945.990694444445,SL,-6.255694444444437,6,0.3844996667089193,ml_v6,2026-01
287521,long,2026-01-23 17:20:00,2026-01-23 17:25:00,2026-01-23 17:54:00,4983.708,4977.642034722222,SL,-6.225965277777767,29,0.4305720596520491,ml_v6,2026-01
287567,long,2026-01-23 21:10:00,2026-01-23 21:15:00,2026-01-25 23:01:00,4981.358,4990.995755555556,TP,9.477755555555538,43,0.4307813344129873,ml_v6,2026-01
287645,long,2026-01-26 04:40:00,2026-01-26 04:45:00,2026-01-26 04:46:00,5067.026,5060.69296875,SL,-6.49303124999998,1,0.4310140975646022,ml_v6,2026-01
287665,short,2026-01-26 06:20:00,2026-01-26 06:25:00,2026-01-26 06:32:00,5072.821,5079.543284722222,SL,-6.882284722222201,7,0.3851483906120361,ml_v6,2026-01
287668,short,2026-01-26 06:35:00,2026-01-26 06:40:00,2026-01-26 06:44:00,5084.182,5090.932607638889,SL,-6.910607638888868,4,0.38560624369087826,ml_v6,2026-01
287695,long,2026-01-26 08:50:00,2026-01-26 08:55:00,2026-01-26 09:16:00,5082.922,5093.996783333333,TP,10.914783333333315,21,0.4338425481008406,ml_v6,2026-01
287701,long,2026-01-26 09:20:00,2026-01-26 09:25:00,2026-01-26 09:49:00,5090.259,5083.392975694444,SL,-7.02602430555554,24,0.43568642869910557,ml_v6,2026-01
287707,long,2026-01-26 09:50:00,2026-01-26 09:55:00,2026-01-26 10:14:00,5079.184,5090.027283333334,TP,10.683283333333314,19,0.4622859066949669,ml_v6,2026-01
287712,long,2026-01-26 10:15:00,2026-01-26 10:20:00,2026-01-26 11:18:00,5089.542,5082.760052083334,SL,-6.941947916666651,58,0.45271535360353504,ml_v6,2026-01
287859,short,2026-01-26 23:30:00,2026-01-26 23:35:00,2026-01-26 23:39:00,5043.817,5052.516649305556,SL,-8.859649305555548,4,0.38452718620433474,ml_v6,2026-01
287861,short,2026-01-26 23:40:00,2026-01-26 23:45:00,2026-01-27 00:00:00,5056.686,5042.7017166666665,TP,13.824283333333327,15,0.3829393929733243,ml_v6,2026-01
287868,short,2026-01-27 00:15:00,2026-01-27 00:20:00,2026-01-27 00:41:00,5051.537,5037.760744444445,TP,13.616255555555565,21,0.3825440502656903,ml_v6,2026-01
287874,short,2026-01-27 00:45:00,2026-01-27 00:50:00,2026-01-27 00:57:00,5023.507,5032.076451388889,SL,-8.7294513888889,7,0.382827886028862,ml_v6,2026-01
287877,short,2026-01-27 01:00:00,2026-01-27 01:05:00,2026-01-27 01:06:00,5034.193,5042.832600694444,SL,-8.799600694444454,1,0.38276837322787705,ml_v6,2026-01
287891,short,2026-01-27 02:10:00,2026-01-27 02:15:00,2026-01-27 02:32:00,5064.057,5072.844621527777,SL,-8.947621527777784,17,0.3841091211871779,ml_v6,2026-01
287946,short,2026-01-27 06:45:00,2026-01-27 06:50:00,2026-01-27 07:38:00,5089.467,5097.887333333333,SL,-8.58033333333334,48,0.3833007654592619,ml_v6,2026-01
287960,short,2026-01-27 07:55:00,2026-01-27 08:00:00,2026-01-27 09:52:00,5086.063,5094.374118055555,SL,-8.47111805555556,112,0.38488747496253717,ml_v6,2026-01
288022,short,2026-01-27 13:05:00,2026-01-27 13:10:00,2026-01-27 13:14:00,5083.316,5091.640482638889,SL,-8.484482638888892,4,0.3830599132232692,ml_v6,2026-01
288024,short,2026-01-27 13:15:00,2026-01-27 13:20:00,2026-01-27 13:34:00,5088.81,5075.423744444445,TP,13.226255555555559,14,0.38314401749055504,ml_v6,2026-01
288028,short,2026-01-27 13:35:00,2026-01-27 13:40:00,2026-01-27 14:05:00,5079.312,5065.892766666667,TP,13.259233333333347,25,0.387854565431438,ml_v6,2026-01
288037,short,2026-01-27 14:20:00,2026-01-27 14:25:00,2026-01-27 14:30:00,5059.938,5068.426055555556,SL,-8.648055555555569,5,0.38336825780758954,ml_v6,2026-01
288052,short,2026-01-27 15:35:00,2026-01-27 15:40:00,2026-01-27 16:07:00,5083.244,5091.957152777777,SL,-8.87315277777779,27,0.38321087180086333,ml_v6,2026-01
288060,short,2026-01-27 16:15:00,2026-01-27 16:20:00,2026-01-27 16:43:00,5100.051,5086.186750000001,TP,13.704250000000025,23,0.3840441144378885,ml_v6,2026-01
288068,short,2026-01-27 16:55:00,2026-01-27 17:00:00,2026-01-27 19:55:00,5087.454,5096.0475625,SL,-8.753562500000015,175,0.3840386909763288,ml_v6,2026-01
288111,long,2026-01-27 20:30:00,2026-01-27 20:35:00,2026-01-27 20:46:00,5143.313,5155.983377777778,TP,12.510377777777782,11,0.43391696917429345,ml_v6,2026-01
288129,long,2026-01-27 23:10:00,2026-01-27 23:15:00,2026-01-27 23:23:00,5170.937,5163.070350694445,SL,-8.026649305555546,8,0.43134398227300214,ml_v6,2026-01
288132,long,2026-01-27 23:25:00,2026-01-27 23:30:00,2026-01-28 00:01:00,5170.319,5162.508729166667,SL,-7.970270833333324,31,0.4343261248242458,ml_v6,2026-01
288140,long,2026-01-28 00:05:00,2026-01-28 00:10:00,2026-01-28 00:55:00,5167.32,5179.540044444444,TP,12.060044444444431,45,0.4449887723563901,ml_v6,2026-01
288167,short,2026-01-28 02:20:00,2026-01-28 02:25:00,2026-01-28 02:32:00,5215.986,5223.623416666666,SL,-7.7974166666666545,7,0.3825507103351798,ml_v6,2026-01
288172,short,2026-01-28 02:45:00,2026-01-28 02:50:00,2026-01-28 03:03:00,5228.115,5235.731909722222,SL,-7.77690972222221,13,0.38255224515478276,ml_v6,2026-01
288176,short,2026-01-28 03:05:00,2026-01-28 03:10:00,2026-01-28 03:37:00,5244.914,5232.700333333333,TP,12.053666666666652,27,0.383207046881124,ml_v6,2026-01
288194,long,2026-01-28 04:35:00,2026-01-28 04:40:00,2026-01-28 05:07:00,5239.357,5251.412122222222,TP,11.895122222222216,27,0.4320427054315076,ml_v6,2026-01
288206,short,2026-01-28 05:35:00,2026-01-28 05:40:00,2026-01-28 06:51:00,5259.546,5267.156652777778,SL,-7.770652777777769,71,0.3847130563178328,ml_v6,2026-01
288222,short,2026-01-28 06:55:00,2026-01-28 07:00:00,2026-01-28 07:17:00,5269.896,5277.541833333333,SL,-7.805833333333324,17,0.3923388596692351,ml_v6,2026-01
288227,short,2026-01-28 07:20:00,2026-01-28 07:25:00,2026-01-28 07:49:00,5278.735,5286.4066041666665,SL,-7.831604166666659,24,0.38609163724568163,ml_v6,2026-01
288233,short,2026-01-28 07:50:00,2026-01-28 07:55:00,2026-01-28 08:05:00,5290.259,5297.979131944445,SL,-7.880131944444442,10,0.38747212552216326,ml_v6,2026-01
288237,short,2026-01-28 08:10:00,2026-01-28 08:15:00,2026-01-28 08:27:00,5293.316,5301.047149305556,SL,-7.891149305555558,12,0.3867887880721358,ml_v6,2026-01
288241,short,2026-01-28 08:30:00,2026-01-28 08:35:00,2026-01-28 08:43:00,5305.468,5293.093088888889,TP,12.214911111111109,8,0.3867887880721358,ml_v6,2026-01
288244,short,2026-01-28 08:45:00,2026-01-28 08:50:00,2026-01-28 08:54:00,5284.523,5292.269583333334,SL,-7.9065833333333355,4,0.38313305639412676,ml_v6,2026-01
288248,short,2026-01-28 09:05:00,2026-01-28 09:10:00,2026-01-28 09:14:00,5293.979,5281.553838888889,TP,12.265161111111123,4,0.3837481465258864,ml_v6,2026-01
288250,short,2026-01-28 09:15:00,2026-01-28 09:20:00,2026-01-28 09:44:00,5277.836,5265.337500000001,TP,12.33850000000002,24,0.38364804052498613,ml_v6,2026-01
288291,long,2026-01-28 12:40:00,2026-01-28 12:45:00,2026-01-28 13:02:00,5269.579,5282.759316666667,TP,13.020316666666693,17,0.43052835855585625,ml_v6,2026-01
288316,long,2026-01-28 14:45:00,2026-01-28 14:50:00,2026-01-28 15:00:00,5277.489,5291.1244,TP,13.475400000000016,10,0.4310148597952448,ml_v6,2026-01
288383,long,2026-01-28 20:20:00,2026-01-28 20:25:00,2026-01-28 20:27:00,5338.274,5353.560555555556,TP,15.126555555555566,2,0.43423007025268867,ml_v6,2026-01
288472,short,2026-01-29 04:45:00,2026-01-29 04:50:00,2026-01-29 05:21:00,5559.468,5539.241727777778,TP,20.066272222222235,31,0.3825406478916635,ml_v6,2026-01
288486,short,2026-01-29 05:55:00,2026-01-29 06:00:00,2026-01-29 06:02:00,5562.647,5575.6448715277775,SL,-13.157871527777786,2,0.3862422131209611,ml_v6,2026-01
288489,short,2026-01-29 06:10:00,2026-01-29 06:15:00,2026-01-29 06:47:00,5584.072,5563.1704500000005,TP,20.741550000000014,32,0.3829668484835862,ml_v6,2026-01
288497,short,2026-01-29 06:50:00,2026-01-29 06:55:00,2026-01-29 07:27:00,5570.54,5549.429316666667,TP,20.950683333333348,32,0.383063691130185,ml_v6,2026-01
288513,long,2026-01-29 08:10:00,2026-01-29 08:15:00,2026-01-29 08:19:00,5537.735,5524.195920138888,SL,-13.699079861111121,4,0.4323395210694345,ml_v6,2026-01
288520,long,2026-01-29 08:45:00,2026-01-29 08:50:00,2026-01-29 09:42:00,5506.24,5528.4075555555555,TP,22.007555555555566,52,0.43085588697598853,ml_v6,2026-01
288658,long,2026-01-29 20:15:00,2026-01-29 20:20:00,2026-01-29 20:38:00,5310.312,5343.087705555556,TP,32.61570555555556,18,0.4384908580059988,ml_v6,2026-01
288663,long,2026-01-29 20:40:00,2026-01-29 20:45:00,2026-01-29 20:51:00,5354.596,5387.4576777777775,TP,32.701677777777796,6,0.4617628581475022,ml_v6,2026-01
288667,long,2026-01-29 21:00:00,2026-01-29 21:05:00,2026-01-29 21:56:00,5399.402,5378.77790625,SL,-20.784093750000004,51,0.43814236572067733,ml_v6,2026-01
288682,long,2026-01-29 23:15:00,2026-01-29 23:20:00,2026-01-29 23:41:00,5400.161,5433.673261111111,TP,33.35226111111111,21,0.439641276505372,ml_v6,2026-01
288688,long,2026-01-29 23:45:00,2026-01-29 23:50:00,2026-01-30 00:29:00,5443.187,5422.101954861111,SL,-21.24504513888889,39,0.43871614578257134,ml_v6,2026-01
288705,short,2026-01-30 01:10:00,2026-01-30 01:15:00,2026-01-30 01:16:00,5310.001,5330.502645833333,SL,-20.661645833333342,1,0.38252938561904437,ml_v6,2026-01
288710,short,2026-01-30 01:35:00,2026-01-30 01:40:00,2026-01-30 01:48:00,5355.514,5322.647622222223,TP,32.7063777777778,8,0.3831411080883742,ml_v6,2026-01
288714,short,2026-01-30 01:55:00,2026-01-30 02:00:00,2026-01-30 02:10:00,5301.612,5268.5815555555555,TP,32.87044444444445,10,0.38633010586544436,ml_v6,2026-01
288718,short,2026-01-30 02:15:00,2026-01-30 02:20:00,2026-01-30 02:23:00,5146.225,5112.791261111111,TP,33.27373888888889,3,0.3962137572298493,ml_v6,2026-01
288720,short,2026-01-30 02:25:00,2026-01-30 02:30:00,2026-01-30 02:36:00,5171.983,5193.147065972223,SL,-21.324065972222225,6,0.3865629567549641,ml_v6,2026-01
288723,short,2026-01-30 02:40:00,2026-01-30 02:45:00,2026-01-30 02:48:00,5216.51,5237.9574375,SL,-21.607437500000007,3,0.3836713715241368,ml_v6,2026-01
288725,short,2026-01-30 02:50:00,2026-01-30 02:55:00,2026-01-30 03:06:00,5217.894,5183.4309,TP,34.303100000000015,11,0.38445329505662273,ml_v6,2026-01
288729,short,2026-01-30 03:10:00,2026-01-30 03:15:00,2026-01-30 03:25:00,5181.696,5203.322479166666,SL,-21.78647916666667,10,0.38376906353692364,ml_v6,2026-01
288734,short,2026-01-30 03:35:00,2026-01-30 03:40:00,2026-01-30 03:56:00,5171.796,5193.638857638889,SL,-22.00285763888889,16,0.3844160570547993,ml_v6,2026-01
288740,short,2026-01-30 04:05:00,2026-01-30 04:10:00,2026-01-30 05:16:00,5208.916,5230.8570173611115,SL,-22.101017361111115,66,0.3838112338231022,ml_v6,2026-01
288768,short,2026-01-30 06:25:00,2026-01-30 06:30:00,2026-01-30 07:11:00,5157.177,5179.810222222222,SL,-22.79322222222224,41,0.38860959471261003,ml_v6,2026-01
288781,short,2026-01-30 07:30:00,2026-01-30 07:35:00,2026-01-30 07:57:00,5151.387,5174.4451874999995,SL,-23.218187500000013,22,0.3909949344110734,ml_v6,2026-01
288788,short,2026-01-30 08:05:00,2026-01-30 08:10:00,2026-01-30 08:33:00,5147.428,5110.055083333334,TP,37.21291666666669,23,0.3910675626707322,ml_v6,2026-01
288794,short,2026-01-30 08:35:00,2026-01-30 08:40:00,2026-01-30 08:48:00,5092.252,5116.082083333334,SL,-23.99008333333335,8,0.39500620779516765,ml_v6,2026-01
288797,short,2026-01-30 08:50:00,2026-01-30 08:55:00,2026-01-30 09:08:00,5110.195,5071.710727777778,TP,38.32427222222225,13,0.39312039134028026,ml_v6,2026-01
288801,short,2026-01-30 09:10:00,2026-01-30 09:15:00,2026-01-30 09:17:00,5028.111,5052.487416666667,SL,-24.53641666666668,2,0.39389236089708873,ml_v6,2026-01
288803,short,2026-01-30 09:20:00,2026-01-30 09:25:00,2026-01-30 09:33:00,5043.685,5068.217597222223,SL,-24.692597222222233,8,0.3939159643364198,ml_v6,2026-01
288806,short,2026-01-30 09:35:00,2026-01-30 09:40:00,2026-01-30 09:44:00,5031.53,4991.898122222222,TP,39.47187777777779,4,0.3937795516108721,ml_v6,2026-01
288808,short,2026-01-30 09:45:00,2026-01-30 09:50:00,2026-01-30 09:51:00,4982.041,4942.2113944444445,TP,39.66960555555558,1,0.39302512072078877,ml_v6,2026-01
288810,short,2026-01-30 09:55:00,2026-01-30 10:00:00,2026-01-30 10:02:00,5013.49,5038.66846875,SL,-25.338468750000008,2,0.3886822815989702,ml_v6,2026-01
288812,short,2026-01-30 10:05:00,2026-01-30 10:10:00,2026-01-30 10:15:00,5019.332,5044.679461805556,SL,-25.50746180555556,5,0.39101004074761514,ml_v6,2026-01
288851,short,2026-01-30 13:20:00,2026-01-30 13:25:00,2026-01-30 14:01:00,5026.33,5053.632430555555,SL,-27.462430555555578,36,0.3888283586600969,ml_v6,2026-01
288868,long,2026-01-30 14:45:00,2026-01-30 14:50:00,2026-01-30 14:54:00,5089.298,5060.959711805555,SL,-28.498288194444473,4,0.4363971954449317,ml_v6,2026-01
288871,short,2026-01-30 15:00:00,2026-01-30 15:05:00,2026-01-30 15:07:00,4985.519,5014.24175,SL,-28.882750000000033,2,0.3912243295808267,ml_v6,2026-01
288887,short,2026-01-30 16:20:00,2026-01-30 16:25:00,2026-01-30 16:52:00,4992.623,4947.811872222222,TP,44.65112777777783,27,0.38591340671972746,ml_v6,2026-01
288894,short,2026-01-30 16:55:00,2026-01-30 17:00:00,2026-01-30 17:07:00,4985.286,4943.158955555556,TP,41.9670444444445,7,0.3884120781321954,ml_v6,2026-01
288897,short,2026-01-30 17:10:00,2026-01-30 17:15:00,2026-01-30 17:42:00,4914.874,4872.846816666666,TP,41.86718333333339,27,0.3880173299852109,ml_v6,2026-01
288904,short,2026-01-30 17:45:00,2026-01-30 17:50:00,2026-01-30 17:54:00,4857.274,4815.126461111111,TP,41.987538888888935,4,0.386401984507153,ml_v6,2026-01
288906,short,2026-01-30 17:55:00,2026-01-30 18:00:00,2026-01-30 18:03:00,4849.885,4876.379322916667,SL,-26.654322916666693,3,0.3878699724021649,ml_v6,2026-01
288908,short,2026-01-30 18:05:00,2026-01-30 18:10:00,2026-01-30 18:18:00,4813.125,4770.3461777777775,TP,42.61882222222227,8,0.38911594040794373,ml_v6,2026-01
288911,short,2026-01-30 18:20:00,2026-01-30 18:25:00,2026-01-30 18:26:00,4717.394,4744.464694444445,SL,-27.23069444444447,1,0.38669241555137635,ml_v6,2026-01
288913,short,2026-01-30 18:30:00,2026-01-30 18:35:00,2026-01-30 18:38:00,4751.962,4708.370244444445,TP,43.431755555555604,3,0.3856929473812568,ml_v6,2026-01
288915,short,2026-01-30 18:40:00,2026-01-30 18:45:00,2026-01-30 18:46:00,4780.372,4808.04821875,SL,-27.83621875000003,1,0.38242400469712345,ml_v6,2026-01
288927,long,2026-01-30 19:40:00,2026-01-30 19:45:00,2026-01-30 20:01:00,4926.427,4898.128704861111,SL,-28.45829513888891,16,0.4358950332270655,ml_v6,2026-01
288932,long,2026-01-30 20:05:00,2026-01-30 20:10:00,2026-01-30 20:32:00,4900.278,4871.741052083334,SL,-28.69694791666669,22,0.43204307480374216,ml_v6,2026-01
288941,long,2026-01-30 20:50:00,2026-01-30 20:55:00,2026-01-30 20:56:00,4838.086,4809.354815972222,SL,-28.891184027777797,1,0.4624056303069668,ml_v6,2026-01
288943,long,2026-01-30 21:00:00,2026-01-30 21:05:00,2026-02-01 23:01:00,4859.165,4830.295048611111,SL,-29.029951388888907,53,0.4720776770534231,ml_v6,2026-01
288966,long,2026-02-02 00:00:00,2026-02-02 00:05:00,2026-02-02 00:11:00,4784.919,4833.328016666666,TP,48.08901666666669,6,0.42891433451429517,ml_v6,2026-02
288969,long,2026-02-02 00:15:00,2026-02-02 00:20:00,2026-02-02 00:25:00,4865.603,4835.320392361111,SL,-30.442607638888905,5,0.4328719121636023,ml_v6,2026-02
288972,long,2026-02-02 00:30:00,2026-02-02 00:35:00,2026-02-02 00:47:00,4819.668,4789.2941527777775,SL,-30.533847222222235,12,0.4397096527041068,ml_v6,2026-02
288976,long,2026-02-02 00:50:00,2026-02-02 00:55:00,2026-02-02 00:56:00,4791.511,4760.899684027778,SL,-30.77131597222224,1,0.44137600936286775,ml_v6,2026-02
288988,long,2026-02-02 01:50:00,2026-02-02 01:55:00,2026-02-02 02:10:00,4736.093,4703.957697916667,SL,-32.29530208333335,15,0.4371239630162033,ml_v6,2026-02
288993,long,2026-02-02 02:15:00,2026-02-02 02:20:00,2026-02-02 02:58:00,4734.78,4702.736583333333,SL,-32.203416666666676,38,0.44981458165042726,ml_v6,2026-02
289002,long,2026-02-02 03:00:00,2026-02-02 03:05:00,2026-02-02 03:15:00,4706.647,4674.5630972222225,SL,-32.243902777777784,10,0.4409261284052643,ml_v6,2026-02
289006,long,2026-02-02 03:20:00,2026-02-02 03:25:00,2026-02-02 03:32:00,4715.736,4683.987336805555,SL,-31.90866319444445,7,0.4348244900626045,ml_v6,2026-02
289009,short,2026-02-02 03:35:00,2026-02-02 03:40:00,2026-02-02 03:49:00,4654.47,4685.963256944445,SL,-31.653256944444447,9,0.4092477276178681,ml_v6,2026-02
289012,short,2026-02-02 03:50:00,2026-02-02 03:55:00,2026-02-02 04:03:00,4658.566,4608.276511111111,TP,50.12948888888889,8,0.4123077426515873,ml_v6,2026-02
289015,short,2026-02-02 04:05:00,2026-02-02 04:10:00,2026-02-02 04:19:00,4655.207,4686.776513888889,SL,-31.729513888888892,9,0.4075128957105361,ml_v6,2026-02
289018,short,2026-02-02 04:20:00,2026-02-02 04:25:00,2026-02-02 04:47:00,4680.979,4712.592378472223,SL,-31.77337847222223,22,0.40852754177881645,ml_v6,2026-02
289025,short,2026-02-02 04:55:00,2026-02-02 05:00:00,2026-02-02 05:31:00,4679.67,4629.142366666667,TP,50.36763333333335,31,0.40632178928143475,ml_v6,2026-02
289033,short,2026-02-02 05:35:00,2026-02-02 05:40:00,2026-02-02 05:45:00,4623.141,4572.297522222222,TP,50.68347777777779,5,0.41855007012990125,ml_v6,2026-02
289036,short,2026-02-02 05:50:00,2026-02-02 05:55:00,2026-02-02 06:00:00,4538.443,4570.669288194445,SL,-32.38628819444445,5,0.41130706961952834,ml_v6,2026-02
289039,short,2026-02-02 06:05:00,2026-02-02 06:10:00,2026-02-02 06:21:00,4551.831,4499.8029166666665,TP,51.868083333333345,11,0.4149245624951241,ml_v6,2026-02
289043,short,2026-02-02 06:25:00,2026-02-02 06:30:00,2026-02-02 06:37:00,4486.672,4433.752894444444,TP,52.75910555555557,7,0.4045307661502682,ml_v6,2026-02
289046,short,2026-02-02 06:40:00,2026-02-02 06:45:00,2026-02-02 06:55:00,4452.944,4486.380055555556,SL,-33.59605555555556,10,0.40419938170599856,ml_v6,2026-02
289058,long,2026-02-02 07:40:00,2026-02-02 07:45:00,2026-02-02 08:20:00,4582.996,4637.370855555556,TP,54.214855555555594,35,0.43303176116169506,ml_v6,2026-02
289067,long,2026-02-02 08:25:00,2026-02-02 08:30:00,2026-02-02 08:38:00,4646.374,4612.061,SL,-34.47300000000001,8,0.4376293654364448,ml_v6,2026-02
289070,long,2026-02-02 08:40:00,2026-02-02 08:45:00,2026-02-02 09:03:00,4641.527,4607.192649305555,SL,-34.494350694444464,18,0.43328473843925325,ml_v6,2026-02
289075,long,2026-02-02 09:05:00,2026-02-02 09:10:00,2026-02-02 09:28:00,4633.856,4688.86475,TP,54.848750000000024,18,0.4360026824123785,ml_v6,2026-02
289087,long,2026-02-02 10:05:00,2026-02-02 10:10:00,2026-02-02 10:26:00,4713.946,4679.748163194445,SL,-34.35783680555557,16,0.4299672650940344,ml_v6,2026-02
289092,long,2026-02-02 10:30:00,2026-02-02 10:35:00,2026-02-02 11:13:00,4685.245,4739.339222222222,TP,53.93422222222226,38,0.4270128416664526,ml_v6,2026-02
289169,long,2026-02-02 16:55:00,2026-02-02 17:00:00,2026-02-02 18:16:00,4665.838,4632.177024305555,SL,-33.820975694444456,76,0.44385933597690463,ml_v6,2026-02
289274,short,2026-02-03 02:40:00,2026-02-03 02:45:00,2026-02-03 02:59:00,4755.265,4782.55898263889,SL,-27.53398263888891,14,0.40927800991450347,ml_v6,2026-02
289281,short,2026-02-03 03:15:00,2026-02-03 03:20:00,2026-02-03 03:38:00,4770.214,4797.231076388889,SL,-27.177076388888906,18,0.40428894984879427,ml_v6,2026-02
289287,short,2026-02-03 03:45:00,2026-02-03 03:50:00,2026-02-03 04:05:00,4795.289,4822.107263888889,SL,-26.978263888888915,15,0.4031471129635591,ml_v6,2026-02
289498,long,2026-02-03 21:20:00,2026-02-03 21:25:00,2026-02-03 21:40:00,4952.09,4936.016947916667,SL,-16.313052083333346,15,0.42800731036973705,ml_v6,2026-02
289506,long,2026-02-03 23:00:00,2026-02-03 23:05:00,2026-02-03 23:07:00,4957.546,4941.770684027778,SL,-16.07531597222223,2,0.42672917816949596,ml_v6,2026-02
289513,long,2026-02-03 23:35:00,2026-02-03 23:40:00,2026-02-04 00:09:00,4942.392,4967.879666666667,TP,25.247666666666692,29,0.4285697782320411,ml_v6,2026-02
289520,long,2026-02-04 00:10:00,2026-02-04 00:15:00,2026-02-04 00:32:00,4986.883,4971.150052083333,SL,-15.972947916666685,17,0.42863253527885636,ml_v6,2026-02
289532,long,2026-02-04 01:10:00,2026-02-04 01:15:00,2026-02-04 01:21:00,5050.91,5035.430190972222,SL,-15.719809027777798,6,0.4280265818003958,ml_v6,2026-02
289535,long,2026-02-04 01:25:00,2026-02-04 01:30:00,2026-02-04 01:37:00,5037.405,5021.963138888888,SL,-15.68186111111113,7,0.4304813990954703,ml_v6,2026-02
289748,short,2026-02-04 19:10:00,2026-02-04 19:15:00,2026-02-04 19:22:00,4946.795,4923.613666666667,TP,23.021333333333317,7,0.4024239384828574,ml_v6,2026-02
289899,long,2026-02-05 08:45:00,2026-02-05 08:50:00,2026-02-05 09:01:00,4908.983,4892.595826388889,SL,-16.547173611111113,11,0.43007051227215753,ml_v6,2026-02
289908,long,2026-02-05 09:30:00,2026-02-05 09:35:00,2026-02-05 09:52:00,4883.933,4867.292194444444,SL,-16.80080555555556,17,0.4371856117007229,ml_v6,2026-02
289914,long,2026-02-05 10:00:00,2026-02-05 10:05:00,2026-02-05 11:14:00,4860.626,4887.458188888889,TP,26.672188888888893,69,0.43600948927525507,ml_v6,2026-02
289929,long,2026-02-05 11:15:00,2026-02-05 11:20:00,2026-02-05 12:00:00,4881.194,4864.2983090277785,SL,-17.055690972222223,40,0.4413645225412771,ml_v6,2026-02
289997,short,2026-02-05 16:55:00,2026-02-05 17:00:00,2026-02-05 17:23:00,4888.647,4859.970027777777,TP,28.51697222222227,23,0.40224559645743563,ml_v6,2026-02
290035,long,2026-02-05 20:05:00,2026-02-05 20:10:00,2026-02-05 20:23:00,4834.348,4817.327180555555,SL,-17.180819444444474,13,0.4266532170422003,ml_v6,2026-02
290046,long,2026-02-05 21:00:00,2026-02-05 21:05:00,2026-02-05 21:11:00,4823.415,4806.342204861111,SL,-17.232795138888907,6,0.42655684826497064,ml_v6,2026-02
290050,long,2026-02-05 21:20:00,2026-02-05 21:25:00,2026-02-05 21:34:00,4801.836,4784.791701388889,SL,-17.20429861111113,9,0.4268765109426901,ml_v6,2026-02
290055,long,2026-02-05 21:45:00,2026-02-05 21:50:00,2026-02-05 23:26:00,4770.586,4753.3841041666665,SL,-17.44189583333335,33,0.4321748703576903,ml_v6,2026-02
290092,long,2026-02-06 01:50:00,2026-02-06 01:55:00,2026-02-06 02:20:00,4770.277,4800.279733333334,TP,29.842733333333364,25,0.43367973742608057,ml_v6,2026-02
290113,long,2026-02-06 03:35:00,2026-02-06 03:40:00,2026-02-06 05:25:00,4813.878,4843.461633333333,TP,29.42363333333338,105,0.4282098352767806,ml_v6,2026-02
290411,long,2026-02-09 05:25:00,2026-02-09 05:30:00,2026-02-09 06:22:00,5030.474,5019.349079861111,SL,-11.364920138888829,52,0.4295058565477946,ml_v6,2026-02
290621,short,2026-02-09 23:55:00,2026-02-10 00:00:00,2026-02-10 00:01:00,5031.841,5041.385993055555,SL,-9.784993055555532,1,0.40249103961861266,ml_v6,2026-02
290627,short,2026-02-10 00:25:00,2026-02-10 00:30:00,2026-02-10 00:38:00,5034.126,5019.171755555556,TP,14.714244444444397,8,0.40350798671067634,ml_v6,2026-02
290661,short,2026-02-10 03:15:00,2026-02-10 03:20:00,2026-02-10 03:32:00,5020.051,5028.799513888889,SL,-8.988513888888855,12,0.4027975811972174,ml_v6,2026-02
290666,short,2026-02-10 03:40:00,2026-02-10 03:45:00,2026-02-10 04:51:00,5024.593,5033.311340277777,SL,-8.958340277777738,66,0.40605421790537066,ml_v6,2026-02
290681,short,2026-02-10 04:55:00,2026-02-10 05:00:00,2026-02-10 05:27:00,5031.489,5017.767466666666,TP,13.481533333333278,27,0.40352795549262377,ml_v6,2026-02
290688,short,2026-02-10 05:30:00,2026-02-10 05:35:00,2026-02-10 05:39:00,5021.093,5029.638704861111,SL,-8.785704861111082,4,0.40583785534785244,ml_v6,2026-02
290690,short,2026-02-10 05:40:00,2026-02-10 05:45:00,2026-02-10 06:06:00,5032.682,5041.237645833333,SL,-8.795645833333305,21,0.4075217742617563,ml_v6,2026-02
290696,short,2026-02-10 06:10:00,2026-02-10 06:15:00,2026-02-10 06:52:00,5036.803,5023.151572222222,TP,13.411427777777725,37,0.4052002446375649,ml_v6,2026-02
290705,short,2026-02-10 06:55:00,2026-02-10 07:00:00,2026-02-10 07:12:00,5024.72,5033.249590277778,SL,-8.769590277777743,12,0.4110558615945017,ml_v6,2026-02
290709,short,2026-02-10 07:15:00,2026-02-10 07:20:00,2026-02-10 08:05:00,5030.222,5038.707934027778,SL,-8.725934027777738,45,0.4166715697246202,ml_v6,2026-02
290720,short,2026-02-10 08:10:00,2026-02-10 08:15:00,2026-02-10 08:37:00,5033.126,5041.489861111111,SL,-8.60386111111107,22,0.4053312216291056,ml_v6,2026-02
290744,short,2026-02-10 10:10:00,2026-02-10 10:15:00,2026-02-10 10:25:00,5041.278,5049.517781250001,SL,-8.479781249999949,10,0.41202603353132095,ml_v6,2026-02
290778,short,2026-02-10 13:00:00,2026-02-10 13:05:00,2026-02-10 13:12:00,5030.291,5038.301649305556,SL,-8.250649305555518,7,0.40322060095771234,ml_v6,2026-02
290781,short,2026-02-10 13:15:00,2026-02-10 13:20:00,2026-02-10 13:32:00,5045.428,5053.466309027777,SL,-8.278309027777741,12,0.4046398169137976,ml_v6,2026-02
290800,short,2026-02-10 14:50:00,2026-02-10 14:55:00,2026-02-10 15:30:00,5040.629,5027.560688888889,TP,12.828311111111041,35,0.4032784048692394,ml_v6,2026-02
290817,short,2026-02-10 16:15:00,2026-02-10 16:20:00,2026-02-10 16:47:00,5017.955,5026.265586805555,SL,-8.550586805555513,27,0.4033361389883309,ml_v6,2026-02
290907,short,2026-02-11 00:45:00,2026-02-11 00:50:00,2026-02-11 01:01:00,5036.289,5043.953489583333,SL,-7.904489583333317,11,0.40300658176485127,ml_v6,2026-02
290912,short,2026-02-11 01:10:00,2026-02-11 01:15:00,2026-02-11 01:53:00,5041.431,5049.078281249999,SL,-7.88728124999998,38,0.4038210874793821,ml_v6,2026-02
290922,short,2026-02-11 02:00:00,2026-02-11 02:05:00,2026-02-11 02:43:00,5043.85,5051.341201388889,SL,-7.731201388888868,38,0.4046736903424562,ml_v6,2026-02
290957,short,2026-02-11 04:55:00,2026-02-11 05:00:00,2026-02-11 05:26:00,5046.41,5053.37415625,SL,-7.20415624999999,26,0.40682649484515265,ml_v6,2026-02
290968,short,2026-02-11 05:50:00,2026-02-11 05:55:00,2026-02-11 06:08:00,5047.49,5054.418326388889,SL,-7.168326388888881,13,0.4076179415301844,ml_v6,2026-02
290991,short,2026-02-11 07:45:00,2026-02-11 07:50:00,2026-02-11 08:00:00,5052.168,5059.086472222222,SL,-7.158472222222215,10,0.40324739366462015,ml_v6,2026-02
290995,short,2026-02-11 08:05:00,2026-02-11 08:10:00,2026-02-11 09:35:00,5054.131,5061.007885416667,SL,-7.116885416666657,85,0.40433158781947026,ml_v6,2026-02
291060,short,2026-02-11 13:30:00,2026-02-11 13:35:00,2026-02-11 13:38:00,5049.703,5057.109819444445,SL,-7.646819444444434,3,0.4032641830422578,ml_v6,2026-02
291190,short,2026-02-12 01:20:00,2026-02-12 01:25:00,2026-02-12 01:32:00,5053.651,5061.438062499999,SL,-8.027062499999959,7,0.4043508389685305,ml_v6,2026-02
291215,short,2026-02-12 03:25:00,2026-02-12 03:30:00,2026-02-12 04:58:00,5060.108,5067.819434027778,SL,-7.951434027777737,88,0.40366007823275685,ml_v6,2026-02
291249,short,2026-02-12 06:15:00,2026-02-12 06:20:00,2026-02-12 06:32:00,5065.918,5053.443877777778,TP,12.234122222222156,12,0.4033030845173906,ml_v6,2026-02
291253,short,2026-02-12 06:35:00,2026-02-12 06:40:00,2026-02-12 06:50:00,5052.458,5060.298218749999,SL,-8.08021874999996,10,0.4132754738064398,ml_v6,2026-02
291257,short,2026-02-12 06:55:00,2026-02-12 07:00:00,2026-02-12 08:04:00,5059.778,5067.591086805556,SL,-8.053086805555514,64,0.4180690150075005,ml_v6,2026-02
291272,short,2026-02-12 08:10:00,2026-02-12 08:15:00,2026-02-12 08:32:00,5068.15,5055.736872222222,TP,12.173127777777715,17,0.4092609850830166,ml_v6,2026-02
291277,short,2026-02-12 08:35:00,2026-02-12 08:40:00,2026-02-12 08:54:00,5059.962,5067.681347222223,SL,-7.9593472222221795,14,0.41322900405945273,ml_v6,2026-02
291296,short,2026-02-12 10:10:00,2026-02-12 10:15:00,2026-02-12 12:47:00,5066.016,5053.593911111111,TP,12.182088888888822,152,0.4089013844462184,ml_v6,2026-02
291336,short,2026-02-12 13:30:00,2026-02-12 13:35:00,2026-02-12 13:47:00,5072.52,5079.86471875,SL,-7.58471874999997,12,0.4035375502066478,ml_v6,2026-02
291344,short,2026-02-12 14:10:00,2026-02-12 14:15:00,2026-02-12 14:44:00,5065.416,5053.826688888889,TP,11.349311111111057,29,0.402931345349377,ml_v6,2026-02
291351,short,2026-02-12 14:45:00,2026-02-12 14:50:00,2026-02-12 14:56:00,5054.828,5043.74215,TP,10.845849999999952,6,0.40767710059512874,ml_v6,2026-02
291356,short,2026-02-12 15:10:00,2026-02-12 15:15:00,2026-02-12 15:30:00,5064.852,5071.830159722222,SL,-7.218159722222191,15,0.4138151348579362,ml_v6,2026-02
291361,short,2026-02-12 15:35:00,2026-02-12 15:40:00,2026-02-12 16:06:00,5068.754,5057.8551,TP,10.658899999999953,26,0.40265868215565337,ml_v6,2026-02
291417,long,2026-02-12 20:15:00,2026-02-12 20:20:00,2026-02-12 20:24:00,4937.805,4929.414097222222,SL,-8.550902777777788,4,0.43018046354401696,ml_v6,2026-02
291419,long,2026-02-12 20:25:00,2026-02-12 20:30:00,2026-02-12 20:31:00,4922.754,4914.324111111111,SL,-8.589888888888902,1,0.4348725411807357,ml_v6,2026-02
291427,long,2026-02-12 21:05:00,2026-02-12 21:10:00,2026-02-12 21:32:00,4912.64,4926.312066666667,TP,13.512066666666687,22,0.4369025818065063,ml_v6,2026-02
291433,long,2026-02-12 21:35:00,2026-02-12 21:40:00,2026-02-12 23:00:00,4921.768,4913.183048611111,SL,-8.744951388888905,18,0.4554537228301422,ml_v6,2026-02
291439,long,2026-02-12 23:05:00,2026-02-12 23:10:00,2026-02-12 23:18:00,4907.935,4921.9641,TP,13.529100000000037,8,0.4272965077077209,ml_v6,2026-02
291442,long,2026-02-12 23:20:00,2026-02-12 23:25:00,2026-02-12 23:39:00,4920.352,4911.512163194444,SL,-9.079836805555576,14,0.43372240995514977,ml_v6,2026-02
291446,long,2026-02-12 23:40:00,2026-02-12 23:45:00,2026-02-13 00:06:00,4914.063,4928.293777777778,TP,13.870777777777816,21,0.43256645237553704,ml_v6,2026-02
291453,long,2026-02-13 00:15:00,2026-02-13 00:20:00,2026-02-13 00:50:00,4939.881,4931.021361111111,SL,-9.099638888888911,30,0.42927870487321007,ml_v6,2026-02
291461,long,2026-02-13 00:55:00,2026-02-13 01:00:00,2026-02-13 01:01:00,4928.165,4942.461511111112,TP,14.056511111111165,1,0.43232860004056084,ml_v6,2026-02
291468,long,2026-02-13 01:30:00,2026-02-13 01:35:00,2026-02-13 01:49:00,4973.167,4987.584127777778,TP,14.177127777777843,14,0.4271840635453521,ml_v6,2026-02
291511,long,2026-02-13 05:05:00,2026-02-13 05:10:00,2026-02-13 05:19:00,4977.718,4968.610743055556,SL,-9.347256944444487,9,0.4276360315502753,ml_v6,2026-02
291569,long,2026-02-13 09:55:00,2026-02-13 10:00:00,2026-02-13 10:48:00,4970.367,4960.590468750001,SL,-10.016531250000059,48,0.42724345228456656,ml_v6,2026-02
291711,long,2026-02-13 21:45:00,2026-02-13 21:50:00,2026-02-15 23:01:00,5042.481,5033.759496527778,SL,-8.961503472222237,8,0.4302582090801723,ml_v6,2026-02
291715,short,2026-02-15 23:05:00,2026-02-15 23:10:00,2026-02-15 23:15:00,5019.542,5028.280125,SL,-9.288125000000013,5,0.4115461174900765,ml_v6,2026-02
291718,short,2026-02-15 23:20:00,2026-02-15 23:25:00,2026-02-16 00:03:00,5026.078,5012.074772222222,TP,13.643227777777795,38,0.40592544020395277,ml_v6,2026-02
291759,short,2026-02-16 02:45:00,2026-02-16 02:50:00,2026-02-16 03:49:00,4998.908,4985.9188722222225,TP,12.74912777777779,59,0.4059257092159643,ml_v6,2026-02
291772,short,2026-02-16 03:50:00,2026-02-16 03:55:00,2026-02-16 04:08:00,4991.144,4978.280088888889,TP,12.623911111111143,13,0.41127654379574385,ml_v6,2026-02
291776,short,2026-02-16 04:10:00,2026-02-16 04:15:00,2026-02-16 05:12:00,4976.774,4984.8336875,SL,-8.299687500000015,57,0.415752694232025,ml_v6,2026-02
291789,short,2026-02-16 05:15:00,2026-02-16 05:20:00,2026-02-16 06:29:00,4986.628,4994.6419305555555,SL,-8.253930555555577,69,0.40887387762675864,ml_v6,2026-02
291882,short,2026-02-16 13:00:00,2026-02-16 13:05:00,2026-02-16 13:47:00,5002.694,4991.947961111112,TP,10.506038888888932,42,0.403139554652465,ml_v6,2026-02
291945,long,2026-02-16 18:15:00,2026-02-16 18:20:00,2026-02-16 23:12:00,4992.742,4987.473440972222,SL,-5.508559027777804,81,0.4375367400824341,ml_v6,2026-02
291964,long,2026-02-16 23:20:00,2026-02-16 23:25:00,2026-02-16 23:32:00,4997.333,4992.212083333333,SL,-5.360916666666691,7,0.429317604515783,ml_v6,2026-02
291967,long,2026-02-16 23:35:00,2026-02-16 23:40:00,2026-02-17 00:04:00,4990.103,4985.008236111111,SL,-5.334763888888912,24,0.4469977426178381,ml_v6,2026-02
292006,long,2026-02-17 02:50:00,2026-02-17 02:55:00,2026-02-17 03:15:00,4963.426,4958.28290625,SL,-5.3030937500000235,20,0.43138667343634174,ml_v6,2026-02
292028,long,2026-02-17 04:40:00,2026-02-17 04:45:00,2026-02-17 05:06:00,4952.427,4947.45425,SL,-5.212750000000016,21,0.43211401401537464,ml_v6,2026-02
292113,long,2026-02-17 11:45:00,2026-02-17 11:50:00,2026-02-17 11:56:00,4929.245,4923.566972222222,SL,-5.918027777777796,6,0.42811266433418804,ml_v6,2026-02
292207,long,2026-02-17 19:35:00,2026-02-17 19:40:00,2026-02-17 20:02:00,4885.217,4877.4467256944445,SL,-7.9302743055555585,22,0.42685936724293816,ml_v6,2026-02
292215,long,2026-02-17 20:15:00,2026-02-17 20:20:00,2026-02-17 23:02:00,4876.765,4868.986524305556,SL,-7.938475694444448,98,0.43120816682923424,ml_v6,2026-02
292237,long,2026-02-17 23:05:00,2026-02-17 23:10:00,2026-02-17 23:11:00,4874.813,4866.831180555556,SL,-8.341819444444445,1,0.44236112710308284,ml_v6,2026-02
292240,long,2026-02-17 23:20:00,2026-02-17 23:25:00,2026-02-17 23:49:00,4872.532,4864.424211805555,SL,-8.467788194444445,24,0.42780564641508023,ml_v6,2026-02
292249,long,2026-02-18 00:05:00,2026-02-18 00:10:00,2026-02-18 00:36:00,4866.463,4879.772505555556,TP,13.149505555555567,26,0.4341020626247992,ml_v6,2026-02
292264,long,2026-02-18 01:20:00,2026-02-18 01:25:00,2026-02-18 02:05:00,4884.083,4897.507549999999,TP,13.26455000000002,40,0.4295280831701681,ml_v6,2026-02
292283,long,2026-02-18 02:55:00,2026-02-18 03:00:00,2026-02-18 03:21:00,4905.112,4918.1682222222225,TP,12.896222222222232,21,0.4275373307644638,ml_v6,2026-02
292393,short,2026-02-18 12:05:00,2026-02-18 12:10:00,2026-02-18 12:42:00,4923.826,4930.914274305555,SL,-7.2482743055555545,32,0.40580821662073446,ml_v6,2026-02
292721,short,2026-02-19 16:25:00,2026-02-19 16:30:00,2026-02-19 16:36:00,4998.398,5003.638201388889,SL,-5.480201388888879,6,0.4105172416145986,ml_v6,2026-02
292727,short,2026-02-19 16:55:00,2026-02-19 17:00:00,2026-02-19 17:22:00,4995.193,5000.494642361111,SL,-5.5416423611111005,22,0.4110492015192293,ml_v6,2026-02
292733,short,2026-02-19 17:25:00,2026-02-19 17:30:00,2026-02-19 17:57:00,4993.865,4985.35355,TP,8.271450000000003,27,0.4062396422664766,ml_v6,2026-02
292837,short,2026-02-20 03:05:00,2026-02-20 03:10:00,2026-02-20 03:37:00,4993.572,4998.855538194444,SL,-5.523538194444469,27,0.402638569898175,ml_v6,2026-02
292846,short,2026-02-20 03:50:00,2026-02-20 03:55:00,2026-02-20 04:40:00,4992.573,4997.918489583334,SL,-5.585489583333353,45,0.40290421382161185,ml_v6,2026-02
292857,short,2026-02-20 04:45:00,2026-02-20 04:50:00,2026-02-20 05:01:00,4997.448,5002.766520833334,SL,-5.558520833333354,11,0.4043804400896892,ml_v6,2026-02
293044,long,2026-02-20 20:20:00,2026-02-20 20:25:00,2026-02-20 20:58:00,5085.95,5095.688288888889,TP,9.498288888888863,33,0.431757579243595,ml_v6,2026-02
293072,short,2026-02-22 23:40:00,2026-02-22 23:45:00,2026-02-22 23:51:00,5158.542,5164.884100694445,SL,-6.702100694444431,6,0.4048529239887051,ml_v6,2026-02
293075,short,2026-02-22 23:55:00,2026-02-23 00:00:00,2026-02-23 00:01:00,5165.423,5155.197355555555,TP,9.98564444444443,1,0.4052100653305371,ml_v6,2026-02
293151,long,2026-02-23 06:15:00,2026-02-23 06:20:00,2026-02-23 06:29:00,5160.737,5153.932298611111,SL,-7.044701388888879,9,0.4334670471291163,ml_v6,2026-02
293250,long,2026-02-23 14:30:00,2026-02-23 14:35:00,2026-02-23 14:38:00,5171.83,5182.909183333333,TP,10.839183333333347,3,0.4297592585987575,ml_v6,2026-02
293274,long,2026-02-23 16:30:00,2026-02-23 16:35:00,2026-02-23 17:11:00,5209.309,5202.591145833334,SL,-7.0778541666666674,36,0.42783639828007874,ml_v6,2026-02
293324,long,2026-02-23 20:40:00,2026-02-23 20:45:00,2026-02-23 20:59:00,5227.405,5237.51815,TP,9.873149999999997,14,0.42666863080566286,ml_v6,2026-02
293329,long,2026-02-23 21:05:00,2026-02-23 21:10:00,2026-02-23 21:30:00,5234.543,5228.199395833333,SL,-6.703604166666662,20,0.43103271898334383,ml_v6,2026-02
293400,short,2026-02-24 04:00:00,2026-02-24 04:05:00,2026-02-24 04:07:00,5164.191,5170.8029166666665,SL,-6.851916666666689,2,0.40597877565236895,ml_v6,2026-02
293402,short,2026-02-24 04:10:00,2026-02-24 04:15:00,2026-02-24 05:48:00,5168.646,5175.216427083333,SL,-6.810427083333353,93,0.40789951529575164,ml_v6,2026-02
293434,short,2026-02-24 06:50:00,2026-02-24 06:55:00,2026-02-24 07:16:00,5168.665,5175.390086805555,SL,-6.9650868055555675,21,0.4022018045842304,ml_v6,2026-02
293496,short,2026-02-24 12:00:00,2026-02-24 12:05:00,2026-02-24 12:17:00,5169.816,5159.096933333333,TP,10.479066666666691,12,0.4074737407530341,ml_v6,2026-02
293500,short,2026-02-24 12:20:00,2026-02-24 12:25:00,2026-02-24 12:54:00,5158.548,5147.715072222222,TP,10.472927777777803,29,0.4161845566194279,ml_v6,2026-02
293507,short,2026-02-24 12:55:00,2026-02-24 13:00:00,2026-02-24 13:01:00,5150.206,5157.054875,SL,-7.2088750000000115,1,0.41627726885080607,ml_v6,2026-02
293509,short,2026-02-24 13:05:00,2026-02-24 13:10:00,2026-02-24 13:39:00,5158.115,5147.135327777777,TP,10.739672222222241,29,0.4131703343283972,ml_v6,2026-02
293516,short,2026-02-24 13:40:00,2026-02-24 13:45:00,2026-02-24 13:47:00,5145.525,5134.3814555555555,TP,10.903544444444458,2,0.4028288087142342,ml_v6,2026-02
293518,short,2026-02-24 13:50:00,2026-02-24 13:55:00,2026-02-24 13:59:00,5132.987,5121.713466666667,TP,10.913533333333344,4,0.4027145023886174,ml_v6,2026-02
293585,long,2026-02-24 19:25:00,2026-02-24 19:30:00,2026-02-24 20:23:00,5151.649,5162.873605555556,TP,10.984605555555627,53,0.4303751174126922,ml_v6,2026-02
293605,long,2026-02-24 21:05:00,2026-02-24 21:10:00,2026-02-24 21:32:00,5157.473,5150.394895833333,SL,-7.318104166666716,22,0.4317614394075796,ml_v6,2026-02
293613,long,2026-02-24 21:45:00,2026-02-24 21:50:00,2026-02-24 23:03:00,5148.235,5141.11559375,SL,-7.359406250000054,8,0.43256641503643245,ml_v6,2026-02
293618,long,2026-02-24 23:10:00,2026-02-24 23:15:00,2026-02-24 23:28:00,5135.853,5128.687965277778,SL,-7.665034722222284,13,0.43033400950554834,ml_v6,2026-02
293622,long,2026-02-24 23:30:00,2026-02-24 23:35:00,2026-02-24 23:42:00,5131.983,5143.496405555556,TP,11.153405555555656,7,0.4530716943390295,ml_v6,2026-02
293626,long,2026-02-24 23:50:00,2026-02-24 23:55:00,2026-02-25 00:03:00,5150.458,5143.208232638888,SL,-7.6097673611111745,8,0.4352842805563721,ml_v6,2026-02
293662,short,2026-02-25 02:50:00,2026-02-25 02:55:00,2026-02-25 02:57:00,5175.594,5182.370034722222,SL,-7.016034722222246,2,0.40556445538459274,ml_v6,2026-02
293712,short,2026-02-25 07:00:00,2026-02-25 07:05:00,2026-02-25 08:34:00,5188.599,5195.2682395833335,SL,-6.909239583333369,89,0.404679597778799,ml_v6,2026-02
293732,short,2026-02-25 08:40:00,2026-02-25 08:45:00,2026-02-25 09:02:00,5192.362,5182.006683333333,TP,10.115316666666704,17,0.40297154814705394,ml_v6,2026-02
293737,short,2026-02-25 09:05:00,2026-02-25 09:10:00,2026-02-25 09:35:00,5184.956,5191.433972222222,SL,-6.7179722222222535,25,0.4092141771020601,ml_v6,2026-02
293744,short,2026-02-25 09:40:00,2026-02-25 09:45:00,2026-02-25 10:16:00,5191.052,5180.827516666666,TP,9.864483333333375,31,0.40700423014028453,ml_v6,2026-02
293783,short,2026-02-25 12:55:00,2026-02-25 13:00:00,2026-02-25 13:07:00,5182.851,5189.327972222221,SL,-6.83697222222223,7,0.4047709430623826,ml_v6,2026-02
293938,short,2026-02-26 02:50:00,2026-02-26 02:55:00,2026-02-26 03:15:00,5184.293,5190.491197916666,SL,-6.4381979166666925,20,0.4048508103667818,ml_v6,2026-02
293989,short,2026-02-26 07:05:00,2026-02-26 07:10:00,2026-02-26 07:17:00,5184.612,5190.491104166666,SL,-6.2391041666666665,7,0.40720059504642636,ml_v6,2026-02
293992,short,2026-02-26 07:20:00,2026-02-26 07:25:00,2026-02-26 08:29:00,5186.0,5176.587511111111,TP,9.052488888888883,64,0.4057572507929713,ml_v6,2026-02
294008,short,2026-02-26 08:40:00,2026-02-26 08:45:00,2026-02-26 08:50:00,5174.217,5180.159052083333,SL,-6.302052083333333,5,0.4034427603477708,ml_v6,2026-02
294011,short,2026-02-26 08:55:00,2026-02-26 09:00:00,2026-02-26 09:50:00,5179.265,5185.226697916667,SL,-6.20169791666667,50,0.4061565450812654,ml_v6,2026-02
294023,short,2026-02-26 09:55:00,2026-02-26 10:00:00,2026-02-26 10:30:00,5186.436,5176.870394444444,TP,9.205605555555568,30,0.4054508699964413,ml_v6,2026-02
294040,short,2026-02-26 11:20:00,2026-02-26 11:25:00,2026-02-26 11:54:00,5171.664,5162.116466666666,TP,9.307533333333346,29,0.4022720704425482,ml_v6,2026-02
294047,short,2026-02-26 11:55:00,2026-02-26 12:00:00,2026-02-26 12:17:00,5164.762,5170.715499999999,SL,-6.19350000000001,17,0.40685635697165756,ml_v6,2026-02
294057,short,2026-02-26 12:45:00,2026-02-26 12:50:00,2026-02-26 13:09:00,5181.415,5171.88525,TP,9.289750000000023,19,0.4024750977699686,ml_v6,2026-02
294064,short,2026-02-26 13:20:00,2026-02-26 13:25:00,2026-02-26 13:30:00,5177.864,5168.2406388888885,TP,9.383361111111142,5,0.4031890118332221,ml_v6,2026-02
294091,short,2026-02-26 15:35:00,2026-02-26 15:40:00,2026-02-26 15:43:00,5168.812,5175.282527777777,SL,-6.710527777777806,3,0.40492973282322886,ml_v6,2026-02
294100,short,2026-02-26 16:20:00,2026-02-26 16:25:00,2026-02-26 16:42:00,5178.514,5185.004079861112,SL,-6.730079861111137,17,0.4025671339297112,ml_v6,2026-02
294159,long,2026-02-26 21:15:00,2026-02-26 21:20:00,2026-02-26 21:26:00,5195.073,5188.593145833333,SL,-6.839854166666674,6,0.4323994727218087,ml_v6,2026-02
294216,short,2026-02-27 03:00:00,2026-02-27 03:05:00,2026-02-27 03:32:00,5182.371,5188.27796875,SL,-6.14696874999998,27,0.4023986423924879,ml_v6,2026-02
294223,short,2026-02-27 03:35:00,2026-02-27 03:40:00,2026-02-27 05:26:00,5186.517,5192.330548611111,SL,-6.053548611111082,106,0.4079296519362331,ml_v6,2026-02
294246,long,2026-02-27 05:30:00,2026-02-27 05:35:00,2026-02-27 06:51:00,5195.812,5190.065850694445,SL,-5.98614930555552,76,0.4324244451941123,ml_v6,2026-02
294264,short,2026-02-27 07:00:00,2026-02-27 07:05:00,2026-02-27 07:31:00,5185.298,5176.115944444444,TP,8.942055555555523,26,0.40589116979341805,ml_v6,2026-02
294282,short,2026-02-27 08:30:00,2026-02-27 08:35:00,2026-02-27 09:51:00,5181.55,5172.386827777778,TP,8.923172222222219,76,0.40228228541684613,ml_v6,2026-02
294322,short,2026-02-27 11:50:00,2026-02-27 11:55:00,2026-02-27 12:05:00,5182.269,5187.810677083334,SL,-5.781677083333342,10,0.4027762567874299,ml_v6,2026-02
294426,long,2026-02-27 20:30:00,2026-02-27 20:35:00,2026-02-27 21:39:00,5258.922,5267.771044444444,TP,8.489044444444437,64,0.42919962709249504,ml_v6,2026-02
294504,long,2026-03-02 04:00:00,2026-03-02 04:05:00,2026-03-02 04:36:00,5360.35,5353.2335555555555,SL,-7.476444444444461,31,0.45260003999641263,ml_v6,2026-03
294514,long,2026-03-02 04:50:00,2026-03-02 04:55:00,2026-03-02 05:02:00,5358.141,5350.881322916666,SL,-7.619677083333354,7,0.449322287041766,ml_v6,2026-03
294525,long,2026-03-02 05:45:00,2026-03-02 05:50:00,2026-03-02 06:07:00,5363.534,5375.356688888888,TP,11.46268888888891,17,0.4435942396865634,ml_v6,2026-03
294579,long,2026-03-02 10:15:00,2026-03-02 10:20:00,2026-03-02 10:55:00,5390.463,5382.408145833333,SL,-8.414854166666668,35,0.4487322204480637,ml_v6,2026-03
294799,short,2026-03-03 05:35:00,2026-03-03 05:40:00,2026-03-03 05:49:00,5337.952,5322.58135,TP,15.010649999999984,9,0.39463431471146315,ml_v6,2026-03
294847,short,2026-03-03 09:35:00,2026-03-03 09:40:00,2026-03-03 09:52:00,5265.901,5276.530031249999,SL,-10.989031249999993,12,0.39364149732790576,ml_v6,2026-03
294859,short,2026-03-03 10:35:00,2026-03-03 10:40:00,2026-03-03 10:41:00,5252.521,5263.338597222222,SL,-11.177597222222218,1,0.3927405963333026,ml_v6,2026-03
294861,short,2026-03-03 10:45:00,2026-03-03 10:50:00,2026-03-03 11:02:00,5249.654,5260.528812500001,SL,-11.234812499999997,12,0.392768134448916,ml_v6,2026-03
294877,short,2026-03-03 12:05:00,2026-03-03 12:10:00,2026-03-03 12:13:00,5177.254,5189.653951388888,SL,-12.759951388888886,3,0.3918229911363758,ml_v6,2026-03
294879,short,2026-03-03 12:15:00,2026-03-03 12:20:00,2026-03-03 12:27:00,5191.534,5203.981229166667,SL,-12.807229166666666,7,0.39320924448716155,ml_v6,2026-03
294882,short,2026-03-03 12:30:00,2026-03-03 12:35:00,2026-03-03 12:55:00,5199.092,5211.668864583333,SL,-12.936864583333335,20,0.3930792746334396,ml_v6,2026-03
294888,short,2026-03-03 13:00:00,2026-03-03 13:05:00,2026-03-03 13:08:00,5174.834,5154.351388888888,TP,20.122611111111112,3,0.392441775001311,ml_v6,2026-03
294890,short,2026-03-03 13:10:00,2026-03-03 13:15:00,2026-03-03 13:20:00,5164.039,5177.021315972222,SL,-13.342315972222226,5,0.3928279114100185,ml_v6,2026-03
294893,short,2026-03-03 13:25:00,2026-03-03 13:30:00,2026-03-03 13:39:00,5177.632,5156.657377777778,TP,20.614622222222224,9,0.39122649589898556,ml_v6,2026-03
294897,short,2026-03-03 13:45:00,2026-03-03 13:50:00,2026-03-03 14:01:00,5151.408,5164.729340277778,SL,-13.681340277777775,11,0.392260295275462,ml_v6,2026-03
294981,long,2026-03-03 20:45:00,2026-03-03 20:50:00,2026-03-03 20:51:00,5104.391,5090.093822916666,SL,-14.537177083333345,1,0.44533991237202153,ml_v6,2026-03
294984,long,2026-03-03 21:00:00,2026-03-03 21:05:00,2026-03-03 21:19:00,5104.874,5090.493194444444,SL,-14.74080555555557,14,0.44792101053690814,ml_v6,2026-03
294988,long,2026-03-03 21:20:00,2026-03-03 21:25:00,2026-03-03 21:32:00,5099.602,5085.284944444445,SL,-14.677055555555574,7,0.44385879686344365,ml_v6,2026-03
294991,long,2026-03-03 21:35:00,2026-03-03 21:40:00,2026-03-03 23:01:00,5089.531,5112.408733333334,TP,22.517733333333368,18,0.47601201007471766,ml_v6,2026-03
294997,long,2026-03-03 23:05:00,2026-03-03 23:10:00,2026-03-03 23:46:00,5105.854,5128.907138888889,TP,22.553138888888913,36,0.4431874409598975,ml_v6,2026-03
295006,long,2026-03-03 23:50:00,2026-03-03 23:55:00,2026-03-04 00:02:00,5124.505,5109.998788194444,SL,-14.86621180555556,7,0.4623425040019076,ml_v6,2026-03
295067,long,2026-03-04 04:55:00,2026-03-04 05:00:00,2026-03-04 06:02:00,5156.843,5141.9338263888885,SL,-15.149173611111104,62,0.4457845901659387,ml_v6,2026-03
295123,long,2026-03-04 09:35:00,2026-03-04 09:40:00,2026-03-04 12:38:00,5183.262,5168.501840277778,SL,-15.00015972222222,178,0.45407085446554174,ml_v6,2026-03
295166,short,2026-03-04 13:10:00,2026-03-04 13:15:00,2026-03-04 13:56:00,5192.886,5172.902033333334,TP,19.623966666666675,41,0.3908180017221206,ml_v6,2026-03
295216,short,2026-03-04 17:20:00,2026-03-04 17:25:00,2026-03-04 17:26:00,5128.117,5138.633482638889,SL,-10.876482638888914,1,0.3937404862045388,ml_v6,2026-03
295219,short,2026-03-04 17:35:00,2026-03-04 17:40:00,2026-03-04 17:53:00,5134.537,5144.986378472223,SL,-10.809378472222248,13,0.3913655838369469,ml_v6,2026-03
295266,long,2026-03-04 21:30:00,2026-03-04 21:35:00,2026-03-04 23:00:00,5129.935,5145.110877777778,TP,14.815877777777807,23,0.4456444889789386,ml_v6,2026-03
295360,short,2026-03-05 06:20:00,2026-03-05 06:25:00,2026-03-05 06:37:00,5141.816,5150.1637083333335,SL,-8.707708333333352,12,0.39343699580531655,ml_v6,2026-03
295365,short,2026-03-05 06:45:00,2026-03-05 06:50:00,2026-03-05 06:59:00,5158.283,5166.613239583334,SL,-8.69023958333335,9,0.39166534893519556,ml_v6,2026-03
295374,short,2026-03-05 07:30:00,2026-03-05 07:35:00,2026-03-05 08:09:00,5161.111,5148.124144444444,TP,12.626855555555583,34,0.39348765664107477,ml_v6,2026-03
295386,short,2026-03-05 08:30:00,2026-03-05 08:35:00,2026-03-05 08:36:00,5150.263,5158.320829861111,SL,-8.297829861111126,1,0.3914988656864886,ml_v6,2026-03
295388,short,2026-03-05 08:40:00,2026-03-05 08:45:00,2026-03-05 08:55:00,5160.909,5168.97003125,SL,-8.421031250000013,10,0.3947604090418653,ml_v6,2026-03
295392,short,2026-03-05 09:00:00,2026-03-05 09:05:00,2026-03-05 09:06:00,5164.106,5172.151576388888,SL,-8.405576388888901,1,0.3957374828129401,ml_v6,2026-03
295397,short,2026-03-05 09:25:00,2026-03-05 09:30:00,2026-03-05 09:39:00,5169.303,5156.487083333333,TP,12.455916666666694,9,0.39319343565524933,ml_v6,2026-03
295400,short,2026-03-05 09:40:00,2026-03-05 09:45:00,2026-03-05 10:04:00,5162.672,5149.771955555555,TP,12.540044444444465,19,0.39430650652340893,ml_v6,2026-03
295405,short,2026-03-05 10:05:00,2026-03-05 10:10:00,2026-03-05 10:47:00,5151.111,5159.136833333333,SL,-8.38583333333335,37,0.3907956931664661,ml_v6,2026-03
295414,short,2026-03-05 10:50:00,2026-03-05 10:55:00,2026-03-05 13:01:00,5165.883,5153.138544444444,TP,12.38445555555559,126,0.3934028456621582,ml_v6,2026-03
295539,long,2026-03-05 21:15:00,2026-03-05 21:20:00,2026-03-05 23:05:00,5077.863,5091.421166666667,TP,13.198166666666655,38,0.45196471705686914,ml_v6,2026-03
295551,long,2026-03-05 23:20:00,2026-03-05 23:25:00,2026-03-06 00:00:00,5092.653,5084.168385416667,SL,-8.844614583333321,35,0.45261922068038374,ml_v6,2026-03
295560,long,2026-03-06 00:05:00,2026-03-06 00:10:00,2026-03-06 00:15:00,5090.645,5082.117725694445,SL,-8.887274305555538,5,0.4495913240013653,ml_v6,2026-03
295563,long,2026-03-06 00:20:00,2026-03-06 00:25:00,2026-03-06 00:42:00,5087.766,5079.248065972221,SL,-8.877934027777764,17,0.4711921950307333,ml_v6,2026-03
295570,long,2026-03-06 00:55:00,2026-03-06 01:00:00,2026-03-06 01:01:00,5084.228,5075.6421666666665,SL,-8.945833333333324,1,0.4576554613471202,ml_v6,2026-03
295603,long,2026-03-06 03:40:00,2026-03-06 03:45:00,2026-03-06 05:09:00,5132.214,5123.458732638889,SL,-9.115267361111101,84,0.4576889991544941,ml_v6,2026-03
295629,long,2026-03-06 05:50:00,2026-03-06 05:55:00,2026-03-06 06:02:00,5118.079,5109.394381944444,SL,-9.044618055555546,7,0.4470418968742147,ml_v6,2026-03
295732,short,2026-03-06 14:25:00,2026-03-06 14:30:00,2026-03-06 14:31:00,5104.278,5113.161989583334,SL,-9.24398958333332,1,0.3976257669086258,ml_v6,2026-03
295737,short,2026-03-06 14:50:00,2026-03-06 14:55:00,2026-03-06 14:56:00,5103.74,5112.605288194444,SL,-9.225288194444433,1,0.39614241597921174,ml_v6,2026-03
295837,short,2026-03-08 23:10:00,2026-03-08 23:15:00,2026-03-08 23:35:00,5101.723,5087.764711111111,TP,13.598288888888872,20,0.39526081153371706,ml_v6,2026-03
295853,short,2026-03-09 00:30:00,2026-03-09 00:35:00,2026-03-09 00:47:00,5051.399,5036.624633333334,TP,14.41436666666665,12,0.392676448632156,ml_v6,2026-03
295857,short,2026-03-09 00:50:00,2026-03-09 00:55:00,2026-03-09 01:00:00,5043.446,5028.590622222222,TP,14.495377777777769,5,0.39172976508742974,ml_v6,2026-03
295864,short,2026-03-09 01:25:00,2026-03-09 01:30:00,2026-03-09 01:32:00,5071.834,5081.360659722222,SL,-9.886659722222218,2,0.39055499007903055,ml_v6,2026-03
295871,short,2026-03-09 02:00:00,2026-03-09 02:05:00,2026-03-09 02:07:00,5063.954,5073.490031249999,SL,-9.896031249999998,2,0.3909475510479863,ml_v6,2026-03
295875,short,2026-03-09 02:20:00,2026-03-09 02:25:00,2026-03-09 02:31:00,5079.1,5088.747145833334,SL,-10.007145833333333,6,0.3917443270679102,ml_v6,2026-03
295885,short,2026-03-09 03:10:00,2026-03-09 03:15:00,2026-03-09 03:21:00,5087.327,5097.0680694444445,SL,-10.101069444444443,6,0.3914528110989186,ml_v6,2026-03
295888,short,2026-03-09 03:25:00,2026-03-09 03:30:00,2026-03-09 04:07:00,5084.327,5094.109059027778,SL,-10.142059027777778,37,0.3916194333671269,ml_v6,2026-03
295897,short,2026-03-09 04:10:00,2026-03-09 04:15:00,2026-03-09 05:06:00,5091.118,5100.970638888889,SL,-10.212638888888897,51,0.3913233022229894,ml_v6,2026-03
295931,short,2026-03-09 07:00:00,2026-03-09 07:05:00,2026-03-09 07:24:00,5094.155,5104.447600694444,SL,-10.652600694444438,19,0.39147335913395365,ml_v6,2026-03
295951,short,2026-03-09 08:40:00,2026-03-09 08:45:00,2026-03-09 08:50:00,5090.058,5100.45359375,SL,-10.755593750000005,5,0.39272059808127524,ml_v6,2026-03
295973,short,2026-03-09 10:30:00,2026-03-09 10:35:00,2026-03-09 12:22:00,5093.391,5103.83559375,SL,-10.804593750000016,107,0.396437229335055,ml_v6,2026-03
295998,short,2026-03-09 12:35:00,2026-03-09 12:40:00,2026-03-09 13:00:00,5109.231,5092.550761111111,TP,16.320238888888934,20,0.39233493082409715,ml_v6,2026-03
296004,short,2026-03-09 13:05:00,2026-03-09 13:10:00,2026-03-09 13:30:00,5091.506,5101.900388888889,SL,-10.754388888888913,20,0.39628192673131635,ml_v6,2026-03
296014,short,2026-03-09 13:55:00,2026-03-09 14:00:00,2026-03-09 14:02:00,5074.098,5084.3856493055555,SL,-10.647649305555568,2,0.3934392138786965,ml_v6,2026-03
296047,long,2026-03-09 16:40:00,2026-03-09 16:45:00,2026-03-09 17:19:00,5107.063,5097.244375,SL,-10.178625000000022,34,0.44762633297804694,ml_v6,2026-03
296183,long,2026-03-10 05:00:00,2026-03-10 05:05:00,2026-03-10 07:23:00,5168.678,5160.826402777778,SL,-8.21159722222222,138,0.4487671075749302,ml_v6,2026-03
296225,long,2026-03-10 08:30:00,2026-03-10 08:35:00,2026-03-10 10:04:00,5185.015,5177.670031250001,SL,-7.704968750000015,89,0.4459836021534349,ml_v6,2026-03
296465,short,2026-03-11 05:30:00,2026-03-11 05:35:00,2026-03-11 05:40:00,5197.644,5204.010034722222,SL,-6.726034722222234,5,0.39358481052546945,ml_v6,2026-03
296468,short,2026-03-11 05:45:00,2026-03-11 05:50:00,2026-03-11 06:12:00,5198.072,5204.468850694445,SL,-6.756850694444459,22,0.3920326493160844,ml_v6,2026-03
296474,short,2026-03-11 06:15:00,2026-03-11 06:20:00,2026-03-11 06:44:00,5204.923,5194.656011111111,TP,9.906988888888916,24,0.3906894417430107,ml_v6,2026-03
296480,short,2026-03-11 06:45:00,2026-03-11 06:50:00,2026-03-11 07:07:00,5195.177,5201.617249999999,SL,-6.800250000000014,17,0.391058053769362,ml_v6,2026-03
296486,short,2026-03-11 07:15:00,2026-03-11 07:20:00,2026-03-11 07:37:00,5196.392,5186.094866666666,TP,9.937133333333348,17,0.39335328774765244,ml_v6,2026-03
296491,short,2026-03-11 07:40:00,2026-03-11 07:45:00,2026-03-11 08:14:00,5191.675,5198.138631944445,SL,-6.823631944444454,29,0.3913621491575049,ml_v6,2026-03
296500,short,2026-03-11 08:25:00,2026-03-11 08:30:00,2026-03-11 09:32:00,5185.053,5191.500215277778,SL,-6.807215277777783,62,0.3913324207936912,ml_v6,2026-03
296515,short,2026-03-11 09:40:00,2026-03-11 09:45:00,2026-03-11 10:35:00,5191.913,5181.603311111111,TP,9.949688888888899,50,0.3941995518907849,ml_v6,2026-03
296527,short,2026-03-11 10:40:00,2026-03-11 10:45:00,2026-03-11 10:48:00,5179.347,5185.758430555556,SL,-6.771430555555566,3,0.39874140027282745,ml_v6,2026-03
296529,short,2026-03-11 10:50:00,2026-03-11 10:55:00,2026-03-11 11:58:00,5188.986,5178.689472222222,TP,9.9365277777778,63,0.39478761690648023,ml_v6,2026-03
296543,short,2026-03-11 12:00:00,2026-03-11 12:05:00,2026-03-11 12:14:00,5185.272,5191.649861111111,SL,-6.737861111111123,9,0.3962263839810368,ml_v6,2026-03
296546,short,2026-03-11 12:15:00,2026-03-11 12:20:00,2026-03-11 12:33:00,5193.845,5183.672361111111,TP,9.812638888888909,13,0.39681188038241716,ml_v6,2026-03
296550,short,2026-03-11 12:35:00,2026-03-11 12:40:00,2026-03-11 12:59:00,5177.55,5167.322183333334,TP,9.86781666666668,19,0.39575237634895355,ml_v6,2026-03
296555,short,2026-03-11 13:00:00,2026-03-11 13:05:00,2026-03-11 13:20:00,5175.918,5182.376909722222,SL,-6.818909722222227,15,0.39503351453063995,ml_v6,2026-03
296560,short,2026-03-11 13:25:00,2026-03-11 13:30:00,2026-03-11 13:33:00,5181.222,5170.902866666666,TP,9.959133333333337,3,0.3961484188346307,ml_v6,2026-03
296562,short,2026-03-11 13:35:00,2026-03-11 13:40:00,2026-03-11 13:45:00,5172.356,5161.9569388888885,TP,10.039061111111108,5,0.39416415654674714,ml_v6,2026-03
296567,short,2026-03-11 14:00:00,2026-03-11 14:05:00,2026-03-11 14:17:00,5184.923,5191.512208333334,SL,-6.949208333333328,12,0.3928432570231345,ml_v6,2026-03
296575,short,2026-03-11 14:40:00,2026-03-11 14:45:00,2026-03-11 14:49:00,5183.033,5189.609100694444,SL,-6.936100694444437,4,0.39064627789690975,ml_v6,2026-03
296722,long,2026-03-12 03:55:00,2026-03-12 04:00:00,2026-03-12 04:36:00,5152.988,5147.136062500001,SL,-6.2119374999999915,36,0.4427731634609648,ml_v6,2026-03
296754,long,2026-03-12 06:35:00,2026-03-12 06:40:00,2026-03-12 07:42:00,5164.416,5173.845477777778,TP,9.069477777777772,62,0.45180789206755534,ml_v6,2026-03
296798,short,2026-03-12 10:15:00,2026-03-12 10:20:00,2026-03-12 11:16:00,5184.939,5175.734816666667,TP,8.844183333333328,56,0.3918796777425192,ml_v6,2026-03
296927,long,2026-03-12 22:00:00,2026-03-12 22:05:00,2026-03-12 22:23:00,5083.397,5093.0467499999995,TP,9.149749999999996,18,0.4515374589801366,ml_v6,2026-03
296962,long,2026-03-13 00:55:00,2026-03-13 01:00:00,2026-03-13 01:59:00,5113.326,5122.689105555555,TP,9.003105555555583,59,0.4558790152136881,ml_v6,2026-03
296980,long,2026-03-13 02:25:00,2026-03-13 02:30:00,2026-03-13 02:43:00,5121.248,5115.490718749999,SL,-6.117281250000024,13,0.448475111397927,ml_v6,2026-03
296988,long,2026-03-13 03:05:00,2026-03-13 03:10:00,2026-03-13 03:36:00,5113.628,5107.910475694444,SL,-6.077524305555578,26,0.4431879072000892,ml_v6,2026-03
296995,long,2026-03-13 03:40:00,2026-03-13 03:45:00,2026-03-13 04:24:00,5110.725,5105.028711805556,SL,-6.05628819444447,39,0.460221229345964,ml_v6,2026-03
297007,long,2026-03-13 04:40:00,2026-03-13 04:45:00,2026-03-13 05:45:00,5104.589,5098.963135416667,SL,-5.985864583333349,60,0.45751863121077774,ml_v6,2026-03
297129,short,2026-03-13 14:50:00,2026-03-13 14:55:00,2026-03-13 14:56:00,5064.042,5053.931077777778,TP,9.87092222222225,1,0.39325201377314084,ml_v6,2026-03
297131,short,2026-03-13 15:00:00,2026-03-13 15:05:00,2026-03-13 15:06:00,5049.396,5055.784010416666,SL,-6.7480104166666806,1,0.3945866665611042,ml_v6,2026-03
297139,short,2026-03-13 15:40:00,2026-03-13 15:45:00,2026-03-13 15:47:00,5046.327,5052.809239583334,SL,-6.722239583333347,2,0.39475825774355894,ml_v6,2026-03
297141,short,2026-03-13 15:50:00,2026-03-13 15:55:00,2026-03-13 15:56:00,5037.121,5043.648222222222,SL,-6.767222222222239,1,0.39417185234709745,ml_v6,2026-03
297143,short,2026-03-13 16:00:00,2026-03-13 16:05:00,2026-03-13 16:07:00,5028.109,5034.661729166667,SL,-6.792729166666682,2,0.39386760043784147,ml_v6,2026-03
297145,short,2026-03-13 16:10:00,2026-03-13 16:15:00,2026-03-13 16:24:00,5031.634,5038.202107638889,SL,-6.808107638888904,9,0.395299125191412,ml_v6,2026-03
297155,short,2026-03-13 17:00:00,2026-03-13 17:05:00,2026-03-13 17:12:00,5044.712,5051.2959409722225,SL,-6.8239409722222355,7,0.3908268027998519,ml_v6,2026-03
297196,long,2026-03-13 20:25:00,2026-03-13 20:30:00,2026-03-13 20:43:00,5013.881,5024.362488888889,TP,10.24148888888896,13,0.4490163485683743,ml_v6,2026-03
297273,long,2026-03-16 03:50:00,2026-03-16 03:55:00,2026-03-16 04:59:00,5020.005,5012.480597222222,SL,-7.764402777777791,64,0.4448261312075017,ml_v6,2026-03
297287,long,2026-03-16 05:00:00,2026-03-16 05:05:00,2026-03-16 05:31:00,5013.623,5006.115041666666,SL,-7.747958333333351,26,0.48108922136282356,ml_v6,2026-03
297294,long,2026-03-16 05:35:00,2026-03-16 05:40:00,2026-03-16 06:13:00,5011.847,5023.904711111111,TP,11.817711111111137,33,0.46359510458272,ml_v6,2026-03
297305,long,2026-03-16 06:30:00,2026-03-16 06:35:00,2026-03-16 06:47:00,5025.096,5017.474743055555,SL,-7.861256944444465,12,0.4638474726354177,ml_v6,2026-03
297535,long,2026-03-17 02:40:00,2026-03-17 02:45:00,2026-03-17 02:50:00,5028.905,5022.82559375,SL,-6.359406250000012,5,0.4431236272390159,ml_v6,2026-03
297543,long,2026-03-17 03:20:00,2026-03-17 03:25:00,2026-03-17 04:44:00,5030.222,5039.8492166666665,TP,9.347216666666691,79,0.4469392109305192,ml_v6,2026-03
297560,long,2026-03-17 04:45:00,2026-03-17 04:50:00,2026-03-17 05:10:00,5038.958,5033.073559027777,SL,-6.1644409722222475,20,0.45076075644358427,ml_v6,2026-03
297568,long,2026-03-17 05:25:00,2026-03-17 05:30:00,2026-03-17 05:46:00,5035.364,5029.462809027777,SL,-6.1811909722222405,16,0.4491273737452941,ml_v6,2026-03
297574,short,2026-03-17 05:55:00,2026-03-17 06:00:00,2026-03-17 06:01:00,5020.924,5011.417066666667,TP,9.226933333333363,1,0.3946664118989178,ml_v6,2026-03
297576,short,2026-03-17 06:05:00,2026-03-17 06:10:00,2026-03-17 06:33:00,5008.428,5014.429440972222,SL,-6.281440972222241,23,0.39832482710156714,ml_v6,2026-03
297584,short,2026-03-17 06:45:00,2026-03-17 06:50:00,2026-03-17 07:27:00,5011.096,5017.113145833333,SL,-6.297145833333356,37,0.3910320313628604,ml_v6,2026-03
297646,short,2026-03-17 11:55:00,2026-03-17 12:00:00,2026-03-17 12:10:00,5003.306,5008.939704861111,SL,-5.913704861111138,10,0.39202579768233214,ml_v6,2026-03
297650,short,2026-03-17 12:15:00,2026-03-17 12:20:00,2026-03-17 12:28:00,5012.934,5018.5362256944445,SL,-5.882225694444473,8,0.3933573833596441,ml_v6,2026-03
297654,short,2026-03-17 12:35:00,2026-03-17 12:40:00,2026-03-17 13:32:00,5017.421,5023.023486111111,SL,-5.882486111111138,52,0.3910628331570015,ml_v6,2026-03
297669,short,2026-03-17 13:50:00,2026-03-17 13:55:00,2026-03-17 14:08:00,5012.641,5018.205277777777,SL,-5.844277777777802,13,0.3973058048213488,ml_v6,2026-03
297673,short,2026-03-17 14:10:00,2026-03-17 14:15:00,2026-03-17 14:23:00,5018.021,5009.091172222222,TP,8.649827777777828,8,0.39112689706439474,ml_v6,2026-03
297724,short,2026-03-17 18:25:00,2026-03-17 18:30:00,2026-03-17 22:45:00,5004.088,4995.68675,TP,8.121250000000023,192,0.39196836416782926,ml_v6,2026-03
297772,short,2026-03-17 23:25:00,2026-03-17 23:30:00,2026-03-18 00:03:00,5000.152,5005.0537395833335,SL,-5.181739583333356,33,0.3912851207906883,ml_v6,2026-03
297796,short,2026-03-18 01:25:00,2026-03-18 01:30:00,2026-03-18 01:45:00,5008.18,5000.384188888889,TP,7.5158111111111525,15,0.39660059418595495,ml_v6,2026-03
297801,short,2026-03-18 01:50:00,2026-03-18 01:55:00,2026-03-18 02:18:00,4998.424,5003.300729166666,SL,-5.156729166666694,23,0.39975748891183543,ml_v6,2026-03
297807,short,2026-03-18 02:20:00,2026-03-18 02:25:00,2026-03-18 02:55:00,5002.154,4994.415494444444,TP,7.458505555555604,30,0.39348735613606445,ml_v6,2026-03
297911,short,2026-03-18 11:00:00,2026-03-18 11:05:00,2026-03-18 11:08:00,4958.766,4951.18145,TP,7.304549999999975,3,0.3909394531657254,ml_v6,2026-03
298043,short,2026-03-18 23:00:00,2026-03-18 23:05:00,2026-03-18 23:29:00,4833.565,4840.525805555555,SL,-7.24080555555552,24,0.39090407796172644,ml_v6,2026-03
298113,long,2026-03-19 04:50:00,2026-03-19 04:55:00,2026-03-19 05:30:00,4849.483,4842.017010416667,SL,-7.665989583333305,35,0.4434764927782976,ml_v6,2026-03
298130,short,2026-03-19 06:15:00,2026-03-19 06:20:00,2026-03-19 06:34:00,4822.093,4809.848766666667,TP,12.044233333333297,14,0.39119711293137926,ml_v6,2026-03
298147,short,2026-03-19 07:40:00,2026-03-19 07:45:00,2026-03-19 07:47:00,4739.742,4748.035690972222,SL,-8.493690972222208,2,0.3998974213094849,ml_v6,2026-03
298149,short,2026-03-19 07:50:00,2026-03-19 07:55:00,2026-03-19 07:57:00,4753.775,4740.428372222222,TP,13.146627777777764,2,0.40182711284308253,ml_v6,2026-03
298151,short,2026-03-19 08:00:00,2026-03-19 08:05:00,2026-03-19 08:06:00,4736.977,4723.440372222222,TP,13.336627777777762,1,0.3943076977224488,ml_v6,2026-03
298153,short,2026-03-19 08:10:00,2026-03-19 08:15:00,2026-03-19 08:16:00,4714.467,4723.058722222222,SL,-8.791722222222212,1,0.3943076977224488,ml_v6,2026-03
298155,short,2026-03-19 08:20:00,2026-03-19 08:25:00,2026-03-19 08:29:00,4730.798,4716.922427777778,TP,13.675572222222213,4,0.3913883396678708,ml_v6,2026-03
298157,short,2026-03-19 08:30:00,2026-03-19 08:35:00,2026-03-19 08:36:00,4703.129,4711.93190625,SL,-9.002906249999997,1,0.39284961888618075,ml_v6,2026-03
298159,short,2026-03-19 08:40:00,2026-03-19 08:45:00,2026-03-19 08:46:00,4688.545,4697.461579861111,SL,-9.116579861111106,1,0.39268291166788427,ml_v6,2026-03
298161,short,2026-03-19 08:50:00,2026-03-19 08:55:00,2026-03-19 09:01:00,4707.247,4716.274024305556,SL,-9.227024305555553,6,0.39200667821523605,ml_v6,2026-03
298164,short,2026-03-19 09:05:00,2026-03-19 09:10:00,2026-03-19 09:19:00,4702.354,4711.470989583334,SL,-9.31698958333333,9,0.3931454884148249,ml_v6,2026-03
298167,short,2026-03-19 09:20:00,2026-03-19 09:25:00,2026-03-19 09:32:00,4710.669,4719.909736111111,SL,-9.44073611111111,7,0.3991911691147803,ml_v6,2026-03
298170,short,2026-03-19 09:35:00,2026-03-19 09:40:00,2026-03-19 09:59:00,4712.497,4697.546883333333,TP,14.75011666666666,19,0.3915215712506293,ml_v6,2026-03
298175,short,2026-03-19 10:00:00,2026-03-19 10:05:00,2026-03-19 10:17:00,4711.275,4696.0704166666665,TP,15.004583333333345,12,0.3975475959181529,ml_v6,2026-03
298179,short,2026-03-19 10:20:00,2026-03-19 10:25:00,2026-03-19 10:26:00,4679.112,4688.789003472222,SL,-9.957003472222231,1,0.39090525088110595,ml_v6,2026-03
298182,short,2026-03-19 10:35:00,2026-03-19 10:40:00,2026-03-19 10:53:00,4689.928,4674.222133333333,TP,15.42586666666668,13,0.390935693953425,ml_v6,2026-03
298186,short,2026-03-19 10:55:00,2026-03-19 11:00:00,2026-03-19 11:01:00,4678.863,4688.8315555555555,SL,-10.24855555555556,1,0.3913161951045099,ml_v6,2026-03
298188,short,2026-03-19 11:05:00,2026-03-19 11:10:00,2026-03-19 11:41:00,4686.927,4670.8583499999995,TP,15.788650000000006,31,0.39177816090384154,ml_v6,2026-03
298196,short,2026-03-19 11:45:00,2026-03-19 11:50:00,2026-03-19 12:01:00,4661.402,4645.10395,TP,16.01805,11,0.3914624351004663,ml_v6,2026-03
298200,short,2026-03-19 12:05:00,2026-03-19 12:10:00,2026-03-19 12:14:00,4629.239,4612.812044444444,TP,16.146955555555564,4,0.3914624351004663,ml_v6,2026-03
298202,short,2026-03-19 12:15:00,2026-03-19 12:20:00,2026-03-19 12:30:00,4616.858,4600.321622222223,TP,16.256377777777786,10,0.3908733325938287,ml_v6,2026-03
298206,short,2026-03-19 12:35:00,2026-03-19 12:40:00,2026-03-19 12:43:00,4605.456,4588.9191,TP,16.2569,3,0.3908733325938287,ml_v6,2026-03
298300,long,2026-03-19 20:25:00,2026-03-19 20:30:00,2026-03-19 22:50:00,4657.456,4644.504694444445,SL,-13.231305555555547,77,0.45863749067420256,ml_v6,2026-03
298318,long,2026-03-19 22:55:00,2026-03-19 23:00:00,2026-03-20 00:08:00,4636.54,4657.221411111111,TP,20.4014111111111,68,0.45201106510078326,ml_v6,2026-03
298342,long,2026-03-20 00:55:00,2026-03-20 01:00:00,2026-03-20 01:04:00,4648.415,4668.924905555556,TP,20.22990555555556,4,0.4437119748521424,ml_v6,2026-03
298474,short,2026-03-20 11:55:00,2026-03-20 12:00:00,2026-03-20 12:07:00,4671.837,4684.299524305556,SL,-12.742524305555559,7,0.3913078683853371,ml_v6,2026-03
298477,short,2026-03-20 12:10:00,2026-03-20 12:15:00,2026-03-20 12:39:00,4685.414,4665.505961111111,TP,19.62803888888889,24,0.39546361081909803,ml_v6,2026-03
298483,short,2026-03-20 12:40:00,2026-03-20 12:45:00,2026-03-20 13:31:00,4669.99,4650.149911111111,TP,19.5600888888889,46,0.39245895328523944,ml_v6,2026-03
298502,short,2026-03-20 14:15:00,2026-03-20 14:20:00,2026-03-20 14:25:00,4575.111,4556.126811111111,TP,18.70418888888889,5,0.3916797091826837,ml_v6,2026-03
298508,short,2026-03-20 14:45:00,2026-03-20 14:50:00,2026-03-20 15:02:00,4565.069,4576.751541666667,SL,-11.96254166666667,12,0.39135148394888686,ml_v6,2026-03
298539,short,2026-03-20 17:20:00,2026-03-20 17:25:00,2026-03-20 18:22:00,4570.21,4552.4037,TP,17.52630000000001,57,0.3946525941297131,ml_v6,2026-03
298597,short,2026-03-22 23:10:00,2026-03-22 23:15:00,2026-03-22 23:48:00,4490.307,4471.609738888888,TP,18.4172611111111,33,0.3958792886445252,ml_v6,2026-03
298605,short,2026-03-22 23:50:00,2026-03-22 23:55:00,2026-03-23 00:00:00,4458.481,4470.294864583333,SL,-12.093864583333326,5,0.3944367777111714,ml_v6,2026-03
298640,short,2026-03-23 02:45:00,2026-03-23 02:50:00,2026-03-23 03:12:00,4373.281,4351.060622222222,TP,21.960377777777754,22,0.3910101016705457,ml_v6,2026-03
298646,short,2026-03-23 03:15:00,2026-03-23 03:20:00,2026-03-23 04:00:00,4353.596,4367.643788194444,SL,-14.307788194444422,40,0.3924322237914029,ml_v6,2026-03
298656,short,2026-03-23 04:05:00,2026-03-23 04:10:00,2026-03-23 05:30:00,4368.79,4346.172733333333,TP,22.357266666666636,80,0.39743351985342007,ml_v6,2026-03
298674,short,2026-03-23 05:35:00,2026-03-23 05:40:00,2026-03-23 05:55:00,4326.626,4303.417516666667,TP,22.9484833333333,15,0.40354076529425564,ml_v6,2026-03
298679,short,2026-03-23 06:00:00,2026-03-23 06:05:00,2026-03-23 06:15:00,4286.865,4301.5363263888885,SL,-14.931326388888868,10,0.40004775912476964,ml_v6,2026-03
298683,short,2026-03-23 06:20:00,2026-03-23 06:25:00,2026-03-23 06:28:00,4275.399,4251.544661111111,TP,23.594338888888863,3,0.39209641010476537,ml_v6,2026-03
298685,short,2026-03-23 06:30:00,2026-03-23 06:35:00,2026-03-23 06:43:00,4237.51,4213.374155555556,TP,23.87584444444442,8,0.39281871409131475,ml_v6,2026-03
298688,short,2026-03-23 06:45:00,2026-03-23 06:50:00,2026-03-23 06:51:00,4206.275,4221.691270833333,SL,-15.67627083333332,1,0.39144323260499425,ml_v6,2026-03
298690,short,2026-03-23 06:55:00,2026-03-23 07:00:00,2026-03-23 07:01:00,4220.182,4195.3903666666665,TP,24.531633333333318,1,0.3912537562566155,ml_v6,2026-03
298692,short,2026-03-23 07:05:00,2026-03-23 07:10:00,2026-03-23 07:14:00,4157.901,4132.7252499999995,TP,24.915749999999985,4,0.39118338615609594,ml_v6,2026-03
298694,short,2026-03-23 07:15:00,2026-03-23 07:20:00,2026-03-23 07:24:00,4116.964,4132.950909722223,SL,-16.246909722222217,4,0.39164469630433507,ml_v6,2026-03
298696,short,2026-03-23 07:25:00,2026-03-23 07:30:00,2026-03-23 07:31:00,4136.039,4152.21109375,SL,-16.432093749999996,1,0.39120528277925193,ml_v6,2026-03
298699,short,2026-03-23 07:40:00,2026-03-23 07:45:00,2026-03-23 07:48:00,4214.862,4231.347861111111,SL,-16.745861111111108,3,0.3925867259053608,ml_v6,2026-03
298701,short,2026-03-23 07:50:00,2026-03-23 07:55:00,2026-03-23 08:00:00,4198.361,4214.991041666666,SL,-16.890041666666658,5,0.39320712991537954,ml_v6,2026-03
298704,short,2026-03-23 08:05:00,2026-03-23 08:10:00,2026-03-23 08:14:00,4233.633,4250.419517361111,SL,-17.04651736111111,4,0.39459092025599174,ml_v6,2026-03
298706,short,2026-03-23 08:15:00,2026-03-23 08:20:00,2026-03-23 08:30:00,4220.068,4237.074197916667,SL,-17.26619791666667,10,0.39348052151980306,ml_v6,2026-03
298710,short,2026-03-23 08:35:00,2026-03-23 08:40:00,2026-03-23 08:42:00,4237.931,4255.264895833333,SL,-17.59389583333333,2,0.3925432459757261,ml_v6,2026-03
298712,short,2026-03-23 08:45:00,2026-03-23 08:50:00,2026-03-23 09:00:00,4241.723,4259.194434027778,SL,-17.75143402777778,10,0.39327301404173215,ml_v6,2026-03
298716,short,2026-03-23 09:05:00,2026-03-23 09:10:00,2026-03-23 09:15:00,4254.076,4271.70065625,SL,-17.904656250000002,5,0.3960892235771196,ml_v6,2026-03
298719,short,2026-03-23 09:20:00,2026-03-23 09:25:00,2026-03-23 09:30:00,4288.802,4306.529638888888,SL,-18.00763888888889,5,0.3965198804177951,ml_v6,2026-03
298722,short,2026-03-23 09:35:00,2026-03-23 09:40:00,2026-03-23 10:02:00,4240.801,4258.684263888889,SL,-18.163263888888892,22,0.3946183878000209,ml_v6,2026-03
298728,short,2026-03-23 10:05:00,2026-03-23 10:10:00,2026-03-23 10:50:00,4261.494,4279.52125,SL,-18.28725,40,0.39426012954091005,ml_v6,2026-03
298739,short,2026-03-23 11:00:00,2026-03-23 11:05:00,2026-03-23 11:06:00,4282.293,4300.600305555555,SL,-18.58730555555554,1,0.3908357085881131,ml_v6,2026-03
298906,short,2026-03-24 01:55:00,2026-03-24 02:00:00,2026-03-24 02:22:00,4322.366,4344.087010416667,SL,-22.08501041666666,22,0.3909366118315414,ml_v6,2026-03
298918,short,2026-03-24 02:55:00,2026-03-24 03:00:00,2026-03-24 04:19:00,4365.943,4331.770233333334,TP,33.808766666666656,79,0.39216860836911666,ml_v6,2026-03
298961,short,2026-03-24 06:30:00,2026-03-24 06:35:00,2026-03-24 07:00:00,4385.444,4406.558927083333,SL,-21.450927083333326,25,0.39067465036355437,ml_v6,2026-03
299031,short,2026-03-24 12:20:00,2026-03-24 12:25:00,2026-03-24 12:37:00,4401.172,4373.900922222222,TP,26.907077777777765,12,0.3925350553439586,ml_v6,2026-03
299040,short,2026-03-24 13:05:00,2026-03-24 13:10:00,2026-03-24 14:00:00,4368.623,4385.15075,SL,-16.891750000000002,50,0.39120203291392974,ml_v6,2026-03
299127,long,2026-03-24 20:20:00,2026-03-24 20:25:00,2026-03-24 20:29:00,4463.359,4449.6009722222225,SL,-14.122027777777793,4,0.4465638438319746,ml_v6,2026-03
299129,long,2026-03-24 20:30:00,2026-03-24 20:35:00,2026-03-24 20:54:00,4458.677,4480.833838888889,TP,21.79283888888892,19,0.45198093350085033,ml_v6,2026-03
299135,long,2026-03-24 22:00:00,2026-03-24 22:05:00,2026-03-24 22:30:00,4479.471,4465.586343749999,SL,-14.352656250000015,25,0.44607036528641275,ml_v6,2026-03
299142,long,2026-03-24 22:35:00,2026-03-24 22:40:00,2026-03-24 23:16:00,4464.548,4486.812161111111,TP,21.900161111111164,36,0.44392789113108466,ml_v6,2026-03
299195,long,2026-03-25 03:00:00,2026-03-25 03:05:00,2026-03-25 05:21:00,4575.536,4562.79203125,SL,-13.107968750000035,136,0.4533229227281579,ml_v6,2026-03
299403,long,2026-03-25 20:20:00,2026-03-25 20:25:00,2026-03-25 20:37:00,4523.855,4514.368510416666,SL,-9.766489583333344,12,0.44675574867963025,ml_v6,2026-03
299408,long,2026-03-25 20:45:00,2026-03-25 20:50:00,2026-03-25 22:04:00,4505.968,4521.222833333333,TP,14.97483333333335,12,0.44492422082843847,ml_v6,2026-03
299413,long,2026-03-25 22:10:00,2026-03-25 22:15:00,2026-03-25 22:41:00,4512.588,4528.023627777778,TP,15.075627777777791,26,0.4487318754332311,ml_v6,2026-03
299497,long,2026-03-26 05:10:00,2026-03-26 05:15:00,2026-03-26 05:25:00,4508.839,4500.108923611111,SL,-9.010076388888882,10,0.44981583995616836,ml_v6,2026-03
299504,short,2026-03-26 05:45:00,2026-03-26 05:50:00,2026-03-26 05:55:00,4473.2,4458.917983333333,TP,14.002016666666648,5,0.3917432659474681,ml_v6,2026-03
299507,short,2026-03-26 06:00:00,2026-03-26 06:05:00,2026-03-26 06:06:00,4441.952,4427.385572222222,TP,14.286427777777766,1,0.3908457392064403,ml_v6,2026-03
299535,short,2026-03-26 08:20:00,2026-03-26 08:25:00,2026-03-26 08:43:00,4432.12,4416.9817,TP,14.858299999999987,18,0.39424102052840637,ml_v6,2026-03
299546,short,2026-03-26 09:15:00,2026-03-26 09:20:00,2026-03-26 10:21:00,4427.622,4437.258434027778,SL,-9.916434027777774,61,0.39349515224728154,ml_v6,2026-03
299562,short,2026-03-26 10:35:00,2026-03-26 10:40:00,2026-03-26 10:49:00,4431.117,4440.898857638889,SL,-10.06185763888888,9,0.393812040608265,ml_v6,2026-03
299576,short,2026-03-26 11:45:00,2026-03-26 11:50:00,2026-03-26 12:09:00,4426.498,4436.3704375,SL,-10.152437499999989,19,0.3937975715807458,ml_v6,2026-03
299687,long,2026-03-26 22:00:00,2026-03-26 22:05:00,2026-03-26 22:15:00,4387.414,4404.564672222222,TP,16.790672222222238,10,0.4459097643164569,ml_v6,2026-03
299712,long,2026-03-27 00:05:00,2026-03-27 00:10:00,2026-03-27 00:19:00,4408.284,4397.760343749999,SL,-10.803656250000008,9,0.45741313194264793,ml_v6,2026-03
299717,long,2026-03-27 00:30:00,2026-03-27 00:35:00,2026-03-27 00:47:00,4395.277,4384.747545138889,SL,-10.80945486111112,12,0.4587147054386741,ml_v6,2026-03
299730,long,2026-03-27 01:35:00,2026-03-27 01:40:00,2026-03-27 02:03:00,4417.15,4433.890505555555,TP,16.460505555555567,23,0.4461151715447432,ml_v6,2026-03
299739,long,2026-03-27 02:20:00,2026-03-27 02:25:00,2026-03-27 03:40:00,4429.113,4445.805972222222,TP,16.41297222222222,75,0.46159014126175735,ml_v6,2026-03
299756,long,2026-03-27 03:45:00,2026-03-27 03:50:00,2026-03-27 05:30:00,4434.736,4451.3989,TP,16.38289999999999,100,0.47449402193818857,ml_v6,2026-03
299857,short,2026-03-27 12:10:00,2026-03-27 12:15:00,2026-03-27 12:16:00,4424.955,4434.208142361111,SL,-9.5331423611111,1,0.3910350645987822,ml_v6,2026-03
299860,short,2026-03-27 12:25:00,2026-03-27 12:30:00,2026-03-27 12:49:00,4429.453,4438.698097222223,SL,-9.525097222222211,19,0.3934646095244719,ml_v6,2026-03
299865,short,2026-03-27 12:50:00,2026-03-27 12:55:00,2026-03-27 13:10:00,4439.521,4424.8270999999995,TP,14.41389999999998,15,0.39087184032929584,ml_v6,2026-03
299870,short,2026-03-27 13:15:00,2026-03-27 13:20:00,2026-03-27 13:26:00,4439.148,4424.553716666667,TP,14.314283333333318,6,0.39292130140603854,ml_v6,2026-03
299873,short,2026-03-27 13:30:00,2026-03-27 13:35:00,2026-03-27 13:39:00,4418.19,4427.358708333333,SL,-9.448708333333325,4,0.3923432457685692,ml_v6,2026-03
300390,short,2026-03-31 10:35:00,2026-03-31 10:40:00,2026-03-31 10:42:00,4534.249,4542.494298611111,SL,-8.5252986111111,2,0.3975386461787692,ml_v6,2026-03
300392,short,2026-03-31 10:45:00,2026-03-31 10:50:00,2026-03-31 10:57:00,4542.041,4550.3144062500005,SL,-8.55340624999999,7,0.3924461150118491,ml_v6,2026-03
300395,short,2026-03-31 11:00:00,2026-03-31 11:05:00,2026-03-31 11:11:00,4547.31,4555.609704861112,SL,-8.5797048611111,6,0.3922819472867213,ml_v6,2026-03
300416,short,2026-03-31 12:45:00,2026-03-31 12:50:00,2026-03-31 13:10:00,4573.12,4581.658684027778,SL,-8.818684027777776,20,0.391201241827452,ml_v6,2026-03
300424,short,2026-03-31 13:25:00,2026-03-31 13:30:00,2026-03-31 13:39:00,4572.86,4581.372215277777,SL,-8.79221527777778,9,0.39449321486814015,ml_v6,2026-03
300506,long,2026-03-31 20:15:00,2026-03-31 20:20:00,2026-03-31 20:37:00,4677.292,4668.528628472222,SL,-9.043371527777785,17,0.44611065561574126,ml_v6,2026-03
300511,long,2026-03-31 20:40:00,2026-03-31 20:45:00,2026-03-31 22:25:00,4668.252,4682.212038888889,TP,13.680038888888893,38,0.47137596400536996,ml_v6,2026-03
300521,long,2026-03-31 22:30:00,2026-03-31 22:35:00,2026-03-31 22:38:00,4673.107,4687.290383333333,TP,13.903383333333347,3,0.46447899759282996,ml_v6,2026-03
300579,short,2026-04-01 03:20:00,2026-04-01 03:25:00,2026-04-01 04:04:00,4689.615,4675.791938888889,TP,13.543061111111106,39,0.4053540759352862,ml_v6,2026-04
300603,short,2026-04-01 05:20:00,2026-04-01 05:25:00,2026-04-01 05:32:00,4684.227,4692.584864583333,SL,-8.637864583333329,7,0.40628716665964876,ml_v6,2026-04
300610,short,2026-04-01 05:55:00,2026-04-01 06:00:00,2026-04-01 06:12:00,4684.431,4692.8729791666665,SL,-8.721979166666662,12,0.40794860913644226,ml_v6,2026-04
300793,long,2026-04-01 22:25:00,2026-04-01 22:30:00,2026-04-01 23:06:00,4772.891,4785.811172222222,TP,12.420172222222234,36,0.521072891125903,ml_v6,2026-04
300802,long,2026-04-01 23:10:00,2026-04-01 23:15:00,2026-04-01 23:45:00,4791.375,4783.261024305555,SL,-8.393975694444443,30,0.49151761203436656,ml_v6,2026-04
300854,short,2026-04-02 03:30:00,2026-04-02 03:35:00,2026-04-02 03:50:00,4691.703,4677.832105555556,TP,13.590894444444446,15,0.4044975911903298,ml_v6,2026-04
300861,short,2026-04-02 04:05:00,2026-04-02 04:10:00,2026-04-02 05:27:00,4670.869,4679.545656249999,SL,-8.956656250000004,77,0.4116797625699782,ml_v6,2026-04
300879,short,2026-04-02 05:35:00,2026-04-02 05:40:00,2026-04-02 05:44:00,4646.567,4632.387511111111,TP,13.89948888888891,4,0.40464918036932107,ml_v6,2026-04
300906,short,2026-04-02 07:50:00,2026-04-02 07:55:00,2026-04-02 08:11:00,4644.961,4629.431611111111,TP,15.249388888888902,16,0.40359783822819506,ml_v6,2026-04
301058,long,2026-04-02 20:30:00,2026-04-02 20:35:00,2026-04-05 22:01:00,4672.323,4661.7830347222225,SL,-10.819965277777762,23,0.4879684380946716,ml_v6,2026-04
301386,short,2026-04-07 01:50:00,2026-04-07 01:55:00,2026-04-07 02:10:00,4627.037,4634.082222222222,SL,-7.325222222222224,15,0.4044568995298604,ml_v6,2026-04
301391,short,2026-04-07 02:15:00,2026-04-07 02:20:00,2026-04-07 02:30:00,4630.659,4637.69965625,SL,-7.32065625,10,0.4059031019272069,ml_v6,2026-04
301395,short,2026-04-07 02:35:00,2026-04-07 02:40:00,2026-04-07 02:46:00,4641.985,4648.951982638889,SL,-7.246982638888892,6,0.4091097531297254,ml_v6,2026-04
301401,short,2026-04-07 03:05:00,2026-04-07 03:10:00,2026-04-07 04:30:00,4646.05,4652.988538194445,SL,-7.218538194444454,80,0.4063045306509704,ml_v6,2026-04
301687,long,2026-04-08 03:55:00,2026-04-08 04:00:00,2026-04-08 05:25:00,4797.672,4812.406461111111,TP,14.454461111111074,85,0.4885095026183004,ml_v6,2026-04
301713,long,2026-04-08 06:05:00,2026-04-08 06:10:00,2026-04-08 06:36:00,4824.167,4839.238961111111,TP,14.791961111111059,26,0.4838573770143091,ml_v6,2026-04
301722,long,2026-04-08 06:50:00,2026-04-08 06:55:00,2026-04-08 07:02:00,4823.451,4814.096208333333,SL,-9.71479166666663,7,0.5007233430918011,ml_v6,2026-04
301887,long,2026-04-08 20:35:00,2026-04-08 20:40:00,2026-04-08 22:12:00,4722.615,4713.678774305556,SL,-9.216225694444422,29,0.4886785773345438,ml_v6,2026-04
301897,long,2026-04-08 22:25:00,2026-04-08 22:30:00,2026-04-09 00:04:00,4713.636,4704.851427083334,SL,-9.144572916666645,94,0.48166259839329817,ml_v6,2026-04
301963,long,2026-04-09 03:55:00,2026-04-09 04:00:00,2026-04-09 04:42:00,4711.575,4723.444661111111,TP,11.589661111111095,42,0.50065611678466,ml_v6,2026-04
301973,long,2026-04-09 04:45:00,2026-04-09 04:50:00,2026-04-09 05:10:00,4721.427,4714.047781249999,SL,-7.659218749999988,20,0.5066691717977283,ml_v6,2026-04
301979,long,2026-04-09 05:15:00,2026-04-09 05:20:00,2026-04-09 05:50:00,4720.244,4712.870916666667,SL,-7.653083333333319,30,0.4895827241834819,ml_v6,2026-04
301988,long,2026-04-09 06:00:00,2026-04-09 06:05:00,2026-04-09 06:24:00,4721.728,4714.300847222223,SL,-7.70715277777776,19,0.5010250544769217,ml_v6,2026-04
302001,long,2026-04-09 07:05:00,2026-04-09 07:10:00,2026-04-09 07:19:00,4725.235,4717.831649305555,SL,-7.683350694444432,9,0.4986984832575924,ml_v6,2026-04
302007,long,2026-04-09 07:35:00,2026-04-09 07:40:00,2026-04-09 07:45:00,4729.009,4721.536989583334,SL,-7.752010416666655,5,0.4815365511898765,ml_v6,2026-04
302011,long,2026-04-09 07:55:00,2026-04-09 08:00:00,2026-04-09 10:24:00,4724.276,4736.225816666666,TP,11.669816666666646,144,0.5103185623383057,ml_v6,2026-04
302309,short,2026-04-10 09:45:00,2026-04-10 09:50:00,2026-04-10 10:22:00,4749.702,4755.4032916666665,SL,-5.981291666666657,32,0.4052184569742602,ml_v6,2026-04
302395,short,2026-04-10 16:55:00,2026-04-10 17:00:00,2026-04-10 18:04:00,4763.702,4754.5226,TP,8.899399999999982,64,0.4080014327579462,ml_v6,2026-04
302410,short,2026-04-10 18:10:00,2026-04-10 18:15:00,2026-04-10 18:21:00,4763.341,4769.076565972223,SL,-6.015565972222206,6,0.40704971049365635,ml_v6,2026-04
302413,short,2026-04-10 18:25:00,2026-04-10 18:30:00,2026-04-10 18:34:00,4765.756,4771.477923611112,SL,-6.001923611111098,4,0.4143963405900919,ml_v6,2026-04
302415,short,2026-04-10 18:35:00,2026-04-10 18:40:00,2026-04-10 19:30:00,4771.501,4762.369383333334,TP,8.851616666666642,50,0.41198242698249454,ml_v6,2026-04
302427,short,2026-04-10 19:35:00,2026-04-10 19:40:00,2026-04-10 20:04:00,4762.602,4753.701533333333,TP,8.620466666666646,24,0.41054886076984043,ml_v6,2026-04
302592,long,2026-04-13 10:25:00,2026-04-13 10:30:00,2026-04-13 10:51:00,4712.619,4722.721761111111,TP,9.822761111111129,21,0.4818384648844564,ml_v6,2026-04
302984,long,2026-04-14 20:05:00,2026-04-14 20:10:00,2026-04-14 22:01:00,4843.836,4838.683190972222,SL,-5.432809027777784,48,0.5051581373823373,ml_v6,2026-04
302997,long,2026-04-14 22:10:00,2026-04-14 22:15:00,2026-04-14 22:19:00,4844.964,4839.830673611111,SL,-5.49332638888889,4,0.5309894978812175,ml_v6,2026-04
302999,long,2026-04-14 22:20:00,2026-04-14 22:25:00,2026-04-14 22:52:00,4842.228,4837.057590277778,SL,-5.530409722222224,27,0.5117955993558652,ml_v6,2026-04
303007,long,2026-04-14 23:00:00,2026-04-14 23:05:00,2026-04-15 00:13:00,4837.337,4832.163930555556,SL,-5.453069444444448,68,0.5184462246745933,ml_v6,2026-04
303260,long,2026-04-15 20:05:00,2026-04-15 20:10:00,2026-04-15 20:48:00,4794.136,4788.9160694444445,SL,-5.499930555555544,38,0.49234654127678273,ml_v6,2026-04
303269,long,2026-04-15 20:50:00,2026-04-15 20:55:00,2026-04-15 22:02:00,4788.412,4796.730727777778,TP,8.03872777777778,3,0.5330450532337361,ml_v6,2026-04
303272,long,2026-04-15 22:05:00,2026-04-15 22:10:00,2026-04-15 22:46:00,4795.593,4803.934277777777,TP,7.9812777777777795,36,0.5760530727945005,ml_v6,2026-04
303281,long,2026-04-15 22:50:00,2026-04-15 22:55:00,2026-04-15 23:30:00,4810.552,4819.000866666666,TP,8.168866666666664,35,0.5136317300487854,ml_v6,2026-04
303290,long,2026-04-15 23:35:00,2026-04-15 23:40:00,2026-04-16 00:00:00,4821.292,4829.630494444445,TP,8.058494444444442,20,0.50165457112177,ml_v6,2026-04
303296,long,2026-04-16 00:05:00,2026-04-16 00:10:00,2026-04-16 00:22:00,4830.73,4825.522947916666,SL,-5.487052083333332,12,0.4824401798611474,ml_v6,2026-04
303378,short,2026-04-16 06:55:00,2026-04-16 07:00:00,2026-04-16 07:10:00,4826.192,4830.960875,SL,-5.048874999999999,10,0.40489874285168775,ml_v6,2026-04
303385,short,2026-04-16 07:30:00,2026-04-16 07:35:00,2026-04-16 08:00:00,4827.087,4819.387038888889,TP,7.419961111111114,25,0.4063579075925435,ml_v6,2026-04
303405,short,2026-04-16 09:10:00,2026-04-16 09:15:00,2026-04-16 09:31:00,4816.019,4808.4539444444445,TP,7.285055555555566,16,0.4047233946019979,ml_v6,2026-04
303410,short,2026-04-16 09:35:00,2026-04-16 09:40:00,2026-04-16 10:59:00,4812.478,4817.190666666666,SL,-4.992666666666672,79,0.4045732654029699,ml_v6,2026-04
303448,short,2026-04-16 12:45:00,2026-04-16 12:50:00,2026-04-16 13:00:00,4814.978,4819.473305555555,SL,-4.775305555555569,10,0.40322669216936546,ml_v6,2026-04
303452,short,2026-04-16 13:05:00,2026-04-16 13:10:00,2026-04-16 13:20:00,4815.781,4820.265638888889,SL,-4.7646388888888955,10,0.4098293388214087,ml_v6,2026-04
303456,short,2026-04-16 13:25:00,2026-04-16 13:30:00,2026-04-16 13:34:00,4815.657,4820.146809027778,SL,-4.769809027777783,4,0.407357451602524,ml_v6,2026-04
303459,short,2026-04-16 13:40:00,2026-04-16 13:45:00,2026-04-16 13:51:00,4816.309,4809.050433333334,TP,6.978566666666678,6,0.41249849422666757,ml_v6,2026-04
303567,long,2026-04-16 23:40:00,2026-04-16 23:45:00,2026-04-17 00:00:00,4795.539,4790.949381944444,SL,-4.869618055555551,15,0.507586980427909,ml_v6,2026-04
303578,long,2026-04-17 00:35:00,2026-04-17 00:40:00,2026-04-17 01:01:00,4795.974,4791.386399305556,SL,-4.867600694444443,21,0.48927111114531285,ml_v6,2026-04
303600,long,2026-04-17 02:25:00,2026-04-17 02:30:00,2026-04-17 03:06:00,4789.086,4796.595466666667,TP,7.22946666666667,36,0.4921412599889801,ml_v6,2026-04
303609,long,2026-04-17 03:10:00,2026-04-17 03:15:00,2026-04-17 04:58:00,4795.645,4803.128561111112,TP,7.203561111111102,103,0.49443598698754865,ml_v6,2026-04
303631,long,2026-04-17 05:00:00,2026-04-17 05:05:00,2026-04-17 05:41:00,4801.302,4796.673076388888,SL,-4.908923611111093,36,0.48579426671938086,ml_v6,2026-04
303685,short,2026-04-17 09:30:00,2026-04-17 09:35:00,2026-04-17 10:00:00,4796.89,4789.478622222223,TP,7.131377777777777,25,0.40607714132010037,ml_v6,2026-04
303692,short,2026-04-17 10:05:00,2026-04-17 10:10:00,2026-04-17 10:18:00,4789.169,4793.782215277778,SL,-4.8932152777777675,8,0.4060959170390753,ml_v6,2026-04
303695,short,2026-04-17 10:20:00,2026-04-17 10:25:00,2026-04-17 10:40:00,4792.737,4785.335594444445,TP,7.121405555555539,15,0.40709343868952547,ml_v6,2026-04
303700,short,2026-04-17 10:45:00,2026-04-17 10:50:00,2026-04-17 11:28:00,4787.611,4792.222079861111,SL,-4.891079861111102,38,0.4110780467022458,ml_v6,2026-04
303709,short,2026-04-17 11:30:00,2026-04-17 11:35:00,2026-04-17 11:44:00,4793.115,4797.744052083333,SL,-4.909052083333325,9,0.4129096352450932,ml_v6,2026-04
303813,long,2026-04-17 20:10:00,2026-04-17 20:15:00,2026-04-17 20:38:00,4845.705,4840.553253472222,SL,-5.511746527777777,23,0.48521127633141964,ml_v6,2026-04
303892,short,2026-04-20 03:45:00,2026-04-20 03:50:00,2026-04-20 05:44:00,4792.346,4782.713127777777,TP,9.352872222222212,114,0.4057512814057214,ml_v6,2026-04
303928,short,2026-04-20 06:45:00,2026-04-20 06:50:00,2026-04-20 06:58:00,4787.456,4793.639826388889,SL,-6.463826388888895,8,0.40329735976166853,ml_v6,2026-04
304183,short,2026-04-21 05:00:00,2026-04-21 05:05:00,2026-04-21 05:37:00,4790.88,4795.41584375,SL,-4.815843749999957,32,0.40763629319790434,ml_v6,2026-04
304191,short,2026-04-21 05:40:00,2026-04-21 05:45:00,2026-04-21 05:50:00,4796.105,4788.8329722222215,TP,6.992027777777713,5,0.4050957404241172,ml_v6,2026-04
304226,short,2026-04-21 08:35:00,2026-04-21 08:40:00,2026-04-21 10:18:00,4788.267,4780.9909333333335,TP,6.996066666666605,98,0.40607294367404856,ml_v6,2026-04
304251,short,2026-04-21 10:40:00,2026-04-21 10:45:00,2026-04-21 11:09:00,4786.315,4779.105955555555,TP,6.9290444444443775,24,0.40677379611396547,ml_v6,2026-04
304257,short,2026-04-21 11:10:00,2026-04-21 11:15:00,2026-04-21 11:30:00,4781.635,4786.127621527778,SL,-4.7726215277777335,15,0.4073661395927852,ml_v6,2026-04
304270,short,2026-04-21 12:15:00,2026-04-21 12:20:00,2026-04-21 12:30:00,4783.773,4776.487950000001,TP,7.00504999999994,10,0.40515487504329706,ml_v6,2026-04
304390,long,2026-04-21 23:15:00,2026-04-21 23:20:00,2026-04-22 00:00:00,4731.72,4740.807433333333,TP,8.807433333333314,40,0.49608809185055097,ml_v6,2026-04
304649,long,2026-04-22 20:50:00,2026-04-22 20:55:00,2026-04-22 22:27:00,4738.881,4734.455013888889,SL,-4.705986111111077,30,0.4885106498027903,ml_v6,2026-04
304722,short,2026-04-23 03:55:00,2026-04-23 04:00:00,2026-04-23 05:03:00,4703.69,4708.359618055555,SL,-4.949618055555522,63,0.408521609765041,ml_v6,2026-04
304742,short,2026-04-23 05:35:00,2026-04-23 05:40:00,2026-04-23 05:46:00,4703.096,4707.828076388889,SL,-5.012076388888857,6,0.4075287155923725,ml_v6,2026-04
305147,short,2026-04-24 16:20:00,2026-04-24 16:25:00,2026-04-24 17:02:00,4723.876,4729.728822916667,SL,-6.132822916666621,37,0.4035062430769275,ml_v6,2026-04
305157,short,2026-04-24 17:10:00,2026-04-24 17:15:00,2026-04-24 18:27:00,4727.816,4718.564283333333,TP,8.971716666666582,72,0.40559778107937544,ml_v6,2026-04
305349,short,2026-04-27 10:10:00,2026-04-27 10:15:00,2026-04-27 10:32:00,4702.048,4706.759809027778,SL,-4.9918090277777285,17,0.40557952385660134,ml_v6,2026-04
305375,short,2026-04-27 12:20:00,2026-04-27 12:25:00,2026-04-27 12:39:00,4708.963,4701.751966666667,TP,6.931033333333247,14,0.4130014831151938,ml_v6,2026-04
305379,short,2026-04-27 12:40:00,2026-04-27 12:45:00,2026-04-27 12:48:00,4698.588,4703.067802083333,SL,-4.759802083333287,3,0.4095520674586335,ml_v6,2026-04
305381,short,2026-04-27 12:50:00,2026-04-27 12:55:00,2026-04-27 13:01:00,4702.631,4695.45408888889,TP,6.896911111111036,6,0.41111870649718996,ml_v6,2026-04
305384,short,2026-04-27 13:05:00,2026-04-27 13:10:00,2026-04-27 13:16:00,4696.093,4700.595017361111,SL,-4.782017361111064,6,0.4073199033141175,ml_v6,2026-04
305387,short,2026-04-27 13:20:00,2026-04-27 13:25:00,2026-04-27 13:35:00,4699.511,4692.341633333333,TP,6.889366666666585,10,0.4072082916447788,ml_v6,2026-04
305391,short,2026-04-27 13:40:00,2026-04-27 13:45:00,2026-04-27 14:31:00,4693.217,4686.043155555555,TP,6.893844444444366,46,0.4116234156337435,ml_v6,2026-04
305566,short,2026-04-28 05:15:00,2026-04-28 05:20:00,2026-04-28 05:21:00,4654.996,4658.636159722222,SL,-3.920159722222203,1,0.4070637695608021,ml_v6,2026-04
305568,short,2026-04-28 05:25:00,2026-04-28 05:30:00,2026-04-28 05:31:00,4658.152,4652.309494444445,TP,5.562505555555519,1,0.40460017548178445,ml_v6,2026-04
305587,short,2026-04-28 07:05:00,2026-04-28 07:10:00,2026-04-28 07:28:00,4633.863,4627.46245,TP,6.120549999999976,18,0.4063336821364796,ml_v6,2026-04
305611,short,2026-04-28 09:05:00,2026-04-28 09:10:00,2026-04-28 09:20:00,4627.091,4620.338733333334,TP,6.472266666666644,10,0.4051644774245655,ml_v6,2026-04
305761,long,2026-04-28 22:35:00,2026-04-28 22:40:00,2026-04-28 23:36:00,4594.366,4589.0878368055555,SL,-5.558163194444419,56,0.48786685230530974,ml_v6,2026-04
305774,long,2026-04-28 23:40:00,2026-04-28 23:45:00,2026-04-29 00:00:00,4589.689,4598.138188888889,TP,8.16918888888885,15,0.4916377430000572,ml_v6,2026-04
305786,long,2026-04-29 00:40:00,2026-04-29 00:45:00,2026-04-29 00:50:00,4603.501,4598.105663194445,SL,-5.675336805555534,5,0.48747535046415386,ml_v6,2026-04
305826,long,2026-04-29 04:00:00,2026-04-29 04:05:00,2026-04-29 05:03:00,4597.66,4606.627233333334,TP,8.687233333333303,58,0.4877150554619255,ml_v6,2026-04
305839,long,2026-04-29 05:05:00,2026-04-29 05:10:00,2026-04-29 05:32:00,4602.387,4596.765166666666,SL,-5.901833333333314,22,0.49282866449904755,ml_v6,2026-04
306031,long,2026-04-29 22:05:00,2026-04-29 22:10:00,2026-04-29 23:16:00,4546.226,4554.797788888888,TP,8.211788888888872,66,0.49112043271708294,ml_v6,2026-04
306046,long,2026-04-29 23:20:00,2026-04-29 23:25:00,2026-04-29 23:52:00,4550.976,4559.590811111111,TP,8.334811111111103,27,0.5373750228958336,ml_v6,2026-04
306095,long,2026-04-30 03:25:00,2026-04-30 03:30:00,2026-04-30 03:38:00,4563.403,4558.036416666667,SL,-5.646583333333324,8,0.5001466559202415,ml_v6,2026-04
306197,long,2026-04-30 11:55:00,2026-04-30 12:00:00,2026-04-30 12:58:00,4630.005,4639.221433333333,TP,8.936433333333333,58,0.48338909302579774,ml_v6,2026-04
306343,short,2026-05-01 01:05:00,2026-05-01 01:10:00,2026-05-01 02:02:00,4617.712,4622.885739583334,SL,-5.453739583333303,52,0.3868484211980886,ml_v6,2026-05
306355,short,2026-05-01 02:05:00,2026-05-01 02:10:00,2026-05-01 02:11:00,4625.991,4631.1131770833335,SL,-5.402177083333305,1,0.3956152136817504,ml_v6,2026-05
306357,long,2026-05-01 02:15:00,2026-05-01 02:20:00,2026-05-01 02:28:00,4633.781,4628.633326388889,SL,-5.427673611111082,8,0.4009486623100308,ml_v6,2026-05
306360,short,2026-05-01 02:30:00,2026-05-01 02:35:00,2026-05-01 02:46:00,4628.722,4620.55145,TP,7.890549999999963,11,0.38714755453355654,ml_v6,2026-05
306364,short,2026-05-01 02:50:00,2026-05-01 02:55:00,2026-05-01 03:29:00,4620.024,4625.113663194445,SL,-5.369663194444423,34,0.3971590922587983,ml_v6,2026-05
306372,long,2026-05-01 03:30:00,2026-05-01 03:35:00,2026-05-01 04:03:00,4630.079,4625.032628472222,SL,-5.326371527777764,28,0.40304409921204587,ml_v6,2026-05
306379,short,2026-05-01 04:05:00,2026-05-01 04:10:00,2026-05-01 04:32:00,4621.055,4613.014427777778,TP,7.760572222222197,22,0.39651924449293724,ml_v6,2026-05
306385,long,2026-05-01 04:35:00,2026-05-01 04:40:00,2026-05-01 04:49:00,4615.756,4610.734569444445,SL,-5.301430555555536,9,0.39573380834624333,ml_v6,2026-05
306388,long,2026-05-01 04:50:00,2026-05-01 04:55:00,2026-05-01 05:56:00,4610.417,4605.39873263889,SL,-5.298267361111088,61,0.3938051957709391,ml_v6,2026-05
306402,short,2026-05-01 06:00:00,2026-05-01 06:05:00,2026-05-01 06:19:00,4605.338,4597.371372222222,TP,7.686627777777724,14,0.39308476078103777,ml_v6,2026-05
306406,short,2026-05-01 06:20:00,2026-05-01 06:25:00,2026-05-01 06:41:00,4598.791,4590.822305555555,TP,7.6886944444443985,16,0.3877699014250151,ml_v6,2026-05
306411,short,2026-05-01 06:45:00,2026-05-01 06:50:00,2026-05-01 07:17:00,4592.36,4597.336569444444,SL,-5.256569444444418,27,0.3864224465076779,ml_v6,2026-05
306418,short,2026-05-01 07:20:00,2026-05-01 07:25:00,2026-05-01 07:46:00,4591.036,4583.069155555556,TP,7.686844444444411,21,0.38976908376666985,ml_v6,2026-05
306424,short,2026-05-01 07:50:00,2026-05-01 07:55:00,2026-05-01 08:17:00,4579.786,4571.811455555556,TP,7.694544444444408,22,0.4070646408391105,ml_v6,2026-05
306430,short,2026-05-01 08:20:00,2026-05-01 08:25:00,2026-05-01 09:54:00,4568.81,4560.870294444445,TP,7.6597055555555045,89,0.4024298519373215,ml_v6,2026-05
306449,long,2026-05-01 09:55:00,2026-05-01 10:00:00,2026-05-01 10:21:00,4562.517,4570.147694444444,TP,7.350694444444417,21,0.42508881653174857,ml_v6,2026-05
306455,short,2026-05-01 10:25:00,2026-05-01 10:30:00,2026-05-01 11:02:00,4571.953,4564.39565,TP,7.277349999999957,32,0.4064822147876177,ml_v6,2026-05
306463,short,2026-05-01 11:05:00,2026-05-01 11:10:00,2026-05-01 11:20:00,4567.178,4571.844305555555,SL,-4.946305555555523,10,0.4139427466905984,ml_v6,2026-05
306467,short,2026-05-01 11:25:00,2026-05-01 11:30:00,2026-05-01 11:35:00,4571.574,4576.212624999999,SL,-4.918624999999966,5,0.4117302334547296,ml_v6,2026-05
306470,short,2026-05-01 11:40:00,2026-05-01 11:45:00,2026-05-01 12:13:00,4575.701,4580.304795138889,SL,-4.883795138888858,28,0.3929986440235018,ml_v6,2026-05
306478,short,2026-05-01 12:20:00,2026-05-01 12:25:00,2026-05-01 12:26:00,4597.346,4601.955989583333,SL,-4.889989583333304,1,0.3786694800432195,ml_v6,2026-05
306483,long,2026-05-01 12:45:00,2026-05-01 12:50:00,2026-05-01 13:17:00,4592.46,4587.82425,SL,-4.915749999999967,27,0.3949909460538361,ml_v6,2026-05
306490,long,2026-05-01 13:20:00,2026-05-01 13:25:00,2026-05-01 13:29:00,4592.43,4587.832552083333,SL,-4.8774479166666405,4,0.4002697798914505,ml_v6,2026-05
306492,long,2026-05-01 13:30:00,2026-05-01 13:35:00,2026-05-01 13:40:00,4598.707,4606.087216666667,TP,7.100216666666623,5,0.4020175051915311,ml_v6,2026-05
306495,long,2026-05-01 13:45:00,2026-05-01 13:50:00,2026-05-01 13:51:00,4601.459,4608.858283333333,TP,7.119283333333294,1,0.4088631782104465,ml_v6,2026-05
306497,short,2026-05-01 13:55:00,2026-05-01 14:00:00,2026-05-01 14:01:00,4625.033,4629.716579861111,SL,-4.963579861111083,1,0.379449008991799,ml_v6,2026-05
306499,long,2026-05-01 14:05:00,2026-05-01 14:10:00,2026-05-01 14:11:00,4634.464,4642.027972222222,TP,7.28397222222218,1,0.4015650969415332,ml_v6,2026-05
306501,long,2026-05-01 14:15:00,2026-05-01 14:20:00,2026-05-01 14:24:00,4654.349,4649.550065972222,SL,-5.078934027777749,4,0.42727363962017273,ml_v6,2026-05
306503,long,2026-05-01 14:25:00,2026-05-01 14:30:00,2026-05-01 14:31:00,4644.755,4639.935607638889,SL,-5.099392361111081,1,0.4197195279732209,ml_v6,2026-05
306505,long,2026-05-01 14:35:00,2026-05-01 14:40:00,2026-05-01 14:41:00,4638.804,4633.9782118055555,SL,-5.105788194444414,1,0.4012483423639739,ml_v6,2026-05
306507,long,2026-05-01 14:45:00,2026-05-01 14:50:00,2026-05-01 15:02:00,4631.163,4626.345989583333,SL,-5.097010416666638,12,0.40870667456302145,ml_v6,2026-05
306511,short,2026-05-01 15:05:00,2026-05-01 15:10:00,2026-05-01 15:12:00,4626.561,4631.355121527778,SL,-5.074121527777754,2,0.37985532763258456,ml_v6,2026-05
306513,long,2026-05-01 15:15:00,2026-05-01 15:20:00,2026-05-01 15:28:00,4639.103,4634.2972361111115,SL,-5.085763888888866,8,0.41393212806843005,ml_v6,2026-05
306516,long,2026-05-01 15:30:00,2026-05-01 15:35:00,2026-05-01 15:46:00,4638.035,4645.681666666666,TP,7.36666666666663,11,0.40229742061756335,ml_v6,2026-05
306520,long,2026-05-01 15:50:00,2026-05-01 15:55:00,2026-05-01 16:07:00,4645.677,4640.881409722222,SL,-5.075590277777763,12,0.4150748113382572,ml_v6,2026-05
306524,short,2026-05-01 16:10:00,2026-05-01 16:15:00,2026-05-01 16:16:00,4642.544,4647.311048611111,SL,-5.047048611111098,1,0.37905616799035435,ml_v6,2026-05
306526,short,2026-05-01 16:20:00,2026-05-01 16:25:00,2026-05-01 16:33:00,4643.313,4635.648477777778,TP,7.384522222222205,8,0.3844726514849557,ml_v6,2026-05
306529,short,2026-05-01 16:35:00,2026-05-01 16:40:00,2026-05-01 17:29:00,4640.357,4632.693288888889,TP,7.383711111111095,49,0.3818579984793671,ml_v6,2026-05
306540,short,2026-05-01 17:30:00,2026-05-01 17:35:00,2026-05-01 17:53:00,4630.358,4635.124541666667,SL,-5.046541666666661,18,0.38535530009185487,ml_v6,2026-05
306545,short,2026-05-01 17:55:00,2026-05-01 18:00:00,2026-05-01 18:10:00,4629.706,4622.120322222222,TP,7.305677777777765,10,0.38776880469254194,ml_v6,2026-05
306549,short,2026-05-01 18:15:00,2026-05-01 18:20:00,2026-05-01 18:29:00,4618.775,4623.524388888888,SL,-5.029388888888878,9,0.39223250250476593,ml_v6,2026-05
306552,short,2026-05-01 18:30:00,2026-05-01 18:35:00,2026-05-01 18:47:00,4617.669,4622.417579861111,SL,-5.0285798611111066,12,0.3898270760625492,ml_v6,2026-05
306556,short,2026-05-01 18:50:00,2026-05-01 18:55:00,2026-05-01 19:35:00,4623.899,4616.301005555556,TP,7.317994444444436,40,0.39454581163444397,ml_v6,2026-05
306566,short,2026-05-01 19:40:00,2026-05-01 19:45:00,2026-05-01 20:53:00,4611.948,4616.708625,SL,-5.040624999999986,68,0.3942285539427363,ml_v6,2026-05
306583,short,2026-05-03 22:05:00,2026-05-03 22:10:00,2026-05-03 22:22:00,4622.132,4614.450216666666,TP,7.321783333333325,12,0.3928791739775714,ml_v6,2026-05
306587,short,2026-05-03 22:25:00,2026-05-03 22:30:00,2026-05-03 22:38:00,4620.775,4625.630170138888,SL,-5.135170138888882,8,0.40108071999829487,ml_v6,2026-05
306590,short,2026-05-03 22:40:00,2026-05-03 22:45:00,2026-05-03 22:53:00,4628.232,4620.428188888889,TP,7.523811111111099,8,0.39606316018379356,ml_v6,2026-05
306593,short,2026-05-03 22:55:00,2026-05-03 23:00:00,2026-05-03 23:12:00,4618.97,4611.122861111111,TP,7.567138888888867,12,0.4061711250939739,ml_v6,2026-05
306597,short,2026-05-03 23:15:00,2026-05-03 23:20:00,2026-05-04 00:01:00,4616.128,4608.283477777777,TP,7.564522222222197,41,0.3922345655752914,ml_v6,2026-05
306607,short,2026-05-04 00:05:00,2026-05-04 00:10:00,2026-05-04 00:19:00,4615.072,4607.112627777778,TP,7.679372222222207,9,0.3830104420249123,ml_v6,2026-05
306611,long,2026-05-04 00:25:00,2026-05-04 00:30:00,2026-05-04 01:00:00,4605.837,4613.91265,TP,7.79564999999998,30,0.3963941159372555,ml_v6,2026-05
306628,long,2026-05-04 01:50:00,2026-05-04 01:55:00,2026-05-04 02:00:00,4605.913,4614.085194444444,TP,7.892194444444423,5,0.3956510723927207,ml_v6,2026-05
306631,long,2026-05-04 02:05:00,2026-05-04 02:10:00,2026-05-04 02:11:00,4608.961,4603.827965277778,SL,-5.413034722222211,1,0.39389056685332535,ml_v6,2026-05
306633,short,2026-05-04 02:15:00,2026-05-04 02:20:00,2026-05-04 02:26:00,4604.863,4596.627455555556,TP,7.955544444444425,6,0.378175797611555,ml_v6,2026-05
306636,short,2026-05-04 02:30:00,2026-05-04 02:35:00,2026-05-04 02:38:00,4595.609,4600.793479166667,SL,-5.464479166666661,3,0.3863581485232307,ml_v6,2026-05
306638,long,2026-05-04 02:40:00,2026-05-04 02:45:00,2026-05-04 03:41:00,4604.112,4598.906371527778,SL,-5.485628472222221,56,0.39350501065952725,ml_v6,2026-05
306651,short,2026-05-04 03:45:00,2026-05-04 03:50:00,2026-05-04 03:58:00,4610.047,4615.284263888889,SL,-5.517263888888887,8,0.39686617610458097,ml_v6,2026-05
306654,short,2026-05-04 04:00:00,2026-05-04 04:05:00,2026-05-04 05:13:00,4610.388,4601.961172222223,TP,8.146827777777778,68,0.40139359170100697,ml_v6,2026-05
306669,short,2026-05-04 05:15:00,2026-05-04 05:20:00,2026-05-04 05:25:00,4611.092,4602.6122,TP,8.199799999999998,5,0.38827041326922396,ml_v6,2026-05
306672,short,2026-05-04 05:30:00,2026-05-04 05:35:00,2026-05-04 05:45:00,4595.719,4601.0583611111115,SL,-5.619361111111114,10,0.38689379543745517,ml_v6,2026-05
306676,short,2026-05-04 05:50:00,2026-05-04 05:55:00,2026-05-04 06:05:00,4598.244,4589.668527777778,TP,8.295472222222234,10,0.3913174615908147,ml_v6,2026-05
306680,short,2026-05-04 06:10:00,2026-05-04 06:15:00,2026-05-04 06:33:00,4597.36,4588.687544444444,TP,8.392455555555573,18,0.3794924781424953,ml_v6,2026-05
306685,short,2026-05-04 06:35:00,2026-05-04 06:40:00,2026-05-04 06:50:00,4586.706,4592.18509375,SL,-5.759093750000014,10,0.38690819845433666,ml_v6,2026-05
306689,short,2026-05-04 06:55:00,2026-05-04 07:00:00,2026-05-04 07:59:00,4588.722,4579.956966666667,TP,8.485033333333366,59,0.38759080775039423,ml_v6,2026-05
306702,short,2026-05-04 08:00:00,2026-05-04 08:05:00,2026-05-04 08:15:00,4575.608,4581.121086805556,SL,-5.793086805555563,10,0.4101420993519202,ml_v6,2026-05
306706,short,2026-05-04 08:20:00,2026-05-04 08:25:00,2026-05-04 09:14:00,4577.009,4582.4931354166665,SL,-5.764135416666671,49,0.4087147039457538,ml_v6,2026-05
306717,short,2026-05-04 09:15:00,2026-05-04 09:20:00,2026-05-04 09:58:00,4582.386,4573.7079,TP,8.398100000000015,38,0.3914448109224299,ml_v6,2026-05
306726,short,2026-05-04 10:00:00,2026-05-04 10:05:00,2026-05-04 10:06:00,4560.328,4551.584866666667,TP,8.463133333333351,1,0.4041218216613113,ml_v6,2026-05
306728,short,2026-05-04 10:10:00,2026-05-04 10:15:00,2026-05-04 10:21:00,4541.745,4532.8804,TP,8.584600000000014,6,0.3881449590307875,ml_v6,2026-05
306731,short,2026-05-04 10:25:00,2026-05-04 10:30:00,2026-05-04 10:32:00,4544.843,4550.460513888889,SL,-5.897513888888896,2,0.3886102645328945,ml_v6,2026-05
306733,short,2026-05-04 10:35:00,2026-05-04 10:40:00,2026-05-04 11:01:00,4561.245,4566.91515625,SL,-5.950156250000007,21,0.3952118545023745,ml_v6,2026-05
306739,short,2026-05-04 11:05:00,2026-05-04 11:10:00,2026-05-04 11:34:00,4566.7,4557.557411111111,TP,8.86258888888889,24,0.3827175113663567,ml_v6,2026-05
306746,long,2026-05-04 11:40:00,2026-05-04 11:45:00,2026-05-04 11:58:00,4553.565,4562.7819222222215,TP,8.936922222222236,13,0.39744739274013935,ml_v6,2026-05
306750,long,2026-05-04 12:00:00,2026-05-04 12:05:00,2026-05-04 12:18:00,4562.883,4572.135638888889,TP,8.972638888888902,13,0.39892365173673916,ml_v6,2026-05
306754,long,2026-05-04 12:20:00,2026-05-04 12:25:00,2026-05-04 12:27:00,4572.394,4566.574048611112,SL,-6.099951388888894,2,0.4043663772358383,ml_v6,2026-05
306756,long,2026-05-04 12:30:00,2026-05-04 12:35:00,2026-05-04 12:53:00,4566.133,4575.462066666667,TP,9.049066666666683,18,0.40123626799236717,ml_v6,2026-05
306761,long,2026-05-04 12:55:00,2026-05-04 13:00:00,2026-05-04 13:01:00,4568.192,4562.312100694445,SL,-6.159899305555569,1,0.39486762474260645,ml_v6,2026-05
306763,long,2026-05-04 13:05:00,2026-05-04 13:10:00,2026-05-04 13:13:00,4572.19,4566.263236111111,SL,-6.2067638888889,3,0.4006807668289145,ml_v6,2026-05
306765,long,2026-05-04 13:15:00,2026-05-04 13:20:00,2026-05-04 13:30:00,4564.956,4559.0501840277775,SL,-6.185815972222235,10,0.39683958493661664,ml_v6,2026-05
306769,long,2026-05-04 13:35:00,2026-05-04 13:40:00,2026-05-04 13:50:00,4566.601,4560.70025,SL,-6.180750000000013,10,0.39476705912917354,ml_v6,2026-05
306773,long,2026-05-04 13:55:00,2026-05-04 14:00:00,2026-05-04 14:05:00,4564.109,4558.189513888889,SL,-6.199486111111127,5,0.393875031880982,ml_v6,2026-05
306776,long,2026-05-04 14:10:00,2026-05-04 14:15:00,2026-05-04 14:18:00,4559.971,4569.469722222222,TP,9.218722222222246,3,0.3950089191971342,ml_v6,2026-05
306778,long,2026-05-04 14:20:00,2026-05-04 14:25:00,2026-05-04 14:29:00,4576.626,4570.630875,SL,-6.275125000000014,4,0.40461412335737074,ml_v6,2026-05
306780,long,2026-05-04 14:30:00,2026-05-04 14:35:00,2026-05-04 14:49:00,4576.003,4570.027458333333,SL,-6.25554166666668,14,0.40604196520427405,ml_v6,2026-05
306784,long,2026-05-04 14:50:00,2026-05-04 14:55:00,2026-05-04 14:58:00,4570.391,4564.476927083333,SL,-6.1940729166666815,3,0.39788257671388944,ml_v6,2026-05
306786,long,2026-05-04 15:00:00,2026-05-04 15:05:00,2026-05-04 15:12:00,4561.199,4555.3039548611105,SL,-6.175045138888908,7,0.3957279260720441,ml_v6,2026-05
306789,long,2026-05-04 15:15:00,2026-05-04 15:20:00,2026-05-04 15:21:00,4540.459,4534.5954062499995,SL,-6.1435937500000195,1,0.40300702266929256,ml_v6,2026-05
306791,long,2026-05-04 15:25:00,2026-05-04 15:30:00,2026-05-04 15:31:00,4537.649,4531.665020833334,SL,-6.2639791666666875,1,0.40250831843614066,ml_v6,2026-05
306793,long,2026-05-04 15:35:00,2026-05-04 15:40:00,2026-05-04 15:47:00,4534.918,4528.901128472222,SL,-6.296871527777801,7,0.4044490456700274,ml_v6,2026-05
306796,long,2026-05-04 15:50:00,2026-05-04 15:55:00,2026-05-04 15:59:00,4528.403,4522.337576388889,SL,-6.345423611111133,4,0.4057392108521175,ml_v6,2026-05
306798,long,2026-05-04 16:00:00,2026-05-04 16:05:00,2026-05-04 16:07:00,4522.223,4516.143,SL,-6.360000000000019,2,0.40126545590403706,ml_v6,2026-05
306800,long,2026-05-04 16:10:00,2026-05-04 16:15:00,2026-05-04 16:18:00,4509.692,4519.489461111111,TP,9.517461111111146,3,0.4050075037790349,ml_v6,2026-05
306803,long,2026-05-04 16:25:00,2026-05-04 16:30:00,2026-05-04 16:47:00,4514.674,4508.477777777778,SL,-6.476222222222243,17,0.4003157083411142,ml_v6,2026-05
306808,long,2026-05-04 16:50:00,2026-05-04 16:55:00,2026-05-04 17:02:00,4509.215,4519.097361111111,TP,9.602361111111131,7,0.4003670321647493,ml_v6,2026-05
306811,long,2026-05-04 17:05:00,2026-05-04 17:10:00,2026-05-04 18:19:00,4523.823,4517.624927083333,SL,-6.4780729166666795,69,0.39670300160054073,ml_v6,2026-05
306826,long,2026-05-04 18:20:00,2026-05-04 18:25:00,2026-05-04 19:24:00,4514.064,4523.931127777778,TP,9.587127777777788,59,0.39401046247089566,ml_v6,2026-05
306839,long,2026-05-04 19:25:00,2026-05-04 19:30:00,2026-05-04 19:58:00,4522.153,4515.976690972222,SL,-6.456309027777787,28,0.39728693738220294,ml_v6,2026-05
306846,long,2026-05-04 20:00:00,2026-05-04 20:05:00,2026-05-05 00:06:00,4515.316,4525.205844444445,TP,9.609844444444448,178,0.4158441277643732,ml_v6,2026-05
306884,long,2026-05-05 00:10:00,2026-05-05 00:15:00,2026-05-05 00:20:00,4527.666,4521.742868055556,SL,-6.203131944444442,5,0.4151387182562794,ml_v6,2026-05
306887,long,2026-05-05 00:25:00,2026-05-05 00:30:00,2026-05-05 00:46:00,4516.909,4526.4393,TP,9.250299999999989,16,0.4078440580178736,ml_v6,2026-05
306892,long,2026-05-05 00:50:00,2026-05-05 00:55:00,2026-05-05 01:13:00,4528.689,4538.2266500000005,TP,9.25764999999998,18,0.4362650896870335,ml_v6,2026-05
306897,long,2026-05-05 01:15:00,2026-05-05 01:20:00,2026-05-05 02:48:00,4536.943,4546.396366666667,TP,9.173366666666645,88,0.4358729622280963,ml_v6,2026-05
306916,long,2026-05-05 02:50:00,2026-05-05 02:55:00,2026-05-05 03:43:00,4541.774,4535.964361111111,SL,-6.089638888888894,48,0.43532544956418473,ml_v6,2026-05
306927,long,2026-05-05 03:45:00,2026-05-05 03:50:00,2026-05-05 04:18:00,4536.244,4530.567871527777,SL,-5.956128472222221,28,0.4332668538053044,ml_v6,2026-05
306934,long,2026-05-05 04:20:00,2026-05-05 04:25:00,2026-05-05 05:07:00,4530.736,4539.748627777778,TP,8.73262777777777,42,0.43189865277315537,ml_v6,2026-05
306944,long,2026-05-05 05:10:00,2026-05-05 05:15:00,2026-05-05 05:35:00,4540.363,4549.314211111111,TP,8.671211111111106,20,0.4267333776848725,ml_v6,2026-05
306950,long,2026-05-05 05:40:00,2026-05-05 05:45:00,2026-05-05 06:18:00,4545.918,4540.301520833333,SL,-5.896479166666668,33,0.42635815946517264,ml_v6,2026-05
306958,long,2026-05-05 06:20:00,2026-05-05 06:25:00,2026-05-05 06:35:00,4535.277,4544.253588888889,TP,8.69658888888889,10,0.4060577823322048,ml_v6,2026-05
306962,long,2026-05-05 06:40:00,2026-05-05 06:45:00,2026-05-05 07:13:00,4546.201,4555.1588,TP,8.677799999999992,28,0.3984644370471323,ml_v6,2026-05
306969,long,2026-05-05 07:15:00,2026-05-05 07:20:00,2026-05-05 07:28:00,4554.695,4549.15509375,SL,-5.819906249999995,8,0.39809084410165274,ml_v6,2026-05
306972,long,2026-05-05 07:30:00,2026-05-05 07:35:00,2026-05-05 07:46:00,4552.315,4546.808315972222,SL,-5.786684027777766,11,0.4084009844771511,ml_v6,2026-05
306976,long,2026-05-05 07:50:00,2026-05-05 07:55:00,2026-05-05 08:27:00,4545.805,4554.618605555555,TP,8.533605555555539,32,0.4109058221336165,ml_v6,2026-05
306984,short,2026-05-05 08:30:00,2026-05-05 08:35:00,2026-05-05 08:53:00,4551.399,4556.888010416667,SL,-5.769010416666664,18,0.3852779705461292,ml_v6,2026-05
306989,short,2026-05-05 08:55:00,2026-05-05 09:00:00,2026-05-05 10:26:00,4558.342,4549.577522222222,TP,8.484477777777784,86,0.3948273427052419,ml_v6,2026-05
307008,short,2026-05-05 10:30:00,2026-05-05 10:35:00,2026-05-05 10:44:00,4553.536,4544.72315,TP,8.53285000000001,9,0.41709785976741415,ml_v6,2026-05
307011,short,2026-05-05 10:45:00,2026-05-05 10:50:00,2026-05-05 11:09:00,4544.598,4550.116638888889,SL,-5.798638888888894,19,0.40097756984305244,ml_v6,2026-05
307016,long,2026-05-05 11:10:00,2026-05-05 11:15:00,2026-05-05 11:42:00,4552.743,4561.344727777778,TP,8.321727777777788,27,0.39767495402566033,ml_v6,2026-05
307023,short,2026-05-05 11:45:00,2026-05-05 11:50:00,2026-05-05 12:21:00,4562.346,4567.611913194444,SL,-5.5459131944444495,31,0.412608697053376,ml_v6,2026-05
307031,long,2026-05-05 12:25:00,2026-05-05 12:30:00,2026-05-05 12:31:00,4573.589,4568.2898125,SL,-5.57918750000001,1,0.41582281219928774,ml_v6,2026-05
307033,long,2026-05-05 12:35:00,2026-05-05 12:40:00,2026-05-05 12:48:00,4570.23,4564.939135416666,SL,-5.570864583333344,8,0.41743866145871733,ml_v6,2026-05
307036,short,2026-05-05 12:50:00,2026-05-05 12:55:00,2026-05-05 13:02:00,4563.161,4568.444878472223,SL,-5.563878472222234,7,0.4107228442289997,ml_v6,2026-05
307039,long,2026-05-05 13:05:00,2026-05-05 13:10:00,2026-05-05 13:17:00,4575.956,4584.450811111111,TP,8.214811111111137,7,0.40830567192126166,ml_v6,2026-05
307042,short,2026-05-05 13:20:00,2026-05-05 13:25:00,2026-05-05 13:53:00,4576.731,4582.019190972222,SL,-5.568190972222241,28,0.3929833167286706,ml_v6,2026-05
307049,long,2026-05-05 13:55:00,2026-05-05 14:00:00,2026-05-05 14:13:00,4579.619,4574.344802083333,SL,-5.554197916666683,13,0.4195654788580705,ml_v6,2026-05
307053,short,2026-05-05 14:15:00,2026-05-05 14:20:00,2026-05-05 14:22:00,4570.411,4575.68190625,SL,-5.550906250000012,2,0.38821128476805855,ml_v6,2026-05
307055,long,2026-05-05 14:25:00,2026-05-05 14:30:00,2026-05-05 14:37:00,4584.299,4578.995402777778,SL,-5.583597222222231,7,0.4250225732030608,ml_v6,2026-05
307058,long,2026-05-05 14:40:00,2026-05-05 14:45:00,2026-05-05 14:47:00,4582.734,4577.480895833333,SL,-5.533104166666678,2,0.4218040177341755,ml_v6,2026-05
307060,long,2026-05-05 14:50:00,2026-05-05 14:55:00,2026-05-05 15:42:00,4578.552,4573.308208333333,SL,-5.523791666666675,47,0.42076015443627174,ml_v6,2026-05
307071,short,2026-05-05 15:45:00,2026-05-05 15:50:00,2026-05-05 16:03:00,4573.9,4565.789572222222,TP,7.830427777777779,13,0.38685520783339156,ml_v6,2026-05
307075,short,2026-05-05 16:05:00,2026-05-05 16:10:00,2026-05-05 16:28:00,4564.441,4556.421111111111,TP,7.739888888888889,18,0.3824954821126769,ml_v6,2026-05
307080,long,2026-05-05 16:30:00,2026-05-05 16:35:00,2026-05-05 18:15:00,4557.681,4565.3181888888885,TP,7.357188888888886,100,0.39636955741987445,ml_v6,2026-05
307102,long,2026-05-05 18:20:00,2026-05-05 18:25:00,2026-05-05 18:41:00,4561.737,4557.4295,SL,-4.587500000000001,16,0.41986465974623244,ml_v6,2026-05
307107,long,2026-05-05 18:45:00,2026-05-05 18:50:00,2026-05-05 19:04:00,4562.936,4558.6441701388885,SL,-4.571829861111116,14,0.4153179250877221,ml_v6,2026-05
307111,long,2026-05-05 19:05:00,2026-05-05 19:10:00,2026-05-05 19:56:00,4557.924,4553.651572916667,SL,-4.5524270833333365,46,0.41626037033121827,ml_v6,2026-05
307122,long,2026-05-05 20:00:00,2026-05-05 20:05:00,2026-05-05 22:06:00,4554.402,4550.191163194445,SL,-4.490836805555561,58,0.42133574532836493,ml_v6,2026-05
307136,long,2026-05-05 22:10:00,2026-05-05 22:15:00,2026-05-05 22:28:00,4550.629,4546.523447916667,SL,-4.385552083333344,13,0.42757723468827047,ml_v6,2026-05
307140,long,2026-05-05 22:30:00,2026-05-05 22:35:00,2026-05-05 22:52:00,4548.949,4555.525216666666,TP,6.296216666666681,17,0.42324647284376704,ml_v6,2026-05
307145,short,2026-05-05 22:55:00,2026-05-05 23:00:00,2026-05-05 23:07:00,4573.193,4577.382315972222,SL,-4.469315972222232,7,0.3786372992462156,ml_v6,2026-05
307148,long,2026-05-05 23:10:00,2026-05-05 23:15:00,2026-05-05 23:17:00,4588.7,4584.456277777777,SL,-4.523722222222228,2,0.41559850040551327,ml_v6,2026-05
307150,long,2026-05-05 23:20:00,2026-05-05 23:25:00,2026-05-05 23:30:00,4584.449,4580.182291666666,SL,-4.546708333333343,5,0.41134061389812404,ml_v6,2026-05
307153,long,2026-05-05 23:35:00,2026-05-05 23:40:00,2026-05-05 23:49:00,4586.542,4593.409155555556,TP,6.587155555555564,9,0.4218094580672024,ml_v6,2026-05
307156,long,2026-05-05 23:50:00,2026-05-05 23:55:00,2026-05-06 00:20:00,4591.884,4598.798861111111,TP,6.634861111111128,25,0.43118128665081557,ml_v6,2026-05
307163,long,2026-05-06 00:25:00,2026-05-06 00:30:00,2026-05-06 00:35:00,4602.163,4609.21605,TP,6.773050000000015,5,0.42934982736695415,ml_v6,2026-05
307167,long,2026-05-06 00:45:00,2026-05-06 00:50:00,2026-05-06 00:55:00,4609.752,4616.839027777778,TP,6.807027777777797,5,0.39765822695594466,ml_v6,2026-05
307173,short,2026-05-06 01:15:00,2026-05-06 01:20:00,2026-05-06 01:24:00,4617.542,4622.014760416667,SL,-4.752760416666678,4,0.38011451935241586,ml_v6,2026-05
307177,short,2026-05-06 01:35:00,2026-05-06 01:40:00,2026-05-06 01:49:00,4623.745,4628.224329861111,SL,-4.759329861111126,9,0.3792219713840192,ml_v6,2026-05
307180,long,2026-05-06 01:50:00,2026-05-06 01:55:00,2026-05-06 02:08:00,4624.576,4631.747722222222,TP,6.8917222222222465,13,0.398373377391812,ml_v6,2026-05
307184,short,2026-05-06 02:10:00,2026-05-06 02:15:00,2026-05-06 02:46:00,4633.394,4637.863416666667,SL,-4.749416666666683,31,0.3864738127078522,ml_v6,2026-05
307192,short,2026-05-06 02:50:00,2026-05-06 02:55:00,2026-05-06 03:05:00,4638.434,4642.910652777778,SL,-4.756652777777793,10,0.3893095137065598,ml_v6,2026-05
307196,short,2026-05-06 03:10:00,2026-05-06 03:15:00,2026-05-06 04:27:00,4647.893,4652.397836805556,SL,-4.784836805555572,72,0.3898951964454431,ml_v6,2026-05
307212,short,2026-05-06 04:30:00,2026-05-06 04:35:00,2026-05-06 05:09:00,4649.922,4654.47601736111,SL,-4.8340173611111235,34,0.38807831809644144,ml_v6,2026-05
307220,short,2026-05-06 05:10:00,2026-05-06 05:15:00,2026-05-06 05:31:00,4655.001,4647.634755555556,TP,7.086244444444465,16,0.38794770537918466,ml_v6,2026-05
307225,short,2026-05-06 05:35:00,2026-05-06 05:40:00,2026-05-06 05:50:00,4647.129,4651.763152777778,SL,-4.914152777777789,10,0.38755819992670465,ml_v6,2026-05
307229,short,2026-05-06 05:55:00,2026-05-06 06:00:00,2026-05-06 06:31:00,4662.781,4667.46225,SL,-4.961250000000006,31,0.3939831314874923,ml_v6,2026-05
307237,short,2026-05-06 06:35:00,2026-05-06 06:40:00,2026-05-06 07:15:00,4666.098,4658.581344444445,TP,7.236655555555553,35,0.39380866869223474,ml_v6,2026-05
307249,long,2026-05-06 07:35:00,2026-05-06 07:40:00,2026-05-06 07:45:00,4665.006,4672.501638888889,TP,7.21563888888888,5,0.41873175967531145,ml_v6,2026-05
307252,short,2026-05-06 07:50:00,2026-05-06 07:55:00,2026-05-06 07:59:00,4674.411,4679.1216909722225,SL,-4.990690972222216,4,0.37983546612444485,ml_v6,2026-05
307254,short,2026-05-06 08:00:00,2026-05-06 08:05:00,2026-05-06 08:50:00,4677.688,4682.410180555556,SL,-5.002180555555557,45,0.38375134784596243,ml_v6,2026-05
307265,long,2026-05-06 08:55:00,2026-05-06 09:00:00,2026-05-06 09:03:00,4699.85,4695.05320138889,SL,-5.076798611111111,3,0.39496188573531066,ml_v6,2026-05
307267,short,2026-05-06 09:05:00,2026-05-06 09:10:00,2026-05-06 09:18:00,4694.814,4699.663003472223,SL,-5.129003472222216,8,0.3811788028475571,ml_v6,2026-05
307270,long,2026-05-06 09:20:00,2026-05-06 09:25:00,2026-05-06 09:28:00,4695.944,4703.743488888889,TP,7.519488888888875,3,0.4012182314326472,ml_v6,2026-05
307272,long,2026-05-06 09:30:00,2026-05-06 09:35:00,2026-05-06 09:42:00,4703.743,4698.8252951388895,SL,-5.197704861111101,7,0.4026953416621487,ml_v6,2026-05
307275,long,2026-05-06 09:45:00,2026-05-06 09:50:00,2026-05-06 10:09:00,4701.177,4696.226954861111,SL,-5.230045138888878,19,0.4069993483578961,ml_v6,2026-05
307280,long,2026-05-06 10:10:00,2026-05-06 10:15:00,2026-05-06 10:30:00,4697.997,4705.913688888889,TP,7.636688888888863,15,0.4191482461471947,ml_v6,2026-05
307286,long,2026-05-06 10:40:00,2026-05-06 10:45:00,2026-05-06 10:49:00,4714.019,4709.0506875,SL,-5.24831249999998,4,0.4097187212767402,ml_v6,2026-05
307288,long,2026-05-06 10:50:00,2026-05-06 10:55:00,2026-05-06 10:56:00,4721.526,4716.507256944445,SL,-5.298743055555537,1,0.4069302775051749,ml_v6,2026-05
307290,long,2026-05-06 11:00:00,2026-05-06 11:05:00,2026-05-06 11:28:00,4713.498,4708.448204861111,SL,-5.329795138888872,23,0.41121398881937626,ml_v6,2026-05
307296,long,2026-05-06 11:30:00,2026-05-06 11:35:00,2026-05-06 11:40:00,4713.358,4708.245951388889,SL,-5.3920486111111,5,0.4063406233088155,ml_v6,2026-05
307299,long,2026-05-06 11:45:00,2026-05-06 11:50:00,2026-05-06 11:57:00,4697.875,4692.717520833334,SL,-5.4374791666666615,7,0.4053140713260873,ml_v6,2026-05
307302,long,2026-05-06 12:00:00,2026-05-06 12:05:00,2026-05-06 12:06:00,4685.477,4680.282631944444,SL,-5.47436805555555,1,0.3991112374836163,ml_v6,2026-05
307304,long,2026-05-06 12:10:00,2026-05-06 12:15:00,2026-05-06 12:18:00,4673.057,4667.833399305556,SL,-5.5036006944444384,3,0.4083286820580493,ml_v6,2026-05
307306,long,2026-05-06 12:20:00,2026-05-06 12:25:00,2026-05-06 12:54:00,4682.74,4677.4511875,SL,-5.568812499999994,29,0.3982178966784027,ml_v6,2026-05
307313,long,2026-05-06 12:55:00,2026-05-06 13:00:00,2026-05-06 13:01:00,4683.321,4691.831272222222,TP,8.230272222222213,1,0.39428382914108495,ml_v6,2026-05
307315,long,2026-05-06 13:05:00,2026-05-06 13:10:00,2026-05-06 13:14:00,4673.321,4681.914216666667,TP,8.313216666666655,4,0.39827888162556246,ml_v6,2026-05
307317,long,2026-05-06 13:15:00,2026-05-06 13:20:00,2026-05-06 13:32:00,4682.706,4691.3278,TP,8.341799999999976,12,0.3957336790463531,ml_v6,2026-05
307321,long,2026-05-06 13:35:00,2026-05-06 13:40:00,2026-05-06 13:53:00,4694.406,4703.0782,TP,8.392199999999976,13,0.4191157055594718,ml_v6,2026-05
307325,long,2026-05-06 13:55:00,2026-05-06 14:00:00,2026-05-06 14:12:00,4702.19,4710.960099999999,TP,8.490099999999977,12,0.41891034212306255,ml_v6,2026-05
307329,long,2026-05-06 14:15:00,2026-05-06 14:20:00,2026-05-06 14:27:00,4712.903,4707.411861111112,SL,-5.771138888888868,7,0.40636050314432326,ml_v6,2026-05
307332,long,2026-05-06 14:30:00,2026-05-06 14:35:00,2026-05-06 14:54:00,4706.677,4701.171017361111,SL,-5.785982638888873,19,0.4184799884597594,ml_v6,2026-05
307337,long,2026-05-06 14:55:00,2026-05-06 15:00:00,2026-05-06 15:12:00,4702.793,4697.268864583333,SL,-5.804135416666645,12,0.42532383155989756,ml_v6,2026-05
307341,long,2026-05-06 15:15:00,2026-05-06 15:20:00,2026-05-06 15:29:00,4701.563,4696.067177083333,SL,-5.77582291666665,9,0.4359412208062554,ml_v6,2026-05
307344,long,2026-05-06 15:30:00,2026-05-06 15:35:00,2026-05-06 15:59:00,4694.611,4689.15575,SL,-5.735249999999988,24,0.453709327518514,ml_v6,2026-05
307350,long,2026-05-06 16:00:00,2026-05-06 16:05:00,2026-05-06 16:58:00,4686.17,4680.730652777778,SL,-5.719347222222214,53,0.410516958851351,ml_v6,2026-05
307362,long,2026-05-06 17:00:00,2026-05-06 17:05:00,2026-05-06 17:25:00,4685.827,4680.35321875,SL,-5.753781249999992,20,0.39628592925006934,ml_v6,2026-05
307368,long,2026-05-06 17:30:00,2026-05-06 17:35:00,2026-05-06 19:03:00,4682.526,4691.243622222222,TP,8.437622222222206,88,0.3972846058020993,ml_v6,2026-05
307387,long,2026-05-06 19:05:00,2026-05-06 19:10:00,2026-05-06 20:44:00,4694.13,4688.702940972223,SL,-5.707059027777767,94,0.43271809730220645,ml_v6,2026-05
307407,long,2026-05-06 20:45:00,2026-05-06 20:50:00,2026-05-06 22:11:00,4689.248,4697.969033333333,TP,8.4410333333333,18,0.4358615539181836,ml_v6,2026-05
307413,long,2026-05-06 22:15:00,2026-05-06 22:20:00,2026-05-06 22:28:00,4699.377,4693.903260416667,SL,-5.753739583333308,8,0.43527323840792204,ml_v6,2026-05
307416,long,2026-05-06 22:30:00,2026-05-06 22:35:00,2026-05-06 23:25:00,4698.029,4692.541899305556,SL,-5.767100694444416,50,0.4287155965092554,ml_v6,2026-05
307428,long,2026-05-06 23:30:00,2026-05-06 23:35:00,2026-05-07 00:42:00,4692.77,4687.264788194445,SL,-5.785211805555537,67,0.4293893412274077,ml_v6,2026-05
307444,short,2026-05-07 00:50:00,2026-05-07 00:55:00,2026-05-07 01:03:00,4686.153,4691.5592048611115,SL,-5.686204861111099,8,0.39073152979671105,ml_v6,2026-05
307447,short,2026-05-07 01:05:00,2026-05-07 01:10:00,2026-05-07 01:11:00,4697.559,4702.9764583333335,SL,-5.697458333333321,1,0.3837020891931328,ml_v6,2026-05
307449,long,2026-05-07 01:15:00,2026-05-07 01:20:00,2026-05-07 01:25:00,4712.833,4707.382624999999,SL,-5.730374999999986,5,0.4063751349359541,ml_v6,2026-05
307452,long,2026-05-07 01:30:00,2026-05-07 01:35:00,2026-05-07 01:40:00,4705.412,4714.127366666667,TP,8.43536666666664,5,0.40175935698031684,ml_v6,2026-05
307455,long,2026-05-07 01:45:00,2026-05-07 01:50:00,2026-05-07 02:07:00,4718.76,4713.261319444445,SL,-5.778680555555534,17,0.435571509135002,ml_v6,2026-05
307460,long,2026-05-07 02:10:00,2026-05-07 02:15:00,2026-05-07 04:00:00,4704.206,4698.71028125,SL,-5.775718749999984,105,0.3966788933810812,ml_v6,2026-05
307483,short,2026-05-07 04:05:00,2026-05-07 04:10:00,2026-05-07 05:33:00,4700.03,4705.430868055555,SL,-5.680868055555545,83,0.38447752100391897,ml_v6,2026-05
307501,short,2026-05-07 05:35:00,2026-05-07 05:40:00,2026-05-07 06:16:00,4705.151,4710.519204861111,SL,-5.648204861111104,36,0.3904899774787659,ml_v6,2026-05
307510,long,2026-05-07 06:20:00,2026-05-07 06:25:00,2026-05-07 06:31:00,4713.345,4721.911422222222,TP,8.28642222222222,6,0.44388458658831453,ml_v6,2026-05
307513,long,2026-05-07 06:35:00,2026-05-07 06:40:00,2026-05-07 06:54:00,4742.407,4736.984305555556,SL,-5.702694444444444,14,0.4325135764890158,ml_v6,2026-05
307517,long,2026-05-07 06:55:00,2026-05-07 07:00:00,2026-05-07 07:03:00,4739.274,4733.840586805556,SL,-5.7134131944444455,3,0.4127536219223027,ml_v6,2026-05
307519,long,2026-05-07 07:05:00,2026-05-07 07:10:00,2026-05-07 07:25:00,4744.606,4739.15075,SL,-5.735250000000001,15,0.4041596008547984,ml_v6,2026-05
307524,long,2026-05-07 07:30:00,2026-05-07 07:35:00,2026-05-07 08:01:00,4741.975,4750.737372222223,TP,8.482372222222228,26,0.4051900723379176,ml_v6,2026-05
307531,long,2026-05-07 08:05:00,2026-05-07 08:10:00,2026-05-07 08:14:00,4748.118,4742.608506944445,SL,-5.78949305555556,4,0.3966577279294775,ml_v6,2026-05
307533,short,2026-05-07 08:15:00,2026-05-07 08:20:00,2026-05-07 09:01:00,4736.611,4727.7879,TP,8.543100000000008,41,0.3826688916902544,ml_v6,2026-05
307544,short,2026-05-07 09:10:00,2026-05-07 09:15:00,2026-05-07 10:45:00,4734.188,4739.687190972222,SL,-5.779190972222219,90,0.37822777138343655,ml_v6,2026-05
307564,short,2026-05-07 10:50:00,2026-05-07 10:55:00,2026-05-07 11:13:00,4737.067,4728.58885,TP,8.198150000000005,18,0.39658952937927233,ml_v6,2026-05
307569,short,2026-05-07 11:15:00,2026-05-07 11:20:00,2026-05-07 11:26:00,4730.519,4735.791107638889,SL,-5.55210763888889,6,0.3908808039331565,ml_v6,2026-05
307572,short,2026-05-07 11:30:00,2026-05-07 11:35:00,2026-05-07 11:48:00,4733.984,4739.256434027779,SL,-5.552434027777779,13,0.3920723319158964,ml_v6,2026-05
307576,short,2026-05-07 11:50:00,2026-05-07 11:55:00,2026-05-07 12:00:00,4739.387,4744.615440972222,SL,-5.5084409722222265,5,0.39274576873885136,ml_v6,2026-05
307579,short,2026-05-07 12:05:00,2026-05-07 12:10:00,2026-05-07 12:13:00,4740.726,4745.934399305555,SL,-5.48839930555556,3,0.38961689757549856,ml_v6,2026-05
307581,short,2026-05-07 12:15:00,2026-05-07 12:20:00,2026-05-07 12:22:00,4742.876,4734.568272222223,TP,8.027727777777786,2,0.3873187454359555,ml_v6,2026-05
307583,short,2026-05-07 12:25:00,2026-05-07 12:30:00,2026-05-07 12:31:00,4737.963,4743.171482638889,SL,-5.488482638888894,1,0.3933027505915757,ml_v6,2026-05
307585,short,2026-05-07 12:35:00,2026-05-07 12:40:00,2026-05-07 12:41:00,4746.352,4751.567274305556,SL,-5.495274305555558,1,0.3888952210324151,ml_v6,2026-05
307587,short,2026-05-07 12:45:00,2026-05-07 12:50:00,2026-05-07 13:00:00,4752.19,4743.889883333333,TP,8.020116666666667,10,0.3814734972150765,ml_v6,2026-05
307591,short,2026-05-07 13:05:00,2026-05-07 13:10:00,2026-05-07 13:13:00,4740.86,4732.5798888888885,TP,8.000111111111108,3,0.3850081749360089,ml_v6,2026-05
307593,short,2026-05-07 13:15:00,2026-05-07 13:20:00,2026-05-07 13:29:00,4740.496,4745.637319444445,SL,-5.421319444444441,9,0.38400045105702263,ml_v6,2026-05
307596,long,2026-05-07 13:30:00,2026-05-07 13:35:00,2026-05-07 13:40:00,4755.753,4750.621444444444,SL,-5.411555555555553,5,0.4200960347931607,ml_v6,2026-05
307599,long,2026-05-07 13:45:00,2026-05-07 13:50:00,2026-05-07 14:12:00,4742.16,4750.404344444444,TP,7.964344444444444,22,0.4006647876728014,ml_v6,2026-05
307605,long,2026-05-07 14:15:00,2026-05-07 14:20:00,2026-05-07 14:25:00,4751.005,4759.157072222222,TP,7.87207222222223,5,0.4240562812809032,ml_v6,2026-05
307608,long,2026-05-07 14:30:00,2026-05-07 14:35:00,2026-05-07 14:46:00,4749.331,4757.447111111112,TP,7.836111111111115,11,0.41903451923748614,ml_v6,2026-05
307612,long,2026-05-07 14:50:00,2026-05-07 14:55:00,2026-05-07 15:13:00,4760.542,4755.496267361112,SL,-5.325732638888897,18,0.41897104177454186,ml_v6,2026-05
307617,long,2026-05-07 15:15:00,2026-05-07 15:20:00,2026-05-07 15:24:00,4754.125,4749.129114583333,SL,-5.275885416666681,4,0.42691321174998514,ml_v6,2026-05
307619,long,2026-05-07 15:25:00,2026-05-07 15:30:00,2026-05-07 15:47:00,4740.199,4735.177725694444,SL,-5.3012743055555696,17,0.4157577605390792,ml_v6,2026-05
307624,long,2026-05-07 15:50:00,2026-05-07 15:55:00,2026-05-07 15:58:00,4732.237,4727.222291666667,SL,-5.294708333333352,3,0.41240390192264453,ml_v6,2026-05
307626,long,2026-05-07 16:00:00,2026-05-07 16:05:00,2026-05-07 16:07:00,4724.24,4719.215690972222,SL,-5.304309027777798,2,0.40241252591573307,ml_v6,2026-05
307628,long,2026-05-07 16:10:00,2026-05-07 16:15:00,2026-05-07 16:18:00,4715.262,4710.236666666667,SL,-5.305333333333354,3,0.40292050952341385,ml_v6,2026-05
307630,long,2026-05-07 16:20:00,2026-05-07 16:25:00,2026-05-07 16:38:00,4717.59,4712.527524305556,SL,-5.342475694444465,13,0.40225872882351554,ml_v6,2026-05
307634,long,2026-05-07 16:40:00,2026-05-07 16:45:00,2026-05-07 17:09:00,4711.279,4719.415533333334,TP,7.856533333333364,24,0.400953788878431,ml_v6,2026-05
307640,long,2026-05-07 17:10:00,2026-05-07 17:15:00,2026-05-07 17:18:00,4714.699,4709.589159722222,SL,-5.389840277777794,3,0.3994108987301664,ml_v6,2026-05
307642,long,2026-05-07 17:20:00,2026-05-07 17:25:00,2026-05-07 17:26:00,4715.352,4710.188902777778,SL,-5.443097222222238,1,0.40538418532924775,ml_v6,2026-05
307644,short,2026-05-07 17:30:00,2026-05-07 17:35:00,2026-05-07 17:40:00,4699.181,4704.45459375,SL,-5.553593750000016,5,0.38771744188416857,ml_v6,2026-05
307647,short,2026-05-07 17:45:00,2026-05-07 17:50:00,2026-05-07 17:55:00,4699.717,4705.028020833333,SL,-5.591020833333355,5,0.38998618837941545,ml_v6,2026-05
307650,long,2026-05-07 18:00:00,2026-05-07 18:05:00,2026-05-07 18:45:00,4707.754,4702.431177083333,SL,-5.602822916666689,40,0.3990284523826807,ml_v6,2026-05
307660,short,2026-05-07 18:50:00,2026-05-07 18:55:00,2026-05-07 18:56:00,4703.184,4708.641631944444,SL,-5.737631944444463,1,0.3909936947000876,ml_v6,2026-05
307662,short,2026-05-07 19:00:00,2026-05-07 19:05:00,2026-05-07 19:08:00,4705.867,4711.361621527778,SL,-5.774621527777794,3,0.3862581353822013,ml_v6,2026-05
307664,short,2026-05-07 19:10:00,2026-05-07 19:15:00,2026-05-07 19:19:00,4709.927,4701.119699999999,TP,8.527300000000027,4,0.3862673598541404,ml_v6,2026-05
307666,short,2026-05-07 19:20:00,2026-05-07 19:25:00,2026-05-07 19:27:00,4700.562,4706.105079861111,SL,-5.823079861111128,2,0.39960793511767234,ml_v6,2026-05
307668,short,2026-05-07 19:30:00,2026-05-07 19:35:00,2026-05-07 20:02:00,4707.832,4713.4064965277785,SL,-5.854496527777797,27,0.3831672790403151,ml_v6,2026-05
307675,short,2026-05-07 20:05:00,2026-05-07 20:10:00,2026-05-07 20:37:00,4711.473,4702.413933333333,TP,8.7790666666667,27,0.3803499828912713,ml_v6,2026-05
307682,long,2026-05-07 20:40:00,2026-05-07 20:45:00,2026-05-07 20:53:00,4703.586,4697.844847222223,SL,-6.021152777777801,8,0.40414653729785355,ml_v6,2026-05
307687,short,2026-05-07 22:05:00,2026-05-07 22:10:00,2026-05-07 22:12:00,4691.105,4696.917937499999,SL,-6.312937500000026,2,0.38312740935816947,ml_v6,2026-05
307689,short,2026-05-07 22:15:00,2026-05-07 22:20:00,2026-05-07 22:45:00,4694.419,4685.0482999999995,TP,9.01070000000005,25,0.39807624419801607,ml_v6,2026-05
307696,short,2026-05-07 22:50:00,2026-05-07 22:55:00,2026-05-07 23:11:00,4686.258,4692.172253472222,SL,-6.194253472222261,16,0.39415121296138655,ml_v6,2026-05
307701,short,2026-05-07 23:15:00,2026-05-07 23:20:00,2026-05-07 23:45:00,4693.555,4699.469604166667,SL,-6.194604166666714,25,0.3815851592421763,ml_v6,2026-05
307708,long,2026-05-07 23:50:00,2026-05-07 23:55:00,2026-05-08 00:18:00,4703.447,4697.528,SL,-6.199000000000036,23,0.4173696798681928,ml_v6,2026-05
307714,short,2026-05-08 00:20:00,2026-05-08 00:25:00,2026-05-08 01:01:00,4703.78,4709.771368055555,SL,-6.2713680555555875,36,0.38324192083533665,ml_v6,2026-05
307723,short,2026-05-08 01:05:00,2026-05-08 01:10:00,2026-05-08 01:50:00,4714.772,4720.8641875,SL,-6.372187500000029,40,0.385282232591755,ml_v6,2026-05
307733,long,2026-05-08 01:55:00,2026-05-08 02:00:00,2026-05-08 02:04:00,4722.722,4732.502399999999,TP,9.500400000000065,4,0.40642459169923884,ml_v6,2026-05
307735,long,2026-05-08 02:05:00,2026-05-08 02:10:00,2026-05-08 02:15:00,4729.246,4723.132760416666,SL,-6.393239583333372,5,0.4052221074119924,ml_v6,2026-05
307738,long,2026-05-08 02:20:00,2026-05-08 02:25:00,2026-05-08 02:35:00,4721.98,4715.904305555555,SL,-6.35569444444449,10,0.4062172673888944,ml_v6,2026-05
307742,short,2026-05-08 02:40:00,2026-05-08 02:45:00,2026-05-08 02:50:00,4710.496,4716.577399305555,SL,-6.361399305555607,5,0.38316080906143835,ml_v6,2026-05
307746,short,2026-05-08 03:00:00,2026-05-08 03:05:00,2026-05-08 03:33:00,4717.118,4723.21203125,SL,-6.374031250000054,28,0.39439012777817817,ml_v6,2026-05
307753,long,2026-05-08 03:35:00,2026-05-08 03:40:00,2026-05-08 04:05:00,4723.947,4717.8529756944445,SL,-6.374024305555615,25,0.40521693499380984,ml_v6,2026-05
307760,short,2026-05-08 04:10:00,2026-05-08 04:15:00,2026-05-08 05:30:00,4715.033,4721.126381944445,SL,-6.373381944444499,75,0.38592461061469385,ml_v6,2026-05
307777,short,2026-05-08 05:35:00,2026-05-08 05:40:00,2026-05-08 05:50:00,4722.69,4728.853649305555,SL,-6.443649305555601,10,0.38694983778635,ml_v6,2026-05
307781,short,2026-05-08 05:55:00,2026-05-08 06:00:00,2026-05-08 06:01:00,4727.28,4717.391527777778,TP,9.608472222222295,1,0.3910789053475887,ml_v6,2026-05
307783,short,2026-05-08 06:05:00,2026-05-08 06:10:00,2026-05-08 06:28:00,4725.284,4731.525645833333,SL,-6.521645833333378,18,0.38973304594395064,ml_v6,2026-05
307788,short,2026-05-08 06:30:00,2026-05-08 06:35:00,2026-05-08 07:13:00,4726.713,4716.675133333333,TP,9.757866666666732,38,0.3835416578402062,ml_v6,2026-05
307797,short,2026-05-08 07:15:00,2026-05-08 07:20:00,2026-05-08 07:23:00,4715.561,4705.447972222222,TP,9.833027777777831,3,0.4012641766721454,ml_v6,2026-05
307799,short,2026-05-08 07:25:00,2026-05-08 07:30:00,2026-05-08 07:50:00,4706.475,4712.843284722223,SL,-6.648284722222253,20,0.3930800952063719,ml_v6,2026-05
307805,short,2026-05-08 07:55:00,2026-05-08 08:00:00,2026-05-08 08:16:00,4708.056,4714.335020833333,SL,-6.559020833333359,16,0.3932847775512749,ml_v6,2026-05
307810,short,2026-05-08 08:20:00,2026-05-08 08:25:00,2026-05-08 09:33:00,4719.838,4709.900872222222,TP,9.65712777777781,68,0.3972679988676493,ml_v6,2026-05
307825,short,2026-05-08 09:35:00,2026-05-08 09:40:00,2026-05-08 10:22:00,4713.472,4719.621541666666,SL,-6.429541666666677,42,0.4145139757759835,ml_v6,2026-05
307835,short,2026-05-08 10:25:00,2026-05-08 10:30:00,2026-05-08 10:37:00,4720.399,4726.513510416667,SL,-6.394510416666684,7,0.4275397627949249,ml_v6,2026-05
307838,short,2026-05-08 10:40:00,2026-05-08 10:45:00,2026-05-08 11:52:00,4724.59,4714.797105555555,TP,9.512894444444473,67,0.41688968297054874,ml_v6,2026-05
307853,short,2026-05-08 11:55:00,2026-05-08 12:00:00,2026-05-08 12:10:00,4717.765,4707.980322222223,TP,9.50467777777782,10,0.42053506628166093,ml_v6,2026-05
307857,short,2026-05-08 12:15:00,2026-05-08 12:20:00,2026-05-08 12:30:00,4707.986,4714.138486111111,SL,-6.432486111111134,10,0.4163241416256892,ml_v6,2026-05
307861,short,2026-05-08 12:35:00,2026-05-08 12:40:00,2026-05-08 12:56:00,4725.399,4731.619052083333,SL,-6.500052083333359,16,0.4258376287253147,ml_v6,2026-05
307866,short,2026-05-08 13:00:00,2026-05-08 13:05:00,2026-05-08 13:30:00,4723.24,4729.539225694444,SL,-6.579225694444469,25,0.4058333985801238,ml_v6,2026-05
307873,short,2026-05-08 13:35:00,2026-05-08 13:40:00,2026-05-08 13:52:00,4738.345,4744.65275,SL,-6.587750000000027,12,0.38135368626835286,ml_v6,2026-05
307877,short,2026-05-08 13:55:00,2026-05-08 14:00:00,2026-05-08 14:05:00,4748.007,4737.859277777778,TP,9.867722222222275,5,0.3818755803097087,ml_v6,2026-05
307880,short,2026-05-08 14:10:00,2026-05-08 14:15:00,2026-05-08 14:28:00,4731.622,4721.412861111111,TP,9.929138888888938,13,0.40086631310274456,ml_v6,2026-05
307884,short,2026-05-08 14:30:00,2026-05-08 14:35:00,2026-05-08 15:12:00,4722.146,4711.928977777778,TP,9.93702222222227,37,0.4016501180106992,ml_v6,2026-05
307893,short,2026-05-08 15:15:00,2026-05-08 15:20:00,2026-05-08 15:29:00,4706.915,4713.274361111111,SL,-6.639361111111137,9,0.3895939034150312,ml_v6,2026-05
307896,short,2026-05-08 15:30:00,2026-05-08 15:35:00,2026-05-08 16:27:00,4709.77,4716.138243055556,SL,-6.648243055555585,52,0.3893429833680994,ml_v6,2026-05
307908,short,2026-05-08 16:30:00,2026-05-08 16:35:00,2026-05-08 18:00:00,4717.171,4723.468309027778,SL,-6.5773090277778,85,0.4001108543115458,ml_v6,2026-05
307927,short,2026-05-08 18:05:00,2026-05-08 18:10:00,2026-05-08 20:18:00,4725.994,4716.31475,TP,9.399250000000032,128,0.4109086778977139,ml_v6,2026-05
307963,short,2026-05-10 22:05:00,2026-05-10 22:10:00,2026-05-10 22:12:00,4688.317,4693.8030625,SL,-5.846062500000019,2,0.3832922570058732,ml_v6,2026-05
307965,short,2026-05-10 22:15:00,2026-05-10 22:20:00,2026-05-10 22:27:00,4687.167,4692.691315972223,SL,-5.8843159722222405,7,0.38562216930919435,ml_v6,2026-05
307968,short,2026-05-10 22:30:00,2026-05-10 22:35:00,2026-05-10 23:38:00,4692.742,4698.28490625,SL,-5.90290625000002,63,0.38684490309847247,ml_v6,2026-05
307982,short,2026-05-10 23:40:00,2026-05-10 23:45:00,2026-05-11 00:00:00,4697.612,4689.033305555556,TP,8.298694444444465,15,0.3939045038274964,ml_v6,2026-05
307987,short,2026-05-11 00:05:00,2026-05-11 00:10:00,2026-05-11 00:17:00,4686.158,4677.566672222222,TP,8.311327777777805,7,0.4114628473750356,ml_v6,2026-05
307990,short,2026-05-11 00:20:00,2026-05-11 00:25:00,2026-05-11 00:31:00,4684.386,4689.802524305556,SL,-5.696524305555574,6,0.4065823269855884,ml_v6,2026-05
307993,short,2026-05-11 00:35:00,2026-05-11 00:40:00,2026-05-11 00:52:00,4687.522,4678.774488888889,TP,8.467511111111145,12,0.40264599782912913,ml_v6,2026-05
307997,short,2026-05-11 00:55:00,2026-05-11 01:00:00,2026-05-11 01:04:00,4683.624,4689.188524305556,SL,-5.844524305555583,4,0.40440788807749417,ml_v6,2026-05
307999,short,2026-05-11 01:05:00,2026-05-11 01:10:00,2026-05-11 01:17:00,4691.108,4696.732427083333,SL,-5.9044270833333625,7,0.38730879520829387,ml_v6,2026-05
308002,short,2026-05-11 01:20:00,2026-05-11 01:25:00,2026-05-11 01:31:00,4702.957,4693.9277833333335,TP,8.749216666666719,6,0.39230346870552385,ml_v6,2026-05
308005,short,2026-05-11 01:35:00,2026-05-11 01:40:00,2026-05-11 01:51:00,4695.513,4686.495844444445,TP,8.737155555555601,11,0.39649856670622496,ml_v6,2026-05
308009,short,2026-05-11 01:55:00,2026-05-11 02:00:00,2026-05-11 02:01:00,4685.755,4691.4155972222225,SL,-5.940597222222243,1,0.40260196294414363,ml_v6,2026-05
308011,short,2026-05-11 02:05:00,2026-05-11 02:10:00,2026-05-11 02:30:00,4683.985,4689.6374375,SL,-5.932437500000019,20,0.39735824886176063,ml_v6,2026-05
308017,short,2026-05-11 02:35:00,2026-05-11 02:40:00,2026-05-11 02:44:00,4698.925,4689.8880500000005,TP,8.756950000000016,4,0.3991521975705937,ml_v6,2026-05
308019,short,2026-05-11 02:45:00,2026-05-11 02:50:00,2026-05-11 02:55:00,4685.481,4676.407566666667,TP,8.793433333333349,5,0.40153898141080957,ml_v6,2026-05
308022,short,2026-05-11 03:00:00,2026-05-11 03:05:00,2026-05-11 03:13:00,4683.629,4689.314364583333,SL,-5.9653645833333435,8,0.40429972555319116,ml_v6,2026-05
308025,short,2026-05-11 03:15:00,2026-05-11 03:20:00,2026-05-11 03:53:00,4688.226,4679.137816666666,TP,8.808183333333343,33,0.39620707434629476,ml_v6,2026-05
308033,short,2026-05-11 03:55:00,2026-05-11 04:00:00,2026-05-11 04:30:00,4678.538,4669.525566666666,TP,8.732433333333347,30,0.3962330903125849,ml_v6,2026-05
308041,short,2026-05-11 04:35:00,2026-05-11 04:40:00,2026-05-11 05:33:00,4671.627,4677.240684027778,SL,-5.893684027777778,53,0.40001215681424207,ml_v6,2026-05
308053,short,2026-05-11 05:35:00,2026-05-11 05:40:00,2026-05-11 05:43:00,4674.135,4665.1085111111115,TP,8.746488888888905,3,0.39659277485177635,ml_v6,2026-05
308055,short,2026-05-11 05:45:00,2026-05-11 05:50:00,2026-05-11 05:55:00,4660.754,4651.677505555555,TP,8.796494444444463,5,0.39729691512689136,ml_v6,2026-05
308058,short,2026-05-11 06:00:00,2026-05-11 06:05:00,2026-05-11 06:12:00,4659.473,4665.184746527778,SL,-5.991746527777785,7,0.4056566147041082,ml_v6,2026-05
308061,long,2026-05-11 06:15:00,2026-05-11 06:20:00,2026-05-11 06:22:00,4670.654,4664.9232881944445,SL,-6.010711805555564,2,0.3988365433428953,ml_v6,2026-05
308063,short,2026-05-11 06:25:00,2026-05-11 06:30:00,2026-05-11 06:38:00,4667.27,4673.003427083334,SL,-6.013427083333343,8,0.3842204830907658,ml_v6,2026-05
308066,long,2026-05-11 06:40:00,2026-05-11 06:45:00,2026-05-11 07:47:00,4674.133,4668.401670138889,SL,-6.011329861111123,62,0.4120190009153587,ml_v6,2026-05
308080,long,2026-05-11 07:50:00,2026-05-11 07:55:00,2026-05-11 08:23:00,4668.953,4677.977622222223,TP,8.744622222222237,28,0.3937641754292357,ml_v6,2026-05
308087,long,2026-05-11 08:25:00,2026-05-11 08:30:00,2026-05-11 09:00:00,4671.721,4666.120642361111,SL,-5.880357638888905,30,0.40341482965973896,ml_v6,2026-05
308097,short,2026-05-11 09:15:00,2026-05-11 09:20:00,2026-05-11 09:30:00,4665.043,4656.160511111111,TP,8.602488888888924,10,0.3883995971338473,ml_v6,2026-05
308101,short,2026-05-11 09:35:00,2026-05-11 09:40:00,2026-05-11 10:24:00,4659.355,4664.9189166666665,SL,-5.84391666666669,44,0.410410791672462,ml_v6,2026-05
308111,short,2026-05-11 10:25:00,2026-05-11 10:30:00,2026-05-11 11:03:00,4663.524,4669.093437500001,SL,-5.849437500000021,33,0.384282549784772,ml_v6,2026-05
308120,long,2026-05-11 11:10:00,2026-05-11 11:15:00,2026-05-11 12:21:00,4669.509,4678.386605555555,TP,8.597605555555596,66,0.3966609695638667,ml_v6,2026-05
308140,long,2026-05-11 12:50:00,2026-05-11 12:55:00,2026-05-11 13:00:00,4692.753,4701.76845,TP,8.735450000000016,5,0.39463877547754994,ml_v6,2026-05
308143,long,2026-05-11 13:05:00,2026-05-11 13:10:00,2026-05-11 13:16:00,4716.414,4725.508605555556,TP,8.814605555555573,6,0.40238563280677864,ml_v6,2026-05
308146,long,2026-05-11 13:20:00,2026-05-11 13:25:00,2026-05-11 13:41:00,4731.397,4740.546944444444,TP,8.869944444444464,16,0.40415509245633663,ml_v6,2026-05
308151,long,2026-05-11 13:45:00,2026-05-11 13:50:00,2026-05-11 14:01:00,4737.836,4732.135274305556,SL,-5.980725694444452,11,0.4339522029361209,ml_v6,2026-05
308155,short,2026-05-11 14:05:00,2026-05-11 14:10:00,2026-05-11 14:13:00,4724.151,4729.852538194445,SL,-5.981538194444447,3,0.3945749524878604,ml_v6,2026-05
308157,short,2026-05-11 14:15:00,2026-05-11 14:20:00,2026-05-11 14:31:00,4730.751,4721.599255555556,TP,8.871744444444452,11,0.3860606674375442,ml_v6,2026-05
308161,short,2026-05-11 14:35:00,2026-05-11 14:40:00,2026-05-11 14:43:00,4726.705,4732.444232638889,SL,-6.01923263888889,3,0.3892585531962992,ml_v6,2026-05
308163,short,2026-05-11 14:45:00,2026-05-11 14:50:00,2026-05-11 15:22:00,4729.576,4735.30675,SL,-6.010750000000001,32,0.3873270921974149,ml_v6,2026-05
308171,long,2026-05-11 15:25:00,2026-05-11 15:30:00,2026-05-11 15:44:00,4732.647,4727.048121527778,SL,-5.878878472222229,14,0.4119475020485728,ml_v6,2026-05
308175,short,2026-05-11 15:45:00,2026-05-11 15:50:00,2026-05-11 16:35:00,4729.45,4720.561872222222,TP,8.608127777777796,45,0.3801240255544348,ml_v6,2026-05
308186,short,2026-05-11 16:40:00,2026-05-11 16:45:00,2026-05-11 16:59:00,4711.334,4716.782236111111,SL,-5.728236111111123,14,0.3830624951333221,ml_v6,2026-05
308192,short,2026-05-11 17:10:00,2026-05-11 17:15:00,2026-05-11 17:33:00,4718.148,4723.559701388889,SL,-5.6917013888888945,18,0.3941911224854688,ml_v6,2026-05
308197,short,2026-05-11 17:35:00,2026-05-11 17:40:00,2026-05-11 18:29:00,4721.941,4727.3575902777775,SL,-5.696590277777788,49,0.397476498458978,ml_v6,2026-05
308209,short,2026-05-11 18:35:00,2026-05-11 18:40:00,2026-05-11 19:52:00,4726.954,4732.355802083333,SL,-5.681802083333343,72,0.39349651700847244,ml_v6,2026-05
308226,long,2026-05-11 20:00:00,2026-05-11 20:05:00,2026-05-11 20:11:00,4736.907,4731.499649305556,SL,-5.687350694444454,6,0.39694689481391454,ml_v6,2026-05
308229,long,2026-05-11 20:15:00,2026-05-11 20:20:00,2026-05-11 22:08:00,4734.896,4743.581566666667,TP,8.405566666666678,45,0.3979060780045431,ml_v6,2026-05
308240,long,2026-05-11 22:10:00,2026-05-11 22:15:00,2026-05-11 22:46:00,4739.263,4747.977911111111,TP,8.354911111111134,31,0.42306656063735737,ml_v6,2026-05
308248,long,2026-05-11 22:50:00,2026-05-11 22:55:00,2026-05-11 23:11:00,4752.911,4747.423236111111,SL,-5.767763888888903,16,0.4242657774150894,ml_v6,2026-05
308253,long,2026-05-11 23:15:00,2026-05-11 23:20:00,2026-05-11 23:48:00,4751.983,4760.531327777778,TP,8.268327777777792,28,0.430092714510567,ml_v6,2026-05
308260,long,2026-05-11 23:50:00,2026-05-11 23:55:00,2026-05-12 00:01:00,4765.988,4760.639267361112,SL,-5.628732638888897,6,0.40882366552932947,ml_v6,2026-05
308263,long,2026-05-12 00:05:00,2026-05-12 00:10:00,2026-05-12 00:23:00,4768.228,4762.852246527777,SL,-5.655753472222225,13,0.39430743758025705,ml_v6,2026-05
308267,long,2026-05-12 00:25:00,2026-05-12 00:30:00,2026-05-12 00:52:00,4762.35,4756.900843750001,SL,-5.729156250000006,22,0.41197259358673627,ml_v6,2026-05
308273,long,2026-05-12 00:55:00,2026-05-12 01:00:00,2026-05-12 01:04:00,4749.411,4743.917104166667,SL,-5.773895833333337,4,0.3959706413727674,ml_v6,2026-05
308275,long,2026-05-12 01:05:00,2026-05-12 01:10:00,2026-05-12 01:12:00,4752.439,4746.919090277778,SL,-5.79990972222222,2,0.4000538350896081,ml_v6,2026-05
308277,long,2026-05-12 01:15:00,2026-05-12 01:20:00,2026-05-12 01:25:00,4748.562,4743.030055555555,SL,-5.811944444444444,5,0.3948514300566587,ml_v6,2026-05
308280,long,2026-05-12 01:30:00,2026-05-12 01:35:00,2026-05-12 01:39:00,4732.351,4726.812010416666,SL,-5.898989583333331,4,0.39550967716718893,ml_v6,2026-05
308282,long,2026-05-12 01:40:00,2026-05-12 01:45:00,2026-05-12 01:59:00,4729.182,4723.617569444445,SL,-5.8444305555555545,14,0.4023346954059681,ml_v6,2026-05
308286,long,2026-05-12 02:00:00,2026-05-12 02:05:00,2026-05-12 02:30:00,4728.748,4723.311881944444,SL,-5.716118055555549,25,0.40280589992523996,ml_v6,2026-05
308293,long,2026-05-12 02:35:00,2026-05-12 02:40:00,2026-05-12 03:45:00,4726.831,4721.484413194445,SL,-5.62658680555555,65,0.3961897716767384,ml_v6,2026-05
308308,long,2026-05-12 03:50:00,2026-05-12 03:55:00,2026-05-12 04:16:00,4719.376,4727.701238888889,TP,8.045238888888889,21,0.4012527078067306,ml_v6,2026-05
308314,long,2026-05-12 04:20:00,2026-05-12 04:25:00,2026-05-12 04:48:00,4725.249,4720.0938680555555,SL,-5.435131944444445,23,0.4086189868107094,ml_v6,2026-05
308320,long,2026-05-12 04:50:00,2026-05-12 04:55:00,2026-05-12 05:31:00,4713.614,4721.852655555555,TP,7.958655555555558,36,0.39967780945639786,ml_v6,2026-05
308329,long,2026-05-12 05:35:00,2026-05-12 05:40:00,2026-05-12 05:55:00,4716.084,4710.899798611111,SL,-5.464201388888893,15,0.4039906096181183,ml_v6,2026-05
308334,long,2026-05-12 06:00:00,2026-05-12 06:05:00,2026-05-12 06:16:00,4706.72,4701.4849722222225,SL,-5.515027777777782,11,0.40206740682828934,ml_v6,2026-05
308338,short,2026-05-12 06:20:00,2026-05-12 06:25:00,2026-05-12 06:35:00,4698.745,4704.020184027778,SL,-5.555184027777787,10,0.37990723724020603,ml_v6,2026-05
308342,long,2026-05-12 06:40:00,2026-05-12 06:45:00,2026-05-12 06:49:00,4702.461,4697.221211805556,SL,-5.519788194444452,4,0.39538761631194586,ml_v6,2026-05
308344,long,2026-05-12 06:50:00,2026-05-12 06:55:00,2026-05-12 07:02:00,4698.822,4693.587545138889,SL,-5.514454861111118,7,0.39554155064179125,ml_v6,2026-05
308347,short,2026-05-12 07:05:00,2026-05-12 07:10:00,2026-05-12 07:35:00,4694.637,4699.860572916667,SL,-5.503572916666677,25,0.3783596980004066,ml_v6,2026-05
308354,short,2026-05-12 07:40:00,2026-05-12 07:45:00,2026-05-12 08:01:00,4700.216,4705.410503472222,SL,-5.474503472222222,16,0.3780688247700786,ml_v6,2026-05
308359,long,2026-05-12 08:05:00,2026-05-12 08:10:00,2026-05-12 08:15:00,4703.384,4698.193010416667,SL,-5.470989583333334,5,0.3947710651736694,ml_v6,2026-05
308362,long,2026-05-12 08:20:00,2026-05-12 08:25:00,2026-05-12 09:44:00,4702.002,4696.805513888889,SL,-5.476486111111114,79,0.397598337325723,ml_v6,2026-05
308379,short,2026-05-12 09:45:00,2026-05-12 09:50:00,2026-05-12 10:07:00,4700.583,4705.743885416667,SL,-5.440885416666667,17,0.3835529721927414,ml_v6,2026-05
308384,short,2026-05-12 10:10:00,2026-05-12 10:15:00,2026-05-12 10:30:00,4705.067,4696.770288888889,TP,8.016711111111125,15,0.38382990666045735,ml_v6,2026-05
308389,short,2026-05-12 10:35:00,2026-05-12 10:40:00,2026-05-12 10:41:00,4686.692,4691.890791666667,SL,-5.478791666666678,1,0.3783106576222773,ml_v6,2026-05
308391,short,2026-05-12 10:45:00,2026-05-12 10:50:00,2026-05-12 11:10:00,4691.328,4696.525777777778,SL,-5.477777777777788,20,0.38100875019523156,ml_v6,2026-05
308397,short,2026-05-12 11:15:00,2026-05-12 11:20:00,2026-05-12 11:39:00,4697.612,4702.8353402777775,SL,-5.503340277777791,19,0.38169471038700536,ml_v6,2026-05
308402,short,2026-05-12 11:40:00,2026-05-12 11:45:00,2026-05-12 12:25:00,4704.149,4695.7564555555555,TP,8.112544444444467,40,0.3907294636494617,ml_v6,2026-05
308412,short,2026-05-12 12:30:00,2026-05-12 12:35:00,2026-05-12 12:37:00,4693.031,4698.353555555555,SL,-5.602555555555577,2,0.3953099461027067,ml_v6,2026-05
308414,short,2026-05-12 12:40:00,2026-05-12 12:45:00,2026-05-12 12:46:00,4702.987,4708.34725,SL,-5.640250000000018,1,0.38568555535071125,ml_v6,2026-05
308416,long,2026-05-12 12:50:00,2026-05-12 12:55:00,2026-05-12 12:56:00,4709.51,4704.124444444445,SL,-5.665555555555578,1,0.4028660452069318,ml_v6,2026-05
308418,short,2026-05-12 13:00:00,2026-05-12 13:05:00,2026-05-12 13:14:00,4696.342,4687.643727777778,TP,8.41827222222226,9,0.39957058259594286,ml_v6,2026-05
308421,short,2026-05-12 13:15:00,2026-05-12 13:20:00,2026-05-12 13:22:00,4685.502,4690.979604166667,SL,-5.757604166666686,2,0.4054547726997788,ml_v6,2026-05
308423,short,2026-05-12 13:25:00,2026-05-12 13:30:00,2026-05-12 13:38:00,4690.58,4696.005732638889,SL,-5.705732638888907,8,0.39919796618541237,ml_v6,2026-05
308426,long,2026-05-12 13:40:00,2026-05-12 13:45:00,2026-05-12 13:48:00,4698.876,4693.4139583333335,SL,-5.742041666666683,3,0.39976224709861247,ml_v6,2026-05
308428,short,2026-05-12 13:50:00,2026-05-12 13:55:00,2026-05-12 13:58:00,4691.132,4682.37815,TP,8.473850000000027,3,0.39013048163854674,ml_v6,2026-05
308430,long,2026-05-12 14:00:00,2026-05-12 14:05:00,2026-05-12 14:26:00,4690.458,4684.951809027777,SL,-5.786190972222239,21,0.4168842389354479,ml_v6,2026-05
308436,long,2026-05-12 14:30:00,2026-05-12 14:35:00,2026-05-12 14:36:00,4684.44,4678.958184027777,SL,-5.761815972222241,1,0.40838598030126805,ml_v6,2026-05
308438,long,2026-05-12 14:40:00,2026-05-12 14:45:00,2026-05-12 14:47:00,4685.888,4680.425024305556,SL,-5.742975694444465,2,0.4118415787740875,ml_v6,2026-05
308440,long,2026-05-12 14:50:00,2026-05-12 14:55:00,2026-05-12 14:57:00,4676.74,4671.290583333333,SL,-5.729416666666691,2,0.4041371419950653,ml_v6,2026-05
308442,long,2026-05-12 15:00:00,2026-05-12 15:05:00,2026-05-12 15:15:00,4669.61,4664.164805555555,SL,-5.725194444444472,10,0.39793263635953696,ml_v6,2026-05
308446,long,2026-05-12 15:20:00,2026-05-12 15:25:00,2026-05-12 15:26:00,4642.727,4651.507322222222,TP,8.500322222222257,1,0.4146162457512422,ml_v6,2026-05
308448,long,2026-05-12 15:30:00,2026-05-12 15:35:00,2026-05-12 16:03:00,4662.821,4671.636661111111,TP,8.53566111111115,28,0.4133640503991577,ml_v6,2026-05
308455,long,2026-05-12 16:05:00,2026-05-12 16:10:00,2026-05-12 17:04:00,4668.83,4677.613622222222,TP,8.503622222222251,54,0.4082537418798462,ml_v6,2026-05
308467,long,2026-05-12 17:05:00,2026-05-12 17:10:00,2026-05-12 18:27:00,4678.16,4686.936077777777,TP,8.496077777777806,77,0.39855220914425565,ml_v6,2026-05
308484,long,2026-05-12 18:30:00,2026-05-12 18:35:00,2026-05-12 19:03:00,4690.305,4698.995583333333,TP,8.410583333333351,28,0.3975220881084043,ml_v6,2026-05
308491,long,2026-05-12 19:05:00,2026-05-12 19:10:00,2026-05-12 19:33:00,4698.83,4707.609566666667,TP,8.499566666666679,23,0.4093150308517851,ml_v6,2026-05
308497,long,2026-05-12 19:35:00,2026-05-12 19:40:00,2026-05-12 20:00:00,4708.526,4717.326422222222,TP,8.520422222222228,20,0.3993828463596365,ml_v6,2026-05
308503,long,2026-05-12 20:05:00,2026-05-12 20:10:00,2026-05-12 23:08:00,4713.801,4722.626661111111,TP,8.545661111111121,116,0.40484021064024434,ml_v6,2026-05
308528,long,2026-05-12 23:10:00,2026-05-12 23:15:00,2026-05-13 00:05:00,4717.828,4726.730455555556,TP,8.622455555555561,50,0.44493624202456705,ml_v6,2026-05
308540,long,2026-05-13 00:10:00,2026-05-13 00:15:00,2026-05-13 00:59:00,4720.479,4714.876524305556,SL,-5.882475694444441,44,0.42963802856841193,ml_v6,2026-05
308550,long,2026-05-13 01:00:00,2026-05-13 01:05:00,2026-05-13 01:17:00,4711.548,4705.955930555555,SL,-5.87206944444445,12,0.3972346641608602,ml_v6,2026-05
308554,long,2026-05-13 01:20:00,2026-05-13 01:25:00,2026-05-13 01:35:00,4707.469,4701.933138888889,SL,-5.815861111111113,10,0.4004147971146551,ml_v6,2026-05
308558,long,2026-05-13 01:40:00,2026-05-13 01:45:00,2026-05-13 01:57:00,4708.745,4703.216197916667,SL,-5.80880208333334,12,0.39602041587936065,ml_v6,2026-05
308562,short,2026-05-13 02:00:00,2026-05-13 02:05:00,2026-05-13 02:30:00,4706.163,4697.395994444444,TP,8.487005555555564,25,0.38487190534589266,ml_v6,2026-05
308569,long,2026-05-13 02:35:00,2026-05-13 02:40:00,2026-05-13 02:54:00,4695.013,4689.63578125,SL,-5.657218750000004,14,0.3937350897806347,ml_v6,2026-05
308573,long,2026-05-13 02:55:00,2026-05-13 03:00:00,2026-05-13 03:29:00,4691.69,4700.282194444444,TP,8.312194444444458,29,0.39861043404933194,ml_v6,2026-05
308580,short,2026-05-13 03:30:00,2026-05-13 03:35:00,2026-05-13 03:57:00,4703.505,4694.958272222222,TP,8.266727777777788,22,0.40000936055408465,ml_v6,2026-05
308586,short,2026-05-13 04:00:00,2026-05-13 04:05:00,2026-05-13 04:22:00,4697.613,4702.915774305556,SL,-5.582774305555557,17,0.4016425388515849,ml_v6,2026-05
308591,short,2026-05-13 04:25:00,2026-05-13 04:30:00,2026-05-13 05:05:00,4701.45,4706.731479166667,SL,-5.561479166666673,35,0.40260234148928153,ml_v6,2026-05
308600,short,2026-05-13 05:10:00,2026-05-13 05:15:00,2026-05-13 05:30:00,4705.103,4696.595827777778,TP,8.227172222222244,15,0.42025334251488633,ml_v6,2026-05
308605,short,2026-05-13 05:35:00,2026-05-13 05:40:00,2026-05-13 06:01:00,4701.28,4706.596427083333,SL,-5.596427083333344,21,0.4160537911891263,ml_v6,2026-05
308611,short,2026-05-13 06:05:00,2026-05-13 06:10:00,2026-05-13 06:55:00,4710.525,4702.063483333333,TP,8.18151666666668,45,0.4156172492214981,ml_v6,2026-05
308622,short,2026-05-13 07:00:00,2026-05-13 07:05:00,2026-05-13 07:15:00,4700.472,4705.728732638889,SL,-5.5367326388888936,10,0.40931309094672297,ml_v6,2026-05
308626,short,2026-05-13 07:20:00,2026-05-13 07:25:00,2026-05-13 08:26:00,4705.141,4696.753966666666,TP,8.107033333333336,61,0.4085266310731822,ml_v6,2026-05
308640,short,2026-05-13 08:30:00,2026-05-13 08:35:00,2026-05-13 09:22:00,4697.841,4689.643538888889,TP,7.917461111111105,47,0.417266664429061,ml_v6,2026-05
308651,short,2026-05-13 09:25:00,2026-05-13 09:30:00,2026-05-13 09:44:00,4689.026,4694.152677083333,SL,-5.406677083333328,14,0.3874997717342989,ml_v6,2026-05
308655,short,2026-05-13 09:45:00,2026-05-13 09:50:00,2026-05-13 10:08:00,4696.75,4701.878704861111,SL,-5.408704861111102,18,0.40693467884520595,ml_v6,2026-05
308660,short,2026-05-13 10:10:00,2026-05-13 10:15:00,2026-05-13 10:43:00,4702.517,4694.244538888889,TP,7.99246111111109,28,0.4286394578838559,ml_v6,2026-05
308667,short,2026-05-13 10:45:00,2026-05-13 10:50:00,2026-05-13 11:30:00,4695.449,4700.583350694444,SL,-5.414350694444426,40,0.4236220044956492,ml_v6,2026-05
308677,short,2026-05-13 11:35:00,2026-05-13 11:40:00,2026-05-13 12:00:00,4704.679,4696.5751666666665,TP,7.823833333333302,20,0.3929578491874155,ml_v6,2026-05
308683,short,2026-05-13 12:05:00,2026-05-13 12:10:00,2026-05-13 12:16:00,4699.17,4691.095444444444,TP,7.79455555555552,6,0.4195942833545514,ml_v6,2026-05
308686,short,2026-05-13 12:20:00,2026-05-13 12:25:00,2026-05-13 12:30:00,4687.821,4679.749377777778,TP,7.79162222222218,5,0.40410591173862265,ml_v6,2026-05
308689,short,2026-05-13 12:35:00,2026-05-13 12:40:00,2026-05-13 12:51:00,4679.174,4684.243513888889,SL,-5.349513888888862,11,0.4112560930227031,ml_v6,2026-05
308693,short,2026-05-13 12:55:00,2026-05-13 13:00:00,2026-05-13 13:01:00,4683.8,4688.903295138889,SL,-5.383295138888857,1,0.38521095618756046,ml_v6,2026-05
308695,short,2026-05-13 13:05:00,2026-05-13 13:10:00,2026-05-13 13:18:00,4686.392,4691.496565972222,SL,-5.384565972222194,8,0.3842186350702298,ml_v6,2026-05
308698,short,2026-05-13 13:20:00,2026-05-13 13:25:00,2026-05-13 13:31:00,4693.796,4685.671711111111,TP,7.84428888888884,6,0.3895128029535908,ml_v6,2026-05
308701,short,2026-05-13 13:35:00,2026-05-13 13:40:00,2026-05-13 13:41:00,4674.406,4679.4818125,SL,-5.355812499999968,1,0.38589143330210784,ml_v6,2026-05
308703,short,2026-05-13 13:45:00,2026-05-13 13:50:00,2026-05-13 13:53:00,4672.647,4677.736722222222,SL,-5.3697222222221885,3,0.3881218225488452,ml_v6,2026-05
308705,short,2026-05-13 13:55:00,2026-05-13 14:00:00,2026-05-13 14:25:00,4679.509,4684.611211805555,SL,-5.3822118055555235,25,0.38988878259027937,ml_v6,2026-05
308712,short,2026-05-13 14:30:00,2026-05-13 14:35:00,2026-05-13 14:45:00,4690.033,4681.930466666667,TP,7.822533333333284,10,0.38656061469829806,ml_v6,2026-05
308716,short,2026-05-13 14:50:00,2026-05-13 14:55:00,2026-05-13 15:07:00,4681.217,4686.228770833333,SL,-5.291770833333303,12,0.3926534003889322,ml_v6,2026-05
308720,short,2026-05-13 15:10:00,2026-05-13 15:15:00,2026-05-13 15:33:00,4687.635,4692.5710104166665,SL,-5.216010416666638,18,0.38514577679924855,ml_v6,2026-05
308725,long,2026-05-13 15:35:00,2026-05-13 15:40:00,2026-05-13 16:24:00,4698.651,4706.456372222222,TP,7.525372222222175,44,0.4020800548591841,ml_v6,2026-05
308735,long,2026-05-13 16:25:00,2026-05-13 16:30:00,2026-05-13 16:38:00,4707.016,4702.3205312499995,SL,-4.975468749999972,8,0.4089033863140248,ml_v6,2026-05
308738,long,2026-05-13 16:40:00,2026-05-13 16:45:00,2026-05-13 16:54:00,4700.123,4695.468600694444,SL,-4.934399305555529,9,0.4248906045767378,ml_v6,2026-05
308741,long,2026-05-13 16:55:00,2026-05-13 17:00:00,2026-05-13 17:34:00,4695.556,4690.913281249999,SL,-4.922718749999976,34,0.41785266247351455,ml_v6,2026-05
308749,long,2026-05-13 17:35:00,2026-05-13 17:40:00,2026-05-13 17:59:00,4690.918,4686.2935625,SL,-4.9044374999999745,19,0.4126119004067478,ml_v6,2026-05
308754,long,2026-05-13 18:00:00,2026-05-13 18:05:00,2026-05-13 18:46:00,4688.033,4683.412798611112,SL,-4.900201388888855,41,0.39779145312845654,ml_v6,2026-05
308764,short,2026-05-13 18:50:00,2026-05-13 18:55:00,2026-05-13 20:20:00,4686.927,4691.592222222222,SL,-4.945222222222194,85,0.4017726336303963,ml_v6,2026-05
308783,long,2026-05-13 20:25:00,2026-05-13 20:30:00,2026-05-13 22:30:00,4691.138,4698.469638888889,TP,7.051638888888853,58,0.3982712007935203,ml_v6,2026-05
308797,long,2026-05-13 22:35:00,2026-05-13 22:40:00,2026-05-13 23:46:00,4698.542,4693.974788194445,SL,-4.847211805555537,66,0.39705354697538175,ml_v6,2026-05
308812,short,2026-05-13 23:50:00,2026-05-13 23:55:00,2026-05-14 00:15:00,4695.646,4700.139263888888,SL,-4.773263888888878,20,0.40266192309083326,ml_v6,2026-05
308818,short,2026-05-14 00:20:00,2026-05-14 00:25:00,2026-05-14 00:37:00,4701.767,4694.550533333333,TP,6.936466666666662,12,0.39740253987792473,ml_v6,2026-05
308822,short,2026-05-14 00:40:00,2026-05-14 00:45:00,2026-05-14 00:47:00,4699.98,4704.504388888889,SL,-4.804388888888881,2,0.4066022160711439,ml_v6,2026-05
308824,short,2026-05-14 00:50:00,2026-05-14 00:55:00,2026-05-14 00:59:00,4700.944,4705.457961805556,SL,-4.793961805555545,4,0.4120684122361703,ml_v6,2026-05
308826,short,2026-05-14 01:00:00,2026-05-14 01:05:00,2026-05-14 01:06:00,4698.357,4691.101761111111,TP,6.9752388888888746,1,0.4097344229002178,ml_v6,2026-05
308828,short,2026-05-14 01:10:00,2026-05-14 01:15:00,2026-05-14 01:16:00,4688.781,4693.352277777778,SL,-4.85127777777777,1,0.3945936159639988,ml_v6,2026-05
308830,short,2026-05-14 01:20:00,2026-05-14 01:25:00,2026-05-14 01:42:00,4692.167,4684.83423888889,TP,7.052761111111101,17,0.39598663932124584,ml_v6,2026-05
308835,short,2026-05-14 01:45:00,2026-05-14 01:50:00,2026-05-14 01:52:00,4694.401,4687.025922222222,TP,7.0950777777777585,2,0.4130410651481857,ml_v6,2026-05
308837,short,2026-05-14 01:55:00,2026-05-14 02:00:00,2026-05-14 02:03:00,4688.689,4693.32428125,SL,-4.915281249999985,3,0.4075239665699406,ml_v6,2026-05
308839,short,2026-05-14 02:05:00,2026-05-14 02:10:00,2026-05-14 02:32:00,4690.941,4695.562809027778,SL,-4.901809027777762,22,0.4144077672001534,ml_v6,2026-05
308845,short,2026-05-14 02:35:00,2026-05-14 02:40:00,2026-05-14 02:47:00,4695.397,4688.0253111111115,TP,7.091688888888856,7,0.41573492355082947,ml_v6,2026-05
308848,short,2026-05-14 02:50:00,2026-05-14 02:55:00,2026-05-14 03:26:00,4686.939,4691.592899305556,SL,-4.933899305555535,31,0.4067805528758994,ml_v6,2026-05
308856,short,2026-05-14 03:30:00,2026-05-14 03:35:00,2026-05-14 03:42:00,4684.961,4677.509327777778,TP,7.171672222222189,7,0.41639951882474835,ml_v6,2026-05
308859,short,2026-05-14 03:45:00,2026-05-14 03:50:00,2026-05-14 04:00:00,4676.799,4669.3198,TP,7.1991999999999665,10,0.4126727038365991,ml_v6,2026-05
308863,short,2026-05-14 04:05:00,2026-05-14 04:10:00,2026-05-14 04:20:00,4678.985,4683.653166666666,SL,-4.948166666666647,10,0.4037591116441056,ml_v6,2026-05
308867,short,2026-05-14 04:25:00,2026-05-14 04:30:00,2026-05-14 04:32:00,4702.066,4706.790868055556,SL,-5.004868055555529,2,0.3890538145256601,ml_v6,2026-05
308869,long,2026-05-14 04:35:00,2026-05-14 04:40:00,2026-05-14 04:58:00,4707.532,4702.7775,SL,-5.0344999999999756,18,0.41522949048667135,ml_v6,2026-05
308874,short,2026-05-14 05:00:00,2026-05-14 05:05:00,2026-05-14 05:30:00,4700.833,4693.218322222222,TP,7.334677777777746,25,0.39756197397589266,ml_v6,2026-05
308881,short,2026-05-14 05:35:00,2026-05-14 05:40:00,2026-05-14 05:59:00,4699.821,4692.173822222222,TP,7.367177777777749,19,0.38676288303563133,ml_v6,2026-05
308886,short,2026-05-14 06:00:00,2026-05-14 06:05:00,2026-05-14 06:44:00,4692.768,4697.569711805556,SL,-5.08171180555554,39,0.40006657339749113,ml_v6,2026-05
308895,short,2026-05-14 06:45:00,2026-05-14 06:50:00,2026-05-14 06:52:00,4695.69,4700.510760416666,SL,-5.100760416666648,2,0.3947868783800528,ml_v6,2026-05
308897,short,2026-05-14 06:55:00,2026-05-14 07:00:00,2026-05-14 07:27:00,4699.98,4704.793947916666,SL,-5.093947916666649,27,0.3934674981312677,ml_v6,2026-05
308904,short,2026-05-14 07:30:00,2026-05-14 07:35:00,2026-05-14 07:36:00,4710.178,4715.0188124999995,SL,-5.12081249999998,1,0.3880820820450615,ml_v6,2026-05
308906,short,2026-05-14 07:40:00,2026-05-14 07:45:00,2026-05-14 07:50:00,4709.319,4701.532211111112,TP,7.5067888888888605,5,0.39149778924044265,ml_v6,2026-05
308909,short,2026-05-14 07:55:00,2026-05-14 08:00:00,2026-05-14 08:01:00,4693.294,4698.196218749999,SL,-5.182218749999975,1,0.39299261244426037,ml_v6,2026-05
308911,short,2026-05-14 08:05:00,2026-05-14 08:10:00,2026-05-14 08:25:00,4697.566,4702.474052083333,SL,-5.188052083333309,15,0.3902250250684024,ml_v6,2026-05
308916,short,2026-05-14 08:30:00,2026-05-14 08:35:00,2026-05-14 08:48:00,4702.518,4694.6737277777775,TP,7.564272222222182,13,0.3955267053339633,ml_v6,2026-05
308920,short,2026-05-14 08:50:00,2026-05-14 08:55:00,2026-05-14 09:48:00,4694.751,4699.672850694445,SL,-5.201850694444424,53,0.4011241699118294,ml_v6,2026-05
308932,short,2026-05-14 09:50:00,2026-05-14 09:55:00,2026-05-14 10:11:00,4698.882,4703.859309027777,SL,-5.2573090277777625,16,0.4108653538917433,ml_v6,2026-05
308937,short,2026-05-14 10:15:00,2026-05-14 10:20:00,2026-05-14 11:52:00,4696.774,4701.747354166667,SL,-5.253354166666657,92,0.4135290154569458,ml_v6,2026-05
308957,short,2026-05-14 11:55:00,2026-05-14 12:00:00,2026-05-14 12:12:00,4694.081,4699.035361111111,SL,-5.234361111111117,12,0.41980704285698695,ml_v6,2026-05
308961,short,2026-05-14 12:15:00,2026-05-14 12:20:00,2026-05-14 12:21:00,4701.349,4706.32065625,SL,-5.251656250000002,1,0.4242873408997879,ml_v6,2026-05
308963,short,2026-05-14 12:25:00,2026-05-14 12:30:00,2026-05-14 12:34:00,4703.064,4708.050052083334,SL,-5.266052083333334,4,0.4190467171044262,ml_v6,2026-05
308965,short,2026-05-14 12:35:00,2026-05-14 12:40:00,2026-05-14 12:44:00,4706.223,4698.21025,TP,7.73275,4,0.4216640035322414,ml_v6,2026-05
308967,short,2026-05-14 12:45:00,2026-05-14 12:50:00,2026-05-14 13:18:00,4702.804,4694.736744444444,TP,7.7872555555555545,28,0.4076057489136874,ml_v6,2026-05
308974,short,2026-05-14 13:20:00,2026-05-14 13:25:00,2026-05-14 13:30:00,4694.894,4686.760011111111,TP,7.853988888888897,5,0.405578775685266,ml_v6,2026-05
308977,short,2026-05-14 13:35:00,2026-05-14 13:40:00,2026-05-14 13:41:00,4682.823,4674.696122222223,TP,7.846877777777787,1,0.4100190640477357,ml_v6,2026-05
308979,short,2026-05-14 13:45:00,2026-05-14 13:50:00,2026-05-14 13:52:00,4689.262,4681.030972222222,TP,7.951027777777788,2,0.38480688687423403,ml_v6,2026-05
308981,short,2026-05-14 13:55:00,2026-05-14 14:00:00,2026-05-14 14:01:00,4679.663,4684.828881944444,SL,-5.445881944444452,1,0.4099798573897042,ml_v6,2026-05
308983,short,2026-05-14 14:05:00,2026-05-14 14:10:00,2026-05-14 14:16:00,4685.858,4691.047131944445,SL,-5.469131944444445,6,0.38910001140809486,ml_v6,2026-05
308986,short,2026-05-14 14:20:00,2026-05-14 14:25:00,2026-05-14 14:35:00,4694.862,4686.533211111111,TP,8.048788888888899,10,0.39680272684474377,ml_v6,2026-05
308990,long,2026-05-14 14:40:00,2026-05-14 14:45:00,2026-05-14 14:59:00,4686.764,4681.604340277778,SL,-5.4396597222222285,14,0.40421241070327996,ml_v6,2026-05
308994,short,2026-05-14 15:00:00,2026-05-14 15:05:00,2026-05-14 15:10:00,4678.455,4683.582670138889,SL,-5.407670138888899,5,0.39036450768616077,ml_v6,2026-05
308997,long,2026-05-14 15:15:00,2026-05-14 15:20:00,2026-05-14 15:42:00,4687.279,4682.176534722223,SL,-5.382465277777788,22,0.4044295250363368,ml_v6,2026-05
309003,short,2026-05-14 15:45:00,2026-05-14 15:50:00,2026-05-14 16:07:00,4683.356,4675.2718444444445,TP,7.804155555555577,17,0.3960399447823082,ml_v6,2026-05
309008,short,2026-05-14 16:10:00,2026-05-14 16:15:00,2026-05-14 16:36:00,4678.675,4670.598155555555,TP,7.796844444444461,21,0.4004887354067173,ml_v6,2026-05
309014,short,2026-05-14 16:40:00,2026-05-14 16:45:00,2026-05-14 17:00:00,4675.554,4680.5786006944445,SL,-5.3046006944444635,15,0.38941798901916447,ml_v6,2026-05
309019,short,2026-05-14 17:05:00,2026-05-14 17:10:00,2026-05-14 18:01:00,4679.977,4671.953877777778,TP,7.743122222222248,51,0.4062902177052004,ml_v6,2026-05
309032,short,2026-05-14 18:10:00,2026-05-14 18:15:00,2026-05-14 19:19:00,4674.655,4666.693605555555,TP,7.681394444444467,64,0.38025553288701197,ml_v6,2026-05
309048,long,2026-05-14 19:30:00,2026-05-14 19:35:00,2026-05-14 19:38:00,4664.484,4659.5497187500005,SL,-5.214281250000023,3,0.39625788726493716,ml_v6,2026-05
309055,long,2026-05-14 20:05:00,2026-05-14 20:10:00,2026-05-14 20:25:00,4651.774,4646.849652777778,SL,-5.204347222222246,15,0.3981632293392001,ml_v6,2026-05
309060,long,2026-05-14 20:30:00,2026-05-14 20:35:00,2026-05-14 22:06:00,4647.843,4655.699538888889,TP,7.576538888888917,29,0.41166419832577583,ml_v6,2026-05
309068,long,2026-05-14 22:10:00,2026-05-14 22:15:00,2026-05-14 23:28:00,4655.525,4663.433716666666,TP,7.5487166666666985,73,0.4089199789184126,ml_v6,2026-05
309084,long,2026-05-14 23:30:00,2026-05-14 23:35:00,2026-05-15 00:01:00,4651.327,4646.323121527778,SL,-5.283878472222245,26,0.42070913072847027,ml_v6,2026-05
309091,long,2026-05-15 00:05:00,2026-05-15 00:10:00,2026-05-15 00:13:00,4650.606,4645.515927083333,SL,-5.370072916666685,3,0.4075215289610207,ml_v6,2026-05
309093,long,2026-05-15 00:15:00,2026-05-15 00:20:00,2026-05-15 00:22:00,4654.176,4649.041791666667,SL,-5.414208333333352,2,0.4169315910174023,ml_v6,2026-05
309095,long,2026-05-15 00:25:00,2026-05-15 00:30:00,2026-05-15 00:31:00,4629.792,4624.587986111112,SL,-5.484013888888906,1,0.424203275290289,ml_v6,2026-05
309097,long,2026-05-15 00:35:00,2026-05-15 00:40:00,2026-05-15 00:41:00,4621.708,4616.471295138888,SL,-5.516704861111125,1,0.4157704995544339,ml_v6,2026-05
309099,long,2026-05-15 00:45:00,2026-05-15 00:50:00,2026-05-15 00:51:00,4627.487,4622.209826388889,SL,-5.557173611111124,1,0.41966486675466735,ml_v6,2026-05
309101,long,2026-05-15 00:55:00,2026-05-15 01:00:00,2026-05-15 01:01:00,4629.922,4624.5815555555555,SL,-5.620444444444454,1,0.41661216157328096,ml_v6,2026-05
309103,long,2026-05-15 01:05:00,2026-05-15 01:10:00,2026-05-15 01:16:00,4610.075,4618.6849999999995,TP,8.330000000000013,6,0.43129139402612693,ml_v6,2026-05
309106,long,2026-05-15 01:20:00,2026-05-15 01:25:00,2026-05-15 01:26:00,4620.539,4615.108159722222,SL,-5.710840277777786,1,0.40036673344015195,ml_v6,2026-05
309108,long,2026-05-15 01:30:00,2026-05-15 01:35:00,2026-05-15 01:51:00,4616.241,4610.762368055555,SL,-5.758631944444455,16,0.40649248159765317,ml_v6,2026-05
309113,long,2026-05-15 01:55:00,2026-05-15 02:00:00,2026-05-15 02:56:00,4613.996,4622.83615,TP,8.56015000000003,56,0.40922238922952725,ml_v6,2026-05
309126,short,2026-05-15 03:00:00,2026-05-15 03:05:00,2026-05-15 03:21:00,4618.936,4610.2195111111105,TP,8.43648888888893,16,0.398262746822013,ml_v6,2026-05
309131,short,2026-05-15 03:25:00,2026-05-15 03:30:00,2026-05-15 04:06:00,4612.585,4618.036635416666,SL,-5.7316354166666885,36,0.395376090189816,ml_v6,2026-05
309140,short,2026-05-15 04:10:00,2026-05-15 04:15:00,2026-05-15 04:20:00,4620.155,4611.49555,TP,8.379450000000046,5,0.42061837617869835,ml_v6,2026-05
309143,short,2026-05-15 04:25:00,2026-05-15 04:30:00,2026-05-15 05:01:00,4610.977,4602.313116666666,TP,8.383883333333388,31,0.4175621359319228,ml_v6,2026-05
309151,short,2026-05-15 05:05:00,2026-05-15 05:10:00,2026-05-15 05:18:00,4593.317,4584.646783333334,TP,8.390216666666719,8,0.4022351391861313,ml_v6,2026-05
309154,short,2026-05-15 05:20:00,2026-05-15 05:25:00,2026-05-15 05:32:00,4584.77,4576.04268888889,TP,8.447311111111159,7,0.4008377966883805,ml_v6,2026-05
309157,short,2026-05-15 05:35:00,2026-05-15 05:40:00,2026-05-15 05:41:00,4569.291,4574.765815972222,SL,-5.754815972222255,1,0.39605506085727954,ml_v6,2026-05
309159,short,2026-05-15 05:45:00,2026-05-15 05:50:00,2026-05-15 05:51:00,4563.845,4569.353170138889,SL,-5.788170138888921,1,0.39297733863306994,ml_v6,2026-05
309161,short,2026-05-15 05:55:00,2026-05-15 06:00:00,2026-05-15 06:04:00,4558.595,4564.162222222222,SL,-5.8472222222222525,4,0.3938949521393871,ml_v6,2026-05
309163,short,2026-05-15 06:05:00,2026-05-15 06:10:00,2026-05-15 06:11:00,4566.739,4572.343444444444,SL,-5.884444444444473,1,0.3944488497910335,ml_v6,2026-05
309165,short,2026-05-15 06:15:00,2026-05-15 06:20:00,2026-05-15 06:48:00,4575.127,4566.102883333334,TP,8.744116666666715,28,0.3868548373963523,ml_v6,2026-05
309172,short,2026-05-15 06:50:00,2026-05-15 06:55:00,2026-05-15 07:09:00,4569.195,4574.883038194444,SL,-5.968038194444476,14,0.39114319167788597,ml_v6,2026-05
309176,short,2026-05-15 07:10:00,2026-05-15 07:15:00,2026-05-15 07:37:00,4585.709,4576.598972222222,TP,8.830027777777815,22,0.38656570644349386,ml_v6,2026-05
309182,short,2026-05-15 07:40:00,2026-05-15 07:45:00,2026-05-15 07:54:00,4577.403,4568.2531055555555,TP,8.869894444444483,9,0.3931541113764734,ml_v6,2026-05
309185,short,2026-05-15 07:55:00,2026-05-15 08:00:00,2026-05-15 08:02:00,4570.622,4561.478888888889,TP,8.863111111111149,2,0.40231718421875573,ml_v6,2026-05
309187,short,2026-05-15 08:05:00,2026-05-15 08:10:00,2026-05-15 08:17:00,4566.689,4557.470338888889,TP,8.938661111111145,7,0.40363994016459614,ml_v6,2026-05
309190,short,2026-05-15 08:20:00,2026-05-15 08:25:00,2026-05-15 08:30:00,4560.239,4550.976294444444,TP,8.982705555555597,5,0.39859160562164975,ml_v6,2026-05
309193,short,2026-05-15 08:35:00,2026-05-15 08:40:00,2026-05-15 09:05:00,4558.095,4563.869149305556,SL,-6.054149305555574,25,0.40073544359793295,ml_v6,2026-05
309200,short,2026-05-15 09:10:00,2026-05-15 09:15:00,2026-05-15 09:25:00,4547.306,4553.083677083333,SL,-6.057677083333361,10,0.39375500672164543,ml_v6,2026-05
309204,short,2026-05-15 09:30:00,2026-05-15 09:35:00,2026-05-15 09:44:00,4553.59,4544.286816666667,TP,9.023183333333382,9,0.3978240140828593,ml_v6,2026-05
309207,short,2026-05-15 09:45:00,2026-05-15 09:50:00,2026-05-15 09:56:00,4537.956,4543.793875,SL,-6.117875000000029,6,0.3869586532739253,ml_v6,2026-05
309210,short,2026-05-15 10:00:00,2026-05-15 10:05:00,2026-05-15 10:06:00,4546.336,4552.224052083334,SL,-6.168052083333359,1,0.3964955362738587,ml_v6,2026-05
309212,short,2026-05-15 10:10:00,2026-05-15 10:15:00,2026-05-15 10:30:00,4560.967,4551.4941944444445,TP,9.1928055555556,15,0.3858719786036373,ml_v6,2026-05
309217,short,2026-05-15 10:35:00,2026-05-15 10:40:00,2026-05-15 10:45:00,4552.458,4558.3998125,SL,-6.221812500000023,5,0.39187151876977483,ml_v6,2026-05
309220,short,2026-05-15 10:50:00,2026-05-15 10:55:00,2026-05-15 11:25:00,4568.697,4559.104411111111,TP,9.312588888888932,30,0.38301005889381545,ml_v6,2026-05
309228,short,2026-05-15 11:30:00,2026-05-15 11:35:00,2026-05-15 12:00:00,4559.233,4549.578416666667,TP,9.374583333333364,25,0.387557471463376,ml_v6,2026-05
309235,short,2026-05-15 12:05:00,2026-05-15 12:10:00,2026-05-15 12:42:00,4553.259,4543.555405555556,TP,9.423594444444465,32,0.38920256675431664,ml_v6,2026-05
309243,short,2026-05-15 12:45:00,2026-05-15 12:50:00,2026-05-15 12:52:00,4549.451,4555.629965277778,SL,-6.458965277777788,2,0.40280064600622745,ml_v6,2026-05
309245,short,2026-05-15 12:55:00,2026-05-15 13:00:00,2026-05-15 13:09:00,4545.983,4536.097255555555,TP,9.605744444444467,9,0.40342047341312315,ml_v6,2026-05
309248,short,2026-05-15 13:10:00,2026-05-15 13:15:00,2026-05-15 13:18:00,4546.567,4552.801017361111,SL,-6.514017361111127,3,0.4034651433022734,ml_v6,2026-05
309250,short,2026-05-15 13:20:00,2026-05-15 13:25:00,2026-05-15 13:31:00,4554.444,4544.435227777778,TP,9.728772222222258,6,0.39095069424726836,ml_v6,2026-05
309253,short,2026-05-15 13:35:00,2026-05-15 13:40:00,2026-05-15 13:45:00,4528.414,4518.2988444444445,TP,9.835155555555588,5,0.3997067054401783,ml_v6,2026-05
309256,short,2026-05-15 13:50:00,2026-05-15 13:55:00,2026-05-15 13:56:00,4534.398,4540.789243055556,SL,-6.6712430555555775,1,0.38932838094354266,ml_v6,2026-05
309258,short,2026-05-15 14:00:00,2026-05-15 14:05:00,2026-05-15 14:06:00,4533.304,4539.714166666667,SL,-6.690166666666688,1,0.3877552321628318,ml_v6,2026-05
309261,long,2026-05-15 14:15:00,2026-05-15 14:20:00,2026-05-15 14:41:00,4558.433,4551.954232638889,SL,-6.758767361111128,21,0.4079557397843442,ml_v6,2026-05
309268,long,2026-05-15 14:50:00,2026-05-15 14:55:00,2026-05-15 15:17:00,4556.812,4550.399930555555,SL,-6.692069444444459,22,0.40902465968142365,ml_v6,2026-05
309274,long,2026-05-15 15:20:00,2026-05-15 15:25:00,2026-05-15 15:48:00,4545.846,4539.397302083333,SL,-6.728697916666678,23,0.42374667510413266,ml_v6,2026-05
309280,long,2026-05-15 15:50:00,2026-05-15 15:55:00,2026-05-15 16:06:00,4537.988,4531.541597222223,SL,-6.726402777777788,11,0.4322340923655905,ml_v6,2026-05
309284,long,2026-05-15 16:10:00,2026-05-15 16:15:00,2026-05-15 16:30:00,4532.452,4542.771472222223,TP,10.039472222222239,15,0.42080082153752574,ml_v6,2026-05
309289,long,2026-05-15 16:35:00,2026-05-15 16:40:00,2026-05-15 17:10:00,4545.35,4555.686511111112,TP,10.05651111111113,30,0.4284474573439299,ml_v6,2026-05
309297,long,2026-05-15 17:15:00,2026-05-15 17:20:00,2026-05-15 19:18:00,4555.727,4549.267555555555,SL,-6.739444444444456,118,0.4238510827321995,ml_v6,2026-05
309322,long,2026-05-15 19:20:00,2026-05-15 19:25:00,2026-05-15 20:01:00,4550.026,4543.490892361111,SL,-6.815107638888895,36,0.4727104852296879,ml_v6,2026-05
309331,long,2026-05-15 20:05:00,2026-05-15 20:10:00,2026-05-17 22:05:00,4536.922,4547.4362833333325,TP,10.234283333333345,51,0.4535825616257391,ml_v6,2026-05
309365,short,2026-05-17 23:55:00,2026-05-18 00:00:00,2026-05-18 00:08:00,4536.979,4526.0833555555555,TP,10.615644444444401,8,0.3787854164448451,ml_v6,2026-05
309368,long,2026-05-18 00:10:00,2026-05-18 00:15:00,2026-05-18 00:24:00,4526.207,4519.326437500001,SL,-7.160562499999978,9,0.41201037473623064,ml_v6,2026-05
309371,long,2026-05-18 00:25:00,2026-05-18 00:30:00,2026-05-18 00:33:00,4515.788,4508.854572916666,SL,-7.213427083333312,3,0.40495569555138056,ml_v6,2026-05
309373,long,2026-05-18 00:35:00,2026-05-18 00:40:00,2026-05-18 00:44:00,4490.489,4483.474086805555,SL,-7.294913194444426,4,0.404036284441649,ml_v6,2026-05
309375,long,2026-05-18 00:45:00,2026-05-18 00:50:00,2026-05-18 00:54:00,4494.095,4487.015517361111,SL,-7.359482638888872,4,0.4141671481395848,ml_v6,2026-05
309377,long,2026-05-18 00:55:00,2026-05-18 01:00:00,2026-05-18 01:01:00,4515.784,4508.612465277777,SL,-7.451534722222207,1,0.4137905284488438,ml_v6,2026-05
309379,long,2026-05-18 01:05:00,2026-05-18 01:10:00,2026-05-18 01:15:00,4501.315,4494.068013888888,SL,-7.526986111111101,5,0.4070955338741429,ml_v6,2026-05
309382,long,2026-05-18 01:20:00,2026-05-18 01:25:00,2026-05-18 01:47:00,4506.254,4517.894644444445,TP,11.360644444444425,22,0.40863118880578275,ml_v6,2026-05
309388,long,2026-05-18 01:50:00,2026-05-18 01:55:00,2026-05-18 02:00:00,4530.559,4523.243864583334,SL,-7.595135416666648,5,0.41223067188193707,ml_v6,2026-05
309391,long,2026-05-18 02:05:00,2026-05-18 02:10:00,2026-05-18 02:23:00,4528.483,4540.117205555555,TP,11.354205555555533,13,0.41482607286758233,ml_v6,2026-05
309395,long,2026-05-18 02:25:00,2026-05-18 02:30:00,2026-05-18 03:35:00,4533.485,4526.254822916666,SL,-7.510177083333319,65,0.40950834521923246,ml_v6,2026-05
309410,long,2026-05-18 03:40:00,2026-05-18 03:45:00,2026-05-18 04:24:00,4545.822,4538.5052118055555,SL,-7.596788194444431,39,0.42412134123875556,ml_v6,2026-05
309419,long,2026-05-18 04:25:00,2026-05-18 04:30:00,2026-05-18 04:53:00,4532.783,4544.550855555556,TP,11.487855555555532,23,0.4241963881179909,ml_v6,2026-05
309425,long,2026-05-18 04:55:00,2026-05-18 05:00:00,2026-05-18 05:03:00,4540.426,4533.047465277778,SL,-7.658534722222203,3,0.4261122069274805,ml_v6,2026-05
309427,long,2026-05-18 05:05:00,2026-05-18 05:10:00,2026-05-18 05:27:00,4537.792,4549.6243722222225,TP,11.55237222222219,17,0.432843779586044,ml_v6,2026-05
309432,short,2026-05-18 05:30:00,2026-05-18 05:35:00,2026-05-18 05:59:00,4542.797,4530.853355555555,TP,11.663644444444419,24,0.3851081456054074,ml_v6,2026-05
309438,short,2026-05-18 06:00:00,2026-05-18 06:05:00,2026-05-18 06:23:00,4535.398,4542.892472222223,SL,-7.774472222222211,18,0.40177088285594853,ml_v6,2026-05
309443,short,2026-05-18 06:25:00,2026-05-18 06:30:00,2026-05-18 06:33:00,4537.621,4545.109305555556,SL,-7.768305555555548,3,0.40305718837330107,ml_v6,2026-05
309445,short,2026-05-18 06:35:00,2026-05-18 06:40:00,2026-05-18 06:48:00,4538.238,4545.676413194445,SL,-7.718413194444441,8,0.4052825474396631,ml_v6,2026-05
309448,short,2026-05-18 06:50:00,2026-05-18 06:55:00,2026-05-18 07:30:00,4545.756,4553.157868055556,SL,-7.68186805555556,35,0.41288167296113365,ml_v6,2026-05
309457,short,2026-05-18 07:35:00,2026-05-18 07:40:00,2026-05-18 07:50:00,4552.823,4541.097316666667,TP,11.445683333333328,10,0.4118357744879143,ml_v6,2026-05
309461,short,2026-05-18 07:55:00,2026-05-18 08:00:00,2026-05-18 08:49:00,4546.1,4553.424444444445,SL,-7.604444444444437,49,0.41316163015260843,ml_v6,2026-05
309472,short,2026-05-18 08:50:00,2026-05-18 08:55:00,2026-05-18 09:03:00,4555.758,4544.136411111111,TP,11.341588888888877,8,0.4080232214535327,ml_v6,2026-05
309475,short,2026-05-18 09:05:00,2026-05-18 09:10:00,2026-05-18 10:33:00,4546.896,4535.298994444444,TP,11.317005555555554,83,0.4112313526841598,ml_v6,2026-05
309493,short,2026-05-18 10:35:00,2026-05-18 10:40:00,2026-05-18 10:46:00,4538.117,4545.179711805556,SL,-7.342711805555552,6,0.4223780385407655,ml_v6,2026-05
309496,short,2026-05-18 10:50:00,2026-05-18 10:55:00,2026-05-18 11:35:00,4539.152,4546.191163194445,SL,-7.31916319444444,40,0.42478033466526266,ml_v6,2026-05
309506,short,2026-05-18 11:40:00,2026-05-18 11:45:00,2026-05-18 11:55:00,4562.243,4550.920811111111,TP,11.042188888888894,10,0.4140496908790278,ml_v6,2026-05
309510,short,2026-05-18 12:00:00,2026-05-18 12:05:00,2026-05-18 12:34:00,4550.874,4557.905322916667,SL,-7.311322916666663,29,0.42293172292550163,ml_v6,2026-05
309517,short,2026-05-18 12:35:00,2026-05-18 12:40:00,2026-05-18 12:43:00,4561.295,4568.3788020833335,SL,-7.363802083333335,3,0.39070285761507173,ml_v6,2026-05
309519,long,2026-05-18 12:45:00,2026-05-18 12:50:00,2026-05-18 12:52:00,4572.506,4565.396944444445,SL,-7.389055555555561,2,0.4098766351810025,ml_v6,2026-05
309521,long,2026-05-18 12:55:00,2026-05-18 13:00:00,2026-05-18 13:06:00,4571.186,4564.038802083333,SL,-7.427197916666674,6,0.4180075322351062,ml_v6,2026-05
309524,long,2026-05-18 13:10:00,2026-05-18 13:15:00,2026-05-18 13:33:00,4567.584,4579.052488888889,TP,11.188488888888903,18,0.4171534041406668,ml_v6,2026-05
309529,long,2026-05-18 13:35:00,2026-05-18 13:40:00,2026-05-18 13:42:00,4573.655,4566.477513888889,SL,-7.457486111111114,2,0.42046933114061513,ml_v6,2026-05
309531,long,2026-05-18 13:45:00,2026-05-18 13:50:00,2026-05-18 14:03:00,4574.152,4566.9423541666665,SL,-7.489645833333342,13,0.42862780841455417,ml_v6,2026-05
309535,long,2026-05-18 14:05:00,2026-05-18 14:10:00,2026-05-18 14:21:00,4566.689,4559.484520833334,SL,-7.484479166666671,11,0.4082864740054712,ml_v6,2026-05
309540,short,2026-05-18 14:30:00,2026-05-18 14:35:00,2026-05-18 14:48:00,4549.314,4537.766672222223,TP,11.267327777777775,13,0.3869393531166171,ml_v6,2026-05
309544,short,2026-05-18 14:50:00,2026-05-18 14:55:00,2026-05-18 16:15:00,4541.912,4549.058809027778,SL,-7.426809027777774,80,0.3866682779119276,ml_v6,2026-05
309562,short,2026-05-18 16:20:00,2026-05-18 16:25:00,2026-05-18 16:28:00,4545.902,4534.780461111111,TP,10.841538888888898,3,0.3864930153331759,ml_v6,2026-05
309564,short,2026-05-18 16:30:00,2026-05-18 16:35:00,2026-05-18 16:48:00,4539.836,4546.815125,SL,-7.2591250000000045,13,0.37920414542165926,ml_v6,2026-05
309569,short,2026-05-18 16:55:00,2026-05-18 17:00:00,2026-05-18 17:06:00,4550.181,4557.155076388888,SL,-7.254076388888891,6,0.37925621121676056,ml_v6,2026-05
309576,short,2026-05-18 17:30:00,2026-05-18 17:35:00,2026-05-18 18:26:00,4549.095,4537.989416666667,TP,10.825583333333341,51,0.38597691907373466,ml_v6,2026-05
309588,short,2026-05-18 18:30:00,2026-05-18 18:35:00,2026-05-18 19:01:00,4542.584,4549.4473263888885,SL,-7.143326388888886,26,0.38286627861119676,ml_v6,2026-05
309595,short,2026-05-18 19:05:00,2026-05-18 19:10:00,2026-05-18 20:15:00,4556.842,4563.826368055556,SL,-7.264368055555558,65,0.3930954692859452,ml_v6,2026-05
309610,long,2026-05-18 20:20:00,2026-05-18 20:25:00,2026-05-18 22:40:00,4566.226,4577.417505555555,TP,10.911505555555559,73,0.39724458475154556,ml_v6,2026-05
309627,long,2026-05-18 22:45:00,2026-05-18 22:50:00,2026-05-18 23:13:00,4575.369,4586.458799999999,TP,10.80980000000001,23,0.40818426007377884,ml_v6,2026-05
309634,long,2026-05-18 23:20:00,2026-05-18 23:25:00,2026-05-18 23:58:00,4586.049,4579.160440972222,SL,-7.168559027777784,33,0.39432879312486646,ml_v6,2026-05
309642,long,2026-05-19 00:00:00,2026-05-19 00:05:00,2026-05-19 00:25:00,4579.377,4572.5521944444445,SL,-7.104805555555555,20,0.40257663302174423,ml_v6,2026-05
309648,long,2026-05-19 00:30:00,2026-05-19 00:35:00,2026-05-19 00:50:00,4574.611,4567.744607638889,SL,-7.14639236111112,15,0.39856411483009435,ml_v6,2026-05
309659,long,2026-05-19 01:25:00,2026-05-19 01:30:00,2026-05-19 01:40:00,4558.898,4569.7695,TP,10.591500000000027,10,0.40005489295784114,ml_v6,2026-05
309663,short,2026-05-19 01:45:00,2026-05-19 01:50:00,2026-05-19 02:06:00,4566.579,4555.977355555555,TP,10.321644444444468,16,0.38169597070906663,ml_v6,2026-05
309668,long,2026-05-19 02:10:00,2026-05-19 02:15:00,2026-05-19 02:56:00,4554.576,4548.145368055556,SL,-6.7106319444444535,41,0.398416227054662,ml_v6,2026-05
309678,short,2026-05-19 03:00:00,2026-05-19 03:05:00,2026-05-19 03:38:00,4547.39,4553.636038194445,SL,-6.526038194444456,33,0.38045246960119383,ml_v6,2026-05
309686,short,2026-05-19 03:40:00,2026-05-19 03:45:00,2026-05-19 05:22:00,4547.806,4537.934938888889,TP,9.591061111111124,97,0.38830456210137804,ml_v6,2026-05
309707,short,2026-05-19 05:25:00,2026-05-19 05:30:00,2026-05-19 06:13:00,4538.676,4544.594215277778,SL,-6.198215277777784,43,0.4266104572643389,ml_v6,2026-05
309717,short,2026-05-19 06:15:00,2026-05-19 06:20:00,2026-05-19 07:55:00,4549.88,4555.796479166666,SL,-6.1964791666666725,95,0.4168329119092829,ml_v6,2026-05
309738,short,2026-05-19 08:00:00,2026-05-19 08:05:00,2026-05-19 08:12:00,4552.982,4543.672022222222,TP,9.02997777777775,7,0.405077281636534,ml_v6,2026-05
309741,short,2026-05-19 08:15:00,2026-05-19 08:20:00,2026-05-19 10:38:00,4544.361,4535.022883333333,TP,9.058116666666637,138,0.41302571723135895,ml_v6,2026-05
309770,short,2026-05-19 10:40:00,2026-05-19 10:45:00,2026-05-19 10:50:00,4528.904,4534.701590277778,SL,-6.077590277777756,5,0.4287190703719456,ml_v6,2026-05
309773,short,2026-05-19 10:55:00,2026-05-19 11:00:00,2026-05-19 11:54:00,4544.427,4535.08705,TP,9.05994999999997,54,0.42133756808162137,ml_v6,2026-05
309785,short,2026-05-19 11:55:00,2026-05-19 12:00:00,2026-05-19 12:05:00,4530.799,4536.622052083333,SL,-6.103052083333307,5,0.4322714040508574,ml_v6,2026-05
309788,short,2026-05-19 12:10:00,2026-05-19 12:15:00,2026-05-19 13:00:00,4542.114,4532.787511111111,TP,9.04648888888885,45,0.42744556441236975,ml_v6,2026-05
309799,short,2026-05-19 13:05:00,2026-05-19 13:10:00,2026-05-19 13:21:00,4522.478,4513.206794444444,TP,8.991205555555517,11,0.4221840273469085,ml_v6,2026-05
309803,short,2026-05-19 13:25:00,2026-05-19 13:30:00,2026-05-19 13:31:00,4492.248,4482.859644444444,TP,9.108355555555503,1,0.4023138944452038,ml_v6,2026-05
309805,short,2026-05-19 13:35:00,2026-05-19 13:40:00,2026-05-19 13:41:00,4483.285,4473.734822222222,TP,9.270177777777725,1,0.39510560755771335,ml_v6,2026-05
309807,short,2026-05-19 13:45:00,2026-05-19 13:50:00,2026-05-19 13:51:00,4481.027,4487.007631944444,SL,-6.260631944444405,1,0.3968217923052357,ml_v6,2026-05
309809,short,2026-05-19 13:55:00,2026-05-19 14:00:00,2026-05-19 14:04:00,4503.617,4509.659184027778,SL,-6.322184027777735,4,0.39149957117237555,ml_v6,2026-05
309811,short,2026-05-19 14:05:00,2026-05-19 14:10:00,2026-05-19 14:14:00,4503.87,4494.103372222222,TP,9.486627777777706,4,0.3791143523279297,ml_v6,2026-05
309828,long,2026-05-19 15:30:00,2026-05-19 15:35:00,2026-05-19 16:09:00,4503.472,4497.409729166667,SL,-6.342270833333293,34,0.39744469581854036,ml_v6,2026-05
309836,long,2026-05-19 16:10:00,2026-05-19 16:15:00,2026-05-19 16:26:00,4500.749,4510.266911111111,TP,9.237911111111046,11,0.40742494496615356,ml_v6,2026-05
309840,long,2026-05-19 16:30:00,2026-05-19 16:35:00,2026-05-19 17:46:00,4507.525,4501.589850694444,SL,-6.215149305555516,71,0.4034215020896579,ml_v6,2026-05
309856,long,2026-05-19 17:50:00,2026-05-19 17:55:00,2026-05-19 18:30:00,4499.72,4493.8895625000005,SL,-6.110437499999963,35,0.4140385299347715,ml_v6,2026-05
309865,long,2026-05-19 18:35:00,2026-05-19 18:40:00,2026-05-19 18:54:00,4499.639,4493.833114583334,SL,-6.085885416666627,14,0.4034759156754365,ml_v6,2026-05
309871,long,2026-05-19 19:05:00,2026-05-19 19:10:00,2026-05-19 19:22:00,4495.393,4489.580354166666,SL,-6.092645833333288,12,0.3949295682188031,ml_v6,2026-05
309875,long,2026-05-19 19:25:00,2026-05-19 19:30:00,2026-05-19 19:58:00,4487.163,4481.33979861111,SL,-6.103201388888843,28,0.3951714421085971,ml_v6,2026-05
309882,long,2026-05-19 20:00:00,2026-05-19 20:05:00,2026-05-19 23:33:00,4482.532,4491.683133333333,TP,8.871133333333256,146,0.39657227047010835,ml_v6,2026-05
309913,long,2026-05-19 23:35:00,2026-05-19 23:40:00,2026-05-20 00:00:00,4493.11,4487.4320451388885,SL,-5.957954861111049,20,0.4229108362389872,ml_v6,2026-05
309919,long,2026-05-20 00:05:00,2026-05-20 00:10:00,2026-05-20 00:25:00,4483.932,4493.091938888889,TP,8.879938888888798,15,0.4166125130578614,ml_v6,2026-05
309924,long,2026-05-20 00:30:00,2026-05-20 00:35:00,2026-05-20 01:01:00,4502.95,4497.140440972222,SL,-6.089559027777713,26,0.4091611724360321,ml_v6,2026-05
309931,long,2026-05-20 01:05:00,2026-05-20 01:10:00,2026-05-20 01:23:00,4494.925,4489.058329861111,SL,-6.146670138888825,13,0.3965399294557227,ml_v6,2026-05
309935,long,2026-05-20 01:25:00,2026-05-20 01:30:00,2026-05-20 01:32:00,4473.746,4467.846111111111,SL,-6.179888888888819,2,0.4152482418604953,ml_v6,2026-05
309937,long,2026-05-20 01:35:00,2026-05-20 01:40:00,2026-05-20 01:41:00,4467.868,4461.9147812500005,SL,-6.233218749999928,1,0.3935923024177853,ml_v6,2026-05
309939,long,2026-05-20 01:45:00,2026-05-20 01:50:00,2026-05-20 01:51:00,4472.281,4481.857266666667,TP,9.296266666666552,1,0.4036880206715099,ml_v6,2026-05
309941,long,2026-05-20 01:55:00,2026-05-20 02:00:00,2026-05-20 02:31:00,4481.31,4475.295791666667,SL,-6.294208333333263,31,0.39579083542914406,ml_v6,2026-05
309949,short,2026-05-20 02:35:00,2026-05-20 02:40:00,2026-05-20 02:45:00,4469.775,4460.116349999999,TP,9.378649999999888,5,0.3933659955406753,ml_v6,2026-05
309952,short,2026-05-20 02:50:00,2026-05-20 02:55:00,2026-05-20 03:07:00,4463.406,4453.739783333333,TP,9.38621666666655,12,0.3889683813211784,ml_v6,2026-05
309956,long,2026-05-20 03:10:00,2026-05-20 03:15:00,2026-05-20 04:00:00,4457.806,4467.5267277777775,TP,9.440727777777662,45,0.40438551088447106,ml_v6,2026-05
309967,short,2026-05-20 04:05:00,2026-05-20 04:10:00,2026-05-20 04:47:00,4467.581,4457.927405555556,TP,9.373594444444334,37,0.38114367591982223,ml_v6,2026-05
309976,short,2026-05-20 04:50:00,2026-05-20 04:55:00,2026-05-20 05:01:00,4461.135,4467.174420138889,SL,-6.31942013888882,6,0.4104832958442739,ml_v6,2026-05
309979,short,2026-05-20 05:05:00,2026-05-20 05:10:00,2026-05-20 05:21:00,4468.596,4474.650288194444,SL,-6.33428819444437,11,0.39063277555935794,ml_v6,2026-05
309983,short,2026-05-20 05:25:00,2026-05-20 05:30:00,2026-05-20 05:31:00,4468.46,4474.51065625,SL,-6.330656249999924,1,0.39452079219613573,ml_v6,2026-05
309985,long,2026-05-20 05:35:00,2026-05-20 05:40:00,2026-05-20 05:45:00,4476.413,4470.33415625,SL,-6.358843749999929,5,0.39585869105049976,ml_v6,2026-05
309989,long,2026-05-20 05:55:00,2026-05-20 06:00:00,2026-05-20 06:35:00,4472.439,4466.302559027778,SL,-6.4164409722221505,35,0.39352943600580736,ml_v6,2026-05
309998,short,2026-05-20 06:40:00,2026-05-20 06:45:00,2026-05-20 06:49:00,4467.173,4473.3098923611105,SL,-6.416892361111052,4,0.38953987595643674,ml_v6,2026-05
310000,long,2026-05-20 06:50:00,2026-05-20 06:55:00,2026-05-20 07:12:00,4474.697,4484.508805555555,TP,9.53180555555545,17,0.3950892731975101,ml_v6,2026-05
310005,long,2026-05-20 07:15:00,2026-05-20 07:20:00,2026-05-20 08:30:00,4478.832,4488.6104000000005,TP,9.498399999999895,70,0.39990871426192004,ml_v6,2026-05
310021,long,2026-05-20 08:35:00,2026-05-20 08:40:00,2026-05-20 08:42:00,4483.409,4477.294805555555,SL,-6.394194444444375,2,0.4048117763349153,ml_v6,2026-05
310023,long,2026-05-20 08:45:00,2026-05-20 08:50:00,2026-05-20 09:29:00,4482.007,4475.9106249999995,SL,-6.376374999999928,39,0.39861046087910157,ml_v6,2026-05
310032,long,2026-05-20 09:30:00,2026-05-20 09:35:00,2026-05-20 10:08:00,4482.08,4491.80635,TP,9.446349999999892,33,0.3959606561440664,ml_v6,2026-05
310040,long,2026-05-20 10:10:00,2026-05-20 10:15:00,2026-05-20 11:26:00,4487.841,4497.584733333333,TP,9.463733333333225,71,0.405953342227545,ml_v6,2026-05
310056,long,2026-05-20 11:30:00,2026-05-20 11:35:00,2026-05-20 11:49:00,4498.446,4492.3722708333335,SL,-6.353729166666605,14,0.4058976357032855,ml_v6,2026-05
310063,short,2026-05-20 12:05:00,2026-05-20 12:10:00,2026-05-20 12:30:00,4497.649,4503.650225694445,SL,-6.281225694444388,20,0.3821473874183071,ml_v6,2026-05
310069,short,2026-05-20 12:35:00,2026-05-20 12:40:00,2026-05-20 12:58:00,4503.499,4493.92955,TP,9.28944999999991,18,0.4025390375903928,ml_v6,2026-05
310074,short,2026-05-20 13:00:00,2026-05-20 13:05:00,2026-05-20 13:14:00,4497.787,4503.74325,SL,-6.236249999999949,9,0.39857464513315344,ml_v6,2026-05
310077,short,2026-05-20 13:15:00,2026-05-20 13:20:00,2026-05-20 13:28:00,4499.495,4489.967777777778,TP,9.24722222222214,8,0.3995717318608447,ml_v6,2026-05
310080,short,2026-05-20 13:30:00,2026-05-20 13:35:00,2026-05-20 14:01:00,4491.393,4481.842294444445,TP,9.270705555555478,26,0.39432394049308017,ml_v6,2026-05
310088,long,2026-05-20 14:10:00,2026-05-20 14:15:00,2026-05-20 14:16:00,4476.938,4486.452138888889,TP,9.234138888888815,1,0.3993646154621011,ml_v6,2026-05
310090,short,2026-05-20 14:20:00,2026-05-20 14:25:00,2026-05-20 14:30:00,4502.684,4508.687548611111,SL,-6.283548611111067,5,0.4033377967417696,ml_v6,2026-05
310093,long,2026-05-20 14:35:00,2026-05-20 14:40:00,2026-05-20 14:43:00,4523.346,4517.408715277777,SL,-6.217284722222178,3,0.41729426131186176,ml_v6,2026-05
310095,long,2026-05-20 14:45:00,2026-05-20 14:50:00,2026-05-20 14:55:00,4521.723,4531.181255555555,TP,9.178255555555495,5,0.41820475206312824,ml_v6,2026-05
310098,long,2026-05-20 15:00:00,2026-05-20 15:05:00,2026-05-20 15:07:00,4530.438,4524.634420138889,SL,-6.083579861111075,2,0.42442859456476856,ml_v6,2026-05
310100,long,2026-05-20 15:10:00,2026-05-20 15:15:00,2026-05-20 15:16:00,4524.71,4533.8869888888885,TP,8.896988888888835,1,0.42097703774099693,ml_v6,2026-05
310102,long,2026-05-20 15:20:00,2026-05-20 15:25:00,2026-05-20 15:27:00,4536.305,4530.506725694445,SL,-6.078274305555522,2,0.4095179899234669,ml_v6,2026-05
310104,long,2026-05-20 15:30:00,2026-05-20 15:35:00,2026-05-20 15:57:00,4534.888,4529.099666666667,SL,-6.068333333333302,22,0.3966914238527254,ml_v6,2026-05
310110,long,2026-05-20 16:00:00,2026-05-20 16:05:00,2026-05-20 16:21:00,4532.001,4526.294552083334,SL,-5.986447916666637,16,0.3989185433206488,ml_v6,2026-05
310115,long,2026-05-20 16:25:00,2026-05-20 16:30:00,2026-05-20 16:46:00,4525.84,4534.895983333334,TP,8.775983333333274,16,0.393658248616455,ml_v6,2026-05
310131,long,2026-05-20 17:45:00,2026-05-20 17:50:00,2026-05-20 18:38:00,4533.45,4542.422288888889,TP,8.692288888888818,48,0.3969386545625343,ml_v6,2026-05
310142,long,2026-05-20 18:40:00,2026-05-20 18:45:00,2026-05-20 19:30:00,4537.208,4546.1604,TP,8.672399999999929,45,0.39658370873774695,ml_v6,2026-05
310153,long,2026-05-20 19:35:00,2026-05-20 19:40:00,2026-05-20 20:49:00,4548.239,4542.663236111111,SL,-5.855763888888834,69,0.4068740451013205,ml_v6,2026-05
310168,long,2026-05-20 20:50:00,2026-05-20 20:55:00,2026-05-20 22:19:00,4543.04,4537.518420138889,SL,-5.801579861111071,22,0.40495788405317495,ml_v6,2026-05
310174,long,2026-05-20 22:20:00,2026-05-20 22:25:00,2026-05-20 23:46:00,4536.886,4545.746544444445,TP,8.580544444444401,81,0.41213162316179325,ml_v6,2026-05
310192,long,2026-05-20 23:50:00,2026-05-20 23:55:00,2026-05-21 00:24:00,4544.673,4539.116472222222,SL,-5.836527777777746,29,0.41604626994008204,ml_v6,2026-05
310200,short,2026-05-21 00:30:00,2026-05-21 00:35:00,2026-05-21 01:09:00,4544.38,4550.010375,SL,-5.910374999999971,34,0.37889413374247916,ml_v6,2026-05
310208,long,2026-05-21 01:10:00,2026-05-21 01:15:00,2026-05-21 01:30:00,4559.771,4568.778638888889,TP,8.72763888888883,15,0.42000615658479684,ml_v6,2026-05
310213,long,2026-05-21 01:35:00,2026-05-21 01:40:00,2026-05-21 01:54:00,4565.529,4559.933902777779,SL,-5.875097222222194,14,0.42724528970437997,ml_v6,2026-05
310217,long,2026-05-21 01:55:00,2026-05-21 02:00:00,2026-05-21 02:09:00,4561.215,4555.634357638889,SL,-5.8606423611110845,9,0.4248848718800625,ml_v6,2026-05
310220,long,2026-05-21 02:10:00,2026-05-21 02:15:00,2026-05-21 02:21:00,4551.824,4546.295715277777,SL,-5.808284722222193,6,0.4161272091345083,ml_v6,2026-05
310223,short,2026-05-21 02:25:00,2026-05-21 02:30:00,2026-05-21 02:46:00,4540.338,4531.562722222222,TP,8.495277777777739,16,0.3841106523317743,ml_v6,2026-05
310231,long,2026-05-21 03:05:00,2026-05-21 03:10:00,2026-05-21 03:49:00,4536.981,4531.632121527778,SL,-5.628878472222193,39,0.39546681750669255,ml_v6,2026-05
310241,long,2026-05-21 03:55:00,2026-05-21 04:00:00,2026-05-21 04:17:00,4528.317,4536.644711111111,TP,8.047711111111052,17,0.3997806020196472,ml_v6,2026-05
310246,short,2026-05-21 04:20:00,2026-05-21 04:25:00,2026-05-21 05:18:00,4536.706,4528.464972222222,TP,7.961027777777715,53,0.38155997034063527,ml_v6,2026-05
310258,long,2026-05-21 05:20:00,2026-05-21 05:25:00,2026-05-21 05:30:00,4525.183,4520.068517361111,SL,-5.394482638888853,5,0.39582829583007106,ml_v6,2026-05
310261,long,2026-05-21 05:35:00,2026-05-21 05:40:00,2026-05-21 05:48:00,4525.891,4520.751847222222,SL,-5.419152777777743,8,0.39772822089610693,ml_v6,2026-05
310264,short,2026-05-21 05:50:00,2026-05-21 05:55:00,2026-05-21 06:03:00,4529.52,4534.668354166667,SL,-5.428354166666628,8,0.37818475427451803,ml_v6,2026-05
310267,short,2026-05-21 06:05:00,2026-05-21 06:10:00,2026-05-21 06:21:00,4531.308,4536.451663194444,SL,-5.42366319444441,11,0.37974050468866005,ml_v6,2026-05
310271,short,2026-05-21 06:25:00,2026-05-21 06:30:00,2026-05-21 06:40:00,4533.147,4524.867311111111,TP,7.999688888888824,10,0.3840590617576206,ml_v6,2026-05
310275,long,2026-05-21 06:45:00,2026-05-21 06:50:00,2026-05-21 06:57:00,4524.039,4518.8963090277775,SL,-5.422690972222182,7,0.39954089913956903,ml_v6,2026-05
310278,long,2026-05-21 07:00:00,2026-05-21 07:05:00,2026-05-21 07:28:00,4520.921,4515.795170138889,SL,-5.4058298611110684,23,0.40070217384409557,ml_v6,2026-05
310284,long,2026-05-21 07:30:00,2026-05-21 07:35:00,2026-05-21 08:06:00,4516.332,4524.48855,TP,7.876549999999935,31,0.39963125708942376,ml_v6,2026-05
310292,short,2026-05-21 08:10:00,2026-05-21 08:15:00,2026-05-21 09:13:00,4533.966,4539.027069444444,SL,-5.341069444444403,58,0.38603675273549576,ml_v6,2026-05
310305,short,2026-05-21 09:15:00,2026-05-21 09:20:00,2026-05-21 09:43:00,4540.367,4532.295566666667,TP,7.791433333333283,23,0.38772661074005194,ml_v6,2026-05
310311,long,2026-05-21 09:45:00,2026-05-21 09:50:00,2026-05-21 10:25:00,4531.252,4526.219097222222,SL,-5.312902777777752,35,0.4022064902392526,ml_v6,2026-05
310320,long,2026-05-21 10:30:00,2026-05-21 10:35:00,2026-05-21 10:39:00,4514.524,4509.4611840277785,SL,-5.342815972222199,4,0.40115848411290433,ml_v6,2026-05
310322,long,2026-05-21 10:40:00,2026-05-21 10:45:00,2026-05-21 10:52:00,4516.881,4511.750972222222,SL,-5.410027777777754,7,0.4067491718571982,ml_v6,2026-05
310325,long,2026-05-21 10:55:00,2026-05-21 11:00:00,2026-05-21 11:03:00,4511.812,4520.016794444445,TP,7.924794444444406,3,0.3945707932297874,ml_v6,2026-05
310327,long,2026-05-21 11:05:00,2026-05-21 11:10:00,2026-05-21 11:33:00,4516.623,4511.4834062499995,SL,-5.4195937499999705,23,0.40916533554013584,ml_v6,2026-05
310333,long,2026-05-21 11:35:00,2026-05-21 11:40:00,2026-05-21 12:11:00,4510.818,4519.049005555556,TP,7.9510055555555015,31,0.39787381143962053,ml_v6,2026-05
310341,long,2026-05-21 12:15:00,2026-05-21 12:20:00,2026-05-21 12:21:00,4512.452,4507.2886875,SL,-5.443312499999965,1,0.39681326837236874,ml_v6,2026-05
310343,short,2026-05-21 12:25:00,2026-05-21 12:30:00,2026-05-21 12:32:00,4506.974,4512.135878472222,SL,-5.441878472222185,2,0.37918983098243364,ml_v6,2026-05
310345,long,2026-05-21 12:35:00,2026-05-21 12:40:00,2026-05-21 12:55:00,4511.802,4506.592829861111,SL,-5.489170138888851,15,0.39996669749324054,ml_v6,2026-05
310350,long,2026-05-21 13:00:00,2026-05-21 13:05:00,2026-05-21 13:08:00,4512.004,4506.7525,SL,-5.531499999999965,3,0.4014117399281887,ml_v6,2026-05
310352,short,2026-05-21 13:10:00,2026-05-21 13:15:00,2026-05-21 13:33:00,4502.286,4493.828661111112,TP,8.177338888888828,18,0.39090655377697325,ml_v6,2026-05
310357,short,2026-05-21 13:35:00,2026-05-21 13:40:00,2026-05-21 13:41:00,4492.303,4497.654739583333,SL,-5.631739583333291,1,0.38568161926248173,ml_v6,2026-05
310359,short,2026-05-21 13:45:00,2026-05-21 13:50:00,2026-05-21 13:51:00,4499.9,4505.293434027777,SL,-5.673434027777738,1,0.38314577155659035,ml_v6,2026-05
310362,short,2026-05-21 14:00:00,2026-05-21 14:05:00,2026-05-21 14:16:00,4507.398,4498.6371944444445,TP,8.480805555555499,11,0.3855862016513712,ml_v6,2026-05
310366,short,2026-05-21 14:20:00,2026-05-21 14:25:00,2026-05-21 14:27:00,4502.026,4507.5144375,SL,-5.7684374999999655,2,0.3873642890160618,ml_v6,2026-05
310368,short,2026-05-21 14:30:00,2026-05-21 14:35:00,2026-05-21 15:07:00,4507.199,4498.412094444444,TP,8.506905555555496,32,0.38163836415686214,ml_v6,2026-05
310376,long,2026-05-21 15:10:00,2026-05-21 15:15:00,2026-05-21 15:23:00,4510.008,4504.49490625,SL,-5.7930937499999615,8,0.3941133546626825,ml_v6,2026-05
310379,short,2026-05-21 15:25:00,2026-05-21 15:30:00,2026-05-21 15:35:00,4503.596,4508.984583333333,SL,-5.668583333333297,5,0.38628043029069925,ml_v6,2026-05
310384,long,2026-05-21 15:50:00,2026-05-21 15:55:00,2026-05-21 16:06:00,4511.082,4519.491811111111,TP,8.129811111111055,11,0.39679942693666187,ml_v6,2026-05
310388,short,2026-05-21 16:10:00,2026-05-21 16:15:00,2026-05-21 17:10:00,4517.185,4522.4232013888895,SL,-5.51820138888885,55,0.37875365252865933,ml_v6,2026-05
310401,short,2026-05-21 17:15:00,2026-05-21 17:20:00,2026-05-21 17:21:00,4535.099,4540.2353298611115,SL,-5.416329861111073,1,0.3817567271351754,ml_v6,2026-05
310406,short,2026-05-21 17:40:00,2026-05-21 17:45:00,2026-05-21 17:49:00,4547.995,4553.178760416667,SL,-5.463760416666628,4,0.38294585664364417,ml_v6,2026-05
310409,short,2026-05-21 17:55:00,2026-05-21 18:00:00,2026-05-21 18:05:00,4551.486,4543.128377777778,TP,8.07762222222216,5,0.3807511513622961,ml_v6,2026-05
310412,short,2026-05-21 18:10:00,2026-05-21 18:15:00,2026-05-21 18:48:00,4545.96,4537.540827777778,TP,8.139172222222157,33,0.38807855470551017,ml_v6,2026-05
310420,short,2026-05-21 18:50:00,2026-05-21 18:55:00,2026-05-21 19:00:00,4527.827,4533.151583333333,SL,-5.604583333333307,5,0.3787427571156886,ml_v6,2026-05
310423,short,2026-05-21 19:05:00,2026-05-21 19:10:00,2026-05-21 19:20:00,4536.388,4541.740729166667,SL,-5.632729166666636,10,0.39438567006655995,ml_v6,2026-05
310427,short,2026-05-21 19:25:00,2026-05-21 19:30:00,2026-05-21 20:00:00,4538.901,4544.2556701388885,SL,-5.634670138888866,30,0.38980241996162535,ml_v6,2026-05
310435,short,2026-05-21 20:05:00,2026-05-21 20:10:00,2026-05-21 23:44:00,4541.547,4532.957383333333,TP,8.309616666666635,152,0.3869297808795108,ml_v6,2026-05
310472,long,2026-05-22 00:10:00,2026-05-22 00:15:00,2026-05-22 00:37:00,4531.382,4539.847955555555,TP,8.185955555555532,22,0.3976201975279783,ml_v6,2026-05
310478,short,2026-05-22 00:40:00,2026-05-22 00:45:00,2026-05-22 00:52:00,4538.15,4529.657577777777,TP,8.212422222222205,7,0.38526774296584343,ml_v6,2026-05
310481,long,2026-05-22 00:55:00,2026-05-22 01:00:00,2026-05-22 01:01:00,4526.728,4535.267977777778,TP,8.259977777777763,1,0.40016603227184694,ml_v6,2026-05
310483,short,2026-05-22 01:05:00,2026-05-22 01:10:00,2026-05-22 01:15:00,4525.481,4530.834208333333,SL,-5.633208333333324,5,0.39909811403877204,ml_v6,2026-05
310486,short,2026-05-22 01:20:00,2026-05-22 01:25:00,2026-05-22 02:33:00,4528.365,4519.8484,TP,8.236599999999989,68,0.3967741458999971,ml_v6,2026-05
310501,short,2026-05-22 02:35:00,2026-05-22 02:40:00,2026-05-22 02:51:00,4521.665,4526.899052083333,SL,-5.514052083333337,11,0.39388302447456836,ml_v6,2026-05
310505,short,2026-05-22 02:55:00,2026-05-22 03:00:00,2026-05-22 03:45:00,4522.897,4528.118784722222,SL,-5.501784722222225,45,0.39052943320398714,ml_v6,2026-05
310516,short,2026-05-22 03:50:00,2026-05-22 03:55:00,2026-05-22 04:29:00,4527.409,4532.537072916666,SL,-5.408072916666684,34,0.41925456394507526,ml_v6,2026-05
310524,short,2026-05-22 04:30:00,2026-05-22 04:35:00,2026-05-22 05:55:00,4530.07,4521.922566666666,TP,7.867433333333373,80,0.40053383487889926,ml_v6,2026-05
310542,short,2026-05-22 06:00:00,2026-05-22 06:05:00,2026-05-22 06:13:00,4518.665,4523.845798611111,SL,-5.4607986111111355,8,0.4019494377447185,ml_v6,2026-05
310545,short,2026-05-22 06:15:00,2026-05-22 06:20:00,2026-05-22 06:23:00,4518.707,4523.882055555556,SL,-5.455055555555578,3,0.3978947540000553,ml_v6,2026-05
310547,short,2026-05-22 06:25:00,2026-05-22 06:30:00,2026-05-22 07:40:00,4525.075,4516.776461111111,TP,8.01853888888892,70,0.3948900740652664,ml_v6,2026-05
310563,short,2026-05-22 07:45:00,2026-05-22 07:50:00,2026-05-22 08:03:00,4518.56,4523.6438333333335,SL,-5.363833333333356,13,0.41811815830258664,ml_v6,2026-05
310567,short,2026-05-22 08:05:00,2026-05-22 08:10:00,2026-05-22 08:34:00,4526.812,4518.693477777778,TP,7.838522222222262,24,0.42327788158341056,ml_v6,2026-05
310573,short,2026-05-22 08:35:00,2026-05-22 08:40:00,2026-05-22 09:47:00,4522.04,4527.140177083334,SL,-5.380177083333354,67,0.4194664505681194,ml_v6,2026-05
310588,short,2026-05-22 09:50:00,2026-05-22 09:55:00,2026-05-22 10:29:00,4533.048,4524.999272222222,TP,7.768727777777797,34,0.41368250571276616,ml_v6,2026-05
310596,short,2026-05-22 10:30:00,2026-05-22 10:35:00,2026-05-22 10:47:00,4519.061,4511.031011111111,TP,7.749988888888905,12,0.41606971163440426,ml_v6,2026-05
310600,short,2026-05-22 10:50:00,2026-05-22 10:55:00,2026-05-22 11:35:00,4512.697,4517.7317604166665,SL,-5.314760416666675,40,0.40831615615811734,ml_v6,2026-05
310610,short,2026-05-22 11:40:00,2026-05-22 11:45:00,2026-05-22 12:12:00,4521.584,4526.458138888889,SL,-5.154138888888894,27,0.41289874274364324,ml_v6,2026-05
310617,short,2026-05-22 12:15:00,2026-05-22 12:20:00,2026-05-22 12:22:00,4533.032,4525.226738888889,TP,7.525261111111138,2,0.40932871334099197,ml_v6,2026-05
310619,short,2026-05-22 12:25:00,2026-05-22 12:30:00,2026-05-22 12:59:00,4521.794,4526.6973333333335,SL,-5.183333333333352,29,0.41335033733194937,ml_v6,2026-05
310626,short,2026-05-22 13:00:00,2026-05-22 13:05:00,2026-05-22 13:09:00,4524.03,4528.968517361111,SL,-5.218517361111129,4,0.4118528069936269,ml_v6,2026-05
310628,short,2026-05-22 13:10:00,2026-05-22 13:15:00,2026-05-22 13:30:00,4528.074,4520.1324888888885,TP,7.66151111111114,15,0.39173297104572546,ml_v6,2026-05
310633,short,2026-05-22 13:35:00,2026-05-22 13:40:00,2026-05-22 13:42:00,4519.596,4511.714944444444,TP,7.601055555555592,2,0.40297945886769265,ml_v6,2026-05
310635,short,2026-05-22 13:45:00,2026-05-22 13:50:00,2026-05-22 13:51:00,4511.042,4515.98340625,SL,-5.221406250000025,1,0.4079296182869293,ml_v6,2026-05
310637,short,2026-05-22 13:55:00,2026-05-22 14:00:00,2026-05-22 14:01:00,4513.67,4505.754977777778,TP,7.635022222222267,1,0.40478634538643077,ml_v6,2026-05
310639,short,2026-05-22 14:05:00,2026-05-22 14:10:00,2026-05-22 14:13:00,4509.922,4502.044194444444,TP,7.597805555555596,3,0.4017098731649869,ml_v6,2026-05
310641,short,2026-05-22 14:15:00,2026-05-22 14:20:00,2026-05-22 14:35:00,4497.862,4502.835895833334,SL,-5.253895833333359,15,0.40660672754694527,ml_v6,2026-05
310646,short,2026-05-22 14:40:00,2026-05-22 14:45:00,2026-05-22 15:05:00,4504.212,4509.157850694445,SL,-5.225850694444466,20,0.4042712037528965,ml_v6,2026-05
310652,short,2026-05-22 15:10:00,2026-05-22 15:15:00,2026-05-22 15:19:00,4511.374,4516.187552083333,SL,-5.0935520833333525,4,0.3972113534565374,ml_v6,2026-05
310654,short,2026-05-22 15:20:00,2026-05-22 15:25:00,2026-05-22 15:29:00,4514.14,4518.922625,SL,-5.062625000000018,4,0.3972852061138993,ml_v6,2026-05
310656,long,2026-05-22 15:30:00,2026-05-22 15:35:00,2026-05-22 16:31:00,4519.177,4526.817433333333,TP,7.360433333333366,56,0.4083352411798101,ml_v6,2026-05
310669,short,2026-05-22 16:35:00,2026-05-22 16:40:00,2026-05-22 17:29:00,4519.611,4524.260430555555,SL,-4.929430555555578,49,0.4029267884431455,ml_v6,2026-05
310680,short,2026-05-22 17:30:00,2026-05-22 17:35:00,2026-05-22 18:04:00,4520.231,4512.743716666667,TP,7.207283333333351,29,0.40668774771521654,ml_v6,2026-05
310687,short,2026-05-22 18:05:00,2026-05-22 18:10:00,2026-05-22 18:39:00,4515.655,4520.339385416666,SL,-4.964385416666676,29,0.4091301967597818,ml_v6,2026-05
310694,short,2026-05-22 18:40:00,2026-05-22 18:45:00,2026-05-22 19:04:00,4515.286,4508.035116666667,TP,6.970883333333341,19,0.3894720055902213,ml_v6,2026-05
310699,short,2026-05-22 19:05:00,2026-05-22 19:10:00,2026-05-24 22:01:00,4508.43,4512.889361111112,SL,-4.739361111111116,108,0.39837301161341,ml_v6,2026-05
310724,short,2026-05-24 22:10:00,2026-05-24 22:15:00,2026-05-24 22:31:00,4555.207,4559.6279375,SL,-4.700937499999996,16,0.38258158601198283,ml_v6,2026-05
310729,short,2026-05-24 22:35:00,2026-05-24 22:40:00,2026-05-24 22:47:00,4557.795,4562.280034722222,SL,-4.765034722222218,7,0.3933264596778562,ml_v6,2026-05
310732,short,2026-05-24 22:50:00,2026-05-24 22:55:00,2026-05-24 23:00:00,4562.055,4566.5667812500005,SL,-4.791781249999991,5,0.39577634841401144,ml_v6,2026-05
310735,short,2026-05-24 23:05:00,2026-05-24 23:10:00,2026-05-24 23:16:00,4572.528,4577.055475694445,SL,-4.807475694444437,6,0.4001920896654946,ml_v6,2026-05
310738,short,2026-05-24 23:20:00,2026-05-24 23:25:00,2026-05-24 23:58:00,4576.718,4569.440233333333,TP,6.997766666666659,33,0.3937061354451813,ml_v6,2026-05
310746,long,2026-05-25 00:00:00,2026-05-25 00:05:00,2026-05-25 00:49:00,4568.748,4576.12501111111,TP,7.097011111111091,44,0.4085239834823836,ml_v6,2026-05
310756,long,2026-05-25 00:50:00,2026-05-25 00:55:00,2026-05-25 00:57:00,4573.242,4568.564336805556,SL,-4.957663194444433,2,0.3965628809967269,ml_v6,2026-05
310758,long,2026-05-25 01:00:00,2026-05-25 01:05:00,2026-05-25 01:07:00,4568.468,4563.760631944444,SL,-4.987368055555545,2,0.40048103577199745,ml_v6,2026-05
310760,long,2026-05-25 01:10:00,2026-05-25 01:15:00,2026-05-25 01:28:00,4565.722,4573.307233333333,TP,7.305233333333317,13,0.4004795986140874,ml_v6,2026-05
310764,long,2026-05-25 01:30:00,2026-05-25 01:35:00,2026-05-25 01:44:00,4569.039,4564.268482638889,SL,-5.050517361111094,9,0.407342332670802,ml_v6,2026-05
310768,short,2026-05-25 01:50:00,2026-05-25 01:55:00,2026-05-25 03:44:00,4566.248,4558.620333333333,TP,7.347666666666639,109,0.38012157930823764,ml_v6,2026-05
310791,short,2026-05-25 03:45:00,2026-05-25 03:50:00,2026-05-25 04:21:00,4558.749,4563.438256944444,SL,-4.969256944444424,31,0.4003679317900489,ml_v6,2026-05
310799,short,2026-05-25 04:25:00,2026-05-25 04:30:00,2026-05-25 05:22:00,4564.947,4557.493783333333,TP,7.173216666666634,52,0.4014729061985571,ml_v6,2026-05
310811,short,2026-05-25 05:25:00,2026-05-25 05:30:00,2026-05-25 05:34:00,4554.413,4559.069871527778,SL,-4.936871527777753,4,0.38297036966193165,ml_v6,2026-05
310813,short,2026-05-25 05:35:00,2026-05-25 05:40:00,2026-05-25 05:50:00,4559.861,4552.3917,TP,7.1892999999999505,10,0.40019748721449966,ml_v6,2026-05
310817,long,2026-05-25 05:55:00,2026-05-25 06:00:00,2026-05-25 06:56:00,4553.577,4561.074905555556,TP,7.217905555555502,56,0.3982089011789055,ml_v6,2026-05
310830,short,2026-05-25 07:00:00,2026-05-25 07:05:00,2026-05-25 07:18:00,4563.915,4556.584233333333,TP,7.050766666666614,13,0.4023743438408952,ml_v6,2026-05
310834,short,2026-05-25 07:20:00,2026-05-25 07:25:00,2026-05-25 07:33:00,4555.847,4560.415055555555,SL,-4.848055555555526,8,0.3972157601196841,ml_v6,2026-05
310837,short,2026-05-25 07:35:00,2026-05-25 07:40:00,2026-05-25 07:51:00,4558.631,4563.197506944444,SL,-4.8465069444444175,11,0.40232457028302704,ml_v6,2026-05
310841,short,2026-05-25 07:55:00,2026-05-25 08:00:00,2026-05-25 08:22:00,4564.594,4557.313222222222,TP,7.000777777777732,22,0.4037476800724145,ml_v6,2026-05
310847,short,2026-05-25 08:25:00,2026-05-25 08:30:00,2026-05-25 09:30:00,4555.022,4559.558996527778,SL,-4.816996527777752,60,0.4015034326140293,ml_v6,2026-05
310861,short,2026-05-25 09:35:00,2026-05-25 09:40:00,2026-05-25 09:58:00,4564.552,4568.979979166666,SL,-4.707979166666644,18,0.39335265568070304,ml_v6,2026-05
310866,long,2026-05-25 10:00:00,2026-05-25 10:05:00,2026-05-25 11:38:00,4568.866,4575.94385,TP,6.797849999999964,93,0.4086018220397414,ml_v6,2026-05
310887,short,2026-05-25 11:45:00,2026-05-25 11:50:00,2026-05-25 12:02:00,4571.269,4564.4319000000005,TP,6.557099999999974,12,0.37811729033543484,ml_v6,2026-05
310891,short,2026-05-25 12:05:00,2026-05-25 12:10:00,2026-05-25 12:20:00,4560.407,4553.531055555556,TP,6.59594444444442,10,0.388863455711833,ml_v6,2026-05
310895,short,2026-05-25 12:25:00,2026-05-25 12:30:00,2026-05-25 12:35:00,4560.407,4564.723125,SL,-4.596124999999984,5,0.3858403089209981,ml_v6,2026-05
310900,short,2026-05-25 12:50:00,2026-05-25 12:55:00,2026-05-25 13:08:00,4566.787,4571.095208333333,SL,-4.588208333333318,13,0.38001478375403275,ml_v6,2026-05
310904,short,2026-05-25 13:10:00,2026-05-25 13:15:00,2026-05-25 14:05:00,4564.381,4568.691541666667,SL,-4.59054166666665,50,0.38604301603803093,ml_v6,2026-05
310928,long,2026-05-25 15:10:00,2026-05-25 15:15:00,2026-05-25 17:03:00,4570.209,4576.546594444444,TP,6.057594444444418,108,0.40035282989588417,ml_v6,2026-05
310951,long,2026-05-25 17:05:00,2026-05-25 17:10:00,2026-05-25 17:23:00,4575.807,4572.034420138889,SL,-4.0525798611111,13,0.41823810971079,ml_v6,2026-05
310955,long,2026-05-25 17:25:00,2026-05-25 17:30:00,2026-05-25 17:40:00,4571.471,4567.709038194444,SL,-4.041961805555538,10,0.41024253686788015,ml_v6,2026-05
310959,long,2026-05-25 17:45:00,2026-05-25 17:50:00,2026-05-25 18:06:00,4564.98,4570.939899999999,TP,5.679899999999971,16,0.39441219504488,ml_v6,2026-05
310968,long,2026-05-25 22:00:00,2026-05-25 22:05:00,2026-05-25 23:10:00,4571.296,4577.158727777778,TP,5.502727777777763,65,0.39837617478520654,ml_v6,2026-05
310983,long,2026-05-25 23:15:00,2026-05-25 23:20:00,2026-05-25 23:24:00,4577.609,4573.987322916667,SL,-3.9016770833333325,4,0.4227248613263635,ml_v6,2026-05
310985,short,2026-05-25 23:25:00,2026-05-25 23:30:00,2026-05-25 23:33:00,4568.356,4562.525338888889,TP,5.550661111111102,3,0.40117871397380256,ml_v6,2026-05
310987,short,2026-05-25 23:35:00,2026-05-25 23:40:00,2026-05-25 23:44:00,4561.763,4555.916338888889,TP,5.566661111111103,4,0.391535249462444,ml_v6,2026-05
310989,long,2026-05-25 23:45:00,2026-05-25 23:50:00,2026-05-26 00:00:00,4559.441,4555.763298611111,SL,-3.9577013888888883,10,0.4053554292865341,ml_v6,2026-05
310993,short,2026-05-26 00:05:00,2026-05-26 00:10:00,2026-05-26 00:18:00,4549.647,4543.696161111111,TP,5.670838888888893,8,0.3911935403228145,ml_v6,2026-05
310996,long,2026-05-26 00:20:00,2026-05-26 00:25:00,2026-05-26 00:30:00,4544.938,4550.975472222222,TP,5.757472222222222,5,0.4015957418218338,ml_v6,2026-05
310999,long,2026-05-26 00:35:00,2026-05-26 00:40:00,2026-05-26 00:50:00,4547.37,4543.569940972222,SL,-4.0800590277777795,10,0.3984038473322502,ml_v6,2026-05
311003,long,2026-05-26 00:55:00,2026-05-26 01:00:00,2026-05-26 01:01:00,4549.493,4545.622739583334,SL,-4.150260416666664,1,0.4124140010892198,ml_v6,2026-05
311005,long,2026-05-26 01:05:00,2026-05-26 01:10:00,2026-05-26 01:30:00,4545.347,4541.453767361111,SL,-4.173232638888886,20,0.4115719474376203,ml_v6,2026-05
311011,short,2026-05-26 01:35:00,2026-05-26 01:40:00,2026-05-26 01:45:00,4529.74,4533.53990625,SL,-4.079906249999999,5,0.38876967228365467,ml_v6,2026-05
311014,short,2026-05-26 01:50:00,2026-05-26 01:55:00,2026-05-26 02:09:00,4534.793,4538.580458333333,SL,-4.067458333333332,14,0.39021281821582254,ml_v6,2026-05
311018,short,2026-05-26 02:10:00,2026-05-26 02:15:00,2026-05-26 02:46:00,4538.364,4532.334933333333,TP,5.749066666666661,31,0.3946347007490213,ml_v6,2026-05
311026,short,2026-05-26 02:50:00,2026-05-26 02:55:00,2026-05-26 03:01:00,4532.48,4536.211611111111,SL,-4.011611111111107,6,0.4080473140989562,ml_v6,2026-05
311029,short,2026-05-26 03:05:00,2026-05-26 03:10:00,2026-05-26 03:20:00,4535.514,4539.243868055556,SL,-4.009868055555553,10,0.4017646241856303,ml_v6,2026-05
311033,short,2026-05-26 03:25:00,2026-05-26 03:30:00,2026-05-26 04:24:00,4542.014,4536.075722222223,TP,5.65827777777777,54,0.3936130655975439,ml_v6,2026-05
311045,short,2026-05-26 04:25:00,2026-05-26 04:30:00,2026-05-26 04:37:00,4532.703,4526.944583333334,TP,5.478416666666673,7,0.42370225509792814,ml_v6,2026-05
311048,short,2026-05-26 04:40:00,2026-05-26 04:45:00,2026-05-26 05:09:00,4526.302,4529.86115625,SL,-3.839156250000004,24,0.4145280018649038,ml_v6,2026-05
311054,short,2026-05-26 05:10:00,2026-05-26 05:15:00,2026-05-26 05:30:00,4529.435,4532.95504513889,SL,-3.8000451388888923,15,0.4196079506526058,ml_v6,2026-05
311059,short,2026-05-26 05:35:00,2026-05-26 05:40:00,2026-05-26 05:47:00,4532.383,4526.818638888889,TP,5.284361111111116,7,0.4125799003124808,ml_v6,2026-05
311062,short,2026-05-26 05:50:00,2026-05-26 05:55:00,2026-05-26 06:02:00,4526.798,4530.273243055555,SL,-3.755243055555555,7,0.415317424397064,ml_v6,2026-05
311065,short,2026-05-26 06:05:00,2026-05-26 06:10:00,2026-05-26 06:23:00,4530.797,4534.270013888889,SL,-3.7530138888888924,13,0.40867488875974534,ml_v6,2026-05
311069,short,2026-05-26 06:25:00,2026-05-26 06:30:00,2026-05-26 06:45:00,4530.515,4533.987767361112,SL,-3.752767361111112,15,0.4123782978537138,ml_v6,2026-05
311074,short,2026-05-26 06:50:00,2026-05-26 06:55:00,2026-05-26 07:16:00,4531.178,4525.602216666666,TP,5.295783333333347,21,0.41445215365765875,ml_v6,2026-05
311080,short,2026-05-26 07:20:00,2026-05-26 07:25:00,2026-05-26 07:32:00,4530.045,4524.40945,TP,5.355550000000017,7,0.41436322848666196,ml_v6,2026-05
311083,short,2026-05-26 07:35:00,2026-05-26 07:40:00,2026-05-26 07:44:00,4523.275,4526.825295138889,SL,-3.8302951388888937,4,0.4054447400502209,ml_v6,2026-05
311087,long,2026-05-26 07:55:00,2026-05-26 08:00:00,2026-05-26 08:05:00,4538.122,4534.523722222222,SL,-3.878277777777784,5,0.4078524867906959,ml_v6,2026-05
311090,short,2026-05-26 08:10:00,2026-05-26 08:15:00,2026-05-26 08:29:00,4527.702,4521.931572222223,TP,5.490427777777787,14,0.40400698868349993,ml_v6,2026-05
311094,short,2026-05-26 08:30:00,2026-05-26 08:35:00,2026-05-26 08:42:00,4521.384,4525.018177083333,SL,-3.91417708333334,7,0.40342611990001565,ml_v6,2026-05
311097,short,2026-05-26 08:45:00,2026-05-26 08:50:00,2026-05-26 09:27:00,4522.42,4526.0833368055555,SL,-3.943336805555562,37,0.4020712307068453,ml_v6,2026-05
311106,short,2026-05-26 09:30:00,2026-05-26 09:35:00,2026-05-26 09:42:00,4518.23,4512.346361111111,TP,5.60363888888891,7,0.40982106173202304,ml_v6,2026-05
311109,short,2026-05-26 09:45:00,2026-05-26 09:50:00,2026-05-26 09:59:00,4518.654,4522.3479097222225,SL,-3.9739097222222366,9,0.4082357707976264,ml_v6,2026-05
311112,short,2026-05-26 10:00:00,2026-05-26 10:05:00,2026-05-26 10:07:00,4519.818,4523.515899305556,SL,-3.9778993055555745,2,0.40440589599540827,ml_v6,2026-05
311116,long,2026-05-26 10:20:00,2026-05-26 10:25:00,2026-05-26 10:34:00,4531.431,4537.417549999999,TP,5.706550000000034,9,0.39467583523638355,ml_v6,2026-05
311121,long,2026-05-26 10:45:00,2026-05-26 10:50:00,2026-05-26 11:00:00,4537.325,4533.585517361111,SL,-4.01948263888891,10,0.39620432692299445,ml_v6,2026-05
311125,long,2026-05-26 11:05:00,2026-05-26 11:10:00,2026-05-26 11:15:00,4535.074,4531.344364583333,SL,-4.009635416666686,5,0.3965565992861728,ml_v6,2026-05
311129,short,2026-05-26 11:25:00,2026-05-26 11:30:00,2026-05-26 11:32:00,4523.842,4517.8551,TP,5.706900000000034,2,0.38080348199848213,ml_v6,2026-05
311131,short,2026-05-26 11:35:00,2026-05-26 11:40:00,2026-05-26 11:43:00,4510.931,4504.868261111111,TP,5.782738888888917,3,0.3913179844622686,ml_v6,2026-05
311133,short,2026-05-26 11:45:00,2026-05-26 11:50:00,2026-05-26 11:58:00,4512.315,4506.186955555555,TP,5.848044444444473,8,0.39112688851149646,ml_v6,2026-05
311136,short,2026-05-26 12:00:00,2026-05-26 12:05:00,2026-05-26 12:15:00,4508.471,4512.326704861111,SL,-4.1357048611111304,10,0.3900204107361487,ml_v6,2026-05
311140,short,2026-05-26 12:20:00,2026-05-26 12:25:00,2026-05-26 12:28:00,4509.876,4503.645183333333,TP,5.9508166666667,3,0.3922143571082707,ml_v6,2026-05
311142,short,2026-05-26 12:30:00,2026-05-26 12:35:00,2026-05-26 12:38:00,4510.165,4503.859366666667,TP,6.0256333333333645,3,0.39351845567774435,ml_v6,2026-05
311144,short,2026-05-26 12:40:00,2026-05-26 12:45:00,2026-05-26 12:47:00,4511.683,4515.672559027777,SL,-4.2695590277778015,2,0.3963369538309876,ml_v6,2026-05
311148,long,2026-05-26 13:00:00,2026-05-26 13:05:00,2026-05-26 13:11:00,4523.344,4519.298597222222,SL,-4.3254027777778,6,0.3948549575356137,ml_v6,2026-05
311151,long,2026-05-26 13:15:00,2026-05-26 13:20:00,2026-05-26 13:21:00,4520.24,4526.750133333333,TP,6.230133333333371,1,0.3945410960101163,ml_v6,2026-05
311153,long,2026-05-26 13:25:00,2026-05-26 13:30:00,2026-05-26 13:43:00,4522.518,4529.070788888889,TP,6.272788888888921,13,0.3934478721034151,ml_v6,2026-05
311157,long,2026-05-26 13:45:00,2026-05-26 13:50:00,2026-05-26 13:51:00,4526.143,4521.995746527778,SL,-4.42725347222224,1,0.39803079010990056,ml_v6,2026-05
311159,short,2026-05-26 13:55:00,2026-05-26 14:00:00,2026-05-26 14:05:00,4514.202,4518.4010381944445,SL,-4.4790381944444615,5,0.3870736437130608,ml_v6,2026-05
311162,long,2026-05-26 14:10:00,2026-05-26 14:15:00,2026-05-26 14:22:00,4510.76,4517.547066666667,TP,6.5070666666667,7,0.3973207202496596,ml_v6,2026-05
311165,long,2026-05-26 14:25:00,2026-05-26 14:30:00,2026-05-26 14:39:00,4517.468,4524.304538888889,TP,6.55653888888893,9,0.4044017730281468,ml_v6,2026-05
311168,long,2026-05-26 14:40:00,2026-05-26 14:45:00,2026-05-26 14:54:00,4521.238,4516.929104166667,SL,-4.588895833333354,9,0.4001583586418004,ml_v6,2026-05
311171,long,2026-05-26 14:55:00,2026-05-26 15:00:00,2026-05-26 15:02:00,4515.173,4510.857350694444,SL,-4.595649305555572,2,0.3946147401258791,ml_v6,2026-05
311174,long,2026-05-26 15:10:00,2026-05-26 15:15:00,2026-05-26 15:17:00,4509.52,4505.177489583334,SL,-4.622510416666686,2,0.3968502809647449,ml_v6,2026-05
311176,long,2026-05-26 15:20:00,2026-05-26 15:25:00,2026-05-26 16:12:00,4506.094,4501.744569444444,SL,-4.629430555555576,47,0.40092161994228903,ml_v6,2026-05
311189,long,2026-05-26 16:25:00,2026-05-26 16:30:00,2026-05-26 16:48:00,4507.782,4503.449118055556,SL,-4.61288194444447,18,0.40259560745172657,ml_v6,2026-05
311194,long,2026-05-26 16:50:00,2026-05-26 16:55:00,2026-05-26 17:29:00,4504.934,4500.633253472222,SL,-4.580746527777796,34,0.3979997913163201,ml_v6,2026-05
311202,long,2026-05-26 17:30:00,2026-05-26 17:35:00,2026-05-26 17:55:00,4500.237,4495.943253472222,SL,-4.573746527777791,20,0.3944319051397413,ml_v6,2026-05
311208,long,2026-05-26 18:00:00,2026-05-26 18:05:00,2026-05-26 18:07:00,4487.655,4483.315541666667,SL,-4.6194583333333465,2,0.3951818409904066,ml_v6,2026-05
311211,long,2026-05-26 18:15:00,2026-05-26 18:20:00,2026-05-26 18:33:00,4490.488,4497.484333333334,TP,6.716333333333339,13,0.3963836993650164,ml_v6,2026-05
311215,long,2026-05-26 18:35:00,2026-05-26 18:40:00,2026-05-26 19:16:00,4496.268,4503.278727777778,TP,6.730727777777791,36,0.4103220432318747,ml_v6,2026-05
311224,long,2026-05-26 19:20:00,2026-05-26 19:25:00,2026-05-26 19:58:00,4503.058,4510.021922222222,TP,6.683922222222244,33,0.4192589939548239,ml_v6,2026-05
311232,long,2026-05-26 20:00:00,2026-05-26 20:05:00,2026-05-26 22:02:00,4507.436,4503.057378472222,SL,-4.658621527777792,53,0.4183436716339752,ml_v6,2026-05
311245,long,2026-05-26 22:05:00,2026-05-26 22:10:00,2026-05-26 22:35:00,4504.745,4500.323920138889,SL,-4.921079861111132,25,0.4194248521297463,ml_v6,2026-05
311252,long,2026-05-26 22:40:00,2026-05-26 22:45:00,2026-05-26 22:55:00,4500.445,4507.597044444444,TP,6.872044444444482,10,0.40941515431293546,ml_v6,2026-05
311256,long,2026-05-26 23:00:00,2026-05-26 23:05:00,2026-05-26 23:20:00,4510.882,4506.382,SL,-4.780000000000029,15,0.4254928520048029,ml_v6,2026-05
311261,long,2026-05-26 23:25:00,2026-05-26 23:30:00,2026-05-26 23:41:00,4511.951,4519.196233333333,TP,6.965233333333383,11,0.435085701034903,ml_v6,2026-05
311265,long,2026-05-26 23:45:00,2026-05-26 23:50:00,2026-05-27 00:22:00,4521.28,4516.694538194444,SL,-4.865461805555582,32,0.39655822115546363,ml_v6,2026-05
311273,long,2026-05-27 00:25:00,2026-05-27 00:30:00,2026-05-27 01:05:00,4518.102,4513.5053124999995,SL,-4.8766875000000205,35,0.4126345086368973,ml_v6,2026-05
311282,long,2026-05-27 01:10:00,2026-05-27 01:15:00,2026-05-27 01:27:00,4519.478,4514.9515763888885,SL,-4.806423611111129,12,0.4018392448789571,ml_v6,2026-05
311286,long,2026-05-27 01:30:00,2026-05-27 01:35:00,2026-05-27 01:43:00,4515.06,4510.567559027778,SL,-4.772440972222243,8,0.4228550572195676,ml_v6,2026-05
311289,long,2026-05-27 01:45:00,2026-05-27 01:50:00,2026-05-27 02:01:00,4509.71,4505.238322916667,SL,-4.751677083333355,11,0.42190167842831905,ml_v6,2026-05
311293,long,2026-05-27 02:05:00,2026-05-27 02:10:00,2026-05-27 02:17:00,4503.63,4499.200555555556,SL,-4.709444444444467,7,0.41683175955749374,ml_v6,2026-05
311296,long,2026-05-27 02:20:00,2026-05-27 02:25:00,2026-05-27 02:40:00,4503.984,4499.553687500001,SL,-4.710312500000024,15,0.42458387319615043,ml_v6,2026-05
311301,long,2026-05-27 02:45:00,2026-05-27 02:50:00,2026-05-27 03:03:00,4501.619,4508.633738888889,TP,6.734738888888925,13,0.4266181028472481,ml_v6,2026-05
311305,long,2026-05-27 03:05:00,2026-05-27 03:10:00,2026-05-27 03:35:00,4508.961,4504.574086805555,SL,-4.666913194444469,25,0.42701792150634904,ml_v6,2026-05
311312,long,2026-05-27 03:40:00,2026-05-27 03:45:00,2026-05-27 03:56:00,4504.217,4499.837520833333,SL,-4.659479166666702,11,0.4246424531723839,ml_v6,2026-05
311316,long,2026-05-27 04:00:00,2026-05-27 04:05:00,2026-05-27 04:42:00,4499.512,4506.531505555556,TP,6.739505555555608,37,0.41609660417590305,ml_v6,2026-05
311325,short,2026-05-27 04:45:00,2026-05-27 04:50:00,2026-05-27 04:58:00,4516.394,4509.323527777778,TP,6.790472222222285,8,0.38548417964516085,ml_v6,2026-05
311328,short,2026-05-27 05:00:00,2026-05-27 05:05:00,2026-05-27 05:15:00,4513.501,4506.388077777778,TP,6.832922222222278,10,0.38981094537420924,ml_v6,2026-05
311332,short,2026-05-27 05:20:00,2026-05-27 05:25:00,2026-05-27 05:32:00,4505.747,4498.629572222222,TP,6.837427777777822,7,0.3917938844529533,ml_v6,2026-05
311335,short,2026-05-27 05:35:00,2026-05-27 05:40:00,2026-05-27 05:42:00,4499.607,4492.424355555556,TP,6.902644444444486,2,0.39282984331014825,ml_v6,2026-05
311337,short,2026-05-27 05:45:00,2026-05-27 05:50:00,2026-05-27 06:18:00,4498.047,4490.822994444444,TP,6.944005555555596,28,0.3904456512687219,ml_v6,2026-05
311344,short,2026-05-27 06:20:00,2026-05-27 06:25:00,2026-05-27 07:49:00,4486.601,4479.287583333333,TP,7.033416666666711,84,0.39988320994464255,ml_v6,2026-05
311362,short,2026-05-27 07:50:00,2026-05-27 07:55:00,2026-05-27 08:01:00,4479.323,4483.943673611111,SL,-4.90067361111114,6,0.3896900290063465,ml_v6,2026-05
311365,short,2026-05-27 08:05:00,2026-05-27 08:10:00,2026-05-27 08:19:00,4485.73,4490.353302083333,SL,-4.903302083333363,9,0.3892191611436378,ml_v6,2026-05
311368,short,2026-05-27 08:20:00,2026-05-27 08:25:00,2026-05-27 08:41:00,4490.478,4495.0932743055555,SL,-4.895274305555583,16,0.3913155980803542,ml_v6,2026-05
311373,short,2026-05-27 08:45:00,2026-05-27 08:50:00,2026-05-27 09:06:00,4496.299,4488.957594444444,TP,7.0614055555555995,16,0.38531302771300313,ml_v6,2026-05
311379,short,2026-05-27 09:15:00,2026-05-27 09:20:00,2026-05-27 09:31:00,4494.367,4487.0374,TP,7.049600000000034,11,0.379985265152219,ml_v6,2026-05
311383,short,2026-05-27 09:35:00,2026-05-27 09:40:00,2026-05-27 10:16:00,4491.41,4484.11155,TP,7.018450000000038,36,0.38034065118774973,ml_v6,2026-05
311392,short,2026-05-27 10:20:00,2026-05-27 10:25:00,2026-05-27 10:32:00,4479.882,4472.612766666666,TP,6.9892333333333605,7,0.40187527632638986,ml_v6,2026-05
311395,short,2026-05-27 10:35:00,2026-05-27 10:40:00,2026-05-27 10:41:00,4463.874,4468.440069444444,SL,-4.846069444444462,1,0.39435224049498613,ml_v6,2026-05
311397,short,2026-05-27 10:45:00,2026-05-27 10:50:00,2026-05-27 11:22:00,4448.589,4441.174827777778,TP,7.13417222222225,32,0.3845542432169393,ml_v6,2026-05
311405,long,2026-05-27 11:25:00,2026-05-27 11:30:00,2026-05-27 11:31:00,4440.968,4436.269340277778,SL,-4.978659722222238,1,0.41463017466202534,ml_v6,2026-05
311407,short,2026-05-27 11:35:00,2026-05-27 11:40:00,2026-05-27 11:54:00,4441.284,4433.733061111111,TP,7.270938888888914,14,0.386116553883056,ml_v6,2026-05
311411,long,2026-05-27 11:55:00,2026-05-27 12:00:00,2026-05-27 12:02:00,4428.325,4435.937205555555,TP,7.332205555555582,2,0.40428860594363236,ml_v6,2026-05
311413,long,2026-05-27 12:05:00,2026-05-27 12:10:00,2026-05-27 12:16:00,4433.247,4428.458111111111,SL,-5.068888888888904,6,0.3999446975189526,ml_v6,2026-05
311416,long,2026-05-27 12:20:00,2026-05-27 12:25:00,2026-05-27 12:32:00,4454.735,4449.793184027777,SL,-5.221815972222236,7,0.40831084446862326,ml_v6,2026-05
311419,long,2026-05-27 12:35:00,2026-05-27 12:40:00,2026-05-27 12:42:00,4452.14,4447.1672569444445,SL,-5.252743055555567,2,0.39965240031103483,ml_v6,2026-05
311421,long,2026-05-27 12:45:00,2026-05-27 12:50:00,2026-05-27 12:58:00,4445.045,4440.083524305555,SL,-5.241475694444456,8,0.40328686416053006,ml_v6,2026-05
311424,long,2026-05-27 13:00:00,2026-05-27 13:05:00,2026-05-27 13:06:00,4432.152,4427.171555555556,SL,-5.260444444444455,1,0.40760292785831365,ml_v6,2026-05
311426,long,2026-05-27 13:10:00,2026-05-27 13:15:00,2026-05-27 13:18:00,4416.55,4411.50128125,SL,-5.32871875000001,3,0.4110517868944669,ml_v6,2026-05
311428,long,2026-05-27 13:20:00,2026-05-27 13:25:00,2026-05-27 13:26:00,4416.421,4411.330892361111,SL,-5.3701076388888955,1,0.41381963288274054,ml_v6,2026-05
311430,long,2026-05-27 13:30:00,2026-05-27 13:35:00,2026-05-27 13:36:00,4423.728,4418.5674618055555,SL,-5.440538194444453,1,0.39928239709665747,ml_v6,2026-05
311432,long,2026-05-27 13:40:00,2026-05-27 13:45:00,2026-05-27 13:46:00,4419.002,4427.265072222222,TP,7.983072222222233,1,0.4000718440704201,ml_v6,2026-05
311434,long,2026-05-27 13:50:00,2026-05-27 13:55:00,2026-05-27 14:02:00,4425.455,4433.763961111111,TP,8.02896111111113,7,0.39474160069448727,ml_v6,2026-05
311439,short,2026-05-27 14:15:00,2026-05-27 14:20:00,2026-05-27 14:24:00,4450.996,4442.574555555556,TP,8.14144444444446,4,0.378040676199903,ml_v6,2026-05
311441,short,2026-05-27 14:25:00,2026-05-27 14:30:00,2026-05-27 14:33:00,4445.157,4436.701944444445,TP,8.175055555555566,3,0.38012540652426363,ml_v6,2026-05
311443,short,2026-05-27 14:35:00,2026-05-27 14:40:00,2026-05-27 14:55:00,4444.082,4435.595344444445,TP,8.206655555555566,15,0.37788165128272433,ml_v6,2026-05
311450,long,2026-05-27 15:10:00,2026-05-27 15:15:00,2026-05-27 15:31:00,4431.899,4440.352644444445,TP,8.173644444444461,16,0.39753021694315804,ml_v6,2026-05
311455,long,2026-05-27 15:35:00,2026-05-27 15:40:00,2026-05-27 15:44:00,4440.631,4435.372305555556,SL,-5.538694444444451,4,0.3976356681490976,ml_v6,2026-05
311457,long,2026-05-27 15:45:00,2026-05-27 15:50:00,2026-05-27 16:03:00,4432.982,4441.4391444444445,TP,8.177144444444457,13,0.3987722112160337,ml_v6,2026-05
311461,long,2026-05-27 16:05:00,2026-05-27 16:10:00,2026-05-27 16:26:00,4436.971,4445.422333333333,TP,8.171333333333344,16,0.39893043519574434,ml_v6,2026-05
311466,long,2026-05-27 16:30:00,2026-05-27 16:35:00,2026-05-27 17:09:00,4448.266,4442.991822916666,SL,-5.554177083333342,34,0.3963840283477928,ml_v6,2026-05
311474,long,2026-05-27 17:10:00,2026-05-27 17:15:00,2026-05-27 17:31:00,4443.934,4452.391033333333,TP,8.177033333333348,16,0.40587263092152587,ml_v6,2026-05
311479,long,2026-05-27 17:35:00,2026-05-27 17:40:00,2026-05-27 22:00:00,4450.751,4459.209633333334,TP,8.178633333333345,198,0.41433603064123725,ml_v6,2026-05
311521,long,2026-05-27 22:05:00,2026-05-27 22:10:00,2026-05-27 23:07:00,4459.041,4453.839555555555,SL,-5.481444444444444,57,0.44916886168562475,ml_v6,2026-05
311534,long,2026-05-27 23:10:00,2026-05-27 23:15:00,2026-05-27 23:45:00,4453.512,4448.31821875,SL,-5.473781249999997,30,0.447104653045854,ml_v6,2026-05
311542,long,2026-05-27 23:50:00,2026-05-27 23:55:00,2026-05-28 00:46:00,4446.068,4454.355016666666,TP,8.00701666666666,51,0.4182456707579147,ml_v6,2026-05
311554,long,2026-05-28 00:50:00,2026-05-28 00:55:00,2026-05-28 01:03:00,4451.605,4446.413489583333,SL,-5.471510416666666,8,0.406708457387986,ml_v6,2026-05
311557,long,2026-05-28 01:05:00,2026-05-28 01:10:00,2026-05-28 01:13:00,4444.639,4439.410458333334,SL,-5.508541666666672,3,0.4006289522243201,ml_v6,2026-05
311562,long,2026-05-28 01:30:00,2026-05-28 01:35:00,2026-05-28 01:40:00,4425.1,4419.770788194445,SL,-5.609211805555563,5,0.39576442253967753,ml_v6,2026-05
311565,long,2026-05-28 01:45:00,2026-05-28 01:50:00,2026-05-28 01:53:00,4417.698,4412.340048611111,SL,-5.637951388888899,3,0.4035851027584611,ml_v6,2026-05
311567,long,2026-05-28 01:55:00,2026-05-28 02:00:00,2026-05-28 02:02:00,4409.851,4404.461423611111,SL,-5.669576388888896,2,0.4090949078631062,ml_v6,2026-05
311569,long,2026-05-28 02:05:00,2026-05-28 02:10:00,2026-05-28 02:12:00,4407.656,4402.240965277778,SL,-5.695034722222231,2,0.4077196094061024,ml_v6,2026-05
311571,long,2026-05-28 02:15:00,2026-05-28 02:20:00,2026-05-28 02:45:00,4404.413,4398.977812499999,SL,-5.715187500000009,25,0.40773657761331983,ml_v6,2026-05
311578,long,2026-05-28 02:50:00,2026-05-28 02:55:00,2026-05-28 03:02:00,4395.608,4390.133079861112,SL,-5.754920138888899,7,0.40494375867837373,ml_v6,2026-05
311581,short,2026-05-28 03:05:00,2026-05-28 03:10:00,2026-05-28 03:15:00,4396.661,4387.878361111111,TP,8.502638888888905,5,0.3859374434195758,ml_v6,2026-05
311584,long,2026-05-28 03:20:00,2026-05-28 03:25:00,2026-05-28 03:31:00,4386.55,4381.028631944445,SL,-5.8013680555555664,6,0.4106866150890721,ml_v6,2026-05
311587,short,2026-05-28 03:35:00,2026-05-28 03:40:00,2026-05-28 04:07:00,4374.132,4379.699298611111,SL,-5.847298611111119,27,0.3857301666467302,ml_v6,2026-05
311594,short,2026-05-28 04:10:00,2026-05-28 04:15:00,2026-05-28 04:20:00,4376.545,4367.503866666667,TP,8.761133333333357,5,0.3943259008949575,ml_v6,2026-05
311597,short,2026-05-28 04:25:00,2026-05-28 04:30:00,2026-05-28 04:43:00,4368.444,4374.129909722223,SL,-5.96590972222223,13,0.39455607913191887,ml_v6,2026-05
311601,short,2026-05-28 04:45:00,2026-05-28 04:50:00,2026-05-28 05:12:00,4369.824,4375.535062499999,SL,-5.9910625000000035,22,0.3880060651129064,ml_v6,2026-05
311607,short,2026-05-28 05:15:00,2026-05-28 05:20:00,2026-05-28 05:30:00,4374.52,4380.267100694445,SL,-6.027100694444454,10,0.3980305047936109,ml_v6,2026-05
311612,short,2026-05-28 05:40:00,2026-05-28 05:45:00,2026-05-28 05:52:00,4389.651,4395.441805555555,SL,-6.070805555555561,7,0.3821512398780252,ml_v6,2026-05
311615,short,2026-05-28 05:55:00,2026-05-28 06:00:00,2026-05-28 06:11:00,4388.144,4378.884544444445,TP,8.979455555555568,11,0.3871176872335512,ml_v6,2026-05
311619,short,2026-05-28 06:15:00,2026-05-28 06:20:00,2026-05-28 06:36:00,4379.522,4385.349815972222,SL,-6.107815972222229,16,0.40123319270525426,ml_v6,2026-05
311624,short,2026-05-28 06:40:00,2026-05-28 06:45:00,2026-05-28 07:00:00,4380.544,4386.342947916666,SL,-6.078947916666675,15,0.3973173837611118,ml_v6,2026-05
311629,short,2026-05-28 07:05:00,2026-05-28 07:10:00,2026-05-28 09:21:00,4391.805,4397.5917361111115,SL,-6.066736111111121,131,0.3870720214625508,ml_v6,2026-05
311661,long,2026-05-28 09:45:00,2026-05-28 09:50:00,2026-05-28 10:10:00,4392.983,4402.2289222222225,TP,8.96592222222222,20,0.3951343552143364,ml_v6,2026-05
311667,long,2026-05-28 10:15:00,2026-05-28 10:20:00,2026-05-28 10:42:00,4399.186,4393.396399305555,SL,-6.069600694444441,22,0.40612420360600404,ml_v6,2026-05
311673,short,2026-05-28 10:45:00,2026-05-28 10:50:00,2026-05-28 10:57:00,4380.89,4386.7555,SL,-6.145499999999994,7,0.41739617501876813,ml_v6,2026-05
311679,long,2026-05-28 11:15:00,2026-05-28 11:20:00,2026-05-28 11:31:00,4389.338,4383.445569444444,SL,-6.172430555555551,11,0.40090121399547607,ml_v6,2026-05
311683,long,2026-05-28 11:35:00,2026-05-28 11:40:00,2026-05-28 11:52:00,4388.203,4382.330427083334,SL,-6.152572916666662,12,0.39401248717200144,ml_v6,2026-05
311687,long,2026-05-28 11:55:00,2026-05-28 12:00:00,2026-05-28 12:21:00,4387.694,4381.919628472223,SL,-6.054371527777772,21,0.39536412874848226,ml_v6,2026-05
311694,long,2026-05-28 12:30:00,2026-05-28 12:35:00,2026-05-28 12:38:00,4392.27,4401.457061111111,TP,8.907061111111108,3,0.3969751023608566,ml_v6,2026-05
311696,long,2026-05-28 12:40:00,2026-05-28 12:45:00,2026-05-28 12:50:00,4401.931,4411.138244444444,TP,8.92724444444444,5,0.3954110883918103,ml_v6,2026-05
311699,long,2026-05-28 12:55:00,2026-05-28 13:00:00,2026-05-28 13:09:00,4432.033,4426.230465277778,SL,-6.082534722222223,9,0.3954257956957524,ml_v6,2026-05
311706,long,2026-05-28 13:30:00,2026-05-28 13:35:00,2026-05-28 13:45:00,4418.804,4427.896227777778,TP,8.812227777777778,10,0.3991297685062281,ml_v6,2026-05
311711,short,2026-05-28 13:55:00,2026-05-28 14:00:00,2026-05-28 14:04:00,4430.255,4421.152561111111,TP,8.822438888888897,4,0.37963198876987303,ml_v6,2026-05
311714,long,2026-05-28 14:10:00,2026-05-28 14:15:00,2026-05-28 14:16:00,4464.174,4458.392861111111,SL,-6.061138888888898,1,0.4223945448565916,ml_v6,2026-05
311716,long,2026-05-28 14:20:00,2026-05-28 14:25:00,2026-05-28 14:38:00,4461.364,4455.53851736111,SL,-6.1054826388889,13,0.42270351411189144,ml_v6,2026-05
311720,long,2026-05-28 14:40:00,2026-05-28 14:45:00,2026-05-28 14:46:00,4468.786,4478.001038888889,TP,8.935038888888906,1,0.4281308511662916,ml_v6,2026-05
311722,long,2026-05-28 14:50:00,2026-05-28 14:55:00,2026-05-28 14:57:00,4470.362,4464.606635416667,SL,-6.03536458333334,2,0.42212101914171735,ml_v6,2026-05
311724,long,2026-05-28 15:00:00,2026-05-28 15:05:00,2026-05-28 15:36:00,4474.749,4483.960133333333,TP,8.93113333333335,31,0.41345815457586804,ml_v6,2026-05
311732,long,2026-05-28 15:40:00,2026-05-28 15:45:00,2026-05-28 16:16:00,4479.534,4488.598772222222,TP,8.78477222222224,31,0.44295053539205126,ml_v6,2026-05
311751,long,2026-05-28 17:15:00,2026-05-28 17:20:00,2026-05-28 18:02:00,4504.475,4513.557616666667,TP,8.802616666666689,42,0.3951304374723027,ml_v6,2026-05
311761,long,2026-05-28 18:05:00,2026-05-28 18:10:00,2026-05-28 18:30:00,4509.856,4504.171232638889,SL,-5.96476736111112,20,0.4133838656143431,ml_v6,2026-05
311767,long,2026-05-28 18:35:00,2026-05-28 18:40:00,2026-05-28 20:02:00,4502.143,4496.453625,SL,-5.9693750000000065,82,0.4240249367422009,ml_v6,2026-05
311785,long,2026-05-28 20:05:00,2026-05-28 20:10:00,2026-05-28 23:40:00,4496.27,4490.568479166667,SL,-5.981520833333335,148,0.4088306647185269,ml_v6,2026-05
311818,long,2026-05-28 23:50:00,2026-05-28 23:55:00,2026-05-29 01:00:00,4492.347,4501.375822222222,TP,8.748822222222229,65,0.4179400416851251,ml_v6,2026-05
311833,long,2026-05-29 01:05:00,2026-05-29 01:10:00,2026-05-29 01:18:00,4508.686,4517.82205,TP,8.856050000000009,8,0.4021813263778804,ml_v6,2026-05
311837,long,2026-05-29 01:25:00,2026-05-29 01:30:00,2026-05-29 02:30:00,4505.207,4499.495239583333,SL,-5.991760416666674,60,0.4047870880053938,ml_v6,2026-05
311851,long,2026-05-29 02:35:00,2026-05-29 02:40:00,2026-05-29 03:00:00,4505.987,4500.4044375,SL,-5.862562500000001,20,0.4241538523626598,ml_v6,2026-05
311857,long,2026-05-29 03:05:00,2026-05-29 03:10:00,2026-05-29 04:23:00,4498.174,4506.988422222223,TP,8.53442222222222,73,0.39542295846951947,ml_v6,2026-05
311873,long,2026-05-29 04:25:00,2026-05-29 04:30:00,2026-05-29 05:38:00,4509.244,4503.906656249999,SL,-5.61734374999999,68,0.40934101261995737,ml_v6,2026-05
311888,short,2026-05-29 05:40:00,2026-05-29 05:45:00,2026-05-29 05:53:00,4506.852,4512.021684027778,SL,-5.449684027777761,8,0.38653856784693164,ml_v6,2026-05
311891,long,2026-05-29 05:55:00,2026-05-29 06:00:00,2026-05-29 06:54:00,4514.771,4523.072433333333,TP,8.021433333333299,54,0.4027399949199059,ml_v6,2026-05
311903,long,2026-05-29 06:55:00,2026-05-29 07:00:00,2026-05-29 07:06:00,4523.768,4518.59434375,SL,-5.453656249999978,6,0.4023060926925459,ml_v6,2026-05
311906,long,2026-05-29 07:10:00,2026-05-29 07:15:00,2026-05-29 07:25:00,4516.382,4511.2388576388885,SL,-5.423142361111091,10,0.3998260226252319,ml_v6,2026-05
311910,long,2026-05-29 07:30:00,2026-05-29 07:35:00,2026-05-29 08:09:00,4520.608,4515.479114583333,SL,-5.408885416666644,34,0.4014537804718149,ml_v6,2026-05
311918,long,2026-05-29 08:10:00,2026-05-29 08:15:00,2026-05-29 08:50:00,4515.226,4510.110135416667,SL,-5.39586458333331,35,0.39764684700992126,ml_v6,2026-05
311927,long,2026-05-29 08:55:00,2026-05-29 09:00:00,2026-05-29 09:09:00,4514.79,4522.897883333333,TP,7.827883333333296,9,0.4015204021594633,ml_v6,2026-05
311940,short,2026-05-29 10:00:00,2026-05-29 10:05:00,2026-05-29 10:30:00,4526.135,4531.262267361111,SL,-5.407267361111093,25,0.379275599695976,ml_v6,2026-05
311950,short,2026-05-29 10:50:00,2026-05-29 10:55:00,2026-05-29 11:26:00,4536.863,4528.659566666667,TP,7.923433333333311,31,0.3812923899929238,ml_v6,2026-05
311962,short,2026-05-29 11:50:00,2026-05-29 11:55:00,2026-05-29 11:59:00,4533.868,4538.9118402777785,SL,-5.323840277777769,4,0.3795670107681056,ml_v6,2026-05
311964,short,2026-05-29 12:00:00,2026-05-29 12:05:00,2026-05-29 12:21:00,4529.451,4521.362144444444,TP,7.808855555555545,16,0.37893809193615213,ml_v6,2026-05
311969,short,2026-05-29 12:25:00,2026-05-29 12:30:00,2026-05-29 12:42:00,4522.197,4514.0713166666665,TP,7.84568333333332,12,0.38756574957727047,ml_v6,2026-05
311973,short,2026-05-29 12:45:00,2026-05-29 12:50:00,2026-05-29 12:59:00,4515.562,4520.652520833333,SL,-5.370520833333326,9,0.3861330694529519,ml_v6,2026-05
311976,short,2026-05-29 13:00:00,2026-05-29 13:05:00,2026-05-29 13:09:00,4524.085,4515.887777777778,TP,7.917222222222217,4,0.38483684881719127,ml_v6,2026-05
311978,short,2026-05-29 13:10:00,2026-05-29 13:15:00,2026-05-29 13:21:00,4522.826,4527.980038194444,SL,-5.434038194444446,6,0.38121417445966105,ml_v6,2026-05
311981,short,2026-05-29 13:25:00,2026-05-29 13:30:00,2026-05-29 13:40:00,4527.998,4533.121697916667,SL,-5.403697916666667,10,0.3815275791092954,ml_v6,2026-05
311985,short,2026-05-29 13:45:00,2026-05-29 13:50:00,2026-05-29 13:58:00,4535.698,4540.802020833334,SL,-5.384020833333333,8,0.38305240638245686,ml_v6,2026-05
311988,long,2026-05-29 14:00:00,2026-05-29 14:05:00,2026-05-29 14:15:00,4547.912,4542.831541666667,SL,-5.360458333333332,10,0.41117421478876476,ml_v6,2026-05
311992,short,2026-05-29 14:20:00,2026-05-29 14:25:00,2026-05-29 14:34:00,4531.045,4536.120458333334,SL,-5.35545833333333,9,0.3870707431150343,ml_v6,2026-05
311995,short,2026-05-29 14:35:00,2026-05-29 14:40:00,2026-05-29 14:42:00,4531.815,4536.884079861111,SL,-5.349079861111116,2,0.38800047126540205,ml_v6,2026-05
311997,short,2026-05-29 14:45:00,2026-05-29 14:50:00,2026-05-29 14:51:00,4539.778,4544.846076388889,SL,-5.348076388888892,1,0.386234314702524,ml_v6,2026-05
311999,long,2026-05-29 14:55:00,2026-05-29 15:00:00,2026-05-29 15:03:00,4564.25,4572.5225222222225,TP,7.992522222222223,3,0.4177340507205321,ml_v6,2026-05
312001,long,2026-05-29 15:05:00,2026-05-29 15:10:00,2026-05-29 15:21:00,4587.817,4582.647635416667,SL,-5.44936458333333,11,0.4039187091331737,ml_v6,2026-05
312005,long,2026-05-29 15:25:00,2026-05-29 15:30:00,2026-05-29 15:37:00,4578.302,4573.298409722222,SL,-5.2835902777777735,7,0.40605084413867487,ml_v6,2026-05
312012,long,2026-05-29 16:00:00,2026-05-29 16:05:00,2026-05-29 16:11:00,4567.887,4562.948684027778,SL,-5.218315972222215,6,0.395640733306146,ml_v6,2026-05
312015,long,2026-05-29 16:15:00,2026-05-29 16:20:00,2026-05-29 16:37:00,4565.107,4573.00395,TP,7.6169499999999895,17,0.39514967173648186,ml_v6,2026-05
312025,short,2026-05-29 17:05:00,2026-05-29 17:10:00,2026-05-29 17:32:00,4567.537,4559.652405555556,TP,7.604594444444444,22,0.3801110899157627,ml_v6,2026-05
312031,short,2026-05-29 17:35:00,2026-05-29 17:40:00,2026-05-29 18:45:00,4558.889,4551.087277777778,TP,7.521722222222219,65,0.3781342571344126,ml_v6,2026-05
312046,short,2026-05-29 18:50:00,2026-05-29 18:55:00,2026-05-29 19:11:00,4554.126,4558.940559027778,SL,-5.094559027777784,16,0.38444751857558546,ml_v6,2026-05
312051,short,2026-05-29 19:15:00,2026-05-29 19:20:00,2026-05-29 19:47:00,4557.555,4549.911594444445,TP,7.3634055555555715,27,0.3812786466548779,ml_v6,2026-05
312058,long,2026-05-29 19:50:00,2026-05-29 19:55:00,2026-05-29 20:30:00,4546.56,4541.798375,SL,-5.041625000000006,35,0.39576195856211704,ml_v6,2026-05
312067,long,2026-05-29 20:35:00,2026-05-29 20:40:00,2026-05-31 22:01:00,4543.08,4538.306159722222,SL,-5.053840277777784,18,0.41090026060537066,ml_v6,2026-05
312079,short,2026-05-31 22:35:00,2026-05-31 22:40:00,2026-05-31 22:45:00,4531.989,4536.907479166666,SL,-5.19847916666667,5,0.37858625479370034,ml_v6,2026-05
312082,short,2026-05-31 22:50:00,2026-05-31 22:55:00,2026-05-31 23:03:00,4535.16,4540.110135416667,SL,-5.230135416666671,8,0.3877581978237513,ml_v6,2026-05
312085,short,2026-05-31 23:05:00,2026-05-31 23:10:00,2026-06-01 01:03:00,4541.567,4533.640638888889,TP,7.646361111111126,113,0.38033676808435446,ml_v6,2026-05
312097,long,2026-06-01 00:05:00,2026-06-01 00:10:00,2026-06-01 00:36:00,4540.656,4535.629993055555,SL,-5.306006944444451,26,0.4121000501949932,ml_v6,2026-06
312104,long,2026-06-01 00:40:00,2026-06-01 00:45:00,2026-06-01 01:08:00,4535.911,4530.828517361111,SL,-5.362482638888887,23,0.40482292508934015,ml_v6,2026-06
312110,long,2026-06-01 01:10:00,2026-06-01 01:15:00,2026-06-01 01:28:00,4533.84,4528.707038194445,SL,-5.412961805555555,13,0.4122835529481864,ml_v6,2026-06
312114,long,2026-06-01 01:30:00,2026-06-01 01:35:00,2026-06-01 01:49:00,4532.553,4527.402086805556,SL,-5.430913194444444,14,0.4158610013296896,ml_v6,2026-06
312118,long,2026-06-01 01:50:00,2026-06-01 01:55:00,2026-06-01 01:56:00,4530.005,4524.835638888889,SL,-5.4493611111111075,1,0.4202818307768328,ml_v6,2026-06
312120,long,2026-06-01 02:00:00,2026-06-01 02:05:00,2026-06-01 02:13:00,4525.197,4533.447522222223,TP,7.970522222222214,8,0.4112978690254126,ml_v6,2026-06
312124,long,2026-06-01 02:20:00,2026-06-01 02:25:00,2026-06-01 02:30:00,4531.605,4526.494857638889,SL,-5.3901423611111,5,0.4234367386371023,ml_v6,2026-06
312127,long,2026-06-01 02:35:00,2026-06-01 02:40:00,2026-06-01 02:43:00,4528.48,4523.381326388889,SL,-5.378673611111094,3,0.4088640262785166,ml_v6,2026-06
312129,long,2026-06-01 02:45:00,2026-06-01 02:50:00,2026-06-01 03:06:00,4523.617,4518.515982638889,SL,-5.381017361111095,16,0.4060456986024522,ml_v6,2026-06
312134,short,2026-06-01 03:10:00,2026-06-01 03:15:00,2026-06-01 03:32:00,4518.644,4523.733708333333,SL,-5.369708333333318,17,0.38396282409252,ml_v6,2026-06
312139,short,2026-06-01 03:35:00,2026-06-01 03:40:00,2026-06-01 05:18:00,4515.666,4520.767715277778,SL,-5.381715277777759,98,0.3899976697649271,ml_v6,2026-06
312160,short,2026-06-01 05:20:00,2026-06-01 05:25:00,2026-06-01 05:34:00,4522.265,4514.096244444445,TP,7.888755555555542,9,0.39695866117263523,ml_v6,2026-06
312163,short,2026-06-01 05:35:00,2026-06-01 05:40:00,2026-06-01 05:49:00,4519.981,4525.13440625,SL,-5.4334062499999956,9,0.40639499745085994,ml_v6,2026-06
312166,short,2026-06-01 05:50:00,2026-06-01 05:55:00,2026-06-01 06:01:00,4523.317,4515.011388888889,TP,8.025611111111104,6,0.39470194626330346,ml_v6,2026-06
312169,short,2026-06-01 06:05:00,2026-06-01 06:10:00,2026-06-01 06:20:00,4517.194,4508.884883333334,TP,8.02911666666666,10,0.41315474531862584,ml_v6,2026-06
312173,short,2026-06-01 06:25:00,2026-06-01 06:30:00,2026-06-01 06:35:00,4513.883,4505.478666666667,TP,8.124333333333327,5,0.4164151643057089,ml_v6,2026-06
312176,short,2026-06-01 06:40:00,2026-06-01 06:45:00,2026-06-01 07:07:00,4504.476,4509.727878472222,SL,-5.53187847222222,22,0.41218176459019495,ml_v6,2026-06
312182,short,2026-06-01 07:10:00,2026-06-01 07:15:00,2026-06-01 07:44:00,4507.311,4498.978083333333,TP,8.052916666666663,29,0.4131017297798869,ml_v6,2026-06
312189,short,2026-06-01 07:45:00,2026-06-01 07:50:00,2026-06-01 07:57:00,4494.547,4499.729135416666,SL,-5.46213541666666,7,0.404079140818699,ml_v6,2026-06
312192,short,2026-06-01 08:00:00,2026-06-01 08:05:00,2026-06-01 08:45:00,4495.808,4501.016131944444,SL,-5.488131944444438,40,0.403584094441517,ml_v6,2026-06
312202,short,2026-06-01 08:50:00,2026-06-01 08:55:00,2026-06-01 09:17:00,4497.359,4502.601184027778,SL,-5.522184027777778,22,0.4120735812951835,ml_v6,2026-06
312208,short,2026-06-01 09:20:00,2026-06-01 09:25:00,2026-06-01 09:32:00,4499.789,4491.4077777777775,TP,8.101222222222223,7,0.40816240696380235,ml_v6,2026-06
312211,short,2026-06-01 09:35:00,2026-06-01 09:40:00,2026-06-01 10:28:00,4497.798,4503.0698298611105,SL,-5.551829861111112,48,0.38982739459037996,ml_v6,2026-06
312223,short,2026-06-01 10:35:00,2026-06-01 10:40:00,2026-06-01 10:47:00,4503.197,4508.4124375,SL,-5.495437500000001,7,0.38451434794503236,ml_v6,2026-06
312227,short,2026-06-01 10:55:00,2026-06-01 11:00:00,2026-06-01 11:19:00,4504.019,4509.2230104166665,SL,-5.484010416666667,19,0.3875882904531146,ml_v6,2026-06
312233,long,2026-06-01 11:25:00,2026-06-01 11:30:00,2026-06-01 12:01:00,4510.344,4505.112513888889,SL,-5.51148611111111,31,0.40271715630381244,ml_v6,2026-06
312242,short,2026-06-01 12:10:00,2026-06-01 12:15:00,2026-06-01 12:45:00,4503.329,4508.5362256944445,SL,-5.487225694444443,30,0.3862400915921787,ml_v6,2026-06
312251,short,2026-06-01 12:55:00,2026-06-01 13:00:00,2026-06-01 13:11:00,4502.154,4493.729922222223,TP,8.144077777777767,11,0.39166574210305566,ml_v6,2026-06
312255,short,2026-06-01 13:15:00,2026-06-01 13:20:00,2026-06-01 13:21:00,4481.987,4473.389483333333,TP,8.317516666666656,1,0.39062860590192,ml_v6,2026-06
312257,short,2026-06-01 13:25:00,2026-06-01 13:30:00,2026-06-01 13:35:00,4465.092,4470.505611111111,SL,-5.693611111111101,5,0.38463756802128635,ml_v6,2026-06
312260,short,2026-06-01 13:40:00,2026-06-01 13:45:00,2026-06-01 13:51:00,4467.323,4458.555922222223,TP,8.48707777777775,6,0.3855839979362634,ml_v6,2026-06
312263,long,2026-06-01 13:55:00,2026-06-01 14:00:00,2026-06-01 14:09:00,4450.377,4459.188083333333,TP,8.5310833333333,9,0.4161987245947181,ml_v6,2026-06
312266,long,2026-06-01 14:10:00,2026-06-01 14:15:00,2026-06-01 14:16:00,4461.072,4455.566177083333,SL,-5.785822916666641,1,0.41992029066718783,ml_v6,2026-06
312268,long,2026-06-01 14:20:00,2026-06-01 14:25:00,2026-06-01 14:27:00,4455.345,4449.8109722222225,SL,-5.81402777777775,2,0.4212871931318587,ml_v6,2026-06
312270,long,2026-06-01 14:30:00,2026-06-01 14:35:00,2026-06-01 14:51:00,4458.42,4452.873927083333,SL,-5.826072916666639,16,0.41263430736396745,ml_v6,2026-06
312275,long,2026-06-01 14:55:00,2026-06-01 15:00:00,2026-06-01 15:23:00,4458.574,4467.408916666666,TP,8.554916666666621,23,0.4130459801693622,ml_v6,2026-06
312281,short,2026-06-01 15:25:00,2026-06-01 15:30:00,2026-06-01 15:31:00,4468.117,4473.564486111111,SL,-5.727486111111084,1,0.3844315852915594,ml_v6,2026-06
312283,long,2026-06-01 15:35:00,2026-06-01 15:40:00,2026-06-01 15:47:00,4476.419,4470.972524305555,SL,-5.726475694444413,7,0.41216540082689007,ml_v6,2026-06
312286,long,2026-06-01 15:50:00,2026-06-01 15:55:00,2026-06-01 16:11:00,4470.883,4465.534607638889,SL,-5.628392361111085,16,0.4189402588382368,ml_v6,2026-06
312292,long,2026-06-01 16:20:00,2026-06-01 16:25:00,2026-06-01 16:53:00,4468.433,4476.779372222222,TP,8.06637222222217,28,0.41260451852336355,ml_v6,2026-06
312301,long,2026-06-01 17:05:00,2026-06-01 17:10:00,2026-06-01 17:29:00,4473.617,4481.818877777778,TP,7.92187777777773,19,0.42103172290947277,ml_v6,2026-06
312322,long,2026-06-01 18:50:00,2026-06-01 18:55:00,2026-06-01 19:50:00,4487.285,4482.259222222222,SL,-5.305777777777746,55,0.4040166744983489,ml_v6,2026-06
312339,long,2026-06-01 20:15:00,2026-06-01 20:20:00,2026-06-02 00:08:00,4482.759,4477.780881944444,SL,-5.258118055555525,166,0.4055325482422455,ml_v6,2026-06
312374,long,2026-06-02 00:10:00,2026-06-02 00:15:00,2026-06-02 00:21:00,4480.958,4488.635461111111,TP,7.397461111111068,6,0.42927319947698034,ml_v6,2026-06
312377,short,2026-06-02 00:25:00,2026-06-02 00:30:00,2026-06-02 00:42:00,4493.77,4486.05515,TP,7.434849999999953,12,0.38671770380484527,ml_v6,2026-06
312382,long,2026-06-02 00:50:00,2026-06-02 00:55:00,2026-06-02 01:01:00,4481.55,4476.712743055556,SL,-5.117256944444416,6,0.4135605252631621,ml_v6,2026-06
312385,long,2026-06-02 01:05:00,2026-06-02 01:10:00,2026-06-02 01:12:00,4479.56,4487.3244277777785,TP,7.484427777777737,2,0.41917916762722607,ml_v6,2026-06
312387,long,2026-06-02 01:15:00,2026-06-02 01:20:00,2026-06-02 01:39:00,4485.865,4480.974128472222,SL,-5.1708715277777495,19,0.4207207502003553,ml_v6,2026-06
312393,long,2026-06-02 01:45:00,2026-06-02 01:50:00,2026-06-02 01:51:00,4475.629,4470.683357638889,SL,-5.225642361111078,1,0.40714791255373994,ml_v6,2026-06
312395,long,2026-06-02 01:55:00,2026-06-02 02:00:00,2026-06-02 02:17:00,4473.901,4481.871155555556,TP,7.690155555555499,17,0.43605450026822024,ml_v6,2026-06
312400,long,2026-06-02 02:20:00,2026-06-02 02:25:00,2026-06-02 02:40:00,4483.702,4478.763163194445,SL,-5.218836805555519,15,0.4700334476746483,ml_v6,2026-06
312405,long,2026-06-02 02:45:00,2026-06-02 02:50:00,2026-06-02 02:56:00,4474.361,4482.22965,TP,7.58864999999995,6,0.47338847230453596,ml_v6,2026-06
312408,long,2026-06-02 03:00:00,2026-06-02 03:05:00,2026-06-02 03:29:00,4488.233,4496.1413,TP,7.6282999999999435,24,0.4841259732446755,ml_v6,2026-06
312414,long,2026-06-02 03:30:00,2026-06-02 03:35:00,2026-06-02 04:06:00,4494.007,4501.917861111111,TP,7.63086111111106,31,0.46717316470202885,ml_v6,2026-06
312424,short,2026-06-02 04:20:00,2026-06-02 04:25:00,2026-06-02 04:41:00,4505.804,4510.7213506944445,SL,-5.197350694444417,16,0.3856383166166164,ml_v6,2026-06
312429,short,2026-06-02 04:45:00,2026-06-02 04:50:00,2026-06-02 04:58:00,4512.42,4517.312767361112,SL,-5.17276736111108,8,0.4068252406208872,ml_v6,2026-06
312432,short,2026-06-02 05:00:00,2026-06-02 05:05:00,2026-06-02 05:27:00,4516.083,4520.977923611111,SL,-5.174923611111084,22,0.4081028702889742,ml_v6,2026-06
312438,short,2026-06-02 05:30:00,2026-06-02 05:35:00,2026-06-02 05:55:00,4524.827,4516.953844444445,TP,7.593155555555498,20,0.39911923890191414,ml_v6,2026-06
312444,short,2026-06-02 06:00:00,2026-06-02 06:05:00,2026-06-02 06:21:00,4520.428,4525.362864583333,SL,-5.214864583333305,16,0.3984365792618719,ml_v6,2026-06
312449,short,2026-06-02 06:25:00,2026-06-02 06:30:00,2026-06-02 06:35:00,4532.931,4537.920062499999,SL,-5.269062499999967,5,0.3867133655135542,ml_v6,2026-06
312452,long,2026-06-02 06:40:00,2026-06-02 06:45:00,2026-06-02 07:11:00,4532.786,4540.703627777778,TP,7.637627777777726,26,0.4053429202236377,ml_v6,2026-06
312459,long,2026-06-02 07:15:00,2026-06-02 07:20:00,2026-06-02 07:28:00,4539.171,4534.258638888889,SL,-5.1923611111110715,8,0.4185332197321645,ml_v6,2026-06
312462,long,2026-06-02 07:30:00,2026-06-02 07:35:00,2026-06-02 07:53:00,4533.704,4528.821913194444,SL,-5.162086805555519,18,0.41836339960223157,ml_v6,2026-06
312469,long,2026-06-02 08:05:00,2026-06-02 08:10:00,2026-06-02 08:23:00,4535.29,4530.433767361111,SL,-5.136232638888859,13,0.4403916656689322,ml_v6,2026-06
312473,short,2026-06-02 08:25:00,2026-06-02 08:30:00,2026-06-02 09:31:00,4531.229,4523.443188888889,TP,7.50581111111107,61,0.3893442668430973,ml_v6,2026-06
312487,short,2026-06-02 09:35:00,2026-06-02 09:40:00,2026-06-02 09:51:00,4524.425,4529.202715277778,SL,-5.057715277777753,11,0.3920179444538716,ml_v6,2026-06
312491,long,2026-06-02 09:55:00,2026-06-02 10:00:00,2026-06-02 10:22:00,4529.701,4524.944545138889,SL,-5.036454861111087,22,0.4182993889347725,ml_v6,2026-06
312497,short,2026-06-02 10:25:00,2026-06-02 10:30:00,2026-06-02 10:48:00,4528.224,4532.958791666667,SL,-5.014791666666644,18,0.3894585523225418,ml_v6,2026-06
312502,long,2026-06-02 10:50:00,2026-06-02 10:55:00,2026-06-02 11:15:00,4532.107,4527.4229375,SL,-4.96406249999997,20,0.40837182076352,ml_v6,2026-06
312511,short,2026-06-02 11:35:00,2026-06-02 11:40:00,2026-06-02 12:21:00,4527.196,4531.85109375,SL,-4.935093749999967,41,0.3860667506640839,ml_v6,2026-06
312521,short,2026-06-02 12:25:00,2026-06-02 12:30:00,2026-06-02 12:47:00,4529.321,4521.942305555555,TP,7.098694444444393,17,0.38554376479571223,ml_v6,2026-06
312526,short,2026-06-02 12:50:00,2026-06-02 12:55:00,2026-06-02 13:04:00,4515.046,4519.71153125,SL,-4.945531249999965,9,0.40581571829039764,ml_v6,2026-06
312529,short,2026-06-02 13:05:00,2026-06-02 13:10:00,2026-06-02 13:30:00,4516.581,4509.037205555555,TP,7.263794444444387,20,0.38910092803650376,ml_v6,2026-06
312542,long,2026-06-02 14:10:00,2026-06-02 14:15:00,2026-06-02 14:16:00,4504.297,4499.694930555555,SL,-4.882069444444419,1,0.42214740702372,ml_v6,2026-06
312544,long,2026-06-02 14:20:00,2026-06-02 14:25:00,2026-06-02 14:35:00,4492.88,4500.1937,TP,7.033699999999961,10,0.42468822509808934,ml_v6,2026-06
312566,long,2026-06-02 16:10:00,2026-06-02 16:15:00,2026-06-02 16:21:00,4498.245,4493.95384375,SL,-4.5711562499999845,6,0.40576805349487166,ml_v6,2026-06
312569,long,2026-06-02 16:25:00,2026-06-02 16:30:00,2026-06-02 17:36:00,4490.491,4486.198340277778,SL,-4.572659722222204,66,0.40326054151629465,ml_v6,2026-06
312584,long,2026-06-02 17:40:00,2026-06-02 17:45:00,2026-06-02 18:43:00,4484.713,4480.495815972222,SL,-4.497184027777762,58,0.41645167714646614,ml_v6,2026-06
312599,long,2026-06-02 18:55:00,2026-06-02 19:00:00,2026-06-02 23:03:00,4487.265,4483.134854166667,SL,-4.410145833333312,181,0.40531064261199445,ml_v6,2026-06
312639,short,2026-06-02 23:15:00,2026-06-02 23:20:00,2026-06-02 23:28:00,4470.07,4463.294694444444,TP,6.495305555555516,8,0.39902824852084307,ml_v6,2026-06
312642,short,2026-06-02 23:30:00,2026-06-02 23:35:00,2026-06-02 23:42:00,4466.241,4470.5227187499995,SL,-4.5617187499999785,7,0.3940338686658946,ml_v6,2026-06
312645,short,2026-06-02 23:45:00,2026-06-02 23:50:00,2026-06-03 00:00:00,4471.749,4476.072329861111,SL,-4.603329861111088,10,0.3907837060042083,ml_v6,2026-06
312649,short,2026-06-03 00:05:00,2026-06-03 00:10:00,2026-06-03 00:21:00,4476.419,4480.761576388889,SL,-4.622576388888865,11,0.3924521725401658,ml_v6,2026-06
312653,short,2026-06-03 00:25:00,2026-06-03 00:30:00,2026-06-03 00:35:00,4482.904,4487.281975694445,SL,-4.65797569444442,5,0.4022217171174361,ml_v6,2026-06
312657,short,2026-06-03 00:45:00,2026-06-03 00:50:00,2026-06-03 01:00:00,4491.065,4484.011977777777,TP,6.773022222222181,10,0.3880899483157333,ml_v6,2026-06
312661,short,2026-06-03 01:05:00,2026-06-03 01:10:00,2026-06-03 01:24:00,4473.994,4466.875383333333,TP,6.8386166666666295,14,0.4069278733325238,ml_v6,2026-06
312665,short,2026-06-03 01:25:00,2026-06-03 01:30:00,2026-06-03 01:31:00,4467.085,4471.549423611111,SL,-4.744423611111092,1,0.4039877133112084,ml_v6,2026-06
312667,short,2026-06-03 01:35:00,2026-06-03 01:40:00,2026-06-03 01:43:00,4466.454,4470.923284722222,SL,-4.749284722222202,3,0.4057473015424104,ml_v6,2026-06
312669,long,2026-06-03 01:45:00,2026-06-03 01:50:00,2026-06-03 02:40:00,4475.496,4482.651494444444,TP,6.875494444444412,50,0.41038146706557616,ml_v6,2026-06
312681,long,2026-06-03 02:45:00,2026-06-03 02:50:00,2026-06-03 03:00:00,4475.395,4482.360616666667,TP,6.685616666666645,10,0.4246436397942509,ml_v6,2026-06
312685,long,2026-06-03 03:05:00,2026-06-03 03:10:00,2026-06-03 04:20:00,4485.236,4480.920107638889,SL,-4.595892361111105,70,0.44241735934534426,ml_v6,2026-06
312701,long,2026-06-03 04:25:00,2026-06-03 04:30:00,2026-06-03 04:36:00,4477.151,4472.957920138889,SL,-4.473079861111114,6,0.41097154862506546,ml_v6,2026-06
312704,long,2026-06-03 04:40:00,2026-06-03 04:45:00,2026-06-03 04:56:00,4473.515,4469.334482638889,SL,-4.460517361111119,11,0.4309129870676728,ml_v6,2026-06
312708,short,2026-06-03 05:00:00,2026-06-03 05:05:00,2026-06-03 05:30:00,4470.96,4464.2715,TP,6.408500000000016,25,0.3961226759978602,ml_v6,2026-06
312715,short,2026-06-03 05:35:00,2026-06-03 05:40:00,2026-06-03 05:42:00,4467.022,4460.273138888889,TP,6.468861111111127,2,0.40391042849831255,ml_v6,2026-06
312717,short,2026-06-03 05:45:00,2026-06-03 05:50:00,2026-06-03 05:58:00,4465.789,4459.019838888888,TP,6.4891611111111285,8,0.4034600707035509,ml_v6,2026-06
312720,short,2026-06-03 06:00:00,2026-06-03 06:05:00,2026-06-03 06:24:00,4466.779,4459.936316666667,TP,6.562683333333349,19,0.3946794427552208,ml_v6,2026-06
312725,short,2026-06-03 06:25:00,2026-06-03 06:30:00,2026-06-03 06:46:00,4462.289,4455.374911111111,TP,6.634088888888916,16,0.40657187477848905,ml_v6,2026-06
312730,short,2026-06-03 06:50:00,2026-06-03 06:55:00,2026-06-03 06:59:00,4458.221,4462.5430729166665,SL,-4.602072916666688,4,0.4078448393810383,ml_v6,2026-06
312732,short,2026-06-03 07:00:00,2026-06-03 07:05:00,2026-06-03 07:10:00,4465.112,4469.449871527778,SL,-4.617871527777797,5,0.39645141024743114,ml_v6,2026-06
312735,short,2026-06-03 07:15:00,2026-06-03 07:20:00,2026-06-03 07:29:00,4463.738,4456.78973888889,TP,6.668261111111145,9,0.3949700908711229,ml_v6,2026-06
312738,short,2026-06-03 07:30:00,2026-06-03 07:35:00,2026-06-03 07:58:00,4461.324,4454.397477777778,TP,6.646522222222255,23,0.3995630343349952,ml_v6,2026-06
312744,short,2026-06-03 08:00:00,2026-06-03 08:05:00,2026-06-03 08:51:00,4457.458,4450.452533333333,TP,6.725466666666705,46,0.40551289724395023,ml_v6,2026-06
312755,short,2026-06-03 08:55:00,2026-06-03 09:00:00,2026-06-03 09:03:00,4443.736,4448.176503472222,SL,-4.7205034722222505,3,0.39609625855327796,ml_v6,2026-06
312758,short,2026-06-03 09:10:00,2026-06-03 09:15:00,2026-06-03 09:29:00,4451.39,4444.224622222223,TP,6.885377777777819,14,0.4055963331925262,ml_v6,2026-06
312762,short,2026-06-03 09:30:00,2026-06-03 09:35:00,2026-06-03 09:38:00,4441.888,4446.39759375,SL,-4.789593750000016,3,0.4031734989243618,ml_v6,2026-06
312764,short,2026-06-03 09:40:00,2026-06-03 09:45:00,2026-06-03 10:05:00,4446.459,4450.992222222222,SL,-4.813222222222239,20,0.4122657378162864,ml_v6,2026-06
312771,long,2026-06-03 10:15:00,2026-06-03 10:20:00,2026-06-03 10:23:00,4462.412,4457.789354166667,SL,-4.90264583333335,3,0.4026025795232339,ml_v6,2026-06
312778,long,2026-06-03 10:50:00,2026-06-03 10:55:00,2026-06-03 11:08:00,4458.999,4466.409438888889,TP,7.130438888888904,13,0.4049234555386423,ml_v6,2026-06
312783,long,2026-06-03 11:15:00,2026-06-03 11:20:00,2026-06-03 12:16:00,4460.884,4456.230746527778,SL,-4.933253472222231,56,0.41735251565465414,ml_v6,2026-06
312797,short,2026-06-03 12:25:00,2026-06-03 12:30:00,2026-06-03 12:43:00,4452.98,4457.702743055555,SL,-5.0027430555555705,13,0.3844747418779396,ml_v6,2026-06
312807,long,2026-06-03 13:15:00,2026-06-03 13:20:00,2026-06-03 13:23:00,4457.588,4452.743402777777,SL,-5.124597222222228,3,0.40908169241657105,ml_v6,2026-06
312809,short,2026-06-03 13:25:00,2026-06-03 13:30:00,2026-06-03 13:42:00,4448.47,4440.695705555556,TP,7.494294444444457,12,0.3834636644119449,ml_v6,2026-06
312813,long,2026-06-03 13:45:00,2026-06-03 13:50:00,2026-06-03 13:52:00,4436.756,4444.631033333334,TP,7.59503333333335,2,0.42017910220296906,ml_v6,2026-06
312815,long,2026-06-03 13:55:00,2026-06-03 14:00:00,2026-06-03 14:10:00,4445.867,4453.7885888888895,TP,7.641588888888911,10,0.42087604485812324,ml_v6,2026-06
312819,long,2026-06-03 14:15:00,2026-06-03 14:20:00,2026-06-03 14:51:00,4449.27,4457.223900000001,TP,7.673900000000011,31,0.41801466263513826,ml_v6,2026-06
312827,long,2026-06-03 14:55:00,2026-06-03 15:00:00,2026-06-03 15:05:00,4457.018,4452.0435659722225,SL,-5.254434027777777,5,0.42931763276939655,ml_v6,2026-06
312830,long,2026-06-03 15:10:00,2026-06-03 15:15:00,2026-06-03 15:23:00,4445.959,4440.979263888888,SL,-5.259736111111107,8,0.42679903906873357,ml_v6,2026-06
312833,long,2026-06-03 15:25:00,2026-06-03 15:30:00,2026-06-03 15:37:00,4444.923,4439.9707569444445,SL,-5.23224305555555,7,0.43051268656564234,ml_v6,2026-06
312836,long,2026-06-03 15:40:00,2026-06-03 15:45:00,2026-06-03 16:23:00,4439.98,4435.022999999999,SL,-5.236999999999997,38,0.4415951835025781,ml_v6,2026-06
312845,long,2026-06-03 16:25:00,2026-06-03 16:30:00,2026-06-03 17:07:00,4437.679,4445.611438888889,TP,7.6524388888888835,37,0.43060762066302427,ml_v6,2026-06
312854,long,2026-06-03 17:10:00,2026-06-03 17:15:00,2026-06-03 17:30:00,4442.041,4437.080482638889,SL,-5.240517361111111,15,0.41719136835985743,ml_v6,2026-06
312860,long,2026-06-03 17:40:00,2026-06-03 17:45:00,2026-06-03 18:20:00,4440.39,4435.4423611111115,SL,-5.227638888888889,35,0.4046724265377176,ml_v6,2026-06
312871,long,2026-06-03 18:35:00,2026-06-03 18:40:00,2026-06-03 19:03:00,4438.688,4446.559472222222,TP,7.591472222222227,23,0.40378359622697924,ml_v6,2026-06
312883,long,2026-06-03 19:35:00,2026-06-03 19:40:00,2026-06-03 19:58:00,4447.967,4443.03978125,SL,-5.207218750000009,18,0.4075811592601537,ml_v6,2026-06
312888,long,2026-06-03 20:00:00,2026-06-03 20:05:00,2026-06-03 20:19:00,4442.175,4437.27775,SL,-5.177250000000011,14,0.4156250439202031,ml_v6,2026-06
312892,long,2026-06-03 20:20:00,2026-06-03 20:25:00,2026-06-03 20:33:00,4439.381,4434.463246527778,SL,-5.197753472222235,8,0.44657122452269665,ml_v6,2026-06
312895,long,2026-06-03 20:35:00,2026-06-03 20:40:00,2026-06-03 22:15:00,4434.138,4429.222618055555,SL,-5.195381944444458,33,0.4371643655041355,ml_v6,2026-06
312904,long,2026-06-03 22:20:00,2026-06-03 22:25:00,2026-06-03 22:32:00,4429.865,4437.881188888889,TP,7.736188888888912,7,0.445091697961962,ml_v6,2026-06
312907,long,2026-06-03 22:35:00,2026-06-03 22:40:00,2026-06-03 22:56:00,4436.118,4444.1958722222225,TP,7.797872222222247,16,0.45287264666433846,ml_v6,2026-06
312912,long,2026-06-03 23:00:00,2026-06-03 23:05:00,2026-06-03 23:45:00,4446.113,4454.29135,TP,7.898350000000026,40,0.44216937211475893,ml_v6,2026-06
312924,long,2026-06-04 00:00:00,2026-06-04 00:05:00,2026-06-04 00:10:00,4460.241,4455.064243055555,SL,-5.456756944444457,5,0.4072387765744776,ml_v6,2026-06
312928,long,2026-06-04 00:20:00,2026-06-04 00:25:00,2026-06-04 00:41:00,4450.131,4444.967569444445,SL,-5.443430555555563,16,0.4184597837301265,ml_v6,2026-06
312933,long,2026-06-04 00:45:00,2026-06-04 00:50:00,2026-06-04 01:00:00,4449.752,4444.628986111112,SL,-5.403013888888898,10,0.42446123285978,ml_v6,2026-06
312937,long,2026-06-04 01:05:00,2026-06-04 01:10:00,2026-06-04 01:20:00,4459.391,4467.652405555556,TP,7.9814055555555745,10,0.4232891351014334,ml_v6,2026-06
312947,short,2026-06-04 01:55:00,2026-06-04 02:00:00,2026-06-04 02:10:00,4465.508,4457.114011111111,TP,8.113988888888908,10,0.38585182504994986,ml_v6,2026-06
312952,long,2026-06-04 02:20:00,2026-06-04 02:25:00,2026-06-04 02:48:00,4460.518,4468.836522222222,TP,8.038522222222248,23,0.4165319113463473,ml_v6,2026-06
312958,short,2026-06-04 02:50:00,2026-06-04 02:55:00,2026-06-04 03:26:00,4474.453,4466.134872222223,TP,8.038127777777818,31,0.4002818259420471,ml_v6,2026-06
312966,short,2026-06-04 03:30:00,2026-06-04 03:35:00,2026-06-04 03:47:00,4467.774,4459.485522222222,TP,8.008477777777811,12,0.3994355521827797,ml_v6,2026-06
312970,short,2026-06-04 03:50:00,2026-06-04 03:55:00,2026-06-04 04:13:00,4463.218,4468.377666666666,SL,-5.439666666666687,18,0.3978490691944703,ml_v6,2026-06
312975,short,2026-06-04 04:15:00,2026-06-04 04:20:00,2026-06-04 04:31:00,4471.57,4476.7314166666665,SL,-5.44141666666668,11,0.4021247465154182,ml_v6,2026-06
312979,short,2026-06-04 04:35:00,2026-06-04 04:40:00,2026-06-04 05:11:00,4480.852,4472.5368,TP,8.035200000000021,31,0.39028288981204295,ml_v6,2026-06
312987,short,2026-06-04 05:15:00,2026-06-04 05:20:00,2026-06-04 05:48:00,4476.139,4467.771827777778,TP,8.087172222222236,28,0.3962081275537722,ml_v6,2026-06
312994,short,2026-06-04 05:50:00,2026-06-04 05:55:00,2026-06-04 06:03:00,4468.834,4474.094979166666,SL,-5.540979166666668,8,0.3876499989615362,ml_v6,2026-06
312997,long,2026-06-04 06:05:00,2026-06-04 06:10:00,2026-06-04 06:16:00,4475.785,4470.510326388889,SL,-5.55467361111111,6,0.4380148680443635,ml_v6,2026-06
313000,short,2026-06-04 06:20:00,2026-06-04 06:25:00,2026-06-04 06:33:00,4467.877,4473.166538194445,SL,-5.569538194444443,8,0.39288919584298765,ml_v6,2026-06
313003,short,2026-06-04 06:35:00,2026-06-04 06:40:00,2026-06-04 06:47:00,4472.75,4464.305894444445,TP,8.164105555555558,7,0.39185314475024324,ml_v6,2026-06
313006,long,2026-06-04 06:50:00,2026-06-04 06:55:00,2026-06-04 07:13:00,4467.783,4462.5191840277785,SL,-5.543815972222227,18,0.4157437081860026,ml_v6,2026-06
313011,short,2026-06-04 07:15:00,2026-06-04 07:20:00,2026-06-04 07:44:00,4469.022,4460.633233333333,TP,8.108766666666678,24,0.39249385062375153,ml_v6,2026-06
313017,short,2026-06-04 07:45:00,2026-06-04 07:50:00,2026-06-04 08:04:00,4461.131,4466.3186701388895,SL,-5.46767013888888,14,0.39533534080387883,ml_v6,2026-06
313021,short,2026-06-04 08:05:00,2026-06-04 08:10:00,2026-06-04 09:48:00,4465.705,4470.874649305555,SL,-5.449649305555544,98,0.4023936287673423,ml_v6,2026-06
313042,long,2026-06-04 09:50:00,2026-06-04 09:55:00,2026-06-04 09:58:00,4474.793,4469.675760416666,SL,-5.397239583333322,3,0.4189903347882399,ml_v6,2026-06
313044,short,2026-06-04 10:00:00,2026-06-04 10:05:00,2026-06-04 11:00:00,4469.962,4475.055295138889,SL,-5.373295138888875,55,0.3931501856305101,ml_v6,2026-06
313057,long,2026-06-04 11:05:00,2026-06-04 11:10:00,2026-06-04 11:26:00,4477.539,4485.477516666667,TP,7.658516666666662,16,0.4316458867661211,ml_v6,2026-06
313062,long,2026-06-04 11:30:00,2026-06-04 11:35:00,2026-06-04 11:45:00,4485.366,4493.349,TP,7.7029999999999985,10,0.42281677692678,ml_v6,2026-06
313067,long,2026-06-04 11:55:00,2026-06-04 12:00:00,2026-06-04 12:01:00,4511.533,4506.4675625,SL,-5.345437500000002,1,0.4131893188101754,ml_v6,2026-06
313070,short,2026-06-04 12:10:00,2026-06-04 12:15:00,2026-06-04 12:22:00,4493.82,4498.95078125,SL,-5.41078125,7,0.3843956713121147,ml_v6,2026-06
313079,long,2026-06-04 12:55:00,2026-06-04 13:00:00,2026-06-04 13:37:00,4503.878,4512.179633333333,TP,8.02163333333334,37,0.4085926711260336,ml_v6,2026-06
313088,long,2026-06-04 13:40:00,2026-06-04 13:45:00,2026-06-04 13:48:00,4514.416,4509.215847222223,SL,-5.480152777777782,3,0.4073846397399815,ml_v6,2026-06
313090,long,2026-06-04 13:50:00,2026-06-04 13:55:00,2026-06-04 14:08:00,4498.731,4493.493760416666,SL,-5.517239583333336,13,0.40236936328798456,ml_v6,2026-06
313095,long,2026-06-04 14:15:00,2026-06-04 14:20:00,2026-06-04 14:30:00,4487.68,4482.410885416667,SL,-5.54911458333334,10,0.4050681722410504,ml_v6,2026-06
313102,long,2026-06-04 14:50:00,2026-06-04 14:55:00,2026-06-04 15:05:00,4463.863,4472.179311111111,TP,8.036311111111111,10,0.4052932954846712,ml_v6,2026-06
313130,long,2026-06-04 17:10:00,2026-06-04 17:15:00,2026-06-04 22:17:00,4476.269,4477.422,TIMEOUT,0.8729999999993379,240,0.4059221384474532,ml_v6,2026-06
313180,long,2026-06-04 22:20:00,2026-06-04 22:25:00,2026-06-04 22:48:00,4479.08,4474.2059618055555,SL,-5.154038194444448,23,0.44013560504694155,ml_v6,2026-06
313186,long,2026-06-04 22:50:00,2026-06-04 22:55:00,2026-06-04 23:02:00,4469.715,4464.8355,SL,-5.159500000000004,7,0.413221290943224,ml_v6,2026-06
313189,long,2026-06-04 23:05:00,2026-06-04 23:10:00,2026-06-04 23:30:00,4471.449,4466.562875,SL,-5.166125000000009,20,0.41703432100665705,ml_v6,2026-06
313200,short,2026-06-05 00:00:00,2026-06-05 00:05:00,2026-06-05 00:12:00,4462.326,4454.626405555556,TP,7.4195944444444635,7,0.3929580182953937,ml_v6,2026-06
313203,short,2026-06-05 00:15:00,2026-06-05 00:20:00,2026-06-05 00:29:00,4452.453,4457.297871527779,SL,-5.124871527777792,9,0.3999449497243386,ml_v6,2026-06
313206,short,2026-06-05 00:30:00,2026-06-05 00:35:00,2026-06-05 00:36:00,4460.618,4465.477534722223,SL,-5.1395347222222325,1,0.38633727079935953,ml_v6,2026-06
313208,short,2026-06-05 00:40:00,2026-06-05 00:45:00,2026-06-05 01:00:00,4463.328,4455.562627777778,TP,7.485372222222241,15,0.383352378406493,ml_v6,2026-06
313214,short,2026-06-05 01:10:00,2026-06-05 01:15:00,2026-06-05 01:25:00,4460.185,4452.402683333334,TP,7.502316666666682,10,0.3886148273508679,ml_v6,2026-06
313218,short,2026-06-05 01:30:00,2026-06-05 01:35:00,2026-06-05 01:42:00,4454.121,4446.281588888889,TP,7.559411111111127,7,0.39645809120593367,ml_v6,2026-06
313221,short,2026-06-05 01:45:00,2026-06-05 01:50:00,2026-06-05 02:23:00,4446.678,4451.588958333333,SL,-5.1909583333333424,33,0.3895710722275588,ml_v6,2026-06
313229,short,2026-06-05 02:25:00,2026-06-05 02:30:00,2026-06-05 02:31:00,4451.226,4443.426394444444,TP,7.519605555555572,1,0.3926719126635717,ml_v6,2026-06
313231,short,2026-06-05 02:35:00,2026-06-05 02:40:00,2026-06-05 03:01:00,4445.25,4437.4242,TP,7.545800000000017,21,0.3895120909623927,ml_v6,2026-06
313237,short,2026-06-05 03:05:00,2026-06-05 03:10:00,2026-06-05 04:55:00,4440.0,4444.848170138889,SL,-5.128170138888899,105,0.38761071983067064,ml_v6,2026-06
313260,short,2026-06-05 05:00:00,2026-06-05 05:05:00,2026-06-05 05:32:00,4447.817,4440.192411111111,TP,7.3445888888888815,27,0.42014782039066756,ml_v6,2026-06
313267,short,2026-06-05 05:35:00,2026-06-05 05:40:00,2026-06-05 06:02:00,4445.685,4438.084011111111,TP,7.320988888888884,22,0.412487529592875,ml_v6,2026-06
313273,short,2026-06-05 06:05:00,2026-06-05 06:10:00,2026-06-05 06:16:00,4440.261,4432.604733333334,TP,7.3762666666666705,6,0.4129389251558001,ml_v6,2026-06
313276,short,2026-06-05 06:20:00,2026-06-05 06:25:00,2026-06-05 06:36:00,4443.906,4448.7297708333335,SL,-5.103770833333337,11,0.39855279440475766,ml_v6,2026-06
313281,long,2026-06-05 06:45:00,2026-06-05 06:50:00,2026-06-05 07:12:00,4453.825,4461.569916666666,TP,7.464916666666677,22,0.44976269279448905,ml_v6,2026-06
313287,long,2026-06-05 07:15:00,2026-06-05 07:20:00,2026-06-05 09:19:00,4461.607,4469.36215,TP,7.4751500000000135,119,0.46572732158724267,ml_v6,2026-06
313313,long,2026-06-05 09:25:00,2026-06-05 09:30:00,2026-06-05 11:24:00,4463.07,4458.292520833333,SL,-5.057479166666676,114,0.411543796476854,ml_v6,2026-06
313337,short,2026-06-05 11:25:00,2026-06-05 11:30:00,2026-06-05 11:51:00,4465.797,4470.458583333333,SL,-4.9415833333333365,21,0.3891898462385809,ml_v6,2026-06
313343,short,2026-06-05 11:55:00,2026-06-05 12:00:00,2026-06-05 12:20:00,4470.055,4474.73684375,SL,-4.961843750000007,20,0.3999968459110983,ml_v6,2026-06
313351,long,2026-06-05 12:35:00,2026-06-05 12:40:00,2026-06-05 12:50:00,4443.957,4439.227746527778,SL,-5.00925347222223,10,0.408345724555392,ml_v6,2026-06
313355,short,2026-06-05 12:55:00,2026-06-05 13:00:00,2026-06-05 13:01:00,4406.296,4411.092715277778,SL,-5.076715277777789,1,0.39237728904070035,ml_v6,2026-06
313357,long,2026-06-05 13:05:00,2026-06-05 13:10:00,2026-06-05 13:24:00,4416.379,4411.566895833334,SL,-5.092104166666675,14,0.4127766143768082,ml_v6,2026-06
313361,short,2026-06-05 13:25:00,2026-06-05 13:30:00,2026-06-05 13:32:00,4404.652,4409.501222222222,SL,-5.129222222222229,2,0.3927239287217056,ml_v6,2026-06
313363,long,2026-06-05 13:35:00,2026-06-05 13:40:00,2026-06-05 13:45:00,4392.21,4387.2865694444445,SL,-5.203430555555563,5,0.41401288029123007,ml_v6,2026-06
313366,long,2026-06-05 13:50:00,2026-06-05 13:55:00,2026-06-05 13:56:00,4385.224,4380.279357638889,SL,-5.2246423611111235,1,0.4213822594762491,ml_v6,2026-06
313368,long,2026-06-05 14:00:00,2026-06-05 14:05:00,2026-06-05 14:06:00,4372.106,4367.098333333333,SL,-5.287666666666678,1,0.42373633158479407,ml_v6,2026-06
313370,short,2026-06-05 14:10:00,2026-06-05 14:15:00,2026-06-05 14:22:00,4366.345,4358.233894444445,TP,7.831105555555575,7,0.39778862946373805,ml_v6,2026-06
313373,short,2026-06-05 14:25:00,2026-06-05 14:30:00,2026-06-05 14:33:00,4360.797,4352.610888888888,TP,7.906111111111142,3,0.3904063821129451,ml_v6,2026-06
313375,short,2026-06-05 14:35:00,2026-06-05 14:40:00,2026-06-05 14:46:00,4348.735,4353.8819722222215,SL,-5.42697222222224,6,0.3916254825447366,ml_v6,2026-06
313381,long,2026-06-05 15:05:00,2026-06-05 15:10:00,2026-06-05 15:14:00,4361.975,4356.829527777778,SL,-5.425472222222241,4,0.40965139364429753,ml_v6,2026-06
313383,short,2026-06-05 15:15:00,2026-06-05 15:20:00,2026-06-05 15:33:00,4355.19,4346.948505555555,TP,7.96149444444447,13,0.38615513932603496,ml_v6,2026-06
313387,short,2026-06-05 15:35:00,2026-06-05 15:40:00,2026-06-05 16:00:00,4340.036,4331.698066666667,TP,8.057933333333358,20,0.3880300745875136,ml_v6,2026-06
313393,short,2026-06-05 16:05:00,2026-06-05 16:10:00,2026-06-05 16:33:00,4332.952,4324.686161111112,TP,8.005838888888913,23,0.3877010292587402,ml_v6,2026-06
313399,short,2026-06-05 16:35:00,2026-06-05 16:40:00,2026-06-05 16:54:00,4331.899,4337.125006944445,SL,-5.486006944444451,14,0.39648516397641914,ml_v6,2026-06
313403,short,2026-06-05 16:55:00,2026-06-05 17:00:00,2026-06-05 17:20:00,4344.399,4335.976272222222,TP,8.142727777777786,20,0.3867204302156664,ml_v6,2026-06
313409,short,2026-06-05 17:25:00,2026-06-05 17:30:00,2026-06-05 18:04:00,4342.277,4333.800994444445,TP,8.216005555555569,34,0.39587419785976447,ml_v6,2026-06
313417,short,2026-06-05 18:05:00,2026-06-05 18:10:00,2026-06-05 18:32:00,4329.849,4321.254016666667,TP,8.334983333333348,22,0.3982487267115292,ml_v6,2026-06
313423,short,2026-06-05 18:35:00,2026-06-05 18:40:00,2026-06-05 18:56:00,4320.531,4325.964100694445,SL,-5.713100694444461,16,0.3999514890640583,ml_v6,2026-06
313428,short,2026-06-05 19:00:00,2026-06-05 19:05:00,2026-06-05 20:06:00,4320.56,4311.754333333333,TP,8.54566666666669,61,0.3882283874504575,ml_v6,2026-06
313453,short,2026-06-07 22:05:00,2026-06-07 22:10:00,2026-06-07 22:13:00,4318.512,4324.280208333333,SL,-6.0482083333333545,3,0.38656982882132196,ml_v6,2026-06
313455,short,2026-06-07 22:15:00,2026-06-07 22:20:00,2026-06-07 22:26:00,4327.3,4317.957783333333,TP,9.062216666666703,6,0.41154987392424996,ml_v6,2026-06
313458,short,2026-06-07 22:30:00,2026-06-07 22:35:00,2026-06-07 22:38:00,4323.044,4328.943631944444,SL,-6.179631944444467,3,0.4223084640745396,ml_v6,2026-06
313460,short,2026-06-07 22:40:00,2026-06-07 22:45:00,2026-06-07 22:56:00,4326.048,4316.576438888888,TP,9.19156111111114,11,0.4166236303198572,ml_v6,2026-06
313464,short,2026-06-07 23:00:00,2026-06-07 23:05:00,2026-06-07 23:13:00,4325.717,4331.7155416666665,SL,-6.278541666666679,8,0.4224900625031321,ml_v6,2026-06
313467,short,2026-06-07 23:15:00,2026-06-07 23:20:00,2026-06-07 23:37:00,4331.06,4337.087430555556,SL,-6.28743055555557,17,0.4142462794355454,ml_v6,2026-06
313472,short,2026-06-07 23:40:00,2026-06-07 23:45:00,2026-06-07 23:55:00,4338.848,4344.895548611111,SL,-6.3075486111111285,10,0.3957063612004478,ml_v6,2026-06
313490,short,2026-06-08 01:10:00,2026-06-08 01:15:00,2026-06-08 01:18:00,4327.18,4317.339755555556,TP,9.560244444444473,3,0.40391107350485667,ml_v6,2026-06
313492,short,2026-06-08 01:20:00,2026-06-08 01:25:00,2026-06-08 01:28:00,4321.924,4311.99425,TP,9.649750000000035,3,0.3994894840153339,ml_v6,2026-06
313494,short,2026-06-08 01:30:00,2026-06-08 01:35:00,2026-06-08 01:40:00,4315.47,4321.746809027778,SL,-6.556809027777798,5,0.3941100448222943,ml_v6,2026-06
313497,short,2026-06-08 01:45:00,2026-06-08 01:50:00,2026-06-08 02:00:00,4323.731,4330.037975694444,SL,-6.586975694444465,10,0.38951173410195605,ml_v6,2026-06
313501,short,2026-06-08 02:05:00,2026-06-08 02:10:00,2026-06-08 02:35:00,4318.712,4308.625066666667,TP,9.806933333333365,25,0.39141306478508164,ml_v6,2026-06
313508,short,2026-06-08 02:40:00,2026-06-08 02:45:00,2026-06-08 03:11:00,4315.852,4305.807005555555,TP,9.764994444444477,26,0.39375854238366714,ml_v6,2026-06
313515,short,2026-06-08 03:15:00,2026-06-08 03:20:00,2026-06-08 03:51:00,4307.497,4313.769125000001,SL,-6.5521250000000135,31,0.3954107576529598,ml_v6,2026-06
313523,short,2026-06-08 03:55:00,2026-06-08 04:00:00,2026-06-08 05:13:00,4316.789,4306.830233333333,TP,9.678766666666686,73,0.40282584516816056,ml_v6,2026-06
313539,short,2026-06-08 05:15:00,2026-06-08 05:20:00,2026-06-08 05:34:00,4309.1,4299.02135,TP,9.798650000000023,14,0.43854169110638797,ml_v6,2026-06
313543,short,2026-06-08 05:35:00,2026-06-08 05:40:00,2026-06-08 06:00:00,4290.898,4297.361118055555,SL,-6.743118055555567,20,0.4202571061874691,ml_v6,2026-06
313549,short,2026-06-08 06:05:00,2026-06-08 06:10:00,2026-06-08 06:21:00,4302.393,4308.981902777778,SL,-6.868902777777788,11,0.39251501184573456,ml_v6,2026-06
313553,short,2026-06-08 06:25:00,2026-06-08 06:30:00,2026-06-08 06:35:00,4306.024,4295.3977,TP,10.346300000000008,5,0.3904242439823471,ml_v6,2026-06
313556,short,2026-06-08 06:40:00,2026-06-08 06:45:00,2026-06-08 07:13:00,4298.086,4304.7360381944445,SL,-6.910038194444448,28,0.4126685293522826,ml_v6,2026-06
313563,short,2026-06-08 07:15:00,2026-06-08 07:20:00,2026-06-08 07:24:00,4306.256,4312.925767361112,SL,-6.949767361111111,4,0.3969205672990558,ml_v6,2026-06
313565,short,2026-06-08 07:25:00,2026-06-08 07:30:00,2026-06-08 07:54:00,4306.314,4295.622361111112,TP,10.41163888888889,24,0.3956866923081407,ml_v6,2026-06
313571,short,2026-06-08 07:55:00,2026-06-08 08:00:00,2026-06-08 09:28:00,4294.479,4283.7770222222225,TP,10.441977777777778,88,0.4192434474668033,ml_v6,2026-06
313590,short,2026-06-08 09:30:00,2026-06-08 09:35:00,2026-06-08 09:36:00,4273.947,4280.713284722222,SL,-7.046284722222224,1,0.4097982037481588,ml_v6,2026-06
313592,short,2026-06-08 09:40:00,2026-06-08 09:45:00,2026-06-08 09:48:00,4293.639,4300.49015625,SL,-7.131156250000006,3,0.41918002651434,ml_v6,2026-06
313594,short,2026-06-08 09:50:00,2026-06-08 09:55:00,2026-06-08 10:34:00,4293.663,4300.564565972222,SL,-7.181565972222228,39,0.412097871003216,ml_v6,2026-06
313606,long,2026-06-08 10:50:00,2026-06-08 10:55:00,2026-06-08 11:10:00,4298.608,4309.778288888889,TP,10.91028888888891,15,0.4122194475080384,ml_v6,2026-06
313628,long,2026-06-08 12:40:00,2026-06-08 12:45:00,2026-06-08 12:52:00,4335.59,4328.26028125,SL,-7.609718750000012,7,0.40257800579975156,ml_v6,2026-06
313631,long,2026-06-08 12:55:00,2026-06-08 13:00:00,2026-06-08 13:01:00,4333.19,4325.857739583333,SL,-7.612260416666679,1,0.40917214639332355,ml_v6,2026-06
313633,long,2026-06-08 13:05:00,2026-06-08 13:10:00,2026-06-08 13:22:00,4324.156,4335.924488888889,TP,11.488488888888913,12,0.4150607151359826,ml_v6,2026-06
313644,long,2026-06-08 14:00:00,2026-06-08 14:05:00,2026-06-08 14:39:00,4322.531,4315.312125,SL,-7.498875000000007,34,0.40822713101931973,ml_v6,2026-06
313660,short,2026-06-08 15:20:00,2026-06-08 15:25:00,2026-06-08 15:54:00,4335.062,4342.043892361111,SL,-7.2618923611111015,29,0.39697088179577106,ml_v6,2026-06
313669,short,2026-06-08 16:05:00,2026-06-08 16:10:00,2026-06-08 19:15:00,4339.909,4328.942183333333,TP,10.686816666666648,185,0.38423168733451507,ml_v6,2026-06
313749,long,2026-06-08 23:45:00,2026-06-08 23:50:00,2026-06-09 00:12:00,4313.973,4323.554272222223,TP,9.321272222222252,22,0.4094314308205309,ml_v6,2026-06
313755,long,2026-06-09 00:15:00,2026-06-09 00:20:00,2026-06-09 01:17:00,4320.325,4329.838305555555,TP,9.253305555555588,57,0.4269038015612814,ml_v6,2026-06
313768,short,2026-06-09 01:20:00,2026-06-09 01:25:00,2026-06-09 01:27:00,4327.437,4333.3935833333335,SL,-6.23658333333335,2,0.38922455660312566,ml_v6,2026-06
313770,short,2026-06-09 01:30:00,2026-06-09 01:35:00,2026-06-09 04:31:00,4336.904,4327.3416611111115,TP,9.282338888888912,176,0.3925798021440864,ml_v6,2026-06
313807,long,2026-06-09 04:35:00,2026-06-09 04:40:00,2026-06-09 05:32:00,4329.821,4338.799694444444,TP,8.698694444444492,52,0.4157014486091446,ml_v6,2026-06
313819,long,2026-06-09 05:35:00,2026-06-09 05:40:00,2026-06-09 06:30:00,4343.351,4337.740798611111,SL,-5.890201388888919,50,0.46680247646214146,ml_v6,2026-06
313831,long,2026-06-09 06:35:00,2026-06-09 06:40:00,2026-06-09 06:58:00,4337.74,4332.256170138889,SL,-5.763829861111143,18,0.4117071901311165,ml_v6,2026-06
313836,long,2026-06-09 07:00:00,2026-06-09 07:05:00,2026-06-09 07:15:00,4331.686,4326.297527777778,SL,-5.668472222222252,10,0.43784643502398646,ml_v6,2026-06
313840,long,2026-06-09 07:20:00,2026-06-09 07:25:00,2026-06-09 07:35:00,4330.019,4324.6639375,SL,-5.635062500000037,10,0.420856183673358,ml_v6,2026-06
313845,long,2026-06-09 07:45:00,2026-06-09 07:50:00,2026-06-09 08:07:00,4326.389,4321.058472222222,SL,-5.610527777777822,17,0.4197056768570819,ml_v6,2026-06
313850,short,2026-06-09 08:10:00,2026-06-09 08:15:00,2026-06-09 10:57:00,4331.59,4336.892638888889,SL,-5.5826388888889324,162,0.3854762075415026,ml_v6,2026-06
313884,short,2026-06-09 11:00:00,2026-06-09 11:05:00,2026-06-09 11:50:00,4336.053,4341.084611111111,SL,-5.311611111111157,45,0.40226329654945814,ml_v6,2026-06
313895,short,2026-06-09 11:55:00,2026-06-09 12:00:00,2026-06-09 13:00:00,4339.955,4344.868229166666,SL,-5.173229166666712,60,0.38927596779901863,ml_v6,2026-06
313909,short,2026-06-09 13:05:00,2026-06-09 13:10:00,2026-06-09 13:19:00,4341.566,4333.944105555555,TP,7.341894444444518,9,0.40718127892882994,ml_v6,2026-06
313912,short,2026-06-09 13:20:00,2026-06-09 13:25:00,2026-06-09 13:41:00,4333.616,4326.027605555555,TP,7.308394444444515,16,0.4284945770620291,ml_v6,2026-06
313917,long,2026-06-09 13:45:00,2026-06-09 13:50:00,2026-06-09 13:51:00,4352.358,4347.536458333333,SL,-5.101541666666712,1,0.42446626721214786,ml_v6,2026-06
313919,short,2026-06-09 13:55:00,2026-06-09 14:00:00,2026-06-09 14:02:00,4329.16,4334.033854166667,SL,-5.153854166666714,2,0.4133383095870582,ml_v6,2026-06
313921,short,2026-06-09 14:05:00,2026-06-09 14:10:00,2026-06-09 14:14:00,4328.148,4320.342472222223,TP,7.525527777777858,4,0.40320646470869437,ml_v6,2026-06
313923,short,2026-06-09 14:15:00,2026-06-09 14:20:00,2026-06-09 14:22:00,4311.442,4316.385739583334,SL,-5.223739583333379,2,0.39913975181480255,ml_v6,2026-06
313925,short,2026-06-09 14:25:00,2026-06-09 14:30:00,2026-06-09 14:33:00,4318.316,4310.386372222222,TP,7.649627777777852,3,0.39135026805968764,ml_v6,2026-06
313927,short,2026-06-09 14:35:00,2026-06-09 14:40:00,2026-06-09 14:43:00,4305.15,4297.219772222222,TP,7.650227777777857,3,0.3880379325199559,ml_v6,2026-06
313929,short,2026-06-09 14:45:00,2026-06-09 14:50:00,2026-06-09 14:51:00,4283.675,4288.698027777778,SL,-5.303027777777831,1,0.3878507610929503,ml_v6,2026-06
313935,short,2026-06-09 15:15:00,2026-06-09 15:20:00,2026-06-09 15:26:00,4291.806,4283.714166666666,TP,7.831833333333428,6,0.38439226405017135,ml_v6,2026-06
313938,short,2026-06-09 15:30:00,2026-06-09 15:35:00,2026-06-09 15:38:00,4274.692,4266.489083333333,TP,7.9429166666667665,3,0.3864015938677504,ml_v6,2026-06
313943,short,2026-06-09 15:55:00,2026-06-09 16:00:00,2026-06-09 16:01:00,4272.511,4277.657572916667,SL,-5.406572916666732,1,0.3834598744933206,ml_v6,2026-06
313945,short,2026-06-09 16:05:00,2026-06-09 16:10:00,2026-06-09 16:19:00,4263.605,4255.306066666666,TP,8.038933333333445,9,0.38599772202280846,ml_v6,2026-06
313948,short,2026-06-09 16:20:00,2026-06-09 16:25:00,2026-06-09 16:36:00,4262.054,4267.273208333333,SL,-5.479208333333408,11,0.38847833953107647,ml_v6,2026-06
313952,short,2026-06-09 16:40:00,2026-06-09 16:45:00,2026-06-09 16:47:00,4244.711,4250.037104166667,SL,-5.606104166666748,2,0.38681916762613655,ml_v6,2026-06
313954,short,2026-06-09 16:50:00,2026-06-09 16:55:00,2026-06-09 16:56:00,4240.232,4245.587881944444,SL,-5.615881944444525,1,0.3864780167252113,ml_v6,2026-06
313964,long,2026-06-09 17:40:00,2026-06-09 17:45:00,2026-06-09 17:47:00,4264.945,4259.483864583333,SL,-5.721135416666748,2,0.4037836941013019,ml_v6,2026-06
313966,long,2026-06-09 17:50:00,2026-06-09 17:55:00,2026-06-09 18:18:00,4258.245,4266.994583333333,TP,8.48958333333347,23,0.4107020386737576,ml_v6,2026-06
313976,long,2026-06-09 18:40:00,2026-06-09 18:45:00,2026-06-09 19:14:00,4264.315,4258.80286111111,SL,-5.772138888888971,29,0.41421970986679907,ml_v6,2026-06
313983,long,2026-06-09 19:15:00,2026-06-09 19:20:00,2026-06-09 19:48:00,4255.513,4249.960989583333,SL,-5.812010416666746,28,0.42160613161454563,ml_v6,2026-06
313990,long,2026-06-09 19:50:00,2026-06-09 19:55:00,2026-06-09 22:01:00,4258.851,4253.271100694444,SL,-5.839899305555632,64,0.4644183564706861,ml_v6,2026-06
314005,long,2026-06-09 22:05:00,2026-06-09 22:10:00,2026-06-09 22:43:00,4253.337,4247.764631944445,SL,-5.8523680555556306,33,0.4454683534769661,ml_v6,2026-06
314013,long,2026-06-09 22:45:00,2026-06-09 22:50:00,2026-06-09 22:51:00,4239.274,4233.622784722223,SL,-5.931215277777848,1,0.455428629731521,ml_v6,2026-06
314015,long,2026-06-09 22:55:00,2026-06-09 23:00:00,2026-06-09 23:04:00,4237.162,4246.248794444445,TP,8.806794444444549,4,0.44831501204844143,ml_v6,2026-06
314017,long,2026-06-09 23:05:00,2026-06-09 23:10:00,2026-06-09 23:14:00,4241.871,4236.166413194444,SL,-5.964586805555623,4,0.44303948105153945,ml_v6,2026-06
314019,long,2026-06-09 23:15:00,2026-06-09 23:20:00,2026-06-09 23:23:00,4233.064,4227.326493055556,SL,-5.997506944444511,3,0.45254066215244426,ml_v6,2026-06
314021,long,2026-06-09 23:25:00,2026-06-09 23:30:00,2026-06-09 23:44:00,4224.093,4218.321878472222,SL,-6.031121527777846,14,0.4596764793865142,ml_v6,2026-06
314025,long,2026-06-09 23:45:00,2026-06-09 23:50:00,2026-06-09 23:55:00,4213.313,4222.657372222223,TP,9.08437222222233,5,0.4382001467549191,ml_v6,2026-06
314028,long,2026-06-10 00:00:00,2026-06-10 00:05:00,2026-06-10 00:30:00,4220.678,4214.772940972222,SL,-6.165059027777842,25,0.45454095395536404,ml_v6,2026-06
314035,long,2026-06-10 00:35:00,2026-06-10 00:40:00,2026-06-10 00:42:00,4207.727,4201.695701388889,SL,-6.291298611111172,2,0.4224988787049221,ml_v6,2026-06
314037,long,2026-06-10 00:45:00,2026-06-10 00:50:00,2026-06-10 00:58:00,4203.583,4213.267794444444,TP,9.424794444444546,8,0.41929396001234986,ml_v6,2026-06
314040,long,2026-06-10 01:00:00,2026-06-10 01:05:00,2026-06-10 01:06:00,4194.483,4188.3195625,SL,-6.423437500000062,1,0.4166218839211928,ml_v6,2026-06
314042,long,2026-06-10 01:10:00,2026-06-10 01:15:00,2026-06-10 01:17:00,4203.134,4213.07775,TP,9.683750000000101,2,0.4175595634172996,ml_v6,2026-06
314044,short,2026-06-10 01:20:00,2026-06-10 01:25:00,2026-06-10 01:42:00,4200.884,4190.8111499999995,TP,9.812850000000102,17,0.3888005562856062,ml_v6,2026-06
314049,short,2026-06-10 01:45:00,2026-06-10 01:50:00,2026-06-10 02:06:00,4192.659,4182.408938888889,TP,9.990061111111206,16,0.38961834920124117,ml_v6,2026-06
314054,long,2026-06-10 02:10:00,2026-06-10 02:15:00,2026-06-10 02:33:00,4182.872,4176.425229166667,SL,-6.706770833333393,18,0.4061497605273267,ml_v6,2026-06
314059,long,2026-06-10 02:35:00,2026-06-10 02:40:00,2026-06-10 02:51:00,4184.752,4178.2501180555555,SL,-6.7618819444445055,11,0.4092624870787421,ml_v6,2026-06
314063,long,2026-06-10 02:55:00,2026-06-10 03:00:00,2026-06-10 03:46:00,4173.832,4184.327238888889,TP,10.235238888888981,46,0.40323842437530055,ml_v6,2026-06
314074,short,2026-06-10 03:50:00,2026-06-10 03:55:00,2026-06-10 04:28:00,4184.759,4174.239038888889,TP,10.259961111111197,33,0.40012187372733005,ml_v6,2026-06
314082,short,2026-06-10 04:30:00,2026-06-10 04:35:00,2026-06-10 05:22:00,4174.461,4181.01509375,SL,-6.814093750000053,47,0.4088862184803723,ml_v6,2026-06
314093,short,2026-06-10 05:25:00,2026-06-10 05:30:00,2026-06-10 05:35:00,4186.874,4193.4473194444445,SL,-6.833319444444498,5,0.4331276623714604,ml_v6,2026-06
314096,short,2026-06-10 05:40:00,2026-06-10 05:45:00,2026-06-10 05:49:00,4198.036,4204.641041666667,SL,-6.865041666666718,4,0.4177960817114226,ml_v6,2026-06
314098,short,2026-06-10 05:50:00,2026-06-10 05:55:00,2026-06-10 06:03:00,4203.655,4210.285461805555,SL,-6.890461805555604,8,0.41055585902719327,ml_v6,2026-06
314101,short,2026-06-10 06:05:00,2026-06-10 06:10:00,2026-06-10 06:49:00,4214.14,4203.472572222223,TP,10.407427777777853,39,0.3900267642062658,ml_v6,2026-06
314110,short,2026-06-10 06:50:00,2026-06-10 06:55:00,2026-06-10 07:38:00,4202.283,4191.594983333333,TP,10.428016666666757,43,0.3868950340732532,ml_v6,2026-06
314120,short,2026-06-10 07:40:00,2026-06-10 07:45:00,2026-06-10 08:01:00,4189.712,4178.982066666667,TP,10.46993333333342,16,0.42066819819959345,ml_v6,2026-06
314125,short,2026-06-10 08:05:00,2026-06-10 08:10:00,2026-06-10 08:16:00,4167.503,4174.309805555556,SL,-7.066805555555611,6,0.40911120379485,ml_v6,2026-06
314128,short,2026-06-10 08:20:00,2026-06-10 08:25:00,2026-06-10 08:42:00,4171.064,4177.915184027778,SL,-7.1111840277778295,17,0.41308480156337085,ml_v6,2026-06
314133,short,2026-06-10 08:45:00,2026-06-10 08:50:00,2026-06-10 09:53:00,4174.136,4163.095466666667,TP,10.780533333333416,63,0.40514588971190324,ml_v6,2026-06
314147,short,2026-06-10 09:55:00,2026-06-10 10:00:00,2026-06-10 10:07:00,4168.583,4157.381205555555,TP,10.941794444444538,7,0.41687112084496686,ml_v6,2026-06
314150,short,2026-06-10 10:10:00,2026-06-10 10:15:00,2026-06-10 10:21:00,4160.789,4167.838086805556,SL,-7.309086805555614,6,0.4198502612089908,ml_v6,2026-06
314153,short,2026-06-10 10:25:00,2026-06-10 10:30:00,2026-06-10 10:47:00,4165.065,4172.110302083333,SL,-7.305302083333388,17,0.419415242652147,ml_v6,2026-06
314158,short,2026-06-10 10:50:00,2026-06-10 10:55:00,2026-06-10 11:04:00,4171.868,4160.530900000001,TP,11.077100000000085,9,0.4245702860729692,ml_v6,2026-06
314161,short,2026-06-10 11:05:00,2026-06-10 11:10:00,2026-06-10 11:14:00,4161.382,4168.547940972222,SL,-7.42594097222227,4,0.41874796696548344,ml_v6,2026-06
314163,short,2026-06-10 11:15:00,2026-06-10 11:20:00,2026-06-10 11:45:00,4164.745,4153.259477777778,TP,11.225522222222295,25,0.4185741883357246,ml_v6,2026-06
314170,short,2026-06-10 11:50:00,2026-06-10 11:55:00,2026-06-10 12:10:00,4154.749,4143.119888888888,TP,11.369111111111186,15,0.41976502107974334,ml_v6,2026-06
314175,short,2026-06-10 12:15:00,2026-06-10 12:20:00,2026-06-10 12:30:00,4136.451,4143.794902777778,SL,-7.603902777777824,10,0.40134339638402183,ml_v6,2026-06
314179,short,2026-06-10 12:35:00,2026-06-10 12:40:00,2026-06-10 12:46:00,4160.978,4168.525892361111,SL,-7.807892361111154,6,0.4004945161543069,ml_v6,2026-06
314182,short,2026-06-10 12:50:00,2026-06-10 12:55:00,2026-06-10 13:16:00,4151.927,4139.716661111111,TP,11.950338888888956,21,0.41477585362873437,ml_v6,2026-06
314188,short,2026-06-10 13:20:00,2026-06-10 13:25:00,2026-06-10 13:30:00,4144.014,4151.813951388889,SL,-8.059951388888923,5,0.4145941747278396,ml_v6,2026-06
314193,long,2026-06-10 13:45:00,2026-06-10 13:50:00,2026-06-10 13:51:00,4185.69,4177.7135,SL,-8.236500000000035,1,0.40310226627505064,ml_v6,2026-06
314195,long,2026-06-10 13:55:00,2026-06-10 14:00:00,2026-06-10 14:01:00,4179.466,4171.465222222222,SL,-8.260777777777806,1,0.41058834809760525,ml_v6,2026-06
314197,long,2026-06-10 14:05:00,2026-06-10 14:10:00,2026-06-10 14:20:00,4173.625,4165.6111875,SL,-8.273812500000025,10,0.4221955592642326,ml_v6,2026-06
314204,long,2026-06-10 14:40:00,2026-06-10 14:45:00,2026-06-10 14:48:00,4149.886,4141.762746527778,SL,-8.383253472222249,3,0.4133064759189623,ml_v6,2026-06
314206,short,2026-06-10 14:50:00,2026-06-10 14:55:00,2026-06-10 14:57:00,4138.099,4125.293166666666,TP,12.545833333333375,2,0.40001900356385833,ml_v6,2026-06
314208,long,2026-06-10 15:00:00,2026-06-10 15:05:00,2026-06-10 15:11:00,4129.25,4121.187774305556,SL,-8.322225694444468,6,0.4198282374945022,ml_v6,2026-06
314211,short,2026-06-10 15:15:00,2026-06-10 15:20:00,2026-06-10 15:21:00,4115.696,4123.729888888889,SL,-8.293888888888912,1,0.389138859353304,ml_v6,2026-06
314213,long,2026-06-10 15:25:00,2026-06-10 15:30:00,2026-06-10 15:47:00,4127.915,4119.8496875,SL,-8.325312500000026,17,0.41671276425638626,ml_v6,2026-06
314218,long,2026-06-10 15:50:00,2026-06-10 15:55:00,2026-06-10 16:16:00,4120.351,4133.205172222222,TP,12.594172222222255,21,0.41113811265627465,ml_v6,2026-06
314224,short,2026-06-10 16:20:00,2026-06-10 16:25:00,2026-06-10 16:47:00,4129.962,4117.111761111111,TP,12.590238888888914,22,0.3877497163288386,ml_v6,2026-06
314230,long,2026-06-10 16:50:00,2026-06-10 16:55:00,2026-06-10 17:03:00,4120.284,4132.987138888889,TP,12.443138888888909,8,0.41805518859050517,ml_v6,2026-06
314233,short,2026-06-10 17:05:00,2026-06-10 17:10:00,2026-06-10 17:30:00,4120.249,4107.574572222222,TP,12.414427777777789,20,0.3970519440818434,ml_v6,2026-06
314239,short,2026-06-10 17:35:00,2026-06-10 17:40:00,2026-06-10 17:50:00,4105.198,4113.011520833334,SL,-8.073520833333339,10,0.39394838534569826,ml_v6,2026-06
314243,short,2026-06-10 17:55:00,2026-06-10 18:00:00,2026-06-10 18:04:00,4111.763,4119.514347222223,SL,-8.011347222222225,4,0.3983445506984788,ml_v6,2026-06
314245,short,2026-06-10 18:05:00,2026-06-10 18:10:00,2026-06-10 18:50:00,4114.634,4102.248577777777,TP,12.125422222222234,40,0.399054828487785,ml_v6,2026-06
314255,long,2026-06-10 18:55:00,2026-06-10 19:00:00,2026-06-10 19:10:00,4101.458,4093.762114583333,SL,-7.955885416666663,10,0.40828079767928127,ml_v6,2026-06
314259,long,2026-06-10 19:15:00,2026-06-10 19:20:00,2026-06-10 19:25:00,4089.967,4082.272010416667,SL,-7.95498958333333,5,0.4271351721451938,ml_v6,2026-06
314262,long,2026-06-10 19:30:00,2026-06-10 19:35:00,2026-06-10 20:01:00,4086.443,4078.7492881944445,SL,-7.953711805555555,26,0.4140434918007191,ml_v6,2026-06
314269,long,2026-06-10 20:05:00,2026-06-10 20:10:00,2026-06-10 22:02:00,4071.245,4063.5071666666668,SL,-7.997833333333338,50,0.42524195742455617,ml_v6,2026-06
314281,long,2026-06-10 22:05:00,2026-06-10 22:10:00,2026-06-10 22:17:00,4050.875,4043.1024375,SL,-8.032562500000006,7,0.4613526906997022,ml_v6,2026-06
314284,long,2026-06-10 22:20:00,2026-06-10 22:25:00,2026-06-10 22:30:00,4038.55,4051.1256500000004,TP,12.315650000000003,5,0.4690523285442861,ml_v6,2026-06
314287,long,2026-06-10 22:35:00,2026-06-10 22:40:00,2026-06-10 22:53:00,4065.184,4057.226572916667,SL,-8.217427083333334,13,0.43486776749884654,ml_v6,2026-06
314291,long,2026-06-10 22:55:00,2026-06-10 23:00:00,2026-06-10 23:11:00,4046.531,4038.465454861111,SL,-8.325545138888891,11,0.44284184454490033,ml_v6,2026-06
314295,long,2026-06-10 23:15:00,2026-06-10 23:20:00,2026-06-10 23:26:00,4038.801,4051.9009444444446,TP,12.839944444444447,6,0.41143687413912355,ml_v6,2026-06
314298,long,2026-06-10 23:30:00,2026-06-10 23:35:00,2026-06-10 23:45:00,4058.026,4049.733118055555,SL,-8.552881944444445,10,0.41877587187426746,ml_v6,2026-06
314302,long,2026-06-10 23:50:00,2026-06-10 23:55:00,2026-06-11 00:04:00,4051.124,4042.8474201388885,SL,-8.536579861111115,9,0.4658220191393257,ml_v6,2026-06
314305,long,2026-06-11 00:05:00,2026-06-11 00:10:00,2026-06-11 00:15:00,4043.113,4056.4518944444444,TP,13.078894444444447,5,0.41229589470805905,ml_v6,2026-06
314308,long,2026-06-11 00:20:00,2026-06-11 00:25:00,2026-06-11 00:33:00,4061.847,4075.3340722222224,TP,13.227072222222224,8,0.4128599572734789,ml_v6,2026-06
314311,long,2026-06-11 00:35:00,2026-06-11 00:40:00,2026-06-11 00:57:00,4063.525,4077.1231222222223,TP,13.33812222222222,17,0.421756331349543,ml_v6,2026-06
314316,long,2026-06-11 01:00:00,2026-06-11 01:05:00,2026-06-11 01:07:00,4078.892,4070.3410104166664,SL,-8.810989583333333,2,0.41103587685142806,ml_v6,2026-06
314318,long,2026-06-11 01:10:00,2026-06-11 01:15:00,2026-06-11 01:23:00,4086.581,4100.320133333334,TP,13.479133333333335,8,0.41750581767830197,ml_v6,2026-06
314330,long,2026-06-11 02:10:00,2026-06-11 02:15:00,2026-06-11 02:30:00,4089.771,4081.279482638889,SL,-8.751517361111114,15,0.4031706083164789,ml_v6,2026-06
314335,long,2026-06-11 02:35:00,2026-06-11 02:40:00,2026-06-11 02:41:00,4067.082,4058.6176493055555,SL,-8.724350694444444,1,0.41585485139131195,ml_v6,2026-06
314338,long,2026-06-11 02:50:00,2026-06-11 02:55:00,2026-06-11 03:05:00,4062.308,4075.7985944444445,TP,13.230594444444453,10,0.40756304775519997,ml_v6,2026-06
314342,long,2026-06-11 03:10:00,2026-06-11 03:15:00,2026-06-11 03:27:00,4065.418,4056.9434583333336,SL,-8.73454166666667,12,0.4138815631634293,ml_v6,2026-06
314347,long,2026-06-11 03:35:00,2026-06-11 03:40:00,2026-06-11 04:20:00,4070.227,4083.6604055555554,TP,13.173405555555561,40,0.40653821300969917,ml_v6,2026-06
314357,long,2026-06-11 04:25:00,2026-06-11 04:30:00,2026-06-11 05:33:00,4077.82,4091.2231500000003,TP,13.143150000000006,63,0.417960502769527,ml_v6,2026-06
314373,short,2026-06-11 05:45:00,2026-06-11 05:50:00,2026-06-11 06:03:00,4100.597,4086.980372222222,TP,13.356627777777774,13,0.3870075501606326,ml_v6,2026-06
314381,long,2026-06-11 06:25:00,2026-06-11 06:30:00,2026-06-11 07:15:00,4086.836,4100.543299999999,TP,13.447300000000004,45,0.4176965105667009,ml_v6,2026-06
314405,long,2026-06-11 08:25:00,2026-06-11 08:30:00,2026-06-11 08:45:00,4097.445,4088.933819444444,SL,-8.771180555555555,15,0.4174379515088886,ml_v6,2026-06
314410,long,2026-06-11 08:50:00,2026-06-11 08:55:00,2026-06-11 09:30:00,4086.967,4078.472541666667,SL,-8.754458333333334,35,0.41639617272067486,ml_v6,2026-06
314419,long,2026-06-11 09:35:00,2026-06-11 09:40:00,2026-06-11 11:59:00,4088.444,4080.0964062499997,SL,-8.60759375,139,0.4303649626176208,ml_v6,2026-06
314448,long,2026-06-11 12:00:00,2026-06-11 12:05:00,2026-06-11 12:10:00,4086.321,4078.1579340277776,SL,-8.42306597222221,5,0.44001520687821166,ml_v6,2026-06
314451,long,2026-06-11 12:15:00,2026-06-11 12:20:00,2026-06-11 12:22:00,4075.431,4067.286236111111,SL,-8.404763888888876,2,0.4636846109851973,ml_v6,2026-06
314453,long,2026-06-11 12:25:00,2026-06-11 12:30:00,2026-06-11 12:32:00,4069.021,4060.843184027778,SL,-8.437815972222209,2,0.42854637959364517,ml_v6,2026-06
314455,long,2026-06-11 12:35:00,2026-06-11 12:40:00,2026-06-11 12:46:00,4065.635,4078.774188888889,TP,12.879188888888866,6,0.4562382231237903,ml_v6,2026-06
314458,long,2026-06-11 12:50:00,2026-06-11 12:55:00,2026-06-11 13:34:00,4079.961,4071.703399305555,SL,-8.517600694444429,39,0.4307607887976008,ml_v6,2026-06
314467,long,2026-06-11 13:35:00,2026-06-11 13:40:00,2026-06-11 13:45:00,4072.484,4085.5475166666665,TP,12.803516666666656,5,0.4094597271012126,ml_v6,2026-06
314470,long,2026-06-11 13:50:00,2026-06-11 13:55:00,2026-06-11 14:03:00,4085.219,4077.0359270833333,SL,-8.443072916666658,8,0.41078212467465613,ml_v6,2026-06
314473,long,2026-06-11 14:05:00,2026-06-11 14:10:00,2026-06-11 14:12:00,4062.695,4054.496809027778,SL,-8.458190972222216,2,0.41774717590844246,ml_v6,2026-06
314498,short,2026-06-11 16:10:00,2026-06-11 16:15:00,2026-06-11 16:24:00,4102.519,4089.7982444444447,TP,12.460755555555558,9,0.3839506940431352,ml_v6,2026-06
314509,long,2026-06-11 17:05:00,2026-06-11 17:10:00,2026-06-11 17:28:00,4076.48,4088.8676833333334,TP,12.127683333333328,18,0.40746803542099286,ml_v6,2026-06
314514,long,2026-06-11 17:30:00,2026-06-11 17:35:00,2026-06-11 17:37:00,4148.612,4140.687045138889,SL,-8.184954861111105,2,0.4083260639327651,ml_v6,2026-06
314516,long,2026-06-11 17:40:00,2026-06-11 17:45:00,2026-06-11 17:46:00,4166.408,4158.396409722222,SL,-8.271590277777776,1,0.4194274628005142,ml_v6,2026-06
314520,short,2026-06-11 18:00:00,2026-06-11 18:05:00,2026-06-11 18:15:00,4138.875,4146.980666666666,SL,-8.365666666666671,10,0.39389965545811223,ml_v6,2026-06
314528,long,2026-06-11 18:40:00,2026-06-11 18:45:00,2026-06-11 19:11:00,4164.573,4177.679227777778,TP,12.846227777777782,26,0.4141217652442043,ml_v6,2026-06
314550,long,2026-06-11 20:30:00,2026-06-11 20:35:00,2026-06-11 22:43:00,4213.555,4226.955483333333,TP,13.140483333333325,66,0.40827636599235073,ml_v6,2026-06
314568,long,2026-06-11 23:00:00,2026-06-11 23:05:00,2026-06-11 23:23:00,4227.202,4218.705173611112,SL,-8.756826388888875,18,0.4280798886506001,ml_v6,2026-06
314573,long,2026-06-11 23:25:00,2026-06-11 23:30:00,2026-06-12 00:15:00,4216.597,4208.181364583333,SL,-8.675635416666653,45,0.475616387228365,ml_v6,2026-06
314586,long,2026-06-12 00:30:00,2026-06-12 00:35:00,2026-06-12 00:40:00,4221.546,4213.330072916667,SL,-8.495927083333328,5,0.4043276164785613,ml_v6,2026-06
314590,long,2026-06-12 00:50:00,2026-06-12 00:55:00,2026-06-12 01:02:00,4200.804,4192.566590277778,SL,-8.497409722222217,7,0.40321987656420233,ml_v6,2026-06
314593,long,2026-06-12 01:05:00,2026-06-12 01:10:00,2026-06-12 01:25:00,4192.988,4184.722420138889,SL,-8.525579861111106,15,0.41467313271796635,ml_v6,2026-06
314598,long,2026-06-12 01:30:00,2026-06-12 01:35:00,2026-06-12 01:37:00,4179.799,4171.665013888889,SL,-8.393986111111104,2,0.4143454745212298,ml_v6,2026-06
314600,long,2026-06-12 01:40:00,2026-06-12 01:45:00,2026-06-12 02:02:00,4179.504,4192.487922222223,TP,12.723922222222209,17,0.4167864847146775,ml_v6,2026-06
314605,short,2026-06-12 02:05:00,2026-06-12 02:10:00,2026-06-12 02:34:00,4197.22,4184.3198388888895,TP,12.640161111111112,24,0.38666631930525186,ml_v6,2026-06
314612,short,2026-06-12 02:40:00,2026-06-12 02:45:00,2026-06-12 03:01:00,4186.297,4194.280506944444,SL,-8.243506944444446,16,0.38630042825015953,ml_v6,2026-06
314624,long,2026-06-12 03:40:00,2026-06-12 03:45:00,2026-06-12 04:16:00,4199.37,4191.524940972222,SL,-8.105059027777768,31,0.41824538722876614,ml_v6,2026-06
314632,short,2026-06-12 04:20:00,2026-06-12 04:25:00,2026-06-12 05:34:00,4193.087,4180.696766666667,TP,12.130233333333317,69,0.3979634059938315,ml_v6,2026-06
314647,short,2026-06-12 05:35:00,2026-06-12 05:40:00,2026-06-12 06:03:00,4174.786,4182.486736111111,SL,-7.960736111111096,23,0.3845420281008546,ml_v6,2026-06
314653,short,2026-06-12 06:05:00,2026-06-12 06:10:00,2026-06-12 07:59:00,4181.483,4189.210246527778,SL,-7.987246527777767,109,0.3927653078877471,ml_v6,2026-06
314679,long,2026-06-12 08:15:00,2026-06-12 08:20:00,2026-06-12 10:25:00,4217.904,4210.190059027778,SL,-7.973940972222224,125,0.4173190097137196,ml_v6,2026-06
314706,long,2026-06-12 10:30:00,2026-06-12 10:35:00,2026-06-12 11:04:00,4214.892,4207.078857638889,SL,-8.07314236111111,29,0.4209193012793103,ml_v6,2026-06
314717,short,2026-06-12 11:25:00,2026-06-12 11:30:00,2026-06-12 11:42:00,4202.478,4210.251010416667,SL,-8.033010416666663,12,0.3852595963895543,ml_v6,2026-06
314725,short,2026-06-12 12:05:00,2026-06-12 12:10:00,2026-06-12 12:35:00,4207.933,4195.448205555555,TP,12.224794444444447,25,0.39298167696618824,ml_v6,2026-06
314732,short,2026-06-12 12:40:00,2026-06-12 12:45:00,2026-06-12 13:21:00,4196.649,4204.4583125,SL,-8.0693125,36,0.3951560138772212,ml_v6,2026-06
314741,short,2026-06-12 13:25:00,2026-06-12 13:30:00,2026-06-12 13:41:00,4202.895,4190.472038888889,TP,12.162961111111116,11,0.39498538080035384,ml_v6,2026-06
314745,short,2026-06-12 13:45:00,2026-06-12 13:50:00,2026-06-12 14:01:00,4190.627,4198.409663194445,SL,-8.042663194444449,11,0.39355039213307663,ml_v6,2026-06
314749,short,2026-06-12 14:05:00,2026-06-12 14:10:00,2026-06-12 14:21:00,4197.962,4185.452450000001,TP,12.249550000000006,11,0.3839848586805812,ml_v6,2026-06
314756,short,2026-06-12 14:40:00,2026-06-12 14:45:00,2026-06-12 14:52:00,4184.327,4192.115329861112,SL,-8.048329861111114,7,0.38720184190805074,ml_v6,2026-06
314759,short,2026-06-12 14:55:00,2026-06-12 15:00:00,2026-06-12 15:10:00,4204.114,4211.924458333333,SL,-8.07045833333334,10,0.38703630977106884,ml_v6,2026-06
314763,short,2026-06-12 15:15:00,2026-06-12 15:20:00,2026-06-12 15:24:00,4215.303,4223.050822916666,SL,-8.007822916666672,4,0.38656614599200856,ml_v6,2026-06
314765,long,2026-06-12 15:25:00,2026-06-12 15:30:00,2026-06-12 15:35:00,4225.896,4218.151097222222,SL,-8.004902777777783,5,0.4106995670851323,ml_v6,2026-06
314772,short,2026-06-12 16:00:00,2026-06-12 16:05:00,2026-06-12 16:13:00,4209.436,4217.219614583333,SL,-8.043614583333335,8,0.38527214845206864,ml_v6,2026-06
314775,short,2026-06-12 16:15:00,2026-06-12 16:20:00,2026-06-12 18:20:00,4223.591,4231.3847187500005,SL,-8.053718750000002,120,0.39075645389682867,ml_v6,2026-06
314801,short,2026-06-12 18:25:00,2026-06-12 18:30:00,2026-06-12 18:59:00,4226.367,4214.2684,TP,11.838599999999994,29,0.38632883589127687,ml_v6,2026-06
314808,long,2026-06-12 19:00:00,2026-06-12 19:05:00,2026-06-12 19:24:00,4217.775,4210.606920138888,SL,-7.428079861111105,19,0.411195522114956,ml_v6,2026-06
314814,long,2026-06-12 19:30:00,2026-06-12 19:35:00,2026-06-12 20:22:00,4204.378,4215.623744444444,TP,10.985744444444437,47,0.41660333566028085,ml_v6,2026-06
314827,long,2026-06-12 20:35:00,2026-06-12 20:40:00,2026-06-14 22:02:00,4213.842,4224.57935,TP,10.47734999999998,18,0.4071067637576641,ml_v6,2026-06
314834,short,2026-06-14 22:10:00,2026-06-14 22:15:00,2026-06-14 22:25:00,4299.729,4288.614955555556,TP,10.834044444444437,10,0.38968535092462087,ml_v6,2026-06
314838,short,2026-06-14 22:30:00,2026-06-14 22:35:00,2026-06-14 22:49:00,4284.546,4291.572979166667,SL,-7.306979166666659,14,0.4155068559990104,ml_v6,2026-06
314842,short,2026-06-14 22:50:00,2026-06-14 22:55:00,2026-06-15 00:10:00,4290.776,4297.824253472222,SL,-7.328253472222219,75,0.38314056223039816,ml_v6,2026-06
314865,long,2026-06-15 00:45:00,2026-06-15 00:50:00,2026-06-15 01:00:00,4296.554,4289.753899305556,SL,-7.080100694444451,10,0.40803632636510573,ml_v6,2026-06
314869,long,2026-06-15 01:05:00,2026-06-15 01:10:00,2026-06-15 01:21:00,4289.555,4300.4237111111115,TP,10.588711111111119,11,0.4684438697179112,ml_v6,2026-06
314873,long,2026-06-15 01:25:00,2026-06-15 01:30:00,2026-06-15 01:34:00,4303.373,4314.25905,TP,10.606050000000005,4,0.41820125040675626,ml_v6,2026-06
314894,long,2026-06-15 03:10:00,2026-06-15 03:15:00,2026-06-15 05:42:00,4325.104,4318.565274305556,SL,-6.818725694444446,147,0.41537687186998123,ml_v6,2026-06
314925,long,2026-06-15 05:45:00,2026-06-15 05:50:00,2026-06-15 05:56:00,4313.987,4307.594666666667,SL,-6.672333333333344,6,0.5081425141451839,ml_v6,2026-06
314928,long,2026-06-15 06:00:00,2026-06-15 06:05:00,2026-06-15 06:08:00,4312.054,4305.6541284722225,SL,-6.659871527777792,3,0.4776026412896474,ml_v6,2026-06
314930,long,2026-06-15 06:10:00,2026-06-15 06:15:00,2026-06-15 06:40:00,4308.692,4302.281430555556,SL,-6.690569444444459,25,0.4684126489764287,ml_v6,2026-06
314937,long,2026-06-15 06:45:00,2026-06-15 06:50:00,2026-06-15 07:21:00,4307.34,4317.565422222222,TP,9.965422222222239,31,0.44729815073347706,ml_v6,2026-06
314945,long,2026-06-15 07:25:00,2026-06-15 07:30:00,2026-06-15 08:03:00,4316.838,4326.9940166666665,TP,9.896016666666675,33,0.44098136801495924,ml_v6,2026-06
314953,long,2026-06-15 08:05:00,2026-06-15 08:10:00,2026-06-15 08:33:00,4328.738,4338.8617277777785,TP,9.843727777777783,23,0.41699538342254827,ml_v6,2026-06
314959,short,2026-06-15 08:35:00,2026-06-15 08:40:00,2026-06-15 11:46:00,4342.793,4332.631527777778,TP,9.881472222222238,186,0.3863921248339143,ml_v6,2026-06
315012,long,2026-06-15 13:00:00,2026-06-15 13:05:00,2026-06-15 13:15:00,4343.089,4352.666227777778,TP,9.297227777777799,10,0.4092918527076743,ml_v6,2026-06
315016,short,2026-06-15 13:20:00,2026-06-15 13:25:00,2026-06-15 13:31:00,4353.887,4359.855795138888,SL,-6.248795138888904,6,0.3893956079304573,ml_v6,2026-06
315019,short,2026-06-15 13:35:00,2026-06-15 13:40:00,2026-06-15 14:06:00,4363.279,4369.271920138889,SL,-6.272920138888906,26,0.3892801646292837,ml_v6,2026-06
315035,long,2026-06-15 14:55:00,2026-06-15 15:00:00,2026-06-15 15:11:00,4356.757,4350.84864236111,SL,-6.188357638888911,11,0.4125572436803303,ml_v6,2026-06
315039,long,2026-06-15 15:15:00,2026-06-15 15:20:00,2026-06-15 16:18:00,4351.636,4345.801690972223,SL,-6.1143090277777965,58,0.4703334731913533,ml_v6,2026-06
315052,long,2026-06-15 16:20:00,2026-06-15 16:25:00,2026-06-15 16:52:00,4340.166,4334.5773125000005,SL,-5.8686875000000205,27,0.4548043789150247,ml_v6,2026-06
315059,long,2026-06-15 16:55:00,2026-06-15 17:00:00,2026-06-15 17:02:00,4339.057,4333.600086805555,SL,-5.736913194444458,2,0.42592850536708404,ml_v6,2026-06
315061,long,2026-06-15 17:05:00,2026-06-15 17:10:00,2026-06-15 17:34:00,4332.43,4326.981225694445,SL,-5.72877430555557,24,0.4408912074405903,ml_v6,2026-06
315067,long,2026-06-15 17:35:00,2026-06-15 17:40:00,2026-06-15 18:02:00,4324.348,4318.971319444445,SL,-5.656680555555579,22,0.4628927832843114,ml_v6,2026-06
315073,long,2026-06-15 18:05:00,2026-06-15 18:10:00,2026-06-15 20:15:00,4320.675,4315.319513888889,SL,-5.61548611111114,125,0.458749011783335,ml_v6,2026-06
315100,long,2026-06-15 20:20:00,2026-06-15 20:25:00,2026-06-15 20:52:00,4312.543,4307.330760416667,SL,-5.492239583333368,27,0.48889844979249925,ml_v6,2026-06
315108,long,2026-06-15 22:00:00,2026-06-15 22:05:00,2026-06-15 22:15:00,4313.367,4308.184472222222,SL,-5.462527777777807,10,0.496226995162232,ml_v6,2026-06
315112,long,2026-06-15 22:20:00,2026-06-15 22:25:00,2026-06-15 23:04:00,4307.694,4316.035400000001,TP,8.061400000000049,39,0.4672919116458231,ml_v6,2026-06
315121,long,2026-06-15 23:05:00,2026-06-15 23:10:00,2026-06-16 00:22:00,4314.417,4309.500579861112,SL,-5.1764201388889175,72,0.4185549216283423,ml_v6,2026-06
315137,long,2026-06-16 00:25:00,2026-06-16 00:30:00,2026-06-16 00:55:00,4308.443,4316.103661111111,TP,7.380661111111157,25,0.412013957674179,ml_v6,2026-06
315150,short,2026-06-16 01:30:00,2026-06-16 01:35:00,2026-06-16 02:06:00,4315.691,4308.044538888888,TP,7.386461111111143,31,0.38389251647139133,ml_v6,2026-06
315158,short,2026-06-16 02:10:00,2026-06-16 02:15:00,2026-06-16 02:30:00,4309.335,4314.040111111111,SL,-4.965111111111127,15,0.3948528853439881,ml_v6,2026-06
315163,short,2026-06-16 02:35:00,2026-06-16 02:40:00,2026-06-16 02:57:00,4313.708,4318.302763888889,SL,-4.854763888888906,17,0.40972965275849316,ml_v6,2026-06
315168,short,2026-06-16 03:00:00,2026-06-16 03:05:00,2026-06-16 03:32:00,4318.484,4323.061114583334,SL,-4.857114583333349,27,0.39617054375985006,ml_v6,2026-06
315175,short,2026-06-16 03:35:00,2026-06-16 03:40:00,2026-06-16 03:42:00,4326.922,4331.473881944444,SL,-4.831881944444454,2,0.38500694319069895,ml_v6,2026-06
315177,long,2026-06-16 03:45:00,2026-06-16 03:50:00,2026-06-16 04:11:00,4331.36,4326.813368055556,SL,-4.826631944444452,21,0.4120540540253692,ml_v6,2026-06
315190,short,2026-06-16 04:50:00,2026-06-16 04:55:00,2026-06-16 05:06:00,4321.833,4326.316538194444,SL,-4.7635381944444415,11,0.3980368319337545,ml_v6,2026-06
315194,short,2026-06-16 05:10:00,2026-06-16 05:15:00,2026-06-16 05:30:00,4326.06,4330.547260416667,SL,-4.767260416666658,15,0.3933140445425916,ml_v6,2026-06
315199,short,2026-06-16 05:35:00,2026-06-16 05:40:00,2026-06-16 06:56:00,4316.821,4321.322579861111,SL,-4.781579861111105,76,0.4109435347776009,ml_v6,2026-06
315216,long,2026-06-16 07:00:00,2026-06-16 07:05:00,2026-06-16 07:57:00,4326.738,4333.880855555556,TP,6.862855555555555,52,0.4174542621586048,ml_v6,2026-06
315228,long,2026-06-16 08:00:00,2026-06-16 08:05:00,2026-06-16 08:17:00,4334.773,4341.824494444445,TP,6.771494444444461,12,0.4196882483753853,ml_v6,2026-06
315232,long,2026-06-16 08:20:00,2026-06-16 08:25:00,2026-06-16 08:44:00,4338.136,4345.177083333334,TP,6.7610833333333415,19,0.42748475414477655,ml_v6,2026-06
315238,long,2026-06-16 08:50:00,2026-06-16 08:55:00,2026-06-16 09:28:00,4344.052,4339.667875,SL,-4.664125000000008,33,0.4069573824824561,ml_v6,2026-06
315246,long,2026-06-16 09:30:00,2026-06-16 09:35:00,2026-06-16 09:46:00,4344.539,4340.2186319444445,SL,-4.600368055555558,11,0.4203323743198354,ml_v6,2026-06
315250,long,2026-06-16 09:50:00,2026-06-16 09:55:00,2026-06-16 10:00:00,4347.993,4343.6844375,SL,-4.588562500000004,5,0.4191422529881215,ml_v6,2026-06
315253,long,2026-06-16 10:05:00,2026-06-16 10:10:00,2026-06-16 11:09:00,4345.446,4341.166378472222,SL,-4.559621527777778,59,0.42714271560197725,ml_v6,2026-06
315266,short,2026-06-16 11:10:00,2026-06-16 11:15:00,2026-06-16 12:31:00,4341.413,4345.643895833333,SL,-4.510895833333329,76,0.3924655433227565,ml_v6,2026-06
315283,short,2026-06-16 12:35:00,2026-06-16 12:40:00,2026-06-16 12:50:00,4346.774,4351.061388888889,SL,-4.5673888888888765,10,0.39964296891923257,ml_v6,2026-06
315288,short,2026-06-16 13:00:00,2026-06-16 13:05:00,2026-06-16 13:17:00,4347.429,4340.580122222223,TP,6.568877777777756,12,0.38560112791944334,ml_v6,2026-06
315292,long,2026-06-16 13:20:00,2026-06-16 13:25:00,2026-06-16 13:30:00,4338.147,4333.891604166666,SL,-4.535395833333321,5,0.4086118819935054,ml_v6,2026-06
315295,long,2026-06-16 13:35:00,2026-06-16 13:40:00,2026-06-16 13:56:00,4337.788,4333.546093749999,SL,-4.521906249999987,16,0.41362901121284434,ml_v6,2026-06
315300,long,2026-06-16 14:00:00,2026-06-16 14:05:00,2026-06-16 14:09:00,4338.369,4334.115211805555,SL,-4.533788194444427,4,0.4071582553465069,ml_v6,2026-06
315325,short,2026-06-16 16:05:00,2026-06-16 16:10:00,2026-06-16 16:14:00,4341.935,4346.106215277779,SL,-4.431215277777754,4,0.3911638828146391,ml_v6,2026-06
315327,short,2026-06-16 16:15:00,2026-06-16 16:20:00,2026-06-16 17:00:00,4346.321,4339.652477777778,TP,6.408522222222186,40,0.39988262524022594,ml_v6,2026-06
315337,short,2026-06-16 17:05:00,2026-06-16 17:10:00,2026-06-16 17:17:00,4339.868,4333.26618888889,TP,6.341811111111082,7,0.38558986936197315,ml_v6,2026-06
315340,short,2026-06-16 17:20:00,2026-06-16 17:25:00,2026-06-16 17:29:00,4328.206,4332.326368055556,SL,-4.380368055555537,4,0.3883389550339189,ml_v6,2026-06
315342,short,2026-06-16 17:30:00,2026-06-16 17:35:00,2026-06-16 18:01:00,4337.101,4341.2249131944445,SL,-4.403913194444431,26,0.39239878276494383,ml_v6,2026-06
315353,long,2026-06-16 18:25:00,2026-06-16 18:30:00,2026-06-16 18:49:00,4341.087,4337.019006944445,SL,-4.327993055555547,19,0.4054256000506791,ml_v6,2026-06
315358,long,2026-06-16 18:50:00,2026-06-16 18:55:00,2026-06-16 19:54:00,4337.957,4333.918083333334,SL,-4.298916666666659,59,0.4632172722254226,ml_v6,2026-06
315373,long,2026-06-16 20:05:00,2026-06-16 20:10:00,2026-06-17 00:09:00,4331.999,4338.402161111111,TP,6.123161111111088,177,0.4152211864694765,ml_v6,2026-06
315410,short,2026-06-17 00:10:00,2026-06-17 00:15:00,2026-06-17 00:19:00,4337.777,4341.6651319444445,SL,-4.168131944444442,4,0.3864174250270706,ml_v6,2026-06
315412,short,2026-06-17 00:20:00,2026-06-17 00:25:00,2026-06-17 01:02:00,4337.937,4341.82990625,SL,-4.172906249999994,37,0.38787998481577945,ml_v6,2026-06
315421,long,2026-06-17 01:05:00,2026-06-17 01:10:00,2026-06-17 01:18:00,4347.516,4343.592940972222,SL,-4.203059027777773,8,0.43397988262234033,ml_v6,2026-06
315424,short,2026-06-17 01:20:00,2026-06-17 01:25:00,2026-06-17 02:46:00,4341.055,4334.783294444444,TP,5.991705555555542,81,0.3990065866327792,ml_v6,2026-06
315442,short,2026-06-17 02:50:00,2026-06-17 02:55:00,2026-06-17 04:19:00,4330.208,4334.060413194444,SL,-4.132413194444444,84,0.39070597172065724,ml_v6,2026-06
315460,short,2026-06-17 04:20:00,2026-06-17 04:25:00,2026-06-17 04:34:00,4329.282,4323.200222222223,TP,5.801777777777799,9,0.384868701802132,ml_v6,2026-06
315463,short,2026-06-17 04:35:00,2026-06-17 04:40:00,2026-06-17 05:02:00,4323.867,4327.698336805556,SL,-4.111336805555575,22,0.40677866347016645,ml_v6,2026-06
315469,short,2026-06-17 05:05:00,2026-06-17 05:10:00,2026-06-17 05:30:00,4324.448,4328.260496527778,SL,-4.0924965277778025,20,0.41158456699148316,ml_v6,2026-06
315475,short,2026-06-17 05:35:00,2026-06-17 05:40:00,2026-06-17 05:48:00,4328.579,4332.417298611111,SL,-4.118298611111141,8,0.41665253288692505,ml_v6,2026-06
315478,short,2026-06-17 05:50:00,2026-06-17 05:55:00,2026-06-17 06:18:00,4330.068,4323.900372222222,TP,5.887627777777827,23,0.40602590453654264,ml_v6,2026-06
315484,short,2026-06-17 06:20:00,2026-06-17 06:25:00,2026-06-17 06:42:00,4323.912,4327.798777777778,SL,-4.166777777777815,17,0.4205916029285425,ml_v6,2026-06
315489,short,2026-06-17 06:45:00,2026-06-17 06:50:00,2026-06-17 07:03:00,4329.011,4332.864284722223,SL,-4.133284722222251,13,0.40455275591797446,ml_v6,2026-06
315493,short,2026-06-17 07:05:00,2026-06-17 07:10:00,2026-06-17 07:59:00,4330.761,4324.626455555556,TP,5.854544444444494,49,0.39913235937636893,ml_v6,2026-06
315504,short,2026-06-17 08:00:00,2026-06-17 08:05:00,2026-06-17 08:16:00,4326.025,4319.890788888889,TP,5.8742111111111495,11,0.41592584922977505,ml_v6,2026-06
315508,short,2026-06-17 08:20:00,2026-06-17 08:25:00,2026-06-17 08:45:00,4323.77,4317.617783333334,TP,5.8922166666667,20,0.4230484339224889,ml_v6,2026-06
315514,short,2026-06-17 08:50:00,2026-06-17 08:55:00,2026-06-17 09:24:00,4324.404,4328.235767361111,SL,-4.11176736111113,29,0.4088154775771552,ml_v6,2026-06
315521,short,2026-06-17 09:25:00,2026-06-17 09:30:00,2026-06-17 11:34:00,4331.864,4325.753027777777,TP,5.8309722222222495,124,0.39714870532880175,ml_v6,2026-06
315547,short,2026-06-17 11:35:00,2026-06-17 11:40:00,2026-06-17 12:08:00,4326.717,4320.684294444444,TP,5.772705555555585,28,0.4039587065008929,ml_v6,2026-06
315554,short,2026-06-17 12:10:00,2026-06-17 12:15:00,2026-06-17 12:24:00,4323.274,4327.063163194445,SL,-4.069163194444465,9,0.41329093064435,ml_v6,2026-06
315557,short,2026-06-17 12:25:00,2026-06-17 12:30:00,2026-06-17 12:31:00,4324.772,4328.563993055555,SL,-4.071993055555572,1,0.41918983726704495,ml_v6,2026-06
315559,short,2026-06-17 12:35:00,2026-06-17 12:40:00,2026-06-17 12:46:00,4330.397,4334.1923541666665,SL,-4.075354166666682,6,0.3975791719927996,ml_v6,2026-06
315562,short,2026-06-17 12:50:00,2026-06-17 12:55:00,2026-06-17 13:06:00,4332.296,4326.232127777778,TP,5.783872222222249,11,0.4115965726679437,ml_v6,2026-06
315566,short,2026-06-17 13:10:00,2026-06-17 13:15:00,2026-06-17 13:22:00,4331.662,4335.469145833334,SL,-4.087145833333351,7,0.39747304071147704,ml_v6,2026-06
315569,short,2026-06-17 13:25:00,2026-06-17 13:30:00,2026-06-17 13:37:00,4335.287,4339.089989583334,SL,-4.082989583333351,7,0.40311395521452736,ml_v6,2026-06
315572,short,2026-06-17 13:40:00,2026-06-17 13:45:00,2026-06-17 14:07:00,4341.514,4345.325420138889,SL,-4.091420138888909,22,0.39748103363896437,ml_v6,2026-06
315578,short,2026-06-17 14:10:00,2026-06-17 14:15:00,2026-06-17 14:22:00,4342.172,4345.983225694444,SL,-4.071225694444463,7,0.402842300141497,ml_v6,2026-06
315581,long,2026-06-17 14:25:00,2026-06-17 14:30:00,2026-06-17 14:36:00,4360.113,4356.2646840277785,SL,-4.12831597222224,6,0.4495143843195293,ml_v6,2026-06
315584,long,2026-06-17 14:40:00,2026-06-17 14:45:00,2026-06-17 14:47:00,4352.184,4348.311381944444,SL,-4.152618055555576,2,0.4232375377461117,ml_v6,2026-06
315586,long,2026-06-17 14:50:00,2026-06-17 14:55:00,2026-06-17 15:16:00,4346.858,4353.172711111111,TP,6.0347111111111476,21,0.4250505080874859,ml_v6,2026-06
315592,long,2026-06-17 15:20:00,2026-06-17 15:25:00,2026-06-17 15:28:00,4358.772,4354.850201388889,SL,-4.201798611111131,3,0.4492108211768785,ml_v6,2026-06
315594,long,2026-06-17 15:30:00,2026-06-17 15:35:00,2026-06-17 16:00:00,4358.933,4365.18475,TP,5.9717500000000285,25,0.44358437195570305,ml_v6,2026-06
315601,long,2026-06-17 16:05:00,2026-06-17 16:10:00,2026-06-17 16:40:00,4362.351,4358.469381944444,SL,-4.1616180555555715,30,0.4128416685413391,ml_v6,2026-06
315610,long,2026-06-17 16:50:00,2026-06-17 16:55:00,2026-06-17 17:26:00,4357.369,4363.458983333333,TP,5.809983333333364,31,0.4076835642622575,ml_v6,2026-06
315618,long,2026-06-17 17:30:00,2026-06-17 17:35:00,2026-06-17 17:36:00,4377.576,4373.750166666667,SL,-4.105833333333356,1,0.40760737104441586,ml_v6,2026-06
315620,long,2026-06-17 17:40:00,2026-06-17 17:45:00,2026-06-17 18:00:00,4376.431,4372.573246527777,SL,-4.137753472222243,15,0.4045040396141331,ml_v6,2026-06
315625,short,2026-06-17 18:05:00,2026-06-17 18:10:00,2026-06-17 18:11:00,4294.946,4288.225144444445,TP,6.44085555555558,1,0.3988323191435783,ml_v6,2026-06
315628,short,2026-06-17 18:20:00,2026-06-17 18:25:00,2026-06-17 18:27:00,4292.617,4285.639588888889,TP,6.697411111111138,2,0.3889696811727098,ml_v6,2026-06
315630,short,2026-06-17 18:30:00,2026-06-17 18:35:00,2026-06-17 18:36:00,4270.697,4275.206315972222,SL,-4.789315972222242,1,0.3921823928387611,ml_v6,2026-06
315632,long,2026-06-17 18:40:00,2026-06-17 18:45:00,2026-06-17 18:46:00,4323.438,4318.703631944444,SL,-5.014368055555576,1,0.4055303306795838,ml_v6,2026-06
315634,long,2026-06-17 18:50:00,2026-06-17 18:55:00,2026-06-17 18:56:00,4311.069,4306.244458333334,SL,-5.104541666666688,1,0.4058147810333387,ml_v6,2026-06
315636,long,2026-06-17 19:00:00,2026-06-17 19:05:00,2026-06-17 19:07:00,4271.416,4266.411430555556,SL,-5.284569444444469,2,0.4147085451872987,ml_v6,2026-06
315638,long,2026-06-17 19:10:00,2026-06-17 19:15:00,2026-06-17 19:16:00,4264.956,4259.862732638889,SL,-5.373267361111136,1,0.40875844666860517,ml_v6,2026-06
315640,long,2026-06-17 19:20:00,2026-06-17 19:25:00,2026-06-17 19:26:00,4236.446,4244.761577777777,TP,8.03557777777781,1,0.4212027597441198,ml_v6,2026-06
315642,long,2026-06-17 19:30:00,2026-06-17 19:35:00,2026-06-17 19:38:00,4227.09,4221.792086805555,SL,-5.57791319444446,3,0.4286005596750463,ml_v6,2026-06
315644,long,2026-06-17 19:40:00,2026-06-17 19:45:00,2026-06-17 19:46:00,4230.751,4239.370116666667,TP,8.33911666666669,1,0.43910729769808005,ml_v6,2026-06
315646,long,2026-06-17 19:50:00,2026-06-17 19:55:00,2026-06-17 20:05:00,4238.324,4247.0560444444445,TP,8.452044444444471,10,0.4246566840938222,ml_v6,2026-06
315650,long,2026-06-17 20:10:00,2026-06-17 20:15:00,2026-06-17 20:19:00,4257.336,4266.231044444445,TP,8.615044444444466,4,0.40955535892674877,ml_v6,2026-06
315652,long,2026-06-17 20:20:00,2026-06-17 20:25:00,2026-06-17 22:19:00,4260.011,4269.013561111112,TP,8.722561111111133,52,0.40740788065462236,ml_v6,2026-06
315664,long,2026-06-17 22:20:00,2026-06-17 22:25:00,2026-06-17 22:46:00,4269.175,4263.4405868055555,SL,-6.014413194444465,21,0.4027423131601097,ml_v6,2026-06
315670,long,2026-06-17 22:50:00,2026-06-17 22:55:00,2026-06-17 23:11:00,4267.682,4276.927677777778,TP,8.985677777777822,16,0.4486766512459422,ml_v6,2026-06
315675,long,2026-06-17 23:15:00,2026-06-17 23:20:00,2026-06-17 23:42:00,4276.801,4270.9522986111115,SL,-6.108701388888916,22,0.4874792538320054,ml_v6,2026-06
315681,long,2026-06-17 23:45:00,2026-06-17 23:50:00,2026-06-18 00:01:00,4273.812,4283.311516666667,TP,9.239516666666706,11,0.44433226356138394,ml_v6,2026-06
315685,long,2026-06-18 00:05:00,2026-06-18 00:10:00,2026-06-18 00:30:00,4293.243,4302.871644444444,TP,9.348644444444485,20,0.45065594284342486,ml_v6,2026-06
315691,short,2026-06-18 00:35:00,2026-06-18 00:40:00,2026-06-18 00:49:00,4305.638,4311.756083333334,SL,-6.398083333333358,9,0.3915883502926476,ml_v6,2026-06
315694,short,2026-06-18 00:50:00,2026-06-18 00:55:00,2026-06-18 01:00:00,4314.491,4320.64515625,SL,-6.434156250000028,5,0.38797933026853515,ml_v6,2026-06
315697,short,2026-06-18 01:05:00,2026-06-18 01:10:00,2026-06-18 01:11:00,4321.614,4327.8294236111105,SL,-6.495423611111138,1,0.3901598366080195,ml_v6,2026-06
315699,short,2026-06-18 01:15:00,2026-06-18 01:20:00,2026-06-18 01:43:00,4317.315,4323.561274305555,SL,-6.526274305555583,23,0.3912662664879222,ml_v6,2026-06
315706,long,2026-06-18 01:50:00,2026-06-18 01:55:00,2026-06-18 02:13:00,4318.723,4328.816744444444,TP,9.813744444444495,18,0.4172488028704118,ml_v6,2026-06
315713,long,2026-06-18 02:25:00,2026-06-18 02:30:00,2026-06-18 02:37:00,4324.443,4318.158847222222,SL,-6.5641527777778075,7,0.407812557051466,ml_v6,2026-06
315716,long,2026-06-18 02:40:00,2026-06-18 02:45:00,2026-06-18 03:00:00,4316.583,4310.282590277778,SL,-6.580409722222254,15,0.43875064403070985,ml_v6,2026-06
315722,short,2026-06-18 03:10:00,2026-06-18 03:15:00,2026-06-18 03:30:00,4311.836,4318.163038194445,SL,-6.607038194444466,15,0.38458100416448443,ml_v6,2026-06
315727,short,2026-06-18 03:35:00,2026-06-18 03:40:00,2026-06-18 04:44:00,4320.966,4310.806611111111,TP,9.879388888888935,64,0.39746296783374807,ml_v6,2026-06
315741,long,2026-06-18 04:45:00,2026-06-18 04:50:00,2026-06-18 05:30:00,4314.6,4324.803427777778,TP,9.943427777777826,40,0.4151615231070214,ml_v6,2026-06
315753,long,2026-06-18 05:45:00,2026-06-18 05:50:00,2026-06-18 06:08:00,4302.994,4296.563291666666,SL,-6.710708333333355,18,0.4031984221859838,ml_v6,2026-06
315758,short,2026-06-18 06:10:00,2026-06-18 06:15:00,2026-06-18 06:47:00,4299.047,4305.535597222221,SL,-6.768597222222246,32,0.3954509568203938,ml_v6,2026-06
315776,long,2026-06-18 07:40:00,2026-06-18 07:45:00,2026-06-18 07:57:00,4297.489,4290.9486215277775,SL,-6.80037847222224,12,0.40258323064347534,ml_v6,2026-06
315782,short,2026-06-18 08:10:00,2026-06-18 08:15:00,2026-06-18 08:51:00,4287.215,4276.6726055555555,TP,10.262394444444473,36,0.3873199211127001,ml_v6,2026-06
315796,long,2026-06-18 09:20:00,2026-06-18 09:25:00,2026-06-18 10:52:00,4267.549,4260.846059027777,SL,-6.962940972222247,87,0.40358447308336676,ml_v6,2026-06
315816,long,2026-06-18 11:00:00,2026-06-18 11:05:00,2026-06-18 11:10:00,4251.48,4244.6746875,SL,-7.065312500000045,5,0.4173649370305058,ml_v6,2026-06
315819,long,2026-06-18 11:15:00,2026-06-18 11:20:00,2026-06-18 12:13:00,4245.072,4256.023305555555,TP,10.691305555555626,53,0.43595560822238966,ml_v6,2026-06
315834,long,2026-06-18 12:30:00,2026-06-18 12:35:00,2026-06-18 12:39:00,4250.358,4243.329263888889,SL,-7.2887361111111515,4,0.4309500015444431,ml_v6,2026-06
315836,long,2026-06-18 12:40:00,2026-06-18 12:45:00,2026-06-18 13:11:00,4243.304,4254.6401166666665,TP,11.076116666666733,26,0.41585898385373243,ml_v6,2026-06
315843,long,2026-06-18 13:15:00,2026-06-18 13:20:00,2026-06-18 13:31:00,4258.35,4269.764266666667,TP,11.154266666666734,11,0.40291821713457543,ml_v6,2026-06
315850,long,2026-06-18 13:50:00,2026-06-18 13:55:00,2026-06-18 13:56:00,4260.938,4253.69625,SL,-7.5017500000000465,1,0.4027233966904603,ml_v6,2026-06
315852,long,2026-06-18 14:00:00,2026-06-18 14:05:00,2026-06-18 14:15:00,4247.298,4239.983270833333,SL,-7.574729166666713,10,0.40873790612422084,ml_v6,2026-06
315856,long,2026-06-18 14:20:00,2026-06-18 14:25:00,2026-06-18 14:29:00,4252.706,4245.352277777778,SL,-7.613722222222267,4,0.4171778864121193,ml_v6,2026-06
315858,long,2026-06-18 14:30:00,2026-06-18 14:35:00,2026-06-18 14:41:00,4249.522,4242.129538194445,SL,-7.652461805555604,6,0.4229067842634114,ml_v6,2026-06
315861,long,2026-06-18 14:45:00,2026-06-18 14:50:00,2026-06-18 15:29:00,4243.295,4235.887288194444,SL,-7.667711805555603,39,0.42076315477822673,ml_v6,2026-06
315870,long,2026-06-18 15:30:00,2026-06-18 15:35:00,2026-06-18 15:38:00,4233.07,4225.631243055555,SL,-7.698756944444488,3,0.41192376381577284,ml_v6,2026-06
315872,long,2026-06-18 15:40:00,2026-06-18 15:45:00,2026-06-18 15:51:00,4231.703,4224.256906250001,SL,-7.706093750000049,6,0.40461299722486965,ml_v6,2026-06
315888,long,2026-06-18 17:00:00,2026-06-18 17:05:00,2026-06-18 19:01:00,4223.854,4216.434840277778,SL,-7.679159722222272,116,0.40478372190889333,ml_v6,2026-06
315913,long,2026-06-18 19:05:00,2026-06-18 19:10:00,2026-06-18 19:32:00,4208.304,4201.239836805556,SL,-7.324163194444493,22,0.4375861972460049,ml_v6,2026-06
315920,long,2026-06-18 19:40:00,2026-06-18 19:45:00,2026-06-18 22:01:00,4214.099,4207.566038194444,SL,-6.792961805555591,74,0.4127233871258114,ml_v6,2026-06
315937,long,2026-06-18 22:05:00,2026-06-18 22:10:00,2026-06-18 23:02:00,4207.003,4201.240892361111,SL,-6.122107638888921,52,0.4394576639397363,ml_v6,2026-06
315949,long,2026-06-18 23:05:00,2026-06-18 23:10:00,2026-06-18 23:14:00,4200.254,4194.613802083333,SL,-5.900197916666699,4,0.4782624922223374,ml_v6,2026-06
315951,long,2026-06-18 23:15:00,2026-06-18 23:20:00,2026-06-18 23:45:00,4195.268,4189.623427083333,SL,-5.904572916666697,25,0.46525966161911714,ml_v6,2026-06
315958,long,2026-06-18 23:50:00,2026-06-18 23:55:00,2026-06-19 00:07:00,4190.107,4184.4661875,SL,-5.900812500000028,12,0.44922293922395556,ml_v6,2026-06
315962,long,2026-06-19 00:10:00,2026-06-19 00:15:00,2026-06-19 02:07:00,4185.632,4179.9779687499995,SL,-5.9140312500000185,112,0.43505533484489206,ml_v6,2026-06
315986,short,2026-06-19 02:10:00,2026-06-19 02:15:00,2026-06-19 03:03:00,4180.017,4171.407044444444,TP,8.349955555555578,48,0.39702331203734265,ml_v6,2026-06
316005,short,2026-06-19 03:45:00,2026-06-19 03:50:00,2026-06-19 03:58:00,4159.01,4150.518938888889,TP,8.23106111111113,8,0.38317142957332834,ml_v6,2026-06
316008,short,2026-06-19 04:00:00,2026-06-19 04:05:00,2026-06-19 04:21:00,4144.3,4149.666496527778,SL,-5.646496527777792,16,0.39088348045092414,ml_v6,2026-06
316013,short,2026-06-19 04:25:00,2026-06-19 04:30:00,2026-06-19 04:36:00,4146.515,4137.911622222223,TP,8.3433777777778,6,0.38729152451706533,ml_v6,2026-06
316016,short,2026-06-19 04:40:00,2026-06-19 04:45:00,2026-06-19 04:54:00,4135.445,4126.820011111111,TP,8.364988888888902,9,0.39215443557575325,ml_v6,2026-06
316019,short,2026-06-19 04:55:00,2026-06-19 05:00:00,2026-06-19 05:14:00,4125.884,4131.306072916666,SL,-5.682072916666675,14,0.3994942143867655,ml_v6,2026-06
316023,short,2026-06-19 05:15:00,2026-06-19 05:20:00,2026-06-19 05:26:00,4127.705,4133.140892361111,SL,-5.695892361111121,6,0.4001615973776917,ml_v6,2026-06
316026,short,2026-06-19 05:30:00,2026-06-19 05:35:00,2026-06-19 05:48:00,4132.675,4138.142246527778,SL,-5.727246527777784,13,0.40049933962643114,ml_v6,2026-06
316030,short,2026-06-19 05:50:00,2026-06-19 05:55:00,2026-06-19 06:12:00,4138.95,4144.4230451388885,SL,-5.733045138888896,17,0.40554180969039066,ml_v6,2026-06
316035,short,2026-06-19 06:15:00,2026-06-19 06:20:00,2026-06-19 06:38:00,4141.795,4132.9716,TP,8.56340000000002,18,0.4078736318193827,ml_v6,2026-06
316040,short,2026-06-19 06:40:00,2026-06-19 06:45:00,2026-06-19 06:48:00,4135.879,4141.39128125,SL,-5.772281250000001,3,0.4128515631373636,ml_v6,2026-06
316042,short,2026-06-19 06:50:00,2026-06-19 06:55:00,2026-06-19 07:02:00,4145.77,4151.271138888889,SL,-5.761138888888887,7,0.40586850775371897,ml_v6,2026-06
316045,short,2026-06-19 07:05:00,2026-06-19 07:10:00,2026-06-19 08:10:00,4158.909,4164.421729166666,SL,-5.772729166666664,60,0.40860720545516754,ml_v6,2026-06
316059,short,2026-06-19 08:15:00,2026-06-19 08:20:00,2026-06-19 08:23:00,4170.013,4175.547934027778,SL,-5.7949340277777734,3,0.3834782556664389,ml_v6,2026-06
316062,long,2026-06-19 08:30:00,2026-06-19 08:35:00,2026-06-19 08:38:00,4175.118,4169.590239583334,SL,-5.787760416666666,3,0.407875949626079,ml_v6,2026-06
316064,long,2026-06-19 08:40:00,2026-06-19 08:45:00,2026-06-19 09:15:00,4168.746,4163.212416666667,SL,-5.7935833333333315,30,0.4228215506892009,ml_v6,2026-06
316072,long,2026-06-19 09:20:00,2026-06-19 09:25:00,2026-06-19 09:59:00,4167.283,4161.782809027778,SL,-5.760190972222217,34,0.4376426826284676,ml_v6,2026-06
316080,short,2026-06-19 10:00:00,2026-06-19 10:05:00,2026-06-19 10:57:00,4157.979,4149.294938888889,TP,8.424061111111104,52,0.39612948286428973,ml_v6,2026-06
316092,short,2026-06-19 11:00:00,2026-06-19 11:05:00,2026-06-19 11:48:00,4148.528,4153.929746527778,SL,-5.66174652777777,43,0.39017346573349093,ml_v6,2026-06
316102,long,2026-06-19 11:50:00,2026-06-19 11:55:00,2026-06-19 12:09:00,4149.954,4158.531561111111,TP,8.317561111111083,14,0.4109753329532452,ml_v6,2026-06
316109,short,2026-06-19 12:25:00,2026-06-19 12:30:00,2026-06-19 12:50:00,4151.736,4157.065097222222,SL,-5.589097222222206,20,0.3842447150822042,ml_v6,2026-06
316115,long,2026-06-19 12:55:00,2026-06-19 13:00:00,2026-06-19 13:02:00,4178.869,4173.441458333333,SL,-5.687541666666649,2,0.4156704433394639,ml_v6,2026-06
316117,long,2026-06-19 13:05:00,2026-06-19 13:10:00,2026-06-19 13:11:00,4182.462,4176.955173611112,SL,-5.766826388888871,1,0.4262974946728676,ml_v6,2026-06
316119,long,2026-06-19 13:15:00,2026-06-19 13:20:00,2026-06-19 13:44:00,4164.75,4159.237121527778,SL,-5.772878472222202,24,0.4024504521808453,ml_v6,2026-06
316125,long,2026-06-19 13:45:00,2026-06-19 13:50:00,2026-06-19 13:59:00,4157.038,4151.605711805555,SL,-5.692288194444428,9,0.4028479048427695,ml_v6,2026-06
316128,long,2026-06-19 14:00:00,2026-06-19 14:05:00,2026-06-19 14:16:00,4152.568,4147.121413194444,SL,-5.70658680555554,11,0.4063123618353561,ml_v6,2026-06
316132,long,2026-06-19 14:20:00,2026-06-19 14:25:00,2026-06-19 15:22:00,4145.188,4153.861022222222,TP,8.4130222222222,57,0.4103164897594418,ml_v6,2026-06
316145,long,2026-06-19 15:25:00,2026-06-19 15:30:00,2026-06-19 16:09:00,4151.203,4146.0353125,SL,-5.427687499999987,39,0.4639018132742129,ml_v6,2026-06
316154,long,2026-06-19 16:10:00,2026-06-19 16:15:00,2026-06-19 16:40:00,4145.417,4153.50025,TP,7.823249999999989,25,0.45375650162881226,ml_v6,2026-06
316161,long,2026-06-19 16:45:00,2026-06-19 16:50:00,2026-06-19 16:54:00,4156.859,4151.9214375,SL,-5.1975625,4,0.45576056455661007,ml_v6,2026-06
316167,short,2026-06-21 22:15:00,2026-06-21 22:20:00,2026-06-21 23:04:00,4153.251,4158.193729166667,SL,-5.222729166666662,44,0.383133921335959,ml_v6,2026-06
316177,short,2026-06-21 23:05:00,2026-06-21 23:10:00,2026-06-21 23:15:00,4163.091,4155.288422222223,TP,7.542577777777768,5,0.3958957249931827,ml_v6,2026-06
316181,short,2026-06-21 23:25:00,2026-06-21 23:30:00,2026-06-21 23:33:00,4156.98,4149.165644444444,TP,7.55435555555555,3,0.39322713634317574,ml_v6,2026-06
316183,short,2026-06-21 23:35:00,2026-06-21 23:40:00,2026-06-21 23:48:00,4144.628,4136.771027777778,TP,7.5969722222222185,8,0.3892680629895053,ml_v6,2026-06
316186,short,2026-06-21 23:50:00,2026-06-21 23:55:00,2026-06-21 23:56:00,4137.167,4142.095409722223,SL,-5.188409722222223,1,0.39764453401966127,ml_v6,2026-06
316188,long,2026-06-22 00:00:00,2026-06-22 00:05:00,2026-06-22 00:12:00,4146.841,4154.782566666667,TP,7.681566666666667,7,0.4159367915226357,ml_v6,2026-06
316196,long,2026-06-22 00:40:00,2026-06-22 00:45:00,2026-06-22 00:49:00,4175.529,4183.622155555556,TP,7.833155555555546,4,0.4086459096807842,ml_v6,2026-06
316200,short,2026-06-22 01:00:00,2026-06-22 01:05:00,2026-06-22 01:06:00,4206.432,4211.598347222222,SL,-5.446347222222208,1,0.3839480959617224,ml_v6,2026-06
316202,short,2026-06-22 01:10:00,2026-06-22 01:15:00,2026-06-22 01:31:00,4211.579,4203.265822222222,TP,8.053177777777766,16,0.3840364203252301,ml_v6,2026-06
316207,short,2026-06-22 01:35:00,2026-06-22 01:40:00,2026-06-22 01:49:00,4202.784,4194.385183333333,TP,8.138816666666653,9,0.40570914969400074,ml_v6,2026-06
316210,short,2026-06-22 01:50:00,2026-06-22 01:55:00,2026-06-22 02:14:00,4194.365,4185.9068777777775,TP,8.19812222222221,19,0.3938738304376982,ml_v6,2026-06
316215,short,2026-06-22 02:15:00,2026-06-22 02:20:00,2026-06-22 02:30:00,4187.982,4193.328138888889,SL,-5.6061388888888795,10,0.38451703741699106,ml_v6,2026-06
316219,short,2026-06-22 02:35:00,2026-06-22 02:40:00,2026-06-22 02:47:00,4196.194,4187.576033333334,TP,8.357966666666645,7,0.3898644508228758,ml_v6,2026-06
316222,short,2026-06-22 02:50:00,2026-06-22 02:55:00,2026-06-22 03:10:00,4189.014,4180.358677777778,TP,8.395322222222195,15,0.3862733319323046,ml_v6,2026-06
316234,long,2026-06-22 03:50:00,2026-06-22 03:55:00,2026-06-22 05:08:00,4175.483,4184.192633333333,TP,8.449633333333296,73,0.40254028067614434,ml_v6,2026-06
316250,short,2026-06-22 05:10:00,2026-06-22 05:15:00,2026-06-22 05:29:00,4185.25,4190.6016875,SL,-5.611687499999984,14,0.4123820357481475,ml_v6,2026-06
316254,short,2026-06-22 05:30:00,2026-06-22 05:35:00,2026-06-22 05:36:00,4191.377,4196.739465277778,SL,-5.622465277777769,1,0.41981542248724646,ml_v6,2026-06
316256,short,2026-06-22 05:40:00,2026-06-22 05:45:00,2026-06-22 06:10:00,4192.988,4198.368750000001,SL,-5.640749999999987,25,0.41623935814195095,ml_v6,2026-06
316263,short,2026-06-22 06:15:00,2026-06-22 06:20:00,2026-06-22 06:45:00,4197.41,4202.80978125,SL,-5.659781249999986,25,0.40248485637602194,ml_v6,2026-06
316270,short,2026-06-22 06:50:00,2026-06-22 06:55:00,2026-06-22 07:30:00,4204.258,4195.591372222222,TP,8.406627777777775,35,0.39542668222609667,ml_v6,2026-06
316279,short,2026-06-22 07:35:00,2026-06-22 07:40:00,2026-06-22 09:04:00,4194.919,4200.337590277778,SL,-5.678590277777775,84,0.3867318411275652,ml_v6,2026-06
316297,long,2026-06-22 09:05:00,2026-06-22 09:10:00,2026-06-22 09:27:00,4208.371,4203.033666666667,SL,-5.5973333333333395,17,0.40532960615963287,ml_v6,2026-06
316303,long,2026-06-22 09:35:00,2026-06-22 09:40:00,2026-06-22 11:37:00,4208.396,4203.052756944444,SL,-5.603243055555559,117,0.40789888604415614,ml_v6,2026-06
316329,short,2026-06-22 11:45:00,2026-06-22 11:50:00,2026-06-22 12:03:00,4205.009,4210.141743055556,SL,-5.392743055555557,13,0.38971030068400525,ml_v6,2026-06
316333,long,2026-06-22 12:05:00,2026-06-22 12:10:00,2026-06-22 12:42:00,4207.86,4202.755909722222,SL,-5.364090277777781,32,0.40944851197874904,ml_v6,2026-06
316341,short,2026-06-22 12:45:00,2026-06-22 12:50:00,2026-06-22 12:57:00,4202.142,4193.975405555555,TP,7.9065944444444405,7,0.3841115322053831,ml_v6,2026-06
316344,short,2026-06-22 13:00:00,2026-06-22 13:05:00,2026-06-22 13:30:00,4193.41,4185.263199999999,TP,7.886800000000001,25,0.3884379774910186,ml_v6,2026-06
316360,short,2026-06-22 14:20:00,2026-06-22 14:25:00,2026-06-22 14:43:00,4192.305,4197.540979166667,SL,-5.495979166666665,18,0.38512564946737493,ml_v6,2026-06
316376,long,2026-06-22 15:40:00,2026-06-22 15:45:00,2026-06-22 15:46:00,4181.141,4175.808534722222,SL,-5.592465277777784,1,0.42687698629096044,ml_v6,2026-06
316378,long,2026-06-22 15:50:00,2026-06-22 15:55:00,2026-06-22 16:51:00,4178.641,4187.243194444444,TP,8.342194444444452,56,0.4130669026134706,ml_v6,2026-06
316393,long,2026-06-22 17:05:00,2026-06-22 17:10:00,2026-06-22 17:32:00,4187.441,4182.081819444445,SL,-5.6191805555555785,22,0.4023849849331001,ml_v6,2026-06
316399,long,2026-06-22 17:35:00,2026-06-22 17:40:00,2026-06-22 18:21:00,4180.926,4189.511766666667,TP,8.325766666666704,41,0.42853103560663564,ml_v6,2026-06
316409,long,2026-06-22 18:25:00,2026-06-22 18:30:00,2026-06-22 23:32:00,4187.985,4191.775,TIMEOUT,3.529999999999964,240,0.40666758839300415,ml_v6,2026-06
316461,short,2026-06-22 23:45:00,2026-06-22 23:50:00,2026-06-23 00:10:00,4190.797,4183.319972222222,TP,7.217027777777787,20,0.3914242977328626,ml_v6,2026-06
316472,short,2026-06-23 00:40:00,2026-06-23 00:45:00,2026-06-23 01:00:00,4192.618,4197.293500000001,SL,-4.935499999999999,15,0.3892914098160616,ml_v6,2026-06
316477,short,2026-06-23 01:05:00,2026-06-23 01:10:00,2026-06-23 01:16:00,4188.561,4181.116977777778,TP,7.184022222222213,6,0.4038942177584455,ml_v6,2026-06
316480,short,2026-06-23 01:20:00,2026-06-23 01:25:00,2026-06-23 01:33:00,4178.119,4170.682827777778,TP,7.17617222222222,8,0.3972105961038377,ml_v6,2026-06
316483,short,2026-06-23 01:35:00,2026-06-23 01:40:00,2026-06-23 01:44:00,4162.152,4154.676305555556,TP,7.215694444444445,4,0.4133796430417223,ml_v6,2026-06
316485,short,2026-06-23 01:45:00,2026-06-23 01:50:00,2026-06-23 01:53:00,4150.669,4155.346840277778,SL,-4.937840277777777,3,0.4071675974305603,ml_v6,2026-06
316488,short,2026-06-23 02:00:00,2026-06-23 02:05:00,2026-06-23 02:07:00,4159.286,4151.912311111111,TP,7.113688888888895,2,0.3893250655329925,ml_v6,2026-06
316490,short,2026-06-23 02:10:00,2026-06-23 02:15:00,2026-06-23 02:18:00,4153.654,4158.240597222222,SL,-4.846597222222224,3,0.3979600717787194,ml_v6,2026-06
316492,long,2026-06-23 02:20:00,2026-06-23 02:25:00,2026-06-23 02:40:00,4160.039,4155.470697916667,SL,-4.828302083333337,15,0.41006199633965434,ml_v6,2026-06
316497,short,2026-06-23 02:45:00,2026-06-23 02:50:00,2026-06-23 02:59:00,4154.291,4147.074372222222,TP,6.956627777777792,9,0.39897591724764964,ml_v6,2026-06
316500,short,2026-06-23 03:00:00,2026-06-23 03:05:00,2026-06-23 03:18:00,4142.255,4135.009633333333,TP,6.985366666666673,13,0.3992522418861546,ml_v6,2026-06
316504,short,2026-06-23 03:20:00,2026-06-23 03:25:00,2026-06-23 03:29:00,4135.42,4139.942645833334,SL,-4.782645833333342,4,0.39894545930835557,ml_v6,2026-06
316506,short,2026-06-23 03:30:00,2026-06-23 03:35:00,2026-06-23 03:57:00,4139.297,4143.812079861111,SL,-4.77507986111112,22,0.39948121469348996,ml_v6,2026-06
316512,short,2026-06-23 04:00:00,2026-06-23 04:05:00,2026-06-23 04:27:00,4144.665,4137.445777777778,TP,6.9592222222222375,22,0.4002690157888399,ml_v6,2026-06
316518,short,2026-06-23 04:30:00,2026-06-23 04:35:00,2026-06-23 04:56:00,4136.509,4129.374877777777,TP,6.874122222222242,21,0.3973674710917598,ml_v6,2026-06
316524,short,2026-06-23 05:00:00,2026-06-23 05:05:00,2026-06-23 05:09:00,4134.422,4127.112255555555,TP,7.0497444444444595,4,0.38804919369460456,ml_v6,2026-06
316526,short,2026-06-23 05:10:00,2026-06-23 05:15:00,2026-06-23 05:30:00,4129.89,4122.536761111111,TP,7.093238888888902,15,0.39755560179616906,ml_v6,2026-06
316531,short,2026-06-23 05:35:00,2026-06-23 05:40:00,2026-06-23 05:48:00,4125.304,4117.832822222223,TP,7.211177777777797,8,0.40591161435472545,ml_v6,2026-06
316534,short,2026-06-23 05:50:00,2026-06-23 05:55:00,2026-06-23 06:01:00,4120.332,4125.048739583333,SL,-4.97673958333334,6,0.40334623469173125,ml_v6,2026-06
316537,short,2026-06-23 06:05:00,2026-06-23 06:10:00,2026-06-23 06:12:00,4113.415,4118.167055555556,SL,-5.012055555555557,2,0.396851839760186,ml_v6,2026-06
316539,short,2026-06-23 06:15:00,2026-06-23 06:20:00,2026-06-23 06:26:00,4122.664,4114.994894444444,TP,7.409105555555553,6,0.41316665512625894,ml_v6,2026-06
316542,short,2026-06-23 06:30:00,2026-06-23 06:35:00,2026-06-23 06:42:00,4119.596,4111.895261111111,TP,7.440738888888883,7,0.41543946963851175,ml_v6,2026-06
316545,short,2026-06-23 06:45:00,2026-06-23 06:50:00,2026-06-23 07:05:00,4115.664,4120.488475694444,SL,-5.084475694444449,15,0.4170783142477723,ml_v6,2026-06
316550,short,2026-06-23 07:10:00,2026-06-23 07:15:00,2026-06-23 07:22:00,4115.787,4120.643090277778,SL,-5.116090277777785,7,0.4169592633015387,ml_v6,2026-06
316553,short,2026-06-23 07:25:00,2026-06-23 07:30:00,2026-06-23 07:40:00,4118.221,4110.4743,TP,7.486700000000011,10,0.41789694315278975,ml_v6,2026-06
316557,short,2026-06-23 07:45:00,2026-06-23 07:50:00,2026-06-23 07:52:00,4106.605,4098.800944444444,TP,7.544055555555559,2,0.41058957093437487,ml_v6,2026-06
316559,short,2026-06-23 07:55:00,2026-06-23 08:00:00,2026-06-23 08:07:00,4098.901,4091.099483333333,TP,7.541516666666664,7,0.39386413278036825,ml_v6,2026-06
316562,short,2026-06-23 08:10:00,2026-06-23 08:15:00,2026-06-23 08:19:00,4094.111,4099.014597222222,SL,-5.163597222222219,4,0.3955584310594966,ml_v6,2026-06
316564,short,2026-06-23 08:20:00,2026-06-23 08:25:00,2026-06-23 08:34:00,4097.123,4102.040555555555,SL,-5.177555555555555,9,0.38905984224177803,ml_v6,2026-06
316567,short,2026-06-23 08:35:00,2026-06-23 08:40:00,2026-06-23 08:41:00,4102.327,4107.250979166667,SL,-5.183979166666671,1,0.40619119483373334,ml_v6,2026-06
316569,short,2026-06-23 08:45:00,2026-06-23 08:50:00,2026-06-23 09:04:00,4104.079,4109.037114583333,SL,-5.218114583333337,14,0.3989070714022638,ml_v6,2026-06
316573,short,2026-06-23 09:05:00,2026-06-23 09:10:00,2026-06-23 09:20:00,4109.645,4114.618479166667,SL,-5.233479166666672,10,0.4072377135810995,ml_v6,2026-06
316577,short,2026-06-23 09:25:00,2026-06-23 09:30:00,2026-06-23 09:35:00,4112.741,4117.7345,SL,-5.253500000000001,5,0.40316084800244,ml_v6,2026-06
316580,short,2026-06-23 09:40:00,2026-06-23 09:45:00,2026-06-23 09:59:00,4117.013,4122.016284722222,SL,-5.263284722222217,14,0.39659965639381917,ml_v6,2026-06
316584,short,2026-06-23 10:00:00,2026-06-23 10:05:00,2026-06-23 10:47:00,4131.536,4123.496105555556,TP,7.77989444444443,42,0.38614212665599046,ml_v6,2026-06
316594,short,2026-06-23 10:50:00,2026-06-23 10:55:00,2026-06-23 11:10:00,4122.287,4127.2881284722225,SL,-5.26112847222222,15,0.39046634297200455,ml_v6,2026-06
316602,short,2026-06-23 11:30:00,2026-06-23 11:35:00,2026-06-23 12:13:00,4123.741,4115.6481277777775,TP,7.832872222222225,38,0.3847580512009603,ml_v6,2026-06
316613,long,2026-06-23 12:25:00,2026-06-23 12:30:00,2026-06-23 13:00:00,4115.242,4110.1118680555555,SL,-5.390131944444443,30,0.40451571615325893,ml_v6,2026-06
316621,short,2026-06-23 13:05:00,2026-06-23 13:10:00,2026-06-23 13:16:00,4116.547,4108.229744444444,TP,8.057255555555553,6,0.3851202742959195,ml_v6,2026-06
316626,long,2026-06-23 13:30:00,2026-06-23 13:35:00,2026-06-23 13:45:00,4122.304,4130.737294444444,TP,8.17329444444444,10,0.4074103675161968,ml_v6,2026-06
316630,long,2026-06-23 13:50:00,2026-06-23 13:55:00,2026-06-23 13:57:00,4137.282,4131.942684027778,SL,-5.599315972222217,2,0.42519520111572223,ml_v6,2026-06
316632,long,2026-06-23 14:00:00,2026-06-23 14:05:00,2026-06-23 14:26:00,4137.846,4132.495315972222,SL,-5.610684027777774,21,0.4259560803684292,ml_v6,2026-06
316641,long,2026-06-23 14:45:00,2026-06-23 14:50:00,2026-06-23 15:05:00,4126.652,4135.263211111112,TP,8.351211111111104,15,0.40222269231813335,ml_v6,2026-06
316646,long,2026-06-23 15:10:00,2026-06-23 15:15:00,2026-06-23 15:38:00,4127.998,4136.577899999999,TP,8.319899999999995,23,0.42326232392788943,ml_v6,2026-06
316652,long,2026-06-23 15:40:00,2026-06-23 15:45:00,2026-06-23 16:16:00,4138.48,4133.139260416666,SL,-5.600739583333331,31,0.4038698020150125,ml_v6,2026-06
316660,long,2026-06-23 16:20:00,2026-06-23 16:25:00,2026-06-23 17:00:00,4136.336,4131.0528020833335,SL,-5.543197916666657,35,0.41753589738598734,ml_v6,2026-06
316669,long,2026-06-23 17:05:00,2026-06-23 17:10:00,2026-06-23 18:04:00,4132.363,4127.149350694444,SL,-5.473649305555541,54,0.4841176350613876,ml_v6,2026-06
316681,long,2026-06-23 18:05:00,2026-06-23 18:10:00,2026-06-23 18:30:00,4125.209,4119.994413194444,SL,-5.4745868055555365,20,0.4978446037750918,ml_v6,2026-06
316687,long,2026-06-23 18:35:00,2026-06-23 18:40:00,2026-06-23 18:46:00,4119.999,4114.820229166667,SL,-5.438770833333319,6,0.4918226602222787,ml_v6,2026-06
316690,long,2026-06-23 18:50:00,2026-06-23 18:55:00,2026-06-23 19:04:00,4115.683,4123.989544444445,TP,8.046544444444432,9,0.4547576448533648,ml_v6,2026-06
316693,long,2026-06-23 19:05:00,2026-06-23 19:10:00,2026-06-23 19:52:00,4122.098,4116.874399305556,SL,-5.483600694444433,42,0.4564486934988122,ml_v6,2026-06
316703,long,2026-06-23 19:55:00,2026-06-23 20:00:00,2026-06-23 22:20:00,4111.777,4106.526347222222,SL,-5.51065277777777,78,0.4371192585844981,ml_v6,2026-06
316721,long,2026-06-23 22:25:00,2026-06-23 22:30:00,2026-06-23 22:34:00,4105.846,4100.564534722222,SL,-5.541465277777773,4,0.49464072751050714,ml_v6,2026-06
316723,long,2026-06-23 22:35:00,2026-06-23 22:40:00,2026-06-23 23:05:00,4101.048,4095.727409722222,SL,-5.580590277777772,25,0.46383282376791923,ml_v6,2026-06
316730,long,2026-06-23 23:10:00,2026-06-23 23:15:00,2026-06-23 23:32:00,4099.546,4094.1584375,SL,-5.647562499999999,17,0.4922912288021387,ml_v6,2026-06
316735,long,2026-06-23 23:35:00,2026-06-23 23:40:00,2026-06-23 23:46:00,4084.088,4092.8083,TP,8.460299999999991,6,0.4720686215616062,ml_v6,2026-06
316738,long,2026-06-23 23:50:00,2026-06-23 23:55:00,2026-06-24 00:02:00,4096.003,4104.8195166666665,TP,8.55651666666665,7,0.4330926159387657,ml_v6,2026-06
316741,long,2026-06-24 00:05:00,2026-06-24 00:10:00,2026-06-24 00:18:00,4110.169,4104.591503472222,SL,-5.837496527777764,8,0.4435237820875809,ml_v6,2026-06
316744,long,2026-06-24 00:20:00,2026-06-24 00:25:00,2026-06-24 01:00:00,4096.379,4090.7424895833333,SL,-5.896510416666654,35,0.43824037592694187,ml_v6,2026-06
316753,long,2026-06-24 01:05:00,2026-06-24 01:10:00,2026-06-24 01:12:00,4077.308,4086.5931277777777,TP,9.02512777777776,2,0.4200115946877304,ml_v6,2026-06
316755,long,2026-06-24 01:15:00,2026-06-24 01:20:00,2026-06-24 01:25:00,4088.185,4097.529361111111,TP,9.08436111111109,5,0.42551402380282105,ml_v6,2026-06
316758,long,2026-06-24 01:30:00,2026-06-24 01:35:00,2026-06-24 01:40:00,4098.113,4092.220774305556,SL,-6.1522256944444305,5,0.4330861601299718,ml_v6,2026-06
316761,long,2026-06-24 01:45:00,2026-06-24 01:50:00,2026-06-24 02:01:00,4086.028,4095.473005555555,TP,9.185005555555538,11,0.4228799838098301,ml_v6,2026-06
316765,long,2026-06-24 02:05:00,2026-06-24 02:10:00,2026-06-24 02:18:00,4081.168,4075.2565625,SL,-6.171437499999993,8,0.4212952035996601,ml_v6,2026-06
316769,long,2026-06-24 02:25:00,2026-06-24 02:30:00,2026-06-24 02:31:00,4073.751,4067.871701388889,SL,-6.1392986111111005,1,0.40251007196065836,ml_v6,2026-06
316775,long,2026-06-24 02:55:00,2026-06-24 03:00:00,2026-06-24 03:05:00,4061.199,4055.2978333333335,SL,-6.16116666666666,5,0.4212716806528164,ml_v6,2026-06
316778,long,2026-06-24 03:10:00,2026-06-24 03:15:00,2026-06-24 03:17:00,4057.775,4051.8737083333335,SL,-6.161291666666659,2,0.4120155570434247,ml_v6,2026-06
316780,long,2026-06-24 03:20:00,2026-06-24 03:25:00,2026-06-24 03:40:00,4053.215,4062.68015,TP,9.205149999999986,15,0.42485866523923155,ml_v6,2026-06
316785,long,2026-06-24 03:45:00,2026-06-24 03:50:00,2026-06-24 04:01:00,4066.512,4060.5832708333337,SL,-6.1887291666666515,11,0.4486802116104778,ml_v6,2026-06
316789,short,2026-06-24 04:05:00,2026-06-24 04:10:00,2026-06-24 04:27:00,4058.559,4064.4595520833336,SL,-6.160552083333323,17,0.39666450040632645,ml_v6,2026-06
316794,short,2026-06-24 04:30:00,2026-06-24 04:35:00,2026-06-24 05:21:00,4065.021,4070.901024305556,SL,-6.140024305555543,46,0.39291642889677514,ml_v6,2026-06
316814,long,2026-06-24 06:10:00,2026-06-24 06:15:00,2026-06-24 06:17:00,4095.846,4089.95753125,SL,-6.148468749999991,2,0.4054151565994405,ml_v6,2026-06
316816,long,2026-06-24 06:20:00,2026-06-24 06:25:00,2026-06-24 07:31:00,4088.742,4082.823982638889,SL,-6.178017361111101,66,0.4101961840449351,ml_v6,2026-06
316831,long,2026-06-24 07:35:00,2026-06-24 07:40:00,2026-06-24 09:07:00,4078.68,4072.944222222222,SL,-5.995777777777774,87,0.44608645403605807,ml_v6,2026-06
316850,long,2026-06-24 09:10:00,2026-06-24 09:15:00,2026-06-24 09:29:00,4076.348,4070.679725694444,SL,-5.928274305555546,14,0.4254821539156296,ml_v6,2026-06
316855,long,2026-06-24 09:35:00,2026-06-24 09:40:00,2026-06-24 10:00:00,4068.141,4062.4795520833336,SL,-5.921447916666652,20,0.4069139959755712,ml_v6,2026-06
316861,short,2026-06-24 10:05:00,2026-06-24 10:10:00,2026-06-24 10:43:00,4060.057,4065.678739583333,SL,-5.881739583333315,33,0.4012918159924934,ml_v6,2026-06
316870,short,2026-06-24 10:50:00,2026-06-24 10:55:00,2026-06-24 11:06:00,4058.406,4049.3606555555557,TP,8.78534444444443,11,0.4015220719545055,ml_v6,2026-06
316874,short,2026-06-24 11:10:00,2026-06-24 11:15:00,2026-06-24 11:40:00,4045.972,4051.6233958333337,SL,-5.911395833333325,25,0.39488530668922983,ml_v6,2026-06
316881,short,2026-06-24 11:45:00,2026-06-24 11:50:00,2026-06-24 11:52:00,4044.837,4050.556454861111,SL,-5.8794548611111015,2,0.3911910085573127,ml_v6,2026-06
316883,short,2026-06-24 11:55:00,2026-06-24 12:00:00,2026-06-24 12:07:00,4046.78,4037.5534000000002,TP,9.066599999999985,7,0.39677954564445883,ml_v6,2026-06
316886,short,2026-06-24 12:10:00,2026-06-24 12:15:00,2026-06-24 12:25:00,4038.227,4028.9620777777777,TP,9.10492222222221,10,0.3946825504033402,ml_v6,2026-06
316890,short,2026-06-24 12:30:00,2026-06-24 12:35:00,2026-06-24 12:39:00,4019.302,4009.8562722222223,TP,9.285727777777767,4,0.3941038163057775,ml_v6,2026-06
316892,short,2026-06-24 12:40:00,2026-06-24 12:45:00,2026-06-24 12:49:00,4013.3,4003.821166666667,TP,9.318833333333322,4,0.3955033841365571,ml_v6,2026-06
316894,short,2026-06-24 12:50:00,2026-06-24 12:55:00,2026-06-24 12:58:00,4003.871,3994.311222222222,TP,9.399777777777764,3,0.39379338258827046,ml_v6,2026-06
316896,short,2026-06-24 13:00:00,2026-06-24 13:05:00,2026-06-24 13:11:00,3979.982,3970.257238888889,TP,9.564761111111096,6,0.3942099398325154,ml_v6,2026-06
316899,short,2026-06-24 13:15:00,2026-06-24 13:20:00,2026-06-24 13:21:00,3976.269,3966.4384999999997,TP,9.670499999999986,1,0.38844394741414257,ml_v6,2026-06
316901,short,2026-06-24 13:25:00,2026-06-24 13:30:00,2026-06-24 13:31:00,3975.318,3981.4879236111115,SL,-6.329923611111104,1,0.39032906351445384,ml_v6,2026-06
316904,short,2026-06-24 13:40:00,2026-06-24 13:45:00,2026-06-24 13:50:00,4015.173,4021.4951562499996,SL,-6.482156249999992,5,0.3966340578901284,ml_v6,2026-06
316907,short,2026-06-24 13:55:00,2026-06-24 14:00:00,2026-06-24 14:02:00,4038.188,4027.928822222222,TP,10.099177777777763,2,0.395792015610326,ml_v6,2026-06
316909,short,2026-06-24 14:05:00,2026-06-24 14:10:00,2026-06-24 14:15:00,4027.825,4017.4863499999997,TP,10.178649999999992,5,0.3878932907912016,ml_v6,2026-06
316912,short,2026-06-24 14:20:00,2026-06-24 14:25:00,2026-06-24 14:33:00,4023.658,4030.139829861111,SL,-6.741829861111107,8,0.3892069154805547,ml_v6,2026-06
316915,short,2026-06-24 14:35:00,2026-06-24 14:40:00,2026-06-24 14:49:00,4019.81,4009.403,TP,10.147000000000002,9,0.38466588035305754,ml_v6,2026-06
316937,short,2026-06-24 16:25:00,2026-06-24 16:30:00,2026-06-24 17:07:00,4016.058,4005.578594444444,TP,10.31940555555557,37,0.3869595562449357,ml_v6,2026-06
316950,short,2026-06-24 17:30:00,2026-06-24 17:35:00,2026-06-24 17:58:00,3985.913,3975.3096277777777,TP,10.34337222222223,23,0.38457871103313934,ml_v6,2026-06
316956,short,2026-06-24 18:00:00,2026-06-24 18:05:00,2026-06-24 18:06:00,3966.712,3973.4098368055556,SL,-6.957836805555563,1,0.3834204784666202,ml_v6,2026-06
316965,short,2026-06-24 18:45:00,2026-06-24 18:50:00,2026-06-24 19:30:00,3979.161,3985.9924131944445,SL,-7.091413194444455,40,0.3846632982889218,ml_v6,2026-06
316975,long,2026-06-24 19:35:00,2026-06-24 19:40:00,2026-06-24 20:03:00,3982.388,3993.4356166666666,TP,10.787616666666679,23,0.41710150832988535,ml_v6,2026-06
316981,long,2026-06-24 20:05:00,2026-06-24 20:10:00,2026-06-24 23:05:00,3998.961,3992.0008055555554,SL,-7.220194444444452,113,0.4245874382181213,ml_v6,2026-06
317006,long,2026-06-24 23:10:00,2026-06-24 23:15:00,2026-06-24 23:34:00,3995.119,4006.4340166666666,TP,11.055016666666665,19,0.5171977558223575,ml_v6,2026-06
317011,long,2026-06-24 23:35:00,2026-06-24 23:40:00,2026-06-25 00:13:00,4015.656,4008.5909131944445,SL,-7.325086805555558,33,0.513926384228199,ml_v6,2026-06
317019,long,2026-06-25 00:15:00,2026-06-25 00:20:00,2026-06-25 00:27:00,4002.442,3995.3270034722223,SL,-7.374996527777773,7,0.44963096098662164,ml_v6,2026-06
317022,long,2026-06-25 00:30:00,2026-06-25 00:35:00,2026-06-25 00:47:00,3987.809,3980.6501111111115,SL,-7.418888888888886,12,0.4830314423539837,ml_v6,2026-06
317026,long,2026-06-25 00:50:00,2026-06-25 00:55:00,2026-06-25 00:58:00,3999.573,3992.412190972222,SL,-7.420809027777778,3,0.4672721136656195,ml_v6,2026-06
317028,long,2026-06-25 01:00:00,2026-06-25 01:05:00,2026-06-25 01:08:00,3996.946,3989.7321909722223,SL,-7.473809027777777,3,0.4058991860618228,ml_v6,2026-06
317030,long,2026-06-25 01:10:00,2026-06-25 01:15:00,2026-06-25 01:20:00,3986.786,3998.337238888889,TP,11.291238888888895,5,0.41879190733275734,ml_v6,2026-06
317033,long,2026-06-25 01:25:00,2026-06-25 01:30:00,2026-06-25 01:34:00,3990.673,3983.435576388889,SL,-7.497423611111115,4,0.4081782128370389,ml_v6,2026-06
317035,long,2026-06-25 01:35:00,2026-06-25 01:40:00,2026-06-25 01:44:00,3987.053,3979.7606527777775,SL,-7.552347222222225,4,0.41633021334599607,ml_v6,2026-06
317037,long,2026-06-25 01:45:00,2026-06-25 01:50:00,2026-06-25 01:57:00,3985.63,3978.3092465277778,SL,-7.580753472222226,7,0.42067071895713304,ml_v6,2026-06
317040,long,2026-06-25 02:00:00,2026-06-25 02:05:00,2026-06-25 02:08:00,3975.22,3967.932625,SL,-7.547375000000008,3,0.42305080484622715,ml_v6,2026-06
317042,long,2026-06-25 02:10:00,2026-06-25 02:15:00,2026-06-25 02:19:00,3967.817,3979.4261277777778,TP,11.349127777777792,4,0.40975911671996024,ml_v6,2026-06
317044,long,2026-06-25 02:20:00,2026-06-25 02:25:00,2026-06-25 02:41:00,3984.85,3977.553173611111,SL,-7.556826388888898,16,0.40738967327542647,ml_v6,2026-06
317049,long,2026-06-25 02:45:00,2026-06-25 02:50:00,2026-06-25 02:53:00,3983.037,3975.7622152777776,SL,-7.5347847222222315,3,0.4200745318046598,ml_v6,2026-06
317051,long,2026-06-25 02:55:00,2026-06-25 03:00:00,2026-06-25 03:06:00,3983.051,3975.7641944444445,SL,-7.546805555555563,6,0.4221063429376837,ml_v6,2026-06
317054,long,2026-06-25 03:10:00,2026-06-25 03:15:00,2026-06-25 03:19:00,3970.5,3982.1748055555554,TP,11.414805555555567,4,0.4168795400412132,ml_v6,2026-06
317056,long,2026-06-25 03:20:00,2026-06-25 03:25:00,2026-06-25 03:49:00,3973.121,3984.868711111111,TP,11.487711111111123,24,0.4160836876715033,ml_v6,2026-06
317062,long,2026-06-25 03:50:00,2026-06-25 03:55:00,2026-06-25 04:14:00,3997.146,3989.8299618055557,SL,-7.576038194444449,19,0.44513420039136764,ml_v6,2026-06
317067,long,2026-06-25 04:15:00,2026-06-25 04:20:00,2026-06-25 04:41:00,3991.33,3984.051357638889,SL,-7.538642361111118,21,0.45812527171725015,ml_v6,2026-06
317073,long,2026-06-25 04:45:00,2026-06-25 04:50:00,2026-06-25 05:37:00,3992.217,3984.937076388889,SL,-7.53992361111112,47,0.4668301665562376,ml_v6,2026-06
317084,long,2026-06-25 05:40:00,2026-06-25 05:45:00,2026-06-25 06:16:00,3983.25,3975.8941041666667,SL,-7.615895833333341,31,0.4552616520045639,ml_v6,2026-06
317092,long,2026-06-25 06:20:00,2026-06-25 06:25:00,2026-06-25 07:45:00,3979.129,3971.7340868055553,SL,-7.654913194444454,80,0.42784756177334116,ml_v6,2026-06
317110,long,2026-06-25 07:50:00,2026-06-25 07:55:00,2026-06-25 08:00:00,3977.19,3988.9808444444443,TP,11.530844444444453,5,0.4659174923978271,ml_v6,2026-06
317113,long,2026-06-25 08:05:00,2026-06-25 08:10:00,2026-06-25 08:22:00,3988.177,4000.0289444444447,TP,11.591944444444456,12,0.47538627771132985,ml_v6,2026-06
317117,long,2026-06-25 08:25:00,2026-06-25 08:30:00,2026-06-25 09:37:00,3993.768,3986.313184027778,SL,-7.714815972222227,67,0.489356826139316,ml_v6,2026-06
317132,long,2026-06-25 09:40:00,2026-06-25 09:45:00,2026-06-25 11:16:00,3988.382,3980.934277777778,SL,-7.7077222222222295,91,0.46834571313170703,ml_v6,2026-06
317152,long,2026-06-25 11:20:00,2026-06-25 11:25:00,2026-06-25 12:30:00,3980.436,3992.2459000000003,TP,11.549900000000006,65,0.41577354441768244,ml_v6,2026-06
317168,short,2026-06-25 12:40:00,2026-06-25 12:45:00,2026-06-25 12:47:00,4005.404,4012.8700208333335,SL,-7.706020833333338,2,0.396007927619061,ml_v6,2026-06
317172,long,2026-06-25 13:00:00,2026-06-25 13:05:00,2026-06-25 13:19:00,4029.031,4021.4998472222223,SL,-7.771152777777783,14,0.4059286024498321,ml_v6,2026-06
317176,short,2026-06-25 13:20:00,2026-06-25 13:25:00,2026-06-25 13:45:00,4022.207,4010.1305444444442,TP,11.836455555555562,20,0.38641653977864443,ml_v6,2026-06
317183,long,2026-06-25 13:55:00,2026-06-25 14:00:00,2026-06-25 14:03:00,4002.257,4014.218211111111,TP,11.721211111111119,3,0.40758886443271297,ml_v6,2026-06
317192,short,2026-06-25 14:40:00,2026-06-25 14:45:00,2026-06-25 15:11:00,4019.967,4008.2989666666667,TP,11.428033333333337,26,0.3883644605529337,ml_v6,2026-06
317199,short,2026-06-25 15:15:00,2026-06-25 15:20:00,2026-06-25 15:21:00,4015.056,4022.2112152777777,SL,-7.395215277777779,1,0.3871176489465732,ml_v6,2026-06
317201,long,2026-06-25 15:25:00,2026-06-25 15:30:00,2026-06-25 15:51:00,4027.108,4038.679627777778,TP,11.331627777777774,21,0.4295070910788542,ml_v6,2026-06
317207,long,2026-06-25 15:55:00,2026-06-25 16:00:00,2026-06-25 16:10:00,4041.062,4033.8571840277777,SL,-7.444815972222217,10,0.4308334932751726,ml_v6,2026-06
317212,long,2026-06-25 16:20:00,2026-06-25 16:25:00,2026-06-25 16:32:00,4041.395,4034.2201284722223,SL,-7.414871527777772,7,0.4101009944871713,ml_v6,2026-06
317217,short,2026-06-25 16:45:00,2026-06-25 16:50:00,2026-06-25 18:18:00,4031.412,4038.536253472222,SL,-7.364253472222212,88,0.38761230426445603,ml_v6,2026-06
317247,long,2026-06-25 19:15:00,2026-06-25 19:20:00,2026-06-25 19:45:00,4037.179,4030.3582847222224,SL,-7.060715277777753,25,0.4081893707363731,ml_v6,2026-06
317254,long,2026-06-25 19:50:00,2026-06-25 19:55:00,2026-06-25 23:48:00,4026.427,4019.6364722222224,SL,-7.030527777777748,171,0.41571701047519805,ml_v6,2026-06
317290,short,2026-06-25 23:50:00,2026-06-25 23:55:00,2026-06-26 00:58:00,4017.368,4024.060472222222,SL,-6.932472222222198,63,0.3945740724253086,ml_v6,2026-06
317304,short,2026-06-26 01:00:00,2026-06-26 01:05:00,2026-06-26 01:16:00,4017.526,4024.2537569444444,SL,-6.9677569444444245,11,0.39989161718412514,ml_v6,2026-06
317308,short,2026-06-26 01:20:00,2026-06-26 01:25:00,2026-06-26 02:19:00,4022.924,4012.191983333333,TP,10.492016666666634,54,0.40171019275804964,ml_v6,2026-06
317324,short,2026-06-26 02:40:00,2026-06-26 02:45:00,2026-06-26 03:13:00,3992.313,3998.7858680555555,SL,-6.712868055555531,28,0.38734138574908683,ml_v6,2026-06
317332,short,2026-06-26 03:20:00,2026-06-26 03:25:00,2026-06-26 03:40:00,3993.354,3999.7297638888886,SL,-6.615763888888865,15,0.3845205931616825,ml_v6,2026-06
317337,short,2026-06-26 03:45:00,2026-06-26 03:50:00,2026-06-26 03:55:00,3997.843,4004.1641458333334,SL,-6.561145833333309,5,0.3878201822495694,ml_v6,2026-06
317340,short,2026-06-26 04:00:00,2026-06-26 04:05:00,2026-06-26 04:12:00,4001.131,4007.421829861111,SL,-6.530829861111088,7,0.38573561679412605,ml_v6,2026-06
317343,short,2026-06-26 04:15:00,2026-06-26 04:20:00,2026-06-26 05:15:00,4009.213,4015.458701388889,SL,-6.4857013888888675,55,0.38671270190590823,ml_v6,2026-06
317356,short,2026-06-26 05:20:00,2026-06-26 05:25:00,2026-06-26 05:30:00,4013.41,4019.5249756944445,SL,-6.354975694444423,5,0.39893872885893333,ml_v6,2026-06
317359,short,2026-06-26 05:35:00,2026-06-26 05:40:00,2026-06-26 06:22:00,4013.822,4019.953246527778,SL,-6.371246527777758,42,0.3915882965316041,ml_v6,2026-06
317369,long,2026-06-26 06:25:00,2026-06-26 06:30:00,2026-06-26 07:01:00,4024.039,4033.877805555556,TP,9.598805555555524,31,0.4208083791059417,ml_v6,2026-06
317377,long,2026-06-26 07:05:00,2026-06-26 07:10:00,2026-06-26 07:28:00,4029.237,4039.011911111111,TP,9.534911111111084,18,0.404999481068513,ml_v6,2026-06
317384,short,2026-06-26 07:40:00,2026-06-26 07:45:00,2026-06-26 08:46:00,4031.584,4037.6441215277778,SL,-6.300121527777767,61,0.38865090488393017,ml_v6,2026-06
317398,short,2026-06-26 08:50:00,2026-06-26 08:55:00,2026-06-26 09:08:00,4032.876,4038.8182986111115,SL,-6.182298611111101,13,0.39744299982848896,ml_v6,2026-06
317402,short,2026-06-26 09:10:00,2026-06-26 09:15:00,2026-06-26 09:19:00,4039.62,4045.519159722222,SL,-6.139159722222212,4,0.3970503228688842,ml_v6,2026-06
317404,short,2026-06-26 09:20:00,2026-06-26 09:25:00,2026-06-26 09:37:00,4048.036,4053.943048611111,SL,-6.147048611111102,12,0.3980232626771475,ml_v6,2026-06
317408,short,2026-06-26 09:40:00,2026-06-26 09:45:00,2026-06-26 09:53:00,4047.794,4053.69834375,SL,-6.144343749999989,8,0.40267424703533905,ml_v6,2026-06
317411,short,2026-06-26 09:55:00,2026-06-26 10:00:00,2026-06-26 10:33:00,4047.275,4053.180045138889,SL,-6.145045138888874,33,0.40206669812156737,ml_v6,2026-06
317419,short,2026-06-26 10:35:00,2026-06-26 10:40:00,2026-06-26 11:00:00,4049.337,4055.2414270833333,SL,-6.144427083333319,20,0.39748401956202184,ml_v6,2026-06
317425,short,2026-06-26 11:05:00,2026-06-26 11:10:00,2026-06-26 11:51:00,4052.821,4043.3658055555557,TP,9.215194444444421,41,0.40868958478977385,ml_v6,2026-06
317435,short,2026-06-26 11:55:00,2026-06-26 12:00:00,2026-06-26 12:43:00,4045.816,4036.3215888888885,TP,9.25441111111109,43,0.39018896842713174,ml_v6,2026-06
317445,short,2026-06-26 12:45:00,2026-06-26 12:50:00,2026-06-26 12:57:00,4044.281,4050.222114583333,SL,-6.18111458333332,7,0.39686184291961324,ml_v6,2026-06
317448,long,2026-06-26 13:00:00,2026-06-26 13:05:00,2026-06-26 13:09:00,4052.079,4046.0521180555556,SL,-6.266881944444433,4,0.4163252519626271,ml_v6,2026-06
317450,short,2026-06-26 13:10:00,2026-06-26 13:15:00,2026-06-26 13:21:00,4050.415,4056.4754340277777,SL,-6.300434027777764,6,0.3984034990127448,ml_v6,2026-06
317453,long,2026-06-26 13:25:00,2026-06-26 13:30:00,2026-06-26 13:31:00,4056.855,4050.7719756944443,SL,-6.32302430555554,1,0.41602578278703306,ml_v6,2026-06
317455,short,2026-06-26 13:35:00,2026-06-26 13:40:00,2026-06-26 13:42:00,4047.873,4053.8503055555557,SL,-6.21730555555554,2,0.3889904718891341,ml_v6,2026-06
317457,long,2026-06-26 13:45:00,2026-06-26 13:50:00,2026-06-26 13:57:00,4062.102,4071.6186666666663,TP,9.276666666666642,7,0.4257952967594403,ml_v6,2026-06
317460,long,2026-06-26 14:00:00,2026-06-26 14:05:00,2026-06-26 14:15:00,4077.265,4086.7609388888886,TP,9.25593888888886,10,0.4215248375763858,ml_v6,2026-06
317464,long,2026-06-26 14:20:00,2026-06-26 14:25:00,2026-06-26 14:30:00,4088.53,4082.614010416667,SL,-6.155989583333316,5,0.42963172349363293,ml_v6,2026-06
317468,long,2026-06-26 14:40:00,2026-06-26 14:45:00,2026-06-26 15:06:00,4082.518,4076.683326388889,SL,-6.074673611111094,21,0.407418712207153,ml_v6,2026-06
317475,long,2026-06-26 15:15:00,2026-06-26 15:20:00,2026-06-26 15:39:00,4082.145,4091.3261166666666,TP,8.941116666666638,19,0.41266366006641175,ml_v6,2026-06
317480,long,2026-06-26 15:40:00,2026-06-26 15:45:00,2026-06-26 15:51:00,4094.924,4089.237704861111,SL,-5.926295138888871,6,0.4294906483984955,ml_v6,2026-06
317483,long,2026-06-26 15:55:00,2026-06-26 16:00:00,2026-06-26 16:21:00,4090.452,4084.753756944445,SL,-5.938243055555539,21,0.407772874572973,ml_v6,2026-06
317500,short,2026-06-26 17:20:00,2026-06-26 17:25:00,2026-06-26 17:36:00,4084.478,4075.8415222222225,TP,8.396477777777768,11,0.3902827870325021,ml_v6,2026-06
317504,short,2026-06-26 17:40:00,2026-06-26 17:45:00,2026-06-26 18:48:00,4076.655,4068.013711111111,TP,8.401288888888883,63,0.3868361028601578,ml_v6,2026-06
317519,short,2026-06-26 18:55:00,2026-06-26 19:00:00,2026-06-26 19:52:00,4067.536,4072.8680034722224,SL,-5.57200347222222,52,0.3919469886153911,ml_v6,2026-06
317546,short,2026-06-28 22:10:00,2026-06-28 22:15:00,2026-06-28 22:17:00,4070.297,4061.8483277777777,TP,8.18867222222223,2,0.3986377521339579,ml_v6,2026-06
317548,short,2026-06-28 22:20:00,2026-06-28 22:25:00,2026-06-28 22:43:00,4059.725,4065.068295138889,SL,-5.603295138888891,18,0.4060909874399324,ml_v6,2026-06
317555,short,2026-06-28 22:55:00,2026-06-28 23:00:00,2026-06-28 23:22:00,4066.39,4057.7183277777776,TP,8.411672222222226,22,0.38536437971751747,ml_v6,2026-06
317561,short,2026-06-28 23:25:00,2026-06-28 23:30:00,2026-06-28 23:44:00,4057.096,4062.5253333333335,SL,-5.669333333333339,14,0.395484025920192,ml_v6,2026-06
317565,short,2026-06-28 23:45:00,2026-06-28 23:50:00,2026-06-29 00:23:00,4061.941,4053.3010999999997,TP,8.399900000000006,33,0.3897065270878782,ml_v6,2026-06
317575,long,2026-06-29 00:35:00,2026-06-29 00:40:00,2026-06-29 00:44:00,4060.515,4069.2707166666664,TP,8.515716666666675,4,0.4048157472289309,ml_v6,2026-06
317587,long,2026-06-29 01:35:00,2026-06-29 01:40:00,2026-06-29 01:46:00,4061.886,4056.2970868055554,SL,-5.828913194444451,6,0.4024862247488499,ml_v6,2026-06
317602,short,2026-06-29 02:50:00,2026-06-29 02:55:00,2026-06-29 03:21:00,4067.5,4073.113423611111,SL,-5.853423611111112,26,0.3914627795456599,ml_v6,2026-06
317611,short,2026-06-29 03:35:00,2026-06-29 03:40:00,2026-06-29 04:36:00,4067.111,4058.225222222222,TP,8.645777777777782,56,0.3965629575928113,ml_v6,2026-06
317624,short,2026-06-29 04:40:00,2026-06-29 04:45:00,2026-06-29 05:01:00,4056.99,4048.256088888889,TP,8.49391111111111,16,0.3964547547652598,ml_v6,2026-06
317629,long,2026-06-29 05:05:00,2026-06-29 05:10:00,2026-06-29 05:30:00,4052.672,4047.204597222222,SL,-5.707402777777775,20,0.4107827291570279,ml_v6,2026-06
317635,short,2026-06-29 05:35:00,2026-06-29 05:40:00,2026-06-29 05:42:00,4044.176,4049.6806666666666,SL,-5.744666666666662,2,0.38570836142846493,ml_v6,2026-06
317637,long,2026-06-29 05:45:00,2026-06-29 05:50:00,2026-06-29 06:02:00,4049.609,4058.4364555555553,TP,8.587455555555549,12,0.41562245626610345,ml_v6,2026-06
317641,long,2026-06-29 06:05:00,2026-06-29 06:10:00,2026-06-29 06:25:00,4061.702,4056.165107638889,SL,-5.776892361111105,15,0.4265574694574935,ml_v6,2026-06
317646,short,2026-06-29 06:30:00,2026-06-29 06:35:00,2026-06-29 06:48:00,4057.088,4062.6246319444444,SL,-5.776631944444439,13,0.39784965668919237,ml_v6,2026-06
317650,long,2026-06-29 06:50:00,2026-06-29 06:55:00,2026-06-29 07:13:00,4063.076,4057.568482638889,SL,-5.747517361111108,18,0.4128595256615807,ml_v6,2026-06
317655,short,2026-06-29 07:15:00,2026-06-29 07:20:00,2026-06-29 07:29:00,4060.248,4065.7444270833334,SL,-5.736427083333329,9,0.3903029777432508,ml_v6,2026-06
317658,short,2026-06-29 07:30:00,2026-06-29 07:35:00,2026-06-29 07:52:00,4063.189,4068.642159722222,SL,-5.693159722222217,17,0.395319686377741,ml_v6,2026-06
317663,short,2026-06-29 07:55:00,2026-06-29 08:00:00,2026-06-29 08:52:00,4061.677,4053.0005277777777,TP,8.436472222222216,52,0.3979653835739823,ml_v6,2026-06
317675,short,2026-06-29 08:55:00,2026-06-29 09:00:00,2026-06-29 09:07:00,4046.83,4052.2551631944443,SL,-5.665163194444429,7,0.4150023834381583,ml_v6,2026-06
317678,short,2026-06-29 09:10:00,2026-06-29 09:15:00,2026-06-29 09:38:00,4050.219,4041.536827777778,TP,8.442172222222196,23,0.40731213008635403,ml_v6,2026-06
317684,short,2026-06-29 09:40:00,2026-06-29 09:45:00,2026-06-29 09:50:00,4043.708,4034.9879666666666,TP,8.480033333333312,5,0.41672010408147164,ml_v6,2026-06
317687,short,2026-06-29 09:55:00,2026-06-29 10:00:00,2026-06-29 10:12:00,4031.411,4036.916579861111,SL,-5.745579861111098,12,0.41509794556175245,ml_v6,2026-06
317691,short,2026-06-29 10:15:00,2026-06-29 10:20:00,2026-06-29 11:56:00,4035.287,4040.7749131944443,SL,-5.727913194444433,96,0.40910174443030844,ml_v6,2026-06
317712,short,2026-06-29 12:00:00,2026-06-29 12:05:00,2026-06-29 12:10:00,4045.472,4050.9450520833334,SL,-5.713052083333323,5,0.41398795543210454,ml_v6,2026-06
317715,short,2026-06-29 12:15:00,2026-06-29 12:20:00,2026-06-29 13:00:00,4043.802,4049.2690173611113,SL,-5.707017361111101,40,0.41378075745836307,ml_v6,2026-06
317725,short,2026-06-29 13:05:00,2026-06-29 13:10:00,2026-06-29 13:30:00,4046.203,4037.3536444444444,TP,8.609355555555533,20,0.4032542306565372,ml_v6,2026-06
317731,short,2026-06-29 13:35:00,2026-06-29 13:40:00,2026-06-29 13:42:00,4035.989,4041.5560069444446,SL,-5.80700694444443,2,0.413280037282436,ml_v6,2026-06
317733,short,2026-06-29 13:45:00,2026-06-29 13:50:00,2026-06-29 14:03:00,4035.243,4026.3365833333332,TP,8.666416666666638,13,0.3926238387668001,ml_v6,2026-06
317737,long,2026-06-29 14:05:00,2026-06-29 14:10:00,2026-06-29 14:12:00,4015.63,4010.0941145833335,SL,-5.775885416666647,2,0.41179625322290414,ml_v6,2026-06
317739,long,2026-06-29 14:15:00,2026-06-29 14:20:00,2026-06-29 14:26:00,4017.37,4026.2873,TP,8.67729999999997,6,0.4189914818348819,ml_v6,2026-06
317742,long,2026-06-29 14:30:00,2026-06-29 14:35:00,2026-06-29 14:44:00,4026.372,4020.816611111111,SL,-5.7953888888888745,9,0.42225023449514903,ml_v6,2026-06
317745,long,2026-06-29 14:45:00,2026-06-29 14:50:00,2026-06-29 14:55:00,4019.709,4028.5312277777775,TP,8.582227777777751,5,0.40504710440487923,ml_v6,2026-06
317749,long,2026-06-29 15:05:00,2026-06-29 15:10:00,2026-06-29 15:23:00,4023.14,4017.6908958333333,SL,-5.6891041666666515,13,0.4056292816488968,ml_v6,2026-06
317753,long,2026-06-29 15:25:00,2026-06-29 15:30:00,2026-06-29 15:37:00,4024.149,4018.727520833333,SL,-5.661479166666649,7,0.4061878783911222,ml_v6,2026-06
317756,long,2026-06-29 15:40:00,2026-06-29 15:45:00,2026-06-29 17:08:00,4022.604,4031.2459388888888,TP,8.40193888888886,83,0.4274458319026485,ml_v6,2026-06
317774,long,2026-06-29 17:10:00,2026-06-29 17:15:00,2026-06-29 17:26:00,4029.107,4023.8550590277778,SL,-5.491940972222205,11,0.42910729734759046,ml_v6,2026-06
317778,long,2026-06-29 17:30:00,2026-06-29 17:35:00,2026-06-29 18:47:00,4023.519,4018.290256944444,SL,-5.468743055555536,72,0.4226015622171767,ml_v6,2026-06
317794,long,2026-06-29 18:50:00,2026-06-29 18:55:00,2026-06-29 18:56:00,4017.684,4012.5220937500003,SL,-5.401906249999977,1,0.45705033218859387,ml_v6,2026-06
317796,long,2026-06-29 19:00:00,2026-06-29 19:05:00,2026-06-29 19:30:00,4009.96,4018.242438888889,TP,8.042438888888856,25,0.4298243072646385,ml_v6,2026-06
317803,long,2026-06-29 19:35:00,2026-06-29 19:40:00,2026-06-29 22:40:00,4017.516,4012.3152118055555,SL,-5.4407881944444245,118,0.46591096395380205,ml_v6,2026-06
317829,long,2026-06-29 22:45:00,2026-06-29 22:50:00,2026-06-29 23:19:00,4014.211,4022.432794444444,TP,7.981794444444407,29,0.4766088507909669,ml_v6,2026-06
317836,long,2026-06-29 23:20:00,2026-06-29 23:25:00,2026-06-29 23:42:00,4018.473,4013.5205416666668,SL,-5.192458333333313,17,0.48803245799885253,ml_v6,2026-06
317841,long,2026-06-29 23:45:00,2026-06-29 23:50:00,2026-06-30 00:01:00,4016.65,4011.7236631944447,SL,-5.166336805555532,11,0.46467778691414896,ml_v6,2026-06
317845,long,2026-06-30 00:05:00,2026-06-30 00:10:00,2026-06-30 00:12:00,4004.596,4012.4610722222224,TP,7.625072222222178,2,0.42485743922615976,ml_v6,2026-06
317848,long,2026-06-30 00:20:00,2026-06-30 00:25:00,2026-06-30 00:31:00,4008.215,4003.286684027778,SL,-5.168315972222196,6,0.4212157935551032,ml_v6,2026-06
317851,long,2026-06-30 00:35:00,2026-06-30 00:40:00,2026-06-30 00:42:00,3995.869,3990.93396875,SL,-5.175031249999976,2,0.4114937456903851,ml_v6,2026-06
317853,long,2026-06-30 00:45:00,2026-06-30 00:50:00,2026-06-30 00:55:00,3992.744,3987.795684027778,SL,-5.1883159722222,5,0.40602275286087713,ml_v6,2026-06
317856,long,2026-06-30 01:00:00,2026-06-30 01:05:00,2026-06-30 01:06:00,3980.156,3975.168375,SL,-5.227624999999977,1,0.4197473412734013,ml_v6,2026-06
317858,long,2026-06-30 01:10:00,2026-06-30 01:15:00,2026-06-30 01:16:00,3958.122,3952.995611111111,SL,-5.366388888888865,1,0.4315854399732083,ml_v6,2026-06
317860,long,2026-06-30 01:20:00,2026-06-30 01:25:00,2026-06-30 01:28:00,3970.337,3978.6366444444443,TP,8.059644444444405,3,0.43756376047638734,ml_v6,2026-06
317862,long,2026-06-30 01:30:00,2026-06-30 01:35:00,2026-06-30 01:39:00,3976.113,3970.907444444444,SL,-5.445555555555531,4,0.43049642328114784,ml_v6,2026-06
317864,long,2026-06-30 01:40:00,2026-06-30 01:45:00,2026-06-30 01:48:00,3969.173,3963.9820416666666,SL,-5.43095833333331,3,0.4494749569767027,ml_v6,2026-06
317866,long,2026-06-30 01:50:00,2026-06-30 01:55:00,2026-06-30 02:02:00,3964.357,3972.6956999999998,TP,8.098699999999962,7,0.4470458388460846,ml_v6,2026-06
317869,long,2026-06-30 02:05:00,2026-06-30 02:10:00,2026-06-30 02:11:00,3959.319,3954.129138888889,SL,-5.429861111111089,1,0.4296514150164841,ml_v6,2026-06
317871,long,2026-06-30 02:15:00,2026-06-30 02:20:00,2026-06-30 02:36:00,3960.692,3955.511159722222,SL,-5.420840277777754,16,0.43306919108147923,ml_v6,2026-06
317876,long,2026-06-30 02:40:00,2026-06-30 02:45:00,2026-06-30 02:51:00,3959.432,3967.7605111111106,TP,8.088511111111067,6,0.4174360605216667,ml_v6,2026-06
317879,long,2026-06-30 02:55:00,2026-06-30 03:00:00,2026-06-30 03:17:00,3962.69,3971.031188888889,TP,8.101188888888844,17,0.4263944631127222,ml_v6,2026-06
317884,long,2026-06-30 03:20:00,2026-06-30 03:25:00,2026-06-30 03:31:00,3966.139,3960.971121527778,SL,-5.4078784722221975,6,0.4110705828235145,ml_v6,2026-06
317887,long,2026-06-30 03:35:00,2026-06-30 03:40:00,2026-06-30 04:01:00,3964.442,3972.7022555555554,TP,8.020255555555515,21,0.40617421954204036,ml_v6,2026-06
317893,long,2026-06-30 04:05:00,2026-06-30 04:10:00,2026-06-30 04:21:00,3969.226,3977.456111111111,TP,7.990111111111075,11,0.40367835742897484,ml_v6,2026-06
317897,long,2026-06-30 04:25:00,2026-06-30 04:30:00,2026-06-30 04:32:00,3982.389,3990.609938888889,TP,7.980938888888852,2,0.41462596560089215,ml_v6,2026-06
317900,short,2026-06-30 04:40:00,2026-06-30 04:45:00,2026-06-30 05:20:00,3988.344,3980.0694055555555,TP,8.034594444444412,35,0.3847278529336984,ml_v6,2026-06
317909,short,2026-06-30 05:25:00,2026-06-30 05:30:00,2026-06-30 06:06:00,3982.773,3988.0045833333334,SL,-5.471583333333311,36,0.4028924234577601,ml_v6,2026-06
317921,long,2026-06-30 06:25:00,2026-06-30 06:30:00,2026-06-30 06:32:00,4011.862,4020.381477777778,TP,8.27947777777775,2,0.4044486448007216,ml_v6,2026-06
317925,short,2026-06-30 06:45:00,2026-06-30 06:50:00,2026-06-30 08:05:00,4031.943,4037.335045138889,SL,-5.632045138888869,75,0.38497736708870556,ml_v6,2026-06
317942,short,2026-06-30 08:10:00,2026-06-30 08:15:00,2026-06-30 08:41:00,4024.107,4015.4218277777777,TP,8.445172222222192,26,0.3900505872306962,ml_v6,2026-06
317949,short,2026-06-30 08:45:00,2026-06-30 08:50:00,2026-06-30 09:59:00,4018.297,4023.735920138889,SL,-5.678920138888871,69,0.38541816587577277,ml_v6,2026-06
317964,short,2026-06-30 10:00:00,2026-06-30 10:05:00,2026-06-30 10:57:00,4024.612,4030.0169444444446,SL,-5.644944444444431,52,0.4041066748893175,ml_v6,2026-06
317976,short,2026-06-30 11:00:00,2026-06-30 11:05:00,2026-06-30 11:15:00,4028.483,4033.770170138889,SL,-5.527170138888873,10,0.41765734849152214,ml_v6,2026-06
317980,short,2026-06-30 11:20:00,2026-06-30 11:25:00,2026-06-30 11:45:00,4030.886,4036.153333333333,SL,-5.507333333333318,20,0.4094574779051269,ml_v6,2026-06
317986,short,2026-06-30 11:50:00,2026-06-30 11:55:00,2026-06-30 12:21:00,4031.67,4023.2532111111113,TP,8.176788888888861,26,0.42291067647825054,ml_v6,2026-06
317993,short,2026-06-30 12:25:00,2026-06-30 12:30:00,2026-06-30 13:09:00,4016.907,4022.182263888889,SL,-5.515263888888868,39,0.40784046838784804,ml_v6,2026-06
318002,short,2026-06-30 13:10:00,2026-06-30 13:15:00,2026-06-30 13:18:00,4023.334,4028.6245416666666,SL,-5.530541666666649,3,0.39886322468254665,ml_v6,2026-06
318004,short,2026-06-30 13:20:00,2026-06-30 13:25:00,2026-06-30 13:30:00,4019.756,4025.0774930555554,SL,-5.5614930555555375,5,0.39779179744530113,ml_v6,2026-06
318008,short,2026-06-30 13:40:00,2026-06-30 13:45:00,2026-06-30 13:53:00,4024.952,4030.329670138889,SL,-5.617670138888871,8,0.39609926914982874,ml_v6,2026-06
318011,short,2026-06-30 13:55:00,2026-06-30 14:00:00,2026-06-30 14:09:00,4029.729,4035.1365312499997,SL,-5.647531249999983,9,0.38821891084172133,ml_v6,2026-06
318014,long,2026-06-30 14:10:00,2026-06-30 14:15:00,2026-06-30 14:21:00,4043.515,4052.2690055555554,TP,8.51400555555553,6,0.44574285927967155,ml_v6,2026-06
318017,long,2026-06-30 14:25:00,2026-06-30 14:30:00,2026-06-30 14:37:00,4054.19,4048.6647222222223,SL,-5.7652777777777615,7,0.4618982434102462,ml_v6,2026-06
318020,long,2026-06-30 14:40:00,2026-06-30 14:45:00,2026-06-30 14:46:00,4050.99,4045.4759444444444,SL,-5.75405555555554,1,0.44393903538027124,ml_v6,2026-06
318022,long,2026-06-30 14:50:00,2026-06-30 14:55:00,2026-06-30 14:59:00,4043.822,4038.309277777778,SL,-5.752722222222211,4,0.4379113835421764,ml_v6,2026-06
318024,short,2026-06-30 15:00:00,2026-06-30 15:05:00,2026-06-30 15:20:00,4034.867,4026.074327777778,TP,8.552672222222206,15,0.39555180946926516,ml_v6,2026-06
318030,short,2026-06-30 15:30:00,2026-06-30 15:35:00,2026-06-30 17:08:00,4029.967,4021.3160722222224,TP,8.410927777777754,93,0.38365455229926265,ml_v6,2026-06
318050,short,2026-06-30 17:10:00,2026-06-30 17:15:00,2026-06-30 17:33:00,4023.019,4028.3349201388887,SL,-5.555920138888881,18,0.3855059774920372,ml_v6,2026-06
318057,short,2026-06-30 17:45:00,2026-06-30 17:50:00,2026-06-30 19:30:00,4029.508,4021.0014166666665,TP,8.266583333333323,100,0.38515805414836857,ml_v6,2026-06
318089,long,2026-06-30 20:25:00,2026-06-30 20:30:00,2026-06-30 20:56:00,4013.077,4007.8454826388893,SL,-5.471517361111098,26,0.4063268737285701,ml_v6,2026-06
318096,long,2026-06-30 22:00:00,2026-06-30 22:05:00,2026-06-30 23:22:00,4013.854,4008.618684027778,SL,-5.49531597222221,77,0.4146766198020363,ml_v6,2026-06
318113,long,2026-06-30 23:25:00,2026-06-30 23:30:00,2026-06-30 23:57:00,4010.974,4005.694326388889,SL,-5.519673611111103,27,0.40638870082109624,ml_v6,2026-06
318120,long,2026-07-01 00:00:00,2026-07-01 00:05:00,2026-07-01 00:19:00,4006.994,4001.739246527778,SL,-5.4947534722222136,14,0.40647918582732523,ml_v6,2026-07
318124,long,2026-07-01 00:20:00,2026-07-01 00:25:00,2026-07-01 00:41:00,4005.102,3999.8234027777776,SL,-5.518597222222213,16,0.4092133259149523,ml_v6,2026-07
318146,long,2026-07-01 02:10:00,2026-07-01 02:15:00,2026-07-01 02:32:00,3976.232,3984.4793055555556,TP,8.007305555555545,17,0.41186736357103293,ml_v6,2026-07
318151,long,2026-07-01 02:35:00,2026-07-01 02:40:00,2026-07-01 02:58:00,3983.731,3978.696121527778,SL,-5.274878472222218,18,0.42169391396595957,ml_v6,2026-07
318156,long,2026-07-01 03:00:00,2026-07-01 03:05:00,2026-07-01 03:34:00,3981.971,3977.0022743055556,SL,-5.20872569444444,29,0.415893231527787,ml_v6,2026-07
318163,long,2026-07-01 03:35:00,2026-07-01 03:40:00,2026-07-01 04:02:00,3981.101,3976.2360208333334,SL,-5.104979166666662,22,0.42332006484749507,ml_v6,2026-07
318169,short,2026-07-01 04:05:00,2026-07-01 04:10:00,2026-07-01 04:31:00,3975.457,3980.2598819444443,SL,-5.042881944444443,21,0.39109085037020686,ml_v6,2026-07
318175,short,2026-07-01 04:35:00,2026-07-01 04:40:00,2026-07-01 04:49:00,3974.504,3979.259545138889,SL,-4.995545138888888,9,0.3933165148822324,ml_v6,2026-07
318178,short,2026-07-01 04:50:00,2026-07-01 04:55:00,2026-07-01 05:02:00,3980.552,3972.9412111111114,TP,7.370788888888887,7,0.4015787329205021,ml_v6,2026-07
318181,short,2026-07-01 05:05:00,2026-07-01 05:10:00,2026-07-01 05:32:00,3973.373,3978.1280381944443,SL,-4.995038194444443,22,0.41084361795278856,ml_v6,2026-07
318187,short,2026-07-01 05:35:00,2026-07-01 05:40:00,2026-07-01 06:07:00,3975.595,3968.056122222222,TP,7.298877777777774,27,0.4118575035348254,ml_v6,2026-07
318194,short,2026-07-01 06:10:00,2026-07-01 06:15:00,2026-07-01 06:21:00,3965.016,3969.7455208333336,SL,-4.969520833333331,6,0.3966777611781877,ml_v6,2026-07
318197,short,2026-07-01 06:25:00,2026-07-01 06:30:00,2026-07-01 06:43:00,3967.545,3972.243965277778,SL,-4.938965277777777,13,0.39850720331505546,ml_v6,2026-07
318201,short,2026-07-01 06:45:00,2026-07-01 06:50:00,2026-07-01 07:07:00,3969.706,3962.2147777777777,TP,7.251222222222217,17,0.39938240530366953,ml_v6,2026-07
318206,short,2026-07-01 07:10:00,2026-07-01 07:15:00,2026-07-01 07:18:00,3961.361,3966.04140625,SL,-4.920406249999998,3,0.394457957016759,ml_v6,2026-07
318208,short,2026-07-01 07:20:00,2026-07-01 07:25:00,2026-07-01 07:45:00,3967.757,3972.4143541666667,SL,-4.8973541666666645,20,0.39303037007815433,ml_v6,2026-07
318214,short,2026-07-01 07:50:00,2026-07-01 07:55:00,2026-07-01 07:57:00,3971.488,3976.000159722222,SL,-4.752159722222219,2,0.3947940384357509,ml_v6,2026-07
318216,short,2026-07-01 08:00:00,2026-07-01 08:05:00,2026-07-01 08:16:00,3971.653,3976.1746041666665,SL,-4.761604166666665,11,0.3854875684729425,ml_v6,2026-07
318221,long,2026-07-01 08:25:00,2026-07-01 08:30:00,2026-07-01 08:36:00,3978.934,3974.416777777778,SL,-4.75722222222222,6,0.41584422747257255,ml_v6,2026-07
318224,long,2026-07-01 08:40:00,2026-07-01 08:45:00,2026-07-01 08:58:00,3977.137,3972.610611111111,SL,-4.766388888888887,13,0.43224195292851664,ml_v6,2026-07
318228,long,2026-07-01 09:00:00,2026-07-01 09:05:00,2026-07-01 09:39:00,3975.158,3982.3853944444445,TP,6.98739444444444,34,0.43276301043548915,ml_v6,2026-07
318236,long,2026-07-01 09:40:00,2026-07-01 09:45:00,2026-07-01 10:04:00,3981.851,3988.9731722222223,TP,6.882172222222217,19,0.4495758071470034,ml_v6,2026-07
318241,long,2026-07-01 10:05:00,2026-07-01 10:10:00,2026-07-01 10:14:00,3987.475,3983.03346875,SL,-4.681531249999997,4,0.4104801388965757,ml_v6,2026-07
318243,long,2026-07-01 10:15:00,2026-07-01 10:20:00,2026-07-01 10:31:00,3982.127,3989.246011111111,TP,6.879011111111111,11,0.41159232706187565,ml_v6,2026-07
318247,long,2026-07-01 10:35:00,2026-07-01 10:40:00,2026-07-01 10:57:00,3989.522,3996.633422222222,TP,6.87142222222222,17,0.40536207743324926,ml_v6,2026-07
318255,short,2026-07-01 11:15:00,2026-07-01 11:20:00,2026-07-01 11:29:00,4022.719,4027.2350381944443,SL,-4.75603819444444,9,0.3847297723268076,ml_v6,2026-07
318258,short,2026-07-01 11:30:00,2026-07-01 11:35:00,2026-07-01 11:43:00,4024.22,4028.772038194444,SL,-4.79203819444444,8,0.39661790726446655,ml_v6,2026-07
318261,short,2026-07-01 11:45:00,2026-07-01 11:50:00,2026-07-01 12:03:00,4034.041,4026.7090944444444,TP,7.091905555555548,13,0.40185804027927796,ml_v6,2026-07
318265,short,2026-07-01 12:05:00,2026-07-01 12:10:00,2026-07-01 12:19:00,4023.244,4027.861184027778,SL,-4.857184027777772,9,0.3944891460150898,ml_v6,2026-07
318268,short,2026-07-01 12:20:00,2026-07-01 12:25:00,2026-07-01 13:00:00,4029.159,4021.7370111111113,TP,7.181988888888882,35,0.40309391255141025,ml_v6,2026-07
318278,short,2026-07-01 13:10:00,2026-07-01 13:15:00,2026-07-01 13:17:00,4021.301,4026.0249479166664,SL,-4.96394791666667,2,0.3863713836202177,ml_v6,2026-07
318280,short,2026-07-01 13:20:00,2026-07-01 13:25:00,2026-07-01 13:30:00,4043.383,4048.177204861111,SL,-5.034204861111114,5,0.3983699055245694,ml_v6,2026-07
318283,short,2026-07-01 13:35:00,2026-07-01 13:40:00,2026-07-01 13:41:00,4070.679,4075.5804166666667,SL,-5.141416666666667,1,0.39006479678300593,ml_v6,2026-07
318285,short,2026-07-01 13:45:00,2026-07-01 13:50:00,2026-07-01 13:51:00,4089.982,4095.0385625,SL,-5.2965625,1,0.398180311323617,ml_v6,2026-07
318287,short,2026-07-01 13:55:00,2026-07-01 14:00:00,2026-07-01 14:01:00,4089.489,4094.5808645833336,SL,-5.331864583333331,1,0.3971315818678155,ml_v6,2026-07
318289,short,2026-07-01 14:05:00,2026-07-01 14:10:00,2026-07-01 14:11:00,4094.22,4099.351572916667,SL,-5.371572916666667,1,0.3925412290454551,ml_v6,2026-07
318291,short,2026-07-01 14:15:00,2026-07-01 14:20:00,2026-07-01 14:22:00,4094.76,4099.90703125,SL,-5.387031250000002,2,0.3934700089624871,ml_v6,2026-07
318293,short,2026-07-01 14:25:00,2026-07-01 14:30:00,2026-07-01 14:34:00,4100.497,4105.660697916667,SL,-5.403697916666667,4,0.39489642261776814,ml_v6,2026-07
318295,short,2026-07-01 14:35:00,2026-07-01 14:40:00,2026-07-01 14:41:00,4106.1,4097.8109277777785,TP,8.049072222222224,1,0.39176832615647206,ml_v6,2026-07
318297,long,2026-07-01 14:45:00,2026-07-01 14:50:00,2026-07-01 15:09:00,4089.243,4084.047222222222,SL,-5.43577777777778,19,0.4146404105994267,ml_v6,2026-07
318302,long,2026-07-01 15:10:00,2026-07-01 15:15:00,2026-07-01 15:23:00,4085.055,4079.9280763888887,SL,-5.3669236111111145,8,0.41883398856338244,ml_v6,2026-07
318305,long,2026-07-01 15:25:00,2026-07-01 15:30:00,2026-07-01 15:33:00,4083.852,4078.7479305555553,SL,-5.3440694444444485,3,0.4241350862441786,ml_v6,2026-07
318307,long,2026-07-01 15:35:00,2026-07-01 15:40:00,2026-07-01 16:34:00,4080.617,4075.530829861111,SL,-5.326170138888894,54,0.44152301046031234,ml_v6,2026-07
318319,long,2026-07-01 16:35:00,2026-07-01 16:40:00,2026-07-01 16:51:00,4076.884,4071.856763888889,SL,-5.267236111111113,11,0.43230155253715064,ml_v6,2026-07
318323,long,2026-07-01 16:55:00,2026-07-01 17:00:00,2026-07-01 18:18:00,4071.274,4066.2587569444445,SL,-5.255243055555554,78,0.4322671168700932,ml_v6,2026-07
318347,long,2026-07-01 18:55:00,2026-07-01 19:00:00,2026-07-01 19:24:00,4062.052,4057.045513888889,SL,-5.246486111111111,24,0.4068830703899029,ml_v6,2026-07
318353,long,2026-07-01 19:25:00,2026-07-01 19:30:00,2026-07-01 19:42:00,4059.003,4053.9455208333334,SL,-5.297479166666669,12,0.41027713991583875,ml_v6,2026-07
318357,long,2026-07-01 19:45:00,2026-07-01 19:50:00,2026-07-01 19:51:00,4052.184,4047.119413194445,SL,-5.304586805555558,1,0.4036150542419478,ml_v6,2026-07
318362,long,2026-07-01 20:10:00,2026-07-01 20:15:00,2026-07-01 20:55:00,4035.678,4030.5175972222223,SL,-5.4004027777777805,40,0.4124051966228198,ml_v6,2026-07
318374,long,2026-07-01 22:10:00,2026-07-01 22:15:00,2026-07-01 22:59:00,4036.723,4045.023422222222,TP,8.060422222222225,44,0.4090186493887942,ml_v6,2026-07
318384,long,2026-07-01 23:00:00,2026-07-01 23:05:00,2026-07-01 23:14:00,4043.241,4038.065326388889,SL,-5.415673611111115,9,0.4249737218055739,ml_v6,2026-07
318387,long,2026-07-01 23:15:00,2026-07-01 23:20:00,2026-07-01 23:27:00,4038.957,4033.7801284722223,SL,-5.416871527777781,7,0.43802558961177607,ml_v6,2026-07
318390,long,2026-07-01 23:30:00,2026-07-01 23:35:00,2026-07-01 23:45:00,4038.783,4033.595388888889,SL,-5.427611111111115,10,0.4377939219205408,ml_v6,2026-07
318394,long,2026-07-01 23:50:00,2026-07-01 23:55:00,2026-07-02 00:03:00,4036.578,4031.387184027778,SL,-5.430815972222225,8,0.42964684624155314,ml_v6,2026-07
318397,long,2026-07-02 00:05:00,2026-07-02 00:10:00,2026-07-02 00:25:00,4039.224,4047.563305555556,TP,8.09930555555556,15,0.4162705244191618,ml_v6,2026-07
318442,long,2026-07-02 03:50:00,2026-07-02 03:55:00,2026-07-02 04:19:00,4071.836,4066.4687291666664,SL,-5.60727083333334,24,0.40743190331962464,ml_v6,2026-07
318448,long,2026-07-02 04:20:00,2026-07-02 04:25:00,2026-07-02 05:03:00,4064.643,4059.27521875,SL,-5.6077812500000075,38,0.4153488469462613,ml_v6,2026-07
318462,long,2026-07-02 05:30:00,2026-07-02 05:35:00,2026-07-02 05:38:00,4056.052,4064.682888888889,TP,8.390888888888902,3,0.40717923761419905,ml_v6,2026-07
318466,long,2026-07-02 05:50:00,2026-07-02 05:55:00,2026-07-02 06:02:00,4064.134,4072.807838888889,TP,8.433838888888898,7,0.40825852905006776,ml_v6,2026-07
318469,long,2026-07-02 06:05:00,2026-07-02 06:10:00,2026-07-02 06:22:00,4069.58,4078.2902611111112,TP,8.470261111111117,12,0.41385341963953665,ml_v6,2026-07
318488,long,2026-07-02 07:40:00,2026-07-02 07:45:00,2026-07-02 07:47:00,4074.667,4069.1710868055557,SL,-5.735913194444445,2,0.40713975954498927,ml_v6,2026-07
318501,long,2026-07-02 08:45:00,2026-07-02 08:50:00,2026-07-02 09:07:00,4076.702,4071.2299409722223,SL,-5.712059027777779,17,0.40508355290681125,ml_v6,2026-07
318515,short,2026-07-02 09:55:00,2026-07-02 10:00:00,2026-07-02 11:43:00,4065.459,4070.8783611111107,SL,-5.659361111111114,103,0.3855739052431842,ml_v6,2026-07
318540,long,2026-07-02 12:00:00,2026-07-02 12:05:00,2026-07-02 12:14:00,4066.776,4061.352267361111,SL,-5.663732638888893,9,0.4044603427472405,ml_v6,2026-07
318545,long,2026-07-02 12:25:00,2026-07-02 12:30:00,2026-07-02 12:31:00,4065.27,4073.925438888889,TP,8.415438888888898,1,0.4064841214227348,ml_v6,2026-07
318547,long,2026-07-02 12:35:00,2026-07-02 12:40:00,2026-07-02 12:41:00,4136.806,4131.154336805555,SL,-5.891663194444449,1,0.40670914465419244,ml_v6,2026-07
318549,long,2026-07-02 12:45:00,2026-07-02 12:50:00,2026-07-02 12:55:00,4124.636,4118.952451388889,SL,-5.923548611111117,5,0.407956900334983,ml_v6,2026-07
318552,long,2026-07-02 13:00:00,2026-07-02 13:05:00,2026-07-02 13:06:00,4126.74,4121.001284722222,SL,-5.978715277777789,1,0.41654304109376633,ml_v6,2026-07
318554,long,2026-07-02 13:10:00,2026-07-02 13:15:00,2026-07-02 13:18:00,4124.101,4118.317656249999,SL,-6.023343750000011,3,0.42698095034664596,ml_v6,2026-07
318558,long,2026-07-02 13:30:00,2026-07-02 13:35:00,2026-07-02 13:36:00,4127.546,4136.9116722222225,TP,9.125672222222235,1,0.4234228783651293,ml_v6,2026-07
318560,long,2026-07-02 13:40:00,2026-07-02 13:45:00,2026-07-02 13:50:00,4134.642,4144.057144444444,TP,9.175144444444461,5,0.41680019846118377,ml_v6,2026-07
318563,long,2026-07-02 13:55:00,2026-07-02 14:00:00,2026-07-02 14:01:00,4136.93,4130.983086805556,SL,-6.186913194444457,1,0.4130105500531368,ml_v6,2026-07
318565,long,2026-07-02 14:05:00,2026-07-02 14:10:00,2026-07-02 14:21:00,4127.845,4121.898170138889,SL,-6.186829861111125,11,0.42421382761127147,ml_v6,2026-07
318570,long,2026-07-02 14:30:00,2026-07-02 14:35:00,2026-07-02 14:58:00,4119.768,4129.197033333334,TP,9.189033333333354,23,0.41453498480460754,ml_v6,2026-07
318576,long,2026-07-02 15:00:00,2026-07-02 15:05:00,2026-07-02 15:06:00,4127.216,4121.610857638889,SL,-5.84514236111113,1,0.43062576397350283,ml_v6,2026-07
318578,long,2026-07-02 15:10:00,2026-07-02 15:15:00,2026-07-02 15:18:00,4126.605,4120.981822916666,SL,-5.863177083333349,3,0.43481500926008654,ml_v6,2026-07
318580,long,2026-07-02 15:20:00,2026-07-02 15:25:00,2026-07-02 15:29:00,4129.468,4123.859947916667,SL,-5.848052083333348,4,0.42699171686757165,ml_v6,2026-07
318582,long,2026-07-02 15:30:00,2026-07-02 15:35:00,2026-07-02 15:53:00,4129.678,4124.09928125,SL,-5.818718750000014,18,0.41575510780016256,ml_v6,2026-07
318587,long,2026-07-02 15:55:00,2026-07-02 16:00:00,2026-07-02 16:09:00,4128.465,4122.964395833334,SL,-5.740604166666684,9,0.4426829363023149,ml_v6,2026-07
318590,long,2026-07-02 16:10:00,2026-07-02 16:15:00,2026-07-02 16:23:00,4123.278,4117.798086805556,SL,-5.71991319444446,8,0.4260664393641758,ml_v6,2026-07
318593,long,2026-07-02 16:25:00,2026-07-02 16:30:00,2026-07-02 16:31:00,4116.421,4110.975065972222,SL,-5.685934027777792,1,0.40777924518057235,ml_v6,2026-07
318618,long,2026-07-02 18:30:00,2026-07-02 18:35:00,2026-07-02 19:04:00,4125.078,4119.505427083333,SL,-5.812572916666676,29,0.4117838831506644,ml_v6,2026-07
318648,long,2026-07-02 22:00:00,2026-07-02 22:05:00,2026-07-03 00:13:00,4125.493,4134.258400000001,TP,8.42540000000002,128,0.42177343426518765,ml_v6,2026-07
318675,long,2026-07-03 00:15:00,2026-07-03 00:20:00,2026-07-03 00:51:00,4135.756,4144.67345,TP,8.677450000000022,31,0.415991110416388,ml_v6,2026-07
318683,long,2026-07-03 00:55:00,2026-07-03 01:00:00,2026-07-03 01:03:00,4147.255,4156.287638888889,TP,8.792638888888902,3,0.4409170617867016,ml_v6,2026-07
318688,long,2026-07-03 01:20:00,2026-07-03 01:25:00,2026-07-03 01:26:00,4191.874,4186.109340277778,SL,-6.004659722222224,1,0.40859674982841265,ml_v6,2026-07
318690,long,2026-07-03 01:30:00,2026-07-03 01:35:00,2026-07-03 01:37:00,4193.164,4187.368923611111,SL,-6.035076388888887,2,0.40377395711374325,ml_v6,2026-07
318694,long,2026-07-03 01:50:00,2026-07-03 01:55:00,2026-07-03 04:03:00,4179.737,4173.9241875,SL,-6.052812499999996,128,0.4093059459588222,ml_v6,2026-07
318721,long,2026-07-03 04:05:00,2026-07-03 04:10:00,2026-07-03 05:47:00,4178.089,4172.464322916667,SL,-5.864677083333334,97,0.4078120350088131,ml_v6,2026-07
318742,short,2026-07-03 05:50:00,2026-07-03 05:55:00,2026-07-03 06:15:00,4171.099,4162.093533333334,TP,8.76546666666666,20,0.39086825368864897,ml_v6,2026-07
318748,short,2026-07-03 06:20:00,2026-07-03 06:25:00,2026-07-03 06:34:00,4164.039,4169.703371527778,SL,-5.904371527777775,9,0.39177615802266835,ml_v6,2026-07
318751,short,2026-07-03 06:35:00,2026-07-03 06:40:00,2026-07-03 07:05:00,4170.319,4175.951868055556,SL,-5.872868055555552,25,0.3931049300570524,ml_v6,2026-07
318758,short,2026-07-03 07:10:00,2026-07-03 07:15:00,2026-07-03 07:44:00,4174.078,4179.6934270833335,SL,-5.855427083333328,29,0.392176986606497,ml_v6,2026-07
318765,long,2026-07-03 07:45:00,2026-07-03 07:50:00,2026-07-03 07:58:00,4180.326,4174.763100694445,SL,-5.802899305555547,8,0.41118372162225586,ml_v6,2026-07
318768,long,2026-07-03 08:00:00,2026-07-03 08:05:00,2026-07-03 08:49:00,4182.953,4177.390802083334,SL,-5.802197916666656,44,0.42548778367414786,ml_v6,2026-07
318779,long,2026-07-03 08:55:00,2026-07-03 09:00:00,2026-07-03 09:16:00,4180.957,4175.439222222222,SL,-5.757777777777759,16,0.42065762574885524,ml_v6,2026-07
318784,long,2026-07-03 09:20:00,2026-07-03 09:25:00,2026-07-03 11:14:00,4173.483,4182.279955555556,TP,8.556955555555536,109,0.41408575834570727,ml_v6,2026-07
318807,long,2026-07-03 11:15:00,2026-07-03 11:20:00,2026-07-03 12:04:00,4183.353,4177.923840277778,SL,-5.669159722222213,44,0.4088380797261315,ml_v6,2026-07
318817,short,2026-07-03 12:05:00,2026-07-03 12:10:00,2026-07-03 12:27:00,4181.041,4172.414705555556,TP,8.386294444444426,17,0.3921444149721238,ml_v6,2026-07
318822,short,2026-07-03 12:30:00,2026-07-03 12:35:00,2026-07-03 13:09:00,4177.152,4168.534477777778,TP,8.37752222222221,34,0.39153415322768853,ml_v6,2026-07
318830,long,2026-07-03 13:10:00,2026-07-03 13:15:00,2026-07-03 14:07:00,4166.701,4161.3350034722225,SL,-5.605996527777769,52,0.4121151640278473,ml_v6,2026-07
318842,short,2026-07-03 14:10:00,2026-07-03 14:15:00,2026-07-03 14:41:00,4162.423,4167.378291666666,SL,-5.19529166666665,26,0.387874423438147,ml_v6,2026-07
318849,short,2026-07-03 14:45:00,2026-07-03 14:50:00,2026-07-03 15:03:00,4166.908,4171.6878750000005,SL,-5.019874999999979,13,0.39938174601812093,ml_v6,2026-07
318853,short,2026-07-03 15:05:00,2026-07-03 15:10:00,2026-07-03 16:06:00,4171.008,4163.501672222222,TP,7.266327777777733,56,0.3988102346480109,ml_v6,2026-07
318866,short,2026-07-03 16:10:00,2026-07-03 16:15:00,2026-07-03 16:30:00,4164.063,4168.500288194445,SL,-4.677288194444414,15,0.39333054881114493,ml_v6,2026-07
318871,short,2026-07-03 16:35:00,2026-07-03 16:40:00,2026-07-03 16:52:00,4169.281,4173.635496527778,SL,-4.594496527777751,12,0.39864360693731204,ml_v6,2026-07
318878,short,2026-07-05 22:10:00,2026-07-05 22:15:00,2026-07-05 22:29:00,4181.258,4185.609263888889,SL,-4.59126388888886,14,0.3914416953862164,ml_v6,2026-07
318885,short,2026-07-05 22:45:00,2026-07-05 22:50:00,2026-07-05 22:57:00,4184.168,4188.467190972222,SL,-4.539190972222192,7,0.38684851826817945,ml_v6,2026-07
318897,short,2026-07-05 23:45:00,2026-07-05 23:50:00,2026-07-06 00:01:00,4181.948,4174.963166666667,TP,6.744833333333275,11,0.3854513842373037,ml_v6,2026-07
318901,long,2026-07-06 00:05:00,2026-07-06 00:10:00,2026-07-06 00:26:00,4176.656,4172.273552083333,SL,-4.622447916666631,16,0.4359040268988361,ml_v6,2026-07
318906,long,2026-07-06 00:30:00,2026-07-06 00:35:00,2026-07-06 00:45:00,4180.945,4188.005477777778,TP,6.82047777777772,10,0.43237578530929965,ml_v6,2026-07
318910,long,2026-07-06 00:50:00,2026-07-06 00:55:00,2026-07-06 00:58:00,4183.617,4179.171052083334,SL,-4.685947916666622,3,0.4036145357058101,ml_v6,2026-07
318912,long,2026-07-06 01:00:00,2026-07-06 01:05:00,2026-07-06 01:06:00,4187.309,4182.775909722222,SL,-4.773090277777733,1,0.4181667822346067,ml_v6,2026-07
318914,long,2026-07-06 01:10:00,2026-07-06 01:15:00,2026-07-06 01:21:00,4188.729,4184.151579861112,SL,-4.81742013888884,6,0.4141467779502774,ml_v6,2026-07
318917,long,2026-07-06 01:25:00,2026-07-06 01:30:00,2026-07-06 01:34:00,4189.398,4196.790477777778,TP,7.152477777777701,4,0.4180293863670716,ml_v6,2026-07
318919,long,2026-07-06 01:35:00,2026-07-06 01:40:00,2026-07-06 01:50:00,4196.453,4191.787371527778,SL,-4.905628472222175,10,0.4197229733492439,ml_v6,2026-07
318926,long,2026-07-06 02:10:00,2026-07-06 02:15:00,2026-07-06 02:23:00,4180.911,4176.179270833333,SL,-4.971729166666617,8,0.4119524551177925,ml_v6,2026-07
318929,long,2026-07-06 02:25:00,2026-07-06 02:30:00,2026-07-06 02:34:00,4177.669,4172.896190972222,SL,-5.012809027777729,4,0.4110563245324753,ml_v6,2026-07
318931,long,2026-07-06 02:35:00,2026-07-06 02:40:00,2026-07-06 03:02:00,4173.418,4168.6135138888885,SL,-5.044486111111061,22,0.4264709014324334,ml_v6,2026-07
318937,long,2026-07-06 03:05:00,2026-07-06 03:10:00,2026-07-06 03:27:00,4167.472,4162.613336805555,SL,-5.098663194444394,17,0.40829612343723504,ml_v6,2026-07
318942,long,2026-07-06 03:30:00,2026-07-06 03:35:00,2026-07-06 03:54:00,4166.068,4161.180784722223,SL,-5.127215277777724,19,0.42653181983861244,ml_v6,2026-07
318947,long,2026-07-06 03:55:00,2026-07-06 04:00:00,2026-07-06 04:22:00,4165.24,4160.3210104166665,SL,-5.158989583333282,22,0.41596343524980584,ml_v6,2026-07
318953,long,2026-07-06 04:25:00,2026-07-06 04:30:00,2026-07-06 05:03:00,4161.339,4156.4139375,SL,-5.165062499999949,33,0.41259925948525944,ml_v6,2026-07
318961,short,2026-07-06 05:05:00,2026-07-06 05:10:00,2026-07-06 05:34:00,4153.438,4158.276690972222,SL,-5.078690972222171,24,0.38461881656393726,ml_v6,2026-07
318967,short,2026-07-06 05:35:00,2026-07-06 05:40:00,2026-07-06 05:59:00,4154.853,4147.15705,TP,7.455949999999908,19,0.39555808272985027,ml_v6,2026-07
318972,short,2026-07-06 06:00:00,2026-07-06 06:05:00,2026-07-06 06:09:00,4146.65,4151.4145312499995,SL,-5.004531249999948,4,0.406280458653982,ml_v6,2026-07
318974,short,2026-07-06 06:10:00,2026-07-06 06:15:00,2026-07-06 06:27:00,4151.799,4156.493791666667,SL,-4.934791666666614,12,0.4091523818734613,ml_v6,2026-07
318978,short,2026-07-06 06:30:00,2026-07-06 06:35:00,2026-07-06 06:56:00,4157.132,4149.7594055555555,TP,7.1325944444443685,21,0.4052750389681501,ml_v6,2026-07
318984,short,2026-07-06 07:00:00,2026-07-06 07:05:00,2026-07-06 07:34:00,4152.671,4157.218239583333,SL,-4.787239583333284,29,0.407566763853733,ml_v6,2026-07
318991,short,2026-07-06 07:35:00,2026-07-06 07:40:00,2026-07-06 07:43:00,4158.337,4162.881347222223,SL,-4.784347222222175,3,0.4133228879080457,ml_v6,2026-07
318993,short,2026-07-06 07:45:00,2026-07-06 07:50:00,2026-07-06 08:11:00,4165.846,4158.580072222222,TP,7.025927777777698,21,0.40273359348709953,ml_v6,2026-07
318999,short,2026-07-06 08:15:00,2026-07-06 08:20:00,2026-07-06 08:44:00,4156.542,4149.278716666667,TP,7.023283333333255,24,0.42127243239112666,ml_v6,2026-07
319005,short,2026-07-06 08:45:00,2026-07-06 08:50:00,2026-07-06 09:28:00,4148.931,4141.668077777777,TP,7.022922222222132,38,0.4135148355447029,ml_v6,2026-07
319014,short,2026-07-06 09:30:00,2026-07-06 09:35:00,2026-07-06 09:37:00,4137.748,4142.31303125,SL,-4.8050312499999475,2,0.402557231219192,ml_v6,2026-07
319016,short,2026-07-06 09:40:00,2026-07-06 09:45:00,2026-07-06 09:56:00,4139.447,4144.025253472222,SL,-4.818253472222169,11,0.3992359231613105,ml_v6,2026-07
319020,short,2026-07-06 10:00:00,2026-07-06 10:05:00,2026-07-06 10:14:00,4143.757,4148.330871527777,SL,-4.813871527777723,9,0.39566058577056007,ml_v6,2026-07
319023,short,2026-07-06 10:15:00,2026-07-06 10:20:00,2026-07-06 10:34:00,4149.579,4154.164020833333,SL,-4.8250208333332765,14,0.39534922467928324,ml_v6,2026-07
319027,short,2026-07-06 10:35:00,2026-07-06 10:40:00,2026-07-06 11:18:00,4152.919,4157.468468749999,SL,-4.789468749999948,38,0.40862222666329795,ml_v6,2026-07
319036,short,2026-07-06 11:20:00,2026-07-06 11:25:00,2026-07-06 12:21:00,4156.665,4149.483472222222,TP,6.941527777777693,56,0.411658605487337,ml_v6,2026-07
319049,short,2026-07-06 12:25:00,2026-07-06 12:30:00,2026-07-06 12:39:00,4145.898,4138.7559,TP,6.902099999999927,9,0.39990791336515186,ml_v6,2026-07
319052,short,2026-07-06 12:40:00,2026-07-06 12:45:00,2026-07-06 12:46:00,4133.527,4138.0167951388885,SL,-4.729795138888844,1,0.39239942019408347,ml_v6,2026-07
319054,long,2026-07-06 12:50:00,2026-07-06 12:55:00,2026-07-06 13:07:00,4139.488,4146.703972222223,TP,6.975972222222156,12,0.42780968514015383,ml_v6,2026-07
319058,long,2026-07-06 13:10:00,2026-07-06 13:15:00,2026-07-06 13:23:00,4141.38,4148.636366666667,TP,7.01636666666661,8,0.43907548540613456,ml_v6,2026-07
319061,long,2026-07-06 13:25:00,2026-07-06 13:30:00,2026-07-06 13:34:00,4142.333,4149.649127777778,TP,7.076127777777734,4,0.4398830465322763,ml_v6,2026-07
319063,long,2026-07-06 13:35:00,2026-07-06 13:40:00,2026-07-06 13:42:00,4149.18,4144.593239583333,SL,-4.826760416666639,2,0.4259044423264259,ml_v6,2026-07
319065,long,2026-07-06 13:45:00,2026-07-06 13:50:00,2026-07-06 13:56:00,4146.594,4141.99890625,SL,-4.835093749999974,6,0.42853566262962994,ml_v6,2026-07
319068,long,2026-07-06 14:00:00,2026-07-06 14:05:00,2026-07-06 14:07:00,4140.672,4136.021572916667,SL,-4.890427083333303,2,0.4394503736366862,ml_v6,2026-07
319070,long,2026-07-06 14:10:00,2026-07-06 14:15:00,2026-07-06 14:18:00,4140.635,4135.9513125,SL,-4.923687499999969,3,0.43834296667129785,ml_v6,2026-07
319072,long,2026-07-06 14:20:00,2026-07-06 14:25:00,2026-07-06 14:34:00,4132.809,4140.321216666667,TP,7.272216666666609,9,0.41675419331218566,ml_v6,2026-07
319075,long,2026-07-06 14:35:00,2026-07-06 14:40:00,2026-07-06 14:44:00,4137.323,4132.596045138889,SL,-4.966954861111074,4,0.42263874771987464,ml_v6,2026-07
319077,long,2026-07-06 14:45:00,2026-07-06 14:50:00,2026-07-06 15:04:00,4133.543,4141.171816666666,TP,7.388816666666606,14,0.4249962237949484,ml_v6,2026-07
319081,long,2026-07-06 15:05:00,2026-07-06 15:10:00,2026-07-06 15:13:00,4144.499,4139.720260416667,SL,-5.018739583333299,3,0.43753606670523326,ml_v6,2026-07
319083,long,2026-07-06 15:15:00,2026-07-06 15:20:00,2026-07-06 15:29:00,4139.923,4147.593633333333,TP,7.430633333333272,9,0.4455999175445572,ml_v6,2026-07
319086,long,2026-07-06 15:30:00,2026-07-06 15:35:00,2026-07-06 15:54:00,4149.824,4144.990128472222,SL,-5.073871527777736,19,0.4407978266204089,ml_v6,2026-07
319091,long,2026-07-06 15:55:00,2026-07-06 16:00:00,2026-07-06 16:02:00,4148.24,4143.389680555555,SL,-5.090319444444409,2,0.4380871231995968,ml_v6,2026-07
319093,long,2026-07-06 16:05:00,2026-07-06 16:10:00,2026-07-06 16:50:00,4144.202,4151.967722222223,TP,7.525722222222166,40,0.4716574356145391,ml_v6,2026-07
319103,long,2026-07-06 16:55:00,2026-07-06 17:00:00,2026-07-06 18:27:00,4154.899,4162.692738888889,TP,7.553738888888831,87,0.4791535363650232,ml_v6,2026-07
319122,long,2026-07-06 18:30:00,2026-07-06 18:35:00,2026-07-06 23:37:00,4163.402,4163.262,TIMEOUT,-0.3800000000003274,240,0.4032912649273582,ml_v6,2026-07
319172,long,2026-07-06 23:40:00,2026-07-06 23:45:00,2026-07-06 23:57:00,4162.024,4157.503142361112,SL,-4.760857638888834,12,0.42705030032081726,ml_v6,2026-07
319176,short,2026-07-07 00:00:00,2026-07-07 00:05:00,2026-07-07 00:30:00,4156.43,4160.931940972222,SL,-4.741940972222166,25,0.39143560447200193,ml_v6,2026-07
319183,short,2026-07-07 00:35:00,2026-07-07 00:40:00,2026-07-07 01:00:00,4151.019,4143.845577777778,TP,6.933422222222138,20,0.3920863591543034,ml_v6,2026-07
319189,short,2026-07-07 01:05:00,2026-07-07 01:10:00,2026-07-07 01:18:00,4141.636,4134.562416666668,TP,6.833583333333246,8,0.4019934601197323,ml_v6,2026-07
319192,short,2026-07-07 01:20:00,2026-07-07 01:25:00,2026-07-07 01:27:00,4133.225,4126.129622222223,TP,6.855377777777701,2,0.3938512412890809,ml_v6,2026-07
319194,short,2026-07-07 01:30:00,2026-07-07 01:35:00,2026-07-07 01:45:00,4138.998,4143.4377187499995,SL,-4.67971874999995,10,0.3861677173078489,ml_v6,2026-07
319198,long,2026-07-07 01:50:00,2026-07-07 01:55:00,2026-07-07 02:05:00,4143.948,4139.529493055556,SL,-4.658506944444403,10,0.4114338812075046,ml_v6,2026-07
319202,long,2026-07-07 02:10:00,2026-07-07 02:15:00,2026-07-07 02:22:00,4142.343,4138.052715277778,SL,-4.530284722222184,7,0.41297046960000394,ml_v6,2026-07
319207,long,2026-07-07 02:35:00,2026-07-07 02:40:00,2026-07-07 02:47:00,4141.977,4137.753725694444,SL,-4.463274305555521,7,0.40810622403540187,ml_v6,2026-07
319210,short,2026-07-07 02:50:00,2026-07-07 02:55:00,2026-07-07 03:02:00,4133.604,4137.814368055556,SL,-4.4503680555555185,7,0.3851388874190555,ml_v6,2026-07
319213,short,2026-07-07 03:05:00,2026-07-07 03:10:00,2026-07-07 03:24:00,4138.374,4131.693622222222,TP,6.440377777777721,14,0.3854591969263423,ml_v6,2026-07
319217,short,2026-07-07 03:25:00,2026-07-07 03:30:00,2026-07-07 03:47:00,4132.207,4125.5675833333335,TP,6.399416666666609,17,0.3955739941806645,ml_v6,2026-07
319222,short,2026-07-07 03:50:00,2026-07-07 03:55:00,2026-07-07 04:02:00,4127.964,4132.097208333334,SL,-4.3732083333333005,7,0.39373730139656093,ml_v6,2026-07
319225,short,2026-07-07 04:05:00,2026-07-07 04:10:00,2026-07-07 04:17:00,4139.522,4132.9303222222225,TP,6.35167777777772,7,0.40168033153392146,ml_v6,2026-07
319228,short,2026-07-07 04:20:00,2026-07-07 04:25:00,2026-07-07 04:57:00,4133.392,4126.78925,TP,6.36274999999994,32,0.40386785207464404,ml_v6,2026-07
319236,short,2026-07-07 05:00:00,2026-07-07 05:05:00,2026-07-07 05:15:00,4128.316,4121.7551277777775,TP,6.320872222222169,10,0.4059603632111731,ml_v6,2026-07
319240,short,2026-07-07 05:20:00,2026-07-07 05:25:00,2026-07-07 05:39:00,4126.321,4119.6997,TP,6.381299999999954,14,0.4037276853800804,ml_v6,2026-07
319244,short,2026-07-07 05:40:00,2026-07-07 05:45:00,2026-07-07 05:55:00,4122.465,4126.648229166667,SL,-4.42322916666664,10,0.3979736451825776,ml_v6,2026-07
319248,short,2026-07-07 06:00:00,2026-07-07 06:05:00,2026-07-07 06:40:00,4126.731,4130.919909722222,SL,-4.428909722222197,35,0.39090373338652185,ml_v6,2026-07
319257,short,2026-07-07 06:45:00,2026-07-07 06:50:00,2026-07-07 08:11:00,4129.708,4133.882472222222,SL,-4.414472222222205,81,0.4086229574818664,ml_v6,2026-07
319275,short,2026-07-07 08:15:00,2026-07-07 08:20:00,2026-07-07 08:43:00,4135.619,4128.98315,TP,6.395849999999988,23,0.4184100126048139,ml_v6,2026-07
319281,short,2026-07-07 08:45:00,2026-07-07 08:50:00,2026-07-07 09:29:00,4128.159,4121.5371,TP,6.381899999999986,39,0.412199054181324,ml_v6,2026-07
319290,short,2026-07-07 09:30:00,2026-07-07 09:35:00,2026-07-07 09:42:00,4127.195,4131.375149305555,SL,-4.420149305555558,7,0.4097458946284192,ml_v6,2026-07
319293,short,2026-07-07 09:45:00,2026-07-07 09:50:00,2026-07-07 09:56:00,4127.453,4131.6382534722225,SL,-4.425253472222225,6,0.415339876413349,ml_v6,2026-07
319296,short,2026-07-07 10:00:00,2026-07-07 10:05:00,2026-07-07 10:18:00,4132.633,4136.82584375,SL,-4.432843750000005,13,0.40505843814365206,ml_v6,2026-07
319300,short,2026-07-07 10:20:00,2026-07-07 10:25:00,2026-07-07 11:18:00,4137.0,4141.198458333333,SL,-4.438458333333339,53,0.3943874546337492,ml_v6,2026-07
319312,short,2026-07-07 11:20:00,2026-07-07 11:25:00,2026-07-07 11:44:00,4144.014,4148.192083333333,SL,-4.418083333333348,19,0.3882364392128316,ml_v6,2026-07
319317,short,2026-07-07 11:45:00,2026-07-07 11:50:00,2026-07-07 11:58:00,4149.915,4154.114864583334,SL,-4.439864583333339,8,0.40940494367847036,ml_v6,2026-07
319320,short,2026-07-07 12:00:00,2026-07-07 12:05:00,2026-07-07 12:07:00,4159.039,4163.266475694444,SL,-4.467475694444451,2,0.4056998178179988,ml_v6,2026-07
319323,short,2026-07-07 12:15:00,2026-07-07 12:20:00,2026-07-07 12:37:00,4168.891,4162.030177777778,TP,6.6208222222222295,17,0.386631371102276,ml_v6,2026-07
319328,short,2026-07-07 12:40:00,2026-07-07 12:45:00,2026-07-07 12:58:00,4166.294,4170.620993055555,SL,-4.566993055555562,13,0.39800318721375755,ml_v6,2026-07
319332,short,2026-07-07 13:00:00,2026-07-07 13:05:00,2026-07-07 13:14:00,4165.641,4170.02289236111,SL,-4.621892361111113,9,0.39646371844849876,ml_v6,2026-07
319338,short,2026-07-07 13:30:00,2026-07-07 13:35:00,2026-07-07 13:36:00,4169.266,4173.691906249999,SL,-4.665906250000001,1,0.3858490267227897,ml_v6,2026-07
319340,long,2026-07-07 13:40:00,2026-07-07 13:45:00,2026-07-07 13:46:00,4177.458,4172.999152777777,SL,-4.698847222222223,1,0.40960953580328785,ml_v6,2026-07
319343,long,2026-07-07 13:55:00,2026-07-07 14:00:00,2026-07-07 14:04:00,4158.367,4153.86090625,SL,-4.746093750000001,4,0.4126797074042805,ml_v6,2026-07
319347,long,2026-07-07 14:15:00,2026-07-07 14:20:00,2026-07-07 14:23:00,4158.584,4154.062489583333,SL,-4.761510416666666,3,0.4115248067226114,ml_v6,2026-07
319349,long,2026-07-07 14:25:00,2026-07-07 14:30:00,2026-07-07 14:32:00,4158.099,4153.583423611111,SL,-4.755576388888885,2,0.4045349041297102,ml_v6,2026-07
319353,long,2026-07-07 14:45:00,2026-07-07 14:50:00,2026-07-07 15:00:00,4156.267,4151.75453125,SL,-4.7524687499999985,10,0.41017461821060086,ml_v6,2026-07
319357,long,2026-07-07 15:05:00,2026-07-07 15:10:00,2026-07-07 15:13:00,4153.313,4148.856135416667,SL,-4.6968645833333404,3,0.42113448914049567,ml_v6,2026-07
319360,long,2026-07-07 15:20:00,2026-07-07 15:25:00,2026-07-07 15:51:00,4145.382,4140.9389201388885,SL,-4.683079861111124,26,0.41433298601012414,ml_v6,2026-07
319368,long,2026-07-07 16:00:00,2026-07-07 16:05:00,2026-07-07 16:27:00,4139.699,4146.715899999999,TP,6.776900000000023,22,0.40345999263325416,ml_v6,2026-07
319377,short,2026-07-07 16:45:00,2026-07-07 16:50:00,2026-07-07 18:33:00,4144.517,4137.564955555556,TP,6.712044444444457,103,0.3854187469307303,ml_v6,2026-07
319399,long,2026-07-07 18:35:00,2026-07-07 18:40:00,2026-07-07 18:49:00,4141.449,4137.172395833333,SL,-4.5166041666666805,9,0.416270245165356,ml_v6,2026-07
319403,long,2026-07-07 18:55:00,2026-07-07 19:00:00,2026-07-07 19:01:00,4126.977,4122.64121875,SL,-4.5757812500000155,1,0.40671417579633007,ml_v6,2026-07
319406,short,2026-07-07 19:10:00,2026-07-07 19:15:00,2026-07-07 19:16:00,4105.955,4098.89425,TP,6.820750000000027,1,0.38826134913667676,ml_v6,2026-07
319408,long,2026-07-07 19:20:00,2026-07-07 19:25:00,2026-07-07 19:30:00,4101.55,4108.708566666667,TP,6.918566666666694,5,0.4064874413002557,ml_v6,2026-07
319418,long,2026-07-07 20:10:00,2026-07-07 20:15:00,2026-07-07 20:18:00,4112.772,4108.214340277777,SL,-4.79765972222225,3,0.40470303889051495,ml_v6,2026-07
319420,long,2026-07-07 20:20:00,2026-07-07 20:25:00,2026-07-07 20:50:00,4108.555,4103.9829479166665,SL,-4.812052083333363,25,0.4142869304810776,ml_v6,2026-07
319428,long,2026-07-07 22:00:00,2026-07-07 22:05:00,2026-07-07 22:29:00,4105.023,4100.401392361111,SL,-4.881607638888916,24,0.41919316834131937,ml_v6,2026-07
319434,long,2026-07-07 22:30:00,2026-07-07 22:35:00,2026-07-07 23:10:00,4100.122,4107.579388888889,TP,7.217388888888942,35,0.42667354931132423,ml_v6,2026-07
319443,long,2026-07-07 23:15:00,2026-07-07 23:20:00,2026-07-07 23:43:00,4102.288,4097.5557499999995,SL,-4.97225000000003,23,0.41145585405045854,ml_v6,2026-07
319450,long,2026-07-07 23:50:00,2026-07-07 23:55:00,2026-07-08 00:24:00,4098.514,4106.174644444444,TP,7.420644444444504,29,0.4117898284985456,ml_v6,2026-07
319459,short,2026-07-08 00:35:00,2026-07-08 00:40:00,2026-07-08 00:55:00,4122.725,4114.858405555556,TP,7.626594444444508,15,0.3852084639099229,ml_v6,2026-07
319465,short,2026-07-08 01:05:00,2026-07-08 01:10:00,2026-07-08 01:12:00,4103.983,4108.995309027778,SL,-5.252309027777818,2,0.38553851656418503,ml_v6,2026-07
319467,short,2026-07-08 01:15:00,2026-07-08 01:20:00,2026-07-08 01:34:00,4106.691,4098.659777777778,TP,7.791222222222281,14,0.3860405587469151,ml_v6,2026-07
319476,short,2026-07-08 02:00:00,2026-07-08 02:05:00,2026-07-08 02:07:00,4108.161,4113.231052083333,SL,-5.31005208333337,2,0.38976781075094746,ml_v6,2026-07
319478,short,2026-07-08 02:10:00,2026-07-08 02:15:00,2026-07-08 02:22:00,4112.186,4117.2605416666665,SL,-5.314541666666706,7,0.38591861040915826,ml_v6,2026-07
319481,long,2026-07-08 02:25:00,2026-07-08 02:30:00,2026-07-08 02:57:00,4118.94,4113.877631944444,SL,-5.302368055555597,27,0.41783650618026424,ml_v6,2026-07
319488,long,2026-07-08 03:00:00,2026-07-08 03:05:00,2026-07-08 05:07:00,4125.586,4133.721733333334,TP,7.895733333333389,122,0.42804062272703314,ml_v6,2026-07
319520,long,2026-07-08 05:40:00,2026-07-08 05:45:00,2026-07-08 06:05:00,4128.491,4123.440427083333,SL,-5.290572916666714,20,0.40674847289690996,ml_v6,2026-07
319531,long,2026-07-08 06:35:00,2026-07-08 06:40:00,2026-07-08 07:04:00,4126.315,4121.289899305555,SL,-5.265100694444479,24,0.40410200005104246,ml_v6,2026-07
319550,short,2026-07-08 08:10:00,2026-07-08 08:15:00,2026-07-08 08:16:00,4117.901,4109.861177777778,TP,7.799822222222243,1,0.3853549420633197,ml_v6,2026-07
319552,short,2026-07-08 08:20:00,2026-07-08 08:25:00,2026-07-08 08:26:00,4085.399,4090.5839895833333,SL,-5.4249895833333435,1,0.39267753389354515,ml_v6,2026-07
319554,short,2026-07-08 08:30:00,2026-07-08 08:35:00,2026-07-08 08:36:00,4083.272,4074.8659055555554,TP,8.16609444444446,1,0.39210115996029726,ml_v6,2026-07
319560,long,2026-07-08 09:00:00,2026-07-08 09:05:00,2026-07-08 09:42:00,4055.523,4050.1370833333335,SL,-5.625916666666674,37,0.4045574040062408,ml_v6,2026-07
319569,short,2026-07-08 09:45:00,2026-07-08 09:50:00,2026-07-08 09:58:00,4050.132,4041.408283333333,TP,8.483716666666679,8,0.3855196220782421,ml_v6,2026-07
319572,short,2026-07-08 10:00:00,2026-07-08 10:05:00,2026-07-08 10:20:00,4047.334,4052.792239583333,SL,-5.698239583333335,15,0.38592197419935437,ml_v6,2026-07
319582,short,2026-07-08 10:50:00,2026-07-08 10:55:00,2026-07-08 11:22:00,4056.513,4047.753044444444,TP,8.51995555555555,27,0.3866715335362935,ml_v6,2026-07
319589,short,2026-07-08 11:25:00,2026-07-08 11:30:00,2026-07-08 11:38:00,4050.317,4041.4865222222224,TP,8.590477777777757,8,0.384729213990633,ml_v6,2026-07
319594,short,2026-07-08 11:50:00,2026-07-08 11:55:00,2026-07-08 12:05:00,4063.036,4068.6969791666666,SL,-5.900979166666652,10,0.38724043248696893,ml_v6,2026-07
319598,short,2026-07-08 12:10:00,2026-07-08 12:15:00,2026-07-08 12:19:00,4071.796,4077.498006944444,SL,-5.94200694444443,4,0.38601044848684646,ml_v6,2026-07
319600,short,2026-07-08 12:20:00,2026-07-08 12:25:00,2026-07-08 12:30:00,4067.412,4073.1336215277774,SL,-5.961621527777763,5,0.3861908280922854,ml_v6,2026-07
319603,short,2026-07-08 12:35:00,2026-07-08 12:40:00,2026-07-08 12:45:00,4072.807,4078.5422916666666,SL,-5.975291666666655,5,0.3913387759042201,ml_v6,2026-07
319607,short,2026-07-08 12:55:00,2026-07-08 13:00:00,2026-07-08 13:04:00,4072.309,4078.0823611111114,SL,-6.0133611111111005,4,0.3922331004260232,ml_v6,2026-07
319611,short,2026-07-08 13:15:00,2026-07-08 13:20:00,2026-07-08 13:32:00,4072.075,4077.837708333333,SL,-6.002708333333324,12,0.3848940205367438,ml_v6,2026-07
319620,short,2026-07-08 14:00:00,2026-07-08 14:05:00,2026-07-08 14:14:00,4066.223,4056.9050722222223,TP,9.077927777777765,9,0.38559077147195775,ml_v6,2026-07
319625,short,2026-07-08 14:25:00,2026-07-08 14:30:00,2026-07-08 14:36:00,4060.177,4050.8039444444444,TP,9.133055555555543,6,0.38629351523120403,ml_v6,2026-07
319628,short,2026-07-08 14:40:00,2026-07-08 14:45:00,2026-07-08 14:51:00,4036.604,4042.4803402777775,SL,-6.116340277777768,6,0.3874354319056238,ml_v6,2026-07
319652,long,2026-07-08 16:40:00,2026-07-08 16:45:00,2026-07-08 17:06:00,4056.506,4065.9400499999997,TP,9.194049999999969,21,0.4033355997350676,ml_v6,2026-07
319670,short,2026-07-08 18:10:00,2026-07-08 18:15:00,2026-07-08 18:46:00,4075.13,4081.1395,SL,-6.249499999999985,31,0.38655272832255994,ml_v6,2026-07
319691,long,2026-07-08 19:55:00,2026-07-08 20:00:00,2026-07-08 20:34:00,4080.059,4073.9568958333334,SL,-6.342104166666651,34,0.40674284059128907,ml_v6,2026-07
319699,long,2026-07-08 20:35:00,2026-07-08 20:40:00,2026-07-09 00:12:00,4074.172,4083.6609777777776,TP,9.248977777777759,150,0.43342847035296495,ml_v6,2026-07
319731,long,2026-07-09 00:15:00,2026-07-09 00:20:00,2026-07-09 00:22:00,4084.108,4078.2185069444445,SL,-6.129493055555546,2,0.4080214971021362,ml_v6,2026-07
319734,long,2026-07-09 00:30:00,2026-07-09 00:35:00,2026-07-09 00:52:00,4078.752,4072.8378576388886,SL,-6.154142361111098,17,0.40658772724980485,ml_v6,2026-07
319739,long,2026-07-09 00:55:00,2026-07-09 01:00:00,2026-07-09 01:03:00,4073.903,4067.960253472222,SL,-6.182746527777761,3,0.41423349377414664,ml_v6,2026-07
319742,long,2026-07-09 01:10:00,2026-07-09 01:15:00,2026-07-09 01:28:00,4074.294,4068.3205625,SL,-6.213437499999984,13,0.4032157023947526,ml_v6,2026-07
319747,long,2026-07-09 01:35:00,2026-07-09 01:40:00,2026-07-09 02:26:00,4072.207,4081.740894444444,TP,9.293894444444415,46,0.40733411029933253,ml_v6,2026-07
319758,long,2026-07-09 02:30:00,2026-07-09 02:35:00,2026-07-09 02:52:00,4072.222,4066.372493055556,SL,-6.0895069444444285,17,0.4151273208365074,ml_v6,2026-07
319763,long,2026-07-09 02:55:00,2026-07-09 03:00:00,2026-07-09 03:10:00,4065.083,4059.2831840277777,SL,-6.039815972222208,10,0.44376669566671845,ml_v6,2026-07
319767,long,2026-07-09 03:15:00,2026-07-09 03:20:00,2026-07-09 05:00:00,4055.784,4065.0421166666665,TP,9.018116666666632,100,0.4697015171941137,ml_v6,2026-07
319792,long,2026-07-09 05:20:00,2026-07-09 05:25:00,2026-07-09 05:49:00,4068.604,4077.7799999999997,TP,8.935999999999954,24,0.40559660169838563,ml_v6,2026-07
319798,long,2026-07-09 05:50:00,2026-07-09 05:55:00,2026-07-09 06:00:00,4079.646,4088.909227777778,TP,9.023227777777729,5,0.40466177950592463,ml_v6,2026-07
319806,short,2026-07-09 06:30:00,2026-07-09 06:35:00,2026-07-09 07:02:00,4104.176,4110.045711805556,SL,-6.10971180555553,27,0.38652755753914547,ml_v6,2026-07
319813,short,2026-07-09 07:05:00,2026-07-09 07:10:00,2026-07-09 08:17:00,4105.451,4111.334697916666,SL,-6.12369791666665,67,0.38825179306324975,ml_v6,2026-07
319828,short,2026-07-09 08:20:00,2026-07-09 08:25:00,2026-07-09 09:08:00,4115.548,4106.083983333333,TP,9.22401666666666,43,0.38624307847229145,ml_v6,2026-07
319842,short,2026-07-09 09:30:00,2026-07-09 09:35:00,2026-07-09 10:52:00,4106.024,4096.983355555556,TP,8.800644444444444,77,0.3887311647281673,ml_v6,2026-07
319870,short,2026-07-09 11:50:00,2026-07-09 11:55:00,2026-07-09 12:07:00,4107.512,4112.839201388889,SL,-5.567201388888885,12,0.39297669925084655,ml_v6,2026-07
319874,short,2026-07-09 12:10:00,2026-07-09 12:15:00,2026-07-09 12:35:00,4112.593,4117.938840277778,SL,-5.585840277777774,20,0.3866502984908504,ml_v6,2026-07
319885,long,2026-07-09 13:05:00,2026-07-09 13:10:00,2026-07-09 13:16:00,4116.201,4124.661161111111,TP,8.22016111111111,6,0.4135474607264079,ml_v6,2026-07
319888,long,2026-07-09 13:20:00,2026-07-09 13:25:00,2026-07-09 13:30:00,4125.295,4120.0261875,SL,-5.5088124999999994,5,0.42234147695840585,ml_v6,2026-07
319891,long,2026-07-09 13:35:00,2026-07-09 13:40:00,2026-07-09 13:54:00,4125.153,4119.8747673611115,SL,-5.518232638888887,14,0.41762946058866973,ml_v6,2026-07
319895,long,2026-07-09 13:55:00,2026-07-09 14:00:00,2026-07-09 14:01:00,4122.054,4130.465672222223,TP,8.171672222222218,1,0.405284391842911,ml_v6,2026-07
319897,long,2026-07-09 14:05:00,2026-07-09 14:10:00,2026-07-09 14:12:00,4126.426,4121.157399305556,SL,-5.508600694444441,2,0.40364771014821893,ml_v6,2026-07
319900,long,2026-07-09 14:20:00,2026-07-09 14:25:00,2026-07-09 15:45:00,4123.11,4131.5614444444445,TP,8.211444444444446,80,0.4104691181350535,ml_v6,2026-07
319918,long,2026-07-09 15:50:00,2026-07-09 15:55:00,2026-07-09 16:31:00,4127.221,4135.189316666666,TP,7.7283166666666725,36,0.42480030860859164,ml_v6,2026-07
319927,long,2026-07-09 16:35:00,2026-07-09 16:40:00,2026-07-09 17:00:00,4132.753,4127.892583333333,SL,-5.10041666666668,20,0.4261988461674746,ml_v6,2026-07
319933,long,2026-07-09 17:05:00,2026-07-09 17:10:00,2026-07-09 17:47:00,4127.886,4135.613244444445,TP,7.487244444444465,37,0.41605164299052,ml_v6,2026-07
319943,long,2026-07-09 17:55:00,2026-07-09 18:00:00,2026-07-09 18:04:00,4136.168,4131.417517361111,SL,-4.990482638888905,4,0.40410701932748916,ml_v6,2026-07
319952,long,2026-07-09 18:40:00,2026-07-09 18:45:00,2026-07-09 19:30:00,4125.202,4120.513635416667,SL,-4.928364583333352,45,0.41264845537356876,ml_v6,2026-07
319997,short,2026-07-09 23:25:00,2026-07-09 23:30:00,2026-07-10 00:33:00,4122.316,4115.457911111111,TP,6.618088888888915,63,0.38655986593181424,ml_v6,2026-07
320011,long,2026-07-10 00:35:00,2026-07-10 00:40:00,2026-07-10 00:45:00,4119.02,4125.917183333334,TP,6.657183333333354,5,0.4104318483713606,ml_v6,2026-07
320014,short,2026-07-10 00:50:00,2026-07-10 00:55:00,2026-07-10 00:57:00,4122.628,4126.949368055555,SL,-4.561368055555569,2,0.38745951873702605,ml_v6,2026-07
320016,short,2026-07-10 01:00:00,2026-07-10 01:05:00,2026-07-10 01:09:00,4121.766,4126.119784722222,SL,-4.593784722222234,4,0.38854647478036614,ml_v6,2026-07
320018,short,2026-07-10 01:10:00,2026-07-10 01:15:00,2026-07-10 01:38:00,4124.911,4117.957566666667,TP,6.7134333333333505,23,0.3933861474031468,ml_v6,2026-07
320030,short,2026-07-10 02:10:00,2026-07-10 02:15:00,2026-07-10 02:53:00,4124.799,4129.105934027778,SL,-4.54693402777779,38,0.38583506379544763,ml_v6,2026-07
320039,long,2026-07-10 02:55:00,2026-07-10 03:00:00,2026-07-10 03:08:00,4127.858,4134.656472222223,TP,6.558472222222244,8,0.4248099591598765,ml_v6,2026-07
320042,short,2026-07-10 03:10:00,2026-07-10 03:15:00,2026-07-10 03:50:00,4126.805,4119.974127777778,TP,6.590872222222246,35,0.3877563876314324,ml_v6,2026-07
320051,short,2026-07-10 03:55:00,2026-07-10 04:00:00,2026-07-10 04:22:00,4120.206,4113.425016666667,TP,6.5409833333333545,22,0.39316460144511634,ml_v6,2026-07
320057,short,2026-07-10 04:25:00,2026-07-10 04:30:00,2026-07-10 05:31:00,4117.402,4110.647905555556,TP,6.514094444444462,61,0.3949729914664405,ml_v6,2026-07
320071,long,2026-07-10 05:35:00,2026-07-10 05:40:00,2026-07-10 05:58:00,4109.362,4116.073538888889,TP,6.471538888888916,18,0.41097980542465207,ml_v6,2026-07
320076,long,2026-07-10 06:00:00,2026-07-10 06:05:00,2026-07-10 06:32:00,4117.415,4113.236288194445,SL,-4.418711805555575,27,0.40611238809542777,ml_v6,2026-07
320083,long,2026-07-10 06:35:00,2026-07-10 06:40:00,2026-07-10 06:43:00,4115.55,4111.420857638889,SL,-4.369142361111136,3,0.4045496991233904,ml_v6,2026-07
320085,long,2026-07-10 06:45:00,2026-07-10 06:50:00,2026-07-10 07:12:00,4113.184,4109.058427083333,SL,-4.36557291666669,22,0.4159851541905712,ml_v6,2026-07
320096,short,2026-07-10 07:40:00,2026-07-10 07:45:00,2026-07-10 08:37:00,4106.966,4100.584916666667,TP,6.14108333333336,52,0.3950077676806487,ml_v6,2026-07
320108,short,2026-07-10 08:40:00,2026-07-10 08:45:00,2026-07-10 08:49:00,4101.846,4095.506833333333,TP,6.099166666666683,4,0.39641356239952963,ml_v6,2026-07
320110,short,2026-07-10 08:50:00,2026-07-10 08:55:00,2026-07-10 09:16:00,4097.145,4101.1162395833335,SL,-4.211239583333342,21,0.3888153657035336,ml_v6,2026-07
320116,short,2026-07-10 09:20:00,2026-07-10 09:25:00,2026-07-10 10:00:00,4102.148,4106.079583333333,SL,-4.171583333333353,35,0.39813049071857826,ml_v6,2026-07
320125,short,2026-07-10 10:05:00,2026-07-10 10:10:00,2026-07-10 10:23:00,4106.302,4110.209538194445,SL,-4.14753819444447,13,0.40839972209482034,ml_v6,2026-07
320129,short,2026-07-10 10:25:00,2026-07-10 10:30:00,2026-07-10 11:27:00,4109.53,4103.281177777778,TP,6.00882222222227,57,0.40811574538970086,ml_v6,2026-07
320142,short,2026-07-10 11:30:00,2026-07-10 11:35:00,2026-07-10 11:42:00,4099.251,4103.167416666667,SL,-4.156416666666704,7,0.40930980766769076,ml_v6,2026-07
320145,short,2026-07-10 11:45:00,2026-07-10 11:50:00,2026-07-10 12:13:00,4105.848,4109.789090277778,SL,-4.181090277777818,23,0.4140561603782,ml_v6,2026-07
320151,short,2026-07-10 12:15:00,2026-07-10 12:20:00,2026-07-10 12:34:00,4109.208,4102.864894444444,TP,6.103105555555617,14,0.40315326147754416,ml_v6,2026-07
320155,short,2026-07-10 12:35:00,2026-07-10 12:40:00,2026-07-10 13:09:00,4101.456,4105.428743055556,SL,-4.212743055555592,29,0.4085628134016983,ml_v6,2026-07
320162,short,2026-07-10 13:10:00,2026-07-10 13:15:00,2026-07-10 13:24:00,4104.253,4097.919188888888,TP,6.093811111111173,9,0.39404846551019324,ml_v6,2026-07
320165,short,2026-07-10 13:25:00,2026-07-10 13:30:00,2026-07-10 13:31:00,4087.435,4091.4350034722224,SL,-4.240003472222263,1,0.3963921738194465,ml_v6,2026-07
320167,short,2026-07-10 13:35:00,2026-07-10 13:40:00,2026-07-10 13:42:00,4097.193,4101.205135416667,SL,-4.252135416666707,2,0.39046161841814875,ml_v6,2026-07
320172,long,2026-07-10 14:00:00,2026-07-10 14:05:00,2026-07-10 14:21:00,4100.78,4107.184755555555,TP,6.164755555555621,16,0.4075190726878146,ml_v6,2026-07
320177,long,2026-07-10 14:25:00,2026-07-10 14:30:00,2026-07-10 14:32:00,4105.529,4101.523694444445,SL,-4.245305555555601,2,0.4323139430980256,ml_v6,2026-07
320179,long,2026-07-10 14:35:00,2026-07-10 14:40:00,2026-07-10 14:46:00,4095.562,4102.1362,TP,6.334200000000075,6,0.4377747504468018,ml_v6,2026-07
320182,long,2026-07-10 14:50:00,2026-07-10 14:55:00,2026-07-10 14:56:00,4101.545,4097.4335763888885,SL,-4.35142361111116,1,0.423338900557706,ml_v6,2026-07
320184,long,2026-07-10 15:00:00,2026-07-10 15:05:00,2026-07-10 15:23:00,4097.348,4103.927877777778,TP,6.339877777777864,18,0.4309875676499178,ml_v6,2026-07
320189,long,2026-07-10 15:25:00,2026-07-10 15:30:00,2026-07-10 15:48:00,4102.288,4108.827611111111,TP,6.299611111111185,18,0.41984840268063667,ml_v6,2026-07
320194,long,2026-07-10 15:50:00,2026-07-10 15:55:00,2026-07-10 16:52:00,4110.53,4106.465756944444,SL,-4.304243055555597,57,0.43825758156106137,ml_v6,2026-07
320207,long,2026-07-10 16:55:00,2026-07-10 17:00:00,2026-07-10 17:59:00,4104.682,4100.633131944444,SL,-4.288868055555591,59,0.4413524387288087,ml_v6,2026-07
320220,long,2026-07-10 18:00:00,2026-07-10 18:05:00,2026-07-10 18:42:00,4102.618,4098.626934027779,SL,-4.231065972222248,37,0.42531220586482754,ml_v6,2026-07
320229,long,2026-07-10 18:45:00,2026-07-10 18:50:00,2026-07-10 19:55:00,4100.167,4106.485627777778,TP,6.078627777777811,65,0.41736365918723006,ml_v6,2026-07
320256,short,2026-07-12 22:00:00,2026-07-12 22:05:00,2026-07-12 22:11:00,4091.42,4084.9415444444444,TP,6.178455555555586,6,0.40218957417589873,ml_v6,2026-07
320259,short,2026-07-12 22:15:00,2026-07-12 22:20:00,2026-07-12 22:40:00,4085.985,4079.365327777778,TP,6.379672222222253,20,0.40202854654720543,ml_v6,2026-07
320265,short,2026-07-12 22:45:00,2026-07-12 22:50:00,2026-07-12 23:02:00,4078.057,4071.313494444444,TP,6.503505555555586,12,0.39780271801906264,ml_v6,2026-07
320269,short,2026-07-12 23:05:00,2026-07-12 23:10:00,2026-07-12 23:39:00,4071.255,4075.502409722222,SL,-4.487409722222241,29,0.3988522786357696,ml_v6,2026-07
320280,short,2026-07-13 00:00:00,2026-07-13 00:05:00,2026-07-13 00:06:00,4084.278,4088.612003472222,SL,-4.574003472222238,1,0.3863400332017948,ml_v6,2026-07
320282,short,2026-07-13 00:10:00,2026-07-13 00:15:00,2026-07-13 00:25:00,4086.685,4079.7024833333335,TP,6.7425166666666945,10,0.3857270734187398,ml_v6,2026-07
320286,short,2026-07-13 00:30:00,2026-07-13 00:35:00,2026-07-13 00:36:00,4062.549,4067.0060729166667,SL,-4.697072916666686,1,0.3892960377530191,ml_v6,2026-07
320288,short,2026-07-13 00:40:00,2026-07-13 00:45:00,2026-07-13 01:01:00,4073.036,4065.8419222222224,TP,6.9540777777778064,16,0.3857540698616898,ml_v6,2026-07
320294,short,2026-07-13 01:10:00,2026-07-13 01:15:00,2026-07-13 01:21:00,4079.341,4071.9987499999997,TP,7.10225000000003,6,0.38575389666060395,ml_v6,2026-07
320297,short,2026-07-13 01:25:00,2026-07-13 01:30:00,2026-07-13 01:32:00,4079.87,4084.497482638889,SL,-4.867482638888909,2,0.3877669877922931,ml_v6,2026-07
320299,short,2026-07-13 01:35:00,2026-07-13 01:40:00,2026-07-13 01:53:00,4087.375,4079.9209166666665,TP,7.214083333333372,13,0.3950329820897751,ml_v6,2026-07
320303,short,2026-07-13 01:55:00,2026-07-13 02:00:00,2026-07-13 02:30:00,4072.323,4064.8153277777774,TP,7.26767222222226,30,0.38630791223059807,ml_v6,2026-07
320311,short,2026-07-13 02:35:00,2026-07-13 02:40:00,2026-07-13 03:00:00,4075.221,4067.7950166666665,TP,7.185983333333377,20,0.3938541147025269,ml_v6,2026-07
320317,short,2026-07-13 03:05:00,2026-07-13 03:10:00,2026-07-13 03:11:00,4061.569,4054.1648333333333,TP,7.1641666666667145,1,0.3930017197011144,ml_v6,2026-07
320319,short,2026-07-13 03:15:00,2026-07-13 03:20:00,2026-07-13 04:14:00,4059.701,4052.280727777778,TP,7.180272222222272,54,0.3894929581759603,ml_v6,2026-07
320331,short,2026-07-13 04:15:00,2026-07-13 04:20:00,2026-07-13 05:05:00,4056.918,4061.548045138889,SL,-4.870045138888919,45,0.39411400042152195,ml_v6,2026-07
320342,short,2026-07-13 05:10:00,2026-07-13 05:15:00,2026-07-13 05:22:00,4069.379,4061.919233333333,TP,7.219766666666721,7,0.402367957331361,ml_v6,2026-07
320345,short,2026-07-13 05:25:00,2026-07-13 05:30:00,2026-07-13 05:35:00,4058.238,4062.9087881944442,SL,-4.91078819444448,5,0.40994497748246506,ml_v6,2026-07
320348,short,2026-07-13 05:40:00,2026-07-13 05:45:00,2026-07-13 05:56:00,4063.766,4056.208888888889,TP,7.317111111111171,11,0.39746961632601874,ml_v6,2026-07
320352,short,2026-07-13 06:00:00,2026-07-13 06:05:00,2026-07-13 06:21:00,4051.266,4056.0415902777777,SL,-5.015590277777813,16,0.3873063493563609,ml_v6,2026-07
320357,long,2026-07-13 06:25:00,2026-07-13 06:30:00,2026-07-13 06:50:00,4061.052,4056.2309062500003,SL,-5.0610937500000315,20,0.40757496446702624,ml_v6,2026-07
320363,short,2026-07-13 06:55:00,2026-07-13 07:00:00,2026-07-13 07:09:00,4055.427,4060.2355833333336,SL,-5.048583333333366,9,0.3885384065503821,ml_v6,2026-07
320366,long,2026-07-13 07:10:00,2026-07-13 07:15:00,2026-07-13 07:58:00,4055.639,4063.407111111111,TP,7.528111111111158,43,0.40738907837865523,ml_v6,2026-07
320376,long,2026-07-13 08:00:00,2026-07-13 08:05:00,2026-07-13 08:11:00,4065.147,4072.930438888889,TP,7.5434388888889305,6,0.41806275788695324,ml_v6,2026-07
320379,long,2026-07-13 08:15:00,2026-07-13 08:20:00,2026-07-13 09:37:00,4075.017,4070.1404965277775,SL,-5.1165034722222495,77,0.4233597637378592,ml_v6,2026-07
320396,long,2026-07-13 09:40:00,2026-07-13 09:45:00,2026-07-13 10:00:00,4072.78,4067.8945868055557,SL,-5.125413194444478,15,0.4319033344405149,ml_v6,2026-07
320401,long,2026-07-13 10:05:00,2026-07-13 10:10:00,2026-07-13 10:29:00,4069.143,4064.282885416667,SL,-5.100114583333366,19,0.41912498891734806,ml_v6,2026-07
320406,long,2026-07-13 10:30:00,2026-07-13 10:35:00,2026-07-13 10:41:00,4066.071,4061.206059027778,SL,-5.104940972222251,6,0.43289591551234263,ml_v6,2026-07
320412,long,2026-07-13 11:00:00,2026-07-13 11:05:00,2026-07-13 11:23:00,4063.528,4058.568486111111,SL,-5.1995138888889105,18,0.4142718477063087,ml_v6,2026-07
320417,long,2026-07-13 11:25:00,2026-07-13 11:30:00,2026-07-13 11:52:00,4062.931,4057.9530381944446,SL,-5.217961805555576,22,0.40729072143825756,ml_v6,2026-07
320423,long,2026-07-13 11:55:00,2026-07-13 12:00:00,2026-07-13 12:47:00,4056.507,4064.5447611111113,TP,7.797761111111143,47,0.4161775007696239,ml_v6,2026-07
320434,long,2026-07-13 12:50:00,2026-07-13 12:55:00,2026-07-13 13:03:00,4065.825,4060.779489583333,SL,-5.285510416666689,8,0.418823860334961,ml_v6,2026-07
320437,long,2026-07-13 13:05:00,2026-07-13 13:10:00,2026-07-13 13:15:00,4063.596,4058.523642361111,SL,-5.312357638888909,5,0.41935180346942025,ml_v6,2026-07
320440,long,2026-07-13 13:20:00,2026-07-13 13:25:00,2026-07-13 13:33:00,4061.986,4056.976368055555,SL,-5.249631944444468,8,0.41453495376392513,ml_v6,2026-07
320443,long,2026-07-13 13:35:00,2026-07-13 13:40:00,2026-07-13 13:49:00,4054.796,4049.770472222222,SL,-5.265527777777798,9,0.41352592065215227,ml_v6,2026-07
320446,long,2026-07-13 13:50:00,2026-07-13 13:55:00,2026-07-13 13:59:00,4051.428,4046.360857638889,SL,-5.307142361111134,4,0.42130851397282826,ml_v6,2026-07
320448,long,2026-07-13 14:00:00,2026-07-13 14:05:00,2026-07-13 14:06:00,4040.274,4035.169465277778,SL,-5.344534722222249,1,0.40734973646452527,ml_v6,2026-07
320450,long,2026-07-13 14:10:00,2026-07-13 14:15:00,2026-07-13 14:16:00,4036.014,4030.8863159722223,SL,-5.367684027777802,1,0.4116984224883702,ml_v6,2026-07
320452,long,2026-07-13 14:20:00,2026-07-13 14:25:00,2026-07-13 14:27:00,4020.92,4015.6658715277777,SL,-5.494128472222244,2,0.4087988379025121,ml_v6,2026-07
320473,long,2026-07-13 16:05:00,2026-07-13 16:10:00,2026-07-13 16:24:00,4015.272,4010.2253715277775,SL,-5.286628472222237,14,0.4081024345819811,ml_v6,2026-07
320477,long,2026-07-13 16:25:00,2026-07-13 16:30:00,2026-07-13 16:33:00,4003.955,3998.9265694444443,SL,-5.268430555555575,3,0.4102779195144906,ml_v6,2026-07
320480,long,2026-07-13 16:40:00,2026-07-13 16:45:00,2026-07-13 16:50:00,4000.523,3995.4417048611112,SL,-5.3212951388889085,5,0.4222253681407233,ml_v6,2026-07
320484,long,2026-07-13 17:00:00,2026-07-13 17:05:00,2026-07-13 18:18:00,3994.789,3989.6791145833336,SL,-5.349885416666687,73,0.4092486084490841,ml_v6,2026-07
320500,long,2026-07-13 18:20:00,2026-07-13 18:25:00,2026-07-13 18:51:00,3994.736,4003.0184555555556,TP,8.042455555555597,26,0.42718371514359854,ml_v6,2026-07
320509,long,2026-07-13 19:05:00,2026-07-13 19:10:00,2026-07-13 19:37:00,4000.16,3994.9146701388886,SL,-5.485329861111142,27,0.44780252603309245,ml_v6,2026-07
320516,long,2026-07-13 19:40:00,2026-07-13 19:45:00,2026-07-13 23:34:00,3999.085,3993.8196597222222,SL,-5.505340277777806,167,0.46703566434889404,ml_v6,2026-07
320551,long,2026-07-13 23:35:00,2026-07-13 23:40:00,2026-07-14 00:01:00,3995.828,4003.9271777777776,TP,7.859177777777807,21,0.4547557332205529,ml_v6,2026-07
320557,long,2026-07-14 00:05:00,2026-07-14 00:10:00,2026-07-14 00:19:00,3994.767,3989.679534722222,SL,-5.327465277777799,9,0.4264990675758934,ml_v6,2026-07
320568,short,2026-07-14 01:00:00,2026-07-14 01:05:00,2026-07-14 01:19:00,3998.734,4003.945420138889,SL,-5.451420138888915,14,0.3901761135083316,ml_v6,2026-07
320572,short,2026-07-14 01:20:00,2026-07-14 01:25:00,2026-07-14 01:32:00,3997.554,4002.7891319444448,SL,-5.4751319444444695,7,0.3887627681714175,ml_v6,2026-07
320575,short,2026-07-14 01:35:00,2026-07-14 01:40:00,2026-07-14 01:45:00,3997.496,4002.683090277778,SL,-5.4270902777778005,5,0.39246685728420555,ml_v6,2026-07
320580,short,2026-07-14 02:00:00,2026-07-14 02:05:00,2026-07-14 02:11:00,4009.491,4014.66996875,SL,-5.418968750000021,6,0.38544321930820924,ml_v6,2026-07
320584,short,2026-07-14 02:20:00,2026-07-14 02:25:00,2026-07-14 04:32:00,4014.661,4019.8054548611112,SL,-5.3844548611111325,127,0.3877399203818558,ml_v6,2026-07
320612,long,2026-07-14 04:40:00,2026-07-14 04:45:00,2026-07-14 05:32:00,4020.716,4028.6198999999997,TP,7.663900000000021,47,0.4050640178952011,ml_v6,2026-07
320626,long,2026-07-14 05:50:00,2026-07-14 05:55:00,2026-07-14 06:25:00,4030.75,4025.7976909722224,SL,-5.192309027777785,30,0.408376902308887,ml_v6,2026-07
320635,short,2026-07-14 06:35:00,2026-07-14 06:40:00,2026-07-14 07:08:00,4024.109,4028.953684027778,SL,-5.08468402777778,28,0.38875009957622897,ml_v6,2026-07
320645,short,2026-07-14 07:25:00,2026-07-14 07:30:00,2026-07-14 08:03:00,4026.426,4018.8070944444444,TP,7.378905555555567,33,0.38530179456586533,ml_v6,2026-07
320663,long,2026-07-14 08:55:00,2026-07-14 09:00:00,2026-07-14 09:11:00,4016.012,4023.5435444444447,TP,7.291544444444451,11,0.410309288893664,ml_v6,2026-07
320671,long,2026-07-14 09:35:00,2026-07-14 09:40:00,2026-07-14 09:49:00,4016.038,4023.5214111111113,TP,7.24341111111112,9,0.4324401840568828,ml_v6,2026-07
320674,long,2026-07-14 09:50:00,2026-07-14 09:55:00,2026-07-14 10:25:00,4021.015,4016.3279756944444,SL,-4.927024305555562,30,0.4186358281756096,ml_v6,2026-07
320685,short,2026-07-14 10:45:00,2026-07-14 10:50:00,2026-07-14 11:24:00,4021.688,4026.372368055556,SL,-4.9243680555555605,34,0.38516181723798737,ml_v6,2026-07
320693,short,2026-07-14 11:25:00,2026-07-14 11:30:00,2026-07-14 11:35:00,4025.034,4029.758152777778,SL,-4.964152777777786,5,0.38508325751868255,ml_v6,2026-07
320696,short,2026-07-14 11:40:00,2026-07-14 11:45:00,2026-07-14 12:02:00,4027.947,4032.619274305556,SL,-4.912274305555565,17,0.3880764640238938,ml_v6,2026-07
320706,long,2026-07-14 12:30:00,2026-07-14 12:35:00,2026-07-14 12:36:00,4095.88,4090.985704861111,SL,-5.154295138888896,1,0.41332659566158153,ml_v6,2026-07
320708,long,2026-07-14 12:40:00,2026-07-14 12:45:00,2026-07-14 12:46:00,4092.714,4087.749638888889,SL,-5.204361111111119,1,0.41929836435423323,ml_v6,2026-07
320712,long,2026-07-14 13:00:00,2026-07-14 13:05:00,2026-07-14 13:21:00,4072.527,4080.6041277777776,TP,7.8371277777777895,16,0.4044350445306615,ml_v6,2026-07
320717,long,2026-07-14 13:25:00,2026-07-14 13:30:00,2026-07-14 13:32:00,4081.543,4076.4428472222226,SL,-5.340152777777783,2,0.4194171805253892,ml_v6,2026-07
320719,long,2026-07-14 13:35:00,2026-07-14 13:40:00,2026-07-14 13:46:00,4086.348,4081.2080312499997,SL,-5.379968750000004,6,0.4466795538259972,ml_v6,2026-07
320725,long,2026-07-14 14:05:00,2026-07-14 14:10:00,2026-07-14 14:15:00,4080.111,4074.910520833333,SL,-5.44047916666667,5,0.4048915442911932,ml_v6,2026-07
320728,long,2026-07-14 14:20:00,2026-07-14 14:25:00,2026-07-14 14:31:00,4078.792,4073.516291666667,SL,-5.515708333333335,6,0.44021876219711636,ml_v6,2026-07
320731,long,2026-07-14 14:35:00,2026-07-14 14:40:00,2026-07-14 15:04:00,4079.423,4087.9199611111108,TP,8.256961111111119,24,0.44583005960907685,ml_v6,2026-07
320739,long,2026-07-14 15:15:00,2026-07-14 15:20:00,2026-07-14 15:34:00,4086.956,4081.7499166666666,SL,-5.44608333333333,14,0.4233903339305641,ml_v6,2026-07
320743,long,2026-07-14 15:35:00,2026-07-14 15:40:00,2026-07-14 15:41:00,4076.213,4071.1125625000004,SL,-5.340437499999997,1,0.43083757176902765,ml_v6,2026-07
320745,long,2026-07-14 15:45:00,2026-07-14 15:50:00,2026-07-14 15:54:00,4071.58,4066.4753680555555,SL,-5.344631944444443,4,0.4287957549613804,ml_v6,2026-07
320747,long,2026-07-14 15:55:00,2026-07-14 16:00:00,2026-07-14 16:05:00,4066.247,4061.1511701388886,SL,-5.335829861111107,5,0.4265199251768499,ml_v6,2026-07
320750,long,2026-07-14 16:10:00,2026-07-14 16:15:00,2026-07-14 16:23:00,4063.035,4057.927954861111,SL,-5.347045138888887,8,0.42563854348745933,ml_v6,2026-07
320770,long,2026-07-14 17:50:00,2026-07-14 17:55:00,2026-07-14 18:24:00,4062.896,4057.898420138889,SL,-5.237579861111108,29,0.4140862786913233,ml_v6,2026-07
320780,long,2026-07-14 18:40:00,2026-07-14 18:45:00,2026-07-14 18:58:00,4046.443,4054.4382944444446,TP,7.7552944444444325,13,0.4109618090684634,ml_v6,2026-07
320785,long,2026-07-14 19:05:00,2026-07-14 19:10:00,2026-07-14 19:30:00,4054.43,4049.438597222222,SL,-5.231402777777769,20,0.4046198182323245,ml_v6,2026-07
320791,long,2026-07-14 19:35:00,2026-07-14 19:40:00,2026-07-15 00:42:00,4050.902,4054.137,TIMEOUT,2.995000000000127,240,0.40608375925848184,ml_v6,2026-07
320841,long,2026-07-15 00:45:00,2026-07-15 00:50:00,2026-07-15 01:31:00,4055.093,4050.211097222222,SL,-5.12190277777777,41,0.4060512565489451,ml_v6,2026-07
320853,long,2026-07-15 01:45:00,2026-07-15 01:50:00,2026-07-15 01:57:00,4041.372,4036.5981215277775,SL,-5.013878472222216,7,0.409669387226519,ml_v6,2026-07
320860,long,2026-07-15 02:20:00,2026-07-15 02:25:00,2026-07-15 02:42:00,4031.783,4039.3505055555556,TP,7.3275055555555415,17,0.41059890104275454,ml_v6,2026-07
320865,long,2026-07-15 02:45:00,2026-07-15 02:50:00,2026-07-15 02:52:00,4040.011,4035.3275590277776,SL,-4.923440972222217,2,0.431218994033129,ml_v6,2026-07
320867,long,2026-07-15 02:55:00,2026-07-15 03:00:00,2026-07-15 03:27:00,4035.265,4030.599579861111,SL,-4.905420138888883,27,0.421844748598247,ml_v6,2026-07
320874,long,2026-07-15 03:30:00,2026-07-15 03:35:00,2026-07-15 03:42:00,4033.338,4028.6932881944444,SL,-4.884711805555553,7,0.41443835928856393,ml_v6,2026-07
320877,long,2026-07-15 03:45:00,2026-07-15 03:50:00,2026-07-15 05:11:00,4032.024,4027.3820729166664,SL,-4.881927083333327,81,0.408040327535924,ml_v6,2026-07
320895,short,2026-07-15 05:15:00,2026-07-15 05:20:00,2026-07-15 05:40:00,4027.613,4032.241267361111,SL,-4.868267361111109,20,0.3988440442553469,ml_v6,2026-07
320901,short,2026-07-15 05:45:00,2026-07-15 05:50:00,2026-07-15 05:56:00,4028.868,4033.52409375,SL,-4.896093749999995,6,0.4028681884811026,ml_v6,2026-07
320904,short,2026-07-15 06:00:00,2026-07-15 06:05:00,2026-07-15 06:18:00,4031.198,4023.7294166666666,TP,7.228583333333328,13,0.39231357031025277,ml_v6,2026-07
320908,short,2026-07-15 06:20:00,2026-07-15 06:25:00,2026-07-15 06:42:00,4026.338,4031.027375,SL,-4.9293749999999985,17,0.40659141701596174,ml_v6,2026-07
320913,short,2026-07-15 06:45:00,2026-07-15 06:50:00,2026-07-15 07:26:00,4030.198,4022.7181333333333,TP,7.239866666666665,36,0.401062601893714,ml_v6,2026-07
320922,short,2026-07-15 07:30:00,2026-07-15 07:35:00,2026-07-15 08:33:00,4023.599,4028.2997569444447,SL,-4.940756944444446,58,0.4009595355266641,ml_v6,2026-07
320935,short,2026-07-15 08:35:00,2026-07-15 08:40:00,2026-07-15 08:56:00,4026.516,4031.2457777777777,SL,-4.969777777777778,16,0.39732567836081223,ml_v6,2026-07
320940,short,2026-07-15 09:00:00,2026-07-15 09:05:00,2026-07-15 09:36:00,4033.095,4025.558544444444,TP,7.296455555555555,31,0.39019443862027703,ml_v6,2026-07
320948,short,2026-07-15 09:40:00,2026-07-15 09:45:00,2026-07-15 10:06:00,4027.364,4032.056395833333,SL,-4.932395833333333,21,0.39973465129675034,ml_v6,2026-07
320954,short,2026-07-15 10:10:00,2026-07-15 10:15:00,2026-07-15 11:41:00,4033.786,4038.474635416667,SL,-4.928635416666661,86,0.3845526648713006,ml_v6,2026-07
320973,long,2026-07-15 11:45:00,2026-07-15 11:50:00,2026-07-15 12:30:00,4036.712,4044.2105277777778,TP,7.258527777777766,40,0.43675638400054306,ml_v6,2026-07
320983,long,2026-07-15 12:35:00,2026-07-15 12:40:00,2026-07-15 12:42:00,4063.628,4058.896649305556,SL,-4.971350694444434,2,0.4199298521996582,ml_v6,2026-07
320991,short,2026-07-15 13:15:00,2026-07-15 13:20:00,2026-07-15 13:25:00,4065.673,4057.9925388888887,TP,7.440461111111089,5,0.3846822207841699,ml_v6,2026-07
321002,short,2026-07-15 14:10:00,2026-07-15 14:15:00,2026-07-15 14:24:00,4064.16,4057.107122222222,TP,6.812877777777755,9,0.3845927294709227,ml_v6,2026-07
321005,short,2026-07-15 14:25:00,2026-07-15 14:30:00,2026-07-15 14:34:00,4058.625,4063.0044756944444,SL,-4.619475694444431,4,0.3855465799370598,ml_v6,2026-07
321009,short,2026-07-15 14:45:00,2026-07-15 14:50:00,2026-07-15 15:11:00,4059.824,4052.874138888889,TP,6.709861111111085,21,0.3875695466795754,ml_v6,2026-07
321026,short,2026-07-15 16:10:00,2026-07-15 16:15:00,2026-07-15 16:34:00,4038.379,4031.8042444444445,TP,6.334755555555537,19,0.3916869322258212,ml_v6,2026-07
321031,short,2026-07-15 16:35:00,2026-07-15 16:40:00,2026-07-15 16:46:00,4030.423,4034.531361111111,SL,-4.348361111111096,6,0.38995712727097404,ml_v6,2026-07
321041,short,2026-07-15 17:25:00,2026-07-15 17:30:00,2026-07-15 17:31:00,4047.267,4051.3637118055553,SL,-4.336711805555539,1,0.388638144887715,ml_v6,2026-07
321043,short,2026-07-15 17:35:00,2026-07-15 17:40:00,2026-07-15 17:43:00,4056.839,4060.9630694444445,SL,-4.364069444444427,3,0.40239571804802177,ml_v6,2026-07
321045,short,2026-07-15 17:45:00,2026-07-15 17:50:00,2026-07-15 18:05:00,4065.007,4069.143361111111,SL,-4.376361111111096,15,0.39791379148761985,ml_v6,2026-07
321050,short,2026-07-15 18:10:00,2026-07-15 18:15:00,2026-07-15 18:25:00,4067.815,4071.9607430555557,SL,-4.385743055555539,10,0.38521136224833874,ml_v6,2026-07
321056,short,2026-07-15 18:40:00,2026-07-15 18:45:00,2026-07-15 18:57:00,4067.715,4061.0406888888892,TP,6.434311111111085,12,0.3859459493401777,ml_v6,2026-07
321060,short,2026-07-15 19:00:00,2026-07-15 19:05:00,2026-07-15 19:20:00,4060.935,4054.214838888889,TP,6.480161111111082,15,0.3855862922878541,ml_v6,2026-07
321071,short,2026-07-15 19:55:00,2026-07-15 20:00:00,2026-07-15 20:21:00,4056.759,4060.9442222222224,SL,-4.42522222222221,21,0.38728242389691736,ml_v6,2026-07
321079,long,2026-07-15 20:35:00,2026-07-15 20:40:00,2026-07-15 22:52:00,4062.715,4058.5511944444447,SL,-4.403805555555546,70,0.40407786579742794,ml_v6,2026-07
321095,long,2026-07-15 22:55:00,2026-07-15 23:00:00,2026-07-16 00:07:00,4059.708,4055.552888888889,SL,-4.395111111111099,67,0.44564854967157064,ml_v6,2026-07
321117,short,2026-07-16 00:45:00,2026-07-16 00:50:00,2026-07-16 00:55:00,4059.192,4052.4702444444447,TP,6.4817555555555435,5,0.39465934195012964,ml_v6,2026-07
321128,short,2026-07-16 01:40:00,2026-07-16 01:45:00,2026-07-16 02:05:00,4042.186,4035.285927777778,TP,6.6600722222222135,20,0.3912981260971966,ml_v6,2026-07
321135,long,2026-07-16 02:15:00,2026-07-16 02:20:00,2026-07-16 02:38:00,4032.998,4028.6962083333333,SL,-4.541791666666661,18,0.40797653156038355,ml_v6,2026-07
321140,long,2026-07-16 02:40:00,2026-07-16 02:45:00,2026-07-16 03:35:00,4027.779,4034.626333333333,TP,6.607333333333323,50,0.4034174208553015,ml_v6,2026-07
321155,short,2026-07-16 03:55:00,2026-07-16 04:00:00,2026-07-16 05:10:00,4036.075,4029.363661111111,TP,6.471338888888879,70,0.3913103923108778,ml_v6,2026-07
321172,short,2026-07-16 05:20:00,2026-07-16 05:25:00,2026-07-16 05:32:00,4027.263,4031.4292326388886,SL,-4.40623263888888,7,0.3875441399916637,ml_v6,2026-07
321175,short,2026-07-16 05:35:00,2026-07-16 05:40:00,2026-07-16 06:05:00,4029.444,4033.626059027778,SL,-4.4220590277777685,25,0.409919564648454,ml_v6,2026-07
321182,short,2026-07-16 06:10:00,2026-07-16 06:15:00,2026-07-16 06:35:00,4032.266,4025.5326444444445,TP,6.493355555555542,20,0.40214976117499024,ml_v6,2026-07
321188,short,2026-07-16 06:40:00,2026-07-16 06:45:00,2026-07-16 06:55:00,4026.856,4031.0416562500004,SL,-4.425656249999992,10,0.39797564888894377,ml_v6,2026-07
321192,short,2026-07-16 07:00:00,2026-07-16 07:05:00,2026-07-16 08:02:00,4029.127,4033.2874930555554,SL,-4.400493055555549,57,0.3954057771972023,ml_v6,2026-07
321205,short,2026-07-16 08:05:00,2026-07-16 08:10:00,2026-07-16 08:25:00,4028.477,4032.603795138889,SL,-4.366795138888885,15,0.39990225323360384,ml_v6,2026-07
321210,short,2026-07-16 08:30:00,2026-07-16 08:35:00,2026-07-16 08:47:00,4032.153,4036.264302083333,SL,-4.35130208333333,12,0.38959408717982225,ml_v6,2026-07
321214,short,2026-07-16 08:50:00,2026-07-16 08:55:00,2026-07-16 09:14:00,4033.347,4037.444892361111,SL,-4.337892361111107,19,0.3949936329927895,ml_v6,2026-07
321219,short,2026-07-16 09:15:00,2026-07-16 09:20:00,2026-07-16 10:11:00,4036.126,4029.6572111111113,TP,6.228788888888882,51,0.3852641758616022,ml_v6,2026-07
321231,short,2026-07-16 10:15:00,2026-07-16 10:20:00,2026-07-16 11:16:00,4032.273,4025.810066666667,TP,6.222933333333325,56,0.39249050107245104,ml_v6,2026-07
321244,short,2026-07-16 11:20:00,2026-07-16 11:25:00,2026-07-16 11:33:00,4025.063,4029.06775,SL,-4.244749999999995,8,0.4054867347395741,ml_v6,2026-07
321247,short,2026-07-16 11:35:00,2026-07-16 11:40:00,2026-07-16 11:43:00,4030.893,4034.9179027777777,SL,-4.264902777777773,3,0.3922175936470266,ml_v6,2026-07
321249,short,2026-07-16 11:45:00,2026-07-16 11:50:00,2026-07-16 11:51:00,4032.388,4036.457892361111,SL,-4.309892361111106,1,0.38944709872331773,ml_v6,2026-07
321252,long,2026-07-16 12:00:00,2026-07-16 12:05:00,2026-07-16 12:06:00,4042.057,4037.9320451388885,SL,-4.364954861111107,1,0.4063518842376833,ml_v6,2026-07
321254,short,2026-07-16 12:10:00,2026-07-16 12:15:00,2026-07-16 12:16:00,4031.595,4024.935594444444,TP,6.4194055555555485,1,0.3877597210320488,ml_v6,2026-07
321257,long,2026-07-16 12:25:00,2026-07-16 12:30:00,2026-07-16 12:35:00,4025.501,4021.234822916667,SL,-4.506177083333334,5,0.4118879044159166,ml_v6,2026-07
321260,long,2026-07-16 12:40:00,2026-07-16 12:45:00,2026-07-16 12:50:00,4002.888,3998.5475,SL,-4.5805,5,0.408143515801659,ml_v6,2026-07
321264,long,2026-07-16 13:00:00,2026-07-16 13:05:00,2026-07-16 13:07:00,3978.391,3985.5016277777777,TP,6.870627777777775,2,0.40344020848523277,ml_v6,2026-07
321266,long,2026-07-16 13:10:00,2026-07-16 13:15:00,2026-07-16 13:24:00,3992.148,3999.3540888888892,TP,6.966088888888884,9,0.4145104275528159,ml_v6,2026-07
321269,long,2026-07-16 13:25:00,2026-07-16 13:30:00,2026-07-16 13:32:00,4005.418,4000.8683993055556,SL,-4.789600694444441,2,0.4092579780306247,ml_v6,2026-07
321319,short,2026-07-16 17:35:00,2026-07-16 17:40:00,2026-07-16 17:53:00,3982.621,3987.224809027778,SL,-4.843809027777781,13,0.3873205302106323,ml_v6,2026-07
321330,short,2026-07-16 18:30:00,2026-07-16 18:35:00,2026-07-16 18:45:00,3979.297,3983.841513888889,SL,-4.784513888888888,10,0.38668649842974945,ml_v6,2026-07
321338,short,2026-07-16 19:10:00,2026-07-16 19:15:00,2026-07-16 19:35:00,3980.581,3973.3412722222224,TP,6.999727777777779,20,0.3847515954727146,ml_v6,2026-07
321349,long,2026-07-16 20:05:00,2026-07-16 20:10:00,2026-07-16 20:20:00,3976.357,3971.837545138889,SL,-4.759454861111115,10,0.4110821826446424,ml_v6,2026-07
321353,long,2026-07-16 20:25:00,2026-07-16 20:30:00,2026-07-16 23:57:00,3975.078,3982.273261111111,TP,6.955261111111114,145,0.4293815394316668,ml_v6,2026-07
321384,long,2026-07-17 00:00:00,2026-07-17 00:05:00,2026-07-17 01:00:00,3984.897,3992.0651944444444,TP,6.928194444444445,55,0.43485856562299813,ml_v6,2026-07
321397,long,2026-07-17 01:05:00,2026-07-17 01:10:00,2026-07-17 01:47:00,3990.563,3986.0031944444445,SL,-4.79980555555555,37,0.4246085835298603,ml_v6,2026-07
321406,long,2026-07-17 01:50:00,2026-07-17 01:55:00,2026-07-17 02:36:00,3980.118,3975.509652777778,SL,-4.84834722222222,41,0.40810953806647726,ml_v6,2026-07
321416,short,2026-07-17 02:40:00,2026-07-17 02:45:00,2026-07-17 02:55:00,3975.069,3979.6152534722223,SL,-4.786253472222219,10,0.38919356017945184,ml_v6,2026-07
321420,long,2026-07-17 03:00:00,2026-07-17 03:05:00,2026-07-17 03:18:00,3988.813,3996.1361944444448,TP,7.083194444444438,13,0.4577862811226284,ml_v6,2026-07
321424,long,2026-07-17 03:20:00,2026-07-17 03:25:00,2026-07-17 03:33:00,4003.105,3998.48459375,SL,-4.860406249999998,8,0.4392602151969233,ml_v6,2026-07
321427,long,2026-07-17 03:35:00,2026-07-17 03:40:00,2026-07-17 03:52:00,3999.132,3994.5166354166668,SL,-4.855364583333332,12,0.43767911590172703,ml_v6,2026-07
321431,long,2026-07-17 03:55:00,2026-07-17 04:00:00,2026-07-17 04:17:00,3991.146,3986.5374618055557,SL,-4.848538194444446,17,0.4251545145943244,ml_v6,2026-07
321436,long,2026-07-17 04:20:00,2026-07-17 04:25:00,2026-07-17 04:38:00,3986.755,3982.1361840277777,SL,-4.858815972222221,13,0.4179095956682939,ml_v6,2026-07
321440,long,2026-07-17 04:40:00,2026-07-17 04:45:00,2026-07-17 05:09:00,3981.896,3977.2659131944447,SL,-4.870086805555554,24,0.420712629865742,ml_v6,2026-07
321446,long,2026-07-17 05:10:00,2026-07-17 05:15:00,2026-07-17 05:41:00,3979.678,3987.0944277777776,TP,7.176427777777767,26,0.4167352991366189,ml_v6,2026-07
321453,long,2026-07-17 05:45:00,2026-07-17 05:50:00,2026-07-17 06:11:00,3988.046,3995.5793944444445,TP,7.293394444444432,21,0.4119197942474519,ml_v6,2026-07
321459,long,2026-07-17 06:15:00,2026-07-17 06:20:00,2026-07-17 06:40:00,4002.162,3997.3710868055555,SL,-5.0309131944444365,20,0.43366780096330776,ml_v6,2026-07
321465,long,2026-07-17 06:45:00,2026-07-17 06:50:00,2026-07-17 07:57:00,3997.701,3992.9090555555554,SL,-5.031944444444436,67,0.43004585021362834,ml_v6,2026-07
321480,long,2026-07-17 08:00:00,2026-07-17 08:05:00,2026-07-17 08:11:00,3999.011,3994.1921909722223,SL,-5.058809027777764,6,0.45623411905853384,ml_v6,2026-07
321483,long,2026-07-17 08:15:00,2026-07-17 08:20:00,2026-07-17 08:49:00,3990.317,3998.058538888889,TP,7.501538888888868,29,0.42268048779031486,ml_v6,2026-07
321490,long,2026-07-17 08:50:00,2026-07-17 08:55:00,2026-07-17 11:06:00,3995.175,3990.2972361111115,SL,-5.117763888888875,131,0.4541698678035791,ml_v6,2026-07
321518,short,2026-07-17 11:10:00,2026-07-17 11:15:00,2026-07-17 11:54:00,3991.854,3996.757131944444,SL,-5.143131944444425,39,0.40498728527849026,ml_v6,2026-07
321527,short,2026-07-17 11:55:00,2026-07-17 12:00:00,2026-07-17 12:22:00,3994.086,3986.168711111111,TP,7.677288888888864,22,0.3986364675552625,ml_v6,2026-07
321533,short,2026-07-17 12:25:00,2026-07-17 12:30:00,2026-07-17 12:39:00,3987.457,3979.492611111111,TP,7.72438888888886,9,0.3987867045123469,ml_v6,2026-07
321536,short,2026-07-17 12:40:00,2026-07-17 12:45:00,2026-07-17 13:00:00,3969.781,3961.7613444444446,TP,7.779655555555529,15,0.3933949731497146,ml_v6,2026-07
321541,short,2026-07-17 13:05:00,2026-07-17 13:10:00,2026-07-17 13:20:00,3969.439,3974.4408784722223,SL,-5.241878472222204,10,0.39292346623800517,ml_v6,2026-07
321546,short,2026-07-17 13:30:00,2026-07-17 13:35:00,2026-07-17 13:36:00,3965.879,3970.8112499999997,SL,-5.172249999999979,1,0.38592203781052237,ml_v6,2026-07
321548,short,2026-07-17 13:40:00,2026-07-17 13:45:00,2026-07-17 13:48:00,3985.1,3990.126895833333,SL,-5.266895833333313,3,0.3957646953377396,ml_v6,2026-07
321550,short,2026-07-17 13:50:00,2026-07-17 13:55:00,2026-07-17 13:57:00,3988.808,3993.828329861111,SL,-5.260329861111092,2,0.4003087676931171,ml_v6,2026-07
321552,short,2026-07-17 14:00:00,2026-07-17 14:05:00,2026-07-17 14:06:00,3994.282,3999.2709930555557,SL,-5.228993055555538,1,0.39465832542771806,ml_v6,2026-07
321554,short,2026-07-17 14:10:00,2026-07-17 14:15:00,2026-07-17 14:16:00,3994.507,3999.458701388889,SL,-5.191701388888872,1,0.40246471556867625,ml_v6,2026-07
321556,short,2026-07-17 14:20:00,2026-07-17 14:25:00,2026-07-17 14:31:00,4002.628,3994.6910222222223,TP,7.69697777777775,6,0.4033231416627314,ml_v6,2026-07
321559,short,2026-07-17 14:35:00,2026-07-17 14:40:00,2026-07-17 15:01:00,3997.204,4002.106215277778,SL,-5.14221527777776,21,0.3894151776728921,ml_v6,2026-07
321565,long,2026-07-17 15:05:00,2026-07-17 15:10:00,2026-07-17 15:13:00,4008.117,4003.172010416667,SL,-5.184989583333317,3,0.4052457698581072,ml_v6,2026-07
321567,short,2026-07-17 15:15:00,2026-07-17 15:20:00,2026-07-17 15:21:00,4005.586,4010.521625,SL,-5.175624999999983,1,0.3914643681536165,ml_v6,2026-07
321569,long,2026-07-17 15:25:00,2026-07-17 15:30:00,2026-07-17 16:18:00,4013.475,4021.3747666666663,TP,7.659766666666636,48,0.4034500750671892,ml_v6,2026-07
321581,short,2026-07-17 16:25:00,2026-07-17 16:30:00,2026-07-17 17:35:00,4018.754,4010.970122222222,TP,7.5438777777777455,65,0.3901359471883432,ml_v6,2026-07
321596,short,2026-07-17 17:40:00,2026-07-17 17:45:00,2026-07-17 18:29:00,4010.879,4015.649642361111,SL,-5.010642361111087,44,0.38990605405661394,ml_v6,2026-07
321606,short,2026-07-17 18:30:00,2026-07-17 18:35:00,2026-07-17 19:06:00,4013.181,4005.5858222222223,TP,7.355177777777741,31,0.39177174479682064,ml_v6,2026-07
321614,short,2026-07-17 19:10:00,2026-07-17 19:15:00,2026-07-17 19:45:00,4005.919,4010.642628472222,SL,-4.963628472222203,30,0.38916103812430064,ml_v6,2026-07
321622,short,2026-07-17 19:50:00,2026-07-17 19:55:00,2026-07-17 20:57:00,4015.691,4017.752,TIMEOUT,-2.3010000000001494,62,0.38511256710603964,ml_v6,2026-07
