row,dir,signal_time,entry_time,exit_time,entry_px,exit_px,outcome,pnl,dur_m1,prob,variant,fold
182910,long,2024-08-01 04:50:00,2024-08-01 04:55:00,2024-08-01 07:03:00,2444.789,2442.5377449461807,SL,-2.4312550538194557,128,0.3259367134859089,ml_v3bal_hi3,2024-08
183622,long,2024-08-05 18:15:00,2024-08-05 18:20:00,2024-08-06 01:23:00,2407.822,2413.269,TIMEOUT,5.266999999999662,360,0.32610000825879265,ml_v3bal_hi3,2024-08
184135,short,2024-08-07 15:00:00,2024-08-07 15:05:00,2024-08-07 15:32:00,2400.292,2394.0019583333333,TP,6.110041666666696,27,0.2971315429909335,ml_v3bal_hi3,2024-08
184550,long,2024-08-09 03:35:00,2024-08-09 03:40:00,2024-08-09 05:46:00,2420.366,2418.174076536111,SL,-2.371923463888891,126,0.3260621514608387,ml_v3bal_hi3,2024-08
184685,short,2024-08-09 14:50:00,2024-08-09 14:55:00,2024-08-09 15:01:00,2427.761,2429.8569595479166,SL,-2.275959547916659,6,0.2976143371545131,ml_v3bal_hi3,2024-08
184687,short,2024-08-09 15:00:00,2024-08-09 15:05:00,2024-08-09 15:42:00,2428.795,2430.878526542014,SL,-2.2635265420138837,37,0.2982157033168132,ml_v3bal_hi3,2024-08
184770,short,2024-08-11 23:00:00,2024-08-11 23:05:00,2024-08-12 02:03:00,2429.555,2424.598645833333,TP,4.776354166666643,178,0.29898742617169627,ml_v3bal_hi3,2024-08
184809,short,2024-08-12 02:15:00,2024-08-12 02:20:00,2024-08-12 03:52:00,2426.587,2428.483086973611,SL,-2.0760869736111016,92,0.2968362533909777,ml_v3bal_hi3,2024-08
184828,short,2024-08-12 03:50:00,2024-08-12 03:55:00,2024-08-12 04:27:00,2429.005,2430.829766838889,SL,-2.0047668388888837,32,0.30586740015573294,ml_v3bal_hi3,2024-08
184835,short,2024-08-12 04:25:00,2024-08-12 04:30:00,2024-08-12 04:46:00,2430.268,2432.0777781815973,SL,-1.9897781815972206,16,0.3058461361987093,ml_v3bal_hi3,2024-08
184839,short,2024-08-12 04:45:00,2024-08-12 04:50:00,2024-08-12 05:05:00,2432.298,2434.103079592708,SL,-1.9850795927083327,15,0.3048140966755846,ml_v3bal_hi3,2024-08
184843,short,2024-08-12 05:05:00,2024-08-12 05:10:00,2024-08-12 06:00:00,2433.314,2435.1119324993056,SL,-1.9779324993055551,50,0.3022878562118492,ml_v3bal_hi3,2024-08
184919,short,2024-08-12 11:25:00,2024-08-12 11:30:00,2024-08-12 12:06:00,2441.943,2443.731194038889,SL,-1.9681940388888968,36,0.29676316129226304,ml_v3bal_hi3,2024-08
184938,short,2024-08-12 13:00:00,2024-08-12 13:05:00,2024-08-12 13:12:00,2443.04,2444.8036812149303,SL,-1.9436812149305558,7,0.2968996112253151,ml_v3bal_hi3,2024-08
184942,short,2024-08-12 13:20:00,2024-08-12 13:25:00,2024-08-12 13:31:00,2445.859,2447.6291338378473,SL,-1.950133837847225,6,0.2988672797586403,ml_v3bal_hi3,2024-08
184944,short,2024-08-12 13:30:00,2024-08-12 13:35:00,2024-08-12 13:38:00,2449.922,2451.690102015625,SL,-1.948102015625004,3,0.30264897095222093,ml_v3bal_hi3,2024-08
184945,short,2024-08-12 13:35:00,2024-08-12 13:40:00,2024-08-12 13:41:00,2451.987,2453.760403801736,SL,-1.9534038017361142,1,0.30334212826747514,ml_v3bal_hi3,2024-08
184946,short,2024-08-12 13:40:00,2024-08-12 13:45:00,2024-08-12 13:46:00,2452.019,2453.7913521749997,SL,-1.9513521750000038,1,0.3043256198074303,ml_v3bal_hi3,2024-08
184947,short,2024-08-12 13:45:00,2024-08-12 13:50:00,2024-08-12 13:51:00,2453.771,2455.5543248086806,SL,-1.9633248086805586,1,0.30411229478377916,ml_v3bal_hi3,2024-08
184948,short,2024-08-12 13:50:00,2024-08-12 13:55:00,2024-08-12 14:00:00,2456.61,2451.90734375,TP,4.523656250000009,5,0.30438893484134294,ml_v3bal_hi3,2024-08
184950,short,2024-08-12 14:00:00,2024-08-12 14:05:00,2024-08-12 14:17:00,2452.088,2447.3385729166666,TP,4.569427083333349,12,0.30041948901671983,ml_v3bal_hi3,2024-08
184953,short,2024-08-12 14:15:00,2024-08-12 14:20:00,2024-08-12 14:32:00,2447.616,2449.436838120139,SL,-1.9998381201388973,12,0.30378700243491746,ml_v3bal_hi3,2024-08
184956,short,2024-08-12 14:30:00,2024-08-12 14:35:00,2024-08-12 14:40:00,2450.228,2452.0631680225697,SL,-2.004168022569452,5,0.29969284879226304,ml_v3bal_hi3,2024-08
184958,short,2024-08-12 14:40:00,2024-08-12 14:45:00,2024-08-12 14:49:00,2451.653,2453.465135412847,SL,-1.98113541284723,4,0.2992397207532185,ml_v3bal_hi3,2024-08
184959,short,2024-08-12 14:45:00,2024-08-12 14:50:00,2024-08-12 15:14:00,2455.426,2457.226642918403,SL,-1.9696429184027846,24,0.29781829898693735,ml_v3bal_hi3,2024-08
184964,short,2024-08-12 15:10:00,2024-08-12 15:15:00,2024-08-12 16:04:00,2458.953,2460.742428212153,SL,-1.9584282121527863,49,0.29781829898693735,ml_v3bal_hi3,2024-08
185211,short,2024-08-13 12:45:00,2024-08-13 12:50:00,2024-08-13 13:13:00,2468.738,2470.6386149211803,SL,-2.0696149211805586,23,0.29919653581637956,ml_v3bal_hi3,2024-08
185216,short,2024-08-13 13:10:00,2024-08-13 13:15:00,2024-08-13 13:20:00,2469.367,2464.268135416667,TP,4.929864583333347,5,0.2994156573917351,ml_v3bal_hi3,2024-08
185218,short,2024-08-13 13:20:00,2024-08-13 13:25:00,2024-08-13 13:29:00,2464.851,2466.826129620139,SL,-2.1441296201388957,4,0.30272857295531846,ml_v3bal_hi3,2024-08
185219,short,2024-08-13 13:25:00,2024-08-13 13:30:00,2024-08-13 13:34:00,2467.293,2469.2809197822917,SL,-2.1569197822916752,4,0.3077273313905678,ml_v3bal_hi3,2024-08
185600,long,2024-08-14 23:10:00,2024-08-14 23:15:00,2024-08-15 00:37:00,2447.446,2452.8931041666665,TP,5.278104166666682,82,0.33774630272039075,ml_v3bal_hi3,2024-08
185617,long,2024-08-15 00:35:00,2024-08-15 00:40:00,2024-08-15 00:58:00,2453.312,2451.218957228125,SL,-2.262042771875004,18,0.3504832759358181,ml_v3bal_hi3,2024-08
185622,long,2024-08-15 01:00:00,2024-08-15 01:05:00,2024-08-15 01:23:00,2451.947,2449.8299920437503,SL,-2.2860079562500015,18,0.329871453330685,ml_v3bal_hi3,2024-08
185784,short,2024-08-15 14:30:00,2024-08-15 14:35:00,2024-08-15 14:36:00,2454.138,2456.2801239774303,SL,-2.311123977430574,1,0.29645328337777205,ml_v3bal_hi3,2024-08
185785,short,2024-08-15 14:35:00,2024-08-15 14:40:00,2024-08-15 14:45:00,2454.482,2456.6129410184026,SL,-2.2999410184027953,5,0.29645328337777205,ml_v3bal_hi3,2024-08
185788,short,2024-08-15 14:50:00,2024-08-15 14:55:00,2024-08-15 15:10:00,2454.58,2456.7021232274305,SL,-2.291123227430576,15,0.29645328337777205,ml_v3bal_hi3,2024-08
185979,long,2024-08-16 07:45:00,2024-08-16 07:50:00,2024-08-16 07:56:00,2458.149,2463.2912916666664,TP,4.973291666666674,6,0.3279381861989997,ml_v3bal_hi3,2024-08
186173,short,2024-08-19 01:00:00,2024-08-19 01:05:00,2024-08-19 01:26:00,2501.036,2495.2641979166665,TP,5.5918020833333415,21,0.2973460500146828,ml_v3bal_hi3,2024-08
186183,short,2024-08-19 01:50:00,2024-08-19 01:55:00,2024-08-19 02:36:00,2497.999,2500.2767123951385,SL,-2.457712395138891,41,0.29982554363269426,ml_v3bal_hi3,2024-08
186193,short,2024-08-19 02:40:00,2024-08-19 02:45:00,2024-08-19 02:53:00,2500.679,2502.9585735760415,SL,-2.4595735760416746,8,0.2968945914370516,ml_v3bal_hi3,2024-08
186272,short,2024-08-19 09:15:00,2024-08-19 09:20:00,2024-08-19 10:11:00,2502.626,2496.3948229166667,TP,6.05117708333336,51,0.29700461970824815,ml_v3bal_hi3,2024-08
186405,long,2024-08-19 20:20:00,2024-08-19 20:25:00,2024-08-19 22:26:00,2504.363,2502.308938848611,SL,-2.2340611513888846,58,0.33111482164133743,ml_v3bal_hi3,2024-08
186432,short,2024-08-19 23:35:00,2024-08-19 23:40:00,2024-08-20 00:33:00,2503.486,2505.424036959375,SL,-2.118036959375001,53,0.2980869525534609,ml_v3bal_hi3,2024-08
186451,short,2024-08-20 01:10:00,2024-08-20 01:15:00,2024-08-20 01:22:00,2502.92,2504.8858554628473,SL,-2.1458554628472237,7,0.3045825307275734,ml_v3bal_hi3,2024-08
186454,short,2024-08-20 01:25:00,2024-08-20 01:30:00,2024-08-20 02:07:00,2504.524,2499.3518125,TP,4.992187499999998,37,0.29916752325553514,ml_v3bal_hi3,2024-08
186600,short,2024-08-20 13:35:00,2024-08-20 13:40:00,2024-08-20 13:44:00,2523.486,2525.5229216197918,SL,-2.2159216197916605,4,0.2980263774301491,ml_v3bal_hi3,2024-08
186601,short,2024-08-20 13:40:00,2024-08-20 13:45:00,2024-08-20 13:47:00,2525.881,2527.924056770486,SL,-2.2230567704861084,2,0.2988454942609749,ml_v3bal_hi3,2024-08
186602,short,2024-08-20 13:45:00,2024-08-20 13:50:00,2024-08-20 13:51:00,2526.859,2528.903786994097,SL,-2.2247869940972183,1,0.3015024160053215,ml_v3bal_hi3,2024-08
186603,short,2024-08-20 13:50:00,2024-08-20 13:55:00,2024-08-20 14:18:00,2529.873,2524.51103125,TP,5.181968749999989,23,0.3022949938680611,ml_v3bal_hi3,2024-08
186608,short,2024-08-20 14:15:00,2024-08-20 14:20:00,2024-08-20 14:26:00,2525.913,2520.5533958333335,TP,5.179604166666657,6,0.3012251650001488,ml_v3bal_hi3,2024-08
186611,short,2024-08-20 14:30:00,2024-08-20 14:35:00,2024-08-20 14:36:00,2525.368,2527.420449979861,SL,-2.2324499798611073,1,0.2961183284427605,ml_v3bal_hi3,2024-08
186613,short,2024-08-20 14:40:00,2024-08-20 14:45:00,2024-08-20 14:46:00,2523.848,2525.8825127993055,SL,-2.214512799305548,1,0.2977343756470936,ml_v3bal_hi3,2024-08
186614,short,2024-08-20 14:45:00,2024-08-20 14:50:00,2024-08-20 14:51:00,2525.829,2527.8638064611114,SL,-2.214806461111102,1,0.2985290843758839,ml_v3bal_hi3,2024-08
186615,short,2024-08-20 14:50:00,2024-08-20 14:55:00,2024-08-20 15:01:00,2526.667,2521.3414374999998,TP,5.145562499999976,6,0.2984137493882435,ml_v3bal_hi3,2024-08
186734,short,2024-08-21 01:45:00,2024-08-21 01:50:00,2024-08-21 02:08:00,2516.475,2518.7080202430557,SL,-2.4130202430555476,18,0.29985955817533594,ml_v3bal_hi3,2024-08
186738,short,2024-08-21 02:05:00,2024-08-21 02:10:00,2024-08-21 03:30:00,2519.029,2513.1935520833335,TP,5.655447916666643,80,0.29745862347913843,ml_v3bal_hi3,2024-08
186758,short,2024-08-21 03:45:00,2024-08-21 03:50:00,2024-08-21 06:29:00,2516.898,2519.1050232364587,SL,-2.387023236458333,159,0.29621603054834467,ml_v3bal_hi3,2024-08
187241,long,2024-08-22 22:00:00,2024-08-22 22:05:00,2024-08-23 00:39:00,2485.295,2490.6821979166666,TP,5.207197916666688,154,0.3270116218218,ml_v3bal_hi3,2024-08
187562,short,2024-08-26 01:50:00,2024-08-26 01:55:00,2024-08-26 02:17:00,2513.129,2515.2009070586805,SL,-2.2319070586805547,22,0.30280731069106676,ml_v3bal_hi3,2024-08
187581,short,2024-08-26 03:25:00,2024-08-26 03:30:00,2024-08-26 06:29:00,2511.58,2513.6087030576386,SL,-2.188703057638887,179,0.29943024562854387,ml_v3bal_hi3,2024-08
187691,short,2024-08-26 12:35:00,2024-08-26 12:40:00,2024-08-26 12:42:00,2524.061,2526.107648175,SL,-2.206648174999985,2,0.2969434355403862,ml_v3bal_hi3,2024-08
187692,short,2024-08-26 12:40:00,2024-08-26 12:45:00,2024-08-26 13:47:00,2525.562,2520.1712395833333,TP,5.230760416666628,62,0.29810179220695115,ml_v3bal_hi3,2024-08
187705,short,2024-08-26 13:45:00,2024-08-26 13:50:00,2024-08-26 14:01:00,2518.554,2513.024041666667,TP,5.3699583333332885,11,0.29914619969386674,ml_v3bal_hi3,2024-08
187974,short,2024-08-27 13:10:00,2024-08-27 13:15:00,2024-08-27 13:16:00,2507.155,2508.9286895267364,SL,-1.9336895267361074,1,0.2973600888115862,ml_v3bal_hi3,2024-08
188058,long,2024-08-27 20:10:00,2024-08-27 20:15:00,2024-08-28 01:01:00,2524.999,2523.2288502885413,SL,-1.9301497114583392,223,0.32718499800432876,ml_v3bal_hi3,2024-08
188335,long,2024-08-28 20:15:00,2024-08-28 20:20:00,2024-08-28 20:33:00,2507.408,2505.604019654861,SL,-1.9639803451388917,13,0.3284645465122602,ml_v3bal_hi3,2024-08
188340,long,2024-08-28 20:40:00,2024-08-28 20:45:00,2024-08-29 00:02:00,2504.36,2509.14265625,TP,4.622656249999997,134,0.3254474103104235,ml_v3bal_hi3,2024-08
188368,long,2024-08-29 00:00:00,2024-08-29 00:05:00,2024-08-29 00:16:00,2509.802,2514.638427083333,TP,4.676427083333319,11,0.3308204582040809,ml_v3bal_hi3,2024-08
188891,long,2024-08-30 20:35:00,2024-08-30 20:40:00,2024-09-02 01:00:00,2502.4,2500.4977818440975,SL,-2.0622181559027863,193,0.32931306333412147,ml_v3bal_hi3,2024-08
188899,long,2024-09-01 22:20:00,2024-09-01 22:25:00,2024-09-01 23:18:00,2504.073,2502.1741827652777,SL,-2.058817234722231,53,0.3361940362530778,ml_v3bal_hi3,2024-09
188920,long,2024-09-02 00:05:00,2024-09-02 00:10:00,2024-09-02 01:00:00,2502.764,2500.8482257802084,SL,-2.0757742197916795,50,0.34094852870279585,ml_v3bal_hi3,2024-09
188939,short,2024-09-02 01:40:00,2024-09-02 01:45:00,2024-09-02 02:29:00,2497.789,2492.5642187500002,TP,5.064781250000025,44,0.2977678393470595,ml_v3bal_hi3,2024-09
189010,short,2024-09-02 07:35:00,2024-09-02 07:40:00,2024-09-02 08:02:00,2497.175,2499.2305889864583,SL,-2.215588986458337,22,0.2985473747607098,ml_v3bal_hi3,2024-09
189057,short,2024-09-02 11:30:00,2024-09-02 11:35:00,2024-09-02 12:08:00,2498.69,2500.748958160417,SL,-2.218958160416673,33,0.2996167572836985,ml_v3bal_hi3,2024-09
189071,short,2024-09-02 12:40:00,2024-09-02 12:45:00,2024-09-02 23:20:00,2502.709,2497.962,TIMEOUT,4.586999999999843,360,0.2991156051439413,ml_v3bal_hi3,2024-09
189504,long,2024-09-04 06:20:00,2024-09-04 06:25:00,2024-09-04 06:30:00,2490.835,2488.840119639236,SL,-2.1548803607638956,5,0.3352342935712329,ml_v3bal_hi3,2024-09
190255,long,2024-09-09 00:00:00,2024-09-09 00:05:00,2024-09-09 01:00:00,2497.87,2495.5684573461804,SL,-2.4615426538194685,55,0.32728110793771426,ml_v3bal_hi3,2024-09
190330,short,2024-09-09 06:15:00,2024-09-09 06:20:00,2024-09-09 06:39:00,2489.836,2492.231014412847,SL,-2.5550144128472594,19,0.2978739119124747,ml_v3bal_hi3,2024-09
190336,short,2024-09-09 06:45:00,2024-09-09 06:50:00,2024-09-09 07:26:00,2491.447,2493.8883018628476,SL,-2.601301862847255,36,0.2981514947564986,ml_v3bal_hi3,2024-09
190591,long,2024-09-10 05:00:00,2024-09-10 05:05:00,2024-09-10 06:04:00,2501.045,2505.2284583333335,TP,4.023458333333334,59,0.3267334904226714,ml_v3bal_hi3,2024-09
190791,long,2024-09-10 22:40:00,2024-09-10 22:45:00,2024-09-11 01:05:00,2516.436,2514.9957436114587,SL,-1.6002563885416308,140,0.3277810870057054,ml_v3bal_hi3,2024-09
191083,long,2024-09-12 00:00:00,2024-09-12 00:05:00,2024-09-12 04:03:00,2511.739,2516.4785520833334,TP,4.579552083333336,238,0.32568419677859484,ml_v3bal_hi3,2024-09
191639,short,2024-09-16 00:25:00,2024-09-16 00:30:00,2024-09-16 02:19:00,2582.202,2584.1769272315973,SL,-2.1349272315972025,109,0.30937125136615873,ml_v3bal_hi3,2024-09
191661,short,2024-09-16 02:15:00,2024-09-16 02:20:00,2024-09-16 03:05:00,2584.477,2586.3866589111108,SL,-2.0696589111110857,45,0.30353465617048553,ml_v3bal_hi3,2024-09
191726,short,2024-09-16 07:40:00,2024-09-16 07:45:00,2024-09-16 08:15:00,2583.369,2585.2163430822916,SL,-2.0073430822916447,30,0.30166001907433215,ml_v3bal_hi3,2024-09
191754,short,2024-09-16 10:00:00,2024-09-16 10:05:00,2024-09-16 10:30:00,2586.107,2581.419229166667,TP,4.527770833333256,25,0.29806815237763895,ml_v3bal_hi3,2024-09
192162,long,2024-09-17 22:00:00,2024-09-17 22:05:00,2024-09-18 01:01:00,2570.24,2575.1126875,TP,4.712687500000007,176,0.3351137327891943,ml_v3bal_hi3,2024-09
192233,long,2024-09-18 03:55:00,2024-09-18 04:00:00,2024-09-18 04:15:00,2575.923,2574.0029676840277,SL,-2.0800323159722276,15,0.32720247396329083,ml_v3bal_hi3,2024-09
192505,long,2024-09-19 03:35:00,2024-09-19 03:40:00,2024-09-19 04:15:00,2564.264,2561.725277817361,SL,-2.698722182638903,35,0.3272180716688379,ml_v3bal_hi3,2024-09
192518,long,2024-09-19 04:40:00,2024-09-19 04:45:00,2024-09-19 05:30:00,2562.46,2569.12615625,TP,6.506156250000043,45,0.3302722849304303,ml_v3bal_hi3,2024-09
193019,short,2024-09-23 00:30:00,2024-09-23 00:35:00,2024-09-23 01:41:00,2619.479,2621.481285400347,SL,-2.162285400347236,66,0.3008707203622425,ml_v3bal_hi3,2024-09
193033,short,2024-09-23 01:40:00,2024-09-23 01:45:00,2024-09-23 02:34:00,2621.073,2623.1209220322917,SL,-2.2079220322916857,49,0.305646273784268,ml_v3bal_hi3,2024-09
193044,short,2024-09-23 02:35:00,2024-09-23 02:40:00,2024-09-23 03:04:00,2624.857,2626.8997948559027,SL,-2.2027948559027957,24,0.2992075774621252,ml_v3bal_hi3,2024-09
193198,short,2024-09-23 15:25:00,2024-09-23 15:30:00,2024-09-23 18:05:00,2631.3,2626.044947916667,TP,5.095052083333325,155,0.29851140301927115,ml_v3bal_hi3,2024-09
193309,short,2024-09-24 01:40:00,2024-09-24 01:45:00,2024-09-24 03:18:00,2629.998,2631.736120732639,SL,-1.8981207326388843,93,0.2993426169733491,ml_v3bal_hi3,2024-09
193630,long,2024-09-25 05:25:00,2024-09-25 05:30:00,2024-09-25 05:51:00,2657.143,2654.942540501736,SL,-2.3604594982638996,21,0.353975810843276,ml_v3bal_hi3,2024-09
193636,long,2024-09-25 05:55:00,2024-09-25 06:00:00,2024-09-25 06:10:00,2657.166,2654.936166384375,SL,-2.3898336156250126,10,0.3396982036407461,ml_v3bal_hi3,2024-09
193639,long,2024-09-25 06:10:00,2024-09-25 06:15:00,2024-09-25 07:04:00,2655.42,2653.1683481059026,SL,-2.411651894097235,49,0.3364446419644995,ml_v3bal_hi3,2024-09
193649,long,2024-09-25 07:00:00,2024-09-25 07:05:00,2024-09-25 12:03:00,2653.053,2658.8676458333334,TP,5.6546458333333725,298,0.329414248320238,ml_v3bal_hi3,2024-09
193747,short,2024-09-25 15:10:00,2024-09-25 15:15:00,2024-09-25 16:20:00,2660.081,2654.2972708333336,TP,5.623729166666693,65,0.29808509857774357,ml_v3bal_hi3,2024-09
193881,short,2024-09-26 03:20:00,2024-09-26 03:25:00,2024-09-26 07:01:00,2661.505,2663.4554659968753,SL,-2.1104659968750066,216,0.29744655890220195,ml_v3bal_hi3,2024-09
194359,long,2024-09-27 20:10:00,2024-09-27 20:15:00,2024-09-27 20:52:00,2651.477,2656.9561354166667,TP,5.3191354166667075,37,0.3275386434099732,ml_v3bal_hi3,2024-09
194463,long,2024-09-30 05:55:00,2024-09-30 06:00:00,2024-09-30 07:38:00,2657.753,2655.4419966739583,SL,-2.471003326041662,98,0.3261219718252667,ml_v3bal_hi3,2024-09
194646,long,2024-09-30 22:10:00,2024-09-30 22:15:00,2024-10-01 01:55:00,2633.679,2639.4905416666666,TP,5.6515416666666365,220,0.3392538513307922,ml_v3bal_hi3,2024-09
194825,short,2024-10-01 13:05:00,2024-10-01 13:10:00,2024-10-01 13:11:00,2648.328,2650.1914508291666,SL,-2.0234508291666655,1,0.2835595311809207,ml_v3bal_hi3,2024-10
194958,long,2024-10-02 01:10:00,2024-10-02 01:15:00,2024-10-02 03:55:00,2657.352,2655.2377778625,SL,-2.274222137500008,160,0.33790775390213706,ml_v3bal_hi3,2024-10
195001,long,2024-10-02 04:45:00,2024-10-02 04:50:00,2024-10-02 05:28:00,2654.545,2652.426995974653,SL,-2.278004025347225,38,0.3383258101620159,ml_v3bal_hi3,2024-10
195812,short,2024-10-07 03:25:00,2024-10-07 03:30:00,2024-10-07 04:00:00,2645.473,2647.6980715322916,SL,-2.3850715322916747,30,0.28388941000585943,ml_v3bal_hi3,2024-10
195855,short,2024-10-07 07:00:00,2024-10-07 07:05:00,2024-10-07 07:25:00,2643.915,2646.174838709028,SL,-2.4198387090277835,20,0.28499731442219267,ml_v3bal_hi3,2024-10
196384,long,2024-10-09 05:05:00,2024-10-09 05:10:00,2024-10-09 06:02:00,2620.59,2618.2203436809027,SL,-2.529656319097245,52,0.33804633379252047,ml_v3bal_hi3,2024-10
196471,short,2024-10-09 12:20:00,2024-10-09 12:25:00,2024-10-09 13:18:00,2618.473,2612.4381458333332,TP,5.874854166666737,53,0.28380955776459227,ml_v3bal_hi3,2024-10
196617,short,2024-10-10 01:30:00,2024-10-10 01:35:00,2024-10-10 01:41:00,2607.892,2609.7594668527777,SL,-2.0274668527777755,6,0.2840145828414584,ml_v3bal_hi3,2024-10
196757,short,2024-10-10 13:10:00,2024-10-10 13:15:00,2024-10-10 13:41:00,2620.061,2621.9921001913194,SL,-2.0901001913194306,26,0.28489297649151335,ml_v3bal_hi3,2024-10
196763,short,2024-10-10 13:40:00,2024-10-10 13:45:00,2024-10-10 13:46:00,2617.314,2619.267267689236,SL,-2.1122676892361,1,0.28466558477169523,ml_v3bal_hi3,2024-10
196785,short,2024-10-10 15:30:00,2024-10-10 15:35:00,2024-10-10 15:48:00,2620.608,2622.5920664631944,SL,-2.1440664631944353,13,0.28427635154015074,ml_v3bal_hi3,2024-10
197268,short,2024-10-14 09:50:00,2024-10-14 09:55:00,2024-10-14 10:11:00,2658.571,2660.459463671875,SL,-2.048463671875,16,0.2840802373576785,ml_v3bal_hi3,2024-10
197272,short,2024-10-14 10:10:00,2024-10-14 10:15:00,2024-10-14 11:18:00,2658.945,2653.97875,TP,4.806249999999993,63,0.2863545121837283,ml_v3bal_hi3,2024-10
197465,short,2024-10-15 03:15:00,2024-10-15 03:20:00,2024-10-15 05:09:00,2646.532,2641.8784895833337,TP,4.493510416666639,109,0.28408983370548735,ml_v3bal_hi3,2024-10
197871,short,2024-10-16 14:05:00,2024-10-16 14:10:00,2024-10-16 14:17:00,2677.387,2679.3596057159725,SL,-2.1326057159722382,7,0.2842122467446948,ml_v3bal_hi3,2024-10
197875,short,2024-10-16 14:25:00,2024-10-16 14:30:00,2024-10-16 14:42:00,2678.431,2673.26640625,TP,5.004593750000033,12,0.28344312330967436,ml_v3bal_hi3,2024-10
198162,short,2024-10-17 15:20:00,2024-10-17 15:25:00,2024-10-17 15:26:00,2688.884,2690.7989567288196,SL,-2.0749567288194513,1,0.28346766552216063,ml_v3bal_hi3,2024-10
198174,short,2024-10-17 16:20:00,2024-10-17 16:25:00,2024-10-17 16:43:00,2688.072,2689.9648011361114,SL,-2.0528011361111176,18,0.28363114917111165,ml_v3bal_hi3,2024-10
198688,short,2024-10-21 13:15:00,2024-10-21 13:20:00,2024-10-21 13:43:00,2738.028,2739.9977048135415,SL,-2.12970481354168,23,0.2844191046643878,ml_v3bal_hi3,2024-10
198693,short,2024-10-21 13:40:00,2024-10-21 13:45:00,2024-10-21 14:28:00,2739.7,2734.4886874999997,TP,5.051312500000034,43,0.287379786579671,ml_v3bal_hi3,2024-10
198704,short,2024-10-21 14:35:00,2024-10-21 14:40:00,2024-10-21 14:45:00,2729.842,2724.5963541666665,TP,5.08564583333336,5,0.28375120481735716,ml_v3bal_hi3,2024-10
198803,long,2024-10-21 23:50:00,2024-10-21 23:55:00,2024-10-22 01:15:00,2720.802,2726.1165104166666,TP,5.154510416666668,80,0.3370850910694899,ml_v3bal_hi3,2024-10
199323,long,2024-10-23 20:10:00,2024-10-23 20:15:00,2024-10-23 23:36:00,2715.256,2720.6946354166666,TP,5.278635416666699,138,0.3406517744237597,ml_v3bal_hi3,2024-10
199652,short,2024-10-25 01:35:00,2024-10-25 01:40:00,2024-10-25 02:02:00,2733.07,2728.2943958333335,TP,4.615604166666658,22,0.2847259791780139,ml_v3bal_hi3,2024-10
199817,long,2024-10-25 15:20:00,2024-10-25 15:25:00,2024-10-25 15:33:00,2741.12,2739.2119879760417,SL,-2.0680120239583113,8,0.3401428164756189,ml_v3bal_hi3,2024-10
200307,short,2024-10-29 10:15:00,2024-10-29 10:20:00,2024-10-29 11:43:00,2750.033,2751.769862748958,SL,-1.896862748958345,83,0.28414042314774046,ml_v3bal_hi3,2024-10
200338,short,2024-10-29 12:50:00,2024-10-29 12:55:00,2024-10-29 13:06:00,2752.215,2753.9416401434028,SL,-1.8866401434027877,11,0.28402146717793,ml_v3bal_hi3,2024-10
200639,short,2024-10-30 14:55:00,2024-10-30 15:00:00,2024-10-30 15:06:00,2780.268,2775.1439166666664,TP,4.964083333333402,6,0.2838644387412692,ml_v3bal_hi3,2024-10
200753,short,2024-10-31 01:25:00,2024-10-31 01:30:00,2024-10-31 04:26:00,2788.209,2783.38090625,TP,4.668093750000088,176,0.28348244439249426,ml_v3bal_hi3,2024-10
200979,long,2024-10-31 20:15:00,2024-10-31 20:20:00,2024-10-31 20:43:00,2747.356,2745.2946846083337,SL,-2.2213153916666806,23,0.3393872469836886,ml_v3bal_hi3,2024-10
200984,long,2024-10-31 20:40:00,2024-10-31 20:45:00,2024-10-31 20:54:00,2745.49,2743.427331382986,SL,-2.222668617013904,9,0.3451986666800638,ml_v3bal_hi3,2024-10
200986,long,2024-10-31 20:50:00,2024-10-31 20:55:00,2024-11-01 01:54:00,2743.558,2748.979083333333,TP,5.261083333333371,236,0.3384579326989313,ml_v3bal_hi3,2024-10
201254,long,2024-11-01 20:10:00,2024-11-01 20:15:00,2024-11-03 23:31:00,2734.617,2740.0362395833336,TP,5.259239583333341,69,0.3341049933676592,ml_v3bal_hi3,2024-11
201343,long,2024-11-04 05:40:00,2024-11-04 05:45:00,2024-11-04 06:20:00,2739.395,2737.2677495961807,SL,-2.2872504038194537,35,0.33329143436296504,ml_v3bal_hi3,2024-11
202068,long,2024-11-06 20:05:00,2024-11-06 20:10:00,2024-11-06 20:31:00,2665.335,2661.4581879583334,SL,-4.036812041666653,21,0.3342410420514181,ml_v3bal_hi3,2024-11
202073,long,2024-11-06 20:30:00,2024-11-06 20:35:00,2024-11-07 01:12:00,2661.896,2658.0178863222222,SL,-4.038113677777762,214,0.3413436507321432,ml_v3bal_hi3,2024-11
202157,long,2024-11-07 04:30:00,2024-11-07 04:35:00,2024-11-07 06:10:00,2656.976,2653.131839976389,SL,-4.004160023611097,95,0.3381970917321279,ml_v3bal_hi3,2024-11
202177,long,2024-11-07 06:10:00,2024-11-07 06:15:00,2024-11-07 07:21:00,2654.599,2664.552041666667,TP,9.793041666666635,66,0.33281180323128734,ml_v3bal_hi3,2024-11
202423,long,2024-11-08 03:40:00,2024-11-08 03:45:00,2024-11-08 06:09:00,2694.385,2691.7768109267363,SL,-2.7681890732638568,144,0.33935378034386765,ml_v3bal_hi3,2024-11
202455,long,2024-11-08 06:20:00,2024-11-08 06:25:00,2024-11-08 07:00:00,2688.199,2685.6291456975696,SL,-2.7298543024305273,35,0.33750771245704925,ml_v3bal_hi3,2024-11
202463,long,2024-11-08 07:00:00,2024-11-08 07:05:00,2024-11-08 07:15:00,2685.039,2682.4687131416667,SL,-2.7302868583333106,10,0.3399486490993415,ml_v3bal_hi3,2024-11
202666,short,2024-11-11 01:00:00,2024-11-11 01:05:00,2024-11-11 01:20:00,2679.889,2673.8761770833335,TP,5.853822916666683,15,0.2897896386340819,ml_v3bal_hi3,2024-11
202894,long,2024-11-11 20:00:00,2024-11-11 20:05:00,2024-11-12 01:28:00,2621.63,2619.211087865625,SL,-2.5789121343750026,260,0.3344666102190994,ml_v3bal_hi3,2024-11
203459,long,2024-11-13 21:05:00,2024-11-13 21:10:00,2024-11-13 21:46:00,2576.824,2574.4695664739584,SL,-2.5144335260416653,36,0.33727197480581234,ml_v3bal_hi3,2024-11
203467,long,2024-11-13 21:45:00,2024-11-13 21:50:00,2024-11-13 23:22:00,2573.796,2579.950875,TP,5.994875000000004,29,0.35197098179181663,ml_v3bal_hi3,2024-11
203484,long,2024-11-14 00:10:00,2024-11-14 00:15:00,2024-11-14 00:50:00,2572.96,2570.49533615,SL,-2.624663850000004,35,0.3330909545859503,ml_v3bal_hi3,2024-11
203524,long,2024-11-14 03:30:00,2024-11-14 03:35:00,2024-11-14 04:01:00,2562.01,2559.425244345139,SL,-2.7447556548611107,26,0.3332980211219,ml_v3bal_hi3,2024-11
203530,long,2024-11-14 04:00:00,2024-11-14 04:05:00,2024-11-14 05:37:00,2559.801,2557.230510753125,SL,-2.730489246875004,92,0.3419611539086508,ml_v3bal_hi3,2024-11
204041,long,2024-11-18 00:40:00,2024-11-18 00:45:00,2024-11-18 01:00:00,2573.062,2579.0548854166664,TP,5.832885416666657,15,0.3363184917844471,ml_v3bal_hi3,2024-11
204158,short,2024-11-18 10:25:00,2024-11-18 10:30:00,2024-11-18 10:59:00,2591.625,2594.210398536111,SL,-2.745398536111104,29,0.28686263786907995,ml_v3bal_hi3,2024-11
204406,short,2024-11-19 08:05:00,2024-11-19 08:10:00,2024-11-19 08:18:00,2619.385,2621.364225011806,SL,-2.1392250118055594,8,0.28620488846581427,ml_v3bal_hi3,2024-11
204485,short,2024-11-19 14:40:00,2024-11-19 14:45:00,2024-11-19 14:56:00,2629.829,2624.4003125000004,TP,5.268687500000009,11,0.28638835887918845,ml_v3bal_hi3,2024-11
204491,short,2024-11-19 15:10:00,2024-11-19 15:15:00,2024-11-19 15:35:00,2628.058,2622.5796666666665,TP,5.318333333333344,20,0.28707072001116374,ml_v3bal_hi3,2024-11
205037,short,2024-11-21 14:40:00,2024-11-21 14:45:00,2024-11-21 15:16:00,2666.662,2668.769713956944,SL,-2.267713956944431,31,0.28881630138270914,ml_v3bal_hi3,2024-11
205044,short,2024-11-21 15:15:00,2024-11-21 15:20:00,2024-11-21 15:33:00,2667.817,2669.9487227937498,SL,-2.291722793749984,13,0.2882905288961816,ml_v3bal_hi3,2024-11
205056,short,2024-11-21 16:15:00,2024-11-21 16:20:00,2024-11-21 16:25:00,2665.046,2667.1391935711804,SL,-2.2531935711805384,5,0.28909368076780084,ml_v3bal_hi3,2024-11
205058,short,2024-11-21 16:25:00,2024-11-21 16:30:00,2024-11-21 16:47:00,2668.069,2662.57984375,TP,5.32915624999996,17,0.2875669524953628,ml_v3bal_hi3,2024-11
205643,long,2024-11-25 19:15:00,2024-11-25 19:20:00,2024-11-25 23:42:00,2621.515,2617.941421551389,SL,-3.733578448611121,199,0.33408403528116176,ml_v3bal_hi3,2024-11
205956,long,2024-11-26 23:20:00,2024-11-26 23:25:00,2024-11-27 00:40:00,2631.869,2629.094487229514,SL,-2.9345127704861143,75,0.34528678656084477,ml_v3bal_hi3,2024-11
205972,long,2024-11-27 00:40:00,2024-11-27 00:45:00,2024-11-27 02:12:00,2628.14,2635.2148958333332,TP,6.914895833333348,87,0.333118731638532,ml_v3bal_hi3,2024-11
206142,short,2024-11-27 14:50:00,2024-11-27 14:55:00,2024-11-27 15:01:00,2650.442,2644.426895833333,TP,5.855104166666674,6,0.28864758059341045,ml_v3bal_hi3,2024-11
206465,long,2024-11-28 23:35:00,2024-11-28 23:40:00,2024-11-29 00:59:00,2637.496,2635.7143022364585,SL,-1.9416977635416792,79,0.3356172210792906,ml_v3bal_hi3,2024-11
206594,short,2024-11-29 10:20:00,2024-11-29 10:25:00,2024-11-29 10:33:00,2663.337,2665.274469477778,SL,-2.0974694777777803,8,0.28826886252276956,ml_v3bal_hi3,2024-11
206599,short,2024-11-29 10:45:00,2024-11-29 10:50:00,2024-11-29 11:12:00,2662.035,2663.983763552083,SL,-2.108763552083336,22,0.29152005477952037,ml_v3bal_hi3,2024-11
206604,short,2024-11-29 11:10:00,2024-11-29 11:15:00,2024-11-29 13:00:00,2663.51,2658.389104166667,TP,4.960895833333341,105,0.28988511697166025,ml_v3bal_hi3,2024-11
206627,short,2024-11-29 13:05:00,2024-11-29 13:10:00,2024-11-29 13:25:00,2660.796,2662.7601014288193,SL,-2.124101428819442,15,0.29016056999522777,ml_v3bal_hi3,2024-11
206631,short,2024-11-29 13:25:00,2024-11-29 13:30:00,2024-11-29 13:45:00,2662.035,2656.83721875,TP,5.037781249999986,15,0.29068840684519803,ml_v3bal_hi3,2024-11
206635,short,2024-11-29 13:45:00,2024-11-29 13:50:00,2024-11-29 14:01:00,2658.609,2660.5907766947917,SL,-2.141776694791665,11,0.28868972107726665,ml_v3bal_hi3,2024-11
206638,short,2024-11-29 14:00:00,2024-11-29 14:05:00,2024-11-29 14:09:00,2660.394,2662.38043163125,SL,-2.146431631249998,4,0.286613706200901,ml_v3bal_hi3,2024-11
206639,short,2024-11-29 14:05:00,2024-11-29 14:10:00,2024-11-29 14:24:00,2662.398,2657.1754583333336,TP,5.062541666666662,14,0.2869081382449302,ml_v3bal_hi3,2024-11
206642,short,2024-11-29 14:20:00,2024-11-29 14:25:00,2024-11-29 14:35:00,2656.748,2658.7595913048613,SL,-2.1715913048611113,10,0.29296316961026947,ml_v3bal_hi3,2024-11
206645,short,2024-11-29 14:35:00,2024-11-29 14:40:00,2024-11-29 14:45:00,2658.639,2653.3258645833334,TP,5.153135416666668,5,0.2931433210591211,ml_v3bal_hi3,2024-11
206647,short,2024-11-29 14:45:00,2024-11-29 14:50:00,2024-11-29 15:01:00,2656.297,2650.8973125,TP,5.239687499999999,11,0.2881378873830549,ml_v3bal_hi3,2024-11
206653,short,2024-11-29 15:15:00,2024-11-29 15:20:00,2024-11-29 15:58:00,2655.474,2657.573558889236,SL,-2.2595588892361147,38,0.2867735759557972,ml_v3bal_hi3,2024-11
206661,short,2024-11-29 15:55:00,2024-11-29 16:00:00,2024-11-29 16:02:00,2659.002,2661.136901484375,SL,-2.294901484375009,2,0.2867447985673728,ml_v3bal_hi3,2024-11
206662,short,2024-11-29 16:00:00,2024-11-29 16:05:00,2024-11-29 16:23:00,2659.727,2661.8679453618056,SL,-2.299945361805563,18,0.28629168405779026,ml_v3bal_hi3,2024-11
206706,short,2024-12-02 00:15:00,2024-12-02 00:20:00,2024-12-02 00:40:00,2644.002,2638.19625,TP,5.645750000000032,20,0.29618306768770275,ml_v3bal_hi3,2024-12
206786,short,2024-12-02 06:55:00,2024-12-02 07:00:00,2024-12-02 07:09:00,2625.958,2628.534957743403,SL,-2.7369577434027805,9,0.2962943050966609,ml_v3bal_hi3,2024-12
206788,short,2024-12-02 07:05:00,2024-12-02 07:10:00,2024-12-02 07:26:00,2628.58,2631.1546203541666,SL,-2.7346203541666676,16,0.297058943282162,ml_v3bal_hi3,2024-12
206797,short,2024-12-02 07:50:00,2024-12-02 07:55:00,2024-12-02 08:22:00,2629.741,2632.298111761111,SL,-2.717111761111118,27,0.29800289807389535,ml_v3bal_hi3,2024-12
206804,short,2024-12-02 08:25:00,2024-12-02 08:30:00,2024-12-02 09:11:00,2630.158,2632.7375491104167,SL,-2.739549110416681,41,0.29684181449483193,ml_v3bal_hi3,2024-12
206821,long,2024-12-02 09:50:00,2024-12-02 09:55:00,2024-12-02 11:15:00,2633.591,2640.494979166667,TP,6.743979166666706,80,0.3317839529232851,ml_v3bal_hi3,2024-12
207767,long,2024-12-05 19:40:00,2024-12-05 19:45:00,2024-12-05 20:14:00,2630.979,2628.9616267322913,SL,-2.1773732677083277,29,0.34761328150445103,ml_v3bal_hi3,2024-12
207773,long,2024-12-05 20:10:00,2024-12-05 20:15:00,2024-12-06 01:05:00,2629.289,2627.287147155556,SL,-2.161852844444435,227,0.35015200723820805,ml_v3bal_hi3,2024-12
207897,long,2024-12-06 07:30:00,2024-12-06 07:35:00,2024-12-06 08:45:00,2636.707,2642.535125,TP,5.668125000000014,70,0.33420717827713164,ml_v3bal_hi3,2024-12
208451,short,2024-12-10 07:45:00,2024-12-10 07:50:00,2024-12-10 10:26:00,2666.374,2668.436105103819,SL,-2.2221051038194406,156,0.29603889035627895,ml_v3bal_hi3,2024-12
209139,long,2024-12-12 19:10:00,2024-12-12 19:15:00,2024-12-12 19:40:00,2685.692,2683.4137637756944,SL,-2.4382362243055633,25,0.33404454501507563,ml_v3bal_hi3,2024-12
209145,long,2024-12-12 19:40:00,2024-12-12 19:45:00,2024-12-12 20:50:00,2683.501,2681.2377325909724,SL,-2.4232674090277877,65,0.3417283371850756,ml_v3bal_hi3,2024-12
209159,long,2024-12-12 20:50:00,2024-12-12 20:55:00,2024-12-13 01:00:00,2680.7,2686.5886874999997,TP,5.7286875000000315,182,0.3432021452058147,ml_v3bal_hi3,2024-12
209318,long,2024-12-13 11:05:00,2024-12-13 11:10:00,2024-12-13 11:16:00,2667.45,2665.1763988701387,SL,-2.43360112986112,6,0.3319761151005941,ml_v3bal_hi3,2024-12
209415,long,2024-12-13 19:10:00,2024-12-13 19:15:00,2024-12-13 19:25:00,2655.236,2653.1659977746526,SL,-2.2300022253472154,10,0.33837718091764984,ml_v3bal_hi3,2024-12
209418,long,2024-12-13 19:25:00,2024-12-13 19:30:00,2024-12-13 20:14:00,2652.809,2650.74799414375,SL,-2.221005856249994,44,0.3329690621063021,ml_v3bal_hi3,2024-12
209438,long,2024-12-13 21:05:00,2024-12-13 21:10:00,2024-12-15 23:50:00,2647.545,2652.9941875,TP,5.289187499999998,93,0.35356916323435406,ml_v3bal_hi3,2024-12
209460,short,2024-12-16 00:00:00,2024-12-16 00:05:00,2024-12-16 00:50:00,2650.696,2645.1438125,TP,5.392187500000011,45,0.3052498709246669,ml_v3bal_hi3,2024-12
209470,short,2024-12-16 00:50:00,2024-12-16 00:55:00,2024-12-16 00:59:00,2644.868,2647.011667686111,SL,-2.3036676861111154,4,0.30474886408300733,ml_v3bal_hi3,2024-12
209471,short,2024-12-16 00:55:00,2024-12-16 01:00:00,2024-12-16 01:03:00,2647.086,2649.2426999208333,SL,-2.3166999208333383,3,0.30474886408300733,ml_v3bal_hi3,2024-12
209472,short,2024-12-16 01:00:00,2024-12-16 01:05:00,2024-12-16 01:20:00,2650.135,2652.3084703909726,SL,-2.3334703909722294,15,0.30474886408300733,ml_v3bal_hi3,2024-12
209476,short,2024-12-16 01:20:00,2024-12-16 01:25:00,2024-12-16 07:25:00,2653.722,2654.725,TIMEOUT,-1.1629999999997016,360,0.30311612894983625,ml_v3bal_hi3,2024-12
209846,short,2024-12-17 09:10:00,2024-12-17 09:15:00,2024-12-17 09:36:00,2643.878,2639.162416666667,TP,4.555583333333337,21,0.2966047817237214,ml_v3bal_hi3,2024-12
209851,short,2024-12-17 09:35:00,2024-12-17 09:40:00,2024-12-17 10:18:00,2639.739,2641.5316823024305,SL,-1.9526823024305573,38,0.29688878295491494,ml_v3bal_hi3,2024-12
209898,short,2024-12-17 13:30:00,2024-12-17 13:35:00,2024-12-17 13:39:00,2640.396,2642.2437399225696,SL,-2.0077399225694386,4,0.29576717255185403,ml_v3bal_hi3,2024-12
209901,short,2024-12-17 13:45:00,2024-12-17 13:50:00,2024-12-17 13:52:00,2640.093,2635.2099583333334,TP,4.723041666666652,2,0.2967835658557252,ml_v3bal_hi3,2024-12
209903,short,2024-12-17 13:55:00,2024-12-17 14:00:00,2024-12-17 14:03:00,2637.139,2639.0256183645834,SL,-2.0466183645833294,3,0.2983732813365296,ml_v3bal_hi3,2024-12
209905,short,2024-12-17 14:05:00,2024-12-17 14:10:00,2024-12-17 14:23:00,2637.476,2639.3664161260417,SL,-2.0504161260416622,13,0.29749673543046273,ml_v3bal_hi3,2024-12
209914,short,2024-12-17 14:50:00,2024-12-17 14:55:00,2024-12-17 15:06:00,2635.953,2637.8679210131945,SL,-2.074921013194444,11,0.29857301650117196,ml_v3bal_hi3,2024-12
210258,long,2024-12-18 20:30:00,2024-12-18 20:35:00,2024-12-18 20:36:00,2591.972,2590.0343559125004,SL,-2.0976440875,1,0.33576786647923695,ml_v3bal_hi3,2024-12
210259,long,2024-12-18 20:35:00,2024-12-18 20:40:00,2024-12-18 20:41:00,2590.07,2588.1183474506947,SL,-2.1106525493055566,1,0.3336010926406985,ml_v3bal_hi3,2024-12
210260,long,2024-12-18 20:40:00,2024-12-18 20:45:00,2024-12-18 21:02:00,2589.417,2594.5859895833332,TP,5.008989583333338,17,0.33576786647923695,ml_v3bal_hi3,2024-12
210264,long,2024-12-18 21:00:00,2024-12-18 21:05:00,2024-12-18 21:06:00,2593.688,2591.6702933864585,SL,-2.1777066135416696,1,0.33164313565381276,ml_v3bal_hi3,2024-12
210265,long,2024-12-18 21:05:00,2024-12-18 21:10:00,2024-12-18 21:20:00,2594.214,2592.185638225,SL,-2.1883617750000006,10,0.333613650308926,ml_v3bal_hi3,2024-12
210268,long,2024-12-18 21:20:00,2024-12-18 21:25:00,2024-12-18 21:29:00,2592.161,2590.116284437153,SL,-2.2047155628472215,4,0.3363490266669582,ml_v3bal_hi3,2024-12
210269,long,2024-12-18 21:25:00,2024-12-18 21:30:00,2024-12-18 21:32:00,2589.913,2587.8604071576387,SL,-2.212592842361111,2,0.34098830948956715,ml_v3bal_hi3,2024-12
210270,long,2024-12-18 21:30:00,2024-12-18 21:35:00,2024-12-18 21:54:00,2588.213,2586.1543989958336,SL,-2.2186010041666653,19,0.3429972542393993,ml_v3bal_hi3,2024-12
210274,long,2024-12-18 21:50:00,2024-12-18 21:55:00,2024-12-18 23:09:00,2584.608,2590.061541666667,TP,5.293541666666656,11,0.3363805128205608,ml_v3bal_hi3,2024-12
210277,long,2024-12-18 23:05:00,2024-12-18 23:10:00,2024-12-18 23:46:00,2589.942,2587.836012298264,SL,-2.265987701736109,36,0.33160804341920125,ml_v3bal_hi3,2024-12
210285,long,2024-12-18 23:45:00,2024-12-18 23:50:00,2024-12-19 00:29:00,2587.964,2593.623375,TP,5.499374999999997,39,0.3334969677125524,ml_v3bal_hi3,2024-12
210294,long,2024-12-19 00:30:00,2024-12-19 00:35:00,2024-12-19 01:09:00,2593.583,2599.3556041666666,TP,5.612604166666663,34,0.3379413219527298,ml_v3bal_hi3,2024-12
210301,long,2024-12-19 01:05:00,2024-12-19 01:10:00,2024-12-19 01:32:00,2599.789,2605.6824895833333,TP,5.73348958333333,22,0.3350021638070653,ml_v3bal_hi3,2024-12
210523,long,2024-12-19 19:35:00,2024-12-19 19:40:00,2024-12-19 19:58:00,2600.132,2597.0870762958334,SL,-3.204923704166659,18,0.34098009380278305,ml_v3bal_hi3,2024-12
210534,long,2024-12-19 20:30:00,2024-12-19 20:35:00,2024-12-19 21:13:00,2598.423,2595.5171410343746,SL,-3.0658589656249853,38,0.33700895526160457,ml_v3bal_hi3,2024-12
210544,long,2024-12-19 21:20:00,2024-12-19 21:25:00,2024-12-20 00:59:00,2593.597,2590.8706795128473,SL,-2.8863204871527652,151,0.336133910741643,ml_v3bal_hi3,2024-12
210611,long,2024-12-20 03:55:00,2024-12-20 04:00:00,2024-12-20 06:40:00,2598.467,2604.6929791666666,TP,6.065979166666623,160,0.3317898265897191,ml_v3bal_hi3,2024-12
210851,short,2024-12-23 01:00:00,2024-12-23 01:05:00,2024-12-23 01:56:00,2620.457,2622.5548564444443,SL,-2.2578564444444424,51,0.29789227561739695,ml_v3bal_hi3,2024-12
210862,short,2024-12-23 01:55:00,2024-12-23 02:00:00,2024-12-23 02:08:00,2620.793,2622.9057736704863,SL,-2.2727736704861092,8,0.29709747220423466,ml_v3bal_hi3,2024-12
210878,short,2024-12-23 03:15:00,2024-12-23 03:20:00,2024-12-23 04:20:00,2623.907,2625.9443343336807,SL,-2.1973343336805473,60,0.29666372200429075,ml_v3bal_hi3,2024-12
210931,short,2024-12-23 07:40:00,2024-12-23 07:45:00,2024-12-23 08:06:00,2631.407,2626.111572916667,TP,5.135427083333351,21,0.295873085135675,ml_v3bal_hi3,2024-12
210936,short,2024-12-23 08:05:00,2024-12-23 08:10:00,2024-12-23 08:29:00,2627.962,2629.9862425729166,SL,-2.184242572916673,19,0.29646709012434536,ml_v3bal_hi3,2024-12
210940,short,2024-12-23 08:25:00,2024-12-23 08:30:00,2024-12-23 08:38:00,2629.983,2632.009548214931,SL,-2.1865482149305606,8,0.29691349911139064,ml_v3bal_hi3,2024-12
210942,short,2024-12-23 08:35:00,2024-12-23 08:40:00,2024-12-23 10:01:00,2631.297,2625.9832291666667,TP,5.1537708333333505,81,0.29691349911139064,ml_v3bal_hi3,2024-12
210959,short,2024-12-23 10:00:00,2024-12-23 10:05:00,2024-12-23 10:43:00,2625.551,2620.3148854166666,TP,5.0761145833333705,38,0.2987448995450382,ml_v3bal_hi3,2024-12
211274,short,2024-12-24 13:15:00,2024-12-24 13:20:00,2024-12-24 14:25:00,2614.229,2615.736731140972,SL,-1.6677311409722355,65,0.29579523624645815,ml_v3bal_hi3,2024-12
211374,long,2024-12-26 02:10:00,2024-12-26 02:15:00,2024-12-26 06:02:00,2626.542,2625.12158959375,SL,-1.5804104062500046,227,0.331489000997401,ml_v3bal_hi3,2024-12
211874,long,2024-12-27 20:50:00,2024-12-27 20:55:00,2024-12-27 21:49:00,2615.728,2620.196104166667,TP,4.308104166666686,54,0.33189248754957146,ml_v3bal_hi3,2024-12
212005,short,2024-12-30 08:50:00,2024-12-30 08:55:00,2024-12-30 09:05:00,2611.59,2613.3183306829865,SL,-1.8883306829861188,10,0.2989527278907136,ml_v3bal_hi3,2024-12
212008,short,2024-12-30 09:05:00,2024-12-30 09:10:00,2024-12-30 09:16:00,2612.924,2614.6471638225694,SL,-1.883163822569448,6,0.2957352393634156,ml_v3bal_hi3,2024-12
212065,short,2024-12-30 13:50:00,2024-12-30 13:55:00,2024-12-30 14:00:00,2610.287,2605.5031041666666,TP,4.623895833333341,5,0.2967650586135224,ml_v3bal_hi3,2024-12
212067,short,2024-12-30 14:00:00,2024-12-30 14:05:00,2024-12-30 14:06:00,2607.77,2609.610715849653,SL,-2.000715849652779,1,0.29648061034749307,ml_v3bal_hi3,2024-12
212068,short,2024-12-30 14:05:00,2024-12-30 14:10:00,2024-12-30 14:15:00,2610.642,2612.4863429697916,SL,-2.004342969791669,5,0.2958442413575486,ml_v3bal_hi3,2024-12
212166,long,2024-12-30 23:15:00,2024-12-30 23:20:00,2024-12-31 01:22:00,2604.489,2609.1323229166665,TP,4.483322916666624,122,0.33218172062192547,ml_v3bal_hi3,2024-12
212239,long,2024-12-31 05:20:00,2024-12-31 05:25:00,2024-12-31 05:35:00,2608.036,2606.353206738889,SL,-1.8427932611110778,10,0.33773877292327875,ml_v3bal_hi3,2024-12
212242,long,2024-12-31 05:35:00,2024-12-31 05:40:00,2024-12-31 05:53:00,2606.186,2604.5041115347226,SL,-1.841888465277746,13,0.333651667529869,ml_v3bal_hi3,2024-12
212465,long,2025-01-02 01:15:00,2025-01-02 01:20:00,2025-01-02 02:22:00,2631.376,2635.522135416667,TP,3.986135416666661,62,0.3543854267336626,ml_v3bal_hi3,2025-01
212478,long,2025-01-02 02:20:00,2025-01-02 02:25:00,2025-01-02 02:32:00,2635.723,2634.1037170569443,SL,-1.7792829430555586,7,0.35238700831514425,ml_v3bal_hi3,2025-01
212480,long,2025-01-02 02:30:00,2025-01-02 02:35:00,2025-01-02 02:42:00,2635.233,2633.613014649653,SL,-1.7799853503472276,7,0.35497802156284763,ml_v3bal_hi3,2025-01
212490,long,2025-01-02 03:20:00,2025-01-02 03:25:00,2025-01-02 03:38:00,2634.168,2632.5419668038194,SL,-1.7860331961805587,13,0.35256903258702343,ml_v3bal_hi3,2025-01
212756,long,2025-01-03 02:30:00,2025-01-03 02:35:00,2025-01-03 05:37:00,2660.862,2658.951968059028,SL,-2.0700319409722274,182,0.37584672833171134,ml_v3bal_hi3,2025-01
212811,short,2025-01-03 07:05:00,2025-01-03 07:10:00,2025-01-03 08:49:00,2656.08,2651.0175104166665,TP,4.902489583333345,99,0.28763129198263904,ml_v3bal_hi3,2025-01
212951,long,2025-01-03 19:40:00,2025-01-03 19:45:00,2025-01-03 20:00:00,2640.894,2639.049851481944,SL,-2.0041485180555703,15,0.3529106849224479,ml_v3bal_hi3,2025-01
212956,long,2025-01-03 20:05:00,2025-01-03 20:10:00,2025-01-03 20:42:00,2639.174,2637.350943542708,SL,-1.9830564572916811,32,0.35313996301132067,ml_v3bal_hi3,2025-01
212992,short,2025-01-06 00:10:00,2025-01-06 00:15:00,2025-01-06 00:48:00,2639.208,2640.9898961836807,SL,-1.9418961836805617,33,0.2926508358577722,ml_v3bal_hi3,2025-01
212999,short,2025-01-06 00:45:00,2025-01-06 00:50:00,2025-01-06 00:55:00,2640.952,2642.737428062153,SL,-1.9454280621527886,5,0.29447253370527215,ml_v3bal_hi3,2025-01
213002,short,2025-01-06 01:00:00,2025-01-06 01:05:00,2025-01-06 01:11:00,2641.032,2642.831928605903,SL,-1.9599286059027907,6,0.292490723969974,ml_v3bal_hi3,2025-01
213004,short,2025-01-06 01:10:00,2025-01-06 01:15:00,2025-01-06 01:16:00,2644.566,2646.378655273611,SL,-1.9726552736111216,1,0.29046595634072003,ml_v3bal_hi3,2025-01
213065,short,2025-01-06 06:15:00,2025-01-06 06:20:00,2025-01-06 07:32:00,2633.277,2628.41790625,TP,4.699093750000018,72,0.288811581748114,ml_v3bal_hi3,2025-01
213080,short,2025-01-06 07:30:00,2025-01-06 07:35:00,2025-01-06 08:56:00,2628.795,2630.685701851042,SL,-2.0507018510416715,81,0.2890507296298502,ml_v3bal_hi3,2025-01
213317,long,2025-01-07 04:20:00,2025-01-07 04:25:00,2025-01-07 05:22:00,2638.247,2644.06375,TP,5.656749999999979,57,0.3608340051141906,ml_v3bal_hi3,2025-01
213329,long,2025-01-07 05:20:00,2025-01-07 05:25:00,2025-01-07 06:52:00,2643.382,2641.1773181211806,SL,-2.3646818788194346,87,0.37284975882098204,ml_v3bal_hi3,2025-01
213347,long,2025-01-07 06:50:00,2025-01-07 06:55:00,2025-01-07 07:42:00,2640.923,2638.723238940625,SL,-2.3597610593749927,47,0.37212024270201194,ml_v3bal_hi3,2025-01
213361,long,2025-01-07 08:00:00,2025-01-07 08:05:00,2025-01-07 08:09:00,2643.407,2641.2014252305557,SL,-2.3655747694444376,4,0.35280510206433335,ml_v3bal_hi3,2025-01
213362,long,2025-01-07 08:05:00,2025-01-07 08:10:00,2025-01-07 11:45:00,2641.269,2647.067583333333,TP,5.638583333333317,215,0.35276011282522957,ml_v3bal_hi3,2025-01
213571,long,2025-01-08 02:30:00,2025-01-08 02:35:00,2025-01-08 06:17:00,2646.468,2651.4604270833333,TP,4.832427083333372,222,0.36625989760974687,ml_v3bal_hi3,2025-01
213870,long,2025-01-09 04:30:00,2025-01-09 04:35:00,2025-01-09 06:31:00,2656.29,2661.10490625,TP,4.6549062499999785,116,0.3599695773030194,ml_v3bal_hi3,2025-01
214162,long,2025-01-10 05:50:00,2025-01-10 05:55:00,2025-01-10 08:23:00,2675.048,2679.548625,TP,4.340624999999948,148,0.35629953091074806,ml_v3bal_hi3,2025-01
214192,long,2025-01-10 08:20:00,2025-01-10 08:25:00,2025-01-10 08:36:00,2679.859,2678.106521586111,SL,-1.9124784138888715,11,0.3532802994309846,ml_v3bal_hi3,2025-01
214260,long,2025-01-10 14:00:00,2025-01-10 14:05:00,2025-01-10 14:06:00,2685.839,2683.944861512153,SL,-2.0541384878472053,1,0.3550405785938729,ml_v3bal_hi3,2025-01
214293,long,2025-01-10 16:45:00,2025-01-10 16:50:00,2025-01-10 18:14:00,2694.443,2692.313459827778,SL,-2.2895401722222037,84,0.35860702645938747,ml_v3bal_hi3,2025-01
214370,short,2025-01-13 00:15:00,2025-01-13 00:20:00,2025-01-13 01:07:00,2690.718,2684.866114583333,TP,5.691885416666652,47,0.2890806409516762,ml_v3bal_hi3,2025-01
214380,short,2025-01-13 01:05:00,2025-01-13 01:10:00,2025-01-13 02:02:00,2684.66,2686.9301486194445,SL,-2.4301486194444393,52,0.29276288179544907,ml_v3bal_hi3,2025-01
214403,short,2025-01-13 03:00:00,2025-01-13 03:05:00,2025-01-13 04:05:00,2688.041,2690.4028147552085,SL,-2.5218147552083345,60,0.29003158835558396,ml_v3bal_hi3,2025-01
214416,short,2025-01-13 04:05:00,2025-01-13 04:10:00,2025-01-13 05:33:00,2689.696,2683.4696875,TP,6.066312500000011,83,0.28834583489088517,ml_v3bal_hi3,2025-01
214433,short,2025-01-13 05:30:00,2025-01-13 05:35:00,2025-01-13 05:58:00,2684.086,2686.500923889583,SL,-2.574923889583348,23,0.29147485522417527,ml_v3bal_hi3,2025-01
214438,short,2025-01-13 05:55:00,2025-01-13 06:00:00,2025-01-13 06:18:00,2687.0,2689.4266902038194,SL,-2.58669020381946,18,0.2917339715161751,ml_v3bal_hi3,2025-01
214453,short,2025-01-13 07:10:00,2025-01-13 07:15:00,2025-01-13 10:03:00,2689.06,2682.64534375,TP,6.25465625000004,168,0.28823345692783087,ml_v3bal_hi3,2025-01
214797,short,2025-01-14 12:50:00,2025-01-14 12:55:00,2025-01-14 13:03:00,2668.445,2670.4279632472226,SL,-2.142963247222199,8,0.2888232095285951,ml_v3bal_hi3,2025-01
214799,short,2025-01-14 13:00:00,2025-01-14 13:05:00,2025-01-14 13:30:00,2669.616,2671.578950592014,SL,-2.122950592013867,25,0.2897974403205896,ml_v3bal_hi3,2025-01
214809,short,2025-01-14 13:50:00,2025-01-14 13:55:00,2025-01-14 14:05:00,2666.502,2661.2380416666665,TP,5.103958333333264,10,0.28909082317162227,ml_v3bal_hi3,2025-01
214993,long,2025-01-15 06:10:00,2025-01-15 06:15:00,2025-01-15 09:20:00,2681.529,2686.1397604166664,TP,4.450760416666603,185,0.3531445191201085,ml_v3bal_hi3,2025-01
215294,long,2025-01-16 08:15:00,2025-01-16 08:20:00,2025-01-16 08:31:00,2701.868,2699.8586667163195,SL,-2.169333283680558,11,0.3584732618876212,ml_v3bal_hi3,2025-01
215298,long,2025-01-16 08:35:00,2025-01-16 08:40:00,2025-01-16 08:53:00,2699.984,2697.963067075,SL,-2.1809329250000014,13,0.35259825187059063,ml_v3bal_hi3,2025-01
215305,long,2025-01-16 09:10:00,2025-01-16 09:15:00,2025-01-16 10:05:00,2701.592,2706.8940000000002,TP,5.142000000000002,50,0.3586980150505753,ml_v3bal_hi3,2025-01
215508,long,2025-01-17 03:05:00,2025-01-17 03:10:00,2025-01-17 03:23:00,2716.823,2714.9045034559026,SL,-2.0784965440972374,13,0.3553603455037224,ml_v3bal_hi3,2025-01
215894,short,2025-01-20 12:20:00,2025-01-20 12:25:00,2025-01-20 13:19:00,2707.949,2709.7490913104166,SL,-1.9600913104166566,54,0.2875524602661612,ml_v3bal_hi3,2025-01
215926,short,2025-01-20 15:00:00,2025-01-20 15:05:00,2025-01-20 15:18:00,2707.372,2709.230938755208,SL,-2.177938755208315,13,0.28785484193889693,ml_v3bal_hi3,2025-01
215948,short,2025-01-20 16:50:00,2025-01-20 16:55:00,2025-01-20 17:02:00,2707.339,2709.189228111111,SL,-2.0102281111110925,7,0.28886273174177773,ml_v3bal_hi3,2025-01
215997,short,2025-01-21 00:45:00,2025-01-21 00:50:00,2025-01-21 00:53:00,2708.818,2703.8713854166667,TP,4.7866145833333,3,0.28797628622693394,ml_v3bal_hi3,2025-01
215998,short,2025-01-21 00:50:00,2025-01-21 00:55:00,2025-01-21 01:01:00,2704.222,2706.128202432292,SL,-2.066202432291655,6,0.28973152380627964,ml_v3bal_hi3,2025-01
216108,short,2025-01-21 10:00:00,2025-01-21 10:05:00,2025-01-21 10:26:00,2721.49,2723.6251078413193,SL,-2.2951078413194357,21,0.2886205760629729,ml_v3bal_hi3,2025-01
216114,short,2025-01-21 10:30:00,2025-01-21 10:35:00,2025-01-21 11:54:00,2721.697,2723.8418701121527,SL,-2.3048701121527713,79,0.2877671716602401,ml_v3bal_hi3,2025-01
216323,long,2025-01-22 04:55:00,2025-01-22 05:00:00,2025-01-22 05:12:00,2752.099,2750.2575103118056,SL,-2.0014896881944373,12,0.35729885659503013,ml_v3bal_hi3,2025-01
216327,long,2025-01-22 05:15:00,2025-01-22 05:20:00,2025-01-22 05:52:00,2752.303,2757.1147604166667,TP,4.651760416666639,32,0.35943093063906245,ml_v3bal_hi3,2025-01
216431,short,2025-01-22 13:55:00,2025-01-22 14:00:00,2025-01-22 14:21:00,2757.605,2752.4991145833333,TP,4.945885416666666,21,0.2877468454103024,ml_v3bal_hi3,2025-01
216447,short,2025-01-22 15:15:00,2025-01-22 15:20:00,2025-01-22 15:27:00,2752.931,2754.902129470139,SL,-2.1311294701388914,7,0.2882530186082908,ml_v3bal_hi3,2025-01
216449,short,2025-01-22 15:25:00,2025-01-22 15:30:00,2025-01-22 15:36:00,2754.303,2756.273034190972,SL,-2.1300341909722253,6,0.2879576968411953,ml_v3bal_hi3,2025-01
216614,long,2025-01-23 06:10:00,2025-01-23 06:15:00,2025-01-23 07:39:00,2753.906,2752.103166523264,SL,-1.9628334767361184,84,0.3544201442509314,ml_v3bal_hi3,2025-01
216633,long,2025-01-23 07:45:00,2025-01-23 07:50:00,2025-01-23 09:20:00,2752.917,2751.190343982986,SL,-1.8866560170138948,90,0.35559331343428735,ml_v3bal_hi3,2025-01
216832,long,2025-01-24 01:20:00,2025-01-24 01:25:00,2025-01-24 01:44:00,2760.78,2758.9323196034725,SL,-2.007680396527778,19,0.35405274694598576,ml_v3bal_hi3,2025-01
216837,long,2025-01-24 01:45:00,2025-01-24 01:50:00,2025-01-24 02:00:00,2760.336,2765.221458333333,TP,4.725458333333318,10,0.3573378482387517,ml_v3bal_hi3,2025-01
216936,short,2025-01-24 10:00:00,2025-01-24 10:05:00,2025-01-24 10:54:00,2773.398,2775.5489378,SL,-2.3109377999999863,49,0.290970547413445,ml_v3bal_hi3,2025-01
216988,short,2025-01-24 14:20:00,2025-01-24 14:25:00,2025-01-24 14:42:00,2776.221,2778.3015899239585,SL,-2.24058992395832,17,0.2881823796563033,ml_v3bal_hi3,2025-01
216994,short,2025-01-24 14:50:00,2025-01-24 14:55:00,2025-01-24 15:06:00,2776.986,2779.056625264583,SL,-2.2296252645833197,11,0.28830476289318835,ml_v3bal_hi3,2025-01
217101,short,2025-01-27 00:50:00,2025-01-27 00:55:00,2025-01-27 00:58:00,2768.271,2770.2688090420143,SL,-2.157809042013866,3,0.28758379103447895,ml_v3bal_hi3,2025-01
217102,short,2025-01-27 00:55:00,2025-01-27 01:00:00,2025-01-27 01:02:00,2769.755,2771.762595123264,SL,-2.1675951232638657,2,0.2901089366666325,ml_v3bal_hi3,2025-01
217103,short,2025-01-27 01:00:00,2025-01-27 01:05:00,2025-01-27 01:36:00,2771.51,2766.211739583334,TP,5.138260416666602,31,0.2887821670762547,ml_v3bal_hi3,2025-01
217110,short,2025-01-27 01:35:00,2025-01-27 01:40:00,2025-01-27 02:06:00,2766.31,2760.959729166667,TP,5.190270833333273,26,0.28983316602017384,ml_v3bal_hi3,2025-01
217116,short,2025-01-27 02:05:00,2025-01-27 02:10:00,2025-01-27 02:19:00,2761.257,2755.85828125,TP,5.238718749999952,9,0.28943874606738307,ml_v3bal_hi3,2025-01
217118,short,2025-01-27 02:15:00,2025-01-27 02:20:00,2025-01-27 03:15:00,2757.256,2759.3297801447916,SL,-2.23378014479165,55,0.292300710602752,ml_v3bal_hi3,2025-01
217732,short,2025-01-29 07:25:00,2025-01-29 07:30:00,2025-01-29 08:00:00,2758.299,2759.7213271447918,SL,-1.5823271447916396,30,0.2892734712374604,ml_v3bal_hi3,2025-01
217739,short,2025-01-29 08:00:00,2025-01-29 08:05:00,2025-01-29 08:07:00,2760.258,2761.6881964874997,SL,-1.590196487499972,2,0.28800954946150636,ml_v3bal_hi3,2025-01
217741,short,2025-01-29 08:10:00,2025-01-29 08:15:00,2025-01-29 08:16:00,2761.397,2762.8334903743053,SL,-1.5964903743055283,1,0.28829281131848744,ml_v3bal_hi3,2025-01
217760,short,2025-01-29 09:45:00,2025-01-29 09:50:00,2025-01-29 10:24:00,2763.466,2759.7298333333333,TP,3.576166666666624,34,0.2878459857111229,ml_v3bal_hi3,2025-01
217767,short,2025-01-29 10:20:00,2025-01-29 10:25:00,2025-01-29 12:21:00,2759.842,2756.1513645833334,TP,3.5306354166666276,116,0.2909949992423235,ml_v3bal_hi3,2025-01
217810,short,2025-01-29 13:55:00,2025-01-29 14:00:00,2025-01-29 14:08:00,2758.643,2760.079105439236,SL,-1.5961054392361138,8,0.28922412730609837,ml_v3bal_hi3,2025-01
217812,short,2025-01-29 14:05:00,2025-01-29 14:10:00,2025-01-29 15:22:00,2759.947,2756.1817812500003,TP,3.6052187500000024,72,0.28829577006256046,ml_v3bal_hi3,2025-01
218002,long,2025-01-30 06:55:00,2025-01-30 07:00:00,2025-01-30 08:05:00,2765.542,2770.3269999999998,TP,4.625000000000063,65,0.38690540565813886,ml_v3bal_hi3,2025-01
218168,long,2025-01-30 20:45:00,2025-01-30 20:50:00,2025-01-30 20:51:00,2796.518,2794.7149998503473,SL,-1.963000149652783,1,0.3528271733654311,ml_v3bal_hi3,2025-01
218171,long,2025-01-30 21:00:00,2025-01-30 21:05:00,2025-01-30 21:08:00,2797.727,2795.9453855729166,SL,-1.94161442708334,3,0.36056002804544685,ml_v3bal_hi3,2025-01
218173,long,2025-01-30 21:10:00,2025-01-30 21:15:00,2025-01-30 21:16:00,2795.999,2794.2334099833333,SL,-1.925590016666673,1,0.36442229690819583,ml_v3bal_hi3,2025-01
218175,long,2025-01-30 21:20:00,2025-01-30 21:25:00,2025-01-31 00:04:00,2792.347,2796.9891875000003,TP,4.48218750000002,91,0.36102203648613684,ml_v3bal_hi3,2025-01
218281,long,2025-01-31 07:15:00,2025-01-31 07:20:00,2025-01-31 08:22:00,2797.189,2795.2644873572917,SL,-2.0845126427083294,62,0.35417960993678066,ml_v3bal_hi3,2025-01
218299,short,2025-01-31 08:45:00,2025-01-31 08:50:00,2025-01-31 09:33:00,2793.678,2795.6223824354165,SL,-2.1043824354166625,43,0.28982884366226824,ml_v3bal_hi3,2025-01
218309,short,2025-01-31 09:35:00,2025-01-31 09:40:00,2025-01-31 11:46:00,2796.099,2798.0494659968754,SL,-2.1104659968749973,126,0.2877627380580965,ml_v3bal_hi3,2025-01
218558,long,2025-02-03 07:25:00,2025-02-03 07:30:00,2025-02-03 08:15:00,2786.979,2794.11290625,TP,6.9739062500000095,45,0.36404183175041105,ml_v3bal_hi3,2025-02
218743,short,2025-02-03 23:50:00,2025-02-03 23:55:00,2025-02-04 00:54:00,2814.124,2817.049427159722,SL,-3.0854271597222147,59,0.3068449973014024,ml_v3bal_hi3,2025-02
219017,short,2025-02-04 23:40:00,2025-02-04 23:45:00,2025-02-05 00:30:00,2841.66,2843.8201365576388,SL,-2.3201365576388793,45,0.3043510294645738,ml_v3bal_hi3,2025-02
219027,long,2025-02-05 00:30:00,2025-02-05 00:35:00,2025-02-05 00:55:00,2847.533,2845.3884830756942,SL,-2.304516924305542,20,0.37308499924161614,ml_v3bal_hi3,2025-02
219071,long,2025-02-05 04:10:00,2025-02-05 04:15:00,2025-02-05 04:33:00,2857.65,2855.419329051389,SL,-2.3906709486111013,18,0.3758149500153568,ml_v3bal_hi3,2025-02
219076,long,2025-02-05 04:35:00,2025-02-05 04:40:00,2025-02-05 06:26:00,2855.744,2861.5717083333334,TP,5.66770833333331,106,0.3615248019751688,ml_v3bal_hi3,2025-02
219376,long,2025-02-06 06:35:00,2025-02-06 06:40:00,2025-02-06 06:46:00,2868.095,2865.771960508333,SL,-2.4830394916666667,6,0.37365575893586783,ml_v3bal_hi3,2025-02
219552,long,2025-02-06 21:15:00,2025-02-06 21:20:00,2025-02-07 01:18:00,2855.689,2861.7145625,TP,5.865562499999978,175,0.36350076116320557,ml_v3bal_hi3,2025-02
219630,long,2025-02-07 04:45:00,2025-02-07 04:50:00,2025-02-07 04:55:00,2869.28,2867.110509917014,SL,-2.3294900829861103,5,0.3768837459375582,ml_v3bal_hi3,2025-02
219978,short,2025-02-10 10:50:00,2025-02-10 10:55:00,2025-02-10 11:03:00,2901.658,2904.358494121875,SL,-2.8604941218749977,8,0.301406451594431,ml_v3bal_hi3,2025-02
220022,short,2025-02-10 14:30:00,2025-02-10 14:35:00,2025-02-10 14:52:00,2904.624,2907.4830238760414,SL,-3.0190238760416603,17,0.3015472389615849,ml_v3bal_hi3,2025-02
220044,short,2025-02-10 16:20:00,2025-02-10 16:25:00,2025-02-10 16:51:00,2906.003,2899.0912916666666,TP,6.751708333333318,26,0.30997337567780026,ml_v3bal_hi3,2025-02
220076,short,2025-02-10 19:00:00,2025-02-10 19:05:00,2025-02-10 21:42:00,2905.806,2908.1927918822917,SL,-2.54679188229166,157,0.30177840674645,ml_v3bal_hi3,2025-02
220112,short,2025-02-10 23:00:00,2025-02-10 23:05:00,2025-02-10 23:33:00,2911.989,2914.324980453125,SL,-2.495980453124993,28,0.3167683747857517,ml_v3bal_hi3,2025-02
220793,short,2025-02-13 09:45:00,2025-02-13 09:50:00,2025-02-13 12:10:00,2917.41,2920.083878044444,SL,-2.83387804444445,140,0.30167530376327933,ml_v3bal_hi3,2025-02
220920,long,2025-02-13 20:20:00,2025-02-13 20:25:00,2025-02-13 20:29:00,2928.214,2925.9097270850693,SL,-2.4642729149305493,4,0.37461479494819616,ml_v3bal_hi3,2025-02
220923,long,2025-02-13 20:35:00,2025-02-13 20:40:00,2025-02-13 20:47:00,2927.828,2925.522461164583,SL,-2.465538835416658,7,0.367347061822462,ml_v3bal_hi3,2025-02
221051,long,2025-02-14 08:15:00,2025-02-14 08:20:00,2025-02-14 08:33:00,2937.242,2934.9746213256944,SL,-2.4273786743055474,13,0.36789511294709965,ml_v3bal_hi3,2025-02
221196,long,2025-02-14 20:20:00,2025-02-14 20:25:00,2025-02-14 20:37:00,2881.476,2879.016129980556,SL,-2.619870019444425,12,0.3702720562460815,ml_v3bal_hi3,2025-02
221233,short,2025-02-17 00:30:00,2025-02-17 00:35:00,2025-02-17 00:36:00,2884.04,2886.7103421975694,SL,-2.8303421975694336,1,0.30420440791433134,ml_v3bal_hi3,2025-02
221234,short,2025-02-17 00:35:00,2025-02-17 00:40:00,2025-02-17 01:12:00,2886.103,2888.7825727024306,SL,-2.8395727024305426,32,0.30704419670884886,ml_v3bal_hi3,2025-02
221241,short,2025-02-17 01:10:00,2025-02-17 01:15:00,2025-02-17 01:27:00,2888.535,2891.2454865600694,SL,-2.8704865600694314,12,0.3050835296222724,ml_v3bal_hi3,2025-02
221244,short,2025-02-17 01:25:00,2025-02-17 01:30:00,2025-02-17 01:32:00,2890.645,2893.3745507670137,SL,-2.889550767013878,2,0.325200566632719,ml_v3bal_hi3,2025-02
221245,short,2025-02-17 01:30:00,2025-02-17 01:35:00,2025-02-17 01:37:00,2892.401,2895.141737694444,SL,-2.9007376944444316,2,0.3165773196259166,ml_v3bal_hi3,2025-02
221246,short,2025-02-17 01:35:00,2025-02-17 01:40:00,2025-02-17 02:38:00,2895.487,2898.240547698611,SL,-2.9135476986110964,58,0.3165431512632991,ml_v3bal_hi3,2025-02
221484,short,2025-02-18 01:15:00,2025-02-18 01:20:00,2025-02-18 02:38:00,2896.954,2899.103596479861,SL,-2.3095964798611,78,0.3042193738632982,ml_v3bal_hi3,2025-02
221500,short,2025-02-18 02:35:00,2025-02-18 02:40:00,2025-02-18 02:41:00,2902.086,2904.2516526375,SL,-2.3256526374999846,1,0.3155431618108099,ml_v3bal_hi3,2025-02
221587,short,2025-02-18 09:50:00,2025-02-18 09:55:00,2025-02-18 10:45:00,2912.17,2907.0758125,TP,4.934187499999951,50,0.30125426568384467,ml_v3bal_hi3,2025-02
221599,short,2025-02-18 10:50:00,2025-02-18 10:55:00,2025-02-18 11:38:00,2910.612,2912.4993048982637,SL,-2.0473048982638677,43,0.3026113247023119,ml_v3bal_hi3,2025-02
221608,short,2025-02-18 11:35:00,2025-02-18 11:40:00,2025-02-18 11:55:00,2912.396,2914.269859949653,SL,-2.0338599496527623,15,0.30847408183103797,ml_v3bal_hi3,2025-02
221617,short,2025-02-18 12:20:00,2025-02-18 12:25:00,2025-02-18 12:28:00,2913.557,2915.401636631597,SL,-2.00463663159721,3,0.30242146618961496,ml_v3bal_hi3,2025-02
221738,short,2025-02-18 23:25:00,2025-02-18 23:30:00,2025-02-19 00:58:00,2933.658,2928.8706562499997,TP,4.627343750000048,88,0.3036998336950504,ml_v3bal_hi3,2025-02
221764,long,2025-02-19 01:35:00,2025-02-19 01:40:00,2025-02-19 01:58:00,2934.628,2939.5527083333336,TP,4.764708333333379,18,0.36827001481127386,ml_v3bal_hi3,2025-02
221768,long,2025-02-19 01:55:00,2025-02-19 02:00:00,2025-02-19 02:09:00,2938.458,2936.5671830652777,SL,-2.0508169347222416,9,0.36950680991243257,ml_v3bal_hi3,2025-02
221772,long,2025-02-19 02:15:00,2025-02-19 02:20:00,2025-02-19 02:25:00,2938.123,2936.2285797555555,SL,-2.0544202444444615,5,0.3747098628051848,ml_v3bal_hi3,2025-02
221778,long,2025-02-19 02:45:00,2025-02-19 02:50:00,2025-02-19 02:51:00,2926.65,2924.754464634375,SL,-2.055535365625015,1,0.37718660180899666,ml_v3bal_hi3,2025-02
221779,long,2025-02-19 02:50:00,2025-02-19 02:55:00,2025-02-19 03:06:00,2926.89,2924.982440373958,SL,-2.0675596260416826,11,0.37632598318669425,ml_v3bal_hi3,2025-02
221782,long,2025-02-19 03:05:00,2025-02-19 03:10:00,2025-02-19 05:49:00,2927.656,2932.721270833333,TP,4.9052708333333666,159,0.38739974455135656,ml_v3bal_hi3,2025-02
222690,short,2025-02-24 09:50:00,2025-02-24 09:55:00,2025-02-24 10:45:00,2943.622,2937.303645833333,TP,6.1583541666666415,50,0.3021635542647799,ml_v3bal_hi3,2025-02
222861,short,2025-02-25 01:05:00,2025-02-25 01:10:00,2025-02-25 01:42:00,2951.301,2945.25528125,TP,5.885718749999992,32,0.3013008333598899,ml_v3bal_hi3,2025-02
222873,short,2025-02-25 02:05:00,2025-02-25 02:10:00,2025-02-25 02:20:00,2949.612,2951.9081575312503,SL,-2.4561575312499953,10,0.30171517503881656,ml_v3bal_hi3,2025-02
222876,short,2025-02-25 02:20:00,2025-02-25 02:25:00,2025-02-25 03:32:00,2950.517,2944.5241041666663,TP,5.832895833333316,67,0.3127880457630944,ml_v3bal_hi3,2025-02
223273,long,2025-02-26 12:25:00,2025-02-26 12:30:00,2025-02-26 13:54:00,2911.042,2908.3425455996526,SL,-2.8594544003472047,84,0.3613523210497278,ml_v3bal_hi3,2025-02
223290,long,2025-02-26 13:50:00,2025-02-26 13:55:00,2025-02-26 13:58:00,2908.264,2905.5895187583333,SL,-2.8344812416666487,3,0.3740458628135552,ml_v3bal_hi3,2025-02
223922,long,2025-02-28 20:30:00,2025-02-28 20:35:00,2025-02-28 21:15:00,2848.673,2855.8921562499995,TP,7.059156249999946,40,0.3630094185076662,ml_v3bal_hi3,2025-02
224032,short,2025-03-03 06:45:00,2025-03-03 06:50:00,2025-03-03 08:46:00,2863.812,2866.5061724562497,SL,-2.85417245624998,116,0.2946886888214819,ml_v3bal_hi3,2025-03
224056,short,2025-03-03 08:45:00,2025-03-03 08:50:00,2025-03-03 09:03:00,2866.454,2869.156307681945,SL,-2.862307681944429,13,0.2995058317461277,ml_v3bal_hi3,2025-03
224064,short,2025-03-03 09:25:00,2025-03-03 09:30:00,2025-03-03 10:50:00,2869.54,2872.2311009125,SL,-2.851100912499986,80,0.2975332462992044,ml_v3bal_hi3,2025-03
224282,short,2025-03-04 04:35:00,2025-03-04 04:40:00,2025-03-04 04:45:00,2889.837,2892.1204268951387,SL,-2.4434268951388964,5,0.2949808855109717,ml_v3bal_hi3,2025-03
224287,short,2025-03-04 05:00:00,2025-03-04 05:05:00,2025-03-04 05:23:00,2891.815,2894.098661030903,SL,-2.4436610309027844,18,0.30010405975693877,ml_v3bal_hi3,2025-03
224291,short,2025-03-04 05:20:00,2025-03-04 05:25:00,2025-03-04 06:17:00,2893.592,2887.572125,TP,5.8598750000000175,52,0.3022636256120165,ml_v3bal_hi3,2025-03
224302,short,2025-03-04 06:15:00,2025-03-04 06:20:00,2025-03-04 07:11:00,2888.339,2890.6552376493055,SL,-2.476237649305567,51,0.30481465354321047,ml_v3bal_hi3,2025-03
225062,long,2025-03-07 00:35:00,2025-03-07 00:40:00,2025-03-07 00:48:00,2905.432,2902.7890834340274,SL,-2.80291656597222,8,0.3923706612469308,ml_v3bal_hi3,2025-03
225107,long,2025-03-07 04:20:00,2025-03-07 04:25:00,2025-03-07 06:32:00,2905.827,2913.139822916667,TP,7.1528229166666515,127,0.39475695436878333,ml_v3bal_hi3,2025-03
225392,short,2025-03-10 04:10:00,2025-03-10 04:15:00,2025-03-10 06:36:00,2910.886,2913.4164917152775,SL,-2.6904917152777577,141,0.29442682119094754,ml_v3bal_hi3,2025-03
225421,short,2025-03-10 06:35:00,2025-03-10 06:40:00,2025-03-10 07:00:00,2912.153,2914.6831186854165,SL,-2.6901186854166426,20,0.29950439297091447,ml_v3bal_hi3,2025-03
225426,short,2025-03-10 07:00:00,2025-03-10 07:05:00,2025-03-10 07:54:00,2913.983,2907.3501145833334,TP,6.47288541666661,49,0.2950894624163313,ml_v3bal_hi3,2025-03
225574,long,2025-03-10 19:20:00,2025-03-10 19:25:00,2025-03-10 19:37:00,2889.997,2887.2725605357637,SL,-2.884439464236105,12,0.3970783597949875,ml_v3bal_hi3,2025-03
225577,long,2025-03-10 19:35:00,2025-03-10 19:40:00,2025-03-10 23:45:00,2885.42,2882.690004771875,SL,-2.889995228124993,182,0.39192748708474434,ml_v3bal_hi3,2025-03
225617,long,2025-03-10 23:55:00,2025-03-11 00:00:00,2025-03-11 01:04:00,2884.724,2882.0202001986113,SL,-2.8637998013888795,64,0.425678722586711,ml_v3bal_hi3,2025-03
225679,long,2025-03-11 05:05:00,2025-03-11 05:10:00,2025-03-11 05:46:00,2897.278,2894.5451514902775,SL,-2.892848509722219,36,0.3889487068906712,ml_v3bal_hi3,2025-03
225687,long,2025-03-11 05:45:00,2025-03-11 05:50:00,2025-03-11 06:52:00,2895.096,2902.3201770833334,TP,7.06417708333333,62,0.4293110778093048,ml_v3bal_hi3,2025-03
225872,short,2025-03-11 22:10:00,2025-03-11 22:15:00,2025-03-11 23:09:00,2917.182,2919.2833129232636,SL,-2.2613129232638856,54,0.2941528113314731,ml_v3bal_hi3,2025-03
226133,long,2025-03-12 19:55:00,2025-03-12 20:00:00,2025-03-12 22:49:00,2931.289,2936.772625,TP,5.323625000000056,106,0.3941549346819896,ml_v3bal_hi3,2025-03
226191,short,2025-03-13 01:45:00,2025-03-13 01:50:00,2025-03-13 01:52:00,2936.894,2938.986999119444,SL,-2.2529991194444596,2,0.2955499861215807,ml_v3bal_hi3,2025-03
226193,short,2025-03-13 01:55:00,2025-03-13 02:00:00,2025-03-13 02:05:00,2937.914,2940.0150232298615,SL,-2.2610232298611264,5,0.29538063717843044,ml_v3bal_hi3,2025-03
226242,short,2025-03-13 06:00:00,2025-03-13 06:05:00,2025-03-13 07:48:00,2938.691,2933.2112395833333,TP,5.319760416666693,103,0.2972516645289366,ml_v3bal_hi3,2025-03
226400,long,2025-03-13 19:10:00,2025-03-13 19:15:00,2025-03-13 19:42:00,2983.259,2981.043238340625,SL,-2.3757616593749917,27,0.39099204730185066,ml_v3bal_hi3,2025-03
226411,long,2025-03-13 20:05:00,2025-03-13 20:10:00,2025-03-13 20:55:00,2982.986,2988.8629895833333,TP,5.716989583333308,45,0.3920210491674398,ml_v3bal_hi3,2025-03
226422,long,2025-03-13 22:00:00,2025-03-13 22:05:00,2025-03-14 01:30:00,2984.363,2982.1096694715275,SL,-2.4133305284722124,205,0.4125954796141347,ml_v3bal_hi3,2025-03
226796,short,2025-03-17 06:15:00,2025-03-17 06:20:00,2025-03-17 06:25:00,2986.779,2989.057117172222,SL,-2.43811717222222,5,0.29460330410310454,ml_v3bal_hi3,2025-03
226811,short,2025-03-17 07:30:00,2025-03-17 07:35:00,2025-03-17 09:06:00,2987.549,2989.7889649479166,SL,-2.39996494791667,91,0.29574674295706616,ml_v3bal_hi3,2025-03
227021,short,2025-03-18 02:00:00,2025-03-18 02:05:00,2025-03-18 02:17:00,3004.757,3006.5892393413196,SL,-1.9922393413194583,12,0.2970874640946752,ml_v3bal_hi3,2025-03
227029,short,2025-03-18 02:40:00,2025-03-18 02:45:00,2025-03-18 02:47:00,3007.177,3008.9854328930555,SL,-1.9684328930555683,2,0.2948783365414998,ml_v3bal_hi3,2025-03
227943,long,2025-03-21 09:50:00,2025-03-21 09:55:00,2025-03-21 11:48:00,3030.079,3035.7260208333337,TP,5.487020833333281,113,0.40142247890367544,ml_v3bal_hi3,2025-03
227971,long,2025-03-21 12:10:00,2025-03-21 12:15:00,2025-03-21 13:02:00,3035.504,3033.4300531822914,SL,-2.233946817708322,47,0.40560257084894125,ml_v3bal_hi3,2025-03
228130,short,2025-03-24 02:30:00,2025-03-24 02:35:00,2025-03-24 02:45:00,3022.074,3016.0602604166666,TP,5.853739583333347,10,0.29690112716022526,ml_v3bal_hi3,2025-03
228140,short,2025-03-24 03:20:00,2025-03-24 03:25:00,2025-03-24 05:08:00,3019.603,3021.899236899306,SL,-2.4562368993055617,103,0.2977901342627223,ml_v3bal_hi3,2025-03
228161,short,2025-03-24 05:05:00,2025-03-24 05:10:00,2025-03-24 06:43:00,3021.79,3024.0913997913194,SL,-2.4613997913194465,93,0.3151167588757367,ml_v3bal_hi3,2025-03
228180,short,2025-03-24 06:40:00,2025-03-24 06:45:00,2025-03-24 07:21:00,3024.726,3027.048785513889,SL,-2.482785513888897,36,0.2989422274284207,ml_v3bal_hi3,2025-03
228194,long,2025-03-24 07:50:00,2025-03-24 07:55:00,2025-03-24 08:46:00,3022.081,3028.0656458333333,TP,5.82464583333335,51,0.3873947263893932,ml_v3bal_hi3,2025-03
228205,long,2025-03-24 08:45:00,2025-03-24 08:50:00,2025-03-24 09:41:00,3027.961,3025.675906375694,SL,-2.445093624305562,51,0.40974378134304335,ml_v3bal_hi3,2025-03
228216,long,2025-03-24 09:40:00,2025-03-24 09:45:00,2025-03-24 10:24:00,3024.846,3030.7645729166666,TP,5.758572916666666,39,0.392706732378698,ml_v3bal_hi3,2025-03
228224,long,2025-03-24 10:20:00,2025-03-24 10:25:00,2025-03-24 10:40:00,3030.71,3028.447506429514,SL,-2.422493570486113,15,0.38965931583858615,ml_v3bal_hi3,2025-03
228336,long,2025-03-24 19:40:00,2025-03-24 19:45:00,2025-03-24 20:24:00,3006.47,3011.90871875,TP,5.2787187499999835,39,0.40942511675355353,ml_v3bal_hi3,2025-03
228344,long,2025-03-24 20:20:00,2025-03-24 20:25:00,2025-03-24 22:37:00,3012.174,3010.118458634375,SL,-2.2155413656249907,69,0.40329108105534983,ml_v3bal_hi3,2025-03
228478,long,2025-03-25 08:30:00,2025-03-25 08:35:00,2025-03-25 10:13:00,3019.171,3024.3628437499997,TP,5.031843749999933,98,0.4206393870194455,ml_v3bal_hi3,2025-03
229169,long,2025-03-27 20:05:00,2025-03-27 20:10:00,2025-03-28 00:24:00,3056.303,3062.254395833333,TP,5.791395833333327,191,0.4176376009328553,ml_v3bal_hi3,2025-03
229637,short,2025-03-31 13:10:00,2025-03-31 13:15:00,2025-03-31 13:36:00,3118.76,3110.111729166667,TP,8.488270833333296,21,0.3003624744395415,ml_v3bal_hi3,2025-03
229642,short,2025-03-31 13:35:00,2025-03-31 13:40:00,2025-03-31 13:46:00,3108.514,3099.780791666667,TP,8.573208333333294,6,0.3051169412010398,ml_v3bal_hi3,2025-03
229756,short,2025-04-01 00:05:00,2025-04-01 00:10:00,2025-04-01 00:19:00,3122.063,3125.0808909444445,SL,-3.1778909444444285,9,0.3295771170446171,ml_v3bal_hi3,2025-04
229758,short,2025-04-01 00:15:00,2025-04-01 00:20:00,2025-04-01 01:01:00,3125.09,3128.1131570149305,SL,-3.1831570149305404,41,0.3093469901000072,ml_v3bal_hi3,2025-04
229767,short,2025-04-01 01:00:00,2025-04-01 01:05:00,2025-04-01 01:08:00,3129.626,3132.6690585548613,SL,-3.2030585548610975,3,0.30857633743071156,ml_v3bal_hi3,2025-04
229998,long,2025-04-01 20:15:00,2025-04-01 20:20:00,2025-04-01 20:52:00,3118.166,3115.340540874653,SL,-2.985459125347206,32,0.3706355935581397,ml_v3bal_hi3,2025-04
230031,long,2025-04-02 00:00:00,2025-04-02 00:05:00,2025-04-02 00:29:00,3114.001,3121.5795833333336,TP,7.41858333333329,24,0.4357786529595952,ml_v3bal_hi3,2025-04
230077,long,2025-04-02 03:50:00,2025-04-02 03:55:00,2025-04-02 04:35:00,3125.341,3122.4395261194445,SL,-3.061473880555557,40,0.3762991139882845,ml_v3bal_hi3,2025-04
230548,long,2025-04-03 20:05:00,2025-04-03 20:10:00,2025-04-04 02:31:00,3108.507,3102.931917926389,SL,-5.73508207361112,318,0.37105223733379267,ml_v3bal_hi3,2025-04
230630,long,2025-04-04 03:55:00,2025-04-04 04:00:00,2025-04-04 07:22:00,3098.435,3093.7118228875,SL,-4.883177112500009,202,0.3714135337438492,ml_v3bal_hi3,2025-04
230824,long,2025-04-04 20:05:00,2025-04-04 20:10:00,2025-04-06 22:13:00,3036.6,3031.0594390621527,SL,-5.70056093784724,48,0.38318207468937926,ml_v3bal_hi3,2025-04
230902,long,2025-04-07 03:45:00,2025-04-07 03:50:00,2025-04-07 05:23:00,3019.636,3039.3947083333333,TP,19.598708333333434,93,0.36958271121774383,ml_v3bal_hi3,2025-04
231099,long,2025-04-07 20:10:00,2025-04-07 20:15:00,2025-04-08 01:11:00,2979.385,2999.3626354166668,TP,19.817635416666697,233,0.372622705568023,ml_v3bal_hi3,2025-04
231241,short,2025-04-08 09:00:00,2025-04-08 09:05:00,2025-04-08 11:00:00,3006.38,3011.641181413889,SL,-5.42118141388888,115,0.306084706790163,ml_v3bal_hi3,2025-04
231276,short,2025-04-08 11:55:00,2025-04-08 12:00:00,2025-04-08 12:25:00,3017.467,3004.27715625,TP,13.029843749999962,25,0.30903955761803725,ml_v3bal_hi3,2025-04
231410,long,2025-04-09 00:05:00,2025-04-09 00:10:00,2025-04-09 00:15:00,2980.897,2976.6811950878473,SL,-4.375804912152768,5,0.3693238316373363,ml_v3bal_hi3,2025-04
231413,long,2025-04-09 00:20:00,2025-04-09 00:25:00,2025-04-09 00:35:00,2984.074,2979.8198523802084,SL,-4.414147619791653,10,0.3735788687622363,ml_v3bal_hi3,2025-04
231808,short,2025-04-10 10:15:00,2025-04-10 10:20:00,2025-04-10 11:59:00,3119.432,3125.560745692361,SL,-6.288745692361113,99,0.30655232730203086,ml_v3bal_hi3,2025-04
232213,short,2025-04-13 22:05:00,2025-04-13 22:10:00,2025-04-14 00:21:00,3220.964,3226.2907076805554,SL,-5.486707680555562,131,0.31179343945248256,ml_v3bal_hi3,2025-04
232240,short,2025-04-14 00:20:00,2025-04-14 00:25:00,2025-04-14 01:27:00,3224.576,3229.9226568413196,SL,-5.506656841319453,62,0.307179211025613,ml_v3bal_hi3,2025-04
232253,short,2025-04-14 01:25:00,2025-04-14 01:30:00,2025-04-14 01:34:00,3228.904,3234.2804476409724,SL,-5.536447640972233,4,0.31638862484660674,ml_v3bal_hi3,2025-04
232254,short,2025-04-14 01:30:00,2025-04-14 01:35:00,2025-04-14 01:43:00,3234.367,3239.7490351520837,SL,-5.542035152083341,8,0.30826193097479426,ml_v3bal_hi3,2025-04
232520,short,2025-04-15 01:05:00,2025-04-15 01:10:00,2025-04-15 01:16:00,3214.338,3218.085180196528,SL,-3.907180196527781,6,0.30790307580353576,ml_v3bal_hi3,2025-04
232522,short,2025-04-15 01:15:00,2025-04-15 01:20:00,2025-04-15 01:23:00,3220.113,3223.867386815972,SL,-3.914386815972225,3,0.3117454915544385,ml_v3bal_hi3,2025-04
232523,short,2025-04-15 01:20:00,2025-04-15 01:25:00,2025-04-15 03:01:00,3224.273,3228.028105096875,SL,-3.9151050968750045,96,0.3228480139477359,ml_v3bal_hi3,2025-04
232552,short,2025-04-15 03:45:00,2025-04-15 03:50:00,2025-04-15 04:00:00,3225.465,3229.027978844792,SL,-3.7229788447916685,10,0.3050168029430098,ml_v3bal_hi3,2025-04
232632,short,2025-04-15 10:25:00,2025-04-15 10:30:00,2025-04-15 12:25:00,3224.402,3215.86728125,TP,8.374718749999996,115,0.31922490345509547,ml_v3bal_hi3,2025-04
233292,long,2025-04-17 19:25:00,2025-04-17 19:30:00,2025-04-17 20:27:00,3312.718,3323.997520833333,TP,11.119520833333356,57,0.37175995835044057,ml_v3bal_hi3,2025-04
233436,short,2025-04-21 08:30:00,2025-04-21 08:35:00,2025-04-21 08:47:00,3388.451,3392.6886470010418,SL,-4.397647001041688,12,0.3113299201466537,ml_v3bal_hi3,2025-04
233439,short,2025-04-21 08:45:00,2025-04-21 08:50:00,2025-04-21 09:12:00,3391.845,3396.0672853138885,SL,-4.38228531388891,22,0.3223252016713275,ml_v3bal_hi3,2025-04
233444,short,2025-04-21 09:10:00,2025-04-21 09:15:00,2025-04-21 11:35:00,3394.431,3398.625331884722,SL,-4.354331884722241,140,0.31915298287173643,ml_v3bal_hi3,2025-04
233476,short,2025-04-21 11:50:00,2025-04-21 11:55:00,2025-04-21 12:46:00,3404.75,3408.948839990278,SL,-4.358839990277791,51,0.30720735724592485,ml_v3bal_hi3,2025-04
233567,short,2025-04-21 19:25:00,2025-04-21 19:30:00,2025-04-21 20:51:00,3422.195,3426.2890741569445,SL,-4.254074156944447,81,0.31615166215254464,ml_v3bal_hi3,2025-04
233586,short,2025-04-21 22:00:00,2025-04-21 22:05:00,2025-04-21 22:11:00,3427.992,3432.0919354878474,SL,-4.25993548784723,6,0.309114135764718,ml_v3bal_hi3,2025-04
233588,short,2025-04-21 22:10:00,2025-04-21 22:15:00,2025-04-21 23:16:00,3432.173,3436.2837612906246,SL,-4.27076129062501,61,0.3335458022079809,ml_v3bal_hi3,2025-04
233972,short,2025-04-23 07:10:00,2025-04-23 07:15:00,2025-04-23 07:42:00,3307.805,3315.7406269399303,SL,-8.09562693993055,27,0.309075861225867,ml_v3bal_hi3,2025-04
234129,long,2025-04-23 20:15:00,2025-04-23 20:20:00,2025-04-23 20:32:00,3294.186,3286.893960685764,SL,-7.452039314236114,12,0.40182750185162175,ml_v3bal_hi3,2025-04
234132,long,2025-04-23 20:30:00,2025-04-23 20:35:00,2025-04-23 22:03:00,3286.081,3305.1790416666668,TP,18.938041666666678,25,0.39211271077965903,ml_v3bal_hi3,2025-04
234479,long,2025-04-25 03:45:00,2025-04-25 03:50:00,2025-04-25 03:52:00,3338.391,3333.543215040278,SL,-5.007784959722226,2,0.3817569591853721,ml_v3bal_hi3,2025-04
234480,long,2025-04-25 03:50:00,2025-04-25 03:55:00,2025-04-25 03:57:00,3336.491,3331.6419014989583,SL,-5.009098501041669,2,0.38782205949900483,ml_v3bal_hi3,2025-04
234832,short,2025-04-28 10:15:00,2025-04-28 10:20:00,2025-04-28 10:33:00,3280.163,3285.018646365625,SL,-5.015646365624997,13,0.3076816797286778,ml_v3bal_hi3,2025-04
234987,short,2025-04-29 00:10:00,2025-04-29 00:15:00,2025-04-29 01:07:00,3337.589,3325.7916875,TP,11.63731249999999,52,0.30695466442807284,ml_v3bal_hi3,2025-04
235181,long,2025-04-29 16:20:00,2025-04-29 16:25:00,2025-04-29 16:51:00,3317.033,3328.0288124999997,TP,10.8358125,26,0.3875912654825306,ml_v3bal_hi3,2025-04
235271,long,2025-04-30 00:50:00,2025-04-30 00:55:00,2025-04-30 01:04:00,3313.174,3309.1817510899305,SL,-4.152248910069447,9,0.3695553031772433,ml_v3bal_hi3,2025-04
235282,long,2025-04-30 01:45:00,2025-04-30 01:50:00,2025-04-30 01:56:00,3314.878,3310.8400906475695,SL,-4.197909352430565,6,0.39290798514719727,ml_v3bal_hi3,2025-04
235284,long,2025-04-30 01:55:00,2025-04-30 02:00:00,2025-04-30 03:42:00,3308.207,3304.1673921711804,SL,-4.199607828819451,102,0.3845779044411004,ml_v3bal_hi3,2025-04
235305,long,2025-04-30 03:40:00,2025-04-30 03:45:00,2025-04-30 04:10:00,3307.123,3303.216135244097,SL,-4.066864755902786,25,0.370878847427013,ml_v3bal_hi3,2025-04
235349,long,2025-04-30 07:20:00,2025-04-30 07:25:00,2025-04-30 07:58:00,3311.773,3308.0547296177083,SL,-3.878270382291678,33,0.3700274219541453,ml_v3bal_hi3,2025-04
235356,long,2025-04-30 07:55:00,2025-04-30 08:00:00,2025-04-30 08:08:00,3307.242,3303.590367037153,SL,-3.811632962847234,8,0.37454208029126224,ml_v3bal_hi3,2025-04
235526,long,2025-04-30 23:05:00,2025-04-30 23:10:00,2025-04-30 23:18:00,3279.332,3274.9085007916665,SL,-4.583499208333329,8,0.39843568667054347,ml_v3bal_hi3,2025-04
235529,long,2025-04-30 23:20:00,2025-04-30 23:25:00,2025-04-30 23:32:00,3279.695,3275.218090058681,SL,-4.636909941319438,7,0.3700604186904611,ml_v3bal_hi3,2025-04
235534,long,2025-04-30 23:45:00,2025-04-30 23:50:00,2025-05-01 00:00:00,3276.126,3271.6130529930556,SL,-4.67294700694444,10,0.3754328814990946,ml_v3bal_hi3,2025-04
235774,long,2025-05-01 19:45:00,2025-05-01 19:50:00,2025-05-01 20:45:00,3226.675,3239.8012083333333,TP,12.966208333333324,55,0.3678829076509377,ml_v3bal_hi3,2025-05
235791,long,2025-05-01 22:10:00,2025-05-01 22:15:00,2025-05-02 00:53:00,3236.356,3231.3123783315973,SL,-5.203621668402775,158,0.3725787397091398,ml_v3bal_hi3,2025-05
235823,long,2025-05-02 00:50:00,2025-05-02 00:55:00,2025-05-02 02:10:00,3230.461,3243.232989583333,TP,12.611989583333337,75,0.38168889732156563,ml_v3bal_hi3,2025-05
235855,long,2025-05-02 03:30:00,2025-05-02 03:35:00,2025-05-02 05:01:00,3254.391,3250.0263522048613,SL,-4.524647795138891,86,0.3687997806903426,ml_v3bal_hi3,2025-05
235873,long,2025-05-02 05:00:00,2025-05-02 05:05:00,2025-05-02 06:50:00,3252.528,3248.3118101527775,SL,-4.3761898472222205,105,0.42471771319046997,ml_v3bal_hi3,2025-05
235896,long,2025-05-02 06:55:00,2025-05-02 07:00:00,2025-05-02 09:37:00,3252.872,3263.7465104166668,TP,10.714510416666686,157,0.37168518984987464,ml_v3bal_hi3,2025-05
236084,short,2025-05-04 23:40:00,2025-05-04 23:45:00,2025-05-05 01:05:00,3249.526,3253.6148557072916,SL,-4.248855707291682,80,0.2793559729987645,ml_v3bal_hi3,2025-05
236101,short,2025-05-05 01:05:00,2025-05-05 01:10:00,2025-05-05 01:15:00,3255.83,3259.9705322482637,SL,-4.300532248263905,5,0.2785185479104899,ml_v3bal_hi3,2025-05
236157,short,2025-05-05 05:45:00,2025-05-05 05:50:00,2025-05-05 05:55:00,3255.011,3259.213463142014,SL,-4.362463142013894,5,0.2799040830712187,ml_v3bal_hi3,2025-05
236648,long,2025-05-07 00:40:00,2025-05-07 00:45:00,2025-05-07 00:58:00,3365.318,3379.3742500000003,TP,13.896249999999974,13,0.37647756324964343,ml_v3bal_hi3,2025-05
236652,long,2025-05-07 01:00:00,2025-05-07 01:05:00,2025-05-07 01:06:00,3378.346,3372.8740725881944,SL,-5.6309274118055495,1,0.367539546441169,ml_v3bal_hi3,2025-05
236653,long,2025-05-07 01:05:00,2025-05-07 01:10:00,2025-05-07 01:25:00,3372.694,3367.1818528260414,SL,-5.6721471739583285,15,0.382508265193387,ml_v3bal_hi3,2025-05
236663,long,2025-05-07 01:55:00,2025-05-07 02:00:00,2025-05-07 02:21:00,3374.739,3389.525541666667,TP,14.626541666666645,21,0.36812946806916064,ml_v3bal_hi3,2025-05
236722,long,2025-05-07 06:50:00,2025-05-07 06:55:00,2025-05-07 07:34:00,3391.129,3385.8765609774305,SL,-5.4124390225694325,39,0.3687086229369326,ml_v3bal_hi3,2025-05
236731,long,2025-05-07 07:35:00,2025-05-07 07:40:00,2025-05-07 07:49:00,3389.866,3384.612676023611,SL,-5.413323976388875,9,0.37452088585052307,ml_v3bal_hi3,2025-05
236764,long,2025-05-07 10:20:00,2025-05-07 10:25:00,2025-05-07 11:21:00,3390.16,3384.8818616010417,SL,-5.438138398958309,56,0.3731475820784841,ml_v3bal_hi3,2025-05
236786,long,2025-05-07 12:10:00,2025-05-07 12:15:00,2025-05-07 12:21:00,3393.232,3387.884212163889,SL,-5.507787836111097,6,0.37477914010688457,ml_v3bal_hi3,2025-05
236797,long,2025-05-07 13:05:00,2025-05-07 13:10:00,2025-05-07 13:20:00,3391.279,3385.914068663889,SL,-5.5249313361111065,10,0.3683297930278478,ml_v3bal_hi3,2025-05
237185,long,2025-05-08 23:25:00,2025-05-08 23:30:00,2025-05-08 23:57:00,3317.674,3312.510183348264,SL,-5.3238166517361085,27,0.3722998733194692,ml_v3bal_hi3,2025-05
237242,long,2025-05-09 04:10:00,2025-05-09 04:15:00,2025-05-09 05:10:00,3314.918,3329.0277604166668,TP,13.94976041666664,55,0.36765430277517996,ml_v3bal_hi3,2025-05
237269,long,2025-05-09 06:25:00,2025-05-09 06:30:00,2025-05-09 11:27:00,3321.011,3335.162479166667,TP,13.991479166666636,297,0.37184126775897874,ml_v3bal_hi3,2025-05
237541,short,2025-05-12 06:10:00,2025-05-12 06:15:00,2025-05-12 07:00:00,3279.717,3267.9138020833334,TP,11.643197916666718,45,0.27936838797924174,ml_v3bal_hi3,2025-05
237749,short,2025-05-13 00:30:00,2025-05-13 00:35:00,2025-05-13 01:00:00,3236.139,3241.125440952778,SL,-5.146440952777796,25,0.27885726982143655,ml_v3bal_hi3,2025-05
237755,short,2025-05-13 01:00:00,2025-05-13 01:05:00,2025-05-13 01:30:00,3242.868,3229.8823229166665,TP,12.825677083333375,25,0.2784509385049695,ml_v3bal_hi3,2025-05
237761,short,2025-05-13 01:30:00,2025-05-13 01:35:00,2025-05-13 02:19:00,3224.212,3229.1636936180557,SL,-5.111693618055569,44,0.2779577398717755,ml_v3bal_hi3,2025-05
237781,short,2025-05-13 03:10:00,2025-05-13 03:15:00,2025-05-13 03:54:00,3233.533,3238.331362471528,SL,-4.958362471527791,39,0.27842163865333813,ml_v3bal_hi3,2025-05
237789,short,2025-05-13 03:50:00,2025-05-13 03:55:00,2025-05-13 04:38:00,3237.697,3242.4167246020834,SL,-4.8797246020833445,43,0.2819060225173373,ml_v3bal_hi3,2025-05
237798,short,2025-05-13 04:35:00,2025-05-13 04:40:00,2025-05-13 04:50:00,3245.079,3249.749837848264,SL,-4.830837848263901,10,0.2833294510224177,ml_v3bal_hi3,2025-05
238014,short,2025-05-13 23:35:00,2025-05-13 23:40:00,2025-05-13 23:47:00,3252.315,3255.8646807270834,SL,-3.709680727083342,7,0.2796070972208612,ml_v3bal_hi3,2025-05
238016,short,2025-05-13 23:45:00,2025-05-13 23:50:00,2025-05-14 00:09:00,3254.794,3245.492770833333,TP,9.14122916666669,19,0.28437106200899076,ml_v3bal_hi3,2025-05
239119,short,2025-05-19 23:45:00,2025-05-19 23:50:00,2025-05-20 01:03:00,3223.312,3227.2631362572915,SL,-4.111136257291656,73,0.28243305380933775,ml_v3bal_hi3,2025-05
239134,short,2025-05-20 01:00:00,2025-05-20 01:05:00,2025-05-20 01:39:00,3228.567,3232.448943186458,SL,-4.041943186458323,34,0.2796154600665114,ml_v3bal_hi3,2025-05
239404,long,2025-05-21 00:30:00,2025-05-21 00:35:00,2025-05-21 01:00:00,3299.637,3309.32803125,TP,9.531031250000042,25,0.37347781909316025,ml_v3bal_hi3,2025-05
239917,long,2025-05-22 20:15:00,2025-05-22 20:20:00,2025-05-22 23:50:00,3291.672,3301.9435208333334,TP,10.111520833333312,147,0.36926944610545626,ml_v3bal_hi3,2025-05
239948,long,2025-05-22 23:50:00,2025-05-22 23:55:00,2025-05-23 00:02:00,3301.058,3297.223653836458,SL,-3.9943461635416635,7,0.37905788161797305,ml_v3bal_hi3,2025-05
239952,long,2025-05-23 00:10:00,2025-05-23 00:15:00,2025-05-23 00:49:00,3300.028,3296.1701172395833,SL,-4.0178827604166605,34,0.372462178731495,ml_v3bal_hi3,2025-05
239966,long,2025-05-23 01:20:00,2025-05-23 01:25:00,2025-05-23 01:33:00,3303.121,3299.1293900027777,SL,-4.1516099972222165,8,0.3697034575134234,ml_v3bal_hi3,2025-05
239971,long,2025-05-23 01:45:00,2025-05-23 01:50:00,2025-05-23 02:07:00,3303.988,3299.95077718125,SL,-4.197222818749995,17,0.36993367638626434,ml_v3bal_hi3,2025-05
239978,long,2025-05-23 02:20:00,2025-05-23 02:25:00,2025-05-23 02:30:00,3296.675,3292.669353762153,SL,-4.16564623784722,5,0.3965988807686494,ml_v3bal_hi3,2025-05
239981,long,2025-05-23 02:35:00,2025-05-23 02:40:00,2025-05-23 02:46:00,3296.062,3292.0489685645834,SL,-4.1730314354166635,6,0.373952250106,ml_v3bal_hi3,2025-05
239984,long,2025-05-23 02:50:00,2025-05-23 02:55:00,2025-05-23 04:14:00,3295.856,3306.3728020833337,TP,10.356802083333326,79,0.39733324906638356,ml_v3bal_hi3,2025-05
240000,long,2025-05-23 04:10:00,2025-05-23 04:15:00,2025-05-23 05:14:00,3306.055,3316.4368124999996,TP,10.22181249999998,59,0.42489153805556107,ml_v3bal_hi3,2025-05
240280,short,2025-05-26 04:35:00,2025-05-26 04:40:00,2025-05-26 04:49:00,3346.798,3350.751287131597,SL,-4.113287131597238,9,0.2787191074292683,ml_v3bal_hi3,2025-05
240282,short,2025-05-26 04:45:00,2025-05-26 04:50:00,2025-05-26 06:26:00,3350.865,3340.4759479166664,TP,10.229052083333373,96,0.2787011878057662,ml_v3bal_hi3,2025-05
240302,short,2025-05-26 06:25:00,2025-05-26 06:30:00,2025-05-26 09:25:00,3340.094,3329.6409166666667,TP,10.293083333333357,175,0.28212648919939964,ml_v3bal_hi3,2025-05
240464,short,2025-05-26 23:45:00,2025-05-26 23:50:00,2025-05-27 00:14:00,3346.336,3349.196119155208,SL,-3.0201191552083277,24,0.2786703658633684,ml_v3bal_hi3,2025-05
240469,short,2025-05-27 00:10:00,2025-05-27 00:15:00,2025-05-27 01:05:00,3349.445,3341.9397708333336,TP,7.345229166666652,50,0.28171435337589634,ml_v3bal_hi3,2025-05
240480,short,2025-05-27 01:05:00,2025-05-27 01:10:00,2025-05-27 01:14:00,3340.879,3343.7777198090275,SL,-3.05871980902777,4,0.27994225743265366,ml_v3bal_hi3,2025-05
240481,short,2025-05-27 01:10:00,2025-05-27 01:15:00,2025-05-27 01:39:00,3343.44,3335.8171666666667,TP,7.462833333333313,24,0.27900351407976365,ml_v3bal_hi3,2025-05
240512,short,2025-05-27 03:45:00,2025-05-27 03:50:00,2025-05-27 04:47:00,3342.627,3335.2758958333334,TP,7.191104166666625,57,0.27795659344719303,ml_v3bal_hi3,2025-05
240740,short,2025-05-27 23:45:00,2025-05-27 23:50:00,2025-05-28 00:30:00,3309.509,3312.810103945486,SL,-3.461103945486112,40,0.2815795480587794,ml_v3bal_hi3,2025-05
240772,long,2025-05-28 02:25:00,2025-05-28 02:30:00,2025-05-28 02:44:00,3309.716,3306.311479478125,SL,-3.564520521874999,14,0.3815642930455694,ml_v3bal_hi3,2025-05
240835,long,2025-05-28 07:40:00,2025-05-28 07:45:00,2025-05-28 10:47:00,3317.492,3314.052763890625,SL,-3.5992361093749885,182,0.37303028136048133,ml_v3bal_hi3,2025-05
240989,long,2025-05-28 20:30:00,2025-05-28 20:35:00,2025-05-28 20:43:00,3297.061,3293.9327755531253,SL,-3.288224446874996,8,0.3691721013259992,ml_v3bal_hi3,2025-05
240998,long,2025-05-28 22:15:00,2025-05-28 22:20:00,2025-05-28 22:22:00,3289.647,3286.3981281718748,SL,-3.4088718281249983,2,0.3725213694200946,ml_v3bal_hi3,2025-05
241097,long,2025-05-29 06:30:00,2025-05-29 06:35:00,2025-05-29 07:51:00,3273.295,3283.5420937500003,TP,10.08709375000001,76,0.36768447007886707,ml_v3bal_hi3,2025-05
241343,long,2025-05-30 04:00:00,2025-05-30 04:05:00,2025-05-30 05:51:00,3293.193,3301.8169687500003,TP,8.463968750000003,106,0.37094737026157243,ml_v3bal_hi3,2025-05
241411,long,2025-05-30 09:40:00,2025-05-30 09:45:00,2025-05-30 10:37:00,3297.872,3294.5839759100695,SL,-3.44802408993055,52,0.3928023965374516,ml_v3bal_hi3,2025-05
241441,long,2025-05-30 12:10:00,2025-05-30 12:15:00,2025-05-30 12:16:00,3302.847,3299.474639414236,SL,-3.531360585763876,1,0.3835367522405926,ml_v3bal_hi3,2025-05
241526,long,2025-05-30 19:15:00,2025-05-30 19:20:00,2025-05-30 20:56:00,3292.719,3289.251155675,SL,-3.627844324999995,96,0.38724143388512533,ml_v3bal_hi3,2025-05
241550,short,2025-06-01 22:20:00,2025-06-01 22:25:00,2025-06-01 22:45:00,3302.765,3306.3304829069443,SL,-3.725482906944442,20,0.2950427209965904,ml_v3bal_hi3,2025-06
241558,short,2025-06-01 23:00:00,2025-06-01 23:05:00,2025-06-02 00:40:00,3315.137,3305.615510416667,TP,9.36148958333334,95,0.29281314965412214,ml_v3bal_hi3,2025-06
241638,short,2025-06-02 05:40:00,2025-06-02 05:45:00,2025-06-02 06:02:00,3322.569,3326.1268357947915,SL,-3.7178357947916765,17,0.2964088200052391,ml_v3bal_hi3,2025-06
241642,short,2025-06-02 06:00:00,2025-06-02 06:05:00,2025-06-02 06:16:00,3326.132,3329.6983003979167,SL,-3.7263003979166722,11,0.29580916634140075,ml_v3bal_hi3,2025-06
241709,short,2025-06-02 11:35:00,2025-06-02 11:40:00,2025-06-02 12:23:00,3358.772,3362.416604921528,SL,-3.804604921527792,43,0.2927968929758914,ml_v3bal_hi3,2025-06
241829,short,2025-06-02 22:35:00,2025-06-02 22:40:00,2025-06-03 00:14:00,3389.44,3380.7440104166667,TP,8.53598958333331,94,0.2966937086982855,ml_v3bal_hi3,2025-06
242409,long,2025-06-05 00:55:00,2025-06-05 01:00:00,2025-06-05 01:19:00,3380.234,3377.0998705697916,SL,-3.2941294302083435,19,0.39790558387603225,ml_v3bal_hi3,2025-06
242663,long,2025-06-05 23:05:00,2025-06-05 23:10:00,2025-06-06 03:40:00,3359.752,3369.4356875,TP,9.523687500000033,270,0.38249279214794174,ml_v3bal_hi3,2025-06
242722,long,2025-06-06 04:00:00,2025-06-06 04:05:00,2025-06-06 05:40:00,3369.994,3366.3454385809027,SL,-3.808561419097245,95,0.38172241320218586,ml_v3bal_hi3,2025-06
242944,short,2025-06-08 23:35:00,2025-06-08 23:40:00,2025-06-08 23:57:00,3314.938,3318.3745336270836,SL,-3.5965336270833377,17,0.2937577701058699,ml_v3bal_hi3,2025-06
243008,long,2025-06-09 04:55:00,2025-06-09 05:00:00,2025-06-09 06:47:00,3311.683,3321.34296875,TP,9.499968749999981,107,0.383798901537735,ml_v3bal_hi3,2025-06
243222,short,2025-06-09 23:45:00,2025-06-09 23:50:00,2025-06-10 00:35:00,3325.664,3318.239104166667,TP,7.264895833333328,45,0.2951034637725879,ml_v3bal_hi3,2025-06
243350,short,2025-06-10 10:25:00,2025-06-10 10:30:00,2025-06-10 11:09:00,3333.914,3336.737113799306,SL,-2.983113799305556,39,0.2929791955742729,ml_v3bal_hi3,2025-06
243780,long,2025-06-12 00:15:00,2025-06-12 00:20:00,2025-06-12 00:23:00,3366.785,3363.244760103125,SL,-3.700239896874989,3,0.3822255507050424,ml_v3bal_hi3,2025-06
243782,long,2025-06-12 00:25:00,2025-06-12 00:30:00,2025-06-12 00:31:00,3367.325,3363.792661193055,SL,-3.6923388069444334,1,0.40304388002422564,ml_v3bal_hi3,2025-06
243783,long,2025-06-12 00:30:00,2025-06-12 00:35:00,2025-06-12 01:00:00,3366.441,3362.9032086076386,SL,-3.6977913923611014,25,0.3964921225693535,ml_v3bal_hi3,2025-06
243789,long,2025-06-12 01:00:00,2025-06-12 01:05:00,2025-06-12 01:28:00,3366.501,3375.8671562500003,TP,9.206156249999964,23,0.38150116619209695,ml_v3bal_hi3,2025-06
243796,long,2025-06-12 01:35:00,2025-06-12 01:40:00,2025-06-12 01:44:00,3373.022,3369.412900378125,SL,-3.7690996218749886,4,0.38916000765345604,ml_v3bal_hi3,2025-06
243848,long,2025-06-12 05:55:00,2025-06-12 06:00:00,2025-06-12 06:15:00,3374.475,3370.855844445486,SL,-3.779155554513876,15,0.37969129131029755,ml_v3bal_hi3,2025-06
244371,short,2025-06-16 03:35:00,2025-06-16 03:40:00,2025-06-16 05:03:00,3434.029,3422.91540625,TP,10.953593750000001,83,0.29300909691649757,ml_v3bal_hi3,2025-06
244476,short,2025-06-16 12:20:00,2025-06-16 12:25:00,2025-06-16 13:06:00,3413.64,3417.5120618635415,SL,-4.032061863541661,41,0.2932345395444322,ml_v3bal_hi3,2025-06
244551,long,2025-06-16 18:35:00,2025-06-16 18:40:00,2025-06-16 18:56:00,3390.199,3386.464268682986,SL,-3.89473131701389,16,0.37827491442051964,ml_v3bal_hi3,2025-06
245212,long,2025-06-19 04:40:00,2025-06-19 04:45:00,2025-06-19 05:43:00,3373.312,3370.1426033743055,SL,-3.3293966256944114,58,0.3840273589506934,ml_v3bal_hi3,2025-06
245368,long,2025-06-19 22:25:00,2025-06-19 22:30:00,2025-06-19 22:39:00,3366.32,3363.0133244170142,SL,-3.46667558298611,9,0.3768357183677412,ml_v3bal_hi3,2025-06
245391,long,2025-06-20 00:20:00,2025-06-20 00:25:00,2025-06-20 01:09:00,3366.706,3363.4812441555555,SL,-3.3847558444444457,44,0.37716243693162105,ml_v3bal_hi3,2025-06
245414,long,2025-06-20 02:15:00,2025-06-20 02:20:00,2025-06-20 02:31:00,3358.092,3355.0274485756945,SL,-3.2245514243055586,11,0.38106996481798083,ml_v3bal_hi3,2025-06
245431,long,2025-06-20 03:40:00,2025-06-20 03:45:00,2025-06-20 05:24:00,3354.677,3351.572637559028,SL,-3.2643624409722314,99,0.37866925269211726,ml_v3bal_hi3,2025-06
246076,short,2025-06-24 11:30:00,2025-06-24 11:35:00,2025-06-24 12:13:00,3323.772,3313.779864583333,TP,9.832135416666638,38,0.292911229511083,ml_v3bal_hi3,2025-06
246529,long,2025-06-26 03:15:00,2025-06-26 03:20:00,2025-06-26 03:29:00,3341.121,3338.789396695139,SL,-2.4916033048611124,9,0.3823769682961454,ml_v3bal_hi3,2025-06
246742,long,2025-06-26 22:00:00,2025-06-26 22:05:00,2025-06-26 22:06:00,3325.239,3322.6157865538194,SL,-2.7832134461805507,1,0.37695419304728583,ml_v3bal_hi3,2025-06
246746,long,2025-06-26 22:20:00,2025-06-26 22:25:00,2025-06-26 22:47:00,3321.874,3319.2432386517357,SL,-2.7907613482638842,22,0.3836222460993107,ml_v3bal_hi3,2025-06
246759,long,2025-06-26 23:25:00,2025-06-26 23:30:00,2025-06-26 23:34:00,3321.599,3318.9471069069446,SL,-2.8118930930555535,4,0.37718504386727153,ml_v3bal_hi3,2025-06
246995,long,2025-06-27 19:05:00,2025-06-27 19:10:00,2025-06-27 19:20:00,3273.222,3269.8884583302083,SL,-3.493541669791675,10,0.38282741398432385,ml_v3bal_hi3,2025-06
247007,long,2025-06-27 20:05:00,2025-06-27 20:10:00,2025-06-29 22:11:00,3271.965,3268.6078820493058,SL,-3.5171179506944537,54,0.37843835282371585,ml_v3bal_hi3,2025-06
247019,short,2025-06-29 22:10:00,2025-06-29 22:15:00,2025-06-29 22:22:00,3265.745,3256.864145833333,TP,8.72085416666668,7,0.30138777974274966,ml_v3bal_hi3,2025-06
247112,short,2025-06-30 05:55:00,2025-06-30 06:00:00,2025-06-30 06:33:00,3288.983,3292.593337763542,SL,-3.770337763541671,33,0.29332348800701147,ml_v3bal_hi3,2025-06
247119,short,2025-06-30 06:30:00,2025-06-30 06:35:00,2025-06-30 09:07:00,3293.423,3284.0288124999997,TP,9.23418750000002,152,0.30291478432220464,ml_v3bal_hi3,2025-06
247317,short,2025-07-01 00:00:00,2025-07-01 00:05:00,2025-07-01 00:57:00,3311.678,3314.4493777322914,SL,-2.931377732291668,52,0.2728973537835363,ml_v3bal_hi3,2025-07
247328,short,2025-07-01 00:55:00,2025-07-01 01:00:00,2025-07-01 01:05:00,3314.663,3317.380474917361,SL,-2.8774749173611105,5,0.274404724657781,ml_v3bal_hi3,2025-07
247330,short,2025-07-01 01:05:00,2025-07-01 01:10:00,2025-07-01 01:26:00,3318.042,3320.752534180903,SL,-2.870534180902778,16,0.27732206748566557,ml_v3bal_hi3,2025-07
247355,short,2025-07-01 03:10:00,2025-07-01 03:15:00,2025-07-01 03:21:00,3317.323,3319.9219546,SL,-2.7589545999999956,6,0.260219377739978,ml_v3bal_hi3,2025-07
247358,short,2025-07-01 03:25:00,2025-07-01 03:30:00,2025-07-01 05:00:00,3321.184,3323.7818950364585,SL,-2.757895036458332,90,0.26048742701924077,ml_v3bal_hi3,2025-07
247377,short,2025-07-01 05:00:00,2025-07-01 05:05:00,2025-07-01 05:12:00,3324.391,3326.9300634652777,SL,-2.699063465277775,7,0.27914722689481325,ml_v3bal_hi3,2025-07
247379,short,2025-07-01 05:10:00,2025-07-01 05:15:00,2025-07-01 05:32:00,3328.315,3330.8670322055555,SL,-2.712032205555553,17,0.2788932366022641,ml_v3bal_hi3,2025-07
247383,short,2025-07-01 05:30:00,2025-07-01 05:35:00,2025-07-01 06:50:00,3331.519,3334.072786239583,SL,-2.713786239583329,75,0.28536622094405606,ml_v3bal_hi3,2025-07
247399,short,2025-07-01 06:50:00,2025-07-01 06:55:00,2025-07-01 07:10:00,3331.659,3334.2152863333336,SL,-2.7162863333333256,15,0.2658831891287162,ml_v3bal_hi3,2025-07
247403,short,2025-07-01 07:10:00,2025-07-01 07:15:00,2025-07-01 07:30:00,3336.306,3338.8698024881946,SL,-2.7238024881944356,15,0.2709810517093787,ml_v3bal_hi3,2025-07
247407,short,2025-07-01 07:30:00,2025-07-01 07:35:00,2025-07-01 07:52:00,3336.291,3338.864834610417,SL,-2.7338346104166558,17,0.2681960762426332,ml_v3bal_hi3,2025-07
247411,short,2025-07-01 07:50:00,2025-07-01 07:55:00,2025-07-01 08:04:00,3339.316,3341.897362670486,SL,-2.7413626704860996,9,0.26987952002734694,ml_v3bal_hi3,2025-07
247413,short,2025-07-01 08:00:00,2025-07-01 08:05:00,2025-07-01 09:25:00,3341.547,3344.1322913892363,SL,-2.745291389236099,80,0.2688342929765657,ml_v3bal_hi3,2025-07
247430,short,2025-07-01 09:25:00,2025-07-01 09:30:00,2025-07-01 09:40:00,3342.905,3345.4706636690976,SL,-2.7256636690972065,10,0.26223875591010604,ml_v3bal_hi3,2025-07
247433,short,2025-07-01 09:40:00,2025-07-01 09:45:00,2025-07-01 10:17:00,3345.923,3348.4836872920137,SL,-2.720687292013872,32,0.2711151567676854,ml_v3bal_hi3,2025-07
247440,short,2025-07-01 10:15:00,2025-07-01 10:20:00,2025-07-01 11:03:00,3347.369,3349.922619566667,SL,-2.71361956666665,43,0.27851575886996505,ml_v3bal_hi3,2025-07
247449,short,2025-07-01 11:00:00,2025-07-01 11:05:00,2025-07-01 12:20:00,3351.667,3354.1723836309025,SL,-2.665383630902764,75,0.27747592338771376,ml_v3bal_hi3,2025-07
247465,short,2025-07-01 12:20:00,2025-07-01 12:25:00,2025-07-01 12:41:00,3353.68,3356.2077217701385,SL,-2.6877217701388747,16,0.26997031280250106,ml_v3bal_hi3,2025-07
247469,short,2025-07-01 12:40:00,2025-07-01 12:45:00,2025-07-01 13:09:00,3355.88,3349.1836145833336,TP,6.536385416666629,24,0.2731650919601396,ml_v3bal_hi3,2025-07
247474,short,2025-07-01 13:05:00,2025-07-01 13:10:00,2025-07-01 13:56:00,3348.588,3351.160155976042,SL,-2.732155976041653,46,0.2585648150131181,ml_v3bal_hi3,2025-07
247485,short,2025-07-01 14:00:00,2025-07-01 14:05:00,2025-07-01 14:51:00,3351.867,3345.0359166666667,TP,6.671083333333296,46,0.25863870541906087,ml_v3bal_hi3,2025-07
247495,long,2025-07-01 14:50:00,2025-07-01 14:55:00,2025-07-01 15:15:00,3344.201,3341.6018390430554,SL,-2.7591609569444318,20,0.3323971405833618,ml_v3bal_hi3,2025-07
247500,short,2025-07-01 15:15:00,2025-07-01 15:20:00,2025-07-01 22:24:00,3343.08,3341.353,TIMEOUT,1.5669999999998618,360,0.2622911318555969,ml_v3bal_hi3,2025-07
247573,short,2025-07-01 22:20:00,2025-07-01 22:25:00,2025-07-02 00:03:00,3341.444,3334.9090520833333,TP,6.37494791666659,98,0.26522654253723343,ml_v3bal_hi3,2025-07
247593,long,2025-07-02 00:00:00,2025-07-02 00:05:00,2025-07-02 00:10:00,3336.922,3343.4207916666664,TP,6.338791666666582,5,0.3699913335861108,ml_v3bal_hi3,2025-07
247595,long,2025-07-02 00:10:00,2025-07-02 00:15:00,2025-07-02 00:18:00,3343.33,3340.8167509947916,SL,-2.673249005208301,3,0.41778523579140325,ml_v3bal_hi3,2025-07
247596,long,2025-07-02 00:15:00,2025-07-02 00:20:00,2025-07-02 00:28:00,3340.882,3338.3650564118057,SL,-2.6769435881944124,8,0.3995227033508708,ml_v3bal_hi3,2025-07
247598,long,2025-07-02 00:25:00,2025-07-02 00:30:00,2025-07-02 00:39:00,3339.096,3336.569615581597,SL,-2.686384418402747,9,0.38350689473875965,ml_v3bal_hi3,2025-07
247600,long,2025-07-02 00:35:00,2025-07-02 00:40:00,2025-07-02 01:24:00,3336.829,3334.291912799306,SL,-2.6970872006944164,44,0.3541481362967086,ml_v3bal_hi3,2025-07
247609,long,2025-07-02 01:20:00,2025-07-02 01:25:00,2025-07-02 01:40:00,3334.366,3331.7957845729165,SL,-2.730215427083307,15,0.3658664352265388,ml_v3bal_hi3,2025-07
247613,long,2025-07-02 01:40:00,2025-07-02 01:45:00,2025-07-02 02:03:00,3333.23,3330.63961715,SL,-2.7503828499999767,18,0.36012728353312096,ml_v3bal_hi3,2025-07
247617,long,2025-07-02 02:00:00,2025-07-02 02:05:00,2025-07-02 02:55:00,3331.061,3337.8846354166667,TP,6.6636354166666045,50,0.37106324090782594,ml_v3bal_hi3,2025-07
247628,long,2025-07-02 02:55:00,2025-07-02 03:00:00,2025-07-02 05:30:00,3336.718,3343.522614583333,TP,6.644614583333276,150,0.32000604449296877,ml_v3bal_hi3,2025-07
247659,short,2025-07-02 05:30:00,2025-07-02 05:35:00,2025-07-02 06:22:00,3340.112,3333.4027604166668,TP,6.54923958333328,47,0.2603493005822658,ml_v3bal_hi3,2025-07
247669,short,2025-07-02 06:20:00,2025-07-02 06:25:00,2025-07-02 07:23:00,3334.671,3327.8981041666666,TP,6.612895833333289,58,0.2584355495889489,ml_v3bal_hi3,2025-07
247681,short,2025-07-02 07:20:00,2025-07-02 07:25:00,2025-07-02 07:46:00,3328.984,3331.5911930041666,SL,-2.7671930041666517,21,0.2694935003579411,ml_v3bal_hi3,2025-07
247686,short,2025-07-02 07:45:00,2025-07-02 07:50:00,2025-07-02 09:17:00,3336.238,3338.863082563889,SL,-2.7850825638888694,87,0.26977489878408356,ml_v3bal_hi3,2025-07
247706,long,2025-07-02 09:25:00,2025-07-02 09:30:00,2025-07-02 10:58:00,3338.973,3345.695802083333,TP,6.562802083333282,88,0.31536462214735017,ml_v3bal_hi3,2025-07
247725,short,2025-07-02 11:00:00,2025-07-02 11:05:00,2025-07-02 11:52:00,3346.665,3339.9671458333332,TP,6.537854166666635,47,0.2584196442545926,ml_v3bal_hi3,2025-07
247735,long,2025-07-02 11:50:00,2025-07-02 11:55:00,2025-07-02 12:12:00,3341.43,3338.874420042361,SL,-2.715579957638878,17,0.3135069590863403,ml_v3bal_hi3,2025-07
247740,short,2025-07-02 12:15:00,2025-07-02 12:20:00,2025-07-02 12:23:00,3346.758,3349.3408111374997,SL,-2.7428111374999875,3,0.2694543398799055,ml_v3bal_hi3,2025-07
247741,short,2025-07-02 12:20:00,2025-07-02 12:25:00,2025-07-02 13:04:00,3348.987,3342.1972083333335,TP,6.629791666666635,39,0.2744938251313389,ml_v3bal_hi3,2025-07
247749,short,2025-07-02 13:00:00,2025-07-02 13:05:00,2025-07-02 13:10:00,3343.957,3346.5932734597222,SL,-2.7962734597222125,5,0.27576260544085307,ml_v3bal_hi3,2025-07
247751,short,2025-07-02 13:10:00,2025-07-02 13:15:00,2025-07-02 13:47:00,3344.732,3337.7659166666667,TP,6.806083333333306,32,0.28225661647615996,ml_v3bal_hi3,2025-07
247758,short,2025-07-02 13:45:00,2025-07-02 13:50:00,2025-07-02 14:44:00,3337.312,3339.979778609375,SL,-2.8277786093749917,54,0.2871185694685765,ml_v3bal_hi3,2025-07
247769,short,2025-07-02 14:40:00,2025-07-02 14:45:00,2025-07-02 14:57:00,3340.448,3343.094095256597,SL,-2.8060952565972106,12,0.2908914718306937,ml_v3bal_hi3,2025-07
247772,short,2025-07-02 14:55:00,2025-07-02 15:00:00,2025-07-02 16:07:00,3342.998,3345.622737312847,SL,-2.7847373128472084,67,0.28678747063096244,ml_v3bal_hi3,2025-07
247786,short,2025-07-02 16:05:00,2025-07-02 16:10:00,2025-07-02 17:00:00,3346.691,3349.272402354514,SL,-2.7414023545138764,50,0.2665511762816657,ml_v3bal_hi3,2025-07
247860,short,2025-07-02 23:15:00,2025-07-02 23:20:00,2025-07-03 00:04:00,3352.305,3345.667645833333,TP,6.477354166666658,44,0.261954231012703,ml_v3bal_hi3,2025-07
247870,long,2025-07-03 00:05:00,2025-07-03 00:10:00,2025-07-03 01:06:00,3345.576,3343.0321268305556,SL,-2.7038731694444453,56,0.32615744570711347,ml_v3bal_hi3,2025-07
247882,long,2025-07-03 01:05:00,2025-07-03 01:10:00,2025-07-03 02:49:00,3342.897,3349.5397083333332,TP,6.482708333333336,99,0.38202036021542973,ml_v3bal_hi3,2025-07
247902,long,2025-07-03 02:45:00,2025-07-03 02:50:00,2025-07-03 03:16:00,3349.8,3347.333574179167,SL,-2.626425820833334,26,0.3313251259563832,ml_v3bal_hi3,2025-07
247908,long,2025-07-03 03:15:00,2025-07-03 03:20:00,2025-07-03 05:17:00,3347.468,3353.8526875,TP,6.224687499999998,117,0.3190529284242598,ml_v3bal_hi3,2025-07
247932,short,2025-07-03 05:15:00,2025-07-03 05:20:00,2025-07-03 05:50:00,3353.63,3356.0128631635416,SL,-2.5428631635416696,30,0.25987171134308096,ml_v3bal_hi3,2025-07
247940,long,2025-07-03 05:55:00,2025-07-03 06:00:00,2025-07-03 06:41:00,3359.345,3356.919460632986,SL,-2.585539367013888,41,0.32512294880527637,ml_v3bal_hi3,2025-07
247949,long,2025-07-03 06:40:00,2025-07-03 06:45:00,2025-07-03 07:28:00,3356.758,3354.3299486340275,SL,-2.5880513659722224,43,0.32389454660822964,ml_v3bal_hi3,2025-07
247958,long,2025-07-03 07:25:00,2025-07-03 07:30:00,2025-07-03 07:48:00,3356.352,3353.9077059614583,SL,-2.6042940385416626,18,0.33335808900702457,ml_v3bal_hi3,2025-07
247962,long,2025-07-03 07:45:00,2025-07-03 07:50:00,2025-07-03 08:21:00,3354.138,3351.6864199739584,SL,-2.6115800260416604,31,0.3320408880966875,ml_v3bal_hi3,2025-07
247972,long,2025-07-03 08:35:00,2025-07-03 08:40:00,2025-07-03 09:12:00,3355.441,3353.022333906597,SL,-2.578666093402773,32,0.3163264827648433,ml_v3bal_hi3,2025-07
247979,long,2025-07-03 09:10:00,2025-07-03 09:15:00,2025-07-03 09:25:00,3353.095,3350.689564561458,SL,-2.5654354385416647,10,0.32180065701689353,ml_v3bal_hi3,2025-07
247982,long,2025-07-03 09:25:00,2025-07-03 09:30:00,2025-07-03 09:35:00,3350.54,3348.135374115625,SL,-2.564625884374999,5,0.34704850242273966,ml_v3bal_hi3,2025-07
247984,long,2025-07-03 09:35:00,2025-07-03 09:40:00,2025-07-03 09:45:00,3347.145,3344.7264331166666,SL,-2.5785668833333304,5,0.35480425455345,ml_v3bal_hi3,2025-07
247986,long,2025-07-03 09:45:00,2025-07-03 09:50:00,2025-07-03 10:41:00,3346.013,3352.3647499999997,TP,6.191750000000001,51,0.3190057304739762,ml_v3bal_hi3,2025-07
248006,long,2025-07-03 11:25:00,2025-07-03 11:30:00,2025-07-03 11:40:00,3347.802,3345.3899889180557,SL,-2.5720110819444413,10,0.3157563272974847,ml_v3bal_hi3,2025-07
248019,short,2025-07-03 12:30:00,2025-07-03 12:35:00,2025-07-03 12:38:00,3328.212,3321.59875,TP,6.453249999999974,3,0.2779394858616815,ml_v3bal_hi3,2025-07
248020,short,2025-07-03 12:35:00,2025-07-03 12:40:00,2025-07-03 12:43:00,3320.02,3313.26984375,TP,6.590156249999975,3,0.2691651677874303,ml_v3bal_hi3,2025-07
248021,short,2025-07-03 12:40:00,2025-07-03 12:45:00,2025-07-03 12:46:00,3312.144,3314.742041867361,SL,-2.7580418673611033,1,0.26815886781378573,ml_v3bal_hi3,2025-07
248022,short,2025-07-03 12:45:00,2025-07-03 12:50:00,2025-07-03 12:54:00,3317.594,3320.2121973850694,SL,-2.7781973850694355,4,0.2719889430777628,ml_v3bal_hi3,2025-07
248023,short,2025-07-03 12:50:00,2025-07-03 12:55:00,2025-07-03 12:57:00,3321.273,3323.9087734409723,SL,-2.7957734409722135,2,0.28251936693171675,ml_v3bal_hi3,2025-07
248024,short,2025-07-03 12:55:00,2025-07-03 13:00:00,2025-07-03 13:03:00,3324.555,3327.2032500993055,SL,-2.8082500993055457,3,0.28238928335270697,ml_v3bal_hi3,2025-07
248025,short,2025-07-03 13:00:00,2025-07-03 13:05:00,2025-07-03 13:16:00,3328.85,3331.5189334145834,SL,-2.828933414583324,11,0.275780542819781,ml_v3bal_hi3,2025-07
248028,short,2025-07-03 13:15:00,2025-07-03 13:20:00,2025-07-03 13:23:00,3328.547,3331.2086910795138,SL,-2.8216910795138817,3,0.27205002221374003,ml_v3bal_hi3,2025-07
248029,short,2025-07-03 13:20:00,2025-07-03 13:25:00,2025-07-03 13:33:00,3332.365,3335.029810244097,SL,-2.8248102440972156,8,0.26524976289615193,ml_v3bal_hi3,2025-07
248031,short,2025-07-03 13:30:00,2025-07-03 13:35:00,2025-07-03 13:41:00,3334.797,3337.4596077805554,SL,-2.822607780555546,6,0.26497947073325673,ml_v3bal_hi3,2025-07
248033,short,2025-07-03 13:40:00,2025-07-03 13:45:00,2025-07-03 14:00:00,3337.444,3330.414979166667,TP,6.869020833333301,15,0.2662271598611788,ml_v3bal_hi3,2025-07
248038,short,2025-07-03 14:05:00,2025-07-03 14:10:00,2025-07-03 14:21:00,3333.004,3325.9547395833333,TP,6.889260416666646,11,0.25925030207976857,ml_v3bal_hi3,2025-07
248041,short,2025-07-03 14:20:00,2025-07-03 14:25:00,2025-07-03 14:30:00,3325.378,3328.0834347833334,SL,-2.8654347833333267,5,0.274164571492953,ml_v3bal_hi3,2025-07
248043,short,2025-07-03 14:30:00,2025-07-03 14:35:00,2025-07-03 16:38:00,3329.181,3331.8830378305556,SL,-2.8620378305555483,123,0.26346264981362355,ml_v3bal_hi3,2025-07
248081,long,2025-07-03 17:40:00,2025-07-03 17:45:00,2025-07-03 19:05:00,3330.3,3327.695569004167,SL,-2.7644309958333277,80,0.3294520201261299,ml_v3bal_hi3,2025-07
248098,long,2025-07-03 19:05:00,2025-07-03 19:10:00,2025-07-03 22:02:00,3327.398,3324.8229272479166,SL,-2.7350727520833256,108,0.38360923361204835,ml_v3bal_hi3,2025-07
248121,long,2025-07-03 22:00:00,2025-07-03 22:05:00,2025-07-03 23:29:00,3324.774,3331.45465625,TP,6.520656249999989,84,0.43502889045451126,ml_v3bal_hi3,2025-07
248138,long,2025-07-03 23:25:00,2025-07-03 23:30:00,2025-07-04 00:09:00,3330.647,3328.1218418180556,SL,-2.6851581819444434,39,0.43530103308626733,ml_v3bal_hi3,2025-07
248146,long,2025-07-04 00:05:00,2025-07-04 00:10:00,2025-07-04 03:33:00,3327.739,3334.3344583333333,TP,6.435458333333335,203,0.3992292967309477,ml_v3bal_hi3,2025-07
248187,long,2025-07-04 03:30:00,2025-07-04 03:35:00,2025-07-04 04:20:00,3334.874,3341.2861770833333,TP,6.2521770833333274,45,0.38564821243933284,ml_v3bal_hi3,2025-07
248197,long,2025-07-04 04:20:00,2025-07-04 04:25:00,2025-07-04 07:12:00,3340.788,3338.345717941667,SL,-2.602282058333331,167,0.3354722834377747,ml_v3bal_hi3,2025-07
248231,long,2025-07-04 07:10:00,2025-07-04 07:15:00,2025-07-04 09:31:00,3338.95,3336.530996592361,SL,-2.5790034076388793,136,0.41041714529351053,ml_v3bal_hi3,2025-07
248259,long,2025-07-04 09:30:00,2025-07-04 09:35:00,2025-07-04 10:41:00,3334.927,3332.5194692447917,SL,-2.5675307552083324,66,0.36348273510259244,ml_v3bal_hi3,2025-07
248273,long,2025-07-04 10:40:00,2025-07-04 10:45:00,2025-07-04 12:46:00,3334.39,3331.9976642590277,SL,-2.552335740972219,121,0.37424321491606216,ml_v3bal_hi3,2025-07
248302,short,2025-07-04 13:05:00,2025-07-04 13:10:00,2025-07-04 13:44:00,3335.234,3337.6078033,SL,-2.5338033,34,0.2612127360219463,ml_v3bal_hi3,2025-07
248311,short,2025-07-04 13:50:00,2025-07-04 13:55:00,2025-07-06 22:05:00,3334.702,3336.8493503638892,SL,-2.307350363888891,170,0.2658192613503405,ml_v3bal_hi3,2025-07
248346,short,2025-07-06 22:05:00,2025-07-06 22:10:00,2025-07-06 22:25:00,3337.984,3333.2080104166666,TP,4.6159895833333415,15,0.27581952593826287,ml_v3bal_hi3,2025-07
248350,short,2025-07-06 22:25:00,2025-07-06 22:30:00,2025-07-06 22:32:00,3333.773,3335.6040607256946,SL,-1.9910607256944475,2,0.2914938922341279,ml_v3bal_hi3,2025-07
248351,short,2025-07-06 22:30:00,2025-07-06 22:35:00,2025-07-06 23:10:00,3335.864,3331.0503958333334,TP,4.653604166666674,35,0.2745574158109618,ml_v3bal_hi3,2025-07
248359,short,2025-07-06 23:10:00,2025-07-06 23:15:00,2025-07-06 23:48:00,3331.376,3326.5762187500004,TP,4.6397812499999995,33,0.2803174437775715,ml_v3bal_hi3,2025-07
248366,short,2025-07-06 23:45:00,2025-07-06 23:50:00,2025-07-06 23:52:00,3326.622,3328.471886828472,SL,-2.009886828472222,2,0.2680062039056812,ml_v3bal_hi3,2025-07
248367,short,2025-07-06 23:50:00,2025-07-06 23:55:00,2025-07-07 00:00:00,3327.613,3329.4598748107637,SL,-2.0068748107638887,5,0.26486974165141897,ml_v3bal_hi3,2025-07
248369,short,2025-07-07 00:00:00,2025-07-07 00:05:00,2025-07-07 01:01:00,3326.555,3321.67396875,TP,4.7210312500000065,56,0.2788606540699331,ml_v3bal_hi3,2025-07
248381,short,2025-07-07 01:00:00,2025-07-07 01:05:00,2025-07-07 01:07:00,3323.477,3318.387875,TP,4.929124999999991,2,0.2681790908528934,ml_v3bal_hi3,2025-07
248382,short,2025-07-07 01:05:00,2025-07-07 01:10:00,2025-07-07 01:12:00,3317.862,3312.706364583333,TP,4.995635416666655,2,0.2730850430129488,ml_v3bal_hi3,2025-07
248383,short,2025-07-07 01:10:00,2025-07-07 01:15:00,2025-07-07 01:17:00,3311.057,3313.048661986111,SL,-2.151661986111108,2,0.26279117729558565,ml_v3bal_hi3,2025-07
248384,short,2025-07-07 01:15:00,2025-07-07 01:20:00,2025-07-07 01:21:00,3312.747,3307.4713541666665,TP,5.115645833333328,1,0.2603831196520249,ml_v3bal_hi3,2025-07
248385,short,2025-07-07 01:20:00,2025-07-07 01:25:00,2025-07-07 01:31:00,3311.941,3313.970607853472,SL,-2.1896078534722205,6,0.26027785784935153,ml_v3bal_hi3,2025-07
248387,short,2025-07-07 01:30:00,2025-07-07 01:35:00,2025-07-07 01:36:00,3313.346,3315.385596323264,SL,-2.199596323263887,1,0.260560948413748,ml_v3bal_hi3,2025-07
248388,short,2025-07-07 01:35:00,2025-07-07 01:40:00,2025-07-07 01:41:00,3316.621,3318.672184059375,SL,-2.2111840593749963,1,0.2692502178372328,ml_v3bal_hi3,2025-07
248389,short,2025-07-07 01:40:00,2025-07-07 01:45:00,2025-07-07 01:47:00,3317.057,3319.1149422493054,SL,-2.2179422493055516,2,0.2644693292797987,ml_v3bal_hi3,2025-07
248390,short,2025-07-07 01:45:00,2025-07-07 01:50:00,2025-07-07 02:32:00,3317.307,3311.8841562499997,TP,5.262843749999994,42,0.26564513520612165,ml_v3bal_hi3,2025-07
248399,short,2025-07-07 02:30:00,2025-07-07 02:35:00,2025-07-07 03:09:00,3309.785,3311.920238798611,SL,-2.2952387986111074,34,0.26191701538299716,ml_v3bal_hi3,2025-07
248406,long,2025-07-07 03:05:00,2025-07-07 03:10:00,2025-07-07 03:42:00,3312.487,3310.301652179514,SL,-2.3453478204861002,32,0.3212319875526247,ml_v3bal_hi3,2025-07
248413,long,2025-07-07 03:40:00,2025-07-07 03:45:00,2025-07-07 04:23:00,3310.402,3308.1864089819446,SL,-2.375591018055545,38,0.3124372825074526,ml_v3bal_hi3,2025-07
248421,short,2025-07-07 04:20:00,2025-07-07 04:25:00,2025-07-07 05:08:00,3308.121,3310.3547702711808,SL,-2.3937702711805455,43,0.2605004961983589,ml_v3bal_hi3,2025-07
248430,short,2025-07-07 05:05:00,2025-07-07 05:10:00,2025-07-07 05:51:00,3311.475,3313.7421881909722,SL,-2.427188190972215,41,0.27932993257295413,ml_v3bal_hi3,2025-07
248439,long,2025-07-07 05:50:00,2025-07-07 05:55:00,2025-07-07 06:17:00,3313.598,3311.304802897222,SL,-2.453197102777767,22,0.3269046156858472,ml_v3bal_hi3,2025-07
248447,short,2025-07-07 06:30:00,2025-07-07 06:35:00,2025-07-07 06:41:00,3310.172,3312.494852976736,SL,-2.482852976736102,6,0.2585638657829055,ml_v3bal_hi3,2025-07
248457,short,2025-07-07 07:20:00,2025-07-07 07:25:00,2025-07-07 07:29:00,3309.896,3312.2396037548615,SL,-2.5036037548611088,4,0.2623773611834477,ml_v3bal_hi3,2025-07
248459,short,2025-07-07 07:30:00,2025-07-07 07:35:00,2025-07-07 07:46:00,3310.031,3303.85571875,TP,6.015281249999992,11,0.2818511361224762,ml_v3bal_hi3,2025-07
248462,short,2025-07-07 07:45:00,2025-07-07 07:50:00,2025-07-07 08:13:00,3304.15,3306.5188308913193,SL,-2.52883089131944,23,0.27502264473843985,ml_v3bal_hi3,2025-07
248467,short,2025-07-07 08:10:00,2025-07-07 08:15:00,2025-07-07 08:24:00,3306.975,3309.365153119444,SL,-2.5501531194444405,9,0.273096744159941,ml_v3bal_hi3,2025-07
248476,long,2025-07-07 08:55:00,2025-07-07 09:00:00,2025-07-07 09:29:00,3310.112,3307.71698161875,SL,-2.5550183812499894,29,0.3334940230309138,ml_v3bal_hi3,2025-07
248482,short,2025-07-07 09:25:00,2025-07-07 09:30:00,2025-07-07 09:50:00,3307.639,3310.0420861440975,SL,-2.5630861440972126,20,0.2819895628571098,ml_v3bal_hi3,2025-07
248487,long,2025-07-07 09:50:00,2025-07-07 09:55:00,2025-07-07 10:32:00,3309.99,3307.5679012381943,SL,-2.5820987618055464,37,0.33394942305078573,ml_v3bal_hi3,2025-07
248495,long,2025-07-07 10:30:00,2025-07-07 10:35:00,2025-07-07 10:38:00,3308.51,3306.0723371625004,SL,-2.5976628374999895,3,0.32286447882631863,ml_v3bal_hi3,2025-07
248496,short,2025-07-07 10:35:00,2025-07-07 10:40:00,2025-07-07 10:42:00,3305.491,3299.05290625,TP,6.27809374999997,2,0.2994367954078717,ml_v3bal_hi3,2025-07
248497,short,2025-07-07 10:40:00,2025-07-07 10:45:00,2025-07-07 10:47:00,3298.528,3301.008315230555,SL,-2.6403152305555433,2,0.29309014767273034,ml_v3bal_hi3,2025-07
248498,short,2025-07-07 10:45:00,2025-07-07 10:50:00,2025-07-07 11:08:00,3302.975,3305.4773755815972,SL,-2.662375581597211,18,0.2849973466936154,ml_v3bal_hi3,2025-07
248503,short,2025-07-07 11:10:00,2025-07-07 11:15:00,2025-07-07 12:21:00,3304.495,3307.049786277083,SL,-2.7147862770833235,66,0.2648816104980046,ml_v3bal_hi3,2025-07
248518,short,2025-07-07 12:25:00,2025-07-07 12:30:00,2025-07-07 12:32:00,3302.742,3305.388357171181,SL,-2.806357171180552,2,0.27590633521674063,ml_v3bal_hi3,2025-07
248519,short,2025-07-07 12:30:00,2025-07-07 12:35:00,2025-07-07 12:37:00,3303.641,3306.279638627778,SL,-2.7986386277777755,2,0.2735878619366,ml_v3bal_hi3,2025-07
248523,long,2025-07-07 12:50:00,2025-07-07 12:55:00,2025-07-07 13:01:00,3310.538,3307.8776026197916,SL,-2.8203973802083318,6,0.31229084069507523,ml_v3bal_hi3,2025-07
248529,long,2025-07-07 13:20:00,2025-07-07 13:25:00,2025-07-07 13:36:00,3310.547,3307.863450957986,SL,-2.8435490420138883,11,0.3169100782473837,ml_v3bal_hi3,2025-07
248534,long,2025-07-07 13:45:00,2025-07-07 13:50:00,2025-07-07 14:13:00,3310.598,3317.7309999999998,TP,6.972999999999995,23,0.313836179226144,ml_v3bal_hi3,2025-07
248623,short,2025-07-07 22:10:00,2025-07-07 22:15:00,2025-07-07 23:04:00,3344.311,3336.9614895833333,TP,7.189510416666652,49,0.2609250154193925,ml_v3bal_hi3,2025-07
248633,short,2025-07-07 23:00:00,2025-07-07 23:05:00,2025-07-08 04:30:00,3336.634,3329.191010416667,TP,7.282989583333324,325,0.26248925278805224,ml_v3bal_hi3,2025-07
248699,short,2025-07-08 04:30:00,2025-07-08 04:35:00,2025-07-08 05:14:00,3330.901,3333.5490993,SL,-2.808099300000003,39,0.2930367011714584,ml_v3bal_hi3,2025-07
248707,short,2025-07-08 05:10:00,2025-07-08 05:15:00,2025-07-08 05:26:00,3333.663,3336.309865126736,SL,-2.806865126736112,11,0.2855242079987252,ml_v3bal_hi3,2025-07
248710,short,2025-07-08 05:25:00,2025-07-08 05:30:00,2025-07-08 07:05:00,3335.736,3338.3666819802083,SL,-2.790681980208336,95,0.2778611219420159,ml_v3bal_hi3,2025-07
248730,long,2025-07-08 07:05:00,2025-07-08 07:10:00,2025-07-08 07:20:00,3338.769,3336.171934359722,SL,-2.7570656402777787,10,0.3405257654043554,ml_v3bal_hi3,2025-07
248733,long,2025-07-08 07:20:00,2025-07-08 07:25:00,2025-07-08 07:33:00,3334.957,3332.366506034722,SL,-2.7504939652777787,8,0.3492487201735329,ml_v3bal_hi3,2025-07
248735,long,2025-07-08 07:30:00,2025-07-08 07:35:00,2025-07-08 08:06:00,3332.498,3329.9122125604167,SL,-2.7457874395833377,31,0.3161596134964402,ml_v3bal_hi3,2025-07
248742,long,2025-07-08 08:05:00,2025-07-08 08:10:00,2025-07-08 08:18:00,3328.761,3326.163608950694,SL,-2.7573910493055593,8,0.33020777609634033,ml_v3bal_hi3,2025-07
248744,long,2025-07-08 08:15:00,2025-07-08 08:20:00,2025-07-08 08:59:00,3326.241,3323.6521965743054,SL,-2.748803425694449,39,0.34739587448548837,ml_v3bal_hi3,2025-07
248752,long,2025-07-08 08:55:00,2025-07-08 09:00:00,2025-07-08 10:22:00,3323.612,3321.032065954514,SL,-2.739934045486114,82,0.3313051832089159,ml_v3bal_hi3,2025-07
248769,long,2025-07-08 10:20:00,2025-07-08 10:25:00,2025-07-08 12:05:00,3321.509,3328.2820729166665,TP,6.6130729166666775,100,0.3223088472829979,ml_v3bal_hi3,2025-07
248793,long,2025-07-08 12:20:00,2025-07-08 12:25:00,2025-07-08 13:08:00,3326.309,3323.7938064774307,SL,-2.6751935225694528,43,0.32091029924260334,ml_v3bal_hi3,2025-07
248802,long,2025-07-08 13:05:00,2025-07-08 13:10:00,2025-07-08 13:13:00,3323.778,3321.2948791086806,SL,-2.6431208913194446,3,0.3316328174959464,ml_v3bal_hi3,2025-07
248803,long,2025-07-08 13:10:00,2025-07-08 13:15:00,2025-07-08 13:16:00,3322.283,3319.7876484913195,SL,-2.6553515086805555,1,0.3268797459597057,ml_v3bal_hi3,2025-07
248804,long,2025-07-08 13:15:00,2025-07-08 13:20:00,2025-07-08 13:48:00,3322.001,3319.510497879514,SL,-2.65050212048611,28,0.3246831325927557,ml_v3bal_hi3,2025-07
248814,short,2025-07-08 14:05:00,2025-07-08 14:10:00,2025-07-08 14:24:00,3308.266,3301.7073958333335,TP,6.398604166666663,14,0.25905761623732937,ml_v3bal_hi3,2025-07
248817,short,2025-07-08 14:20:00,2025-07-08 14:25:00,2025-07-08 14:26:00,3301.571,3304.0994043354167,SL,-2.6884043354166653,1,0.2591801557475039,ml_v3bal_hi3,2025-07
248818,short,2025-07-08 14:25:00,2025-07-08 14:30:00,2025-07-08 14:37:00,3305.02,3298.35890625,TP,6.501093749999997,7,0.2596401843958804,ml_v3bal_hi3,2025-07
248820,short,2025-07-08 14:35:00,2025-07-08 14:40:00,2025-07-08 14:50:00,3301.361,3294.675427083333,TP,6.525572916666663,10,0.2630971345835635,ml_v3bal_hi3,2025-07
248823,short,2025-07-08 14:50:00,2025-07-08 14:55:00,2025-07-08 15:00:00,3295.107,3297.6566432270834,SL,-2.7096432270833315,5,0.2711037290709951,ml_v3bal_hi3,2025-07
248825,short,2025-07-08 15:00:00,2025-07-08 15:05:00,2025-07-08 15:11:00,3294.554,3287.8561145833332,TP,6.537885416666656,6,0.26678106612143304,ml_v3bal_hi3,2025-07
248844,long,2025-07-08 16:35:00,2025-07-08 16:40:00,2025-07-08 17:03:00,3297.285,3304.133208333333,TP,6.688208333333312,23,0.31271219378259973,ml_v3bal_hi3,2025-07
248860,long,2025-07-08 17:55:00,2025-07-08 18:00:00,2025-07-08 18:21:00,3306.304,3303.6250344631944,SL,-2.8389655368055524,21,0.325813818802104,ml_v3bal_hi3,2025-07
248865,long,2025-07-08 18:20:00,2025-07-08 18:25:00,2025-07-08 18:26:00,3304.305,3301.6273757833333,SL,-2.837624216666661,1,0.33940561043890305,ml_v3bal_hi3,2025-07
248866,long,2025-07-08 18:25:00,2025-07-08 18:30:00,2025-07-08 23:35:00,3301.636,3298.9505659666665,SL,-2.8454340333333272,241,0.32540027317916614,ml_v3bal_hi3,2025-07
248916,short,2025-07-08 23:35:00,2025-07-08 23:40:00,2025-07-09 00:00:00,3300.245,3302.872630278472,SL,-2.7876302784722133,20,0.2747738147006799,ml_v3bal_hi3,2025-07
248921,long,2025-07-09 00:00:00,2025-07-09 00:05:00,2025-07-09 00:27:00,3306.363,3303.7042772857635,SL,-2.818722714236102,22,0.3251599457368315,ml_v3bal_hi3,2025-07
248929,long,2025-07-09 00:40:00,2025-07-09 00:45:00,2025-07-09 01:12:00,3305.949,3303.279562598264,SL,-2.8294374017361053,27,0.32228155356806776,ml_v3bal_hi3,2025-07
248937,long,2025-07-09 01:20:00,2025-07-09 01:25:00,2025-07-09 01:39:00,3306.584,3303.9262376392358,SL,-2.8177623607638793,14,0.32191033945018455,ml_v3bal_hi3,2025-07
248940,long,2025-07-09 01:35:00,2025-07-09 01:40:00,2025-07-09 01:47:00,3303.698,3301.035570797569,SL,-2.822429202430542,7,0.330380910475646,ml_v3bal_hi3,2025-07
248944,long,2025-07-09 01:55:00,2025-07-09 02:00:00,2025-07-09 02:16:00,3301.818,3299.1413043895836,SL,-2.836695610416654,16,0.334142280205144,ml_v3bal_hi3,2025-07
248948,long,2025-07-09 02:15:00,2025-07-09 02:20:00,2025-07-09 02:38:00,3301.31,3298.643276985764,SL,-2.8267230142361024,18,0.3528882941606728,ml_v3bal_hi3,2025-07
248952,long,2025-07-09 02:35:00,2025-07-09 02:40:00,2025-07-09 02:42:00,3297.96,3295.2963604347224,SL,-2.8236395652777726,2,0.3590133094785394,ml_v3bal_hi3,2025-07
248953,short,2025-07-09 02:40:00,2025-07-09 02:45:00,2025-07-09 02:50:00,3294.386,3287.37771875,TP,6.848281249999982,5,0.2734257845287241,ml_v3bal_hi3,2025-07
248955,short,2025-07-09 02:50:00,2025-07-09 02:55:00,2025-07-09 03:01:00,3292.349,3285.2624270833335,TP,6.926572916666654,6,0.27922427338408606,ml_v3bal_hi3,2025-07
248957,short,2025-07-09 03:00:00,2025-07-09 03:05:00,2025-07-09 03:08:00,3288.282,3290.994514413889,SL,-2.8725144138888843,3,0.2732356230185611,ml_v3bal_hi3,2025-07
248958,short,2025-07-09 03:05:00,2025-07-09 03:10:00,2025-07-09 03:56:00,3291.817,3294.5389512756947,SL,-2.881951275694441,46,0.2731128908645716,ml_v3bal_hi3,2025-07
248968,long,2025-07-09 03:55:00,2025-07-09 04:00:00,2025-07-09 05:40:00,3293.244,3290.5151595770835,SL,-2.8888404229166644,100,0.3400835556063544,ml_v3bal_hi3,2025-07
248989,short,2025-07-09 05:40:00,2025-07-09 05:45:00,2025-07-09 06:26:00,3293.125,3285.8662083333334,TP,7.098791666666667,41,0.2704949679483783,ml_v3bal_hi3,2025-07
248998,short,2025-07-09 06:25:00,2025-07-09 06:30:00,2025-07-09 06:40:00,3287.502,3290.292013351736,SL,-2.9500133517361102,10,0.27703577707282623,ml_v3bal_hi3,2025-07
249001,short,2025-07-09 06:40:00,2025-07-09 06:45:00,2025-07-09 06:59:00,3289.364,3292.1677083097225,SL,-2.963708309722225,14,0.2702924583625959,ml_v3bal_hi3,2025-07
249004,short,2025-07-09 06:55:00,2025-07-09 07:00:00,2025-07-09 07:52:00,3292.266,3295.0769228659724,SL,-2.970922865972226,52,0.27187390490704455,ml_v3bal_hi3,2025-07
249016,short,2025-07-09 07:55:00,2025-07-09 08:00:00,2025-07-09 08:20:00,3291.822,3284.3419166666667,TP,7.32008333333334,20,0.2746375656459644,ml_v3bal_hi3,2025-07
249021,short,2025-07-09 08:20:00,2025-07-09 08:25:00,2025-07-09 08:49:00,3286.447,3289.3104407083333,SL,-3.0234407083333386,24,0.2752157703145601,ml_v3bal_hi3,2025-07
249027,short,2025-07-09 08:50:00,2025-07-09 08:55:00,2025-07-09 09:08:00,3285.462,3288.343413604514,SL,-3.041413604513889,13,0.27104968968329235,ml_v3bal_hi3,2025-07
249031,short,2025-07-09 09:10:00,2025-07-09 09:15:00,2025-07-09 10:02:00,3288.347,3291.209587501736,SL,-3.0225875017361106,47,0.25887467528533586,ml_v3bal_hi3,2025-07
249041,long,2025-07-09 10:00:00,2025-07-09 10:05:00,2025-07-09 10:21:00,3291.392,3288.555175369097,SL,-2.9968246309027764,16,0.3156825850648116,ml_v3bal_hi3,2025-07
249045,short,2025-07-09 10:20:00,2025-07-09 10:25:00,2025-07-09 10:33:00,3289.608,3292.445396080903,SL,-2.9973960809027775,8,0.2605088595010034,ml_v3bal_hi3,2025-07
249047,long,2025-07-09 10:30:00,2025-07-09 10:35:00,2025-07-09 11:22:00,3293.593,3290.7641637638885,SL,-2.98883623611111,47,0.3771283252226501,ml_v3bal_hi3,2025-07
249057,short,2025-07-09 11:20:00,2025-07-09 11:25:00,2025-07-09 12:15:00,3289.524,3292.352733057639,SL,-2.9887330576388904,50,0.28373832449307146,ml_v3bal_hi3,2025-07
249069,short,2025-07-09 12:20:00,2025-07-09 12:25:00,2025-07-09 12:31:00,3290.335,3293.204087745486,SL,-3.029087745486108,6,0.28026109991157233,ml_v3bal_hi3,2025-07
249071,long,2025-07-09 12:30:00,2025-07-09 12:35:00,2025-07-09 13:53:00,3293.968,3301.5121979166665,TP,7.3841979166666665,78,0.33635228028656483,ml_v3bal_hi3,2025-07
249088,short,2025-07-09 13:55:00,2025-07-09 14:00:00,2025-07-09 14:06:00,3300.167,3303.1175511177084,SL,-3.1105511177083316,6,0.26288950458255217,ml_v3bal_hi3,2025-07
249090,short,2025-07-09 14:05:00,2025-07-09 14:10:00,2025-07-09 14:17:00,3304.897,3307.8473487291667,SL,-3.110348729166667,7,0.2642674541170523,ml_v3bal_hi3,2025-07
249095,short,2025-07-09 14:30:00,2025-07-09 14:35:00,2025-07-09 17:11:00,3310.528,3313.471836580208,SL,-3.103836580208335,156,0.27008833189001563,ml_v3bal_hi3,2025-07
249205,long,2025-07-10 00:40:00,2025-07-10 00:45:00,2025-07-10 00:51:00,3321.702,3319.1290900274307,SL,-2.7329099725694617,6,0.31763887452251,ml_v3bal_hi3,2025-07
249207,long,2025-07-10 00:50:00,2025-07-10 00:55:00,2025-07-10 01:28:00,3317.467,3324.215166666667,TP,6.588166666666714,33,0.3156582041304231,ml_v3bal_hi3,2025-07
249214,long,2025-07-10 01:25:00,2025-07-10 01:30:00,2025-07-10 02:10:00,3324.071,3321.5090507559025,SL,-2.7219492440972424,40,0.3427071725048976,ml_v3bal_hi3,2025-07
249223,long,2025-07-10 02:10:00,2025-07-10 02:15:00,2025-07-10 02:45:00,3321.662,3319.1120631111107,SL,-2.7099368888889104,30,0.35070668560921503,ml_v3bal_hi3,2025-07
249236,long,2025-07-10 03:15:00,2025-07-10 03:20:00,2025-07-10 03:56:00,3318.936,3316.4391524034722,SL,-2.6568475965278027,36,0.31845496203892365,ml_v3bal_hi3,2025-07
249244,short,2025-07-10 03:55:00,2025-07-10 04:00:00,2025-07-10 04:42:00,3315.682,3318.1123054187497,SL,-2.5903054187500243,42,0.26114811526306103,ml_v3bal_hi3,2025-07
249253,short,2025-07-10 04:40:00,2025-07-10 04:45:00,2025-07-10 04:52:00,3318.453,3320.8290494159723,SL,-2.536049415972245,7,0.27595273183353375,ml_v3bal_hi3,2025-07
249255,long,2025-07-10 04:50:00,2025-07-10 04:55:00,2025-07-10 06:21:00,3321.797,3328.06321875,TP,6.106218750000055,86,0.325364532319392,ml_v3bal_hi3,2025-07
249277,long,2025-07-10 06:40:00,2025-07-10 06:45:00,2025-07-10 07:49:00,3323.934,3321.559093484028,SL,-2.5349065159722413,64,0.3307518635351169,ml_v3bal_hi3,2025-07
249302,short,2025-07-10 08:45:00,2025-07-10 08:50:00,2025-07-10 11:52:00,3328.211,3322.1540625,TP,5.896937500000046,182,0.25848312691256065,ml_v3bal_hi3,2025-07
249339,long,2025-07-10 11:50:00,2025-07-10 11:55:00,2025-07-10 11:56:00,3321.523,3319.260593734375,SL,-2.4224062656250127,1,0.3330562525725789,ml_v3bal_hi3,2025-07
249340,long,2025-07-10 11:55:00,2025-07-10 12:00:00,2025-07-10 12:05:00,3320.424,3318.1529743635415,SL,-2.4310256364583465,5,0.3230069749157236,ml_v3bal_hi3,2025-07
249342,long,2025-07-10 12:05:00,2025-07-10 12:10:00,2025-07-10 12:56:00,3319.566,3325.5283437499997,TP,5.802343750000026,46,0.31248160141448866,ml_v3bal_hi3,2025-07
249352,long,2025-07-10 12:55:00,2025-07-10 13:00:00,2025-07-10 13:44:00,3323.746,3321.4560569875002,SL,-2.4499430125000137,44,0.33817352530385414,ml_v3bal_hi3,2025-07
249361,short,2025-07-10 13:40:00,2025-07-10 13:45:00,2025-07-10 13:52:00,3321.254,3315.1798645833333,TP,5.914135416666701,7,0.2673842535127386,ml_v3bal_hi3,2025-07
249363,short,2025-07-10 13:50:00,2025-07-10 13:55:00,2025-07-10 14:01:00,3317.272,3311.14790625,TP,5.964093750000034,6,0.26713173843514765,ml_v3bal_hi3,2025-07
249365,short,2025-07-10 14:00:00,2025-07-10 14:05:00,2025-07-10 14:10:00,3314.298,3316.6467309312497,SL,-2.5087309312500152,5,0.2592819949202463,ml_v3bal_hi3,2025-07
249367,short,2025-07-10 14:10:00,2025-07-10 14:15:00,2025-07-10 14:16:00,3318.879,3321.2344494371528,SL,-2.515449437152794,1,0.27170911693036404,ml_v3bal_hi3,2025-07
249368,short,2025-07-10 14:15:00,2025-07-10 14:20:00,2025-07-10 14:31:00,3319.192,3312.9857916666665,TP,6.046208333333379,11,0.27679430394049903,ml_v3bal_hi3,2025-07
249371,short,2025-07-10 14:30:00,2025-07-10 14:35:00,2025-07-10 14:48:00,3315.474,3317.8392593288195,SL,-2.52525932881946,13,0.2766674950587394,ml_v3bal_hi3,2025-07
249374,short,2025-07-10 14:45:00,2025-07-10 14:50:00,2025-07-10 15:26:00,3318.743,3321.079678892014,SL,-2.4966788920139047,36,0.27322862004502024,ml_v3bal_hi3,2025-07
249382,short,2025-07-10 15:25:00,2025-07-10 15:30:00,2025-07-10 16:31:00,3320.791,3314.8090208333333,TP,5.821979166666704,61,0.2750454183175399,ml_v3bal_hi3,2025-07
249395,short,2025-07-10 16:30:00,2025-07-10 16:35:00,2025-07-10 17:05:00,3314.866,3317.1048022059026,SL,-2.398802205902793,30,0.26489476058722916,ml_v3bal_hi3,2025-07
249402,short,2025-07-10 17:05:00,2025-07-10 17:10:00,2025-07-10 18:49:00,3317.449,3319.670353138889,SL,-2.381353138888899,99,0.2627317982853874,ml_v3bal_hi3,2025-07
249433,long,2025-07-10 19:40:00,2025-07-10 19:45:00,2025-07-11 00:30:00,3323.388,3329.0999375,TP,5.551937500000028,221,0.31808739529584107,ml_v3bal_hi3,2025-07
249479,long,2025-07-11 00:30:00,2025-07-11 00:35:00,2025-07-11 00:59:00,3332.48,3330.30170403125,SL,-2.3382959687500016,24,0.3935573223411297,ml_v3bal_hi3,2025-07
249484,long,2025-07-11 00:55:00,2025-07-11 01:00:00,2025-07-11 01:02:00,3330.58,3328.361742215278,SL,-2.3782577847222206,2,0.3599309417157215,ml_v3bal_hi3,2025-07
249485,long,2025-07-11 01:00:00,2025-07-11 01:05:00,2025-07-11 01:11:00,3328.079,3325.8503569052086,SL,-2.3886430947916657,6,0.32995606553219814,ml_v3bal_hi3,2025-07
249487,long,2025-07-11 01:10:00,2025-07-11 01:15:00,2025-07-11 02:17:00,3326.367,3332.2323958333336,TP,5.705395833333329,62,0.322592927256257,ml_v3bal_hi3,2025-07
249500,long,2025-07-11 02:15:00,2025-07-11 02:20:00,2025-07-11 05:22:00,3330.872,3336.7052291666664,TP,5.673229166666655,182,0.3547513370642148,ml_v3bal_hi3,2025-07
249537,long,2025-07-11 05:20:00,2025-07-11 05:25:00,2025-07-11 05:40:00,3338.528,3336.310781936805,SL,-2.377218063194435,15,0.3123231176576324,ml_v3bal_hi3,2025-07
249573,long,2025-07-11 08:20:00,2025-07-11 08:25:00,2025-07-11 08:29:00,3341.397,3339.1079776569445,SL,-2.449022343055541,4,0.3269222777795018,ml_v3bal_hi3,2025-07
249574,long,2025-07-11 08:25:00,2025-07-11 08:30:00,2025-07-11 08:37:00,3338.61,3336.3139178684028,SL,-2.4560821315972055,7,0.34614172573402346,ml_v3bal_hi3,2025-07
249576,long,2025-07-11 08:35:00,2025-07-11 08:40:00,2025-07-11 08:52:00,3338.298,3336.002052794097,SL,-2.455947205902759,12,0.37225383100649556,ml_v3bal_hi3,2025-07
249579,long,2025-07-11 08:50:00,2025-07-11 08:55:00,2025-07-11 09:57:00,3333.412,3339.4942187499996,TP,5.922218749999953,62,0.3405817983202047,ml_v3bal_hi3,2025-07
249592,long,2025-07-11 09:55:00,2025-07-11 10:00:00,2025-07-11 10:27:00,3339.486,3345.5781354166666,TP,5.932135416666631,27,0.33388059875017334,ml_v3bal_hi3,2025-07
249604,long,2025-07-11 10:55:00,2025-07-11 11:00:00,2025-07-11 11:26:00,3345.053,3342.733289998264,SL,-2.479710001736099,26,0.3127324674955845,ml_v3bal_hi3,2025-07
249610,long,2025-07-11 11:25:00,2025-07-11 11:30:00,2025-07-11 12:34:00,3345.019,3351.1945416666663,TP,6.015541666666632,64,0.3937725697841896,ml_v3bal_hi3,2025-07
249625,short,2025-07-11 12:40:00,2025-07-11 12:45:00,2025-07-11 12:49:00,3352.523,3354.925228969097,SL,-2.562228969097213,4,0.2584479385565941,ml_v3bal_hi3,2025-07
249626,short,2025-07-11 12:45:00,2025-07-11 12:50:00,2025-07-11 13:19:00,3355.92,3358.3331896975697,SL,-2.5731896975694357,29,0.2628178251120727,ml_v3bal_hi3,2025-07
249632,short,2025-07-11 13:15:00,2025-07-11 13:20:00,2025-07-11 13:24:00,3357.844,3351.4610000000002,TP,6.222999999999976,4,0.2584280920359771,ml_v3bal_hi3,2025-07
249634,long,2025-07-11 13:25:00,2025-07-11 13:30:00,2025-07-11 13:31:00,3353.154,3350.700479425,SL,-2.61352057499999,1,0.32445823513316,ml_v3bal_hi3,2025-07
249635,short,2025-07-11 13:30:00,2025-07-11 13:35:00,2025-07-11 13:48:00,3356.831,3350.35859375,TP,6.312406249999972,13,0.26196551584660854,ml_v3bal_hi3,2025-07
249640,short,2025-07-11 13:55:00,2025-07-11 14:00:00,2025-07-11 14:04:00,3351.889,3354.403649851389,SL,-2.6746498513888772,4,0.2588586233979264,ml_v3bal_hi3,2025-07
249641,short,2025-07-11 14:00:00,2025-07-11 14:05:00,2025-07-11 14:06:00,3352.545,3355.0509114284723,SL,-2.665911428472209,1,0.2592389010315934,ml_v3bal_hi3,2025-07
249643,short,2025-07-11 14:10:00,2025-07-11 14:15:00,2025-07-11 14:30:00,3353.392,3355.8934985645833,SL,-2.661498564583322,15,0.25871454877654076,ml_v3bal_hi3,2025-07
249647,short,2025-07-11 14:30:00,2025-07-11 14:35:00,2025-07-11 14:42:00,3356.775,3359.2833162805555,SL,-2.6683162805555454,7,0.26965653299882175,ml_v3bal_hi3,2025-07
249649,short,2025-07-11 14:40:00,2025-07-11 14:45:00,2025-07-11 14:54:00,3359.776,3362.2657917763886,SL,-2.649791776388878,9,0.27699863314225437,ml_v3bal_hi3,2025-07
249651,short,2025-07-11 14:50:00,2025-07-11 14:55:00,2025-07-11 15:19:00,3363.249,3365.7237356562496,SL,-2.63473565624999,24,0.27595330178334476,ml_v3bal_hi3,2025-07
249656,short,2025-07-11 15:15:00,2025-07-11 15:20:00,2025-07-11 15:36:00,3367.961,3361.5277604166663,TP,6.273239583333294,16,0.2646700637524686,ml_v3bal_hi3,2025-07
249673,long,2025-07-11 16:40:00,2025-07-11 16:45:00,2025-07-11 17:06:00,3353.702,3351.2389354163197,SL,-2.6230645836805393,21,0.33301430607306437,ml_v3bal_hi3,2025-07
249678,long,2025-07-11 17:05:00,2025-07-11 17:10:00,2025-07-11 18:20:00,3351.384,3357.8653020833335,TP,6.32130208333328,70,0.327493201471069,ml_v3bal_hi3,2025-07
249703,long,2025-07-11 19:10:00,2025-07-11 19:15:00,2025-07-11 20:26:00,3357.563,3355.0824546020835,SL,-2.64054539791664,71,0.3406584540734753,ml_v3bal_hi3,2025-07
249725,short,2025-07-13 22:05:00,2025-07-13 22:10:00,2025-07-13 22:11:00,3361.557,3364.075372213194,SL,-2.6783722131944203,1,0.26042413314459023,ml_v3bal_hi3,2025-07
249726,short,2025-07-13 22:10:00,2025-07-13 22:15:00,2025-07-13 22:27:00,3366.06,3368.595686354514,SL,-2.695686354513866,12,0.2657179941761225,ml_v3bal_hi3,2025-07
249729,short,2025-07-13 22:25:00,2025-07-13 22:30:00,2025-07-13 23:18:00,3370.56,3373.122774671875,SL,-2.7227746718749786,48,0.2709769982175302,ml_v3bal_hi3,2025-07
249749,long,2025-07-14 00:05:00,2025-07-14 00:10:00,2025-07-14 00:32:00,3366.136,3373.13815625,TP,6.842156249999947,22,0.3276579346627509,ml_v3bal_hi3,2025-07
249767,long,2025-07-14 01:35:00,2025-07-14 01:40:00,2025-07-14 02:01:00,3359.44,3356.696151077778,SL,-2.903848922222206,21,0.31353486232875605,ml_v3bal_hi3,2025-07
249779,long,2025-07-14 02:35:00,2025-07-14 02:40:00,2025-07-14 06:41:00,3354.906,3362.08084375,TP,7.014843749999931,241,0.3165648677630822,ml_v3bal_hi3,2025-07
249828,long,2025-07-14 06:40:00,2025-07-14 06:45:00,2025-07-14 07:03:00,3362.668,3369.97196875,TP,7.143968749999933,18,0.31334634899360203,ml_v3bal_hi3,2025-07
249832,long,2025-07-14 07:00:00,2025-07-14 07:05:00,2025-07-14 07:14:00,3369.887,3367.0859782989587,SL,-2.961021701041642,9,0.3904033401998478,ml_v3bal_hi3,2025-07
249834,long,2025-07-14 07:10:00,2025-07-14 07:15:00,2025-07-14 09:02:00,3367.702,3364.8914620690975,SL,-2.9705379309027555,107,0.37565010025185414,ml_v3bal_hi3,2025-07
249856,long,2025-07-14 09:00:00,2025-07-14 09:05:00,2025-07-14 10:03:00,3365.228,3372.647697916667,TP,7.259697916666626,58,0.3244381907361972,ml_v3bal_hi3,2025-07
249868,short,2025-07-14 10:00:00,2025-07-14 10:05:00,2025-07-14 11:58:00,3373.023,3365.70253125,TP,7.160468749999966,113,0.2774350766995398,ml_v3bal_hi3,2025-07
249891,short,2025-07-14 11:55:00,2025-07-14 12:00:00,2025-07-14 12:30:00,3364.192,3356.850875,TP,7.1811249999999625,30,0.26896122937947853,ml_v3bal_hi3,2025-07
249898,long,2025-07-14 12:30:00,2025-07-14 12:35:00,2025-07-14 12:36:00,3357.227,3354.4223432420135,SL,-2.9646567579861,1,0.34191919301221696,ml_v3bal_hi3,2025-07
249901,short,2025-07-14 12:45:00,2025-07-14 12:50:00,2025-07-14 12:55:00,3350.222,3353.0459193850697,SL,-2.983919385069432,5,0.26318113776143237,ml_v3bal_hi3,2025-07
249903,short,2025-07-14 12:55:00,2025-07-14 13:00:00,2025-07-14 13:14:00,3350.136,3352.9726143055555,SL,-2.996614305555544,14,0.2705110846252903,ml_v3bal_hi3,2025-07
249906,short,2025-07-14 13:10:00,2025-07-14 13:15:00,2025-07-14 13:30:00,3353.13,3355.9916787375,SL,-3.0216787374999874,15,0.2677201755719596,ml_v3bal_hi3,2025-07
249910,short,2025-07-14 13:30:00,2025-07-14 13:35:00,2025-07-14 14:20:00,3357.39,3349.8984791666667,TP,7.331520833333301,45,0.26445735668895376,ml_v3bal_hi3,2025-07
249920,short,2025-07-14 14:20:00,2025-07-14 14:25:00,2025-07-14 14:26:00,3347.618,3350.4527769350693,SL,-2.99477693506943,1,0.26832892182929025,ml_v3bal_hi3,2025-07
249921,short,2025-07-14 14:25:00,2025-07-14 14:30:00,2025-07-14 14:38:00,3352.073,3344.66078125,TP,7.252218749999961,8,0.2766629552519188,ml_v3bal_hi3,2025-07
249923,long,2025-07-14 14:35:00,2025-07-14 14:40:00,2025-07-14 14:45:00,3343.895,3341.075910161111,SL,-2.9790898388888767,5,0.32481439931376066,ml_v3bal_hi3,2025-07
249925,long,2025-07-14 14:45:00,2025-07-14 14:50:00,2025-07-14 17:31:00,3344.005,3351.3386770833336,TP,7.173677083333299,161,0.3462312145382367,ml_v3bal_hi3,2025-07
249958,long,2025-07-14 17:30:00,2025-07-14 17:35:00,2025-07-14 19:31:00,3350.322,3347.668118737153,SL,-2.813881262847214,116,0.3382653192623646,ml_v3bal_hi3,2025-07
249982,long,2025-07-14 19:30:00,2025-07-14 19:35:00,2025-07-14 19:46:00,3347.887,3345.284711941667,SL,-2.7622880583333314,11,0.3406652829933223,ml_v3bal_hi3,2025-07
249986,long,2025-07-14 19:50:00,2025-07-14 19:55:00,2025-07-14 20:46:00,3344.311,3341.703469681597,SL,-2.7675303184027795,51,0.31917688270437616,ml_v3bal_hi3,2025-07
250000,short,2025-07-14 22:00:00,2025-07-14 22:05:00,2025-07-14 22:55:00,3343.065,3345.6500731270835,SL,-2.7450731270833324,50,0.2785007456009087,ml_v3bal_hi3,2025-07
250011,short,2025-07-14 22:55:00,2025-07-14 23:00:00,2025-07-15 00:46:00,3345.722,3348.299636340278,SL,-2.7376363402777764,106,0.2821649699061495,ml_v3bal_hi3,2025-07
250033,short,2025-07-15 00:45:00,2025-07-15 00:50:00,2025-07-15 01:17:00,3347.468,3349.8770982743054,SL,-2.569098274305551,27,0.2807678292927782,ml_v3bal_hi3,2025-07
250039,short,2025-07-15 01:15:00,2025-07-15 01:20:00,2025-07-15 02:21:00,3349.475,3351.867157162847,SL,-2.5521571628472133,61,0.26979075826837806,ml_v3bal_hi3,2025-07
250052,short,2025-07-15 02:20:00,2025-07-15 02:25:00,2025-07-15 03:05:00,3351.025,3353.348638720486,SL,-2.4836387204860997,40,0.2866122068360085,ml_v3bal_hi3,2025-07
250061,short,2025-07-15 03:05:00,2025-07-15 03:10:00,2025-07-15 03:32:00,3353.809,3356.1078679503476,SL,-2.458867950347221,22,0.2665668782666317,ml_v3bal_hi3,2025-07
250066,long,2025-07-15 03:30:00,2025-07-15 03:35:00,2025-07-15 05:08:00,3356.169,3362.171375,TP,5.842375000000009,93,0.32943891867159536,ml_v3bal_hi3,2025-07
250085,short,2025-07-15 05:05:00,2025-07-15 05:10:00,2025-07-15 05:47:00,3362.698,3364.9541679364584,SL,-2.416167936458342,37,0.2661611578351204,ml_v3bal_hi3,2025-07
250093,short,2025-07-15 05:45:00,2025-07-15 05:50:00,2025-07-15 06:56:00,3364.142,3358.284114583333,TP,5.697885416666699,66,0.26585664949780596,ml_v3bal_hi3,2025-07
250108,long,2025-07-15 07:00:00,2025-07-15 07:05:00,2025-07-15 07:45:00,3358.233,3364.1322812500002,TP,5.739281250000034,40,0.31186513591900755,ml_v3bal_hi3,2025-07
250117,short,2025-07-15 07:45:00,2025-07-15 07:50:00,2025-07-15 08:20:00,3363.892,3358.0411666666664,TP,5.690833333333351,30,0.2608441016273998,ml_v3bal_hi3,2025-07
250126,short,2025-07-15 08:30:00,2025-07-15 08:35:00,2025-07-15 08:42:00,3361.322,3363.5170862809027,SL,-2.3550862809027837,7,0.25864980882110805,ml_v3bal_hi3,2025-07
250128,short,2025-07-15 08:40:00,2025-07-15 08:45:00,2025-07-15 09:07:00,3362.344,3364.531593936458,SL,-2.3475939364583414,22,0.2662339197489215,ml_v3bal_hi3,2025-07
250133,short,2025-07-15 09:05:00,2025-07-15 09:10:00,2025-07-15 10:05:00,3364.057,3366.2484591607636,SL,-2.3514591607638957,55,0.25842209498421564,ml_v3bal_hi3,2025-07
250145,short,2025-07-15 10:05:00,2025-07-15 10:10:00,2025-07-15 10:22:00,3364.025,3366.2354479680557,SL,-2.3704479680555637,12,0.2623770086253334,ml_v3bal_hi3,2025-07
250149,short,2025-07-15 10:25:00,2025-07-15 10:30:00,2025-07-15 11:35:00,3363.036,3357.2304895833336,TP,5.645510416666687,65,0.264022281460936,ml_v3bal_hi3,2025-07
250163,short,2025-07-15 11:35:00,2025-07-15 11:40:00,2025-07-15 12:16:00,3357.639,3351.8933020833333,TP,5.58569791666669,36,0.2677668397673735,ml_v3bal_hi3,2025-07
250171,long,2025-07-15 12:15:00,2025-07-15 12:20:00,2025-07-15 12:30:00,3350.917,3356.7335729166666,TP,5.656572916666691,10,0.3190331333162689,ml_v3bal_hi3,2025-07
250175,long,2025-07-15 12:35:00,2025-07-15 12:40:00,2025-07-15 12:49:00,3348.069,3354.06309375,TP,5.834093750000014,9,0.3216975316314177,ml_v3bal_hi3,2025-07
250183,short,2025-07-15 13:15:00,2025-07-15 13:20:00,2025-07-15 13:32:00,3344.448,3338.3379479166665,TP,5.950052083333349,12,0.26699203226792645,ml_v3bal_hi3,2025-07
250186,short,2025-07-15 13:30:00,2025-07-15 13:35:00,2025-07-15 13:47:00,3338.739,3341.0686389454863,SL,-2.4896389454861168,12,0.2670585063480122,ml_v3bal_hi3,2025-07
250189,short,2025-07-15 13:45:00,2025-07-15 13:50:00,2025-07-15 13:51:00,3339.937,3342.2751591062497,SL,-2.4981591062500055,1,0.27138162372108254,ml_v3bal_hi3,2025-07
250190,short,2025-07-15 13:50:00,2025-07-15 13:55:00,2025-07-15 13:57:00,3343.813,3346.154683047917,SL,-2.501683047916672,2,0.2679633420466975,ml_v3bal_hi3,2025-07
250191,short,2025-07-15 13:55:00,2025-07-15 14:00:00,2025-07-15 14:25:00,3346.46,3348.8068816555556,SL,-2.5068816555555604,25,0.2757942449807719,ml_v3bal_hi3,2025-07
250197,short,2025-07-15 14:25:00,2025-07-15 14:30:00,2025-07-15 14:32:00,3346.953,3349.2988657444444,SL,-2.505865744444452,2,0.27958527920242104,ml_v3bal_hi3,2025-07
250198,short,2025-07-15 14:30:00,2025-07-15 14:35:00,2025-07-15 15:15:00,3351.006,3344.8340937499997,TP,6.011906250000026,40,0.28551854906078133,ml_v3bal_hi3,2025-07
250207,long,2025-07-15 15:15:00,2025-07-15 15:20:00,2025-07-15 15:21:00,3342.597,3340.2539954739586,SL,-2.503004526041676,1,0.3390193590570607,ml_v3bal_hi3,2025-07
250208,long,2025-07-15 15:20:00,2025-07-15 15:25:00,2025-07-15 15:26:00,3340.452,3338.119059343403,SL,-2.4929406565972307,1,0.31830231661556396,ml_v3bal_hi3,2025-07
250209,short,2025-07-15 15:25:00,2025-07-15 15:30:00,2025-07-15 15:32:00,3334.203,3328.0461666666665,TP,5.996833333333358,2,0.2613887502787847,ml_v3bal_hi3,2025-07
250212,short,2025-07-15 15:40:00,2025-07-15 15:45:00,2025-07-15 16:08:00,3331.33,3325.12496875,TP,6.045031250000014,23,0.2654663487313528,ml_v3bal_hi3,2025-07
250236,long,2025-07-15 17:40:00,2025-07-15 17:45:00,2025-07-15 20:49:00,3328.134,3325.7723717597223,SL,-2.5216282402777788,184,0.31793510288269633,ml_v3bal_hi3,2025-07
250273,long,2025-07-15 20:45:00,2025-07-15 20:50:00,2025-07-16 00:33:00,3325.654,3331.884989583333,TP,6.070989583333345,159,0.41709358465464996,ml_v3bal_hi3,2025-07
250319,long,2025-07-16 01:35:00,2025-07-16 01:40:00,2025-07-16 01:43:00,3333.964,3331.523214029514,SL,-2.600785970486118,3,0.3250498656602681,ml_v3bal_hi3,2025-07
250320,long,2025-07-16 01:40:00,2025-07-16 01:45:00,2025-07-16 02:05:00,3331.332,3328.882689900347,SL,-2.609310099652785,20,0.3171601167559609,ml_v3bal_hi3,2025-07
250326,long,2025-07-16 02:10:00,2025-07-16 02:15:00,2025-07-16 02:50:00,3328.836,3326.39030908368,SL,-2.605690916319456,35,0.3384216789148749,ml_v3bal_hi3,2025-07
250334,long,2025-07-16 02:50:00,2025-07-16 02:55:00,2025-07-16 03:23:00,3325.473,3331.856927083333,TP,6.223927083333357,28,0.3279941730040405,ml_v3bal_hi3,2025-07
250340,long,2025-07-16 03:20:00,2025-07-16 03:25:00,2025-07-16 04:56:00,3331.768,3338.159364583333,TP,6.231364583333361,91,0.37795670422303745,ml_v3bal_hi3,2025-07
250359,long,2025-07-16 04:55:00,2025-07-16 05:00:00,2025-07-16 05:48:00,3338.152,3335.739675414236,SL,-2.5723245857638957,48,0.32401201106721966,ml_v3bal_hi3,2025-07
250385,long,2025-07-16 07:05:00,2025-07-16 07:10:00,2025-07-16 10:58:00,3337.612,3335.190571898264,SL,-2.5814281017361065,228,0.33684875965047845,ml_v3bal_hi3,2025-07
250432,short,2025-07-16 11:00:00,2025-07-16 11:05:00,2025-07-16 11:16:00,3334.684,3336.977982846528,SL,-2.4539828465277775,11,0.26166691713426016,ml_v3bal_hi3,2025-07
250435,short,2025-07-16 11:15:00,2025-07-16 11:20:00,2025-07-16 11:30:00,3334.667,3336.9655028572915,SL,-2.4585028572916654,10,0.2591506027469387,ml_v3bal_hi3,2025-07
250438,long,2025-07-16 11:30:00,2025-07-16 11:35:00,2025-07-16 12:19:00,3336.567,3334.267878071875,SL,-2.4591219281249996,44,0.3299290637314859,ml_v3bal_hi3,2025-07
250447,long,2025-07-16 12:15:00,2025-07-16 12:20:00,2025-07-16 12:32:00,3334.972,3332.6413887958333,SL,-2.490611204166666,12,0.3170941793078322,ml_v3bal_hi3,2025-07
250450,long,2025-07-16 12:30:00,2025-07-16 12:35:00,2025-07-16 12:37:00,3336.972,3334.6116337118056,SL,-2.520366288194448,2,0.33708421654134113,ml_v3bal_hi3,2025-07
250451,long,2025-07-16 12:35:00,2025-07-16 12:40:00,2025-07-16 12:47:00,3334.878,3332.512962901736,SL,-2.525037098263893,7,0.3201513125365384,ml_v3bal_hi3,2025-07
250453,short,2025-07-16 12:45:00,2025-07-16 12:50:00,2025-07-16 12:52:00,3331.18,3333.5481324524303,SL,-2.5281324524305604,2,0.2661757499270925,ml_v3bal_hi3,2025-07
250454,short,2025-07-16 12:50:00,2025-07-16 12:55:00,2025-07-16 13:17:00,3334.752,3337.1318114618057,SL,-2.5398114618055594,22,0.2681360317365013,ml_v3bal_hi3,2025-07
250459,short,2025-07-16 13:15:00,2025-07-16 13:20:00,2025-07-16 13:32:00,3339.095,3332.7850937499998,TP,6.149906250000006,12,0.2656526137905102,ml_v3bal_hi3,2025-07
250462,short,2025-07-16 13:30:00,2025-07-16 13:35:00,2025-07-16 13:48:00,3330.455,3324.2347812499997,TP,6.060218750000006,13,0.2664501480883855,ml_v3bal_hi3,2025-07
250465,short,2025-07-16 13:45:00,2025-07-16 13:50:00,2025-07-16 13:59:00,3324.215,3326.5710248555556,SL,-2.516024855555559,9,0.2782057884467005,ml_v3bal_hi3,2025-07
250467,short,2025-07-16 13:55:00,2025-07-16 14:00:00,2025-07-16 14:25:00,3326.855,3329.214604354861,SL,-2.5196043548611127,25,0.2620292121441365,ml_v3bal_hi3,2025-07
250473,short,2025-07-16 14:25:00,2025-07-16 14:30:00,2025-07-16 14:48:00,3325.115,3327.4825927496527,SL,-2.5275927496527792,18,0.2591570380461573,ml_v3bal_hi3,2025-07
250478,short,2025-07-16 14:50:00,2025-07-16 14:55:00,2025-07-16 14:56:00,3335.52,3337.9112563354165,SL,-2.5512563354166655,1,0.2692314241877385,ml_v3bal_hi3,2025-07
250479,short,2025-07-16 14:55:00,2025-07-16 15:00:00,2025-07-16 15:01:00,3338.162,3340.5843646447915,SL,-2.582364644791667,1,0.28111965079597634,ml_v3bal_hi3,2025-07
250480,short,2025-07-16 15:00:00,2025-07-16 15:05:00,2025-07-16 15:06:00,3344.971,3347.4063691006945,SL,-2.5953691006944446,1,0.27527982611946267,ml_v3bal_hi3,2025-07
250481,short,2025-07-16 15:05:00,2025-07-16 15:10:00,2025-07-16 15:16:00,3351.375,3353.8259014291666,SL,-2.6109014291666663,6,0.2700804518645368,ml_v3bal_hi3,2025-07
250483,short,2025-07-16 15:15:00,2025-07-16 15:20:00,2025-07-16 15:29:00,3369.432,3362.748145833333,TP,6.523854166666667,9,0.27345148195677615,ml_v3bal_hi3,2025-07
250485,short,2025-07-16 15:25:00,2025-07-16 15:30:00,2025-07-16 15:31:00,3363.41,3365.981719451736,SL,-2.7317194517361094,1,0.26130863000803806,ml_v3bal_hi3,2025-07
250486,short,2025-07-16 15:30:00,2025-07-16 15:35:00,2025-07-16 15:37:00,3373.849,3366.9957708333336,TP,6.69322916666666,2,0.2695640074198804,ml_v3bal_hi3,2025-07
250487,short,2025-07-16 15:35:00,2025-07-16 15:40:00,2025-07-16 15:42:00,3368.141,3361.2150625,TP,6.765937499999994,2,0.2602283405249677,ml_v3bal_hi3,2025-07
250488,long,2025-07-16 15:40:00,2025-07-16 15:45:00,2025-07-16 15:46:00,3360.438,3357.755566079167,SL,-2.8424339208333294,1,0.33522420151921983,ml_v3bal_hi3,2025-07
250489,long,2025-07-16 15:45:00,2025-07-16 15:50:00,2025-07-16 15:54:00,3359.028,3366.1114062499996,TP,6.923406249999991,4,0.3434623318419585,ml_v3bal_hi3,2025-07
250490,short,2025-07-16 15:50:00,2025-07-16 15:55:00,2025-07-16 15:56:00,3357.726,3350.5766770833334,TP,6.989322916666657,1,0.26742867102080203,ml_v3bal_hi3,2025-07
250491,short,2025-07-16 15:55:00,2025-07-16 16:00:00,2025-07-16 16:05:00,3343.524,3346.334728414236,SL,-2.970728414236108,5,0.2917679594939313,ml_v3bal_hi3,2025-07
250493,short,2025-07-16 16:05:00,2025-07-16 16:10:00,2025-07-16 16:12:00,3348.993,3351.8385074961807,SL,-3.005507496180551,2,0.273911540407475,ml_v3bal_hi3,2025-07
250494,short,2025-07-16 16:10:00,2025-07-16 16:15:00,2025-07-16 17:49:00,3354.291,3357.1551827996527,SL,-3.024182799652774,94,0.27365683485918857,ml_v3bal_hi3,2025-07
250514,long,2025-07-16 17:50:00,2025-07-16 17:55:00,2025-07-16 18:45:00,3354.919,3352.0580951010415,SL,-3.020904898958331,50,0.32259619337175593,ml_v3bal_hi3,2025-07
250525,long,2025-07-16 18:45:00,2025-07-16 18:50:00,2025-07-16 18:57:00,3352.388,3349.5301388659723,SL,-3.01786113402778,7,0.33583324922062396,ml_v3bal_hi3,2025-07
250527,long,2025-07-16 18:55:00,2025-07-16 19:00:00,2025-07-16 19:08:00,3350.325,3347.464761792708,SL,-3.020238207291669,8,0.32385337209858234,ml_v3bal_hi3,2025-07
250529,long,2025-07-16 19:05:00,2025-07-16 19:10:00,2025-07-17 00:03:00,3347.816,3344.951356865625,SL,-3.024643134375005,229,0.31414568345357685,ml_v3bal_hi3,2025-07
250576,long,2025-07-17 00:00:00,2025-07-17 00:05:00,2025-07-17 00:37:00,3345.857,3342.963641503125,SL,-3.053358496874997,32,0.31510746155396274,ml_v3bal_hi3,2025-07
250583,long,2025-07-17 00:35:00,2025-07-17 00:40:00,2025-07-17 00:48:00,3343.518,3340.619764336111,SL,-3.0582356638888855,8,0.31344917823913715,ml_v3bal_hi3,2025-07
250585,long,2025-07-17 00:45:00,2025-07-17 00:50:00,2025-07-17 01:08:00,3340.962,3338.054763998611,SL,-3.067236001388889,18,0.33251940262894475,ml_v3bal_hi3,2025-07
250589,long,2025-07-17 01:05:00,2025-07-17 01:10:00,2025-07-17 06:06:00,3338.324,3335.4016999416667,SL,-3.082300058333335,296,0.3252898794041557,ml_v3bal_hi3,2025-07
250650,long,2025-07-17 06:10:00,2025-07-17 06:15:00,2025-07-17 06:22:00,3333.054,3330.111758717708,SL,-3.1022412822916685,7,0.31283408385332523,ml_v3bal_hi3,2025-07
250668,short,2025-07-17 07:40:00,2025-07-17 07:45:00,2025-07-17 08:21:00,3327.942,3330.949680244097,SL,-3.1676802440972303,36,0.2723640984852503,ml_v3bal_hi3,2025-07
250677,long,2025-07-17 08:25:00,2025-07-17 08:30:00,2025-07-17 09:10:00,3330.972,3327.965299951389,SL,-3.166700048611123,40,0.31941216976412756,ml_v3bal_hi3,2025-07
250686,long,2025-07-17 09:10:00,2025-07-17 09:15:00,2025-07-17 09:52:00,3328.322,3325.3148753322916,SL,-3.1671246677083453,37,0.34110952662776617,ml_v3bal_hi3,2025-07
250694,long,2025-07-17 09:50:00,2025-07-17 09:55:00,2025-07-17 11:52:00,3325.769,3322.7468747697912,SL,-3.1821252302083427,117,0.3495594556815391,ml_v3bal_hi3,2025-07
250718,short,2025-07-17 11:50:00,2025-07-17 11:55:00,2025-07-17 12:22:00,3324.48,3327.5569526829863,SL,-3.2369526829861175,27,0.26183317316505444,ml_v3bal_hi3,2025-07
250724,short,2025-07-17 12:20:00,2025-07-17 12:25:00,2025-07-17 12:30:00,3327.472,3319.3571666666667,TP,7.954833333333333,5,0.26289395183392,ml_v3bal_hi3,2025-07
250726,short,2025-07-17 12:30:00,2025-07-17 12:35:00,2025-07-17 13:57:00,3317.992,3321.1371496847223,SL,-3.3051496847222217,82,0.2701160541141515,ml_v3bal_hi3,2025-07
250743,short,2025-07-17 13:55:00,2025-07-17 14:00:00,2025-07-17 14:07:00,3319.006,3322.219687969097,SL,-3.3736879690972184,7,0.26993015591859226,ml_v3bal_hi3,2025-07
250750,long,2025-07-17 14:30:00,2025-07-17 14:35:00,2025-07-17 17:06:00,3331.607,3340.0298958333333,TP,8.262895833333332,151,0.31377430296904835,ml_v3bal_hi3,2025-07
250874,long,2025-07-18 01:50:00,2025-07-18 01:55:00,2025-07-18 02:17:00,3338.021,3343.9350000000004,TP,5.75400000000003,22,0.32027510506356527,ml_v3bal_hi3,2025-07
250879,long,2025-07-18 02:15:00,2025-07-18 02:20:00,2025-07-18 02:31:00,3343.503,3341.260880209375,SL,-2.402119790625007,11,0.3924140678074417,ml_v3bal_hi3,2025-07
250882,long,2025-07-18 02:30:00,2025-07-18 02:35:00,2025-07-18 02:49:00,3340.806,3338.5716305,SL,-2.394369500000005,14,0.3481621241033147,ml_v3bal_hi3,2025-07
250885,long,2025-07-18 02:45:00,2025-07-18 02:50:00,2025-07-18 03:13:00,3338.712,3336.483968039236,SL,-2.3880319607638953,23,0.3152450877235398,ml_v3bal_hi3,2025-07
250899,short,2025-07-18 03:55:00,2025-07-18 04:00:00,2025-07-18 04:55:00,3334.598,3336.8037017583333,SL,-2.3657017583333397,55,0.26083558682520086,ml_v3bal_hi3,2025-07
250911,short,2025-07-18 04:55:00,2025-07-18 05:00:00,2025-07-18 05:07:00,3337.018,3339.2152331868056,SL,-2.357233186805562,7,0.27946008097103653,ml_v3bal_hi3,2025-07
250913,short,2025-07-18 05:05:00,2025-07-18 05:10:00,2025-07-18 06:01:00,3338.717,3332.95209375,TP,5.604906250000015,51,0.2732011313336235,ml_v3bal_hi3,2025-07
250924,short,2025-07-18 06:00:00,2025-07-18 06:05:00,2025-07-18 06:11:00,3332.425,3334.6428688812503,SL,-2.3778688812500097,6,0.27084312984590364,ml_v3bal_hi3,2025-07
250926,short,2025-07-18 06:10:00,2025-07-18 06:15:00,2025-07-18 06:31:00,3337.046,3339.278996432639,SL,-2.392996432638898,16,0.27503289961235394,ml_v3bal_hi3,2025-07
250933,long,2025-07-18 06:45:00,2025-07-18 06:50:00,2025-07-18 07:33:00,3340.873,3346.7390833333334,TP,5.706083333333345,43,0.33005304545780534,ml_v3bal_hi3,2025-07
250942,long,2025-07-18 07:30:00,2025-07-18 07:35:00,2025-07-18 09:08:00,3346.355,3352.1591354166667,TP,5.644135416666692,93,0.38827921120946784,ml_v3bal_hi3,2025-07
250969,short,2025-07-18 09:45:00,2025-07-18 09:50:00,2025-07-18 11:40:00,3352.989,3355.1591448694444,SL,-2.3301448694444455,110,0.2585508174329313,ml_v3bal_hi3,2025-07
250992,short,2025-07-18 11:40:00,2025-07-18 11:45:00,2025-07-18 12:03:00,3355.818,3357.9868075177087,SL,-2.328807517708342,18,0.2690660870593,ml_v3bal_hi3,2025-07
250996,short,2025-07-18 12:00:00,2025-07-18 12:05:00,2025-07-18 12:40:00,3358.213,3360.3831686798612,SL,-2.330168679861119,35,0.2680828468937243,ml_v3bal_hi3,2025-07
251004,short,2025-07-18 12:40:00,2025-07-18 12:45:00,2025-07-18 13:33:00,3360.581,3354.8476875,TP,5.5733125000000205,48,0.26153191594154457,ml_v3bal_hi3,2025-07
251015,short,2025-07-18 13:35:00,2025-07-18 13:40:00,2025-07-18 13:44:00,3353.2,3355.3288536385417,SL,-2.2888536385416796,4,0.26095323700531514,ml_v3bal_hi3,2025-07
251016,short,2025-07-18 13:40:00,2025-07-18 13:45:00,2025-07-18 14:06:00,3355.423,3357.545277995139,SL,-2.282277995138901,21,0.26376806751235604,ml_v3bal_hi3,2025-07
251030,long,2025-07-18 14:50:00,2025-07-18 14:55:00,2025-07-18 15:14:00,3354.68,3352.6404632027775,SL,-2.1995367972222404,19,0.31689046400157905,ml_v3bal_hi3,2025-07
251034,long,2025-07-18 15:10:00,2025-07-18 15:15:00,2025-07-18 17:23:00,3352.92,3350.9006345940975,SL,-2.1793654059027956,128,0.33410199548400477,ml_v3bal_hi3,2025-07
251070,short,2025-07-18 18:10:00,2025-07-18 18:15:00,2025-07-18 18:31:00,3350.497,3352.453140812847,SL,-2.116140812847248,16,0.2606086257559439,ml_v3bal_hi3,2025-07
251082,short,2025-07-18 19:10:00,2025-07-18 19:15:00,2025-07-20 22:10:00,3351.479,3346.3970104166665,TP,4.9219895833334,108,0.25996037727917665,ml_v3bal_hi3,2025-07
251105,short,2025-07-20 22:10:00,2025-07-20 22:15:00,2025-07-20 23:00:00,3346.937,3348.8975258979167,SL,-2.1205258979166834,45,0.2954361316182919,ml_v3bal_hi3,2025-07
251115,short,2025-07-20 23:00:00,2025-07-20 23:05:00,2025-07-20 23:54:00,3347.09,3349.0847097194446,SL,-2.154709719444454,49,0.2981860020292234,ml_v3bal_hi3,2025-07
251125,short,2025-07-20 23:50:00,2025-07-20 23:55:00,2025-07-21 00:28:00,3349.289,3351.2503711677086,SL,-2.1213711677083436,33,0.29437868929670274,ml_v3bal_hi3,2025-07
251132,short,2025-07-21 00:25:00,2025-07-21 00:30:00,2025-07-21 00:36:00,3351.772,3353.740212694097,SL,-2.1282126940972312,6,0.27916495393556195,ml_v3bal_hi3,2025-07
251134,short,2025-07-21 00:35:00,2025-07-21 00:40:00,2025-07-21 01:06:00,3353.672,3355.639538065625,SL,-2.127538065625007,26,0.2680521298531874,ml_v3bal_hi3,2025-07
251140,long,2025-07-21 01:05:00,2025-07-21 01:10:00,2025-07-21 01:47:00,3357.265,3355.2720205041664,SL,-2.1529794958333386,37,0.34897952035442603,ml_v3bal_hi3,2025-07
251148,long,2025-07-21 01:45:00,2025-07-21 01:50:00,2025-07-21 02:04:00,3356.759,3354.7584686336804,SL,-2.160531366319451,14,0.38943515230680376,ml_v3bal_hi3,2025-07
251151,long,2025-07-21 02:00:00,2025-07-21 02:05:00,2025-07-21 02:41:00,3355.271,3353.264591429167,SL,-2.166408570833337,36,0.36841503796283304,ml_v3bal_hi3,2025-07
251159,long,2025-07-21 02:40:00,2025-07-21 02:45:00,2025-07-21 04:01:00,3353.023,3351.045251234028,SL,-2.1377487659722267,76,0.3663019171321172,ml_v3bal_hi3,2025-07
251175,short,2025-07-21 04:00:00,2025-07-21 04:05:00,2025-07-21 04:20:00,3351.116,3353.0586204645833,SL,-2.1026204645833366,15,0.2842554641647978,ml_v3bal_hi3,2025-07
251179,short,2025-07-21 04:20:00,2025-07-21 04:25:00,2025-07-21 04:31:00,3353.343,3355.289033290972,SL,-2.106033290972228,6,0.2755876540491954,ml_v3bal_hi3,2025-07
251181,short,2025-07-21 04:30:00,2025-07-21 04:35:00,2025-07-21 04:52:00,3355.777,3357.7249063770832,SL,-2.107906377083338,17,0.2751527885483785,ml_v3bal_hi3,2025-07
251185,short,2025-07-21 04:50:00,2025-07-21 04:55:00,2025-07-21 05:07:00,3358.15,3360.0972476222223,SL,-2.10724762222223,12,0.2894822251012773,ml_v3bal_hi3,2025-07
251188,short,2025-07-21 05:05:00,2025-07-21 05:10:00,2025-07-21 05:11:00,3359.651,3361.5996008475695,SL,-2.1086008475694515,1,0.2872133829216912,ml_v3bal_hi3,2025-07
251189,short,2025-07-21 05:10:00,2025-07-21 05:15:00,2025-07-21 05:24:00,3362.876,3364.833347207292,SL,-2.1173472072916746,9,0.2770585007844298,ml_v3bal_hi3,2025-07
251191,short,2025-07-21 05:20:00,2025-07-21 05:25:00,2025-07-21 05:26:00,3365.123,3367.088113371528,SL,-2.1251133715277852,1,0.27222850070826465,ml_v3bal_hi3,2025-07
251192,short,2025-07-21 05:25:00,2025-07-21 05:30:00,2025-07-21 05:34:00,3367.013,3368.988966953125,SL,-2.135966953125008,4,0.27118593825677323,ml_v3bal_hi3,2025-07
251198,short,2025-07-21 05:55:00,2025-07-21 06:00:00,2025-07-21 06:16:00,3366.689,3368.6857216996527,SL,-2.156721699652788,16,0.25881913823678876,ml_v3bal_hi3,2025-07
251202,short,2025-07-21 06:15:00,2025-07-21 06:20:00,2025-07-21 06:28:00,3367.847,3369.8553134041667,SL,-2.168313404166678,8,0.2628875326414394,ml_v3bal_hi3,2025-07
251206,short,2025-07-21 06:35:00,2025-07-21 06:40:00,2025-07-21 07:56:00,3369.386,3364.13303125,TP,5.092968750000022,76,0.2585126064498701,ml_v3bal_hi3,2025-07
251251,short,2025-07-21 10:20:00,2025-07-21 10:25:00,2025-07-21 11:07:00,3365.428,3367.3601637232637,SL,-2.0921637232638988,42,0.26041762940975577,ml_v3bal_hi3,2025-07
251260,short,2025-07-21 11:05:00,2025-07-21 11:10:00,2025-07-21 11:14:00,3367.892,3369.8111076781247,SL,-2.0791076781250135,4,0.271048296619381,ml_v3bal_hi3,2025-07
251261,short,2025-07-21 11:10:00,2025-07-21 11:15:00,2025-07-21 11:24:00,3369.474,3371.390464721875,SL,-2.076464721875013,9,0.27792056598957926,ml_v3bal_hi3,2025-07
251263,short,2025-07-21 11:20:00,2025-07-21 11:25:00,2025-07-21 11:29:00,3371.768,3373.6823416263887,SL,-2.0743416263889007,4,0.26594303649369666,ml_v3bal_hi3,2025-07
251264,short,2025-07-21 11:25:00,2025-07-21 11:30:00,2025-07-21 11:59:00,3373.503,3375.416972564931,SL,-2.073972564930566,29,0.2686855478864312,ml_v3bal_hi3,2025-07
251270,short,2025-07-21 11:55:00,2025-07-21 12:00:00,2025-07-21 12:18:00,3375.271,3377.195877735764,SL,-2.0848777357639015,18,0.27305390041772315,ml_v3bal_hi3,2025-07
251274,short,2025-07-21 12:15:00,2025-07-21 12:20:00,2025-07-21 12:22:00,3378.168,3380.1040329159723,SL,-2.0960329159722337,2,0.2631643640336012,ml_v3bal_hi3,2025-07
251275,short,2025-07-21 12:20:00,2025-07-21 12:25:00,2025-07-21 12:26:00,3380.899,3382.8433983090276,SL,-2.10439830902779,1,0.26150935166444533,ml_v3bal_hi3,2025-07
251276,short,2025-07-21 12:25:00,2025-07-21 12:30:00,2025-07-21 12:32:00,3381.61,3383.559898515278,SL,-2.109898515277788,2,0.26083699637021773,ml_v3bal_hi3,2025-07
251277,short,2025-07-21 12:30:00,2025-07-21 12:35:00,2025-07-21 12:41:00,3383.951,3385.909283750347,SL,-2.1182837503472314,6,0.26359706395234817,ml_v3bal_hi3,2025-07
251279,short,2025-07-21 12:40:00,2025-07-21 12:45:00,2025-07-21 12:50:00,3385.968,3387.930803761111,SL,-2.1228037611111192,5,0.26369784050550216,ml_v3bal_hi3,2025-07
251281,short,2025-07-21 12:50:00,2025-07-21 12:55:00,2025-07-21 13:06:00,3387.068,3389.0360857052087,SL,-2.128085705208342,11,0.26063104438394236,ml_v3bal_hi3,2025-07
251284,short,2025-07-21 13:05:00,2025-07-21 13:10:00,2025-07-21 13:22:00,3387.585,3389.5468830916666,SL,-2.121883091666677,12,0.2620153324565284,ml_v3bal_hi3,2025-07
251295,long,2025-07-21 14:00:00,2025-07-21 14:05:00,2025-07-21 14:13:00,3388.712,3393.9876458333333,TP,5.115645833333352,8,0.31358478320252947,ml_v3bal_hi3,2025-07
251297,short,2025-07-21 14:10:00,2025-07-21 14:15:00,2025-07-21 14:25:00,3394.682,3396.6999764649304,SL,-2.177976464930565,10,0.25867680644819563,ml_v3bal_hi3,2025-07
251300,short,2025-07-21 14:25:00,2025-07-21 14:30:00,2025-07-21 14:33:00,3397.76,3399.7794963631945,SL,-2.179496363194451,3,0.2629592667192143,ml_v3bal_hi3,2025-07
251301,short,2025-07-21 14:30:00,2025-07-21 14:35:00,2025-07-21 16:47:00,3399.763,3394.4568125,TP,5.146187500000017,132,0.261784891304366,ml_v3bal_hi3,2025-07
251328,long,2025-07-21 16:45:00,2025-07-21 16:50:00,2025-07-21 17:08:00,3395.581,3393.59199684375,SL,-2.14900315625,18,0.3741930583165215,ml_v3bal_hi3,2025-07
251332,long,2025-07-21 17:05:00,2025-07-21 17:10:00,2025-07-21 17:25:00,3393.529,3391.536639575,SL,-2.152360424999997,15,0.362165244979767,ml_v3bal_hi3,2025-07
251336,long,2025-07-21 17:25:00,2025-07-21 17:30:00,2025-07-21 19:16:00,3392.293,3397.4809062500003,TP,5.027906250000003,106,0.3483328014720717,ml_v3bal_hi3,2025-07
251379,short,2025-07-21 22:00:00,2025-07-21 22:05:00,2025-07-21 22:35:00,3398.965,3400.9167398541667,SL,-2.11173985416666,30,0.26854826969029005,ml_v3bal_hi3,2025-07
251386,short,2025-07-21 22:35:00,2025-07-21 22:40:00,2025-07-21 23:36:00,3400.985,3395.866010416667,TP,4.958989583333326,56,0.2746700473020489,ml_v3bal_hi3,2025-07
251398,short,2025-07-21 23:35:00,2025-07-21 23:40:00,2025-07-21 23:48:00,3394.589,3396.5365095368056,SL,-2.107509536805557,8,0.2805902404693229,ml_v3bal_hi3,2025-07
251400,short,2025-07-21 23:45:00,2025-07-21 23:50:00,2025-07-22 00:07:00,3395.919,3390.7620416666664,TP,4.99695833333333,17,0.2840171499160392,ml_v3bal_hi3,2025-07
251404,long,2025-07-22 00:05:00,2025-07-22 00:10:00,2025-07-22 00:32:00,3392.062,3397.2748229166664,TP,5.052822916666667,22,0.33170911003576475,ml_v3bal_hi3,2025-07
251414,long,2025-07-22 00:55:00,2025-07-22 01:00:00,2025-07-22 01:09:00,3394.526,3392.4898045979166,SL,-2.196195402083333,9,0.3142832775669138,ml_v3bal_hi3,2025-07
251416,long,2025-07-22 01:05:00,2025-07-22 01:10:00,2025-07-22 01:12:00,3392.826,3390.7792208677083,SL,-2.206779132291666,2,0.3126259582375194,ml_v3bal_hi3,2025-07
251418,short,2025-07-22 01:15:00,2025-07-22 01:20:00,2025-07-22 01:55:00,3391.877,3386.467875,TP,5.249125000000003,35,0.2619470669048027,ml_v3bal_hi3,2025-07
251442,short,2025-07-22 03:15:00,2025-07-22 03:20:00,2025-07-22 03:44:00,3390.402,3392.4940149555555,SL,-2.252014955555549,24,0.2600428949047475,ml_v3bal_hi3,2025-07
251449,short,2025-07-22 03:50:00,2025-07-22 03:55:00,2025-07-22 05:22:00,3392.531,3387.043041666667,TP,5.327958333333329,87,0.26276058186588147,ml_v3bal_hi3,2025-07
251467,short,2025-07-22 05:20:00,2025-07-22 05:25:00,2025-07-22 09:09:00,3388.12,3390.221666111111,SL,-2.2616661111111127,224,0.2590528528896699,ml_v3bal_hi3,2025-07
251515,long,2025-07-22 09:20:00,2025-07-22 09:25:00,2025-07-22 11:59:00,3386.053,3391.4515729166665,TP,5.2385729166666755,154,0.3296313154741539,ml_v3bal_hi3,2025-07
251546,long,2025-07-22 11:55:00,2025-07-22 12:00:00,2025-07-22 12:20:00,3391.378,3396.733166666667,TP,5.195166666666662,20,0.3693674347444249,ml_v3bal_hi3,2025-07
251551,short,2025-07-22 12:20:00,2025-07-22 12:25:00,2025-07-22 12:42:00,3400.039,3402.0896840406253,SL,-2.210684040624999,17,0.2609715002120181,ml_v3bal_hi3,2025-07
251562,long,2025-07-22 13:15:00,2025-07-22 13:20:00,2025-07-22 13:32:00,3411.743,3417.3211041666664,TP,5.418104166666657,12,0.32705715462679397,ml_v3bal_hi3,2025-07
251565,short,2025-07-22 13:30:00,2025-07-22 13:35:00,2025-07-22 13:45:00,3415.971,3418.100782244792,SL,-2.289782244791665,10,0.2650811616165382,ml_v3bal_hi3,2025-07
251568,short,2025-07-22 13:45:00,2025-07-22 13:50:00,2025-07-22 13:59:00,3418.811,3413.2051145833334,TP,5.445885416666662,9,0.26136983370611494,ml_v3bal_hi3,2025-07
251570,short,2025-07-22 13:55:00,2025-07-22 14:00:00,2025-07-22 14:01:00,3412.434,3406.773510416667,TP,5.500489583333321,1,0.2620595488531334,ml_v3bal_hi3,2025-07
251571,long,2025-07-22 14:00:00,2025-07-22 14:05:00,2025-07-22 14:06:00,3410.918,3408.7457677506945,SL,-2.3322322493055507,1,0.3387612851967689,ml_v3bal_hi3,2025-07
251572,long,2025-07-22 14:05:00,2025-07-22 14:10:00,2025-07-22 14:16:00,3411.123,3416.8491979166665,TP,5.5661979166666535,6,0.332906077294851,ml_v3bal_hi3,2025-07
251574,short,2025-07-22 14:15:00,2025-07-22 14:20:00,2025-07-22 14:21:00,3417.008,3419.2051776291664,SL,-2.357177629166662,1,0.27077635627686203,ml_v3bal_hi3,2025-07
251575,short,2025-07-22 14:20:00,2025-07-22 14:25:00,2025-07-22 14:27:00,3419.783,3421.9887692211805,SL,-2.3657692211805506,2,0.2659498552650136,ml_v3bal_hi3,2025-07
251576,short,2025-07-22 14:25:00,2025-07-22 14:30:00,2025-07-22 14:31:00,3421.757,3423.9693845486113,SL,-2.3723845486111057,1,0.2652171502679509,ml_v3bal_hi3,2025-07
251577,short,2025-07-22 14:30:00,2025-07-22 14:35:00,2025-07-22 14:37:00,3424.183,3426.40308325,SL,-2.380083249999995,2,0.26517386239468277,ml_v3bal_hi3,2025-07
251578,short,2025-07-22 14:35:00,2025-07-22 14:40:00,2025-07-22 15:03:00,3426.362,3428.583317423264,SL,-2.3813174232638827,23,0.2727649609416646,ml_v3bal_hi3,2025-07
251583,short,2025-07-22 15:00:00,2025-07-22 15:05:00,2025-07-22 15:43:00,3429.758,3423.9330416666667,TP,5.664958333333319,38,0.27685126167236984,ml_v3bal_hi3,2025-07
251594,short,2025-07-22 15:55:00,2025-07-22 16:00:00,2025-07-22 16:10:00,3426.64,3428.8771275399304,SL,-2.3971275399305525,10,0.26120591657657755,ml_v3bal_hi3,2025-07
251609,long,2025-07-22 17:10:00,2025-07-22 17:15:00,2025-07-22 23:13:00,3427.169,3433.0469270833332,TP,5.717927083333324,294,0.3200729560718107,ml_v3bal_hi3,2025-07
251669,short,2025-07-22 23:10:00,2025-07-22 23:15:00,2025-07-23 00:15:00,3431.974,3434.2337633093753,SL,-2.4197633093750013,60,0.2759324075175007,ml_v3bal_hi3,2025-07
251683,long,2025-07-23 00:20:00,2025-07-23 00:25:00,2025-07-23 00:26:00,3437.596,3435.245157878472,SL,-2.510842121527781,1,0.3407267106344045,ml_v3bal_hi3,2025-07
251689,long,2025-07-23 00:50:00,2025-07-23 00:55:00,2025-07-23 01:00:00,3429.984,3427.629463295486,SL,-2.514536704513894,5,0.33574458162309717,ml_v3bal_hi3,2025-07
251696,short,2025-07-23 01:25:00,2025-07-23 01:30:00,2025-07-23 03:26:00,3424.9,3427.290593612153,SL,-2.5505936121527806,116,0.25848317992650843,ml_v3bal_hi3,2025-07
251747,short,2025-07-23 05:40:00,2025-07-23 05:45:00,2025-07-23 05:55:00,3417.99,3420.3849469499996,SL,-2.5549469500000015,10,0.259448193538893,ml_v3bal_hi3,2025-07
251779,long,2025-07-23 08:20:00,2025-07-23 08:25:00,2025-07-23 08:27:00,3426.593,3424.1203199763886,SL,-2.632680023611117,2,0.3398070718597721,ml_v3bal_hi3,2025-07
251780,short,2025-07-23 08:25:00,2025-07-23 08:30:00,2025-07-23 08:42:00,3424.309,3426.7866603690973,SL,-2.6376603690972287,12,0.26048548200080673,ml_v3bal_hi3,2025-07
251786,long,2025-07-23 08:55:00,2025-07-23 09:00:00,2025-07-23 10:08:00,3428.412,3425.9260615427083,SL,-2.645938457291674,68,0.3156924718465082,ml_v3bal_hi3,2025-07
251800,short,2025-07-23 10:05:00,2025-07-23 10:10:00,2025-07-23 11:41:00,3425.957,3428.465149607639,SL,-2.6681496076388953,91,0.26999919559418917,ml_v3bal_hi3,2025-07
251830,long,2025-07-23 12:35:00,2025-07-23 12:40:00,2025-07-23 12:52:00,3424.669,3422.0506716576388,SL,-2.77832834236112,12,0.31380026209778766,ml_v3bal_hi3,2025-07
251835,long,2025-07-23 13:00:00,2025-07-23 13:05:00,2025-07-23 13:22:00,3414.364,3411.6950705538193,SL,-2.828929446180565,17,0.3151137532671767,ml_v3bal_hi3,2025-07
251839,long,2025-07-23 13:20:00,2025-07-23 13:25:00,2025-07-23 13:27:00,3411.165,3408.4604819177084,SL,-2.8645180822916774,2,0.3312700723803322,ml_v3bal_hi3,2025-07
251842,long,2025-07-23 13:35:00,2025-07-23 13:40:00,2025-07-23 14:00:00,3407.552,3414.695666666667,TP,6.983666666666698,20,0.31307493550231114,ml_v3bal_hi3,2025-07
251847,short,2025-07-23 14:00:00,2025-07-23 14:05:00,2025-07-23 14:07:00,3416.619,3419.330645333681,SL,-2.871645333680564,2,0.276584186661836,ml_v3bal_hi3,2025-07
251848,short,2025-07-23 14:05:00,2025-07-23 14:10:00,2025-07-23 14:26:00,3419.223,3412.1155208333334,TP,6.947479166666688,16,0.27543488871221394,ml_v3bal_hi3,2025-07
251852,short,2025-07-23 14:25:00,2025-07-23 14:30:00,2025-07-23 14:34:00,3412.208,3414.8996802993056,SL,-2.851680299305564,4,0.26301453145518006,ml_v3bal_hi3,2025-07
251853,short,2025-07-23 14:30:00,2025-07-23 14:35:00,2025-07-23 15:54:00,3414.857,3407.78371875,TP,6.913281250000022,79,0.2726691844739064,ml_v3bal_hi3,2025-07
251869,short,2025-07-23 15:50:00,2025-07-23 15:55:00,2025-07-23 15:57:00,3406.931,3400.1241875,TP,6.646812500000026,2,0.2623527958623041,ml_v3bal_hi3,2025-07
251872,short,2025-07-23 16:05:00,2025-07-23 16:10:00,2025-07-23 16:12:00,3391.436,3394.097651395486,SL,-2.8216513954861213,2,0.2622080602400804,ml_v3bal_hi3,2025-07
251878,short,2025-07-23 16:35:00,2025-07-23 16:40:00,2025-07-23 17:51:00,3389.832,3392.5575188697917,SL,-2.885518869791675,71,0.25914964160852677,ml_v3bal_hi3,2025-07
251908,long,2025-07-23 19:05:00,2025-07-23 19:10:00,2025-07-23 19:26:00,3394.559,3391.8225838961807,SL,-2.896416103819457,16,0.31880802010740483,ml_v3bal_hi3,2025-07
251913,long,2025-07-23 19:30:00,2025-07-23 19:35:00,2025-07-23 20:57:00,3390.353,3387.602027794792,SL,-2.910972205208348,82,0.31240176744038245,ml_v3bal_hi3,2025-07
251931,long,2025-07-23 22:00:00,2025-07-23 22:05:00,2025-07-23 22:26:00,3390.718,3387.9304034055554,SL,-2.9475965944444624,21,0.4394689607652144,ml_v3bal_hi3,2025-07
251936,long,2025-07-23 22:25:00,2025-07-23 22:30:00,2025-07-24 01:08:00,3388.745,3385.9442044979164,SL,-2.9607955020833474,158,0.3897670203701422,ml_v3bal_hi3,2025-07
251968,long,2025-07-24 01:05:00,2025-07-24 01:10:00,2025-07-24 02:10:00,3388.838,3386.0320138270836,SL,-2.965986172916677,60,0.35179573703063005,ml_v3bal_hi3,2025-07
251981,short,2025-07-24 02:10:00,2025-07-24 02:15:00,2025-07-24 02:17:00,3382.113,3384.8828578340276,SL,-2.929857834027791,2,0.2673286018972315,ml_v3bal_hi3,2025-07
251982,short,2025-07-24 02:15:00,2025-07-24 02:20:00,2025-07-24 03:05:00,3387.074,3379.7951875,TP,7.118812500000034,45,0.271363227177875,ml_v3bal_hi3,2025-07
251992,short,2025-07-24 03:05:00,2025-07-24 03:10:00,2025-07-24 03:11:00,3378.036,3380.8060284753474,SL,-2.930028475347234,1,0.28170281332778113,ml_v3bal_hi3,2025-07
251993,short,2025-07-24 03:10:00,2025-07-24 03:15:00,2025-07-24 03:34:00,3379.092,3381.871671694097,SL,-2.9396716940972354,19,0.2830255298023142,ml_v3bal_hi3,2025-07
251997,short,2025-07-24 03:30:00,2025-07-24 03:35:00,2025-07-24 03:45:00,3382.491,3385.2766123930555,SL,-2.9456123930555678,10,0.2779360063039361,ml_v3bal_hi3,2025-07
252002,short,2025-07-24 03:55:00,2025-07-24 04:00:00,2025-07-24 05:43:00,3383.666,3376.359947916667,TP,7.146052083333355,103,0.2819045618638136,ml_v3bal_hi3,2025-07
252023,short,2025-07-24 05:40:00,2025-07-24 05:45:00,2025-07-24 06:30:00,3377.688,3370.33953125,TP,7.188468750000032,45,0.2946992321119082,ml_v3bal_hi3,2025-07
252033,short,2025-07-24 06:30:00,2025-07-24 06:35:00,2025-07-24 07:55:00,3375.502,3367.964739583333,TP,7.377260416666703,80,0.28845234732825853,ml_v3bal_hi3,2025-07
252050,short,2025-07-24 07:55:00,2025-07-24 08:00:00,2025-07-24 08:15:00,3367.767,3370.6835022218747,SL,-3.076502221875011,15,0.28921623010566105,ml_v3bal_hi3,2025-07
252054,short,2025-07-24 08:15:00,2025-07-24 08:20:00,2025-07-24 08:27:00,3369.293,3372.2254075802084,SL,-3.092407580208342,7,0.29927241467542576,ml_v3bal_hi3,2025-07
252056,short,2025-07-24 08:25:00,2025-07-24 08:30:00,2025-07-24 09:18:00,3372.429,3364.7342083333333,TP,7.534791666666688,48,0.30546893776128625,ml_v3bal_hi3,2025-07
252066,short,2025-07-24 09:15:00,2025-07-24 09:20:00,2025-07-24 12:49:00,3364.537,3356.859,TP,7.518000000000011,209,0.28183494551896954,ml_v3bal_hi3,2025-07
252108,short,2025-07-24 12:45:00,2025-07-24 12:50:00,2025-07-24 13:07:00,3354.323,3357.290464450347,SL,-3.1274644503472264,17,0.26275258643355914,ml_v3bal_hi3,2025-07
252112,short,2025-07-24 13:05:00,2025-07-24 13:10:00,2025-07-24 13:38:00,3358.411,3361.4143388114585,SL,-3.163338811458339,28,0.2791075692191651,ml_v3bal_hi3,2025-07
252135,long,2025-07-24 15:00:00,2025-07-24 15:05:00,2025-07-24 16:28:00,3372.642,3369.6746982541663,SL,-3.1273017458333316,83,0.3210668920220572,ml_v3bal_hi3,2025-07
252152,long,2025-07-24 16:25:00,2025-07-24 16:30:00,2025-07-24 16:57:00,3370.028,3367.124264129861,SL,-3.063735870138889,27,0.35912717666824556,ml_v3bal_hi3,2025-07
252158,long,2025-07-24 16:55:00,2025-07-24 17:00:00,2025-07-25 00:04:00,3366.988,3368.985,TIMEOUT,1.8370000000002984,360,0.3165475804811697,ml_v3bal_hi3,2025-07
252231,long,2025-07-25 00:00:00,2025-07-25 00:05:00,2025-07-25 01:26:00,3369.018,3366.4915203399305,SL,-2.686479660069433,81,0.39173945039425373,ml_v3bal_hi3,2025-07
252248,long,2025-07-25 01:25:00,2025-07-25 01:30:00,2025-07-25 02:18:00,3367.811,3365.2850441690975,SL,-2.6859558309027607,48,0.45210917716502264,ml_v3bal_hi3,2025-07
252258,long,2025-07-25 02:15:00,2025-07-25 02:20:00,2025-07-25 02:57:00,3365.583,3363.093946346528,SL,-2.6490536534722016,37,0.502578972448783,ml_v3bal_hi3,2025-07
252266,long,2025-07-25 02:55:00,2025-07-25 03:00:00,2025-07-25 03:37:00,3363.178,3360.72083643125,SL,-2.617163568749978,37,0.4046123437651443,ml_v3bal_hi3,2025-07
252274,long,2025-07-25 03:35:00,2025-07-25 03:40:00,2025-07-25 04:42:00,3360.512,3358.103604132986,SL,-2.5683958670138676,62,0.38445072736030006,ml_v3bal_hi3,2025-07
252287,long,2025-07-25 04:40:00,2025-07-25 04:45:00,2025-07-25 05:49:00,3358.437,3356.091467601389,SL,-2.505532398611092,64,0.37896216919555725,ml_v3bal_hi3,2025-07
252300,long,2025-07-25 05:45:00,2025-07-25 05:50:00,2025-07-25 07:39:00,3356.604,3354.257785036111,SL,-2.506214963888868,109,0.33699637371968993,ml_v3bal_hi3,2025-07
252330,long,2025-07-25 08:15:00,2025-07-25 08:20:00,2025-07-25 08:28:00,3350.246,3347.9786292625,SL,-2.427370737499983,8,0.3126793862424553,ml_v3bal_hi3,2025-07
252332,short,2025-07-25 08:25:00,2025-07-25 08:30:00,2025-07-25 08:33:00,3345.561,3347.8385258802086,SL,-2.4375258802083173,3,0.26423251139911064,ml_v3bal_hi3,2025-07
252358,short,2025-07-25 10:35:00,2025-07-25 10:40:00,2025-07-25 11:28:00,3345.436,3339.6366458333337,TP,5.639354166666626,48,0.2713150673146292,ml_v3bal_hi3,2025-07
252368,short,2025-07-25 11:25:00,2025-07-25 11:30:00,2025-07-25 11:48:00,3339.88,3342.101674579514,SL,-2.381674579513874,18,0.2619025902284617,ml_v3bal_hi3,2025-07
252372,short,2025-07-25 11:45:00,2025-07-25 11:50:00,2025-07-25 12:43:00,3343.037,3337.19928125,TP,5.67771874999996,53,0.27330250216090113,ml_v3bal_hi3,2025-07
252383,short,2025-07-25 12:40:00,2025-07-25 12:45:00,2025-07-25 13:26:00,3340.491,3342.735139707639,SL,-2.4041397076388726,41,0.27533911728728255,ml_v3bal_hi3,2025-07
252392,short,2025-07-25 13:25:00,2025-07-25 13:30:00,2025-07-25 13:31:00,3342.118,3344.399526030208,SL,-2.441526030208318,1,0.2753215255956066,ml_v3bal_hi3,2025-07
252395,short,2025-07-25 13:40:00,2025-07-25 13:45:00,2025-07-25 13:46:00,3339.919,3342.2070500843747,SL,-2.448050084374982,1,0.2830935227574499,ml_v3bal_hi3,2025-07
252400,short,2025-07-25 14:05:00,2025-07-25 14:10:00,2025-07-25 14:17:00,3342.13,3336.1998958333334,TP,5.770104166666614,7,0.2808214831055792,ml_v3bal_hi3,2025-07
252402,short,2025-07-25 14:15:00,2025-07-25 14:20:00,2025-07-25 14:21:00,3336.279,3338.55158521875,SL,-2.4325852187499826,1,0.2759796898577197,ml_v3bal_hi3,2025-07
252403,short,2025-07-25 14:20:00,2025-07-25 14:25:00,2025-07-25 14:52:00,3338.167,3332.1855,TP,5.821499999999954,27,0.28302662227705405,ml_v3bal_hi3,2025-07
252409,short,2025-07-25 14:50:00,2025-07-25 14:55:00,2025-07-25 15:17:00,3332.562,3334.8142669965277,SL,-2.412266996527757,22,0.28287759446370514,ml_v3bal_hi3,2025-07
252414,short,2025-07-25 15:15:00,2025-07-25 15:20:00,2025-07-25 15:41:00,3333.628,3327.7513333333336,TP,5.716666666666608,21,0.2639760927825704,ml_v3bal_hi3,2025-07
252419,short,2025-07-25 15:40:00,2025-07-25 15:45:00,2025-07-25 15:47:00,3327.188,3329.443838559028,SL,-2.415838559027759,2,0.27148930295999196,ml_v3bal_hi3,2025-07
252420,short,2025-07-25 15:45:00,2025-07-25 15:50:00,2025-07-25 16:16:00,3328.281,3330.541406190625,SL,-2.4204061906249805,26,0.27023639842565206,ml_v3bal_hi3,2025-07
252426,short,2025-07-25 16:15:00,2025-07-25 16:20:00,2025-07-25 17:09:00,3330.466,3332.709980971528,SL,-2.4039809715277616,49,0.2820803544226301,ml_v3bal_hi3,2025-07
252436,short,2025-07-25 17:05:00,2025-07-25 17:10:00,2025-07-25 17:22:00,3332.645,3334.899243261111,SL,-2.4142432611110958,12,0.2652796025812022,ml_v3bal_hi3,2025-07
252454,long,2025-07-25 18:35:00,2025-07-25 18:40:00,2025-07-27 22:05:00,3338.032,3335.8147978104166,SL,-2.3772021895833153,138,0.3118905159853754,ml_v3bal_hi3,2025-07
252483,short,2025-07-27 22:05:00,2025-07-27 22:10:00,2025-07-27 22:44:00,3334.45,3328.5784583333334,TP,5.711541666666634,34,0.26019831754717576,ml_v3bal_hi3,2025-07
252490,short,2025-07-27 22:40:00,2025-07-27 22:45:00,2025-07-27 23:00:00,3328.607,3330.8813471895833,SL,-2.434347189583321,15,0.2994595692296601,ml_v3bal_hi3,2025-07
252495,short,2025-07-27 23:05:00,2025-07-27 23:10:00,2025-07-27 23:35:00,3336.637,3330.518604166667,TP,5.958395833333309,25,0.2590248924205726,ml_v3bal_hi3,2025-07
252501,short,2025-07-27 23:35:00,2025-07-27 23:40:00,2025-07-28 00:00:00,3331.766,3334.1194930145834,SL,-2.5134930145833283,20,0.26863851052754073,ml_v3bal_hi3,2025-07
252506,short,2025-07-28 00:00:00,2025-07-28 00:05:00,2025-07-28 00:45:00,3334.814,3328.5817291666667,TP,6.072270833333308,40,0.26501811299006195,ml_v3bal_hi3,2025-07
252516,short,2025-07-28 00:50:00,2025-07-28 00:55:00,2025-07-28 01:03:00,3331.761,3334.172003107639,SL,-2.5710031076388793,8,0.25920503489228447,ml_v3bal_hi3,2025-07
252529,short,2025-07-28 01:55:00,2025-07-28 02:00:00,2025-07-28 02:27:00,3331.939,3334.439573926736,SL,-2.660573926736103,27,0.26669384475701136,ml_v3bal_hi3,2025-07
252535,long,2025-07-28 02:25:00,2025-07-28 02:30:00,2025-07-28 02:38:00,3335.529,3333.032045256597,SL,-2.6569547434027685,8,0.31602084454228496,ml_v3bal_hi3,2025-07
252537,short,2025-07-28 02:35:00,2025-07-28 02:40:00,2025-07-28 02:53:00,3332.6,3335.104641539583,SL,-2.664641539583325,13,0.26185575747560086,ml_v3bal_hi3,2025-07
252540,long,2025-07-28 02:50:00,2025-07-28 02:55:00,2025-07-28 03:57:00,3335.02,3341.5914479166668,TP,6.411447916666647,62,0.3146365667119084,ml_v3bal_hi3,2025-07
252559,short,2025-07-28 04:25:00,2025-07-28 04:30:00,2025-07-28 05:50:00,3340.579,3343.073776090278,SL,-2.65477609027777,80,0.2623451535173719,ml_v3bal_hi3,2025-07
252576,short,2025-07-28 05:50:00,2025-07-28 05:55:00,2025-07-28 06:36:00,3343.433,3336.8983333333335,TP,6.374666666666643,41,0.2717478262485047,ml_v3bal_hi3,2025-07
252585,short,2025-07-28 06:35:00,2025-07-28 06:40:00,2025-07-28 06:56:00,3337.77,3340.291169937153,SL,-2.6811699371527715,16,0.26160453553349605,ml_v3bal_hi3,2025-07
252590,long,2025-07-28 07:00:00,2025-07-28 07:05:00,2025-07-28 07:33:00,3340.296,3337.777651597222,SL,-2.67834840277777,28,0.3287383336023346,ml_v3bal_hi3,2025-07
252600,long,2025-07-28 07:50:00,2025-07-28 07:55:00,2025-07-28 08:42:00,3335.618,3333.0876035263886,SL,-2.6903964736111057,47,0.33331133338076036,ml_v3bal_hi3,2025-07
252611,long,2025-07-28 08:45:00,2025-07-28 08:50:00,2025-07-28 09:21:00,3333.452,3340.0969895833337,TP,6.484989583333322,31,0.319321982388031,ml_v3bal_hi3,2025-07
252618,short,2025-07-28 09:20:00,2025-07-28 09:25:00,2025-07-28 12:15:00,3339.2,3332.5705208333334,TP,6.469479166666661,170,0.26473584427956304,ml_v3bal_hi3,2025-07
252653,short,2025-07-28 12:15:00,2025-07-28 12:20:00,2025-07-28 12:39:00,3334.121,3327.5168333333336,TP,6.444166666666648,19,0.2787486392650548,ml_v3bal_hi3,2025-07
252657,short,2025-07-28 12:35:00,2025-07-28 12:40:00,2025-07-28 12:55:00,3327.342,3329.8784641614584,SL,-2.696464161458328,15,0.26781764044973794,ml_v3bal_hi3,2025-07
252661,short,2025-07-28 12:55:00,2025-07-28 13:00:00,2025-07-28 13:45:00,3328.479,3321.79521875,TP,6.523781249999976,45,0.2688376142185567,ml_v3bal_hi3,2025-07
252672,short,2025-07-28 13:50:00,2025-07-28 13:55:00,2025-07-28 13:56:00,3306.473,3309.097451587847,SL,-2.784451587847215,1,0.2640695694619128,ml_v3bal_hi3,2025-07
252673,short,2025-07-28 13:55:00,2025-07-28 14:00:00,2025-07-28 14:01:00,3302.344,3304.9903809815974,SL,-2.8063809815972145,1,0.2640695694619128,ml_v3bal_hi3,2025-07
252674,short,2025-07-28 14:00:00,2025-07-28 14:05:00,2025-07-28 14:15:00,3307.377,3310.0402863774307,SL,-2.8232863774305486,10,0.2645627233916232,ml_v3bal_hi3,2025-07
252679,long,2025-07-28 14:25:00,2025-07-28 14:30:00,2025-07-28 14:36:00,3311.865,3309.201539012847,SL,-2.82346098715277,6,0.32852051903871937,ml_v3bal_hi3,2025-07
252681,long,2025-07-28 14:35:00,2025-07-28 14:40:00,2025-07-28 14:57:00,3310.755,3308.0916144125,SL,-2.8233855874999954,17,0.32303395125511564,ml_v3bal_hi3,2025-07
252685,short,2025-07-28 14:55:00,2025-07-28 15:00:00,2025-07-28 15:10:00,3307.942,3310.588515907292,SL,-2.806515907291661,10,0.263313744725559,ml_v3bal_hi3,2025-07
252688,long,2025-07-28 15:10:00,2025-07-28 15:15:00,2025-07-28 15:33:00,3309.891,3316.8287708333332,TP,6.777770833333323,18,0.35201533512140487,ml_v3bal_hi3,2025-07
252692,long,2025-07-28 15:30:00,2025-07-28 15:35:00,2025-07-28 16:01:00,3315.857,3313.2260045159724,SL,-2.7909954840277686,26,0.33751227322516875,ml_v3bal_hi3,2025-07
252698,long,2025-07-28 16:00:00,2025-07-28 16:05:00,2025-07-28 17:02:00,3313.867,3311.2885739475696,SL,-2.738426052430552,57,0.3454153523408667,ml_v3bal_hi3,2025-07
252710,long,2025-07-28 17:00:00,2025-07-28 17:05:00,2025-07-28 19:51:00,3310.764,3317.3527395833335,TP,6.42873958333333,166,0.3692951640069816,ml_v3bal_hi3,2025-07
252746,long,2025-07-28 20:00:00,2025-07-28 20:05:00,2025-07-28 20:50:00,3318.042,3315.5431761388886,SL,-2.658823861111109,45,0.3315955779026801,ml_v3bal_hi3,2025-07
252756,long,2025-07-28 20:50:00,2025-07-28 20:55:00,2025-07-28 22:10:00,3314.738,3312.2347513697914,SL,-2.6632486302083302,11,0.3935645969195527,ml_v3bal_hi3,2025-07
252760,long,2025-07-28 22:10:00,2025-07-28 22:15:00,2025-07-29 00:09:00,3312.695,3310.1908465739584,SL,-2.6641534260416657,114,0.3582056260356439,ml_v3bal_hi3,2025-07
252783,short,2025-07-29 00:05:00,2025-07-29 00:10:00,2025-07-29 01:17:00,3310.392,3312.8371075611108,SL,-2.605107561111105,67,0.27176414732873366,ml_v3bal_hi3,2025-07
252797,short,2025-07-29 01:15:00,2025-07-29 01:20:00,2025-07-29 01:33:00,3313.113,3315.554317736458,SL,-2.601317736458333,13,0.2595031174428326,ml_v3bal_hi3,2025-07
252800,long,2025-07-29 01:30:00,2025-07-29 01:35:00,2025-07-29 03:35:00,3315.575,3313.1332893916665,SL,-2.60171060833333,120,0.316106077238156,ml_v3bal_hi3,2025-07
252828,short,2025-07-29 03:50:00,2025-07-29 03:55:00,2025-07-29 04:55:00,3314.095,3316.4693350659722,SL,-2.5343350659722206,60,0.25902093195135056,ml_v3bal_hi3,2025-07
252841,long,2025-07-29 04:55:00,2025-07-29 05:00:00,2025-07-29 07:10:00,3316.498,3314.121121187847,SL,-2.536878812152774,130,0.32081003426551535,ml_v3bal_hi3,2025-07
252868,long,2025-07-29 07:10:00,2025-07-29 07:15:00,2025-07-29 08:02:00,3313.699,3320.120354166667,TP,6.261354166666665,47,0.3354125430715017,ml_v3bal_hi3,2025-07
252878,long,2025-07-29 08:00:00,2025-07-29 08:05:00,2025-07-29 08:19:00,3321.947,3328.4470520833333,TP,6.340052083333315,14,0.3793449922759452,ml_v3bal_hi3,2025-07
252881,short,2025-07-29 08:15:00,2025-07-29 08:20:00,2025-07-29 09:05:00,3329.549,3322.9950208333335,TP,6.393979166666646,45,0.2645459908873111,ml_v3bal_hi3,2025-07
252893,long,2025-07-29 09:15:00,2025-07-29 09:20:00,2025-07-29 11:03:00,3322.565,3320.078089284028,SL,-2.6469107159722056,103,0.31778951580252823,ml_v3bal_hi3,2025-07
252914,long,2025-07-29 11:00:00,2025-07-29 11:05:00,2025-07-29 11:37:00,3320.241,3317.747993817361,SL,-2.6530061826388764,32,0.32681335108968723,ml_v3bal_hi3,2025-07
252921,long,2025-07-29 11:35:00,2025-07-29 11:40:00,2025-07-29 12:50:00,3316.791,3323.3501875,TP,6.3991874999999645,70,0.31600091535418157,ml_v3bal_hi3,2025-07
252944,long,2025-07-29 13:30:00,2025-07-29 13:35:00,2025-07-29 14:05:00,3315.283,3312.709693187153,SL,-2.733306812847219,30,0.31742811431647355,ml_v3bal_hi3,2025-07
252951,short,2025-07-29 14:05:00,2025-07-29 14:10:00,2025-07-29 14:15:00,3316.395,3319.032940188889,SL,-2.7979401888888904,5,0.27107919192144697,ml_v3bal_hi3,2025-07
252953,short,2025-07-29 14:15:00,2025-07-29 14:20:00,2025-07-29 14:22:00,3318.718,3321.3677501555553,SL,-2.8097501555555557,2,0.273860061524604,ml_v3bal_hi3,2025-07
252954,short,2025-07-29 14:20:00,2025-07-29 14:25:00,2025-07-29 14:36:00,3323.319,3325.9801434399305,SL,-2.8211434399305544,11,0.2640305850488884,ml_v3bal_hi3,2025-07
252957,short,2025-07-29 14:35:00,2025-07-29 14:40:00,2025-07-29 14:46:00,3325.834,3328.4759284336806,SL,-2.801928433680554,6,0.2592648807747108,ml_v3bal_hi3,2025-07
252962,short,2025-07-29 15:00:00,2025-07-29 15:05:00,2025-07-29 15:07:00,3331.422,3333.964019925347,SL,-2.7020199253472206,2,0.2605115268213493,ml_v3bal_hi3,2025-07
252970,short,2025-07-29 15:40:00,2025-07-29 15:45:00,2025-07-29 17:10:00,3322.652,3325.1670903440972,SL,-2.675090344097217,85,0.262521309705655,ml_v3bal_hi3,2025-07
253036,short,2025-07-29 22:10:00,2025-07-29 22:15:00,2025-07-30 00:01:00,3326.799,3329.2598819621526,SL,-2.6208819621527657,106,0.258892616469542,ml_v3bal_hi3,2025-07
253065,short,2025-07-30 00:35:00,2025-07-30 00:40:00,2025-07-30 00:50:00,3329.27,3331.70380555,SL,-2.5938055499999924,10,0.25869073446901264,ml_v3bal_hi3,2025-07
253068,short,2025-07-30 00:50:00,2025-07-30 00:55:00,2025-07-30 01:18:00,3330.051,3332.4963456652777,SL,-2.6053456652777696,23,0.2733104246311014,ml_v3bal_hi3,2025-07
253074,short,2025-07-30 01:20:00,2025-07-30 01:25:00,2025-07-30 01:40:00,3330.506,3324.130927083333,TP,6.2150729166666485,15,0.2632075547331448,ml_v3bal_hi3,2025-07
253085,long,2025-07-30 02:15:00,2025-07-30 02:20:00,2025-07-30 02:23:00,3331.825,3329.385904569097,SL,-2.5990954309027683,3,0.317034234910191,ml_v3bal_hi3,2025-07
253086,long,2025-07-30 02:20:00,2025-07-30 02:25:00,2025-07-30 02:36:00,3331.83,3329.3896743642363,SL,-2.6003256357638795,11,0.312642344986537,ml_v3bal_hi3,2025-07
253105,short,2025-07-30 03:55:00,2025-07-30 04:00:00,2025-07-30 07:07:00,3328.365,3330.793583131944,SL,-2.588583131944443,187,0.25984419320926216,ml_v3bal_hi3,2025-07
253143,long,2025-07-30 07:05:00,2025-07-30 07:10:00,2025-07-30 07:23:00,3330.441,3328.02555228125,SL,-2.575447718750006,13,0.32827198145554104,ml_v3bal_hi3,2025-07
253146,long,2025-07-30 07:20:00,2025-07-30 07:25:00,2025-07-30 09:57:00,3327.298,3333.673458333333,TP,6.21545833333335,152,0.31428856728712035,ml_v3bal_hi3,2025-07
253177,long,2025-07-30 09:55:00,2025-07-30 10:00:00,2025-07-30 10:01:00,3331.245,3328.9372785430555,SL,-2.467721456944457,1,0.3376712213415711,ml_v3bal_hi3,2025-07
253178,long,2025-07-30 10:00:00,2025-07-30 10:05:00,2025-07-30 10:09:00,3331.885,3329.5725005861113,SL,-2.4724994138889036,4,0.33359993568341095,ml_v3bal_hi3,2025-07
253179,long,2025-07-30 10:05:00,2025-07-30 10:10:00,2025-07-30 10:45:00,3329.823,3327.506694887847,SL,-2.47630511215279,35,0.3429575280921649,ml_v3bal_hi3,2025-07
253187,long,2025-07-30 10:45:00,2025-07-30 10:50:00,2025-07-30 11:06:00,3328.193,3325.8869770194447,SL,-2.4660229805555627,16,0.323887742715921,ml_v3bal_hi3,2025-07
253191,long,2025-07-30 11:05:00,2025-07-30 11:10:00,2025-07-30 11:46:00,3326.319,3324.01891375,SL,-2.4600862500000056,36,0.3368124690667252,ml_v3bal_hi3,2025-07
253201,long,2025-07-30 11:55:00,2025-07-30 12:00:00,2025-07-30 12:11:00,3330.819,3328.4901388614585,SL,-2.488861138541673,11,0.3284640019390745,ml_v3bal_hi3,2025-07
253212,short,2025-07-30 12:50:00,2025-07-30 12:55:00,2025-07-30 13:06:00,3313.709,3316.0954386944445,SL,-2.5464386944444524,11,0.2756866342028929,ml_v3bal_hi3,2025-07
253215,short,2025-07-30 13:05:00,2025-07-30 13:10:00,2025-07-30 13:28:00,3311.932,3305.6275104166666,TP,6.144489583333344,18,0.2780101722678496,ml_v3bal_hi3,2025-07
253219,short,2025-07-30 13:25:00,2025-07-30 13:30:00,2025-07-30 13:34:00,3305.392,3307.824357082986,SL,-2.592357082986117,4,0.28239671361905294,ml_v3bal_hi3,2025-07
253220,short,2025-07-30 13:30:00,2025-07-30 13:35:00,2025-07-30 13:55:00,3307.211,3300.7978437499996,TP,6.2531562500000195,20,0.2806730697856169,ml_v3bal_hi3,2025-07
253225,short,2025-07-30 13:55:00,2025-07-30 14:00:00,2025-07-30 14:09:00,3303.127,3305.6108709194446,SL,-2.643870919444451,9,0.28593826083653534,ml_v3bal_hi3,2025-07
253227,short,2025-07-30 14:05:00,2025-07-30 14:10:00,2025-07-30 15:06:00,3306.692,3300.1660520833334,TP,6.365947916666681,56,0.28426504048613993,ml_v3bal_hi3,2025-07
253242,short,2025-07-30 15:20:00,2025-07-30 15:25:00,2025-07-30 16:23:00,3293.51,3295.9014388819446,SL,-2.5514388819444442,58,0.2584140159838701,ml_v3bal_hi3,2025-07
253314,short,2025-07-30 22:20:00,2025-07-30 22:25:00,2025-07-30 22:46:00,3276.554,3279.339211584375,SL,-2.94521158437501,21,0.2665980136505766,ml_v3bal_hi3,2025-07
253321,long,2025-07-30 22:55:00,2025-07-30 23:00:00,2025-07-31 00:00:00,3278.906,3286.2281145833335,TP,7.162114583333364,60,0.31593099223083587,ml_v3bal_hi3,2025-07
253343,long,2025-07-31 00:45:00,2025-07-31 00:50:00,2025-07-31 02:00:00,3286.833,3294.3935,TP,7.40050000000001,70,0.31548881946165996,ml_v3bal_hi3,2025-07
253358,long,2025-07-31 02:00:00,2025-07-31 02:05:00,2025-07-31 02:26:00,3294.998,3292.065429715278,SL,-3.0925702847222265,21,0.3176501888611638,ml_v3bal_hi3,2025-07
253363,long,2025-07-31 02:25:00,2025-07-31 02:30:00,2025-07-31 05:57:00,3292.501,3300.1599583333336,TP,7.49895833333334,207,0.38765955054261536,ml_v3bal_hi3,2025-07
253405,long,2025-07-31 05:55:00,2025-07-31 06:00:00,2025-07-31 07:45:00,3299.641,3307.297875,TP,7.496875000000028,105,0.33110340700711466,ml_v3bal_hi3,2025-07
253428,long,2025-07-31 07:50:00,2025-07-31 07:55:00,2025-07-31 07:58:00,3306.074,3303.08938808125,SL,-3.1446119187500075,3,0.3181226370995991,ml_v3bal_hi3,2025-07
253429,long,2025-07-31 07:55:00,2025-07-31 08:00:00,2025-07-31 08:18:00,3304.682,3312.5436874999996,TP,7.701687500000016,18,0.32056959479348257,ml_v3bal_hi3,2025-07
253438,long,2025-07-31 08:40:00,2025-07-31 08:45:00,2025-07-31 09:33:00,3309.216,3306.1964185159723,SL,-3.179581484027783,48,0.31210274484854994,ml_v3bal_hi3,2025-07
253448,long,2025-07-31 09:30:00,2025-07-31 09:35:00,2025-07-31 10:21:00,3306.623,3303.593068921528,SL,-3.1899310784722283,46,0.38870199487813634,ml_v3bal_hi3,2025-07
253458,long,2025-07-31 10:20:00,2025-07-31 10:25:00,2025-07-31 10:44:00,3304.087,3301.0270400177083,SL,-3.2199599822916727,19,0.41734773782133394,ml_v3bal_hi3,2025-07
253462,long,2025-07-31 10:40:00,2025-07-31 10:45:00,2025-07-31 10:53:00,3300.852,3297.783559540972,SL,-3.228440459027783,8,0.386105330478963,ml_v3bal_hi3,2025-07
253464,long,2025-07-31 10:50:00,2025-07-31 10:55:00,2025-07-31 11:30:00,3296.361,3304.4275729166666,TP,7.906572916666686,35,0.3804027084240024,ml_v3bal_hi3,2025-07
253472,long,2025-07-31 11:30:00,2025-07-31 11:35:00,2025-07-31 13:46:00,3304.999,3301.9178527152776,SL,-3.241147284722232,131,0.39484366317991193,ml_v3bal_hi3,2025-07
253568,long,2025-07-31 19:30:00,2025-07-31 19:35:00,2025-07-31 23:19:00,3292.005,3289.0953948621527,SL,-3.0696051378472253,160,0.3171329811012581,ml_v3bal_hi3,2025-07
253601,long,2025-07-31 23:15:00,2025-07-31 23:20:00,2025-08-01 01:44:00,3288.908,3286.3302842916664,SL,-2.7377157083333388,144,0.3998224585986633,ml_v3bal_hi3,2025-07
253649,long,2025-08-01 03:15:00,2025-08-01 03:20:00,2025-08-01 03:36:00,3294.039,3291.4399898423612,SL,-2.759010157638896,16,0.34660422458710205,ml_v3bal_hi3,2025-08
253654,long,2025-08-01 03:40:00,2025-08-01 03:45:00,2025-08-01 05:52:00,3291.964,3298.750145833333,TP,6.62614583333335,127,0.352629374699038,ml_v3bal_hi3,2025-08
253681,long,2025-08-01 05:55:00,2025-08-01 06:00:00,2025-08-01 06:24:00,3296.669,3294.0849665944443,SL,-2.7440334055555526,24,0.3435261098567619,ml_v3bal_hi3,2025-08
253691,long,2025-08-01 06:45:00,2025-08-01 06:50:00,2025-08-01 07:34:00,3290.828,3288.2325375944442,SL,-2.7554624055555528,44,0.3486906396465673,ml_v3bal_hi3,2025-08
253717,long,2025-08-01 08:55:00,2025-08-01 09:00:00,2025-08-01 10:52:00,3294.248,3300.959729166667,TP,6.551729166666652,112,0.36283961553119237,ml_v3bal_hi3,2025-08
253840,long,2025-08-01 19:10:00,2025-08-01 19:15:00,2025-08-01 19:32:00,3349.216,3356.7433229166663,TP,7.3673229166666525,17,0.34530423305992775,ml_v3bal_hi3,2025-08
253935,short,2025-08-04 04:10:00,2025-08-04 04:15:00,2025-08-04 07:29:00,3360.95,3353.2710729166665,TP,7.518927083333373,194,0.2810068057498726,ml_v3bal_hi3,2025-08
254006,short,2025-08-04 10:05:00,2025-08-04 10:10:00,2025-08-04 11:05:00,3357.499,3360.3752427756945,SL,-3.03624277569447,55,0.2826568163659582,ml_v3bal_hi3,2025-08
254206,short,2025-08-05 03:45:00,2025-08-05 03:50:00,2025-08-05 05:16:00,3373.958,3368.3990729166667,TP,5.398927083333367,86,0.2834414488047956,ml_v3bal_hi3,2025-08
254228,short,2025-08-05 05:35:00,2025-08-05 05:40:00,2025-08-05 05:59:00,3371.79,3373.903702276736,SL,-2.2737022767361235,19,0.2829123730016986,ml_v3bal_hi3,2025-08
254233,short,2025-08-05 06:00:00,2025-08-05 06:05:00,2025-08-05 06:45:00,3371.901,3366.328458333333,TP,5.4125416666667,40,0.2814866346214401,ml_v3bal_hi3,2025-08
254620,short,2025-08-06 15:15:00,2025-08-06 15:20:00,2025-08-06 15:40:00,3377.106,3371.4034375,TP,5.542562499999961,20,0.2808974023502149,ml_v3bal_hi3,2025-08
254738,long,2025-08-07 02:05:00,2025-08-07 02:10:00,2025-08-07 02:19:00,3382.081,3379.8101569100695,SL,-2.4308430899305478,9,0.3453453061170484,ml_v3bal_hi3,2025-08
254740,long,2025-08-07 02:15:00,2025-08-07 02:20:00,2025-08-07 03:04:00,3380.022,3377.753696687847,SL,-2.4283033121527704,44,0.3393141473498033,ml_v3bal_hi3,2025-08
254760,long,2025-08-07 03:55:00,2025-08-07 04:00:00,2025-08-07 04:29:00,3379.732,3377.485776880903,SL,-2.4062231190972154,29,0.34206863794134273,ml_v3bal_hi3,2025-08
254947,long,2025-08-07 19:30:00,2025-08-07 19:35:00,2025-08-07 20:53:00,3396.699,3393.8919185479167,SL,-2.9670814520833217,78,0.356309492338583,ml_v3bal_hi3,2025-08
254963,long,2025-08-07 20:50:00,2025-08-07 20:55:00,2025-08-07 22:03:00,3395.852,3403.4471041666666,TP,7.435104166666624,4,0.34039013416071207,ml_v3bal_hi3,2025-08
254965,long,2025-08-07 22:00:00,2025-08-07 22:05:00,2025-08-07 22:06:00,3403.402,3400.4618580027777,SL,-3.1001419972222077,1,0.3438711789185812,ml_v3bal_hi3,2025-08
254972,long,2025-08-07 22:35:00,2025-08-07 22:40:00,2025-08-07 22:47:00,3401.986,3398.886419484375,SL,-3.259580515624984,7,0.33820907390442223,ml_v3bal_hi3,2025-08
254976,long,2025-08-07 22:55:00,2025-08-07 23:00:00,2025-08-07 23:03:00,3405.174,3401.9963054440973,SL,-3.337694555902761,3,0.3468903696562607,ml_v3bal_hi3,2025-08
254977,long,2025-08-07 23:00:00,2025-08-07 23:05:00,2025-08-07 23:06:00,3402.611,3399.4230629965277,SL,-3.3479370034722056,1,0.3435385157743126,ml_v3bal_hi3,2025-08
255216,short,2025-08-08 18:55:00,2025-08-08 19:00:00,2025-08-08 19:06:00,3395.401,3399.219536046875,SL,-3.9785360468750026,6,0.2826735792359871,ml_v3bal_hi3,2025-08
255223,short,2025-08-08 19:30:00,2025-08-08 19:35:00,2025-08-10 22:05:00,3395.714,3399.5951852215276,SL,-4.041185221527785,83,0.28111197396197524,ml_v3bal_hi3,2025-08
255241,short,2025-08-10 22:05:00,2025-08-10 22:10:00,2025-08-11 00:05:00,3397.554,3387.2382291666668,TP,10.155770833333357,115,0.2853307151277323,ml_v3bal_hi3,2025-08
255265,short,2025-08-11 00:05:00,2025-08-11 00:10:00,2025-08-11 01:00:00,3389.325,3379.6709687499997,TP,9.494031250000022,50,0.28927248051526855,ml_v3bal_hi3,2025-08
255276,short,2025-08-11 01:00:00,2025-08-11 01:05:00,2025-08-11 01:08:00,3381.468,3371.8139687499997,TP,9.494031250000031,3,0.28201167025982543,ml_v3bal_hi3,2025-08
255382,short,2025-08-11 09:50:00,2025-08-11 09:55:00,2025-08-11 10:06:00,3353.914,3357.6427390288195,SL,-3.888739028819459,11,0.28840291550772124,ml_v3bal_hi3,2025-08
255398,short,2025-08-11 11:10:00,2025-08-11 11:15:00,2025-08-11 12:30:00,3354.439,3344.6077708333332,TP,9.671229166666711,75,0.2839064603151553,ml_v3bal_hi3,2025-08
255438,short,2025-08-11 14:30:00,2025-08-11 14:35:00,2025-08-11 17:38:00,3350.801,3354.5178258836804,SL,-3.8768258836805685,183,0.28147987191258717,ml_v3bal_hi3,2025-08
255495,long,2025-08-11 19:15:00,2025-08-11 19:20:00,2025-08-11 20:30:00,3352.695,3349.284038760417,SL,-3.570961239583338,70,0.3403003681793307,ml_v3bal_hi3,2025-08
255531,short,2025-08-11 23:15:00,2025-08-11 23:20:00,2025-08-12 00:08:00,3347.127,3350.2192270652777,SL,-3.252227065277782,48,0.2938793036120946,ml_v3bal_hi3,2025-08
255558,short,2025-08-12 01:30:00,2025-08-12 01:35:00,2025-08-12 01:47:00,3348.788,3351.8467694614583,SL,-3.218769461458332,12,0.29050378054360193,ml_v3bal_hi3,2025-08
255613,short,2025-08-12 06:05:00,2025-08-12 06:10:00,2025-08-12 07:33:00,3349.822,3352.7334663187503,SL,-3.071466318749994,83,0.28518669342149083,ml_v3bal_hi3,2025-08
255661,short,2025-08-12 10:05:00,2025-08-12 10:10:00,2025-08-12 10:26:00,3347.305,3350.1478724767358,SL,-3.0028724767361092,16,0.28240206305110277,ml_v3bal_hi3,2025-08
255666,short,2025-08-12 10:30:00,2025-08-12 10:35:00,2025-08-12 11:18:00,3348.972,3341.6004166666667,TP,7.211583333333328,43,0.2833235508593303,ml_v3bal_hi3,2025-08
255685,short,2025-08-12 12:05:00,2025-08-12 12:10:00,2025-08-12 12:30:00,3345.536,3348.3578835944445,SL,-2.9818835944444326,20,0.28097933306086653,ml_v3bal_hi3,2025-08
255690,short,2025-08-12 12:30:00,2025-08-12 12:35:00,2025-08-12 12:43:00,3350.538,3353.411075990278,SL,-3.0330759902777666,8,0.28576058585090786,ml_v3bal_hi3,2025-08
255692,short,2025-08-12 12:40:00,2025-08-12 12:45:00,2025-08-12 12:46:00,3349.593,3352.4997637614583,SL,-3.066763761458322,1,0.2828750896139521,ml_v3bal_hi3,2025-08
255694,short,2025-08-12 12:50:00,2025-08-12 12:55:00,2025-08-12 13:11:00,3351.969,3344.2146145833335,TP,7.594385416666642,16,0.2872770565433878,ml_v3bal_hi3,2025-08
255698,short,2025-08-12 13:10:00,2025-08-12 13:15:00,2025-08-12 13:16:00,3344.039,3347.036128261111,SL,-3.1571282611111022,1,0.29412085643356745,ml_v3bal_hi3,2025-08
255699,short,2025-08-12 13:15:00,2025-08-12 13:20:00,2025-08-12 13:30:00,3345.639,3348.653220171875,SL,-3.1742201718749925,10,0.2998414050086968,ml_v3bal_hi3,2025-08
255702,short,2025-08-12 13:30:00,2025-08-12 13:35:00,2025-08-12 13:44:00,3347.225,3350.2101873371525,SL,-3.145187337152769,9,0.3022584077008082,ml_v3bal_hi3,2025-08
255704,short,2025-08-12 13:40:00,2025-08-12 13:45:00,2025-08-12 13:47:00,3354.844,3346.8780625,TP,7.805937499999976,2,0.2859302525785796,ml_v3bal_hi3,2025-08
255705,short,2025-08-12 13:45:00,2025-08-12 13:50:00,2025-08-12 14:01:00,3350.864,3342.8182395833333,TP,7.885760416666644,11,0.2978971218136184,ml_v3bal_hi3,2025-08
255708,short,2025-08-12 14:00:00,2025-08-12 14:05:00,2025-08-12 14:15:00,3342.876,3334.768541666667,TP,7.947458333333307,10,0.2935626299028379,ml_v3bal_hi3,2025-08
255711,short,2025-08-12 14:15:00,2025-08-12 14:20:00,2025-08-12 14:26:00,3332.904,3336.004433722222,SL,-3.260433722222211,6,0.2859471263175653,ml_v3bal_hi3,2025-08
255713,short,2025-08-12 14:25:00,2025-08-12 14:30:00,2025-08-12 14:32:00,3334.941,3338.049108613194,SL,-3.2681086131944337,2,0.28655492978150116,ml_v3bal_hi3,2025-08
255717,short,2025-08-12 14:45:00,2025-08-12 14:50:00,2025-08-12 14:53:00,3332.742,3335.833258775,SL,-3.251258774999985,3,0.28285307900959716,ml_v3bal_hi3,2025-08
255718,short,2025-08-12 14:50:00,2025-08-12 14:55:00,2025-08-12 14:58:00,3334.496,3337.592719297222,SL,-3.256719297222208,3,0.2834458156295265,ml_v3bal_hi3,2025-08
255719,short,2025-08-12 14:55:00,2025-08-12 15:00:00,2025-08-12 15:03:00,3337.384,3340.4852869288193,SL,-3.2612869288194313,3,0.28215792237484105,ml_v3bal_hi3,2025-08
255720,short,2025-08-12 15:00:00,2025-08-12 15:05:00,2025-08-12 15:13:00,3340.756,3343.8638189197914,SL,-3.2678189197916545,8,0.2843231005066874,ml_v3bal_hi3,2025-08
255724,short,2025-08-12 15:20:00,2025-08-12 15:25:00,2025-08-12 15:27:00,3348.119,3351.2232671993056,SL,-3.264267199305542,2,0.2817628592241866,ml_v3bal_hi3,2025-08
255726,short,2025-08-12 15:30:00,2025-08-12 15:35:00,2025-08-12 22:39:00,3351.416,3351.055,TIMEOUT,0.20100000000033105,360,0.28303544467948116,ml_v3bal_hi3,2025-08
255902,long,2025-08-13 07:10:00,2025-08-13 07:15:00,2025-08-13 07:57:00,3358.082,3355.1666684569445,SL,-3.075331543055543,42,0.3437958727971586,ml_v3bal_hi3,2025-08
255918,long,2025-08-13 08:30:00,2025-08-13 08:35:00,2025-08-13 09:42:00,3357.453,3364.975572916667,TP,7.3625729166666325,67,0.34500081354831613,ml_v3bal_hi3,2025-08
256096,long,2025-08-14 00:20:00,2025-08-14 00:25:00,2025-08-14 00:36:00,3371.905,3369.6699320611115,SL,-2.3950679388888902,11,0.3382246190457238,ml_v3bal_hi3,2025-08
256099,long,2025-08-14 00:35:00,2025-08-14 00:40:00,2025-08-14 00:59:00,3371.755,3369.500951190625,SL,-2.414048809375001,19,0.34786209816175884,ml_v3bal_hi3,2025-08
256365,long,2025-08-14 23:45:00,2025-08-14 23:50:00,2025-08-15 00:04:00,3336.236,3333.620596370486,SL,-2.775403629513872,14,0.33819947043882104,ml_v3bal_hi3,2025-08
256370,long,2025-08-15 00:10:00,2025-08-15 00:15:00,2025-08-15 01:52:00,3333.282,3340.1984895833334,TP,6.756489583333293,97,0.34691778547848473,ml_v3bal_hi3,2025-08
256390,long,2025-08-15 01:50:00,2025-08-15 01:55:00,2025-08-15 02:26:00,3339.313,3336.681548149653,SL,-2.791451850347212,31,0.37361306184351184,ml_v3bal_hi3,2025-08
256397,long,2025-08-15 02:25:00,2025-08-15 02:30:00,2025-08-15 03:52:00,3338.017,3344.8251874999996,TP,6.648187499999969,82,0.34035577848560417,ml_v3bal_hi3,2025-08
256414,long,2025-08-15 03:50:00,2025-08-15 03:55:00,2025-08-15 06:15:00,3343.854,3341.310281598264,SL,-2.7037184017360967,140,0.34149134760767613,ml_v3bal_hi3,2025-08
256443,long,2025-08-15 06:15:00,2025-08-15 06:20:00,2025-08-15 06:56:00,3343.168,3340.634980412153,SL,-2.6930195878472096,36,0.3501964265579127,ml_v3bal_hi3,2025-08
256452,long,2025-08-15 07:00:00,2025-08-15 07:05:00,2025-08-15 08:29:00,3341.88,3339.3345394694447,SL,-2.705460530555548,84,0.3417535697879671,ml_v3bal_hi3,2025-08
256620,short,2025-08-17 22:05:00,2025-08-17 22:10:00,2025-08-17 23:17:00,3333.678,3328.29321875,TP,5.224781249999994,67,0.2826919751097374,ml_v3bal_hi3,2025-08
256636,short,2025-08-17 23:25:00,2025-08-17 23:30:00,2025-08-18 00:08:00,3329.068,3331.1625190177087,SL,-2.2545190177083314,38,0.28781937821502057,ml_v3bal_hi3,2025-08
256645,short,2025-08-18 00:10:00,2025-08-18 00:15:00,2025-08-18 00:19:00,3334.881,3337.004182790972,SL,-2.2831827909722278,4,0.28417985398951495,ml_v3bal_hi3,2025-08
256682,long,2025-08-18 03:15:00,2025-08-18 03:20:00,2025-08-18 03:50:00,3345.917,3351.6335416666666,TP,5.556541666666676,30,0.348122487228276,ml_v3bal_hi3,2025-08
256767,short,2025-08-18 10:20:00,2025-08-18 10:25:00,2025-08-18 13:01:00,3348.839,3343.0333124999997,TP,5.64568750000001,156,0.28364048975381106,ml_v3bal_hi3,2025-08
256877,long,2025-08-18 19:30:00,2025-08-18 19:35:00,2025-08-19 00:00:00,3332.351,3330.3324560534725,SL,-2.1785439465277814,201,0.34884118485546733,ml_v3bal_hi3,2025-08
256919,short,2025-08-19 00:00:00,2025-08-19 00:05:00,2025-08-19 00:06:00,3329.159,3331.1687499659724,SL,-2.169749965972232,1,0.30098586719597714,ml_v3bal_hi3,2025-08
256920,short,2025-08-19 00:05:00,2025-08-19 00:10:00,2025-08-19 00:11:00,3333.192,3335.214111540625,SL,-2.1821115406250104,1,0.2975075576859805,ml_v3bal_hi3,2025-08
256921,short,2025-08-19 00:10:00,2025-08-19 00:15:00,2025-08-19 00:16:00,3336.181,3338.210984851736,SL,-2.1899848517361216,1,0.28218877792250974,ml_v3bal_hi3,2025-08
256928,short,2025-08-19 00:45:00,2025-08-19 00:50:00,2025-08-19 02:54:00,3334.043,3336.0636789472223,SL,-2.180678947222235,124,0.28182368401207014,ml_v3bal_hi3,2025-08
257041,short,2025-08-19 10:10:00,2025-08-19 10:15:00,2025-08-19 10:17:00,3342.817,3344.719162598264,SL,-2.0621625982639062,2,0.282763498752499,ml_v3bal_hi3,2025-08
257042,short,2025-08-19 10:15:00,2025-08-19 10:20:00,2025-08-19 12:05:00,3343.938,3338.94778125,TP,4.830218750000049,105,0.29179075423452705,ml_v3bal_hi3,2025-08
257087,short,2025-08-19 14:00:00,2025-08-19 14:05:00,2025-08-19 14:37:00,3335.955,3330.7528958333332,TP,5.0421041666667,32,0.2827154534740824,ml_v3bal_hi3,2025-08
257190,short,2025-08-19 23:35:00,2025-08-19 23:40:00,2025-08-20 03:20:00,3315.909,3317.9264923197916,SL,-2.1774923197916656,220,0.3007094540457125,ml_v3bal_hi3,2025-08
257243,long,2025-08-20 04:00:00,2025-08-20 04:05:00,2025-08-20 05:59:00,3318.393,3323.5728645833333,TP,5.019864583333322,114,0.34056906708346757,ml_v3bal_hi3,2025-08
257592,long,2025-08-21 10:05:00,2025-08-21 10:10:00,2025-08-21 10:33:00,3339.805,3338.0386520184024,SL,-1.9263479815972244,23,0.33901373647403676,ml_v3bal_hi3,2025-08
257647,short,2025-08-21 14:40:00,2025-08-21 14:45:00,2025-08-21 15:00:00,3342.871,3344.855292662153,SL,-2.1442926621527785,15,0.28952099628118716,ml_v3bal_hi3,2025-08
257651,short,2025-08-21 15:00:00,2025-08-21 15:05:00,2025-08-21 15:29:00,3342.241,3344.195228042708,SL,-2.114228042708332,24,0.2859793608494122,ml_v3bal_hi3,2025-08
257656,short,2025-08-21 15:25:00,2025-08-21 15:30:00,2025-08-21 15:38:00,3342.998,3344.961879198264,SL,-2.123879198263885,8,0.2845281895634775,ml_v3bal_hi3,2025-08
257658,short,2025-08-21 15:35:00,2025-08-21 15:40:00,2025-08-21 16:36:00,3344.992,3339.8241354166666,TP,5.007864583333326,56,0.29345169517841346,ml_v3bal_hi3,2025-08
257769,long,2025-08-22 01:50:00,2025-08-22 01:55:00,2025-08-22 03:03:00,3334.378,3332.4873854538196,SL,-2.050614546180548,68,0.3388961411890329,ml_v3bal_hi3,2025-08
257786,long,2025-08-22 03:15:00,2025-08-22 03:20:00,2025-08-22 04:16:00,3333.156,3331.277639881597,SL,-2.038360118402777,56,0.34449861930584097,ml_v3bal_hi3,2025-08
257798,long,2025-08-22 04:15:00,2025-08-22 04:20:00,2025-08-22 04:32:00,3330.916,3329.0440448836807,SL,-2.0319551163194416,12,0.3462435589677505,ml_v3bal_hi3,2025-08
257872,long,2025-08-22 10:25:00,2025-08-22 10:30:00,2025-08-22 11:17:00,3330.417,3328.4838798916667,SL,-2.0931201083333266,47,0.34421153154998485,ml_v3bal_hi3,2025-08
257897,short,2025-08-22 12:30:00,2025-08-22 12:35:00,2025-08-22 12:49:00,3323.823,3325.7318453885414,SL,-2.0688453885416576,14,0.28377346497920297,ml_v3bal_hi3,2025-08
257967,long,2025-08-22 18:20:00,2025-08-22 18:25:00,2025-08-22 19:24:00,3371.724,3369.6574939375,SL,-2.226506062499992,59,0.33796885000396365,ml_v3bal_hi3,2025-08
257979,long,2025-08-22 19:20:00,2025-08-22 19:25:00,2025-08-24 22:07:00,3369.61,3367.547371067014,SL,-2.222628932986102,95,0.34198754415691285,ml_v3bal_hi3,2025-08
258013,short,2025-08-24 23:15:00,2025-08-24 23:20:00,2025-08-24 23:53:00,3367.948,3370.0529202013886,SL,-2.2649202013888785,33,0.2822230477284743,ml_v3bal_hi3,2025-08
258020,short,2025-08-24 23:50:00,2025-08-24 23:55:00,2025-08-25 00:08:00,3370.397,3364.8369479166668,TP,5.400052083333303,13,0.28149817884576117,ml_v3bal_hi3,2025-08
258034,short,2025-08-25 01:00:00,2025-08-25 01:05:00,2025-08-25 02:08:00,3365.854,3360.16440625,TP,5.529593749999972,63,0.2868609579528528,ml_v3bal_hi3,2025-08
258059,short,2025-08-25 03:05:00,2025-08-25 03:10:00,2025-08-25 03:55:00,3365.863,3368.0356528999996,SL,-2.3326528999999887,45,0.28086605452445423,ml_v3bal_hi3,2025-08
258069,short,2025-08-25 03:55:00,2025-08-25 04:00:00,2025-08-25 06:56:00,3367.263,3369.4182316118054,SL,-2.3152316118055465,176,0.28300680332070904,ml_v3bal_hi3,2025-08
258116,short,2025-08-25 07:50:00,2025-08-25 07:55:00,2025-08-25 11:32:00,3367.046,3369.20743819375,SL,-2.3214381937499975,217,0.2818419541451826,ml_v3bal_hi3,2025-08
258574,long,2025-08-27 00:00:00,2025-08-27 00:05:00,2025-08-27 01:01:00,3390.916,3388.5728486430557,SL,-2.5031513569444312,56,0.35582309881806173,ml_v3bal_hi3,2025-08
258854,long,2025-08-28 00:20:00,2025-08-28 00:25:00,2025-08-28 00:30:00,3397.37,3395.5009021336805,SL,-2.0290978663194497,5,0.3577077216651684,ml_v3bal_hi3,2025-08
258858,long,2025-08-28 00:40:00,2025-08-28 00:45:00,2025-08-28 00:50:00,3397.402,3395.5197786256945,SL,-2.0422213743055595,5,0.3663990319324974,ml_v3bal_hi3,2025-08
258952,long,2025-08-28 08:30:00,2025-08-28 08:35:00,2025-08-28 10:06:00,3397.153,3395.2670800743053,SL,-2.0459199256944425,91,0.3402598575800686,ml_v3bal_hi3,2025-08
259085,long,2025-08-28 19:35:00,2025-08-28 19:40:00,2025-08-28 22:11:00,3418.207,3416.267963003125,SL,-2.099036996875006,87,0.3531250522085325,ml_v3bal_hi3,2025-08
259108,long,2025-08-28 22:30:00,2025-08-28 22:35:00,2025-08-29 00:22:00,3416.072,3414.1191886770835,SL,-2.11281132291668,107,0.34345843888435035,ml_v3bal_hi3,2025-08
259239,long,2025-08-29 09:25:00,2025-08-29 09:30:00,2025-08-29 09:56:00,3408.819,3406.9744268628474,SL,-2.0045731371527746,26,0.34107513792166577,ml_v3bal_hi3,2025-08
259245,long,2025-08-29 09:55:00,2025-08-29 10:00:00,2025-08-29 10:32:00,3407.44,3405.61271719375,SL,-1.9872828062499948,32,0.33797372317543095,ml_v3bal_hi3,2025-08
259349,long,2025-08-29 18:35:00,2025-08-29 18:40:00,2025-08-29 18:59:00,3444.763,3442.9204388430553,SL,-2.0025611569444393,19,0.33799015902021684,ml_v3bal_hi3,2025-08
259360,long,2025-08-29 19:30:00,2025-08-29 19:35:00,2025-08-29 19:50:00,3445.938,3450.83271875,TP,4.734718749999971,15,0.35917256715638235,ml_v3bal_hi3,2025-08
259371,long,2025-08-29 20:25:00,2025-08-29 20:30:00,2025-08-29 20:32:00,3450.038,3448.11371355625,SL,-2.0842864437499875,2,0.3454805828033092,ml_v3bal_hi3,2025-08
259396,short,2025-08-31 23:35:00,2025-08-31 23:40:00,2025-08-31 23:52:00,3445.715,3447.6946734413195,SL,-2.1396734413194296,12,0.28250148881630716,ml_v3bal_hi3,2025-08
259399,short,2025-08-31 23:50:00,2025-08-31 23:55:00,2025-09-01 00:25:00,3448.45,3443.201833333333,TP,5.088166666666624,30,0.2824913880900674,ml_v3bal_hi3,2025-08
259401,short,2025-09-01 00:00:00,2025-09-01 00:05:00,2025-09-01 01:12:00,3444.631,3439.3441875,TP,5.1268124999999625,67,0.3028145765568929,ml_v3bal_hi3,2025-09
259415,short,2025-09-01 01:10:00,2025-09-01 01:15:00,2025-09-01 01:34:00,3439.572,3441.6495183802085,SL,-2.2375183802083187,19,0.29199144732328186,ml_v3bal_hi3,2025-09
259421,short,2025-09-01 01:40:00,2025-09-01 01:45:00,2025-09-01 01:47:00,3447.004,3449.1100670697915,SL,-2.266067069791652,2,0.28205129749858526,ml_v3bal_hi3,2025-09
259559,long,2025-09-01 13:10:00,2025-09-01 13:15:00,2025-09-01 14:03:00,3477.446,3474.4109298399303,SL,-3.195070160069433,48,0.32988606765869355,ml_v3bal_hi3,2025-09
259575,short,2025-09-01 14:30:00,2025-09-01 14:35:00,2025-09-01 22:07:00,3476.851,3479.8770142649305,SL,-3.186014264930541,225,0.2821129504985291,ml_v3bal_hi3,2025-09
259634,short,2025-09-01 23:10:00,2025-09-01 23:15:00,2025-09-01 23:21:00,3476.633,3479.4131598076387,SL,-2.9401598076388713,6,0.2797517011389976,ml_v3bal_hi3,2025-09
259637,short,2025-09-01 23:25:00,2025-09-01 23:30:00,2025-09-01 23:48:00,3478.014,3480.8117993579863,SL,-2.957799357986092,18,0.2886880781485065,ml_v3bal_hi3,2025-09
259642,short,2025-09-01 23:50:00,2025-09-01 23:55:00,2025-09-02 00:08:00,3480.336,3483.1293269680555,SL,-2.9533269680555385,13,0.28259771571228026,ml_v3bal_hi3,2025-09
259645,short,2025-09-02 00:05:00,2025-09-02 00:10:00,2025-09-02 00:36:00,3481.952,3484.759180662153,SL,-2.967180662152761,26,0.28243246286824775,ml_v3bal_hi3,2025-09
259651,short,2025-09-02 00:35:00,2025-09-02 00:40:00,2025-09-02 01:11:00,3482.241,3485.054911073264,SL,-2.9739110732638716,31,0.28282247999022403,ml_v3bal_hi3,2025-09
259732,long,2025-09-02 07:20:00,2025-09-02 07:25:00,2025-09-02 07:50:00,3481.844,3479.0826107375,SL,-2.921389262499991,25,0.3284661814606115,ml_v3bal_hi3,2025-09
259765,long,2025-09-02 10:05:00,2025-09-02 10:10:00,2025-09-02 11:55:00,3480.935,3488.3000416666664,TP,7.205041666666684,105,0.3303326264059469,ml_v3bal_hi3,2025-09
259908,long,2025-09-02 23:00:00,2025-09-02 23:05:00,2025-09-02 23:37:00,3530.204,3526.8256034736114,SL,-3.538396526388895,32,0.34519547000603995,ml_v3bal_hi3,2025-09
259918,long,2025-09-02 23:50:00,2025-09-02 23:55:00,2025-09-02 23:59:00,3532.75,3529.370551846875,SL,-3.539448153125007,4,0.3600696529848392,ml_v3bal_hi3,2025-09
259922,long,2025-09-03 00:10:00,2025-09-03 00:15:00,2025-09-03 00:23:00,3530.729,3539.63021875,TP,8.741218750000023,8,0.3353907504533275,ml_v3bal_hi3,2025-09
259946,long,2025-09-03 02:10:00,2025-09-03 02:15:00,2025-09-03 02:41:00,3540.072,3536.5157237875,SL,-3.716276212500015,26,0.35796034229304763,ml_v3bal_hi3,2025-09
259952,long,2025-09-03 02:40:00,2025-09-03 02:45:00,2025-09-03 02:54:00,3538.239,3534.6920773128472,SL,-3.70692268715279,9,0.3519507513072779,ml_v3bal_hi3,2025-09
259954,long,2025-09-03 02:50:00,2025-09-03 02:55:00,2025-09-03 03:12:00,3533.942,3530.452329459722,SL,-3.649670540277791,17,0.3406767504732358,ml_v3bal_hi3,2025-09
259958,long,2025-09-03 03:10:00,2025-09-03 03:15:00,2025-09-03 05:55:00,3530.851,3527.3975847875,SL,-3.6134152125000165,160,0.3390391081282841,ml_v3bal_hi3,2025-09
259997,short,2025-09-03 06:25:00,2025-09-03 06:30:00,2025-09-03 06:44:00,3533.355,3536.8299041135415,SL,-3.6349041135416704,14,0.28082591747649766,ml_v3bal_hi3,2025-09
260033,long,2025-09-03 09:25:00,2025-09-03 09:30:00,2025-09-03 09:54:00,3538.257,3534.885349758333,SL,-3.5316502416666697,24,0.3309471163107264,ml_v3bal_hi3,2025-09
260038,long,2025-09-03 09:50:00,2025-09-03 09:55:00,2025-09-03 11:12:00,3535.502,3544.3601458333333,TP,8.698145833333339,77,0.3406608852697718,ml_v3bal_hi3,2025-09
260209,long,2025-09-04 01:05:00,2025-09-04 01:10:00,2025-09-04 01:18:00,3559.812,3556.552750798611,SL,-3.4192492013888898,8,0.3280120957677009,ml_v3bal_hi3,2025-09
260216,long,2025-09-04 01:40:00,2025-09-04 01:45:00,2025-09-04 01:59:00,3547.809,3544.5752160392362,SL,-3.3937839607638898,14,0.3402205452358648,ml_v3bal_hi3,2025-09
260219,long,2025-09-04 01:55:00,2025-09-04 02:00:00,2025-09-04 02:08:00,3546.157,3542.933811674653,SL,-3.383188325347225,8,0.3299761608278677,ml_v3bal_hi3,2025-09
260223,long,2025-09-04 02:15:00,2025-09-04 02:20:00,2025-09-04 02:40:00,3541.83,3538.6273759378473,SL,-3.3626240621527796,20,0.3337961480057165,ml_v3bal_hi3,2025-09
260228,long,2025-09-04 02:40:00,2025-09-04 02:45:00,2025-09-04 02:46:00,3537.709,3534.4924825597222,SL,-3.3765174402777784,1,0.3353398607928557,ml_v3bal_hi3,2025-09
260289,long,2025-09-04 07:45:00,2025-09-04 07:50:00,2025-09-04 11:50:00,3539.216,3548.270666666667,TP,8.89466666666669,240,0.3295669270374052,ml_v3bal_hi3,2025-09
260449,long,2025-09-04 22:05:00,2025-09-04 22:10:00,2025-09-04 23:43:00,3542.494,3551.5063437500003,TP,8.852343749999994,93,0.33844260804265813,ml_v3bal_hi3,2025-09
260509,long,2025-09-05 03:05:00,2025-09-05 03:10:00,2025-09-05 06:17:00,3554.206,3550.8310083631945,SL,-3.5349916368055463,187,0.3500187013763706,ml_v3bal_hi3,2025-09
260634,long,2025-09-05 13:30:00,2025-09-05 13:35:00,2025-09-05 13:46:00,3580.485,3588.7102604166666,TP,8.065260416666648,11,0.33350894129653497,ml_v3bal_hi3,2025-09
260655,long,2025-09-05 15:15:00,2025-09-05 15:20:00,2025-09-05 15:43:00,3585.456,3593.831510416667,TP,8.215510416666643,23,0.33401301161872776,ml_v3bal_hi3,2025-09
260704,long,2025-09-05 19:20:00,2025-09-05 19:25:00,2025-09-05 20:01:00,3594.889,3591.7374849972225,SL,-3.311515002777771,36,0.3326145666418264,ml_v3bal_hi3,2025-09
260712,long,2025-09-05 20:00:00,2025-09-05 20:05:00,2025-09-05 20:50:00,3589.549,3586.3700117447916,SL,-3.3389882552083234,45,0.3352137359193177,ml_v3bal_hi3,2025-09
260731,short,2025-09-07 22:40:00,2025-09-07 22:45:00,2025-09-08 01:02:00,3592.879,3596.16776618125,SL,-3.4487661812499923,137,0.2802838301244591,ml_v3bal_hi3,2025-09
260759,long,2025-09-08 01:00:00,2025-09-08 01:05:00,2025-09-08 01:06:00,3595.001,3591.6468940670143,SL,-3.514105932986102,1,0.34701164214745556,ml_v3bal_hi3,2025-09
260760,short,2025-09-08 01:05:00,2025-09-08 01:10:00,2025-09-08 01:59:00,3587.74,3591.109296978819,SL,-3.5292969788194353,49,0.28227543542371064,ml_v3bal_hi3,2025-09
260770,short,2025-09-08 01:55:00,2025-09-08 02:00:00,2025-09-08 02:01:00,3589.481,3592.8837823614585,SL,-3.56278236145833,1,0.28799288443585325,ml_v3bal_hi3,2025-09
260771,short,2025-09-08 02:00:00,2025-09-08 02:05:00,2025-09-08 04:01:00,3591.232,3582.264875,TP,8.807124999999987,116,0.28250174384703985,ml_v3bal_hi3,2025-09
260795,short,2025-09-08 04:00:00,2025-09-08 04:05:00,2025-09-08 05:39:00,3583.405,3586.843168609028,SL,-3.598168609027769,94,0.3049576546534356,ml_v3bal_hi3,2025-09
260814,short,2025-09-08 05:35:00,2025-09-08 05:40:00,2025-09-08 05:55:00,3587.259,3590.6944383479167,SL,-3.595438347916659,15,0.3184180179646905,ml_v3bal_hi3,2025-09
260818,short,2025-09-08 05:55:00,2025-09-08 06:00:00,2025-09-08 06:30:00,3591.154,3594.597895014236,SL,-3.603895014236105,30,0.31422770403713096,ml_v3bal_hi3,2025-09
260825,short,2025-09-08 06:30:00,2025-09-08 06:35:00,2025-09-08 06:44:00,3593.8,3597.276717673611,SL,-3.6367176736111055,9,0.30969818000739036,ml_v3bal_hi3,2025-09
260827,short,2025-09-08 06:40:00,2025-09-08 06:45:00,2025-09-08 07:10:00,3597.593,3601.0750472385416,SL,-3.642047238541664,25,0.29973952543148863,ml_v3bal_hi3,2025-09
261018,short,2025-09-08 23:35:00,2025-09-08 23:40:00,2025-09-08 23:51:00,3630.223,3633.208560367014,SL,-3.145560367013888,11,0.2826122340513189,ml_v3bal_hi3,2025-09
261021,short,2025-09-08 23:50:00,2025-09-08 23:55:00,2025-09-09 00:17:00,3635.141,3638.1222308395836,SL,-3.1412308395833324,22,0.291524569228366,ml_v3bal_hi3,2025-09
261035,long,2025-09-09 01:00:00,2025-09-09 01:05:00,2025-09-09 01:07:00,3641.095,3638.1139278965275,SL,-3.141072103472225,2,0.3403414683251781,ml_v3bal_hi3,2025-09
261040,long,2025-09-09 01:25:00,2025-09-09 01:30:00,2025-09-09 02:09:00,3644.491,3652.3954895833335,TP,7.744489583333344,39,0.3331882657888895,ml_v3bal_hi3,2025-09
261102,short,2025-09-09 06:35:00,2025-09-09 06:40:00,2025-09-09 06:43:00,3645.282,3648.394707992014,SL,-3.272707992013893,3,0.2835916432284983,ml_v3bal_hi3,2025-09
261104,short,2025-09-09 06:45:00,2025-09-09 06:50:00,2025-09-09 07:27:00,3645.999,3649.136756550347,SL,-3.297756550347226,37,0.2861154248273938,ml_v3bal_hi3,2025-09
261145,long,2025-09-09 10:10:00,2025-09-09 10:15:00,2025-09-09 10:40:00,3653.681,3650.5884951465277,SL,-3.252504853472216,25,0.34117988495716844,ml_v3bal_hi3,2025-09
261155,long,2025-09-09 11:00:00,2025-09-09 11:05:00,2025-09-09 11:53:00,3652.883,3649.776129528472,SL,-3.2668704715277688,48,0.3454369458474385,ml_v3bal_hi3,2025-09
261179,long,2025-09-09 13:00:00,2025-09-09 13:05:00,2025-09-09 13:06:00,3652.864,3649.7329659239585,SL,-3.29103407604166,1,0.3277913024365826,ml_v3bal_hi3,2025-09
261326,long,2025-09-10 02:15:00,2025-09-10 02:20:00,2025-09-10 04:27:00,3633.432,3642.9071458333333,TP,9.315145833333357,127,0.32938774716830177,ml_v3bal_hi3,2025-09
261371,long,2025-09-10 06:00:00,2025-09-10 06:05:00,2025-09-10 09:41:00,3641.401,3650.410864583333,TP,8.849864583333368,216,0.3278304879243723,ml_v3bal_hi3,2025-09
261423,short,2025-09-10 10:20:00,2025-09-10 10:25:00,2025-09-10 12:37:00,3655.424,3646.963583333333,TP,8.300416666666722,132,0.2924062532086995,ml_v3bal_hi3,2025-09
261468,short,2025-09-10 14:05:00,2025-09-10 14:10:00,2025-09-10 15:23:00,3652.519,3643.7701666666662,TP,8.588833333333362,73,0.2820539022824958,ml_v3bal_hi3,2025-09
261598,long,2025-09-11 01:55:00,2025-09-11 02:00:00,2025-09-11 02:25:00,3641.047,3638.359589702083,SL,-2.84741029791668,25,0.32944979135871355,ml_v3bal_hi3,2025-09
261604,long,2025-09-11 02:25:00,2025-09-11 02:30:00,2025-09-11 02:45:00,3638.047,3635.4145838277777,SL,-2.792416172222235,15,0.3342916293758707,ml_v3bal_hi3,2025-09
261608,long,2025-09-11 02:45:00,2025-09-11 02:50:00,2025-09-11 02:56:00,3638.217,3635.602707523264,SL,-2.774292476736126,6,0.340329025689356,ml_v3bal_hi3,2025-09
261619,long,2025-09-11 03:40:00,2025-09-11 03:45:00,2025-09-11 05:32:00,3630.888,3628.282632461111,SL,-2.7653675388889063,107,0.33349989052025925,ml_v3bal_hi3,2025-09
261648,long,2025-09-11 06:05:00,2025-09-11 06:10:00,2025-09-11 07:04:00,3632.1,3629.4193915444444,SL,-2.840608455555564,54,0.33371682912468165,ml_v3bal_hi3,2025-09
261675,long,2025-09-11 08:20:00,2025-09-11 08:25:00,2025-09-11 08:34:00,3629.987,3627.2718743770833,SL,-2.875125622916669,9,0.3387620772647541,ml_v3bal_hi3,2025-09
261714,short,2025-09-11 11:35:00,2025-09-11 11:40:00,2025-09-11 12:20:00,3618.461,3621.2011464024304,SL,-2.900146402430557,40,0.28279424931791297,ml_v3bal_hi3,2025-09
261771,short,2025-09-11 16:20:00,2025-09-11 16:25:00,2025-09-11 18:30:00,3638.48,3630.5297708333333,TP,7.790229166666702,125,0.28108282622613606,ml_v3bal_hi3,2025-09
261860,short,2025-09-12 00:45:00,2025-09-12 00:50:00,2025-09-12 01:02:00,3635.85,3638.8111665951387,SL,-3.1211665951388916,12,0.28508731378364194,ml_v3bal_hi3,2025-09
261863,short,2025-09-12 01:00:00,2025-09-12 01:05:00,2025-09-12 01:11:00,3640.0,3642.984770654861,SL,-3.144770654861113,6,0.2799675003567919,ml_v3bal_hi3,2025-09
261870,long,2025-09-12 01:35:00,2025-09-12 01:40:00,2025-09-12 04:02:00,3646.025,3653.9595416666666,TP,7.77454166666667,142,0.3517091528856258,ml_v3bal_hi3,2025-09
261924,long,2025-09-12 06:05:00,2025-09-12 06:10:00,2025-09-12 06:25:00,3652.414,3649.4387812906252,SL,-3.1352187093749926,15,0.3281168073461009,ml_v3bal_hi3,2025-09
261932,short,2025-09-12 06:45:00,2025-09-12 06:50:00,2025-09-12 07:08:00,3648.796,3651.7607381576386,SL,-3.1247381576388826,18,0.2874800817423731,ml_v3bal_hi3,2025-09
261956,long,2025-09-12 08:45:00,2025-09-12 08:50:00,2025-09-12 09:05:00,3641.648,3638.7803329427084,SL,-3.0276670572916635,15,0.34028622227939553,ml_v3bal_hi3,2025-09
261960,long,2025-09-12 09:05:00,2025-09-12 09:10:00,2025-09-12 10:02:00,3639.709,3647.2891979166666,TP,7.420197916666657,52,0.33451297903086874,ml_v3bal_hi3,2025-09
262053,short,2025-09-12 16:50:00,2025-09-12 16:55:00,2025-09-12 20:10:00,3648.711,3642.425708333333,TP,6.125291666666637,195,0.2799376483291058,ml_v3bal_hi3,2025-09
262093,long,2025-09-12 20:10:00,2025-09-12 20:15:00,2025-09-14 22:20:00,3642.204,3639.9688963454864,SL,-2.3951036545138686,58,0.34524704716840704,ml_v3bal_hi3,2025-09
262106,short,2025-09-14 22:20:00,2025-09-14 22:25:00,2025-09-15 00:04:00,3641.398,3635.5363020833333,TP,5.701697916666623,99,0.29149710918441984,ml_v3bal_hi3,2025-09
262126,short,2025-09-15 00:00:00,2025-09-15 00:05:00,2025-09-15 00:09:00,3636.147,3638.394695396528,SL,-2.407695396527764,4,0.308812537856555,ml_v3bal_hi3,2025-09
262127,short,2025-09-15 00:05:00,2025-09-15 00:10:00,2025-09-15 00:11:00,3638.533,3640.7854177958334,SL,-2.4124177958333197,1,0.29974179748863367,ml_v3bal_hi3,2025-09
262128,short,2025-09-15 00:10:00,2025-09-15 00:15:00,2025-09-15 00:32:00,3641.303,3635.370375,TP,5.772624999999963,17,0.28720250078960874,ml_v3bal_hi3,2025-09
262132,short,2025-09-15 00:30:00,2025-09-15 00:35:00,2025-09-15 01:01:00,3635.958,3629.968854166667,TP,5.829145833333296,26,0.31283028408185937,ml_v3bal_hi3,2025-09
262143,short,2025-09-15 01:25:00,2025-09-15 01:30:00,2025-09-15 01:52:00,3631.842,3634.1903618697916,SL,-2.50836186979165,22,0.2807562333101864,ml_v3bal_hi3,2025-09
262150,short,2025-09-15 02:00:00,2025-09-15 02:05:00,2025-09-15 02:08:00,3636.271,3638.6257827454865,SL,-2.5147827454860945,3,0.28048886131921924,ml_v3bal_hi3,2025-09
262151,short,2025-09-15 02:05:00,2025-09-15 02:10:00,2025-09-15 02:16:00,3639.413,3641.7638699003473,SL,-2.5108699003472044,6,0.2815048704608145,ml_v3bal_hi3,2025-09
262153,short,2025-09-15 02:15:00,2025-09-15 02:20:00,2025-09-15 02:43:00,3643.133,3645.4779172961803,SL,-2.5049172961805373,23,0.284700941996866,ml_v3bal_hi3,2025-09
262182,short,2025-09-15 04:40:00,2025-09-15 04:45:00,2025-09-15 06:50:00,3644.332,3638.4222083333334,TP,5.749791666666611,125,0.279687835261075,ml_v3bal_hi3,2025-09
262231,short,2025-09-15 08:45:00,2025-09-15 08:50:00,2025-09-15 08:55:00,3640.968,3643.242601167361,SL,-2.4346011673611128,5,0.2797414575959205,ml_v3bal_hi3,2025-09
262233,short,2025-09-15 08:55:00,2025-09-15 09:00:00,2025-09-15 09:30:00,3645.436,3639.44271875,TP,5.83328125,30,0.2820411595653357,ml_v3bal_hi3,2025-09
262240,short,2025-09-15 09:30:00,2025-09-15 09:35:00,2025-09-15 09:58:00,3638.996,3641.2582951503473,SL,-2.422295150347218,23,0.28667424145830245,ml_v3bal_hi3,2025-09
262245,short,2025-09-15 09:55:00,2025-09-15 10:00:00,2025-09-15 10:03:00,3641.211,3643.4759103277775,SL,-2.4249103277777757,3,0.2987745963510884,ml_v3bal_hi3,2025-09
262246,short,2025-09-15 10:00:00,2025-09-15 10:05:00,2025-09-15 10:17:00,3643.531,3645.800874799653,SL,-2.4298747996527745,12,0.2944266480218457,ml_v3bal_hi3,2025-09
262249,short,2025-09-15 10:15:00,2025-09-15 10:20:00,2025-09-15 10:55:00,3645.093,3639.2053541666664,TP,5.727645833333323,35,0.27981560533460376,ml_v3bal_hi3,2025-09
262259,short,2025-09-15 11:05:00,2025-09-15 11:10:00,2025-09-15 11:15:00,3641.54,3643.7579125336806,SL,-2.3779125336805524,5,0.28841466314054975,ml_v3bal_hi3,2025-09
262261,short,2025-09-15 11:15:00,2025-09-15 11:20:00,2025-09-15 12:16:00,3644.867,3639.0229583333335,TP,5.684041666666655,56,0.28718864090742324,ml_v3bal_hi3,2025-09
262276,short,2025-09-15 12:30:00,2025-09-15 12:35:00,2025-09-15 12:37:00,3640.843,3643.1068745746525,SL,-2.4238745746527703,2,0.2941553236751938,ml_v3bal_hi3,2025-09
262277,short,2025-09-15 12:35:00,2025-09-15 12:40:00,2025-09-15 12:45:00,3642.985,3645.256712170139,SL,-2.4317121701388813,5,0.3004687889369313,ml_v3bal_hi3,2025-09
262279,short,2025-09-15 12:45:00,2025-09-15 12:50:00,2025-09-15 13:00:00,3648.824,3651.1155105315975,SL,-2.451510531597218,10,0.29572550517293894,ml_v3bal_hi3,2025-09
262282,short,2025-09-15 13:00:00,2025-09-15 13:05:00,2025-09-15 13:20:00,3648.838,3651.147058808681,SL,-2.4690588086805514,15,0.28475354059510594,ml_v3bal_hi3,2025-09
262297,short,2025-09-15 14:15:00,2025-09-15 14:20:00,2025-09-15 14:22:00,3656.882,3659.222413159028,SL,-2.500413159027779,2,0.2873721934008722,ml_v3bal_hi3,2025-09
262403,short,2025-09-16 00:05:00,2025-09-16 00:10:00,2025-09-16 00:16:00,3677.882,3680.314829322917,SL,-2.592829322916669,6,0.2848123743024409,ml_v3bal_hi3,2025-09
262406,short,2025-09-16 00:20:00,2025-09-16 00:25:00,2025-09-16 00:30:00,3681.35,3683.7965084072916,SL,-2.60650840729167,5,0.2844042817679565,ml_v3bal_hi3,2025-09
262409,short,2025-09-16 00:35:00,2025-09-16 00:40:00,2025-09-16 00:43:00,3682.459,3684.9117943572915,SL,-2.612794357291669,3,0.28027247772170694,ml_v3bal_hi3,2025-09
262411,long,2025-09-16 00:45:00,2025-09-16 00:50:00,2025-09-16 01:04:00,3683.636,3681.16940750625,SL,-2.6265924937500023,14,0.33369281976338966,ml_v3bal_hi3,2025-09
262420,long,2025-09-16 01:30:00,2025-09-16 01:35:00,2025-09-16 01:44:00,3680.657,3678.158267412153,SL,-2.658732587847223,9,0.3367584081543459,ml_v3bal_hi3,2025-09
262422,long,2025-09-16 01:40:00,2025-09-16 01:45:00,2025-09-16 02:46:00,3677.711,3675.211188006597,SL,-2.659811993402782,61,0.33235252221951617,ml_v3bal_hi3,2025-09
262457,short,2025-09-16 04:35:00,2025-09-16 04:40:00,2025-09-16 04:47:00,3680.612,3683.00887559375,SL,-2.5568755937500067,7,0.28406782296269517,ml_v3bal_hi3,2025-09
262469,short,2025-09-16 05:35:00,2025-09-16 05:40:00,2025-09-16 06:18:00,3682.896,3685.317634458681,SL,-2.5816344586805564,38,0.28395362040436106,ml_v3bal_hi3,2025-09
262550,short,2025-09-16 12:20:00,2025-09-16 12:25:00,2025-09-16 12:41:00,3693.735,3687.2549166666668,TP,6.3200833333333115,16,0.28232115115557566,ml_v3bal_hi3,2025-09
262566,short,2025-09-16 13:40:00,2025-09-16 13:45:00,2025-09-16 13:46:00,3693.214,3695.75045225625,SL,-2.6964522562499957,1,0.2806791376093295,ml_v3bal_hi3,2025-09
262570,short,2025-09-16 14:00:00,2025-09-16 14:05:00,2025-09-16 14:11:00,3695.534,3698.0644520312503,SL,-2.6904520312499933,6,0.27974276467155207,ml_v3bal_hi3,2025-09
262575,short,2025-09-16 14:25:00,2025-09-16 14:30:00,2025-09-16 14:37:00,3692.88,3695.4463263923612,SL,-2.7263263923611003,7,0.2838228593289829,ml_v3bal_hi3,2025-09
262577,short,2025-09-16 14:35:00,2025-09-16 14:40:00,2025-09-16 14:51:00,3694.346,3687.59653125,TP,6.589468749999968,11,0.27967049620108375,ml_v3bal_hi3,2025-09
262686,short,2025-09-17 00:40:00,2025-09-17 00:45:00,2025-09-17 01:29:00,3692.836,3686.4711979166664,TP,6.204802083333302,44,0.280806486815241,ml_v3bal_hi3,2025-09
262722,long,2025-09-17 03:40:00,2025-09-17 03:45:00,2025-09-17 05:24:00,3682.147,3679.727405300347,SL,-2.579594699652766,99,0.33692401319860676,ml_v3bal_hi3,2025-09
262792,short,2025-09-17 09:30:00,2025-09-17 09:35:00,2025-09-17 10:13:00,3667.726,3661.1699375000003,TP,6.396062499999967,38,0.28465301330577053,ml_v3bal_hi3,2025-09
262800,short,2025-09-17 10:10:00,2025-09-17 10:15:00,2025-09-17 10:21:00,3665.284,3667.7973759940974,SL,-2.6733759940972086,6,0.2817480654780953,ml_v3bal_hi3,2025-09
262805,short,2025-09-17 10:35:00,2025-09-17 10:40:00,2025-09-17 11:24:00,3665.485,3667.9955306493057,SL,-2.6705306493055456,44,0.2804744827542737,ml_v3bal_hi3,2025-09
262935,long,2025-09-17 22:25:00,2025-09-17 22:30:00,2025-09-18 00:38:00,3664.126,3660.7486352583337,SL,-3.537364741666666,128,0.3303089526946936,ml_v3bal_hi3,2025-09
262967,long,2025-09-18 01:05:00,2025-09-18 01:10:00,2025-09-18 01:11:00,3659.754,3656.18465186875,SL,-3.7293481312499934,1,0.3292388646836305,ml_v3bal_hi3,2025-09
262973,long,2025-09-18 01:35:00,2025-09-18 01:40:00,2025-09-18 01:43:00,3657.072,3653.4104777774305,SL,-3.8215222225694405,3,0.3321939623855907,ml_v3bal_hi3,2025-09
262981,long,2025-09-18 02:15:00,2025-09-18 02:20:00,2025-09-18 03:56:00,3662.467,3658.738237160764,SL,-3.8887628392361053,96,0.3367327375408071,ml_v3bal_hi3,2025-09
263003,long,2025-09-18 04:05:00,2025-09-18 04:10:00,2025-09-18 04:49:00,3658.771,3655.1546302642364,SL,-3.7763697357638826,39,0.33183437340589317,ml_v3bal_hi3,2025-09
263033,short,2025-09-18 06:35:00,2025-09-18 06:40:00,2025-09-18 07:06:00,3637.1,3640.8988130850694,SL,-3.958813085069437,26,0.2871865086660058,ml_v3bal_hi3,2025-09
263039,short,2025-09-18 07:05:00,2025-09-18 07:10:00,2025-09-18 07:14:00,3640.941,3644.759992413194,SL,-3.9789924131944336,4,0.27977635448297344,ml_v3bal_hi3,2025-09
263052,long,2025-09-18 08:10:00,2025-09-18 08:15:00,2025-09-18 08:57:00,3655.174,3665.218083333333,TP,9.884083333333301,42,0.32799492468164293,ml_v3bal_hi3,2025-09
263061,long,2025-09-18 08:55:00,2025-09-18 09:00:00,2025-09-18 13:00:00,3665.431,3661.6028842288197,SL,-3.9881157711805444,240,0.33091085106491297,ml_v3bal_hi3,2025-09
263110,long,2025-09-18 13:00:00,2025-09-18 13:05:00,2025-09-18 13:06:00,3662.581,3658.7088151159724,SL,-4.032184884027763,1,0.32922077626346796,ml_v3bal_hi3,2025-09
263112,long,2025-09-18 13:10:00,2025-09-18 13:15:00,2025-09-18 13:23:00,3658.733,3654.843020797917,SL,-4.0499792020833185,8,0.32787193805336207,ml_v3bal_hi3,2025-09
263114,long,2025-09-18 13:20:00,2025-09-18 13:25:00,2025-09-18 13:30:00,3655.616,3651.7107265736113,SL,-4.065273426388875,5,0.33616060465931147,ml_v3bal_hi3,2025-09
263117,short,2025-09-18 13:35:00,2025-09-18 13:40:00,2025-09-18 13:44:00,3640.896,3630.4816979166667,TP,10.254302083333297,4,0.28731518859686134,ml_v3bal_hi3,2025-09
263118,short,2025-09-18 13:40:00,2025-09-18 13:45:00,2025-09-18 13:46:00,3629.922,3633.924384210764,SL,-4.162384210763875,1,0.29484382219825217,ml_v3bal_hi3,2025-09
263119,short,2025-09-18 13:45:00,2025-09-18 13:50:00,2025-09-18 13:51:00,3636.167,3640.1952423232638,SL,-4.188242323263875,1,0.28964532002056564,ml_v3bal_hi3,2025-09
263120,short,2025-09-18 13:50:00,2025-09-18 13:55:00,2025-09-18 13:57:00,3635.093,3639.137242923264,SL,-4.204242923263874,2,0.2941397188528868,ml_v3bal_hi3,2025-09
263187,long,2025-09-18 19:25:00,2025-09-18 19:30:00,2025-09-18 23:32:00,3642.499,3638.7605621947914,SL,-3.8984378052083137,178,0.34417814143674297,ml_v3bal_hi3,2025-09
263224,long,2025-09-18 23:30:00,2025-09-18 23:35:00,2025-09-19 01:07:00,3638.908,3646.8988124999996,TP,7.830812499999928,92,0.3994654602487553,ml_v3bal_hi3,2025-09
263249,long,2025-09-19 01:35:00,2025-09-19 01:40:00,2025-09-19 01:48:00,3646.892,3643.8479810916665,SL,-3.2040189083333095,8,0.33155295700191706,ml_v3bal_hi3,2025-09
263252,long,2025-09-19 01:50:00,2025-09-19 01:55:00,2025-09-19 02:46:00,3640.011,3648.0757395833334,TP,7.904739583333267,51,0.33731548935531824,ml_v3bal_hi3,2025-09
263263,long,2025-09-19 02:45:00,2025-09-19 02:50:00,2025-09-19 03:23:00,3646.653,3654.490395833333,TP,7.677395833333284,33,0.33862698525547236,ml_v3bal_hi3,2025-09
263300,long,2025-09-19 05:50:00,2025-09-19 05:55:00,2025-09-19 06:19:00,3651.887,3648.8475209444446,SL,-3.199479055555538,24,0.32812389157475363,ml_v3bal_hi3,2025-09
263319,long,2025-09-19 07:25:00,2025-09-19 07:30:00,2025-09-19 08:18:00,3652.897,3649.9117213895834,SL,-3.1452786104166495,48,0.3296495898384409,ml_v3bal_hi3,2025-09
263330,long,2025-09-19 08:20:00,2025-09-19 08:25:00,2025-09-19 11:31:00,3653.332,3650.405739475694,SL,-3.086260524305537,186,0.33226434312523734,ml_v3bal_hi3,2025-09
263411,long,2025-09-19 15:05:00,2025-09-19 15:10:00,2025-09-19 15:20:00,3666.974,3673.89996875,TP,6.7659687499999865,10,0.3324391923100444,ml_v3bal_hi3,2025-09
263414,long,2025-09-19 15:20:00,2025-09-19 15:25:00,2025-09-19 15:28:00,3674.466,3671.835635492014,SL,-2.790364507986107,3,0.3357286182679705,ml_v3bal_hi3,2025-09
263531,short,2025-09-22 02:10:00,2025-09-22 02:15:00,2025-09-22 02:29:00,3688.507,3691.2436184923613,SL,-2.8966184923611107,14,0.28105255361139525,ml_v3bal_hi3,2025-09
263534,short,2025-09-22 02:25:00,2025-09-22 02:30:00,2025-09-22 03:38:00,3691.468,3694.188149620833,SL,-2.880149620833331,68,0.280383584394038,ml_v3bal_hi3,2025-09
263548,short,2025-09-22 03:35:00,2025-09-22 03:40:00,2025-09-22 03:47:00,3693.552,3696.213286302431,SL,-2.8212863024305492,7,0.2838285970186655,ml_v3bal_hi3,2025-09
263550,short,2025-09-22 03:45:00,2025-09-22 03:50:00,2025-09-22 05:41:00,3696.328,3698.988210865278,SL,-2.820210865277769,111,0.2817455466905523,ml_v3bal_hi3,2025-09
263573,short,2025-09-22 05:40:00,2025-09-22 05:45:00,2025-09-22 06:18:00,3698.33,3700.925771940972,SL,-2.7557719409722083,33,0.28732724416257255,ml_v3bal_hi3,2025-09
263582,short,2025-09-22 06:25:00,2025-09-22 06:30:00,2025-09-22 06:34:00,3706.21,3708.825764754167,SL,-2.775764754166653,4,0.2954306496073799,ml_v3bal_hi3,2025-09
263583,short,2025-09-22 06:30:00,2025-09-22 06:35:00,2025-09-22 06:37:00,3708.76,3711.384320630556,SL,-2.78432063055554,2,0.2836852895590277,ml_v3bal_hi3,2025-09
263584,short,2025-09-22 06:35:00,2025-09-22 06:40:00,2025-09-22 06:43:00,3713.278,3715.9140512291665,SL,-2.79605122916665,3,0.28273317834265266,ml_v3bal_hi3,2025-09
263585,short,2025-09-22 06:40:00,2025-09-22 06:45:00,2025-09-22 06:49:00,3716.928,3719.575793732986,SL,-2.807793732986095,4,0.29216170393125024,ml_v3bal_hi3,2025-09
263586,short,2025-09-22 06:45:00,2025-09-22 06:50:00,2025-09-22 07:02:00,3719.675,3712.7136250000003,TP,6.801374999999956,12,0.2851179233444384,ml_v3bal_hi3,2025-09
263589,short,2025-09-22 07:00:00,2025-09-22 07:05:00,2025-09-22 08:04:00,3713.902,3716.561564015625,SL,-2.819564015624982,59,0.2804267392907327,ml_v3bal_hi3,2025-09
263637,short,2025-09-22 11:00:00,2025-09-22 11:05:00,2025-09-22 12:17:00,3726.695,3719.6479583333335,TP,6.8870416666666205,72,0.28130710167698936,ml_v3bal_hi3,2025-09
263664,short,2025-09-22 13:15:00,2025-09-22 13:20:00,2025-09-22 13:43:00,3723.666,3716.3078229166667,TP,7.198177083333283,23,0.2850393839822565,ml_v3bal_hi3,2025-09
263669,short,2025-09-22 13:40:00,2025-09-22 13:45:00,2025-09-22 13:54:00,3717.649,3720.507519888889,SL,-3.0185198888888713,9,0.2867214620942725,ml_v3bal_hi3,2025-09
263671,short,2025-09-22 13:50:00,2025-09-22 13:55:00,2025-09-22 14:00:00,3720.208,3723.091818456597,SL,-3.0438184565972053,5,0.2806234070480875,ml_v3bal_hi3,2025-09
263678,short,2025-09-22 14:25:00,2025-09-22 14:30:00,2025-09-22 14:53:00,3721.5,3724.3875924076387,SL,-3.047592407638872,23,0.28160021908409805,ml_v3bal_hi3,2025-09
263777,short,2025-09-22 23:40:00,2025-09-22 23:45:00,2025-09-23 00:45:00,3747.215,3750.0181011440973,SL,-2.963101144097201,60,0.28274578090036484,ml_v3bal_hi3,2025-09
263790,long,2025-09-23 00:45:00,2025-09-23 00:50:00,2025-09-23 01:15:00,3748.352,3755.7291041666663,TP,7.2171041666666165,25,0.3680188813697968,ml_v3bal_hi3,2025-09
263816,short,2025-09-23 02:55:00,2025-09-23 03:00:00,2025-09-23 03:45:00,3741.68,3744.5969030305555,SL,-3.0769030305555387,45,0.28258061937356493,ml_v3bal_hi3,2025-09
263826,short,2025-09-23 03:45:00,2025-09-23 03:50:00,2025-09-23 05:27:00,3746.394,3749.300640740972,SL,-3.06664074097221,97,0.28569422673730455,ml_v3bal_hi3,2025-09
263846,short,2025-09-23 05:25:00,2025-09-23 05:30:00,2025-09-23 05:32:00,3750.091,3752.994053304861,SL,-3.0630533048611004,2,0.2842128251171262,ml_v3bal_hi3,2025-09
263847,short,2025-09-23 05:30:00,2025-09-23 05:35:00,2025-09-23 05:41:00,3753.871,3756.7889824361114,SL,-3.0779824361111006,6,0.28090476820940247,ml_v3bal_hi3,2025-09
263874,long,2025-09-23 07:45:00,2025-09-23 07:50:00,2025-09-23 08:31:00,3754.43,3762.1266041666663,TP,7.53660416666664,41,0.33190294145903476,ml_v3bal_hi3,2025-09
264024,long,2025-09-23 20:15:00,2025-09-23 20:20:00,2025-09-24 00:05:00,3763.485,3759.9691499065975,SL,-3.675850093402772,161,0.3348370608699248,ml_v3bal_hi3,2025-09
264086,long,2025-09-24 02:25:00,2025-09-24 02:30:00,2025-09-24 03:31:00,3752.762,3762.225875,TP,9.303874999999959,61,0.32947828409364255,ml_v3bal_hi3,2025-09
264297,long,2025-09-24 20:00:00,2025-09-24 20:05:00,2025-09-24 22:02:00,3731.172,3739.6784479166668,TP,8.346447916666635,53,0.33325983081120114,ml_v3bal_hi3,2025-09
264309,long,2025-09-24 22:00:00,2025-09-24 22:05:00,2025-09-25 00:09:00,3739.479,3747.7231562499996,TP,8.084156249999966,124,0.34182155485993215,ml_v3bal_hi3,2025-09
264361,long,2025-09-25 02:20:00,2025-09-25 02:25:00,2025-09-25 02:44:00,3733.575,3741.930270833333,TP,8.195270833333332,19,0.34898756340366893,ml_v3bal_hi3,2025-09
264369,long,2025-09-25 03:00:00,2025-09-25 03:05:00,2025-09-25 03:09:00,3738.35,3735.170837135069,SL,-3.3391628649305543,4,0.33496417001110607,ml_v3bal_hi3,2025-09
264372,long,2025-09-25 03:15:00,2025-09-25 03:20:00,2025-09-25 04:17:00,3735.403,3732.221467998611,SL,-3.3415320013888867,57,0.34267228737694316,ml_v3bal_hi3,2025-09
264384,long,2025-09-25 04:15:00,2025-09-25 04:20:00,2025-09-25 04:35:00,3732.022,3740.2681666666667,TP,8.086166666666657,15,0.36278931665326386,ml_v3bal_hi3,2025-09
264388,long,2025-09-25 04:35:00,2025-09-25 04:40:00,2025-09-25 05:08:00,3738.492,3735.334580013889,SL,-3.317419986111107,28,0.3301015690004751,ml_v3bal_hi3,2025-09
264394,long,2025-09-25 05:05:00,2025-09-25 05:10:00,2025-09-25 06:10:00,3735.665,3743.9502395833333,TP,8.125239583333316,60,0.33824437343872016,ml_v3bal_hi3,2025-09
264410,long,2025-09-25 06:25:00,2025-09-25 06:30:00,2025-09-25 06:40:00,3745.06,3741.8406768989585,SL,-3.3793231010416562,10,0.33238363379203184,ml_v3bal_hi3,2025-09
264414,long,2025-09-25 06:45:00,2025-09-25 06:50:00,2025-09-25 07:39:00,3742.666,3751.093135416667,TP,8.267135416666635,49,0.33739027828335016,ml_v3bal_hi3,2025-09
264450,short,2025-09-25 09:45:00,2025-09-25 09:50:00,2025-09-25 11:03:00,3758.861,3750.1644791666668,TP,8.536520833333329,73,0.2872051760737372,ml_v3bal_hi3,2025-09
264476,short,2025-09-25 11:55:00,2025-09-25 12:00:00,2025-09-25 12:34:00,3753.018,3744.0751875,TP,8.782812500000002,34,0.2824253563031951,ml_v3bal_hi3,2025-09
264680,long,2025-09-26 05:55:00,2025-09-26 06:00:00,2025-09-26 06:15:00,3742.061,3751.714104166667,TP,9.493104166666699,15,0.3360205757981959,ml_v3bal_hi3,2025-09
264693,short,2025-09-26 07:00:00,2025-09-26 07:05:00,2025-09-26 07:16:00,3740.887,3744.6127230427087,SL,-3.885723042708343,11,0.2856001118001024,ml_v3bal_hi3,2025-09
264698,short,2025-09-26 07:25:00,2025-09-26 07:30:00,2025-09-26 07:42:00,3745.246,3748.9697388413197,SL,-3.8837388413194582,12,0.28020912356348177,ml_v3bal_hi3,2025-09
264713,long,2025-09-26 08:40:00,2025-09-26 08:45:00,2025-09-26 09:16:00,3753.41,3749.7024046211804,SL,-3.8675953788194537,31,0.3317597992274173,ml_v3bal_hi3,2025-09
264729,long,2025-09-26 10:00:00,2025-09-26 10:05:00,2025-09-26 10:18:00,3754.485,3750.86936441875,SL,-3.77563558125001,13,0.3284067228803223,ml_v3bal_hi3,2025-09
264751,short,2025-09-26 11:50:00,2025-09-26 11:55:00,2025-09-26 12:31:00,3750.532,3754.103296617014,SL,-3.7312966170139,36,0.28137665808997736,ml_v3bal_hi3,2025-09
264762,long,2025-09-26 12:45:00,2025-09-26 12:50:00,2025-09-26 13:10:00,3754.021,3763.3434375,TP,9.162437500000035,20,0.33116870031957113,ml_v3bal_hi3,2025-09
264780,long,2025-09-26 14:15:00,2025-09-26 14:20:00,2025-09-26 14:47:00,3777.5,3773.965478571528,SL,-3.694521428472234,27,0.33541067060288754,ml_v3bal_hi3,2025-09
264788,long,2025-09-26 14:55:00,2025-09-26 15:00:00,2025-09-26 15:08:00,3778.835,3775.3528932354166,SL,-3.6421067645833447,8,0.3281421806956122,ml_v3bal_hi3,2025-09
264794,long,2025-09-26 15:25:00,2025-09-26 15:30:00,2025-09-26 15:39:00,3779.2,3775.776439081597,SL,-3.5835609184027906,9,0.34039624744553054,ml_v3bal_hi3,2025-09
264820,long,2025-09-26 17:35:00,2025-09-26 17:40:00,2025-09-26 18:03:00,3781.66,3778.3392921447917,SL,-3.4807078552083346,23,0.33506080467424226,ml_v3bal_hi3,2025-09
264875,short,2025-09-28 23:15:00,2025-09-28 23:20:00,2025-09-28 23:46:00,3768.601,3771.874368778472,SL,-3.433368778472227,26,0.2820609131177685,ml_v3bal_hi3,2025-09
264881,short,2025-09-28 23:45:00,2025-09-28 23:50:00,2025-09-29 00:10:00,3770.594,3773.8690434444443,SL,-3.4350434444444513,20,0.2875622852783137,ml_v3bal_hi3,2025-09
264886,short,2025-09-29 00:10:00,2025-09-29 00:15:00,2025-09-29 00:29:00,3774.092,3777.4038503802085,SL,-3.471850380208342,14,0.2834515942767586,ml_v3bal_hi3,2025-09
264889,long,2025-09-29 00:25:00,2025-09-29 00:30:00,2025-09-29 00:46:00,3777.395,3786.01715625,TP,8.462156250000023,16,0.33678987075884603,ml_v3bal_hi3,2025-09
264896,long,2025-09-29 01:00:00,2025-09-29 01:05:00,2025-09-29 01:06:00,3783.61,3780.2830101631944,SL,-3.4869898368055643,1,0.3428169895507457,ml_v3bal_hi3,2025-09
264902,short,2025-09-29 01:30:00,2025-09-29 01:35:00,2025-09-29 01:39:00,3771.245,3774.661532877083,SL,-3.5765328770833418,4,0.28079469694030634,ml_v3bal_hi3,2025-09
264903,short,2025-09-29 01:35:00,2025-09-29 01:40:00,2025-09-29 01:48:00,3772.686,3776.1163310135416,SL,-3.5903310135416744,8,0.282709436549071,ml_v3bal_hi3,2025-09
265011,short,2025-09-29 10:35:00,2025-09-29 10:40:00,2025-09-29 11:15:00,3817.368,3821.254693364583,SL,-4.046693364583354,35,0.2808825590510314,ml_v3bal_hi3,2025-09
265132,long,2025-09-29 20:40:00,2025-09-29 20:45:00,2025-09-29 22:22:00,3830.71,3826.814822190278,SL,-4.055177809722223,33,0.3582004333668295,ml_v3bal_hi3,2025-09
265140,long,2025-09-29 22:20:00,2025-09-29 22:25:00,2025-09-30 00:05:00,3828.684,3838.8664166666667,TP,10.022416666666663,100,0.3559748853378836,ml_v3bal_hi3,2025-09
265161,long,2025-09-30 00:05:00,2025-09-30 00:10:00,2025-09-30 01:01:00,3833.284,3843.333625,TP,9.889625,51,0.39227446061556737,ml_v3bal_hi3,2025-09
265172,long,2025-09-30 01:00:00,2025-09-30 01:05:00,2025-09-30 02:01:00,3840.77,3850.9463854166665,TP,10.016385416666662,56,0.3381686517488633,ml_v3bal_hi3,2025-09
265262,short,2025-09-30 08:30:00,2025-09-30 08:35:00,2025-09-30 08:47:00,3816.66,3820.464372817361,SL,-3.9643728173610997,12,0.2815726927248242,ml_v3bal_hi3,2025-09
265265,short,2025-09-30 08:45:00,2025-09-30 08:50:00,2025-09-30 09:11:00,3819.679,3809.5308333333332,TP,9.988166666666634,21,0.2808294008841513,ml_v3bal_hi3,2025-09
265270,short,2025-09-30 09:10:00,2025-09-30 09:15:00,2025-09-30 09:16:00,3799.511,3803.4657395670138,SL,-4.114739567013879,1,0.2797260312958925,ml_v3bal_hi3,2025-09
265274,short,2025-09-30 09:30:00,2025-09-30 09:35:00,2025-09-30 10:21:00,3803.272,3807.2681617552084,SL,-4.156161755208326,46,0.2845023019198898,ml_v3bal_hi3,2025-09
265287,short,2025-09-30 10:35:00,2025-09-30 10:40:00,2025-09-30 10:47:00,3808.461,3812.584190328125,SL,-4.2831903281249915,7,0.28068430411855727,ml_v3bal_hi3,2025-09
265289,short,2025-09-30 10:45:00,2025-09-30 10:50:00,2025-09-30 11:36:00,3813.107,3817.2330436097222,SL,-4.286043609722214,46,0.2821087086789913,ml_v3bal_hi3,2025-09
265499,long,2025-10-01 05:15:00,2025-10-01 05:20:00,2025-10-01 05:44:00,3867.157,3862.811587053125,SL,-4.50541294687501,24,0.38950069101429796,ml_v3bal_hi3,2025-10
265522,long,2025-10-01 07:10:00,2025-10-01 07:15:00,2025-10-01 07:52:00,3866.747,3878.2005833333333,TP,11.29358333333335,37,0.38679632708191597,ml_v3bal_hi3,2025-10
265749,long,2025-10-02 03:05:00,2025-10-02 03:10:00,2025-10-02 04:46:00,3867.081,3863.1635277034725,SL,-4.077472296527782,96,0.386323934225079,ml_v3bal_hi3,2025-10
265773,long,2025-10-02 05:05:00,2025-10-02 05:10:00,2025-10-02 06:56:00,3868.441,3864.687533853472,SL,-3.9134661465277785,106,0.38864118822154914,ml_v3bal_hi3,2025-10
265800,long,2025-10-02 07:20:00,2025-10-02 07:25:00,2025-10-02 07:27:00,3870.266,3866.540991269792,SL,-3.8850087302083227,2,0.38756367563460115,ml_v3bal_hi3,2025-10
265807,long,2025-10-02 07:55:00,2025-10-02 08:00:00,2025-10-02 08:05:00,3868.486,3864.751768701736,SL,-3.89423129826388,5,0.3877126415939995,ml_v3bal_hi3,2025-10
265962,long,2025-10-02 20:50:00,2025-10-02 20:55:00,2025-10-03 01:23:00,3855.315,3851.5579345121528,SL,-3.9170654878472058,204,0.38842628420855774,ml_v3bal_hi3,2025-10
266021,long,2025-10-03 02:45:00,2025-10-03 02:50:00,2025-10-03 03:11:00,3851.119,3847.3909117892363,SL,-3.8880882107638737,21,0.40094460904694884,ml_v3bal_hi3,2025-10
266026,long,2025-10-03 03:10:00,2025-10-03 03:15:00,2025-10-03 03:19:00,3847.565,3843.8405150989583,SL,-3.8844849010416516,4,0.416035803759561,ml_v3bal_hi3,2025-10
266027,long,2025-10-03 03:15:00,2025-10-03 03:20:00,2025-10-03 03:21:00,3844.405,3840.6906543680557,SL,-3.8743456319444287,1,0.4104238475198031,ml_v3bal_hi3,2025-10
266099,long,2025-10-03 09:15:00,2025-10-03 09:20:00,2025-10-03 11:34:00,3859.403,3855.60821484375,SL,-3.954785156249984,134,0.39660359315320615,ml_v3bal_hi3,2025-10
266163,short,2025-10-03 14:35:00,2025-10-03 14:40:00,2025-10-03 14:48:00,3874.371,3878.3613718555557,SL,-4.150371855555547,8,0.28775724699394023,ml_v3bal_hi3,2025-10
266165,short,2025-10-03 14:45:00,2025-10-03 14:50:00,2025-10-03 15:22:00,3880.406,3884.3775814684027,SL,-4.1315814684027705,32,0.2846660858143637,ml_v3bal_hi3,2025-10
266228,long,2025-10-03 20:00:00,2025-10-03 20:05:00,2025-10-03 20:32:00,3886.826,3883.4076853100696,SL,-3.5783146899305462,27,0.41696900185068464,ml_v3bal_hi3,2025-10
266512,long,2025-10-06 20:45:00,2025-10-06 20:50:00,2025-10-06 22:11:00,3960.503,3971.9299062500004,TP,11.26690625000005,17,0.38934452015370924,ml_v3bal_hi3,2025-10
266560,short,2025-10-07 01:45:00,2025-10-07 01:50:00,2025-10-07 02:19:00,3958.707,3963.0771718118053,SL,-4.530171811805578,29,0.28505287463288087,ml_v3bal_hi3,2025-10
266566,short,2025-10-07 02:15:00,2025-10-07 02:20:00,2025-10-07 03:15:00,3963.947,3968.3008021503474,SL,-4.513802150347247,55,0.28903708203981304,ml_v3bal_hi3,2025-10
266579,short,2025-10-07 03:20:00,2025-10-07 03:25:00,2025-10-07 03:36:00,3963.809,3968.0931884288198,SL,-4.444188428819464,11,0.28161739997634894,ml_v3bal_hi3,2025-10
266597,long,2025-10-07 04:50:00,2025-10-07 04:55:00,2025-10-07 05:05:00,3976.055,3971.8168291697916,SL,-4.39817083020835,10,0.388282344988521,ml_v3bal_hi3,2025-10
266602,short,2025-10-07 05:15:00,2025-10-07 05:20:00,2025-10-07 07:00:00,3964.807,3953.559458333333,TP,11.087541666666697,100,0.284461292463253,ml_v3bal_hi3,2025-10
266815,long,2025-10-08 00:00:00,2025-10-08 00:05:00,2025-10-08 00:30:00,3997.28,3993.1395193409726,SL,-4.300480659027762,25,0.3867432909470518,ml_v3bal_hi3,2025-10
266831,long,2025-10-08 01:20:00,2025-10-08 01:25:00,2025-10-08 01:59:00,3989.544,4000.44928125,TP,10.745281249999962,34,0.3984628132863949,ml_v3bal_hi3,2025-10
266842,long,2025-10-08 02:15:00,2025-10-08 02:20:00,2025-10-08 03:06:00,4003.129,4013.9932812499997,TP,10.704281249999962,46,0.3900099008462329,ml_v3bal_hi3,2025-10
267058,long,2025-10-08 20:15:00,2025-10-08 20:20:00,2025-10-08 20:37:00,4044.747,4040.6060074170136,SL,-4.300992582986098,17,0.3988142272913301,ml_v3bal_hi3,2025-10
267064,long,2025-10-08 20:45:00,2025-10-08 20:50:00,2025-10-08 20:55:00,4044.857,4040.7019037135415,SL,-4.315096286458321,5,0.4027730218070542,ml_v3bal_hi3,2025-10
267076,long,2025-10-08 22:45:00,2025-10-08 22:50:00,2025-10-08 23:01:00,4022.078,4017.736995948611,SL,-4.501004051388876,11,0.39994705773134065,ml_v3bal_hi3,2025-10
267340,long,2025-10-09 20:45:00,2025-10-09 20:50:00,2025-10-09 22:10:00,3976.596,3970.7945126111113,SL,-5.961487388888866,16,0.386237525899941,ml_v3bal_hi3,2025-10
267366,long,2025-10-09 23:55:00,2025-10-10 00:00:00,2025-10-10 01:09:00,3989.927,3984.117480563889,SL,-5.969519436111093,69,0.40395293567687823,ml_v3bal_hi3,2025-10
267391,long,2025-10-10 02:00:00,2025-10-10 02:05:00,2025-10-10 03:03:00,3979.95,3974.2387580586806,SL,-5.871241941319434,58,0.3891880276584676,ml_v3bal_hi3,2025-10
267428,long,2025-10-10 05:05:00,2025-10-10 05:10:00,2025-10-10 05:38:00,3971.291,3965.6857025076392,SL,-5.765297492361108,28,0.3873052380726951,ml_v3bal_hi3,2025-10
267444,long,2025-10-10 06:25:00,2025-10-10 06:30:00,2025-10-10 06:51:00,3971.812,3966.129767082986,SL,-5.842232917013888,21,0.3911787556530067,ml_v3bal_hi3,2025-10
267603,long,2025-10-10 19:40:00,2025-10-10 19:45:00,2025-10-10 19:59:00,4017.733,4011.715829920139,SL,-6.177170079861127,14,0.39228631313985096,ml_v3bal_hi3,2025-10
267607,long,2025-10-10 20:00:00,2025-10-10 20:05:00,2025-10-10 20:09:00,4012.676,4006.6024190746525,SL,-6.233580925347242,4,0.3971973196294359,ml_v3bal_hi3,2025-10
267903,long,2025-10-13 22:45:00,2025-10-13 22:50:00,2025-10-13 23:34:00,4111.629,4125.451458333333,TP,13.662458333333277,44,0.4254804336527709,ml_v3bal_hi3,2025-10
268194,long,2025-10-15 00:00:00,2025-10-15 00:05:00,2025-10-15 00:27:00,4166.548,4159.800659682639,SL,-6.90734031736113,22,0.3904238258158522,ml_v3bal_hi3,2025-10
268213,long,2025-10-15 01:35:00,2025-10-15 01:40:00,2025-10-15 02:31:00,4181.706,4174.836555897569,SL,-7.02944410243059,51,0.4190881662388918,ml_v3bal_hi3,2025-10
268272,long,2025-10-15 06:30:00,2025-10-15 06:35:00,2025-10-15 07:38:00,4189.197,4207.01678125,TP,17.659781250000048,63,0.3972975751697363,ml_v3bal_hi3,2025-10
268428,long,2025-10-15 19:30:00,2025-10-15 19:35:00,2025-10-15 22:11:00,4211.036,4205.27114096875,SL,-5.924859031249995,92,0.39008201613990134,ml_v3bal_hi3,2025-10
268450,long,2025-10-15 22:20:00,2025-10-15 22:25:00,2025-10-16 00:30:00,4210.123,4225.270635416667,TP,14.987635416666636,125,0.4069487396967486,ml_v3bal_hi3,2025-10
268483,long,2025-10-16 01:05:00,2025-10-16 01:10:00,2025-10-16 01:42:00,4216.237,4231.4784375,TP,15.081437499999971,32,0.386744985070382,ml_v3bal_hi3,2025-10
268569,long,2025-10-16 08:15:00,2025-10-16 08:20:00,2025-10-16 09:25:00,4233.184,4227.425815822223,SL,-5.918184177777762,65,0.3941562012566716,ml_v3bal_hi3,2025-10
268587,long,2025-10-16 09:45:00,2025-10-16 09:50:00,2025-10-16 10:58:00,4229.824,4244.8925104166665,TP,14.908510416666621,68,0.3961720240060491,ml_v3bal_hi3,2025-10
268715,long,2025-10-17 00:10:00,2025-10-17 00:15:00,2025-10-17 01:02:00,4356.762,4350.518857160763,SL,-6.403142839236074,47,0.3986394416574403,ml_v3bal_hi3,2025-10
268727,long,2025-10-17 01:10:00,2025-10-17 01:15:00,2025-10-17 01:16:00,4347.627,4341.122891025695,SL,-6.664108974305525,1,0.38787269861794066,ml_v3bal_hi3,2025-10
268881,short,2025-10-17 14:00:00,2025-10-17 14:05:00,2025-10-17 14:11:00,4238.53,4248.608389830208,SL,-10.238389830208325,6,0.28216187169861584,ml_v3bal_hi3,2025-10
268884,short,2025-10-17 14:15:00,2025-10-17 14:20:00,2025-10-17 14:31:00,4236.15,4246.510888518749,SL,-10.520888518749993,11,0.28391013973111323,ml_v3bal_hi3,2025-10
268887,short,2025-10-17 14:30:00,2025-10-17 14:35:00,2025-10-17 14:38:00,4236.448,4246.976339242361,SL,-10.688339242361103,3,0.2850682430779379,ml_v3bal_hi3,2025-10
268888,short,2025-10-17 14:35:00,2025-10-17 14:40:00,2025-10-17 15:20:00,4258.965,4231.064802083333,TP,27.740197916666634,40,0.2826214703078035,ml_v3bal_hi3,2025-10
269538,short,2025-10-21 23:50:00,2025-10-21 23:55:00,2025-10-22 00:02:00,4106.118,4080.4587604166672,TP,25.49923958333321,7,0.28649071914675706,ml_v3bal_hi3,2025-10
269670,short,2025-10-22 10:50:00,2025-10-22 10:55:00,2025-10-22 12:31:00,4034.627,4046.9175640534722,SL,-12.450564053472194,96,0.29183544110612963,ml_v3bal_hi3,2025-10
269693,short,2025-10-22 12:45:00,2025-10-22 12:50:00,2025-10-22 13:00:00,4040.755,4053.536431666667,SL,-12.941431666666631,10,0.2873097679748394,ml_v3bal_hi3,2025-10
269823,long,2025-10-23 00:35:00,2025-10-23 00:40:00,2025-10-23 06:00:00,4078.771,4110.576885416667,TP,31.64588541666662,320,0.39742299003827525,ml_v3bal_hi3,2025-10
269927,long,2025-10-23 09:15:00,2025-10-23 09:20:00,2025-10-23 09:44:00,4123.21,4112.977667889236,SL,-10.392332110763874,24,0.38817484367187527,ml_v3bal_hi3,2025-10
270105,long,2025-10-24 01:05:00,2025-10-24 01:10:00,2025-10-24 01:22:00,4140.367,4133.473150220486,SL,-7.053849779513898,12,0.38819064270779974,ml_v3bal_hi3,2025-10
270134,long,2025-10-24 03:30:00,2025-10-24 03:35:00,2025-10-24 04:20:00,4116.521,4109.801382944444,SL,-6.879617055555559,45,0.3942082259353198,ml_v3bal_hi3,2025-10
270468,short,2025-10-27 08:25:00,2025-10-27 08:30:00,2025-10-27 08:53:00,4058.567,4039.454239583333,TP,18.952760416666717,23,0.2826192558302473,ml_v3bal_hi3,2025-10
270482,short,2025-10-27 09:35:00,2025-10-27 09:40:00,2025-10-27 11:11:00,4045.459,4026.2016666666664,TP,19.097333333333395,91,0.28181008966880466,ml_v3bal_hi3,2025-10
270501,short,2025-10-27 11:10:00,2025-10-27 11:15:00,2025-10-27 12:03:00,4030.429,4037.789224410764,SL,-7.520224410763916,48,0.28328625093866655,ml_v3bal_hi3,2025-10
270602,long,2025-10-27 19:35:00,2025-10-27 19:40:00,2025-10-27 20:50:00,3991.779,3984.437391366667,SL,-7.501608633333354,70,0.39779895791778025,ml_v3bal_hi3,2025-10
270644,short,2025-10-28 00:05:00,2025-10-28 00:10:00,2025-10-28 00:34:00,3989.006,3996.0646853256944,SL,-7.218685325694448,24,0.2903663554267695,ml_v3bal_hi3,2025-10
270674,short,2025-10-28 02:35:00,2025-10-28 02:40:00,2025-10-28 04:24:00,3990.465,3972.14703125,TP,18.15796874999999,104,0.2851658685622948,ml_v3bal_hi3,2025-10
270695,short,2025-10-28 04:20:00,2025-10-28 04:25:00,2025-10-28 06:11:00,3973.771,3955.4027812500003,TP,18.208218749999975,106,0.2882695133285157,ml_v3bal_hi3,2025-10
270725,short,2025-10-28 06:50:00,2025-10-28 06:55:00,2025-10-28 07:32:00,3942.432,3923.39153125,TP,18.880468749999977,37,0.2819796446133007,ml_v3bal_hi3,2025-10
270733,short,2025-10-28 07:30:00,2025-10-28 07:35:00,2025-10-28 08:21:00,3933.388,3914.1015104166668,TP,19.126489583333317,46,0.2827513688196089,ml_v3bal_hi3,2025-10
270997,long,2025-10-29 06:30:00,2025-10-29 06:35:00,2025-10-29 07:12:00,3976.538,3995.06828125,TP,18.37028124999995,37,0.41744036587605504,ml_v3bal_hi3,2025-10
271009,long,2025-10-29 07:30:00,2025-10-29 07:35:00,2025-10-29 08:30:00,3993.397,4011.865677083333,TP,18.308677083333283,55,0.3907008913586021,ml_v3bal_hi3,2025-10
271194,long,2025-10-29 23:55:00,2025-10-30 00:00:00,2025-10-30 00:43:00,3952.798,3945.5979323885413,SL,-7.360067611458312,43,0.39219979212289663,ml_v3bal_hi3,2025-10
271205,long,2025-10-30 00:50:00,2025-10-30 00:55:00,2025-10-30 01:06:00,3946.947,3966.0807916666668,TP,18.973791666666617,11,0.4175309394920775,ml_v3bal_hi3,2025-10
271247,long,2025-10-30 04:20:00,2025-10-30 04:25:00,2025-10-30 04:35:00,3952.364,3971.90675,TP,19.382749999999927,10,0.39450722475566974,ml_v3bal_hi3,2025-10
271292,long,2025-10-30 08:05:00,2025-10-30 08:10:00,2025-10-30 09:02:00,3964.969,3985.5348229166666,TP,20.405822916666608,52,0.38617451891283405,ml_v3bal_hi3,2025-10
271372,short,2025-10-30 14:45:00,2025-10-30 14:50:00,2025-10-30 15:46:00,3999.293,4007.7786277229166,SL,-8.645627722916652,56,0.28292417077086485,ml_v3bal_hi3,2025-10
271454,long,2025-10-30 22:35:00,2025-10-30 22:40:00,2025-10-30 22:55:00,4023.074,4042.6011875,TP,19.367187499999964,15,0.40270728762611285,ml_v3bal_hi3,2025-10
271458,long,2025-10-30 22:55:00,2025-10-30 23:00:00,2025-10-30 23:05:00,4038.012,4030.5614626788197,SL,-7.610537321180539,5,0.3920953940972157,ml_v3bal_hi3,2025-10
271652,short,2025-10-31 15:05:00,2025-10-31 15:10:00,2025-10-31 15:17:00,4012.999,4019.229570939236,SL,-6.390570939236083,7,0.2845120037172304,ml_v3bal_hi3,2025-10
271663,short,2025-10-31 16:00:00,2025-10-31 16:05:00,2025-10-31 16:14:00,4005.692,3989.64615625,TP,15.885843749999932,9,0.2883132052673647,ml_v3bal_hi3,2025-10
271778,short,2025-11-03 03:35:00,2025-11-03 03:40:00,2025-11-03 05:32:00,4012.054,4018.4815902319447,SL,-6.587590231944425,112,0.26857649472986767,ml_v3bal_hi3,2025-11
271827,short,2025-11-03 07:40:00,2025-11-03 07:45:00,2025-11-03 09:27:00,4022.176,4006.0456875,TP,15.970312499999956,102,0.26877915439849775,ml_v3bal_hi3,2025-11
272016,long,2025-11-04 00:25:00,2025-11-04 00:30:00,2025-11-04 00:36:00,3993.144,3987.6802633715274,SL,-5.623736628472195,6,0.36218290235816397,ml_v3bal_hi3,2025-11
272098,long,2025-11-04 07:15:00,2025-11-04 07:20:00,2025-11-04 12:34:00,3990.675,3985.3761386017363,SL,-5.458861398263871,314,0.39594041997878315,ml_v3bal_hi3,2025-11
272174,short,2025-11-04 13:35:00,2025-11-04 13:40:00,2025-11-04 14:05:00,3978.649,3964.9296666666664,TP,13.559333333333278,25,0.26925779908448866,ml_v3bal_hi3,2025-11
272180,short,2025-11-04 14:05:00,2025-11-04 14:10:00,2025-11-04 14:13:00,3970.571,3975.8516861135417,SL,-5.440686113541644,3,0.2736343868789224,ml_v3bal_hi3,2025-11
272181,short,2025-11-04 14:10:00,2025-11-04 14:15:00,2025-11-04 14:29:00,3975.664,3961.7683020833338,TP,13.735697916666606,14,0.2715328016099481,ml_v3bal_hi3,2025-11
272184,short,2025-11-04 14:25:00,2025-11-04 14:30:00,2025-11-04 14:34:00,3951.258,3937.16996875,TP,13.928031249999947,4,0.27608447379214085,ml_v3bal_hi3,2025-11
272185,short,2025-11-04 14:30:00,2025-11-04 14:35:00,2025-11-04 14:50:00,3938.551,3943.98670383125,SL,-5.59570383124998,15,0.26997902101618565,ml_v3bal_hi3,2025-11
272189,short,2025-11-04 14:50:00,2025-11-04 14:55:00,2025-11-04 14:56:00,3947.502,3953.0381956947917,SL,-5.696195694791649,1,0.2710284980792393,ml_v3bal_hi3,2025-11
272190,short,2025-11-04 14:55:00,2025-11-04 15:00:00,2025-11-04 15:20:00,3956.958,3942.3304583333334,TP,14.467541666666616,20,0.2694383020362967,ml_v3bal_hi3,2025-11
272216,long,2025-11-04 17:05:00,2025-11-04 17:10:00,2025-11-04 17:50:00,3963.762,3958.322708732639,SL,-5.599291267361107,40,0.36402397087403626,ml_v3bal_hi3,2025-11
272227,long,2025-11-04 18:00:00,2025-11-04 18:05:00,2025-11-04 18:14:00,3955.23,3949.8230750256944,SL,-5.566924974305548,9,0.3621447786531826,ml_v3bal_hi3,2025-11
272230,long,2025-11-04 18:15:00,2025-11-04 18:20:00,2025-11-04 18:32:00,3949.327,3943.9252260125004,SL,-5.561773987499989,12,0.3615354567232394,ml_v3bal_hi3,2025-11
272233,long,2025-11-04 18:30:00,2025-11-04 18:35:00,2025-11-04 18:36:00,3943.599,3938.157982477431,SL,-5.601017522569437,1,0.35627535868097904,ml_v3bal_hi3,2025-11
272242,long,2025-11-04 19:15:00,2025-11-04 19:20:00,2025-11-04 19:43:00,3942.214,3936.6552161565974,SL,-5.718783843402773,23,0.35819205431382983,ml_v3bal_hi3,2025-11
272313,long,2025-11-05 02:10:00,2025-11-05 02:15:00,2025-11-05 02:23:00,3942.031,3936.4469652097223,SL,-5.744034790277788,8,0.366450902055492,ml_v3bal_hi3,2025-11
272317,long,2025-11-05 02:30:00,2025-11-05 02:35:00,2025-11-05 03:37:00,3942.936,3957.51421875,TP,14.41821875000003,62,0.35801514405463036,ml_v3bal_hi3,2025-11
272395,short,2025-11-05 09:00:00,2025-11-05 09:05:00,2025-11-05 09:28:00,3979.355,3965.503375,TP,13.691625000000037,23,0.27224992177106183,ml_v3bal_hi3,2025-11
272403,short,2025-11-05 09:40:00,2025-11-05 09:45:00,2025-11-05 13:24:00,3969.761,3975.011192906597,SL,-5.410192906597232,219,0.26930080130695755,ml_v3bal_hi3,2025-11
272447,short,2025-11-05 13:20:00,2025-11-05 13:25:00,2025-11-05 14:18:00,3975.521,3980.873351499306,SL,-5.512351499305564,53,0.2699511638155742,ml_v3bal_hi3,2025-11
272461,long,2025-11-05 14:30:00,2025-11-05 14:35:00,2025-11-05 14:41:00,3984.008,3978.698439787847,SL,-5.469560212152785,6,0.3769888059996189,ml_v3bal_hi3,2025-11
272463,short,2025-11-05 14:40:00,2025-11-05 14:45:00,2025-11-05 15:31:00,3976.379,3981.690449171875,SL,-5.471449171875006,46,0.27068634813736153,ml_v3bal_hi3,2025-11
272473,long,2025-11-05 15:30:00,2025-11-05 15:35:00,2025-11-05 16:14:00,3981.666,3976.444415309028,SL,-5.38158469097223,39,0.3824279366769568,ml_v3bal_hi3,2025-11
272484,long,2025-11-05 16:25:00,2025-11-05 16:30:00,2025-11-05 23:00:00,3981.26,3976.2321765430556,SL,-5.18782345694445,328,0.36549645690403076,ml_v3bal_hi3,2025-11
272593,long,2025-11-06 02:30:00,2025-11-06 02:35:00,2025-11-06 07:00:00,3983.603,3994.9813333333336,TP,11.218333333333383,265,0.39065265069071126,ml_v3bal_hi3,2025-11
272648,long,2025-11-06 07:05:00,2025-11-06 07:10:00,2025-11-06 07:20:00,3997.137,4007.8290520833334,TP,10.53205208333337,10,0.3715649624172933,ml_v3bal_hi3,2025-11
272801,long,2025-11-06 19:50:00,2025-11-06 19:55:00,2025-11-06 20:51:00,3985.429,3981.4577717194447,SL,-4.131228280555568,56,0.35833066865314156,ml_v3bal_hi3,2025-11
272813,long,2025-11-06 20:50:00,2025-11-06 20:55:00,2025-11-06 21:06:00,3982.419,3978.4330846607636,SL,-4.14591533923612,11,0.38570693344579365,ml_v3bal_hi3,2025-11
272817,long,2025-11-06 21:10:00,2025-11-06 21:15:00,2025-11-06 21:50:00,3981.25,3977.2627036565973,SL,-4.147296343402787,35,0.3778899359976497,ml_v3bal_hi3,2025-11
272825,long,2025-11-06 21:50:00,2025-11-06 21:55:00,2025-11-06 23:40:00,3977.313,3987.7145520833333,TP,10.241552083333357,43,0.3819455271248261,ml_v3bal_hi3,2025-11
272835,long,2025-11-06 23:40:00,2025-11-06 23:45:00,2025-11-07 01:10:00,3985.944,3996.4574166666666,TP,10.353416666666694,85,0.39255074591750416,ml_v3bal_hi3,2025-11
272870,long,2025-11-07 02:35:00,2025-11-07 02:40:00,2025-11-07 02:43:00,3998.453,3994.5169754204862,SL,-4.0960245795138865,3,0.3608222885936194,ml_v3bal_hi3,2025-11
272871,long,2025-11-07 02:40:00,2025-11-07 02:45:00,2025-11-07 03:10:00,3992.934,3988.982978826389,SL,-4.111021173611109,25,0.37870437696555365,ml_v3bal_hi3,2025-11
272877,long,2025-11-07 03:10:00,2025-11-07 03:15:00,2025-11-07 04:02:00,3990.991,3987.035831845486,SL,-4.115168154513887,47,0.37993641397102473,ml_v3bal_hi3,2025-11
272887,long,2025-11-07 04:00:00,2025-11-07 04:05:00,2025-11-07 06:32:00,3990.266,4000.62171875,TP,10.195718749999994,147,0.3874377026525432,ml_v3bal_hi3,2025-11
272947,short,2025-11-07 09:00:00,2025-11-07 09:05:00,2025-11-07 11:27:00,4010.461,4000.071270833333,TP,10.229729166666655,142,0.26965595570783873,ml_v3bal_hi3,2025-11
272981,short,2025-11-07 11:50:00,2025-11-07 11:55:00,2025-11-07 12:04:00,4003.484,4007.563867275,SL,-4.2398672749999955,9,0.2717909143278776,ml_v3bal_hi3,2025-11
272983,short,2025-11-07 12:00:00,2025-11-07 12:05:00,2025-11-07 12:33:00,4006.428,3995.6766562499997,TP,10.59134374999999,28,0.27674094111270053,ml_v3bal_hi3,2025-11
273007,short,2025-11-07 14:00:00,2025-11-07 14:05:00,2025-11-07 14:11:00,3997.282,4001.4525571836807,SL,-4.33055718368055,6,0.2693210442865971,ml_v3bal_hi3,2025-11
273009,short,2025-11-07 14:10:00,2025-11-07 14:15:00,2025-11-07 14:22:00,4002.915,4007.083457898611,SL,-4.328457898611103,7,0.27314179318790377,ml_v3bal_hi3,2025-11
273014,short,2025-11-07 14:35:00,2025-11-07 14:40:00,2025-11-07 14:42:00,3986.416,3990.654627196528,SL,-4.398627196527768,2,0.2700775776898279,ml_v3bal_hi3,2025-11
273098,long,2025-11-07 21:35:00,2025-11-07 21:40:00,2025-11-09 23:02:00,3999.414,4010.3549270833337,TP,10.780927083333316,19,0.3617669168434692,ml_v3bal_hi3,2025-11
273124,long,2025-11-10 00:45:00,2025-11-10 00:50:00,2025-11-10 00:53:00,4022.457,4018.148834481597,SL,-4.468165518402764,3,0.35933293216742723,ml_v3bal_hi3,2025-11
273127,long,2025-11-10 01:00:00,2025-11-10 01:05:00,2025-11-10 01:19:00,4021.004,4032.3889062499998,TP,11.224906249999957,14,0.3749824121370899,ml_v3bal_hi3,2025-11
273241,short,2025-11-10 10:30:00,2025-11-10 10:35:00,2025-11-10 10:41:00,4078.688,4083.349920847222,SL,-4.8219208472222155,6,0.2704507988783621,ml_v3bal_hi3,2025-11
273243,short,2025-11-10 10:40:00,2025-11-10 10:45:00,2025-11-10 11:39:00,4078.215,4082.8970962069448,SL,-4.8420962069444355,54,0.2726494652125143,ml_v3bal_hi3,2025-11
273254,short,2025-11-10 11:35:00,2025-11-10 11:40:00,2025-11-10 12:01:00,4082.828,4087.4942225958334,SL,-4.8262225958333245,21,0.2712163382806211,ml_v3bal_hi3,2025-11
273259,short,2025-11-10 12:00:00,2025-11-10 12:05:00,2025-11-10 12:14:00,4085.323,4089.9936870489582,SL,-4.830687048958325,9,0.2713608646430402,ml_v3bal_hi3,2025-11
273261,short,2025-11-10 12:10:00,2025-11-10 12:15:00,2025-11-10 12:20:00,4089.812,4094.4659007052082,SL,-4.813900705208325,5,0.27095298430999426,ml_v3bal_hi3,2025-11
273263,short,2025-11-10 12:20:00,2025-11-10 12:25:00,2025-11-10 12:53:00,4094.905,4099.544420003473,SL,-4.7994200034722105,28,0.2693585004576078,ml_v3bal_hi3,2025-11
273269,short,2025-11-10 12:50:00,2025-11-10 12:55:00,2025-11-10 13:03:00,4099.839,4104.449716546181,SL,-4.770716546180542,8,0.2687676843174329,ml_v3bal_hi3,2025-11
273275,short,2025-11-10 13:20:00,2025-11-10 13:25:00,2025-11-10 13:52:00,4103.277,4091.0854270833333,TP,12.03157291666663,27,0.269880143529731,ml_v3bal_hi3,2025-11
273281,short,2025-11-10 13:50:00,2025-11-10 13:55:00,2025-11-10 14:33:00,4091.752,4079.5221458333335,TP,12.06985416666664,38,0.27122686577494737,ml_v3bal_hi3,2025-11
273291,short,2025-11-10 14:40:00,2025-11-10 14:45:00,2025-11-10 14:55:00,4081.297,4086.0194628,SL,-4.882462799999992,10,0.2690061818859202,ml_v3bal_hi3,2025-11
273382,short,2025-11-10 23:15:00,2025-11-10 23:20:00,2025-11-10 23:49:00,4117.506,4121.719864363195,SL,-4.373864363194438,29,0.2698808122516785,ml_v3bal_hi3,2025-11
273388,short,2025-11-10 23:45:00,2025-11-10 23:50:00,2025-11-11 00:30:00,4122.388,4126.625202539931,SL,-4.397202539930547,40,0.2697311209651515,ml_v3bal_hi3,2025-11
273397,short,2025-11-11 00:30:00,2025-11-11 00:35:00,2025-11-11 00:50:00,4127.107,4131.302962898264,SL,-4.3559628982638845,15,0.27095777989801106,ml_v3bal_hi3,2025-11
273401,short,2025-11-11 00:50:00,2025-11-11 00:55:00,2025-11-11 01:28:00,4132.521,4136.717923251736,SL,-4.356923251736112,33,0.27054144145425496,ml_v3bal_hi3,2025-11
273408,short,2025-11-11 01:25:00,2025-11-11 01:30:00,2025-11-11 03:10:00,4137.292,4141.530889111112,SL,-4.398889111111106,100,0.27069264353688893,ml_v3bal_hi3,2025-11
273429,short,2025-11-11 03:10:00,2025-11-11 03:15:00,2025-11-11 03:32:00,4143.128,4147.226030654514,SL,-4.258030654513882,17,0.27093819977220235,ml_v3bal_hi3,2025-11
273433,short,2025-11-11 03:30:00,2025-11-11 03:35:00,2025-11-11 05:07:00,4147.704,4137.008229166667,TP,10.535770833333322,92,0.2711827278273934,ml_v3bal_hi3,2025-11
273453,short,2025-11-11 05:10:00,2025-11-11 05:15:00,2025-11-11 05:35:00,4140.555,4129.887583333334,TP,10.507416666666654,20,0.26855574293122364,ml_v3bal_hi3,2025-11
273459,short,2025-11-11 05:40:00,2025-11-11 05:45:00,2025-11-11 05:48:00,4129.854,4133.966848670487,SL,-4.2728486704861,3,0.268771470881322,ml_v3bal_hi3,2025-11
273460,short,2025-11-11 05:45:00,2025-11-11 05:50:00,2025-11-11 06:20:00,4132.756,4136.8779244076395,SL,-4.281924407638881,30,0.2694484455355197,ml_v3bal_hi3,2025-11
273467,short,2025-11-11 06:20:00,2025-11-11 06:25:00,2025-11-11 07:51:00,4136.811,4125.892770833333,TP,10.75822916666664,86,0.2705718440779239,ml_v3bal_hi3,2025-11
273493,long,2025-11-11 08:30:00,2025-11-11 08:35:00,2025-11-11 09:09:00,4131.718,4142.66134375,TP,10.783343749999931,34,0.3781526023359632,ml_v3bal_hi3,2025-11
273500,long,2025-11-11 09:05:00,2025-11-11 09:10:00,2025-11-11 10:03:00,4142.706,4138.538081804167,SL,-4.327918195833307,53,0.37414702723671744,ml_v3bal_hi3,2025-11
273513,long,2025-11-11 10:10:00,2025-11-11 10:15:00,2025-11-11 10:31:00,4141.347,4137.257429980208,SL,-4.249570019791647,16,0.3550958339003303,ml_v3bal_hi3,2025-11
273518,short,2025-11-11 10:35:00,2025-11-11 10:40:00,2025-11-11 10:50:00,4137.77,4141.832307092709,SL,-4.22230709270831,10,0.26855733889741085,ml_v3bal_hi3,2025-11
273537,short,2025-11-11 12:10:00,2025-11-11 12:15:00,2025-11-11 13:23:00,4139.015,4143.028352876042,SL,-4.173352876041642,65,0.2686903908735597,ml_v3bal_hi3,2025-11
273766,short,2025-11-12 08:15:00,2025-11-12 08:20:00,2025-11-12 08:22:00,4122.074,4126.212682972569,SL,-4.298682972569408,2,0.2688674666913551,ml_v3bal_hi3,2025-11
273778,short,2025-11-12 09:15:00,2025-11-12 09:20:00,2025-11-12 12:17:00,4128.176,4132.300888804514,SL,-4.284888804513857,177,0.2712662368573254,ml_v3bal_hi3,2025-11
273814,short,2025-11-12 12:15:00,2025-11-12 12:20:00,2025-11-12 12:26:00,4131.167,4135.366248735764,SL,-4.35924873576385,6,0.2783086822340666,ml_v3bal_hi3,2025-11
273816,short,2025-11-12 12:25:00,2025-11-12 12:30:00,2025-11-12 13:10:00,4136.455,4125.417208333333,TP,10.877791666666578,40,0.27495068329815586,ml_v3bal_hi3,2025-11
273825,short,2025-11-12 13:10:00,2025-11-12 13:15:00,2025-11-12 13:24:00,4125.685,4129.9227303375,SL,-4.397730337499962,9,0.27547374651121437,ml_v3bal_hi3,2025-11
273827,short,2025-11-12 13:20:00,2025-11-12 13:25:00,2025-11-12 14:04:00,4129.155,4133.410949274653,SL,-4.415949274652741,39,0.27575397959211834,ml_v3bal_hi3,2025-11
273835,short,2025-11-12 14:00:00,2025-11-12 14:05:00,2025-11-12 14:11:00,4133.392,4137.701764784722,SL,-4.469764784722181,6,0.2752155019881438,ml_v3bal_hi3,2025-11
273837,short,2025-11-12 14:10:00,2025-11-12 14:15:00,2025-11-12 14:51:00,4134.915,4139.236368394444,SL,-4.481368394444403,36,0.2705151949651494,ml_v3bal_hi3,2025-11
273845,short,2025-11-12 14:50:00,2025-11-12 14:55:00,2025-11-12 15:07:00,4139.17,4143.555077132639,SL,-4.545077132638844,12,0.26902053399160053,ml_v3bal_hi3,2025-11
273914,long,2025-11-12 20:35:00,2025-11-12 20:40:00,2025-11-12 23:08:00,4193.499,4206.107552083333,TP,12.448552083333233,86,0.357601896152679,ml_v3bal_hi3,2025-11
273934,long,2025-11-12 23:15:00,2025-11-12 23:20:00,2025-11-12 23:37:00,4197.051,4192.152971092709,SL,-5.058028907291632,17,0.35478262510616954,ml_v3bal_hi3,2025-11
273938,long,2025-11-12 23:35:00,2025-11-12 23:40:00,2025-11-13 00:36:00,4189.077,4201.999697916667,TP,12.762697916666568,56,0.38178670860943886,ml_v3bal_hi3,2025-11
274075,short,2025-11-13 11:00:00,2025-11-13 11:05:00,2025-11-13 12:08:00,4227.904,4233.404607058681,SL,-5.660607058680525,63,0.26880500567995885,ml_v3bal_hi3,2025-11
274089,short,2025-11-13 12:10:00,2025-11-13 12:15:00,2025-11-13 12:56:00,4234.503,4240.037461502778,SL,-5.694461502777751,41,0.2690293891828697,ml_v3bal_hi3,2025-11
274103,short,2025-11-13 13:20:00,2025-11-13 13:25:00,2025-11-13 13:35:00,4236.526,4221.722958333333,TP,14.643041666666576,10,0.2690993782952065,ml_v3bal_hi3,2025-11
274177,long,2025-11-13 19:35:00,2025-11-13 19:40:00,2025-11-13 20:04:00,4168.172,4161.997724822569,SL,-6.334275177430518,24,0.36163617817369265,ml_v3bal_hi3,2025-11
274189,long,2025-11-13 20:35:00,2025-11-13 20:40:00,2025-11-13 20:53:00,4167.377,4161.215880077778,SL,-6.321119922222193,13,0.3586879132784073,ml_v3bal_hi3,2025-11
274192,long,2025-11-13 20:50:00,2025-11-13 20:55:00,2025-11-13 21:09:00,4162.683,4178.87915625,TP,16.036156249999916,14,0.3691903190876646,ml_v3bal_hi3,2025-11
274195,long,2025-11-13 21:05:00,2025-11-13 21:10:00,2025-11-13 21:28:00,4180.13,4173.914243108334,SL,-6.375756891666634,18,0.39157557332715437,ml_v3bal_hi3,2025-11
274199,long,2025-11-13 21:25:00,2025-11-13 21:30:00,2025-11-14 01:54:00,4174.12,4190.40475,TP,16.1247499999999,202,0.39148702059342483,ml_v3bal_hi3,2025-11
274240,long,2025-11-14 01:50:00,2025-11-14 01:55:00,2025-11-14 02:50:00,4191.517,4208.2865,TP,16.609499999999937,55,0.3651559589055424,ml_v3bal_hi3,2025-11
274271,long,2025-11-14 04:25:00,2025-11-14 04:30:00,2025-11-14 05:13:00,4197.764,4191.655382046528,SL,-6.268617953472192,43,0.3800861587172759,ml_v3bal_hi3,2025-11
274280,long,2025-11-14 05:10:00,2025-11-14 05:15:00,2025-11-14 06:18:00,4189.608,4183.5069259802085,SL,-6.261074019791637,63,0.35482442891562554,ml_v3bal_hi3,2025-11
274293,long,2025-11-14 06:15:00,2025-11-14 06:20:00,2025-11-14 06:26:00,4183.829,4177.695448571875,SL,-6.29355142812497,6,0.35933564558453424,ml_v3bal_hi3,2025-11
274297,long,2025-11-14 06:35:00,2025-11-14 06:40:00,2025-11-14 06:46:00,4182.686,4176.5306263249995,SL,-6.31537367499997,6,0.3669270250273998,ml_v3bal_hi3,2025-11
274310,long,2025-11-14 07:40:00,2025-11-14 07:45:00,2025-11-14 09:31:00,4173.952,4167.714591502778,SL,-6.397408497222202,106,0.3866554228130792,ml_v3bal_hi3,2025-11
274336,long,2025-11-14 09:50:00,2025-11-14 09:55:00,2025-11-14 10:05:00,4170.871,4164.4561840565975,SL,-6.574815943402756,10,0.3659048028610969,ml_v3bal_hi3,2025-11
274344,short,2025-11-14 10:30:00,2025-11-14 10:35:00,2025-11-14 10:39:00,4161.684,4168.067747318056,SL,-6.543747318055528,4,0.2732499997550001,ml_v3bal_hi3,2025-11
274351,short,2025-11-14 11:05:00,2025-11-14 11:10:00,2025-11-14 11:17:00,4159.998,4143.159208333333,TP,16.678791666666623,7,0.28025913325655294,ml_v3bal_hi3,2025-11
274353,short,2025-11-14 11:15:00,2025-11-14 11:20:00,2025-11-14 11:35:00,4148.643,4155.113195004166,SL,-6.630195004166652,15,0.2696824016439232,ml_v3bal_hi3,2025-11
274357,short,2025-11-14 11:35:00,2025-11-14 11:40:00,2025-11-14 11:54:00,4155.447,4138.441697916667,TP,16.845302083333284,14,0.27879158981811103,ml_v3bal_hi3,2025-11
274360,short,2025-11-14 11:50:00,2025-11-14 11:55:00,2025-11-14 12:17:00,4137.881,4120.70253125,TP,17.01846874999994,22,0.2763955386745247,ml_v3bal_hi3,2025-11
274365,short,2025-11-14 12:15:00,2025-11-14 12:20:00,2025-11-14 13:11:00,4118.634,4101.246145833334,TP,17.227854166666614,51,0.27080514453523485,ml_v3bal_hi3,2025-11
274376,short,2025-11-14 13:10:00,2025-11-14 13:15:00,2025-11-14 13:23:00,4086.049,4068.027125,TP,17.861874999999948,8,0.2708767893182549,ml_v3bal_hi3,2025-11
274378,short,2025-11-14 13:20:00,2025-11-14 13:25:00,2025-11-14 13:35:00,4071.163,4052.8320625,TP,18.170937499999944,10,0.2708767893182549,ml_v3bal_hi3,2025-11
274381,short,2025-11-14 13:35:00,2025-11-14 13:40:00,2025-11-14 14:32:00,4055.887,4037.1955000000003,TP,18.531499999999944,52,0.27085757003067606,ml_v3bal_hi3,2025-11
274449,long,2025-11-14 19:15:00,2025-11-14 19:20:00,2025-11-14 20:02:00,4094.003,4086.3627293736113,SL,-7.800270626388876,42,0.36202268249910874,ml_v3bal_hi3,2025-11
274459,long,2025-11-14 20:05:00,2025-11-14 20:10:00,2025-11-14 20:21:00,4087.432,4080.0624458743055,SL,-7.529554125694431,11,0.37483560147859846,ml_v3bal_hi3,2025-11
274462,long,2025-11-14 20:20:00,2025-11-14 20:25:00,2025-11-16 23:07:00,4078.75,4098.059260416667,TP,19.14926041666662,99,0.3955276093882106,ml_v3bal_hi3,2025-11
274485,short,2025-11-16 23:15:00,2025-11-16 23:20:00,2025-11-16 23:23:00,4097.554,4105.022653079861,SL,-7.628653079861096,3,0.269157640985342,ml_v3bal_hi3,2025-11
274487,short,2025-11-16 23:25:00,2025-11-16 23:30:00,2025-11-17 00:16:00,4103.81,4084.131885416667,TP,19.518114583333286,46,0.27057814850918804,ml_v3bal_hi3,2025-11
274497,long,2025-11-17 00:15:00,2025-11-17 00:20:00,2025-11-17 03:00:00,4087.57,4079.9964302875,SL,-7.733569712499977,160,0.3722773317164152,ml_v3bal_hi3,2025-11
274530,long,2025-11-17 03:00:00,2025-11-17 03:05:00,2025-11-17 05:14:00,4079.806,4072.1899604409723,SL,-7.776039559027759,129,0.37182777332288874,ml_v3bal_hi3,2025-11
274556,long,2025-11-17 05:10:00,2025-11-17 05:15:00,2025-11-17 05:25:00,4072.508,4064.8670983975694,SL,-7.800901602430526,10,0.44614052595785914,ml_v3bal_hi3,2025-11
274560,short,2025-11-17 05:30:00,2025-11-17 05:35:00,2025-11-17 06:00:00,4053.244,4060.9539041899307,SL,-7.869904189930532,25,0.2759820127092317,ml_v3bal_hi3,2025-11
274569,long,2025-11-17 06:15:00,2025-11-17 06:20:00,2025-11-17 07:45:00,4063.383,4083.803145833333,TP,20.260145833333283,85,0.37884054000840206,ml_v3bal_hi3,2025-11
274589,long,2025-11-17 07:55:00,2025-11-17 08:00:00,2025-11-17 08:25:00,4088.13,4080.4294215565974,SL,-7.860578443402751,25,0.3653972428546691,ml_v3bal_hi3,2025-11
274604,long,2025-11-17 09:10:00,2025-11-17 09:15:00,2025-11-17 10:51:00,4082.181,4074.5235461895836,SL,-7.817453810416638,96,0.364163416966109,ml_v3bal_hi3,2025-11
274667,short,2025-11-17 14:25:00,2025-11-17 14:30:00,2025-11-17 14:34:00,4066.502,4073.6980079354166,SL,-7.356007935416628,4,0.27057056710830363,ml_v3bal_hi3,2025-11
274668,short,2025-11-17 14:30:00,2025-11-17 14:35:00,2025-11-17 16:05:00,4074.86,4055.977854166667,TP,18.72214583333323,90,0.2751629263628174,ml_v3bal_hi3,2025-11
274688,short,2025-11-17 16:10:00,2025-11-17 16:15:00,2025-11-17 16:29:00,4061.457,4068.227392769097,SL,-6.93039276909718,14,0.2693790467939483,ml_v3bal_hi3,2025-11
274691,short,2025-11-17 16:25:00,2025-11-17 16:30:00,2025-11-17 17:13:00,4068.954,4075.6900541798614,SL,-6.896054179861072,43,0.27144163830759155,ml_v3bal_hi3,2025-11
274754,long,2025-11-17 21:40:00,2025-11-17 21:45:00,2025-11-17 23:43:00,4043.539,4037.1995321201393,SL,-6.499467879861083,56,0.3568761731767878,ml_v3bal_hi3,2025-11
274777,long,2025-11-18 00:35:00,2025-11-18 00:40:00,2025-11-18 00:52:00,4039.136,4032.8469982982638,SL,-6.449001701736087,12,0.35865217363292357,ml_v3bal_hi3,2025-11
274853,short,2025-11-18 06:55:00,2025-11-18 07:00:00,2025-11-18 07:41:00,4009.004,4015.3118397097223,SL,-6.4678397097222025,41,0.26994634181977717,ml_v3bal_hi3,2025-11
274869,long,2025-11-18 08:15:00,2025-11-18 08:20:00,2025-11-18 08:38:00,4024.937,4041.5436666666665,TP,16.446666666666633,18,0.36761550060822334,ml_v3bal_hi3,2025-11
274874,long,2025-11-18 08:40:00,2025-11-18 08:45:00,2025-11-18 09:10:00,4037.137,4030.741315726389,SL,-6.555684273611101,25,0.35924806359593486,ml_v3bal_hi3,2025-11
274880,long,2025-11-18 09:10:00,2025-11-18 09:15:00,2025-11-18 10:46:00,4033.304,4050.1445625,TP,16.680562499999983,91,0.37036898778691685,ml_v3bal_hi3,2025-11
274948,short,2025-11-18 14:50:00,2025-11-18 14:55:00,2025-11-18 14:56:00,4061.652,4068.1333581211807,SL,-6.6413581211805655,1,0.27608663369867553,ml_v3bal_hi3,2025-11
274949,short,2025-11-18 14:55:00,2025-11-18 15:00:00,2025-11-18 15:31:00,4065.782,4072.3008833378476,SL,-6.678883337847232,31,0.2741432987615799,ml_v3bal_hi3,2025-11
275046,long,2025-11-19 00:00:00,2025-11-19 00:05:00,2025-11-19 01:01:00,4073.549,4067.404543401042,SL,-6.304456598958343,56,0.46589803479109615,ml_v3bal_hi3,2025-11
275076,long,2025-11-19 02:30:00,2025-11-19 02:35:00,2025-11-19 05:16:00,4070.271,4085.8106875000003,TP,15.379687500000017,161,0.36197957323678287,ml_v3bal_hi3,2025-11
275109,long,2025-11-19 05:15:00,2025-11-19 05:20:00,2025-11-19 08:11:00,4086.775,4081.084663604514,SL,-5.850336395486121,171,0.3819982494530183,ml_v3bal_hi3,2025-11
275154,short,2025-11-19 09:00:00,2025-11-19 09:05:00,2025-11-19 09:11:00,4083.541,4089.0465596253475,SL,-5.665559625347228,6,0.269491931037823,ml_v3bal_hi3,2025-11
275204,short,2025-11-19 13:10:00,2025-11-19 13:15:00,2025-11-19 13:21:00,4103.11,4108.516321777083,SL,-5.566321777083314,6,0.27177113958484395,ml_v3bal_hi3,2025-11
275215,long,2025-11-19 14:05:00,2025-11-19 14:10:00,2025-11-19 14:28:00,4111.646,4106.255738348958,SL,-5.550261651041633,18,0.3636904169547207,ml_v3bal_hi3,2025-11
275219,short,2025-11-19 14:25:00,2025-11-19 14:30:00,2025-11-19 14:33:00,4106.915,4112.306170415278,SL,-5.551170415277743,3,0.26892050785544763,ml_v3bal_hi3,2025-11
275284,long,2025-11-19 20:10:00,2025-11-19 20:15:00,2025-11-19 21:15:00,4075.603,4070.086289162847,SL,-5.6767108371527515,60,0.393388080713042,ml_v3bal_hi3,2025-11
275298,long,2025-11-19 21:20:00,2025-11-19 21:25:00,2025-11-19 23:17:00,4076.135,4090.7187916666667,TP,14.423791666666595,50,0.3604227327910462,ml_v3bal_hi3,2025-11
275309,long,2025-11-19 23:15:00,2025-11-19 23:20:00,2025-11-19 23:50:00,4090.104,4104.8029375,TP,14.538937499999928,30,0.36146849424314453,ml_v3bal_hi3,2025-11
275326,long,2025-11-20 00:40:00,2025-11-20 00:45:00,2025-11-20 01:12:00,4105.015,4099.283733498264,SL,-5.891266501736083,27,0.3584694315743866,ml_v3bal_hi3,2025-11
275333,long,2025-11-20 01:15:00,2025-11-20 01:20:00,2025-11-20 01:31:00,4098.137,4092.373549751736,SL,-5.92345024826386,11,0.3550452197015548,ml_v3bal_hi3,2025-11
275336,long,2025-11-20 01:30:00,2025-11-20 01:35:00,2025-11-20 01:55:00,4091.645,4085.856941686111,SL,-5.9480583138888585,20,0.3963305867328899,ml_v3bal_hi3,2025-11
275341,long,2025-11-20 01:55:00,2025-11-20 02:00:00,2025-11-20 02:01:00,4081.343,4075.509193938889,SL,-5.99380606111108,1,0.3625173979835691,ml_v3bal_hi3,2025-11
275351,long,2025-11-20 02:45:00,2025-11-20 02:50:00,2025-11-20 03:07:00,4065.781,4081.6374375,TP,15.696437499999904,17,0.3714130713918895,ml_v3bal_hi3,2025-11
275355,long,2025-11-20 03:05:00,2025-11-20 03:10:00,2025-11-20 03:15:00,4083.109,4077.0359389354167,SL,-6.233061064583293,5,0.3756534013800951,ml_v3bal_hi3,2025-11
275357,long,2025-11-20 03:15:00,2025-11-20 03:20:00,2025-11-20 03:42:00,4074.565,4068.4884626145836,SL,-6.236537385416627,22,0.405389015778958,ml_v3bal_hi3,2025-11
275362,long,2025-11-20 03:40:00,2025-11-20 03:45:00,2025-11-20 06:27:00,4065.916,4059.814810896528,SL,-6.261189103472183,162,0.3696478663408749,ml_v3bal_hi3,2025-11
275397,long,2025-11-20 06:35:00,2025-11-20 06:40:00,2025-11-20 07:23:00,4068.313,4062.098576491667,SL,-6.374423508333296,43,0.3564737014655973,ml_v3bal_hi3,2025-11
275409,long,2025-11-20 07:35:00,2025-11-20 07:40:00,2025-11-20 07:44:00,4065.038,4058.824207467708,SL,-6.37379253229163,4,0.3546241393137894,ml_v3bal_hi3,2025-11
275436,long,2025-11-20 09:50:00,2025-11-20 09:55:00,2025-11-20 10:13:00,4067.619,4061.0558015083334,SL,-6.723198491666624,18,0.35488488726749,ml_v3bal_hi3,2025-11
275440,long,2025-11-20 10:10:00,2025-11-20 10:15:00,2025-11-20 11:16:00,4059.672,4053.086840367361,SL,-6.745159632638848,61,0.37058300620538154,ml_v3bal_hi3,2025-11
275453,short,2025-11-20 11:15:00,2025-11-20 11:20:00,2025-11-20 11:39:00,4054.067,4060.6072531868053,SL,-6.700253186805518,19,0.27467763968827497,ml_v3bal_hi3,2025-11
275459,short,2025-11-20 11:45:00,2025-11-20 11:50:00,2025-11-20 12:06:00,4058.752,4065.306241806597,SL,-6.714241806597185,16,0.26960933753373395,ml_v3bal_hi3,2025-11
275465,long,2025-11-20 12:15:00,2025-11-20 12:20:00,2025-11-20 13:06:00,4077.194,4094.5481458333334,TP,17.194145833333256,46,0.3645419293794614,ml_v3bal_hi3,2025-11
275480,long,2025-11-20 13:30:00,2025-11-20 13:35:00,2025-11-20 13:38:00,4074.766,4092.56871875,TP,17.642718749999933,3,0.357414076113292,ml_v3bal_hi3,2025-11
275495,short,2025-11-20 14:45:00,2025-11-20 14:50:00,2025-11-20 15:08:00,4102.771,4083.95915625,TP,18.651843749999966,18,0.2686301751017838,ml_v3bal_hi3,2025-11
275592,long,2025-11-20 23:50:00,2025-11-20 23:55:00,2025-11-21 01:00:00,4077.542,4070.415284345486,SL,-7.286715654513883,65,0.3629960752453274,ml_v3bal_hi3,2025-11
275640,long,2025-11-21 03:50:00,2025-11-21 03:55:00,2025-11-21 04:40:00,4057.344,4050.3791197791666,SL,-7.124880220833332,45,0.36690860112527734,ml_v3bal_hi3,2025-11
275659,long,2025-11-21 05:25:00,2025-11-21 05:30:00,2025-11-21 05:48:00,4052.889,4046.0160875135416,SL,-7.032912486458334,18,0.35857776044332046,ml_v3bal_hi3,2025-11
275714,short,2025-11-21 10:00:00,2025-11-21 10:05:00,2025-11-21 12:30:00,4045.606,4052.6915831597225,SL,-7.245583159722227,145,0.26928034637723314,ml_v3bal_hi3,2025-11
275759,short,2025-11-21 13:45:00,2025-11-21 13:50:00,2025-11-21 14:01:00,4076.467,4083.7361733774305,SL,-7.429173377430558,11,0.2691489321478186,ml_v3bal_hi3,2025-11
275762,short,2025-11-21 14:00:00,2025-11-21 14:05:00,2025-11-21 15:40:00,4078.155,4059.0723645833336,TP,18.92263541666667,95,0.2693580458793189,ml_v3bal_hi3,2025-11
275783,short,2025-11-21 15:45:00,2025-11-21 15:50:00,2025-11-21 16:31:00,4066.018,4072.962740576736,SL,-7.104740576736103,41,0.26927458467143456,ml_v3bal_hi3,2025-11
275792,short,2025-11-21 16:30:00,2025-11-21 16:35:00,2025-11-21 16:44:00,4073.728,4080.5205682038195,SL,-6.952568203819435,9,0.27359921265351916,ml_v3bal_hi3,2025-11
275794,short,2025-11-21 16:40:00,2025-11-21 16:45:00,2025-11-21 16:50:00,4079.225,4086.014445070833,SL,-6.949445070833323,5,0.27205427516210223,ml_v3bal_hi3,2025-11
275796,short,2025-11-21 16:50:00,2025-11-21 16:55:00,2025-11-21 17:00:00,4093.85,4100.657294946528,SL,-6.967294946527769,5,0.2693069699465048,ml_v3bal_hi3,2025-11
275798,short,2025-11-21 17:00:00,2025-11-21 17:05:00,2025-11-21 20:23:00,4092.801,4074.9951875,TP,17.645812499999973,198,0.26941036910402894,ml_v3bal_hi3,2025-11
275905,long,2025-11-24 02:55:00,2025-11-24 03:00:00,2025-11-24 04:14:00,4043.606,4060.4273541666666,TP,16.66135416666662,74,0.35711405107833527,ml_v3bal_hi3,2025-11
275962,long,2025-11-24 07:40:00,2025-11-24 07:45:00,2025-11-24 12:44:00,4063.957,4079.9696249999997,TP,15.85262499999994,299,0.35672418119058713,ml_v3bal_hi3,2025-11
276022,short,2025-11-24 12:40:00,2025-11-24 12:45:00,2025-11-24 13:22:00,4079.299,4084.860355368403,SL,-5.721355368402752,37,0.2704512714381267,ml_v3bal_hi3,2025-11
276030,short,2025-11-24 13:20:00,2025-11-24 13:25:00,2025-11-24 13:31:00,4079.985,4085.5095881166667,SL,-5.684588116666637,6,0.2725045528994672,ml_v3bal_hi3,2025-11
276032,short,2025-11-24 13:30:00,2025-11-24 13:35:00,2025-11-24 14:40:00,4083.766,4069.4270208333337,TP,14.17897916666659,65,0.2694680795984838,ml_v3bal_hi3,2025-11
276046,short,2025-11-24 14:40:00,2025-11-24 14:45:00,2025-11-24 14:51:00,4073.598,4078.9766381993054,SL,-5.538638199305526,6,0.275363829551617,ml_v3bal_hi3,2025-11
276048,short,2025-11-24 14:50:00,2025-11-24 14:55:00,2025-11-24 15:05:00,4081.31,4086.709861217361,SL,-5.559861217361083,10,0.27274754446053706,ml_v3bal_hi3,2025-11
276189,short,2025-11-25 03:40:00,2025-11-25 03:45:00,2025-11-25 05:54:00,4144.92,4149.717818800347,SL,-4.957818800347203,129,0.270173588102996,ml_v3bal_hi3,2025-11
276217,short,2025-11-25 06:00:00,2025-11-25 06:05:00,2025-11-25 06:08:00,4146.519,4151.244907373612,SL,-4.8859073736111265,3,0.27311166339681114,ml_v3bal_hi3,2025-11
276220,short,2025-11-25 06:15:00,2025-11-25 06:20:00,2025-11-25 07:29:00,4147.302,4134.838583333333,TP,12.303416666666703,69,0.27316520326898064,ml_v3bal_hi3,2025-11
276265,long,2025-11-25 10:00:00,2025-11-25 10:05:00,2025-11-25 10:25:00,4134.93,4130.092421772222,SL,-4.997578227777787,20,0.3570784847357579,ml_v3bal_hi3,2025-11
276308,long,2025-11-25 13:35:00,2025-11-25 13:40:00,2025-11-25 14:07:00,4144.968,4139.98305513507,SL,-5.144944864930558,27,0.38545219887579873,ml_v3bal_hi3,2025-11
276372,long,2025-11-25 18:55:00,2025-11-25 19:00:00,2025-11-25 19:26:00,4134.36,4128.938757028472,SL,-5.581242971527796,26,0.3592593102069795,ml_v3bal_hi3,2025-11
276441,long,2025-11-26 01:40:00,2025-11-26 01:45:00,2025-11-26 02:27:00,4150.398,4164.117958333333,TP,13.559958333333315,42,0.41655982413974235,ml_v3bal_hi3,2025-11
276450,long,2025-11-26 02:25:00,2025-11-26 02:30:00,2025-11-26 04:28:00,4162.518,4157.326729937848,SL,-5.351270062152781,118,0.4179945785790656,ml_v3bal_hi3,2025-11
276475,long,2025-11-26 04:30:00,2025-11-26 04:35:00,2025-11-26 06:16:00,4160.609,4155.545441076042,SL,-5.223558923958344,101,0.3662761673399288,ml_v3bal_hi3,2025-11
276518,long,2025-11-26 08:05:00,2025-11-26 08:10:00,2025-11-26 08:41:00,4164.775,4159.734834810416,SL,-5.200165189583321,31,0.43473799138725244,ml_v3bal_hi3,2025-11
276527,long,2025-11-26 08:50:00,2025-11-26 08:55:00,2025-11-26 11:58:00,4159.692,4172.906770833333,TP,13.05477083333329,183,0.35462526410874895,ml_v3bal_hi3,2025-11
276571,short,2025-11-26 12:30:00,2025-11-26 12:35:00,2025-11-26 12:46:00,4162.346,4149.685041666667,TP,12.500958333333337,11,0.2706281138998793,ml_v3bal_hi3,2025-11
276577,short,2025-11-26 13:00:00,2025-11-26 13:05:00,2025-11-26 13:11:00,4158.548,4163.4277226652775,SL,-5.039722665277786,6,0.26952423459479363,ml_v3bal_hi3,2025-11
276579,short,2025-11-26 13:10:00,2025-11-26 13:15:00,2025-11-26 13:27:00,4159.525,4164.421096295138,SL,-5.056096295138902,12,0.27015757136310753,ml_v3bal_hi3,2025-11
276583,short,2025-11-26 13:30:00,2025-11-26 13:35:00,2025-11-26 14:07:00,4159.929,4146.989604166667,TP,12.779395833333378,32,0.2699497968573287,ml_v3bal_hi3,2025-11
276654,long,2025-11-26 19:25:00,2025-11-26 19:30:00,2025-11-26 19:43:00,4167.457,4163.102916093056,SL,-4.514083906944438,13,0.37328603311904185,ml_v3bal_hi3,2025-11
276664,long,2025-11-26 20:15:00,2025-11-26 20:20:00,2025-11-27 01:05:00,4164.841,4160.585308671528,SL,-4.41569132847222,223,0.3544842185956656,ml_v3bal_hi3,2025-11
276712,long,2025-11-27 01:15:00,2025-11-27 01:20:00,2025-11-27 02:50:00,4151.027,4146.870018722222,SL,-4.31698127777779,90,0.35703384505721014,ml_v3bal_hi3,2025-11
276732,long,2025-11-27 02:55:00,2025-11-27 03:00:00,2025-11-27 06:28:00,4145.501,4156.4103958333335,TP,10.749395833333338,208,0.36117279147006404,ml_v3bal_hi3,2025-11
276788,long,2025-11-27 07:35:00,2025-11-27 07:40:00,2025-11-27 09:12:00,4159.671,4155.707093422569,SL,-4.123906577430524,92,0.3854330187778359,ml_v3bal_hi3,2025-11
276809,short,2025-11-27 09:20:00,2025-11-27 09:25:00,2025-11-27 09:28:00,4151.533,4155.486771276736,SL,-4.113771276736083,3,0.26876180421180895,ml_v3bal_hi3,2025-11
276810,short,2025-11-27 09:25:00,2025-11-27 09:30:00,2025-11-27 09:52:00,4154.816,4158.780985982986,SL,-4.124985982986082,22,0.2710215148855273,ml_v3bal_hi3,2025-11
276815,short,2025-11-27 09:50:00,2025-11-27 09:55:00,2025-11-27 15:55:00,4159.085,4158.696,TIMEOUT,0.2290000000001237,360,0.27349790810873204,ml_v3bal_hi3,2025-11
276946,long,2025-11-28 00:15:00,2025-11-28 00:20:00,2025-11-28 00:34:00,4167.291,4174.928927083333,TP,7.477927083333229,14,0.3623764215974542,ml_v3bal_hi3,2025-11
277050,short,2025-11-28 09:35:00,2025-11-28 09:40:00,2025-11-28 09:56:00,4163.277,4166.725887264931,SL,-3.768887264930525,16,0.2689185033461301,ml_v3bal_hi3,2025-11
277103,long,2025-11-28 14:00:00,2025-11-28 14:05:00,2025-11-28 14:22:00,4187.23,4196.522812499999,TP,9.13281249999995,17,0.35519217373850515,ml_v3bal_hi3,2025-11
277169,long,2025-11-28 19:30:00,2025-11-28 19:35:00,2025-11-30 23:08:00,4217.825,4213.845743640625,SL,-4.139256359374966,11,0.36684835388728176,ml_v3bal_hi3,2025-11
277240,short,2025-12-01 04:45:00,2025-12-01 04:50:00,2025-12-01 05:13:00,4244.07,4231.465010416667,TP,12.444989583333301,23,0.2786686791368899,ml_v3bal_hi3,2025-12
277292,short,2025-12-01 09:05:00,2025-12-01 09:10:00,2025-12-01 10:03:00,4248.338,4253.346251294444,SL,-5.168251294444409,53,0.2820867960052278,ml_v3bal_hi3,2025-12
277334,short,2025-12-01 12:35:00,2025-12-01 12:40:00,2025-12-01 13:36:00,4255.086,4259.978973162153,SL,-5.052973162152754,56,0.27627830936397885,ml_v3bal_hi3,2025-12
277346,short,2025-12-01 13:35:00,2025-12-01 13:40:00,2025-12-01 13:59:00,4260.084,4247.21678125,TP,12.70721874999995,19,0.2776667539672639,ml_v3bal_hi3,2025-12
277354,short,2025-12-01 14:15:00,2025-12-01 14:20:00,2025-12-01 14:35:00,4246.805,4233.795,TP,12.849999999999945,15,0.2795783672804312,ml_v3bal_hi3,2025-12
277419,long,2025-12-01 19:40:00,2025-12-01 19:45:00,2025-12-01 23:47:00,4233.853,4228.481322379167,SL,-5.531677620833324,180,0.31183300716311246,ml_v3bal_hi3,2025-12
277456,short,2025-12-01 23:45:00,2025-12-01 23:50:00,2025-12-02 01:05:00,4225.898,4211.87415625,TP,13.86384374999998,75,0.2749503246385608,ml_v3bal_hi3,2025-12
277474,short,2025-12-02 01:15:00,2025-12-02 01:20:00,2025-12-02 01:54:00,4213.522,4218.994602040278,SL,-5.632602040277771,34,0.2693496508491584,ml_v3bal_hi3,2025-12
277500,long,2025-12-02 03:25:00,2025-12-02 03:30:00,2025-12-02 03:48:00,4222.664,4217.432827647916,SL,-5.391172352083327,18,0.31123086644588405,ml_v3bal_hi3,2025-12
277505,long,2025-12-02 03:50:00,2025-12-02 03:55:00,2025-12-02 06:22:00,4218.222,4213.013169755555,SL,-5.368830244444437,147,0.3102686835664361,ml_v3bal_hi3,2025-12
277544,long,2025-12-02 07:05:00,2025-12-02 07:10:00,2025-12-02 08:08:00,4212.926,4207.859663194097,SL,-5.226336805902781,58,0.3140451924219113,ml_v3bal_hi3,2025-12
277556,long,2025-12-02 08:05:00,2025-12-02 08:10:00,2025-12-02 09:06:00,4210.696,4205.655092719097,SL,-5.200907280902787,56,0.32162939169947014,ml_v3bal_hi3,2025-12
277569,long,2025-12-02 09:10:00,2025-12-02 09:15:00,2025-12-02 09:21:00,4207.95,4202.911461855555,SL,-5.198538144444455,6,0.31531298628866045,ml_v3bal_hi3,2025-12
277577,short,2025-12-02 09:50:00,2025-12-02 09:55:00,2025-12-02 11:32:00,4192.813,4197.932755475695,SL,-5.279755475694463,97,0.2749747447623058,ml_v3bal_hi3,2025-12
277693,long,2025-12-02 19:30:00,2025-12-02 19:35:00,2025-12-02 20:38:00,4197.442,4210.293625,TP,12.691624999999995,63,0.31417952639007385,ml_v3bal_hi3,2025-12
277709,long,2025-12-02 20:50:00,2025-12-02 20:55:00,2025-12-02 23:04:00,4207.935,4203.074543930209,SL,-5.02045606979167,67,0.31435577603044895,ml_v3bal_hi3,2025-12
277723,long,2025-12-02 23:00:00,2025-12-02 23:05:00,2025-12-02 23:51:00,4202.801,4215.34584375,TP,12.384843749999973,46,0.32154989788088717,ml_v3bal_hi3,2025-12
277747,short,2025-12-03 01:00:00,2025-12-03 01:05:00,2025-12-03 01:08:00,4215.409,4220.282496241319,SL,-5.033496241319432,3,0.28028401115939294,ml_v3bal_hi3,2025-12
277748,short,2025-12-03 01:05:00,2025-12-03 01:10:00,2025-12-03 02:08:00,4218.628,4223.5116117,SL,-5.043611699999989,58,0.291553610358688,ml_v3bal_hi3,2025-12
277762,short,2025-12-03 02:15:00,2025-12-03 02:20:00,2025-12-03 02:34:00,4222.608,4227.317700416666,SL,-4.869700416666653,14,0.28559606978927543,ml_v3bal_hi3,2025-12
277765,long,2025-12-03 02:30:00,2025-12-03 02:35:00,2025-12-03 03:06:00,4227.176,4222.477597626042,SL,-4.8584023739583175,31,0.31132557716888876,ml_v3bal_hi3,2025-12
277772,short,2025-12-03 03:05:00,2025-12-03 03:10:00,2025-12-03 05:40:00,4222.627,4210.4260208333335,TP,12.040979166666617,150,0.2794406430902336,ml_v3bal_hi3,2025-12
277859,short,2025-12-03 10:20:00,2025-12-03 10:25:00,2025-12-03 10:29:00,4198.946,4203.454708752778,SL,-4.668708752777775,4,0.2711534738389514,ml_v3bal_hi3,2025-12
277884,short,2025-12-03 12:25:00,2025-12-03 12:30:00,2025-12-03 12:37:00,4208.164,4212.556886949305,SL,-4.55288694930555,7,0.27007778536515686,ml_v3bal_hi3,2025-12
277889,short,2025-12-03 12:50:00,2025-12-03 12:55:00,2025-12-03 13:07:00,4212.039,4216.409568652083,SL,-4.530568652083318,12,0.2820705072065167,ml_v3bal_hi3,2025-12
277892,short,2025-12-03 13:05:00,2025-12-03 13:10:00,2025-12-03 13:15:00,4214.952,4219.3237353625,SL,-4.531735362499984,5,0.28521285733877666,ml_v3bal_hi3,2025-12
277899,long,2025-12-03 13:40:00,2025-12-03 13:45:00,2025-12-03 13:54:00,4223.47,4235.099385416667,TP,11.469385416666633,9,0.3135334818027016,ml_v3bal_hi3,2025-12
277901,long,2025-12-03 13:50:00,2025-12-03 13:55:00,2025-12-03 14:05:00,4235.927,4231.460348379861,SL,-4.626651620138879,10,0.3170958409801481,ml_v3bal_hi3,2025-12
277909,long,2025-12-03 14:30:00,2025-12-03 14:35:00,2025-12-03 14:36:00,4239.031,4234.4598285875,SL,-4.731171412499989,1,0.32819356122380217,ml_v3bal_hi3,2025-12
277910,long,2025-12-03 14:35:00,2025-12-03 14:40:00,2025-12-03 14:42:00,4234.292,4229.684450239237,SL,-4.767549760763879,2,0.3182071271233031,ml_v3bal_hi3,2025-12
277911,short,2025-12-03 14:40:00,2025-12-03 14:45:00,2025-12-03 14:51:00,4227.177,4215.0517291666665,TP,11.965270833333303,6,0.27486207775019,ml_v3bal_hi3,2025-12
277914,short,2025-12-03 14:55:00,2025-12-03 15:00:00,2025-12-03 15:05:00,4212.56,4217.25513241007,SL,-4.855132410069434,5,0.2792206075377497,ml_v3bal_hi3,2025-12
277916,short,2025-12-03 15:05:00,2025-12-03 15:10:00,2025-12-03 15:16:00,4216.207,4220.920525956944,SL,-4.873525956944428,6,0.27425997662756857,ml_v3bal_hi3,2025-12
277918,short,2025-12-03 15:15:00,2025-12-03 15:20:00,2025-12-03 15:33:00,4222.09,4226.828229264236,SL,-4.8982292642360985,13,0.28612799155924734,ml_v3bal_hi3,2025-12
277921,short,2025-12-03 15:30:00,2025-12-03 15:35:00,2025-12-03 15:59:00,4228.768,4216.306552083333,TP,12.301447916666628,24,0.2847155849954885,ml_v3bal_hi3,2025-12
277926,short,2025-12-03 15:55:00,2025-12-03 16:00:00,2025-12-03 16:04:00,4216.307,4221.002037168402,SL,-4.855037168402769,4,0.29934597718928274,ml_v3bal_hi3,2025-12
277927,short,2025-12-03 16:00:00,2025-12-03 16:05:00,2025-12-03 16:54:00,4220.89,4208.547854166667,TP,12.18214583333331,49,0.29710269840647985,ml_v3bal_hi3,2025-12
277966,long,2025-12-03 19:15:00,2025-12-03 19:20:00,2025-12-04 01:45:00,4204.225,4216.14409375,TP,11.759093749999955,323,0.31006850136695796,ml_v3bal_hi3,2025-12
278036,long,2025-12-04 02:05:00,2025-12-04 02:10:00,2025-12-04 03:02:00,4203.828,4199.431783560764,SL,-4.556216439236109,52,0.310458795815147,ml_v3bal_hi3,2025-12
278048,long,2025-12-04 03:05:00,2025-12-04 03:10:00,2025-12-04 03:32:00,4195.801,4191.38843374132,SL,-4.572566258680563,22,0.31355910161081657,ml_v3bal_hi3,2025-12
278055,long,2025-12-04 03:40:00,2025-12-04 03:45:00,2025-12-04 05:18:00,4197.006,4192.613783710764,SL,-4.552216289236121,93,0.31362180751511015,ml_v3bal_hi3,2025-12
278074,short,2025-12-04 05:15:00,2025-12-04 05:20:00,2025-12-04 05:29:00,4191.868,4196.242410065973,SL,-4.5344100659722315,9,0.2711496813472465,ml_v3bal_hi3,2025-12
278076,long,2025-12-04 05:25:00,2025-12-04 05:30:00,2025-12-04 05:36:00,4197.076,4192.688712467014,SL,-4.5472875329861235,6,0.31681465012241183,ml_v3bal_hi3,2025-12
278078,short,2025-12-04 05:35:00,2025-12-04 05:40:00,2025-12-04 06:45:00,4185.195,4189.625769322222,SL,-4.590769322222232,65,0.2746217064513012,ml_v3bal_hi3,2025-12
278093,short,2025-12-04 06:50:00,2025-12-04 06:55:00,2025-12-04 07:15:00,4187.967,4192.470224420139,SL,-4.6632244201388975,20,0.2736595290417012,ml_v3bal_hi3,2025-12
278118,short,2025-12-04 08:55:00,2025-12-04 09:00:00,2025-12-04 09:04:00,4184.743,4189.248720545486,SL,-4.6657205454861055,4,0.26912251747863974,ml_v3bal_hi3,2025-12
278125,long,2025-12-04 09:30:00,2025-12-04 09:35:00,2025-12-04 11:10:00,4194.45,4206.33134375,TP,11.721343749999974,95,0.31222317022491275,ml_v3bal_hi3,2025-12
278160,long,2025-12-04 12:25:00,2025-12-04 12:30:00,2025-12-04 12:35:00,4194.346,4189.839283385416,SL,-4.666716614583318,5,0.31127350432086764,ml_v3bal_hi3,2025-12
278173,long,2025-12-04 13:30:00,2025-12-04 13:35:00,2025-12-04 14:07:00,4190.959,4203.01659375,TP,11.89759374999993,32,0.31142483809534416,ml_v3bal_hi3,2025-12
278182,long,2025-12-04 14:15:00,2025-12-04 14:20:00,2025-12-04 14:42:00,4202.616,4197.988632035764,SL,-4.787367964236089,22,0.31215943890086073,ml_v3bal_hi3,2025-12
278188,long,2025-12-04 14:45:00,2025-12-04 14:50:00,2025-12-04 14:52:00,4203.165,4198.47436775868,SL,-4.850632241319427,2,0.31153621273508925,ml_v3bal_hi3,2025-12
278200,short,2025-12-04 15:45:00,2025-12-04 15:50:00,2025-12-04 16:01:00,4206.204,4210.730864195486,SL,-4.686864195486097,11,0.27005341079389644,ml_v3bal_hi3,2025-12
278203,short,2025-12-04 16:00:00,2025-12-04 16:05:00,2025-12-04 16:08:00,4207.359,4211.799745886806,SL,-4.600745886805544,3,0.27421727444601385,ml_v3bal_hi3,2025-12
278204,short,2025-12-04 16:05:00,2025-12-04 16:10:00,2025-12-04 16:18:00,4213.871,4218.313293563889,SL,-4.602293563888879,8,0.29360549855444845,ml_v3bal_hi3,2025-12
278206,short,2025-12-04 16:15:00,2025-12-04 16:20:00,2025-12-04 19:07:00,4217.225,4205.5597708333335,TP,11.505229166666629,167,0.29757518279765066,ml_v3bal_hi3,2025-12
278289,short,2025-12-05 00:10:00,2025-12-05 00:15:00,2025-12-05 01:10:00,4208.433,4198.038197916667,TP,10.234802083333312,55,0.2746279093704323,ml_v3bal_hi3,2025-12
278301,long,2025-12-05 01:10:00,2025-12-05 01:15:00,2025-12-05 02:50:00,4197.171,4207.571875000001,TP,10.240874999999965,95,0.31862136710492106,ml_v3bal_hi3,2025-12
278322,short,2025-12-05 02:55:00,2025-12-05 03:00:00,2025-12-05 04:06:00,4207.33,4211.288184140625,SL,-4.11818414062499,66,0.2727498004879953,ml_v3bal_hi3,2025-12
278336,long,2025-12-05 04:05:00,2025-12-05 04:10:00,2025-12-05 06:08:00,4212.465,4222.594760416667,TP,9.969760416666613,118,0.33402382234980715,ml_v3bal_hi3,2025-12
278360,long,2025-12-05 06:05:00,2025-12-05 06:10:00,2025-12-05 07:52:00,4226.824,4222.99132850243,SL,-3.992671497569414,102,0.32422746792058127,ml_v3bal_hi3,2025-12
278385,short,2025-12-05 08:10:00,2025-12-05 08:15:00,2025-12-05 10:24:00,4223.053,4226.712875335416,SL,-3.819875335416627,129,0.27643376682709164,ml_v3bal_hi3,2025-12
278411,short,2025-12-05 10:20:00,2025-12-05 10:25:00,2025-12-05 13:00:00,4226.828,4230.389395452084,SL,-3.7213954520833052,155,0.2702948187944123,ml_v3bal_hi3,2025-12
278443,short,2025-12-05 13:00:00,2025-12-05 13:05:00,2025-12-05 13:15:00,4225.063,4228.588735384722,SL,-3.685735384722187,10,0.28080702654054013,ml_v3bal_hi3,2025-12
278451,long,2025-12-05 13:40:00,2025-12-05 13:45:00,2025-12-05 13:48:00,4233.688,4230.133442105903,SL,-3.7145578940971906,3,0.3103611776178269,ml_v3bal_hi3,2025-12
278453,long,2025-12-05 13:50:00,2025-12-05 13:55:00,2025-12-05 14:00:00,4236.963,4233.390112053472,SL,-3.732887946527748,5,0.31395968883685155,ml_v3bal_hi3,2025-12
278455,long,2025-12-05 14:00:00,2025-12-05 14:05:00,2025-12-05 14:28:00,4235.652,4232.0740761503475,SL,-3.7379238496527494,23,0.31395968883685155,ml_v3bal_hi3,2025-12
278461,short,2025-12-05 14:30:00,2025-12-05 14:35:00,2025-12-05 14:36:00,4230.255,4233.786445916319,SL,-3.6914459163194215,1,0.2695411984199957,ml_v3bal_hi3,2025-12
278463,long,2025-12-05 14:40:00,2025-12-05 14:45:00,2025-12-05 14:50:00,4236.136,4245.394218750001,TP,9.09821874999994,5,0.3118340254021424,ml_v3bal_hi3,2025-12
278465,long,2025-12-05 14:50:00,2025-12-05 14:55:00,2025-12-05 14:56:00,4245.44,4241.892124896181,SL,-3.707875103819423,1,0.3161081353179217,ml_v3bal_hi3,2025-12
278466,long,2025-12-05 14:55:00,2025-12-05 15:00:00,2025-12-05 15:02:00,4242.239,4238.695791737847,SL,-3.7032082621527547,2,0.3160332420817614,ml_v3bal_hi3,2025-12
278469,long,2025-12-05 15:10:00,2025-12-05 15:15:00,2025-12-05 15:29:00,4239.619,4248.960854166667,TP,9.181854166666602,14,0.3113409724569389,ml_v3bal_hi3,2025-12
278477,short,2025-12-05 15:50:00,2025-12-05 15:55:00,2025-12-05 16:09:00,4243.801,4234.4841562500005,TP,9.156843749999918,14,0.2702890752925713,ml_v3bal_hi3,2025-12
278481,short,2025-12-05 16:10:00,2025-12-05 16:15:00,2025-12-05 16:16:00,4203.483,4207.107711318403,SL,-3.784711318402749,1,0.2961474388805024,ml_v3bal_hi3,2025-12
278482,short,2025-12-05 16:15:00,2025-12-05 16:20:00,2025-12-05 16:22:00,4204.914,4208.550890346528,SL,-3.7968903465277473,2,0.299661698934137,ml_v3bal_hi3,2025-12
278483,short,2025-12-05 16:20:00,2025-12-05 16:25:00,2025-12-05 16:26:00,4209.398,4213.0735664,SL,-3.83556639999997,1,0.28665626346737066,ml_v3bal_hi3,2025-12
278485,short,2025-12-05 16:30:00,2025-12-05 16:35:00,2025-12-05 16:58:00,4213.783,4217.498794098959,SL,-3.875794098958302,23,0.2738130569425217,ml_v3bal_hi3,2025-12
278490,short,2025-12-05 16:55:00,2025-12-05 17:00:00,2025-12-05 17:06:00,4214.196,4217.939727686111,SL,-3.903727686111072,6,0.2764395654168717,ml_v3bal_hi3,2025-12
278492,short,2025-12-05 17:05:00,2025-12-05 17:10:00,2025-12-05 17:31:00,4215.756,4219.48849710625,SL,-3.892497106249957,21,0.27800354659229437,ml_v3bal_hi3,2025-12
278497,short,2025-12-05 17:30:00,2025-12-05 17:35:00,2025-12-05 17:50:00,4212.599,4216.325076230556,SL,-3.8860762305555148,15,0.2725352746790728,ml_v3bal_hi3,2025-12
278507,short,2025-12-05 18:20:00,2025-12-05 18:25:00,2025-12-05 19:47:00,4212.447,4202.6269375,TP,9.660062499999881,82,0.2692754370516619,ml_v3bal_hi3,2025-12
278524,short,2025-12-05 19:45:00,2025-12-05 19:50:00,2025-12-05 21:19:00,4205.539,4195.480166666666,TP,9.898833333333183,89,0.2803641731555533,ml_v3bal_hi3,2025-12
278544,long,2025-12-05 21:25:00,2025-12-05 21:30:00,2025-12-07 23:10:00,4197.059,4193.234185939931,SL,-3.9848140600694015,31,0.3139983317791223,ml_v3bal_hi3,2025-12
278552,short,2025-12-07 23:10:00,2025-12-07 23:15:00,2025-12-07 23:23:00,4197.065,4201.088,SL,-5.364,4,0.2808452260045585,ml_v3bal_hi3,2025-12
278554,short,2025-12-07 23:20:00,2025-12-07 23:25:00,2025-12-07 23:27:00,4196.627,4200.574814704167,SL,-4.910814704166637,2,0.2919617157725868,ml_v3bal_hi3,2025-12
278556,short,2025-12-07 23:45:00,2025-12-07 23:50:00,2025-12-08 00:10:00,4201.534,4205.558234236458,SL,-4.184234236458306,20,0.29672065268082903,ml_v3bal_hi3,2025-12
278561,long,2025-12-08 00:10:00,2025-12-08 00:15:00,2025-12-08 01:01:00,4206.038,4201.976014347916,SL,-4.221985652083306,46,0.31714307068853675,ml_v3bal_hi3,2025-12
278575,short,2025-12-08 01:20:00,2025-12-08 01:25:00,2025-12-08 01:57:00,4209.79,4198.8823125,TP,10.747687499999905,32,0.2754920325351956,ml_v3bal_hi3,2025-12
278582,short,2025-12-08 01:55:00,2025-12-08 02:00:00,2025-12-08 02:36:00,4201.082,4205.283951218056,SL,-4.361951218055512,36,0.29825530780902954,ml_v3bal_hi3,2025-12
278590,short,2025-12-08 02:35:00,2025-12-08 02:40:00,2025-12-08 02:53:00,4206.313,4210.535436113195,SL,-4.3824361131943945,13,0.2717469742842663,ml_v3bal_hi3,2025-12
278595,short,2025-12-08 03:00:00,2025-12-08 03:05:00,2025-12-08 03:17:00,4208.155,4212.370808880555,SL,-4.375808880555509,12,0.2716711622554527,ml_v3bal_hi3,2025-12
278600,short,2025-12-08 03:25:00,2025-12-08 03:30:00,2025-12-08 05:33:00,4209.91,4214.1130385604165,SL,-4.3630385604166175,123,0.27118177831952434,ml_v3bal_hi3,2025-12
278661,long,2025-12-08 08:30:00,2025-12-08 08:35:00,2025-12-08 10:31:00,4206.507,4202.2546540350695,SL,-4.412345964930539,116,0.31318148163134946,ml_v3bal_hi3,2025-12
278685,long,2025-12-08 10:30:00,2025-12-08 10:35:00,2025-12-08 11:01:00,4206.769,4202.483954396181,SL,-4.445045603819423,26,0.3120794621317048,ml_v3bal_hi3,2025-12
278717,short,2025-12-08 13:10:00,2025-12-08 13:15:00,2025-12-08 13:51:00,4210.621,4199.070145833333,TP,11.390854166666633,36,0.27776858818264943,ml_v3bal_hi3,2025-12
278725,short,2025-12-08 13:50:00,2025-12-08 13:55:00,2025-12-08 14:07:00,4202.453,4206.894777671529,SL,-4.601777671527768,12,0.2838246617788748,ml_v3bal_hi3,2025-12
278729,short,2025-12-08 14:10:00,2025-12-08 14:15:00,2025-12-08 14:45:00,4209.618,4197.82615625,TP,11.631843750000007,30,0.2756298575872854,ml_v3bal_hi3,2025-12
278736,short,2025-12-08 14:45:00,2025-12-08 14:50:00,2025-12-08 14:56:00,4201.998,4206.501145052083,SL,-4.663145052083333,6,0.2943984512562231,ml_v3bal_hi3,2025-12
278738,short,2025-12-08 14:55:00,2025-12-08 15:00:00,2025-12-08 15:05:00,4196.74,4184.839427083333,TP,11.740572916666684,5,0.30683819879730256,ml_v3bal_hi3,2025-12
278740,short,2025-12-08 15:05:00,2025-12-08 15:10:00,2025-12-08 15:11:00,4180.525,4185.107187698611,SL,-4.742187698611121,1,0.2717411433238147,ml_v3bal_hi3,2025-12
278742,short,2025-12-08 15:15:00,2025-12-08 15:20:00,2025-12-08 15:22:00,4186.407,4191.02781613125,SL,-4.780816131250011,2,0.28248826157680823,ml_v3bal_hi3,2025-12
278743,short,2025-12-08 15:20:00,2025-12-08 15:25:00,2025-12-08 16:00:00,4192.632,4180.4765,TP,11.995500000000018,35,0.286554691113456,ml_v3bal_hi3,2025-12
278751,short,2025-12-08 16:00:00,2025-12-08 16:05:00,2025-12-08 16:15:00,4179.32,4183.959265235763,SL,-4.7992652357639045,10,0.27407259237400367,ml_v3bal_hi3,2025-12
278789,long,2025-12-08 19:10:00,2025-12-08 19:15:00,2025-12-09 01:03:00,4185.174,4196.082322916666,TP,10.74832291666671,286,0.31863409577875434,ml_v3bal_hi3,2025-12
278849,short,2025-12-09 01:10:00,2025-12-09 01:15:00,2025-12-09 02:31:00,4196.1,4186.255416666667,TP,9.684583333333352,76,0.271307000038147,ml_v3bal_hi3,2025-12
278865,short,2025-12-09 02:30:00,2025-12-09 02:35:00,2025-12-09 03:00:00,4187.527,4191.201713193403,SL,-3.834713193402794,25,0.2819136571221696,ml_v3bal_hi3,2025-12
278871,short,2025-12-09 03:00:00,2025-12-09 03:05:00,2025-12-09 03:17:00,4191.402,4195.031576580209,SL,-3.789576580208343,12,0.27392913992147244,ml_v3bal_hi3,2025-12
278874,short,2025-12-09 03:15:00,2025-12-09 03:20:00,2025-12-09 04:54:00,4195.189,4185.679260416667,TP,9.349739583333376,94,0.2833658151117069,ml_v3bal_hi3,2025-12
278893,short,2025-12-09 04:50:00,2025-12-09 04:55:00,2025-12-09 06:09:00,4185.558,4176.249885416667,TP,9.148114583333378,74,0.3076587264702636,ml_v3bal_hi3,2025-12
278908,short,2025-12-09 06:05:00,2025-12-09 06:10:00,2025-12-09 06:29:00,4174.461,4178.067468570834,SL,-3.7664685708333563,19,0.27592266723049125,ml_v3bal_hi3,2025-12
278912,short,2025-12-09 06:25:00,2025-12-09 06:30:00,2025-12-09 06:34:00,4178.548,4182.170516791666,SL,-3.7825167916666924,4,0.2780471227530777,ml_v3bal_hi3,2025-12
278917,long,2025-12-09 06:50:00,2025-12-09 06:55:00,2025-12-09 07:24:00,4181.669,4178.067595111111,SL,-3.7614048888889196,29,0.31140560072803314,ml_v3bal_hi3,2025-12
278929,long,2025-12-09 07:50:00,2025-12-09 07:55:00,2025-12-09 09:01:00,4182.792,4192.241083333334,TP,9.289083333333448,66,0.3116619752063733,ml_v3bal_hi3,2025-12
278946,short,2025-12-09 09:15:00,2025-12-09 09:20:00,2025-12-09 09:23:00,4208.585,4212.225632550348,SL,-3.8006325503472573,3,0.28174816770828043,ml_v3bal_hi3,2025-12
278947,short,2025-12-09 09:20:00,2025-12-09 09:25:00,2025-12-09 12:19:00,4208.735,4199.1739895833325,TP,9.40101041666675,174,0.28090359783002694,ml_v3bal_hi3,2025-12
278982,short,2025-12-09 12:15:00,2025-12-09 12:20:00,2025-12-09 12:26:00,4198.986,4202.568455765625,SL,-3.7424557656250395,6,0.2754808249528511,ml_v3bal_hi3,2025-12
278984,short,2025-12-09 12:25:00,2025-12-09 12:30:00,2025-12-09 12:49:00,4202.35,4205.924507054861,SL,-3.7345070548611514,19,0.2850788657427227,ml_v3bal_hi3,2025-12
278988,short,2025-12-09 12:45:00,2025-12-09 12:50:00,2025-12-09 13:31:00,4206.115,4196.753031249999,TP,9.20196875000011,41,0.29787717506889455,ml_v3bal_hi3,2025-12
279009,short,2025-12-09 14:30:00,2025-12-09 14:35:00,2025-12-09 14:44:00,4200.652,4204.32380832257,SL,-3.831808322569486,9,0.2703163545152944,ml_v3bal_hi3,2025-12
279011,short,2025-12-09 14:40:00,2025-12-09 14:45:00,2025-12-09 14:54:00,4205.753,4209.471095772569,SL,-3.8780957725694853,9,0.28263617428233434,ml_v3bal_hi3,2025-12
279014,short,2025-12-09 14:55:00,2025-12-09 15:00:00,2025-12-09 15:09:00,4204.938,4195.197625,TP,9.580375000000094,9,0.28395297499587346,ml_v3bal_hi3,2025-12
279019,short,2025-12-09 15:20:00,2025-12-09 15:25:00,2025-12-09 15:58:00,4204.897,4208.665776244445,SL,-3.9287762444444767,33,0.2703517149708074,ml_v3bal_hi3,2025-12
279028,long,2025-12-09 16:05:00,2025-12-09 16:10:00,2025-12-09 16:22:00,4214.865,4211.172456772916,SL,-3.852543227083358,12,0.3171090800847914,ml_v3bal_hi3,2025-12
279034,long,2025-12-09 16:35:00,2025-12-09 16:40:00,2025-12-09 16:53:00,4218.073,4214.415069181945,SL,-3.817930818055581,13,0.3115099029345514,ml_v3bal_hi3,2025-12
279037,long,2025-12-09 16:50:00,2025-12-09 16:55:00,2025-12-09 17:01:00,4214.705,4211.048005725,SL,-3.816994275000023,6,0.3106762425704004,ml_v3bal_hi3,2025-12
279039,long,2025-12-09 17:00:00,2025-12-09 17:05:00,2025-12-09 17:15:00,4214.231,4210.567017367708,SL,-3.823982632291691,10,0.31145355062573576,ml_v3bal_hi3,2025-12
279108,short,2025-12-09 23:45:00,2025-12-09 23:50:00,2025-12-10 01:15:00,4211.944,4215.503415219097,SL,-3.719415219097278,85,0.2695036544904255,ml_v3bal_hi3,2025-12
279126,long,2025-12-10 01:15:00,2025-12-10 01:20:00,2025-12-10 01:25:00,4216.444,4212.839706113889,SL,-3.764293886111171,5,0.35058449606349124,ml_v3bal_hi3,2025-12
279128,long,2025-12-10 01:25:00,2025-12-10 01:30:00,2025-12-10 01:42:00,4216.868,4213.244927631945,SL,-3.783072368055612,12,0.35378806475526303,ml_v3bal_hi3,2025-12
279131,short,2025-12-10 01:40:00,2025-12-10 01:45:00,2025-12-10 01:56:00,4212.535,4216.182093110069,SL,-3.8070931100695002,11,0.2891577840155606,ml_v3bal_hi3,2025-12
279134,short,2025-12-10 01:55:00,2025-12-10 02:00:00,2025-12-10 02:11:00,4213.786,4217.436541652083,SL,-3.8105416520833915,11,0.27754510088727735,ml_v3bal_hi3,2025-12
279137,long,2025-12-10 02:10:00,2025-12-10 02:15:00,2025-12-10 03:13:00,4215.006,4211.377923476042,SL,-3.7880765239583876,58,0.32194117483020057,ml_v3bal_hi3,2025-12
279149,short,2025-12-10 03:10:00,2025-12-10 03:15:00,2025-12-10 05:47:00,4210.089,4213.728969827083,SL,-3.799969827083389,152,0.2777807348125204,ml_v3bal_hi3,2025-12
279180,short,2025-12-10 05:45:00,2025-12-10 05:50:00,2025-12-10 06:35:00,4212.635,4203.112697916667,TP,9.362302083333443,45,0.27047753031465877,ml_v3bal_hi3,2025-12
279190,long,2025-12-10 06:35:00,2025-12-10 06:40:00,2025-12-10 08:10:00,4204.949,4201.317351913542,SL,-3.7916480864583715,90,0.31016593160024925,ml_v3bal_hi3,2025-12
279209,long,2025-12-10 08:10:00,2025-12-10 08:15:00,2025-12-10 08:44:00,4202.484,4198.900278313889,SL,-3.743721686111141,29,0.31408363726984706,ml_v3bal_hi3,2025-12
279215,long,2025-12-10 08:40:00,2025-12-10 08:45:00,2025-12-10 09:00:00,4199.634,4196.060445361805,SL,-3.7335546381944718,15,0.31388698664557185,ml_v3bal_hi3,2025-12
279226,short,2025-12-10 09:35:00,2025-12-10 09:40:00,2025-12-10 12:03:00,4195.943,4199.514697425695,SL,-3.7316974256944686,143,0.2720470689746559,ml_v3bal_hi3,2025-12
279256,short,2025-12-10 12:05:00,2025-12-10 12:10:00,2025-12-10 13:48:00,4200.539,4203.976351118055,SL,-3.597351118055564,98,0.27453636609249393,ml_v3bal_hi3,2025-12
279276,short,2025-12-10 13:45:00,2025-12-10 13:50:00,2025-12-10 14:11:00,4202.641,4206.122134505902,SL,-3.6411345059027806,21,0.2965337600894007,ml_v3bal_hi3,2025-12
279281,short,2025-12-10 14:10:00,2025-12-10 14:15:00,2025-12-10 14:27:00,4205.148,4196.0045625,TP,8.983437499999985,12,0.2991397794671091,ml_v3bal_hi3,2025-12
279284,short,2025-12-10 14:25:00,2025-12-10 14:30:00,2025-12-10 14:49:00,4196.806,4200.282721642014,SL,-3.636721642013877,19,0.29000992741060583,ml_v3bal_hi3,2025-12
279288,short,2025-12-10 14:45:00,2025-12-10 14:50:00,2025-12-10 15:16:00,4200.693,4191.518041666667,TP,9.014958333333299,26,0.32011259760332433,ml_v3bal_hi3,2025-12
279294,short,2025-12-10 15:15:00,2025-12-10 15:20:00,2025-12-10 15:28:00,4191.868,4195.403842906598,SL,-3.6958429065972074,8,0.2929595973677668,ml_v3bal_hi3,2025-12
279296,short,2025-12-10 15:25:00,2025-12-10 15:30:00,2025-12-10 16:27:00,4196.535,4200.0691047461805,SL,-3.6941047461805403,57,0.2868133750147852,ml_v3bal_hi3,2025-12
279308,short,2025-12-10 16:25:00,2025-12-10 16:30:00,2025-12-10 16:47:00,4200.56,4203.902450734028,SL,-3.5024507340277693,17,0.2886052545495066,ml_v3bal_hi3,2025-12
279312,short,2025-12-10 16:45:00,2025-12-10 16:50:00,2025-12-10 18:25:00,4203.325,4194.615520833333,TP,8.549479166666654,95,0.2952121729165818,ml_v3bal_hi3,2025-12
279343,short,2025-12-10 19:20:00,2025-12-10 19:25:00,2025-12-10 19:28:00,4207.113,4198.53834375,TP,8.414656249999947,3,0.27616808144002086,ml_v3bal_hi3,2025-12
279346,short,2025-12-10 19:35:00,2025-12-10 19:40:00,2025-12-10 19:41:00,4203.993,4194.92421875,TP,8.908781249999944,1,0.27698576775937206,ml_v3bal_hi3,2025-12
279347,long,2025-12-10 19:40:00,2025-12-10 19:45:00,2025-12-10 19:51:00,4187.496,4196.801114583333,TP,9.14511458333327,6,0.31350590007015955,ml_v3bal_hi3,2025-12
279350,long,2025-12-10 19:55:00,2025-12-10 20:00:00,2025-12-10 20:01:00,4216.372,4212.696024854514,SL,-3.835975145486092,1,0.32553701059907103,ml_v3bal_hi3,2025-12
279351,long,2025-12-10 20:00:00,2025-12-10 20:05:00,2025-12-10 20:13:00,4223.799,4233.561458333334,TP,9.602458333333276,8,0.3428997049823759,ml_v3bal_hi3,2025-12
279353,long,2025-12-10 20:10:00,2025-12-10 20:15:00,2025-12-10 20:24:00,4235.043,4231.262362199653,SL,-3.940637800347202,9,0.33406111406146954,ml_v3bal_hi3,2025-12
279356,long,2025-12-10 20:25:00,2025-12-10 20:30:00,2025-12-10 21:00:00,4232.635,4228.77938319757,SL,-4.015616802430529,30,0.334600550997848,ml_v3bal_hi3,2025-12
279363,long,2025-12-10 21:00:00,2025-12-10 21:05:00,2025-12-10 21:06:00,4230.565,4226.6443172656245,SL,-4.080682734374973,1,0.31461754249393414,ml_v3bal_hi3,2025-12
279373,long,2025-12-10 21:50:00,2025-12-10 21:55:00,2025-12-11 00:11:00,4227.768,4238.132041666667,TP,10.204041666666575,74,0.31253028283586975,ml_v3bal_hi3,2025-12
279392,long,2025-12-11 00:25:00,2025-12-11 00:30:00,2025-12-11 00:55:00,4241.136,4237.07880421007,SL,-4.217195789930516,25,0.31059908675014447,ml_v3bal_hi3,2025-12
279410,long,2025-12-11 01:55:00,2025-12-11 02:00:00,2025-12-11 02:10:00,4238.284,4234.10681558368,SL,-4.337184416319408,10,0.3119115214234538,ml_v3bal_hi3,2025-12
279420,short,2025-12-11 02:45:00,2025-12-11 02:50:00,2025-12-11 03:09:00,4227.186,4216.137385416667,TP,10.888614583333261,19,0.27203620993618105,ml_v3bal_hi3,2025-12
279433,long,2025-12-11 03:50:00,2025-12-11 03:55:00,2025-12-11 04:27:00,4215.599,4211.304573092014,SL,-4.4544269079860745,32,0.3124860058674247,ml_v3bal_hi3,2025-12
279440,long,2025-12-11 04:25:00,2025-12-11 04:30:00,2025-12-11 05:39:00,4212.847,4208.559263819097,SL,-4.44773618090275,69,0.3157804960852044,ml_v3bal_hi3,2025-12
279463,short,2025-12-11 06:20:00,2025-12-11 06:25:00,2025-12-11 06:26:00,4210.066,4214.472125540972,SL,-4.566125540972211,1,0.26932033441537445,ml_v3bal_hi3,2025-12
279469,short,2025-12-11 06:50:00,2025-12-11 06:55:00,2025-12-11 07:36:00,4212.034,4216.439439007291,SL,-4.565439007291652,41,0.27641900013809884,ml_v3bal_hi3,2025-12
279495,long,2025-12-11 09:00:00,2025-12-11 09:05:00,2025-12-11 10:07:00,4212.795,4224.4680520833335,TP,11.513052083333307,62,0.3151367048661786,ml_v3bal_hi3,2025-12
279517,short,2025-12-11 10:50:00,2025-12-11 10:55:00,2025-12-11 13:00:00,4217.335,4221.812830610764,SL,-4.637830610763889,125,0.27550098709024184,ml_v3bal_hi3,2025-12
279551,short,2025-12-11 13:40:00,2025-12-11 13:45:00,2025-12-11 14:08:00,4219.709,4224.345661963542,SL,-4.7966619635416645,23,0.2693093363518194,ml_v3bal_hi3,2025-12
279556,short,2025-12-11 14:05:00,2025-12-11 14:10:00,2025-12-11 14:11:00,4224.219,4228.886325811805,SL,-4.82732581180555,1,0.2712034229511694,ml_v3bal_hi3,2025-12
279557,short,2025-12-11 14:10:00,2025-12-11 14:15:00,2025-12-11 14:24:00,4227.223,4231.894278340972,SL,-4.831278340972217,9,0.27500393431133785,ml_v3bal_hi3,2025-12
279559,short,2025-12-11 14:20:00,2025-12-11 14:25:00,2025-12-11 14:31:00,4230.696,4235.385374257638,SL,-4.849374257638885,6,0.27134182493633785,ml_v3bal_hi3,2025-12
279562,long,2025-12-11 14:35:00,2025-12-11 14:40:00,2025-12-11 14:48:00,4239.747,4235.017231370486,SL,-4.889768629513886,8,0.31290361241074005,ml_v3bal_hi3,2025-12
279564,short,2025-12-11 14:45:00,2025-12-11 14:50:00,2025-12-11 15:07:00,4232.453,4237.2203851194445,SL,-4.927385119444442,17,0.26945160023115466,ml_v3bal_hi3,2025-12
279569,long,2025-12-11 15:10:00,2025-12-11 15:15:00,2025-12-11 15:41:00,4237.661,4250.30140625,TP,12.480406250000001,26,0.3146909001163909,ml_v3bal_hi3,2025-12
279575,long,2025-12-11 15:40:00,2025-12-11 15:45:00,2025-12-11 16:47:00,4254.548,4267.233041666666,TP,12.525041666666688,62,0.3129213444242066,ml_v3bal_hi3,2025-12
279621,long,2025-12-11 19:30:00,2025-12-11 19:35:00,2025-12-11 20:07:00,4274.107,4268.926210489583,SL,-5.3407895104166645,32,0.3183300804096072,ml_v3bal_hi3,2025-12
279628,long,2025-12-11 20:05:00,2025-12-11 20:10:00,2025-12-11 21:48:00,4269.315,4282.6945625,TP,13.219562499999991,98,0.3115860086865063,ml_v3bal_hi3,2025-12
279655,long,2025-12-11 23:20:00,2025-12-11 23:25:00,2025-12-11 23:39:00,4278.639,4274.277642010764,SL,-4.5213579892361135,14,0.31457747957306315,ml_v3bal_hi3,2025-12
279658,long,2025-12-11 23:35:00,2025-12-11 23:40:00,2025-12-12 00:53:00,4276.08,4271.695446696528,SL,-4.544553303472234,73,0.3155350099998324,ml_v3bal_hi3,2025-12
279673,long,2025-12-12 00:50:00,2025-12-12 00:55:00,2025-12-12 01:07:00,4270.735,4266.304857685416,SL,-4.590142314583338,12,0.31105541043824175,ml_v3bal_hi3,2025-12
279676,long,2025-12-12 01:05:00,2025-12-12 01:10:00,2025-12-12 01:28:00,4269.398,4264.954091296181,SL,-4.6039087038194495,18,0.3114725470420248,ml_v3bal_hi3,2025-12
279684,long,2025-12-12 01:45:00,2025-12-12 01:50:00,2025-12-12 04:16:00,4271.76,4267.292030870139,SL,-4.627969129861113,146,0.318027105229847,ml_v3bal_hi3,2025-12
279728,long,2025-12-12 05:25:00,2025-12-12 05:30:00,2025-12-12 07:07:00,4274.291,4285.440625,TP,10.989624999999986,97,0.31138881668370777,ml_v3bal_hi3,2025-12
279767,short,2025-12-12 08:40:00,2025-12-12 08:45:00,2025-12-12 08:54:00,4303.773,4307.9915867625,SL,-4.378586762499992,9,0.27392840253494766,ml_v3bal_hi3,2025-12
279770,short,2025-12-12 08:55:00,2025-12-12 09:00:00,2025-12-12 09:02:00,4308.023,4312.257476247222,SL,-4.394476247222214,2,0.2739384608187535,ml_v3bal_hi3,2025-12
279771,short,2025-12-12 09:00:00,2025-12-12 09:05:00,2025-12-12 09:14:00,4312.871,4317.116508406944,SL,-4.405508406944432,9,0.2734974311508992,ml_v3bal_hi3,2025-12
279773,short,2025-12-12 09:10:00,2025-12-12 09:15:00,2025-12-12 10:21:00,4316.558,4320.813822285764,SL,-4.4158222857638805,66,0.27978061676465815,ml_v3bal_hi3,2025-12
279787,short,2025-12-12 10:20:00,2025-12-12 10:25:00,2025-12-12 10:42:00,4321.485,4325.793113929166,SL,-4.468113929166657,17,0.2736793810173208,ml_v3bal_hi3,2025-12
279791,short,2025-12-12 10:40:00,2025-12-12 10:45:00,2025-12-12 11:02:00,4327.925,4332.27140504757,SL,-4.506405047569433,17,0.2807055020376379,ml_v3bal_hi3,2025-12
279795,short,2025-12-12 11:00:00,2025-12-12 11:05:00,2025-12-12 11:11:00,4333.584,4337.948084281944,SL,-4.5240842819444325,6,0.2828930270202805,ml_v3bal_hi3,2025-12
279797,short,2025-12-12 11:10:00,2025-12-12 11:15:00,2025-12-12 13:00:00,4335.755,4324.301052083333,TP,11.293947916666635,105,0.28225321053273233,ml_v3bal_hi3,2025-12
279821,short,2025-12-12 13:10:00,2025-12-12 13:15:00,2025-12-12 13:30:00,4336.96,4341.44295381875,SL,-4.642953818749976,15,0.28140271718580023,ml_v3bal_hi3,2025-12
279825,short,2025-12-12 13:30:00,2025-12-12 13:35:00,2025-12-12 14:51:00,4341.661,4346.187963405556,SL,-4.686963405555536,76,0.28466782982427374,ml_v3bal_hi3,2025-12
279841,short,2025-12-12 14:50:00,2025-12-12 14:55:00,2025-12-12 15:16:00,4349.465,4337.25375,TP,12.05124999999996,21,0.2820939838065941,ml_v3bal_hi3,2025-12
279846,short,2025-12-12 15:15:00,2025-12-12 15:20:00,2025-12-12 15:24:00,4326.574,4314.137281249999,TP,12.276718749999954,4,0.27559627286337207,ml_v3bal_hi3,2025-12
279862,short,2025-12-12 16:35:00,2025-12-12 16:40:00,2025-12-12 16:44:00,4266.42,4271.70329732257,SL,-5.443297322569424,4,0.29252825371168445,ml_v3bal_hi3,2025-12
279863,short,2025-12-12 16:40:00,2025-12-12 16:45:00,2025-12-12 16:48:00,4273.966,4279.2664328857645,SL,-5.460432885763874,3,0.28912344005262447,ml_v3bal_hi3,2025-12
279864,short,2025-12-12 16:45:00,2025-12-12 16:50:00,2025-12-12 17:01:00,4278.418,4283.736659759722,SL,-5.4786597597222055,11,0.295125213183387,ml_v3bal_hi3,2025-12
279867,short,2025-12-12 17:00:00,2025-12-12 17:05:00,2025-12-12 17:19:00,4276.939,4282.2783787906255,SL,-5.499378790624985,14,0.2877122255817611,ml_v3bal_hi3,2025-12
279870,short,2025-12-12 17:15:00,2025-12-12 17:20:00,2025-12-12 17:22:00,4283.194,4288.560994905556,SL,-5.526994905555541,2,0.2946767208513545,ml_v3bal_hi3,2025-12
279871,short,2025-12-12 17:20:00,2025-12-12 17:25:00,2025-12-12 17:42:00,4289.411,4294.800646548611,SL,-5.549646548611098,17,0.28117568766444195,ml_v3bal_hi3,2025-12
279875,short,2025-12-12 17:40:00,2025-12-12 17:45:00,2025-12-12 18:08:00,4293.584,4299.025053238194,SL,-5.601053238194427,23,0.2798382628773971,ml_v3bal_hi3,2025-12
279880,short,2025-12-12 18:05:00,2025-12-12 18:10:00,2025-12-12 18:12:00,4297.501,4302.885725729167,SL,-5.544725729166651,2,0.27176165425541565,ml_v3bal_hi3,2025-12
279884,short,2025-12-12 18:25:00,2025-12-12 18:30:00,2025-12-12 20:05:00,4295.423,4300.787324170486,SL,-5.524324170486096,95,0.271443588969733,ml_v3bal_hi3,2025-12
279904,long,2025-12-12 20:05:00,2025-12-12 20:10:00,2025-12-12 20:18:00,4302.62,4297.2882683215275,SL,-5.49173167847221,8,0.3249431133177787,ml_v3bal_hi3,2025-12
279906,long,2025-12-12 20:15:00,2025-12-12 20:20:00,2025-12-12 20:26:00,4299.337,4294.020066495486,SL,-5.476933504513871,6,0.3272140651848823,ml_v3bal_hi3,2025-12
279908,long,2025-12-12 20:25:00,2025-12-12 20:30:00,2025-12-14 23:08:00,4293.346,4307.363375,TP,13.857374999999967,93,0.31930895734740383,ml_v3bal_hi3,2025-12
279928,short,2025-12-14 23:05:00,2025-12-14 23:10:00,2025-12-15 01:03:00,4307.539,4312.874362767014,SL,-5.495362767013879,113,0.27326715655000533,ml_v3bal_hi3,2025-12
279958,short,2025-12-15 01:35:00,2025-12-15 01:40:00,2025-12-15 02:07:00,4321.327,4326.757727454167,SL,-5.590727454166654,27,0.2738331504577365,ml_v3bal_hi3,2025-12
279964,short,2025-12-15 02:05:00,2025-12-15 02:10:00,2025-12-15 05:28:00,4325.769,4331.20189023368,SL,-5.592890233680539,198,0.27869376590231465,ml_v3bal_hi3,2025-12
280004,short,2025-12-15 05:25:00,2025-12-15 05:30:00,2025-12-15 05:32:00,4329.635,4335.03980187882,SL,-5.564801878819418,2,0.291734155966972,ml_v3bal_hi3,2025-12
280005,short,2025-12-15 05:30:00,2025-12-15 05:35:00,2025-12-15 05:54:00,4336.61,4342.037798772916,SL,-5.587798772916645,19,0.2762162878757744,ml_v3bal_hi3,2025-12
280009,short,2025-12-15 05:50:00,2025-12-15 05:55:00,2025-12-15 06:46:00,4341.701,4347.164129462847,SL,-5.623129462847201,51,0.2783949362367152,ml_v3bal_hi3,2025-12
280020,short,2025-12-15 06:45:00,2025-12-15 06:50:00,2025-12-15 12:50:00,4345.726,4345.605,TIMEOUT,-0.038999999999905416,360,0.2897147374480723,ml_v3bal_hi3,2025-12
280093,short,2025-12-15 12:50:00,2025-12-15 12:55:00,2025-12-15 13:59:00,4346.176,4332.430552083334,TP,13.585447916666649,64,0.272957817691416,ml_v3bal_hi3,2025-12
280106,short,2025-12-15 13:55:00,2025-12-15 14:00:00,2025-12-15 14:53:00,4332.291,4318.370708333334,TP,13.760291666666685,53,0.279806724104186,ml_v3bal_hi3,2025-12
280118,short,2025-12-15 14:55:00,2025-12-15 15:00:00,2025-12-15 16:04:00,4323.555,4309.498552083333,TP,13.896447916666684,64,0.27792758684105434,ml_v3bal_hi3,2025-12
280165,long,2025-12-15 18:50:00,2025-12-15 18:55:00,2025-12-15 20:20:00,4310.737,4306.18632935625,SL,-4.710670643750021,85,0.31830744251102516,ml_v3bal_hi3,2025-12
280184,long,2025-12-15 20:25:00,2025-12-15 20:30:00,2025-12-15 20:34:00,4305.161,4300.73059180243,SL,-4.5904081975694675,4,0.31287621546698696,ml_v3bal_hi3,2025-12
280187,long,2025-12-15 20:40:00,2025-12-15 20:45:00,2025-12-15 21:08:00,4305.64,4301.196396863194,SL,-4.603603136805582,23,0.3138972550538093,ml_v3bal_hi3,2025-12
280192,long,2025-12-15 21:05:00,2025-12-15 21:10:00,2025-12-16 01:31:00,4302.435,4314.096354166667,TP,11.50135416666672,199,0.3130097071775825,ml_v3bal_hi3,2025-12
280236,short,2025-12-16 01:45:00,2025-12-16 01:50:00,2025-12-16 02:53:00,4312.04,4300.692395833334,TP,11.18760416666673,63,0.2758221471739184,ml_v3bal_hi3,2025-12
280249,short,2025-12-16 02:50:00,2025-12-16 02:55:00,2025-12-16 03:14:00,4293.424,4282.046791666667,TP,11.217208333333394,19,0.2860972566707255,ml_v3bal_hi3,2025-12
280253,short,2025-12-16 03:10:00,2025-12-16 03:15:00,2025-12-16 03:17:00,4282.238,4286.635498233333,SL,-4.557498233333365,2,0.27268154546153983,ml_v3bal_hi3,2025-12
280270,long,2025-12-16 04:35:00,2025-12-16 04:40:00,2025-12-16 05:14:00,4290.616,4286.2267877916665,SL,-4.549212208333384,34,0.31059487325095947,ml_v3bal_hi3,2025-12
280285,long,2025-12-16 05:50:00,2025-12-16 05:55:00,2025-12-16 07:23:00,4285.822,4281.345740876736,SL,-4.6362591232639305,88,0.31287497443103607,ml_v3bal_hi3,2025-12
280303,short,2025-12-16 07:20:00,2025-12-16 07:25:00,2025-12-16 07:34:00,4282.187,4286.670303038194,SL,-4.643303038194488,9,0.2855683080805584,ml_v3bal_hi3,2025-12
280307,short,2025-12-16 07:40:00,2025-12-16 07:45:00,2025-12-16 08:03:00,4284.09,4288.60466929375,SL,-4.674669293750038,18,0.27245403807511703,ml_v3bal_hi3,2025-12
280311,long,2025-12-16 08:00:00,2025-12-16 08:05:00,2025-12-16 08:07:00,4287.262,4282.738961344791,SL,-4.683038655208362,2,0.3115510807647687,ml_v3bal_hi3,2025-12
280312,short,2025-12-16 08:05:00,2025-12-16 08:10:00,2025-12-16 12:14:00,4283.569,4288.105908222917,SL,-4.696908222916691,244,0.280200187551069,ml_v3bal_hi3,2025-12
280362,long,2025-12-16 12:15:00,2025-12-16 12:20:00,2025-12-16 13:30:00,4290.927,4303.012760416666,TP,11.925760416666744,70,0.31560598807803053,ml_v3bal_hi3,2025-12
280394,short,2025-12-16 14:55:00,2025-12-16 15:00:00,2025-12-16 15:04:00,4323.73,4328.598361128124,SL,-5.0283611281250185,4,0.2762553464195531,ml_v3bal_hi3,2025-12
280397,short,2025-12-16 15:10:00,2025-12-16 15:15:00,2025-12-16 15:20:00,4325.345,4312.4433125000005,TP,12.741687500000054,5,0.27847362268183645,ml_v3bal_hi3,2025-12
280399,short,2025-12-16 15:20:00,2025-12-16 15:25:00,2025-12-16 15:32:00,4321.947,4326.9096146625,SL,-5.122614662500019,7,0.2878833334467214,ml_v3bal_hi3,2025-12
280402,short,2025-12-16 15:35:00,2025-12-16 15:40:00,2025-12-16 15:49:00,4323.059,4328.030797546528,SL,-5.131797546527798,9,0.2739196341059011,ml_v3bal_hi3,2025-12
280406,short,2025-12-16 15:55:00,2025-12-16 16:00:00,2025-12-16 16:17:00,4319.937,4307.01675,TP,12.760250000000056,17,0.2919305782339376,ml_v3bal_hi3,2025-12
280410,short,2025-12-16 16:15:00,2025-12-16 16:20:00,2025-12-16 16:25:00,4307.589,4312.468504403125,SL,-5.039504403125025,5,0.27115171815824834,ml_v3bal_hi3,2025-12
280419,short,2025-12-16 17:00:00,2025-12-16 17:05:00,2025-12-16 18:48:00,4306.965,4311.764858559375,SL,-4.959858559375015,103,0.27308694686365453,ml_v3bal_hi3,2025-12
280468,long,2025-12-16 21:05:00,2025-12-16 21:10:00,2025-12-17 00:18:00,4301.955,4314.409677083333,TP,12.294677083333319,126,0.31243747050164883,ml_v3bal_hi3,2025-12
280504,short,2025-12-17 01:05:00,2025-12-17 01:10:00,2025-12-17 01:33:00,4316.986,4321.623868357986,SL,-4.797868357986121,23,0.2702767897664784,ml_v3bal_hi3,2025-12
280513,long,2025-12-17 01:50:00,2025-12-17 01:55:00,2025-12-17 02:08:00,4325.585,4320.903145865625,SL,-4.841854134375012,13,0.32747826170810557,ml_v3bal_hi3,2025-12
280521,short,2025-12-17 02:30:00,2025-12-17 02:35:00,2025-12-17 03:42:00,4317.601,4322.273024400694,SL,-4.832024400694446,67,0.27537064953124796,ml_v3bal_hi3,2025-12
280538,long,2025-12-17 03:55:00,2025-12-17 04:00:00,2025-12-17 05:23:00,4323.566,4335.6251041666665,TP,11.899104166666676,83,0.3115262566130068,ml_v3bal_hi3,2025-12
280575,short,2025-12-17 07:00:00,2025-12-17 07:05:00,2025-12-17 08:08:00,4325.51,4313.578770833334,TP,11.77122916666664,63,0.2783046225161404,ml_v3bal_hi3,2025-12
280653,long,2025-12-17 13:30:00,2025-12-17 13:35:00,2025-12-17 14:00:00,4332.563,4344.456697916667,TP,11.733697916666593,25,0.32216071438083793,ml_v3bal_hi3,2025-12
280659,long,2025-12-17 14:00:00,2025-12-17 14:05:00,2025-12-17 14:10:00,4344.703,4340.106208579167,SL,-4.756791420833301,5,0.3203344204091293,ml_v3bal_hi3,2025-12
280661,short,2025-12-17 14:10:00,2025-12-17 14:15:00,2025-12-17 14:31:00,4327.387,4332.028475636111,SL,-4.801475636111079,16,0.2711171626224358,ml_v3bal_hi3,2025-12
280665,long,2025-12-17 14:30:00,2025-12-17 14:35:00,2025-12-17 14:36:00,4337.348,4332.690234070486,SL,-4.817765929513864,1,0.31772186486833665,ml_v3bal_hi3,2025-12
280667,long,2025-12-17 14:40:00,2025-12-17 14:45:00,2025-12-17 15:19:00,4338.151,4333.481364577778,SL,-4.829635422222193,34,0.3192643436681566,ml_v3bal_hi3,2025-12
280676,long,2025-12-17 15:25:00,2025-12-17 15:30:00,2025-12-17 15:36:00,4343.514,4338.792362627778,SL,-4.8816373722221975,6,0.3169353436118312,ml_v3bal_hi3,2025-12
280678,short,2025-12-17 15:35:00,2025-12-17 15:40:00,2025-12-17 16:26:00,4334.635,4322.136572916667,TP,12.338427083333269,46,0.2821135905592661,ml_v3bal_hi3,2025-12
280688,short,2025-12-17 16:25:00,2025-12-17 16:30:00,2025-12-17 16:44:00,4326.602,4331.33734820382,SL,-4.8953482038194185,14,0.2819547470994028,ml_v3bal_hi3,2025-12
280691,short,2025-12-17 16:40:00,2025-12-17 16:45:00,2025-12-17 17:22:00,4333.154,4337.876296127084,SL,-4.8822961270833165,37,0.2816212561934214,ml_v3bal_hi3,2025-12
280699,short,2025-12-17 17:20:00,2025-12-17 17:25:00,2025-12-17 18:00:00,4337.864,4342.536738713194,SL,-4.832738713194433,35,0.26992142481813935,ml_v3bal_hi3,2025-12
280733,long,2025-12-17 20:10:00,2025-12-17 20:15:00,2025-12-18 00:49:00,4339.197,4334.628419954514,SL,-4.728580045486091,205,0.31986462806556903,ml_v3bal_hi3,2025-12
280783,long,2025-12-18 01:25:00,2025-12-18 01:30:00,2025-12-18 02:35:00,4324.966,4337.019822916667,TP,11.893822916666593,65,0.3104043664607381,ml_v3bal_hi3,2025-12
280810,long,2025-12-18 03:40:00,2025-12-18 03:45:00,2025-12-18 08:04:00,4332.246,4327.735922148264,SL,-4.670077851736094,259,0.312081081195271,ml_v3bal_hi3,2025-12
280871,long,2025-12-18 08:45:00,2025-12-18 08:50:00,2025-12-18 08:55:00,4328.665,4324.411923848958,SL,-4.413076151041666,5,0.311003112822444,ml_v3bal_hi3,2025-12
280878,long,2025-12-18 09:20:00,2025-12-18 09:25:00,2025-12-18 09:42:00,4325.901,4321.686961027083,SL,-4.374038972916675,17,0.31142774760793257,ml_v3bal_hi3,2025-12
280897,short,2025-12-18 10:55:00,2025-12-18 11:00:00,2025-12-18 13:30:00,4325.312,4329.463254872569,SL,-4.31125487256946,150,0.27403191993890064,ml_v3bal_hi3,2025-12
280928,short,2025-12-18 13:30:00,2025-12-18 13:35:00,2025-12-18 13:37:00,4329.358,4333.536803524653,SL,-4.33880352465279,2,0.2858515265926017,ml_v3bal_hi3,2025-12
280933,short,2025-12-18 13:55:00,2025-12-18 14:00:00,2025-12-18 14:02:00,4336.591,4340.840079969445,SL,-4.409079969444445,2,0.2712781547679741,ml_v3bal_hi3,2025-12
280936,short,2025-12-18 14:10:00,2025-12-18 14:15:00,2025-12-18 14:33:00,4336.429,4340.696310811805,SL,-4.42731081180556,18,0.27868042316591335,ml_v3bal_hi3,2025-12
280940,short,2025-12-18 14:30:00,2025-12-18 14:35:00,2025-12-18 14:41:00,4334.224,4322.988208333333,TP,11.075791666666671,6,0.28471912741333166,ml_v3bal_hi3,2025-12
280944,short,2025-12-18 14:50:00,2025-12-18 14:55:00,2025-12-18 14:56:00,4323.455,4327.823743186806,SL,-4.528743186805558,1,0.2803405255046479,ml_v3bal_hi3,2025-12
280945,short,2025-12-18 14:55:00,2025-12-18 15:00:00,2025-12-18 15:01:00,4328.563,4332.941580857292,SL,-4.53858085729167,1,0.29511572718292395,ml_v3bal_hi3,2025-12
280946,short,2025-12-18 15:00:00,2025-12-18 15:05:00,2025-12-18 15:32:00,4333.491,4337.872180161111,SL,-4.5411801611111136,27,0.28534621297985235,ml_v3bal_hi3,2025-12
280952,short,2025-12-18 15:30:00,2025-12-18 15:35:00,2025-12-18 16:02:00,4339.157,4343.524913790625,SL,-4.5279137906249955,27,0.28222315879752446,ml_v3bal_hi3,2025-12
280959,short,2025-12-18 16:05:00,2025-12-18 16:10:00,2025-12-18 16:11:00,4346.885,4351.171478197222,SL,-4.446478197222219,1,0.27356424303939153,ml_v3bal_hi3,2025-12
280960,long,2025-12-18 16:10:00,2025-12-18 16:15:00,2025-12-18 16:20:00,4362.408,4373.813125000001,TP,11.245124999999998,5,0.3116599004155345,ml_v3bal_hi3,2025-12
280962,long,2025-12-18 16:20:00,2025-12-18 16:25:00,2025-12-18 16:32:00,4368.077,4363.722281148612,SL,-4.514718851388885,7,0.3149305115824885,ml_v3bal_hi3,2025-12
281000,long,2025-12-18 19:30:00,2025-12-18 19:35:00,2025-12-18 19:50:00,4331.299,4326.8637900350695,SL,-4.595209964930568,15,0.3136426632632596,ml_v3bal_hi3,2025-12
281004,long,2025-12-18 19:50:00,2025-12-18 19:55:00,2025-12-18 20:37:00,4324.443,4336.047739583333,TP,11.444739583333364,42,0.31041279187100956,ml_v3bal_hi3,2025-12
281014,long,2025-12-18 20:40:00,2025-12-18 20:45:00,2025-12-18 21:02:00,4335.942,4331.497682550695,SL,-4.604317449305568,17,0.31336225952516983,ml_v3bal_hi3,2025-12
281018,long,2025-12-18 21:00:00,2025-12-18 21:05:00,2025-12-19 00:18:00,4332.332,4327.907254713195,SL,-4.584745286805562,129,0.3202259272244483,ml_v3bal_hi3,2025-12
281045,long,2025-12-19 00:15:00,2025-12-19 00:20:00,2025-12-19 01:00:00,4328.538,4324.206420905208,SL,-4.491579094791674,40,0.32594788132066355,ml_v3bal_hi3,2025-12
281054,long,2025-12-19 01:00:00,2025-12-19 01:05:00,2025-12-19 01:24:00,4323.025,4318.668364410069,SL,-4.516635589930557,19,0.3121504356242864,ml_v3bal_hi3,2025-12
281058,long,2025-12-19 01:20:00,2025-12-19 01:25:00,2025-12-19 01:28:00,4317.987,4313.6024070125,SL,-4.544592987500005,3,0.31001404227225676,ml_v3bal_hi3,2025-12
281064,long,2025-12-19 01:50:00,2025-12-19 01:55:00,2025-12-19 02:37:00,4323.829,4319.363951614583,SL,-4.625048385416672,42,0.3102504495973245,ml_v3bal_hi3,2025-12
281074,short,2025-12-19 02:40:00,2025-12-19 02:45:00,2025-12-19 03:27:00,4316.109,4320.57031015,SL,-4.621310150000003,42,0.27697602044468606,ml_v3bal_hi3,2025-12
281106,long,2025-12-19 05:20:00,2025-12-19 05:25:00,2025-12-19 09:45:00,4319.87,4331.607572916667,TP,11.577572916666636,260,0.3112925985244068,ml_v3bal_hi3,2025-12
281204,long,2025-12-19 13:30:00,2025-12-19 13:35:00,2025-12-19 13:55:00,4332.454,4327.859506284375,SL,-4.754493715625001,20,0.31579694677222825,ml_v3bal_hi3,2025-12
281209,short,2025-12-19 13:55:00,2025-12-19 14:00:00,2025-12-19 14:07:00,4328.526,4333.1500622847225,SL,-4.784062284722224,7,0.2814274595989987,ml_v3bal_hi3,2025-12
281212,short,2025-12-19 14:10:00,2025-12-19 14:15:00,2025-12-19 14:31:00,4327.974,4332.605566534376,SL,-4.791566534375003,16,0.28375485706470455,ml_v3bal_hi3,2025-12
281216,short,2025-12-19 14:30:00,2025-12-19 14:35:00,2025-12-19 14:39:00,4332.509,4337.09414415868,SL,-4.745144158680555,4,0.2871395664229199,ml_v3bal_hi3,2025-12
281217,short,2025-12-19 14:35:00,2025-12-19 14:40:00,2025-12-19 14:47:00,4335.639,4323.609583333334,TP,11.869416666666663,7,0.28695632684371913,ml_v3bal_hi3,2025-12
281219,short,2025-12-19 14:45:00,2025-12-19 14:50:00,2025-12-19 14:56:00,4327.186,4331.810590082291,SL,-4.784590082291674,6,0.2881012082670438,ml_v3bal_hi3,2025-12
281221,short,2025-12-19 14:55:00,2025-12-19 15:00:00,2025-12-19 15:01:00,4332.544,4337.166578102083,SL,-4.782578102083339,1,0.27026368844650234,ml_v3bal_hi3,2025-12
281222,short,2025-12-19 15:00:00,2025-12-19 15:05:00,2025-12-19 15:08:00,4339.186,4343.805954987847,SL,-4.779954987847227,3,0.278409318806152,ml_v3bal_hi3,2025-12
281227,short,2025-12-19 15:25:00,2025-12-19 15:30:00,2025-12-19 15:31:00,4337.603,4342.2491543829865,SL,-4.8061543829861195,1,0.2704911397709652,ml_v3bal_hi3,2025-12
281232,short,2025-12-19 15:50:00,2025-12-19 15:55:00,2025-12-19 16:00:00,4345.657,4350.174824173959,SL,-4.67782417395835,5,0.2740824614042715,ml_v3bal_hi3,2025-12
281234,short,2025-12-19 16:00:00,2025-12-19 16:05:00,2025-12-19 17:49:00,4350.098,4354.594073358333,SL,-4.656073358333347,104,0.2845747413889129,ml_v3bal_hi3,2025-12
281255,short,2025-12-19 17:45:00,2025-12-19 17:50:00,2025-12-19 20:03:00,4354.147,4342.9346562499995,TP,11.05234375000004,133,0.2699466630196826,ml_v3bal_hi3,2025-12
281310,short,2025-12-21 23:20:00,2025-12-21 23:25:00,2025-12-21 23:46:00,4347.379,4351.017457865625,SL,-3.798457865625004,21,0.27594723717242553,ml_v3bal_hi3,2025-12
281318,long,2025-12-22 00:00:00,2025-12-22 00:05:00,2025-12-22 00:07:00,4362.524,4358.829742422917,SL,-3.854257577083332,2,0.3270072554507128,ml_v3bal_hi3,2025-12
281319,long,2025-12-22 00:05:00,2025-12-22 00:10:00,2025-12-22 01:00:00,4357.818,4367.588479166667,TP,9.610479166666671,50,0.3328443461790577,ml_v3bal_hi3,2025-12
281330,long,2025-12-22 01:00:00,2025-12-22 01:05:00,2025-12-22 01:09:00,4370.158,4366.360484582639,SL,-3.957515417361112,4,0.311786644151254,ml_v3bal_hi3,2025-12
281334,long,2025-12-22 01:20:00,2025-12-22 01:25:00,2025-12-22 01:39:00,4366.97,4377.068468750001,TP,9.938468750000004,14,0.3176586920428075,ml_v3bal_hi3,2025-12
281357,short,2025-12-22 03:15:00,2025-12-22 03:20:00,2025-12-22 03:46:00,4389.782,4393.615961228473,SL,-3.9939612284722164,26,0.27884322467711053,ml_v3bal_hi3,2025-12
281363,short,2025-12-22 03:45:00,2025-12-22 03:50:00,2025-12-22 04:49:00,4394.346,4398.152353050346,SL,-3.9663530503472155,59,0.27958814589159825,ml_v3bal_hi3,2025-12
281375,short,2025-12-22 04:45:00,2025-12-22 04:50:00,2025-12-22 05:13:00,4398.546,4402.311795973958,SL,-3.925795973958329,23,0.2815773737659659,ml_v3bal_hi3,2025-12
281380,short,2025-12-22 05:10:00,2025-12-22 05:15:00,2025-12-22 05:28:00,4401.118,4404.899804510765,SL,-3.9418045107638866,13,0.27568617643406745,ml_v3bal_hi3,2025-12
281383,short,2025-12-22 05:25:00,2025-12-22 05:30:00,2025-12-22 05:32:00,4404.779,4408.575590779515,SL,-3.956590779513878,2,0.28499847175981663,ml_v3bal_hi3,2025-12
281384,short,2025-12-22 05:30:00,2025-12-22 05:35:00,2025-12-22 06:46:00,4407.103,4410.9107300861115,SL,-3.9677300861111027,71,0.2840420174746787,ml_v3bal_hi3,2025-12
281399,short,2025-12-22 06:45:00,2025-12-22 06:50:00,2025-12-22 06:55:00,4412.214,4416.158370130555,SL,-4.10437013055555,5,0.27761562348893043,ml_v3bal_hi3,2025-12
281401,short,2025-12-22 06:55:00,2025-12-22 07:00:00,2025-12-22 08:37:00,4419.073,4408.671864583333,TP,10.241135416666639,97,0.283517243280915,ml_v3bal_hi3,2025-12
281432,short,2025-12-22 09:30:00,2025-12-22 09:35:00,2025-12-22 13:00:00,4412.375,4416.411425169792,SL,-4.196425169791647,205,0.2699947779330586,ml_v3bal_hi3,2025-12
281492,long,2025-12-22 14:30:00,2025-12-22 14:35:00,2025-12-22 15:13:00,4418.625,4414.486666246875,SL,-4.298333753124975,38,0.3120169720363124,ml_v3bal_hi3,2025-12
281500,long,2025-12-22 15:10:00,2025-12-22 15:15:00,2025-12-22 15:39:00,4416.061,4427.1978125,TP,10.976812499999925,24,0.32052328149381115,ml_v3bal_hi3,2025-12
281513,short,2025-12-22 16:15:00,2025-12-22 16:20:00,2025-12-22 21:26:00,4439.656,4443.840256110069,SL,-4.344256110069419,306,0.2722655181164221,ml_v3bal_hi3,2025-12
281576,long,2025-12-22 21:30:00,2025-12-22 21:35:00,2025-12-22 23:15:00,4446.471,4457.034135416666,TP,10.403135416666588,38,0.31295615241776964,ml_v3bal_hi3,2025-12
281586,short,2025-12-22 23:20:00,2025-12-22 23:25:00,2025-12-22 23:52:00,4457.396,4461.4548228350695,SL,-4.218822835069419,27,0.2714604060888517,ml_v3bal_hi3,2025-12
281592,short,2025-12-22 23:50:00,2025-12-22 23:55:00,2025-12-23 00:07:00,4460.77,4464.898710376389,SL,-4.288710376388859,12,0.2771062638645061,ml_v3bal_hi3,2025-12
281600,short,2025-12-23 00:30:00,2025-12-23 00:35:00,2025-12-23 01:00:00,4467.628,4471.7843899857635,SL,-4.316389985763861,25,0.27351164184855303,ml_v3bal_hi3,2025-12
281614,short,2025-12-23 01:40:00,2025-12-23 01:45:00,2025-12-23 01:52:00,4484.928,4489.151511550347,SL,-4.383511550347197,7,0.280333125222195,ml_v3bal_hi3,2025-12
281616,short,2025-12-23 01:50:00,2025-12-23 01:55:00,2025-12-23 02:32:00,4488.598,4492.842377412153,SL,-4.404377412152751,37,0.27248008178782845,ml_v3bal_hi3,2025-12
281624,short,2025-12-23 02:30:00,2025-12-23 02:35:00,2025-12-23 02:43:00,4492.796,4497.017904347223,SL,-4.381904347222205,8,0.27330389137346045,ml_v3bal_hi3,2025-12
281626,short,2025-12-23 02:40:00,2025-12-23 02:45:00,2025-12-23 03:18:00,4495.938,4484.918166666666,TP,10.859833333333281,33,0.2704552132039344,ml_v3bal_hi3,2025-12
281691,short,2025-12-23 08:05:00,2025-12-23 08:10:00,2025-12-23 08:44:00,4488.286,4492.384740998611,SL,-4.258740998611094,34,0.2811712686614778,ml_v3bal_hi3,2025-12
281699,short,2025-12-23 08:45:00,2025-12-23 08:50:00,2025-12-23 09:16:00,4490.384,4479.6886875,TP,10.535312499999963,26,0.28081925853059553,ml_v3bal_hi3,2025-12
281731,long,2025-12-23 11:25:00,2025-12-23 11:30:00,2025-12-23 13:14:00,4483.941,4494.633458333333,TP,10.53245833333334,104,0.311384429599046,ml_v3bal_hi3,2025-12
281764,long,2025-12-23 14:10:00,2025-12-23 14:15:00,2025-12-23 14:16:00,4469.815,4465.496730928125,SL,-4.4782690718749985,1,0.31237010529837006,ml_v3bal_hi3,2025-12
281765,long,2025-12-23 14:15:00,2025-12-23 14:20:00,2025-12-23 14:24:00,4468.086,4463.766496754862,SL,-4.479503245138886,4,0.3118426941155996,ml_v3bal_hi3,2025-12
281822,long,2025-12-23 19:00:00,2025-12-23 19:05:00,2025-12-23 19:20:00,4493.606,4489.012284091319,SL,-4.753715908680579,15,0.32275214871399227,ml_v3bal_hi3,2025-12
281827,long,2025-12-23 19:25:00,2025-12-23 19:30:00,2025-12-23 21:56:00,4489.986,4485.367910161458,SL,-4.7780898385417,146,0.31754286667339626,ml_v3bal_hi3,2025-12
281888,long,2025-12-24 01:30:00,2025-12-24 01:35:00,2025-12-24 02:02:00,4521.101,4516.189367407986,SL,-5.071632592013902,27,0.31330471523409176,ml_v3bal_hi3,2025-12
281954,long,2025-12-24 07:00:00,2025-12-24 07:05:00,2025-12-24 07:45:00,4493.126,4488.0200942500005,SL,-5.265905750000027,40,0.3104074099585572,ml_v3bal_hi3,2025-12
281987,short,2025-12-24 09:45:00,2025-12-24 09:50:00,2025-12-24 10:04:00,4494.149,4499.364854317361,SL,-5.375854317361142,14,0.2738264254044894,ml_v3bal_hi3,2025-12
281993,short,2025-12-24 10:15:00,2025-12-24 10:20:00,2025-12-24 13:20:00,4493.177,4479.448708333333,TP,13.568291666666724,180,0.2845705186869362,ml_v3bal_hi3,2025-12
282044,short,2025-12-24 14:30:00,2025-12-24 14:35:00,2025-12-24 14:38:00,4488.155,4473.932218749999,TP,14.062781250000045,3,0.2791397588267132,ml_v3bal_hi3,2025-12
282050,short,2025-12-24 15:00:00,2025-12-24 15:05:00,2025-12-24 15:15:00,4469.809,4475.33670728125,SL,-5.68770728125002,10,0.27622838485382045,ml_v3bal_hi3,2025-12
282053,short,2025-12-24 15:15:00,2025-12-24 15:20:00,2025-12-24 15:42:00,4468.035,4453.588041666667,TP,14.286958333333384,22,0.2700649218573376,ml_v3bal_hi3,2025-12
282096,long,2025-12-25 23:30:00,2025-12-25 23:35:00,2025-12-26 00:26:00,4492.147,4505.89003125,TP,13.58303125000001,51,0.3116404520075905,ml_v3bal_hi3,2025-12
282107,short,2025-12-26 00:25:00,2025-12-26 00:30:00,2025-12-26 00:52:00,4507.118,4512.396721754167,SL,-5.438721754166668,22,0.2723422172076164,ml_v3bal_hi3,2025-12
282112,long,2025-12-26 00:50:00,2025-12-26 00:55:00,2025-12-26 01:05:00,4517.169,4530.954270833333,TP,13.625270833333346,10,0.32592937025291513,ml_v3bal_hi3,2025-12
282115,short,2025-12-26 01:05:00,2025-12-26 01:10:00,2025-12-26 01:42:00,4519.606,4505.657375,TP,13.788625000000003,32,0.2760951776172843,ml_v3bal_hi3,2025-12
282122,short,2025-12-26 01:40:00,2025-12-26 01:45:00,2025-12-26 02:32:00,4506.979,4492.578166666667,TP,14.240833333333349,47,0.27347126079450434,ml_v3bal_hi3,2025-12
282132,short,2025-12-26 02:30:00,2025-12-26 02:35:00,2025-12-26 02:50:00,4497.711,4503.320107159028,SL,-5.769107159027785,15,0.27360027589109204,ml_v3bal_hi3,2025-12
282136,short,2025-12-26 02:50:00,2025-12-26 02:55:00,2025-12-26 03:15:00,4507.323,4512.933619120487,SL,-5.770619120486127,20,0.2720967536208968,ml_v3bal_hi3,2025-12
282141,short,2025-12-26 03:15:00,2025-12-26 03:20:00,2025-12-26 06:23:00,4511.057,4516.721462409375,SL,-5.824462409375017,183,0.2755699609754424,ml_v3bal_hi3,2025-12
282178,short,2025-12-26 06:20:00,2025-12-26 06:25:00,2025-12-26 10:19:00,4516.317,4521.748433829861,SL,-5.591433829861152,234,0.2833210806725013,ml_v3bal_hi3,2025-12
282225,long,2025-12-26 10:15:00,2025-12-26 10:20:00,2025-12-26 10:36:00,4522.787,4517.732973179514,SL,-5.21402682048614,16,0.3121485316351619,ml_v3bal_hi3,2025-12
282229,short,2025-12-26 10:35:00,2025-12-26 10:40:00,2025-12-26 11:10:00,4517.911,4504.6803854166665,TP,13.070614583333402,30,0.2716567072402035,ml_v3bal_hi3,2025-12
282237,short,2025-12-26 11:15:00,2025-12-26 11:20:00,2025-12-26 13:17:00,4511.459,4516.481128798958,SL,-5.18212879895836,117,0.27642870775391903,ml_v3bal_hi3,2025-12
282261,short,2025-12-26 13:15:00,2025-12-26 13:20:00,2025-12-26 13:30:00,4515.036,4520.085193305903,SL,-5.209193305902789,10,0.2792693161123022,ml_v3bal_hi3,2025-12
282268,short,2025-12-26 13:50:00,2025-12-26 13:55:00,2025-12-26 14:00:00,4520.989,4526.085397456944,SL,-5.2563974569444545,5,0.2691321317429022,ml_v3bal_hi3,2025-12
282275,short,2025-12-26 14:25:00,2025-12-26 14:30:00,2025-12-26 14:47:00,4529.392,4515.9785624999995,TP,13.253437500000032,17,0.2691530976767019,ml_v3bal_hi3,2025-12
282279,short,2025-12-26 14:45:00,2025-12-26 14:50:00,2025-12-26 14:56:00,4517.625,4522.8183772840275,SL,-5.353377284027792,6,0.29814452867455044,ml_v3bal_hi3,2025-12
282281,short,2025-12-26 14:55:00,2025-12-26 15:00:00,2025-12-26 15:06:00,4521.042,4526.261632236806,SL,-5.379632236805576,6,0.2760414574617819,ml_v3bal_hi3,2025-12
282308,short,2025-12-26 17:10:00,2025-12-26 17:15:00,2025-12-26 17:33:00,4526.305,4511.786510416667,TP,14.358489583333366,18,0.28686262360952686,ml_v3bal_hi3,2025-12
282315,short,2025-12-26 17:45:00,2025-12-26 17:50:00,2025-12-26 18:41:00,4522.407,4528.051199744792,SL,-5.804199744791681,51,0.287373482069902,ml_v3bal_hi3,2025-12
282326,short,2025-12-26 18:40:00,2025-12-26 18:45:00,2025-12-26 19:18:00,4529.578,4535.254145387154,SL,-5.8361453871527855,33,0.28684891649239497,ml_v3bal_hi3,2025-12
282333,short,2025-12-26 19:15:00,2025-12-26 19:20:00,2025-12-26 19:55:00,4535.497,4520.796645833334,TP,14.540354166666688,35,0.26918056350859376,ml_v3bal_hi3,2025-12
282341,short,2025-12-26 19:55:00,2025-12-26 20:00:00,2025-12-26 20:04:00,4523.883,4529.303242934027,SL,-5.580242934027783,4,0.2811980363521494,ml_v3bal_hi3,2025-12
282342,short,2025-12-26 20:00:00,2025-12-26 20:05:00,2025-12-28 23:01:00,4530.311,4535.726941185417,SL,-5.5759411854166725,113,0.2737103220615305,ml_v3bal_hi3,2025-12
282375,short,2025-12-28 23:45:00,2025-12-28 23:50:00,2025-12-29 00:02:00,4530.092,4515.88853125,TP,14.04346875000006,12,0.27032001266314376,ml_v3bal_hi3,2025-12
282382,short,2025-12-29 00:20:00,2025-12-29 00:25:00,2025-12-29 00:30:00,4494.048,4479.43715625,TP,14.450843750000072,5,0.27777889500981057,ml_v3bal_hi3,2025-12
282384,short,2025-12-29 00:30:00,2025-12-29 00:35:00,2025-12-29 00:40:00,4497.099,4502.778701076042,SL,-5.839701076041687,5,0.28409485648995125,ml_v3bal_hi3,2025-12
282386,short,2025-12-29 00:40:00,2025-12-29 00:45:00,2025-12-29 00:46:00,4489.747,4495.488258939931,SL,-5.9012589399305755,1,0.27916023265248024,ml_v3bal_hi3,2025-12
282387,short,2025-12-29 00:45:00,2025-12-29 00:50:00,2025-12-29 01:09:00,4503.942,4509.736213306597,SL,-5.9542133065972385,19,0.2789660556209632,ml_v3bal_hi3,2025-12
282391,short,2025-12-29 01:05:00,2025-12-29 01:10:00,2025-12-29 01:13:00,4507.728,4513.5926484875,SL,-6.024648487500012,3,0.2764680100572654,ml_v3bal_hi3,2025-12
282393,short,2025-12-29 01:15:00,2025-12-29 01:20:00,2025-12-29 01:41:00,4510.055,4494.559208333334,TP,15.3357916666667,21,0.26915728360946456,ml_v3bal_hi3,2025-12
282398,short,2025-12-29 01:40:00,2025-12-29 01:45:00,2025-12-29 02:03:00,4501.631,4507.64339609132,SL,-6.172396091319452,18,0.28503069411640847,ml_v3bal_hi3,2025-12
282404,short,2025-12-29 02:10:00,2025-12-29 02:15:00,2025-12-29 02:27:00,4507.223,4513.198807417708,SL,-6.135807417708341,12,0.27032291703260053,ml_v3bal_hi3,2025-12
282414,long,2025-12-29 03:00:00,2025-12-29 03:05:00,2025-12-29 05:59:00,4511.747,4505.872605115278,SL,-6.034394884722227,174,0.3139045224257761,ml_v3bal_hi3,2025-12
282479,long,2025-12-29 08:25:00,2025-12-29 08:30:00,2025-12-29 08:38:00,4480.022,4473.482159527083,SL,-6.699840472916645,8,0.3126883695762235,ml_v3bal_hi3,2025-12
282483,short,2025-12-29 08:45:00,2025-12-29 08:50:00,2025-12-29 09:18:00,4461.241,4467.854811500694,SL,-6.773811500694425,28,0.28682866165078635,ml_v3bal_hi3,2025-12
282489,short,2025-12-29 09:15:00,2025-12-29 09:20:00,2025-12-29 09:44:00,4465.733,4472.444557229514,SL,-6.87155722951387,24,0.2820956670257271,ml_v3bal_hi3,2025-12
282495,long,2025-12-29 09:45:00,2025-12-29 09:50:00,2025-12-29 10:27:00,4472.0,4465.207566721875,SL,-6.95243327812499,37,0.3124700824658948,ml_v3bal_hi3,2025-12
282503,short,2025-12-29 10:25:00,2025-12-29 10:30:00,2025-12-29 11:40:00,4462.828,4444.892593750001,TP,17.775406250000007,70,0.27746651699272995,ml_v3bal_hi3,2025-12
282518,short,2025-12-29 11:40:00,2025-12-29 11:45:00,2025-12-29 12:39:00,4452.945,4459.945746645139,SL,-7.160746645138901,54,0.2754722672101646,ml_v3bal_hi3,2025-12
282540,short,2025-12-29 13:30:00,2025-12-29 13:35:00,2025-12-29 13:42:00,4450.339,4431.62384375,TP,18.555156250000014,7,0.26938169821632346,ml_v3bal_hi3,2025-12
282554,short,2025-12-29 14:40:00,2025-12-29 14:45:00,2025-12-29 14:46:00,4373.486,4381.222929012847,SL,-7.896929012847233,1,0.27145453438941225,ml_v3bal_hi3,2025-12
282586,long,2025-12-29 17:20:00,2025-12-29 17:25:00,2025-12-29 17:38:00,4325.743,4317.372313095139,SL,-8.530686904861144,13,0.31537451011085327,ml_v3bal_hi3,2025-12
282602,long,2025-12-29 18:40:00,2025-12-29 18:45:00,2025-12-30 01:49:00,4330.558,4352.528114583333,TP,21.810114583333394,360,0.3171075747623425,ml_v3bal_hi3,2025-12
282721,short,2025-12-30 05:35:00,2025-12-30 05:40:00,2025-12-30 08:27:00,4378.127,4357.59203125,TP,20.37496874999998,167,0.27046467155826587,ml_v3bal_hi3,2025-12
282772,long,2025-12-30 09:50:00,2025-12-30 09:55:00,2025-12-30 10:32:00,4371.97,4391.304645833334,TP,19.174645833333347,37,0.3108850757793669,ml_v3bal_hi3,2025-12
282800,short,2025-12-30 12:10:00,2025-12-30 12:15:00,2025-12-30 13:00:00,4396.164,4403.437304484722,SL,-7.433304484722208,45,0.27228750205850205,ml_v3bal_hi3,2025-12
282813,short,2025-12-30 13:15:00,2025-12-30 13:20:00,2025-12-30 14:40:00,4391.716,4372.930875,TP,18.625124999999965,80,0.2708370230278929,ml_v3bal_hi3,2025-12
282887,long,2025-12-30 19:25:00,2025-12-30 19:30:00,2025-12-30 19:45:00,4365.886,4359.814367560417,SL,-6.231632439583315,15,0.310490278113996,ml_v3bal_hi3,2025-12
282891,long,2025-12-30 19:45:00,2025-12-30 19:50:00,2025-12-30 19:52:00,4349.812,4343.713406231945,SL,-6.2585937680555395,2,0.31060640671793327,ml_v3bal_hi3,2025-12
282893,long,2025-12-30 19:55:00,2025-12-30 20:00:00,2025-12-30 20:03:00,4348.649,4342.4907889170145,SL,-6.3182110829860925,3,0.31222437480036125,ml_v3bal_hi3,2025-12
282898,long,2025-12-30 20:20:00,2025-12-30 20:25:00,2025-12-30 20:54:00,4348.745,4342.553994036458,SL,-6.3510059635416445,29,0.3124504105145107,ml_v3bal_hi3,2025-12
282906,long,2025-12-30 21:00:00,2025-12-30 21:05:00,2025-12-30 21:52:00,4346.987,4340.734428235764,SL,-6.4125717642361,47,0.313783751516975,ml_v3bal_hi3,2025-12
282916,long,2025-12-30 21:50:00,2025-12-30 21:55:00,2025-12-30 23:28:00,4338.482,4332.326110432639,SL,-6.315889567361099,30,0.31064619281832084,ml_v3bal_hi3,2025-12
282930,long,2025-12-31 00:00:00,2025-12-31 00:05:00,2025-12-31 00:26:00,4341.965,4335.721015859375,SL,-6.403984140625008,21,0.32254929675041133,ml_v3bal_hi3,2025-12
282935,short,2025-12-31 00:25:00,2025-12-31 00:30:00,2025-12-31 00:38:00,4336.48,4342.640770702777,SL,-6.320770702777779,8,0.2851110560787269,ml_v3bal_hi3,2025-12
282937,long,2025-12-31 00:35:00,2025-12-31 00:40:00,2025-12-31 00:49:00,4343.364,4337.173545644444,SL,-6.350454355555558,9,0.3173332230145107,ml_v3bal_hi3,2025-12
282939,short,2025-12-31 00:45:00,2025-12-31 00:50:00,2025-12-31 00:58:00,4337.214,4343.401501863889,SL,-6.347501863888892,8,0.28246254764073914,ml_v3bal_hi3,2025-12
282941,long,2025-12-31 00:55:00,2025-12-31 01:00:00,2025-12-31 01:25:00,4342.377,4358.61546875,TP,16.078468749999992,25,0.31575666525904045,ml_v3bal_hi3,2025-12
282967,short,2025-12-31 03:05:00,2025-12-31 03:10:00,2025-12-31 04:56:00,4353.913,4337.575635416666,TP,16.17736458333333,106,0.26993588401195434,ml_v3bal_hi3,2025-12
282998,short,2025-12-31 05:40:00,2025-12-31 05:45:00,2025-12-31 05:48:00,4324.838,4307.9961875,TP,16.681812500000003,3,0.2717624567402645,ml_v3bal_hi3,2025-12
283013,long,2025-12-31 06:55:00,2025-12-31 07:00:00,2025-12-31 08:10:00,4328.054,4321.186159132291,SL,-7.027840867708338,70,0.3110919163519512,ml_v3bal_hi3,2025-12
283028,long,2025-12-31 08:10:00,2025-12-31 08:15:00,2025-12-31 08:46:00,4322.992,4316.145663906945,SL,-7.0063360930555465,31,0.3138164595657955,ml_v3bal_hi3,2025-12
283038,short,2025-12-31 09:00:00,2025-12-31 09:05:00,2025-12-31 09:23:00,4312.966,4319.8117646430555,SL,-7.005764643055539,18,0.2750970857736259,ml_v3bal_hi3,2025-12
283044,long,2025-12-31 09:30:00,2025-12-31 09:35:00,2025-12-31 10:30:00,4324.444,4317.63727253507,SL,-6.96672746493054,55,0.3111337588443738,ml_v3bal_hi3,2025-12
283062,short,2025-12-31 11:00:00,2025-12-31 11:05:00,2025-12-31 11:08:00,4304.871,4311.824502810069,SL,-7.113502810069432,3,0.2703732379164984,ml_v3bal_hi3,2025-12
283068,long,2025-12-31 11:30:00,2025-12-31 11:35:00,2025-12-31 12:24:00,4310.741,4303.812446538194,SL,-7.088553461805546,49,0.31074334873273396,ml_v3bal_hi3,2025-12
283125,short,2025-12-31 16:15:00,2025-12-31 16:20:00,2025-12-31 19:36:00,4329.116,4310.793760416666,TP,18.16223958333328,196,0.2725289138477367,ml_v3bal_hi3,2025-12
283165,long,2025-12-31 19:35:00,2025-12-31 19:40:00,2026-01-01 23:05:00,4309.354,4327.213697916667,TP,17.080697916666562,138,0.3385742485381653,ml_v3bal_hi3,2025-12
283218,short,2026-01-02 01:05:00,2026-01-02 01:10:00,2026-01-02 01:50:00,4346.255,4353.014797133681,SL,-6.919797133680504,40,0.3010285772744644,ml_v3bal_hi3,2026-01
283228,short,2026-01-02 01:55:00,2026-01-02 02:00:00,2026-01-02 02:48:00,4348.002,4354.717335148959,SL,-6.875335148958287,48,0.29251114808928036,ml_v3bal_hi3,2026-01
283238,short,2026-01-02 02:45:00,2026-01-02 02:50:00,2026-01-02 02:56:00,4354.978,4361.559536480902,SL,-6.74153648090273,6,0.29994636899063587,ml_v3bal_hi3,2026-01
283240,short,2026-01-02 02:55:00,2026-01-02 03:00:00,2026-01-02 03:13:00,4362.763,4369.3488223559025,SL,-6.745822355902729,13,0.3052160010383927,ml_v3bal_hi3,2026-01
283243,short,2026-01-02 03:10:00,2026-01-02 03:15:00,2026-01-02 03:48:00,4368.952,4375.52398850382,SL,-6.731988503819394,33,0.2925436270885755,ml_v3bal_hi3,2026-01
283250,short,2026-01-02 03:45:00,2026-01-02 03:50:00,2026-01-02 05:11:00,4373.576,4380.103629697569,SL,-6.687629697569397,81,0.29078608935701433,ml_v3bal_hi3,2026-01
283387,short,2026-01-02 15:10:00,2026-01-02 15:15:00,2026-01-02 15:42:00,4340.526,4345.914178239583,SL,-5.548178239583325,27,0.2901857390260839,ml_v3bal_hi3,2026-01
283399,short,2026-01-02 16:10:00,2026-01-02 16:15:00,2026-01-02 16:43:00,4322.546,4327.908736809375,SL,-5.522736809374998,28,0.289145542181148,ml_v3bal_hi3,2026-01
283448,long,2026-01-02 20:15:00,2026-01-02 20:20:00,2026-01-04 23:07:00,4322.338,4336.085656249999,TP,13.587656250000052,98,0.32737077530410175,ml_v3bal_hi3,2026-01
283470,short,2026-01-04 23:10:00,2026-01-04 23:15:00,2026-01-04 23:34:00,4370.189,4356.65625,TP,13.372750000000039,19,0.29687203602088735,ml_v3bal_hi3,2026-01
283477,short,2026-01-04 23:45:00,2026-01-04 23:50:00,2026-01-05 00:10:00,4370.969,4376.24341206875,SL,-5.434412068750015,20,0.30046304080411645,ml_v3bal_hi3,2026-01
283482,short,2026-01-05 00:10:00,2026-01-05 00:15:00,2026-01-05 00:19:00,4378.083,4383.352792847916,SL,-5.429792847916692,4,0.2945717330447365,ml_v3bal_hi3,2026-01
283483,short,2026-01-05 00:15:00,2026-01-05 00:20:00,2026-01-05 00:28:00,4383.608,4388.876979325348,SL,-5.428979325347252,8,0.2968223493095471,ml_v3bal_hi3,2026-01
283485,short,2026-01-05 00:25:00,2026-01-05 00:30:00,2026-01-05 00:36:00,4387.295,4392.549181151389,SL,-5.414181151388922,6,0.29372889117431844,ml_v3bal_hi3,2026-01
283488,short,2026-01-05 00:40:00,2026-01-05 00:45:00,2026-01-05 00:55:00,4387.908,4393.219794422917,SL,-5.471794422916692,10,0.29227381318522183,ml_v3bal_hi3,2026-01
283492,short,2026-01-05 01:00:00,2026-01-05 01:05:00,2026-01-05 01:11:00,4416.913,4402.772406249999,TP,13.980593750000068,6,0.29067023890924537,ml_v3bal_hi3,2026-01
283495,short,2026-01-05 01:15:00,2026-01-05 01:20:00,2026-01-05 01:21:00,4395.985,4401.489162747569,SL,-5.664162747569475,1,0.2939004396058966,ml_v3bal_hi3,2026-01
283497,short,2026-01-05 01:25:00,2026-01-05 01:30:00,2026-01-05 01:38:00,4396.184,4401.726219730209,SL,-5.702219730208368,8,0.29379191299172336,ml_v3bal_hi3,2026-01
283502,short,2026-01-05 01:50:00,2026-01-05 01:55:00,2026-01-05 02:00:00,4398.344,4403.978774788195,SL,-5.794774788194476,5,0.293818413982458,ml_v3bal_hi3,2026-01
283504,short,2026-01-05 02:00:00,2026-01-05 02:05:00,2026-01-05 02:30:00,4398.982,4404.645061563195,SL,-5.823061563194472,25,0.2916003558183453,ml_v3bal_hi3,2026-01
283510,short,2026-01-05 02:30:00,2026-01-05 02:35:00,2026-01-05 02:53:00,4402.701,4408.383490863194,SL,-5.842490863194477,18,0.2933898139883401,ml_v3bal_hi3,2026-01
283529,short,2026-01-05 04:05:00,2026-01-05 04:10:00,2026-01-05 04:24:00,4400.273,4406.023132288542,SL,-5.9101322885417265,14,0.2912314341310293,ml_v3bal_hi3,2026-01
283590,short,2026-01-05 09:10:00,2026-01-05 09:15:00,2026-01-05 09:43:00,4430.423,4436.296748035069,SL,-6.033748035069474,28,0.30262273478776996,ml_v3bal_hi3,2026-01
283596,short,2026-01-05 09:40:00,2026-01-05 09:45:00,2026-01-05 11:26:00,4437.51,4422.084145833333,TP,15.265854166666749,101,0.3010056912840976,ml_v3bal_hi3,2026-01
283640,short,2026-01-05 13:20:00,2026-01-05 13:25:00,2026-01-05 13:36:00,4405.94,4412.037181016666,SL,-6.257181016666702,11,0.29572436063899266,ml_v3bal_hi3,2026-01
283680,long,2026-01-05 16:40:00,2026-01-05 16:45:00,2026-01-05 17:01:00,4445.123,4439.113219086111,SL,-6.169780913888909,16,0.3260552605699642,ml_v3bal_hi3,2026-01
283695,long,2026-01-05 17:55:00,2026-01-05 18:00:00,2026-01-05 19:08:00,4443.511,4437.589845425347,SL,-6.081154574652803,68,0.32794146080909803,ml_v3bal_hi3,2026-01
283710,long,2026-01-05 19:10:00,2026-01-05 19:15:00,2026-01-05 23:09:00,4440.062,4455.570510416666,TP,15.348510416666706,168,0.3538885006018452,ml_v3bal_hi3,2026-01
283745,long,2026-01-05 23:05:00,2026-01-05 23:10:00,2026-01-05 23:14:00,4457.667,4451.845869017361,SL,-5.981130982638899,4,0.3387977633934847,ml_v3bal_hi3,2026-01
283749,short,2026-01-05 23:25:00,2026-01-05 23:30:00,2026-01-06 00:40:00,4448.982,4433.611708333333,TP,15.210291666666684,70,0.29310320048925037,ml_v3bal_hi3,2026-01
283777,short,2026-01-06 01:45:00,2026-01-06 01:50:00,2026-01-06 01:53:00,4440.516,4446.20089968368,SL,-5.844899683680549,3,0.2916399940378958,ml_v3bal_hi3,2026-01
283778,long,2026-01-06 01:50:00,2026-01-06 01:55:00,2026-01-06 03:12:00,4447.776,4462.75546875,TP,14.819468749999984,77,0.328437661999217,ml_v3bal_hi3,2026-01
283794,long,2026-01-06 03:10:00,2026-01-06 03:15:00,2026-01-06 05:50:00,4462.652,4457.321030254861,SL,-5.490969745138886,155,0.3392241985254222,ml_v3bal_hi3,2026-01
283900,short,2026-01-06 12:00:00,2026-01-06 12:05:00,2026-01-06 13:11:00,4461.865,4467.1050734795135,SL,-5.400073479513888,66,0.29057729735475846,ml_v3bal_hi3,2026-01
283916,short,2026-01-06 13:20:00,2026-01-06 13:25:00,2026-01-06 13:54:00,4459.8,4464.985432541667,SL,-5.345432541666672,29,0.3014213504585316,ml_v3bal_hi3,2026-01
283930,long,2026-01-06 14:30:00,2026-01-06 14:35:00,2026-01-06 15:20:00,4479.112,4473.996903429167,SL,-5.275096570833319,45,0.3328860198110358,ml_v3bal_hi3,2026-01
284010,long,2026-01-06 21:10:00,2026-01-06 21:15:00,2026-01-07 00:52:00,4491.978,4487.225595601042,SL,-4.912404398958333,154,0.32874076951087355,ml_v3bal_hi3,2026-01
284102,short,2026-01-07 05:50:00,2026-01-07 05:55:00,2026-01-07 05:57:00,4447.581,4452.467421329166,SL,-5.046421329166671,2,0.28923670452878,ml_v3bal_hi3,2026-01
284121,short,2026-01-07 07:25:00,2026-01-07 07:30:00,2026-01-07 07:38:00,4454.961,4459.909439527778,SL,-5.108439527777796,8,0.2899975588103355,ml_v3bal_hi3,2026-01
284137,short,2026-01-07 08:45:00,2026-01-07 08:50:00,2026-01-07 11:26:00,4468.904,4455.772343750001,TP,12.97165625000001,156,0.29502396047984286,ml_v3bal_hi3,2026-01
284173,short,2026-01-07 11:45:00,2026-01-07 11:50:00,2026-01-07 13:07:00,4450.741,4437.934072916667,TP,12.646927083333317,77,0.2914692851686331,ml_v3bal_hi3,2026-01
284189,short,2026-01-07 13:05:00,2026-01-07 13:10:00,2026-01-07 13:11:00,4430.122,4435.204174701389,SL,-5.242174701388885,1,0.30332522951408225,ml_v3bal_hi3,2026-01
284190,short,2026-01-07 13:10:00,2026-01-07 13:15:00,2026-01-07 13:16:00,4433.657,4438.76557648507,SL,-5.268576485069437,1,0.30103941176691495,ml_v3bal_hi3,2026-01
284191,short,2026-01-07 13:15:00,2026-01-07 13:20:00,2026-01-07 13:23:00,4433.899,4439.030529726737,SL,-5.291529726736103,3,0.29925058247333464,ml_v3bal_hi3,2026-01
284255,long,2026-01-07 18:35:00,2026-01-07 18:40:00,2026-01-07 18:50:00,4458.324,4452.995550190624,SL,-5.488449809375019,10,0.32779172065869266,ml_v3bal_hi3,2026-01
284260,long,2026-01-07 19:00:00,2026-01-07 19:05:00,2026-01-07 19:09:00,4454.995,4449.686681897917,SL,-5.468318102083351,4,0.3318449746585453,ml_v3bal_hi3,2026-01
284265,long,2026-01-07 19:25:00,2026-01-07 19:30:00,2026-01-08 00:01:00,4450.566,4464.5081666666665,TP,13.782166666666718,208,0.3275387397265067,ml_v3bal_hi3,2026-01
284311,long,2026-01-08 00:15:00,2026-01-08 00:20:00,2026-01-08 00:24:00,4464.241,4458.926717388542,SL,-5.474282611458353,4,0.3336761282063542,ml_v3bal_hi3,2026-01
284338,short,2026-01-08 02:30:00,2026-01-08 02:35:00,2026-01-08 02:42:00,4436.818,4442.159605064584,SL,-5.501605064583347,7,0.2932054601980763,ml_v3bal_hi3,2026-01
284375,short,2026-01-08 05:35:00,2026-01-08 05:40:00,2026-01-08 06:31:00,4424.541,4429.801260744444,SL,-5.420260744444481,51,0.29191622977604637,ml_v3bal_hi3,2026-01
284451,short,2026-01-08 11:55:00,2026-01-08 12:00:00,2026-01-08 12:16:00,4422.769,4408.814020833333,TP,13.794979166666693,16,0.2961951714965425,ml_v3bal_hi3,2026-01
284455,short,2026-01-08 12:15:00,2026-01-08 12:20:00,2026-01-08 12:26:00,4413.725,4419.108785217709,SL,-5.543785217708339,6,0.3137121135401042,ml_v3bal_hi3,2026-01
284498,short,2026-01-08 15:50:00,2026-01-08 15:55:00,2026-01-08 15:58:00,4448.486,4453.8736306,SL,-5.54763060000002,3,0.28996357397717576,ml_v3bal_hi3,2026-01
284516,short,2026-01-08 17:20:00,2026-01-08 17:25:00,2026-01-08 19:09:00,4461.23,4447.581406249999,TP,13.488593750000032,104,0.2970499361769547,ml_v3bal_hi3,2026-01
284608,long,2026-01-09 02:00:00,2026-01-09 02:05:00,2026-01-09 02:15:00,4475.509,4470.31427742743,SL,-5.35472257256943,10,0.32994522188788583,ml_v3bal_hi3,2026-01
284612,long,2026-01-09 02:20:00,2026-01-09 02:25:00,2026-01-09 02:53:00,4472.962,4467.788643307987,SL,-5.3333566920138695,28,0.3295240799298457,ml_v3bal_hi3,2026-01
284652,short,2026-01-09 05:40:00,2026-01-09 05:45:00,2026-01-09 06:28:00,4467.563,4472.586005815972,SL,-5.18300581597219,43,0.31767933051408914,ml_v3bal_hi3,2026-01
284670,short,2026-01-09 07:10:00,2026-01-09 07:15:00,2026-01-09 08:07:00,4471.245,4476.112650784027,SL,-5.0276507840277445,52,0.30618810041839384,ml_v3bal_hi3,2026-01
284686,short,2026-01-09 08:30:00,2026-01-09 08:35:00,2026-01-09 09:15:00,4470.366,4475.1308334364585,SL,-4.924833436458294,40,0.3067131510190634,ml_v3bal_hi3,2026-01
284699,short,2026-01-09 09:35:00,2026-01-09 09:40:00,2026-01-09 12:00:00,4473.058,4477.723202716319,SL,-4.825202716319418,140,0.29119340865832616,ml_v3bal_hi3,2026-01
284732,short,2026-01-09 12:20:00,2026-01-09 12:25:00,2026-01-09 13:31:00,4470.696,4475.237245687153,SL,-4.701245687152762,66,0.3079524403043793,ml_v3bal_hi3,2026-01
284754,long,2026-01-09 14:10:00,2026-01-09 14:15:00,2026-01-09 14:18:00,4489.352,4484.6040957697915,SL,-4.907904230208318,3,0.33065589213804547,ml_v3bal_hi3,2026-01
284755,long,2026-01-09 14:15:00,2026-01-09 14:20:00,2026-01-09 14:50:00,4487.029,4482.273980423612,SL,-4.915019576388872,30,0.3269540264649803,ml_v3bal_hi3,2026-01
284762,long,2026-01-09 14:50:00,2026-01-09 14:55:00,2026-01-09 15:22:00,4490.692,4503.353541666666,TP,12.501541666666617,27,0.33233830774263684,ml_v3bal_hi3,2026-01
284770,long,2026-01-09 15:30:00,2026-01-09 15:35:00,2026-01-09 16:11:00,4506.437,4501.59046111875,SL,-5.006538881249975,36,0.3259809957851821,ml_v3bal_hi3,2026-01
284834,long,2026-01-09 20:50:00,2026-01-09 20:55:00,2026-01-11 23:03:00,4506.384,4519.118104166667,TP,12.574104166666649,63,0.32835416670264117,ml_v3bal_hi3,2026-01
285072,long,2026-01-12 17:40:00,2026-01-12 17:45:00,2026-01-12 18:15:00,4613.349,4607.598276419445,SL,-5.910723580555555,30,0.32882906966897296,ml_v3bal_hi3,2026-01
285082,long,2026-01-12 18:30:00,2026-01-12 18:35:00,2026-01-12 18:51:00,4609.985,4604.193778869097,SL,-5.951221130902788,16,0.33509092258888934,ml_v3bal_hi3,2026-01
285087,long,2026-01-12 18:55:00,2026-01-12 19:00:00,2026-01-12 20:03:00,4610.794,4605.056503105902,SL,-5.89749689409723,63,0.3725461855969056,ml_v3bal_hi3,2026-01
285213,short,2026-01-13 06:25:00,2026-01-13 06:30:00,2026-01-13 08:11:00,4585.021,4590.346441760069,SL,-5.485441760069435,101,0.2921733872217429,ml_v3bal_hi3,2026-01
285314,short,2026-01-13 14:50:00,2026-01-13 14:55:00,2026-01-13 14:58:00,4624.258,4629.653563437153,SL,-5.555563437152798,3,0.29172140515018513,ml_v3bal_hi3,2026-01
285323,short,2026-01-13 15:35:00,2026-01-13 15:40:00,2026-01-13 15:43:00,4609.434,4614.798379728125,SL,-5.524379728125016,3,0.2920259376999778,ml_v3bal_hi3,2026-01
285328,short,2026-01-13 16:00:00,2026-01-13 16:05:00,2026-01-13 16:27:00,4612.735,4598.74646875,TP,13.82853125000005,22,0.2892861224417632,ml_v3bal_hi3,2026-01
285514,long,2026-01-14 08:30:00,2026-01-14 08:35:00,2026-01-14 14:35:00,4629.705,4625.335,TIMEOUT,-4.529999999999891,360,0.342070151608889,ml_v3bal_hi3,2026-01
285636,long,2026-01-14 18:40:00,2026-01-14 18:45:00,2026-01-14 20:44:00,4631.376,4625.87596439132,SL,-5.660035608680571,119,0.3319088096342492,ml_v3bal_hi3,2026-01
285661,long,2026-01-14 20:45:00,2026-01-14 20:50:00,2026-01-14 21:14:00,4630.375,4624.9340380350695,SL,-5.600961964930563,24,0.33066074052424765,ml_v3bal_hi3,2026-01
285703,short,2026-01-15 01:15:00,2026-01-15 01:20:00,2026-01-15 01:31:00,4603.687,4589.1718125,TP,14.355187500000016,11,0.29185753570554307,ml_v3bal_hi3,2026-01
285706,short,2026-01-15 01:30:00,2026-01-15 01:35:00,2026-01-15 01:36:00,4591.655,4597.260372892014,SL,-5.765372892013893,1,0.29663335438374994,ml_v3bal_hi3,2026-01
285707,short,2026-01-15 01:35:00,2026-01-15 01:40:00,2026-01-15 01:44:00,4596.604,4602.234433355556,SL,-5.7904333555555585,4,0.2925662559045089,ml_v3bal_hi3,2026-01
285708,short,2026-01-15 01:40:00,2026-01-15 01:45:00,2026-01-15 02:07:00,4602.516,4608.1675016059025,SL,-5.811501605902781,22,0.29232760794404866,ml_v3bal_hi3,2026-01
285713,short,2026-01-15 02:05:00,2026-01-15 02:10:00,2026-01-15 03:10:00,4610.262,4595.332104166667,TP,14.769895833333347,60,0.2937712105108984,ml_v3bal_hi3,2026-01
285726,short,2026-01-15 03:10:00,2026-01-15 03:15:00,2026-01-15 03:38:00,4591.29,4597.05228750625,SL,-5.922287506250009,23,0.29793780621180044,ml_v3bal_hi3,2026-01
285733,short,2026-01-15 03:45:00,2026-01-15 03:50:00,2026-01-15 06:01:00,4593.833,4599.701585143055,SL,-6.028585143055569,131,0.2891853604824749,ml_v3bal_hi3,2026-01
285780,long,2026-01-15 07:40:00,2026-01-15 07:45:00,2026-01-15 08:03:00,4604.243,4598.281220886111,SL,-6.121779113888899,18,0.3291021498305987,ml_v3bal_hi3,2026-01
285785,long,2026-01-15 08:05:00,2026-01-15 08:10:00,2026-01-15 10:37:00,4601.861,4617.528395833333,TP,15.507395833333387,147,0.340112920419423,ml_v3bal_hi3,2026-01
285852,short,2026-01-15 13:40:00,2026-01-15 13:45:00,2026-01-15 14:09:00,4590.018,4595.994489982986,SL,-6.136489982986141,24,0.30586195150507867,ml_v3bal_hi3,2026-01
285875,short,2026-01-15 15:35:00,2026-01-15 15:40:00,2026-01-15 16:11:00,4613.585,4619.63668327882,SL,-6.211683278819461,31,0.2956206661042358,ml_v3bal_hi3,2026-01
285883,short,2026-01-15 16:15:00,2026-01-15 16:20:00,2026-01-15 16:40:00,4621.081,4605.631322916667,TP,15.289677083333359,20,0.29178700308689753,ml_v3bal_hi3,2026-01
285929,long,2026-01-15 20:05:00,2026-01-15 20:10:00,2026-01-15 23:05:00,4605.939,4620.29425,TP,14.195249999999945,112,0.34134507410253595,ml_v3bal_hi3,2026-01
285994,short,2026-01-16 02:30:00,2026-01-16 02:35:00,2026-01-16 03:17:00,4594.604,4599.666578728473,SL,-5.222578728472203,42,0.2901450828493203,ml_v3bal_hi3,2026-01
286048,short,2026-01-16 07:00:00,2026-01-16 07:05:00,2026-01-16 07:07:00,4600.986,4605.477874788195,SL,-4.651874788194422,2,0.30489861124860484,ml_v3bal_hi3,2026-01
286049,short,2026-01-16 07:05:00,2026-01-16 07:10:00,2026-01-16 07:14:00,4606.234,4610.723763597917,SL,-4.649763597916644,4,0.3024324132279751,ml_v3bal_hi3,2026-01
286051,short,2026-01-16 07:15:00,2026-01-16 07:20:00,2026-01-16 11:36:00,4608.977,4613.4615014958335,SL,-4.644501495833307,256,0.2927107210633061,ml_v3bal_hi3,2026-01
286103,short,2026-01-16 11:35:00,2026-01-16 11:40:00,2026-01-16 12:52:00,4612.767,4601.184354166667,TP,11.422645833333279,72,0.29267355628587766,ml_v3bal_hi3,2026-01
286123,short,2026-01-16 13:15:00,2026-01-16 13:20:00,2026-01-16 13:23:00,4587.412,4591.957321236806,SL,-4.705321236805533,3,0.29531252723339196,ml_v3bal_hi3,2026-01
286125,short,2026-01-16 13:25:00,2026-01-16 13:30:00,2026-01-16 13:32:00,4587.103,4591.711760123611,SL,-4.768760123611088,2,0.29689138231527024,ml_v3bal_hi3,2026-01
286127,short,2026-01-16 13:35:00,2026-01-16 13:40:00,2026-01-16 13:41:00,4591.782,4596.451262392361,SL,-4.8292623923610885,1,0.29305277993750256,ml_v3bal_hi3,2026-01
286129,short,2026-01-16 13:45:00,2026-01-16 13:50:00,2026-01-16 14:06:00,4601.661,4606.367311400694,SL,-4.866311400694423,16,0.29191689044146074,ml_v3bal_hi3,2026-01
286133,short,2026-01-16 14:05:00,2026-01-16 14:10:00,2026-01-16 14:12:00,4603.787,4608.5001965795145,SL,-4.873196579513862,2,0.30511474848616504,ml_v3bal_hi3,2026-01
286134,short,2026-01-16 14:10:00,2026-01-16 14:15:00,2026-01-16 14:47:00,4607.155,4611.8786096684025,SL,-4.88360966840275,32,0.3088129791878832,ml_v3bal_hi3,2026-01
286141,short,2026-01-16 14:45:00,2026-01-16 14:50:00,2026-01-16 15:05:00,4613.792,4618.482040949306,SL,-4.850040949305528,15,0.30209122466987515,ml_v3bal_hi3,2026-01
286146,short,2026-01-16 15:10:00,2026-01-16 15:15:00,2026-01-16 15:19:00,4616.035,4603.824333333333,TP,12.050666666666602,4,0.28970127310308724,ml_v3bal_hi3,2026-01
286147,short,2026-01-16 15:15:00,2026-01-16 15:20:00,2026-01-16 15:21:00,4601.867,4606.565573015278,SL,-4.858573015277757,1,0.3037069286148165,ml_v3bal_hi3,2026-01
286148,short,2026-01-16 15:20:00,2026-01-16 15:25:00,2026-01-16 15:28:00,4588.834,4576.344510416667,TP,12.329489583333277,3,0.2958661247788785,ml_v3bal_hi3,2026-01
286149,short,2026-01-16 15:25:00,2026-01-16 15:30:00,2026-01-16 15:33:00,4565.228,4552.489760416667,TP,12.578239583333268,3,0.29645040374176995,ml_v3bal_hi3,2026-01
286151,short,2026-01-16 15:35:00,2026-01-16 15:40:00,2026-01-16 15:41:00,4548.178,4553.168397450347,SL,-5.1503974503471985,1,0.2936274602802793,ml_v3bal_hi3,2026-01
286152,short,2026-01-16 15:40:00,2026-01-16 15:45:00,2026-01-16 15:46:00,4555.542,4560.548683775348,SL,-5.166683775347196,1,0.2937369016445551,ml_v3bal_hi3,2026-01
286158,short,2026-01-16 16:10:00,2026-01-16 16:15:00,2026-01-16 16:38:00,4593.037,4598.144441521875,SL,-5.267441521874975,23,0.2944383026300581,ml_v3bal_hi3,2026-01
286163,short,2026-01-16 16:35:00,2026-01-16 16:40:00,2026-01-16 17:21:00,4594.562,4580.959583333333,TP,13.442416666666633,41,0.29483477976331957,ml_v3bal_hi3,2026-01
286213,long,2026-01-16 20:45:00,2026-01-16 20:50:00,2026-01-18 23:09:00,4585.654,4599.871760416667,TP,14.057760416666703,68,0.33014047407310587,ml_v3bal_hi3,2026-01
286228,short,2026-01-18 23:05:00,2026-01-18 23:10:00,2026-01-18 23:15:00,4654.927,4660.513570599653,SL,-5.746570599652782,5,0.2919507643415258,ml_v3bal_hi3,2026-01
286232,short,2026-01-18 23:25:00,2026-01-18 23:30:00,2026-01-18 23:31:00,4678.63,4684.367814366319,SL,-5.897814366319449,1,0.2914252946470057,ml_v3bal_hi3,2026-01
286236,short,2026-01-18 23:45:00,2026-01-18 23:50:00,2026-01-18 23:52:00,4666.084,4671.969232592708,SL,-6.0452325927083415,2,0.28936946613474673,ml_v3bal_hi3,2026-01
286322,long,2026-01-19 06:55:00,2026-01-19 07:00:00,2026-01-19 07:11:00,4677.933,4671.624973775347,SL,-6.468026224652792,11,0.32897711429930526,ml_v3bal_hi3,2026-01
286326,short,2026-01-19 07:15:00,2026-01-19 07:20:00,2026-01-19 08:07:00,4664.491,4670.813915671875,SL,-6.482915671875014,47,0.302088777061714,ml_v3bal_hi3,2026-01
286338,short,2026-01-19 08:15:00,2026-01-19 08:20:00,2026-01-19 13:33:00,4667.433,4673.699397679514,SL,-6.426397679513909,313,0.2959908431071764,ml_v3bal_hi3,2026-01
286432,long,2026-01-19 16:05:00,2026-01-19 16:10:00,2026-01-19 19:27:00,4672.869,4667.095132694444,SL,-5.9338673055555775,197,0.32562893589487973,ml_v3bal_hi3,2026-01
286473,short,2026-01-19 23:00:00,2026-01-19 23:05:00,2026-01-20 01:09:00,4668.802,4673.4148793256945,SL,-4.772879325694484,124,0.3076583445765113,ml_v3bal_hi3,2026-01
286500,short,2026-01-20 01:15:00,2026-01-20 01:20:00,2026-01-20 01:34:00,4669.743,4674.287547398264,SL,-4.704547398263921,14,0.28981817956901257,ml_v3bal_hi3,2026-01
286513,short,2026-01-20 02:20:00,2026-01-20 02:25:00,2026-01-20 02:28:00,4668.084,4672.592454775,SL,-4.668454775000032,3,0.29584787986019234,ml_v3bal_hi3,2026-01
286514,short,2026-01-20 02:25:00,2026-01-20 02:30:00,2026-01-20 03:40:00,4672.147,4676.66949895243,SL,-4.682498952430589,70,0.2898018433607702,ml_v3bal_hi3,2026-01
286529,long,2026-01-20 03:40:00,2026-01-20 03:45:00,2026-01-20 04:34:00,4676.858,4687.263729166667,TP,10.245729166666788,49,0.35121477765783615,ml_v3bal_hi3,2026-01
286539,long,2026-01-20 04:30:00,2026-01-20 04:35:00,2026-01-20 05:00:00,4687.342,4697.2946875,TP,9.792687500000092,25,0.33986722246639056,ml_v3bal_hi3,2026-01
286545,long,2026-01-20 05:00:00,2026-01-20 05:05:00,2026-01-20 05:34:00,4695.208,4704.869708333333,TP,9.501708333333422,29,0.33036014657150053,ml_v3bal_hi3,2026-01
286614,long,2026-01-20 10:45:00,2026-01-20 10:50:00,2026-01-20 11:52:00,4724.956,4735.004208333334,TP,9.888208333333417,62,0.3416309225752428,ml_v3bal_hi3,2026-01
286716,long,2026-01-20 19:15:00,2026-01-20 19:20:00,2026-01-20 19:25:00,4765.728,4760.9576504836805,SL,-4.930349516319461,5,0.33079664861008173,ml_v3bal_hi3,2026-01
286880,long,2026-01-21 09:55:00,2026-01-21 10:00:00,2026-01-21 13:38:00,4860.243,4877.405979166667,TP,17.002979166666645,218,0.3277501809010337,ml_v3bal_hi3,2026-01
286926,long,2026-01-21 13:45:00,2026-01-21 13:50:00,2026-01-21 14:04:00,4873.578,4866.830223158334,SL,-6.907776841666646,14,0.32801448962551083,ml_v3bal_hi3,2026-01
287036,short,2026-01-21 23:55:00,2026-01-22 00:00:00,2026-01-22 00:07:00,4778.317,4787.69752239132,SL,-9.54052239131946,7,0.29423864809063216,ml_v3bal_hi3,2026-01
287046,short,2026-01-22 00:45:00,2026-01-22 00:50:00,2026-01-22 00:56:00,4788.012,4797.525209906597,SL,-9.673209906597242,6,0.293947623223535,ml_v3bal_hi3,2026-01
287049,short,2026-01-22 01:00:00,2026-01-22 01:05:00,2026-01-22 01:07:00,4776.907,4786.515011080556,SL,-9.768011080555583,2,0.2989891404350299,ml_v3bal_hi3,2026-01
287050,short,2026-01-22 01:05:00,2026-01-22 01:10:00,2026-01-22 01:17:00,4785.957,4795.599544121528,SL,-9.802544121527806,7,0.29735398461587315,ml_v3bal_hi3,2026-01
287068,short,2026-01-22 02:35:00,2026-01-22 02:40:00,2026-01-22 02:52:00,4778.055,4787.733839133333,SL,-9.838839133333355,12,0.29285702570606065,ml_v3bal_hi3,2026-01
287072,long,2026-01-22 02:55:00,2026-01-22 03:00:00,2026-01-22 05:51:00,4788.963,4814.17646875,TP,25.053468750000054,171,0.32996956517124487,ml_v3bal_hi3,2026-01
287107,long,2026-01-22 05:50:00,2026-01-22 05:55:00,2026-01-22 11:55:00,4818.053,4835.706,TIMEOUT,17.493000000000247,360,0.3375870417312241,ml_v3bal_hi3,2026-01
287197,short,2026-01-22 13:20:00,2026-01-22 13:25:00,2026-01-22 13:42:00,4834.193,4811.529614583334,TP,22.503385416666642,17,0.2947280986271044,ml_v3bal_hi3,2026-01
287217,short,2026-01-22 15:00:00,2026-01-22 15:05:00,2026-01-22 15:18:00,4834.441,4843.168894744097,SL,-8.887894744097226,13,0.29832125742133087,ml_v3bal_hi3,2026-01
287220,short,2026-01-22 15:15:00,2026-01-22 15:20:00,2026-01-22 15:26:00,4841.777,4850.329423878472,SL,-8.712423878472231,6,0.30271017193099725,ml_v3bal_hi3,2026-01
287222,short,2026-01-22 15:25:00,2026-01-22 15:30:00,2026-01-22 15:34:00,4854.055,4862.5750694906255,SL,-8.680069490625003,4,0.29096014353807154,ml_v3bal_hi3,2026-01
287277,long,2026-01-22 20:00:00,2026-01-22 20:05:00,2026-01-22 20:59:00,4921.68,4914.140518867362,SL,-7.699481132638867,54,0.33613991249201514,ml_v3bal_hi3,2026-01
287288,long,2026-01-22 20:55:00,2026-01-22 21:00:00,2026-01-22 21:34:00,4916.946,4935.2705937499995,TP,18.164593749999952,34,0.33893892419200405,ml_v3bal_hi3,2026-01
287295,long,2026-01-22 21:30:00,2026-01-22 21:35:00,2026-01-22 23:08:00,4935.923,4953.713833333333,TP,17.630833333333296,31,0.34084700581887084,ml_v3bal_hi3,2026-01
287387,long,2026-01-23 06:10:00,2026-01-23 06:15:00,2026-01-23 07:44:00,4952.783,4946.452877708681,SL,-6.490122291319424,89,0.3321733751108761,ml_v3bal_hi3,2026-01
287407,long,2026-01-23 07:50:00,2026-01-23 07:55:00,2026-01-23 08:00:00,4950.477,4944.140429054167,SL,-6.496570945833317,5,0.3388418629731585,ml_v3bal_hi3,2026-01
287486,short,2026-01-23 14:25:00,2026-01-23 14:30:00,2026-01-23 14:36:00,4939.895,4946.861769180556,SL,-7.126769180555547,6,0.3039126837917384,ml_v3bal_hi3,2026-01
287498,short,2026-01-23 15:25:00,2026-01-23 15:30:00,2026-01-23 15:38:00,4944.821,4951.897816957986,SL,-7.236816957986094,8,0.29116936134295296,ml_v3bal_hi3,2026-01
287504,short,2026-01-23 15:55:00,2026-01-23 16:00:00,2026-01-23 16:09:00,4960.611,4967.59680560868,SL,-7.145805608680542,9,0.29025625243479236,ml_v3bal_hi3,2026-01
287706,long,2026-01-26 09:45:00,2026-01-26 09:50:00,2026-01-26 09:56:00,5083.843,5076.089939429861,SL,-7.913060570138876,6,0.3268626573614281,ml_v3bal_hi3,2026-01
287708,long,2026-01-26 09:55:00,2026-01-26 10:00:00,2026-01-26 13:00:00,5084.113,5076.352455022223,SL,-7.920544977777762,180,0.3323883059553307,ml_v3bal_hi3,2026-01
287853,short,2026-01-26 23:00:00,2026-01-26 23:05:00,2026-01-26 23:16:00,5034.711,5044.538305018056,SL,-9.987305018055544,11,0.29680895400151486,ml_v3bal_hi3,2026-01
287873,short,2026-01-27 00:40:00,2026-01-27 00:45:00,2026-01-27 01:05:00,5032.048,5041.84233949618,SL,-9.954339496180566,20,0.3018798616736334,ml_v3bal_hi3,2026-01
287878,short,2026-01-27 01:05:00,2026-01-27 01:10:00,2026-01-27 01:11:00,5048.481,5058.402852214236,SL,-10.081852214236122,1,0.30240335469383794,ml_v3bal_hi3,2026-01
287883,short,2026-01-27 01:30:00,2026-01-27 01:35:00,2026-01-27 02:32:00,5062.961,5072.981050340973,SL,-10.18005034097223,57,0.30058414106152975,ml_v3bal_hi3,2026-01
287895,short,2026-01-27 02:30:00,2026-01-27 02:35:00,2026-01-27 05:47:00,5070.382,5080.380652713194,SL,-10.158652713194451,192,0.30169265461973416,ml_v3bal_hi3,2026-01
287961,short,2026-01-27 08:00:00,2026-01-27 08:05:00,2026-01-27 09:52:00,5086.153,5095.640411320139,SL,-9.647411320138895,107,0.2920364278195352,ml_v3bal_hi3,2026-01
287984,long,2026-01-27 09:55:00,2026-01-27 10:00:00,2026-01-27 10:23:00,5098.693,5089.179563894445,SL,-9.673436105555565,23,0.32798728298266133,ml_v3bal_hi3,2026-01
287990,short,2026-01-27 10:25:00,2026-01-27 10:30:00,2026-01-27 14:05:00,5088.222,5063.2990104166665,TP,24.762989583333354,215,0.289381837440678,ml_v3bal_hi3,2026-01
288041,short,2026-01-27 14:40:00,2026-01-27 14:45:00,2026-01-27 14:58:00,5079.361,5053.8106145833335,TP,25.3903854166667,13,0.2893548584119838,ml_v3bal_hi3,2026-01
288053,short,2026-01-27 15:40:00,2026-01-27 15:45:00,2026-01-27 15:59:00,5080.617,5090.548745442361,SL,-10.091745442361127,14,0.2978446600578174,ml_v3bal_hi3,2026-01
288056,short,2026-01-27 15:55:00,2026-01-27 16:00:00,2026-01-27 16:20:00,5091.011,5100.920510481597,SL,-10.069510481597238,20,0.29424982439596453,ml_v3bal_hi3,2026-01
288095,long,2026-01-27 19:10:00,2026-01-27 19:15:00,2026-01-27 20:03:00,5087.155,5111.991854166667,TP,24.676854166666683,48,0.33194000476374774,ml_v3bal_hi3,2026-01
288147,long,2026-01-28 00:40:00,2026-01-28 00:45:00,2026-01-28 01:06:00,5168.35,5190.79071875,TP,22.280718749999973,21,0.3348206897260235,ml_v3bal_hi3,2026-01
288185,long,2026-01-28 03:50:00,2026-01-28 03:55:00,2026-01-28 05:28:00,5238.548,5261.399177083333,TP,22.691177083333322,93,0.32618463640892315,ml_v3bal_hi3,2026-01
288302,long,2026-01-28 13:35:00,2026-01-28 13:40:00,2026-01-28 14:06:00,5264.072,5254.494152748958,SL,-9.737847251041686,26,0.3287865865735734,ml_v3bal_hi3,2026-01
288308,long,2026-01-28 14:05:00,2026-01-28 14:10:00,2026-01-28 14:42:00,5258.716,5284.12275,TP,25.246750000000052,32,0.3262480537430219,ml_v3bal_hi3,2026-01
288315,long,2026-01-28 14:40:00,2026-01-28 14:45:00,2026-01-28 15:07:00,5279.248,5269.508408588541,SL,-9.899591411458347,22,0.33486720950682514,ml_v3bal_hi3,2026-01
288323,long,2026-01-28 15:20:00,2026-01-28 15:25:00,2026-01-28 15:27:00,5269.737,5259.607016965278,SL,-10.28998303472223,2,0.3341901156433379,ml_v3bal_hi3,2026-01
288324,long,2026-01-28 15:25:00,2026-01-28 15:30:00,2026-01-28 16:48:00,5269.546,5296.10003125,TP,26.394031250000015,78,0.3430426123865401,ml_v3bal_hi3,2026-01
288347,long,2026-01-28 17:20:00,2026-01-28 17:25:00,2026-01-28 17:39:00,5298.906,5288.968409100347,SL,-10.097590899652783,14,0.32642021701455776,ml_v3bal_hi3,2026-01
288353,long,2026-01-28 17:50:00,2026-01-28 17:55:00,2026-01-28 18:30:00,5300.913,5290.921760263194,SL,-10.15123973680556,35,0.3266957692873544,ml_v3bal_hi3,2026-01
288375,long,2026-01-28 19:40:00,2026-01-28 19:45:00,2026-01-28 20:06:00,5310.889,5338.88871875,TP,27.83971875000002,21,0.3292556387814387,ml_v3bal_hi3,2026-01
288380,long,2026-01-28 20:05:00,2026-01-28 20:10:00,2026-01-28 20:15:00,5332.205,5321.3619783225695,SL,-11.00302167743056,5,0.35175533065862996,ml_v3bal_hi3,2026-01
288382,long,2026-01-28 20:15:00,2026-01-28 20:20:00,2026-01-28 20:36:00,5338.852,5367.485604166666,TP,28.473604166666686,16,0.3397221835227592,ml_v3bal_hi3,2026-01
288660,long,2026-01-29 20:25:00,2026-01-29 20:30:00,2026-01-29 20:50:00,5318.287,5379.801947916667,TP,61.35494791666669,20,0.3364418400089062,ml_v3bal_hi3,2026-01
288667,long,2026-01-29 21:00:00,2026-01-29 21:05:00,2026-01-29 21:57:00,5399.402,5375.830723253125,SL,-23.731276746875004,52,0.33701048558136537,ml_v3bal_hi3,2026-01
288684,long,2026-01-29 23:25:00,2026-01-29 23:30:00,2026-01-30 00:47:00,5416.712,5392.68631335625,SL,-24.18568664375,77,0.3288124226332159,ml_v3bal_hi3,2026-01
288710,short,2026-01-30 01:35:00,2026-01-30 01:40:00,2026-01-30 01:59:00,5355.514,5293.889541666666,TP,61.46445833333337,19,0.2897781944466429,ml_v3bal_hi3,2026-01
288718,short,2026-01-30 02:15:00,2026-01-30 02:20:00,2026-01-30 02:24:00,5146.225,5170.10713761007,SL,-24.042137610069446,4,0.31360772411911514,ml_v3bal_hi3,2026-01
288719,short,2026-01-30 02:20:00,2026-01-30 02:25:00,2026-01-30 02:26:00,5163.075,5187.124080378125,SL,-24.209080378125,1,0.30737475040516316,ml_v3bal_hi3,2026-01
288720,short,2026-01-30 02:25:00,2026-01-30 02:30:00,2026-01-30 02:37:00,5171.983,5196.171410999653,SL,-24.34841099965278,7,0.29465517150786624,ml_v3bal_hi3,2026-01
288735,short,2026-01-30 03:40:00,2026-01-30 03:45:00,2026-01-30 03:54:00,5154.633,5179.602547434028,SL,-25.129547434027778,9,0.308593708553472,ml_v3bal_hi3,2026-01
288766,short,2026-01-30 06:15:00,2026-01-30 06:20:00,2026-01-30 08:33:00,5173.165,5105.321354166666,TP,67.68364583333339,133,0.29118959407131206,ml_v3bal_hi3,2026-01
288796,short,2026-01-30 08:45:00,2026-01-30 08:50:00,2026-01-30 09:12:00,5125.915,5053.906072916667,TP,71.84892708333338,22,0.2916878434679224,ml_v3bal_hi3,2026-01
288801,short,2026-01-30 09:10:00,2026-01-30 09:15:00,2026-01-30 09:17:00,5028.111,5055.970806608333,SL,-28.019806608333347,2,0.2936370773203329,ml_v3bal_hi3,2026-01
288802,short,2026-01-30 09:15:00,2026-01-30 09:20:00,2026-01-30 09:43:00,5068.793,4995.372270833333,TP,73.2607291666667,23,0.294733387484974,ml_v3bal_hi3,2026-01
288810,short,2026-01-30 09:55:00,2026-01-30 10:00:00,2026-01-30 10:02:00,5013.49,5042.266471934375,SL,-28.93647193437501,2,0.29998005887032364,ml_v3bal_hi3,2026-01
288812,short,2026-01-30 10:05:00,2026-01-30 10:10:00,2026-01-30 10:16:00,5019.332,5048.30161409757,SL,-29.12961409756945,6,0.30652179841312654,ml_v3bal_hi3,2026-01
288831,long,2026-01-30 11:40:00,2026-01-30 11:45:00,2026-01-30 11:49:00,5120.993,5091.115435188889,SL,-30.037564811111128,4,0.32960933211520965,ml_v3bal_hi3,2026-01
288837,long,2026-01-30 12:10:00,2026-01-30 12:15:00,2026-01-30 12:45:00,5129.193,5099.142234249653,SL,-30.210765750347242,30,0.32714440008752765,ml_v3bal_hi3,2026-01
288851,short,2026-01-30 13:20:00,2026-01-30 13:25:00,2026-01-30 14:03:00,5026.33,5057.533947881944,SL,-31.36394788194447,38,0.3140970688560698,ml_v3bal_hi3,2026-01
288871,short,2026-01-30 15:00:00,2026-01-30 15:05:00,2026-01-30 15:11:00,4985.519,5018.346230975,SL,-32.98723097500004,6,0.29860730309966377,ml_v3bal_hi3,2026-01
288885,long,2026-01-30 16:10:00,2026-01-30 16:15:00,2026-01-30 16:22:00,5030.34,4997.847614914584,SL,-32.65238508541669,7,0.32767333232297136,ml_v3bal_hi3,2026-01
288890,short,2026-01-30 16:35:00,2026-01-30 16:40:00,2026-01-30 16:42:00,4973.1,5003.58057155,SL,-30.640571550000033,2,0.2949659181461582,ml_v3bal_hi3,2026-01
288892,short,2026-01-30 16:45:00,2026-01-30 16:50:00,2026-01-30 17:13:00,4981.904,4902.707760416667,TP,79.03623958333341,23,0.29534612779310054,ml_v3bal_hi3,2026-01
288927,long,2026-01-30 19:40:00,2026-01-30 19:45:00,2026-01-30 20:01:00,4926.427,4894.0848784857635,SL,-32.50212151423613,16,0.3316982987902027,ml_v3bal_hi3,2026-01
288933,long,2026-01-30 20:10:00,2026-01-30 20:15:00,2026-01-30 20:32:00,4899.415,4866.840945185417,SL,-32.73405481458336,17,0.3378379943350728,ml_v3bal_hi3,2026-01
288937,long,2026-01-30 20:30:00,2026-01-30 20:35:00,2026-01-30 20:37:00,4882.094,4849.426017060069,SL,-32.82798293993058,2,0.3397691324641789,ml_v3bal_hi3,2026-01
288938,long,2026-01-30 20:35:00,2026-01-30 20:40:00,2026-01-30 20:55:00,4861.685,4828.990631150001,SL,-32.85436885000002,15,0.32669533046985516,ml_v3bal_hi3,2026-01
288943,long,2026-01-30 21:00:00,2026-01-30 21:05:00,2026-02-01 23:01:00,4859.165,4826.169532557638,SL,-33.15546744236113,53,0.35894773208980657,ml_v3bal_hi3,2026-01
288955,short,2026-02-01 23:00:00,2026-02-01 23:10:00,2026-02-01 23:11:00,4817.296,4729.547541666667,TP,87.34845833333337,1,0.27251661317256126,ml_v3bal_hi3,2026-02
288956,short,2026-02-01 23:10:00,2026-02-01 23:15:00,2026-02-01 23:38:00,4741.699,4775.4729331416665,SL,-33.93393314166668,23,0.2799467389497008,ml_v3bal_hi3,2026-02
288961,short,2026-02-01 23:35:00,2026-02-01 23:40:00,2026-02-02 00:09:00,4777.64,4811.863275388195,SL,-34.54327538819445,28,0.28100382732479234,ml_v3bal_hi3,2026-02
288967,long,2026-02-02 00:05:00,2026-02-02 00:10:00,2026-02-02 00:47:00,4818.721,4784.188645561458,SL,-34.692354438541685,37,0.31693251095701164,ml_v3bal_hi3,2026-02
288975,short,2026-02-02 00:45:00,2026-02-02 00:50:00,2026-02-02 01:07:00,4797.837,4706.134093750001,TP,91.54290625000003,17,0.2829752813164213,ml_v3bal_hi3,2026-02
288979,short,2026-02-02 01:05:00,2026-02-02 01:10:00,2026-02-02 01:17:00,4656.298,4691.96812329375,SL,-35.830123293750006,7,0.2898473133808218,ml_v3bal_hi3,2026-02
288981,short,2026-02-02 01:15:00,2026-02-02 01:20:00,2026-02-02 01:35:00,4678.252,4714.358921419098,SL,-36.26692141909724,15,0.28776253696727416,ml_v3bal_hi3,2026-02
288985,short,2026-02-02 01:35:00,2026-02-02 01:40:00,2026-02-02 01:51:00,4712.677,4749.286122790625,SL,-36.76912279062502,11,0.28523877580321505,ml_v3bal_hi3,2026-02
288988,short,2026-02-02 01:50:00,2026-02-02 01:55:00,2026-02-02 02:42:00,4736.093,4772.820436751042,SL,-36.88743675104168,47,0.2716361177287422,ml_v3bal_hi3,2026-02
288998,long,2026-02-02 02:40:00,2026-02-02 02:45:00,2026-02-02 02:48:00,4764.617,4727.981193669098,SL,-36.795806330902785,3,0.33306437395502037,ml_v3bal_hi3,2026-02
288999,short,2026-02-02 02:45:00,2026-02-02 02:50:00,2026-02-02 03:41:00,4729.233,4632.796625,TP,96.27637500000002,51,0.2736748157471578,ml_v3bal_hi3,2026-02
289010,short,2026-02-02 03:40:00,2026-02-02 03:45:00,2026-02-02 04:20:00,4665.247,4701.151485256598,SL,-36.06448525659722,35,0.29039159505034656,ml_v3bal_hi3,2026-02
289018,short,2026-02-02 04:20:00,2026-02-02 04:25:00,2026-02-02 05:44:00,4680.979,4586.138864583334,TP,94.6801354166667,79,0.2943726429592237,ml_v3bal_hi3,2026-02
289034,short,2026-02-02 05:40:00,2026-02-02 05:45:00,2026-02-02 06:23:00,4575.983,4480.298687500001,TP,95.52431250000004,38,0.289075820121364,ml_v3bal_hi3,2026-02
289042,short,2026-02-02 06:20:00,2026-02-02 06:25:00,2026-02-02 06:30:00,4460.123,4497.724969544791,SL,-37.76196954479166,5,0.28065399634648996,ml_v3bal_hi3,2026-02
289044,short,2026-02-02 06:30:00,2026-02-02 06:35:00,2026-02-02 06:56:00,4468.879,4506.776103627778,SL,-38.05710362777778,21,0.2801748942117854,ml_v3bal_hi3,2026-02
289049,short,2026-02-02 06:55:00,2026-02-02 07:00:00,2026-02-02 07:07:00,4503.915,4542.470112429167,SL,-38.71511242916668,7,0.28683323638634406,ml_v3bal_hi3,2026-02
289053,short,2026-02-02 07:15:00,2026-02-02 07:20:00,2026-02-02 07:25:00,4529.156,4567.879376675347,SL,-38.88337667534723,5,0.2723760423281387,ml_v3bal_hi3,2026-02
289055,short,2026-02-02 07:25:00,2026-02-02 07:30:00,2026-02-02 07:46:00,4560.057,4598.795718520486,SL,-38.89871852048612,16,0.2733137081092183,ml_v3bal_hi3,2026-02
289059,long,2026-02-02 07:45:00,2026-02-02 07:50:00,2026-02-02 08:01:00,4615.126,4576.218731508334,SL,-39.067268491666674,11,0.32661528550077384,ml_v3bal_hi3,2026-02
289064,long,2026-02-02 08:10:00,2026-02-02 08:15:00,2026-02-02 09:41:00,4610.663,4713.286291666666,TP,102.46329166666672,86,0.312016080269566,ml_v3bal_hi3,2026-02
289083,long,2026-02-02 09:45:00,2026-02-02 09:50:00,2026-02-02 10:26:00,4717.089,4677.985593201041,SL,-39.26340679895835,36,0.31647871498063257,ml_v3bal_hi3,2026-02
289091,long,2026-02-02 10:25:00,2026-02-02 10:30:00,2026-02-02 12:23:00,4682.833,4784.375541666666,TP,101.38254166666675,113,0.31306856934025934,ml_v3bal_hi3,2026-02
289166,long,2026-02-02 16:40:00,2026-02-02 16:45:00,2026-02-02 18:16:00,4669.256,4630.738051662847,SL,-38.677948337152806,91,0.31392627423078895,ml_v3bal_hi3,2026-02
289188,long,2026-02-02 18:30:00,2026-02-02 18:35:00,2026-02-02 23:24:00,4657.629,4757.15325,TP,99.36425000000006,226,0.32371931403148535,ml_v3bal_hi3,2026-02
289247,long,2026-02-03 00:25:00,2026-02-03 00:30:00,2026-02-03 00:56:00,4819.873,4786.58722405243,SL,-33.44577594756947,26,0.31220005235347636,ml_v3bal_hi3,2026-02
289255,short,2026-02-03 01:05:00,2026-02-03 01:10:00,2026-02-03 01:15:00,4808.681,4841.593095268402,SL,-33.15209526840282,5,0.28037909628463875,ml_v3bal_hi3,2026-02
289257,short,2026-02-03 01:15:00,2026-02-03 01:20:00,2026-02-03 02:45:00,4840.58,4754.340625,TP,85.99937500000011,85,0.27936784964966943,ml_v3bal_hi3,2026-02
289275,short,2026-02-03 02:45:00,2026-02-03 02:50:00,2026-02-03 03:04:00,4761.515,4792.666549091667,SL,-31.31154909166669,14,0.28485204278142534,ml_v3bal_hi3,2026-02
289279,short,2026-02-03 03:05:00,2026-02-03 03:10:00,2026-02-03 03:41:00,4776.587,4807.606599699306,SL,-31.179599699305577,31,0.27268728388995284,ml_v3bal_hi3,2026-02
289286,short,2026-02-03 03:40:00,2026-02-03 03:45:00,2026-02-03 05:29:00,4805.078,4835.848340352431,SL,-30.930340352430584,104,0.28233127109471085,ml_v3bal_hi3,2026-02
289316,long,2026-02-03 06:10:00,2026-02-03 06:15:00,2026-02-03 07:33:00,4843.244,4918.397354166666,TP,74.99335416666678,78,0.3184985198703755,ml_v3bal_hi3,2026-02
289339,long,2026-02-03 08:05:00,2026-02-03 08:10:00,2026-02-03 09:27:00,4919.562,4893.645821830555,SL,-26.076178169444482,77,0.31129211170686355,ml_v3bal_hi3,2026-02
289427,long,2026-02-03 15:25:00,2026-02-03 15:30:00,2026-02-03 16:35:00,4925.117,4980.80959375,TP,55.452593750000055,65,0.31123749961308833,ml_v3bal_hi3,2026-02
289448,long,2026-02-03 17:10:00,2026-02-03 17:15:00,2026-02-03 17:42:00,4944.039,4924.662678177083,SL,-19.61632182291669,27,0.3119293605273187,ml_v3bal_hi3,2026-02
289455,long,2026-02-03 17:45:00,2026-02-03 17:50:00,2026-02-03 18:29:00,4932.508,4913.245531652778,SL,-19.502468347222248,39,0.31329226543359157,ml_v3bal_hi3,2026-02
289507,short,2026-02-03 23:05:00,2026-02-03 23:10:00,2026-02-03 23:19:00,4925.839,4944.017122130208,SL,-18.538122130208343,9,0.27216533392589715,ml_v3bal_hi3,2026-02
289519,long,2026-02-04 00:05:00,2026-02-04 00:10:00,2026-02-04 01:00:00,4969.33,5016.44940625,TP,46.87940625000005,50,0.3134298898902882,ml_v3bal_hi3,2026-02
289622,long,2026-02-04 08:40:00,2026-02-04 08:45:00,2026-02-04 09:15:00,5079.172,5063.920527297569,SL,-15.491472702430567,30,0.3167699391467653,ml_v3bal_hi3,2026-02
289759,long,2026-02-04 20:05:00,2026-02-04 20:10:00,2026-02-04 20:11:00,4940.415,4924.141619929861,SL,-16.51338007013888,1,0.314950422575331,ml_v3bal_hi3,2026-02
289805,long,2026-02-05 00:55:00,2026-02-05 01:00:00,2026-02-05 01:01:00,5006.949,4991.301079891667,SL,-15.887920108333327,1,0.3125275014602864,ml_v3bal_hi3,2026-02
289826,long,2026-02-05 02:40:00,2026-02-05 02:45:00,2026-02-05 02:46:00,4896.682,4880.610913229861,SL,-16.311086770138882,1,0.31368586415434707,ml_v3bal_hi3,2026-02
289827,short,2026-02-05 02:45:00,2026-02-05 02:50:00,2026-02-05 02:52:00,4852.085,4809.40734375,TP,42.43765624999998,2,0.2800221244284107,ml_v3bal_hi3,2026-02
289828,short,2026-02-05 02:50:00,2026-02-05 02:55:00,2026-02-05 03:00:00,4845.494,4802.45609375,TP,42.79790624999999,5,0.2806806514450504,ml_v3bal_hi3,2026-02
289830,short,2026-02-05 03:00:00,2026-02-05 03:05:00,2026-02-05 03:10:00,4836.886,4853.573502742014,SL,-16.847502742013887,5,0.2724841673296854,ml_v3bal_hi3,2026-02
289892,long,2026-02-05 08:10:00,2026-02-05 08:15:00,2026-02-05 08:26:00,4940.558,4921.875934369445,SL,-18.842065630555563,11,0.32276996964598526,ml_v3bal_hi3,2026-02
289895,long,2026-02-05 08:25:00,2026-02-05 08:30:00,2026-02-05 08:54:00,4921.101,4902.381468678819,SL,-18.95953132118056,24,0.3216867297329985,ml_v3bal_hi3,2026-02
289900,long,2026-02-05 08:50:00,2026-02-05 08:55:00,2026-02-05 09:03:00,4904.458,4885.706419857986,SL,-18.991580142013895,8,0.33756939715284834,ml_v3bal_hi3,2026-02
289902,long,2026-02-05 09:00:00,2026-02-05 09:05:00,2026-02-05 09:11:00,4884.137,4865.291043303125,SL,-19.085956696875,6,0.3269903897011006,ml_v3bal_hi3,2026-02
289904,long,2026-02-05 09:10:00,2026-02-05 09:15:00,2026-02-05 12:10:00,4862.872,4843.976045396528,SL,-19.055954603472223,175,0.3279539285862172,ml_v3bal_hi3,2026-02
289941,short,2026-02-05 12:15:00,2026-02-05 12:20:00,2026-02-05 12:27:00,4820.515,4839.9760630958335,SL,-19.621063095833353,7,0.2786230443291384,ml_v3bal_hi3,2026-02
289950,short,2026-02-05 13:00:00,2026-02-05 13:05:00,2026-02-05 13:16:00,4823.169,4843.152074734027,SL,-20.223074734027794,11,0.27977353165073093,ml_v3bal_hi3,2026-02
289958,short,2026-02-05 13:40:00,2026-02-05 13:45:00,2026-02-05 13:54:00,4825.122,4845.534146379167,SL,-20.57214637916669,9,0.2755445523015946,ml_v3bal_hi3,2026-02
290024,long,2026-02-05 19:10:00,2026-02-05 19:15:00,2026-02-05 19:33:00,4851.181,4831.534382327083,SL,-19.806617672916715,18,0.3173626374638321,ml_v3bal_hi3,2026-02
290031,long,2026-02-05 19:45:00,2026-02-05 19:50:00,2026-02-05 20:00:00,4842.046,4822.575690525695,SL,-19.63030947430559,10,0.32700903777077844,ml_v3bal_hi3,2026-02
290035,long,2026-02-05 20:05:00,2026-02-05 20:10:00,2026-02-05 20:23:00,4834.348,4814.894905456945,SL,-19.61309454305559,13,0.3302706039328878,ml_v3bal_hi3,2026-02
290039,long,2026-02-05 20:25:00,2026-02-05 20:30:00,2026-02-05 20:48:00,4825.626,4806.151154641319,SL,-19.634845358680586,18,0.3253500914950674,ml_v3bal_hi3,2026-02
290044,long,2026-02-05 20:50:00,2026-02-05 20:55:00,2026-02-05 21:34:00,4801.237,4781.7927311847225,SL,-19.60426881527781,39,0.31343244659315417,ml_v3bal_hi3,2026-02
290055,long,2026-02-05 21:45:00,2026-02-05 21:50:00,2026-02-05 23:26:00,4770.586,4750.925953252084,SL,-19.900046747916686,33,0.31118222224127123,ml_v3bal_hi3,2026-02
290063,short,2026-02-05 23:25:00,2026-02-05 23:30:00,2026-02-06 00:01:00,4752.247,4700.287395833334,TP,51.719604166666734,31,0.2743564892903991,ml_v3bal_hi3,2026-02
290070,short,2026-02-06 00:00:00,2026-02-06 00:05:00,2026-02-06 00:26:00,4686.925,4706.935496397223,SL,-20.17049639722224,21,0.2841569777128995,ml_v3bal_hi3,2026-02
290099,long,2026-02-06 02:25:00,2026-02-06 02:30:00,2026-02-06 05:50:00,4820.272,4876.319895833333,TP,55.88789583333338,200,0.3112680029309036,ml_v3bal_hi3,2026-02
290143,short,2026-02-06 06:05:00,2026-02-06 06:10:00,2026-02-06 11:23:00,4872.313,4892.077217320833,SL,-20.052217320833364,313,0.27321954206575916,ml_v3bal_hi3,2026-02
290235,long,2026-02-06 13:45:00,2026-02-06 13:50:00,2026-02-06 14:11:00,4930.615,4912.292872469791,SL,-18.514127530208327,21,0.3192190824271547,ml_v3bal_hi3,2026-02
290240,long,2026-02-06 14:10:00,2026-02-06 14:15:00,2026-02-06 14:23:00,4922.105,4904.025655383333,SL,-18.271344616666656,8,0.3212898351875294,ml_v3bal_hi3,2026-02
290242,short,2026-02-06 14:20:00,2026-02-06 14:25:00,2026-02-06 14:32:00,4904.299,4922.303409267014,SL,-18.19640926701388,7,0.2738811926272643,ml_v3bal_hi3,2026-02
290244,short,2026-02-06 14:30:00,2026-02-06 14:35:00,2026-02-06 14:37:00,4928.854,4946.878679868403,SL,-18.216679868402768,2,0.2718758201006076,ml_v3bal_hi3,2026-02
290250,short,2026-02-06 15:00:00,2026-02-06 15:05:00,2026-02-06 15:06:00,4942.757,4960.654726695138,SL,-18.185726695138882,1,0.27131024252616154,ml_v3bal_hi3,2026-02
290257,short,2026-02-06 15:35:00,2026-02-06 15:40:00,2026-02-06 17:30:00,4945.593,4963.218121234722,SL,-17.913121234722208,110,0.27184275815161324,ml_v3bal_hi3,2026-02
290280,short,2026-02-06 17:30:00,2026-02-06 17:35:00,2026-02-08 23:03:00,4960.995,4977.676732684375,SL,-16.921732684374984,264,0.2736717045750031,ml_v3bal_hi3,2026-02
290346,long,2026-02-09 00:00:00,2026-02-09 00:05:00,2026-02-09 00:48:00,5028.06,5013.119729443403,SL,-15.180270556597183,43,0.3111443070889818,ml_v3bal_hi3,2026-02
290355,long,2026-02-09 00:45:00,2026-02-09 00:50:00,2026-02-09 01:32:00,5013.477,4998.637463379514,SL,-15.079536620486074,42,0.3169574617061664,ml_v3bal_hi3,2026-02
290404,short,2026-02-09 04:50:00,2026-02-09 04:55:00,2026-02-09 05:27:00,5015.292,5028.111798184723,SL,-13.059798184722158,32,0.2716981938382158,ml_v3bal_hi3,2026-02
290448,long,2026-02-09 08:30:00,2026-02-09 08:35:00,2026-02-09 09:37:00,5027.711,5015.546369240278,SL,-12.40463075972218,62,0.31180900384835597,ml_v3bal_hi3,2026-02
290461,short,2026-02-09 09:35:00,2026-02-09 09:40:00,2026-02-09 10:30:00,5014.151,4982.769541666667,TP,31.14145833333325,50,0.27312511417639035,ml_v3bal_hi3,2026-02
290487,short,2026-02-09 11:45:00,2026-02-09 11:50:00,2026-02-09 12:36:00,5008.221,5019.975329659722,SL,-11.9943296597222,46,0.2713511310123681,ml_v3bal_hi3,2026-02
290497,short,2026-02-09 12:35:00,2026-02-09 12:40:00,2026-02-09 14:31:00,5015.469,5027.054307448611,SL,-11.825307448611083,111,0.27201221425570155,ml_v3bal_hi3,2026-02
290520,long,2026-02-09 14:30:00,2026-02-09 14:35:00,2026-02-09 15:17:00,5035.268,5023.883092923264,SL,-11.624907076736081,42,0.3126883338863353,ml_v3bal_hi3,2026-02
290529,long,2026-02-09 15:15:00,2026-02-09 15:20:00,2026-02-09 15:45:00,5027.239,5056.8798333333325,TP,29.400833333333228,25,0.31313179244346423,ml_v3bal_hi3,2026-02
290535,long,2026-02-09 15:45:00,2026-02-09 15:50:00,2026-02-09 17:51:00,5059.868,5048.806926495139,SL,-11.301073504861073,121,0.3172577468873369,ml_v3bal_hi3,2026-02
290569,long,2026-02-09 18:35:00,2026-02-09 18:40:00,2026-02-09 20:33:00,5057.599,5084.896729166667,TP,27.057729166666537,113,0.31166751578506374,ml_v3bal_hi3,2026-02
290610,short,2026-02-09 23:00:00,2026-02-09 23:05:00,2026-02-09 23:10:00,5056.751,5029.715333333334,TP,26.675666666666594,5,0.27161645374242027,ml_v3bal_hi3,2026-02
290627,short,2026-02-10 00:25:00,2026-02-10 00:30:00,2026-02-10 02:08:00,5034.126,5044.808003734723,SL,-10.922003734722187,98,0.2743895134109686,ml_v3bal_hi3,2026-02
290649,short,2026-02-10 02:15:00,2026-02-10 02:20:00,2026-02-10 02:23:00,5041.604,5051.95760253125,SL,-10.593602531249962,3,0.27654175602517195,ml_v3bal_hi3,2026-02
290670,short,2026-02-10 04:00:00,2026-02-10 04:05:00,2026-02-10 04:49:00,5022.409,5032.291207870486,SL,-10.122207870486069,44,0.27296215892727865,ml_v3bal_hi3,2026-02
290679,short,2026-02-10 04:45:00,2026-02-10 04:50:00,2026-02-10 06:07:00,5032.712,5042.532701595834,SL,-10.060701595833292,77,0.27738047243054403,ml_v3bal_hi3,2026-02
290697,short,2026-02-10 06:15:00,2026-02-10 06:20:00,2026-02-10 08:38:00,5033.956,5043.698397072222,SL,-9.982397072222188,138,0.2785742373164761,ml_v3bal_hi3,2026-02
290727,long,2026-02-10 08:45:00,2026-02-10 08:50:00,2026-02-10 08:56:00,5051.147,5041.661608596875,SL,-9.725391403124949,6,0.31146158143653146,ml_v3bal_hi3,2026-02
290738,short,2026-02-10 09:40:00,2026-02-10 09:45:00,2026-02-10 12:44:00,5048.725,5023.84109375,TP,24.643906249999848,179,0.2724589859855369,ml_v3bal_hi3,2026-02
290793,long,2026-02-10 14:15:00,2026-02-10 14:20:00,2026-02-10 14:37:00,5071.686,5062.443085943402,SL,-9.482914056597178,17,0.3166663329774837,ml_v3bal_hi3,2026-02
290889,short,2026-02-10 23:15:00,2026-02-10 23:20:00,2026-02-10 23:23:00,5044.088,5053.435080661111,SL,-9.707080661111089,3,0.2726052977388006,ml_v3bal_hi3,2026-02
290890,short,2026-02-10 23:20:00,2026-02-10 23:25:00,2026-02-11 02:55:00,5048.205,5057.584772363194,SL,-9.739772363194424,210,0.27424001307798296,ml_v3bal_hi3,2026-02
290935,short,2026-02-11 03:05:00,2026-02-11 03:10:00,2026-02-11 05:35:00,5053.194,5061.52859825,SL,-8.574598249999989,145,0.2757772458286659,ml_v3bal_hi3,2026-02
290965,long,2026-02-11 05:35:00,2026-02-11 05:40:00,2026-02-11 05:49:00,5062.14,5054.218000555209,SL,-8.161999444791658,9,0.3119216062507142,ml_v3bal_hi3,2026-02
291006,short,2026-02-11 09:00:00,2026-02-11 09:05:00,2026-02-11 09:35:00,5052.796,5060.540905502431,SL,-7.984905502430541,30,0.2765927342485041,ml_v3bal_hi3,2026-02
291013,short,2026-02-11 09:35:00,2026-02-11 09:40:00,2026-02-11 09:46:00,5058.78,5066.460835639583,SL,-7.920835639583325,6,0.273216304448593,ml_v3bal_hi3,2026-02
291015,short,2026-02-11 09:45:00,2026-02-11 09:50:00,2026-02-11 10:16:00,5064.054,5071.753201407639,SL,-7.939201407638883,26,0.2768515917334441,ml_v3bal_hi3,2026-02
291060,short,2026-02-11 13:30:00,2026-02-11 13:35:00,2026-02-11 13:38:00,5049.703,5058.168253943056,SL,-8.705253943055544,3,0.2717135252214177,ml_v3bal_hi3,2026-02
291072,short,2026-02-11 14:30:00,2026-02-11 14:35:00,2026-02-11 14:39:00,5069.477,5047.01475,TP,22.222249999999985,4,0.27185642986157044,ml_v3bal_hi3,2026-02
291073,short,2026-02-11 14:35:00,2026-02-11 14:40:00,2026-02-11 14:53:00,5045.938,5054.5639266347225,SL,-8.865926634722216,13,0.2737839925235279,ml_v3bal_hi3,2026-02
291076,short,2026-02-11 14:50:00,2026-02-11 14:55:00,2026-02-11 15:05:00,5059.011,5067.723437815278,SL,-8.952437815277769,10,0.2721862304156788,ml_v3bal_hi3,2026-02
291080,short,2026-02-11 15:10:00,2026-02-11 15:15:00,2026-02-11 15:28:00,5067.508,5044.364375,TP,22.903624999999977,13,0.27254192174276193,ml_v3bal_hi3,2026-02
291083,short,2026-02-11 15:25:00,2026-02-11 15:30:00,2026-02-11 15:52:00,5049.077,5057.970051730903,SL,-9.133051730902764,22,0.272252506663307,ml_v3bal_hi3,2026-02
291110,long,2026-02-11 17:40:00,2026-02-11 17:45:00,2026-02-11 18:02:00,5096.016,5087.461679225,SL,-8.794320774999987,17,0.3134733982762803,ml_v3bal_hi3,2026-02
291126,long,2026-02-11 19:00:00,2026-02-11 19:05:00,2026-02-11 19:57:00,5087.201,5078.574815419097,SL,-8.866184580902758,52,0.3146382901829361,ml_v3bal_hi3,2026-02
291137,long,2026-02-11 19:55:00,2026-02-11 20:00:00,2026-02-11 21:32:00,5082.113,5073.566171569445,SL,-8.78682843055553,92,0.3137886706751465,ml_v3bal_hi3,2026-02
291207,short,2026-02-12 02:45:00,2026-02-12 02:50:00,2026-02-12 03:03:00,5060.401,5069.264284741666,SL,-9.103284741666627,13,0.2724203951044901,ml_v3bal_hi3,2026-02
291218,short,2026-02-12 03:40:00,2026-02-12 03:45:00,2026-02-12 05:06:00,5065.318,5074.117068047917,SL,-9.039068047916617,81,0.27503276237686713,ml_v3bal_hi3,2026-02
291235,long,2026-02-12 05:05:00,2026-02-12 05:10:00,2026-02-12 05:30:00,5077.289,5068.466224713889,SL,-9.062775286111073,20,0.32057115301264993,ml_v3bal_hi3,2026-02
291241,short,2026-02-12 05:35:00,2026-02-12 05:40:00,2026-02-12 05:55:00,5065.868,5074.723776523611,SL,-9.095776523611073,15,0.27598014169502083,ml_v3bal_hi3,2026-02
291245,long,2026-02-12 05:55:00,2026-02-12 06:00:00,2026-02-12 06:03:00,5075.538,5066.671516725694,SL,-9.106483274305514,3,0.32328405841960184,ml_v3bal_hi3,2026-02
291249,short,2026-02-12 06:15:00,2026-02-12 06:20:00,2026-02-12 09:05:00,5065.918,5074.828421429861,SL,-9.150421429861064,165,0.272309331116988,ml_v3bal_hi3,2026-02
291285,short,2026-02-12 09:15:00,2026-02-12 09:20:00,2026-02-12 12:52:00,5073.256,5050.049281250001,TP,22.96671874999988,212,0.2712844019544319,ml_v3bal_hi3,2026-02
291336,short,2026-02-12 13:30:00,2026-02-12 13:35:00,2026-02-12 13:47:00,5072.52,5080.914279059375,SL,-8.634279059374967,12,0.281035722328314,ml_v3bal_hi3,2026-02
291339,short,2026-02-12 13:45:00,2026-02-12 13:50:00,2026-02-12 14:19:00,5077.884,5056.1950729166665,TP,21.44892708333324,29,0.2770540262182234,ml_v3bal_hi3,2026-02
291349,short,2026-02-12 14:35:00,2026-02-12 14:40:00,2026-02-12 15:17:00,5059.3,5067.254893535417,SL,-8.19489353541663,37,0.27320902166138383,ml_v3bal_hi3,2026-02
291359,short,2026-02-12 15:25:00,2026-02-12 15:30:00,2026-02-12 15:45:00,5065.9,5073.807578269097,SL,-8.147578269097187,15,0.27120834692332907,ml_v3bal_hi3,2026-02
291364,short,2026-02-12 15:50:00,2026-02-12 15:55:00,2026-02-12 16:10:00,5069.912,5049.74384375,TP,19.928156249999926,15,0.2722685674422134,ml_v3bal_hi3,2026-02
291427,long,2026-02-12 21:05:00,2026-02-12 21:10:00,2026-02-12 23:00:00,4912.64,4902.873871879167,SL,-9.926128120833347,48,0.32434649313425107,ml_v3bal_hi3,2026-02
291438,long,2026-02-12 23:00:00,2026-02-12 23:05:00,2026-02-12 23:16:00,4892.805,4918.9127708333335,TP,25.607770833333404,11,0.3315455912985884,ml_v3bal_hi3,2026-02
291441,long,2026-02-12 23:15:00,2026-02-12 23:20:00,2026-02-12 23:39:00,4920.007,4909.928518896528,SL,-10.318481103472248,19,0.34121230239058364,ml_v3bal_hi3,2026-02
291445,long,2026-02-12 23:35:00,2026-02-12 23:40:00,2026-02-13 00:06:00,4910.613,4937.220135416667,TP,26.367135416666734,26,0.3341468721070372,ml_v3bal_hi3,2026-02
291451,long,2026-02-13 00:05:00,2026-02-13 00:10:00,2026-02-13 00:42:00,4943.291,4933.095451014584,SL,-10.435548985416693,32,0.32747142011309494,ml_v3bal_hi3,2026-02
291458,long,2026-02-13 00:40:00,2026-02-13 00:45:00,2026-02-13 00:50:00,4940.677,4930.499888213889,SL,-10.41711178611114,5,0.33575202519083847,ml_v3bal_hi3,2026-02
291460,long,2026-02-13 00:50:00,2026-02-13 00:55:00,2026-02-13 01:06:00,4933.726,4960.52546875,TP,26.559468750000097,11,0.33276958758021224,ml_v3bal_hi3,2026-02
291463,long,2026-02-13 01:05:00,2026-02-13 01:10:00,2026-02-13 02:55:00,4963.418,4990.435125,TP,26.777125000000108,105,0.33705024415636886,ml_v3bal_hi3,2026-02
291495,long,2026-02-13 03:45:00,2026-02-13 03:50:00,2026-02-13 05:19:00,4977.576,4967.1920391875,SL,-10.623960812500036,89,0.31272032749278844,ml_v3bal_hi3,2026-02
291513,long,2026-02-13 05:15:00,2026-02-13 05:20:00,2026-02-13 05:43:00,4972.934,4962.481429471875,SL,-10.69257052812505,23,0.3372041433491789,ml_v3bal_hi3,2026-02
291518,long,2026-02-13 05:40:00,2026-02-13 05:45:00,2026-02-13 05:55:00,4964.314,4953.712820724653,SL,-10.84117927534727,10,0.3119037150778853,ml_v3bal_hi3,2026-02
291521,long,2026-02-13 05:55:00,2026-02-13 06:00:00,2026-02-13 07:19:00,4946.451,4974.366635416667,TP,27.675635416666797,79,0.3146843462624632,ml_v3bal_hi3,2026-02
291537,long,2026-02-13 07:15:00,2026-02-13 07:20:00,2026-02-13 09:30:00,4974.217,4963.333210920833,SL,-11.123789079166722,130,0.33421628171587814,ml_v3bal_hi3,2026-02
291564,long,2026-02-13 09:30:00,2026-02-13 09:35:00,2026-02-13 10:48:00,4969.027,4957.882586068403,SL,-11.384413931597285,73,0.3142091482319914,ml_v3bal_hi3,2026-02
291607,short,2026-02-13 13:05:00,2026-02-13 13:10:00,2026-02-13 13:30:00,4968.26,4979.9994005284725,SL,-11.899400528472269,20,0.27302419646749443,ml_v3bal_hi3,2026-02
291614,short,2026-02-13 13:40:00,2026-02-13 13:45:00,2026-02-13 14:05:00,4984.233,4996.193396910764,SL,-12.200396910763919,20,0.2713623718182463,ml_v3bal_hi3,2026-02
291619,short,2026-02-13 14:05:00,2026-02-13 14:10:00,2026-02-13 14:15:00,4990.843,5002.91295260625,SL,-12.309952606250034,5,0.272088407042126,ml_v3bal_hi3,2026-02
291625,short,2026-02-13 14:35:00,2026-02-13 14:40:00,2026-02-13 14:46:00,4987.873,5000.053865495485,SL,-12.420865495486144,6,0.2716699435642381,ml_v3bal_hi3,2026-02
291647,short,2026-02-13 16:25:00,2026-02-13 16:30:00,2026-02-13 19:06:00,5027.695,5040.288690499652,SL,-12.83369049965281,156,0.2722268042721109,ml_v3bal_hi3,2026-02
291687,long,2026-02-13 19:45:00,2026-02-13 19:50:00,2026-02-13 19:59:00,5034.723,5024.341059104514,SL,-10.621940895486125,9,0.3125342999145019,ml_v3bal_hi3,2026-02
291706,long,2026-02-13 21:20:00,2026-02-13 21:25:00,2026-02-15 23:01:00,5031.539,5021.467598527083,SL,-10.311401472916678,33,0.31136917812075493,ml_v3bal_hi3,2026-02
291714,short,2026-02-15 23:00:00,2026-02-15 23:05:00,2026-02-15 23:15:00,5015.099,5025.093751773264,SL,-10.494751773263905,9,0.27482806494045914,ml_v3bal_hi3,2026-02
291719,short,2026-02-15 23:25:00,2026-02-15 23:30:00,2026-02-16 00:03:00,5029.149,5002.884770833333,TP,25.904229166666706,33,0.27167719335051366,ml_v3bal_hi3,2026-02
291726,short,2026-02-16 00:00:00,2026-02-16 00:05:00,2026-02-16 00:13:00,5007.717,5017.725601498958,SL,-10.248601498958344,8,0.2716421220930947,ml_v3bal_hi3,2026-02
291728,short,2026-02-16 00:10:00,2026-02-16 00:15:00,2026-02-16 01:19:00,5017.447,5027.404881343055,SL,-10.19788134305557,64,0.2733592301468878,ml_v3bal_hi3,2026-02
291741,short,2026-02-16 01:15:00,2026-02-16 01:20:00,2026-02-16 02:37:00,5028.851,5003.49159375,TP,25.119406250000043,77,0.2715396891375206,ml_v3bal_hi3,2026-02
291757,short,2026-02-16 02:35:00,2026-02-16 02:40:00,2026-02-16 03:49:00,5009.239,4984.78534375,TP,24.213656250000025,69,0.27192199754969815,ml_v3bal_hi3,2026-02
291771,short,2026-02-16 03:45:00,2026-02-16 03:50:00,2026-02-16 06:27:00,4984.679,4993.868856511458,SL,-9.429856511458357,157,0.2764485489227477,ml_v3bal_hi3,2026-02
291819,long,2026-02-16 07:45:00,2026-02-16 07:50:00,2026-02-16 08:13:00,5008.097,4999.381165231945,SL,-8.95583476805557,23,0.31549991532935373,ml_v3bal_hi3,2026-02
291828,long,2026-02-16 08:30:00,2026-02-16 08:35:00,2026-02-16 12:14:00,5006.244,4997.694635760069,SL,-8.789364239930572,219,0.31111731990947,ml_v3bal_hi3,2026-02
291887,short,2026-02-16 13:25:00,2026-02-16 13:30:00,2026-02-16 15:03:00,4994.356,4974.331947916667,TP,19.784052083333403,93,0.2722770864123214,ml_v3bal_hi3,2026-02
291919,long,2026-02-16 16:05:00,2026-02-16 16:10:00,2026-02-16 17:03:00,4975.272,4993.0403125,TP,17.528312500000094,53,0.31152796267588245,ml_v3bal_hi3,2026-02
291934,long,2026-02-16 17:20:00,2026-02-16 17:25:00,2026-02-16 23:12:00,4993.083,4986.779132661458,SL,-6.5438673385417045,136,0.31565329546096343,ml_v3bal_hi3,2026-02
291965,long,2026-02-16 23:25:00,2026-02-16 23:30:00,2026-02-16 23:42:00,4994.361,4988.500669134722,SL,-6.1003308652778045,12,0.3111101549303772,ml_v3bal_hi3,2026-02
291969,long,2026-02-16 23:45:00,2026-02-16 23:50:00,2026-02-17 00:01:00,4993.49,4987.683179077778,SL,-6.046820922222249,11,0.3180424284374954,ml_v3bal_hi3,2026-02
291973,short,2026-02-17 00:05:00,2026-02-17 00:10:00,2026-02-17 00:52:00,4978.563,4963.206041666666,TP,15.116958333333399,42,0.2715130926206093,ml_v3bal_hi3,2026-02
291982,short,2026-02-17 00:50:00,2026-02-17 00:55:00,2026-02-17 00:58:00,4952.232,4936.806104166667,TP,15.265895833333404,3,0.28209483777507094,ml_v3bal_hi3,2026-02
291983,short,2026-02-17 00:55:00,2026-02-17 01:00:00,2026-02-17 01:01:00,4935.81,4941.752746654167,SL,-6.1827466541666976,1,0.281969459678592,ml_v3bal_hi3,2026-02
291984,short,2026-02-17 01:00:00,2026-02-17 01:05:00,2026-02-17 01:06:00,4934.278,4940.285522892708,SL,-6.247522892708366,1,0.27702068315329287,ml_v3bal_hi3,2026-02
291998,long,2026-02-17 02:10:00,2026-02-17 02:15:00,2026-02-17 03:15:00,4965.008,4958.925208411805,SL,-6.322791588194476,60,0.3123650664700938,ml_v3bal_hi3,2026-02
292018,long,2026-02-17 03:50:00,2026-02-17 03:55:00,2026-02-17 04:03:00,4957.507,4951.758883660069,SL,-5.988116339930568,8,0.31294627136129866,ml_v3bal_hi3,2026-02
292023,long,2026-02-17 04:15:00,2026-02-17 04:20:00,2026-02-17 05:06:00,4953.756,4948.021292893056,SL,-5.974707106944461,46,0.31746826714415083,ml_v3bal_hi3,2026-02
292034,short,2026-02-17 05:10:00,2026-02-17 05:15:00,2026-02-17 05:16:00,4928.231,4913.12121875,TP,14.869781250000043,1,0.2747403720122006,ml_v3bal_hi3,2026-02
292035,short,2026-02-17 05:15:00,2026-02-17 05:20:00,2026-02-17 05:31:00,4900.987,4885.5642708333335,TP,15.182729166666698,11,0.2750478469832611,ml_v3bal_hi3,2026-02
292038,short,2026-02-17 05:30:00,2026-02-17 05:35:00,2026-02-17 05:52:00,4884.635,4890.771841234028,SL,-6.376841234027779,17,0.2723272078736496,ml_v3bal_hi3,2026-02
292063,short,2026-02-17 07:35:00,2026-02-17 07:40:00,2026-02-17 08:04:00,4919.636,4925.887651094792,SL,-6.4116510947916705,24,0.27583837364402897,ml_v3bal_hi3,2026-02
292068,short,2026-02-17 08:00:00,2026-02-17 08:05:00,2026-02-17 09:53:00,4925.68,4931.955778983681,SL,-6.435778983680556,108,0.2781292640444059,ml_v3bal_hi3,2026-02
292100,short,2026-02-17 10:40:00,2026-02-17 10:45:00,2026-02-17 11:20:00,4921.768,4928.240508582986,SL,-6.632508582986135,35,0.2799880274052793,ml_v3bal_hi3,2026-02
292131,short,2026-02-17 13:15:00,2026-02-17 13:20:00,2026-02-17 13:22:00,4913.137,4919.789805026388,SL,-6.812805026388917,2,0.27313817545657954,ml_v3bal_hi3,2026-02
292139,short,2026-02-17 13:55:00,2026-02-17 14:00:00,2026-02-17 14:01:00,4870.703,4852.4328958333335,TP,18.030104166666717,1,0.2786598851323082,ml_v3bal_hi3,2026-02
292205,long,2026-02-17 19:25:00,2026-02-17 19:30:00,2026-02-17 20:02:00,4883.786,4874.923437507639,SL,-9.022562492361116,32,0.31183089310313095,ml_v3bal_hi3,2026-02
292213,long,2026-02-17 20:05:00,2026-02-17 20:10:00,2026-02-17 23:02:00,4876.938,4868.050138939931,SL,-9.04786106006945,108,0.312842205111035,ml_v3bal_hi3,2026-02
292243,short,2026-02-17 23:35:00,2026-02-17 23:40:00,2026-02-17 23:44:00,4866.553,4875.913148611458,SL,-9.52014861145833,4,0.27577435064121614,ml_v3bal_hi3,2026-02
292245,short,2026-02-17 23:45:00,2026-02-17 23:50:00,2026-02-18 00:33:00,4865.262,4874.674714074653,SL,-9.572714074652778,43,0.27205182255011706,ml_v3bal_hi3,2026-02
292268,long,2026-02-18 01:40:00,2026-02-18 01:45:00,2026-02-18 03:04:00,4885.945,4911.105666666666,TP,25.000666666666692,79,0.3117322531770198,ml_v3bal_hi3,2026-02
292293,long,2026-02-18 03:45:00,2026-02-18 03:50:00,2026-02-18 09:50:00,4919.729,4917.363,TIMEOUT,-2.5259999999999856,360,0.31222715866191686,ml_v3bal_hi3,2026-02
292366,short,2026-02-18 09:50:00,2026-02-18 09:55:00,2026-02-18 12:18:00,4920.479,4928.777815162153,SL,-8.458815162152785,143,0.27866286022311304,ml_v3bal_hi3,2026-02
292395,short,2026-02-18 12:15:00,2026-02-18 12:20:00,2026-02-18 12:55:00,4926.26,4934.377062314931,SL,-8.277062314930552,35,0.2806923569053288,ml_v3bal_hi3,2026-02
292416,long,2026-02-18 14:00:00,2026-02-18 14:05:00,2026-02-18 14:36:00,4958.657,4980.23496875,TP,21.41796874999998,31,0.3138564376355516,ml_v3bal_hi3,2026-02
292448,long,2026-02-18 16:40:00,2026-02-18 16:45:00,2026-02-18 17:03:00,5005.669,4998.526799637847,SL,-7.382200362152777,18,0.3272834847822677,ml_v3bal_hi3,2026-02
292452,long,2026-02-18 17:00:00,2026-02-18 17:05:00,2026-02-18 18:25:00,4999.745,4992.7088313916665,SL,-7.196168608333336,80,0.3171945939913284,ml_v3bal_hi3,2026-02
292469,long,2026-02-18 18:25:00,2026-02-18 18:30:00,2026-02-18 18:43:00,4988.336,4981.680333755208,SL,-6.895666244791666,13,0.3265206469452595,ml_v3bal_hi3,2026-02
292475,long,2026-02-18 18:55:00,2026-02-18 19:00:00,2026-02-18 19:27:00,4987.289,4980.681240313542,SL,-6.767759686458333,27,0.32378757791979107,ml_v3bal_hi3,2026-02
292577,long,2026-02-19 04:25:00,2026-02-19 04:30:00,2026-02-19 05:42:00,4980.059,4995.2595625,TP,14.960562499999915,72,0.31493843957556955,ml_v3bal_hi3,2026-02
292599,long,2026-02-19 06:15:00,2026-02-19 06:20:00,2026-02-19 06:45:00,5000.069,5015.14559375,TP,14.836593749999972,25,0.31319777650846115,ml_v3bal_hi3,2026-02
292709,long,2026-02-19 15:25:00,2026-02-19 15:30:00,2026-02-19 15:51:00,5015.939,5009.786789142015,SL,-6.392210857986097,21,0.31733299602813525,ml_v3bal_hi3,2026-02
292715,long,2026-02-19 15:55:00,2026-02-19 16:00:00,2026-02-19 16:05:00,5013.714,5007.680535658334,SL,-6.273464341666654,5,0.31597855498142047,ml_v3bal_hi3,2026-02
292770,long,2026-02-19 20:30:00,2026-02-19 20:35:00,2026-02-19 23:56:00,4996.406,4990.42941874375,SL,-6.216581256250012,138,0.3119731163194542,ml_v3bal_hi3,2026-02
292804,short,2026-02-20 00:20:00,2026-02-20 00:25:00,2026-02-20 00:45:00,4990.687,4996.685332071875,SL,-6.238332071874997,20,0.27384148091758187,ml_v3bal_hi3,2026-02
292810,long,2026-02-20 00:50:00,2026-02-20 00:55:00,2026-02-20 01:37:00,5001.029,4995.041037364584,SL,-6.22796263541667,42,0.3180545107997822,ml_v3bal_hi3,2026-02
292830,long,2026-02-20 02:30:00,2026-02-20 02:35:00,2026-02-20 02:56:00,4999.216,4993.1773449875,SL,-6.2786550125000264,21,0.31249489002451925,ml_v3bal_hi3,2026-02
292871,long,2026-02-20 05:55:00,2026-02-20 06:00:00,2026-02-20 06:25:00,5011.753,5027.764333333333,TP,15.771333333333358,25,0.3120689072338093,ml_v3bal_hi3,2026-02
292877,long,2026-02-20 06:25:00,2026-02-20 06:30:00,2026-02-20 07:04:00,5022.187,5016.029784986111,SL,-6.397215013888887,34,0.3215407409397114,ml_v3bal_hi3,2026-02
292884,long,2026-02-20 07:00:00,2026-02-20 07:05:00,2026-02-20 07:21:00,5021.056,5014.84888232118,SL,-6.447117678819438,16,0.3315263070789326,ml_v3bal_hi3,2026-02
292890,short,2026-02-20 07:30:00,2026-02-20 07:35:00,2026-02-20 08:31:00,5014.341,5020.592809830903,SL,-6.4918098309027705,56,0.27747285887092543,ml_v3bal_hi3,2026-02
292902,short,2026-02-20 08:30:00,2026-02-20 08:35:00,2026-02-20 08:51:00,5021.514,5027.846654132291,SL,-6.57265413229166,16,0.27435796508015803,ml_v3bal_hi3,2026-02
292906,long,2026-02-20 08:50:00,2026-02-20 08:55:00,2026-02-20 10:05:00,5030.207,5023.841872427778,SL,-6.605127572222219,70,0.32147553307261345,ml_v3bal_hi3,2026-02
292921,short,2026-02-20 10:05:00,2026-02-20 10:10:00,2026-02-20 10:32:00,5024.918,5031.312676299305,SL,-6.634676299305542,22,0.2784133759273971,ml_v3bal_hi3,2026-02
292966,long,2026-02-20 13:50:00,2026-02-20 13:55:00,2026-02-20 14:04:00,5045.363,5038.940318682292,SL,-6.66268131770833,9,0.3119733182908403,ml_v3bal_hi3,2026-02
292971,long,2026-02-20 14:15:00,2026-02-20 14:20:00,2026-02-20 14:45:00,5042.247,5059.16653125,TP,16.67953125,25,0.31276878697885147,ml_v3bal_hi3,2026-02
292977,long,2026-02-20 14:45:00,2026-02-20 14:50:00,2026-02-20 14:56:00,5057.397,5050.931499616319,SL,-6.705500383680559,6,0.3147533534289705,ml_v3bal_hi3,2026-02
292979,long,2026-02-20 14:55:00,2026-02-20 15:00:00,2026-02-20 15:02:00,5053.93,5047.4313078954865,SL,-6.738692104513894,2,0.3134076593638765,ml_v3bal_hi3,2026-02
292980,short,2026-02-20 15:00:00,2026-02-20 15:05:00,2026-02-20 15:06:00,5027.379,5009.945083333333,TP,17.073916666666676,1,0.2712409928380907,ml_v3bal_hi3,2026-02
292993,long,2026-02-20 16:05:00,2026-02-20 16:10:00,2026-02-20 16:33:00,5048.28,5066.692427083333,TP,18.172427083333325,23,0.3121511180704489,ml_v3bal_hi3,2026-02
292998,long,2026-02-20 16:30:00,2026-02-20 16:35:00,2026-02-20 16:38:00,5067.247,5060.225137483681,SL,-7.261862516319446,3,0.31416144711222527,ml_v3bal_hi3,2026-02
293006,long,2026-02-20 17:10:00,2026-02-20 17:15:00,2026-02-20 17:20:00,5066.935,5059.904053809722,SL,-7.270946190277771,5,0.31144297106279006,ml_v3bal_hi3,2026-02
293047,long,2026-02-20 20:35:00,2026-02-20 20:40:00,2026-02-20 21:49:00,5085.928,5104.143135416666,TP,17.975135416666603,69,0.3125192819358217,ml_v3bal_hi3,2026-02
293064,short,2026-02-22 23:00:00,2026-02-22 23:05:00,2026-02-22 23:06:00,5117.648,5124.690863303819,SL,-7.542863303819422,1,0.2722236756693384,ml_v3bal_hi3,2026-02
293076,long,2026-02-23 00:00:00,2026-02-23 00:05:00,2026-02-23 00:06:00,5148.494,5141.109615953124,SL,-7.74438404687499,1,0.31626401208626154,ml_v3bal_hi3,2026-02
293077,long,2026-02-23 00:05:00,2026-02-23 00:10:00,2026-02-23 00:11:00,5149.634,5142.227976252778,SL,-7.766023747222211,1,0.3178685709803831,ml_v3bal_hi3,2026-02
293078,long,2026-02-23 00:10:00,2026-02-23 00:15:00,2026-02-23 00:20:00,5138.288,5130.839919120139,SL,-7.8080808798611026,5,0.31374282687599775,ml_v3bal_hi3,2026-02
293080,long,2026-02-23 00:20:00,2026-02-23 00:25:00,2026-02-23 00:26:00,5145.469,5137.973528454167,SL,-7.735471545833321,1,0.3155633315413725,ml_v3bal_hi3,2026-02
293082,long,2026-02-23 00:30:00,2026-02-23 00:35:00,2026-02-23 00:39:00,5149.572,5141.995803204862,SL,-7.936196795138875,4,0.31194637521653285,ml_v3bal_hi3,2026-02
293083,long,2026-02-23 00:35:00,2026-02-23 00:40:00,2026-02-23 00:45:00,5144.111,5136.504262377083,SL,-7.966737622916653,5,0.3159529398336898,ml_v3bal_hi3,2026-02
293086,long,2026-02-23 00:50:00,2026-02-23 00:55:00,2026-02-23 01:42:00,5143.944,5163.982958333334,TP,19.798958333333285,47,0.3135360310926925,ml_v3bal_hi3,2026-02
293151,long,2026-02-23 06:15:00,2026-02-23 06:20:00,2026-02-23 06:29:00,5160.737,5152.959906782639,SL,-8.017093217361099,9,0.31469504519445496,ml_v3bal_hi3,2026-02
293159,short,2026-02-23 06:55:00,2026-02-23 07:00:00,2026-02-23 07:09:00,5145.796,5153.6349844270835,SL,-8.078984427083324,9,0.27207861593279925,ml_v3bal_hi3,2026-02
293161,short,2026-02-23 07:05:00,2026-02-23 07:10:00,2026-02-23 07:26:00,5151.006,5130.24940625,TP,20.51659374999997,16,0.27149139855501425,ml_v3bal_hi3,2026-02
293211,short,2026-02-23 11:15:00,2026-02-23 11:20:00,2026-02-23 12:39:00,5149.919,5157.891211645138,SL,-8.2122116451389,79,0.2717126134537663,ml_v3bal_hi3,2026-02
293233,short,2026-02-23 13:05:00,2026-02-23 13:10:00,2026-02-23 14:24:00,5155.85,5163.751808211458,SL,-8.141808211458342,74,0.2718573605255601,ml_v3bal_hi3,2026-02
293248,long,2026-02-23 14:20:00,2026-02-23 14:25:00,2026-02-23 14:40:00,5163.305,5184.137770833334,TP,20.592770833333354,15,0.31658408095292445,ml_v3bal_hi3,2026-02
293252,long,2026-02-23 14:40:00,2026-02-23 14:45:00,2026-02-23 15:01:00,5190.559,5182.618035558334,SL,-8.180964441666672,16,0.31951513869775405,ml_v3bal_hi3,2026-02
293268,long,2026-02-23 16:00:00,2026-02-23 16:05:00,2026-02-23 16:13:00,5180.136,5201.008552083334,TP,20.632552083333348,8,0.31650133326705837,ml_v3bal_hi3,2026-02
293270,long,2026-02-23 16:10:00,2026-02-23 16:15:00,2026-02-23 17:36:00,5202.249,5194.434345850347,SL,-8.174654149652778,81,0.3184836654187547,ml_v3bal_hi3,2026-02
293322,long,2026-02-23 20:30:00,2026-02-23 20:35:00,2026-02-23 23:04:00,5227.624,5246.575729166667,TP,18.591729166666667,87,0.313371106815468,ml_v3bal_hi3,2026-02
293342,short,2026-02-23 23:10:00,2026-02-23 23:15:00,2026-02-24 00:01:00,5244.197,5224.99328125,TP,18.843718749999997,46,0.27196543976591137,ml_v3bal_hi3,2026-02
293405,short,2026-02-24 04:25:00,2026-02-24 04:30:00,2026-02-24 05:54:00,5171.706,5179.19995164757,SL,-7.733951647569466,84,0.27129224787446427,ml_v3bal_hi3,2026-02
293434,short,2026-02-24 06:50:00,2026-02-24 06:55:00,2026-02-24 07:17:00,5168.665,5176.351101710069,SL,-7.926101710069458,22,0.27269359367658064,ml_v3bal_hi3,2026-02
293456,long,2026-02-24 08:40:00,2026-02-24 08:45:00,2026-02-24 09:35:00,5174.784,5167.046987650694,SL,-7.977012349305564,50,0.3121260540164875,ml_v3bal_hi3,2026-02
293472,short,2026-02-24 10:00:00,2026-02-24 10:05:00,2026-02-24 12:18:00,5175.719,5155.55284375,TP,19.92615625000003,133,0.2715613231503533,ml_v3bal_hi3,2026-02
293499,short,2026-02-24 12:15:00,2026-02-24 12:20:00,2026-02-24 12:22:00,5151.439,5159.146467590625,SL,-8.067467590625014,2,0.28192024673753563,ml_v3bal_hi3,2026-02
293500,short,2026-02-24 12:20:00,2026-02-24 12:25:00,2026-02-24 13:39:00,5158.548,5138.2362604166665,TP,19.951739583333378,74,0.276004468690537,ml_v3bal_hi3,2026-02
293515,short,2026-02-24 13:35:00,2026-02-24 13:40:00,2026-02-24 13:41:00,5138.638,5146.57891285243,SL,-8.180912852430566,1,0.28486630347681074,ml_v3bal_hi3,2026-02
293516,short,2026-02-24 13:40:00,2026-02-24 13:45:00,2026-02-24 13:50:00,5145.525,5124.630854166667,TP,20.654145833333363,5,0.2858009616163183,ml_v3bal_hi3,2026-02
293518,short,2026-02-24 13:50:00,2026-02-24 13:55:00,2026-02-24 13:59:00,5132.987,5111.849125,TP,20.77787500000002,4,0.2875523888060599,ml_v3bal_hi3,2026-02
293519,short,2026-02-24 13:55:00,2026-02-24 14:00:00,2026-02-24 14:01:00,5115.058,5123.192372487847,SL,-8.374372487847229,1,0.2768628561564182,ml_v3bal_hi3,2026-02
293543,long,2026-02-24 15:55:00,2026-02-24 16:00:00,2026-02-24 16:08:00,5150.15,5141.649871733333,SL,-8.740128266666705,8,0.31292565230324915,ml_v3bal_hi3,2026-02
293549,long,2026-02-24 16:25:00,2026-02-24 16:30:00,2026-02-24 16:33:00,5143.651,5135.278852722917,SL,-8.612147277083366,3,0.31617499951317957,ml_v3bal_hi3,2026-02
293559,long,2026-02-24 17:15:00,2026-02-24 17:20:00,2026-02-24 19:09:00,5160.919,5152.72276408125,SL,-8.436235918750043,109,0.3138061165251814,ml_v3bal_hi3,2026-02
293581,long,2026-02-24 19:05:00,2026-02-24 19:10:00,2026-02-24 21:50:00,5153.153,5145.146410081597,SL,-8.246589918402822,160,0.31753888720656265,ml_v3bal_hi3,2026-02
293621,long,2026-02-24 23:25:00,2026-02-24 23:30:00,2026-02-24 23:50:00,5130.681,5152.252895833333,TP,21.211895833333514,20,0.3111260797827334,ml_v3bal_hi3,2026-02
293654,short,2026-02-25 02:10:00,2026-02-25 02:15:00,2026-02-25 02:51:00,5188.512,5167.244114583333,TP,20.90788541666675,36,0.2813251068832101,ml_v3bal_hi3,2026-02
293662,short,2026-02-25 02:50:00,2026-02-25 02:55:00,2026-02-25 03:00:00,5175.594,5183.338330084028,SL,-7.984330084027805,5,0.2854827126395596,ml_v3bal_hi3,2026-02
293664,short,2026-02-25 03:00:00,2026-02-25 03:05:00,2026-02-25 05:17:00,5184.436,5192.1527417479165,SL,-7.956741747916693,132,0.2736508844220479,ml_v3bal_hi3,2026-02
293710,short,2026-02-25 06:50:00,2026-02-25 06:55:00,2026-02-25 10:25:00,5192.292,5172.2684687500005,TP,19.663531250000112,210,0.27744334316331487,ml_v3bal_hi3,2026-02
293753,short,2026-02-25 10:25:00,2026-02-25 10:30:00,2026-02-25 11:17:00,5175.223,5156.0035,TP,18.859500000000086,47,0.27586820309350546,ml_v3bal_hi3,2026-02
293766,short,2026-02-25 11:30:00,2026-02-25 11:35:00,2026-02-25 11:56:00,5169.853,5177.225149461111,SL,-7.732149461111131,21,0.27314913779769456,ml_v3bal_hi3,2026-02
293771,short,2026-02-25 11:55:00,2026-02-25 12:00:00,2026-02-25 13:05:00,5181.172,5188.553403776388,SL,-7.621403776388903,65,0.27817818907371417,ml_v3bal_hi3,2026-02
293824,long,2026-02-25 16:20:00,2026-02-25 16:25:00,2026-02-25 19:05:00,5204.942,5198.151197735417,SL,-7.030802264583344,160,0.32424451221771045,ml_v3bal_hi3,2026-02
293858,long,2026-02-25 19:10:00,2026-02-25 19:15:00,2026-02-25 19:19:00,5206.853,5200.287523645139,SL,-7.105476354861119,4,0.3131454714265812,ml_v3bal_hi3,2026-02
293862,long,2026-02-25 19:30:00,2026-02-25 19:35:00,2026-02-25 20:14:00,5202.184,5195.595959306945,SL,-7.128040693055562,39,0.3130397744855393,ml_v3bal_hi3,2026-02
293906,long,2026-02-26 00:10:00,2026-02-26 00:15:00,2026-02-26 00:30:00,5167.823,5186.546760416667,TP,18.363760416666665,15,0.31116998307929067,ml_v3bal_hi3,2026-02
293930,short,2026-02-26 02:10:00,2026-02-26 02:15:00,2026-02-26 03:15:00,5183.029,5190.1560688423615,SL,-7.367068842361132,60,0.27579740201905667,ml_v3bal_hi3,2026-02
293943,short,2026-02-26 03:15:00,2026-02-26 03:20:00,2026-02-26 04:12:00,5190.152,5197.190498060764,SL,-7.278498060763926,52,0.27684054241482675,ml_v3bal_hi3,2026-02
293955,short,2026-02-26 04:15:00,2026-02-26 04:20:00,2026-02-26 05:15:00,5193.525,5200.415599657638,SL,-7.130599657638914,55,0.2746384979184735,ml_v3bal_hi3,2026-02
293968,long,2026-02-26 05:20:00,2026-02-26 05:25:00,2026-02-26 05:37:00,5202.666,5195.909544261459,SL,-6.996455738541675,12,0.32051795203299416,ml_v3bal_hi3,2026-02
293976,short,2026-02-26 06:00:00,2026-02-26 06:05:00,2026-02-26 08:29:00,5193.892,5176.010895833333,TP,17.521104166666678,144,0.2753704781634776,ml_v3bal_hi3,2026-02
294009,short,2026-02-26 08:45:00,2026-02-26 08:50:00,2026-02-26 09:52:00,5179.242,5186.064299477431,SL,-7.062299477430555,62,0.27426351595973253,ml_v3bal_hi3,2026-02
294022,short,2026-02-26 09:50:00,2026-02-26 09:55:00,2026-02-26 10:57:00,5186.505,5168.550770833333,TP,17.714229166666694,62,0.27835193839186884,ml_v3bal_hi3,2026-02
294037,short,2026-02-26 11:05:00,2026-02-26 11:10:00,2026-02-26 12:02:00,5176.974,5159.01078125,TP,17.72321875000003,52,0.27389720417457875,ml_v3bal_hi3,2026-02
294048,short,2026-02-26 12:00:00,2026-02-26 12:05:00,2026-02-26 12:18:00,5165.25,5172.077383001389,SL,-7.067383001388898,13,0.2738767550109368,ml_v3bal_hi3,2026-02
294054,short,2026-02-26 12:30:00,2026-02-26 12:35:00,2026-02-26 13:44:00,5182.67,5164.835416666667,TP,17.59458333333337,69,0.2731232735660849,ml_v3bal_hi3,2026-02
294068,short,2026-02-26 13:40:00,2026-02-26 13:45:00,2026-02-26 14:27:00,5165.223,5172.139680000694,SL,-7.156680000694467,42,0.27604216995742825,ml_v3bal_hi3,2026-02
294095,short,2026-02-26 15:55:00,2026-02-26 16:00:00,2026-02-26 17:49:00,5185.762,5166.296791666667,TP,19.105208333333398,109,0.27124717596687764,ml_v3bal_hi3,2026-02
294145,long,2026-02-26 20:05:00,2026-02-26 20:10:00,2026-02-26 21:26:00,5195.099,5187.495262489583,SL,-7.843737510416684,76,0.32078026073227406,ml_v3bal_hi3,2026-02
294161,long,2026-02-26 21:25:00,2026-02-26 21:30:00,2026-02-26 23:02:00,5186.078,5178.6781193402785,SL,-7.759880659722226,29,0.31148202576689366,ml_v3bal_hi3,2026-02
294174,long,2026-02-26 23:30:00,2026-02-26 23:35:00,2026-02-27 00:36:00,5183.607,5176.47497462257,SL,-7.492025377430558,61,0.3113820836787665,ml_v3bal_hi3,2026-02
294187,short,2026-02-27 00:35:00,2026-02-27 00:40:00,2026-02-27 01:33:00,5174.845,5181.8710372760415,SL,-7.386037276041663,53,0.276296069956503,ml_v3bal_hi3,2026-02
294198,short,2026-02-27 01:30:00,2026-02-27 01:35:00,2026-02-27 01:37:00,5181.93,5188.8140795718755,SL,-7.124079571874993,2,0.2810098005589263,ml_v3bal_hi3,2026-02
294199,long,2026-02-27 01:35:00,2026-02-27 01:40:00,2026-02-27 02:30:00,5190.445,5183.542026862499,SL,-7.142973137499995,50,0.3230200244689989,ml_v3bal_hi3,2026-02
294210,short,2026-02-27 02:30:00,2026-02-27 02:35:00,2026-02-27 05:26:00,5183.906,5190.6728529538195,SL,-7.006852953819426,171,0.2795412582924439,ml_v3bal_hi3,2026-02
294245,long,2026-02-27 05:25:00,2026-02-27 05:30:00,2026-02-27 06:54:00,5194.408,5187.847238107639,SL,-6.800761892361072,84,0.31464431854495206,ml_v3bal_hi3,2026-02
294262,short,2026-02-27 06:50:00,2026-02-27 06:55:00,2026-02-27 10:04:00,5188.779,5171.546166666667,TP,16.99283333333327,189,0.2815069524512308,ml_v3bal_hi3,2026-02
294300,short,2026-02-27 10:00:00,2026-02-27 10:05:00,2026-02-27 10:18:00,5172.595,5178.962667350001,SL,-6.6076673500000025,13,0.27747029779139576,ml_v3bal_hi3,2026-02
294303,short,2026-02-27 10:15:00,2026-02-27 10:20:00,2026-02-27 11:57:00,5178.234,5184.611358189583,SL,-6.617358189583339,97,0.2784518883002549,ml_v3bal_hi3,2026-02
294323,short,2026-02-27 11:55:00,2026-02-27 12:00:00,2026-02-27 13:01:00,5185.429,5191.742847871528,SL,-6.553847871527792,61,0.27610959809325186,ml_v3bal_hi3,2026-02
294355,short,2026-02-27 14:35:00,2026-02-27 14:40:00,2026-02-27 14:44:00,5218.682,5225.276882219444,SL,-6.954882219444452,4,0.27183856711512633,ml_v3bal_hi3,2026-02
294374,long,2026-02-27 16:10:00,2026-02-27 16:15:00,2026-02-27 16:20:00,5253.521,5246.838054954514,SL,-7.042945045486125,5,0.31486219151033035,ml_v3bal_hi3,2026-02
295164,short,2026-03-04 13:00:00,2026-03-04 13:05:00,2026-03-04 13:10:00,5176.074,5190.425359584375,SL,-14.71135958437501,5,0.3010075773168994,ml_v3bal_hi3,2026-03
295166,short,2026-03-04 13:10:00,2026-03-04 13:15:00,2026-03-04 14:48:00,5192.886,5155.4160625,TP,37.109937500000015,93,0.3106923316239344,ml_v3bal_hi3,2026-03
295542,long,2026-03-05 21:30:00,2026-03-05 21:35:00,2026-03-06 01:00:00,5082.4,5072.7394472666665,SL,-10.020552733333332,138,0.3713728087845781,ml_v3bal_hi3,2026-03
296110,short,2026-03-09 22:55:00,2026-03-09 23:00:00,2026-03-10 01:25:00,5152.853,5164.197357937152,SL,-11.704357937152784,145,0.3015605639574113,ml_v3bal_hi3,2026-03
296762,long,2026-03-12 07:15:00,2026-03-12 07:20:00,2026-03-12 07:45:00,5167.17,5184.721583333333,TP,17.191583333333305,25,0.36946341555918893,ml_v3bal_hi3,2026-03
296791,short,2026-03-12 09:40:00,2026-03-12 09:45:00,2026-03-12 10:02:00,5184.407,5190.993262848611,SL,-6.946262848611106,17,0.30159754419059065,ml_v3bal_hi3,2026-03
296796,short,2026-03-12 10:05:00,2026-03-12 10:10:00,2026-03-12 12:06:00,5188.161,5170.897854166667,TP,16.903145833333312,116,0.3051267917986261,ml_v3bal_hi3,2026-03
296960,long,2026-03-13 00:45:00,2026-03-13 00:50:00,2026-03-13 02:00:00,5108.122,5125.747072916667,TP,17.2650729166667,70,0.37520903638914616,ml_v3bal_hi3,2026-03
296995,long,2026-03-13 03:40:00,2026-03-13 03:45:00,2026-03-13 04:24:00,5110.725,5104.21471222257,SL,-6.870287777430584,39,0.38368048471157035,ml_v3bal_hi3,2026-03
297225,short,2026-03-15 23:50:00,2026-03-15 23:55:00,2026-03-15 23:57:00,4985.714,4993.583350645139,SL,-8.10935064513893,2,0.3007773140750095,ml_v3bal_hi3,2026-03
297242,short,2026-03-16 01:15:00,2026-03-16 01:20:00,2026-03-16 01:55:00,5002.158,5010.535679230556,SL,-8.617679230555584,35,0.30044087836061073,ml_v3bal_hi3,2026-03
297273,long,2026-03-16 03:50:00,2026-03-16 03:55:00,2026-03-16 05:09:00,5020.005,5011.405360065278,SL,-8.839639934722237,74,0.37270973290058484,ml_v3bal_hi3,2026-03
297537,long,2026-03-17 02:50:00,2026-03-17 02:55:00,2026-03-17 05:17:00,5026.2,5044.397458333333,TP,17.91745833333337,142,0.36828707145973105,ml_v3bal_hi3,2026-03
298042,short,2026-03-18 22:55:00,2026-03-18 23:00:00,2026-03-18 23:41:00,4834.3,4842.243095473958,SL,-8.143095473958294,41,0.30026877079790293,ml_v3bal_hi3,2026-03
298051,short,2026-03-18 23:40:00,2026-03-18 23:45:00,2026-03-19 00:01:00,4834.403,4842.432320929514,SL,-8.22932092951385,16,0.3018904165456222,ml_v3bal_hi3,2026-03
298070,short,2026-03-19 01:15:00,2026-03-19 01:20:00,2026-03-19 01:30:00,4837.603,4845.926657363541,SL,-8.523657363541638,10,0.3033121829873502,ml_v3bal_hi3,2026-03
298130,short,2026-03-19 06:15:00,2026-03-19 06:20:00,2026-03-19 06:35:00,4822.093,4799.1350625,TP,22.75793749999993,15,0.301480909193592,ml_v3bal_hi3,2026-03
298320,long,2026-03-19 23:05:00,2026-03-19 23:10:00,2026-03-20 01:40:00,4644.02,4682.648281250001,TP,38.34828124999997,150,0.3677503872468014,ml_v3bal_hi3,2026-03
298475,short,2026-03-20 12:00:00,2026-03-20 12:05:00,2026-03-20 12:11:00,4679.276,4693.481612055555,SL,-14.485612055555562,6,0.30559442773587486,ml_v3bal_hi3,2026-03
298477,short,2026-03-20 12:10:00,2026-03-20 12:15:00,2026-03-20 13:31:00,4685.414,4648.086427083334,TP,37.04757291666667,76,0.3114063469374292,ml_v3bal_hi3,2026-03
298594,short,2026-03-22 22:55:00,2026-03-22 23:00:00,2026-03-22 23:48:00,4497.979,4463.115979166667,TP,34.583020833333315,48,0.3004323550031658,ml_v3bal_hi3,2026-03
298604,short,2026-03-22 23:45:00,2026-03-22 23:50:00,2026-03-23 00:05:00,4463.035,4427.7000312499995,TP,35.05496874999998,15,0.30921276215530247,ml_v3bal_hi3,2026-03
298654,short,2026-03-23 03:55:00,2026-03-23 04:00:00,2026-03-23 04:01:00,4353.068,4369.227046417708,SL,-16.419046417708316,1,0.3000844805413761,ml_v3bal_hi3,2026-03
298657,short,2026-03-23 04:10:00,2026-03-23 04:15:00,2026-03-23 04:36:00,4363.533,4379.686851778472,SL,-16.413851778472203,21,0.3018769481475231,ml_v3bal_hi3,2026-03
298662,short,2026-03-23 04:35:00,2026-03-23 04:40:00,2026-03-23 05:30:00,4373.953,4331.586635416667,TP,42.106364583333274,50,0.3071058471770929,ml_v3bal_hi3,2026-03
298734,short,2026-03-23 10:35:00,2026-03-23 10:40:00,2026-03-23 10:50:00,4246.549,4267.3265569069445,SL,-21.037556906944438,10,0.30115686299670674,ml_v3bal_hi3,2026-03
299129,long,2026-03-24 20:30:00,2026-03-24 20:35:00,2026-03-24 23:22:00,4458.677,4500.221072916666,TP,41.180072916666724,105,0.36646573920306935,ml_v3bal_hi3,2026-03
299558,short,2026-03-26 10:15:00,2026-03-26 10:20:00,2026-03-26 10:28:00,4434.342,4445.472659447569,SL,-11.410659447569437,8,0.30385754448702884,ml_v3bal_hi3,2026-03
299562,short,2026-03-26 10:35:00,2026-03-26 10:40:00,2026-03-26 10:50:00,4431.117,4442.296685095486,SL,-11.459685095486101,10,0.3157194446283002,ml_v3bal_hi3,2026-03
299576,short,2026-03-26 11:45:00,2026-03-26 11:50:00,2026-03-26 12:09:00,4426.498,4437.781208818749,SL,-11.563208818749988,19,0.30694112765498893,ml_v3bal_hi3,2026-03
299712,long,2026-03-27 00:05:00,2026-03-27 00:10:00,2026-03-27 00:19:00,4408.284,4396.256513271875,SL,-12.30748672812501,9,0.381346726300949,ml_v3bal_hi3,2026-03
299738,long,2026-03-27 02:15:00,2026-03-27 02:20:00,2026-03-27 05:35:00,4429.684,4461.011739583333,TP,31.04773958333333,195,0.36976832702520857,ml_v3bal_hi3,2026-03
299881,long,2026-03-27 14:10:00,2026-03-27 14:15:00,2026-03-27 14:51:00,4460.25,4488.143333333333,TP,27.613333333333323,36,0.3669785884721502,ml_v3bal_hi3,2026-03
300427,short,2026-03-31 13:40:00,2026-03-31 13:45:00,2026-03-31 13:51:00,4587.871,4597.633842283333,SL,-10.042842283333332,6,0.30920031784650204,ml_v3bal_hi3,2026-03
300539,long,2026-04-01 00:00:00,2026-04-01 00:05:00,2026-04-01 01:39:00,4698.713,4688.323820737847,SL,-10.669179262152781,94,0.30774382586784205,ml_v3bal_hi3,2026-04
300559,long,2026-04-01 01:40:00,2026-04-01 01:45:00,2026-04-01 04:03:00,4687.723,4677.31596689375,SL,-10.687033106250004,138,0.29664253531765983,ml_v3bal_hi3,2026-04
300605,long,2026-04-01 05:30:00,2026-04-01 05:35:00,2026-04-01 06:00:00,4693.089,4683.5010809427085,SL,-9.867919057291662,25,0.3163168801769119,ml_v3bal_hi3,2026-04
300613,long,2026-04-01 06:10:00,2026-04-01 06:15:00,2026-04-01 06:48:00,4697.434,4722.6825312500005,TP,24.96853125,33,0.3118848175905514,ml_v3bal_hi3,2026-04
300620,long,2026-04-01 06:45:00,2026-04-01 06:50:00,2026-04-01 07:08:00,4724.355,4714.717134625347,SL,-9.91786537465277,18,0.3082073224356541,ml_v3bal_hi3,2026-04
300625,long,2026-04-01 07:10:00,2026-04-01 07:15:00,2026-04-01 07:36:00,4715.492,4740.846802083333,TP,25.0748020833333,21,0.30329353226512024,ml_v3bal_hi3,2026-04
300633,long,2026-04-01 07:50:00,2026-04-01 07:55:00,2026-04-01 08:38:00,4713.747,4739.525322916667,TP,25.498322916666645,43,0.3051496589875501,ml_v3bal_hi3,2026-04
300647,long,2026-04-01 09:00:00,2026-04-01 09:05:00,2026-04-01 09:17:00,4726.198,4716.350841062847,SL,-10.127158937152773,12,0.29733733722853284,ml_v3bal_hi3,2026-04
300650,long,2026-04-01 09:15:00,2026-04-01 09:20:00,2026-04-01 11:17:00,4716.98,4742.822270833333,TP,25.562270833333315,117,0.29590675447104864,ml_v3bal_hi3,2026-04
300697,short,2026-04-01 13:10:00,2026-04-01 13:15:00,2026-04-01 13:27:00,4731.713,4741.588941762499,SL,-10.155941762500008,12,0.26896104216607536,ml_v3bal_hi3,2026-04
300700,short,2026-04-01 13:25:00,2026-04-01 13:30:00,2026-04-01 13:38:00,4736.129,4745.99515568125,SL,-10.146155681250015,8,0.26880649486884645,ml_v3bal_hi3,2026-04
300704,short,2026-04-01 13:45:00,2026-04-01 13:50:00,2026-04-01 14:22:00,4743.653,4753.567224944098,SL,-10.194224944097233,32,0.2694165867466452,ml_v3bal_hi3,2026-04
300721,long,2026-04-01 15:10:00,2026-04-01 15:15:00,2026-04-01 16:02:00,4764.556,4790.7236041666665,TP,25.88760416666667,47,0.29482007969932256,ml_v3bal_hi3,2026-04
300733,long,2026-04-01 16:10:00,2026-04-01 16:15:00,2026-04-01 18:03:00,4775.174,4765.396292079861,SL,-10.05770792013889,108,0.3084321727393852,ml_v3bal_hi3,2026-04
300756,long,2026-04-01 18:05:00,2026-04-01 18:10:00,2026-04-01 18:21:00,4767.26,4757.878056920486,SL,-9.661943079513884,11,0.30308542680663386,ml_v3bal_hi3,2026-04
300761,long,2026-04-01 18:30:00,2026-04-01 18:35:00,2026-04-01 18:37:00,4755.621,4746.273875686458,SL,-9.627124313541655,2,0.30088759642718704,ml_v3bal_hi3,2026-04
300762,long,2026-04-01 18:35:00,2026-04-01 18:40:00,2026-04-01 19:37:00,4748.822,4773.344635416667,TP,24.242635416666637,57,0.3003062127220479,ml_v3bal_hi3,2026-04
300774,long,2026-04-01 19:35:00,2026-04-01 19:40:00,2026-04-01 19:50:00,4774.806,4765.536001594444,SL,-9.549998405555556,10,0.3099198731105027,ml_v3bal_hi3,2026-04
300781,long,2026-04-01 20:10:00,2026-04-01 20:15:00,2026-04-01 20:31:00,4768.964,4759.715327790972,SL,-9.52867220902778,16,0.3111201340424952,ml_v3bal_hi3,2026-04
300785,long,2026-04-01 20:30:00,2026-04-01 20:35:00,2026-04-01 23:06:00,4760.126,4784.332479166667,TP,23.846479166666676,73,0.2963421275731089,ml_v3bal_hi3,2026-04
300801,long,2026-04-01 23:05:00,2026-04-01 23:10:00,2026-04-02 00:02:00,4787.3,4778.0270530711805,SL,-9.552946928819443,52,0.32125305093449885,ml_v3bal_hi3,2026-04
300812,long,2026-04-02 00:00:00,2026-04-02 00:05:00,2026-04-02 01:00:00,4781.346,4772.372893679861,SL,-9.333106320138889,55,0.3035503608041661,ml_v3bal_hi3,2026-04
300828,long,2026-04-02 01:20:00,2026-04-02 01:25:00,2026-04-02 01:26:00,4714.269,4704.857924875695,SL,-9.771075124305554,1,0.2963847415556937,ml_v3bal_hi3,2026-04
300829,short,2026-04-02 01:25:00,2026-04-02 01:30:00,2026-04-02 01:32:00,4697.065,4672.163989583333,TP,24.54101041666666,2,0.27012160970639965,ml_v3bal_hi3,2026-04
300831,short,2026-04-02 01:35:00,2026-04-02 01:40:00,2026-04-02 01:41:00,4697.41,4707.112351919792,SL,-10.062351919791666,1,0.27246674970135126,ml_v3bal_hi3,2026-04
300833,short,2026-04-02 01:45:00,2026-04-02 01:50:00,2026-04-02 01:51:00,4696.637,4706.3687815947915,SL,-10.091781594791671,1,0.2721557902815197,ml_v3bal_hi3,2026-04
300834,short,2026-04-02 01:50:00,2026-04-02 01:55:00,2026-04-02 02:32:00,4701.148,4675.4806875,TP,25.387312500000007,37,0.27349071080707055,ml_v3bal_hi3,2026-04
300842,short,2026-04-02 02:30:00,2026-04-02 02:35:00,2026-04-02 02:43:00,4670.184,4680.067628558681,SL,-10.243628558680555,8,0.26940889959058073,ml_v3bal_hi3,2026-04
300845,short,2026-04-02 02:45:00,2026-04-02 02:50:00,2026-04-02 02:56:00,4676.582,4686.495026486458,SL,-10.273026486458335,6,0.27019549035820556,ml_v3bal_hi3,2026-04
300847,short,2026-04-02 02:55:00,2026-04-02 03:00:00,2026-04-02 03:22:00,4687.012,4696.925895566666,SL,-10.193895566666669,22,0.2756462704482008,ml_v3bal_hi3,2026-04
300852,short,2026-04-02 03:20:00,2026-04-02 03:25:00,2026-04-02 04:05:00,4697.618,4671.630166666667,TP,25.707833333333344,40,0.2797572570762003,ml_v3bal_hi3,2026-04
300861,short,2026-04-02 04:05:00,2026-04-02 04:10:00,2026-04-02 05:34:00,4670.869,4644.83903125,TP,25.74996875000001,84,0.2819570204194293,ml_v3bal_hi3,2026-04
300878,short,2026-04-02 05:30:00,2026-04-02 05:35:00,2026-04-02 05:45:00,4651.513,4624.988729166666,TP,26.244270833333367,10,0.28343081857163144,ml_v3bal_hi3,2026-04
300881,short,2026-04-02 05:45:00,2026-04-02 05:50:00,2026-04-02 05:52:00,4591.776,4602.130447801042,SL,-10.634447801041679,2,0.27659070919869855,ml_v3bal_hi3,2026-04
300882,short,2026-04-02 05:50:00,2026-04-02 05:55:00,2026-04-02 06:07:00,4604.123,4576.774177083333,TP,27.068822916666704,12,0.27659070919869855,ml_v3bal_hi3,2026-04
300885,short,2026-04-02 06:05:00,2026-04-02 06:10:00,2026-04-02 06:13:00,4568.067,4578.706676750695,SL,-10.919676750694464,3,0.27720125447629407,ml_v3bal_hi3,2026-04
300886,short,2026-04-02 06:10:00,2026-04-02 06:15:00,2026-04-02 06:19:00,4580.844,4591.574985730208,SL,-11.01098573020835,4,0.27768595944760754,ml_v3bal_hi3,2026-04
300887,short,2026-04-02 06:15:00,2026-04-02 06:20:00,2026-04-02 06:50:00,4590.374,4601.158694093403,SL,-11.064694093402798,30,0.27871095899378584,ml_v3bal_hi3,2026-04
300894,short,2026-04-02 06:50:00,2026-04-02 06:55:00,2026-04-02 07:08:00,4598.306,4609.264541882291,SL,-11.238541882291683,13,0.27958923485744236,ml_v3bal_hi3,2026-04
300897,short,2026-04-02 07:05:00,2026-04-02 07:10:00,2026-04-02 07:14:00,4608.113,4619.131452859028,SL,-11.298452859027792,4,0.2760267201397535,ml_v3bal_hi3,2026-04
300898,short,2026-04-02 07:10:00,2026-04-02 07:15:00,2026-04-02 07:34:00,4620.915,4631.942861942014,SL,-11.3078619420139,19,0.2771038484503707,ml_v3bal_hi3,2026-04
300902,long,2026-04-02 07:30:00,2026-04-02 07:35:00,2026-04-02 08:58:00,4631.723,4620.659089087153,SL,-11.34391091284723,83,0.31233685357369523,ml_v3bal_hi3,2026-04
300919,long,2026-04-02 08:55:00,2026-04-02 09:00:00,2026-04-02 10:22:00,4620.643,4609.610026755208,SL,-11.312973244791683,82,0.3110671017853489,ml_v3bal_hi3,2026-04
300936,short,2026-04-02 10:20:00,2026-04-02 10:25:00,2026-04-02 10:42:00,4615.996,4627.11080171007,SL,-11.39480171006946,17,0.28993623049932893,ml_v3bal_hi3,2026-04
300940,short,2026-04-02 10:40:00,2026-04-02 10:45:00,2026-04-02 11:43:00,4624.724,4595.4203125,TP,29.023687500000033,58,0.28944348748765536,ml_v3bal_hi3,2026-04
300952,short,2026-04-02 11:40:00,2026-04-02 11:45:00,2026-04-02 11:51:00,4599.776,4611.039469983333,SL,-11.543469983333342,6,0.28540648785586487,ml_v3bal_hi3,2026-04
300954,short,2026-04-02 11:50:00,2026-04-02 11:55:00,2026-04-02 12:14:00,4601.268,4612.56723719757,SL,-11.579237197569451,19,0.2854104543510412,ml_v3bal_hi3,2026-04
300958,short,2026-04-02 12:10:00,2026-04-02 12:15:00,2026-04-02 12:22:00,4612.432,4623.799279431597,SL,-11.647279431597227,7,0.2868414994811548,ml_v3bal_hi3,2026-04
300961,short,2026-04-02 12:25:00,2026-04-02 12:30:00,2026-04-02 13:00:00,4626.147,4596.197239583334,TP,29.66976041666667,30,0.2841876038250656,ml_v3bal_hi3,2026-04
300968,short,2026-04-02 13:00:00,2026-04-02 13:05:00,2026-04-02 13:06:00,4595.06,4606.568213287847,SL,-11.788213287847213,1,0.2835826685063481,ml_v3bal_hi3,2026-04
300969,short,2026-04-02 13:05:00,2026-04-02 13:10:00,2026-04-02 13:46:00,4600.27,4611.844009405903,SL,-11.85400940590277,36,0.28429470559283493,ml_v3bal_hi3,2026-04
300984,long,2026-04-02 14:20:00,2026-04-02 14:25:00,2026-04-02 14:27:00,4674.758,4662.855589390625,SL,-12.182410609374994,2,0.29670367413491533,ml_v3bal_hi3,2026-04
300985,long,2026-04-02 14:25:00,2026-04-02 14:30:00,2026-04-02 14:43:00,4665.085,4696.4293125,TP,31.06431249999998,13,0.2967434602353029,ml_v3bal_hi3,2026-04
300988,long,2026-04-02 14:40:00,2026-04-02 14:45:00,2026-04-02 14:49:00,4693.27,4681.182241170486,SL,-12.367758829513875,4,0.2944459768608221,ml_v3bal_hi3,2026-04
300989,long,2026-04-02 14:45:00,2026-04-02 14:50:00,2026-04-02 15:07:00,4681.088,4668.987133536111,SL,-12.380866463888875,17,0.29462616533504393,ml_v3bal_hi3,2026-04
300993,long,2026-04-02 15:05:00,2026-04-02 15:10:00,2026-04-02 15:25:00,4670.974,4658.863883189237,SL,-12.390116810763871,15,0.3008252060232479,ml_v3bal_hi3,2026-04
300999,long,2026-04-02 15:35:00,2026-04-02 15:40:00,2026-04-02 15:50:00,4670.081,4657.989987080208,SL,-12.371012919791648,10,0.2950843367849549,ml_v3bal_hi3,2026-04
301002,long,2026-04-02 15:50:00,2026-04-02 15:55:00,2026-04-02 16:08:00,4661.908,4649.856571897917,SL,-12.33142810208332,13,0.3024941629699054,ml_v3bal_hi3,2026-04
301005,long,2026-04-02 16:05:00,2026-04-02 16:10:00,2026-04-02 16:19:00,4658.068,4645.997253713194,SL,-12.350746286805544,9,0.30086302292101397,ml_v3bal_hi3,2026-04
301007,long,2026-04-02 16:15:00,2026-04-02 16:20:00,2026-04-02 19:08:00,4646.505,4678.1594375,TP,31.374437499999978,168,0.30465474375379453,ml_v3bal_hi3,2026-04
301041,long,2026-04-02 19:05:00,2026-04-02 19:10:00,2026-04-02 19:22:00,4679.405,4667.151143672222,SL,-12.533856327777773,12,0.30314000221479853,ml_v3bal_hi3,2026-04
301044,long,2026-04-02 19:20:00,2026-04-02 19:25:00,2026-04-05 22:01:00,4673.048,4660.824045587153,SL,-12.503954412847214,93,0.30029536150528835,ml_v3bal_hi3,2026-04
301069,short,2026-04-05 22:25:00,2026-04-05 22:30:00,2026-04-05 22:46:00,4636.48,4648.745773441319,SL,-12.625773441319415,16,0.2690436929840897,ml_v3bal_hi3,2026-04
301073,short,2026-04-05 22:45:00,2026-04-05 22:50:00,2026-04-05 23:29:00,4642.138,4609.460125,TP,32.31787499999991,39,0.274268959679814,ml_v3bal_hi3,2026-04
301081,short,2026-04-05 23:25:00,2026-04-05 23:30:00,2026-04-06 00:04:00,4609.911,4622.638326463194,SL,-13.087326463194406,34,0.2749638835136017,ml_v3bal_hi3,2026-04
301088,short,2026-04-06 00:00:00,2026-04-06 00:05:00,2026-04-06 01:06:00,4622.732,4635.538563561458,SL,-13.086563561458302,61,0.273253101943859,ml_v3bal_hi3,2026-04
301101,short,2026-04-06 01:05:00,2026-04-06 01:10:00,2026-04-06 02:17:00,4637.599,4650.517202668403,SL,-13.198202668402745,67,0.28420329375180975,ml_v3bal_hi3,2026-04
301115,short,2026-04-06 02:15:00,2026-04-06 02:20:00,2026-04-06 03:07:00,4663.084,4629.57871875,TP,33.22528124999991,47,0.27771783368542646,ml_v3bal_hi3,2026-04
301125,short,2026-04-06 03:05:00,2026-04-06 03:10:00,2026-04-06 04:01:00,4631.005,4643.244828023959,SL,-12.5198280239583,51,0.28775685323103656,ml_v3bal_hi3,2026-04
301136,short,2026-04-06 04:00:00,2026-04-06 04:05:00,2026-04-06 04:59:00,4647.859,4659.765125034375,SL,-12.186125034374962,54,0.2854754954786214,ml_v3bal_hi3,2026-04
301147,short,2026-04-06 04:55:00,2026-04-06 05:00:00,2026-04-06 05:09:00,4658.91,4670.683338309028,SL,-12.053338309027742,9,0.28657599716293225,ml_v3bal_hi3,2026-04
301149,short,2026-04-06 05:05:00,2026-04-06 05:10:00,2026-04-06 07:52:00,4670.6,4682.3572543725695,SL,-12.037254372569409,162,0.2726132483370055,ml_v3bal_hi3,2026-04
301182,long,2026-04-06 07:50:00,2026-04-06 07:55:00,2026-04-06 12:16:00,4680.598,4669.640700227777,SL,-11.23729977222218,261,0.3391762193196734,ml_v3bal_hi3,2026-04
301238,short,2026-04-06 12:30:00,2026-04-06 12:35:00,2026-04-06 14:00:00,4673.569,4683.881132722223,SL,-10.59213272222219,85,0.27202314553070395,ml_v3bal_hi3,2026-04
301258,long,2026-04-06 14:10:00,2026-04-06 14:15:00,2026-04-06 15:10:00,4672.635,4662.488615556597,SL,-10.426384443402755,55,0.2938628408517685,ml_v3bal_hi3,2026-04
301270,short,2026-04-06 15:10:00,2026-04-06 15:15:00,2026-04-06 16:17:00,4662.393,4672.218058902084,SL,-10.105058902083316,62,0.27068284162543776,ml_v3bal_hi3,2026-04
301288,short,2026-04-06 16:40:00,2026-04-06 16:45:00,2026-04-06 23:48:00,4663.51,4656.517,TIMEOUT,6.713000000000393,360,0.2705738419471594,ml_v3bal_hi3,2026-04
301361,short,2026-04-06 23:45:00,2026-04-06 23:50:00,2026-04-07 01:00:00,4656.122,4634.7353437500005,TP,21.106656249999986,70,0.27405341488442303,ml_v3bal_hi3,2026-04
301376,short,2026-04-07 01:00:00,2026-04-07 01:05:00,2026-04-07 01:09:00,4661.237,4640.7893125,TP,20.167687499999992,4,0.2713380479544407,ml_v3bal_hi3,2026-04
301378,short,2026-04-07 01:10:00,2026-04-07 01:15:00,2026-04-07 01:16:00,4640.793,4648.692482727431,SL,-8.25948272743055,1,0.27297467353212945,ml_v3bal_hi3,2026-04
301381,short,2026-04-07 01:25:00,2026-04-07 01:30:00,2026-04-07 01:38:00,4654.634,4633.994135416667,TP,20.35986458333332,8,0.27342156071197465,ml_v3bal_hi3,2026-04
301385,short,2026-04-07 01:45:00,2026-04-07 01:50:00,2026-04-07 02:39:00,4634.429,4642.435720875695,SL,-8.286720875694442,49,0.2735119114733527,ml_v3bal_hi3,2026-04
301395,short,2026-04-07 02:35:00,2026-04-07 02:40:00,2026-04-07 02:48:00,4641.985,4649.947564457986,SL,-8.242564457986115,8,0.2797706993225309,ml_v3bal_hi3,2026-04
301397,long,2026-04-07 02:45:00,2026-04-07 02:50:00,2026-04-07 03:08:00,4651.157,4643.210713930209,SL,-8.226286069791668,18,0.29570229572406925,ml_v3bal_hi3,2026-04
301401,short,2026-04-07 03:05:00,2026-04-07 03:10:00,2026-04-07 04:31:00,4646.05,4653.980055302431,SL,-8.210055302430566,81,0.27768299243165523,ml_v3bal_hi3,2026-04
301418,long,2026-04-07 04:30:00,2026-04-07 04:35:00,2026-04-07 05:23:00,4658.65,4651.088093423264,SL,-7.841906576736134,48,0.30283426416969095,ml_v3bal_hi3,2026-04
301428,short,2026-04-07 05:20:00,2026-04-07 05:25:00,2026-04-07 05:30:00,4647.396,4627.660010416666,TP,19.455989583333366,5,0.28232525511645634,ml_v3bal_hi3,2026-04
301430,short,2026-04-07 05:30:00,2026-04-07 05:35:00,2026-04-07 05:38:00,4631.788,4639.395856712499,SL,-7.887856712500011,3,0.2831125714681506,ml_v3bal_hi3,2026-04
301431,short,2026-04-07 05:35:00,2026-04-07 05:40:00,2026-04-07 06:12:00,4639.511,4647.153524679167,SL,-7.922524679166678,32,0.2854130710860548,ml_v3bal_hi3,2026-04
301438,short,2026-04-07 06:10:00,2026-04-07 06:15:00,2026-04-07 06:54:00,4647.093,4654.777768326736,SL,-7.964768326736125,39,0.28219422531303673,ml_v3bal_hi3,2026-04
301446,short,2026-04-07 06:50:00,2026-04-07 06:55:00,2026-04-07 08:13:00,4653.755,4661.446455085416,SL,-7.9714550854166815,78,0.27587440611116154,ml_v3bal_hi3,2026-04
301462,short,2026-04-07 08:10:00,2026-04-07 08:15:00,2026-04-07 08:20:00,4663.708,4671.390799998958,SL,-7.962799998958346,5,0.2691871606720195,ml_v3bal_hi3,2026-04
301467,long,2026-04-07 08:35:00,2026-04-07 08:40:00,2026-04-07 09:41:00,4681.77,4673.945436748611,SL,-8.104563251388898,61,0.29567092689187474,ml_v3bal_hi3,2026-04
301480,short,2026-04-07 09:40:00,2026-04-07 09:45:00,2026-04-07 09:57:00,4667.344,4675.124565569792,SL,-8.060565569791663,12,0.28379463265737953,ml_v3bal_hi3,2026-04
301483,short,2026-04-07 09:55:00,2026-04-07 10:00:00,2026-04-07 10:05:00,4670.786,4678.598102466667,SL,-8.092102466666663,5,0.2816141559463138,ml_v3bal_hi3,2026-04
301485,short,2026-04-07 10:05:00,2026-04-07 10:10:00,2026-04-07 10:48:00,4674.717,4654.05528125,TP,20.381718749999987,38,0.28153758183973554,ml_v3bal_hi3,2026-04
301493,short,2026-04-07 10:45:00,2026-04-07 10:50:00,2026-04-07 10:53:00,4650.517,4658.566853445486,SL,-8.3298534454861,3,0.2760898628028329,ml_v3bal_hi3,2026-04
301494,short,2026-04-07 10:50:00,2026-04-07 10:55:00,2026-04-07 11:14:00,4656.091,4634.966354166667,TP,20.844645833333306,19,0.2811021680061195,ml_v3bal_hi3,2026-04
301498,short,2026-04-07 11:10:00,2026-04-07 11:15:00,2026-04-07 11:22:00,4635.444,4643.588301431598,SL,-8.424301431597216,7,0.2749381031343324,ml_v3bal_hi3,2026-04
301500,short,2026-04-07 11:20:00,2026-04-07 11:25:00,2026-04-07 11:37:00,4645.018,4653.197552753472,SL,-8.459552753472215,12,0.2773022342771099,ml_v3bal_hi3,2026-04
301503,short,2026-04-07 11:35:00,2026-04-07 11:40:00,2026-04-07 11:44:00,4654.378,4662.601982990972,SL,-8.503982990972212,4,0.2837527700911486,ml_v3bal_hi3,2026-04
301504,short,2026-04-07 11:40:00,2026-04-07 11:45:00,2026-04-07 13:41:00,4662.847,4641.203781249999,TP,21.363218749999977,116,0.28820935128525416,ml_v3bal_hi3,2026-04
301528,short,2026-04-07 13:40:00,2026-04-07 13:45:00,2026-04-07 13:50:00,4639.809,4648.243883756598,SL,-8.714883756597205,5,0.2821725076542885,ml_v3bal_hi3,2026-04
301530,short,2026-04-07 13:50:00,2026-04-07 13:55:00,2026-04-07 14:03:00,4652.179,4629.945677083333,TP,21.95332291666661,8,0.2862838117832962,ml_v3bal_hi3,2026-04
301536,short,2026-04-07 14:20:00,2026-04-07 14:25:00,2026-04-07 14:33:00,4642.021,4650.760899162499,SL,-9.019899162499986,8,0.2693664358510914,ml_v3bal_hi3,2026-04
301538,short,2026-04-07 14:30:00,2026-04-07 14:35:00,2026-04-07 14:59:00,4652.919,4629.967239583333,TP,22.671760416666633,24,0.2744711974695516,ml_v3bal_hi3,2026-04
301575,long,2026-04-07 17:35:00,2026-04-07 17:40:00,2026-04-07 18:50:00,4679.319,4670.688970036806,SL,-8.910029963194408,70,0.3048263351318388,ml_v3bal_hi3,2026-04
301595,long,2026-04-07 19:15:00,2026-04-07 19:20:00,2026-04-07 19:46:00,4689.855,4712.851260416666,TP,22.636260416666616,26,0.32505782848041864,ml_v3bal_hi3,2026-04
301601,long,2026-04-07 19:45:00,2026-04-07 19:50:00,2026-04-07 19:53:00,4706.098,4697.142088769097,SL,-9.235911230902763,3,0.3190340332412543,ml_v3bal_hi3,2026-04
301602,long,2026-04-07 19:50:00,2026-04-07 19:55:00,2026-04-07 22:01:00,4699.596,4723.23975,TP,23.363749999999964,63,0.3177344489355828,ml_v3bal_hi3,2026-04
301618,short,2026-04-07 22:10:00,2026-04-07 22:15:00,2026-04-07 22:32:00,4732.178,4741.56430832257,SL,-9.746308322569421,17,0.2708563641583188,ml_v3bal_hi3,2026-04
301622,long,2026-04-07 22:30:00,2026-04-07 22:35:00,2026-04-07 22:54:00,4760.433,4785.732520833333,TP,24.939520833333294,19,0.29661095241579016,ml_v3bal_hi3,2026-04
301626,long,2026-04-07 22:50:00,2026-04-07 22:55:00,2026-04-07 23:00:00,4793.959,4819.9422187499995,TP,25.623218749999953,5,0.29472160623999466,ml_v3bal_hi3,2026-04
301628,long,2026-04-07 23:00:00,2026-04-07 23:05:00,2026-04-08 00:00:00,4811.563,4837.8644583333335,TP,25.94145833333328,55,0.2943048874714316,ml_v3bal_hi3,2026-04
301641,long,2026-04-08 00:05:00,2026-04-08 00:10:00,2026-04-08 00:20:00,4839.457,4828.932283909376,SL,-10.884716090624977,10,0.29420411865023316,ml_v3bal_hi3,2026-04
301677,long,2026-04-08 03:05:00,2026-04-08 03:10:00,2026-04-08 04:17:00,4802.349,4791.778210753125,SL,-10.850789246874973,67,0.2943315259797193,ml_v3bal_hi3,2026-04
301691,long,2026-04-08 04:15:00,2026-04-08 04:20:00,2026-04-08 05:34:00,4794.908,4822.493739583334,TP,27.305739583333263,74,0.3050848941069385,ml_v3bal_hi3,2026-04
301706,long,2026-04-08 05:30:00,2026-04-08 05:35:00,2026-04-08 07:02:00,4822.033,4811.409673068751,SL,-10.903326931249964,87,0.31431612806251014,ml_v3bal_hi3,2026-04
301724,short,2026-04-08 07:00:00,2026-04-08 07:05:00,2026-04-08 09:43:00,4813.176,4785.1203958333335,TP,27.695604166666563,158,0.2706122718894933,ml_v3bal_hi3,2026-04
301783,short,2026-04-08 11:55:00,2026-04-08 12:00:00,2026-04-08 12:22:00,4798.632,4771.050635416666,TP,27.301364583333225,22,0.2685907478526133,ml_v3bal_hi3,2026-04
301789,short,2026-04-08 12:25:00,2026-04-08 12:30:00,2026-04-08 12:37:00,4783.894,4794.435605612847,SL,-10.901605612847186,7,0.2689318427735004,ml_v3bal_hi3,2026-04
301791,short,2026-04-08 12:35:00,2026-04-08 12:40:00,2026-04-08 13:55:00,4796.455,4768.772458333333,TP,27.402541666666572,75,0.271753539884439,ml_v3bal_hi3,2026-04
301845,long,2026-04-08 17:05:00,2026-04-08 17:10:00,2026-04-08 17:23:00,4758.059,4747.756907336806,SL,-10.582092663194409,13,0.2941746409101385,ml_v3bal_hi3,2026-04
301859,long,2026-04-08 18:15:00,2026-04-08 18:20:00,2026-04-08 18:25:00,4729.157,4718.758955326042,SL,-10.678044673958313,5,0.2953461490432926,ml_v3bal_hi3,2026-04
301861,long,2026-04-08 18:25:00,2026-04-08 18:30:00,2026-04-08 18:42:00,4722.688,4712.253719840278,SL,-10.714280159722207,12,0.2976779047311755,ml_v3bal_hi3,2026-04
301864,long,2026-04-08 18:40:00,2026-04-08 18:45:00,2026-04-09 00:07:00,4709.424,4699.04525366875,SL,-10.658746331249992,259,0.2951237770182069,ml_v3bal_hi3,2026-04
301917,short,2026-04-09 00:05:00,2026-04-09 00:10:00,2026-04-09 00:24:00,4700.637,4709.876056769097,SL,-9.519056769097203,14,0.28858260120028234,ml_v3bal_hi3,2026-04
301920,short,2026-04-09 00:20:00,2026-04-09 00:25:00,2026-04-09 01:14:00,4710.513,4719.66567257743,SL,-9.432672577430539,49,0.29543734740419364,ml_v3bal_hi3,2026-04
301930,long,2026-04-09 01:10:00,2026-04-09 01:15:00,2026-04-09 01:22:00,4720.608,4711.673871331945,SL,-9.214128668055531,7,0.29622655341814574,ml_v3bal_hi3,2026-04
301932,short,2026-04-09 01:20:00,2026-04-09 01:25:00,2026-04-09 01:42:00,4711.46,4720.403160752778,SL,-9.223160752777758,17,0.2760461976503651,ml_v3bal_hi3,2026-04
301937,long,2026-04-09 01:45:00,2026-04-09 01:50:00,2026-04-09 03:11:00,4722.152,4713.2438723069445,SL,-9.18812769305553,81,0.3068453742046219,ml_v3bal_hi3,2026-04
301954,long,2026-04-09 03:10:00,2026-04-09 03:15:00,2026-04-09 06:53:00,4712.599,4704.080525807291,SL,-8.798474192708317,218,0.29648907166855615,ml_v3bal_hi3,2026-04
301998,long,2026-04-09 06:50:00,2026-04-09 06:55:00,2026-04-09 07:39:00,4707.968,4730.189395833333,TP,21.941395833333296,44,0.31887211283525857,ml_v3bal_hi3,2026-04
302007,long,2026-04-09 07:35:00,2026-04-09 07:40:00,2026-04-09 07:46:00,4729.009,4720.469239294792,SL,-8.819760705208319,6,0.3442429776804493,ml_v3bal_hi3,2026-04
302009,long,2026-04-09 07:45:00,2026-04-09 07:50:00,2026-04-09 10:30:00,4718.188,4740.604791666667,TP,22.136791666666625,160,0.3178779967673722,ml_v3bal_hi3,2026-04
302042,long,2026-04-09 10:30:00,2026-04-09 10:35:00,2026-04-09 13:35:00,4738.684,4760.313854166667,TP,21.349854166666614,180,0.2968381440901627,ml_v3bal_hi3,2026-04
302079,short,2026-04-09 13:35:00,2026-04-09 13:40:00,2026-04-09 14:36:00,4770.123,4749.545760416666,TP,20.297239583333305,56,0.27666686122495066,ml_v3bal_hi3,2026-04
302091,short,2026-04-09 14:35:00,2026-04-09 14:40:00,2026-04-09 14:55:00,4758.69,4766.607241329861,SL,-8.197241329861097,15,0.26965002020517703,ml_v3bal_hi3,2026-04
302095,short,2026-04-09 14:55:00,2026-04-09 15:00:00,2026-04-09 15:17:00,4768.287,4776.107690090278,SL,-8.100690090277762,17,0.2740671413449429,ml_v3bal_hi3,2026-04
302099,long,2026-04-09 15:15:00,2026-04-09 15:20:00,2026-04-09 18:31:00,4783.075,4775.315367754861,SL,-8.039632245138872,191,0.3013752732785852,ml_v3bal_hi3,2026-04
302155,long,2026-04-09 19:55:00,2026-04-09 20:00:00,2026-04-09 20:41:00,4768.944,4761.601542128473,SL,-7.622457871527758,41,0.29421326921316193,ml_v3bal_hi3,2026-04
302164,long,2026-04-09 20:40:00,2026-04-09 20:45:00,2026-04-10 00:00:00,4764.1,4756.904904797223,SL,-7.555095202777762,132,0.3069213452134757,ml_v3bal_hi3,2026-04
302193,long,2026-04-10 00:05:00,2026-04-10 00:10:00,2026-04-10 01:36:00,4754.068,4772.600104166667,TP,18.25210416666664,86,0.3019650737373434,ml_v3bal_hi3,2026-04
302211,long,2026-04-10 01:35:00,2026-04-10 01:40:00,2026-04-10 01:49:00,4773.357,4766.318339234722,SL,-7.318660765277772,9,0.3003833967818338,ml_v3bal_hi3,2026-04
302213,long,2026-04-10 01:45:00,2026-04-10 01:50:00,2026-04-10 02:03:00,4766.645,4759.59440624757,SL,-7.330593752430553,13,0.30028289078332093,ml_v3bal_hi3,2026-04
302216,long,2026-04-10 02:00:00,2026-04-10 02:05:00,2026-04-10 02:14:00,4755.255,4748.234232762848,SL,-7.300767237152772,9,0.2942717314143777,ml_v3bal_hi3,2026-04
302218,long,2026-04-10 02:10:00,2026-04-10 02:15:00,2026-04-10 02:21:00,4752.172,4745.160391836458,SL,-7.291608163541661,6,0.2996634278033219,ml_v3bal_hi3,2026-04
302220,long,2026-04-10 02:20:00,2026-04-10 02:25:00,2026-04-10 02:31:00,4745.036,4738.037729638195,SL,-7.278270361805547,6,0.30346843470400076,ml_v3bal_hi3,2026-04
302222,long,2026-04-10 02:30:00,2026-04-10 02:35:00,2026-04-10 03:34:00,4744.034,4762.286822916666,TP,17.972822916666633,59,0.305251850379164,ml_v3bal_hi3,2026-04
302234,long,2026-04-10 03:30:00,2026-04-10 03:35:00,2026-04-10 06:16:00,4762.192,4755.24419581632,SL,-7.227804183680538,161,0.30070223201505203,ml_v3bal_hi3,2026-04
302267,short,2026-04-10 06:15:00,2026-04-10 06:20:00,2026-04-10 08:47:00,4752.794,4734.892791666666,TP,17.62120833333327,147,0.26973347974810596,ml_v3bal_hi3,2026-04
302297,short,2026-04-10 08:45:00,2026-04-10 08:50:00,2026-04-10 09:00:00,4735.714,4742.221077339584,SL,-6.787077339583315,10,0.27432126829614617,ml_v3bal_hi3,2026-04
302300,short,2026-04-10 09:00:00,2026-04-10 09:05:00,2026-04-10 09:18:00,4744.383,4750.88217228125,SL,-6.779172281249984,13,0.27614728511832565,ml_v3bal_hi3,2026-04
302303,short,2026-04-10 09:15:00,2026-04-10 09:20:00,2026-04-10 11:44:00,4759.148,4765.7046149114585,SL,-6.836614911458323,144,0.27449704883050996,ml_v3bal_hi3,2026-04
302332,long,2026-04-10 11:40:00,2026-04-10 11:45:00,2026-04-10 12:24:00,4767.015,4760.52697099375,SL,-6.76802900624998,39,0.3026719258102893,ml_v3bal_hi3,2026-04
302340,short,2026-04-10 12:20:00,2026-04-10 12:25:00,2026-04-10 12:30:00,4760.447,4766.955549617014,SL,-6.788549617013863,5,0.2773047407974312,ml_v3bal_hi3,2026-04
302342,long,2026-04-10 12:30:00,2026-04-10 12:35:00,2026-04-10 12:36:00,4780.722,4774.1604603006945,SL,-6.841539699305531,1,0.29947926214638376,ml_v3bal_hi3,2026-04
302343,long,2026-04-10 12:35:00,2026-04-10 12:40:00,2026-04-10 12:42:00,4776.005,4769.4204951538195,SL,-6.864504846180528,2,0.29482926273120935,ml_v3bal_hi3,2026-04
302344,long,2026-04-10 12:40:00,2026-04-10 12:45:00,2026-04-10 12:46:00,4772.801,4766.191014039584,SL,-6.88998596041664,1,0.2964682720968785,ml_v3bal_hi3,2026-04
302345,short,2026-04-10 12:45:00,2026-04-10 12:50:00,2026-04-10 13:06:00,4767.364,4773.990931040277,SL,-6.906931040277749,16,0.2830715114919016,ml_v3bal_hi3,2026-04
302349,long,2026-04-10 13:05:00,2026-04-10 13:10:00,2026-04-10 13:19:00,4774.292,4767.644794389931,SL,-6.927205610069418,9,0.29616047552529,ml_v3bal_hi3,2026-04
302351,long,2026-04-10 13:15:00,2026-04-10 13:20:00,2026-04-10 13:35:00,4772.14,4765.487087826737,SL,-6.932912173263862,15,0.2977414485772611,ml_v3bal_hi3,2026-04
302355,long,2026-04-10 13:35:00,2026-04-10 13:40:00,2026-04-10 13:42:00,4775.572,4768.869978842361,SL,-6.982021157638866,2,0.30553319623845393,ml_v3bal_hi3,2026-04
302356,long,2026-04-10 13:40:00,2026-04-10 13:45:00,2026-04-10 14:18:00,4769.127,4786.734354166667,TP,17.327354166666606,33,0.3093898541975701,ml_v3bal_hi3,2026-04
302363,long,2026-04-10 14:15:00,2026-04-10 14:20:00,2026-04-10 14:42:00,4787.811,4781.059163482291,SL,-7.031836517708313,22,0.30265186724582593,ml_v3bal_hi3,2026-04
302368,short,2026-04-10 14:40:00,2026-04-10 14:45:00,2026-04-10 15:36:00,4781.028,4763.338416666667,TP,17.409583333333273,51,0.27552100869614005,ml_v3bal_hi3,2026-04
302379,short,2026-04-10 15:35:00,2026-04-10 15:40:00,2026-04-10 15:45:00,4760.665,4767.338988360417,SL,-6.953988360416646,5,0.27840892370439807,ml_v3bal_hi3,2026-04
302381,short,2026-04-10 15:45:00,2026-04-10 15:50:00,2026-04-10 16:06:00,4766.466,4748.989958333334,TP,17.196041666666627,16,0.2791785388777379,ml_v3bal_hi3,2026-04
302385,short,2026-04-10 16:05:00,2026-04-10 16:10:00,2026-04-10 16:14:00,4756.628,4763.3211755878465,SL,-6.973175587847217,4,0.2773465454170827,ml_v3bal_hi3,2026-04
302386,short,2026-04-10 16:10:00,2026-04-10 16:15:00,2026-04-10 18:32:00,4763.232,4769.920060316666,SL,-6.968060316666658,137,0.27790375943876544,ml_v3bal_hi3,2026-04
302414,short,2026-04-10 18:30:00,2026-04-10 18:35:00,2026-04-10 20:04:00,4771.014,4753.8535833333335,TP,16.880416666666623,89,0.2711362163124129,ml_v3bal_hi3,2026-04
302436,long,2026-04-10 20:20:00,2026-04-10 20:25:00,2026-04-10 20:26:00,4748.811,4742.531780411111,SL,-6.559219588888879,1,0.2969559286223176,ml_v3bal_hi3,2026-04
302439,long,2026-04-10 20:35:00,2026-04-10 20:40:00,2026-04-12 22:06:00,4749.828,4743.550383645834,SL,-6.557616354166658,18,0.29747220915420086,ml_v3bal_hi3,2026-04
302444,short,2026-04-12 22:05:00,2026-04-12 22:10:00,2026-04-12 22:11:00,4666.902,4673.459360971181,SL,-6.917360971180545,1,0.28423244989750307,ml_v3bal_hi3,2026-04
302445,short,2026-04-12 22:10:00,2026-04-12 22:15:00,2026-04-12 22:23:00,4676.772,4659.392604166666,TP,17.01939583333331,8,0.28951353491714427,ml_v3bal_hi3,2026-04
302447,short,2026-04-12 22:20:00,2026-04-12 22:25:00,2026-04-12 23:50:00,4657.741,4664.461628998264,SL,-7.000628998263874,85,0.2902086058546275,ml_v3bal_hi3,2026-04
302465,short,2026-04-12 23:50:00,2026-04-12 23:55:00,2026-04-13 00:15:00,4667.147,4674.066624555556,SL,-7.199624555555542,20,0.2886644939412297,ml_v3bal_hi3,2026-04
302470,short,2026-04-13 00:15:00,2026-04-13 00:20:00,2026-04-13 00:34:00,4673.399,4680.333589402431,SL,-7.2145894024305415,14,0.27828713289158014,ml_v3bal_hi3,2026-04
302473,short,2026-04-13 00:30:00,2026-04-13 00:35:00,2026-04-13 00:48:00,4679.812,4686.80104779375,SL,-7.269047793749978,13,0.27795044882116043,ml_v3bal_hi3,2026-04
302476,short,2026-04-13 00:45:00,2026-04-13 00:50:00,2026-04-13 00:59:00,4687.274,4694.3141925687505,SL,-7.320192568749975,9,0.2796897506764094,ml_v3bal_hi3,2026-04
302478,short,2026-04-13 00:55:00,2026-04-13 01:00:00,2026-04-13 01:01:00,4695.309,4702.388197999653,SL,-7.359197999652754,1,0.2748897761289847,ml_v3bal_hi3,2026-04
302480,long,2026-04-13 01:05:00,2026-04-13 01:10:00,2026-04-13 01:56:00,4707.921,4726.621135416667,TP,18.420135416666596,46,0.29450851258384514,ml_v3bal_hi3,2026-04
302490,long,2026-04-13 01:55:00,2026-04-13 02:00:00,2026-04-13 02:46:00,4721.22,4713.946437569098,SL,-7.553562430902766,46,0.2958002087122982,ml_v3bal_hi3,2026-04
302500,long,2026-04-13 02:45:00,2026-04-13 02:50:00,2026-04-13 06:16:00,4712.605,4731.622625,TP,18.73762499999995,206,0.29742914461368963,ml_v3bal_hi3,2026-04
302575,short,2026-04-13 09:00:00,2026-04-13 09:05:00,2026-04-13 11:41:00,4726.789,4707.604770833333,TP,18.904229166666703,156,0.2691943044832321,ml_v3bal_hi3,2026-04
302607,long,2026-04-13 11:40:00,2026-04-13 11:45:00,2026-04-13 13:00:00,4707.617,4726.579677083334,TP,18.682677083333374,75,0.295776769847218,ml_v3bal_hi3,2026-04
302623,short,2026-04-13 13:00:00,2026-04-13 13:05:00,2026-04-13 13:12:00,4726.927,4734.312955534375,SL,-7.665955534375018,7,0.2777681697622085,ml_v3bal_hi3,2026-04
302625,short,2026-04-13 13:10:00,2026-04-13 13:15:00,2026-04-13 13:50:00,4734.139,4741.54016245382,SL,-7.681162453819463,35,0.2728915288175827,ml_v3bal_hi3,2026-04
302633,short,2026-04-13 13:50:00,2026-04-13 13:55:00,2026-04-13 15:04:00,4726.741,4707.250208333333,TP,19.210791666666744,69,0.27037166700933585,ml_v3bal_hi3,2026-04
302677,short,2026-04-13 17:30:00,2026-04-13 17:35:00,2026-04-13 18:27:00,4743.508,4724.233614583333,TP,18.994385416666745,52,0.27182337336248774,ml_v3bal_hi3,2026-04
302721,short,2026-04-13 22:10:00,2026-04-13 22:15:00,2026-04-13 22:54:00,4748.53,4755.745306278125,SL,-7.575306278125034,39,0.2743128905512545,ml_v3bal_hi3,2026-04
302729,long,2026-04-13 22:50:00,2026-04-13 22:55:00,2026-04-14 00:41:00,4755.601,4774.503364583333,TP,18.622364583333383,106,0.30106652409531004,ml_v3bal_hi3,2026-04
302751,long,2026-04-14 00:40:00,2026-04-14 00:45:00,2026-04-14 01:00:00,4770.498,4763.934991991666,SL,-6.843008008333359,15,0.31356263204209134,ml_v3bal_hi3,2026-04
302755,long,2026-04-14 01:00:00,2026-04-14 01:05:00,2026-04-14 05:34:00,4767.629,4761.115339080208,SL,-6.7936609197916935,269,0.30659032923357077,ml_v3bal_hi3,2026-04
302816,long,2026-04-14 06:05:00,2026-04-14 06:10:00,2026-04-14 07:00:00,4769.177,4785.04890625,TP,15.591906250000072,50,0.3083601019404849,ml_v3bal_hi3,2026-04
302827,long,2026-04-14 07:00:00,2026-04-14 07:05:00,2026-04-14 07:23:00,4786.564,4780.5226306,SL,-6.321369400000023,18,0.31069983144986496,ml_v3bal_hi3,2026-04
302840,long,2026-04-14 08:05:00,2026-04-14 08:10:00,2026-04-14 09:32:00,4780.462,4774.384581629167,SL,-6.357418370833357,82,0.2987870105616333,ml_v3bal_hi3,2026-04
302857,short,2026-04-14 09:30:00,2026-04-14 09:35:00,2026-04-14 09:56:00,4774.403,4780.489954442709,SL,-6.366954442708358,21,0.26929723245590914,ml_v3bal_hi3,2026-04
302862,short,2026-04-14 09:55:00,2026-04-14 10:00:00,2026-04-14 10:09:00,4778.42,4784.470310211458,SL,-6.330310211458359,9,0.26911278585014575,ml_v3bal_hi3,2026-04
302864,short,2026-04-14 10:05:00,2026-04-14 10:10:00,2026-04-14 10:38:00,4784.322,4768.5146770833335,TP,15.52732291666673,28,0.2692409413901373,ml_v3bal_hi3,2026-04
302870,long,2026-04-14 10:35:00,2026-04-14 10:40:00,2026-04-14 10:41:00,4763.136,4757.021818345834,SL,-6.394181654166694,1,0.299275975930849,ml_v3bal_hi3,2026-04
302871,long,2026-04-14 10:40:00,2026-04-14 10:45:00,2026-04-14 13:15:00,4767.216,4783.328145833334,TP,15.832145833333405,150,0.29737799581779195,ml_v3bal_hi3,2026-04
302902,long,2026-04-14 13:15:00,2026-04-14 13:20:00,2026-04-14 13:30:00,4787.408,4781.17150820382,SL,-6.516491796180582,10,0.3015169911068948,ml_v3bal_hi3,2026-04
302906,long,2026-04-14 13:35:00,2026-04-14 13:40:00,2026-04-14 14:19:00,4789.114,4805.635093749999,TP,16.24109375000006,39,0.29787143839059094,ml_v3bal_hi3,2026-04
302914,long,2026-04-14 14:15:00,2026-04-14 14:20:00,2026-04-14 14:45:00,4804.42,4798.072920723611,SL,-6.627079276388916,25,0.3008308541508299,ml_v3bal_hi3,2026-04
302920,long,2026-04-14 14:45:00,2026-04-14 14:50:00,2026-04-14 15:05:00,4799.801,4793.429332500001,SL,-6.651667500000031,15,0.2991544366656492,ml_v3bal_hi3,2026-04
302926,long,2026-04-14 15:15:00,2026-04-14 15:20:00,2026-04-14 16:19:00,4800.297,4816.743416666666,TP,16.166416666666727,59,0.30437267430412274,ml_v3bal_hi3,2026-04
302942,long,2026-04-14 16:35:00,2026-04-14 16:40:00,2026-04-14 16:57:00,4816.297,4810.1408842336805,SL,-6.43611576631946,17,0.3012335019322411,ml_v3bal_hi3,2026-04
302946,long,2026-04-14 16:55:00,2026-04-14 17:00:00,2026-04-14 17:06:00,4810.247,4826.432697916667,TP,15.905697916666709,6,0.3105404797265896,ml_v3bal_hi3,2026-04
302952,long,2026-04-14 17:25:00,2026-04-14 17:30:00,2026-04-14 18:08:00,4825.728,4841.894322916667,TP,15.886322916666723,38,0.3068437957624466,ml_v3bal_hi3,2026-04
302962,long,2026-04-14 18:15:00,2026-04-14 18:20:00,2026-04-15 00:17:00,4835.821,4829.772610495486,SL,-6.328389504513902,294,0.2997235380984502,ml_v3bal_hi3,2026-04
303023,long,2026-04-15 00:20:00,2026-04-15 00:25:00,2026-04-15 00:26:00,4835.523,4829.560915319097,SL,-6.242084680902786,1,0.3009135356323844,ml_v3bal_hi3,2026-04
303030,long,2026-04-15 00:55:00,2026-04-15 01:00:00,2026-04-15 01:02:00,4835.578,4829.586315002778,SL,-6.271684997222222,2,0.29398169434060717,ml_v3bal_hi3,2026-04
303032,long,2026-04-15 01:05:00,2026-04-15 01:10:00,2026-04-15 01:16:00,4840.439,4856.254385416667,TP,15.455385416666667,6,0.29964524012426097,ml_v3bal_hi3,2026-04
303034,long,2026-04-15 01:15:00,2026-04-15 01:20:00,2026-04-15 01:21:00,4864.183,4858.051797866319,SL,-6.491202133680553,1,0.3006508110750167,ml_v3bal_hi3,2026-04
303036,long,2026-04-15 01:25:00,2026-04-15 01:30:00,2026-04-15 01:37:00,4850.944,4844.723504835417,SL,-6.580495164583328,7,0.3036196738147686,ml_v3bal_hi3,2026-04
303044,long,2026-04-15 02:05:00,2026-04-15 02:10:00,2026-04-15 02:15:00,4850.824,4844.597699062152,SL,-6.5063009378472225,5,0.29830340124805954,ml_v3bal_hi3,2026-04
303046,short,2026-04-15 02:15:00,2026-04-15 02:20:00,2026-04-15 02:34:00,4842.789,4826.452010416667,TP,16.05698958333333,14,0.2689007215651277,ml_v3bal_hi3,2026-04
303058,long,2026-04-15 03:15:00,2026-04-15 03:20:00,2026-04-15 05:36:00,4825.672,4819.366283385763,SL,-6.5857166142361105,136,0.2985194429415952,ml_v3bal_hi3,2026-04
303095,long,2026-04-15 06:20:00,2026-04-15 06:25:00,2026-04-15 07:01:00,4814.7,4808.233368621528,SL,-6.746631378472214,36,0.29684460961459513,ml_v3bal_hi3,2026-04
303103,long,2026-04-15 07:00:00,2026-04-15 07:05:00,2026-04-15 09:11:00,4809.016,4802.53908648993,SL,-6.756913510069449,126,0.2985617002212846,ml_v3bal_hi3,2026-04
303129,long,2026-04-15 09:10:00,2026-04-15 09:15:00,2026-04-15 09:28:00,4804.854,4798.356363490625,SL,-6.777636509374993,13,0.2985408378585933,ml_v3bal_hi3,2026-04
303132,long,2026-04-15 09:25:00,2026-04-15 09:30:00,2026-04-15 09:47:00,4797.69,4791.20222893993,SL,-6.767771060069437,17,0.30033870816358366,ml_v3bal_hi3,2026-04
303136,short,2026-04-15 09:45:00,2026-04-15 09:50:00,2026-04-15 10:07:00,4794.951,4801.483026687847,SL,-6.812026687847216,17,0.27207810762118256,ml_v3bal_hi3,2026-04
303140,long,2026-04-15 10:05:00,2026-04-15 10:10:00,2026-04-15 10:16:00,4801.534,4794.9870640229165,SL,-6.826935977083329,6,0.3021962025086118,ml_v3bal_hi3,2026-04
303142,short,2026-04-15 10:15:00,2026-04-15 10:20:00,2026-04-15 10:45:00,4795.028,4801.595948669792,SL,-6.847948669791666,25,0.27154111390438324,ml_v3bal_hi3,2026-04
303152,short,2026-04-15 11:05:00,2026-04-15 11:10:00,2026-04-15 11:23:00,4799.094,4805.634237313195,SL,-6.820237313194429,13,0.27497299124434804,ml_v3bal_hi3,2026-04
303155,short,2026-04-15 11:20:00,2026-04-15 11:25:00,2026-04-15 11:46:00,4806.004,4812.537114030209,SL,-6.813114030208317,21,0.2714588562592846,ml_v3bal_hi3,2026-04
303160,short,2026-04-15 11:45:00,2026-04-15 11:50:00,2026-04-15 12:18:00,4808.939,4815.35212540382,SL,-6.693125403819422,28,0.2735013063257563,ml_v3bal_hi3,2026-04
303166,short,2026-04-15 12:15:00,2026-04-15 12:20:00,2026-04-15 13:26:00,4813.873,4820.3084556062495,SL,-6.715455606249986,66,0.27232012948673445,ml_v3bal_hi3,2026-04
303186,long,2026-04-15 13:55:00,2026-04-15 14:00:00,2026-04-15 14:02:00,4828.542,4822.175761275001,SL,-6.646238724999982,2,0.295769719406618,ml_v3bal_hi3,2026-04
303187,long,2026-04-15 14:00:00,2026-04-15 14:05:00,2026-04-15 14:32:00,4825.886,4819.511006978472,SL,-6.65499302152776,27,0.3018954473863152,ml_v3bal_hi3,2026-04
303193,long,2026-04-15 14:30:00,2026-04-15 14:35:00,2026-04-15 15:03:00,4819.12,4812.8004773125,SL,-6.599522687499991,28,0.3109677916555267,ml_v3bal_hi3,2026-04
303199,long,2026-04-15 15:00:00,2026-04-15 15:05:00,2026-04-15 15:07:00,4810.271,4804.014741589583,SL,-6.536258410416653,2,0.3065808563338911,ml_v3bal_hi3,2026-04
303200,short,2026-04-15 15:05:00,2026-04-15 15:10:00,2026-04-15 15:31:00,4807.191,4790.758364583333,TP,16.15263541666663,21,0.27715269585945057,ml_v3bal_hi3,2026-04
303206,short,2026-04-15 15:35:00,2026-04-15 15:40:00,2026-04-15 15:46:00,4800.868,4807.085574420139,SL,-6.49757442013887,6,0.2765804943858609,ml_v3bal_hi3,2026-04
303208,short,2026-04-15 15:45:00,2026-04-15 15:50:00,2026-04-15 16:13:00,4802.764,4808.976653600695,SL,-6.4926536006944255,23,0.27472223017802094,ml_v3bal_hi3,2026-04
303213,long,2026-04-15 16:10:00,2026-04-15 16:15:00,2026-04-15 16:52:00,4808.489,4802.299517903125,SL,-6.469482096874978,37,0.29449469719094523,ml_v3bal_hi3,2026-04
303221,short,2026-04-15 16:50:00,2026-04-15 16:55:00,2026-04-15 17:26:00,4802.056,4808.213012625347,SL,-6.437012625347202,31,0.2749205199300275,ml_v3bal_hi3,2026-04
303229,long,2026-04-15 17:30:00,2026-04-15 17:35:00,2026-04-15 17:41:00,4800.387,4794.254805765625,SL,-6.4121942343749785,6,0.29457243416847445,ml_v3bal_hi3,2026-04
303231,long,2026-04-15 17:40:00,2026-04-15 17:45:00,2026-04-15 22:51:00,4793.68,4809.812791666667,TP,15.852791666666613,242,0.30074202742031275,ml_v3bal_hi3,2026-04
303281,long,2026-04-15 22:50:00,2026-04-15 22:55:00,2026-04-15 23:48:00,4810.552,4826.393625,TP,15.561624999999994,53,0.32652849575992327,ml_v3bal_hi3,2026-04
303292,long,2026-04-15 23:45:00,2026-04-15 23:50:00,2026-04-16 01:35:00,4824.694,4818.730113664236,SL,-6.243886335763886,105,0.31282692495353515,ml_v3bal_hi3,2026-04
303314,short,2026-04-16 01:35:00,2026-04-16 01:40:00,2026-04-16 01:46:00,4813.087,4819.076676985417,SL,-6.269676985416669,6,0.27008287894356603,ml_v3bal_hi3,2026-04
303316,short,2026-04-16 01:45:00,2026-04-16 01:50:00,2026-04-16 03:07:00,4819.828,4825.846459810764,SL,-6.298459810763902,77,0.27284644722754475,ml_v3bal_hi3,2026-04
303332,short,2026-04-16 03:05:00,2026-04-16 03:10:00,2026-04-16 04:55:00,4825.622,4831.301629644792,SL,-5.959629644791673,105,0.2774738704933487,ml_v3bal_hi3,2026-04
303354,long,2026-04-16 04:55:00,2026-04-16 05:00:00,2026-04-16 05:34:00,4832.838,4827.397363444097,SL,-5.720636555902769,34,0.3607386806770238,ml_v3bal_hi3,2026-04
303361,short,2026-04-16 05:30:00,2026-04-16 05:35:00,2026-04-16 08:05:00,4826.875,4812.566416666667,TP,14.028583333333332,150,0.286076253014459,ml_v3bal_hi3,2026-04
303392,short,2026-04-16 08:05:00,2026-04-16 08:10:00,2026-04-16 09:09:00,4811.126,4816.607653967014,SL,-5.761653967013885,59,0.28049319802419836,ml_v3bal_hi3,2026-04
303404,short,2026-04-16 09:05:00,2026-04-16 09:10:00,2026-04-16 12:00:00,4817.684,4823.106421587153,SL,-5.702421587152783,170,0.277403970647374,ml_v3bal_hi3,2026-04
303439,long,2026-04-16 12:00:00,2026-04-16 12:05:00,2026-04-16 12:10:00,4819.636,4814.52093517639,SL,-5.395064823611117,5,0.29659873652254987,ml_v3bal_hi3,2026-04
303441,long,2026-04-16 12:10:00,2026-04-16 12:15:00,2026-04-16 12:31:00,4817.018,4811.890966473611,SL,-5.407033526388896,16,0.2945249572040294,ml_v3bal_hi3,2026-04
303445,long,2026-04-16 12:30:00,2026-04-16 12:35:00,2026-04-16 12:38:00,4819.035,4813.895073132986,SL,-5.419926867013896,3,0.29717711019312787,ml_v3bal_hi3,2026-04
303446,short,2026-04-16 12:35:00,2026-04-16 12:40:00,2026-04-16 13:01:00,4814.966,4820.121479037501,SL,-5.43547903750001,21,0.2771370458148273,ml_v3bal_hi3,2026-04
303451,short,2026-04-16 13:00:00,2026-04-16 13:05:00,2026-04-16 13:51:00,4819.761,4806.318625000001,TP,13.162375000000027,46,0.2822336788637566,ml_v3bal_hi3,2026-04
303461,short,2026-04-16 13:50:00,2026-04-16 13:55:00,2026-04-16 14:08:00,4794.592,4799.884924667708,SL,-5.572924667708344,13,0.2762461684858552,ml_v3bal_hi3,2026-04
303485,short,2026-04-16 15:50:00,2026-04-16 15:55:00,2026-04-16 16:33:00,4804.816,4790.2865,TP,14.249500000000033,38,0.2704558117231151,ml_v3bal_hi3,2026-04
303493,short,2026-04-16 16:30:00,2026-04-16 16:35:00,2026-04-16 19:43:00,4792.271,4797.722140918056,SL,-5.731140918055568,188,0.2723500820613653,ml_v3bal_hi3,2026-04
303538,long,2026-04-16 20:15:00,2026-04-16 20:20:00,2026-04-17 00:05:00,4791.509,4786.183562208334,SL,-5.605437791666671,163,0.3028175076469315,ml_v3bal_hi3,2026-04
303572,long,2026-04-17 00:05:00,2026-04-17 00:10:00,2026-04-17 01:09:00,4790.328,4785.096049840972,SL,-5.511950159027779,59,0.31151657829488943,ml_v3bal_hi3,2026-04
303584,short,2026-04-17 01:05:00,2026-04-17 01:10:00,2026-04-17 01:12:00,4783.402,4769.562458333334,TP,13.559541666666663,2,0.2803415247053068,ml_v3bal_hi3,2026-04
303585,short,2026-04-17 01:10:00,2026-04-17 01:15:00,2026-04-17 01:16:00,4778.594,4783.92015607257,SL,-5.606156072569443,1,0.275598772556276,ml_v3bal_hi3,2026-04
303586,long,2026-04-17 01:15:00,2026-04-17 01:20:00,2026-04-17 01:22:00,4782.699,4777.356605223264,SL,-5.622394776736109,2,0.29901126819311535,ml_v3bal_hi3,2026-04
303587,short,2026-04-17 01:20:00,2026-04-17 01:25:00,2026-04-17 01:50:00,4774.49,4779.8598442187495,SL,-5.649844218749995,25,0.2747290748170494,ml_v3bal_hi3,2026-04
303593,long,2026-04-17 01:50:00,2026-04-17 01:55:00,2026-04-17 04:42:00,4786.259,4800.341958333333,TP,13.802958333333324,167,0.31797397579069914,ml_v3bal_hi3,2026-04
303627,long,2026-04-17 04:40:00,2026-04-17 04:45:00,2026-04-17 05:44:00,4800.775,4795.49958789375,SL,-5.55541210624998,59,0.3175632844359717,ml_v3bal_hi3,2026-04
303639,long,2026-04-17 05:40:00,2026-04-17 05:45:00,2026-04-17 06:00:00,4796.512,4791.174851451736,SL,-5.617148548263868,15,0.305749707515111,ml_v3bal_hi3,2026-04
303643,long,2026-04-17 06:00:00,2026-04-17 06:05:00,2026-04-17 06:11:00,4793.335,4787.97218382257,SL,-5.642816177430538,6,0.3141116646903186,ml_v3bal_hi3,2026-04
303645,long,2026-04-17 06:10:00,2026-04-17 06:15:00,2026-04-17 06:32:00,4787.816,4782.441397666319,SL,-5.654602333680539,17,0.30404064689809374,ml_v3bal_hi3,2026-04
303649,long,2026-04-17 06:30:00,2026-04-17 06:35:00,2026-04-17 09:00:00,4782.987,4797.1405208333335,TP,13.873520833333298,145,0.301132309011201,ml_v3bal_hi3,2026-04
303679,short,2026-04-17 09:00:00,2026-04-17 09:05:00,2026-04-17 10:40:00,4798.869,4784.9112187499995,TP,13.677781249999994,95,0.2853266848304499,ml_v3bal_hi3,2026-04
303699,short,2026-04-17 10:40:00,2026-04-17 10:45:00,2026-04-17 11:24:00,4785.061,4790.327467326389,SL,-5.54646732638888,39,0.28527417873500704,ml_v3bal_hi3,2026-04
303707,short,2026-04-17 11:20:00,2026-04-17 11:25:00,2026-04-17 11:43:00,4790.506,4795.793448271876,SL,-5.5674482718749925,18,0.2936718843156246,ml_v3bal_hi3,2026-04
303711,short,2026-04-17 11:40:00,2026-04-17 11:45:00,2026-04-17 11:46:00,4798.435,4803.7373456559035,SL,-5.5823456559027695,1,0.2938367686824794,ml_v3bal_hi3,2026-04
303712,short,2026-04-17 11:45:00,2026-04-17 11:50:00,2026-04-17 12:24:00,4805.788,4811.1296368118055,SL,-5.621636811805547,34,0.28979065992720987,ml_v3bal_hi3,2026-04
303719,short,2026-04-17 12:20:00,2026-04-17 12:25:00,2026-04-17 12:26:00,4811.979,4817.359673989931,SL,-5.660673989930555,1,0.286051301582882,ml_v3bal_hi3,2026-04
303720,short,2026-04-17 12:25:00,2026-04-17 12:30:00,2026-04-17 12:36:00,4816.712,4822.115722473264,SL,-5.683722473263889,6,0.2876353449785195,ml_v3bal_hi3,2026-04
303722,short,2026-04-17 12:35:00,2026-04-17 12:40:00,2026-04-17 12:46:00,4822.887,4828.318044926388,SL,-5.71104492638889,6,0.2834114460042134,ml_v3bal_hi3,2026-04
303724,long,2026-04-17 12:45:00,2026-04-17 12:50:00,2026-04-17 13:07:00,4836.516,4850.971437499999,TP,14.095437500000017,17,0.3007146548206163,ml_v3bal_hi3,2026-04
303728,short,2026-04-17 13:05:00,2026-04-17 13:10:00,2026-04-17 13:11:00,4862.483,4868.139652592708,SL,-6.016652592708336,1,0.26858452409324296,ml_v3bal_hi3,2026-04
303732,long,2026-04-17 13:25:00,2026-04-17 13:30:00,2026-04-17 13:36:00,4851.551,4867.0146770833335,TP,15.103677083333343,6,0.298150103225331,ml_v3bal_hi3,2026-04
303737,long,2026-04-17 13:50:00,2026-04-17 13:55:00,2026-04-17 14:06:00,4877.028,4870.979173971181,SL,-6.408826028819446,11,0.29618351514774094,ml_v3bal_hi3,2026-04
303759,long,2026-04-17 15:40:00,2026-04-17 15:45:00,2026-04-17 19:55:00,4858.969,4852.861183663889,SL,-6.387816336111109,250,0.2945745152634187,ml_v3bal_hi3,2026-04
303810,long,2026-04-17 19:55:00,2026-04-17 20:00:00,2026-04-17 20:05:00,4854.67,4848.787342900695,SL,-6.162657099305548,5,0.300505147901989,ml_v3bal_hi3,2026-04
303812,long,2026-04-17 20:05:00,2026-04-17 20:10:00,2026-04-17 20:37:00,4847.034,4841.143600546875,SL,-6.250399453124996,27,0.30151813603381017,ml_v3bal_hi3,2026-04
303818,long,2026-04-17 20:35:00,2026-04-17 20:40:00,2026-04-17 20:43:00,4842.2,4836.276250089931,SL,-6.283749910069449,3,0.3128680404155698,ml_v3bal_hi3,2026-04
303819,long,2026-04-17 20:40:00,2026-04-17 20:45:00,2026-04-19 22:01:00,4835.946,4830.007209843403,SL,-6.298790156597227,13,0.3145227398603406,ml_v3bal_hi3,2026-04
303824,short,2026-04-19 22:05:00,2026-04-19 22:10:00,2026-04-19 23:00:00,4792.571,4776.181395833333,TP,15.889604166666686,50,0.2835663403398969,ml_v3bal_hi3,2026-04
303835,short,2026-04-19 23:00:00,2026-04-19 23:05:00,2026-04-19 23:39:00,4776.195,4759.3696875,TP,16.465312500000053,34,0.2778626377960741,ml_v3bal_hi3,2026-04
303842,short,2026-04-19 23:35:00,2026-04-19 23:40:00,2026-04-19 23:43:00,4763.962,4746.882177083334,TP,16.71982291666672,3,0.2853663676893554,ml_v3bal_hi3,2026-04
303843,short,2026-04-19 23:40:00,2026-04-19 23:45:00,2026-04-20 00:16:00,4751.882,4758.4564568503465,SL,-6.934456850347241,31,0.28778978823779444,ml_v3bal_hi3,2026-04
303850,short,2026-04-20 00:15:00,2026-04-20 00:20:00,2026-04-20 00:29:00,4757.989,4764.738737232638,SL,-7.029737232638904,9,0.2797985409563783,ml_v3bal_hi3,2026-04
303852,short,2026-04-20 00:25:00,2026-04-20 00:30:00,2026-04-20 00:59:00,4765.142,4771.911376857986,SL,-7.049376857986127,29,0.2809235598603028,ml_v3bal_hi3,2026-04
303858,short,2026-04-20 00:55:00,2026-04-20 01:00:00,2026-04-20 01:01:00,4772.204,4779.065416023611,SL,-7.141416023611117,1,0.279880868220557,ml_v3bal_hi3,2026-04
303859,short,2026-04-20 01:00:00,2026-04-20 01:05:00,2026-04-20 01:15:00,4787.79,4794.705675994792,SL,-7.195675994791672,10,0.27749896803400087,ml_v3bal_hi3,2026-04
303862,short,2026-04-20 01:15:00,2026-04-20 01:20:00,2026-04-20 01:25:00,4792.351,4799.3012963406245,SL,-7.2302963406250065,5,0.27663249971314896,ml_v3bal_hi3,2026-04
303864,short,2026-04-20 01:25:00,2026-04-20 01:30:00,2026-04-20 01:32:00,4802.695,4809.679138879514,SL,-7.2641388795138955,2,0.2757296154507328,ml_v3bal_hi3,2026-04
303865,short,2026-04-20 01:30:00,2026-04-20 01:35:00,2026-04-20 03:19:00,4807.801,4789.415270833334,TP,18.10572916666668,104,0.275253701313816,ml_v3bal_hi3,2026-04
303886,short,2026-04-20 03:15:00,2026-04-20 03:20:00,2026-04-20 07:03:00,4791.701,4798.582627098958,SL,-7.161627098958325,223,0.28035264943225446,ml_v3bal_hi3,2026-04
303931,short,2026-04-20 07:00:00,2026-04-20 07:05:00,2026-04-20 07:21:00,4797.808,4804.898432547917,SL,-7.37043254791667,16,0.2762674976260861,ml_v3bal_hi3,2026-04
303935,long,2026-04-20 07:20:00,2026-04-20 07:25:00,2026-04-20 07:30:00,4801.965,4794.861824910764,SL,-7.383175089236111,5,0.3034123298272843,ml_v3bal_hi3,2026-04
303937,short,2026-04-20 07:30:00,2026-04-20 07:35:00,2026-04-20 11:49:00,4794.3,4801.417798653472,SL,-7.397798653472224,254,0.27306711011711493,ml_v3bal_hi3,2026-04
304101,short,2026-04-20 22:10:00,2026-04-20 22:15:00,2026-04-21 01:40:00,4828.796,4812.38009375,TP,16.05590624999992,205,0.2797906662415331,ml_v3bal_hi3,2026-04
304151,short,2026-04-21 02:20:00,2026-04-21 02:25:00,2026-04-21 04:15:00,4806.071,4792.065166666666,TP,13.645833333333215,110,0.27050922323577786,ml_v3bal_hi3,2026-04
304174,short,2026-04-21 04:15:00,2026-04-21 04:20:00,2026-04-21 06:00:00,4793.275,4779.6439375,TP,13.351062499999871,100,0.27398024681416505,ml_v3bal_hi3,2026-04
304195,short,2026-04-21 06:00:00,2026-04-21 06:05:00,2026-04-21 06:10:00,4782.588,4787.817327044791,SL,-5.50932704479162,5,0.2737159586369181,ml_v3bal_hi3,2026-04
304197,short,2026-04-21 06:10:00,2026-04-21 06:15:00,2026-04-21 07:48:00,4785.035,4790.283184894792,SL,-5.528184894791618,93,0.2766522310215235,ml_v3bal_hi3,2026-04
304216,short,2026-04-21 07:45:00,2026-04-21 07:50:00,2026-04-21 08:11:00,4790.548,4776.815302083333,TP,13.452697916666542,21,0.2833725568807812,ml_v3bal_hi3,2026-04
304221,short,2026-04-21 08:10:00,2026-04-21 08:15:00,2026-04-21 08:19:00,4776.055,4781.289648672917,SL,-5.514648672916625,4,0.2809429258988675,ml_v3bal_hi3,2026-04
304222,short,2026-04-21 08:15:00,2026-04-21 08:20:00,2026-04-21 08:21:00,4783.029,4788.2573309756945,SL,-5.508330975694404,1,0.2795612080765455,ml_v3bal_hi3,2026-04
304223,short,2026-04-21 08:20:00,2026-04-21 08:25:00,2026-04-21 08:43:00,4786.898,4792.133343143403,SL,-5.515343143402737,18,0.282498039484008,ml_v3bal_hi3,2026-04
304227,short,2026-04-21 08:40:00,2026-04-21 08:45:00,2026-04-21 11:09:00,4791.553,4777.888520833333,TP,13.384479166666553,144,0.2839415922145164,ml_v3bal_hi3,2026-04
304256,short,2026-04-21 11:05:00,2026-04-21 11:10:00,2026-04-21 11:30:00,4780.227,4785.364863297569,SL,-5.4178632975693946,20,0.2909414781308365,ml_v3bal_hi3,2026-04
304261,short,2026-04-21 11:30:00,2026-04-21 11:35:00,2026-04-21 11:40:00,4787.489,4792.636645410416,SL,-5.427645410416617,5,0.2943588300173306,ml_v3bal_hi3,2026-04
304263,short,2026-04-21 11:40:00,2026-04-21 11:45:00,2026-04-21 11:48:00,4792.943,4798.109594533681,SL,-5.446594533680506,3,0.2838682671215549,ml_v3bal_hi3,2026-04
304264,short,2026-04-21 11:45:00,2026-04-21 11:50:00,2026-04-21 12:20:00,4795.743,4782.132197916667,TP,13.330802083333209,30,0.2789242015744453,ml_v3bal_hi3,2026-04
304271,short,2026-04-21 12:20:00,2026-04-21 12:25:00,2026-04-21 12:30:00,4782.846,4769.154052083333,TP,13.411947916666561,5,0.2828277155517889,ml_v3bal_hi3,2026-04
304273,short,2026-04-21 12:30:00,2026-04-21 12:35:00,2026-04-21 13:06:00,4786.895,4773.012072916667,TP,13.602927083333226,31,0.2819688544188399,ml_v3bal_hi3,2026-04
304280,short,2026-04-21 13:05:00,2026-04-21 13:10:00,2026-04-21 13:28:00,4768.203,4773.531822839236,SL,-5.608822839236073,18,0.2754739261378634,ml_v3bal_hi3,2026-04
304284,long,2026-04-21 13:25:00,2026-04-21 13:30:00,2026-04-21 13:40:00,4774.68,4788.643677083333,TP,13.68367708333322,10,0.3025595824283931,ml_v3bal_hi3,2026-04
304287,long,2026-04-21 13:40:00,2026-04-21 13:45:00,2026-04-21 13:57:00,4788.839,4783.463429376042,SL,-5.655570623958286,12,0.3148479144236819,ml_v3bal_hi3,2026-04
304290,long,2026-04-21 13:55:00,2026-04-21 14:00:00,2026-04-21 14:23:00,4779.141,4773.714002844444,SL,-5.706997155555515,23,0.3089609126708285,ml_v3bal_hi3,2026-04
304295,long,2026-04-21 14:20:00,2026-04-21 14:25:00,2026-04-21 14:33:00,4772.669,4767.275595373958,SL,-5.673404626041629,8,0.30398670936288974,ml_v3bal_hi3,2026-04
304297,long,2026-04-21 14:30:00,2026-04-21 14:35:00,2026-04-21 14:39:00,4768.331,4762.947476696875,SL,-5.66352330312496,4,0.3034587761229529,ml_v3bal_hi3,2026-04
304298,long,2026-04-21 14:35:00,2026-04-21 14:40:00,2026-04-21 14:41:00,4761.32,4755.938802180903,SL,-5.661197819097185,1,0.2969005861218744,ml_v3bal_hi3,2026-04
304314,long,2026-04-21 15:55:00,2026-04-21 16:00:00,2026-04-21 16:09:00,4741.459,4735.9025297354165,SL,-5.83647026458329,9,0.2950428195348372,ml_v3bal_hi3,2026-04
304330,long,2026-04-21 17:15:00,2026-04-21 17:20:00,2026-04-21 17:42:00,4701.145,4715.951395833334,TP,14.526395833333218,22,0.299373508726515,ml_v3bal_hi3,2026-04
304342,long,2026-04-21 18:15:00,2026-04-21 18:20:00,2026-04-21 18:55:00,4695.893,4711.208260416666,TP,15.035260416666565,35,0.29613578344024605,ml_v3bal_hi3,2026-04
304355,long,2026-04-21 19:20:00,2026-04-21 19:25:00,2026-04-21 19:35:00,4714.307,4708.370797242013,SL,-6.216202757986072,10,0.2942501562282036,ml_v3bal_hi3,2026-04
304358,long,2026-04-21 19:35:00,2026-04-21 19:40:00,2026-04-21 19:41:00,4700.977,4694.9973472,SL,-6.259652799999963,1,0.2983862037667339,ml_v3bal_hi3,2026-04
304359,long,2026-04-21 19:40:00,2026-04-21 19:45:00,2026-04-21 20:10:00,4671.665,4687.674072916667,TP,15.729072916666576,25,0.30465337932388703,ml_v3bal_hi3,2026-04
304365,long,2026-04-21 20:10:00,2026-04-21 20:15:00,2026-04-21 20:39:00,4696.751,4713.331489583334,TP,16.300489583333256,24,0.3028551993959553,ml_v3bal_hi3,2026-04
304370,long,2026-04-21 20:35:00,2026-04-21 20:40:00,2026-04-21 22:02:00,4712.222,4729.0397604166665,TP,16.537760416666593,20,0.29840920263032017,ml_v3bal_hi3,2026-04
304376,short,2026-04-21 22:05:00,2026-04-21 22:10:00,2026-04-21 23:13:00,4720.541,4727.033799026389,SL,-6.852799026388867,63,0.26870613547563615,ml_v3bal_hi3,2026-04
304389,long,2026-04-21 23:10:00,2026-04-21 23:15:00,2026-04-22 00:02:00,4727.576,4744.586989583333,TP,16.730989583333297,47,0.3012222554550017,ml_v3bal_hi3,2026-04
304483,short,2026-04-22 07:00:00,2026-04-22 07:05:00,2026-04-22 10:02:00,4768.74,4751.542541666667,TP,16.917458333333308,177,0.26938415850901964,ml_v3bal_hi3,2026-04
304522,short,2026-04-22 10:15:00,2026-04-22 10:20:00,2026-04-22 10:59:00,4753.557,4759.897368707291,SL,-6.620368707291644,39,0.2747657300087372,ml_v3bal_hi3,2026-04
304530,short,2026-04-22 10:55:00,2026-04-22 11:00:00,2026-04-22 13:00:00,4758.949,4742.339614583333,TP,16.32938541666661,120,0.27883681700510166,ml_v3bal_hi3,2026-04
304555,short,2026-04-22 13:00:00,2026-04-22 13:05:00,2026-04-22 13:09:00,4741.665,4748.063466123958,SL,-6.67846612395833,4,0.2707694766837282,ml_v3bal_hi3,2026-04
304556,short,2026-04-22 13:05:00,2026-04-22 13:10:00,2026-04-22 13:37:00,4744.791,4751.217106049306,SL,-6.706106049305553,27,0.2739763977538652,ml_v3bal_hi3,2026-04
304562,short,2026-04-22 13:35:00,2026-04-22 13:40:00,2026-04-22 13:44:00,4748.445,4754.825790857986,SL,-6.660790857986102,4,0.27797867060320547,ml_v3bal_hi3,2026-04
304563,short,2026-04-22 13:40:00,2026-04-22 13:45:00,2026-04-22 14:32:00,4755.231,4738.453614583334,TP,16.49738541666664,47,0.28381216340954374,ml_v3bal_hi3,2026-04
304647,long,2026-04-22 20:40:00,2026-04-22 20:45:00,2026-04-22 22:33:00,4737.535,4732.404636983681,SL,-5.410363016319408,46,0.2938263457993394,ml_v3bal_hi3,2026-04
304657,long,2026-04-22 22:30:00,2026-04-22 22:35:00,2026-04-22 22:45:00,4734.102,4729.265866270834,SL,-5.116133729166633,10,0.3286201039036486,ml_v3bal_hi3,2026-04
304660,long,2026-04-22 22:45:00,2026-04-22 22:50:00,2026-04-22 23:01:00,4730.201,4725.376017482639,SL,-5.104982517361074,11,0.30214908126819284,ml_v3bal_hi3,2026-04
304663,short,2026-04-22 23:00:00,2026-04-22 23:05:00,2026-04-22 23:20:00,4724.562,4729.347151658681,SL,-5.0651516586805165,15,0.2705248114002001,ml_v3bal_hi3,2026-04
304668,long,2026-04-22 23:25:00,2026-04-22 23:30:00,2026-04-23 00:01:00,4728.06,4723.305976492708,SL,-5.034023507291617,31,0.299023519020656,ml_v3bal_hi3,2026-04
304675,short,2026-04-23 00:00:00,2026-04-23 00:05:00,2026-04-23 00:12:00,4721.601,4709.081489583333,TP,12.239510416666532,7,0.27640619306180303,ml_v3bal_hi3,2026-04
304677,short,2026-04-23 00:10:00,2026-04-23 00:15:00,2026-04-23 00:17:00,4699.544,4704.379232901736,SL,-5.115232901736057,2,0.2885332510370777,ml_v3bal_hi3,2026-04
304678,long,2026-04-23 00:15:00,2026-04-23 00:20:00,2026-04-23 00:25:00,4722.488,4735.422197916667,TP,12.654197916666535,5,0.29658760788102334,ml_v3bal_hi3,2026-04
304680,long,2026-04-23 00:25:00,2026-04-23 00:30:00,2026-04-23 01:13:00,4741.319,4736.304716733333,SL,-5.294283266666615,43,0.309804386591359,ml_v3bal_hi3,2026-04
304693,long,2026-04-23 01:30:00,2026-04-23 01:35:00,2026-04-23 01:54:00,4729.296,4724.187740987153,SL,-5.388259012847168,19,0.29505917289015826,ml_v3bal_hi3,2026-04
304697,long,2026-04-23 01:50:00,2026-04-23 01:55:00,2026-04-23 02:05:00,4724.981,4719.845724101042,SL,-5.415275898958288,10,0.31070420165809065,ml_v3bal_hi3,2026-04
304700,long,2026-04-23 02:05:00,2026-04-23 02:10:00,2026-04-23 02:11:00,4714.612,4709.462465629861,SL,-5.4295343701388425,1,0.3093131665152381,ml_v3bal_hi3,2026-04
304701,short,2026-04-23 02:10:00,2026-04-23 02:15:00,2026-04-23 02:20:00,4707.571,4712.736213529513,SL,-5.445213529513842,5,0.2848725382965511,ml_v3bal_hi3,2026-04
304703,long,2026-04-23 02:20:00,2026-04-23 02:25:00,2026-04-23 02:30:00,4715.728,4710.563941275695,SL,-5.444058724305512,5,0.310049410539475,ml_v3bal_hi3,2026-04
304705,long,2026-04-23 02:30:00,2026-04-23 02:35:00,2026-04-23 02:38:00,4712.612,4707.437230556598,SL,-5.4547694434027365,3,0.3017885793026357,ml_v3bal_hi3,2026-04
304706,long,2026-04-23 02:35:00,2026-04-23 02:40:00,2026-04-23 02:42:00,4711.613,4706.425718182639,SL,-5.467281817361071,2,0.29977166243156483,ml_v3bal_hi3,2026-04
304707,short,2026-04-23 02:40:00,2026-04-23 02:45:00,2026-04-23 02:50:00,4701.303,4706.522271112152,SL,-5.49927111215274,5,0.2827138290103475,ml_v3bal_hi3,2026-04
304709,short,2026-04-23 02:50:00,2026-04-23 02:55:00,2026-04-23 03:05:00,4703.266,4708.493172202083,SL,-5.507172202083295,10,0.2828073753477818,ml_v3bal_hi3,2026-04
304712,short,2026-04-23 03:05:00,2026-04-23 03:10:00,2026-04-23 05:07:00,4703.676,4708.9601703711805,SL,-5.564170371180515,117,0.282137034862856,ml_v3bal_hi3,2026-04
304736,long,2026-04-23 05:05:00,2026-04-23 05:10:00,2026-04-23 05:30:00,4709.735,4704.393684628819,SL,-5.621315371180521,20,0.2995599635117785,ml_v3bal_hi3,2026-04
304742,short,2026-04-23 05:35:00,2026-04-23 05:40:00,2026-04-23 05:46:00,4703.096,4708.504290104861,SL,-5.688290104861075,6,0.2741296615838431,ml_v3bal_hi3,2026-04
304744,long,2026-04-23 05:45:00,2026-04-23 05:50:00,2026-04-23 07:22:00,4710.436,4705.009935419097,SL,-5.706064580902742,92,0.2980989344590441,ml_v3bal_hi3,2026-04
304765,long,2026-04-23 07:30:00,2026-04-23 07:35:00,2026-04-23 08:37:00,4710.719,4705.223091530208,SL,-5.77590846979165,62,0.29866882159294406,ml_v3bal_hi3,2026-04
304780,long,2026-04-23 08:45:00,2026-04-23 08:50:00,2026-04-23 09:02:00,4705.764,4700.1447496034725,SL,-5.899250396527755,12,0.2990543515086136,ml_v3bal_hi3,2026-04
304786,long,2026-04-23 09:15:00,2026-04-23 09:20:00,2026-04-23 10:08:00,4699.733,4694.0573586,SL,-5.955641399999977,48,0.29639453780975555,ml_v3bal_hi3,2026-04
304796,long,2026-04-23 10:05:00,2026-04-23 10:10:00,2026-04-23 10:12:00,4691.562,4685.834622532986,SL,-6.007377467013875,2,0.2950572198202216,ml_v3bal_hi3,2026-04
304799,short,2026-04-23 10:20:00,2026-04-23 10:25:00,2026-04-23 10:33:00,4687.291,4693.069835745833,SL,-6.0588357458333215,8,0.29133800699107804,ml_v3bal_hi3,2026-04
304801,long,2026-04-23 10:30:00,2026-04-23 10:35:00,2026-04-23 11:46:00,4692.159,4707.406479166666,TP,14.967479166666626,71,0.2998755996992194,ml_v3bal_hi3,2026-04
304816,long,2026-04-23 11:45:00,2026-04-23 11:50:00,2026-04-23 12:00:00,4706.242,4721.521208333334,TP,14.999208333333305,10,0.3097542271087758,ml_v3bal_hi3,2026-04
304827,short,2026-04-23 12:40:00,2026-04-23 12:45:00,2026-04-23 14:00:00,4739.411,4723.659479166667,TP,15.471520833333292,75,0.27607817830319975,ml_v3bal_hi3,2026-04
304858,short,2026-04-23 15:15:00,2026-04-23 15:20:00,2026-04-23 15:45:00,4738.397,4722.45453125,TP,15.662468749999961,25,0.2724292851745513,ml_v3bal_hi3,2026-04
304879,short,2026-04-23 17:00:00,2026-04-23 17:05:00,2026-04-23 17:09:00,4725.627,4709.782552083334,TP,15.564447916666657,4,0.2688032755110966,ml_v3bal_hi3,2026-04
304916,long,2026-04-23 20:05:00,2026-04-23 20:10:00,2026-04-23 20:15:00,4696.424,4689.600049667014,SL,-7.103950332986118,5,0.29518907519259774,ml_v3bal_hi3,2026-04
304919,long,2026-04-23 20:20:00,2026-04-23 20:25:00,2026-04-24 01:15:00,4692.531,4710.505364583333,TP,17.694364583333357,227,0.29650868254879315,ml_v3bal_hi3,2026-04
304966,short,2026-04-24 01:15:00,2026-04-24 01:20:00,2026-04-24 02:22:00,4705.463,4687.377541666667,TP,17.80545833333332,62,0.27675711188338714,ml_v3bal_hi3,2026-04
304979,short,2026-04-24 02:20:00,2026-04-24 02:25:00,2026-04-24 04:00:00,4685.12,4667.23028125,TP,17.609718749999967,95,0.2819515842697662,ml_v3bal_hi3,2026-04
304999,short,2026-04-24 04:00:00,2026-04-24 04:05:00,2026-04-24 05:27:00,4670.923,4677.5416529520835,SL,-6.898652952083318,82,0.2811122377604026,ml_v3bal_hi3,2026-04
305016,short,2026-04-24 05:25:00,2026-04-24 05:30:00,2026-04-24 05:33:00,4676.397,4683.021097600695,SL,-6.904097600694435,3,0.28574122706792987,ml_v3bal_hi3,2026-04
305017,short,2026-04-24 05:30:00,2026-04-24 05:35:00,2026-04-24 06:51:00,4684.395,4666.941927083334,TP,17.173072916666644,76,0.27433398156528765,ml_v3bal_hi3,2026-04
305033,short,2026-04-24 06:50:00,2026-04-24 06:55:00,2026-04-24 07:17:00,4674.76,4681.415503540278,SL,-6.93550354027777,22,0.2789022342587969,ml_v3bal_hi3,2026-04
305038,long,2026-04-24 07:15:00,2026-04-24 07:20:00,2026-04-24 11:07:00,4681.269,4698.751239583334,TP,17.202239583333295,227,0.3055457775390544,ml_v3bal_hi3,2026-04
305084,short,2026-04-24 11:05:00,2026-04-24 11:10:00,2026-04-24 11:22:00,4696.202,4702.754352846875,SL,-6.832352846874973,12,0.27013858061721985,ml_v3bal_hi3,2026-04
305087,long,2026-04-24 11:20:00,2026-04-24 11:25:00,2026-04-24 12:19:00,4709.008,4702.396033806597,SL,-6.891966193402751,54,0.29669438395680103,ml_v3bal_hi3,2026-04
305107,long,2026-04-24 13:00:00,2026-04-24 13:05:00,2026-04-24 13:31:00,4697.868,4691.232771029514,SL,-6.915228970486083,26,0.295008535456902,ml_v3bal_hi3,2026-04
305120,short,2026-04-24 14:05:00,2026-04-24 14:10:00,2026-04-24 14:12:00,4728.032,4734.7502638302085,SL,-6.998263830208302,2,0.27656715588844527,ml_v3bal_hi3,2026-04
305121,short,2026-04-24 14:10:00,2026-04-24 14:15:00,2026-04-24 19:56:00,4731.552,4713.822291666666,TP,17.449708333333245,341,0.2804325767999738,ml_v3bal_hi3,2026-04
305191,long,2026-04-24 20:00:00,2026-04-24 20:05:00,2026-04-24 20:14:00,4711.446,4705.7170708875,SL,-6.0089291124999376,9,0.2996375062290553,ml_v3bal_hi3,2026-04
305198,long,2026-04-24 20:35:00,2026-04-24 20:40:00,2026-04-26 22:02:00,4707.428,4701.752775282292,SL,-5.955224717708266,18,0.3026558233391188,ml_v3bal_hi3,2026-04
305204,short,2026-04-26 22:05:00,2026-04-26 22:10:00,2026-04-26 22:19:00,4681.792,4687.508059582292,SL,-6.076059582291588,9,0.2800462385108403,ml_v3bal_hi3,2026-04
305206,short,2026-04-26 22:15:00,2026-04-26 22:20:00,2026-04-27 00:07:00,4688.703,4673.723614583334,TP,14.699385416666455,107,0.2922671026905788,ml_v3bal_hi3,2026-04
305228,short,2026-04-27 00:05:00,2026-04-27 00:10:00,2026-04-27 00:28:00,4675.852,4681.604703813541,SL,-6.0327038135415965,18,0.2799403370007616,ml_v3bal_hi3,2026-04
305232,short,2026-04-27 00:25:00,2026-04-27 00:30:00,2026-04-27 00:52:00,4680.645,4686.395600560069,SL,-6.0306005600693755,22,0.2816979059519118,ml_v3bal_hi3,2026-04
305237,short,2026-04-27 00:50:00,2026-04-27 00:55:00,2026-04-27 00:58:00,4688.351,4694.111255684027,SL,-6.040255684027712,3,0.28426161474350653,ml_v3bal_hi3,2026-04
305238,short,2026-04-27 00:55:00,2026-04-27 01:00:00,2026-04-27 01:01:00,4697.688,4703.46497456493,SL,-6.056974564930493,1,0.28668394300825,ml_v3bal_hi3,2026-04
305240,short,2026-04-27 01:05:00,2026-04-27 01:10:00,2026-04-27 01:50:00,4698.064,4703.887885054167,SL,-6.103885054166599,40,0.2781646080026086,ml_v3bal_hi3,2026-04
305249,short,2026-04-27 01:50:00,2026-04-27 01:55:00,2026-04-27 02:37:00,4702.751,4708.594488963889,SL,-6.1234889638888275,42,0.27629092755745877,ml_v3bal_hi3,2026-04
305260,long,2026-04-27 02:45:00,2026-04-27 02:50:00,2026-04-27 05:33:00,4718.302,4712.543486444792,SL,-6.038513555208278,163,0.29440696294328883,ml_v3bal_hi3,2026-04
305293,long,2026-04-27 05:30:00,2026-04-27 05:35:00,2026-04-27 08:30:00,4712.953,4707.386946042709,SL,-5.846053957291608,175,0.2949164713331923,ml_v3bal_hi3,2026-04
305334,short,2026-04-27 08:55:00,2026-04-27 09:00:00,2026-04-27 12:20:00,4706.674,4712.109477632292,SL,-5.71547763229161,200,0.2751534640111031,ml_v3bal_hi3,2026-04
305375,short,2026-04-27 12:20:00,2026-04-27 12:25:00,2026-04-27 13:01:00,4708.963,4695.4423125,TP,13.240687499999838,36,0.295541751931792,ml_v3bal_hi3,2026-04
305383,short,2026-04-27 13:00:00,2026-04-27 13:05:00,2026-04-27 13:17:00,4696.092,4701.240891488888,SL,-5.428891488888838,12,0.2864611277012804,ml_v3bal_hi3,2026-04
305386,short,2026-04-27 13:15:00,2026-04-27 13:20:00,2026-04-27 14:27:00,4700.438,4686.9520625000005,TP,13.205937499999854,67,0.29308504666446256,ml_v3bal_hi3,2026-04
305400,short,2026-04-27 14:25:00,2026-04-27 14:30:00,2026-04-27 14:36:00,4689.118,4694.217770599306,SL,-5.379770599305503,6,0.2811485319512115,ml_v3bal_hi3,2026-04
305402,short,2026-04-27 14:35:00,2026-04-27 14:40:00,2026-04-27 14:53:00,4693.412,4680.090229166667,TP,13.041770833333196,13,0.27754519863560967,ml_v3bal_hi3,2026-04
305405,short,2026-04-27 14:50:00,2026-04-27 14:55:00,2026-04-27 15:05:00,4680.774,4667.509197916667,TP,12.984802083333195,10,0.2692551186453751,ml_v3bal_hi3,2026-04
305463,long,2026-04-27 19:40:00,2026-04-27 19:45:00,2026-04-27 23:35:00,4679.854,4692.202854166667,TP,12.068854166666581,167,0.2938292801117942,ml_v3bal_hi3,2026-04
305505,long,2026-04-28 00:10:00,2026-04-28 00:15:00,2026-04-28 00:27:00,4697.931,4693.488857235417,SL,-4.722142764583304,12,0.29403581579894716,ml_v3bal_hi3,2026-04
305510,long,2026-04-28 00:35:00,2026-04-28 00:40:00,2026-04-28 01:01:00,4691.652,4687.214428835417,SL,-4.717571164583304,21,0.2980511250775546,ml_v3bal_hi3,2026-04
305515,long,2026-04-28 01:00:00,2026-04-28 01:05:00,2026-04-28 01:32:00,4689.112,4684.688338087153,SL,-4.7036619128471955,27,0.29438846326455387,ml_v3bal_hi3,2026-04
305521,long,2026-04-28 01:30:00,2026-04-28 01:35:00,2026-04-28 01:55:00,4684.282,4679.877676113889,SL,-4.684323886111079,20,0.29886898116568555,ml_v3bal_hi3,2026-04
305526,long,2026-04-28 01:55:00,2026-04-28 02:00:00,2026-04-28 02:01:00,4670.853,4666.42630622743,SL,-4.706693772569415,1,0.29538737420780214,ml_v3bal_hi3,2026-04
305527,long,2026-04-28 02:00:00,2026-04-28 02:05:00,2026-04-28 02:56:00,4672.571,4668.178065429861,SL,-4.67293457013886,51,0.29691203121883425,ml_v3bal_hi3,2026-04
305538,long,2026-04-28 02:55:00,2026-04-28 03:00:00,2026-04-28 05:00:00,4669.007,4664.722994117708,SL,-4.56400588229164,120,0.30282700299237525,ml_v3bal_hi3,2026-04
305563,short,2026-04-28 05:00:00,2026-04-28 05:05:00,2026-04-28 05:06:00,4663.339,4652.609333333334,TP,10.449666666666607,1,0.2908321745215057,ml_v3bal_hi3,2026-04
305564,short,2026-04-28 05:05:00,2026-04-28 05:10:00,2026-04-28 05:20:00,4653.664,4657.804421132986,SL,-4.420421132986089,10,0.28694930543189506,ml_v3bal_hi3,2026-04
305567,short,2026-04-28 05:20:00,2026-04-28 05:25:00,2026-04-28 05:30:00,4658.587,4647.633843750001,TP,10.673156249999941,5,0.28926043082957725,ml_v3bal_hi3,2026-04
305569,short,2026-04-28 05:30:00,2026-04-28 05:35:00,2026-04-28 05:40:00,4644.526,4633.439145833333,TP,10.806854166666598,5,0.2803597327714718,ml_v3bal_hi3,2026-04
305571,short,2026-04-28 05:40:00,2026-04-28 05:45:00,2026-04-28 05:47:00,4624.969,4629.257446525,SL,-4.568446524999972,2,0.27621371730744054,ml_v3bal_hi3,2026-04
305572,short,2026-04-28 05:45:00,2026-04-28 05:58:00,2026-04-28 06:05:00,4632.619,4636.924268584375,SL,-4.58526858437497,7,0.27621371730744054,ml_v3bal_hi3,2026-04
305577,short,2026-04-28 06:15:00,2026-04-28 06:20:00,2026-04-28 07:04:00,4633.986,4638.372561315277,SL,-4.66656131527775,44,0.2732554153993242,ml_v3bal_hi3,2026-04
305586,short,2026-04-28 07:00:00,2026-04-28 07:05:00,2026-04-28 07:34:00,4638.886,4626.91946875,TP,11.686531249999947,29,0.27333835207237017,ml_v3bal_hi3,2026-04
305592,short,2026-04-28 07:30:00,2026-04-28 07:35:00,2026-04-28 07:43:00,4626.967,4631.580426965277,SL,-4.893426965277753,8,0.2742974365785931,ml_v3bal_hi3,2026-04
305594,short,2026-04-28 07:40:00,2026-04-28 07:45:00,2026-04-28 08:06:00,4629.152,4617.027770833333,TP,11.844229166666613,21,0.2800116579024405,ml_v3bal_hi3,2026-04
305599,short,2026-04-28 08:05:00,2026-04-28 08:10:00,2026-04-28 08:29:00,4622.05,4626.77820507882,SL,-5.008205078819433,19,0.2779043199827016,ml_v3bal_hi3,2026-04
305603,short,2026-04-28 08:25:00,2026-04-28 08:30:00,2026-04-28 08:31:00,4626.702,4631.461920553819,SL,-5.039920553819431,1,0.280354310104093,ml_v3bal_hi3,2026-04
305604,short,2026-04-28 08:30:00,2026-04-28 08:35:00,2026-04-28 09:20:00,4632.737,4620.189802083333,TP,12.26719791666663,45,0.2766330723408414,ml_v3bal_hi3,2026-04
305614,short,2026-04-28 09:20:00,2026-04-28 09:25:00,2026-04-28 10:58:00,4616.316,4603.592364583334,TP,12.443635416666611,93,0.2798313326494811,ml_v3bal_hi3,2026-04
305633,short,2026-04-28 10:55:00,2026-04-28 11:00:00,2026-04-28 11:02:00,4603.387,4608.361670670139,SL,-5.254670670138871,2,0.27726286718048676,ml_v3bal_hi3,2026-04
305634,short,2026-04-28 11:00:00,2026-04-28 11:05:00,2026-04-28 11:33:00,4604.904,4591.812687500001,TP,12.811312499999948,28,0.278484971014639,ml_v3bal_hi3,2026-04
305640,short,2026-04-28 11:30:00,2026-04-28 11:35:00,2026-04-28 11:37:00,4590.905,4577.580114583333,TP,13.044885416666613,2,0.2779526805562681,ml_v3bal_hi3,2026-04
305641,short,2026-04-28 11:35:00,2026-04-28 11:40:00,2026-04-28 11:50:00,4570.154,4556.6261770833335,TP,13.247822916666623,10,0.2779526805562681,ml_v3bal_hi3,2026-04
305644,short,2026-04-28 11:50:00,2026-04-28 11:55:00,2026-04-28 12:02:00,4559.516,4564.752676526736,SL,-5.516676526736092,7,0.27779403030833716,ml_v3bal_hi3,2026-04
305646,short,2026-04-28 12:00:00,2026-04-28 12:05:00,2026-04-28 12:11:00,4568.975,4574.271960533334,SL,-5.576960533333318,6,0.27779403030833716,ml_v3bal_hi3,2026-04
305648,long,2026-04-28 12:10:00,2026-04-28 12:15:00,2026-04-28 12:20:00,4581.683,4595.715322916667,TP,13.75232291666663,5,0.3020900649179594,ml_v3bal_hi3,2026-04
305650,long,2026-04-28 12:20:00,2026-04-28 12:25:00,2026-04-28 12:31:00,4577.796,4572.357002394445,SL,-5.718997605555538,6,0.3001622271885054,ml_v3bal_hi3,2026-04
305652,long,2026-04-28 12:30:00,2026-04-28 12:35:00,2026-04-28 12:47:00,4579.116,4593.502604166667,TP,14.106604166666626,12,0.30326992041686696,ml_v3bal_hi3,2026-04
305655,short,2026-04-28 12:45:00,2026-04-28 12:50:00,2026-04-28 13:04:00,4598.904,4584.363364583334,TP,14.260635416666629,14,0.2846854736067285,ml_v3bal_hi3,2026-04
305658,short,2026-04-28 13:00:00,2026-04-28 13:05:00,2026-04-28 13:43:00,4584.063,4589.668126851042,SL,-5.88512685104165,38,0.2757450129007135,ml_v3bal_hi3,2026-04
305666,short,2026-04-28 13:40:00,2026-04-28 13:45:00,2026-04-28 13:46:00,4581.854,4587.645685434028,SL,-6.071685434027752,1,0.2816929179766259,ml_v3bal_hi3,2026-04
305667,short,2026-04-28 13:45:00,2026-04-28 13:50:00,2026-04-28 14:02:00,4586.296,4571.01984375,TP,14.99615624999993,12,0.2794524522241161,ml_v3bal_hi3,2026-04
305720,long,2026-04-28 18:10:00,2026-04-28 18:15:00,2026-04-28 23:10:00,4595.961,4589.902538689236,SL,-6.338461310763865,232,0.2986299045196883,ml_v3bal_hi3,2026-04
305768,long,2026-04-28 23:10:00,2026-04-28 23:15:00,2026-04-29 00:05:00,4591.059,4606.880697916667,TP,15.54169791666658,50,0.3258210971267478,ml_v3bal_hi3,2026-04
305785,long,2026-04-29 00:35:00,2026-04-29 00:40:00,2026-04-29 00:52:00,4602.754,4596.586475075695,SL,-6.447524924305529,12,0.30505875666009874,ml_v3bal_hi3,2026-04
305788,long,2026-04-29 00:50:00,2026-04-29 00:55:00,2026-04-29 01:01:00,4598.205,4592.022157040972,SL,-6.462842959027753,6,0.31130330307311876,ml_v3bal_hi3,2026-04
305790,long,2026-04-29 01:00:00,2026-04-29 01:05:00,2026-04-29 01:08:00,4582.782,4576.517542869445,SL,-6.544457130555533,3,0.3109560777667043,ml_v3bal_hi3,2026-04
305791,long,2026-04-29 01:05:00,2026-04-29 01:10:00,2026-04-29 02:06:00,4581.015,4597.513822916667,TP,16.218822916666614,56,0.3071471472504613,ml_v3bal_hi3,2026-04
305803,long,2026-04-29 02:05:00,2026-04-29 02:10:00,2026-04-29 02:56:00,4598.776,4592.330913080208,SL,-6.725086919791655,46,0.3173309568864809,ml_v3bal_hi3,2026-04
305813,long,2026-04-29 02:55:00,2026-04-29 03:00:00,2026-04-29 06:12:00,4593.552,4587.104230439931,SL,-6.727769560069438,192,0.3169310432448811,ml_v3bal_hi3,2026-04
305852,short,2026-04-29 06:10:00,2026-04-29 06:15:00,2026-04-29 07:26:00,4588.665,4571.613614583333,TP,16.771385416666597,71,0.2712260522086385,ml_v3bal_hi3,2026-04
305867,short,2026-04-29 07:25:00,2026-04-29 07:30:00,2026-04-29 08:36:00,4575.277,4558.679822916667,TP,16.31717708333327,66,0.27517220966486217,ml_v3bal_hi3,2026-04
305881,short,2026-04-29 08:35:00,2026-04-29 08:40:00,2026-04-29 08:44:00,4562.21,4568.464512313194,SL,-6.534512313194422,4,0.26910453736768747,ml_v3bal_hi3,2026-04
305882,short,2026-04-29 08:40:00,2026-04-29 08:45:00,2026-04-29 08:53:00,4568.071,4574.32963548368,SL,-6.538635483680531,8,0.26986724712123233,ml_v3bal_hi3,2026-04
305884,short,2026-04-29 08:50:00,2026-04-29 08:55:00,2026-04-29 09:45:00,4574.716,4558.2701354166675,TP,16.165864583333263,50,0.2754904828415257,ml_v3bal_hi3,2026-04
305895,short,2026-04-29 09:45:00,2026-04-29 09:50:00,2026-04-29 10:10:00,4559.601,4565.773540985417,SL,-6.45254098541664,20,0.2822343038389629,ml_v3bal_hi3,2026-04
305900,short,2026-04-29 10:10:00,2026-04-29 10:15:00,2026-04-29 10:30:00,4567.802,4573.991180498264,SL,-6.469180498263867,15,0.2806419046162222,ml_v3bal_hi3,2026-04
305904,short,2026-04-29 10:30:00,2026-04-29 10:35:00,2026-04-29 12:30:00,4573.105,4556.972020833333,TP,15.852979166666605,115,0.2807731824640919,ml_v3bal_hi3,2026-04
305928,short,2026-04-29 12:30:00,2026-04-29 12:35:00,2026-04-29 13:20:00,4555.205,4539.25109375,TP,15.673906249999922,45,0.2760555299866396,ml_v3bal_hi3,2026-04
305938,short,2026-04-29 13:20:00,2026-04-29 13:25:00,2026-04-29 13:40:00,4538.187,4522.787302083333,TP,15.1196979166666,15,0.284016034414732,ml_v3bal_hi3,2026-04
305942,short,2026-04-29 13:40:00,2026-04-29 13:45:00,2026-04-29 13:53:00,4514.851,4520.739256515624,SL,-6.168256515624972,8,0.28128514550074946,ml_v3bal_hi3,2026-04
305944,short,2026-04-29 13:50:00,2026-04-29 13:55:00,2026-04-29 13:56:00,4520.759,4526.614251309722,SL,-6.135251309722197,1,0.2802845772422345,ml_v3bal_hi3,2026-04
305945,short,2026-04-29 13:55:00,2026-04-29 14:00:00,2026-04-29 14:13:00,4521.873,4527.738509630903,SL,-6.145509630902753,13,0.27116834735937667,ml_v3bal_hi3,2026-04
305957,long,2026-04-29 14:55:00,2026-04-29 15:00:00,2026-04-29 15:40:00,4539.073,4554.030729166667,TP,14.6777291666666,40,0.29495445564895767,ml_v3bal_hi3,2026-04
305966,long,2026-04-29 15:40:00,2026-04-29 15:45:00,2026-04-29 15:53:00,4553.214,4547.642945855208,SL,-5.851054144791641,8,0.2966541614064682,ml_v3bal_hi3,2026-04
305970,long,2026-04-29 16:00:00,2026-04-29 16:05:00,2026-04-29 16:30:00,4562.033,4556.4373576315975,SL,-5.875642368402756,25,0.294927271429959,ml_v3bal_hi3,2026-04
305993,long,2026-04-29 17:55:00,2026-04-29 18:00:00,2026-04-29 18:03:00,4547.369,4541.822438837153,SL,-5.826561162847196,3,0.2959673433823582,ml_v3bal_hi3,2026-04
306001,long,2026-04-29 18:35:00,2026-04-29 18:40:00,2026-04-29 18:44:00,4528.743,4522.977033784376,SL,-6.045966215624975,4,0.29377666006872794,ml_v3bal_hi3,2026-04
306009,long,2026-04-29 19:15:00,2026-04-29 19:20:00,2026-04-29 19:26:00,4547.557,4541.624721992361,SL,-6.212278007638862,6,0.29441168324358724,ml_v3bal_hi3,2026-04
306011,long,2026-04-29 19:25:00,2026-04-29 19:30:00,2026-04-29 23:50:00,4542.9,4558.51428125,TP,15.334281249999949,197,0.2940321331796196,ml_v3bal_hi3,2026-04
306052,long,2026-04-29 23:50:00,2026-04-29 23:55:00,2026-04-30 01:27:00,4557.992,4574.159958333334,TP,15.887958333333332,92,0.31665852463926025,ml_v3bal_hi3,2026-04
306085,long,2026-04-30 02:35:00,2026-04-30 02:40:00,2026-04-30 03:40:00,4563.97,4557.748457177084,SL,-6.501542822916643,60,0.2942355799546227,ml_v3bal_hi3,2026-04
306115,short,2026-04-30 05:05:00,2026-04-30 05:10:00,2026-04-30 05:24:00,4552.422,4558.611124940625,SL,-6.469124940625003,14,0.26918242463544084,ml_v3bal_hi3,2026-04
306118,short,2026-04-30 05:20:00,2026-04-30 05:25:00,2026-04-30 05:35:00,4556.771,4562.971938875694,SL,-6.480938875694443,10,0.2775962051129117,ml_v3bal_hi3,2026-04
306121,short,2026-04-30 05:35:00,2026-04-30 05:40:00,2026-04-30 06:30:00,4565.487,4571.709324598264,SL,-6.502324598263888,50,0.27988376235765294,ml_v3bal_hi3,2026-04
306132,short,2026-04-30 06:30:00,2026-04-30 06:35:00,2026-04-30 06:52:00,4576.714,4583.018299894445,SL,-6.5842998944444515,17,0.27532781901079983,ml_v3bal_hi3,2026-04
306136,short,2026-04-30 06:50:00,2026-04-30 06:55:00,2026-04-30 06:58:00,4583.605,4589.915677117708,SL,-6.59067711770834,3,0.27626526711538735,ml_v3bal_hi3,2026-04
306137,short,2026-04-30 06:55:00,2026-04-30 07:00:00,2026-04-30 07:10:00,4589.338,4595.652177248958,SL,-6.594177248958339,10,0.28423029205985817,ml_v3bal_hi3,2026-04
306140,short,2026-04-30 07:10:00,2026-04-30 07:15:00,2026-04-30 07:47:00,4591.765,4598.071180917362,SL,-6.586180917361115,32,0.28452035041654244,ml_v3bal_hi3,2026-04
306147,long,2026-04-30 07:45:00,2026-04-30 07:50:00,2026-04-30 08:04:00,4600.504,4617.1609375,TP,16.376937499999986,14,0.3061696625267819,ml_v3bal_hi3,2026-04
306150,long,2026-04-30 08:00:00,2026-04-30 08:05:00,2026-04-30 08:06:00,4626.631,4620.155816713542,SL,-6.755183286458332,1,0.2994641575079674,ml_v3bal_hi3,2026-04
306151,long,2026-04-30 08:05:00,2026-04-30 08:10:00,2026-04-30 08:20:00,4619.92,4613.429919329514,SL,-6.770080670486109,10,0.2987971517306084,ml_v3bal_hi3,2026-04
306154,long,2026-04-30 08:20:00,2026-04-30 08:25:00,2026-04-30 10:22:00,4615.299,4632.3626875,TP,16.783687499999985,117,0.30310581060096686,ml_v3bal_hi3,2026-04
306192,long,2026-04-30 11:30:00,2026-04-30 11:35:00,2026-04-30 13:38:00,4630.186,4623.603955563542,SL,-6.862044436458331,123,0.29368446511782814,ml_v3bal_hi3,2026-04
306217,long,2026-04-30 13:35:00,2026-04-30 13:40:00,2026-04-30 13:46:00,4624.025,4617.269472867708,SL,-7.035527132291662,6,0.29399085167477934,ml_v3bal_hi3,2026-04
306219,long,2026-04-30 13:45:00,2026-04-30 13:50:00,2026-04-30 13:54:00,4618.27,4611.484182049306,SL,-7.065817950694436,4,0.30015797428283575,ml_v3bal_hi3,2026-04
306220,long,2026-04-30 13:50:00,2026-04-30 13:55:00,2026-04-30 16:16:00,4613.724,4606.947936383333,SL,-7.056063616666659,141,0.30265585593376043,ml_v3bal_hi3,2026-04
306249,long,2026-04-30 16:15:00,2026-04-30 16:20:00,2026-04-30 19:01:00,4607.875,4625.32028125,TP,17.165281249999953,161,0.3035633811207273,ml_v3bal_hi3,2026-04
306283,long,2026-04-30 19:05:00,2026-04-30 19:10:00,2026-04-30 19:20:00,4625.397,4618.993589246181,SL,-6.683410753819417,10,0.2969069666888732,ml_v3bal_hi3,2026-04
306290,long,2026-04-30 19:40:00,2026-04-30 19:45:00,2026-04-30 19:50:00,4622.427,4616.228672333333,SL,-6.478327666666642,5,0.29477552697037235,ml_v3bal_hi3,2026-04
306306,long,2026-04-30 22:00:00,2026-04-30 22:05:00,2026-05-01 00:13:00,4628.257,4622.292141405555,SL,-6.564858594444422,128,0.3017371026904241,ml_v3bal_hi3,2026-04
306353,short,2026-05-01 01:55:00,2026-05-01 02:00:00,2026-05-01 02:10:00,4620.912,4626.762207469792,SL,-6.130207469791632,10,0.2755273109943438,ml_v3bal_hi3,2026-05
306357,long,2026-05-01 02:15:00,2026-05-01 02:20:00,2026-05-01 02:35:00,4633.781,4627.897723829861,SL,-6.163276170138856,15,0.3163462655505049,ml_v3bal_hi3,2026-05
306361,short,2026-05-01 02:35:00,2026-05-01 02:40:00,2026-05-01 04:32:00,4628.289,4613.006322916666,TP,15.002677083333273,112,0.27464602306260444,ml_v3bal_hi3,2026-05
306420,short,2026-05-01 07:30:00,2026-05-01 07:35:00,2026-05-01 08:19:00,4585.933,4570.9818125,TP,14.67118749999993,44,0.27771963620258405,ml_v3bal_hi3,2026-05
306429,short,2026-05-01 08:15:00,2026-05-01 08:20:00,2026-05-01 11:41:00,4571.787,4577.455506211806,SL,-5.948506211805523,201,0.2883357971819424,ml_v3bal_hi3,2026-05
306470,short,2026-05-01 11:40:00,2026-05-01 11:45:00,2026-05-01 12:13:00,4575.701,4580.962677464237,SL,-5.541677464236075,28,0.27740322574250054,ml_v3bal_hi3,2026-05
306482,long,2026-05-01 12:40:00,2026-05-01 12:45:00,2026-05-01 13:30:00,4591.705,4586.39868594132,SL,-5.586314058680518,45,0.31677293228628894,ml_v3bal_hi3,2026-05
306493,long,2026-05-01 13:35:00,2026-05-01 13:40:00,2026-05-01 13:54:00,4602.51,4616.346020833334,TP,13.556020833333246,14,0.32707967313665776,ml_v3bal_hi3,2026-05
306513,long,2026-05-01 15:15:00,2026-05-01 15:20:00,2026-05-01 15:50:00,4639.103,4633.610492451389,SL,-5.772507548611085,30,0.3354704242344534,ml_v3bal_hi3,2026-05
306546,short,2026-05-01 18:00:00,2026-05-01 18:05:00,2026-05-01 19:52:00,4624.636,4610.438041666667,TP,13.917958333333305,107,0.2753082439447769,ml_v3bal_hi3,2026-05
306573,long,2026-05-01 20:15:00,2026-05-01 20:20:00,2026-05-03 22:03:00,4610.049,4624.358385416666,TP,14.029385416666639,38,0.3151086317635061,ml_v3bal_hi3,2026-05
306584,short,2026-05-03 22:10:00,2026-05-03 22:15:00,2026-05-03 22:43:00,4623.094,4628.592749846181,SL,-5.778749846180555,28,0.2774879752519954,ml_v3bal_hi3,2026-05
306590,short,2026-05-03 22:40:00,2026-05-03 22:45:00,2026-05-03 23:08:00,4628.232,4613.599854166667,TP,14.352145833333312,23,0.28683278391666917,ml_v3bal_hi3,2026-05
306595,short,2026-05-03 23:05:00,2026-05-03 23:10:00,2026-05-04 01:04:00,4615.524,4600.84525,TP,14.398749999999952,114,0.2747625861635715,ml_v3bal_hi3,2026-05
306635,short,2026-05-04 02:25:00,2026-05-04 02:30:00,2026-05-04 02:37:00,4593.158,4599.082583274653,SL,-6.2045832746527685,7,0.27500210967141253,ml_v3bal_hi3,2026-05
306651,short,2026-05-04 03:45:00,2026-05-04 03:50:00,2026-05-04 03:58:00,4610.047,4616.032668898611,SL,-6.265668898611109,8,0.2758390841052897,ml_v3bal_hi3,2026-05
306653,short,2026-05-04 03:55:00,2026-05-04 04:00:00,2026-05-04 05:27:00,4614.949,4599.199708333333,TP,15.469291666666665,87,0.27552057482757886,ml_v3bal_hi3,2026-05
306676,short,2026-05-04 05:50:00,2026-05-04 05:55:00,2026-05-04 07:53:00,4598.244,4582.164989583333,TP,15.799010416666688,118,0.2747034837561906,ml_v3bal_hi3,2026-05
306700,short,2026-05-04 07:50:00,2026-05-04 07:55:00,2026-05-04 10:02:00,4582.183,4565.6847708333335,TP,16.218229166666703,127,0.2787056116550706,ml_v3bal_hi3,2026-05
306726,short,2026-05-04 10:00:00,2026-05-04 10:05:00,2026-05-04 10:07:00,4560.328,4543.934625000001,TP,16.11337500000003,2,0.28615289160118884,ml_v3bal_hi3,2026-05
306727,short,2026-05-04 10:05:00,2026-05-04 10:10:00,2026-05-04 10:22:00,4547.243,4530.7020625000005,TP,16.260937500000033,12,0.2806599707129833,ml_v3bal_hi3,2026-05
306730,short,2026-05-04 10:20:00,2026-05-04 10:25:00,2026-05-04 10:26:00,4536.166,4542.564489934375,SL,-6.678489934375009,1,0.2789439780341889,ml_v3bal_hi3,2026-05
306731,short,2026-05-04 10:25:00,2026-05-04 10:30:00,2026-05-04 10:32:00,4544.843,4551.263256623611,SL,-6.700256623611119,2,0.2840947849340049,ml_v3bal_hi3,2026-05
306732,short,2026-05-04 10:30:00,2026-05-04 10:35:00,2026-05-04 10:41:00,4557.607,4564.070603487153,SL,-6.743603487152789,6,0.28071449563482653,ml_v3bal_hi3,2026-05
306734,short,2026-05-04 10:40:00,2026-05-04 10:45:00,2026-05-04 10:47:00,4558.653,4565.148374519792,SL,-6.775374519791675,2,0.27825690973474704,ml_v3bal_hi3,2026-05
306736,short,2026-05-04 10:50:00,2026-05-04 10:55:00,2026-05-04 11:01:00,4561.914,4568.414509632986,SL,-6.780509632986119,6,0.2764624539418291,ml_v3bal_hi3,2026-05
306738,short,2026-05-04 11:00:00,2026-05-04 11:05:00,2026-05-04 11:18:00,4562.734,4569.257454937848,SL,-6.803454937847226,13,0.2752304317314008,ml_v3bal_hi3,2026-05
306743,short,2026-05-04 11:25:00,2026-05-04 11:30:00,2026-05-04 12:16:00,4562.248,4568.806682449305,SL,-6.838682449305562,46,0.27493232820463887,ml_v3bal_hi3,2026-05
306776,long,2026-05-04 14:10:00,2026-05-04 14:15:00,2026-05-04 14:22:00,4559.971,4577.781104166666,TP,17.530104166666707,7,0.3195418925053549,ml_v3bal_hi3,2026-05
306778,long,2026-05-04 14:20:00,2026-05-04 14:25:00,2026-05-04 14:49:00,4576.626,4569.7741716375,SL,-7.131828362500016,24,0.3402402724054341,ml_v3bal_hi3,2026-05
306784,long,2026-05-04 14:50:00,2026-05-04 14:55:00,2026-05-04 14:59:00,4570.391,4563.631806063541,SL,-7.03919393645835,4,0.3183278788017166,ml_v3bal_hi3,2026-05
306786,long,2026-05-04 15:00:00,2026-05-04 15:05:00,2026-05-04 15:12:00,4561.199,4554.461552910763,SL,-7.017447089236134,7,0.31630644088106963,ml_v3bal_hi3,2026-05
306789,long,2026-05-04 15:15:00,2026-05-04 15:20:00,2026-05-04 15:21:00,4540.459,4533.757498703125,SL,-6.981501296875022,1,0.32478751426151936,ml_v3bal_hi3,2026-05
306823,long,2026-05-04 18:05:00,2026-05-04 18:10:00,2026-05-04 18:27:00,4519.177,4512.130886574305,SL,-7.326113425694456,17,0.325572006534502,ml_v3bal_hi3,2026-05
306827,long,2026-05-04 18:25:00,2026-05-04 18:30:00,2026-05-05 01:02:00,4512.012,4530.510166666666,TP,18.21816666666669,329,0.32145897148919,ml_v3bal_hi3,2026-05
306931,long,2026-05-05 04:05:00,2026-05-05 04:10:00,2026-05-05 05:35:00,4533.544,4550.465625,TP,16.641624999999983,85,0.31865410557713536,ml_v3bal_hi3,2026-05
306973,short,2026-05-05 07:35:00,2026-05-05 07:40:00,2026-05-05 11:42:00,4554.555,4560.847739937153,SL,-6.572739937152765,242,0.27610281937058456,ml_v3bal_hi3,2026-05
307022,short,2026-05-05 11:40:00,2026-05-05 11:45:00,2026-05-05 12:23:00,4563.251,4569.285813598612,SL,-6.31481359861112,38,0.29124278910421,ml_v3bal_hi3,2026-05
307030,short,2026-05-05 12:20:00,2026-05-05 12:25:00,2026-05-05 13:08:00,4571.858,4577.916572426042,SL,-6.338572426041679,43,0.2835287799769625,ml_v3bal_hi3,2026-05
307041,short,2026-05-05 13:15:00,2026-05-05 13:20:00,2026-05-05 16:03:00,4581.104,4565.21765625,TP,15.606343750000056,163,0.28112110244407995,ml_v3bal_hi3,2026-05
307074,short,2026-05-05 16:00:00,2026-05-05 16:05:00,2026-05-05 19:58:00,4567.117,4552.070520833334,TP,14.766479166666663,233,0.27856626933733475,ml_v3bal_hi3,2026-05
307139,long,2026-05-05 22:25:00,2026-05-05 22:30:00,2026-05-05 22:55:00,4546.806,4559.132124999999,TP,12.04612500000003,25,0.31809207203354806,ml_v3bal_hi3,2026-05
307147,long,2026-05-05 23:05:00,2026-05-05 23:10:00,2026-05-05 23:49:00,4579.321,4591.940729166667,TP,12.339729166666691,39,0.3254402347253633,ml_v3bal_hi3,2026-05
307155,long,2026-05-05 23:45:00,2026-05-05 23:50:00,2026-05-06 00:16:00,4593.503,4588.563842566319,SL,-5.219157433680567,26,0.34923264393196857,ml_v3bal_hi3,2026-05
307161,long,2026-05-06 00:15:00,2026-05-06 00:20:00,2026-05-06 00:35:00,4596.194,4609.336864583333,TP,12.862864583333364,15,0.32656404038431835,ml_v3bal_hi3,2026-05
307208,long,2026-05-06 04:10:00,2026-05-06 04:15:00,2026-05-06 05:58:00,4647.653,4661.271343750001,TP,13.338343750000018,103,0.3273499079182012,ml_v3bal_hi3,2026-05
307244,long,2026-05-06 07:10:00,2026-05-06 07:15:00,2026-05-06 07:45:00,4658.718,4672.832020833333,TP,13.834020833333325,30,0.3513052394045015,ml_v3bal_hi3,2026-05
307260,long,2026-05-06 08:30:00,2026-05-06 08:35:00,2026-05-06 08:50:00,4676.085,4690.2498958333335,TP,13.884895833333344,15,0.3435834863712812,ml_v3bal_hi3,2026-05
307278,long,2026-05-06 10:00:00,2026-05-06 10:05:00,2026-05-06 10:44:00,4700.806,4715.638,TP,14.551999999999966,39,0.31733767157443726,ml_v3bal_hi3,2026-05
307290,long,2026-05-06 11:00:00,2026-05-06 11:05:00,2026-05-06 11:29:00,4713.498,4707.726589135764,SL,-6.051410864236091,24,0.3240735392927163,ml_v3bal_hi3,2026-05
307295,long,2026-05-06 11:25:00,2026-05-06 11:30:00,2026-05-06 11:43:00,4705.456,4699.6273925465275,SL,-6.1086074534722075,13,0.318533712288722,ml_v3bal_hi3,2026-05
307298,long,2026-05-06 11:40:00,2026-05-06 11:45:00,2026-05-06 11:57:00,4699.727,4693.848593060069,SL,-6.158406939930549,12,0.3411686866825726,ml_v3bal_hi3,2026-05
307301,long,2026-05-06 11:55:00,2026-05-06 12:00:00,2026-05-06 12:01:00,4692.146,4686.238461015278,SL,-6.187538984722213,1,0.3290608601716981,ml_v3bal_hi3,2026-05
307304,long,2026-05-06 12:10:00,2026-05-06 12:15:00,2026-05-06 12:18:00,4673.057,4667.08694676632,SL,-6.250053233680549,3,0.31604593233539996,ml_v3bal_hi3,2026-05
307305,long,2026-05-06 12:15:00,2026-05-06 12:20:00,2026-05-06 12:27:00,4670.409,4686.190677083333,TP,15.501677083333316,7,0.31563842554234783,ml_v3bal_hi3,2026-05
307312,long,2026-05-06 12:50:00,2026-05-06 12:55:00,2026-05-06 13:08:00,4677.275,4671.2089153874995,SL,-6.346084612499995,13,0.31795239117526364,ml_v3bal_hi3,2026-05
307340,long,2026-05-06 15:10:00,2026-05-06 15:15:00,2026-05-06 15:42:00,4696.777,4690.492875465277,SL,-6.564124534722201,27,0.33092657557928973,ml_v3bal_hi3,2026-05
307346,long,2026-05-06 15:40:00,2026-05-06 15:45:00,2026-05-06 16:00:00,4692.622,4686.390250445139,SL,-6.511749554861096,15,0.35041926759417275,ml_v3bal_hi3,2026-05
307353,long,2026-05-06 16:15:00,2026-05-06 16:20:00,2026-05-06 23:23:00,4684.593,4693.559,TIMEOUT,8.68600000000035,360,0.3159222157516457,ml_v3bal_hi3,2026-05
307426,long,2026-05-06 23:20:00,2026-05-06 23:25:00,2026-05-07 00:42:00,4693.768,4687.476756150694,SL,-6.571243849305533,77,0.3686108736908405,ml_v3bal_hi3,2026-05
307453,long,2026-05-07 01:35:00,2026-05-07 01:40:00,2026-05-07 02:12:00,4712.875,4706.627487949306,SL,-6.527512050694424,32,0.32853718099987345,ml_v3bal_hi3,2026-05
307461,long,2026-05-07 02:15:00,2026-05-07 02:20:00,2026-05-07 02:30:00,4706.27,4700.003276911459,SL,-6.546723088541648,10,0.32278771400489137,ml_v3bal_hi3,2026-05
307464,short,2026-05-07 02:30:00,2026-05-07 02:35:00,2026-05-07 02:47:00,4701.194,4707.443408947222,SL,-6.529408947222202,12,0.2774363142768451,ml_v3bal_hi3,2026-05
307470,long,2026-05-07 03:00:00,2026-05-07 03:05:00,2026-05-07 03:31:00,4709.434,4703.193809652431,SL,-6.520190347569423,26,0.33181122906463656,ml_v3bal_hi3,2026-05
307494,short,2026-05-07 05:00:00,2026-05-07 05:05:00,2026-05-07 05:52:00,4700.065,4706.19153132361,SL,-6.406531323611099,47,0.2762373550381467,ml_v3bal_hi3,2026-05
307505,short,2026-05-07 05:55:00,2026-05-07 06:00:00,2026-05-07 06:02:00,4701.258,4707.382555059027,SL,-6.4045550590277704,2,0.27499493079970216,ml_v3bal_hi3,2026-05
307507,short,2026-05-07 06:05:00,2026-05-07 06:10:00,2026-05-07 06:21:00,4707.579,4713.699173942361,SL,-6.4001739423611035,11,0.2758300317969129,ml_v3bal_hi3,2026-05
307510,long,2026-05-07 06:20:00,2026-05-07 06:25:00,2026-05-07 06:32:00,4713.345,4729.407041666667,TP,15.78204166666666,7,0.3624084405004422,ml_v3bal_hi3,2026-05
307512,long,2026-05-07 06:30:00,2026-05-07 06:35:00,2026-05-07 06:43:00,4732.84,4749.023260416667,TP,15.903260416666656,8,0.3301472918217764,ml_v3bal_hi3,2026-05
307514,long,2026-05-07 06:40:00,2026-05-07 06:45:00,2026-05-07 06:47:00,4746.035,4739.820810627431,SL,-6.494189372569442,2,0.34323814175498957,ml_v3bal_hi3,2026-05
307517,long,2026-05-07 06:55:00,2026-05-07 07:00:00,2026-05-07 07:04:00,4739.274,4733.06415206007,SL,-6.489847939930557,4,0.3161121406357296,ml_v3bal_hi3,2026-05
307519,long,2026-05-07 07:05:00,2026-05-07 07:10:00,2026-05-07 07:27:00,4744.606,4738.371194775,SL,-6.514805225000001,17,0.3192467801972715,ml_v3bal_hi3,2026-05
307550,short,2026-05-07 09:40:00,2026-05-07 09:45:00,2026-05-07 12:00:00,4737.605,4743.905918815277,SL,-6.580918815277778,135,0.27515988521937884,ml_v3bal_hi3,2026-05
307582,short,2026-05-07 12:20:00,2026-05-07 12:25:00,2026-05-07 12:30:00,4735.657,4741.6146440381945,SL,-6.237644038194453,5,0.27463110570625604,ml_v3bal_hi3,2026-05
307596,long,2026-05-07 13:30:00,2026-05-07 13:35:00,2026-05-07 13:40:00,4755.753,4749.888145155555,SL,-6.144854844444441,5,0.3206575610513296,ml_v3bal_hi3,2026-05
307601,long,2026-05-07 13:55:00,2026-05-07 14:00:00,2026-05-07 14:54:00,4746.028,4761.5003125,TP,15.192312499999996,54,0.32145249954882843,ml_v3bal_hi3,2026-05
307612,long,2026-05-07 14:50:00,2026-05-07 14:55:00,2026-05-07 15:14:00,4760.542,4754.775232167014,SL,-6.04676783298612,19,0.33906744134554306,ml_v3bal_hi3,2026-05
307616,long,2026-05-07 15:10:00,2026-05-07 15:15:00,2026-05-07 15:24:00,4754.953,4749.229900471181,SL,-6.003099528819457,9,0.32509816545001147,ml_v3bal_hi3,2026-05
307618,long,2026-05-07 15:20:00,2026-05-07 15:25:00,2026-05-07 15:26:00,4747.239,4741.5141146899305,SL,-6.004885310069464,1,0.3186779231907899,ml_v3bal_hi3,2026-05
307619,long,2026-05-07 15:25:00,2026-05-07 15:30:00,2026-05-07 15:49:00,4740.199,4734.46018559618,SL,-6.01881440381946,19,0.32896868215997793,ml_v3bal_hi3,2026-05
307628,long,2026-05-07 16:10:00,2026-05-07 16:15:00,2026-05-07 16:18:00,4715.262,4709.518546533333,SL,-6.02345346666669,3,0.3177614128817112,ml_v3bal_hi3,2026-05
307633,long,2026-05-07 16:35:00,2026-05-07 16:40:00,2026-05-07 17:19:00,4711.93,4706.116690739236,SL,-6.093309260763912,39,0.32076586690052833,ml_v3bal_hi3,2026-05
307641,long,2026-05-07 17:15:00,2026-05-07 17:20:00,2026-05-07 17:26:00,4706.498,4700.63170859375,SL,-6.146291406250018,6,0.32396491397865534,ml_v3bal_hi3,2026-05
307666,short,2026-05-07 19:20:00,2026-05-07 19:25:00,2026-05-07 19:34:00,4700.562,4706.897185973264,SL,-6.615185973263908,9,0.27514907794794774,ml_v3bal_hi3,2026-05
307668,long,2026-05-07 19:30:00,2026-05-07 19:35:00,2026-05-07 20:37:00,4707.832,4701.460907918403,SL,-6.651092081597244,62,0.3149790133946321,ml_v3bal_hi3,2026-05
307682,long,2026-05-07 20:40:00,2026-05-07 20:45:00,2026-05-07 20:53:00,4703.586,4697.024436490278,SL,-6.841563509722249,8,0.3171232720865663,ml_v3bal_hi3,2026-05
307690,short,2026-05-07 22:20:00,2026-05-07 22:25:00,2026-05-07 23:50:00,4696.462,4703.163239382292,SL,-7.061239382291705,85,0.2774396649395485,ml_v3bal_hi3,2026-05
307708,short,2026-05-07 23:50:00,2026-05-07 23:55:00,2026-05-08 01:01:00,4703.447,4710.2118251,SL,-7.0448251000000415,66,0.2788169668700614,ml_v3bal_hi3,2026-05
307722,long,2026-05-08 01:00:00,2026-05-08 01:05:00,2026-05-08 01:37:00,4713.111,4706.149246880555,SL,-7.241753119444482,32,0.3396563969653572,ml_v3bal_hi3,2026-05
307729,long,2026-05-08 01:35:00,2026-05-08 01:40:00,2026-05-08 02:03:00,4708.226,4726.564854166666,TP,18.058854166666777,23,0.325031881457684,ml_v3bal_hi3,2026-05
307734,long,2026-05-08 02:00:00,2026-05-08 02:05:00,2026-05-08 02:13:00,4731.276,4724.2795352614585,SL,-7.276464738541713,8,0.328530463583256,ml_v3bal_hi3,2026-05
307736,short,2026-05-08 02:10:00,2026-05-08 02:15:00,2026-05-08 05:56:00,4724.145,4731.100677494792,SL,-7.2356774947917115,221,0.27514906953484103,ml_v3bal_hi3,2026-05
307781,short,2026-05-08 05:55:00,2026-05-08 06:00:00,2026-05-08 06:28:00,4727.28,4734.343459314236,SL,-7.343459314236163,28,0.2752546140275276,ml_v3bal_hi3,2026-05
307793,long,2026-05-08 06:55:00,2026-05-08 07:00:00,2026-05-08 07:12:00,4725.449,4718.252722213194,SL,-7.476277786805596,12,0.3159187038960509,ml_v3bal_hi3,2026-05
307810,short,2026-05-08 08:20:00,2026-05-08 08:25:00,2026-05-08 10:38:00,4719.838,4726.936214585764,SL,-7.378214585763911,133,0.284616203266589,ml_v3bal_hi3,2026-05
307837,short,2026-05-08 10:35:00,2026-05-08 10:40:00,2026-05-08 12:10:00,4726.828,4708.46271875,TP,18.085281250000047,90,0.2885602148180125,ml_v3bal_hi3,2026-05
307856,short,2026-05-08 12:10:00,2026-05-08 12:15:00,2026-05-08 12:30:00,4704.577,4711.594342505556,SL,-7.297342505555582,15,0.2804711656197884,ml_v3bal_hi3,2026-05
307860,short,2026-05-08 12:30:00,2026-05-08 12:35:00,2026-05-08 12:44:00,4723.167,4730.266488443056,SL,-7.379488443055584,9,0.28839887841406253,ml_v3bal_hi3,2026-05
307862,short,2026-05-08 12:40:00,2026-05-08 12:45:00,2026-05-08 12:54:00,4724.147,4731.275795097569,SL,-7.408795097569478,9,0.28839887841406253,ml_v3bal_hi3,2026-05
307864,short,2026-05-08 12:50:00,2026-05-08 12:55:00,2026-05-08 13:32:00,4730.616,4737.783475119444,SL,-7.447475119444472,37,0.2863836767082331,ml_v3bal_hi3,2026-05
307872,short,2026-05-08 13:30:00,2026-05-08 13:35:00,2026-05-08 13:57:00,4738.89,4746.0982782368055,SL,-7.488278236805583,22,0.28557349386388337,ml_v3bal_hi3,2026-05
307877,short,2026-05-08 13:55:00,2026-05-08 14:00:00,2026-05-08 14:08:00,4748.007,4728.980020833333,TP,18.746979166666762,8,0.28270456573112623,ml_v3bal_hi3,2026-05
307879,short,2026-05-08 14:05:00,2026-05-08 14:10:00,2026-05-08 14:16:00,4726.647,4733.926927748958,SL,-7.5599277489583665,6,0.27705817663771215,ml_v3bal_hi3,2026-05
307881,short,2026-05-08 14:15:00,2026-05-08 14:20:00,2026-05-08 15:14:00,4727.729,4708.590166666667,TP,18.858833333333422,54,0.2774464520520942,ml_v3bal_hi3,2026-05
307913,short,2026-05-08 16:55:00,2026-05-08 17:00:00,2026-05-08 17:19:00,4712.158,4719.293005647917,SL,-7.415005647916695,19,0.27674414068020126,ml_v3bal_hi3,2026-05
307917,short,2026-05-08 17:15:00,2026-05-08 17:20:00,2026-05-08 18:00:00,4718.507,4725.556423073611,SL,-7.329423073611137,40,0.2806964363774743,ml_v3bal_hi3,2026-05
307926,short,2026-05-08 18:00:00,2026-05-08 18:05:00,2026-05-10 22:02:00,4726.308,4708.134989583334,TP,17.893010416666726,173,0.280898904037329,ml_v3bal_hi3,2026-05
307963,short,2026-05-10 22:05:00,2026-05-10 22:10:00,2026-05-10 22:12:00,4688.317,4694.58702083125,SL,-6.630020831250022,2,0.27627329213240776,ml_v3bal_hi3,2026-05
307964,short,2026-05-10 22:10:00,2026-05-10 22:15:00,2026-05-10 22:28:00,4687.392,4693.686113004514,SL,-6.65411300451391,13,0.2858494170052217,ml_v3bal_hi3,2026-05
307967,short,2026-05-10 22:25:00,2026-05-10 22:30:00,2026-05-11 00:17:00,4694.525,4677.883562499999,TP,16.281437500000063,107,0.28770049784028107,ml_v3bal_hi3,2026-05
307989,short,2026-05-11 00:15:00,2026-05-11 00:20:00,2026-05-11 00:22:00,4677.718,4683.886505119792,SL,-6.448505119791685,2,0.2873909576820295,ml_v3bal_hi3,2026-05
307990,short,2026-05-11 00:20:00,2026-05-11 00:25:00,2026-05-11 00:31:00,4684.386,4690.57654562882,SL,-6.470545628819465,6,0.2887591367344001,ml_v3bal_hi3,2026-05
307992,short,2026-05-11 00:30:00,2026-05-11 00:35:00,2026-05-11 00:52:00,4693.067,4676.723645833334,TP,16.063354166666727,17,0.2859859237547422,ml_v3bal_hi3,2026-05
307996,short,2026-05-11 00:50:00,2026-05-11 00:55:00,2026-05-11 01:04:00,4682.303,4688.630011063541,SL,-6.607011063541695,9,0.28368271786690014,ml_v3bal_hi3,2026-05
307998,short,2026-05-11 01:00:00,2026-05-11 01:05:00,2026-05-11 01:06:00,4691.014,4697.425379306597,SL,-6.691379306597255,1,0.2787421529010192,ml_v3bal_hi3,2026-05
307999,short,2026-05-11 01:05:00,2026-05-11 01:10:00,2026-05-11 01:20:00,4691.108,4697.536157713542,SL,-6.7081577135417,10,0.27821495678745867,ml_v3bal_hi3,2026-05
308002,short,2026-05-11 01:20:00,2026-05-11 01:25:00,2026-05-11 01:51:00,4702.957,4686.02721875,TP,16.649781250000093,26,0.2758332124486158,ml_v3bal_hi3,2026-05
308008,short,2026-05-11 01:50:00,2026-05-11 01:55:00,2026-05-11 02:31:00,4686.714,4693.173516032291,SL,-6.739516032291693,36,0.2810305066209021,ml_v3bal_hi3,2026-05
308016,short,2026-05-11 02:30:00,2026-05-11 02:35:00,2026-05-11 02:37:00,4692.064,4698.512725945139,SL,-6.7287259451389,2,0.2781686559693689,ml_v3bal_hi3,2026-05
308017,short,2026-05-11 02:35:00,2026-05-11 02:40:00,2026-05-11 02:51:00,4698.925,4681.98071875,TP,16.664281250000027,11,0.2783449785264349,ml_v3bal_hi3,2026-05
308020,short,2026-05-11 02:50:00,2026-05-11 02:55:00,2026-05-11 03:11:00,4680.577,4687.070727632639,SL,-6.773727632638901,16,0.28108468120511526,ml_v3bal_hi3,2026-05
308024,short,2026-05-11 03:10:00,2026-05-11 03:15:00,2026-05-11 04:30:00,4687.032,4669.986958333334,TP,16.76504166666669,75,0.282975458276881,ml_v3bal_hi3,2026-05
308040,short,2026-05-11 04:30:00,2026-05-11 04:35:00,2026-05-11 05:35:00,4672.949,4679.383709546528,SL,-6.714709546527778,60,0.28589860405076517,ml_v3bal_hi3,2026-05
308053,short,2026-05-11 05:35:00,2026-05-11 05:40:00,2026-05-11 05:51:00,4674.135,4657.210333333333,TP,16.644666666666694,11,0.2812190066747274,ml_v3bal_hi3,2026-05
308056,short,2026-05-11 05:50:00,2026-05-11 05:55:00,2026-05-11 06:08:00,4654.665,4661.167041436458,SL,-6.782041436458343,13,0.2873009072144223,ml_v3bal_hi3,2026-05
308059,short,2026-05-11 06:05:00,2026-05-11 06:10:00,2026-05-11 06:17:00,4662.519,4669.061721533333,SL,-6.82272153333334,7,0.2839362680736889,ml_v3bal_hi3,2026-05
308062,short,2026-05-11 06:20:00,2026-05-11 06:25:00,2026-05-11 06:38:00,4667.176,4673.740599337848,SL,-6.844599337847236,13,0.2784079968754162,ml_v3bal_hi3,2026-05
308085,long,2026-05-11 08:15:00,2026-05-11 08:20:00,2026-05-11 08:50:00,4675.097,4668.643420698264,SL,-6.733579301736129,30,0.32593312049107226,ml_v3bal_hi3,2026-05
308098,short,2026-05-11 09:20:00,2026-05-11 09:25:00,2026-05-11 10:25:00,4659.232,4665.572305212847,SL,-6.620305212847248,60,0.28212064120642477,ml_v3bal_hi3,2026-05
308111,short,2026-05-11 10:25:00,2026-05-11 10:30:00,2026-05-11 11:03:00,4663.524,4669.8893101187505,SL,-6.645310118750024,33,0.2749286066675183,ml_v3bal_hi3,2026-05
308150,long,2026-05-11 13:40:00,2026-05-11 13:45:00,2026-05-11 13:49:00,4743.573,4737.075788109722,SL,-6.777211890277789,4,0.35145429452918153,ml_v3bal_hi3,2026-05
308153,long,2026-05-11 13:55:00,2026-05-11 14:00:00,2026-05-11 14:03:00,4736.326,4729.8396139125,SL,-6.766386087500007,3,0.3342788024668848,ml_v3bal_hi3,2026-05
308167,short,2026-05-11 15:05:00,2026-05-11 15:10:00,2026-05-11 15:22:00,4728.709,4735.1680993499995,SL,-6.739099350000006,12,0.275126493763735,ml_v3bal_hi3,2026-05
308170,long,2026-05-11 15:20:00,2026-05-11 15:25:00,2026-05-11 15:35:00,4736.718,4730.294806758333,SL,-6.70319324166667,10,0.34018141401589413,ml_v3bal_hi3,2026-05
308173,short,2026-05-11 15:35:00,2026-05-11 15:40:00,2026-05-11 16:42:00,4730.522,4713.819770833334,TP,16.422229166666693,62,0.2754652851660394,ml_v3bal_hi3,2026-05
308186,short,2026-05-11 16:40:00,2026-05-11 16:45:00,2026-05-11 17:00:00,4711.334,4717.560789051388,SL,-6.506789051388902,15,0.27621472711403106,ml_v3bal_hi3,2026-05
308192,short,2026-05-11 17:10:00,2026-05-11 17:15:00,2026-05-11 17:44:00,4718.148,4724.333033517361,SL,-6.4650335173611175,29,0.2770543749819332,ml_v3bal_hi3,2026-05
308205,short,2026-05-11 18:15:00,2026-05-11 18:20:00,2026-05-11 18:37:00,4723.247,4729.419386217709,SL,-6.45238621770834,17,0.2753588306800091,ml_v3bal_hi3,2026-05
308209,short,2026-05-11 18:35:00,2026-05-11 18:40:00,2026-05-11 19:54:00,4726.954,4733.1277196010415,SL,-6.453719601041678,74,0.27515975506103363,ml_v3bal_hi3,2026-05
308238,long,2026-05-11 22:00:00,2026-05-11 22:05:00,2026-05-11 23:31:00,4740.813,4757.145125,TP,15.832125000000048,86,0.3302691484028062,ml_v3bal_hi3,2026-05
308256,long,2026-05-11 23:30:00,2026-05-11 23:35:00,2026-05-12 00:17:00,4755.749,4771.745364583333,TP,15.71636458333336,42,0.33106867493636705,ml_v3bal_hi3,2026-05
308323,long,2026-05-12 05:05:00,2026-05-12 05:10:00,2026-05-12 06:00:00,4711.315,4705.389182552083,SL,-6.205817447916671,50,0.3307392589395537,ml_v3bal_hi3,2026-05
308361,long,2026-05-12 08:15:00,2026-05-12 08:20:00,2026-05-12 10:32:00,4699.153,4693.216416275348,SL,-6.21658372465278,132,0.3155521339856684,ml_v3bal_hi3,2026-05
308401,short,2026-05-12 11:35:00,2026-05-12 11:40:00,2026-05-12 12:46:00,4704.207,4710.196375386806,SL,-6.269375386805572,66,0.27562545029312924,ml_v3bal_hi3,2026-05
308415,short,2026-05-12 12:45:00,2026-05-12 12:50:00,2026-05-12 13:13:00,4707.387,4691.239624999999,TP,15.867375000000058,23,0.27547138177822605,ml_v3bal_hi3,2026-05
308421,short,2026-05-12 13:15:00,2026-05-12 13:20:00,2026-05-12 13:22:00,4685.502,4691.762353802083,SL,-6.540353802083356,2,0.2756542413447386,ml_v3bal_hi3,2026-05
308422,short,2026-05-12 13:20:00,2026-05-12 13:25:00,2026-05-12 13:39:00,4691.026,4697.231716832639,SL,-6.485716832638912,14,0.2768629204326152,ml_v3bal_hi3,2026-05
308425,short,2026-05-12 13:35:00,2026-05-12 13:40:00,2026-05-12 13:58:00,4697.988,4681.605322916667,TP,16.10267708333338,18,0.2794846020276677,ml_v3bal_hi3,2026-05
308429,long,2026-05-12 13:55:00,2026-05-12 14:00:00,2026-05-12 14:33:00,4679.363,4673.091133861459,SL,-6.551866138541684,33,0.33092027703390386,ml_v3bal_hi3,2026-05
308436,long,2026-05-12 14:30:00,2026-05-12 14:35:00,2026-05-12 14:49:00,4684.44,4678.174832525347,SL,-6.545167474652799,14,0.32057668005176565,ml_v3bal_hi3,2026-05
308439,long,2026-05-12 14:45:00,2026-05-12 14:50:00,2026-05-12 14:51:00,4678.498,4672.271937166319,SL,-6.506062833680583,1,0.3149549404432474,ml_v3bal_hi3,2026-05
308440,long,2026-05-12 14:50:00,2026-05-12 14:55:00,2026-05-12 14:57:00,4676.74,4670.511861691666,SL,-6.508138308333361,2,0.32086207529777383,ml_v3bal_hi3,2026-05
308442,long,2026-05-12 15:00:00,2026-05-12 15:05:00,2026-05-12 15:17:00,4669.61,4663.386687269444,SL,-6.503312730555587,12,0.31744057944389537,ml_v3bal_hi3,2026-05
308512,long,2026-05-12 20:50:00,2026-05-12 20:55:00,2026-05-13 01:07:00,4713.688,4707.4002681871525,SL,-6.5677318128472315,190,0.3314017554657286,ml_v3bal_hi3,2026-05
308598,short,2026-05-13 05:00:00,2026-05-13 05:05:00,2026-05-13 06:09:00,4706.669,4712.732417845833,SL,-6.343417845833344,64,0.2821576786980893,ml_v3bal_hi3,2026-05
308611,short,2026-05-13 06:05:00,2026-05-13 06:10:00,2026-05-13 08:28:00,4710.525,4694.65965625,TP,15.585343750000023,138,0.28224397561735903,ml_v3bal_hi3,2026-05
308643,short,2026-05-13 08:45:00,2026-05-13 08:50:00,2026-05-13 10:08:00,4697.59,4703.444298893056,SL,-6.13429889305555,78,0.2769081194931663,ml_v3bal_hi3,2026-05
308659,short,2026-05-13 10:05:00,2026-05-13 10:10:00,2026-05-13 11:03:00,4708.539,4693.0671875,TP,15.19181249999996,53,0.27665334253630963,ml_v3bal_hi3,2026-05
308671,short,2026-05-13 11:05:00,2026-05-13 11:10:00,2026-05-13 11:17:00,4694.399,4700.241322253472,SL,-6.122322253472197,7,0.2771389072678443,ml_v3bal_hi3,2026-05
308673,short,2026-05-13 11:15:00,2026-05-13 11:20:00,2026-05-13 11:35:00,4698.163,4703.999254565624,SL,-6.116254565624974,15,0.286346471919251,ml_v3bal_hi3,2026-05
308677,short,2026-05-13 11:35:00,2026-05-13 11:40:00,2026-05-13 12:16:00,4704.679,4689.4843125,TP,14.91468749999994,36,0.27576197621021853,ml_v3bal_hi3,2026-05
308698,short,2026-05-13 13:20:00,2026-05-13 13:25:00,2026-05-13 13:36:00,4693.796,4678.562958333334,TP,14.953041666666577,11,0.27838411931092355,ml_v3bal_hi3,2026-05
308719,short,2026-05-13 15:05:00,2026-05-13 15:10:00,2026-05-13 15:34:00,4688.264,4693.9197835125005,SL,-5.935783512499967,24,0.2753547530910576,ml_v3bal_hi3,2026-05
308724,short,2026-05-13 15:30:00,2026-05-13 15:35:00,2026-05-13 16:09:00,4695.052,4700.645150211458,SL,-5.873150211458303,34,0.27574313429876735,ml_v3bal_hi3,2026-05
308732,long,2026-05-13 16:10:00,2026-05-13 16:15:00,2026-05-13 16:53:00,4701.893,4696.416191452778,SL,-5.7568085472221915,38,0.3368449208348022,ml_v3bal_hi3,2026-05
308740,long,2026-05-13 16:50:00,2026-05-13 16:55:00,2026-05-13 17:34:00,4696.413,4691.099138039236,SL,-5.593861960763859,39,0.34417610591034475,ml_v3bal_hi3,2026-05
308748,long,2026-05-13 17:30:00,2026-05-13 17:35:00,2026-05-13 17:59:00,4690.665,4685.377714432639,SL,-5.567285567361084,24,0.33561587300672485,ml_v3bal_hi3,2026-05
308753,long,2026-05-13 17:55:00,2026-05-13 18:00:00,2026-05-13 18:47:00,4685.722,4680.4353969979165,SL,-5.566603002083293,47,0.33897768851786814,ml_v3bal_hi3,2026-05
308763,short,2026-05-13 18:45:00,2026-05-13 18:50:00,2026-05-13 18:53:00,4679.67,4684.980397545139,SL,-5.590397545138861,3,0.277659660415066,ml_v3bal_hi3,2026-05
308764,short,2026-05-13 18:50:00,2026-05-13 18:55:00,2026-05-13 20:24:00,4686.927,4692.258882477778,SL,-5.611882477777745,89,0.27477511955718903,ml_v3bal_hi3,2026-05
308793,short,2026-05-13 22:15:00,2026-05-13 22:20:00,2026-05-13 22:43:00,4694.677,4699.889647847916,SL,-5.492647847916647,23,0.2808894671623269,ml_v3bal_hi3,2026-05
308798,short,2026-05-13 22:40:00,2026-05-13 22:45:00,2026-05-14 00:17:00,4698.922,4704.13876705,SL,-5.496767049999979,92,0.2815972857716704,ml_v3bal_hi3,2026-05
308817,short,2026-05-14 00:15:00,2026-05-14 00:20:00,2026-05-14 00:59:00,4701.058,4706.221892051389,SL,-5.443892051388888,39,0.2851946036212416,ml_v3bal_hi3,2026-05
308825,short,2026-05-14 00:55:00,2026-05-14 01:00:00,2026-05-14 01:06:00,4705.067,4691.487479166667,TP,13.299520833333306,6,0.2864449659300524,ml_v3bal_hi3,2026-05
308828,short,2026-05-14 01:10:00,2026-05-14 01:15:00,2026-05-14 01:17:00,4688.781,4694.005513372223,SL,-5.504513372222213,2,0.2770241008992629,ml_v3bal_hi3,2026-05
308829,short,2026-05-14 01:15:00,2026-05-14 01:20:00,2026-05-14 01:28:00,4688.93,4694.161204099306,SL,-5.511204099305548,8,0.2770241008992629,ml_v3bal_hi3,2026-05
308831,short,2026-05-14 01:25:00,2026-05-14 01:30:00,2026-05-14 02:35:00,4692.889,4698.124466163889,SL,-5.51546616388888,65,0.2903481856463869,ml_v3bal_hi3,2026-05
308845,short,2026-05-14 02:35:00,2026-05-14 02:40:00,2026-05-14 02:49:00,4695.397,4681.575083333333,TP,13.541916666666607,9,0.28347867172852237,ml_v3bal_hi3,2026-05
308847,short,2026-05-14 02:45:00,2026-05-14 02:50:00,2026-05-14 02:57:00,4682.731,4688.035611613888,SL,-5.584611613888866,7,0.27517661756526224,ml_v3bal_hi3,2026-05
308852,short,2026-05-14 03:10:00,2026-05-14 03:15:00,2026-05-14 03:25:00,4683.011,4688.309452652778,SL,-5.578452652777759,10,0.27528652853022806,ml_v3bal_hi3,2026-05
308855,short,2026-05-14 03:25:00,2026-05-14 03:30:00,2026-05-14 03:42:00,4691.068,4677.134625000001,TP,13.653374999999938,12,0.28301251228776075,ml_v3bal_hi3,2026-05
308858,short,2026-05-14 03:40:00,2026-05-14 03:45:00,2026-05-14 04:14:00,4676.501,4681.844835306944,SL,-5.623835306944421,29,0.2785852343962013,ml_v3bal_hi3,2026-05
308864,short,2026-05-14 04:10:00,2026-05-14 04:15:00,2026-05-14 04:21:00,4682.036,4687.371065136806,SL,-5.615065136805528,6,0.2804160844503191,ml_v3bal_hi3,2026-05
308866,short,2026-05-14 04:20:00,2026-05-14 04:25:00,2026-05-14 04:26:00,4691.396,4696.754550144444,SL,-5.63855014444442,1,0.2867967813822279,ml_v3bal_hi3,2026-05
308867,short,2026-05-14 04:25:00,2026-05-14 04:30:00,2026-05-14 04:32:00,4702.066,4707.466051700694,SL,-5.680051700694414,2,0.283566759466331,ml_v3bal_hi3,2026-05
308868,long,2026-05-14 04:30:00,2026-05-14 04:35:00,2026-05-14 04:43:00,4709.004,4703.583495151389,SL,-5.700504848611083,8,0.3367107943199543,ml_v3bal_hi3,2026-05
308870,short,2026-05-14 04:40:00,2026-05-14 04:45:00,2026-05-14 05:59:00,4705.055,4690.765302083334,TP,14.009697916666598,74,0.283566759466331,ml_v3bal_hi3,2026-05
308886,short,2026-05-14 06:00:00,2026-05-14 06:05:00,2026-05-14 06:44:00,4692.768,4698.25587642257,SL,-5.767876422569427,39,0.28008345747418417,ml_v3bal_hi3,2026-05
308894,short,2026-05-14 06:40:00,2026-05-14 06:45:00,2026-05-14 07:27:00,4698.667,4704.158745615278,SL,-5.771745615277754,42,0.27706986916035736,ml_v3bal_hi3,2026-05
308903,short,2026-05-14 07:25:00,2026-05-14 07:30:00,2026-05-14 07:35:00,4705.319,4710.8356989319445,SL,-5.7966989319444195,5,0.279204073071185,ml_v3bal_hi3,2026-05
308905,short,2026-05-14 07:35:00,2026-05-14 07:40:00,2026-05-14 07:50:00,4712.339,4697.761375,TP,14.297624999999947,10,0.27922195198730315,ml_v3bal_hi3,2026-05
308908,short,2026-05-14 07:50:00,2026-05-14 07:55:00,2026-05-14 08:30:00,4700.029,4705.608641768403,SL,-5.859641768402752,35,0.2796410347220334,ml_v3bal_hi3,2026-05
308916,short,2026-05-14 08:30:00,2026-05-14 08:35:00,2026-05-14 12:34:00,4702.518,4708.121261701736,SL,-5.883261701736083,239,0.27857573114969153,ml_v3bal_hi3,2026-05
308964,short,2026-05-14 12:30:00,2026-05-14 12:35:00,2026-05-14 13:22:00,4705.547,4690.561614583333,TP,14.705385416666665,47,0.28124431719458587,ml_v3bal_hi3,2026-05
308974,short,2026-05-14 13:20:00,2026-05-14 13:25:00,2026-05-14 13:40:00,4694.894,4679.642770833334,TP,14.971229166666681,15,0.28143407811008725,ml_v3bal_hi3,2026-05
308978,short,2026-05-14 13:40:00,2026-05-14 13:45:00,2026-05-14 13:46:00,4676.688,4682.53547720868,SL,-6.127477208680563,1,0.2803143965270106,ml_v3bal_hi3,2026-05
308981,short,2026-05-14 13:55:00,2026-05-14 14:00:00,2026-05-14 14:01:00,4679.663,4685.567086474305,SL,-6.184086474305564,1,0.278222005791443,ml_v3bal_hi3,2026-05
309002,short,2026-05-14 15:40:00,2026-05-14 15:45:00,2026-05-14 18:45:00,4682.711,4667.5010625,TP,14.929937500000042,180,0.2755966390054855,ml_v3bal_hi3,2026-05
309068,short,2026-05-14 22:10:00,2026-05-14 22:15:00,2026-05-14 22:31:00,4655.525,4661.174295173958,SL,-6.009295173958357,16,0.2747342496411089,ml_v3bal_hi3,2026-05
309072,short,2026-05-14 22:30:00,2026-05-14 22:35:00,2026-05-15 00:01:00,4660.84,4645.9906458333335,TP,14.569354166666738,86,0.2859450669988133,ml_v3bal_hi3,2026-05
309090,short,2026-05-15 00:00:00,2026-05-15 00:05:00,2026-05-15 00:15:00,4649.558,4655.364312966667,SL,-6.086312966666687,10,0.2819062655035624,ml_v3bal_hi3,2026-05
309093,short,2026-05-15 00:15:00,2026-05-15 00:20:00,2026-05-15 00:25:00,4654.176,4638.773375000001,TP,15.122625000000058,5,0.2768105005089411,ml_v3bal_hi3,2026-05
309095,short,2026-05-15 00:25:00,2026-05-15 00:30:00,2026-05-15 00:41:00,4629.792,4614.179958333334,TP,15.332041666666717,11,0.2834102901252389,ml_v3bal_hi3,2026-05
309098,short,2026-05-15 00:40:00,2026-05-15 00:45:00,2026-05-15 00:46:00,4618.576,4624.5843800677085,SL,-6.288380067708349,1,0.2768856744069766,ml_v3bal_hi3,2026-05
309099,short,2026-05-15 00:45:00,2026-05-15 00:50:00,2026-05-15 01:07:00,4627.487,4611.655479166667,TP,15.551520833333372,17,0.2768856744069766,ml_v3bal_hi3,2026-05
309103,short,2026-05-15 01:05:00,2026-05-15 01:10:00,2026-05-15 01:16:00,4610.075,4616.225230625,SL,-6.430230625000008,6,0.27722265165491217,ml_v3bal_hi3,2026-05
309105,short,2026-05-15 01:15:00,2026-05-15 01:20:00,2026-05-15 05:01:00,4619.427,4603.197520833333,TP,15.949479166666682,221,0.2768856744069766,ml_v3bal_hi3,2026-05
309150,short,2026-05-15 05:00:00,2026-05-15 05:05:00,2026-05-15 05:19:00,4600.132,4583.889625,TP,15.962375000000096,14,0.2879684590772193,ml_v3bal_hi3,2026-05
309153,short,2026-05-15 05:15:00,2026-05-15 05:20:00,2026-05-15 05:29:00,4583.116,4589.355023637153,SL,-6.519023637152816,9,0.28431257666789045,ml_v3bal_hi3,2026-05
309155,short,2026-05-15 05:25:00,2026-05-15 05:30:00,2026-05-15 05:32:00,4588.774,4572.5095,TP,15.984500000000095,2,0.2813796407147502,ml_v3bal_hi3,2026-05
309156,short,2026-05-15 05:30:00,2026-05-15 05:35:00,2026-05-15 05:41:00,4569.356,4575.605793882291,SL,-6.529793882291703,6,0.27614532379126455,ml_v3bal_hi3,2026-05
309158,short,2026-05-15 05:40:00,2026-05-15 05:45:00,2026-05-15 06:16:00,4568.809,4575.086556828125,SL,-6.557556828125038,31,0.2772387019883098,ml_v3bal_hi3,2026-05
309165,short,2026-05-15 06:15:00,2026-05-15 06:20:00,2026-05-15 07:11:00,4575.127,4581.573039336458,SL,-6.726039336458368,51,0.2778974144049106,ml_v3bal_hi3,2026-05
309180,short,2026-05-15 07:30:00,2026-05-15 07:35:00,2026-05-15 08:02:00,4579.086,4561.918125,TP,16.887875000000065,27,0.2763302216239674,ml_v3bal_hi3,2026-05
309186,short,2026-05-15 08:00:00,2026-05-15 08:05:00,2026-05-15 08:08:00,4561.183,4567.753738456944,SL,-6.850738456944467,3,0.27920325008522306,ml_v3bal_hi3,2026-05
309187,short,2026-05-15 08:05:00,2026-05-15 08:10:00,2026-05-15 09:10:00,4566.689,4549.404010416667,TP,17.00498958333339,60,0.27920325008522306,ml_v3bal_hi3,2026-05
309200,short,2026-05-15 09:10:00,2026-05-15 09:15:00,2026-05-15 09:27:00,4547.306,4553.909307138541,SL,-6.883307138541698,12,0.2847360875538729,ml_v3bal_hi3,2026-05
309203,short,2026-05-15 09:25:00,2026-05-15 09:30:00,2026-05-15 09:50:00,4553.226,4535.778843749999,TP,17.16715625000008,20,0.2854525800875567,ml_v3bal_hi3,2026-05
309208,short,2026-05-15 09:50:00,2026-05-15 09:55:00,2026-05-15 10:02:00,4542.276,4548.98100936493,SL,-6.9850093649305895,7,0.28172395192898736,ml_v3bal_hi3,2026-05
309210,short,2026-05-15 10:00:00,2026-05-15 10:05:00,2026-05-15 10:06:00,4546.336,4553.065454726042,SL,-7.009454726041696,1,0.2836292591027163,ml_v3bal_hi3,2026-05
309211,short,2026-05-15 10:05:00,2026-05-15 10:10:00,2026-05-15 10:51:00,4558.48,4565.240372552083,SL,-7.0403725520833635,41,0.27700210702539824,ml_v3bal_hi3,2026-05
309220,short,2026-05-15 10:50:00,2026-05-15 10:55:00,2026-05-15 11:55:00,4568.697,4550.710895833334,TP,17.706104166666744,60,0.2750298142257436,ml_v3bal_hi3,2026-05
309233,short,2026-05-15 11:55:00,2026-05-15 12:00:00,2026-05-15 13:37:00,4552.072,4533.877052083333,TP,17.914947916666712,97,0.2895394240030867,ml_v3bal_hi3,2026-05
309253,short,2026-05-15 13:35:00,2026-05-15 13:40:00,2026-05-15 13:54:00,4528.414,4535.639382052777,SL,-7.5053820527778,14,0.2867955306157286,ml_v3bal_hi3,2026-05
309256,short,2026-05-15 13:50:00,2026-05-15 13:55:00,2026-05-15 13:56:00,4534.398,4541.702551688195,SL,-7.58455168819447,1,0.2837269648011327,ml_v3bal_hi3,2026-05
309257,short,2026-05-15 13:55:00,2026-05-15 14:00:00,2026-05-15 14:12:00,4533.506,4540.8407472649305,SL,-7.614747264930578,12,0.2793831901234303,ml_v3bal_hi3,2026-05
309280,long,2026-05-15 15:50:00,2026-05-15 15:55:00,2026-05-15 16:06:00,4537.988,4530.620406265278,SL,-7.647593734722234,11,0.3229339781452134,ml_v3bal_hi3,2026-05
309283,short,2026-05-15 16:05:00,2026-05-15 16:10:00,2026-05-15 16:22:00,4531.158,4538.531181245834,SL,-7.6531812458333475,12,0.27582608994649177,ml_v3bal_hi3,2026-05
309286,long,2026-05-15 16:20:00,2026-05-15 16:25:00,2026-05-15 17:23:00,4540.285,4559.6600312499995,TP,19.095031250000034,58,0.3305865326755638,ml_v3bal_hi3,2026-05
309300,long,2026-05-15 17:30:00,2026-05-15 17:35:00,2026-05-15 18:18:00,4562.471,4555.045725530902,SL,-7.705274469097231,43,0.3181610271043813,ml_v3bal_hi3,2026-05
309310,long,2026-05-15 18:20:00,2026-05-15 18:25:00,2026-05-15 19:10:00,4558.403,4550.9485180864585,SL,-7.734481913541666,45,0.3150861299307465,ml_v3bal_hi3,2026-05
309320,long,2026-05-15 19:10:00,2026-05-15 19:15:00,2026-05-15 20:01:00,4550.547,4543.0845019128465,SL,-7.742498087152783,46,0.3563842836827683,ml_v3bal_hi3,2026-05
309330,long,2026-05-15 20:00:00,2026-05-15 20:05:00,2026-05-17 23:40:00,4540.137,4532.633734511111,SL,-7.783265488888895,151,0.3794410552490389,ml_v3bal_hi3,2026-05
309371,short,2026-05-18 00:25:00,2026-05-18 00:30:00,2026-05-18 00:34:00,4515.788,4494.98771875,TP,20.520281249999933,4,0.27598050550068653,ml_v3bal_hi3,2026-05
309372,short,2026-05-18 00:30:00,2026-05-18 00:35:00,2026-05-18 00:36:00,4492.449,4500.43751384375,SL,-8.268513843749977,1,0.28338602172669963,ml_v3bal_hi3,2026-05
309373,short,2026-05-18 00:35:00,2026-05-18 00:40:00,2026-05-18 00:56:00,4490.489,4498.50634428993,SL,-8.297344289930534,16,0.2816130059638705,ml_v3bal_hi3,2026-05
309377,long,2026-05-18 00:55:00,2026-05-18 01:00:00,2026-05-18 01:01:00,4515.784,4507.587652965972,SL,-8.476347034027759,1,0.3211559795468363,ml_v3bal_hi3,2026-05
309378,short,2026-05-18 01:00:00,2026-05-18 01:05:00,2026-05-18 01:24:00,4497.795,4506.049821448958,SL,-8.534821448958317,19,0.2796266685005878,ml_v3bal_hi3,2026-05
309401,long,2026-05-18 02:55:00,2026-05-18 03:00:00,2026-05-18 03:35:00,4533.594,4525.352528257986,SL,-8.521471742013867,35,0.3170880322181495,ml_v3bal_hi3,2026-05
309409,long,2026-05-18 03:35:00,2026-05-18 03:40:00,2026-05-18 07:30:00,4535.067,4556.941666666667,TP,21.594666666666626,230,0.31799454424158213,ml_v3bal_hi3,2026-05
309456,short,2026-05-18 07:30:00,2026-05-18 07:35:00,2026-05-18 10:34:00,4554.956,4532.949833333333,TP,21.72616666666665,179,0.2829526291067912,ml_v3bal_hi3,2026-05
309492,short,2026-05-18 10:30:00,2026-05-18 10:35:00,2026-05-18 10:43:00,4532.869,4540.947243398958,SL,-8.358243398958331,8,0.2799632200813978,ml_v3bal_hi3,2026-05
309494,short,2026-05-18 10:40:00,2026-05-18 10:45:00,2026-05-18 11:39:00,4543.546,4551.616092299653,SL,-8.350092299652772,54,0.29095895349023687,ml_v3bal_hi3,2026-05
309505,short,2026-05-18 11:35:00,2026-05-18 11:40:00,2026-05-18 11:41:00,4555.329,4563.37820262743,SL,-8.329202627430556,1,0.29069763544913285,ml_v3bal_hi3,2026-05
309506,short,2026-05-18 11:40:00,2026-05-18 11:45:00,2026-05-18 12:45:00,4562.243,4570.3305810506945,SL,-8.367581050694447,60,0.2895367836399323,ml_v3bal_hi3,2026-05
309519,long,2026-05-18 12:45:00,2026-05-18 12:50:00,2026-05-18 12:52:00,4572.506,4564.381060405556,SL,-8.40493959444445,2,0.3223283137270266,ml_v3bal_hi3,2026-05
309520,short,2026-05-18 12:50:00,2026-05-18 12:55:00,2026-05-18 12:59:00,4563.191,4571.338654731944,SL,-8.427654731944449,4,0.28940198942150597,ml_v3bal_hi3,2026-05
309521,long,2026-05-18 12:55:00,2026-05-18 13:00:00,2026-05-18 13:09:00,4571.186,4563.017467501041,SL,-8.448532498958341,9,0.3265495248964236,ml_v3bal_hi3,2026-05
309523,short,2026-05-18 13:05:00,2026-05-18 13:10:00,2026-05-18 13:24:00,4563.615,4571.817502026736,SL,-8.48250202673612,14,0.27931820664287776,ml_v3bal_hi3,2026-05
309526,long,2026-05-18 13:20:00,2026-05-18 13:25:00,2026-05-18 13:45:00,4572.784,4564.612518977778,SL,-8.451481022222227,20,0.32240368504683603,ml_v3bal_hi3,2026-05
309531,long,2026-05-18 13:45:00,2026-05-18 13:50:00,2026-05-18 14:03:00,4574.152,4565.912095777084,SL,-8.519904222916676,13,0.3425718205049517,ml_v3bal_hi3,2026-05
309535,long,2026-05-18 14:05:00,2026-05-18 14:10:00,2026-05-18 14:21:00,4566.689,4558.455000760417,SL,-8.513999239583338,11,0.3390833599068901,ml_v3bal_hi3,2026-05
309538,short,2026-05-18 14:20:00,2026-05-18 14:25:00,2026-05-18 14:48:00,4559.389,4537.767354166666,TP,21.34164583333333,23,0.2792737051576346,ml_v3bal_hi3,2026-05
309544,short,2026-05-18 14:50:00,2026-05-18 14:55:00,2026-05-18 16:16:00,4541.912,4550.080088037847,SL,-8.448088037847217,81,0.2756877484615263,ml_v3bal_hi3,2026-05
309561,short,2026-05-18 16:15:00,2026-05-18 16:20:00,2026-05-18 17:03:00,4546.961,4554.9136156722225,SL,-8.232615672222227,43,0.27897410658104704,ml_v3bal_hi3,2026-05
309574,short,2026-05-18 17:20:00,2026-05-18 17:25:00,2026-05-18 19:03:00,4553.6,4561.538095286459,SL,-8.218095286458333,98,0.2764040929599756,ml_v3bal_hi3,2026-05
309594,short,2026-05-18 19:00:00,2026-05-18 19:05:00,2026-05-18 19:48:00,4553.619,4561.582374012152,SL,-8.243374012152781,43,0.28202903066487806,ml_v3bal_hi3,2026-05
309603,short,2026-05-18 19:45:00,2026-05-18 19:50:00,2026-05-18 22:00:00,4561.412,4569.403129021181,SL,-8.271129021180553,68,0.2778268663070744,ml_v3bal_hi3,2026-05
309618,long,2026-05-18 22:00:00,2026-05-18 22:05:00,2026-05-19 00:59:00,4570.471,4562.5159477284715,SL,-8.315052271527778,174,0.3373625332581732,ml_v3bal_hi3,2026-05
309661,short,2026-05-19 01:35:00,2026-05-19 01:40:00,2026-05-19 02:56:00,4568.112,4548.05759375,TP,19.774406250000037,76,0.2750262892282645,ml_v3bal_hi3,2026-05
309686,short,2026-05-19 03:40:00,2026-05-19 03:45:00,2026-05-19 07:09:00,4547.806,4554.85702233993,SL,-7.331022339930564,204,0.27835566412505447,ml_v3bal_hi3,2026-05
309727,short,2026-05-19 07:05:00,2026-05-19 07:10:00,2026-05-19 10:38:00,4552.72,4535.16653125,TP,17.273468749999978,208,0.2774780199443092,ml_v3bal_hi3,2026-05
309769,short,2026-05-19 10:35:00,2026-05-19 10:40:00,2026-05-19 11:03:00,4540.856,4547.440667550694,SL,-6.864667550694421,23,0.2887814789010211,ml_v3bal_hi3,2026-05
309774,short,2026-05-19 11:00:00,2026-05-19 11:05:00,2026-05-19 13:04:00,4543.746,4526.227781250001,TP,17.23821874999993,119,0.2802823449320935,ml_v3bal_hi3,2026-05
309798,short,2026-05-19 13:00:00,2026-05-19 13:05:00,2026-05-19 13:23:00,4523.57,4506.235375,TP,17.05462499999992,18,0.2807460959790055,ml_v3bal_hi3,2026-05
309802,short,2026-05-19 13:20:00,2026-05-19 13:25:00,2026-05-19 13:30:00,4505.099,4487.59053125,TP,17.228468749999905,5,0.28034727093424816,ml_v3bal_hi3,2026-05
309804,short,2026-05-19 13:30:00,2026-05-19 13:35:00,2026-05-19 13:50:00,4481.582,4488.3623653652785,SL,-7.0603653652777405,15,0.28210801840858585,ml_v3bal_hi3,2026-05
309879,long,2026-05-19 19:45:00,2026-05-19 19:50:00,2026-05-19 22:15:00,4486.756,4480.101099656945,SL,-6.9349003430555,83,0.31500044772442076,ml_v3bal_hi3,2026-05
309897,long,2026-05-19 22:15:00,2026-05-19 22:20:00,2026-05-20 00:25:00,4479.829,4496.667437499999,TP,16.558437499999826,125,0.37388570365003615,ml_v3bal_hi3,2026-05
309935,short,2026-05-20 01:25:00,2026-05-20 01:30:00,2026-05-20 01:50:00,4473.746,4480.4889830111115,SL,-7.022983011111031,20,0.28124481750393165,ml_v3bal_hi3,2026-05
309940,long,2026-05-20 01:50:00,2026-05-20 01:55:00,2026-05-20 02:31:00,4481.597,4474.715666562847,SL,-7.161333437152699,36,0.32215316363351654,ml_v3bal_hi3,2026-05
309950,short,2026-05-20 02:40:00,2026-05-20 02:45:00,2026-05-20 04:00:00,4460.857,4467.776533282292,SL,-7.1995332822915845,75,0.2752709176554681,ml_v3bal_hi3,2026-05
309966,long,2026-05-20 04:00:00,2026-05-20 04:05:00,2026-05-20 04:34:00,4469.029,4462.122344184722,SL,-7.1866558152777005,29,0.3146526742422384,ml_v3bal_hi3,2026-05
309975,short,2026-05-20 04:45:00,2026-05-20 04:50:00,2026-05-20 05:01:00,4459.669,4466.569096045486,SL,-7.180096045486032,11,0.28443314497001115,ml_v3bal_hi3,2026-05
309985,long,2026-05-20 05:35:00,2026-05-20 05:40:00,2026-05-20 05:45:00,4476.413,4469.465489478124,SL,-7.227510521874919,5,0.3248275891636203,ml_v3bal_hi3,2026-05
309988,long,2026-05-20 05:50:00,2026-05-20 05:55:00,2026-05-20 06:35:00,4471.358,4464.351340434722,SL,-7.2866595652776995,40,0.3177867742312284,ml_v3bal_hi3,2026-05
309998,long,2026-05-20 06:40:00,2026-05-20 06:45:00,2026-05-20 07:30:00,4467.173,4485.583677083333,TP,18.130677083333154,45,0.3201233651046921,ml_v3bal_hi3,2026-05
310009,long,2026-05-20 07:35:00,2026-05-20 07:40:00,2026-05-20 09:29:00,4480.002,4473.012138683681,SL,-7.269861316319369,109,0.33693777704018785,ml_v3bal_hi3,2026-05
310035,long,2026-05-20 09:45:00,2026-05-20 09:50:00,2026-05-20 11:29:00,4482.848,4501.067979166666,TP,17.93997916666646,99,0.32608570733228837,ml_v3bal_hi3,2026-05
310068,short,2026-05-20 12:30:00,2026-05-20 12:35:00,2026-05-20 13:37:00,4503.352,4485.421239583334,TP,17.650760416666504,62,0.27525371435478374,ml_v3bal_hi3,2026-05
310091,long,2026-05-20 14:25:00,2026-05-20 14:30:00,2026-05-20 14:32:00,4506.781,4524.725322916666,TP,17.66432291666653,2,0.330873047098193,ml_v3bal_hi3,2026-05
310092,long,2026-05-20 14:30:00,2026-05-20 14:35:00,2026-05-20 14:37:00,4524.521,4517.720625947916,SL,-7.080374052083284,2,0.33915106946761703,ml_v3bal_hi3,2026-05
310093,long,2026-05-20 14:35:00,2026-05-20 14:40:00,2026-05-20 14:46:00,4523.346,4516.5602772909715,SL,-7.065722709027728,6,0.3231141122755705,ml_v3bal_hi3,2026-05
310095,long,2026-05-20 14:45:00,2026-05-20 14:50:00,2026-05-20 15:15:00,4521.723,4539.457229166666,TP,17.45422916666655,25,0.3354778164068559,ml_v3bal_hi3,2026-05
310105,long,2026-05-20 15:35:00,2026-05-20 15:40:00,2026-05-20 15:57:00,4537.644,4531.048010596181,SL,-6.875989403819407,17,0.31675288519602796,ml_v3bal_hi3,2026-05
310210,long,2026-05-21 01:20:00,2026-05-21 01:25:00,2026-05-21 02:03:00,4564.965,4558.54700139757,SL,-6.6979986024305145,38,0.32462807884354655,ml_v3bal_hi3,2026-05
310220,long,2026-05-21 02:10:00,2026-05-21 02:15:00,2026-05-21 02:25:00,4551.824,4545.505723390972,SL,-6.598276609027744,10,0.32154256305132833,ml_v3bal_hi3,2026-05
310282,long,2026-05-21 07:20:00,2026-05-21 07:25:00,2026-05-21 07:29:00,4518.087,4512.258463977778,SL,-6.108536022222175,4,0.32378026271846005,ml_v3bal_hi3,2026-05
310315,short,2026-05-21 10:05:00,2026-05-21 10:10:00,2026-05-21 10:26:00,4534.577,4519.5740000000005,TP,14.722999999999912,16,0.2763351829570091,ml_v3bal_hi3,2026-05
310365,short,2026-05-21 14:15:00,2026-05-21 14:20:00,2026-05-21 14:30:00,4502.191,4508.466905972569,SL,-6.5559059725694055,10,0.27691707754744876,ml_v3bal_hi3,2026-05
310372,long,2026-05-21 14:50:00,2026-05-21 14:55:00,2026-05-21 15:05:00,4508.887,4502.6109075125,SL,-6.5560924874999555,10,0.3153998957025676,ml_v3bal_hi3,2026-05
310375,long,2026-05-21 15:05:00,2026-05-21 15:10:00,2026-05-21 16:01:00,4501.696,4518.204541666666,TP,16.228541666666548,51,0.3185444658300939,ml_v3bal_hi3,2026-05
310396,long,2026-05-21 16:50:00,2026-05-21 16:55:00,2026-05-21 17:15:00,4517.615,4532.827166666666,TP,14.932166666666557,20,0.3383750883762095,ml_v3bal_hi3,2026-05
310403,long,2026-05-21 17:25:00,2026-05-21 17:30:00,2026-05-21 17:52:00,4541.423,4556.930770833333,TP,15.227770833333222,22,0.32162437996403886,ml_v3bal_hi3,2026-05
310424,short,2026-05-21 19:10:00,2026-05-21 19:15:00,2026-05-21 19:57:00,4537.589,4543.7136423638885,SL,-6.404642363888856,42,0.2754899672165341,ml_v3bal_hi3,2026-05
310448,short,2026-05-21 22:10:00,2026-05-21 22:15:00,2026-05-22 00:59:00,4542.167,4526.159479166667,TP,15.727520833333275,164,0.2769069361479778,ml_v3bal_hi3,2026-05
310507,short,2026-05-22 03:05:00,2026-05-22 03:10:00,2026-05-22 03:45:00,4522.392,4528.342258840625,SL,-6.230258840625003,35,0.2749631170841299,ml_v3bal_hi3,2026-05
310515,short,2026-05-22 03:45:00,2026-05-22 03:50:00,2026-05-22 05:57:00,4529.1,4513.712291666667,TP,15.107708333333385,127,0.2760960520821743,ml_v3bal_hi3,2026-05
310541,short,2026-05-22 05:55:00,2026-05-22 06:00:00,2026-05-22 06:01:00,4511.292,4517.1927411107645,SL,-6.1807411107639165,1,0.2787529509831484,ml_v3bal_hi3,2026-05
310542,short,2026-05-22 06:00:00,2026-05-22 06:05:00,2026-05-22 06:23:00,4518.665,4524.586134732639,SL,-6.201134732638917,18,0.27606434749502384,ml_v3bal_hi3,2026-05
310549,short,2026-05-22 06:35:00,2026-05-22 06:40:00,2026-05-22 06:47:00,4523.124,4529.029673835416,SL,-6.185673835416686,7,0.27539720721061894,ml_v3bal_hi3,2026-05
310551,long,2026-05-22 06:45:00,2026-05-22 06:50:00,2026-05-22 07:36:00,4526.968,4521.0703463065975,SL,-6.177653693402798,46,0.31837828800889134,ml_v3bal_hi3,2026-05
310561,short,2026-05-22 07:35:00,2026-05-22 07:40:00,2026-05-22 08:01:00,4517.307,4523.126785694097,SL,-6.099785694097251,21,0.2746573694280585,ml_v3bal_hi3,2026-05
310566,short,2026-05-22 08:00:00,2026-05-22 08:05:00,2026-05-22 08:20:00,4524.785,4530.587090586111,SL,-6.082090586111141,15,0.28169930065186366,ml_v3bal_hi3,2026-05
310573,short,2026-05-22 08:35:00,2026-05-22 08:40:00,2026-05-22 09:48:00,4522.04,4527.868992388541,SL,-6.108992388541691,68,0.277623843024332,ml_v3bal_hi3,2026-05
310587,short,2026-05-22 09:45:00,2026-05-22 09:50:00,2026-05-22 09:54:00,4528.393,4534.122659298611,SL,-6.009659298611129,4,0.28037582621493856,ml_v3bal_hi3,2026-05
310588,short,2026-05-22 09:50:00,2026-05-22 09:55:00,2026-05-22 10:36:00,4533.048,4517.956635416666,TP,14.811364583333368,41,0.2787376136749809,ml_v3bal_hi3,2026-05
310626,short,2026-05-22 13:00:00,2026-05-22 13:05:00,2026-05-22 13:09:00,4524.03,4529.674231492014,SL,-5.924231492013909,4,0.2792446622611928,ml_v3bal_hi3,2026-05
310627,short,2026-05-22 13:05:00,2026-05-22 13:10:00,2026-05-22 13:40:00,4531.568,4516.6981562500005,TP,14.589843750000059,30,0.2748606398869621,ml_v3bal_hi3,2026-05
310637,short,2026-05-22 13:55:00,2026-05-22 14:00:00,2026-05-22 14:14:00,4513.67,4498.829333333333,TP,14.56066666666675,14,0.27653597341410974,ml_v3bal_hi3,2026-05
310640,short,2026-05-22 14:10:00,2026-05-22 14:15:00,2026-05-22 14:35:00,4497.808,4503.493272713542,SL,-5.965272713541694,20,0.27851032648456486,ml_v3bal_hi3,2026-05
310645,short,2026-05-22 14:35:00,2026-05-22 14:40:00,2026-05-22 14:41:00,4500.233,4505.905109521528,SL,-5.952109521527805,1,0.27696077672250907,ml_v3bal_hi3,2026-05
310646,short,2026-05-22 14:40:00,2026-05-22 14:45:00,2026-05-22 15:05:00,4504.212,4509.864612758681,SL,-5.93261275868058,20,0.2780119344354455,ml_v3bal_hi3,2026-05
310651,short,2026-05-22 15:05:00,2026-05-22 15:10:00,2026-05-22 15:25:00,4511.33,4516.84742118125,SL,-5.79742118125002,15,0.2783831136166919,ml_v3bal_hi3,2026-05
310655,short,2026-05-22 15:25:00,2026-05-22 15:30:00,2026-05-22 16:30:00,4519.214,4524.676486581598,SL,-5.742486581597247,60,0.2769245406438342,ml_v3bal_hi3,2026-05
310668,long,2026-05-22 16:30:00,2026-05-22 16:35:00,2026-05-22 16:42:00,4522.312,4517.00130085625,SL,-5.590699143750022,7,0.3159627039532129,ml_v3bal_hi3,2026-05
310670,short,2026-05-22 16:40:00,2026-05-22 16:45:00,2026-05-22 17:10:00,4514.969,4520.297076779514,SL,-5.608076779513914,25,0.27881961927622945,ml_v3bal_hi3,2026-05
310676,short,2026-05-22 17:10:00,2026-05-22 17:15:00,2026-05-22 17:29:00,4519.111,4524.398130799653,SL,-5.567130799652792,14,0.2809778931341519,ml_v3bal_hi3,2026-05
310679,short,2026-05-22 17:25:00,2026-05-22 17:30:00,2026-05-22 19:02:00,4525.165,4511.177822916667,TP,13.707177083333365,92,0.27504334177592893,ml_v3bal_hi3,2026-05
310724,short,2026-05-24 22:10:00,2026-05-24 22:15:00,2026-05-24 22:32:00,4555.207,4560.25968946875,SL,-5.3326894687499955,17,0.2775033713176186,ml_v3bal_hi3,2026-05
310728,short,2026-05-24 22:30:00,2026-05-24 22:35:00,2026-05-24 22:47:00,4558.591,4563.714128618056,SL,-5.403128618055551,12,0.2782362172560566,ml_v3bal_hi3,2026-05
310731,short,2026-05-24 22:45:00,2026-05-24 22:50:00,2026-05-24 23:07:00,4564.949,4570.102459120486,SL,-5.4334591204861065,17,0.27894403731392553,ml_v3bal_hi3,2026-05
310735,short,2026-05-24 23:05:00,2026-05-24 23:10:00,2026-05-24 23:24:00,4572.528,4577.70245197118,SL,-5.454451971180547,14,0.2823333763710965,ml_v3bal_hi3,2026-05
310738,short,2026-05-24 23:20:00,2026-05-24 23:25:00,2026-05-25 01:07:00,4576.718,4563.0721875,TP,13.365812499999986,102,0.2830024372433371,ml_v3bal_hi3,2026-05
310771,short,2026-05-25 02:05:00,2026-05-25 02:10:00,2026-05-25 05:30:00,4567.537,4553.309895833334,TP,13.947104166666607,200,0.2746448868805824,ml_v3bal_hi3,2026-05
310813,short,2026-05-25 05:35:00,2026-05-25 05:40:00,2026-05-25 07:54:00,4559.861,4565.19641435625,SL,-5.615414356249965,134,0.27707699916739037,ml_v3bal_hi3,2026-05
310853,long,2026-05-25 08:55:00,2026-05-25 09:00:00,2026-05-25 10:02:00,4555.939,4569.442770833333,TP,13.22377083333325,62,0.3175332982847554,ml_v3bal_hi3,2026-05
310869,long,2026-05-25 10:15:00,2026-05-25 10:20:00,2026-05-25 12:00:00,4572.507,4567.481807594097,SL,-5.3051924059027575,100,0.3197461496074664,ml_v3bal_hi3,2026-05
310897,long,2026-05-25 12:35:00,2026-05-25 12:40:00,2026-05-25 13:01:00,4568.546,4563.607072733681,SL,-5.218927266319428,21,0.3279598938813092,ml_v3bal_hi3,2026-05
310930,long,2026-05-25 15:20:00,2026-05-25 15:25:00,2026-05-25 15:37:00,4572.696,4568.206597526736,SL,-4.7694024732638685,12,0.31930033814296943,ml_v3bal_hi3,2026-05
310935,long,2026-05-25 15:45:00,2026-05-25 15:50:00,2026-05-25 17:45:00,4570.247,4565.8121035388895,SL,-4.714896461111096,115,0.32939403745222146,ml_v3bal_hi3,2026-05
310970,long,2026-05-25 22:10:00,2026-05-25 22:15:00,2026-05-25 23:27:00,4573.301,4569.122029802431,SL,-4.458970197569436,72,0.3192770484342822,ml_v3bal_hi3,2026-05
311011,short,2026-05-26 01:35:00,2026-05-26 01:40:00,2026-05-26 01:47:00,4529.74,4534.082912853125,SL,-4.6229128531249986,7,0.27850315797928904,ml_v3bal_hi3,2026-05
311013,short,2026-05-26 01:45:00,2026-05-26 01:50:00,2026-05-26 02:00:00,4533.178,4537.502896304513,SL,-4.6048963045138835,10,0.2781070255101118,ml_v3bal_hi3,2026-05
311022,short,2026-05-26 02:30:00,2026-05-26 02:35:00,2026-05-26 03:20:00,4534.767,4539.043922283333,SL,-4.556922283333332,45,0.2758555141230578,ml_v3bal_hi3,2026-05
311033,short,2026-05-26 03:25:00,2026-05-26 03:30:00,2026-05-26 04:30:00,4542.014,4530.879729166667,TP,10.854270833333318,60,0.2759770522813477,ml_v3bal_hi3,2026-05
311046,short,2026-05-26 04:30:00,2026-05-26 04:35:00,2026-05-26 05:35:00,4530.47,4534.560411321181,SL,-4.370411321180559,60,0.28369367000211343,ml_v3bal_hi3,2026-05
311059,short,2026-05-26 05:35:00,2026-05-26 05:40:00,2026-05-26 07:38:00,4532.383,4521.949822916667,TP,10.153177083333343,118,0.2824710555370386,ml_v3bal_hi3,2026-05
311083,short,2026-05-26 07:35:00,2026-05-26 07:40:00,2026-05-26 07:44:00,4523.275,4527.3326323142355,SL,-4.337632314236117,4,0.2826442927890438,ml_v3bal_hi3,2026-05
311084,short,2026-05-26 07:40:00,2026-05-26 07:45:00,2026-05-26 07:47:00,4526.772,4530.840473990625,SL,-4.348473990625006,2,0.28516235061222495,ml_v3bal_hi3,2026-05
311093,short,2026-05-26 08:25:00,2026-05-26 08:30:00,2026-05-26 08:45:00,4522.463,4526.616032717014,SL,-4.433032717013899,15,0.28633556373650015,ml_v3bal_hi3,2026-05
311097,short,2026-05-26 08:45:00,2026-05-26 08:50:00,2026-05-26 10:10:00,4522.42,4526.60682763507,SL,-4.4668276350694525,80,0.28623108415795684,ml_v3bal_hi3,2026-05
311117,long,2026-05-26 10:25:00,2026-05-26 10:30:00,2026-05-26 11:21:00,4533.314,4529.04093897257,SL,-4.55306102743058,51,0.31946842192301617,ml_v3bal_hi3,2026-05
311130,short,2026-05-26 11:30:00,2026-05-26 11:35:00,2026-05-26 11:36:00,4519.336,4508.066135416667,TP,10.989864583333393,1,0.28522623112448753,ml_v3bal_hi3,2026-05
311131,short,2026-05-26 11:35:00,2026-05-26 11:40:00,2026-05-26 11:47:00,4510.931,4515.261690172569,SL,-4.610690172569465,7,0.28237121880331334,ml_v3bal_hi3,2026-05
311133,short,2026-05-26 11:45:00,2026-05-26 11:50:00,2026-05-26 12:31:00,4512.315,4500.8249166666665,TP,11.210083333333388,41,0.28375035005355564,ml_v3bal_hi3,2026-05
311142,short,2026-05-26 12:30:00,2026-05-26 12:35:00,2026-05-26 12:47:00,4510.165,4514.669192710417,SL,-4.784192710416689,12,0.27590338789073277,ml_v3bal_hi3,2026-05
311175,long,2026-05-26 15:15:00,2026-05-26 15:20:00,2026-05-26 15:36:00,4508.403,4503.441040123958,SL,-5.241959876041693,16,0.31906686736019474,ml_v3bal_hi3,2026-05
311179,long,2026-05-26 15:35:00,2026-05-26 15:40:00,2026-05-26 16:09:00,4507.386,4502.42329803264,SL,-5.242701967361134,29,0.3182504647032992,ml_v3bal_hi3,2026-05
311191,long,2026-05-26 16:35:00,2026-05-26 16:40:00,2026-05-26 16:48:00,4508.293,4503.368700266319,SL,-5.204299733680584,8,0.32957260557237966,ml_v3bal_hi3,2026-05
311193,long,2026-05-26 16:45:00,2026-05-26 16:50:00,2026-05-26 17:30:00,4503.509,4498.593434720833,SL,-5.19556527916669,40,0.324091095540818,ml_v3bal_hi3,2026-05
311205,long,2026-05-26 17:45:00,2026-05-26 17:50:00,2026-05-26 17:55:00,4500.352,4495.437204590972,SL,-5.194795409027792,5,0.32893822738158873,ml_v3bal_hi3,2026-05
311224,long,2026-05-26 19:20:00,2026-05-26 19:25:00,2026-05-26 22:36:00,4503.058,4498.083583307639,SL,-5.2544166923611275,127,0.32225067406131946,ml_v3bal_hi3,2026-05
311251,long,2026-05-26 22:35:00,2026-05-26 22:40:00,2026-05-26 23:34:00,4501.633,4515.039010416666,TP,13.046010416666732,54,0.31943454101996466,ml_v3bal_hi3,2026-05
311267,long,2026-05-26 23:55:00,2026-05-27 00:00:00,2026-05-27 00:28:00,4519.688,4514.447116966319,SL,-5.520883033680579,28,0.32122672921028217,ml_v3bal_hi3,2026-05
311288,long,2026-05-27 01:40:00,2026-05-27 01:45:00,2026-05-27 02:01:00,4510.128,4505.005133296528,SL,-5.4028667034722435,16,0.31521711420368953,ml_v3bal_hi3,2026-05
311294,long,2026-05-27 02:10:00,2026-05-27 02:15:00,2026-05-27 02:17:00,4504.268,4499.210969098611,SL,-5.337030901388916,2,0.3146730763925736,ml_v3bal_hi3,2026-05
311296,long,2026-05-27 02:20:00,2026-05-27 02:25:00,2026-05-27 02:42:00,4503.984,4498.920595843751,SL,-5.343404156250027,17,0.318190839914985,ml_v3bal_hi3,2026-05
311300,long,2026-05-27 02:40:00,2026-05-27 02:45:00,2026-05-27 04:47:00,4499.992,4513.14334375,TP,12.87134375000007,122,0.32171420763984837,ml_v3bal_hi3,2026-05
311325,short,2026-05-27 04:45:00,2026-05-27 04:50:00,2026-05-27 05:32:00,4516.394,4503.136864583334,TP,12.977135416666785,42,0.28308825534067705,ml_v3bal_hi3,2026-05
311334,short,2026-05-27 05:30:00,2026-05-27 05:35:00,2026-05-27 05:52:00,4496.827,4501.954343061806,SL,-5.407343061805586,17,0.28210318707974197,ml_v3bal_hi3,2026-05
311338,short,2026-05-27 05:50:00,2026-05-27 05:55:00,2026-05-27 06:21:00,4498.797,4485.2169791666665,TP,13.300020833333408,26,0.27726469401792164,ml_v3bal_hi3,2026-05
311344,short,2026-05-27 06:20:00,2026-05-27 06:25:00,2026-05-27 08:22:00,4486.601,4491.825064942708,SL,-5.504064942708365,117,0.27544702541740906,ml_v3bal_hi3,2026-05
311368,short,2026-05-27 08:20:00,2026-05-27 08:25:00,2026-05-27 08:41:00,4490.478,4495.75279700382,SL,-5.554797003819476,16,0.27901398307403313,ml_v3bal_hi3,2026-05
311376,short,2026-05-27 09:00:00,2026-05-27 09:05:00,2026-05-27 10:23:00,4492.107,4478.353489583334,TP,13.47351041666674,78,0.2777184400969065,ml_v3bal_hi3,2026-05
311392,short,2026-05-27 10:20:00,2026-05-27 10:25:00,2026-05-27 10:39:00,4479.882,4466.252187499999,TP,13.349812500000052,14,0.28429814799607156,ml_v3bal_hi3,2026-05
311395,short,2026-05-27 10:35:00,2026-05-27 10:40:00,2026-05-27 10:41:00,4463.874,4469.092560768056,SL,-5.498560768055575,1,0.28573127120038333,ml_v3bal_hi3,2026-05
311396,short,2026-05-27 10:40:00,2026-05-27 10:45:00,2026-05-27 10:46:00,4465.776,4452.056531249999,TP,13.439468750000051,1,0.2851025763084537,ml_v3bal_hi3,2026-05
311397,short,2026-05-27 10:45:00,2026-05-27 10:50:00,2026-05-27 11:30:00,4448.589,4434.687427083333,TP,13.62157291666672,40,0.27694197028180423,ml_v3bal_hi3,2026-05
311410,long,2026-05-27 11:50:00,2026-05-27 11:55:00,2026-05-27 11:58:00,4433.618,4428.211158362154,SL,-5.68684163784724,3,0.3168411406122459,ml_v3bal_hi3,2026-05
311411,long,2026-05-27 11:55:00,2026-05-27 12:00:00,2026-05-27 12:18:00,4428.325,4442.597885416667,TP,13.992885416666716,18,0.31871815884608456,ml_v3bal_hi3,2026-05
311420,long,2026-05-27 12:40:00,2026-05-27 12:45:00,2026-05-27 12:50:00,4447.15,4441.47325935243,SL,-5.9567406475694575,5,0.31967384939361687,ml_v3bal_hi3,2026-05
311425,long,2026-05-27 13:05:00,2026-05-27 13:10:00,2026-05-27 13:20:00,4414.436,4408.684478770486,SL,-6.031521229513903,10,0.31921367749780727,ml_v3bal_hi3,2026-05
311428,long,2026-05-27 13:20:00,2026-05-27 13:25:00,2026-05-27 13:27:00,4416.421,4410.603515979514,SL,-6.097484020486119,2,0.3208333595041379,ml_v3bal_hi3,2026-05
311483,long,2026-05-27 17:55:00,2026-05-27 18:00:00,2026-05-27 23:52:00,4450.493,4444.4561029899305,SL,-6.316897010069452,290,0.31855096589799853,ml_v3bal_hi3,2026-05
311561,short,2026-05-28 01:25:00,2026-05-28 01:30:00,2026-05-28 01:31:00,4419.175,4425.246009400347,SL,-6.351009400347229,1,0.2774933765325114,ml_v3bal_hi3,2026-05
311564,short,2026-05-28 01:40:00,2026-05-28 01:45:00,2026-05-28 02:12:00,4417.824,4401.75390625,TP,15.790093750000034,27,0.27825948879906653,ml_v3bal_hi3,2026-05
311570,short,2026-05-28 02:10:00,2026-05-28 02:15:00,2026-05-28 02:30:00,4402.747,4408.96301880625,SL,-6.496018806250009,15,0.2768263305160078,ml_v3bal_hi3,2026-05
311574,short,2026-05-28 02:30:00,2026-05-28 02:35:00,2026-05-28 02:56:00,4409.084,4392.7557916666665,TP,16.048208333333367,21,0.2764896737556376,ml_v3bal_hi3,2026-05
311598,short,2026-05-28 04:30:00,2026-05-28 04:35:00,2026-05-28 05:25:00,4371.181,4377.685843128819,SL,-6.784843128819455,50,0.27535931101382205,ml_v3bal_hi3,2026-05
311609,short,2026-05-28 05:25:00,2026-05-28 05:30:00,2026-05-28 05:32:00,4378.437,4385.020798470486,SL,-6.863798470486124,2,0.2779594932841114,ml_v3bal_hi3,2026-05
311617,short,2026-05-28 06:05:00,2026-05-28 06:10:00,2026-05-28 07:00:00,4379.995,4386.628641609375,SL,-6.913641609375003,50,0.27565388131607094,ml_v3bal_hi3,2026-05
311635,short,2026-05-28 07:35:00,2026-05-28 07:40:00,2026-05-28 09:21:00,4389.009,4395.591282540625,SL,-6.862282540625014,101,0.27573011303825734,ml_v3bal_hi3,2026-05
311657,long,2026-05-28 09:25:00,2026-05-28 09:30:00,2026-05-28 10:44:00,4396.193,4389.586371308334,SL,-6.886628691666667,74,0.3253777553748311,ml_v3bal_hi3,2026-05
311714,long,2026-05-28 14:10:00,2026-05-28 14:15:00,2026-05-28 14:16:00,4464.174,4457.566736363889,SL,-6.887263636111122,1,0.32709215629060756,ml_v3bal_hi3,2026-05
311715,long,2026-05-28 14:15:00,2026-05-28 14:20:00,2026-05-28 14:22:00,4464.498,4457.848929240625,SL,-6.929070759375009,2,0.32563244682825365,ml_v3bal_hi3,2026-05
311716,long,2026-05-28 14:20:00,2026-05-28 14:25:00,2026-05-28 14:38:00,4461.364,4454.706055892014,SL,-6.937944107986124,13,0.33843535077356424,ml_v3bal_hi3,2026-05
311719,long,2026-05-28 14:35:00,2026-05-28 14:40:00,2026-05-28 14:45:00,4459.424,4476.636177083334,TP,16.932177083333357,5,0.3326371328487262,ml_v3bal_hi3,2026-05
311721,long,2026-05-28 14:45:00,2026-05-28 14:50:00,2026-05-28 16:05:00,4467.931,4485.2549687499995,TP,17.043968750000026,75,0.31656945502023937,ml_v3bal_hi3,2026-05
311737,long,2026-05-28 16:05:00,2026-05-28 16:10:00,2026-05-28 16:20:00,4481.395,4498.259989583334,TP,16.58498958333336,10,0.3210975705310486,ml_v3bal_hi3,2026-05
311851,long,2026-05-29 02:35:00,2026-05-29 02:40:00,2026-05-29 03:00:00,4505.987,4499.60668931875,SL,-6.660310681250001,20,0.3215300670545209,ml_v3bal_hi3,2026-05
311864,long,2026-05-29 03:40:00,2026-05-29 03:45:00,2026-05-29 04:57:00,4497.892,4514.185708333333,TP,16.013708333333323,72,0.3173291954383741,ml_v3bal_hi3,2026-05
311925,long,2026-05-29 08:45:00,2026-05-29 08:50:00,2026-05-29 09:13:00,4511.466,4526.708416666667,TP,14.9624166666666,23,0.3155862617258698,ml_v3bal_hi3,2026-05
311969,long,2026-05-29 12:25:00,2026-05-29 12:30:00,2026-05-29 12:33:00,4522.197,4516.392722823958,SL,-6.084277176041658,3,0.3413560540276206,ml_v3bal_hi3,2026-05
311970,long,2026-05-29 12:30:00,2026-05-29 12:35:00,2026-05-29 13:38:00,4517.173,4532.432770833333,TP,14.979770833333307,63,0.36380930265034095,ml_v3bal_hi3,2026-05
312013,long,2026-05-29 16:05:00,2026-05-29 16:10:00,2026-05-29 17:32:00,4564.322,4558.690852331944,SL,-5.911147668055546,82,0.3309907750809727,ml_v3bal_hi3,2026-05
312061,long,2026-05-29 20:05:00,2026-05-29 20:10:00,2026-05-29 20:53:00,4545.935,4540.481557408334,SL,-5.733442591666679,43,0.3225553161975032,ml_v3bal_hi3,2026-05
312140,short,2026-06-01 03:40:00,2026-06-01 03:45:00,2026-06-01 04:00:00,4510.792,4516.634830209028,SL,-6.1228302090277555,15,0.2761312736859042,ml_v3bal_hi3,2026-06
312153,short,2026-06-01 04:45:00,2026-06-01 04:50:00,2026-06-01 05:05:00,4510.538,4516.379016648958,SL,-6.121016648958313,15,0.2782620652308184,ml_v3bal_hi3,2026-06
312157,short,2026-06-01 05:05:00,2026-06-01 05:10:00,2026-06-01 05:20:00,4516.244,4522.081278413541,SL,-6.11727841354165,10,0.27850259554344986,ml_v3bal_hi3,2026-06
312161,short,2026-06-01 05:25:00,2026-06-01 05:30:00,2026-06-01 06:22:00,4520.516,4505.194666666666,TP,15.041333333333315,52,0.2781683369269091,ml_v3bal_hi3,2026-06
312172,short,2026-06-01 06:20:00,2026-06-01 06:25:00,2026-06-01 06:28:00,4506.237,4512.211354982292,SL,-6.254354982291663,3,0.2802290334095675,ml_v3bal_hi3,2026-06
312173,short,2026-06-01 06:25:00,2026-06-01 06:30:00,2026-06-01 07:44:00,4513.883,4498.1248749999995,TP,15.478124999999988,74,0.2812560065378863,ml_v3bal_hi3,2026-06
312188,short,2026-06-01 07:40:00,2026-06-01 07:45:00,2026-06-01 08:00:00,4498.226,4504.136289087847,SL,-6.190289087847214,15,0.27768311722895583,ml_v3bal_hi3,2026-06
312192,short,2026-06-01 08:00:00,2026-06-01 08:05:00,2026-06-01 08:47:00,4495.808,4501.760373999306,SL,-6.2323739993055485,42,0.2750765465082832,ml_v3bal_hi3,2026-06
312201,short,2026-06-01 08:45:00,2026-06-01 08:50:00,2026-06-01 10:42:00,4501.022,4507.0075101625,SL,-6.265510162499995,112,0.2829082690062233,ml_v3bal_hi3,2026-06
312224,short,2026-06-01 10:40:00,2026-06-01 10:45:00,2026-06-01 11:22:00,4505.738,4511.69876717118,SL,-6.240767171180559,37,0.2757108413155197,ml_v3bal_hi3,2026-06
312254,short,2026-06-01 13:10:00,2026-06-01 13:15:00,2026-06-01 13:22:00,4484.044,4467.988729166666,TP,15.77527083333331,7,0.2868457233480044,ml_v3bal_hi3,2026-06
312256,long,2026-06-01 13:20:00,2026-06-01 13:25:00,2026-06-01 13:31:00,4465.976,4459.7994390225695,SL,-6.456560977430547,6,0.31886098377136785,ml_v3bal_hi3,2026-06
312258,short,2026-06-01 13:30:00,2026-06-01 13:35:00,2026-06-01 13:37:00,4466.271,4472.467851420833,SL,-6.476851420833322,2,0.2788201585780582,ml_v3bal_hi3,2026-06
312259,short,2026-06-01 13:35:00,2026-06-01 13:40:00,2026-06-01 13:51:00,4473.065,4456.665895833333,TP,16.11910416666662,11,0.2803244606028995,ml_v3bal_hi3,2026-06
312288,long,2026-06-01 16:00:00,2026-06-01 16:05:00,2026-06-01 16:10:00,4473.084,4467.044670359028,SL,-6.3193296409721915,5,0.3191529258243937,ml_v3bal_hi3,2026-06
312292,long,2026-06-01 16:20:00,2026-06-01 16:25:00,2026-06-01 17:30:00,4468.433,4484.082447916667,TP,15.369447916666571,65,0.3186044293849841,ml_v3bal_hi3,2026-06
312306,long,2026-06-01 17:30:00,2026-06-01 17:35:00,2026-06-02 00:32:00,4481.062,4496.417989583333,TP,15.075989583333241,355,0.325941276442867,ml_v3bal_hi3,2026-06
312394,long,2026-06-02 01:50:00,2026-06-02 01:55:00,2026-06-02 03:00:00,4473.443,4488.373802083333,TP,14.650802083333229,65,0.3227292890399932,ml_v3bal_hi3,2026-06
312408,long,2026-06-02 03:00:00,2026-06-02 03:05:00,2026-06-02 04:06:00,4488.233,4503.0610625,TP,14.548062499999894,61,0.349537855629184,ml_v3bal_hi3,2026-06
312421,short,2026-06-02 04:05:00,2026-06-02 04:10:00,2026-06-02 04:16:00,4502.064,4507.689254589931,SL,-5.9052545899305215,6,0.28068144888915925,ml_v3bal_hi3,2026-06
312423,short,2026-06-02 04:15:00,2026-06-02 04:20:00,2026-06-02 04:47:00,4507.61,4513.228401158333,SL,-5.898401158333299,27,0.278737145376586,ml_v3bal_hi3,2026-06
312429,short,2026-06-02 04:45:00,2026-06-02 04:50:00,2026-06-02 04:58:00,4512.42,4518.011943817014,SL,-5.871943817013854,8,0.28313377481926905,ml_v3bal_hi3,2026-06
312431,short,2026-06-02 04:55:00,2026-06-02 05:00:00,2026-06-02 05:30:00,4517.154,4522.754225873611,SL,-5.880225873611078,30,0.28368429821957575,ml_v3bal_hi3,2026-06
312438,short,2026-06-02 05:30:00,2026-06-02 05:35:00,2026-06-02 06:22:00,4524.827,4530.450893427778,SL,-5.903893427777737,47,0.28136955929170504,ml_v3bal_hi3,2026-06
312448,short,2026-06-02 06:20:00,2026-06-02 06:25:00,2026-06-02 06:30:00,4529.251,4534.934935361805,SL,-5.963935361805518,5,0.2757094044528561,ml_v3bal_hi3,2026-06
312460,long,2026-06-02 07:20:00,2026-06-02 07:25:00,2026-06-02 07:43:00,4536.593,4530.993151124652,SL,-5.879848875347177,18,0.3250941793579051,ml_v3bal_hi3,2026-06
312464,long,2026-06-02 07:40:00,2026-06-02 07:45:00,2026-06-02 08:56:00,4531.899,4526.343434531251,SL,-5.8355654687499605,71,0.3196639146829023,ml_v3bal_hi3,2026-06
312493,long,2026-06-02 10:05:00,2026-06-02 10:10:00,2026-06-02 12:16:00,4529.502,4524.064649281598,SL,-5.717350718402749,126,0.31855496944846867,ml_v3bal_hi3,2026-06
312523,short,2026-06-02 12:35:00,2026-06-02 12:40:00,2026-06-02 13:21:00,4524.68,4510.759927083333,TP,13.640072916666574,41,0.2758254926156011,ml_v3bal_hi3,2026-06
312533,short,2026-06-02 13:25:00,2026-06-02 13:30:00,2026-06-02 14:17:00,4510.9,4496.776604166666,TP,13.843395833333226,47,0.27804451042102246,ml_v3bal_hi3,2026-06
312638,short,2026-06-02 23:10:00,2026-06-02 23:15:00,2026-06-02 23:28:00,4477.55,4464.916302083334,TP,12.353697916666592,13,0.27523033439710565,ml_v3bal_hi3,2026-06
312641,short,2026-06-02 23:25:00,2026-06-02 23:30:00,2026-06-02 23:44:00,4467.687,4472.562436790277,SL,-5.155436790277754,14,0.2919767849583586,ml_v3bal_hi3,2026-06
312644,short,2026-06-02 23:40:00,2026-06-02 23:45:00,2026-06-03 00:21:00,4474.731,4479.6640421249995,SL,-5.213042124999975,36,0.27665740370347924,ml_v3bal_hi3,2026-06
312656,long,2026-06-03 00:40:00,2026-06-03 00:45:00,2026-06-03 00:48:00,4495.7,4490.672057490972,SL,-5.307942509027748,3,0.32050186816840054,ml_v3bal_hi3,2026-06
312660,short,2026-06-03 01:00:00,2026-06-03 01:05:00,2026-06-03 02:09:00,4473.551,4478.636091477431,SL,-5.3650914774305285,64,0.27654858483222705,ml_v3bal_hi3,2026-06
312673,long,2026-06-03 02:05:00,2026-06-03 02:10:00,2026-06-03 02:46:00,4478.596,4473.5187342128465,SL,-5.357265787152759,36,0.3300129780410815,ml_v3bal_hi3,2026-06
312681,long,2026-06-03 02:45:00,2026-06-03 02:50:00,2026-06-03 04:46:00,4475.395,4470.4193729447925,SL,-5.255627055208318,116,0.33148459920768764,ml_v3bal_hi3,2026-06
312705,long,2026-06-03 04:45:00,2026-06-03 04:50:00,2026-06-03 05:27:00,4471.258,4466.4811542083335,SL,-5.056845791666679,37,0.3241758664351566,ml_v3bal_hi3,2026-06
312714,short,2026-06-03 05:30:00,2026-06-03 05:35:00,2026-06-03 06:18:00,4464.899,4469.704501628125,SL,-5.0855016281250105,43,0.2900676743323418,ml_v3bal_hi3,2026-06
312724,short,2026-06-03 06:20:00,2026-06-03 06:25:00,2026-06-03 07:03:00,4460.398,4465.339637685417,SL,-5.221637685416682,38,0.28837544084575406,ml_v3bal_hi3,2026-06
312732,long,2026-06-03 07:00:00,2026-06-03 07:05:00,2026-06-03 07:26:00,4465.112,4460.154246630903,SL,-5.237753369097244,21,0.3249515022579841,ml_v3bal_hi3,2026-06
312737,short,2026-06-03 07:25:00,2026-06-03 07:30:00,2026-06-03 07:34:00,4456.006,4460.9405461496535,SL,-5.214546149652803,4,0.2859648543028046,ml_v3bal_hi3,2026-06
312738,short,2026-06-03 07:30:00,2026-06-03 07:35:00,2026-06-03 08:51:00,4461.324,4448.336770833333,TP,12.707229166666728,76,0.2914889313874639,ml_v3bal_hi3,2026-06
312754,short,2026-06-03 08:50:00,2026-06-03 08:55:00,2026-06-03 09:03:00,4444.912,4449.983436203473,SL,-5.351436203472258,8,0.2836765574840714,ml_v3bal_hi3,2026-06
312756,short,2026-06-03 09:00:00,2026-06-03 09:05:00,2026-06-03 09:07:00,4450.926,4456.025853935765,SL,-5.379853935763925,2,0.289352035471356,ml_v3bal_hi3,2026-06
312758,short,2026-06-03 09:10:00,2026-06-03 09:15:00,2026-06-03 10:06:00,4451.39,4456.5083189138895,SL,-5.398318913888919,51,0.2953546083071493,ml_v3bal_hi3,2026-06
312812,short,2026-06-03 13:40:00,2026-06-03 13:45:00,2026-06-03 13:46:00,4427.592,4433.194856924652,SL,-5.882856924652789,1,0.2851408884297809,ml_v3bal_hi3,2026-06
312813,short,2026-06-03 13:45:00,2026-06-03 13:50:00,2026-06-03 13:51:00,4436.756,4442.381234747917,SL,-5.905234747916679,1,0.2836417873998065,ml_v3bal_hi3,2026-06
312815,long,2026-06-03 13:55:00,2026-06-03 14:00:00,2026-06-03 15:23:00,4445.867,4440.208510036806,SL,-5.938489963194461,83,0.3202124350476469,ml_v3bal_hi3,2026-06
312832,long,2026-06-03 15:20:00,2026-06-03 15:25:00,2026-06-03 15:37:00,4443.255,4437.595609209375,SL,-5.939390790624994,12,0.3321281093361611,ml_v3bal_hi3,2026-06
312835,long,2026-06-03 15:35:00,2026-06-03 15:40:00,2026-06-03 20:33:00,4438.957,4433.290545452431,SL,-5.946454547569441,293,0.3254051935885043,ml_v3bal_hi3,2026-06
312894,long,2026-06-03 20:30:00,2026-06-03 20:35:00,2026-06-03 22:16:00,4433.955,4428.331630401389,SL,-5.903369598611126,39,0.33097069890099035,ml_v3bal_hi3,2026-06
312904,long,2026-06-03 22:20:00,2026-06-03 22:25:00,2026-06-03 22:56:00,4429.865,4444.895354166667,TP,14.750354166666712,31,0.330025349835659,ml_v3bal_hi3,2026-06
312911,long,2026-06-03 22:55:00,2026-06-03 23:00:00,2026-06-03 23:46:00,4448.735,4464.06965625,TP,15.054656250000042,46,0.3188837938219078,ml_v3bal_hi3,2026-06
312936,long,2026-06-04 01:00:00,2026-06-04 01:05:00,2026-06-04 01:20:00,4453.869,4469.332364583333,TP,15.183364583333374,15,0.32043497670027016,ml_v3bal_hi3,2026-06
312945,short,2026-06-04 01:45:00,2026-06-04 01:50:00,2026-06-04 02:51:00,4465.8,4471.763271233333,SL,-6.243271233333348,61,0.2753094767611271,ml_v3bal_hi3,2026-06
312958,short,2026-06-04 02:50:00,2026-06-04 02:55:00,2026-06-04 03:47:00,4474.453,4458.856510416667,TP,15.316489583333409,52,0.2826792152872081,ml_v3bal_hi3,2026-06
312969,short,2026-06-04 03:45:00,2026-06-04 03:50:00,2026-06-04 04:00:00,4459.887,4465.7887213062495,SL,-6.1817213062500285,10,0.2815830879065249,ml_v3bal_hi3,2026-06
312972,short,2026-06-04 04:00:00,2026-06-04 04:05:00,2026-06-04 04:13:00,4463.905,4469.783053752083,SL,-6.1580537520833545,8,0.28060117257156614,ml_v3bal_hi3,2026-06
312974,short,2026-06-04 04:10:00,2026-06-04 04:15:00,2026-06-04 04:31:00,4471.126,4477.027126045834,SL,-6.181126045833353,16,0.2872543296922527,ml_v3bal_hi3,2026-06
312978,short,2026-06-04 04:30:00,2026-06-04 04:35:00,2026-06-04 06:47:00,4479.964,4464.381791666667,TP,15.302208333333361,132,0.2836160484613086,ml_v3bal_hi3,2026-06
313008,long,2026-06-04 07:00:00,2026-06-04 07:05:00,2026-06-04 07:12:00,4470.036,4464.057795667014,SL,-6.258204332986119,7,0.3190978668853802,ml_v3bal_hi3,2026-06
313042,long,2026-06-04 09:50:00,2026-06-04 09:55:00,2026-06-04 10:00:00,4474.793,4468.944506880208,SL,-6.128493119791654,5,0.33582404754549644,ml_v3bal_hi3,2026-06
313057,long,2026-06-04 11:05:00,2026-06-04 11:10:00,2026-06-04 11:30:00,4477.539,4492.423718749999,TP,14.604718749999991,20,0.3200483607016918,ml_v3bal_hi3,2026-06
313139,long,2026-06-04 17:55:00,2026-06-04 18:00:00,2026-06-04 22:49:00,4478.301,4472.6181242017365,SL,-5.962875798263904,227,0.31760349652157993,ml_v3bal_hi3,2026-06
313202,short,2026-06-05 00:10:00,2026-06-05 00:15:00,2026-06-05 00:34:00,4455.441,4460.9646833208335,SL,-5.803683320833349,19,0.27573497135830094,ml_v3bal_hi3,2026-06
313211,short,2026-06-05 00:55:00,2026-06-05 01:00:00,2026-06-05 01:03:00,4459.329,4464.8658266708335,SL,-5.816826670833344,3,0.2762100568958111,ml_v3bal_hi3,2026-06
313228,short,2026-06-05 02:20:00,2026-06-05 02:25:00,2026-06-05 03:01:00,4452.695,4438.058885416666,TP,14.356114583333364,36,0.27831893019418963,ml_v3bal_hi3,2026-06
313242,short,2026-06-05 03:30:00,2026-06-05 03:35:00,2026-06-05 04:55:00,4439.865,4445.379103596528,SL,-5.79410359652778,80,0.2774108402492221,ml_v3bal_hi3,2026-06
313259,short,2026-06-05 04:55:00,2026-06-05 05:00:00,2026-06-05 06:18:00,4445.188,4430.929,TP,13.978999999999987,78,0.2889112729970079,ml_v3bal_hi3,2026-06
313275,short,2026-06-05 06:15:00,2026-06-05 06:20:00,2026-06-05 06:23:00,4436.517,4442.004844675347,SL,-5.767844675347227,3,0.28653648108590846,ml_v3bal_hi3,2026-06
313276,short,2026-06-05 06:20:00,2026-06-05 06:25:00,2026-06-05 06:36:00,4443.906,4449.419087685416,SL,-5.793087685416672,11,0.2793775706112044,ml_v3bal_hi3,2026-06
313286,long,2026-06-05 07:10:00,2026-06-05 07:15:00,2026-06-05 11:51:00,4458.538,4473.095916666666,TP,14.27791666666669,276,0.32090045937326017,ml_v3bal_hi3,2026-06
313354,short,2026-06-05 12:50:00,2026-06-05 12:55:00,2026-06-05 13:00:00,4416.97,4402.623416666667,TP,14.066583333333371,5,0.2804369703795757,ml_v3bal_hi3,2026-06
313356,short,2026-06-05 13:00:00,2026-06-05 13:05:00,2026-06-05 13:09:00,4411.719,4417.209443979166,SL,-5.770443979166678,4,0.2793485981767777,ml_v3bal_hi3,2026-06
313357,short,2026-06-05 13:05:00,2026-06-05 13:10:00,2026-06-05 13:30:00,4416.379,4401.9426875,TP,14.156312500000025,20,0.2804223708255623,ml_v3bal_hi3,2026-06
313362,short,2026-06-05 13:30:00,2026-06-05 13:35:00,2026-06-05 13:37:00,4405.218,4390.59625,TP,14.34175000000002,2,0.2797474873607758,ml_v3bal_hi3,2026-06
313363,short,2026-06-05 13:35:00,2026-06-05 13:40:00,2026-06-05 13:41:00,4392.21,4397.8369887819445,SL,-5.906988781944453,1,0.277969483789528,ml_v3bal_hi3,2026-06
313364,short,2026-06-05 13:40:00,2026-06-05 13:45:00,2026-06-05 13:59:00,4389.512,4374.674656249999,TP,14.557343750000031,14,0.277969483789528,ml_v3bal_hi3,2026-06
313381,long,2026-06-05 15:05:00,2026-06-05 15:10:00,2026-06-05 15:14:00,4361.975,4356.094239797222,SL,-6.160760202777799,4,0.324808588824701,ml_v3bal_hi3,2026-06
313454,short,2026-06-07 22:10:00,2026-06-07 22:15:00,2026-06-07 23:33:00,4329.838,4336.490420091319,SL,-6.932420091319469,78,0.2817216572937006,ml_v3bal_hi3,2026-06
313470,short,2026-06-07 23:30:00,2026-06-07 23:35:00,2026-06-07 23:48:00,4333.99,4340.892969169097,SL,-7.182969169097245,13,0.29083213171386413,ml_v3bal_hi3,2026-06
313473,short,2026-06-07 23:45:00,2026-06-07 23:50:00,2026-06-08 00:20:00,4341.833,4348.760474056249,SL,-7.187474056250023,30,0.28363367563590336,ml_v3bal_hi3,2026-06
313480,short,2026-06-08 00:20:00,2026-06-08 00:25:00,2026-06-08 01:07:00,4350.899,4332.676458333333,TP,17.942541666666706,42,0.27628749880490566,ml_v3bal_hi3,2026-06
313490,short,2026-06-08 01:10:00,2026-06-08 01:15:00,2026-06-08 01:30:00,4327.18,4308.729541666667,TP,18.170458333333386,15,0.2946488047033953,ml_v3bal_hi3,2026-06
313494,short,2026-06-08 01:30:00,2026-06-08 01:35:00,2026-06-08 01:41:00,4315.47,4322.6437650378475,SL,-7.453765037847246,6,0.29257238313939865,ml_v3bal_hi3,2026-06
313496,short,2026-06-08 01:40:00,2026-06-08 01:45:00,2026-06-08 02:38:00,4326.067,4307.163885416667,TP,18.623114583333404,53,0.2780048424999448,ml_v3bal_hi3,2026-06
313507,short,2026-06-08 02:35:00,2026-06-08 02:40:00,2026-06-08 02:47:00,4311.683,4318.8459828875,SL,-7.422982887500025,7,0.2941925859366622,ml_v3bal_hi3,2026-06
313509,short,2026-06-08 02:45:00,2026-06-08 02:50:00,2026-06-08 05:34:00,4317.384,4298.537447916667,TP,18.56655208333339,164,0.29502635060894156,ml_v3bal_hi3,2026-06
313542,short,2026-06-08 05:30:00,2026-06-08 05:35:00,2026-06-08 05:52:00,4287.28,4294.585404894791,SL,-7.585404894791681,17,0.2950052264303126,ml_v3bal_hi3,2026-06
313546,short,2026-06-08 05:50:00,2026-06-08 05:55:00,2026-06-08 06:00:00,4289.781,4297.232358780556,SL,-7.711358780555568,5,0.2856986051427003,ml_v3bal_hi3,2026-06
313548,short,2026-06-08 06:00:00,2026-06-08 06:05:00,2026-06-08 06:22:00,4303.493,4311.007214312153,SL,-7.79421431215279,17,0.28422082619881756,ml_v3bal_hi3,2026-06
313552,short,2026-06-08 06:20:00,2026-06-08 06:25:00,2026-06-08 07:25:00,4308.1,4315.676577761806,SL,-7.856577761805561,60,0.2854510660669816,ml_v3bal_hi3,2026-06
313565,short,2026-06-08 07:25:00,2026-06-08 07:30:00,2026-06-08 08:27:00,4306.314,4286.267177083334,TP,19.766822916666666,57,0.2878099049828065,ml_v3bal_hi3,2026-06
313577,short,2026-06-08 08:25:00,2026-06-08 08:30:00,2026-06-08 09:37:00,4288.077,4295.719179428125,SL,-7.922179428124999,67,0.2811302107823744,ml_v3bal_hi3,2026-06
313591,short,2026-06-08 09:35:00,2026-06-08 09:40:00,2026-06-08 09:48:00,4293.584,4301.396955673264,SL,-8.092955673263893,8,0.29578410135677335,ml_v3bal_hi3,2026-06
313594,short,2026-06-08 09:50:00,2026-06-08 09:55:00,2026-06-08 10:34:00,4293.663,4301.5507997496525,SL,-8.167799749652785,39,0.2819770842247966,ml_v3bal_hi3,2026-06
313602,long,2026-06-08 10:30:00,2026-06-08 10:35:00,2026-06-08 11:19:00,4303.46,4324.298833333333,TP,20.578833333333364,44,0.32420529859022246,ml_v3bal_hi3,2026-06
313664,short,2026-06-08 15:40:00,2026-06-08 15:45:00,2026-06-08 22:47:00,4338.97,4326.693,TIMEOUT,11.997000000000044,360,0.27529287764831945,ml_v3bal_hi3,2026-06
313764,short,2026-06-09 01:00:00,2026-06-09 01:05:00,2026-06-09 01:16:00,4321.381,4328.154416692014,SL,-7.053416692013909,11,0.2757337525317173,ml_v3bal_hi3,2026-06
313767,short,2026-06-09 01:15:00,2026-06-09 01:20:00,2026-06-09 01:22:00,4323.898,4330.689611818751,SL,-7.0716118187500205,2,0.27691727383293163,ml_v3bal_hi3,2026-06
313768,short,2026-06-09 01:20:00,2026-06-09 01:25:00,2026-06-09 01:28:00,4327.437,4334.244779091667,SL,-7.087779091666685,3,0.28131230152937675,ml_v3bal_hi3,2026-06
313769,short,2026-06-09 01:25:00,2026-06-09 01:30:00,2026-06-09 03:15:00,4335.366,4342.200149128125,SL,-7.1141491281250175,105,0.28022555984350944,ml_v3bal_hi3,2026-06
313791,long,2026-06-09 03:15:00,2026-06-09 03:20:00,2026-06-09 04:14:00,4339.502,4332.999950626737,SL,-6.78204937326391,54,0.37942554184606136,ml_v3bal_hi3,2026-06
313802,long,2026-06-09 04:10:00,2026-06-09 04:15:00,2026-06-09 04:33:00,4332.205,4325.784763218403,SL,-6.700236781597251,18,0.3410073787962835,ml_v3bal_hi3,2026-06
313811,long,2026-06-09 04:55:00,2026-06-09 05:00:00,2026-06-09 05:42:00,4332.243,4349.076666666667,TP,16.553666666666743,42,0.32374577651546677,ml_v3bal_hi3,2026-06
313820,long,2026-06-09 05:40:00,2026-06-09 05:45:00,2026-06-09 05:55:00,4348.641,4342.211219209722,SL,-6.70978079027781,10,0.3580166044144686,ml_v3bal_hi3,2026-06
313823,long,2026-06-09 05:55:00,2026-06-09 06:00:00,2026-06-09 06:30:00,4343.485,4337.058636004514,SL,-6.706363995486143,30,0.3483570297084584,ml_v3bal_hi3,2026-06
313831,long,2026-06-09 06:35:00,2026-06-09 06:40:00,2026-06-09 06:58:00,4337.74,4331.472530851735,SL,-6.547469148263925,18,0.3346252860764371,ml_v3bal_hi3,2026-06
313864,short,2026-06-09 09:20:00,2026-06-09 09:25:00,2026-06-09 10:59:00,4333.549,4339.482448686458,SL,-6.1934486864583835,94,0.27827919221634334,ml_v3bal_hi3,2026-06
313883,short,2026-06-09 10:55:00,2026-06-09 11:00:00,2026-06-09 13:00:00,4338.945,4344.712716281249,SL,-6.04771628125005,120,0.27797431739455114,ml_v3bal_hi3,2026-06
313908,short,2026-06-09 13:00:00,2026-06-09 13:05:00,2026-06-09 13:41:00,4339.425,4325.1170625,TP,14.02793750000014,36,0.286983331931973,ml_v3bal_hi3,2026-06
313916,short,2026-06-09 13:40:00,2026-06-09 13:45:00,2026-06-09 13:46:00,4329.977,4335.371571336458,SL,-5.674571336458386,1,0.290193842171055,ml_v3bal_hi3,2026-06
313918,short,2026-06-09 13:50:00,2026-06-09 13:55:00,2026-06-09 14:14:00,4334.298,4319.698708333333,TP,14.319291666666802,19,0.2829107994449215,ml_v3bal_hi3,2026-06
313922,short,2026-06-09 14:10:00,2026-06-09 14:15:00,2026-06-09 14:18:00,4320.847,4306.149427083333,TP,14.417572916666815,3,0.2816358908538262,ml_v3bal_hi3,2026-06
313923,short,2026-06-09 14:15:00,2026-06-09 14:20:00,2026-06-09 14:22:00,4311.442,4317.092199969792,SL,-5.930199969791719,2,0.27939177748258637,ml_v3bal_hi3,2026-06
313924,short,2026-06-09 14:20:00,2026-06-09 14:25:00,2026-06-09 14:39:00,4318.327,4303.495177083333,TP,14.551822916666795,14,0.2781152546077542,ml_v3bal_hi3,2026-06
313984,long,2026-06-09 19:20:00,2026-06-09 19:25:00,2026-06-09 22:41:00,4255.555,4249.206178594792,SL,-6.608821405208423,134,0.31770562267335445,ml_v3bal_hi3,2026-06
314031,short,2026-06-10 00:15:00,2026-06-10 00:20:00,2026-06-10 00:32:00,4227.292,4209.382791666667,TP,17.649208333333515,12,0.2798274373069579,ml_v3bal_hi3,2026-06
314034,short,2026-06-10 00:30:00,2026-06-10 00:35:00,2026-06-10 00:58:00,4206.426,4213.301202254862,SL,-7.13520225486118,23,0.27569901099355765,ml_v3bal_hi3,2026-06
314039,short,2026-06-10 00:55:00,2026-06-10 01:00:00,2026-06-10 01:03:00,4217.934,4199.654447916667,TP,18.01955208333352,3,0.28446647545724024,ml_v3bal_hi3,2026-06
314041,short,2026-06-10 01:05:00,2026-06-10 01:10:00,2026-06-10 01:12:00,4195.316,4202.390158128125,SL,-7.334158128125073,2,0.27596271362101116,ml_v3bal_hi3,2026-06
314042,short,2026-06-10 01:10:00,2026-06-10 01:15:00,2026-06-10 01:16:00,4203.134,4210.236944921875,SL,-7.362944921875072,1,0.2835385432499061,ml_v3bal_hi3,2026-06
314044,short,2026-06-10 01:20:00,2026-06-10 01:25:00,2026-06-10 02:06:00,4200.884,4181.99740625,TP,18.62659375000019,41,0.2842024942892204,ml_v3bal_hi3,2026-06
314061,short,2026-06-10 02:45:00,2026-06-10 02:50:00,2026-06-10 05:36:00,4187.313,4194.770287574306,SL,-7.717287574305625,166,0.27957567666912575,ml_v3bal_hi3,2026-06
314095,short,2026-06-10 05:35:00,2026-06-10 05:40:00,2026-06-10 05:48:00,4194.133,4201.671223148958,SL,-7.798223148958393,8,0.2899370905429042,ml_v3bal_hi3,2026-06
314097,short,2026-06-10 05:45:00,2026-06-10 05:50:00,2026-06-10 06:03:00,4202.751,4210.322529953472,SL,-7.831529953472279,13,0.2827455218336595,ml_v3bal_hi3,2026-06
314100,short,2026-06-10 06:00:00,2026-06-10 06:05:00,2026-06-10 06:07:00,4210.884,4218.471078155556,SL,-7.847078155555607,2,0.2817283983728898,ml_v3bal_hi3,2026-06
314101,short,2026-06-10 06:05:00,2026-06-10 06:10:00,2026-06-10 07:28:00,4214.14,4194.138572916667,TP,19.74142708333347,78,0.28146677868580944,ml_v3bal_hi3,2026-06
314117,short,2026-06-10 07:25:00,2026-06-10 07:30:00,2026-06-10 08:02:00,4194.847,4174.709927083333,TP,19.87707291666683,32,0.29869610670193936,ml_v3bal_hi3,2026-06
314124,short,2026-06-10 08:00:00,2026-06-10 08:05:00,2026-06-10 08:12:00,4164.521,4172.2784377184025,SL,-8.017437718402844,7,0.290400625817409,ml_v3bal_hi3,2026-06
314126,short,2026-06-10 08:10:00,2026-06-10 08:15:00,2026-06-10 08:16:00,4166.502,4174.301455167014,SL,-8.059455167013954,1,0.2956999254477873,ml_v3bal_hi3,2026-06
314127,short,2026-06-10 08:15:00,2026-06-10 08:20:00,2026-06-10 11:45:00,4173.59,4153.053125,TP,20.27687500000017,205,0.2953688384432822,ml_v3bal_hi3,2026-06
314169,short,2026-06-10 11:45:00,2026-06-10 11:50:00,2026-06-10 12:27:00,4155.413,4133.6415729166665,TP,21.511427083333473,37,0.2987289150751714,ml_v3bal_hi3,2026-06
314177,short,2026-06-10 12:25:00,2026-06-10 12:30:00,2026-06-10 12:31:00,4141.034,4149.471780690625,SL,-8.69778069062505,1,0.29178165700608594,ml_v3bal_hi3,2026-06
314178,short,2026-06-10 12:30:00,2026-06-10 12:35:00,2026-06-10 12:37:00,4162.23,4170.794015582986,SL,-8.84401558298616,2,0.2828587138378298,ml_v3bal_hi3,2026-06
314179,short,2026-06-10 12:35:00,2026-06-10 12:40:00,2026-06-10 12:46:00,4160.978,4169.604486179514,SL,-8.886486179513938,6,0.28240445193883534,ml_v3bal_hi3,2026-06
314181,short,2026-06-10 12:45:00,2026-06-10 12:50:00,2026-06-10 13:17:00,4157.91,4135.074385416667,TP,22.575614583333465,27,0.2836774578315751,ml_v3bal_hi3,2026-06
314187,short,2026-06-10 13:15:00,2026-06-10 13:20:00,2026-06-10 13:24:00,4135.751,4144.634793447222,SL,-9.14379344722226,4,0.29105587131442445,ml_v3bal_hi3,2026-06
314188,short,2026-06-10 13:20:00,2026-06-10 13:25:00,2026-06-10 13:30:00,4144.014,4152.928564442362,SL,-9.174564442361149,5,0.2950587033678989,ml_v3bal_hi3,2026-06
314190,short,2026-06-10 13:30:00,2026-06-10 13:35:00,2026-06-10 13:36:00,4143.054,4152.007073822917,SL,-9.213073822916707,1,0.292304134314249,ml_v3bal_hi3,2026-06
314271,long,2026-06-10 20:15:00,2026-06-10 20:20:00,2026-06-10 22:02:00,4074.062,4065.229843409722,SL,-9.092156590277783,40,0.3190195988327645,ml_v3bal_hi3,2026-06
314302,short,2026-06-10 23:50:00,2026-06-10 23:55:00,2026-06-11 00:17:00,4051.124,4060.5833031232637,SL,-9.719303123263893,22,0.2750267673793234,ml_v3bal_hi3,2026-06
314307,short,2026-06-11 00:15:00,2026-06-11 00:20:00,2026-06-11 00:33:00,4064.945,4074.5790318975696,SL,-9.894031897569443,13,0.2756517975938599,ml_v3bal_hi3,2026-06
314310,short,2026-06-11 00:30:00,2026-06-11 00:35:00,2026-06-11 00:42:00,4064.467,4074.161760365278,SL,-9.954760365277776,7,0.2750506048968714,ml_v3bal_hi3,2026-06
314312,short,2026-06-11 00:40:00,2026-06-11 00:45:00,2026-06-11 00:51:00,4063.472,4073.202599010764,SL,-9.990599010763887,6,0.2750506048968714,ml_v3bal_hi3,2026-06
314314,short,2026-06-11 00:50:00,2026-06-11 00:55:00,2026-06-11 01:00:00,4069.27,4078.988558876736,SL,-9.97855887673611,5,0.27731132790343027,ml_v3bal_hi3,2026-06
314318,long,2026-06-11 01:10:00,2026-06-11 01:15:00,2026-06-11 01:34:00,4086.581,4112.341875,TP,25.500874999999997,19,0.3203832134410638,ml_v3bal_hi3,2026-06
314329,long,2026-06-11 02:05:00,2026-06-11 02:10:00,2026-06-11 02:28:00,4094.507,4084.7847028878473,SL,-9.982297112152779,18,0.3258739547201228,ml_v3bal_hi3,2026-06
314333,long,2026-06-11 02:25:00,2026-06-11 02:30:00,2026-06-11 02:31:00,4082.646,4073.0000113048613,SL,-9.905988695138888,1,0.33610620090872967,ml_v3bal_hi3,2026-06
314334,long,2026-06-11 02:30:00,2026-06-11 02:35:00,2026-06-11 02:40:00,4073.353,4063.6860700434027,SL,-9.926929956597224,5,0.34250856217886827,ml_v3bal_hi3,2026-06
314336,long,2026-06-11 02:40:00,2026-06-11 02:45:00,2026-06-11 04:20:00,4059.303,4084.6433020833333,TP,25.08030208333334,95,0.3210338956161929,ml_v3bal_hi3,2026-06
314356,long,2026-06-11 04:20:00,2026-06-11 04:25:00,2026-06-11 05:49:00,4081.23,4106.356354166666,TP,24.86635416666667,84,0.34468465300538376,ml_v3bal_hi3,2026-06
314378,long,2026-06-11 06:10:00,2026-06-11 06:15:00,2026-06-11 07:26:00,4084.121,4109.836895833333,TP,25.455895833333326,71,0.3179109150187881,ml_v3bal_hi3,2026-06
314399,long,2026-06-11 07:55:00,2026-06-11 08:00:00,2026-06-11 08:32:00,4104.722,4095.0037347850694,SL,-9.978265214930554,32,0.32503635111432805,ml_v3bal_hi3,2026-06
314420,long,2026-06-11 09:40:00,2026-06-11 09:45:00,2026-06-11 11:40:00,4091.544,4082.0219564288195,SL,-9.782043571180553,115,0.3365749267836833,ml_v3bal_hi3,2026-06
314446,long,2026-06-11 11:50:00,2026-06-11 11:55:00,2026-06-11 12:10:00,4086.024,4076.667752328472,SL,-9.616247671527764,15,0.3290286764806575,ml_v3bal_hi3,2026-06
314450,long,2026-06-11 12:10:00,2026-06-11 12:15:00,2026-06-11 12:22:00,4076.409,4067.0996271020836,SL,-9.56937289791665,7,0.34624496644391145,ml_v3bal_hi3,2026-06
314454,long,2026-06-11 12:30:00,2026-06-11 12:35:00,2026-06-11 13:45:00,4062.578,4087.214520833333,TP,24.376520833333284,70,0.32014016094799735,ml_v3bal_hi3,2026-06
314523,long,2026-06-11 18:15:00,2026-06-11 18:20:00,2026-06-11 18:22:00,4161.291,4151.974162536459,SL,-9.576837463541668,2,0.3208077794873417,ml_v3bal_hi3,2026-06
314526,long,2026-06-11 18:30:00,2026-06-11 18:35:00,2026-06-11 19:11:00,4153.845,4178.373416666667,TP,24.26841666666667,36,0.3208787221448633,ml_v3bal_hi3,2026-06
314553,long,2026-06-11 20:45:00,2026-06-11 20:50:00,2026-06-11 22:55:00,4211.373,4236.428270833333,TP,24.7952708333333,63,0.3293653341941856,ml_v3bal_hi3,2026-06
314573,long,2026-06-11 23:25:00,2026-06-11 23:30:00,2026-06-12 00:44:00,4216.597,4206.978770282291,SL,-9.878229717708319,74,0.3272285976831415,ml_v3bal_hi3,2026-06
314606,short,2026-06-12 02:10:00,2026-06-12 02:15:00,2026-06-12 03:29:00,4193.76,4202.95644406007,SL,-9.456444060069446,74,0.27632706261267104,ml_v3bal_hi3,2026-06
314623,short,2026-06-12 03:35:00,2026-06-12 03:40:00,2026-06-12 05:34:00,4202.11,4178.50384375,TP,23.34615624999997,114,0.2753090666012563,ml_v3bal_hi3,2026-06
314652,short,2026-06-12 06:00:00,2026-06-12 06:05:00,2026-06-12 07:59:00,4181.215,4190.045553355556,SL,-9.090553355555544,114,0.2768804079213293,ml_v3bal_hi3,2026-06
314683,long,2026-06-12 08:35:00,2026-06-12 08:40:00,2026-06-12 08:41:00,4220.977,4212.1232672038195,SL,-9.113732796180559,1,0.3180760825420823,ml_v3bal_hi3,2026-06
314727,short,2026-06-12 12:15:00,2026-06-12 12:20:00,2026-06-12 13:00:00,4211.711,4188.3210625,TP,23.129937499999993,40,0.2750224482712828,ml_v3bal_hi3,2026-06
314742,short,2026-06-12 13:30:00,2026-06-12 13:35:00,2026-06-12 13:38:00,4199.043,4207.884383126736,SL,-9.101383126736113,3,0.27643028652918067,ml_v3bal_hi3,2026-06
314791,short,2026-06-12 17:35:00,2026-06-12 17:40:00,2026-06-12 18:12:00,4218.571,4227.305160852084,SL,-8.994160852083324,32,0.27809866876113704,ml_v3bal_hi3,2026-06
314799,long,2026-06-12 18:15:00,2026-06-12 18:20:00,2026-06-12 18:52:00,4229.382,4220.6690502607635,SL,-8.972949739236107,32,0.3180595563397668,ml_v3bal_hi3,2026-06
314806,long,2026-06-12 18:50:00,2026-06-12 18:55:00,2026-06-12 19:17:00,4222.005,4213.742769543056,SL,-8.522230456944433,22,0.3215862428002354,ml_v3bal_hi3,2026-06
314837,short,2026-06-14 22:25:00,2026-06-14 22:30:00,2026-06-15 00:00:00,4287.097,4295.117122171875,SL,-8.300122171874989,90,0.27667217186766513,ml_v3bal_hi3,2026-06
314871,long,2026-06-15 01:15:00,2026-06-15 01:20:00,2026-06-15 01:34:00,4293.055,4313.452395833334,TP,20.117395833333337,14,0.318058469453054,ml_v3bal_hi3,2026-06
314903,long,2026-06-15 03:55:00,2026-06-15 04:00:00,2026-06-15 05:42:00,4325.119,4317.73986615,SL,-7.659133850000011,102,0.31900872886112586,ml_v3bal_hi3,2026-06
314925,long,2026-06-15 05:45:00,2026-06-15 05:50:00,2026-06-15 06:08:00,4313.987,4306.681202233333,SL,-7.585797766666679,18,0.3241032446133989,ml_v3bal_hi3,2026-06
314930,long,2026-06-15 06:10:00,2026-06-15 06:15:00,2026-06-15 06:41:00,4308.692,4301.365360181944,SL,-7.606639818055572,26,0.32677049592005986,ml_v3bal_hi3,2026-06
314937,long,2026-06-15 06:45:00,2026-06-15 06:50:00,2026-06-15 08:03:00,4307.34,4326.5126666666665,TP,18.912666666666695,73,0.32963039971936337,ml_v3bal_hi3,2026-06
314989,long,2026-06-15 11:05:00,2026-06-15 11:10:00,2026-06-15 12:14:00,4338.601,4331.73392900243,SL,-7.147070997569458,64,0.31946155371136253,ml_v3bal_hi3,2026-06
315002,long,2026-06-15 12:10:00,2026-06-15 12:15:00,2026-06-15 12:50:00,4331.239,4349.137583333333,TP,17.61858333333338,35,0.3646967523893915,ml_v3bal_hi3,2026-06
315010,long,2026-06-15 12:50:00,2026-06-15 12:55:00,2026-06-15 13:32:00,4344.272,4362.24425,TP,17.69225000000004,37,0.3495350933543898,ml_v3bal_hi3,2026-06
315031,long,2026-06-15 14:35:00,2026-06-15 14:40:00,2026-06-15 15:11:00,4357.231,4350.362682923958,SL,-7.148317076041686,31,0.31837326333550287,ml_v3bal_hi3,2026-06
315038,long,2026-06-15 15:10:00,2026-06-15 15:15:00,2026-06-15 16:18:00,4350.893,4344.210007333681,SL,-6.962992666319465,63,0.3336536631902204,ml_v3bal_hi3,2026-06
315051,long,2026-06-15 16:15:00,2026-06-15 16:20:00,2026-06-15 16:25:00,4345.551,4339.12085808507,SL,-6.710141914930578,5,0.3905394425535761,ml_v3bal_hi3,2026-06
315053,long,2026-06-15 16:25:00,2026-06-15 16:30:00,2026-06-15 16:43:00,4343.046,4336.685479743403,SL,-6.640520256597242,13,0.4040445166540047,ml_v3bal_hi3,2026-06
315056,long,2026-06-15 16:40:00,2026-06-15 16:45:00,2026-06-15 17:20:00,4336.244,4329.950176688889,SL,-6.573823311111128,35,0.3812407809833578,ml_v3bal_hi3,2026-06
315064,long,2026-06-15 17:20:00,2026-06-15 17:25:00,2026-06-15 17:36:00,4331.002,4324.858975994445,SL,-6.403024005555575,11,0.336280376473248,ml_v3bal_hi3,2026-06
315067,long,2026-06-15 17:35:00,2026-06-15 17:40:00,2026-06-15 18:02:00,4324.348,4318.202991793056,SL,-6.425008206944471,22,0.35715601394672325,ml_v3bal_hi3,2026-06
315072,long,2026-06-15 18:00:00,2026-06-15 18:05:00,2026-06-15 20:17:00,4320.409,4314.271996061458,SL,-6.397003938541698,132,0.3336736400774426,ml_v3bal_hi3,2026-06
315099,long,2026-06-15 20:15:00,2026-06-15 20:20:00,2026-06-15 20:26:00,4317.632,4311.67813388125,SL,-6.233866118750041,6,0.3602465417473869,ml_v3bal_hi3,2026-06
315101,long,2026-06-15 20:25:00,2026-06-15 20:30:00,2026-06-15 20:52:00,4312.844,4306.887359967708,SL,-6.236640032291702,22,0.3628597311248374,ml_v3bal_hi3,2026-06
315106,long,2026-06-15 20:50:00,2026-06-15 20:55:00,2026-06-16 01:00:00,4307.68,4323.237968750001,TP,15.277968750000083,183,0.36455688865554714,ml_v3bal_hi3,2026-06
315160,short,2026-06-16 02:20:00,2026-06-16 02:25:00,2026-06-16 02:31:00,4310.348,4315.6652311347225,SL,-5.577231134722236,6,0.27517813837471505,ml_v3bal_hi3,2026-06
315162,short,2026-06-16 02:30:00,2026-06-16 02:35:00,2026-06-16 03:32:00,4317.611,4322.874459277084,SL,-5.52345927708335,57,0.28161930754783504,ml_v3bal_hi3,2026-06
315174,long,2026-06-16 03:30:00,2026-06-16 03:35:00,2026-06-16 05:37:00,4324.869,4319.659395917013,SL,-5.469604082986124,122,0.32617868482477597,ml_v3bal_hi3,2026-06
315199,short,2026-06-16 05:35:00,2026-06-16 05:40:00,2026-06-16 06:56:00,4316.821,4321.965855623263,SL,-5.424855623263882,76,0.2760626096327072,ml_v3bal_hi3,2026-06
315239,short,2026-06-16 08:55:00,2026-06-16 09:00:00,2026-06-16 12:51:00,4346.841,4351.850029101389,SL,-5.2890291013888975,231,0.2755309557124936,ml_v3bal_hi3,2026-06
315286,short,2026-06-16 12:50:00,2026-06-16 12:55:00,2026-06-16 13:21:00,4350.792,4338.002135416667,TP,12.50986458333329,26,0.2770214293929533,ml_v3bal_hi3,2026-06
315292,short,2026-06-16 13:20:00,2026-06-16 13:25:00,2026-06-16 14:18:00,4338.147,4325.3808125,TP,12.486187499999962,53,0.27841293965183567,ml_v3bal_hi3,2026-06
315326,short,2026-06-16 16:10:00,2026-06-16 16:15:00,2026-06-16 17:17:00,4345.75,4333.223541666666,TP,12.266458333333267,62,0.27660826843542696,ml_v3bal_hi3,2026-06
315356,long,2026-06-16 18:40:00,2026-06-16 18:45:00,2026-06-16 19:54:00,4339.028,4334.408390263195,SL,-4.879609736805548,69,0.31918390306282485,ml_v3bal_hi3,2026-06
315421,long,2026-06-17 01:05:00,2026-06-17 01:10:00,2026-06-17 01:19:00,4347.516,4343.0323358371525,SL,-4.763664162847217,9,0.3519933910737615,ml_v3bal_hi3,2026-06
315450,long,2026-06-17 03:30:00,2026-06-17 03:35:00,2026-06-17 04:23:00,4332.444,4328.052244045486,SL,-4.651755954513898,48,0.32291687810922676,ml_v3bal_hi3,2026-06
315470,short,2026-06-17 05:10:00,2026-06-17 05:15:00,2026-06-17 05:18:00,4322.671,4327.030865869792,SL,-4.639865869791694,3,0.27709519766119106,ml_v3bal_hi3,2026-06
315471,short,2026-06-17 05:15:00,2026-06-17 05:20:00,2026-06-17 05:30:00,4325.963,4330.336529080555,SL,-4.653529080555583,10,0.2758514063703056,ml_v3bal_hi3,2026-06
315482,short,2026-06-17 06:10:00,2026-06-17 06:15:00,2026-06-17 08:45:00,4329.22,4317.634729166667,TP,11.305270833333445,150,0.27607845642208517,ml_v3bal_hi3,2026-06
315513,short,2026-06-17 08:45:00,2026-06-17 08:50:00,2026-06-17 08:54:00,4319.523,4323.899814918056,SL,-4.656814918055578,4,0.283543179368663,ml_v3bal_hi3,2026-06
315514,short,2026-06-17 08:50:00,2026-06-17 08:55:00,2026-06-17 09:25:00,4324.404,4328.783326917014,SL,-4.659326917013911,30,0.28730992650834397,ml_v3bal_hi3,2026-06
315521,short,2026-06-17 09:25:00,2026-06-17 09:30:00,2026-06-17 12:08:00,4331.864,4320.405927083333,TP,11.178072916666718,158,0.28768098634374695,ml_v3bal_hi3,2026-06
315554,short,2026-06-17 12:10:00,2026-06-17 12:15:00,2026-06-17 12:30:00,4323.274,4327.604634614931,SL,-4.6106346149305795,15,0.27766036089101687,ml_v3bal_hi3,2026-06
315558,short,2026-06-17 12:30:00,2026-06-17 12:35:00,2026-06-17 12:46:00,4328.684,4333.028968485764,SL,-4.624968485763909,11,0.278348437731612,ml_v3bal_hi3,2026-06
315561,short,2026-06-17 12:45:00,2026-06-17 12:50:00,2026-06-17 13:22:00,4333.588,4337.923321298611,SL,-4.615321298611133,32,0.28325549261123134,ml_v3bal_hi3,2026-06
315568,short,2026-06-17 13:20:00,2026-06-17 13:25:00,2026-06-17 13:37:00,4336.374,4340.724869500695,SL,-4.630869500694465,12,0.2818679517898848,ml_v3bal_hi3,2026-06
315571,short,2026-06-17 13:35:00,2026-06-17 13:40:00,2026-06-17 13:45:00,4337.899,4342.251821954861,SL,-4.632821954861132,5,0.2827995668977294,ml_v3bal_hi3,2026-06
315573,short,2026-06-17 13:45:00,2026-06-17 13:50:00,2026-06-17 14:07:00,4341.448,4345.811608073612,SL,-4.643608073611132,17,0.28197822097021974,ml_v3bal_hi3,2026-06
315577,short,2026-06-17 14:05:00,2026-06-17 14:10:00,2026-06-17 14:23:00,4342.704,4347.05809184375,SL,-4.614091843750024,13,0.2800017377822605,ml_v3bal_hi3,2026-06
315581,long,2026-06-17 14:25:00,2026-06-17 14:30:00,2026-06-17 14:37:00,4360.113,4355.7147596753475,SL,-4.678240324652799,7,0.3253880046287919,ml_v3bal_hi3,2026-06
315585,short,2026-06-17 14:45:00,2026-06-17 14:50:00,2026-06-17 14:52:00,4345.766,4350.265192522917,SL,-4.779192522916692,2,0.27491566773139386,ml_v3bal_hi3,2026-06
315587,long,2026-06-17 14:55:00,2026-06-17 15:00:00,2026-06-17 15:20:00,4344.56,4356.393364583334,TP,11.553364583333407,20,0.31792000032648526,ml_v3bal_hi3,2026-06
315592,long,2026-06-17 15:20:00,2026-06-17 15:25:00,2026-06-17 15:29:00,4358.772,4354.289776367361,SL,-4.762223632638912,4,0.33993340612205214,ml_v3bal_hi3,2026-06
315593,long,2026-06-17 15:25:00,2026-06-17 15:30:00,2026-06-17 17:33:00,4355.215,4366.95309375,TP,11.458093750000057,123,0.33224257166927684,ml_v3bal_hi3,2026-06
315664,short,2026-06-17 22:20:00,2026-06-17 22:25:00,2026-06-17 23:11:00,4269.175,4275.72886083993,SL,-6.83386083993058,46,0.2769390038051075,ml_v3bal_hi3,2026-06
315674,long,2026-06-17 23:10:00,2026-06-17 23:15:00,2026-06-17 23:39:00,4281.645,4274.975694354862,SL,-6.92930564513892,24,0.31968922872652483,ml_v3bal_hi3,2026-06
315679,long,2026-06-17 23:35:00,2026-06-17 23:40:00,2026-06-17 23:42:00,4274.787,4268.046072621528,SL,-7.000927378472249,2,0.3453420672254163,ml_v3bal_hi3,2026-06
315680,long,2026-06-17 23:40:00,2026-06-17 23:45:00,2026-06-18 00:06:00,4276.055,4293.8231875,TP,17.508187500000066,21,0.34666491781040015,ml_v3bal_hi3,2026-06
315685,long,2026-06-18 00:05:00,2026-06-18 00:10:00,2026-06-18 00:44:00,4293.243,4311.296708333334,TP,17.773708333333406,34,0.3256127339434816,ml_v3bal_hi3,2026-06
315726,short,2026-06-18 03:30:00,2026-06-18 03:35:00,2026-06-18 06:07:00,4319.409,4300.370114583333,TP,18.758885416666743,152,0.2761110361436281,ml_v3bal_hi3,2026-06
315901,long,2026-06-18 18:05:00,2026-06-18 18:10:00,2026-06-18 18:33:00,4231.41,4222.885799402083,SL,-8.784200597916717,23,0.31911617741501264,ml_v3bal_hi3,2026-06
315906,long,2026-06-18 18:30:00,2026-06-18 18:35:00,2026-06-18 19:02:00,4222.768,4214.312571822222,SL,-8.715428177777829,27,0.33025956606827506,ml_v3bal_hi3,2026-06
315932,long,2026-06-18 20:40:00,2026-06-18 20:45:00,2026-06-18 22:03:00,4213.061,4206.320739313194,SL,-7.000260686805599,16,0.32756962291106057,ml_v3bal_hi3,2026-06
315938,long,2026-06-18 22:10:00,2026-06-18 22:15:00,2026-06-18 23:02:00,4207.901,4201.336718134375,SL,-6.924281865625039,47,0.321211785745814,ml_v3bal_hi3,2026-06
315952,long,2026-06-18 23:20:00,2026-06-18 23:25:00,2026-06-18 23:45:00,4195.495,4189.048286035069,SL,-6.70671396493059,20,0.34035546680208023,ml_v3bal_hi3,2026-06
315960,short,2026-06-19 00:00:00,2026-06-19 00:05:00,2026-06-19 02:51:00,4191.132,4174.135260416666,TP,16.736739583333407,166,0.28293579914893174,ml_v3bal_hi3,2026-06
315994,short,2026-06-19 02:50:00,2026-06-19 02:55:00,2026-06-19 03:42:00,4176.559,4160.559270833333,TP,15.739729166666697,47,0.29185418339756053,ml_v3bal_hi3,2026-06
316004,short,2026-06-19 03:40:00,2026-06-19 03:45:00,2026-06-19 03:58:00,4162.206,4146.259541666666,TP,15.686458333333368,13,0.28980600347183927,ml_v3bal_hi3,2026-06
316007,short,2026-06-19 03:55:00,2026-06-19 04:00:00,2026-06-19 04:40:00,4153.254,4137.2445625,TP,15.74943750000004,40,0.2891752522196649,ml_v3bal_hi3,2026-06
316016,short,2026-06-19 04:40:00,2026-06-19 04:45:00,2026-06-19 05:55:00,4135.445,4141.605937375694,SL,-6.420937375694454,70,0.2827216994547934,ml_v3bal_hi3,2026-06
316031,short,2026-06-19 05:55:00,2026-06-19 06:00:00,2026-06-19 06:13:00,4139.573,4145.8371555319445,SL,-6.524155531944451,13,0.2889163011325988,ml_v3bal_hi3,2026-06
316034,short,2026-06-19 06:10:00,2026-06-19 06:15:00,2026-06-19 07:04:00,4146.963,4153.265629196875,SL,-6.562629196875013,49,0.28530130036379714,ml_v3bal_hi3,2026-06
316044,short,2026-06-19 07:00:00,2026-06-19 07:05:00,2026-06-19 07:57:00,4155.903,4162.222411572223,SL,-6.579411572222218,52,0.28534100356678627,ml_v3bal_hi3,2026-06
316055,short,2026-06-19 07:55:00,2026-06-19 08:00:00,2026-06-19 08:09:00,4157.878,4164.19013748993,SL,-6.572137489930548,9,0.28527759912590644,ml_v3bal_hi3,2026-06
316057,short,2026-06-19 08:05:00,2026-06-19 08:10:00,2026-06-19 08:19:00,4163.954,4170.277487121874,SL,-6.583487121874995,9,0.284964317112967,ml_v3bal_hi3,2026-06
316076,long,2026-06-19 09:40:00,2026-06-19 09:45:00,2026-06-19 10:06:00,4162.749,4156.494817064236,SL,-6.514182935763881,21,0.33987002745213357,ml_v3bal_hi3,2026-06
316081,short,2026-06-19 10:05:00,2026-06-19 10:10:00,2026-06-19 12:51:00,4156.541,4162.751967029514,SL,-6.47096702951388,161,0.2890524378784267,ml_v3bal_hi3,2026-06
316146,long,2026-06-19 15:30:00,2026-06-19 15:35:00,2026-06-19 16:09:00,4151.793,4145.907426124652,SL,-6.145573875347205,34,0.31804833366942026,ml_v3bal_hi3,2026-06
316153,long,2026-06-19 16:05:00,2026-06-19 16:10:00,2026-06-21 23:07:00,4146.085,4161.302541666667,TP,14.95754166666664,116,0.36296093036156646,ml_v3bal_hi3,2026-06
316201,long,2026-06-22 01:05:00,2026-06-22 01:10:00,2026-06-22 01:11:00,4213.685,4207.754872866667,SL,-6.19012713333332,1,0.322447749019253,ml_v3bal_hi3,2026-06
316206,short,2026-06-22 01:30:00,2026-06-22 01:35:00,2026-06-22 01:40:00,4197.778,4203.770323910069,SL,-6.252323910069433,5,0.2786022794756501,ml_v3bal_hi3,2026-06
316208,short,2026-06-22 01:40:00,2026-06-22 01:45:00,2026-06-22 02:14:00,4200.633,4184.8661875,TP,15.506812499999977,29,0.2848533694793623,ml_v3bal_hi3,2026-06
316214,short,2026-06-22 02:10:00,2026-06-22 02:15:00,2026-06-22 02:30:00,4184.28,4190.378887429861,SL,-6.358887429861101,15,0.2853692959613943,ml_v3bal_hi3,2026-06
316218,short,2026-06-22 02:30:00,2026-06-22 02:35:00,2026-06-22 03:14:00,4194.638,4178.508447916666,TP,15.869552083333295,39,0.2901697795457983,ml_v3bal_hi3,2026-06
316230,short,2026-06-22 03:30:00,2026-06-22 03:35:00,2026-06-22 05:10:00,4179.754,4185.975431707639,SL,-6.481431707638865,95,0.275210519503796,ml_v3bal_hi3,2026-06
316250,short,2026-06-22 05:10:00,2026-06-22 05:15:00,2026-06-22 05:29:00,4185.25,4191.36644364375,SL,-6.376443643749982,14,0.28570427314057156,ml_v3bal_hi3,2026-06
316253,short,2026-06-22 05:25:00,2026-06-22 05:30:00,2026-06-22 06:18:00,4193.844,4199.96477317118,SL,-6.380773171180542,48,0.28190554991974637,ml_v3bal_hi3,2026-06
316263,short,2026-06-22 06:15:00,2026-06-22 06:20:00,2026-06-22 06:45:00,4197.41,4203.581409990625,SL,-6.431409990624984,25,0.28195258827783565,ml_v3bal_hi3,2026-06
316271,short,2026-06-22 06:55:00,2026-06-22 07:00:00,2026-06-22 09:05:00,4197.473,4203.688871975347,SL,-6.475871975347223,125,0.27817630524339143,ml_v3bal_hi3,2026-06
316297,long,2026-06-22 09:05:00,2026-06-22 09:10:00,2026-06-22 09:30:00,4208.371,4202.270961733333,SL,-6.360038266666674,20,0.3284331625671193,ml_v3bal_hi3,2026-06
316302,long,2026-06-22 09:30:00,2026-06-22 09:35:00,2026-06-22 11:53:00,4208.113,4202.003762975694,SL,-6.36923702430556,138,0.3245050069319869,ml_v3bal_hi3,2026-06
316332,long,2026-06-22 12:00:00,2026-06-22 12:05:00,2026-06-22 12:31:00,4210.554,4204.714892152778,SL,-6.099107847222224,26,0.33475361892301336,ml_v3bal_hi3,2026-06
316424,long,2026-06-22 19:40:00,2026-06-22 19:45:00,2026-06-23 00:12:00,4184.658,4179.029364330903,SL,-5.888635669097223,205,0.3190908483110818,ml_v3bal_hi3,2026-06
316472,short,2026-06-23 00:40:00,2026-06-23 00:45:00,2026-06-23 01:00:00,4192.618,4197.96162895,SL,-5.603628949999999,15,0.27607364236174914,ml_v3bal_hi3,2026-06
316476,short,2026-06-23 01:00:00,2026-06-23 01:05:00,2026-06-23 01:17:00,4189.911,4175.9881770833335,TP,13.66282291666665,12,0.27865549205600115,ml_v3bal_hi3,2026-06
316479,short,2026-06-23 01:15:00,2026-06-23 01:20:00,2026-06-23 01:22:00,4173.653,4178.941392751736,SL,-5.548392751736108,2,0.2786200081020289,ml_v3bal_hi3,2026-06
316482,short,2026-06-23 01:30:00,2026-06-23 01:35:00,2026-06-23 01:44:00,4169.365,4155.379614583333,TP,13.725385416666663,9,0.2788214546302073,ml_v3bal_hi3,2026-06
316484,short,2026-06-23 01:40:00,2026-06-23 01:45:00,2026-06-23 01:57:00,4154.447,4159.806573992361,SL,-5.6195739923611105,12,0.2931261274761324,ml_v3bal_hi3,2026-06
316487,short,2026-06-23 01:55:00,2026-06-23 02:00:00,2026-06-23 02:59:00,4161.148,4147.1784375,TP,13.709562500000006,59,0.2750453335785728,ml_v3bal_hi3,2026-06
316499,short,2026-06-23 02:55:00,2026-06-23 03:00:00,2026-06-23 03:19:00,4147.076,4133.541104166667,TP,13.274895833333348,19,0.28832164468787447,ml_v3bal_hi3,2026-06
316503,short,2026-06-23 03:15:00,2026-06-23 03:20:00,2026-06-23 03:27:00,4133.378,4138.551650353819,SL,-5.433650353819453,7,0.27578377785704866,ml_v3bal_hi3,2026-06
316505,short,2026-06-23 03:25:00,2026-06-23 03:30:00,2026-06-23 04:00:00,4140.512,4145.693603032986,SL,-5.441603032986122,30,0.27578377785704866,ml_v3bal_hi3,2026-06
316515,short,2026-06-23 04:15:00,2026-06-23 04:20:00,2026-06-23 04:58:00,4139.642,4126.249989583333,TP,13.132010416666704,38,0.27636438662255414,ml_v3bal_hi3,2026-06
316549,short,2026-06-23 07:05:00,2026-06-23 07:10:00,2026-06-23 07:42:00,4121.336,4106.807635416667,TP,14.268364583333351,32,0.28044402016021597,ml_v3bal_hi3,2026-06
316569,short,2026-06-23 08:45:00,2026-06-23 08:50:00,2026-06-23 09:04:00,4104.079,4109.745629157292,SL,-5.926629157291671,14,0.2758469821295916,ml_v3bal_hi3,2026-06
316572,short,2026-06-23 09:00:00,2026-06-23 09:05:00,2026-06-23 09:21:00,4109.872,4115.554213075,SL,-5.942213075000004,16,0.28217032914632245,ml_v3bal_hi3,2026-06
316576,short,2026-06-23 09:20:00,2026-06-23 09:25:00,2026-06-23 09:59:00,4115.824,4121.525424112847,SL,-5.961424112847223,34,0.286051836182834,ml_v3bal_hi3,2026-06
316583,short,2026-06-23 09:55:00,2026-06-23 10:00:00,2026-06-23 10:01:00,4122.152,4127.877678990625,SL,-5.985678990624991,1,0.28429162515122325,ml_v3bal_hi3,2026-06
316585,short,2026-06-23 10:05:00,2026-06-23 10:10:00,2026-06-23 10:17:00,4127.081,4132.8124609534725,SL,-5.991460953472214,7,0.28484796000439555,ml_v3bal_hi3,2026-06
316588,short,2026-06-23 10:20:00,2026-06-23 10:25:00,2026-06-23 12:14:00,4128.062,4113.02625,TP,14.775749999999983,109,0.28268323190166544,ml_v3bal_hi3,2026-06
316610,short,2026-06-23 12:10:00,2026-06-23 12:15:00,2026-06-23 12:24:00,4114.002,4119.833659155209,SL,-6.0916591552083315,9,0.28002750640583174,ml_v3bal_hi3,2026-06
316612,short,2026-06-23 12:20:00,2026-06-23 12:25:00,2026-06-23 13:36:00,4117.731,4123.596454073264,SL,-6.1254540732638905,71,0.28028788929653303,ml_v3bal_hi3,2026-06
316675,long,2026-06-23 17:35:00,2026-06-23 17:40:00,2026-06-23 18:08:00,4130.03,4124.055795817014,SL,-6.234204182986088,28,0.332808796333243,ml_v3bal_hi3,2026-06
316682,long,2026-06-23 18:10:00,2026-06-23 18:15:00,2026-06-23 18:41:00,4124.442,4118.483796417014,SL,-6.218203582986092,26,0.3183354510910068,ml_v3bal_hi3,2026-06
316704,long,2026-06-23 20:00:00,2026-06-23 20:05:00,2026-06-23 22:22:00,4111.229,4105.222687470139,SL,-6.266312529861104,75,0.32437423073881555,ml_v3bal_hi3,2026-06
316720,long,2026-06-23 22:20:00,2026-06-23 22:25:00,2026-06-23 22:34:00,4106.276,4100.2595402642355,SL,-6.2764597357638845,9,0.33908380894487555,ml_v3bal_hi3,2026-06
316722,long,2026-06-23 22:30:00,2026-06-23 22:35:00,2026-06-23 23:37:00,4098.844,4092.7711611659724,SL,-6.332838834027772,62,0.334781327876804,ml_v3bal_hi3,2026-06
316741,long,2026-06-24 00:05:00,2026-06-24 00:10:00,2026-06-24 00:19:00,4110.169,4103.794479218403,SL,-6.634520781597207,9,0.3224841919810492,ml_v3bal_hi3,2026-06
316782,short,2026-06-24 03:30:00,2026-06-24 03:35:00,2026-06-24 03:42:00,4060.193,4066.9565472743056,SL,-7.023547274305541,7,0.2763665342051326,ml_v3bal_hi3,2026-06
316785,short,2026-06-24 03:45:00,2026-06-24 03:50:00,2026-06-24 05:28:00,4066.512,4073.2879445645835,SL,-7.035944564583316,98,0.28332709793389715,ml_v3bal_hi3,2026-06
316821,long,2026-06-24 06:45:00,2026-06-24 06:50:00,2026-06-24 07:31:00,4089.188,4082.505912129514,SL,-6.942087870486103,41,0.3185062031419549,ml_v3bal_hi3,2026-06
316832,long,2026-06-24 07:40:00,2026-06-24 07:45:00,2026-06-24 07:56:00,4082.196,4075.640774029514,SL,-6.815225970486106,11,0.3236052334456554,ml_v3bal_hi3,2026-06
316836,long,2026-06-24 08:00:00,2026-06-24 08:05:00,2026-06-24 09:09:00,4077.456,4070.9058377114584,SL,-6.810162288541662,64,0.3176478605931766,ml_v3bal_hi3,2026-06
316872,short,2026-06-24 11:00:00,2026-06-24 11:05:00,2026-06-24 12:22:00,4051.873,4034.97934375,TP,16.633656249999976,77,0.29378421764918294,ml_v3bal_hi3,2026-06
316888,short,2026-06-24 12:20:00,2026-06-24 12:25:00,2026-06-24 12:26:00,4032.988,4015.5729374999996,TP,17.255062499999983,1,0.28461929434816136,ml_v3bal_hi3,2026-06
316889,short,2026-06-24 12:25:00,2026-06-24 12:30:00,2026-06-24 12:56:00,4015.3,3997.653885416667,TP,17.48611458333332,26,0.2826467084316422,ml_v3bal_hi3,2026-06
316984,long,2026-06-24 20:20:00,2026-06-24 20:25:00,2026-06-25 00:32:00,3998.273,3990.296990593403,SL,-8.236009406597235,185,0.3235218401849056,ml_v3bal_hi3,2026-06
317022,long,2026-06-25 00:30:00,2026-06-25 00:35:00,2026-06-25 00:47:00,3987.809,3979.627105888889,SL,-8.441894111111107,12,0.3324185394828806,ml_v3bal_hi3,2026-06
317025,long,2026-06-25 00:45:00,2026-06-25 00:50:00,2026-06-25 01:02:00,3983.438,4004.786885416667,TP,21.088885416666667,12,0.32660020237331244,ml_v3bal_hi3,2026-06
317041,short,2026-06-25 02:05:00,2026-06-25 02:10:00,2026-06-25 02:17:00,3965.902,3974.220617492014,SL,-8.5786174920139,7,0.2873233907149605,ml_v3bal_hi3,2026-06
317044,long,2026-06-25 02:20:00,2026-06-25 02:25:00,2026-06-25 02:41:00,3984.85,3976.5104571201387,SL,-8.599542879861122,16,0.3237856174150463,ml_v3bal_hi3,2026-06
317048,long,2026-06-25 02:40:00,2026-06-25 02:45:00,2026-06-25 03:11:00,3978.601,3970.287382695486,SL,-8.573617304513897,26,0.32913817351920255,ml_v3bal_hi3,2026-06
317054,long,2026-06-25 03:10:00,2026-06-25 03:15:00,2026-06-25 03:51:00,3970.5,3992.3902604166665,TP,21.630260416666687,36,0.3225942001549469,ml_v3bal_hi3,2026-06
317062,long,2026-06-25 03:50:00,2026-06-25 03:55:00,2026-06-25 04:16:00,3997.146,3988.7844999475697,SL,-8.62150005243056,21,0.3429192294834792,ml_v3bal_hi3,2026-06
317067,long,2026-06-25 04:15:00,2026-06-25 04:20:00,2026-06-25 05:41:00,3991.33,3983.011239645486,SL,-8.578760354513896,81,0.3373799851715962,ml_v3bal_hi3,2026-06
317084,long,2026-06-25 05:40:00,2026-06-25 05:45:00,2026-06-25 06:19:00,3983.25,3974.8429466520834,SL,-8.667053347916676,34,0.3489395712671264,ml_v3bal_hi3,2026-06
317091,long,2026-06-25 06:15:00,2026-06-25 06:20:00,2026-06-25 08:20:00,3974.779,3996.95565625,TP,21.916656250000027,120,0.34937094338293084,ml_v3bal_hi3,2026-06
317116,long,2026-06-25 08:20:00,2026-06-25 08:25:00,2026-06-25 08:59:00,3997.076,3988.562696636111,SL,-8.773303363888894,34,0.34531178830982173,ml_v3bal_hi3,2026-06
317123,long,2026-06-25 08:55:00,2026-06-25 09:00:00,2026-06-25 11:16:00,3989.214,3980.716661520486,SL,-8.757338479513898,136,0.35898524341301996,ml_v3bal_hi3,2026-06
317168,short,2026-06-25 12:40:00,2026-06-25 12:45:00,2026-06-25 12:47:00,4005.404,4013.936915210417,SL,-8.772915210416672,2,0.2789353997251108,ml_v3bal_hi3,2026-06
317169,short,2026-06-25 12:45:00,2026-06-25 12:50:00,2026-06-25 13:00:00,4014.295,4022.8561900802083,SL,-8.801190080208338,10,0.2779900700589731,ml_v3bal_hi3,2026-06
317172,short,2026-06-25 13:00:00,2026-06-25 13:05:00,2026-06-25 13:55:00,4029.031,4006.4375416666667,TP,22.35345833333335,50,0.2795911452339713,ml_v3bal_hi3,2026-06
317203,long,2026-06-25 15:35:00,2026-06-25 15:40:00,2026-06-25 22:24:00,4028.847,4020.618298578125,SL,-8.468701421874998,342,0.3262561864304408,ml_v3bal_hi3,2026-06
317275,long,2026-06-25 22:35:00,2026-06-25 22:40:00,2026-06-25 22:46:00,4034.033,4026.416674715972,SL,-7.856325284027743,6,0.35999048143394663,ml_v3bal_hi3,2026-06
317285,long,2026-06-25 23:25:00,2026-06-25 23:30:00,2026-06-25 23:34:00,4029.544,4021.910519310764,SL,-7.873480689236081,4,0.32109262245055026,ml_v3bal_hi3,2026-06
317372,long,2026-06-26 06:40:00,2026-06-26 06:45:00,2026-06-26 09:19:00,4025.101,4043.4077291666667,TP,18.066729166666615,154,0.32315077689607147,ml_v3bal_hi3,2026-06
317403,short,2026-06-26 09:15:00,2026-06-26 09:20:00,2026-06-26 09:35:00,4046.302,4053.0582057291667,SL,-6.996205729166655,15,0.2822832729248046,ml_v3bal_hi3,2026-06
317407,short,2026-06-26 09:35:00,2026-06-26 09:40:00,2026-06-26 12:58:00,4051.828,4058.566502684375,SL,-6.978502684374987,198,0.29085650471226365,ml_v3bal_hi3,2026-06
317447,short,2026-06-26 12:55:00,2026-06-26 13:00:00,2026-06-26 13:50:00,4058.88,4065.722923266667,SL,-7.082923266666652,50,0.28492831226197446,ml_v3bal_hi3,2026-06
317462,long,2026-06-26 14:10:00,2026-06-26 14:15:00,2026-06-26 17:36:00,4082.345,4075.569527675347,SL,-7.015472324652757,201,0.31754756201077705,ml_v3bal_hi3,2026-06
317515,short,2026-06-26 18:35:00,2026-06-26 18:40:00,2026-06-26 20:54:00,4073.847,4079.94530010625,SL,-6.338300106249998,134,0.27676089538020493,ml_v3bal_hi3,2026-06
317546,short,2026-06-28 22:10:00,2026-06-28 22:15:00,2026-06-28 22:18:00,4070.297,4054.4557395833335,TP,15.581260416666682,3,0.2809387441555553,ml_v3bal_hi3,2026-06
317555,short,2026-06-28 22:55:00,2026-06-28 23:00:00,2026-06-29 00:26:00,4066.39,4050.130614583333,TP,15.999385416666671,86,0.27502544291383413,ml_v3bal_hi3,2026-06
317576,short,2026-06-29 00:40:00,2026-06-29 00:45:00,2026-06-29 03:22:00,4069.423,4075.709088894097,SL,-6.526088894097228,157,0.2752174836753072,ml_v3bal_hi3,2026-06
317609,short,2026-06-29 03:25:00,2026-06-29 03:30:00,2026-06-29 04:39:00,4072.284,4055.5191250000003,TP,16.52487500000001,69,0.27684224668723956,ml_v3bal_hi3,2026-06
317640,short,2026-06-29 06:00:00,2026-06-29 06:05:00,2026-06-29 06:49:00,4058.633,4064.958860226736,SL,-6.5658602267361035,44,0.27654431255942236,ml_v3bal_hi3,2026-06
317649,short,2026-06-29 06:45:00,2026-06-29 06:50:00,2026-06-29 08:58:00,4062.994,4046.4423125000003,TP,16.31168749999999,128,0.2778518298495377,ml_v3bal_hi3,2026-06
317675,short,2026-06-29 08:55:00,2026-06-29 09:00:00,2026-06-29 09:07:00,4046.83,4053.0304190149304,SL,-6.440419014930538,7,0.2780386551479209,ml_v3bal_hi3,2026-06
317677,short,2026-06-29 09:05:00,2026-06-29 09:10:00,2026-06-29 09:50:00,4052.889,4036.6328750000002,TP,16.016124999999953,40,0.2762354176827582,ml_v3bal_hi3,2026-06
317686,short,2026-06-29 09:50:00,2026-06-29 09:55:00,2026-06-29 11:56:00,4034.506,4040.7632425743054,SL,-6.497242574305542,121,0.29141191193833305,ml_v3bal_hi3,2026-06
317711,short,2026-06-29 11:55:00,2026-06-29 12:00:00,2026-06-29 12:03:00,4039.296,4045.5279162277775,SL,-6.471916227777765,3,0.2927530340733238,ml_v3bal_hi3,2026-06
317712,short,2026-06-29 12:00:00,2026-06-29 12:05:00,2026-06-29 12:11:00,4045.472,4051.7271512260418,SL,-6.495151226041655,6,0.28552009726357264,ml_v3bal_hi3,2026-06
317714,short,2026-06-29 12:10:00,2026-06-29 12:15:00,2026-06-29 13:54:00,4047.694,4031.27128125,TP,16.18271874999997,99,0.28063304147372947,ml_v3bal_hi3,2026-06
317761,long,2026-06-29 16:05:00,2026-06-29 16:10:00,2026-06-29 16:32:00,4027.334,4021.219766756597,SL,-6.35423324340276,22,0.3306176806925465,ml_v3bal_hi3,2026-06
317767,long,2026-06-29 16:35:00,2026-06-29 16:40:00,2026-06-29 18:55:00,4021.259,4015.2150551065974,SL,-6.283944893402758,135,0.3198971681320567,ml_v3bal_hi3,2026-06
317795,long,2026-06-29 18:55:00,2026-06-29 19:00:00,2026-06-29 19:17:00,4013.404,4007.4894805947915,SL,-6.154519405208309,17,0.3271122545863121,ml_v3bal_hi3,2026-06
317799,long,2026-06-29 19:15:00,2026-06-29 19:20:00,2026-06-30 00:31:00,4009.09,4003.1694922750003,SL,-6.160507724999978,249,0.31788713291744014,ml_v3bal_hi3,2026-06
317851,short,2026-06-30 00:35:00,2026-06-30 00:40:00,2026-06-30 00:56:00,3995.869,3981.0639062500004,TP,14.565093749999926,16,0.28419641261288486,ml_v3bal_hi3,2026-06
317881,short,2026-06-30 03:05:00,2026-06-30 03:10:00,2026-06-30 04:01:00,3967.383,3973.3106389447917,SL,-6.167638944791636,51,0.2753687763357335,ml_v3bal_hi3,2026-06
317892,short,2026-06-30 04:00:00,2026-06-30 04:05:00,2026-06-30 04:21:00,3971.786,3977.669093623611,SL,-6.123093623611084,16,0.2761291825914555,ml_v3bal_hi3,2026-06
317896,short,2026-06-30 04:20:00,2026-06-30 04:25:00,2026-06-30 04:29:00,3977.213,3983.0706839406253,SL,-6.097683940624973,4,0.2792099383295136,ml_v3bal_hi3,2026-06
317897,short,2026-06-30 04:25:00,2026-06-30 04:30:00,2026-06-30 04:31:00,3982.389,3988.2613194100695,SL,-6.112319410069419,1,0.2792414103827866,ml_v3bal_hi3,2026-06
317910,short,2026-06-30 05:30:00,2026-06-30 05:35:00,2026-06-30 05:40:00,3977.394,3983.379807792708,SL,-6.225807792708308,5,0.2762135383308487,ml_v3bal_hi3,2026-06
317939,short,2026-06-30 07:55:00,2026-06-30 08:00:00,2026-06-30 08:41:00,4031.991,4015.8050208333334,TP,15.945979166666609,41,0.2768572891359326,ml_v3bal_hi3,2026-06
317961,short,2026-06-30 09:45:00,2026-06-30 09:50:00,2026-06-30 10:01:00,4018.684,4024.8839229645837,SL,-6.4399229645833165,11,0.27689035890499747,ml_v3bal_hi3,2026-06
317964,short,2026-06-30 10:00:00,2026-06-30 10:05:00,2026-06-30 10:57:00,4024.612,4030.7893110055556,SL,-6.417311005555541,52,0.2840411632570402,ml_v3bal_hi3,2026-06
317975,short,2026-06-30 10:55:00,2026-06-30 11:00:00,2026-06-30 11:45:00,4029.669,4035.715810080208,SL,-6.2868100802083156,45,0.286315660810278,ml_v3bal_hi3,2026-06
317985,short,2026-06-30 11:45:00,2026-06-30 11:50:00,2026-06-30 12:25:00,4032.894,4017.0981874999998,TP,15.555812499999949,35,0.2845186765480723,ml_v3bal_hi3,2026-06
317993,short,2026-06-30 12:25:00,2026-06-30 12:30:00,2026-06-30 13:09:00,4016.907,4022.936099098611,SL,-6.269099098611088,39,0.28790460932923795,ml_v3bal_hi3,2026-06
318001,short,2026-06-30 13:05:00,2026-06-30 13:10:00,2026-06-30 13:19:00,4023.319,4029.371274570833,SL,-6.292274570833311,9,0.28619030134124823,ml_v3bal_hi3,2026-06
318003,short,2026-06-30 13:15:00,2026-06-30 13:20:00,2026-06-30 13:37:00,4029.721,4013.822510416667,TP,15.658489583333276,17,0.2891504325473706,ml_v3bal_hi3,2026-06
318008,short,2026-06-30 13:40:00,2026-06-30 13:45:00,2026-06-30 13:53:00,4024.952,4031.098139201736,SL,-6.38613920173609,8,0.2858620778086895,ml_v3bal_hi3,2026-06
318010,short,2026-06-30 13:50:00,2026-06-30 13:55:00,2026-06-30 14:09:00,4028.684,4034.8535289677084,SL,-6.409528967708314,14,0.2837165382016016,ml_v3bal_hi3,2026-06
318013,short,2026-06-30 14:05:00,2026-06-30 14:10:00,2026-06-30 14:15:00,4043.047,4049.2746184475695,SL,-6.467618447569426,5,0.2781126392526224,ml_v3bal_hi3,2026-06
318016,long,2026-06-30 14:20:00,2026-06-30 14:25:00,2026-06-30 14:27:00,4062.507,4056.2042914350695,SL,-6.542708564930536,2,0.3287448218891671,ml_v3bal_hi3,2026-06
318017,long,2026-06-30 14:25:00,2026-06-30 14:30:00,2026-06-30 14:38:00,4054.19,4047.875160027778,SL,-6.5548399722222035,8,0.3209237263892377,ml_v3bal_hi3,2026-06
318022,short,2026-06-30 14:50:00,2026-06-30 14:55:00,2026-06-30 15:18:00,4043.822,4027.2838333333334,TP,16.298166666666635,23,0.27517252683885474,ml_v3bal_hi3,2026-06
318037,short,2026-06-30 16:05:00,2026-06-30 16:10:00,2026-06-30 16:45:00,4026.86,4033.0006350270833,SL,-6.380635027083323,35,0.2749974553306711,ml_v3bal_hi3,2026-06
318120,long,2026-07-01 00:00:00,2026-07-01 00:05:00,2026-07-01 00:30:00,4006.994,4000.988342256597,SL,-6.245657743402768,25,0.2909338509770458,ml_v3bal_hi3,2026-07
318134,long,2026-07-01 01:10:00,2026-07-01 01:15:00,2026-07-01 01:17:00,3984.258,3978.1876017336804,SL,-6.310398266319439,2,0.29970116650357337,ml_v3bal_hi3,2026-07
318135,long,2026-07-01 01:15:00,2026-07-01 01:20:00,2026-07-01 01:40:00,3981.347,3975.268716517361,SL,-6.3182834826388845,20,0.3119798090050864,ml_v3bal_hi3,2026-07
318140,long,2026-07-01 01:40:00,2026-07-01 01:45:00,2026-07-01 02:05:00,3978.714,3972.6225453885418,SL,-6.331454611458328,20,0.3149456931510518,ml_v3bal_hi3,2026-07
318145,long,2026-07-01 02:05:00,2026-07-01 02:10:00,2026-07-01 06:07:00,3972.566,3966.636384790625,SL,-6.169615209374994,237,0.29462730153164207,ml_v3bal_hi3,2026-07
318193,short,2026-07-01 06:05:00,2026-07-01 06:10:00,2026-07-01 06:43:00,3966.977,3972.3777739499997,SL,-5.640773949999999,33,0.2826646755431397,ml_v3bal_hi3,2026-07
318200,short,2026-07-01 06:40:00,2026-07-01 06:45:00,2026-07-01 07:57:00,3971.617,3976.969379278125,SL,-5.592379278124998,72,0.27712774981440313,ml_v3bal_hi3,2026-07
318215,long,2026-07-01 07:55:00,2026-07-01 08:00:00,2026-07-01 08:02:00,3976.098,3970.9325999555554,SL,-5.405400044444441,2,0.29941329605752254,ml_v3bal_hi3,2026-07
318216,short,2026-07-01 08:00:00,2026-07-01 08:05:00,2026-07-01 08:16:00,3971.653,3976.820741402083,SL,-5.407741402083331,11,0.2772160350855588,ml_v3bal_hi3,2026-07
318219,long,2026-07-01 08:15:00,2026-07-01 08:20:00,2026-07-01 08:33:00,3982.508,3977.334710770833,SL,-5.413289229166665,13,0.3512182240321937,ml_v3bal_hi3,2026-07
318222,long,2026-07-01 08:30:00,2026-07-01 08:35:00,2026-07-01 08:38:00,3977.803,3972.6466002930556,SL,-5.396399706944441,3,0.3075965299179332,ml_v3bal_hi3,2026-07
318223,long,2026-07-01 08:35:00,2026-07-01 08:40:00,2026-07-01 10:02:00,3973.033,3986.5755104166665,TP,13.302510416666658,82,0.31262110194229037,ml_v3bal_hi3,2026-07
318240,long,2026-07-01 10:00:00,2026-07-01 10:05:00,2026-07-01 10:14:00,3988.068,3982.9905437295142,SL,-5.317456270486107,9,0.3354901413844068,ml_v3bal_hi3,2026-07
318242,long,2026-07-01 10:10:00,2026-07-01 10:15:00,2026-07-01 10:57:00,3984.217,3997.5611458333333,TP,13.104145833333328,42,0.33797908501816537,ml_v3bal_hi3,2026-07
318255,short,2026-07-01 11:15:00,2026-07-01 11:20:00,2026-07-01 11:29:00,4022.719,4027.8803800524306,SL,-5.401380052430551,9,0.26589741970887304,ml_v3bal_hi3,2026-07
318257,short,2026-07-01 11:25:00,2026-07-01 11:30:00,2026-07-01 11:44:00,4026.678,4031.8723297006945,SL,-5.434329700694439,14,0.27406365291541657,ml_v3bal_hi3,2026-07
318260,short,2026-07-01 11:40:00,2026-07-01 11:45:00,2026-07-01 11:48:00,4029.072,4034.2979737444443,SL,-5.465973744444438,3,0.29344385990841054,ml_v3bal_hi3,2026-07
318261,short,2026-07-01 11:45:00,2026-07-01 11:50:00,2026-07-01 12:12:00,4034.041,4020.2936770833335,TP,13.507322916666652,22,0.29820310854879395,ml_v3bal_hi3,2026-07
318266,short,2026-07-01 12:10:00,2026-07-01 12:15:00,2026-07-01 12:19:00,4021.767,4027.0514918118056,SL,-5.524491811805552,4,0.2764243545786993,ml_v3bal_hi3,2026-07
318267,short,2026-07-01 12:15:00,2026-07-01 12:20:00,2026-07-01 12:33:00,4027.786,4033.081730328472,SL,-5.535730328472218,13,0.2963493103467123,ml_v3bal_hi3,2026-07
318270,short,2026-07-01 12:30:00,2026-07-01 12:35:00,2026-07-01 13:08:00,4028.835,4014.870729166667,TP,13.724270833333325,33,0.29501079864131374,ml_v3bal_hi3,2026-07
318277,short,2026-07-01 13:05:00,2026-07-01 13:10:00,2026-07-01 13:15:00,4017.832,4023.208657966319,SL,-5.616657966319446,5,0.2687381870880595,ml_v3bal_hi3,2026-07
318279,short,2026-07-01 13:15:00,2026-07-01 13:20:00,2026-07-01 13:21:00,4024.335,4029.7606082145835,SL,-5.665608214583336,1,0.28891853698637504,ml_v3bal_hi3,2026-07
318280,short,2026-07-01 13:20:00,2026-07-01 13:25:00,2026-07-01 13:30:00,4043.383,4048.8622967357637,SL,-5.719296735763892,5,0.2701249426745881,ml_v3bal_hi3,2026-07
318282,long,2026-07-01 13:30:00,2026-07-01 13:35:00,2026-07-01 13:38:00,4047.799,4062.2949583333334,TP,14.255958333333338,3,0.340751757034927,ml_v3bal_hi3,2026-07
318283,short,2026-07-01 13:35:00,2026-07-01 13:40:00,2026-07-01 13:41:00,4070.679,4076.2808291083334,SL,-5.841829108333334,1,0.27447629134816803,ml_v3bal_hi3,2026-07
318284,short,2026-07-01 13:40:00,2026-07-01 13:45:00,2026-07-01 13:46:00,4097.992,4103.700007693055,SL,-5.9480076930555565,1,0.2759855405585257,ml_v3bal_hi3,2026-07
318285,short,2026-07-01 13:45:00,2026-07-01 13:50:00,2026-07-01 13:51:00,4089.982,4095.76114528125,SL,-6.01914528125,1,0.2699895666138617,ml_v3bal_hi3,2026-07
318286,short,2026-07-01 13:50:00,2026-07-01 13:55:00,2026-07-01 14:00:00,4087.781,4093.594626732986,SL,-6.05362673298611,5,0.26910052890337954,ml_v3bal_hi3,2026-07
318301,long,2026-07-01 15:05:00,2026-07-01 15:10:00,2026-07-01 15:24:00,4084.524,4078.6369816260417,SL,-6.127018373958338,14,0.315801648779424,ml_v3bal_hi3,2026-07
318304,long,2026-07-01 15:20:00,2026-07-01 15:25:00,2026-07-01 16:41:00,4081.028,4075.1817172805554,SL,-6.086282719444449,76,0.3403638180465084,ml_v3bal_hi3,2026-07
318320,long,2026-07-01 16:40:00,2026-07-01 16:45:00,2026-07-01 17:06:00,4074.252,4068.504617814583,SL,-5.98738218541667,21,0.358043428305463,ml_v3bal_hi3,2026-07
318325,long,2026-07-01 17:05:00,2026-07-01 17:10:00,2026-07-01 18:28:00,4069.049,4063.3186859149305,SL,-5.970314085069445,78,0.35845224326472713,ml_v3bal_hi3,2026-07
318348,long,2026-07-01 19:00:00,2026-07-01 19:05:00,2026-07-01 19:21:00,4066.185,4060.450392103125,SL,-5.974607896875,16,0.29666601606787346,ml_v3bal_hi3,2026-07
318355,long,2026-07-01 19:35:00,2026-07-01 19:40:00,2026-07-01 19:50:00,4055.69,4049.9035290472225,SL,-6.026470952777781,10,0.2928750360602401,ml_v3bal_hi3,2026-07
318365,long,2026-07-01 20:25:00,2026-07-01 20:30:00,2026-07-01 20:46:00,4038.312,4032.405274537847,SL,-6.146725462152781,16,0.3058247893463324,ml_v3bal_hi3,2026-07
318376,long,2026-07-01 22:20:00,2026-07-01 22:25:00,2026-07-02 00:00:00,4038.487,4032.554956128125,SL,-6.172043871875002,95,0.3042575192217839,ml_v3bal_hi3,2026-07
318396,long,2026-07-02 00:00:00,2026-07-02 00:05:00,2026-07-02 00:25:00,4032.919,4048.5299791666666,TP,15.370979166666675,20,0.29711952405807845,ml_v3bal_hi3,2026-07
318405,short,2026-07-02 00:45:00,2026-07-02 00:50:00,2026-07-02 01:00:00,4050.496,4056.5531318958333,SL,-6.29713189583334,10,0.2661716134064491,ml_v3bal_hi3,2026-07
318428,long,2026-07-02 02:40:00,2026-07-02 02:45:00,2026-07-02 03:53:00,4056.303,4072.4932604166665,TP,15.950260416666678,68,0.3027540270772564,ml_v3bal_hi3,2026-07
318448,long,2026-07-02 04:20:00,2026-07-02 04:25:00,2026-07-02 05:04:00,4064.643,4058.508162809375,SL,-6.3748371906250085,39,0.2912766733705009,ml_v3bal_hi3,2026-07
318456,long,2026-07-02 05:00:00,2026-07-02 05:05:00,2026-07-02 05:33:00,4059.397,4053.289052706597,SL,-6.347947293402789,28,0.29083768413706557,ml_v3bal_hi3,2026-07
318462,long,2026-07-02 05:30:00,2026-07-02 05:35:00,2026-07-02 06:02:00,4056.052,4072.234916666667,TP,15.942916666666692,27,0.32592510242692097,ml_v3bal_hi3,2026-07
318473,short,2026-07-02 06:25:00,2026-07-02 06:30:00,2026-07-02 11:06:00,4074.405,4057.95921875,TP,16.205781250000012,276,0.2666063917956063,ml_v3bal_hi3,2026-07
318529,long,2026-07-02 11:05:00,2026-07-02 11:10:00,2026-07-02 12:30:00,4059.395,4075.7400520833335,TP,16.105052083333348,80,0.33484319059788936,ml_v3bal_hi3,2026-07
318546,long,2026-07-02 12:30:00,2026-07-02 12:35:00,2026-07-02 12:49:00,4127.067,4120.657085034028,SL,-6.649914965972227,14,0.32428938961430887,ml_v3bal_hi3,2026-07
318549,long,2026-07-02 12:45:00,2026-07-02 12:50:00,2026-07-02 12:55:00,4124.636,4118.140272292361,SL,-6.735727707638896,5,0.296794338940223,ml_v3bal_hi3,2026-07
318551,long,2026-07-02 12:55:00,2026-07-02 13:00:00,2026-07-02 13:25:00,4117.683,4111.141167388889,SL,-6.781832611111122,25,0.2929747883134125,ml_v3bal_hi3,2026-07
318557,long,2026-07-02 13:25:00,2026-07-02 13:30:00,2026-07-02 13:35:00,4113.204,4130.639270833333,TP,17.195270833333353,5,0.3010127461533898,ml_v3bal_hi3,2026-07
318559,long,2026-07-02 13:35:00,2026-07-02 13:40:00,2026-07-02 13:41:00,4135.345,4128.6346769437505,SL,-6.950323056250007,1,0.30352665154482544,ml_v3bal_hi3,2026-07
318560,long,2026-07-02 13:40:00,2026-07-02 13:45:00,2026-07-02 14:04:00,4134.642,4127.916644634028,SL,-6.9653553659722345,19,0.3124960927919205,ml_v3bal_hi3,2026-07
318564,long,2026-07-02 14:00:00,2026-07-02 14:05:00,2026-07-02 14:10:00,4130.538,4123.730522506944,SL,-7.0474774930555695,5,0.3009033124343572,ml_v3bal_hi3,2026-07
318566,long,2026-07-02 14:10:00,2026-07-02 14:15:00,2026-07-02 14:21:00,4128.425,4121.63255878507,SL,-7.032441214930573,6,0.3225431415081874,ml_v3bal_hi3,2026-07
318568,long,2026-07-02 14:20:00,2026-07-02 14:25:00,2026-07-02 14:27:00,4123.663,4116.926394212152,SL,-6.976605787847237,2,0.32970868762575656,ml_v3bal_hi3,2026-07
318569,long,2026-07-02 14:25:00,2026-07-02 14:30:00,2026-07-02 16:30:00,4116.427,4109.686282946875,SL,-6.980717053125018,120,0.30837026912413257,ml_v3bal_hi3,2026-07
318616,long,2026-07-02 18:20:00,2026-07-02 18:25:00,2026-07-02 19:20:00,4117.747,4111.387424223264,SL,-6.599575776736127,55,0.29082029755229777,ml_v3bal_hi3,2026-07
318634,long,2026-07-02 19:50:00,2026-07-02 19:55:00,2026-07-02 20:03:00,4123.598,4117.191648659722,SL,-6.646351340277793,8,0.30018332531222425,ml_v3bal_hi3,2026-07
318639,long,2026-07-02 20:15:00,2026-07-02 20:20:00,2026-07-03 00:23:00,4121.969,4138.740114583334,TP,16.531114583333373,181,0.3065960322530388,ml_v3bal_hi3,2026-07
318676,long,2026-07-03 00:20:00,2026-07-03 00:25:00,2026-07-03 01:03:00,4138.628,4155.371708333333,TP,16.503708333333368,38,0.307949875201164,ml_v3bal_hi3,2026-07
318684,long,2026-07-03 01:00:00,2026-07-03 01:05:00,2026-07-03 01:12:00,4160.899,4177.932572916667,TP,16.793572916666694,7,0.29412855990279374,ml_v3bal_hi3,2026-07
318687,short,2026-07-03 01:15:00,2026-07-03 01:20:00,2026-07-03 01:21:00,4179.537,4186.087348803472,SL,-6.790348803472229,1,0.26547213298778866,ml_v3bal_hi3,2026-07
318688,short,2026-07-03 01:20:00,2026-07-03 01:25:00,2026-07-03 04:03:00,4191.874,4174.580020833333,TP,17.053979166666675,158,0.27694144576635854,ml_v3bal_hi3,2026-07
318720,long,2026-07-03 04:00:00,2026-07-03 04:05:00,2026-07-03 06:02:00,4174.378,4167.948306514583,SL,-6.669693485416668,117,0.29869278449047976,ml_v3bal_hi3,2026-07
318744,short,2026-07-03 06:00:00,2026-07-03 06:05:00,2026-07-03 06:07:00,4164.921,4171.360467661459,SL,-6.679467661458328,2,0.26995603628058684,ml_v3bal_hi3,2026-07
318745,short,2026-07-03 06:05:00,2026-07-03 06:10:00,2026-07-03 07:05:00,4170.136,4176.590813475001,SL,-6.694813474999996,55,0.27095196947995936,ml_v3bal_hi3,2026-07
318757,short,2026-07-03 07:05:00,2026-07-03 07:10:00,2026-07-03 08:34:00,4180.225,4186.6237756593755,SL,-6.638775659374993,84,0.2859596425769767,ml_v3bal_hi3,2026-07
318774,short,2026-07-03 08:30:00,2026-07-03 08:35:00,2026-07-03 09:38:00,4185.29,4168.66540625,TP,16.384593749999958,63,0.26590799118924224,ml_v3bal_hi3,2026-07
318787,long,2026-07-03 09:35:00,2026-07-03 09:40:00,2026-07-03 13:13:00,4171.468,4165.178680826041,SL,-6.529319173958322,213,0.30142178173671685,ml_v3bal_hi3,2026-07
318830,long,2026-07-03 13:10:00,2026-07-03 13:15:00,2026-07-03 14:08:00,4166.701,4160.568202568403,SL,-6.3727974315972125,53,0.30332716722592623,ml_v3bal_hi3,2026-07
318841,short,2026-07-03 14:05:00,2026-07-03 14:10:00,2026-07-03 14:15:00,4158.85,4164.530828102431,SL,-5.920828102430535,5,0.27256304535590437,ml_v3bal_hi3,2026-07
318843,short,2026-07-03 14:15:00,2026-07-03 14:20:00,2026-07-03 14:47:00,4162.272,4167.9102550774305,SL,-5.878255077430539,27,0.278872325887184,ml_v3bal_hi3,2026-07
318849,short,2026-07-03 14:45:00,2026-07-03 14:50:00,2026-07-03 15:04:00,4166.908,4172.3709191375,SL,-5.702919137499976,14,0.2823891759453878,ml_v3bal_hi3,2026-07
318852,short,2026-07-03 15:00:00,2026-07-03 15:05:00,2026-07-05 22:01:00,4171.557,4176.940975701042,SL,-5.62397570104164,115,0.29858327430977705,ml_v3bal_hi3,2026-07
318878,short,2026-07-05 22:10:00,2026-07-05 22:15:00,2026-07-05 22:31:00,4181.258,4186.231059498611,SL,-5.213059498611078,16,0.28197498640575097,ml_v3bal_hi3,2026-07
318882,short,2026-07-05 22:30:00,2026-07-05 22:35:00,2026-07-05 22:39:00,4186.47,4191.4095225267365,SL,-5.179522526736075,4,0.2745471719676063,ml_v3bal_hi3,2026-07
318883,short,2026-07-05 22:35:00,2026-07-05 22:40:00,2026-07-05 23:28:00,4190.45,4195.370724202778,SL,-5.160724202777744,48,0.27560602160999204,ml_v3bal_hi3,2026-07
318895,short,2026-07-05 23:35:00,2026-07-05 23:40:00,2026-07-05 23:47:00,4197.607,4184.66884375,TP,12.698156249999888,7,0.26437948570659053,ml_v3bal_hi3,2026-07
318897,short,2026-07-05 23:45:00,2026-07-05 23:50:00,2026-07-06 00:43:00,4181.948,4186.937353760417,SL,-5.229353760416625,53,0.2651364815081406,ml_v3bal_hi3,2026-07
318908,long,2026-07-06 00:40:00,2026-07-06 00:45:00,2026-07-06 00:58:00,4185.832,4180.766464811459,SL,-5.305535188541622,13,0.29867991356500456,ml_v3bal_hi3,2026-07
318911,long,2026-07-06 00:55:00,2026-07-06 01:00:00,2026-07-06 01:32:00,4179.495,4192.95075,TP,13.215749999999863,32,0.29930239948919934,ml_v3bal_hi3,2026-07
318918,long,2026-07-06 01:30:00,2026-07-06 01:35:00,2026-07-06 01:36:00,4197.831,4192.522642213889,SL,-5.548357786111057,1,0.3688102827369946,ml_v3bal_hi3,2026-07
318919,long,2026-07-06 01:35:00,2026-07-06 01:40:00,2026-07-06 01:54:00,4196.453,4191.120653219098,SL,-5.572346780902724,14,0.3510482693206598,ml_v3bal_hi3,2026-07
318922,long,2026-07-06 01:50:00,2026-07-06 01:55:00,2026-07-06 01:59:00,4191.128,4185.768283145138,SL,-5.599716854861057,4,0.31696350004335766,ml_v3bal_hi3,2026-07
318923,short,2026-07-06 01:55:00,2026-07-06 02:00:00,2026-07-06 02:35:00,4186.182,4172.0586979166665,TP,13.883302083333186,35,0.2774997901166616,ml_v3bal_hi3,2026-07
318931,long,2026-07-06 02:35:00,2026-07-06 02:40:00,2026-07-06 03:02:00,4173.418,4167.926952823611,SL,-5.731047176388832,22,0.2920743523829691,ml_v3bal_hi3,2026-07
318940,long,2026-07-06 03:20:00,2026-07-06 03:25:00,2026-07-06 04:33:00,4163.088,4157.514461635069,SL,-5.813538364930499,68,0.29493285096709065,ml_v3bal_hi3,2026-07
318954,long,2026-07-06 04:30:00,2026-07-06 04:35:00,2026-07-06 05:03:00,4159.596,4153.978158386458,SL,-5.857841613541609,28,0.3206508528368524,ml_v3bal_hi3,2026-07
318960,long,2026-07-06 05:00:00,2026-07-06 05:05:00,2026-07-06 05:59:00,4154.039,4148.494665111111,SL,-5.784334888888827,54,0.30717765178571543,ml_v3bal_hi3,2026-07
318971,short,2026-07-06 05:55:00,2026-07-06 06:00:00,2026-07-06 06:25:00,4147.833,4153.318332676388,SL,-5.725332676388829,25,0.2896043405956092,ml_v3bal_hi3,2026-07
318977,short,2026-07-06 06:25:00,2026-07-06 06:30:00,2026-07-06 07:41:00,4156.3,4161.594345355903,SL,-5.534345355902724,71,0.2899461123789133,ml_v3bal_hi3,2026-07
318992,short,2026-07-06 07:40:00,2026-07-06 07:45:00,2026-07-06 08:39:00,4163.495,4149.855875,TP,13.399124999999847,54,0.29157687713747515,ml_v3bal_hi3,2026-07
319003,short,2026-07-06 08:35:00,2026-07-06 08:40:00,2026-07-06 09:32:00,4151.211,4137.594020833334,TP,13.376979166666493,52,0.297897241589287,ml_v3bal_hi3,2026-07
319014,short,2026-07-06 09:30:00,2026-07-06 09:35:00,2026-07-06 09:51:00,4137.748,4142.965374215624,SL,-5.45737421562494,16,0.2839286232581978,ml_v3bal_hi3,2026-07
319018,short,2026-07-06 09:50:00,2026-07-06 09:55:00,2026-07-06 10:14:00,4142.441,4147.6782598819445,SL,-5.4772598819443825,19,0.2886253606974285,ml_v3bal_hi3,2026-07
319022,short,2026-07-06 10:10:00,2026-07-06 10:15:00,2026-07-06 10:34:00,4148.241,4153.480557587152,SL,-5.479557587152711,19,0.3000015689673369,ml_v3bal_hi3,2026-07
319026,short,2026-07-06 10:30:00,2026-07-06 10:35:00,2026-07-06 11:27:00,4154.138,4159.35040974375,SL,-5.452409743749936,52,0.3040733099162514,ml_v3bal_hi3,2026-07
319037,short,2026-07-06 11:25:00,2026-07-06 11:30:00,2026-07-06 12:36:00,4154.982,4141.50028125,TP,13.241718749999846,66,0.28695964126547346,ml_v3bal_hi3,2026-07
319051,short,2026-07-06 12:35:00,2026-07-06 12:40:00,2026-07-06 13:00:00,4139.79,4144.89886221007,SL,-5.348862210069392,20,0.2841767203392187,ml_v3bal_hi3,2026-07
319056,long,2026-07-06 13:00:00,2026-07-06 13:05:00,2026-07-06 13:15:00,4144.581,4139.419183423264,SL,-5.401816576736066,10,0.3354571258391727,ml_v3bal_hi3,2026-07
319059,long,2026-07-06 13:15:00,2026-07-06 13:20:00,2026-07-06 14:07:00,4139.979,4134.791301500348,SL,-5.427698499652743,47,0.32370429158236,ml_v3bal_hi3,2026-07
319069,long,2026-07-06 14:05:00,2026-07-06 14:10:00,2026-07-06 14:44:00,4136.29,4130.955208682986,SL,-5.574791317013853,34,0.3120041794313848,ml_v3bal_hi3,2026-07
319076,long,2026-07-06 14:40:00,2026-07-06 14:45:00,2026-07-06 15:04:00,4129.956,4144.220583333334,TP,14.024583333333217,19,0.2991132911339379,ml_v3bal_hi3,2026-07
319080,long,2026-07-06 15:00:00,2026-07-06 15:05:00,2026-07-06 15:14:00,4144.022,4138.559445955556,SL,-5.702554044444404,9,0.3325372066302861,ml_v3bal_hi3,2026-07
319082,long,2026-07-06 15:10:00,2026-07-06 15:15:00,2026-07-06 16:51:00,4139.511,4153.87890625,TP,14.12790624999989,96,0.32239509244510944,ml_v3bal_hi3,2026-07
319102,long,2026-07-06 16:50:00,2026-07-06 16:55:00,2026-07-06 23:57:00,4154.146,4157.135,TIMEOUT,2.7490000000004873,360,0.385603939254041,ml_v3bal_hi3,2026-07
319181,short,2026-07-07 00:25:00,2026-07-07 00:30:00,2026-07-07 00:59:00,4159.878,4146.422010416666,TP,13.215989583333178,29,0.26515613961115825,ml_v3bal_hi3,2026-07
319187,short,2026-07-07 00:55:00,2026-07-07 01:00:00,2026-07-07 01:22:00,4146.088,4132.750114583333,TP,13.097885416666513,22,0.27598254811812234,ml_v3bal_hi3,2026-07
319192,short,2026-07-07 01:20:00,2026-07-07 01:25:00,2026-07-07 01:33:00,4133.225,4138.293317038889,SL,-5.308317038888834,8,0.28623645379258544,ml_v3bal_hi3,2026-07
319194,short,2026-07-07 01:30:00,2026-07-07 01:35:00,2026-07-07 01:45:00,4138.998,4144.072154559374,SL,-5.314154559374943,10,0.28713644833232643,ml_v3bal_hi3,2026-07
319197,long,2026-07-07 01:45:00,2026-07-07 01:50:00,2026-07-07 02:06:00,4144.119,4139.066560540625,SL,-5.292439459374948,16,0.3156247706720114,ml_v3bal_hi3,2026-07
319201,short,2026-07-07 02:05:00,2026-07-07 02:10:00,2026-07-07 02:12:00,4138.241,4143.155454126389,SL,-5.154454126388845,2,0.2872287701602897,ml_v3bal_hi3,2026-07
319202,short,2026-07-07 02:10:00,2026-07-07 02:15:00,2026-07-07 03:25:00,4142.343,4129.472145833333,TP,12.630854166666552,70,0.2854249868284626,ml_v3bal_hi3,2026-07
319217,short,2026-07-07 03:25:00,2026-07-07 03:30:00,2026-07-07 04:08:00,4132.207,4136.949618317709,SL,-4.982618317708292,38,0.2881730084518565,ml_v3bal_hi3,2026-07
319225,short,2026-07-07 04:05:00,2026-07-07 04:10:00,2026-07-07 04:55:00,4139.522,4127.162604166667,TP,12.119395833333224,45,0.29110329373830074,ml_v3bal_hi3,2026-07
319235,short,2026-07-07 04:55:00,2026-07-07 05:00:00,2026-07-07 06:40:00,4126.816,4131.500310575694,SL,-4.924310575694405,100,0.27293680930447206,ml_v3bal_hi3,2026-07
319256,short,2026-07-07 06:40:00,2026-07-07 06:45:00,2026-07-07 08:12:00,4132.302,4137.068317619097,SL,-5.0063176190972,87,0.2841846769562151,ml_v3bal_hi3,2026-07
319274,short,2026-07-07 08:10:00,2026-07-07 08:15:00,2026-07-07 08:53:00,4136.793,4124.342583333333,TP,12.210416666666655,38,0.2921947540778943,ml_v3bal_hi3,2026-07
319282,short,2026-07-07 08:50:00,2026-07-07 08:55:00,2026-07-07 09:12:00,4123.869,4128.611296877083,SL,-4.982296877083327,17,0.29743198822481975,ml_v3bal_hi3,2026-07
319286,short,2026-07-07 09:10:00,2026-07-07 09:15:00,2026-07-07 09:44:00,4127.664,4132.402979292361,SL,-4.978979292361103,29,0.2979364522604082,ml_v3bal_hi3,2026-07
319292,short,2026-07-07 09:40:00,2026-07-07 09:45:00,2026-07-07 10:26:00,4132.758,4137.531671069444,SL,-5.013671069444449,41,0.29437914417508226,ml_v3bal_hi3,2026-07
319301,short,2026-07-07 10:25:00,2026-07-07 10:30:00,2026-07-07 11:19:00,4137.216,4142.003183480903,SL,-5.027183480902788,49,0.279385310497157,ml_v3bal_hi3,2026-07
319311,short,2026-07-07 11:15:00,2026-07-07 11:20:00,2026-07-07 11:35:00,4140.899,4145.6638929625005,SL,-5.004892962500014,15,0.2768916704027319,ml_v3bal_hi3,2026-07
319315,short,2026-07-07 11:35:00,2026-07-07 11:40:00,2026-07-07 11:45:00,4145.524,4150.307238888542,SL,-5.023238888541674,5,0.2736892281861826,ml_v3bal_hi3,2026-07
319317,short,2026-07-07 11:45:00,2026-07-07 11:50:00,2026-07-07 11:58:00,4149.915,4154.715025232292,SL,-5.040025232291673,8,0.27437634266694555,ml_v3bal_hi3,2026-07
319319,short,2026-07-07 11:55:00,2026-07-07 12:00:00,2026-07-07 12:06:00,4156.671,4161.498704841667,SL,-5.067704841666674,6,0.2923882087926201,ml_v3bal_hi3,2026-07
319321,short,2026-07-07 12:05:00,2026-07-07 12:10:00,2026-07-07 12:14:00,4169.307,4174.181373258333,SL,-5.114373258333338,4,0.2734775633516755,ml_v3bal_hi3,2026-07
319322,short,2026-07-07 12:10:00,2026-07-07 12:15:00,2026-07-07 13:00:00,4173.089,4177.984393887848,SL,-5.135393887847229,45,0.27144437441258096,ml_v3bal_hi3,2026-07
319332,short,2026-07-07 13:00:00,2026-07-07 13:05:00,2026-07-07 13:14:00,4165.641,4170.6490647795135,SL,-5.248064779513892,9,0.28786147222936553,ml_v3bal_hi3,2026-07
319334,short,2026-07-07 13:10:00,2026-07-07 13:15:00,2026-07-07 13:36:00,4171.538,4176.591062498611,SL,-5.293062498611114,21,0.27586004983592,ml_v3bal_hi3,2026-07
319339,short,2026-07-07 13:35:00,2026-07-07 13:40:00,2026-07-07 13:41:00,4170.605,4175.687170732986,SL,-5.322170732986114,1,0.2756671990077492,ml_v3bal_hi3,2026-07
319340,long,2026-07-07 13:40:00,2026-07-07 13:45:00,2026-07-07 13:47:00,4177.458,4172.3619835097215,SL,-5.336016490277778,2,0.3025776490276266,ml_v3bal_hi3,2026-07
319341,long,2026-07-07 13:45:00,2026-07-07 13:50:00,2026-07-07 13:53:00,4173.166,4168.063304687847,SL,-5.342695312152775,3,0.30335219653904516,ml_v3bal_hi3,2026-07
319342,long,2026-07-07 13:50:00,2026-07-07 13:55:00,2026-07-07 13:57:00,4165.916,4160.7966254909725,SL,-5.359374509027777,2,0.31219497774325744,ml_v3bal_hi3,2026-07
319343,long,2026-07-07 13:55:00,2026-07-07 14:00:00,2026-07-07 14:04:00,4158.367,4153.216985453125,SL,-5.390014546875001,4,0.32661514027304017,ml_v3bal_hi3,2026-07
319344,long,2026-07-07 14:00:00,2026-07-07 14:05:00,2026-07-07 14:35:00,4154.735,4149.58170755243,SL,-5.393292447569445,30,0.30313257923679693,ml_v3bal_hi3,2026-07
319351,long,2026-07-07 14:35:00,2026-07-07 14:40:00,2026-07-07 14:41:00,4149.79,4144.634024912153,SL,-5.395975087847221,1,0.3306677317956039,ml_v3bal_hi3,2026-07
319352,long,2026-07-07 14:40:00,2026-07-07 14:45:00,2026-07-07 15:15:00,4152.195,4147.0272347875,SL,-5.4077652125,30,0.33566431269653274,ml_v3bal_hi3,2026-07
319359,long,2026-07-07 15:15:00,2026-07-07 15:20:00,2026-07-07 15:54:00,4145.028,4139.937959924306,SL,-5.330040075694455,34,0.3023150589703756,ml_v3bal_hi3,2026-07
319366,long,2026-07-07 15:50:00,2026-07-07 15:55:00,2026-07-07 18:49:00,4137.962,4132.932926496181,SL,-5.269073503819457,174,0.3170871684972079,ml_v3bal_hi3,2026-07
319402,long,2026-07-07 18:50:00,2026-07-07 18:55:00,2026-07-07 19:01:00,4127.232,4122.285282759028,SL,-5.18671724097224,6,0.3038078125127581,ml_v3bal_hi3,2026-07
319404,long,2026-07-07 19:00:00,2026-07-07 19:05:00,2026-07-07 19:07:00,4121.861,4116.885837247916,SL,-5.215162752083353,2,0.29053881336292176,ml_v3bal_hi3,2026-07
319406,short,2026-07-07 19:10:00,2026-07-07 19:15:00,2026-07-07 19:18:00,4105.955,4092.71609375,TP,12.99890625000005,3,0.26492907097100515,ml_v3bal_hi3,2026-07
319409,long,2026-07-07 19:25:00,2026-07-07 19:30:00,2026-07-07 19:55:00,4103.567,4117.05615625,TP,13.249156250000055,25,0.2904976595535824,ml_v3bal_hi3,2026-07
319415,long,2026-07-07 19:55:00,2026-07-07 20:00:00,2026-07-07 20:18:00,4114.12,4108.914765128472,SL,-5.445234871527807,18,0.2918728637852175,ml_v3bal_hi3,2026-07
319419,long,2026-07-07 20:15:00,2026-07-07 20:20:00,2026-07-07 20:50:00,4109.388,4104.1663478461805,SL,-5.46165215381948,30,0.29077960840567585,ml_v3bal_hi3,2026-07
319426,long,2026-07-07 20:50:00,2026-07-07 20:55:00,2026-07-07 22:00:00,4105.145,4099.905053509376,SL,-5.479946490625028,3,0.29238117414819464,ml_v3bal_hi3,2026-07
319428,long,2026-07-07 22:00:00,2026-07-07 22:05:00,2026-07-07 22:29:00,4105.023,4099.740964629514,SL,-5.542035370486142,24,0.29205501952835894,ml_v3bal_hi3,2026-07
319438,short,2026-07-07 22:50:00,2026-07-07 22:55:00,2026-07-07 23:05:00,4097.846,4103.20627243125,SL,-5.600272431250038,10,0.2707491650080357,ml_v3bal_hi3,2026-07
319441,short,2026-07-07 23:05:00,2026-07-07 23:10:00,2026-07-08 00:35:00,4105.827,4111.214821083334,SL,-5.627821083333369,85,0.2666923927374697,ml_v3bal_hi3,2026-07
319459,long,2026-07-08 00:35:00,2026-07-08 00:40:00,2026-07-08 00:54:00,4122.725,4117.105793255903,SL,-5.859206744097268,14,0.29223812852520564,ml_v3bal_hi3,2026-07
319462,long,2026-07-08 00:50:00,2026-07-08 00:55:00,2026-07-08 01:00:00,4115.426,4109.765077405903,SL,-5.900922594097263,5,0.30198307421554343,ml_v3bal_hi3,2026-07
319464,short,2026-07-08 01:00:00,2026-07-08 01:05:00,2026-07-08 02:07:00,4108.351,4114.049471621181,SL,-5.938471621180598,62,0.2855115911924331,ml_v3bal_hi3,2026-07
319477,long,2026-07-08 02:05:00,2026-07-08 02:10:00,2026-07-08 05:06:00,4116.628,4131.843385416667,TP,14.97538541666678,176,0.31883146018459896,ml_v3bal_hi3,2026-07
319513,long,2026-07-08 05:05:00,2026-07-08 05:10:00,2026-07-08 05:22:00,4128.392,4122.650562481944,SL,-5.981437518055606,12,0.33650423085422443,ml_v3bal_hi3,2026-07
319516,long,2026-07-08 05:20:00,2026-07-08 05:25:00,2026-07-08 07:05:00,4124.597,4118.865074743402,SL,-5.971925256597274,100,0.3243744938036315,ml_v3bal_hi3,2026-07
319537,long,2026-07-08 07:05:00,2026-07-08 07:10:00,2026-07-08 07:19:00,4120.689,4114.9920204982645,SL,-5.936979501736142,9,0.32320370791307795,ml_v3bal_hi3,2026-07
319539,long,2026-07-08 07:15:00,2026-07-08 07:20:00,2026-07-08 08:16:00,4116.252,4110.543845476042,SL,-5.948154523958356,56,0.314233051836748,ml_v3bal_hi3,2026-07
319551,long,2026-07-08 08:15:00,2026-07-08 08:20:00,2026-07-08 08:24:00,4088.706,4082.8165767739583,SL,-6.1294232260416806,4,0.3109378813655701,ml_v3bal_hi3,2026-07
319552,short,2026-07-08 08:20:00,2026-07-08 08:25:00,2026-07-08 08:27:00,4085.399,4091.3249245947914,SL,-6.1659245947916785,2,0.29090478295681876,ml_v3bal_hi3,2026-07
319553,long,2026-07-08 08:25:00,2026-07-08 08:30:00,2026-07-08 08:32:00,4089.049,4083.0886614163196,SL,-6.200338583680567,2,0.31694031732222155,ml_v3bal_hi3,2026-07
319554,short,2026-07-08 08:30:00,2026-07-08 08:35:00,2026-07-08 08:39:00,4083.272,4067.5105729166667,TP,15.521427083333359,4,0.29090478295681876,ml_v3bal_hi3,2026-07
319555,short,2026-07-08 08:35:00,2026-07-08 08:40:00,2026-07-08 08:47:00,4067.143,4073.201624015278,SL,-6.298624015277788,7,0.2838454822398715,ml_v3bal_hi3,2026-07
319557,short,2026-07-08 08:45:00,2026-07-08 08:50:00,2026-07-08 09:04:00,4066.704,4050.71934375,TP,15.744656250000029,14,0.27938585953735073,ml_v3bal_hi3,2026-07
319560,short,2026-07-08 09:00:00,2026-07-08 09:05:00,2026-07-08 11:44:00,4055.523,4061.6785641583333,SL,-6.395564158333342,159,0.2770173743169265,ml_v3bal_hi3,2026-07
319592,long,2026-07-08 11:40:00,2026-07-08 11:45:00,2026-07-08 12:46:00,4064.028,4080.8869999999997,TP,16.618999999999957,61,0.2932946087622811,ml_v3bal_hi3,2026-07
319629,long,2026-07-08 14:45:00,2026-07-08 14:50:00,2026-07-08 15:16:00,4035.632,4028.927109687153,SL,-6.944890312847216,26,0.2914306176221451,ml_v3bal_hi3,2026-07
319637,long,2026-07-08 15:25:00,2026-07-08 15:30:00,2026-07-08 15:31:00,4031.023,4024.33610639375,SL,-6.926893606249984,1,0.29937270053141973,ml_v3bal_hi3,2026-07
319638,long,2026-07-08 15:30:00,2026-07-08 15:35:00,2026-07-08 16:13:00,4025.113,4042.6921875,TP,17.339187499999955,38,0.29967469442291894,ml_v3bal_hi3,2026-07
319646,long,2026-07-08 16:10:00,2026-07-08 16:15:00,2026-07-08 16:44:00,4039.267,4056.7973125,TP,17.29031249999995,29,0.29113251852444455,ml_v3bal_hi3,2026-07
319652,long,2026-07-08 16:40:00,2026-07-08 16:45:00,2026-07-08 17:30:00,4056.506,4074.19484375,TP,17.448843749999945,45,0.3283813020017517,ml_v3bal_hi3,2026-07
319662,long,2026-07-08 17:30:00,2026-07-08 17:35:00,2026-07-08 17:55:00,4072.081,4065.290463618403,SL,-7.030536381597205,20,0.30571953015232756,ml_v3bal_hi3,2026-07
319667,long,2026-07-08 17:55:00,2026-07-08 18:00:00,2026-07-08 18:46:00,4065.678,4083.5217187499998,TP,17.603718749999956,46,0.33875064605599114,ml_v3bal_hi3,2026-07
319691,long,2026-07-08 19:55:00,2026-07-08 20:00:00,2026-07-08 20:35:00,4080.059,4073.0849051479167,SL,-7.214094852083315,35,0.2994220593338852,ml_v3bal_hi3,2026-07
319699,long,2026-07-08 20:35:00,2026-07-08 20:40:00,2026-07-09 01:03:00,4074.172,4067.393904561111,SL,-7.018095438888875,201,0.3085124392529001,ml_v3bal_hi3,2026-07
319741,long,2026-07-09 01:05:00,2026-07-09 01:10:00,2026-07-09 01:30:00,4073.308,4066.479061384722,SL,-7.068938615277761,20,0.3026387019680215,ml_v3bal_hi3,2026-07
319746,long,2026-07-09 01:30:00,2026-07-09 01:35:00,2026-07-09 02:59:00,4071.581,4064.7227031409725,SL,-7.098296859027757,84,0.31061519588300274,ml_v3bal_hi3,2026-07
319763,long,2026-07-09 02:55:00,2026-07-09 03:00:00,2026-07-09 03:10:00,4065.083,4058.4543903253475,SL,-6.868609674652761,10,0.3809060392365234,ml_v3bal_hi3,2026-07
319766,long,2026-07-09 03:10:00,2026-07-09 03:15:00,2026-07-09 05:11:00,4058.622,4075.977489583333,TP,17.115489583333282,116,0.3774592879693931,ml_v3bal_hi3,2026-07
319790,long,2026-07-09 05:10:00,2026-07-09 05:15:00,2026-07-09 05:21:00,4073.41,4066.852587439583,SL,-6.797412560416634,6,0.2934169220863775,ml_v3bal_hi3,2026-07
319793,long,2026-07-09 05:25:00,2026-07-09 05:30:00,2026-07-09 05:31:00,4072.243,4065.680932503125,SL,-6.802067496874967,1,0.3047710624274762,ml_v3bal_hi3,2026-07
319795,long,2026-07-09 05:35:00,2026-07-09 05:40:00,2026-07-09 06:00:00,4075.774,4093.10128125,TP,17.087281249999915,20,0.29665630386440345,ml_v3bal_hi3,2026-07
319800,short,2026-07-09 06:00:00,2026-07-09 06:05:00,2026-07-09 06:21:00,4092.948,4099.636326199653,SL,-6.928326199652746,16,0.27953824867320687,ml_v3bal_hi3,2026-07
319804,short,2026-07-09 06:20:00,2026-07-09 06:25:00,2026-07-09 06:32:00,4097.682,4104.383096519791,SL,-6.941096519791636,7,0.283238803044087,ml_v3bal_hi3,2026-07
319806,short,2026-07-09 06:30:00,2026-07-09 06:35:00,2026-07-09 07:42:00,4104.176,4110.88449362257,SL,-6.948493622569415,67,0.28014781833098135,ml_v3bal_hi3,2026-07
319820,short,2026-07-09 07:40:00,2026-07-09 07:45:00,2026-07-09 08:21:00,4109.028,4115.751410848611,SL,-6.963410848611098,36,0.26891590233779494,ml_v3bal_hi3,2026-07
319828,short,2026-07-09 08:20:00,2026-07-09 08:25:00,2026-07-09 10:52:00,4115.548,4097.80296875,TP,17.50503124999999,147,0.2777185677898055,ml_v3bal_hi3,2026-07
319858,short,2026-07-09 10:50:00,2026-07-09 10:55:00,2026-07-09 11:03:00,4097.16,4103.308909146875,SL,-6.388909146874994,8,0.26695776773962243,ml_v3bal_hi3,2026-07
319860,short,2026-07-09 11:00:00,2026-07-09 11:05:00,2026-07-09 11:42:00,4103.214,4109.361341627778,SL,-6.387341627777774,37,0.26948053432974084,ml_v3bal_hi3,2026-07
319868,short,2026-07-09 11:40:00,2026-07-09 11:45:00,2026-07-09 12:07:00,4106.319,4112.415427020139,SL,-6.336427020138886,22,0.27624133507683,ml_v3bal_hi3,2026-07
319873,short,2026-07-09 12:05:00,2026-07-09 12:10:00,2026-07-09 12:40:00,4115.633,4121.740887767361,SL,-6.347887767361109,30,0.2730288878741011,ml_v3bal_hi3,2026-07
319882,short,2026-07-09 12:50:00,2026-07-09 12:55:00,2026-07-09 13:08:00,4111.558,4117.596357382292,SL,-6.278357382291668,13,0.2646025660992728,ml_v3bal_hi3,2026-07
319888,long,2026-07-09 13:20:00,2026-07-09 13:25:00,2026-07-09 13:54:00,4125.295,4119.27327419375,SL,-6.261725806249999,29,0.29352616257632264,ml_v3bal_hi3,2026-07
319894,long,2026-07-09 13:50:00,2026-07-09 13:55:00,2026-07-09 14:04:00,4118.641,4134.515135416666,TP,15.634135416666666,9,0.29598059348595407,ml_v3bal_hi3,2026-07
319896,long,2026-07-09 14:00:00,2026-07-09 14:05:00,2026-07-09 14:10:00,4131.372,4125.348996368056,SL,-6.26300363194444,5,0.30440118020449436,ml_v3bal_hi3,2026-07
319899,short,2026-07-09 14:15:00,2026-07-09 14:20:00,2026-07-09 14:24:00,4117.458,4123.49034128368,SL,-6.2723412836805545,4,0.2667038844547726,ml_v3bal_hi3,2026-07
319900,long,2026-07-09 14:20:00,2026-07-09 14:25:00,2026-07-09 20:25:00,4123.11,4121.839,TIMEOUT,-1.5109999999997308,360,0.3009532565062257,ml_v3bal_hi3,2026-07
319996,long,2026-07-09 23:20:00,2026-07-09 23:25:00,2026-07-10 00:28:00,4122.383,4117.481542392708,SL,-5.141457607291689,63,0.3020513293818915,ml_v3bal_hi3,2026-07
320009,long,2026-07-10 00:25:00,2026-07-10 00:30:00,2026-07-10 00:34:00,4119.466,4114.558752493056,SL,-5.147247506944464,4,0.3034647512302091,ml_v3bal_hi3,2026-07
320012,short,2026-07-10 00:40:00,2026-07-10 00:45:00,2026-07-10 00:57:00,4123.067,4128.004050211805,SL,-5.177050211805571,12,0.2706120698066936,ml_v3bal_hi3,2026-07
320015,long,2026-07-10 00:55:00,2026-07-10 01:00:00,2026-07-10 01:03:00,4126.391,4121.439588138542,SL,-5.191411861458349,3,0.30462267646835983,ml_v3bal_hi3,2026-07
320016,short,2026-07-10 01:00:00,2026-07-10 01:05:00,2026-07-10 01:15:00,4121.766,4126.741940559027,SL,-5.215940559027792,10,0.2830813752900282,ml_v3bal_hi3,2026-07
320019,short,2026-07-10 01:15:00,2026-07-10 01:20:00,2026-07-10 01:39:00,4125.939,4112.929968750001,TP,12.769031250000035,19,0.2834850047437224,ml_v3bal_hi3,2026-07
320023,short,2026-07-10 01:35:00,2026-07-10 01:40:00,2026-07-10 01:56:00,4112.77,4117.729388351042,SL,-5.19938835104168,16,0.26864998609415636,ml_v3bal_hi3,2026-07
320027,short,2026-07-10 01:55:00,2026-07-10 02:00:00,2026-07-10 02:08:00,4117.002,4121.95597148125,SL,-5.193971481250014,8,0.2658894863783513,ml_v3bal_hi3,2026-07
320029,short,2026-07-10 02:05:00,2026-07-10 02:10:00,2026-07-10 03:00:00,4124.865,4129.784930522222,SL,-5.159930522222238,50,0.2785785142985854,ml_v3bal_hi3,2026-07
320040,long,2026-07-10 03:00:00,2026-07-10 03:05:00,2026-07-10 03:20:00,4129.558,4124.700357527778,SL,-5.0976424722222395,15,0.37076898445159967,ml_v3bal_hi3,2026-07
320044,short,2026-07-10 03:20:00,2026-07-10 03:25:00,2026-07-10 03:34:00,4122.191,4127.0765482805555,SL,-5.125548280555574,9,0.2777293613603265,ml_v3bal_hi3,2026-07
320046,long,2026-07-10 03:30:00,2026-07-10 03:35:00,2026-07-10 03:40:00,4127.276,4122.409222264583,SL,-5.106777735416683,5,0.33783657395556516,ml_v3bal_hi3,2026-07
320048,short,2026-07-10 03:40:00,2026-07-10 03:45:00,2026-07-10 05:47:00,4121.676,4108.913062500001,TP,12.52293750000004,122,0.2755685618575589,ml_v3bal_hi3,2026-07
320073,short,2026-07-10 05:45:00,2026-07-10 05:50:00,2026-07-10 05:58:00,4111.862,4116.652124067361,SL,-5.030124067361134,8,0.26719407203856926,ml_v3bal_hi3,2026-07
320075,short,2026-07-10 05:55:00,2026-07-10 06:00:00,2026-07-10 08:03:00,4116.79,4104.2065,TP,12.343500000000057,123,0.275025762451565,ml_v3bal_hi3,2026-07
320100,short,2026-07-10 08:00:00,2026-07-10 08:05:00,2026-07-10 10:23:00,4105.338,4109.903421196875,SL,-4.805421196875019,138,0.2778415460007744,ml_v3bal_hi3,2026-07
320128,short,2026-07-10 10:20:00,2026-07-10 10:25:00,2026-07-10 11:30:00,4111.116,4099.4196249999995,TP,11.456375000000094,65,0.28269449872957164,ml_v3bal_hi3,2026-07
320142,short,2026-07-10 11:30:00,2026-07-10 11:35:00,2026-07-10 11:42:00,4099.251,4103.727072608333,SL,-4.716072608333376,7,0.29532060840747126,ml_v3bal_hi3,2026-07
320144,short,2026-07-10 11:40:00,2026-07-10 11:45:00,2026-07-10 12:13:00,4106.542,4111.056871682292,SL,-4.754871682291713,28,0.2998561069759055,ml_v3bal_hi3,2026-07
320150,short,2026-07-10 12:10:00,2026-07-10 12:15:00,2026-07-10 12:27:00,4115.106,4103.265239583333,TP,11.600760416666787,12,0.2780384592034124,ml_v3bal_hi3,2026-07
320153,short,2026-07-10 12:25:00,2026-07-10 12:30:00,2026-07-10 13:27:00,4105.843,4093.9422499999996,TP,11.660750000000121,57,0.2974503597160569,ml_v3bal_hi3,2026-07
320165,short,2026-07-10 13:25:00,2026-07-10 13:30:00,2026-07-10 13:31:00,4087.435,4092.006603968403,SL,-4.8116039684028244,1,0.28780263428944663,ml_v3bal_hi3,2026-07
320166,short,2026-07-10 13:30:00,2026-07-10 13:35:00,2026-07-10 13:38:00,4089.939,4094.5143739510418,SL,-4.815373951041712,3,0.2950394083304003,ml_v3bal_hi3,2026-07
320167,short,2026-07-10 13:35:00,2026-07-10 13:40:00,2026-07-10 13:43:00,4097.193,4101.778469567708,SL,-4.82546956770838,3,0.2950541747184167,ml_v3bal_hi3,2026-07
320168,short,2026-07-10 13:40:00,2026-07-10 13:45:00,2026-07-10 13:52:00,4098.587,4103.161838216667,SL,-4.814838216666714,7,0.29095598286107877,ml_v3bal_hi3,2026-07
320170,short,2026-07-10 13:50:00,2026-07-10 13:55:00,2026-07-10 14:21:00,4102.705,4107.295001483681,SL,-4.8300014836806024,26,0.27543135310210903,ml_v3bal_hi3,2026-07
320176,long,2026-07-10 14:20:00,2026-07-10 14:25:00,2026-07-10 14:32:00,4102.905,4098.345273461111,SL,-4.7997265388889385,7,0.3044106423428785,ml_v3bal_hi3,2026-07
320178,short,2026-07-10 14:30:00,2026-07-10 14:35:00,2026-07-10 14:36:00,4089.804,4094.48310403125,SL,-4.919104031250055,1,0.26717044380591115,ml_v3bal_hi3,2026-07
320179,long,2026-07-10 14:35:00,2026-07-10 14:40:00,2026-07-10 15:46:00,4095.562,4107.888625,TP,12.086625000000138,66,0.3084362069770093,ml_v3bal_hi3,2026-07
320193,long,2026-07-10 15:45:00,2026-07-10 15:50:00,2026-07-10 16:59:00,4109.697,4105.041932584375,SL,-4.895067415625046,69,0.30013034419398976,ml_v3bal_hi3,2026-07
320207,long,2026-07-10 16:55:00,2026-07-10 17:00:00,2026-07-10 18:01:00,4104.682,4100.054548699305,SL,-4.867451300694485,61,0.31057654020571446,ml_v3bal_hi3,2026-07
320220,short,2026-07-10 18:00:00,2026-07-10 18:05:00,2026-07-10 19:56:00,4102.618,4107.179389299653,SL,-4.801389299652808,111,0.26999708099035025,ml_v3bal_hi3,2026-07
320254,short,2026-07-10 20:50:00,2026-07-10 20:55:00,2026-07-12 22:01:00,4119.069,4107.240114583334,TP,11.588885416666722,3,0.27175963649643764,ml_v3bal_hi3,2026-07
320258,short,2026-07-12 22:10:00,2026-07-12 22:15:00,2026-07-12 22:16:00,4081.517,4086.221708165972,SL,-4.944708165972245,1,0.2879330821078481,ml_v3bal_hi3,2026-07
320259,short,2026-07-12 22:15:00,2026-07-12 22:20:00,2026-07-12 22:48:00,4085.985,4073.5731145833333,TP,12.171885416666724,28,0.2869971783383709,ml_v3bal_hi3,2026-07
320265,short,2026-07-12 22:45:00,2026-07-12 22:50:00,2026-07-12 23:52:00,4078.057,4082.873970312153,SL,-5.0569703121528,62,0.2850907684787136,ml_v3bal_hi3,2026-07
320278,short,2026-07-12 23:50:00,2026-07-12 23:55:00,2026-07-13 00:00:00,4080.514,4085.439823600347,SL,-5.165823600347243,5,0.2909267220184676,ml_v3bal_hi3,2026-07
320280,short,2026-07-13 00:00:00,2026-07-13 00:05:00,2026-07-13 00:09:00,4084.278,4089.2313325684026,SL,-5.193332568402796,4,0.2787372588384196,ml_v3bal_hi3,2026-07
320281,short,2026-07-13 00:05:00,2026-07-13 00:10:00,2026-07-13 00:27:00,4088.252,4075.1984895833334,TP,12.81351041666671,17,0.28450987622973883,ml_v3bal_hi3,2026-07
320285,short,2026-07-13 00:25:00,2026-07-13 00:30:00,2026-07-13 00:34:00,4074.641,4061.4055520833335,TP,12.995447916666723,4,0.28387133607240095,ml_v3bal_hi3,2026-07
320286,short,2026-07-13 00:30:00,2026-07-13 00:35:00,2026-07-13 00:36:00,4062.549,4067.6429886364585,SL,-5.333988636458356,1,0.2867219219250904,ml_v3bal_hi3,2026-07
320287,short,2026-07-13 00:35:00,2026-07-13 00:40:00,2026-07-13 00:45:00,4069.212,4074.3322673996527,SL,-5.360267399652802,5,0.286717577001812,ml_v3bal_hi3,2026-07
320289,short,2026-07-13 00:45:00,2026-07-13 00:50:00,2026-07-13 00:54:00,4069.221,4074.382590377778,SL,-5.4015903777778,4,0.28471760275101854,ml_v3bal_hi3,2026-07
320290,short,2026-07-13 00:50:00,2026-07-13 00:55:00,2026-07-13 01:07:00,4074.293,4079.4700592118056,SL,-5.4170592118055785,12,0.2790235849036766,ml_v3bal_hi3,2026-07
320293,short,2026-07-13 01:05:00,2026-07-13 01:10:00,2026-07-13 01:31:00,4077.561,4082.797787642014,SL,-5.476787642013912,21,0.27926680389008923,ml_v3bal_hi3,2026-07
320298,short,2026-07-13 01:30:00,2026-07-13 01:35:00,2026-07-13 01:55:00,4084.939,4070.9851458333333,TP,13.71385416666673,20,0.2855916752750438,ml_v3bal_hi3,2026-07
320303,short,2026-07-13 01:55:00,2026-07-13 02:00:00,2026-07-13 03:11:00,4072.323,4058.246114583333,TP,13.836885416666737,71,0.2879920287024801,ml_v3bal_hi3,2026-07
320318,short,2026-07-13 03:10:00,2026-07-13 03:15:00,2026-07-13 05:06:00,4058.075,4063.3793457309025,SL,-5.544345730902813,111,0.29242366933445735,ml_v3bal_hi3,2026-07
320341,short,2026-07-13 05:05:00,2026-07-13 05:10:00,2026-07-13 05:30:00,4070.651,4056.670302083333,TP,13.740697916666766,20,0.27179252776666696,ml_v3bal_hi3,2026-07
320346,short,2026-07-13 05:30:00,2026-07-13 05:35:00,2026-07-13 06:05:00,4062.195,4048.08840625,TP,13.866593750000101,30,0.27466279756067896,ml_v3bal_hi3,2026-07
320353,short,2026-07-13 06:05:00,2026-07-13 06:10:00,2026-07-13 06:25:00,4052.662,4058.1469278993054,SL,-5.7249278993055945,15,0.2794566055614649,ml_v3bal_hi3,2026-07
320357,short,2026-07-13 06:25:00,2026-07-13 06:30:00,2026-07-13 08:00:00,4061.052,4066.562028046875,SL,-5.750028046875036,90,0.26454659679404685,ml_v3bal_hi3,2026-07
320376,long,2026-07-13 08:00:00,2026-07-13 08:05:00,2026-07-13 08:23:00,4065.147,4079.7409479166668,TP,14.353947916666746,18,0.3066519052096835,ml_v3bal_hi3,2026-07
320380,long,2026-07-13 08:20:00,2026-07-13 08:25:00,2026-07-13 08:30:00,4078.487,4072.900917513889,SL,-5.826082486111142,5,0.3107960557981694,ml_v3bal_hi3,2026-07
320382,long,2026-07-13 08:30:00,2026-07-13 08:35:00,2026-07-13 10:13:00,4072.513,4066.912464590972,SL,-5.840535409027813,98,0.3345530797427264,ml_v3bal_hi3,2026-07
320402,long,2026-07-13 10:10:00,2026-07-13 10:15:00,2026-07-13 10:41:00,4067.782,4062.2307481850694,SL,-5.791251814930591,26,0.324738631204452,ml_v3bal_hi3,2026-07
320408,long,2026-07-13 10:40:00,2026-07-13 10:45:00,2026-07-13 11:06:00,4052.156,4066.912333333333,TP,14.51633333333341,21,0.300440113005358,ml_v3bal_hi3,2026-07
320413,long,2026-07-13 11:05:00,2026-07-13 11:10:00,2026-07-13 11:23:00,4064.912,4059.233731517361,SL,-5.918268482638914,13,0.3249831786889886,ml_v3bal_hi3,2026-07
320416,long,2026-07-13 11:20:00,2026-07-13 11:25:00,2026-07-13 13:40:00,4058.916,4053.234255196528,SL,-5.921744803472245,135,0.32663190198119274,ml_v3bal_hi3,2026-07
320444,long,2026-07-13 13:40:00,2026-07-13 13:45:00,2026-07-13 13:50:00,4054.662,4048.905708750347,SL,-5.9962912496528045,5,0.32406291971334883,ml_v3bal_hi3,2026-07
320446,long,2026-07-13 13:50:00,2026-07-13 13:55:00,2026-07-13 13:59:00,4051.428,4045.636762995486,SL,-6.0312370045139145,4,0.3290635780526513,ml_v3bal_hi3,2026-07
320447,long,2026-07-13 13:55:00,2026-07-13 14:00:00,2026-07-13 14:05:00,4043.288,4037.46513879375,SL,-6.062861206250028,5,0.32246596130260735,ml_v3bal_hi3,2026-07
320449,long,2026-07-13 14:05:00,2026-07-13 14:10:00,2026-07-13 14:16:00,4037.477,4031.622867779861,SL,-6.094132220138914,6,0.3000577022141175,ml_v3bal_hi3,2026-07
320451,long,2026-07-13 14:15:00,2026-07-13 14:20:00,2026-07-13 14:21:00,4021.485,4015.5306616413195,SL,-6.194338358680582,1,0.3039142933884128,ml_v3bal_hi3,2026-07
320452,long,2026-07-13 14:20:00,2026-07-13 14:25:00,2026-07-13 14:27:00,4020.92,4014.9150565690975,SL,-6.244943430902803,2,0.305817556645013,ml_v3bal_hi3,2026-07
320453,long,2026-07-13 14:25:00,2026-07-13 14:30:00,2026-07-13 14:31:00,4017.0,4010.9883420315973,SL,-6.251657968402803,1,0.31476823905644385,ml_v3bal_hi3,2026-07
320454,long,2026-07-13 14:30:00,2026-07-13 14:35:00,2026-07-13 14:37:00,4010.348,4004.328234584722,SL,-6.259765415277803,2,0.29816995736567287,ml_v3bal_hi3,2026-07
320456,long,2026-07-13 14:40:00,2026-07-13 14:45:00,2026-07-13 16:33:00,4005.503,3999.491631725,SL,-6.251368275000025,108,0.2918333573851414,ml_v3bal_hi3,2026-07
320478,long,2026-07-13 16:30:00,2026-07-13 16:35:00,2026-07-13 16:55:00,3994.81,3989.021175784375,SL,-6.028824215625023,20,0.31263767831768374,ml_v3bal_hi3,2026-07
320483,long,2026-07-13 16:55:00,2026-07-13 17:00:00,2026-07-13 18:19:00,3993.236,3987.4012494590274,SL,-6.074750540972246,79,0.30816111969447546,ml_v3bal_hi3,2026-07
320499,long,2026-07-13 18:15:00,2026-07-13 18:20:00,2026-07-13 18:53:00,3988.454,4003.927354166667,TP,15.233354166666743,33,0.310751009796705,ml_v3bal_hi3,2026-07
320506,long,2026-07-13 18:50:00,2026-07-13 18:55:00,2026-07-13 19:14:00,4003.828,3997.874292617361,SL,-6.193707382638917,19,0.3015322693518582,ml_v3bal_hi3,2026-07
320510,long,2026-07-13 19:10:00,2026-07-13 19:15:00,2026-07-14 00:05:00,3998.227,3992.2295409767357,SL,-6.237459023263925,228,0.35248533523025716,ml_v3bal_hi3,2026-07
320557,short,2026-07-14 00:05:00,2026-07-14 00:10:00,2026-07-14 00:33:00,3994.767,4000.581464065972,SL,-6.054464065972247,23,0.281654867589369,ml_v3bal_hi3,2026-07
320562,short,2026-07-14 00:30:00,2026-07-14 00:35:00,2026-07-14 01:58:00,4004.844,4010.7641069163196,SL,-6.160106916319468,83,0.26935608611817496,ml_v3bal_hi3,2026-07
320585,long,2026-07-14 02:25:00,2026-07-14 02:30:00,2026-07-14 02:42:00,4017.814,4011.940811509722,SL,-6.1131884902778015,12,0.3094600452636635,ml_v3bal_hi3,2026-07
320588,long,2026-07-14 02:40:00,2026-07-14 02:45:00,2026-07-14 05:30:00,4011.05,4026.365885416667,TP,15.075885416666727,165,0.29620618861098413,ml_v3bal_hi3,2026-07
320660,long,2026-07-14 08:40:00,2026-07-14 08:45:00,2026-07-14 09:00:00,4019.381,4013.9863770743054,SL,-5.634622925694448,15,0.29117357299195284,ml_v3bal_hi3,2026-07
320669,long,2026-07-14 09:25:00,2026-07-14 09:30:00,2026-07-14 11:35:00,4015.872,4029.9059166666666,TP,13.79391666666668,125,0.2959588550190796,ml_v3bal_hi3,2026-07
320695,short,2026-07-14 11:35:00,2026-07-14 11:40:00,2026-07-14 12:03:00,4028.286,4033.695940960417,SL,-5.649940960416677,23,0.2783953323058358,ml_v3bal_hi3,2026-07
320700,long,2026-07-14 12:00:00,2026-07-14 12:05:00,2026-07-14 12:15:00,4029.984,4024.6629353881945,SL,-5.56106461180557,10,0.32950291029829115,ml_v3bal_hi3,2026-07
320703,long,2026-07-14 12:15:00,2026-07-14 12:20:00,2026-07-14 12:30:00,4026.93,4040.89915625,TP,13.729156250000026,10,0.33934979182043734,ml_v3bal_hi3,2026-07
320706,long,2026-07-14 12:30:00,2026-07-14 12:35:00,2026-07-14 12:36:00,4095.88,4090.286310085764,SL,-5.85368991423612,1,0.3209296923994558,ml_v3bal_hi3,2026-07
320707,long,2026-07-14 12:35:00,2026-07-14 12:40:00,2026-07-14 12:51:00,4086.713,4081.067149399653,SL,-5.885850600347231,11,0.34602715789118454,ml_v3bal_hi3,2026-07
320710,long,2026-07-14 12:50:00,2026-07-14 12:55:00,2026-07-14 13:39:00,4073.47,4088.48328125,TP,14.77328125000002,44,0.32082438326608,ml_v3bal_hi3,2026-07
320719,long,2026-07-14 13:35:00,2026-07-14 13:40:00,2026-07-14 13:46:00,4086.348,4080.473529715625,SL,-6.114470284375005,6,0.3380519631480609,ml_v3bal_hi3,2026-07
320721,long,2026-07-14 13:45:00,2026-07-14 13:50:00,2026-07-14 13:52:00,4083.135,4077.237715368056,SL,-6.137284631944448,2,0.3259829424424103,ml_v3bal_hi3,2026-07
320722,long,2026-07-14 13:50:00,2026-07-14 13:55:00,2026-07-14 15:04:00,4076.386,4091.9517708333333,TP,15.325770833333342,69,0.306274945628364,ml_v3bal_hi3,2026-07
320739,long,2026-07-14 15:15:00,2026-07-14 15:20:00,2026-07-14 15:34:00,4086.956,4081.0059673583337,SL,-6.1900326416666624,14,0.2929976403988005,ml_v3bal_hi3,2026-07
320742,long,2026-07-14 15:30:00,2026-07-14 15:35:00,2026-07-14 15:40:00,4081.538,4075.707170240972,SL,-6.070829759027774,5,0.301342254766204,ml_v3bal_hi3,2026-07
320744,long,2026-07-14 15:40:00,2026-07-14 15:45:00,2026-07-14 15:51:00,4074.051,4068.2098603305553,SL,-6.081139669444442,6,0.3176448818673159,ml_v3bal_hi3,2026-07
320746,long,2026-07-14 15:50:00,2026-07-14 15:55:00,2026-07-14 16:05:00,4067.07,4061.235531215625,SL,-6.074468784374997,10,0.3196616973997201,ml_v3bal_hi3,2026-07
320750,long,2026-07-14 16:10:00,2026-07-14 16:15:00,2026-07-14 17:07:00,4063.035,4057.198158110764,SL,-6.076841889236109,52,0.31432970373677505,ml_v3bal_hi3,2026-07
320786,long,2026-07-14 19:10:00,2026-07-14 19:15:00,2026-07-14 19:30:00,4056.414,4050.7101035722226,SL,-5.943896427777768,15,0.29711189640197355,ml_v3bal_hi3,2026-07
320828,long,2026-07-14 23:40:00,2026-07-14 23:45:00,2026-07-15 01:33:00,4054.902,4049.3578714680557,SL,-5.784128531944434,108,0.30656246019047056,ml_v3bal_hi3,2026-07
320850,long,2026-07-15 01:30:00,2026-07-15 01:35:00,2026-07-15 01:40:00,4050.671,4045.2215377163193,SL,-5.689462283680549,5,0.3078135068617001,ml_v3bal_hi3,2026-07
320852,long,2026-07-15 01:40:00,2026-07-15 01:45:00,2026-07-15 02:16:00,4038.999,4033.5353149607636,SL,-5.7036850392361025,31,0.31442941977029487,ml_v3bal_hi3,2026-07
320859,long,2026-07-15 02:15:00,2026-07-15 02:20:00,2026-07-15 05:29:00,4030.276,4024.8576142784723,SL,-5.65838572152777,189,0.29340848095201,ml_v3bal_hi3,2026-07
320897,short,2026-07-15 05:25:00,2026-07-15 05:30:00,2026-07-15 05:39:00,4024.86,4030.1525278274307,SL,-5.532527827430554,9,0.26964807339025343,ml_v3bal_hi3,2026-07
320899,short,2026-07-15 05:35:00,2026-07-15 05:40:00,2026-07-15 05:42:00,4031.196,4036.497627375,SL,-5.541627374999996,2,0.2717110143272533,ml_v3bal_hi3,2026-07
320900,short,2026-07-15 05:40:00,2026-07-15 05:45:00,2026-07-15 06:00:00,4029.822,4035.1454774006947,SL,-5.563477400694438,15,0.2746351598842839,ml_v3bal_hi3,2026-07
320904,short,2026-07-15 06:00:00,2026-07-15 06:05:00,2026-07-15 08:14:00,4031.198,4017.1944062499997,TP,13.76359374999999,129,0.2725984471433757,ml_v3bal_hi3,2026-07
320930,short,2026-07-15 08:10:00,2026-07-15 08:15:00,2026-07-15 08:18:00,4017.923,4023.3206230381943,SL,-5.637623038194444,3,0.27565910136370214,ml_v3bal_hi3,2026-07
320931,short,2026-07-15 08:15:00,2026-07-15 08:20:00,2026-07-15 08:48:00,4024.036,4029.4495323649307,SL,-5.653532364930554,28,0.2764768973960381,ml_v3bal_hi3,2026-07
320937,short,2026-07-15 08:45:00,2026-07-15 08:50:00,2026-07-15 10:14:00,4029.55,4034.9541947131947,SL,-5.644194713194445,84,0.2761054627817191,ml_v3bal_hi3,2026-07
320954,short,2026-07-15 10:10:00,2026-07-15 10:15:00,2026-07-15 11:42:00,4033.786,4039.1446414177085,SL,-5.598641417708327,87,0.2662013405612823,ml_v3bal_hi3,2026-07
320972,long,2026-07-15 11:40:00,2026-07-15 11:45:00,2026-07-15 12:32:00,4037.569,4051.63646875,TP,13.827468749999975,47,0.3706644696312792,ml_v3bal_hi3,2026-07
320982,long,2026-07-15 12:30:00,2026-07-15 12:35:00,2026-07-15 12:58:00,4054.196,4068.29071875,TP,13.854718749999966,23,0.3069156147635419,ml_v3bal_hi3,2026-07
320987,long,2026-07-15 12:55:00,2026-07-15 13:00:00,2026-07-15 13:13:00,4067.802,4062.346212082292,SL,-5.695787917708319,13,0.2960652263235718,ml_v3bal_hi3,2026-07
320990,long,2026-07-15 13:10:00,2026-07-15 13:15:00,2026-07-15 13:26:00,4061.698,4056.2178937100693,SL,-5.720106289930539,11,0.29106511477333574,ml_v3bal_hi3,2026-07
320996,short,2026-07-15 13:40:00,2026-07-15 13:45:00,2026-07-15 13:58:00,4061.259,4066.413014696875,SL,-5.394014696874984,13,0.2676007826309418,ml_v3bal_hi3,2026-07
320999,short,2026-07-15 13:55:00,2026-07-15 14:00:00,2026-07-15 15:13:00,4061.824,4048.4236770833336,TP,13.160322916666624,73,0.26794563370267016,ml_v3bal_hi3,2026-07
321014,long,2026-07-15 15:10:00,2026-07-15 15:15:00,2026-07-15 16:10:00,4044.14,4039.201489415972,SL,-5.178510584027762,55,0.3000182504880322,ml_v3bal_hi3,2026-07
321026,short,2026-07-15 16:10:00,2026-07-15 16:15:00,2026-07-15 17:29:00,4038.379,4043.0754300777776,SL,-4.936430077777764,74,0.27187692565859245,ml_v3bal_hi3,2026-07
321041,short,2026-07-15 17:25:00,2026-07-15 17:30:00,2026-07-15 17:31:00,4047.267,4051.9491319225694,SL,-4.9221319225694256,1,0.27078582750502134,ml_v3bal_hi3,2026-07
321042,short,2026-07-15 17:30:00,2026-07-15 17:35:00,2026-07-15 17:37:00,4054.628,4059.328977867361,SL,-4.9409778673610925,2,0.2905553031196365,ml_v3bal_hi3,2026-07
321043,short,2026-07-15 17:35:00,2026-07-15 17:40:00,2026-07-15 17:43:00,4056.839,4061.5523989680555,SL,-4.953398968055535,3,0.29006630882249995,ml_v3bal_hi3,2026-07
321044,short,2026-07-15 17:40:00,2026-07-15 17:45:00,2026-07-15 18:03:00,4062.307,4067.031800189236,SL,-4.964800189236094,18,0.29001108634038353,ml_v3bal_hi3,2026-07
321048,short,2026-07-15 18:00:00,2026-07-15 18:05:00,2026-07-15 18:26:00,4067.865,4072.6081143680553,SL,-4.983114368055535,21,0.2765316077163291,ml_v3bal_hi3,2026-07
321055,short,2026-07-15 18:35:00,2026-07-15 18:40:00,2026-07-15 18:58:00,4071.055,4058.5429479166664,TP,12.272052083333284,18,0.27188385904921963,ml_v3bal_hi3,2026-07
321059,short,2026-07-15 18:55:00,2026-07-15 19:00:00,2026-07-15 22:00:00,4059.235,4064.025647896528,SL,-5.030647896527755,118,0.28170722846822605,ml_v3bal_hi3,2026-07
321112,short,2026-07-16 00:20:00,2026-07-16 00:25:00,2026-07-16 00:59:00,4058.308,4045.7172708333333,TP,12.350729166666643,34,0.265597600495169,ml_v3bal_hi3,2026-07
321119,long,2026-07-16 00:55:00,2026-07-16 01:00:00,2026-07-16 01:18:00,4044.711,4039.8558615899306,SL,-5.095138410069435,18,0.3192485681860424,ml_v3bal_hi3,2026-07
321123,long,2026-07-16 01:15:00,2026-07-16 01:20:00,2026-07-16 01:24:00,4040.912,4036.018491103472,SL,-5.13350889652777,4,0.3250400177761882,ml_v3bal_hi3,2026-07
321124,long,2026-07-16 01:20:00,2026-07-16 01:25:00,2026-07-16 02:09:00,4037.908,4033.0028517781248,SL,-5.145148221874994,44,0.30813431688236986,ml_v3bal_hi3,2026-07
321133,long,2026-07-16 02:05:00,2026-07-16 02:10:00,2026-07-16 02:39:00,4032.886,4027.972926877778,SL,-5.153073122222216,29,0.31333061637688464,ml_v3bal_hi3,2026-07
321139,short,2026-07-16 02:35:00,2026-07-16 02:40:00,2026-07-16 02:58:00,4027.338,4032.251473930903,SL,-5.153473930902771,18,0.2718906599813419,ml_v3bal_hi3,2026-07
321143,long,2026-07-16 02:55:00,2026-07-16 03:00:00,2026-07-16 05:30:00,4031.508,4026.6275431802082,SL,-5.1204568197916585,150,0.2973771608930348,ml_v3bal_hi3,2026-07
321174,short,2026-07-16 05:30:00,2026-07-16 05:35:00,2026-07-16 06:05:00,4029.949,4034.7254727618056,SL,-5.016472761805546,30,0.2737109282284512,ml_v3bal_hi3,2026-07
321181,long,2026-07-16 06:05:00,2026-07-16 06:10:00,2026-07-16 06:16:00,4034.993,4030.1735216572915,SL,-5.059478342708323,6,0.293941570381018,ml_v3bal_hi3,2026-07
321183,short,2026-07-16 06:15:00,2026-07-16 06:20:00,2026-07-16 08:31:00,4029.581,4034.398597319792,SL,-5.057597319791657,131,0.2732331713269235,ml_v3bal_hi3,2026-07
321210,short,2026-07-16 08:30:00,2026-07-16 08:35:00,2026-07-16 09:00:00,4032.153,4036.8518071510416,SL,-4.938807151041663,25,0.28466985151286606,ml_v3bal_hi3,2026-07
321216,long,2026-07-16 09:00:00,2026-07-16 09:05:00,2026-07-16 09:32:00,4035.538,4030.870963881597,SL,-4.907036118402774,27,0.31114796742031114,ml_v3bal_hi3,2026-07
321222,short,2026-07-16 09:30:00,2026-07-16 09:35:00,2026-07-16 11:45:00,4031.805,4036.4267764847223,SL,-4.861776484722218,130,0.29031850732913367,ml_v3bal_hi3,2026-07
321249,short,2026-07-16 11:45:00,2026-07-16 11:50:00,2026-07-16 11:52:00,4032.388,4037.039479979514,SL,-4.891479979513883,2,0.27813828981941374,ml_v3bal_hi3,2026-07
321250,long,2026-07-16 11:50:00,2026-07-16 11:55:00,2026-07-16 12:06:00,4039.317,4034.627308270139,SL,-4.929691729861107,11,0.2938083872127252,ml_v3bal_hi3,2026-07
321253,short,2026-07-16 12:05:00,2026-07-16 12:10:00,2026-07-16 12:16:00,4033.259,4020.8058645833335,TP,12.213135416666654,6,0.2696896592480484,ml_v3bal_hi3,2026-07
321255,long,2026-07-16 12:15:00,2026-07-16 12:20:00,2026-07-16 12:21:00,4028.617,4023.7951723628476,SL,-5.061827637152776,1,0.302491379529824,ml_v3bal_hi3,2026-07
321256,short,2026-07-16 12:20:00,2026-07-16 12:25:00,2026-07-16 12:30:00,4021.061,4025.910348510417,SL,-5.0893485104166665,5,0.2733591566209428,ml_v3bal_hi3,2026-07
321258,long,2026-07-16 12:30:00,2026-07-16 12:35:00,2026-07-16 12:37:00,4022.778,4017.8779472072915,SL,-5.140052792708335,2,0.32431543964097076,ml_v3bal_hi3,2026-07
321259,long,2026-07-16 12:35:00,2026-07-16 12:40:00,2026-07-16 12:41:00,4015.047,4010.129331467361,SL,-5.15766853263889,1,0.31893695006636613,ml_v3bal_hi3,2026-07
321260,long,2026-07-16 12:40:00,2026-07-16 12:45:00,2026-07-16 12:50:00,4002.888,3997.92724255,SL,-5.20075745,5,0.30992618349126966,ml_v3bal_hi3,2026-07
321262,long,2026-07-16 12:50:00,2026-07-16 12:55:00,2026-07-16 12:58:00,3996.19,3991.1911776305556,SL,-5.238822369444445,3,0.330086929664897,ml_v3bal_hi3,2026-07
321263,long,2026-07-16 12:55:00,2026-07-16 13:00:00,2026-07-16 13:02:00,3992.18,3987.167708871528,SL,-5.252291128472221,2,0.32960239925373513,ml_v3bal_hi3,2026-07
321264,long,2026-07-16 13:00:00,2026-07-16 13:05:00,2026-07-16 13:13:00,3978.391,3991.7234270833333,TP,13.092427083333328,8,0.30651497896033153,ml_v3bal_hi3,2026-07
321266,long,2026-07-16 13:10:00,2026-07-16 13:15:00,2026-07-16 13:29:00,3992.148,4005.659416666667,TP,13.271416666666658,14,0.31908229119633025,ml_v3bal_hi3,2026-07
321269,long,2026-07-16 13:25:00,2026-07-16 13:30:00,2026-07-16 13:32:00,4005.418,4000.2182613663194,SL,-5.439738633680552,2,0.30637443040748624,ml_v3bal_hi3,2026-07
321270,short,2026-07-16 13:30:00,2026-07-16 13:35:00,2026-07-16 14:27:00,3993.264,3998.4615401385417,SL,-5.437540138541661,52,0.26883926183199414,ml_v3bal_hi3,2026-07
321281,long,2026-07-16 14:25:00,2026-07-16 14:30:00,2026-07-16 14:55:00,3999.37,3994.1531932659723,SL,-5.4568067340277775,25,0.29095700659902657,ml_v3bal_hi3,2026-07
321291,long,2026-07-16 15:15:00,2026-07-16 15:20:00,2026-07-16 15:25:00,3998.527,4012.316510416667,TP,13.549510416666678,5,0.3018847810271812,ml_v3bal_hi3,2026-07
321293,long,2026-07-16 15:25:00,2026-07-16 15:30:00,2026-07-16 15:56:00,4011.435,4006.1449524243053,SL,-5.530047575694448,26,0.2958972230411041,ml_v3bal_hi3,2026-07
321300,long,2026-07-16 16:00:00,2026-07-16 16:05:00,2026-07-16 16:12:00,3999.814,3994.5208610385416,SL,-5.533138961458337,7,0.2906837875150613,ml_v3bal_hi3,2026-07
321303,long,2026-07-16 16:15:00,2026-07-16 16:20:00,2026-07-16 17:36:00,3987.075,3981.789103373611,SL,-5.525896626388891,76,0.29089138953224053,ml_v3bal_hi3,2026-07
321336,long,2026-07-16 19:00:00,2026-07-16 19:05:00,2026-07-16 19:11:00,3984.992,3979.823417296528,SL,-5.408582703472224,6,0.2904495306178866,ml_v3bal_hi3,2026-07
321338,long,2026-07-16 19:10:00,2026-07-16 19:15:00,2026-07-16 19:34:00,3980.581,3975.4095719517363,SL,-5.41142804826389,19,0.29904934299796554,ml_v3bal_hi3,2026-07
321342,long,2026-07-16 19:30:00,2026-07-16 19:35:00,2026-07-16 19:36:00,3975.11,3969.96644998125,SL,-5.383550018750003,1,0.3137882912807357,ml_v3bal_hi3,2026-07
321343,long,2026-07-16 19:35:00,2026-07-16 19:40:00,2026-07-17 00:17:00,3974.971,3988.5079375,TP,13.296937500000007,215,0.3100243260529689,ml_v3bal_hi3,2026-07
321387,long,2026-07-17 00:15:00,2026-07-17 00:20:00,2026-07-17 00:30:00,3987.978,3982.8285449979167,SL,-5.3894550020833325,10,0.30499837741056435,ml_v3bal_hi3,2026-07
321390,long,2026-07-17 00:30:00,2026-07-17 00:35:00,2026-07-17 01:06:00,3981.319,3994.8766041666668,TP,13.317604166666653,31,0.30185937585781997,ml_v3bal_hi3,2026-07
321397,long,2026-07-17 01:05:00,2026-07-17 01:10:00,2026-07-17 01:49:00,3990.563,3985.3515982305557,SL,-5.4514017694444385,39,0.3053969942011512,ml_v3bal_hi3,2026-07
321405,short,2026-07-17 01:45:00,2026-07-17 01:50:00,2026-07-17 03:04:00,3984.185,3989.4597731934027,SL,-5.514773193402773,74,0.2740637480233864,ml_v3bal_hi3,2026-07
321420,long,2026-07-17 03:00:00,2026-07-17 03:05:00,2026-07-17 03:19:00,3988.813,4002.5439895833333,TP,13.490989583333322,14,0.4171319951346212,ml_v3bal_hi3,2026-07
321423,long,2026-07-17 03:15:00,2026-07-17 03:20:00,2026-07-17 03:33:00,4002.466,3997.1979532493056,SL,-5.508046750694442,13,0.38238242758006846,ml_v3bal_hi3,2026-07
321426,long,2026-07-17 03:30:00,2026-07-17 03:35:00,2026-07-17 03:55:00,3998.058,3992.767531773611,SL,-5.530468226388886,20,0.3550287033849948,ml_v3bal_hi3,2026-07
321431,long,2026-07-17 03:55:00,2026-07-17 04:00:00,2026-07-17 04:23:00,3991.146,3985.8789016975697,SL,-5.507098302430557,23,0.368269271170899,ml_v3bal_hi3,2026-07
321436,long,2026-07-17 04:20:00,2026-07-17 04:25:00,2026-07-17 04:38:00,3986.755,3981.476155225347,SL,-5.518844774652776,13,0.33262801355417587,ml_v3bal_hi3,2026-07
321439,long,2026-07-17 04:35:00,2026-07-17 04:40:00,2026-07-17 05:06:00,3983.369,3978.079769915278,SL,-5.529230084722221,26,0.3187490819697356,ml_v3bal_hi3,2026-07
321445,long,2026-07-17 05:05:00,2026-07-17 05:10:00,2026-07-17 06:02:00,3978.201,3992.136916666667,TP,13.695916666666646,52,0.33043839572300493,ml_v3bal_hi3,2026-07
321456,long,2026-07-17 06:00:00,2026-07-17 06:05:00,2026-07-17 06:30:00,3991.926,4006.1644479166666,TP,13.998447916666654,25,0.3506408654126141,ml_v3bal_hi3,2026-07
321462,long,2026-07-17 06:30:00,2026-07-17 06:35:00,2026-07-17 06:38:00,4004.686,3999.2075723444445,SL,-5.718427655555546,3,0.32246486451063583,ml_v3bal_hi3,2026-07
321463,long,2026-07-17 06:35:00,2026-07-17 06:40:00,2026-07-17 07:10:00,3999.943,3994.452202832986,SL,-5.73079716701388,30,0.34035412649330393,ml_v3bal_hi3,2026-07
321470,long,2026-07-17 07:10:00,2026-07-17 07:15:00,2026-07-17 08:17:00,3996.306,3990.8268421583334,SL,-5.719157841666653,62,0.36032761480641406,ml_v3bal_hi3,2026-07
321483,long,2026-07-17 08:15:00,2026-07-17 08:20:00,2026-07-17 12:22:00,3990.317,3984.7871220024304,SL,-5.76987799756943,242,0.3378047863080686,ml_v3bal_hi3,2026-07
321532,short,2026-07-17 12:20:00,2026-07-17 12:25:00,2026-07-17 12:43:00,3985.684,3970.7206979166667,TP,14.723302083333278,18,0.29378198031127056,ml_v3bal_hi3,2026-07
321536,short,2026-07-17 12:40:00,2026-07-17 12:45:00,2026-07-17 13:04:00,3969.781,3975.509540209028,SL,-5.968540209027759,19,0.29511413284542076,ml_v3bal_hi3,2026-07
321540,short,2026-07-17 13:00:00,2026-07-17 13:05:00,2026-07-17 13:37:00,3974.116,3979.854191364583,SL,-5.978191364583314,32,0.2901760353800934,ml_v3bal_hi3,2026-07
321548,short,2026-07-17 13:40:00,2026-07-17 13:45:00,2026-07-17 13:50:00,3985.1,3990.8452392479167,SL,-5.985239247916644,5,0.2764743495478913,ml_v3bal_hi3,2026-07
321550,short,2026-07-17 13:50:00,2026-07-17 13:55:00,2026-07-17 13:58:00,3988.808,3994.545734998264,SL,-5.977734998263867,3,0.2728182815277054,ml_v3bal_hi3,2026-07
321551,short,2026-07-17 13:55:00,2026-07-17 14:00:00,2026-07-17 14:20:00,3997.391,4003.1397949368056,SL,-5.988794936805536,20,0.2677997209849735,ml_v3bal_hi3,2026-07
321556,short,2026-07-17 14:20:00,2026-07-17 14:25:00,2026-07-17 15:04:00,4002.628,4008.297482438889,SL,-5.90948243888887,39,0.27865434141498313,ml_v3bal_hi3,2026-07
321564,long,2026-07-17 15:00:00,2026-07-17 15:05:00,2026-07-17 15:06:00,4012.345,4006.713427712847,SL,-5.871572287152758,1,0.3254099381503296,ml_v3bal_hi3,2026-07
321565,long,2026-07-17 15:05:00,2026-07-17 15:10:00,2026-07-17 16:24:00,4008.117,4022.95196875,TP,14.594968749999948,74,0.3244120803299765,ml_v3bal_hi3,2026-07
321581,short,2026-07-17 16:25:00,2026-07-17 16:30:00,2026-07-17 19:23:00,4018.754,4004.1592291666666,TP,14.354770833333271,173,0.2773719674414783,ml_v3bal_hi3,2026-07
321616,short,2026-07-17 19:20:00,2026-07-17 19:25:00,2026-07-17 19:36:00,4002.626,4008.0170712052086,SL,-5.631071205208311,11,0.2767666894855101,ml_v3bal_hi3,2026-07
321619,short,2026-07-17 19:35:00,2026-07-17 19:40:00,2026-07-17 19:51:00,4006.394,4011.7675467385416,SL,-5.613546738541643,11,0.2765590825375967,ml_v3bal_hi3,2026-07
321622,short,2026-07-17 19:50:00,2026-07-17 19:55:00,2026-07-17 20:57:00,4015.691,4017.752,TIMEOUT,-2.3010000000001494,62,0.282053459040556,ml_v3bal_hi3,2026-07
