row,dir,signal_time,entry_time,exit_time,entry_px,exit_px,outcome,pnl,dur_m1,prob,variant,fold
913105,long,2024-08-01 12:45:00,2024-08-01 12:46:00,2024-08-01 12:47:00,2452.788,2452.248,SL,-0.72,1,0.3859401865485308,ml_scalp1,2024-08
913154,short,2024-08-01 13:34:00,2024-08-01 13:35:00,2024-08-01 13:36:00,2456.01,2456.55,SL,-0.72,1,0.3794947632566286,ml_scalp1,2024-08
913166,long,2024-08-01 13:46:00,2024-08-01 13:47:00,2024-08-01 13:48:00,2451.766,2451.2290000000003,SL,-0.716,1,0.38610553924631025,ml_scalp1,2024-08
913180,short,2024-08-01 14:00:00,2024-08-01 14:01:00,2024-08-01 14:02:00,2459.17,2459.71,SL,-0.72,1,0.3794138877412273,ml_scalp1,2024-08
913193,long,2024-08-01 14:13:00,2024-08-01 14:14:00,2024-08-01 14:15:00,2451.654,2451.114,SL,-0.72,1,0.3855463661763087,ml_scalp1,2024-08
913205,long,2024-08-01 14:25:00,2024-08-01 14:26:00,2024-08-01 14:27:00,2445.219,2446.219,TP,0.821,1,0.38627088922964437,ml_scalp1,2024-08
913218,short,2024-08-01 14:38:00,2024-08-01 14:39:00,2024-08-01 14:40:00,2452.07,2451.07,TP,0.8200000000000001,1,0.37964817967988435,ml_scalp1,2024-08
913240,short,2024-08-01 15:00:00,2024-08-01 15:01:00,2024-08-01 15:02:00,2449.109,2449.649,SL,-0.72,1,0.379620342510437,ml_scalp1,2024-08
913272,short,2024-08-01 15:32:00,2024-08-01 15:33:00,2024-08-01 15:35:00,2448.879,2447.879,TP,0.8200000000000001,2,0.3794974999605405,ml_scalp1,2024-08
913791,long,2024-08-02 01:14:00,2024-08-02 01:15:00,2024-08-02 01:16:00,2437.678,2437.141,SL,-0.716,1,0.38745758101392674,ml_scalp1,2024-08
914469,short,2024-08-02 12:32:00,2024-08-02 12:33:00,2024-08-02 12:34:00,2469.11,2469.647,SL,-0.716,1,0.37896384512873105,ml_scalp1,2024-08
914500,long,2024-08-02 13:03:00,2024-08-02 13:04:00,2024-08-02 13:05:00,2465.749,2465.212,SL,-0.716,1,0.3867289446608639,ml_scalp1,2024-08
914512,long,2024-08-02 13:15:00,2024-08-02 13:16:00,2024-08-02 13:17:00,2457.172,2458.172,TP,0.8200000000000001,1,0.3925391229563298,ml_scalp1,2024-08
914527,short,2024-08-02 13:30:00,2024-08-02 13:31:00,2024-08-02 13:32:00,2468.152,2468.689,SL,-0.716,1,0.37920257919467015,ml_scalp1,2024-08
914551,short,2024-08-02 13:54:00,2024-08-02 13:55:00,2024-08-02 13:56:00,2467.901,2468.441,SL,-0.72,1,0.37988912014303267,ml_scalp1,2024-08
914580,short,2024-08-02 14:23:00,2024-08-02 14:24:00,2024-08-02 14:25:00,2473.581,2472.581,TP,0.8200000000000001,1,0.3797246918983573,ml_scalp1,2024-08
914592,long,2024-08-02 14:35:00,2024-08-02 14:36:00,2024-08-02 14:37:00,2452.895,2452.355,SL,-0.72,1,0.38769558075056293,ml_scalp1,2024-08
914604,long,2024-08-02 14:47:00,2024-08-02 14:48:00,2024-08-02 14:49:00,2438.553,2438.016,SL,-0.716,1,0.38570103128121497,ml_scalp1,2024-08
914616,short,2024-08-02 14:59:00,2024-08-02 15:00:00,2024-08-02 15:01:00,2431.502,2432.042,SL,-0.72,1,0.37932359560820766,ml_scalp1,2024-08
914628,long,2024-08-02 15:11:00,2024-08-02 15:12:00,2024-08-02 15:13:00,2421.527,2420.9900000000002,SL,-0.716,1,0.39450431253523804,ml_scalp1,2024-08
914640,short,2024-08-02 15:23:00,2024-08-02 15:24:00,2024-08-02 15:25:00,2424.515,2425.055,SL,-0.72,1,0.3804124886497013,ml_scalp1,2024-08
914652,short,2024-08-02 15:35:00,2024-08-02 15:36:00,2024-08-02 15:37:00,2425.226,2425.766,SL,-0.72,1,0.37976799287743845,ml_scalp1,2024-08
914664,short,2024-08-02 15:47:00,2024-08-02 15:48:00,2024-08-02 15:49:00,2424.03,2424.567,SL,-0.716,1,0.3802050139484121,ml_scalp1,2024-08
914676,short,2024-08-02 15:59:00,2024-08-02 16:00:00,2024-08-02 16:01:00,2433.068,2433.608,SL,-0.72,1,0.37977808754376213,ml_scalp1,2024-08
915107,long,2024-08-05 00:17:00,2024-08-05 00:18:00,2024-08-05 00:19:00,2420.388,2421.388,TP,0.8200000000000001,1,0.3891513283525714,ml_scalp1,2024-08
915468,long,2024-08-05 06:18:00,2024-08-05 06:19:00,2024-08-05 06:20:00,2426.169,2425.629,SL,-0.72,1,0.38642390694337864,ml_scalp1,2024-08
915746,long,2024-08-05 10:56:00,2024-08-05 10:57:00,2024-08-05 10:58:00,2410.551,2410.011,SL,-0.72,1,0.3855826420702843,ml_scalp1,2024-08
915762,short,2024-08-05 11:12:00,2024-08-05 11:13:00,2024-08-05 11:15:00,2407.266,2406.266,TP,0.821,2,0.37942170707978595,ml_scalp1,2024-08
915777,long,2024-08-05 11:27:00,2024-08-05 11:28:00,2024-08-05 11:29:00,2395.022,2396.022,TP,0.8200000000000001,1,0.38866800674099,ml_scalp1,2024-08
915790,long,2024-08-05 11:40:00,2024-08-05 11:41:00,2024-08-05 11:42:00,2390.001,2389.4610000000002,SL,-0.72,1,0.3855255003845174,ml_scalp1,2024-08
915802,short,2024-08-05 11:52:00,2024-08-05 11:53:00,2024-08-05 11:54:00,2386.638,2387.178,SL,-0.72,1,0.3803010972882567,ml_scalp1,2024-08
915814,short,2024-08-05 12:04:00,2024-08-05 12:05:00,2024-08-05 12:06:00,2389.274,2389.814,SL,-0.72,1,0.3800198231688742,ml_scalp1,2024-08
915830,long,2024-08-05 12:20:00,2024-08-05 12:21:00,2024-08-05 12:22:00,2377.878,2377.3410000000003,SL,-0.716,1,0.38830673042159775,ml_scalp1,2024-08
915842,long,2024-08-05 12:32:00,2024-08-05 12:33:00,2024-08-05 12:34:00,2370.246,2369.706,SL,-0.72,1,0.3858939380796409,ml_scalp1,2024-08
915854,short,2024-08-05 12:44:00,2024-08-05 12:45:00,2024-08-05 12:46:00,2373.812,2374.3489999999997,SL,-0.716,1,0.3810819090280315,ml_scalp1,2024-08
915866,short,2024-08-05 12:56:00,2024-08-05 12:57:00,2024-08-05 12:58:00,2378.165,2377.165,TP,0.8200000000000001,1,0.38245546138450365,ml_scalp1,2024-08
915878,short,2024-08-05 13:08:00,2024-08-05 13:09:00,2024-08-05 13:10:00,2388.41,2388.95,SL,-0.72,1,0.38193578961744173,ml_scalp1,2024-08
915890,short,2024-08-05 13:20:00,2024-08-05 13:21:00,2024-08-05 13:22:00,2386.836,2387.3759999999997,SL,-0.72,1,0.38041880268890804,ml_scalp1,2024-08
915902,short,2024-08-05 13:32:00,2024-08-05 13:33:00,2024-08-05 13:34:00,2383.169,2383.709,SL,-0.72,1,0.37988804946510707,ml_scalp1,2024-08
915914,short,2024-08-05 13:44:00,2024-08-05 13:45:00,2024-08-05 13:46:00,2390.522,2391.0589999999997,SL,-0.716,1,0.3814584936848617,ml_scalp1,2024-08
915926,short,2024-08-05 13:56:00,2024-08-05 13:57:00,2024-08-05 13:58:00,2395.731,2394.731,TP,0.8200000000000001,1,0.3819448994893292,ml_scalp1,2024-08
915938,short,2024-08-05 14:08:00,2024-08-05 14:09:00,2024-08-05 14:10:00,2393.299,2393.839,SL,-0.72,1,0.3805765040331373,ml_scalp1,2024-08
915950,short,2024-08-05 14:20:00,2024-08-05 14:21:00,2024-08-05 14:22:00,2389.797,2390.334,SL,-0.716,1,0.38020052144343897,ml_scalp1,2024-08
915967,short,2024-08-05 14:37:00,2024-08-05 14:38:00,2024-08-05 14:39:00,2391.511,2392.051,SL,-0.72,1,0.3789512677940161,ml_scalp1,2024-08
916777,long,2024-08-06 05:10:00,2024-08-06 05:11:00,2024-08-06 05:15:00,2409.569,2410.569,TP,0.8200000000000001,4,0.38728297084095054,ml_scalp1,2024-08
917247,short,2024-08-06 13:00:00,2024-08-06 13:01:00,2024-08-06 13:02:00,2396.24,2396.7799999999997,SL,-0.72,1,0.37940349210256563,ml_scalp1,2024-08
917267,short,2024-08-06 13:20:00,2024-08-06 13:21:00,2024-08-06 13:22:00,2393.811,2394.351,SL,-0.72,1,0.3792532551458113,ml_scalp1,2024-08
917309,short,2024-08-06 14:02:00,2024-08-06 14:03:00,2024-08-06 14:04:00,2397.114,2397.651,SL,-0.716,1,0.37913555584000563,ml_scalp1,2024-08
917349,short,2024-08-06 14:42:00,2024-08-06 14:43:00,2024-08-06 14:44:00,2392.356,2392.893,SL,-0.716,1,0.37992878589485246,ml_scalp1,2024-08
917371,short,2024-08-06 15:04:00,2024-08-06 15:05:00,2024-08-06 15:06:00,2390.652,2389.652,TP,0.8200000000000001,1,0.37911268949283505,ml_scalp1,2024-08
917383,long,2024-08-06 15:16:00,2024-08-06 15:17:00,2024-08-06 15:18:00,2382.933,2382.393,SL,-0.72,1,0.3867209644545819,ml_scalp1,2024-08
917395,short,2024-08-06 15:28:00,2024-08-06 15:29:00,2024-08-06 15:30:00,2385.763,2386.303,SL,-0.72,1,0.38007959302572736,ml_scalp1,2024-08
917410,short,2024-08-06 15:43:00,2024-08-06 15:44:00,2024-08-06 15:45:00,2384.889,2383.889,TP,0.8200000000000001,1,0.37914038451665655,ml_scalp1,2024-08
917924,long,2024-08-07 01:20:00,2024-08-07 01:21:00,2024-08-07 01:22:00,2380.495,2381.495,TP,0.821,1,0.3863253868449217,ml_scalp1,2024-08
918156,long,2024-08-07 05:12:00,2024-08-07 05:13:00,2024-08-07 05:16:00,2395.119,2394.5820000000003,SL,-0.716,3,0.38565002070136195,ml_scalp1,2024-08
918170,long,2024-08-07 05:26:00,2024-08-07 05:27:00,2024-08-07 05:28:00,2394.0,2395.0,TP,0.8200000000000001,1,0.3987315143806763,ml_scalp1,2024-08
919974,long,2024-08-08 12:33:00,2024-08-08 12:34:00,2024-08-08 12:35:00,2410.095,2409.555,SL,-0.72,1,0.3882640373780634,ml_scalp1,2024-08
919988,long,2024-08-08 12:47:00,2024-08-08 12:48:00,2024-08-08 12:50:00,2408.205,2407.665,SL,-0.72,2,0.3857569617512462,ml_scalp1,2024-08
920021,short,2024-08-08 13:20:00,2024-08-08 13:21:00,2024-08-08 13:22:00,2406.773,2407.313,SL,-0.72,1,0.37953986813662244,ml_scalp1,2024-08
920033,short,2024-08-08 13:32:00,2024-08-08 13:33:00,2024-08-08 13:34:00,2408.324,2408.864,SL,-0.72,1,0.37899495002095185,ml_scalp1,2024-08
920073,short,2024-08-08 14:12:00,2024-08-08 14:13:00,2024-08-08 14:14:00,2418.655,2417.655,TP,0.8200000000000001,1,0.3789771063795802,ml_scalp1,2024-08
920085,long,2024-08-08 14:24:00,2024-08-08 14:25:00,2024-08-08 14:26:00,2420.648,2421.648,TP,0.8200000000000001,1,0.38574982544654746,ml_scalp1,2024-08
920097,long,2024-08-08 14:36:00,2024-08-08 14:37:00,2024-08-08 14:38:00,2419.746,2419.206,SL,-0.72,1,0.3866727861465731,ml_scalp1,2024-08
920110,long,2024-08-08 14:49:00,2024-08-08 14:50:00,2024-08-08 14:52:00,2416.184,2417.184,TP,0.8200000000000001,2,0.38584504335040626,ml_scalp1,2024-08
921298,long,2024-08-09 11:40:00,2024-08-09 11:41:00,2024-08-09 11:42:00,2426.913,2426.373,SL,-0.72,1,0.3854965487001098,ml_scalp1,2024-08
921420,long,2024-08-09 13:42:00,2024-08-09 13:43:00,2024-08-09 13:44:00,2425.054,2424.5170000000003,SL,-0.716,1,0.3856469136455938,ml_scalp1,2024-08
921436,short,2024-08-09 13:58:00,2024-08-09 13:59:00,2024-08-09 14:00:00,2426.807,2425.807,TP,0.8200000000000001,1,0.3790756081218725,ml_scalp1,2024-08
922782,short,2024-08-12 13:31:00,2024-08-12 13:32:00,2024-08-12 13:33:00,2448.871,2449.411,SL,-0.72,1,0.37956315888190056,ml_scalp1,2024-08
922807,long,2024-08-12 13:56:00,2024-08-12 13:57:00,2024-08-12 13:58:00,2455.763,2455.223,SL,-0.72,1,0.3857409563015966,ml_scalp1,2024-08
922824,long,2024-08-12 14:13:00,2024-08-12 14:14:00,2024-08-12 14:15:00,2449.08,2448.54,SL,-0.72,1,0.3869941749637043,ml_scalp1,2024-08
922842,short,2024-08-12 14:31:00,2024-08-12 14:32:00,2024-08-12 14:33:00,2449.381,2449.888,SL,-0.676,1,0.3789818546307281,ml_scalp1,2024-08
922860,short,2024-08-12 14:49:00,2024-08-12 14:50:00,2024-08-12 14:51:00,2455.426,2454.426,TP,0.831,1,0.3790189970447359,ml_scalp1,2024-08
922880,short,2024-08-12 15:09:00,2024-08-12 15:10:00,2024-08-12 15:11:00,2456.281,2456.788,SL,-0.676,1,0.3789702762855693,ml_scalp1,2024-08
922897,long,2024-08-12 15:26:00,2024-08-12 15:27:00,2024-08-12 15:29:00,2458.069,2457.562,SL,-0.676,2,0.38605853460573164,ml_scalp1,2024-08
922921,short,2024-08-12 15:50:00,2024-08-12 15:51:00,2024-08-12 15:54:00,2459.178,2459.685,SL,-0.676,3,0.37897620447955516,ml_scalp1,2024-08
922935,short,2024-08-12 16:04:00,2024-08-12 16:05:00,2024-08-12 16:06:00,2463.037,2463.544,SL,-0.676,1,0.3791469480674834,ml_scalp1,2024-08
923423,long,2024-08-13 01:15:00,2024-08-13 01:16:00,2024-08-13 01:17:00,2464.094,2463.587,SL,-0.676,1,0.38785259267743205,ml_scalp1,2024-08
924101,short,2024-08-13 12:33:00,2024-08-13 12:34:00,2024-08-13 12:35:00,2470.563,2469.563,TP,0.831,1,0.3790944243770245,ml_scalp1,2024-08
924149,long,2024-08-13 13:21:00,2024-08-13 13:22:00,2024-08-13 13:23:00,2462.619,2462.112,SL,-0.676,1,0.3876409912148865,ml_scalp1,2024-08
924167,short,2024-08-13 13:39:00,2024-08-13 13:40:00,2024-08-13 13:42:00,2471.128,2471.635,SL,-0.676,2,0.3793837843788197,ml_scalp1,2024-08
924195,long,2024-08-13 14:07:00,2024-08-13 14:08:00,2024-08-13 14:09:00,2471.943,2471.436,SL,-0.676,1,0.38581310941026015,ml_scalp1,2024-08
924222,long,2024-08-13 14:34:00,2024-08-13 14:35:00,2024-08-13 14:36:00,2464.808,2465.808,TP,0.831,1,0.3866734652405073,ml_scalp1,2024-08
924877,long,2024-08-14 02:32:00,2024-08-14 02:33:00,2024-08-14 02:34:00,2456.397,2455.89,SL,-0.676,1,0.3856745481264007,ml_scalp1,2024-08
925476,long,2024-08-14 12:31:00,2024-08-14 12:32:00,2024-08-14 12:33:00,2464.743,2464.236,SL,-0.676,1,0.3917585028324557,ml_scalp1,2024-08
925494,long,2024-08-14 12:49:00,2024-08-14 12:50:00,2024-08-14 12:51:00,2466.138,2465.631,SL,-0.676,1,0.3899960234775601,ml_scalp1,2024-08
925511,long,2024-08-14 13:06:00,2024-08-14 13:07:00,2024-08-14 13:08:00,2464.262,2465.262,TP,0.831,1,0.3855302801149919,ml_scalp1,2024-08
925523,long,2024-08-14 13:18:00,2024-08-14 13:19:00,2024-08-14 13:20:00,2462.151,2461.644,SL,-0.676,1,0.38855866218205226,ml_scalp1,2024-08
925535,long,2024-08-14 13:30:00,2024-08-14 13:31:00,2024-08-14 13:32:00,2449.836,2450.836,TP,0.831,1,0.39544587032980894,ml_scalp1,2024-08
925547,short,2024-08-14 13:42:00,2024-08-14 13:43:00,2024-08-14 13:44:00,2457.647,2458.154,SL,-0.676,1,0.37971474627873164,ml_scalp1,2024-08
925561,short,2024-08-14 13:56:00,2024-08-14 13:57:00,2024-08-14 13:58:00,2458.435,2457.435,TP,0.831,1,0.37978224530099197,ml_scalp1,2024-08
925573,short,2024-08-14 14:08:00,2024-08-14 14:09:00,2024-08-14 14:10:00,2452.778,2453.285,SL,-0.676,1,0.3791135345085372,ml_scalp1,2024-08
925585,short,2024-08-14 14:20:00,2024-08-14 14:21:00,2024-08-14 14:23:00,2457.107,2457.614,SL,-0.676,2,0.37991299529985934,ml_scalp1,2024-08
925599,short,2024-08-14 14:34:00,2024-08-14 14:35:00,2024-08-14 14:36:00,2450.022,2449.022,TP,0.831,1,0.37903606141957114,ml_scalp1,2024-08
925611,short,2024-08-14 14:46:00,2024-08-14 14:47:00,2024-08-14 14:48:00,2449.5,2450.007,SL,-0.676,1,0.37995124075375214,ml_scalp1,2024-08
925623,short,2024-08-14 14:58:00,2024-08-14 14:59:00,2024-08-14 15:00:00,2450.251,2449.251,TP,0.831,1,0.38012363682281647,ml_scalp1,2024-08
925635,short,2024-08-14 15:10:00,2024-08-14 15:11:00,2024-08-14 15:12:00,2451.176,2451.683,SL,-0.676,1,0.38064639122255717,ml_scalp1,2024-08
925647,short,2024-08-14 15:22:00,2024-08-14 15:23:00,2024-08-14 15:24:00,2450.694,2449.694,TP,0.831,1,0.37927993977275304,ml_scalp1,2024-08
925659,short,2024-08-14 15:34:00,2024-08-14 15:35:00,2024-08-14 15:36:00,2445.64,2446.147,SL,-0.676,1,0.37905851998073015,ml_scalp1,2024-08
925671,short,2024-08-14 15:46:00,2024-08-14 15:47:00,2024-08-14 15:48:00,2443.141,2443.648,SL,-0.676,1,0.3793372523073201,ml_scalp1,2024-08
925683,short,2024-08-14 15:58:00,2024-08-14 15:59:00,2024-08-14 16:01:00,2443.901,2444.408,SL,-0.676,2,0.37982115198219973,ml_scalp1,2024-08
925726,short,2024-08-14 16:41:00,2024-08-14 16:42:00,2024-08-14 16:43:00,2443.761,2442.761,TP,0.831,1,0.3799034178096051,ml_scalp1,2024-08
926419,long,2024-08-15 05:17:00,2024-08-15 05:18:00,2024-08-15 05:25:00,2452.832,2452.325,SL,-0.676,7,0.3975961076747983,ml_scalp1,2024-08
926678,long,2024-08-15 09:36:00,2024-08-15 09:37:00,2024-08-15 09:54:00,2456.163,2457.163,TP,0.831,17,0.3943525438465397,ml_scalp1,2024-08
926736,long,2024-08-15 10:34:00,2024-08-15 10:35:00,2024-08-15 10:52:00,2458.231,2457.724,SL,-0.676,17,0.3870799106182863,ml_scalp1,2024-08
926764,long,2024-08-15 11:02:00,2024-08-15 11:03:00,2024-08-15 11:07:00,2458.636,2459.636,TP,0.831,4,0.38798050135049716,ml_scalp1,2024-08
926853,long,2024-08-15 12:31:00,2024-08-15 12:32:00,2024-08-15 12:33:00,2462.189,2461.682,SL,-0.676,1,0.38944888953578527,ml_scalp1,2024-08
926867,long,2024-08-15 12:45:00,2024-08-15 12:46:00,2024-08-15 12:47:00,2455.007,2454.5,SL,-0.676,1,0.3855745978442091,ml_scalp1,2024-08
926879,long,2024-08-15 12:57:00,2024-08-15 12:58:00,2024-08-15 12:59:00,2445.062,2444.555,SL,-0.676,1,0.39281100070851077,ml_scalp1,2024-08
926891,long,2024-08-15 13:09:00,2024-08-15 13:10:00,2024-08-15 13:11:00,2434.397,2433.89,SL,-0.676,1,0.3954907616194887,ml_scalp1,2024-08
926903,short,2024-08-15 13:21:00,2024-08-15 13:22:00,2024-08-15 13:23:00,2444.297,2444.804,SL,-0.676,1,0.3808891265214496,ml_scalp1,2024-08
926915,short,2024-08-15 13:33:00,2024-08-15 13:34:00,2024-08-15 13:35:00,2449.338,2449.8450000000003,SL,-0.676,1,0.37964849162938274,ml_scalp1,2024-08
926931,short,2024-08-15 13:49:00,2024-08-15 13:50:00,2024-08-15 13:51:00,2439.133,2439.64,SL,-0.676,1,0.37903674910557583,ml_scalp1,2024-08
926943,short,2024-08-15 14:01:00,2024-08-15 14:02:00,2024-08-15 14:03:00,2448.629,2447.629,TP,0.831,1,0.380323298517407,ml_scalp1,2024-08
926960,short,2024-08-15 14:18:00,2024-08-15 14:19:00,2024-08-15 14:20:00,2446.654,2447.161,SL,-0.676,1,0.37905583111917945,ml_scalp1,2024-08
926972,short,2024-08-15 14:30:00,2024-08-15 14:31:00,2024-08-15 14:32:00,2451.731,2450.731,TP,0.831,1,0.37934919561837716,ml_scalp1,2024-08
926987,short,2024-08-15 14:45:00,2024-08-15 14:46:00,2024-08-15 14:47:00,2455.529,2456.036,SL,-0.676,1,0.37923992905919895,ml_scalp1,2024-08
927006,short,2024-08-15 15:04:00,2024-08-15 15:05:00,2024-08-15 15:06:00,2453.958,2454.465,SL,-0.676,1,0.3790487007476138,ml_scalp1,2024-08
927026,short,2024-08-15 15:24:00,2024-08-15 15:25:00,2024-08-15 15:26:00,2456.626,2455.626,TP,0.831,1,0.3793197904043786,ml_scalp1,2024-08
928250,short,2024-08-16 12:51:00,2024-08-16 12:52:00,2024-08-16 12:53:00,2480.803,2481.31,SL,-0.676,1,0.3789976715481098,ml_scalp1,2024-08
928262,long,2024-08-16 13:03:00,2024-08-16 13:04:00,2024-08-16 13:05:00,2487.624,2488.624,TP,0.831,1,0.38662229792576996,ml_scalp1,2024-08
928274,long,2024-08-16 13:15:00,2024-08-16 13:16:00,2024-08-16 13:17:00,2487.455,2486.948,SL,-0.676,1,0.3861126444265122,ml_scalp1,2024-08
928286,long,2024-08-16 13:27:00,2024-08-16 13:28:00,2024-08-16 13:29:00,2488.462,2487.955,SL,-0.676,1,0.3879487993947212,ml_scalp1,2024-08
928298,long,2024-08-16 13:39:00,2024-08-16 13:40:00,2024-08-16 13:41:00,2492.692,2493.692,TP,0.831,1,0.39026143612526065,ml_scalp1,2024-08
928310,long,2024-08-16 13:51:00,2024-08-16 13:52:00,2024-08-16 13:53:00,2499.223,2498.716,SL,-0.676,1,0.39071877629560703,ml_scalp1,2024-08
928322,long,2024-08-16 14:03:00,2024-08-16 14:04:00,2024-08-16 14:05:00,2486.939,2486.432,SL,-0.676,1,0.3912864981396798,ml_scalp1,2024-08
928334,long,2024-08-16 14:15:00,2024-08-16 14:16:00,2024-08-16 14:17:00,2487.137,2486.63,SL,-0.676,1,0.38976784692153665,ml_scalp1,2024-08
928346,long,2024-08-16 14:27:00,2024-08-16 14:28:00,2024-08-16 14:29:00,2481.002,2482.002,TP,0.831,1,0.392862713933414,ml_scalp1,2024-08
928358,short,2024-08-16 14:39:00,2024-08-16 14:40:00,2024-08-16 14:41:00,2484.063,2484.57,SL,-0.676,1,0.3794873408438762,ml_scalp1,2024-08
928370,short,2024-08-16 14:51:00,2024-08-16 14:52:00,2024-08-16 14:53:00,2487.893,2488.4,SL,-0.676,1,0.37945387562525046,ml_scalp1,2024-08
929665,short,2024-08-19 13:33:00,2024-08-19 13:34:00,2024-08-19 13:35:00,2492.574,2493.114,SL,-0.72,1,0.37935121249503023,ml_scalp1,2024-08
929681,short,2024-08-19 13:49:00,2024-08-19 13:50:00,2024-08-19 13:51:00,2490.812,2491.352,SL,-0.72,1,0.3792164010057111,ml_scalp1,2024-08
929696,short,2024-08-19 14:04:00,2024-08-19 14:05:00,2024-08-19 14:07:00,2497.842,2498.379,SL,-0.716,2,0.3789849943844738,ml_scalp1,2024-08
929725,short,2024-08-19 14:33:00,2024-08-19 14:34:00,2024-08-19 14:35:00,2501.249,2501.7889999999998,SL,-0.72,1,0.3790825810230522,ml_scalp1,2024-08
930722,long,2024-08-20 08:13:00,2024-08-20 08:14:00,2024-08-20 08:15:00,2517.625,2517.085,SL,-0.72,1,0.38555990769251514,ml_scalp1,2024-08
931002,short,2024-08-20 12:53:00,2024-08-20 12:54:00,2024-08-20 12:55:00,2528.775,2527.775,TP,0.8200000000000001,1,0.3791682327940761,ml_scalp1,2024-08
931036,short,2024-08-20 13:27:00,2024-08-20 13:28:00,2024-08-20 13:29:00,2528.148,2528.688,SL,-0.72,1,0.37905552760644506,ml_scalp1,2024-08
931056,short,2024-08-20 13:47:00,2024-08-20 13:48:00,2024-08-20 13:49:00,2528.09,2527.09,TP,0.8200000000000001,1,0.3792049073751102,ml_scalp1,2024-08
931094,long,2024-08-20 14:25:00,2024-08-20 14:26:00,2024-08-20 14:27:00,2521.306,2522.306,TP,0.8200000000000001,1,0.38648863001903677,ml_scalp1,2024-08
931131,long,2024-08-20 15:02:00,2024-08-20 15:03:00,2024-08-20 15:04:00,2514.21,2513.6730000000002,SL,-0.716,1,0.3904098545384521,ml_scalp1,2024-08
931143,long,2024-08-20 15:14:00,2024-08-20 15:15:00,2024-08-20 15:16:00,2509.947,2509.4100000000003,SL,-0.716,1,0.38666224020566414,ml_scalp1,2024-08
931155,short,2024-08-20 15:26:00,2024-08-20 15:27:00,2024-08-20 15:28:00,2510.071,2509.071,TP,0.821,1,0.37970866409486737,ml_scalp1,2024-08
931167,short,2024-08-20 15:38:00,2024-08-20 15:39:00,2024-08-20 15:40:00,2514.362,2513.362,TP,0.8200000000000001,1,0.3798018364137528,ml_scalp1,2024-08
931180,short,2024-08-20 15:51:00,2024-08-20 15:52:00,2024-08-20 15:53:00,2511.314,2510.314,TP,0.8200000000000001,1,0.3795843038977984,ml_scalp1,2024-08
931192,long,2024-08-20 16:03:00,2024-08-20 16:04:00,2024-08-20 16:05:00,2502.211,2503.211,TP,0.821,1,0.38851232144608444,ml_scalp1,2024-08
932428,long,2024-08-21 13:42:00,2024-08-21 13:43:00,2024-08-21 13:44:00,2501.657,2501.117,SL,-0.72,1,0.389004206349784,ml_scalp1,2024-08
932440,short,2024-08-21 13:54:00,2024-08-21 13:55:00,2024-08-21 13:57:00,2502.182,2502.7219999999998,SL,-0.72,2,0.3799082958094628,ml_scalp1,2024-08
932453,short,2024-08-21 14:07:00,2024-08-21 14:08:00,2024-08-21 14:09:00,2501.44,2500.44,TP,0.821,1,0.37902356830166256,ml_scalp1,2024-08
932486,short,2024-08-21 14:40:00,2024-08-21 14:41:00,2024-08-21 14:42:00,2495.579,2496.119,SL,-0.72,1,0.37895084154188763,ml_scalp1,2024-08
932498,short,2024-08-21 14:52:00,2024-08-21 14:53:00,2024-08-21 14:54:00,2505.069,2504.069,TP,0.8200000000000001,1,0.3796606393412383,ml_scalp1,2024-08
932511,short,2024-08-21 15:05:00,2024-08-21 15:06:00,2024-08-21 15:07:00,2505.547,2506.087,SL,-0.72,1,0.3793360015445146,ml_scalp1,2024-08
932525,short,2024-08-21 15:19:00,2024-08-21 15:20:00,2024-08-21 15:21:00,2506.659,2507.199,SL,-0.72,1,0.37918526451792683,ml_scalp1,2024-08
932537,short,2024-08-21 15:31:00,2024-08-21 15:32:00,2024-08-21 15:35:00,2508.767,2507.767,TP,0.8200000000000001,3,0.3791494186374956,ml_scalp1,2024-08
933681,long,2024-08-22 11:38:00,2024-08-22 11:39:00,2024-08-22 11:40:00,2498.933,2499.933,TP,0.8200000000000001,1,0.38646278073637846,ml_scalp1,2024-08
933737,short,2024-08-22 12:34:00,2024-08-22 12:35:00,2024-08-22 12:36:00,2500.589,2501.1259999999997,SL,-0.716,1,0.3791014043519553,ml_scalp1,2024-08
933784,long,2024-08-22 13:21:00,2024-08-22 13:22:00,2024-08-22 13:24:00,2493.062,2494.062,TP,0.8200000000000001,2,0.3914337731823541,ml_scalp1,2024-08
933797,long,2024-08-22 13:34:00,2024-08-22 13:35:00,2024-08-22 13:36:00,2486.359,2487.359,TP,0.8200000000000001,1,0.3900854953457635,ml_scalp1,2024-08
933809,long,2024-08-22 13:46:00,2024-08-22 13:47:00,2024-08-22 13:48:00,2484.262,2485.262,TP,0.8200000000000001,1,0.3877548188507438,ml_scalp1,2024-08
933821,short,2024-08-22 13:58:00,2024-08-22 13:59:00,2024-08-22 14:00:00,2487.558,2486.558,TP,0.8200000000000001,1,0.38001825423568913,ml_scalp1,2024-08
933833,long,2024-08-22 14:10:00,2024-08-22 14:11:00,2024-08-22 14:12:00,2478.931,2478.391,SL,-0.72,1,0.39496566536509004,ml_scalp1,2024-08
933845,long,2024-08-22 14:22:00,2024-08-22 14:23:00,2024-08-22 14:24:00,2471.357,2472.357,TP,0.8200000000000001,1,0.39555947986501466,ml_scalp1,2024-08
933857,short,2024-08-22 14:34:00,2024-08-22 14:35:00,2024-08-22 14:36:00,2473.81,2474.35,SL,-0.72,1,0.381114303389187,ml_scalp1,2024-08
933869,short,2024-08-22 14:46:00,2024-08-22 14:47:00,2024-08-22 14:48:00,2478.072,2478.612,SL,-0.72,1,0.3804161670867373,ml_scalp1,2024-08
933881,short,2024-08-22 14:58:00,2024-08-22 14:59:00,2024-08-22 15:01:00,2480.3,2480.84,SL,-0.72,2,0.3803652478949591,ml_scalp1,2024-08
933894,short,2024-08-22 15:11:00,2024-08-22 15:12:00,2024-08-22 15:13:00,2478.004,2477.004,TP,0.8200000000000001,1,0.37922407621423865,ml_scalp1,2024-08
933906,short,2024-08-22 15:23:00,2024-08-22 15:24:00,2024-08-22 15:26:00,2479.26,2478.26,TP,0.821,2,0.3796274660300784,ml_scalp1,2024-08
933919,short,2024-08-22 15:36:00,2024-08-22 15:37:00,2024-08-22 15:38:00,2477.521,2476.521,TP,0.8200000000000001,1,0.3801721891967177,ml_scalp1,2024-08
933931,short,2024-08-22 15:48:00,2024-08-22 15:49:00,2024-08-22 15:50:00,2482.194,2481.194,TP,0.8200000000000001,1,0.3806709455725938,ml_scalp1,2024-08
934680,long,2024-08-23 05:20:00,2024-08-23 05:21:00,2024-08-23 05:30:00,2495.144,2494.604,SL,-0.72,9,0.3872959179122912,ml_scalp1,2024-08
934738,long,2024-08-23 06:18:00,2024-08-23 06:19:00,2024-08-23 06:20:00,2492.412,2491.872,SL,-0.72,1,0.38618455687074577,ml_scalp1,2024-08
935193,short,2024-08-23 13:53:00,2024-08-23 13:54:00,2024-08-23 13:55:00,2497.595,2498.1349999999998,SL,-0.72,1,0.37928439816411175,ml_scalp1,2024-08
935209,long,2024-08-23 14:09:00,2024-08-23 14:10:00,2024-08-23 14:11:00,2513.43,2514.43,TP,0.8200000000000001,1,0.3867967916889403,ml_scalp1,2024-08
935223,long,2024-08-23 14:23:00,2024-08-23 14:24:00,2024-08-23 14:25:00,2510.48,2511.48,TP,0.821,1,0.3872147181422765,ml_scalp1,2024-08
935235,long,2024-08-23 14:35:00,2024-08-23 14:36:00,2024-08-23 14:37:00,2513.206,2514.206,TP,0.8200000000000001,1,0.38697303612728107,ml_scalp1,2024-08
935248,long,2024-08-23 14:48:00,2024-08-23 14:49:00,2024-08-23 14:50:00,2508.012,2507.4750000000004,SL,-0.716,1,0.38759304724818466,ml_scalp1,2024-08
935263,short,2024-08-23 15:03:00,2024-08-23 15:04:00,2024-08-23 15:05:00,2511.597,2512.134,SL,-0.716,1,0.379671901867428,ml_scalp1,2024-08
935305,long,2024-08-23 15:45:00,2024-08-23 15:46:00,2024-08-23 15:48:00,2512.49,2511.95,SL,-0.72,2,0.38679772797892414,ml_scalp1,2024-08
935321,long,2024-08-23 16:01:00,2024-08-23 16:02:00,2024-08-23 16:03:00,2507.13,2508.13,TP,0.8200000000000001,1,0.38628212198405454,ml_scalp1,2024-08
935372,short,2024-08-23 16:52:00,2024-08-23 16:53:00,2024-08-23 16:55:00,2508.706,2509.243,SL,-0.716,2,0.3789840373596084,ml_scalp1,2024-08
936563,long,2024-08-26 13:50:00,2024-08-26 13:51:00,2024-08-26 13:52:00,2516.979,2517.979,TP,0.84,1,0.38713306396120256,ml_scalp1,2024-08
936575,long,2024-08-26 14:02:00,2024-08-26 14:03:00,2024-08-26 14:04:00,2512.188,2513.188,TP,0.84,1,0.3895027874946618,ml_scalp1,2024-08
936590,short,2024-08-26 14:17:00,2024-08-26 14:18:00,2024-08-26 14:19:00,2517.056,2516.056,TP,0.84,1,0.37903973232945093,ml_scalp1,2024-08
937236,long,2024-08-27 02:06:00,2024-08-27 02:07:00,2024-08-27 02:08:00,2506.42,2505.94,SL,-0.64,1,0.38563023007233704,ml_scalp1,2024-08
937589,long,2024-08-27 07:59:00,2024-08-27 08:00:00,2024-08-27 08:01:00,2504.885,2505.885,TP,0.841,1,0.38759323901307835,ml_scalp1,2024-08
937921,short,2024-08-27 13:31:00,2024-08-27 13:32:00,2024-08-27 13:34:00,2509.314,2508.314,TP,0.841,2,0.37898884000842603,ml_scalp1,2024-08
937964,short,2024-08-27 14:14:00,2024-08-27 14:15:00,2024-08-27 14:16:00,2515.341,2515.821,SL,-0.64,1,0.3789789604316463,ml_scalp1,2024-08
938033,short,2024-08-27 15:23:00,2024-08-27 15:24:00,2024-08-27 15:25:00,2520.036,2519.036,TP,0.84,1,0.3790538790574297,ml_scalp1,2024-08
939135,long,2024-08-28 10:48:00,2024-08-28 10:49:00,2024-08-28 10:50:00,2502.691,2503.691,TP,0.84,1,0.38567285108867794,ml_scalp1,2024-08
939193,long,2024-08-28 11:46:00,2024-08-28 11:47:00,2024-08-28 11:48:00,2501.09,2502.09,TP,0.84,1,0.38834685725715823,ml_scalp1,2024-08
939207,long,2024-08-28 12:00:00,2024-08-28 12:01:00,2024-08-28 12:11:00,2500.099,2499.619,SL,-0.64,10,0.38589002829224395,ml_scalp1,2024-08
939228,long,2024-08-28 12:21:00,2024-08-28 12:22:00,2024-08-28 12:23:00,2497.287,2498.287,TP,0.841,1,0.38650108267093164,ml_scalp1,2024-08
939248,short,2024-08-28 12:41:00,2024-08-28 12:42:00,2024-08-28 12:43:00,2495.905,2496.385,SL,-0.64,1,0.3802411756571775,ml_scalp1,2024-08
939260,short,2024-08-28 12:53:00,2024-08-28 12:54:00,2024-08-28 12:55:00,2499.329,2499.809,SL,-0.64,1,0.380518499978181,ml_scalp1,2024-08
939273,short,2024-08-28 13:06:00,2024-08-28 13:07:00,2024-08-28 13:08:00,2501.773,2502.253,SL,-0.64,1,0.3790067490474515,ml_scalp1,2024-08
939296,short,2024-08-28 13:29:00,2024-08-28 13:30:00,2024-08-28 13:31:00,2510.076,2509.076,TP,0.841,1,0.37985280087640605,ml_scalp1,2024-08
939343,short,2024-08-28 14:16:00,2024-08-28 14:17:00,2024-08-28 14:21:00,2508.617,2509.097,SL,-0.64,4,0.379253582414359,ml_scalp1,2024-08
939385,short,2024-08-28 14:58:00,2024-08-28 14:59:00,2024-08-28 15:01:00,2507.614,2508.094,SL,-0.64,2,0.37912708547533625,ml_scalp1,2024-08
939482,short,2024-08-28 16:35:00,2024-08-28 16:36:00,2024-08-28 16:38:00,2501.477,2501.957,SL,-0.64,2,0.37910674154982543,ml_scalp1,2024-08
939866,long,2024-08-29 00:02:00,2024-08-29 00:03:00,2024-08-29 00:13:00,2509.157,2510.157,TP,0.84,10,0.385857545926723,ml_scalp1,2024-08
940587,long,2024-08-29 12:03:00,2024-08-29 12:04:00,2024-08-29 12:06:00,2518.084,2517.604,SL,-0.64,2,0.3857166734494752,ml_scalp1,2024-08
940614,long,2024-08-29 12:30:00,2024-08-29 12:31:00,2024-08-29 12:32:00,2510.439,2509.959,SL,-0.64,1,0.39047528353131433,ml_scalp1,2024-08
940626,long,2024-08-29 12:42:00,2024-08-29 12:43:00,2024-08-29 12:44:00,2506.29,2505.81,SL,-0.64,1,0.390532285493745,ml_scalp1,2024-08
940638,short,2024-08-29 12:54:00,2024-08-29 12:55:00,2024-08-29 12:56:00,2509.078,2508.078,TP,0.84,1,0.37950604228223334,ml_scalp1,2024-08
940652,short,2024-08-29 13:08:00,2024-08-29 13:09:00,2024-08-29 13:10:00,2511.043,2510.043,TP,0.84,1,0.3798305030678301,ml_scalp1,2024-08
940664,short,2024-08-29 13:20:00,2024-08-29 13:21:00,2024-08-29 13:22:00,2513.699,2512.699,TP,0.841,1,0.37921063293474033,ml_scalp1,2024-08
940682,short,2024-08-29 13:38:00,2024-08-29 13:39:00,2024-08-29 13:40:00,2512.572,2513.049,SL,-0.636,1,0.37906538772083004,ml_scalp1,2024-08
940696,short,2024-08-29 13:52:00,2024-08-29 13:53:00,2024-08-29 13:54:00,2516.866,2517.346,SL,-0.64,1,0.3799865518235719,ml_scalp1,2024-08
940713,short,2024-08-29 14:09:00,2024-08-29 14:10:00,2024-08-29 14:11:00,2519.357,2519.834,SL,-0.636,1,0.37924567735577625,ml_scalp1,2024-08
940728,short,2024-08-29 14:24:00,2024-08-29 14:25:00,2024-08-29 14:26:00,2517.525,2518.005,SL,-0.64,1,0.3792176696588071,ml_scalp1,2024-08
940740,short,2024-08-29 14:36:00,2024-08-29 14:37:00,2024-08-29 14:38:00,2518.662,2519.142,SL,-0.64,1,0.37897438427872215,ml_scalp1,2024-08
940754,short,2024-08-29 14:50:00,2024-08-29 14:51:00,2024-08-29 14:52:00,2521.955,2520.955,TP,0.84,1,0.3796361037654346,ml_scalp1,2024-08
940771,short,2024-08-29 15:07:00,2024-08-29 15:08:00,2024-08-29 15:09:00,2522.902,2523.382,SL,-0.64,1,0.37937296277082116,ml_scalp1,2024-08
942005,long,2024-08-30 12:44:00,2024-08-30 12:45:00,2024-08-30 12:46:00,2516.977,2517.977,TP,0.84,1,0.38730893363044755,ml_scalp1,2024-08
942030,long,2024-08-30 13:09:00,2024-08-30 13:10:00,2024-08-30 13:11:00,2514.428,2515.428,TP,0.84,1,0.38790900296790093,ml_scalp1,2024-08
942064,short,2024-08-30 13:43:00,2024-08-30 13:44:00,2024-08-30 13:45:00,2517.966,2518.4429999999998,SL,-0.636,1,0.3792216528093578,ml_scalp1,2024-08
942089,short,2024-08-30 14:08:00,2024-08-30 14:09:00,2024-08-30 14:10:00,2517.515,2517.995,SL,-0.64,1,0.37899828850280287,ml_scalp1,2024-08
942110,long,2024-08-30 14:29:00,2024-08-30 14:30:00,2024-08-30 14:31:00,2509.969,2509.489,SL,-0.64,1,0.393419185419627,ml_scalp1,2024-08
942122,short,2024-08-30 14:41:00,2024-08-30 14:42:00,2024-08-30 14:43:00,2512.115,2511.115,TP,0.84,1,0.37915413706489093,ml_scalp1,2024-08
942145,long,2024-08-30 15:04:00,2024-08-30 15:05:00,2024-08-30 15:06:00,2506.818,2506.338,SL,-0.64,1,0.3931881733799163,ml_scalp1,2024-08
942158,short,2024-08-30 15:17:00,2024-08-30 15:18:00,2024-08-30 15:20:00,2504.939,2505.419,SL,-0.64,2,0.37895128516768545,ml_scalp1,2024-08
942171,short,2024-08-30 15:30:00,2024-08-30 15:31:00,2024-08-30 15:32:00,2503.875,2502.875,TP,0.841,1,0.37900655706607617,ml_scalp1,2024-08
942183,short,2024-08-30 15:42:00,2024-08-30 15:43:00,2024-08-30 15:44:00,2504.504,2504.984,SL,-0.64,1,0.3793885639131662,ml_scalp1,2024-08
942200,short,2024-08-30 15:59:00,2024-08-30 16:00:00,2024-08-30 16:01:00,2502.465,2501.465,TP,0.84,1,0.3790382272804718,ml_scalp1,2024-08
942212,short,2024-08-30 16:11:00,2024-08-30 16:12:00,2024-08-30 16:14:00,2504.042,2504.522,SL,-0.64,2,0.37980809002391674,ml_scalp1,2024-08
942243,long,2024-08-30 16:42:00,2024-08-30 16:43:00,2024-08-30 16:44:00,2497.984,2497.504,SL,-0.64,1,0.38703663424512247,ml_scalp1,2024-08
942255,short,2024-08-30 16:54:00,2024-08-30 16:55:00,2024-08-30 16:56:00,2498.781,2497.781,TP,0.84,1,0.37954844922569975,ml_scalp1,2024-08
942268,short,2024-08-30 17:07:00,2024-08-30 17:08:00,2024-08-30 17:11:00,2498.24,2498.72,SL,-0.64,3,0.37922831824680375,ml_scalp1,2024-08
942640,long,2024-09-02 00:26:00,2024-09-02 00:27:00,2024-09-02 00:40:00,2502.94,2503.94,TP,0.84,13,0.3883300746221714,ml_scalp1,2024-09
942664,long,2024-09-02 00:50:00,2024-09-02 00:51:00,2024-09-02 00:54:00,2503.899,2503.419,SL,-0.64,3,0.3815570359775663,ml_scalp1,2024-09
943865,long,2024-09-03 01:26:00,2024-09-03 01:27:00,2024-09-03 01:28:00,2490.22,2491.22,TP,0.841,1,0.38688638234776784,ml_scalp1,2024-09
944468,long,2024-09-03 11:29:00,2024-09-03 11:30:00,2024-09-03 11:40:00,2495.267,2494.79,SL,-0.636,10,0.3820697098648737,ml_scalp1,2024-09
944489,long,2024-09-03 11:50:00,2024-09-03 11:51:00,2024-09-03 11:52:00,2487.213,2486.733,SL,-0.64,1,0.3827651760685822,ml_scalp1,2024-09
944505,short,2024-09-03 12:06:00,2024-09-03 12:07:00,2024-09-03 12:08:00,2489.894,2490.374,SL,-0.64,1,0.3699188683660438,ml_scalp1,2024-09
944517,short,2024-09-03 12:18:00,2024-09-03 12:19:00,2024-09-03 12:20:00,2495.941,2496.421,SL,-0.64,1,0.36998599223185413,ml_scalp1,2024-09
944542,short,2024-09-03 12:43:00,2024-09-03 12:44:00,2024-09-03 12:45:00,2496.199,2495.199,TP,0.84,1,0.37119113688928307,ml_scalp1,2024-09
944554,short,2024-09-03 12:55:00,2024-09-03 12:56:00,2024-09-03 12:57:00,2494.573,2493.573,TP,0.84,1,0.3702210317716188,ml_scalp1,2024-09
944566,short,2024-09-03 13:07:00,2024-09-03 13:08:00,2024-09-03 13:09:00,2495.906,2494.906,TP,0.84,1,0.3708080441696395,ml_scalp1,2024-09
944584,short,2024-09-03 13:25:00,2024-09-03 13:26:00,2024-09-03 13:27:00,2492.654,2493.134,SL,-0.64,1,0.36987970996084035,ml_scalp1,2024-09
944597,long,2024-09-03 13:38:00,2024-09-03 13:39:00,2024-09-03 13:40:00,2485.759,2485.279,SL,-0.64,1,0.383658483736179,ml_scalp1,2024-09
944609,short,2024-09-03 13:50:00,2024-09-03 13:51:00,2024-09-03 13:52:00,2478.134,2478.611,SL,-0.636,1,0.3709690207836887,ml_scalp1,2024-09
944621,short,2024-09-03 14:02:00,2024-09-03 14:03:00,2024-09-03 14:04:00,2479.18,2479.66,SL,-0.64,1,0.3720102409535846,ml_scalp1,2024-09
944633,short,2024-09-03 14:14:00,2024-09-03 14:15:00,2024-09-03 14:16:00,2481.137,2480.137,TP,0.841,1,0.37138467368130074,ml_scalp1,2024-09
944645,short,2024-09-03 14:26:00,2024-09-03 14:27:00,2024-09-03 14:28:00,2476.634,2475.634,TP,0.84,1,0.3704699991056249,ml_scalp1,2024-09
944657,short,2024-09-03 14:38:00,2024-09-03 14:39:00,2024-09-03 14:40:00,2481.713,2482.193,SL,-0.64,1,0.370693975044174,ml_scalp1,2024-09
944669,short,2024-09-03 14:50:00,2024-09-03 14:51:00,2024-09-03 14:53:00,2478.578,2479.055,SL,-0.636,2,0.369879717826688,ml_scalp1,2024-09
944682,short,2024-09-03 15:03:00,2024-09-03 15:04:00,2024-09-03 15:05:00,2477.858,2478.335,SL,-0.636,1,0.36994120995685825,ml_scalp1,2024-09
944694,short,2024-09-03 15:15:00,2024-09-03 15:16:00,2024-09-03 15:17:00,2480.314,2479.314,TP,0.84,1,0.3709134625517532,ml_scalp1,2024-09
944733,short,2024-09-03 15:54:00,2024-09-03 15:55:00,2024-09-03 15:57:00,2488.224,2488.704,SL,-0.64,2,0.36993259775666865,ml_scalp1,2024-09
945161,long,2024-09-04 00:05:00,2024-09-04 00:06:00,2024-09-04 00:07:00,2494.004,2493.524,SL,-0.64,1,0.3840208368161846,ml_scalp1,2024-09
945173,long,2024-09-04 00:17:00,2024-09-04 00:18:00,2024-09-04 00:21:00,2493.521,2494.521,TP,0.84,3,0.38589408370299294,ml_scalp1,2024-09
945187,long,2024-09-04 00:31:00,2024-09-04 00:32:00,2024-09-04 00:34:00,2492.878,2492.398,SL,-0.64,2,0.3853973352135525,ml_scalp1,2024-09
945200,long,2024-09-04 00:44:00,2024-09-04 00:45:00,2024-09-04 00:47:00,2492.906,2493.906,TP,0.84,2,0.3820348206533244,ml_scalp1,2024-09
945227,long,2024-09-04 01:11:00,2024-09-04 01:12:00,2024-09-04 01:19:00,2492.312,2493.312,TP,0.84,7,0.3848207702710327,ml_scalp1,2024-09
945478,long,2024-09-04 05:22:00,2024-09-04 05:23:00,2024-09-04 05:33:00,2495.074,2496.074,TP,0.84,10,0.3825604123847838,ml_scalp1,2024-09
945548,long,2024-09-04 06:32:00,2024-09-04 06:33:00,2024-09-04 06:34:00,2485.988,2486.988,TP,0.84,1,0.3844690534417401,ml_scalp1,2024-09
945702,short,2024-09-04 09:06:00,2024-09-04 09:07:00,2024-09-04 09:08:00,2476.122,2475.122,TP,0.84,1,0.37031528815660175,ml_scalp1,2024-09
945940,short,2024-09-04 13:04:00,2024-09-04 13:05:00,2024-09-04 13:06:00,2488.247,2488.727,SL,-0.64,1,0.36993621855337266,ml_scalp1,2024-09
946038,long,2024-09-04 14:42:00,2024-09-04 14:43:00,2024-09-04 14:44:00,2497.45,2498.45,TP,0.84,1,0.3825299539465721,ml_scalp1,2024-09
947273,short,2024-09-05 12:20:00,2024-09-05 12:21:00,2024-09-05 12:22:00,2518.965,2519.445,SL,-0.64,1,0.37078596846876244,ml_scalp1,2024-09
947290,short,2024-09-05 12:37:00,2024-09-05 12:38:00,2024-09-05 12:39:00,2522.244,2521.244,TP,0.84,1,0.37024038853270164,ml_scalp1,2024-09
947306,long,2024-09-05 12:53:00,2024-09-05 12:54:00,2024-09-05 12:55:00,2517.833,2517.353,SL,-0.64,1,0.3830036606753454,ml_scalp1,2024-09
947319,long,2024-09-05 13:06:00,2024-09-05 13:07:00,2024-09-05 13:08:00,2514.935,2514.455,SL,-0.64,1,0.3830499948171719,ml_scalp1,2024-09
947332,short,2024-09-05 13:19:00,2024-09-05 13:20:00,2024-09-05 13:21:00,2517.357,2517.837,SL,-0.64,1,0.3699034676171018,ml_scalp1,2024-09
947375,long,2024-09-05 14:02:00,2024-09-05 14:03:00,2024-09-05 14:04:00,2509.432,2510.432,TP,0.841,1,0.38530804593519274,ml_scalp1,2024-09
947387,short,2024-09-05 14:14:00,2024-09-05 14:15:00,2024-09-05 14:16:00,2513.724,2514.204,SL,-0.64,1,0.37010723318923366,ml_scalp1,2024-09
947400,short,2024-09-05 14:27:00,2024-09-05 14:28:00,2024-09-05 14:29:00,2519.425,2518.425,TP,0.84,1,0.369829829200204,ml_scalp1,2024-09
947464,short,2024-09-05 15:31:00,2024-09-05 15:32:00,2024-09-05 15:34:00,2508.02,2508.5,SL,-0.64,2,0.3699871950308429,ml_scalp1,2024-09
948660,short,2024-09-06 12:30:00,2024-09-06 12:31:00,2024-09-06 12:32:00,2522.915,2523.395,SL,-0.64,1,0.36970388215799044,ml_scalp1,2024-09
948673,long,2024-09-06 12:43:00,2024-09-06 12:44:00,2024-09-06 12:45:00,2522.575,2522.098,SL,-0.636,1,0.3815303623403937,ml_scalp1,2024-09
948700,long,2024-09-06 13:10:00,2024-09-06 13:11:00,2024-09-06 13:12:00,2511.722,2512.722,TP,0.841,1,0.3824556805716905,ml_scalp1,2024-09
948712,short,2024-09-06 13:22:00,2024-09-06 13:23:00,2024-09-06 13:24:00,2512.864,2513.344,SL,-0.64,1,0.36980008496996297,ml_scalp1,2024-09
948725,long,2024-09-06 13:35:00,2024-09-06 13:36:00,2024-09-06 13:37:00,2507.626,2507.1490000000003,SL,-0.636,1,0.38143703824396247,ml_scalp1,2024-09
948737,short,2024-09-06 13:47:00,2024-09-06 13:48:00,2024-09-06 13:49:00,2509.891,2508.891,TP,0.84,1,0.3701184301829706,ml_scalp1,2024-09
948764,short,2024-09-06 14:14:00,2024-09-06 14:15:00,2024-09-06 14:16:00,2508.172,2508.652,SL,-0.64,1,0.37001510772517054,ml_scalp1,2024-09
948780,long,2024-09-06 14:30:00,2024-09-06 14:31:00,2024-09-06 14:32:00,2501.204,2502.204,TP,0.841,1,0.38998452484801216,ml_scalp1,2024-09
948792,short,2024-09-06 14:42:00,2024-09-06 14:43:00,2024-09-06 14:44:00,2513.971,2512.971,TP,0.84,1,0.37027384214176634,ml_scalp1,2024-09
948810,short,2024-09-06 15:00:00,2024-09-06 15:01:00,2024-09-06 15:02:00,2516.561,2517.038,SL,-0.636,1,0.3703504520349532,ml_scalp1,2024-09
948823,short,2024-09-06 15:13:00,2024-09-06 15:14:00,2024-09-06 15:15:00,2514.507,2514.987,SL,-0.64,1,0.3697220525980626,ml_scalp1,2024-09
948846,short,2024-09-06 15:36:00,2024-09-06 15:37:00,2024-09-06 15:38:00,2514.661,2513.661,TP,0.84,1,0.36977689078324316,ml_scalp1,2024-09
948862,long,2024-09-06 15:52:00,2024-09-06 15:53:00,2024-09-06 15:54:00,2504.891,2504.411,SL,-0.64,1,0.38359539642191326,ml_scalp1,2024-09
948874,long,2024-09-06 16:04:00,2024-09-06 16:05:00,2024-09-06 16:06:00,2497.679,2497.202,SL,-0.636,1,0.3931808315170334,ml_scalp1,2024-09
948886,long,2024-09-06 16:16:00,2024-09-06 16:17:00,2024-09-06 16:18:00,2493.644,2494.644,TP,0.84,1,0.3901364679837695,ml_scalp1,2024-09
948898,short,2024-09-06 16:28:00,2024-09-06 16:29:00,2024-09-06 16:30:00,2493.069,2493.546,SL,-0.636,1,0.37021518160366895,ml_scalp1,2024-09
948910,short,2024-09-06 16:40:00,2024-09-06 16:41:00,2024-09-06 16:42:00,2491.096,2490.096,TP,0.84,1,0.37009506216909854,ml_scalp1,2024-09
948923,short,2024-09-06 16:53:00,2024-09-06 16:54:00,2024-09-06 16:55:00,2486.272,2486.752,SL,-0.64,1,0.3703826493146004,ml_scalp1,2024-09
948935,short,2024-09-06 17:05:00,2024-09-06 17:06:00,2024-09-06 17:07:00,2489.238,2488.238,TP,0.841,1,0.3708655089254386,ml_scalp1,2024-09
948947,short,2024-09-06 17:17:00,2024-09-06 17:18:00,2024-09-06 17:19:00,2491.526,2490.526,TP,0.84,1,0.3700967878549808,ml_scalp1,2024-09
949622,long,2024-09-09 05:39:00,2024-09-09 05:40:00,2024-09-09 05:41:00,2494.636,2494.156,SL,-0.64,1,0.383223278540309,ml_scalp1,2024-09
951451,long,2024-09-10 13:11:00,2024-09-10 13:12:00,2024-09-10 13:15:00,2512.448,2513.448,TP,0.84,3,0.38188484583297533,ml_scalp1,2024-09
951471,long,2024-09-10 13:31:00,2024-09-10 13:32:00,2024-09-10 13:35:00,2512.268,2511.788,SL,-0.64,3,0.38371581252079845,ml_scalp1,2024-09
951486,long,2024-09-10 13:46:00,2024-09-10 13:47:00,2024-09-10 13:49:00,2509.117,2508.637,SL,-0.64,2,0.3827968927571654,ml_scalp1,2024-09
951500,long,2024-09-10 14:00:00,2024-09-10 14:01:00,2024-09-10 14:02:00,2506.389,2505.909,SL,-0.64,1,0.38339125749153524,ml_scalp1,2024-09
951514,long,2024-09-10 14:14:00,2024-09-10 14:15:00,2024-09-10 14:16:00,2503.658,2504.658,TP,0.841,1,0.38481603365880224,ml_scalp1,2024-09
951530,long,2024-09-10 14:30:00,2024-09-10 14:31:00,2024-09-10 14:32:00,2501.695,2502.695,TP,0.84,1,0.3816426218466045,ml_scalp1,2024-09
951549,short,2024-09-10 14:49:00,2024-09-10 14:50:00,2024-09-10 14:51:00,2506.367,2506.847,SL,-0.64,1,0.37024189239958083,ml_scalp1,2024-09
951596,long,2024-09-10 15:36:00,2024-09-10 15:37:00,2024-09-10 15:38:00,2516.663,2516.186,SL,-0.636,1,0.3824274107042746,ml_scalp1,2024-09
952787,long,2024-09-11 12:30:00,2024-09-11 12:31:00,2024-09-11 12:32:00,2514.967,2514.487,SL,-0.64,1,0.38273985297495533,ml_scalp1,2024-09
952802,long,2024-09-11 12:45:00,2024-09-11 12:46:00,2024-09-11 12:47:00,2503.254,2504.254,TP,0.841,1,0.3833413506986978,ml_scalp1,2024-09
952814,short,2024-09-11 12:57:00,2024-09-11 12:58:00,2024-09-11 12:59:00,2509.372,2508.372,TP,0.84,1,0.37064988498024753,ml_scalp1,2024-09
952828,short,2024-09-11 13:11:00,2024-09-11 13:12:00,2024-09-11 13:13:00,2507.391,2507.871,SL,-0.64,1,0.3703484296318181,ml_scalp1,2024-09
952840,short,2024-09-11 13:23:00,2024-09-11 13:24:00,2024-09-11 13:26:00,2512.057,2511.057,TP,0.84,2,0.3702622376617043,ml_scalp1,2024-09
952860,short,2024-09-11 13:43:00,2024-09-11 13:44:00,2024-09-11 13:45:00,2506.68,2507.1569999999997,SL,-0.636,1,0.3704739593285692,ml_scalp1,2024-09
952872,short,2024-09-11 13:55:00,2024-09-11 13:56:00,2024-09-11 13:57:00,2510.05,2509.05,TP,0.84,1,0.3698909039781847,ml_scalp1,2024-09
952894,short,2024-09-11 14:17:00,2024-09-11 14:18:00,2024-09-11 14:19:00,2505.007,2505.487,SL,-0.64,1,0.36982582637271083,ml_scalp1,2024-09
952906,short,2024-09-11 14:29:00,2024-09-11 14:30:00,2024-09-11 14:31:00,2506.803,2507.283,SL,-0.64,1,0.3697143401293125,ml_scalp1,2024-09
952920,short,2024-09-11 14:43:00,2024-09-11 14:44:00,2024-09-11 14:45:00,2508.208,2507.208,TP,0.84,1,0.36984589427465797,ml_scalp1,2024-09
952933,short,2024-09-11 14:56:00,2024-09-11 14:57:00,2024-09-11 15:00:00,2510.087,2509.087,TP,0.84,3,0.3698499156770481,ml_scalp1,2024-09
952950,short,2024-09-11 15:13:00,2024-09-11 15:14:00,2024-09-11 15:16:00,2513.7,2514.18,SL,-0.64,2,0.37000371133211546,ml_scalp1,2024-09
952966,short,2024-09-11 15:29:00,2024-09-11 15:30:00,2024-09-11 15:31:00,2512.835,2513.315,SL,-0.64,1,0.36978506407913103,ml_scalp1,2024-09
953423,long,2024-09-12 00:09:00,2024-09-12 00:10:00,2024-09-12 00:17:00,2512.145,2511.665,SL,-0.64,7,0.3860759552534083,ml_scalp1,2024-09
953444,long,2024-09-12 00:30:00,2024-09-12 00:31:00,2024-09-12 01:00:00,2511.61,2512.61,TP,0.84,29,0.3860804838095232,ml_scalp1,2024-09
953484,long,2024-09-12 01:10:00,2024-09-12 01:11:00,2024-09-12 01:18:00,2513.518,2514.518,TP,0.84,7,0.3874163841080989,ml_scalp1,2024-09
954171,short,2024-09-12 12:37:00,2024-09-12 12:38:00,2024-09-12 12:39:00,2525.994,2524.994,TP,0.84,1,0.3700828120810121,ml_scalp1,2024-09
954191,long,2024-09-12 12:57:00,2024-09-12 12:58:00,2024-09-12 12:59:00,2531.148,2530.668,SL,-0.64,1,0.38163854605810754,ml_scalp1,2024-09
954203,short,2024-09-12 13:09:00,2024-09-12 13:10:00,2024-09-12 13:11:00,2539.098,2539.578,SL,-0.64,1,0.37014553154992447,ml_scalp1,2024-09
954216,long,2024-09-12 13:22:00,2024-09-12 13:23:00,2024-09-12 13:24:00,2533.865,2533.3849999999998,SL,-0.64,1,0.382850922724311,ml_scalp1,2024-09
954228,long,2024-09-12 13:34:00,2024-09-12 13:35:00,2024-09-12 13:36:00,2537.618,2538.618,TP,0.841,1,0.3886622911388049,ml_scalp1,2024-09
954240,long,2024-09-12 13:46:00,2024-09-12 13:47:00,2024-09-12 13:48:00,2548.846,2548.369,SL,-0.636,1,0.3840187602826856,ml_scalp1,2024-09
954252,long,2024-09-12 13:58:00,2024-09-12 13:59:00,2024-09-12 14:00:00,2548.68,2548.2,SL,-0.64,1,0.38757688112864164,ml_scalp1,2024-09
954264,long,2024-09-12 14:10:00,2024-09-12 14:11:00,2024-09-12 14:12:00,2546.411,2547.411,TP,0.841,1,0.39421210021273473,ml_scalp1,2024-09
954276,long,2024-09-12 14:22:00,2024-09-12 14:23:00,2024-09-12 14:24:00,2545.941,2545.461,SL,-0.64,1,0.38780769073182075,ml_scalp1,2024-09
954288,long,2024-09-12 14:34:00,2024-09-12 14:35:00,2024-09-12 14:36:00,2546.448,2547.448,TP,0.84,1,0.38309590498407664,ml_scalp1,2024-09
954300,long,2024-09-12 14:46:00,2024-09-12 14:47:00,2024-09-12 14:49:00,2553.785,2553.305,SL,-0.64,2,0.3866306788658733,ml_scalp1,2024-09
954313,long,2024-09-12 14:59:00,2024-09-12 15:00:00,2024-09-12 15:01:00,2553.363,2552.886,SL,-0.636,1,0.3917623644283559,ml_scalp1,2024-09
954325,long,2024-09-12 15:11:00,2024-09-12 15:12:00,2024-09-12 15:14:00,2551.048,2550.5679999999998,SL,-0.64,2,0.38736989042783987,ml_scalp1,2024-09
954338,long,2024-09-12 15:24:00,2024-09-12 15:25:00,2024-09-12 15:26:00,2552.389,2553.389,TP,0.84,1,0.38580910526625567,ml_scalp1,2024-09
954350,long,2024-09-12 15:36:00,2024-09-12 15:37:00,2024-09-12 15:38:00,2553.699,2553.219,SL,-0.64,1,0.38241216514466403,ml_scalp1,2024-09
954386,long,2024-09-12 16:12:00,2024-09-12 16:13:00,2024-09-12 16:14:00,2547.344,2546.864,SL,-0.64,1,0.38216975643839984,ml_scalp1,2024-09
954398,long,2024-09-12 16:24:00,2024-09-12 16:25:00,2024-09-12 16:26:00,2546.688,2546.208,SL,-0.64,1,0.3837940834758327,ml_scalp1,2024-09
955612,short,2024-09-13 13:41:00,2024-09-13 13:42:00,2024-09-13 13:43:00,2582.102,2582.582,SL,-0.64,1,0.37005757849524246,ml_scalp1,2024-09
955631,long,2024-09-13 14:00:00,2024-09-13 14:01:00,2024-09-13 14:02:00,2575.828,2575.348,SL,-0.64,1,0.3828767921439079,ml_scalp1,2024-09
955643,long,2024-09-13 14:12:00,2024-09-13 14:13:00,2024-09-13 14:14:00,2576.987,2577.987,TP,0.841,1,0.3823081204733705,ml_scalp1,2024-09
955661,long,2024-09-13 14:30:00,2024-09-13 14:31:00,2024-09-13 14:32:00,2578.578,2578.101,SL,-0.636,1,0.3820206536171308,ml_scalp1,2024-09
955723,short,2024-09-13 15:32:00,2024-09-13 15:33:00,2024-09-13 15:35:00,2578.838,2579.318,SL,-0.64,2,0.3699081671850192,ml_scalp1,2024-09
956938,short,2024-09-16 12:54:00,2024-09-16 12:55:00,2024-09-16 12:56:00,2581.688,2582.168,SL,-0.64,1,0.3698740435451446,ml_scalp1,2024-09
956990,short,2024-09-16 13:46:00,2024-09-16 13:47:00,2024-09-16 13:48:00,2584.558,2585.038,SL,-0.64,1,0.36991968034475825,ml_scalp1,2024-09
957034,long,2024-09-16 14:30:00,2024-09-16 14:31:00,2024-09-16 14:32:00,2577.124,2576.644,SL,-0.64,1,0.38156160290703683,ml_scalp1,2024-09
957052,short,2024-09-16 14:48:00,2024-09-16 14:49:00,2024-09-16 14:50:00,2578.946,2579.426,SL,-0.64,1,0.36980608108023083,ml_scalp1,2024-09
957066,short,2024-09-16 15:02:00,2024-09-16 15:03:00,2024-09-16 15:04:00,2581.731,2580.731,TP,0.841,1,0.37045126180320215,ml_scalp1,2024-09
958248,short,2024-09-17 11:47:00,2024-09-17 11:48:00,2024-09-17 11:49:00,2580.973,2579.973,TP,0.84,1,0.37015802348649973,ml_scalp1,2024-09
958270,short,2024-09-17 12:09:00,2024-09-17 12:10:00,2024-09-17 12:11:00,2579.259,2579.739,SL,-0.64,1,0.3697508913729113,ml_scalp1,2024-09
958291,short,2024-09-17 12:30:00,2024-09-17 12:31:00,2024-09-17 12:32:00,2579.036,2578.036,TP,0.84,1,0.369944638170563,ml_scalp1,2024-09
958306,short,2024-09-17 12:45:00,2024-09-17 12:46:00,2024-09-17 12:47:00,2574.254,2574.7309999999998,SL,-0.636,1,0.36990699871996624,ml_scalp1,2024-09
958321,short,2024-09-17 13:00:00,2024-09-17 13:01:00,2024-09-17 13:02:00,2577.845,2576.845,TP,0.84,1,0.37021336996193044,ml_scalp1,2024-09
958370,short,2024-09-17 13:49:00,2024-09-17 13:50:00,2024-09-17 13:51:00,2577.88,2578.36,SL,-0.64,1,0.3697728642859142,ml_scalp1,2024-09
958421,long,2024-09-17 14:40:00,2024-09-17 14:41:00,2024-09-17 14:42:00,2574.086,2573.6059999999998,SL,-0.64,1,0.38179137688722053,ml_scalp1,2024-09
958433,short,2024-09-17 14:52:00,2024-09-17 14:53:00,2024-09-17 14:54:00,2574.701,2575.181,SL,-0.64,1,0.3697880546374216,ml_scalp1,2024-09
958470,long,2024-09-17 15:29:00,2024-09-17 15:30:00,2024-09-17 15:31:00,2567.752,2567.275,SL,-0.636,1,0.3927038196826467,ml_scalp1,2024-09
958482,long,2024-09-17 15:41:00,2024-09-17 15:42:00,2024-09-17 15:43:00,2561.996,2562.996,TP,0.841,1,0.3944589323713227,ml_scalp1,2024-09
958496,short,2024-09-17 15:55:00,2024-09-17 15:56:00,2024-09-17 15:57:00,2565.876,2564.876,TP,0.84,1,0.3698049198367317,ml_scalp1,2024-09
958510,short,2024-09-17 16:09:00,2024-09-17 16:10:00,2024-09-17 16:11:00,2564.63,2563.63,TP,0.84,1,0.3700081192186353,ml_scalp1,2024-09
958569,long,2024-09-17 17:08:00,2024-09-17 17:09:00,2024-09-17 17:10:00,2561.192,2562.192,TP,0.84,1,0.38249524279106567,ml_scalp1,2024-09
959761,short,2024-09-18 14:03:00,2024-09-18 14:04:00,2024-09-18 14:05:00,2572.198,2572.678,SL,-0.64,1,0.3701879494724534,ml_scalp1,2024-09
959988,long,2024-09-18 17:50:00,2024-09-18 17:51:00,2024-09-18 17:52:00,2567.418,2568.418,TP,0.841,1,0.38151414839010217,ml_scalp1,2024-09
960018,long,2024-09-18 18:20:00,2024-09-18 18:21:00,2024-09-18 18:22:00,2592.109,2593.109,TP,0.84,1,0.3825648433666043,ml_scalp1,2024-09
960030,long,2024-09-18 18:32:00,2024-09-18 18:33:00,2024-09-18 18:34:00,2597.497,2598.497,TP,0.84,1,0.38505832470567203,ml_scalp1,2024-09
960042,long,2024-09-18 18:44:00,2024-09-18 18:45:00,2024-09-18 18:46:00,2580.789,2581.789,TP,0.841,1,0.3880221526339291,ml_scalp1,2024-09
960056,long,2024-09-18 18:58:00,2024-09-18 18:59:00,2024-09-18 19:00:00,2579.892,2579.415,SL,-0.636,1,0.3842602594537167,ml_scalp1,2024-09
960080,long,2024-09-18 19:22:00,2024-09-18 19:23:00,2024-09-18 19:24:00,2555.967,2556.967,TP,0.841,1,0.3868672869968616,ml_scalp1,2024-09
960104,long,2024-09-18 19:46:00,2024-09-18 19:47:00,2024-09-18 19:48:00,2550.321,2549.844,SL,-0.636,1,0.38327982764174967,ml_scalp1,2024-09
960363,long,2024-09-19 01:08:00,2024-09-19 01:09:00,2024-09-19 01:11:00,2554.382,2555.382,TP,0.84,2,0.3818885386591793,ml_scalp1,2024-09
961064,long,2024-09-19 12:49:00,2024-09-19 12:50:00,2024-09-19 12:51:00,2576.068,2575.588,SL,-0.64,1,0.3817028121942158,ml_scalp1,2024-09
961078,short,2024-09-19 13:03:00,2024-09-19 13:04:00,2024-09-19 13:05:00,2578.454,2578.934,SL,-0.64,1,0.37015147388534253,ml_scalp1,2024-09
961112,short,2024-09-19 13:37:00,2024-09-19 13:38:00,2024-09-19 13:39:00,2579.941,2578.941,TP,0.84,1,0.37028139276617045,ml_scalp1,2024-09
961125,long,2024-09-19 13:50:00,2024-09-19 13:51:00,2024-09-19 13:52:00,2570.211,2571.211,TP,0.84,1,0.38346024699387193,ml_scalp1,2024-09
961137,short,2024-09-19 14:02:00,2024-09-19 14:03:00,2024-09-19 14:04:00,2576.11,2576.59,SL,-0.64,1,0.3697716314093402,ml_scalp1,2024-09
962094,long,2024-09-20 07:02:00,2024-09-20 07:03:00,2024-09-20 07:04:00,2606.214,2605.734,SL,-0.64,1,0.38167584049634473,ml_scalp1,2024-09
962463,long,2024-09-20 13:11:00,2024-09-20 13:12:00,2024-09-20 13:13:00,2610.65,2610.17,SL,-0.64,1,0.3814707434327404,ml_scalp1,2024-09
962484,long,2024-09-20 13:32:00,2024-09-20 13:33:00,2024-09-20 13:34:00,2608.078,2607.601,SL,-0.636,1,0.38147745636260777,ml_scalp1,2024-09
962507,short,2024-09-20 13:55:00,2024-09-20 13:56:00,2024-09-20 13:57:00,2605.601,2606.078,SL,-0.636,1,0.36975608777026014,ml_scalp1,2024-09
962609,short,2024-09-20 15:37:00,2024-09-20 15:38:00,2024-09-20 15:39:00,2617.865,2618.345,SL,-0.64,1,0.3697130716765059,ml_scalp1,2024-09
963887,long,2024-09-23 14:02:00,2024-09-23 14:03:00,2024-09-23 14:04:00,2629.431,2630.431,TP,0.841,1,0.3831670209114449,ml_scalp1,2024-09
964779,long,2024-09-24 05:57:00,2024-09-24 05:58:00,2024-09-24 05:59:00,2627.478,2627.001,SL,-0.636,1,0.38613722459684097,ml_scalp1,2024-09
965155,short,2024-09-24 12:13:00,2024-09-24 12:14:00,2024-09-24 12:17:00,2625.976,2624.976,TP,0.84,3,0.3697513785726658,ml_scalp1,2024-09
965175,short,2024-09-24 12:33:00,2024-09-24 12:34:00,2024-09-24 12:37:00,2629.294,2628.294,TP,0.84,3,0.37008332408960315,ml_scalp1,2024-09
965206,short,2024-09-24 13:04:00,2024-09-24 13:05:00,2024-09-24 13:07:00,2634.373,2634.85,SL,-0.636,2,0.3703909891596773,ml_scalp1,2024-09
965264,short,2024-09-24 14:02:00,2024-09-24 14:03:00,2024-09-24 14:04:00,2637.323,2636.323,TP,0.841,1,0.36982458109117644,ml_scalp1,2024-09
965286,long,2024-09-24 14:24:00,2024-09-24 14:25:00,2024-09-24 14:26:00,2636.866,2637.866,TP,0.84,1,0.38184674264240775,ml_scalp1,2024-09
965308,short,2024-09-24 14:46:00,2024-09-24 14:47:00,2024-09-24 14:48:00,2641.015,2641.495,SL,-0.64,1,0.3697978400640489,ml_scalp1,2024-09
965340,long,2024-09-24 15:18:00,2024-09-24 15:19:00,2024-09-24 15:20:00,2644.971,2644.494,SL,-0.636,1,0.3816992960824505,ml_scalp1,2024-09
965352,long,2024-09-24 15:30:00,2024-09-24 15:31:00,2024-09-24 15:32:00,2644.222,2643.742,SL,-0.64,1,0.3829770087542797,ml_scalp1,2024-09
965388,long,2024-09-24 16:06:00,2024-09-24 16:07:00,2024-09-24 16:08:00,2647.977,2648.977,TP,0.84,1,0.3827464041447514,ml_scalp1,2024-09
965400,long,2024-09-24 16:18:00,2024-09-24 16:19:00,2024-09-24 16:20:00,2649.24,2648.7599999999998,SL,-0.64,1,0.38352918142438897,ml_scalp1,2024-09
965426,long,2024-09-24 16:44:00,2024-09-24 16:45:00,2024-09-24 16:46:00,2653.894,2653.417,SL,-0.636,1,0.38303032564547057,ml_scalp1,2024-09
966639,long,2024-09-25 14:00:00,2024-09-25 14:01:00,2024-09-25 14:02:00,2662.176,2661.696,SL,-0.64,1,0.38147147847839663,ml_scalp1,2024-09
966690,long,2024-09-25 14:51:00,2024-09-25 14:52:00,2024-09-25 14:53:00,2656.722,2656.2450000000003,SL,-0.636,1,0.385232099134285,ml_scalp1,2024-09
966711,short,2024-09-25 15:12:00,2024-09-25 15:13:00,2024-09-25 15:14:00,2660.396,2659.396,TP,0.84,1,0.36980597542036836,ml_scalp1,2024-09
966736,short,2024-09-25 15:37:00,2024-09-25 15:38:00,2024-09-25 15:39:00,2658.925,2659.405,SL,-0.64,1,0.3700113610312759,ml_scalp1,2024-09
967882,short,2024-09-26 11:46:00,2024-09-26 11:47:00,2024-09-26 11:49:00,2684.321,2684.801,SL,-0.64,2,0.36974222630507003,ml_scalp1,2024-09
967896,long,2024-09-26 12:00:00,2024-09-26 12:01:00,2024-09-26 12:02:00,2684.041,2683.561,SL,-0.64,1,0.38152463903194306,ml_scalp1,2024-09
967908,long,2024-09-26 12:12:00,2024-09-26 12:13:00,2024-09-26 12:14:00,2674.114,2675.114,TP,0.84,1,0.38847178152062833,ml_scalp1,2024-09
967923,short,2024-09-26 12:27:00,2024-09-26 12:28:00,2024-09-26 12:29:00,2679.988,2678.988,TP,0.84,1,0.3699144926437091,ml_scalp1,2024-09
967935,long,2024-09-26 12:39:00,2024-09-26 12:40:00,2024-09-26 12:41:00,2670.712,2670.235,SL,-0.636,1,0.3832015633253137,ml_scalp1,2024-09
967948,short,2024-09-26 12:52:00,2024-09-26 12:53:00,2024-09-26 12:54:00,2678.321,2678.801,SL,-0.64,1,0.3701467465914632,ml_scalp1,2024-09
967960,long,2024-09-26 13:04:00,2024-09-26 13:05:00,2024-09-26 13:06:00,2671.645,2671.168,SL,-0.636,1,0.382691623217833,ml_scalp1,2024-09
967974,long,2024-09-26 13:18:00,2024-09-26 13:19:00,2024-09-26 13:20:00,2660.329,2661.329,TP,0.841,1,0.38531361071825654,ml_scalp1,2024-09
967986,short,2024-09-26 13:30:00,2024-09-26 13:31:00,2024-09-26 13:32:00,2667.816,2666.816,TP,0.84,1,0.370489405763269,ml_scalp1,2024-09
968001,short,2024-09-26 13:45:00,2024-09-26 13:46:00,2024-09-26 13:47:00,2663.768,2662.768,TP,0.84,1,0.3698029702804335,ml_scalp1,2024-09
968016,short,2024-09-26 14:00:00,2024-09-26 14:01:00,2024-09-26 14:02:00,2662.059,2662.536,SL,-0.636,1,0.3697644596664495,ml_scalp1,2024-09
968028,short,2024-09-26 14:12:00,2024-09-26 14:13:00,2024-09-26 14:14:00,2665.188,2665.668,SL,-0.64,1,0.36992907100664557,ml_scalp1,2024-09
968055,short,2024-09-26 14:39:00,2024-09-26 14:40:00,2024-09-26 14:41:00,2668.226,2668.706,SL,-0.64,1,0.37022277855810726,ml_scalp1,2024-09
968096,short,2024-09-26 15:20:00,2024-09-26 15:21:00,2024-09-26 15:22:00,2667.047,2667.527,SL,-0.64,1,0.3700552152859521,ml_scalp1,2024-09
968108,short,2024-09-26 15:32:00,2024-09-26 15:33:00,2024-09-26 15:34:00,2672.122,2672.602,SL,-0.64,1,0.37109435340633606,ml_scalp1,2024-09
968586,long,2024-09-27 00:33:00,2024-09-27 00:34:00,2024-09-27 00:36:00,2670.174,2669.694,SL,-0.64,2,0.3863720314908563,ml_scalp1,2024-09
968604,long,2024-09-27 00:51:00,2024-09-27 00:52:00,2024-09-27 00:53:00,2670.558,2670.078,SL,-0.64,1,0.3822784041842586,ml_scalp1,2024-09
968618,long,2024-09-27 01:05:00,2024-09-27 01:06:00,2024-09-27 01:07:00,2669.972,2670.972,TP,0.84,1,0.3849066301269163,ml_scalp1,2024-09
968645,long,2024-09-27 01:32:00,2024-09-27 01:33:00,2024-09-27 01:34:00,2669.877,2669.4,SL,-0.636,1,0.38506382711135406,ml_scalp1,2024-09
969316,short,2024-09-27 12:43:00,2024-09-27 12:44:00,2024-09-27 12:45:00,2671.735,2672.212,SL,-0.636,1,0.36978525314397814,ml_scalp1,2024-09
969416,long,2024-09-27 14:23:00,2024-09-27 14:24:00,2024-09-27 14:25:00,2658.988,2659.988,TP,0.84,1,0.3840238296340889,ml_scalp1,2024-09
969430,short,2024-09-27 14:37:00,2024-09-27 14:38:00,2024-09-27 14:39:00,2662.49,2661.49,TP,0.84,1,0.3698311334870931,ml_scalp1,2024-09
969442,long,2024-09-27 14:49:00,2024-09-27 14:50:00,2024-09-27 14:51:00,2654.089,2655.089,TP,0.84,1,0.3927659118568872,ml_scalp1,2024-09
969455,long,2024-09-27 15:02:00,2024-09-27 15:03:00,2024-09-27 15:04:00,2649.564,2649.084,SL,-0.64,1,0.3820949410592468,ml_scalp1,2024-09
969467,short,2024-09-27 15:14:00,2024-09-27 15:15:00,2024-09-27 15:16:00,2648.126,2648.606,SL,-0.64,1,0.370117941775641,ml_scalp1,2024-09
969480,short,2024-09-27 15:27:00,2024-09-27 15:28:00,2024-09-27 15:31:00,2654.167,2653.167,TP,0.84,3,0.3698525631334876,ml_scalp1,2024-09
969496,short,2024-09-27 15:43:00,2024-09-27 15:44:00,2024-09-27 15:45:00,2646.494,2646.971,SL,-0.636,1,0.3699324575097727,ml_scalp1,2024-09
969508,short,2024-09-27 15:55:00,2024-09-27 15:56:00,2024-09-27 15:57:00,2650.043,2649.043,TP,0.84,1,0.3700482461363477,ml_scalp1,2024-09
969527,short,2024-09-27 16:14:00,2024-09-27 16:15:00,2024-09-27 16:16:00,2651.045,2651.525,SL,-0.64,1,0.37026896126974207,ml_scalp1,2024-09
970241,long,2024-09-30 05:15:00,2024-09-30 05:16:00,2024-09-30 05:19:00,2654.94,2655.94,TP,0.84,3,0.3824349905407247,ml_scalp1,2024-09
970302,long,2024-09-30 06:16:00,2024-09-30 06:17:00,2024-09-30 06:19:00,2657.72,2657.24,SL,-0.64,2,0.3822266194438831,ml_scalp1,2024-09
970319,long,2024-09-30 06:33:00,2024-09-30 06:34:00,2024-09-30 06:36:00,2657.778,2657.298,SL,-0.64,2,0.38481023061226977,ml_scalp1,2024-09
970561,long,2024-09-30 10:35:00,2024-09-30 10:36:00,2024-09-30 10:37:00,2641.41,2642.41,TP,0.84,1,0.38307467315271904,ml_scalp1,2024-09
970576,long,2024-09-30 10:50:00,2024-09-30 10:51:00,2024-09-30 10:52:00,2636.475,2635.998,SL,-0.636,1,0.38339831215407383,ml_scalp1,2024-09
970588,short,2024-09-30 11:02:00,2024-09-30 11:03:00,2024-09-30 11:04:00,2634.903,2635.383,SL,-0.64,1,0.3706633271818751,ml_scalp1,2024-09
970677,short,2024-09-30 12:31:00,2024-09-30 12:32:00,2024-09-30 12:33:00,2638.604,2637.604,TP,0.84,1,0.3699594297466181,ml_scalp1,2024-09
970750,long,2024-09-30 13:44:00,2024-09-30 13:45:00,2024-09-30 13:46:00,2631.912,2632.912,TP,0.84,1,0.38326322470659663,ml_scalp1,2024-09
970762,short,2024-09-30 13:56:00,2024-09-30 13:57:00,2024-09-30 13:58:00,2635.932,2636.412,SL,-0.64,1,0.3703985125245314,ml_scalp1,2024-09
970779,long,2024-09-30 14:13:00,2024-09-30 14:14:00,2024-09-30 14:15:00,2629.782,2629.3050000000003,SL,-0.636,1,0.38349197781947225,ml_scalp1,2024-09
970791,short,2024-09-30 14:25:00,2024-09-30 14:26:00,2024-09-30 14:27:00,2632.829,2633.306,SL,-0.636,1,0.3710256141749896,ml_scalp1,2024-09
970803,short,2024-09-30 14:37:00,2024-09-30 14:38:00,2024-09-30 14:39:00,2633.224,2633.701,SL,-0.636,1,0.37081128235589617,ml_scalp1,2024-09
970821,short,2024-09-30 14:55:00,2024-09-30 14:56:00,2024-09-30 14:57:00,2634.927,2633.927,TP,0.84,1,0.36980831092288435,ml_scalp1,2024-09
971025,long,2024-09-30 18:19:00,2024-09-30 18:20:00,2024-09-30 18:21:00,2626.711,2627.711,TP,0.84,1,0.38633424460789495,ml_scalp1,2024-09
972116,long,2024-10-01 13:33:00,2024-10-01 13:34:00,2024-10-01 13:35:00,2661.646,2662.646,TP,0.841,1,0.3744906877043298,ml_scalp1,2024-10
972128,long,2024-10-01 13:45:00,2024-10-01 13:46:00,2024-10-01 13:47:00,2664.292,2663.815,SL,-0.636,1,0.37455914343626595,ml_scalp1,2024-10
972140,long,2024-10-01 13:57:00,2024-10-01 13:58:00,2024-10-01 13:59:00,2669.322,2668.842,SL,-0.64,1,0.3750594244870203,ml_scalp1,2024-10
972152,long,2024-10-01 14:09:00,2024-10-01 14:10:00,2024-10-01 14:11:00,2665.002,2664.522,SL,-0.64,1,0.37499949335545724,ml_scalp1,2024-10
972164,long,2024-10-01 14:21:00,2024-10-01 14:22:00,2024-10-01 14:23:00,2662.328,2663.328,TP,0.841,1,0.37368664225557713,ml_scalp1,2024-10
972176,long,2024-10-01 14:33:00,2024-10-01 14:34:00,2024-10-01 14:35:00,2663.139,2664.139,TP,0.84,1,0.37373509342209194,ml_scalp1,2024-10
972209,long,2024-10-01 15:06:00,2024-10-01 15:07:00,2024-10-01 15:08:00,2656.367,2655.887,SL,-0.64,1,0.37324472245038914,ml_scalp1,2024-10
972311,long,2024-10-01 16:48:00,2024-10-01 16:49:00,2024-10-01 16:50:00,2671.507,2671.027,SL,-0.64,1,0.3761594480517637,ml_scalp1,2024-10
972323,long,2024-10-01 17:00:00,2024-10-01 17:01:00,2024-10-01 17:02:00,2665.237,2666.237,TP,0.84,1,0.37588452842002973,ml_scalp1,2024-10
972336,long,2024-10-01 17:13:00,2024-10-01 17:14:00,2024-10-01 17:15:00,2670.593,2671.593,TP,0.84,1,0.37464103526868764,ml_scalp1,2024-10
972354,long,2024-10-01 17:31:00,2024-10-01 17:32:00,2024-10-01 17:33:00,2666.23,2665.75,SL,-0.64,1,0.3751234493828788,ml_scalp1,2024-10
973435,short,2024-10-02 12:35:00,2024-10-02 12:36:00,2024-10-02 12:37:00,2652.291,2652.771,SL,-0.64,1,0.36121792656426954,ml_scalp1,2024-10
973579,short,2024-10-02 14:59:00,2024-10-02 15:00:00,2024-10-02 15:01:00,2648.201,2647.201,TP,0.84,1,0.36131600986966583,ml_scalp1,2024-10
973594,long,2024-10-02 15:14:00,2024-10-02 15:15:00,2024-10-02 15:16:00,2641.614,2642.614,TP,0.841,1,0.3757981368248856,ml_scalp1,2024-10
974832,long,2024-10-03 12:55:00,2024-10-03 12:56:00,2024-10-03 12:57:00,2642.912,2642.435,SL,-0.636,1,0.3734718071838239,ml_scalp1,2024-10
976185,long,2024-10-04 12:31:00,2024-10-04 12:32:00,2024-10-04 12:33:00,2640.616,2640.136,SL,-0.64,1,0.37461557657809724,ml_scalp1,2024-10
976205,short,2024-10-04 12:51:00,2024-10-04 12:52:00,2024-10-04 12:53:00,2638.8,2639.28,SL,-0.64,1,0.36130401911874666,ml_scalp1,2024-10
976239,short,2024-10-04 13:25:00,2024-10-04 13:26:00,2024-10-04 13:27:00,2650.844,2651.324,SL,-0.64,1,0.36123131270417486,ml_scalp1,2024-10
976308,short,2024-10-04 14:34:00,2024-10-04 14:35:00,2024-10-04 14:36:00,2649.812,2650.292,SL,-0.64,1,0.36123131270417486,ml_scalp1,2024-10
976320,short,2024-10-04 14:46:00,2024-10-04 14:47:00,2024-10-04 14:48:00,2655.095,2654.095,TP,0.84,1,0.3612613330796594,ml_scalp1,2024-10
976332,short,2024-10-04 14:58:00,2024-10-04 14:59:00,2024-10-04 15:00:00,2658.665,2659.142,SL,-0.636,1,0.3612238267681694,ml_scalp1,2024-10
976344,long,2024-10-04 15:10:00,2024-10-04 15:11:00,2024-10-04 15:12:00,2666.753,2667.753,TP,0.84,1,0.37539855262309735,ml_scalp1,2024-10
976364,long,2024-10-04 15:30:00,2024-10-04 15:31:00,2024-10-04 15:32:00,2656.463,2655.9860000000003,SL,-0.636,1,0.3744843393311481,ml_scalp1,2024-10
976376,long,2024-10-04 15:42:00,2024-10-04 15:43:00,2024-10-04 15:44:00,2651.039,2650.559,SL,-0.64,1,0.37422160035192437,ml_scalp1,2024-10
976393,short,2024-10-04 15:59:00,2024-10-04 16:00:00,2024-10-04 16:01:00,2653.227,2653.707,SL,-0.64,1,0.3612270431769661,ml_scalp1,2024-10
977598,short,2024-10-07 13:11:00,2024-10-07 13:12:00,2024-10-07 13:13:00,2647.951,2646.951,TP,0.84,1,0.36123131270417486,ml_scalp1,2024-10
977610,short,2024-10-07 13:23:00,2024-10-07 13:24:00,2024-10-07 13:25:00,2650.1,2649.1,TP,0.841,1,0.3612613330796594,ml_scalp1,2024-10
978608,long,2024-10-08 07:04:00,2024-10-08 07:05:00,2024-10-08 07:06:00,2632.212,2631.732,SL,-0.64,1,0.3733367747833761,ml_scalp1,2024-10
978940,long,2024-10-08 12:36:00,2024-10-08 12:37:00,2024-10-08 12:38:00,2645.668,2646.668,TP,0.84,1,0.3733893260511389,ml_scalp1,2024-10
978952,short,2024-10-08 12:48:00,2024-10-08 12:49:00,2024-10-08 12:50:00,2648.395,2647.395,TP,0.84,1,0.361220625460236,ml_scalp1,2024-10
979054,long,2024-10-08 14:30:00,2024-10-08 14:31:00,2024-10-08 14:32:00,2625.938,2625.4610000000002,SL,-0.636,1,0.37526968481560213,ml_scalp1,2024-10
979069,short,2024-10-08 14:45:00,2024-10-08 14:46:00,2024-10-08 14:47:00,2622.076,2622.556,SL,-0.64,1,0.361448132561786,ml_scalp1,2024-10
979081,short,2024-10-08 14:57:00,2024-10-08 14:58:00,2024-10-08 14:59:00,2621.499,2621.979,SL,-0.64,1,0.3614186838331406,ml_scalp1,2024-10
979093,short,2024-10-08 15:09:00,2024-10-08 15:10:00,2024-10-08 15:11:00,2615.773,2614.773,TP,0.84,1,0.3616063591299955,ml_scalp1,2024-10
979105,short,2024-10-08 15:21:00,2024-10-08 15:22:00,2024-10-08 15:23:00,2613.692,2612.692,TP,0.84,1,0.36215498823083914,ml_scalp1,2024-10
979117,long,2024-10-08 15:33:00,2024-10-08 15:34:00,2024-10-08 15:35:00,2606.579,2606.1020000000003,SL,-0.636,1,0.37546302138905224,ml_scalp1,2024-10
979129,short,2024-10-08 15:45:00,2024-10-08 15:46:00,2024-10-08 15:47:00,2611.026,2611.506,SL,-0.64,1,0.36220044505657667,ml_scalp1,2024-10
979141,short,2024-10-08 15:57:00,2024-10-08 15:58:00,2024-10-08 15:59:00,2613.604,2612.604,TP,0.84,1,0.3620685169978537,ml_scalp1,2024-10
979197,short,2024-10-08 16:53:00,2024-10-08 16:54:00,2024-10-08 16:55:00,2608.534,2609.014,SL,-0.64,1,0.3614765288757411,ml_scalp1,2024-10
979209,short,2024-10-08 17:05:00,2024-10-08 17:06:00,2024-10-08 17:07:00,2605.958,2606.435,SL,-0.636,1,0.3614045779595655,ml_scalp1,2024-10
979221,short,2024-10-08 17:17:00,2024-10-08 17:18:00,2024-10-08 17:19:00,2614.078,2614.558,SL,-0.64,1,0.3617114834357862,ml_scalp1,2024-10
980346,short,2024-10-09 13:05:00,2024-10-09 13:06:00,2024-10-09 13:07:00,2617.869,2616.869,TP,0.84,1,0.3615762818885682,ml_scalp1,2024-10
980358,short,2024-10-09 13:17:00,2024-10-09 13:18:00,2024-10-09 13:19:00,2612.497,2612.977,SL,-0.64,1,0.3619212580917823,ml_scalp1,2024-10
980370,short,2024-10-09 13:29:00,2024-10-09 13:30:00,2024-10-09 13:31:00,2610.095,2610.575,SL,-0.64,1,0.3620377332844229,ml_scalp1,2024-10
980382,short,2024-10-09 13:41:00,2024-10-09 13:42:00,2024-10-09 13:43:00,2610.744,2609.744,TP,0.841,1,0.3620924530916692,ml_scalp1,2024-10
980394,short,2024-10-09 13:53:00,2024-10-09 13:54:00,2024-10-09 13:55:00,2609.373,2609.85,SL,-0.636,1,0.36199227645868526,ml_scalp1,2024-10
980406,short,2024-10-09 14:05:00,2024-10-09 14:06:00,2024-10-09 14:07:00,2608.381,2608.861,SL,-0.64,1,0.36199227645868526,ml_scalp1,2024-10
980418,short,2024-10-09 14:17:00,2024-10-09 14:18:00,2024-10-09 14:19:00,2608.539,2609.0190000000002,SL,-0.64,1,0.3616571266972278,ml_scalp1,2024-10
980430,short,2024-10-09 14:29:00,2024-10-09 14:30:00,2024-10-09 14:31:00,2607.955,2606.955,TP,0.84,1,0.3618364750040148,ml_scalp1,2024-10
980442,short,2024-10-09 14:41:00,2024-10-09 14:42:00,2024-10-09 14:43:00,2607.036,2607.516,SL,-0.64,1,0.3620547779944226,ml_scalp1,2024-10
980454,short,2024-10-09 14:53:00,2024-10-09 14:54:00,2024-10-09 14:55:00,2610.21,2610.69,SL,-0.64,1,0.3618872361391513,ml_scalp1,2024-10
980466,short,2024-10-09 15:05:00,2024-10-09 15:06:00,2024-10-09 15:07:00,2614.698,2615.178,SL,-0.64,1,0.36157788981641303,ml_scalp1,2024-10
981720,long,2024-10-10 13:02:00,2024-10-10 13:03:00,2024-10-10 13:04:00,2623.081,2624.081,TP,0.84,1,0.3736425738058926,ml_scalp1,2024-10
981737,long,2024-10-10 13:19:00,2024-10-10 13:20:00,2024-10-10 13:21:00,2619.063,2618.583,SL,-0.64,1,0.3737852910966518,ml_scalp1,2024-10
981772,long,2024-10-10 13:54:00,2024-10-10 13:55:00,2024-10-10 13:56:00,2625.675,2625.195,SL,-0.64,1,0.3735126890625426,ml_scalp1,2024-10
981784,long,2024-10-10 14:06:00,2024-10-10 14:07:00,2024-10-10 14:08:00,2627.06,2626.58,SL,-0.64,1,0.3753887830254896,ml_scalp1,2024-10
981796,long,2024-10-10 14:18:00,2024-10-10 14:19:00,2024-10-10 14:20:00,2628.047,2627.567,SL,-0.64,1,0.3763749836691298,ml_scalp1,2024-10
981808,long,2024-10-10 14:30:00,2024-10-10 14:31:00,2024-10-10 14:32:00,2625.134,2624.657,SL,-0.636,1,0.3763173552482662,ml_scalp1,2024-10
981820,long,2024-10-10 14:42:00,2024-10-10 14:43:00,2024-10-10 14:44:00,2625.025,2624.545,SL,-0.64,1,0.3747942080493899,ml_scalp1,2024-10
983080,long,2024-10-11 12:45:00,2024-10-11 12:46:00,2024-10-11 12:47:00,2641.897,2641.417,SL,-0.64,1,0.37346039892080013,ml_scalp1,2024-10
983110,long,2024-10-11 13:15:00,2024-10-11 13:16:00,2024-10-11 13:17:00,2647.832,2648.832,TP,0.84,1,0.37369526552136845,ml_scalp1,2024-10
983129,long,2024-10-11 13:34:00,2024-10-11 13:35:00,2024-10-11 13:36:00,2650.058,2651.058,TP,0.84,1,0.3741747588372163,ml_scalp1,2024-10
983141,long,2024-10-11 13:46:00,2024-10-11 13:47:00,2024-10-11 13:48:00,2650.471,2649.991,SL,-0.64,1,0.3756387447217351,ml_scalp1,2024-10
983159,long,2024-10-11 14:04:00,2024-10-11 14:05:00,2024-10-11 14:06:00,2647.521,2648.521,TP,0.84,1,0.37348674772336427,ml_scalp1,2024-10
983171,long,2024-10-11 14:16:00,2024-10-11 14:17:00,2024-10-11 14:18:00,2651.723,2652.723,TP,0.84,1,0.3746348431904867,ml_scalp1,2024-10
983183,long,2024-10-11 14:28:00,2024-10-11 14:29:00,2024-10-11 14:30:00,2652.943,2652.463,SL,-0.64,1,0.37337374483926533,ml_scalp1,2024-10
984533,long,2024-10-14 14:05:00,2024-10-14 14:06:00,2024-10-14 14:07:00,2652.201,2651.721,SL,-0.64,1,0.37401351200418304,ml_scalp1,2024-10
984545,long,2024-10-14 14:17:00,2024-10-14 14:18:00,2024-10-14 14:19:00,2648.268,2647.788,SL,-0.64,1,0.3745687211136789,ml_scalp1,2024-10
985840,long,2024-10-15 12:55:00,2024-10-15 12:56:00,2024-10-15 12:57:00,2648.451,2647.971,SL,-0.64,1,0.3735717892346073,ml_scalp1,2024-10
985852,long,2024-10-15 13:07:00,2024-10-15 13:08:00,2024-10-15 13:09:00,2647.705,2647.228,SL,-0.636,1,0.3733620538296473,ml_scalp1,2024-10
985925,long,2024-10-15 14:20:00,2024-10-15 14:21:00,2024-10-15 14:22:00,2659.348,2658.871,SL,-0.636,1,0.37357593140200596,ml_scalp1,2024-10
985942,long,2024-10-15 14:37:00,2024-10-15 14:38:00,2024-10-15 14:39:00,2659.622,2659.142,SL,-0.64,1,0.3732858820378593,ml_scalp1,2024-10
985954,long,2024-10-15 14:49:00,2024-10-15 14:50:00,2024-10-15 14:51:00,2663.303,2662.823,SL,-0.64,1,0.37643584898114335,ml_scalp1,2024-10
985966,long,2024-10-15 15:01:00,2024-10-15 15:02:00,2024-10-15 15:03:00,2658.485,2658.005,SL,-0.64,1,0.37412686076508817,ml_scalp1,2024-10
985978,long,2024-10-15 15:13:00,2024-10-15 15:14:00,2024-10-15 15:15:00,2661.41,2662.41,TP,0.84,1,0.37513297500856674,ml_scalp1,2024-10
985990,long,2024-10-15 15:25:00,2024-10-15 15:26:00,2024-10-15 15:28:00,2662.524,2663.524,TP,0.84,2,0.37601122545958005,ml_scalp1,2024-10
986818,long,2024-10-16 06:16:00,2024-10-16 06:17:00,2024-10-16 06:18:00,2673.828,2674.828,TP,0.84,1,0.37386258480357276,ml_scalp1,2024-10
986830,long,2024-10-16 06:28:00,2024-10-16 06:29:00,2024-10-16 06:30:00,2677.167,2676.687,SL,-0.64,1,0.3748692167995714,ml_scalp1,2024-10
987267,long,2024-10-16 13:45:00,2024-10-16 13:46:00,2024-10-16 13:47:00,2682.116,2681.636,SL,-0.64,1,0.37357813394414663,ml_scalp1,2024-10
987279,long,2024-10-16 13:57:00,2024-10-16 13:58:00,2024-10-16 13:59:00,2674.756,2674.276,SL,-0.64,1,0.3738475392873895,ml_scalp1,2024-10
988591,short,2024-10-17 12:52:00,2024-10-17 12:53:00,2024-10-17 12:54:00,2679.411,2679.891,SL,-0.64,1,0.36121792656426954,ml_scalp1,2024-10
988653,long,2024-10-17 13:54:00,2024-10-17 13:55:00,2024-10-17 13:56:00,2687.816,2688.816,TP,0.84,1,0.37527791123652593,ml_scalp1,2024-10
988665,long,2024-10-17 14:06:00,2024-10-17 14:07:00,2024-10-17 14:08:00,2685.547,2686.547,TP,0.841,1,0.3746903456698424,ml_scalp1,2024-10
988680,long,2024-10-17 14:21:00,2024-10-17 14:22:00,2024-10-17 14:23:00,2687.144,2688.144,TP,0.84,1,0.37373392077109574,ml_scalp1,2024-10
988694,long,2024-10-17 14:35:00,2024-10-17 14:36:00,2024-10-17 14:37:00,2691.463,2692.463,TP,0.84,1,0.3736089605745979,ml_scalp1,2024-10
988706,long,2024-10-17 14:47:00,2024-10-17 14:48:00,2024-10-17 14:49:00,2695.768,2695.288,SL,-0.64,1,0.3763590829766016,ml_scalp1,2024-10
988718,long,2024-10-17 14:59:00,2024-10-17 15:00:00,2024-10-17 15:01:00,2695.602,2695.122,SL,-0.64,1,0.37535271510631607,ml_scalp1,2024-10
988730,long,2024-10-17 15:11:00,2024-10-17 15:12:00,2024-10-17 15:13:00,2693.67,2693.19,SL,-0.64,1,0.3741002939367735,ml_scalp1,2024-10
988742,long,2024-10-17 15:23:00,2024-10-17 15:24:00,2024-10-17 15:25:00,2687.881,2688.881,TP,0.84,1,0.3741776001141531,ml_scalp1,2024-10
988754,long,2024-10-17 15:35:00,2024-10-17 15:36:00,2024-10-17 15:38:00,2693.937,2694.937,TP,0.84,2,0.3743450607668951,ml_scalp1,2024-10
989303,long,2024-10-18 01:47:00,2024-10-18 01:48:00,2024-10-18 01:49:00,2703.977,2704.977,TP,0.84,1,0.37522503176578825,ml_scalp1,2024-10
989987,long,2024-10-18 13:11:00,2024-10-18 13:12:00,2024-10-18 13:13:00,2706.271,2705.7940000000003,SL,-0.636,1,0.37335112115558905,ml_scalp1,2024-10
990059,long,2024-10-18 14:23:00,2024-10-18 14:24:00,2024-10-18 14:25:00,2717.947,2717.467,SL,-0.64,1,0.3744944619919383,ml_scalp1,2024-10
990071,long,2024-10-18 14:35:00,2024-10-18 14:36:00,2024-10-18 14:38:00,2718.384,2719.384,TP,0.84,2,0.37651674405532315,ml_scalp1,2024-10
991350,long,2024-10-21 13:01:00,2024-10-21 13:02:00,2024-10-21 13:03:00,2738.086,2737.609,SL,-0.636,1,0.37380982829543397,ml_scalp1,2024-10
991379,long,2024-10-21 13:30:00,2024-10-21 13:31:00,2024-10-21 13:32:00,2735.167,2734.687,SL,-0.64,1,0.37328733686641347,ml_scalp1,2024-10
991399,long,2024-10-21 13:50:00,2024-10-21 13:51:00,2024-10-21 13:52:00,2737.644,2738.644,TP,0.84,1,0.37376279153100955,ml_scalp1,2024-10
991411,long,2024-10-21 14:02:00,2024-10-21 14:03:00,2024-10-21 14:04:00,2736.046,2737.046,TP,0.84,1,0.374207120462859,ml_scalp1,2024-10
991423,long,2024-10-21 14:14:00,2024-10-21 14:15:00,2024-10-21 14:16:00,2737.095,2736.615,SL,-0.64,1,0.37371543003965013,ml_scalp1,2024-10
991435,long,2024-10-21 14:26:00,2024-10-21 14:27:00,2024-10-21 14:28:00,2735.9,2735.4230000000002,SL,-0.636,1,0.3734222698028608,ml_scalp1,2024-10
992782,long,2024-10-22 13:56:00,2024-10-22 13:57:00,2024-10-22 13:59:00,2738.087,2737.61,SL,-0.636,2,0.3749712737931748,ml_scalp1,2024-10
994120,long,2024-10-23 13:17:00,2024-10-23 13:18:00,2024-10-23 13:19:00,2734.185,2733.705,SL,-0.64,1,0.3737242832585208,ml_scalp1,2024-10
994142,long,2024-10-23 13:39:00,2024-10-23 13:40:00,2024-10-23 13:41:00,2732.208,2733.208,TP,0.84,1,0.3744629478696046,ml_scalp1,2024-10
994173,long,2024-10-23 14:10:00,2024-10-23 14:11:00,2024-10-23 14:12:00,2729.918,2729.4410000000003,SL,-0.636,1,0.37483219059843537,ml_scalp1,2024-10
994185,short,2024-10-23 14:22:00,2024-10-23 14:23:00,2024-10-23 14:24:00,2726.64,2725.64,TP,0.84,1,0.36125989249517954,ml_scalp1,2024-10
994197,short,2024-10-23 14:34:00,2024-10-23 14:35:00,2024-10-23 14:36:00,2727.11,2726.11,TP,0.84,1,0.3613598291036451,ml_scalp1,2024-10
994209,short,2024-10-23 14:46:00,2024-10-23 14:47:00,2024-10-23 14:48:00,2718.262,2718.742,SL,-0.64,1,0.36165175848213615,ml_scalp1,2024-10
994221,short,2024-10-23 14:58:00,2024-10-23 14:59:00,2024-10-23 15:00:00,2719.28,2718.28,TP,0.84,1,0.36140519014005446,ml_scalp1,2024-10
994233,long,2024-10-23 15:10:00,2024-10-23 15:11:00,2024-10-23 15:12:00,2715.112,2714.635,SL,-0.636,1,0.37439278972943446,ml_scalp1,2024-10
994245,short,2024-10-23 15:22:00,2024-10-23 15:23:00,2024-10-23 15:24:00,2710.321,2710.801,SL,-0.64,1,0.36219404564044494,ml_scalp1,2024-10
994257,short,2024-10-23 15:34:00,2024-10-23 15:35:00,2024-10-23 15:37:00,2716.775,2717.252,SL,-0.636,2,0.36184556364905834,ml_scalp1,2024-10
994270,short,2024-10-23 15:47:00,2024-10-23 15:48:00,2024-10-23 15:49:00,2719.27,2718.27,TP,0.84,1,0.36171597197905314,ml_scalp1,2024-10
994282,short,2024-10-23 15:59:00,2024-10-23 16:00:00,2024-10-23 16:01:00,2721.692,2720.692,TP,0.84,1,0.36158159665269285,ml_scalp1,2024-10
994294,short,2024-10-23 16:11:00,2024-10-23 16:12:00,2024-10-23 16:13:00,2718.813,2719.293,SL,-0.64,1,0.3612293205889558,ml_scalp1,2024-10
995019,long,2024-10-24 05:19:00,2024-10-24 05:20:00,2024-10-24 05:21:00,2728.057,2727.5769999999998,SL,-0.64,1,0.3744459317923086,ml_scalp1,2024-10
995530,long,2024-10-24 13:50:00,2024-10-24 13:51:00,2024-10-24 13:52:00,2734.115,2733.6349999999998,SL,-0.64,1,0.3737422447151003,ml_scalp1,2024-10
995575,long,2024-10-24 14:35:00,2024-10-24 14:36:00,2024-10-24 14:37:00,2722.797,2723.797,TP,0.84,1,0.37340228503326467,ml_scalp1,2024-10
995595,short,2024-10-24 14:55:00,2024-10-24 14:56:00,2024-10-24 14:57:00,2730.501,2730.981,SL,-0.64,1,0.36123131270417486,ml_scalp1,2024-10
995607,short,2024-10-24 15:07:00,2024-10-24 15:08:00,2024-10-24 15:09:00,2732.697,2731.697,TP,0.841,1,0.3612613330796594,ml_scalp1,2024-10
996894,long,2024-10-25 13:37:00,2024-10-25 13:38:00,2024-10-25 13:39:00,2727.409,2728.409,TP,0.84,1,0.373274130860178,ml_scalp1,2024-10
996930,long,2024-10-25 14:13:00,2024-10-25 14:14:00,2024-10-25 14:15:00,2738.498,2738.021,SL,-0.636,1,0.37487293013702216,ml_scalp1,2024-10
996942,long,2024-10-25 14:25:00,2024-10-25 14:26:00,2024-10-25 14:27:00,2735.653,2735.173,SL,-0.64,1,0.37432400009969746,ml_scalp1,2024-10
996954,long,2024-10-25 14:37:00,2024-10-25 14:38:00,2024-10-25 14:39:00,2736.909,2736.429,SL,-0.64,1,0.3752104044380178,ml_scalp1,2024-10
996972,long,2024-10-25 14:55:00,2024-10-25 14:56:00,2024-10-25 14:57:00,2738.411,2737.931,SL,-0.64,1,0.37590530479283213,ml_scalp1,2024-10
999629,long,2024-10-29 13:22:00,2024-10-29 13:23:00,2024-10-29 13:24:00,2756.123,2755.646,SL,-0.636,1,0.37346255709548043,ml_scalp1,2024-10
999644,long,2024-10-29 13:37:00,2024-10-29 13:38:00,2024-10-29 13:39:00,2757.687,2757.207,SL,-0.64,1,0.3741896520562761,ml_scalp1,2024-10
999656,long,2024-10-29 13:49:00,2024-10-29 13:50:00,2024-10-29 13:51:00,2762.873,2763.873,TP,0.84,1,0.3747260748004929,ml_scalp1,2024-10
999668,long,2024-10-29 14:01:00,2024-10-29 14:02:00,2024-10-29 14:03:00,2762.587,2762.107,SL,-0.64,1,0.37676366607973516,ml_scalp1,2024-10
999680,long,2024-10-29 14:13:00,2024-10-29 14:14:00,2024-10-29 14:15:00,2766.275,2765.795,SL,-0.64,1,0.3748853458026761,ml_scalp1,2024-10
999692,long,2024-10-29 14:25:00,2024-10-29 14:26:00,2024-10-29 14:27:00,2771.145,2770.665,SL,-0.64,1,0.376850077071045,ml_scalp1,2024-10
999704,long,2024-10-29 14:37:00,2024-10-29 14:38:00,2024-10-29 14:39:00,2768.809,2769.809,TP,0.841,1,0.377083242674348,ml_scalp1,2024-10
999716,long,2024-10-29 14:49:00,2024-10-29 14:50:00,2024-10-29 14:51:00,2767.343,2766.863,SL,-0.64,1,0.3770307203243751,ml_scalp1,2024-10
999728,long,2024-10-29 15:01:00,2024-10-29 15:02:00,2024-10-29 15:03:00,2767.896,2768.896,TP,0.84,1,0.3760249800586137,ml_scalp1,2024-10
999740,long,2024-10-29 15:13:00,2024-10-29 15:14:00,2024-10-29 15:15:00,2766.617,2766.137,SL,-0.64,1,0.37483595949583165,ml_scalp1,2024-10
999752,long,2024-10-29 15:25:00,2024-10-29 15:26:00,2024-10-29 15:27:00,2762.032,2761.552,SL,-0.64,1,0.3732717562520866,ml_scalp1,2024-10
1001014,long,2024-10-30 13:30:00,2024-10-30 13:31:00,2024-10-30 13:32:00,2777.156,2776.679,SL,-0.636,1,0.3739490406564307,ml_scalp1,2024-10
1001029,long,2024-10-30 13:45:00,2024-10-30 13:46:00,2024-10-30 13:47:00,2773.586,2773.109,SL,-0.636,1,0.37354207118128235,ml_scalp1,2024-10
1002362,long,2024-10-31 13:01:00,2024-10-31 13:02:00,2024-10-31 13:03:00,2770.313,2771.313,TP,0.841,1,0.3746469871101303,ml_scalp1,2024-10
1002383,long,2024-10-31 13:22:00,2024-10-31 13:23:00,2024-10-31 13:24:00,2766.905,2766.425,SL,-0.64,1,0.3740707488459501,ml_scalp1,2024-10
1002402,long,2024-10-31 13:41:00,2024-10-31 13:42:00,2024-10-31 13:43:00,2763.799,2763.319,SL,-0.64,1,0.37415556504739633,ml_scalp1,2024-10
1002414,short,2024-10-31 13:53:00,2024-10-31 13:54:00,2024-10-31 13:55:00,2757.351,2756.351,TP,0.841,1,0.36194537240603586,ml_scalp1,2024-10
1002426,long,2024-10-31 14:05:00,2024-10-31 14:06:00,2024-10-31 14:07:00,2749.099,2748.6220000000003,SL,-0.636,1,0.37660782634881335,ml_scalp1,2024-10
1002438,short,2024-10-31 14:17:00,2024-10-31 14:18:00,2024-10-31 14:19:00,2755.686,2756.163,SL,-0.636,1,0.36215498823083914,ml_scalp1,2024-10
1002450,short,2024-10-31 14:29:00,2024-10-31 14:30:00,2024-10-31 14:31:00,2749.841,2750.321,SL,-0.64,1,0.3621002348201602,ml_scalp1,2024-10
1002462,short,2024-10-31 14:41:00,2024-10-31 14:42:00,2024-10-31 14:43:00,2744.523,2743.523,TP,0.84,1,0.3621002348201602,ml_scalp1,2024-10
1002474,short,2024-10-31 14:53:00,2024-10-31 14:54:00,2024-10-31 14:55:00,2740.41,2739.41,TP,0.84,1,0.3621002348201602,ml_scalp1,2024-10
1002486,long,2024-10-31 15:05:00,2024-10-31 15:06:00,2024-10-31 15:07:00,2732.807,2732.3269999999998,SL,-0.64,1,0.3759466099767694,ml_scalp1,2024-10
1002498,short,2024-10-31 15:17:00,2024-10-31 15:18:00,2024-10-31 15:19:00,2737.957,2738.437,SL,-0.64,1,0.36220044505657667,ml_scalp1,2024-10
1002510,short,2024-10-31 15:29:00,2024-10-31 15:30:00,2024-10-31 15:31:00,2739.367,2738.367,TP,0.84,1,0.36220044505657667,ml_scalp1,2024-10
1002522,short,2024-10-31 15:41:00,2024-10-31 15:42:00,2024-10-31 15:43:00,2736.23,2736.71,SL,-0.64,1,0.36214560425462117,ml_scalp1,2024-10
1002534,short,2024-10-31 15:53:00,2024-10-31 15:54:00,2024-10-31 15:55:00,2735.597,2736.077,SL,-0.64,1,0.36211122314261085,ml_scalp1,2024-10
1002546,short,2024-10-31 16:05:00,2024-10-31 16:06:00,2024-10-31 16:07:00,2738.957,2739.437,SL,-0.64,1,0.36212960540953854,ml_scalp1,2024-10
1002558,short,2024-10-31 16:17:00,2024-10-31 16:18:00,2024-10-31 16:25:00,2742.83,2743.31,SL,-0.64,7,0.3618175544298733,ml_scalp1,2024-10
1002576,short,2024-10-31 16:35:00,2024-10-31 16:36:00,2024-10-31 16:37:00,2741.098,2740.098,TP,0.84,1,0.3615019044350659,ml_scalp1,2024-10
1003274,long,2024-11-01 05:16:00,2024-11-01 05:17:00,2024-11-01 05:26:00,2752.211,2751.7309999999998,SL,-0.64,9,0.3772736306358139,ml_scalp1,2024-11
1003294,long,2024-11-01 05:36:00,2024-11-01 05:37:00,2024-11-01 05:43:00,2753.091,2754.091,TP,0.841,6,0.37573242515459876,ml_scalp1,2024-11
1003708,short,2024-11-01 12:30:00,2024-11-01 12:31:00,2024-11-01 12:32:00,2757.367,2757.847,SL,-0.64,1,0.36333847858686136,ml_scalp1,2024-11
1003740,short,2024-11-01 13:02:00,2024-11-01 13:03:00,2024-11-01 13:04:00,2757.624,2758.104,SL,-0.64,1,0.36324321670990267,ml_scalp1,2024-11
1003823,long,2024-11-01 14:25:00,2024-11-01 14:26:00,2024-11-01 14:27:00,2748.297,2749.297,TP,0.84,1,0.37650483728978934,ml_scalp1,2024-11
1003836,long,2024-11-01 14:38:00,2024-11-01 14:39:00,2024-11-01 14:40:00,2745.899,2745.419,SL,-0.64,1,0.3777534110758236,ml_scalp1,2024-11
1003851,short,2024-11-01 14:53:00,2024-11-01 14:54:00,2024-11-01 14:55:00,2744.654,2745.134,SL,-0.64,1,0.363083553605191,ml_scalp1,2024-11
1003863,short,2024-11-01 15:05:00,2024-11-01 15:06:00,2024-11-01 15:07:00,2743.447,2743.927,SL,-0.64,1,0.36315871527947263,ml_scalp1,2024-11
1003875,short,2024-11-01 15:17:00,2024-11-01 15:18:00,2024-11-01 15:19:00,2748.114,2748.594,SL,-0.64,1,0.3633918638171199,ml_scalp1,2024-11
1006533,long,2024-11-05 14:45:00,2024-11-05 14:46:00,2024-11-05 14:47:00,2744.033,2743.553,SL,-0.64,1,0.3764440323549493,ml_scalp1,2024-11
1006555,long,2024-11-05 15:07:00,2024-11-05 15:08:00,2024-11-05 15:09:00,2738.802,2738.322,SL,-0.64,1,0.3766649656706765,ml_scalp1,2024-11
1006570,long,2024-11-05 15:22:00,2024-11-05 15:23:00,2024-11-05 15:24:00,2736.557,2736.0769999999998,SL,-0.64,1,0.3757039072259501,ml_scalp1,2024-11
1006583,short,2024-11-05 15:35:00,2024-11-05 15:36:00,2024-11-05 15:37:00,2736.413,2736.893,SL,-0.64,1,0.363083553605191,ml_scalp1,2024-11
1006595,short,2024-11-05 15:47:00,2024-11-05 15:48:00,2024-11-05 15:52:00,2741.107,2740.107,TP,0.84,4,0.36310184037925464,ml_scalp1,2024-11
1007409,long,2024-11-06 06:24:00,2024-11-06 06:25:00,2024-11-06 06:26:00,2728.516,2728.039,SL,-0.636,1,0.3784753524957469,ml_scalp1,2024-11
1007421,long,2024-11-06 06:36:00,2024-11-06 06:37:00,2024-11-06 06:38:00,2710.216,2709.736,SL,-0.64,1,0.3777512028137252,ml_scalp1,2024-11
1007733,long,2024-11-06 11:48:00,2024-11-06 11:49:00,2024-11-06 11:50:00,2704.022,2705.022,TP,0.84,1,0.3754871511095307,ml_scalp1,2024-11
1007751,short,2024-11-06 12:06:00,2024-11-06 12:07:00,2024-11-06 12:08:00,2703.82,2704.3,SL,-0.64,1,0.36310213504656774,ml_scalp1,2024-11
1007763,short,2024-11-06 12:18:00,2024-11-06 12:19:00,2024-11-06 12:20:00,2707.174,2706.174,TP,0.84,1,0.363804829975734,ml_scalp1,2024-11
1007775,short,2024-11-06 12:30:00,2024-11-06 12:31:00,2024-11-06 12:32:00,2699.56,2698.56,TP,0.84,1,0.3630624500251271,ml_scalp1,2024-11
1007787,short,2024-11-06 12:42:00,2024-11-06 12:43:00,2024-11-06 12:44:00,2700.182,2700.662,SL,-0.64,1,0.3640511156785485,ml_scalp1,2024-11
1007799,short,2024-11-06 12:54:00,2024-11-06 12:55:00,2024-11-06 12:56:00,2698.974,2699.451,SL,-0.636,1,0.3632144478935699,ml_scalp1,2024-11
1007811,long,2024-11-06 13:06:00,2024-11-06 13:07:00,2024-11-06 13:08:00,2685.338,2684.858,SL,-0.64,1,0.3787239128633211,ml_scalp1,2024-11
1007823,short,2024-11-06 13:18:00,2024-11-06 13:19:00,2024-11-06 13:20:00,2680.913,2679.913,TP,0.84,1,0.36351888217852235,ml_scalp1,2024-11
1007835,long,2024-11-06 13:30:00,2024-11-06 13:31:00,2024-11-06 13:32:00,2672.05,2671.5730000000003,SL,-0.636,1,0.3795478276763539,ml_scalp1,2024-11
1007847,short,2024-11-06 13:42:00,2024-11-06 13:43:00,2024-11-06 13:44:00,2663.704,2662.704,TP,0.84,1,0.3634452446569686,ml_scalp1,2024-11
1007859,short,2024-11-06 13:54:00,2024-11-06 13:55:00,2024-11-06 13:56:00,2664.89,2665.3669999999997,SL,-0.636,1,0.3644431439158413,ml_scalp1,2024-11
1007871,short,2024-11-06 14:06:00,2024-11-06 14:07:00,2024-11-06 14:08:00,2661.102,2661.5789999999997,SL,-0.636,1,0.36351888217852235,ml_scalp1,2024-11
1007883,short,2024-11-06 14:18:00,2024-11-06 14:19:00,2024-11-06 14:20:00,2666.141,2665.141,TP,0.84,1,0.3644431439158413,ml_scalp1,2024-11
1007895,short,2024-11-06 14:30:00,2024-11-06 14:31:00,2024-11-06 14:32:00,2657.328,2656.328,TP,0.841,1,0.3635851270326636,ml_scalp1,2024-11
1007907,short,2024-11-06 14:42:00,2024-11-06 14:43:00,2024-11-06 14:44:00,2659.278,2658.278,TP,0.84,1,0.3643448850528204,ml_scalp1,2024-11
1007919,short,2024-11-06 14:54:00,2024-11-06 14:55:00,2024-11-06 14:56:00,2657.066,2657.546,SL,-0.64,1,0.36357049591254337,ml_scalp1,2024-11
1007931,short,2024-11-06 15:06:00,2024-11-06 15:07:00,2024-11-06 15:08:00,2658.595,2659.075,SL,-0.64,1,0.3635851270326636,ml_scalp1,2024-11
1007943,short,2024-11-06 15:18:00,2024-11-06 15:19:00,2024-11-06 15:20:00,2662.914,2663.391,SL,-0.636,1,0.3646577433160239,ml_scalp1,2024-11
1007955,short,2024-11-06 15:30:00,2024-11-06 15:31:00,2024-11-06 15:32:00,2667.325,2667.8019999999997,SL,-0.636,1,0.36369420247722195,ml_scalp1,2024-11
1007967,short,2024-11-06 15:42:00,2024-11-06 15:43:00,2024-11-06 15:44:00,2672.135,2671.135,TP,0.84,1,0.3637343586748386,ml_scalp1,2024-11
1007979,short,2024-11-06 15:54:00,2024-11-06 15:55:00,2024-11-06 15:56:00,2673.655,2674.135,SL,-0.64,1,0.3631085663605515,ml_scalp1,2024-11
1009288,long,2024-11-07 14:46:00,2024-11-07 14:47:00,2024-11-07 14:50:00,2691.004,2690.524,SL,-0.64,3,0.37741566257067094,ml_scalp1,2024-11
1009304,long,2024-11-07 15:02:00,2024-11-07 15:03:00,2024-11-07 15:04:00,2690.744,2690.2670000000003,SL,-0.636,1,0.37769594332490286,ml_scalp1,2024-11
1010664,long,2024-11-08 14:45:00,2024-11-08 14:46:00,2024-11-08 14:47:00,2688.495,2689.495,TP,0.841,1,0.37795677136247946,ml_scalp1,2024-11
1010700,short,2024-11-08 15:21:00,2024-11-08 15:22:00,2024-11-08 15:23:00,2688.3,2688.78,SL,-0.64,1,0.3631218208219485,ml_scalp1,2024-11
1011937,short,2024-11-11 13:05:00,2024-11-11 13:06:00,2024-11-11 13:07:00,2654.822,2653.822,TP,0.84,1,0.36312211161558416,ml_scalp1,2024-11
1011949,short,2024-11-11 13:17:00,2024-11-11 13:18:00,2024-11-11 13:19:00,2656.651,2655.651,TP,0.84,1,0.36410801104273777,ml_scalp1,2024-11
1011961,short,2024-11-11 13:29:00,2024-11-11 13:30:00,2024-11-11 13:31:00,2651.3,2651.777,SL,-0.636,1,0.363596982288097,ml_scalp1,2024-11
1011973,long,2024-11-11 13:41:00,2024-11-11 13:42:00,2024-11-11 13:43:00,2637.209,2638.209,TP,0.84,1,0.3797795679186643,ml_scalp1,2024-11
1011985,long,2024-11-11 13:53:00,2024-11-11 13:54:00,2024-11-11 13:55:00,2635.393,2634.916,SL,-0.636,1,0.37775690403654694,ml_scalp1,2024-11
1011997,short,2024-11-11 14:05:00,2024-11-11 14:06:00,2024-11-11 14:07:00,2631.364,2631.841,SL,-0.636,1,0.3637039542819405,ml_scalp1,2024-11
1012009,short,2024-11-11 14:17:00,2024-11-11 14:18:00,2024-11-11 14:19:00,2633.706,2634.186,SL,-0.64,1,0.3646209775665518,ml_scalp1,2024-11
1012021,short,2024-11-11 14:29:00,2024-11-11 14:30:00,2024-11-11 14:31:00,2628.325,2627.325,TP,0.84,1,0.36364194551297246,ml_scalp1,2024-11
1012033,short,2024-11-11 14:41:00,2024-11-11 14:42:00,2024-11-11 14:43:00,2622.711,2621.711,TP,0.84,1,0.36364194551297246,ml_scalp1,2024-11
1012045,short,2024-11-11 14:53:00,2024-11-11 14:54:00,2024-11-11 14:55:00,2622.973,2623.453,SL,-0.64,1,0.36444229091575525,ml_scalp1,2024-11
1012057,short,2024-11-11 15:05:00,2024-11-11 15:06:00,2024-11-11 15:07:00,2625.847,2624.847,TP,0.84,1,0.36444229091575525,ml_scalp1,2024-11
1012069,short,2024-11-11 15:17:00,2024-11-11 15:18:00,2024-11-11 15:20:00,2622.357,2621.357,TP,0.84,2,0.36350201494518214,ml_scalp1,2024-11
1012082,short,2024-11-11 15:30:00,2024-11-11 15:31:00,2024-11-11 15:33:00,2618.728,2617.728,TP,0.841,2,0.36364194551297246,ml_scalp1,2024-11
1012095,short,2024-11-11 15:43:00,2024-11-11 15:44:00,2024-11-11 15:45:00,2617.339,2617.819,SL,-0.64,1,0.3633111760682298,ml_scalp1,2024-11
1012107,short,2024-11-11 15:55:00,2024-11-11 15:56:00,2024-11-11 16:00:00,2614.339,2614.816,SL,-0.636,4,0.3634910989797027,ml_scalp1,2024-11
1012126,short,2024-11-11 16:14:00,2024-11-11 16:15:00,2024-11-11 16:16:00,2615.088,2615.565,SL,-0.636,1,0.3631240692762971,ml_scalp1,2024-11
1012891,long,2024-11-12 06:02:00,2024-11-12 06:03:00,2024-11-12 06:04:00,2604.798,2604.321,SL,-0.636,1,0.377112209923865,ml_scalp1,2024-11
1012985,short,2024-11-12 07:36:00,2024-11-12 07:37:00,2024-11-12 07:38:00,2600.561,2599.561,TP,0.84,1,0.36322168809674144,ml_scalp1,2024-11
1012998,short,2024-11-12 07:49:00,2024-11-12 07:50:00,2024-11-12 07:51:00,2602.625,2603.105,SL,-0.64,1,0.3633665969079718,ml_scalp1,2024-11
1013016,short,2024-11-12 08:07:00,2024-11-12 08:08:00,2024-11-12 08:09:00,2603.176,2603.656,SL,-0.64,1,0.3633856232730288,ml_scalp1,2024-11
1013090,short,2024-11-12 09:21:00,2024-11-12 09:22:00,2024-11-12 09:23:00,2593.623,2594.1,SL,-0.636,1,0.3630999801438579,ml_scalp1,2024-11
1013182,short,2024-11-12 10:53:00,2024-11-12 10:54:00,2024-11-12 10:55:00,2597.138,2596.138,TP,0.84,1,0.36322704685138657,ml_scalp1,2024-11
1013253,short,2024-11-12 12:04:00,2024-11-12 12:05:00,2024-11-12 12:06:00,2603.525,2604.002,SL,-0.636,1,0.3634541908182808,ml_scalp1,2024-11
1013265,short,2024-11-12 12:16:00,2024-11-12 12:17:00,2024-11-12 12:18:00,2602.919,2601.919,TP,0.84,1,0.3635972797965699,ml_scalp1,2024-11
1013286,short,2024-11-12 12:37:00,2024-11-12 12:38:00,2024-11-12 12:39:00,2605.958,2604.958,TP,0.84,1,0.36327247364559206,ml_scalp1,2024-11
1013298,short,2024-11-12 12:49:00,2024-11-12 12:50:00,2024-11-12 12:51:00,2605.927,2604.927,TP,0.84,1,0.36306491227378546,ml_scalp1,2024-11
1013310,short,2024-11-12 13:01:00,2024-11-12 13:02:00,2024-11-12 13:03:00,2606.362,2606.842,SL,-0.64,1,0.36335576955986115,ml_scalp1,2024-11
1013322,short,2024-11-12 13:13:00,2024-11-12 13:14:00,2024-11-12 13:15:00,2605.666,2606.146,SL,-0.64,1,0.36331563339740425,ml_scalp1,2024-11
1013334,short,2024-11-12 13:25:00,2024-11-12 13:26:00,2024-11-12 13:27:00,2613.62,2614.0969999999998,SL,-0.636,1,0.36481496520759266,ml_scalp1,2024-11
1013346,short,2024-11-12 13:37:00,2024-11-12 13:38:00,2024-11-12 13:39:00,2610.207,2609.207,TP,0.841,1,0.3638001023311892,ml_scalp1,2024-11
1013358,short,2024-11-12 13:49:00,2024-11-12 13:50:00,2024-11-12 13:51:00,2609.027,2609.507,SL,-0.64,1,0.36382133576835973,ml_scalp1,2024-11
1013370,short,2024-11-12 14:01:00,2024-11-12 14:02:00,2024-11-12 14:04:00,2610.064,2609.064,TP,0.84,2,0.3637865458947932,ml_scalp1,2024-11
1013384,short,2024-11-12 14:15:00,2024-11-12 14:16:00,2024-11-12 14:17:00,2612.942,2613.422,SL,-0.64,1,0.3632459769825557,ml_scalp1,2024-11
1013397,short,2024-11-12 14:28:00,2024-11-12 14:29:00,2024-11-12 14:30:00,2613.81,2612.81,TP,0.84,1,0.3630749528749051,ml_scalp1,2024-11
1013443,short,2024-11-12 15:14:00,2024-11-12 15:15:00,2024-11-12 15:16:00,2609.079,2609.559,SL,-0.64,1,0.36324894533942365,ml_scalp1,2024-11
1013474,short,2024-11-12 15:45:00,2024-11-12 15:46:00,2024-11-12 15:47:00,2602.039,2601.039,TP,0.84,1,0.3632366033438281,ml_scalp1,2024-11
1014759,long,2024-11-13 14:13:00,2024-11-13 14:14:00,2024-11-13 14:15:00,2615.813,2615.3360000000002,SL,-0.636,1,0.3756094775746519,ml_scalp1,2024-11
1014796,long,2024-11-13 14:50:00,2024-11-13 14:51:00,2024-11-13 14:52:00,2603.469,2602.992,SL,-0.636,1,0.37725835793564977,ml_scalp1,2024-11
1014812,long,2024-11-13 15:06:00,2024-11-13 15:07:00,2024-11-13 15:08:00,2595.795,2595.318,SL,-0.636,1,0.3778262772217733,ml_scalp1,2024-11
1014825,short,2024-11-13 15:19:00,2024-11-13 15:20:00,2024-11-13 15:21:00,2599.789,2598.789,TP,0.84,1,0.36307429377760536,ml_scalp1,2024-11
1014840,short,2024-11-13 15:34:00,2024-11-13 15:35:00,2024-11-13 15:36:00,2598.464,2598.944,SL,-0.64,1,0.3633454644678058,ml_scalp1,2024-11
1014852,short,2024-11-13 15:46:00,2024-11-13 15:47:00,2024-11-13 15:48:00,2602.255,2602.735,SL,-0.64,1,0.3633967794108362,ml_scalp1,2024-11
1014899,long,2024-11-13 16:33:00,2024-11-13 16:34:00,2024-11-13 16:35:00,2590.782,2590.3050000000003,SL,-0.636,1,0.375645256186612,ml_scalp1,2024-11
1014911,short,2024-11-13 16:45:00,2024-11-13 16:46:00,2024-11-13 16:47:00,2591.867,2592.347,SL,-0.64,1,0.3631509603754865,ml_scalp1,2024-11
1014929,long,2024-11-13 17:03:00,2024-11-13 17:04:00,2024-11-13 17:05:00,2583.525,2583.0480000000002,SL,-0.636,1,0.37713514263382053,ml_scalp1,2024-11
1014941,short,2024-11-13 17:15:00,2024-11-13 17:16:00,2024-11-13 17:17:00,2582.37,2582.85,SL,-0.64,1,0.36325807543746136,ml_scalp1,2024-11
1014957,short,2024-11-13 17:31:00,2024-11-13 17:32:00,2024-11-13 17:33:00,2581.03,2581.51,SL,-0.64,1,0.3632575164091564,ml_scalp1,2024-11
1015874,long,2024-11-14 09:51:00,2024-11-14 09:52:00,2024-11-14 09:53:00,2536.891,2537.891,TP,0.84,1,0.37706106827122987,ml_scalp1,2024-11
1016100,short,2024-11-14 13:37:00,2024-11-14 13:38:00,2024-11-14 13:39:00,2555.515,2555.995,SL,-0.64,1,0.3631913797182013,ml_scalp1,2024-11
1016112,short,2024-11-14 13:49:00,2024-11-14 13:50:00,2024-11-14 13:51:00,2556.875,2557.355,SL,-0.64,1,0.36327036352864545,ml_scalp1,2024-11
1016124,short,2024-11-14 14:01:00,2024-11-14 14:02:00,2024-11-14 14:03:00,2557.82,2558.3,SL,-0.64,1,0.36320284158397986,ml_scalp1,2024-11
1016136,short,2024-11-14 14:13:00,2024-11-14 14:14:00,2024-11-14 14:15:00,2556.743,2557.223,SL,-0.64,1,0.3631913797182013,ml_scalp1,2024-11
1016148,short,2024-11-14 14:25:00,2024-11-14 14:26:00,2024-11-14 14:27:00,2562.965,2563.445,SL,-0.64,1,0.36398381306764344,ml_scalp1,2024-11
1016160,short,2024-11-14 14:37:00,2024-11-14 14:38:00,2024-11-14 14:39:00,2563.106,2563.5860000000002,SL,-0.64,1,0.36325145295046635,ml_scalp1,2024-11
1016172,short,2024-11-14 14:49:00,2024-11-14 14:50:00,2024-11-14 14:51:00,2561.571,2562.051,SL,-0.64,1,0.36320284158397986,ml_scalp1,2024-11
1016184,short,2024-11-14 15:01:00,2024-11-14 15:02:00,2024-11-14 15:03:00,2560.699,2561.179,SL,-0.64,1,0.3631913797182013,ml_scalp1,2024-11
1016196,short,2024-11-14 15:13:00,2024-11-14 15:14:00,2024-11-14 15:15:00,2566.521,2566.998,SL,-0.636,1,0.36361151949335857,ml_scalp1,2024-11
1016208,short,2024-11-14 15:25:00,2024-11-14 15:26:00,2024-11-14 15:27:00,2571.007,2571.487,SL,-0.64,1,0.36333281496806424,ml_scalp1,2024-11
1016220,short,2024-11-14 15:37:00,2024-11-14 15:38:00,2024-11-14 15:39:00,2568.248,2568.728,SL,-0.64,1,0.3634139053374225,ml_scalp1,2024-11
1017472,long,2024-11-15 13:32:00,2024-11-15 13:33:00,2024-11-15 13:34:00,2562.192,2561.712,SL,-0.64,1,0.37712377744411707,ml_scalp1,2024-11
1017484,short,2024-11-15 13:44:00,2024-11-15 13:45:00,2024-11-15 13:46:00,2568.49,2568.9669999999996,SL,-0.636,1,0.3630919218619421,ml_scalp1,2024-11
1018115,long,2024-11-18 01:22:00,2024-11-18 01:23:00,2024-11-18 01:24:00,2588.511,2588.031,SL,-0.64,1,0.3760731342554461,ml_scalp1,2024-11
1018127,long,2024-11-18 01:34:00,2024-11-18 01:35:00,2024-11-18 01:36:00,2596.436,2595.956,SL,-0.64,1,0.3766509934873339,ml_scalp1,2024-11
1018139,long,2024-11-18 01:46:00,2024-11-18 01:47:00,2024-11-18 01:48:00,2588.07,2587.59,SL,-0.64,1,0.3767901860749336,ml_scalp1,2024-11
1018160,long,2024-11-18 02:07:00,2024-11-18 02:08:00,2024-11-18 02:09:00,2592.295,2593.295,TP,0.84,1,0.3757110778555848,ml_scalp1,2024-11
1019975,long,2024-11-19 09:25:00,2024-11-19 09:26:00,2024-11-19 09:27:00,2630.97,2630.49,SL,-0.64,1,0.3761533875900792,ml_scalp1,2024-11
1019987,long,2024-11-19 09:37:00,2024-11-19 09:38:00,2024-11-19 09:39:00,2633.001,2634.001,TP,0.84,1,0.3759252369184524,ml_scalp1,2024-11
1019999,long,2024-11-19 09:49:00,2024-11-19 09:50:00,2024-11-19 09:51:00,2631.046,2630.569,SL,-0.636,1,0.37574628151602135,ml_scalp1,2024-11
1020209,long,2024-11-19 13:19:00,2024-11-19 13:20:00,2024-11-19 13:21:00,2634.14,2633.663,SL,-0.636,1,0.3756261957551826,ml_scalp1,2024-11
1020269,long,2024-11-19 14:19:00,2024-11-19 14:20:00,2024-11-19 14:21:00,2626.198,2625.721,SL,-0.636,1,0.37597396957808427,ml_scalp1,2024-11
1020294,short,2024-11-19 14:44:00,2024-11-19 14:45:00,2024-11-19 14:46:00,2629.829,2630.309,SL,-0.64,1,0.3631142691206216,ml_scalp1,2024-11
1020355,short,2024-11-19 15:45:00,2024-11-19 15:46:00,2024-11-19 15:47:00,2626.969,2625.969,TP,0.84,1,0.363090597163431,ml_scalp1,2024-11
1021651,long,2024-11-20 14:24:00,2024-11-20 14:25:00,2024-11-20 14:26:00,2640.698,2640.218,SL,-0.64,1,0.37743970316710507,ml_scalp1,2024-11
1021670,long,2024-11-20 14:43:00,2024-11-20 14:44:00,2024-11-20 14:45:00,2643.401,2644.401,TP,0.84,1,0.37550609240336164,ml_scalp1,2024-11
1021682,long,2024-11-20 14:55:00,2024-11-20 14:56:00,2024-11-20 14:57:00,2641.225,2642.225,TP,0.84,1,0.3760205785970647,ml_scalp1,2024-11
1021698,long,2024-11-20 15:11:00,2024-11-20 15:12:00,2024-11-20 15:13:00,2645.56,2646.56,TP,0.841,1,0.3761448309516658,ml_scalp1,2024-11
1022953,short,2024-11-21 13:09:00,2024-11-21 13:10:00,2024-11-21 13:12:00,2666.557,2667.037,SL,-0.64,2,0.3630762256965167,ml_scalp1,2024-11
1024126,long,2024-11-22 09:45:00,2024-11-22 09:46:00,2024-11-22 09:47:00,2703.879,2703.399,SL,-0.64,1,0.3758702840657032,ml_scalp1,2024-11
1024348,long,2024-11-22 13:27:00,2024-11-22 13:28:00,2024-11-22 13:29:00,2692.191,2691.714,SL,-0.636,1,0.3779888602999375,ml_scalp1,2024-11
1024420,short,2024-11-22 14:39:00,2024-11-22 14:40:00,2024-11-22 14:41:00,2691.202,2691.6820000000002,SL,-0.64,1,0.36340429737769636,ml_scalp1,2024-11
1024432,short,2024-11-22 14:51:00,2024-11-22 14:52:00,2024-11-22 14:53:00,2694.543,2695.02,SL,-0.636,1,0.3634022829481146,ml_scalp1,2024-11
1025263,long,2024-11-25 05:49:00,2024-11-25 05:50:00,2024-11-25 05:51:00,2659.906,2660.906,TP,0.84,1,0.3779386940912839,ml_scalp1,2024-11
1025711,short,2024-11-25 13:17:00,2024-11-25 13:18:00,2024-11-25 13:20:00,2684.214,2683.214,TP,0.84,2,0.36332381123444585,ml_scalp1,2024-11
1025764,long,2024-11-25 14:10:00,2024-11-25 14:11:00,2024-11-25 14:12:00,2660.705,2661.705,TP,0.841,1,0.3786240914194704,ml_scalp1,2024-11
1025776,long,2024-11-25 14:22:00,2024-11-25 14:23:00,2024-11-25 14:24:00,2643.738,2643.258,SL,-0.64,1,0.37920453304373647,ml_scalp1,2024-11
1025788,short,2024-11-25 14:34:00,2024-11-25 14:35:00,2024-11-25 14:36:00,2642.977,2641.977,TP,0.84,1,0.36451577904181376,ml_scalp1,2024-11
1025800,short,2024-11-25 14:46:00,2024-11-25 14:47:00,2024-11-25 14:48:00,2640.322,2640.802,SL,-0.64,1,0.3645152200135088,ml_scalp1,2024-11
1025812,short,2024-11-25 14:58:00,2024-11-25 14:59:00,2024-11-25 15:00:00,2640.269,2640.7459999999996,SL,-0.636,1,0.36448029520207553,ml_scalp1,2024-11
1025824,long,2024-11-25 15:10:00,2024-11-25 15:11:00,2024-11-25 15:12:00,2631.516,2632.516,TP,0.84,1,0.378023205403011,ml_scalp1,2024-11
1025836,short,2024-11-25 15:22:00,2024-11-25 15:23:00,2024-11-25 15:24:00,2630.804,2631.281,SL,-0.636,1,0.36364282742831566,ml_scalp1,2024-11
1025848,short,2024-11-25 15:34:00,2024-11-25 15:35:00,2024-11-25 15:36:00,2635.8,2636.28,SL,-0.64,1,0.3644513462104542,ml_scalp1,2024-11
1025860,short,2024-11-25 15:46:00,2024-11-25 15:47:00,2024-11-25 15:48:00,2633.887,2632.887,TP,0.84,1,0.3632270953196337,ml_scalp1,2024-11
1025872,short,2024-11-25 15:58:00,2024-11-25 15:59:00,2024-11-25 16:00:00,2628.118,2628.598,SL,-0.64,1,0.3630955962693234,ml_scalp1,2024-11
1025884,short,2024-11-25 16:10:00,2024-11-25 16:11:00,2024-11-25 16:12:00,2632.764,2631.764,TP,0.84,1,0.36311498748419296,ml_scalp1,2024-11
1027083,short,2024-11-26 13:12:00,2024-11-26 13:13:00,2024-11-26 13:15:00,2641.641,2640.641,TP,0.84,2,0.3632117770967037,ml_scalp1,2024-11
1027100,short,2024-11-26 13:29:00,2024-11-26 13:30:00,2024-11-26 13:31:00,2632.911,2631.911,TP,0.84,1,0.3631176612598161,ml_scalp1,2024-11
1027118,short,2024-11-26 13:47:00,2024-11-26 13:48:00,2024-11-26 13:49:00,2627.559,2628.039,SL,-0.64,1,0.36329593944413296,ml_scalp1,2024-11
1027130,short,2024-11-26 13:59:00,2024-11-26 14:00:00,2024-11-26 14:01:00,2629.877,2630.357,SL,-0.64,1,0.36380241670335445,ml_scalp1,2024-11
1027142,short,2024-11-26 14:11:00,2024-11-26 14:12:00,2024-11-26 14:13:00,2631.108,2631.588,SL,-0.64,1,0.364327102996167,ml_scalp1,2024-11
1027171,short,2024-11-26 14:40:00,2024-11-26 14:41:00,2024-11-26 14:42:00,2618.099,2618.579,SL,-0.64,1,0.3631176612598161,ml_scalp1,2024-11
1027183,short,2024-11-26 14:52:00,2024-11-26 14:53:00,2024-11-26 14:54:00,2623.008,2622.008,TP,0.84,1,0.3642998220351501,ml_scalp1,2024-11
1027197,short,2024-11-26 15:06:00,2024-11-26 15:07:00,2024-11-26 15:08:00,2623.313,2623.793,SL,-0.64,1,0.3640749068334595,ml_scalp1,2024-11
1028569,long,2024-11-27 15:01:00,2024-11-27 15:02:00,2024-11-27 15:03:00,2644.862,2644.385,SL,-0.636,1,0.3759757786019784,ml_scalp1,2024-11
1028582,long,2024-11-27 15:14:00,2024-11-27 15:15:00,2024-11-27 15:16:00,2639.506,2639.029,SL,-0.636,1,0.3771196098731472,ml_scalp1,2024-11
1028594,short,2024-11-27 15:26:00,2024-11-27 15:27:00,2024-11-27 15:28:00,2642.009,2642.489,SL,-0.64,1,0.363090597163431,ml_scalp1,2024-11
1028617,short,2024-11-27 15:49:00,2024-11-27 15:50:00,2024-11-27 15:51:00,2643.403,2643.883,SL,-0.64,1,0.363090597163431,ml_scalp1,2024-11
1029124,long,2024-11-28 01:19:00,2024-11-28 01:20:00,2024-11-28 01:21:00,2622.817,2622.34,SL,-0.636,1,0.37620801482021154,ml_scalp1,2024-11
1030327,long,2024-11-29 02:12:00,2024-11-29 02:13:00,2024-11-29 02:14:00,2653.485,2654.485,TP,0.84,1,0.3762796578530282,ml_scalp1,2024-11
1030339,long,2024-11-29 02:24:00,2024-11-29 02:25:00,2024-11-29 02:26:00,2661.53,2662.53,TP,0.84,1,0.3766955825996589,ml_scalp1,2024-11
1031095,long,2024-11-29 15:00:00,2024-11-29 15:01:00,2024-11-29 15:02:00,2651.49,2651.013,SL,-0.636,1,0.3785320334901437,ml_scalp1,2024-11
1031305,long,2024-12-01 23:05:00,2024-12-01 23:06:00,2024-12-01 23:07:00,2648.215,2649.215,TP,0.84,1,0.39026367269355716,ml_scalp1,2024-12
1031403,long,2024-12-02 00:43:00,2024-12-02 00:44:00,2024-12-02 00:45:00,2631.946,2632.946,TP,0.841,1,0.3932492646371395,ml_scalp1,2024-12
1031439,long,2024-12-02 01:19:00,2024-12-02 01:20:00,2024-12-02 01:21:00,2629.191,2628.711,SL,-0.64,1,0.39346111490139135,ml_scalp1,2024-12
1033589,long,2024-12-03 14:12:00,2024-12-03 14:13:00,2024-12-03 14:14:00,2653.237,2652.757,SL,-0.64,1,0.3909592463703754,ml_scalp1,2024-12
1033611,long,2024-12-03 14:34:00,2024-12-03 14:35:00,2024-12-03 14:36:00,2651.378,2650.898,SL,-0.64,1,0.3912769835991297,ml_scalp1,2024-12
1033623,long,2024-12-03 14:46:00,2024-12-03 14:47:00,2024-12-03 14:48:00,2650.343,2649.863,SL,-0.64,1,0.39094584485371675,ml_scalp1,2024-12
1033637,long,2024-12-03 15:00:00,2024-12-03 15:01:00,2024-12-03 15:02:00,2643.919,2643.439,SL,-0.64,1,0.39341472766692953,ml_scalp1,2024-12
1033656,long,2024-12-03 15:19:00,2024-12-03 15:20:00,2024-12-03 15:21:00,2637.921,2637.441,SL,-0.64,1,0.39198742982911416,ml_scalp1,2024-12
1034898,long,2024-12-04 13:04:00,2024-12-04 13:05:00,2024-12-04 13:06:00,2632.942,2633.942,TP,0.841,1,0.3958807854491301,ml_scalp1,2024-12
1034993,long,2024-12-04 14:39:00,2024-12-04 14:40:00,2024-12-04 14:41:00,2650.832,2651.832,TP,0.84,1,0.3903154695939044,ml_scalp1,2024-12
1035005,long,2024-12-04 14:51:00,2024-12-04 14:52:00,2024-12-04 14:53:00,2651.375,2650.895,SL,-0.64,1,0.3902659262215988,ml_scalp1,2024-12
1035054,long,2024-12-04 15:40:00,2024-12-04 15:41:00,2024-12-04 15:42:00,2655.372,2656.372,TP,0.84,1,0.390721160893887,ml_scalp1,2024-12
1035066,long,2024-12-04 15:52:00,2024-12-04 15:53:00,2024-12-04 15:54:00,2653.314,2652.834,SL,-0.64,1,0.3915806588366507,ml_scalp1,2024-12
1036232,long,2024-12-05 12:21:00,2024-12-05 12:22:00,2024-12-05 12:26:00,2649.348,2648.868,SL,-0.64,4,0.3904819197828001,ml_scalp1,2024-12
1036389,long,2024-12-05 14:58:00,2024-12-05 14:59:00,2024-12-05 15:00:00,2640.299,2639.822,SL,-0.636,1,0.3943041093269256,ml_scalp1,2024-12
1036401,long,2024-12-05 15:10:00,2024-12-05 15:11:00,2024-12-05 15:12:00,2637.361,2636.881,SL,-0.64,1,0.3931308176801391,ml_scalp1,2024-12
1036523,long,2024-12-05 17:12:00,2024-12-05 17:13:00,2024-12-05 17:14:00,2629.378,2628.898,SL,-0.64,1,0.39166979470349805,ml_scalp1,2024-12
1036537,long,2024-12-05 17:26:00,2024-12-05 17:27:00,2024-12-05 17:28:00,2625.886,2625.406,SL,-0.64,1,0.3924770921304539,ml_scalp1,2024-12
1036549,short,2024-12-05 17:38:00,2024-12-05 17:39:00,2024-12-05 17:40:00,2626.007,2626.484,SL,-0.636,1,0.36611499129588665,ml_scalp1,2024-12
1036675,short,2024-12-05 19:44:00,2024-12-05 19:45:00,2024-12-05 19:47:00,2630.979,2631.459,SL,-0.64,2,0.36585471362612343,ml_scalp1,2024-12
1036938,long,2024-12-06 01:10:00,2024-12-06 01:11:00,2024-12-06 01:12:00,2615.901,2615.424,SL,-0.636,1,0.39341605482915915,ml_scalp1,2024-12
1036987,short,2024-12-06 01:59:00,2024-12-06 02:00:00,2024-12-06 02:01:00,2617.596,2618.076,SL,-0.64,1,0.3658644432181553,ml_scalp1,2024-12
1037140,short,2024-12-06 04:32:00,2024-12-06 04:33:00,2024-12-06 04:41:00,2642.17,2642.65,SL,-0.64,8,0.36610074313194907,ml_scalp1,2024-12
1037176,short,2024-12-06 05:08:00,2024-12-06 05:09:00,2024-12-06 05:30:00,2642.077,2642.5570000000002,SL,-0.64,21,0.36617263057126354,ml_scalp1,2024-12
1037717,long,2024-12-06 14:09:00,2024-12-06 14:10:00,2024-12-06 14:11:00,2628.084,2627.607,SL,-0.636,1,0.39025308443017415,ml_scalp1,2024-12
1037979,long,2024-12-06 18:31:00,2024-12-06 18:32:00,2024-12-06 19:02:00,2636.58,2636.985,TIMEOUT,-0.06499999999979994,30,0.39166645140462153,ml_scalp1,2024-12
1038079,long,2024-12-06 20:11:00,2024-12-06 20:12:00,2024-12-06 20:21:00,2634.648,2635.648,TP,0.5289999999999999,9,0.3903371297198559,ml_scalp1,2024-12
1038272,long,2024-12-09 00:31:00,2024-12-09 00:32:00,2024-12-09 00:33:00,2630.592,2630.112,SL,-0.64,1,0.39234937260751607,ml_scalp1,2024-12
1038322,long,2024-12-09 01:21:00,2024-12-09 01:22:00,2024-12-09 01:23:00,2646.986,2646.506,SL,-0.64,1,0.3908487359252475,ml_scalp1,2024-12
1038334,long,2024-12-09 01:33:00,2024-12-09 01:34:00,2024-12-09 01:35:00,2647.991,2647.511,SL,-0.64,1,0.39210299170791557,ml_scalp1,2024-12
1038481,short,2024-12-09 04:00:00,2024-12-09 04:01:00,2024-12-09 04:03:00,2639.064,2638.064,TP,0.84,2,0.36741089665694016,ml_scalp1,2024-12
1039179,long,2024-12-09 15:38:00,2024-12-09 15:39:00,2024-12-09 15:40:00,2671.11,2672.11,TP,0.84,1,0.39016766066436914,ml_scalp1,2024-12
1040518,long,2024-12-10 15:00:00,2024-12-10 15:01:00,2024-12-10 15:02:00,2689.203,2688.723,SL,-0.64,1,0.390394619446479,ml_scalp1,2024-12
1040530,long,2024-12-10 15:12:00,2024-12-10 15:13:00,2024-12-10 15:14:00,2687.694,2688.694,TP,0.84,1,0.39085895534119885,ml_scalp1,2024-12
1040554,long,2024-12-10 15:36:00,2024-12-10 15:37:00,2024-12-10 15:40:00,2684.9,2685.9,TP,0.84,3,0.39044532007273475,ml_scalp1,2024-12
1041508,long,2024-12-11 08:42:00,2024-12-11 08:43:00,2024-12-11 08:44:00,2694.165,2693.205,SL,-1.28,1,0.4164505687096139,ml_scalp1,2024-12
1041520,long,2024-12-11 08:54:00,2024-12-11 08:55:00,2024-12-11 08:56:00,2691.947,2690.993,SL,-1.272,1,0.41971350175593497,ml_scalp1,2024-12
1041532,long,2024-12-11 09:06:00,2024-12-11 09:07:00,2024-12-11 09:08:00,2688.922,2687.956,SL,-1.288,1,0.41414568294825416,ml_scalp1,2024-12
1041544,long,2024-12-11 09:18:00,2024-12-11 09:19:00,2024-12-11 09:20:00,2691.702,2692.702,TP,0.6779999999999999,1,0.414240408789742,ml_scalp1,2024-12
1041556,long,2024-12-11 09:30:00,2024-12-11 09:31:00,2024-12-11 09:32:00,2692.014,2693.014,TP,0.6779999999999999,1,0.4140369914108091,ml_scalp1,2024-12
1041896,long,2024-12-11 15:10:00,2024-12-11 15:11:00,2024-12-11 15:12:00,2709.443,2710.443,TP,0.832,1,0.3903942352066767,ml_scalp1,2024-12
1041908,long,2024-12-11 15:22:00,2024-12-11 15:23:00,2024-12-11 15:24:00,2710.767,2710.263,SL,-0.672,1,0.39408694742560346,ml_scalp1,2024-12
1041920,long,2024-12-11 15:34:00,2024-12-11 15:35:00,2024-12-11 15:36:00,2713.428,2712.924,SL,-0.672,1,0.39088609981348055,ml_scalp1,2024-12
1041932,long,2024-12-11 15:46:00,2024-12-11 15:47:00,2024-12-11 15:49:00,2713.567,2713.066,SL,-0.668,2,0.3961888397060604,ml_scalp1,2024-12
1041945,long,2024-12-11 15:59:00,2024-12-11 16:00:00,2024-12-11 16:01:00,2713.213,2712.712,SL,-0.668,1,0.3951387032772775,ml_scalp1,2024-12
1041957,long,2024-12-11 16:11:00,2024-12-11 16:12:00,2024-12-11 16:13:00,2712.955,2713.955,TP,0.832,1,0.3966343232522673,ml_scalp1,2024-12
1041969,long,2024-12-11 16:23:00,2024-12-11 16:24:00,2024-12-11 16:27:00,2715.291,2716.291,TP,0.832,3,0.39350281429933737,ml_scalp1,2024-12
1041983,long,2024-12-11 16:37:00,2024-12-11 16:38:00,2024-12-11 16:40:00,2714.424,2713.92,SL,-0.672,2,0.3962896240806203,ml_scalp1,2024-12
1041996,long,2024-12-11 16:50:00,2024-12-11 16:51:00,2024-12-11 16:52:00,2713.851,2714.851,TP,0.832,1,0.3961963971585807,ml_scalp1,2024-12
1042009,long,2024-12-11 17:03:00,2024-12-11 17:04:00,2024-12-11 17:06:00,2718.028,2719.028,TP,0.832,2,0.3909543139704108,ml_scalp1,2024-12
1042022,long,2024-12-11 17:16:00,2024-12-11 17:17:00,2024-12-11 17:18:00,2718.399,2717.895,SL,-0.672,1,0.39083541037994535,ml_scalp1,2024-12
1042035,long,2024-12-11 17:29:00,2024-12-11 17:30:00,2024-12-11 17:31:00,2717.172,2716.668,SL,-0.672,1,0.3913233490525448,ml_scalp1,2024-12
1042047,long,2024-12-11 17:41:00,2024-12-11 17:42:00,2024-12-11 17:43:00,2716.677,2717.677,TP,0.832,1,0.3919187903524376,ml_scalp1,2024-12
1042625,short,2024-12-12 04:22:00,2024-12-12 04:23:00,2024-12-12 04:25:00,2711.668,2712.148,SL,-0.64,2,0.36667040505035264,ml_scalp1,2024-12
1043216,long,2024-12-12 14:13:00,2024-12-12 14:14:00,2024-12-12 14:15:00,2690.904,2690.424,SL,-0.64,1,0.39180569217506733,ml_scalp1,2024-12
1043228,long,2024-12-12 14:25:00,2024-12-12 14:26:00,2024-12-12 14:27:00,2685.399,2684.919,SL,-0.64,1,0.3918607411962011,ml_scalp1,2024-12
1043240,short,2024-12-12 14:37:00,2024-12-12 14:38:00,2024-12-12 14:39:00,2682.89,2683.37,SL,-0.64,1,0.36593629819348805,ml_scalp1,2024-12
1043252,short,2024-12-12 14:49:00,2024-12-12 14:50:00,2024-12-12 14:51:00,2687.52,2688.0,SL,-0.64,1,0.3662379099859736,ml_scalp1,2024-12
1043264,short,2024-12-12 15:01:00,2024-12-12 15:02:00,2024-12-12 15:03:00,2686.617,2685.617,TP,0.84,1,0.36589008519275484,ml_scalp1,2024-12
1043285,short,2024-12-12 15:22:00,2024-12-12 15:23:00,2024-12-12 15:24:00,2685.266,2685.746,SL,-0.64,1,0.36593629819348805,ml_scalp1,2024-12
1043305,long,2024-12-12 15:42:00,2024-12-12 15:43:00,2024-12-12 15:44:00,2677.243,2676.766,SL,-0.636,1,0.3916293614756892,ml_scalp1,2024-12
1043317,short,2024-12-12 15:54:00,2024-12-12 15:55:00,2024-12-12 15:56:00,2679.21,2679.69,SL,-0.64,1,0.36605891881174796,ml_scalp1,2024-12
1043329,short,2024-12-12 16:06:00,2024-12-12 16:07:00,2024-12-12 16:08:00,2682.759,2683.239,SL,-0.64,1,0.3663281136423041,ml_scalp1,2024-12
1043341,short,2024-12-12 16:18:00,2024-12-12 16:19:00,2024-12-12 16:20:00,2681.654,2680.654,TP,0.84,1,0.36609335480858984,ml_scalp1,2024-12
1043353,short,2024-12-12 16:30:00,2024-12-12 16:31:00,2024-12-12 16:32:00,2679.896,2680.376,SL,-0.64,1,0.3659509310484832,ml_scalp1,2024-12
1044282,short,2024-12-13 09:02:00,2024-12-13 09:03:00,2024-12-13 09:04:00,2674.152,2673.152,TP,0.84,1,0.36584333129031765,ml_scalp1,2024-12
1044294,short,2024-12-13 09:14:00,2024-12-13 09:15:00,2024-12-13 09:16:00,2673.212,2672.212,TP,0.84,1,0.36592769941306136,ml_scalp1,2024-12
1044307,short,2024-12-13 09:27:00,2024-12-13 09:28:00,2024-12-13 09:29:00,2673.613,2674.093,SL,-0.64,1,0.36601634172379516,ml_scalp1,2024-12
1044319,short,2024-12-13 09:39:00,2024-12-13 09:40:00,2024-12-13 09:42:00,2672.622,2671.622,TP,0.84,2,0.3664836976984557,ml_scalp1,2024-12
1044535,short,2024-12-13 13:15:00,2024-12-13 13:16:00,2024-12-13 13:17:00,2666.541,2667.021,SL,-0.64,1,0.3662850464747493,ml_scalp1,2024-12
1044547,short,2024-12-13 13:27:00,2024-12-13 13:28:00,2024-12-13 13:29:00,2666.427,2665.427,TP,0.84,1,0.36651419821622216,ml_scalp1,2024-12
1044559,short,2024-12-13 13:39:00,2024-12-13 13:40:00,2024-12-13 13:41:00,2664.087,2664.567,SL,-0.64,1,0.3664291715679099,ml_scalp1,2024-12
1044571,short,2024-12-13 13:51:00,2024-12-13 13:52:00,2024-12-13 13:53:00,2660.004,2660.4809999999998,SL,-0.636,1,0.3664291715679099,ml_scalp1,2024-12
1044583,short,2024-12-13 14:03:00,2024-12-13 14:04:00,2024-12-13 14:05:00,2661.777,2660.777,TP,0.84,1,0.36656831413244906,ml_scalp1,2024-12
1044595,short,2024-12-13 14:15:00,2024-12-13 14:16:00,2024-12-13 14:17:00,2662.044,2661.044,TP,0.84,1,0.36615422411971543,ml_scalp1,2024-12
1044607,short,2024-12-13 14:27:00,2024-12-13 14:28:00,2024-12-13 14:30:00,2662.209,2661.209,TP,0.84,2,0.3663511140009664,ml_scalp1,2024-12
1044620,short,2024-12-13 14:40:00,2024-12-13 14:41:00,2024-12-13 14:43:00,2658.664,2657.664,TP,0.84,2,0.36651572342238453,ml_scalp1,2024-12
1044633,short,2024-12-13 14:53:00,2024-12-13 14:54:00,2024-12-13 14:55:00,2659.257,2659.737,SL,-0.64,1,0.3664193679904073,ml_scalp1,2024-12
1044645,short,2024-12-13 15:05:00,2024-12-13 15:06:00,2024-12-13 15:07:00,2658.701,2659.181,SL,-0.64,1,0.3661967542468837,ml_scalp1,2024-12
1045094,short,2024-12-15 23:41:00,2024-12-15 23:42:00,2024-12-15 23:43:00,2651.975,2650.975,TP,0.84,1,0.36633815146525106,ml_scalp1,2024-12
1045152,short,2024-12-16 00:39:00,2024-12-16 00:40:00,2024-12-16 00:41:00,2648.611,2649.091,SL,-0.64,1,0.365973169958621,ml_scalp1,2024-12
1047027,long,2024-12-17 08:57:00,2024-12-17 08:58:00,2024-12-17 08:59:00,2642.598,2643.598,TP,0.841,1,0.3943845421872795,ml_scalp1,2024-12
1047052,long,2024-12-17 09:22:00,2024-12-17 09:23:00,2024-12-17 09:25:00,2641.108,2642.108,TP,0.84,2,0.3918451162057866,ml_scalp1,2024-12
1047322,long,2024-12-17 13:52:00,2024-12-17 13:53:00,2024-12-17 13:54:00,2635.403,2634.926,SL,-0.636,1,0.3953655952704426,ml_scalp1,2024-12
1047339,short,2024-12-17 14:09:00,2024-12-17 14:10:00,2024-12-17 14:11:00,2637.476,2636.476,TP,0.84,1,0.3659955533122419,ml_scalp1,2024-12
1047386,short,2024-12-17 14:56:00,2024-12-17 14:57:00,2024-12-17 14:58:00,2635.726,2636.206,SL,-0.64,1,0.36603798956736444,ml_scalp1,2024-12
1048728,long,2024-12-18 14:21:00,2024-12-18 14:22:00,2024-12-18 14:24:00,2639.312,2638.832,SL,-0.64,2,0.3904807065014207,ml_scalp1,2024-12
1049010,long,2024-12-18 19:03:00,2024-12-18 19:04:00,2024-12-18 19:05:00,2626.453,2625.973,SL,-0.64,1,0.39030815923136664,ml_scalp1,2024-12
1049022,long,2024-12-18 19:15:00,2024-12-18 19:16:00,2024-12-18 19:17:00,2616.797,2616.317,SL,-0.64,1,0.3903876379693607,ml_scalp1,2024-12
1049034,short,2024-12-18 19:27:00,2024-12-18 19:28:00,2024-12-18 19:29:00,2622.715,2621.715,TP,0.841,1,0.36586903677146637,ml_scalp1,2024-12
1049046,long,2024-12-18 19:39:00,2024-12-18 19:40:00,2024-12-18 19:41:00,2616.676,2617.676,TP,0.84,1,0.39185218531314925,ml_scalp1,2024-12
1049058,long,2024-12-18 19:51:00,2024-12-18 19:52:00,2024-12-18 19:53:00,2608.72,2609.72,TP,0.84,1,0.3966655685072166,ml_scalp1,2024-12
1049071,long,2024-12-18 20:04:00,2024-12-18 20:05:00,2024-12-18 20:06:00,2605.234,2604.754,SL,-0.64,1,0.393392844393523,ml_scalp1,2024-12
1049084,long,2024-12-18 20:17:00,2024-12-18 20:18:00,2024-12-18 20:19:00,2604.256,2603.779,SL,-0.636,1,0.39052715725878595,ml_scalp1,2024-12
1049096,long,2024-12-18 20:29:00,2024-12-18 20:30:00,2024-12-18 20:31:00,2595.989,2595.509,SL,-0.64,1,0.4008925768255473,ml_scalp1,2024-12
1049108,long,2024-12-18 20:41:00,2024-12-18 20:42:00,2024-12-18 20:43:00,2589.853,2590.853,TP,0.84,1,0.3934239505738082,ml_scalp1,2024-12
1049157,long,2024-12-18 21:30:00,2024-12-18 21:31:00,2024-12-18 21:32:00,2588.813,2588.333,SL,-0.64,1,0.3928393689668958,ml_scalp1,2024-12
1049169,long,2024-12-18 21:42:00,2024-12-18 21:43:00,2024-12-18 21:44:00,2588.166,2587.686,SL,-0.64,1,0.3923869958621582,ml_scalp1,2024-12
1049181,long,2024-12-18 21:54:00,2024-12-18 21:55:00,2024-12-18 21:56:00,2584.608,2585.608,TP,0.841,1,0.39253761630661893,ml_scalp1,2024-12
1049308,short,2024-12-19 01:04:00,2024-12-19 01:05:00,2024-12-19 01:06:00,2597.208,2597.688,SL,-0.64,1,0.36684661438815197,ml_scalp1,2024-12
1049338,short,2024-12-19 01:34:00,2024-12-19 01:35:00,2024-12-19 01:36:00,2607.321,2607.801,SL,-0.64,1,0.36654740722184886,ml_scalp1,2024-12
1049350,short,2024-12-19 01:46:00,2024-12-19 01:47:00,2024-12-19 01:48:00,2617.877,2616.877,TP,0.84,1,0.3662484665587884,ml_scalp1,2024-12
1049362,short,2024-12-19 01:58:00,2024-12-19 01:59:00,2024-12-19 02:00:00,2611.522,2612.002,SL,-0.64,1,0.36609756084218964,ml_scalp1,2024-12
1049374,short,2024-12-19 02:10:00,2024-12-19 02:11:00,2024-12-19 02:12:00,2611.024,2611.504,SL,-0.64,1,0.3662450602612418,ml_scalp1,2024-12
1049390,short,2024-12-19 02:26:00,2024-12-19 02:27:00,2024-12-19 02:28:00,2610.595,2609.595,TP,0.84,1,0.3659837011874324,ml_scalp1,2024-12
1049405,short,2024-12-19 02:41:00,2024-12-19 02:42:00,2024-12-19 02:43:00,2607.282,2607.762,SL,-0.64,1,0.36586376720164904,ml_scalp1,2024-12
1049498,short,2024-12-19 04:14:00,2024-12-19 04:15:00,2024-12-19 04:17:00,2608.205,2608.685,SL,-0.64,2,0.3660539306570121,ml_scalp1,2024-12
1049511,short,2024-12-19 04:27:00,2024-12-19 04:28:00,2024-12-19 04:29:00,2610.829,2609.829,TP,0.84,1,0.36593394783244004,ml_scalp1,2024-12
1049523,short,2024-12-19 04:39:00,2024-12-19 04:40:00,2024-12-19 04:43:00,2607.931,2608.411,SL,-0.64,3,0.36628646299435347,ml_scalp1,2024-12
1049554,long,2024-12-19 05:10:00,2024-12-19 05:11:00,2024-12-19 05:15:00,2608.468,2609.468,TP,0.84,4,0.3904164718343929,ml_scalp1,2024-12
1049569,long,2024-12-19 05:25:00,2024-12-19 05:26:00,2024-12-19 05:37:00,2609.313,2608.833,SL,-0.64,11,0.39620559903477315,ml_scalp1,2024-12
1049593,long,2024-12-19 05:49:00,2024-12-19 05:50:00,2024-12-19 05:58:00,2608.692,2608.212,SL,-0.64,8,0.3926615666016519,ml_scalp1,2024-12
1050042,short,2024-12-19 13:18:00,2024-12-19 13:19:00,2024-12-19 13:20:00,2601.479,2601.959,SL,-0.64,1,0.36629025193328835,ml_scalp1,2024-12
1050054,short,2024-12-19 13:30:00,2024-12-19 13:31:00,2024-12-19 13:32:00,2599.985,2600.465,SL,-0.64,1,0.366654011269433,ml_scalp1,2024-12
1050069,short,2024-12-19 13:45:00,2024-12-19 13:46:00,2024-12-19 13:47:00,2602.248,2602.728,SL,-0.64,1,0.36597399666296193,ml_scalp1,2024-12
1050081,short,2024-12-19 13:57:00,2024-12-19 13:58:00,2024-12-19 13:59:00,2595.744,2596.221,SL,-0.636,1,0.3667194908720294,ml_scalp1,2024-12
1050093,short,2024-12-19 14:09:00,2024-12-19 14:10:00,2024-12-19 14:11:00,2598.477,2597.477,TP,0.84,1,0.36692240194859344,ml_scalp1,2024-12
1050105,short,2024-12-19 14:21:00,2024-12-19 14:22:00,2024-12-19 14:23:00,2596.992,2595.992,TP,0.84,1,0.36670046565444525,ml_scalp1,2024-12
1050117,short,2024-12-19 14:33:00,2024-12-19 14:34:00,2024-12-19 14:35:00,2597.933,2598.41,SL,-0.636,1,0.36635093811690506,ml_scalp1,2024-12
1050129,short,2024-12-19 14:45:00,2024-12-19 14:46:00,2024-12-19 14:48:00,2594.01,2594.4900000000002,SL,-0.64,2,0.36670562016247027,ml_scalp1,2024-12
1050142,short,2024-12-19 14:58:00,2024-12-19 14:59:00,2024-12-19 15:00:00,2592.731,2591.731,TP,0.84,1,0.3666697040647428,ml_scalp1,2024-12
1050154,short,2024-12-19 15:10:00,2024-12-19 15:11:00,2024-12-19 15:12:00,2594.774,2593.774,TP,0.84,1,0.36647118947472485,ml_scalp1,2024-12
1051476,long,2024-12-20 14:15:00,2024-12-20 14:16:00,2024-12-20 14:17:00,2613.704,2614.704,TP,0.84,1,0.3915389495539813,ml_scalp1,2024-12
1051488,long,2024-12-20 14:27:00,2024-12-20 14:28:00,2024-12-20 14:29:00,2615.954,2615.474,SL,-0.64,1,0.3915940426990883,ml_scalp1,2024-12
1051500,long,2024-12-20 14:39:00,2024-12-20 14:40:00,2024-12-20 14:41:00,2616.522,2616.042,SL,-0.64,1,0.39133387405996223,ml_scalp1,2024-12
1051512,long,2024-12-20 14:51:00,2024-12-20 14:52:00,2024-12-20 14:53:00,2616.382,2615.902,SL,-0.64,1,0.39198947724016653,ml_scalp1,2024-12
1051524,long,2024-12-20 15:03:00,2024-12-20 15:04:00,2024-12-20 15:05:00,2617.146,2618.146,TP,0.84,1,0.3912088536692377,ml_scalp1,2024-12
1051538,long,2024-12-20 15:17:00,2024-12-20 15:18:00,2024-12-20 15:19:00,2621.76,2622.76,TP,0.84,1,0.39040688236842974,ml_scalp1,2024-12
1051550,long,2024-12-20 15:29:00,2024-12-20 15:30:00,2024-12-20 15:31:00,2624.354,2625.354,TP,0.84,1,0.39172891488216194,ml_scalp1,2024-12
1051563,long,2024-12-20 15:42:00,2024-12-20 15:43:00,2024-12-20 15:47:00,2627.375,2626.895,SL,-0.64,4,0.393466158965568,ml_scalp1,2024-12
1051579,long,2024-12-20 15:58:00,2024-12-20 15:59:00,2024-12-20 16:00:00,2630.92,2630.44,SL,-0.64,1,0.39016519581178977,ml_scalp1,2024-12
1051592,long,2024-12-20 16:11:00,2024-12-20 16:12:00,2024-12-20 16:14:00,2627.906,2627.426,SL,-0.64,2,0.3921463032182128,ml_scalp1,2024-12
1051606,long,2024-12-20 16:25:00,2024-12-20 16:26:00,2024-12-20 16:28:00,2624.562,2624.082,SL,-0.64,2,0.39156551620456637,ml_scalp1,2024-12
1053689,long,2024-12-24 05:18:00,2024-12-24 05:19:00,2024-12-24 05:24:00,2620.433,2619.953,SL,-0.64,5,0.3914388039041203,ml_scalp1,2024-12
1054484,long,2024-12-25 23:08:00,2024-12-25 23:09:00,2024-12-25 23:11:00,2616.961,2617.961,TP,0.84,2,0.3910772589624047,ml_scalp1,2024-12
1054501,long,2024-12-25 23:25:00,2024-12-25 23:26:00,2024-12-25 23:34:00,2619.574,2619.094,SL,-0.64,8,0.3908610915906812,ml_scalp1,2024-12
1054622,long,2024-12-26 01:26:00,2024-12-26 01:27:00,2024-12-26 01:33:00,2625.802,2626.802,TP,0.84,6,0.3904085648454028,ml_scalp1,2024-12
1054658,long,2024-12-26 02:02:00,2024-12-26 02:03:00,2024-12-26 02:04:00,2626.856,2626.376,SL,-0.64,1,0.3903655432266499,ml_scalp1,2024-12
1054674,long,2024-12-26 02:18:00,2024-12-26 02:19:00,2024-12-26 02:37:00,2626.221,2627.221,TP,0.84,18,0.39194211587931205,ml_scalp1,2024-12
1055444,long,2024-12-26 15:08:00,2024-12-26 15:09:00,2024-12-26 15:10:00,2632.8,2633.8,TP,0.84,1,0.3907569890479311,ml_scalp1,2024-12
1055456,long,2024-12-26 15:20:00,2024-12-26 15:21:00,2024-12-26 15:22:00,2634.895,2635.895,TP,0.84,1,0.39276194418298627,ml_scalp1,2024-12
1055468,long,2024-12-26 15:32:00,2024-12-26 15:33:00,2024-12-26 15:34:00,2636.25,2635.77,SL,-0.64,1,0.39074160125219964,ml_scalp1,2024-12
1055515,long,2024-12-26 16:19:00,2024-12-26 16:20:00,2024-12-26 16:21:00,2634.199,2633.719,SL,-0.64,1,0.39055510977379343,ml_scalp1,2024-12
1056717,long,2024-12-27 13:24:00,2024-12-27 13:25:00,2024-12-27 13:26:00,2620.937,2620.457,SL,-0.64,1,0.39309416002883274,ml_scalp1,2024-12
1056753,long,2024-12-27 14:00:00,2024-12-27 14:01:00,2024-12-27 14:02:00,2618.248,2619.248,TP,0.841,1,0.3915745866882593,ml_scalp1,2024-12
1056783,long,2024-12-27 14:30:00,2024-12-27 14:31:00,2024-12-27 14:32:00,2612.667,2612.187,SL,-0.64,1,0.39541733330929185,ml_scalp1,2024-12
1057316,short,2024-12-30 00:30:00,2024-12-30 00:31:00,2024-12-30 00:35:00,2624.215,2623.215,TP,0.84,4,0.36694816019838433,ml_scalp1,2024-12
1057342,short,2024-12-30 00:56:00,2024-12-30 00:57:00,2024-12-30 00:58:00,2621.667,2622.147,SL,-0.64,1,0.3666657201405754,ml_scalp1,2024-12
1058100,long,2024-12-30 13:34:00,2024-12-30 13:35:00,2024-12-30 13:36:00,2616.948,2616.468,SL,-0.64,1,0.39228778665822056,ml_scalp1,2024-12
1058112,long,2024-12-30 13:46:00,2024-12-30 13:47:00,2024-12-30 13:48:00,2613.43,2612.95,SL,-0.64,1,0.3925633882651928,ml_scalp1,2024-12
1058124,long,2024-12-30 13:58:00,2024-12-30 13:59:00,2024-12-30 14:00:00,2607.505,2607.025,SL,-0.64,1,0.39673813049919593,ml_scalp1,2024-12
1058169,long,2024-12-30 14:43:00,2024-12-30 14:44:00,2024-12-30 14:45:00,2605.671,2606.671,TP,0.84,1,0.39389135248682383,ml_scalp1,2024-12
1058192,long,2024-12-30 15:06:00,2024-12-30 15:07:00,2024-12-30 15:08:00,2605.236,2604.756,SL,-0.64,1,0.3908316571249022,ml_scalp1,2024-12
1058219,long,2024-12-30 15:33:00,2024-12-30 15:34:00,2024-12-30 15:35:00,2600.279,2601.279,TP,0.84,1,0.3923821680305994,ml_scalp1,2024-12
1058268,long,2024-12-30 16:22:00,2024-12-30 16:23:00,2024-12-30 16:24:00,2596.161,2597.161,TP,0.84,1,0.3904516376273551,ml_scalp1,2024-12
1058706,long,2024-12-31 00:43:00,2024-12-31 00:44:00,2024-12-31 00:49:00,2606.828,2607.828,TP,0.84,5,0.39077906302736215,ml_scalp1,2024-12
1058722,long,2024-12-31 00:59:00,2024-12-31 01:00:00,2024-12-31 01:01:00,2607.693,2607.213,SL,-0.64,1,0.39337094429061925,ml_scalp1,2024-12
1058973,long,2024-12-31 05:10:00,2024-12-31 05:11:00,2024-12-31 05:30:00,2607.159,2606.679,SL,-0.64,19,0.3979707321077788,ml_scalp1,2024-12
1059004,long,2024-12-31 05:41:00,2024-12-31 05:42:00,2024-12-31 05:47:00,2605.664,2606.664,TP,0.84,5,0.3908985341447525,ml_scalp1,2024-12
1059555,long,2024-12-31 14:52:00,2024-12-31 14:53:00,2024-12-31 14:55:00,2613.037,2614.037,TP,0.84,2,0.3903719054155188,ml_scalp1,2024-12
1059583,long,2024-12-31 15:20:00,2024-12-31 15:21:00,2024-12-31 15:22:00,2618.701,2618.221,SL,-0.64,1,0.3905724573669795,ml_scalp1,2024-12
1059595,long,2024-12-31 15:32:00,2024-12-31 15:33:00,2024-12-31 15:34:00,2620.47,2621.47,TP,0.84,1,0.3917664209955359,ml_scalp1,2024-12
1059607,long,2024-12-31 15:44:00,2024-12-31 15:45:00,2024-12-31 15:46:00,2623.681,2623.201,SL,-0.64,1,0.3921503205282688,ml_scalp1,2024-12
1059619,long,2024-12-31 15:56:00,2024-12-31 15:57:00,2024-12-31 15:58:00,2625.896,2625.416,SL,-0.64,1,0.39051569964896937,ml_scalp1,2024-12
1059631,long,2024-12-31 16:08:00,2024-12-31 16:09:00,2024-12-31 16:10:00,2623.767,2623.287,SL,-0.64,1,0.3928121564947151,ml_scalp1,2024-12
1059643,long,2024-12-31 16:20:00,2024-12-31 16:21:00,2024-12-31 16:22:00,2623.477,2622.997,SL,-0.64,1,0.39059680722524365,ml_scalp1,2024-12
1060749,long,2025-01-02 11:53:00,2025-01-02 11:54:00,2025-01-02 12:00:00,2641.454,2642.454,TP,0.84,6,0.4207375385428064,ml_scalp1,2025-01
1060946,long,2025-01-02 15:10:00,2025-01-02 15:11:00,2025-01-02 15:13:00,2646.804,2647.804,TP,0.84,2,0.4100160277936624,ml_scalp1,2025-01
1061086,long,2025-01-02 17:30:00,2025-01-02 17:31:00,2025-01-02 17:32:00,2655.025,2654.545,SL,-0.64,1,0.41175070964360605,ml_scalp1,2025-01
1061146,long,2025-01-02 18:30:00,2025-01-02 18:31:00,2025-01-02 18:36:00,2654.292,2655.292,TP,0.84,5,0.4112890964690283,ml_scalp1,2025-01
1061458,long,2025-01-03 00:45:00,2025-01-03 00:46:00,2025-01-03 00:49:00,2659.142,2660.142,TP,0.84,3,0.4133957794779049,ml_scalp1,2025-01
1061627,long,2025-01-03 03:34:00,2025-01-03 03:35:00,2025-01-03 03:38:00,2663.391,2662.911,SL,-0.64,3,0.41054359016585484,ml_scalp1,2025-01
1061641,long,2025-01-03 03:48:00,2025-01-03 03:49:00,2025-01-03 03:57:00,2662.632,2662.152,SL,-0.64,8,0.4191292355505118,ml_scalp1,2025-01
1061737,long,2025-01-03 05:24:00,2025-01-03 05:25:00,2025-01-03 05:33:00,2660.093,2659.613,SL,-0.64,8,0.4133739205895589,ml_scalp1,2025-01
1062154,long,2025-01-03 13:23:00,2025-01-03 13:24:00,2025-01-03 13:25:00,2648.277,2649.277,TP,0.84,1,0.4145184168020586,ml_scalp1,2025-01
1062169,long,2025-01-03 13:38:00,2025-01-03 13:39:00,2025-01-03 13:40:00,2645.834,2645.354,SL,-0.64,1,0.4245075936852408,ml_scalp1,2025-01
1062254,long,2025-01-03 15:03:00,2025-01-03 15:04:00,2025-01-03 15:05:00,2643.502,2644.502,TP,0.841,1,0.41709014909866704,ml_scalp1,2025-01
1062270,long,2025-01-03 15:19:00,2025-01-03 15:20:00,2025-01-03 15:21:00,2641.76,2641.28,SL,-0.64,1,0.42238849298296943,ml_scalp1,2025-01
1062641,long,2025-01-03 21:30:00,2025-01-03 21:31:00,2025-01-03 21:36:00,2637.234,2636.754,SL,-0.64,5,0.4175534929431188,ml_scalp1,2025-01
1063075,short,2025-01-06 05:51:00,2025-01-06 05:52:00,2025-01-06 05:53:00,2632.559,2633.039,SL,-0.64,1,0.36529195779100476,ml_scalp1,2025-01
1063106,long,2025-01-06 06:22:00,2025-01-06 06:23:00,2025-01-06 06:26:00,2631.23,2632.23,TP,0.841,3,0.41368790702722275,ml_scalp1,2025-01
1063181,long,2025-01-06 07:37:00,2025-01-06 07:38:00,2025-01-06 07:39:00,2625.828,2626.828,TP,0.84,1,0.42714149325190404,ml_scalp1,2025-01
1063193,short,2025-01-06 07:49:00,2025-01-06 07:50:00,2025-01-06 07:52:00,2626.968,2627.448,SL,-0.64,2,0.36464828844616104,ml_scalp1,2025-01
1063207,short,2025-01-06 08:03:00,2025-01-06 08:04:00,2025-01-06 08:07:00,2627.463,2627.943,SL,-0.64,3,0.36453380664776563,ml_scalp1,2025-01
1063537,long,2025-01-06 13:33:00,2025-01-06 13:34:00,2025-01-06 13:35:00,2639.202,2638.722,SL,-0.64,1,0.4161074849127444,ml_scalp1,2025-01
1063549,long,2025-01-06 13:45:00,2025-01-06 13:46:00,2025-01-06 13:47:00,2623.043,2622.5660000000003,SL,-0.636,1,0.4107324629298684,ml_scalp1,2025-01
1063561,short,2025-01-06 13:57:00,2025-01-06 13:58:00,2025-01-06 13:59:00,2623.635,2624.112,SL,-0.636,1,0.3649902026664673,ml_scalp1,2025-01
1063577,short,2025-01-06 14:13:00,2025-01-06 14:14:00,2025-01-06 14:15:00,2626.952,2627.429,SL,-0.636,1,0.36453716657721924,ml_scalp1,2025-01
1063589,short,2025-01-06 14:25:00,2025-01-06 14:26:00,2025-01-06 14:27:00,2622.974,2623.454,SL,-0.64,1,0.36453716657721924,ml_scalp1,2025-01
1063603,short,2025-01-06 14:39:00,2025-01-06 14:40:00,2025-01-06 14:41:00,2624.983,2625.46,SL,-0.636,1,0.36453716657721924,ml_scalp1,2025-01
1064120,long,2025-01-07 00:23:00,2025-01-07 00:24:00,2025-01-07 00:29:00,2633.467,2632.987,SL,-0.64,5,0.413611307337441,ml_scalp1,2025-01
1064136,long,2025-01-07 00:39:00,2025-01-07 00:40:00,2025-01-07 00:47:00,2633.237,2634.237,TP,0.84,7,0.4232637055405744,ml_scalp1,2025-01
1064154,long,2025-01-07 00:57:00,2025-01-07 00:58:00,2025-01-07 01:00:00,2634.341,2635.341,TP,0.84,2,0.42673234491323475,ml_scalp1,2025-01
1064167,long,2025-01-07 01:10:00,2025-01-07 01:11:00,2025-01-07 01:13:00,2636.199,2637.199,TP,0.84,2,0.41511083425461154,ml_scalp1,2025-01
1064997,long,2025-01-07 15:00:00,2025-01-07 15:01:00,2025-01-07 15:02:00,2652.289,2651.8120000000004,SL,-0.636,1,0.4139015011307277,ml_scalp1,2025-01
1065033,long,2025-01-07 15:36:00,2025-01-07 15:37:00,2025-01-07 15:38:00,2648.244,2647.764,SL,-0.64,1,0.41092614714545667,ml_scalp1,2025-01
1065453,long,2025-01-07 23:40:00,2025-01-07 23:41:00,2025-01-07 23:46:00,2649.409,2648.929,SL,-0.64,5,0.4183818564907787,ml_scalp1,2025-01
1065469,long,2025-01-07 23:56:00,2025-01-07 23:57:00,2025-01-08 00:00:00,2649.936,2649.456,SL,-0.64,3,0.41885350647287933,ml_scalp1,2025-01
1065483,long,2025-01-08 00:10:00,2025-01-08 00:11:00,2025-01-08 00:22:00,2649.628,2650.628,TP,0.84,11,0.42707027200128067,ml_scalp1,2025-01
1065519,long,2025-01-08 00:46:00,2025-01-08 00:47:00,2025-01-08 00:58:00,2650.744,2650.264,SL,-0.64,11,0.41164222707691517,ml_scalp1,2025-01
1065613,long,2025-01-08 02:20:00,2025-01-08 02:21:00,2025-01-08 02:27:00,2647.752,2647.272,SL,-0.64,6,0.4112456511520428,ml_scalp1,2025-01
1066199,long,2025-01-08 12:06:00,2025-01-08 12:07:00,2025-01-08 12:09:00,2649.939,2650.939,TP,0.84,2,0.41004151846646303,ml_scalp1,2025-01
1066391,long,2025-01-08 15:18:00,2025-01-08 15:19:00,2025-01-08 15:20:00,2664.679,2664.199,SL,-0.64,1,0.4102711803959704,ml_scalp1,2025-01
1066521,long,2025-01-08 17:28:00,2025-01-08 17:29:00,2025-01-08 17:30:00,2664.811,2664.331,SL,-0.64,1,0.4100122429719529,ml_scalp1,2025-01
1066533,long,2025-01-08 17:40:00,2025-01-08 17:41:00,2025-01-08 17:42:00,2652.501,2653.501,TP,0.84,1,0.4100200713226633,ml_scalp1,2025-01
1066761,long,2025-01-08 21:37:00,2025-01-08 21:38:00,2025-01-08 21:42:00,2661.779,2662.779,TP,0.84,4,0.41930169555333546,ml_scalp1,2025-01
1066784,long,2025-01-08 23:05:00,2025-01-08 23:06:00,2025-01-08 23:12:00,2662.631,2662.151,SL,-0.64,6,0.41237196666751774,ml_scalp1,2025-01
1066803,long,2025-01-08 23:24:00,2025-01-08 23:25:00,2025-01-08 23:55:00,2662.254,2662.755,TIMEOUT,0.3410000000002037,30,0.41165181283959884,ml_scalp1,2025-01
1066852,long,2025-01-09 00:13:00,2025-01-09 00:14:00,2025-01-09 00:22:00,2660.602,2660.122,SL,-0.64,8,0.4165383291467827,ml_scalp1,2025-01
1066909,long,2025-01-09 01:10:00,2025-01-09 01:11:00,2025-01-09 01:13:00,2658.185,2657.705,SL,-0.64,2,0.4128100679464807,ml_scalp1,2025-01
1067518,long,2025-01-09 11:19:00,2025-01-09 11:20:00,2025-01-09 11:27:00,2667.349,2668.349,TP,0.84,7,0.4099862627546212,ml_scalp1,2025-01
1067683,long,2025-01-09 14:04:00,2025-01-09 14:05:00,2025-01-09 14:06:00,2670.644,2671.644,TP,0.84,1,0.41387363758263657,ml_scalp1,2025-01
1067903,long,2025-01-09 17:44:00,2025-01-09 17:45:00,2025-01-09 17:46:00,2662.679,2663.679,TP,0.84,1,0.4127591193789454,ml_scalp1,2025-01
1068129,long,2025-01-09 21:30:00,2025-01-09 21:31:00,2025-01-09 21:43:00,2669.535,2669.055,SL,-0.64,12,0.4156872758651963,ml_scalp1,2025-01
1068230,long,2025-01-10 00:14:00,2025-01-10 00:15:00,2025-01-10 00:25:00,2669.45,2668.97,SL,-0.64,10,0.413920977348048,ml_scalp1,2025-01
1068276,long,2025-01-10 01:00:00,2025-01-10 01:01:00,2025-01-10 01:02:00,2669.793,2670.793,TP,0.84,1,0.4150924787052156,ml_scalp1,2025-01
1068288,long,2025-01-10 01:12:00,2025-01-10 01:13:00,2025-01-10 01:14:00,2670.9,2670.42,SL,-0.64,1,0.415580660885254,ml_scalp1,2025-01
1068300,long,2025-01-10 01:24:00,2025-01-10 01:25:00,2025-01-10 01:27:00,2670.706,2671.706,TP,0.84,2,0.4106135601542588,ml_scalp1,2025-01
1068315,long,2025-01-10 01:39:00,2025-01-10 01:40:00,2025-01-10 01:41:00,2670.461,2669.9809999999998,SL,-0.64,1,0.4189946959194986,ml_scalp1,2025-01
1068332,long,2025-01-10 01:56:00,2025-01-10 01:57:00,2025-01-10 02:03:00,2671.026,2672.026,TP,0.84,6,0.4170030531142127,ml_scalp1,2025-01
1069021,long,2025-01-10 13:25:00,2025-01-10 13:26:00,2025-01-10 13:27:00,2677.794,2677.314,SL,-0.64,1,0.41036564744619314,ml_scalp1,2025-01
1069285,long,2025-01-10 17:49:00,2025-01-10 17:50:00,2025-01-10 17:51:00,2696.811,2696.331,SL,-0.64,1,0.41248817854026065,ml_scalp1,2025-01
1069312,long,2025-01-10 18:16:00,2025-01-10 18:17:00,2025-01-10 18:18:00,2691.69,2691.21,SL,-0.64,1,0.4184998522781605,ml_scalp1,2025-01
1069324,long,2025-01-10 18:28:00,2025-01-10 18:29:00,2025-01-10 18:30:00,2687.54,2687.06,SL,-0.64,1,0.41059747415094033,ml_scalp1,2025-01
1069510,long,2025-01-10 21:34:00,2025-01-10 21:35:00,2025-01-10 21:36:00,2689.97,2689.49,SL,-0.64,1,0.41511427851185156,ml_scalp1,2025-01
1069663,long,2025-01-13 01:14:00,2025-01-13 01:15:00,2025-01-13 01:16:00,2681.552,2682.552,TP,0.84,1,0.41671480589577636,ml_scalp1,2025-01
1069734,long,2025-01-13 02:25:00,2025-01-13 02:26:00,2025-01-13 02:30:00,2688.581,2689.581,TP,0.84,4,0.4102238779107108,ml_scalp1,2025-01
1070193,long,2025-01-13 10:04:00,2025-01-13 10:05:00,2025-01-13 10:06:00,2679.479,2680.479,TP,0.84,1,0.4136886957245816,ml_scalp1,2025-01
1070309,long,2025-01-13 12:00:00,2025-01-13 12:01:00,2025-01-13 12:02:00,2673.056,2672.579,SL,-0.636,1,0.41830782001478417,ml_scalp1,2025-01
1070340,long,2025-01-13 12:31:00,2025-01-13 12:32:00,2025-01-13 12:33:00,2666.707,2666.227,SL,-0.64,1,0.411755944175465,ml_scalp1,2025-01
1071365,long,2025-01-14 06:39:00,2025-01-14 06:40:00,2025-01-14 06:41:00,2668.784,2668.304,SL,-0.64,1,0.42123148258347287,ml_scalp1,2025-01
1071383,long,2025-01-14 06:57:00,2025-01-14 06:58:00,2025-01-14 07:00:00,2669.144,2668.6639999999998,SL,-0.64,2,0.41458339687329604,ml_scalp1,2025-01
1071671,long,2025-01-14 11:45:00,2025-01-14 11:46:00,2025-01-14 11:49:00,2666.209,2667.209,TP,0.84,3,0.4169221029094034,ml_scalp1,2025-01
1071784,long,2025-01-14 13:38:00,2025-01-14 13:39:00,2025-01-14 13:40:00,2661.412,2662.412,TP,0.841,1,0.41898753792827564,ml_scalp1,2025-01
1072265,long,2025-01-14 21:39:00,2025-01-14 21:40:00,2025-01-14 21:44:00,2677.269,2676.7889999999998,SL,-0.64,4,0.41081227602599035,ml_scalp1,2025-01
1072293,long,2025-01-14 23:10:00,2025-01-14 23:11:00,2025-01-14 23:13:00,2676.646,2676.166,SL,-0.64,2,0.41014043233068487,ml_scalp1,2025-01
1072314,long,2025-01-14 23:31:00,2025-01-14 23:32:00,2025-01-14 23:43:00,2675.246,2674.766,SL,-0.64,11,0.41156116550027616,ml_scalp1,2025-01
1073217,long,2025-01-15 14:34:00,2025-01-15 14:35:00,2025-01-15 14:36:00,2682.316,2681.836,SL,-0.64,1,0.4203031439260838,ml_scalp1,2025-01
1073417,long,2025-01-15 17:54:00,2025-01-15 17:55:00,2025-01-15 17:57:00,2692.752,2692.272,SL,-0.64,2,0.4102676073701552,ml_scalp1,2025-01
1073498,long,2025-01-15 19:15:00,2025-01-15 19:16:00,2025-01-15 19:17:00,2694.013,2693.533,SL,-0.64,1,0.4100999468239668,ml_scalp1,2025-01
1073550,long,2025-01-15 20:07:00,2025-01-15 20:08:00,2025-01-15 20:38:00,2694.972,2694.793,TIMEOUT,-0.33900000000008734,30,0.41130387407447,ml_scalp1,2025-01
1073663,long,2025-01-15 23:03:00,2025-01-15 23:04:00,2025-01-15 23:06:00,2696.809,2695.6090000000004,SL,-1.6,2,0.43841996208592976,ml_scalp1,2025-01
1073779,long,2025-01-16 00:59:00,2025-01-16 01:00:00,2025-01-16 01:01:00,2695.382,2696.382,TP,0.84,1,0.4143163543228025,ml_scalp1,2025-01
1074440,long,2025-01-16 12:00:00,2025-01-16 12:01:00,2025-01-16 12:02:00,2705.344,2704.864,SL,-0.64,1,0.4133690710353091,ml_scalp1,2025-01
1074634,long,2025-01-16 15:14:00,2025-01-16 15:15:00,2025-01-16 15:16:00,2713.191,2714.191,TP,0.84,1,0.4146164373183623,ml_scalp1,2025-01
1075157,long,2025-01-17 01:00:00,2025-01-17 01:01:00,2025-01-17 01:02:00,2713.122,2712.642,SL,-0.64,1,0.41060199139161574,ml_scalp1,2025-01
1075169,long,2025-01-17 01:12:00,2025-01-17 01:13:00,2025-01-17 01:14:00,2712.158,2711.678,SL,-0.64,1,0.41141338282487777,ml_scalp1,2025-01
1075250,long,2025-01-17 02:33:00,2025-01-17 02:34:00,2025-01-17 02:40:00,2715.46,2714.98,SL,-0.64,6,0.4115125130330342,ml_scalp1,2025-01
1075662,long,2025-01-17 09:25:00,2025-01-17 09:26:00,2025-01-17 09:27:00,2707.239,2706.759,SL,-0.64,1,0.4108932189758491,ml_scalp1,2025-01
1075679,long,2025-01-17 09:42:00,2025-01-17 09:43:00,2025-01-17 09:45:00,2705.617,2706.617,TP,0.84,2,0.4115099848880903,ml_scalp1,2025-01
1075895,long,2025-01-17 13:18:00,2025-01-17 13:19:00,2025-01-17 13:20:00,2706.21,2707.21,TP,0.84,1,0.4126939718067833,ml_scalp1,2025-01
1075912,long,2025-01-17 13:35:00,2025-01-17 13:36:00,2025-01-17 13:37:00,2706.035,2705.555,SL,-0.64,1,0.4100652551879718,ml_scalp1,2025-01
1076184,long,2025-01-17 18:07:00,2025-01-17 18:08:00,2025-01-17 18:20:00,2711.87,2711.39,SL,-0.64,12,0.41227773909111365,ml_scalp1,2025-01
1076208,long,2025-01-17 18:31:00,2025-01-17 18:32:00,2025-01-17 18:34:00,2708.457,2707.977,SL,-0.64,2,0.4199239608579331,ml_scalp1,2025-01
1076229,long,2025-01-17 18:52:00,2025-01-17 18:53:00,2025-01-17 18:57:00,2706.94,2706.46,SL,-0.64,4,0.4113916403736996,ml_scalp1,2025-01
1076393,long,2025-01-17 21:36:00,2025-01-17 21:37:00,2025-01-17 21:53:00,2701.687,2702.687,TP,0.84,16,0.41580847838686147,ml_scalp1,2025-01
1076433,long,2025-01-19 23:23:00,2025-01-19 23:24:00,2025-01-19 23:25:00,2693.448,2692.968,SL,-0.64,1,0.43408308093145787,ml_scalp1,2025-01
1076453,long,2025-01-19 23:43:00,2025-01-19 23:44:00,2025-01-19 23:45:00,2696.419,2695.939,SL,-0.64,1,0.4121490401750569,ml_scalp1,2025-01
1076469,long,2025-01-19 23:59:00,2025-01-20 00:00:00,2025-01-20 00:01:00,2696.424,2695.944,SL,-0.64,1,0.4215706880876756,ml_scalp1,2025-01
1076521,long,2025-01-20 00:51:00,2025-01-20 00:52:00,2025-01-20 00:59:00,2693.284,2694.284,TP,0.84,7,0.41355728534643593,ml_scalp1,2025-01
1076542,long,2025-01-20 01:12:00,2025-01-20 01:13:00,2025-01-20 01:15:00,2689.645,2690.645,TP,0.84,2,0.4105869909663746,ml_scalp1,2025-01
1077163,long,2025-01-20 11:33:00,2025-01-20 11:34:00,2025-01-20 11:35:00,2705.908,2705.428,SL,-0.64,1,0.4109664956759721,ml_scalp1,2025-01
1077297,long,2025-01-20 13:47:00,2025-01-20 13:48:00,2025-01-20 13:49:00,2707.514,2706.077,SL,-1.9160000000000001,1,0.4123313150245481,ml_scalp1,2025-01
1077309,long,2025-01-20 13:59:00,2025-01-20 14:00:00,2025-01-20 14:01:00,2705.035,2706.035,TP,0.52,1,0.41327814810720914,ml_scalp1,2025-01
1077371,long,2025-01-20 15:01:00,2025-01-20 15:02:00,2025-01-20 15:03:00,2707.659,2706.699,SL,-1.28,1,0.4214967965173076,ml_scalp1,2025-01
1077394,long,2025-01-20 15:24:00,2025-01-20 15:25:00,2025-01-20 15:29:00,2708.171,2707.211,SL,-1.28,4,0.4103437380201464,ml_scalp1,2025-01
1077527,long,2025-01-20 17:37:00,2025-01-20 17:38:00,2025-01-20 17:39:00,2708.039,2709.039,TP,0.84,1,0.41013296787742964,ml_scalp1,2025-01
1077539,long,2025-01-20 17:49:00,2025-01-20 17:50:00,2025-01-20 17:59:00,2707.721,2707.241,SL,-0.64,9,0.4105149685383044,ml_scalp1,2025-01
1077599,long,2025-01-20 18:49:00,2025-01-20 18:50:00,2025-01-20 18:51:00,2709.905,2710.905,TP,0.6799999999999999,1,0.4156037437692933,ml_scalp1,2025-01
1077611,long,2025-01-20 19:01:00,2025-01-20 19:02:00,2025-01-20 19:08:00,2709.903,2708.9429999999998,SL,-1.28,6,0.41149792512749994,ml_scalp1,2025-01
1077628,long,2025-01-20 23:11:00,2025-01-20 23:12:00,2025-01-20 23:18:00,2707.183,2708.183,TP,0.6799999999999999,6,0.4573808555893601,ml_scalp1,2025-01
1077720,long,2025-01-21 00:43:00,2025-01-21 00:44:00,2025-01-21 00:45:00,2709.364,2710.364,TP,0.84,1,0.41874536497092185,ml_scalp1,2025-01
1077732,long,2025-01-21 00:55:00,2025-01-21 00:56:00,2025-01-21 00:57:00,2704.31,2703.83,SL,-0.64,1,0.4205999945279936,ml_scalp1,2025-01
1077800,long,2025-01-21 02:03:00,2025-01-21 02:04:00,2025-01-21 02:05:00,2719.549,2720.549,TP,0.84,1,0.41277276178387906,ml_scalp1,2025-01
1077824,long,2025-01-21 02:27:00,2025-01-21 02:28:00,2025-01-21 02:31:00,2721.315,2722.315,TP,0.84,3,0.41056004836078897,ml_scalp1,2025-01
1077878,long,2025-01-21 03:21:00,2025-01-21 03:22:00,2025-01-21 03:23:00,2724.396,2725.396,TP,0.84,1,0.4103557660569047,ml_scalp1,2025-01
1079197,long,2025-01-22 02:24:00,2025-01-22 02:25:00,2025-01-22 02:30:00,2748.525,2748.045,SL,-0.64,5,0.41462876103779406,ml_scalp1,2025-01
1079252,long,2025-01-22 03:19:00,2025-01-22 03:20:00,2025-01-22 03:25:00,2748.103,2749.103,TP,0.84,5,0.4102767329493429,ml_scalp1,2025-01
1079529,long,2025-01-22 07:56:00,2025-01-22 07:57:00,2025-01-22 07:58:00,2747.642,2748.642,TP,0.84,1,0.41349388078860777,ml_scalp1,2025-01
1079765,long,2025-01-22 11:52:00,2025-01-22 11:53:00,2025-01-22 11:55:00,2757.006,2756.526,SL,-0.64,2,0.4101025809615402,ml_scalp1,2025-01
1079780,long,2025-01-22 12:07:00,2025-01-22 12:08:00,2025-01-22 12:09:00,2755.473,2754.993,SL,-0.64,1,0.41370422031072873,ml_scalp1,2025-01
1080045,long,2025-01-22 16:32:00,2025-01-22 16:33:00,2025-01-22 16:35:00,2757.075,2758.075,TP,0.84,2,0.4112637762668099,ml_scalp1,2025-01
1080171,long,2025-01-22 18:38:00,2025-01-22 18:39:00,2025-01-22 18:52:00,2758.071,2757.591,SL,-0.64,13,0.4109449229517481,ml_scalp1,2025-01
1080989,long,2025-01-23 09:21:00,2025-01-23 09:22:00,2025-01-23 09:23:00,2747.082,2746.602,SL,-0.64,1,0.4143190514849477,ml_scalp1,2025-01
1081002,long,2025-01-23 09:34:00,2025-01-23 09:35:00,2025-01-23 09:36:00,2742.84,2742.3630000000003,SL,-0.636,1,0.41145155216973534,ml_scalp1,2025-01
1081130,long,2025-01-23 11:42:00,2025-01-23 11:43:00,2025-01-23 11:45:00,2752.532,2753.532,TP,0.84,2,0.41226251429549926,ml_scalp1,2025-01
1081147,long,2025-01-23 11:59:00,2025-01-23 12:00:00,2025-01-23 12:01:00,2751.898,2751.418,SL,-0.64,1,0.4138014097225788,ml_scalp1,2025-01
1081160,long,2025-01-23 12:12:00,2025-01-23 12:13:00,2025-01-23 12:14:00,2748.052,2747.572,SL,-0.64,1,0.4321424924016893,ml_scalp1,2025-01
1081172,long,2025-01-23 12:24:00,2025-01-23 12:25:00,2025-01-23 12:27:00,2746.477,2745.997,SL,-0.64,2,0.4101082390105262,ml_scalp1,2025-01
1081186,long,2025-01-23 12:38:00,2025-01-23 12:39:00,2025-01-23 12:40:00,2742.595,2743.595,TP,0.841,1,0.4132508461983703,ml_scalp1,2025-01
1081208,long,2025-01-23 13:00:00,2025-01-23 13:01:00,2025-01-23 13:02:00,2743.312,2744.312,TP,0.84,1,0.4114376995261662,ml_scalp1,2025-01
1081222,long,2025-01-23 13:14:00,2025-01-23 13:15:00,2025-01-23 13:16:00,2740.778,2741.778,TP,0.84,1,0.42847430388829766,ml_scalp1,2025-01
1081234,long,2025-01-23 13:26:00,2025-01-23 13:27:00,2025-01-23 13:28:00,2738.02,2739.02,TP,0.841,1,0.41848303132824216,ml_scalp1,2025-01
1081247,long,2025-01-23 13:39:00,2025-01-23 13:40:00,2025-01-23 13:41:00,2736.441,2735.961,SL,-0.64,1,0.42248235623393815,ml_scalp1,2025-01
1082387,long,2025-01-24 09:42:00,2025-01-24 09:43:00,2025-01-24 09:44:00,2772.705,2772.225,SL,-0.64,1,0.4122865154714604,ml_scalp1,2025-01
1082512,long,2025-01-24 11:47:00,2025-01-24 11:48:00,2025-01-24 11:49:00,2776.783,2777.783,TP,0.84,1,0.4123656396500146,ml_scalp1,2025-01
1082564,long,2025-01-24 12:39:00,2025-01-24 12:40:00,2025-01-24 12:41:00,2777.489,2778.489,TP,0.84,1,0.4119826758887838,ml_scalp1,2025-01
1083103,long,2025-01-24 21:38:00,2025-01-24 21:39:00,2025-01-26 23:05:00,2771.266,2770.786,SL,-0.64,19,0.4105463521289924,ml_scalp1,2025-01
1083311,long,2025-01-27 02:13:00,2025-01-27 02:14:00,2025-01-27 02:17:00,2758.845,2758.365,SL,-0.64,3,0.41345600767193286,ml_scalp1,2025-01
1083626,long,2025-01-27 07:28:00,2025-01-27 07:29:00,2025-01-27 07:30:00,2748.384,2747.904,SL,-0.64,1,0.4255663831892916,ml_scalp1,2025-01
1083905,long,2025-01-27 12:07:00,2025-01-27 12:08:00,2025-01-27 12:09:00,2768.325,2767.845,SL,-0.64,1,0.4098828990958797,ml_scalp1,2025-01
1083917,long,2025-01-27 12:19:00,2025-01-27 12:20:00,2025-01-27 12:22:00,2763.262,2762.782,SL,-0.64,2,0.410969447803455,ml_scalp1,2025-01
1083994,long,2025-01-27 13:36:00,2025-01-27 13:37:00,2025-01-27 13:38:00,2756.461,2755.9809999999998,SL,-0.64,1,0.41425205562450484,ml_scalp1,2025-01
1084022,short,2025-01-27 14:04:00,2025-01-27 14:05:00,2025-01-27 14:06:00,2753.522,2754.002,SL,-0.64,1,0.36453716657721924,ml_scalp1,2025-01
1084041,short,2025-01-27 14:23:00,2025-01-27 14:24:00,2025-01-27 14:25:00,2751.582,2750.582,TP,0.84,1,0.36460821649562586,ml_scalp1,2025-01
1084053,short,2025-01-27 14:35:00,2025-01-27 14:36:00,2025-01-27 14:37:00,2751.276,2750.276,TP,0.84,1,0.364742514304867,ml_scalp1,2025-01
1084066,short,2025-01-27 14:48:00,2025-01-27 14:49:00,2025-01-27 14:50:00,2751.033,2750.033,TP,0.841,1,0.3649902026664673,ml_scalp1,2025-01
1084078,short,2025-01-27 15:00:00,2025-01-27 15:01:00,2025-01-27 15:02:00,2748.452,2747.452,TP,0.84,1,0.3649902026664673,ml_scalp1,2025-01
1084090,short,2025-01-27 15:12:00,2025-01-27 15:13:00,2025-01-27 15:14:00,2742.716,2741.716,TP,0.84,1,0.3654536080426171,ml_scalp1,2025-01
1084102,short,2025-01-27 15:24:00,2025-01-27 15:25:00,2025-01-27 15:26:00,2743.97,2744.4469999999997,SL,-0.636,1,0.3654536080426171,ml_scalp1,2025-01
1084114,short,2025-01-27 15:36:00,2025-01-27 15:37:00,2025-01-27 15:38:00,2739.939,2740.419,SL,-0.64,1,0.3654536080426171,ml_scalp1,2025-01
1084126,short,2025-01-27 15:48:00,2025-01-27 15:49:00,2025-01-27 15:51:00,2743.215,2743.692,SL,-0.636,2,0.3654536080426171,ml_scalp1,2025-01
1084139,short,2025-01-27 16:01:00,2025-01-27 16:02:00,2025-01-27 16:04:00,2742.338,2742.818,SL,-0.64,2,0.3654536080426171,ml_scalp1,2025-01
1084152,short,2025-01-27 16:14:00,2025-01-27 16:15:00,2025-01-27 16:18:00,2740.881,2739.881,TP,0.84,3,0.36531912465795374,ml_scalp1,2025-01
1084166,short,2025-01-27 16:28:00,2025-01-27 16:29:00,2025-01-27 16:30:00,2740.846,2741.326,SL,-0.64,1,0.36531912465795374,ml_scalp1,2025-01
1084187,long,2025-01-27 16:49:00,2025-01-27 16:50:00,2025-01-27 16:51:00,2736.701,2736.221,SL,-0.64,1,0.4112866704212368,ml_scalp1,2025-01
1084199,short,2025-01-27 17:01:00,2025-01-27 17:02:00,2025-01-27 17:04:00,2734.133,2733.133,TP,0.84,2,0.36531912465795374,ml_scalp1,2025-01
1084212,short,2025-01-27 17:14:00,2025-01-27 17:15:00,2025-01-27 17:16:00,2731.134,2731.614,SL,-0.64,1,0.36531912465795374,ml_scalp1,2025-01
1084224,short,2025-01-27 17:26:00,2025-01-27 17:27:00,2025-01-27 17:28:00,2735.073,2735.553,SL,-0.64,1,0.36535931338664906,ml_scalp1,2025-01
1084237,short,2025-01-27 17:39:00,2025-01-27 17:40:00,2025-01-27 17:41:00,2734.534,2733.534,TP,0.84,1,0.364412608250961,ml_scalp1,2025-01
1084486,long,2025-01-27 21:48:00,2025-01-27 21:49:00,2025-01-27 21:56:00,2741.257,2740.777,SL,-0.64,7,0.41276034143077295,ml_scalp1,2025-01
1084578,long,2025-01-28 00:23:00,2025-01-28 00:24:00,2025-01-28 00:25:00,2741.052,2740.572,SL,-0.64,1,0.4130881018382261,ml_scalp1,2025-01
1084604,long,2025-01-28 00:49:00,2025-01-28 00:50:00,2025-01-28 00:51:00,2743.204,2742.724,SL,-0.64,1,0.4118850486503521,ml_scalp1,2025-01
1084640,long,2025-01-28 01:25:00,2025-01-28 01:26:00,2025-01-28 01:32:00,2744.02,2743.54,SL,-0.64,6,0.41207239686872704,ml_scalp1,2025-01
1084657,long,2025-01-28 01:42:00,2025-01-28 01:43:00,2025-01-28 01:50:00,2743.014,2742.534,SL,-0.64,7,0.41833153326505584,ml_scalp1,2025-01
1084676,long,2025-01-28 02:01:00,2025-01-28 02:02:00,2025-01-28 02:03:00,2740.051,2739.571,SL,-0.64,1,0.4172815821271326,ml_scalp1,2025-01
1084887,long,2025-01-28 05:32:00,2025-01-28 05:33:00,2025-01-28 05:36:00,2742.696,2742.216,SL,-0.64,3,0.41367969861665344,ml_scalp1,2025-01
1084901,long,2025-01-28 05:46:00,2025-01-28 05:47:00,2025-01-28 05:50:00,2741.864,2741.384,SL,-0.64,3,0.4234989013530279,ml_scalp1,2025-01
1084915,long,2025-01-28 06:00:00,2025-01-28 06:01:00,2025-01-28 06:09:00,2741.123,2742.123,TP,0.84,8,0.4209318091199996,ml_scalp1,2025-01
1084934,long,2025-01-28 06:19:00,2025-01-28 06:20:00,2025-01-28 06:22:00,2742.356,2741.876,SL,-0.64,2,0.42036684734234875,ml_scalp1,2025-01
1084947,long,2025-01-28 06:32:00,2025-01-28 06:33:00,2025-01-28 06:37:00,2740.158,2739.678,SL,-0.64,4,0.4177991796416125,ml_scalp1,2025-01
1084962,long,2025-01-28 06:47:00,2025-01-28 06:48:00,2025-01-28 06:58:00,2739.588,2739.108,SL,-0.64,10,0.4156443556851668,ml_scalp1,2025-01
1085176,long,2025-01-28 10:21:00,2025-01-28 10:22:00,2025-01-28 10:24:00,2743.85,2743.37,SL,-0.64,2,0.4136125888204002,ml_scalp1,2025-01
1085192,long,2025-01-28 10:37:00,2025-01-28 10:38:00,2025-01-28 10:44:00,2743.608,2743.128,SL,-0.64,6,0.4136338473057615,ml_scalp1,2025-01
1085251,long,2025-01-28 11:36:00,2025-01-28 11:37:00,2025-01-28 11:38:00,2743.681,2743.201,SL,-0.64,1,0.4135531229914896,ml_scalp1,2025-01
1085263,long,2025-01-28 11:48:00,2025-01-28 11:49:00,2025-01-28 11:53:00,2743.326,2742.846,SL,-0.64,4,0.41664786038241963,ml_scalp1,2025-01
1085278,long,2025-01-28 12:03:00,2025-01-28 12:04:00,2025-01-28 12:06:00,2742.652,2742.172,SL,-0.64,2,0.41114287295531216,ml_scalp1,2025-01
1086476,long,2025-01-29 09:04:00,2025-01-29 09:05:00,2025-01-29 09:07:00,2761.98,2761.5,SL,-0.64,2,0.41349758424385924,ml_scalp1,2025-01
1086729,long,2025-01-29 13:17:00,2025-01-29 13:18:00,2025-01-29 13:19:00,2753.696,2753.216,SL,-0.64,1,0.42023300453012463,ml_scalp1,2025-01
1086859,long,2025-01-29 15:27:00,2025-01-29 15:28:00,2025-01-29 15:29:00,2751.427,2750.9500000000003,SL,-0.636,1,0.41368823737659366,ml_scalp1,2025-01
1086941,long,2025-01-29 16:49:00,2025-01-29 16:50:00,2025-01-29 16:52:00,2749.518,2749.038,SL,-0.64,2,0.4153410554025466,ml_scalp1,2025-01
1087016,long,2025-01-29 18:04:00,2025-01-29 18:05:00,2025-01-29 18:07:00,2749.404,2750.404,TP,0.84,2,0.4114388736395389,ml_scalp1,2025-01
1087072,long,2025-01-29 19:00:00,2025-01-29 19:01:00,2025-01-29 19:02:00,2747.176,2748.176,TP,0.84,1,0.4296327204139185,ml_scalp1,2025-01
1087107,long,2025-01-29 19:35:00,2025-01-29 19:36:00,2025-01-29 19:37:00,2746.196,2747.196,TP,0.84,1,0.4107516301186291,ml_scalp1,2025-01
1087223,long,2025-01-29 21:31:00,2025-01-29 21:32:00,2025-01-29 21:37:00,2756.441,2757.441,TP,0.84,5,0.4195890837532691,ml_scalp1,2025-01
1087239,long,2025-01-29 21:47:00,2025-01-29 21:48:00,2025-01-29 21:50:00,2756.795,2757.795,TP,0.84,2,0.4160985432561793,ml_scalp1,2025-01
1088180,long,2025-01-30 14:31:00,2025-01-30 14:32:00,2025-01-30 14:33:00,2783.101,2782.621,SL,-0.64,1,0.4121539348659869,ml_scalp1,2025-01
1088443,long,2025-01-30 18:54:00,2025-01-30 18:55:00,2025-01-30 18:57:00,2794.892,2795.892,TP,0.84,2,0.4182748576596132,ml_scalp1,2025-01
1088456,long,2025-01-30 19:07:00,2025-01-30 19:08:00,2025-01-30 19:17:00,2793.789,2793.309,SL,-0.64,9,0.41122832989769975,ml_scalp1,2025-01
1088709,long,2025-01-31 00:28:00,2025-01-31 00:29:00,2025-01-31 00:30:00,2797.362,2798.362,TP,0.84,1,0.41775966441572127,ml_scalp1,2025-01
1088721,long,2025-01-31 00:40:00,2025-01-31 00:41:00,2025-01-31 00:47:00,2796.154,2797.154,TP,0.84,6,0.42206256401499076,ml_scalp1,2025-01
1088738,long,2025-01-31 00:57:00,2025-01-31 00:58:00,2025-01-31 00:59:00,2794.73,2795.73,TP,0.84,1,0.4146408827083783,ml_scalp1,2025-01
1089742,long,2025-01-31 17:41:00,2025-01-31 17:42:00,2025-01-31 17:43:00,2814.507,2815.507,TP,0.84,1,0.4099970735890286,ml_scalp1,2025-01
1089754,long,2025-01-31 17:53:00,2025-01-31 17:54:00,2025-01-31 17:55:00,2810.461,2809.9809999999998,SL,-0.64,1,0.4166158642919083,ml_scalp1,2025-01
1089773,long,2025-01-31 18:12:00,2025-01-31 18:13:00,2025-01-31 18:14:00,2806.704,2806.224,SL,-0.64,1,0.4110556409882717,ml_scalp1,2025-01
1089788,long,2025-01-31 18:27:00,2025-01-31 18:28:00,2025-01-31 18:29:00,2799.603,2799.123,SL,-0.64,1,0.41650234456009466,ml_scalp1,2025-01
1090019,long,2025-02-02 23:25:00,2025-02-02 23:26:00,2025-02-02 23:27:00,2789.633,2790.633,TP,0.84,1,0.41083266328027346,ml_scalp1,2025-02
1090031,long,2025-02-02 23:37:00,2025-02-02 23:38:00,2025-02-02 23:39:00,2788.759,2788.279,SL,-0.64,1,0.40487107802889694,ml_scalp1,2025-02
1090121,long,2025-02-03 01:07:00,2025-02-03 01:08:00,2025-02-03 01:09:00,2785.441,2784.964,SL,-0.636,1,0.4053087559869305,ml_scalp1,2025-02
1090144,long,2025-02-03 01:30:00,2025-02-03 01:31:00,2025-02-03 01:33:00,2781.883,2781.403,SL,-0.64,2,0.40597332884513687,ml_scalp1,2025-02
1090170,long,2025-02-03 01:56:00,2025-02-03 01:57:00,2025-02-03 01:58:00,2779.413,2780.413,TP,0.841,1,0.4073324822598746,ml_scalp1,2025-02
1090182,long,2025-02-03 02:08:00,2025-02-03 02:09:00,2025-02-03 02:10:00,2776.937,2777.937,TP,0.841,1,0.4087839785881125,ml_scalp1,2025-02
1090212,long,2025-02-03 02:38:00,2025-02-03 02:39:00,2025-02-03 02:40:00,2775.45,2774.973,SL,-0.636,1,0.4065972295989123,ml_scalp1,2025-02
1090949,short,2025-02-03 14:55:00,2025-02-03 14:56:00,2025-02-03 14:57:00,2829.289,2828.289,TP,0.841,1,0.3713039095676849,ml_scalp1,2025-02
1090979,long,2025-02-03 15:25:00,2025-02-03 15:26:00,2025-02-03 15:27:00,2815.059,2816.059,TP,0.841,1,0.40843482133267245,ml_scalp1,2025-02
1091003,short,2025-02-03 15:49:00,2025-02-03 15:50:00,2025-02-03 15:51:00,2819.218,2819.698,SL,-0.64,1,0.3712877357379442,ml_scalp1,2025-02
1091020,short,2025-02-03 16:06:00,2025-02-03 16:07:00,2025-02-03 16:08:00,2824.284,2824.761,SL,-0.636,1,0.3713139731437351,ml_scalp1,2025-02
1091034,long,2025-02-03 16:20:00,2025-02-03 16:21:00,2025-02-03 16:22:00,2819.795,2820.795,TP,0.84,1,0.40484975054062083,ml_scalp1,2025-02
1091046,long,2025-02-03 16:32:00,2025-02-03 16:33:00,2025-02-03 16:34:00,2819.484,2820.484,TP,0.84,1,0.40533707449926887,ml_scalp1,2025-02
1091063,long,2025-02-03 16:49:00,2025-02-03 16:50:00,2025-02-03 16:51:00,2817.721,2817.241,SL,-0.64,1,0.40700878064821144,ml_scalp1,2025-02
1091078,long,2025-02-03 17:04:00,2025-02-03 17:05:00,2025-02-03 17:06:00,2818.797,2818.317,SL,-0.64,1,0.4070281906603516,ml_scalp1,2025-02
1091112,long,2025-02-03 17:38:00,2025-02-03 17:39:00,2025-02-03 17:40:00,2817.727,2817.247,SL,-0.64,1,0.4064196097130328,ml_scalp1,2025-02
1091135,long,2025-02-03 18:01:00,2025-02-03 18:02:00,2025-02-03 18:03:00,2817.84,2818.84,TP,0.84,1,0.4049595537030661,ml_scalp1,2025-02
1091158,long,2025-02-03 18:24:00,2025-02-03 18:25:00,2025-02-03 18:26:00,2819.351,2818.871,SL,-0.64,1,0.4057864204631691,ml_scalp1,2025-02
1091632,long,2025-02-04 03:23:00,2025-02-04 03:24:00,2025-02-04 03:26:00,2822.512,2822.032,SL,-0.64,2,0.40583118109362143,ml_scalp1,2025-02
1091665,long,2025-02-04 03:56:00,2025-02-04 03:57:00,2025-02-04 03:58:00,2820.676,2821.676,TP,0.84,1,0.4047764323392232,ml_scalp1,2025-02
1091691,long,2025-02-04 04:22:00,2025-02-04 04:23:00,2025-02-04 04:25:00,2819.136,2820.136,TP,0.84,2,0.40649216748593636,ml_scalp1,2025-02
1092298,short,2025-02-04 14:29:00,2025-02-04 14:30:00,2025-02-04 14:31:00,2837.227,2837.7039999999997,SL,-0.636,1,0.3712637975143103,ml_scalp1,2025-02
1092401,short,2025-02-04 16:12:00,2025-02-04 16:13:00,2025-02-04 16:14:00,2838.309,2837.309,TP,0.84,1,0.3713196279846402,ml_scalp1,2025-02
1092414,short,2025-02-04 16:25:00,2025-02-04 16:26:00,2025-02-04 16:27:00,2841.932,2842.412,SL,-0.64,1,0.3713039095676849,ml_scalp1,2025-02
1093879,long,2025-02-05 17:53:00,2025-02-05 17:54:00,2025-02-05 17:55:00,2872.029,2871.549,SL,-0.64,1,0.40612378648253594,ml_scalp1,2025-02
1093900,long,2025-02-05 18:14:00,2025-02-05 18:15:00,2025-02-05 18:16:00,2870.97,2870.49,SL,-0.64,1,0.4085441107091647,ml_scalp1,2025-02
1093928,long,2025-02-05 18:42:00,2025-02-05 18:43:00,2025-02-05 18:44:00,2868.05,2867.57,SL,-0.64,1,0.40565331884191014,ml_scalp1,2025-02
1094250,long,2025-02-06 01:08:00,2025-02-06 01:09:00,2025-02-06 01:10:00,2865.26,2866.26,TP,0.84,1,0.4069014757180887,ml_scalp1,2025-02
1094262,long,2025-02-06 01:20:00,2025-02-06 01:21:00,2025-02-06 01:24:00,2867.156,2866.676,SL,-0.64,3,0.4047469063034216,ml_scalp1,2025-02
1094276,long,2025-02-06 01:34:00,2025-02-06 01:35:00,2025-02-06 01:36:00,2867.886,2867.406,SL,-0.64,1,0.4064859545609891,ml_scalp1,2025-02
1094292,long,2025-02-06 01:50:00,2025-02-06 01:51:00,2025-02-06 01:52:00,2868.645,2869.645,TP,0.84,1,0.4048172163489146,ml_scalp1,2025-02
1094490,long,2025-02-06 05:08:00,2025-02-06 05:09:00,2025-02-06 05:10:00,2869.05,2868.57,SL,-0.64,1,0.40472646074837154,ml_scalp1,2025-02
1094502,long,2025-02-06 05:20:00,2025-02-06 05:21:00,2025-02-06 05:25:00,2869.543,2869.063,SL,-0.64,4,0.405126889037781,ml_scalp1,2025-02
1094648,long,2025-02-06 07:46:00,2025-02-06 07:47:00,2025-02-06 07:48:00,2855.25,2856.25,TP,0.84,1,0.4066168716059882,ml_scalp1,2025-02
1094684,long,2025-02-06 08:22:00,2025-02-06 08:23:00,2025-02-06 08:25:00,2849.845,2850.845,TP,0.84,2,0.40708704016168096,ml_scalp1,2025-02
1094701,short,2025-02-06 08:39:00,2025-02-06 08:40:00,2025-02-06 08:41:00,2857.454,2857.934,SL,-0.64,1,0.37146176903132366,ml_scalp1,2025-02
1095071,long,2025-02-06 14:49:00,2025-02-06 14:50:00,2025-02-06 14:51:00,2848.272,2849.272,TP,0.841,1,0.41577119277436686,ml_scalp1,2025-02
1095083,short,2025-02-06 15:01:00,2025-02-06 15:02:00,2025-02-06 15:03:00,2839.651,2840.1279999999997,SL,-0.636,1,0.3716229846805138,ml_scalp1,2025-02
1095095,short,2025-02-06 15:13:00,2025-02-06 15:14:00,2025-02-06 15:15:00,2841.76,2842.2400000000002,SL,-0.64,1,0.3719857197757248,ml_scalp1,2025-02
1095107,short,2025-02-06 15:25:00,2025-02-06 15:26:00,2025-02-06 15:27:00,2846.082,2845.082,TP,0.841,1,0.3716627276635521,ml_scalp1,2025-02
1095119,short,2025-02-06 15:37:00,2025-02-06 15:38:00,2025-02-06 15:39:00,2846.221,2846.701,SL,-0.64,1,0.3718665492864154,ml_scalp1,2025-02
1096371,long,2025-02-07 13:32:00,2025-02-07 13:33:00,2025-02-07 13:34:00,2852.986,2853.986,TP,0.84,1,0.41516338796629304,ml_scalp1,2025-02
1096465,long,2025-02-07 15:06:00,2025-02-07 15:07:00,2025-02-07 15:08:00,2877.951,2878.951,TP,0.84,1,0.40552167197022887,ml_scalp1,2025-02
1096478,long,2025-02-07 15:19:00,2025-02-07 15:20:00,2025-02-07 15:21:00,2881.7,2882.7,TP,0.84,1,0.40521154389821884,ml_scalp1,2025-02
1096521,long,2025-02-07 16:02:00,2025-02-07 16:03:00,2025-02-07 16:04:00,2874.077,2875.077,TP,0.84,1,0.4050500585384474,ml_scalp1,2025-02
1096534,long,2025-02-07 16:15:00,2025-02-07 16:16:00,2025-02-07 16:17:00,2869.105,2868.628,SL,-0.636,1,0.40697677258432274,ml_scalp1,2025-02
1098464,long,2025-02-11 02:35:00,2025-02-11 02:36:00,2025-02-11 02:37:00,2928.088,2927.6110000000003,SL,-0.636,1,0.41174250111579214,ml_scalp1,2025-02
1098493,long,2025-02-11 03:04:00,2025-02-11 03:05:00,2025-02-11 03:06:00,2912.001,2913.001,TP,0.841,1,0.405291675839122,ml_scalp1,2025-02
1098526,long,2025-02-11 03:37:00,2025-02-11 03:38:00,2025-02-11 03:39:00,2925.434,2924.954,SL,-0.64,1,0.4060108721290741,ml_scalp1,2025-02
1099079,long,2025-02-11 12:50:00,2025-02-11 12:51:00,2025-02-11 12:52:00,2893.939,2893.459,SL,-0.64,1,0.41115948176677986,ml_scalp1,2025-02
1099091,long,2025-02-11 13:02:00,2025-02-11 13:03:00,2025-02-11 13:04:00,2884.316,2885.316,TP,0.841,1,0.4175634274252437,ml_scalp1,2025-02
1099103,short,2025-02-11 13:14:00,2025-02-11 13:15:00,2025-02-11 13:16:00,2884.706,2885.186,SL,-0.64,1,0.3728140797605496,ml_scalp1,2025-02
1099115,short,2025-02-11 13:26:00,2025-02-11 13:27:00,2025-02-11 13:28:00,2888.884,2889.364,SL,-0.64,1,0.37312326489045355,ml_scalp1,2025-02
1099127,short,2025-02-11 13:38:00,2025-02-11 13:39:00,2025-02-11 13:40:00,2894.586,2895.066,SL,-0.64,1,0.37148847081953035,ml_scalp1,2025-02
1099142,short,2025-02-11 13:53:00,2025-02-11 13:54:00,2025-02-11 13:55:00,2892.696,2893.176,SL,-0.64,1,0.37133884564989444,ml_scalp1,2025-02
1099212,short,2025-02-11 15:03:00,2025-02-11 15:04:00,2025-02-11 15:05:00,2892.301,2892.778,SL,-0.636,1,0.3712612708374504,ml_scalp1,2025-02
1100329,long,2025-02-12 10:43:00,2025-02-12 10:44:00,2025-02-12 10:45:00,2880.717,2881.717,TP,0.84,1,0.4057038132872176,ml_scalp1,2025-02
1100484,long,2025-02-12 13:18:00,2025-02-12 13:19:00,2025-02-12 13:20:00,2876.278,2875.801,SL,-0.636,1,0.4046408707193022,ml_scalp1,2025-02
1100496,long,2025-02-12 13:30:00,2025-02-12 13:31:00,2025-02-12 13:32:00,2866.209,2867.209,TP,0.84,1,0.4196707138816437,ml_scalp1,2025-02
1101235,long,2025-02-13 02:52:00,2025-02-13 02:53:00,2025-02-13 02:54:00,2907.648,2907.168,SL,-0.64,1,0.40462916193392845,ml_scalp1,2025-02
1101248,long,2025-02-13 03:05:00,2025-02-13 03:06:00,2025-02-13 03:15:00,2908.312,2909.312,TP,0.84,9,0.40664513367733,ml_scalp1,2025-02
1101292,long,2025-02-13 03:49:00,2025-02-13 03:50:00,2025-02-13 03:53:00,2916.789,2917.789,TP,0.84,3,0.4075437774576461,ml_scalp1,2025-02
1101339,long,2025-02-13 04:36:00,2025-02-13 04:37:00,2025-02-13 04:43:00,2918.021,2917.541,SL,-0.64,6,0.4046827144749236,ml_scalp1,2025-02
1101362,long,2025-02-13 04:59:00,2025-02-13 05:00:00,2025-02-13 05:05:00,2918.473,2917.993,SL,-0.64,5,0.40844251796625036,ml_scalp1,2025-02
1101393,long,2025-02-13 05:30:00,2025-02-13 05:31:00,2025-02-13 05:32:00,2922.006,2921.526,SL,-0.64,1,0.4101494935526361,ml_scalp1,2025-02
1101405,long,2025-02-13 05:42:00,2025-02-13 05:43:00,2025-02-13 05:46:00,2920.774,2920.294,SL,-0.64,3,0.4050984170124742,ml_scalp1,2025-02
1101489,long,2025-02-13 07:06:00,2025-02-13 07:07:00,2025-02-13 07:09:00,2914.671,2915.671,TP,0.84,2,0.40729294542407873,ml_scalp1,2025-02
1102112,long,2025-02-13 17:29:00,2025-02-13 17:30:00,2025-02-13 17:31:00,2916.377,2915.897,SL,-0.64,1,0.405961874592355,ml_scalp1,2025-02
1102155,long,2025-02-13 18:12:00,2025-02-13 18:13:00,2025-02-13 18:14:00,2917.529,2917.049,SL,-0.64,1,0.4098512949408033,ml_scalp1,2025-02
1102168,long,2025-02-13 18:25:00,2025-02-13 18:26:00,2025-02-13 18:28:00,2916.217,2915.737,SL,-0.64,2,0.40575862348720065,ml_scalp1,2025-02
1102349,long,2025-02-13 21:26:00,2025-02-13 21:27:00,2025-02-13 21:41:00,2928.502,2929.502,TP,0.84,14,0.4054978412507996,ml_scalp1,2025-02
1102374,long,2025-02-13 21:51:00,2025-02-13 21:52:00,2025-02-13 21:55:00,2928.956,2928.476,SL,-0.64,3,0.41426942802544525,ml_scalp1,2025-02
1102388,long,2025-02-13 23:08:00,2025-02-13 23:09:00,2025-02-13 23:16:00,2927.802,2928.802,TP,0.84,7,0.4278663430508608,ml_scalp1,2025-02
1103261,long,2025-02-14 13:41:00,2025-02-14 13:42:00,2025-02-14 13:43:00,2925.85,2925.373,SL,-0.636,1,0.404875519563455,ml_scalp1,2025-02
1103360,short,2025-02-14 15:20:00,2025-02-14 15:21:00,2025-02-14 15:22:00,2909.3,2908.3,TP,0.84,1,0.37149311330851503,ml_scalp1,2025-02
1103372,long,2025-02-14 15:32:00,2025-02-14 15:33:00,2025-02-14 15:34:00,2894.323,2893.846,SL,-0.636,1,0.41062719025154654,ml_scalp1,2025-02
1103384,short,2025-02-14 15:44:00,2025-02-14 15:45:00,2025-02-14 15:46:00,2905.391,2904.391,TP,0.84,1,0.3720145535629591,ml_scalp1,2025-02
1103396,short,2025-02-14 15:56:00,2025-02-14 15:57:00,2025-02-14 15:58:00,2901.05,2901.53,SL,-0.64,1,0.37163427554280093,ml_scalp1,2025-02
1103408,short,2025-02-14 16:08:00,2025-02-14 16:09:00,2025-02-14 16:10:00,2901.256,2901.7329999999997,SL,-0.636,1,0.3720279194757208,ml_scalp1,2025-02
1103420,short,2025-02-14 16:20:00,2025-02-14 16:21:00,2025-02-14 16:23:00,2895.231,2894.231,TP,0.84,2,0.3725087510450004,ml_scalp1,2025-02
1103433,short,2025-02-14 16:33:00,2025-02-14 16:34:00,2025-02-14 16:35:00,2892.933,2893.413,SL,-0.64,1,0.3724784395925688,ml_scalp1,2025-02
1103445,short,2025-02-14 16:45:00,2025-02-14 16:46:00,2025-02-14 16:47:00,2893.08,2892.08,TP,0.841,1,0.3726839461797581,ml_scalp1,2025-02
1103457,short,2025-02-14 16:57:00,2025-02-14 16:58:00,2025-02-14 17:00:00,2896.25,2896.727,SL,-0.636,2,0.37302308672443957,ml_scalp1,2025-02
1103470,short,2025-02-14 17:10:00,2025-02-14 17:11:00,2025-02-14 17:12:00,2895.027,2894.027,TP,0.84,1,0.3722857184474332,ml_scalp1,2025-02
1103503,long,2025-02-14 17:43:00,2025-02-14 17:44:00,2025-02-14 17:45:00,2886.743,2887.743,TP,0.84,1,0.4078026207921995,ml_scalp1,2025-02
1103515,short,2025-02-14 17:55:00,2025-02-14 17:56:00,2025-02-14 17:57:00,2885.744,2886.224,SL,-0.64,1,0.37185038687214567,ml_scalp1,2025-02
1103527,short,2025-02-14 18:07:00,2025-02-14 18:08:00,2025-02-14 18:09:00,2884.488,2884.9649999999997,SL,-0.636,1,0.3714673784565717,ml_scalp1,2025-02
1103671,long,2025-02-14 20:31:00,2025-02-14 20:32:00,2025-02-14 20:33:00,2881.34,2880.86,SL,-0.64,1,0.4066577076782577,ml_scalp1,2025-02
1103734,long,2025-02-14 21:34:00,2025-02-14 21:35:00,2025-02-14 21:38:00,2883.249,2882.769,SL,-0.64,3,0.4134089268458188,ml_scalp1,2025-02
1104551,long,2025-02-17 12:18:00,2025-02-17 12:19:00,2025-02-17 12:20:00,2896.402,2895.922,SL,-0.64,1,0.40570384750104127,ml_scalp1,2025-02
1107105,long,2025-02-19 11:47:00,2025-02-19 11:48:00,2025-02-19 11:49:00,2941.53,2941.05,SL,-0.64,1,0.40570898878196215,ml_scalp1,2025-02
1107118,long,2025-02-19 12:00:00,2025-02-19 12:01:00,2025-02-19 12:02:00,2931.48,2932.48,TP,0.84,1,0.4150993413374552,ml_scalp1,2025-02
1107261,long,2025-02-19 14:23:00,2025-02-19 14:24:00,2025-02-19 14:25:00,2933.075,2934.075,TP,0.841,1,0.40598982559896174,ml_scalp1,2025-02
1107356,long,2025-02-19 15:58:00,2025-02-19 15:59:00,2025-02-19 16:00:00,2929.094,2928.614,SL,-0.64,1,0.4066851362732081,ml_scalp1,2025-02
1108519,long,2025-02-20 12:24:00,2025-02-20 12:25:00,2025-02-20 12:26:00,2940.89,2941.89,TP,0.84,1,0.40758912553090587,ml_scalp1,2025-02
1108600,long,2025-02-20 13:45:00,2025-02-20 13:46:00,2025-02-20 13:47:00,2938.024,2937.544,SL,-0.64,1,0.4055711085810755,ml_scalp1,2025-02
1108616,long,2025-02-20 14:01:00,2025-02-20 14:02:00,2025-02-20 14:03:00,2930.763,2930.283,SL,-0.64,1,0.40617196729299615,ml_scalp1,2025-02
1108628,short,2025-02-20 14:13:00,2025-02-20 14:14:00,2025-02-20 14:15:00,2925.494,2925.974,SL,-0.64,1,0.37156617631431943,ml_scalp1,2025-02
1108640,short,2025-02-20 14:25:00,2025-02-20 14:26:00,2025-02-20 14:27:00,2927.838,2928.318,SL,-0.64,1,0.37138067040685663,ml_scalp1,2025-02
1108652,short,2025-02-20 14:37:00,2025-02-20 14:38:00,2025-02-20 14:39:00,2936.476,2936.953,SL,-0.636,1,0.37141111707048274,ml_scalp1,2025-02
1108797,long,2025-02-20 17:02:00,2025-02-20 17:03:00,2025-02-20 17:04:00,2940.686,2941.686,TP,0.84,1,0.4047426780247261,ml_scalp1,2025-02
1109197,long,2025-02-21 00:46:00,2025-02-21 00:47:00,2025-02-21 01:00:00,2939.384,2940.384,TP,0.84,13,0.4054417492523183,ml_scalp1,2025-02
1109261,long,2025-02-21 01:50:00,2025-02-21 01:51:00,2025-02-21 01:52:00,2928.854,2928.374,SL,-0.64,1,0.40540357844825087,ml_scalp1,2025-02
1109614,long,2025-02-21 07:43:00,2025-02-21 07:44:00,2025-02-21 07:45:00,2931.464,2930.984,SL,-0.64,1,0.40513191286712424,ml_scalp1,2025-02
1109626,long,2025-02-21 07:55:00,2025-02-21 07:56:00,2025-02-21 07:57:00,2931.2,2930.72,SL,-0.64,1,0.40731852339079677,ml_scalp1,2025-02
1109652,long,2025-02-21 08:21:00,2025-02-21 08:22:00,2025-02-21 08:23:00,2917.742,2918.742,TP,0.84,1,0.4118293910854847,ml_scalp1,2025-02
1109772,long,2025-02-21 10:21:00,2025-02-21 10:22:00,2025-02-21 10:28:00,2930.639,2930.159,SL,-0.64,6,0.4069061898226414,ml_scalp1,2025-02
1109789,long,2025-02-21 10:38:00,2025-02-21 10:39:00,2025-02-21 10:52:00,2929.644,2930.644,TP,0.84,13,0.4287671445529653,ml_scalp1,2025-02
1109813,long,2025-02-21 11:02:00,2025-02-21 11:03:00,2025-02-21 11:04:00,2930.743,2930.263,SL,-0.64,1,0.4174680388500979,ml_scalp1,2025-02
1110027,long,2025-02-21 14:36:00,2025-02-21 14:37:00,2025-02-21 14:38:00,2928.563,2929.563,TP,0.84,1,0.40556174649052984,ml_scalp1,2025-02
1110071,long,2025-02-21 15:20:00,2025-02-21 15:21:00,2025-02-21 15:22:00,2924.692,2925.692,TP,0.84,1,0.40889015453161476,ml_scalp1,2025-02
1111390,long,2025-02-24 14:26:00,2025-02-24 14:27:00,2025-02-24 14:28:00,2943.571,2943.091,SL,-0.64,1,0.40656905026835677,ml_scalp1,2025-02
1111403,long,2025-02-24 14:39:00,2025-02-24 14:40:00,2025-02-24 14:41:00,2936.428,2937.428,TP,0.84,1,0.4096355550212729,ml_scalp1,2025-02
1111427,long,2025-02-24 15:03:00,2025-02-24 15:04:00,2025-02-24 15:05:00,2934.185,2933.705,SL,-0.64,1,0.4082417088213535,ml_scalp1,2025-02
1112654,long,2025-02-25 12:33:00,2025-02-25 12:34:00,2025-02-25 12:35:00,2927.979,2927.502,SL,-0.636,1,0.4116875481214733,ml_scalp1,2025-02
1112808,long,2025-02-25 15:07:00,2025-02-25 15:08:00,2025-02-25 15:09:00,2931.474,2930.994,SL,-0.64,1,0.4046043516432637,ml_scalp1,2025-02
1112820,long,2025-02-25 15:19:00,2025-02-25 15:20:00,2025-02-25 15:21:00,2920.396,2919.9190000000003,SL,-0.636,1,0.41655677627552035,ml_scalp1,2025-02
1112832,long,2025-02-25 15:31:00,2025-02-25 15:32:00,2025-02-25 15:33:00,2901.338,2902.338,TP,0.841,1,0.4200121103389511,ml_scalp1,2025-02
1112844,short,2025-02-25 15:43:00,2025-02-25 15:44:00,2025-02-25 15:45:00,2904.718,2905.198,SL,-0.64,1,0.3731021834939895,ml_scalp1,2025-02
1112856,short,2025-02-25 15:55:00,2025-02-25 15:56:00,2025-02-25 15:59:00,2906.698,2905.698,TP,0.84,3,0.3731865234097389,ml_scalp1,2025-02
1112870,short,2025-02-25 16:09:00,2025-02-25 16:10:00,2025-02-25 16:11:00,2894.515,2894.9919999999997,SL,-0.636,1,0.3727751655048032,ml_scalp1,2025-02
1112882,short,2025-02-25 16:21:00,2025-02-25 16:22:00,2025-02-25 16:23:00,2897.72,2898.1969999999997,SL,-0.636,1,0.3732404138844032,ml_scalp1,2025-02
1112894,short,2025-02-25 16:33:00,2025-02-25 16:34:00,2025-02-25 16:35:00,2895.312,2895.7889999999998,SL,-0.636,1,0.3728897975157735,ml_scalp1,2025-02
1112906,short,2025-02-25 16:45:00,2025-02-25 16:46:00,2025-02-25 16:47:00,2890.915,2891.395,SL,-0.64,1,0.37280550593106226,ml_scalp1,2025-02
1112918,short,2025-02-25 16:57:00,2025-02-25 16:58:00,2025-02-25 16:59:00,2897.744,2896.744,TP,0.84,1,0.37330917294617383,ml_scalp1,2025-02
1112930,short,2025-02-25 17:09:00,2025-02-25 17:10:00,2025-02-25 17:11:00,2895.606,2896.0860000000002,SL,-0.64,1,0.3729585565775441,ml_scalp1,2025-02
1112942,short,2025-02-25 17:21:00,2025-02-25 17:22:00,2025-02-25 17:23:00,2897.465,2897.945,SL,-0.64,1,0.372540530897342,ml_scalp1,2025-02
1112954,short,2025-02-25 17:33:00,2025-02-25 17:34:00,2025-02-25 17:35:00,2902.17,2901.17,TP,0.84,1,0.37232015303657084,ml_scalp1,2025-02
1112966,short,2025-02-25 17:45:00,2025-02-25 17:46:00,2025-02-25 17:47:00,2903.426,2903.906,SL,-0.64,1,0.37198200960319144,ml_scalp1,2025-02
1112991,short,2025-02-25 18:10:00,2025-02-25 18:11:00,2025-02-25 18:12:00,2908.956,2907.956,TP,0.84,1,0.37184196898962824,ml_scalp1,2025-02
1113004,short,2025-02-25 18:23:00,2025-02-25 18:24:00,2025-02-25 18:25:00,2906.286,2906.763,SL,-0.636,1,0.3715043986429414,ml_scalp1,2025-02
1113587,long,2025-02-26 05:09:00,2025-02-26 05:10:00,2025-02-26 05:11:00,2917.323,2916.843,SL,-0.64,1,0.40486260548490705,ml_scalp1,2025-02
1113599,long,2025-02-26 05:21:00,2025-02-26 05:22:00,2025-02-26 05:23:00,2915.365,2916.365,TP,0.84,1,0.42569655808115153,ml_scalp1,2025-02
1113959,long,2025-02-26 11:21:00,2025-02-26 11:22:00,2025-02-26 11:27:00,2912.892,2912.412,SL,-0.64,5,0.4058270173174999,ml_scalp1,2025-02
1113975,long,2025-02-26 11:37:00,2025-02-26 11:38:00,2025-02-26 11:40:00,2913.93,2914.93,TP,0.84,2,0.4046023626656989,ml_scalp1,2025-02
1113989,long,2025-02-26 11:51:00,2025-02-26 11:52:00,2025-02-26 11:53:00,2914.201,2913.721,SL,-0.64,1,0.4081255293672234,ml_scalp1,2025-02
1114125,long,2025-02-26 14:07:00,2025-02-26 14:08:00,2025-02-26 14:09:00,2899.892,2899.412,SL,-0.64,1,0.40653081605580704,ml_scalp1,2025-02
1114137,short,2025-02-26 14:19:00,2025-02-26 14:20:00,2025-02-26 14:21:00,2894.876,2895.356,SL,-0.64,1,0.3718434822723955,ml_scalp1,2025-02
1114149,short,2025-02-26 14:31:00,2025-02-26 14:32:00,2025-02-26 14:33:00,2891.232,2891.712,SL,-0.64,1,0.3727213137445604,ml_scalp1,2025-02
1114161,short,2025-02-26 14:43:00,2025-02-26 14:44:00,2025-02-26 14:45:00,2894.645,2895.125,SL,-0.64,1,0.3731937716955601,ml_scalp1,2025-02
1114180,short,2025-02-26 15:02:00,2025-02-26 15:03:00,2025-02-26 15:04:00,2898.469,2898.949,SL,-0.64,1,0.37164667969798626,ml_scalp1,2025-02
1114806,long,2025-02-27 02:31:00,2025-02-27 02:32:00,2025-02-27 02:33:00,2913.179,2912.699,SL,-0.64,1,0.40686530198967935,ml_scalp1,2025-02
1114825,long,2025-02-27 02:50:00,2025-02-27 02:51:00,2025-02-27 02:52:00,2906.566,2907.566,TP,0.84,1,0.40474491978486254,ml_scalp1,2025-02
1114982,short,2025-02-27 05:27:00,2025-02-27 05:28:00,2025-02-27 05:29:00,2893.532,2892.532,TP,0.84,1,0.3716578141222247,ml_scalp1,2025-02
1114994,short,2025-02-27 05:39:00,2025-02-27 05:40:00,2025-02-27 05:41:00,2890.759,2891.239,SL,-0.64,1,0.37165229400122635,ml_scalp1,2025-02
1115006,short,2025-02-27 05:51:00,2025-02-27 05:52:00,2025-02-27 05:53:00,2891.072,2891.552,SL,-0.64,1,0.3720205143626788,ml_scalp1,2025-02
1115018,short,2025-02-27 06:03:00,2025-02-27 06:04:00,2025-02-27 06:05:00,2891.434,2891.914,SL,-0.64,1,0.37184560387480275,ml_scalp1,2025-02
1115030,short,2025-02-27 06:15:00,2025-02-27 06:16:00,2025-02-27 06:17:00,2893.829,2892.829,TP,0.84,1,0.3714067940044503,ml_scalp1,2025-02
1115095,short,2025-02-27 07:20:00,2025-02-27 07:21:00,2025-02-27 07:22:00,2892.562,2893.042,SL,-0.64,1,0.3712870458087335,ml_scalp1,2025-02
1115146,long,2025-02-27 08:11:00,2025-02-27 08:12:00,2025-02-27 08:14:00,2884.513,2885.513,TP,0.841,2,0.41081438461073794,ml_scalp1,2025-02
1115162,long,2025-02-27 08:27:00,2025-02-27 08:28:00,2025-02-27 08:29:00,2882.115,2881.6349999999998,SL,-0.64,1,0.4089527122129015,ml_scalp1,2025-02
1115177,short,2025-02-27 08:42:00,2025-02-27 08:43:00,2025-02-27 08:44:00,2884.104,2884.584,SL,-0.64,1,0.3712646885991849,ml_scalp1,2025-02
1115203,long,2025-02-27 09:08:00,2025-02-27 09:09:00,2025-02-27 09:10:00,2877.346,2878.346,TP,0.84,1,0.41079114099347447,ml_scalp1,2025-02
1115416,long,2025-02-27 12:41:00,2025-02-27 12:42:00,2025-02-27 12:43:00,2885.464,2886.464,TP,0.84,1,0.4053357562837486,ml_scalp1,2025-02
1115433,long,2025-02-27 12:58:00,2025-02-27 12:59:00,2025-02-27 13:00:00,2885.294,2884.814,SL,-0.64,1,0.40661166332766685,ml_scalp1,2025-02
1115468,long,2025-02-27 13:33:00,2025-02-27 13:34:00,2025-02-27 13:35:00,2882.118,2883.118,TP,0.84,1,0.4049981133301319,ml_scalp1,2025-02
1115541,long,2025-02-27 14:46:00,2025-02-27 14:47:00,2025-02-27 14:48:00,2872.736,2872.259,SL,-0.636,1,0.4158272806841603,ml_scalp1,2025-02
1115553,short,2025-02-27 14:58:00,2025-02-27 14:59:00,2025-02-27 15:00:00,2872.658,2873.138,SL,-0.64,1,0.37201847011524514,ml_scalp1,2025-02
1115572,short,2025-02-27 15:17:00,2025-02-27 15:18:00,2025-02-27 15:19:00,2871.547,2872.027,SL,-0.64,1,0.37182145743385975,ml_scalp1,2025-02
1115604,short,2025-02-27 15:49:00,2025-02-27 15:50:00,2025-02-27 15:51:00,2874.128,2874.605,SL,-0.636,1,0.3715153994219909,ml_scalp1,2025-02
1115621,short,2025-02-27 16:06:00,2025-02-27 16:07:00,2025-02-27 16:08:00,2873.769,2874.249,SL,-0.64,1,0.37188031035205105,ml_scalp1,2025-02
1115640,short,2025-02-27 16:25:00,2025-02-27 16:26:00,2025-02-27 16:27:00,2873.319,2873.799,SL,-0.64,1,0.37130249020249917,ml_scalp1,2025-02
1115962,long,2025-02-27 21:47:00,2025-02-27 21:48:00,2025-02-27 21:56:00,2876.424,2877.424,TP,0.84,8,0.41658062897292947,ml_scalp1,2025-02
1115992,long,2025-02-27 23:20:00,2025-02-27 23:21:00,2025-02-27 23:23:00,2876.832,2876.352,SL,-0.64,2,0.4086389146431097,ml_scalp1,2025-02
1116005,long,2025-02-27 23:33:00,2025-02-27 23:34:00,2025-02-27 23:36:00,2876.37,2875.89,SL,-0.64,2,0.40783485735399705,ml_scalp1,2025-02
1116018,long,2025-02-27 23:46:00,2025-02-27 23:47:00,2025-02-27 23:52:00,2875.478,2876.478,TP,0.84,5,0.4078407292586883,ml_scalp1,2025-02
1116034,long,2025-02-28 00:02:00,2025-02-28 00:03:00,2025-02-28 00:04:00,2875.882,2875.402,SL,-0.64,1,0.40474712954865333,ml_scalp1,2025-02
1116047,long,2025-02-28 00:15:00,2025-02-28 00:16:00,2025-02-28 00:20:00,2876.053,2877.053,TP,0.84,4,0.40466019331118086,ml_scalp1,2025-02
1116256,long,2025-02-28 03:44:00,2025-02-28 03:45:00,2025-02-28 03:46:00,2863.77,2864.77,TP,0.84,1,0.40671833013632175,ml_scalp1,2025-02
1116281,long,2025-02-28 04:09:00,2025-02-28 04:10:00,2025-02-28 04:11:00,2860.158,2861.158,TP,0.84,1,0.4076527186825702,ml_scalp1,2025-02
1116682,long,2025-02-28 10:50:00,2025-02-28 10:51:00,2025-02-28 10:52:00,2863.452,2862.972,SL,-0.64,1,0.4047726258188372,ml_scalp1,2025-02
1116867,long,2025-02-28 13:55:00,2025-02-28 13:56:00,2025-02-28 13:57:00,2850.978,2851.978,TP,0.84,1,0.40629475646212787,ml_scalp1,2025-02
1116879,long,2025-02-28 14:07:00,2025-02-28 14:08:00,2025-02-28 14:09:00,2843.925,2843.445,SL,-0.64,1,0.41263765936164465,ml_scalp1,2025-02
1116897,short,2025-02-28 14:25:00,2025-02-28 14:26:00,2025-02-28 14:27:00,2847.692,2846.692,TP,0.841,1,0.3712912026495697,ml_scalp1,2025-02
1116909,short,2025-02-28 14:37:00,2025-02-28 14:38:00,2025-02-28 14:39:00,2843.084,2843.564,SL,-0.64,1,0.3721440088620588,ml_scalp1,2025-02
1116921,short,2025-02-28 14:49:00,2025-02-28 14:50:00,2025-02-28 14:51:00,2837.418,2837.895,SL,-0.636,1,0.3726331995064659,ml_scalp1,2025-02
1116933,short,2025-02-28 15:01:00,2025-02-28 15:02:00,2025-02-28 15:03:00,2835.947,2834.947,TP,0.841,1,0.3727213137445604,ml_scalp1,2025-02
1116945,short,2025-02-28 15:13:00,2025-02-28 15:14:00,2025-02-28 15:15:00,2840.411,2839.411,TP,0.84,1,0.3732552824715095,ml_scalp1,2025-02
1116957,short,2025-02-28 15:25:00,2025-02-28 15:26:00,2025-02-28 15:27:00,2840.651,2841.131,SL,-0.64,1,0.37290469513869595,ml_scalp1,2025-02
1116969,short,2025-02-28 15:37:00,2025-02-28 15:38:00,2025-02-28 15:39:00,2840.815,2841.295,SL,-0.64,1,0.3720767128603561,ml_scalp1,2025-02
1116981,short,2025-02-28 15:49:00,2025-02-28 15:50:00,2025-02-28 15:51:00,2845.198,2845.678,SL,-0.64,1,0.3714050982942906,ml_scalp1,2025-02
1116993,short,2025-02-28 16:01:00,2025-02-28 16:02:00,2025-02-28 16:03:00,2849.891,2850.371,SL,-0.64,1,0.37137985435078097,ml_scalp1,2025-02
1117007,short,2025-02-28 16:15:00,2025-02-28 16:16:00,2025-02-28 16:17:00,2850.504,2849.504,TP,0.84,1,0.3713171551086728,ml_scalp1,2025-02
1117391,long,2025-03-02 23:46:00,2025-03-02 23:47:00,2025-03-02 23:48:00,2866.775,2866.295,SL,-0.64,1,0.4103213938943388,ml_scalp1,2025-03
1117430,long,2025-03-03 00:25:00,2025-03-03 00:26:00,2025-03-03 00:28:00,2868.466,2869.466,TP,0.84,2,0.40697960361435614,ml_scalp1,2025-03
1117444,long,2025-03-03 00:39:00,2025-03-03 00:40:00,2025-03-03 00:43:00,2867.752,2868.752,TP,0.84,3,0.41081396049754504,ml_scalp1,2025-03
1117458,long,2025-03-03 00:53:00,2025-03-03 00:54:00,2025-03-03 00:57:00,2867.228,2866.748,SL,-0.64,3,0.4094648532526554,ml_scalp1,2025-03
1118832,long,2025-03-04 00:50:00,2025-03-04 00:51:00,2025-03-04 00:54:00,2890.484,2891.484,TP,0.84,3,0.4066789631118306,ml_scalp1,2025-03
1118846,long,2025-03-04 01:04:00,2025-03-04 01:05:00,2025-03-04 01:06:00,2890.183,2889.703,SL,-0.64,1,0.411503690989774,ml_scalp1,2025-03
1119303,long,2025-03-04 08:41:00,2025-03-04 08:42:00,2025-03-04 08:43:00,2913.89,2913.41,SL,-0.64,1,0.4067256954010255,ml_scalp1,2025-03
1119658,long,2025-03-04 14:36:00,2025-03-04 14:37:00,2025-03-04 14:38:00,2912.673,2912.1929999999998,SL,-0.64,1,0.4075138449616356,ml_scalp1,2025-03
1119680,long,2025-03-04 14:58:00,2025-03-04 14:59:00,2025-03-04 15:00:00,2905.506,2905.029,SL,-0.636,1,0.4114015546994173,ml_scalp1,2025-03
1119700,long,2025-03-04 15:18:00,2025-03-04 15:19:00,2025-03-04 15:20:00,2905.652,2905.172,SL,-0.64,1,0.4105992085207317,ml_scalp1,2025-03
1120145,long,2025-03-04 23:46:00,2025-03-04 23:47:00,2025-03-04 23:57:00,2914.979,2914.499,SL,-0.64,10,0.4066495853931128,ml_scalp1,2025-03
1120230,long,2025-03-05 01:11:00,2025-03-05 01:12:00,2025-03-05 01:13:00,2908.608,2908.128,SL,-0.64,1,0.41160742902473924,ml_scalp1,2025-03
1120275,long,2025-03-05 01:56:00,2025-03-05 01:57:00,2025-03-05 01:58:00,2908.487,2908.007,SL,-0.64,1,0.40745911571830584,ml_scalp1,2025-03
1120308,long,2025-03-05 02:29:00,2025-03-05 02:30:00,2025-03-05 02:31:00,2907.162,2906.682,SL,-0.64,1,0.41221139010761715,ml_scalp1,2025-03
1120336,long,2025-03-05 02:57:00,2025-03-05 02:58:00,2025-03-05 02:59:00,2903.175,2904.175,TP,0.84,1,0.40836280270630193,ml_scalp1,2025-03
1120375,long,2025-03-05 03:36:00,2025-03-05 03:37:00,2025-03-05 03:38:00,2908.026,2909.026,TP,0.84,1,0.4074698781553788,ml_scalp1,2025-03
1120477,long,2025-03-05 05:18:00,2025-03-05 05:19:00,2025-03-05 05:22:00,2910.574,2911.574,TP,0.84,3,0.4123392632777,ml_scalp1,2025-03
1120633,long,2025-03-05 07:54:00,2025-03-05 07:55:00,2025-03-05 07:56:00,2914.787,2915.787,TP,0.84,1,0.4073437532800072,ml_scalp1,2025-03
1120815,long,2025-03-05 10:56:00,2025-03-05 10:57:00,2025-03-05 10:58:00,2909.985,2910.985,TP,0.84,1,0.4096939868984544,ml_scalp1,2025-03
1120973,long,2025-03-05 13:34:00,2025-03-05 13:35:00,2025-03-05 13:36:00,2908.843,2908.363,SL,-0.64,1,0.41212413149492155,ml_scalp1,2025-03
1120985,long,2025-03-05 13:46:00,2025-03-05 13:47:00,2025-03-05 13:48:00,2900.183,2899.703,SL,-0.64,1,0.40741188808072093,ml_scalp1,2025-03
1121568,long,2025-03-06 00:32:00,2025-03-06 00:33:00,2025-03-06 00:45:00,2918.157,2917.677,SL,-0.64,12,0.4066764397645148,ml_scalp1,2025-03
1121595,long,2025-03-06 00:59:00,2025-03-06 01:00:00,2025-03-06 01:01:00,2916.785,2917.785,TP,0.84,1,0.4138218046956139,ml_scalp1,2025-03
1121611,long,2025-03-06 01:15:00,2025-03-06 01:16:00,2025-03-06 01:30:00,2918.52,2919.52,TP,0.84,14,0.40782837751445783,ml_scalp1,2025-03
1121746,long,2025-03-06 03:30:00,2025-03-06 03:31:00,2025-03-06 03:35:00,2923.056,2922.576,SL,-0.64,4,0.4073640044223021,ml_scalp1,2025-03
1122028,long,2025-03-06 08:12:00,2025-03-06 08:13:00,2025-03-06 08:14:00,2906.196,2907.196,TP,0.84,1,0.40696978242000226,ml_scalp1,2025-03
1122078,short,2025-03-06 09:02:00,2025-03-06 09:03:00,2025-03-06 09:04:00,2900.028,2900.508,SL,-0.64,1,0.36996132806133186,ml_scalp1,2025-03
1122140,short,2025-03-06 10:04:00,2025-03-06 10:05:00,2025-03-06 10:06:00,2893.24,2892.24,TP,0.841,1,0.3700311720634482,ml_scalp1,2025-03
1122160,short,2025-03-06 10:24:00,2025-03-06 10:25:00,2025-03-06 10:26:00,2897.922,2898.402,SL,-0.64,1,0.3701286233254878,ml_scalp1,2025-03
1122288,long,2025-03-06 12:32:00,2025-03-06 12:33:00,2025-03-06 12:34:00,2899.28,2900.28,TP,0.84,1,0.4076381151463329,ml_scalp1,2025-03
1122347,long,2025-03-06 13:31:00,2025-03-06 13:32:00,2025-03-06 13:33:00,2901.334,2902.334,TP,0.84,1,0.4079182158791842,ml_scalp1,2025-03
1122458,long,2025-03-06 15:22:00,2025-03-06 15:23:00,2025-03-06 15:24:00,2911.975,2911.495,SL,-0.64,1,0.41158986415765264,ml_scalp1,2025-03
1122608,long,2025-03-06 17:52:00,2025-03-06 17:53:00,2025-03-06 17:54:00,2914.661,2915.661,TP,0.84,1,0.4121118355211242,ml_scalp1,2025-03
1122923,long,2025-03-07 00:10:00,2025-03-07 00:11:00,2025-03-07 00:12:00,2897.483,2898.483,TP,0.84,1,0.42009707613951314,ml_scalp1,2025-03
1122953,long,2025-03-07 00:40:00,2025-03-07 00:41:00,2025-03-07 00:42:00,2905.956,2905.476,SL,-0.64,1,0.40763363889387005,ml_scalp1,2025-03
1122969,long,2025-03-07 00:56:00,2025-03-07 00:57:00,2025-03-07 00:59:00,2904.316,2905.316,TP,0.84,2,0.4078875951578632,ml_scalp1,2025-03
1123181,long,2025-03-07 04:28:00,2025-03-07 04:29:00,2025-03-07 04:30:00,2906.582,2906.102,SL,-0.64,1,0.41027921677139423,ml_scalp1,2025-03
1123195,long,2025-03-07 04:42:00,2025-03-07 04:43:00,2025-03-07 04:47:00,2906.774,2907.774,TP,0.84,4,0.40779394651162104,ml_scalp1,2025-03
1123212,long,2025-03-07 04:59:00,2025-03-07 05:00:00,2025-03-07 05:05:00,2906.652,2907.652,TP,0.84,5,0.41020389540935764,ml_scalp1,2025-03
1123228,long,2025-03-07 05:15:00,2025-03-07 05:16:00,2025-03-07 05:20:00,2909.148,2910.148,TP,0.84,4,0.4117065804440577,ml_scalp1,2025-03
1123536,long,2025-03-07 10:23:00,2025-03-07 10:24:00,2025-03-07 10:25:00,2917.988,2917.508,SL,-0.64,1,0.4096174080614513,ml_scalp1,2025-03
1123565,long,2025-03-07 10:52:00,2025-03-07 10:53:00,2025-03-07 10:54:00,2918.761,2918.281,SL,-0.64,1,0.40693204662403915,ml_scalp1,2025-03
1123717,long,2025-03-07 13:24:00,2025-03-07 13:25:00,2025-03-07 13:26:00,2911.485,2912.485,TP,0.84,1,0.4090719171930178,ml_scalp1,2025-03
1123753,long,2025-03-07 14:00:00,2025-03-07 14:01:00,2025-03-07 14:02:00,2911.843,2911.363,SL,-0.64,1,0.40715870885051697,ml_scalp1,2025-03
1124375,long,2025-03-10 00:29:00,2025-03-10 00:30:00,2025-03-10 00:31:00,2914.79,2914.31,SL,-0.64,1,0.4078152268790068,ml_scalp1,2025-03
1124406,long,2025-03-10 01:00:00,2025-03-10 01:01:00,2025-03-10 01:02:00,2914.582,2915.582,TP,0.84,1,0.40957361915992613,ml_scalp1,2025-03
1124419,long,2025-03-10 01:13:00,2025-03-10 01:14:00,2025-03-10 01:16:00,2917.218,2916.738,SL,-0.64,2,0.4068188912217758,ml_scalp1,2025-03
1125046,long,2025-03-10 11:40:00,2025-03-10 11:41:00,2025-03-10 11:42:00,2896.767,2897.767,TP,0.84,1,0.409158268806032,ml_scalp1,2025-03
1125353,long,2025-03-10 16:47:00,2025-03-10 16:48:00,2025-03-10 16:49:00,2896.596,2897.596,TP,0.84,1,0.40670984374166935,ml_scalp1,2025-03
1125367,long,2025-03-10 17:01:00,2025-03-10 17:02:00,2025-03-10 17:03:00,2894.099,2895.099,TP,0.84,1,0.4075815015110942,ml_scalp1,2025-03
1125391,short,2025-03-10 17:25:00,2025-03-10 17:26:00,2025-03-10 17:27:00,2892.169,2891.169,TP,0.84,1,0.3700129343725832,ml_scalp1,2025-03
1125403,long,2025-03-10 17:37:00,2025-03-10 17:38:00,2025-03-10 17:39:00,2890.318,2889.838,SL,-0.64,1,0.41073352952047987,ml_scalp1,2025-03
1125415,short,2025-03-10 17:49:00,2025-03-10 17:50:00,2025-03-10 17:51:00,2884.357,2884.837,SL,-0.64,1,0.3701953961093472,ml_scalp1,2025-03
1125427,long,2025-03-10 18:01:00,2025-03-10 18:02:00,2025-03-10 18:03:00,2882.847,2882.367,SL,-0.64,1,0.4077464261969528,ml_scalp1,2025-03
1125439,short,2025-03-10 18:13:00,2025-03-10 18:14:00,2025-03-10 18:16:00,2884.495,2883.495,TP,0.84,2,0.3700091261925311,ml_scalp1,2025-03
1125452,short,2025-03-10 18:26:00,2025-03-10 18:27:00,2025-03-10 18:28:00,2883.337,2883.817,SL,-0.64,1,0.369985306261973,ml_scalp1,2025-03
1125775,long,2025-03-11 00:52:00,2025-03-11 00:53:00,2025-03-11 00:54:00,2886.208,2887.208,TP,0.84,1,0.4125309822317608,ml_scalp1,2025-03
1125793,long,2025-03-11 01:10:00,2025-03-11 01:11:00,2025-03-11 01:12:00,2882.147,2883.147,TP,0.84,1,0.416378357000504,ml_scalp1,2025-03
1126004,long,2025-03-11 04:41:00,2025-03-11 04:42:00,2025-03-11 04:48:00,2897.611,2897.131,SL,-0.64,6,0.4080858314918309,ml_scalp1,2025-03
1126026,long,2025-03-11 05:03:00,2025-03-11 05:04:00,2025-03-11 05:05:00,2898.092,2897.612,SL,-0.64,1,0.4202295004997819,ml_scalp1,2025-03
1126038,long,2025-03-11 05:15:00,2025-03-11 05:16:00,2025-03-11 05:17:00,2897.656,2898.656,TP,0.84,1,0.4369539235087017,ml_scalp1,2025-03
1126051,long,2025-03-11 05:28:00,2025-03-11 05:29:00,2025-03-11 05:30:00,2897.909,2897.429,SL,-0.64,1,0.42830219176459483,ml_scalp1,2025-03
1126063,long,2025-03-11 05:40:00,2025-03-11 05:41:00,2025-03-11 05:42:00,2896.59,2897.59,TP,0.84,1,0.41905715202278526,ml_scalp1,2025-03
1126082,long,2025-03-11 05:59:00,2025-03-11 06:00:00,2025-03-11 06:04:00,2895.812,2895.332,SL,-0.64,4,0.4079730324060408,ml_scalp1,2025-03
1126168,long,2025-03-11 07:25:00,2025-03-11 07:26:00,2025-03-11 07:31:00,2900.021,2901.021,TP,0.84,5,0.40839368936347026,ml_scalp1,2025-03
1127897,long,2025-03-12 13:17:00,2025-03-12 13:18:00,2025-03-12 13:19:00,2912.891,2912.411,SL,-0.64,1,0.40779056307569095,ml_scalp1,2025-03
1128784,long,2025-03-13 05:07:00,2025-03-13 05:08:00,2025-03-13 05:10:00,2944.794,2944.314,SL,-0.64,2,0.4111520139368761,ml_scalp1,2025-03
1128797,long,2025-03-13 05:20:00,2025-03-13 05:21:00,2025-03-13 05:26:00,2942.857,2942.38,SL,-0.636,5,0.4125153645043074,ml_scalp1,2025-03
1129796,long,2025-03-13 23:02:00,2025-03-13 23:03:00,2025-03-13 23:05:00,2986.726,2986.246,SL,-0.64,2,0.40685534499437354,ml_scalp1,2025-03
1129899,long,2025-03-14 00:45:00,2025-03-14 00:46:00,2025-03-14 00:47:00,2984.993,2985.993,TP,0.84,1,0.41242433255572564,ml_scalp1,2025-03
1130493,long,2025-03-14 10:39:00,2025-03-14 10:40:00,2025-03-14 10:41:00,2990.068,2989.588,SL,-0.64,1,0.41093948296158367,ml_scalp1,2025-03
1130562,long,2025-03-14 11:48:00,2025-03-14 11:49:00,2025-03-14 11:50:00,2996.338,2997.338,TP,0.84,1,0.40679208753898505,ml_scalp1,2025-03
1130574,long,2025-03-14 12:00:00,2025-03-14 12:01:00,2025-03-14 12:02:00,2994.207,2995.207,TP,0.84,1,0.4135264650407307,ml_scalp1,2025-03
1130604,long,2025-03-14 12:30:00,2025-03-14 12:31:00,2025-03-14 12:32:00,2996.14,2997.14,TP,0.84,1,0.40719035649463814,ml_scalp1,2025-03
1130666,long,2025-03-14 13:32:00,2025-03-14 13:33:00,2025-03-14 13:34:00,2989.495,2989.015,SL,-0.64,1,0.4081714075871508,ml_scalp1,2025-03
1130691,long,2025-03-14 13:57:00,2025-03-14 13:58:00,2025-03-14 13:59:00,2984.842,2985.842,TP,0.84,1,0.4066523584419088,ml_scalp1,2025-03
1130723,long,2025-03-14 14:29:00,2025-03-14 14:30:00,2025-03-14 14:31:00,2983.152,2984.152,TP,0.84,1,0.4143799237399267,ml_scalp1,2025-03
1130755,long,2025-03-14 15:01:00,2025-03-14 15:02:00,2025-03-14 15:03:00,2982.101,2981.621,SL,-0.64,1,0.4095600529461715,ml_scalp1,2025-03
1131258,long,2025-03-17 00:31:00,2025-03-17 00:32:00,2025-03-17 00:33:00,2990.375,2989.895,SL,-0.64,1,0.40964791160627545,ml_scalp1,2025-03
1131959,long,2025-03-17 12:12:00,2025-03-17 12:13:00,2025-03-17 12:14:00,2990.823,2990.343,SL,-0.64,1,0.4072331123132616,ml_scalp1,2025-03
1133423,long,2025-03-18 13:39:00,2025-03-18 13:40:00,2025-03-18 13:41:00,3027.764,3028.764,TP,0.84,1,0.4133945303663318,ml_scalp1,2025-03
1133445,long,2025-03-18 14:01:00,2025-03-18 14:02:00,2025-03-18 14:03:00,3029.905,3030.905,TP,0.841,1,0.41283350841375166,ml_scalp1,2025-03
1134419,long,2025-03-19 07:18:00,2025-03-19 07:19:00,2025-03-19 07:20:00,3040.075,3039.595,SL,-0.64,1,0.4065895492960529,ml_scalp1,2025-03
1134433,long,2025-03-19 07:32:00,2025-03-19 07:33:00,2025-03-19 07:36:00,3041.405,3040.925,SL,-0.64,3,0.4073436657208922,ml_scalp1,2025-03
1134471,long,2025-03-19 08:10:00,2025-03-19 08:11:00,2025-03-19 08:12:00,3031.822,3032.822,TP,0.84,1,0.4101162491889915,ml_scalp1,2025-03
1134794,long,2025-03-19 13:33:00,2025-03-19 13:34:00,2025-03-19 13:35:00,3029.786,3030.786,TP,0.84,1,0.4167674220728694,ml_scalp1,2025-03
1134828,long,2025-03-19 14:07:00,2025-03-19 14:08:00,2025-03-19 14:09:00,3027.956,3027.476,SL,-0.64,1,0.4078203372626532,ml_scalp1,2025-03
1135397,long,2025-03-20 00:39:00,2025-03-20 00:40:00,2025-03-20 00:42:00,3051.291,3052.291,TP,0.84,2,0.4104952964365529,ml_scalp1,2025-03
1135966,long,2025-03-20 10:08:00,2025-03-20 10:09:00,2025-03-20 10:10:00,3036.192,3035.712,SL,-0.64,1,0.40713575631285137,ml_scalp1,2025-03
1135989,long,2025-03-20 10:31:00,2025-03-20 10:32:00,2025-03-20 10:33:00,3027.207,3028.207,TP,0.841,1,0.4126967720189799,ml_scalp1,2025-03
1136001,short,2025-03-20 10:43:00,2025-03-20 10:44:00,2025-03-20 10:45:00,3027.927,3028.407,SL,-0.64,1,0.3704005777183449,ml_scalp1,2025-03
1136720,long,2025-03-20 23:45:00,2025-03-20 23:46:00,2025-03-20 23:57:00,3045.389,3046.389,TP,0.84,11,0.42016814414602527,ml_scalp1,2025-03
1136746,long,2025-03-21 00:11:00,2025-03-21 00:12:00,2025-03-21 00:13:00,3045.224,3044.744,SL,-0.64,1,0.4108408902054098,ml_scalp1,2025-03
1136758,long,2025-03-21 00:23:00,2025-03-21 00:24:00,2025-03-21 00:28:00,3043.851,3043.371,SL,-0.64,4,0.4145230956051258,ml_scalp1,2025-03
1136773,long,2025-03-21 00:38:00,2025-03-21 00:39:00,2025-03-21 00:43:00,3043.019,3044.019,TP,0.84,4,0.4410645045622409,ml_scalp1,2025-03
1136788,long,2025-03-21 00:53:00,2025-03-21 00:54:00,2025-03-21 00:58:00,3043.347,3042.867,SL,-0.64,4,0.4306759412193377,ml_scalp1,2025-03
1136810,long,2025-03-21 01:15:00,2025-03-21 01:16:00,2025-03-21 01:17:00,3042.4,3041.92,SL,-0.64,1,0.4069956516935033,ml_scalp1,2025-03
1136824,long,2025-03-21 01:29:00,2025-03-21 01:30:00,2025-03-21 01:31:00,3042.095,3041.615,SL,-0.64,1,0.40775855681918016,ml_scalp1,2025-03
1136836,long,2025-03-21 01:41:00,2025-03-21 01:42:00,2025-03-21 01:43:00,3041.022,3040.542,SL,-0.64,1,0.40922986365721153,ml_scalp1,2025-03
1136871,long,2025-03-21 02:16:00,2025-03-21 02:17:00,2025-03-21 02:21:00,3035.009,3034.529,SL,-0.64,4,0.4094959527113227,ml_scalp1,2025-03
1136886,long,2025-03-21 02:31:00,2025-03-21 02:32:00,2025-03-21 02:45:00,3034.243,3035.243,TP,0.84,13,0.4095956884803806,ml_scalp1,2025-03
1136938,long,2025-03-21 03:23:00,2025-03-21 03:24:00,2025-03-21 03:25:00,3031.59,3031.11,SL,-0.64,1,0.40657972072791815,ml_scalp1,2025-03
1137077,long,2025-03-21 05:42:00,2025-03-21 05:43:00,2025-03-21 05:44:00,3022.884,3023.884,TP,0.841,1,0.4107210446911747,ml_scalp1,2025-03
1137546,long,2025-03-21 13:31:00,2025-03-21 13:32:00,2025-03-21 13:33:00,3027.602,3027.122,SL,-0.64,1,0.4158832563686568,ml_scalp1,2025-03
1137558,short,2025-03-21 13:43:00,2025-03-21 13:44:00,2025-03-21 13:45:00,3015.273,3014.273,TP,0.84,1,0.36997978371480633,ml_scalp1,2025-03
1137570,short,2025-03-21 13:55:00,2025-03-21 13:56:00,2025-03-21 13:57:00,3010.838,3009.838,TP,0.84,1,0.37071482347218865,ml_scalp1,2025-03
1137582,short,2025-03-21 14:07:00,2025-03-21 14:08:00,2025-03-21 14:09:00,3002.629,3001.629,TP,0.841,1,0.370489612751232,ml_scalp1,2025-03
1137594,short,2025-03-21 14:19:00,2025-03-21 14:20:00,2025-03-21 14:21:00,3004.436,3004.916,SL,-0.64,1,0.3709714714638112,ml_scalp1,2025-03
1137606,short,2025-03-21 14:31:00,2025-03-21 14:32:00,2025-03-21 14:33:00,3008.246,3007.246,TP,0.84,1,0.3709229077460994,ml_scalp1,2025-03
1137618,short,2025-03-21 14:43:00,2025-03-21 14:44:00,2025-03-21 14:45:00,3010.772,3009.772,TP,0.84,1,0.37072251403651296,ml_scalp1,2025-03
1137630,short,2025-03-21 14:55:00,2025-03-21 14:56:00,2025-03-21 14:57:00,3014.682,3015.162,SL,-0.64,1,0.3704027894846953,ml_scalp1,2025-03
1137642,short,2025-03-21 15:07:00,2025-03-21 15:08:00,2025-03-21 15:09:00,3017.281,3016.281,TP,0.84,1,0.37022358412211026,ml_scalp1,2025-03
1137654,short,2025-03-21 15:19:00,2025-03-21 15:20:00,2025-03-21 15:21:00,3014.928,3013.928,TP,0.841,1,0.37019412473083524,ml_scalp1,2025-03
1137666,short,2025-03-21 15:31:00,2025-03-21 15:32:00,2025-03-21 15:33:00,3013.594,3012.594,TP,0.84,1,0.370226219275662,ml_scalp1,2025-03
1137678,short,2025-03-21 15:43:00,2025-03-21 15:44:00,2025-03-21 15:45:00,3012.081,3012.561,SL,-0.64,1,0.3702699198939949,ml_scalp1,2025-03
1137690,short,2025-03-21 15:55:00,2025-03-21 15:56:00,2025-03-21 15:57:00,3012.567,3011.567,TP,0.84,1,0.37024950160421083,ml_scalp1,2025-03
1137702,short,2025-03-21 16:07:00,2025-03-21 16:08:00,2025-03-21 16:09:00,3014.62,3013.62,TP,0.84,1,0.3704273644750355,ml_scalp1,2025-03
1137714,short,2025-03-21 16:19:00,2025-03-21 16:20:00,2025-03-21 16:21:00,3014.322,3014.802,SL,-0.64,1,0.37027119813948384,ml_scalp1,2025-03
1138124,long,2025-03-24 00:16:00,2025-03-24 00:17:00,2025-03-24 00:18:00,3023.929,3023.449,SL,-0.64,1,0.41027599704968365,ml_scalp1,2025-03
1138136,long,2025-03-24 00:28:00,2025-03-24 00:29:00,2025-03-24 00:30:00,3023.285,3022.805,SL,-0.64,1,0.4191775235635124,ml_scalp1,2025-03
1138161,long,2025-03-24 00:53:00,2025-03-24 00:54:00,2025-03-24 00:55:00,3018.862,3018.382,SL,-0.64,1,0.40998175186925045,ml_scalp1,2025-03
1138173,long,2025-03-24 01:05:00,2025-03-24 01:06:00,2025-03-24 01:07:00,3021.629,3022.629,TP,0.84,1,0.40678636985051364,ml_scalp1,2025-03
1138436,long,2025-03-24 05:28:00,2025-03-24 05:29:00,2025-03-24 05:30:00,3022.538,3022.058,SL,-0.64,1,0.40931302571701683,ml_scalp1,2025-03
1138470,long,2025-03-24 06:02:00,2025-03-24 06:03:00,2025-03-24 06:08:00,3021.827,3021.347,SL,-0.64,5,0.4078112267228602,ml_scalp1,2025-03
1138933,long,2025-03-24 13:45:00,2025-03-24 13:46:00,2025-03-24 13:47:00,3019.233,3020.233,TP,0.84,1,0.4108070826756886,ml_scalp1,2025-03
1138981,long,2025-03-24 14:33:00,2025-03-24 14:34:00,2025-03-24 14:35:00,3011.945,3011.465,SL,-0.64,1,0.4198617874402978,ml_scalp1,2025-03
1138994,long,2025-03-24 14:46:00,2025-03-24 14:47:00,2025-03-24 14:49:00,3008.675,3009.675,TP,0.84,2,0.40844907407929976,ml_scalp1,2025-03
1139010,long,2025-03-24 15:02:00,2025-03-24 15:03:00,2025-03-24 15:05:00,3008.059,3007.579,SL,-0.64,2,0.410344678845311,ml_scalp1,2025-03
1139912,long,2025-03-25 07:07:00,2025-03-25 07:08:00,2025-03-25 07:09:00,3015.69,3016.69,TP,0.84,1,0.40668846442262624,ml_scalp1,2025-03
1140208,long,2025-03-25 12:03:00,2025-03-25 12:04:00,2025-03-25 12:05:00,3019.598,3019.118,SL,-0.64,1,0.40687523870536785,ml_scalp1,2025-03
1140222,long,2025-03-25 12:17:00,2025-03-25 12:18:00,2025-03-25 12:19:00,3017.068,3016.588,SL,-0.64,1,0.4066588175250374,ml_scalp1,2025-03
1140342,long,2025-03-25 14:17:00,2025-03-25 14:18:00,2025-03-25 14:19:00,3030.304,3029.824,SL,-0.64,1,0.4077461621321165,ml_scalp1,2025-03
1140354,long,2025-03-25 14:29:00,2025-03-25 14:30:00,2025-03-25 14:31:00,3028.134,3029.134,TP,0.84,1,0.40871804793113103,ml_scalp1,2025-03
1140397,long,2025-03-25 15:12:00,2025-03-25 15:13:00,2025-03-25 15:14:00,3022.04,3023.04,TP,0.84,1,0.40811573099806775,ml_scalp1,2025-03
1140425,long,2025-03-25 15:40:00,2025-03-25 15:41:00,2025-03-25 15:42:00,3020.95,3021.95,TP,0.84,1,0.407295473422612,ml_scalp1,2025-03
1140457,long,2025-03-25 16:12:00,2025-03-25 16:13:00,2025-03-25 16:15:00,3023.589,3023.109,SL,-0.64,2,0.40765588655566987,ml_scalp1,2025-03
1140470,long,2025-03-25 16:25:00,2025-03-25 16:26:00,2025-03-25 16:27:00,3023.282,3022.802,SL,-0.64,1,0.41168517448346564,ml_scalp1,2025-03
1140848,long,2025-03-25 23:46:00,2025-03-25 23:47:00,2025-03-26 00:04:00,3020.677,3021.677,TP,0.84,17,0.41838846005919356,ml_scalp1,2025-03
1141023,long,2025-03-26 02:41:00,2025-03-26 02:42:00,2025-03-26 02:43:00,3025.021,3024.541,SL,-0.64,1,0.40671751365401443,ml_scalp1,2025-03
1141690,long,2025-03-26 13:48:00,2025-03-26 13:49:00,2025-03-26 13:50:00,3019.271,3018.791,SL,-0.64,1,0.40728375406395156,ml_scalp1,2025-03
1141762,long,2025-03-26 15:00:00,2025-03-26 15:01:00,2025-03-26 15:02:00,3015.15,3014.67,SL,-0.64,1,0.41449526426638267,ml_scalp1,2025-03
1143030,long,2025-03-27 13:11:00,2025-03-27 13:12:00,2025-03-27 13:13:00,3045.175,3046.175,TP,0.84,1,0.41431917812377483,ml_scalp1,2025-03
1143042,long,2025-03-27 13:23:00,2025-03-27 13:24:00,2025-03-27 13:25:00,3038.831,3039.831,TP,0.84,1,0.4141762549819742,ml_scalp1,2025-03
1143056,long,2025-03-27 13:37:00,2025-03-27 13:38:00,2025-03-27 13:39:00,3035.918,3036.918,TP,0.84,1,0.4090643077062077,ml_scalp1,2025-03
1143276,long,2025-03-27 17:17:00,2025-03-27 17:18:00,2025-03-27 17:22:00,3050.896,3050.416,SL,-0.64,4,0.41005035249922206,ml_scalp1,2025-03
1143292,long,2025-03-27 17:33:00,2025-03-27 17:34:00,2025-03-27 17:35:00,3049.939,3050.939,TP,0.84,1,0.40804548028141235,ml_scalp1,2025-03
1143304,long,2025-03-27 17:45:00,2025-03-27 17:46:00,2025-03-27 17:48:00,3050.23,3051.23,TP,0.84,2,0.40843183433823826,ml_scalp1,2025-03
1143467,long,2025-03-27 20:30:00,2025-03-27 20:31:00,2025-03-27 22:01:00,3056.362,3055.882,SL,-0.64,27,0.41751308177312146,ml_scalp1,2025-03
1143540,long,2025-03-27 22:46:00,2025-03-27 22:47:00,2025-03-27 22:57:00,3055.82,3055.34,SL,-0.64,10,0.41370278943914485,ml_scalp1,2025-03
1143867,long,2025-03-28 04:13:00,2025-03-28 04:14:00,2025-03-28 04:19:00,3072.968,3073.968,TP,0.84,5,0.41115483951077647,ml_scalp1,2025-03
1143883,long,2025-03-28 04:29:00,2025-03-28 04:30:00,2025-03-28 04:31:00,3074.054,3073.574,SL,-0.64,1,0.4089211264871484,ml_scalp1,2025-03
1143895,long,2025-03-28 04:41:00,2025-03-28 04:42:00,2025-03-28 04:43:00,3074.457,3073.977,SL,-0.64,1,0.40681015122308384,ml_scalp1,2025-03
1143907,long,2025-03-28 04:53:00,2025-03-28 04:54:00,2025-03-28 05:00:00,3073.108,3074.108,TP,0.84,6,0.41234624008859744,ml_scalp1,2025-03
1143924,long,2025-03-28 05:10:00,2025-03-28 05:11:00,2025-03-28 05:12:00,3073.453,3072.973,SL,-0.64,1,0.4357141886502667,ml_scalp1,2025-03
1143936,long,2025-03-28 05:22:00,2025-03-28 05:23:00,2025-03-28 05:24:00,3074.624,3075.624,TP,0.84,1,0.41000865729548125,ml_scalp1,2025-03
1144119,long,2025-03-28 08:25:00,2025-03-28 08:26:00,2025-03-28 08:27:00,3068.405,3069.405,TP,0.841,1,0.41080050521229383,ml_scalp1,2025-03
1144336,long,2025-03-28 12:02:00,2025-03-28 12:03:00,2025-03-28 12:04:00,3075.637,3075.157,SL,-0.64,1,0.40684720251693185,ml_scalp1,2025-03
1144459,long,2025-03-28 14:05:00,2025-03-28 14:06:00,2025-03-28 14:07:00,3085.996,3085.516,SL,-0.64,1,0.4093183832204847,ml_scalp1,2025-03
1144484,long,2025-03-28 14:30:00,2025-03-28 14:31:00,2025-03-28 14:32:00,3074.371,3073.891,SL,-0.64,1,0.4097191512944003,ml_scalp1,2025-03
1144651,long,2025-03-28 17:17:00,2025-03-28 17:18:00,2025-03-28 17:20:00,3082.959,3083.959,TP,0.84,2,0.40812658640392624,ml_scalp1,2025-03
1144672,long,2025-03-28 17:38:00,2025-03-28 17:39:00,2025-03-28 17:41:00,3080.175,3079.695,SL,-0.64,2,0.4073099252099556,ml_scalp1,2025-03
1144740,long,2025-03-28 18:46:00,2025-03-28 18:47:00,2025-03-28 18:49:00,3076.63,3077.63,TP,0.84,2,0.41053093211572494,ml_scalp1,2025-03
1144886,long,2025-03-30 22:19:00,2025-03-30 22:20:00,2025-03-30 22:21:00,3090.132,3091.132,TP,0.84,1,0.40880707582773135,ml_scalp1,2025-03
1144901,long,2025-03-30 22:34:00,2025-03-30 22:35:00,2025-03-30 22:37:00,3088.946,3089.946,TP,0.84,2,0.4086499259156527,ml_scalp1,2025-03
1144960,long,2025-03-30 23:33:00,2025-03-30 23:34:00,2025-03-30 23:35:00,3088.995,3088.515,SL,-0.64,1,0.4068289236626716,ml_scalp1,2025-03
1144987,long,2025-03-31 00:00:00,2025-03-31 00:01:00,2025-03-31 00:02:00,3088.273,3087.793,SL,-0.64,1,0.4161752933754572,ml_scalp1,2025-03
1144999,long,2025-03-31 00:12:00,2025-03-31 00:13:00,2025-03-31 00:14:00,3086.872,3086.392,SL,-0.64,1,0.4199286044850908,ml_scalp1,2025-03
1145011,long,2025-03-31 00:24:00,2025-03-31 00:25:00,2025-03-31 00:26:00,3085.955,3085.475,SL,-0.64,1,0.42642935169440843,ml_scalp1,2025-03
1145023,long,2025-03-31 00:36:00,2025-03-31 00:37:00,2025-03-31 00:48:00,3083.749,3083.269,SL,-0.64,11,0.41651934140538516,ml_scalp1,2025-03
1145045,long,2025-03-31 00:58:00,2025-03-31 00:59:00,2025-03-31 01:00:00,3079.338,3078.858,SL,-0.64,1,0.4172949261339383,ml_scalp1,2025-03
1145057,long,2025-03-31 01:10:00,2025-03-31 01:11:00,2025-03-31 01:12:00,3080.64,3080.16,SL,-0.64,1,0.40857570729143083,ml_scalp1,2025-03
1145079,long,2025-03-31 01:32:00,2025-03-31 01:33:00,2025-03-31 01:34:00,3091.47,3092.47,TP,0.84,1,0.4075175645838144,ml_scalp1,2025-03
1145132,long,2025-03-31 02:25:00,2025-03-31 02:26:00,2025-03-31 02:27:00,3098.562,3099.562,TP,0.84,1,0.40954967793909336,ml_scalp1,2025-03
1145445,long,2025-03-31 07:38:00,2025-03-31 07:39:00,2025-03-31 07:45:00,3118.671,3119.671,TP,0.84,6,0.4086207278708716,ml_scalp1,2025-03
1145503,long,2025-03-31 08:36:00,2025-03-31 08:37:00,2025-03-31 08:42:00,3122.619,3122.139,SL,-0.64,5,0.40667979563289497,ml_scalp1,2025-03
1145554,long,2025-03-31 09:27:00,2025-03-31 09:28:00,2025-03-31 09:29:00,3119.542,3120.542,TP,0.84,1,0.407094843398855,ml_scalp1,2025-03
1145807,long,2025-03-31 13:40:00,2025-03-31 13:41:00,2025-03-31 13:42:00,3106.051,3105.571,SL,-0.64,1,0.4100672643592737,ml_scalp1,2025-03
1146561,long,2025-04-01 03:17:00,2025-04-01 03:18:00,2025-04-01 03:20:00,3144.274,3143.794,SL,-0.64,2,0.3911554545621197,ml_scalp1,2025-04
1146665,long,2025-04-01 05:01:00,2025-04-01 05:02:00,2025-04-01 05:03:00,3144.151,3143.671,SL,-0.64,1,0.3910541481465693,ml_scalp1,2025-04
1146717,long,2025-04-01 05:53:00,2025-04-01 05:54:00,2025-04-01 05:55:00,3135.888,3135.408,SL,-0.64,1,0.39208526061262794,ml_scalp1,2025-04
1146830,long,2025-04-01 07:46:00,2025-04-01 07:47:00,2025-04-01 07:48:00,3125.212,3126.212,TP,0.84,1,0.39168034068444796,ml_scalp1,2025-04
1147069,long,2025-04-01 11:45:00,2025-04-01 11:46:00,2025-04-01 11:47:00,3132.022,3133.022,TP,0.84,1,0.3913849536582195,ml_scalp1,2025-04
1147217,long,2025-04-01 14:13:00,2025-04-01 14:14:00,2025-04-01 14:15:00,3128.015,3127.535,SL,-0.64,1,0.3935654520961248,ml_scalp1,2025-04
1147307,long,2025-04-01 15:43:00,2025-04-01 15:44:00,2025-04-01 15:45:00,3119.675,3120.675,TP,0.84,1,0.3969109726759175,ml_scalp1,2025-04
1147321,long,2025-04-01 15:57:00,2025-04-01 15:58:00,2025-04-01 15:59:00,3115.925,3115.445,SL,-0.64,1,0.3946113716842124,ml_scalp1,2025-04
1147333,short,2025-04-01 16:09:00,2025-04-01 16:10:00,2025-04-01 16:11:00,3109.852,3108.852,TP,0.84,1,0.36623046279655036,ml_scalp1,2025-04
1147345,short,2025-04-01 16:21:00,2025-04-01 16:22:00,2025-04-01 16:23:00,3107.049,3106.049,TP,0.84,1,0.3663080564354851,ml_scalp1,2025-04
1147357,short,2025-04-01 16:33:00,2025-04-01 16:34:00,2025-04-01 16:35:00,3106.651,3107.131,SL,-0.64,1,0.36639912196896174,ml_scalp1,2025-04
1147369,short,2025-04-01 16:45:00,2025-04-01 16:46:00,2025-04-01 16:47:00,3107.136,3107.616,SL,-0.64,1,0.36639912196896174,ml_scalp1,2025-04
1148170,long,2025-04-02 07:09:00,2025-04-02 07:10:00,2025-04-02 07:11:00,3112.205,3113.205,TP,0.84,1,0.3920439534167803,ml_scalp1,2025-04
1148382,long,2025-04-02 10:41:00,2025-04-02 10:42:00,2025-04-02 10:43:00,3119.966,3119.486,SL,-0.64,1,0.39388439717833346,ml_scalp1,2025-04
1148395,long,2025-04-02 10:54:00,2025-04-02 10:55:00,2025-04-02 10:56:00,3111.639,3112.639,TP,0.84,1,0.39813668777780953,ml_scalp1,2025-04
1148566,long,2025-04-02 13:45:00,2025-04-02 13:46:00,2025-04-02 13:47:00,3124.42,3123.94,SL,-0.64,1,0.398405967625821,ml_scalp1,2025-04
1148663,long,2025-04-02 15:22:00,2025-04-02 15:23:00,2025-04-02 15:24:00,3122.004,3123.004,TP,0.84,1,0.39180181251671875,ml_scalp1,2025-04
1148958,long,2025-04-02 20:17:00,2025-04-02 20:18:00,2025-04-02 20:19:00,3109.418,3110.418,TP,0.841,1,0.39118347708439377,ml_scalp1,2025-04
1148970,long,2025-04-02 20:29:00,2025-04-02 20:30:00,2025-04-02 20:31:00,3139.407,3138.69,SL,-0.9560000000000001,1,0.3967412706683093,ml_scalp1,2025-04
1148997,long,2025-04-02 20:56:00,2025-04-02 20:57:00,2025-04-02 22:04:00,3134.284,3133.567,SL,-0.9560000000000001,1,0.39488404540759814,ml_scalp1,2025-04
1149014,long,2025-04-02 22:19:00,2025-04-02 22:20:00,2025-04-02 22:21:00,3141.571,3141.091,SL,-0.64,1,0.3913231791973779,ml_scalp1,2025-04
1149026,long,2025-04-02 22:31:00,2025-04-02 22:32:00,2025-04-02 22:33:00,3136.931,3137.931,TP,0.84,1,0.390941659826618,ml_scalp1,2025-04
1149123,long,2025-04-03 00:08:00,2025-04-03 00:09:00,2025-04-03 00:10:00,3156.046,3155.566,SL,-0.64,1,0.3933306104670935,ml_scalp1,2025-04
1149135,long,2025-04-03 00:20:00,2025-04-03 00:21:00,2025-04-03 00:22:00,3143.303,3142.823,SL,-0.64,1,0.3984269556289975,ml_scalp1,2025-04
1149158,long,2025-04-03 00:43:00,2025-04-03 00:44:00,2025-04-03 00:45:00,3148.656,3148.176,SL,-0.64,1,0.3911510284242302,ml_scalp1,2025-04
1149186,long,2025-04-03 01:11:00,2025-04-03 01:12:00,2025-04-03 01:13:00,3149.463,3150.463,TP,0.841,1,0.3951074117245319,ml_scalp1,2025-04
1149202,long,2025-04-03 01:27:00,2025-04-03 01:28:00,2025-04-03 01:29:00,3151.265,3152.265,TP,0.84,1,0.3909022906950935,ml_scalp1,2025-04
1149224,long,2025-04-03 01:49:00,2025-04-03 01:50:00,2025-04-03 01:51:00,3153.578,3153.098,SL,-0.64,1,0.39303263717776826,ml_scalp1,2025-04
1149265,long,2025-04-03 02:30:00,2025-04-03 02:31:00,2025-04-03 02:32:00,3149.275,3148.795,SL,-0.64,1,0.39167655353641356,ml_scalp1,2025-04
1149374,long,2025-04-03 04:19:00,2025-04-03 04:20:00,2025-04-03 04:22:00,3148.592,3148.112,SL,-0.64,2,0.3930117287881738,ml_scalp1,2025-04
1149431,long,2025-04-03 05:16:00,2025-04-03 05:17:00,2025-04-03 05:19:00,3131.07,3132.07,TP,0.84,2,0.39593993439115516,ml_scalp1,2025-04
1149505,long,2025-04-03 06:30:00,2025-04-03 06:31:00,2025-04-03 06:32:00,3117.05,3118.05,TP,0.841,1,0.39392413516406166,ml_scalp1,2025-04
1149722,long,2025-04-03 10:07:00,2025-04-03 10:08:00,2025-04-03 10:09:00,3117.377,3116.897,SL,-0.64,1,0.39154703115881995,ml_scalp1,2025-04
1149739,long,2025-04-03 10:24:00,2025-04-03 10:25:00,2025-04-03 10:26:00,3111.273,3110.793,SL,-0.64,1,0.39152799351728934,ml_scalp1,2025-04
1149751,long,2025-04-03 10:36:00,2025-04-03 10:37:00,2025-04-03 10:38:00,3101.874,3102.874,TP,0.84,1,0.3911374040581935,ml_scalp1,2025-04
1149765,short,2025-04-03 10:50:00,2025-04-03 10:51:00,2025-04-03 10:52:00,3107.741,3106.741,TP,0.84,1,0.3661591351920921,ml_scalp1,2025-04
1149777,long,2025-04-03 11:02:00,2025-04-03 11:03:00,2025-04-03 11:04:00,3093.601,3094.601,TP,0.84,1,0.3918870963336688,ml_scalp1,2025-04
1149789,short,2025-04-03 11:14:00,2025-04-03 11:15:00,2025-04-03 11:16:00,3098.252,3098.732,SL,-0.64,1,0.3663328675077228,ml_scalp1,2025-04
1149804,short,2025-04-03 11:29:00,2025-04-03 11:30:00,2025-04-03 11:31:00,3092.208,3091.208,TP,0.841,1,0.3662291560964778,ml_scalp1,2025-04
1149816,short,2025-04-03 11:41:00,2025-04-03 11:42:00,2025-04-03 11:43:00,3085.955,3086.432,SL,-0.636,1,0.36652460004161125,ml_scalp1,2025-04
1149860,long,2025-04-03 12:25:00,2025-04-03 12:26:00,2025-04-03 12:27:00,3077.945,3077.4680000000003,SL,-0.636,1,0.39729009218416866,ml_scalp1,2025-04
1149872,short,2025-04-03 12:37:00,2025-04-03 12:38:00,2025-04-03 12:39:00,3071.307,3070.307,TP,0.84,1,0.3671880305951345,ml_scalp1,2025-04
1149884,short,2025-04-03 12:49:00,2025-04-03 12:50:00,2025-04-03 12:51:00,3072.082,3072.5589999999997,SL,-0.636,1,0.36733082622428853,ml_scalp1,2025-04
1149896,short,2025-04-03 13:01:00,2025-04-03 13:02:00,2025-04-03 13:03:00,3071.13,3071.61,SL,-0.64,1,0.36733082622428853,ml_scalp1,2025-04
1149908,long,2025-04-03 13:13:00,2025-04-03 13:14:00,2025-04-03 13:15:00,3057.284,3058.284,TP,0.84,1,0.40005886624163955,ml_scalp1,2025-04
1149920,short,2025-04-03 13:25:00,2025-04-03 13:26:00,2025-04-03 13:27:00,3064.252,3063.252,TP,0.841,1,0.3673997885226973,ml_scalp1,2025-04
1149932,short,2025-04-03 13:37:00,2025-04-03 13:38:00,2025-04-03 13:39:00,3077.702,3078.1820000000002,SL,-0.64,1,0.3668750355257514,ml_scalp1,2025-04
1149944,short,2025-04-03 13:49:00,2025-04-03 13:50:00,2025-04-03 13:51:00,3090.146,3090.626,SL,-0.64,1,0.36626631724336123,ml_scalp1,2025-04
1149956,short,2025-04-03 14:01:00,2025-04-03 14:02:00,2025-04-03 14:03:00,3093.635,3094.1150000000002,SL,-0.64,1,0.3662101717733147,ml_scalp1,2025-04
1149987,long,2025-04-03 14:32:00,2025-04-03 14:33:00,2025-04-03 14:34:00,3119.122,3120.122,TP,0.84,1,0.392275515188493,ml_scalp1,2025-04
1150005,long,2025-04-03 14:50:00,2025-04-03 14:51:00,2025-04-03 14:52:00,3134.981,3134.501,SL,-0.64,1,0.3916703055371277,ml_scalp1,2025-04
1150023,long,2025-04-03 15:08:00,2025-04-03 15:09:00,2025-04-03 15:10:00,3120.929,3120.449,SL,-0.64,1,0.39298689175882273,ml_scalp1,2025-04
1150036,long,2025-04-03 15:21:00,2025-04-03 15:22:00,2025-04-03 15:23:00,3108.374,3109.374,TP,0.84,1,0.3924628877420058,ml_scalp1,2025-04
1150098,long,2025-04-03 16:23:00,2025-04-03 16:24:00,2025-04-03 16:25:00,3102.061,3103.061,TP,0.84,1,0.3909764551233881,ml_scalp1,2025-04
1150649,long,2025-04-04 02:37:00,2025-04-04 02:38:00,2025-04-04 02:39:00,3097.923,3097.4429999999998,SL,-0.64,1,0.39586065987966346,ml_scalp1,2025-04
1150993,long,2025-04-04 08:21:00,2025-04-04 08:22:00,2025-04-04 08:23:00,3083.234,3084.234,TP,0.84,1,0.3925346335665712,ml_scalp1,2025-04
1151147,long,2025-04-04 10:55:00,2025-04-04 10:56:00,2025-04-04 10:57:00,3105.078,3106.078,TP,0.84,1,0.39553483388521915,ml_scalp1,2025-04
1151165,long,2025-04-04 11:13:00,2025-04-04 11:14:00,2025-04-04 11:15:00,3135.315,3134.835,SL,-0.64,1,0.3917004091770443,ml_scalp1,2025-04
1151177,long,2025-04-04 11:25:00,2025-04-04 11:26:00,2025-04-04 11:27:00,3126.844,3127.844,TP,0.841,1,0.39352456845225636,ml_scalp1,2025-04
1151189,long,2025-04-04 11:37:00,2025-04-04 11:38:00,2025-04-04 11:39:00,3117.272,3116.792,SL,-0.64,1,0.39197501897195525,ml_scalp1,2025-04
1151202,long,2025-04-04 11:50:00,2025-04-04 11:51:00,2025-04-04 11:52:00,3107.082,3106.602,SL,-0.64,1,0.3918191296024614,ml_scalp1,2025-04
1151215,long,2025-04-04 12:03:00,2025-04-04 12:04:00,2025-04-04 12:05:00,3102.415,3101.935,SL,-0.64,1,0.3939979065711372,ml_scalp1,2025-04
1151237,long,2025-04-04 12:25:00,2025-04-04 12:26:00,2025-04-04 12:27:00,3091.789,3091.309,SL,-0.64,1,0.3947282460408494,ml_scalp1,2025-04
1151251,long,2025-04-04 12:39:00,2025-04-04 12:40:00,2025-04-04 12:41:00,3080.4,3079.9230000000002,SL,-0.636,1,0.39794048440464336,ml_scalp1,2025-04
1151264,short,2025-04-04 12:52:00,2025-04-04 12:53:00,2025-04-04 12:54:00,3073.058,3072.058,TP,0.84,1,0.36612506549288604,ml_scalp1,2025-04
1151277,short,2025-04-04 13:05:00,2025-04-04 13:06:00,2025-04-04 13:07:00,3074.132,3074.609,SL,-0.636,1,0.3661485720178814,ml_scalp1,2025-04
1151305,short,2025-04-04 13:33:00,2025-04-04 13:34:00,2025-04-04 13:35:00,3071.186,3070.186,TP,0.84,1,0.3661407807224493,ml_scalp1,2025-04
1151317,short,2025-04-04 13:45:00,2025-04-04 13:46:00,2025-04-04 13:47:00,3075.109,3075.586,SL,-0.636,1,0.3661159959646495,ml_scalp1,2025-04
1151329,short,2025-04-04 13:57:00,2025-04-04 13:58:00,2025-04-04 13:59:00,3067.823,3066.823,TP,0.84,1,0.3662778829223722,ml_scalp1,2025-04
1151341,short,2025-04-04 14:09:00,2025-04-04 14:10:00,2025-04-04 14:11:00,3050.046,3050.5229999999997,SL,-0.636,1,0.3667701937474668,ml_scalp1,2025-04
1151353,short,2025-04-04 14:21:00,2025-04-04 14:22:00,2025-04-04 14:23:00,3049.355,3049.832,SL,-0.636,1,0.3668902788496839,ml_scalp1,2025-04
1151365,short,2025-04-04 14:33:00,2025-04-04 14:34:00,2025-04-04 14:35:00,3048.337,3047.337,TP,0.84,1,0.3670391098360843,ml_scalp1,2025-04
1151377,long,2025-04-04 14:45:00,2025-04-04 14:46:00,2025-04-04 14:47:00,3037.971,3037.494,SL,-0.636,1,0.39723579883380605,ml_scalp1,2025-04
1151389,short,2025-04-04 14:57:00,2025-04-04 14:58:00,2025-04-04 14:59:00,3040.896,3041.376,SL,-0.64,1,0.36706267531161263,ml_scalp1,2025-04
1151401,short,2025-04-04 15:09:00,2025-04-04 15:10:00,2025-04-04 15:11:00,3037.15,3037.627,SL,-0.636,1,0.3670372725444755,ml_scalp1,2025-04
1151413,short,2025-04-04 15:21:00,2025-04-04 15:22:00,2025-04-04 15:23:00,3035.76,3036.2400000000002,SL,-0.64,1,0.3670372725444755,ml_scalp1,2025-04
1151425,short,2025-04-04 15:33:00,2025-04-04 15:34:00,2025-04-04 15:35:00,3027.137,3026.137,TP,0.841,1,0.36736787455282766,ml_scalp1,2025-04
1151437,short,2025-04-04 15:45:00,2025-04-04 15:46:00,2025-04-04 15:47:00,3020.787,3021.267,SL,-0.64,1,0.367369743364244,ml_scalp1,2025-04
1151449,short,2025-04-04 15:57:00,2025-04-04 15:58:00,2025-04-04 15:59:00,3019.561,3020.038,SL,-0.636,1,0.3675126177612843,ml_scalp1,2025-04
1151461,short,2025-04-04 16:09:00,2025-04-04 16:10:00,2025-04-04 16:11:00,3021.096,3021.573,SL,-0.636,1,0.36753622744971226,ml_scalp1,2025-04
1151473,short,2025-04-04 16:21:00,2025-04-04 16:22:00,2025-04-04 16:23:00,3025.439,3024.439,TP,0.841,1,0.3674884283926161,ml_scalp1,2025-04
1151485,short,2025-04-04 16:33:00,2025-04-04 16:34:00,2025-04-04 16:35:00,3030.044,3029.044,TP,0.84,1,0.36713257744324757,ml_scalp1,2025-04
1151497,short,2025-04-04 16:45:00,2025-04-04 16:46:00,2025-04-04 16:47:00,3030.909,3029.909,TP,0.84,1,0.3670247251846436,ml_scalp1,2025-04
1151557,short,2025-04-04 17:45:00,2025-04-04 17:46:00,2025-04-04 17:47:00,3023.511,3023.991,SL,-0.64,1,0.36687204524811023,ml_scalp1,2025-04
1151759,long,2025-04-06 22:22:00,2025-04-06 22:23:00,2025-04-06 22:24:00,3006.223,3007.223,TP,0.841,1,0.3944095192870716,ml_scalp1,2025-04
1151788,long,2025-04-06 22:51:00,2025-04-06 22:52:00,2025-04-06 22:53:00,3006.292,3007.292,TP,0.84,1,0.3943242684007228,ml_scalp1,2025-04
1151817,long,2025-04-06 23:20:00,2025-04-06 23:21:00,2025-04-06 23:22:00,2998.042,2997.565,SL,-0.636,1,0.39592544937684865,ml_scalp1,2025-04
1151829,long,2025-04-06 23:32:00,2025-04-06 23:33:00,2025-04-06 23:34:00,2980.038,2981.038,TP,0.84,1,0.40231321635303763,ml_scalp1,2025-04
1151867,long,2025-04-07 00:10:00,2025-04-07 00:11:00,2025-04-07 00:12:00,2978.783,2979.783,TP,0.841,1,0.3974297564721939,ml_scalp1,2025-04
1151903,long,2025-04-07 00:46:00,2025-04-07 00:47:00,2025-04-07 00:48:00,2977.528,2978.528,TP,0.84,1,0.39304649359985805,ml_scalp1,2025-04
1151922,long,2025-04-07 01:05:00,2025-04-07 01:06:00,2025-04-07 01:07:00,2975.736,2976.736,TP,0.841,1,0.39114493811417295,ml_scalp1,2025-04
1152672,long,2025-04-07 13:35:00,2025-04-07 13:36:00,2025-04-07 13:37:00,3009.798,3009.3179999999998,SL,-0.64,1,0.39670512173671224,ml_scalp1,2025-04
1152721,long,2025-04-07 14:24:00,2025-04-07 14:25:00,2025-04-07 14:26:00,3018.037,3017.557,SL,-0.64,1,0.3946900319101351,ml_scalp1,2025-04
1152735,long,2025-04-07 14:38:00,2025-04-07 14:39:00,2025-04-07 14:40:00,2999.461,2998.9809999999998,SL,-0.64,1,0.39532423607193323,ml_scalp1,2025-04
1152767,long,2025-04-07 15:10:00,2025-04-07 15:11:00,2025-04-07 15:12:00,2989.425,2988.945,SL,-0.64,1,0.3922861092511599,ml_scalp1,2025-04
1153546,long,2025-04-08 05:12:00,2025-04-08 05:13:00,2025-04-08 05:14:00,3001.78,3001.3030000000003,SL,-0.636,1,0.39270233655342246,ml_scalp1,2025-04
1153558,long,2025-04-08 05:24:00,2025-04-08 05:25:00,2025-04-08 05:26:00,3002.345,3001.865,SL,-0.64,1,0.39768276987504847,ml_scalp1,2025-04
1153570,long,2025-04-08 05:36:00,2025-04-08 05:37:00,2025-04-08 05:38:00,3004.362,3003.882,SL,-0.64,1,0.3936714858621759,ml_scalp1,2025-04
1153582,long,2025-04-08 05:48:00,2025-04-08 05:49:00,2025-04-08 05:50:00,3003.002,3004.002,TP,0.84,1,0.39962492886081363,ml_scalp1,2025-04
1154227,long,2025-04-08 16:33:00,2025-04-08 16:34:00,2025-04-08 16:35:00,2991.487,2991.007,SL,-0.64,1,0.39114485896331574,ml_scalp1,2025-04
1155305,long,2025-04-09 11:34:00,2025-04-09 11:35:00,2025-04-09 11:36:00,3058.706,3058.226,SL,-0.64,1,0.3924933825382798,ml_scalp1,2025-04
1155320,long,2025-04-09 11:49:00,2025-04-09 11:50:00,2025-04-09 11:51:00,3063.236,3062.756,SL,-0.64,1,0.3912537603943986,ml_scalp1,2025-04
1155342,long,2025-04-09 12:11:00,2025-04-09 12:12:00,2025-04-09 12:13:00,3058.689,3059.689,TP,0.84,1,0.39769180526139736,ml_scalp1,2025-04
1155355,long,2025-04-09 12:24:00,2025-04-09 12:25:00,2025-04-09 12:26:00,3051.831,3051.351,SL,-0.64,1,0.39310478777477353,ml_scalp1,2025-04
1155444,long,2025-04-09 13:53:00,2025-04-09 13:54:00,2025-04-09 13:55:00,3074.339,3075.339,TP,0.84,1,0.3921196169471347,ml_scalp1,2025-04
1155502,long,2025-04-09 14:51:00,2025-04-09 14:52:00,2025-04-09 14:53:00,3070.518,3071.518,TP,0.84,1,0.39094870482178473,ml_scalp1,2025-04
1155655,long,2025-04-09 17:24:00,2025-04-09 17:25:00,2025-04-09 17:26:00,3072.394,3071.9139999999998,SL,-0.64,1,0.40072030527239744,ml_scalp1,2025-04
1155668,long,2025-04-09 17:37:00,2025-04-09 17:38:00,2025-04-09 17:39:00,3059.438,3058.9610000000002,SL,-0.636,1,0.39464576103956384,ml_scalp1,2025-04
1155690,long,2025-04-09 17:59:00,2025-04-09 18:00:00,2025-04-09 18:01:00,3059.942,3060.942,TP,0.84,1,0.3973823652876255,ml_scalp1,2025-04
1155704,long,2025-04-09 18:13:00,2025-04-09 18:14:00,2025-04-09 18:15:00,3051.678,3051.198,SL,-0.64,1,0.3939795337239335,ml_scalp1,2025-04
1155852,long,2025-04-09 20:41:00,2025-04-09 20:42:00,2025-04-09 20:43:00,3080.87,3081.87,TP,0.84,1,0.3932633556516414,ml_scalp1,2025-04
1155892,long,2025-04-09 22:24:00,2025-04-09 22:25:00,2025-04-09 22:26:00,3080.753,3080.0330000000004,SL,-0.96,1,0.3928666827830973,ml_scalp1,2025-04
1156204,long,2025-04-10 03:36:00,2025-04-10 03:37:00,2025-04-10 03:38:00,3125.997,3125.517,SL,-0.64,1,0.3910754360220237,ml_scalp1,2025-04
1156217,long,2025-04-10 03:49:00,2025-04-10 03:50:00,2025-04-10 03:51:00,3123.522,3124.522,TP,0.84,1,0.391241470740499,ml_scalp1,2025-04
1156239,long,2025-04-10 04:11:00,2025-04-10 04:12:00,2025-04-10 04:13:00,3127.1,3126.62,SL,-0.64,1,0.3916566485119114,ml_scalp1,2025-04
1156255,long,2025-04-10 04:27:00,2025-04-10 04:28:00,2025-04-10 04:29:00,3127.314,3126.834,SL,-0.64,1,0.3925138819359884,ml_scalp1,2025-04
1156270,long,2025-04-10 04:42:00,2025-04-10 04:43:00,2025-04-10 04:45:00,3122.407,3123.407,TP,0.84,2,0.39287863483238605,ml_scalp1,2025-04
1156289,long,2025-04-10 05:01:00,2025-04-10 05:02:00,2025-04-10 05:03:00,3126.212,3127.212,TP,0.84,1,0.394864305893549,ml_scalp1,2025-04
1156301,long,2025-04-10 05:13:00,2025-04-10 05:14:00,2025-04-10 05:15:00,3129.42,3130.42,TP,0.84,1,0.3928916186618037,ml_scalp1,2025-04
1156313,long,2025-04-10 05:25:00,2025-04-10 05:26:00,2025-04-10 05:27:00,3126.937,3126.457,SL,-0.64,1,0.39704022759951757,ml_scalp1,2025-04
1156325,long,2025-04-10 05:37:00,2025-04-10 05:38:00,2025-04-10 05:39:00,3119.861,3119.384,SL,-0.636,1,0.39697026436268523,ml_scalp1,2025-04
1156392,long,2025-04-10 06:44:00,2025-04-10 06:45:00,2025-04-10 06:46:00,3120.986,3121.986,TP,0.84,1,0.3956074326044254,ml_scalp1,2025-04
1156404,long,2025-04-10 06:56:00,2025-04-10 06:57:00,2025-04-10 06:58:00,3120.979,3120.499,SL,-0.64,1,0.40192574272170434,ml_scalp1,2025-04
1156744,long,2025-04-10 12:36:00,2025-04-10 12:37:00,2025-04-10 12:38:00,3117.449,3118.449,TP,0.84,1,0.391684475850099,ml_scalp1,2025-04
1156802,long,2025-04-10 13:34:00,2025-04-10 13:35:00,2025-04-10 13:36:00,3121.236,3122.236,TP,0.84,1,0.39420916188114064,ml_scalp1,2025-04
1156944,long,2025-04-10 15:56:00,2025-04-10 15:57:00,2025-04-10 15:58:00,3159.468,3158.988,SL,-0.64,1,0.392344444895169,ml_scalp1,2025-04
1157007,long,2025-04-10 16:59:00,2025-04-10 17:00:00,2025-04-10 17:01:00,3158.572,3158.092,SL,-0.64,1,0.39242822522611837,ml_scalp1,2025-04
1157218,long,2025-04-10 20:30:00,2025-04-10 20:31:00,2025-04-10 20:32:00,3170.258,3171.258,TP,0.84,1,0.4043901981234099,ml_scalp1,2025-04
1157434,long,2025-04-11 01:09:00,2025-04-11 01:10:00,2025-04-11 01:11:00,3210.871,3211.871,TP,0.84,1,0.39095519596579703,ml_scalp1,2025-04
1157657,long,2025-04-11 04:52:00,2025-04-11 04:53:00,2025-04-11 04:54:00,3211.612,3211.132,SL,-0.64,1,0.39414030704000624,ml_scalp1,2025-04
1157669,long,2025-04-11 05:04:00,2025-04-11 05:05:00,2025-04-11 05:06:00,3206.721,3206.241,SL,-0.64,1,0.39339572716959964,ml_scalp1,2025-04
1157706,long,2025-04-11 05:41:00,2025-04-11 05:42:00,2025-04-11 05:43:00,3200.019,3199.5389999999998,SL,-0.64,1,0.3948583201404443,ml_scalp1,2025-04
1157802,long,2025-04-11 07:17:00,2025-04-11 07:18:00,2025-04-11 07:19:00,3204.804,3204.324,SL,-0.64,1,0.3913860693904892,ml_scalp1,2025-04
1158193,long,2025-04-11 13:48:00,2025-04-11 13:49:00,2025-04-11 13:50:00,3227.211,3228.211,TP,0.841,1,0.391716376822457,ml_scalp1,2025-04
1158595,long,2025-04-11 20:30:00,2025-04-11 20:31:00,2025-04-11 20:32:00,3235.622,3235.142,SL,-0.64,1,0.39127885772136917,ml_scalp1,2025-04
1158609,long,2025-04-11 20:44:00,2025-04-11 20:45:00,2025-04-11 20:46:00,3236.033,3235.553,SL,-0.64,1,0.3936509870818375,ml_scalp1,2025-04
1158633,long,2025-04-13 22:15:00,2025-04-13 22:16:00,2025-04-13 22:17:00,3218.021,3217.3010000000004,SL,-0.96,1,0.39196012291854937,ml_scalp1,2025-04
1158879,long,2025-04-14 02:21:00,2025-04-14 02:22:00,2025-04-14 02:23:00,3235.399,3236.399,TP,0.84,1,0.39129106165082966,ml_scalp1,2025-04
1158953,long,2025-04-14 03:35:00,2025-04-14 03:36:00,2025-04-14 03:37:00,3231.738,3232.738,TP,0.84,1,0.390913846027908,ml_scalp1,2025-04
1158994,long,2025-04-14 04:16:00,2025-04-14 04:17:00,2025-04-14 04:18:00,3234.387,3233.907,SL,-0.64,1,0.392774982949984,ml_scalp1,2025-04
1159361,long,2025-04-14 10:23:00,2025-04-14 10:24:00,2025-04-14 10:25:00,3207.046,3208.046,TP,0.84,1,0.3932205619803696,ml_scalp1,2025-04
1159493,long,2025-04-14 12:35:00,2025-04-14 12:36:00,2025-04-14 12:37:00,3207.688,3208.688,TP,0.84,1,0.3940514464557775,ml_scalp1,2025-04
1159527,long,2025-04-14 13:09:00,2025-04-14 13:10:00,2025-04-14 13:11:00,3202.355,3201.875,SL,-0.64,1,0.3937134929861803,ml_scalp1,2025-04
1159539,short,2025-04-14 13:21:00,2025-04-14 13:22:00,2025-04-14 13:23:00,3196.381,3196.861,SL,-0.64,1,0.3661641546101607,ml_scalp1,2025-04
1159551,short,2025-04-14 13:33:00,2025-04-14 13:34:00,2025-04-14 13:35:00,3196.255,3196.735,SL,-0.64,1,0.3662155840375749,ml_scalp1,2025-04
1160085,long,2025-04-14 23:59:00,2025-04-15 00:00:00,2025-04-15 00:01:00,3212.601,3212.121,SL,-0.64,1,0.39137858009254056,ml_scalp1,2025-04
1160827,long,2025-04-15 12:21:00,2025-04-15 12:22:00,2025-04-15 12:23:00,3219.121,3218.641,SL,-0.64,1,0.3919381438797301,ml_scalp1,2025-04
1160919,long,2025-04-15 13:53:00,2025-04-15 13:54:00,2025-04-15 13:55:00,3212.935,3212.455,SL,-0.64,1,0.3926540699455983,ml_scalp1,2025-04
1161552,long,2025-04-16 01:29:00,2025-04-16 01:30:00,2025-04-16 01:31:00,3264.893,3264.413,SL,-0.64,1,0.392971372037221,ml_scalp1,2025-04
1161753,long,2025-04-16 04:50:00,2025-04-16 04:51:00,2025-04-16 04:52:00,3279.185,3280.185,TP,0.76,1,0.3912829890024826,ml_scalp1,2025-04
1161769,long,2025-04-16 05:06:00,2025-04-16 05:07:00,2025-04-16 05:08:00,3288.465,3287.7450000000003,SL,-0.96,1,0.39472755657215924,ml_scalp1,2025-04
1161960,long,2025-04-16 08:17:00,2025-04-16 08:18:00,2025-04-16 08:19:00,3315.876,3315.159,SL,-0.9560000000000001,1,0.39724373106106836,ml_scalp1,2025-04
1161972,long,2025-04-16 08:29:00,2025-04-16 08:30:00,2025-04-16 08:31:00,3299.745,3299.025,SL,-0.96,1,0.40635510408440406,ml_scalp1,2025-04
1161995,long,2025-04-16 08:52:00,2025-04-16 08:53:00,2025-04-16 08:54:00,3306.12,3307.12,TP,0.76,1,0.39353893849240473,ml_scalp1,2025-04
1162011,long,2025-04-16 09:08:00,2025-04-16 09:09:00,2025-04-16 09:10:00,3301.339,3302.339,TP,0.84,1,0.393050781755555,ml_scalp1,2025-04
1162024,long,2025-04-16 09:21:00,2025-04-16 09:22:00,2025-04-16 09:25:00,3306.413,3307.413,TP,0.76,3,0.3949140136779448,ml_scalp1,2025-04
1162047,long,2025-04-16 09:44:00,2025-04-16 09:45:00,2025-04-16 09:47:00,3302.078,3303.078,TP,0.84,2,0.3937804779038436,ml_scalp1,2025-04
1162071,long,2025-04-16 10:08:00,2025-04-16 10:09:00,2025-04-16 10:10:00,3300.125,3301.125,TP,0.84,1,0.3918106345176192,ml_scalp1,2025-04
1162267,long,2025-04-16 13:24:00,2025-04-16 13:25:00,2025-04-16 13:26:00,3300.396,3301.396,TP,0.84,1,0.39233165621249866,ml_scalp1,2025-04
1162281,long,2025-04-16 13:38:00,2025-04-16 13:39:00,2025-04-16 13:40:00,3298.064,3299.064,TP,0.84,1,0.39308907321590214,ml_scalp1,2025-04
1162464,long,2025-04-16 16:41:00,2025-04-16 16:42:00,2025-04-16 16:43:00,3323.927,3323.447,SL,-0.64,1,0.3909671272336319,ml_scalp1,2025-04
1162930,long,2025-04-17 01:30:00,2025-04-17 01:31:00,2025-04-17 01:32:00,3339.659,3339.179,SL,-0.64,1,0.39364874472492317,ml_scalp1,2025-04
1162947,long,2025-04-17 01:47:00,2025-04-17 01:48:00,2025-04-17 01:49:00,3334.435,3333.955,SL,-0.64,1,0.3957761347993082,ml_scalp1,2025-04
1162960,long,2025-04-17 02:00:00,2025-04-17 02:01:00,2025-04-17 02:02:00,3324.338,3325.338,TP,0.84,1,0.3923475665067858,ml_scalp1,2025-04
1163112,long,2025-04-17 04:32:00,2025-04-17 04:33:00,2025-04-17 04:34:00,3340.43,3339.95,SL,-0.64,1,0.3925483402089649,ml_scalp1,2025-04
1163125,long,2025-04-17 04:45:00,2025-04-17 04:46:00,2025-04-17 04:47:00,3339.345,3338.865,SL,-0.64,1,0.3944360388007926,ml_scalp1,2025-04
1163141,long,2025-04-17 05:01:00,2025-04-17 05:02:00,2025-04-17 05:03:00,3342.377,3343.377,TP,0.84,1,0.39269438039522864,ml_scalp1,2025-04
1163277,long,2025-04-17 07:17:00,2025-04-17 07:18:00,2025-04-17 07:19:00,3314.817,3315.817,TP,0.84,1,0.39728942198669803,ml_scalp1,2025-04
1163580,long,2025-04-17 12:20:00,2025-04-17 12:21:00,2025-04-17 12:22:00,3332.341,3331.861,SL,-0.64,1,0.39386235144097353,ml_scalp1,2025-04
1163598,long,2025-04-17 12:38:00,2025-04-17 12:39:00,2025-04-17 12:40:00,3324.299,3325.299,TP,0.84,1,0.39098681328676765,ml_scalp1,2025-04
1163672,long,2025-04-17 13:52:00,2025-04-17 13:53:00,2025-04-17 13:54:00,3315.669,3316.669,TP,0.84,1,0.3974861726421628,ml_scalp1,2025-04
1163684,long,2025-04-17 14:04:00,2025-04-17 14:05:00,2025-04-17 14:06:00,3306.999,3307.999,TP,0.84,1,0.3912805857094766,ml_scalp1,2025-04
1163707,long,2025-04-17 14:27:00,2025-04-17 14:28:00,2025-04-17 14:29:00,3305.0,3304.52,SL,-0.64,1,0.3926412647865184,ml_scalp1,2025-04
1163719,short,2025-04-17 14:39:00,2025-04-17 14:40:00,2025-04-17 14:41:00,3292.67,3293.15,SL,-0.64,1,0.36625254734827767,ml_scalp1,2025-04
1163731,short,2025-04-17 14:51:00,2025-04-17 14:52:00,2025-04-17 14:53:00,3290.375,3289.375,TP,0.84,1,0.3663729528448968,ml_scalp1,2025-04
1163743,short,2025-04-17 15:03:00,2025-04-17 15:04:00,2025-04-17 15:05:00,3296.896,3297.376,SL,-0.64,1,0.36632367766134966,ml_scalp1,2025-04
1163755,short,2025-04-17 15:15:00,2025-04-17 15:16:00,2025-04-17 15:17:00,3302.023,3301.023,TP,0.841,1,0.36632367766134966,ml_scalp1,2025-04
1163767,short,2025-04-17 15:27:00,2025-04-17 15:28:00,2025-04-17 15:29:00,3299.687,3298.687,TP,0.84,1,0.3662160469022035,ml_scalp1,2025-04
1165026,long,2025-04-21 13:33:00,2025-04-21 13:34:00,2025-04-21 13:35:00,3409.373,3408.893,SL,-0.64,1,0.3977756941305196,ml_scalp1,2025-04
1165084,long,2025-04-21 14:31:00,2025-04-21 14:32:00,2025-04-21 14:33:00,3424.622,3424.142,SL,-0.64,1,0.39137485856493226,ml_scalp1,2025-04
1165098,long,2025-04-21 14:45:00,2025-04-21 14:46:00,2025-04-21 14:47:00,3415.635,3415.155,SL,-0.64,1,0.39298346514843707,ml_scalp1,2025-04
1165121,long,2025-04-21 15:08:00,2025-04-21 15:09:00,2025-04-21 15:10:00,3410.037,3411.037,TP,0.84,1,0.39134838293516366,ml_scalp1,2025-04
1165179,long,2025-04-21 16:06:00,2025-04-21 16:07:00,2025-04-21 16:08:00,3418.254,3417.774,SL,-0.64,1,0.39134237513793024,ml_scalp1,2025-04
1165591,long,2025-04-22 00:01:00,2025-04-22 00:02:00,2025-04-22 00:03:00,3427.665,3427.185,SL,-0.64,1,0.3935161808243035,ml_scalp1,2025-04
1165706,long,2025-04-22 01:56:00,2025-04-22 01:57:00,2025-04-22 01:58:00,3451.004,3450.524,SL,-0.64,1,0.39109995839646416,ml_scalp1,2025-04
1165721,long,2025-04-22 02:11:00,2025-04-22 02:12:00,2025-04-22 02:13:00,3444.94,3445.94,TP,0.84,1,0.39127501663881636,ml_scalp1,2025-04
1165971,long,2025-04-22 06:21:00,2025-04-22 06:22:00,2025-04-22 06:23:00,3487.995,3487.515,SL,-0.64,1,0.3938849912053194,ml_scalp1,2025-04
1165983,long,2025-04-22 06:33:00,2025-04-22 06:34:00,2025-04-22 06:35:00,3478.932,3479.932,TP,0.84,1,0.3948578869196773,ml_scalp1,2025-04
1166023,long,2025-04-22 07:13:00,2025-04-22 07:14:00,2025-04-22 07:15:00,3464.718,3464.238,SL,-0.64,1,0.39606575980199593,ml_scalp1,2025-04
1166114,long,2025-04-22 08:44:00,2025-04-22 08:45:00,2025-04-22 08:46:00,3451.228,3450.748,SL,-0.64,1,0.3972633079782941,ml_scalp1,2025-04
1166333,long,2025-04-22 12:23:00,2025-04-22 12:24:00,2025-04-22 12:25:00,3454.68,3454.2,SL,-0.64,1,0.39311315591061197,ml_scalp1,2025-04
1166349,long,2025-04-22 12:39:00,2025-04-22 12:40:00,2025-04-22 12:41:00,3447.685,3447.205,SL,-0.64,1,0.391911070360735,ml_scalp1,2025-04
1166361,long,2025-04-22 12:51:00,2025-04-22 12:52:00,2025-04-22 12:53:00,3428.444,3427.964,SL,-0.64,1,0.4023525825401827,ml_scalp1,2025-04
1166374,long,2025-04-22 13:04:00,2025-04-22 13:05:00,2025-04-22 13:06:00,3425.152,3426.152,TP,0.84,1,0.39350977103224916,ml_scalp1,2025-04
1166404,long,2025-04-22 13:34:00,2025-04-22 13:35:00,2025-04-22 13:36:00,3434.182,3433.7019999999998,SL,-0.64,1,0.39120325926405386,ml_scalp1,2025-04
1166416,long,2025-04-22 13:46:00,2025-04-22 13:47:00,2025-04-22 13:48:00,3416.878,3417.878,TP,0.84,1,0.39190855224638466,ml_scalp1,2025-04
1166429,long,2025-04-22 13:59:00,2025-04-22 14:00:00,2025-04-22 14:01:00,3418.729,3419.729,TP,0.84,1,0.3909390297099362,ml_scalp1,2025-04
1166517,long,2025-04-22 15:27:00,2025-04-22 15:28:00,2025-04-22 15:29:00,3416.191,3415.711,SL,-0.64,1,0.3909890808622914,ml_scalp1,2025-04
1166551,long,2025-04-22 16:01:00,2025-04-22 16:02:00,2025-04-22 16:03:00,3409.879,3410.879,TP,0.84,1,0.3940611337747118,ml_scalp1,2025-04
1166563,short,2025-04-22 16:13:00,2025-04-22 16:14:00,2025-04-22 16:15:00,3413.605,3414.085,SL,-0.64,1,0.3661265442707391,ml_scalp1,2025-04
1166575,short,2025-04-22 16:25:00,2025-04-22 16:26:00,2025-04-22 16:27:00,3394.907,3393.907,TP,0.84,1,0.36689905075391677,ml_scalp1,2025-04
1166587,long,2025-04-22 16:37:00,2025-04-22 16:38:00,2025-04-22 16:39:00,3378.087,3377.607,SL,-0.64,1,0.4083287086815068,ml_scalp1,2025-04
1166599,short,2025-04-22 16:49:00,2025-04-22 16:50:00,2025-04-22 16:51:00,3386.152,3385.152,TP,0.841,1,0.36697411934502544,ml_scalp1,2025-04
1166611,short,2025-04-22 17:01:00,2025-04-22 17:02:00,2025-04-22 17:03:00,3388.625,3389.102,SL,-0.636,1,0.36697411934502544,ml_scalp1,2025-04
1166623,short,2025-04-22 17:13:00,2025-04-22 17:14:00,2025-04-22 17:15:00,3395.42,3395.9,SL,-0.64,1,0.3666576819245904,ml_scalp1,2025-04
1166641,short,2025-04-22 17:31:00,2025-04-22 17:32:00,2025-04-22 17:33:00,3405.55,3404.55,TP,0.84,1,0.36610227012743357,ml_scalp1,2025-04
1166862,long,2025-04-22 22:16:00,2025-04-22 22:17:00,2025-04-22 22:18:00,3326.513,3327.513,TP,0.84,1,0.3941972288006741,ml_scalp1,2025-04
1166875,long,2025-04-22 22:29:00,2025-04-22 22:30:00,2025-04-22 22:31:00,3319.591,3319.111,SL,-0.64,1,0.3941932067673905,ml_scalp1,2025-04
1167314,long,2025-04-23 05:48:00,2025-04-23 05:49:00,2025-04-23 05:50:00,3318.588,3318.108,SL,-0.64,1,0.3927213586658206,ml_scalp1,2025-04
1167326,short,2025-04-23 06:00:00,2025-04-23 06:01:00,2025-04-23 06:02:00,3321.032,3320.032,TP,0.84,1,0.3673284585956907,ml_scalp1,2025-04
1167338,short,2025-04-23 06:12:00,2025-04-23 06:13:00,2025-04-23 06:14:00,3313.663,3314.14,SL,-0.636,1,0.3673832210338071,ml_scalp1,2025-04
1167355,short,2025-04-23 06:29:00,2025-04-23 06:30:00,2025-04-23 06:31:00,3322.347,3321.347,TP,0.84,1,0.36626614685857206,ml_scalp1,2025-04
1167377,long,2025-04-23 06:51:00,2025-04-23 06:52:00,2025-04-23 06:53:00,3306.217,3305.7400000000002,SL,-0.636,1,0.3947401866985072,ml_scalp1,2025-04
1167389,short,2025-04-23 07:03:00,2025-04-23 07:04:00,2025-04-23 07:05:00,3308.212,3308.692,SL,-0.64,1,0.3667702270179275,ml_scalp1,2025-04
1167784,long,2025-04-23 13:38:00,2025-04-23 13:39:00,2025-04-23 13:40:00,3290.268,3289.791,SL,-0.636,1,0.3930059205721061,ml_scalp1,2025-04
1167796,long,2025-04-23 13:50:00,2025-04-23 13:51:00,2025-04-23 13:52:00,3273.938,3273.4610000000002,SL,-0.636,1,0.4041119177650481,ml_scalp1,2025-04
1167808,long,2025-04-23 14:02:00,2025-04-23 14:03:00,2025-04-23 14:04:00,3264.452,3265.452,TP,0.84,1,0.3985816092436152,ml_scalp1,2025-04
1167820,short,2025-04-23 14:14:00,2025-04-23 14:15:00,2025-04-23 14:16:00,3269.727,3270.207,SL,-0.64,1,0.3674911716737871,ml_scalp1,2025-04
1167832,short,2025-04-23 14:26:00,2025-04-23 14:27:00,2025-04-23 14:28:00,3275.054,3274.054,TP,0.84,1,0.3674911716737871,ml_scalp1,2025-04
1167844,short,2025-04-23 14:38:00,2025-04-23 14:39:00,2025-04-23 14:40:00,3277.413,3277.893,SL,-0.64,1,0.3674911716737871,ml_scalp1,2025-04
1167856,short,2025-04-23 14:50:00,2025-04-23 14:51:00,2025-04-23 14:52:00,3291.097,3290.097,TP,0.84,1,0.3668826919673241,ml_scalp1,2025-04
1167868,short,2025-04-23 15:02:00,2025-04-23 15:03:00,2025-04-23 15:04:00,3286.523,3287.003,SL,-0.64,1,0.36729007427927457,ml_scalp1,2025-04
1167880,short,2025-04-23 15:14:00,2025-04-23 15:15:00,2025-04-23 15:16:00,3277.526,3276.526,TP,0.84,1,0.3673567768072553,ml_scalp1,2025-04
1167892,short,2025-04-23 15:26:00,2025-04-23 15:27:00,2025-04-23 15:28:00,3279.118,3279.595,SL,-0.636,1,0.3674424146705312,ml_scalp1,2025-04
1167904,short,2025-04-23 15:38:00,2025-04-23 15:39:00,2025-04-23 15:40:00,3279.198,3278.198,TP,0.84,1,0.3673354416268885,ml_scalp1,2025-04
1168455,long,2025-04-24 01:52:00,2025-04-24 01:53:00,2025-04-24 01:54:00,3351.1,3352.1,TP,0.84,1,0.39254930448239994,ml_scalp1,2025-04
1168488,long,2025-04-24 02:25:00,2025-04-24 02:26:00,2025-04-24 02:27:00,3351.586,3352.586,TP,0.84,1,0.39110009029983395,ml_scalp1,2025-04
1168500,long,2025-04-24 02:37:00,2025-04-24 02:38:00,2025-04-24 02:39:00,3339.277,3340.277,TP,0.84,1,0.3963046776459528,ml_scalp1,2025-04
1169641,long,2025-04-24 23:00:00,2025-04-24 23:01:00,2025-04-24 23:02:00,3360.78,3360.3,SL,-0.64,1,0.3916088715057633,ml_scalp1,2025-04
1169654,long,2025-04-24 23:13:00,2025-04-24 23:14:00,2025-04-24 23:15:00,3360.841,3360.361,SL,-0.64,1,0.3910085192184827,ml_scalp1,2025-04
1169666,long,2025-04-24 23:25:00,2025-04-24 23:26:00,2025-04-24 23:27:00,3353.233,3352.753,SL,-0.64,1,0.3923028170739585,ml_scalp1,2025-04
1169678,long,2025-04-24 23:37:00,2025-04-24 23:38:00,2025-04-24 23:39:00,3348.566,3349.566,TP,0.84,1,0.3915131770168154,ml_scalp1,2025-04
1169693,long,2025-04-24 23:52:00,2025-04-24 23:53:00,2025-04-24 23:54:00,3353.166,3352.686,SL,-0.64,1,0.3922479805394243,ml_scalp1,2025-04
1169738,long,2025-04-25 00:37:00,2025-04-25 00:38:00,2025-04-25 00:39:00,3352.914,3352.434,SL,-0.64,1,0.3942657142345379,ml_scalp1,2025-04
1169755,long,2025-04-25 00:54:00,2025-04-25 00:55:00,2025-04-25 00:56:00,3356.616,3356.136,SL,-0.64,1,0.3959368863510939,ml_scalp1,2025-04
1169767,long,2025-04-25 01:06:00,2025-04-25 01:07:00,2025-04-25 01:08:00,3356.268,3357.268,TP,0.84,1,0.3912732186673062,ml_scalp1,2025-04
1169785,long,2025-04-25 01:24:00,2025-04-25 01:25:00,2025-04-25 01:26:00,3348.702,3349.702,TP,0.84,1,0.39105749642909926,ml_scalp1,2025-04
1169938,long,2025-04-25 03:57:00,2025-04-25 03:58:00,2025-04-25 03:59:00,3328.656,3328.176,SL,-0.64,1,0.3953401952570129,ml_scalp1,2025-04
1170047,long,2025-04-25 05:46:00,2025-04-25 05:47:00,2025-04-25 05:48:00,3303.386,3302.906,SL,-0.64,1,0.3947023290405929,ml_scalp1,2025-04
1170059,short,2025-04-25 05:58:00,2025-04-25 05:59:00,2025-04-25 06:00:00,3292.641,3293.121,SL,-0.64,1,0.3663787447347546,ml_scalp1,2025-04
1170071,short,2025-04-25 06:10:00,2025-04-25 06:11:00,2025-04-25 06:12:00,3292.881,3291.881,TP,0.84,1,0.3664302085499797,ml_scalp1,2025-04
1170083,short,2025-04-25 06:22:00,2025-04-25 06:23:00,2025-04-25 06:24:00,3297.076,3296.076,TP,0.84,1,0.3664226579692236,ml_scalp1,2025-04
1170095,short,2025-04-25 06:34:00,2025-04-25 06:35:00,2025-04-25 06:36:00,3300.457,3300.937,SL,-0.64,1,0.3663528581751371,ml_scalp1,2025-04
1170107,short,2025-04-25 06:46:00,2025-04-25 06:47:00,2025-04-25 06:48:00,3303.279,3302.279,TP,0.84,1,0.36623956816483216,ml_scalp1,2025-04
1170482,long,2025-04-25 13:01:00,2025-04-25 13:02:00,2025-04-25 13:03:00,3280.433,3279.956,SL,-0.636,1,0.39594971492367254,ml_scalp1,2025-04
1170494,short,2025-04-25 13:13:00,2025-04-25 13:14:00,2025-04-25 13:15:00,3286.789,3285.789,TP,0.84,1,0.3667575455853381,ml_scalp1,2025-04
1170506,long,2025-04-25 13:25:00,2025-04-25 13:26:00,2025-04-25 13:27:00,3270.837,3270.357,SL,-0.64,1,0.39302859725533124,ml_scalp1,2025-04
1170518,short,2025-04-25 13:37:00,2025-04-25 13:38:00,2025-04-25 13:39:00,3268.488,3268.9649999999997,SL,-0.636,1,0.3672355282963402,ml_scalp1,2025-04
1170530,short,2025-04-25 13:49:00,2025-04-25 13:50:00,2025-04-25 13:51:00,3281.94,3282.417,SL,-0.636,1,0.3668322970218817,ml_scalp1,2025-04
1170542,short,2025-04-25 14:01:00,2025-04-25 14:02:00,2025-04-25 14:03:00,3275.585,3276.065,SL,-0.64,1,0.3666422573932223,ml_scalp1,2025-04
1170554,short,2025-04-25 14:13:00,2025-04-25 14:14:00,2025-04-25 14:15:00,3283.731,3282.731,TP,0.84,1,0.36665432003318454,ml_scalp1,2025-04
1170566,short,2025-04-25 14:25:00,2025-04-25 14:26:00,2025-04-25 14:27:00,3282.923,3283.403,SL,-0.64,1,0.3667279571533155,ml_scalp1,2025-04
1171158,long,2025-04-28 01:24:00,2025-04-28 01:25:00,2025-04-28 01:26:00,3295.362,3294.882,SL,-0.64,1,0.39415298957273864,ml_scalp1,2025-04
1171170,long,2025-04-28 01:36:00,2025-04-28 01:37:00,2025-04-28 01:38:00,3288.701,3288.221,SL,-0.64,1,0.39447731708355527,ml_scalp1,2025-04
1171183,long,2025-04-28 01:49:00,2025-04-28 01:50:00,2025-04-28 01:51:00,3286.933,3287.933,TP,0.84,1,0.3909845788710647,ml_scalp1,2025-04
1171196,long,2025-04-28 02:02:00,2025-04-28 02:03:00,2025-04-28 02:04:00,3274.712,3274.232,SL,-0.64,1,0.3948546069204356,ml_scalp1,2025-04
1171897,long,2025-04-28 13:43:00,2025-04-28 13:44:00,2025-04-28 13:45:00,3292.167,3291.687,SL,-0.64,1,0.39204835790634146,ml_scalp1,2025-04
1171957,long,2025-04-28 14:43:00,2025-04-28 14:44:00,2025-04-28 14:45:00,3327.712,3328.712,TP,0.84,1,0.3917848858739223,ml_scalp1,2025-04
1173274,long,2025-04-29 13:43:00,2025-04-29 13:44:00,2025-04-29 13:45:00,3311.404,3310.924,SL,-0.64,1,0.3911697938381473,ml_scalp1,2025-04
1173298,long,2025-04-29 14:07:00,2025-04-29 14:08:00,2025-04-29 14:09:00,3300.539,3301.539,TP,0.84,1,0.3909906734459947,ml_scalp1,2025-04
1174318,long,2025-04-30 08:10:00,2025-04-30 08:11:00,2025-04-30 08:12:00,3299.222,3298.742,SL,-0.64,1,0.39254037169588174,ml_scalp1,2025-04
1174330,long,2025-04-30 08:22:00,2025-04-30 08:23:00,2025-04-30 08:24:00,3286.695,3286.215,SL,-0.64,1,0.3927416291793997,ml_scalp1,2025-04
1174342,short,2025-04-30 08:34:00,2025-04-30 08:35:00,2025-04-30 08:36:00,3287.362,3287.842,SL,-0.64,1,0.36624736819989895,ml_scalp1,2025-04
1174386,long,2025-04-30 09:18:00,2025-04-30 09:19:00,2025-04-30 09:20:00,3279.535,3280.535,TP,0.84,1,0.39155452480493325,ml_scalp1,2025-04
1174421,long,2025-04-30 09:53:00,2025-04-30 09:54:00,2025-04-30 09:55:00,3276.711,3276.2309999999998,SL,-0.64,1,0.3929955096721168,ml_scalp1,2025-04
1174491,long,2025-04-30 11:03:00,2025-04-30 11:04:00,2025-04-30 11:05:00,3268.909,3269.909,TP,0.84,1,0.39207180478005665,ml_scalp1,2025-04
1174546,long,2025-04-30 11:58:00,2025-04-30 11:59:00,2025-04-30 12:00:00,3269.797,3270.797,TP,0.84,1,0.39151452926907815,ml_scalp1,2025-04
1174558,short,2025-04-30 12:10:00,2025-04-30 12:11:00,2025-04-30 12:12:00,3276.293,3276.77,SL,-0.636,1,0.366239110212748,ml_scalp1,2025-04
1174585,long,2025-04-30 12:37:00,2025-04-30 12:38:00,2025-04-30 12:39:00,3284.097,3285.097,TP,0.84,1,0.3916812385679638,ml_scalp1,2025-04
1174611,long,2025-04-30 13:03:00,2025-04-30 13:04:00,2025-04-30 13:05:00,3298.704,3298.2270000000003,SL,-0.636,1,0.3915543138092574,ml_scalp1,2025-04
1174627,long,2025-04-30 13:19:00,2025-04-30 13:20:00,2025-04-30 13:21:00,3305.124,3304.644,SL,-0.64,1,0.3915547988627561,ml_scalp1,2025-04
1174640,long,2025-04-30 13:32:00,2025-04-30 13:33:00,2025-04-30 13:34:00,3305.662,3305.182,SL,-0.64,1,0.3920002806683026,ml_scalp1,2025-04
1174659,long,2025-04-30 13:51:00,2025-04-30 13:52:00,2025-04-30 13:53:00,3312.125,3311.648,SL,-0.636,1,0.39116019097580423,ml_scalp1,2025-04
1174671,long,2025-04-30 14:03:00,2025-04-30 14:04:00,2025-04-30 14:05:00,3304.975,3304.495,SL,-0.64,1,0.3910336508361542,ml_scalp1,2025-04
1174697,long,2025-04-30 14:29:00,2025-04-30 14:30:00,2025-04-30 14:31:00,3304.821,3304.341,SL,-0.64,1,0.3954176950507384,ml_scalp1,2025-04
1174710,long,2025-04-30 14:42:00,2025-04-30 14:43:00,2025-04-30 14:44:00,3298.376,3297.896,SL,-0.64,1,0.3923934560441437,ml_scalp1,2025-04
1174739,long,2025-04-30 15:11:00,2025-04-30 15:12:00,2025-04-30 15:13:00,3303.7,3304.7,TP,0.84,1,0.39372289790850257,ml_scalp1,2025-04
1174772,long,2025-04-30 15:44:00,2025-04-30 15:45:00,2025-04-30 15:46:00,3302.083,3301.603,SL,-0.64,1,0.39371886741596784,ml_scalp1,2025-04
1175098,long,2025-04-30 22:15:00,2025-04-30 22:16:00,2025-04-30 22:17:00,3275.187,3276.187,TP,0.84,1,0.3952390060602925,ml_scalp1,2025-04
1175223,long,2025-05-01 00:20:00,2025-05-01 00:21:00,2025-05-01 00:22:00,3264.168,3265.168,TP,0.841,1,0.40225379777518505,ml_scalp1,2025-05
1175235,long,2025-05-01 00:32:00,2025-05-01 00:33:00,2025-05-01 00:34:00,3250.639,3250.159,SL,-0.64,1,0.40234601079674714,ml_scalp1,2025-05
1175256,long,2025-05-01 00:53:00,2025-05-01 00:54:00,2025-05-01 00:55:00,3244.807,3244.3269999999998,SL,-0.64,1,0.3998851357649714,ml_scalp1,2025-05
1175269,long,2025-05-01 01:06:00,2025-05-01 01:07:00,2025-05-01 01:08:00,3236.353,3237.353,TP,0.84,1,0.41715284183914536,ml_scalp1,2025-05
1175321,long,2025-05-01 01:58:00,2025-05-01 01:59:00,2025-05-01 02:00:00,3236.581,3237.581,TP,0.84,1,0.39845845383704537,ml_scalp1,2025-05
1175396,long,2025-05-01 03:13:00,2025-05-01 03:14:00,2025-05-01 03:15:00,3231.316,3232.316,TP,0.84,1,0.4065225381165558,ml_scalp1,2025-05
1175445,long,2025-05-01 04:02:00,2025-05-01 04:03:00,2025-05-01 04:04:00,3225.957,3226.957,TP,0.84,1,0.3989187030683887,ml_scalp1,2025-05
1175909,long,2025-05-01 11:46:00,2025-05-01 11:47:00,2025-05-01 11:48:00,3212.799,3212.319,SL,-0.64,1,0.40146434892674265,ml_scalp1,2025-05
1175943,short,2025-05-01 12:20:00,2025-05-01 12:21:00,2025-05-01 12:22:00,3211.013,3211.49,SL,-0.636,1,0.36974400315854217,ml_scalp1,2025-05
1175955,short,2025-05-01 12:32:00,2025-05-01 12:33:00,2025-05-01 12:34:00,3222.881,3223.361,SL,-0.64,1,0.3718889175336665,ml_scalp1,2025-05
1175967,short,2025-05-01 12:44:00,2025-05-01 12:45:00,2025-05-01 12:46:00,3226.524,3227.004,SL,-0.64,1,0.37201793875901895,ml_scalp1,2025-05
1175979,short,2025-05-01 12:56:00,2025-05-01 12:57:00,2025-05-01 12:58:00,3229.574,3228.574,TP,0.84,1,0.3717683832190117,ml_scalp1,2025-05
1175991,short,2025-05-01 13:08:00,2025-05-01 13:09:00,2025-05-01 13:10:00,3223.564,3222.564,TP,0.84,1,0.3716399471653463,ml_scalp1,2025-05
1176005,short,2025-05-01 13:22:00,2025-05-01 13:23:00,2025-05-01 13:24:00,3225.972,3224.972,TP,0.841,1,0.37123002620009493,ml_scalp1,2025-05
1176017,short,2025-05-01 13:34:00,2025-05-01 13:35:00,2025-05-01 13:36:00,3225.117,3224.117,TP,0.84,1,0.3718792292991828,ml_scalp1,2025-05
1176029,short,2025-05-01 13:46:00,2025-05-01 13:47:00,2025-05-01 13:48:00,3222.68,3221.68,TP,0.84,1,0.37218004867451704,ml_scalp1,2025-05
1176041,short,2025-05-01 13:58:00,2025-05-01 13:59:00,2025-05-01 14:00:00,3224.266,3224.746,SL,-0.64,1,0.37186375624919826,ml_scalp1,2025-05
1176053,short,2025-05-01 14:10:00,2025-05-01 14:11:00,2025-05-01 14:12:00,3224.334,3224.814,SL,-0.64,1,0.3724346448709263,ml_scalp1,2025-05
1176065,short,2025-05-01 14:22:00,2025-05-01 14:23:00,2025-05-01 14:24:00,3215.908,3216.3849999999998,SL,-0.636,1,0.37294530577854057,ml_scalp1,2025-05
1176077,short,2025-05-01 14:34:00,2025-05-01 14:35:00,2025-05-01 14:36:00,3224.915,3225.395,SL,-0.64,1,0.37201143490749516,ml_scalp1,2025-05
1176089,short,2025-05-01 14:46:00,2025-05-01 14:47:00,2025-05-01 14:48:00,3228.702,3227.702,TP,0.84,1,0.37192802351011883,ml_scalp1,2025-05
1176560,long,2025-05-01 23:40:00,2025-05-01 23:41:00,2025-05-01 23:42:00,3236.592,3237.592,TP,0.84,1,0.41000458306687687,ml_scalp1,2025-05
1176572,long,2025-05-01 23:52:00,2025-05-01 23:53:00,2025-05-01 23:54:00,3235.352,3234.872,SL,-0.64,1,0.41750212837893197,ml_scalp1,2025-05
1176626,long,2025-05-02 00:46:00,2025-05-02 00:47:00,2025-05-02 00:48:00,3234.982,3234.502,SL,-0.64,1,0.3993857225612713,ml_scalp1,2025-05
1176890,long,2025-05-02 05:10:00,2025-05-02 05:11:00,2025-05-02 05:12:00,3252.904,3252.424,SL,-0.64,1,0.3981497908989681,ml_scalp1,2025-05
1176902,long,2025-05-02 05:22:00,2025-05-02 05:23:00,2025-05-02 05:24:00,3253.054,3252.574,SL,-0.64,1,0.39959446557041134,ml_scalp1,2025-05
1176914,long,2025-05-02 05:34:00,2025-05-02 05:35:00,2025-05-02 05:36:00,3253.566,3254.566,TP,0.84,1,0.4095815498290215,ml_scalp1,2025-05
1176926,long,2025-05-02 05:46:00,2025-05-02 05:47:00,2025-05-02 05:48:00,3254.0,3253.52,SL,-0.64,1,0.4080809189547562,ml_scalp1,2025-05
1176938,long,2025-05-02 05:58:00,2025-05-02 05:59:00,2025-05-02 06:00:00,3252.297,3251.817,SL,-0.64,1,0.4172538803190037,ml_scalp1,2025-05
1177330,long,2025-05-02 12:30:00,2025-05-02 12:31:00,2025-05-02 12:32:00,3251.444,3252.444,TP,0.84,1,0.39845868133162743,ml_scalp1,2025-05
1177362,long,2025-05-02 13:02:00,2025-05-02 13:03:00,2025-05-02 13:04:00,3245.26,3244.78,SL,-0.64,1,0.3974206761150484,ml_scalp1,2025-05
1177402,long,2025-05-02 13:42:00,2025-05-02 13:43:00,2025-05-02 13:44:00,3250.341,3249.861,SL,-0.64,1,0.3984845286822934,ml_scalp1,2025-05
1177415,long,2025-05-02 13:55:00,2025-05-02 13:56:00,2025-05-02 13:57:00,3245.978,3246.978,TP,0.84,1,0.39869878059515584,ml_scalp1,2025-05
1177516,long,2025-05-02 15:36:00,2025-05-02 15:37:00,2025-05-02 15:38:00,3237.188,3238.188,TP,0.84,1,0.4121534171395797,ml_scalp1,2025-05
1177540,long,2025-05-02 16:00:00,2025-05-02 16:01:00,2025-05-02 16:02:00,3229.132,3228.655,SL,-0.636,1,0.39918231978644136,ml_scalp1,2025-05
1177598,long,2025-05-02 16:58:00,2025-05-02 16:59:00,2025-05-02 17:00:00,3223.039,3224.039,TP,0.84,1,0.40377798901888967,ml_scalp1,2025-05
1178798,short,2025-05-05 14:05:00,2025-05-05 14:06:00,2025-05-05 14:07:00,3323.931,3324.408,SL,-0.636,1,0.369623178801301,ml_scalp1,2025-05
1178921,long,2025-05-05 16:08:00,2025-05-05 16:09:00,2025-05-05 16:10:00,3306.063,3307.063,TP,0.84,1,0.40691045846990825,ml_scalp1,2025-05
1179463,long,2025-05-06 02:13:00,2025-05-06 02:14:00,2025-05-06 02:15:00,3383.285,3382.805,SL,-0.64,1,0.3976909584289874,ml_scalp1,2025-05
1179475,long,2025-05-06 02:25:00,2025-05-06 02:26:00,2025-05-06 02:27:00,3379.61,3380.61,TP,0.84,1,0.3997743272972841,ml_scalp1,2025-05
1179487,long,2025-05-06 02:37:00,2025-05-06 02:38:00,2025-05-06 02:39:00,3368.793,3369.793,TP,0.841,1,0.4001272590383431,ml_scalp1,2025-05
1179499,long,2025-05-06 02:49:00,2025-05-06 02:50:00,2025-05-06 02:51:00,3357.618,3358.618,TP,0.84,1,0.4081665451803709,ml_scalp1,2025-05
1179514,long,2025-05-06 03:04:00,2025-05-06 03:05:00,2025-05-06 03:06:00,3354.449,3353.969,SL,-0.64,1,0.39860136233603244,ml_scalp1,2025-05
1179581,long,2025-05-06 04:11:00,2025-05-06 04:12:00,2025-05-06 04:13:00,3359.63,3360.63,TP,0.84,1,0.4027301879928798,ml_scalp1,2025-05
1179596,long,2025-05-06 04:26:00,2025-05-06 04:27:00,2025-05-06 04:28:00,3359.219,3358.739,SL,-0.64,1,0.39808804642906037,ml_scalp1,2025-05
1179608,long,2025-05-06 04:38:00,2025-05-06 04:39:00,2025-05-06 04:41:00,3357.486,3357.006,SL,-0.64,2,0.40147647375062173,ml_scalp1,2025-05
1179636,long,2025-05-06 05:06:00,2025-05-06 05:07:00,2025-05-06 05:08:00,3361.648,3361.168,SL,-0.64,1,0.3975023241089662,ml_scalp1,2025-05
1180589,long,2025-05-06 22:04:00,2025-05-06 22:05:00,2025-05-06 22:06:00,3416.654,3416.174,SL,-0.64,1,0.4022252269489465,ml_scalp1,2025-05
1180602,long,2025-05-06 22:17:00,2025-05-06 22:18:00,2025-05-06 22:19:00,3402.44,3401.96,SL,-0.64,1,0.4050771442102319,ml_scalp1,2025-05
1180614,long,2025-05-06 22:29:00,2025-05-06 22:30:00,2025-05-06 22:31:00,3388.189,3389.189,TP,0.841,1,0.40176409165009935,ml_scalp1,2025-05
1180644,long,2025-05-06 22:59:00,2025-05-06 23:00:00,2025-05-06 23:01:00,3381.518,3381.038,SL,-0.64,1,0.4082303234488193,ml_scalp1,2025-05
1180722,long,2025-05-07 00:17:00,2025-05-07 00:18:00,2025-05-07 00:19:00,3384.874,3385.874,TP,0.84,1,0.4005835599250306,ml_scalp1,2025-05
1180739,long,2025-05-07 00:34:00,2025-05-07 00:35:00,2025-05-07 00:36:00,3380.124,3379.644,SL,-0.64,1,0.40018094434108215,ml_scalp1,2025-05
1180751,long,2025-05-07 00:46:00,2025-05-07 00:47:00,2025-05-07 00:48:00,3366.208,3365.728,SL,-0.64,1,0.40037960211328044,ml_scalp1,2025-05
1180792,long,2025-05-07 01:27:00,2025-05-07 01:28:00,2025-05-07 01:29:00,3363.153,3364.153,TP,0.84,1,0.3976369288524402,ml_scalp1,2025-05
1181055,long,2025-05-07 05:50:00,2025-05-07 05:51:00,2025-05-07 05:52:00,3384.919,3385.919,TP,0.84,1,0.39787756162548926,ml_scalp1,2025-05
1181831,long,2025-05-07 18:46:00,2025-05-07 18:47:00,2025-05-07 18:48:00,3376.393,3377.393,TP,0.84,1,0.40448137645807863,ml_scalp1,2025-05
1181860,long,2025-05-07 19:15:00,2025-05-07 19:16:00,2025-05-07 19:17:00,3364.491,3364.011,SL,-0.64,1,0.40396670690033576,ml_scalp1,2025-05
1182394,long,2025-05-08 05:12:00,2025-05-08 05:13:00,2025-05-08 05:14:00,3374.916,3374.436,SL,-0.64,1,0.3976247273386962,ml_scalp1,2025-05
1182435,long,2025-05-08 05:53:00,2025-05-08 05:54:00,2025-05-08 05:55:00,3362.49,3362.0099999999998,SL,-0.64,1,0.41293516299722877,ml_scalp1,2025-05
1182447,short,2025-05-08 06:05:00,2025-05-08 06:06:00,2025-05-08 06:07:00,3357.257,3357.737,SL,-0.64,1,0.3700029811213599,ml_scalp1,2025-05
1182459,long,2025-05-08 06:17:00,2025-05-08 06:18:00,2025-05-08 06:19:00,3339.287,3340.287,TP,0.84,1,0.40756147560802763,ml_scalp1,2025-05
1182472,short,2025-05-08 06:30:00,2025-05-08 06:31:00,2025-05-08 06:32:00,3339.884,3338.884,TP,0.84,1,0.3696114961100577,ml_scalp1,2025-05
1182484,short,2025-05-08 06:42:00,2025-05-08 06:43:00,2025-05-08 06:44:00,3331.873,3332.353,SL,-0.64,1,0.3708378335103091,ml_scalp1,2025-05
1182496,short,2025-05-08 06:54:00,2025-05-08 06:55:00,2025-05-08 06:56:00,3330.496,3329.496,TP,0.84,1,0.3722005840317927,ml_scalp1,2025-05
1182508,short,2025-05-08 07:06:00,2025-05-08 07:07:00,2025-05-08 07:08:00,3335.936,3336.413,SL,-0.636,1,0.3698533490611252,ml_scalp1,2025-05
1182747,long,2025-05-08 11:05:00,2025-05-08 11:06:00,2025-05-08 11:07:00,3339.766,3340.766,TP,0.84,1,0.39757666028037,ml_scalp1,2025-05
1182793,long,2025-05-08 11:51:00,2025-05-08 11:52:00,2025-05-08 11:53:00,3342.806,3343.806,TP,0.84,1,0.4004442799190966,ml_scalp1,2025-05
1182923,long,2025-05-08 14:01:00,2025-05-08 14:02:00,2025-05-08 14:03:00,3352.025,3353.025,TP,0.84,1,0.4028521730626645,ml_scalp1,2025-05
1183008,long,2025-05-08 15:26:00,2025-05-08 15:27:00,2025-05-08 15:28:00,3343.612,3343.135,SL,-0.636,1,0.40133232407943653,ml_scalp1,2025-05
1183023,long,2025-05-08 15:41:00,2025-05-08 15:42:00,2025-05-08 15:43:00,3337.872,3337.395,SL,-0.636,1,0.40805032338534686,ml_scalp1,2025-05
1183036,short,2025-05-08 15:54:00,2025-05-08 15:55:00,2025-05-08 15:56:00,3333.67,3332.67,TP,0.841,1,0.3700795884642852,ml_scalp1,2025-05
1183048,long,2025-05-08 16:06:00,2025-05-08 16:07:00,2025-05-08 16:08:00,3321.786,3322.786,TP,0.84,1,0.40991372913803364,ml_scalp1,2025-05
1183060,long,2025-05-08 16:18:00,2025-05-08 16:19:00,2025-05-08 16:20:00,3309.888,3309.408,SL,-0.64,1,0.41390036737752933,ml_scalp1,2025-05
1183072,short,2025-05-08 16:30:00,2025-05-08 16:31:00,2025-05-08 16:32:00,3310.132,3310.609,SL,-0.636,1,0.3726263310266154,ml_scalp1,2025-05
1183084,short,2025-05-08 16:42:00,2025-05-08 16:43:00,2025-05-08 16:44:00,3310.729,3309.729,TP,0.841,1,0.3723351934475997,ml_scalp1,2025-05
1183105,long,2025-05-08 17:03:00,2025-05-08 17:04:00,2025-05-08 17:05:00,3305.262,3304.782,SL,-0.64,1,0.40038188865240115,ml_scalp1,2025-05
1183117,short,2025-05-08 17:15:00,2025-05-08 17:16:00,2025-05-08 17:17:00,3304.901,3303.901,TP,0.841,1,0.3732431066931318,ml_scalp1,2025-05
1183129,short,2025-05-08 17:27:00,2025-05-08 17:28:00,2025-05-08 17:29:00,3305.113,3304.113,TP,0.84,1,0.3697691581249584,ml_scalp1,2025-05
1183243,long,2025-05-08 19:21:00,2025-05-08 19:22:00,2025-05-08 19:23:00,3289.072,3290.072,TP,0.84,1,0.41099525798545905,ml_scalp1,2025-05
1183450,long,2025-05-08 23:51:00,2025-05-08 23:52:00,2025-05-08 23:55:00,3314.822,3315.822,TP,0.84,3,0.3985846819907932,ml_scalp1,2025-05
1183545,long,2025-05-09 01:26:00,2025-05-09 01:27:00,2025-05-09 01:28:00,3299.404,3300.404,TP,0.84,1,0.40349037066191035,ml_scalp1,2025-05
1183557,long,2025-05-09 01:38:00,2025-05-09 01:39:00,2025-05-09 01:40:00,3292.182,3291.7019999999998,SL,-0.64,1,0.39808125623908747,ml_scalp1,2025-05
1183570,long,2025-05-09 01:51:00,2025-05-09 01:52:00,2025-05-09 01:53:00,3287.974,3288.974,TP,0.84,1,0.4017725023976462,ml_scalp1,2025-05
1183588,long,2025-05-09 02:09:00,2025-05-09 02:10:00,2025-05-09 02:11:00,3285.319,3284.839,SL,-0.64,1,0.40013092260385535,ml_scalp1,2025-05
1183866,long,2025-05-09 06:47:00,2025-05-09 06:48:00,2025-05-09 06:49:00,3321.064,3322.064,TP,0.84,1,0.39766423180521737,ml_scalp1,2025-05
1184029,long,2025-05-09 09:30:00,2025-05-09 09:31:00,2025-05-09 09:32:00,3324.885,3325.885,TP,0.84,1,0.3986809156480963,ml_scalp1,2025-05
1184042,long,2025-05-09 09:43:00,2025-05-09 09:44:00,2025-05-09 09:45:00,3326.215,3325.735,SL,-0.64,1,0.401146529448709,ml_scalp1,2025-05
1184054,long,2025-05-09 09:55:00,2025-05-09 09:56:00,2025-05-09 09:57:00,3325.585,3325.105,SL,-0.64,1,0.40115792697100694,ml_scalp1,2025-05
1184066,long,2025-05-09 10:07:00,2025-05-09 10:08:00,2025-05-09 10:09:00,3322.427,3323.427,TP,0.84,1,0.3998637966477019,ml_scalp1,2025-05
1184078,long,2025-05-09 10:19:00,2025-05-09 10:20:00,2025-05-09 10:21:00,3328.477,3329.477,TP,0.84,1,0.39760601304550247,ml_scalp1,2025-05
1184091,long,2025-05-09 10:32:00,2025-05-09 10:33:00,2025-05-09 10:35:00,3323.845,3323.365,SL,-0.64,2,0.39873961890239973,ml_scalp1,2025-05
1184722,long,2025-05-11 22:14:00,2025-05-11 22:15:00,2025-05-11 22:16:00,3281.876,3281.396,SL,-0.64,1,0.4089785700443124,ml_scalp1,2025-05
1184900,long,2025-05-12 01:12:00,2025-05-12 01:13:00,2025-05-12 01:14:00,3262.177,3261.697,SL,-0.64,1,0.4107153637296801,ml_scalp1,2025-05
1185206,long,2025-05-12 06:18:00,2025-05-12 06:19:00,2025-05-12 06:20:00,3280.976,3280.496,SL,-0.64,1,0.4006421036600052,ml_scalp1,2025-05
1185248,long,2025-05-12 07:00:00,2025-05-12 07:01:00,2025-05-12 07:02:00,3258.558,3258.081,SL,-0.636,1,0.41160881981980657,ml_scalp1,2025-05
1185260,short,2025-05-12 07:12:00,2025-05-12 07:13:00,2025-05-12 07:14:00,3251.011,3250.011,TP,0.841,1,0.37379726011631564,ml_scalp1,2025-05
1185272,long,2025-05-12 07:24:00,2025-05-12 07:25:00,2025-05-12 07:26:00,3236.773,3236.293,SL,-0.64,1,0.4146930068484582,ml_scalp1,2025-05
1185284,short,2025-05-12 07:36:00,2025-05-12 07:37:00,2025-05-12 07:38:00,3234.67,3233.67,TP,0.84,1,0.37434017364845246,ml_scalp1,2025-05
1185296,short,2025-05-12 07:48:00,2025-05-12 07:49:00,2025-05-12 07:50:00,3222.129,3222.609,SL,-0.64,1,0.3729101180179617,ml_scalp1,2025-05
1185308,short,2025-05-12 08:00:00,2025-05-12 08:01:00,2025-05-12 08:02:00,3226.983,3227.463,SL,-0.64,1,0.3743618394020091,ml_scalp1,2025-05
1185320,short,2025-05-12 08:12:00,2025-05-12 08:13:00,2025-05-12 08:14:00,3224.895,3223.895,TP,0.84,1,0.37439848475212784,ml_scalp1,2025-05
1185332,short,2025-05-12 08:24:00,2025-05-12 08:25:00,2025-05-12 08:26:00,3223.158,3223.638,SL,-0.64,1,0.37429134812396087,ml_scalp1,2025-05
1185344,short,2025-05-12 08:36:00,2025-05-12 08:37:00,2025-05-12 08:38:00,3229.271,3229.751,SL,-0.64,1,0.37430398208630167,ml_scalp1,2025-05
1185356,short,2025-05-12 08:48:00,2025-05-12 08:49:00,2025-05-12 08:50:00,3231.952,3230.952,TP,0.84,1,0.3744821142068926,ml_scalp1,2025-05
1185368,short,2025-05-12 09:00:00,2025-05-12 09:01:00,2025-05-12 09:02:00,3229.721,3230.201,SL,-0.64,1,0.3735726107619052,ml_scalp1,2025-05
1185423,long,2025-05-12 09:55:00,2025-05-12 09:56:00,2025-05-12 09:57:00,3214.184,3215.184,TP,0.84,1,0.4063063145061419,ml_scalp1,2025-05
1185469,long,2025-05-12 10:41:00,2025-05-12 10:42:00,2025-05-12 10:43:00,3208.995,3209.995,TP,0.84,1,0.40129858534259244,ml_scalp1,2025-05
1185493,short,2025-05-12 11:05:00,2025-05-12 11:06:00,2025-05-12 11:07:00,3218.67,3219.15,SL,-0.64,1,0.3699023004919062,ml_scalp1,2025-05
1185614,short,2025-05-12 13:06:00,2025-05-12 13:07:00,2025-05-12 13:08:00,3244.112,3244.592,SL,-0.64,1,0.3698143672503355,ml_scalp1,2025-05
1185626,short,2025-05-12 13:18:00,2025-05-12 13:19:00,2025-05-12 13:20:00,3241.782,3242.262,SL,-0.64,1,0.3728776549376787,ml_scalp1,2025-05
1185638,short,2025-05-12 13:30:00,2025-05-12 13:31:00,2025-05-12 13:32:00,3235.247,3235.727,SL,-0.64,1,0.3733744256849195,ml_scalp1,2025-05
1185650,short,2025-05-12 13:42:00,2025-05-12 13:43:00,2025-05-12 13:44:00,3242.352,3242.832,SL,-0.64,1,0.37293516147281597,ml_scalp1,2025-05
1185662,short,2025-05-12 13:54:00,2025-05-12 13:55:00,2025-05-12 13:56:00,3239.681,3240.161,SL,-0.64,1,0.37269345701199125,ml_scalp1,2025-05
1185674,short,2025-05-12 14:06:00,2025-05-12 14:07:00,2025-05-12 14:08:00,3235.222,3235.702,SL,-0.64,1,0.37339045568551676,ml_scalp1,2025-05
1185686,short,2025-05-12 14:18:00,2025-05-12 14:19:00,2025-05-12 14:20:00,3238.111,3238.5879999999997,SL,-0.636,1,0.37292217879636785,ml_scalp1,2025-05
1185698,short,2025-05-12 14:30:00,2025-05-12 14:31:00,2025-05-12 14:32:00,3243.877,3244.357,SL,-0.64,1,0.37212794859726517,ml_scalp1,2025-05
1185710,short,2025-05-12 14:42:00,2025-05-12 14:43:00,2025-05-12 14:44:00,3242.659,3243.139,SL,-0.64,1,0.3698403833812247,ml_scalp1,2025-05
1185931,long,2025-05-12 18:23:00,2025-05-12 18:24:00,2025-05-12 18:25:00,3220.458,3221.458,TP,0.84,1,0.40551278038808025,ml_scalp1,2025-05
1186082,long,2025-05-12 20:54:00,2025-05-12 20:55:00,2025-05-12 22:01:00,3234.115,3235.115,TP,0.84,3,0.39904882125101204,ml_scalp1,2025-05
1186194,long,2025-05-12 23:49:00,2025-05-12 23:50:00,2025-05-12 23:51:00,3237.624,3237.144,SL,-0.64,1,0.3997371290576077,ml_scalp1,2025-05
1186207,long,2025-05-13 00:02:00,2025-05-13 00:03:00,2025-05-13 00:04:00,3236.981,3236.5040000000004,SL,-0.636,1,0.412508249325603,ml_scalp1,2025-05
1186241,long,2025-05-13 00:36:00,2025-05-13 00:37:00,2025-05-13 00:38:00,3236.023,3235.543,SL,-0.64,1,0.4009817237941154,ml_scalp1,2025-05
1186309,long,2025-05-13 01:44:00,2025-05-13 01:45:00,2025-05-13 01:46:00,3217.458,3218.458,TP,0.84,1,0.40491261096999553,ml_scalp1,2025-05
1186978,long,2025-05-13 12:53:00,2025-05-13 12:54:00,2025-05-13 12:55:00,3243.319,3244.319,TP,0.84,1,0.3979563939471482,ml_scalp1,2025-05
1187025,long,2025-05-13 13:40:00,2025-05-13 13:41:00,2025-05-13 13:42:00,3233.746,3234.746,TP,0.841,1,0.4040080267803698,ml_scalp1,2025-05
1188298,long,2025-05-14 11:56:00,2025-05-14 11:57:00,2025-05-14 11:58:00,3222.252,3221.772,SL,-0.64,1,0.4083676647350768,ml_scalp1,2025-05
1188311,short,2025-05-14 12:09:00,2025-05-14 12:10:00,2025-05-14 12:11:00,3220.695,3219.695,TP,0.84,1,0.3698833670555775,ml_scalp1,2025-05
1188323,short,2025-05-14 12:21:00,2025-05-14 12:22:00,2025-05-14 12:23:00,3213.529,3214.006,SL,-0.636,1,0.37003888696350434,ml_scalp1,2025-05
1188335,short,2025-05-14 12:33:00,2025-05-14 12:34:00,2025-05-14 12:35:00,3212.775,3211.775,TP,0.841,1,0.36963274100673804,ml_scalp1,2025-05
1188347,long,2025-05-14 12:45:00,2025-05-14 12:46:00,2025-05-14 12:47:00,3196.593,3196.116,SL,-0.636,1,0.4193096140527396,ml_scalp1,2025-05
1188359,short,2025-05-14 12:57:00,2025-05-14 12:58:00,2025-05-14 12:59:00,3187.567,3186.567,TP,0.841,1,0.3712417534882948,ml_scalp1,2025-05
1188371,short,2025-05-14 13:09:00,2025-05-14 13:10:00,2025-05-14 13:11:00,3180.738,3179.738,TP,0.841,1,0.3712828517426475,ml_scalp1,2025-05
1188383,short,2025-05-14 13:21:00,2025-05-14 13:22:00,2025-05-14 13:23:00,3186.583,3187.063,SL,-0.64,1,0.3727602037471006,ml_scalp1,2025-05
1188395,short,2025-05-14 13:33:00,2025-05-14 13:34:00,2025-05-14 13:35:00,3191.715,3192.192,SL,-0.636,1,0.37039186311923933,ml_scalp1,2025-05
1188407,short,2025-05-14 13:45:00,2025-05-14 13:46:00,2025-05-14 13:47:00,3190.518,3190.998,SL,-0.64,1,0.37194143967275867,ml_scalp1,2025-05
1188419,short,2025-05-14 13:57:00,2025-05-14 13:58:00,2025-05-14 13:59:00,3191.291,3191.771,SL,-0.64,1,0.3704089467827129,ml_scalp1,2025-05
1188431,short,2025-05-14 14:09:00,2025-05-14 14:10:00,2025-05-14 14:11:00,3186.238,3186.7149999999997,SL,-0.636,1,0.3725963748424717,ml_scalp1,2025-05
1188443,short,2025-05-14 14:21:00,2025-05-14 14:22:00,2025-05-14 14:23:00,3182.29,3181.29,TP,0.84,1,0.3725370174822051,ml_scalp1,2025-05
1188455,short,2025-05-14 14:33:00,2025-05-14 14:34:00,2025-05-14 14:35:00,3182.117,3182.597,SL,-0.64,1,0.3726577448952296,ml_scalp1,2025-05
1188467,short,2025-05-14 14:45:00,2025-05-14 14:46:00,2025-05-14 14:47:00,3185.567,3186.047,SL,-0.64,1,0.37286627087220375,ml_scalp1,2025-05
1188479,short,2025-05-14 14:57:00,2025-05-14 14:58:00,2025-05-14 14:59:00,3182.625,3181.625,TP,0.84,1,0.3727277258492024,ml_scalp1,2025-05
1188491,short,2025-05-14 15:09:00,2025-05-14 15:10:00,2025-05-14 15:11:00,3181.884,3180.884,TP,0.84,1,0.372746268425323,ml_scalp1,2025-05
1188503,short,2025-05-14 15:21:00,2025-05-14 15:22:00,2025-05-14 15:23:00,3185.364,3184.364,TP,0.84,1,0.3727740008471144,ml_scalp1,2025-05
1188515,short,2025-05-14 15:33:00,2025-05-14 15:34:00,2025-05-14 15:35:00,3186.111,3185.111,TP,0.84,1,0.37200688509349417,ml_scalp1,2025-05
1188596,short,2025-05-14 16:54:00,2025-05-14 16:55:00,2025-05-14 16:56:00,3189.778,3188.778,TP,0.84,1,0.3717410544732832,ml_scalp1,2025-05
1188608,short,2025-05-14 17:06:00,2025-05-14 17:07:00,2025-05-14 17:08:00,3189.084,3188.084,TP,0.84,1,0.37146654019754155,ml_scalp1,2025-05
1188958,long,2025-05-15 00:00:00,2025-05-15 00:01:00,2025-05-15 00:02:00,3184.108,3183.628,SL,-0.64,1,0.3974551532520294,ml_scalp1,2025-05
1189102,long,2025-05-15 02:24:00,2025-05-15 02:25:00,2025-05-15 02:26:00,3164.994,3165.994,TP,0.841,1,0.40812777603726136,ml_scalp1,2025-05
1189115,long,2025-05-15 02:37:00,2025-05-15 02:38:00,2025-05-15 02:39:00,3159.246,3158.7690000000002,SL,-0.636,1,0.39817956081658934,ml_scalp1,2025-05
1189127,long,2025-05-15 02:49:00,2025-05-15 02:50:00,2025-05-15 02:51:00,3151.03,3150.55,SL,-0.64,1,0.4103903057831406,ml_scalp1,2025-05
1189155,long,2025-05-15 03:17:00,2025-05-15 03:18:00,2025-05-15 03:19:00,3149.784,3149.304,SL,-0.64,1,0.39746164582032834,ml_scalp1,2025-05
1189195,long,2025-05-15 03:57:00,2025-05-15 03:58:00,2025-05-15 03:59:00,3151.667,3151.187,SL,-0.64,1,0.40061903491804135,ml_scalp1,2025-05
1189208,long,2025-05-15 04:10:00,2025-05-15 04:11:00,2025-05-15 04:12:00,3147.914,3147.434,SL,-0.64,1,0.4123255716295273,ml_scalp1,2025-05
1189229,long,2025-05-15 04:31:00,2025-05-15 04:32:00,2025-05-15 04:33:00,3146.402,3145.922,SL,-0.64,1,0.3975276287330323,ml_scalp1,2025-05
1189241,long,2025-05-15 04:43:00,2025-05-15 04:44:00,2025-05-15 04:45:00,3143.596,3143.116,SL,-0.64,1,0.39948727240411447,ml_scalp1,2025-05
1189253,long,2025-05-15 04:55:00,2025-05-15 04:56:00,2025-05-15 04:58:00,3137.77,3137.29,SL,-0.64,2,0.399948254775742,ml_scalp1,2025-05
1189290,long,2025-05-15 05:32:00,2025-05-15 05:33:00,2025-05-15 05:34:00,3135.586,3136.586,TP,0.84,1,0.4167591684123485,ml_scalp1,2025-05
1189302,long,2025-05-15 05:44:00,2025-05-15 05:45:00,2025-05-15 05:46:00,3132.816,3132.336,SL,-0.64,1,0.40729421441915536,ml_scalp1,2025-05
1189314,long,2025-05-15 05:56:00,2025-05-15 05:57:00,2025-05-15 05:58:00,3127.192,3128.192,TP,0.841,1,0.410593738832347,ml_scalp1,2025-05
1189326,short,2025-05-15 06:08:00,2025-05-15 06:09:00,2025-05-15 06:10:00,3129.985,3130.465,SL,-0.64,1,0.3741828960536109,ml_scalp1,2025-05
1189338,short,2025-05-15 06:20:00,2025-05-15 06:21:00,2025-05-15 06:22:00,3131.478,3131.958,SL,-0.64,1,0.37448549594350367,ml_scalp1,2025-05
1189350,short,2025-05-15 06:32:00,2025-05-15 06:33:00,2025-05-15 06:34:00,3143.117,3143.594,SL,-0.636,1,0.3733663737210632,ml_scalp1,2025-05
1189362,short,2025-05-15 06:44:00,2025-05-15 06:45:00,2025-05-15 06:46:00,3147.849,3146.849,TP,0.84,1,0.3734393986449783,ml_scalp1,2025-05
1189374,short,2025-05-15 06:56:00,2025-05-15 06:57:00,2025-05-15 06:58:00,3150.132,3149.132,TP,0.84,1,0.3726578246381195,ml_scalp1,2025-05
1189386,short,2025-05-15 07:08:00,2025-05-15 07:09:00,2025-05-15 07:10:00,3146.569,3147.046,SL,-0.636,1,0.3728012347249178,ml_scalp1,2025-05
1189417,short,2025-05-15 07:39:00,2025-05-15 07:40:00,2025-05-15 07:41:00,3136.874,3135.874,TP,0.841,1,0.3698463486088047,ml_scalp1,2025-05
1189429,short,2025-05-15 07:51:00,2025-05-15 07:52:00,2025-05-15 07:53:00,3138.414,3138.8940000000002,SL,-0.64,1,0.37446637940371247,ml_scalp1,2025-05
1189441,short,2025-05-15 08:03:00,2025-05-15 08:04:00,2025-05-15 08:05:00,3142.869,3143.349,SL,-0.64,1,0.37178174450756074,ml_scalp1,2025-05
1189453,short,2025-05-15 08:15:00,2025-05-15 08:16:00,2025-05-15 08:17:00,3149.497,3148.497,TP,0.84,1,0.37261563434351985,ml_scalp1,2025-05
1190312,long,2025-05-15 23:37:00,2025-05-15 23:38:00,2025-05-15 23:39:00,3237.401,3238.401,TP,0.84,1,0.4043694159707817,ml_scalp1,2025-05
1190361,long,2025-05-16 00:26:00,2025-05-16 00:27:00,2025-05-16 00:28:00,3236.468,3235.988,SL,-0.64,1,0.3983377219741352,ml_scalp1,2025-05
1190373,long,2025-05-16 00:38:00,2025-05-16 00:39:00,2025-05-16 00:40:00,3234.699,3234.219,SL,-0.64,1,0.3976377709585431,ml_scalp1,2025-05
1190402,long,2025-05-16 01:07:00,2025-05-16 01:08:00,2025-05-16 01:09:00,3233.92,3233.44,SL,-0.64,1,0.39809623228885815,ml_scalp1,2025-05
1190414,long,2025-05-16 01:19:00,2025-05-16 01:20:00,2025-05-16 01:21:00,3223.397,3224.397,TP,0.84,1,0.4038404644838968,ml_scalp1,2025-05
1190444,long,2025-05-16 01:49:00,2025-05-16 01:50:00,2025-05-16 01:51:00,3215.648,3216.648,TP,0.84,1,0.4002856358984366,ml_scalp1,2025-05
1190828,long,2025-05-16 08:13:00,2025-05-16 08:14:00,2025-05-16 08:15:00,3199.771,3199.291,SL,-0.64,1,0.3983542282141652,ml_scalp1,2025-05
1190978,long,2025-05-16 10:43:00,2025-05-16 10:44:00,2025-05-16 10:45:00,3195.658,3195.178,SL,-0.64,1,0.4022128568930218,ml_scalp1,2025-05
1190990,short,2025-05-16 10:55:00,2025-05-16 10:56:00,2025-05-16 10:57:00,3176.485,3175.485,TP,0.841,1,0.3718079193926121,ml_scalp1,2025-05
1191002,short,2025-05-16 11:07:00,2025-05-16 11:08:00,2025-05-16 11:09:00,3171.895,3172.372,SL,-0.636,1,0.3721754786754984,ml_scalp1,2025-05
1191014,short,2025-05-16 11:19:00,2025-05-16 11:20:00,2025-05-16 11:21:00,3175.113,3175.593,SL,-0.64,1,0.3724231726758279,ml_scalp1,2025-05
1191026,short,2025-05-16 11:31:00,2025-05-16 11:32:00,2025-05-16 11:33:00,3173.697,3174.174,SL,-0.636,1,0.37123501018207833,ml_scalp1,2025-05
1191038,short,2025-05-16 11:43:00,2025-05-16 11:44:00,2025-05-16 11:45:00,3174.26,3174.737,SL,-0.636,1,0.3719211258821473,ml_scalp1,2025-05
1191050,long,2025-05-16 11:55:00,2025-05-16 11:56:00,2025-05-16 11:57:00,3159.17,3160.17,TP,0.84,1,0.4071552293532328,ml_scalp1,2025-05
1191062,short,2025-05-16 12:07:00,2025-05-16 12:08:00,2025-05-16 12:09:00,3160.041,3159.041,TP,0.841,1,0.37316272284740437,ml_scalp1,2025-05
1191074,short,2025-05-16 12:19:00,2025-05-16 12:20:00,2025-05-16 12:21:00,3168.356,3168.8360000000002,SL,-0.64,1,0.3726196316622966,ml_scalp1,2025-05
1191086,short,2025-05-16 12:31:00,2025-05-16 12:32:00,2025-05-16 12:33:00,3173.01,3173.4900000000002,SL,-0.64,1,0.37159701040678705,ml_scalp1,2025-05
1191099,short,2025-05-16 12:44:00,2025-05-16 12:45:00,2025-05-16 12:46:00,3178.11,3178.59,SL,-0.64,1,0.37025817476786616,ml_scalp1,2025-05
1191111,short,2025-05-16 12:56:00,2025-05-16 12:57:00,2025-05-16 12:58:00,3177.757,3176.757,TP,0.84,1,0.3701244632400852,ml_scalp1,2025-05
1191129,short,2025-05-16 13:14:00,2025-05-16 13:15:00,2025-05-16 13:16:00,3176.862,3177.342,SL,-0.64,1,0.3700143431246511,ml_scalp1,2025-05
1191141,short,2025-05-16 13:26:00,2025-05-16 13:27:00,2025-05-16 13:28:00,3176.451,3176.931,SL,-0.64,1,0.3701643830473206,ml_scalp1,2025-05
1191194,long,2025-05-16 14:19:00,2025-05-16 14:20:00,2025-05-16 14:21:00,3176.169,3177.169,TP,0.84,1,0.3991799799010636,ml_scalp1,2025-05
1191206,short,2025-05-16 14:31:00,2025-05-16 14:32:00,2025-05-16 14:33:00,3174.94,3173.94,TP,0.841,1,0.3700535322204021,ml_scalp1,2025-05
1191218,short,2025-05-16 14:43:00,2025-05-16 14:44:00,2025-05-16 14:45:00,3166.869,3167.346,SL,-0.636,1,0.3723934901682731,ml_scalp1,2025-05
1191231,short,2025-05-16 14:56:00,2025-05-16 14:57:00,2025-05-16 14:58:00,3175.564,3174.564,TP,0.841,1,0.37017281006684,ml_scalp1,2025-05
1191688,long,2025-05-18 23:40:00,2025-05-18 23:41:00,2025-05-18 23:42:00,3233.749,3233.272,SL,-0.636,1,0.39943229472242003,ml_scalp1,2025-05
1191786,long,2025-05-19 01:18:00,2025-05-19 01:19:00,2025-05-19 01:20:00,3228.612,3228.135,SL,-0.636,1,0.3976855806275765,ml_scalp1,2025-05
1192550,long,2025-05-19 14:02:00,2025-05-19 14:03:00,2025-05-19 14:04:00,3222.34,3223.34,TP,0.84,1,0.4017521478284548,ml_scalp1,2025-05
1193551,long,2025-05-20 07:46:00,2025-05-20 07:47:00,2025-05-20 07:48:00,3223.824,3223.344,SL,-0.64,1,0.39838597912296847,ml_scalp1,2025-05
1193869,long,2025-05-20 13:04:00,2025-05-20 13:05:00,2025-05-20 13:06:00,3236.168,3235.688,SL,-0.64,1,0.39884672131138493,ml_scalp1,2025-05
1193900,short,2025-05-20 13:35:00,2025-05-20 13:36:00,2025-05-20 13:37:00,3244.41,3244.89,SL,-0.64,1,0.3695996756101607,ml_scalp1,2025-05
1193948,short,2025-05-20 14:23:00,2025-05-20 14:24:00,2025-05-20 14:25:00,3282.735,3283.212,SL,-0.636,1,0.369626168012572,ml_scalp1,2025-05
1193960,long,2025-05-20 14:35:00,2025-05-20 14:36:00,2025-05-20 14:37:00,3276.442,3275.962,SL,-0.64,1,0.39937705074270974,ml_scalp1,2025-05
1193976,long,2025-05-20 14:51:00,2025-05-20 14:52:00,2025-05-20 14:54:00,3283.177,3282.7000000000003,SL,-0.636,2,0.3990286343915116,ml_scalp1,2025-05
1193990,long,2025-05-20 15:05:00,2025-05-20 15:06:00,2025-05-20 15:07:00,3275.617,3275.137,SL,-0.64,1,0.40308090859004797,ml_scalp1,2025-05
1194073,long,2025-05-20 16:28:00,2025-05-20 16:29:00,2025-05-20 16:30:00,3279.688,3279.208,SL,-0.64,1,0.39754740968142954,ml_scalp1,2025-05
1194546,long,2025-05-21 01:24:00,2025-05-21 01:25:00,2025-05-21 01:26:00,3287.351,3286.8740000000003,SL,-0.636,1,0.4058732641870836,ml_scalp1,2025-05
1194705,long,2025-05-21 04:03:00,2025-05-21 04:04:00,2025-05-21 04:05:00,3305.645,3305.165,SL,-0.64,1,0.3975563977190679,ml_scalp1,2025-05
1195288,long,2025-05-21 13:46:00,2025-05-21 13:47:00,2025-05-21 13:48:00,3299.575,3300.575,TP,0.841,1,0.3985295799865753,ml_scalp1,2025-05
1196139,long,2025-05-22 05:00:00,2025-05-22 05:01:00,2025-05-22 05:07:00,3338.543,3338.063,SL,-0.64,6,0.4036924611721493,ml_scalp1,2025-05
1196158,long,2025-05-22 05:19:00,2025-05-22 05:20:00,2025-05-22 05:21:00,3336.221,3337.221,TP,0.84,1,0.4324639685325666,ml_scalp1,2025-05
1196171,long,2025-05-22 05:32:00,2025-05-22 05:33:00,2025-05-22 05:34:00,3337.926,3337.446,SL,-0.64,1,0.39763277751421455,ml_scalp1,2025-05
1196334,long,2025-05-22 08:15:00,2025-05-22 08:16:00,2025-05-22 08:17:00,3323.338,3322.858,SL,-0.64,1,0.40108287340879045,ml_scalp1,2025-05
1196470,long,2025-05-22 10:31:00,2025-05-22 10:32:00,2025-05-22 10:33:00,3291.981,3292.981,TP,0.841,1,0.3990361956216221,ml_scalp1,2025-05
1196486,short,2025-05-22 10:47:00,2025-05-22 10:48:00,2025-05-22 10:49:00,3297.866,3298.346,SL,-0.64,1,0.3695814424677165,ml_scalp1,2025-05
1196499,long,2025-05-22 11:00:00,2025-05-22 11:01:00,2025-05-22 11:02:00,3284.207,3283.727,SL,-0.64,1,0.4150591848938679,ml_scalp1,2025-05
1196511,short,2025-05-22 11:12:00,2025-05-22 11:13:00,2025-05-22 11:14:00,3292.692,3293.172,SL,-0.64,1,0.36991293478268583,ml_scalp1,2025-05
1196597,long,2025-05-22 12:38:00,2025-05-22 12:39:00,2025-05-22 12:40:00,3303.068,3304.068,TP,0.84,1,0.39749190028548176,ml_scalp1,2025-05
1196670,long,2025-05-22 13:51:00,2025-05-22 13:52:00,2025-05-22 13:53:00,3294.474,3293.9970000000003,SL,-0.636,1,0.4035012107236077,ml_scalp1,2025-05
1196684,short,2025-05-22 14:05:00,2025-05-22 14:06:00,2025-05-22 14:07:00,3285.878,3286.355,SL,-0.636,1,0.37000295522712495,ml_scalp1,2025-05
1196744,long,2025-05-22 15:05:00,2025-05-22 15:06:00,2025-05-22 15:07:00,3289.988,3289.508,SL,-0.64,1,0.4030872379358767,ml_scalp1,2025-05
1196894,long,2025-05-22 17:35:00,2025-05-22 17:36:00,2025-05-22 17:37:00,3290.908,3291.908,TP,0.84,1,0.39737637182466923,ml_scalp1,2025-05
1197267,long,2025-05-23 00:51:00,2025-05-23 00:52:00,2025-05-23 00:53:00,3291.165,3290.685,SL,-0.64,1,0.40330588217851404,ml_scalp1,2025-05
1197515,long,2025-05-23 04:59:00,2025-05-23 05:00:00,2025-05-23 05:01:00,3313.562,3314.562,TP,0.84,1,0.4108398741123934,ml_scalp1,2025-05
1197527,long,2025-05-23 05:11:00,2025-05-23 05:12:00,2025-05-23 05:14:00,3315.406,3316.406,TP,0.84,2,0.41456055832367256,ml_scalp1,2025-05
1197943,short,2025-05-23 12:07:00,2025-05-23 12:08:00,2025-05-23 12:09:00,3355.416,3354.416,TP,0.84,1,0.36963739373488935,ml_scalp1,2025-05
1197960,short,2025-05-23 12:24:00,2025-05-23 12:25:00,2025-05-23 12:26:00,3351.831,3350.831,TP,0.84,1,0.3696027188640861,ml_scalp1,2025-05
1197974,short,2025-05-23 12:38:00,2025-05-23 12:39:00,2025-05-23 12:40:00,3358.212,3358.692,SL,-0.64,1,0.3696645085195498,ml_scalp1,2025-05
1197996,short,2025-05-23 13:00:00,2025-05-23 13:01:00,2025-05-23 13:02:00,3361.083,3361.56,SL,-0.636,1,0.36958542973973063,ml_scalp1,2025-05
1198009,long,2025-05-23 13:13:00,2025-05-23 13:14:00,2025-05-23 13:15:00,3354.274,3355.274,TP,0.84,1,0.39809415133607884,ml_scalp1,2025-05
1198021,long,2025-05-23 13:25:00,2025-05-23 13:26:00,2025-05-23 13:27:00,3348.581,3348.101,SL,-0.64,1,0.4057680125868257,ml_scalp1,2025-05
1198054,long,2025-05-23 13:58:00,2025-05-23 13:59:00,2025-05-23 14:00:00,3340.01,3339.53,SL,-0.64,1,0.40130072688846896,ml_scalp1,2025-05
1198074,long,2025-05-23 14:18:00,2025-05-23 14:19:00,2025-05-23 14:20:00,3351.135,3352.135,TP,0.84,1,0.3978283471504336,ml_scalp1,2025-05
1198108,short,2025-05-23 14:52:00,2025-05-23 14:53:00,2025-05-23 14:54:00,3357.039,3357.5190000000002,SL,-0.64,1,0.3695898142582124,ml_scalp1,2025-05
1198134,long,2025-05-23 15:18:00,2025-05-23 15:19:00,2025-05-23 15:20:00,3355.126,3354.646,SL,-0.64,1,0.3981577111082012,ml_scalp1,2025-05
1198836,long,2025-05-26 04:07:00,2025-05-26 04:08:00,2025-05-26 04:10:00,3348.213,3349.213,TP,0.84,2,0.39742012402566973,ml_scalp1,2025-05
1198852,long,2025-05-26 04:23:00,2025-05-26 04:24:00,2025-05-26 04:26:00,3348.574,3348.094,SL,-0.64,2,0.40357948214887784,ml_scalp1,2025-05
1198865,long,2025-05-26 04:36:00,2025-05-26 04:37:00,2025-05-26 04:38:00,3347.514,3347.034,SL,-0.64,1,0.4126581230133349,ml_scalp1,2025-05
1198877,long,2025-05-26 04:48:00,2025-05-26 04:49:00,2025-05-26 04:50:00,3349.864,3350.864,TP,0.84,1,0.4016210302899379,ml_scalp1,2025-05
1198889,long,2025-05-26 05:00:00,2025-05-26 05:01:00,2025-05-26 05:02:00,3349.694,3350.694,TP,0.84,1,0.4244348855066977,ml_scalp1,2025-05
1198904,long,2025-05-26 05:15:00,2025-05-26 05:16:00,2025-05-26 05:17:00,3349.282,3348.802,SL,-0.64,1,0.4053742288017133,ml_scalp1,2025-05
1198916,long,2025-05-26 05:27:00,2025-05-26 05:28:00,2025-05-26 05:29:00,3347.278,3346.798,SL,-0.64,1,0.3980358459994896,ml_scalp1,2025-05
1199166,short,2025-05-26 09:37:00,2025-05-26 09:38:00,2025-05-26 09:39:00,3328.459,3328.939,SL,-0.64,1,0.3697073506320252,ml_scalp1,2025-05
1199794,long,2025-05-26 23:55:00,2025-05-26 23:56:00,2025-05-26 23:57:00,3344.774,3345.774,TP,0.84,1,0.3985595698598597,ml_scalp1,2025-05
1200142,short,2025-05-27 05:43:00,2025-05-27 05:44:00,2025-05-27 05:45:00,3326.849,3325.849,TP,0.84,1,0.3698684257133651,ml_scalp1,2025-05
1200187,short,2025-05-27 06:28:00,2025-05-27 06:29:00,2025-05-27 06:30:00,3322.105,3321.105,TP,0.84,1,0.3699531203504401,ml_scalp1,2025-05
1200202,short,2025-05-27 06:43:00,2025-05-27 06:44:00,2025-05-27 06:45:00,3317.336,3316.336,TP,0.84,1,0.3697072935967143,ml_scalp1,2025-05
1200214,long,2025-05-27 06:55:00,2025-05-27 06:56:00,2025-05-27 06:57:00,3305.832,3306.832,TP,0.84,1,0.4170369759913759,ml_scalp1,2025-05
1200226,short,2025-05-27 07:07:00,2025-05-27 07:08:00,2025-05-27 07:09:00,3305.472,3305.952,SL,-0.64,1,0.3701102805635426,ml_scalp1,2025-05
1200238,short,2025-05-27 07:19:00,2025-05-27 07:20:00,2025-05-27 07:21:00,3308.656,3309.136,SL,-0.64,1,0.3704116509814306,ml_scalp1,2025-05
1200250,short,2025-05-27 07:31:00,2025-05-27 07:32:00,2025-05-27 07:33:00,3307.181,3307.661,SL,-0.64,1,0.37036076077683766,ml_scalp1,2025-05
1200262,short,2025-05-27 07:43:00,2025-05-27 07:44:00,2025-05-27 07:45:00,3309.233,3309.713,SL,-0.64,1,0.3698937772410499,ml_scalp1,2025-05
1200274,short,2025-05-27 07:55:00,2025-05-27 07:56:00,2025-05-27 07:57:00,3294.656,3295.133,SL,-0.636,1,0.3711530748762249,ml_scalp1,2025-05
1200312,short,2025-05-27 08:33:00,2025-05-27 08:34:00,2025-05-27 08:35:00,3301.747,3300.747,TP,0.84,1,0.3704282098791405,ml_scalp1,2025-05
1200324,short,2025-05-27 08:45:00,2025-05-27 08:46:00,2025-05-27 08:47:00,3300.645,3301.122,SL,-0.636,1,0.3724250171362049,ml_scalp1,2025-05
1200336,short,2025-05-27 08:57:00,2025-05-27 08:58:00,2025-05-27 08:59:00,3298.265,3298.745,SL,-0.64,1,0.3718978041320258,ml_scalp1,2025-05
1200348,short,2025-05-27 09:09:00,2025-05-27 09:10:00,2025-05-27 09:11:00,3308.703,3307.703,TP,0.84,1,0.36961249427725945,ml_scalp1,2025-05
1200369,short,2025-05-27 09:30:00,2025-05-27 09:31:00,2025-05-27 09:32:00,3299.027,3298.027,TP,0.84,1,0.37219945620762723,ml_scalp1,2025-05
1200381,short,2025-05-27 09:42:00,2025-05-27 09:43:00,2025-05-27 09:44:00,3296.272,3296.752,SL,-0.64,1,0.3722420050336906,ml_scalp1,2025-05
1200393,short,2025-05-27 09:54:00,2025-05-27 09:55:00,2025-05-27 09:56:00,3297.723,3296.723,TP,0.84,1,0.37191808517707614,ml_scalp1,2025-05
1200405,short,2025-05-27 10:06:00,2025-05-27 10:07:00,2025-05-27 10:08:00,3296.858,3297.338,SL,-0.64,1,0.3724930408165713,ml_scalp1,2025-05
1200417,short,2025-05-27 10:18:00,2025-05-27 10:19:00,2025-05-27 10:20:00,3295.339,3295.816,SL,-0.636,1,0.37160941095508127,ml_scalp1,2025-05
1200429,short,2025-05-27 10:30:00,2025-05-27 10:31:00,2025-05-27 10:33:00,3294.723,3293.723,TP,0.841,2,0.37248000704261186,ml_scalp1,2025-05
1200442,short,2025-05-27 10:43:00,2025-05-27 10:44:00,2025-05-27 10:45:00,3295.782,3296.259,SL,-0.636,1,0.3721804168662715,ml_scalp1,2025-05
1200454,short,2025-05-27 10:55:00,2025-05-27 10:56:00,2025-05-27 10:57:00,3294.577,3293.577,TP,0.84,1,0.3705003457197081,ml_scalp1,2025-05
1200486,long,2025-05-27 11:27:00,2025-05-27 11:28:00,2025-05-27 11:29:00,3288.68,3289.68,TP,0.84,1,0.39866577081281834,ml_scalp1,2025-05
1200563,short,2025-05-27 12:44:00,2025-05-27 12:45:00,2025-05-27 12:46:00,3294.562,3295.042,SL,-0.64,1,0.36971524863839267,ml_scalp1,2025-05
1200575,short,2025-05-27 12:56:00,2025-05-27 12:57:00,2025-05-27 12:58:00,3293.54,3294.02,SL,-0.64,1,0.3728006147793499,ml_scalp1,2025-05
1200587,short,2025-05-27 13:08:00,2025-05-27 13:09:00,2025-05-27 13:10:00,3296.091,3296.571,SL,-0.64,1,0.3728492360975326,ml_scalp1,2025-05
1200599,short,2025-05-27 13:20:00,2025-05-27 13:21:00,2025-05-27 13:22:00,3295.932,3296.412,SL,-0.64,1,0.37259457312010785,ml_scalp1,2025-05
1200611,short,2025-05-27 13:32:00,2025-05-27 13:33:00,2025-05-27 13:34:00,3301.452,3301.9320000000002,SL,-0.64,1,0.37006700377484586,ml_scalp1,2025-05
1200623,short,2025-05-27 13:44:00,2025-05-27 13:45:00,2025-05-27 13:46:00,3300.859,3301.339,SL,-0.64,1,0.3697020116732913,ml_scalp1,2025-05
1200635,short,2025-05-27 13:56:00,2025-05-27 13:57:00,2025-05-27 13:58:00,3292.713,3293.193,SL,-0.64,1,0.37275737446436336,ml_scalp1,2025-05
1200647,short,2025-05-27 14:08:00,2025-05-27 14:09:00,2025-05-27 14:10:00,3294.553,3295.033,SL,-0.64,1,0.3727338371995948,ml_scalp1,2025-05
1200659,short,2025-05-27 14:20:00,2025-05-27 14:21:00,2025-05-27 14:22:00,3296.964,3297.444,SL,-0.64,1,0.3696847437571305,ml_scalp1,2025-05
1200671,short,2025-05-27 14:32:00,2025-05-27 14:33:00,2025-05-27 14:34:00,3296.839,3297.319,SL,-0.64,1,0.369812690378749,ml_scalp1,2025-05
1201053,long,2025-05-27 20:54:00,2025-05-27 20:55:00,2025-05-27 20:56:00,3300.506,3300.026,SL,-0.64,1,0.3996507152061624,ml_scalp1,2025-05
1201881,long,2025-05-28 11:45:00,2025-05-28 11:46:00,2025-05-28 11:47:00,3310.973,3310.493,SL,-0.64,1,0.39808338919909825,ml_scalp1,2025-05
1201903,long,2025-05-28 12:07:00,2025-05-28 12:08:00,2025-05-28 12:09:00,3308.849,3309.849,TP,0.84,1,0.39777790634289834,ml_scalp1,2025-05
1201996,long,2025-05-28 13:40:00,2025-05-28 13:41:00,2025-05-28 13:42:00,3300.767,3300.287,SL,-0.64,1,0.4051064285913385,ml_scalp1,2025-05
1202079,long,2025-05-28 15:03:00,2025-05-28 15:04:00,2025-05-28 15:05:00,3296.134,3295.657,SL,-0.636,1,0.40071634194171274,ml_scalp1,2025-05
1202181,long,2025-05-28 16:45:00,2025-05-28 16:46:00,2025-05-28 16:47:00,3289.344,3290.344,TP,0.84,1,0.40050013885783364,ml_scalp1,2025-05
1202427,long,2025-05-28 20:51:00,2025-05-28 20:52:00,2025-05-28 20:53:00,3277.651,3278.651,TP,0.841,1,0.40676718416802154,ml_scalp1,2025-05
1202495,long,2025-05-28 23:02:00,2025-05-28 23:03:00,2025-05-28 23:04:00,3283.967,3283.487,SL,-0.64,1,0.39948371195074467,ml_scalp1,2025-05
1202507,long,2025-05-28 23:14:00,2025-05-28 23:15:00,2025-05-28 23:16:00,3270.357,3269.88,SL,-0.636,1,0.39739022448301503,ml_scalp1,2025-05
1202526,long,2025-05-28 23:33:00,2025-05-28 23:34:00,2025-05-28 23:35:00,3262.802,3262.3250000000003,SL,-0.636,1,0.39804843117579847,ml_scalp1,2025-05
1202619,long,2025-05-29 01:06:00,2025-05-29 01:07:00,2025-05-29 01:08:00,3251.955,3252.955,TP,0.84,1,0.4044682939729792,ml_scalp1,2025-05
1202631,long,2025-05-29 01:18:00,2025-05-29 01:19:00,2025-05-29 01:20:00,3247.154,3248.154,TP,0.841,1,0.4065213733162051,ml_scalp1,2025-05
1202970,long,2025-05-29 06:57:00,2025-05-29 06:58:00,2025-05-29 07:00:00,3271.8,3272.8,TP,0.84,2,0.4032873179186394,ml_scalp1,2025-05
1203953,long,2025-05-30 00:23:00,2025-05-30 00:24:00,2025-05-30 00:25:00,3313.828,3313.348,SL,-0.64,1,0.39752198967066155,ml_scalp1,2025-05
1204300,long,2025-05-30 06:10:00,2025-05-30 06:11:00,2025-05-30 06:12:00,3292.861,3292.384,SL,-0.636,1,0.39922485559083093,ml_scalp1,2025-05
1204660,long,2025-05-30 12:10:00,2025-05-30 12:11:00,2025-05-30 12:12:00,3287.833,3288.833,TP,0.841,1,0.39788829005150866,ml_scalp1,2025-05
1204726,long,2025-05-30 13:16:00,2025-05-30 13:17:00,2025-05-30 13:18:00,3295.2,3296.2,TP,0.841,1,0.40157964104476607,ml_scalp1,2025-05
1204743,long,2025-05-30 13:33:00,2025-05-30 13:34:00,2025-05-30 13:35:00,3291.932,3292.932,TP,0.84,1,0.4005518827480887,ml_scalp1,2025-05
1204755,long,2025-05-30 13:45:00,2025-05-30 13:46:00,2025-05-30 13:47:00,3285.712,3285.235,SL,-0.636,1,0.40103742045778995,ml_scalp1,2025-05
1204767,long,2025-05-30 13:57:00,2025-05-30 13:58:00,2025-05-30 13:59:00,3277.672,3277.195,SL,-0.636,1,0.4054858802672635,ml_scalp1,2025-05
1204786,short,2025-05-30 14:16:00,2025-05-30 14:17:00,2025-05-30 14:18:00,3280.126,3280.603,SL,-0.636,1,0.37004937442218755,ml_scalp1,2025-05
1204802,short,2025-05-30 14:32:00,2025-05-30 14:33:00,2025-05-30 14:34:00,3279.974,3280.451,SL,-0.636,1,0.3699885615003032,ml_scalp1,2025-05
1204814,short,2025-05-30 14:44:00,2025-05-30 14:45:00,2025-05-30 14:46:00,3278.84,3279.317,SL,-0.636,1,0.3701876259108301,ml_scalp1,2025-05
1204831,short,2025-05-30 15:01:00,2025-05-30 15:02:00,2025-05-30 15:03:00,3279.943,3278.943,TP,0.841,1,0.3700580852441424,ml_scalp1,2025-05
1204927,long,2025-05-30 16:37:00,2025-05-30 16:38:00,2025-05-30 16:39:00,3284.987,3284.507,SL,-0.64,1,0.39917260660143394,ml_scalp1,2025-05
1205174,long,2025-05-30 20:44:00,2025-05-30 20:45:00,2025-05-30 20:54:00,3292.026,3291.546,SL,-0.64,9,0.3983953710990085,ml_scalp1,2025-05
1205343,long,2025-06-02 00:40:00,2025-06-02 00:41:00,2025-06-02 00:42:00,3304.313,3303.833,SL,-0.64,1,0.4029449918731273,ml_scalp1,2025-06
1206699,long,2025-06-03 00:19:00,2025-06-03 00:20:00,2025-06-03 00:21:00,3378.546,3379.546,TP,0.84,1,0.40351162540184493,ml_scalp1,2025-06
1206720,long,2025-06-03 00:40:00,2025-06-03 00:41:00,2025-06-03 00:42:00,3375.118,3374.638,SL,-0.64,1,0.40967043212729787,ml_scalp1,2025-06
1206741,long,2025-06-03 01:01:00,2025-06-03 01:02:00,2025-06-03 01:03:00,3372.031,3371.551,SL,-0.64,1,0.4095932888331436,ml_scalp1,2025-06
1206754,long,2025-06-03 01:14:00,2025-06-03 01:15:00,2025-06-03 01:16:00,3367.713,3367.233,SL,-0.64,1,0.4193487628563126,ml_scalp1,2025-06
1207498,short,2025-06-03 13:38:00,2025-06-03 13:39:00,2025-06-03 13:40:00,3354.553,3353.553,TP,0.841,1,0.3635218346356887,ml_scalp1,2025-06
1207512,short,2025-06-03 13:52:00,2025-06-03 13:53:00,2025-06-03 13:54:00,3343.024,3343.5009999999997,SL,-0.636,1,0.3634488202649631,ml_scalp1,2025-06
1207525,long,2025-06-03 14:05:00,2025-06-03 14:06:00,2025-06-03 14:07:00,3333.839,3334.839,TP,0.84,1,0.4076267996556047,ml_scalp1,2025-06
1207537,short,2025-06-03 14:17:00,2025-06-03 14:18:00,2025-06-03 14:19:00,3341.538,3340.538,TP,0.841,1,0.36357291350728316,ml_scalp1,2025-06
1207674,long,2025-06-03 16:34:00,2025-06-03 16:35:00,2025-06-03 16:38:00,3346.819,3346.339,SL,-0.64,3,0.40376192414008133,ml_scalp1,2025-06
1207689,long,2025-06-03 16:49:00,2025-06-03 16:50:00,2025-06-03 16:51:00,3346.449,3345.969,SL,-0.64,1,0.40214152379026874,ml_scalp1,2025-06
1208020,long,2025-06-03 23:23:00,2025-06-03 23:24:00,2025-06-03 23:26:00,3358.206,3357.726,SL,-0.64,2,0.401674962931006,ml_scalp1,2025-06
1208036,long,2025-06-03 23:39:00,2025-06-03 23:40:00,2025-06-03 23:41:00,3357.266,3356.786,SL,-0.64,1,0.4184087782504661,ml_scalp1,2025-06
1208052,long,2025-06-03 23:55:00,2025-06-03 23:56:00,2025-06-03 23:59:00,3358.868,3359.868,TP,0.84,3,0.4045738883539284,ml_scalp1,2025-06
1208110,long,2025-06-04 00:53:00,2025-06-04 00:54:00,2025-06-04 00:55:00,3351.515,3351.035,SL,-0.64,1,0.4023283874224015,ml_scalp1,2025-06
1208125,long,2025-06-04 01:08:00,2025-06-04 01:09:00,2025-06-04 01:10:00,3354.603,3355.603,TP,0.84,1,0.4055622871005847,ml_scalp1,2025-06
1208703,long,2025-06-04 10:46:00,2025-06-04 10:47:00,2025-06-04 10:48:00,3349.983,3350.983,TP,0.84,1,0.40852560302292795,ml_scalp1,2025-06
1208744,long,2025-06-04 11:27:00,2025-06-04 11:28:00,2025-06-04 11:29:00,3345.346,3346.346,TP,0.84,1,0.40856598101500463,ml_scalp1,2025-06
1208804,long,2025-06-04 12:27:00,2025-06-04 12:28:00,2025-06-04 12:29:00,3345.786,3346.786,TP,0.84,1,0.41083285969717387,ml_scalp1,2025-06
1210191,long,2025-06-05 12:37:00,2025-06-05 12:38:00,2025-06-05 12:39:00,3393.038,3392.558,SL,-0.64,1,0.4103054300608847,ml_scalp1,2025-06
1210203,long,2025-06-05 12:49:00,2025-06-05 12:50:00,2025-06-05 12:51:00,3383.042,3382.565,SL,-0.636,1,0.40501061219587575,ml_scalp1,2025-06
1210279,long,2025-06-05 14:05:00,2025-06-05 14:06:00,2025-06-05 14:07:00,3368.339,3369.339,TP,0.841,1,0.41641229986027345,ml_scalp1,2025-06
1210322,long,2025-06-05 14:48:00,2025-06-05 14:49:00,2025-06-05 14:50:00,3366.652,3367.652,TP,0.841,1,0.40189217112209985,ml_scalp1,2025-06
1210348,short,2025-06-05 15:14:00,2025-06-05 15:15:00,2025-06-05 15:16:00,3367.633,3366.633,TP,0.841,1,0.36357804218638495,ml_scalp1,2025-06
1210361,short,2025-06-05 15:27:00,2025-06-05 15:28:00,2025-06-05 15:29:00,3365.821,3364.821,TP,0.84,1,0.3634534735018166,ml_scalp1,2025-06
1210373,long,2025-06-05 15:39:00,2025-06-05 15:40:00,2025-06-05 15:41:00,3352.091,3351.611,SL,-0.64,1,0.4056263368782501,ml_scalp1,2025-06
1210388,long,2025-06-05 15:54:00,2025-06-05 15:55:00,2025-06-05 15:56:00,3341.692,3341.212,SL,-0.64,1,0.41018353421609816,ml_scalp1,2025-06
1210400,short,2025-06-05 16:06:00,2025-06-05 16:07:00,2025-06-05 16:08:00,3342.866,3343.346,SL,-0.64,1,0.36434029892243025,ml_scalp1,2025-06
1210669,long,2025-06-05 20:35:00,2025-06-05 20:36:00,2025-06-05 20:40:00,3354.731,3354.251,SL,-0.64,4,0.40295681152430074,ml_scalp1,2025-06
1210831,long,2025-06-06 00:20:00,2025-06-06 00:21:00,2025-06-06 00:22:00,3363.176,3362.696,SL,-0.64,1,0.4036389451008773,ml_scalp1,2025-06
1210843,long,2025-06-06 00:32:00,2025-06-06 00:33:00,2025-06-06 00:35:00,3362.917,3362.437,SL,-0.64,2,0.4188417738323487,ml_scalp1,2025-06
1210856,long,2025-06-06 00:45:00,2025-06-06 00:46:00,2025-06-06 00:47:00,3361.384,3360.904,SL,-0.64,1,0.4171057573636275,ml_scalp1,2025-06
1211127,long,2025-06-06 05:16:00,2025-06-06 05:17:00,2025-06-06 05:18:00,3373.212,3372.732,SL,-0.64,1,0.40697597642703137,ml_scalp1,2025-06
1211425,long,2025-06-06 10:14:00,2025-06-06 10:15:00,2025-06-06 10:16:00,3357.931,3357.451,SL,-0.64,1,0.40502687782973756,ml_scalp1,2025-06
1211437,long,2025-06-06 10:26:00,2025-06-06 10:27:00,2025-06-06 10:28:00,3357.813,3357.333,SL,-0.64,1,0.40469771746425887,ml_scalp1,2025-06
1211449,long,2025-06-06 10:38:00,2025-06-06 10:39:00,2025-06-06 10:40:00,3358.173,3357.6929999999998,SL,-0.64,1,0.42533792713360374,ml_scalp1,2025-06
1211461,long,2025-06-06 10:50:00,2025-06-06 10:51:00,2025-06-06 10:53:00,3358.563,3358.083,SL,-0.64,2,0.4280961442825814,ml_scalp1,2025-06
1211474,long,2025-06-06 11:03:00,2025-06-06 11:04:00,2025-06-06 11:05:00,3361.76,3362.76,TP,0.84,1,0.417832510880707,ml_scalp1,2025-06
1211487,long,2025-06-06 11:16:00,2025-06-06 11:17:00,2025-06-06 11:18:00,3361.883,3361.406,SL,-0.636,1,0.40836656221717094,ml_scalp1,2025-06
1211499,long,2025-06-06 11:28:00,2025-06-06 11:29:00,2025-06-06 11:30:00,3361.305,3360.825,SL,-0.64,1,0.4207799098431449,ml_scalp1,2025-06
1211511,long,2025-06-06 11:40:00,2025-06-06 11:41:00,2025-06-06 11:42:00,3362.615,3362.1349999999998,SL,-0.64,1,0.4122964381570911,ml_scalp1,2025-06
1211523,long,2025-06-06 11:52:00,2025-06-06 11:53:00,2025-06-06 11:54:00,3359.936,3359.456,SL,-0.64,1,0.4069803990844532,ml_scalp1,2025-06
1211560,long,2025-06-06 12:29:00,2025-06-06 12:30:00,2025-06-06 12:31:00,3359.151,3358.431,SL,-0.96,1,0.40488803388484856,ml_scalp1,2025-06
1211572,long,2025-06-06 12:41:00,2025-06-06 12:42:00,2025-06-06 12:43:00,3345.743,3346.743,TP,0.841,1,0.41118969679323714,ml_scalp1,2025-06
1211593,short,2025-06-06 13:02:00,2025-06-06 13:03:00,2025-06-06 13:04:00,3347.521,3347.998,SL,-0.636,1,0.3635218346356887,ml_scalp1,2025-06
1211622,long,2025-06-06 13:31:00,2025-06-06 13:32:00,2025-06-06 13:33:00,3348.162,3349.162,TP,0.84,1,0.4059662381879707,ml_scalp1,2025-06
1211647,short,2025-06-06 13:56:00,2025-06-06 13:57:00,2025-06-06 13:58:00,3345.118,3345.595,SL,-0.636,1,0.36354320578210014,ml_scalp1,2025-06
1211664,long,2025-06-06 14:13:00,2025-06-06 14:14:00,2025-06-06 14:15:00,3334.74,3334.263,SL,-0.636,1,0.41202331129074893,ml_scalp1,2025-06
1211676,short,2025-06-06 14:25:00,2025-06-06 14:26:00,2025-06-06 14:27:00,3321.001,3321.481,SL,-0.64,1,0.36436906878734243,ml_scalp1,2025-06
1211714,short,2025-06-06 15:03:00,2025-06-06 15:04:00,2025-06-06 15:05:00,3326.241,3326.718,SL,-0.636,1,0.36357291350728316,ml_scalp1,2025-06
1211733,long,2025-06-06 15:22:00,2025-06-06 15:23:00,2025-06-06 15:25:00,3328.357,3329.357,TP,0.84,2,0.4024639816235311,ml_scalp1,2025-06
1211904,long,2025-06-06 18:13:00,2025-06-06 18:14:00,2025-06-06 18:15:00,3314.542,3315.542,TP,0.841,1,0.40546620602486816,ml_scalp1,2025-06
1211959,long,2025-06-06 19:08:00,2025-06-06 19:09:00,2025-06-06 19:10:00,3316.268,3317.268,TP,0.84,1,0.4019068479790699,ml_scalp1,2025-06
1211979,long,2025-06-06 19:28:00,2025-06-06 19:29:00,2025-06-06 19:30:00,3314.182,3315.182,TP,0.84,1,0.4019589016339437,ml_scalp1,2025-06
1212016,long,2025-06-06 20:05:00,2025-06-06 20:06:00,2025-06-06 20:07:00,3307.867,3308.867,TP,0.84,1,0.4044845973767293,ml_scalp1,2025-06
1212047,long,2025-06-06 20:36:00,2025-06-06 20:37:00,2025-06-06 20:39:00,3311.152,3312.152,TP,0.84,2,0.4022405667807762,ml_scalp1,2025-06
1212060,long,2025-06-06 20:49:00,2025-06-06 20:50:00,2025-06-06 20:51:00,3311.499,3311.019,SL,-0.64,1,0.4216321586491799,ml_scalp1,2025-06
1212204,long,2025-06-09 00:20:00,2025-06-09 00:21:00,2025-06-09 00:22:00,3305.47,3306.47,TP,0.84,1,0.40447033042041236,ml_scalp1,2025-06
1212227,long,2025-06-09 00:43:00,2025-06-09 00:44:00,2025-06-09 00:45:00,3302.511,3302.034,SL,-0.636,1,0.40423398375613895,ml_scalp1,2025-06
1212239,long,2025-06-09 00:55:00,2025-06-09 00:56:00,2025-06-09 00:57:00,3303.049,3304.049,TP,0.84,1,0.40442658746169285,ml_scalp1,2025-06
1212302,long,2025-06-09 01:58:00,2025-06-09 01:59:00,2025-06-09 02:00:00,3296.791,3296.311,SL,-0.64,1,0.42189648258640966,ml_scalp1,2025-06
1212476,long,2025-06-09 04:52:00,2025-06-09 04:53:00,2025-06-09 04:54:00,3311.974,3311.494,SL,-0.64,1,0.4054462368466706,ml_scalp1,2025-06
1212499,long,2025-06-09 05:15:00,2025-06-09 05:16:00,2025-06-09 05:17:00,3311.89,3311.41,SL,-0.64,1,0.4071570819767217,ml_scalp1,2025-06
1212986,long,2025-06-09 13:22:00,2025-06-09 13:23:00,2025-06-09 13:24:00,3311.899,3311.419,SL,-0.64,1,0.4017790972431949,ml_scalp1,2025-06
1213586,long,2025-06-10 00:26:00,2025-06-10 00:27:00,2025-06-10 00:28:00,3320.177,3319.697,SL,-0.64,1,0.4021392612586895,ml_scalp1,2025-06
1213632,long,2025-06-10 01:12:00,2025-06-10 01:13:00,2025-06-10 01:14:00,3312.808,3313.808,TP,0.84,1,0.40413299603631364,ml_scalp1,2025-06
1213652,long,2025-06-10 01:32:00,2025-06-10 01:33:00,2025-06-10 01:34:00,3307.678,3307.198,SL,-0.64,1,0.40304960589362954,ml_scalp1,2025-06
1213669,long,2025-06-10 01:49:00,2025-06-10 01:50:00,2025-06-10 01:51:00,3304.626,3305.626,TP,0.84,1,0.4023316265343072,ml_scalp1,2025-06
1214450,long,2025-06-10 14:50:00,2025-06-10 14:51:00,2025-06-10 14:52:00,3327.102,3328.102,TP,0.84,1,0.4066394059759597,ml_scalp1,2025-06
1214897,long,2025-06-10 23:21:00,2025-06-10 23:22:00,2025-06-10 23:23:00,3317.417,3318.417,TP,0.84,1,0.40368657006879893,ml_scalp1,2025-06
1215660,long,2025-06-11 12:04:00,2025-06-11 12:05:00,2025-06-11 12:06:00,3329.252,3330.252,TP,0.841,1,0.40206748486421695,ml_scalp1,2025-06
1216032,long,2025-06-11 18:16:00,2025-06-11 18:17:00,2025-06-11 18:18:00,3341.787,3341.307,SL,-0.64,1,0.402260187482563,ml_scalp1,2025-06
1216267,long,2025-06-11 23:15:00,2025-06-11 23:16:00,2025-06-11 23:17:00,3365.031,3364.551,SL,-0.64,1,0.41227216884379786,ml_scalp1,2025-06
1216283,long,2025-06-11 23:31:00,2025-06-11 23:32:00,2025-06-11 23:33:00,3364.77,3365.77,TP,0.84,1,0.4065136133607906,ml_scalp1,2025-06
1216297,long,2025-06-11 23:45:00,2025-06-11 23:46:00,2025-06-11 23:47:00,3365.42,3364.94,SL,-0.64,1,0.4016827802446055,ml_scalp1,2025-06
1216363,long,2025-06-12 00:51:00,2025-06-12 00:52:00,2025-06-12 00:53:00,3367.316,3368.316,TP,0.84,1,0.4023346163750793,ml_scalp1,2025-06
1216376,long,2025-06-12 01:04:00,2025-06-12 01:05:00,2025-06-12 01:06:00,3366.501,3367.501,TP,0.84,1,0.4077139130676812,ml_scalp1,2025-06
1216610,long,2025-06-12 04:58:00,2025-06-12 04:59:00,2025-06-12 05:00:00,3371.265,3370.785,SL,-0.64,1,0.41312940332658243,ml_scalp1,2025-06
1216650,long,2025-06-12 05:38:00,2025-06-12 05:39:00,2025-06-12 05:40:00,3375.394,3374.9139999999998,SL,-0.64,1,0.4017877039361224,ml_scalp1,2025-06
1216767,long,2025-06-12 07:35:00,2025-06-12 07:36:00,2025-06-12 07:37:00,3357.897,3357.417,SL,-0.64,1,0.40655384537446304,ml_scalp1,2025-06
1217707,long,2025-06-13 00:19:00,2025-06-13 00:20:00,2025-06-13 00:21:00,3410.551,3410.071,SL,-0.64,1,0.40357587428221986,ml_scalp1,2025-06
1217728,long,2025-06-13 00:40:00,2025-06-13 00:41:00,2025-06-13 00:42:00,3409.101,3408.621,SL,-0.64,1,0.40657997106684074,ml_scalp1,2025-06
1217740,long,2025-06-13 00:52:00,2025-06-13 00:53:00,2025-06-13 00:54:00,3413.381,3414.381,TP,0.84,1,0.40204862841656036,ml_scalp1,2025-06
1217883,long,2025-06-13 03:15:00,2025-06-13 03:16:00,2025-06-13 03:17:00,3427.987,3427.507,SL,-0.64,1,0.40574885677821426,ml_scalp1,2025-06
1217962,long,2025-06-13 04:34:00,2025-06-13 04:35:00,2025-06-13 04:36:00,3427.042,3426.562,SL,-0.64,1,0.40570868179428454,ml_scalp1,2025-06
1217974,long,2025-06-13 04:46:00,2025-06-13 04:47:00,2025-06-13 04:48:00,3427.389,3426.909,SL,-0.64,1,0.4068596698685206,ml_scalp1,2025-06
1217996,long,2025-06-13 05:08:00,2025-06-13 05:09:00,2025-06-13 05:10:00,3427.547,3427.067,SL,-0.64,1,0.4036441748712706,ml_scalp1,2025-06
1218096,long,2025-06-13 06:48:00,2025-06-13 06:49:00,2025-06-13 06:50:00,3411.259,3410.779,SL,-0.64,1,0.4071058123605835,ml_scalp1,2025-06
1218581,long,2025-06-13 14:53:00,2025-06-13 14:54:00,2025-06-13 14:55:00,3430.394,3429.9139999999998,SL,-0.64,1,0.4048868851665161,ml_scalp1,2025-06
1218593,long,2025-06-13 15:05:00,2025-06-13 15:06:00,2025-06-13 15:07:00,3425.481,3425.001,SL,-0.64,1,0.402028690225924,ml_scalp1,2025-06
1218916,long,2025-06-13 20:28:00,2025-06-13 20:29:00,2025-06-13 20:30:00,3433.067,3432.587,SL,-0.64,1,0.41338634665208096,ml_scalp1,2025-06
1218930,long,2025-06-13 20:42:00,2025-06-13 20:43:00,2025-06-13 20:45:00,3434.207,3433.727,SL,-0.64,2,0.40749801640943173,ml_scalp1,2025-06
1219018,long,2025-06-15 23:17:00,2025-06-15 23:18:00,2025-06-15 23:19:00,3443.828,3444.828,TP,0.84,1,0.40551438683605423,ml_scalp1,2025-06
1219039,long,2025-06-15 23:38:00,2025-06-15 23:39:00,2025-06-15 23:40:00,3446.947,3447.947,TP,0.84,1,0.4061127360321472,ml_scalp1,2025-06
1219857,long,2025-06-16 13:16:00,2025-06-16 13:17:00,2025-06-16 13:18:00,3407.783,3408.783,TP,0.84,1,0.4089655038193854,ml_scalp1,2025-06
1219883,long,2025-06-16 13:42:00,2025-06-16 13:43:00,2025-06-16 13:44:00,3405.575,3405.095,SL,-0.64,1,0.40938040900348976,ml_scalp1,2025-06
1219895,long,2025-06-16 13:54:00,2025-06-16 13:55:00,2025-06-16 13:56:00,3390.011,3389.531,SL,-0.64,1,0.4252263890662469,ml_scalp1,2025-06
1220031,long,2025-06-16 16:10:00,2025-06-16 16:11:00,2025-06-16 16:12:00,3400.8,3400.32,SL,-0.64,1,0.40645794237265825,ml_scalp1,2025-06
1220043,long,2025-06-16 16:22:00,2025-06-16 16:23:00,2025-06-16 16:24:00,3397.561,3398.561,TP,0.84,1,0.4095747556787918,ml_scalp1,2025-06
1220078,long,2025-06-16 16:57:00,2025-06-16 16:58:00,2025-06-16 17:04:00,3399.639,3399.159,SL,-0.64,6,0.4029475499067691,ml_scalp1,2025-06
1220095,long,2025-06-16 17:14:00,2025-06-16 17:15:00,2025-06-16 17:19:00,3398.775,3398.295,SL,-0.64,4,0.402417867509101,ml_scalp1,2025-06
1220110,long,2025-06-16 17:29:00,2025-06-16 17:30:00,2025-06-16 17:31:00,3397.866,3397.386,SL,-0.64,1,0.4063974899328978,ml_scalp1,2025-06
1220289,long,2025-06-16 20:28:00,2025-06-16 20:29:00,2025-06-16 20:30:00,3385.035,3384.555,SL,-0.64,1,0.4028720682109317,ml_scalp1,2025-06
1220301,long,2025-06-16 20:40:00,2025-06-16 20:41:00,2025-06-16 20:42:00,3384.929,3384.449,SL,-0.64,1,0.41873496981477276,ml_scalp1,2025-06
1220313,long,2025-06-16 20:52:00,2025-06-16 20:53:00,2025-06-16 20:56:00,3384.514,3384.034,SL,-0.64,3,0.4142752396632925,ml_scalp1,2025-06
1220611,long,2025-06-17 02:54:00,2025-06-17 02:55:00,2025-06-17 02:56:00,3393.966,3393.486,SL,-0.64,1,0.40595049709271536,ml_scalp1,2025-06
1220628,long,2025-06-17 03:11:00,2025-06-17 03:12:00,2025-06-17 03:13:00,3382.566,3383.566,TP,0.84,1,0.408152364918381,ml_scalp1,2025-06
1220640,long,2025-06-17 03:23:00,2025-06-17 03:24:00,2025-06-17 03:25:00,3376.876,3377.876,TP,0.84,1,0.42267734822805697,ml_scalp1,2025-06
1221055,long,2025-06-17 10:18:00,2025-06-17 10:19:00,2025-06-17 10:20:00,3393.398,3394.398,TP,0.84,1,0.40615989591077895,ml_scalp1,2025-06
1221263,long,2025-06-17 13:46:00,2025-06-17 13:47:00,2025-06-17 13:48:00,3390.93,3390.45,SL,-0.64,1,0.4017634430787459,ml_scalp1,2025-06
1221303,long,2025-06-17 14:26:00,2025-06-17 14:27:00,2025-06-17 14:28:00,3382.516,3383.516,TP,0.84,1,0.40477648660836024,ml_scalp1,2025-06
1221315,long,2025-06-17 14:38:00,2025-06-17 14:39:00,2025-06-17 14:40:00,3366.171,3367.171,TP,0.84,1,0.4307826892632862,ml_scalp1,2025-06
1222673,long,2025-06-18 14:20:00,2025-06-18 14:21:00,2025-06-18 14:22:00,3375.738,3376.738,TP,0.84,1,0.40408451548298235,ml_scalp1,2025-06
1222966,long,2025-06-18 19:13:00,2025-06-18 19:14:00,2025-06-18 19:15:00,3372.517,3373.517,TP,0.84,1,0.40501082306549946,ml_scalp1,2025-06
1222982,long,2025-06-18 19:29:00,2025-06-18 19:30:00,2025-06-18 19:31:00,3365.282,3364.802,SL,-0.64,1,0.4283482463143411,ml_scalp1,2025-06
1223001,long,2025-06-18 19:48:00,2025-06-18 19:49:00,2025-06-18 19:50:00,3364.798,3365.798,TP,0.84,1,0.4018384782569602,ml_scalp1,2025-06
1223541,long,2025-06-19 05:52:00,2025-06-19 05:53:00,2025-06-19 05:54:00,3361.526,3361.046,SL,-0.64,1,0.41880662552187864,ml_scalp1,2025-06
1223556,long,2025-06-19 06:07:00,2025-06-19 06:08:00,2025-06-19 06:09:00,3355.65,3355.17,SL,-0.64,1,0.41597097810951333,ml_scalp1,2025-06
1223569,long,2025-06-19 06:20:00,2025-06-19 06:21:00,2025-06-19 06:22:00,3351.393,3350.913,SL,-0.64,1,0.4174435423630951,ml_scalp1,2025-06
1224050,long,2025-06-19 14:21:00,2025-06-19 14:22:00,2025-06-19 14:23:00,3364.952,3364.472,SL,-0.64,1,0.4050397478964097,ml_scalp1,2025-06
1224315,long,2025-06-19 23:33:00,2025-06-19 23:34:00,2025-06-19 23:35:00,3367.305,3366.825,SL,-0.64,1,0.40216739352907244,ml_scalp1,2025-06
1224366,long,2025-06-20 00:24:00,2025-06-20 00:25:00,2025-06-20 00:26:00,3366.706,3366.226,SL,-0.64,1,0.40403493970525084,ml_scalp1,2025-06
1224381,long,2025-06-20 00:39:00,2025-06-20 00:40:00,2025-06-20 00:41:00,3365.582,3365.102,SL,-0.64,1,0.40327822817017533,ml_scalp1,2025-06
1224398,long,2025-06-20 00:56:00,2025-06-20 00:57:00,2025-06-20 00:58:00,3368.186,3369.186,TP,0.84,1,0.40746554847856226,ml_scalp1,2025-06
1224413,long,2025-06-20 01:11:00,2025-06-20 01:12:00,2025-06-20 01:13:00,3360.438,3361.438,TP,0.84,1,0.41161164570891834,ml_scalp1,2025-06
1224531,long,2025-06-20 03:09:00,2025-06-20 03:10:00,2025-06-20 03:11:00,3348.825,3348.345,SL,-0.64,1,0.4152123831211363,ml_scalp1,2025-06
1224734,long,2025-06-20 06:32:00,2025-06-20 06:33:00,2025-06-20 06:34:00,3341.831,3342.831,TP,0.84,1,0.40280292337812057,ml_scalp1,2025-06
1224963,long,2025-06-20 10:21:00,2025-06-20 10:22:00,2025-06-20 10:23:00,3356.905,3356.425,SL,-0.64,1,0.4023611147246118,ml_scalp1,2025-06
1225094,long,2025-06-20 12:32:00,2025-06-20 12:33:00,2025-06-20 12:34:00,3343.649,3344.649,TP,0.84,1,0.41071844005445746,ml_scalp1,2025-06
1225655,long,2025-06-22 23:00:00,2025-06-22 23:01:00,2025-06-22 23:02:00,3377.791,3377.311,SL,-0.64,1,0.405919980551006,ml_scalp1,2025-06
1225678,long,2025-06-22 23:23:00,2025-06-22 23:24:00,2025-06-22 23:25:00,3373.404,3374.404,TP,0.84,1,0.40192509935408366,ml_scalp1,2025-06
1225741,long,2025-06-23 00:26:00,2025-06-23 00:27:00,2025-06-23 00:28:00,3363.033,3364.033,TP,0.84,1,0.40196687880439624,ml_scalp1,2025-06
1225754,long,2025-06-23 00:39:00,2025-06-23 00:40:00,2025-06-23 00:41:00,3361.418,3360.938,SL,-0.64,1,0.40553924955969534,ml_scalp1,2025-06
1225796,long,2025-06-23 01:21:00,2025-06-23 01:22:00,2025-06-23 01:23:00,3357.773,3357.293,SL,-0.64,1,0.40873214487595283,ml_scalp1,2025-06
1226559,long,2025-06-23 14:04:00,2025-06-23 14:05:00,2025-06-23 14:06:00,3376.301,3375.821,SL,-0.64,1,0.4030316605719894,ml_scalp1,2025-06
1226827,long,2025-06-23 18:32:00,2025-06-23 18:33:00,2025-06-23 18:34:00,3378.713,3378.233,SL,-0.64,1,0.4016652496496572,ml_scalp1,2025-06
1226974,long,2025-06-23 22:03:00,2025-06-23 22:04:00,2025-06-23 22:05:00,3357.655,3358.655,TP,0.84,1,0.41683101340751505,ml_scalp1,2025-06
1226989,long,2025-06-23 22:18:00,2025-06-23 22:19:00,2025-06-23 22:20:00,3356.042,3355.562,SL,-0.64,1,0.4050429232348818,ml_scalp1,2025-06
1227048,long,2025-06-23 23:17:00,2025-06-23 23:18:00,2025-06-23 23:19:00,3350.756,3351.756,TP,0.84,1,0.40236691985141104,ml_scalp1,2025-06
1227065,long,2025-06-23 23:34:00,2025-06-23 23:35:00,2025-06-23 23:36:00,3345.379,3344.899,SL,-0.64,1,0.42422081670548073,ml_scalp1,2025-06
1227092,long,2025-06-24 00:01:00,2025-06-24 00:02:00,2025-06-24 00:03:00,3337.523,3337.043,SL,-0.64,1,0.42325663831881605,ml_scalp1,2025-06
1227435,short,2025-06-24 05:44:00,2025-06-24 05:45:00,2025-06-24 05:46:00,3332.99,3333.47,SL,-0.64,1,0.36391061175054523,ml_scalp1,2025-06
1227447,short,2025-06-24 05:56:00,2025-06-24 05:57:00,2025-06-24 05:58:00,3328.5,3328.98,SL,-0.64,1,0.36423964842178647,ml_scalp1,2025-06
1227459,short,2025-06-24 06:08:00,2025-06-24 06:09:00,2025-06-24 06:10:00,3330.225,3329.225,TP,0.84,1,0.3644427091038934,ml_scalp1,2025-06
1227471,short,2025-06-24 06:20:00,2025-06-24 06:21:00,2025-06-24 06:22:00,3325.554,3326.034,SL,-0.64,1,0.3645104183843343,ml_scalp1,2025-06
1227483,short,2025-06-24 06:32:00,2025-06-24 06:33:00,2025-06-24 06:34:00,3323.011,3322.011,TP,0.84,1,0.36409955104855274,ml_scalp1,2025-06
1227495,long,2025-06-24 06:44:00,2025-06-24 06:45:00,2025-06-24 06:46:00,3317.652,3318.652,TP,0.84,1,0.4101844184297984,ml_scalp1,2025-06
1227507,short,2025-06-24 06:56:00,2025-06-24 06:57:00,2025-06-24 06:58:00,3323.342,3322.342,TP,0.84,1,0.3636203878391766,ml_scalp1,2025-06
1227519,short,2025-06-24 07:08:00,2025-06-24 07:09:00,2025-06-24 07:10:00,3322.33,3321.33,TP,0.84,1,0.3643663046464346,ml_scalp1,2025-06
1227541,short,2025-06-24 07:30:00,2025-06-24 07:31:00,2025-06-24 07:32:00,3324.512,3324.992,SL,-0.64,1,0.3638810891882127,ml_scalp1,2025-06
1227564,short,2025-06-24 07:53:00,2025-06-24 07:54:00,2025-06-24 07:55:00,3326.88,3327.36,SL,-0.64,1,0.36362156403641654,ml_scalp1,2025-06
1227576,short,2025-06-24 08:05:00,2025-06-24 08:06:00,2025-06-24 08:07:00,3327.594,3328.074,SL,-0.64,1,0.3644551095498269,ml_scalp1,2025-06
1227824,long,2025-06-24 12:13:00,2025-06-24 12:14:00,2025-06-24 12:15:00,3312.644,3312.1639999999998,SL,-0.64,1,0.41731433909986065,ml_scalp1,2025-06
1227836,short,2025-06-24 12:25:00,2025-06-24 12:26:00,2025-06-24 12:27:00,3314.716,3313.716,TP,0.84,1,0.3643992711596356,ml_scalp1,2025-06
1227848,short,2025-06-24 12:37:00,2025-06-24 12:38:00,2025-06-24 12:39:00,3307.161,3307.641,SL,-0.64,1,0.36674353988216574,ml_scalp1,2025-06
1227860,short,2025-06-24 12:49:00,2025-06-24 12:50:00,2025-06-24 12:51:00,3313.95,3314.43,SL,-0.64,1,0.3666405803585783,ml_scalp1,2025-06
1227872,short,2025-06-24 13:01:00,2025-06-24 13:02:00,2025-06-24 13:03:00,3315.018,3314.018,TP,0.84,1,0.36592442362981836,ml_scalp1,2025-06
1227884,short,2025-06-24 13:13:00,2025-06-24 13:14:00,2025-06-24 13:15:00,3317.404,3317.884,SL,-0.64,1,0.36597256104988324,ml_scalp1,2025-06
1227896,short,2025-06-24 13:25:00,2025-06-24 13:26:00,2025-06-24 13:27:00,3310.834,3311.314,SL,-0.64,1,0.36476395763188735,ml_scalp1,2025-06
1227908,long,2025-06-24 13:37:00,2025-06-24 13:38:00,2025-06-24 13:39:00,3301.141,3300.661,SL,-0.64,1,0.43407401418755476,ml_scalp1,2025-06
1227920,long,2025-06-24 13:49:00,2025-06-24 13:50:00,2025-06-24 13:51:00,3297.854,3298.854,TP,0.84,1,0.4063412380984425,ml_scalp1,2025-06
1227932,short,2025-06-24 14:01:00,2025-06-24 14:02:00,2025-06-24 14:03:00,3303.138,3303.618,SL,-0.64,1,0.3670609886318126,ml_scalp1,2025-06
1227944,short,2025-06-24 14:13:00,2025-06-24 14:14:00,2025-06-24 14:15:00,3306.767,3307.247,SL,-0.64,1,0.3666279635826711,ml_scalp1,2025-06
1227956,short,2025-06-24 14:25:00,2025-06-24 14:26:00,2025-06-24 14:27:00,3303.914,3304.3940000000002,SL,-0.64,1,0.36682952317510137,ml_scalp1,2025-06
1227968,short,2025-06-24 14:37:00,2025-06-24 14:38:00,2025-06-24 14:39:00,3303.989,3302.989,TP,0.84,1,0.36688317007034227,ml_scalp1,2025-06
1228172,long,2025-06-24 18:01:00,2025-06-24 18:02:00,2025-06-24 18:03:00,3318.2,3317.72,SL,-0.64,1,0.40750949558970767,ml_scalp1,2025-06
1228185,long,2025-06-24 18:14:00,2025-06-24 18:15:00,2025-06-24 18:16:00,3315.681,3316.681,TP,0.84,1,0.40465124398574315,ml_scalp1,2025-06
1228225,long,2025-06-24 18:54:00,2025-06-24 18:55:00,2025-06-24 18:58:00,3316.88,3316.4,SL,-0.64,3,0.40618895241034486,ml_scalp1,2025-06
1228463,long,2025-06-24 23:56:00,2025-06-24 23:57:00,2025-06-24 23:58:00,3324.265,3323.785,SL,-0.64,1,0.4102895530515323,ml_scalp1,2025-06
1228761,long,2025-06-25 04:54:00,2025-06-25 04:55:00,2025-06-25 04:56:00,3328.182,3327.7019999999998,SL,-0.64,1,0.4024208845767099,ml_scalp1,2025-06
1228773,long,2025-06-25 05:06:00,2025-06-25 05:07:00,2025-06-25 05:11:00,3328.303,3329.303,TP,0.84,4,0.43438845906139156,ml_scalp1,2025-06
1228788,long,2025-06-25 05:21:00,2025-06-25 05:22:00,2025-06-25 05:23:00,3329.124,3328.644,SL,-0.64,1,0.41466742042176397,ml_scalp1,2025-06
1228800,long,2025-06-25 05:33:00,2025-06-25 05:34:00,2025-06-25 05:36:00,3331.047,3332.047,TP,0.84,2,0.4106482295775732,ml_scalp1,2025-06
1229231,long,2025-06-25 12:44:00,2025-06-25 12:45:00,2025-06-25 12:46:00,3319.689,3320.689,TP,0.84,1,0.40278503823935347,ml_scalp1,2025-06
1229250,long,2025-06-25 13:03:00,2025-06-25 13:04:00,2025-06-25 13:05:00,3317.489,3317.009,SL,-0.64,1,0.4086912437834459,ml_scalp1,2025-06
1229281,long,2025-06-25 13:34:00,2025-06-25 13:35:00,2025-06-25 13:36:00,3312.272,3313.272,TP,0.84,1,0.4030213621480743,ml_scalp1,2025-06
1230537,long,2025-06-26 11:34:00,2025-06-26 11:35:00,2025-06-26 11:36:00,3336.682,3336.2019999999998,SL,-0.64,1,0.40635902274040564,ml_scalp1,2025-06
1230593,long,2025-06-26 12:30:00,2025-06-26 12:31:00,2025-06-26 12:32:00,3338.232,3337.752,SL,-0.64,1,0.40378297294810467,ml_scalp1,2025-06
1230611,long,2025-06-26 12:48:00,2025-06-26 12:49:00,2025-06-26 12:50:00,3329.254,3330.254,TP,0.84,1,0.40943008886423415,ml_scalp1,2025-06
1230623,long,2025-06-26 13:00:00,2025-06-26 13:01:00,2025-06-26 13:02:00,3320.78,3320.3,SL,-0.64,1,0.412552445178403,ml_scalp1,2025-06
1230651,long,2025-06-26 13:28:00,2025-06-26 13:29:00,2025-06-26 13:30:00,3319.542,3320.542,TP,0.84,1,0.40187113019158416,ml_scalp1,2025-06
1230682,long,2025-06-26 13:59:00,2025-06-26 14:00:00,2025-06-26 14:01:00,3319.891,3319.411,SL,-0.64,1,0.40369757092154673,ml_scalp1,2025-06
1230710,short,2025-06-26 14:27:00,2025-06-26 14:28:00,2025-06-26 14:29:00,3315.893,3314.893,TP,0.84,1,0.36348318122699963,ml_scalp1,2025-06
1230723,short,2025-06-26 14:40:00,2025-06-26 14:41:00,2025-06-26 14:42:00,3314.036,3314.516,SL,-0.64,1,0.36348318122699963,ml_scalp1,2025-06
1231193,long,2025-06-26 23:34:00,2025-06-26 23:35:00,2025-06-26 23:36:00,3318.693,3318.213,SL,-0.64,1,0.4072711184230739,ml_scalp1,2025-06
1231212,long,2025-06-26 23:53:00,2025-06-26 23:54:00,2025-06-26 23:57:00,3317.878,3317.398,SL,-0.64,3,0.4059448342428418,ml_scalp1,2025-06
1231361,long,2025-06-27 02:22:00,2025-06-27 02:23:00,2025-06-27 02:24:00,3318.989,3318.509,SL,-0.64,1,0.4020777233912525,ml_scalp1,2025-06
1231415,long,2025-06-27 03:16:00,2025-06-27 03:17:00,2025-06-27 03:18:00,3303.081,3302.601,SL,-0.64,1,0.40494758743572573,ml_scalp1,2025-06
1231439,long,2025-06-27 03:40:00,2025-06-27 03:41:00,2025-06-27 03:42:00,3298.723,3299.723,TP,0.84,1,0.4035407480462423,ml_scalp1,2025-06
1231451,long,2025-06-27 03:52:00,2025-06-27 03:53:00,2025-06-27 03:55:00,3295.791,3295.311,SL,-0.64,2,0.4021000452337886,ml_scalp1,2025-06
1231530,long,2025-06-27 05:11:00,2025-06-27 05:12:00,2025-06-27 05:13:00,3291.368,3290.888,SL,-0.64,1,0.40617355092678503,ml_scalp1,2025-06
1231542,short,2025-06-27 05:23:00,2025-06-27 05:24:00,2025-06-27 05:25:00,3295.08,3295.56,SL,-0.64,1,0.3649611972919227,ml_scalp1,2025-06
1231554,short,2025-06-27 05:35:00,2025-06-27 05:36:00,2025-06-27 05:37:00,3298.143,3298.623,SL,-0.64,1,0.36511474389388376,ml_scalp1,2025-06
1231576,short,2025-06-27 05:57:00,2025-06-27 05:58:00,2025-06-27 05:59:00,3296.439,3296.919,SL,-0.64,1,0.36370123357569034,ml_scalp1,2025-06
1231588,long,2025-06-27 06:09:00,2025-06-27 06:10:00,2025-06-27 06:11:00,3292.943,3293.943,TP,0.84,1,0.4110042365967418,ml_scalp1,2025-06
1231600,short,2025-06-27 06:21:00,2025-06-27 06:22:00,2025-06-27 06:23:00,3294.696,3295.176,SL,-0.64,1,0.36525177499430883,ml_scalp1,2025-06
1231612,short,2025-06-27 06:33:00,2025-06-27 06:34:00,2025-06-27 06:38:00,3292.631,3291.631,TP,0.84,4,0.3649231480059344,ml_scalp1,2025-06
1231627,short,2025-06-27 06:48:00,2025-06-27 06:49:00,2025-06-27 06:50:00,3290.1,3290.58,SL,-0.64,1,0.3663936467254769,ml_scalp1,2025-06
1231639,short,2025-06-27 07:00:00,2025-06-27 07:01:00,2025-06-27 07:02:00,3294.325,3293.325,TP,0.84,1,0.3656537459375514,ml_scalp1,2025-06
1231651,short,2025-06-27 07:12:00,2025-06-27 07:13:00,2025-06-27 07:19:00,3287.735,3286.735,TP,0.84,6,0.36574896306696536,ml_scalp1,2025-06
1231668,short,2025-06-27 07:29:00,2025-06-27 07:30:00,2025-06-27 07:33:00,3289.156,3288.156,TP,0.84,3,0.3663873798026808,ml_scalp1,2025-06
1231682,short,2025-06-27 07:43:00,2025-06-27 07:44:00,2025-06-27 07:45:00,3287.385,3286.385,TP,0.84,1,0.36636648648379694,ml_scalp1,2025-06
1231694,short,2025-06-27 07:55:00,2025-06-27 07:56:00,2025-06-27 07:58:00,3286.45,3285.45,TP,0.84,2,0.36605232445645614,ml_scalp1,2025-06
1231707,short,2025-06-27 08:08:00,2025-06-27 08:09:00,2025-06-27 08:10:00,3287.002,3286.002,TP,0.84,1,0.3646332028874824,ml_scalp1,2025-06
1231719,short,2025-06-27 08:20:00,2025-06-27 08:21:00,2025-06-27 08:22:00,3285.107,3284.107,TP,0.84,1,0.3668533643391342,ml_scalp1,2025-06
1231731,short,2025-06-27 08:32:00,2025-06-27 08:33:00,2025-06-27 08:37:00,3284.398,3283.398,TP,0.84,4,0.3662372032146649,ml_scalp1,2025-06
1231930,long,2025-06-27 11:51:00,2025-06-27 11:52:00,2025-06-27 11:53:00,3276.452,3277.452,TP,0.84,1,0.423581659214502,ml_scalp1,2025-06
1231942,short,2025-06-27 12:03:00,2025-06-27 12:04:00,2025-06-27 12:05:00,3279.09,3279.57,SL,-0.64,1,0.3661936006767139,ml_scalp1,2025-06
1231954,short,2025-06-27 12:15:00,2025-06-27 12:16:00,2025-06-27 12:17:00,3274.828,3275.308,SL,-0.64,1,0.36699434265168623,ml_scalp1,2025-06
1231966,short,2025-06-27 12:27:00,2025-06-27 12:28:00,2025-06-27 12:29:00,3280.687,3279.687,TP,0.84,1,0.3658676946837361,ml_scalp1,2025-06
1231978,short,2025-06-27 12:39:00,2025-06-27 12:40:00,2025-06-27 12:41:00,3273.094,3273.574,SL,-0.64,1,0.3665938072669649,ml_scalp1,2025-06
1231990,short,2025-06-27 12:51:00,2025-06-27 12:52:00,2025-06-27 12:53:00,3273.319,3273.799,SL,-0.64,1,0.3669728130904763,ml_scalp1,2025-06
1232002,long,2025-06-27 13:03:00,2025-06-27 13:04:00,2025-06-27 13:05:00,3265.611,3265.131,SL,-0.64,1,0.41233142658517347,ml_scalp1,2025-06
1232014,long,2025-06-27 13:15:00,2025-06-27 13:16:00,2025-06-27 13:17:00,3261.814,3261.334,SL,-0.64,1,0.41354070237972623,ml_scalp1,2025-06
1232026,long,2025-06-27 13:27:00,2025-06-27 13:28:00,2025-06-27 13:29:00,3257.654,3257.174,SL,-0.64,1,0.41066636486211416,ml_scalp1,2025-06
1232038,short,2025-06-27 13:39:00,2025-06-27 13:40:00,2025-06-27 13:41:00,3259.949,3260.429,SL,-0.64,1,0.36708022822479075,ml_scalp1,2025-06
1232050,short,2025-06-27 13:51:00,2025-06-27 13:52:00,2025-06-27 13:53:00,3272.051,3272.531,SL,-0.64,1,0.36557303213221926,ml_scalp1,2025-06
1232062,short,2025-06-27 14:03:00,2025-06-27 14:04:00,2025-06-27 14:05:00,3274.181,3274.661,SL,-0.64,1,0.3655944775355675,ml_scalp1,2025-06
1232074,short,2025-06-27 14:15:00,2025-06-27 14:16:00,2025-06-27 14:17:00,3269.244,3268.244,TP,0.84,1,0.36619528165938725,ml_scalp1,2025-06
1232086,short,2025-06-27 14:27:00,2025-06-27 14:28:00,2025-06-27 14:29:00,3273.501,3273.981,SL,-0.64,1,0.36573263669375505,ml_scalp1,2025-06
1232098,short,2025-06-27 14:39:00,2025-06-27 14:40:00,2025-06-27 14:41:00,3266.954,3267.434,SL,-0.64,1,0.36666484170448455,ml_scalp1,2025-06
1232110,short,2025-06-27 14:51:00,2025-06-27 14:52:00,2025-06-27 14:53:00,3269.189,3268.189,TP,0.84,1,0.366404982745887,ml_scalp1,2025-06
1232122,short,2025-06-27 15:03:00,2025-06-27 15:04:00,2025-06-27 15:05:00,3272.158,3272.638,SL,-0.64,1,0.3655944775355675,ml_scalp1,2025-06
1232134,short,2025-06-27 15:15:00,2025-06-27 15:16:00,2025-06-27 15:18:00,3272.75,3273.23,SL,-0.64,2,0.3649582932374501,ml_scalp1,2025-06
1232453,long,2025-06-27 20:34:00,2025-06-27 20:35:00,2025-06-27 20:47:00,3273.201,3274.201,TP,0.84,12,0.4162226904661634,ml_scalp1,2025-06
1232483,long,2025-06-29 22:11:00,2025-06-29 22:12:00,2025-06-29 22:13:00,3267.757,3267.277,SL,-0.64,1,0.4058153579446648,ml_scalp1,2025-06
1232495,long,2025-06-29 22:23:00,2025-06-29 22:24:00,2025-06-29 22:25:00,3256.491,3256.011,SL,-0.64,1,0.41478626243737254,ml_scalp1,2025-06
1232626,long,2025-06-30 00:34:00,2025-06-30 00:35:00,2025-06-30 00:36:00,3266.412,3265.932,SL,-0.64,1,0.4020757863313027,ml_scalp1,2025-06
1234883,long,2025-07-01 15:15:00,2025-07-01 15:16:00,2025-07-01 15:17:00,3339.829,3339.349,SL,-0.64,1,0.401322114554975,ml_scalp1,2025-07
1235372,long,2025-07-02 00:28:00,2025-07-02 00:29:00,2025-07-02 00:30:00,3337.824,3338.824,TP,0.84,1,0.39835411708491136,ml_scalp1,2025-07
1235467,long,2025-07-02 02:03:00,2025-07-02 02:04:00,2025-07-02 02:05:00,3329.589,3330.589,TP,0.84,1,0.4009108116152949,ml_scalp1,2025-07
1236171,long,2025-07-02 13:47:00,2025-07-02 13:48:00,2025-07-02 13:49:00,3337.903,3337.423,SL,-0.64,1,0.3985495298596165,ml_scalp1,2025-07
1236661,long,2025-07-02 23:01:00,2025-07-02 23:02:00,2025-07-02 23:03:00,3357.422,3358.422,TP,0.84,1,0.40245201724414703,ml_scalp1,2025-07
1236674,long,2025-07-02 23:14:00,2025-07-02 23:15:00,2025-07-02 23:16:00,3355.498,3355.018,SL,-0.64,1,0.40036035162379235,ml_scalp1,2025-07
1236993,long,2025-07-03 04:33:00,2025-07-03 04:34:00,2025-07-03 04:48:00,3349.081,3350.081,TP,0.84,14,0.39866658929569493,ml_scalp1,2025-07
1237024,long,2025-07-03 05:04:00,2025-07-03 05:05:00,2025-07-03 05:07:00,3350.513,3351.513,TP,0.84,2,0.4001572229809506,ml_scalp1,2025-07
1237049,long,2025-07-03 05:29:00,2025-07-03 05:30:00,2025-07-03 05:31:00,3352.826,3352.346,SL,-0.64,1,0.397334448544173,ml_scalp1,2025-07
1237064,long,2025-07-03 05:44:00,2025-07-03 05:45:00,2025-07-03 05:46:00,3352.664,3353.664,TP,0.84,1,0.39781524419289216,ml_scalp1,2025-07
1237464,long,2025-07-03 12:24:00,2025-07-03 12:25:00,2025-07-03 12:27:00,3350.562,3350.082,SL,-0.64,2,0.39905615095785496,ml_scalp1,2025-07
1237477,long,2025-07-03 12:37:00,2025-07-03 12:38:00,2025-07-03 12:39:00,3323.639,3323.159,SL,-0.64,1,0.4047025827870444,ml_scalp1,2025-07
1237489,short,2025-07-03 12:49:00,2025-07-03 12:50:00,2025-07-03 12:51:00,3317.594,3318.074,SL,-0.64,1,0.3620713945810166,ml_scalp1,2025-07
1237501,short,2025-07-03 13:01:00,2025-07-03 13:02:00,2025-07-03 13:03:00,3323.33,3323.81,SL,-0.64,1,0.3608649220649567,ml_scalp1,2025-07
1237513,short,2025-07-03 13:13:00,2025-07-03 13:14:00,2025-07-03 13:15:00,3325.975,3326.455,SL,-0.64,1,0.3608649220649567,ml_scalp1,2025-07
1237525,short,2025-07-03 13:25:00,2025-07-03 13:26:00,2025-07-03 13:27:00,3332.764,3333.244,SL,-0.64,1,0.3608649220649567,ml_scalp1,2025-07
1237559,long,2025-07-03 13:59:00,2025-07-03 14:00:00,2025-07-03 14:01:00,3332.263,3331.783,SL,-0.64,1,0.3956369025481536,ml_scalp1,2025-07
1237581,short,2025-07-03 14:21:00,2025-07-03 14:22:00,2025-07-03 14:23:00,3325.735,3324.735,TP,0.84,1,0.3608649220649567,ml_scalp1,2025-07
1237593,short,2025-07-03 14:33:00,2025-07-03 14:34:00,2025-07-03 14:35:00,3327.604,3328.084,SL,-0.64,1,0.3608649220649567,ml_scalp1,2025-07
1237605,short,2025-07-03 14:45:00,2025-07-03 14:46:00,2025-07-03 14:47:00,3326.01,3326.4900000000002,SL,-0.64,1,0.3608649220649567,ml_scalp1,2025-07
1238111,long,2025-07-04 00:15:00,2025-07-04 00:16:00,2025-07-04 00:19:00,3326.119,3327.119,TP,0.84,3,0.39694768000679836,ml_scalp1,2025-07
1238414,long,2025-07-04 05:18:00,2025-07-04 05:19:00,2025-07-04 05:22:00,3341.346,3340.866,SL,-0.64,3,0.400869579969917,ml_scalp1,2025-07
1238509,long,2025-07-04 06:53:00,2025-07-04 06:54:00,2025-07-04 07:07:00,3342.396,3343.396,TP,0.84,13,0.39608064382459307,ml_scalp1,2025-07
1238738,long,2025-07-04 10:42:00,2025-07-04 10:43:00,2025-07-04 10:44:00,3333.492,3334.492,TP,0.84,1,0.3960622845757033,ml_scalp1,2025-07
1239166,long,2025-07-06 23:10:00,2025-07-06 23:11:00,2025-07-06 23:12:00,3331.302,3330.822,SL,-0.64,1,0.39630448761350234,ml_scalp1,2025-07
1239186,long,2025-07-06 23:30:00,2025-07-06 23:31:00,2025-07-06 23:32:00,3329.032,3328.552,SL,-0.64,1,0.40301330825943565,ml_scalp1,2025-07
1239198,long,2025-07-06 23:42:00,2025-07-06 23:43:00,2025-07-06 23:44:00,3326.772,3327.772,TP,0.84,1,0.3955395105448819,ml_scalp1,2025-07
1239241,long,2025-07-07 00:25:00,2025-07-07 00:26:00,2025-07-07 00:27:00,3323.127,3322.647,SL,-0.64,1,0.39791665353193756,ml_scalp1,2025-07
1239277,long,2025-07-07 01:01:00,2025-07-07 01:02:00,2025-07-07 01:03:00,3321.324,3322.324,TP,0.84,1,0.4133233525181129,ml_scalp1,2025-07
1239290,long,2025-07-07 01:14:00,2025-07-07 01:15:00,2025-07-07 01:16:00,3311.057,3310.5769999999998,SL,-0.64,1,0.4114709468921538,ml_scalp1,2025-07
1239369,long,2025-07-07 02:33:00,2025-07-07 02:34:00,2025-07-07 02:35:00,3310.036,3309.556,SL,-0.64,1,0.40369554120342116,ml_scalp1,2025-07
1239384,long,2025-07-07 02:48:00,2025-07-07 02:49:00,2025-07-07 02:50:00,3307.066,3306.586,SL,-0.64,1,0.3998915996537309,ml_scalp1,2025-07
1239686,long,2025-07-07 07:50:00,2025-07-07 07:51:00,2025-07-07 07:52:00,3302.693,3302.213,SL,-0.64,1,0.4009050989124857,ml_scalp1,2025-07
1239698,short,2025-07-07 08:02:00,2025-07-07 08:03:00,2025-07-07 08:05:00,3302.667,3301.667,TP,0.84,2,0.36132488571881344,ml_scalp1,2025-07
1239857,long,2025-07-07 10:41:00,2025-07-07 10:42:00,2025-07-07 10:43:00,3299.968,3299.488,SL,-0.64,1,0.4132180583287163,ml_scalp1,2025-07
1239869,short,2025-07-07 10:53:00,2025-07-07 10:54:00,2025-07-07 10:55:00,3302.112,3302.592,SL,-0.64,1,0.36242445636430715,ml_scalp1,2025-07
1239881,short,2025-07-07 11:05:00,2025-07-07 11:06:00,2025-07-07 11:07:00,3301.343,3301.823,SL,-0.64,1,0.36242445636430715,ml_scalp1,2025-07
1239893,short,2025-07-07 11:17:00,2025-07-07 11:18:00,2025-07-07 11:19:00,3303.05,3303.53,SL,-0.64,1,0.3616326483948959,ml_scalp1,2025-07
1239938,short,2025-07-07 12:02:00,2025-07-07 12:03:00,2025-07-07 12:05:00,3302.929,3303.409,SL,-0.64,2,0.36153368481635384,ml_scalp1,2025-07
1239954,short,2025-07-07 12:18:00,2025-07-07 12:19:00,2025-07-07 12:20:00,3304.322,3304.802,SL,-0.64,1,0.3614041937255793,ml_scalp1,2025-07
1239966,short,2025-07-07 12:30:00,2025-07-07 12:31:00,2025-07-07 12:32:00,3303.923,3304.403,SL,-0.64,1,0.361463515248292,ml_scalp1,2025-07
1239978,short,2025-07-07 12:42:00,2025-07-07 12:43:00,2025-07-07 12:44:00,3309.117,3309.597,SL,-0.64,1,0.36097562142848305,ml_scalp1,2025-07
1239990,short,2025-07-07 12:54:00,2025-07-07 12:55:00,2025-07-07 12:58:00,3310.538,3309.538,TP,0.84,3,0.36097562142848305,ml_scalp1,2025-07
1240036,short,2025-07-07 13:40:00,2025-07-07 13:41:00,2025-07-07 13:42:00,3308.541,3309.021,SL,-0.64,1,0.36097562142848305,ml_scalp1,2025-07
1240048,short,2025-07-07 13:52:00,2025-07-07 13:53:00,2025-07-07 13:54:00,3313.624,3314.104,SL,-0.64,1,0.36097562142848305,ml_scalp1,2025-07
1240060,short,2025-07-07 14:04:00,2025-07-07 14:05:00,2025-07-07 14:06:00,3314.186,3314.666,SL,-0.64,1,0.36097562142848305,ml_scalp1,2025-07
1240658,long,2025-07-08 01:06:00,2025-07-08 01:07:00,2025-07-08 01:08:00,3332.025,3331.545,SL,-0.64,1,0.39747622344193717,ml_scalp1,2025-07
1241289,long,2025-07-08 11:37:00,2025-07-08 11:38:00,2025-07-08 11:39:00,3322.768,3322.288,SL,-0.64,1,0.3964730152491916,ml_scalp1,2025-07
1241420,long,2025-07-08 13:48:00,2025-07-08 13:49:00,2025-07-08 13:50:00,3317.351,3316.871,SL,-0.64,1,0.4001853516346883,ml_scalp1,2025-07
1241435,long,2025-07-08 14:03:00,2025-07-08 14:04:00,2025-07-08 14:05:00,3312.673,3312.1929999999998,SL,-0.64,1,0.39726685406028717,ml_scalp1,2025-07
1241447,short,2025-07-08 14:15:00,2025-07-08 14:16:00,2025-07-08 14:17:00,3306.156,3305.156,TP,0.84,1,0.36105262566247914,ml_scalp1,2025-07
1241459,short,2025-07-08 14:27:00,2025-07-08 14:28:00,2025-07-08 14:29:00,3305.591,3304.591,TP,0.84,1,0.36109082727272646,ml_scalp1,2025-07
1241471,short,2025-07-08 14:39:00,2025-07-08 14:40:00,2025-07-08 14:41:00,3301.361,3300.361,TP,0.84,1,0.3619070447071559,ml_scalp1,2025-07
1241483,short,2025-07-08 14:51:00,2025-07-08 14:52:00,2025-07-08 14:53:00,3295.853,3296.333,SL,-0.64,1,0.3620331085308559,ml_scalp1,2025-07
1241495,short,2025-07-08 15:03:00,2025-07-08 15:04:00,2025-07-08 15:05:00,3295.92,3294.92,TP,0.84,1,0.3620331085308559,ml_scalp1,2025-07
1241507,short,2025-07-08 15:15:00,2025-07-08 15:16:00,2025-07-08 15:17:00,3289.177,3289.657,SL,-0.64,1,0.36240211591960664,ml_scalp1,2025-07
1241519,short,2025-07-08 15:27:00,2025-07-08 15:28:00,2025-07-08 15:29:00,3295.727,3296.207,SL,-0.64,1,0.3620713945810166,ml_scalp1,2025-07
1241531,short,2025-07-08 15:39:00,2025-07-08 15:40:00,2025-07-08 15:41:00,3296.514,3296.994,SL,-0.64,1,0.36200116540831,ml_scalp1,2025-07
1241643,short,2025-07-08 17:31:00,2025-07-08 17:32:00,2025-07-08 17:35:00,3307.898,3308.378,SL,-0.64,3,0.3612860487485098,ml_scalp1,2025-07
1241739,long,2025-07-08 19:07:00,2025-07-08 19:08:00,2025-07-08 19:10:00,3303.614,3303.134,SL,-0.64,2,0.3956441735148851,ml_scalp1,2025-07
1242137,long,2025-07-09 02:49:00,2025-07-09 02:50:00,2025-07-09 02:51:00,3290.312,3289.832,SL,-0.64,1,0.39676605903825846,ml_scalp1,2025-07
1242149,long,2025-07-09 03:01:00,2025-07-09 03:02:00,2025-07-09 03:03:00,3287.696,3287.216,SL,-0.64,1,0.4028832494588585,ml_scalp1,2025-07
1242456,short,2025-07-09 08:08:00,2025-07-09 08:09:00,2025-07-09 08:10:00,3290.165,3290.645,SL,-0.64,1,0.36092294470489805,ml_scalp1,2025-07
1242468,long,2025-07-09 08:20:00,2025-07-09 08:21:00,2025-07-09 08:22:00,3284.642,3285.642,TP,0.84,1,0.3997632927498569,ml_scalp1,2025-07
1242485,long,2025-07-09 08:37:00,2025-07-09 08:38:00,2025-07-09 08:39:00,3282.839,3283.839,TP,0.84,1,0.39674626959881576,ml_scalp1,2025-07
1242780,long,2025-07-09 13:32:00,2025-07-09 13:33:00,2025-07-09 13:34:00,3296.22,3297.22,TP,0.84,1,0.3961536533256925,ml_scalp1,2025-07
1242792,long,2025-07-09 13:44:00,2025-07-09 13:45:00,2025-07-09 13:46:00,3296.153,3295.673,SL,-0.64,1,0.39594370416835367,ml_scalp1,2025-07
1243330,long,2025-07-09 23:46:00,2025-07-09 23:47:00,2025-07-09 23:49:00,3316.429,3317.429,TP,0.84,2,0.3984267982009892,ml_scalp1,2025-07
1243397,long,2025-07-10 00:53:00,2025-07-10 00:54:00,2025-07-10 00:55:00,3318.262,3317.782,SL,-0.64,1,0.3970241697549613,ml_scalp1,2025-07
1244110,long,2025-07-10 12:46:00,2025-07-10 12:47:00,2025-07-10 12:48:00,3323.837,3323.357,SL,-0.64,1,0.39748896105456405,ml_scalp1,2025-07
1244145,long,2025-07-10 13:21:00,2025-07-10 13:22:00,2025-07-10 13:23:00,3324.248,3323.768,SL,-0.64,1,0.3974451732137968,ml_scalp1,2025-07
1244170,long,2025-07-10 13:46:00,2025-07-10 13:47:00,2025-07-10 13:48:00,3318.763,3318.283,SL,-0.64,1,0.40068024917980566,ml_scalp1,2025-07
1244182,long,2025-07-10 13:58:00,2025-07-10 13:59:00,2025-07-10 14:00:00,3313.574,3313.094,SL,-0.64,1,0.39596759852319136,ml_scalp1,2025-07
1244736,long,2025-07-11 00:16:00,2025-07-11 00:17:00,2025-07-11 00:19:00,3326.241,3327.241,TP,0.84,2,0.3960638523169327,ml_scalp1,2025-07
1244774,long,2025-07-11 00:54:00,2025-07-11 00:55:00,2025-07-11 00:56:00,3332.242,3331.762,SL,-0.64,1,0.39558187812752865,ml_scalp1,2025-07
1244786,long,2025-07-11 01:06:00,2025-07-11 01:07:00,2025-07-11 01:08:00,3327.858,3327.378,SL,-0.64,1,0.39674248117841976,ml_scalp1,2025-07
1245032,long,2025-07-11 05:12:00,2025-07-11 05:13:00,2025-07-11 05:20:00,3333.517,3334.517,TP,0.84,7,0.4016745282626182,ml_scalp1,2025-07
1245190,long,2025-07-11 07:50:00,2025-07-11 07:51:00,2025-07-11 07:53:00,3339.973,3339.493,SL,-0.64,2,0.39651147241630447,ml_scalp1,2025-07
1245231,long,2025-07-11 08:31:00,2025-07-11 08:32:00,2025-07-11 08:33:00,3338.095,3337.615,SL,-0.64,1,0.3956555582151039,ml_scalp1,2025-07
1245253,long,2025-07-11 08:53:00,2025-07-11 08:54:00,2025-07-11 08:55:00,3333.208,3334.208,TP,0.84,1,0.4003302399616921,ml_scalp1,2025-07
1245454,long,2025-07-11 12:14:00,2025-07-11 12:15:00,2025-07-11 12:16:00,3344.944,3345.944,TP,0.84,1,0.3962757924724678,ml_scalp1,2025-07
1245522,long,2025-07-11 13:22:00,2025-07-11 13:23:00,2025-07-11 13:24:00,3352.667,3352.187,SL,-0.64,1,0.4026418582998695,ml_scalp1,2025-07
1245536,long,2025-07-11 13:36:00,2025-07-11 13:37:00,2025-07-11 13:38:00,3353.873,3354.873,TP,0.84,1,0.3965049325560741,ml_scalp1,2025-07
1245664,long,2025-07-11 15:44:00,2025-07-11 15:45:00,2025-07-11 15:46:00,3359.199,3360.199,TP,0.84,1,0.3955975140082202,ml_scalp1,2025-07
1246056,long,2025-07-13 23:23:00,2025-07-13 23:24:00,2025-07-13 23:25:00,3367.246,3368.246,TP,0.84,1,0.39690846554053333,ml_scalp1,2025-07
1246069,long,2025-07-13 23:36:00,2025-07-13 23:37:00,2025-07-13 23:39:00,3367.099,3366.619,SL,-0.64,2,0.40266257584849635,ml_scalp1,2025-07
1246143,long,2025-07-14 00:50:00,2025-07-14 00:51:00,2025-07-14 00:52:00,3367.982,3368.982,TP,0.84,1,0.4010811522063073,ml_scalp1,2025-07
1246155,long,2025-07-14 01:02:00,2025-07-14 01:03:00,2025-07-14 01:04:00,3366.997,3367.997,TP,0.84,1,0.40007229923716614,ml_scalp1,2025-07
1246168,long,2025-07-14 01:15:00,2025-07-14 01:16:00,2025-07-14 01:17:00,3364.918,3365.918,TP,0.84,1,0.3963600775043282,ml_scalp1,2025-07
1246180,long,2025-07-14 01:27:00,2025-07-14 01:28:00,2025-07-14 01:30:00,3361.418,3360.938,SL,-0.64,2,0.40213312325340206,ml_scalp1,2025-07
1246198,long,2025-07-14 01:45:00,2025-07-14 01:46:00,2025-07-14 01:47:00,3358.257,3357.777,SL,-0.64,1,0.4006145364395038,ml_scalp1,2025-07
1246850,long,2025-07-14 12:37:00,2025-07-14 12:38:00,2025-07-14 12:39:00,3352.714,3352.234,SL,-0.64,1,0.40609605460041254,ml_scalp1,2025-07
1246862,long,2025-07-14 12:49:00,2025-07-14 12:50:00,2025-07-14 12:51:00,3350.222,3351.222,TP,0.84,1,0.3988829069885208,ml_scalp1,2025-07
1246955,long,2025-07-14 14:22:00,2025-07-14 14:23:00,2025-07-14 14:24:00,3346.651,3347.651,TP,0.84,1,0.3963356243296925,ml_scalp1,2025-07
1246971,short,2025-07-14 14:38:00,2025-07-14 14:39:00,2025-07-14 14:40:00,3344.5,3343.5,TP,0.84,1,0.3609852042381135,ml_scalp1,2025-07
1246983,short,2025-07-14 14:50:00,2025-07-14 14:51:00,2025-07-14 14:52:00,3344.35,3343.35,TP,0.84,1,0.36093429416085393,ml_scalp1,2025-07
1247496,long,2025-07-15 00:27:00,2025-07-15 00:28:00,2025-07-15 00:35:00,3347.558,3347.078,SL,-0.64,7,0.3957808208049196,ml_scalp1,2025-07
1248174,long,2025-07-15 11:45:00,2025-07-15 11:46:00,2025-07-15 11:47:00,3354.402,3355.402,TP,0.84,1,0.3956433807793969,ml_scalp1,2025-07
1248205,long,2025-07-15 12:16:00,2025-07-15 12:17:00,2025-07-15 12:18:00,3350.672,3350.192,SL,-0.64,1,0.40628193963959297,ml_scalp1,2025-07
1248220,long,2025-07-15 12:31:00,2025-07-15 12:32:00,2025-07-15 12:33:00,3351.449,3350.969,SL,-0.64,1,0.3962645838601414,ml_scalp1,2025-07
1248264,long,2025-07-15 13:15:00,2025-07-15 13:16:00,2025-07-15 13:17:00,3345.705,3345.225,SL,-0.64,1,0.39733009712240547,ml_scalp1,2025-07
1248276,long,2025-07-15 13:27:00,2025-07-15 13:28:00,2025-07-15 13:29:00,3339.489,3340.489,TP,0.84,1,0.4058444147297136,ml_scalp1,2025-07
1248288,short,2025-07-15 13:39:00,2025-07-15 13:40:00,2025-07-15 13:41:00,3336.601,3337.081,SL,-0.64,1,0.36107801363708253,ml_scalp1,2025-07
1248389,long,2025-07-15 15:20:00,2025-07-15 15:21:00,2025-07-15 15:22:00,3341.451,3340.971,SL,-0.64,1,0.3980277102511423,ml_scalp1,2025-07
1248401,long,2025-07-15 15:32:00,2025-07-15 15:33:00,2025-07-15 15:34:00,3327.129,3326.649,SL,-0.64,1,0.41507002605308685,ml_scalp1,2025-07
1248413,short,2025-07-15 15:44:00,2025-07-15 15:45:00,2025-07-15 15:46:00,3331.33,3330.33,TP,0.84,1,0.3611162152473298,ml_scalp1,2025-07
1248425,short,2025-07-15 15:56:00,2025-07-15 15:57:00,2025-07-15 15:58:00,3329.598,3330.078,SL,-0.64,1,0.36109472777288826,ml_scalp1,2025-07
1248437,long,2025-07-15 16:08:00,2025-07-15 16:09:00,2025-07-15 16:10:00,3324.852,3325.852,TP,0.84,1,0.39720641408104246,ml_scalp1,2025-07
1248449,short,2025-07-15 16:20:00,2025-07-15 16:21:00,2025-07-15 16:25:00,3323.909,3324.389,SL,-0.64,4,0.362049872337199,ml_scalp1,2025-07
1248464,short,2025-07-15 16:35:00,2025-07-15 16:36:00,2025-07-15 16:37:00,3325.183,3324.183,TP,0.84,1,0.36128403868137443,ml_scalp1,2025-07
1248534,long,2025-07-15 17:45:00,2025-07-15 17:46:00,2025-07-15 17:48:00,3328.144,3327.6639999999998,SL,-0.64,2,0.395957880859539,ml_scalp1,2025-07
1249524,long,2025-07-16 11:19:00,2025-07-16 11:20:00,2025-07-16 11:21:00,3334.667,3334.187,SL,-0.64,1,0.3966275090890757,ml_scalp1,2025-07
1249544,long,2025-07-16 11:39:00,2025-07-16 11:40:00,2025-07-16 11:41:00,3335.557,3336.557,TP,0.84,1,0.39692488082809074,ml_scalp1,2025-07
1249581,long,2025-07-16 12:16:00,2025-07-16 12:17:00,2025-07-16 12:18:00,3335.399,3334.919,SL,-0.64,1,0.40128215334001677,ml_scalp1,2025-07
1249601,long,2025-07-16 12:36:00,2025-07-16 12:37:00,2025-07-16 12:38:00,3335.001,3334.521,SL,-0.64,1,0.39567149706374133,ml_scalp1,2025-07
1249659,long,2025-07-16 13:34:00,2025-07-16 13:35:00,2025-07-16 13:36:00,3330.455,3329.975,SL,-0.64,1,0.39719549116537317,ml_scalp1,2025-07
1249673,long,2025-07-16 13:48:00,2025-07-16 13:49:00,2025-07-16 13:50:00,3323.916,3323.436,SL,-0.64,1,0.39911892185009634,ml_scalp1,2025-07
1249701,long,2025-07-16 14:16:00,2025-07-16 14:17:00,2025-07-16 14:18:00,3322.452,3323.452,TP,0.84,1,0.39637131175437545,ml_scalp1,2025-07
1249715,long,2025-07-16 14:30:00,2025-07-16 14:31:00,2025-07-16 14:32:00,3322.989,3322.509,SL,-0.64,1,0.3972431954885894,ml_scalp1,2025-07
1249736,long,2025-07-16 14:51:00,2025-07-16 14:52:00,2025-07-16 14:53:00,3324.527,3325.527,TP,0.84,1,0.3961826177519502,ml_scalp1,2025-07
1249768,long,2025-07-16 15:23:00,2025-07-16 15:24:00,2025-07-16 15:25:00,3365.575,3366.575,TP,0.84,1,0.3960711489002925,ml_scalp1,2025-07
1249782,long,2025-07-16 15:37:00,2025-07-16 15:38:00,2025-07-16 15:39:00,3366.441,3367.441,TP,0.84,1,0.400161261646609,ml_scalp1,2025-07
1250224,long,2025-07-17 00:03:00,2025-07-17 00:04:00,2025-07-17 00:05:00,3344.785,3345.785,TP,0.84,1,0.39921261433040006,ml_scalp1,2025-07
1250236,long,2025-07-17 00:15:00,2025-07-17 00:16:00,2025-07-17 00:17:00,3343.786,3343.306,SL,-0.64,1,0.3984088429975357,ml_scalp1,2025-07
1250248,long,2025-07-17 00:27:00,2025-07-17 00:28:00,2025-07-17 00:35:00,3344.35,3343.87,SL,-0.64,7,0.3992573009806723,ml_scalp1,2025-07
1250271,long,2025-07-17 00:50:00,2025-07-17 00:51:00,2025-07-17 00:53:00,3341.078,3340.598,SL,-0.64,2,0.40353073358870806,ml_scalp1,2025-07
1250284,long,2025-07-17 01:03:00,2025-07-17 01:04:00,2025-07-17 01:05:00,3340.216,3339.736,SL,-0.64,1,0.40582014093840857,ml_scalp1,2025-07
1250296,long,2025-07-17 01:15:00,2025-07-17 01:16:00,2025-07-17 01:17:00,3340.308,3341.308,TP,0.84,1,0.399037610893234,ml_scalp1,2025-07
1250321,long,2025-07-17 01:40:00,2025-07-17 01:41:00,2025-07-17 01:42:00,3340.522,3340.042,SL,-0.64,1,0.4000760921500427,ml_scalp1,2025-07
1250497,long,2025-07-17 04:36:00,2025-07-17 04:37:00,2025-07-17 04:39:00,3342.924,3343.924,TP,0.84,2,0.40448821244486965,ml_scalp1,2025-07
1250528,long,2025-07-17 05:07:00,2025-07-17 05:08:00,2025-07-17 05:09:00,3342.305,3341.825,SL,-0.64,1,0.3980527963847209,ml_scalp1,2025-07
1250866,long,2025-07-17 10:45:00,2025-07-17 10:46:00,2025-07-17 10:48:00,3329.539,3330.539,TP,0.84,2,0.3957878787047941,ml_scalp1,2025-07
1250971,long,2025-07-17 12:30:00,2025-07-17 12:31:00,2025-07-17 12:32:00,3317.69,3317.21,SL,-0.64,1,0.41606972186523405,ml_scalp1,2025-07
1250983,short,2025-07-17 12:42:00,2025-07-17 12:43:00,2025-07-17 12:44:00,3315.227,3315.707,SL,-0.64,1,0.3623226714992457,ml_scalp1,2025-07
1250995,short,2025-07-17 12:54:00,2025-07-17 12:55:00,2025-07-17 12:56:00,3311.867,3310.867,TP,0.84,1,0.3623226714992457,ml_scalp1,2025-07
1251007,short,2025-07-17 13:06:00,2025-07-17 13:07:00,2025-07-17 13:08:00,3315.465,3314.465,TP,0.84,1,0.36204600660641323,ml_scalp1,2025-07
1251019,short,2025-07-17 13:18:00,2025-07-17 13:19:00,2025-07-17 13:20:00,3318.107,3318.587,SL,-0.64,1,0.3620408604553625,ml_scalp1,2025-07
1251032,short,2025-07-17 13:31:00,2025-07-17 13:32:00,2025-07-17 13:33:00,3315.307,3315.787,SL,-0.64,1,0.36114469633342494,ml_scalp1,2025-07
1251044,short,2025-07-17 13:43:00,2025-07-17 13:44:00,2025-07-17 13:45:00,3315.107,3315.587,SL,-0.64,1,0.36197235649666853,ml_scalp1,2025-07
1251056,short,2025-07-17 13:55:00,2025-07-17 13:56:00,2025-07-17 13:57:00,3319.714,3320.194,SL,-0.64,1,0.3616444349300151,ml_scalp1,2025-07
1251078,long,2025-07-17 14:17:00,2025-07-17 14:18:00,2025-07-17 14:19:00,3326.746,3327.746,TP,0.84,1,0.39843811668050644,ml_scalp1,2025-07
1251730,long,2025-07-18 02:13:00,2025-07-18 02:14:00,2025-07-18 02:19:00,3343.527,3343.047,SL,-0.64,5,0.4013724042873971,ml_scalp1,2025-07
1252445,long,2025-07-18 14:08:00,2025-07-18 14:09:00,2025-07-18 14:10:00,3355.938,3356.938,TP,0.84,1,0.39651316561905375,ml_scalp1,2025-07
1252459,long,2025-07-18 14:22:00,2025-07-18 14:23:00,2025-07-18 14:24:00,3354.653,3355.653,TP,0.84,1,0.39666181795956146,ml_scalp1,2025-07
1253027,long,2025-07-21 00:57:00,2025-07-21 00:58:00,2025-07-21 00:59:00,3352.833,3352.353,SL,-0.64,1,0.39564032479232125,ml_scalp1,2025-07
1253798,long,2025-07-21 13:48:00,2025-07-21 13:49:00,2025-07-21 13:50:00,3390.584,3391.584,TP,0.84,1,0.3963585716445308,ml_scalp1,2025-07
1253934,long,2025-07-21 16:04:00,2025-07-21 16:05:00,2025-07-21 16:07:00,3397.81,3397.33,SL,-0.64,2,0.39886141683557286,ml_scalp1,2025-07
1253947,long,2025-07-21 16:17:00,2025-07-21 16:18:00,2025-07-21 16:19:00,3396.795,3397.795,TP,0.84,1,0.396800794567691,ml_scalp1,2025-07
1253959,long,2025-07-21 16:29:00,2025-07-21 16:30:00,2025-07-21 16:34:00,3397.006,3398.006,TP,0.84,4,0.39753862274914825,ml_scalp1,2025-07
1253974,long,2025-07-21 16:44:00,2025-07-21 16:45:00,2025-07-21 16:46:00,3395.893,3395.413,SL,-0.64,1,0.3983258841139744,ml_scalp1,2025-07
1253986,long,2025-07-21 16:56:00,2025-07-21 16:57:00,2025-07-21 16:59:00,3394.172,3395.172,TP,0.84,2,0.4021607418181262,ml_scalp1,2025-07
1254018,long,2025-07-21 17:28:00,2025-07-21 17:29:00,2025-07-21 17:30:00,3392.216,3391.736,SL,-0.64,1,0.39592630073609286,ml_scalp1,2025-07
1254219,long,2025-07-21 20:49:00,2025-07-21 20:50:00,2025-07-21 22:02:00,3397.189,3398.189,TP,0.84,8,0.3973167246864463,ml_scalp1,2025-07
1254321,long,2025-07-21 23:35:00,2025-07-21 23:36:00,2025-07-21 23:37:00,3397.721,3397.241,SL,-0.64,1,0.3982735511090225,ml_scalp1,2025-07
1254384,long,2025-07-22 00:38:00,2025-07-22 00:39:00,2025-07-22 00:40:00,3393.911,3394.911,TP,0.84,1,0.40019755466501694,ml_scalp1,2025-07
1254402,long,2025-07-22 00:56:00,2025-07-22 00:57:00,2025-07-22 00:58:00,3393.772,3393.292,SL,-0.64,1,0.4029071212706965,ml_scalp1,2025-07
1254415,long,2025-07-22 01:09:00,2025-07-22 01:10:00,2025-07-22 01:11:00,3392.826,3392.346,SL,-0.64,1,0.3983505019213346,ml_scalp1,2025-07
1254447,long,2025-07-22 01:41:00,2025-07-22 01:42:00,2025-07-22 01:43:00,3388.162,3387.682,SL,-0.64,1,0.39726154862787905,ml_scalp1,2025-07
1254462,long,2025-07-22 01:56:00,2025-07-22 01:57:00,2025-07-22 01:58:00,3385.403,3386.403,TP,0.84,1,0.4029221612327293,ml_scalp1,2025-07
1255130,long,2025-07-22 13:04:00,2025-07-22 13:05:00,2025-07-22 13:07:00,3409.645,3410.645,TP,0.84,2,0.3954954655596155,ml_scalp1,2025-07
1255144,long,2025-07-22 13:18:00,2025-07-22 13:19:00,2025-07-22 13:20:00,3412.575,3412.095,SL,-0.64,1,0.3973907767281025,ml_scalp1,2025-07
1255186,long,2025-07-22 14:00:00,2025-07-22 14:01:00,2025-07-22 14:02:00,3406.397,3407.397,TP,0.84,1,0.40220811652056454,ml_scalp1,2025-07
1255222,long,2025-07-22 14:36:00,2025-07-22 14:37:00,2025-07-22 14:38:00,3424.813,3425.813,TP,0.84,1,0.3963233230494334,ml_scalp1,2025-07
1255234,long,2025-07-22 14:48:00,2025-07-22 14:49:00,2025-07-22 14:50:00,3424.864,3425.864,TP,0.84,1,0.3996049884878272,ml_scalp1,2025-07
1255265,long,2025-07-22 15:19:00,2025-07-22 15:20:00,2025-07-22 15:21:00,3425.594,3426.594,TP,0.84,1,0.39763060258086896,ml_scalp1,2025-07
1255281,long,2025-07-22 15:35:00,2025-07-22 15:36:00,2025-07-22 15:37:00,3425.309,3426.309,TP,0.84,1,0.396204095872909,ml_scalp1,2025-07
1255755,long,2025-07-23 00:33:00,2025-07-23 00:34:00,2025-07-23 00:35:00,3429.223,3430.223,TP,0.84,1,0.3989148382071969,ml_scalp1,2025-07
1256502,long,2025-07-23 13:00:00,2025-07-23 13:01:00,2025-07-23 13:02:00,3417.6,3417.12,SL,-0.64,1,0.4016376736058084,ml_scalp1,2025-07
1256524,long,2025-07-23 13:22:00,2025-07-23 13:23:00,2025-07-23 13:24:00,3411.428,3410.948,SL,-0.64,1,0.4017463736833288,ml_scalp1,2025-07
1256536,long,2025-07-23 13:34:00,2025-07-23 13:35:00,2025-07-23 13:36:00,3406.099,3407.099,TP,0.84,1,0.40725772919776504,ml_scalp1,2025-07
1256677,long,2025-07-23 15:55:00,2025-07-23 15:56:00,2025-07-23 15:57:00,3403.918,3403.438,SL,-0.64,1,0.4108311939204401,ml_scalp1,2025-07
1256689,short,2025-07-23 16:07:00,2025-07-23 16:08:00,2025-07-23 16:09:00,3388.716,3389.196,SL,-0.64,1,0.362049872337199,ml_scalp1,2025-07
1256701,short,2025-07-23 16:19:00,2025-07-23 16:20:00,2025-07-23 16:21:00,3386.269,3386.749,SL,-0.64,1,0.3620115862870383,ml_scalp1,2025-07
1256713,short,2025-07-23 16:31:00,2025-07-23 16:32:00,2025-07-23 16:33:00,3382.237,3382.717,SL,-0.64,1,0.3623265173618165,ml_scalp1,2025-07
1256725,short,2025-07-23 16:43:00,2025-07-23 16:44:00,2025-07-23 16:45:00,3389.842,3390.322,SL,-0.64,1,0.362049872337199,ml_scalp1,2025-07
1256737,short,2025-07-23 16:55:00,2025-07-23 16:56:00,2025-07-23 16:57:00,3385.901,3386.381,SL,-0.64,1,0.362049872337199,ml_scalp1,2025-07
1256749,short,2025-07-23 17:07:00,2025-07-23 17:08:00,2025-07-23 17:09:00,3386.516,3386.996,SL,-0.64,1,0.3615218069518821,ml_scalp1,2025-07
1257166,long,2025-07-24 01:08:00,2025-07-24 01:09:00,2025-07-24 01:10:00,3385.515,3386.515,TP,0.84,1,0.4109110406712564,ml_scalp1,2025-07
1257230,long,2025-07-24 02:12:00,2025-07-24 02:13:00,2025-07-24 02:14:00,3381.667,3381.187,SL,-0.64,1,0.4098790984957523,ml_scalp1,2025-07
1257280,long,2025-07-24 03:02:00,2025-07-24 03:03:00,2025-07-24 03:04:00,3380.872,3380.392,SL,-0.64,1,0.3967656431549582,ml_scalp1,2025-07
1257444,long,2025-07-24 05:46:00,2025-07-24 05:47:00,2025-07-24 05:48:00,3374.957,3375.957,TP,0.84,1,0.4025833635796693,ml_scalp1,2025-07
1257487,long,2025-07-24 06:29:00,2025-07-24 06:30:00,2025-07-24 06:31:00,3371.912,3371.432,SL,-0.64,1,0.4135911411164819,ml_scalp1,2025-07
1257569,long,2025-07-24 07:51:00,2025-07-24 07:52:00,2025-07-24 07:53:00,3369.627,3370.627,TP,0.84,1,0.41227457415159263,ml_scalp1,2025-07
1257587,long,2025-07-24 08:09:00,2025-07-24 08:10:00,2025-07-24 08:11:00,3366.208,3367.208,TP,0.84,1,0.4053317852953707,ml_scalp1,2025-07
1257657,long,2025-07-24 09:19:00,2025-07-24 09:20:00,2025-07-24 09:22:00,3364.537,3364.057,SL,-0.64,2,0.39558404729879243,ml_scalp1,2025-07
1257670,long,2025-07-24 09:32:00,2025-07-24 09:33:00,2025-07-24 09:34:00,3362.283,3363.283,TP,0.84,1,0.40367880527189526,ml_scalp1,2025-07
1257688,long,2025-07-24 09:50:00,2025-07-24 09:51:00,2025-07-24 09:59:00,3362.412,3363.412,TP,0.84,8,0.3987162413577097,ml_scalp1,2025-07
1257710,long,2025-07-24 10:12:00,2025-07-24 10:13:00,2025-07-24 10:19:00,3362.431,3363.431,TP,0.84,6,0.39766166500269695,ml_scalp1,2025-07
1257734,long,2025-07-24 10:36:00,2025-07-24 10:37:00,2025-07-24 10:44:00,3363.171,3364.171,TP,0.84,7,0.3987448369017361,ml_scalp1,2025-07
1257788,long,2025-07-24 11:30:00,2025-07-24 11:31:00,2025-07-24 11:32:00,3361.427,3362.427,TP,0.84,1,0.4042670648208042,ml_scalp1,2025-07
1257818,long,2025-07-24 12:00:00,2025-07-24 12:01:00,2025-07-24 12:02:00,3360.877,3360.397,SL,-0.64,1,0.39798946977215716,ml_scalp1,2025-07
1257857,short,2025-07-24 12:39:00,2025-07-24 12:40:00,2025-07-24 12:41:00,3361.869,3360.869,TP,0.84,1,0.361276198399724,ml_scalp1,2025-07
1257869,long,2025-07-24 12:51:00,2025-07-24 12:52:00,2025-07-24 12:53:00,3353.727,3353.247,SL,-0.64,1,0.404812436177595,ml_scalp1,2025-07
1257881,short,2025-07-24 13:03:00,2025-07-24 13:04:00,2025-07-24 13:06:00,3355.274,3355.754,SL,-0.64,2,0.3629584096733663,ml_scalp1,2025-07
1257894,short,2025-07-24 13:16:00,2025-07-24 13:17:00,2025-07-24 13:18:00,3358.809,3357.809,TP,0.84,1,0.3628866258128418,ml_scalp1,2025-07
1257906,short,2025-07-24 13:28:00,2025-07-24 13:29:00,2025-07-24 13:30:00,3358.036,3358.516,SL,-0.64,1,0.36185703934486646,ml_scalp1,2025-07
1257918,short,2025-07-24 13:40:00,2025-07-24 13:41:00,2025-07-24 13:42:00,3363.106,3363.5860000000002,SL,-0.64,1,0.36273474324384664,ml_scalp1,2025-07
1257930,short,2025-07-24 13:52:00,2025-07-24 13:53:00,2025-07-24 13:54:00,3370.038,3369.038,TP,0.84,1,0.36193056234359083,ml_scalp1,2025-07
1257942,short,2025-07-24 14:04:00,2025-07-24 14:05:00,2025-07-24 14:06:00,3367.103,3366.103,TP,0.84,1,0.36214468706289266,ml_scalp1,2025-07
1257954,short,2025-07-24 14:16:00,2025-07-24 14:17:00,2025-07-24 14:18:00,3371.459,3371.939,SL,-0.64,1,0.36097562142848305,ml_scalp1,2025-07
1258069,long,2025-07-24 16:11:00,2025-07-24 16:12:00,2025-07-24 16:13:00,3370.977,3370.497,SL,-0.64,1,0.39556863202413767,ml_scalp1,2025-07
1258081,long,2025-07-24 16:23:00,2025-07-24 16:24:00,2025-07-24 16:25:00,3371.877,3371.397,SL,-0.64,1,0.40125944737306607,ml_scalp1,2025-07
1258095,long,2025-07-24 16:37:00,2025-07-24 16:38:00,2025-07-24 16:40:00,3370.223,3371.223,TP,0.84,2,0.3981702871421287,ml_scalp1,2025-07
1258108,long,2025-07-24 16:50:00,2025-07-24 16:51:00,2025-07-24 16:53:00,3367.958,3367.478,SL,-0.64,2,0.4124441660190313,ml_scalp1,2025-07
1258121,long,2025-07-24 17:03:00,2025-07-24 17:04:00,2025-07-24 17:05:00,3367.181,3366.701,SL,-0.64,1,0.41260295639567723,ml_scalp1,2025-07
1258137,long,2025-07-24 17:19:00,2025-07-24 17:20:00,2025-07-24 17:24:00,3368.105,3369.105,TP,0.84,4,0.4075524747996939,ml_scalp1,2025-07
1258349,long,2025-07-24 20:51:00,2025-07-24 20:52:00,2025-07-24 20:56:00,3367.614,3368.614,TP,0.84,4,0.3961505068838792,ml_scalp1,2025-07
1258469,long,2025-07-24 23:55:00,2025-07-24 23:56:00,2025-07-25 00:00:00,3369.313,3370.313,TP,0.84,4,0.3989621759272901,ml_scalp1,2025-07
1258484,long,2025-07-25 00:10:00,2025-07-25 00:11:00,2025-07-25 00:13:00,3369.379,3370.379,TP,0.84,2,0.3966965413282121,ml_scalp1,2025-07
1258500,long,2025-07-25 00:26:00,2025-07-25 00:27:00,2025-07-25 00:33:00,3371.91,3371.43,SL,-0.64,6,0.40151558323719044,ml_scalp1,2025-07
1258517,long,2025-07-25 00:43:00,2025-07-25 00:44:00,2025-07-25 00:46:00,3371.734,3372.734,TP,0.84,2,0.4302479382395703,ml_scalp1,2025-07
1258530,long,2025-07-25 00:56:00,2025-07-25 00:57:00,2025-07-25 01:00:00,3371.658,3372.658,TP,0.84,3,0.4137601375377038,ml_scalp1,2025-07
1258544,long,2025-07-25 01:10:00,2025-07-25 01:11:00,2025-07-25 01:12:00,3370.539,3370.059,SL,-0.64,1,0.39625524377943344,ml_scalp1,2025-07
1258801,long,2025-07-25 05:27:00,2025-07-25 05:28:00,2025-07-25 05:29:00,3359.253,3358.773,SL,-0.64,1,0.3998623239683903,ml_scalp1,2025-07
1258982,long,2025-07-25 08:28:00,2025-07-25 08:29:00,2025-07-25 08:30:00,3347.751,3347.271,SL,-0.64,1,0.3980037011887687,ml_scalp1,2025-07
1259130,long,2025-07-25 10:56:00,2025-07-25 10:57:00,2025-07-25 10:58:00,3341.318,3342.318,TP,0.84,1,0.4009120783633342,ml_scalp1,2025-07
1259165,long,2025-07-25 11:31:00,2025-07-25 11:32:00,2025-07-25 11:33:00,3338.879,3339.879,TP,0.84,1,0.3957974813710764,ml_scalp1,2025-07
1259229,long,2025-07-25 12:35:00,2025-07-25 12:36:00,2025-07-25 12:41:00,3338.4,3337.92,SL,-0.64,5,0.39929720055109164,ml_scalp1,2025-07
1259257,short,2025-07-25 13:03:00,2025-07-25 13:04:00,2025-07-25 13:05:00,3338.656,3339.136,SL,-0.64,1,0.3610833378958611,ml_scalp1,2025-07
1259269,short,2025-07-25 13:15:00,2025-07-25 13:16:00,2025-07-25 13:17:00,3339.684,3338.684,TP,0.84,1,0.3616326483948959,ml_scalp1,2025-07
1259281,short,2025-07-25 13:27:00,2025-07-25 13:28:00,2025-07-25 13:29:00,3342.92,3341.92,TP,0.84,1,0.361463515248292,ml_scalp1,2025-07
1259293,short,2025-07-25 13:39:00,2025-07-25 13:40:00,2025-07-25 13:41:00,3344.009,3343.009,TP,0.84,1,0.3612821532154017,ml_scalp1,2025-07
1259305,short,2025-07-25 13:51:00,2025-07-25 13:52:00,2025-07-25 13:53:00,3342.574,3343.054,SL,-0.64,1,0.361463515248292,ml_scalp1,2025-07
1259317,short,2025-07-25 14:03:00,2025-07-25 14:04:00,2025-07-25 14:05:00,3344.485,3343.485,TP,0.84,1,0.3612821532154017,ml_scalp1,2025-07
1259329,short,2025-07-25 14:15:00,2025-07-25 14:16:00,2025-07-25 14:17:00,3338.479,3337.479,TP,0.84,1,0.3622869832181864,ml_scalp1,2025-07
1259341,short,2025-07-25 14:27:00,2025-07-25 14:28:00,2025-07-25 14:29:00,3337.943,3338.4230000000002,SL,-0.64,1,0.36242445636430715,ml_scalp1,2025-07
1259353,long,2025-07-25 14:39:00,2025-07-25 14:40:00,2025-07-25 14:41:00,3332.989,3333.989,TP,0.84,1,0.39896141973344723,ml_scalp1,2025-07
1259365,long,2025-07-25 14:51:00,2025-07-25 14:52:00,2025-07-25 14:53:00,3332.537,3333.537,TP,0.84,1,0.4007926245799719,ml_scalp1,2025-07
1259377,short,2025-07-25 15:03:00,2025-07-25 15:04:00,2025-07-25 15:05:00,3330.77,3331.25,SL,-0.64,1,0.362865938034051,ml_scalp1,2025-07
1259389,short,2025-07-25 15:15:00,2025-07-25 15:16:00,2025-07-25 15:17:00,3333.082,3333.562,SL,-0.64,1,0.36258898505210213,ml_scalp1,2025-07
1259401,short,2025-07-25 15:27:00,2025-07-25 15:28:00,2025-07-25 15:29:00,3331.798,3330.798,TP,0.84,1,0.36290431349117885,ml_scalp1,2025-07
1259413,short,2025-07-25 15:39:00,2025-07-25 15:40:00,2025-07-25 15:41:00,3330.178,3329.178,TP,0.84,1,0.36279416907468764,ml_scalp1,2025-07
1259425,short,2025-07-25 15:51:00,2025-07-25 15:52:00,2025-07-25 15:53:00,3328.989,3327.989,TP,0.84,1,0.3628827564779851,ml_scalp1,2025-07
1259437,short,2025-07-25 16:03:00,2025-07-25 16:04:00,2025-07-25 16:05:00,3329.163,3328.163,TP,0.84,1,0.36260426227586384,ml_scalp1,2025-07
1259660,long,2025-07-25 19:46:00,2025-07-25 19:47:00,2025-07-25 19:48:00,3338.295,3337.815,SL,-0.64,1,0.4006988980759617,ml_scalp1,2025-07
1259699,long,2025-07-25 20:25:00,2025-07-25 20:26:00,2025-07-25 20:32:00,3336.874,3337.874,TP,0.84,6,0.3998271222026938,ml_scalp1,2025-07
1259717,long,2025-07-25 20:43:00,2025-07-25 20:44:00,2025-07-25 20:47:00,3338.193,3337.713,SL,-0.64,3,0.3956807182007892,ml_scalp1,2025-07
1259732,long,2025-07-27 22:05:00,2025-07-27 22:06:00,2025-07-27 22:07:00,3330.809,3331.809,TP,0.84,1,0.4072191512425168,ml_scalp1,2025-07
1259768,long,2025-07-27 22:41:00,2025-07-27 22:42:00,2025-07-27 22:44:00,3328.887,3328.407,SL,-0.64,2,0.3998525287956035,ml_scalp1,2025-07
1259781,long,2025-07-27 22:54:00,2025-07-27 22:55:00,2025-07-27 22:56:00,3324.932,3325.932,TP,0.84,1,0.4318662246291359,ml_scalp1,2025-07
1259818,long,2025-07-27 23:31:00,2025-07-27 23:32:00,2025-07-27 23:34:00,3332.008,3331.528,SL,-0.64,2,0.3988325955852525,ml_scalp1,2025-07
1259922,long,2025-07-28 01:15:00,2025-07-28 01:16:00,2025-07-28 01:17:00,3334.247,3335.247,TP,0.84,1,0.39807697862684277,ml_scalp1,2025-07
1260659,long,2025-07-28 13:32:00,2025-07-28 13:33:00,2025-07-28 13:34:00,3324.531,3324.051,SL,-0.64,1,0.4027049136369385,ml_scalp1,2025-07
1260671,long,2025-07-28 13:44:00,2025-07-28 13:45:00,2025-07-28 13:46:00,3321.879,3321.399,SL,-0.64,1,0.4014837656991743,ml_scalp1,2025-07
1260683,short,2025-07-28 13:56:00,2025-07-28 13:57:00,2025-07-28 13:58:00,3306.708,3307.188,SL,-0.64,1,0.36107801363708253,ml_scalp1,2025-07
1260695,short,2025-07-28 14:08:00,2025-07-28 14:09:00,2025-07-28 14:10:00,3305.535,3304.535,TP,0.84,1,0.3611162152473298,ml_scalp1,2025-07
1260707,short,2025-07-28 14:20:00,2025-07-28 14:21:00,2025-07-28 14:22:00,3308.786,3309.266,SL,-0.64,1,0.3610461301191814,ml_scalp1,2025-07
1260719,short,2025-07-28 14:32:00,2025-07-28 14:33:00,2025-07-28 14:34:00,3312.088,3312.568,SL,-0.64,1,0.3608649220649567,ml_scalp1,2025-07
1260732,short,2025-07-28 14:45:00,2025-07-28 14:46:00,2025-07-28 14:47:00,3313.702,3314.1820000000002,SL,-0.64,1,0.3608649220649567,ml_scalp1,2025-07
1260744,short,2025-07-28 14:57:00,2025-07-28 14:58:00,2025-07-28 14:59:00,3307.027,3307.507,SL,-0.64,1,0.36101738081218476,ml_scalp1,2025-07
1260845,long,2025-07-28 16:38:00,2025-07-28 16:39:00,2025-07-28 16:47:00,3313.533,3313.053,SL,-0.64,8,0.3968777291041725,ml_scalp1,2025-07
1261189,long,2025-07-28 23:26:00,2025-07-28 23:27:00,2025-07-28 23:29:00,3312.022,3311.542,SL,-0.64,2,0.3957554066265842,ml_scalp1,2025-07
1261232,long,2025-07-29 00:09:00,2025-07-29 00:10:00,2025-07-29 00:11:00,3310.392,3311.392,TP,0.84,1,0.39819025632212307,ml_scalp1,2025-07
1261248,long,2025-07-29 00:25:00,2025-07-29 00:26:00,2025-07-29 00:27:00,3308.979,3308.499,SL,-0.64,1,0.39564227419496345,ml_scalp1,2025-07
1262034,long,2025-07-29 13:31:00,2025-07-29 13:32:00,2025-07-29 13:33:00,3316.369,3315.889,SL,-0.64,1,0.40016543684191086,ml_scalp1,2025-07
1262067,long,2025-07-29 14:04:00,2025-07-29 14:05:00,2025-07-29 14:06:00,3313.193,3314.193,TP,0.84,1,0.3966005975376501,ml_scalp1,2025-07
1262138,long,2025-07-29 15:15:00,2025-07-29 15:16:00,2025-07-29 15:17:00,3327.695,3328.695,TP,0.84,1,0.39898486993211724,ml_scalp1,2025-07
1263350,long,2025-07-30 12:31:00,2025-07-30 12:32:00,2025-07-30 12:33:00,3323.622,3323.142,SL,-0.64,1,0.40129409685016,ml_scalp1,2025-07
1263366,long,2025-07-30 12:47:00,2025-07-30 12:48:00,2025-07-30 12:49:00,3322.745,3322.265,SL,-0.64,1,0.39661241557440935,ml_scalp1,2025-07
1263378,short,2025-07-30 12:59:00,2025-07-30 13:00:00,2025-07-30 13:01:00,3313.446,3313.926,SL,-0.64,1,0.36095981626351015,ml_scalp1,2025-07
1263390,short,2025-07-30 13:11:00,2025-07-30 13:12:00,2025-07-30 13:13:00,3313.109,3312.109,TP,0.84,1,0.3609852042381135,ml_scalp1,2025-07
1263402,short,2025-07-30 13:23:00,2025-07-30 13:24:00,2025-07-30 13:25:00,3310.04,3309.04,TP,0.84,1,0.36107801363708253,ml_scalp1,2025-07
1263414,short,2025-07-30 13:35:00,2025-07-30 13:36:00,2025-07-30 13:37:00,3305.897,3304.897,TP,0.84,1,0.3611162152473298,ml_scalp1,2025-07
1263426,short,2025-07-30 13:47:00,2025-07-30 13:48:00,2025-07-30 13:49:00,3305.62,3306.1,SL,-0.64,1,0.3611162152473298,ml_scalp1,2025-07
1263438,short,2025-07-30 13:59:00,2025-07-30 14:00:00,2025-07-30 14:01:00,3303.127,3303.607,SL,-0.64,1,0.3611162152473298,ml_scalp1,2025-07
1263450,short,2025-07-30 14:11:00,2025-07-30 14:12:00,2025-07-30 14:13:00,3306.815,3307.295,SL,-0.64,1,0.3608649220649567,ml_scalp1,2025-07
1263462,short,2025-07-30 14:23:00,2025-07-30 14:24:00,2025-07-30 14:25:00,3304.916,3303.916,TP,0.84,1,0.360922957120753,ml_scalp1,2025-07
1263519,long,2025-07-30 15:20:00,2025-07-30 15:21:00,2025-07-30 15:22:00,3294.109,3293.629,SL,-0.64,1,0.41168326783265397,ml_scalp1,2025-07
1263531,short,2025-07-30 15:32:00,2025-07-30 15:33:00,2025-07-30 15:35:00,3290.751,3291.231,SL,-0.64,2,0.3620331085308559,ml_scalp1,2025-07
1263544,short,2025-07-30 15:45:00,2025-07-30 15:46:00,2025-07-30 15:48:00,3293.304,3292.304,TP,0.84,2,0.36108568112167566,ml_scalp1,2025-07
1263719,long,2025-07-30 18:40:00,2025-07-30 18:41:00,2025-07-30 18:42:00,3288.859,3289.859,TP,0.84,1,0.4117387247437049,ml_scalp1,2025-07
1263731,long,2025-07-30 18:52:00,2025-07-30 18:53:00,2025-07-30 18:54:00,3282.057,3281.5769999999998,SL,-0.64,1,0.40450048496937097,ml_scalp1,2025-07
1263746,long,2025-07-30 19:07:00,2025-07-30 19:08:00,2025-07-30 19:09:00,3275.73,3276.73,TP,0.84,1,0.41791999447569955,ml_scalp1,2025-07
1263759,long,2025-07-30 19:20:00,2025-07-30 19:21:00,2025-07-30 19:22:00,3272.709,3273.709,TP,0.84,1,0.40891708162685736,ml_scalp1,2025-07
1263776,long,2025-07-30 19:37:00,2025-07-30 19:38:00,2025-07-30 19:39:00,3269.085,3270.085,TP,0.84,1,0.40581948068812135,ml_scalp1,2025-07
1263826,long,2025-07-30 20:27:00,2025-07-30 20:28:00,2025-07-30 20:29:00,3269.914,3269.434,SL,-0.64,1,0.39618390700825185,ml_scalp1,2025-07
1263944,long,2025-07-30 23:29:00,2025-07-30 23:30:00,2025-07-30 23:31:00,3279.65,3280.65,TP,0.84,1,0.39599542960756334,ml_scalp1,2025-07
1264286,long,2025-07-31 05:11:00,2025-07-31 05:12:00,2025-07-31 05:13:00,3296.683,3296.203,SL,-0.64,1,0.39846964374772187,ml_scalp1,2025-07
1264309,long,2025-07-31 05:34:00,2025-07-31 05:35:00,2025-07-31 05:36:00,3295.881,3296.881,TP,0.84,1,0.39791792542291393,ml_scalp1,2025-07
1264325,long,2025-07-31 05:50:00,2025-07-31 05:51:00,2025-07-31 05:52:00,3296.993,3297.993,TP,0.84,1,0.3960743992205108,ml_scalp1,2025-07
1264574,long,2025-07-31 09:59:00,2025-07-31 10:00:00,2025-07-31 10:01:00,3306.703,3307.703,TP,0.84,1,0.398579214021769,ml_scalp1,2025-07
1265462,long,2025-08-01 01:51:00,2025-08-01 01:52:00,2025-08-01 01:53:00,3283.858,3283.378,SL,-0.64,1,0.39057243365153915,ml_scalp1,2025-08
1266101,short,2025-08-01 12:30:00,2025-08-01 12:31:00,2025-08-01 12:32:00,3312.472,3312.952,SL,-0.64,1,0.39736759662628174,ml_scalp1,2025-08
1266113,short,2025-08-01 12:42:00,2025-08-01 12:43:00,2025-08-01 12:44:00,3337.228,3337.708,SL,-0.64,1,0.4106684625148773,ml_scalp1,2025-08
1266125,short,2025-08-01 12:54:00,2025-08-01 12:55:00,2025-08-01 12:56:00,3339.796,3338.796,TP,0.84,1,0.40404728055000305,ml_scalp1,2025-08
1266137,short,2025-08-01 13:06:00,2025-08-01 13:07:00,2025-08-01 13:08:00,3344.373,3343.373,TP,0.84,1,0.40191933512687683,ml_scalp1,2025-08
1266149,short,2025-08-01 13:18:00,2025-08-01 13:19:00,2025-08-01 13:20:00,3352.274,3352.754,SL,-0.64,1,0.4008699953556061,ml_scalp1,2025-08
1266161,short,2025-08-01 13:30:00,2025-08-01 13:31:00,2025-08-01 13:32:00,3352.029,3351.029,TP,0.84,1,0.4000326693058014,ml_scalp1,2025-08
1266173,long,2025-08-01 13:42:00,2025-08-01 13:43:00,2025-08-01 13:44:00,3344.978,3345.978,TP,0.84,1,0.3945426901462587,ml_scalp1,2025-08
1266185,long,2025-08-01 13:54:00,2025-08-01 13:55:00,2025-08-01 13:56:00,3341.791,3341.311,SL,-0.64,1,0.39318629868985233,ml_scalp1,2025-08
1266197,short,2025-08-01 14:06:00,2025-08-01 14:07:00,2025-08-01 14:08:00,3348.597,3349.077,SL,-0.64,1,0.3965548574924469,ml_scalp1,2025-08
1266209,short,2025-08-01 14:18:00,2025-08-01 14:19:00,2025-08-01 14:20:00,3352.932,3351.932,TP,0.84,1,0.39825788140296936,ml_scalp1,2025-08
1266221,long,2025-08-01 14:30:00,2025-08-01 14:31:00,2025-08-01 14:32:00,3344.585,3344.105,SL,-0.64,1,0.3952258947868364,ml_scalp1,2025-08
1266233,long,2025-08-01 14:42:00,2025-08-01 14:43:00,2025-08-01 14:44:00,3343.958,3344.958,TP,0.84,1,0.39151785437514197,ml_scalp1,2025-08
1266245,long,2025-08-01 14:54:00,2025-08-01 14:55:00,2025-08-01 14:56:00,3344.169,3343.689,SL,-0.64,1,0.3934885480936258,ml_scalp1,2025-08
1266257,long,2025-08-01 15:06:00,2025-08-01 15:07:00,2025-08-01 15:08:00,3344.89,3345.89,TP,0.84,1,0.3885722020327638,ml_scalp1,2025-08
1266269,short,2025-08-01 15:18:00,2025-08-01 15:19:00,2025-08-01 15:20:00,3349.424,3349.904,SL,-0.64,1,0.40043362975120544,ml_scalp1,2025-08
1266331,long,2025-08-01 16:20:00,2025-08-01 16:21:00,2025-08-01 16:22:00,3342.078,3343.078,TP,0.84,1,0.3920221021154288,ml_scalp1,2025-08
1266374,short,2025-08-01 17:03:00,2025-08-01 17:04:00,2025-08-01 17:05:00,3347.333,3347.813,SL,-0.64,1,0.39245089888572693,ml_scalp1,2025-08
1267522,short,2025-08-04 13:18:00,2025-08-04 13:19:00,2025-08-04 13:20:00,3375.638,3374.638,TP,0.84,1,0.3926087021827698,ml_scalp1,2025-08
1267535,short,2025-08-04 13:31:00,2025-08-04 13:32:00,2025-08-04 13:33:00,3377.852,3376.852,TP,0.84,1,0.4056352376937866,ml_scalp1,2025-08
1267550,short,2025-08-04 13:46:00,2025-08-04 13:47:00,2025-08-04 13:48:00,3379.144,3379.624,SL,-0.64,1,0.40027916431427,ml_scalp1,2025-08
1267568,long,2025-08-04 14:04:00,2025-08-04 14:05:00,2025-08-04 14:06:00,3380.499,3380.019,SL,-0.64,1,0.3888419427121853,ml_scalp1,2025-08
1267632,long,2025-08-04 15:08:00,2025-08-04 15:09:00,2025-08-04 15:10:00,3371.906,3372.906,TP,0.84,1,0.39033375728474917,ml_scalp1,2025-08
1267710,long,2025-08-04 16:26:00,2025-08-04 16:27:00,2025-08-04 16:29:00,3373.219,3374.219,TP,0.84,2,0.387612387790863,ml_scalp1,2025-08
1268640,long,2025-08-05 09:00:00,2025-08-05 09:01:00,2025-08-05 09:02:00,3364.749,3365.749,TP,0.84,1,0.38933713300550477,ml_scalp1,2025-08
1268694,long,2025-08-05 09:54:00,2025-08-05 09:55:00,2025-08-05 09:56:00,3360.942,3360.462,SL,-0.64,1,0.39654595998776787,ml_scalp1,2025-08
1268709,long,2025-08-05 10:09:00,2025-08-05 10:10:00,2025-08-05 10:11:00,3356.803,3356.323,SL,-0.64,1,0.3979073680929547,ml_scalp1,2025-08
1268756,long,2025-08-05 10:56:00,2025-08-05 10:57:00,2025-08-05 10:58:00,3354.082,3353.602,SL,-0.64,1,0.39509449886028514,ml_scalp1,2025-08
1268820,long,2025-08-05 12:00:00,2025-08-05 12:01:00,2025-08-05 12:02:00,3350.157,3351.157,TP,0.84,1,0.38729423036283583,ml_scalp1,2025-08
1268845,short,2025-08-05 12:25:00,2025-08-05 12:26:00,2025-08-05 12:27:00,3359.434,3359.914,SL,-0.64,1,0.3932335674762726,ml_scalp1,2025-08
1268860,short,2025-08-05 12:40:00,2025-08-05 12:41:00,2025-08-05 12:43:00,3363.467,3363.947,SL,-0.64,2,0.3933083415031433,ml_scalp1,2025-08
1268886,short,2025-08-05 13:06:00,2025-08-05 13:07:00,2025-08-05 13:08:00,3368.729,3367.729,TP,0.84,1,0.39483144879341125,ml_scalp1,2025-08
1268911,short,2025-08-05 13:31:00,2025-08-05 13:32:00,2025-08-05 13:33:00,3373.068,3373.5480000000002,SL,-0.64,1,0.39327096939086914,ml_scalp1,2025-08
1268927,long,2025-08-05 13:47:00,2025-08-05 13:48:00,2025-08-05 13:49:00,3375.677,3376.677,TP,0.84,1,0.3869474115421452,ml_scalp1,2025-08
1268940,long,2025-08-05 14:00:00,2025-08-05 14:01:00,2025-08-05 14:02:00,3378.204,3377.724,SL,-0.64,1,0.3878377658363949,ml_scalp1,2025-08
1268952,long,2025-08-05 14:12:00,2025-08-05 14:13:00,2025-08-05 14:14:00,3372.953,3372.473,SL,-0.64,1,0.3886229493616772,ml_scalp1,2025-08
1268964,short,2025-08-05 14:24:00,2025-08-05 14:25:00,2025-08-05 14:26:00,3382.192,3381.192,TP,0.84,1,0.39793917536735535,ml_scalp1,2025-08
1268977,long,2025-08-05 14:37:00,2025-08-05 14:38:00,2025-08-05 14:40:00,3382.336,3383.336,TP,0.84,2,0.3874050962254303,ml_scalp1,2025-08
1268990,long,2025-08-05 14:50:00,2025-08-05 14:51:00,2025-08-05 14:52:00,3384.171,3383.691,SL,-0.64,1,0.38690799125439007,ml_scalp1,2025-08
1269002,short,2025-08-05 15:02:00,2025-08-05 15:03:00,2025-08-05 15:04:00,3386.137,3385.137,TP,0.84,1,0.3930577337741852,ml_scalp1,2025-08
1269033,long,2025-08-05 15:33:00,2025-08-05 15:34:00,2025-08-05 15:35:00,3383.264,3382.784,SL,-0.64,1,0.3902183030889204,ml_scalp1,2025-08
1269078,long,2025-08-05 16:18:00,2025-08-05 16:19:00,2025-08-05 16:20:00,3382.059,3383.059,TP,0.84,1,0.3880306622918695,ml_scalp1,2025-08
1269090,long,2025-08-05 16:30:00,2025-08-05 16:31:00,2025-08-05 16:32:00,3379.714,3379.234,SL,-0.64,1,0.38922019948743186,ml_scalp1,2025-08
1269106,long,2025-08-05 16:46:00,2025-08-05 16:47:00,2025-08-05 16:49:00,3379.544,3379.064,SL,-0.64,2,0.3867671881674615,ml_scalp1,2025-08
1269592,long,2025-08-06 01:56:00,2025-08-06 01:57:00,2025-08-06 01:58:00,3373.348,3374.348,TP,0.84,1,0.3868013338037033,ml_scalp1,2025-08
1269929,short,2025-08-06 07:33:00,2025-08-06 07:34:00,2025-08-06 07:36:00,3371.511,3371.991,SL,-0.64,2,0.39260736107826233,ml_scalp1,2025-08
1269974,long,2025-08-06 08:18:00,2025-08-06 08:19:00,2025-08-06 08:21:00,3366.923,3366.4429999999998,SL,-0.64,2,0.3953896752294137,ml_scalp1,2025-08
1270066,long,2025-08-06 09:50:00,2025-08-06 09:51:00,2025-08-06 09:52:00,3358.836,3359.836,TP,0.84,1,0.3962087889125412,ml_scalp1,2025-08
1270227,long,2025-08-06 12:31:00,2025-08-06 12:32:00,2025-08-06 12:33:00,3362.054,3363.054,TP,0.84,1,0.3869626277182878,ml_scalp1,2025-08
1270249,short,2025-08-06 12:53:00,2025-08-06 12:54:00,2025-08-06 12:55:00,3368.191,3368.671,SL,-0.64,1,0.3979256749153137,ml_scalp1,2025-08
1270271,long,2025-08-06 13:15:00,2025-08-06 13:16:00,2025-08-06 13:17:00,3369.104,3368.624,SL,-0.64,1,0.38689954314034425,ml_scalp1,2025-08
1270289,long,2025-08-06 13:33:00,2025-08-06 13:34:00,2025-08-06 13:35:00,3368.907,3368.427,SL,-0.64,1,0.38825473662939225,ml_scalp1,2025-08
1270307,short,2025-08-06 13:51:00,2025-08-06 13:52:00,2025-08-06 13:53:00,3371.16,3371.64,SL,-0.64,1,0.3924715220928192,ml_scalp1,2025-08
1270338,short,2025-08-06 14:22:00,2025-08-06 14:23:00,2025-08-06 14:25:00,3375.614,3376.094,SL,-0.64,2,0.39309507608413696,ml_scalp1,2025-08
1270412,long,2025-08-06 15:36:00,2025-08-06 15:37:00,2025-08-06 15:38:00,3372.99,3372.5099999999998,SL,-0.64,1,0.38868198962087813,ml_scalp1,2025-08
1270854,long,2025-08-07 00:02:00,2025-08-07 00:03:00,2025-08-07 00:04:00,3366.09,3365.61,SL,-0.64,1,0.38881023714337465,ml_scalp1,2025-08
1271334,long,2025-08-07 08:02:00,2025-08-07 08:03:00,2025-08-07 08:04:00,3392.481,3392.001,SL,-0.64,1,0.3920750662103216,ml_scalp1,2025-08
1271347,long,2025-08-07 08:15:00,2025-08-07 08:16:00,2025-08-07 08:17:00,3380.136,3381.136,TP,0.84,1,0.38854592131565974,ml_scalp1,2025-08
1271362,long,2025-08-07 08:30:00,2025-08-07 08:31:00,2025-08-07 08:32:00,3372.664,3373.664,TP,0.84,1,0.3901475045265343,ml_scalp1,2025-08
1271378,short,2025-08-07 08:46:00,2025-08-07 08:47:00,2025-08-07 08:48:00,3380.196,3380.676,SL,-0.64,1,0.3922349512577057,ml_scalp1,2025-08
1271391,short,2025-08-07 08:59:00,2025-08-07 09:00:00,2025-08-07 09:01:00,3378.153,3377.153,TP,0.84,1,0.39209118485450745,ml_scalp1,2025-08
1271452,long,2025-08-07 10:00:00,2025-08-07 10:01:00,2025-08-07 10:02:00,3375.874,3375.394,SL,-0.64,1,0.3868618459066405,ml_scalp1,2025-08
1271504,long,2025-08-07 10:52:00,2025-08-07 10:53:00,2025-08-07 10:55:00,3373.137,3372.657,SL,-0.64,2,0.3970458063017789,ml_scalp1,2025-08
1271550,long,2025-08-07 11:38:00,2025-08-07 11:39:00,2025-08-07 11:40:00,3378.707,3378.227,SL,-0.64,1,0.38931383333552,ml_scalp1,2025-08
1271676,long,2025-08-07 13:44:00,2025-08-07 13:45:00,2025-08-07 13:46:00,3390.461,3391.461,TP,0.84,1,0.38687653197943417,ml_scalp1,2025-08
1271691,long,2025-08-07 13:59:00,2025-08-07 14:00:00,2025-08-07 14:01:00,3384.883,3384.403,SL,-0.64,1,0.390171632215683,ml_scalp1,2025-08
1271754,long,2025-08-07 15:02:00,2025-08-07 15:03:00,2025-08-07 15:04:00,3388.304,3387.824,SL,-0.64,1,0.3880035335831518,ml_scalp1,2025-08
1272102,long,2025-08-07 20:50:00,2025-08-07 20:51:00,2025-08-07 20:52:00,3394.956,3394.476,SL,-0.64,1,0.38914066676044584,ml_scalp1,2025-08
1272116,long,2025-08-07 22:08:00,2025-08-07 22:09:00,2025-08-07 22:10:00,3400.349,3399.6290000000004,SL,-0.96,1,0.3988570577514672,ml_scalp1,2025-08
1272130,long,2025-08-07 22:22:00,2025-08-07 22:23:00,2025-08-07 22:24:00,3390.227,3391.227,TP,0.84,1,0.38805879808590127,ml_scalp1,2025-08
1272155,long,2025-08-07 22:47:00,2025-08-07 22:48:00,2025-08-07 22:49:00,3397.097,3396.617,SL,-0.64,1,0.3898727055638643,ml_scalp1,2025-08
1272174,long,2025-08-07 23:06:00,2025-08-07 23:07:00,2025-08-07 23:08:00,3397.917,3398.917,TP,0.84,1,0.39262167108533497,ml_scalp1,2025-08
1272187,long,2025-08-07 23:19:00,2025-08-07 23:20:00,2025-08-07 23:22:00,3399.61,3399.13,SL,-0.64,2,0.3868802331533592,ml_scalp1,2025-08
1272200,long,2025-08-07 23:32:00,2025-08-07 23:33:00,2025-08-07 23:34:00,3398.345,3399.345,TP,0.84,1,0.38869137332441006,ml_scalp1,2025-08
1272219,long,2025-08-07 23:51:00,2025-08-07 23:52:00,2025-08-07 23:53:00,3400.151,3399.671,SL,-0.64,1,0.3889916875949688,ml_scalp1,2025-08
1272243,long,2025-08-08 00:15:00,2025-08-08 00:16:00,2025-08-08 00:17:00,3397.894,3397.4139999999998,SL,-0.64,1,0.38941460850695137,ml_scalp1,2025-08
1272285,long,2025-08-08 00:57:00,2025-08-08 00:58:00,2025-08-08 00:59:00,3388.718,3388.238,SL,-0.64,1,0.3930829466005236,ml_scalp1,2025-08
1272297,long,2025-08-08 01:09:00,2025-08-08 01:10:00,2025-08-08 01:11:00,3384.768,3384.288,SL,-0.64,1,0.395446779277937,ml_scalp1,2025-08
1272310,long,2025-08-08 01:22:00,2025-08-08 01:23:00,2025-08-08 01:24:00,3382.775,3382.295,SL,-0.64,1,0.3870202070815411,ml_scalp1,2025-08
1272331,long,2025-08-08 01:43:00,2025-08-08 01:44:00,2025-08-08 01:45:00,3381.557,3382.557,TP,0.84,1,0.38764681718584365,ml_scalp1,2025-08
1272507,long,2025-08-08 04:39:00,2025-08-08 04:40:00,2025-08-08 04:41:00,3397.546,3397.066,SL,-0.64,1,0.38913973913014754,ml_scalp1,2025-08
1272978,short,2025-08-08 12:30:00,2025-08-08 12:31:00,2025-08-08 12:32:00,3397.862,3398.342,SL,-0.64,1,0.39243435859680176,ml_scalp1,2025-08
1272990,short,2025-08-08 12:42:00,2025-08-08 12:43:00,2025-08-08 12:44:00,3400.097,3400.577,SL,-0.64,1,0.39254385232925415,ml_scalp1,2025-08
1273002,short,2025-08-08 12:54:00,2025-08-08 12:55:00,2025-08-08 12:56:00,3396.277,3395.277,TP,0.84,1,0.3922887146472931,ml_scalp1,2025-08
1273032,long,2025-08-08 13:24:00,2025-08-08 13:25:00,2025-08-08 13:26:00,3387.663,3388.663,TP,0.84,1,0.3869524134819179,ml_scalp1,2025-08
1273051,short,2025-08-08 13:43:00,2025-08-08 13:44:00,2025-08-08 13:45:00,3397.497,3396.497,TP,0.84,1,0.3944019675254822,ml_scalp1,2025-08
1273076,long,2025-08-08 14:08:00,2025-08-08 14:09:00,2025-08-08 14:10:00,3388.138,3387.658,SL,-0.64,1,0.3883842867950301,ml_scalp1,2025-08
1273307,long,2025-08-08 17:59:00,2025-08-08 18:00:00,2025-08-08 18:01:00,3381.732,3382.732,TP,0.84,1,0.4008209961109514,ml_scalp1,2025-08
1273319,short,2025-08-08 18:11:00,2025-08-08 18:12:00,2025-08-08 18:13:00,3402.869,3403.349,SL,-0.64,1,0.3946560323238373,ml_scalp1,2025-08
1273667,long,2025-08-11 01:06:00,2025-08-11 01:07:00,2025-08-11 01:08:00,3378.537,3378.057,SL,-0.64,1,0.3867444137707435,ml_scalp1,2025-08
1273912,long,2025-08-11 05:11:00,2025-08-11 05:12:00,2025-08-11 05:13:00,3375.94,3376.94,TP,0.84,1,0.3878424254548245,ml_scalp1,2025-08
1273992,long,2025-08-11 06:31:00,2025-08-11 06:32:00,2025-08-11 06:33:00,3364.771,3365.771,TP,0.84,1,0.3875987090352996,ml_scalp1,2025-08
1274026,long,2025-08-11 07:05:00,2025-08-11 07:06:00,2025-08-11 07:07:00,3361.347,3360.867,SL,-0.64,1,0.3884164505386476,ml_scalp1,2025-08
1274349,long,2025-08-11 12:28:00,2025-08-11 12:29:00,2025-08-11 12:30:00,3348.341,3347.861,SL,-0.64,1,0.4003347847665752,ml_scalp1,2025-08
1274480,long,2025-08-11 14:39:00,2025-08-11 14:40:00,2025-08-11 14:41:00,3344.415,3343.935,SL,-0.64,1,0.3951161176439613,ml_scalp1,2025-08
1274835,long,2025-08-11 20:34:00,2025-08-11 20:35:00,2025-08-11 20:36:00,3349.393,3348.913,SL,-0.64,1,0.3870694825738703,ml_scalp1,2025-08
1275289,long,2025-08-12 05:12:00,2025-08-12 05:13:00,2025-08-12 05:14:00,3354.511,3354.031,SL,-0.64,1,0.38751254212234904,ml_scalp1,2025-08
1275301,long,2025-08-12 05:24:00,2025-08-12 05:25:00,2025-08-12 05:26:00,3354.479,3353.999,SL,-0.64,1,0.3868290344608721,ml_scalp1,2025-08
1275319,long,2025-08-12 05:42:00,2025-08-12 05:43:00,2025-08-12 05:44:00,3353.822,3353.342,SL,-0.64,1,0.38942585651506023,ml_scalp1,2025-08
1275352,long,2025-08-12 06:15:00,2025-08-12 06:16:00,2025-08-12 06:17:00,3345.752,3345.272,SL,-0.64,1,0.3910409522040222,ml_scalp1,2025-08
1275672,long,2025-08-12 11:35:00,2025-08-12 11:36:00,2025-08-12 11:37:00,3337.78,3338.78,TP,0.84,1,0.39605020600969787,ml_scalp1,2025-08
1275727,short,2025-08-12 12:30:00,2025-08-12 12:31:00,2025-08-12 12:32:00,3349.401,3349.881,SL,-0.64,1,0.39288556575775146,ml_scalp1,2025-08
1275739,short,2025-08-12 12:42:00,2025-08-12 12:43:00,2025-08-12 12:44:00,3352.47,3352.95,SL,-0.64,1,0.3931817412376404,ml_scalp1,2025-08
1275752,short,2025-08-12 12:55:00,2025-08-12 12:56:00,2025-08-12 12:57:00,3352.094,3351.094,TP,0.84,1,0.3927696943283081,ml_scalp1,2025-08
1275769,long,2025-08-12 13:12:00,2025-08-12 13:13:00,2025-08-12 13:14:00,3343.051,3344.051,TP,0.84,1,0.3870174402888449,ml_scalp1,2025-08
1275783,short,2025-08-12 13:26:00,2025-08-12 13:27:00,2025-08-12 13:28:00,3346.531,3347.011,SL,-0.64,1,0.39371609687805176,ml_scalp1,2025-08
1275795,short,2025-08-12 13:38:00,2025-08-12 13:39:00,2025-08-12 13:40:00,3343.658,3342.658,TP,0.84,1,0.39268067479133606,ml_scalp1,2025-08
1275807,short,2025-08-12 13:50:00,2025-08-12 13:51:00,2025-08-12 13:52:00,3348.845,3347.845,TP,0.84,1,0.39203694462776184,ml_scalp1,2025-08
1275830,long,2025-08-12 14:13:00,2025-08-12 14:14:00,2025-08-12 14:15:00,3337.334,3336.854,SL,-0.64,1,0.38694107435195135,ml_scalp1,2025-08
1275905,short,2025-08-12 15:28:00,2025-08-12 15:29:00,2025-08-12 15:30:00,3357.221,3357.701,SL,-0.64,1,0.3985825479030609,ml_scalp1,2025-08
1275917,short,2025-08-12 15:40:00,2025-08-12 15:41:00,2025-08-12 15:42:00,3353.964,3352.964,TP,0.84,1,0.39390212297439575,ml_scalp1,2025-08
1275930,short,2025-08-12 15:53:00,2025-08-12 15:54:00,2025-08-12 15:55:00,3350.4,3350.88,SL,-0.64,1,0.39772674441337585,ml_scalp1,2025-08
1277136,long,2025-08-13 13:03:00,2025-08-13 13:04:00,2025-08-13 13:06:00,3354.948,3355.948,TP,0.84,2,0.38899124598904944,ml_scalp1,2025-08
1277196,short,2025-08-13 14:03:00,2025-08-13 14:04:00,2025-08-13 14:05:00,3368.321,3367.321,TP,0.84,1,0.39763590693473816,ml_scalp1,2025-08
1277794,long,2025-08-14 01:05:00,2025-08-14 01:06:00,2025-08-14 01:07:00,3367.644,3368.644,TP,0.84,1,0.3874424672288437,ml_scalp1,2025-08
1277811,long,2025-08-14 01:22:00,2025-08-14 01:23:00,2025-08-14 01:24:00,3367.445,3366.965,SL,-0.64,1,0.3870751047944267,ml_scalp1,2025-08
1277926,long,2025-08-14 03:17:00,2025-08-14 03:18:00,2025-08-14 03:22:00,3357.404,3358.404,TP,0.84,4,0.3871668955745254,ml_scalp1,2025-08
1278192,long,2025-08-14 07:43:00,2025-08-14 07:44:00,2025-08-14 07:45:00,3353.315,3352.835,SL,-0.64,1,0.3888139403104118,ml_scalp1,2025-08
1278204,short,2025-08-14 07:55:00,2025-08-14 07:56:00,2025-08-14 07:57:00,3348.557,3347.557,TP,0.84,1,0.3939743638038635,ml_scalp1,2025-08
1278218,short,2025-08-14 08:09:00,2025-08-14 08:10:00,2025-08-14 08:11:00,3344.679,3345.159,SL,-0.64,1,0.39453065395355225,ml_scalp1,2025-08
1278479,long,2025-08-14 12:30:00,2025-08-14 12:31:00,2025-08-14 12:32:00,3344.545,3345.545,TP,0.84,1,0.39805811647359934,ml_scalp1,2025-08
1278529,long,2025-08-14 13:20:00,2025-08-14 13:21:00,2025-08-14 13:22:00,3350.984,3350.504,SL,-0.64,1,0.3876342780761484,ml_scalp1,2025-08
1278570,long,2025-08-14 14:01:00,2025-08-14 14:02:00,2025-08-14 14:03:00,3343.551,3344.551,TP,0.84,1,0.3873510048454263,ml_scalp1,2025-08
1278632,long,2025-08-14 15:03:00,2025-08-14 15:04:00,2025-08-14 15:05:00,3337.478,3336.998,SL,-0.64,1,0.3899268279974903,ml_scalp1,2025-08
1278702,long,2025-08-14 16:13:00,2025-08-14 16:14:00,2025-08-14 16:15:00,3334.279,3333.799,SL,-0.64,1,0.3989027125957448,ml_scalp1,2025-08
1278720,long,2025-08-14 16:31:00,2025-08-14 16:32:00,2025-08-14 16:33:00,3330.716,3331.716,TP,0.84,1,0.38700309413676204,ml_scalp1,2025-08
1279599,long,2025-08-15 08:14:00,2025-08-15 08:15:00,2025-08-15 08:16:00,3341.617,3341.137,SL,-0.64,1,0.38673264638999094,ml_scalp1,2025-08
1279856,long,2025-08-15 12:31:00,2025-08-15 12:32:00,2025-08-15 12:33:00,3335.393,3334.913,SL,-0.64,1,0.3886537846680139,ml_scalp1,2025-08
1279885,short,2025-08-15 13:00:00,2025-08-15 13:01:00,2025-08-15 13:02:00,3345.027,3344.027,TP,0.84,1,0.3920968472957611,ml_scalp1,2025-08
1279903,long,2025-08-15 13:18:00,2025-08-15 13:19:00,2025-08-15 13:20:00,3337.187,3338.187,TP,0.84,1,0.38700028327753366,ml_scalp1,2025-08
1280435,long,2025-08-17 23:17:00,2025-08-17 23:18:00,2025-08-17 23:19:00,3324.716,3324.236,SL,-0.64,1,0.3975944529902946,ml_scalp1,2025-08
1280503,long,2025-08-18 00:25:00,2025-08-18 00:26:00,2025-08-18 00:27:00,3337.911,3338.911,TP,0.84,1,0.38806113366725914,ml_scalp1,2025-08
1280540,short,2025-08-18 01:02:00,2025-08-18 01:03:00,2025-08-18 01:04:00,3343.353,3342.353,TP,0.84,1,0.39311960339546204,ml_scalp1,2025-08
1280855,long,2025-08-18 06:17:00,2025-08-18 06:18:00,2025-08-18 06:19:00,3346.68,3347.68,TP,0.84,1,0.38754280946767333,ml_scalp1,2025-08
1281267,long,2025-08-18 13:09:00,2025-08-18 13:10:00,2025-08-18 13:11:00,3341.571,3342.571,TP,0.84,1,0.39019356807470756,ml_scalp1,2025-08
1281297,long,2025-08-18 13:39:00,2025-08-18 13:40:00,2025-08-18 13:41:00,3338.639,3339.639,TP,0.84,1,0.3899251097172003,ml_scalp1,2025-08
1281318,long,2025-08-18 14:00:00,2025-08-18 14:01:00,2025-08-18 14:02:00,3334.24,3333.7599999999998,SL,-0.64,1,0.39116979824286197,ml_scalp1,2025-08
1282635,long,2025-08-19 13:01:00,2025-08-19 13:02:00,2025-08-19 13:03:00,3334.295,3335.295,TP,0.84,1,0.3870768374806879,ml_scalp1,2025-08
1282727,long,2025-08-19 14:33:00,2025-08-19 14:34:00,2025-08-19 14:36:00,3332.293,3331.813,SL,-0.64,2,0.3894588522560979,ml_scalp1,2025-08
1282740,long,2025-08-19 14:46:00,2025-08-19 14:47:00,2025-08-19 14:48:00,3325.435,3324.955,SL,-0.64,1,0.3974417286249446,ml_scalp1,2025-08
1282756,long,2025-08-19 15:02:00,2025-08-19 15:03:00,2025-08-19 15:04:00,3322.435,3323.435,TP,0.84,1,0.3872100698150114,ml_scalp1,2025-08
1282827,long,2025-08-19 16:13:00,2025-08-19 16:14:00,2025-08-19 16:15:00,3320.929,3321.929,TP,0.84,1,0.3885394940714251,ml_scalp1,2025-08
1282839,long,2025-08-19 16:25:00,2025-08-19 16:26:00,2025-08-19 16:27:00,3319.292,3318.812,SL,-0.64,1,0.399770196224834,ml_scalp1,2025-08
1282866,long,2025-08-19 16:52:00,2025-08-19 16:53:00,2025-08-19 16:56:00,3317.134,3318.134,TP,0.84,3,0.3924456236488912,ml_scalp1,2025-08
1282903,long,2025-08-19 17:29:00,2025-08-19 17:30:00,2025-08-19 17:31:00,3315.566,3316.566,TP,0.84,1,0.38943983370091934,ml_scalp1,2025-08
1283297,long,2025-08-20 01:07:00,2025-08-20 01:08:00,2025-08-20 01:09:00,3312.658,3313.658,TP,0.84,1,0.3894677438844386,ml_scalp1,2025-08
1283982,short,2025-08-20 12:32:00,2025-08-20 12:33:00,2025-08-20 12:34:00,3340.109,3339.109,TP,0.84,1,0.39498791098594666,ml_scalp1,2025-08
1284000,short,2025-08-20 12:50:00,2025-08-20 12:51:00,2025-08-20 12:52:00,3342.087,3342.567,SL,-0.64,1,0.39264243841171265,ml_scalp1,2025-08
1284054,short,2025-08-20 13:44:00,2025-08-20 13:45:00,2025-08-20 13:46:00,3346.655,3345.655,TP,0.84,1,0.40140292048454285,ml_scalp1,2025-08
1284066,long,2025-08-20 13:56:00,2025-08-20 13:57:00,2025-08-20 13:58:00,3343.204,3344.204,TP,0.84,1,0.3893832068990017,ml_scalp1,2025-08
1284078,long,2025-08-20 14:08:00,2025-08-20 14:09:00,2025-08-20 14:10:00,3341.601,3341.121,SL,-0.64,1,0.38783309316252185,ml_scalp1,2025-08
1284100,short,2025-08-20 14:30:00,2025-08-20 14:31:00,2025-08-20 14:33:00,3345.737,3346.217,SL,-0.64,2,0.3923341631889343,ml_scalp1,2025-08
1284117,short,2025-08-20 14:47:00,2025-08-20 14:48:00,2025-08-20 14:49:00,3348.507,3348.987,SL,-0.64,1,0.39892980456352234,ml_scalp1,2025-08
1284137,long,2025-08-20 15:07:00,2025-08-20 15:08:00,2025-08-20 15:09:00,3343.46,3342.98,SL,-0.64,1,0.3890283324008661,ml_scalp1,2025-08
1284981,long,2025-08-21 06:15:00,2025-08-21 06:16:00,2025-08-21 06:17:00,3336.989,3337.989,TP,0.84,1,0.39121700897178874,ml_scalp1,2025-08
1285245,long,2025-08-21 10:39:00,2025-08-21 10:40:00,2025-08-21 10:41:00,3333.623,3333.143,SL,-0.64,1,0.3916252241554865,ml_scalp1,2025-08
1285261,long,2025-08-21 10:55:00,2025-08-21 10:56:00,2025-08-21 10:57:00,3327.49,3328.49,TP,0.84,1,0.3954044508567694,ml_scalp1,2025-08
1285336,short,2025-08-21 12:10:00,2025-08-21 12:11:00,2025-08-21 12:12:00,3342.539,3341.539,TP,0.84,1,0.3961165249347687,ml_scalp1,2025-08
1285351,long,2025-08-21 12:25:00,2025-08-21 12:26:00,2025-08-21 12:28:00,3336.881,3337.881,TP,0.84,2,0.3868497369412869,ml_scalp1,2025-08
1285377,long,2025-08-21 12:51:00,2025-08-21 12:52:00,2025-08-21 12:56:00,3339.839,3340.839,TP,0.84,4,0.3871754848009832,ml_scalp1,2025-08
1285408,short,2025-08-21 13:22:00,2025-08-21 13:23:00,2025-08-21 13:24:00,3344.877,3345.357,SL,-0.64,1,0.3924080729484558,ml_scalp1,2025-08
1285421,short,2025-08-21 13:35:00,2025-08-21 13:36:00,2025-08-21 13:37:00,3346.67,3345.67,TP,0.84,1,0.39224955439567566,ml_scalp1,2025-08
1285457,short,2025-08-21 14:11:00,2025-08-21 14:12:00,2025-08-21 14:13:00,3343.929,3344.409,SL,-0.64,1,0.3922661244869232,ml_scalp1,2025-08
1285473,short,2025-08-21 14:27:00,2025-08-21 14:28:00,2025-08-21 14:29:00,3345.236,3344.236,TP,0.84,1,0.39340537786483765,ml_scalp1,2025-08
1285485,short,2025-08-21 14:39:00,2025-08-21 14:40:00,2025-08-21 14:41:00,3347.097,3346.097,TP,0.84,1,0.39308056235313416,ml_scalp1,2025-08
1285510,long,2025-08-21 15:04:00,2025-08-21 15:05:00,2025-08-21 15:06:00,3342.241,3341.761,SL,-0.64,1,0.3870499442576426,ml_scalp1,2025-08
1286094,long,2025-08-22 01:52:00,2025-08-22 01:53:00,2025-08-22 01:54:00,3334.58,3334.1,SL,-0.64,1,0.3873226700481207,ml_scalp1,2025-08
1286447,long,2025-08-22 07:45:00,2025-08-22 07:46:00,2025-08-22 07:47:00,3326.909,3326.429,SL,-0.64,1,0.3917510368582378,ml_scalp1,2025-08
1286715,long,2025-08-22 12:13:00,2025-08-22 12:14:00,2025-08-22 12:15:00,3325.489,3326.489,TP,0.84,1,0.39209414693811645,ml_scalp1,2025-08
1286734,long,2025-08-22 12:32:00,2025-08-22 12:33:00,2025-08-22 12:34:00,3322.209,3323.209,TP,0.84,1,0.40342712638909084,ml_scalp1,2025-08
1286800,short,2025-08-22 13:38:00,2025-08-22 13:39:00,2025-08-22 13:40:00,3332.785,3333.265,SL,-0.64,1,0.39210212230682373,ml_scalp1,2025-08
1286822,short,2025-08-22 14:00:00,2025-08-22 14:01:00,2025-08-22 14:02:00,3344.528,3345.008,SL,-0.64,1,0.39900103211402893,ml_scalp1,2025-08
1286834,short,2025-08-22 14:12:00,2025-08-22 14:13:00,2025-08-22 14:14:00,3360.17,3359.17,TP,0.84,1,0.39792728424072266,ml_scalp1,2025-08
1286846,long,2025-08-22 14:24:00,2025-08-22 14:25:00,2025-08-22 14:26:00,3362.286,3363.286,TP,0.84,1,0.3887766592872117,ml_scalp1,2025-08
1286858,short,2025-08-22 14:36:00,2025-08-22 14:37:00,2025-08-22 14:38:00,3372.649,3371.649,TP,0.84,1,0.3971741497516632,ml_scalp1,2025-08
1286870,short,2025-08-22 14:48:00,2025-08-22 14:49:00,2025-08-22 14:50:00,3373.333,3373.813,SL,-0.64,1,0.39427676796913147,ml_scalp1,2025-08
1286882,short,2025-08-22 15:00:00,2025-08-22 15:01:00,2025-08-22 15:02:00,3374.784,3373.784,TP,0.84,1,0.40491801500320435,ml_scalp1,2025-08
1286894,short,2025-08-22 15:12:00,2025-08-22 15:13:00,2025-08-22 15:14:00,3377.0,3376.0,TP,0.84,1,0.41016408801078796,ml_scalp1,2025-08
1286906,short,2025-08-22 15:24:00,2025-08-22 15:25:00,2025-08-22 15:26:00,3376.793,3377.273,SL,-0.64,1,0.396319717168808,ml_scalp1,2025-08
1286918,long,2025-08-22 15:36:00,2025-08-22 15:37:00,2025-08-22 15:38:00,3375.668,3376.668,TP,0.84,1,0.38928394025436774,ml_scalp1,2025-08
1286930,long,2025-08-22 15:48:00,2025-08-22 15:49:00,2025-08-22 15:50:00,3369.38,3368.9,SL,-0.64,1,0.39735281338959394,ml_scalp1,2025-08
1286942,long,2025-08-22 16:00:00,2025-08-22 16:01:00,2025-08-22 16:02:00,3369.444,3370.444,TP,0.84,1,0.39032908047780457,ml_scalp1,2025-08
1286956,long,2025-08-22 16:14:00,2025-08-22 16:15:00,2025-08-22 16:16:00,3371.488,3372.488,TP,0.84,1,0.3889454671260456,ml_scalp1,2025-08
1286993,long,2025-08-22 16:51:00,2025-08-22 16:52:00,2025-08-22 16:53:00,3370.329,3369.849,SL,-0.64,1,0.38750571510060516,ml_scalp1,2025-08
1287698,long,2025-08-25 05:43:00,2025-08-25 05:44:00,2025-08-25 05:45:00,3365.117,3364.637,SL,-0.64,1,0.39390820705013896,ml_scalp1,2025-08
1287715,long,2025-08-25 06:00:00,2025-08-25 06:01:00,2025-08-25 06:02:00,3364.766,3365.766,TP,0.84,1,0.38872411081295233,ml_scalp1,2025-08
1288184,short,2025-08-25 13:49:00,2025-08-25 13:50:00,2025-08-25 13:51:00,3369.539,3370.0190000000002,SL,-0.64,1,0.39725565910339355,ml_scalp1,2025-08
1288196,short,2025-08-25 14:01:00,2025-08-25 14:02:00,2025-08-25 14:03:00,3371.786,3372.266,SL,-0.64,1,0.3945782780647278,ml_scalp1,2025-08
1288208,short,2025-08-25 14:13:00,2025-08-25 14:14:00,2025-08-25 14:15:00,3373.444,3373.924,SL,-0.64,1,0.3926256000995636,ml_scalp1,2025-08
1288230,short,2025-08-25 14:35:00,2025-08-25 14:36:00,2025-08-25 14:37:00,3372.728,3373.208,SL,-0.64,1,0.3958335816860199,ml_scalp1,2025-08
1288245,short,2025-08-25 14:50:00,2025-08-25 14:51:00,2025-08-25 14:54:00,3375.3,3374.3,TP,0.84,3,0.3959463834762573,ml_scalp1,2025-08
1288684,long,2025-08-25 23:13:00,2025-08-25 23:14:00,2025-08-25 23:15:00,3359.27,3358.79,SL,-0.64,1,0.38777284580854654,ml_scalp1,2025-08
1288698,long,2025-08-25 23:27:00,2025-08-25 23:28:00,2025-08-25 23:29:00,3354.769,3355.769,TP,0.84,1,0.39590842626601785,ml_scalp1,2025-08
1288710,long,2025-08-25 23:39:00,2025-08-25 23:40:00,2025-08-25 23:42:00,3353.081,3354.081,TP,0.84,2,0.38712507410347075,ml_scalp1,2025-08
1288733,long,2025-08-26 00:02:00,2025-08-26 00:03:00,2025-08-26 00:04:00,3352.109,3353.109,TP,0.84,1,0.38937639550817227,ml_scalp1,2025-08
1288745,short,2025-08-26 00:14:00,2025-08-26 00:15:00,2025-08-26 00:16:00,3369.031,3369.511,SL,-0.64,1,0.40346214175224304,ml_scalp1,2025-08
1288762,short,2025-08-26 00:31:00,2025-08-26 00:32:00,2025-08-26 00:33:00,3379.342,3379.822,SL,-0.64,1,0.39406847953796387,ml_scalp1,2025-08
1288774,short,2025-08-26 00:43:00,2025-08-26 00:44:00,2025-08-26 00:45:00,3382.436,3382.916,SL,-0.64,1,0.39544185996055603,ml_scalp1,2025-08
1288786,short,2025-08-26 00:55:00,2025-08-26 00:56:00,2025-08-26 00:57:00,3385.217,3385.697,SL,-0.64,1,0.3943479657173157,ml_scalp1,2025-08
1288798,long,2025-08-26 01:07:00,2025-08-26 01:08:00,2025-08-26 01:09:00,3377.949,3377.469,SL,-0.64,1,0.3919843565149726,ml_scalp1,2025-08
1288810,long,2025-08-26 01:19:00,2025-08-26 01:20:00,2025-08-26 01:21:00,3373.175,3374.175,TP,0.84,1,0.3903361013852424,ml_scalp1,2025-08
1288825,long,2025-08-26 01:34:00,2025-08-26 01:35:00,2025-08-26 01:36:00,3372.857,3372.377,SL,-0.64,1,0.38897070750428775,ml_scalp1,2025-08
1288839,long,2025-08-26 01:48:00,2025-08-26 01:49:00,2025-08-26 01:50:00,3375.157,3374.677,SL,-0.64,1,0.3868110625937018,ml_scalp1,2025-08
1288857,long,2025-08-26 02:06:00,2025-08-26 02:07:00,2025-08-26 02:11:00,3377.81,3377.33,SL,-0.64,4,0.3876925590619151,ml_scalp1,2025-08
1288894,long,2025-08-26 02:43:00,2025-08-26 02:44:00,2025-08-26 02:45:00,3374.837,3374.357,SL,-0.64,1,0.3889752721433186,ml_scalp1,2025-08
1288915,long,2025-08-26 03:04:00,2025-08-26 03:05:00,2025-08-26 03:06:00,3372.956,3372.476,SL,-0.64,1,0.3868329743961796,ml_scalp1,2025-08
1289169,long,2025-08-26 07:18:00,2025-08-26 07:19:00,2025-08-26 07:20:00,3368.879,3368.399,SL,-0.64,1,0.390860168833781,ml_scalp1,2025-08
1289196,long,2025-08-26 07:45:00,2025-08-26 07:46:00,2025-08-26 07:47:00,3377.671,3378.671,TP,0.84,1,0.38693033691512657,ml_scalp1,2025-08
1289558,long,2025-08-26 13:47:00,2025-08-26 13:48:00,2025-08-26 13:49:00,3374.185,3373.705,SL,-0.64,1,0.38971712842084555,ml_scalp1,2025-08
1289595,long,2025-08-26 14:24:00,2025-08-26 14:25:00,2025-08-26 14:27:00,3375.179,3374.699,SL,-0.64,2,0.3871930582737135,ml_scalp1,2025-08
1290086,long,2025-08-26 23:39:00,2025-08-26 23:40:00,2025-08-26 23:45:00,3390.455,3389.975,SL,-0.64,5,0.39409496658299337,ml_scalp1,2025-08
1290722,short,2025-08-27 10:15:00,2025-08-27 10:16:00,2025-08-27 10:17:00,3377.514,3377.994,SL,-0.64,1,0.39372918009757996,ml_scalp1,2025-08
1290932,long,2025-08-27 13:45:00,2025-08-27 13:46:00,2025-08-27 13:47:00,3375.759,3376.759,TP,0.84,1,0.38961273520346634,ml_scalp1,2025-08
1291107,short,2025-08-27 16:40:00,2025-08-27 16:41:00,2025-08-27 16:42:00,3395.796,3394.796,TP,0.84,1,0.39397865533828735,ml_scalp1,2025-08
1291130,long,2025-08-27 17:03:00,2025-08-27 17:04:00,2025-08-27 17:06:00,3396.066,3397.066,TP,0.84,2,0.3879620857912429,ml_scalp1,2025-08
1291543,long,2025-08-28 01:00:00,2025-08-28 01:01:00,2025-08-28 01:02:00,3390.442,3391.442,TP,0.84,1,0.3873850674906844,ml_scalp1,2025-08
1291565,long,2025-08-28 01:22:00,2025-08-28 01:23:00,2025-08-28 01:24:00,3387.867,3388.867,TP,0.84,1,0.3965027174212938,ml_scalp1,2025-08
1291794,long,2025-08-28 05:11:00,2025-08-28 05:12:00,2025-08-28 05:13:00,3390.423,3389.9429999999998,SL,-0.64,1,0.38731015500767907,ml_scalp1,2025-08
1291812,long,2025-08-28 05:29:00,2025-08-28 05:30:00,2025-08-28 05:31:00,3390.426,3389.946,SL,-0.64,1,0.3871547300200092,ml_scalp1,2025-08
1292233,long,2025-08-28 12:30:00,2025-08-28 12:31:00,2025-08-28 12:32:00,3403.81,3403.33,SL,-0.64,1,0.3930311142268092,ml_scalp1,2025-08
1292252,long,2025-08-28 12:49:00,2025-08-28 12:50:00,2025-08-28 12:52:00,3399.912,3399.432,SL,-0.64,2,0.3878449398782312,ml_scalp1,2025-08
1292269,long,2025-08-28 13:06:00,2025-08-28 13:07:00,2025-08-28 13:08:00,3395.629,3396.629,TP,0.84,1,0.3955909591396157,ml_scalp1,2025-08
1292292,long,2025-08-28 13:29:00,2025-08-28 13:30:00,2025-08-28 13:31:00,3404.727,3404.247,SL,-0.64,1,0.3872926958632424,ml_scalp1,2025-08
1292306,long,2025-08-28 13:43:00,2025-08-28 13:44:00,2025-08-28 13:45:00,3406.655,3406.175,SL,-0.64,1,0.38818380497605315,ml_scalp1,2025-08
1292322,long,2025-08-28 13:59:00,2025-08-28 14:00:00,2025-08-28 14:01:00,3407.277,3406.797,SL,-0.64,1,0.38688104003317525,ml_scalp1,2025-08
1292340,long,2025-08-28 14:17:00,2025-08-28 14:18:00,2025-08-28 14:19:00,3410.51,3410.03,SL,-0.64,1,0.38709576913351673,ml_scalp1,2025-08
1292352,long,2025-08-28 14:29:00,2025-08-28 14:30:00,2025-08-28 14:31:00,3410.883,3410.403,SL,-0.64,1,0.3869151327495238,ml_scalp1,2025-08
1292403,long,2025-08-28 15:20:00,2025-08-28 15:21:00,2025-08-28 15:22:00,3407.696,3407.216,SL,-0.64,1,0.38898886396313315,ml_scalp1,2025-08
1293179,long,2025-08-29 05:20:00,2025-08-29 05:21:00,2025-08-29 05:22:00,3407.708,3407.228,SL,-0.64,1,0.38741902109290477,ml_scalp1,2025-08
1293612,long,2025-08-29 12:33:00,2025-08-29 12:34:00,2025-08-29 12:35:00,3409.856,3410.856,TP,0.84,1,0.3884358008866012,ml_scalp1,2025-08
1293625,short,2025-08-29 12:46:00,2025-08-29 12:47:00,2025-08-29 12:48:00,3415.183,3414.183,TP,0.84,1,0.39697518944740295,ml_scalp1,2025-08
1293645,long,2025-08-29 13:06:00,2025-08-29 13:07:00,2025-08-29 13:08:00,3415.082,3414.602,SL,-0.64,1,0.3888907882803413,ml_scalp1,2025-08
1293659,long,2025-08-29 13:20:00,2025-08-29 13:21:00,2025-08-29 13:22:00,3418.577,3418.097,SL,-0.64,1,0.3868850382001394,ml_scalp1,2025-08
1293671,short,2025-08-29 13:32:00,2025-08-29 13:33:00,2025-08-29 13:34:00,3419.58,3420.06,SL,-0.64,1,0.39227595925331116,ml_scalp1,2025-08
1293684,long,2025-08-29 13:45:00,2025-08-29 13:46:00,2025-08-29 13:47:00,3423.591,3424.591,TP,0.84,1,0.388951051282887,ml_scalp1,2025-08
1293697,short,2025-08-29 13:58:00,2025-08-29 13:59:00,2025-08-29 14:00:00,3428.617,3429.097,SL,-0.64,1,0.39360910654067993,ml_scalp1,2025-08
1293709,short,2025-08-29 14:10:00,2025-08-29 14:11:00,2025-08-29 14:12:00,3433.315,3433.795,SL,-0.64,1,0.40726131200790405,ml_scalp1,2025-08
1293721,short,2025-08-29 14:22:00,2025-08-29 14:23:00,2025-08-29 14:24:00,3433.865,3434.345,SL,-0.64,1,0.39424943923950195,ml_scalp1,2025-08
1293733,short,2025-08-29 14:34:00,2025-08-29 14:35:00,2025-08-29 14:36:00,3437.508,3437.988,SL,-0.64,1,0.40075501799583435,ml_scalp1,2025-08
1293745,long,2025-08-29 14:46:00,2025-08-29 14:47:00,2025-08-29 14:48:00,3435.163,3436.163,TP,0.84,1,0.390784748225502,ml_scalp1,2025-08
1293757,short,2025-08-29 14:58:00,2025-08-29 14:59:00,2025-08-29 15:00:00,3439.679,3440.159,SL,-0.64,1,0.39627501368522644,ml_scalp1,2025-08
1293769,short,2025-08-29 15:10:00,2025-08-29 15:11:00,2025-08-29 15:12:00,3440.784,3441.264,SL,-0.64,1,0.3952394127845764,ml_scalp1,2025-08
1293781,short,2025-08-29 15:22:00,2025-08-29 15:23:00,2025-08-29 15:24:00,3445.696,3444.696,TP,0.84,1,0.40619778633117676,ml_scalp1,2025-08
1293793,short,2025-08-29 15:34:00,2025-08-29 15:35:00,2025-08-29 15:36:00,3444.646,3445.126,SL,-0.64,1,0.39629679918289185,ml_scalp1,2025-08
1293805,short,2025-08-29 15:46:00,2025-08-29 15:47:00,2025-08-29 15:50:00,3446.879,3447.359,SL,-0.64,3,0.40631720423698425,ml_scalp1,2025-08
1293821,short,2025-08-29 16:02:00,2025-08-29 16:03:00,2025-08-29 16:04:00,3445.965,3444.965,TP,0.84,1,0.3951036334037781,ml_scalp1,2025-08
1293833,long,2025-08-29 16:14:00,2025-08-29 16:15:00,2025-08-29 16:16:00,3444.19,3443.71,SL,-0.64,1,0.38952273769256124,ml_scalp1,2025-08
1293845,short,2025-08-29 16:26:00,2025-08-29 16:27:00,2025-08-29 16:28:00,3445.972,3444.972,TP,0.84,1,0.39531201124191284,ml_scalp1,2025-08
1293857,short,2025-08-29 16:38:00,2025-08-29 16:39:00,2025-08-29 16:40:00,3447.111,3446.111,TP,0.84,1,0.3952041566371918,ml_scalp1,2025-08
1293870,short,2025-08-29 16:51:00,2025-08-29 16:52:00,2025-08-29 16:53:00,3447.821,3446.821,TP,0.84,1,0.40036869049072266,ml_scalp1,2025-08
1293882,short,2025-08-29 17:03:00,2025-08-29 17:04:00,2025-08-29 17:05:00,3449.644,3448.644,TP,0.84,1,0.3969135582447052,ml_scalp1,2025-08
1293898,short,2025-08-29 17:19:00,2025-08-29 17:20:00,2025-08-29 17:21:00,3449.53,3450.01,SL,-0.64,1,0.3930620551109314,ml_scalp1,2025-08
1293919,long,2025-08-29 17:40:00,2025-08-29 17:41:00,2025-08-29 17:47:00,3444.182,3445.182,TP,0.84,6,0.39616273212405256,ml_scalp1,2025-08
1293942,long,2025-08-29 18:03:00,2025-08-29 18:04:00,2025-08-29 18:05:00,3441.685,3441.205,SL,-0.64,1,0.3885467768428833,ml_scalp1,2025-08
1294147,short,2025-08-31 22:35:00,2025-08-31 22:36:00,2025-08-31 22:37:00,3451.923,3452.403,SL,-0.64,1,0.3921491801738739,ml_scalp1,2025-08
1294299,long,2025-09-01 01:07:00,2025-09-01 01:08:00,2025-09-01 01:09:00,3441.175,3440.695,SL,-0.64,1,0.39590946714459707,ml_scalp1,2025-09
1294312,long,2025-09-01 01:20:00,2025-09-01 01:21:00,2025-09-01 01:25:00,3438.487,3438.007,SL,-0.64,4,0.3959367473556845,ml_scalp1,2025-09
1294362,long,2025-09-01 02:10:00,2025-09-01 02:11:00,2025-09-01 02:12:00,3463.058,3462.578,SL,-0.64,1,0.39334482851357155,ml_scalp1,2025-09
1294384,long,2025-09-01 02:32:00,2025-09-01 02:33:00,2025-09-01 02:34:00,3466.571,3467.571,TP,0.84,1,0.392955778957229,ml_scalp1,2025-09
1294403,long,2025-09-01 02:51:00,2025-09-01 02:52:00,2025-09-01 02:53:00,3474.948,3475.948,TP,0.84,1,0.3957452501238517,ml_scalp1,2025-09
1294415,long,2025-09-01 03:03:00,2025-09-01 03:04:00,2025-09-01 03:05:00,3478.444,3477.964,SL,-0.64,1,0.3936876480263376,ml_scalp1,2025-09
1294427,long,2025-09-01 03:15:00,2025-09-01 03:16:00,2025-09-01 03:17:00,3472.842,3473.842,TP,0.84,1,0.3952340078741456,ml_scalp1,2025-09
1294439,long,2025-09-01 03:27:00,2025-09-01 03:28:00,2025-09-01 03:29:00,3469.967,3470.967,TP,0.84,1,0.39740379977102747,ml_scalp1,2025-09
1294499,long,2025-09-01 04:27:00,2025-09-01 04:28:00,2025-09-01 04:29:00,3474.828,3474.348,SL,-0.64,1,0.3983936594748829,ml_scalp1,2025-09
1294511,long,2025-09-01 04:39:00,2025-09-01 04:40:00,2025-09-01 04:41:00,3475.185,3474.705,SL,-0.64,1,0.3935878032618328,ml_scalp1,2025-09
1294570,long,2025-09-01 05:38:00,2025-09-01 05:39:00,2025-09-01 05:40:00,3479.202,3478.722,SL,-0.64,1,0.3923800752786169,ml_scalp1,2025-09
1294582,short,2025-09-01 05:50:00,2025-09-01 05:51:00,2025-09-01 05:52:00,3479.871,3478.871,TP,0.84,1,0.3651805722605342,ml_scalp1,2025-09
1294594,long,2025-09-01 06:02:00,2025-09-01 06:03:00,2025-09-01 06:05:00,3478.648,3479.648,TP,0.84,2,0.3953965195269553,ml_scalp1,2025-09
1294607,short,2025-09-01 06:15:00,2025-09-01 06:16:00,2025-09-01 06:17:00,3482.463,3482.943,SL,-0.64,1,0.3642822599033124,ml_scalp1,2025-09
1294619,short,2025-09-01 06:27:00,2025-09-01 06:28:00,2025-09-01 06:29:00,3484.736,3485.216,SL,-0.64,1,0.3639949856921449,ml_scalp1,2025-09
1294631,short,2025-09-01 06:39:00,2025-09-01 06:40:00,2025-09-01 06:41:00,3488.462,3488.942,SL,-0.64,1,0.3642789057318364,ml_scalp1,2025-09
1294643,short,2025-09-01 06:51:00,2025-09-01 06:52:00,2025-09-01 06:53:00,3486.073,3485.073,TP,0.84,1,0.36435788363172184,ml_scalp1,2025-09
1294655,short,2025-09-01 07:03:00,2025-09-01 07:04:00,2025-09-01 07:05:00,3477.826,3478.306,SL,-0.64,1,0.3650775569270616,ml_scalp1,2025-09
1294667,short,2025-09-01 07:15:00,2025-09-01 07:16:00,2025-09-01 07:17:00,3474.492,3474.972,SL,-0.64,1,0.365103441974091,ml_scalp1,2025-09
1294679,short,2025-09-01 07:27:00,2025-09-01 07:28:00,2025-09-01 07:29:00,3471.423,3471.903,SL,-0.64,1,0.36514635372971355,ml_scalp1,2025-09
1294695,short,2025-09-01 07:43:00,2025-09-01 07:44:00,2025-09-01 07:45:00,3471.39,3471.87,SL,-0.64,1,0.3650422736140239,ml_scalp1,2025-09
1294803,long,2025-09-01 09:31:00,2025-09-01 09:32:00,2025-09-01 09:33:00,3469.391,3470.391,TP,0.84,1,0.39480070070655665,ml_scalp1,2025-09
1294941,long,2025-09-01 11:49:00,2025-09-01 11:50:00,2025-09-01 11:51:00,3468.012,3469.012,TP,0.84,1,0.39307693000925076,ml_scalp1,2025-09
1295553,long,2025-09-02 01:48:00,2025-09-02 01:49:00,2025-09-02 01:50:00,3499.162,3498.682,SL,-0.64,1,0.39267302721892516,ml_scalp1,2025-09
1295565,long,2025-09-02 02:00:00,2025-09-02 02:01:00,2025-09-02 02:02:00,3495.665,3496.665,TP,0.84,1,0.3956374914174705,ml_scalp1,2025-09
1295577,long,2025-09-02 02:12:00,2025-09-02 02:13:00,2025-09-02 02:14:00,3494.324,3493.844,SL,-0.64,1,0.4027607509123723,ml_scalp1,2025-09
1295589,long,2025-09-02 02:24:00,2025-09-02 02:25:00,2025-09-02 02:26:00,3492.765,3492.285,SL,-0.64,1,0.3920161388622519,ml_scalp1,2025-09
1295627,long,2025-09-02 03:02:00,2025-09-02 03:03:00,2025-09-02 03:04:00,3492.533,3493.533,TP,0.84,1,0.4045106151274718,ml_scalp1,2025-09
1295640,long,2025-09-02 03:15:00,2025-09-02 03:16:00,2025-09-02 03:17:00,3493.717,3493.237,SL,-0.64,1,0.3970439925609752,ml_scalp1,2025-09
1295652,long,2025-09-02 03:27:00,2025-09-02 03:28:00,2025-09-02 03:29:00,3493.368,3492.888,SL,-0.64,1,0.39600948815293024,ml_scalp1,2025-09
1295829,long,2025-09-02 06:24:00,2025-09-02 06:25:00,2025-09-02 06:26:00,3487.109,3486.629,SL,-0.64,1,0.3946132659638397,ml_scalp1,2025-09
1295852,long,2025-09-02 06:47:00,2025-09-02 06:48:00,2025-09-02 06:49:00,3483.724,3484.724,TP,0.84,1,0.3975697226872306,ml_scalp1,2025-09
1295885,long,2025-09-02 07:20:00,2025-09-02 07:21:00,2025-09-02 07:22:00,3482.731,3482.251,SL,-0.64,1,0.3932690932143657,ml_scalp1,2025-09
1295914,long,2025-09-02 07:49:00,2025-09-02 07:50:00,2025-09-02 07:51:00,3480.681,3480.201,SL,-0.64,1,0.3972327060080794,ml_scalp1,2025-09
1295927,long,2025-09-02 08:02:00,2025-09-02 08:03:00,2025-09-02 08:04:00,3474.177,3473.697,SL,-0.64,1,0.39323390348406106,ml_scalp1,2025-09
1296181,long,2025-09-02 12:16:00,2025-09-02 12:17:00,2025-09-02 12:18:00,3487.026,3486.546,SL,-0.64,1,0.3954203968009933,ml_scalp1,2025-09
1296198,long,2025-09-02 12:33:00,2025-09-02 12:34:00,2025-09-02 12:35:00,3482.82,3482.34,SL,-0.64,1,0.39276454701738933,ml_scalp1,2025-09
1296274,long,2025-09-02 13:49:00,2025-09-02 13:50:00,2025-09-02 13:51:00,3487.796,3487.316,SL,-0.64,1,0.3928544933456747,ml_scalp1,2025-09
1296314,long,2025-09-02 14:29:00,2025-09-02 14:30:00,2025-09-02 14:31:00,3502.171,3501.691,SL,-0.64,1,0.39207200224647426,ml_scalp1,2025-09
1296342,long,2025-09-02 14:57:00,2025-09-02 14:58:00,2025-09-02 14:59:00,3511.762,3511.282,SL,-0.64,1,0.3917316397703202,ml_scalp1,2025-09
1296354,short,2025-09-02 15:09:00,2025-09-02 15:10:00,2025-09-02 15:11:00,3515.571,3514.571,TP,0.84,1,0.36391177230059807,ml_scalp1,2025-09
1296393,short,2025-09-02 15:48:00,2025-09-02 15:49:00,2025-09-02 15:50:00,3518.263,3517.263,TP,0.84,1,0.3640660943505371,ml_scalp1,2025-09
1296405,short,2025-09-02 16:00:00,2025-09-02 16:01:00,2025-09-02 16:02:00,3521.139,3520.139,TP,0.84,1,0.36401134685675474,ml_scalp1,2025-09
1296417,short,2025-09-02 16:12:00,2025-09-02 16:13:00,2025-09-02 16:14:00,3523.576,3524.056,SL,-0.64,1,0.3650014198424831,ml_scalp1,2025-09
1296429,short,2025-09-02 16:24:00,2025-09-02 16:25:00,2025-09-02 16:26:00,3523.837,3524.317,SL,-0.64,1,0.36415332220477764,ml_scalp1,2025-09
1296743,long,2025-09-02 22:42:00,2025-09-02 22:43:00,2025-09-02 22:44:00,3530.296,3529.816,SL,-0.64,1,0.3939557982015981,ml_scalp1,2025-09
1297638,long,2025-09-03 13:37:00,2025-09-03 13:38:00,2025-09-03 13:39:00,3551.096,3552.096,TP,0.84,1,0.39203279515244965,ml_scalp1,2025-09
1297715,long,2025-09-03 14:54:00,2025-09-03 14:55:00,2025-09-03 14:56:00,3554.978,3555.978,TP,0.84,1,0.39487060544936464,ml_scalp1,2025-09
1298277,long,2025-09-04 01:20:00,2025-09-04 01:21:00,2025-09-04 01:22:00,3554.572,3554.092,SL,-0.64,1,0.39225092048475313,ml_scalp1,2025-09
1298292,long,2025-09-04 01:35:00,2025-09-04 01:36:00,2025-09-04 01:37:00,3548.77,3548.29,SL,-0.64,1,0.3963786693836344,ml_scalp1,2025-09
1298306,long,2025-09-04 01:49:00,2025-09-04 01:50:00,2025-09-04 01:52:00,3547.261,3546.781,SL,-0.64,2,0.3948680476874354,ml_scalp1,2025-09
1298321,long,2025-09-04 02:04:00,2025-09-04 02:05:00,2025-09-04 02:06:00,3546.162,3545.682,SL,-0.64,1,0.3949829476301031,ml_scalp1,2025-09
1298354,long,2025-09-04 02:37:00,2025-09-04 02:38:00,2025-09-04 02:39:00,3541.069,3540.589,SL,-0.64,1,0.3993457940679425,ml_scalp1,2025-09
1298366,long,2025-09-04 02:49:00,2025-09-04 02:50:00,2025-09-04 02:51:00,3530.898,3530.418,SL,-0.64,1,0.3992400385431625,ml_scalp1,2025-09
1298387,long,2025-09-04 03:10:00,2025-09-04 03:11:00,2025-09-04 03:12:00,3526.202,3525.722,SL,-0.64,1,0.40838906271098874,ml_scalp1,2025-09
1299039,long,2025-09-04 14:02:00,2025-09-04 14:03:00,2025-09-04 14:04:00,3538.403,3537.923,SL,-0.64,1,0.3947720537250412,ml_scalp1,2025-09
1299281,long,2025-09-04 18:04:00,2025-09-04 18:05:00,2025-09-04 18:08:00,3544.279,3545.279,TP,0.84,3,0.3930760596149126,ml_scalp1,2025-09
1300330,short,2025-09-05 12:37:00,2025-09-05 12:38:00,2025-09-05 12:39:00,3579.759,3580.239,SL,-0.64,1,0.3638883335969546,ml_scalp1,2025-09
1300349,short,2025-09-05 12:56:00,2025-09-05 12:57:00,2025-09-05 12:58:00,3580.632,3579.632,TP,0.84,1,0.3638760144807866,ml_scalp1,2025-09
1300366,long,2025-09-05 13:13:00,2025-09-05 13:14:00,2025-09-05 13:15:00,3580.336,3579.8559999999998,SL,-0.64,1,0.3921664311013381,ml_scalp1,2025-09
1300378,long,2025-09-05 13:25:00,2025-09-05 13:26:00,2025-09-05 13:27:00,3580.325,3581.325,TP,0.84,1,0.3937057798682346,ml_scalp1,2025-09
1300390,long,2025-09-05 13:37:00,2025-09-05 13:38:00,2025-09-05 13:39:00,3581.117,3580.637,SL,-0.64,1,0.39534799212773747,ml_scalp1,2025-09
1300402,short,2025-09-05 13:49:00,2025-09-05 13:50:00,2025-09-05 13:51:00,3590.821,3591.301,SL,-0.64,1,0.3649941286016404,ml_scalp1,2025-09
1300414,short,2025-09-05 14:01:00,2025-09-05 14:02:00,2025-09-05 14:03:00,3596.169,3596.649,SL,-0.64,1,0.36495699987499897,ml_scalp1,2025-09
1300426,short,2025-09-05 14:13:00,2025-09-05 14:14:00,2025-09-05 14:15:00,3593.572,3594.052,SL,-0.64,1,0.3649860670734345,ml_scalp1,2025-09
1300438,long,2025-09-05 14:25:00,2025-09-05 14:26:00,2025-09-05 14:27:00,3586.987,3586.507,SL,-0.64,1,0.3967928213591945,ml_scalp1,2025-09
1300451,long,2025-09-05 14:38:00,2025-09-05 14:39:00,2025-09-05 14:40:00,3580.087,3579.607,SL,-0.64,1,0.400956832534357,ml_scalp1,2025-09
1300463,long,2025-09-05 14:50:00,2025-09-05 14:51:00,2025-09-05 14:52:00,3584.762,3584.282,SL,-0.64,1,0.3920008926183622,ml_scalp1,2025-09
1300475,short,2025-09-05 15:02:00,2025-09-05 15:03:00,2025-09-05 15:04:00,3588.606,3589.0860000000002,SL,-0.64,1,0.36493458356150976,ml_scalp1,2025-09
1300487,long,2025-09-05 15:14:00,2025-09-05 15:15:00,2025-09-05 15:16:00,3584.288,3583.808,SL,-0.64,1,0.39227150221460527,ml_scalp1,2025-09
1300499,short,2025-09-05 15:26:00,2025-09-05 15:27:00,2025-09-05 15:28:00,3588.697,3589.177,SL,-0.64,1,0.3648975246277911,ml_scalp1,2025-09
1300511,short,2025-09-05 15:38:00,2025-09-05 15:39:00,2025-09-05 15:40:00,3592.057,3591.057,TP,0.84,1,0.36479083672431745,ml_scalp1,2025-09
1300535,long,2025-09-05 16:02:00,2025-09-05 16:03:00,2025-09-05 16:04:00,3592.84,3593.84,TP,0.84,1,0.3919021375691809,ml_scalp1,2025-09
1300809,long,2025-09-05 20:36:00,2025-09-05 20:37:00,2025-09-05 20:47:00,3589.29,3588.81,SL,-0.64,10,0.3940815036266622,ml_scalp1,2025-09
1301016,long,2025-09-08 01:10:00,2025-09-08 01:11:00,2025-09-08 01:12:00,3585.971,3586.971,TP,0.84,1,0.3918898526137301,ml_scalp1,2025-09
1301772,short,2025-09-08 13:46:00,2025-09-08 13:47:00,2025-09-08 13:48:00,3634.081,3633.081,TP,0.84,1,0.36380521815940675,ml_scalp1,2025-09
1301788,short,2025-09-08 14:02:00,2025-09-08 14:03:00,2025-09-08 14:04:00,3634.699,3635.179,SL,-0.64,1,0.36394453580992403,ml_scalp1,2025-09
1301800,short,2025-09-08 14:14:00,2025-09-08 14:15:00,2025-09-08 14:16:00,3634.784,3635.264,SL,-0.64,1,0.36417144542623553,ml_scalp1,2025-09
1301826,short,2025-09-08 14:40:00,2025-09-08 14:41:00,2025-09-08 14:42:00,3635.842,3634.842,TP,0.84,1,0.3643559064070401,ml_scalp1,2025-09
1301838,short,2025-09-08 14:52:00,2025-09-08 14:53:00,2025-09-08 14:54:00,3638.023,3638.503,SL,-0.64,1,0.3640178940611287,ml_scalp1,2025-09
1301850,short,2025-09-08 15:04:00,2025-09-08 15:05:00,2025-09-08 15:06:00,3644.203,3643.203,TP,0.84,1,0.3639920405464574,ml_scalp1,2025-09
1301864,short,2025-09-08 15:18:00,2025-09-08 15:19:00,2025-09-08 15:20:00,3643.121,3643.601,SL,-0.64,1,0.3639935697714505,ml_scalp1,2025-09
1301879,short,2025-09-08 15:33:00,2025-09-08 15:34:00,2025-09-08 15:35:00,3637.171,3636.171,TP,0.84,1,0.3640409560916031,ml_scalp1,2025-09
1301891,short,2025-09-08 15:45:00,2025-09-08 15:46:00,2025-09-08 15:47:00,3637.319,3637.799,SL,-0.64,1,0.3639671965855792,ml_scalp1,2025-09
1302687,long,2025-09-09 06:05:00,2025-09-09 06:06:00,2025-09-09 06:07:00,3643.727,3643.247,SL,-0.64,1,0.39429994841559485,ml_scalp1,2025-09
1302708,long,2025-09-09 06:26:00,2025-09-09 06:27:00,2025-09-09 06:28:00,3637.678,3637.198,SL,-0.64,1,0.39730738918299224,ml_scalp1,2025-09
1303082,long,2025-09-09 12:40:00,2025-09-09 12:41:00,2025-09-09 12:42:00,3644.004,3645.004,TP,0.84,1,0.39516609896811733,ml_scalp1,2025-09
1303170,long,2025-09-09 14:08:00,2025-09-09 14:09:00,2025-09-09 14:10:00,3643.323,3644.323,TP,0.84,1,0.40490201197512904,ml_scalp1,2025-09
1303195,long,2025-09-09 14:33:00,2025-09-09 14:34:00,2025-09-09 14:35:00,3642.911,3642.431,SL,-0.64,1,0.4019142810750976,ml_scalp1,2025-09
1303236,long,2025-09-09 15:14:00,2025-09-09 15:15:00,2025-09-09 15:16:00,3635.098,3634.618,SL,-0.64,1,0.40692306600474026,ml_scalp1,2025-09
1303257,long,2025-09-09 15:35:00,2025-09-09 15:36:00,2025-09-09 15:37:00,3636.827,3637.827,TP,0.84,1,0.3947872927175484,ml_scalp1,2025-09
1303749,long,2025-09-10 00:51:00,2025-09-10 00:52:00,2025-09-10 00:53:00,3622.825,3622.345,SL,-0.64,1,0.39717435664925144,ml_scalp1,2025-09
1303763,long,2025-09-10 01:05:00,2025-09-10 01:06:00,2025-09-10 01:07:00,3622.164,3623.164,TP,0.84,1,0.39276636689135497,ml_scalp1,2025-09
1303778,long,2025-09-10 01:20:00,2025-09-10 01:21:00,2025-09-10 01:22:00,3622.287,3623.287,TP,0.84,1,0.39500897211211716,ml_scalp1,2025-09
1304011,long,2025-09-10 05:13:00,2025-09-10 05:14:00,2025-09-10 05:16:00,3642.697,3642.217,SL,-0.64,2,0.3946290598954971,ml_scalp1,2025-09
1304456,long,2025-09-10 12:38:00,2025-09-10 12:39:00,2025-09-10 12:40:00,3644.638,3645.638,TP,0.84,1,0.39438983159844093,ml_scalp1,2025-09
1304468,long,2025-09-10 12:50:00,2025-09-10 12:51:00,2025-09-10 12:52:00,3642.128,3641.648,SL,-0.64,1,0.39304987523281926,ml_scalp1,2025-09
1304587,long,2025-09-10 14:49:00,2025-09-10 14:50:00,2025-09-10 14:51:00,3644.91,3644.43,SL,-0.64,1,0.3918144209142982,ml_scalp1,2025-09
1304622,long,2025-09-10 15:24:00,2025-09-10 15:25:00,2025-09-10 15:26:00,3640.488,3641.488,TP,0.84,1,0.4025849685143476,ml_scalp1,2025-09
1305429,long,2025-09-11 05:55:00,2025-09-11 05:56:00,2025-09-11 05:57:00,3624.133,3625.133,TP,0.84,1,0.4071904565796444,ml_scalp1,2025-09
1305627,long,2025-09-11 09:13:00,2025-09-11 09:14:00,2025-09-11 09:15:00,3620.07,3619.59,SL,-0.64,1,0.39603798321284744,ml_scalp1,2025-09
1305870,long,2025-09-11 13:16:00,2025-09-11 13:17:00,2025-09-11 13:18:00,3629.905,3629.425,SL,-0.64,1,0.39310416030010004,ml_scalp1,2025-09
1306979,long,2025-09-12 08:49:00,2025-09-12 08:50:00,2025-09-12 08:51:00,3641.648,3641.168,SL,-0.64,1,0.39506166154692424,ml_scalp1,2025-09
1307203,long,2025-09-12 12:33:00,2025-09-12 12:34:00,2025-09-12 12:35:00,3639.047,3640.047,TP,0.84,1,0.3936809510386061,ml_scalp1,2025-09
1307885,long,2025-09-15 01:02:00,2025-09-15 01:03:00,2025-09-15 01:04:00,3631.307,3632.307,TP,0.84,1,0.39569650277289475,ml_scalp1,2025-09
1308651,long,2025-09-15 13:48:00,2025-09-15 13:49:00,2025-09-15 13:50:00,3660.161,3661.161,TP,0.84,1,0.39386050462718913,ml_scalp1,2025-09
1308663,long,2025-09-15 14:00:00,2025-09-15 14:01:00,2025-09-15 14:02:00,3655.199,3654.719,SL,-0.64,1,0.39578293663125985,ml_scalp1,2025-09
1308676,long,2025-09-15 14:13:00,2025-09-15 14:14:00,2025-09-15 14:15:00,3660.233,3659.753,SL,-0.64,1,0.39512164832116026,ml_scalp1,2025-09
1308689,long,2025-09-15 14:26:00,2025-09-15 14:27:00,2025-09-15 14:30:00,3657.505,3657.025,SL,-0.64,3,0.3917303733851319,ml_scalp1,2025-09
1308777,short,2025-09-15 15:54:00,2025-09-15 15:55:00,2025-09-15 15:56:00,3678.269,3678.749,SL,-0.64,1,0.36432153734713557,ml_scalp1,2025-09
1308789,short,2025-09-15 16:06:00,2025-09-15 16:07:00,2025-09-15 16:08:00,3680.911,3679.911,TP,0.84,1,0.36518200645595755,ml_scalp1,2025-09
1308801,short,2025-09-15 16:18:00,2025-09-15 16:19:00,2025-09-15 16:20:00,3680.679,3681.159,SL,-0.64,1,0.36518200645595755,ml_scalp1,2025-09
1308813,short,2025-09-15 16:30:00,2025-09-15 16:31:00,2025-09-15 16:32:00,3683.683,3684.163,SL,-0.64,1,0.3646561001224787,ml_scalp1,2025-09
1308825,short,2025-09-15 16:42:00,2025-09-15 16:43:00,2025-09-15 16:44:00,3680.369,3679.369,TP,0.84,1,0.3648491953851929,ml_scalp1,2025-09
1308837,short,2025-09-15 16:54:00,2025-09-15 16:55:00,2025-09-15 16:57:00,3679.618,3680.098,SL,-0.64,2,0.36497705759412236,ml_scalp1,2025-09
1309054,long,2025-09-15 20:31:00,2025-09-15 20:32:00,2025-09-15 20:42:00,3680.313,3681.313,TP,0.84,10,0.39220076161586026,ml_scalp1,2025-09
1309166,long,2025-09-15 23:27:00,2025-09-15 23:28:00,2025-09-15 23:45:00,3677.969,3677.489,SL,-0.64,17,0.39394727496998994,ml_scalp1,2025-09
1309527,long,2025-09-16 05:28:00,2025-09-16 05:29:00,2025-09-16 05:32:00,3684.093,3683.613,SL,-0.64,3,0.3961947237308227,ml_scalp1,2025-09
1309616,short,2025-09-16 06:57:00,2025-09-16 06:58:00,2025-09-16 06:59:00,3693.115,3693.595,SL,-0.64,1,0.36414387516647145,ml_scalp1,2025-09
1309959,long,2025-09-16 12:40:00,2025-09-16 12:41:00,2025-09-16 12:42:00,3687.457,3688.457,TP,0.84,1,0.39343487988467496,ml_scalp1,2025-09
1310090,long,2025-09-16 14:51:00,2025-09-16 14:52:00,2025-09-16 14:53:00,3686.603,3687.603,TP,0.84,1,0.39760222469728174,ml_scalp1,2025-09
1310104,long,2025-09-16 15:05:00,2025-09-16 15:06:00,2025-09-16 15:07:00,3682.794,3682.314,SL,-0.64,1,0.4004767729925089,ml_scalp1,2025-09
1310129,long,2025-09-16 15:30:00,2025-09-16 15:31:00,2025-09-16 15:32:00,3680.401,3681.401,TP,0.84,1,0.3982048387668246,ml_scalp1,2025-09
1310665,long,2025-09-17 01:30:00,2025-09-17 01:31:00,2025-09-17 01:32:00,3683.506,3683.026,SL,-0.64,1,0.39516217210404037,ml_scalp1,2025-09
1310677,long,2025-09-17 01:42:00,2025-09-17 01:43:00,2025-09-17 01:44:00,3678.43,3677.95,SL,-0.64,1,0.39397919740885196,ml_scalp1,2025-09
1310979,long,2025-09-17 06:44:00,2025-09-17 06:45:00,2025-09-17 06:46:00,3671.496,3672.496,TP,0.84,1,0.3955044885056347,ml_scalp1,2025-09
1310998,long,2025-09-17 07:03:00,2025-09-17 07:04:00,2025-09-17 07:06:00,3672.605,3673.605,TP,0.84,2,0.3946328865176739,ml_scalp1,2025-09
1311011,long,2025-09-17 07:16:00,2025-09-17 07:17:00,2025-09-17 07:19:00,3670.0,3669.52,SL,-0.64,2,0.3965210630166338,ml_scalp1,2025-09
1311024,long,2025-09-17 07:29:00,2025-09-17 07:30:00,2025-09-17 07:31:00,3667.503,3668.503,TP,0.84,1,0.40422516411448256,ml_scalp1,2025-09
1311057,long,2025-09-17 08:02:00,2025-09-17 08:03:00,2025-09-17 08:04:00,3665.148,3666.148,TP,0.84,1,0.3958062711943685,ml_scalp1,2025-09
1311070,long,2025-09-17 08:15:00,2025-09-17 08:16:00,2025-09-17 08:17:00,3663.923,3664.923,TP,0.84,1,0.40293623773788056,ml_scalp1,2025-09
1311092,long,2025-09-17 08:37:00,2025-09-17 08:38:00,2025-09-17 08:39:00,3663.552,3664.552,TP,0.84,1,0.4016675143028351,ml_scalp1,2025-09
1311187,long,2025-09-17 10:12:00,2025-09-17 10:13:00,2025-09-17 10:14:00,3661.732,3662.732,TP,0.84,1,0.4028434026406843,ml_scalp1,2025-09
1311235,long,2025-09-17 11:00:00,2025-09-17 11:01:00,2025-09-17 11:03:00,3660.061,3661.061,TP,0.84,2,0.39809359470396644,ml_scalp1,2025-09
1311401,long,2025-09-17 13:46:00,2025-09-17 13:47:00,2025-09-17 13:48:00,3677.08,3678.08,TP,0.84,1,0.39529265125934326,ml_scalp1,2025-09
1311656,long,2025-09-17 18:01:00,2025-09-17 18:02:00,2025-09-17 18:03:00,3680.878,3681.878,TP,0.84,1,0.39237559534727184,ml_scalp1,2025-09
1311687,long,2025-09-17 18:32:00,2025-09-17 18:33:00,2025-09-17 18:34:00,3674.417,3673.937,SL,-0.64,1,0.3981070827061817,ml_scalp1,2025-09
1311700,long,2025-09-17 18:45:00,2025-09-17 18:46:00,2025-09-17 18:47:00,3659.795,3659.315,SL,-0.64,1,0.3966592556839764,ml_scalp1,2025-09
1311728,long,2025-09-17 19:13:00,2025-09-17 19:14:00,2025-09-17 19:15:00,3648.416,3649.416,TP,0.84,1,0.393284490646402,ml_scalp1,2025-09
1311836,long,2025-09-17 22:05:00,2025-09-17 22:06:00,2025-09-17 22:07:00,3659.21,3658.73,SL,-0.64,1,0.3925945640875495,ml_scalp1,2025-09
1312014,long,2025-09-18 01:03:00,2025-09-18 01:04:00,2025-09-18 01:05:00,3662.379,3661.899,SL,-0.64,1,0.39605602822289,ml_scalp1,2025-09
1312026,long,2025-09-18 01:15:00,2025-09-18 01:16:00,2025-09-18 01:17:00,3656.355,3657.355,TP,0.84,1,0.4013209683982585,ml_scalp1,2025-09
1312039,long,2025-09-18 01:28:00,2025-09-18 01:29:00,2025-09-18 01:30:00,3656.067,3655.587,SL,-0.64,1,0.3922108993611495,ml_scalp1,2025-09
1312053,long,2025-09-18 01:42:00,2025-09-18 01:43:00,2025-09-18 01:44:00,3654.418,3653.938,SL,-0.64,1,0.39318904755050527,ml_scalp1,2025-09
1312272,long,2025-09-18 05:21:00,2025-09-18 05:22:00,2025-09-18 05:26:00,3657.018,3658.018,TP,0.84,4,0.3920441059620579,ml_scalp1,2025-09
1312314,long,2025-09-18 06:03:00,2025-09-18 06:04:00,2025-09-18 06:05:00,3646.068,3645.588,SL,-0.64,1,0.4120993907177643,ml_scalp1,2025-09
1312328,long,2025-09-18 06:17:00,2025-09-18 06:18:00,2025-09-18 06:19:00,3635.337,3636.337,TP,0.84,1,0.39622819941442977,ml_scalp1,2025-09
1312340,short,2025-09-18 06:29:00,2025-09-18 06:30:00,2025-09-18 06:31:00,3638.592,3637.592,TP,0.84,1,0.36425774445435993,ml_scalp1,2025-09
1312610,long,2025-09-18 10:59:00,2025-09-18 11:00:00,2025-09-18 11:03:00,3667.19,3668.19,TP,0.84,3,0.393990076333928,ml_scalp1,2025-09
1312624,long,2025-09-18 11:13:00,2025-09-18 11:14:00,2025-09-18 11:15:00,3666.761,3667.761,TP,0.84,1,0.39724914686580204,ml_scalp1,2025-09
1312732,long,2025-09-18 13:01:00,2025-09-18 13:02:00,2025-09-18 13:03:00,3660.035,3661.035,TP,0.84,1,0.39960187286990295,ml_scalp1,2025-09
1312761,long,2025-09-18 13:30:00,2025-09-18 13:31:00,2025-09-18 13:32:00,3651.972,3651.492,SL,-0.64,1,0.39389837049871085,ml_scalp1,2025-09
1312773,long,2025-09-18 13:42:00,2025-09-18 13:43:00,2025-09-18 13:44:00,3637.348,3636.868,SL,-0.64,1,0.39828366032799806,ml_scalp1,2025-09
1312786,short,2025-09-18 13:55:00,2025-09-18 13:56:00,2025-09-18 13:57:00,3636.726,3637.206,SL,-0.64,1,0.36380417029782114,ml_scalp1,2025-09
1312799,short,2025-09-18 14:08:00,2025-09-18 14:09:00,2025-09-18 14:10:00,3639.627,3640.107,SL,-0.64,1,0.36393368622386435,ml_scalp1,2025-09
1312822,short,2025-09-18 14:31:00,2025-09-18 14:32:00,2025-09-18 14:33:00,3638.834,3637.834,TP,0.84,1,0.363964154131452,ml_scalp1,2025-09
1313278,long,2025-09-18 23:11:00,2025-09-18 23:12:00,2025-09-18 23:17:00,3640.675,3640.195,SL,-0.64,5,0.39343905622404163,ml_scalp1,2025-09
1313294,long,2025-09-18 23:27:00,2025-09-18 23:28:00,2025-09-18 23:29:00,3639.58,3639.1,SL,-0.64,1,0.4084961969598701,ml_scalp1,2025-09
1313306,long,2025-09-18 23:39:00,2025-09-18 23:40:00,2025-09-18 23:41:00,3638.829,3638.349,SL,-0.64,1,0.40852316044331094,ml_scalp1,2025-09
1313344,long,2025-09-19 00:17:00,2025-09-19 00:18:00,2025-09-19 00:19:00,3639.336,3638.8559999999998,SL,-0.64,1,0.40139838591726684,ml_scalp1,2025-09
1313437,long,2025-09-19 01:50:00,2025-09-19 01:51:00,2025-09-19 01:52:00,3636.886,3636.406,SL,-0.64,1,0.3986440174238371,ml_scalp1,2025-09
1313722,long,2025-09-19 06:35:00,2025-09-19 06:36:00,2025-09-19 06:37:00,3644.62,3645.62,TP,0.84,1,0.39521651297278976,ml_scalp1,2025-09
1314042,long,2025-09-19 11:55:00,2025-09-19 11:56:00,2025-09-19 11:57:00,3646.097,3647.097,TP,0.84,1,0.39421807876859183,ml_scalp1,2025-09
1314097,long,2025-09-19 12:50:00,2025-09-19 12:51:00,2025-09-19 12:52:00,3644.916,3645.916,TP,0.84,1,0.3963650010985704,ml_scalp1,2025-09
1314109,long,2025-09-19 13:02:00,2025-09-19 13:03:00,2025-09-19 13:04:00,3644.946,3645.946,TP,0.84,1,0.39679684952371636,ml_scalp1,2025-09
1314257,long,2025-09-19 15:30:00,2025-09-19 15:31:00,2025-09-19 15:32:00,3668.564,3669.564,TP,0.84,1,0.39597679420159704,ml_scalp1,2025-09
1314682,long,2025-09-21 23:42:00,2025-09-21 23:43:00,2025-09-21 23:45:00,3686.765,3687.765,TP,0.84,2,0.39461422667200374,ml_scalp1,2025-09
1314743,long,2025-09-22 00:43:00,2025-09-22 00:44:00,2025-09-22 00:49:00,3689.536,3689.056,SL,-0.64,5,0.3937911725202122,ml_scalp1,2025-09
1315010,long,2025-09-22 05:10:00,2025-09-22 05:11:00,2025-09-22 05:16:00,3693.381,3694.381,TP,0.84,5,0.39173011279100106,ml_scalp1,2025-09
1315098,short,2025-09-22 06:38:00,2025-09-22 06:39:00,2025-09-22 06:40:00,3712.942,3713.422,SL,-0.64,1,0.36443405551030117,ml_scalp1,2025-09
1315110,short,2025-09-22 06:50:00,2025-09-22 06:51:00,2025-09-22 06:52:00,3719.122,3718.122,TP,0.84,1,0.36535172682255773,ml_scalp1,2025-09
1315122,short,2025-09-22 07:02:00,2025-09-22 07:03:00,2025-09-22 07:04:00,3714.209,3713.209,TP,0.84,1,0.36531584482640295,ml_scalp1,2025-09
1315134,short,2025-09-22 07:14:00,2025-09-22 07:15:00,2025-09-22 07:16:00,3711.352,3711.832,SL,-0.64,1,0.36531584482640295,ml_scalp1,2025-09
1315146,short,2025-09-22 07:26:00,2025-09-22 07:27:00,2025-09-22 07:28:00,3711.095,3711.575,SL,-0.64,1,0.36508085008368546,ml_scalp1,2025-09
1315158,short,2025-09-22 07:38:00,2025-09-22 07:39:00,2025-09-22 07:40:00,3715.609,3714.609,TP,0.84,1,0.3650412725995546,ml_scalp1,2025-09
1315439,short,2025-09-22 12:19:00,2025-09-22 12:20:00,2025-09-22 12:21:00,3718.181,3717.181,TP,0.84,1,0.3642324743056584,ml_scalp1,2025-09
1315455,short,2025-09-22 12:35:00,2025-09-22 12:36:00,2025-09-22 12:37:00,3717.904,3716.904,TP,0.84,1,0.3639978919416481,ml_scalp1,2025-09
1315469,short,2025-09-22 12:49:00,2025-09-22 12:50:00,2025-09-22 12:51:00,3719.511,3719.991,SL,-0.64,1,0.3652102696911574,ml_scalp1,2025-09
1315481,short,2025-09-22 13:01:00,2025-09-22 13:02:00,2025-09-22 13:03:00,3723.621,3724.101,SL,-0.64,1,0.36517314096451603,ml_scalp1,2025-09
1315493,short,2025-09-22 13:13:00,2025-09-22 13:14:00,2025-09-22 13:15:00,3722.955,3721.955,TP,0.84,1,0.36517314096451603,ml_scalp1,2025-09
1315505,short,2025-09-22 13:25:00,2025-09-22 13:26:00,2025-09-22 13:27:00,3722.623,3723.103,SL,-0.64,1,0.36517314096451603,ml_scalp1,2025-09
1315520,short,2025-09-22 13:40:00,2025-09-22 13:41:00,2025-09-22 13:42:00,3723.651,3722.651,TP,0.84,1,0.36517314096451603,ml_scalp1,2025-09
1315560,long,2025-09-22 14:20:00,2025-09-22 14:21:00,2025-09-22 14:22:00,3717.245,3718.245,TP,0.84,1,0.3956990149155531,ml_scalp1,2025-09
1315593,short,2025-09-22 14:53:00,2025-09-22 14:54:00,2025-09-22 14:55:00,3725.833,3726.313,SL,-0.64,1,0.3640442822632302,ml_scalp1,2025-09
1315971,long,2025-09-22 22:15:00,2025-09-22 22:16:00,2025-09-22 22:24:00,3745.292,3744.812,SL,-0.64,8,0.39328719591892125,ml_scalp1,2025-09
1315990,long,2025-09-22 22:34:00,2025-09-22 22:35:00,2025-09-22 22:38:00,3743.995,3743.515,SL,-0.64,3,0.3920527630901337,ml_scalp1,2025-09
1316251,long,2025-09-23 02:55:00,2025-09-23 02:56:00,2025-09-23 02:57:00,3738.38,3739.38,TP,0.84,1,0.3922255584823075,ml_scalp1,2025-09
1316600,short,2025-09-23 08:44:00,2025-09-23 08:45:00,2025-09-23 08:46:00,3770.165,3770.645,SL,-0.64,1,0.3642292919638373,ml_scalp1,2025-09
1316612,short,2025-09-23 08:56:00,2025-09-23 08:57:00,2025-09-23 08:58:00,3774.982,3773.982,TP,0.84,1,0.36497036940361904,ml_scalp1,2025-09
1316624,short,2025-09-23 09:08:00,2025-09-23 09:09:00,2025-09-23 09:10:00,3779.551,3780.031,SL,-0.64,1,0.3652367909084408,ml_scalp1,2025-09
1316636,short,2025-09-23 09:20:00,2025-09-23 09:21:00,2025-09-23 09:22:00,3782.827,3783.3070000000002,SL,-0.64,1,0.3650377267280826,ml_scalp1,2025-09
1316648,short,2025-09-23 09:32:00,2025-09-23 09:33:00,2025-09-23 09:34:00,3784.833,3785.313,SL,-0.64,1,0.36535172682255773,ml_scalp1,2025-09
1316660,long,2025-09-23 09:44:00,2025-09-23 09:45:00,2025-09-23 09:46:00,3778.339,3779.339,TP,0.84,1,0.39643920444108105,ml_scalp1,2025-09
1316672,short,2025-09-23 09:56:00,2025-09-23 09:57:00,2025-09-23 09:58:00,3785.922,3784.922,TP,0.84,1,0.3653888853515214,ml_scalp1,2025-09
1316807,long,2025-09-23 12:11:00,2025-09-23 12:12:00,2025-09-23 12:13:00,3778.488,3779.488,TP,0.84,1,0.3948188172426418,ml_scalp1,2025-09
1316819,short,2025-09-23 12:23:00,2025-09-23 12:24:00,2025-09-23 12:25:00,3782.311,3781.311,TP,0.84,1,0.3643039833281862,ml_scalp1,2025-09
1316831,short,2025-09-23 12:35:00,2025-09-23 12:36:00,2025-09-23 12:38:00,3782.967,3783.447,SL,-0.64,2,0.3648074049104521,ml_scalp1,2025-09
1316874,short,2025-09-23 13:18:00,2025-09-23 13:19:00,2025-09-23 13:20:00,3784.73,3783.73,TP,0.84,1,0.3639982214044194,ml_scalp1,2025-09
1316887,short,2025-09-23 13:31:00,2025-09-23 13:32:00,2025-09-23 13:33:00,3783.886,3784.366,SL,-0.64,1,0.3640687515396331,ml_scalp1,2025-09
1316899,short,2025-09-23 13:43:00,2025-09-23 13:44:00,2025-09-23 13:45:00,3784.38,3784.86,SL,-0.64,1,0.36395157087314406,ml_scalp1,2025-09
1316933,long,2025-09-23 14:17:00,2025-09-23 14:18:00,2025-09-23 14:19:00,3772.008,3771.528,SL,-0.64,1,0.3941978972604768,ml_scalp1,2025-09
1317071,long,2025-09-23 16:35:00,2025-09-23 16:36:00,2025-09-23 16:37:00,3772.54,3772.06,SL,-0.64,1,0.3934439391536328,ml_scalp1,2025-09
1317211,long,2025-09-23 18:55:00,2025-09-23 18:56:00,2025-09-23 18:57:00,3765.988,3765.508,SL,-0.64,1,0.39783361381507415,ml_scalp1,2025-09
1317223,long,2025-09-23 19:07:00,2025-09-23 19:08:00,2025-09-23 19:09:00,3758.746,3758.266,SL,-0.64,1,0.39434029121387565,ml_scalp1,2025-09
1317235,long,2025-09-23 19:19:00,2025-09-23 19:20:00,2025-09-23 19:21:00,3752.689,3753.689,TP,0.84,1,0.39427932023887596,ml_scalp1,2025-09
1318300,long,2025-09-24 14:08:00,2025-09-24 14:09:00,2025-09-24 14:10:00,3756.26,3757.26,TP,0.84,1,0.3982674800587482,ml_scalp1,2025-09
1318325,long,2025-09-24 14:33:00,2025-09-24 14:34:00,2025-09-24 14:35:00,3754.286,3755.286,TP,0.84,1,0.3917043104573897,ml_scalp1,2025-09
1318382,long,2025-09-24 15:30:00,2025-09-24 15:31:00,2025-09-24 15:32:00,3749.571,3749.091,SL,-0.64,1,0.39465850123558616,ml_scalp1,2025-09
1318394,long,2025-09-24 15:42:00,2025-09-24 15:43:00,2025-09-24 15:44:00,3743.482,3744.482,TP,0.84,1,0.41151563576580896,ml_scalp1,2025-09
1318409,long,2025-09-24 15:57:00,2025-09-24 15:58:00,2025-09-24 15:59:00,3742.654,3742.174,SL,-0.64,1,0.3958692856633015,ml_scalp1,2025-09
1318428,long,2025-09-24 16:16:00,2025-09-24 16:17:00,2025-09-24 16:18:00,3738.847,3739.847,TP,0.84,1,0.39890730513498474,ml_scalp1,2025-09
1318454,long,2025-09-24 16:42:00,2025-09-24 16:43:00,2025-09-24 16:44:00,3737.202,3736.722,SL,-0.64,1,0.3995449205001289,ml_scalp1,2025-09
1318592,long,2025-09-24 19:00:00,2025-09-24 19:01:00,2025-09-24 19:02:00,3722.049,3721.569,SL,-0.64,1,0.39184809364861284,ml_scalp1,2025-09
1318703,long,2025-09-24 20:51:00,2025-09-24 20:52:00,2025-09-24 20:54:00,3735.475,3736.475,TP,0.84,2,0.3955673920326391,ml_scalp1,2025-09
1318953,long,2025-09-25 02:05:00,2025-09-25 02:06:00,2025-09-25 02:07:00,3731.165,3730.685,SL,-0.64,1,0.40306583237304294,ml_scalp1,2025-09
1319490,long,2025-09-25 11:02:00,2025-09-25 11:03:00,2025-09-25 11:04:00,3752.676,3752.196,SL,-0.64,1,0.39640888229142746,ml_scalp1,2025-09
1319578,long,2025-09-25 12:30:00,2025-09-25 12:31:00,2025-09-25 12:32:00,3745.939,3745.459,SL,-0.64,1,0.39843953358692413,ml_scalp1,2025-09
1319595,long,2025-09-25 12:47:00,2025-09-25 12:48:00,2025-09-25 12:49:00,3736.03,3737.03,TP,0.84,1,0.4011874341983815,ml_scalp1,2025-09
1319642,long,2025-09-25 13:34:00,2025-09-25 13:35:00,2025-09-25 13:36:00,3736.251,3735.771,SL,-0.64,1,0.393688442207755,ml_scalp1,2025-09
1321006,long,2025-09-26 13:22:00,2025-09-26 13:23:00,2025-09-26 13:24:00,3757.359,3756.879,SL,-0.64,1,0.3920440856640147,ml_scalp1,2025-09
1321069,short,2025-09-26 14:25:00,2025-09-26 14:26:00,2025-09-26 14:27:00,3781.806,3782.286,SL,-0.64,1,0.364005724645545,ml_scalp1,2025-09
1321081,long,2025-09-26 14:37:00,2025-09-26 14:38:00,2025-09-26 14:39:00,3779.206,3778.726,SL,-0.64,1,0.39223196835509994,ml_scalp1,2025-09
1321094,long,2025-09-26 14:50:00,2025-09-26 14:51:00,2025-09-26 14:52:00,3775.639,3775.159,SL,-0.64,1,0.39192459973411764,ml_scalp1,2025-09
1321107,long,2025-09-26 15:03:00,2025-09-26 15:04:00,2025-09-26 15:05:00,3778.666,3778.186,SL,-0.64,1,0.3933566765776955,ml_scalp1,2025-09
1321120,long,2025-09-26 15:16:00,2025-09-26 15:17:00,2025-09-26 15:18:00,3775.31,3774.83,SL,-0.64,1,0.39177224181282755,ml_scalp1,2025-09
1321147,long,2025-09-26 15:43:00,2025-09-26 15:44:00,2025-09-26 15:45:00,3777.168,3776.688,SL,-0.64,1,0.39481250140384894,ml_scalp1,2025-09
1321164,long,2025-09-26 16:00:00,2025-09-26 16:01:00,2025-09-26 16:02:00,3779.222,3778.742,SL,-0.64,1,0.39223315051956464,ml_scalp1,2025-09
1321176,long,2025-09-26 16:12:00,2025-09-26 16:13:00,2025-09-26 16:14:00,3778.648,3778.168,SL,-0.64,1,0.4002892007946954,ml_scalp1,2025-09
1321188,long,2025-09-26 16:24:00,2025-09-26 16:25:00,2025-09-26 16:26:00,3771.903,3772.903,TP,0.84,1,0.39933768008694587,ml_scalp1,2025-09
1321200,long,2025-09-26 16:36:00,2025-09-26 16:37:00,2025-09-26 16:39:00,3775.718,3775.238,SL,-0.64,2,0.39668940103358596,ml_scalp1,2025-09
1321214,long,2025-09-26 16:50:00,2025-09-26 16:51:00,2025-09-26 16:52:00,3776.237,3775.757,SL,-0.64,1,0.39356570829004545,ml_scalp1,2025-09
1321396,long,2025-09-26 19:52:00,2025-09-26 19:53:00,2025-09-26 19:54:00,3765.705,3766.705,TP,0.84,1,0.3953208520470253,ml_scalp1,2025-09
1321643,long,2025-09-29 01:06:00,2025-09-29 01:07:00,2025-09-29 01:08:00,3779.687,3779.207,SL,-0.64,1,0.39889309137717444,ml_scalp1,2025-09
1321655,long,2025-09-29 01:18:00,2025-09-29 01:19:00,2025-09-29 01:20:00,3778.633,3778.153,SL,-0.64,1,0.3924476896487983,ml_scalp1,2025-09
1321719,long,2025-09-29 02:22:00,2025-09-29 02:23:00,2025-09-29 02:24:00,3796.329,3795.849,SL,-0.64,1,0.3948980004205117,ml_scalp1,2025-09
1321731,long,2025-09-29 02:34:00,2025-09-29 02:35:00,2025-09-29 02:36:00,3794.77,3794.29,SL,-0.64,1,0.39232455165232205,ml_scalp1,2025-09
1321745,long,2025-09-29 02:48:00,2025-09-29 02:49:00,2025-09-29 02:50:00,3789.563,3790.563,TP,0.84,1,0.3947520183062576,ml_scalp1,2025-09
1321929,short,2025-09-29 05:52:00,2025-09-29 05:53:00,2025-09-29 05:54:00,3808.802,3809.282,SL,-0.64,1,0.3641367219188956,ml_scalp1,2025-09
1321941,short,2025-09-29 06:04:00,2025-09-29 06:05:00,2025-09-29 06:06:00,3813.509,3812.509,TP,0.84,1,0.36402278268512456,ml_scalp1,2025-09
1321953,short,2025-09-29 06:16:00,2025-09-29 06:17:00,2025-09-29 06:18:00,3817.378,3816.378,TP,0.84,1,0.36403021307464667,ml_scalp1,2025-09
1321965,short,2025-09-29 06:28:00,2025-09-29 06:29:00,2025-09-29 06:30:00,3813.614,3814.094,SL,-0.64,1,0.36428157154170965,ml_scalp1,2025-09
1321977,short,2025-09-29 06:40:00,2025-09-29 06:41:00,2025-09-29 06:42:00,3815.38,3815.86,SL,-0.64,1,0.36434200210935586,ml_scalp1,2025-09
1321989,short,2025-09-29 06:52:00,2025-09-29 06:53:00,2025-09-29 06:54:00,3814.921,3815.401,SL,-0.64,1,0.36420036987531584,ml_scalp1,2025-09
1322006,short,2025-09-29 07:09:00,2025-09-29 07:10:00,2025-09-29 07:11:00,3815.286,3815.766,SL,-0.64,1,0.3641690193170586,ml_scalp1,2025-09
1322407,long,2025-09-29 13:50:00,2025-09-29 13:51:00,2025-09-29 13:52:00,3819.964,3820.964,TP,0.84,1,0.3947732965280677,ml_scalp1,2025-09
1322928,long,2025-09-29 23:35:00,2025-09-29 23:36:00,2025-09-29 23:44:00,3828.165,3829.165,TP,0.84,8,0.39653739264476945,ml_scalp1,2025-09
1323399,long,2025-09-30 07:26:00,2025-09-30 07:27:00,2025-09-30 07:28:00,3850.211,3851.211,TP,0.84,1,0.3945186603172596,ml_scalp1,2025-09
1323414,long,2025-09-30 07:41:00,2025-09-30 07:42:00,2025-09-30 07:43:00,3847.34,3846.86,SL,-0.64,1,0.3996151719236813,ml_scalp1,2025-09
1323428,long,2025-09-30 07:55:00,2025-09-30 07:56:00,2025-09-30 07:57:00,3842.989,3842.509,SL,-0.64,1,0.3933085695641213,ml_scalp1,2025-09
1323440,long,2025-09-30 08:07:00,2025-09-30 08:08:00,2025-09-30 08:09:00,3837.218,3836.738,SL,-0.64,1,0.4050628623757719,ml_scalp1,2025-09
1323452,long,2025-09-30 08:19:00,2025-09-30 08:20:00,2025-09-30 08:21:00,3832.685,3832.205,SL,-0.64,1,0.40165981121118255,ml_scalp1,2025-09
1323464,long,2025-09-30 08:31:00,2025-09-30 08:32:00,2025-09-30 08:33:00,3817.273,3816.793,SL,-0.64,1,0.40071191045331067,ml_scalp1,2025-09
1323501,long,2025-09-30 09:08:00,2025-09-30 09:09:00,2025-09-30 09:10:00,3812.008,3811.528,SL,-0.64,1,0.39521522172535634,ml_scalp1,2025-09
1323518,short,2025-09-30 09:25:00,2025-09-30 09:26:00,2025-09-30 09:27:00,3801.718,3800.718,TP,0.84,1,0.36397649414482763,ml_scalp1,2025-09
1323531,short,2025-09-30 09:38:00,2025-09-30 09:39:00,2025-09-30 09:40:00,3801.383,3801.863,SL,-0.64,1,0.36401381161951074,ml_scalp1,2025-09
1323551,short,2025-09-30 09:58:00,2025-09-30 09:59:00,2025-09-30 10:00:00,3800.656,3799.656,TP,0.84,1,0.36392097754643593,ml_scalp1,2025-09
1323855,long,2025-09-30 15:02:00,2025-09-30 15:03:00,2025-09-30 15:04:00,3846.259,3847.259,TP,0.84,1,0.3923280540174096,ml_scalp1,2025-09
1323867,long,2025-09-30 15:14:00,2025-09-30 15:15:00,2025-09-30 15:16:00,3835.357,3834.877,SL,-0.64,1,0.3930741617222482,ml_scalp1,2025-09
1323879,long,2025-09-30 15:26:00,2025-09-30 15:27:00,2025-09-30 15:28:00,3834.525,3835.525,TP,0.84,1,0.3956475974901297,ml_scalp1,2025-09
1323896,long,2025-09-30 15:43:00,2025-09-30 15:44:00,2025-09-30 15:45:00,3835.776,3836.776,TP,0.84,1,0.3927422213365444,ml_scalp1,2025-09
1324915,long,2025-10-01 09:46:00,2025-10-01 09:47:00,2025-10-01 09:48:00,3885.539,3886.539,TP,0.84,1,0.4011866426038911,ml_scalp1,2025-10
1324939,long,2025-10-01 10:10:00,2025-10-01 10:11:00,2025-10-01 10:12:00,3885.777,3886.777,TP,0.84,1,0.39989551782618105,ml_scalp1,2025-10
1325075,long,2025-10-01 12:26:00,2025-10-01 12:27:00,2025-10-01 12:28:00,3877.409,3876.929,SL,-0.64,1,0.41097378574182664,ml_scalp1,2025-10
1325087,long,2025-10-01 12:38:00,2025-10-01 12:39:00,2025-10-01 12:40:00,3876.713,3876.233,SL,-0.64,1,0.41371806657339527,ml_scalp1,2025-10
1325099,long,2025-10-01 12:50:00,2025-10-01 12:51:00,2025-10-01 12:52:00,3872.082,3871.602,SL,-0.64,1,0.4020489602562082,ml_scalp1,2025-10
1325124,long,2025-10-01 13:15:00,2025-10-01 13:16:00,2025-10-01 13:17:00,3864.364,3865.364,TP,0.84,1,0.41632763895417524,ml_scalp1,2025-10
1325216,long,2025-10-01 14:47:00,2025-10-01 14:48:00,2025-10-01 14:49:00,3864.857,3864.377,SL,-0.64,1,0.418540827954497,ml_scalp1,2025-10
1325240,long,2025-10-01 15:11:00,2025-10-01 15:12:00,2025-10-01 15:13:00,3868.878,3868.398,SL,-0.64,1,0.4007936363932622,ml_scalp1,2025-10
1326561,long,2025-10-02 14:16:00,2025-10-02 14:17:00,2025-10-02 14:18:00,3867.214,3868.214,TP,0.84,1,0.40087582263294863,ml_scalp1,2025-10
1326579,long,2025-10-02 14:34:00,2025-10-02 14:35:00,2025-10-02 14:36:00,3857.245,3856.765,SL,-0.64,1,0.4111005655027888,ml_scalp1,2025-10
1326591,long,2025-10-02 14:46:00,2025-10-02 14:47:00,2025-10-02 14:48:00,3833.169,3832.689,SL,-0.64,1,0.4121782352539498,ml_scalp1,2025-10
1326639,short,2025-10-02 15:34:00,2025-10-02 15:35:00,2025-10-02 15:36:00,3828.794,3829.274,SL,-0.64,1,0.35615773197109063,ml_scalp1,2025-10
1326655,short,2025-10-02 15:50:00,2025-10-02 15:51:00,2025-10-02 15:52:00,3831.002,3830.002,TP,0.84,1,0.3562795936673339,ml_scalp1,2025-10
1326667,short,2025-10-02 16:02:00,2025-10-02 16:03:00,2025-10-02 16:04:00,3829.313,3829.793,SL,-0.64,1,0.35636528527830597,ml_scalp1,2025-10
1326708,short,2025-10-02 16:43:00,2025-10-02 16:44:00,2025-10-02 16:45:00,3841.952,3842.4320000000002,SL,-0.64,1,0.3560895790268437,ml_scalp1,2025-10
1326720,short,2025-10-02 16:55:00,2025-10-02 16:56:00,2025-10-02 16:57:00,3841.796,3842.276,SL,-0.64,1,0.3560895790268437,ml_scalp1,2025-10
1327031,long,2025-10-02 23:10:00,2025-10-02 23:11:00,2025-10-02 23:21:00,3857.625,3857.145,SL,-0.64,10,0.4008049615884853,ml_scalp1,2025-10
1327174,long,2025-10-03 01:33:00,2025-10-03 01:34:00,2025-10-03 01:35:00,3847.786,3848.786,TP,0.84,1,0.40237075441904907,ml_scalp1,2025-10
1327282,long,2025-10-03 03:21:00,2025-10-03 03:22:00,2025-10-03 03:23:00,3840.698,3841.698,TP,0.84,1,0.4148923307903405,ml_scalp1,2025-10
1327483,long,2025-10-03 06:42:00,2025-10-03 06:43:00,2025-10-03 06:44:00,3859.319,3858.839,SL,-0.64,1,0.3997944953020396,ml_scalp1,2025-10
1327929,long,2025-10-03 14:08:00,2025-10-03 14:09:00,2025-10-03 14:10:00,3874.482,3875.482,TP,0.84,1,0.40079491532399386,ml_scalp1,2025-10
1328005,long,2025-10-03 15:24:00,2025-10-03 15:25:00,2025-10-03 15:26:00,3886.028,3885.548,SL,-0.64,1,0.4010651070477148,ml_scalp1,2025-10
1328060,long,2025-10-03 16:19:00,2025-10-03 16:20:00,2025-10-03 16:21:00,3880.87,3881.87,TP,0.84,1,0.39973591644492273,ml_scalp1,2025-10
1328456,long,2025-10-06 00:02:00,2025-10-06 00:03:00,2025-10-06 00:04:00,3906.048,3905.5679999999998,SL,-0.64,1,0.4000323869469381,ml_scalp1,2025-10
1328468,long,2025-10-06 00:14:00,2025-10-06 00:15:00,2025-10-06 00:16:00,3904.454,3903.974,SL,-0.64,1,0.4004773190480896,ml_scalp1,2025-10
1328480,long,2025-10-06 00:26:00,2025-10-06 00:27:00,2025-10-06 00:28:00,3900.999,3900.519,SL,-0.64,1,0.42859931583074007,ml_scalp1,2025-10
1328492,long,2025-10-06 00:38:00,2025-10-06 00:39:00,2025-10-06 00:40:00,3902.668,3902.188,SL,-0.64,1,0.4158442227327772,ml_scalp1,2025-10
1328504,long,2025-10-06 00:50:00,2025-10-06 00:51:00,2025-10-06 00:52:00,3902.13,3901.65,SL,-0.64,1,0.41092620119191814,ml_scalp1,2025-10
1328516,long,2025-10-06 01:02:00,2025-10-06 01:03:00,2025-10-06 01:04:00,3901.712,3901.232,SL,-0.64,1,0.40744198274696347,ml_scalp1,2025-10
1328533,long,2025-10-06 01:19:00,2025-10-06 01:20:00,2025-10-06 01:21:00,3904.334,3903.854,SL,-0.64,1,0.40398547032566684,ml_scalp1,2025-10
1328546,long,2025-10-06 01:32:00,2025-10-06 01:33:00,2025-10-06 01:34:00,3906.09,3905.61,SL,-0.64,1,0.4019228266378735,ml_scalp1,2025-10
1328798,short,2025-10-06 05:44:00,2025-10-06 05:45:00,2025-10-06 05:46:00,3930.252,3930.732,SL,-0.64,1,0.3561317890494522,ml_scalp1,2025-10
1328935,short,2025-10-06 08:01:00,2025-10-06 08:02:00,2025-10-06 08:03:00,3944.789,3945.2690000000002,SL,-0.64,1,0.3561571011552668,ml_scalp1,2025-10
1329428,long,2025-10-06 16:14:00,2025-10-06 16:15:00,2025-10-06 16:16:00,3947.976,3947.496,SL,-0.64,1,0.40283910424061337,ml_scalp1,2025-10
1329682,long,2025-10-06 20:28:00,2025-10-06 20:29:00,2025-10-06 20:30:00,3960.478,3959.998,SL,-0.64,1,0.42001217018648473,ml_scalp1,2025-10
1329694,long,2025-10-06 20:40:00,2025-10-06 20:41:00,2025-10-06 20:42:00,3957.921,3958.921,TP,0.84,1,0.43115265026435173,ml_scalp1,2025-10
1329750,long,2025-10-06 22:40:00,2025-10-06 22:41:00,2025-10-06 22:42:00,3961.038,3962.038,TP,0.84,1,0.4018465586778014,ml_scalp1,2025-10
1329890,long,2025-10-07 01:00:00,2025-10-07 01:01:00,2025-10-07 01:02:00,3958.944,3959.944,TP,0.84,1,0.4017656175198977,ml_scalp1,2025-10
1330232,long,2025-10-07 06:42:00,2025-10-07 06:43:00,2025-10-07 06:44:00,3956.026,3957.026,TP,0.84,1,0.40737352729166176,ml_scalp1,2025-10
1330250,long,2025-10-07 07:00:00,2025-10-07 07:01:00,2025-10-07 07:02:00,3952.833,3953.833,TP,0.84,1,0.4040186490485607,ml_scalp1,2025-10
1330272,long,2025-10-07 07:22:00,2025-10-07 07:23:00,2025-10-07 07:24:00,3944.231,3945.231,TP,0.84,1,0.4113330469414253,ml_scalp1,2025-10
1330675,long,2025-10-07 14:05:00,2025-10-07 14:06:00,2025-10-07 14:07:00,3973.026,3972.546,SL,-0.64,1,0.4031643936248679,ml_scalp1,2025-10
1330705,long,2025-10-07 14:35:00,2025-10-07 14:36:00,2025-10-07 14:37:00,3983.886,3983.406,SL,-0.64,1,0.39944874939825364,ml_scalp1,2025-10
1330736,long,2025-10-07 15:06:00,2025-10-07 15:07:00,2025-10-07 15:08:00,3980.491,3981.491,TP,0.84,1,0.40002287572215844,ml_scalp1,2025-10
1331266,long,2025-10-08 01:00:00,2025-10-08 01:01:00,2025-10-08 01:02:00,3989.16,3988.68,SL,-0.64,1,0.40323433995555547,ml_scalp1,2025-10
1332022,long,2025-10-08 13:36:00,2025-10-08 13:37:00,2025-10-08 13:38:00,4028.619,4029.619,TP,0.84,1,0.40213686381023106,ml_scalp1,2025-10
1332352,long,2025-10-08 19:06:00,2025-10-08 19:07:00,2025-10-08 19:08:00,4040.148,4039.668,SL,-0.64,1,0.4028679714778456,ml_scalp1,2025-10
1332470,long,2025-10-08 22:08:00,2025-10-08 22:09:00,2025-10-08 22:10:00,4030.123,4029.643,SL,-0.64,1,0.4028209504796608,ml_scalp1,2025-10
1332524,long,2025-10-08 23:02:00,2025-10-08 23:03:00,2025-10-08 23:04:00,4014.799,4014.319,SL,-0.64,1,0.3999050059075367,ml_scalp1,2025-10
1332572,long,2025-10-08 23:50:00,2025-10-08 23:51:00,2025-10-08 23:52:00,4004.165,4003.685,SL,-0.64,1,0.40228967935621857,ml_scalp1,2025-10
1332719,long,2025-10-09 02:17:00,2025-10-09 02:18:00,2025-10-09 02:19:00,4003.732,4004.732,TP,0.84,1,0.4108253469809225,ml_scalp1,2025-10
1333409,long,2025-10-09 13:47:00,2025-10-09 13:48:00,2025-10-09 13:49:00,4020.635,4021.635,TP,0.84,1,0.40947707951694773,ml_scalp1,2025-10
1333445,long,2025-10-09 14:23:00,2025-10-09 14:24:00,2025-10-09 14:25:00,4011.627,4011.147,SL,-0.64,1,0.4054876769380073,ml_scalp1,2025-10
1333576,long,2025-10-09 16:34:00,2025-10-09 16:35:00,2025-10-09 16:36:00,3998.638,3998.158,SL,-0.64,1,0.42617857844052415,ml_scalp1,2025-10
1333594,long,2025-10-09 16:52:00,2025-10-09 16:53:00,2025-10-09 16:54:00,3977.497,3977.017,SL,-0.64,1,0.3998544607336391,ml_scalp1,2025-10
1333607,long,2025-10-09 17:05:00,2025-10-09 17:06:00,2025-10-09 17:07:00,3964.14,3963.66,SL,-0.64,1,0.4021796144585027,ml_scalp1,2025-10
1333629,short,2025-10-09 17:27:00,2025-10-09 17:28:00,2025-10-09 17:29:00,3957.197,3957.677,SL,-0.64,1,0.3561165401944971,ml_scalp1,2025-10
1333641,short,2025-10-09 17:39:00,2025-10-09 17:40:00,2025-10-09 17:41:00,3958.052,3958.532,SL,-0.64,1,0.35643793340617974,ml_scalp1,2025-10
1333653,short,2025-10-09 17:51:00,2025-10-09 17:52:00,2025-10-09 17:53:00,3958.058,3958.538,SL,-0.64,1,0.35643793340617974,ml_scalp1,2025-10
1333665,short,2025-10-09 18:03:00,2025-10-09 18:04:00,2025-10-09 18:05:00,3953.248,3953.728,SL,-0.64,1,0.35643793340617974,ml_scalp1,2025-10
1333677,short,2025-10-09 18:15:00,2025-10-09 18:16:00,2025-10-09 18:17:00,3963.758,3964.238,SL,-0.64,1,0.3560895790268437,ml_scalp1,2025-10
1333815,long,2025-10-09 20:33:00,2025-10-09 20:34:00,2025-10-09 20:36:00,3976.692,3976.212,SL,-0.64,2,0.40163893850887644,ml_scalp1,2025-10
1333828,long,2025-10-09 20:46:00,2025-10-09 20:47:00,2025-10-09 20:48:00,3976.455,3975.975,SL,-0.64,1,0.3998173807505567,ml_scalp1,2025-10
1333845,long,2025-10-09 22:07:00,2025-10-09 22:08:00,2025-10-09 22:09:00,3975.438,3974.958,SL,-0.64,1,0.4013448904377244,ml_scalp1,2025-10
1333896,long,2025-10-09 22:58:00,2025-10-09 22:59:00,2025-10-09 23:00:00,3974.878,3975.878,TP,0.84,1,0.4020629129933756,ml_scalp1,2025-10
1333908,long,2025-10-09 23:10:00,2025-10-09 23:11:00,2025-10-09 23:12:00,3975.435,3974.955,SL,-0.64,1,0.4077635876831135,ml_scalp1,2025-10
1334035,long,2025-10-10 01:17:00,2025-10-10 01:18:00,2025-10-10 01:19:00,3980.191,3979.711,SL,-0.64,1,0.3998209805006215,ml_scalp1,2025-10
1334164,long,2025-10-10 03:26:00,2025-10-10 03:27:00,2025-10-10 03:28:00,3963.773,3964.773,TP,0.84,1,0.40785114236663916,ml_scalp1,2025-10
1334184,long,2025-10-10 03:46:00,2025-10-10 03:47:00,2025-10-10 03:48:00,3961.3,3962.3,TP,0.84,1,0.4017106953882082,ml_scalp1,2025-10
1334211,long,2025-10-10 04:13:00,2025-10-10 04:14:00,2025-10-10 04:15:00,3952.293,3951.813,SL,-0.64,1,0.41034940044591334,ml_scalp1,2025-10
1334390,short,2025-10-10 07:12:00,2025-10-10 07:13:00,2025-10-10 07:14:00,3958.342,3958.822,SL,-0.64,1,0.3562059997380386,ml_scalp1,2025-10
1334608,long,2025-10-10 10:50:00,2025-10-10 10:51:00,2025-10-10 10:52:00,3998.633,3998.153,SL,-0.64,1,0.40299451872581377,ml_scalp1,2025-10
1334620,long,2025-10-10 11:02:00,2025-10-10 11:03:00,2025-10-10 11:04:00,3996.768,3996.288,SL,-0.64,1,0.4049660166232043,ml_scalp1,2025-10
1334642,long,2025-10-10 11:24:00,2025-10-10 11:25:00,2025-10-10 11:26:00,3997.044,3998.044,TP,0.84,1,0.4005583922096267,ml_scalp1,2025-10
1334725,long,2025-10-10 12:47:00,2025-10-10 12:48:00,2025-10-10 12:49:00,3981.412,3980.932,SL,-0.64,1,0.4038640240855478,ml_scalp1,2025-10
1334741,long,2025-10-10 13:03:00,2025-10-10 13:04:00,2025-10-10 13:05:00,3981.048,3980.5679999999998,SL,-0.64,1,0.4013541238208908,ml_scalp1,2025-10
1334794,long,2025-10-10 13:56:00,2025-10-10 13:57:00,2025-10-10 13:58:00,3977.99,3977.5099999999998,SL,-0.64,1,0.40918100706069205,ml_scalp1,2025-10
1335257,long,2025-10-12 22:46:00,2025-10-12 22:47:00,2025-10-12 22:48:00,4032.874,4033.874,TP,0.84,1,0.4022468140275055,ml_scalp1,2025-10
1335293,long,2025-10-12 23:22:00,2025-10-12 23:23:00,2025-10-12 23:24:00,4047.415,4048.415,TP,0.84,1,0.4030458592868211,ml_scalp1,2025-10
1335305,long,2025-10-12 23:34:00,2025-10-12 23:35:00,2025-10-12 23:36:00,4041.812,4042.812,TP,0.84,1,0.4183173650849211,ml_scalp1,2025-10
1335317,long,2025-10-12 23:46:00,2025-10-12 23:47:00,2025-10-12 23:48:00,4043.249,4042.769,SL,-0.64,1,0.4001506975595065,ml_scalp1,2025-10
1335350,long,2025-10-13 00:19:00,2025-10-13 00:20:00,2025-10-13 00:21:00,4026.232,4025.752,SL,-0.64,1,0.4004297523976649,ml_scalp1,2025-10
1335362,long,2025-10-13 00:31:00,2025-10-13 00:32:00,2025-10-13 00:33:00,4039.291,4038.811,SL,-0.64,1,0.40515924891855076,ml_scalp1,2025-10
1335374,long,2025-10-13 00:43:00,2025-10-13 00:44:00,2025-10-13 00:45:00,4054.033,4055.033,TP,0.84,1,0.4077394410792656,ml_scalp1,2025-10
1335386,long,2025-10-13 00:55:00,2025-10-13 00:56:00,2025-10-13 00:57:00,4048.661,4048.181,SL,-0.64,1,0.40677551429007847,ml_scalp1,2025-10
1335398,long,2025-10-13 01:07:00,2025-10-13 01:08:00,2025-10-13 01:09:00,4044.302,4045.302,TP,0.84,1,0.40933795538922957,ml_scalp1,2025-10
1335410,long,2025-10-13 01:19:00,2025-10-13 01:20:00,2025-10-13 01:21:00,4043.835,4043.355,SL,-0.64,1,0.40114053106541386,ml_scalp1,2025-10
1335423,long,2025-10-13 01:32:00,2025-10-13 01:33:00,2025-10-13 01:34:00,4046.889,4046.409,SL,-0.64,1,0.40064486114849074,ml_scalp1,2025-10
1335442,long,2025-10-13 01:51:00,2025-10-13 01:52:00,2025-10-13 01:53:00,4049.48,4049.0,SL,-0.64,1,0.3998479525699889,ml_scalp1,2025-10
1335455,long,2025-10-13 02:04:00,2025-10-13 02:05:00,2025-10-13 02:06:00,4048.291,4047.811,SL,-0.64,1,0.40100876623603904,ml_scalp1,2025-10
1336820,long,2025-10-14 01:53:00,2025-10-14 01:54:00,2025-10-14 01:55:00,4132.482,4133.482,TP,0.84,1,0.39988053032708565,ml_scalp1,2025-10
1337050,long,2025-10-14 05:43:00,2025-10-14 05:44:00,2025-10-14 05:45:00,4133.737,4133.2570000000005,SL,-0.64,1,0.40630713228325216,ml_scalp1,2025-10
1337063,long,2025-10-14 05:56:00,2025-10-14 05:57:00,2025-10-14 05:58:00,4116.308,4115.828,SL,-0.64,1,0.405398337705364,ml_scalp1,2025-10
1337078,long,2025-10-14 06:11:00,2025-10-14 06:12:00,2025-10-14 06:13:00,4121.169,4120.689,SL,-0.64,1,0.40062835911237193,ml_scalp1,2025-10
1337090,long,2025-10-14 06:23:00,2025-10-14 06:24:00,2025-10-14 06:25:00,4092.295,4093.295,TP,0.84,1,0.41593609351985567,ml_scalp1,2025-10
1337111,long,2025-10-14 06:44:00,2025-10-14 06:45:00,2025-10-14 06:46:00,4098.711,4098.231000000001,SL,-0.64,1,0.3996846404373654,ml_scalp1,2025-10
1337134,long,2025-10-14 07:07:00,2025-10-14 07:08:00,2025-10-14 07:09:00,4106.552,4106.072,SL,-0.64,1,0.40069432464748483,ml_scalp1,2025-10
1337155,long,2025-10-14 07:28:00,2025-10-14 07:29:00,2025-10-14 07:30:00,4123.787,4123.307000000001,SL,-0.64,1,0.40122169885653125,ml_scalp1,2025-10
1337168,long,2025-10-14 07:41:00,2025-10-14 07:42:00,2025-10-14 07:43:00,4123.927,4123.447,SL,-0.64,1,0.40269728227125634,ml_scalp1,2025-10
1337180,long,2025-10-14 07:53:00,2025-10-14 07:54:00,2025-10-14 07:55:00,4124.245,4125.245,TP,0.84,1,0.39981605674196974,ml_scalp1,2025-10
1337292,long,2025-10-14 09:45:00,2025-10-14 09:46:00,2025-10-14 09:47:00,4132.128,4131.648,SL,-0.64,1,0.4005033483529605,ml_scalp1,2025-10
1337353,long,2025-10-14 10:46:00,2025-10-14 10:47:00,2025-10-14 10:48:00,4133.535,4133.055,SL,-0.64,1,0.4079128938518788,ml_scalp1,2025-10
1337451,long,2025-10-14 12:24:00,2025-10-14 12:25:00,2025-10-14 12:26:00,4123.209,4122.729,SL,-0.64,1,0.40035642807008975,ml_scalp1,2025-10
1337464,long,2025-10-14 12:37:00,2025-10-14 12:38:00,2025-10-14 12:39:00,4110.679,4111.679,TP,0.84,1,0.41129351938794667,ml_scalp1,2025-10
1337478,long,2025-10-14 12:51:00,2025-10-14 12:52:00,2025-10-14 12:53:00,4107.058,4108.058,TP,0.84,1,0.41041554663587376,ml_scalp1,2025-10
1337492,long,2025-10-14 13:05:00,2025-10-14 13:06:00,2025-10-14 13:07:00,4104.357,4103.877,SL,-0.64,1,0.4000291247482043,ml_scalp1,2025-10
1338644,long,2025-10-15 09:21:00,2025-10-15 09:22:00,2025-10-15 09:23:00,4178.793,4179.793,TP,0.84,1,0.4152798854234929,ml_scalp1,2025-10
1339034,long,2025-10-15 15:51:00,2025-10-15 15:52:00,2025-10-15 15:53:00,4180.284,4181.284,TP,0.84,1,0.4036622610023479,ml_scalp1,2025-10
1339789,long,2025-10-16 05:30:00,2025-10-16 05:31:00,2025-10-16 05:32:00,4216.176,4215.696000000001,SL,-0.64,1,0.39999962989998916,ml_scalp1,2025-10
1339806,long,2025-10-16 05:47:00,2025-10-16 05:48:00,2025-10-16 05:49:00,4204.85,4205.85,TP,0.84,1,0.4159646709421722,ml_scalp1,2025-10
1339818,long,2025-10-16 05:59:00,2025-10-16 06:00:00,2025-10-16 06:01:00,4204.915,4205.915,TP,0.84,1,0.40929816356593135,ml_scalp1,2025-10
1340372,short,2025-10-16 18:00:00,2025-10-16 18:01:00,2025-10-16 18:03:00,4292.73,4293.209999999999,SL,-0.64,2,0.3561907607132731,ml_scalp1,2025-10
1340386,short,2025-10-16 18:14:00,2025-10-16 18:15:00,2025-10-16 18:16:00,4284.788,4283.788,TP,0.84,1,0.3561948010930872,ml_scalp1,2025-10
1340582,long,2025-10-16 22:34:00,2025-10-16 22:35:00,2025-10-16 22:36:00,4356.646,4356.166,SL,-0.64,1,0.40263323989630584,ml_scalp1,2025-10
1340600,long,2025-10-16 22:52:00,2025-10-16 22:53:00,2025-10-16 22:54:00,4346.752,4346.272000000001,SL,-0.64,1,0.41293122587982545,ml_scalp1,2025-10
1340613,long,2025-10-16 23:05:00,2025-10-16 23:06:00,2025-10-16 23:07:00,4351.358,4352.358,TP,0.84,1,0.40927678330459616,ml_scalp1,2025-10
1340625,long,2025-10-16 23:17:00,2025-10-16 23:18:00,2025-10-16 23:19:00,4358.118,4357.638000000001,SL,-0.64,1,0.40210632594998247,ml_scalp1,2025-10
1340643,long,2025-10-16 23:35:00,2025-10-16 23:36:00,2025-10-16 23:37:00,4358.231,4357.751,SL,-0.64,1,0.4087301929330327,ml_scalp1,2025-10
1340660,long,2025-10-16 23:52:00,2025-10-16 23:53:00,2025-10-16 23:54:00,4375.548,4375.068,SL,-0.64,1,0.4013503541864812,ml_scalp1,2025-10
1340672,long,2025-10-17 00:04:00,2025-10-17 00:05:00,2025-10-17 00:06:00,4361.326,4362.326,TP,0.84,1,0.4138754723971391,ml_scalp1,2025-10
1340684,long,2025-10-17 00:16:00,2025-10-17 00:17:00,2025-10-17 00:18:00,4358.121,4359.121,TP,0.84,1,0.4205083598258673,ml_scalp1,2025-10
1340696,long,2025-10-17 00:28:00,2025-10-17 00:29:00,2025-10-17 00:30:00,4358.661,4358.1810000000005,SL,-0.64,1,0.42255990011647626,ml_scalp1,2025-10
1340709,long,2025-10-17 00:41:00,2025-10-17 00:42:00,2025-10-17 00:43:00,4363.962,4364.962,TP,0.84,1,0.40435998771073944,ml_scalp1,2025-10
1340721,long,2025-10-17 00:53:00,2025-10-17 00:54:00,2025-10-17 00:55:00,4363.994,4364.994,TP,0.84,1,0.41384887062968845,ml_scalp1,2025-10
1340733,long,2025-10-17 01:05:00,2025-10-17 01:06:00,2025-10-17 01:07:00,4352.728,4352.2480000000005,SL,-0.64,1,0.4261828687300568,ml_scalp1,2025-10
1340745,long,2025-10-17 01:17:00,2025-10-17 01:18:00,2025-10-17 01:19:00,4327.871,4328.871,TP,0.84,1,0.41541032934631017,ml_scalp1,2025-10
1340760,long,2025-10-17 01:32:00,2025-10-17 01:33:00,2025-10-17 01:34:00,4320.122,4321.122,TP,0.84,1,0.41227086348728303,ml_scalp1,2025-10
1340772,long,2025-10-17 01:44:00,2025-10-17 01:45:00,2025-10-17 01:46:00,4290.905,4290.425,SL,-0.64,1,0.41528666741410913,ml_scalp1,2025-10
1340784,long,2025-10-17 01:56:00,2025-10-17 01:57:00,2025-10-17 01:58:00,4292.192,4293.192,TP,0.84,1,0.40130644262650544,ml_scalp1,2025-10
1340796,long,2025-10-17 02:08:00,2025-10-17 02:09:00,2025-10-17 02:10:00,4322.905,4323.905,TP,0.84,1,0.400845222950612,ml_scalp1,2025-10
1340808,long,2025-10-17 02:20:00,2025-10-17 02:21:00,2025-10-17 02:22:00,4326.722,4326.242,SL,-0.64,1,0.40397277123472913,ml_scalp1,2025-10
1340821,long,2025-10-17 02:33:00,2025-10-17 02:34:00,2025-10-17 02:35:00,4335.962,4336.962,TP,0.84,1,0.3997809527410122,ml_scalp1,2025-10
1341061,long,2025-10-17 06:33:00,2025-10-17 06:34:00,2025-10-17 06:35:00,4349.166,4350.166,TP,0.84,1,0.4002772124907325,ml_scalp1,2025-10
1341107,long,2025-10-17 07:19:00,2025-10-17 07:20:00,2025-10-17 07:21:00,4341.757,4341.277,SL,-0.64,1,0.41369404760532363,ml_scalp1,2025-10
1341139,long,2025-10-17 07:51:00,2025-10-17 07:52:00,2025-10-17 07:53:00,4338.663,4338.183,SL,-0.64,1,0.39974350517744445,ml_scalp1,2025-10
1341151,long,2025-10-17 08:03:00,2025-10-17 08:04:00,2025-10-17 08:05:00,4332.574,4332.094,SL,-0.64,1,0.40786329709793223,ml_scalp1,2025-10
1341358,long,2025-10-17 11:30:00,2025-10-17 11:31:00,2025-10-17 11:32:00,4314.585,4314.1050000000005,SL,-0.64,1,0.4125527515674199,ml_scalp1,2025-10
1341370,long,2025-10-17 11:42:00,2025-10-17 11:43:00,2025-10-17 11:44:00,4312.346,4311.866,SL,-0.64,1,0.4011675587236599,ml_scalp1,2025-10
1341384,long,2025-10-17 11:56:00,2025-10-17 11:57:00,2025-10-17 11:58:00,4293.066,4292.586,SL,-0.64,1,0.41834305005039835,ml_scalp1,2025-10
1341480,long,2025-10-17 13:32:00,2025-10-17 13:33:00,2025-10-17 13:34:00,4298.3,4297.820000000001,SL,-0.64,1,0.4042532421553403,ml_scalp1,2025-10
1341510,long,2025-10-17 14:02:00,2025-10-17 14:03:00,2025-10-17 14:04:00,4258.61,4258.13,SL,-0.64,1,0.40051299888007763,ml_scalp1,2025-10
1341522,long,2025-10-17 14:14:00,2025-10-17 14:15:00,2025-10-17 14:16:00,4217.648,4218.648,TP,0.84,1,0.4099495783384317,ml_scalp1,2025-10
1341657,long,2025-10-17 16:29:00,2025-10-17 16:30:00,2025-10-17 16:31:00,4214.628,4215.628,TP,0.84,1,0.41326029783217355,ml_scalp1,2025-10
1341673,long,2025-10-17 16:45:00,2025-10-17 16:46:00,2025-10-17 16:47:00,4207.601,4207.121,SL,-0.64,1,0.4001825552354564,ml_scalp1,2025-10
1341690,long,2025-10-17 17:02:00,2025-10-17 17:03:00,2025-10-17 17:04:00,4196.503,4196.023,SL,-0.64,1,0.4091870094841578,ml_scalp1,2025-10
1342032,long,2025-10-19 23:51:00,2025-10-19 23:52:00,2025-10-19 23:53:00,4234.348,4235.348,TP,0.84,1,0.42319762569659136,ml_scalp1,2025-10
1342046,long,2025-10-20 00:05:00,2025-10-20 00:06:00,2025-10-20 00:07:00,4235.562,4235.082,SL,-0.64,1,0.4035908299909559,ml_scalp1,2025-10
1342059,long,2025-10-20 00:18:00,2025-10-20 00:19:00,2025-10-20 00:20:00,4223.699,4224.699,TP,0.84,1,0.40200332480137224,ml_scalp1,2025-10
1342102,long,2025-10-20 01:01:00,2025-10-20 01:02:00,2025-10-20 01:03:00,4234.612,4234.1320000000005,SL,-0.64,1,0.4016696485337578,ml_scalp1,2025-10
1342705,long,2025-10-20 11:04:00,2025-10-20 11:05:00,2025-10-20 11:06:00,4256.043,4255.563,SL,-0.64,1,0.4195224741117298,ml_scalp1,2025-10
1343339,long,2025-10-20 22:42:00,2025-10-20 22:43:00,2025-10-20 22:44:00,4359.484,4359.004000000001,SL,-0.64,1,0.40048087335733784,ml_scalp1,2025-10
1343375,long,2025-10-20 23:18:00,2025-10-20 23:19:00,2025-10-20 23:20:00,4361.96,4362.96,TP,0.84,1,0.40318661998714683,ml_scalp1,2025-10
1343507,long,2025-10-21 01:30:00,2025-10-21 01:31:00,2025-10-21 01:32:00,4344.416,4345.416,TP,0.84,1,0.40765678556023144,ml_scalp1,2025-10
1343779,long,2025-10-21 06:02:00,2025-10-21 06:03:00,2025-10-21 06:04:00,4317.401,4318.401,TP,0.84,1,0.3996734715377328,ml_scalp1,2025-10
1343869,long,2025-10-21 07:32:00,2025-10-21 07:33:00,2025-10-21 07:34:00,4319.053,4318.573,SL,-0.64,1,0.4019038042153781,ml_scalp1,2025-10
1343898,long,2025-10-21 08:01:00,2025-10-21 08:02:00,2025-10-21 08:03:00,4293.391,4292.911,SL,-0.64,1,0.4203056559297506,ml_scalp1,2025-10
1343910,long,2025-10-21 08:13:00,2025-10-21 08:14:00,2025-10-21 08:15:00,4256.437,4255.957,SL,-0.64,1,0.40326026552621724,ml_scalp1,2025-10
1344146,short,2025-10-21 12:09:00,2025-10-21 12:10:00,2025-10-21 12:11:00,4249.096,4248.096,TP,0.84,1,0.35625251825744475,ml_scalp1,2025-10
1344159,short,2025-10-21 12:22:00,2025-10-21 12:23:00,2025-10-21 12:24:00,4226.402,4225.402,TP,0.84,1,0.35617575244202776,ml_scalp1,2025-10
1344171,short,2025-10-21 12:34:00,2025-10-21 12:35:00,2025-10-21 12:36:00,4218.329,4218.808999999999,SL,-0.64,1,0.35707391496593316,ml_scalp1,2025-10
1344183,long,2025-10-21 12:46:00,2025-10-21 12:47:00,2025-10-21 12:48:00,4214.809,4215.809,TP,0.84,1,0.4062407741515317,ml_scalp1,2025-10
1344195,short,2025-10-21 12:58:00,2025-10-21 12:59:00,2025-10-21 13:00:00,4214.174,4213.174,TP,0.84,1,0.35707391496593316,ml_scalp1,2025-10
1344207,short,2025-10-21 13:10:00,2025-10-21 13:11:00,2025-10-21 13:12:00,4202.013,4201.013,TP,0.84,1,0.3570731202373362,ml_scalp1,2025-10
1344219,short,2025-10-21 13:22:00,2025-10-21 13:23:00,2025-10-21 13:24:00,4209.24,4208.24,TP,0.84,1,0.3571958163986063,ml_scalp1,2025-10
1344231,short,2025-10-21 13:34:00,2025-10-21 13:35:00,2025-10-21 13:36:00,4199.817,4200.297,SL,-0.64,1,0.35763753151987554,ml_scalp1,2025-10
1344243,short,2025-10-21 13:46:00,2025-10-21 13:47:00,2025-10-21 13:48:00,4195.845,4194.845,TP,0.84,1,0.35763753151987554,ml_scalp1,2025-10
1344255,short,2025-10-21 13:58:00,2025-10-21 13:59:00,2025-10-21 14:00:00,4175.764,4176.244,SL,-0.64,1,0.35693394339178564,ml_scalp1,2025-10
1344267,short,2025-10-21 14:10:00,2025-10-21 14:11:00,2025-10-21 14:12:00,4178.873,4179.352999999999,SL,-0.64,1,0.35693394339178564,ml_scalp1,2025-10
1344279,long,2025-10-21 14:22:00,2025-10-21 14:23:00,2025-10-21 14:24:00,4153.651,4153.171,SL,-0.64,1,0.41748854268426716,ml_scalp1,2025-10
1344291,short,2025-10-21 14:34:00,2025-10-21 14:35:00,2025-10-21 14:36:00,4134.155,4133.155,TP,0.84,1,0.3568824598798609,ml_scalp1,2025-10
1344303,short,2025-10-21 14:46:00,2025-10-21 14:47:00,2025-10-21 14:48:00,4109.799,4110.2789999999995,SL,-0.64,1,0.3566018809486882,ml_scalp1,2025-10
1344315,short,2025-10-21 14:58:00,2025-10-21 14:59:00,2025-10-21 15:00:00,4129.605,4130.084999999999,SL,-0.64,1,0.35763753151987554,ml_scalp1,2025-10
1344327,short,2025-10-21 15:10:00,2025-10-21 15:11:00,2025-10-21 15:12:00,4140.184,4140.664,SL,-0.64,1,0.35763753151987554,ml_scalp1,2025-10
1344339,short,2025-10-21 15:22:00,2025-10-21 15:23:00,2025-10-21 15:24:00,4128.856,4129.335999999999,SL,-0.64,1,0.35763753151987554,ml_scalp1,2025-10
1344351,short,2025-10-21 15:34:00,2025-10-21 15:35:00,2025-10-21 15:36:00,4128.67,4129.15,SL,-0.64,1,0.35763753151987554,ml_scalp1,2025-10
1344363,short,2025-10-21 15:46:00,2025-10-21 15:47:00,2025-10-21 15:48:00,4144.123,4144.602999999999,SL,-0.64,1,0.35766292309854986,ml_scalp1,2025-10
1344375,short,2025-10-21 15:58:00,2025-10-21 15:59:00,2025-10-21 16:00:00,4136.243,4136.723,SL,-0.64,1,0.35765701024339697,ml_scalp1,2025-10
1344387,short,2025-10-21 16:10:00,2025-10-21 16:11:00,2025-10-21 16:12:00,4129.909,4130.388999999999,SL,-0.64,1,0.35763753151987554,ml_scalp1,2025-10
1344399,short,2025-10-21 16:22:00,2025-10-21 16:23:00,2025-10-21 16:24:00,4120.904,4119.904,TP,0.84,1,0.35763753151987554,ml_scalp1,2025-10
1344411,short,2025-10-21 16:34:00,2025-10-21 16:35:00,2025-10-21 16:36:00,4117.355,4116.355,TP,0.84,1,0.35728042313065234,ml_scalp1,2025-10
1344423,short,2025-10-21 16:46:00,2025-10-21 16:47:00,2025-10-21 16:48:00,4112.896,4113.375999999999,SL,-0.64,1,0.3574516594021972,ml_scalp1,2025-10
1344435,short,2025-10-21 16:58:00,2025-10-21 16:59:00,2025-10-21 17:00:00,4113.029,4113.509,SL,-0.64,1,0.3574516594021972,ml_scalp1,2025-10
1344447,short,2025-10-21 17:10:00,2025-10-21 17:11:00,2025-10-21 17:12:00,4105.748,4106.227999999999,SL,-0.64,1,0.3572869220981455,ml_scalp1,2025-10
1344459,short,2025-10-21 17:22:00,2025-10-21 17:23:00,2025-10-21 17:24:00,4108.363,4108.843,SL,-0.64,1,0.3572910546868499,ml_scalp1,2025-10
1344471,short,2025-10-21 17:34:00,2025-10-21 17:35:00,2025-10-21 17:36:00,4113.797,4114.276999999999,SL,-0.64,1,0.3574516594021972,ml_scalp1,2025-10
1344788,long,2025-10-21 23:55:00,2025-10-21 23:56:00,2025-10-21 23:57:00,4099.507,4099.027,SL,-0.64,1,0.413959553964991,ml_scalp1,2025-10
1344800,long,2025-10-22 00:07:00,2025-10-22 00:08:00,2025-10-22 00:09:00,4040.262,4039.782,SL,-0.64,1,0.43658794045744137,ml_scalp1,2025-10
1344812,long,2025-10-22 00:19:00,2025-10-22 00:20:00,2025-10-22 00:21:00,4053.259,4052.779,SL,-0.64,1,0.40849578282174737,ml_scalp1,2025-10
1344824,long,2025-10-22 00:31:00,2025-10-22 00:32:00,2025-10-22 00:33:00,4043.223,4042.743,SL,-0.64,1,0.4206626160758465,ml_scalp1,2025-10
1344849,long,2025-10-22 00:56:00,2025-10-22 00:57:00,2025-10-22 00:58:00,4072.47,4071.99,SL,-0.64,1,0.4022339979942612,ml_scalp1,2025-10
1344892,long,2025-10-22 01:39:00,2025-10-22 01:40:00,2025-10-22 01:41:00,4093.056,4092.576,SL,-0.64,1,0.402129649518613,ml_scalp1,2025-10
1344904,long,2025-10-22 01:51:00,2025-10-22 01:52:00,2025-10-22 01:53:00,4088.974,4088.494,SL,-0.64,1,0.40134601062845576,ml_scalp1,2025-10
1345282,long,2025-10-22 08:09:00,2025-10-22 08:10:00,2025-10-22 08:11:00,4102.501,4102.021000000001,SL,-0.64,1,0.40687209313345307,ml_scalp1,2025-10
1345300,short,2025-10-22 08:27:00,2025-10-22 08:28:00,2025-10-22 08:29:00,4110.704,4109.704,TP,0.84,1,0.356294360718077,ml_scalp1,2025-10
1345312,short,2025-10-22 08:39:00,2025-10-22 08:40:00,2025-10-22 08:41:00,4102.765,4101.765,TP,0.84,1,0.3561041076590077,ml_scalp1,2025-10
1345324,short,2025-10-22 08:51:00,2025-10-22 08:52:00,2025-10-22 08:53:00,4088.475,4088.955,SL,-0.64,1,0.356294360718077,ml_scalp1,2025-10
1345336,short,2025-10-22 09:03:00,2025-10-22 09:04:00,2025-10-22 09:05:00,4087.687,4086.687,TP,0.84,1,0.356294360718077,ml_scalp1,2025-10
1345348,short,2025-10-22 09:15:00,2025-10-22 09:16:00,2025-10-22 09:17:00,4076.149,4075.149,TP,0.84,1,0.3561763782907979,ml_scalp1,2025-10
1345360,short,2025-10-22 09:27:00,2025-10-22 09:28:00,2025-10-22 09:29:00,4073.923,4074.403,SL,-0.64,1,0.35619585701431933,ml_scalp1,2025-10
1345398,long,2025-10-22 10:05:00,2025-10-22 10:06:00,2025-10-22 10:07:00,4064.575,4065.575,TP,0.84,1,0.39956401812839043,ml_scalp1,2025-10
1345434,long,2025-10-22 10:41:00,2025-10-22 10:42:00,2025-10-22 10:43:00,4052.618,4052.138,SL,-0.64,1,0.40150153227946817,ml_scalp1,2025-10
1345447,long,2025-10-22 10:54:00,2025-10-22 10:55:00,2025-10-22 10:56:00,4034.627,4034.147,SL,-0.64,1,0.40781927796322565,ml_scalp1,2025-10
1345464,short,2025-10-22 11:11:00,2025-10-22 11:12:00,2025-10-22 11:13:00,4025.027,4025.507,SL,-0.64,1,0.3561380674053685,ml_scalp1,2025-10
1345476,short,2025-10-22 11:23:00,2025-10-22 11:24:00,2025-10-22 11:25:00,4041.603,4042.083,SL,-0.64,1,0.3562294193963816,ml_scalp1,2025-10
1345488,short,2025-10-22 11:35:00,2025-10-22 11:36:00,2025-10-22 11:37:00,4024.066,4024.546,SL,-0.64,1,0.3563553760061121,ml_scalp1,2025-10
1345506,short,2025-10-22 11:53:00,2025-10-22 11:54:00,2025-10-22 11:55:00,4023.322,4022.322,TP,0.84,1,0.35619176416204473,ml_scalp1,2025-10
1345687,long,2025-10-22 14:54:00,2025-10-22 14:55:00,2025-10-22 14:56:00,4013.003,4012.523,SL,-0.64,1,0.40499381624347386,ml_scalp1,2025-10
1346190,long,2025-10-23 00:21:00,2025-10-23 00:22:00,2025-10-23 00:23:00,4066.634,4067.634,TP,0.84,1,0.40899511635602653,ml_scalp1,2025-10
1346481,long,2025-10-23 05:12:00,2025-10-23 05:13:00,2025-10-23 05:14:00,4092.528,4092.048,SL,-0.64,1,0.3994900096609095,ml_scalp1,2025-10
1348016,long,2025-10-24 07:51:00,2025-10-24 07:52:00,2025-10-24 07:53:00,4075.945,4075.465,SL,-0.64,1,0.41297538449986565,ml_scalp1,2025-10
1348028,long,2025-10-24 08:03:00,2025-10-24 08:04:00,2025-10-24 08:05:00,4070.52,4070.04,SL,-0.64,1,0.40464807633385946,ml_scalp1,2025-10
1348040,long,2025-10-24 08:15:00,2025-10-24 08:16:00,2025-10-24 08:17:00,4050.429,4051.429,TP,0.84,1,0.4086867275230214,ml_scalp1,2025-10
1348208,long,2025-10-24 11:03:00,2025-10-24 11:04:00,2025-10-24 11:05:00,4048.652,4048.172,SL,-0.64,1,0.4050628466293083,ml_scalp1,2025-10
1348845,long,2025-10-26 22:47:00,2025-10-26 22:48:00,2025-10-26 22:49:00,4072.378,4073.378,TP,0.84,1,0.4094923902156642,ml_scalp1,2025-10
1349451,long,2025-10-27 08:53:00,2025-10-27 08:54:00,2025-10-27 08:55:00,4044.282,4043.802,SL,-0.64,1,0.4080775899388368,ml_scalp1,2025-10
1349616,long,2025-10-27 11:38:00,2025-10-27 11:39:00,2025-10-27 11:40:00,4017.891,4017.411,SL,-0.64,1,0.41051639567349385,ml_scalp1,2025-10
1349745,long,2025-10-27 13:47:00,2025-10-27 13:48:00,2025-10-27 13:49:00,4013.977,4014.977,TP,0.84,1,0.40938990780072915,ml_scalp1,2025-10
1349760,short,2025-10-27 14:02:00,2025-10-27 14:03:00,2025-10-27 14:04:00,4014.031,4013.031,TP,0.84,1,0.35643793340617974,ml_scalp1,2025-10
1349774,long,2025-10-27 14:16:00,2025-10-27 14:17:00,2025-10-27 14:18:00,3996.381,3995.901,SL,-0.64,1,0.42400910565648675,ml_scalp1,2025-10
1349793,short,2025-10-27 14:35:00,2025-10-27 14:36:00,2025-10-27 14:37:00,3992.304,3991.304,TP,0.84,1,0.35616319573019506,ml_scalp1,2025-10
1349806,short,2025-10-27 14:48:00,2025-10-27 14:49:00,2025-10-27 14:50:00,3991.54,3992.02,SL,-0.64,1,0.35616319573019506,ml_scalp1,2025-10
1349818,long,2025-10-27 15:00:00,2025-10-27 15:01:00,2025-10-27 15:02:00,3980.619,3980.139,SL,-0.64,1,0.4153838614359424,ml_scalp1,2025-10
1349830,short,2025-10-27 15:12:00,2025-10-27 15:13:00,2025-10-27 15:14:00,3976.728,3977.208,SL,-0.64,1,0.3568824598798609,ml_scalp1,2025-10
1349842,short,2025-10-27 15:24:00,2025-10-27 15:25:00,2025-10-27 15:26:00,3981.471,3981.951,SL,-0.64,1,0.35707391496593316,ml_scalp1,2025-10
1349854,short,2025-10-27 15:36:00,2025-10-27 15:37:00,2025-10-27 15:38:00,3989.676,3990.156,SL,-0.64,1,0.35655336276784105,ml_scalp1,2025-10
1349866,short,2025-10-27 15:48:00,2025-10-27 15:49:00,2025-10-27 15:50:00,3984.614,3985.094,SL,-0.64,1,0.35672377244725384,ml_scalp1,2025-10
1350149,long,2025-10-27 20:31:00,2025-10-27 20:32:00,2025-10-27 20:33:00,3998.219,3997.739,SL,-0.64,1,0.4050680114584586,ml_scalp1,2025-10
1350222,long,2025-10-27 22:48:00,2025-10-27 22:49:00,2025-10-27 22:50:00,3990.512,3990.032,SL,-0.64,1,0.4062096822410888,ml_scalp1,2025-10
1350234,long,2025-10-27 23:00:00,2025-10-27 23:01:00,2025-10-27 23:02:00,3990.217,3989.737,SL,-0.64,1,0.4176371775173207,ml_scalp1,2025-10
1350248,long,2025-10-27 23:14:00,2025-10-27 23:15:00,2025-10-27 23:16:00,3982.973,3983.973,TP,0.84,1,0.4109762998337144,ml_scalp1,2025-10
1350314,long,2025-10-28 00:20:00,2025-10-28 00:21:00,2025-10-28 00:22:00,3973.68,3974.68,TP,0.84,1,0.4040848648653758,ml_scalp1,2025-10
1350560,long,2025-10-28 04:26:00,2025-10-28 04:27:00,2025-10-28 04:28:00,3968.418,3967.938,SL,-0.64,1,0.4058735376855528,ml_scalp1,2025-10
1350629,long,2025-10-28 05:35:00,2025-10-28 05:36:00,2025-10-28 05:37:00,3962.9,3962.42,SL,-0.64,1,0.4004969706704099,ml_scalp1,2025-10
1350666,long,2025-10-28 06:12:00,2025-10-28 06:13:00,2025-10-28 06:14:00,3953.671,3954.671,TP,0.84,1,0.4013373240881973,ml_scalp1,2025-10
1350694,long,2025-10-28 06:40:00,2025-10-28 06:41:00,2025-10-28 06:42:00,3945.598,3945.118,SL,-0.64,1,0.4026603270025531,ml_scalp1,2025-10
1350708,long,2025-10-28 06:54:00,2025-10-28 06:55:00,2025-10-28 06:56:00,3942.432,3941.9519999999998,SL,-0.64,1,0.4001263574302913,ml_scalp1,2025-10
1350732,long,2025-10-28 07:18:00,2025-10-28 07:19:00,2025-10-28 07:20:00,3936.556,3936.076,SL,-0.64,1,0.41820889150496265,ml_scalp1,2025-10
1350745,long,2025-10-28 07:31:00,2025-10-28 07:32:00,2025-10-28 07:33:00,3926.701,3926.221,SL,-0.64,1,0.42220215036619657,ml_scalp1,2025-10
1350757,short,2025-10-28 07:43:00,2025-10-28 07:44:00,2025-10-28 07:45:00,3929.116,3929.596,SL,-0.64,1,0.3567805309702412,ml_scalp1,2025-10
1350792,long,2025-10-28 08:18:00,2025-10-28 08:19:00,2025-10-28 08:20:00,3918.413,3917.933,SL,-0.64,1,0.4066630527019368,ml_scalp1,2025-10
1350810,long,2025-10-28 08:36:00,2025-10-28 08:37:00,2025-10-28 08:38:00,3910.504,3910.024,SL,-0.64,1,0.4115334843648437,ml_scalp1,2025-10
1350822,short,2025-10-28 08:48:00,2025-10-28 08:49:00,2025-10-28 08:50:00,3907.806,3908.286,SL,-0.64,1,0.35668228264743645,ml_scalp1,2025-10
1350837,long,2025-10-28 09:03:00,2025-10-28 09:04:00,2025-10-28 09:05:00,3895.439,3894.959,SL,-0.64,1,0.41489263857666014,ml_scalp1,2025-10
1350849,short,2025-10-28 09:15:00,2025-10-28 09:16:00,2025-10-28 09:17:00,3899.036,3899.516,SL,-0.64,1,0.35671063955718835,ml_scalp1,2025-10
1350861,short,2025-10-28 09:27:00,2025-10-28 09:28:00,2025-10-28 09:29:00,3903.086,3903.566,SL,-0.64,1,0.3575100450575958,ml_scalp1,2025-10
1351111,short,2025-10-28 13:37:00,2025-10-28 13:38:00,2025-10-28 13:39:00,3926.481,3925.481,TP,0.84,1,0.35622418121590776,ml_scalp1,2025-10
1351825,long,2025-10-29 02:35:00,2025-10-29 02:36:00,2025-10-29 02:37:00,3947.93,3948.93,TP,0.84,1,0.4062173099142324,ml_scalp1,2025-10
1352775,long,2025-10-29 18:25:00,2025-10-29 18:26:00,2025-10-29 18:27:00,3979.083,3978.603,SL,-0.64,1,0.4007413309266343,ml_scalp1,2025-10
1352787,long,2025-10-29 18:37:00,2025-10-29 18:38:00,2025-10-29 18:39:00,3966.178,3965.698,SL,-0.64,1,0.40497498007842186,ml_scalp1,2025-10
1352843,long,2025-10-29 19:33:00,2025-10-29 19:34:00,2025-10-29 19:35:00,3942.598,3943.598,TP,0.84,1,0.4044871260859815,ml_scalp1,2025-10
1353226,long,2025-10-30 03:00:00,2025-10-30 03:01:00,2025-10-30 03:02:00,3919.131,3918.651,SL,-0.64,1,0.40021605456836734,ml_scalp1,2025-10
1353824,long,2025-10-30 12:58:00,2025-10-30 12:59:00,2025-10-30 13:00:00,3961.905,3961.425,SL,-0.64,1,0.40096340936835384,ml_scalp1,2025-10
1354447,long,2025-10-31 00:25:00,2025-10-31 00:26:00,2025-10-31 00:27:00,4032.519,4032.0389999999998,SL,-0.64,1,0.4252340291025761,ml_scalp1,2025-10
1354615,long,2025-10-31 03:13:00,2025-10-31 03:14:00,2025-10-31 03:15:00,3993.596,3993.116,SL,-0.64,1,0.4120267522252352,ml_scalp1,2025-10
1355396,long,2025-10-31 16:14:00,2025-10-31 16:15:00,2025-10-31 16:16:00,3979.104,3978.624,SL,-0.64,1,0.42030520975741836,ml_scalp1,2025-10
1355723,long,2025-11-02 23:44:00,2025-11-02 23:45:00,2025-11-02 23:46:00,3979.666,3979.186,SL,-0.64,1,0.4012751381175853,ml_scalp1,2025-11
1355753,long,2025-11-03 00:14:00,2025-11-03 00:15:00,2025-11-03 00:16:00,3968.503,3968.023,SL,-0.64,1,0.4048663285729544,ml_scalp1,2025-11
1356715,long,2025-11-03 16:16:00,2025-11-03 16:17:00,2025-11-03 16:18:00,4000.279,3999.799,SL,-0.64,1,0.40168734064567535,ml_scalp1,2025-11
1357159,long,2025-11-04 00:42:00,2025-11-04 00:43:00,2025-11-04 00:44:00,3979.993,3979.513,SL,-0.64,1,0.40265121351475475,ml_scalp1,2025-11
1357931,long,2025-11-04 13:34:00,2025-11-04 13:35:00,2025-11-04 13:36:00,3979.894,3980.894,TP,0.84,1,0.40450599964926054,ml_scalp1,2025-11
1357948,long,2025-11-04 13:51:00,2025-11-04 13:52:00,2025-11-04 13:53:00,3973.068,3974.068,TP,0.84,1,0.4030040201372832,ml_scalp1,2025-11
1357986,long,2025-11-04 14:29:00,2025-11-04 14:30:00,2025-11-04 14:31:00,3951.258,3950.778,SL,-0.64,1,0.4281768233192058,ml_scalp1,2025-11
1357998,long,2025-11-04 14:41:00,2025-11-04 14:42:00,2025-11-04 14:43:00,3929.87,3930.87,TP,0.84,1,0.4104531631693991,ml_scalp1,2025-11
1358117,long,2025-11-04 16:40:00,2025-11-04 16:41:00,2025-11-04 16:42:00,3966.334,3967.334,TP,0.84,1,0.4059211862455486,ml_scalp1,2025-11
1358233,long,2025-11-04 18:36:00,2025-11-04 18:37:00,2025-11-04 18:38:00,3935.774,3935.294,SL,-0.64,1,0.4030666500629547,ml_scalp1,2025-11
1358403,long,2025-11-04 21:26:00,2025-11-04 21:27:00,2025-11-04 21:28:00,3931.239,3932.239,TP,0.84,1,0.4018891583679056,ml_scalp1,2025-11
1358417,long,2025-11-04 21:40:00,2025-11-04 21:41:00,2025-11-04 21:45:00,3931.066,3930.586,SL,-0.64,4,0.40618685005647115,ml_scalp1,2025-11
1360733,long,2025-11-06 14:20:00,2025-11-06 14:21:00,2025-11-06 14:22:00,3997.411,3996.931,SL,-0.64,1,0.4154314627028224,ml_scalp1,2025-11
1360774,long,2025-11-06 15:01:00,2025-11-06 15:02:00,2025-11-06 15:03:00,3989.122,3988.642,SL,-0.64,1,0.4071566582012415,ml_scalp1,2025-11
1360810,long,2025-11-06 15:37:00,2025-11-06 15:38:00,2025-11-06 15:39:00,3975.283,3976.283,TP,0.84,1,0.4140182788917189,ml_scalp1,2025-11
1360845,long,2025-11-06 16:12:00,2025-11-06 16:13:00,2025-11-06 16:14:00,3980.598,3981.598,TP,0.84,1,0.4017803387545407,ml_scalp1,2025-11
1360914,long,2025-11-06 17:21:00,2025-11-06 17:22:00,2025-11-06 17:23:00,3970.568,3970.088,SL,-0.64,1,0.40491354223423426,ml_scalp1,2025-11
1361181,long,2025-11-06 21:48:00,2025-11-06 21:49:00,2025-11-06 21:50:00,3977.873,3977.393,SL,-0.64,1,0.40430168042863834,ml_scalp1,2025-11
1361313,long,2025-11-07 01:02:00,2025-11-07 01:03:00,2025-11-07 01:04:00,3991.442,3992.442,TP,0.84,1,0.40249095208283747,ml_scalp1,2025-11
1362737,long,2025-11-10 01:51:00,2025-11-10 01:52:00,2025-11-10 01:53:00,4047.218,4046.738,SL,-0.64,1,0.40141546506086656,ml_scalp1,2025-11
1362749,long,2025-11-10 02:03:00,2025-11-10 02:04:00,2025-11-10 02:05:00,4042.421,4043.421,TP,0.84,1,0.406389754095279,ml_scalp1,2025-11
1363461,short,2025-11-10 13:55:00,2025-11-10 13:56:00,2025-11-10 13:57:00,4093.154,4092.154,TP,0.84,1,0.35555279705064935,ml_scalp1,2025-11
1363473,short,2025-11-10 14:07:00,2025-11-10 14:08:00,2025-11-10 14:09:00,4089.465,4089.945,SL,-0.64,1,0.3557160177806199,ml_scalp1,2025-11
1363500,long,2025-11-10 14:34:00,2025-11-10 14:35:00,2025-11-10 14:36:00,4078.478,4077.998,SL,-0.64,1,0.4122046404351668,ml_scalp1,2025-11
1363574,long,2025-11-10 15:48:00,2025-11-10 15:49:00,2025-11-10 15:50:00,4079.766,4079.286,SL,-0.64,1,0.4045866673650983,ml_scalp1,2025-11
1364340,long,2025-11-11 05:36:00,2025-11-11 05:37:00,2025-11-11 05:38:00,4126.057,4125.577,SL,-0.64,1,0.41578261895782687,ml_scalp1,2025-11
1364861,long,2025-11-11 14:20:00,2025-11-11 14:21:00,2025-11-11 14:22:00,4132.948,4132.468000000001,SL,-0.64,1,0.40203942799722375,ml_scalp1,2025-11
1364890,long,2025-11-11 14:49:00,2025-11-11 14:50:00,2025-11-11 14:51:00,4120.373,4121.373,TP,0.84,1,0.4215754826268422,ml_scalp1,2025-11
1364909,long,2025-11-11 15:08:00,2025-11-11 15:09:00,2025-11-11 15:10:00,4120.913,4121.913,TP,0.84,1,0.4067270532506365,ml_scalp1,2025-11
1364921,long,2025-11-11 15:20:00,2025-11-11 15:21:00,2025-11-11 15:22:00,4114.547,4114.067,SL,-0.64,1,0.4176293250139921,ml_scalp1,2025-11
1364935,long,2025-11-11 15:34:00,2025-11-11 15:35:00,2025-11-11 15:36:00,4102.689,4102.209000000001,SL,-0.64,1,0.40163604577848533,ml_scalp1,2025-11
1365540,long,2025-11-12 02:41:00,2025-11-12 02:42:00,2025-11-12 02:43:00,4122.931,4122.451,SL,-0.64,1,0.40613976034358407,ml_scalp1,2025-11
1365624,long,2025-11-12 04:05:00,2025-11-12 04:06:00,2025-11-12 04:07:00,4105.176,4104.696000000001,SL,-0.64,1,0.41180020256227523,ml_scalp1,2025-11
1365710,long,2025-11-12 05:31:00,2025-11-12 05:32:00,2025-11-12 05:33:00,4101.253,4100.773,SL,-0.64,1,0.4052223229177837,ml_scalp1,2025-11
1366296,short,2025-11-12 15:17:00,2025-11-12 15:18:00,2025-11-12 15:19:00,4169.808,4168.808,TP,0.84,1,0.35558131852498487,ml_scalp1,2025-11
1366311,short,2025-11-12 15:32:00,2025-11-12 15:33:00,2025-11-12 15:34:00,4171.157,4171.637,SL,-0.64,1,0.3558048409099463,ml_scalp1,2025-11
1366323,short,2025-11-12 15:44:00,2025-11-12 15:45:00,2025-11-12 15:46:00,4178.774,4179.254,SL,-0.64,1,0.355826518751994,ml_scalp1,2025-11
1366335,short,2025-11-12 15:56:00,2025-11-12 15:57:00,2025-11-12 15:58:00,4181.668,4182.147999999999,SL,-0.64,1,0.3558042911865465,ml_scalp1,2025-11
1366347,short,2025-11-12 16:08:00,2025-11-12 16:09:00,2025-11-12 16:10:00,4187.786,4186.786,TP,0.84,1,0.3558042911865465,ml_scalp1,2025-11
1366359,short,2025-11-12 16:20:00,2025-11-12 16:21:00,2025-11-12 16:22:00,4182.785,4183.264999999999,SL,-0.64,1,0.3558042911865465,ml_scalp1,2025-11
1366371,short,2025-11-12 16:32:00,2025-11-12 16:33:00,2025-11-12 16:34:00,4193.922,4194.401999999999,SL,-0.64,1,0.3558042911865465,ml_scalp1,2025-11
1366383,short,2025-11-12 16:44:00,2025-11-12 16:45:00,2025-11-12 16:46:00,4193.205,4192.205,TP,0.84,1,0.3558042911865465,ml_scalp1,2025-11
1366395,short,2025-11-12 16:56:00,2025-11-12 16:57:00,2025-11-12 16:58:00,4194.684,4195.164,SL,-0.64,1,0.3558042911865465,ml_scalp1,2025-11
1366407,short,2025-11-12 17:08:00,2025-11-12 17:09:00,2025-11-12 17:10:00,4197.958,4198.437999999999,SL,-0.64,1,0.3558042911865465,ml_scalp1,2025-11
1366419,short,2025-11-12 17:20:00,2025-11-12 17:21:00,2025-11-12 17:22:00,4195.858,4194.858,TP,0.84,1,0.3558042911865465,ml_scalp1,2025-11
1366431,short,2025-11-12 17:32:00,2025-11-12 17:33:00,2025-11-12 17:34:00,4199.914,4200.393999999999,SL,-0.64,1,0.3557441165048732,ml_scalp1,2025-11
1366443,short,2025-11-12 17:44:00,2025-11-12 17:45:00,2025-11-12 17:46:00,4202.572,4201.572,TP,0.84,1,0.3560631781617005,ml_scalp1,2025-11
1366455,short,2025-11-12 17:56:00,2025-11-12 17:57:00,2025-11-12 17:58:00,4203.628,4202.628,TP,0.84,1,0.3559221156100949,ml_scalp1,2025-11
1366467,short,2025-11-12 18:08:00,2025-11-12 18:09:00,2025-11-12 18:10:00,4195.192,4195.672,SL,-0.64,1,0.3557154715060049,ml_scalp1,2025-11
1366679,long,2025-11-12 21:40:00,2025-11-12 21:41:00,2025-11-12 21:42:00,4197.508,4197.028,SL,-0.64,1,0.40418630423484836,ml_scalp1,2025-11
1366721,long,2025-11-12 23:24:00,2025-11-12 23:25:00,2025-11-12 23:26:00,4194.091,4195.091,TP,0.84,1,0.4091763612559298,ml_scalp1,2025-11
1366733,long,2025-11-12 23:36:00,2025-11-12 23:37:00,2025-11-12 23:38:00,4192.952,4192.472000000001,SL,-0.64,1,0.4096621383421548,ml_scalp1,2025-11
1366823,long,2025-11-13 01:06:00,2025-11-13 01:07:00,2025-11-13 01:08:00,4196.279,4195.799000000001,SL,-0.64,1,0.40281912024960664,ml_scalp1,2025-11
1366835,long,2025-11-13 01:18:00,2025-11-13 01:19:00,2025-11-13 01:20:00,4180.62,4181.62,TP,0.84,1,0.4128548004308381,ml_scalp1,2025-11
1366849,long,2025-11-13 01:32:00,2025-11-13 01:33:00,2025-11-13 01:34:00,4180.728,4181.728,TP,0.84,1,0.4026297269779035,ml_scalp1,2025-11
1367605,long,2025-11-13 14:08:00,2025-11-13 14:09:00,2025-11-13 14:10:00,4214.854,4214.374000000001,SL,-0.64,1,0.4103588191960129,ml_scalp1,2025-11
1367623,long,2025-11-13 14:26:00,2025-11-13 14:27:00,2025-11-13 14:28:00,4211.132,4210.652,SL,-0.64,1,0.4115088175935786,ml_scalp1,2025-11
1367639,long,2025-11-13 14:42:00,2025-11-13 14:43:00,2025-11-13 14:44:00,4194.947,4194.467000000001,SL,-0.64,1,0.4278281441905837,ml_scalp1,2025-11
1367685,long,2025-11-13 15:28:00,2025-11-13 15:29:00,2025-11-13 15:30:00,4193.632,4193.152,SL,-0.64,1,0.40129860661563255,ml_scalp1,2025-11
1367702,long,2025-11-13 15:45:00,2025-11-13 15:46:00,2025-11-13 15:47:00,4193.349,4192.869000000001,SL,-0.64,1,0.4019725309137791,ml_scalp1,2025-11
1367868,long,2025-11-13 18:31:00,2025-11-13 18:32:00,2025-11-13 18:33:00,4173.721,4173.241,SL,-0.64,1,0.429606286226563,ml_scalp1,2025-11
1367883,long,2025-11-13 18:46:00,2025-11-13 18:47:00,2025-11-13 18:48:00,4151.389,4152.389,TP,0.84,1,0.40519539507158564,ml_scalp1,2025-11
1367898,long,2025-11-13 19:01:00,2025-11-13 19:02:00,2025-11-13 19:03:00,4149.419,4148.939,SL,-0.64,1,0.40265612880384094,ml_scalp1,2025-11
1368047,long,2025-11-13 21:39:00,2025-11-13 21:40:00,2025-11-13 21:41:00,4169.713,4170.713,TP,0.84,1,0.407049642282028,ml_scalp1,2025-11
1368200,long,2025-11-14 01:14:00,2025-11-14 01:15:00,2025-11-14 01:16:00,4183.089,4184.089,TP,0.84,1,0.4052487594531672,ml_scalp1,2025-11
1368512,long,2025-11-14 06:26:00,2025-11-14 06:27:00,2025-11-14 06:28:00,4176.77,4176.290000000001,SL,-0.64,1,0.4074692570826559,ml_scalp1,2025-11
1368568,long,2025-11-14 07:22:00,2025-11-14 07:23:00,2025-11-14 07:24:00,4163.305,4162.825000000001,SL,-0.64,1,0.4038552244475439,ml_scalp1,2025-11
1368795,long,2025-11-14 11:09:00,2025-11-14 11:10:00,2025-11-14 11:11:00,4159.998,4159.518,SL,-0.64,1,0.4033521800637858,ml_scalp1,2025-11
1368840,long,2025-11-14 11:54:00,2025-11-14 11:55:00,2025-11-14 11:56:00,4137.881,4137.401000000001,SL,-0.64,1,0.4176300456166321,ml_scalp1,2025-11
1368857,long,2025-11-14 12:11:00,2025-11-14 12:12:00,2025-11-14 12:13:00,4129.695,4129.215,SL,-0.64,1,0.40986915882523284,ml_scalp1,2025-11
1368872,short,2025-11-14 12:26:00,2025-11-14 12:27:00,2025-11-14 12:28:00,4117.938,4118.418,SL,-0.64,1,0.35556231085752427,ml_scalp1,2025-11
1368884,short,2025-11-14 12:38:00,2025-11-14 12:39:00,2025-11-14 12:40:00,4112.459,4112.938999999999,SL,-0.64,1,0.3560169949560858,ml_scalp1,2025-11
1368896,short,2025-11-14 12:50:00,2025-11-14 12:51:00,2025-11-14 12:52:00,4116.462,4116.942,SL,-0.64,1,0.3556012326905626,ml_scalp1,2025-11
1368908,short,2025-11-14 13:02:00,2025-11-14 13:03:00,2025-11-14 13:04:00,4112.809,4111.809,TP,0.84,1,0.3560559763937689,ml_scalp1,2025-11
1368920,short,2025-11-14 13:14:00,2025-11-14 13:15:00,2025-11-14 13:16:00,4086.049,4086.529,SL,-0.64,1,0.3558849441802776,ml_scalp1,2025-11
1368932,short,2025-11-14 13:26:00,2025-11-14 13:27:00,2025-11-14 13:28:00,4061.065,4061.545,SL,-0.64,1,0.3558849441802776,ml_scalp1,2025-11
1368944,short,2025-11-14 13:38:00,2025-11-14 13:39:00,2025-11-14 13:40:00,4058.119,4057.119,TP,0.84,1,0.35607781652902537,ml_scalp1,2025-11
1368956,short,2025-11-14 13:50:00,2025-11-14 13:51:00,2025-11-14 13:52:00,4044.857,4045.337,SL,-0.64,1,0.3558849441802776,ml_scalp1,2025-11
1368968,short,2025-11-14 14:02:00,2025-11-14 14:03:00,2025-11-14 14:04:00,4042.549,4043.029,SL,-0.64,1,0.3558849441802776,ml_scalp1,2025-11
1368980,short,2025-11-14 14:14:00,2025-11-14 14:15:00,2025-11-14 14:16:00,4050.212,4050.692,SL,-0.64,1,0.35616845532551383,ml_scalp1,2025-11
1368992,short,2025-11-14 14:26:00,2025-11-14 14:27:00,2025-11-14 14:28:00,4053.373,4053.853,SL,-0.64,1,0.35616845532551383,ml_scalp1,2025-11
1369004,short,2025-11-14 14:38:00,2025-11-14 14:39:00,2025-11-14 14:40:00,4063.812,4064.292,SL,-0.64,1,0.35612945401961577,ml_scalp1,2025-11
1369016,short,2025-11-14 14:50:00,2025-11-14 14:51:00,2025-11-14 14:52:00,4068.142,4068.622,SL,-0.64,1,0.35616845532551383,ml_scalp1,2025-11
1369028,short,2025-11-14 15:02:00,2025-11-14 15:03:00,2025-11-14 15:04:00,4075.87,4074.87,TP,0.84,1,0.3560559763937689,ml_scalp1,2025-11
1369040,short,2025-11-14 15:14:00,2025-11-14 15:15:00,2025-11-14 15:16:00,4079.205,4079.685,SL,-0.64,1,0.3560559763937689,ml_scalp1,2025-11
1369052,short,2025-11-14 15:26:00,2025-11-14 15:27:00,2025-11-14 15:28:00,4075.619,4076.099,SL,-0.64,1,0.3556012326905626,ml_scalp1,2025-11
1369206,long,2025-11-14 18:00:00,2025-11-14 18:01:00,2025-11-14 18:02:00,4097.176,4096.696000000001,SL,-0.64,1,0.4016868349560887,ml_scalp1,2025-11
1369223,long,2025-11-14 18:17:00,2025-11-14 18:18:00,2025-11-14 18:19:00,4088.615,4088.1349999999998,SL,-0.64,1,0.40135251091516055,ml_scalp1,2025-11
1369450,short,2025-11-16 23:07:00,2025-11-16 23:08:00,2025-11-16 23:09:00,4094.539,4095.259,SL,-0.96,1,0.35554347294434,ml_scalp1,2025-11
1369835,long,2025-11-17 05:32:00,2025-11-17 05:33:00,2025-11-17 05:34:00,4054.438,4053.958,SL,-0.64,1,0.41534888602963277,ml_scalp1,2025-11
1370163,long,2025-11-17 11:00:00,2025-11-17 11:01:00,2025-11-17 11:02:00,4065.692,4065.212,SL,-0.64,1,0.41097548574891785,ml_scalp1,2025-11
1370467,long,2025-11-17 16:04:00,2025-11-17 16:05:00,2025-11-17 16:06:00,4056.686,4056.206,SL,-0.64,1,0.4035192536757598,ml_scalp1,2025-11
1370675,long,2025-11-17 19:32:00,2025-11-17 19:33:00,2025-11-17 19:34:00,4044.07,4043.59,SL,-0.64,1,0.43374049288314176,ml_scalp1,2025-11
1370687,long,2025-11-17 19:44:00,2025-11-17 19:45:00,2025-11-17 19:46:00,4019.488,4019.008,SL,-0.64,1,0.4023689060346398,ml_scalp1,2025-11
1370699,long,2025-11-17 19:56:00,2025-11-17 19:57:00,2025-11-17 19:58:00,4010.998,4011.998,TP,0.84,1,0.4251617495235597,ml_scalp1,2025-11
1370983,long,2025-11-18 01:42:00,2025-11-18 01:43:00,2025-11-18 01:44:00,4031.456,4032.456,TP,0.84,1,0.4018562534556045,ml_scalp1,2025-11
1371054,long,2025-11-18 02:53:00,2025-11-18 02:54:00,2025-11-18 02:55:00,4018.422,4019.422,TP,0.84,1,0.413296720033132,ml_scalp1,2025-11
1372327,long,2025-11-19 01:08:00,2025-11-19 01:09:00,2025-11-19 01:10:00,4061.628,4062.628,TP,0.84,1,0.40425525612092306,ml_scalp1,2025-11
1372571,long,2025-11-19 05:12:00,2025-11-19 05:13:00,2025-11-19 05:14:00,4078.06,4079.06,TP,0.84,1,0.4106315026122806,ml_scalp1,2025-11
1373212,long,2025-11-19 15:53:00,2025-11-19 15:54:00,2025-11-19 15:55:00,4093.779,4093.299,SL,-0.64,1,0.42323478609912846,ml_scalp1,2025-11
1373237,long,2025-11-19 16:18:00,2025-11-19 16:19:00,2025-11-19 16:20:00,4083.032,4084.032,TP,0.84,1,0.4294089985978606,ml_scalp1,2025-11
1373256,long,2025-11-19 16:37:00,2025-11-19 16:38:00,2025-11-19 16:39:00,4070.668,4071.668,TP,0.84,1,0.4093524820360417,ml_scalp1,2025-11
1373282,long,2025-11-19 17:03:00,2025-11-19 17:04:00,2025-11-19 17:05:00,4064.753,4064.273,SL,-0.64,1,0.4160508779949651,ml_scalp1,2025-11
1373727,long,2025-11-20 02:01:00,2025-11-20 02:02:00,2025-11-20 02:03:00,4072.804,4073.804,TP,0.84,1,0.4045627751339018,ml_scalp1,2025-11
1373742,long,2025-11-20 02:16:00,2025-11-20 02:17:00,2025-11-20 02:18:00,4059.764,4059.284,SL,-0.64,1,0.41745015198503754,ml_scalp1,2025-11
1374089,long,2025-11-20 08:03:00,2025-11-20 08:04:00,2025-11-20 08:05:00,4053.144,4052.6639999999998,SL,-0.64,1,0.4149759876891964,ml_scalp1,2025-11
1374108,long,2025-11-20 08:22:00,2025-11-20 08:23:00,2025-11-20 08:24:00,4040.426,4039.946,SL,-0.64,1,0.41168612395701715,ml_scalp1,2025-11
1374592,long,2025-11-20 16:26:00,2025-11-20 16:27:00,2025-11-20 16:28:00,4064.059,4065.059,TP,0.84,1,0.41525011811380846,ml_scalp1,2025-11
1374620,long,2025-11-20 16:54:00,2025-11-20 16:55:00,2025-11-20 16:56:00,4056.01,4055.53,SL,-0.64,1,0.41341844739047506,ml_scalp1,2025-11
1374633,long,2025-11-20 17:07:00,2025-11-20 17:08:00,2025-11-20 17:09:00,4046.004,4047.004,TP,0.84,1,0.40454011137470614,ml_scalp1,2025-11
1375306,long,2025-11-21 05:22:00,2025-11-21 05:23:00,2025-11-21 05:24:00,4053.999,4054.999,TP,0.84,1,0.4028570325639744,ml_scalp1,2025-11
1375372,long,2025-11-21 06:28:00,2025-11-21 06:29:00,2025-11-21 06:30:00,4033.29,4032.81,SL,-0.64,1,0.4101319872363072,ml_scalp1,2025-11
1375467,long,2025-11-21 08:03:00,2025-11-21 08:04:00,2025-11-21 08:05:00,4023.689,4024.689,TP,0.84,1,0.4025170394666052,ml_scalp1,2025-11
1376226,long,2025-11-21 20:42:00,2025-11-21 20:43:00,2025-11-21 20:44:00,4056.475,4057.475,TP,0.84,1,0.40226713577376016,ml_scalp1,2025-11
1378247,long,2025-11-25 08:34:00,2025-11-25 08:35:00,2025-11-25 08:36:00,4129.477,4128.997,SL,-0.64,1,0.4081464227071241,ml_scalp1,2025-11
1378263,long,2025-11-25 08:50:00,2025-11-25 08:51:00,2025-11-25 08:52:00,4119.596,4119.116,SL,-0.64,1,0.4237696687588884,ml_scalp1,2025-11
1378497,long,2025-11-25 12:44:00,2025-11-25 12:45:00,2025-11-25 12:46:00,4116.984,4117.984,TP,0.84,1,0.4123998251421872,ml_scalp1,2025-11
1378619,long,2025-11-25 14:46:00,2025-11-25 14:47:00,2025-11-25 14:48:00,4113.666,4113.186000000001,SL,-0.64,1,0.4205746255871631,ml_scalp1,2025-11
1379422,long,2025-11-26 05:11:00,2025-11-26 05:12:00,2025-11-26 05:13:00,4166.273,4165.793000000001,SL,-0.64,1,0.40308134153608477,ml_scalp1,2025-11
1379434,long,2025-11-26 05:23:00,2025-11-26 05:24:00,2025-11-26 05:25:00,4165.608,4165.128000000001,SL,-0.64,1,0.4018568085295725,ml_scalp1,2025-11
1379957,long,2025-11-26 14:06:00,2025-11-26 14:07:00,2025-11-26 14:08:00,4149.133,4148.653,SL,-0.64,1,0.4172436618362994,ml_scalp1,2025-11
1380565,long,2025-11-27 01:16:00,2025-11-27 01:17:00,2025-11-27 01:18:00,4153.658,4153.178000000001,SL,-0.64,1,0.4060649203948006,ml_scalp1,2025-11
1381758,long,2025-11-28 00:40:00,2025-11-28 00:41:00,2025-11-28 00:42:00,4177.178,4178.178,TP,0.84,1,0.4106650644799622,ml_scalp1,2025-11
1381776,long,2025-11-28 00:58:00,2025-11-28 00:59:00,2025-11-28 01:00:00,4180.736,4181.736,TP,0.84,1,0.40182432820631575,ml_scalp1,2025-11
1381795,long,2025-11-28 01:17:00,2025-11-28 01:18:00,2025-11-28 01:19:00,4184.31,4183.830000000001,SL,-0.64,1,0.4039265353401439,ml_scalp1,2025-11
1381909,long,2025-11-28 03:11:00,2025-11-28 03:12:00,2025-11-28 03:13:00,4187.758,4187.038,SL,-0.96,1,0.4081356122152934,ml_scalp1,2025-11
1382202,long,2025-11-28 08:04:00,2025-11-28 08:05:00,2025-11-28 08:06:00,4164.074,4162.393999999999,SL,-2.24,1,0.4519791955629253,ml_scalp1,2025-11
1382214,long,2025-11-28 09:00:00,2025-11-28 09:01:00,2025-11-28 09:04:00,4167.465,4166.025000000001,SL,-1.92,3,0.4629925532324969,ml_scalp1,2025-11
1382228,long,2025-11-28 09:14:00,2025-11-28 09:15:00,2025-11-28 09:16:00,4161.941,4160.981,SL,-1.28,1,0.42209000826567344,ml_scalp1,2025-11
1382240,long,2025-11-28 09:26:00,2025-11-28 09:27:00,2025-11-28 09:28:00,4160.071,4161.071,TP,0.6799999999999999,1,0.40747517493244784,ml_scalp1,2025-11
1382252,short,2025-11-28 09:38:00,2025-11-28 09:39:00,2025-11-28 09:40:00,4163.23,4164.19,SL,-1.28,1,0.35816486189934005,ml_scalp1,2025-11
1382264,long,2025-11-28 09:50:00,2025-11-28 09:51:00,2025-11-28 09:52:00,4164.823,4165.823,TP,0.6799999999999999,1,0.4133414725713175,ml_scalp1,2025-11
1382276,short,2025-11-28 10:02:00,2025-11-28 10:03:00,2025-11-28 10:07:00,4169.159,4170.119,SL,-1.28,4,0.35599367858917175,ml_scalp1,2025-11
1382294,long,2025-11-28 10:20:00,2025-11-28 10:21:00,2025-11-28 10:22:00,4173.123,4172.163,SL,-1.28,1,0.4121691825091854,ml_scalp1,2025-11
1382306,long,2025-11-28 10:32:00,2025-11-28 10:33:00,2025-11-28 10:34:00,4168.582,4167.142000000001,SL,-1.92,1,0.45283935002261644,ml_scalp1,2025-11
1382318,long,2025-11-28 10:44:00,2025-11-28 10:45:00,2025-11-28 10:51:00,4165.912,4166.912,TP,0.52,6,0.42868217981675333,ml_scalp1,2025-11
1382554,short,2025-11-28 14:40:00,2025-11-28 14:41:00,2025-11-28 14:42:00,4207.223,4206.223,TP,0.84,1,0.3558048409099463,ml_scalp1,2025-11
1382584,long,2025-11-28 15:10:00,2025-11-28 15:11:00,2025-11-28 15:12:00,4186.837,4187.837,TP,0.84,1,0.40849980224679294,ml_scalp1,2025-11
1382634,long,2025-11-28 16:00:00,2025-11-28 16:01:00,2025-11-28 16:02:00,4203.284,4202.804,SL,-0.64,1,0.4050346192399169,ml_scalp1,2025-11
1382646,long,2025-11-28 16:12:00,2025-11-28 16:13:00,2025-11-28 16:14:00,4200.48,4200.0,SL,-0.64,1,0.4042378747996592,ml_scalp1,2025-11
1382658,long,2025-11-28 16:24:00,2025-11-28 16:25:00,2025-11-28 16:26:00,4206.558,4207.558,TP,0.84,1,0.41160315637933853,ml_scalp1,2025-11
1382675,long,2025-11-28 16:41:00,2025-11-28 16:42:00,2025-11-28 16:43:00,4202.475,4203.475,TP,0.84,1,0.40256031909665446,ml_scalp1,2025-11
1382860,long,2025-11-30 23:08:00,2025-11-30 23:09:00,2025-11-30 23:10:00,4209.735,4209.255,SL,-0.64,1,0.4070055939398928,ml_scalp1,2025-11
1382976,long,2025-12-01 01:04:00,2025-12-01 01:05:00,2025-12-01 01:06:00,4224.374,4225.374,TP,0.84,1,0.399140080808211,ml_scalp1,2025-12
1383034,long,2025-12-01 02:02:00,2025-12-01 02:03:00,2025-12-01 02:04:00,4252.338,4251.858,SL,-0.64,1,0.39942694275432533,ml_scalp1,2025-12
1383046,long,2025-12-01 02:14:00,2025-12-01 02:15:00,2025-12-01 02:16:00,4248.316,4247.836,SL,-0.64,1,0.39965402580849313,ml_scalp1,2025-12
1383059,long,2025-12-01 02:27:00,2025-12-01 02:28:00,2025-12-01 02:29:00,4242.912,4242.432000000001,SL,-0.64,1,0.40201956006273704,ml_scalp1,2025-12
1383071,long,2025-12-01 02:39:00,2025-12-01 02:40:00,2025-12-01 02:41:00,4235.323,4236.323,TP,0.84,1,0.39898963683119415,ml_scalp1,2025-12
1383234,long,2025-12-01 05:22:00,2025-12-01 05:23:00,2025-12-01 05:24:00,4220.924,4220.444,SL,-0.64,1,0.40533871079036454,ml_scalp1,2025-12
1383757,long,2025-12-01 14:05:00,2025-12-01 14:06:00,2025-12-01 14:07:00,4240.406,4241.406,TP,0.84,1,0.3994338219557635,ml_scalp1,2025-12
1383787,long,2025-12-01 14:35:00,2025-12-01 14:36:00,2025-12-01 14:37:00,4233.307,4232.827,SL,-0.64,1,0.41315942943496753,ml_scalp1,2025-12
1383827,long,2025-12-01 15:15:00,2025-12-01 15:16:00,2025-12-01 15:17:00,4225.314,4226.314,TP,0.84,1,0.4200541119993847,ml_scalp1,2025-12
1383888,long,2025-12-01 16:16:00,2025-12-01 16:17:00,2025-12-01 16:18:00,4229.891,4230.891,TP,0.84,1,0.4030287138005815,ml_scalp1,2025-12
1383923,long,2025-12-01 16:51:00,2025-12-01 16:52:00,2025-12-01 16:53:00,4226.41,4227.41,TP,0.84,1,0.404789319147897,ml_scalp1,2025-12
1384351,long,2025-12-02 01:01:00,2025-12-02 01:02:00,2025-12-02 01:03:00,4221.246,4220.7660000000005,SL,-0.64,1,0.40388531370055597,ml_scalp1,2025-12
1384608,long,2025-12-02 05:18:00,2025-12-02 05:19:00,2025-12-02 05:20:00,4221.149,4220.669000000001,SL,-0.64,1,0.4008166263996872,ml_scalp1,2025-12
1384628,long,2025-12-02 05:38:00,2025-12-02 05:39:00,2025-12-02 05:40:00,4222.662,4222.182000000001,SL,-0.64,1,0.4002516065554126,ml_scalp1,2025-12
1384640,long,2025-12-02 05:50:00,2025-12-02 05:51:00,2025-12-02 05:52:00,4222.767,4223.767,TP,0.84,1,0.4108158927215828,ml_scalp1,2025-12
1384652,long,2025-12-02 06:02:00,2025-12-02 06:03:00,2025-12-02 06:04:00,4224.674,4225.674,TP,0.84,1,0.41029348292712825,ml_scalp1,2025-12
1384664,long,2025-12-02 06:14:00,2025-12-02 06:15:00,2025-12-02 06:16:00,4223.723,4223.243,SL,-0.64,1,0.40410601742514934,ml_scalp1,2025-12
1384851,long,2025-12-02 09:21:00,2025-12-02 09:22:00,2025-12-02 09:23:00,4200.712,4200.232000000001,SL,-0.64,1,0.4022318590683992,ml_scalp1,2025-12
1384866,long,2025-12-02 09:36:00,2025-12-02 09:37:00,2025-12-02 09:38:00,4185.084,4186.084,TP,0.84,1,0.4133931410374356,ml_scalp1,2025-12
1385219,long,2025-12-02 15:29:00,2025-12-02 15:30:00,2025-12-02 15:31:00,4188.062,4187.582,SL,-0.64,1,0.40121958341908326,ml_scalp1,2025-12
1385244,long,2025-12-02 15:54:00,2025-12-02 15:55:00,2025-12-02 15:56:00,4171.13,4172.13,TP,0.84,1,0.42395007193418366,ml_scalp1,2025-12
1385307,long,2025-12-02 16:57:00,2025-12-02 16:58:00,2025-12-02 16:59:00,4182.018,4181.5380000000005,SL,-0.64,1,0.3994651510213081,ml_scalp1,2025-12
1385608,long,2025-12-02 23:00:00,2025-12-02 23:01:00,2025-12-02 23:02:00,4207.051,4206.571000000001,SL,-0.64,1,0.4073900924372622,ml_scalp1,2025-12
1386514,long,2025-12-03 14:06:00,2025-12-03 14:07:00,2025-12-03 14:08:00,4227.612,4227.1320000000005,SL,-0.64,1,0.3991882926296737,ml_scalp1,2025-12
1386544,long,2025-12-03 14:36:00,2025-12-03 14:37:00,2025-12-03 14:38:00,4230.664,4230.184,SL,-0.64,1,0.39848102290583914,ml_scalp1,2025-12
1386557,long,2025-12-03 14:49:00,2025-12-03 14:50:00,2025-12-03 14:51:00,4218.489,4218.009,SL,-0.64,1,0.39972513759371775,ml_scalp1,2025-12
1386682,long,2025-12-03 16:54:00,2025-12-03 16:55:00,2025-12-03 16:56:00,4206.935,4206.455000000001,SL,-0.64,1,0.4109010697434344,ml_scalp1,2025-12
1387109,long,2025-12-04 01:03:00,2025-12-04 01:04:00,2025-12-04 01:05:00,4206.931,4206.451,SL,-0.64,1,0.4073667197464901,ml_scalp1,2025-12
1387228,long,2025-12-04 03:02:00,2025-12-04 03:03:00,2025-12-04 03:04:00,4188.498,4189.498,TP,0.84,1,0.41920480334019444,ml_scalp1,2025-12
1387384,long,2025-12-04 05:38:00,2025-12-04 05:39:00,2025-12-04 05:40:00,4186.636,4186.156000000001,SL,-0.64,1,0.40324030933181587,ml_scalp1,2025-12
1387396,long,2025-12-04 05:50:00,2025-12-04 05:51:00,2025-12-04 05:52:00,4179.701,4179.2210000000005,SL,-0.64,1,0.40398010214788393,ml_scalp1,2025-12
1388730,long,2025-12-05 05:06:00,2025-12-05 05:07:00,2025-12-05 05:11:00,4216.281,4217.281,TP,0.84,4,0.4020768785090947,ml_scalp1,2025-12
1388746,long,2025-12-05 05:22:00,2025-12-05 05:23:00,2025-12-05 05:24:00,4215.459,4216.459,TP,0.84,1,0.40201003695823917,ml_scalp1,2025-12
1389369,long,2025-12-05 15:45:00,2025-12-05 15:46:00,2025-12-05 15:47:00,4252.205,4251.725,SL,-0.64,1,0.40380475323876364,ml_scalp1,2025-12
1389393,long,2025-12-05 16:09:00,2025-12-05 16:10:00,2025-12-05 16:11:00,4226.253,4225.773,SL,-0.64,1,0.4040656651064213,ml_scalp1,2025-12
1389480,long,2025-12-05 17:36:00,2025-12-05 17:37:00,2025-12-05 17:38:00,4207.337,4208.337,TP,0.84,1,0.40409172455077325,ml_scalp1,2025-12
1389746,long,2025-12-07 23:11:00,2025-12-07 23:12:00,2025-12-07 23:13:00,4193.475,4194.475,TP,0.43999999999999995,1,0.42351376595585233,ml_scalp1,2025-12
1389758,long,2025-12-07 23:27:00,2025-12-07 23:28:00,2025-12-07 23:49:00,4197.366,4198.366,TP,-0.71,1,0.43306604122539805,ml_scalp1,2025-12
1389833,long,2025-12-08 01:02:00,2025-12-08 01:03:00,2025-12-08 01:04:00,4202.535,4203.535,TP,0.84,1,0.4049134290558271,ml_scalp1,2025-12
1390671,long,2025-12-08 15:00:00,2025-12-08 15:01:00,2025-12-08 15:02:00,4191.019,4190.539000000001,SL,-0.64,1,0.40790794554011955,ml_scalp1,2025-12
1390683,short,2025-12-08 15:12:00,2025-12-08 15:13:00,2025-12-08 15:14:00,4181.409,4181.888999999999,SL,-0.64,1,0.3538542697639495,ml_scalp1,2025-12
1390731,short,2025-12-08 16:00:00,2025-12-08 16:01:00,2025-12-08 16:02:00,4180.576,4181.056,SL,-0.64,1,0.35370184081904393,ml_scalp1,2025-12
1390743,short,2025-12-08 16:12:00,2025-12-08 16:13:00,2025-12-08 16:14:00,4178.221,4178.700999999999,SL,-0.64,1,0.3538690467488001,ml_scalp1,2025-12
1391355,long,2025-12-09 03:26:00,2025-12-09 03:27:00,2025-12-09 03:28:00,4197.207,4196.727000000001,SL,-0.64,1,0.39890450627621804,ml_scalp1,2025-12
1391518,long,2025-12-09 06:09:00,2025-12-09 06:10:00,2025-12-09 06:11:00,4174.461,4173.981000000001,SL,-0.64,1,0.4192897436876489,ml_scalp1,2025-12
1392000,long,2025-12-09 14:11:00,2025-12-09 14:12:00,2025-12-09 14:13:00,4191.101,4192.101,TP,0.84,1,0.4039616913009262,ml_scalp1,2025-12
1392262,long,2025-12-09 18:33:00,2025-12-09 18:34:00,2025-12-09 18:35:00,4204.156,4205.156,TP,0.84,1,0.39875248448557454,ml_scalp1,2025-12
1393707,long,2025-12-10 19:40:00,2025-12-10 19:41:00,2025-12-10 19:42:00,4191.387,4190.907,SL,-0.64,1,0.40321626429244306,ml_scalp1,2025-12
1393762,long,2025-12-10 20:35:00,2025-12-10 20:36:00,2025-12-10 20:37:00,4230.152,4231.152,TP,0.84,1,0.4007128203728832,ml_scalp1,2025-12
1393793,long,2025-12-10 21:06:00,2025-12-10 21:07:00,2025-12-10 21:08:00,4222.433,4223.433,TP,0.84,1,0.4128610816647412,ml_scalp1,2025-12
1393857,long,2025-12-10 23:12:00,2025-12-10 23:13:00,2025-12-10 23:14:00,4227.488,4227.008000000001,SL,-0.64,1,0.3983086794648541,ml_scalp1,2025-12
1393931,long,2025-12-11 00:26:00,2025-12-11 00:27:00,2025-12-11 00:28:00,4240.376,4241.376,TP,0.84,1,0.40054653904336285,ml_scalp1,2025-12
1393954,long,2025-12-11 00:49:00,2025-12-11 00:50:00,2025-12-11 00:51:00,4239.641,4239.161,SL,-0.64,1,0.39890822892027694,ml_scalp1,2025-12
1393979,long,2025-12-11 01:14:00,2025-12-11 01:15:00,2025-12-11 01:16:00,4240.267,4239.787,SL,-0.64,1,0.4037837989491696,ml_scalp1,2025-12
1393995,long,2025-12-11 01:30:00,2025-12-11 01:31:00,2025-12-11 01:32:00,4234.075,4233.595,SL,-0.64,1,0.39944947402280295,ml_scalp1,2025-12
1394060,long,2025-12-11 02:35:00,2025-12-11 02:36:00,2025-12-11 02:37:00,4224.876,4224.396000000001,SL,-0.64,1,0.3984100459982948,ml_scalp1,2025-12
1394093,long,2025-12-11 03:08:00,2025-12-11 03:09:00,2025-12-11 03:10:00,4218.549,4218.069,SL,-0.64,1,0.40365085644676457,ml_scalp1,2025-12
1394110,long,2025-12-11 03:25:00,2025-12-11 03:26:00,2025-12-11 03:27:00,4211.002,4212.002,TP,0.84,1,0.399603938059122,ml_scalp1,2025-12
1394701,long,2025-12-11 13:16:00,2025-12-11 13:17:00,2025-12-11 13:18:00,4205.966,4206.966,TP,0.84,1,0.3993263825149025,ml_scalp1,2025-12
1395042,long,2025-12-11 18:57:00,2025-12-11 18:58:00,2025-12-11 18:59:00,4271.333,4270.853,SL,-0.64,1,0.40167830348275335,ml_scalp1,2025-12
1395112,long,2025-12-11 20:07:00,2025-12-11 20:08:00,2025-12-11 20:09:00,4268.382,4267.902,SL,-0.64,1,0.4019156428100717,ml_scalp1,2025-12
1395235,long,2025-12-11 23:15:00,2025-12-11 23:16:00,2025-12-11 23:17:00,4281.696,4281.216,SL,-0.64,1,0.40029160180911083,ml_scalp1,2025-12
1395247,long,2025-12-11 23:27:00,2025-12-11 23:28:00,2025-12-11 23:29:00,4278.782,4279.782,TP,0.84,1,0.41089888930116847,ml_scalp1,2025-12
1395312,long,2025-12-12 00:32:00,2025-12-12 00:33:00,2025-12-12 00:34:00,4277.283,4276.803000000001,SL,-0.64,1,0.4083396309592847,ml_scalp1,2025-12
1395324,long,2025-12-12 00:44:00,2025-12-12 00:45:00,2025-12-12 00:47:00,4275.478,4274.9980000000005,SL,-0.64,2,0.43360564139040325,ml_scalp1,2025-12
1395338,long,2025-12-12 00:58:00,2025-12-12 00:59:00,2025-12-12 01:00:00,4271.508,4271.028,SL,-0.64,1,0.401870962014541,ml_scalp1,2025-12
1395353,long,2025-12-12 01:13:00,2025-12-12 01:14:00,2025-12-12 01:15:00,4274.86,4274.38,SL,-0.64,1,0.39901570245007695,ml_scalp1,2025-12
1395421,long,2025-12-12 02:21:00,2025-12-12 02:22:00,2025-12-12 02:24:00,4274.706,4274.226000000001,SL,-0.64,2,0.3996425517229803,ml_scalp1,2025-12
1396038,long,2025-12-12 12:38:00,2025-12-12 12:39:00,2025-12-12 12:40:00,4329.406,4328.926,SL,-0.64,1,0.40065526411982844,ml_scalp1,2025-12
1396052,long,2025-12-12 12:52:00,2025-12-12 12:53:00,2025-12-12 12:54:00,4327.676,4327.196000000001,SL,-0.64,1,0.40295525870596577,ml_scalp1,2025-12
1396196,long,2025-12-12 15:16:00,2025-12-12 15:17:00,2025-12-12 15:18:00,4336.573,4336.093000000001,SL,-0.64,1,0.40244342283149603,ml_scalp1,2025-12
1396208,long,2025-12-12 15:28:00,2025-12-12 15:29:00,2025-12-12 15:30:00,4305.114,4304.634,SL,-0.64,1,0.4039624885239588,ml_scalp1,2025-12
1396229,long,2025-12-12 15:49:00,2025-12-12 15:50:00,2025-12-12 15:51:00,4317.283,4316.803000000001,SL,-0.64,1,0.3991229286123532,ml_scalp1,2025-12
1396242,long,2025-12-12 16:02:00,2025-12-12 16:03:00,2025-12-12 16:04:00,4284.236,4283.756,SL,-0.64,1,0.407494545453862,ml_scalp1,2025-12
1396258,long,2025-12-12 16:18:00,2025-12-12 16:19:00,2025-12-12 16:20:00,4282.031,4283.031,TP,0.84,1,0.40505589306557577,ml_scalp1,2025-12
1396271,long,2025-12-12 16:31:00,2025-12-12 16:32:00,2025-12-12 16:33:00,4285.145,4284.665000000001,SL,-0.64,1,0.4070704368927439,ml_scalp1,2025-12
1397515,long,2025-12-15 14:20:00,2025-12-15 14:21:00,2025-12-15 14:22:00,4325.351,4324.871,SL,-0.64,1,0.4002240699463713,ml_scalp1,2025-12
1397548,long,2025-12-15 14:53:00,2025-12-15 14:54:00,2025-12-15 14:55:00,4318.68,4318.200000000001,SL,-0.64,1,0.41790395482054865,ml_scalp1,2025-12
1397574,long,2025-12-15 15:19:00,2025-12-15 15:20:00,2025-12-15 15:21:00,4315.345,4316.345,TP,0.84,1,0.39841289971124433,ml_scalp1,2025-12
1397613,long,2025-12-15 15:58:00,2025-12-15 15:59:00,2025-12-15 16:00:00,4318.064,4317.584000000001,SL,-0.64,1,0.404192169949952,ml_scalp1,2025-12
1397626,long,2025-12-15 16:11:00,2025-12-15 16:12:00,2025-12-15 16:13:00,4301.527,4302.527,TP,0.84,1,0.40168422884821986,ml_scalp1,2025-12
1397638,long,2025-12-15 16:23:00,2025-12-15 16:24:00,2025-12-15 16:25:00,4293.175,4294.175,TP,0.84,1,0.4132190131588543,ml_scalp1,2025-12
1397650,long,2025-12-15 16:35:00,2025-12-15 16:36:00,2025-12-15 16:37:00,4291.885,4291.405000000001,SL,-0.64,1,0.40466452717054546,ml_scalp1,2025-12
1397875,long,2025-12-15 20:20:00,2025-12-15 20:21:00,2025-12-15 20:22:00,4305.073,4304.593000000001,SL,-0.64,1,0.3996878766740147,ml_scalp1,2025-12
1398071,long,2025-12-16 00:38:00,2025-12-16 00:39:00,2025-12-16 00:40:00,4312.633,4312.153,SL,-0.64,1,0.3985427793343956,ml_scalp1,2025-12
1398124,long,2025-12-16 01:31:00,2025-12-16 01:32:00,2025-12-16 01:33:00,4313.96,4314.96,TP,0.84,1,0.40623935189861105,ml_scalp1,2025-12
1398206,long,2025-12-16 02:53:00,2025-12-16 02:54:00,2025-12-16 02:55:00,4297.508,4297.028,SL,-0.64,1,0.40934312341996815,ml_scalp1,2025-12
1398221,long,2025-12-16 03:08:00,2025-12-16 03:09:00,2025-12-16 03:10:00,4288.614,4289.614,TP,0.84,1,0.40097903777737437,ml_scalp1,2025-12
1398363,long,2025-12-16 05:30:00,2025-12-16 05:31:00,2025-12-16 05:32:00,4272.676,4273.676,TP,0.84,1,0.4289381074895904,ml_scalp1,2025-12
1399009,long,2025-12-16 16:16:00,2025-12-16 16:17:00,2025-12-16 16:18:00,4308.423,4307.943,SL,-0.64,1,0.39848077187912406,ml_scalp1,2025-12
1399029,long,2025-12-16 16:36:00,2025-12-16 16:37:00,2025-12-16 16:38:00,4297.218,4296.738,SL,-0.64,1,0.3999529893631139,ml_scalp1,2025-12
1399198,long,2025-12-16 19:25:00,2025-12-16 19:26:00,2025-12-16 19:27:00,4299.64,4299.160000000001,SL,-0.64,1,0.40242764334795633,ml_scalp1,2025-12
1399534,long,2025-12-17 02:03:00,2025-12-17 02:04:00,2025-12-17 02:05:00,4323.123,4322.643,SL,-0.64,1,0.4006412786232377,ml_scalp1,2025-12
1399898,long,2025-12-17 08:07:00,2025-12-17 08:08:00,2025-12-17 08:09:00,4313.796,4313.316000000001,SL,-0.64,1,0.3983863384676249,ml_scalp1,2025-12
1400049,long,2025-12-17 10:38:00,2025-12-17 10:39:00,2025-12-17 10:40:00,4309.7,4310.7,TP,0.84,1,0.3989422584818698,ml_scalp1,2025-12
1400258,long,2025-12-17 14:12:00,2025-12-17 14:13:00,2025-12-17 14:14:00,4333.896,4333.416,SL,-0.64,1,0.4045997091694558,ml_scalp1,2025-12
1400312,long,2025-12-17 15:06:00,2025-12-17 15:07:00,2025-12-17 15:08:00,4344.347,4343.867,SL,-0.64,1,0.39843753982976793,ml_scalp1,2025-12
1400324,long,2025-12-17 15:18:00,2025-12-17 15:19:00,2025-12-17 15:20:00,4337.339,4336.859,SL,-0.64,1,0.40249164428102513,ml_scalp1,2025-12
1400342,long,2025-12-17 15:36:00,2025-12-17 15:37:00,2025-12-17 15:38:00,4336.533,4336.053000000001,SL,-0.64,1,0.3996910932087334,ml_scalp1,2025-12
1401563,long,2025-12-18 13:06:00,2025-12-18 13:07:00,2025-12-18 13:08:00,4316.112,4315.6320000000005,SL,-0.64,1,0.3990545220454296,ml_scalp1,2025-12
1401660,long,2025-12-18 14:43:00,2025-12-18 14:44:00,2025-12-18 14:45:00,4314.077,4313.597000000001,SL,-0.64,1,0.4097661235937897,ml_scalp1,2025-12
1401802,long,2025-12-18 17:05:00,2025-12-18 17:06:00,2025-12-18 17:07:00,4354.118,4353.638000000001,SL,-0.64,1,0.4032593564317219,ml_scalp1,2025-12
1401847,long,2025-12-18 17:50:00,2025-12-18 17:51:00,2025-12-18 17:52:00,4329.445,4328.965,SL,-0.64,1,0.39941650865383843,ml_scalp1,2025-12
1401905,long,2025-12-18 18:48:00,2025-12-18 18:49:00,2025-12-18 18:50:00,4326.612,4327.612,TP,0.84,1,0.4041774709960979,ml_scalp1,2025-12
1402213,long,2025-12-19 01:00:00,2025-12-19 01:01:00,2025-12-19 01:02:00,4323.093,4324.093,TP,0.84,1,0.4108597146893109,ml_scalp1,2025-12
1402235,long,2025-12-19 01:22:00,2025-12-19 01:23:00,2025-12-19 01:24:00,4321.928,4321.448,SL,-0.64,1,0.39992204137838727,ml_scalp1,2025-12
1402247,long,2025-12-19 01:34:00,2025-12-19 01:35:00,2025-12-19 01:36:00,4309.848,4310.848,TP,0.84,1,0.40575479900505007,ml_scalp1,2025-12
1402484,long,2025-12-19 05:31:00,2025-12-19 05:32:00,2025-12-19 05:33:00,4322.81,4323.81,TP,0.84,1,0.4015479314068109,ml_scalp1,2025-12
1403040,long,2025-12-19 14:47:00,2025-12-19 14:48:00,2025-12-19 14:49:00,4320.112,4321.112,TP,0.84,1,0.3987669902856386,ml_scalp1,2025-12
1403393,long,2025-12-19 20:40:00,2025-12-19 20:41:00,2025-12-19 20:42:00,4339.596,4340.596,TP,0.84,1,0.39943661671488245,ml_scalp1,2025-12
1403577,long,2025-12-22 00:50:00,2025-12-22 00:51:00,2025-12-22 00:52:00,4363.082,4362.602000000001,SL,-0.64,1,0.40282461314533224,ml_scalp1,2025-12
1403591,long,2025-12-22 01:04:00,2025-12-22 01:05:00,2025-12-22 01:06:00,4370.158,4369.678000000001,SL,-0.64,1,0.39978580448340506,ml_scalp1,2025-12
1403603,long,2025-12-22 01:16:00,2025-12-22 01:17:00,2025-12-22 01:18:00,4364.294,4363.814,SL,-0.64,1,0.4144417528783465,ml_scalp1,2025-12
1403615,long,2025-12-22 01:28:00,2025-12-22 01:29:00,2025-12-22 01:30:00,4369.074,4368.594,SL,-0.64,1,0.4032518163635038,ml_scalp1,2025-12
1403632,long,2025-12-22 01:45:00,2025-12-22 01:46:00,2025-12-22 01:47:00,4380.191,4381.191,TP,0.84,1,0.40049960841953824,ml_scalp1,2025-12
1403653,long,2025-12-22 02:06:00,2025-12-22 02:07:00,2025-12-22 02:08:00,4381.465,4380.985000000001,SL,-0.64,1,0.4001696944321964,ml_scalp1,2025-12
1403876,long,2025-12-22 05:49:00,2025-12-22 05:50:00,2025-12-22 05:51:00,4404.572,4405.572,TP,0.84,1,0.3992084210418366,ml_scalp1,2025-12
1404037,long,2025-12-22 08:30:00,2025-12-22 08:31:00,2025-12-22 08:32:00,4414.568,4414.088000000001,SL,-0.64,1,0.40044608647950386,ml_scalp1,2025-12
1404095,long,2025-12-22 09:28:00,2025-12-22 09:29:00,2025-12-22 09:30:00,4411.965,4412.965,TP,0.84,1,0.39936865645190894,ml_scalp1,2025-12
1404107,long,2025-12-22 09:40:00,2025-12-22 09:41:00,2025-12-22 09:42:00,4412.081,4411.601000000001,SL,-0.64,1,0.4066102897233244,ml_scalp1,2025-12
1404119,long,2025-12-22 09:52:00,2025-12-22 09:53:00,2025-12-22 09:56:00,4413.165,4414.165,TP,0.84,3,0.4011686457592028,ml_scalp1,2025-12
1404153,long,2025-12-22 10:26:00,2025-12-22 10:27:00,2025-12-22 10:28:00,4412.264,4411.784000000001,SL,-0.64,1,0.4027739578839613,ml_scalp1,2025-12
1404982,long,2025-12-23 01:17:00,2025-12-23 01:18:00,2025-12-23 01:19:00,4477.02,4478.02,TP,0.84,1,0.4148769159739337,ml_scalp1,2025-12
1405104,long,2025-12-23 03:19:00,2025-12-23 03:20:00,2025-12-23 03:21:00,4483.655,4484.655,TP,0.84,1,0.39886997151906134,ml_scalp1,2025-12
1405262,long,2025-12-23 05:57:00,2025-12-23 05:58:00,2025-12-23 05:59:00,4475.49,4475.01,SL,-0.64,1,0.40618908507769796,ml_scalp1,2025-12
1405277,long,2025-12-23 06:12:00,2025-12-23 06:13:00,2025-12-23 06:15:00,4471.074,4472.074,TP,0.84,2,0.39833923304823793,ml_scalp1,2025-12
1405737,long,2025-12-23 13:52:00,2025-12-23 13:53:00,2025-12-23 13:54:00,4473.353,4474.353,TP,0.84,1,0.39970796830346245,ml_scalp1,2025-12
1405749,long,2025-12-23 14:04:00,2025-12-23 14:05:00,2025-12-23 14:06:00,4471.577,4471.097000000001,SL,-0.64,1,0.4029513568139408,ml_scalp1,2025-12
1405763,long,2025-12-23 14:18:00,2025-12-23 14:19:00,2025-12-23 14:20:00,4464.85,4465.85,TP,0.84,1,0.4014839614408582,ml_scalp1,2025-12
1405775,long,2025-12-23 14:30:00,2025-12-23 14:31:00,2025-12-23 14:32:00,4459.503,4459.023,SL,-0.64,1,0.4023395670739402,ml_scalp1,2025-12
1405787,long,2025-12-23 14:42:00,2025-12-23 14:43:00,2025-12-23 14:44:00,4450.697,4450.217000000001,SL,-0.64,1,0.41632709621329694,ml_scalp1,2025-12
1405803,long,2025-12-23 14:58:00,2025-12-23 14:59:00,2025-12-23 15:00:00,4443.543,4444.543,TP,0.84,1,0.42641345537481534,ml_scalp1,2025-12
1405832,long,2025-12-23 15:27:00,2025-12-23 15:28:00,2025-12-23 15:29:00,4442.914,4442.434,SL,-0.64,1,0.39890004988165667,ml_scalp1,2025-12
1405846,long,2025-12-23 15:41:00,2025-12-23 15:42:00,2025-12-23 15:43:00,4454.606,4454.126,SL,-0.64,1,0.3990701591655449,ml_scalp1,2025-12
1405895,long,2025-12-23 16:30:00,2025-12-23 16:31:00,2025-12-23 16:32:00,4457.55,4457.070000000001,SL,-0.64,1,0.41338665920033635,ml_scalp1,2025-12
1406193,long,2025-12-23 21:28:00,2025-12-23 21:29:00,2025-12-23 21:30:00,4490.502,4490.022000000001,SL,-0.64,1,0.401816645040916,ml_scalp1,2025-12
1406205,long,2025-12-23 21:40:00,2025-12-23 21:41:00,2025-12-23 21:42:00,4489.571,4490.571,TP,0.84,1,0.41846781670571925,ml_scalp1,2025-12
1406335,long,2025-12-24 00:53:00,2025-12-24 00:54:00,2025-12-24 00:55:00,4512.838,4513.838,TP,0.84,1,0.3986353326365605,ml_scalp1,2025-12
1406350,long,2025-12-24 01:08:00,2025-12-24 01:09:00,2025-12-24 01:10:00,4516.488,4516.008000000001,SL,-0.64,1,0.4005785242840188,ml_scalp1,2025-12
1406362,long,2025-12-24 01:20:00,2025-12-24 01:21:00,2025-12-24 01:22:00,4517.09,4518.09,TP,0.84,1,0.40978130221948106,ml_scalp1,2025-12
1406374,long,2025-12-24 01:32:00,2025-12-24 01:33:00,2025-12-24 01:34:00,4521.048,4520.568,SL,-0.64,1,0.40308363603882147,ml_scalp1,2025-12
1406386,long,2025-12-24 01:44:00,2025-12-24 01:45:00,2025-12-24 01:46:00,4520.262,4521.262,TP,0.84,1,0.40477101700070156,ml_scalp1,2025-12
1406401,long,2025-12-24 01:59:00,2025-12-24 02:00:00,2025-12-24 02:01:00,4518.794,4518.314,SL,-0.64,1,0.40011842610997933,ml_scalp1,2025-12
1406415,long,2025-12-24 02:13:00,2025-12-24 02:14:00,2025-12-24 02:15:00,4511.432,4512.432,TP,0.84,1,0.39844944432210555,ml_scalp1,2025-12
1406457,long,2025-12-24 02:55:00,2025-12-24 02:56:00,2025-12-24 02:57:00,4500.587,4500.107000000001,SL,-0.64,1,0.41831269429826207,ml_scalp1,2025-12
1407159,long,2025-12-24 14:37:00,2025-12-24 14:38:00,2025-12-24 14:39:00,4474.663,4474.183,SL,-0.64,1,0.4184684692380445,ml_scalp1,2025-12
1407172,long,2025-12-24 14:50:00,2025-12-24 14:51:00,2025-12-24 14:52:00,4462.1,4463.1,TP,0.84,1,0.42276561581883054,ml_scalp1,2025-12
1407200,long,2025-12-24 15:18:00,2025-12-24 15:19:00,2025-12-24 15:20:00,4466.958,4467.958,TP,0.84,1,0.40083786400644406,ml_scalp1,2025-12
1407219,long,2025-12-24 15:37:00,2025-12-24 15:38:00,2025-12-24 15:39:00,4457.336,4458.336,TP,0.84,1,0.4181951587323153,ml_scalp1,2025-12
1407363,long,2025-12-24 18:01:00,2025-12-24 18:02:00,2025-12-24 18:03:00,4478.407,4479.407,TP,0.19099999999999995,1,0.4290110467231454,ml_scalp1,2025-12
1407511,long,2025-12-26 01:10:00,2025-12-26 01:11:00,2025-12-26 01:12:00,4512.907,4512.427000000001,SL,-0.64,1,0.4016716609503175,ml_scalp1,2025-12
1407538,long,2025-12-26 01:37:00,2025-12-26 01:38:00,2025-12-26 01:39:00,4514.032,4513.552000000001,SL,-0.64,1,0.3999403268139421,ml_scalp1,2025-12
1408413,long,2025-12-26 16:12:00,2025-12-26 16:13:00,2025-12-26 16:14:00,4539.446,4538.966,SL,-0.64,1,0.4002123699782035,ml_scalp1,2025-12
1408475,long,2025-12-26 17:14:00,2025-12-26 17:15:00,2025-12-26 17:16:00,4526.305,4525.825000000001,SL,-0.64,1,0.3987542691374206,ml_scalp1,2025-12
1408492,long,2025-12-26 17:31:00,2025-12-26 17:32:00,2025-12-26 17:33:00,4514.61,4514.13,SL,-0.64,1,0.41245242971058693,ml_scalp1,2025-12
1408769,long,2025-12-28 23:11:00,2025-12-28 23:12:00,2025-12-28 23:13:00,4535.709,4535.229,SL,-0.64,1,0.4013350999821336,ml_scalp1,2025-12
1408791,long,2025-12-28 23:33:00,2025-12-28 23:34:00,2025-12-28 23:35:00,4537.607,4537.127,SL,-0.64,1,0.39896697022997746,ml_scalp1,2025-12
1408820,long,2025-12-29 00:02:00,2025-12-29 00:03:00,2025-12-29 00:04:00,4520.612,4520.1320000000005,SL,-0.64,1,0.40285864257669113,ml_scalp1,2025-12
1408835,long,2025-12-29 00:17:00,2025-12-29 00:18:00,2025-12-29 00:19:00,4515.739,4515.259,SL,-0.64,1,0.40688449366514307,ml_scalp1,2025-12
1408847,long,2025-12-29 00:29:00,2025-12-29 00:30:00,2025-12-29 00:31:00,4487.214,4486.734,SL,-0.64,1,0.4050172380268333,ml_scalp1,2025-12
1408861,long,2025-12-29 00:43:00,2025-12-29 00:44:00,2025-12-29 00:45:00,4495.283,4494.803000000001,SL,-0.64,1,0.3985035767910256,ml_scalp1,2025-12
1408877,long,2025-12-29 00:59:00,2025-12-29 01:00:00,2025-12-29 01:01:00,4497.46,4496.9800000000005,SL,-0.64,1,0.3988086632932465,ml_scalp1,2025-12
1408894,long,2025-12-29 01:16:00,2025-12-29 01:17:00,2025-12-29 01:18:00,4516.167,4515.687000000001,SL,-0.64,1,0.39856507311794254,ml_scalp1,2025-12
1409206,long,2025-12-29 06:28:00,2025-12-29 06:29:00,2025-12-29 06:30:00,4491.724,4491.244000000001,SL,-0.64,1,0.4124686828333721,ml_scalp1,2025-12
1409223,long,2025-12-29 06:45:00,2025-12-29 06:46:00,2025-12-29 06:47:00,4483.315,4482.835,SL,-0.64,1,0.4199633038067659,ml_scalp1,2025-12
1409235,long,2025-12-29 06:57:00,2025-12-29 06:58:00,2025-12-29 06:59:00,4473.067,4474.067,TP,0.84,1,0.40098644001985584,ml_scalp1,2025-12
1409299,long,2025-12-29 08:01:00,2025-12-29 08:02:00,2025-12-29 08:03:00,4468.011,4469.011,TP,0.84,1,0.3994527932954828,ml_scalp1,2025-12
1409347,long,2025-12-29 08:49:00,2025-12-29 08:50:00,2025-12-29 08:51:00,4461.241,4460.761,SL,-0.64,1,0.40102036414277675,ml_scalp1,2025-12
1409518,long,2025-12-29 11:40:00,2025-12-29 11:41:00,2025-12-29 11:42:00,4438.459,4439.459,TP,0.84,1,0.4198936788152951,ml_scalp1,2025-12
1409640,long,2025-12-29 13:42:00,2025-12-29 13:43:00,2025-12-29 13:44:00,4428.247,4427.767000000001,SL,-0.64,1,0.4279106469920112,ml_scalp1,2025-12
1409652,short,2025-12-29 13:54:00,2025-12-29 13:55:00,2025-12-29 13:56:00,4411.581,4412.061,SL,-0.64,1,0.35413246947638494,ml_scalp1,2025-12
1409664,long,2025-12-29 14:06:00,2025-12-29 14:07:00,2025-12-29 14:08:00,4387.86,4388.86,TP,0.84,1,0.4088281144991532,ml_scalp1,2025-12
1409676,short,2025-12-29 14:18:00,2025-12-29 14:19:00,2025-12-29 14:20:00,4395.772,4394.772,TP,0.84,1,0.3542359332056075,ml_scalp1,2025-12
1409688,long,2025-12-29 14:30:00,2025-12-29 14:31:00,2025-12-29 14:32:00,4369.657,4370.657,TP,0.84,1,0.42014447463005505,ml_scalp1,2025-12
1409700,short,2025-12-29 14:42:00,2025-12-29 14:43:00,2025-12-29 14:44:00,4360.84,4361.32,SL,-0.64,1,0.3542359332056075,ml_scalp1,2025-12
1409712,short,2025-12-29 14:54:00,2025-12-29 14:55:00,2025-12-29 14:56:00,4368.957,4369.437,SL,-0.64,1,0.3542359332056075,ml_scalp1,2025-12
1409724,long,2025-12-29 15:06:00,2025-12-29 15:07:00,2025-12-29 15:08:00,4335.555,4335.075000000001,SL,-0.64,1,0.40430229672961526,ml_scalp1,2025-12
1409736,short,2025-12-29 15:18:00,2025-12-29 15:19:00,2025-12-29 15:20:00,4332.912,4333.392,SL,-0.64,1,0.3542359332056075,ml_scalp1,2025-12
1409748,short,2025-12-29 15:30:00,2025-12-29 15:31:00,2025-12-29 15:32:00,4326.523,4325.523,TP,0.84,1,0.3542359332056075,ml_scalp1,2025-12
1409760,short,2025-12-29 15:42:00,2025-12-29 15:43:00,2025-12-29 15:44:00,4330.171,4330.651,SL,-0.64,1,0.3542359332056075,ml_scalp1,2025-12
1409772,short,2025-12-29 15:54:00,2025-12-29 15:55:00,2025-12-29 15:56:00,4325.781,4326.2609999999995,SL,-0.64,1,0.3542359332056075,ml_scalp1,2025-12
1409784,short,2025-12-29 16:06:00,2025-12-29 16:07:00,2025-12-29 16:08:00,4332.894,4333.374,SL,-0.64,1,0.3542359332056075,ml_scalp1,2025-12
1409796,short,2025-12-29 16:18:00,2025-12-29 16:19:00,2025-12-29 16:20:00,4326.031,4326.5109999999995,SL,-0.64,1,0.354207347811384,ml_scalp1,2025-12
1409808,short,2025-12-29 16:30:00,2025-12-29 16:31:00,2025-12-29 16:32:00,4336.673,4335.673,TP,0.84,1,0.3541162768812209,ml_scalp1,2025-12
1409820,short,2025-12-29 16:42:00,2025-12-29 16:43:00,2025-12-29 16:44:00,4332.55,4333.03,SL,-0.64,1,0.3536884276276291,ml_scalp1,2025-12
1410258,long,2025-12-30 01:04:00,2025-12-30 01:05:00,2025-12-30 01:06:00,4327.867,4327.387000000001,SL,-0.64,1,0.4020739873050544,ml_scalp1,2025-12
1411006,long,2025-12-30 13:32:00,2025-12-30 13:33:00,2025-12-30 13:34:00,4380.916,4380.436000000001,SL,-0.64,1,0.40129435815961967,ml_scalp1,2025-12
1411074,long,2025-12-30 14:40:00,2025-12-30 14:41:00,2025-12-30 14:42:00,4370.014,4369.534000000001,SL,-0.64,1,0.4084821023983876,ml_scalp1,2025-12
1411163,long,2025-12-30 16:09:00,2025-12-30 16:10:00,2025-12-30 16:11:00,4355.984,4356.984,TP,0.84,1,0.40687176263594504,ml_scalp1,2025-12
1411382,long,2025-12-30 19:48:00,2025-12-30 19:49:00,2025-12-30 19:50:00,4348.586,4348.106000000001,SL,-0.64,1,0.41544665409362813,ml_scalp1,2025-12
1411545,long,2025-12-30 23:34:00,2025-12-30 23:35:00,2025-12-30 23:36:00,4332.079,4333.079,TP,0.84,1,0.4003422344005042,ml_scalp1,2025-12
1411911,long,2025-12-31 05:40:00,2025-12-31 05:41:00,2025-12-31 05:42:00,4326.275,4325.795,SL,-0.64,1,0.4019607606470942,ml_scalp1,2025-12
1411923,long,2025-12-31 05:52:00,2025-12-31 05:53:00,2025-12-31 05:54:00,4297.647,4297.167,SL,-0.64,1,0.4292809376705262,ml_scalp1,2025-12
1411935,short,2025-12-31 06:04:00,2025-12-31 06:05:00,2025-12-31 06:06:00,4287.378,4287.857999999999,SL,-0.64,1,0.3537091870915125,ml_scalp1,2025-12
1411947,short,2025-12-31 06:16:00,2025-12-31 06:17:00,2025-12-31 06:18:00,4294.693,4295.173,SL,-0.64,1,0.3537091870915125,ml_scalp1,2025-12
1412201,long,2025-12-31 10:30:00,2025-12-31 10:31:00,2025-12-31 10:32:00,4309.816,4309.336,SL,-0.64,1,0.39907629015098867,ml_scalp1,2025-12
1412535,long,2025-12-31 16:04:00,2025-12-31 16:05:00,2025-12-31 16:06:00,4328.263,4329.263,TP,0.84,1,0.40127710784105225,ml_scalp1,2025-12
1412652,long,2025-12-31 18:01:00,2025-12-31 18:02:00,2025-12-31 18:03:00,4326.765,4324.446,SL,-3.092,1,0.42226145513795416,ml_scalp1,2025-12
1412664,long,2025-12-31 18:13:00,2025-12-31 18:14:00,2025-12-31 18:15:00,4324.026,4325.026,TP,0.22399999999999998,1,0.43178632611097434,ml_scalp1,2025-12
1412676,long,2025-12-31 18:25:00,2025-12-31 18:26:00,2025-12-31 18:28:00,4326.145,4327.145,TP,0.22099999999999997,2,0.42725061569676126,ml_scalp1,2025-12
1412689,long,2025-12-31 18:38:00,2025-12-31 18:39:00,2025-12-31 18:40:00,4324.583,4325.583,TP,0.21999999999999997,1,0.41825958429668497,ml_scalp1,2025-12
1412701,long,2025-12-31 18:50:00,2025-12-31 18:51:00,2025-12-31 18:52:00,4316.228,4317.228,TP,0.22299999999999998,1,0.4504995877747971,ml_scalp1,2025-12
1412713,long,2025-12-31 19:02:00,2025-12-31 19:03:00,2025-12-31 19:05:00,4321.388,4319.0599999999995,SL,-3.104,2,0.4195916365234756,ml_scalp1,2025-12
1412726,long,2025-12-31 19:15:00,2025-12-31 19:16:00,2025-12-31 19:17:00,4317.06,4318.06,TP,0.22799999999999998,1,0.4221271629813459,ml_scalp1,2025-12
1412738,long,2025-12-31 19:27:00,2025-12-31 19:28:00,2025-12-31 19:31:00,4317.178,4314.862,SL,-3.088,3,0.4100990805792655,ml_scalp1,2025-12
1412752,long,2025-12-31 19:41:00,2025-12-31 19:42:00,2025-12-31 19:44:00,4310.349,4307.997,SL,-3.136,2,0.40707531274404896,ml_scalp1,2025-12
1412765,long,2025-12-31 19:54:00,2025-12-31 19:55:00,2025-12-31 20:01:00,4311.389,4309.058,SL,-3.108,6,0.4178869240640517,ml_scalp1,2025-12
1412782,long,2025-12-31 20:11:00,2025-12-31 20:12:00,2025-12-31 20:13:00,4310.209,4311.209,TP,0.22399999999999998,1,0.4175951014961686,ml_scalp1,2025-12
1412794,long,2025-12-31 20:23:00,2025-12-31 20:24:00,2025-12-31 20:30:00,4316.342,4317.342,TP,0.21899999999999997,6,0.40285585280958347,ml_scalp1,2025-12
1412811,long,2025-12-31 20:40:00,2025-12-31 20:41:00,2025-12-31 20:42:00,4318.076,4319.076,TP,0.21499999999999997,1,0.408256732266032,ml_scalp1,2025-12
1412823,long,2025-12-31 20:52:00,2025-12-31 20:53:00,2025-12-31 20:54:00,4308.215,4309.215,TP,0.22199999999999998,1,0.4425136122828677,ml_scalp1,2025-12
1412836,long,2025-12-31 21:05:00,2025-12-31 21:06:00,2025-12-31 21:09:00,4311.359,4312.359,TP,0.21699999999999997,3,0.4196801516725306,ml_scalp1,2025-12
1412922,long,2026-01-01 23:38:00,2026-01-01 23:39:00,2026-01-01 23:40:00,4340.949,4339.509,SL,-1.92,1,0.4247003125525928,ml_scalp1,2026-01
1413745,long,2026-01-02 13:21:00,2026-01-02 13:22:00,2026-01-02 13:23:00,4386.707,4386.227000000001,SL,-0.64,1,0.40253288275837373,ml_scalp1,2026-01
1413760,long,2026-01-02 13:36:00,2026-01-02 13:37:00,2026-01-02 13:38:00,4368.303,4369.303,TP,0.84,1,0.3980158459516522,ml_scalp1,2026-01
1413778,long,2026-01-02 13:54:00,2026-01-02 13:55:00,2026-01-02 13:56:00,4366.69,4367.69,TP,0.84,1,0.4019010425292531,ml_scalp1,2026-01
1413815,long,2026-01-02 14:31:00,2026-01-02 14:32:00,2026-01-02 14:33:00,4360.146,4359.666,SL,-0.64,1,0.42371026788895716,ml_scalp1,2026-01
1413848,long,2026-01-02 15:04:00,2026-01-02 15:05:00,2026-01-02 15:06:00,4342.201,4341.7210000000005,SL,-0.64,1,0.42323513823704845,ml_scalp1,2026-01
1413860,short,2026-01-02 15:16:00,2026-01-02 15:17:00,2026-01-02 15:18:00,4338.086,4338.566,SL,-0.64,1,0.3542767609384521,ml_scalp1,2026-01
1413872,short,2026-01-02 15:28:00,2026-01-02 15:29:00,2026-01-02 15:30:00,4336.54,4335.54,TP,0.84,1,0.35424201143054806,ml_scalp1,2026-01
1413884,short,2026-01-02 15:40:00,2026-01-02 15:41:00,2026-01-02 15:42:00,4342.549,4343.0289999999995,SL,-0.64,1,0.35424201143054806,ml_scalp1,2026-01
1413896,short,2026-01-02 15:52:00,2026-01-02 15:53:00,2026-01-02 15:54:00,4339.68,4340.16,SL,-0.64,1,0.35424201143054806,ml_scalp1,2026-01
1413910,long,2026-01-02 16:06:00,2026-01-02 16:07:00,2026-01-02 16:08:00,4323.711,4323.231000000001,SL,-0.64,1,0.4019569764833749,ml_scalp1,2026-01
1413922,long,2026-01-02 16:18:00,2026-01-02 16:19:00,2026-01-02 16:20:00,4316.386,4317.386,TP,0.84,1,0.41125112369227507,ml_scalp1,2026-01
1413934,short,2026-01-02 16:30:00,2026-01-02 16:31:00,2026-01-02 16:32:00,4320.141,4320.620999999999,SL,-0.64,1,0.35424201143054806,ml_scalp1,2026-01
1413946,short,2026-01-02 16:42:00,2026-01-02 16:43:00,2026-01-02 16:44:00,4324.257,4324.736999999999,SL,-0.64,1,0.35424201143054806,ml_scalp1,2026-01
1413958,short,2026-01-02 16:54:00,2026-01-02 16:55:00,2026-01-02 16:56:00,4323.822,4322.822,TP,0.84,1,0.35431276214389645,ml_scalp1,2026-01
1414034,long,2026-01-02 18:10:00,2026-01-02 18:11:00,2026-01-02 18:12:00,4313.926,4314.926,TP,0.84,1,0.40201717632217016,ml_scalp1,2026-01
1414240,long,2026-01-02 21:36:00,2026-01-02 21:37:00,2026-01-02 21:38:00,4329.202,4328.722000000001,SL,-0.64,1,0.417033627929528,ml_scalp1,2026-01
1414355,long,2026-01-05 00:40:00,2026-01-05 00:41:00,2026-01-05 00:42:00,4386.474,4387.474,TP,0.84,1,0.3988053419687213,ml_scalp1,2026-01
1414425,long,2026-01-05 01:50:00,2026-01-05 01:51:00,2026-01-05 01:52:00,4393.638,4393.158,SL,-0.64,1,0.405886752532799,ml_scalp1,2026-01
1414441,long,2026-01-05 02:06:00,2026-01-05 02:07:00,2026-01-05 02:08:00,4392.624,4392.144,SL,-0.64,1,0.39807443769976086,ml_scalp1,2026-01
1414514,long,2026-01-05 03:19:00,2026-01-05 03:20:00,2026-01-05 03:21:00,4408.212,4409.212,TP,0.84,1,0.4025179621897915,ml_scalp1,2026-01
1414639,long,2026-01-05 05:24:00,2026-01-05 05:25:00,2026-01-05 05:26:00,4408.255,4409.255,TP,0.84,1,0.4003954385042647,ml_scalp1,2026-01
1415001,long,2026-01-05 11:26:00,2026-01-05 11:27:00,2026-01-05 11:28:00,4416.635,4416.155000000001,SL,-0.64,1,0.4230391092381434,ml_scalp1,2026-01
1415077,long,2026-01-05 12:42:00,2026-01-05 12:43:00,2026-01-05 12:44:00,4407.566,4407.086,SL,-0.64,1,0.41637872037995893,ml_scalp1,2026-01
1415103,long,2026-01-05 13:08:00,2026-01-05 13:09:00,2026-01-05 13:10:00,4412.477,4411.997,SL,-0.64,1,0.3994097047509131,ml_scalp1,2026-01
1415116,long,2026-01-05 13:21:00,2026-01-05 13:22:00,2026-01-05 13:23:00,4407.543,4407.063,SL,-0.64,1,0.40065987844814177,ml_scalp1,2026-01
1415238,short,2026-01-05 15:23:00,2026-01-05 15:24:00,2026-01-05 15:25:00,4450.396,4449.396,TP,0.84,1,0.3542181795067454,ml_scalp1,2026-01
1415252,long,2026-01-05 15:37:00,2026-01-05 15:38:00,2026-01-05 15:39:00,4438.595,4438.115000000001,SL,-0.64,1,0.3998125701789174,ml_scalp1,2026-01
1415282,long,2026-01-05 16:07:00,2026-01-05 16:08:00,2026-01-05 16:09:00,4440.021,4441.021,TP,0.84,1,0.4066835128569837,ml_scalp1,2026-01
1415300,long,2026-01-05 16:25:00,2026-01-05 16:26:00,2026-01-05 16:27:00,4443.273,4442.793000000001,SL,-0.64,1,0.4016610181945164,ml_scalp1,2026-01
1415312,long,2026-01-05 16:37:00,2026-01-05 16:38:00,2026-01-05 16:39:00,4444.207,4445.207,TP,0.84,1,0.3994590939740674,ml_scalp1,2026-01
1415331,long,2026-01-05 16:56:00,2026-01-05 16:57:00,2026-01-05 16:58:00,4448.076,4447.5960000000005,SL,-0.64,1,0.3997039729006964,ml_scalp1,2026-01
1415343,long,2026-01-05 17:08:00,2026-01-05 17:09:00,2026-01-05 17:10:00,4438.416,4437.936000000001,SL,-0.64,1,0.40088624837806264,ml_scalp1,2026-01
1415363,long,2026-01-05 17:28:00,2026-01-05 17:29:00,2026-01-05 17:30:00,4445.262,4444.782,SL,-0.64,1,0.39907014888824693,ml_scalp1,2026-01
1415375,long,2026-01-05 17:40:00,2026-01-05 17:41:00,2026-01-05 17:42:00,4443.573,4443.093000000001,SL,-0.64,1,0.4066592274910013,ml_scalp1,2026-01
1415660,long,2026-01-05 23:31:00,2026-01-05 23:32:00,2026-01-05 23:33:00,4444.302,4443.822,SL,-0.64,1,0.40576028872683345,ml_scalp1,2026-01
1415751,long,2026-01-06 01:02:00,2026-01-06 01:03:00,2026-01-06 01:04:00,4431.097,4432.097,TP,0.84,1,0.4020036954257267,ml_scalp1,2026-01
1416600,long,2026-01-06 15:11:00,2026-01-06 15:12:00,2026-01-06 15:13:00,4481.126,4480.646000000001,SL,-0.64,1,0.39958870388949086,ml_scalp1,2026-01
1416619,long,2026-01-06 15:30:00,2026-01-06 15:31:00,2026-01-06 15:32:00,4475.406,4476.406,TP,0.84,1,0.4005936526535683,ml_scalp1,2026-01
1416654,long,2026-01-06 16:05:00,2026-01-06 16:06:00,2026-01-06 16:07:00,4473.487,4473.0070000000005,SL,-0.64,1,0.3997391816071292,ml_scalp1,2026-01
1416752,long,2026-01-06 17:43:00,2026-01-06 17:44:00,2026-01-06 17:45:00,4482.324,4483.324,TP,0.84,1,0.4038528475750669,ml_scalp1,2026-01
1416797,long,2026-01-06 18:28:00,2026-01-06 18:29:00,2026-01-06 18:30:00,4484.863,4485.863,TP,0.84,1,0.39851436075320734,ml_scalp1,2026-01
1417132,long,2026-01-07 01:06:00,2026-01-07 01:07:00,2026-01-07 01:08:00,4475.894,4475.414000000001,SL,-0.64,1,0.4160182079784291,ml_scalp1,2026-01
1417158,long,2026-01-07 01:32:00,2026-01-07 01:33:00,2026-01-07 01:34:00,4472.562,4472.082,SL,-0.64,1,0.4020898221296183,ml_scalp1,2026-01
1417175,long,2026-01-07 01:49:00,2026-01-07 01:50:00,2026-01-07 01:51:00,4465.119,4466.119,TP,0.84,1,0.4080063650642687,ml_scalp1,2026-01
1417187,long,2026-01-07 02:01:00,2026-01-07 02:02:00,2026-01-07 02:03:00,4460.77,4461.77,TP,0.84,1,0.4071292857120628,ml_scalp1,2026-01
1417400,long,2026-01-07 05:34:00,2026-01-07 05:35:00,2026-01-07 05:36:00,4453.855,4454.855,TP,0.84,1,0.4138119031243092,ml_scalp1,2026-01
1417413,long,2026-01-07 05:47:00,2026-01-07 05:48:00,2026-01-07 05:49:00,4444.63,4445.63,TP,0.84,1,0.41680298360428436,ml_scalp1,2026-01
1417784,long,2026-01-07 11:58:00,2026-01-07 11:59:00,2026-01-07 12:00:00,4448.035,4447.555,SL,-0.64,1,0.4001175658763453,ml_scalp1,2026-01
1417804,long,2026-01-07 12:18:00,2026-01-07 12:19:00,2026-01-07 12:20:00,4441.759,4441.279,SL,-0.64,1,0.4151010033152048,ml_scalp1,2026-01
1417852,long,2026-01-07 13:06:00,2026-01-07 13:07:00,2026-01-07 13:08:00,4439.196,4438.716,SL,-0.64,1,0.4309212435459706,ml_scalp1,2026-01
1417927,long,2026-01-07 14:21:00,2026-01-07 14:22:00,2026-01-07 14:23:00,4443.938,4443.4580000000005,SL,-0.64,1,0.40276892263550756,ml_scalp1,2026-01
1417943,long,2026-01-07 14:37:00,2026-01-07 14:38:00,2026-01-07 14:39:00,4438.453,4439.453,TP,0.84,1,0.4086432378224102,ml_scalp1,2026-01
1417966,long,2026-01-07 15:00:00,2026-01-07 15:01:00,2026-01-07 15:02:00,4440.041,4439.561000000001,SL,-0.64,1,0.40107594562695364,ml_scalp1,2026-01
1417980,long,2026-01-07 15:14:00,2026-01-07 15:15:00,2026-01-07 15:16:00,4426.672,4426.192,SL,-0.64,1,0.41162822856639303,ml_scalp1,2026-01
1418503,long,2026-01-08 01:00:00,2026-01-08 01:01:00,2026-01-08 01:02:00,4446.148,4447.148,TP,0.84,1,0.4131703168652708,ml_scalp1,2026-01
1418596,long,2026-01-08 02:33:00,2026-01-08 02:34:00,2026-01-08 02:35:00,4435.75,4436.75,TP,0.84,1,0.3999099725562705,ml_scalp1,2026-01
1418775,long,2026-01-08 05:32:00,2026-01-08 05:33:00,2026-01-08 05:34:00,4420.875,4420.395,SL,-0.64,1,0.40967839178468635,ml_scalp1,2026-01
1419106,long,2026-01-08 11:03:00,2026-01-08 11:04:00,2026-01-08 11:05:00,4431.379,4432.379,TP,0.84,1,0.3987326207744676,ml_scalp1,2026-01
1419143,long,2026-01-08 11:40:00,2026-01-08 11:41:00,2026-01-08 11:42:00,4427.572,4427.092000000001,SL,-0.64,1,0.4021327742639245,ml_scalp1,2026-01
1419177,long,2026-01-08 12:14:00,2026-01-08 12:15:00,2026-01-08 12:16:00,4412.275,4411.795,SL,-0.64,1,0.4054649168522862,ml_scalp1,2026-01
1419740,long,2026-01-08 21:37:00,2026-01-08 21:38:00,2026-01-08 21:39:00,4473.66,4473.18,SL,-0.64,1,0.4046520447425535,ml_scalp1,2026-01
1419764,long,2026-01-08 23:04:00,2026-01-08 23:05:00,2026-01-08 23:06:00,4477.32,4476.84,SL,-0.64,1,0.40007630156161716,ml_scalp1,2026-01
1419776,long,2026-01-08 23:16:00,2026-01-08 23:17:00,2026-01-08 23:18:00,4476.251,4475.771000000001,SL,-0.64,1,0.39968242502509316,ml_scalp1,2026-01
1419791,long,2026-01-08 23:31:00,2026-01-08 23:32:00,2026-01-08 23:33:00,4476.24,4475.76,SL,-0.64,1,0.39959240917398725,ml_scalp1,2026-01
1419803,long,2026-01-08 23:43:00,2026-01-08 23:44:00,2026-01-08 23:47:00,4475.66,4475.18,SL,-0.64,3,0.4109751947773185,ml_scalp1,2026-01
1419817,long,2026-01-08 23:57:00,2026-01-08 23:58:00,2026-01-08 23:59:00,4474.5,4475.5,TP,0.84,1,0.4009266528375445,ml_scalp1,2026-01
1419832,long,2026-01-09 00:12:00,2026-01-09 00:13:00,2026-01-09 00:14:00,4474.193,4473.713000000001,SL,-0.64,1,0.40202571872639387,ml_scalp1,2026-01
1419887,long,2026-01-09 01:07:00,2026-01-09 01:08:00,2026-01-09 01:09:00,4454.417,4455.417,TP,0.84,1,0.40435881259329626,ml_scalp1,2026-01
1419899,long,2026-01-09 01:19:00,2026-01-09 01:20:00,2026-01-09 01:21:00,4453.468,4454.468,TP,0.84,1,0.40040271671532435,ml_scalp1,2026-01
1420692,long,2026-01-09 14:32:00,2026-01-09 14:33:00,2026-01-09 14:34:00,4483.592,4484.592,TP,0.84,1,0.410267437761735,ml_scalp1,2026-01
1420710,long,2026-01-09 14:50:00,2026-01-09 14:51:00,2026-01-09 14:52:00,4480.365,4481.365,TP,0.84,1,0.39913456612178566,ml_scalp1,2026-01
1420765,short,2026-01-09 15:45:00,2026-01-09 15:46:00,2026-01-09 15:47:00,4514.053,4513.053,TP,0.84,1,0.3542145883268977,ml_scalp1,2026-01
1420789,long,2026-01-09 16:09:00,2026-01-09 16:10:00,2026-01-09 16:11:00,4507.599,4507.119000000001,SL,-0.64,1,0.40097304221018915,ml_scalp1,2026-01
1420802,long,2026-01-09 16:22:00,2026-01-09 16:23:00,2026-01-09 16:24:00,4503.634,4503.154,SL,-0.64,1,0.39971143085258937,ml_scalp1,2026-01
1420843,long,2026-01-09 17:03:00,2026-01-09 17:04:00,2026-01-09 17:05:00,4505.007,4506.007,TP,0.84,1,0.40165881716268825,ml_scalp1,2026-01
1420861,long,2026-01-09 17:21:00,2026-01-09 17:22:00,2026-01-09 17:23:00,4503.274,4502.794000000001,SL,-0.64,1,0.39853431439810594,ml_scalp1,2026-01
1420888,long,2026-01-09 17:48:00,2026-01-09 17:49:00,2026-01-09 17:50:00,4497.659,4497.179,SL,-0.64,1,0.40415752949113737,ml_scalp1,2026-01
1421289,long,2026-01-12 01:34:00,2026-01-12 01:35:00,2026-01-12 01:36:00,4577.921,4577.441000000001,SL,-0.64,1,0.4032101983642843,ml_scalp1,2026-01
1421314,long,2026-01-12 01:59:00,2026-01-12 02:00:00,2026-01-12 02:01:00,4570.071,4569.591,SL,-0.64,1,0.40079655005752707,ml_scalp1,2026-01
1421326,long,2026-01-12 02:11:00,2026-01-12 02:12:00,2026-01-12 02:13:00,4566.093,4565.613,SL,-0.64,1,0.3987395132821492,ml_scalp1,2026-01
1421344,long,2026-01-12 02:29:00,2026-01-12 02:30:00,2026-01-12 02:31:00,4566.177,4565.697,SL,-0.64,1,0.399076932880015,ml_scalp1,2026-01
1421371,long,2026-01-12 02:56:00,2026-01-12 02:57:00,2026-01-12 02:58:00,4576.045,4577.045,TP,0.84,1,0.4001190398581391,ml_scalp1,2026-01
1421384,long,2026-01-12 03:09:00,2026-01-12 03:10:00,2026-01-12 03:11:00,4577.265,4576.785000000001,SL,-0.64,1,0.4044320164292228,ml_scalp1,2026-01
1421396,long,2026-01-12 03:21:00,2026-01-12 03:22:00,2026-01-12 03:23:00,4576.442,4577.442,TP,0.84,1,0.4153902440088414,ml_scalp1,2026-01
1421408,long,2026-01-12 03:33:00,2026-01-12 03:34:00,2026-01-12 03:35:00,4576.47,4575.990000000001,SL,-0.64,1,0.4055768056729299,ml_scalp1,2026-01
1421848,long,2026-01-12 10:53:00,2026-01-12 10:54:00,2026-01-12 10:55:00,4593.644,4593.164000000001,SL,-0.64,1,0.3993612710661617,ml_scalp1,2026-01
1421860,long,2026-01-12 11:05:00,2026-01-12 11:06:00,2026-01-12 11:09:00,4592.547,4592.067,SL,-0.64,3,0.41296164524621437,ml_scalp1,2026-01
1422038,long,2026-01-12 14:03:00,2026-01-12 14:04:00,2026-01-12 14:05:00,4599.054,4600.054,TP,0.84,1,0.411202365266841,ml_scalp1,2026-01
1422106,long,2026-01-12 15:11:00,2026-01-12 15:12:00,2026-01-12 15:13:00,4615.191,4616.191,TP,0.84,1,0.39798966823844734,ml_scalp1,2026-01
1422134,short,2026-01-12 15:39:00,2026-01-12 15:40:00,2026-01-12 15:41:00,4626.501,4625.501,TP,0.84,1,0.354256227138327,ml_scalp1,2026-01
1422195,long,2026-01-12 16:40:00,2026-01-12 16:41:00,2026-01-12 16:42:00,4607.993,4608.993,TP,0.84,1,0.4094095801382125,ml_scalp1,2026-01
1422286,long,2026-01-12 18:11:00,2026-01-12 18:12:00,2026-01-12 18:13:00,4613.06,4612.580000000001,SL,-0.64,1,0.40298966220859295,ml_scalp1,2026-01
1422437,long,2026-01-12 20:42:00,2026-01-12 20:43:00,2026-01-12 20:44:00,4596.692,4596.212,SL,-0.64,1,0.40564803905681945,ml_scalp1,2026-01
1422457,long,2026-01-12 21:02:00,2026-01-12 21:03:00,2026-01-12 21:04:00,4591.616,4592.616,TP,0.84,1,0.40114838287439636,ml_scalp1,2026-01
1422523,long,2026-01-12 23:11:00,2026-01-12 23:12:00,2026-01-12 23:13:00,4587.084,4586.604,SL,-0.64,1,0.4113647207304038,ml_scalp1,2026-01
1422663,long,2026-01-13 01:31:00,2026-01-13 01:32:00,2026-01-13 01:33:00,4577.116,4576.636,SL,-0.64,1,0.4032922151425302,ml_scalp1,2026-01
1422873,long,2026-01-13 05:01:00,2026-01-13 05:02:00,2026-01-13 05:03:00,4597.944,4597.464000000001,SL,-0.64,1,0.39817680409610773,ml_scalp1,2026-01
1422897,long,2026-01-13 05:25:00,2026-01-13 05:26:00,2026-01-13 05:28:00,4598.834,4599.834,TP,0.84,2,0.39877948410450154,ml_scalp1,2026-01
1423408,long,2026-01-13 13:56:00,2026-01-13 13:57:00,2026-01-13 13:58:00,4608.015,4607.535000000001,SL,-0.64,1,0.3981973239094423,ml_scalp1,2026-01
1423442,long,2026-01-13 14:30:00,2026-01-13 14:31:00,2026-01-13 14:32:00,4615.497,4615.017000000001,SL,-0.64,1,0.40033626377497317,ml_scalp1,2026-01
1423473,long,2026-01-13 15:01:00,2026-01-13 15:02:00,2026-01-13 15:03:00,4622.026,4621.546,SL,-0.64,1,0.4005166065270811,ml_scalp1,2026-01
1423489,long,2026-01-13 15:17:00,2026-01-13 15:18:00,2026-01-13 15:19:00,4609.531,4609.051,SL,-0.64,1,0.40828652383930825,ml_scalp1,2026-01
1423559,long,2026-01-13 16:27:00,2026-01-13 16:28:00,2026-01-13 16:29:00,4594.542,4595.542,TP,0.84,1,0.4074628819719792,ml_scalp1,2026-01
1423650,long,2026-01-13 17:58:00,2026-01-13 17:59:00,2026-01-13 18:00:00,4588.456,4589.456,TP,0.84,1,0.4329652965870668,ml_scalp1,2026-01
1423670,long,2026-01-13 18:18:00,2026-01-13 18:19:00,2026-01-13 18:20:00,4588.113,4587.633000000001,SL,-0.64,1,0.40392853713138904,ml_scalp1,2026-01
1423804,long,2026-01-13 20:32:00,2026-01-13 20:33:00,2026-01-13 20:34:00,4580.679,4580.1990000000005,SL,-0.64,1,0.4239743964020094,ml_scalp1,2026-01
1424304,long,2026-01-14 05:55:00,2026-01-14 05:56:00,2026-01-14 05:57:00,4630.069,4629.589000000001,SL,-0.64,1,0.39966760590002337,ml_scalp1,2026-01
1424323,long,2026-01-14 06:14:00,2026-01-14 06:15:00,2026-01-14 06:16:00,4633.579,4633.099,SL,-0.64,1,0.3992956097872847,ml_scalp1,2026-01
1424828,long,2026-01-14 14:39:00,2026-01-14 14:40:00,2026-01-14 14:41:00,4618.53,4619.53,TP,0.84,1,0.41104496525267814,ml_scalp1,2026-01
1424850,long,2026-01-14 15:01:00,2026-01-14 15:02:00,2026-01-14 15:03:00,4609.371,4608.8910000000005,SL,-0.64,1,0.40501885205864296,ml_scalp1,2026-01
1424878,long,2026-01-14 15:29:00,2026-01-14 15:30:00,2026-01-14 15:31:00,4615.401,4616.401,TP,0.84,1,0.40237902011207166,ml_scalp1,2026-01
1424892,long,2026-01-14 15:43:00,2026-01-14 15:44:00,2026-01-14 15:45:00,4613.921,4613.441000000001,SL,-0.64,1,0.40295631697707357,ml_scalp1,2026-01
1424992,long,2026-01-14 17:23:00,2026-01-14 17:24:00,2026-01-14 17:25:00,4608.033,4607.553000000001,SL,-0.64,1,0.3991569735265139,ml_scalp1,2026-01
1425151,long,2026-01-14 20:02:00,2026-01-14 20:03:00,2026-01-14 20:04:00,4630.99,4631.99,TP,0.84,1,0.40310624143187435,ml_scalp1,2026-01
1425175,long,2026-01-14 20:26:00,2026-01-14 20:27:00,2026-01-14 20:28:00,4633.497,4633.017000000001,SL,-0.64,1,0.4018958736605063,ml_scalp1,2026-01
1425270,long,2026-01-14 23:06:00,2026-01-14 23:07:00,2026-01-14 23:08:00,4616.482,4617.482,TP,0.84,1,0.4076445423963645,ml_scalp1,2026-01
1425282,long,2026-01-14 23:18:00,2026-01-14 23:19:00,2026-01-14 23:20:00,4611.133,4610.653,SL,-0.64,1,0.40631861031593514,ml_scalp1,2026-01
1425408,long,2026-01-15 01:24:00,2026-01-15 01:25:00,2026-01-15 01:26:00,4597.939,4598.939,TP,0.84,1,0.4215106333852864,ml_scalp1,2026-01
1425524,long,2026-01-15 03:20:00,2026-01-15 03:21:00,2026-01-15 03:22:00,4587.983,4587.503000000001,SL,-0.64,1,0.3983540708286531,ml_scalp1,2026-01
1426134,long,2026-01-15 13:30:00,2026-01-15 13:31:00,2026-01-15 13:32:00,4599.58,4599.1,SL,-0.64,1,0.4032230405574775,ml_scalp1,2026-01
1426149,long,2026-01-15 13:45:00,2026-01-15 13:46:00,2026-01-15 13:47:00,4586.604,4586.124000000001,SL,-0.64,1,0.4127753540698528,ml_scalp1,2026-01
1426761,long,2026-01-16 01:00:00,2026-01-16 01:01:00,2026-01-16 01:02:00,4595.662,4596.662,TP,0.84,1,0.4034839724109754,ml_scalp1,2026-01
1427473,long,2026-01-16 12:52:00,2026-01-16 12:53:00,2026-01-16 12:54:00,4598.024,4599.024,TP,0.84,1,0.39923288607264207,ml_scalp1,2026-01
1427497,long,2026-01-16 13:16:00,2026-01-16 13:17:00,2026-01-16 13:18:00,4586.505,4586.025000000001,SL,-0.64,1,0.4155174033177472,ml_scalp1,2026-01
1427627,long,2026-01-16 15:26:00,2026-01-16 15:27:00,2026-01-16 15:28:00,4584.132,4583.652,SL,-0.64,1,0.40845658123202794,ml_scalp1,2026-01
1427647,short,2026-01-16 15:46:00,2026-01-16 15:47:00,2026-01-16 15:48:00,4562.767,4563.246999999999,SL,-0.64,1,0.3542767609384521,ml_scalp1,2026-01
1427663,short,2026-01-16 16:02:00,2026-01-16 16:03:00,2026-01-16 16:04:00,4573.587,4574.067,SL,-0.64,1,0.3542767609384521,ml_scalp1,2026-01
1427675,short,2026-01-16 16:14:00,2026-01-16 16:15:00,2026-01-16 16:16:00,4593.037,4592.037,TP,0.84,1,0.3542767609384521,ml_scalp1,2026-01
1427687,short,2026-01-16 16:26:00,2026-01-16 16:27:00,2026-01-16 16:28:00,4591.694,4592.174,SL,-0.64,1,0.3542767609384521,ml_scalp1,2026-01
1427699,short,2026-01-16 16:38:00,2026-01-16 16:39:00,2026-01-16 16:40:00,4597.212,4596.212,TP,0.84,1,0.35424258264172714,ml_scalp1,2026-01
1427711,short,2026-01-16 16:50:00,2026-01-16 16:51:00,2026-01-16 16:52:00,4585.701,4586.181,SL,-0.64,1,0.35424258264172714,ml_scalp1,2026-01
1427726,short,2026-01-16 17:05:00,2026-01-16 17:06:00,2026-01-16 17:07:00,4588.831,4589.311,SL,-0.64,1,0.3542767609384521,ml_scalp1,2026-01
1427738,short,2026-01-16 17:17:00,2026-01-16 17:18:00,2026-01-16 17:19:00,4589.937,4588.937,TP,0.84,1,0.3542767609384521,ml_scalp1,2026-01
1427750,short,2026-01-16 17:29:00,2026-01-16 17:30:00,2026-01-16 17:31:00,4578.646,4579.125999999999,SL,-0.64,1,0.3542255009439453,ml_scalp1,2026-01
1428050,long,2026-01-18 23:40:00,2026-01-18 23:41:00,2026-01-18 23:42:00,4663.954,4664.954,TP,0.84,1,0.4146856204379955,ml_scalp1,2026-01
1428086,long,2026-01-19 00:16:00,2026-01-19 00:17:00,2026-01-19 00:18:00,4664.735,4664.255,SL,-0.64,1,0.3987486189004669,ml_scalp1,2026-01
1428120,long,2026-01-19 00:50:00,2026-01-19 00:51:00,2026-01-19 00:52:00,4675.594,4675.1140000000005,SL,-0.64,1,0.4026876496836724,ml_scalp1,2026-01
1428132,long,2026-01-19 01:02:00,2026-01-19 01:03:00,2026-01-19 01:04:00,4674.24,4673.76,SL,-0.64,1,0.4002283287623696,ml_scalp1,2026-01
1428144,long,2026-01-19 01:14:00,2026-01-19 01:15:00,2026-01-19 01:16:00,4663.303,4662.823,SL,-0.64,1,0.4111596575187244,ml_scalp1,2026-01
1428156,long,2026-01-19 01:26:00,2026-01-19 01:27:00,2026-01-19 01:28:00,4660.101,4659.621,SL,-0.64,1,0.4014370192402061,ml_scalp1,2026-01
1428168,long,2026-01-19 01:38:00,2026-01-19 01:39:00,2026-01-19 01:40:00,4658.052,4659.052,TP,0.84,1,0.4033202375294223,ml_scalp1,2026-01
1428180,long,2026-01-19 01:50:00,2026-01-19 01:51:00,2026-01-19 01:52:00,4664.646,4665.646,TP,0.84,1,0.40045505350148974,ml_scalp1,2026-01
1428203,long,2026-01-19 02:13:00,2026-01-19 02:14:00,2026-01-19 02:15:00,4660.226,4659.746,SL,-0.64,1,0.39927606262856297,ml_scalp1,2026-01
1428215,long,2026-01-19 02:25:00,2026-01-19 02:26:00,2026-01-19 02:27:00,4658.858,4658.378000000001,SL,-0.64,1,0.40404799715544776,ml_scalp1,2026-01
1428230,long,2026-01-19 02:40:00,2026-01-19 02:41:00,2026-01-19 02:42:00,4659.114,4658.634,SL,-0.64,1,0.4019247054107945,ml_scalp1,2026-01
1429324,long,2026-01-20 00:27:00,2026-01-20 00:28:00,2026-01-20 00:29:00,4660.226,4659.746,SL,-0.64,1,0.40212426192650536,ml_scalp1,2026-01
1429377,long,2026-01-20 01:20:00,2026-01-20 01:21:00,2026-01-20 01:22:00,4667.556,4667.076,SL,-0.64,1,0.40318917634443424,ml_scalp1,2026-01
1429621,long,2026-01-20 05:24:00,2026-01-20 05:25:00,2026-01-20 05:26:00,4695.142,4696.142,TP,0.84,1,0.39907183547363984,ml_scalp1,2026-01
1429658,long,2026-01-20 06:01:00,2026-01-20 06:02:00,2026-01-20 06:03:00,4708.981,4709.981,TP,0.84,1,0.3984463074552003,ml_scalp1,2026-01
1429682,short,2026-01-20 06:25:00,2026-01-20 06:26:00,2026-01-20 06:27:00,4711.439,4711.919,SL,-0.64,1,0.3542114094125096,ml_scalp1,2026-01
1429695,long,2026-01-20 06:38:00,2026-01-20 06:39:00,2026-01-20 06:40:00,4707.126,4706.646000000001,SL,-0.64,1,0.39814833513690867,ml_scalp1,2026-01
1429707,short,2026-01-20 06:50:00,2026-01-20 06:51:00,2026-01-20 06:53:00,4713.312,4713.7919999999995,SL,-0.64,2,0.3542817329592371,ml_scalp1,2026-01
1429758,short,2026-01-20 07:41:00,2026-01-20 07:42:00,2026-01-20 07:43:00,4719.619,4720.098999999999,SL,-0.64,1,0.3542390311983093,ml_scalp1,2026-01
1429812,long,2026-01-20 08:35:00,2026-01-20 08:36:00,2026-01-20 08:37:00,4717.79,4717.31,SL,-0.64,1,0.4000373790779563,ml_scalp1,2026-01
1429926,long,2026-01-20 10:29:00,2026-01-20 10:30:00,2026-01-20 10:31:00,4727.901,4727.421,SL,-0.64,1,0.40493366220689847,ml_scalp1,2026-01
1429963,long,2026-01-20 11:06:00,2026-01-20 11:07:00,2026-01-20 11:08:00,4723.053,4722.573,SL,-0.64,1,0.41061419201646543,ml_scalp1,2026-01
1429987,long,2026-01-20 11:30:00,2026-01-20 11:31:00,2026-01-20 11:32:00,4727.086,4726.606000000001,SL,-0.64,1,0.3981043873806714,ml_scalp1,2026-01
1430168,long,2026-01-20 14:31:00,2026-01-20 14:32:00,2026-01-20 14:33:00,4738.47,4737.990000000001,SL,-0.64,1,0.40018279389851075,ml_scalp1,2026-01
1430213,long,2026-01-20 15:16:00,2026-01-20 15:17:00,2026-01-20 15:18:00,4738.601,4738.121,SL,-0.64,1,0.40215794878109545,ml_scalp1,2026-01
1430232,long,2026-01-20 15:35:00,2026-01-20 15:36:00,2026-01-20 15:37:00,4726.511,4726.031000000001,SL,-0.64,1,0.3998188476659114,ml_scalp1,2026-01
1430253,long,2026-01-20 15:56:00,2026-01-20 15:57:00,2026-01-20 15:58:00,4732.771,4733.771,TP,0.84,1,0.40380691388845125,ml_scalp1,2026-01
1430282,long,2026-01-20 16:25:00,2026-01-20 16:26:00,2026-01-20 16:27:00,4736.301,4737.301,TP,0.84,1,0.4031132768977046,ml_scalp1,2026-01
1430502,long,2026-01-20 20:05:00,2026-01-20 20:06:00,2026-01-20 20:08:00,4756.662,4757.662,TP,0.84,2,0.4027460669438387,ml_scalp1,2026-01
1430515,long,2026-01-20 20:18:00,2026-01-20 20:19:00,2026-01-20 20:20:00,4753.832,4754.832,TP,0.84,1,0.39990349477014053,ml_scalp1,2026-01
1430769,long,2026-01-21 01:34:00,2026-01-21 01:35:00,2026-01-21 01:36:00,4816.75,4817.75,TP,0.84,1,0.4063212526723809,ml_scalp1,2026-01
1430803,long,2026-01-21 02:08:00,2026-01-21 02:09:00,2026-01-21 02:10:00,4831.489,4831.009,SL,-0.64,1,0.40278200213258764,ml_scalp1,2026-01
1430816,long,2026-01-21 02:21:00,2026-01-21 02:22:00,2026-01-21 02:23:00,4819.932,4819.452,SL,-0.64,1,0.41131130944998173,ml_scalp1,2026-01
1430840,long,2026-01-21 02:45:00,2026-01-21 02:46:00,2026-01-21 02:47:00,4829.936,4829.456,SL,-0.64,1,0.40122165003444854,ml_scalp1,2026-01
1430869,long,2026-01-21 03:14:00,2026-01-21 03:15:00,2026-01-21 03:16:00,4834.004,4833.524,SL,-0.64,1,0.4072003215646891,ml_scalp1,2026-01
1431064,short,2026-01-21 06:29:00,2026-01-21 06:30:00,2026-01-21 06:31:00,4883.92,4884.4,SL,-0.64,1,0.3542842264202102,ml_scalp1,2026-01
1431076,long,2026-01-21 06:41:00,2026-01-21 06:42:00,2026-01-21 06:43:00,4866.17,4865.6900000000005,SL,-0.64,1,0.3981425808102735,ml_scalp1,2026-01
1431088,short,2026-01-21 06:53:00,2026-01-21 06:54:00,2026-01-21 06:55:00,4865.128,4864.128,TP,0.84,1,0.3542367264853779,ml_scalp1,2026-01
1431100,short,2026-01-21 07:05:00,2026-01-21 07:06:00,2026-01-21 07:07:00,4841.622,4842.102,SL,-0.64,1,0.3543075070010487,ml_scalp1,2026-01
1431118,short,2026-01-21 07:23:00,2026-01-21 07:24:00,2026-01-21 07:25:00,4840.328,4840.808,SL,-0.64,1,0.3542537138091389,ml_scalp1,2026-01
1431130,short,2026-01-21 07:35:00,2026-01-21 07:36:00,2026-01-21 07:37:00,4845.435,4844.435,TP,0.84,1,0.3542367264853779,ml_scalp1,2026-01
1431213,long,2026-01-21 08:58:00,2026-01-21 08:59:00,2026-01-21 09:00:00,4852.263,4853.263,TP,0.84,1,0.39913446333729774,ml_scalp1,2026-01
1431340,long,2026-01-21 11:05:00,2026-01-21 11:06:00,2026-01-21 11:08:00,4862.466,4863.466,TP,0.84,2,0.4005762549215169,ml_scalp1,2026-01
1431364,long,2026-01-21 11:29:00,2026-01-21 11:30:00,2026-01-21 11:31:00,4866.894,4866.414000000001,SL,-0.64,1,0.40938243595133994,ml_scalp1,2026-01
1431376,long,2026-01-21 11:41:00,2026-01-21 11:42:00,2026-01-21 11:44:00,4862.291,4861.811000000001,SL,-0.64,2,0.4073775357325374,ml_scalp1,2026-01
1431519,long,2026-01-21 14:04:00,2026-01-21 14:05:00,2026-01-21 14:06:00,4852.671,4852.191000000001,SL,-0.64,1,0.4125381467079356,ml_scalp1,2026-01
1431591,long,2026-01-21 15:16:00,2026-01-21 15:17:00,2026-01-21 15:18:00,4852.804,4852.3240000000005,SL,-0.64,1,0.4020122482842923,ml_scalp1,2026-01
1431614,long,2026-01-21 15:39:00,2026-01-21 15:40:00,2026-01-21 15:41:00,4839.167,4838.687000000001,SL,-0.64,1,0.4095474445999622,ml_scalp1,2026-01
1431626,long,2026-01-21 15:51:00,2026-01-21 15:52:00,2026-01-21 15:53:00,4840.194,4841.194,TP,0.84,1,0.3983789800750248,ml_scalp1,2026-01
1431647,long,2026-01-21 16:12:00,2026-01-21 16:13:00,2026-01-21 16:14:00,4845.766,4846.766,TP,0.84,1,0.40239868489180425,ml_scalp1,2026-01
1431659,long,2026-01-21 16:24:00,2026-01-21 16:25:00,2026-01-21 16:26:00,4832.696,4833.696,TP,0.84,1,0.40027724957914496,ml_scalp1,2026-01
1431671,long,2026-01-21 16:36:00,2026-01-21 16:37:00,2026-01-21 16:38:00,4843.103,4844.103,TP,0.84,1,0.4035928811334025,ml_scalp1,2026-01
1431683,long,2026-01-21 16:48:00,2026-01-21 16:49:00,2026-01-21 16:50:00,4833.938,4833.4580000000005,SL,-0.64,1,0.39990812372822004,ml_scalp1,2026-01
1431695,long,2026-01-21 17:00:00,2026-01-21 17:01:00,2026-01-21 17:02:00,4830.363,4829.883000000001,SL,-0.64,1,0.4049021257579654,ml_scalp1,2026-01
1431707,long,2026-01-21 17:12:00,2026-01-21 17:13:00,2026-01-21 17:14:00,4817.647,4817.167,SL,-0.64,1,0.42269668971415353,ml_scalp1,2026-01
1431719,short,2026-01-21 17:24:00,2026-01-21 17:25:00,2026-01-21 17:26:00,4824.885,4823.885,TP,0.84,1,0.3542255009439453,ml_scalp1,2026-01
1431842,long,2026-01-21 19:27:00,2026-01-21 19:28:00,2026-01-21 19:29:00,4819.085,4818.6050000000005,SL,-0.64,1,0.41682325506055146,ml_scalp1,2026-01
1431854,long,2026-01-21 19:39:00,2026-01-21 19:40:00,2026-01-21 19:41:00,4773.688,4773.2080000000005,SL,-0.64,1,0.4005644062552912,ml_scalp1,2026-01
1431998,long,2026-01-21 23:06:00,2026-01-21 23:07:00,2026-01-21 23:08:00,4809.487,4809.0070000000005,SL,-0.64,1,0.3989091805467948,ml_scalp1,2026-01
1432017,long,2026-01-21 23:25:00,2026-01-21 23:26:00,2026-01-21 23:27:00,4791.368,4790.888000000001,SL,-0.64,1,0.3979545692038385,ml_scalp1,2026-01
1432112,long,2026-01-22 01:00:00,2026-01-22 01:01:00,2026-01-22 01:02:00,4786.552,4786.072,SL,-0.64,1,0.4035658301940226,ml_scalp1,2026-01
1432373,long,2026-01-22 05:21:00,2026-01-22 05:22:00,2026-01-22 05:23:00,4795.649,4796.649,TP,0.84,1,0.39821232316204674,ml_scalp1,2026-01
1432405,long,2026-01-22 05:53:00,2026-01-22 05:54:00,2026-01-22 05:55:00,4817.826,4817.3460000000005,SL,-0.64,1,0.4043142086986429,ml_scalp1,2026-01
1432428,long,2026-01-22 06:16:00,2026-01-22 06:17:00,2026-01-22 06:18:00,4818.155,4817.675,SL,-0.64,1,0.39866830288113797,ml_scalp1,2026-01
1432464,long,2026-01-22 06:52:00,2026-01-22 06:53:00,2026-01-22 06:54:00,4823.701,4823.2210000000005,SL,-0.64,1,0.4026175702788674,ml_scalp1,2026-01
1432675,long,2026-01-22 10:23:00,2026-01-22 10:24:00,2026-01-22 10:25:00,4822.996,4823.996,TP,0.84,1,0.4021162855288282,ml_scalp1,2026-01
1432874,long,2026-01-22 13:42:00,2026-01-22 13:43:00,2026-01-22 13:44:00,4812.038,4811.558,SL,-0.64,1,0.40320021957445473,ml_scalp1,2026-01
1433091,short,2026-01-22 17:19:00,2026-01-22 17:20:00,2026-01-22 17:21:00,4881.337,4881.817,SL,-0.64,1,0.3542614971823359,ml_scalp1,2026-01
1433384,long,2026-01-22 23:14:00,2026-01-22 23:15:00,2026-01-22 23:16:00,4943.145,4942.665000000001,SL,-0.64,1,0.3993431510428989,ml_scalp1,2026-01
1433396,long,2026-01-22 23:26:00,2026-01-22 23:27:00,2026-01-22 23:28:00,4941.382,4940.902,SL,-0.64,1,0.40318788439674175,ml_scalp1,2026-01
1433453,long,2026-01-23 00:23:00,2026-01-23 00:24:00,2026-01-23 00:25:00,4952.814,4952.334000000001,SL,-0.64,1,0.4032593092084542,ml_scalp1,2026-01
1433465,long,2026-01-23 00:35:00,2026-01-23 00:36:00,2026-01-23 00:37:00,4950.327,4951.327,TP,0.84,1,0.4048483950114685,ml_scalp1,2026-01
1433491,long,2026-01-23 01:01:00,2026-01-23 01:02:00,2026-01-23 01:03:00,4950.699,4950.219,SL,-0.64,1,0.4114462225633279,ml_scalp1,2026-01
1433508,long,2026-01-23 01:18:00,2026-01-23 01:19:00,2026-01-23 01:20:00,4946.372,4945.892000000001,SL,-0.64,1,0.4017627997601352,ml_scalp1,2026-01
1433566,long,2026-01-23 02:16:00,2026-01-23 02:17:00,2026-01-23 02:18:00,4950.302,4949.822,SL,-0.64,1,0.40101822416613203,ml_scalp1,2026-01
1433578,long,2026-01-23 02:28:00,2026-01-23 02:29:00,2026-01-23 02:30:00,4951.332,4952.332,TP,0.84,1,0.3985730598667398,ml_scalp1,2026-01
1433628,long,2026-01-23 03:18:00,2026-01-23 03:19:00,2026-01-23 03:20:00,4944.344,4943.8640000000005,SL,-0.64,1,0.40855454795630564,ml_scalp1,2026-01
1433690,long,2026-01-23 04:20:00,2026-01-23 04:21:00,2026-01-23 04:23:00,4951.664,4952.664,TP,0.84,2,0.4000696730545079,ml_scalp1,2026-01
1433733,long,2026-01-23 05:03:00,2026-01-23 05:04:00,2026-01-23 05:05:00,4956.394,4955.914000000001,SL,-0.64,1,0.4048802561505518,ml_scalp1,2026-01
1433772,long,2026-01-23 05:42:00,2026-01-23 05:43:00,2026-01-23 05:44:00,4961.154,4960.674000000001,SL,-0.64,1,0.4033157510904938,ml_scalp1,2026-01
1433868,long,2026-01-23 07:18:00,2026-01-23 07:19:00,2026-01-23 07:20:00,4956.293,4957.293,TP,0.84,1,0.4062723078045981,ml_scalp1,2026-01
1433893,long,2026-01-23 07:43:00,2026-01-23 07:44:00,2026-01-23 07:45:00,4947.559,4947.079000000001,SL,-0.64,1,0.4066795955389242,ml_scalp1,2026-01
1433927,long,2026-01-23 08:17:00,2026-01-23 08:18:00,2026-01-23 08:19:00,4939.142,4938.662,SL,-0.64,1,0.3996779282018888,ml_scalp1,2026-01
1433939,long,2026-01-23 08:29:00,2026-01-23 08:30:00,2026-01-23 08:31:00,4913.331,4912.851000000001,SL,-0.64,1,0.4087546514280329,ml_scalp1,2026-01
1433951,long,2026-01-23 08:41:00,2026-01-23 08:42:00,2026-01-23 08:43:00,4922.375,4923.375,TP,0.84,1,0.40137199316603556,ml_scalp1,2026-01
1433963,long,2026-01-23 08:53:00,2026-01-23 08:54:00,2026-01-23 08:55:00,4911.488,4912.488,TP,0.84,1,0.4124272756725717,ml_scalp1,2026-01
1433975,long,2026-01-23 09:05:00,2026-01-23 09:06:00,2026-01-23 09:07:00,4913.399,4912.919000000001,SL,-0.64,1,0.4025067254688688,ml_scalp1,2026-01
1433988,long,2026-01-23 09:18:00,2026-01-23 09:19:00,2026-01-23 09:20:00,4909.683,4909.203,SL,-0.64,1,0.39893624653638843,ml_scalp1,2026-01
1434001,short,2026-01-23 09:31:00,2026-01-23 09:32:00,2026-01-23 09:33:00,4907.425,4907.905,SL,-0.64,1,0.35431276214389645,ml_scalp1,2026-01
1434015,short,2026-01-23 09:45:00,2026-01-23 09:46:00,2026-01-23 09:47:00,4917.504,4916.504,TP,0.84,1,0.35431276214389645,ml_scalp1,2026-01
1434036,long,2026-01-23 10:06:00,2026-01-23 10:07:00,2026-01-23 10:08:00,4917.041,4916.561000000001,SL,-0.64,1,0.4037860889569165,ml_scalp1,2026-01
1434105,long,2026-01-23 11:15:00,2026-01-23 11:16:00,2026-01-23 11:17:00,4915.541,4915.061000000001,SL,-0.64,1,0.40349987566606754,ml_scalp1,2026-01
1434231,long,2026-01-23 13:21:00,2026-01-23 13:22:00,2026-01-23 13:23:00,4930.859,4930.379000000001,SL,-0.64,1,0.39837805701237594,ml_scalp1,2026-01
1434294,long,2026-01-23 14:24:00,2026-01-23 14:25:00,2026-01-23 14:26:00,4940.564,4941.564,TP,0.84,1,0.39851738308336176,ml_scalp1,2026-01
1434450,short,2026-01-23 17:00:00,2026-01-23 17:01:00,2026-01-23 17:02:00,4980.111,4980.590999999999,SL,-0.64,1,0.3542255009439453,ml_scalp1,2026-01
1434502,long,2026-01-23 17:52:00,2026-01-23 17:53:00,2026-01-23 17:54:00,4980.628,4980.148,SL,-0.64,1,0.3985571764236896,ml_scalp1,2026-01
1434515,long,2026-01-23 18:05:00,2026-01-23 18:06:00,2026-01-23 18:07:00,4978.662,4978.182000000001,SL,-0.64,1,0.39800526299181976,ml_scalp1,2026-01
1434540,long,2026-01-23 18:30:00,2026-01-23 18:31:00,2026-01-23 18:32:00,4973.389,4974.389,TP,0.84,1,0.41599258183484555,ml_scalp1,2026-01
1434559,long,2026-01-23 18:49:00,2026-01-23 18:50:00,2026-01-23 18:51:00,4958.657,4959.657,TP,0.84,1,0.3986556621748822,ml_scalp1,2026-01
1434771,long,2026-01-25 23:26:00,2026-01-25 23:27:00,2026-01-25 23:28:00,5019.219,5018.7390000000005,SL,-0.64,1,0.40000762255140787,ml_scalp1,2026-01
1434816,long,2026-01-26 00:11:00,2026-01-26 00:12:00,2026-01-26 00:13:00,5035.986,5036.986,TP,0.84,1,0.3993829069985956,ml_scalp1,2026-01
1434863,long,2026-01-26 00:58:00,2026-01-26 00:59:00,2026-01-26 01:00:00,5038.389,5039.389,TP,0.84,1,0.4080201985342923,ml_scalp1,2026-01
1434903,long,2026-01-26 01:38:00,2026-01-26 01:39:00,2026-01-26 01:40:00,5074.754,5074.274,SL,-0.64,1,0.398487809764226,ml_scalp1,2026-01
1434924,long,2026-01-26 01:59:00,2026-01-26 02:00:00,2026-01-26 02:01:00,5071.195,5072.195,TP,0.84,1,0.39990503118062715,ml_scalp1,2026-01
1435003,long,2026-01-26 03:18:00,2026-01-26 03:19:00,2026-01-26 03:20:00,5080.371,5079.8910000000005,SL,-0.64,1,0.40176722326254444,ml_scalp1,2026-01
1435032,long,2026-01-26 03:47:00,2026-01-26 03:48:00,2026-01-26 03:49:00,5075.962,5075.482000000001,SL,-0.64,1,0.40683505957883837,ml_scalp1,2026-01
1435124,long,2026-01-26 05:19:00,2026-01-26 05:20:00,2026-01-26 05:21:00,5054.145,5055.145,TP,0.84,1,0.397979220698853,ml_scalp1,2026-01
1435136,long,2026-01-26 05:31:00,2026-01-26 05:32:00,2026-01-26 05:33:00,5055.802,5056.802,TP,0.84,1,0.39862247507367154,ml_scalp1,2026-01
1435315,long,2026-01-26 08:30:00,2026-01-26 08:31:00,2026-01-26 08:32:00,5096.675,5097.675,TP,0.84,1,0.3988185840424133,ml_scalp1,2026-01
1435327,long,2026-01-26 08:42:00,2026-01-26 08:43:00,2026-01-26 08:44:00,5093.134,5092.654,SL,-0.64,1,0.4091264020495759,ml_scalp1,2026-01
1435340,long,2026-01-26 08:55:00,2026-01-26 08:56:00,2026-01-26 08:57:00,5084.297,5083.817,SL,-0.64,1,0.39919828296434257,ml_scalp1,2026-01
1435371,long,2026-01-26 09:26:00,2026-01-26 09:27:00,2026-01-26 09:28:00,5091.001,5092.001,TP,0.84,1,0.3982509867188883,ml_scalp1,2026-01
1435384,long,2026-01-26 09:39:00,2026-01-26 09:40:00,2026-01-26 09:41:00,5093.39,5092.910000000001,SL,-0.64,1,0.401660825545606,ml_scalp1,2026-01
1435396,long,2026-01-26 09:51:00,2026-01-26 09:52:00,2026-01-26 09:53:00,5079.052,5080.052,TP,0.84,1,0.4146497761617725,ml_scalp1,2026-01
1435432,long,2026-01-26 10:27:00,2026-01-26 10:28:00,2026-01-26 10:29:00,5088.674,5088.194,SL,-0.64,1,0.40562753458015033,ml_scalp1,2026-01
1435451,long,2026-01-26 10:46:00,2026-01-26 10:47:00,2026-01-26 10:48:00,5092.276,5091.796,SL,-0.64,1,0.3987601637108674,ml_scalp1,2026-01
1435463,long,2026-01-26 10:58:00,2026-01-26 10:59:00,2026-01-26 11:00:00,5091.241,5090.761,SL,-0.64,1,0.40742138517988913,ml_scalp1,2026-01
1435482,long,2026-01-26 11:17:00,2026-01-26 11:18:00,2026-01-26 11:19:00,5086.111,5085.631,SL,-0.64,1,0.4072240716540797,ml_scalp1,2026-01
1435587,long,2026-01-26 13:02:00,2026-01-26 13:03:00,2026-01-26 13:04:00,5067.141,5068.141,TP,0.84,1,0.4013170705691742,ml_scalp1,2026-01
1435615,long,2026-01-26 13:30:00,2026-01-26 13:31:00,2026-01-26 13:32:00,5062.927,5062.447,SL,-0.64,1,0.4086973666479423,ml_scalp1,2026-01
1435642,long,2026-01-26 13:57:00,2026-01-26 13:58:00,2026-01-26 13:59:00,5067.836,5067.356000000001,SL,-0.64,1,0.3995026385151447,ml_scalp1,2026-01
1435686,long,2026-01-26 14:41:00,2026-01-26 14:42:00,2026-01-26 14:43:00,5082.573,5082.093000000001,SL,-0.64,1,0.3991208310117437,ml_scalp1,2026-01
1435739,long,2026-01-26 15:34:00,2026-01-26 15:35:00,2026-01-26 15:36:00,5077.906,5078.906,TP,0.84,1,0.40272823254219803,ml_scalp1,2026-01
1435792,long,2026-01-26 16:27:00,2026-01-26 16:28:00,2026-01-26 16:29:00,5083.733,5083.253000000001,SL,-0.64,1,0.40246879468156344,ml_scalp1,2026-01
1435855,long,2026-01-26 17:30:00,2026-01-26 17:31:00,2026-01-26 17:32:00,5083.763,5084.763,TP,0.84,1,0.39902705384770065,ml_scalp1,2026-01
1435925,long,2026-01-26 18:40:00,2026-01-26 18:41:00,2026-01-26 18:42:00,5065.531,5065.051,SL,-0.64,1,0.4044509859669826,ml_scalp1,2026-01
1435942,long,2026-01-26 18:57:00,2026-01-26 18:58:00,2026-01-26 18:59:00,5069.94,5069.46,SL,-0.64,1,0.3982308662144834,ml_scalp1,2026-01
1435961,long,2026-01-26 19:16:00,2026-01-26 19:17:00,2026-01-26 19:18:00,5047.979,5047.499000000001,SL,-0.64,1,0.4048932151730565,ml_scalp1,2026-01
1435986,long,2026-01-26 19:41:00,2026-01-26 19:42:00,2026-01-26 19:43:00,5028.834,5028.354,SL,-0.64,1,0.4032194939934449,ml_scalp1,2026-01
1436042,long,2026-01-26 20:37:00,2026-01-26 20:38:00,2026-01-26 20:39:00,5040.942,5040.462,SL,-0.64,1,0.40265341294618706,ml_scalp1,2026-01
1436079,long,2026-01-26 21:14:00,2026-01-26 21:15:00,2026-01-26 21:16:00,5034.244,5033.764,SL,-0.64,1,0.40008945943902097,ml_scalp1,2026-01
1436095,long,2026-01-26 21:30:00,2026-01-26 21:31:00,2026-01-26 21:32:00,5015.849,5015.369000000001,SL,-0.64,1,0.403674334831601,ml_scalp1,2026-01
1436232,long,2026-01-27 00:50:00,2026-01-27 00:51:00,2026-01-27 00:52:00,5019.442,5018.962,SL,-0.64,1,0.4007360784815517,ml_scalp1,2026-01
1437027,long,2026-01-27 14:05:00,2026-01-27 14:06:00,2026-01-27 14:07:00,5059.138,5060.138,TP,0.84,1,0.40882625799829053,ml_scalp1,2026-01
1437071,long,2026-01-27 14:49:00,2026-01-27 14:50:00,2026-01-27 14:51:00,5065.199,5064.719,SL,-0.64,1,0.3984427522946258,ml_scalp1,2026-01
1437414,long,2026-01-27 20:32:00,2026-01-27 20:33:00,2026-01-27 20:34:00,5137.819,5137.339000000001,SL,-0.64,1,0.4009674518984513,ml_scalp1,2026-01
1437455,long,2026-01-27 21:13:00,2026-01-27 21:14:00,2026-01-27 21:15:00,5173.209,5174.209,TP,0.84,1,0.40017100464152866,ml_scalp1,2026-01
1437494,long,2026-01-27 21:52:00,2026-01-27 21:53:00,2026-01-27 21:54:00,5175.234,5176.234,TP,0.84,1,0.4021329706794606,ml_scalp1,2026-01
1437506,long,2026-01-27 23:16:00,2026-01-27 23:17:00,2026-01-27 23:18:00,5166.81,5166.330000000001,SL,-0.64,1,0.40350101811911476,ml_scalp1,2026-01
1437534,long,2026-01-27 23:44:00,2026-01-27 23:45:00,2026-01-27 23:46:00,5164.321,5165.321,TP,0.84,1,0.4025392603607899,ml_scalp1,2026-01
1437552,long,2026-01-28 00:02:00,2026-01-28 00:03:00,2026-01-28 00:04:00,5159.82,5160.82,TP,0.84,1,0.39821095923835165,ml_scalp1,2026-01
1437569,long,2026-01-28 00:19:00,2026-01-28 00:20:00,2026-01-28 00:21:00,5164.164,5163.684,SL,-0.64,1,0.4005756385718198,ml_scalp1,2026-01
1437592,long,2026-01-28 00:42:00,2026-01-28 00:43:00,2026-01-28 00:44:00,5166.321,5167.321,TP,0.84,1,0.3981195714192281,ml_scalp1,2026-01
1437610,long,2026-01-28 01:00:00,2026-01-28 01:01:00,2026-01-28 01:02:00,5169.51,5170.51,TP,0.84,1,0.41408402199799227,ml_scalp1,2026-01
1437668,long,2026-01-28 01:58:00,2026-01-28 01:59:00,2026-01-28 02:00:00,5209.936,5209.456,SL,-0.64,1,0.39832180489156355,ml_scalp1,2026-01
1437680,long,2026-01-28 02:10:00,2026-01-28 02:11:00,2026-01-28 02:12:00,5205.279,5204.799000000001,SL,-0.64,1,0.39795345745213734,ml_scalp1,2026-01
1438075,long,2026-01-28 08:45:00,2026-01-28 08:46:00,2026-01-28 08:47:00,5283.481,5283.001,SL,-0.64,1,0.4074425130640641,ml_scalp1,2026-01
1438102,long,2026-01-28 09:12:00,2026-01-28 09:13:00,2026-01-28 09:14:00,5284.647,5284.167,SL,-0.64,1,0.40398329438826364,ml_scalp1,2026-01
1438174,long,2026-01-28 10:24:00,2026-01-28 10:25:00,2026-01-28 10:26:00,5279.382,5278.902,SL,-0.64,1,0.3983543128438465,ml_scalp1,2026-01
1438210,long,2026-01-28 11:00:00,2026-01-28 11:01:00,2026-01-28 11:02:00,5265.601,5266.601,TP,0.84,1,0.40483588983907604,ml_scalp1,2026-01
1438229,long,2026-01-28 11:19:00,2026-01-28 11:20:00,2026-01-28 11:21:00,5254.257,5253.777,SL,-0.64,1,0.4008477357041909,ml_scalp1,2026-01
1438341,long,2026-01-28 13:11:00,2026-01-28 13:12:00,2026-01-28 13:13:00,5273.358,5272.878000000001,SL,-0.64,1,0.40409872282571313,ml_scalp1,2026-01
1438419,long,2026-01-28 14:29:00,2026-01-28 14:30:00,2026-01-28 14:31:00,5259.236,5258.756,SL,-0.64,1,0.4101389191753341,ml_scalp1,2026-01
1438443,long,2026-01-28 14:53:00,2026-01-28 14:54:00,2026-01-28 14:55:00,5272.723,5272.243,SL,-0.64,1,0.39891169398007476,ml_scalp1,2026-01
1438457,long,2026-01-28 15:07:00,2026-01-28 15:08:00,2026-01-28 15:09:00,5259.908,5259.428000000001,SL,-0.64,1,0.4016814514343937,ml_scalp1,2026-01
1438535,long,2026-01-28 16:25:00,2026-01-28 16:26:00,2026-01-28 16:27:00,5283.195,5284.195,TP,0.84,1,0.3993421298536999,ml_scalp1,2026-01
1438660,long,2026-01-28 18:30:00,2026-01-28 18:31:00,2026-01-28 18:32:00,5290.692,5290.212,SL,-0.64,1,0.40723405106349264,ml_scalp1,2026-01
1438802,long,2026-01-28 20:52:00,2026-01-28 20:53:00,2026-01-28 20:54:00,5376.082,5375.602000000001,SL,-0.64,1,0.3982420679980702,ml_scalp1,2026-01
1438907,long,2026-01-28 23:44:00,2026-01-28 23:45:00,2026-01-28 23:46:00,5532.305,5531.585,SL,-0.96,1,0.40142128357221607,ml_scalp1,2026-01
1438923,long,2026-01-29 00:00:00,2026-01-29 00:01:00,2026-01-29 00:02:00,5488.128,5487.648,SL,-0.64,1,0.4075216212224243,ml_scalp1,2026-01
1438943,long,2026-01-29 00:20:00,2026-01-29 00:21:00,2026-01-29 00:22:00,5471.488,5472.488,TP,0.84,1,0.411042066467259,ml_scalp1,2026-01
1438965,long,2026-01-29 00:42:00,2026-01-29 00:43:00,2026-01-29 00:44:00,5493.867,5494.867,TP,0.84,1,0.422545223079802,ml_scalp1,2026-01
1438981,long,2026-01-29 00:58:00,2026-01-29 00:59:00,2026-01-29 01:00:00,5514.732,5514.252,SL,-0.64,1,0.39909587313848327,ml_scalp1,2026-01
1438993,long,2026-01-29 01:10:00,2026-01-29 01:11:00,2026-01-29 01:12:00,5463.958,5464.958,TP,0.84,1,0.40533843624246035,ml_scalp1,2026-01
1439009,long,2026-01-29 01:26:00,2026-01-29 01:27:00,2026-01-29 01:28:00,5504.39,5503.910000000001,SL,-0.64,1,0.404765047232021,ml_scalp1,2026-01
1439028,long,2026-01-29 01:45:00,2026-01-29 01:46:00,2026-01-29 01:47:00,5528.431,5529.431,TP,0.84,1,0.4093318955730179,ml_scalp1,2026-01
1439043,long,2026-01-29 02:00:00,2026-01-29 02:01:00,2026-01-29 02:02:00,5540.523,5540.043000000001,SL,-0.64,1,0.39905398667467407,ml_scalp1,2026-01
1439055,long,2026-01-29 02:12:00,2026-01-29 02:13:00,2026-01-29 02:14:00,5530.128,5529.648,SL,-0.64,1,0.4028392403090989,ml_scalp1,2026-01
1439067,long,2026-01-29 02:24:00,2026-01-29 02:25:00,2026-01-29 02:26:00,5519.554,5520.554,TP,0.84,1,0.41988157826959094,ml_scalp1,2026-01
1439082,long,2026-01-29 02:39:00,2026-01-29 02:40:00,2026-01-29 02:41:00,5536.672,5536.192,SL,-0.64,1,0.40122578652063856,ml_scalp1,2026-01
1439094,long,2026-01-29 02:51:00,2026-01-29 02:52:00,2026-01-29 02:53:00,5539.431,5538.951,SL,-0.64,1,0.3989891895774702,ml_scalp1,2026-01
1439106,long,2026-01-29 03:03:00,2026-01-29 03:04:00,2026-01-29 03:05:00,5520.546,5520.066000000001,SL,-0.64,1,0.43732460169148646,ml_scalp1,2026-01
1439126,long,2026-01-29 03:23:00,2026-01-29 03:24:00,2026-01-29 03:25:00,5525.639,5526.639,TP,0.84,1,0.40193803009744966,ml_scalp1,2026-01
1439141,long,2026-01-29 03:38:00,2026-01-29 03:39:00,2026-01-29 03:40:00,5521.359,5520.879000000001,SL,-0.64,1,0.40077928904912735,ml_scalp1,2026-01
1439167,long,2026-01-29 04:04:00,2026-01-29 04:05:00,2026-01-29 04:06:00,5542.001,5543.001,TP,0.84,1,0.39908217477347463,ml_scalp1,2026-01
1439179,long,2026-01-29 04:16:00,2026-01-29 04:17:00,2026-01-29 04:18:00,5538.005,5537.525000000001,SL,-0.64,1,0.4008170269971045,ml_scalp1,2026-01
1439243,long,2026-01-29 05:20:00,2026-01-29 05:21:00,2026-01-29 05:22:00,5542.763,5542.283,SL,-0.64,1,0.40259585821934124,ml_scalp1,2026-01
1439329,long,2026-01-29 06:46:00,2026-01-29 06:47:00,2026-01-29 06:48:00,5569.993,5569.513000000001,SL,-0.64,1,0.3991953291248726,ml_scalp1,2026-01
1439407,long,2026-01-29 08:04:00,2026-01-29 08:05:00,2026-01-29 08:06:00,5532.485,5532.005,SL,-0.64,1,0.406476647634622,ml_scalp1,2026-01
1439434,long,2026-01-29 08:31:00,2026-01-29 08:32:00,2026-01-29 08:33:00,5519.203,5520.203,TP,0.84,1,0.39869257811947867,ml_scalp1,2026-01
1439446,long,2026-01-29 08:43:00,2026-01-29 08:44:00,2026-01-29 08:45:00,5487.332,5486.852000000001,SL,-0.64,1,0.4337823530542062,ml_scalp1,2026-01
1439463,long,2026-01-29 09:00:00,2026-01-29 09:01:00,2026-01-29 09:02:00,5510.91,5510.43,SL,-0.64,1,0.3983411228661727,ml_scalp1,2026-01
1439824,long,2026-01-29 15:01:00,2026-01-29 15:02:00,2026-01-29 15:03:00,5458.89,5458.410000000001,SL,-0.64,1,0.4202402995810325,ml_scalp1,2026-01
1439836,long,2026-01-29 15:13:00,2026-01-29 15:14:00,2026-01-29 15:15:00,5409.184,5408.704000000001,SL,-0.64,1,0.4250085232025078,ml_scalp1,2026-01
1439848,short,2026-01-29 15:25:00,2026-01-29 15:26:00,2026-01-29 15:27:00,5305.062,5304.062,TP,0.84,1,0.35424201143054806,ml_scalp1,2026-01
1439860,short,2026-01-29 15:37:00,2026-01-29 15:38:00,2026-01-29 15:39:00,5177.299,5177.7789999999995,SL,-0.64,1,0.35448004257945853,ml_scalp1,2026-01
1439872,short,2026-01-29 15:49:00,2026-01-29 15:50:00,2026-01-29 15:51:00,5166.088,5166.567999999999,SL,-0.64,1,0.3545508379962905,ml_scalp1,2026-01
1439884,short,2026-01-29 16:01:00,2026-01-29 16:02:00,2026-01-29 16:03:00,5211.214,5211.6939999999995,SL,-0.64,1,0.3543100700007741,ml_scalp1,2026-01
1439896,short,2026-01-29 16:13:00,2026-01-29 16:14:00,2026-01-29 16:15:00,5269.751,5270.231,SL,-0.64,1,0.35424201143054806,ml_scalp1,2026-01
1439908,short,2026-01-29 16:25:00,2026-01-29 16:26:00,2026-01-29 16:27:00,5277.017,5277.496999999999,SL,-0.64,1,0.35424201143054806,ml_scalp1,2026-01
1439920,short,2026-01-29 16:37:00,2026-01-29 16:38:00,2026-01-29 16:39:00,5259.54,5260.0199999999995,SL,-0.64,1,0.3542785838471715,ml_scalp1,2026-01
1439932,short,2026-01-29 16:49:00,2026-01-29 16:50:00,2026-01-29 16:51:00,5273.612,5272.612,TP,0.84,1,0.3542785838471715,ml_scalp1,2026-01
1439944,short,2026-01-29 17:01:00,2026-01-29 17:02:00,2026-01-29 17:03:00,5284.641,5285.120999999999,SL,-0.64,1,0.3542785838471715,ml_scalp1,2026-01
1439956,short,2026-01-29 17:13:00,2026-01-29 17:14:00,2026-01-29 17:15:00,5292.778,5293.258,SL,-0.64,1,0.35424201143054806,ml_scalp1,2026-01
1439968,short,2026-01-29 17:25:00,2026-01-29 17:26:00,2026-01-29 17:27:00,5345.565,5346.044999999999,SL,-0.64,1,0.3542785838471715,ml_scalp1,2026-01
1440223,long,2026-01-29 21:40:00,2026-01-29 21:41:00,2026-01-29 21:42:00,5399.648,5399.168000000001,SL,-0.64,1,0.4024834821104873,ml_scalp1,2026-01
1440257,long,2026-01-29 23:17:00,2026-01-29 23:18:00,2026-01-29 23:19:00,5394.567,5394.087,SL,-0.64,1,0.41139983739932023,ml_scalp1,2026-01
1440361,long,2026-01-30 01:01:00,2026-01-30 01:02:00,2026-01-30 01:03:00,5385.155,5386.155,TP,0.84,1,0.3984120741559555,ml_scalp1,2026-01
1440373,long,2026-01-30 01:13:00,2026-01-30 01:14:00,2026-01-30 01:15:00,5329.675,5329.195000000001,SL,-0.64,1,0.40331454809072775,ml_scalp1,2026-01
1440405,long,2026-01-30 01:45:00,2026-01-30 01:46:00,2026-01-30 01:47:00,5338.66,5338.18,SL,-0.64,1,0.4040461887986472,ml_scalp1,2026-01
1440417,long,2026-01-30 01:57:00,2026-01-30 01:58:00,2026-01-30 01:59:00,5312.646,5312.166,SL,-0.64,1,0.4068777799896214,ml_scalp1,2026-01
1440429,long,2026-01-30 02:09:00,2026-01-30 02:10:00,2026-01-30 02:11:00,5273.666,5273.186000000001,SL,-0.64,1,0.4133448161049333,ml_scalp1,2026-01
1440441,long,2026-01-30 02:21:00,2026-01-30 02:22:00,2026-01-30 02:23:00,5127.864,5127.384,SL,-0.64,1,0.41834624380803676,ml_scalp1,2026-01
1440720,long,2026-01-30 07:00:00,2026-01-30 07:01:00,2026-01-30 07:02:00,5131.491,5131.011,SL,-0.64,1,0.4032777586285897,ml_scalp1,2026-01
1440755,long,2026-01-30 07:35:00,2026-01-30 07:36:00,2026-01-30 07:37:00,5133.813,5133.3330000000005,SL,-0.64,1,0.40817978083696566,ml_scalp1,2026-01
1440795,long,2026-01-30 08:15:00,2026-01-30 08:16:00,2026-01-30 08:17:00,5134.97,5135.97,TP,0.84,1,0.39845047044335025,ml_scalp1,2026-01
1440810,long,2026-01-30 08:30:00,2026-01-30 08:31:00,2026-01-30 08:32:00,5141.283,5140.803000000001,SL,-0.64,1,0.4030666792667517,ml_scalp1,2026-01
1440822,short,2026-01-30 08:42:00,2026-01-30 08:43:00,2026-01-30 08:44:00,5078.939,5079.419,SL,-0.64,1,0.35434264393914383,ml_scalp1,2026-01
1440834,short,2026-01-30 08:54:00,2026-01-30 08:55:00,2026-01-30 08:56:00,5110.195,5110.674999999999,SL,-0.64,1,0.35434264393914383,ml_scalp1,2026-01
1440846,long,2026-01-30 09:06:00,2026-01-30 09:07:00,2026-01-30 09:08:00,5089.717,5089.237,SL,-0.64,1,0.4006624535199038,ml_scalp1,2026-01
1440858,short,2026-01-30 09:18:00,2026-01-30 09:19:00,2026-01-30 09:20:00,5055.446,5055.9259999999995,SL,-0.64,1,0.35434264393914383,ml_scalp1,2026-01
1440870,short,2026-01-30 09:30:00,2026-01-30 09:31:00,2026-01-30 09:32:00,5043.381,5043.861,SL,-0.64,1,0.35434264393914383,ml_scalp1,2026-01
1440882,long,2026-01-30 09:42:00,2026-01-30 09:43:00,2026-01-30 09:44:00,4997.408,4996.928000000001,SL,-0.64,1,0.41470977316934343,ml_scalp1,2026-01
1440894,short,2026-01-30 09:54:00,2026-01-30 09:55:00,2026-01-30 09:56:00,4988.233,4988.713,SL,-0.64,1,0.35451264632015067,ml_scalp1,2026-01
1440906,short,2026-01-30 10:06:00,2026-01-30 10:07:00,2026-01-30 10:08:00,5026.772,5025.772,TP,0.84,1,0.35434264393914383,ml_scalp1,2026-01
1440918,short,2026-01-30 10:18:00,2026-01-30 10:19:00,2026-01-30 10:20:00,5044.494,5044.973999999999,SL,-0.64,1,0.35434264393914383,ml_scalp1,2026-01
1440997,long,2026-01-30 11:37:00,2026-01-30 11:38:00,2026-01-30 11:39:00,5125.291,5126.291,TP,0.84,1,0.4031182555301973,ml_scalp1,2026-01
1441053,long,2026-01-30 12:33:00,2026-01-30 12:34:00,2026-01-30 12:35:00,5125.71,5125.2300000000005,SL,-0.64,1,0.39893909937492894,ml_scalp1,2026-01
1441066,long,2026-01-30 12:46:00,2026-01-30 12:47:00,2026-01-30 12:48:00,5079.115,5078.635,SL,-0.64,1,0.40083780124787477,ml_scalp1,2026-01
1441084,short,2026-01-30 13:04:00,2026-01-30 13:05:00,2026-01-30 13:06:00,5098.111,5097.111,TP,0.84,1,0.3542233104732498,ml_scalp1,2026-01
1441096,short,2026-01-30 13:16:00,2026-01-30 13:17:00,2026-01-30 13:18:00,5062.803,5063.282999999999,SL,-0.64,1,0.3542233104732498,ml_scalp1,2026-01
1441108,short,2026-01-30 13:28:00,2026-01-30 13:29:00,2026-01-30 13:30:00,5036.068,5035.068,TP,0.84,1,0.3543621346579854,ml_scalp1,2026-01
1441194,long,2026-01-30 14:54:00,2026-01-30 14:55:00,2026-01-30 14:56:00,5049.388,5048.908,SL,-0.64,1,0.4056647705890463,ml_scalp1,2026-01
1441207,short,2026-01-30 15:07:00,2026-01-30 15:08:00,2026-01-30 15:09:00,5013.019,5012.019,TP,0.84,1,0.3542913640764221,ml_scalp1,2026-01
1441295,long,2026-01-30 16:35:00,2026-01-30 16:36:00,2026-01-30 16:37:00,4970.191,4969.711,SL,-0.64,1,0.40966134871939786,ml_scalp1,2026-01
1441317,short,2026-01-30 16:57:00,2026-01-30 16:58:00,2026-01-30 16:59:00,4978.323,4978.803,SL,-0.64,1,0.3542255009439453,ml_scalp1,2026-01
1441332,long,2026-01-30 17:12:00,2026-01-30 17:13:00,2026-01-30 17:14:00,4915.297,4914.817,SL,-0.64,1,0.41457166105372784,ml_scalp1,2026-01
1441344,short,2026-01-30 17:24:00,2026-01-30 17:25:00,2026-01-30 17:26:00,4922.13,4922.61,SL,-0.64,1,0.35425879510510605,ml_scalp1,2026-01
1441359,long,2026-01-30 17:39:00,2026-01-30 17:40:00,2026-01-30 17:41:00,4889.566,4889.086,SL,-0.64,1,0.40512006626415586,ml_scalp1,2026-01
1441372,long,2026-01-30 17:52:00,2026-01-30 17:53:00,2026-01-30 17:54:00,4831.928,4831.448,SL,-0.64,1,0.4210708687878956,ml_scalp1,2026-01
1441392,long,2026-01-30 18:12:00,2026-01-30 18:13:00,2026-01-30 18:14:00,4794.129,4795.129,TP,0.84,1,0.3998958821907865,ml_scalp1,2026-01
1441408,long,2026-01-30 18:28:00,2026-01-30 18:29:00,2026-01-30 18:30:00,4703.232,4704.232,TP,0.84,1,0.4188917089968284,ml_scalp1,2026-01
1441593,long,2026-01-30 21:33:00,2026-01-30 21:34:00,2026-01-30 21:35:00,4875.566,4875.086,SL,-0.64,1,0.4043662734961761,ml_scalp1,2026-01
1441605,long,2026-01-30 21:45:00,2026-01-30 21:46:00,2026-01-30 21:47:00,4866.116,4865.636,SL,-0.64,1,0.4189206996607806,ml_scalp1,2026-01
1441618,long,2026-02-01 23:01:00,2026-02-01 23:10:00,2026-02-01 23:11:00,4817.296,4816.0960000000005,SL,-1.6,1,0.45120001409846083,ml_scalp1,2026-02
1441630,long,2026-02-01 23:21:00,2026-02-01 23:22:00,2026-02-01 23:23:00,4726.961,4727.961,TP,0.6799999999999999,1,0.4194947618943077,ml_scalp1,2026-02
1441642,long,2026-02-01 23:33:00,2026-02-01 23:34:00,2026-02-01 23:35:00,4733.872,4734.872,TP,0.6799999999999999,1,0.42263078253673714,ml_scalp1,2026-02
1441654,long,2026-02-01 23:45:00,2026-02-01 23:47:00,2026-02-01 23:48:00,4735.144,4734.184,SL,-1.28,1,0.43041119031881464,ml_scalp1,2026-02
1441666,long,2026-02-01 23:58:00,2026-02-01 23:59:00,2026-02-02 00:00:00,4749.567,4748.607,SL,-1.28,1,0.4212169397717582,ml_scalp1,2026-02
1441724,long,2026-02-02 00:56:00,2026-02-02 00:57:00,2026-02-02 00:58:00,4766.134,4767.134,TP,0.84,1,0.40006682298618845,ml_scalp1,2026-02
1441736,long,2026-02-02 01:08:00,2026-02-02 01:09:00,2026-02-02 01:10:00,4712.614,4712.134,SL,-0.64,1,0.4119015478416132,ml_scalp1,2026-02
1441751,long,2026-02-02 01:23:00,2026-02-02 01:24:00,2026-02-02 01:25:00,4650.129,4651.129,TP,0.84,1,0.410432043660037,ml_scalp1,2026-02
1442012,long,2026-02-02 05:44:00,2026-02-02 05:45:00,2026-02-02 05:46:00,4575.983,4575.503000000001,SL,-0.64,1,0.4101181338987554,ml_scalp1,2026-02
1442025,short,2026-02-02 05:57:00,2026-02-02 05:58:00,2026-02-02 05:59:00,4540.274,4540.754,SL,-0.64,1,0.3540235572206021,ml_scalp1,2026-02
1442045,short,2026-02-02 06:17:00,2026-02-02 06:18:00,2026-02-02 06:19:00,4523.056,4523.535999999999,SL,-0.64,1,0.35404173663725863,ml_scalp1,2026-02
1442060,short,2026-02-02 06:32:00,2026-02-02 06:33:00,2026-02-02 06:34:00,4477.634,4478.114,SL,-0.64,1,0.3540716581689358,ml_scalp1,2026-02
1442072,short,2026-02-02 06:44:00,2026-02-02 06:45:00,2026-02-02 06:46:00,4452.944,4453.424,SL,-0.64,1,0.3542017204708895,ml_scalp1,2026-02
1442087,short,2026-02-02 06:59:00,2026-02-02 07:00:00,2026-02-02 07:01:00,4503.915,4504.3949999999995,SL,-0.64,1,0.3540920528915565,ml_scalp1,2026-02
1442120,long,2026-02-02 07:32:00,2026-02-02 07:33:00,2026-02-02 07:34:00,4526.262,4527.262,TP,0.84,1,0.4005095796661408,ml_scalp1,2026-02
1442288,long,2026-02-02 10:20:00,2026-02-02 10:21:00,2026-02-02 10:22:00,4704.066,4703.586,SL,-0.64,1,0.4023075773501908,ml_scalp1,2026-02
1442598,long,2026-02-02 15:30:00,2026-02-02 15:31:00,2026-02-02 15:32:00,4657.366,4656.886,SL,-0.64,1,0.4120606487962527,ml_scalp1,2026-02
1442627,long,2026-02-02 15:59:00,2026-02-02 16:00:00,2026-02-02 16:01:00,4620.053,4619.573,SL,-0.64,1,0.4083620386679865,ml_scalp1,2026-02
1442710,long,2026-02-02 17:22:00,2026-02-02 17:23:00,2026-02-02 17:24:00,4674.333,4673.612999999999,SL,-0.96,1,0.40436057555066357,ml_scalp1,2026-02
1443014,long,2026-02-02 23:29:00,2026-02-02 23:30:00,2026-02-02 23:31:00,4738.172,4737.092,SL,-1.44,1,0.40145278292842695,ml_scalp1,2026-02
1443026,long,2026-02-02 23:41:00,2026-02-02 23:42:00,2026-02-02 23:43:00,4735.603,4734.523,SL,-1.44,1,0.41132026714836467,ml_scalp1,2026-02
1443093,long,2026-02-03 00:48:00,2026-02-03 00:49:00,2026-02-03 00:50:00,4805.089,4804.369,SL,-0.96,1,0.4085253533619361,ml_scalp1,2026-02
1443108,long,2026-02-03 01:03:00,2026-02-03 01:04:00,2026-02-03 01:05:00,4809.352,4808.632,SL,-0.96,1,0.4038804623525859,ml_scalp1,2026-02
1443175,long,2026-02-03 02:10:00,2026-02-03 02:11:00,2026-02-03 02:12:00,4803.744,4803.023999999999,SL,-0.96,1,0.40188190484215924,ml_scalp1,2026-02
1443187,long,2026-02-03 02:22:00,2026-02-03 02:23:00,2026-02-03 02:24:00,4789.77,4789.05,SL,-0.96,1,0.40884555554736,ml_scalp1,2026-02
1443199,long,2026-02-03 02:34:00,2026-02-03 02:35:00,2026-02-03 02:36:00,4774.34,4773.62,SL,-0.96,1,0.40041727291102025,ml_scalp1,2026-02
1443376,long,2026-02-03 05:31:00,2026-02-03 05:32:00,2026-02-03 05:33:00,4823.657,4824.657,TP,0.76,1,0.4079243966938866,ml_scalp1,2026-02
1443407,long,2026-02-03 06:02:00,2026-02-03 06:03:00,2026-02-03 06:04:00,4821.167,4820.087,SL,-1.44,1,0.4117307843286864,ml_scalp1,2026-02
1443612,long,2026-02-03 09:27:00,2026-02-03 09:28:00,2026-02-03 09:29:00,4895.448,4894.728,SL,-0.96,1,0.4009679975267403,ml_scalp1,2026-02
1443854,short,2026-02-03 13:29:00,2026-02-03 13:30:00,2026-02-03 13:31:00,4934.186,4934.906,SL,-0.96,1,0.354091622518922,ml_scalp1,2026-02
1443902,short,2026-02-03 14:17:00,2026-02-03 14:18:00,2026-02-03 14:19:00,4906.981,4907.701,SL,-0.96,1,0.35431628235918794,ml_scalp1,2026-02
1443914,short,2026-02-03 14:29:00,2026-02-03 14:30:00,2026-02-03 14:31:00,4925.016,4924.016,TP,0.76,1,0.35418666709207014,ml_scalp1,2026-02
1443930,short,2026-02-03 14:45:00,2026-02-03 14:46:00,2026-02-03 14:47:00,4911.783,4912.503000000001,SL,-0.96,1,0.3545803806060802,ml_scalp1,2026-02
1443942,short,2026-02-03 14:57:00,2026-02-03 14:58:00,2026-02-03 14:59:00,4915.111,4915.831,SL,-0.96,1,0.35418666709207014,ml_scalp1,2026-02
1443954,short,2026-02-03 15:09:00,2026-02-03 15:10:00,2026-02-03 15:11:00,4937.254,4937.974,SL,-0.96,1,0.35418666709207014,ml_scalp1,2026-02
1443966,short,2026-02-03 15:21:00,2026-02-03 15:22:00,2026-02-03 15:23:00,4919.509,4920.229,SL,-0.96,1,0.3544089278453838,ml_scalp1,2026-02
1443978,short,2026-02-03 15:33:00,2026-02-03 15:34:00,2026-02-03 15:35:00,4919.066,4918.066,TP,0.76,1,0.3542064011965445,ml_scalp1,2026-02
1444040,short,2026-02-03 16:35:00,2026-02-03 16:36:00,2026-02-03 16:37:00,4984.473,4985.193,SL,-0.96,1,0.3540724049880357,ml_scalp1,2026-02
1444052,short,2026-02-03 16:47:00,2026-02-03 16:48:00,2026-02-03 16:49:00,4975.273,4975.993,SL,-0.96,1,0.3540921291584026,ml_scalp1,2026-02
1444064,short,2026-02-03 16:59:00,2026-02-03 17:00:00,2026-02-03 17:01:00,4955.536,4956.256,SL,-0.96,1,0.3542945962025972,ml_scalp1,2026-02
1444076,long,2026-02-03 17:11:00,2026-02-03 17:12:00,2026-02-03 17:13:00,4926.907,4927.907,TP,0.76,1,0.4053597983536578,ml_scalp1,2026-02
1444088,short,2026-02-03 17:23:00,2026-02-03 17:24:00,2026-02-03 17:25:00,4954.173,4954.893,SL,-0.96,1,0.35506131558361165,ml_scalp1,2026-02
1444100,short,2026-02-03 17:35:00,2026-02-03 17:36:00,2026-02-03 17:37:00,4954.197,4954.917,SL,-0.96,1,0.3550858776643128,ml_scalp1,2026-02
1444112,short,2026-02-03 17:47:00,2026-02-03 17:48:00,2026-02-03 17:49:00,4925.147,4925.867,SL,-0.96,1,0.3547622443113974,ml_scalp1,2026-02
1444124,short,2026-02-03 17:59:00,2026-02-03 18:00:00,2026-02-03 18:01:00,4929.116,4929.836,SL,-0.96,1,0.3548474938545874,ml_scalp1,2026-02
1444137,short,2026-02-03 18:12:00,2026-02-03 18:13:00,2026-02-03 18:14:00,4953.406,4952.406,TP,0.76,1,0.3548046877855312,ml_scalp1,2026-02
1444149,long,2026-02-03 18:24:00,2026-02-03 18:25:00,2026-02-03 18:26:00,4922.905,4922.425,SL,-0.64,1,0.40719597903163157,ml_scalp1,2026-02
1444165,short,2026-02-03 18:40:00,2026-02-03 18:41:00,2026-02-03 18:42:00,4906.895,4907.615000000001,SL,-0.96,1,0.3542740501034341,ml_scalp1,2026-02
1444194,long,2026-02-03 19:09:00,2026-02-03 19:10:00,2026-02-03 19:11:00,4881.486,4882.486,TP,0.84,1,0.4106439511013913,ml_scalp1,2026-02
1444345,long,2026-02-03 21:40:00,2026-02-03 21:41:00,2026-02-03 21:42:00,4937.216,4936.496,SL,-0.96,1,0.4065619997648763,ml_scalp1,2026-02
1444366,long,2026-02-03 23:04:00,2026-02-03 23:05:00,2026-02-03 23:06:00,4957.546,4956.046,SL,-2.0,1,0.40471597717059327,ml_scalp1,2026-02
1444378,long,2026-02-03 23:16:00,2026-02-03 23:17:00,2026-02-03 23:18:00,4937.041,4935.541,SL,-2.0,1,0.4095197238016677,ml_scalp1,2026-02
1444391,long,2026-02-03 23:29:00,2026-02-03 23:30:00,2026-02-03 23:31:00,4923.844,4924.844,TP,0.64,1,0.404697720012701,ml_scalp1,2026-02
1444512,long,2026-02-04 01:30:00,2026-02-04 01:31:00,2026-02-04 01:32:00,5026.27,5027.27,TP,0.76,1,0.4064035670507149,ml_scalp1,2026-02
1444537,long,2026-02-04 01:55:00,2026-02-04 01:56:00,2026-02-04 01:57:00,5043.399,5042.319,SL,-1.44,1,0.40334643239801315,ml_scalp1,2026-02
1444593,long,2026-02-04 02:51:00,2026-02-04 02:52:00,2026-02-04 02:53:00,5048.924,5047.844,SL,-1.44,1,0.40710858605983014,ml_scalp1,2026-02
1444619,long,2026-02-04 03:17:00,2026-02-04 03:18:00,2026-02-04 03:19:00,5043.737,5042.657,SL,-1.44,1,0.40749383692790464,ml_scalp1,2026-02
1445098,long,2026-02-04 11:16:00,2026-02-04 11:17:00,2026-02-04 11:18:00,5027.139,5026.419,SL,-0.96,1,0.40293794090924395,ml_scalp1,2026-02
1445232,short,2026-02-04 13:30:00,2026-02-04 13:31:00,2026-02-04 13:32:00,5049.635,5050.715,SL,-1.44,1,0.35490001548074196,ml_scalp1,2026-02
1445294,long,2026-02-04 14:32:00,2026-02-04 14:33:00,2026-02-04 14:34:00,5005.058,5006.058,TP,0.76,1,0.41071570037334215,ml_scalp1,2026-02
1445337,long,2026-02-04 15:15:00,2026-02-04 15:16:00,2026-02-04 15:17:00,4975.229,4974.509,SL,-0.96,1,0.40205344833241063,ml_scalp1,2026-02
1445350,long,2026-02-04 15:28:00,2026-02-04 15:29:00,2026-02-04 15:30:00,4951.057,4950.3369999999995,SL,-0.96,1,0.42660285470992754,ml_scalp1,2026-02
1445373,short,2026-02-04 15:51:00,2026-02-04 15:52:00,2026-02-04 15:53:00,4938.707,4939.427000000001,SL,-0.96,1,0.35449233285059933,ml_scalp1,2026-02
1445385,short,2026-02-04 16:03:00,2026-02-04 16:04:00,2026-02-04 16:05:00,4903.357,4904.077,SL,-0.96,1,0.3544519992020985,ml_scalp1,2026-02
1445397,short,2026-02-04 16:15:00,2026-02-04 16:16:00,2026-02-04 16:17:00,4930.502,4929.502,TP,0.76,1,0.35439339907437967,ml_scalp1,2026-02
1445409,short,2026-02-04 16:27:00,2026-02-04 16:28:00,2026-02-04 16:29:00,4921.594,4922.074,SL,-0.64,1,0.3543736550357978,ml_scalp1,2026-02
1445421,short,2026-02-04 16:39:00,2026-02-04 16:40:00,2026-02-04 16:41:00,4910.227,4909.227,TP,0.76,1,0.35439339907437967,ml_scalp1,2026-02
1445433,short,2026-02-04 16:51:00,2026-02-04 16:52:00,2026-02-04 16:53:00,4886.344,4886.824,SL,-0.64,1,0.3543736550357978,ml_scalp1,2026-02
1445445,short,2026-02-04 17:03:00,2026-02-04 17:04:00,2026-02-04 17:05:00,4898.003,4898.723,SL,-0.96,1,0.3544882399983248,ml_scalp1,2026-02
1445457,short,2026-02-04 17:15:00,2026-02-04 17:16:00,2026-02-04 17:17:00,4921.128,4921.848,SL,-0.96,1,0.3545960151301861,ml_scalp1,2026-02
1445469,short,2026-02-04 17:27:00,2026-02-04 17:28:00,2026-02-04 17:29:00,4901.384,4902.104,SL,-0.96,1,0.3545960151301861,ml_scalp1,2026-02
1445481,short,2026-02-04 17:39:00,2026-02-04 17:40:00,2026-02-04 17:41:00,4911.73,4912.45,SL,-0.96,1,0.35437640678356497,ml_scalp1,2026-02
1445493,short,2026-02-04 17:51:00,2026-02-04 17:52:00,2026-02-04 17:53:00,4903.751,4904.4710000000005,SL,-0.96,1,0.3542767031140169,ml_scalp1,2026-02
1445505,short,2026-02-04 18:03:00,2026-02-04 18:04:00,2026-02-04 18:05:00,4888.492,4888.972,SL,-0.64,1,0.35402742655545877,ml_scalp1,2026-02
1445522,long,2026-02-04 18:20:00,2026-02-04 18:21:00,2026-02-04 18:22:00,4899.814,4900.814,TP,0.76,1,0.4020549795544469,ml_scalp1,2026-02
1445745,long,2026-02-04 23:06:00,2026-02-04 23:07:00,2026-02-04 23:08:00,4992.182,4993.182,TP,0.5,1,0.40423149453718343,ml_scalp1,2026-02
1445759,long,2026-02-04 23:20:00,2026-02-04 23:21:00,2026-02-04 23:22:00,5002.767,5003.767,TP,0.64,1,0.407160632295641,ml_scalp1,2026-02
1445833,long,2026-02-05 00:34:00,2026-02-05 00:35:00,2026-02-05 00:36:00,5009.632,5010.632,TP,0.76,1,0.4017306164724911,ml_scalp1,2026-02
1445854,long,2026-02-05 00:55:00,2026-02-05 00:56:00,2026-02-05 00:57:00,5009.948,5010.948,TP,0.76,1,0.4000159872016412,ml_scalp1,2026-02
1445870,long,2026-02-05 01:11:00,2026-02-05 01:12:00,2026-02-05 01:13:00,4989.82,4989.099999999999,SL,-0.96,1,0.4000080079201475,ml_scalp1,2026-02
1445919,long,2026-02-05 02:00:00,2026-02-05 02:01:00,2026-02-05 02:02:00,4951.676,4952.676,TP,0.76,1,0.4018233000495895,ml_scalp1,2026-02
1445931,long,2026-02-05 02:12:00,2026-02-05 02:13:00,2026-02-05 02:14:00,4926.356,4925.6359999999995,SL,-0.96,1,0.408052311100216,ml_scalp1,2026-02
1445964,long,2026-02-05 02:45:00,2026-02-05 02:46:00,2026-02-05 02:47:00,4876.06,4875.34,SL,-0.96,1,0.42952806244544217,ml_scalp1,2026-02
1445977,long,2026-02-05 02:58:00,2026-02-05 02:59:00,2026-02-05 03:00:00,4827.414,4826.934,SL,-0.64,1,0.4015555630148149,ml_scalp1,2026-02
1446009,long,2026-02-05 03:30:00,2026-02-05 03:31:00,2026-02-05 03:32:00,4848.4,4849.4,TP,0.76,1,0.40669616881225623,ml_scalp1,2026-02
1446130,long,2026-02-05 05:31:00,2026-02-05 05:32:00,2026-02-05 05:33:00,4849.45,4848.37,SL,-1.44,1,0.4003044072047118,ml_scalp1,2026-02
1446350,long,2026-02-05 09:11:00,2026-02-05 09:12:00,2026-02-05 09:13:00,4865.557,4866.557,TP,0.76,1,0.40709293531129237,ml_scalp1,2026-02
1446471,long,2026-02-05 11:12:00,2026-02-05 11:13:00,2026-02-05 11:14:00,4883.559,4882.839,SL,-0.96,1,0.40652749909742425,ml_scalp1,2026-02
1446487,long,2026-02-05 11:28:00,2026-02-05 11:29:00,2026-02-05 11:30:00,4890.188,4889.468,SL,-0.96,1,0.3999183804894982,ml_scalp1,2026-02
1446504,long,2026-02-05 11:45:00,2026-02-05 11:46:00,2026-02-05 11:47:00,4878.442,4877.722,SL,-0.96,1,0.404255235507868,ml_scalp1,2026-02
1446530,long,2026-02-05 12:11:00,2026-02-05 12:12:00,2026-02-05 12:13:00,4839.06,4838.580000000001,SL,-0.64,1,0.403866279404561,ml_scalp1,2026-02
1446544,long,2026-02-05 12:25:00,2026-02-05 12:26:00,2026-02-05 12:27:00,4814.463,4815.463,TP,0.84,1,0.401650221657615,ml_scalp1,2026-02
1446580,long,2026-02-05 13:01:00,2026-02-05 13:02:00,2026-02-05 13:03:00,4825.413,4824.692999999999,SL,-0.96,1,0.40445290379636123,ml_scalp1,2026-02
1446972,long,2026-02-05 19:33:00,2026-02-05 19:34:00,2026-02-05 19:35:00,4831.827,4832.827,TP,0.84,1,0.4034930527516839,ml_scalp1,2026-02
1447089,long,2026-02-05 21:30:00,2026-02-05 21:31:00,2026-02-05 21:32:00,4798.813,4798.093,SL,-0.96,1,0.41380480784689144,ml_scalp1,2026-02
1447103,long,2026-02-05 21:44:00,2026-02-05 21:45:00,2026-02-05 21:46:00,4764.626,4765.626,TP,0.76,1,0.40297711914017653,ml_scalp1,2026-02
1447119,long,2026-02-05 23:03:00,2026-02-05 23:04:00,2026-02-05 23:05:00,4766.335,4767.335,TP,0.64,1,0.4137777570527236,ml_scalp1,2026-02
1447131,long,2026-02-05 23:15:00,2026-02-05 23:16:00,2026-02-05 23:17:00,4763.94,4763.219999999999,SL,-0.96,1,0.4002378470115904,ml_scalp1,2026-02
1447143,long,2026-02-05 23:27:00,2026-02-05 23:28:00,2026-02-05 23:29:00,4750.576,4751.576,TP,0.76,1,0.40623450119354976,ml_scalp1,2026-02
1447162,long,2026-02-05 23:46:00,2026-02-05 23:47:00,2026-02-05 23:48:00,4727.407,4726.927000000001,SL,-0.64,1,0.4051375170600968,ml_scalp1,2026-02
1447179,long,2026-02-06 00:03:00,2026-02-06 00:04:00,2026-02-06 00:05:00,4689.924,4689.444,SL,-0.64,1,0.404795266913896,ml_scalp1,2026-02
1447191,long,2026-02-06 00:15:00,2026-02-06 00:16:00,2026-02-06 00:17:00,4675.45,4674.826,SL,-0.8320000000000001,1,0.42775305696712385,ml_scalp1,2026-02
1447223,long,2026-02-06 00:47:00,2026-02-06 00:48:00,2026-02-06 00:49:00,4744.444,4743.907,SL,-0.716,1,0.404008463514676,ml_scalp1,2026-02
1447236,long,2026-02-06 01:00:00,2026-02-06 01:01:00,2026-02-06 01:02:00,4744.894,4744.087,SL,-1.076,1,0.40359574588262237,ml_scalp1,2026-02
1447253,long,2026-02-06 01:17:00,2026-02-06 01:18:00,2026-02-06 01:19:00,4725.518,4724.981,SL,-0.716,1,0.404790316221415,ml_scalp1,2026-02
1447327,long,2026-02-06 02:31:00,2026-02-06 02:32:00,2026-02-06 02:33:00,4822.605,4821.884999999999,SL,-0.96,1,0.4015912800742302,ml_scalp1,2026-02
1447370,long,2026-02-06 03:14:00,2026-02-06 03:15:00,2026-02-06 03:16:00,4814.351,4815.351,TP,0.84,1,0.39971002192625094,ml_scalp1,2026-02
1447402,long,2026-02-06 03:46:00,2026-02-06 03:47:00,2026-02-06 03:48:00,4811.102,4810.382,SL,-0.96,1,0.4007113506253593,ml_scalp1,2026-02
1447461,long,2026-02-06 04:45:00,2026-02-06 04:46:00,2026-02-06 04:47:00,4817.533,4818.533,TP,0.84,1,0.404773131159366,ml_scalp1,2026-02
1447473,long,2026-02-06 04:57:00,2026-02-06 04:58:00,2026-02-06 04:59:00,4812.196,4813.196,TP,0.76,1,0.40799613268291335,ml_scalp1,2026-02
1447525,short,2026-02-06 05:49:00,2026-02-06 05:50:00,2026-02-06 05:51:00,4872.754,4873.33,SL,-0.768,1,0.3542238852256786,ml_scalp1,2026-02
1447540,short,2026-02-06 06:04:00,2026-02-06 06:05:00,2026-02-06 06:06:00,4887.277,4886.277,TP,0.808,1,0.3542238852256786,ml_scalp1,2026-02
1447554,short,2026-02-06 06:18:00,2026-02-06 06:19:00,2026-02-06 06:20:00,4864.228,4863.228,TP,0.808,1,0.3542238852256786,ml_scalp1,2026-02
1447566,short,2026-02-06 06:30:00,2026-02-06 06:31:00,2026-02-06 06:32:00,4861.683,4862.547,SL,-1.1520000000000001,1,0.3541474621369691,ml_scalp1,2026-02
1447578,short,2026-02-06 06:42:00,2026-02-06 06:43:00,2026-02-06 06:44:00,4839.802,4840.378,SL,-0.768,1,0.3542064011965445,ml_scalp1,2026-02
1447590,short,2026-02-06 06:54:00,2026-02-06 06:55:00,2026-02-06 06:56:00,4846.82,4845.82,TP,0.808,1,0.3542064011965445,ml_scalp1,2026-02
1447602,short,2026-02-06 07:06:00,2026-02-06 07:07:00,2026-02-06 07:08:00,4843.989,4844.565,SL,-0.768,1,0.35420579024893556,ml_scalp1,2026-02
1447695,long,2026-02-06 08:39:00,2026-02-06 08:40:00,2026-02-06 08:41:00,4862.834,4861.97,SL,-1.1520000000000001,1,0.40037573552189565,ml_scalp1,2026-02
1447731,short,2026-02-06 09:15:00,2026-02-06 09:16:00,2026-02-06 09:17:00,4848.371,4849.1630000000005,SL,-1.056,1,0.3542064011965445,ml_scalp1,2026-02
1447972,short,2026-02-06 13:16:00,2026-02-06 13:17:00,2026-02-06 13:18:00,4911.283,4912.147,SL,-1.1520000000000001,1,0.3540724049880357,ml_scalp1,2026-02
1447984,short,2026-02-06 13:28:00,2026-02-06 13:29:00,2026-02-06 13:30:00,4909.396,4909.972,SL,-0.768,1,0.354765800721869,ml_scalp1,2026-02
1447996,short,2026-02-06 13:40:00,2026-02-06 13:41:00,2026-02-06 13:42:00,4934.145,4934.7210000000005,SL,-0.768,1,0.3540724049880357,ml_scalp1,2026-02
1448008,short,2026-02-06 13:52:00,2026-02-06 13:53:00,2026-02-06 13:54:00,4929.444,4928.444,TP,0.808,1,0.3542945962025972,ml_scalp1,2026-02
1448023,long,2026-02-06 14:07:00,2026-02-06 14:08:00,2026-02-06 14:09:00,4918.147,4919.147,TP,0.712,1,0.399803058755074,ml_scalp1,2026-02
1448038,long,2026-02-06 14:22:00,2026-02-06 14:23:00,2026-02-06 14:24:00,4910.146,4909.57,SL,-0.768,1,0.4017903500929861,ml_scalp1,2026-02
1448050,short,2026-02-06 14:34:00,2026-02-06 14:35:00,2026-02-06 14:36:00,4928.854,4929.43,SL,-0.768,1,0.3542945962025972,ml_scalp1,2026-02
1448062,short,2026-02-06 14:46:00,2026-02-06 14:47:00,2026-02-06 14:48:00,4931.957,4932.821,SL,-1.1520000000000001,1,0.3548804850254706,ml_scalp1,2026-02
1448074,short,2026-02-06 14:58:00,2026-02-06 14:59:00,2026-02-06 15:00:00,4948.225,4949.089,SL,-1.1520000000000001,1,0.35477507917823903,ml_scalp1,2026-02
1448086,short,2026-02-06 15:10:00,2026-02-06 15:11:00,2026-02-06 15:12:00,4955.304,4956.168,SL,-1.1520000000000001,1,0.3541107456757875,ml_scalp1,2026-02
1448098,short,2026-02-06 15:22:00,2026-02-06 15:23:00,2026-02-06 15:24:00,4951.235,4950.235,TP,0.808,1,0.35466301251195387,ml_scalp1,2026-02
1448110,short,2026-02-06 15:34:00,2026-02-06 15:35:00,2026-02-06 15:36:00,4955.004,4954.004,TP,0.808,1,0.35405108639342103,ml_scalp1,2026-02
1448122,short,2026-02-06 15:46:00,2026-02-06 15:47:00,2026-02-06 15:48:00,4943.474,4944.338,SL,-1.1520000000000001,1,0.3540724049880357,ml_scalp1,2026-02
1448136,short,2026-02-06 16:00:00,2026-02-06 16:01:00,2026-02-06 16:02:00,4940.41,4940.986,SL,-0.768,1,0.35405896414063887,ml_scalp1,2026-02
1448150,long,2026-02-06 16:14:00,2026-02-06 16:15:00,2026-02-06 16:16:00,4940.843,4939.979,SL,-1.1520000000000001,1,0.4046780926917507,ml_scalp1,2026-02
1448162,long,2026-02-06 16:26:00,2026-02-06 16:27:00,2026-02-06 16:28:00,4930.474,4931.474,TP,0.808,1,0.41080650694688353,ml_scalp1,2026-02
1448177,long,2026-02-06 16:41:00,2026-02-06 16:42:00,2026-02-06 16:43:00,4943.244,4942.38,SL,-1.1520000000000001,1,0.4023449403818601,ml_scalp1,2026-02
1448500,long,2026-02-08 23:08:00,2026-02-08 23:09:00,2026-02-08 23:10:00,4966.402,4967.402,TP,0.4,1,0.42716632968961993,ml_scalp1,2026-02
1448552,long,2026-02-09 00:00:00,2026-02-09 00:01:00,2026-02-09 00:02:00,5028.535,5029.535,TP,0.76,1,0.4046109301106951,ml_scalp1,2026-02
1448593,long,2026-02-09 00:41:00,2026-02-09 00:42:00,2026-02-09 00:43:00,5023.237,5022.517,SL,-0.96,1,0.40669701105590794,ml_scalp1,2026-02
1448605,long,2026-02-09 00:53:00,2026-02-09 00:54:00,2026-02-09 00:55:00,5018.966,5019.966,TP,0.76,1,0.4027146702644313,ml_scalp1,2026-02
1448617,long,2026-02-09 01:05:00,2026-02-09 01:06:00,2026-02-09 01:07:00,5013.907,5013.187,SL,-0.96,1,0.4140704832880847,ml_scalp1,2026-02
1448637,long,2026-02-09 01:25:00,2026-02-09 01:26:00,2026-02-09 01:27:00,5015.394,5014.674,SL,-0.96,1,0.4025016796021007,ml_scalp1,2026-02
1448649,long,2026-02-09 01:37:00,2026-02-09 01:38:00,2026-02-09 01:39:00,4983.219,4982.499,SL,-0.96,1,0.42226435280158114,ml_scalp1,2026-02
1448665,long,2026-02-09 01:53:00,2026-02-09 01:54:00,2026-02-09 01:55:00,4994.175,4993.455,SL,-0.96,1,0.40827540801398476,ml_scalp1,2026-02
1448678,long,2026-02-09 02:06:00,2026-02-09 02:07:00,2026-02-09 02:08:00,4984.651,4985.651,TP,0.76,1,0.39970325717782124,ml_scalp1,2026-02
1449160,short,2026-02-09 10:08:00,2026-02-09 10:09:00,2026-02-09 10:10:00,5011.472,5010.472,TP,0.64,1,0.354148425745393,ml_scalp1,2026-02
1449182,short,2026-02-09 10:30:00,2026-02-09 10:31:00,2026-02-09 10:32:00,4990.378,4991.458,SL,-1.44,1,0.35417313683770607,ml_scalp1,2026-02
1449630,long,2026-02-09 17:58:00,2026-02-09 17:59:00,2026-02-09 18:00:00,5042.755,5043.755,TP,0.76,1,0.4029424786322689,ml_scalp1,2026-02
1449653,long,2026-02-09 18:21:00,2026-02-09 18:22:00,2026-02-09 18:23:00,5046.112,5047.112,TP,0.76,1,0.4095351801367092,ml_scalp1,2026-02
1449877,long,2026-02-09 23:09:00,2026-02-09 23:10:00,2026-02-09 23:11:00,5044.202,5043.122,SL,-1.44,1,0.4057287551564593,ml_scalp1,2026-02
1449890,long,2026-02-09 23:22:00,2026-02-09 23:23:00,2026-02-09 23:24:00,5018.18,5017.1,SL,-1.44,1,0.3998584824690346,ml_scalp1,2026-02
1450693,long,2026-02-10 12:45:00,2026-02-10 12:46:00,2026-02-10 12:47:00,5025.355,5024.634999999999,SL,-0.96,1,0.40848424236166836,ml_scalp1,2026-02
1450865,long,2026-02-10 15:37:00,2026-02-10 15:38:00,2026-02-10 15:39:00,5010.382,5009.661999999999,SL,-0.96,1,0.43084323494115034,ml_scalp1,2026-02
1451248,long,2026-02-10 23:03:00,2026-02-10 23:04:00,2026-02-10 23:05:00,5032.307,5033.307,TP,0.5,1,0.39962561102067723,ml_scalp1,2026-02
1451649,long,2026-02-11 05:44:00,2026-02-11 05:45:00,2026-02-11 05:46:00,5062.481,5061.7609999999995,SL,-0.96,1,0.3997159550353336,ml_scalp1,2026-02
1451730,short,2026-02-11 07:05:00,2026-02-11 07:06:00,2026-02-11 07:07:00,5062.827,5061.827,TP,0.64,1,0.3543011924499523,ml_scalp1,2026-02
1451946,short,2026-02-11 10:41:00,2026-02-11 10:42:00,2026-02-11 10:43:00,5081.718,5082.798,SL,-1.44,1,0.3540921291584026,ml_scalp1,2026-02
1451960,short,2026-02-11 10:55:00,2026-02-11 10:56:00,2026-02-11 10:57:00,5095.53,5094.53,TP,0.64,1,0.3554371850756885,ml_scalp1,2026-02
1451974,short,2026-02-11 11:09:00,2026-02-11 11:10:00,2026-02-11 11:11:00,5094.278,5093.278,TP,0.64,1,0.35546609332840456,ml_scalp1,2026-02
1451990,short,2026-02-11 11:25:00,2026-02-11 11:26:00,2026-02-11 11:27:00,5097.212,5098.292,SL,-1.44,1,0.3542945962025972,ml_scalp1,2026-02
1452003,short,2026-02-11 11:38:00,2026-02-11 11:39:00,2026-02-11 11:40:00,5104.821,5103.821,TP,0.64,1,0.3540724049880357,ml_scalp1,2026-02
1452023,short,2026-02-11 11:58:00,2026-02-11 11:59:00,2026-02-11 12:00:00,5111.255,5112.335,SL,-1.44,1,0.354785559661612,ml_scalp1,2026-02
1452043,long,2026-02-11 12:18:00,2026-02-11 12:19:00,2026-02-11 12:20:00,5092.387,5091.6669999999995,SL,-0.96,1,0.40521179207909214,ml_scalp1,2026-02
1452056,short,2026-02-11 12:31:00,2026-02-11 12:32:00,2026-02-11 12:33:00,5092.494,5091.494,TP,0.64,1,0.35520791580956,ml_scalp1,2026-02
1452069,short,2026-02-11 12:44:00,2026-02-11 12:45:00,2026-02-11 12:46:00,5068.315,5069.3949999999995,SL,-1.44,1,0.3553908474314294,ml_scalp1,2026-02
1452102,long,2026-02-11 13:17:00,2026-02-11 13:18:00,2026-02-11 13:19:00,5069.37,5068.65,SL,-0.96,1,0.4039391261303835,ml_scalp1,2026-02
1452115,long,2026-02-11 13:30:00,2026-02-11 13:31:00,2026-02-11 13:32:00,5023.352,5024.352,TP,0.84,1,0.4326108265426316,ml_scalp1,2026-02
1452229,long,2026-02-11 15:24:00,2026-02-11 15:25:00,2026-02-11 15:26:00,5049.697,5048.977,SL,-0.96,1,0.3997829334115872,ml_scalp1,2026-02
1452243,long,2026-02-11 15:38:00,2026-02-11 15:39:00,2026-02-11 15:40:00,5040.221,5041.221,TP,0.76,1,0.402682824060803,ml_scalp1,2026-02
1452631,long,2026-02-11 23:10:00,2026-02-11 23:11:00,2026-02-11 23:12:00,5073.094,5072.014,SL,-1.44,1,0.40105024842364256,ml_scalp1,2026-02
1452693,long,2026-02-12 00:12:00,2026-02-12 00:13:00,2026-02-12 00:14:00,5052.366,5051.286,SL,-1.44,1,0.4000231735233375,ml_scalp1,2026-02
1453033,long,2026-02-12 05:52:00,2026-02-12 05:53:00,2026-02-12 05:54:00,5072.443,5073.443,TP,0.76,1,0.4055555621305418,ml_scalp1,2026-02
1453577,long,2026-02-12 14:56:00,2026-02-12 14:57:00,2026-02-12 14:58:00,5042.575,5041.855,SL,-0.96,1,0.4112523880228516,ml_scalp1,2026-02
1453651,long,2026-02-12 16:10:00,2026-02-12 16:11:00,2026-02-12 16:12:00,5034.258,5033.538,SL,-0.96,1,0.43054175477781653,ml_scalp1,2026-02
1453663,long,2026-02-12 16:22:00,2026-02-12 16:23:00,2026-02-12 16:24:00,4910.28,4911.28,TP,0.76,1,0.4125202582369864,ml_scalp1,2026-02
1453685,short,2026-02-12 16:44:00,2026-02-12 16:45:00,2026-02-12 16:46:00,4953.204,4952.204,TP,0.76,1,0.35435170621483925,ml_scalp1,2026-02
1453697,short,2026-02-12 16:56:00,2026-02-12 16:57:00,2026-02-12 16:58:00,4950.232,4950.952,SL,-0.96,1,0.3543210837391059,ml_scalp1,2026-02
1453709,short,2026-02-12 17:08:00,2026-02-12 17:09:00,2026-02-12 17:10:00,4953.654,4954.374000000001,SL,-0.96,1,0.35442473621637033,ml_scalp1,2026-02
1453721,short,2026-02-12 17:20:00,2026-02-12 17:21:00,2026-02-12 17:22:00,4969.526,4970.246,SL,-0.96,1,0.3543736550357978,ml_scalp1,2026-02
1453733,short,2026-02-12 17:32:00,2026-02-12 17:33:00,2026-02-12 17:34:00,4961.789,4962.509,SL,-0.96,1,0.35437640678356497,ml_scalp1,2026-02
1453745,short,2026-02-12 17:44:00,2026-02-12 17:45:00,2026-02-12 17:46:00,4969.572,4968.572,TP,0.76,1,0.3542767031140169,ml_scalp1,2026-02
1453757,short,2026-02-12 17:56:00,2026-02-12 17:57:00,2026-02-12 17:58:00,4948.792,4947.792,TP,0.84,1,0.35441107185155557,ml_scalp1,2026-02
1453769,long,2026-02-12 18:08:00,2026-02-12 18:09:00,2026-02-12 18:10:00,4923.101,4924.101,TP,0.76,1,0.4010883252201386,ml_scalp1,2026-02
1453999,long,2026-02-12 23:00:00,2026-02-12 23:01:00,2026-02-12 23:02:00,4889.183,4890.183,TP,0.4,1,0.47257177406680473,ml_scalp1,2026-02
1454038,long,2026-02-12 23:39:00,2026-02-12 23:40:00,2026-02-12 23:41:00,4910.613,4911.613,TP,0.64,1,0.4113483698379897,ml_scalp1,2026-02
1454717,long,2026-02-13 10:58:00,2026-02-13 10:59:00,2026-02-13 11:00:00,4948.608,4947.888,SL,-0.96,1,0.40787715487214293,ml_scalp1,2026-02
1454870,short,2026-02-13 13:31:00,2026-02-13 13:32:00,2026-02-13 13:33:00,4988.463,4987.463,TP,0.64,1,0.3541474621369691,ml_scalp1,2026-02
1454940,long,2026-02-13 14:41:00,2026-02-13 14:42:00,2026-02-13 14:43:00,4966.714,4967.714,TP,0.76,1,0.4001373500952553,ml_scalp1,2026-02
1455007,long,2026-02-13 15:48:00,2026-02-13 15:49:00,2026-02-13 15:50:00,4992.382,4993.382,TP,0.76,1,0.40640509840908645,ml_scalp1,2026-02
1455377,long,2026-02-15 23:01:00,2026-02-15 23:02:00,2026-02-15 23:03:00,5019.934,5018.434,SL,-2.0,1,0.41943205939396666,ml_scalp1,2026-02
1456320,long,2026-02-16 14:45:00,2026-02-16 14:46:00,2026-02-16 14:47:00,4983.128,4982.407999999999,SL,-0.96,1,0.40600153124287836,ml_scalp1,2026-02
1456337,long,2026-02-16 15:02:00,2026-02-16 15:03:00,2026-02-16 15:04:00,4978.318,4977.598,SL,-0.96,1,0.41335258004299813,ml_scalp1,2026-02
1456612,long,2026-02-16 23:08:00,2026-02-16 23:09:00,2026-02-16 23:10:00,4997.147,4998.147,TP,0.5,1,0.4010750640646789,ml_scalp1,2026-02
1456670,long,2026-02-17 00:06:00,2026-02-17 00:07:00,2026-02-17 00:08:00,4982.603,4981.883,SL,-0.96,1,0.40362193969604354,ml_scalp1,2026-02
1456706,long,2026-02-17 00:42:00,2026-02-17 00:43:00,2026-02-17 00:44:00,4968.984,4969.984,TP,0.76,1,0.41380951138643335,ml_scalp1,2026-02
1456719,long,2026-02-17 00:55:00,2026-02-17 00:56:00,2026-02-17 00:57:00,4949.151,4948.431,SL,-0.96,1,0.3995424105412892,ml_scalp1,2026-02
1456779,long,2026-02-17 01:55:00,2026-02-17 01:56:00,2026-02-17 01:57:00,4957.155,4958.155,TP,0.76,1,0.39977616491527546,ml_scalp1,2026-02
1456977,long,2026-02-17 05:13:00,2026-02-17 05:14:00,2026-02-17 05:15:00,4935.82,4935.099999999999,SL,-0.96,1,0.4013008412537148,ml_scalp1,2026-02
1456995,long,2026-02-17 05:31:00,2026-02-17 05:32:00,2026-02-17 05:33:00,4881.661,4880.941,SL,-0.96,1,0.4266495113856667,ml_scalp1,2026-02
1457500,long,2026-02-17 13:56:00,2026-02-17 13:57:00,2026-02-17 13:58:00,4897.983,4897.503000000001,SL,-0.64,1,0.4112013510951148,ml_scalp1,2026-02
1457544,long,2026-02-17 14:40:00,2026-02-17 14:41:00,2026-02-17 14:42:00,4874.933,4875.933,TP,0.84,1,0.40198978240276323,ml_scalp1,2026-02
1457564,long,2026-02-17 15:00:00,2026-02-17 15:01:00,2026-02-17 15:02:00,4853.577,4854.577,TP,0.76,1,0.41421542453065435,ml_scalp1,2026-02
1457694,long,2026-02-17 17:10:00,2026-02-17 17:11:00,2026-02-17 17:12:00,4858.182,4857.702,SL,-0.64,1,0.40337536411471175,ml_scalp1,2026-02
1457835,long,2026-02-17 19:31:00,2026-02-17 19:32:00,2026-02-17 19:33:00,4879.975,4879.495000000001,SL,-0.64,1,0.40129917211809474,ml_scalp1,2026-02
1457961,long,2026-02-17 21:37:00,2026-02-17 21:38:00,2026-02-17 21:39:00,4880.946,4880.466,SL,-0.64,1,0.4069579734738997,ml_scalp1,2026-02
1457982,long,2026-02-17 23:02:00,2026-02-17 23:03:00,2026-02-17 23:04:00,4867.832,4868.832,TP,0.5,1,0.47896466680755395,ml_scalp1,2026-02
1457994,long,2026-02-17 23:14:00,2026-02-17 23:15:00,2026-02-17 23:16:00,4882.589,4881.509,SL,-1.44,1,0.4136811189447326,ml_scalp1,2026-02
1458006,long,2026-02-17 23:26:00,2026-02-17 23:27:00,2026-02-17 23:28:00,4873.957,4872.877,SL,-1.44,1,0.42892249611581423,ml_scalp1,2026-02
1458019,long,2026-02-17 23:39:00,2026-02-17 23:40:00,2026-02-17 23:41:00,4866.553,4867.553,TP,0.76,1,0.4068656894726533,ml_scalp1,2026-02
1458033,long,2026-02-17 23:53:00,2026-02-17 23:54:00,2026-02-17 23:55:00,4856.555,4855.835,SL,-0.96,1,0.40543335974579287,ml_scalp1,2026-02
1458442,long,2026-02-18 06:42:00,2026-02-18 06:43:00,2026-02-18 06:44:00,4932.394,4931.914000000001,SL,-0.64,1,0.4027319377210918,ml_scalp1,2026-02
1458821,short,2026-02-18 13:01:00,2026-02-18 13:02:00,2026-02-18 13:03:00,4951.431,4952.151,SL,-0.96,1,0.3540724049880357,ml_scalp1,2026-02
1458838,short,2026-02-18 13:18:00,2026-02-18 13:19:00,2026-02-18 13:20:00,4956.324,4957.044,SL,-0.96,1,0.3543132226540895,ml_scalp1,2026-02
1458850,short,2026-02-18 13:30:00,2026-02-18 13:31:00,2026-02-18 13:32:00,4957.931,4956.931,TP,0.76,1,0.35418690054359553,ml_scalp1,2026-02
1458862,short,2026-02-18 13:42:00,2026-02-18 13:43:00,2026-02-18 13:44:00,4955.929,4954.929,TP,0.76,1,0.3542945962025972,ml_scalp1,2026-02
1458895,short,2026-02-18 14:15:00,2026-02-18 14:16:00,2026-02-18 14:17:00,4960.393,4959.393,TP,0.76,1,0.3540921291584026,ml_scalp1,2026-02
1458912,short,2026-02-18 14:32:00,2026-02-18 14:33:00,2026-02-18 14:34:00,4974.364,4973.364,TP,0.76,1,0.354785559661612,ml_scalp1,2026-02
1458924,short,2026-02-18 14:44:00,2026-02-18 14:45:00,2026-02-18 14:46:00,4981.793,4982.513,SL,-0.96,1,0.35523906917056264,ml_scalp1,2026-02
1458936,short,2026-02-18 14:56:00,2026-02-18 14:57:00,2026-02-18 14:58:00,4992.013,4992.733,SL,-0.96,1,0.35548942854683413,ml_scalp1,2026-02
1458948,long,2026-02-18 15:08:00,2026-02-18 15:09:00,2026-02-18 15:10:00,4998.462,4997.742,SL,-0.96,1,0.40999240720167796,ml_scalp1,2026-02
1458960,long,2026-02-18 15:20:00,2026-02-18 15:21:00,2026-02-18 15:22:00,5004.098,5003.378,SL,-0.96,1,0.4012377500408649,ml_scalp1,2026-02
1458972,short,2026-02-18 15:32:00,2026-02-18 15:33:00,2026-02-18 15:34:00,5004.237,5003.237,TP,0.76,1,0.35511648228447457,ml_scalp1,2026-02
1459004,short,2026-02-18 16:04:00,2026-02-18 16:05:00,2026-02-18 16:06:00,5002.869,5001.869,TP,0.76,1,0.3541153998051337,ml_scalp1,2026-02
1459030,short,2026-02-18 16:30:00,2026-02-18 16:31:00,2026-02-18 16:32:00,4996.437,4997.157,SL,-0.96,1,0.35431787181638197,ml_scalp1,2026-02
1459042,short,2026-02-18 16:42:00,2026-02-18 16:43:00,2026-02-18 16:44:00,5006.497,5005.497,TP,0.76,1,0.35431787181638197,ml_scalp1,2026-02
1459054,short,2026-02-18 16:54:00,2026-02-18 16:55:00,2026-02-18 16:56:00,5003.912,5002.912,TP,0.76,1,0.3540921291584026,ml_scalp1,2026-02
1459067,short,2026-02-18 17:07:00,2026-02-18 17:08:00,2026-02-18 17:09:00,4999.495,5000.215,SL,-0.96,1,0.3542945962025972,ml_scalp1,2026-02
1459138,long,2026-02-18 18:18:00,2026-02-18 18:19:00,2026-02-18 18:20:00,4996.88,4996.16,SL,-0.96,1,0.4026994710364129,ml_scalp1,2026-02
1459151,long,2026-02-18 18:31:00,2026-02-18 18:32:00,2026-02-18 18:33:00,4985.836,4985.116,SL,-0.96,1,0.4057285691814718,ml_scalp1,2026-02
1459163,short,2026-02-18 18:43:00,2026-02-18 18:44:00,2026-02-18 18:45:00,4982.723,4983.443,SL,-0.96,1,0.3540538182729733,ml_scalp1,2026-02
1459207,long,2026-02-18 19:27:00,2026-02-18 19:28:00,2026-02-18 19:29:00,4975.507,4976.507,TP,0.84,1,0.4391914564785703,ml_scalp1,2026-02
1459358,long,2026-02-18 23:01:00,2026-02-18 23:02:00,2026-02-18 23:03:00,4968.004,4969.004,TP,0.64,1,0.4236624993689042,ml_scalp1,2026-02
1459370,long,2026-02-18 23:13:00,2026-02-18 23:14:00,2026-02-18 23:15:00,4974.594,4975.594,TP,0.64,1,0.4025482597204919,ml_scalp1,2026-02
1459419,long,2026-02-19 00:02:00,2026-02-19 00:03:00,2026-02-19 00:04:00,4965.01,4964.29,SL,-0.96,1,0.401018987693252,ml_scalp1,2026-02
1459466,long,2026-02-19 00:49:00,2026-02-19 00:50:00,2026-02-19 00:51:00,4962.957,4962.237,SL,-0.96,1,0.40802805757402716,ml_scalp1,2026-02
1459478,long,2026-02-19 01:01:00,2026-02-19 01:02:00,2026-02-19 01:03:00,4962.362,4963.362,TP,0.76,1,0.4024347000032293,ml_scalp1,2026-02
1459494,long,2026-02-19 01:17:00,2026-02-19 01:18:00,2026-02-19 01:20:00,4965.018,4964.298,SL,-0.96,2,0.4007744362566616,ml_scalp1,2026-02
1459507,long,2026-02-19 01:30:00,2026-02-19 01:31:00,2026-02-19 01:32:00,4964.227,4963.507,SL,-0.96,1,0.41276228327958764,ml_scalp1,2026-02
1459986,long,2026-02-19 09:29:00,2026-02-19 09:30:00,2026-02-19 09:31:00,5000.732,5001.732,TP,0.76,1,0.4024086588050395,ml_scalp1,2026-02
1460093,long,2026-02-19 11:16:00,2026-02-19 11:17:00,2026-02-19 11:18:00,4981.755,4982.755,TP,0.76,1,0.40413720653358587,ml_scalp1,2026-02
1460129,long,2026-02-19 11:52:00,2026-02-19 11:53:00,2026-02-19 11:54:00,4978.223,4979.223,TP,0.76,1,0.4053505120448261,ml_scalp1,2026-02
1460199,long,2026-02-19 13:02:00,2026-02-19 13:03:00,2026-02-19 13:04:00,4976.516,4977.516,TP,0.76,1,0.415990429675908,ml_scalp1,2026-02
1460382,long,2026-02-19 16:05:00,2026-02-19 16:06:00,2026-02-19 16:07:00,5004.281,5003.561,SL,-0.96,1,0.4035417323986968,ml_scalp1,2026-02
1460505,long,2026-02-19 18:08:00,2026-02-19 18:09:00,2026-02-19 18:10:00,4980.62,4981.62,TP,0.76,1,0.4013615458803377,ml_scalp1,2026-02
1460735,long,2026-02-19 23:01:00,2026-02-19 23:02:00,2026-02-19 23:03:00,4999.775,5000.775,TP,0.5,1,0.4132343829726389,ml_scalp1,2026-02
1461499,long,2026-02-20 11:45:00,2026-02-20 11:46:00,2026-02-20 11:47:00,5027.88,5027.16,SL,-0.96,1,0.40111782226102166,ml_scalp1,2026-02
1461696,long,2026-02-20 15:02:00,2026-02-20 15:03:00,2026-02-20 15:04:00,5039.29,5038.21,SL,-1.44,1,0.4136499033286959,ml_scalp1,2026-02
1462128,long,2026-02-22 23:17:00,2026-02-22 23:18:00,2026-02-22 23:19:00,5141.559,5142.559,TP,0.64,1,0.40060774083543244,ml_scalp1,2026-02
1462171,long,2026-02-23 00:00:00,2026-02-23 00:01:00,2026-02-23 00:02:00,5147.024,5148.024,TP,0.64,1,0.4315548703675504,ml_scalp1,2026-02
1462183,long,2026-02-23 00:12:00,2026-02-23 00:13:00,2026-02-23 00:14:00,5140.713,5139.633,SL,-1.44,1,0.4062178513360843,ml_scalp1,2026-02
1462196,long,2026-02-23 00:25:00,2026-02-23 00:26:00,2026-02-23 00:27:00,5140.155,5141.155,TP,0.64,1,0.40052235458076507,ml_scalp1,2026-02
1462210,long,2026-02-23 00:39:00,2026-02-23 00:40:00,2026-02-23 00:41:00,5144.111,5143.031,SL,-1.44,1,0.41139206172279247,ml_scalp1,2026-02
1462231,long,2026-02-23 01:00:00,2026-02-23 01:01:00,2026-02-23 01:02:00,5142.048,5143.048,TP,0.64,1,0.39964364781576267,ml_scalp1,2026-02
1462286,long,2026-02-23 01:55:00,2026-02-23 01:56:00,2026-02-23 01:57:00,5156.53,5157.53,TP,0.76,1,0.41046417240119043,ml_scalp1,2026-02
1462300,long,2026-02-23 02:09:00,2026-02-23 02:10:00,2026-02-23 02:11:00,5165.382,5164.302,SL,-1.44,1,0.40205633242054234,ml_scalp1,2026-02
1462312,long,2026-02-23 02:21:00,2026-02-23 02:22:00,2026-02-23 02:23:00,5159.079,5158.3589999999995,SL,-0.96,1,0.40199192250485194,ml_scalp1,2026-02
1462341,long,2026-02-23 02:50:00,2026-02-23 02:51:00,2026-02-23 02:52:00,5166.732,5167.732,TP,0.76,1,0.39958562930680397,ml_scalp1,2026-02
1462360,long,2026-02-23 03:09:00,2026-02-23 03:10:00,2026-02-23 03:11:00,5164.921,5163.841,SL,-1.44,1,0.415280511901361,ml_scalp1,2026-02
1462415,long,2026-02-23 04:04:00,2026-02-23 04:05:00,2026-02-23 04:07:00,5163.094,5162.014,SL,-1.44,2,0.4102031322073234,ml_scalp1,2026-02
1462428,long,2026-02-23 04:17:00,2026-02-23 04:18:00,2026-02-23 04:19:00,5162.343,5163.343,TP,0.64,1,0.40698477747934125,ml_scalp1,2026-02
1462453,long,2026-02-23 04:42:00,2026-02-23 04:43:00,2026-02-23 04:44:00,5159.999,5159.2789999999995,SL,-0.96,1,0.40379534982916854,ml_scalp1,2026-02
1462535,long,2026-02-23 06:04:00,2026-02-23 06:05:00,2026-02-23 06:06:00,5159.501,5160.501,TP,0.64,1,0.40044975477773637,ml_scalp1,2026-02
1462600,short,2026-02-23 07:09:00,2026-02-23 07:10:00,2026-02-23 07:11:00,5151.006,5150.006,TP,0.64,1,0.354822196649934,ml_scalp1,2026-02
1462613,short,2026-02-23 07:22:00,2026-02-23 07:23:00,2026-02-23 07:24:00,5142.389,5141.389,TP,0.64,1,0.354841955589677,ml_scalp1,2026-02
1462626,long,2026-02-23 07:35:00,2026-02-23 07:36:00,2026-02-23 07:37:00,5127.933,5126.853,SL,-1.44,1,0.4164277562342291,ml_scalp1,2026-02
1462655,short,2026-02-23 08:04:00,2026-02-23 08:05:00,2026-02-23 08:06:00,5134.174,5135.254,SL,-1.44,1,0.3543509325260174,ml_scalp1,2026-02
1462681,long,2026-02-23 08:30:00,2026-02-23 08:31:00,2026-02-23 08:32:00,5124.33,5125.33,TP,0.64,1,0.40939778014866623,ml_scalp1,2026-02
1462697,short,2026-02-23 08:46:00,2026-02-23 08:47:00,2026-02-23 08:48:00,5134.293,5133.293,TP,0.64,1,0.354148425745393,ml_scalp1,2026-02
1462918,long,2026-02-23 12:27:00,2026-02-23 12:28:00,2026-02-23 12:29:00,5148.366,5147.646,SL,-0.96,1,0.39980055112878027,ml_scalp1,2026-02
1462996,short,2026-02-23 13:45:00,2026-02-23 13:46:00,2026-02-23 13:47:00,5148.264,5149.344,SL,-1.44,1,0.3540940712764115,ml_scalp1,2026-02
1463057,short,2026-02-23 14:46:00,2026-02-23 14:47:00,2026-02-23 14:48:00,5192.115,5193.195,SL,-1.44,1,0.3540921291584026,ml_scalp1,2026-02
1463069,long,2026-02-23 14:58:00,2026-02-23 14:59:00,2026-02-23 15:00:00,5188.929,5189.929,TP,0.64,1,0.4045752095288115,ml_scalp1,2026-02
1463082,long,2026-02-23 15:11:00,2026-02-23 15:12:00,2026-02-23 15:13:00,5189.97,5188.89,SL,-1.44,1,0.40503129335975024,ml_scalp1,2026-02
1463095,short,2026-02-23 15:24:00,2026-02-23 15:25:00,2026-02-23 15:26:00,5194.149,5195.229,SL,-1.44,1,0.35542448431929763,ml_scalp1,2026-02
1463107,long,2026-02-23 15:36:00,2026-02-23 15:37:00,2026-02-23 15:38:00,5190.635,5191.635,TP,0.64,1,0.40432615063000116,ml_scalp1,2026-02
1463119,short,2026-02-23 15:48:00,2026-02-23 15:49:00,2026-02-23 15:50:00,5202.266,5203.346,SL,-1.44,1,0.3551362610924325,ml_scalp1,2026-02
1463134,long,2026-02-23 16:03:00,2026-02-23 16:04:00,2026-02-23 16:05:00,5181.691,5180.611,SL,-1.44,1,0.4163542150825878,ml_scalp1,2026-02
1463146,short,2026-02-23 16:15:00,2026-02-23 16:16:00,2026-02-23 16:17:00,5203.157,5204.237,SL,-1.44,1,0.35538145473282357,ml_scalp1,2026-02
1463158,short,2026-02-23 16:27:00,2026-02-23 16:28:00,2026-02-23 16:29:00,5217.404,5216.404,TP,0.64,1,0.35548942854683413,ml_scalp1,2026-02
1463170,long,2026-02-23 16:39:00,2026-02-23 16:40:00,2026-02-23 16:41:00,5210.45,5209.37,SL,-1.44,1,0.40625954306620926,ml_scalp1,2026-02
1463182,short,2026-02-23 16:51:00,2026-02-23 16:52:00,2026-02-23 16:53:00,5211.524,5212.604,SL,-1.44,1,0.3556561302020402,ml_scalp1,2026-02
1463194,long,2026-02-23 17:03:00,2026-02-23 17:04:00,2026-02-23 17:05:00,5210.123,5211.123,TP,0.64,1,0.40159951320660503,ml_scalp1,2026-02
1463206,long,2026-02-23 17:15:00,2026-02-23 17:16:00,2026-02-23 17:17:00,5206.981,5207.981,TP,0.64,1,0.40122667871834533,ml_scalp1,2026-02
1463218,short,2026-02-23 17:27:00,2026-02-23 17:28:00,2026-02-23 17:29:00,5211.249,5210.249,TP,0.64,1,0.35539063124599574,ml_scalp1,2026-02
1463230,long,2026-02-23 17:39:00,2026-02-23 17:40:00,2026-02-23 17:41:00,5196.689,5197.689,TP,0.64,1,0.40674074285534995,ml_scalp1,2026-02
1463242,short,2026-02-23 17:51:00,2026-02-23 17:52:00,2026-02-23 17:53:00,5203.767,5204.847,SL,-1.44,1,0.3550175534753086,ml_scalp1,2026-02
1463254,short,2026-02-23 18:03:00,2026-02-23 18:04:00,2026-02-23 18:05:00,5209.726,5210.806,SL,-1.44,1,0.3549744642841897,ml_scalp1,2026-02
1463268,long,2026-02-23 18:17:00,2026-02-23 18:18:00,2026-02-23 18:19:00,5207.768,5208.768,TP,0.64,1,0.40741658147977644,ml_scalp1,2026-02
1463280,long,2026-02-23 18:29:00,2026-02-23 18:30:00,2026-02-23 18:31:00,5205.89,5206.89,TP,0.64,1,0.39996583770087984,ml_scalp1,2026-02
1463495,long,2026-02-23 23:06:00,2026-02-23 23:07:00,2026-02-23 23:08:00,5242.769,5241.269,SL,-2.0,1,0.400898331889882,ml_scalp1,2026-02
1463512,long,2026-02-23 23:23:00,2026-02-23 23:24:00,2026-02-23 23:25:00,5241.525,5240.445,SL,-1.44,1,0.400417949368841,ml_scalp1,2026-02
1463525,long,2026-02-23 23:36:00,2026-02-23 23:37:00,2026-02-23 23:38:00,5239.852,5240.852,TP,0.5,1,0.41626223259693446,ml_scalp1,2026-02
1463540,long,2026-02-23 23:51:00,2026-02-23 23:52:00,2026-02-23 23:53:00,5238.905,5237.825,SL,-1.44,1,0.4041531413562938,ml_scalp1,2026-02
1463552,long,2026-02-24 00:03:00,2026-02-24 00:04:00,2026-02-24 00:05:00,5220.432,5221.432,TP,0.64,1,0.40584446612070657,ml_scalp1,2026-02
1463576,long,2026-02-24 00:27:00,2026-02-24 00:28:00,2026-02-24 00:29:00,5229.297,5228.217,SL,-1.44,1,0.40994602297113,ml_scalp1,2026-02
1463588,long,2026-02-24 00:39:00,2026-02-24 00:40:00,2026-02-24 00:41:00,5227.493,5226.4130000000005,SL,-1.44,1,0.40194330860634075,ml_scalp1,2026-02
1463609,long,2026-02-24 01:00:00,2026-02-24 01:01:00,2026-02-24 01:02:00,5214.629,5213.549,SL,-1.44,1,0.40523674987171043,ml_scalp1,2026-02
1463621,long,2026-02-24 01:12:00,2026-02-24 01:13:00,2026-02-24 01:14:00,5192.859,5191.779,SL,-1.44,1,0.4442612079473148,ml_scalp1,2026-02
1463633,long,2026-02-24 01:24:00,2026-02-24 01:25:00,2026-02-24 01:26:00,5150.942,5149.862,SL,-1.44,1,0.42438844964096945,ml_scalp1,2026-02
1463646,long,2026-02-24 01:37:00,2026-02-24 01:38:00,2026-02-24 01:39:00,5173.998,5172.918,SL,-1.44,1,0.40384990734373877,ml_scalp1,2026-02
1463658,long,2026-02-24 01:49:00,2026-02-24 01:50:00,2026-02-24 01:51:00,5178.733,5177.653,SL,-1.44,1,0.4073360394535548,ml_scalp1,2026-02
1463670,long,2026-02-24 02:01:00,2026-02-24 02:02:00,2026-02-24 02:03:00,5179.534,5178.454,SL,-1.44,1,0.4109835956040615,ml_scalp1,2026-02
1463682,long,2026-02-24 02:13:00,2026-02-24 02:14:00,2026-02-24 02:15:00,5172.717,5171.637,SL,-1.44,1,0.4106109017889059,ml_scalp1,2026-02
1463697,long,2026-02-24 02:28:00,2026-02-24 02:29:00,2026-02-24 02:30:00,5172.25,5173.25,TP,0.64,1,0.3996528893439752,ml_scalp1,2026-02
1463709,long,2026-02-24 02:40:00,2026-02-24 02:41:00,2026-02-24 02:42:00,5184.972,5183.892,SL,-1.44,1,0.40054574534603615,ml_scalp1,2026-02
1463790,long,2026-02-24 04:01:00,2026-02-24 04:02:00,2026-02-24 04:03:00,5163.979,5163.259,SL,-0.96,1,0.40093534632642996,ml_scalp1,2026-02
1463903,long,2026-02-24 05:54:00,2026-02-24 05:55:00,2026-02-24 05:56:00,5180.606,5179.8859999999995,SL,-0.96,1,0.40337591526157757,ml_scalp1,2026-02
1463917,long,2026-02-24 06:08:00,2026-02-24 06:09:00,2026-02-24 06:10:00,5181.974,5182.974,TP,0.76,1,0.3995281126647401,ml_scalp1,2026-02
1463944,long,2026-02-24 06:35:00,2026-02-24 06:36:00,2026-02-24 06:37:00,5160.543,5159.463,SL,-1.44,1,0.41435620177714516,ml_scalp1,2026-02
1463957,short,2026-02-24 06:48:00,2026-02-24 06:49:00,2026-02-24 06:50:00,5173.786,5172.786,TP,0.64,1,0.3548802515739452,ml_scalp1,2026-02
1463972,short,2026-02-24 07:03:00,2026-02-24 07:04:00,2026-02-24 07:05:00,5170.32,5171.4,SL,-1.44,1,0.354148425745393,ml_scalp1,2026-02
1463992,short,2026-02-24 07:23:00,2026-02-24 07:24:00,2026-02-24 07:25:00,5176.03,5175.03,TP,0.64,1,0.35490001548074196,ml_scalp1,2026-02
1464004,short,2026-02-24 07:35:00,2026-02-24 07:36:00,2026-02-24 07:37:00,5181.68,5180.68,TP,0.64,1,0.3548802515739452,ml_scalp1,2026-02
1464019,short,2026-02-24 07:50:00,2026-02-24 07:51:00,2026-02-24 07:52:00,5177.278,5178.358,SL,-1.44,1,0.3542064011965445,ml_scalp1,2026-02
1464050,short,2026-02-24 08:21:00,2026-02-24 08:22:00,2026-02-24 08:23:00,5166.171,5167.251,SL,-1.44,1,0.3542064011965445,ml_scalp1,2026-02
1464064,short,2026-02-24 08:35:00,2026-02-24 08:36:00,2026-02-24 08:37:00,5179.331,5178.331,TP,0.64,1,0.3543011924499523,ml_scalp1,2026-02
1464076,short,2026-02-24 08:47:00,2026-02-24 08:48:00,2026-02-24 08:49:00,5173.122,5174.202,SL,-1.44,1,0.35418666709207014,ml_scalp1,2026-02
1464187,long,2026-02-24 10:38:00,2026-02-24 10:39:00,2026-02-24 10:40:00,5166.097,5167.097,TP,0.64,1,0.4000656453138236,ml_scalp1,2026-02
1464199,short,2026-02-24 10:50:00,2026-02-24 10:51:00,2026-02-24 10:52:00,5170.155,5171.235,SL,-1.44,1,0.3542064011965445,ml_scalp1,2026-02
1464287,long,2026-02-24 12:18:00,2026-02-24 12:19:00,2026-02-24 12:20:00,5154.048,5153.3279999999995,SL,-0.96,1,0.40497559285327817,ml_scalp1,2026-02
1464368,long,2026-02-24 13:39:00,2026-02-24 13:40:00,2026-02-24 13:41:00,5138.638,5139.638,TP,0.76,1,0.41893885851288243,ml_scalp1,2026-02
1464388,long,2026-02-24 13:59:00,2026-02-24 14:00:00,2026-02-24 14:01:00,5115.058,5116.058,TP,0.76,1,0.40535040689295604,ml_scalp1,2026-02
1464402,long,2026-02-24 14:13:00,2026-02-24 14:14:00,2026-02-24 14:15:00,5098.476,5099.476,TP,0.76,1,0.4220744815615114,ml_scalp1,2026-02
1464846,long,2026-02-24 21:37:00,2026-02-24 21:38:00,2026-02-24 21:39:00,5146.556,5147.556,TP,0.76,1,0.4043411590566808,ml_scalp1,2026-02
1464867,long,2026-02-24 23:03:00,2026-02-24 23:04:00,2026-02-24 23:05:00,5135.751,5136.751,TP,0.5,1,0.4536877676115039,ml_scalp1,2026-02
1464880,long,2026-02-24 23:16:00,2026-02-24 23:17:00,2026-02-24 23:18:00,5134.626,5133.546,SL,-1.44,1,0.40081197286867853,ml_scalp1,2026-02
1464892,long,2026-02-24 23:28:00,2026-02-24 23:29:00,2026-02-24 23:30:00,5128.936,5129.936,TP,0.64,1,0.4055704878391072,ml_scalp1,2026-02
1464936,long,2026-02-25 00:12:00,2026-02-25 00:13:00,2026-02-25 00:14:00,5138.816,5139.816,TP,0.64,1,0.4088620588815082,ml_scalp1,2026-02
1464970,long,2026-02-25 00:46:00,2026-02-25 00:47:00,2026-02-25 00:48:00,5142.703,5143.703,TP,0.64,1,0.4068222520781687,ml_scalp1,2026-02
1465008,long,2026-02-25 01:24:00,2026-02-25 01:25:00,2026-02-25 01:26:00,5178.699,5179.699,TP,0.64,1,0.4118556871620597,ml_scalp1,2026-02
1465045,long,2026-02-25 02:01:00,2026-02-25 02:02:00,2026-02-25 02:03:00,5181.451,5180.371,SL,-1.44,1,0.401128557812233,ml_scalp1,2026-02
1465073,long,2026-02-25 02:29:00,2026-02-25 02:30:00,2026-02-25 02:31:00,5189.753,5188.673,SL,-1.44,1,0.4047401118039049,ml_scalp1,2026-02
1465280,long,2026-02-25 05:56:00,2026-02-25 05:57:00,2026-02-25 05:58:00,5204.409,5203.329,SL,-1.44,1,0.40338549171068,ml_scalp1,2026-02
1465292,short,2026-02-25 06:08:00,2026-02-25 06:09:00,2026-02-25 06:10:00,5184.808,5185.888,SL,-1.44,1,0.3547688852622361,ml_scalp1,2026-02
1465304,short,2026-02-25 06:20:00,2026-02-25 06:21:00,2026-02-25 06:23:00,5194.288,5193.288,TP,0.64,2,0.35481044460080574,ml_scalp1,2026-02
1465317,short,2026-02-25 06:33:00,2026-02-25 06:34:00,2026-02-25 06:35:00,5192.254,5191.254,TP,0.64,1,0.3544089278453838,ml_scalp1,2026-02
1465480,short,2026-02-25 09:16:00,2026-02-25 09:17:00,2026-02-25 09:18:00,5183.714,5184.794,SL,-1.44,1,0.35418666709207014,ml_scalp1,2026-02
1465493,short,2026-02-25 09:29:00,2026-02-25 09:30:00,2026-02-25 09:31:00,5186.739,5185.739,TP,0.64,1,0.3542064011965445,ml_scalp1,2026-02
1465541,short,2026-02-25 10:17:00,2026-02-25 10:18:00,2026-02-25 10:19:00,5179.502,5178.502,TP,0.64,1,0.3541478098307303,ml_scalp1,2026-02
1465553,short,2026-02-25 10:29:00,2026-02-25 10:30:00,2026-02-25 10:31:00,5175.223,5174.223,TP,0.64,1,0.35414732305946467,ml_scalp1,2026-02
1465565,short,2026-02-25 10:41:00,2026-02-25 10:42:00,2026-02-25 10:43:00,5178.78,5179.86,SL,-1.44,1,0.35490001548074196,ml_scalp1,2026-02
1465577,short,2026-02-25 10:53:00,2026-02-25 10:54:00,2026-02-25 10:55:00,5173.154,5174.234,SL,-1.44,1,0.354148425745393,ml_scalp1,2026-02
1465594,long,2026-02-25 11:10:00,2026-02-25 11:11:00,2026-02-25 11:12:00,5165.216,5164.136,SL,-1.44,1,0.4027339779496381,ml_scalp1,2026-02
1465606,short,2026-02-25 11:22:00,2026-02-25 11:23:00,2026-02-25 11:24:00,5162.977,5164.057,SL,-1.44,1,0.354822196649934,ml_scalp1,2026-02
1465619,short,2026-02-25 11:35:00,2026-02-25 11:36:00,2026-02-25 11:37:00,5169.032,5170.112,SL,-1.44,1,0.35504480509700886,ml_scalp1,2026-02
1465746,short,2026-02-25 13:42:00,2026-02-25 13:43:00,2026-02-25 13:44:00,5189.219,5188.219,TP,0.64,1,0.3542064011965445,ml_scalp1,2026-02
1465759,short,2026-02-25 13:55:00,2026-02-25 13:56:00,2026-02-25 13:57:00,5188.037,5187.037,TP,0.64,1,0.35418666709207014,ml_scalp1,2026-02
1465772,short,2026-02-25 14:08:00,2026-02-25 14:09:00,2026-02-25 14:10:00,5189.942,5188.942,TP,0.64,1,0.3542064011965445,ml_scalp1,2026-02
1465790,short,2026-02-25 14:26:00,2026-02-25 14:27:00,2026-02-25 14:28:00,5181.707,5180.707,TP,0.64,1,0.35418666709207014,ml_scalp1,2026-02
1465803,long,2026-02-25 14:39:00,2026-02-25 14:40:00,2026-02-25 14:41:00,5160.124,5161.124,TP,0.64,1,0.4079839291876026,ml_scalp1,2026-02
1465816,short,2026-02-25 14:52:00,2026-02-25 14:53:00,2026-02-25 14:54:00,5188.088,5187.088,TP,0.64,1,0.3553578860628686,ml_scalp1,2026-02
1465828,short,2026-02-25 15:04:00,2026-02-25 15:05:00,2026-02-25 15:06:00,5198.503,5199.583,SL,-1.44,1,0.3552433259356103,ml_scalp1,2026-02
1465844,long,2026-02-25 15:20:00,2026-02-25 15:21:00,2026-02-25 15:22:00,5188.864,5187.784,SL,-1.44,1,0.4050512898465408,ml_scalp1,2026-02
1465856,short,2026-02-25 15:32:00,2026-02-25 15:33:00,2026-02-25 15:34:00,5179.064,5180.144,SL,-1.44,1,0.3553776698378803,ml_scalp1,2026-02
1465869,short,2026-02-25 15:45:00,2026-02-25 15:46:00,2026-02-25 15:47:00,5187.465,5188.545,SL,-1.44,1,0.35523579091509994,ml_scalp1,2026-02
1465881,short,2026-02-25 15:57:00,2026-02-25 15:58:00,2026-02-25 15:59:00,5195.14,5194.14,TP,0.64,1,0.35515124172648604,ml_scalp1,2026-02
1465895,short,2026-02-25 16:11:00,2026-02-25 16:12:00,2026-02-25 16:13:00,5194.949,5193.949,TP,0.64,1,0.35484309304498146,ml_scalp1,2026-02
1465911,short,2026-02-25 16:27:00,2026-02-25 16:28:00,2026-02-25 16:29:00,5202.81,5201.81,TP,0.64,1,0.354823840744719,ml_scalp1,2026-02
1465923,short,2026-02-25 16:39:00,2026-02-25 16:40:00,2026-02-25 16:41:00,5203.546,5204.626,SL,-1.44,1,0.3540921291584026,ml_scalp1,2026-02
1465935,short,2026-02-25 16:51:00,2026-02-25 16:52:00,2026-02-25 16:53:00,5209.122,5210.202,SL,-1.44,1,0.3542657574886333,ml_scalp1,2026-02
1465947,short,2026-02-25 17:03:00,2026-02-25 17:04:00,2026-02-25 17:05:00,5210.022,5209.022,TP,0.64,1,0.3540921291584026,ml_scalp1,2026-02
1465959,short,2026-02-25 17:15:00,2026-02-25 17:16:00,2026-02-25 17:17:00,5213.095,5212.095,TP,0.64,1,0.3540921291584026,ml_scalp1,2026-02
1465971,short,2026-02-25 17:27:00,2026-02-25 17:28:00,2026-02-25 17:29:00,5214.417,5213.417,TP,0.64,1,0.3540921291584026,ml_scalp1,2026-02
1465989,long,2026-02-25 17:45:00,2026-02-25 17:46:00,2026-02-25 17:47:00,5205.377,5206.377,TP,0.64,1,0.4148228924970069,ml_scalp1,2026-02
1466005,short,2026-02-25 18:01:00,2026-02-25 18:02:00,2026-02-25 18:32:00,5207.108,5207.186,TIMEOUT,-0.4379999999995198,30,0.35419548361244313,ml_scalp1,2026-02
1466046,long,2026-02-25 18:42:00,2026-02-25 18:43:00,2026-02-25 18:49:00,5205.166,5202.286,SL,-3.84,6,0.41341838824569965,ml_scalp1,2026-02
1466063,long,2026-02-25 18:59:00,2026-02-25 19:00:00,2026-02-25 19:01:00,5202.305,5200.685,SL,-2.16,1,0.40135520308622985,ml_scalp1,2026-02
1466089,long,2026-02-25 19:25:00,2026-02-25 19:26:00,2026-02-25 19:27:00,5195.612,5193.992,SL,-2.16,1,0.4069281610979104,ml_scalp1,2026-02
1466140,long,2026-02-25 20:16:00,2026-02-25 20:17:00,2026-02-25 20:18:00,5185.842,5184.762,SL,-1.44,1,0.4123211967535591,ml_scalp1,2026-02
1466169,long,2026-02-25 20:45:00,2026-02-25 20:46:00,2026-02-25 20:47:00,5172.812,5171.732,SL,-1.44,1,0.4145128780650256,ml_scalp1,2026-02
1466181,long,2026-02-25 20:57:00,2026-02-25 20:58:00,2026-02-25 20:59:00,5164.032,5162.952,SL,-1.44,1,0.42715629326930793,ml_scalp1,2026-02
1467172,long,2026-02-26 14:30:00,2026-02-26 14:31:00,2026-02-26 14:32:00,5145.618,5146.618,TP,0.76,1,0.42251260257990203,ml_scalp1,2026-02
1467229,long,2026-02-26 15:27:00,2026-02-26 15:28:00,2026-02-26 15:29:00,5132.797,5133.797,TP,0.76,1,0.4242298615155462,ml_scalp1,2026-02
1467245,short,2026-02-26 15:43:00,2026-02-26 15:44:00,2026-02-26 15:45:00,5173.03,5174.11,SL,-1.44,1,0.3553776698378803,ml_scalp1,2026-02
1467257,short,2026-02-26 15:55:00,2026-02-26 15:56:00,2026-02-26 15:57:00,5191.092,5190.092,TP,0.64,1,0.3554938442576013,ml_scalp1,2026-02
1467325,short,2026-02-26 17:03:00,2026-02-26 17:04:00,2026-02-26 17:05:00,5180.446,5181.526,SL,-1.44,1,0.35445634830735634,ml_scalp1,2026-02
1467337,long,2026-02-26 17:15:00,2026-02-26 17:16:00,2026-02-26 17:17:00,5178.705,5177.625,SL,-1.44,1,0.4088961044678551,ml_scalp1,2026-02
1467349,short,2026-02-26 17:27:00,2026-02-26 17:28:00,2026-02-26 17:29:00,5176.349,5175.349,TP,0.64,1,0.35445634830735634,ml_scalp1,2026-02
1467361,short,2026-02-26 17:39:00,2026-02-26 17:40:00,2026-02-26 17:41:00,5174.138,5175.218,SL,-1.44,1,0.3546420167758317,ml_scalp1,2026-02
1467417,short,2026-02-26 18:35:00,2026-02-26 18:36:00,2026-02-26 18:37:00,5168.693,5169.773,SL,-1.44,1,0.3541679164642345,ml_scalp1,2026-02
1467429,short,2026-02-26 18:47:00,2026-02-26 18:48:00,2026-02-26 18:49:00,5182.36,5183.44,SL,-1.44,1,0.3544094668893101,ml_scalp1,2026-02
1467441,short,2026-02-26 18:59:00,2026-02-26 19:00:00,2026-02-26 19:01:00,5180.518,5181.598,SL,-1.44,1,0.3541507082251789,ml_scalp1,2026-02
1467621,long,2026-02-26 23:02:00,2026-02-26 23:03:00,2026-02-26 23:04:00,5179.935,5180.935,TP,0.64,1,0.40292522137295117,ml_scalp1,2026-02
1467716,long,2026-02-27 00:37:00,2026-02-27 00:38:00,2026-02-27 00:39:00,5175.66,5174.58,SL,-1.44,1,0.4005271268676275,ml_scalp1,2026-02
1467746,long,2026-02-27 01:07:00,2026-02-27 01:08:00,2026-02-27 01:09:00,5169.035,5170.035,TP,0.64,1,0.4012018380298511,ml_scalp1,2026-02
1467777,long,2026-02-27 01:38:00,2026-02-27 01:39:00,2026-02-27 01:40:00,5188.11,5189.11,TP,0.64,1,0.4043037547027171,ml_scalp1,2026-02
1468120,short,2026-02-27 07:21:00,2026-02-27 07:22:00,2026-02-27 07:24:00,5181.43,5182.51,SL,-1.44,2,0.35418666709207014,ml_scalp1,2026-02
1468135,short,2026-02-27 07:36:00,2026-02-27 07:37:00,2026-02-27 07:38:00,5180.704,5181.784,SL,-1.44,1,0.3542064011965445,ml_scalp1,2026-02
1468267,long,2026-02-27 09:48:00,2026-02-27 09:49:00,2026-02-27 09:50:00,5177.03,5175.95,SL,-1.44,1,0.39965306640297815,ml_scalp1,2026-02
1468294,short,2026-02-27 10:15:00,2026-02-27 10:16:00,2026-02-27 10:17:00,5174.59,5175.67,SL,-1.44,1,0.3543509325260174,ml_scalp1,2026-02
1468310,short,2026-02-27 10:31:00,2026-02-27 10:32:00,2026-02-27 10:33:00,5175.208,5174.208,TP,0.64,1,0.3543509325260174,ml_scalp1,2026-02
1468331,long,2026-02-27 10:52:00,2026-02-27 10:53:00,2026-02-27 10:54:00,5177.351,5176.271,SL,-1.44,1,0.39970742159523587,ml_scalp1,2026-02
1468467,short,2026-02-27 13:08:00,2026-02-27 13:09:00,2026-02-27 13:10:00,5212.972,5211.972,TP,0.64,1,0.3540921291584026,ml_scalp1,2026-02
1468479,short,2026-02-27 13:20:00,2026-02-27 13:21:00,2026-02-27 13:22:00,5225.486,5226.566,SL,-1.44,1,0.355263109710622,ml_scalp1,2026-02
1468491,short,2026-02-27 13:32:00,2026-02-27 13:33:00,2026-02-27 13:34:00,5230.508,5229.508,TP,0.64,1,0.3552433259356103,ml_scalp1,2026-02
1468503,long,2026-02-27 13:44:00,2026-02-27 13:45:00,2026-02-27 13:46:00,5216.767,5215.687,SL,-1.44,1,0.40341597159961873,ml_scalp1,2026-02
1468515,short,2026-02-27 13:56:00,2026-02-27 13:57:00,2026-02-27 13:58:00,5220.876,5221.956,SL,-1.44,1,0.35526665618698616,ml_scalp1,2026-02
1468527,long,2026-02-27 14:08:00,2026-02-27 14:09:00,2026-02-27 14:10:00,5221.75,5220.67,SL,-1.44,1,0.40842953695055323,ml_scalp1,2026-02
1468539,long,2026-02-27 14:20:00,2026-02-27 14:21:00,2026-02-27 14:22:00,5228.808,5229.808,TP,0.64,1,0.4048644308164937,ml_scalp1,2026-02
1468551,short,2026-02-27 14:32:00,2026-02-27 14:33:00,2026-02-27 14:34:00,5232.841,5231.841,TP,0.64,1,0.35526665618698616,ml_scalp1,2026-02
1468563,long,2026-02-27 14:44:00,2026-02-27 14:45:00,2026-02-27 14:46:00,5225.105,5224.025,SL,-1.44,1,0.40878090801609746,ml_scalp1,2026-02
1468575,long,2026-02-27 14:56:00,2026-02-27 14:57:00,2026-02-27 14:58:00,5225.676,5224.5960000000005,SL,-1.44,1,0.4093337719921465,ml_scalp1,2026-02
1468587,long,2026-02-27 15:08:00,2026-02-27 15:09:00,2026-02-27 15:10:00,5235.166,5234.086,SL,-1.44,1,0.4042024456446568,ml_scalp1,2026-02
1468599,long,2026-02-27 15:20:00,2026-02-27 15:21:00,2026-02-27 15:22:00,5223.281,5222.201,SL,-1.44,1,0.41953395287602147,ml_scalp1,2026-02
1468611,long,2026-02-27 15:32:00,2026-02-27 15:33:00,2026-02-27 15:34:00,5230.807,5229.727,SL,-1.44,1,0.40810174364382223,ml_scalp1,2026-02
1468624,long,2026-02-27 15:45:00,2026-02-27 15:46:00,2026-02-27 15:47:00,5231.082,5230.002,SL,-1.44,1,0.4146194231061777,ml_scalp1,2026-02
1468636,short,2026-02-27 15:57:00,2026-02-27 15:58:00,2026-02-27 15:59:00,5244.958,5243.958,TP,0.64,1,0.3551362610924325,ml_scalp1,2026-02
1468648,long,2026-02-27 16:09:00,2026-02-27 16:10:00,2026-02-27 16:11:00,5243.956,5244.956,TP,0.64,1,0.4020315289619307,ml_scalp1,2026-02
1468660,long,2026-02-27 16:21:00,2026-02-27 16:22:00,2026-02-27 16:23:00,5242.813,5241.733,SL,-1.44,1,0.4133676282053427,ml_scalp1,2026-02
1468672,long,2026-02-27 16:33:00,2026-02-27 16:34:00,2026-02-27 16:35:00,5232.275,5231.195,SL,-1.44,1,0.4099602714132638,ml_scalp1,2026-02
1468684,short,2026-02-27 16:45:00,2026-02-27 16:46:00,2026-02-27 16:47:00,5236.349,5235.349,TP,0.64,1,0.35564944218278743,ml_scalp1,2026-02
1468696,short,2026-02-27 16:57:00,2026-02-27 16:58:00,2026-02-27 16:59:00,5232.421,5231.421,TP,0.64,1,0.35534357101401504,ml_scalp1,2026-02
1468708,short,2026-02-27 17:09:00,2026-02-27 17:10:00,2026-02-27 17:11:00,5233.14,5232.14,TP,0.64,1,0.3553739644157968,ml_scalp1,2026-02
1468720,short,2026-02-27 17:21:00,2026-02-27 17:22:00,2026-02-27 17:23:00,5228.807,5227.807,TP,0.64,1,0.3549652179950725,ml_scalp1,2026-02
1468732,short,2026-02-27 17:33:00,2026-02-27 17:34:00,2026-02-27 17:35:00,5225.732,5226.812,SL,-1.44,1,0.35516884993196346,ml_scalp1,2026-02
1468744,short,2026-02-27 17:45:00,2026-02-27 17:46:00,2026-02-27 17:47:00,5235.62,5234.62,TP,0.64,1,0.35503351758600094,ml_scalp1,2026-02
1468756,short,2026-02-27 17:57:00,2026-02-27 17:58:00,2026-02-27 17:59:00,5233.602,5234.682,SL,-1.44,1,0.35498481798909615,ml_scalp1,2026-02
1468768,short,2026-02-27 18:09:00,2026-02-27 18:10:00,2026-02-27 18:11:00,5235.046,5234.046,TP,0.64,1,0.3542347034687054,ml_scalp1,2026-02
1468784,long,2026-02-27 18:25:00,2026-02-27 18:26:00,2026-02-27 18:27:00,5225.331,5224.251,SL,-1.44,1,0.4008114137459178,ml_scalp1,2026-02
1469051,long,2026-03-02 00:01:00,2026-03-02 00:02:00,2026-03-02 00:03:00,5375.568,5374.488,SL,-1.44,1,0.4041941487735073,ml_scalp1,2026-03
1469066,long,2026-03-02 00:16:00,2026-03-02 00:17:00,2026-03-02 00:18:00,5366.817,5365.737,SL,-1.44,1,0.408213451292824,ml_scalp1,2026-03
1469078,long,2026-03-02 00:28:00,2026-03-02 00:29:00,2026-03-02 00:30:00,5362.871,5363.871,TP,0.64,1,0.4043001427206323,ml_scalp1,2026-03
1469093,long,2026-03-02 00:43:00,2026-03-02 00:44:00,2026-03-02 00:45:00,5363.618,5362.5380000000005,SL,-1.44,1,0.4043665488734949,ml_scalp1,2026-03
1469105,long,2026-03-02 00:55:00,2026-03-02 00:56:00,2026-03-02 00:57:00,5345.868,5346.868,TP,0.64,1,0.4167735609355752,ml_scalp1,2026-03
1469117,long,2026-03-02 01:07:00,2026-03-02 01:08:00,2026-03-02 01:09:00,5327.309,5328.309,TP,0.64,1,0.40592774657994646,ml_scalp1,2026-03
1469129,long,2026-03-02 01:19:00,2026-03-02 01:20:00,2026-03-02 01:21:00,5332.758,5331.678,SL,-1.44,1,0.40585190871292304,ml_scalp1,2026-03
1469141,long,2026-03-02 01:31:00,2026-03-02 01:32:00,2026-03-02 01:33:00,5313.71,5314.71,TP,0.64,1,0.4084449167218711,ml_scalp1,2026-03
1469165,long,2026-03-02 01:55:00,2026-03-02 01:56:00,2026-03-02 01:57:00,5334.665,5333.585,SL,-1.44,1,0.4070404624488926,ml_scalp1,2026-03
1469178,long,2026-03-02 02:08:00,2026-03-02 02:09:00,2026-03-02 02:10:00,5323.836,5324.836,TP,0.64,1,0.4050020536470155,ml_scalp1,2026-03
1469197,long,2026-03-02 02:27:00,2026-03-02 02:28:00,2026-03-02 02:29:00,5326.942,5327.942,TP,0.64,1,0.40582950728278555,ml_scalp1,2026-03
1469478,short,2026-03-02 07:08:00,2026-03-02 07:09:00,2026-03-02 07:10:00,5393.324,5394.824,SL,-2.0,1,0.3551100745258846,ml_scalp1,2026-03
1469502,short,2026-03-02 07:32:00,2026-03-02 07:33:00,2026-03-02 07:34:00,5409.53,5408.53,TP,0.5,1,0.3550329560496527,ml_scalp1,2026-03
1469573,long,2026-03-02 08:43:00,2026-03-02 08:44:00,2026-03-02 08:45:00,5398.461,5399.461,TP,0.64,1,0.41533694079487,ml_scalp1,2026-03
1469585,long,2026-03-02 08:55:00,2026-03-02 08:56:00,2026-03-02 08:57:00,5396.278,5395.198,SL,-1.44,1,0.40479591388665664,ml_scalp1,2026-03
1469608,long,2026-03-02 09:18:00,2026-03-02 09:19:00,2026-03-02 09:20:00,5394.326,5393.246,SL,-1.44,1,0.4037041938319303,ml_scalp1,2026-03
1469635,long,2026-03-02 09:45:00,2026-03-02 09:46:00,2026-03-02 09:47:00,5392.194,5391.1140000000005,SL,-1.44,1,0.41826497474687596,ml_scalp1,2026-03
1469648,long,2026-03-02 09:58:00,2026-03-02 09:59:00,2026-03-02 10:00:00,5391.115,5390.035,SL,-1.44,1,0.4040433391870325,ml_scalp1,2026-03
1469721,long,2026-03-02 11:11:00,2026-03-02 11:12:00,2026-03-02 11:13:00,5386.124,5385.044,SL,-1.44,1,0.40553976234285116,ml_scalp1,2026-03
1469737,long,2026-03-02 11:27:00,2026-03-02 11:28:00,2026-03-02 11:29:00,5391.841,5390.761,SL,-1.44,1,0.40683419224824646,ml_scalp1,2026-03
1469755,long,2026-03-02 11:45:00,2026-03-02 11:46:00,2026-03-02 11:47:00,5376.512,5377.512,TP,0.64,1,0.44083385158686544,ml_scalp1,2026-03
1469767,short,2026-03-02 11:57:00,2026-03-02 11:58:00,2026-03-02 11:59:00,5383.961,5385.041,SL,-1.44,1,0.3541647001562633,ml_scalp1,2026-03
1469869,short,2026-03-02 13:39:00,2026-03-02 13:40:00,2026-03-02 13:41:00,5399.576,5400.656,SL,-1.44,1,0.3544337902921556,ml_scalp1,2026-03
1469882,short,2026-03-02 13:52:00,2026-03-02 13:53:00,2026-03-02 13:54:00,5395.052,5394.052,TP,0.64,1,0.354361489858043,ml_scalp1,2026-03
1469896,short,2026-03-02 14:06:00,2026-03-02 14:07:00,2026-03-02 14:08:00,5386.561,5385.561,TP,0.64,1,0.3543188924052435,ml_scalp1,2026-03
1469908,long,2026-03-02 14:18:00,2026-03-02 14:19:00,2026-03-02 14:20:00,5365.571,5364.491,SL,-1.44,1,0.4086673437286173,ml_scalp1,2026-03
1469923,long,2026-03-02 14:33:00,2026-03-02 14:34:00,2026-03-02 14:35:00,5308.56,5309.56,TP,0.64,1,0.41938986957679475,ml_scalp1,2026-03
1469935,long,2026-03-02 14:45:00,2026-03-02 14:46:00,2026-03-02 14:47:00,5339.851,5338.771,SL,-1.44,1,0.40913525205358625,ml_scalp1,2026-03
1469967,long,2026-03-02 15:17:00,2026-03-02 15:18:00,2026-03-02 15:19:00,5322.097,5321.017,SL,-1.44,1,0.4038579588402905,ml_scalp1,2026-03
1469996,long,2026-03-02 15:46:00,2026-03-02 15:47:00,2026-03-02 15:48:00,5326.431,5327.431,TP,0.64,1,0.41419697307520964,ml_scalp1,2026-03
1470008,long,2026-03-02 15:58:00,2026-03-02 15:59:00,2026-03-02 16:00:00,5311.925,5310.845,SL,-1.44,1,0.40972692367419394,ml_scalp1,2026-03
1470024,short,2026-03-02 16:14:00,2026-03-02 16:15:00,2026-03-02 16:16:00,5300.739,5299.739,TP,0.64,1,0.35416177952866934,ml_scalp1,2026-03
1470036,short,2026-03-02 16:26:00,2026-03-02 16:27:00,2026-03-02 16:28:00,5308.27,5309.35,SL,-1.44,1,0.35416177952866934,ml_scalp1,2026-03
1470053,short,2026-03-02 16:43:00,2026-03-02 16:44:00,2026-03-02 16:45:00,5300.959,5302.039,SL,-1.44,1,0.35416177952866934,ml_scalp1,2026-03
1470066,short,2026-03-02 16:56:00,2026-03-02 16:57:00,2026-03-02 16:58:00,5298.486,5297.486,TP,0.64,1,0.35416177952866934,ml_scalp1,2026-03
1470340,long,2026-03-02 21:30:00,2026-03-02 21:31:00,2026-03-02 21:32:00,5327.55,5326.47,SL,-1.44,1,0.4104732681776301,ml_scalp1,2026-03
1470356,long,2026-03-02 21:46:00,2026-03-02 21:47:00,2026-03-02 21:48:00,5325.18,5324.1,SL,-1.44,1,0.4117619031100821,ml_scalp1,2026-03
1470376,long,2026-03-02 23:08:00,2026-03-02 23:09:00,2026-03-02 23:10:00,5337.986,5336.486,SL,-2.0,1,0.40612500965269216,ml_scalp1,2026-03
1470544,long,2026-03-03 01:56:00,2026-03-03 01:57:00,2026-03-03 01:58:00,5343.238,5342.158,SL,-1.44,1,0.4091820279409371,ml_scalp1,2026-03
1470776,long,2026-03-03 05:48:00,2026-03-03 05:49:00,2026-03-03 05:50:00,5328.142,5327.062,SL,-1.44,1,0.4160460273835923,ml_scalp1,2026-03
1470796,long,2026-03-03 06:08:00,2026-03-03 06:09:00,2026-03-03 06:10:00,5306.939,5307.939,TP,0.64,1,0.4353010747352179,ml_scalp1,2026-03
1470993,long,2026-03-03 09:25:00,2026-03-03 09:26:00,2026-03-03 09:27:00,5247.842,5246.762,SL,-1.44,1,0.4242269712781805,ml_scalp1,2026-03
1471013,short,2026-03-03 09:45:00,2026-03-03 09:46:00,2026-03-03 09:47:00,5263.113,5264.193,SL,-1.44,1,0.35416254942199765,ml_scalp1,2026-03
1471045,short,2026-03-03 10:17:00,2026-03-03 10:18:00,2026-03-03 10:19:00,5270.711,5271.791,SL,-1.44,1,0.35419518793206595,ml_scalp1,2026-03
1471086,long,2026-03-03 10:58:00,2026-03-03 10:59:00,2026-03-03 11:00:00,5242.196,5243.196,TP,0.64,1,0.4051563774080217,ml_scalp1,2026-03
1471102,short,2026-03-03 11:14:00,2026-03-03 11:15:00,2026-03-03 11:16:00,5198.844,5197.844,TP,0.64,1,0.3542842223701992,ml_scalp1,2026-03
1471116,long,2026-03-03 11:28:00,2026-03-03 11:29:00,2026-03-03 11:30:00,5152.315,5151.235,SL,-1.44,1,0.4208223875844338,ml_scalp1,2026-03
1471128,short,2026-03-03 11:40:00,2026-03-03 11:41:00,2026-03-03 11:42:00,5131.074,5130.074,TP,0.64,1,0.35439405882935904,ml_scalp1,2026-03
1471141,short,2026-03-03 11:53:00,2026-03-03 11:54:00,2026-03-03 11:55:00,5147.945,5149.025,SL,-1.44,1,0.35443261310042123,ml_scalp1,2026-03
1471156,short,2026-03-03 12:08:00,2026-03-03 12:09:00,2026-03-03 12:10:00,5175.663,5176.7429999999995,SL,-1.44,1,0.3543227617401002,ml_scalp1,2026-03
1471169,short,2026-03-03 12:21:00,2026-03-03 12:22:00,2026-03-03 12:23:00,5187.952,5189.032,SL,-1.44,1,0.3543227617401002,ml_scalp1,2026-03
1471182,short,2026-03-03 12:34:00,2026-03-03 12:35:00,2026-03-03 12:36:00,5199.092,5198.092,TP,0.64,1,0.35426347995381735,ml_scalp1,2026-03
1471201,short,2026-03-03 12:53:00,2026-03-03 12:54:00,2026-03-03 12:55:00,5202.851,5203.931,SL,-1.44,1,0.35416254942199765,ml_scalp1,2026-03
1471222,short,2026-03-03 13:14:00,2026-03-03 13:15:00,2026-03-03 13:16:00,5164.039,5165.119,SL,-1.44,1,0.3542454445817191,ml_scalp1,2026-03
1471235,short,2026-03-03 13:27:00,2026-03-03 13:28:00,2026-03-03 13:29:00,5169.312,5170.392,SL,-1.44,1,0.35422181134006564,ml_scalp1,2026-03
1471255,short,2026-03-03 13:47:00,2026-03-03 13:48:00,2026-03-03 13:49:00,5132.585,5133.305,SL,-0.96,1,0.35419501905223905,ml_scalp1,2026-03
1471268,short,2026-03-03 14:00:00,2026-03-03 14:01:00,2026-03-03 14:02:00,5158.729,5159.809,SL,-1.44,1,0.35422181134006564,ml_scalp1,2026-03
1471281,short,2026-03-03 14:13:00,2026-03-03 14:14:00,2026-03-03 14:15:00,5169.807,5168.807,TP,0.64,1,0.35422181134006564,ml_scalp1,2026-03
1471296,short,2026-03-03 14:28:00,2026-03-03 14:29:00,2026-03-03 14:30:00,5140.168,5140.888,SL,-0.96,1,0.35423900231302957,ml_scalp1,2026-03
1471315,short,2026-03-03 14:47:00,2026-03-03 14:48:00,2026-03-03 14:49:00,5067.256,5068.336,SL,-1.44,1,0.3542930885611095,ml_scalp1,2026-03
1471336,short,2026-03-03 15:08:00,2026-03-03 15:09:00,2026-03-03 15:10:00,5050.674,5051.754,SL,-1.44,1,0.3542930885611095,ml_scalp1,2026-03
1471351,short,2026-03-03 15:23:00,2026-03-03 15:24:00,2026-03-03 15:25:00,5038.118,5038.838000000001,SL,-0.96,1,0.3541768545367438,ml_scalp1,2026-03
1471367,short,2026-03-03 15:39:00,2026-03-03 15:40:00,2026-03-03 15:41:00,5067.227,5067.947,SL,-0.96,1,0.35430157228888254,ml_scalp1,2026-03
1471387,short,2026-03-03 15:59:00,2026-03-03 16:00:00,2026-03-03 16:01:00,5095.229,5095.9490000000005,SL,-0.96,1,0.3544849757808564,ml_scalp1,2026-03
1471452,short,2026-03-03 17:04:00,2026-03-03 17:05:00,2026-03-03 17:06:00,5086.961,5087.6810000000005,SL,-0.96,1,0.3541292105573533,ml_scalp1,2026-03
1472670,short,2026-03-04 14:25:00,2026-03-04 14:26:00,2026-03-04 14:27:00,5164.413,5165.4929999999995,SL,-1.44,1,0.35441999181689005,ml_scalp1,2026-03
1472682,short,2026-03-04 14:37:00,2026-03-04 14:38:00,2026-03-04 14:39:00,5177.728,5176.728,TP,0.64,1,0.35463606363373096,ml_scalp1,2026-03
1472694,long,2026-03-04 14:49:00,2026-03-04 14:50:00,2026-03-04 14:51:00,5155.496,5154.416,SL,-1.44,1,0.4064185961784641,ml_scalp1,2026-03
1472706,short,2026-03-04 15:01:00,2026-03-04 15:02:00,2026-03-04 15:03:00,5161.619,5160.619,TP,0.64,1,0.35445334364249814,ml_scalp1,2026-03
1472718,long,2026-03-04 15:13:00,2026-03-04 15:14:00,2026-03-04 15:15:00,5139.892,5138.812,SL,-1.44,1,0.40973042729291975,ml_scalp1,2026-03
1472730,short,2026-03-04 15:25:00,2026-03-04 15:26:00,2026-03-04 15:27:00,5150.473,5151.553,SL,-1.44,1,0.3543968155566562,ml_scalp1,2026-03
1472742,short,2026-03-04 15:37:00,2026-03-04 15:38:00,2026-03-04 15:39:00,5158.396,5157.396,TP,0.64,1,0.35476821705282907,ml_scalp1,2026-03
1472757,short,2026-03-04 15:52:00,2026-03-04 15:53:00,2026-03-04 15:54:00,5146.711,5147.791,SL,-1.44,1,0.3545356248277543,ml_scalp1,2026-03
1472773,short,2026-03-04 16:08:00,2026-03-04 16:09:00,2026-03-04 16:10:00,5151.357,5150.357,TP,0.64,1,0.35441999181689005,ml_scalp1,2026-03
1472786,long,2026-03-04 16:21:00,2026-03-04 16:22:00,2026-03-04 16:23:00,5146.601,5145.521,SL,-1.44,1,0.4081203589277165,ml_scalp1,2026-03
1472798,short,2026-03-04 16:33:00,2026-03-04 16:34:00,2026-03-04 16:35:00,5148.829,5149.909,SL,-1.44,1,0.35530265216610013,ml_scalp1,2026-03
1472848,long,2026-03-04 17:23:00,2026-03-04 17:24:00,2026-03-04 17:25:00,5124.64,5125.64,TP,0.64,1,0.4083543652206626,ml_scalp1,2026-03
1472895,long,2026-03-04 18:10:00,2026-03-04 18:11:00,2026-03-04 18:12:00,5122.47,5121.39,SL,-1.44,1,0.4066952091018112,ml_scalp1,2026-03
1472925,long,2026-03-04 18:40:00,2026-03-04 18:41:00,2026-03-04 18:42:00,5111.224,5112.224,TP,0.64,1,0.41520885081067027,ml_scalp1,2026-03
1473551,long,2026-03-05 06:08:00,2026-03-05 06:09:00,2026-03-05 06:10:00,5141.347,5140.267,SL,-1.44,1,0.4055784572330637,ml_scalp1,2026-03
1473983,long,2026-03-05 13:20:00,2026-03-05 13:21:00,2026-03-05 13:22:00,5117.051,5115.9710000000005,SL,-1.44,1,0.4100705246824917,ml_scalp1,2026-03
1473998,short,2026-03-05 13:35:00,2026-03-05 13:36:00,2026-03-05 13:37:00,5128.182,5129.262,SL,-1.44,1,0.35416177952866934,ml_scalp1,2026-03
1474020,short,2026-03-05 13:57:00,2026-03-05 13:58:00,2026-03-05 13:59:00,5115.306,5116.026,SL,-0.96,1,0.35416177952866934,ml_scalp1,2026-03
1474036,short,2026-03-05 14:13:00,2026-03-05 14:14:00,2026-03-05 14:15:00,5117.638,5116.638,TP,0.76,1,0.35416177952866934,ml_scalp1,2026-03
1474049,short,2026-03-05 14:26:00,2026-03-05 14:27:00,2026-03-05 14:28:00,5114.833,5115.553,SL,-0.96,1,0.35416177952866934,ml_scalp1,2026-03
1474068,short,2026-03-05 14:45:00,2026-03-05 14:46:00,2026-03-05 14:47:00,5099.656,5100.736,SL,-1.44,1,0.35416177952866934,ml_scalp1,2026-03
1474087,long,2026-03-05 15:04:00,2026-03-05 15:05:00,2026-03-05 15:06:00,5096.579,5095.499,SL,-1.44,1,0.4070905033330413,ml_scalp1,2026-03
1474099,short,2026-03-05 15:16:00,2026-03-05 15:17:00,2026-03-05 15:18:00,5086.525,5087.605,SL,-1.44,1,0.35426347995381735,ml_scalp1,2026-03
1474127,short,2026-03-05 15:44:00,2026-03-05 15:45:00,2026-03-05 15:46:00,5080.224,5080.944,SL,-0.96,1,0.35426347995381735,ml_scalp1,2026-03
1474141,short,2026-03-05 15:58:00,2026-03-05 15:59:00,2026-03-05 16:00:00,5097.068,5097.7880000000005,SL,-0.96,1,0.35416177952866934,ml_scalp1,2026-03
1474157,short,2026-03-05 16:14:00,2026-03-05 16:15:00,2026-03-05 16:16:00,5082.732,5081.732,TP,0.76,1,0.3541708692369976,ml_scalp1,2026-03
1474176,short,2026-03-05 16:33:00,2026-03-05 16:34:00,2026-03-05 16:35:00,5064.833,5063.833,TP,0.64,1,0.35426347995381735,ml_scalp1,2026-03
1474189,short,2026-03-05 16:46:00,2026-03-05 16:47:00,2026-03-05 16:48:00,5075.345,5076.0650000000005,SL,-0.96,1,0.35426347995381735,ml_scalp1,2026-03
1474211,short,2026-03-05 17:08:00,2026-03-05 17:09:00,2026-03-05 17:10:00,5084.371,5085.091,SL,-0.96,1,0.3541486218033352,ml_scalp1,2026-03
1474479,long,2026-03-05 21:36:00,2026-03-05 21:37:00,2026-03-05 21:38:00,5076.773,5075.693,SL,-1.44,1,0.4100709643618934,ml_scalp1,2026-03
1474491,long,2026-03-05 21:48:00,2026-03-05 21:49:00,2026-03-05 21:50:00,5076.861,5077.861,TP,0.64,1,0.41204136795891244,ml_scalp1,2026-03
1474512,long,2026-03-05 23:16:00,2026-03-05 23:17:00,2026-03-05 23:18:00,5084.992,5085.992,TP,0.5,1,0.4051087425320675,ml_scalp1,2026-03
1474556,long,2026-03-06 00:00:00,2026-03-06 00:01:00,2026-03-06 00:02:00,5079.415,5080.415,TP,0.64,1,0.4088672689555116,ml_scalp1,2026-03
1474598,long,2026-03-06 00:42:00,2026-03-06 00:43:00,2026-03-06 00:44:00,5079.542,5078.462,SL,-1.44,1,0.4121698684157468,ml_scalp1,2026-03
1474616,long,2026-03-06 01:00:00,2026-03-06 01:01:00,2026-03-06 01:02:00,5075.118,5074.0380000000005,SL,-1.44,1,0.4051451431629054,ml_scalp1,2026-03
1474767,long,2026-03-06 03:31:00,2026-03-06 03:32:00,2026-03-06 03:33:00,5136.538,5135.458,SL,-1.44,1,0.40681094897329256,ml_scalp1,2026-03
1474779,long,2026-03-06 03:43:00,2026-03-06 03:44:00,2026-03-06 03:45:00,5131.056,5132.056,TP,0.64,1,0.4145480550115841,ml_scalp1,2026-03
1474792,long,2026-03-06 03:56:00,2026-03-06 03:57:00,2026-03-06 03:58:00,5131.373,5130.293,SL,-1.44,1,0.40924993086676476,ml_scalp1,2026-03
1474804,long,2026-03-06 04:08:00,2026-03-06 04:09:00,2026-03-06 04:10:00,5132.336,5133.336,TP,0.64,1,0.4094221170413154,ml_scalp1,2026-03
1474822,long,2026-03-06 04:26:00,2026-03-06 04:27:00,2026-03-06 04:28:00,5128.054,5129.054,TP,0.64,1,0.4050136463641151,ml_scalp1,2026-03
1474961,long,2026-03-06 06:45:00,2026-03-06 06:46:00,2026-03-06 06:47:00,5120.028,5121.028,TP,0.64,1,0.4041755127408869,ml_scalp1,2026-03
1475271,long,2026-03-06 11:55:00,2026-03-06 11:56:00,2026-03-06 11:57:00,5069.126,5068.046,SL,-1.44,1,0.42652893034105754,ml_scalp1,2026-03
1475365,short,2026-03-06 13:29:00,2026-03-06 13:30:00,2026-03-06 13:31:00,5082.989,5083.709,SL,-0.96,1,0.35420906091313736,ml_scalp1,2026-03
1475396,short,2026-03-06 14:00:00,2026-03-06 14:01:00,2026-03-06 14:02:00,5087.448,5088.528,SL,-1.44,1,0.3543239339647808,ml_scalp1,2026-03
1475413,short,2026-03-06 14:17:00,2026-03-06 14:18:00,2026-03-06 14:19:00,5091.804,5092.884,SL,-1.44,1,0.3543239339647808,ml_scalp1,2026-03
1475428,short,2026-03-06 14:32:00,2026-03-06 14:33:00,2026-03-06 14:34:00,5107.288,5108.3679999999995,SL,-1.44,1,0.35424677575211905,ml_scalp1,2026-03
1475442,short,2026-03-06 14:46:00,2026-03-06 14:47:00,2026-03-06 14:48:00,5096.942,5095.942,TP,0.64,1,0.3544249042330303,ml_scalp1,2026-03
1475506,long,2026-03-06 15:50:00,2026-03-06 15:51:00,2026-03-06 15:52:00,5140.625,5139.545,SL,-1.44,1,0.41103478162575685,ml_scalp1,2026-03
1475555,long,2026-03-06 16:39:00,2026-03-06 16:40:00,2026-03-06 16:41:00,5130.373,5131.373,TP,0.64,1,0.4049383668788572,ml_scalp1,2026-03
1475568,long,2026-03-06 16:52:00,2026-03-06 16:53:00,2026-03-06 16:54:00,5146.211,5145.131,SL,-1.44,1,0.40410104719054424,ml_scalp1,2026-03
1475876,long,2026-03-08 22:05:00,2026-03-08 22:06:00,2026-03-08 22:07:00,5156.217,5154.717,SL,-2.0,1,0.41232389587222107,ml_scalp1,2026-03
1475912,long,2026-03-08 22:41:00,2026-03-08 22:42:00,2026-03-08 22:43:00,5115.447,5113.947,SL,-2.0,1,0.43714036680010177,ml_scalp1,2026-03
1475941,long,2026-03-08 23:10:00,2026-03-08 23:11:00,2026-03-08 23:12:00,5094.911,5095.911,TP,0.64,1,0.43238770198925147,ml_scalp1,2026-03
1475966,long,2026-03-08 23:35:00,2026-03-08 23:36:00,2026-03-08 23:37:00,5084.197,5083.117,SL,-1.44,1,0.421567476919269,ml_scalp1,2026-03
1476002,long,2026-03-09 00:11:00,2026-03-09 00:12:00,2026-03-09 00:13:00,5045.271,5044.191,SL,-1.44,1,0.4065123131400827,ml_scalp1,2026-03
1476051,long,2026-03-09 01:00:00,2026-03-09 01:01:00,2026-03-09 01:02:00,5019.598,5020.598,TP,0.64,1,0.4152373612832686,ml_scalp1,2026-03
1476820,short,2026-03-09 13:49:00,2026-03-09 13:50:00,2026-03-09 13:51:00,5081.406,5082.486,SL,-1.44,1,0.35420906091313736,ml_scalp1,2026-03
1476864,short,2026-03-09 14:33:00,2026-03-09 14:34:00,2026-03-09 14:35:00,5089.338,5088.338,TP,0.64,1,0.35420906091313736,ml_scalp1,2026-03
1476878,short,2026-03-09 14:47:00,2026-03-09 14:48:00,2026-03-09 14:49:00,5104.914,5103.914,TP,0.64,1,0.35417047187269907,ml_scalp1,2026-03
1476894,short,2026-03-09 15:03:00,2026-03-09 15:04:00,2026-03-09 15:05:00,5086.829,5085.829,TP,0.64,1,0.35417047187269907,ml_scalp1,2026-03
1476906,short,2026-03-09 15:15:00,2026-03-09 15:16:00,2026-03-09 15:17:00,5091.303,5090.303,TP,0.64,1,0.35417047187269907,ml_scalp1,2026-03
1477251,long,2026-03-09 22:02:00,2026-03-09 22:03:00,2026-03-09 22:04:00,5132.679,5131.179,SL,-2.0,1,0.4109398605540084,ml_scalp1,2026-03
1478006,long,2026-03-10 10:37:00,2026-03-10 10:38:00,2026-03-10 10:39:00,5158.878,5157.798,SL,-1.44,1,0.42535640458119583,ml_scalp1,2026-03
1478179,long,2026-03-10 13:30:00,2026-03-10 13:31:00,2026-03-10 13:32:00,5214.861,5215.861,TP,0.64,1,0.4081608763789734,ml_scalp1,2026-03
1478194,long,2026-03-10 13:45:00,2026-03-10 13:46:00,2026-03-10 13:47:00,5202.869,5201.789,SL,-1.44,1,0.40409276967066166,ml_scalp1,2026-03
1478216,long,2026-03-10 14:07:00,2026-03-10 14:08:00,2026-03-10 14:09:00,5188.685,5189.685,TP,0.64,1,0.40715884879824527,ml_scalp1,2026-03
1478449,long,2026-03-10 18:00:00,2026-03-10 18:01:00,2026-03-10 18:02:00,5224.412,5223.332,SL,-1.44,1,0.4082056667215787,ml_scalp1,2026-03
1478463,long,2026-03-10 18:14:00,2026-03-10 18:15:00,2026-03-10 18:16:00,5216.052,5214.972,SL,-1.44,1,0.41958015293264617,ml_scalp1,2026-03
1478509,long,2026-03-10 19:00:00,2026-03-10 19:01:00,2026-03-10 19:02:00,5184.579,5185.579,TP,0.64,1,0.422038375094868,ml_scalp1,2026-03
1478775,long,2026-03-11 00:29:00,2026-03-11 00:30:00,2026-03-11 00:31:00,5212.582,5211.502,SL,-1.44,1,0.4043191634213342,ml_scalp1,2026-03
1479117,long,2026-03-11 06:11:00,2026-03-11 06:12:00,2026-03-11 06:13:00,5203.847,5204.847,TP,0.64,1,0.4086450703961769,ml_scalp1,2026-03
1479252,long,2026-03-11 08:26:00,2026-03-11 08:27:00,2026-03-11 08:28:00,5182.508,5183.508,TP,0.64,1,0.4044013649546038,ml_scalp1,2026-03
1479508,short,2026-03-11 12:42:00,2026-03-11 12:43:00,2026-03-11 12:44:00,5178.831,5179.911,SL,-1.44,1,0.3543239339647808,ml_scalp1,2026-03
1479539,short,2026-03-11 13:13:00,2026-03-11 13:14:00,2026-03-11 13:15:00,5179.989,5178.989,TP,0.64,1,0.3543239339647808,ml_scalp1,2026-03
1479571,long,2026-03-11 13:45:00,2026-03-11 13:46:00,2026-03-11 13:47:00,5161.838,5162.838,TP,0.64,1,0.40929788134496004,ml_scalp1,2026-03
1479585,short,2026-03-11 13:59:00,2026-03-11 14:00:00,2026-03-11 14:01:00,5176.554,5177.634,SL,-1.44,1,0.3543239339647808,ml_scalp1,2026-03
1479600,short,2026-03-11 14:14:00,2026-03-11 14:15:00,2026-03-11 14:16:00,5189.738,5188.738,TP,0.64,1,0.3543239339647808,ml_scalp1,2026-03
1479612,short,2026-03-11 14:26:00,2026-03-11 14:27:00,2026-03-11 14:28:00,5188.349,5189.429,SL,-1.44,1,0.3542313083467998,ml_scalp1,2026-03
1479625,short,2026-03-11 14:39:00,2026-03-11 14:40:00,2026-03-11 14:41:00,5185.816,5184.816,TP,0.64,1,0.35420906091313736,ml_scalp1,2026-03
1479639,short,2026-03-11 14:53:00,2026-03-11 14:54:00,2026-03-11 14:55:00,5188.506,5189.586,SL,-1.44,1,0.3542313083467998,ml_scalp1,2026-03
1479652,short,2026-03-11 15:06:00,2026-03-11 15:07:00,2026-03-11 15:08:00,5180.762,5179.762,TP,0.64,1,0.35420906091313736,ml_scalp1,2026-03
1479670,short,2026-03-11 15:24:00,2026-03-11 15:25:00,2026-03-11 15:26:00,5178.079,5179.159,SL,-1.44,1,0.35420906091313736,ml_scalp1,2026-03
1479684,short,2026-03-11 15:38:00,2026-03-11 15:39:00,2026-03-11 15:40:00,5172.306,5171.306,TP,0.64,1,0.35420906091313736,ml_scalp1,2026-03
1479696,short,2026-03-11 15:50:00,2026-03-11 15:51:00,2026-03-11 15:52:00,5170.434,5171.514,SL,-1.44,1,0.35417047187269907,ml_scalp1,2026-03
1479714,short,2026-03-11 16:08:00,2026-03-11 16:09:00,2026-03-11 16:10:00,5165.036,5166.116,SL,-1.44,1,0.35417047187269907,ml_scalp1,2026-03
1480046,long,2026-03-11 22:44:00,2026-03-11 22:45:00,2026-03-11 22:46:00,5158.923,5159.923,TP,0.64,1,0.4060936583165701,ml_scalp1,2026-03
1480058,long,2026-03-11 22:56:00,2026-03-11 22:57:00,2026-03-11 22:58:00,5136.814,5135.734,SL,-1.44,1,0.430391907154517,ml_scalp1,2026-03
1480107,long,2026-03-11 23:45:00,2026-03-11 23:46:00,2026-03-11 23:47:00,5142.708,5141.628,SL,-1.44,1,0.41205224491052284,ml_scalp1,2026-03
1480122,long,2026-03-12 00:00:00,2026-03-12 00:01:00,2026-03-12 00:02:00,5128.297,5127.217,SL,-1.44,1,0.41200432984418883,ml_scalp1,2026-03
1480293,long,2026-03-12 02:51:00,2026-03-12 02:52:00,2026-03-12 02:53:00,5146.558,5147.558,TP,0.64,1,0.4054146404878348,ml_scalp1,2026-03
1480400,long,2026-03-12 04:38:00,2026-03-12 04:39:00,2026-03-12 04:40:00,5147.903,5146.823,SL,-1.44,1,0.40534669102168874,ml_scalp1,2026-03
1480447,long,2026-03-12 05:25:00,2026-03-12 05:26:00,2026-03-12 05:27:00,5138.096,5139.096,TP,0.64,1,0.40477097460290856,ml_scalp1,2026-03
1480522,long,2026-03-12 06:40:00,2026-03-12 06:41:00,2026-03-12 06:42:00,5165.599,5166.599,TP,0.64,1,0.4099343065710271,ml_scalp1,2026-03
1480547,long,2026-03-12 07:05:00,2026-03-12 07:06:00,2026-03-12 07:08:00,5167.101,5166.021,SL,-1.44,2,0.4069153604688584,ml_scalp1,2026-03
1480560,long,2026-03-12 07:18:00,2026-03-12 07:19:00,2026-03-12 07:20:00,5166.969,5165.889,SL,-1.44,1,0.41099712785517883,ml_scalp1,2026-03
1480871,short,2026-03-12 12:29:00,2026-03-12 12:30:00,2026-03-12 12:31:00,5171.989,5173.0689999999995,SL,-1.44,1,0.35417047187269907,ml_scalp1,2026-03
1480907,short,2026-03-12 13:05:00,2026-03-12 13:06:00,2026-03-12 13:08:00,5180.274,5181.354,SL,-1.44,2,0.35417047187269907,ml_scalp1,2026-03
1480955,long,2026-03-12 13:53:00,2026-03-12 13:54:00,2026-03-12 13:55:00,5149.155,5148.075,SL,-1.44,1,0.40919526870010825,ml_scalp1,2026-03
1480995,long,2026-03-12 14:33:00,2026-03-12 14:34:00,2026-03-12 14:35:00,5144.67,5145.67,TP,0.64,1,0.41699786247635195,ml_scalp1,2026-03
1481022,long,2026-03-12 15:00:00,2026-03-12 15:01:00,2026-03-12 15:02:00,5138.232,5137.152,SL,-1.44,1,0.413375409068152,ml_scalp1,2026-03
1481034,long,2026-03-12 15:12:00,2026-03-12 15:13:00,2026-03-12 15:14:00,5116.315,5117.315,TP,0.64,1,0.4081982681637429,ml_scalp1,2026-03
1481047,short,2026-03-12 15:25:00,2026-03-12 15:26:00,2026-03-12 15:27:00,5129.722,5130.802,SL,-1.44,1,0.35416177952866934,ml_scalp1,2026-03
1481060,short,2026-03-12 15:38:00,2026-03-12 15:39:00,2026-03-12 15:40:00,5123.829,5124.909,SL,-1.44,1,0.35426347995381735,ml_scalp1,2026-03
1481094,short,2026-03-12 16:12:00,2026-03-12 16:13:00,2026-03-12 16:14:00,5123.647,5124.727,SL,-1.44,1,0.3541486218033352,ml_scalp1,2026-03
1481159,short,2026-03-12 17:17:00,2026-03-12 17:18:00,2026-03-12 17:19:00,5117.13,5118.21,SL,-1.44,1,0.3541486218033352,ml_scalp1,2026-03
1481251,long,2026-03-12 18:49:00,2026-03-12 18:50:00,2026-03-12 18:51:00,5092.513,5093.513,TP,0.64,1,0.40432192426438296,ml_scalp1,2026-03
1481264,long,2026-03-12 19:02:00,2026-03-12 19:03:00,2026-03-12 19:04:00,5085.874,5086.874,TP,0.64,1,0.42358897458410405,ml_scalp1,2026-03
1481342,long,2026-03-12 20:20:00,2026-03-12 20:21:00,2026-03-12 20:22:00,5079.407,5078.327,SL,-1.44,1,0.40616946867920567,ml_scalp1,2026-03
1481810,long,2026-03-13 05:11:00,2026-03-13 05:12:00,2026-03-13 05:13:00,5107.362,5108.362,TP,0.64,1,0.41859160276912477,ml_scalp1,2026-03
1481822,long,2026-03-13 05:23:00,2026-03-13 05:24:00,2026-03-13 05:25:00,5108.234,5109.234,TP,0.64,1,0.4062732139252001,ml_scalp1,2026-03
1481835,long,2026-03-13 05:36:00,2026-03-13 05:37:00,2026-03-13 05:38:00,5108.179,5107.099,SL,-1.44,1,0.4040024589913639,ml_scalp1,2026-03
1481935,long,2026-03-13 07:16:00,2026-03-13 07:17:00,2026-03-13 07:18:00,5083.701,5082.621,SL,-1.44,1,0.4076368257984285,ml_scalp1,2026-03
1481981,long,2026-03-13 08:02:00,2026-03-13 08:03:00,2026-03-13 08:04:00,5074.98,5073.9,SL,-1.44,1,0.4056398770590184,ml_scalp1,2026-03
1482000,long,2026-03-13 08:21:00,2026-03-13 08:22:00,2026-03-13 08:23:00,5064.527,5065.527,TP,0.76,1,0.4211313937581562,ml_scalp1,2026-03
1482313,short,2026-03-13 13:34:00,2026-03-13 13:35:00,2026-03-13 13:36:00,5102.083,5101.083,TP,0.64,1,0.35417047187269907,ml_scalp1,2026-03
1482330,short,2026-03-13 13:51:00,2026-03-13 13:52:00,2026-03-13 13:53:00,5108.163,5109.2429999999995,SL,-1.44,1,0.3541701887506364,ml_scalp1,2026-03
1482348,short,2026-03-13 14:09:00,2026-03-13 14:10:00,2026-03-13 14:11:00,5100.467,5099.467,TP,0.64,1,0.35420906091313736,ml_scalp1,2026-03
1482360,short,2026-03-13 14:21:00,2026-03-13 14:22:00,2026-03-13 14:23:00,5090.13,5089.13,TP,0.64,1,0.35420906091313736,ml_scalp1,2026-03
1482373,short,2026-03-13 14:34:00,2026-03-13 14:35:00,2026-03-13 14:36:00,5089.992,5088.992,TP,0.64,1,0.3542313083467998,ml_scalp1,2026-03
1482388,short,2026-03-13 14:49:00,2026-03-13 14:50:00,2026-03-13 14:51:00,5077.888,5076.888,TP,0.64,1,0.3541691705046215,ml_scalp1,2026-03
1482412,short,2026-03-13 15:13:00,2026-03-13 15:14:00,2026-03-13 15:15:00,5069.872,5068.872,TP,0.64,1,0.3543239339647808,ml_scalp1,2026-03
1482425,short,2026-03-13 15:26:00,2026-03-13 15:27:00,2026-03-13 15:28:00,5059.598,5060.318,SL,-0.96,1,0.35416177952866934,ml_scalp1,2026-03
1482437,short,2026-03-13 15:38:00,2026-03-13 15:39:00,2026-03-13 15:40:00,5061.0,5060.0,TP,0.76,1,0.35416177952866934,ml_scalp1,2026-03
1482467,short,2026-03-13 16:08:00,2026-03-13 16:09:00,2026-03-13 16:10:00,5034.201,5035.281,SL,-1.44,1,0.35422494058391635,ml_scalp1,2026-03
1482480,short,2026-03-13 16:21:00,2026-03-13 16:22:00,2026-03-13 16:23:00,5034.511,5035.231000000001,SL,-0.96,1,0.35426347995381735,ml_scalp1,2026-03
1482496,short,2026-03-13 16:37:00,2026-03-13 16:38:00,2026-03-13 16:39:00,5048.924,5047.924,TP,0.76,1,0.35426347995381735,ml_scalp1,2026-03
1482508,short,2026-03-13 16:49:00,2026-03-13 16:50:00,2026-03-13 16:51:00,5043.674,5044.394,SL,-0.96,1,0.3541486218033352,ml_scalp1,2026-03
1482774,long,2026-03-15 22:18:00,2026-03-15 22:19:00,2026-03-15 22:20:00,5007.54,5006.46,SL,-1.44,1,0.41242936307053935,ml_scalp1,2026-03
1482836,long,2026-03-15 23:20:00,2026-03-15 23:21:00,2026-03-15 23:22:00,4986.442,4985.722,SL,-0.96,1,0.4254339873658441,ml_scalp1,2026-03
1482946,long,2026-03-16 01:10:00,2026-03-16 01:11:00,2026-03-16 01:12:00,5010.249,5009.169,SL,-1.44,1,0.40765239053131996,ml_scalp1,2026-03
1483255,long,2026-03-16 06:19:00,2026-03-16 06:20:00,2026-03-16 06:21:00,5033.951,5033.231,SL,-0.96,1,0.40736850926404,ml_scalp1,2026-03
1483303,short,2026-03-16 07:07:00,2026-03-16 07:08:00,2026-03-16 07:09:00,5012.276,5013.356,SL,-1.44,1,0.3546832406975943,ml_scalp1,2026-03
1483333,long,2026-03-16 07:37:00,2026-03-16 07:38:00,2026-03-16 07:39:00,4995.625,4996.625,TP,0.64,1,0.41129039277185797,ml_scalp1,2026-03
1483369,long,2026-03-16 08:13:00,2026-03-16 08:14:00,2026-03-16 08:15:00,4989.445,4988.724999999999,SL,-0.96,1,0.41131968844192807,ml_scalp1,2026-03
1483562,long,2026-03-16 11:26:00,2026-03-16 11:27:00,2026-03-16 11:28:00,5021.901,5021.181,SL,-0.96,1,0.41191351402478066,ml_scalp1,2026-03
1483589,long,2026-03-16 11:53:00,2026-03-16 11:54:00,2026-03-16 11:55:00,5000.548,4999.8279999999995,SL,-0.96,1,0.40893983113461924,ml_scalp1,2026-03
1483674,short,2026-03-16 13:18:00,2026-03-16 13:19:00,2026-03-16 13:20:00,5028.664,5027.664,TP,0.64,1,0.3543582811413326,ml_scalp1,2026-03
1483712,short,2026-03-16 13:56:00,2026-03-16 13:57:00,2026-03-16 13:58:00,5024.528,5025.608,SL,-1.44,1,0.3548836811838665,ml_scalp1,2026-03
1483731,short,2026-03-16 14:15:00,2026-03-16 14:16:00,2026-03-16 14:17:00,5026.808,5027.888,SL,-1.44,1,0.35503872279903476,ml_scalp1,2026-03
1483764,long,2026-03-16 14:48:00,2026-03-16 14:49:00,2026-03-16 14:50:00,4992.274,4993.274,TP,0.76,1,0.4138838180766273,ml_scalp1,2026-03
1483778,short,2026-03-16 15:02:00,2026-03-16 15:03:00,2026-03-16 15:04:00,4997.034,4997.754,SL,-0.96,1,0.35420906091313736,ml_scalp1,2026-03
1483804,long,2026-03-16 15:28:00,2026-03-16 15:29:00,2026-03-16 15:30:00,4988.286,4989.286,TP,0.76,1,0.4153871774381651,ml_scalp1,2026-03
1483862,long,2026-03-16 16:26:00,2026-03-16 16:27:00,2026-03-16 16:28:00,4982.482,4981.762,SL,-0.96,1,0.40510086007212326,ml_scalp1,2026-03
1484498,long,2026-03-17 04:04:00,2026-03-17 04:05:00,2026-03-17 04:09:00,5027.878,5028.878,TP,0.72,4,0.41781707076178176,ml_scalp1,2026-03
1484518,long,2026-03-17 04:24:00,2026-03-17 04:25:00,2026-03-17 04:26:00,5029.385,5028.545,SL,-1.12,1,0.4039366325074053,ml_scalp1,2026-03
1484591,long,2026-03-17 05:37:00,2026-03-17 05:38:00,2026-03-17 05:39:00,5035.787,5034.947,SL,-1.12,1,0.40402281499976495,ml_scalp1,2026-03
1484608,short,2026-03-17 05:54:00,2026-03-17 05:55:00,2026-03-17 05:56:00,5026.431,5025.431,TP,0.72,1,0.35440397803566037,ml_scalp1,2026-03
1484624,short,2026-03-17 06:10:00,2026-03-17 06:11:00,2026-03-17 06:12:00,5008.24,5009.08,SL,-1.12,1,0.35427482968406965,ml_scalp1,2026-03
1484636,short,2026-03-17 06:22:00,2026-03-17 06:23:00,2026-03-17 06:24:00,5013.118,5012.118,TP,0.72,1,0.3549663558530262,ml_scalp1,2026-03
1484648,short,2026-03-17 06:34:00,2026-03-17 06:35:00,2026-03-17 06:37:00,5013.631,5014.4710000000005,SL,-1.12,2,0.3545799309595137,ml_scalp1,2026-03
1484661,short,2026-03-17 06:47:00,2026-03-17 06:48:00,2026-03-17 06:49:00,5012.969,5011.969,TP,0.72,1,0.35441999181689005,ml_scalp1,2026-03
1484896,long,2026-03-17 10:42:00,2026-03-17 10:43:00,2026-03-17 10:44:00,4992.283,4993.283,TP,0.72,1,0.4104960655219818,ml_scalp1,2026-03
1485059,short,2026-03-17 13:25:00,2026-03-17 13:26:00,2026-03-17 13:27:00,5013.817,5014.657,SL,-1.12,1,0.35417047187269907,ml_scalp1,2026-03
1485080,short,2026-03-17 13:46:00,2026-03-17 13:47:00,2026-03-17 13:48:00,5025.531,5026.371,SL,-1.12,1,0.3543239339647808,ml_scalp1,2026-03
1485093,short,2026-03-17 13:59:00,2026-03-17 14:00:00,2026-03-17 14:01:00,5016.4,5017.24,SL,-1.12,1,0.3543239339647808,ml_scalp1,2026-03
1485105,short,2026-03-17 14:11:00,2026-03-17 14:12:00,2026-03-17 14:13:00,5016.396,5017.236,SL,-1.12,1,0.3542850518681723,ml_scalp1,2026-03
1485123,short,2026-03-17 14:29:00,2026-03-17 14:30:00,2026-03-17 14:31:00,5008.275,5007.275,TP,0.72,1,0.3542313083467998,ml_scalp1,2026-03
1485135,short,2026-03-17 14:41:00,2026-03-17 14:42:00,2026-03-17 14:43:00,5009.246,5010.086,SL,-1.12,1,0.35420906091313736,ml_scalp1,2026-03
1485148,short,2026-03-17 14:54:00,2026-03-17 14:55:00,2026-03-17 14:56:00,5010.688,5009.688,TP,0.72,1,0.35416378621837674,ml_scalp1,2026-03
1485164,short,2026-03-17 15:10:00,2026-03-17 15:11:00,2026-03-17 15:12:00,5011.054,5011.894,SL,-1.12,1,0.35420906091313736,ml_scalp1,2026-03
1485182,long,2026-03-17 15:28:00,2026-03-17 15:29:00,2026-03-17 15:30:00,4998.989,4998.148999999999,SL,-1.12,1,0.40831540836089875,ml_scalp1,2026-03
1485194,long,2026-03-17 15:40:00,2026-03-17 15:41:00,2026-03-17 15:42:00,4979.199,4978.3589999999995,SL,-1.12,1,0.40713410193324395,ml_scalp1,2026-03
1485209,short,2026-03-17 15:55:00,2026-03-17 15:56:00,2026-03-17 15:57:00,4995.634,4996.474,SL,-1.12,1,0.3544249042330303,ml_scalp1,2026-03
1485221,short,2026-03-17 16:07:00,2026-03-17 16:08:00,2026-03-17 16:09:00,4993.528,4994.368,SL,-1.12,1,0.3544249042330303,ml_scalp1,2026-03
1485233,short,2026-03-17 16:19:00,2026-03-17 16:20:00,2026-03-17 16:21:00,5000.597,5001.437,SL,-1.12,1,0.354310011313172,ml_scalp1,2026-03
1485246,short,2026-03-17 16:32:00,2026-03-17 16:33:00,2026-03-17 16:34:00,5003.259,5004.099,SL,-1.12,1,0.3541558289982993,ml_scalp1,2026-03
1486132,long,2026-03-18 08:21:00,2026-03-18 08:22:00,2026-03-18 08:23:00,4984.277,4985.277,TP,0.72,1,0.4061344933429514,ml_scalp1,2026-03
1486160,short,2026-03-18 08:49:00,2026-03-18 08:50:00,2026-03-18 08:52:00,4988.54,4987.54,TP,0.72,2,0.35420906091313736,ml_scalp1,2026-03
1486266,long,2026-03-18 10:35:00,2026-03-18 10:36:00,2026-03-18 10:37:00,4966.977,4967.977,TP,0.72,1,0.43351729149429025,ml_scalp1,2026-03
1486288,long,2026-03-18 10:57:00,2026-03-18 10:58:00,2026-03-18 10:59:00,4962.757,4963.757,TP,0.72,1,0.41019383050306335,ml_scalp1,2026-03
1486304,short,2026-03-18 11:13:00,2026-03-18 11:14:00,2026-03-18 11:15:00,4962.087,4962.927000000001,SL,-1.12,1,0.35422494058391635,ml_scalp1,2026-03
1486318,long,2026-03-18 11:27:00,2026-03-18 11:28:00,2026-03-18 11:29:00,4948.031,4947.191,SL,-1.12,1,0.4074167141835735,ml_scalp1,2026-03
1486349,long,2026-03-18 11:58:00,2026-03-18 11:59:00,2026-03-18 12:00:00,4926.38,4927.38,TP,0.72,1,0.4044909169532055,ml_scalp1,2026-03
1486371,short,2026-03-18 12:20:00,2026-03-18 12:21:00,2026-03-18 12:22:00,4904.573,4903.573,TP,0.8,1,0.35439405882935904,ml_scalp1,2026-03
1486387,short,2026-03-18 12:36:00,2026-03-18 12:37:00,2026-03-18 12:38:00,4887.455,4886.455,TP,0.8,1,0.35439405882935904,ml_scalp1,2026-03
1486405,short,2026-03-18 12:54:00,2026-03-18 12:55:00,2026-03-18 12:56:00,4887.022,4886.022,TP,0.8,1,0.35443261310042123,ml_scalp1,2026-03
1486417,short,2026-03-18 13:06:00,2026-03-18 13:07:00,2026-03-18 13:08:00,4860.78,4861.38,SL,-0.8,1,0.35439405882935904,ml_scalp1,2026-03
1486435,short,2026-03-18 13:24:00,2026-03-18 13:25:00,2026-03-18 13:26:00,4858.221,4858.821,SL,-0.8,1,0.35439405882935904,ml_scalp1,2026-03
1486447,short,2026-03-18 13:36:00,2026-03-18 13:37:00,2026-03-18 13:38:00,4859.252,4859.852000000001,SL,-0.8,1,0.35443261310042123,ml_scalp1,2026-03
1486460,short,2026-03-18 13:49:00,2026-03-18 13:50:00,2026-03-18 13:51:00,4871.158,4870.158,TP,0.8,1,0.35443261310042123,ml_scalp1,2026-03
1486477,short,2026-03-18 14:06:00,2026-03-18 14:07:00,2026-03-18 14:08:00,4892.483,4893.0830000000005,SL,-0.8,1,0.35443261310042123,ml_scalp1,2026-03
1486495,short,2026-03-18 14:24:00,2026-03-18 14:25:00,2026-03-18 14:26:00,4866.853,4865.853,TP,0.8,1,0.35443261310042123,ml_scalp1,2026-03
1486508,short,2026-03-18 14:37:00,2026-03-18 14:38:00,2026-03-18 14:39:00,4859.073,4859.673000000001,SL,-0.8,1,0.35443261310042123,ml_scalp1,2026-03
1486521,short,2026-03-18 14:50:00,2026-03-18 14:51:00,2026-03-18 14:52:00,4865.451,4866.051,SL,-0.8,1,0.35443261310042123,ml_scalp1,2026-03
1486533,short,2026-03-18 15:02:00,2026-03-18 15:03:00,2026-03-18 15:04:00,4868.303,4868.903,SL,-0.8,1,0.35443261310042123,ml_scalp1,2026-03
1486546,short,2026-03-18 15:15:00,2026-03-18 15:16:00,2026-03-18 15:17:00,4876.634,4877.234,SL,-0.8,1,0.35443261310042123,ml_scalp1,2026-03
1486558,short,2026-03-18 15:27:00,2026-03-18 15:28:00,2026-03-18 15:29:00,4870.341,4870.941000000001,SL,-0.8,1,0.35443261310042123,ml_scalp1,2026-03
1486580,short,2026-03-18 15:49:00,2026-03-18 15:50:00,2026-03-18 15:51:00,4863.269,4863.869000000001,SL,-0.8,1,0.3541781658389288,ml_scalp1,2026-03
1486624,short,2026-03-18 16:33:00,2026-03-18 16:34:00,2026-03-18 16:35:00,4880.649,4879.649,TP,0.8,1,0.35424890661816977,ml_scalp1,2026-03
1486641,short,2026-03-18 16:50:00,2026-03-18 16:51:00,2026-03-18 16:52:00,4881.595,4882.195000000001,SL,-0.8,1,0.3541333431460577,ml_scalp1,2026-03
1486770,long,2026-03-18 18:59:00,2026-03-18 19:00:00,2026-03-18 19:01:00,4853.007,4852.406999999999,SL,-0.8,1,0.4111678622035688,ml_scalp1,2026-03
1486812,long,2026-03-18 19:41:00,2026-03-18 19:42:00,2026-03-18 19:43:00,4847.587,4848.587,TP,0.8,1,0.4061612750069725,ml_scalp1,2026-03
1486842,long,2026-03-18 20:11:00,2026-03-18 20:12:00,2026-03-18 20:13:00,4833.328,4834.328,TP,0.8,1,0.4216706001905599,ml_scalp1,2026-03
1486858,long,2026-03-18 20:27:00,2026-03-18 20:28:00,2026-03-18 20:29:00,4819.376,4818.776,SL,-0.8,1,0.4055139745079454,ml_scalp1,2026-03
1486889,long,2026-03-18 22:00:00,2026-03-18 22:01:00,2026-03-18 22:02:00,4828.544,4829.544,TP,0.4,1,0.42060997640703157,ml_scalp1,2026-03
1486901,long,2026-03-18 22:12:00,2026-03-18 22:13:00,2026-03-18 22:14:00,4820.485,4819.405,SL,-1.44,1,0.42240725464312534,ml_scalp1,2026-03
1486918,long,2026-03-18 22:29:00,2026-03-18 22:30:00,2026-03-18 22:31:00,4815.913,4815.072999999999,SL,-1.12,1,0.4077527780088599,ml_scalp1,2026-03
1487074,long,2026-03-19 01:05:00,2026-03-19 01:06:00,2026-03-19 01:07:00,4837.478,4836.878,SL,-0.8,1,0.40655275589409234,ml_scalp1,2026-03
1487398,long,2026-03-19 06:29:00,2026-03-19 06:30:00,2026-03-19 06:31:00,4813.939,4814.939,TP,0.8,1,0.4135109718296363,ml_scalp1,2026-03
1487410,long,2026-03-19 06:41:00,2026-03-19 06:42:00,2026-03-19 06:43:00,4789.447,4788.847,SL,-0.8,1,0.40713129878269,ml_scalp1,2026-03
1487424,short,2026-03-19 06:55:00,2026-03-19 06:56:00,2026-03-19 06:57:00,4756.011,4756.611000000001,SL,-0.8,1,0.3542930885611095,ml_scalp1,2026-03
1487439,short,2026-03-19 07:10:00,2026-03-19 07:11:00,2026-03-19 07:12:00,4779.131,4779.731000000001,SL,-0.8,1,0.354331637865118,ml_scalp1,2026-03
1487453,short,2026-03-19 07:24:00,2026-03-19 07:25:00,2026-03-19 07:26:00,4766.336,4765.336,TP,0.8,1,0.3542593423980592,ml_scalp1,2026-03
1487465,short,2026-03-19 07:36:00,2026-03-19 07:37:00,2026-03-19 07:38:00,4764.262,4764.862,SL,-0.8,1,0.35421674991231344,ml_scalp1,2026-03
1487486,long,2026-03-19 07:57:00,2026-03-19 07:58:00,2026-03-19 07:59:00,4736.897,4736.297,SL,-0.8,1,0.42034130164408645,ml_scalp1,2026-03
1487502,long,2026-03-19 08:13:00,2026-03-19 08:14:00,2026-03-19 08:15:00,4707.001,4708.001,TP,0.8,1,0.4229954139001185,ml_scalp1,2026-03
1487515,short,2026-03-19 08:26:00,2026-03-19 08:27:00,2026-03-19 08:28:00,4725.783,4724.783,TP,0.8,1,0.354331637865118,ml_scalp1,2026-03
1487529,long,2026-03-19 08:40:00,2026-03-19 08:41:00,2026-03-19 08:42:00,4695.301,4694.701,SL,-0.8,1,0.4244345096988968,ml_scalp1,2026-03
1487561,short,2026-03-19 09:12:00,2026-03-19 09:13:00,2026-03-19 09:14:00,4698.696,4697.696,TP,0.8,1,0.354331637865118,ml_scalp1,2026-03
1487575,short,2026-03-19 09:26:00,2026-03-19 09:27:00,2026-03-19 09:28:00,4708.618,4709.218000000001,SL,-0.8,1,0.354331637865118,ml_scalp1,2026-03
1487587,short,2026-03-19 09:38:00,2026-03-19 09:39:00,2026-03-19 09:40:00,4715.247,4715.847000000001,SL,-0.8,1,0.354331637865118,ml_scalp1,2026-03
1487600,long,2026-03-19 09:51:00,2026-03-19 09:52:00,2026-03-19 09:53:00,4698.396,4699.396,TP,0.8,1,0.4056694744329256,ml_scalp1,2026-03
1487614,short,2026-03-19 10:05:00,2026-03-19 10:06:00,2026-03-19 10:07:00,4710.722,4711.322,SL,-0.8,1,0.354331637865118,ml_scalp1,2026-03
1487626,short,2026-03-19 10:17:00,2026-03-19 10:18:00,2026-03-19 10:19:00,4689.916,4690.756,SL,-1.12,1,0.35472342222208286,ml_scalp1,2026-03
1487638,short,2026-03-19 10:29:00,2026-03-19 10:30:00,2026-03-19 10:31:00,4683.517,4684.357,SL,-1.12,1,0.3554643049297847,ml_scalp1,2026-03
1487650,short,2026-03-19 10:41:00,2026-03-19 10:42:00,2026-03-19 10:43:00,4687.593,4688.433,SL,-1.12,1,0.3548793827421914,ml_scalp1,2026-03
1487662,long,2026-03-19 10:53:00,2026-03-19 10:54:00,2026-03-19 10:55:00,4668.783,4669.783,TP,0.72,1,0.4290339811458027,ml_scalp1,2026-03
1487674,short,2026-03-19 11:05:00,2026-03-19 11:06:00,2026-03-19 11:07:00,4688.579,4689.419,SL,-1.12,1,0.3554643049297847,ml_scalp1,2026-03
1487686,short,2026-03-19 11:17:00,2026-03-19 11:18:00,2026-03-19 11:19:00,4680.048,4680.888,SL,-1.12,1,0.3546316608714512,ml_scalp1,2026-03
1487698,short,2026-03-19 11:29:00,2026-03-19 11:30:00,2026-03-19 11:31:00,4686.229,4687.069,SL,-1.12,1,0.35452989782727845,ml_scalp1,2026-03
1487710,long,2026-03-19 11:41:00,2026-03-19 11:42:00,2026-03-19 11:43:00,4670.797,4669.956999999999,SL,-1.12,1,0.4052673359036408,ml_scalp1,2026-03
1487722,short,2026-03-19 11:53:00,2026-03-19 11:54:00,2026-03-19 11:55:00,4653.541,4654.381,SL,-1.12,1,0.35465779558765703,ml_scalp1,2026-03
1487734,short,2026-03-19 12:05:00,2026-03-19 12:06:00,2026-03-19 12:07:00,4635.399,4636.2390000000005,SL,-1.12,1,0.3542436942386082,ml_scalp1,2026-03
1487746,short,2026-03-19 12:17:00,2026-03-19 12:18:00,2026-03-19 12:19:00,4626.551,4625.551,TP,0.72,1,0.35481991220786674,ml_scalp1,2026-03
1487758,short,2026-03-19 12:29:00,2026-03-19 12:30:00,2026-03-19 12:31:00,4606.616,4607.456,SL,-1.12,1,0.3548408086029143,ml_scalp1,2026-03
1487770,long,2026-03-19 12:41:00,2026-03-19 12:42:00,2026-03-19 12:43:00,4598.938,4598.098,SL,-1.12,1,0.40975270678882825,ml_scalp1,2026-03
1487782,short,2026-03-19 12:53:00,2026-03-19 12:54:00,2026-03-19 12:55:00,4566.223,4567.063,SL,-1.12,1,0.35478300699864335,ml_scalp1,2026-03
1487794,short,2026-03-19 13:05:00,2026-03-19 13:06:00,2026-03-19 13:07:00,4560.213,4561.053,SL,-1.12,1,0.35468578685596097,ml_scalp1,2026-03
1487806,short,2026-03-19 13:17:00,2026-03-19 13:18:00,2026-03-19 13:19:00,4558.919,4559.759,SL,-1.12,1,0.3547243560281844,ml_scalp1,2026-03
1487818,short,2026-03-19 13:29:00,2026-03-19 13:30:00,2026-03-19 13:31:00,4576.262,4577.102,SL,-1.12,1,0.3547243560281844,ml_scalp1,2026-03
1487830,short,2026-03-19 13:41:00,2026-03-19 13:42:00,2026-03-19 13:43:00,4562.405,4563.245,SL,-1.12,1,0.3547243560281844,ml_scalp1,2026-03
1487842,short,2026-03-19 13:53:00,2026-03-19 13:54:00,2026-03-19 13:55:00,4591.765,4592.6050000000005,SL,-1.12,1,0.3547243560281844,ml_scalp1,2026-03
1487854,short,2026-03-19 14:05:00,2026-03-19 14:06:00,2026-03-19 14:07:00,4630.543,4631.383,SL,-1.12,1,0.35479145098998655,ml_scalp1,2026-03
1487866,short,2026-03-19 14:17:00,2026-03-19 14:18:00,2026-03-19 14:19:00,4618.247,4617.247,TP,0.72,1,0.35537788316191415,ml_scalp1,2026-03
1487878,short,2026-03-19 14:29:00,2026-03-19 14:30:00,2026-03-19 14:31:00,4585.664,4586.504,SL,-1.12,1,0.3548584813800902,ml_scalp1,2026-03
1487890,short,2026-03-19 14:41:00,2026-03-19 14:42:00,2026-03-19 14:43:00,4616.854,4615.854,TP,0.72,1,0.3548793827421914,ml_scalp1,2026-03
1487902,short,2026-03-19 14:53:00,2026-03-19 14:54:00,2026-03-19 14:55:00,4624.592,4623.592,TP,0.72,1,0.35511278956407816,ml_scalp1,2026-03
1487914,short,2026-03-19 15:05:00,2026-03-19 15:06:00,2026-03-19 15:07:00,4630.465,4631.305,SL,-1.12,1,0.3549878135251453,ml_scalp1,2026-03
1487926,long,2026-03-19 15:17:00,2026-03-19 15:18:00,2026-03-19 15:19:00,4604.901,4605.901,TP,0.72,1,0.4084021215431988,ml_scalp1,2026-03
1487938,short,2026-03-19 15:29:00,2026-03-19 15:30:00,2026-03-19 15:31:00,4602.951,4601.951,TP,0.72,1,0.3554643049297847,ml_scalp1,2026-03
1487950,short,2026-03-19 15:41:00,2026-03-19 15:42:00,2026-03-19 15:43:00,4574.657,4575.497,SL,-1.12,1,0.3548584813800902,ml_scalp1,2026-03
1487962,short,2026-03-19 15:53:00,2026-03-19 15:54:00,2026-03-19 15:55:00,4593.88,4592.88,TP,0.72,1,0.3550850783713113,ml_scalp1,2026-03
1487974,short,2026-03-19 16:05:00,2026-03-19 16:06:00,2026-03-19 16:07:00,4619.936,4620.776,SL,-1.12,1,0.35511278956407816,ml_scalp1,2026-03
1487986,short,2026-03-19 16:17:00,2026-03-19 16:18:00,2026-03-19 16:19:00,4601.648,4602.488,SL,-1.12,1,0.3551429296461196,ml_scalp1,2026-03
1487998,short,2026-03-19 16:29:00,2026-03-19 16:30:00,2026-03-19 16:31:00,4599.083,4598.083,TP,0.72,1,0.3549878135251453,ml_scalp1,2026-03
1488010,short,2026-03-19 16:41:00,2026-03-19 16:42:00,2026-03-19 16:43:00,4606.153,4605.153,TP,0.72,1,0.3554577235835908,ml_scalp1,2026-03
1488022,short,2026-03-19 16:53:00,2026-03-19 16:54:00,2026-03-19 16:55:00,4577.448,4578.2880000000005,SL,-1.12,1,0.35486366893685944,ml_scalp1,2026-03
1488034,short,2026-03-19 17:05:00,2026-03-19 17:06:00,2026-03-19 17:07:00,4594.883,4593.883,TP,0.72,1,0.3546184852305759,ml_scalp1,2026-03
1488046,short,2026-03-19 17:17:00,2026-03-19 17:18:00,2026-03-19 17:19:00,4584.019,4584.859,SL,-1.12,1,0.3548703297559131,ml_scalp1,2026-03
1488058,short,2026-03-19 17:29:00,2026-03-19 17:30:00,2026-03-19 17:31:00,4603.004,4603.844,SL,-1.12,1,0.3555742506641267,ml_scalp1,2026-03
1488070,short,2026-03-19 17:41:00,2026-03-19 17:42:00,2026-03-19 17:43:00,4608.944,4607.944,TP,0.72,1,0.3545529697918603,ml_scalp1,2026-03
1488082,short,2026-03-19 17:53:00,2026-03-19 17:54:00,2026-03-19 17:55:00,4627.996,4626.996,TP,0.72,1,0.3544869079772342,ml_scalp1,2026-03
1488096,short,2026-03-19 18:07:00,2026-03-19 18:08:00,2026-03-19 18:09:00,4606.918,4607.758,SL,-1.12,1,0.3546978537696717,ml_scalp1,2026-03
1488241,long,2026-03-19 20:32:00,2026-03-19 20:33:00,2026-03-19 20:34:00,4655.142,4656.142,TP,0.72,1,0.41988136936834747,ml_scalp1,2026-03
1488253,long,2026-03-19 20:44:00,2026-03-19 20:45:00,2026-03-19 20:46:00,4654.669,4653.829,SL,-1.12,1,0.43069023293658676,ml_scalp1,2026-03
1488265,long,2026-03-19 20:56:00,2026-03-19 20:57:00,2026-03-19 22:01:00,4656.456,4657.456,TP,0.72,1,0.41626202405950413,ml_scalp1,2026-03
1488288,long,2026-03-19 22:22:00,2026-03-19 22:23:00,2026-03-19 22:24:00,4667.558,4666.718,SL,-1.12,1,0.40815856919765825,ml_scalp1,2026-03
1488300,long,2026-03-19 22:34:00,2026-03-19 22:35:00,2026-03-19 22:36:00,4651.081,4652.081,TP,0.72,1,0.4131586127060515,ml_scalp1,2026-03
1488313,long,2026-03-19 22:47:00,2026-03-19 22:48:00,2026-03-19 22:49:00,4649.189,4648.349,SL,-1.12,1,0.4038197937682574,ml_scalp1,2026-03
1488325,long,2026-03-19 22:59:00,2026-03-19 23:00:00,2026-03-19 23:01:00,4636.54,4637.54,TP,0.72,1,0.4356260406392176,ml_scalp1,2026-03
1488338,long,2026-03-19 23:12:00,2026-03-19 23:13:00,2026-03-19 23:14:00,4641.491,4640.651,SL,-1.12,1,0.410671750315097,ml_scalp1,2026-03
1488350,long,2026-03-19 23:24:00,2026-03-19 23:25:00,2026-03-19 23:26:00,4640.851,4641.851,TP,0.72,1,0.4282332900757698,ml_scalp1,2026-03
1488363,long,2026-03-19 23:37:00,2026-03-19 23:38:00,2026-03-19 23:39:00,4638.672,4639.672,TP,0.72,1,0.4049417512355811,ml_scalp1,2026-03
1488391,long,2026-03-20 00:05:00,2026-03-20 00:06:00,2026-03-20 00:07:00,4650.288,4651.288,TP,0.72,1,0.4193233471155441,ml_scalp1,2026-03
1488404,long,2026-03-20 00:18:00,2026-03-20 00:19:00,2026-03-20 00:20:00,4662.47,4661.63,SL,-1.12,1,0.40739158338948933,ml_scalp1,2026-03
1488416,long,2026-03-20 00:30:00,2026-03-20 00:31:00,2026-03-20 00:32:00,4648.303,4649.303,TP,0.72,1,0.40754086949628454,ml_scalp1,2026-03
1488440,long,2026-03-20 00:54:00,2026-03-20 00:55:00,2026-03-20 00:56:00,4656.992,4656.152,SL,-1.12,1,0.4299614677592489,ml_scalp1,2026-03
1488632,long,2026-03-20 04:06:00,2026-03-20 04:07:00,2026-03-20 04:08:00,4720.584,4719.744,SL,-1.12,1,0.4062667108132045,ml_scalp1,2026-03
1488987,long,2026-03-20 10:01:00,2026-03-20 10:02:00,2026-03-20 10:03:00,4655.513,4656.513,TP,0.72,1,0.41497786270451015,ml_scalp1,2026-03
1489042,long,2026-03-20 10:56:00,2026-03-20 10:57:00,2026-03-20 10:58:00,4639.406,4640.406,TP,0.72,1,0.41227107613221453,ml_scalp1,2026-03
1489206,short,2026-03-20 13:40:00,2026-03-20 13:41:00,2026-03-20 13:42:00,4655.388,4656.228,SL,-1.12,1,0.35420906091313736,ml_scalp1,2026-03
1489218,long,2026-03-20 13:52:00,2026-03-20 13:53:00,2026-03-20 13:54:00,4627.331,4626.491,SL,-1.12,1,0.4074930887154947,ml_scalp1,2026-03
1489234,long,2026-03-20 14:08:00,2026-03-20 14:09:00,2026-03-20 14:10:00,4601.372,4602.372,TP,0.72,1,0.428418394801046,ml_scalp1,2026-03
1489251,long,2026-03-20 14:25:00,2026-03-20 14:26:00,2026-03-20 14:27:00,4559.278,4558.438,SL,-1.12,1,0.4038428184465048,ml_scalp1,2026-03
1489263,short,2026-03-20 14:37:00,2026-03-20 14:38:00,2026-03-20 14:39:00,4577.543,4576.543,TP,0.72,1,0.35416177952866934,ml_scalp1,2026-03
1489278,short,2026-03-20 14:52:00,2026-03-20 14:53:00,2026-03-20 14:54:00,4568.647,4569.487,SL,-1.12,1,0.35426347995381735,ml_scalp1,2026-03
1489290,short,2026-03-20 15:04:00,2026-03-20 15:05:00,2026-03-20 15:06:00,4571.494,4570.494,TP,0.72,1,0.35426347995381735,ml_scalp1,2026-03
1489308,short,2026-03-20 15:22:00,2026-03-20 15:23:00,2026-03-20 15:24:00,4564.444,4565.284000000001,SL,-1.12,1,0.35426347995381735,ml_scalp1,2026-03
1489322,short,2026-03-20 15:36:00,2026-03-20 15:37:00,2026-03-20 15:38:00,4563.892,4564.732,SL,-1.12,1,0.35426347995381735,ml_scalp1,2026-03
1489335,short,2026-03-20 15:49:00,2026-03-20 15:50:00,2026-03-20 15:51:00,4549.456,4550.296,SL,-1.12,1,0.35426347995381735,ml_scalp1,2026-03
1489347,short,2026-03-20 16:01:00,2026-03-20 16:02:00,2026-03-20 16:03:00,4561.795,4562.635,SL,-1.12,1,0.3541486218033352,ml_scalp1,2026-03
1489488,long,2026-03-20 18:22:00,2026-03-20 18:23:00,2026-03-20 18:24:00,4539.417,4540.417,TP,0.72,1,0.42675001670343077,ml_scalp1,2026-03
1489508,long,2026-03-20 18:42:00,2026-03-20 18:43:00,2026-03-20 18:44:00,4533.47,4532.63,SL,-1.12,1,0.40815620209582015,ml_scalp1,2026-03
1489521,long,2026-03-20 18:55:00,2026-03-20 18:56:00,2026-03-20 18:57:00,4485.93,4485.09,SL,-1.12,1,0.42696317010085716,ml_scalp1,2026-03
1489644,long,2026-03-22 22:01:00,2026-03-22 22:02:00,2026-03-22 22:03:00,4477.226,4475.726,SL,-2.0,1,0.4143280449524159,ml_scalp1,2026-03
1489699,long,2026-03-22 22:56:00,2026-03-22 22:57:00,2026-03-22 22:58:00,4501.516,4500.6759999999995,SL,-1.12,1,0.4051725975131295,ml_scalp1,2026-03
1489751,long,2026-03-22 23:48:00,2026-03-22 23:49:00,2026-03-22 23:50:00,4461.135,4462.135,TP,0.72,1,0.4258714030163036,ml_scalp1,2026-03
1489766,long,2026-03-23 00:03:00,2026-03-23 00:04:00,2026-03-23 00:05:00,4435.852,4435.012,SL,-1.12,1,0.4416733506139264,ml_scalp1,2026-03
1489778,long,2026-03-23 00:15:00,2026-03-23 00:16:00,2026-03-23 00:17:00,4415.519,4414.679,SL,-1.12,1,0.4431331148705393,ml_scalp1,2026-03
1489790,long,2026-03-23 00:27:00,2026-03-23 00:28:00,2026-03-23 00:29:00,4427.546,4426.706,SL,-1.12,1,0.4205412868731149,ml_scalp1,2026-03
1489812,long,2026-03-23 00:49:00,2026-03-23 00:50:00,2026-03-23 00:51:00,4345.512,4346.512,TP,0.72,1,0.40968622448916714,ml_scalp1,2026-03
1489848,long,2026-03-23 01:25:00,2026-03-23 01:26:00,2026-03-23 01:27:00,4421.87,4422.87,TP,0.72,1,0.40400605760097535,ml_scalp1,2026-03
1489880,long,2026-03-23 01:57:00,2026-03-23 01:58:00,2026-03-23 01:59:00,4390.565,4389.785,SL,-1.04,1,0.40907069541218277,ml_scalp1,2026-03
1490093,long,2026-03-23 05:30:00,2026-03-23 05:31:00,2026-03-23 05:32:00,4331.398,4330.618,SL,-1.04,1,0.42933969985378284,ml_scalp1,2026-03
1490115,long,2026-03-23 05:52:00,2026-03-23 05:53:00,2026-03-23 05:54:00,4307.187,4306.407,SL,-1.04,1,0.4149873184700976,ml_scalp1,2026-03
1490127,long,2026-03-23 06:04:00,2026-03-23 06:05:00,2026-03-23 06:06:00,4286.865,4286.085,SL,-1.04,1,0.4248714301487765,ml_scalp1,2026-03
1490150,long,2026-03-23 06:27:00,2026-03-23 06:28:00,2026-03-23 06:29:00,4267.198,4266.418000000001,SL,-1.04,1,0.40705107375279503,ml_scalp1,2026-03
1490165,long,2026-03-23 06:42:00,2026-03-23 06:43:00,2026-03-23 06:44:00,4216.825,4216.045,SL,-1.04,1,0.4112699063877383,ml_scalp1,2026-03
1490179,short,2026-03-23 06:56:00,2026-03-23 06:57:00,2026-03-23 06:58:00,4224.931,4225.710999999999,SL,-1.04,1,0.354331637865118,ml_scalp1,2026-03
1490191,long,2026-03-23 07:08:00,2026-03-23 07:09:00,2026-03-23 07:10:00,4143.344,4144.344,TP,0.74,1,0.41024713825844583,ml_scalp1,2026-03
1490212,short,2026-03-23 07:29:00,2026-03-23 07:30:00,2026-03-23 07:31:00,4136.039,4136.8189999999995,SL,-1.04,1,0.3542930885611095,ml_scalp1,2026-03
1490228,short,2026-03-23 07:45:00,2026-03-23 07:46:00,2026-03-23 07:47:00,4217.733,4218.513,SL,-1.04,1,0.354331637865118,ml_scalp1,2026-03
1490241,short,2026-03-23 07:58:00,2026-03-23 07:59:00,2026-03-23 08:00:00,4197.221,4198.000999999999,SL,-1.04,1,0.354331637865118,ml_scalp1,2026-03
1490253,short,2026-03-23 08:10:00,2026-03-23 08:11:00,2026-03-23 08:12:00,4231.962,4232.742,SL,-1.04,1,0.354331637865118,ml_scalp1,2026-03
1490268,short,2026-03-23 08:25:00,2026-03-23 08:26:00,2026-03-23 08:27:00,4222.201,4222.981,SL,-1.04,1,0.354331637865118,ml_scalp1,2026-03
1490281,short,2026-03-23 08:38:00,2026-03-23 08:39:00,2026-03-23 08:40:00,4240.984,4241.764,SL,-1.04,1,0.3541768545367438,ml_scalp1,2026-03
1490299,short,2026-03-23 08:56:00,2026-03-23 08:57:00,2026-03-23 08:58:00,4224.393,4225.233,SL,-1.12,1,0.35421674991231344,ml_scalp1,2026-03
1490316,short,2026-03-23 09:13:00,2026-03-23 09:14:00,2026-03-23 09:15:00,4258.969,4259.809,SL,-1.12,1,0.3541781658389288,ml_scalp1,2026-03
1490333,short,2026-03-23 09:30:00,2026-03-23 09:31:00,2026-03-23 09:32:00,4306.912,4305.912,TP,0.72,1,0.3542982890663662,ml_scalp1,2026-03
1490350,short,2026-03-23 09:47:00,2026-03-23 09:48:00,2026-03-23 09:49:00,4237.83,4238.67,SL,-1.12,1,0.35421674991231344,ml_scalp1,2026-03
1490364,short,2026-03-23 10:01:00,2026-03-23 10:02:00,2026-03-23 10:03:00,4252.041,4252.821,SL,-1.04,1,0.35436428134223996,ml_scalp1,2026-03
1490432,short,2026-03-23 11:09:00,2026-03-23 11:10:00,2026-03-23 11:11:00,4407.251,4408.331,SL,-1.44,1,0.3545693740176609,ml_scalp1,2026-03
1490446,short,2026-03-23 11:23:00,2026-03-23 11:24:00,2026-03-23 11:25:00,4371.999,4373.079,SL,-1.44,1,0.3545116022157124,ml_scalp1,2026-03
1490458,short,2026-03-23 11:35:00,2026-03-23 11:36:00,2026-03-23 11:37:00,4420.799,4421.723,SL,-1.232,1,0.35504962051492117,ml_scalp1,2026-03
1490470,long,2026-03-23 11:47:00,2026-03-23 11:48:00,2026-03-23 11:49:00,4385.856,4384.806,SL,-1.4000000000000001,1,0.4070398424688928,ml_scalp1,2026-03
1490482,short,2026-03-23 11:59:00,2026-03-23 12:00:00,2026-03-23 12:01:00,4378.796,4377.796,TP,0.6499999999999999,1,0.3544144665129434,ml_scalp1,2026-03
1490494,short,2026-03-23 12:11:00,2026-03-23 12:12:00,2026-03-23 12:13:00,4366.731,4367.781,SL,-1.4000000000000001,1,0.3544144665129434,ml_scalp1,2026-03
1490506,short,2026-03-23 12:23:00,2026-03-23 12:24:00,2026-03-23 12:25:00,4394.746,4395.862,SL,-1.488,1,0.3545116022157124,ml_scalp1,2026-03
1490518,short,2026-03-23 12:35:00,2026-03-23 12:36:00,2026-03-23 12:37:00,4407.575,4408.691,SL,-1.488,1,0.35503872279903476,ml_scalp1,2026-03
1490530,short,2026-03-23 12:47:00,2026-03-23 12:48:00,2026-03-23 12:49:00,4450.152,4451.268,SL,-1.488,1,0.3542385602577238,ml_scalp1,2026-03
1490542,short,2026-03-23 12:59:00,2026-03-23 13:00:00,2026-03-23 13:01:00,4478.313,4477.313,TP,0.628,1,0.3542385602577238,ml_scalp1,2026-03
1490554,short,2026-03-23 13:11:00,2026-03-23 13:12:00,2026-03-23 13:13:00,4452.623,4453.739,SL,-1.488,1,0.3549987429835516,ml_scalp1,2026-03
1490566,short,2026-03-23 13:23:00,2026-03-23 13:24:00,2026-03-23 13:25:00,4425.504,4424.504,TP,0.628,1,0.35447615732028587,ml_scalp1,2026-03
1490578,short,2026-03-23 13:35:00,2026-03-23 13:36:00,2026-03-23 13:37:00,4417.355,4418.471,SL,-1.488,1,0.3543356760922779,ml_scalp1,2026-03
1490590,short,2026-03-23 13:47:00,2026-03-23 13:48:00,2026-03-23 13:49:00,4442.517,4443.633,SL,-1.488,1,0.35506103480439566,ml_scalp1,2026-03
1490602,short,2026-03-23 13:59:00,2026-03-23 14:00:00,2026-03-23 14:01:00,4454.178,4455.294,SL,-1.488,1,0.3548836811838665,ml_scalp1,2026-03
1490614,short,2026-03-23 14:11:00,2026-03-23 14:12:00,2026-03-23 14:13:00,4462.681,4463.772999999999,SL,-1.456,1,0.3543725365980177,ml_scalp1,2026-03
1490626,short,2026-03-23 14:23:00,2026-03-23 14:24:00,2026-03-23 14:25:00,4489.816,4490.907999999999,SL,-1.456,1,0.35419995631612433,ml_scalp1,2026-03
1490638,short,2026-03-23 14:35:00,2026-03-23 14:36:00,2026-03-23 14:37:00,4500.065,4499.065,TP,0.636,1,0.3543934230589577,ml_scalp1,2026-03
1490650,short,2026-03-23 14:47:00,2026-03-23 14:48:00,2026-03-23 14:49:00,4483.696,4482.696,TP,0.636,1,0.35429706718362464,ml_scalp1,2026-03
1490663,short,2026-03-23 15:00:00,2026-03-23 15:01:00,2026-03-23 15:02:00,4460.733,4461.825,SL,-1.456,1,0.3548842871644217,ml_scalp1,2026-03
1490675,short,2026-03-23 15:12:00,2026-03-23 15:13:00,2026-03-23 15:14:00,4470.316,4469.316,TP,0.636,1,0.3545412872814843,ml_scalp1,2026-03
1490687,short,2026-03-23 15:24:00,2026-03-23 15:25:00,2026-03-23 15:26:00,4456.614,4455.614,TP,0.636,1,0.35484502260467593,ml_scalp1,2026-03
1490699,long,2026-03-23 15:36:00,2026-03-23 15:37:00,2026-03-23 15:38:00,4421.71,4420.618,SL,-1.456,1,0.4094573298020203,ml_scalp1,2026-03
1490715,short,2026-03-23 15:52:00,2026-03-23 15:53:00,2026-03-23 15:54:00,4394.174,4395.266,SL,-1.456,1,0.3547760948000469,ml_scalp1,2026-03
1490727,short,2026-03-23 16:04:00,2026-03-23 16:05:00,2026-03-23 16:06:00,4362.928,4364.0199999999995,SL,-1.456,1,0.3546570395016381,ml_scalp1,2026-03
1490739,short,2026-03-23 16:16:00,2026-03-23 16:17:00,2026-03-23 16:18:00,4383.86,4382.86,TP,0.636,1,0.3545406316303918,ml_scalp1,2026-03
1490751,short,2026-03-23 16:28:00,2026-03-23 16:29:00,2026-03-23 16:30:00,4361.316,4362.407999999999,SL,-1.456,1,0.35465696002877845,ml_scalp1,2026-03
1490765,short,2026-03-23 16:42:00,2026-03-23 16:43:00,2026-03-23 16:44:00,4378.988,4380.08,SL,-1.456,1,0.3546832406975943,ml_scalp1,2026-03
1490777,short,2026-03-23 16:54:00,2026-03-23 16:55:00,2026-03-23 16:56:00,4388.314,4387.314,TP,0.636,1,0.3543807620265204,ml_scalp1,2026-03
1490909,long,2026-03-23 19:06:00,2026-03-23 19:07:00,2026-03-23 19:08:00,4432.037,4430.945000000001,SL,-1.456,1,0.4041006654671837,ml_scalp1,2026-03
1491024,long,2026-03-23 22:04:00,2026-03-23 22:05:00,2026-03-23 22:06:00,4381.415,4379.465,SL,-2.6,1,0.4658471529641699,ml_scalp1,2026-03
1491167,long,2026-03-24 00:27:00,2026-03-24 00:28:00,2026-03-24 00:29:00,4384.866,4383.774,SL,-1.456,1,0.4073813261116795,ml_scalp1,2026-03
1491179,long,2026-03-24 00:39:00,2026-03-24 00:40:00,2026-03-24 00:41:00,4349.434,4348.342000000001,SL,-1.456,1,0.4216790977896408,ml_scalp1,2026-03
1491214,long,2026-03-24 01:14:00,2026-03-24 01:15:00,2026-03-24 01:16:00,4331.052,4332.052,TP,0.636,1,0.4267232097902634,ml_scalp1,2026-03
1491241,long,2026-03-24 01:41:00,2026-03-24 01:42:00,2026-03-24 01:43:00,4334.457,4333.365000000001,SL,-1.456,1,0.4050542653496662,ml_scalp1,2026-03
1491801,long,2026-03-24 11:01:00,2026-03-24 11:02:00,2026-03-24 11:03:00,4391.206,4392.206,TP,0.636,1,0.4083286279665988,ml_scalp1,2026-03
1491899,long,2026-03-24 12:39:00,2026-03-24 12:40:00,2026-03-24 12:41:00,4365.206,4366.206,TP,0.636,1,0.4229777626423708,ml_scalp1,2026-03
1491927,short,2026-03-24 13:07:00,2026-03-24 13:08:00,2026-03-24 13:09:00,4379.21,4378.21,TP,0.636,1,0.3541431034066397,ml_scalp1,2026-03
1491949,long,2026-03-24 13:29:00,2026-03-24 13:30:00,2026-03-24 13:31:00,4356.772,4357.772,TP,0.636,1,0.4274130481575563,ml_scalp1,2026-03
1491988,short,2026-03-24 14:08:00,2026-03-24 14:09:00,2026-03-24 14:10:00,4394.789,4395.880999999999,SL,-1.456,1,0.35417047187269907,ml_scalp1,2026-03
1492035,short,2026-03-24 14:55:00,2026-03-24 14:56:00,2026-03-24 14:57:00,4421.889,4422.981,SL,-1.456,1,0.35420906091313736,ml_scalp1,2026-03
1492050,short,2026-03-24 15:10:00,2026-03-24 15:11:00,2026-03-24 15:12:00,4402.172,4403.263999999999,SL,-1.456,1,0.35420906091313736,ml_scalp1,2026-03
1492368,long,2026-03-24 20:28:00,2026-03-24 20:29:00,2026-03-24 20:30:00,4452.672,4453.672,TP,0.636,1,0.41073766630441116,ml_scalp1,2026-03
1492423,long,2026-03-24 22:25:00,2026-03-24 22:26:00,2026-03-24 22:27:00,4472.023,4473.023,TP,0.636,1,0.4140922974444995,ml_scalp1,2026-03
1492835,long,2026-03-25 05:17:00,2026-03-25 05:18:00,2026-03-25 05:20:00,4565.128,4564.036,SL,-1.456,2,0.41993052675970155,ml_scalp1,2026-03
1492848,long,2026-03-25 05:30:00,2026-03-25 05:31:00,2026-03-25 05:32:00,4554.193,4553.101000000001,SL,-1.456,1,0.4056051612399978,ml_scalp1,2026-03
1493269,long,2026-03-25 12:31:00,2026-03-25 12:32:00,2026-03-25 12:33:00,4529.468,4530.468,TP,0.72,1,0.40500259244164627,ml_scalp1,2026-03
1493285,short,2026-03-25 12:47:00,2026-03-25 12:48:00,2026-03-25 12:49:00,4542.132,4542.972,SL,-1.12,1,0.3543239339647808,ml_scalp1,2026-03
1493299,short,2026-03-25 13:01:00,2026-03-25 13:02:00,2026-03-25 13:03:00,4550.709,4551.549,SL,-1.12,1,0.35417047187269907,ml_scalp1,2026-03
1493334,short,2026-03-25 13:36:00,2026-03-25 13:37:00,2026-03-25 13:38:00,4565.366,4564.366,TP,0.72,1,0.35417047187269907,ml_scalp1,2026-03
1493350,short,2026-03-25 13:52:00,2026-03-25 13:53:00,2026-03-25 13:54:00,4544.824,4545.664,SL,-1.12,1,0.3542313083467998,ml_scalp1,2026-03
1493368,short,2026-03-25 14:10:00,2026-03-25 14:11:00,2026-03-25 14:12:00,4550.529,4551.369000000001,SL,-1.12,1,0.3543239339647808,ml_scalp1,2026-03
1493386,short,2026-03-25 14:28:00,2026-03-25 14:29:00,2026-03-25 14:30:00,4558.895,4559.735000000001,SL,-1.12,1,0.35420906091313736,ml_scalp1,2026-03
1493434,long,2026-03-25 15:16:00,2026-03-25 15:17:00,2026-03-25 15:18:00,4539.007,4538.1669999999995,SL,-1.12,1,0.41060577705831675,ml_scalp1,2026-03
1493450,short,2026-03-25 15:32:00,2026-03-25 15:33:00,2026-03-25 15:34:00,4562.381,4563.2210000000005,SL,-1.12,1,0.35420906091313736,ml_scalp1,2026-03
1493666,long,2026-03-25 19:08:00,2026-03-25 19:09:00,2026-03-25 19:10:00,4516.506,4515.666,SL,-1.12,1,0.43035836701668767,ml_scalp1,2026-03
1493695,long,2026-03-25 19:37:00,2026-03-25 19:38:00,2026-03-25 19:39:00,4506.581,4507.581,TP,0.72,1,0.40989788045681885,ml_scalp1,2026-03
1493755,long,2026-03-25 20:37:00,2026-03-25 20:38:00,2026-03-25 20:39:00,4510.847,4510.007,SL,-1.12,1,0.4086946669050233,ml_scalp1,2026-03
1494139,long,2026-03-26 04:03:00,2026-03-26 04:04:00,2026-03-26 04:05:00,4514.715,4513.875,SL,-1.12,1,0.41162764290227427,ml_scalp1,2026-03
1494153,long,2026-03-26 04:17:00,2026-03-26 04:18:00,2026-03-26 04:19:00,4518.131,4517.291,SL,-1.12,1,0.41081954377108965,ml_scalp1,2026-03
1494165,long,2026-03-26 04:29:00,2026-03-26 04:30:00,2026-03-26 04:31:00,4520.996,4521.996,TP,0.72,1,0.407826172480375,ml_scalp1,2026-03
1494241,long,2026-03-26 05:45:00,2026-03-26 05:46:00,2026-03-26 05:47:00,4477.524,4476.684,SL,-1.12,1,0.41257101726972584,ml_scalp1,2026-03
1494253,long,2026-03-26 05:57:00,2026-03-26 05:58:00,2026-03-26 05:59:00,4449.539,4448.699,SL,-1.12,1,0.41087904387383145,ml_scalp1,2026-03
1494286,short,2026-03-26 06:30:00,2026-03-26 06:31:00,2026-03-26 06:32:00,4440.075,4439.075,TP,0.72,1,0.35416254942199765,ml_scalp1,2026-03
1494392,long,2026-03-26 08:16:00,2026-03-26 08:17:00,2026-03-26 08:18:00,4435.715,4436.715,TP,0.72,1,0.4037764001150476,ml_scalp1,2026-03
1494412,short,2026-03-26 08:36:00,2026-03-26 08:37:00,2026-03-26 08:38:00,4430.328,4431.168000000001,SL,-1.12,1,0.35416254942199765,ml_scalp1,2026-03
1494433,short,2026-03-26 08:57:00,2026-03-26 08:58:00,2026-03-26 08:59:00,4433.507,4432.507,TP,0.72,1,0.35416254942199765,ml_scalp1,2026-03
1494446,short,2026-03-26 09:10:00,2026-03-26 09:11:00,2026-03-26 09:12:00,4429.675,4430.515,SL,-1.12,1,0.35416254942199765,ml_scalp1,2026-03
1494540,short,2026-03-26 10:44:00,2026-03-26 10:45:00,2026-03-26 10:46:00,4428.385,4429.225,SL,-1.12,1,0.35427216733079336,ml_scalp1,2026-03
1494561,short,2026-03-26 11:05:00,2026-03-26 11:06:00,2026-03-26 11:07:00,4445.983,4444.983,TP,0.72,1,0.3541565889575201,ml_scalp1,2026-03
1494618,short,2026-03-26 12:02:00,2026-03-26 12:03:00,2026-03-26 12:04:00,4422.419,4423.259,SL,-1.12,1,0.35427216733079336,ml_scalp1,2026-03
1494633,short,2026-03-26 12:17:00,2026-03-26 12:18:00,2026-03-26 12:19:00,4440.955,4439.955,TP,0.72,1,0.35417047187269907,ml_scalp1,2026-03
1494678,short,2026-03-26 13:02:00,2026-03-26 13:03:00,2026-03-26 13:04:00,4432.628,4433.468,SL,-1.12,1,0.35427216733079336,ml_scalp1,2026-03
1494691,short,2026-03-26 13:15:00,2026-03-26 13:16:00,2026-03-26 13:17:00,4440.239,4441.079,SL,-1.12,1,0.35417047187269907,ml_scalp1,2026-03
1494712,short,2026-03-26 13:36:00,2026-03-26 13:37:00,2026-03-26 13:38:00,4438.057,4438.897,SL,-1.12,1,0.35417047187269907,ml_scalp1,2026-03
1494737,short,2026-03-26 14:01:00,2026-03-26 14:02:00,2026-03-26 14:03:00,4452.2,4451.2,TP,0.72,1,0.3542850518681723,ml_scalp1,2026-03
1494749,short,2026-03-26 14:13:00,2026-03-26 14:14:00,2026-03-26 14:15:00,4443.098,4443.938,SL,-1.12,1,0.3543239339647808,ml_scalp1,2026-03
1494761,short,2026-03-26 14:25:00,2026-03-26 14:26:00,2026-03-26 14:27:00,4457.989,4458.829,SL,-1.12,1,0.3543239339647808,ml_scalp1,2026-03
1494774,short,2026-03-26 14:38:00,2026-03-26 14:39:00,2026-03-26 14:40:00,4467.326,4468.166,SL,-1.12,1,0.3541924361842988,ml_scalp1,2026-03
1494805,short,2026-03-26 15:09:00,2026-03-26 15:10:00,2026-03-26 15:11:00,4454.275,4455.115,SL,-1.12,1,0.3543239339647808,ml_scalp1,2026-03
1494819,short,2026-03-26 15:23:00,2026-03-26 15:24:00,2026-03-26 15:25:00,4451.914,4452.754,SL,-1.12,1,0.35420906091313736,ml_scalp1,2026-03
1494872,long,2026-03-26 16:16:00,2026-03-26 16:17:00,2026-03-26 16:18:00,4424.979,4425.979,TP,0.72,1,0.4111620578038841,ml_scalp1,2026-03
1494890,short,2026-03-26 16:34:00,2026-03-26 16:35:00,2026-03-26 16:36:00,4392.835,4391.835,TP,0.72,1,0.35412401005209665,ml_scalp1,2026-03
1494902,short,2026-03-26 16:46:00,2026-03-26 16:47:00,2026-03-26 16:48:00,4386.109,4386.9490000000005,SL,-1.12,1,0.35412401005209665,ml_scalp1,2026-03
1494914,short,2026-03-26 16:58:00,2026-03-26 16:59:00,2026-03-26 17:00:00,4389.512,4390.352,SL,-1.12,1,0.35416254942199765,ml_scalp1,2026-03
1495147,long,2026-03-26 20:51:00,2026-03-26 20:52:00,2026-03-26 20:53:00,4380.432,4379.592,SL,-1.12,1,0.4127785197479984,ml_scalp1,2026-03
1495198,long,2026-03-26 22:45:00,2026-03-26 22:46:00,2026-03-26 22:47:00,4402.258,4403.258,TP,0.64,1,0.415163389149365,ml_scalp1,2026-03
1495215,long,2026-03-26 23:02:00,2026-03-26 23:03:00,2026-03-26 23:04:00,4406.562,4405.722,SL,-1.12,1,0.404930965843596,ml_scalp1,2026-03
1495227,long,2026-03-26 23:14:00,2026-03-26 23:15:00,2026-03-26 23:16:00,4392.999,4393.999,TP,0.72,1,0.42124724704097327,ml_scalp1,2026-03
1495288,long,2026-03-27 00:15:00,2026-03-27 00:16:00,2026-03-27 00:17:00,4402.934,4402.094,SL,-1.12,1,0.41118137101047375,ml_scalp1,2026-03
1495300,long,2026-03-27 00:27:00,2026-03-27 00:28:00,2026-03-27 00:29:00,4387.233,4388.233,TP,0.72,1,0.4103396629846698,ml_scalp1,2026-03
1495331,long,2026-03-27 00:58:00,2026-03-27 00:59:00,2026-03-27 01:00:00,4379.147,4378.307,SL,-1.12,1,0.40558217048315415,ml_scalp1,2026-03
1495505,long,2026-03-27 03:52:00,2026-03-27 03:53:00,2026-03-27 03:54:00,4437.074,4436.2339999999995,SL,-1.12,1,0.40499921319712695,ml_scalp1,2026-03
1495519,long,2026-03-27 04:06:00,2026-03-27 04:07:00,2026-03-27 04:08:00,4435.721,4434.880999999999,SL,-1.12,1,0.40848459315136165,ml_scalp1,2026-03
1495573,long,2026-03-27 05:00:00,2026-03-27 05:01:00,2026-03-27 05:02:00,4444.403,4443.563,SL,-1.12,1,0.40389529825102766,ml_scalp1,2026-03
1495588,long,2026-03-27 05:15:00,2026-03-27 05:16:00,2026-03-27 05:17:00,4444.469,4443.629,SL,-1.12,1,0.4083173321724259,ml_scalp1,2026-03
1495642,long,2026-03-27 06:09:00,2026-03-27 06:10:00,2026-03-27 06:11:00,4461.833,4462.833,TP,0.72,1,0.40478861113288234,ml_scalp1,2026-03
1496093,short,2026-03-27 13:40:00,2026-03-27 13:41:00,2026-03-27 13:42:00,4425.987,4426.827,SL,-1.12,1,0.35417047187269907,ml_scalp1,2026-03
1496141,short,2026-03-27 14:28:00,2026-03-27 14:29:00,2026-03-27 14:30:00,4455.622,4454.622,TP,0.72,1,0.3542850518681723,ml_scalp1,2026-03
1496208,long,2026-03-27 15:35:00,2026-03-27 15:36:00,2026-03-27 15:37:00,4534.945,4535.945,TP,0.72,1,0.41173007302473785,ml_scalp1,2026-03
1496225,long,2026-03-27 15:52:00,2026-03-27 15:53:00,2026-03-27 15:54:00,4528.581,4527.741,SL,-1.12,1,0.4079426417563968,ml_scalp1,2026-03
1496238,long,2026-03-27 16:05:00,2026-03-27 16:06:00,2026-03-27 16:07:00,4527.37,4526.53,SL,-1.12,1,0.4113953322080491,ml_scalp1,2026-03
1496251,long,2026-03-27 16:18:00,2026-03-27 16:19:00,2026-03-27 16:20:00,4527.278,4528.278,TP,0.72,1,0.4108599515451532,ml_scalp1,2026-03
1496263,long,2026-03-27 16:30:00,2026-03-27 16:31:00,2026-03-27 16:32:00,4524.357,4523.517,SL,-1.12,1,0.41294246250449446,ml_scalp1,2026-03
1496284,long,2026-03-27 16:51:00,2026-03-27 16:52:00,2026-03-27 16:53:00,4512.284,4511.4439999999995,SL,-1.12,1,0.4044316953690389,ml_scalp1,2026-03
1496298,long,2026-03-27 17:05:00,2026-03-27 17:06:00,2026-03-27 17:07:00,4509.21,4510.21,TP,0.72,1,0.40421988419850036,ml_scalp1,2026-03
1496318,long,2026-03-27 17:25:00,2026-03-27 17:26:00,2026-03-27 17:27:00,4491.587,4490.747,SL,-1.12,1,0.40402825176806584,ml_scalp1,2026-03
1496331,long,2026-03-27 17:38:00,2026-03-27 17:39:00,2026-03-27 17:40:00,4490.896,4490.056,SL,-1.12,1,0.40600874495190314,ml_scalp1,2026-03
1496536,long,2026-03-29 22:09:00,2026-03-29 22:10:00,2026-03-29 22:11:00,4486.052,4484.972,SL,-1.44,1,0.4123065409203282,ml_scalp1,2026-03
1496593,long,2026-03-29 23:06:00,2026-03-29 23:07:00,2026-03-29 23:08:00,4469.558,4470.558,TP,0.72,1,0.4096644992842413,ml_scalp1,2026-03
1496619,long,2026-03-29 23:32:00,2026-03-29 23:33:00,2026-03-29 23:34:00,4460.495,4459.655,SL,-1.12,1,0.4094647893953673,ml_scalp1,2026-03
1496636,long,2026-03-29 23:49:00,2026-03-29 23:50:00,2026-03-29 23:51:00,4444.995,4444.155,SL,-1.12,1,0.41024428064368296,ml_scalp1,2026-03
1496648,long,2026-03-30 00:01:00,2026-03-30 00:02:00,2026-03-30 00:03:00,4435.883,4435.043,SL,-1.12,1,0.4066278473647426,ml_scalp1,2026-03
1496660,long,2026-03-30 00:13:00,2026-03-30 00:14:00,2026-03-30 00:15:00,4427.285,4426.445,SL,-1.12,1,0.40391069853623934,ml_scalp1,2026-03
1497462,long,2026-03-30 13:35:00,2026-03-30 13:36:00,2026-03-30 13:37:00,4550.397,4551.397,TP,0.72,1,0.4082238050896807,ml_scalp1,2026-03
1497476,short,2026-03-30 13:49:00,2026-03-30 13:50:00,2026-03-30 13:51:00,4534.836,4535.676,SL,-1.12,1,0.35417051657618265,ml_scalp1,2026-03
1497489,short,2026-03-30 14:02:00,2026-03-30 14:03:00,2026-03-30 14:04:00,4531.79,4532.63,SL,-1.12,1,0.3543239339647808,ml_scalp1,2026-03
1497501,short,2026-03-30 14:14:00,2026-03-30 14:15:00,2026-03-30 14:16:00,4533.428,4532.428,TP,0.72,1,0.3541691705046215,ml_scalp1,2026-03
1497525,short,2026-03-30 14:38:00,2026-03-30 14:39:00,2026-03-30 14:40:00,4532.139,4532.979,SL,-1.12,1,0.35420906091313736,ml_scalp1,2026-03
1497545,short,2026-03-30 14:58:00,2026-03-30 14:59:00,2026-03-30 15:00:00,4539.469,4540.309,SL,-1.12,1,0.35420906091313736,ml_scalp1,2026-03
1497698,long,2026-03-30 17:31:00,2026-03-30 17:32:00,2026-03-30 17:33:00,4519.102,4518.262,SL,-1.12,1,0.4042285211091532,ml_scalp1,2026-03
1497781,long,2026-03-30 18:54:00,2026-03-30 18:55:00,2026-03-30 18:56:00,4507.093,4506.253,SL,-1.12,1,0.4072788910516631,ml_scalp1,2026-03
1497797,long,2026-03-30 19:10:00,2026-03-30 19:11:00,2026-03-30 19:12:00,4494.622,4495.622,TP,0.72,1,0.43237307415946313,ml_scalp1,2026-03
1498073,long,2026-03-31 00:48:00,2026-03-31 00:49:00,2026-03-31 00:50:00,4535.758,4536.758,TP,0.72,1,0.40396906005930044,ml_scalp1,2026-03
1498120,long,2026-03-31 01:35:00,2026-03-31 01:36:00,2026-03-31 01:37:00,4578.794,4577.954,SL,-1.12,1,0.4054699116908828,ml_scalp1,2026-03
1498145,long,2026-03-31 02:00:00,2026-03-31 02:01:00,2026-03-31 02:02:00,4598.63,4597.79,SL,-1.12,1,0.4073702272550277,ml_scalp1,2026-03
1498159,long,2026-03-31 02:14:00,2026-03-31 02:15:00,2026-03-31 02:16:00,4589.94,4589.099999999999,SL,-1.12,1,0.4052602359815433,ml_scalp1,2026-03
1498172,long,2026-03-31 02:27:00,2026-03-31 02:28:00,2026-03-31 02:29:00,4580.214,4581.214,TP,0.72,1,0.4057929395630493,ml_scalp1,2026-03
1498192,long,2026-03-31 02:47:00,2026-03-31 02:48:00,2026-03-31 02:49:00,4575.702,4574.862,SL,-1.12,1,0.4094629417314909,ml_scalp1,2026-03
1498721,short,2026-03-31 11:36:00,2026-03-31 11:37:00,2026-03-31 11:38:00,4577.246,4578.086,SL,-1.12,1,0.3543239339647808,ml_scalp1,2026-03
1498764,short,2026-03-31 12:19:00,2026-03-31 12:20:00,2026-03-31 12:21:00,4580.619,4579.619,TP,0.72,1,0.35420906091313736,ml_scalp1,2026-03
1498839,short,2026-03-31 13:34:00,2026-03-31 13:35:00,2026-03-31 13:36:00,4578.245,4577.245,TP,0.72,1,0.3541315997101981,ml_scalp1,2026-03
1498901,long,2026-03-31 14:36:00,2026-03-31 14:37:00,2026-03-31 14:38:00,4610.682,4611.682,TP,0.72,1,0.40514285023395064,ml_scalp1,2026-03
1498953,short,2026-03-31 15:28:00,2026-03-31 15:29:00,2026-03-31 15:30:00,4610.877,4609.877,TP,0.72,1,0.3541315997101981,ml_scalp1,2026-03
1498980,long,2026-03-31 15:55:00,2026-03-31 15:56:00,2026-03-31 15:57:00,4612.746,4611.906,SL,-1.12,1,0.40696901821769027,ml_scalp1,2026-03
1499293,long,2026-03-31 22:10:00,2026-03-31 22:11:00,2026-03-31 22:12:00,4663.184,4664.184,TP,0.64,1,0.40766377445178686,ml_scalp1,2026-03
1499330,long,2026-03-31 22:47:00,2026-03-31 22:48:00,2026-03-31 22:49:00,4663.154,4664.154,TP,0.64,1,0.42046067433341316,ml_scalp1,2026-03
1499608,long,2026-04-01 03:25:00,2026-04-01 03:26:00,2026-04-01 03:27:00,4690.049,4689.209,SL,-1.12,1,0.40478440494423984,ml_scalp1,2026-04
1499620,long,2026-04-01 03:37:00,2026-04-01 03:38:00,2026-04-01 03:39:00,4687.839,4686.999,SL,-1.12,1,0.4080838451044583,ml_scalp1,2026-04
1499632,long,2026-04-01 03:49:00,2026-04-01 03:50:00,2026-04-01 03:51:00,4684.314,4683.474,SL,-1.12,1,0.39955315987367934,ml_scalp1,2026-04
1500077,short,2026-04-01 11:14:00,2026-04-01 11:15:00,2026-04-01 11:16:00,4736.663,4737.503,SL,-1.12,1,0.3565590937392601,ml_scalp1,2026-04
1500156,short,2026-04-01 12:33:00,2026-04-01 12:34:00,2026-04-01 12:35:00,4742.307,4743.147,SL,-1.12,1,0.3566203971164116,ml_scalp1,2026-04
1500168,short,2026-04-01 12:45:00,2026-04-01 12:46:00,2026-04-01 12:47:00,4745.934,4744.934,TP,0.64,1,0.3570319920238543,ml_scalp1,2026-04
1500180,short,2026-04-01 12:57:00,2026-04-01 12:58:00,2026-04-01 12:59:00,4727.405,4726.405,TP,0.72,1,0.3566344042079338,ml_scalp1,2026-04
1500192,short,2026-04-01 13:09:00,2026-04-01 13:10:00,2026-04-01 13:11:00,4728.921,4729.761,SL,-1.12,1,0.3566344042079338,ml_scalp1,2026-04
1500213,short,2026-04-01 13:30:00,2026-04-01 13:31:00,2026-04-01 13:32:00,4737.019,4737.859,SL,-1.12,1,0.3565707067108838,ml_scalp1,2026-04
1500241,short,2026-04-01 13:58:00,2026-04-01 13:59:00,2026-04-01 14:00:00,4737.735,4736.735,TP,0.72,1,0.3566155145025937,ml_scalp1,2026-04
1500266,short,2026-04-01 14:23:00,2026-04-01 14:24:00,2026-04-01 14:25:00,4748.883,4747.883,TP,0.72,1,0.35657958780295534,ml_scalp1,2026-04
1500279,short,2026-04-01 14:36:00,2026-04-01 14:37:00,2026-04-01 14:38:00,4739.485,4740.325,SL,-1.12,1,0.3566344042079338,ml_scalp1,2026-04
1500323,short,2026-04-01 15:20:00,2026-04-01 15:21:00,2026-04-01 15:22:00,4769.678,4770.518,SL,-1.12,1,0.35654126698341854,ml_scalp1,2026-04
1500343,short,2026-04-01 15:40:00,2026-04-01 15:41:00,2026-04-01 15:42:00,4780.886,4781.726000000001,SL,-1.12,1,0.35659502043889846,ml_scalp1,2026-04
1500486,long,2026-04-01 18:03:00,2026-04-01 18:04:00,2026-04-01 18:05:00,4762.176,4763.176,TP,0.72,1,0.4065169602868831,ml_scalp1,2026-04
1500500,long,2026-04-01 18:17:00,2026-04-01 18:18:00,2026-04-01 18:19:00,4763.425,4762.585,SL,-1.12,1,0.39705869961592977,ml_scalp1,2026-04
1500518,long,2026-04-01 18:35:00,2026-04-01 18:36:00,2026-04-01 18:37:00,4749.518,4748.678,SL,-1.12,1,0.4001823179365662,ml_scalp1,2026-04
1500750,long,2026-04-01 23:45:00,2026-04-01 23:46:00,2026-04-01 23:47:00,4782.159,4781.3189999999995,SL,-1.12,1,0.3985177912644211,ml_scalp1,2026-04
1500792,long,2026-04-02 00:27:00,2026-04-02 00:28:00,2026-04-02 00:29:00,4788.904,4789.904,TP,0.72,1,0.39832268089329664,ml_scalp1,2026-04
1500810,long,2026-04-02 00:45:00,2026-04-02 00:46:00,2026-04-02 00:47:00,4784.448,4785.448,TP,0.64,1,0.4045590727221217,ml_scalp1,2026-04
1500825,long,2026-04-02 01:00:00,2026-04-02 01:01:00,2026-04-02 01:02:00,4773.0,4771.92,SL,-1.44,1,0.40169152115222295,ml_scalp1,2026-04
1500842,long,2026-04-02 01:17:00,2026-04-02 01:18:00,2026-04-02 01:19:00,4730.006,4728.926,SL,-1.44,1,0.3993836541153625,ml_scalp1,2026-04
1500856,long,2026-04-02 01:31:00,2026-04-02 01:32:00,2026-04-02 01:33:00,4673.289,4672.209,SL,-1.44,1,0.40991815441688334,ml_scalp1,2026-04
1500896,long,2026-04-02 02:11:00,2026-04-02 02:12:00,2026-04-02 02:13:00,4679.612,4680.612,TP,0.64,1,0.39926429233120747,ml_scalp1,2026-04
1500916,long,2026-04-02 02:31:00,2026-04-02 02:32:00,2026-04-02 02:33:00,4679.227,4678.147,SL,-1.44,1,0.404129112805401,ml_scalp1,2026-04
1500932,long,2026-04-02 02:47:00,2026-04-02 02:48:00,2026-04-02 02:49:00,4679.343,4678.503,SL,-1.12,1,0.39533684478366715,ml_scalp1,2026-04
1501098,long,2026-04-02 05:33:00,2026-04-02 05:34:00,2026-04-02 05:35:00,4645.082,4646.082,TP,0.72,1,0.3970685690340223,ml_scalp1,2026-04
1501112,long,2026-04-02 05:47:00,2026-04-02 05:48:00,2026-04-02 05:49:00,4608.873,4608.032999999999,SL,-1.12,1,0.4019952575894385,ml_scalp1,2026-04
1501135,long,2026-04-02 06:10:00,2026-04-02 06:11:00,2026-04-02 06:12:00,4558.337,4557.497,SL,-1.12,1,0.399739432029654,ml_scalp1,2026-04
1501181,long,2026-04-02 06:56:00,2026-04-02 06:57:00,2026-04-02 06:58:00,4593.845,4594.845,TP,0.72,1,0.39940002893808807,ml_scalp1,2026-04
1501237,short,2026-04-02 07:52:00,2026-04-02 07:53:00,2026-04-02 07:54:00,4646.133,4645.133,TP,0.72,1,0.3568088123656003,ml_scalp1,2026-04
1501262,short,2026-04-02 08:17:00,2026-04-02 08:18:00,2026-04-02 08:19:00,4643.259,4642.259,TP,0.72,1,0.3568712631321638,ml_scalp1,2026-04
1501275,short,2026-04-02 08:30:00,2026-04-02 08:31:00,2026-04-02 08:32:00,4635.601,4636.441,SL,-1.12,1,0.3568288146909762,ml_scalp1,2026-04
1501397,short,2026-04-02 10:32:00,2026-04-02 10:33:00,2026-04-02 10:34:00,4616.977,4615.977,TP,0.72,1,0.3568099051174212,ml_scalp1,2026-04
1501426,short,2026-04-02 11:01:00,2026-04-02 11:02:00,2026-04-02 11:03:00,4618.307,4619.147,SL,-1.12,1,0.35684585665232826,ml_scalp1,2026-04
1501467,long,2026-04-02 11:42:00,2026-04-02 11:43:00,2026-04-02 11:44:00,4595.778,4596.778,TP,0.72,1,0.4066366013033669,ml_scalp1,2026-04
1501512,short,2026-04-02 12:27:00,2026-04-02 12:28:00,2026-04-02 12:29:00,4625.195,4626.035,SL,-1.12,1,0.35686476622588326,ml_scalp1,2026-04
1501528,short,2026-04-02 12:43:00,2026-04-02 12:44:00,2026-04-02 12:45:00,4618.166,4619.006,SL,-1.12,1,0.35686476622588326,ml_scalp1,2026-04
1501545,long,2026-04-02 13:00:00,2026-04-02 13:01:00,2026-04-02 13:02:00,4584.966,4584.126,SL,-1.12,1,0.4178270441060272,ml_scalp1,2026-04
1501558,short,2026-04-02 13:13:00,2026-04-02 13:14:00,2026-04-02 13:15:00,4590.77,4591.610000000001,SL,-1.12,1,0.3562751074092278,ml_scalp1,2026-04
1501573,short,2026-04-02 13:28:00,2026-04-02 13:29:00,2026-04-02 13:30:00,4597.091,4597.9310000000005,SL,-1.12,1,0.3568736721532234,ml_scalp1,2026-04
1501585,short,2026-04-02 13:40:00,2026-04-02 13:41:00,2026-04-02 13:42:00,4589.621,4590.461,SL,-1.12,1,0.3562751074092278,ml_scalp1,2026-04
1501604,short,2026-04-02 13:59:00,2026-04-02 14:00:00,2026-04-02 14:01:00,4645.991,4644.991,TP,0.72,1,0.3566155145025937,ml_scalp1,2026-04
1501618,short,2026-04-02 14:13:00,2026-04-02 14:14:00,2026-04-02 14:15:00,4653.043,4653.883,SL,-1.12,1,0.3566155145025937,ml_scalp1,2026-04
1501685,long,2026-04-02 15:20:00,2026-04-02 15:21:00,2026-04-02 15:22:00,4663.564,4662.724,SL,-1.12,1,0.4000781730544354,ml_scalp1,2026-04
1501733,long,2026-04-02 16:08:00,2026-04-02 16:09:00,2026-04-02 16:10:00,4648.832,4649.832,TP,0.72,1,0.40107542690063863,ml_scalp1,2026-04
1501745,short,2026-04-02 16:20:00,2026-04-02 16:21:00,2026-04-02 16:22:00,4648.726,4649.566,SL,-1.12,1,0.3565771936830569,ml_scalp1,2026-04
1501770,short,2026-04-02 16:45:00,2026-04-02 16:46:00,2026-04-02 16:47:00,4658.648,4659.488,SL,-1.12,1,0.35651059542662783,ml_scalp1,2026-04
1501815,long,2026-04-02 17:30:00,2026-04-02 17:31:00,2026-04-02 17:32:00,4647.259,4648.259,TP,0.72,1,0.4090051485772453,ml_scalp1,2026-04
1502024,long,2026-04-05 22:02:00,2026-04-05 22:03:00,2026-04-05 22:04:00,4646.109,4644.609,SL,-2.0,1,0.40453445830709334,ml_scalp1,2026-04
1502069,long,2026-04-05 22:47:00,2026-04-05 22:48:00,2026-04-05 22:49:00,4620.744,4621.744,TP,0.64,1,0.41402496659711263,ml_scalp1,2026-04
1502108,long,2026-04-05 23:26:00,2026-04-05 23:27:00,2026-04-05 23:28:00,4614.825,4613.745,SL,-1.44,1,0.4078966492093243,ml_scalp1,2026-04
1502125,long,2026-04-05 23:43:00,2026-04-05 23:44:00,2026-04-05 23:45:00,4606.938,4607.938,TP,0.64,1,0.40103155656015615,ml_scalp1,2026-04
1502169,long,2026-04-06 00:27:00,2026-04-06 00:28:00,2026-04-06 00:29:00,4604.184,4603.344,SL,-1.12,1,0.40477500244964976,ml_scalp1,2026-04
1502286,long,2026-04-06 02:24:00,2026-04-06 02:25:00,2026-04-06 02:26:00,4665.183,4664.343,SL,-1.12,1,0.3979756063684806,ml_scalp1,2026-04
1502453,long,2026-04-06 05:11:00,2026-04-06 05:12:00,2026-04-06 05:13:00,4673.924,4673.084,SL,-1.12,1,0.41161825564212245,ml_scalp1,2026-04
1502472,long,2026-04-06 05:30:00,2026-04-06 05:31:00,2026-04-06 05:32:00,4665.213,4664.373,SL,-1.12,1,0.39749190991421923,ml_scalp1,2026-04
1502495,long,2026-04-06 05:53:00,2026-04-06 05:54:00,2026-04-06 05:55:00,4664.679,4663.839,SL,-1.12,1,0.3976517783825489,ml_scalp1,2026-04
1502658,long,2026-04-06 08:36:00,2026-04-06 08:37:00,2026-04-06 08:38:00,4691.491,4692.491,TP,0.72,1,0.3987716190440016,ml_scalp1,2026-04
1502883,long,2026-04-06 12:21:00,2026-04-06 12:22:00,2026-04-06 12:23:00,4664.922,4664.081999999999,SL,-1.12,1,0.398615619253745,ml_scalp1,2026-04
1502980,short,2026-04-06 13:58:00,2026-04-06 13:59:00,2026-04-06 14:00:00,4678.798,4679.638,SL,-1.12,1,0.3566344042079338,ml_scalp1,2026-04
1503000,short,2026-04-06 14:18:00,2026-04-06 14:19:00,2026-04-06 14:20:00,4677.374,4678.214,SL,-1.12,1,0.3566344042079338,ml_scalp1,2026-04
1503015,short,2026-04-06 14:33:00,2026-04-06 14:34:00,2026-04-06 14:35:00,4685.084,4685.924,SL,-1.12,1,0.35659608338839693,ml_scalp1,2026-04
1503028,short,2026-04-06 14:46:00,2026-04-06 14:47:00,2026-04-06 14:48:00,4681.788,4680.788,TP,0.72,1,0.3566344042079338,ml_scalp1,2026-04
1503043,short,2026-04-06 15:01:00,2026-04-06 15:02:00,2026-04-06 15:03:00,4678.005,4677.005,TP,0.72,1,0.35659429524905367,ml_scalp1,2026-04
1503063,short,2026-04-06 15:21:00,2026-04-06 15:22:00,2026-04-06 15:23:00,4668.474,4669.314,SL,-1.12,1,0.3566344042079338,ml_scalp1,2026-04
1503077,short,2026-04-06 15:35:00,2026-04-06 15:36:00,2026-04-06 15:37:00,4667.537,4666.537,TP,0.72,1,0.35659608338839693,ml_scalp1,2026-04
1503092,short,2026-04-06 15:50:00,2026-04-06 15:51:00,2026-04-06 15:52:00,4664.987,4665.827,SL,-1.12,1,0.3565895914491702,ml_scalp1,2026-04
1503105,short,2026-04-06 16:03:00,2026-04-06 16:04:00,2026-04-06 16:05:00,4669.011,4668.011,TP,0.72,1,0.3565895914491702,ml_scalp1,2026-04
1503178,short,2026-04-06 17:16:00,2026-04-06 17:17:00,2026-04-06 17:18:00,4653.513,4654.353,SL,-1.12,1,0.35650686020222194,ml_scalp1,2026-04
1503545,long,2026-04-07 00:26:00,2026-04-07 00:27:00,2026-04-07 00:28:00,4659.143,4658.303,SL,-1.12,1,0.3959744788123536,ml_scalp1,2026-04
1503579,long,2026-04-07 01:00:00,2026-04-07 01:01:00,2026-04-07 01:02:00,4643.302,4644.302,TP,0.72,1,0.4042048207209651,ml_scalp1,2026-04
1503688,long,2026-04-07 02:49:00,2026-04-07 02:50:00,2026-04-07 02:51:00,4651.157,4652.157,TP,0.72,1,0.3969983030077321,ml_scalp1,2026-04
1503911,short,2026-04-07 06:32:00,2026-04-07 06:33:00,2026-04-07 06:34:00,4642.556,4643.396,SL,-1.12,1,0.35654243424104537,ml_scalp1,2026-04
1503923,short,2026-04-07 06:44:00,2026-04-07 06:45:00,2026-04-07 06:46:00,4652.198,4651.198,TP,0.72,1,0.35654243424104537,ml_scalp1,2026-04
1503935,short,2026-04-07 06:56:00,2026-04-07 06:57:00,2026-04-07 06:58:00,4653.95,4654.79,SL,-1.12,1,0.356279483383565,ml_scalp1,2026-04
1503947,short,2026-04-07 07:08:00,2026-04-07 07:09:00,2026-04-07 07:10:00,4651.033,4651.8730000000005,SL,-1.12,1,0.35656540686455257,ml_scalp1,2026-04
1503976,short,2026-04-07 07:37:00,2026-04-07 07:38:00,2026-04-07 07:39:00,4645.226,4646.066,SL,-1.12,1,0.3565895914491702,ml_scalp1,2026-04
1504005,short,2026-04-07 08:06:00,2026-04-07 08:07:00,2026-04-07 08:08:00,4651.228,4652.068,SL,-1.12,1,0.3565895914491702,ml_scalp1,2026-04
1504047,short,2026-04-07 08:48:00,2026-04-07 08:49:00,2026-04-07 08:50:00,4681.671,4682.511,SL,-1.12,1,0.35648728504346694,ml_scalp1,2026-04
1504180,short,2026-04-07 11:01:00,2026-04-07 11:02:00,2026-04-07 11:03:00,4652.966,4651.966,TP,0.72,1,0.3566344042079338,ml_scalp1,2026-04
1504193,long,2026-04-07 11:14:00,2026-04-07 11:15:00,2026-04-07 11:16:00,4635.444,4636.444,TP,0.72,1,0.40147495639592506,ml_scalp1,2026-04
1504206,short,2026-04-07 11:27:00,2026-04-07 11:28:00,2026-04-07 11:29:00,4651.452,4650.452,TP,0.72,1,0.3566155145025937,ml_scalp1,2026-04
1504219,short,2026-04-07 11:40:00,2026-04-07 11:41:00,2026-04-07 11:42:00,4654.409,4655.249,SL,-1.12,1,0.35659608338839693,ml_scalp1,2026-04
1504235,short,2026-04-07 11:56:00,2026-04-07 11:57:00,2026-04-07 11:58:00,4659.445,4660.285,SL,-1.12,1,0.3565707067108838,ml_scalp1,2026-04
1504247,short,2026-04-07 12:08:00,2026-04-07 12:09:00,2026-04-07 12:10:00,4656.376,4655.376,TP,0.72,1,0.3565895914491702,ml_scalp1,2026-04
1504259,short,2026-04-07 12:20:00,2026-04-07 12:21:00,2026-04-07 12:22:00,4659.936,4660.776,SL,-1.12,1,0.3563331027285942,ml_scalp1,2026-04
1504278,short,2026-04-07 12:39:00,2026-04-07 12:40:00,2026-04-07 12:41:00,4663.274,4664.1140000000005,SL,-1.12,1,0.35659608338839693,ml_scalp1,2026-04
1504349,short,2026-04-07 13:50:00,2026-04-07 13:51:00,2026-04-07 13:52:00,4647.865,4646.865,TP,0.72,1,0.35659847750829543,ml_scalp1,2026-04
1504395,short,2026-04-07 14:36:00,2026-04-07 14:37:00,2026-04-07 14:38:00,4656.487,4657.327,SL,-1.12,1,0.3566344042079338,ml_scalp1,2026-04
1504410,short,2026-04-07 14:51:00,2026-04-07 14:52:00,2026-04-07 14:53:00,4644.05,4644.89,SL,-1.12,1,0.3566344042079338,ml_scalp1,2026-04
1504439,short,2026-04-07 15:20:00,2026-04-07 15:21:00,2026-04-07 15:22:00,4651.4,4650.4,TP,0.72,1,0.3566155145025937,ml_scalp1,2026-04
1504453,short,2026-04-07 15:34:00,2026-04-07 15:35:00,2026-04-07 15:36:00,4646.652,4647.492,SL,-1.12,1,0.3566344042079338,ml_scalp1,2026-04
1504467,short,2026-04-07 15:48:00,2026-04-07 15:49:00,2026-04-07 15:50:00,4650.816,4651.656,SL,-1.12,1,0.35659608338839693,ml_scalp1,2026-04
1504480,short,2026-04-07 16:01:00,2026-04-07 16:02:00,2026-04-07 16:03:00,4656.292,4657.1320000000005,SL,-1.12,1,0.35659608338839693,ml_scalp1,2026-04
1504494,short,2026-04-07 16:15:00,2026-04-07 16:16:00,2026-04-07 16:17:00,4660.146,4659.146,TP,0.72,1,0.35659608338839693,ml_scalp1,2026-04
1504510,short,2026-04-07 16:31:00,2026-04-07 16:32:00,2026-04-07 16:33:00,4659.625,4660.465,SL,-1.12,1,0.35659608338839693,ml_scalp1,2026-04
1504526,short,2026-04-07 16:47:00,2026-04-07 16:48:00,2026-04-07 16:49:00,4661.795,4660.795,TP,0.72,1,0.35656540686455257,ml_scalp1,2026-04
1504549,short,2026-04-07 17:10:00,2026-04-07 17:11:00,2026-04-07 17:12:00,4667.463,4666.463,TP,0.72,1,0.35652354950275905,ml_scalp1,2026-04
1504651,long,2026-04-07 18:52:00,2026-04-07 18:53:00,2026-04-07 18:54:00,4665.937,4665.097,SL,-1.12,1,0.3981167057560186,ml_scalp1,2026-04
1504707,long,2026-04-07 19:48:00,2026-04-07 19:49:00,2026-04-07 19:50:00,4710.874,4710.034,SL,-1.12,1,0.3973252383930393,ml_scalp1,2026-04
1504773,long,2026-04-07 20:54:00,2026-04-07 20:55:00,2026-04-07 20:56:00,4708.746,4707.906,SL,-1.12,1,0.39614402876979066,ml_scalp1,2026-04
1504820,long,2026-04-07 22:44:00,2026-04-07 22:45:00,2026-04-07 22:46:00,4769.697,4768.617,SL,-1.44,1,0.40668007955019453,ml_scalp1,2026-04
1504836,long,2026-04-07 23:00:00,2026-04-07 23:01:00,2026-04-07 23:02:00,4805.566,4806.566,TP,0.64,1,0.40239997623467616,ml_scalp1,2026-04
1504848,long,2026-04-07 23:12:00,2026-04-07 23:13:00,2026-04-07 23:14:00,4810.273,4811.273,TP,0.64,1,0.3953480772890444,ml_scalp1,2026-04
1504861,long,2026-04-07 23:25:00,2026-04-07 23:26:00,2026-04-07 23:27:00,4810.306,4811.306,TP,0.64,1,0.4108754781275299,ml_scalp1,2026-04
1504874,long,2026-04-07 23:38:00,2026-04-07 23:39:00,2026-04-07 23:40:00,4809.895,4808.8150000000005,SL,-1.44,1,0.3970809871953427,ml_scalp1,2026-04
1504917,long,2026-04-08 00:21:00,2026-04-08 00:22:00,2026-04-08 00:23:00,4827.472,4828.472,TP,0.64,1,0.3958430102205469,ml_scalp1,2026-04
1504929,long,2026-04-08 00:33:00,2026-04-08 00:34:00,2026-04-08 00:35:00,4814.842,4813.762,SL,-1.44,1,0.39533765044910335,ml_scalp1,2026-04
1504943,long,2026-04-08 00:47:00,2026-04-08 00:48:00,2026-04-08 00:49:00,4811.778,4812.778,TP,0.64,1,0.39572295749744707,ml_scalp1,2026-04
1504958,long,2026-04-08 01:02:00,2026-04-08 01:03:00,2026-04-08 01:04:00,4811.745,4810.665,SL,-1.44,1,0.3953618916817376,ml_scalp1,2026-04
1504974,long,2026-04-08 01:18:00,2026-04-08 01:19:00,2026-04-08 01:20:00,4807.863,4807.023,SL,-1.12,1,0.4000004581515968,ml_scalp1,2026-04
1505036,long,2026-04-08 02:20:00,2026-04-08 02:21:00,2026-04-08 02:23:00,4812.78,4811.94,SL,-1.12,2,0.3980099038860735,ml_scalp1,2026-04
1505216,long,2026-04-08 05:20:00,2026-04-08 05:21:00,2026-04-08 05:22:00,4808.652,4809.652,TP,0.72,1,0.4058598958461574,ml_scalp1,2026-04
1505230,long,2026-04-08 05:34:00,2026-04-08 05:35:00,2026-04-08 05:36:00,4822.033,4820.953,SL,-1.44,1,0.402239322648342,ml_scalp1,2026-04
1505246,long,2026-04-08 05:50:00,2026-04-08 05:51:00,2026-04-08 05:52:00,4832.672,4833.672,TP,0.72,1,0.39821450661027535,ml_scalp1,2026-04
1505317,short,2026-04-08 07:01:00,2026-04-08 07:02:00,2026-04-08 07:03:00,4816.614,4817.6939999999995,SL,-1.44,1,0.3569417356905032,ml_scalp1,2026-04
1505335,short,2026-04-08 07:19:00,2026-04-08 07:20:00,2026-04-08 07:21:00,4812.544,4811.544,TP,0.72,1,0.35656355912056453,ml_scalp1,2026-04
1505347,short,2026-04-08 07:31:00,2026-04-08 07:32:00,2026-04-08 07:33:00,4817.353,4816.353,TP,0.72,1,0.3565590937392601,ml_scalp1,2026-04
1505418,long,2026-04-08 08:42:00,2026-04-08 08:43:00,2026-04-08 08:44:00,4791.262,4792.262,TP,0.72,1,0.39732934503888595,ml_scalp1,2026-04
1505434,short,2026-04-08 08:58:00,2026-04-08 08:59:00,2026-04-08 09:00:00,4794.964,4793.964,TP,0.72,1,0.3565895914491702,ml_scalp1,2026-04
1505480,long,2026-04-08 09:44:00,2026-04-08 09:45:00,2026-04-08 09:46:00,4782.676,4781.5960000000005,SL,-1.44,1,0.40067644392764534,ml_scalp1,2026-04
1505605,short,2026-04-08 11:49:00,2026-04-08 11:50:00,2026-04-08 11:51:00,4796.016,4796.856,SL,-1.12,1,0.3565336922264783,ml_scalp1,2026-04
1505617,short,2026-04-08 12:01:00,2026-04-08 12:02:00,2026-04-08 12:03:00,4800.878,4801.718,SL,-1.12,1,0.3565895914491702,ml_scalp1,2026-04
1505637,long,2026-04-08 12:21:00,2026-04-08 12:22:00,2026-04-08 12:23:00,4778.512,4777.432,SL,-1.44,1,0.4113129221863621,ml_scalp1,2026-04
1505651,short,2026-04-08 12:35:00,2026-04-08 12:36:00,2026-04-08 12:37:00,4792.932,4793.772,SL,-1.12,1,0.3566344042079338,ml_scalp1,2026-04
1505668,short,2026-04-08 12:52:00,2026-04-08 12:53:00,2026-04-08 12:54:00,4797.256,4798.0960000000005,SL,-1.12,1,0.3565895914491702,ml_scalp1,2026-04
1505707,long,2026-04-08 13:31:00,2026-04-08 13:32:00,2026-04-08 13:33:00,4781.951,4781.111,SL,-1.12,1,0.39909686603252686,ml_scalp1,2026-04
1505726,short,2026-04-08 13:50:00,2026-04-08 13:51:00,2026-04-08 13:52:00,4787.441,4786.441,TP,0.72,1,0.35659608338839693,ml_scalp1,2026-04
1505738,short,2026-04-08 14:02:00,2026-04-08 14:03:00,2026-04-08 14:04:00,4784.197,4785.037,SL,-1.12,1,0.3566344042079338,ml_scalp1,2026-04
1505752,short,2026-04-08 14:16:00,2026-04-08 14:17:00,2026-04-08 14:18:00,4783.184,4784.024,SL,-1.12,1,0.3566344042079338,ml_scalp1,2026-04
1505764,short,2026-04-08 14:28:00,2026-04-08 14:29:00,2026-04-08 14:30:00,4771.311,4770.311,TP,0.72,1,0.3566344042079338,ml_scalp1,2026-04
1505778,short,2026-04-08 14:42:00,2026-04-08 14:43:00,2026-04-08 14:44:00,4765.904,4764.904,TP,0.72,1,0.3566344042079338,ml_scalp1,2026-04
1505791,long,2026-04-08 14:55:00,2026-04-08 14:56:00,2026-04-08 14:57:00,4745.792,4744.952,SL,-1.12,1,0.3954355133229442,ml_scalp1,2026-04
1505833,short,2026-04-08 15:37:00,2026-04-08 15:38:00,2026-04-08 15:39:00,4759.039,4759.879,SL,-1.12,1,0.3565895914491702,ml_scalp1,2026-04
1505951,long,2026-04-08 17:35:00,2026-04-08 17:36:00,2026-04-08 17:37:00,4741.527,4740.687,SL,-1.12,1,0.39807944533731776,ml_scalp1,2026-04
1505994,long,2026-04-08 18:18:00,2026-04-08 18:19:00,2026-04-08 18:20:00,4725.407,4724.567,SL,-1.12,1,0.4295404145056381,ml_scalp1,2026-04
1506019,long,2026-04-08 18:43:00,2026-04-08 18:44:00,2026-04-08 18:45:00,4710.779,4709.939,SL,-1.12,1,0.3988662497534851,ml_scalp1,2026-04
1506036,long,2026-04-08 19:00:00,2026-04-08 19:01:00,2026-04-08 19:02:00,4702.938,4703.938,TP,0.72,1,0.40097329805862486,ml_scalp1,2026-04
1506132,long,2026-04-08 20:36:00,2026-04-08 20:37:00,2026-04-08 20:40:00,4721.728,4722.728,TP,0.72,3,0.4006755087310877,ml_scalp1,2026-04
1506154,long,2026-04-08 22:01:00,2026-04-08 22:02:00,2026-04-08 22:03:00,4728.842,4727.342,SL,-2.0,1,0.40904836321521293,ml_scalp1,2026-04
1506690,short,2026-04-09 06:57:00,2026-04-09 06:58:00,2026-04-09 06:59:00,4712.57,4711.57,TP,0.72,1,0.3566469907220889,ml_scalp1,2026-04
1506704,long,2026-04-09 07:11:00,2026-04-09 07:12:00,2026-04-09 07:13:00,4727.289,4726.449,SL,-1.12,1,0.3996674729157752,ml_scalp1,2026-04
1506724,short,2026-04-09 07:31:00,2026-04-09 07:32:00,2026-04-09 07:33:00,4714.041,4714.881,SL,-1.12,1,0.35670066967176284,ml_scalp1,2026-04
1506741,short,2026-04-09 07:48:00,2026-04-09 07:49:00,2026-04-09 07:50:00,4719.824,4718.824,TP,0.72,1,0.3566817700323153,ml_scalp1,2026-04
1506753,short,2026-04-09 08:00:00,2026-04-09 08:01:00,2026-04-09 08:02:00,4724.951,4723.951,TP,0.72,1,0.3565707067108838,ml_scalp1,2026-04
1507149,long,2026-04-09 14:36:00,2026-04-09 14:37:00,2026-04-09 14:38:00,4747.475,4748.475,TP,0.72,1,0.3963837564028041,ml_scalp1,2026-04
1507395,long,2026-04-09 18:42:00,2026-04-09 18:43:00,2026-04-09 18:44:00,4771.637,4770.797,SL,-1.12,1,0.3985238590315278,ml_scalp1,2026-04
1507791,long,2026-04-10 02:21:00,2026-04-10 02:22:00,2026-04-10 02:23:00,4743.256,4744.256,TP,0.72,1,0.4121842477255158,ml_scalp1,2026-04
1508050,short,2026-04-10 06:40:00,2026-04-10 06:41:00,2026-04-10 06:42:00,4752.882,4751.882,TP,0.72,1,0.35654243424104537,ml_scalp1,2026-04
1508077,short,2026-04-10 07:07:00,2026-04-10 07:08:00,2026-04-10 07:09:00,4750.462,4751.302000000001,SL,-1.12,1,0.35656540686455257,ml_scalp1,2026-04
1508089,long,2026-04-10 07:19:00,2026-04-10 07:20:00,2026-04-10 07:21:00,4752.781,4751.941,SL,-1.12,1,0.3955927694568038,ml_scalp1,2026-04
1508213,short,2026-04-10 09:23:00,2026-04-10 09:24:00,2026-04-10 09:25:00,4756.026,4755.026,TP,0.72,1,0.35659608338839693,ml_scalp1,2026-04
1508449,short,2026-04-10 13:19:00,2026-04-10 13:20:00,2026-04-10 13:21:00,4772.14,4772.9800000000005,SL,-1.12,1,0.3566155145025937,ml_scalp1,2026-04
1508523,long,2026-04-10 14:33:00,2026-04-10 14:34:00,2026-04-10 14:35:00,4791.712,4790.872,SL,-1.12,1,0.3953033247419156,ml_scalp1,2026-04
1508549,short,2026-04-10 14:59:00,2026-04-10 15:00:00,2026-04-10 15:01:00,4774.97,4775.81,SL,-1.12,1,0.3566155145025937,ml_scalp1,2026-04
1508581,short,2026-04-10 15:31:00,2026-04-10 15:32:00,2026-04-10 15:33:00,4775.336,4774.336,TP,0.72,1,0.3563142229573616,ml_scalp1,2026-04
1508594,short,2026-04-10 15:44:00,2026-04-10 15:45:00,2026-04-10 15:46:00,4765.726,4766.566,SL,-1.12,1,0.3566344042079338,ml_scalp1,2026-04
1508606,short,2026-04-10 15:56:00,2026-04-10 15:57:00,2026-04-10 15:58:00,4762.792,4763.6320000000005,SL,-1.12,1,0.3566344042079338,ml_scalp1,2026-04
1508625,short,2026-04-10 16:15:00,2026-04-10 16:16:00,2026-04-10 16:17:00,4763.465,4764.305,SL,-1.12,1,0.3566344042079338,ml_scalp1,2026-04
1508640,short,2026-04-10 16:30:00,2026-04-10 16:31:00,2026-04-10 16:32:00,4757.807,4758.647,SL,-1.12,1,0.3566344042079338,ml_scalp1,2026-04
1508656,short,2026-04-10 16:46:00,2026-04-10 16:47:00,2026-04-10 16:48:00,4759.466,4760.3060000000005,SL,-1.12,1,0.3565718938367256,ml_scalp1,2026-04
1508668,short,2026-04-10 16:58:00,2026-04-10 16:59:00,2026-04-10 17:00:00,4763.414,4764.254,SL,-1.12,1,0.35656540686455257,ml_scalp1,2026-04
1508875,long,2026-04-10 20:25:00,2026-04-10 20:26:00,2026-04-10 20:27:00,4744.1,4745.1,TP,0.64,1,0.4009480813966701,ml_scalp1,2026-04
1508908,long,2026-04-12 22:06:00,2026-04-12 22:07:00,2026-04-12 22:08:00,4675.231,4674.151,SL,-1.44,1,0.40507597630054404,ml_scalp1,2026-04
1508920,long,2026-04-12 22:18:00,2026-04-12 22:19:00,2026-04-12 22:20:00,4677.92,4677.08,SL,-1.12,1,0.3958414874771742,ml_scalp1,2026-04
1508943,long,2026-04-12 22:41:00,2026-04-12 22:42:00,2026-04-12 22:43:00,4654.448,4653.608,SL,-1.12,1,0.40126868243287056,ml_scalp1,2026-04
1508967,long,2026-04-12 23:05:00,2026-04-12 23:06:00,2026-04-12 23:07:00,4656.894,4656.054,SL,-1.12,1,0.40096007745327633,ml_scalp1,2026-04
1509044,long,2026-04-13 00:22:00,2026-04-13 00:23:00,2026-04-13 00:24:00,4672.581,4671.741,SL,-1.12,1,0.3970503041899382,ml_scalp1,2026-04
1509451,long,2026-04-13 07:09:00,2026-04-13 07:10:00,2026-04-13 07:11:00,4726.804,4727.804,TP,0.72,1,0.3999964768824713,ml_scalp1,2026-04
1509558,short,2026-04-13 08:56:00,2026-04-13 08:57:00,2026-04-13 08:59:00,4725.393,4724.393,TP,0.72,2,0.3565895914491702,ml_scalp1,2026-04
1509586,short,2026-04-13 09:24:00,2026-04-13 09:25:00,2026-04-13 09:26:00,4720.571,4719.571,TP,0.72,1,0.3565895914491702,ml_scalp1,2026-04
1509612,short,2026-04-13 09:50:00,2026-04-13 09:51:00,2026-04-13 09:52:00,4714.464,4715.304,SL,-1.12,1,0.3565895914491702,ml_scalp1,2026-04
1509785,short,2026-04-13 12:43:00,2026-04-13 12:44:00,2026-04-13 12:45:00,4714.181,4715.021,SL,-1.12,1,0.3565895914491702,ml_scalp1,2026-04
1509800,short,2026-04-13 12:58:00,2026-04-13 12:59:00,2026-04-13 13:00:00,4722.871,4723.711,SL,-1.12,1,0.3565895914491702,ml_scalp1,2026-04
1509819,short,2026-04-13 13:17:00,2026-04-13 13:18:00,2026-04-13 13:19:00,4732.837,4733.677000000001,SL,-1.12,1,0.3565707067108838,ml_scalp1,2026-04
1509847,short,2026-04-13 13:45:00,2026-04-13 13:46:00,2026-04-13 13:47:00,4727.405,4726.405,TP,0.72,1,0.3565707067108838,ml_scalp1,2026-04
1509860,short,2026-04-13 13:58:00,2026-04-13 13:59:00,2026-04-13 14:00:00,4728.951,4729.791,SL,-1.12,1,0.3566155145025937,ml_scalp1,2026-04
1509874,short,2026-04-13 14:12:00,2026-04-13 14:13:00,2026-04-13 14:14:00,4724.767,4725.607,SL,-1.12,1,0.3566344042079338,ml_scalp1,2026-04
1509891,short,2026-04-13 14:29:00,2026-04-13 14:30:00,2026-04-13 14:31:00,4715.171,4714.171,TP,0.72,1,0.3566344042079338,ml_scalp1,2026-04
1509903,short,2026-04-13 14:41:00,2026-04-13 14:42:00,2026-04-13 14:43:00,4720.393,4719.393,TP,0.72,1,0.3566344042079338,ml_scalp1,2026-04
1509915,short,2026-04-13 14:53:00,2026-04-13 14:54:00,2026-04-13 14:55:00,4713.394,4714.234,SL,-1.12,1,0.35659608338839693,ml_scalp1,2026-04
1509927,long,2026-04-13 15:05:00,2026-04-13 15:06:00,2026-04-13 15:07:00,4703.18,4704.18,TP,0.72,1,0.39558868644270573,ml_scalp1,2026-04
1509939,short,2026-04-13 15:17:00,2026-04-13 15:18:00,2026-04-13 15:19:00,4709.194,4710.034000000001,SL,-1.12,1,0.3563713987128624,ml_scalp1,2026-04
1509952,short,2026-04-13 15:30:00,2026-04-13 15:31:00,2026-04-13 15:32:00,4704.703,4705.543000000001,SL,-1.12,1,0.35656015668875857,ml_scalp1,2026-04
1509965,short,2026-04-13 15:43:00,2026-04-13 15:44:00,2026-04-13 15:45:00,4712.299,4711.299,TP,0.72,1,0.3565895914491702,ml_scalp1,2026-04
1510003,short,2026-04-13 16:21:00,2026-04-13 16:22:00,2026-04-13 16:23:00,4724.972,4723.972,TP,0.72,1,0.35653478001124544,ml_scalp1,2026-04
1510031,short,2026-04-13 16:49:00,2026-04-13 16:50:00,2026-04-13 16:51:00,4737.836,4738.676,SL,-1.12,1,0.3565913249509224,ml_scalp1,2026-04
1510051,short,2026-04-13 17:09:00,2026-04-13 17:10:00,2026-04-13 17:11:00,4728.56,4729.400000000001,SL,-1.12,1,0.3565872271315941,ml_scalp1,2026-04
1510069,short,2026-04-13 17:27:00,2026-04-13 17:28:00,2026-04-13 17:29:00,4749.415,4748.415,TP,0.72,1,0.3564941097752937,ml_scalp1,2026-04
1510360,long,2026-04-13 23:21:00,2026-04-13 23:22:00,2026-04-13 23:26:00,4758.128,4757.288,SL,-1.12,4,0.3961778669945261,ml_scalp1,2026-04
1510426,long,2026-04-14 00:27:00,2026-04-14 00:28:00,2026-04-14 00:29:00,4761.892,4761.052,SL,-1.12,1,0.3985334309580299,ml_scalp1,2026-04
1510813,short,2026-04-14 06:54:00,2026-04-14 06:55:00,2026-04-14 06:56:00,4778.589,4779.429,SL,-1.12,1,0.35654243424104537,ml_scalp1,2026-04
1510848,short,2026-04-14 07:29:00,2026-04-14 07:30:00,2026-04-14 07:31:00,4772.569,4773.409000000001,SL,-1.12,1,0.3563713987128624,ml_scalp1,2026-04
1510869,short,2026-04-14 07:50:00,2026-04-14 07:51:00,2026-04-14 07:52:00,4777.424,4776.424,TP,0.72,1,0.3566344042079338,ml_scalp1,2026-04
1510899,short,2026-04-14 08:20:00,2026-04-14 08:21:00,2026-04-14 08:22:00,4779.742,4778.742,TP,0.72,1,0.35632661575642116,ml_scalp1,2026-04
1510922,short,2026-04-14 08:43:00,2026-04-14 08:44:00,2026-04-14 08:45:00,4784.027,4784.867,SL,-1.12,1,0.3565707067108838,ml_scalp1,2026-04
1510970,short,2026-04-14 09:31:00,2026-04-14 09:32:00,2026-04-14 09:33:00,4776.488,4775.488,TP,0.72,1,0.35653478001124544,ml_scalp1,2026-04
1511037,long,2026-04-14 10:38:00,2026-04-14 10:39:00,2026-04-14 10:40:00,4767.019,4766.179,SL,-1.12,1,0.39574226568047205,ml_scalp1,2026-04
1511059,short,2026-04-14 11:00:00,2026-04-14 11:01:00,2026-04-14 11:02:00,4769.185,4770.025000000001,SL,-1.12,1,0.35659847750829543,ml_scalp1,2026-04
1511120,short,2026-04-14 12:01:00,2026-04-14 12:02:00,2026-04-14 12:03:00,4775.938,4776.778,SL,-1.12,1,0.3565895914491702,ml_scalp1,2026-04
1511138,short,2026-04-14 12:19:00,2026-04-14 12:20:00,2026-04-14 12:21:00,4770.872,4769.872,TP,0.72,1,0.35659608338839693,ml_scalp1,2026-04
1511183,short,2026-04-14 13:04:00,2026-04-14 13:05:00,2026-04-14 13:06:00,4777.478,4776.478,TP,0.72,1,0.35659608338839693,ml_scalp1,2026-04
1511197,short,2026-04-14 13:18:00,2026-04-14 13:19:00,2026-04-14 13:20:00,4784.967,4785.807,SL,-1.12,1,0.35659608338839693,ml_scalp1,2026-04
1511209,short,2026-04-14 13:30:00,2026-04-14 13:31:00,2026-04-14 13:32:00,4783.255,4784.095,SL,-1.12,1,0.35659608338839693,ml_scalp1,2026-04
1511222,short,2026-04-14 13:43:00,2026-04-14 13:44:00,2026-04-14 13:45:00,4791.985,4792.825,SL,-1.12,1,0.3566155145025937,ml_scalp1,2026-04
1511236,short,2026-04-14 13:57:00,2026-04-14 13:58:00,2026-04-14 13:59:00,4791.569,4792.409000000001,SL,-1.12,1,0.3566155145025937,ml_scalp1,2026-04
1511249,short,2026-04-14 14:10:00,2026-04-14 14:11:00,2026-04-14 14:12:00,4801.254,4800.254,TP,0.72,1,0.35657958780295534,ml_scalp1,2026-04
1511262,short,2026-04-14 14:23:00,2026-04-14 14:24:00,2026-04-14 14:25:00,4800.858,4801.698,SL,-1.12,1,0.3566155145025937,ml_scalp1,2026-04
1511277,long,2026-04-14 14:38:00,2026-04-14 14:39:00,2026-04-14 14:40:00,4807.295,4806.455,SL,-1.12,1,0.40120688255505643,ml_scalp1,2026-04
1511309,short,2026-04-14 15:10:00,2026-04-14 15:11:00,2026-04-14 15:12:00,4792.68,4793.52,SL,-1.12,1,0.3566155145025937,ml_scalp1,2026-04
1511354,long,2026-04-14 15:55:00,2026-04-14 15:56:00,2026-04-14 15:57:00,4809.161,4810.161,TP,0.72,1,0.39506751425382675,ml_scalp1,2026-04
1511704,long,2026-04-14 22:48:00,2026-04-14 22:49:00,2026-04-14 22:50:00,4838.229,4837.149,SL,-1.44,1,0.4016095430831745,ml_scalp1,2026-04
1511931,long,2026-04-15 02:35:00,2026-04-15 02:36:00,2026-04-15 02:37:00,4823.378,4822.538,SL,-1.12,1,0.4096594410823095,ml_scalp1,2026-04
1511960,long,2026-04-15 03:04:00,2026-04-15 03:05:00,2026-04-15 03:06:00,4817.167,4818.167,TP,0.72,1,0.40092921426463135,ml_scalp1,2026-04
1512113,long,2026-04-15 05:37:00,2026-04-15 05:38:00,2026-04-15 05:39:00,4815.367,4816.367,TP,0.72,1,0.41258047794487024,ml_scalp1,2026-04
1512173,short,2026-04-15 06:37:00,2026-04-15 06:38:00,2026-04-15 06:39:00,4817.41,4816.41,TP,0.72,1,0.35654243424104537,ml_scalp1,2026-04
1512185,short,2026-04-15 06:49:00,2026-04-15 06:50:00,2026-04-15 06:51:00,4819.923,4818.923,TP,0.72,1,0.35654243424104537,ml_scalp1,2026-04
1512201,short,2026-04-15 07:05:00,2026-04-15 07:06:00,2026-04-15 07:07:00,4809.09,4808.09,TP,0.72,1,0.35656540686455257,ml_scalp1,2026-04
1512264,short,2026-04-15 08:08:00,2026-04-15 08:09:00,2026-04-15 08:10:00,4811.244,4810.244,TP,0.72,1,0.3565895914491702,ml_scalp1,2026-04
1512277,short,2026-04-15 08:21:00,2026-04-15 08:22:00,2026-04-15 08:23:00,4810.774,4809.774,TP,0.72,1,0.3565895914491702,ml_scalp1,2026-04
1512303,short,2026-04-15 08:47:00,2026-04-15 08:48:00,2026-04-15 08:49:00,4811.062,4811.902,SL,-1.12,1,0.3565895914491702,ml_scalp1,2026-04
1512327,long,2026-04-15 09:11:00,2026-04-15 09:12:00,2026-04-15 09:13:00,4796.299,4797.299,TP,0.72,1,0.4025435584729361,ml_scalp1,2026-04
1512431,short,2026-04-15 10:55:00,2026-04-15 10:56:00,2026-04-15 10:57:00,4803.214,4802.214,TP,0.72,1,0.3565895914491702,ml_scalp1,2026-04
1512493,short,2026-04-15 11:57:00,2026-04-15 11:58:00,2026-04-15 11:59:00,4811.364,4812.204,SL,-1.12,1,0.3565895914491702,ml_scalp1,2026-04
1512508,short,2026-04-15 12:12:00,2026-04-15 12:13:00,2026-04-15 12:14:00,4812.18,4813.02,SL,-1.12,1,0.35659608338839693,ml_scalp1,2026-04
1512523,short,2026-04-15 12:27:00,2026-04-15 12:28:00,2026-04-15 12:29:00,4811.546,4812.386,SL,-1.12,1,0.3565895914491702,ml_scalp1,2026-04
1512561,short,2026-04-15 13:05:00,2026-04-15 13:06:00,2026-04-15 13:07:00,4811.686,4812.526,SL,-1.12,1,0.3565895914491702,ml_scalp1,2026-04
1512579,short,2026-04-15 13:23:00,2026-04-15 13:24:00,2026-04-15 13:25:00,4817.639,4818.479,SL,-1.12,1,0.35654126698341854,ml_scalp1,2026-04
1512681,short,2026-04-15 15:05:00,2026-04-15 15:06:00,2026-04-15 15:07:00,4810.114,4809.114,TP,0.72,1,0.3565707067108838,ml_scalp1,2026-04
1512693,short,2026-04-15 15:17:00,2026-04-15 15:18:00,2026-04-15 15:19:00,4805.113,4805.953,SL,-1.12,1,0.3566344042079338,ml_scalp1,2026-04
1512707,long,2026-04-15 15:31:00,2026-04-15 15:32:00,2026-04-15 15:33:00,4793.294,4794.294,TP,0.72,1,0.3951352836418319,ml_scalp1,2026-04
1512721,short,2026-04-15 15:45:00,2026-04-15 15:46:00,2026-04-15 15:47:00,4804.642,4805.482,SL,-1.12,1,0.3566344042079338,ml_scalp1,2026-04
1512746,short,2026-04-15 16:10:00,2026-04-15 16:11:00,2026-04-15 16:13:00,4806.755,4807.595,SL,-1.12,2,0.3565895914491702,ml_scalp1,2026-04
1512759,short,2026-04-15 16:23:00,2026-04-15 16:24:00,2026-04-15 16:25:00,4809.263,4808.263,TP,0.72,1,0.3565895914491702,ml_scalp1,2026-04
1512783,short,2026-04-15 16:47:00,2026-04-15 16:48:00,2026-04-15 16:49:00,4804.766,4805.606,SL,-1.12,1,0.35656540686455257,ml_scalp1,2026-04
1512796,short,2026-04-15 17:00:00,2026-04-15 17:01:00,2026-04-15 17:02:00,4804.317,4803.317,TP,0.72,1,0.35656540686455257,ml_scalp1,2026-04
1512808,short,2026-04-15 17:12:00,2026-04-15 17:13:00,2026-04-15 17:14:00,4799.574,4798.574,TP,0.72,1,0.3566469907220889,ml_scalp1,2026-04
1512824,long,2026-04-15 17:28:00,2026-04-15 17:29:00,2026-04-15 17:30:00,4801.763,4800.923,SL,-1.12,1,0.39837194020306216,ml_scalp1,2026-04
1512847,long,2026-04-15 17:51:00,2026-04-15 17:52:00,2026-04-15 17:53:00,4793.0,4792.16,SL,-1.12,1,0.39596240807790295,ml_scalp1,2026-04
1512880,long,2026-04-15 18:24:00,2026-04-15 18:25:00,2026-04-15 18:26:00,4794.65,4793.8099999999995,SL,-1.12,1,0.3972388545401868,ml_scalp1,2026-04
1513025,long,2026-04-15 20:49:00,2026-04-15 20:50:00,2026-04-15 20:51:00,4789.485,4790.485,TP,0.72,1,0.3968895864090561,ml_scalp1,2026-04
1513180,long,2026-04-16 00:28:00,2026-04-16 00:29:00,2026-04-16 00:32:00,4825.042,4826.042,TP,0.64,3,0.3964398263820344,ml_scalp1,2026-04
1513251,long,2026-04-16 01:39:00,2026-04-16 01:40:00,2026-04-16 01:41:00,4813.087,4814.087,TP,0.72,1,0.4029430887267774,ml_scalp1,2026-04
1513457,long,2026-04-16 05:05:00,2026-04-16 05:06:00,2026-04-16 05:07:00,4835.834,4834.994,SL,-1.12,1,0.39766907676899627,ml_scalp1,2026-04
1513471,long,2026-04-16 05:19:00,2026-04-16 05:20:00,2026-04-16 05:21:00,4835.535,4834.695,SL,-1.12,1,0.40057906580417485,ml_scalp1,2026-04
1513541,short,2026-04-16 06:29:00,2026-04-16 06:30:00,2026-04-16 06:31:00,4816.37,4817.21,SL,-1.12,1,0.3565489212132184,ml_scalp1,2026-04
1513554,short,2026-04-16 06:42:00,2026-04-16 06:43:00,2026-04-16 06:44:00,4823.131,4823.9710000000005,SL,-1.12,1,0.3565489212132184,ml_scalp1,2026-04
1513580,short,2026-04-16 07:08:00,2026-04-16 07:09:00,2026-04-16 07:10:00,4828.85,4829.6900000000005,SL,-1.12,1,0.3566102096892087,ml_scalp1,2026-04
1513593,short,2026-04-16 07:21:00,2026-04-16 07:22:00,2026-04-16 07:23:00,4819.495,4820.335,SL,-1.12,1,0.3566344042079338,ml_scalp1,2026-04
1513612,short,2026-04-16 07:40:00,2026-04-16 07:41:00,2026-04-16 07:42:00,4829.649,4828.649,TP,0.72,1,0.3565771936830569,ml_scalp1,2026-04
1513756,short,2026-04-16 10:04:00,2026-04-16 10:05:00,2026-04-16 10:06:00,4812.522,4813.362,SL,-1.12,1,0.3565536647495318,ml_scalp1,2026-04
1513879,short,2026-04-16 12:07:00,2026-04-16 12:08:00,2026-04-16 12:09:00,4818.589,4817.589,TP,0.72,1,0.3565707067108838,ml_scalp1,2026-04
1513894,short,2026-04-16 12:22:00,2026-04-16 12:23:00,2026-04-16 12:24:00,4816.741,4815.741,TP,0.72,1,0.35659608338839693,ml_scalp1,2026-04
1513912,short,2026-04-16 12:40:00,2026-04-16 12:41:00,2026-04-16 12:42:00,4814.731,4815.571,SL,-1.12,1,0.35659608338839693,ml_scalp1,2026-04
1513925,short,2026-04-16 12:53:00,2026-04-16 12:54:00,2026-04-16 12:55:00,4815.358,4816.198,SL,-1.12,1,0.3565895914491702,ml_scalp1,2026-04
1513942,short,2026-04-16 13:10:00,2026-04-16 13:11:00,2026-04-16 13:12:00,4815.929,4816.769,SL,-1.12,1,0.3565895914491702,ml_scalp1,2026-04
1513956,short,2026-04-16 13:24:00,2026-04-16 13:25:00,2026-04-16 13:26:00,4816.697,4817.537,SL,-1.12,1,0.35659608338839693,ml_scalp1,2026-04
1513969,short,2026-04-16 13:37:00,2026-04-16 13:38:00,2026-04-16 13:39:00,4819.349,4820.189,SL,-1.12,1,0.3566155145025937,ml_scalp1,2026-04
1513984,long,2026-04-16 13:52:00,2026-04-16 13:53:00,2026-04-16 13:54:00,4795.361,4794.521,SL,-1.12,1,0.395226633266346,ml_scalp1,2026-04
1514001,short,2026-04-16 14:09:00,2026-04-16 14:10:00,2026-04-16 14:11:00,4799.539,4800.379,SL,-1.12,1,0.35659847750829543,ml_scalp1,2026-04
1514022,short,2026-04-16 14:30:00,2026-04-16 14:31:00,2026-04-16 14:32:00,4799.528,4798.528,TP,0.72,1,0.3566344042079338,ml_scalp1,2026-04
1514073,short,2026-04-16 15:21:00,2026-04-16 15:22:00,2026-04-16 15:23:00,4804.981,4805.821,SL,-1.12,1,0.3566344042079338,ml_scalp1,2026-04
1514090,short,2026-04-16 15:38:00,2026-04-16 15:39:00,2026-04-16 15:40:00,4807.896,4806.896,TP,0.72,1,0.3566344042079338,ml_scalp1,2026-04
1514104,short,2026-04-16 15:52:00,2026-04-16 15:53:00,2026-04-16 15:54:00,4805.753,4806.593,SL,-1.12,1,0.3566344042079338,ml_scalp1,2026-04
1514118,short,2026-04-16 16:06:00,2026-04-16 16:07:00,2026-04-16 16:08:00,4807.908,4806.908,TP,0.72,1,0.3566344042079338,ml_scalp1,2026-04
1514133,short,2026-04-16 16:21:00,2026-04-16 16:22:00,2026-04-16 16:23:00,4802.087,4801.087,TP,0.72,1,0.3565895914491702,ml_scalp1,2026-04
1514145,long,2026-04-16 16:33:00,2026-04-16 16:34:00,2026-04-16 16:35:00,4789.236,4790.236,TP,0.72,1,0.40205387112309043,ml_scalp1,2026-04
1514201,long,2026-04-16 17:29:00,2026-04-16 17:30:00,2026-04-16 17:31:00,4785.35,4786.35,TP,0.72,1,0.3958310557881817,ml_scalp1,2026-04
1514555,long,2026-04-17 00:25:00,2026-04-17 00:26:00,2026-04-17 00:27:00,4790.855,4791.855,TP,0.72,1,0.40001079378980636,ml_scalp1,2026-04
1514572,long,2026-04-17 00:42:00,2026-04-17 00:43:00,2026-04-17 00:44:00,4795.357,4796.357,TP,0.72,1,0.4037120230308312,ml_scalp1,2026-04
1514584,long,2026-04-17 00:54:00,2026-04-17 00:55:00,2026-04-17 00:56:00,4795.268,4794.428,SL,-1.12,1,0.4051107833157595,ml_scalp1,2026-04
1514599,long,2026-04-17 01:09:00,2026-04-17 01:10:00,2026-04-17 01:11:00,4783.402,4782.562,SL,-1.12,1,0.4155132547865119,ml_scalp1,2026-04
1514618,long,2026-04-17 01:28:00,2026-04-17 01:29:00,2026-04-17 01:30:00,4768.643,4767.803,SL,-1.12,1,0.4021308347315923,ml_scalp1,2026-04
1514860,long,2026-04-17 05:30:00,2026-04-17 05:31:00,2026-04-17 05:32:00,4801.229,4800.389,SL,-1.12,1,0.3974755949702113,ml_scalp1,2026-04
1514925,short,2026-04-17 06:35:00,2026-04-17 06:36:00,2026-04-17 06:37:00,4782.767,4781.767,TP,0.72,1,0.35650686020222194,ml_scalp1,2026-04
1514942,short,2026-04-17 06:52:00,2026-04-17 06:53:00,2026-04-17 06:54:00,4785.555,4784.555,TP,0.72,1,0.35654243424104537,ml_scalp1,2026-04
1514956,short,2026-04-17 07:06:00,2026-04-17 07:07:00,2026-04-17 07:08:00,4787.823,4788.6630000000005,SL,-1.12,1,0.3565294801649142,ml_scalp1,2026-04
1514992,short,2026-04-17 07:42:00,2026-04-17 07:43:00,2026-04-17 07:44:00,4784.257,4785.097,SL,-1.12,1,0.35646138682531203,ml_scalp1,2026-04
1515005,short,2026-04-17 07:55:00,2026-04-17 07:56:00,2026-04-17 07:57:00,4785.125,4784.125,TP,0.72,1,0.3565895914491702,ml_scalp1,2026-04
1515018,short,2026-04-17 08:08:00,2026-04-17 08:09:00,2026-04-17 08:10:00,4787.201,4786.201,TP,0.72,1,0.3565895914491702,ml_scalp1,2026-04
1515034,short,2026-04-17 08:24:00,2026-04-17 08:25:00,2026-04-17 08:26:00,4784.298,4783.298,TP,0.72,1,0.3565336922264783,ml_scalp1,2026-04
1515076,short,2026-04-17 09:06:00,2026-04-17 09:07:00,2026-04-17 09:08:00,4797.258,4796.258,TP,0.72,1,0.3565895914491702,ml_scalp1,2026-04
1515091,short,2026-04-17 09:21:00,2026-04-17 09:22:00,2026-04-17 09:23:00,4797.888,4796.888,TP,0.72,1,0.3565895914491702,ml_scalp1,2026-04
1515103,short,2026-04-17 09:33:00,2026-04-17 09:34:00,2026-04-17 09:35:00,4795.302,4796.142,SL,-1.12,1,0.3565895914491702,ml_scalp1,2026-04
1515119,short,2026-04-17 09:49:00,2026-04-17 09:50:00,2026-04-17 09:58:00,4792.026,4791.026,TP,0.72,8,0.3565895914491702,ml_scalp1,2026-04
1515184,short,2026-04-17 10:54:00,2026-04-17 10:55:00,2026-04-17 10:56:00,4786.011,4785.011,TP,0.72,1,0.3565895914491702,ml_scalp1,2026-04
1515209,short,2026-04-17 11:19:00,2026-04-17 11:20:00,2026-04-17 11:22:00,4785.751,4786.591,SL,-1.12,2,0.3565895914491702,ml_scalp1,2026-04
1515325,long,2026-04-17 13:15:00,2026-04-17 13:16:00,2026-04-17 13:17:00,4876.957,4875.877,SL,-1.44,1,0.40233083637211664,ml_scalp1,2026-04
1515337,long,2026-04-17 13:27:00,2026-04-17 13:28:00,2026-04-17 13:29:00,4852.345,4851.265,SL,-1.44,1,0.4069095006183378,ml_scalp1,2026-04
1515350,long,2026-04-17 13:40:00,2026-04-17 13:41:00,2026-04-17 13:42:00,4865.542,4866.542,TP,0.64,1,0.39527949349199104,ml_scalp1,2026-04
1515369,long,2026-04-17 13:59:00,2026-04-17 14:00:00,2026-04-17 14:01:00,4880.029,4881.029,TP,0.64,1,0.39630107070986437,ml_scalp1,2026-04
1515396,long,2026-04-17 14:26:00,2026-04-17 14:27:00,2026-04-17 14:28:00,4878.155,4877.315,SL,-1.12,1,0.3994179389827482,ml_scalp1,2026-04
1515408,long,2026-04-17 14:38:00,2026-04-17 14:39:00,2026-04-17 14:40:00,4873.874,4874.874,TP,0.64,1,0.40149721892172224,ml_scalp1,2026-04
1515422,long,2026-04-17 14:52:00,2026-04-17 14:53:00,2026-04-17 14:54:00,4871.87,4872.87,TP,0.72,1,0.40355635982501403,ml_scalp1,2026-04
1515434,long,2026-04-17 15:04:00,2026-04-17 15:05:00,2026-04-17 15:06:00,4868.325,4869.325,TP,0.64,1,0.3964622222733926,ml_scalp1,2026-04
1515446,long,2026-04-17 15:16:00,2026-04-17 15:17:00,2026-04-17 15:18:00,4869.674,4870.674,TP,0.64,1,0.39612555719841264,ml_scalp1,2026-04
1515458,long,2026-04-17 15:28:00,2026-04-17 15:29:00,2026-04-17 15:30:00,4868.262,4867.422,SL,-1.12,1,0.39737258142708987,ml_scalp1,2026-04
1515471,long,2026-04-17 15:41:00,2026-04-17 15:42:00,2026-04-17 15:43:00,4867.198,4866.118,SL,-1.44,1,0.39544201054404443,ml_scalp1,2026-04
1515490,long,2026-04-17 16:00:00,2026-04-17 16:01:00,2026-04-17 16:02:00,4864.602,4865.602,TP,0.64,1,0.4039625250165927,ml_scalp1,2026-04
1515509,long,2026-04-17 16:19:00,2026-04-17 16:20:00,2026-04-17 16:21:00,4871.009,4872.009,TP,0.72,1,0.3980480603921278,ml_scalp1,2026-04
1515522,long,2026-04-17 16:32:00,2026-04-17 16:33:00,2026-04-17 16:34:00,4870.696,4869.856,SL,-1.12,1,0.3954141458776108,ml_scalp1,2026-04
1515542,short,2026-04-17 16:52:00,2026-04-17 16:53:00,2026-04-17 16:54:00,4866.257,4867.3369999999995,SL,-1.44,1,0.3568625310517041,ml_scalp1,2026-04
1515558,long,2026-04-17 17:08:00,2026-04-17 17:09:00,2026-04-17 17:10:00,4859.456,4860.456,TP,0.64,1,0.400597495951076,ml_scalp1,2026-04
1515574,long,2026-04-17 17:24:00,2026-04-17 17:25:00,2026-04-17 17:26:00,4854.254,4855.254,TP,0.64,1,0.39767080979460934,ml_scalp1,2026-04
1515589,short,2026-04-17 17:39:00,2026-04-17 17:40:00,2026-04-17 17:41:00,4857.317,4856.317,TP,0.64,1,0.35629717106190206,ml_scalp1,2026-04
1515735,long,2026-04-17 20:05:00,2026-04-17 20:06:00,2026-04-17 20:07:00,4846.221,4847.221,TP,0.64,1,0.4117732557163821,ml_scalp1,2026-04
1515767,long,2026-04-17 20:37:00,2026-04-17 20:38:00,2026-04-17 20:39:00,4840.911,4841.911,TP,0.64,1,0.3986841773352308,ml_scalp1,2026-04
1515779,long,2026-04-17 20:49:00,2026-04-17 20:50:00,2026-04-17 20:51:00,4833.56,4832.4800000000005,SL,-1.44,1,0.40866779405086884,ml_scalp1,2026-04
1515791,long,2026-04-19 22:05:00,2026-04-19 22:06:00,2026-04-19 22:07:00,4774.383,4775.383,TP,0.5,1,0.405768938201133,ml_scalp1,2026-04
1515889,long,2026-04-19 23:43:00,2026-04-19 23:44:00,2026-04-19 23:45:00,4750.704,4749.624,SL,-1.44,1,0.3982866475065242,ml_scalp1,2026-04
1516278,long,2026-04-20 06:12:00,2026-04-20 06:13:00,2026-04-20 06:14:00,4793.062,4792.222,SL,-1.12,1,0.4001289290561758,ml_scalp1,2026-04
1516304,short,2026-04-20 06:38:00,2026-04-20 06:39:00,2026-04-20 06:40:00,4787.821,4788.661,SL,-1.12,1,0.356506507541407,ml_scalp1,2026-04
1516322,long,2026-04-20 06:56:00,2026-04-20 06:57:00,2026-04-20 06:58:00,4792.042,4791.202,SL,-1.12,1,0.3966628229545495,ml_scalp1,2026-04
1516338,short,2026-04-20 07:12:00,2026-04-20 07:13:00,2026-04-20 07:14:00,4795.158,4795.9980000000005,SL,-1.12,1,0.35656540686455257,ml_scalp1,2026-04
1516357,short,2026-04-20 07:31:00,2026-04-20 07:32:00,2026-04-20 07:33:00,4793.706,4794.546,SL,-1.12,1,0.3565895914491702,ml_scalp1,2026-04
1516379,short,2026-04-20 07:53:00,2026-04-20 07:54:00,2026-04-20 07:55:00,4791.261,4790.261,TP,0.72,1,0.3565895914491702,ml_scalp1,2026-04
1516620,long,2026-04-20 11:54:00,2026-04-20 11:55:00,2026-04-20 11:56:00,4806.459,4807.459,TP,0.72,1,0.39744294075510495,ml_scalp1,2026-04
1516653,long,2026-04-20 12:27:00,2026-04-20 12:28:00,2026-04-20 12:29:00,4804.294,4805.294,TP,0.64,1,0.4009128589861923,ml_scalp1,2026-04
1516677,short,2026-04-20 12:51:00,2026-04-20 12:52:00,2026-04-20 12:53:00,4805.807,4804.807,TP,0.64,1,0.3569107710775424,ml_scalp1,2026-04
1516758,short,2026-04-20 14:12:00,2026-04-20 14:13:00,2026-04-20 14:14:00,4808.778,4809.618,SL,-1.12,1,0.35654126698341854,ml_scalp1,2026-04
1516797,short,2026-04-20 14:51:00,2026-04-20 14:52:00,2026-04-20 14:53:00,4805.357,4806.437,SL,-1.44,1,0.3570319920238543,ml_scalp1,2026-04
1516810,short,2026-04-20 15:04:00,2026-04-20 15:05:00,2026-04-20 15:06:00,4798.044,4798.884,SL,-1.12,1,0.35659429524905367,ml_scalp1,2026-04
1516822,short,2026-04-20 15:16:00,2026-04-20 15:17:00,2026-04-20 15:18:00,4794.934,4795.774,SL,-1.12,1,0.3566344042079338,ml_scalp1,2026-04
1516841,short,2026-04-20 15:35:00,2026-04-20 15:36:00,2026-04-20 15:37:00,4804.472,4803.472,TP,0.72,1,0.3566155145025937,ml_scalp1,2026-04
1516857,short,2026-04-20 15:51:00,2026-04-20 15:52:00,2026-04-20 15:53:00,4797.909,4796.909,TP,0.72,1,0.3565895914491702,ml_scalp1,2026-04
1517270,long,2026-04-20 23:46:00,2026-04-20 23:47:00,2026-04-20 23:49:00,4821.211,4820.371,SL,-1.12,2,0.40391958997405913,ml_scalp1,2026-04
1517646,long,2026-04-21 06:02:00,2026-04-21 06:03:00,2026-04-21 06:04:00,4775.891,4776.891,TP,0.72,1,0.422379978743917,ml_scalp1,2026-04
1517706,long,2026-04-21 07:02:00,2026-04-21 07:03:00,2026-04-21 07:04:00,4774.679,4775.679,TP,0.72,1,0.39540426867786277,ml_scalp1,2026-04
1517742,short,2026-04-21 07:38:00,2026-04-21 07:39:00,2026-04-21 07:40:00,4782.7,4781.7,TP,0.72,1,0.3565336922264783,ml_scalp1,2026-04
1517768,short,2026-04-21 08:04:00,2026-04-21 08:05:00,2026-04-21 08:06:00,4785.369,4784.369,TP,0.72,1,0.3565895914491702,ml_scalp1,2026-04
1517791,short,2026-04-21 08:27:00,2026-04-21 08:28:00,2026-04-21 08:29:00,4785.348,4786.188,SL,-1.12,1,0.35659608338839693,ml_scalp1,2026-04
1517809,short,2026-04-21 08:45:00,2026-04-21 08:46:00,2026-04-21 08:47:00,4791.571,4790.571,TP,0.72,1,0.3565895914491702,ml_scalp1,2026-04
1517856,short,2026-04-21 09:32:00,2026-04-21 09:33:00,2026-04-21 09:34:00,4783.594,4784.434,SL,-1.12,1,0.3565895914491702,ml_scalp1,2026-04
1517882,long,2026-04-21 09:58:00,2026-04-21 09:59:00,2026-04-21 10:00:00,4784.721,4783.880999999999,SL,-1.12,1,0.3988040523409786,ml_scalp1,2026-04
1517961,short,2026-04-21 11:17:00,2026-04-21 11:18:00,2026-04-21 11:20:00,4782.054,4782.894,SL,-1.12,2,0.35669417773253603,ml_scalp1,2026-04
1517989,short,2026-04-21 11:45:00,2026-04-21 11:46:00,2026-04-21 11:47:00,4792.75,4793.59,SL,-1.12,1,0.3565895914491702,ml_scalp1,2026-04
1518007,short,2026-04-21 12:03:00,2026-04-21 12:04:00,2026-04-21 12:05:00,4794.565,4793.565,TP,0.72,1,0.3565707067108838,ml_scalp1,2026-04
1518023,long,2026-04-21 12:19:00,2026-04-21 12:20:00,2026-04-21 12:21:00,4783.773,4782.933,SL,-1.12,1,0.4000660073978079,ml_scalp1,2026-04
1518039,short,2026-04-21 12:35:00,2026-04-21 12:36:00,2026-04-21 12:37:00,4787.137,4787.977,SL,-1.12,1,0.3566344042079338,ml_scalp1,2026-04
1518057,short,2026-04-21 12:53:00,2026-04-21 12:54:00,2026-04-21 12:55:00,4780.009,4780.849,SL,-1.12,1,0.3566344042079338,ml_scalp1,2026-04
1518097,short,2026-04-21 13:33:00,2026-04-21 13:34:00,2026-04-21 13:35:00,4777.481,4776.481,TP,0.72,1,0.3566344042079338,ml_scalp1,2026-04
1518114,short,2026-04-21 13:50:00,2026-04-21 13:51:00,2026-04-21 13:52:00,4789.167,4790.0070000000005,SL,-1.12,1,0.3566344042079338,ml_scalp1,2026-04
1518126,short,2026-04-21 14:02:00,2026-04-21 14:03:00,2026-04-21 14:04:00,4777.619,4778.459,SL,-1.12,1,0.3566344042079338,ml_scalp1,2026-04
1518139,short,2026-04-21 14:15:00,2026-04-21 14:16:00,2026-04-21 14:17:00,4778.003,4778.843,SL,-1.12,1,0.3566344042079338,ml_scalp1,2026-04
1518152,short,2026-04-21 14:28:00,2026-04-21 14:29:00,2026-04-21 14:30:00,4772.789,4773.629,SL,-1.12,1,0.3566344042079338,ml_scalp1,2026-04
1518170,long,2026-04-21 14:46:00,2026-04-21 14:47:00,2026-04-21 14:48:00,4731.859,4731.019,SL,-1.12,1,0.39901831427452084,ml_scalp1,2026-04
1518237,long,2026-04-21 15:53:00,2026-04-21 15:54:00,2026-04-21 15:55:00,4740.526,4741.526,TP,0.72,1,0.396411763246544,ml_scalp1,2026-04
1518254,long,2026-04-21 16:10:00,2026-04-21 16:11:00,2026-04-21 16:12:00,4733.093,4732.253,SL,-1.12,1,0.39969484322566134,ml_scalp1,2026-04
1518271,long,2026-04-21 16:27:00,2026-04-21 16:28:00,2026-04-21 16:29:00,4725.486,4724.646,SL,-1.12,1,0.3976387330274181,ml_scalp1,2026-04
1518291,long,2026-04-21 16:47:00,2026-04-21 16:48:00,2026-04-21 16:49:00,4719.811,4720.811,TP,0.72,1,0.3961550538724123,ml_scalp1,2026-04
1518309,long,2026-04-21 17:05:00,2026-04-21 17:06:00,2026-04-21 17:07:00,4710.126,4709.286,SL,-1.12,1,0.4037604119881597,ml_scalp1,2026-04
1518325,short,2026-04-21 17:21:00,2026-04-21 17:22:00,2026-04-21 17:23:00,4701.951,4702.791,SL,-1.12,1,0.3564546713686673,ml_scalp1,2026-04
1518374,long,2026-04-21 18:10:00,2026-04-21 18:11:00,2026-04-21 18:12:00,4705.622,4704.782,SL,-1.12,1,0.39851676110384376,ml_scalp1,2026-04
1518386,long,2026-04-21 18:22:00,2026-04-21 18:23:00,2026-04-21 18:24:00,4693.638,4694.638,TP,0.72,1,0.4110860558735237,ml_scalp1,2026-04
1518459,long,2026-04-21 19:35:00,2026-04-21 19:36:00,2026-04-21 19:37:00,4705.982,4705.142,SL,-1.12,1,0.40677304436624384,ml_scalp1,2026-04
1518490,long,2026-04-21 20:06:00,2026-04-21 20:07:00,2026-04-21 20:08:00,4671.657,4670.817,SL,-1.12,1,0.39910747686647324,ml_scalp1,2026-04
1518589,long,2026-04-21 22:47:00,2026-04-21 22:48:00,2026-04-21 22:49:00,4717.549,4716.709,SL,-1.12,1,0.4023641757292916,ml_scalp1,2026-04
1519391,short,2026-04-22 12:09:00,2026-04-22 12:10:00,2026-04-22 12:11:00,4752.631,4751.631,TP,0.72,1,0.3565895914491702,ml_scalp1,2026-04
1519418,short,2026-04-22 12:36:00,2026-04-22 12:37:00,2026-04-22 12:38:00,4748.806,4749.646,SL,-1.12,1,0.3565895914491702,ml_scalp1,2026-04
1519476,short,2026-04-22 13:34:00,2026-04-22 13:35:00,2026-04-22 13:36:00,4744.929,4745.769,SL,-1.12,1,0.35659847750829543,ml_scalp1,2026-04
1519489,short,2026-04-22 13:47:00,2026-04-22 13:48:00,2026-04-22 13:49:00,4758.306,4757.306,TP,0.72,1,0.3566344042079338,ml_scalp1,2026-04
1519521,short,2026-04-22 14:19:00,2026-04-22 14:20:00,2026-04-22 14:21:00,4746.661,4747.501,SL,-1.12,1,0.35659608338839693,ml_scalp1,2026-04
1519537,long,2026-04-22 14:35:00,2026-04-22 14:36:00,2026-04-22 14:37:00,4731.71,4730.87,SL,-1.12,1,0.40929885625503115,ml_scalp1,2026-04
1519579,long,2026-04-22 15:17:00,2026-04-22 15:18:00,2026-04-22 15:19:00,4730.013,4731.013,TP,0.72,1,0.4077309800990939,ml_scalp1,2026-04
1519597,long,2026-04-22 15:35:00,2026-04-22 15:36:00,2026-04-22 15:38:00,4729.154,4728.314,SL,-1.12,2,0.4044263095899118,ml_scalp1,2026-04
1519694,short,2026-04-22 17:12:00,2026-04-22 17:13:00,2026-04-22 17:14:00,4736.083,4735.083,TP,0.72,1,0.35654243424104537,ml_scalp1,2026-04
1520049,long,2026-04-23 00:09:00,2026-04-23 00:10:00,2026-04-23 00:11:00,4715.49,4714.65,SL,-1.12,1,0.40892518311534015,ml_scalp1,2026-04
1520088,long,2026-04-23 00:48:00,2026-04-23 00:49:00,2026-04-23 00:50:00,4747.378,4748.378,TP,0.72,1,0.39771525036835575,ml_scalp1,2026-04
1520113,long,2026-04-23 01:13:00,2026-04-23 01:14:00,2026-04-23 01:15:00,4736.995,4736.155,SL,-1.12,1,0.3951532358891996,ml_scalp1,2026-04
1520129,long,2026-04-23 01:29:00,2026-04-23 01:30:00,2026-04-23 01:31:00,4728.066,4729.066,TP,0.72,1,0.4015531829373986,ml_scalp1,2026-04
1520165,long,2026-04-23 02:05:00,2026-04-23 02:06:00,2026-04-23 02:07:00,4717.745,4718.745,TP,0.72,1,0.4045887846081579,ml_scalp1,2026-04
1520190,long,2026-04-23 02:30:00,2026-04-23 02:31:00,2026-04-23 02:32:00,4710.239,4711.239,TP,0.72,1,0.40623388809314775,ml_scalp1,2026-04
1520215,long,2026-04-23 02:55:00,2026-04-23 02:56:00,2026-04-23 02:57:00,4699.9,4700.9,TP,0.72,1,0.3951978769160897,ml_scalp1,2026-04
1520370,long,2026-04-23 05:30:00,2026-04-23 05:31:00,2026-04-23 05:32:00,4697.265,4698.265,TP,0.72,1,0.406379848617301,ml_scalp1,2026-04
1520429,short,2026-04-23 06:29:00,2026-04-23 06:30:00,2026-04-23 06:31:00,4712.312,4711.312,TP,0.72,1,0.35654243424104537,ml_scalp1,2026-04
1520449,short,2026-04-23 06:49:00,2026-04-23 06:50:00,2026-04-23 06:51:00,4716.061,4716.901,SL,-1.12,1,0.35652354950275905,ml_scalp1,2026-04
1520464,short,2026-04-23 07:04:00,2026-04-23 07:05:00,2026-04-23 07:06:00,4712.533,4713.3730000000005,SL,-1.12,1,0.3566102096892087,ml_scalp1,2026-04
1520476,short,2026-04-23 07:16:00,2026-04-23 07:17:00,2026-04-23 07:18:00,4712.215,4711.215,TP,0.72,1,0.3565913249509224,ml_scalp1,2026-04
1520489,short,2026-04-23 07:29:00,2026-04-23 07:30:00,2026-04-23 07:31:00,4705.94,4704.94,TP,0.72,1,0.3566344042079338,ml_scalp1,2026-04
1520535,short,2026-04-23 08:15:00,2026-04-23 08:16:00,2026-04-23 08:17:00,4718.335,4719.175,SL,-1.12,1,0.35644249711997195,ml_scalp1,2026-04
1520550,short,2026-04-23 08:30:00,2026-04-23 08:31:00,2026-04-23 08:32:00,4714.55,4713.55,TP,0.72,1,0.3565707067108838,ml_scalp1,2026-04
1520566,short,2026-04-23 08:46:00,2026-04-23 08:47:00,2026-04-23 08:48:00,4702.781,4703.621,SL,-1.12,1,0.35669417773253603,ml_scalp1,2026-04
1520595,short,2026-04-23 09:15:00,2026-04-23 09:16:00,2026-04-23 09:17:00,4698.06,4698.900000000001,SL,-1.12,1,0.35673136109676845,ml_scalp1,2026-04
1520609,short,2026-04-23 09:29:00,2026-04-23 09:30:00,2026-04-23 09:31:00,4700.695,4701.535,SL,-1.12,1,0.35670066967176284,ml_scalp1,2026-04
1520648,long,2026-04-23 10:08:00,2026-04-23 10:09:00,2026-04-23 10:10:00,4694.054,4693.214,SL,-1.12,1,0.4002015353442266,ml_scalp1,2026-04
1520702,short,2026-04-23 11:02:00,2026-04-23 11:03:00,2026-04-23 11:04:00,4698.08,4698.92,SL,-1.12,1,0.3565895914491702,ml_scalp1,2026-04
1520756,short,2026-04-23 11:56:00,2026-04-23 11:57:00,2026-04-23 11:58:00,4716.899,4717.7390000000005,SL,-1.12,1,0.3565895914491702,ml_scalp1,2026-04
1520770,long,2026-04-23 12:10:00,2026-04-23 12:11:00,2026-04-23 12:12:00,4727.968,4728.968,TP,0.72,1,0.39707112551790585,ml_scalp1,2026-04
1520805,long,2026-04-23 12:45:00,2026-04-23 12:46:00,2026-04-23 12:47:00,4732.806,4733.806,TP,0.72,1,0.4048892942463851,ml_scalp1,2026-04
1520821,long,2026-04-23 13:01:00,2026-04-23 13:02:00,2026-04-23 13:03:00,4731.604,4732.604,TP,0.72,1,0.4060612460742463,ml_scalp1,2026-04
1520855,long,2026-04-23 13:35:00,2026-04-23 13:36:00,2026-04-23 13:37:00,4726.835,4725.995,SL,-1.12,1,0.39523255593415707,ml_scalp1,2026-04
1520875,long,2026-04-23 13:55:00,2026-04-23 13:56:00,2026-04-23 13:57:00,4730.93,4730.09,SL,-1.12,1,0.3991856898124654,ml_scalp1,2026-04
1520988,short,2026-04-23 15:48:00,2026-04-23 15:49:00,2026-04-23 15:50:00,4723.862,4724.702,SL,-1.12,1,0.3565771936830569,ml_scalp1,2026-04
1521002,short,2026-04-23 16:02:00,2026-04-23 16:03:00,2026-04-23 16:04:00,4719.67,4720.51,SL,-1.12,1,0.35659608338839693,ml_scalp1,2026-04
1521014,short,2026-04-23 16:14:00,2026-04-23 16:15:00,2026-04-23 16:16:00,4719.455,4720.295,SL,-1.12,1,0.35659608338839693,ml_scalp1,2026-04
1521028,short,2026-04-23 16:28:00,2026-04-23 16:29:00,2026-04-23 16:30:00,4723.58,4722.58,TP,0.72,1,0.3565895914491702,ml_scalp1,2026-04
1521065,short,2026-04-23 17:05:00,2026-04-23 17:06:00,2026-04-23 17:07:00,4722.995,4721.995,TP,0.72,1,0.3565489212132184,ml_scalp1,2026-04
1521087,short,2026-04-23 17:27:00,2026-04-23 17:28:00,2026-04-23 17:29:00,4714.888,4713.888,TP,0.72,1,0.3565872271315941,ml_scalp1,2026-04
1521100,long,2026-04-23 17:40:00,2026-04-23 17:41:00,2026-04-23 17:42:00,4695.146,4694.306,SL,-1.12,1,0.39980169262186416,ml_scalp1,2026-04
1521316,long,2026-04-23 22:19:00,2026-04-23 22:20:00,2026-04-23 22:21:00,4693.897,4692.817,SL,-1.44,1,0.3969939818625055,ml_scalp1,2026-04
1521446,long,2026-04-24 00:29:00,2026-04-24 00:30:00,2026-04-24 00:31:00,4705.59,4704.75,SL,-1.12,1,0.3959918329141564,ml_scalp1,2026-04
1521845,short,2026-04-24 07:08:00,2026-04-24 07:09:00,2026-04-24 07:10:00,4677.86,4678.7,SL,-1.12,1,0.35656540686455257,ml_scalp1,2026-04
1521984,short,2026-04-24 09:27:00,2026-04-24 09:28:00,2026-04-24 09:29:00,4685.609,4684.609,TP,0.72,1,0.3565895914491702,ml_scalp1,2026-04
1521997,short,2026-04-24 09:40:00,2026-04-24 09:41:00,2026-04-24 09:42:00,4682.85,4683.6900000000005,SL,-1.12,1,0.3565895914491702,ml_scalp1,2026-04
1522095,short,2026-04-24 11:18:00,2026-04-24 11:19:00,2026-04-24 11:20:00,4694.012,4694.852,SL,-1.12,1,0.35648728504346694,ml_scalp1,2026-04
1522124,short,2026-04-24 11:47:00,2026-04-24 11:48:00,2026-04-24 11:49:00,4703.749,4704.589,SL,-1.12,1,0.3565596053457944,ml_scalp1,2026-04
1522156,short,2026-04-24 12:19:00,2026-04-24 12:20:00,2026-04-24 12:21:00,4705.957,4706.7970000000005,SL,-1.12,1,0.3565707067108838,ml_scalp1,2026-04
1522182,short,2026-04-24 12:45:00,2026-04-24 12:46:00,2026-04-24 12:47:00,4698.366,4697.366,TP,0.72,1,0.3565895914491702,ml_scalp1,2026-04
1522197,short,2026-04-24 13:00:00,2026-04-24 13:01:00,2026-04-24 13:02:00,4700.563,4701.403,SL,-1.12,1,0.3565895914491702,ml_scalp1,2026-04
1522222,short,2026-04-24 13:25:00,2026-04-24 13:26:00,2026-04-24 13:27:00,4696.253,4697.093,SL,-1.12,1,0.3565771936830569,ml_scalp1,2026-04
1522346,short,2026-04-24 15:29:00,2026-04-24 15:30:00,2026-04-24 15:31:00,4721.789,4722.629,SL,-1.12,1,0.3565895914491702,ml_scalp1,2026-04
1522358,short,2026-04-24 15:41:00,2026-04-24 15:42:00,2026-04-24 15:43:00,4718.687,4717.687,TP,0.72,1,0.3565707067108838,ml_scalp1,2026-04
1522380,short,2026-04-24 16:03:00,2026-04-24 16:04:00,2026-04-24 16:05:00,4725.317,4726.157,SL,-1.12,1,0.35657958780295534,ml_scalp1,2026-04
1522675,long,2026-04-26 22:02:00,2026-04-26 22:03:00,2026-04-26 22:04:00,4697.091,4698.091,TP,0.64,1,0.40126962046274706,ml_scalp1,2026-04
1523002,long,2026-04-27 03:29:00,2026-04-27 03:30:00,2026-04-27 03:31:00,4715.821,4716.821,TP,0.72,1,0.3961011005018026,ml_scalp1,2026-04
1523226,short,2026-04-27 07:13:00,2026-04-27 07:14:00,2026-04-27 07:15:00,4716.484,4715.484,TP,0.72,1,0.3565850889723697,ml_scalp1,2026-04
1523238,short,2026-04-27 07:25:00,2026-04-27 07:26:00,2026-04-27 07:27:00,4717.566,4716.566,TP,0.72,1,0.3565895914491702,ml_scalp1,2026-04
1523535,short,2026-04-27 12:22:00,2026-04-27 12:23:00,2026-04-27 12:24:00,4710.14,4710.9800000000005,SL,-1.12,1,0.3565895914491702,ml_scalp1,2026-04
1523564,short,2026-04-27 12:51:00,2026-04-27 12:52:00,2026-04-27 12:53:00,4703.608,4702.608,TP,0.72,1,0.35659608338839693,ml_scalp1,2026-04
1523576,short,2026-04-27 13:03:00,2026-04-27 13:04:00,2026-04-27 13:05:00,4696.22,4695.22,TP,0.72,1,0.35643229479160793,ml_scalp1,2026-04
1523600,short,2026-04-27 13:27:00,2026-04-27 13:28:00,2026-04-27 13:29:00,4698.632,4699.472,SL,-1.12,1,0.35659608338839693,ml_scalp1,2026-04
1523615,short,2026-04-27 13:42:00,2026-04-27 13:43:00,2026-04-27 13:44:00,4693.644,4692.644,TP,0.72,1,0.35659847750829543,ml_scalp1,2026-04
1523631,short,2026-04-27 13:58:00,2026-04-27 13:59:00,2026-04-27 14:00:00,4695.342,4696.182,SL,-1.12,1,0.3566344042079338,ml_scalp1,2026-04
1523646,short,2026-04-27 14:13:00,2026-04-27 14:14:00,2026-04-27 14:15:00,4691.026,4691.866,SL,-1.12,1,0.3565784950511345,ml_scalp1,2026-04
1523686,long,2026-04-27 14:53:00,2026-04-27 14:54:00,2026-04-27 14:55:00,4681.156,4680.316,SL,-1.12,1,0.40641377640422244,ml_scalp1,2026-04
1524287,long,2026-04-28 01:57:00,2026-04-28 01:58:00,2026-04-28 01:59:00,4673.381,4672.541,SL,-1.12,1,0.4189545929652255,ml_scalp1,2026-04
1524476,long,2026-04-28 05:06:00,2026-04-28 05:07:00,2026-04-28 05:08:00,4652.313,4651.473,SL,-1.12,1,0.4319352076560534,ml_scalp1,2026-04
1524500,long,2026-04-28 05:30:00,2026-04-28 05:31:00,2026-04-28 05:32:00,4647.449,4646.6089999999995,SL,-1.12,1,0.4194936331188467,ml_scalp1,2026-04
1524513,long,2026-04-28 05:43:00,2026-04-28 05:44:00,2026-04-28 05:45:00,4627.735,4626.8949999999995,SL,-1.12,1,0.399333756434609,ml_scalp1,2026-04
1524543,long,2026-04-28 06:22:00,2026-04-28 06:23:00,2026-04-28 06:24:00,4626.705,4625.865,SL,-1.12,1,0.41300316894142103,ml_scalp1,2026-04
1524556,long,2026-04-28 06:35:00,2026-04-28 06:36:00,2026-04-28 06:37:00,4628.013,4627.173,SL,-1.12,1,0.4008389183996283,ml_scalp1,2026-04
1524568,long,2026-04-28 06:47:00,2026-04-28 06:48:00,2026-04-28 06:49:00,4624.021,4625.021,TP,0.72,1,0.40706493226623675,ml_scalp1,2026-04
1524605,short,2026-04-28 07:24:00,2026-04-28 07:25:00,2026-04-28 07:26:00,4629.852,4628.852,TP,0.72,1,0.3562797814067889,ml_scalp1,2026-04
1524622,short,2026-04-28 07:41:00,2026-04-28 07:42:00,2026-04-28 07:43:00,4628.652,4629.492,SL,-1.12,1,0.3562797814067889,ml_scalp1,2026-04
1524635,short,2026-04-28 07:54:00,2026-04-28 07:55:00,2026-04-28 07:56:00,4626.557,4625.557,TP,0.72,1,0.3562797814067889,ml_scalp1,2026-04
1524651,short,2026-04-28 08:10:00,2026-04-28 08:11:00,2026-04-28 08:12:00,4622.091,4621.091,TP,0.72,1,0.3562797814067889,ml_scalp1,2026-04
1524664,short,2026-04-28 08:23:00,2026-04-28 08:24:00,2026-04-28 08:25:00,4621.153,4621.993,SL,-1.12,1,0.35658000006841506,ml_scalp1,2026-04
1524682,short,2026-04-28 08:41:00,2026-04-28 08:42:00,2026-04-28 08:43:00,4627.756,4628.5960000000005,SL,-1.12,1,0.3562797814067889,ml_scalp1,2026-04
1524698,short,2026-04-28 08:57:00,2026-04-28 08:58:00,2026-04-28 08:59:00,4628.9,4629.74,SL,-1.12,1,0.3562806208388695,ml_scalp1,2026-04
1524712,short,2026-04-28 09:11:00,2026-04-28 09:12:00,2026-04-28 09:13:00,4625.281,4626.121,SL,-1.12,1,0.3562806208388695,ml_scalp1,2026-04
1524730,short,2026-04-28 09:29:00,2026-04-28 09:30:00,2026-04-28 09:31:00,4617.955,4616.955,TP,0.72,1,0.3562797814067889,ml_scalp1,2026-04
1524746,short,2026-04-28 09:45:00,2026-04-28 09:46:00,2026-04-28 09:47:00,4613.133,4613.973,SL,-1.12,1,0.35654437139200057,ml_scalp1,2026-04
1524758,long,2026-04-28 09:57:00,2026-04-28 09:58:00,2026-04-28 09:59:00,4605.116,4606.116,TP,0.72,1,0.42442199119371327,ml_scalp1,2026-04
1524771,short,2026-04-28 10:10:00,2026-04-28 10:11:00,2026-04-28 10:12:00,4610.014,4610.854,SL,-1.12,1,0.35658000006841506,ml_scalp1,2026-04
1524787,short,2026-04-28 10:26:00,2026-04-28 10:27:00,2026-04-28 10:28:00,4611.473,4612.313,SL,-1.12,1,0.3573043206787793,ml_scalp1,2026-04
1524809,short,2026-04-28 10:48:00,2026-04-28 10:49:00,2026-04-28 10:50:00,4611.855,4612.695,SL,-1.12,1,0.35629054997927834,ml_scalp1,2026-04
1524821,long,2026-04-28 11:00:00,2026-04-28 11:01:00,2026-04-28 11:02:00,4603.947,4604.947,TP,0.72,1,0.3957800472007216,ml_scalp1,2026-04
1524834,long,2026-04-28 11:13:00,2026-04-28 11:14:00,2026-04-28 11:15:00,4599.391,4598.5509999999995,SL,-1.12,1,0.39512001529645685,ml_scalp1,2026-04
1524849,short,2026-04-28 11:28:00,2026-04-28 11:29:00,2026-04-28 11:30:00,4599.966,4598.966,TP,0.72,1,0.35658000006841506,ml_scalp1,2026-04
1524864,short,2026-04-28 11:43:00,2026-04-28 11:44:00,2026-04-28 11:45:00,4570.587,4571.427000000001,SL,-1.12,1,0.35658000006841506,ml_scalp1,2026-04
1524885,short,2026-04-28 12:04:00,2026-04-28 12:05:00,2026-04-28 12:06:00,4568.975,4569.8150000000005,SL,-1.12,1,0.35658000006841506,ml_scalp1,2026-04
1524912,short,2026-04-28 12:31:00,2026-04-28 12:32:00,2026-04-28 12:33:00,4574.053,4574.893,SL,-1.12,1,0.35658000006841506,ml_scalp1,2026-04
1524925,short,2026-04-28 12:44:00,2026-04-28 12:45:00,2026-04-28 12:46:00,4586.944,4587.784000000001,SL,-1.12,1,0.35647538398272677,ml_scalp1,2026-04
1524937,short,2026-04-28 12:56:00,2026-04-28 12:57:00,2026-04-28 12:58:00,4597.046,4596.046,TP,0.72,1,0.35647538398272677,ml_scalp1,2026-04
1524951,short,2026-04-28 13:10:00,2026-04-28 13:11:00,2026-04-28 13:12:00,4573.37,4574.21,SL,-1.12,1,0.35658000006841506,ml_scalp1,2026-04
1524964,short,2026-04-28 13:23:00,2026-04-28 13:24:00,2026-04-28 13:25:00,4578.063,4577.063,TP,0.72,1,0.35658000006841506,ml_scalp1,2026-04
1524976,short,2026-04-28 13:35:00,2026-04-28 13:36:00,2026-04-28 13:37:00,4579.734,4580.5740000000005,SL,-1.12,1,0.35658000006841506,ml_scalp1,2026-04
1524996,long,2026-04-28 13:55:00,2026-04-28 13:56:00,2026-04-28 13:57:00,4576.316,4577.316,TP,0.72,1,0.4042401539962848,ml_scalp1,2026-04
1525015,short,2026-04-28 14:14:00,2026-04-28 14:15:00,2026-04-28 14:16:00,4568.34,4569.18,SL,-1.12,1,0.35658000006841506,ml_scalp1,2026-04
1525028,short,2026-04-28 14:27:00,2026-04-28 14:28:00,2026-04-28 14:29:00,4570.153,4570.993,SL,-1.12,1,0.35658000006841506,ml_scalp1,2026-04
1525044,short,2026-04-28 14:43:00,2026-04-28 14:44:00,2026-04-28 14:45:00,4563.505,4564.345,SL,-1.12,1,0.35658000006841506,ml_scalp1,2026-04
1525072,short,2026-04-28 15:11:00,2026-04-28 15:12:00,2026-04-28 15:13:00,4572.247,4573.087,SL,-1.12,1,0.356599649732976,ml_scalp1,2026-04
1525088,short,2026-04-28 15:27:00,2026-04-28 15:28:00,2026-04-28 15:29:00,4575.372,4576.212,SL,-1.12,1,0.3562961975193708,ml_scalp1,2026-04
1525106,short,2026-04-28 15:45:00,2026-04-28 15:46:00,2026-04-28 15:47:00,4578.533,4579.3730000000005,SL,-1.12,1,0.3562961975193708,ml_scalp1,2026-04
1525118,short,2026-04-28 15:57:00,2026-04-28 15:58:00,2026-04-28 15:59:00,4583.812,4584.652,SL,-1.12,1,0.3569159020440468,ml_scalp1,2026-04
1525132,short,2026-04-28 16:11:00,2026-04-28 16:12:00,2026-04-28 16:14:00,4583.917,4584.7570000000005,SL,-1.12,2,0.3568850516733218,ml_scalp1,2026-04
1525147,short,2026-04-28 16:26:00,2026-04-28 16:27:00,2026-04-28 16:28:00,4584.46,4583.46,TP,0.72,1,0.3569039612468768,ml_scalp1,2026-04
1525163,short,2026-04-28 16:42:00,2026-04-28 16:43:00,2026-04-28 16:44:00,4583.683,4584.523,SL,-1.12,1,0.3569211571868945,ml_scalp1,2026-04
1525179,short,2026-04-28 16:58:00,2026-04-28 16:59:00,2026-04-28 17:00:00,4593.068,4592.068,TP,0.72,1,0.3568196008063047,ml_scalp1,2026-04
1525200,short,2026-04-28 17:19:00,2026-04-28 17:20:00,2026-04-28 17:21:00,4588.556,4589.396,SL,-1.12,1,0.3567776987410276,ml_scalp1,2026-04
1525484,long,2026-04-28 23:06:00,2026-04-28 23:07:00,2026-04-28 23:10:00,4591.096,4590.255999999999,SL,-1.12,3,0.41583327952613863,ml_scalp1,2026-04
1525503,long,2026-04-28 23:25:00,2026-04-28 23:26:00,2026-04-28 23:27:00,4590.607,4591.607,TP,0.72,1,0.4159889340143936,ml_scalp1,2026-04
1525515,long,2026-04-28 23:37:00,2026-04-28 23:38:00,2026-04-28 23:39:00,4589.462,4588.622,SL,-1.12,1,0.4163142156605399,ml_scalp1,2026-04
1525527,long,2026-04-28 23:49:00,2026-04-28 23:50:00,2026-04-28 23:51:00,4589.318,4590.318,TP,0.72,1,0.4321681886984283,ml_scalp1,2026-04
1525600,long,2026-04-29 01:02:00,2026-04-29 01:03:00,2026-04-29 01:04:00,4588.502,4587.662,SL,-1.12,1,0.4193206363343356,ml_scalp1,2026-04
1525614,long,2026-04-29 01:16:00,2026-04-29 01:17:00,2026-04-29 01:18:00,4580.6,4581.6,TP,0.72,1,0.4021933183959903,ml_scalp1,2026-04
1525984,long,2026-04-29 07:26:00,2026-04-29 07:27:00,2026-04-29 07:28:00,4570.142,4571.142,TP,0.72,1,0.3973380230987708,ml_scalp1,2026-04
1526004,long,2026-04-29 07:46:00,2026-04-29 07:47:00,2026-04-29 07:48:00,4568.473,4569.473,TP,0.72,1,0.3952020288374693,ml_scalp1,2026-04
1526023,long,2026-04-29 08:05:00,2026-04-29 08:06:00,2026-04-29 08:07:00,4566.747,4567.747,TP,0.72,1,0.4019340371372135,ml_scalp1,2026-04
1526053,long,2026-04-29 08:35:00,2026-04-29 08:36:00,2026-04-29 08:37:00,4560.226,4559.3859999999995,SL,-1.12,1,0.39958761984433117,ml_scalp1,2026-04
1526128,long,2026-04-29 09:50:00,2026-04-29 09:51:00,2026-04-29 09:52:00,4554.771,4553.931,SL,-1.12,1,0.404675157267443,ml_scalp1,2026-04
1526206,short,2026-04-29 11:08:00,2026-04-29 11:09:00,2026-04-29 11:10:00,4568.886,4567.886,TP,0.72,1,0.3565895914491702,ml_scalp1,2026-04
1526221,short,2026-04-29 11:23:00,2026-04-29 11:24:00,2026-04-29 11:25:00,4566.06,4566.900000000001,SL,-1.12,1,0.3565895914491702,ml_scalp1,2026-04
1526235,short,2026-04-29 11:37:00,2026-04-29 11:38:00,2026-04-29 11:39:00,4570.195,4569.195,TP,0.72,1,0.3565895914491702,ml_scalp1,2026-04
1526251,short,2026-04-29 11:53:00,2026-04-29 11:54:00,2026-04-29 11:55:00,4561.833,4560.833,TP,0.72,1,0.3565895914491702,ml_scalp1,2026-04
1526280,short,2026-04-29 12:22:00,2026-04-29 12:23:00,2026-04-29 12:24:00,4565.32,4564.32,TP,0.72,1,0.3565895914491702,ml_scalp1,2026-04
1526298,short,2026-04-29 12:40:00,2026-04-29 12:41:00,2026-04-29 12:42:00,4556.111,4556.951,SL,-1.12,1,0.35670066967176284,ml_scalp1,2026-04
1526310,long,2026-04-29 12:52:00,2026-04-29 12:53:00,2026-04-29 12:54:00,4548.522,4547.682,SL,-1.12,1,0.40152785443564737,ml_scalp1,2026-04
1526338,long,2026-04-29 13:20:00,2026-04-29 13:21:00,2026-04-29 13:22:00,4539.894,4539.054,SL,-1.12,1,0.39777733952256605,ml_scalp1,2026-04
1526358,long,2026-04-29 13:40:00,2026-04-29 13:41:00,2026-04-29 13:42:00,4518.865,4518.025,SL,-1.12,1,0.39928535004965615,ml_scalp1,2026-04
1526482,short,2026-04-29 15:44:00,2026-04-29 15:45:00,2026-04-29 15:46:00,4553.214,4554.054,SL,-1.12,1,0.3566344042079338,ml_scalp1,2026-04
1526496,short,2026-04-29 15:58:00,2026-04-29 15:59:00,2026-04-29 16:00:00,4547.628,4548.468,SL,-1.12,1,0.3566344042079338,ml_scalp1,2026-04
1526511,short,2026-04-29 16:13:00,2026-04-29 16:14:00,2026-04-29 16:15:00,4558.834,4559.674,SL,-1.12,1,0.3566344042079338,ml_scalp1,2026-04
1526524,short,2026-04-29 16:26:00,2026-04-29 16:27:00,2026-04-29 16:28:00,4561.626,4562.466,SL,-1.12,1,0.3566344042079338,ml_scalp1,2026-04
1526542,short,2026-04-29 16:44:00,2026-04-29 16:45:00,2026-04-29 16:46:00,4550.493,4551.3330000000005,SL,-1.12,1,0.3565718938367256,ml_scalp1,2026-04
1526555,short,2026-04-29 16:57:00,2026-04-29 16:58:00,2026-04-29 16:59:00,4544.434,4545.274,SL,-1.12,1,0.35667863085435714,ml_scalp1,2026-04
1526574,short,2026-04-29 17:16:00,2026-04-29 17:17:00,2026-04-29 17:18:00,4548.775,4549.615,SL,-1.12,1,0.35654243424104537,ml_scalp1,2026-04
1526622,long,2026-04-29 18:04:00,2026-04-29 18:05:00,2026-04-29 18:06:00,4540.898,4540.058,SL,-1.12,1,0.3959433990615982,ml_scalp1,2026-04
1527065,long,2026-04-30 02:30:00,2026-04-30 02:31:00,2026-04-30 02:32:00,4568.211,4569.211,TP,0.72,1,0.4012799349166924,ml_scalp1,2026-04
1527308,short,2026-04-30 06:33:00,2026-04-30 06:34:00,2026-04-30 06:35:00,4576.779,4577.619000000001,SL,-1.12,1,0.35654243424104537,ml_scalp1,2026-04
1527665,short,2026-04-30 12:30:00,2026-04-30 12:31:00,2026-04-30 12:32:00,4632.362,4633.202,SL,-1.12,1,0.35654126698341854,ml_scalp1,2026-04
1527678,short,2026-04-30 12:43:00,2026-04-30 12:44:00,2026-04-30 12:45:00,4628.732,4627.732,TP,0.72,1,0.35654126698341854,ml_scalp1,2026-04
1527725,short,2026-04-30 13:30:00,2026-04-30 13:31:00,2026-04-30 13:32:00,4632.831,4631.831,TP,0.72,1,0.35659608338839693,ml_scalp1,2026-04
1527737,short,2026-04-30 13:42:00,2026-04-30 13:43:00,2026-04-30 13:44:00,4622.283,4623.1230000000005,SL,-1.12,1,0.3566344042079338,ml_scalp1,2026-04
1527779,short,2026-04-30 14:24:00,2026-04-30 14:25:00,2026-04-30 14:26:00,4623.488,4622.488,TP,0.72,1,0.3563713987128624,ml_scalp1,2026-04
1527803,short,2026-04-30 14:48:00,2026-04-30 14:49:00,2026-04-30 14:50:00,4619.987,4620.827,SL,-1.12,1,0.3563354869143852,ml_scalp1,2026-04
1527853,short,2026-04-30 15:38:00,2026-04-30 15:39:00,2026-04-30 15:40:00,4618.089,4617.089,TP,0.72,1,0.3565895914491702,ml_scalp1,2026-04
1527865,short,2026-04-30 15:50:00,2026-04-30 15:51:00,2026-04-30 15:52:00,4614.279,4613.279,TP,0.72,1,0.3565536647495318,ml_scalp1,2026-04
1527964,short,2026-04-30 17:29:00,2026-04-30 17:30:00,2026-04-30 17:31:00,4617.848,4618.688,SL,-1.12,1,0.356506507541407,ml_scalp1,2026-04
1528223,long,2026-04-30 22:51:00,2026-04-30 22:52:00,2026-04-30 22:53:00,4629.497,4630.497,TP,0.72,1,0.40634169076721177,ml_scalp1,2026-04
1528235,long,2026-04-30 23:03:00,2026-04-30 23:04:00,2026-04-30 23:05:00,4628.962,4629.962,TP,0.72,1,0.39924691616785857,ml_scalp1,2026-04
1528250,long,2026-04-30 23:18:00,2026-04-30 23:19:00,2026-04-30 23:26:00,4630.169,4631.169,TP,0.72,7,0.39986827140445064,ml_scalp1,2026-04
1528276,long,2026-04-30 23:44:00,2026-04-30 23:45:00,2026-04-30 23:47:00,4631.311,4632.311,TP,0.72,2,0.3983436718508069,ml_scalp1,2026-04
1528292,long,2026-05-01 00:00:00,2026-05-01 00:01:00,2026-05-01 00:02:00,4625.369,4626.369,TP,0.72,1,0.42894433834992957,ml_scalp1,2026-05
1528353,long,2026-05-01 01:01:00,2026-05-01 01:02:00,2026-05-01 01:03:00,4617.45,4618.45,TP,0.72,1,0.41003610448316025,ml_scalp1,2026-05
1528679,long,2026-05-01 06:27:00,2026-05-01 06:28:00,2026-05-01 06:29:00,4594.693,4593.853,SL,-1.12,1,0.4166841765820923,ml_scalp1,2026-05
1528734,long,2026-05-01 07:22:00,2026-05-01 07:23:00,2026-05-01 07:24:00,4586.388,4587.388,TP,0.72,1,0.43388909781704493,ml_scalp1,2026-05
1528763,long,2026-05-01 07:51:00,2026-05-01 07:52:00,2026-05-01 07:53:00,4581.592,4582.592,TP,0.72,1,0.41461757217231876,ml_scalp1,2026-05
1528777,short,2026-05-01 08:05:00,2026-05-01 08:06:00,2026-05-01 08:07:00,4580.996,4581.836,SL,-1.12,1,0.36156115670533456,ml_scalp1,2026-05
1528792,long,2026-05-01 08:20:00,2026-05-01 08:21:00,2026-05-01 08:22:00,4570.138,4569.298,SL,-1.12,1,0.40883797271732497,ml_scalp1,2026-05
1528886,long,2026-05-01 09:54:00,2026-05-01 09:55:00,2026-05-01 09:56:00,4561.169,4562.169,TP,0.72,1,0.4088005709483018,ml_scalp1,2026-05
1528999,short,2026-05-01 11:47:00,2026-05-01 11:48:00,2026-05-01 11:49:00,4574.775,4573.775,TP,0.72,1,0.3612287699606382,ml_scalp1,2026-05
1529022,short,2026-05-01 12:10:00,2026-05-01 12:11:00,2026-05-01 12:12:00,4576.689,4577.529,SL,-1.12,1,0.36166999665748767,ml_scalp1,2026-05
1529042,long,2026-05-01 12:30:00,2026-05-01 12:31:00,2026-05-01 12:32:00,4599.812,4598.972,SL,-1.12,1,0.4322360068933469,ml_scalp1,2026-05
1529055,long,2026-05-01 12:43:00,2026-05-01 12:44:00,2026-05-01 12:45:00,4589.206,4590.206,TP,0.72,1,0.41542724237337325,ml_scalp1,2026-05
1529119,long,2026-05-01 13:47:00,2026-05-01 13:48:00,2026-05-01 13:49:00,4599.044,4600.044,TP,0.72,1,0.4165429521147097,ml_scalp1,2026-05
1529150,long,2026-05-01 14:18:00,2026-05-01 14:19:00,2026-05-01 14:20:00,4651.045,4652.045,TP,0.72,1,0.4147056241375453,ml_scalp1,2026-05
1529162,long,2026-05-01 14:30:00,2026-05-01 14:31:00,2026-05-01 14:32:00,4641.626,4642.626,TP,0.72,1,0.4149480520237688,ml_scalp1,2026-05
1529303,long,2026-05-01 16:51:00,2026-05-01 16:52:00,2026-05-01 16:53:00,4637.987,4638.987,TP,0.72,1,0.41251256922146473,ml_scalp1,2026-05
1529316,long,2026-05-01 17:04:00,2026-05-01 17:05:00,2026-05-01 17:06:00,4638.658,4639.658,TP,0.72,1,0.41047111108723233,ml_scalp1,2026-05
1529385,long,2026-05-01 18:13:00,2026-05-01 18:14:00,2026-05-01 18:15:00,4617.693,4616.853,SL,-1.12,1,0.43262038552352583,ml_scalp1,2026-05
1529409,long,2026-05-01 18:37:00,2026-05-01 18:38:00,2026-05-01 18:39:00,4616.484,4617.484,TP,0.72,1,0.4090231752267074,ml_scalp1,2026-05
1529474,long,2026-05-01 19:42:00,2026-05-01 19:43:00,2026-05-01 19:44:00,4612.097,4611.257,SL,-1.12,1,0.44689013910929215,ml_scalp1,2026-05
1529489,long,2026-05-01 19:57:00,2026-05-01 19:58:00,2026-05-01 19:59:00,4609.332,4610.332,TP,0.72,1,0.41747567823196785,ml_scalp1,2026-05
1529550,short,2026-05-03 22:03:00,2026-05-03 22:04:00,2026-05-03 22:05:00,4626.384,4625.384,TP,0.64,1,0.3668831593990604,ml_scalp1,2026-05
1529582,short,2026-05-03 22:35:00,2026-05-03 22:36:00,2026-05-03 22:37:00,4623.19,4624.03,SL,-1.12,1,0.3627086497546169,ml_scalp1,2026-05
1529597,short,2026-05-03 22:50:00,2026-05-03 22:51:00,2026-05-03 22:52:00,4626.898,4625.898,TP,0.72,1,0.3643051698386816,ml_scalp1,2026-05
1529789,long,2026-05-04 02:02:00,2026-05-04 02:03:00,2026-05-04 02:04:00,4614.112,4613.272,SL,-1.12,1,0.4183720907000539,ml_scalp1,2026-05
1530025,short,2026-05-04 05:58:00,2026-05-04 05:59:00,2026-05-04 06:00:00,4600.088,4599.088,TP,0.72,1,0.36159878557999353,ml_scalp1,2026-05
1530062,short,2026-05-04 06:35:00,2026-05-04 06:36:00,2026-05-04 06:37:00,4589.946,4588.946,TP,0.72,1,0.361248313012468,ml_scalp1,2026-05
1530269,long,2026-05-04 10:02:00,2026-05-04 10:03:00,2026-05-04 10:04:00,4567.369,4566.5289999999995,SL,-1.12,1,0.41143754474888083,ml_scalp1,2026-05
1530609,short,2026-05-04 15:42:00,2026-05-04 15:43:00,2026-05-04 15:44:00,4536.181,4535.181,TP,0.72,1,0.3617996750885984,ml_scalp1,2026-05
1530634,long,2026-05-04 16:07:00,2026-05-04 16:08:00,2026-05-04 16:09:00,4510.309,4509.469,SL,-1.12,1,0.41969939041594273,ml_scalp1,2026-05
1530674,long,2026-05-04 16:47:00,2026-05-04 16:48:00,2026-05-04 16:49:00,4509.459,4510.459,TP,0.72,1,0.4099261146332747,ml_scalp1,2026-05
1530722,long,2026-05-04 17:35:00,2026-05-04 17:36:00,2026-05-04 17:37:00,4523.055,4522.215,SL,-1.12,1,0.41124569320410465,ml_scalp1,2026-05
1530754,long,2026-05-04 18:07:00,2026-05-04 18:08:00,2026-05-04 18:09:00,4519.179,4520.179,TP,0.72,1,0.40951739447760044,ml_scalp1,2026-05
1531098,long,2026-05-05 00:54:00,2026-05-05 00:55:00,2026-05-05 00:56:00,4528.689,4527.849,SL,-1.12,1,0.41299344691453066,ml_scalp1,2026-05
1531347,long,2026-05-05 05:03:00,2026-05-05 05:04:00,2026-05-05 05:05:00,4535.4,4536.4,TP,0.72,1,0.42419068411473,ml_scalp1,2026-05
1532007,long,2026-05-05 16:03:00,2026-05-05 16:04:00,2026-05-05 16:05:00,4565.431,4566.431,TP,0.72,1,0.41214832428634957,ml_scalp1,2026-05
1532029,long,2026-05-05 16:25:00,2026-05-05 16:26:00,2026-05-05 16:27:00,4557.542,4556.702,SL,-1.12,1,0.44451669656051196,ml_scalp1,2026-05
1532319,long,2026-05-05 22:18:00,2026-05-05 22:19:00,2026-05-05 22:20:00,4548.711,4547.871,SL,-1.12,1,0.41878922441707056,ml_scalp1,2026-05
1532378,long,2026-05-05 23:17:00,2026-05-05 23:18:00,2026-05-05 23:19:00,4584.345,4585.345,TP,0.72,1,0.4222620809729084,ml_scalp1,2026-05
1532505,short,2026-05-06 01:24:00,2026-05-06 01:25:00,2026-05-06 01:26:00,4623.343,4622.343,TP,0.72,1,0.36213765836301387,ml_scalp1,2026-05
1532640,short,2026-05-06 03:39:00,2026-05-06 03:40:00,2026-05-06 03:41:00,4651.354,4650.354,TP,0.72,1,0.36234487595111975,ml_scalp1,2026-05
1532900,short,2026-05-06 07:59:00,2026-05-06 08:00:00,2026-05-06 08:01:00,4681.595,4680.595,TP,0.72,1,0.3629904596293185,ml_scalp1,2026-05
1532930,long,2026-05-06 08:29:00,2026-05-06 08:30:00,2026-05-06 08:31:00,4677.153,4676.313,SL,-1.12,1,0.41922848660227463,ml_scalp1,2026-05
1532942,long,2026-05-06 08:41:00,2026-05-06 08:42:00,2026-05-06 08:43:00,4674.602,4675.602,TP,0.72,1,0.4171287879337066,ml_scalp1,2026-05
1533051,short,2026-05-06 10:30:00,2026-05-06 10:31:00,2026-05-06 10:32:00,4711.598,4710.598,TP,0.72,1,0.365389355268759,ml_scalp1,2026-05
1533065,short,2026-05-06 10:44:00,2026-05-06 10:45:00,2026-05-06 10:46:00,4714.019,4713.019,TP,0.72,1,0.36210913292850233,ml_scalp1,2026-05
1533125,long,2026-05-06 11:44:00,2026-05-06 11:45:00,2026-05-06 11:46:00,4699.727,4698.887,SL,-1.12,1,0.41633871160754726,ml_scalp1,2026-05
1533155,long,2026-05-06 12:14:00,2026-05-06 12:15:00,2026-05-06 12:16:00,4673.057,4674.057,TP,0.72,1,0.4133055601276008,ml_scalp1,2026-05
1533330,long,2026-05-06 15:09:00,2026-05-06 15:10:00,2026-05-06 15:11:00,4698.824,4699.824,TP,0.72,1,0.4167450899197525,ml_scalp1,2026-05
1533656,long,2026-05-06 20:35:00,2026-05-06 20:36:00,2026-05-06 20:37:00,4690.1,4691.1,TP,0.72,1,0.41431692505994905,ml_scalp1,2026-05
1533724,long,2026-05-06 22:46:00,2026-05-06 22:47:00,2026-05-06 22:49:00,4696.968,4696.128,SL,-1.12,2,0.41119243839087827,ml_scalp1,2026-05
1533737,long,2026-05-06 22:59:00,2026-05-06 23:00:00,2026-05-06 23:01:00,4694.991,4694.151,SL,-1.12,1,0.43674395521232473,ml_scalp1,2026-05
1533749,long,2026-05-06 23:11:00,2026-05-06 23:12:00,2026-05-06 23:13:00,4695.226,4694.3859999999995,SL,-1.12,1,0.4217536798547222,ml_scalp1,2026-05
1533761,long,2026-05-06 23:23:00,2026-05-06 23:24:00,2026-05-06 23:25:00,4693.589,4692.749,SL,-1.12,1,0.4256603987417056,ml_scalp1,2026-05
1533807,long,2026-05-07 00:09:00,2026-05-07 00:10:00,2026-05-07 00:11:00,4695.092,4696.092,TP,0.72,1,0.4171504705244988,ml_scalp1,2026-05
1533823,long,2026-05-07 00:25:00,2026-05-07 00:26:00,2026-05-07 00:28:00,4693.532,4694.532,TP,0.72,2,0.41311593776818734,ml_scalp1,2026-05
1533844,long,2026-05-07 00:46:00,2026-05-07 00:47:00,2026-05-07 00:48:00,4688.545,4689.545,TP,0.72,1,0.41957836194597287,ml_scalp1,2026-05
1533858,long,2026-05-07 01:00:00,2026-05-07 01:01:00,2026-05-07 01:02:00,4687.096,4688.096,TP,0.72,1,0.414553103765346,ml_scalp1,2026-05
1534204,long,2026-05-07 06:46:00,2026-05-07 06:47:00,2026-05-07 06:48:00,4741.565,4740.724999999999,SL,-1.12,1,0.4237661614496969,ml_scalp1,2026-05
1534429,short,2026-05-07 10:31:00,2026-05-07 10:32:00,2026-05-07 10:33:00,4730.125,4730.965,SL,-1.12,1,0.36137061411161603,ml_scalp1,2026-05
1534445,short,2026-05-07 10:47:00,2026-05-07 10:48:00,2026-05-07 10:49:00,4737.047,4736.047,TP,0.72,1,0.36119508243006354,ml_scalp1,2026-05
1534495,short,2026-05-07 11:37:00,2026-05-07 11:38:00,2026-05-07 11:39:00,4733.755,4734.595,SL,-1.12,1,0.3620248637145218,ml_scalp1,2026-05
1534510,short,2026-05-07 11:52:00,2026-05-07 11:53:00,2026-05-07 11:54:00,4737.21,4738.05,SL,-1.12,1,0.3612720853431662,ml_scalp1,2026-05
1534526,short,2026-05-07 12:08:00,2026-05-07 12:09:00,2026-05-07 12:10:00,4740.796,4741.636,SL,-1.12,1,0.3615822240737756,ml_scalp1,2026-05
1534538,short,2026-05-07 12:20:00,2026-05-07 12:21:00,2026-05-07 12:22:00,4743.27,4742.27,TP,0.72,1,0.3619433853474902,ml_scalp1,2026-05
1534550,short,2026-05-07 12:32:00,2026-05-07 12:33:00,2026-05-07 12:34:00,4746.253,4747.333,SL,-1.44,1,0.3648499503337548,ml_scalp1,2026-05
1534765,long,2026-05-07 16:07:00,2026-05-07 16:08:00,2026-05-07 16:09:00,4720.411,4719.571,SL,-1.12,1,0.4103062076343497,ml_scalp1,2026-05
1534777,long,2026-05-07 16:19:00,2026-05-07 16:20:00,2026-05-07 16:21:00,4706.376,4707.376,TP,0.72,1,0.41757655468624477,ml_scalp1,2026-05
1534836,long,2026-05-07 17:18:00,2026-05-07 17:19:00,2026-05-07 17:20:00,4708.913,4708.072999999999,SL,-1.12,1,0.4138425916392882,ml_scalp1,2026-05
1535000,short,2026-05-07 20:02:00,2026-05-07 20:03:00,2026-05-07 20:04:00,4717.308,4718.388,SL,-1.44,1,0.3628861325461101,ml_scalp1,2026-05
1535035,long,2026-05-07 20:37:00,2026-05-07 20:38:00,2026-05-07 20:39:00,4702.071,4701.231,SL,-1.12,1,0.418409547950313,ml_scalp1,2026-05
1535053,long,2026-05-07 20:55:00,2026-05-07 20:56:00,2026-05-07 20:57:00,4691.776,4690.936,SL,-1.12,1,0.4238527770354531,ml_scalp1,2026-05
1535065,short,2026-05-07 22:10:00,2026-05-07 22:11:00,2026-05-07 22:12:00,4694.08,4695.16,SL,-1.44,1,0.3624560084373618,ml_scalp1,2026-05
1535077,short,2026-05-07 22:22:00,2026-05-07 22:23:00,2026-05-07 22:24:00,4696.003,4697.083,SL,-1.44,1,0.36174636955400774,ml_scalp1,2026-05
1535089,short,2026-05-07 22:34:00,2026-05-07 22:35:00,2026-05-07 22:36:00,4688.675,4687.675,TP,0.64,1,0.36215570190375607,ml_scalp1,2026-05
1535359,short,2026-05-08 03:04:00,2026-05-08 03:05:00,2026-05-08 03:06:00,4717.118,4716.118,TP,0.64,1,0.3615889856258233,ml_scalp1,2026-05
1535488,short,2026-05-08 05:13:00,2026-05-08 05:14:00,2026-05-08 05:15:00,4713.084,4712.084,TP,0.64,1,0.36163193675898386,ml_scalp1,2026-05
1535535,short,2026-05-08 06:00:00,2026-05-08 06:01:00,2026-05-08 06:02:00,4717.259,4718.339,SL,-1.44,1,0.3619238892279057,ml_scalp1,2026-05
1535579,short,2026-05-08 06:44:00,2026-05-08 06:45:00,2026-05-08 06:46:00,4729.197,4728.197,TP,0.64,1,0.36111730593704455,ml_scalp1,2026-05
1535608,short,2026-05-08 07:13:00,2026-05-08 07:14:00,2026-05-08 07:15:00,4717.996,4716.996,TP,0.72,1,0.3623490466044695,ml_scalp1,2026-05
1535643,short,2026-05-08 07:48:00,2026-05-08 07:49:00,2026-05-08 07:50:00,4710.089,4710.929,SL,-1.12,1,0.3611488966316614,ml_scalp1,2026-05
1535755,short,2026-05-08 09:40:00,2026-05-08 09:41:00,2026-05-08 09:42:00,4712.427,4713.267,SL,-1.12,1,0.36115152284539004,ml_scalp1,2026-05
1535846,short,2026-05-08 11:11:00,2026-05-08 11:12:00,2026-05-08 11:13:00,4720.76,4721.6,SL,-1.12,1,0.3614621564311734,ml_scalp1,2026-05
1535925,short,2026-05-08 12:30:00,2026-05-08 12:31:00,2026-05-08 12:32:00,4708.379,4709.459,SL,-1.44,1,0.3649153682331146,ml_scalp1,2026-05
1535982,short,2026-05-08 13:27:00,2026-05-08 13:28:00,2026-05-08 13:29:00,4725.91,4726.75,SL,-1.12,1,0.3610996935880053,ml_scalp1,2026-05
1536029,short,2026-05-08 14:14:00,2026-05-08 14:15:00,2026-05-08 14:16:00,4731.622,4732.462,SL,-1.12,1,0.3612267999795294,ml_scalp1,2026-05
1536051,short,2026-05-08 14:36:00,2026-05-08 14:37:00,2026-05-08 14:38:00,4722.794,4723.634,SL,-1.12,1,0.361117435334868,ml_scalp1,2026-05
1536433,long,2026-05-10 22:02:00,2026-05-10 22:03:00,2026-05-10 22:04:00,4687.764,4686.264,SL,-2.0,1,0.42264599867417957,ml_scalp1,2026-05
1536446,short,2026-05-10 22:15:00,2026-05-10 22:16:00,2026-05-10 22:17:00,4687.52,4688.6,SL,-1.44,1,0.36179319782189723,ml_scalp1,2026-05
1536460,short,2026-05-10 22:29:00,2026-05-10 22:30:00,2026-05-10 22:31:00,4694.525,4693.525,TP,0.64,1,0.3636605817105288,ml_scalp1,2026-05
1536472,short,2026-05-10 22:41:00,2026-05-10 22:42:00,2026-05-10 22:43:00,4689.479,4690.559,SL,-1.44,1,0.36147648820356926,ml_scalp1,2026-05
1536484,short,2026-05-10 22:53:00,2026-05-10 22:54:00,2026-05-10 22:55:00,4692.734,4691.734,TP,0.64,1,0.3641536632457481,ml_scalp1,2026-05
1536496,short,2026-05-10 23:05:00,2026-05-10 23:06:00,2026-05-10 23:07:00,4694.971,4693.971,TP,0.64,1,0.36530607842980334,ml_scalp1,2026-05
1536508,short,2026-05-10 23:17:00,2026-05-10 23:18:00,2026-05-10 23:19:00,4693.702,4694.782,SL,-1.44,1,0.3655899244252899,ml_scalp1,2026-05
1536520,short,2026-05-10 23:29:00,2026-05-10 23:30:00,2026-05-10 23:31:00,4694.812,4695.892,SL,-1.44,1,0.3627030846131731,ml_scalp1,2026-05
1536542,short,2026-05-10 23:51:00,2026-05-10 23:52:00,2026-05-10 23:53:00,4697.307,4696.307,TP,0.64,1,0.36160598577586717,ml_scalp1,2026-05
1536615,short,2026-05-11 01:04:00,2026-05-11 01:05:00,2026-05-11 01:06:00,4691.014,4692.094,SL,-1.44,1,0.3625745886195358,ml_scalp1,2026-05
1536632,long,2026-05-11 01:21:00,2026-05-11 01:22:00,2026-05-11 01:23:00,4697.342,4698.342,TP,0.72,1,0.4113093578107797,ml_scalp1,2026-05
1536906,long,2026-05-11 05:55:00,2026-05-11 05:56:00,2026-05-11 05:57:00,4648.756,4649.756,TP,0.72,1,0.4421819090957489,ml_scalp1,2026-05
1537133,short,2026-05-11 09:42:00,2026-05-11 09:43:00,2026-05-11 09:44:00,4659.765,4660.6050000000005,SL,-1.12,1,0.36139907941679855,ml_scalp1,2026-05
1537381,long,2026-05-11 13:50:00,2026-05-11 13:51:00,2026-05-11 13:52:00,4735.192,4736.192,TP,0.72,1,0.4116349167827762,ml_scalp1,2026-05
1537394,long,2026-05-11 14:03:00,2026-05-11 14:04:00,2026-05-11 14:05:00,4728.223,4727.383,SL,-1.12,1,0.4094678480850329,ml_scalp1,2026-05
1537495,long,2026-05-11 15:44:00,2026-05-11 15:45:00,2026-05-11 15:46:00,4727.479,4726.639,SL,-1.12,1,0.4110263693787458,ml_scalp1,2026-05
1537508,long,2026-05-11 15:57:00,2026-05-11 15:58:00,2026-05-11 15:59:00,4730.738,4731.738,TP,0.72,1,0.40936159442110104,ml_scalp1,2026-05
1537520,long,2026-05-11 16:09:00,2026-05-11 16:10:00,2026-05-11 16:11:00,4729.386,4728.546,SL,-1.12,1,0.4223876672743766,ml_scalp1,2026-05
1537553,long,2026-05-11 16:42:00,2026-05-11 16:43:00,2026-05-11 16:44:00,4711.908,4711.068,SL,-1.12,1,0.43028841571021165,ml_scalp1,2026-05
1537581,short,2026-05-11 17:10:00,2026-05-11 17:11:00,2026-05-11 17:12:00,4718.177,4717.177,TP,0.72,1,0.36139375169609017,ml_scalp1,2026-05
1537801,long,2026-05-11 20:50:00,2026-05-11 20:51:00,2026-05-11 20:52:00,4734.116,4733.276,SL,-1.12,1,0.4177178992315105,ml_scalp1,2026-05
1537946,short,2026-05-12 00:18:00,2026-05-12 00:19:00,2026-05-12 00:20:00,4772.027,4771.027,TP,0.64,1,0.3620565504226646,ml_scalp1,2026-05
1538009,short,2026-05-12 01:21:00,2026-05-12 01:22:00,2026-05-12 01:23:00,4746.719,4745.719,TP,0.64,1,0.361395993776267,ml_scalp1,2026-05
1538022,long,2026-05-12 01:34:00,2026-05-12 01:35:00,2026-05-12 01:36:00,4732.351,4731.271,SL,-1.44,1,0.4333496176907907,ml_scalp1,2026-05
1538153,long,2026-05-12 03:45:00,2026-05-12 03:46:00,2026-05-12 03:47:00,4720.687,4719.607,SL,-1.44,1,0.42124516964121983,ml_scalp1,2026-05
1538236,long,2026-05-12 05:08:00,2026-05-12 05:09:00,2026-05-12 05:10:00,4711.377,4710.537,SL,-1.12,1,0.41621593909504706,ml_scalp1,2026-05
1538284,long,2026-05-12 05:56:00,2026-05-12 05:57:00,2026-05-12 05:58:00,4717.578,4716.738,SL,-1.12,1,0.41054692784168306,ml_scalp1,2026-05
1538304,long,2026-05-12 06:16:00,2026-05-12 06:17:00,2026-05-12 06:18:00,4701.478,4702.478,TP,0.72,1,0.4119835751477318,ml_scalp1,2026-05
1538322,short,2026-05-12 06:34:00,2026-05-12 06:35:00,2026-05-12 06:36:00,4702.592,4703.672,SL,-1.44,1,0.361855786058853,ml_scalp1,2026-05
1538337,long,2026-05-12 06:49:00,2026-05-12 06:50:00,2026-05-12 06:51:00,4697.096,4696.255999999999,SL,-1.12,1,0.4236672187787082,ml_scalp1,2026-05
1538351,long,2026-05-12 07:03:00,2026-05-12 07:04:00,2026-05-12 07:05:00,4692.649,4691.809,SL,-1.12,1,0.42654374145665186,ml_scalp1,2026-05
1538593,short,2026-05-12 11:05:00,2026-05-12 11:06:00,2026-05-12 11:07:00,4688.776,4689.616,SL,-1.12,1,0.361151492862942,ml_scalp1,2026-05
1538622,short,2026-05-12 11:34:00,2026-05-12 11:35:00,2026-05-12 11:36:00,4698.739,4699.579,SL,-1.12,1,0.36122737867111,ml_scalp1,2026-05
1538641,short,2026-05-12 11:53:00,2026-05-12 11:54:00,2026-05-12 11:55:00,4705.389,4706.229,SL,-1.12,1,0.36144534404457873,ml_scalp1,2026-05
1538654,long,2026-05-12 12:06:00,2026-05-12 12:07:00,2026-05-12 12:08:00,4701.118,4700.278,SL,-1.12,1,0.41314103148029,ml_scalp1,2026-05
1538679,short,2026-05-12 12:31:00,2026-05-12 12:32:00,2026-05-12 12:33:00,4690.68,4691.76,SL,-1.44,1,0.3633931153638685,ml_scalp1,2026-05
1538704,long,2026-05-12 12:56:00,2026-05-12 12:57:00,2026-05-12 12:58:00,4701.79,4702.79,TP,0.72,1,0.4220664836482667,ml_scalp1,2026-05
1538723,long,2026-05-12 13:15:00,2026-05-12 13:16:00,2026-05-12 13:17:00,4685.517,4684.677,SL,-1.12,1,0.41436605187739506,ml_scalp1,2026-05
1538738,short,2026-05-12 13:30:00,2026-05-12 13:31:00,2026-05-12 13:32:00,4689.918,4690.758,SL,-1.12,1,0.36179467031870377,ml_scalp1,2026-05
1538758,short,2026-05-12 13:50:00,2026-05-12 13:51:00,2026-05-12 13:52:00,4691.699,4690.699,TP,0.72,1,0.3619632377388728,ml_scalp1,2026-05
1538822,short,2026-05-12 14:54:00,2026-05-12 14:55:00,2026-05-12 14:56:00,4676.74,4675.74,TP,0.72,1,0.36142166859324804,ml_scalp1,2026-05
1538845,long,2026-05-12 15:17:00,2026-05-12 15:18:00,2026-05-12 15:19:00,4662.035,4661.195,SL,-1.12,1,0.41782471187671744,ml_scalp1,2026-05
1539186,long,2026-05-12 22:00:00,2026-05-12 22:01:00,2026-05-12 22:02:00,4716.36,4714.5599999999995,SL,-2.4,1,0.41350687649231854,ml_scalp1,2026-05
1539198,short,2026-05-12 22:12:00,2026-05-12 22:13:00,2026-05-12 22:15:00,4713.891,4715.391,SL,-2.0,2,0.36137586017763856,ml_scalp1,2026-05
1539211,short,2026-05-12 22:25:00,2026-05-12 22:26:00,2026-05-12 22:27:00,4716.84,4715.84,TP,0.5,1,0.36246708859706744,ml_scalp1,2026-05
1539367,long,2026-05-13 01:01:00,2026-05-13 01:02:00,2026-05-13 01:03:00,4710.481,4711.481,TP,0.72,1,0.4107625733537986,ml_scalp1,2026-05
1539733,short,2026-05-13 07:07:00,2026-05-13 07:08:00,2026-05-13 07:09:00,4699.732,4698.732,TP,0.72,1,0.3618928967521815,ml_scalp1,2026-05
1539753,short,2026-05-13 07:27:00,2026-05-13 07:28:00,2026-05-13 07:30:00,4707.532,4706.532,TP,0.72,2,0.36201471462660817,ml_scalp1,2026-05
1539790,short,2026-05-13 08:04:00,2026-05-13 08:05:00,2026-05-13 08:06:00,4700.959,4699.959,TP,0.72,1,0.36121067611468255,ml_scalp1,2026-05
1539819,short,2026-05-13 08:33:00,2026-05-13 08:34:00,2026-05-13 08:35:00,4696.935,4697.775000000001,SL,-1.12,1,0.36125061626080424,ml_scalp1,2026-05
1539884,short,2026-05-13 09:38:00,2026-05-13 09:39:00,2026-05-13 09:41:00,4690.997,4691.837,SL,-1.12,2,0.3622134141495968,ml_scalp1,2026-05
1539933,short,2026-05-13 10:27:00,2026-05-13 10:28:00,2026-05-13 10:30:00,4700.341,4699.341,TP,0.72,2,0.361128844864599,ml_scalp1,2026-05
1540017,short,2026-05-13 11:51:00,2026-05-13 11:52:00,2026-05-13 11:53:00,4702.031,4701.031,TP,0.72,1,0.36118939515650583,ml_scalp1,2026-05
1540031,short,2026-05-13 12:05:00,2026-05-13 12:06:00,2026-05-13 12:07:00,4700.173,4701.013,SL,-1.12,1,0.36124707608582024,ml_scalp1,2026-05
1540044,short,2026-05-13 12:18:00,2026-05-13 12:19:00,2026-05-13 12:20:00,4693.665,4692.665,TP,0.72,1,0.3614256024731368,ml_scalp1,2026-05
1540360,long,2026-05-13 17:34:00,2026-05-13 17:35:00,2026-05-13 17:36:00,4690.665,4691.665,TP,0.72,1,0.4234613858631202,ml_scalp1,2026-05
1540433,long,2026-05-13 18:47:00,2026-05-13 18:48:00,2026-05-13 18:49:00,4678.95,4679.95,TP,0.72,1,0.41658898208843453,ml_scalp1,2026-05
1540687,long,2026-05-14 00:03:00,2026-05-14 00:04:00,2026-05-14 00:05:00,4689.95,4690.95,TP,0.72,1,0.4144454789733398,ml_scalp1,2026-05
1541020,short,2026-05-14 05:36:00,2026-05-14 05:37:00,2026-05-14 05:38:00,4697.802,4698.642,SL,-1.12,1,0.3614317049901481,ml_scalp1,2026-05
1541144,long,2026-05-14 07:40:00,2026-05-14 07:41:00,2026-05-14 07:42:00,4710.183,4711.183,TP,0.72,1,0.41396074499354796,ml_scalp1,2026-05
1541191,short,2026-05-14 08:27:00,2026-05-14 08:28:00,2026-05-14 08:29:00,4702.773,4703.613,SL,-1.12,1,0.3620755916960935,ml_scalp1,2026-05
1541210,short,2026-05-14 08:46:00,2026-05-14 08:47:00,2026-05-14 08:48:00,4696.33,4695.33,TP,0.72,1,0.3624967588157741,ml_scalp1,2026-05
1541229,short,2026-05-14 09:05:00,2026-05-14 09:06:00,2026-05-14 09:07:00,4692.78,4693.62,SL,-1.12,1,0.36159438584375964,ml_scalp1,2026-05
1541254,short,2026-05-14 09:30:00,2026-05-14 09:31:00,2026-05-14 09:32:00,4690.478,4691.318,SL,-1.12,1,0.36266069266177575,ml_scalp1,2026-05
1541301,short,2026-05-14 10:17:00,2026-05-14 10:18:00,2026-05-14 10:19:00,4697.167,4698.0070000000005,SL,-1.12,1,0.3615165409468597,ml_scalp1,2026-05
1541318,short,2026-05-14 10:34:00,2026-05-14 10:35:00,2026-05-14 10:36:00,4696.962,4695.962,TP,0.72,1,0.36244953093085647,ml_scalp1,2026-05
1541407,short,2026-05-14 12:03:00,2026-05-14 12:04:00,2026-05-14 12:05:00,4696.784,4695.784,TP,0.72,1,0.36250520131518127,ml_scalp1,2026-05
1541424,short,2026-05-14 12:20:00,2026-05-14 12:21:00,2026-05-14 12:22:00,4706.346,4705.346,TP,0.72,1,0.36234747096471537,ml_scalp1,2026-05
1541440,short,2026-05-14 12:36:00,2026-05-14 12:37:00,2026-05-14 12:38:00,4708.765,4707.765,TP,0.72,1,0.36160030890756734,ml_scalp1,2026-05
1541457,short,2026-05-14 12:53:00,2026-05-14 12:54:00,2026-05-14 12:57:00,4703.735,4704.575,SL,-1.12,3,0.36116381557658533,ml_scalp1,2026-05
1541471,short,2026-05-14 13:07:00,2026-05-14 13:08:00,2026-05-14 13:09:00,4700.505,4701.345,SL,-1.12,1,0.36155551526045804,ml_scalp1,2026-05
1541489,short,2026-05-14 13:25:00,2026-05-14 13:26:00,2026-05-14 13:27:00,4695.433,4696.273,SL,-1.12,1,0.36241599920797307,ml_scalp1,2026-05
1541515,short,2026-05-14 13:51:00,2026-05-14 13:52:00,2026-05-14 13:53:00,4685.814,4684.814,TP,0.72,1,0.3612110753921471,ml_scalp1,2026-05
1541529,short,2026-05-14 14:05:00,2026-05-14 14:06:00,2026-05-14 14:07:00,4684.714,4685.554,SL,-1.12,1,0.36154313183417547,ml_scalp1,2026-05
1541553,short,2026-05-14 14:29:00,2026-05-14 14:30:00,2026-05-14 14:31:00,4691.432,4690.432,TP,0.72,1,0.3614632947689257,ml_scalp1,2026-05
1541942,short,2026-05-14 22:00:00,2026-05-14 22:01:00,2026-05-14 22:02:00,4649.717,4651.217,SL,-2.0,1,0.3655988176752861,ml_scalp1,2026-05
1542002,long,2026-05-14 23:00:00,2026-05-14 23:01:00,2026-05-14 23:03:00,4661.874,4662.874,TP,0.72,2,0.42323423632654555,ml_scalp1,2026-05
1542015,long,2026-05-14 23:13:00,2026-05-14 23:14:00,2026-05-14 23:15:00,4660.374,4659.534,SL,-1.12,1,0.40974467161086753,ml_scalp1,2026-05
1542102,long,2026-05-15 00:40:00,2026-05-15 00:41:00,2026-05-15 00:42:00,4616.975,4616.135,SL,-1.12,1,0.41706179944143984,ml_scalp1,2026-05
1542227,long,2026-05-15 02:45:00,2026-05-15 02:46:00,2026-05-15 02:47:00,4615.839,4614.999,SL,-1.12,1,0.42125608763974576,ml_scalp1,2026-05
1542255,long,2026-05-15 03:13:00,2026-05-15 03:14:00,2026-05-15 03:15:00,4617.012,4618.012,TP,0.72,1,0.4098742370847825,ml_scalp1,2026-05
1542370,long,2026-05-15 05:08:00,2026-05-15 05:09:00,2026-05-15 05:10:00,4593.992,4593.152,SL,-1.12,1,0.4136392808574625,ml_scalp1,2026-05
1542392,long,2026-05-15 05:30:00,2026-05-15 05:31:00,2026-05-15 05:32:00,4580.956,4580.116,SL,-1.12,1,0.41789607327592493,ml_scalp1,2026-05
1542482,short,2026-05-15 07:00:00,2026-05-15 07:01:00,2026-05-15 07:02:00,4568.319,4569.159000000001,SL,-1.12,1,0.3611917443484621,ml_scalp1,2026-05
1542508,long,2026-05-15 07:26:00,2026-05-15 07:27:00,2026-05-15 07:28:00,4579.737,4580.737,TP,0.72,1,0.4144874947560005,ml_scalp1,2026-05
1542526,long,2026-05-15 07:44:00,2026-05-15 07:45:00,2026-05-15 07:46:00,4577.403,4576.563,SL,-1.12,1,0.40960844212201925,ml_scalp1,2026-05
1542559,long,2026-05-15 08:17:00,2026-05-15 08:18:00,2026-05-15 08:19:00,4556.077,4557.077,TP,0.72,1,0.4375873010158605,ml_scalp1,2026-05
1542572,long,2026-05-15 08:30:00,2026-05-15 08:31:00,2026-05-15 08:32:00,4552.658,4553.658,TP,0.72,1,0.4222552081367541,ml_scalp1,2026-05
1542611,short,2026-05-15 09:09:00,2026-05-15 09:10:00,2026-05-15 09:11:00,4554.816,4553.816,TP,0.72,1,0.3623596492745865,ml_scalp1,2026-05
1542624,short,2026-05-15 09:22:00,2026-05-15 09:23:00,2026-05-15 09:24:00,4548.267,4549.107,SL,-1.12,1,0.3623683862449033,ml_scalp1,2026-05
1542636,short,2026-05-15 09:34:00,2026-05-15 09:35:00,2026-05-15 09:36:00,4553.59,4552.59,TP,0.72,1,0.36173699468764686,ml_scalp1,2026-05
1542650,long,2026-05-15 09:48:00,2026-05-15 09:49:00,2026-05-15 09:50:00,4539.529,4538.689,SL,-1.12,1,0.41238132882637035,ml_scalp1,2026-05
1542663,short,2026-05-15 10:01:00,2026-05-15 10:02:00,2026-05-15 10:03:00,4545.859,4546.6990000000005,SL,-1.12,1,0.36171285617781207,ml_scalp1,2026-05
1542685,short,2026-05-15 10:23:00,2026-05-15 10:24:00,2026-05-15 10:25:00,4561.119,4560.119,TP,0.72,1,0.36119841630562144,ml_scalp1,2026-05
1542704,short,2026-05-15 10:42:00,2026-05-15 10:43:00,2026-05-15 10:44:00,4552.522,4553.362,SL,-1.12,1,0.36197048486005334,ml_scalp1,2026-05
1542729,short,2026-05-15 11:07:00,2026-05-15 11:08:00,2026-05-15 11:09:00,4562.894,4563.734,SL,-1.12,1,0.3618255158676437,ml_scalp1,2026-05
1542754,short,2026-05-15 11:32:00,2026-05-15 11:33:00,2026-05-15 11:34:00,4560.525,4559.525,TP,0.72,1,0.36183632808253247,ml_scalp1,2026-05
1542766,short,2026-05-15 11:44:00,2026-05-15 11:45:00,2026-05-15 11:46:00,4551.564,4552.404,SL,-1.12,1,0.362735701386613,ml_scalp1,2026-05
1542779,short,2026-05-15 11:57:00,2026-05-15 11:58:00,2026-05-15 11:59:00,4553.133,4552.133,TP,0.72,1,0.36294371245039103,ml_scalp1,2026-05
1542791,short,2026-05-15 12:09:00,2026-05-15 12:10:00,2026-05-15 12:11:00,4553.259,4552.259,TP,0.72,1,0.3657811699577418,ml_scalp1,2026-05
1542803,short,2026-05-15 12:21:00,2026-05-15 12:22:00,2026-05-15 12:23:00,4556.387,4557.227,SL,-1.12,1,0.36299318319732404,ml_scalp1,2026-05
1542815,short,2026-05-15 12:33:00,2026-05-15 12:34:00,2026-05-15 12:35:00,4552.438,4551.438,TP,0.72,1,0.3633332424894763,ml_scalp1,2026-05
1542827,short,2026-05-15 12:45:00,2026-05-15 12:46:00,2026-05-15 12:47:00,4547.314,4548.154,SL,-1.12,1,0.3650508263965568,ml_scalp1,2026-05
1542839,short,2026-05-15 12:57:00,2026-05-15 12:58:00,2026-05-15 12:59:00,4551.485,4550.485,TP,0.72,1,0.3646973160264171,ml_scalp1,2026-05
1542851,short,2026-05-15 13:09:00,2026-05-15 13:10:00,2026-05-15 13:11:00,4538.521,4539.361,SL,-1.12,1,0.361261201109647,ml_scalp1,2026-05
1542863,short,2026-05-15 13:21:00,2026-05-15 13:22:00,2026-05-15 13:23:00,4551.999,4552.839,SL,-1.12,1,0.3636449391432207,ml_scalp1,2026-05
1542875,short,2026-05-15 13:33:00,2026-05-15 13:34:00,2026-05-15 13:35:00,4544.338,4543.338,TP,0.72,1,0.36300231181265524,ml_scalp1,2026-05
1542892,short,2026-05-15 13:50:00,2026-05-15 13:51:00,2026-05-15 13:52:00,4531.837,4532.677000000001,SL,-1.12,1,0.36139225261761104,ml_scalp1,2026-05
1542904,short,2026-05-15 14:02:00,2026-05-15 14:03:00,2026-05-15 14:04:00,4529.289,4530.129,SL,-1.12,1,0.3611554237313214,ml_scalp1,2026-05
1542917,short,2026-05-15 14:15:00,2026-05-15 14:16:00,2026-05-15 14:17:00,4545.167,4546.0070000000005,SL,-1.12,1,0.36160590749115606,ml_scalp1,2026-05
1542930,short,2026-05-15 14:28:00,2026-05-15 14:29:00,2026-05-15 14:30:00,4555.842,4556.682,SL,-1.12,1,0.3615433488955139,ml_scalp1,2026-05
1542942,short,2026-05-15 14:40:00,2026-05-15 14:41:00,2026-05-15 14:42:00,4556.323,4555.323,TP,0.72,1,0.36235965163300804,ml_scalp1,2026-05
1542956,short,2026-05-15 14:54:00,2026-05-15 14:55:00,2026-05-15 14:56:00,4556.812,4557.652,SL,-1.12,1,0.3622279113815491,ml_scalp1,2026-05
1542972,short,2026-05-15 15:10:00,2026-05-15 15:11:00,2026-05-15 15:12:00,4559.227,4558.227,TP,0.72,1,0.3622485143823087,ml_scalp1,2026-05
1543003,short,2026-05-15 15:41:00,2026-05-15 15:42:00,2026-05-15 15:43:00,4543.803,4542.803,TP,0.72,1,0.3619605920529171,ml_scalp1,2026-05
1543023,short,2026-05-15 16:01:00,2026-05-15 16:02:00,2026-05-15 16:03:00,4539.849,4538.849,TP,0.72,1,0.3623758949245962,ml_scalp1,2026-05
1543036,short,2026-05-15 16:14:00,2026-05-15 16:15:00,2026-05-15 16:16:00,4532.452,4533.292,SL,-1.12,1,0.36157035295546003,ml_scalp1,2026-05
1543048,short,2026-05-15 16:26:00,2026-05-15 16:27:00,2026-05-15 16:28:00,4539.489,4540.329,SL,-1.12,1,0.3631975414033801,ml_scalp1,2026-05
1543160,long,2026-05-15 18:18:00,2026-05-15 18:19:00,2026-05-15 18:20:00,4555.228,4556.228,TP,0.72,1,0.4096926667406479,ml_scalp1,2026-05
1543213,long,2026-05-15 19:11:00,2026-05-15 19:12:00,2026-05-15 19:14:00,4551.275,4550.4349999999995,SL,-1.12,2,0.41117701321112,ml_scalp1,2026-05
1543226,long,2026-05-15 19:24:00,2026-05-15 19:25:00,2026-05-15 19:26:00,4550.026,4549.186,SL,-1.12,1,0.41297389958492525,ml_scalp1,2026-05
1543323,short,2026-05-17 22:05:00,2026-05-17 22:06:00,2026-05-17 22:07:00,4552.187,4551.187,TP,0.64,1,0.3627049408234099,ml_scalp1,2026-05
1543372,long,2026-05-17 22:54:00,2026-05-17 22:55:00,2026-05-17 22:56:00,4547.258,4546.418,SL,-1.12,1,0.41127140128259443,ml_scalp1,2026-05
1543418,long,2026-05-17 23:40:00,2026-05-17 23:41:00,2026-05-17 23:42:00,4533.737,4534.737,TP,0.72,1,0.4172280416892678,ml_scalp1,2026-05
1543439,long,2026-05-18 00:01:00,2026-05-18 00:02:00,2026-05-18 00:03:00,4532.565,4531.724999999999,SL,-1.12,1,0.413652321540145,ml_scalp1,2026-05
1543457,long,2026-05-18 00:19:00,2026-05-18 00:20:00,2026-05-18 00:21:00,4522.879,4523.879,TP,0.72,1,0.41683087142837927,ml_scalp1,2026-05
1543471,long,2026-05-18 00:33:00,2026-05-18 00:34:00,2026-05-18 00:35:00,4500.477,4499.637,SL,-1.12,1,0.41624300606094533,ml_scalp1,2026-05
1543484,long,2026-05-18 00:46:00,2026-05-18 00:47:00,2026-05-18 00:48:00,4489.574,4488.7339999999995,SL,-1.12,1,0.4153192541659549,ml_scalp1,2026-05
1543512,long,2026-05-18 01:14:00,2026-05-18 01:15:00,2026-05-18 01:16:00,4495.774,4496.774,TP,0.72,1,0.4153401284304399,ml_scalp1,2026-05
1543526,long,2026-05-18 01:28:00,2026-05-18 01:29:00,2026-05-18 01:30:00,4503.376,4502.536,SL,-1.12,1,0.4159029480878557,ml_scalp1,2026-05
1543550,long,2026-05-18 01:52:00,2026-05-18 01:53:00,2026-05-18 01:54:00,4529.259,4530.259,TP,0.72,1,0.4105296021353309,ml_scalp1,2026-05
1543588,long,2026-05-18 02:30:00,2026-05-18 02:31:00,2026-05-18 02:32:00,4530.709,4531.709,TP,0.72,1,0.4094415716679549,ml_scalp1,2026-05
1543607,long,2026-05-18 02:49:00,2026-05-18 02:50:00,2026-05-18 02:51:00,4530.839,4531.839,TP,0.72,1,0.4123772088913911,ml_scalp1,2026-05
1543803,short,2026-05-18 06:05:00,2026-05-18 06:06:00,2026-05-18 06:07:00,4535.918,4536.758,SL,-1.12,1,0.36151302849398664,ml_scalp1,2026-05
1543838,short,2026-05-18 06:40:00,2026-05-18 06:41:00,2026-05-18 06:42:00,4538.592,4537.592,TP,0.72,1,0.36119292941894615,ml_scalp1,2026-05
1544003,short,2026-05-18 09:25:00,2026-05-18 09:26:00,2026-05-18 09:27:00,4546.035,4546.875,SL,-1.12,1,0.3612127084202014,ml_scalp1,2026-05
1544018,short,2026-05-18 09:40:00,2026-05-18 09:41:00,2026-05-18 09:42:00,4544.998,4543.998,TP,0.72,1,0.36155234629873856,ml_scalp1,2026-05
1544052,short,2026-05-18 10:14:00,2026-05-18 10:15:00,2026-05-18 10:16:00,4539.004,4539.844,SL,-1.12,1,0.36137585681839324,ml_scalp1,2026-05
1544154,short,2026-05-18 11:56:00,2026-05-18 11:57:00,2026-05-18 11:58:00,4553.771,4552.771,TP,0.72,1,0.3616779311700519,ml_scalp1,2026-05
1544178,short,2026-05-18 12:20:00,2026-05-18 12:21:00,2026-05-18 12:22:00,4548.265,4549.1050000000005,SL,-1.12,1,0.3618176129119259,ml_scalp1,2026-05
1544205,long,2026-05-18 12:47:00,2026-05-18 12:48:00,2026-05-18 12:49:00,4569.015,4570.015,TP,0.72,1,0.4115487689853185,ml_scalp1,2026-05
1544273,long,2026-05-18 13:55:00,2026-05-18 13:56:00,2026-05-18 13:57:00,4581.699,4580.8589999999995,SL,-1.12,1,0.4088537154125525,ml_scalp1,2026-05
1544311,long,2026-05-18 14:33:00,2026-05-18 14:34:00,2026-05-18 14:35:00,4547.806,4546.965999999999,SL,-1.12,1,0.41478159602951137,ml_scalp1,2026-05
1544357,short,2026-05-18 15:19:00,2026-05-18 15:20:00,2026-05-18 15:21:00,4536.775,4537.615,SL,-1.12,1,0.3615421966079484,ml_scalp1,2026-05
1544843,long,2026-05-19 00:27:00,2026-05-19 00:28:00,2026-05-19 00:29:00,4572.209,4571.369,SL,-1.12,1,0.41024772492700257,ml_scalp1,2026-05
1544871,long,2026-05-19 00:55:00,2026-05-19 00:56:00,2026-05-19 00:57:00,4565.746,4564.906,SL,-1.12,1,0.41547269466951403,ml_scalp1,2026-05
1545212,short,2026-05-19 06:36:00,2026-05-19 06:37:00,2026-05-19 06:38:00,4547.533,4548.3730000000005,SL,-1.12,1,0.3611295686757547,ml_scalp1,2026-05
1545227,short,2026-05-19 06:51:00,2026-05-19 06:52:00,2026-05-19 06:53:00,4544.691,4545.531,SL,-1.12,1,0.3618681661699461,ml_scalp1,2026-05
1545239,short,2026-05-19 07:03:00,2026-05-19 07:04:00,2026-05-19 07:05:00,4546.246,4547.086,SL,-1.12,1,0.36148771227232085,ml_scalp1,2026-05
1545253,short,2026-05-19 07:17:00,2026-05-19 07:18:00,2026-05-19 07:20:00,4548.906,4549.746,SL,-1.12,2,0.36208734118397096,ml_scalp1,2026-05
1545289,short,2026-05-19 07:53:00,2026-05-19 07:54:00,2026-05-19 07:55:00,4549.443,4550.283,SL,-1.12,1,0.36138094159372885,ml_scalp1,2026-05
1545301,short,2026-05-19 08:05:00,2026-05-19 08:06:00,2026-05-19 08:07:00,4551.757,4550.757,TP,0.72,1,0.361260510524524,ml_scalp1,2026-05
1545314,short,2026-05-19 08:18:00,2026-05-19 08:19:00,2026-05-19 08:20:00,4547.235,4546.235,TP,0.72,1,0.3613810708241545,ml_scalp1,2026-05
1545326,short,2026-05-19 08:30:00,2026-05-19 08:31:00,2026-05-19 08:32:00,4538.744,4539.584,SL,-1.12,1,0.36310559408816917,ml_scalp1,2026-05
1545373,short,2026-05-19 09:17:00,2026-05-19 09:18:00,2026-05-19 09:19:00,4537.768,4538.608,SL,-1.12,1,0.3615852905066164,ml_scalp1,2026-05
1545388,short,2026-05-19 09:32:00,2026-05-19 09:33:00,2026-05-19 09:34:00,4539.969,4538.969,TP,0.72,1,0.36197456312668297,ml_scalp1,2026-05
1545400,short,2026-05-19 09:44:00,2026-05-19 09:45:00,2026-05-19 09:46:00,4539.575,4538.575,TP,0.72,1,0.36178387086024383,ml_scalp1,2026-05
1545459,long,2026-05-19 10:43:00,2026-05-19 10:44:00,2026-05-19 10:45:00,4527.392,4528.392,TP,0.72,1,0.4195331686607019,ml_scalp1,2026-05
1545509,short,2026-05-19 11:33:00,2026-05-19 11:34:00,2026-05-19 11:35:00,4538.484,4539.3240000000005,SL,-1.12,1,0.3620499770959561,ml_scalp1,2026-05
1545535,short,2026-05-19 11:59:00,2026-05-19 12:00:00,2026-05-19 12:01:00,4530.799,4531.639,SL,-1.12,1,0.3612277476536001,ml_scalp1,2026-05
1545547,short,2026-05-19 12:11:00,2026-05-19 12:12:00,2026-05-19 12:13:00,4545.173,4544.173,TP,0.72,1,0.36177515661307136,ml_scalp1,2026-05
1545564,short,2026-05-19 12:28:00,2026-05-19 12:29:00,2026-05-19 12:30:00,4541.85,4542.6900000000005,SL,-1.12,1,0.36162709378099606,ml_scalp1,2026-05
1545600,long,2026-05-19 13:04:00,2026-05-19 13:05:00,2026-05-19 13:06:00,4523.57,4522.73,SL,-1.12,1,0.42530390549855357,ml_scalp1,2026-05
1545617,long,2026-05-19 13:21:00,2026-05-19 13:22:00,2026-05-19 13:23:00,4512.794,4511.954,SL,-1.12,1,0.4095063149765301,ml_scalp1,2026-05
1545813,long,2026-05-19 16:37:00,2026-05-19 16:38:00,2026-05-19 16:39:00,4506.878,4507.878,TP,0.72,1,0.41154126201307284,ml_scalp1,2026-05
1545839,long,2026-05-19 17:03:00,2026-05-19 17:04:00,2026-05-19 17:06:00,4507.002,4506.162,SL,-1.12,2,0.4090575727742495,ml_scalp1,2026-05
1545927,long,2026-05-19 18:31:00,2026-05-19 18:32:00,2026-05-19 18:33:00,4495.793,4496.793,TP,0.72,1,0.4175370445945478,ml_scalp1,2026-05
1545951,long,2026-05-19 18:55:00,2026-05-19 18:56:00,2026-05-19 18:57:00,4492.141,4493.141,TP,0.72,1,0.41555026867892475,ml_scalp1,2026-05
1546064,long,2026-05-19 20:48:00,2026-05-19 20:49:00,2026-05-19 20:50:00,4484.114,4483.273999999999,SL,-1.12,1,0.41342675914471366,ml_scalp1,2026-05
1546076,long,2026-05-19 22:02:00,2026-05-19 22:03:00,2026-05-19 22:04:00,4483.259,4484.259,TP,0.64,1,0.41772198413802064,ml_scalp1,2026-05
1546109,long,2026-05-19 22:35:00,2026-05-19 22:36:00,2026-05-19 22:37:00,4484.699,4483.8589999999995,SL,-1.12,1,0.41148587540159803,ml_scalp1,2026-05
1546121,long,2026-05-19 22:47:00,2026-05-19 22:48:00,2026-05-19 22:49:00,4480.849,4481.849,TP,0.72,1,0.41707327211626616,ml_scalp1,2026-05
1546162,long,2026-05-19 23:28:00,2026-05-19 23:29:00,2026-05-19 23:30:00,4486.527,4485.687,SL,-1.12,1,0.4086450170106295,ml_scalp1,2026-05
1546256,long,2026-05-20 01:02:00,2026-05-20 01:03:00,2026-05-20 01:04:00,4494.754,4493.914,SL,-1.12,1,0.4162942084497997,ml_scalp1,2026-05
1546277,long,2026-05-20 01:23:00,2026-05-20 01:24:00,2026-05-20 01:25:00,4486.668,4485.8279999999995,SL,-1.12,1,0.4139907374958378,ml_scalp1,2026-05
1546290,long,2026-05-20 01:36:00,2026-05-20 01:37:00,2026-05-20 01:38:00,4460.633,4461.633,TP,0.72,1,0.4160485778623242,ml_scalp1,2026-05
1546320,long,2026-05-20 02:06:00,2026-05-20 02:07:00,2026-05-20 02:08:00,4481.439,4480.599,SL,-1.12,1,0.4107867588947487,ml_scalp1,2026-05
1546345,long,2026-05-20 02:31:00,2026-05-20 02:32:00,2026-05-20 02:33:00,4470.3,4469.46,SL,-1.12,1,0.4233127489969806,ml_scalp1,2026-05
1546380,long,2026-05-20 03:06:00,2026-05-20 03:07:00,2026-05-20 03:08:00,4456.416,4455.576,SL,-1.12,1,0.4099424223499518,ml_scalp1,2026-05
1546586,short,2026-05-20 06:32:00,2026-05-20 06:33:00,2026-05-20 06:34:00,4468.198,4469.0380000000005,SL,-1.12,1,0.36237093308114926,ml_scalp1,2026-05
1546598,short,2026-05-20 06:44:00,2026-05-20 06:45:00,2026-05-20 06:46:00,4467.173,4466.173,TP,0.72,1,0.36179137048015325,ml_scalp1,2026-05
1547025,short,2026-05-20 13:51:00,2026-05-20 13:52:00,2026-05-20 13:53:00,4488.641,4487.641,TP,0.72,1,0.3612683114309653,ml_scalp1,2026-05
1547046,long,2026-05-20 14:12:00,2026-05-20 14:13:00,2026-05-20 14:14:00,4468.751,4469.751,TP,0.72,1,0.41831943670923794,ml_scalp1,2026-05
1547058,short,2026-05-20 14:24:00,2026-05-20 14:25:00,2026-05-20 14:26:00,4502.684,4503.524,SL,-1.12,1,0.3619411469056076,ml_scalp1,2026-05
1547170,long,2026-05-20 16:16:00,2026-05-20 16:17:00,2026-05-20 16:18:00,4530.775,4529.9349999999995,SL,-1.12,1,0.4095294339580346,ml_scalp1,2026-05
1547442,long,2026-05-20 20:48:00,2026-05-20 20:49:00,2026-05-20 20:50:00,4543.398,4542.558,SL,-1.12,1,0.40922209540579746,ml_scalp1,2026-05
1547472,long,2026-05-20 22:20:00,2026-05-20 22:21:00,2026-05-20 22:23:00,4535.607,4536.607,TP,0.72,2,0.42326153505009595,ml_scalp1,2026-05
1547722,long,2026-05-21 02:30:00,2026-05-21 02:31:00,2026-05-21 02:32:00,4538.317,4539.317,TP,0.72,1,0.4215041280026954,ml_scalp1,2026-05
1547738,long,2026-05-21 02:46:00,2026-05-21 02:47:00,2026-05-21 02:48:00,4532.587,4533.587,TP,0.72,1,0.4277038634786484,ml_scalp1,2026-05
1548170,short,2026-05-21 09:58:00,2026-05-21 09:59:00,2026-05-21 10:01:00,4530.957,4531.7970000000005,SL,-1.12,2,0.3611111791079299,ml_scalp1,2026-05
1548198,long,2026-05-21 10:26:00,2026-05-21 10:27:00,2026-05-21 10:28:00,4513.259,4514.259,TP,0.72,1,0.4111431018714555,ml_scalp1,2026-05
1548218,short,2026-05-21 10:46:00,2026-05-21 10:47:00,2026-05-21 10:48:00,4515.678,4516.518,SL,-1.12,1,0.3612490910146447,ml_scalp1,2026-05
1548279,short,2026-05-21 11:47:00,2026-05-21 11:48:00,2026-05-21 11:49:00,4513.853,4514.693,SL,-1.12,1,0.36111646645526085,ml_scalp1,2026-05
1548317,long,2026-05-21 12:25:00,2026-05-21 12:26:00,2026-05-21 12:27:00,4505.557,4506.557,TP,0.72,1,0.41304628284772116,ml_scalp1,2026-05
1548497,short,2026-05-21 15:25:00,2026-05-21 15:26:00,2026-05-21 15:27:00,4504.839,4503.839,TP,0.72,1,0.3616492710668616,ml_scalp1,2026-05
1548706,long,2026-05-21 18:54:00,2026-05-21 18:55:00,2026-05-21 18:56:00,4527.827,4528.827,TP,0.72,1,0.40981876658401417,ml_scalp1,2026-05
1549307,long,2026-05-22 05:57:00,2026-05-22 05:58:00,2026-05-22 05:59:00,4511.229,4510.389,SL,-1.12,1,0.41984100320213436,ml_scalp1,2026-05
1549350,short,2026-05-22 06:40:00,2026-05-22 06:41:00,2026-05-22 06:42:00,4523.228,4522.228,TP,0.72,1,0.3615314336934983,ml_scalp1,2026-05
1549458,short,2026-05-22 08:28:00,2026-05-22 08:29:00,2026-05-22 08:30:00,4525.085,4525.925,SL,-1.12,1,0.361418291323047,ml_scalp1,2026-05
1549470,short,2026-05-22 08:40:00,2026-05-22 08:41:00,2026-05-22 08:45:00,4522.026,4522.866,SL,-1.12,4,0.3615169559600802,ml_scalp1,2026-05
1549525,short,2026-05-22 09:35:00,2026-05-22 09:36:00,2026-05-22 09:37:00,4519.284,4520.124,SL,-1.12,1,0.36138246384471656,ml_scalp1,2026-05
1549716,short,2026-05-22 12:46:00,2026-05-22 12:47:00,2026-05-22 12:48:00,4519.213,4518.213,TP,0.72,1,0.36158125621770165,ml_scalp1,2026-05
1549728,short,2026-05-22 12:58:00,2026-05-22 12:59:00,2026-05-22 13:00:00,4521.305,4522.145,SL,-1.12,1,0.36131636514246634,ml_scalp1,2026-05
1549749,short,2026-05-22 13:19:00,2026-05-22 13:20:00,2026-05-22 13:21:00,4527.414,4526.414,TP,0.72,1,0.3611243864152614,ml_scalp1,2026-05
1549767,short,2026-05-22 13:37:00,2026-05-22 13:38:00,2026-05-22 13:39:00,4521.106,4520.106,TP,0.72,1,0.3620813110002983,ml_scalp1,2026-05
1550092,long,2026-05-22 19:02:00,2026-05-22 19:03:00,2026-05-22 19:04:00,4510.753,4509.913,SL,-1.12,1,0.422001045783883,ml_scalp1,2026-05
1550208,short,2026-05-24 22:01:00,2026-05-24 22:02:00,2026-05-24 22:03:00,4546.913,4547.9929999999995,SL,-1.44,1,0.3648906027561401,ml_scalp1,2026-05
1550221,short,2026-05-24 22:14:00,2026-05-24 22:15:00,2026-05-24 22:16:00,4555.207,4554.207,TP,0.64,1,0.36216096016784605,ml_scalp1,2026-05
1550311,long,2026-05-24 23:44:00,2026-05-24 23:45:00,2026-05-24 23:47:00,4577.064,4576.224,SL,-1.12,2,0.4112188520821223,ml_scalp1,2026-05
1550325,long,2026-05-24 23:58:00,2026-05-24 23:59:00,2026-05-25 00:00:00,4567.261,4568.261,TP,0.72,1,0.44065580933318405,ml_scalp1,2026-05
1550339,long,2026-05-25 00:12:00,2026-05-25 00:13:00,2026-05-25 00:14:00,4571.94,4572.94,TP,0.72,1,0.4136228804402046,ml_scalp1,2026-05
1550352,long,2026-05-25 00:25:00,2026-05-25 00:26:00,2026-05-25 00:27:00,4571.598,4570.758,SL,-1.12,1,0.4178090687136212,ml_scalp1,2026-05
1550368,long,2026-05-25 00:41:00,2026-05-25 00:42:00,2026-05-25 00:43:00,4573.428,4572.588,SL,-1.12,1,0.4109286117025914,ml_scalp1,2026-05
1550380,long,2026-05-25 00:53:00,2026-05-25 00:54:00,2026-05-25 00:55:00,4572.284,4571.4439999999995,SL,-1.12,1,0.41417674720646,ml_scalp1,2026-05
1550392,long,2026-05-25 01:05:00,2026-05-25 01:06:00,2026-05-25 01:07:00,4568.349,4567.509,SL,-1.12,1,0.41030737353096103,ml_scalp1,2026-05
1550426,long,2026-05-25 01:39:00,2026-05-25 01:40:00,2026-05-25 01:41:00,4570.506,4569.666,SL,-1.12,1,0.40986868108046054,ml_scalp1,2026-05
1550734,long,2026-05-25 06:47:00,2026-05-25 06:48:00,2026-05-25 06:50:00,4557.92,4558.92,TP,0.72,2,0.41497187893554044,ml_scalp1,2026-05
1550750,long,2026-05-25 07:03:00,2026-05-25 07:04:00,2026-05-25 07:05:00,4563.213,4564.213,TP,0.72,1,0.4085579226783277,ml_scalp1,2026-05
1551299,long,2026-05-25 16:12:00,2026-05-25 16:13:00,2026-05-25 16:14:00,4569.675,4570.675,TP,0.72,1,0.40898782218361596,ml_scalp1,2026-05
1551362,long,2026-05-25 17:15:00,2026-05-25 17:16:00,2026-05-25 17:20:00,4573.852,4573.012,SL,-1.12,4,0.4159555468383891,ml_scalp1,2026-05
1551379,long,2026-05-25 17:32:00,2026-05-25 17:33:00,2026-05-25 17:35:00,4570.157,4569.317,SL,-1.12,2,0.40917933721869304,ml_scalp1,2026-05
1551527,long,2026-05-25 23:31:00,2026-05-25 23:32:00,2026-05-25 23:33:00,4564.633,4563.793,SL,-1.12,1,0.4352609749774438,ml_scalp1,2026-05
1551540,long,2026-05-25 23:44:00,2026-05-25 23:45:00,2026-05-25 23:46:00,4556.717,4557.717,TP,0.72,1,0.41858936624433946,ml_scalp1,2026-05
1551556,long,2026-05-26 00:00:00,2026-05-26 00:01:00,2026-05-26 00:02:00,4555.589,4554.749,SL,-1.12,1,0.43952889928171757,ml_scalp1,2026-05
1551572,long,2026-05-26 00:16:00,2026-05-26 00:17:00,2026-05-26 00:18:00,4550.586,4549.746,SL,-1.12,1,0.4150010966407049,ml_scalp1,2026-05
1551608,long,2026-05-26 00:52:00,2026-05-26 00:53:00,2026-05-26 00:54:00,4540.539,4541.539,TP,0.72,1,0.43518493048683077,ml_scalp1,2026-05
1551648,long,2026-05-26 01:32:00,2026-05-26 01:33:00,2026-05-26 01:34:00,4540.108,4539.268,SL,-1.12,1,0.4116789432689759,ml_scalp1,2026-05
1551692,long,2026-05-26 02:16:00,2026-05-26 02:17:00,2026-05-26 02:18:00,4538.197,4537.357,SL,-1.12,1,0.41493268382747844,ml_scalp1,2026-05
1551719,long,2026-05-26 02:43:00,2026-05-26 02:44:00,2026-05-26 02:45:00,4534.321,4533.481,SL,-1.12,1,0.41174200996663163,ml_scalp1,2026-05
1551944,long,2026-05-26 06:28:00,2026-05-26 06:29:00,2026-05-26 06:30:00,4529.697,4530.697,TP,0.72,1,0.4096765074564188,ml_scalp1,2026-05
1551975,short,2026-05-26 06:59:00,2026-05-26 07:00:00,2026-05-26 07:01:00,4531.174,4532.014,SL,-1.12,1,0.36147511385172043,ml_scalp1,2026-05
1551989,short,2026-05-26 07:13:00,2026-05-26 07:14:00,2026-05-26 07:15:00,4528.154,4527.154,TP,0.72,1,0.3618593934043224,ml_scalp1,2026-05
1552083,short,2026-05-26 08:47:00,2026-05-26 08:48:00,2026-05-26 08:49:00,4525.543,4524.543,TP,0.72,1,0.36158938946891694,ml_scalp1,2026-05
1552095,short,2026-05-26 08:59:00,2026-05-26 09:00:00,2026-05-26 09:01:00,4523.904,4522.904,TP,0.72,1,0.3614354490570907,ml_scalp1,2026-05
1552138,long,2026-05-26 09:42:00,2026-05-26 09:43:00,2026-05-26 09:44:00,4513.731,4512.891,SL,-1.12,1,0.41059309614780165,ml_scalp1,2026-05
1552158,short,2026-05-26 10:02:00,2026-05-26 10:03:00,2026-05-26 10:04:00,4521.556,4520.556,TP,0.72,1,0.36124105104291837,ml_scalp1,2026-05
1552306,long,2026-05-26 12:30:00,2026-05-26 12:31:00,2026-05-26 12:32:00,4503.444,4504.444,TP,0.72,1,0.41529639816704006,ml_scalp1,2026-05
1552386,long,2026-05-26 13:50:00,2026-05-26 13:51:00,2026-05-26 13:52:00,4520.126,4519.286,SL,-1.12,1,0.4124370099762307,ml_scalp1,2026-05
1552473,long,2026-05-26 15:17:00,2026-05-26 15:18:00,2026-05-26 15:19:00,4505.713,4506.713,TP,0.72,1,0.41722837312560984,ml_scalp1,2026-05
1552499,short,2026-05-26 15:43:00,2026-05-26 15:44:00,2026-05-26 15:45:00,4507.739,4508.579,SL,-1.12,1,0.36153473721690976,ml_scalp1,2026-05
1552606,long,2026-05-26 17:30:00,2026-05-26 17:31:00,2026-05-26 17:32:00,4498.973,4499.973,TP,0.72,1,0.4170899908800035,ml_scalp1,2026-05
1552630,long,2026-05-26 17:54:00,2026-05-26 17:55:00,2026-05-26 17:56:00,4496.503,4495.663,SL,-1.12,1,0.41023026847812233,ml_scalp1,2026-05
1552650,long,2026-05-26 18:14:00,2026-05-26 18:15:00,2026-05-26 18:16:00,4487.395,4486.555,SL,-1.12,1,0.411508266941337,ml_scalp1,2026-05
1552708,long,2026-05-26 19:12:00,2026-05-26 19:13:00,2026-05-26 19:15:00,4499.185,4500.185,TP,0.72,2,0.4106237115533248,ml_scalp1,2026-05
1552790,long,2026-05-26 20:34:00,2026-05-26 20:35:00,2026-05-26 20:36:00,4506.524,4507.524,TP,0.72,1,0.41327889163411896,ml_scalp1,2026-05
1552814,long,2026-05-26 22:02:00,2026-05-26 22:03:00,2026-05-26 22:04:00,4502.976,4503.976,TP,0.29999999999999993,1,0.4764830254383124,ml_scalp1,2026-05
1552826,short,2026-05-26 22:14:00,2026-05-26 22:15:00,2026-05-26 22:18:00,4504.44,4505.94,SL,-2.0,3,0.3695762652128271,ml_scalp1,2026-05
1552844,long,2026-05-26 22:32:00,2026-05-26 22:33:00,2026-05-26 22:34:00,4502.936,4502.096,SL,-1.12,1,0.418621076038423,ml_scalp1,2026-05
1552856,long,2026-05-26 22:44:00,2026-05-26 22:45:00,2026-05-26 22:46:00,4500.445,4501.445,TP,0.72,1,0.41462236185867946,ml_scalp1,2026-05
1552892,long,2026-05-26 23:20:00,2026-05-26 23:21:00,2026-05-26 23:22:00,4506.365,4505.525,SL,-1.12,1,0.4094989629917307,ml_scalp1,2026-05
1553115,long,2026-05-27 03:03:00,2026-05-27 03:04:00,2026-05-27 03:05:00,4508.594,4507.754,SL,-1.12,1,0.409212292310869,ml_scalp1,2026-05
1553222,long,2026-05-27 04:50:00,2026-05-27 04:51:00,2026-05-27 04:52:00,4513.955,4513.115,SL,-1.12,1,0.4253865251437385,ml_scalp1,2026-05
1553310,long,2026-05-27 06:18:00,2026-05-27 06:19:00,2026-05-27 06:20:00,4488.276,4489.276,TP,0.72,1,0.41634277358530264,ml_scalp1,2026-05
1553402,long,2026-05-27 07:50:00,2026-05-27 07:51:00,2026-05-27 07:52:00,4476.079,4477.079,TP,0.72,1,0.4455868103419385,ml_scalp1,2026-05
1553567,short,2026-05-27 10:35:00,2026-05-27 10:36:00,2026-05-27 10:37:00,4474.471,4475.311,SL,-1.12,1,0.3613297678719364,ml_scalp1,2026-05
1553622,long,2026-05-27 11:30:00,2026-05-27 11:31:00,2026-05-27 11:32:00,4434.6,4435.6,TP,0.72,1,0.425331251422146,ml_scalp1,2026-05
1553638,short,2026-05-27 11:46:00,2026-05-27 11:47:00,2026-05-27 11:48:00,4443.653,4442.653,TP,0.72,1,0.3611392170844509,ml_scalp1,2026-05
1553650,long,2026-05-27 11:58:00,2026-05-27 11:59:00,2026-05-27 12:00:00,4426.59,4427.59,TP,0.72,1,0.43987308175519013,ml_scalp1,2026-05
1553663,short,2026-05-27 12:11:00,2026-05-27 12:12:00,2026-05-27 12:13:00,4433.056,4432.056,TP,0.72,1,0.36120190034874555,ml_scalp1,2026-05
1553712,long,2026-05-27 13:00:00,2026-05-27 13:01:00,2026-05-27 13:02:00,4430.487,4431.487,TP,0.72,1,0.4142780821119779,ml_scalp1,2026-05
1553821,long,2026-05-27 14:49:00,2026-05-27 14:50:00,2026-05-27 14:51:00,4437.979,4437.139,SL,-1.12,1,0.4099795227174877,ml_scalp1,2026-05
1554190,long,2026-05-27 22:00:00,2026-05-27 22:01:00,2026-05-27 22:02:00,4463.334,4461.534,SL,-2.4,1,0.429565265432285,ml_scalp1,2026-05
1554354,long,2026-05-28 00:44:00,2026-05-28 00:45:00,2026-05-28 00:46:00,4451.782,4452.782,TP,0.72,1,0.4207543615962313,ml_scalp1,2026-05
1554370,long,2026-05-28 01:00:00,2026-05-28 01:01:00,2026-05-28 01:02:00,4449.657,4448.817,SL,-1.12,1,0.4093258755358095,ml_scalp1,2026-05
1554382,long,2026-05-28 01:12:00,2026-05-28 01:13:00,2026-05-28 01:14:00,4442.193,4441.353,SL,-1.12,1,0.4122615514599045,ml_scalp1,2026-05
1554395,long,2026-05-28 01:25:00,2026-05-28 01:26:00,2026-05-28 01:27:00,4423.892,4423.052,SL,-1.12,1,0.4234448484014289,ml_scalp1,2026-05
1554411,long,2026-05-28 01:41:00,2026-05-28 01:42:00,2026-05-28 01:43:00,4417.933,4418.933,TP,0.72,1,0.417138477917133,ml_scalp1,2026-05
1554423,long,2026-05-28 01:53:00,2026-05-28 01:54:00,2026-05-28 01:55:00,4408.304,4407.464,SL,-1.12,1,0.43268598981670575,ml_scalp1,2026-05
1554435,long,2026-05-28 02:05:00,2026-05-28 02:06:00,2026-05-28 02:07:00,4404.747,4405.747,TP,0.72,1,0.41460046890434016,ml_scalp1,2026-05
1554475,long,2026-05-28 02:45:00,2026-05-28 02:46:00,2026-05-28 02:47:00,4395.999,4396.999,TP,0.72,1,0.45621823557967284,ml_scalp1,2026-05
1554491,long,2026-05-28 03:01:00,2026-05-28 03:02:00,2026-05-28 03:03:00,4391.516,4390.6759999999995,SL,-1.12,1,0.4212773234628304,ml_scalp1,2026-05
1554505,long,2026-05-28 03:15:00,2026-05-28 03:16:00,2026-05-28 03:17:00,4388.892,4388.052,SL,-1.12,1,0.4270037419893812,ml_scalp1,2026-05
1554520,long,2026-05-28 03:30:00,2026-05-28 03:31:00,2026-05-28 03:32:00,4382.992,4382.152,SL,-1.12,1,0.4171493386627088,ml_scalp1,2026-05
1554532,long,2026-05-28 03:42:00,2026-05-28 03:43:00,2026-05-28 03:44:00,4372.793,4373.793,TP,0.72,1,0.42965153311710974,ml_scalp1,2026-05
1554545,long,2026-05-28 03:55:00,2026-05-28 03:56:00,2026-05-28 03:57:00,4373.091,4372.251,SL,-1.12,1,0.41431484541186514,ml_scalp1,2026-05
1554570,long,2026-05-28 04:20:00,2026-05-28 04:21:00,2026-05-28 04:22:00,4368.687,4369.687,TP,0.72,1,0.4274054187325399,ml_scalp1,2026-05
1554689,short,2026-05-28 06:19:00,2026-05-28 06:20:00,2026-05-28 06:21:00,4379.522,4380.362,SL,-1.12,1,0.3611617161866127,ml_scalp1,2026-05
1554704,short,2026-05-28 06:34:00,2026-05-28 06:35:00,2026-05-28 06:36:00,4383.468,4384.308,SL,-1.12,1,0.362267853984413,ml_scalp1,2026-05
1554717,short,2026-05-28 06:47:00,2026-05-28 06:48:00,2026-05-28 06:49:00,4383.187,4382.187,TP,0.72,1,0.3616062243978296,ml_scalp1,2026-05
1554733,short,2026-05-28 07:03:00,2026-05-28 07:04:00,2026-05-28 07:05:00,4385.747,4386.587,SL,-1.12,1,0.3616150350430264,ml_scalp1,2026-05
1554784,short,2026-05-28 07:54:00,2026-05-28 07:55:00,2026-05-28 07:56:00,4385.361,4384.361,TP,0.72,1,0.3616254181367745,ml_scalp1,2026-05
1554966,short,2026-05-28 10:56:00,2026-05-28 10:57:00,2026-05-28 10:58:00,4384.888,4385.728,SL,-1.12,1,0.36156305806819433,ml_scalp1,2026-05
1555050,long,2026-05-28 12:20:00,2026-05-28 12:21:00,2026-05-28 12:22:00,4382.873,4382.032999999999,SL,-1.12,1,0.4135770321891045,ml_scalp1,2026-05
1555123,long,2026-05-28 13:33:00,2026-05-28 13:34:00,2026-05-28 13:35:00,4420.515,4419.675,SL,-1.12,1,0.41355499410176766,ml_scalp1,2026-05
1555170,long,2026-05-28 14:20:00,2026-05-28 14:21:00,2026-05-28 14:22:00,4461.732,4460.892,SL,-1.12,1,0.4114972573728144,ml_scalp1,2026-05
1555183,long,2026-05-28 14:33:00,2026-05-28 14:34:00,2026-05-28 14:35:00,4460.118,4459.278,SL,-1.12,1,0.41741709581312714,ml_scalp1,2026-05
1555198,long,2026-05-28 14:48:00,2026-05-28 14:49:00,2026-05-28 14:50:00,4471.657,4470.817,SL,-1.12,1,0.4093114914905452,ml_scalp1,2026-05
1555210,long,2026-05-28 15:00:00,2026-05-28 15:01:00,2026-05-28 15:02:00,4473.071,4474.071,TP,0.72,1,0.4094821244166308,ml_scalp1,2026-05
1555222,long,2026-05-28 15:12:00,2026-05-28 15:13:00,2026-05-28 15:14:00,4472.024,4471.184,SL,-1.12,1,0.41549867537659835,ml_scalp1,2026-05
1555234,long,2026-05-28 15:24:00,2026-05-28 15:25:00,2026-05-28 15:26:00,4476.073,4477.073,TP,0.72,1,0.4204005978186898,ml_scalp1,2026-05
1555247,long,2026-05-28 15:37:00,2026-05-28 15:38:00,2026-05-28 15:39:00,4480.766,4479.9259999999995,SL,-1.12,1,0.4177817028008007,ml_scalp1,2026-05
1555259,long,2026-05-28 15:49:00,2026-05-28 15:50:00,2026-05-28 15:51:00,4479.516,4480.516,TP,0.72,1,0.4411733151894764,ml_scalp1,2026-05
1555271,long,2026-05-28 16:01:00,2026-05-28 16:02:00,2026-05-28 16:03:00,4478.985,4478.1449999999995,SL,-1.12,1,0.42310156631246976,ml_scalp1,2026-05
1555286,short,2026-05-28 16:16:00,2026-05-28 16:17:00,2026-05-28 16:18:00,4490.331,4491.171,SL,-1.12,1,0.36144115182509223,ml_scalp1,2026-05
1555302,long,2026-05-28 16:32:00,2026-05-28 16:33:00,2026-05-28 16:34:00,4499.057,4498.217,SL,-1.12,1,0.421041087203121,ml_scalp1,2026-05
1555423,long,2026-05-28 18:33:00,2026-05-28 18:34:00,2026-05-28 18:35:00,4502.546,4501.706,SL,-1.12,1,0.4202101040116765,ml_scalp1,2026-05
1555494,long,2026-05-28 19:44:00,2026-05-28 19:45:00,2026-05-28 19:46:00,4499.181,4500.181,TP,0.72,1,0.4191349403295973,ml_scalp1,2026-05
1555941,long,2026-05-29 04:13:00,2026-05-29 04:14:00,2026-05-29 04:15:00,4502.169,4503.169,TP,0.72,1,0.4124212350934669,ml_scalp1,2026-05
1555960,long,2026-05-29 04:32:00,2026-05-29 04:33:00,2026-05-29 04:35:00,4508.923,4509.923,TP,0.72,2,0.4128423201921947,ml_scalp1,2026-05
1555973,long,2026-05-29 04:45:00,2026-05-29 04:46:00,2026-05-29 04:48:00,4509.364,4508.523999999999,SL,-1.12,2,0.42999857102246625,ml_scalp1,2026-05
1555986,long,2026-05-29 04:58:00,2026-05-29 04:59:00,2026-05-29 05:00:00,4513.623,4512.782999999999,SL,-1.12,1,0.4330977178764341,ml_scalp1,2026-05
1555998,long,2026-05-29 05:10:00,2026-05-29 05:11:00,2026-05-29 05:12:00,4510.248,4509.407999999999,SL,-1.12,1,0.45004342899354244,ml_scalp1,2026-05
1556010,long,2026-05-29 05:22:00,2026-05-29 05:23:00,2026-05-29 05:24:00,4510.947,4510.107,SL,-1.12,1,0.437234381494929,ml_scalp1,2026-05
1556238,long,2026-05-29 09:10:00,2026-05-29 09:11:00,2026-05-29 09:12:00,4524.462,4525.462,TP,0.72,1,0.41129189394389254,ml_scalp1,2026-05
1556428,long,2026-05-29 12:20:00,2026-05-29 12:21:00,2026-05-29 12:22:00,4522.38,4521.54,SL,-1.12,1,0.42627817735035894,ml_scalp1,2026-05
1556450,long,2026-05-29 12:42:00,2026-05-29 12:43:00,2026-05-29 12:44:00,4513.457,4514.457,TP,0.72,1,0.4094175264199001,ml_scalp1,2026-05
1556595,short,2026-05-29 15:07:00,2026-05-29 15:08:00,2026-05-29 15:09:00,4585.066,4585.906,SL,-1.12,1,0.3616345077958385,ml_scalp1,2026-05
1556627,long,2026-05-29 15:39:00,2026-05-29 15:40:00,2026-05-29 15:41:00,4573.188,4572.348,SL,-1.12,1,0.4112669947517204,ml_scalp1,2026-05
1556658,long,2026-05-29 16:10:00,2026-05-29 16:11:00,2026-05-29 16:12:00,4564.048,4563.208,SL,-1.12,1,0.4088282260283006,ml_scalp1,2026-05
1556703,long,2026-05-29 16:55:00,2026-05-29 16:56:00,2026-05-29 16:57:00,4563.907,4564.907,TP,0.72,1,0.4135423028738511,ml_scalp1,2026-05
1556717,long,2026-05-29 17:09:00,2026-05-29 17:10:00,2026-05-29 17:11:00,4567.537,4566.697,SL,-1.12,1,0.41328497151783977,ml_scalp1,2026-05
1556730,long,2026-05-29 17:22:00,2026-05-29 17:23:00,2026-05-29 17:24:00,4562.879,4563.879,TP,0.72,1,0.4137214893949202,ml_scalp1,2026-05
1556743,long,2026-05-29 17:35:00,2026-05-29 17:36:00,2026-05-29 17:38:00,4560.213,4559.373,SL,-1.12,2,0.41915891731550736,ml_scalp1,2026-05
1556877,long,2026-05-29 19:49:00,2026-05-29 19:50:00,2026-05-29 19:51:00,4548.687,4547.847,SL,-1.12,1,0.4105589496165411,ml_scalp1,2026-05
1556946,long,2026-05-31 22:01:00,2026-05-31 22:02:00,2026-05-31 22:03:00,4521.73,4520.23,SL,-2.0,1,0.44374927334888253,ml_scalp1,2026-05
1557251,long,2026-06-01 03:06:00,2026-06-01 03:07:00,2026-06-01 03:08:00,4519.756,4518.916,SL,-1.12,1,0.40447887121690257,ml_scalp1,2026-06
1557263,long,2026-06-01 03:18:00,2026-06-01 03:19:00,2026-06-01 03:20:00,4518.506,4519.506,TP,0.72,1,0.40203259932992313,ml_scalp1,2026-06
1557462,long,2026-06-01 06:37:00,2026-06-01 06:38:00,2026-06-01 06:39:00,4501.923,4502.923,TP,0.72,1,0.40431560196104543,ml_scalp1,2026-06
1557532,long,2026-06-01 07:47:00,2026-06-01 07:48:00,2026-06-01 07:49:00,4494.259,4495.259,TP,0.72,1,0.4028662058442695,ml_scalp1,2026-06
1557815,long,2026-06-01 12:30:00,2026-06-01 12:31:00,2026-06-01 12:32:00,4498.743,4499.743,TP,0.72,1,0.41310403167083226,ml_scalp1,2026-06
1558011,long,2026-06-01 15:46:00,2026-06-01 15:47:00,2026-06-01 15:48:00,4471.24,4470.4,SL,-1.12,1,0.40476969075569774,ml_scalp1,2026-06
1558033,long,2026-06-01 16:08:00,2026-06-01 16:09:00,2026-06-01 16:10:00,4468.939,4468.099,SL,-1.12,1,0.4071751420284735,ml_scalp1,2026-06
1558449,long,2026-06-02 00:06:00,2026-06-02 00:07:00,2026-06-02 00:08:00,4479.167,4478.327,SL,-1.12,1,0.4287922162652664,ml_scalp1,2026-06
1558477,long,2026-06-02 00:34:00,2026-06-02 00:35:00,2026-06-02 00:36:00,4489.355,4490.355,TP,0.72,1,0.406078098686963,ml_scalp1,2026-06
1558492,long,2026-06-02 00:49:00,2026-06-02 00:50:00,2026-06-02 00:51:00,4481.534,4482.534,TP,0.72,1,0.40849164157891854,ml_scalp1,2026-06
1558504,long,2026-06-02 01:01:00,2026-06-02 01:02:00,2026-06-02 01:03:00,4477.904,4478.904,TP,0.72,1,0.42982560680906157,ml_scalp1,2026-06
1558553,long,2026-06-02 01:50:00,2026-06-02 01:51:00,2026-06-02 01:52:00,4470.576,4469.736,SL,-1.12,1,0.40310999834045863,ml_scalp1,2026-06
1558821,long,2026-06-02 06:18:00,2026-06-02 06:19:00,2026-06-02 06:20:00,4521.705,4520.865,SL,-1.12,1,0.4062133572305558,ml_scalp1,2026-06
1558886,long,2026-06-02 07:23:00,2026-06-02 07:24:00,2026-06-02 07:25:00,4536.815,4535.974999999999,SL,-1.12,1,0.4023958725295706,ml_scalp1,2026-06
1559277,long,2026-06-02 13:54:00,2026-06-02 13:55:00,2026-06-02 13:56:00,4504.686,4503.846,SL,-1.12,1,0.40252968500948794,ml_scalp1,2026-06
1559300,long,2026-06-02 14:17:00,2026-06-02 14:18:00,2026-06-02 14:19:00,4494.079,4495.079,TP,0.72,1,0.4291777985091409,ml_scalp1,2026-06
1559499,long,2026-06-02 17:36:00,2026-06-02 17:37:00,2026-06-02 17:38:00,4483.734,4484.734,TP,0.72,1,0.4131328743525614,ml_scalp1,2026-06
1559564,long,2026-06-02 18:41:00,2026-06-02 18:42:00,2026-06-02 18:43:00,4481.851,4481.0109999999995,SL,-1.12,1,0.41911913496261327,ml_scalp1,2026-06
1559702,long,2026-06-02 22:01:00,2026-06-02 22:02:00,2026-06-02 22:03:00,4490.551,4491.551,TP,0.4,1,0.41193507471460794,ml_scalp1,2026-06
1559754,long,2026-06-02 22:53:00,2026-06-02 22:54:00,2026-06-02 22:56:00,4487.175,4488.175,TP,0.72,2,0.41074855265567073,ml_scalp1,2026-06
1559771,long,2026-06-02 23:10:00,2026-06-02 23:11:00,2026-06-02 23:12:00,4474.787,4475.787,TP,0.72,1,0.43039578566319625,ml_scalp1,2026-06
1559789,long,2026-06-02 23:28:00,2026-06-02 23:29:00,2026-06-02 23:30:00,4463.656,4464.656,TP,0.72,1,0.40957840516731464,ml_scalp1,2026-06
1559882,long,2026-06-03 01:01:00,2026-06-03 01:02:00,2026-06-03 01:03:00,4474.921,4475.921,TP,0.72,1,0.40269812425182866,ml_scalp1,2026-06
1559900,long,2026-06-03 01:19:00,2026-06-03 01:20:00,2026-06-03 01:21:00,4469.693,4470.693,TP,0.72,1,0.4098683742792332,ml_scalp1,2026-06
1559987,long,2026-06-03 02:46:00,2026-06-03 02:47:00,2026-06-03 02:48:00,4473.323,4474.323,TP,0.72,1,0.40535832466407223,ml_scalp1,2026-06
1560179,long,2026-06-03 05:58:00,2026-06-03 05:59:00,2026-06-03 06:00:00,4458.66,4457.82,SL,-1.12,1,0.40807271195942363,ml_scalp1,2026-06
1560226,long,2026-06-03 06:45:00,2026-06-03 06:46:00,2026-06-03 06:47:00,4456.59,4455.75,SL,-1.12,1,0.426196797993175,ml_scalp1,2026-06
1560301,long,2026-06-03 08:00:00,2026-06-03 08:01:00,2026-06-03 08:02:00,4451.953,4452.953,TP,0.72,1,0.40263457513911366,ml_scalp1,2026-06
1560324,long,2026-06-03 08:23:00,2026-06-03 08:24:00,2026-06-03 08:25:00,4451.031,4452.031,TP,0.72,1,0.4156619177715144,ml_scalp1,2026-06
1560352,long,2026-06-03 08:51:00,2026-06-03 08:52:00,2026-06-03 08:53:00,4443.522,4444.522,TP,0.72,1,0.42549729751336807,ml_scalp1,2026-06
1560390,long,2026-06-03 09:29:00,2026-06-03 09:30:00,2026-06-03 09:31:00,4440.058,4441.058,TP,0.72,1,0.4330709335074215,ml_scalp1,2026-06
1560444,long,2026-06-03 10:23:00,2026-06-03 10:24:00,2026-06-03 10:25:00,4456.77,4455.93,SL,-1.12,1,0.4110496239930945,ml_scalp1,2026-06
1560523,long,2026-06-03 11:42:00,2026-06-03 11:43:00,2026-06-03 11:44:00,4462.518,4461.678,SL,-1.12,1,0.402837678318371,ml_scalp1,2026-06
1560698,long,2026-06-03 14:37:00,2026-06-03 14:38:00,2026-06-03 14:39:00,4452.189,4451.349,SL,-1.12,1,0.4016965091092927,ml_scalp1,2026-06
1560743,long,2026-06-03 15:22:00,2026-06-03 15:23:00,2026-06-03 15:24:00,4441.575,4442.575,TP,0.72,1,0.40427504611368026,ml_scalp1,2026-06
1560758,long,2026-06-03 15:37:00,2026-06-03 15:38:00,2026-06-03 15:39:00,4437.434,4438.434,TP,0.72,1,0.4016891807944589,ml_scalp1,2026-06
1560788,long,2026-06-03 16:07:00,2026-06-03 16:08:00,2026-06-03 16:09:00,4438.414,4439.414,TP,0.72,1,0.40444066450416705,ml_scalp1,2026-06
1561079,short,2026-06-03 22:00:00,2026-06-03 22:01:00,2026-06-03 22:02:00,4436.719,4438.219,SL,-2.0,1,0.3745305547161529,ml_scalp1,2026-06
1561094,long,2026-06-03 22:15:00,2026-06-03 22:16:00,2026-06-03 22:17:00,4428.891,4428.0509999999995,SL,-1.12,1,0.4019941693344665,ml_scalp1,2026-06
1561229,long,2026-06-04 00:30:00,2026-06-04 00:31:00,2026-06-04 00:32:00,4448.707,4447.867,SL,-1.12,1,0.4054619147781369,ml_scalp1,2026-06
1562008,long,2026-06-04 13:29:00,2026-06-04 13:30:00,2026-06-04 13:31:00,4504.562,4503.722,SL,-1.12,1,0.4017773686793,ml_scalp1,2026-06
1562022,long,2026-06-04 13:43:00,2026-06-04 13:44:00,2026-06-04 13:45:00,4509.301,4510.301,TP,0.72,1,0.4074611970576877,ml_scalp1,2026-06
1562092,long,2026-06-04 14:53:00,2026-06-04 14:54:00,2026-06-04 14:55:00,4458.329,4459.329,TP,0.72,1,0.4066167230375466,ml_scalp1,2026-06
1562458,long,2026-06-04 22:01:00,2026-06-04 22:02:00,2026-06-04 22:03:00,4473.412,4474.412,TP,0.72,1,0.41043555690122,ml_scalp1,2026-06
1562508,long,2026-06-04 22:51:00,2026-06-04 22:52:00,2026-06-04 22:54:00,4471.539,4470.699,SL,-1.12,2,0.4074474653237266,ml_scalp1,2026-06
1562522,long,2026-06-04 23:05:00,2026-06-04 23:06:00,2026-06-04 23:07:00,4467.837,4466.997,SL,-1.12,1,0.40663111546184394,ml_scalp1,2026-06
1562578,long,2026-06-05 00:01:00,2026-06-05 00:02:00,2026-06-05 00:03:00,4460.821,4461.821,TP,0.72,1,0.4026386100610843,ml_scalp1,2026-06
1562593,long,2026-06-05 00:16:00,2026-06-05 00:17:00,2026-06-05 00:18:00,4452.778,4453.778,TP,0.72,1,0.4049058520955945,ml_scalp1,2026-06
1562676,long,2026-06-05 01:39:00,2026-06-05 01:40:00,2026-06-05 01:41:00,4449.696,4448.856,SL,-1.12,1,0.4079407899699866,ml_scalp1,2026-06
1562728,long,2026-06-05 02:31:00,2026-06-05 02:32:00,2026-06-05 02:33:00,4444.532,4445.532,TP,0.72,1,0.40517083522518776,ml_scalp1,2026-06
1562968,long,2026-06-05 06:31:00,2026-06-05 06:32:00,2026-06-05 06:33:00,4443.778,4444.778,TP,0.72,1,0.4036717122839895,ml_scalp1,2026-06
1563100,long,2026-06-05 08:43:00,2026-06-05 08:44:00,2026-06-05 08:45:00,4462.642,4461.802,SL,-1.12,1,0.4051478344515218,ml_scalp1,2026-06
1563222,long,2026-06-05 10:45:00,2026-06-05 10:46:00,2026-06-05 10:47:00,4466.919,4466.079,SL,-1.12,1,0.40543000802234086,ml_scalp1,2026-06
1563251,long,2026-06-05 11:14:00,2026-06-05 11:15:00,2026-06-05 11:16:00,4461.468,4462.468,TP,0.72,1,0.4052494940062957,ml_scalp1,2026-06
1563276,long,2026-06-05 11:39:00,2026-06-05 11:40:00,2026-06-05 11:41:00,4463.588,4464.588,TP,0.72,1,0.4068574446468863,ml_scalp1,2026-06
1563327,long,2026-06-05 12:30:00,2026-06-05 12:31:00,2026-06-05 12:32:00,4450.617,4449.777,SL,-1.12,1,0.4072505026296445,ml_scalp1,2026-06
1563346,long,2026-06-05 12:49:00,2026-06-05 12:50:00,2026-06-05 12:51:00,4440.28,4439.44,SL,-1.12,1,0.409022685136114,ml_scalp1,2026-06
1563491,long,2026-06-05 15:14:00,2026-06-05 15:15:00,2026-06-05 15:16:00,4352.791,4351.951,SL,-1.12,1,0.40325199616986585,ml_scalp1,2026-06
1563514,long,2026-06-05 15:37:00,2026-06-05 15:38:00,2026-06-05 15:39:00,4342.538,4341.758,SL,-1.04,1,0.4129003497419613,ml_scalp1,2026-06
1563535,long,2026-06-05 15:58:00,2026-06-05 15:59:00,2026-06-05 16:00:00,4334.766,4333.9259999999995,SL,-1.12,1,0.40621827506999547,ml_scalp1,2026-06
1563661,long,2026-06-05 18:04:00,2026-06-05 18:05:00,2026-06-05 18:06:00,4333.616,4332.836,SL,-1.04,1,0.40922755299356045,ml_scalp1,2026-06
1563673,long,2026-06-05 18:16:00,2026-06-05 18:17:00,2026-06-05 18:18:00,4323.825,4324.825,TP,0.72,1,0.4113589787742987,ml_scalp1,2026-06
1563689,long,2026-06-05 18:32:00,2026-06-05 18:33:00,2026-06-05 18:34:00,4319.765,4320.765,TP,0.74,1,0.4182595997397333,ml_scalp1,2026-06
1563701,long,2026-06-05 18:44:00,2026-06-05 18:45:00,2026-06-05 18:46:00,4318.123,4317.343,SL,-1.04,1,0.4038439161863841,ml_scalp1,2026-06
1563836,long,2026-06-07 22:02:00,2026-06-07 22:03:00,2026-06-07 22:04:00,4321.626,4320.546,SL,-1.44,1,0.40820433857336424,ml_scalp1,2026-06
1563848,short,2026-06-07 22:14:00,2026-06-07 22:15:00,2026-06-07 22:16:00,4329.838,4328.838,TP,0.72,1,0.36807820964259524,ml_scalp1,2026-06
1563906,short,2026-06-07 23:12:00,2026-06-07 23:13:00,2026-06-07 23:14:00,4330.127,4330.967000000001,SL,-1.12,1,0.3688635364067911,ml_scalp1,2026-06
1564014,long,2026-06-08 01:00:00,2026-06-08 01:01:00,2026-06-08 01:02:00,4337.701,4338.701,TP,0.72,1,0.4198323466759022,ml_scalp1,2026-06
1564026,long,2026-06-08 01:12:00,2026-06-08 01:13:00,2026-06-08 01:14:00,4332.468,4331.628,SL,-1.12,1,0.4042110764596332,ml_scalp1,2026-06
1564038,long,2026-06-08 01:24:00,2026-06-08 01:25:00,2026-06-08 01:26:00,4321.924,4321.084,SL,-1.12,1,0.4017990718286591,ml_scalp1,2026-06
1564075,long,2026-06-08 02:01:00,2026-06-08 02:02:00,2026-06-08 02:03:00,4323.431,4322.590999999999,SL,-1.12,1,0.40366482763722517,ml_scalp1,2026-06
1564288,long,2026-06-08 05:34:00,2026-06-08 05:35:00,2026-06-08 05:36:00,4287.28,4286.44,SL,-1.12,1,0.41245321158426074,ml_scalp1,2026-06
1564309,long,2026-06-08 05:55:00,2026-06-08 05:56:00,2026-06-08 05:57:00,4287.272,4286.492,SL,-1.04,1,0.401489558302588,ml_scalp1,2026-06
1564383,short,2026-06-08 07:09:00,2026-06-08 07:10:00,2026-06-08 07:11:00,4300.296,4299.296,TP,0.72,1,0.367285411174723,ml_scalp1,2026-06
1564478,short,2026-06-08 08:44:00,2026-06-08 08:45:00,2026-06-08 08:46:00,4290.488,4291.268,SL,-1.04,1,0.3669573362752691,ml_scalp1,2026-06
1564547,short,2026-06-08 09:53:00,2026-06-08 09:54:00,2026-06-08 09:55:00,4294.17,4295.01,SL,-1.12,1,0.3670975763413848,ml_scalp1,2026-06
1564734,long,2026-06-08 13:00:00,2026-06-08 13:01:00,2026-06-08 13:02:00,4330.113,4329.273,SL,-1.12,1,0.4021828276866493,ml_scalp1,2026-06
1564798,long,2026-06-08 14:04:00,2026-06-08 14:05:00,2026-06-08 14:06:00,4322.531,4321.691,SL,-1.12,1,0.4020625573160485,ml_scalp1,2026-06
1565399,long,2026-06-09 01:07:00,2026-06-09 01:08:00,2026-06-09 01:10:00,4325.122,4324.282,SL,-1.12,2,0.40177662500903405,ml_scalp1,2026-06
1565632,long,2026-06-09 05:00:00,2026-06-09 05:01:00,2026-06-09 05:03:00,4335.015,4336.015,TP,0.72,2,0.40531497019641405,ml_scalp1,2026-06
1565666,long,2026-06-09 05:34:00,2026-06-09 05:35:00,2026-06-09 05:36:00,4342.65,4341.8099999999995,SL,-1.12,1,0.4018583865866866,ml_scalp1,2026-06
1565682,long,2026-06-09 05:50:00,2026-06-09 05:51:00,2026-06-09 05:52:00,4343.911,4344.911,TP,0.72,1,0.40423780829640815,ml_scalp1,2026-06
1565694,long,2026-06-09 06:02:00,2026-06-09 06:03:00,2026-06-09 06:04:00,4346.658,4345.818,SL,-1.12,1,0.4025166041447999,ml_scalp1,2026-06
1565767,long,2026-06-09 07:15:00,2026-06-09 07:16:00,2026-06-09 07:17:00,4324.035,4325.035,TP,0.72,1,0.40943439131791315,ml_scalp1,2026-06
1566263,long,2026-06-09 15:31:00,2026-06-09 15:32:00,2026-06-09 15:33:00,4264.48,4263.7,SL,-1.04,1,0.41735928787065374,ml_scalp1,2026-06
1566297,long,2026-06-09 16:05:00,2026-06-09 16:06:00,2026-06-09 16:07:00,4269.109,4270.109,TP,0.74,1,0.4035402335936252,ml_scalp1,2026-06
1566311,long,2026-06-09 16:19:00,2026-06-09 16:20:00,2026-06-09 16:21:00,4254.461,4255.461,TP,0.74,1,0.40768671656365013,ml_scalp1,2026-06
1566458,long,2026-06-09 18:46:00,2026-06-09 18:47:00,2026-06-09 18:49:00,4263.582,4264.582,TP,0.74,2,0.4027203653537492,ml_scalp1,2026-06
1566590,long,2026-06-09 22:00:00,2026-06-09 22:01:00,2026-06-09 22:02:00,4255.671,4253.871,SL,-2.4,1,0.4228718595009905,ml_scalp1,2026-06
1566635,long,2026-06-09 22:45:00,2026-06-09 22:46:00,2026-06-09 22:47:00,4246.261,4245.421,SL,-1.12,1,0.4163556246201417,ml_scalp1,2026-06
1566665,long,2026-06-09 23:15:00,2026-06-09 23:16:00,2026-06-09 23:17:00,4233.233,4232.453,SL,-1.04,1,0.40973873869710986,ml_scalp1,2026-06
1566677,long,2026-06-09 23:27:00,2026-06-09 23:28:00,2026-06-09 23:29:00,4224.539,4223.759,SL,-1.04,1,0.40821708173786847,ml_scalp1,2026-06
1566689,long,2026-06-09 23:39:00,2026-06-09 23:40:00,2026-06-09 23:41:00,4221.869,4221.089,SL,-1.04,1,0.41614156917614703,ml_scalp1,2026-06
1566701,long,2026-06-09 23:51:00,2026-06-09 23:52:00,2026-06-09 23:53:00,4214.426,4215.426,TP,0.74,1,0.41002105052875487,ml_scalp1,2026-06
1566722,long,2026-06-10 00:12:00,2026-06-10 00:13:00,2026-06-10 00:14:00,4219.483,4218.703,SL,-1.04,1,0.40346344220452307,ml_scalp1,2026-06
1566735,long,2026-06-10 00:25:00,2026-06-10 00:26:00,2026-06-10 00:27:00,4221.7,4220.92,SL,-1.04,1,0.4214245674675441,ml_scalp1,2026-06
1566747,long,2026-06-10 00:37:00,2026-06-10 00:38:00,2026-06-10 00:39:00,4202.246,4203.246,TP,0.74,1,0.42571191666018454,ml_scalp1,2026-06
1566759,long,2026-06-10 00:49:00,2026-06-10 00:50:00,2026-06-10 00:51:00,4203.583,4202.803,SL,-1.04,1,0.4028736832838583,ml_scalp1,2026-06
1566771,long,2026-06-10 01:01:00,2026-06-10 01:02:00,2026-06-10 01:03:00,4203.492,4202.652,SL,-1.12,1,0.42165018999771575,ml_scalp1,2026-06
1566783,long,2026-06-10 01:13:00,2026-06-10 01:14:00,2026-06-10 01:15:00,4203.537,4202.7570000000005,SL,-1.04,1,0.40540833096207524,ml_scalp1,2026-06
1566795,long,2026-06-10 01:25:00,2026-06-10 01:26:00,2026-06-10 01:27:00,4199.523,4198.743,SL,-1.04,1,0.407963038805981,ml_scalp1,2026-06
1566810,long,2026-06-10 01:40:00,2026-06-10 01:41:00,2026-06-10 01:42:00,4196.805,4196.025000000001,SL,-1.04,1,0.40696449215955727,ml_scalp1,2026-06
1566822,long,2026-06-10 01:52:00,2026-06-10 01:53:00,2026-06-10 01:54:00,4186.638,4187.638,TP,0.74,1,0.4170879031787793,ml_scalp1,2026-06
1566835,long,2026-06-10 02:05:00,2026-06-10 02:06:00,2026-06-10 02:07:00,4184.388,4183.608,SL,-1.04,1,0.4137061219834484,ml_scalp1,2026-06
1566849,long,2026-06-10 02:19:00,2026-06-10 02:20:00,2026-06-10 02:21:00,4181.021,4182.021,TP,0.74,1,0.4096678748436804,ml_scalp1,2026-06
1566862,long,2026-06-10 02:32:00,2026-06-10 02:33:00,2026-06-10 02:34:00,4177.817,4177.037,SL,-1.04,1,0.4348232054824095,ml_scalp1,2026-06
1566876,long,2026-06-10 02:46:00,2026-06-10 02:47:00,2026-06-10 02:48:00,4188.041,4187.261,SL,-1.04,1,0.4059745408284797,ml_scalp1,2026-06
1566888,long,2026-06-10 02:58:00,2026-06-10 02:59:00,2026-06-10 03:00:00,4173.688,4172.908,SL,-1.04,1,0.41305482556554307,ml_scalp1,2026-06
1566929,long,2026-06-10 03:39:00,2026-06-10 03:40:00,2026-06-10 03:41:00,4180.329,4181.329,TP,0.74,1,0.4013348944860103,ml_scalp1,2026-06
1567009,long,2026-06-10 04:59:00,2026-06-10 05:00:00,2026-06-10 05:01:00,4174.997,4174.217000000001,SL,-1.04,1,0.4080653684754039,ml_scalp1,2026-06
1567182,long,2026-06-10 07:52:00,2026-06-10 07:53:00,2026-06-10 07:54:00,4182.002,4183.002,TP,0.74,1,0.4053615856756507,ml_scalp1,2026-06
1567194,long,2026-06-10 08:04:00,2026-06-10 08:05:00,2026-06-10 08:06:00,4164.521,4165.521,TP,0.74,1,0.41220042646322175,ml_scalp1,2026-06
1567226,long,2026-06-10 08:36:00,2026-06-10 08:37:00,2026-06-10 08:38:00,4175.224,4174.444,SL,-1.04,1,0.4037767402505434,ml_scalp1,2026-06
1567238,long,2026-06-10 08:48:00,2026-06-10 08:49:00,2026-06-10 08:50:00,4172.014,4173.014,TP,0.74,1,0.4019890953100547,ml_scalp1,2026-06
1567297,long,2026-06-10 09:47:00,2026-06-10 09:48:00,2026-06-10 09:49:00,4168.331,4167.551,SL,-1.04,1,0.40388267172829534,ml_scalp1,2026-06
1567317,long,2026-06-10 10:07:00,2026-06-10 10:08:00,2026-06-10 10:09:00,4156.087,4157.087,TP,0.74,1,0.4536759669393624,ml_scalp1,2026-06
1567331,long,2026-06-10 10:21:00,2026-06-10 10:22:00,2026-06-10 10:23:00,4169.069,4168.289000000001,SL,-1.04,1,0.4106015682607988,ml_scalp1,2026-06
1567344,long,2026-06-10 10:34:00,2026-06-10 10:35:00,2026-06-10 10:36:00,4165.141,4166.141,TP,0.74,1,0.40270287361677415,ml_scalp1,2026-06
1567404,short,2026-06-10 11:34:00,2026-06-10 11:35:00,2026-06-10 11:36:00,4164.612,4163.612,TP,0.74,1,0.3671484592435633,ml_scalp1,2026-06
1567418,short,2026-06-10 11:48:00,2026-06-10 11:49:00,2026-06-10 11:50:00,4154.856,4155.6359999999995,SL,-1.04,1,0.367116643618945,ml_scalp1,2026-06
1567436,short,2026-06-10 12:06:00,2026-06-10 12:07:00,2026-06-10 12:08:00,4148.402,4147.402,TP,0.74,1,0.3672851614914124,ml_scalp1,2026-06
1567460,short,2026-06-10 12:30:00,2026-06-10 12:31:00,2026-06-10 12:32:00,4168.993,4167.993,TP,0.72,1,0.37488744967955484,ml_scalp1,2026-06
1567492,short,2026-06-10 13:02:00,2026-06-10 13:03:00,2026-06-10 13:04:00,4153.55,4152.55,TP,0.74,1,0.3671495576576321,ml_scalp1,2026-06
1567505,long,2026-06-10 13:15:00,2026-06-10 13:16:00,2026-06-10 13:17:00,4142.487,4141.707,SL,-1.04,1,0.4028606287882448,ml_scalp1,2026-06
1567518,short,2026-06-10 13:28:00,2026-06-10 13:29:00,2026-06-10 13:30:00,4149.706,4150.486,SL,-1.04,1,0.3672191782927741,ml_scalp1,2026-06
1567565,long,2026-06-10 14:15:00,2026-06-10 14:16:00,2026-06-10 14:17:00,4168.636,4169.636,TP,0.74,1,0.40983774955889835,ml_scalp1,2026-06
1567606,long,2026-06-10 14:56:00,2026-06-10 14:57:00,2026-06-10 14:58:00,4127.613,4126.8330000000005,SL,-1.04,1,0.4260853516769785,ml_scalp1,2026-06
1567625,long,2026-06-10 15:15:00,2026-06-10 15:16:00,2026-06-10 15:17:00,4119.142,4118.362,SL,-1.04,1,0.4086557417726539,ml_scalp1,2026-06
1567717,long,2026-06-10 16:47:00,2026-06-10 16:48:00,2026-06-10 16:49:00,4116.925,4117.925,TP,0.74,1,0.40302207047006006,ml_scalp1,2026-06
1567760,long,2026-06-10 17:30:00,2026-06-10 17:31:00,2026-06-10 17:32:00,4106.517,4107.517,TP,0.74,1,0.4222067348764965,ml_scalp1,2026-06
1567840,long,2026-06-10 18:50:00,2026-06-10 18:51:00,2026-06-10 18:52:00,4097.719,4098.719,TP,0.74,1,0.4130510156770966,ml_scalp1,2026-06
1567952,long,2026-06-10 20:42:00,2026-06-10 20:43:00,2026-06-10 20:44:00,4074.665,4073.8849999999998,SL,-1.04,1,0.40251962359983945,ml_scalp1,2026-06
1567964,long,2026-06-10 20:54:00,2026-06-10 20:55:00,2026-06-10 20:56:00,4068.829,4069.829,TP,0.74,1,0.42357262570073234,ml_scalp1,2026-06
1567977,long,2026-06-10 22:09:00,2026-06-10 22:10:00,2026-06-10 22:13:00,4050.875,4051.875,TP,0.74,3,0.41110518891650244,ml_scalp1,2026-06
1567991,long,2026-06-10 22:23:00,2026-06-10 22:24:00,2026-06-10 22:25:00,4040.975,4040.1949999999997,SL,-1.04,1,0.4254573373963299,ml_scalp1,2026-06
1568009,long,2026-06-10 22:41:00,2026-06-10 22:42:00,2026-06-10 22:43:00,4062.891,4063.891,TP,0.74,1,0.41080999185021605,ml_scalp1,2026-06
1568021,long,2026-06-10 22:53:00,2026-06-10 22:54:00,2026-06-10 22:55:00,4053.56,4052.7799999999997,SL,-1.04,1,0.4313119626694112,ml_scalp1,2026-06
1568033,long,2026-06-10 23:05:00,2026-06-10 23:06:00,2026-06-10 23:07:00,4048.631,4047.8509999999997,SL,-1.04,1,0.4081112293656704,ml_scalp1,2026-06
1568046,long,2026-06-10 23:18:00,2026-06-10 23:19:00,2026-06-10 23:20:00,4028.368,4029.368,TP,0.74,1,0.4090389764017122,ml_scalp1,2026-06
1568073,long,2026-06-10 23:45:00,2026-06-10 23:46:00,2026-06-10 23:47:00,4049.333,4050.333,TP,0.74,1,0.4206352024841575,ml_scalp1,2026-06
1568090,long,2026-06-11 00:02:00,2026-06-11 00:03:00,2026-06-11 00:04:00,4052.768,4051.988,SL,-1.04,1,0.40300062479657783,ml_scalp1,2026-06
1568155,long,2026-06-11 01:07:00,2026-06-11 01:08:00,2026-06-11 01:09:00,4068.521,4069.521,TP,0.74,1,0.4055079433222836,ml_scalp1,2026-06
1568239,long,2026-06-11 02:31:00,2026-06-11 02:32:00,2026-06-11 02:33:00,4072.982,4073.982,TP,0.74,1,0.42712066016671435,ml_scalp1,2026-06
1568280,long,2026-06-11 03:12:00,2026-06-11 03:13:00,2026-06-11 03:14:00,4066.207,4065.4269999999997,SL,-1.04,1,0.40803521584009306,ml_scalp1,2026-06
1568294,long,2026-06-11 03:26:00,2026-06-11 03:27:00,2026-06-11 03:28:00,4060.047,4061.047,TP,0.74,1,0.40983172928518785,ml_scalp1,2026-06
1568310,long,2026-06-11 03:42:00,2026-06-11 03:43:00,2026-06-11 03:45:00,4067.9,4067.12,SL,-1.04,2,0.40654917962439036,ml_scalp1,2026-06
1568354,long,2026-06-11 04:26:00,2026-06-11 04:27:00,2026-06-11 04:28:00,4079.618,4078.8379999999997,SL,-1.04,1,0.40136231157329366,ml_scalp1,2026-06
1568385,long,2026-06-11 04:57:00,2026-06-11 04:58:00,2026-06-11 04:59:00,4082.708,4083.708,TP,0.74,1,0.40197042821723483,ml_scalp1,2026-06
1568818,long,2026-06-11 12:10:00,2026-06-11 12:11:00,2026-06-11 12:12:00,4076.124,4075.3439999999996,SL,-1.04,1,0.40177356248161344,ml_scalp1,2026-06
1568830,long,2026-06-11 12:22:00,2026-06-11 12:23:00,2026-06-11 12:24:00,4062.987,4063.987,TP,0.74,1,0.41282696277929865,ml_scalp1,2026-06
1569208,long,2026-06-11 18:40:00,2026-06-11 18:41:00,2026-06-11 18:42:00,4155.64,4156.64,TP,0.74,1,0.40191876059293746,ml_scalp1,2026-06
1569226,long,2026-06-11 18:58:00,2026-06-11 18:59:00,2026-06-11 19:00:00,4162.562,4161.782,SL,-1.04,1,0.40325108108595925,ml_scalp1,2026-06
1569266,long,2026-06-11 19:38:00,2026-06-11 19:39:00,2026-06-11 19:40:00,4211.175,4210.395,SL,-1.04,1,0.40620863490633,ml_scalp1,2026-06
1569286,long,2026-06-11 19:58:00,2026-06-11 19:59:00,2026-06-11 20:00:00,4208.294,4209.294,TP,0.74,1,0.40484644253233587,ml_scalp1,2026-06
1569301,long,2026-06-11 20:13:00,2026-06-11 20:14:00,2026-06-11 20:15:00,4215.095,4214.255,SL,-1.12,1,0.41702178140182217,ml_scalp1,2026-06
1569313,long,2026-06-11 20:25:00,2026-06-11 20:26:00,2026-06-11 20:28:00,4213.337,4212.557000000001,SL,-1.04,2,0.4134043930997976,ml_scalp1,2026-06
1569326,long,2026-06-11 20:38:00,2026-06-11 20:39:00,2026-06-11 20:40:00,4212.915,4212.135,SL,-1.04,1,0.4024098759337104,ml_scalp1,2026-06
1569338,long,2026-06-11 20:50:00,2026-06-11 20:51:00,2026-06-11 20:52:00,4211.808,4211.028,SL,-1.04,1,0.4132208236177566,ml_scalp1,2026-06
1569350,long,2026-06-11 22:04:00,2026-06-11 22:05:00,2026-06-11 22:06:00,4208.415,4207.575,SL,-1.12,1,0.4046164576064713,ml_scalp1,2026-06
1569363,long,2026-06-11 22:17:00,2026-06-11 22:18:00,2026-06-11 22:19:00,4210.247,4209.407,SL,-1.12,1,0.40228816520561517,ml_scalp1,2026-06
1569391,short,2026-06-11 22:45:00,2026-06-11 22:46:00,2026-06-11 22:47:00,4232.491,4233.331,SL,-1.12,1,0.3681295253974317,ml_scalp1,2026-06
1569406,short,2026-06-11 23:00:00,2026-06-11 23:01:00,2026-06-11 23:02:00,4244.78,4243.78,TP,0.72,1,0.3687390969296824,ml_scalp1,2026-06
1569427,long,2026-06-11 23:21:00,2026-06-11 23:22:00,2026-06-11 23:23:00,4221.957,4221.177000000001,SL,-1.04,1,0.41160206288516155,ml_scalp1,2026-06
1569439,long,2026-06-11 23:33:00,2026-06-11 23:34:00,2026-06-11 23:35:00,4219.039,4218.259,SL,-1.04,1,0.4153388710393103,ml_scalp1,2026-06
1569496,short,2026-06-12 00:30:00,2026-06-12 00:31:00,2026-06-12 00:32:00,4227.368,4226.368,TP,0.72,1,0.3670010040671176,ml_scalp1,2026-06
1569520,long,2026-06-12 00:54:00,2026-06-12 00:55:00,2026-06-12 00:56:00,4200.804,4201.804,TP,0.74,1,0.40574272517837184,ml_scalp1,2026-06
1569561,long,2026-06-12 01:35:00,2026-06-12 01:36:00,2026-06-12 01:37:00,4177.581,4176.801,SL,-1.04,1,0.4043025221129759,ml_scalp1,2026-06
1569585,long,2026-06-12 01:59:00,2026-06-12 02:00:00,2026-06-12 02:01:00,4186.823,4186.043000000001,SL,-1.04,1,0.40162133915637216,ml_scalp1,2026-06
1569692,long,2026-06-12 03:46:00,2026-06-12 03:47:00,2026-06-12 03:48:00,4197.281,4196.501,SL,-1.04,1,0.4079258001337299,ml_scalp1,2026-06
1570083,long,2026-06-12 10:17:00,2026-06-12 10:18:00,2026-06-12 10:19:00,4216.056,4215.276,SL,-1.04,1,0.41354337042999617,ml_scalp1,2026-06
1570100,long,2026-06-12 10:34:00,2026-06-12 10:35:00,2026-06-12 10:37:00,4214.892,4215.892,TP,0.74,2,0.40192493121784595,ml_scalp1,2026-06
1570122,long,2026-06-12 10:56:00,2026-06-12 10:57:00,2026-06-12 10:58:00,4210.685,4211.685,TP,0.74,1,0.40137822308136106,ml_scalp1,2026-06
1570134,long,2026-06-12 11:08:00,2026-06-12 11:09:00,2026-06-12 11:10:00,4208.158,4207.378000000001,SL,-1.04,1,0.4038444904333626,ml_scalp1,2026-06
1570159,long,2026-06-12 11:33:00,2026-06-12 11:34:00,2026-06-12 11:35:00,4200.027,4201.027,TP,0.74,1,0.4069949892845565,ml_scalp1,2026-06
1570215,long,2026-06-12 12:29:00,2026-06-12 12:30:00,2026-06-12 12:31:00,4201.204,4200.424,SL,-1.04,1,0.40144014479081325,ml_scalp1,2026-06
1570241,long,2026-06-12 12:55:00,2026-06-12 12:56:00,2026-06-12 12:57:00,4190.727,4191.727,TP,0.74,1,0.40370053102983855,ml_scalp1,2026-06
1570470,long,2026-06-12 16:44:00,2026-06-12 16:45:00,2026-06-12 16:46:00,4213.456,4212.676,SL,-1.04,1,0.4018307485631228,ml_scalp1,2026-06
1570640,long,2026-06-12 19:34:00,2026-06-12 19:35:00,2026-06-12 19:36:00,4204.378,4203.598,SL,-1.04,1,0.40682974556141016,ml_scalp1,2026-06
1570724,short,2026-06-14 22:02:00,2026-06-14 22:03:00,2026-06-14 22:04:00,4287.657,4288.737,SL,-1.44,1,0.3760550464478359,ml_scalp1,2026-06
1570736,short,2026-06-14 22:14:00,2026-06-14 22:15:00,2026-06-14 22:16:00,4299.729,4300.569,SL,-1.12,1,0.3720584637366161,ml_scalp1,2026-06
1570748,long,2026-06-14 22:26:00,2026-06-14 22:27:00,2026-06-14 22:28:00,4286.021,4285.181,SL,-1.12,1,0.42403495527921375,ml_scalp1,2026-06
1570761,short,2026-06-14 22:39:00,2026-06-14 22:40:00,2026-06-14 22:42:00,4285.199,4286.039,SL,-1.12,2,0.3682484222355595,ml_scalp1,2026-06
1570776,short,2026-06-14 22:54:00,2026-06-14 22:55:00,2026-06-14 22:56:00,4290.776,4289.776,TP,0.72,1,0.3680338496415457,ml_scalp1,2026-06
1570788,long,2026-06-14 23:06:00,2026-06-14 23:07:00,2026-06-14 23:08:00,4286.682,4285.842,SL,-1.12,1,0.4223102453871737,ml_scalp1,2026-06
1570800,long,2026-06-14 23:18:00,2026-06-14 23:19:00,2026-06-14 23:20:00,4281.61,4282.61,TP,0.72,1,0.42302433059286904,ml_scalp1,2026-06
1570812,long,2026-06-14 23:30:00,2026-06-14 23:31:00,2026-06-14 23:32:00,4284.141,4283.3009999999995,SL,-1.12,1,0.4060333442674396,ml_scalp1,2026-06
1570824,long,2026-06-14 23:42:00,2026-06-14 23:43:00,2026-06-14 23:44:00,4284.008,4285.008,TP,0.72,1,0.4072581188318885,ml_scalp1,2026-06
1570871,long,2026-06-15 00:29:00,2026-06-15 00:30:00,2026-06-15 00:31:00,4301.106,4300.266,SL,-1.12,1,0.40437976975371825,ml_scalp1,2026-06
1570893,long,2026-06-15 00:51:00,2026-06-15 00:52:00,2026-06-15 00:53:00,4293.981,4294.981,TP,0.72,1,0.42458974579568376,ml_scalp1,2026-06
1570907,long,2026-06-15 01:05:00,2026-06-15 01:06:00,2026-06-15 01:07:00,4289.44,4290.44,TP,0.72,1,0.4051329999124382,ml_scalp1,2026-06
1570919,long,2026-06-15 01:17:00,2026-06-15 01:18:00,2026-06-15 01:19:00,4292.857,4293.857,TP,0.72,1,0.4038196785902952,ml_scalp1,2026-06
1570934,short,2026-06-15 01:32:00,2026-06-15 01:33:00,2026-06-15 01:34:00,4309.085,4309.925,SL,-1.12,1,0.3674999387519942,ml_scalp1,2026-06
1570963,short,2026-06-15 02:01:00,2026-06-15 02:02:00,2026-06-15 02:03:00,4320.523,4321.363,SL,-1.12,1,0.36722931637119455,ml_scalp1,2026-06
1570976,short,2026-06-15 02:14:00,2026-06-15 02:15:00,2026-06-15 02:16:00,4326.423,4327.263,SL,-1.12,1,0.36886400685641607,ml_scalp1,2026-06
1571000,short,2026-06-15 02:38:00,2026-06-15 02:39:00,2026-06-15 02:40:00,4333.708,4332.708,TP,0.72,1,0.36875291270994787,ml_scalp1,2026-06
1571019,long,2026-06-15 02:57:00,2026-06-15 02:58:00,2026-06-15 02:59:00,4328.761,4329.761,TP,0.72,1,0.4063982583989394,ml_scalp1,2026-06
1571031,long,2026-06-15 03:09:00,2026-06-15 03:10:00,2026-06-15 03:11:00,4323.562,4322.722,SL,-1.12,1,0.4166938051451035,ml_scalp1,2026-06
1571048,long,2026-06-15 03:26:00,2026-06-15 03:27:00,2026-06-15 03:28:00,4324.041,4323.201,SL,-1.12,1,0.4025690533218543,ml_scalp1,2026-06
1571174,short,2026-06-15 05:32:00,2026-06-15 05:33:00,2026-06-15 05:34:00,4327.905,4326.905,TP,0.72,1,0.3671841931457593,ml_scalp1,2026-06
1571190,short,2026-06-15 05:48:00,2026-06-15 05:49:00,2026-06-15 05:50:00,4315.221,4314.221,TP,0.72,1,0.3673037812176167,ml_scalp1,2026-06
1571203,short,2026-06-15 06:01:00,2026-06-15 06:02:00,2026-06-15 06:03:00,4312.274,4311.274,TP,0.72,1,0.37442195627889585,ml_scalp1,2026-06
1571215,short,2026-06-15 06:13:00,2026-06-15 06:14:00,2026-06-15 06:15:00,4307.285,4308.125,SL,-1.12,1,0.3696920262553021,ml_scalp1,2026-06
1571227,short,2026-06-15 06:25:00,2026-06-15 06:26:00,2026-06-15 06:27:00,4308.473,4307.473,TP,0.72,1,0.3681426407246867,ml_scalp1,2026-06
1571239,short,2026-06-15 06:37:00,2026-06-15 06:38:00,2026-06-15 06:39:00,4305.637,4304.637,TP,0.72,1,0.3702419681379278,ml_scalp1,2026-06
1571252,short,2026-06-15 06:50:00,2026-06-15 06:51:00,2026-06-15 06:52:00,4306.146,4306.986,SL,-1.12,1,0.3692400547209315,ml_scalp1,2026-06
1571268,short,2026-06-15 07:06:00,2026-06-15 07:07:00,2026-06-15 07:08:00,4308.822,4309.662,SL,-1.12,1,0.3677407329105638,ml_scalp1,2026-06
1571282,short,2026-06-15 07:20:00,2026-06-15 07:21:00,2026-06-15 07:22:00,4314.93,4315.77,SL,-1.12,1,0.36802362479037154,ml_scalp1,2026-06
1571303,short,2026-06-15 07:41:00,2026-06-15 07:42:00,2026-06-15 07:43:00,4315.357,4316.197,SL,-1.12,1,0.36792086527895657,ml_scalp1,2026-06
1571316,short,2026-06-15 07:54:00,2026-06-15 07:55:00,2026-06-15 07:56:00,4323.353,4322.353,TP,0.72,1,0.3708173634246344,ml_scalp1,2026-06
1571328,short,2026-06-15 08:06:00,2026-06-15 08:07:00,2026-06-15 08:08:00,4326.459,4327.299,SL,-1.12,1,0.36717101452674333,ml_scalp1,2026-06
1571340,short,2026-06-15 08:18:00,2026-06-15 08:19:00,2026-06-15 08:20:00,4330.246,4331.086,SL,-1.12,1,0.3670141059992154,ml_scalp1,2026-06
1571352,short,2026-06-15 08:30:00,2026-06-15 08:31:00,2026-06-15 08:32:00,4328.876,4329.716,SL,-1.12,1,0.36927506711231445,ml_scalp1,2026-06
1571364,short,2026-06-15 08:42:00,2026-06-15 08:43:00,2026-06-15 08:44:00,4344.663,4343.663,TP,0.72,1,0.36978028182476597,ml_scalp1,2026-06
1571376,short,2026-06-15 08:54:00,2026-06-15 08:55:00,2026-06-15 08:56:00,4338.957,4337.957,TP,0.72,1,0.3724106257009072,ml_scalp1,2026-06
1571389,short,2026-06-15 09:07:00,2026-06-15 09:08:00,2026-06-15 09:09:00,4340.024,4340.8640000000005,SL,-1.12,1,0.3680221542725974,ml_scalp1,2026-06
1571401,short,2026-06-15 09:19:00,2026-06-15 09:20:00,2026-06-15 09:21:00,4339.128,4339.968,SL,-1.12,1,0.3679296926593784,ml_scalp1,2026-06
1571413,short,2026-06-15 09:31:00,2026-06-15 09:32:00,2026-06-15 09:33:00,4337.152,4337.992,SL,-1.12,1,0.36936698910922056,ml_scalp1,2026-06
1571443,short,2026-06-15 10:01:00,2026-06-15 10:02:00,2026-06-15 10:04:00,4337.055,4336.055,TP,0.72,2,0.3682068444693787,ml_scalp1,2026-06
1571493,short,2026-06-15 10:51:00,2026-06-15 10:52:00,2026-06-15 10:53:00,4340.243,4339.243,TP,0.72,1,0.3676846089337102,ml_scalp1,2026-06
1571579,long,2026-06-15 12:17:00,2026-06-15 12:18:00,2026-06-15 12:19:00,4324.946,4325.946,TP,0.72,1,0.4239907944497743,ml_scalp1,2026-06
1571671,long,2026-06-15 13:49:00,2026-06-15 13:50:00,2026-06-15 13:51:00,4361.74,4360.9,SL,-1.12,1,0.4038864571618045,ml_scalp1,2026-06
1571694,long,2026-06-15 14:12:00,2026-06-15 14:13:00,2026-06-15 14:14:00,4357.524,4356.684,SL,-1.12,1,0.40624192993554653,ml_scalp1,2026-06
1571795,long,2026-06-15 15:53:00,2026-06-15 15:54:00,2026-06-15 15:55:00,4355.18,4356.18,TP,0.72,1,0.403949084151865,ml_scalp1,2026-06
1571810,long,2026-06-15 16:08:00,2026-06-15 16:09:00,2026-06-15 16:10:00,4353.242,4352.402,SL,-1.12,1,0.40857196576810184,ml_scalp1,2026-06
1571822,long,2026-06-15 16:20:00,2026-06-15 16:21:00,2026-06-15 16:22:00,4344.509,4343.669,SL,-1.12,1,0.423275439847574,ml_scalp1,2026-06
1571834,long,2026-06-15 16:32:00,2026-06-15 16:33:00,2026-06-15 16:34:00,4339.254,4340.254,TP,0.72,1,0.4090562785996982,ml_scalp1,2026-06
1571898,long,2026-06-15 17:36:00,2026-06-15 17:37:00,2026-06-15 17:38:00,4323.268,4322.428,SL,-1.12,1,0.40865548295651766,ml_scalp1,2026-06
1572063,long,2026-06-15 20:21:00,2026-06-15 20:22:00,2026-06-15 20:23:00,4313.254,4312.414,SL,-1.12,1,0.42411342080415004,ml_scalp1,2026-06
1572085,long,2026-06-15 20:43:00,2026-06-15 20:44:00,2026-06-15 20:45:00,4310.154,4309.314,SL,-1.12,1,0.40335166098338016,ml_scalp1,2026-06
1572282,long,2026-06-16 01:02:00,2026-06-16 01:03:00,2026-06-16 01:04:00,4323.494,4322.6539999999995,SL,-1.12,1,0.4032817047875077,ml_scalp1,2026-06
1572645,long,2026-06-16 07:05:00,2026-06-16 07:06:00,2026-06-16 07:07:00,4326.089,4327.089,TP,0.72,1,0.40825587268566293,ml_scalp1,2026-06
1572716,long,2026-06-16 08:16:00,2026-06-16 08:17:00,2026-06-16 08:18:00,4340.581,4339.741,SL,-1.12,1,0.4024457691634537,ml_scalp1,2026-06
1573078,long,2026-06-16 14:18:00,2026-06-16 14:19:00,2026-06-16 14:20:00,4324.485,4323.705,SL,-1.04,1,0.41457088827478195,ml_scalp1,2026-06
1573872,long,2026-06-17 04:34:00,2026-06-17 04:35:00,2026-06-17 04:36:00,4318.178,4319.178,TP,0.72,1,0.4149217123766492,ml_scalp1,2026-06
1574768,long,2026-06-17 19:30:00,2026-06-17 19:31:00,2026-06-17 19:32:00,4221.879,4222.879,TP,0.72,1,0.4023566192118268,ml_scalp1,2026-06
1574842,long,2026-06-17 20:44:00,2026-06-17 20:45:00,2026-06-17 20:46:00,4260.244,4261.244,TP,0.72,1,0.40980664674035033,ml_scalp1,2026-06
1574856,long,2026-06-17 22:00:00,2026-06-17 22:01:00,2026-06-17 22:02:00,4257.024,4255.944,SL,-1.44,1,0.4063067922199361,ml_scalp1,2026-06
1575096,long,2026-06-18 02:00:00,2026-06-18 02:01:00,2026-06-18 02:02:00,4317.354,4316.5740000000005,SL,-1.04,1,0.40176738078615676,ml_scalp1,2026-06
1575132,long,2026-06-18 02:36:00,2026-06-18 02:37:00,2026-06-18 02:38:00,4318.824,4319.824,TP,0.72,1,0.410968307590619,ml_scalp1,2026-06
1575144,long,2026-06-18 02:48:00,2026-06-18 02:49:00,2026-06-18 02:50:00,4314.1,4313.26,SL,-1.12,1,0.41324447833239825,ml_scalp1,2026-06
1575157,long,2026-06-18 03:01:00,2026-06-18 03:02:00,2026-06-18 03:03:00,4310.024,4311.024,TP,0.72,1,0.4022610495841625,ml_scalp1,2026-06
1575406,long,2026-06-18 07:10:00,2026-06-18 07:11:00,2026-06-18 07:12:00,4304.518,4305.518,TP,0.74,1,0.40135940458266695,ml_scalp1,2026-06
1575431,long,2026-06-18 07:35:00,2026-06-18 07:36:00,2026-06-18 07:37:00,4294.59,4295.59,TP,0.72,1,0.40559409134412144,ml_scalp1,2026-06
1575453,long,2026-06-18 07:57:00,2026-06-18 07:58:00,2026-06-18 07:59:00,4288.806,4287.965999999999,SL,-1.12,1,0.4018888801562694,ml_scalp1,2026-06
1575513,long,2026-06-18 08:57:00,2026-06-18 08:58:00,2026-06-18 08:59:00,4267.933,4267.093,SL,-1.12,1,0.4074310880455031,ml_scalp1,2026-06
1575526,long,2026-06-18 09:10:00,2026-06-18 09:11:00,2026-06-18 09:12:00,4263.126,4262.3460000000005,SL,-1.04,1,0.4021971172135595,ml_scalp1,2026-06
1575636,long,2026-06-18 11:00:00,2026-06-18 11:01:00,2026-06-18 11:02:00,4253.738,4252.898,SL,-1.12,1,0.401371508515387,ml_scalp1,2026-06
1575972,long,2026-06-18 16:36:00,2026-06-18 16:37:00,2026-06-18 16:38:00,4217.142,4216.362,SL,-1.04,1,0.4092500210570819,ml_scalp1,2026-06
1576075,long,2026-06-18 18:19:00,2026-06-18 18:20:00,2026-06-18 18:21:00,4228.392,4227.612,SL,-1.04,1,0.4053339754212598,ml_scalp1,2026-06
1576117,long,2026-06-18 19:01:00,2026-06-18 19:02:00,2026-06-18 19:03:00,4215.093,4214.313,SL,-1.04,1,0.4079321969508289,ml_scalp1,2026-06
1576256,long,2026-06-18 22:22:00,2026-06-18 22:23:00,2026-06-18 22:25:00,4203.411,4204.411,TP,0.72,2,0.4026720527801982,ml_scalp1,2026-06
1576283,long,2026-06-18 22:49:00,2026-06-18 22:50:00,2026-06-18 22:51:00,4208.503,4209.503,TP,0.74,1,0.4029575577431722,ml_scalp1,2026-06
1576295,long,2026-06-18 23:01:00,2026-06-18 23:02:00,2026-06-18 23:03:00,4206.688,4205.908,SL,-1.04,1,0.40168347647200064,ml_scalp1,2026-06
1576307,long,2026-06-18 23:13:00,2026-06-18 23:14:00,2026-06-18 23:15:00,4198.038,4197.258,SL,-1.04,1,0.4196036397754798,ml_scalp1,2026-06
1576319,long,2026-06-18 23:25:00,2026-06-18 23:26:00,2026-06-18 23:27:00,4194.56,4195.56,TP,0.74,1,0.41270468063727445,ml_scalp1,2026-06
1576338,long,2026-06-18 23:44:00,2026-06-18 23:45:00,2026-06-18 23:46:00,4194.422,4193.642,SL,-1.04,1,0.4096794886837892,ml_scalp1,2026-06
1576360,long,2026-06-19 00:06:00,2026-06-19 00:07:00,2026-06-19 00:08:00,4185.675,4184.895,SL,-1.04,1,0.4142506114621509,ml_scalp1,2026-06
1576373,long,2026-06-19 00:19:00,2026-06-19 00:20:00,2026-06-19 00:23:00,4185.123,4186.123,TP,0.74,3,0.40668803327524106,ml_scalp1,2026-06
1576482,long,2026-06-19 02:08:00,2026-06-19 02:09:00,2026-06-19 02:10:00,4179.821,4180.821,TP,0.72,1,0.4052670527862679,ml_scalp1,2026-06
1576565,long,2026-06-19 03:31:00,2026-06-19 03:32:00,2026-06-19 03:33:00,4162.477,4163.477,TP,0.74,1,0.4039384654529972,ml_scalp1,2026-06
1576592,long,2026-06-19 03:58:00,2026-06-19 03:59:00,2026-06-19 04:00:00,4150.261,4151.261,TP,0.74,1,0.4238970524315052,ml_scalp1,2026-06
1576609,long,2026-06-19 04:15:00,2026-06-19 04:16:00,2026-06-19 04:17:00,4141.916,4142.916,TP,0.74,1,0.4237990170018674,ml_scalp1,2026-06
1576626,long,2026-06-19 04:32:00,2026-06-19 04:33:00,2026-06-19 04:34:00,4145.562,4144.782,SL,-1.04,1,0.4019215787660044,ml_scalp1,2026-06
1576645,long,2026-06-19 04:51:00,2026-06-19 04:52:00,2026-06-19 04:53:00,4132.588,4133.588,TP,0.74,1,0.4127169151153683,ml_scalp1,2026-06
1576657,long,2026-06-19 05:03:00,2026-06-19 05:04:00,2026-06-19 05:05:00,4123.038,4122.258,SL,-1.04,1,0.41881180142808494,ml_scalp1,2026-06
1576686,long,2026-06-19 05:32:00,2026-06-19 05:33:00,2026-06-19 05:34:00,4136.814,4136.034000000001,SL,-1.04,1,0.40138064496093845,ml_scalp1,2026-06
1576897,long,2026-06-19 09:03:00,2026-06-19 09:04:00,2026-06-19 09:05:00,4165.715,4164.935,SL,-1.04,1,0.40735578738445255,ml_scalp1,2026-06
1577322,long,2026-06-19 16:08:00,2026-06-19 16:09:00,2026-06-19 16:10:00,4147.231,4146.451,SL,-1.04,1,0.40892831154536907,ml_scalp1,2026-06
1577374,short,2026-06-21 22:01:00,2026-06-21 22:02:00,2026-06-21 22:03:00,4154.23,4155.3099999999995,SL,-1.44,1,0.36818409671568325,ml_scalp1,2026-06
1577389,short,2026-06-21 22:16:00,2026-06-21 22:17:00,2026-06-21 22:18:00,4150.499,4151.339,SL,-1.12,1,0.36802946478786686,ml_scalp1,2026-06
1577401,short,2026-06-21 22:28:00,2026-06-21 22:29:00,2026-06-21 22:30:00,4152.105,4152.945,SL,-1.12,1,0.36897459863081494,ml_scalp1,2026-06
1577422,short,2026-06-21 22:49:00,2026-06-21 22:50:00,2026-06-21 22:51:00,4154.822,4153.822,TP,0.72,1,0.3725221010472914,ml_scalp1,2026-06
1577456,short,2026-06-21 23:23:00,2026-06-21 23:24:00,2026-06-21 23:25:00,4157.85,4156.85,TP,0.72,1,0.3671866503032682,ml_scalp1,2026-06
1577468,long,2026-06-21 23:35:00,2026-06-21 23:36:00,2026-06-21 23:37:00,4143.676,4144.676,TP,0.74,1,0.4480713512573882,ml_scalp1,2026-06
1577480,long,2026-06-21 23:47:00,2026-06-21 23:48:00,2026-06-21 23:49:00,4138.765,4137.985000000001,SL,-1.04,1,0.44157004158308366,ml_scalp1,2026-06
1577553,short,2026-06-22 01:00:00,2026-06-22 01:01:00,2026-06-22 01:02:00,4208.106,4208.946,SL,-1.12,1,0.36860217328907346,ml_scalp1,2026-06
1577584,long,2026-06-22 01:31:00,2026-06-22 01:32:00,2026-06-22 01:33:00,4199.16,4198.38,SL,-1.04,1,0.40252766989826405,ml_scalp1,2026-06
1577614,long,2026-06-22 02:01:00,2026-06-22 02:02:00,2026-06-22 02:03:00,4188.643,4189.643,TP,0.74,1,0.4034339185756511,ml_scalp1,2026-06
1577687,long,2026-06-22 03:14:00,2026-06-22 03:15:00,2026-06-22 03:16:00,4178.561,4179.561,TP,0.74,1,0.40272082201120685,ml_scalp1,2026-06
1578438,long,2026-06-22 15:45:00,2026-06-22 15:46:00,2026-06-22 15:47:00,4178.134,4177.354,SL,-1.04,1,0.40226812247612637,ml_scalp1,2026-06
1578797,long,2026-06-22 22:46:00,2026-06-22 22:47:00,2026-06-22 22:54:00,4188.989,4189.989,TP,0.74,7,0.4042377428697465,ml_scalp1,2026-06
1578825,long,2026-06-22 23:14:00,2026-06-22 23:15:00,2026-06-22 23:23:00,4191.038,4190.258,SL,-1.04,8,0.4038357907387548,ml_scalp1,2026-06
1578877,long,2026-06-23 00:06:00,2026-06-23 00:07:00,2026-06-23 00:08:00,4186.273,4185.493,SL,-1.04,1,0.4207357642756516,ml_scalp1,2026-06
1578949,long,2026-06-23 01:18:00,2026-06-23 01:19:00,2026-06-23 01:20:00,4174.804,4174.024,SL,-1.04,1,0.41278491498009584,ml_scalp1,2026-06
1578964,long,2026-06-23 01:33:00,2026-06-23 01:34:00,2026-06-23 01:35:00,4169.955,4169.175,SL,-1.04,1,0.4145322935492227,ml_scalp1,2026-06
1578980,long,2026-06-23 01:49:00,2026-06-23 01:50:00,2026-06-23 01:51:00,4150.669,4151.669,TP,0.74,1,0.4057905269840269,ml_scalp1,2026-06
1578996,long,2026-06-23 02:05:00,2026-06-23 02:06:00,2026-06-23 02:07:00,4154.756,4153.976000000001,SL,-1.04,1,0.4154806345844713,ml_scalp1,2026-06
1579050,long,2026-06-23 02:59:00,2026-06-23 03:00:00,2026-06-23 03:01:00,4147.076,4146.296,SL,-1.04,1,0.4311056845548047,ml_scalp1,2026-06
1579062,long,2026-06-23 03:11:00,2026-06-23 03:12:00,2026-06-23 03:13:00,4139.625,4140.625,TP,0.74,1,0.4232163891931504,ml_scalp1,2026-06
1579074,long,2026-06-23 03:23:00,2026-06-23 03:24:00,2026-06-23 03:25:00,4132.304,4133.304,TP,0.74,1,0.414078032905517,ml_scalp1,2026-06
1579166,long,2026-06-23 04:55:00,2026-06-23 04:56:00,2026-06-23 04:57:00,4131.974,4131.194,SL,-1.04,1,0.41889283989315823,ml_scalp1,2026-06
1579201,long,2026-06-23 05:30:00,2026-06-23 05:31:00,2026-06-23 05:32:00,4121.501,4120.7210000000005,SL,-1.04,1,0.40137571632909813,ml_scalp1,2026-06
1579240,long,2026-06-23 06:09:00,2026-06-23 06:10:00,2026-06-23 06:11:00,4113.415,4114.415,TP,0.74,1,0.42529436642869206,ml_scalp1,2026-06
1579331,long,2026-06-23 07:40:00,2026-06-23 07:41:00,2026-06-23 07:42:00,4109.253,4108.473,SL,-1.04,1,0.41335723903345506,ml_scalp1,2026-06
1579343,long,2026-06-23 07:52:00,2026-06-23 07:53:00,2026-06-23 07:54:00,4099.037,4100.037,TP,0.74,1,0.4303537538045538,ml_scalp1,2026-06
1579355,long,2026-06-23 08:04:00,2026-06-23 08:05:00,2026-06-23 08:06:00,4092.589,4093.589,TP,0.74,1,0.410006000226856,ml_scalp1,2026-06
1579920,long,2026-06-23 17:29:00,2026-06-23 17:30:00,2026-06-23 17:31:00,4131.205,4130.425,SL,-1.04,1,0.4014326849195797,ml_scalp1,2026-06
1579965,long,2026-06-23 18:14:00,2026-06-23 18:15:00,2026-06-23 18:16:00,4124.442,4125.442,TP,0.74,1,0.4020306538757467,ml_scalp1,2026-06
1579977,long,2026-06-23 18:26:00,2026-06-23 18:27:00,2026-06-23 18:29:00,4121.93,4121.150000000001,SL,-1.04,2,0.4198936608768355,ml_scalp1,2026-06
1579992,long,2026-06-23 18:41:00,2026-06-23 18:42:00,2026-06-23 18:43:00,4118.671,4117.8910000000005,SL,-1.04,1,0.4067955872808975,ml_scalp1,2026-06
1580058,long,2026-06-23 19:47:00,2026-06-23 19:48:00,2026-06-23 19:49:00,4119.351,4118.571,SL,-1.04,1,0.4063235456660201,ml_scalp1,2026-06
1580112,long,2026-06-23 20:41:00,2026-06-23 20:42:00,2026-06-23 20:43:00,4109.868,4110.868,TP,0.74,1,0.40372993388665457,ml_scalp1,2026-06
1580129,long,2026-06-23 22:00:00,2026-06-23 22:01:00,2026-06-23 22:02:00,4112.678,4111.598,SL,-1.44,1,0.41054531978206876,ml_scalp1,2026-06
1580141,long,2026-06-23 22:12:00,2026-06-23 22:13:00,2026-06-23 22:15:00,4113.203,4114.203,TP,0.74,2,0.40147380358103674,ml_scalp1,2026-06
1580162,long,2026-06-23 22:33:00,2026-06-23 22:34:00,2026-06-23 22:35:00,4102.179,4101.399,SL,-1.04,1,0.4137808987260478,ml_scalp1,2026-06
1580194,long,2026-06-23 23:05:00,2026-06-23 23:06:00,2026-06-23 23:08:00,4097.569,4096.789000000001,SL,-1.04,2,0.41197589130775397,ml_scalp1,2026-06
1580227,long,2026-06-23 23:38:00,2026-06-23 23:39:00,2026-06-23 23:40:00,4086.04,4085.2599999999998,SL,-1.04,1,0.43914720045626177,ml_scalp1,2026-06
1580273,long,2026-06-24 00:24:00,2026-06-24 00:25:00,2026-06-24 00:26:00,4096.379,4095.5989999999997,SL,-1.04,1,0.4065853348402809,ml_scalp1,2026-06
1580310,long,2026-06-24 01:01:00,2026-06-24 01:02:00,2026-06-24 01:03:00,4086.433,4085.653,SL,-1.04,1,0.40635309308267187,ml_scalp1,2026-06
1580376,long,2026-06-24 02:07:00,2026-06-24 02:08:00,2026-06-24 02:09:00,4081.871,4081.091,SL,-1.04,1,0.40445447609928686,ml_scalp1,2026-06
1580399,long,2026-06-24 02:30:00,2026-06-24 02:31:00,2026-06-24 02:32:00,4067.468,4066.6879999999996,SL,-1.04,1,0.41782854667338354,ml_scalp1,2026-06
1580411,long,2026-06-24 02:42:00,2026-06-24 02:43:00,2026-06-24 02:44:00,4056.285,4055.5049999999997,SL,-1.04,1,0.4095010272953111,ml_scalp1,2026-06
1580435,long,2026-06-24 03:06:00,2026-06-24 03:07:00,2026-06-24 03:08:00,4053.467,4054.467,TP,0.74,1,0.4029284506650664,ml_scalp1,2026-06
1580625,long,2026-06-24 06:16:00,2026-06-24 06:17:00,2026-06-24 06:18:00,4090.744,4089.964,SL,-1.04,1,0.4101848622768033,ml_scalp1,2026-06
1580913,long,2026-06-24 11:04:00,2026-06-24 11:05:00,2026-06-24 11:06:00,4051.873,4051.093,SL,-1.04,1,0.4138744424828258,ml_scalp1,2026-06
1580925,long,2026-06-24 11:16:00,2026-06-24 11:17:00,2026-06-24 11:18:00,4039.701,4040.701,TP,0.74,1,0.42035093161485426,ml_scalp1,2026-06
1581252,long,2026-06-24 16:43:00,2026-06-24 16:44:00,2026-06-24 16:45:00,4010.08,4011.08,TP,0.74,1,0.4040805229953931,ml_scalp1,2026-06
1581289,long,2026-06-24 17:20:00,2026-06-24 17:21:00,2026-06-24 17:22:00,3997.485,3996.705,SL,-1.04,1,0.4060029750918758,ml_scalp1,2026-06
1581317,long,2026-06-24 17:48:00,2026-06-24 17:49:00,2026-06-24 17:50:00,3980.957,3980.1769999999997,SL,-1.04,1,0.4194035784222318,ml_scalp1,2026-06
1581329,long,2026-06-24 18:00:00,2026-06-24 18:01:00,2026-06-24 18:02:00,3972.536,3971.756,SL,-1.04,1,0.4154769625373342,ml_scalp1,2026-06
1581560,long,2026-06-24 22:53:00,2026-06-24 22:54:00,2026-06-24 22:55:00,3995.089,3994.3089999999997,SL,-1.04,1,0.40854889850949727,ml_scalp1,2026-06
1581572,long,2026-06-24 23:05:00,2026-06-24 23:06:00,2026-06-24 23:07:00,3993.176,3992.3959999999997,SL,-1.04,1,0.4061932620732218,ml_scalp1,2026-06
1581653,long,2026-06-25 00:26:00,2026-06-25 00:27:00,2026-06-25 00:28:00,3998.634,3997.854,SL,-1.04,1,0.40485833671763916,ml_scalp1,2026-06
1581665,long,2026-06-25 00:38:00,2026-06-25 00:39:00,2026-06-25 00:40:00,3984.103,3983.323,SL,-1.04,1,0.40756169105984336,ml_scalp1,2026-06
1581685,long,2026-06-25 00:58:00,2026-06-25 00:59:00,2026-06-25 01:00:00,3990.533,3989.7529999999997,SL,-1.04,1,0.40670859423216454,ml_scalp1,2026-06
1581720,long,2026-06-25 01:33:00,2026-06-25 01:34:00,2026-06-25 01:35:00,3984.838,3984.058,SL,-1.04,1,0.4020809619499155,ml_scalp1,2026-06
1581755,long,2026-06-25 02:08:00,2026-06-25 02:09:00,2026-06-25 02:10:00,3967.072,3966.292,SL,-1.04,1,0.414414280466249,ml_scalp1,2026-06
1581788,long,2026-06-25 02:41:00,2026-06-25 02:42:00,2026-06-25 02:43:00,3976.611,3975.8309999999997,SL,-1.04,1,0.4036886642767882,ml_scalp1,2026-06
1582488,long,2026-06-25 14:21:00,2026-06-25 14:22:00,2026-06-25 14:23:00,4021.238,4020.518,SL,-0.96,1,0.4014939703176015,ml_scalp1,2026-06
1582632,long,2026-06-25 16:45:00,2026-06-25 16:46:00,2026-06-25 16:47:00,4024.419,4025.419,TP,0.76,1,0.4018711604441185,ml_scalp1,2026-06
1583162,long,2026-06-26 02:37:00,2026-06-26 02:38:00,2026-06-26 02:39:00,3995.739,3996.739,TP,0.76,1,0.42332850248925147,ml_scalp1,2026-06
1583178,long,2026-06-26 02:53:00,2026-06-26 02:54:00,2026-06-26 02:55:00,3987.155,3986.4350000000004,SL,-0.96,1,0.41414266135534367,ml_scalp1,2026-06
1583918,long,2026-06-26 15:13:00,2026-06-26 15:14:00,2026-06-26 15:15:00,4080.532,4079.8120000000004,SL,-0.96,1,0.40266958800631647,ml_scalp1,2026-06
1583939,long,2026-06-26 15:34:00,2026-06-26 15:35:00,2026-06-26 15:36:00,4081.879,4082.879,TP,0.76,1,0.41041648865456704,ml_scalp1,2026-06
1583951,long,2026-06-26 15:46:00,2026-06-26 15:47:00,2026-06-26 15:48:00,4092.729,4092.009,SL,-0.96,1,0.4032754960409504,ml_scalp1,2026-06
1583973,long,2026-06-26 16:08:00,2026-06-26 16:09:00,2026-06-26 16:10:00,4089.628,4088.9080000000004,SL,-0.96,1,0.4051341270187094,ml_scalp1,2026-06
1583986,long,2026-06-26 16:21:00,2026-06-26 16:22:00,2026-06-26 16:23:00,4085.301,4084.581,SL,-0.96,1,0.4025589511350016,ml_scalp1,2026-06
1584056,long,2026-06-26 17:31:00,2026-06-26 17:32:00,2026-06-26 17:35:00,4077.834,4078.834,TP,0.76,3,0.4021025752591527,ml_scalp1,2026-06
1584072,long,2026-06-26 17:47:00,2026-06-26 17:48:00,2026-06-26 17:49:00,4075.292,4076.292,TP,0.76,1,0.40622599092466666,ml_scalp1,2026-06
1584261,short,2026-06-26 20:56:00,2026-06-26 20:57:00,2026-06-28 22:01:00,4087.948,4086.948,TP,0.74,1,0.36712872060075247,ml_scalp1,2026-06
1584278,long,2026-06-28 22:16:00,2026-06-28 22:17:00,2026-06-28 22:18:00,4062.753,4061.973,SL,-1.04,1,0.40254267974202035,ml_scalp1,2026-06
1584294,short,2026-06-28 22:32:00,2026-06-28 22:33:00,2026-06-28 22:34:00,4062.139,4061.139,TP,0.74,1,0.36774078661700516,ml_scalp1,2026-06
1584308,short,2026-06-28 22:46:00,2026-06-28 22:47:00,2026-06-28 22:48:00,4064.13,4064.9100000000003,SL,-1.04,1,0.3693281163561669,ml_scalp1,2026-06
1584320,short,2026-06-28 22:58:00,2026-06-28 22:59:00,2026-06-28 23:00:00,4067.23,4066.23,TP,0.74,1,0.37146822578007804,ml_scalp1,2026-06
1584344,long,2026-06-28 23:22:00,2026-06-28 23:23:00,2026-06-28 23:24:00,4057.854,4057.134,SL,-0.96,1,0.4021822751108362,ml_scalp1,2026-06
1584979,long,2026-06-29 09:57:00,2026-06-29 09:58:00,2026-06-29 09:59:00,4027.771,4028.771,TP,0.76,1,0.41231996102880997,ml_scalp1,2026-06
1585227,long,2026-06-29 14:05:00,2026-06-29 14:06:00,2026-06-29 14:07:00,4022.82,4022.1000000000004,SL,-0.96,1,0.4020882864666675,ml_scalp1,2026-06
1585498,long,2026-06-29 18:36:00,2026-06-29 18:37:00,2026-06-29 18:39:00,4020.526,4019.806,SL,-0.96,2,0.40174692273008267,ml_scalp1,2026-06
1585511,long,2026-06-29 18:49:00,2026-06-29 18:50:00,2026-06-29 18:51:00,4016.072,4017.072,TP,0.76,1,0.4339564236831819,ml_scalp1,2026-06
1585525,long,2026-06-29 19:03:00,2026-06-29 19:04:00,2026-06-29 19:05:00,4010.664,4009.9440000000004,SL,-0.96,1,0.4071490787768103,ml_scalp1,2026-06
1585632,long,2026-06-29 20:50:00,2026-06-29 20:51:00,2026-06-29 20:52:00,4015.462,4016.462,TP,0.76,1,0.40531413521893805,ml_scalp1,2026-06
1585684,long,2026-06-29 22:44:00,2026-06-29 22:45:00,2026-06-29 22:46:00,4010.198,4009.478,SL,-0.96,1,0.4114829020258957,ml_scalp1,2026-06
1585742,long,2026-06-29 23:42:00,2026-06-29 23:43:00,2026-06-29 23:44:00,4013.889,4014.889,TP,0.76,1,0.4104538033298949,ml_scalp1,2026-06
1585760,long,2026-06-30 00:00:00,2026-06-30 00:01:00,2026-06-30 00:02:00,4014.652,4013.9320000000002,SL,-0.96,1,0.4015902365199873,ml_scalp1,2026-06
1585774,long,2026-06-30 00:14:00,2026-06-30 00:15:00,2026-06-30 00:16:00,4010.151,4009.431,SL,-0.96,1,0.40192047831086747,ml_scalp1,2026-06
1585791,long,2026-06-30 00:31:00,2026-06-30 00:32:00,2026-06-30 00:33:00,4002.807,4002.087,SL,-0.96,1,0.4021935777984483,ml_scalp1,2026-06
1585803,long,2026-06-30 00:43:00,2026-06-30 00:44:00,2026-06-30 00:45:00,3991.277,3992.277,TP,0.76,1,0.4084218308826652,ml_scalp1,2026-06
1585815,long,2026-06-30 00:55:00,2026-06-30 00:56:00,2026-06-30 00:57:00,3987.802,3987.0820000000003,SL,-0.96,1,0.44775017197654055,ml_scalp1,2026-06
1585827,long,2026-06-30 01:07:00,2026-06-30 01:08:00,2026-06-30 01:09:00,3945.436,3946.436,TP,0.76,1,0.40533148670847186,ml_scalp1,2026-06
1585887,long,2026-06-30 02:07:00,2026-06-30 02:08:00,2026-06-30 02:09:00,3963.724,3963.0040000000004,SL,-0.96,1,0.40868232981370417,ml_scalp1,2026-06
1585899,long,2026-06-30 02:19:00,2026-06-30 02:20:00,2026-06-30 02:21:00,3960.692,3959.972,SL,-0.96,1,0.40189139920197503,ml_scalp1,2026-06
1585911,long,2026-06-30 02:31:00,2026-06-30 02:32:00,2026-06-30 02:33:00,3956.957,3957.957,TP,0.76,1,0.4025556457901663,ml_scalp1,2026-06
1586646,long,2026-06-30 14:46:00,2026-06-30 14:47:00,2026-06-30 14:48:00,4045.169,4044.449,SL,-0.96,1,0.4060388836289768,ml_scalp1,2026-06
1586677,long,2026-06-30 15:17:00,2026-06-30 15:18:00,2026-06-30 15:19:00,4028.255,4027.5350000000003,SL,-0.96,1,0.40254808733078984,ml_scalp1,2026-06
1586950,long,2026-06-30 19:50:00,2026-06-30 19:51:00,2026-06-30 19:52:00,4018.859,4018.139,SL,-0.96,1,0.40305092825778405,ml_scalp1,2026-06
1586999,long,2026-06-30 20:39:00,2026-06-30 20:40:00,2026-06-30 20:49:00,4010.737,4010.0170000000003,SL,-0.96,9,0.40659763284555256,ml_scalp1,2026-06
1587215,long,2026-07-01 01:17:00,2026-07-01 01:18:00,2026-07-01 01:19:00,3976.96,3977.96,TP,0.76,1,0.40744927607206716,ml_scalp1,2026-07
1587231,long,2026-07-01 01:33:00,2026-07-01 01:34:00,2026-07-01 01:35:00,3977.995,3978.995,TP,0.76,1,0.40594342091017316,ml_scalp1,2026-07
1587246,long,2026-07-01 01:48:00,2026-07-01 01:49:00,2026-07-01 01:50:00,3975.677,3976.677,TP,0.76,1,0.40811401964990696,ml_scalp1,2026-07
1587263,long,2026-07-01 02:05:00,2026-07-01 02:06:00,2026-07-01 02:07:00,3970.957,3971.957,TP,0.76,1,0.4141895319640947,ml_scalp1,2026-07
1587919,long,2026-07-01 13:01:00,2026-07-01 13:02:00,2026-07-01 13:03:00,4022.314,4021.594,SL,-0.96,1,0.40722809639641266,ml_scalp1,2026-07
1587979,long,2026-07-01 14:01:00,2026-07-01 14:02:00,2026-07-01 14:03:00,4088.569,4087.849,SL,-0.96,1,0.4083737991408442,ml_scalp1,2026-07
1587991,long,2026-07-01 14:13:00,2026-07-01 14:14:00,2026-07-01 14:15:00,4093.846,4093.126,SL,-0.96,1,0.40756372226765947,ml_scalp1,2026-07
1588004,long,2026-07-01 14:26:00,2026-07-01 14:27:00,2026-07-01 14:28:00,4098.442,4099.442,TP,0.76,1,0.411212901448061,ml_scalp1,2026-07
1588017,long,2026-07-01 14:39:00,2026-07-01 14:40:00,2026-07-01 14:41:00,4106.1,4105.38,SL,-0.96,1,0.4082010886598438,ml_scalp1,2026-07
1588029,long,2026-07-01 14:51:00,2026-07-01 14:52:00,2026-07-01 14:53:00,4089.049,4090.049,TP,0.76,1,0.4139355177734133,ml_scalp1,2026-07
1588042,long,2026-07-01 15:04:00,2026-07-01 15:05:00,2026-07-01 15:06:00,4089.681,4088.9610000000002,SL,-0.96,1,0.4118704464129193,ml_scalp1,2026-07
1588057,long,2026-07-01 15:19:00,2026-07-01 15:20:00,2026-07-01 15:21:00,4086.988,4087.988,TP,0.76,1,0.4046029494304018,ml_scalp1,2026-07
1588072,long,2026-07-01 15:34:00,2026-07-01 15:35:00,2026-07-01 15:36:00,4078.181,4079.181,TP,0.76,1,0.4076452022796112,ml_scalp1,2026-07
1588101,long,2026-07-01 16:03:00,2026-07-01 16:04:00,2026-07-01 16:05:00,4085.283,4084.563,SL,-0.96,1,0.4108410208937316,ml_scalp1,2026-07
1588150,long,2026-07-01 16:52:00,2026-07-01 16:53:00,2026-07-01 16:54:00,4071.929,4072.929,TP,0.76,1,0.4078914098846116,ml_scalp1,2026-07
1588329,long,2026-07-01 19:51:00,2026-07-01 19:52:00,2026-07-01 19:53:00,4045.789,4045.0690000000004,SL,-0.96,1,0.40869128761602674,ml_scalp1,2026-07
1588342,long,2026-07-01 20:04:00,2026-07-01 20:05:00,2026-07-01 20:06:00,4030.071,4031.071,TP,0.76,1,0.41048056793786897,ml_scalp1,2026-07
1589267,short,2026-07-02 12:31:00,2026-07-02 12:32:00,2026-07-02 12:33:00,4110.01,4110.79,SL,-1.04,1,0.3619634253608022,ml_scalp1,2026-07
1589282,long,2026-07-02 12:46:00,2026-07-02 12:47:00,2026-07-02 12:48:00,4129.197,4128.477,SL,-0.96,1,0.4049342252211896,ml_scalp1,2026-07
1589303,long,2026-07-02 13:07:00,2026-07-02 13:08:00,2026-07-02 13:09:00,4118.644,4117.924,SL,-0.96,1,0.408762700907576,ml_scalp1,2026-07
1589350,long,2026-07-02 13:54:00,2026-07-02 13:55:00,2026-07-02 13:56:00,4133.611,4134.611,TP,0.76,1,0.41361179592989217,ml_scalp1,2026-07
1589379,long,2026-07-02 14:23:00,2026-07-02 14:24:00,2026-07-02 14:25:00,4124.253,4123.532999999999,SL,-0.96,1,0.40457646966052374,ml_scalp1,2026-07
1589456,long,2026-07-02 15:40:00,2026-07-02 15:41:00,2026-07-02 15:42:00,4125.724,4126.724,TP,0.76,1,0.40427450862104325,ml_scalp1,2026-07
1589468,long,2026-07-02 15:52:00,2026-07-02 15:53:00,2026-07-02 15:54:00,4124.603,4125.603,TP,0.76,1,0.41182243951786435,ml_scalp1,2026-07
1589481,long,2026-07-02 16:05:00,2026-07-02 16:06:00,2026-07-02 16:07:00,4125.253,4124.532999999999,SL,-0.96,1,0.40679016061911766,ml_scalp1,2026-07
1589499,long,2026-07-02 16:23:00,2026-07-02 16:24:00,2026-07-02 16:25:00,4117.994,4117.273999999999,SL,-0.96,1,0.4064697422000121,ml_scalp1,2026-07
1589994,long,2026-07-03 01:40:00,2026-07-03 01:41:00,2026-07-03 01:42:00,4182.982,4182.262,SL,-0.96,1,0.4048506717549998,ml_scalp1,2026-07
1590083,long,2026-07-03 03:09:00,2026-07-03 03:10:00,2026-07-03 03:11:00,4181.736,4182.736,TP,0.76,1,0.40462348092477407,ml_scalp1,2026-07
1590098,long,2026-07-03 03:24:00,2026-07-03 03:25:00,2026-07-03 03:26:00,4180.194,4181.194,TP,0.76,1,0.4041845620026249,ml_scalp1,2026-07
1590117,long,2026-07-03 03:43:00,2026-07-03 03:44:00,2026-07-03 03:46:00,4177.587,4176.867,SL,-0.96,2,0.4107042787432236,ml_scalp1,2026-07
1590134,long,2026-07-03 04:00:00,2026-07-03 04:01:00,2026-07-03 04:02:00,4175.661,4174.941,SL,-0.96,1,0.4184587225941842,ml_scalp1,2026-07
1590168,long,2026-07-03 04:34:00,2026-07-03 04:35:00,2026-07-03 04:37:00,4177.378,4176.657999999999,SL,-0.96,2,0.40404104408381236,ml_scalp1,2026-07
1590191,long,2026-07-03 04:57:00,2026-07-03 04:58:00,2026-07-03 05:00:00,4178.348,4179.348,TP,0.76,2,0.4073092336721272,ml_scalp1,2026-07
1590356,long,2026-07-03 07:42:00,2026-07-03 07:43:00,2026-07-03 07:44:00,4177.423,4178.423,TP,0.76,1,0.40651633062659553,ml_scalp1,2026-07
1590499,long,2026-07-03 10:05:00,2026-07-03 10:06:00,2026-07-03 10:07:00,4176.432,4177.432,TP,0.76,1,0.4046801550576304,ml_scalp1,2026-07
1590529,long,2026-07-03 10:35:00,2026-07-03 10:36:00,2026-07-03 10:37:00,4176.397,4175.677,SL,-0.96,1,0.4047535854426514,ml_scalp1,2026-07
1590541,long,2026-07-03 10:47:00,2026-07-03 10:48:00,2026-07-03 10:49:00,4176.501,4175.781,SL,-0.96,1,0.40927417076265876,ml_scalp1,2026-07
1590553,long,2026-07-03 10:59:00,2026-07-03 11:00:00,2026-07-03 11:01:00,4176.856,4176.1359999999995,SL,-0.96,1,0.4105282847789836,ml_scalp1,2026-07
1590603,long,2026-07-03 11:49:00,2026-07-03 11:50:00,2026-07-03 11:51:00,4184.261,4183.541,SL,-0.96,1,0.4141660444412326,ml_scalp1,2026-07
1590617,long,2026-07-03 12:03:00,2026-07-03 12:04:00,2026-07-03 12:06:00,4178.551,4179.551,TP,0.76,2,0.4208308741650454,ml_scalp1,2026-07
1590683,long,2026-07-03 13:09:00,2026-07-03 13:10:00,2026-07-03 13:11:00,4166.847,4167.847,TP,0.76,1,0.4178736147790617,ml_scalp1,2026-07
1590742,long,2026-07-03 14:08:00,2026-07-03 14:09:00,2026-07-03 14:10:00,4156.995,4157.995,TP,0.76,1,0.4163372681195415,ml_scalp1,2026-07
1590915,short,2026-07-05 22:02:00,2026-07-05 22:03:00,2026-07-05 22:04:00,4175.018,4175.798,SL,-1.04,1,0.36109578682269183,ml_scalp1,2026-07
1591019,long,2026-07-05 23:46:00,2026-07-05 23:47:00,2026-07-05 23:48:00,4185.649,4184.929,SL,-0.96,1,0.4087153986832655,ml_scalp1,2026-07
1591034,long,2026-07-06 00:01:00,2026-07-06 00:02:00,2026-07-06 00:03:00,4173.958,4174.958,TP,0.76,1,0.40524880721204726,ml_scalp1,2026-07
1591058,long,2026-07-06 00:25:00,2026-07-06 00:26:00,2026-07-06 00:27:00,4173.245,4172.525,SL,-0.96,1,0.4057783842247991,ml_scalp1,2026-07
1591084,long,2026-07-06 00:51:00,2026-07-06 00:52:00,2026-07-06 00:53:00,4183.201,4184.201,TP,0.76,1,0.407240525966039,ml_scalp1,2026-07
1591794,long,2026-07-06 12:41:00,2026-07-06 12:42:00,2026-07-06 12:43:00,4134.798,4134.0779999999995,SL,-0.96,1,0.4108378542515662,ml_scalp1,2026-07
1592351,long,2026-07-06 23:00:00,2026-07-06 23:01:00,2026-07-06 23:02:00,4164.026,4165.026,TP,0.76,1,0.40651703791972116,ml_scalp1,2026-07
1592363,long,2026-07-06 23:12:00,2026-07-06 23:13:00,2026-07-06 23:14:00,4163.865,4164.865,TP,0.76,1,0.43396627852970654,ml_scalp1,2026-07
1592411,long,2026-07-07 00:00:00,2026-07-07 00:01:00,2026-07-07 00:02:00,4156.158,4155.438,SL,-0.96,1,0.4047378421893373,ml_scalp1,2026-07
1592428,long,2026-07-07 00:17:00,2026-07-07 00:18:00,2026-07-07 00:19:00,4152.162,4153.162,TP,0.76,1,0.4044871562473854,ml_scalp1,2026-07
1592493,long,2026-07-07 01:22:00,2026-07-07 01:23:00,2026-07-07 01:24:00,4132.894,4132.174,SL,-0.96,1,0.4190631289252828,ml_scalp1,2026-07
1592712,long,2026-07-07 05:01:00,2026-07-07 05:02:00,2026-07-07 05:03:00,4123.17,4124.17,TP,0.76,1,0.4071204061802113,ml_scalp1,2026-07
1593207,long,2026-07-07 13:16:00,2026-07-07 13:17:00,2026-07-07 13:18:00,4169.272,4168.552,SL,-0.96,1,0.4059095667896465,ml_scalp1,2026-07
1593222,long,2026-07-07 13:31:00,2026-07-07 13:32:00,2026-07-07 13:33:00,4169.724,4169.004,SL,-0.96,1,0.4074580537596932,ml_scalp1,2026-07
1593286,long,2026-07-07 14:35:00,2026-07-07 14:36:00,2026-07-07 14:37:00,4147.699,4148.699,TP,0.76,1,0.40603897659557425,ml_scalp1,2026-07
1593540,long,2026-07-07 18:49:00,2026-07-07 18:50:00,2026-07-07 18:51:00,4134.911,4134.191,SL,-0.96,1,0.4113995747349792,ml_scalp1,2026-07
1593673,short,2026-07-07 22:04:00,2026-07-07 22:05:00,2026-07-07 22:06:00,4105.023,4104.023,TP,0.74,1,0.3612293891758948,ml_scalp1,2026-07
1593698,long,2026-07-07 22:29:00,2026-07-07 22:30:00,2026-07-07 22:34:00,4099.5,4098.78,SL,-0.96,4,0.4082850182952268,ml_scalp1,2026-07
1594005,long,2026-07-08 03:36:00,2026-07-08 03:37:00,2026-07-08 03:39:00,4127.121,4126.401,SL,-0.96,2,0.40393707964289044,ml_scalp1,2026-07
1594025,long,2026-07-08 03:56:00,2026-07-08 03:57:00,2026-07-08 03:58:00,4123.805,4123.085,SL,-0.96,1,0.40404394261378174,ml_scalp1,2026-07
1594325,long,2026-07-08 08:56:00,2026-07-08 08:57:00,2026-07-08 08:58:00,4056.536,4055.8160000000003,SL,-0.96,1,0.41102061856926253,ml_scalp1,2026-07
1594372,long,2026-07-08 09:43:00,2026-07-08 09:44:00,2026-07-08 09:45:00,4045.628,4046.628,TP,0.76,1,0.42606512818599324,ml_scalp1,2026-07
1594972,long,2026-07-08 19:43:00,2026-07-08 19:44:00,2026-07-08 19:45:00,4084.053,4083.333,SL,-0.96,1,0.40480986423391463,ml_scalp1,2026-07
1595047,long,2026-07-08 22:00:00,2026-07-08 22:01:00,2026-07-08 22:02:00,4077.247,4078.247,TP,0.52,1,0.4067125647377315,ml_scalp1,2026-07
1595176,long,2026-07-09 00:09:00,2026-07-09 00:10:00,2026-07-09 00:11:00,4077.575,4078.575,TP,0.76,1,0.40418381662059766,ml_scalp1,2026-07
1595188,long,2026-07-09 00:21:00,2026-07-09 00:22:00,2026-07-09 00:23:00,4082.585,4081.8650000000002,SL,-0.96,1,0.4176613460870335,ml_scalp1,2026-07
1595221,long,2026-07-09 00:54:00,2026-07-09 00:55:00,2026-07-09 00:56:00,4070.507,4071.507,TP,0.76,1,0.4045688235272685,ml_scalp1,2026-07
1595305,long,2026-07-09 02:18:00,2026-07-09 02:19:00,2026-07-09 02:20:00,4080.617,4079.8970000000004,SL,-0.96,1,0.41356428153881974,ml_scalp1,2026-07
1595417,long,2026-07-09 04:10:00,2026-07-09 04:11:00,2026-07-09 04:12:00,4061.808,4062.808,TP,0.76,1,0.4100868135290704,ml_scalp1,2026-07
1596263,long,2026-07-09 18:16:00,2026-07-09 18:17:00,2026-07-09 18:18:00,4127.345,4126.625,SL,-0.96,1,0.41028249755056917,ml_scalp1,2026-07
1596277,long,2026-07-09 18:30:00,2026-07-09 18:31:00,2026-07-09 18:33:00,4123.215,4124.215,TP,0.76,2,0.40540151037370475,ml_scalp1,2026-07
1597074,long,2026-07-10 08:49:00,2026-07-10 08:50:00,2026-07-10 08:51:00,4095.928,4096.928,TP,0.76,1,0.4074850003150211,ml_scalp1,2026-07
1597803,long,2026-07-12 22:01:00,2026-07-12 22:02:00,2026-07-12 22:03:00,4095.708,4094.688,SL,-1.36,1,0.4313790379164357,ml_scalp1,2026-07
1597815,long,2026-07-12 22:13:00,2026-07-12 22:14:00,2026-07-12 22:15:00,4083.884,4083.104,SL,-1.04,1,0.4066061061425305,ml_scalp1,2026-07
1597827,long,2026-07-12 22:25:00,2026-07-12 22:26:00,2026-07-12 22:27:00,4081.205,4082.205,TP,0.76,1,0.4304979653437542,ml_scalp1,2026-07
1597842,long,2026-07-12 22:40:00,2026-07-12 22:41:00,2026-07-12 22:45:00,4078.906,4078.186,SL,-0.96,4,0.4165011200151938,ml_scalp1,2026-07
1597862,long,2026-07-12 23:00:00,2026-07-12 23:01:00,2026-07-12 23:02:00,4072.807,4072.087,SL,-0.96,1,0.41096020891473123,ml_scalp1,2026-07
1597951,long,2026-07-13 00:29:00,2026-07-13 00:30:00,2026-07-13 00:31:00,4074.641,4073.9210000000003,SL,-0.96,1,0.4095783899012525,ml_scalp1,2026-07
1598113,long,2026-07-13 03:11:00,2026-07-13 03:12:00,2026-07-13 03:13:00,4055.27,4054.55,SL,-0.96,1,0.4166298678774592,ml_scalp1,2026-07
1598287,long,2026-07-13 06:05:00,2026-07-13 06:06:00,2026-07-13 06:07:00,4048.161,4047.4410000000003,SL,-0.96,1,0.41549428621487966,ml_scalp1,2026-07
1598563,long,2026-07-13 10:41:00,2026-07-13 10:42:00,2026-07-13 10:43:00,4053.094,4054.094,TP,0.76,1,0.43519640975436,ml_scalp1,2026-07
1598915,long,2026-07-13 16:33:00,2026-07-13 16:34:00,2026-07-13 16:35:00,3995.419,3994.699,SL,-0.96,1,0.4085789936990833,ml_scalp1,2026-07
1599328,long,2026-07-14 00:28:00,2026-07-14 00:29:00,2026-07-14 00:30:00,3995.416,3994.6960000000004,SL,-0.96,1,0.40474640348419416,ml_scalp1,2026-07
1600051,short,2026-07-14 12:31:00,2026-07-14 12:32:00,2026-07-14 12:33:00,4092.627,4093.647,SL,-1.36,1,0.36242471112544566,ml_scalp1,2026-07
1600084,long,2026-07-14 13:04:00,2026-07-14 13:05:00,2026-07-14 13:06:00,4072.527,4073.527,TP,0.76,1,0.4046185462568527,ml_scalp1,2026-07
1600113,long,2026-07-14 13:33:00,2026-07-14 13:34:00,2026-07-14 13:35:00,4077.052,4078.052,TP,0.76,1,0.4060421737870089,ml_scalp1,2026-07
1600127,long,2026-07-14 13:47:00,2026-07-14 13:48:00,2026-07-14 13:49:00,4083.721,4083.001,SL,-0.96,1,0.4110285435263071,ml_scalp1,2026-07
1600144,long,2026-07-14 14:04:00,2026-07-14 14:05:00,2026-07-14 14:06:00,4073.966,4074.966,TP,0.76,1,0.4063683886540454,ml_scalp1,2026-07
1600157,long,2026-07-14 14:17:00,2026-07-14 14:18:00,2026-07-14 14:19:00,4072.397,4073.397,TP,0.76,1,0.4101687770846561,ml_scalp1,2026-07
1600184,long,2026-07-14 14:44:00,2026-07-14 14:45:00,2026-07-14 14:46:00,4079.856,4080.856,TP,0.76,1,0.4055668803568289,ml_scalp1,2026-07
1600198,long,2026-07-14 14:58:00,2026-07-14 14:59:00,2026-07-14 15:00:00,4084.966,4084.246,SL,-0.96,1,0.40727320398429695,ml_scalp1,2026-07
1600210,long,2026-07-14 15:10:00,2026-07-14 15:11:00,2026-07-14 15:12:00,4093.916,4093.1960000000004,SL,-0.96,1,0.42259102701683865,ml_scalp1,2026-07
1600222,long,2026-07-14 15:22:00,2026-07-14 15:23:00,2026-07-14 15:24:00,4087.857,4087.137,SL,-0.96,1,0.4280655703876748,ml_scalp1,2026-07
1600234,long,2026-07-14 15:34:00,2026-07-14 15:35:00,2026-07-14 15:36:00,4081.538,4080.818,SL,-0.96,1,0.43063630799821007,ml_scalp1,2026-07
1600246,long,2026-07-14 15:46:00,2026-07-14 15:47:00,2026-07-14 15:48:00,4073.266,4072.5460000000003,SL,-0.96,1,0.4238780046864044,ml_scalp1,2026-07
1600260,long,2026-07-14 16:00:00,2026-07-14 16:01:00,2026-07-14 16:02:00,4063.29,4064.29,TP,0.76,1,0.4124693422636954,ml_scalp1,2026-07
1600335,long,2026-07-14 17:15:00,2026-07-14 17:16:00,2026-07-14 17:17:00,4054.255,4055.255,TP,0.76,1,0.4049724237324147,ml_scalp1,2026-07
1600421,long,2026-07-14 18:41:00,2026-07-14 18:42:00,2026-07-14 18:43:00,4047.333,4046.6130000000003,SL,-0.96,1,0.41504214922402066,ml_scalp1,2026-07
1600779,long,2026-07-15 01:41:00,2026-07-15 01:42:00,2026-07-15 01:43:00,4039.602,4038.882,SL,-0.96,1,0.40507953355320114,ml_scalp1,2026-07
1600798,long,2026-07-15 02:00:00,2026-07-15 02:01:00,2026-07-15 02:02:00,4035.755,4035.0350000000003,SL,-0.96,1,0.40402925983923416,ml_scalp1,2026-07
1600862,long,2026-07-15 03:04:00,2026-07-15 03:05:00,2026-07-15 03:06:00,4039.312,4038.592,SL,-0.96,1,0.4071557806811674,ml_scalp1,2026-07
1600888,long,2026-07-15 03:30:00,2026-07-15 03:31:00,2026-07-15 03:32:00,4028.46,4029.46,TP,0.76,1,0.4264578118929716,ml_scalp1,2026-07
1601034,long,2026-07-15 05:56:00,2026-07-15 05:57:00,2026-07-15 05:59:00,4033.348,4034.348,TP,0.76,2,0.409516904691329,ml_scalp1,2026-07
1601047,long,2026-07-15 06:09:00,2026-07-15 06:10:00,2026-07-15 06:11:00,4029.782,4029.0620000000004,SL,-0.96,1,0.40644718316122164,ml_scalp1,2026-07
1601079,long,2026-07-15 06:41:00,2026-07-15 06:42:00,2026-07-15 06:43:00,4030.785,4030.065,SL,-0.96,1,0.40391729578229824,ml_scalp1,2026-07
1601091,long,2026-07-15 06:53:00,2026-07-15 06:54:00,2026-07-15 06:55:00,4032.669,4031.949,SL,-0.96,1,0.41423390248008546,ml_scalp1,2026-07
1601103,long,2026-07-15 07:05:00,2026-07-15 07:06:00,2026-07-15 07:07:00,4031.913,4031.193,SL,-0.96,1,0.41011789040442753,ml_scalp1,2026-07
1601484,long,2026-07-15 13:26:00,2026-07-15 13:27:00,2026-07-15 13:28:00,4055.413,4056.413,TP,0.76,1,0.40802275826433954,ml_scalp1,2026-07
1601499,long,2026-07-15 13:41:00,2026-07-15 13:42:00,2026-07-15 13:43:00,4061.478,4060.7580000000003,SL,-0.96,1,0.4046089742589422,ml_scalp1,2026-07
1601528,long,2026-07-15 14:10:00,2026-07-15 14:11:00,2026-07-15 14:12:00,4063.344,4064.344,TP,0.76,1,0.40457668564565447,ml_scalp1,2026-07
1601553,long,2026-07-15 14:35:00,2026-07-15 14:36:00,2026-07-15 14:37:00,4062.369,4061.6490000000003,SL,-0.96,1,0.40449240491094324,ml_scalp1,2026-07
1601591,long,2026-07-15 15:13:00,2026-07-15 15:14:00,2026-07-15 15:15:00,4047.81,4047.09,SL,-0.96,1,0.41077359346329445,ml_scalp1,2026-07
1601657,long,2026-07-15 16:19:00,2026-07-15 16:20:00,2026-07-15 16:21:00,4033.99,4033.27,SL,-0.96,1,0.40816363477270184,ml_scalp1,2026-07
1601672,long,2026-07-15 16:34:00,2026-07-15 16:35:00,2026-07-15 16:36:00,4031.04,4030.32,SL,-0.96,1,0.4082185651860495,ml_scalp1,2026-07
1602115,long,2026-07-16 00:59:00,2026-07-16 01:00:00,2026-07-16 01:01:00,4044.711,4043.991,SL,-0.96,1,0.4123763145183961,ml_scalp1,2026-07
1602133,long,2026-07-16 01:17:00,2026-07-16 01:18:00,2026-07-16 01:20:00,4040.266,4041.266,TP,0.76,2,0.4088218726304076,ml_scalp1,2026-07
1602227,long,2026-07-16 02:51:00,2026-07-16 02:52:00,2026-07-16 02:53:00,4025.556,4026.556,TP,0.76,1,0.40849892040400665,ml_scalp1,2026-07
1602417,long,2026-07-16 06:01:00,2026-07-16 06:02:00,2026-07-16 06:03:00,4030.768,4031.768,TP,0.76,1,0.4171316333361995,ml_scalp1,2026-07
1602472,long,2026-07-16 06:56:00,2026-07-16 06:57:00,2026-07-16 06:58:00,4031.103,4030.3830000000003,SL,-0.96,1,0.40696156282627316,ml_scalp1,2026-07
1602517,long,2026-07-16 07:41:00,2026-07-16 07:42:00,2026-07-16 07:44:00,4026.797,4026.077,SL,-0.96,2,0.4053060111738033,ml_scalp1,2026-07
1602531,long,2026-07-16 07:55:00,2026-07-16 07:56:00,2026-07-16 07:58:00,4029.358,4030.358,TP,0.76,2,0.40619041167295217,ml_scalp1,2026-07
1602558,long,2026-07-16 08:22:00,2026-07-16 08:23:00,2026-07-16 08:24:00,4031.768,4031.0480000000002,SL,-0.96,1,0.4047439650556897,ml_scalp1,2026-07
1602816,long,2026-07-16 12:40:00,2026-07-16 12:41:00,2026-07-16 12:42:00,4009.229,4008.509,SL,-0.96,1,0.40464830669465285,ml_scalp1,2026-07
1603028,long,2026-07-16 16:12:00,2026-07-16 16:13:00,2026-07-16 16:14:00,3993.095,3992.375,SL,-0.96,1,0.40727990132362274,ml_scalp1,2026-07
1603108,long,2026-07-16 17:32:00,2026-07-16 17:33:00,2026-07-16 17:34:00,3984.564,3983.844,SL,-0.96,1,0.4064894342152362,ml_scalp1,2026-07
1603170,long,2026-07-16 18:34:00,2026-07-16 18:35:00,2026-07-16 18:36:00,3979.297,3978.577,SL,-0.96,1,0.4056876475079349,ml_scalp1,2026-07
1603231,long,2026-07-16 19:35:00,2026-07-16 19:36:00,2026-07-16 19:37:00,3970.791,3971.791,TP,0.76,1,0.4196442193262671,ml_scalp1,2026-07
1603314,long,2026-07-16 22:00:00,2026-07-16 22:01:00,2026-07-16 22:03:00,3977.488,3978.488,TP,0.52,2,0.45862611136756154,ml_scalp1,2026-07
1603397,long,2026-07-16 23:23:00,2026-07-16 23:24:00,2026-07-16 23:25:00,3977.981,3978.981,TP,0.76,1,0.40758285893575164,ml_scalp1,2026-07
1603462,long,2026-07-17 00:28:00,2026-07-17 00:29:00,2026-07-17 00:30:00,3985.707,3984.987,SL,-0.96,1,0.40507025210908937,ml_scalp1,2026-07
1603496,long,2026-07-17 01:02:00,2026-07-17 01:03:00,2026-07-17 01:04:00,3988.254,3989.254,TP,0.76,1,0.40742634231756975,ml_scalp1,2026-07
1603622,long,2026-07-17 03:08:00,2026-07-17 03:09:00,2026-07-17 03:10:00,3989.146,3988.4260000000004,SL,-0.96,1,0.4066049039343422,ml_scalp1,2026-07
1604193,long,2026-07-17 12:39:00,2026-07-17 12:40:00,2026-07-17 12:41:00,3977.755,3977.0350000000003,SL,-0.96,1,0.4150852558452646,ml_scalp1,2026-07
1604214,long,2026-07-17 13:00:00,2026-07-17 13:01:00,2026-07-17 13:02:00,3965.166,3964.4460000000004,SL,-0.96,1,0.40569072222923386,ml_scalp1,2026-07
1604452,long,2026-07-17 16:58:00,2026-07-17 16:59:00,2026-07-17 17:00:00,4015.393,4016.393,TP,0.76,1,0.40853969402128903,ml_scalp1,2026-07
