row,dir,signal_time,entry_time,exit_time,entry_px,exit_px,outcome,pnl,dur_m1,prob,variant,fold
182912,long,2024-08-01 05:00:00,2024-08-01 05:05:00,2024-08-01 07:03:00,2444.537,2442.2934039635416,SL,-2.423596036458345,118,0.3349949654473453,ml_v3ma10,2024-08
183624,long,2024-08-05 18:25:00,2024-08-05 18:30:00,2024-08-06 00:48:00,2405.792,2417.0579375,TP,11.085937500000068,315,0.3297914452928703,ml_v3ma10,2024-08
183949,long,2024-08-06 23:30:00,2024-08-06 23:35:00,2024-08-06 23:51:00,2385.605,2382.8789573010417,SL,-2.9060426989583426,16,0.3301385997742188,ml_v3ma10,2024-08
184135,short,2024-08-07 15:00:00,2024-08-07 15:05:00,2024-08-07 15:32:00,2400.292,2394.0019583333333,TP,6.110041666666696,27,0.29613611398754724,ml_v3ma10,2024-08
184149,short,2024-08-07 16:10:00,2024-08-07 16:15:00,2024-08-07 16:51:00,2395.81,2398.0875576274307,SL,-2.4575576274305693,36,0.29814417956886896,ml_v3ma10,2024-08
184551,long,2024-08-09 03:40:00,2024-08-09 03:45:00,2024-08-09 05:45:00,2420.774,2418.5854893625,SL,-2.368510637500002,120,0.3297061225151874,ml_v3ma10,2024-08
184580,long,2024-08-09 06:05:00,2024-08-09 06:10:00,2024-08-09 07:26:00,2418.684,2424.458104166667,TP,5.59410416666667,76,0.33089991966389865,ml_v3ma10,2024-08
184598,long,2024-08-09 07:35:00,2024-08-09 07:40:00,2024-08-09 10:44:00,2423.868,2429.57984375,TP,5.53184375,184,0.3304863861096241,ml_v3ma10,2024-08
184682,short,2024-08-09 14:35:00,2024-08-09 14:40:00,2024-08-09 14:51:00,2433.058,2427.524875,TP,5.353124999999975,11,0.29586220084248194,ml_v3ma10,2024-08
184687,short,2024-08-09 15:00:00,2024-08-09 15:05:00,2024-08-09 15:42:00,2428.795,2430.878526542014,SL,-2.2635265420138837,37,0.30143502651272425,ml_v3ma10,2024-08
184773,short,2024-08-11 23:15:00,2024-08-11 23:20:00,2024-08-12 02:04:00,2428.904,2423.963041666667,TP,4.760958333333309,164,0.30017182357414374,ml_v3ma10,2024-08
184809,short,2024-08-12 02:15:00,2024-08-12 02:20:00,2024-08-12 03:52:00,2426.587,2428.483086973611,SL,-2.0760869736111016,92,0.3000785183133665,ml_v3ma10,2024-08
184830,short,2024-08-12 04:00:00,2024-08-12 04:05:00,2024-08-12 04:27:00,2428.833,2430.651893602778,SL,-1.9988936027777726,22,0.3028699677409712,ml_v3ma10,2024-08
184837,short,2024-08-12 04:35:00,2024-08-12 04:40:00,2024-08-12 05:01:00,2431.883,2433.6947584145832,SL,-1.9917584145833325,21,0.30882603637595807,ml_v3ma10,2024-08
184844,short,2024-08-12 05:10:00,2024-08-12 05:15:00,2024-08-12 05:59:00,2432.588,2434.3867738006948,SL,-1.9787738006944458,44,0.3030403984605753,ml_v3ma10,2024-08
184899,short,2024-08-12 09:45:00,2024-08-12 09:50:00,2024-08-12 10:40:00,2442.563,2444.3489598281253,SL,-1.9659598281250004,50,0.2969597438576286,ml_v3ma10,2024-08
184912,short,2024-08-12 10:50:00,2024-08-12 10:55:00,2024-08-12 13:19:00,2443.796,2445.5768048729165,SL,-1.9608048729166707,144,0.2971374402048652,ml_v3ma10,2024-08
184943,short,2024-08-12 13:25:00,2024-08-12 13:30:00,2024-08-12 13:31:00,2445.982,2447.7387126996528,SL,-1.936712699652782,1,0.3007025546830379,ml_v3ma10,2024-08
184946,short,2024-08-12 13:40:00,2024-08-12 13:45:00,2024-08-12 13:46:00,2452.019,2453.7913521749997,SL,-1.9513521750000038,1,0.3027979612213195,ml_v3ma10,2024-08
184949,short,2024-08-12 13:55:00,2024-08-12 14:00:00,2024-08-12 14:13:00,2454.137,2449.4045208333337,TP,4.552479166666679,13,0.2987634122234405,ml_v3ma10,2024-08
184954,short,2024-08-12 14:20:00,2024-08-12 14:25:00,2024-08-12 14:26:00,2445.924,2447.746298492361,SL,-1.9932984923611194,1,0.29792619048176416,ml_v3ma10,2024-08
184958,short,2024-08-12 14:40:00,2024-08-12 14:45:00,2024-08-12 14:49:00,2451.653,2453.465135412847,SL,-1.98113541284723,4,0.298723015175444,ml_v3ma10,2024-08
184961,short,2024-08-12 14:55:00,2024-08-12 15:00:00,2024-08-12 15:07:00,2453.259,2455.052817265625,SL,-1.9628172656250078,7,0.2984615892034591,ml_v3ma10,2024-08
184965,short,2024-08-12 15:15:00,2024-08-12 15:20:00,2024-08-12 15:24:00,2458.07,2459.856174121875,SL,-1.955174121875008,4,0.2991160333019317,ml_v3ma10,2024-08
184968,short,2024-08-12 15:30:00,2024-08-12 15:35:00,2024-08-12 15:40:00,2459.978,2455.267260416667,TP,4.541739583333355,5,0.29814537166176447,ml_v3ma10,2024-08
184976,short,2024-08-12 16:10:00,2024-08-12 16:15:00,2024-08-12 17:35:00,2464.516,2466.3125237163194,SL,-1.9655237163194512,80,0.29814537166176447,ml_v3ma10,2024-08
185209,short,2024-08-13 12:35:00,2024-08-13 12:40:00,2024-08-13 12:53:00,2471.05,2466.0819270833335,TP,4.799072916666677,13,0.29607138334332117,ml_v3ma10,2024-08
185214,short,2024-08-13 13:00:00,2024-08-13 13:05:00,2024-08-13 13:13:00,2467.347,2469.27471514375,SL,-2.096715143750004,8,0.30263756512222895,ml_v3ma10,2024-08
185218,short,2024-08-13 13:20:00,2024-08-13 13:25:00,2024-08-13 13:29:00,2464.851,2466.826129620139,SL,-2.1441296201388957,4,0.3010909288984359,ml_v3ma10,2024-08
185600,long,2024-08-14 23:10:00,2024-08-14 23:15:00,2024-08-15 00:37:00,2447.446,2452.8931041666665,TP,5.278104166666682,82,0.33463662198924937,ml_v3ma10,2024-08
185620,long,2024-08-15 00:50:00,2024-08-15 00:55:00,2024-08-15 00:59:00,2452.38,2450.2787188239586,SL,-2.2702811760416695,4,0.33070017136602703,ml_v3ma10,2024-08
185658,long,2024-08-15 04:00:00,2024-08-15 04:05:00,2024-08-15 05:05:00,2454.678,2452.637379828819,SL,-2.2096201711805596,60,0.33069776644879967,ml_v3ma10,2024-08
185673,long,2024-08-15 05:15:00,2024-08-15 05:20:00,2024-08-15 05:33:00,2453.029,2451.0075948350695,SL,-2.190405164930565,13,0.3416831909926667,ml_v3ma10,2024-08
185678,long,2024-08-15 05:40:00,2024-08-15 05:45:00,2024-08-15 06:13:00,2452.372,2457.6836666666663,TP,5.1426666666666865,28,0.33094863142089487,ml_v3ma10,2024-08
185697,long,2024-08-15 07:15:00,2024-08-15 07:20:00,2024-08-15 08:18:00,2455.783,2453.715176427778,SL,-2.2368235722222356,58,0.32769686223022365,ml_v3ma10,2024-08
186183,short,2024-08-19 01:50:00,2024-08-19 01:55:00,2024-08-19 02:36:00,2497.999,2500.2767123951385,SL,-2.457712395138891,41,0.2986221302742821,ml_v3ma10,2024-08
186451,short,2024-08-20 01:10:00,2024-08-20 01:15:00,2024-08-20 01:22:00,2502.92,2504.8858554628473,SL,-2.1458554628472237,7,0.3022705099839982,ml_v3ma10,2024-08
186455,short,2024-08-20 01:30:00,2024-08-20 01:35:00,2024-08-20 02:12:00,2504.034,2498.8580833333335,TP,4.995916666666661,37,0.29998029091547096,ml_v3ma10,2024-08
186602,short,2024-08-20 13:45:00,2024-08-20 13:50:00,2024-08-20 13:51:00,2526.859,2528.903786994097,SL,-2.2247869940972183,1,0.29882291256008753,ml_v3ma10,2024-08
186605,short,2024-08-20 14:00:00,2024-08-20 14:05:00,2024-08-20 14:21:00,2529.694,2524.3360625,TP,5.177937499999996,16,0.2975308924776138,ml_v3ma10,2024-08
186616,short,2024-08-20 14:55:00,2024-08-20 15:00:00,2024-08-20 15:02:00,2523.823,2518.4788645833332,TP,5.164135416666637,2,0.2982891529661239,ml_v3ma10,2024-08
186734,short,2024-08-21 01:45:00,2024-08-21 01:50:00,2024-08-21 02:08:00,2516.475,2518.7080202430557,SL,-2.4130202430555476,18,0.29715262113110047,ml_v3ma10,2024-08
186740,short,2024-08-21 02:15:00,2024-08-21 02:20:00,2024-08-21 03:30:00,2519.026,2513.2209791666664,TP,5.625020833333312,70,0.2994268824411379,ml_v3ma10,2024-08
186757,short,2024-08-21 03:40:00,2024-08-21 03:45:00,2024-08-21 06:29:00,2516.417,2518.6288369090275,SL,-2.3918369090277767,164,0.297497657518544,ml_v3ma10,2024-08
187237,long,2024-08-22 20:40:00,2024-08-22 20:45:00,2024-08-23 00:37:00,2483.767,2489.191083333333,TP,5.244083333333352,169,0.3280670609473483,ml_v3ma10,2024-08
187541,short,2024-08-26 00:05:00,2024-08-26 00:10:00,2024-08-26 03:38:00,2515.458,2510.159666666667,TP,5.138333333333327,208,0.29637594794647876,ml_v3ma10,2024-08
187585,short,2024-08-26 03:45:00,2024-08-26 03:50:00,2024-08-26 06:29:00,2510.729,2512.7584570541667,SL,-2.1894570541666667,159,0.32051259986777936,ml_v3ma10,2024-08
187691,short,2024-08-26 12:35:00,2024-08-26 12:40:00,2024-08-26 12:42:00,2524.061,2526.107648175,SL,-2.206648174999985,2,0.2965894052984779,ml_v3ma10,2024-08
187698,short,2024-08-26 13:10:00,2024-08-26 13:15:00,2024-08-26 13:48:00,2525.214,2519.7578020833334,TP,5.296197916666629,33,0.3005629658561767,ml_v3ma10,2024-08
188362,long,2024-08-28 23:30:00,2024-08-28 23:35:00,2024-08-29 00:16:00,2507.152,2511.9791041666667,TP,4.667104166666662,41,0.3393925567366065,ml_v3ma10,2024-08
188891,long,2024-08-30 20:35:00,2024-08-30 20:40:00,2024-09-02 01:00:00,2502.4,2500.4977818440975,SL,-2.0622181559027863,193,0.3310962987610213,ml_v3ma10,2024-08
188914,long,2024-09-01 23:35:00,2024-09-01 23:40:00,2024-09-02 00:59:00,2503.181,2501.279103284722,SL,-2.0618967152777876,79,0.33218053218951815,ml_v3ma10,2024-09
188935,short,2024-09-02 01:20:00,2024-09-02 01:25:00,2024-09-02 01:43:00,2503.76,2498.6104270833334,TP,4.98957291666669,18,0.2932246694987577,ml_v3ma10,2024-09
189010,short,2024-09-02 07:35:00,2024-09-02 07:40:00,2024-09-02 08:02:00,2497.175,2499.2305889864583,SL,-2.215588986458337,22,0.2939915738196631,ml_v3ma10,2024-09
189038,short,2024-09-02 09:55:00,2024-09-02 10:00:00,2024-09-02 10:13:00,2498.851,2500.9176251145836,SL,-2.226625114583341,13,0.29298325694515903,ml_v3ma10,2024-09
189044,short,2024-09-02 10:25:00,2024-09-02 10:30:00,2024-09-02 12:24:00,2499.616,2501.674608940972,SL,-2.2186089409722243,114,0.2919616631360312,ml_v3ma10,2024-09
189077,short,2024-09-02 13:10:00,2024-09-02 13:15:00,2024-09-02 13:36:00,2499.772,2501.789420888542,SL,-2.1774208885416653,21,0.2958965382666846,ml_v3ma10,2024-09
189085,short,2024-09-02 13:50:00,2024-09-02 13:55:00,2024-09-02 14:57:00,2500.393,2502.363391347222,SL,-2.1303913472222167,62,0.2927672795148154,ml_v3ma10,2024-09
190102,short,2024-09-06 10:10:00,2024-09-06 10:15:00,2024-09-06 11:51:00,2519.049,2514.83934375,TP,4.049656250000023,96,0.2916880778165122,ml_v3ma10,2024-09
190134,short,2024-09-06 12:50:00,2024-09-06 12:55:00,2024-09-06 12:56:00,2521.783,2523.5433437881943,SL,-1.9203437881944505,1,0.2917943230958243,ml_v3ma10,2024-09
190227,long,2024-09-06 20:35:00,2024-09-06 20:40:00,2024-09-09 03:47:00,2496.47,2499.72,TIMEOUT,3.09,360,0.33766820561288846,ml_v3ma10,2024-09
190333,short,2024-09-09 06:30:00,2024-09-09 06:35:00,2024-09-09 06:39:00,2489.275,2491.6956026739585,SL,-2.580602673958368,4,0.29215332071240363,ml_v3ma10,2024-09
190344,short,2024-09-09 07:25:00,2024-09-09 07:30:00,2024-09-09 07:33:00,2493.586,2496.0467073524305,SL,-2.620707352430593,3,0.291785844335105,ml_v3ma10,2024-09
190452,short,2024-09-09 16:25:00,2024-09-09 16:30:00,2024-09-09 16:58:00,2501.844,2503.88629086875,SL,-2.202290868750022,28,0.2917124561162253,ml_v3ma10,2024-09
190724,short,2024-09-10 16:05:00,2024-09-10 16:10:00,2024-09-10 16:11:00,2511.186,2512.7131009149307,SL,-1.687100914930527,1,0.2921600720973273,ml_v3ma10,2024-09
190788,long,2024-09-10 22:25:00,2024-09-10 22:30:00,2024-09-11 01:05:00,2516.694,2515.2444218333335,SL,-1.6095781666666296,155,0.33305729655231964,ml_v3ma10,2024-09
190867,long,2024-09-11 05:00:00,2024-09-11 05:05:00,2024-09-11 06:10:00,2520.009,2523.9160416666664,TP,3.747041666666572,65,0.3429554385806518,ml_v3ma10,2024-09
190883,long,2024-09-11 06:20:00,2024-09-11 06:25:00,2024-09-11 06:40:00,2524.729,2528.7395729166665,TP,3.8505729166665796,15,0.3316082144005651,ml_v3ma10,2024-09
191647,short,2024-09-16 01:05:00,2024-09-16 01:10:00,2024-09-16 01:36:00,2580.773,2582.7419230381947,SL,-2.128923038194423,26,0.29202146461518075,ml_v3ma10,2024-09
191659,short,2024-09-16 02:05:00,2024-09-16 02:10:00,2024-09-16 02:18:00,2581.958,2583.895445667361,SL,-2.097445667361087,8,0.2980356626799848,ml_v3ma10,2024-09
191720,short,2024-09-16 07:10:00,2024-09-16 07:15:00,2024-09-16 07:45:00,2581.757,2583.619518254514,SL,-2.022518254513867,30,0.2937419197650214,ml_v3ma10,2024-09
191729,short,2024-09-16 07:55:00,2024-09-16 08:00:00,2024-09-16 08:15:00,2582.12,2583.96635495,SL,-2.006354949999979,15,0.29520440913155277,ml_v3ma10,2024-09
191750,short,2024-09-16 09:40:00,2024-09-16 09:45:00,2024-09-16 10:30:00,2585.693,2580.9905000000003,TP,4.542499999999925,45,0.2923863015265723,ml_v3ma10,2024-09
191802,short,2024-09-16 14:00:00,2024-09-16 14:05:00,2024-09-16 14:20:00,2584.022,2579.1547291666666,TP,4.707270833333274,15,0.29269331015064914,ml_v3ma10,2024-09
192355,short,2024-09-18 14:05:00,2024-09-18 14:10:00,2024-09-18 14:16:00,2574.649,2569.9458541666663,TP,4.543145833333376,6,0.29433951593353946,ml_v3ma10,2024-09
192504,long,2024-09-19 03:30:00,2024-09-19 03:35:00,2024-09-19 04:06:00,2564.798,2562.2615913961804,SL,-2.6964086038194583,31,0.333741008496957,ml_v3ma10,2024-09
193019,short,2024-09-23 00:30:00,2024-09-23 00:35:00,2024-09-23 01:41:00,2619.479,2621.481285400347,SL,-2.162285400347236,66,0.2930536531499174,ml_v3ma10,2024-09
193198,short,2024-09-23 15:25:00,2024-09-23 15:30:00,2024-09-23 18:05:00,2631.3,2626.044947916667,TP,5.095052083333325,155,0.29208798027947147,ml_v3ma10,2024-09
193307,short,2024-09-24 01:30:00,2024-09-24 01:35:00,2024-09-24 03:15:00,2629.525,2631.2562514274305,SL,-1.8912514274305539,100,0.29204644987416806,ml_v3ma10,2024-09
193620,long,2024-09-25 04:35:00,2024-09-25 04:40:00,2024-09-25 05:30:00,2658.524,2656.316254514236,SL,-2.367745485763902,50,0.3423741816115149,ml_v3ma10,2024-09
193633,long,2024-09-25 05:40:00,2024-09-25 05:45:00,2024-09-25 05:51:00,2656.664,2654.4496907760417,SL,-2.3743092239583468,6,0.34871353764278856,ml_v3ma10,2024-09
193638,long,2024-09-25 06:05:00,2024-09-25 06:10:00,2024-09-25 07:04:00,2655.522,2653.273756963889,SL,-2.408243036111124,54,0.34228296355571786,ml_v3ma10,2024-09
193742,short,2024-09-25 14:45:00,2024-09-25 14:50:00,2024-09-25 14:52:00,2660.414,2654.6476770833337,TP,5.606322916666691,2,0.2921065918298026,ml_v3ma10,2024-09
193745,short,2024-09-25 15:00:00,2024-09-25 15:05:00,2024-09-25 15:12:00,2658.206,2660.4115588958334,SL,-2.365558895833343,7,0.2942463687749167,ml_v3ma10,2024-09
194651,long,2024-09-30 22:35:00,2024-09-30 22:40:00,2024-10-01 04:40:00,2634.818,2639.902,TIMEOUT,4.9239999999998325,360,0.3314397786702499,ml_v3ma10,2024-09
194825,short,2024-10-01 13:05:00,2024-10-01 13:10:00,2024-10-01 13:11:00,2648.328,2650.1914508291666,SL,-2.0234508291666655,1,0.2831713759859462,ml_v3ma10,2024-10
194957,long,2024-10-02 01:05:00,2024-10-02 01:10:00,2024-10-02 03:46:00,2658.195,2656.082012035764,SL,-2.272987964236118,156,0.33154747081925556,ml_v3ma10,2024-10
194991,long,2024-10-02 03:55:00,2024-10-02 04:00:00,2024-10-02 04:22:00,2655.351,2653.234674609028,SL,-2.276325390972218,22,0.3354454615500576,ml_v3ma10,2024-10
194998,long,2024-10-02 04:30:00,2024-10-02 04:35:00,2024-10-02 05:28:00,2653.959,2651.8288209149305,SL,-2.290179085069446,53,0.34082956448439683,ml_v3ma10,2024-10
195812,short,2024-10-07 03:25:00,2024-10-07 03:30:00,2024-10-07 04:00:00,2645.473,2647.6980715322916,SL,-2.3850715322916747,30,0.2825556413663436,ml_v3ma10,2024-10
195854,short,2024-10-07 06:55:00,2024-10-07 07:00:00,2024-10-07 07:06:00,2643.158,2645.411683716319,SL,-2.4136837163194507,6,0.28146578533778677,ml_v3ma10,2024-10
195858,short,2024-10-07 07:15:00,2024-10-07 07:20:00,2024-10-07 07:25:00,2644.12,2646.3906605434026,SL,-2.4306605434027833,5,0.28440745710929827,ml_v3ma10,2024-10
196303,long,2024-10-08 22:20:00,2024-10-08 22:25:00,2024-10-09 02:07:00,2620.683,2618.158099764236,SL,-2.6849002357638994,222,0.33071378558447584,ml_v3ma10,2024-10
196378,long,2024-10-09 04:35:00,2024-10-09 04:40:00,2024-10-09 05:33:00,2617.011,2623.279270833333,TP,6.10827083333338,53,0.3327518289574478,ml_v3ma10,2024-10
196391,long,2024-10-09 05:40:00,2024-10-09 05:45:00,2024-10-09 06:01:00,2621.039,2618.6519263611112,SL,-2.547073638888909,16,0.3543183072381936,ml_v3ma10,2024-10
196471,short,2024-10-09 12:20:00,2024-10-09 12:25:00,2024-10-09 13:18:00,2618.473,2612.4381458333332,TP,5.874854166666737,53,0.28231369494995073,ml_v3ma10,2024-10
196573,long,2024-10-09 20:50:00,2024-10-09 20:55:00,2024-10-10 00:15:00,2608.28,2606.3846035284723,SL,-2.055396471527781,137,0.3309832469872761,ml_v3ma10,2024-10
196617,short,2024-10-10 01:30:00,2024-10-10 01:35:00,2024-10-10 01:41:00,2607.892,2609.7594668527777,SL,-2.0274668527777755,6,0.2860749860270281,ml_v3ma10,2024-10
196777,short,2024-10-10 14:50:00,2024-10-10 14:55:00,2024-10-10 14:58:00,2623.325,2625.304871861458,SL,-2.1398718614583214,3,0.2814912253578563,ml_v3ma10,2024-10
196780,short,2024-10-10 15:05:00,2024-10-10 15:10:00,2024-10-10 15:15:00,2622.965,2624.9547809631945,SL,-2.149780963194435,5,0.28241104423603014,ml_v3ma10,2024-10
196785,short,2024-10-10 15:30:00,2024-10-10 15:35:00,2024-10-10 15:48:00,2620.608,2622.5920664631944,SL,-2.1440664631944353,13,0.28299715160926775,ml_v3ma10,2024-10
197264,short,2024-10-14 09:30:00,2024-10-14 09:35:00,2024-10-14 10:11:00,2658.98,2660.8561695600692,SL,-2.0361695600694483,36,0.2829865866859813,ml_v3ma10,2024-10
197274,short,2024-10-14 10:20:00,2024-10-14 10:25:00,2024-10-14 11:18:00,2659.238,2654.28015625,TP,4.79784374999999,53,0.2832246625383754,ml_v3ma10,2024-10
197316,short,2024-10-14 13:50:00,2024-10-14 13:55:00,2024-10-14 14:04:00,2659.3,2654.170791666667,TP,4.9692083333333,9,0.282001545425262,ml_v3ma10,2024-10
197441,short,2024-10-15 01:15:00,2024-10-15 01:20:00,2024-10-15 01:36:00,2648.725,2650.5017293232636,SL,-1.93672932326388,16,0.28173558432707924,ml_v3ma10,2024-10
197447,short,2024-10-15 01:45:00,2024-10-15 01:50:00,2024-10-15 02:21:00,2649.205,2650.9946663163196,SL,-1.949666316319431,31,0.28313200669124317,ml_v3ma10,2024-10
197456,short,2024-10-15 02:30:00,2024-10-15 02:35:00,2024-10-15 03:18:00,2651.17,2646.5244375,TP,4.485562499999964,43,0.28410840527847003,ml_v3ma10,2024-10
197467,short,2024-10-15 03:25:00,2024-10-15 03:30:00,2024-10-15 05:02:00,2647.431,2642.7620104166667,TP,4.508989583333304,92,0.28277848679671425,ml_v3ma10,2024-10
197590,short,2024-10-15 13:40:00,2024-10-15 13:45:00,2024-10-15 13:59:00,2651.809,2646.94471875,TP,4.704281249999999,14,0.281839271779861,ml_v3ma10,2024-10
197870,short,2024-10-16 14:00:00,2024-10-16 14:05:00,2024-10-16 14:12:00,2676.508,2678.483447092361,SL,-2.134447092361127,7,0.281787996884193,ml_v3ma10,2024-10
197874,short,2024-10-16 14:20:00,2024-10-16 14:25:00,2024-10-16 14:42:00,2678.79,2673.6236458333333,TP,5.006354166666703,17,0.28163964092334703,ml_v3ma10,2024-10
198162,short,2024-10-17 15:20:00,2024-10-17 15:25:00,2024-10-17 15:26:00,2688.884,2690.7989567288196,SL,-2.0749567288194513,1,0.28253040253719286,ml_v3ma10,2024-10
198170,short,2024-10-17 16:00:00,2024-10-17 16:05:00,2024-10-17 16:31:00,2689.861,2684.8902291666664,TP,4.810770833333357,26,0.2836425059994121,ml_v3ma10,2024-10
198638,short,2024-10-21 09:05:00,2024-10-21 09:10:00,2024-10-21 09:21:00,2733.414,2735.3039081704865,SL,-2.0499081704861206,11,0.28183286428054766,ml_v3ma10,2024-10
198653,short,2024-10-21 10:20:00,2024-10-21 10:25:00,2024-10-21 10:49:00,2729.627,2731.538944711111,SL,-2.0719447111111253,24,0.2836548888643642,ml_v3ma10,2024-10
198689,short,2024-10-21 13:20:00,2024-10-21 13:25:00,2024-10-21 13:35:00,2736.679,2738.6531018038195,SL,-2.1341018038194606,10,0.2832944595774074,ml_v3ma10,2024-10
198694,short,2024-10-21 13:45:00,2024-10-21 13:50:00,2024-10-21 13:52:00,2737.611,2739.6006500059025,SL,-2.1496500059027905,2,0.2827230894525905,ml_v3ma10,2024-10
198697,short,2024-10-21 14:00:00,2024-10-21 14:05:00,2024-10-21 14:31:00,2737.411,2732.1663958333334,TP,5.0846041666667,26,0.28281887411674456,ml_v3ma10,2024-10
199099,short,2024-10-23 01:30:00,2024-10-23 01:35:00,2024-10-23 03:44:00,2742.067,2743.837621951389,SL,-1.9306219513888738,129,0.2839620629484728,ml_v3ma10,2024-10
199322,long,2024-10-23 20:05:00,2024-10-23 20:10:00,2024-10-23 23:37:00,2715.647,2721.096322916667,TP,5.289322916666702,144,0.3394619611785432,ml_v3ma10,2024-10
199652,short,2024-10-25 01:35:00,2024-10-25 01:40:00,2024-10-25 02:02:00,2733.07,2728.2943958333335,TP,4.615604166666658,22,0.2879652002985552,ml_v3ma10,2024-10
200305,short,2024-10-29 10:05:00,2024-10-29 10:10:00,2024-10-29 11:26:00,2750.963,2746.3932083333334,TP,4.409791666666698,76,0.2816286289652248,ml_v3ma10,2024-10
200338,short,2024-10-29 12:50:00,2024-10-29 12:55:00,2024-10-29 13:06:00,2752.215,2753.9416401434028,SL,-1.8866401434027877,11,0.2826468551119228,ml_v3ma10,2024-10
200751,short,2024-10-31 01:15:00,2024-10-31 01:20:00,2024-10-31 01:23:00,2787.32,2789.1541402062503,SL,-1.9941402062500366,3,0.2834522495205477,ml_v3ma10,2024-10
200754,short,2024-10-31 01:30:00,2024-10-31 01:35:00,2024-10-31 04:26:00,2788.121,2783.3007291666668,TP,4.660270833333419,171,0.28447491621328147,ml_v3ma10,2024-10
200977,long,2024-10-31 20:05:00,2024-10-31 20:10:00,2024-10-31 20:43:00,2747.391,2745.3238947086807,SL,-2.2271052913194573,33,0.3324036309798869,ml_v3ma10,2024-10
200986,long,2024-10-31 20:50:00,2024-10-31 20:55:00,2024-11-01 01:54:00,2743.558,2748.979083333333,TP,5.261083333333371,236,0.33587507563480923,ml_v3ma10,2024-10
201255,long,2024-11-01 20:15:00,2024-11-01 20:20:00,2024-11-03 23:24:00,2733.993,2739.4095208333333,TP,5.256520833333341,57,0.3296034308429727,ml_v3ma10,2024-11
201339,long,2024-11-04 05:20:00,2024-11-04 05:25:00,2024-11-04 05:33:00,2741.803,2739.6822141243056,SL,-2.280785875694456,8,0.3307769072435026,ml_v3ma10,2024-11
201731,short,2024-11-05 15:00:00,2024-11-05 15:05:00,2024-11-05 15:10:00,2741.737,2736.799989583333,TP,4.777010416666695,5,0.2854506342025728,ml_v3ma10,2024-11
202062,long,2024-11-06 19:35:00,2024-11-06 19:40:00,2024-11-06 20:30:00,2666.156,2662.2806840461803,SL,-4.035315953819425,50,0.33157079179029914,ml_v3ma10,2024-11
202075,long,2024-11-06 20:40:00,2024-11-06 20:45:00,2024-11-07 01:13:00,2660.012,2656.1334934503475,SL,-4.038506549652762,205,0.38256776041357987,ml_v3ma10,2024-11
202138,long,2024-11-07 02:55:00,2024-11-07 03:00:00,2024-11-07 06:10:00,2657.46,2653.4555561881944,SL,-4.164443811805545,190,0.33361881040071606,ml_v3ma10,2024-11
202180,long,2024-11-07 06:25:00,2024-11-07 06:30:00,2024-11-07 07:25:00,2656.244,2666.19246875,TP,9.78846874999997,55,0.3313115401160487,ml_v3ma10,2024-11
202423,long,2024-11-08 03:40:00,2024-11-08 03:45:00,2024-11-08 06:09:00,2694.385,2691.7768109267363,SL,-2.7681890732638568,144,0.3289982444446252,ml_v3ma10,2024-11
202454,long,2024-11-08 06:15:00,2024-11-08 06:20:00,2024-11-08 06:29:00,2689.888,2687.321796628125,SL,-2.726203371874974,9,0.3426071816492225,ml_v3ma10,2024-11
202458,long,2024-11-08 06:35:00,2024-11-08 06:40:00,2024-11-08 07:01:00,2687.095,2684.520705054861,SL,-2.7342949451388634,21,0.3480066174078132,ml_v3ma10,2024-11
202465,long,2024-11-08 07:10:00,2024-11-08 07:15:00,2024-11-08 07:27:00,2683.192,2680.6301023451388,SL,-2.7218976548610865,12,0.337075892777976,ml_v3ma10,2024-11
202666,short,2024-11-11 01:00:00,2024-11-11 01:05:00,2024-11-11 01:20:00,2679.889,2673.8761770833335,TP,5.853822916666683,15,0.29402886113304627,ml_v3ma10,2024-11
202699,long,2024-11-11 03:45:00,2024-11-11 03:50:00,2024-11-11 04:50:00,2671.367,2669.0533894333335,SL,-2.4736105666666712,60,0.3287409305394283,ml_v3ma10,2024-11
202729,long,2024-11-11 06:15:00,2024-11-11 06:20:00,2024-11-11 07:07:00,2673.09,2670.757364910417,SL,-2.492635089583336,47,0.3294121622044416,ml_v3ma10,2024-11
202741,long,2024-11-11 07:15:00,2024-11-11 07:20:00,2024-11-11 07:49:00,2672.239,2669.9052974100696,SL,-2.493702589930557,29,0.3406466653602215,ml_v3ma10,2024-11
202766,short,2024-11-11 09:20:00,2024-11-11 09:25:00,2024-11-11 10:03:00,2666.392,2668.674117322222,SL,-2.4421173222222246,38,0.2850382201400501,ml_v3ma10,2024-11
202785,short,2024-11-11 10:55:00,2024-11-11 11:00:00,2024-11-11 11:08:00,2661.944,2664.2148827739584,SL,-2.4308827739583387,8,0.2848694495883686,ml_v3ma10,2024-11
202884,long,2024-11-11 19:10:00,2024-11-11 19:15:00,2024-11-11 20:45:00,2619.104,2625.4572916666666,TP,6.193291666666682,90,0.3320752936280591,ml_v3ma10,2024-11
202906,long,2024-11-11 21:00:00,2024-11-11 21:05:00,2024-11-11 21:44:00,2622.953,2620.5217381961806,SL,-2.591261803819449,39,0.34631472854677603,ml_v3ma10,2024-11
202924,long,2024-11-11 23:30:00,2024-11-11 23:35:00,2024-11-12 01:22:00,2622.691,2620.2816636215275,SL,-2.5693363784722245,107,0.3289438476457903,ml_v3ma10,2024-11
203202,long,2024-11-12 23:40:00,2024-11-12 23:45:00,2024-11-13 01:15:00,2598.318,2605.402875,TP,6.924874999999977,90,0.3351296719795784,ml_v3ma10,2024-11
203456,long,2024-11-13 20:50:00,2024-11-13 20:55:00,2024-11-13 23:22:00,2573.574,2579.749375,TP,6.0153749999999935,84,0.3305990041194095,ml_v3ma10,2024-11
203483,long,2024-11-14 00:05:00,2024-11-14 00:10:00,2024-11-14 00:50:00,2572.544,2570.081617981597,SL,-2.6223820184027824,40,0.33412287062724255,ml_v3ma10,2024-11
203495,long,2024-11-14 01:05:00,2024-11-14 01:10:00,2024-11-14 01:21:00,2568.456,2565.9234764625003,SL,-2.692523537500006,11,0.3321895001409769,ml_v3ma10,2024-11
203513,long,2024-11-14 02:35:00,2024-11-14 02:40:00,2024-11-14 05:38:00,2559.025,2556.4318273628473,SL,-2.753172637152779,178,0.3318299711947635,ml_v3ma10,2024-11
203634,long,2024-11-14 12:40:00,2024-11-14 12:45:00,2024-11-14 12:50:00,2553.614,2550.7787190777776,SL,-2.9952809222222276,5,0.33454498840250585,ml_v3ma10,2024-11
203757,long,2024-11-14 23:55:00,2024-11-15 00:00:00,2024-11-15 01:44:00,2566.888,2564.160000878472,SL,-2.887999121527779,104,0.3288622191402233,ml_v3ma10,2024-11
203876,short,2024-11-15 09:50:00,2024-11-15 09:55:00,2024-11-15 10:26:00,2565.71,2568.1770171128474,SL,-2.6270171128472204,31,0.28535867913684554,ml_v3ma10,2024-11
203888,short,2024-11-15 10:50:00,2024-11-15 10:55:00,2024-11-15 11:29:00,2567.778,2570.184352139583,SL,-2.5663521395833393,34,0.2849429069372148,ml_v3ma10,2024-11
203902,short,2024-11-15 12:00:00,2024-11-15 12:05:00,2024-11-15 13:10:00,2569.035,2571.395584550347,SL,-2.5205845503472255,65,0.2878165958734483,ml_v3ma10,2024-11
203920,short,2024-11-15 13:30:00,2024-11-15 13:35:00,2024-11-15 13:37:00,2565.063,2567.471145857639,SL,-2.568145857638887,2,0.28459937556705184,ml_v3ma10,2024-11
203944,short,2024-11-15 15:30:00,2024-11-15 15:35:00,2024-11-15 15:49:00,2566.79,2569.2605212125,SL,-2.630521212499994,14,0.28553293745254144,ml_v3ma10,2024-11
204141,short,2024-11-18 09:00:00,2024-11-18 09:05:00,2024-11-18 09:18:00,2586.054,2588.613778527778,SL,-2.719778527777765,13,0.2856971590133638,ml_v3ma10,2024-11
204155,short,2024-11-18 10:10:00,2024-11-18 10:15:00,2024-11-18 10:59:00,2591.568,2594.1565891319447,SL,-2.748589131944436,44,0.28811490221938796,ml_v3ma10,2024-11
204166,short,2024-11-18 11:05:00,2024-11-18 11:10:00,2024-11-18 11:24:00,2591.865,2594.451973992014,SL,-2.746973992013882,14,0.28634491249046035,ml_v3ma10,2024-11
204172,short,2024-11-18 11:35:00,2024-11-18 11:40:00,2024-11-18 11:46:00,2590.956,2593.539299251042,SL,-2.7432992510416563,6,0.2866051016660661,ml_v3ma10,2024-11
204178,short,2024-11-18 12:05:00,2024-11-18 12:10:00,2024-11-18 12:39:00,2591.762,2594.340009370139,SL,-2.7380093701388746,29,0.28520513757190413,ml_v3ma10,2024-11
204231,short,2024-11-18 16:30:00,2024-11-18 16:35:00,2024-11-18 23:38:00,2611.149,2612.498,TIMEOUT,-1.50900000000016,360,0.284409136578785,ml_v3ma10,2024-11
204400,short,2024-11-19 07:35:00,2024-11-19 07:40:00,2024-11-19 08:40:00,2620.746,2622.734840451736,SL,-2.148840451736114,60,0.2844272522541017,ml_v3ma10,2024-11
204485,short,2024-11-19 14:40:00,2024-11-19 14:45:00,2024-11-19 14:56:00,2629.829,2624.4003125000004,TP,5.268687500000009,11,0.28596247418842025,ml_v3ma10,2024-11
204760,long,2024-11-20 14:35:00,2024-11-20 14:40:00,2024-11-20 14:50:00,2644.583,2642.5186329065973,SL,-2.224367093402791,10,0.3293183017258951,ml_v3ma10,2024-11
204778,long,2024-11-20 16:05:00,2024-11-20 16:10:00,2024-11-20 16:14:00,2648.531,2646.5134918065974,SL,-2.177508193402787,4,0.3300885266487508,ml_v3ma10,2024-11
205020,short,2024-11-21 13:15:00,2024-11-21 13:20:00,2024-11-21 13:40:00,2664.893,2666.982312473264,SL,-2.249312473263882,20,0.2859502701374025,ml_v3ma10,2024-11
205027,short,2024-11-21 13:50:00,2024-11-21 13:55:00,2024-11-21 14:00:00,2664.543,2666.6507337989583,SL,-2.267733798958324,5,0.2870779751153917,ml_v3ma10,2024-11
205034,short,2024-11-21 14:25:00,2024-11-21 14:30:00,2024-11-21 14:32:00,2667.307,2669.4034516298607,SL,-2.256451629861099,2,0.28705216630420394,ml_v3ma10,2024-11
205037,short,2024-11-21 14:40:00,2024-11-21 14:45:00,2024-11-21 15:16:00,2666.662,2668.769713956944,SL,-2.267713956944431,31,0.2881550161453218,ml_v3ma10,2024-11
205046,short,2024-11-21 15:25:00,2024-11-21 15:30:00,2024-11-21 15:31:00,2666.219,2668.338543765625,SL,-2.279543765624982,1,0.2927390346977578,ml_v3ma10,2024-11
205050,short,2024-11-21 15:45:00,2024-11-21 15:50:00,2024-11-21 15:51:00,2665.979,2668.0855075625,SL,-2.266507562499983,1,0.28875877063010796,ml_v3ma10,2024-11
205053,short,2024-11-21 16:00:00,2024-11-21 16:05:00,2024-11-21 16:47:00,2668.043,2662.5468229166668,TP,5.3361770833332836,42,0.2854830632660256,ml_v3ma10,2024-11
205085,long,2024-11-21 18:40:00,2024-11-21 18:45:00,2024-11-21 19:23:00,2671.265,2669.1819139506943,SL,-2.243086049305547,38,0.32902778569442,ml_v3ma10,2024-11
205283,short,2024-11-22 12:10:00,2024-11-22 12:15:00,2024-11-22 12:43:00,2700.219,2702.587664218403,SL,-2.528664218402779,28,0.28664116247615523,ml_v3ma10,2024-11
205331,long,2024-11-22 16:10:00,2024-11-22 16:15:00,2024-11-22 16:20:00,2706.337,2703.8380213711807,SL,-2.6589786288194373,5,0.32853341244399076,ml_v3ma10,2024-11
205336,short,2024-11-22 16:35:00,2024-11-22 16:40:00,2024-11-22 16:45:00,2702.548,2705.0329463565968,SL,-2.6449463565972153,5,0.2848122874948846,ml_v3ma10,2024-11
205366,long,2024-11-22 19:05:00,2024-11-22 19:10:00,2024-11-22 19:46:00,2709.789,2707.382378009028,SL,-2.566621990972213,36,0.32878101516272945,ml_v3ma10,2024-11
205376,long,2024-11-22 19:55:00,2024-11-22 20:00:00,2024-11-22 20:11:00,2708.18,2705.7800409572915,SL,-2.559959042708327,11,0.336589253430628,ml_v3ma10,2024-11
205381,long,2024-11-22 20:20:00,2024-11-22 20:25:00,2024-11-22 21:52:00,2706.746,2713.0336770833333,TP,6.127677083333321,87,0.3319446210763797,ml_v3ma10,2024-11
205645,long,2024-11-25 19:25:00,2024-11-25 19:30:00,2024-11-25 23:37:00,2622.884,2619.310298530903,SL,-3.7337014690972343,184,0.3311832207120282,ml_v3ma10,2024-11
205687,short,2024-11-25 23:55:00,2024-11-26 00:00:00,2024-11-26 00:20:00,2610.524,2614.216940067361,SL,-3.852940067361116,20,0.2846023257322141,ml_v3ma10,2024-11
205947,long,2024-11-26 21:35:00,2024-11-26 21:40:00,2024-11-27 00:26:00,2632.417,2629.633074178125,SL,-2.943925821875004,103,0.33081292965144504,ml_v3ma10,2024-11
205975,long,2024-11-27 00:55:00,2024-11-27 01:00:00,2024-11-27 02:12:00,2627.703,2634.67265625,TP,6.8096562500000095,72,0.3335957632553258,ml_v3ma10,2024-11
206024,long,2024-11-27 05:00:00,2024-11-27 05:05:00,2024-11-27 06:55:00,2639.631,2645.9622291666665,TP,6.171229166666712,110,0.3285458640859683,ml_v3ma10,2024-11
206139,short,2024-11-27 14:35:00,2024-11-27 14:40:00,2024-11-27 14:44:00,2652.384,2654.6945548965277,SL,-2.4705548965277844,4,0.28620582505187697,ml_v3ma10,2024-11
206142,short,2024-11-27 14:50:00,2024-11-27 14:55:00,2024-11-27 15:01:00,2650.442,2644.426895833333,TP,5.855104166666674,6,0.29210476263484664,ml_v3ma10,2024-11
206198,long,2024-11-27 19:30:00,2024-11-27 19:35:00,2024-11-28 01:01:00,2635.256,2633.0454171062497,SL,-2.3705828937500013,263,0.32910690031189915,ml_v3ma10,2024-11
206283,long,2024-11-28 03:35:00,2024-11-28 03:40:00,2024-11-28 06:30:00,2630.392,2636.3488854166667,TP,5.796885416666675,170,0.3287850650419222,ml_v3ma10,2024-11
206593,short,2024-11-29 10:15:00,2024-11-29 10:20:00,2024-11-29 10:31:00,2662.161,2664.1019061145835,SL,-2.100906114583336,11,0.2866051314683885,ml_v3ma10,2024-11
206598,short,2024-11-29 10:40:00,2024-11-29 10:45:00,2024-11-29 11:12:00,2661.825,2663.7771724100694,SL,-2.112172410069445,27,0.2865891574235887,ml_v3ma10,2024-11
206606,short,2024-11-29 11:20:00,2024-11-29 11:25:00,2024-11-29 12:24:00,2662.282,2664.227850744445,SL,-2.105850744444447,59,0.292054053983304,ml_v3ma10,2024-11
206620,short,2024-11-29 12:30:00,2024-11-29 12:35:00,2024-11-29 13:17:00,2661.868,2656.75390625,TP,4.954093749999999,42,0.286185842594716,ml_v3ma10,2024-11
206631,short,2024-11-29 13:25:00,2024-11-29 13:30:00,2024-11-29 13:45:00,2662.035,2656.83721875,TP,5.037781249999986,15,0.2870587526174516,ml_v3ma10,2024-11
206637,short,2024-11-29 13:55:00,2024-11-29 14:00:00,2024-11-29 14:01:00,2657.985,2659.9709911385416,SL,-2.1459911385416652,1,0.2888216046901674,ml_v3ma10,2024-11
206640,short,2024-11-29 14:10:00,2024-11-29 14:15:00,2024-11-29 14:45:00,2659.5,2654.2551770833334,TP,5.084822916666663,30,0.2923642514558763,ml_v3ma10,2024-11
206653,short,2024-11-29 15:15:00,2024-11-29 15:20:00,2024-11-29 15:58:00,2655.474,2657.573558889236,SL,-2.2595588892361147,38,0.286922262117611,ml_v3ma10,2024-11
206786,short,2024-12-02 06:55:00,2024-12-02 07:00:00,2024-12-02 07:09:00,2625.958,2628.534957743403,SL,-2.7369577434027805,9,0.3172057163187527,ml_v3ma10,2024-12
206790,short,2024-12-02 07:15:00,2024-12-02 07:20:00,2024-12-02 07:26:00,2628.595,2631.159072339583,SL,-2.724072339583336,6,0.32233624572243924,ml_v3ma10,2024-12
206795,long,2024-12-02 07:40:00,2024-12-02 07:45:00,2024-12-02 07:50:00,2632.74,2630.1808524482635,SL,-2.719147551736118,5,0.395489603335094,ml_v3ma10,2024-12
206799,short,2024-12-02 08:00:00,2024-12-02 08:05:00,2024-12-02 08:08:00,2627.353,2629.9145325618056,SL,-2.721532561805563,3,0.3260495554873013,ml_v3ma10,2024-12
206802,short,2024-12-02 08:15:00,2024-12-02 08:20:00,2024-12-02 09:11:00,2630.314,2632.8827114024302,SL,-2.728711402430567,51,0.3135335188576245,ml_v3ma10,2024-12
206815,long,2024-12-02 09:20:00,2024-12-02 09:25:00,2024-12-02 11:16:00,2634.986,2641.8507291666665,TP,6.704729166666706,111,0.38332802966764246,ml_v3ma10,2024-12
207133,short,2024-12-03 12:50:00,2024-12-03 12:55:00,2024-12-03 13:09:00,2640.077,2642.217762815278,SL,-2.3007628152777664,14,0.31634382371938546,ml_v3ma10,2024-12
207767,long,2024-12-05 19:40:00,2024-12-05 19:45:00,2024-12-05 20:14:00,2630.979,2628.9616267322913,SL,-2.1773732677083277,29,0.3871019247943085,ml_v3ma10,2024-12
207775,long,2024-12-05 20:20:00,2024-12-05 20:25:00,2024-12-06 01:05:00,2629.225,2627.2346237763886,SL,-2.150376223611102,217,0.42817339740971455,ml_v3ma10,2024-12
207899,long,2024-12-06 07:40:00,2024-12-06 07:45:00,2024-12-06 08:45:00,2636.643,2642.4582083333335,TP,5.655208333333345,60,0.3851657590223476,ml_v3ma10,2024-12
208168,short,2024-12-09 07:10:00,2024-12-09 07:15:00,2024-12-09 07:25:00,2643.929,2646.474631171875,SL,-2.7056311718749906,10,0.31140770046054544,ml_v3ma10,2024-12
208186,short,2024-12-09 08:40:00,2024-12-09 08:45:00,2024-12-09 08:52:00,2647.929,2650.4961200729167,SL,-2.7271200729166556,7,0.31127984849750223,ml_v3ma10,2024-12
208227,short,2024-12-09 12:05:00,2024-12-09 12:10:00,2024-12-09 13:31:00,2656.445,2659.0200767204865,SL,-2.7350767204860986,81,0.31199558902925517,ml_v3ma10,2024-12
208250,short,2024-12-09 14:00:00,2024-12-09 14:05:00,2024-12-09 14:27:00,2664.643,2667.2711382340276,SL,-2.7881382340277603,22,0.3112863980645564,ml_v3ma10,2024-12
208257,short,2024-12-09 14:35:00,2024-12-09 14:40:00,2024-12-09 14:42:00,2669.004,2671.595839253819,SL,-2.751839253819429,2,0.3172789000386622,ml_v3ma10,2024-12
208260,short,2024-12-09 14:50:00,2024-12-09 14:55:00,2024-12-09 15:16:00,2673.877,2676.422008132639,SL,-2.7050081326388704,21,0.31503381658739116,ml_v3ma10,2024-12
208277,short,2024-12-09 16:15:00,2024-12-09 16:20:00,2024-12-09 18:11:00,2669.399,2663.0175208333335,TP,6.221479166666613,111,0.3135383807534602,ml_v3ma10,2024-12
208453,short,2024-12-10 07:55:00,2024-12-10 08:00:00,2024-12-10 09:50:00,2664.629,2666.6973910538195,SL,-2.2283910538194434,110,0.3118904017323878,ml_v3ma10,2024-12
209150,long,2024-12-12 20:05:00,2024-12-12 20:10:00,2024-12-12 20:53:00,2682.562,2680.304891552083,SL,-2.417108447916678,43,0.3932244126000158,ml_v3ma10,2024-12
209161,long,2024-12-12 21:00:00,2024-12-12 21:05:00,2024-12-13 01:00:00,2680.088,2685.9736770833338,TP,5.725677083333363,172,0.4674987735142113,ml_v3ma10,2024-12
209421,long,2024-12-13 19:40:00,2024-12-13 19:45:00,2024-12-13 20:10:00,2653.599,2651.542815753125,SL,-2.2161842468749953,25,0.3839800427503277,ml_v3ma10,2024-12
209438,long,2024-12-13 21:05:00,2024-12-13 21:10:00,2024-12-15 23:50:00,2647.545,2652.9941875,TP,5.289187499999998,93,0.40119264949708167,ml_v3ma10,2024-12
209460,short,2024-12-16 00:00:00,2024-12-16 00:05:00,2024-12-16 00:50:00,2650.696,2645.1438125,TP,5.392187500000011,45,0.32973892364011104,ml_v3ma10,2024-12
209472,short,2024-12-16 01:00:00,2024-12-16 01:05:00,2024-12-16 01:20:00,2650.135,2652.3084703909726,SL,-2.3334703909722294,15,0.33333871635899837,ml_v3ma10,2024-12
209478,short,2024-12-16 01:30:00,2024-12-16 01:35:00,2024-12-16 07:35:00,2653.756,2652.76,TIMEOUT,0.8359999999996398,360,0.314095550508359,ml_v3ma10,2024-12
209637,short,2024-12-16 14:45:00,2024-12-16 14:50:00,2024-12-16 15:12:00,2658.163,2653.0118541666666,TP,4.991145833333359,22,0.3164691331797761,ml_v3ma10,2024-12
209848,short,2024-12-17 09:20:00,2024-12-17 09:25:00,2024-12-17 11:02:00,2641.671,2636.9628437499996,TP,4.548156250000006,97,0.3121520470389591,ml_v3ma10,2024-12
209898,short,2024-12-17 13:30:00,2024-12-17 13:35:00,2024-12-17 13:39:00,2640.396,2642.2437399225696,SL,-2.0077399225694386,4,0.31583750653354986,ml_v3ma10,2024-12
209901,short,2024-12-17 13:45:00,2024-12-17 13:50:00,2024-12-17 13:52:00,2640.093,2635.2099583333334,TP,4.723041666666652,2,0.3122484128483997,ml_v3ma10,2024-12
209905,short,2024-12-17 14:05:00,2024-12-17 14:10:00,2024-12-17 14:23:00,2637.476,2639.3664161260417,SL,-2.0504161260416622,13,0.31801869387116666,ml_v3ma10,2024-12
209914,short,2024-12-17 14:50:00,2024-12-17 14:55:00,2024-12-17 15:06:00,2635.953,2637.8679210131945,SL,-2.074921013194444,11,0.3197624575563931,ml_v3ma10,2024-12
210269,long,2024-12-18 21:25:00,2024-12-18 21:30:00,2024-12-18 21:32:00,2589.913,2587.8604071576387,SL,-2.212592842361111,2,0.38893362359094585,ml_v3ma10,2024-12
210272,long,2024-12-18 21:40:00,2024-12-18 21:45:00,2024-12-18 21:54:00,2587.616,2585.5518035479167,SL,-2.2241964520833295,9,0.40683500334260214,ml_v3ma10,2024-12
210513,long,2024-12-19 18:45:00,2024-12-19 18:50:00,2024-12-19 21:19:00,2597.798,2594.76638631875,SL,-3.191613681249993,149,0.38412176782667024,ml_v3ma10,2024-12
210557,long,2024-12-19 23:25:00,2024-12-19 23:30:00,2024-12-20 00:51:00,2594.533,2591.963725084375,SL,-2.729274915624986,81,0.4089604544412304,ml_v3ma10,2024-12
210585,long,2024-12-20 01:45:00,2024-12-20 01:50:00,2024-12-20 02:07:00,2599.901,2597.378972887847,SL,-2.682027112152771,17,0.3913233787207202,ml_v3ma10,2024-12
210591,long,2024-12-20 02:15:00,2024-12-20 02:20:00,2024-12-20 06:28:00,2597.272,2603.8724166666666,TP,6.440416666666646,248,0.3895975814437479,ml_v3ma10,2024-12
210643,long,2024-12-20 06:35:00,2024-12-20 06:40:00,2024-12-20 11:11:00,2604.085,2601.7592064368055,SL,-2.485793563194428,271,0.38378200240738436,ml_v3ma10,2024-12
210851,short,2024-12-23 01:00:00,2024-12-23 01:05:00,2024-12-23 01:56:00,2620.457,2622.5548564444443,SL,-2.2578564444444424,51,0.31368564212825834,ml_v3ma10,2024-12
210870,short,2024-12-23 02:35:00,2024-12-23 02:40:00,2024-12-23 02:48:00,2625.068,2627.1525305479167,SL,-2.2445305479166584,8,0.3119885278657927,ml_v3ma10,2024-12
210874,short,2024-12-23 02:55:00,2024-12-23 03:00:00,2024-12-23 05:33:00,2626.19,2628.2483509947915,SL,-2.2183509947916575,153,0.31353553661861555,ml_v3ma10,2024-12
210935,short,2024-12-23 08:00:00,2024-12-23 08:05:00,2024-12-23 08:18:00,2627.815,2629.840413251736,SL,-2.185413251736116,13,0.3152574532145884,ml_v3ma10,2024-12
210940,short,2024-12-23 08:25:00,2024-12-23 08:30:00,2024-12-23 08:38:00,2629.983,2632.009548214931,SL,-2.1865482149305606,8,0.325094305765095,ml_v3ma10,2024-12
210944,short,2024-12-23 08:45:00,2024-12-23 08:50:00,2024-12-23 10:02:00,2631.0,2625.6982395833334,TP,5.141760416666691,72,0.31476546157545116,ml_v3ma10,2024-12
210961,short,2024-12-23 10:10:00,2024-12-23 10:15:00,2024-12-23 10:48:00,2625.201,2619.96990625,TP,5.071093750000032,33,0.31836386848634746,ml_v3ma10,2024-12
211856,long,2024-12-27 19:20:00,2024-12-27 19:25:00,2024-12-27 20:11:00,2618.294,2616.6126988583333,SL,-1.841301141666674,46,0.38651035961364,ml_v3ma10,2024-12
211877,long,2024-12-27 21:05:00,2024-12-27 21:10:00,2024-12-27 21:50:00,2615.983,2620.451541666667,TP,4.308541666666685,40,0.3865325288953888,ml_v3ma10,2024-12
212005,short,2024-12-30 08:50:00,2024-12-30 08:55:00,2024-12-30 09:05:00,2611.59,2613.3183306829865,SL,-1.8883306829861188,10,0.31185371095624204,ml_v3ma10,2024-12
212017,short,2024-12-30 09:50:00,2024-12-30 09:55:00,2024-12-30 11:01:00,2614.259,2609.69853125,TP,4.400468750000017,66,0.3113650869139896,ml_v3ma10,2024-12
212065,short,2024-12-30 13:50:00,2024-12-30 13:55:00,2024-12-30 14:00:00,2610.287,2605.5031041666666,TP,4.623895833333341,5,0.3117545585641132,ml_v3ma10,2024-12
212158,long,2024-12-30 21:35:00,2024-12-30 21:40:00,2024-12-30 23:06:00,2607.088,2605.309976977431,SL,-1.9380230225694322,23,0.38481463458838644,ml_v3ma10,2024-12
212166,long,2024-12-30 23:15:00,2024-12-30 23:20:00,2024-12-31 01:22:00,2604.489,2609.1323229166665,TP,4.483322916666624,122,0.4006875370016491,ml_v3ma10,2024-12
212233,long,2024-12-31 04:50:00,2024-12-31 04:55:00,2024-12-31 05:53:00,2606.779,2605.085067432292,SL,-1.8539325677083027,58,0.3902984013905233,ml_v3ma10,2024-12
212465,long,2025-01-02 01:15:00,2025-01-02 01:20:00,2025-01-02 02:22:00,2631.376,2635.522135416667,TP,3.986135416666661,62,0.32119357546213156,ml_v3ma10,2025-01
212695,long,2025-01-02 20:25:00,2025-01-02 20:30:00,2025-01-02 21:24:00,2659.869,2657.991219268403,SL,-2.0377807315972385,54,0.320817796365906,ml_v3ma10,2025-01
212727,long,2025-01-03 00:05:00,2025-01-03 00:10:00,2025-01-03 00:40:00,2660.78,2658.8964174635416,SL,-2.0435825364583367,30,0.32267029138238434,ml_v3ma10,2025-01
212758,long,2025-01-03 02:40:00,2025-01-03 02:45:00,2025-01-03 05:34:00,2661.436,2659.5292618333333,SL,-2.066738166666672,169,0.3193466314063944,ml_v3ma10,2025-01
212795,long,2025-01-03 05:45:00,2025-01-03 05:50:00,2025-01-03 05:53:00,2658.417,2656.526409264236,SL,-2.0505907357639,3,0.3204068099847446,ml_v3ma10,2025-01
212812,short,2025-01-03 07:10:00,2025-01-03 07:15:00,2025-01-03 08:49:00,2656.171,2651.1110416666666,TP,4.89995833333335,94,0.28447213433992535,ml_v3ma10,2025-01
212854,short,2025-01-03 10:40:00,2025-01-03 10:45:00,2025-01-03 10:56:00,2655.23,2657.218947598611,SL,-2.1489475986111146,11,0.2842550095201698,ml_v3ma10,2025-01
212954,long,2025-01-03 19:55:00,2025-01-03 20:00:00,2025-01-03 20:38:00,2639.39,2637.5630862552084,SL,-1.9869137447916803,38,0.33238786043961976,ml_v3ma10,2025-01
212964,long,2025-01-03 20:45:00,2025-01-03 20:50:00,2025-01-05 23:17:00,2637.166,2641.8925520833336,TP,4.5665520833333595,80,0.3204287683076229,ml_v3ma10,2025-01
212988,short,2025-01-05 23:50:00,2025-01-05 23:55:00,2025-01-06 00:56:00,2641.238,2643.012042714583,SL,-1.9340427145833403,61,0.28380760490661194,ml_v3ma10,2025-01
213003,short,2025-01-06 01:05:00,2025-01-06 01:10:00,2025-01-06 01:13:00,2642.233,2644.037555763542,SL,-1.9645557635416784,3,0.2875852628182086,ml_v3ma10,2025-01
213019,long,2025-01-06 02:25:00,2025-01-06 02:30:00,2025-01-06 03:20:00,2643.426,2641.5617237430556,SL,-2.024276256944454,50,0.3201854700187595,ml_v3ma10,2025-01
213064,short,2025-01-06 06:10:00,2025-01-06 06:15:00,2025-01-06 07:32:00,2634.331,2629.484947916667,TP,4.686052083333352,77,0.2876241320083044,ml_v3ma10,2025-01
213082,short,2025-01-06 07:40:00,2025-01-06 07:45:00,2025-01-06 07:55:00,2625.743,2627.650539784028,SL,-2.067539784027784,10,0.2856819932337927,ml_v3ma10,2025-01
213087,short,2025-01-06 08:05:00,2025-01-06 08:10:00,2025-01-06 08:22:00,2627.674,2629.576821353125,SL,-2.0628213531250035,12,0.28643527673446406,ml_v3ma10,2025-01
213092,short,2025-01-06 08:30:00,2025-01-06 08:35:00,2025-01-06 08:51:00,2628.057,2629.9663255652777,SL,-2.0693255652777816,16,0.28756037400924434,ml_v3ma10,2025-01
213282,short,2025-01-07 01:25:00,2025-01-07 01:30:00,2025-01-07 01:47:00,2637.455,2639.7280376166664,SL,-2.4330376166666636,17,0.285732407731882,ml_v3ma10,2025-01
213315,long,2025-01-07 04:10:00,2025-01-07 04:15:00,2025-01-07 05:38:00,2638.865,2644.69540625,TP,5.670406249999981,83,0.32510625107467134,ml_v3ma10,2025-01
213334,long,2025-01-07 05:45:00,2025-01-07 05:50:00,2025-01-07 06:47:00,2644.493,2642.2938937270833,SL,-2.359106272916656,57,0.3538836949575881,ml_v3ma10,2025-01
213348,long,2025-01-07 06:55:00,2025-01-07 07:00:00,2025-01-07 07:54:00,2640.242,2638.044342194097,SL,-2.3576578059027695,54,0.3256949727099005,ml_v3ma10,2025-01
213375,short,2025-01-07 09:10:00,2025-01-07 09:15:00,2025-01-07 09:27:00,2640.375,2642.561276426736,SL,-2.3462764267361123,12,0.28515031598817975,ml_v3ma10,2025-01
213564,short,2025-01-08 01:55:00,2025-01-08 02:00:00,2025-01-08 05:56:00,2648.779,2650.7107232305557,SL,-2.0917232305555693,236,0.2852858964566394,ml_v3ma10,2025-01
213614,long,2025-01-08 06:05:00,2025-01-08 06:10:00,2025-01-08 07:10:00,2649.403,2654.34003125,TP,4.777031250000037,60,0.32051655389721334,ml_v3ma10,2025-01
213631,long,2025-01-08 07:30:00,2025-01-08 07:35:00,2025-01-08 08:03:00,2653.138,2651.2852202059025,SL,-2.0127797940972396,28,0.3206966499132382,ml_v3ma10,2025-01
213640,long,2025-01-08 08:15:00,2025-01-08 08:20:00,2025-01-08 08:28:00,2651.796,2649.962482832986,SL,-1.993517167013907,8,0.3202388113612128,ml_v3ma10,2025-01
213709,long,2025-01-08 14:00:00,2025-01-08 14:05:00,2025-01-08 14:16:00,2663.28,2661.3994731336807,SL,-2.0405268663194533,11,0.3252999921869999,ml_v3ma10,2025-01
213869,long,2025-01-09 04:25:00,2025-01-09 04:30:00,2025-01-09 06:33:00,2656.869,2661.6834583333334,TP,4.65445833333331,123,0.3216774369451137,ml_v3ma10,2025-01
214159,long,2025-01-10 05:35:00,2025-01-10 05:40:00,2025-01-10 08:21:00,2674.636,2679.12225,TP,4.326249999999946,161,0.321239147515343,ml_v3ma10,2025-01
214227,long,2025-01-10 11:15:00,2025-01-10 11:20:00,2025-01-10 12:01:00,2681.787,2680.0368669121526,SL,-1.9101330878472036,41,0.3195212307959555,ml_v3ma10,2025-01
214259,long,2025-01-10 13:55:00,2025-01-10 14:00:00,2025-01-10 14:18:00,2682.626,2687.56525,TP,4.7792499999999585,18,0.33088077649320013,ml_v3ma10,2025-01
214265,long,2025-01-10 14:25:00,2025-01-10 14:30:00,2025-01-10 14:38:00,2689.213,2687.2682365979167,SL,-2.104763402083317,8,0.32748653811503503,ml_v3ma10,2025-01
214276,long,2025-01-10 15:20:00,2025-01-10 15:25:00,2025-01-10 15:44:00,2693.813,2691.7622365913194,SL,-2.2107634086805366,19,0.3202192567019567,ml_v3ma10,2025-01
214293,long,2025-01-10 16:45:00,2025-01-10 16:50:00,2025-01-10 18:14:00,2694.443,2692.313459827778,SL,-2.2895401722222037,84,0.32437224818749744,ml_v3ma10,2025-01
214366,short,2025-01-12 23:55:00,2025-01-13 00:00:00,2025-01-13 00:12:00,2691.128,2693.3477022833335,SL,-2.379702283333325,12,0.2834680448405231,ml_v3ma10,2025-01
214371,short,2025-01-13 00:20:00,2025-01-13 00:25:00,2025-01-13 01:09:00,2690.538,2684.6649166666666,TP,5.713083333333322,44,0.28585537477655065,ml_v3ma10,2025-01
214382,short,2025-01-13 01:15:00,2025-01-13 01:20:00,2025-01-13 01:41:00,2681.92,2684.203998345139,SL,-2.4429983451388844,21,0.2850350263245994,ml_v3ma10,2025-01
214390,short,2025-01-13 01:55:00,2025-01-13 02:00:00,2025-01-13 02:04:00,2685.59,2687.9234525805555,SL,-2.4934525805555534,4,0.2857309850581581,ml_v3ma10,2025-01
214398,short,2025-01-13 02:35:00,2025-01-13 02:40:00,2025-01-13 02:56:00,2687.4,2689.7570487034723,SL,-2.5170487034722213,16,0.2834834844375184,ml_v3ma10,2025-01
214404,short,2025-01-13 03:05:00,2025-01-13 03:10:00,2025-01-13 04:01:00,2686.48,2688.845334728472,SL,-2.5253347284722243,51,0.29036634569411784,ml_v3ma10,2025-01
214417,short,2025-01-13 04:10:00,2025-01-13 04:15:00,2025-01-13 05:33:00,2689.642,2683.409552083333,TP,6.072447916666681,78,0.2876072615886262,ml_v3ma10,2025-01
214435,short,2025-01-13 05:40:00,2025-01-13 05:45:00,2025-01-13 05:59:00,2684.352,2686.770003370139,SL,-2.578003370138905,14,0.2903972091802055,ml_v3ma10,2025-01
214440,short,2025-01-13 06:05:00,2025-01-13 06:10:00,2025-01-13 06:23:00,2687.755,2690.188912696875,SL,-2.593912696875016,13,0.29042611425166637,ml_v3ma10,2025-01
214447,short,2025-01-13 06:40:00,2025-01-13 06:45:00,2025-01-13 09:27:00,2689.809,2683.402947916667,TP,6.246052083333369,162,0.2853851627966445,ml_v3ma10,2025-01
214648,long,2025-01-14 00:25:00,2025-01-14 00:30:00,2025-01-14 04:52:00,2667.658,2673.3259895833335,TP,5.507989583333337,262,0.3246966615602118,ml_v3ma10,2025-01
214787,short,2025-01-14 12:00:00,2025-01-14 12:05:00,2025-01-14 13:30:00,2669.806,2671.7854512107638,SL,-2.139451210763867,85,0.28454491751180677,ml_v3ma10,2025-01
214808,short,2025-01-14 13:45:00,2025-01-14 13:50:00,2025-01-14 14:01:00,2667.27,2662.0234375,TP,5.08656249999993,11,0.28561549143777876,ml_v3ma10,2025-01
214823,short,2025-01-14 15:00:00,2025-01-14 15:05:00,2025-01-14 15:12:00,2668.647,2670.656757902778,SL,-2.1697579027777527,7,0.2835460420728889,ml_v3ma10,2025-01
214971,long,2025-01-15 04:20:00,2025-01-15 04:25:00,2025-01-15 04:42:00,2676.303,2674.5255762062498,SL,-1.9374237937499774,17,0.32907529263770346,ml_v3ma10,2025-01
214978,long,2025-01-15 04:55:00,2025-01-15 05:00:00,2025-01-15 06:10:00,2675.61,2680.2597291666666,TP,4.489729166666603,70,0.3261343825494787,ml_v3ma10,2025-01
215086,long,2025-01-15 13:55:00,2025-01-15 14:00:00,2025-01-15 14:06:00,2693.759,2691.9375348722224,SL,-1.981465127777766,6,0.323641708365038,ml_v3ma10,2025-01
215294,long,2025-01-16 08:15:00,2025-01-16 08:20:00,2025-01-16 08:31:00,2701.868,2699.8586667163195,SL,-2.169333283680558,11,0.3253886997613734,ml_v3ma10,2025-01
215305,long,2025-01-16 09:10:00,2025-01-16 09:15:00,2025-01-16 10:05:00,2701.592,2706.8940000000002,TP,5.142000000000002,50,0.3201882977861552,ml_v3ma10,2025-01
215396,long,2025-01-16 16:45:00,2025-01-16 16:50:00,2025-01-16 18:28:00,2720.499,2718.4369345802083,SL,-2.222065419791667,98,0.32042202388659063,ml_v3ma10,2025-01
215508,long,2025-01-17 03:05:00,2025-01-17 03:10:00,2025-01-17 03:23:00,2716.823,2714.9045034559026,SL,-2.0784965440972374,13,0.3214376248758498,ml_v3ma10,2025-01
215563,long,2025-01-17 07:40:00,2025-01-17 07:45:00,2025-01-17 09:24:00,2710.066,2708.1515988475694,SL,-2.0744011524305668,99,0.32551016533655197,ml_v3ma10,2025-01
215737,short,2025-01-19 23:15:00,2025-01-19 23:20:00,2025-01-19 23:23:00,2699.444,2695.154197916667,TP,4.129802083333332,3,0.28431187250697154,ml_v3ma10,2025-01
215808,long,2025-01-20 05:10:00,2025-01-20 05:15:00,2025-01-20 06:42:00,2705.311,2709.82046875,TP,4.349468749999954,87,0.32151337467810026,ml_v3ma10,2025-01
215886,short,2025-01-20 11:40:00,2025-01-20 11:45:00,2025-01-20 12:09:00,2707.765,2709.561178465278,SL,-1.9561784652777665,24,0.28363316916238934,ml_v3ma10,2025-01
215894,short,2025-01-20 12:20:00,2025-01-20 12:25:00,2025-01-20 13:19:00,2707.949,2709.7490913104166,SL,-1.9600913104166566,54,0.28591125868570477,ml_v3ma10,2025-01
215907,short,2025-01-20 13:25:00,2025-01-20 13:30:00,2025-01-20 13:35:00,2709.19,2704.536104166667,TP,4.493895833333294,5,0.2867399569631782,ml_v3ma10,2025-01
215914,short,2025-01-20 14:00:00,2025-01-20 14:05:00,2025-01-20 14:06:00,2708.088,2709.9621059906253,SL,-2.353105990624986,1,0.285208370912191,ml_v3ma10,2025-01
215919,short,2025-01-20 14:25:00,2025-01-20 14:30:00,2025-01-20 16:23:00,2710.136,2705.2517916666666,TP,4.724208333333291,113,0.2852192785621849,ml_v3ma10,2025-01
215947,short,2025-01-20 16:45:00,2025-01-20 16:50:00,2025-01-20 17:02:00,2707.724,2709.578192545486,SL,-2.0141925454860914,12,0.2843577916001427,ml_v3ma10,2025-01
215980,short,2025-01-20 23:20:00,2025-01-20 23:25:00,2025-01-20 23:48:00,2708.092,2709.974090417014,SL,-2.0420904170138754,23,0.2834937513466362,ml_v3ma10,2025-01
215987,short,2025-01-20 23:55:00,2025-01-21 00:00:00,2025-01-21 00:51:00,2710.433,2705.501979166667,TP,4.771020833333292,51,0.28538658623939067,ml_v3ma10,2025-01
216000,short,2025-01-21 01:00:00,2025-01-21 01:05:00,2025-01-21 01:06:00,2706.172,2708.085516198611,SL,-2.0735161986111006,1,0.28983548010668103,ml_v3ma10,2025-01
216003,short,2025-01-21 01:15:00,2025-01-21 01:20:00,2025-01-21 01:22:00,2708.739,2710.673834458333,SL,-2.0948344583333243,2,0.2878550977016023,ml_v3ma10,2025-01
216107,short,2025-01-21 09:55:00,2025-01-21 10:00:00,2025-01-21 10:25:00,2721.245,2723.379334002778,SL,-2.294334002777767,25,0.2836419310451713,ml_v3ma10,2025-01
216143,short,2025-01-21 12:55:00,2025-01-21 13:00:00,2025-01-21 13:16:00,2726.763,2728.906635938889,SL,-2.3036359388888887,16,0.28370801769506604,ml_v3ma10,2025-01
216152,short,2025-01-21 13:40:00,2025-01-21 13:45:00,2025-01-21 14:16:00,2727.88,2730.0527957625,SL,-2.3327957624999978,31,0.2835172679306236,ml_v3ma10,2025-01
216369,short,2025-01-22 08:45:00,2025-01-22 08:50:00,2025-01-22 09:03:00,2752.444,2754.3456149586805,SL,-2.0616149586805443,13,0.28413743935835034,ml_v3ma10,2025-01
216434,short,2025-01-22 14:10:00,2025-01-22 14:15:00,2025-01-22 14:17:00,2753.95,2755.906700357639,SL,-2.11670035763889,2,0.28593557738077313,ml_v3ma10,2025-01
216447,short,2025-01-22 15:15:00,2025-01-22 15:20:00,2025-01-22 15:27:00,2752.931,2754.902129470139,SL,-2.1311294701388914,7,0.28438593989363786,ml_v3ma10,2025-01
216468,short,2025-01-22 17:00:00,2025-01-22 17:05:00,2025-01-23 00:10:00,2757.502,2753.523,TIMEOUT,3.8189999999998143,360,0.2840023989056694,ml_v3ma10,2025-01
216614,long,2025-01-23 06:10:00,2025-01-23 06:15:00,2025-01-23 07:39:00,2753.906,2752.103166523264,SL,-1.9628334767361184,84,0.3312918059705797,ml_v3ma10,2025-01
216633,long,2025-01-23 07:45:00,2025-01-23 07:50:00,2025-01-23 09:20:00,2752.917,2751.190343982986,SL,-1.8866560170138948,90,0.3288144698205394,ml_v3ma10,2025-01
216828,long,2025-01-24 01:00:00,2025-01-24 01:05:00,2025-01-24 02:00:00,2760.212,2765.0377395833334,TP,4.665739583333335,55,0.3211753265791159,ml_v3ma10,2025-01
216936,short,2025-01-24 10:00:00,2025-01-24 10:05:00,2025-01-24 10:54:00,2773.398,2775.5489378,SL,-2.3109377999999863,49,0.28960610591184766,ml_v3ma10,2025-01
216986,short,2025-01-24 14:10:00,2025-01-24 14:15:00,2025-01-24 14:45:00,2778.951,2781.0231610364585,SL,-2.232161036458319,30,0.2852851267935005,ml_v3ma10,2025-01
216995,short,2025-01-24 14:55:00,2025-01-24 15:00:00,2025-01-24 15:08:00,2778.234,2780.299037753472,SL,-2.2250377534722077,8,0.2835361477018562,ml_v3ma10,2025-01
217008,short,2025-01-24 16:00:00,2025-01-24 16:05:00,2025-01-24 16:10:00,2775.284,2777.3356801097225,SL,-2.211680109722206,5,0.2835716212367165,ml_v3ma10,2025-01
217012,short,2025-01-24 16:20:00,2025-01-24 16:25:00,2025-01-24 16:31:00,2774.9,2776.954938168403,SL,-2.2149381684027594,6,0.2848365808104622,ml_v3ma10,2025-01
217101,short,2025-01-27 00:50:00,2025-01-27 00:55:00,2025-01-27 00:58:00,2768.271,2770.2688090420143,SL,-2.157809042013866,3,0.2850494001273318,ml_v3ma10,2025-01
217104,short,2025-01-27 01:05:00,2025-01-27 01:10:00,2025-01-27 01:39:00,2771.218,2765.913364583333,TP,5.144635416666604,29,0.28836407984575574,ml_v3ma10,2025-01
217112,short,2025-01-27 01:45:00,2025-01-27 01:50:00,2025-01-27 02:13:00,2764.804,2759.42784375,TP,5.216156249999951,23,0.2850749109152957,ml_v3ma10,2025-01
217119,short,2025-01-27 02:20:00,2025-01-27 02:25:00,2025-01-27 02:28:00,2755.803,2757.88629240625,SL,-2.2432924062499833,3,0.29158113536333063,ml_v3ma10,2025-01
217122,short,2025-01-27 02:35:00,2025-01-27 02:40:00,2025-01-27 03:13:00,2756.51,2758.607828665625,SL,-2.257828665624985,33,0.28863538441156367,ml_v3ma10,2025-01
217156,short,2025-01-27 05:25:00,2025-01-27 05:30:00,2025-01-27 07:28:00,2755.47,2750.1398124999996,TP,5.17018749999997,118,0.2836519294688604,ml_v3ma10,2025-01
217347,long,2025-01-27 21:20:00,2025-01-27 21:25:00,2025-01-27 21:49:00,2743.474,2741.162703012153,SL,-2.471296987847223,24,0.3257824739030234,ml_v3ma10,2025-01
217379,long,2025-01-28 01:00:00,2025-01-28 01:05:00,2025-01-28 01:34:00,2744.303,2741.9380978274303,SL,-2.5249021725694463,29,0.3201026468023429,ml_v3ma10,2025-01
217469,short,2025-01-28 08:30:00,2025-01-28 08:35:00,2025-01-28 08:44:00,2735.755,2737.949641819792,SL,-2.354641819791663,9,0.28343348251544703,ml_v3ma10,2025-01
217732,short,2025-01-29 07:25:00,2025-01-29 07:30:00,2025-01-29 08:00:00,2758.299,2759.7213271447918,SL,-1.5823271447916396,30,0.28484636210214764,ml_v3ma10,2025-01
217741,short,2025-01-29 08:10:00,2025-01-29 08:15:00,2025-01-29 08:16:00,2761.397,2762.8334903743053,SL,-1.5964903743055283,1,0.28691310845625073,ml_v3ma10,2025-01
217751,short,2025-01-29 09:00:00,2025-01-29 09:05:00,2025-01-29 09:19:00,2761.98,2763.4264748756946,SL,-1.606474875694423,14,0.28335731886636883,ml_v3ma10,2025-01
217756,short,2025-01-29 09:25:00,2025-01-29 09:30:00,2025-01-29 09:45:00,2762.956,2764.393311833681,SL,-1.597311833680537,15,0.2880421545387474,ml_v3ma10,2025-01
217762,short,2025-01-29 09:55:00,2025-01-29 10:00:00,2025-01-29 10:36:00,2762.723,2759.003635416667,TP,3.559364583333297,36,0.2854976918579307,ml_v3ma10,2025-01
217774,short,2025-01-29 10:55:00,2025-01-29 11:00:00,2025-01-29 11:22:00,2758.216,2759.618151785069,SL,-1.5621517850694344,22,0.28483031355154187,ml_v3ma10,2025-01
217781,short,2025-01-29 11:30:00,2025-01-29 11:35:00,2025-01-29 13:17:00,2759.153,2755.4992604166664,TP,3.4937395833333094,102,0.2856250967861381,ml_v3ma10,2025-01
217810,short,2025-01-29 13:55:00,2025-01-29 14:00:00,2025-01-29 14:08:00,2758.643,2760.079105439236,SL,-1.5961054392361138,8,0.2833110954643455,ml_v3ma10,2025-01
217820,short,2025-01-29 14:45:00,2025-01-29 14:50:00,2025-01-29 14:58:00,2758.248,2759.704883996181,SL,-1.6168839961805506,8,0.28346508406412274,ml_v3ma10,2025-01
217825,short,2025-01-29 15:10:00,2025-01-29 15:15:00,2025-01-29 15:24:00,2759.073,2755.2574270833334,TP,3.655572916666663,9,0.28342810226537896,ml_v3ma10,2025-01
218002,long,2025-01-30 06:55:00,2025-01-30 07:00:00,2025-01-30 08:05:00,2765.542,2770.3269999999998,TP,4.625000000000063,65,0.3440413441336737,ml_v3ma10,2025-01
218133,long,2025-01-30 17:50:00,2025-01-30 17:55:00,2025-01-30 18:13:00,2795.73,2793.827535803125,SL,-2.062464196875008,18,0.3243715795740195,ml_v3ma10,2025-01
218171,long,2025-01-30 21:00:00,2025-01-30 21:05:00,2025-01-30 21:08:00,2797.727,2795.9453855729166,SL,-1.94161442708334,3,0.33454984882010763,ml_v3ma10,2025-01
218174,long,2025-01-30 21:15:00,2025-01-30 21:20:00,2025-01-30 21:25:00,2793.135,2791.361417620139,SL,-1.9335823798611163,5,0.3246891785374578,ml_v3ma10,2025-01
218178,long,2025-01-30 21:35:00,2025-01-30 21:40:00,2025-01-31 00:05:00,2793.102,2797.7959687499997,TP,4.5339687500000245,77,0.3215550606881329,ml_v3ma10,2025-01
218199,long,2025-01-31 00:25:00,2025-01-31 00:30:00,2025-01-31 00:34:00,2797.765,2795.929839914236,SL,-1.9951600857638934,4,0.32563040205982186,ml_v3ma10,2025-01
218281,long,2025-01-31 07:15:00,2025-01-31 07:20:00,2025-01-31 08:22:00,2797.189,2795.2644873572917,SL,-2.0845126427083294,62,0.33348284584953936,ml_v3ma10,2025-01
218296,short,2025-01-31 08:30:00,2025-01-31 08:35:00,2025-01-31 09:12:00,2793.111,2795.0526521743054,SL,-2.101652174305551,37,0.28320617638837964,ml_v3ma10,2025-01
218306,short,2025-01-31 09:20:00,2025-01-31 09:25:00,2025-01-31 11:27:00,2795.008,2796.958966015625,SL,-2.110966015624998,122,0.2880537774444786,ml_v3ma10,2025-01
218345,long,2025-01-31 12:35:00,2025-01-31 12:40:00,2025-01-31 13:03:00,2805.977,2803.9944494666665,SL,-2.1425505333333295,23,0.3190789730239139,ml_v3ma10,2025-01
218443,long,2025-01-31 20:45:00,2025-01-31 20:50:00,2025-02-02 23:20:00,2800.092,2797.8892824805557,SL,-2.362717519444435,83,0.3226459863386927,ml_v3ma10,2025-01
218460,short,2025-02-02 23:15:00,2025-02-02 23:20:00,2025-02-02 23:22:00,2800.544,2794.719270833333,TP,5.664729166666652,2,0.28563680710411554,ml_v3ma10,2025-02
218463,short,2025-02-02 23:30:00,2025-02-02 23:35:00,2025-02-02 23:40:00,2789.548,2791.8101602246525,SL,-2.4211602246527706,5,0.2953795886240054,ml_v3ma10,2025-02
218467,short,2025-02-02 23:50:00,2025-02-02 23:55:00,2025-02-03 00:06:00,2794.027,2796.3302927194445,SL,-2.462292719444439,11,0.2888445949754763,ml_v3ma10,2025-02
218474,short,2025-02-03 00:25:00,2025-02-03 00:30:00,2025-02-03 01:04:00,2794.015,2787.8608229166666,TP,5.994177083333328,34,0.28586343886471277,ml_v3ma10,2025-02
218483,short,2025-02-03 01:10:00,2025-02-03 01:15:00,2025-02-03 01:56:00,2785.739,2779.45353125,TP,6.125468750000012,41,0.2852438772068895,ml_v3ma10,2025-02
218508,long,2025-02-03 03:15:00,2025-02-03 03:20:00,2025-02-03 03:37:00,2775.507,2772.9481818256945,SL,-2.7188181743055604,17,0.3258706327230978,ml_v3ma10,2025-02
218514,long,2025-02-03 03:45:00,2025-02-03 03:50:00,2025-02-03 04:07:00,2773.788,2780.521510416667,TP,6.573510416666675,17,0.32934387847929103,ml_v3ma10,2025-02
218532,long,2025-02-03 05:15:00,2025-02-03 05:20:00,2025-02-03 08:00:00,2783.208,2790.1490416666666,TP,6.781041666666683,160,0.32151023042917926,ml_v3ma10,2025-02
218567,long,2025-02-03 08:10:00,2025-02-03 08:15:00,2025-02-03 08:39:00,2793.265,2800.5216145833333,TP,7.096614583333331,24,0.3310664503178236,ml_v3ma10,2025-02
218576,long,2025-02-03 08:55:00,2025-02-03 09:00:00,2025-02-03 10:06:00,2796.679,2793.897586177083,SL,-2.9414138229166626,66,0.3258126386058362,ml_v3ma10,2025-02
218594,long,2025-02-03 10:25:00,2025-02-03 10:30:00,2025-02-03 11:09:00,2795.115,2802.4694791666666,TP,7.19447916666663,39,0.3225288105123904,ml_v3ma10,2025-02
218734,short,2025-02-03 23:05:00,2025-02-03 23:10:00,2025-02-04 00:35:00,2813.17,2816.0939072614583,SL,-3.0839072614583247,85,0.2872042149493753,ml_v3ma10,2025-02
218793,long,2025-02-04 04:00:00,2025-02-04 04:05:00,2025-02-04 05:02:00,2820.079,2817.5435438128475,SL,-2.6944561871527615,57,0.3339940252044151,ml_v3ma10,2025-02
218833,short,2025-02-04 07:20:00,2025-02-04 07:25:00,2025-02-04 07:48:00,2809.886,2812.3810141944446,SL,-2.6550141944444277,23,0.28810650749534256,ml_v3ma10,2025-02
218850,short,2025-02-04 08:45:00,2025-02-04 08:50:00,2025-02-04 08:57:00,2814.029,2816.5681348965277,SL,-2.699134896527761,7,0.28448846623735796,ml_v3ma10,2025-02
218854,short,2025-02-04 09:05:00,2025-02-04 09:10:00,2025-02-04 09:21:00,2815.027,2817.5615474229166,SL,-2.6945474229166497,11,0.28815467343168627,ml_v3ma10,2025-02
218881,short,2025-02-04 11:20:00,2025-02-04 11:25:00,2025-02-04 12:13:00,2814.787,2817.2643190864583,SL,-2.6373190864583207,48,0.28505582121933815,ml_v3ma10,2025-02
219012,short,2025-02-04 23:15:00,2025-02-04 23:20:00,2025-02-05 00:28:00,2840.785,2842.959045809375,SL,-2.334045809374989,68,0.2906160627734021,ml_v3ma10,2025-02
219029,long,2025-02-05 00:40:00,2025-02-05 00:45:00,2025-02-05 00:55:00,2847.319,2845.170169421875,SL,-2.308830578124986,10,0.331323107605913,ml_v3ma10,2025-02
219034,short,2025-02-05 01:05:00,2025-02-05 01:10:00,2025-02-05 02:04:00,2845.215,2847.395498432292,SL,-2.340498432291651,54,0.2886850327441751,ml_v3ma10,2025-02
219048,short,2025-02-05 02:15:00,2025-02-05 02:20:00,2025-02-05 03:21:00,2851.665,2853.9219338381945,SL,-2.4169338381944288,61,0.2837596029231607,ml_v3ma10,2025-02
219063,long,2025-02-05 03:30:00,2025-02-05 03:35:00,2025-02-05 05:48:00,2853.718,2859.609770833333,TP,5.7317708333333055,133,0.3299356786881743,ml_v3ma10,2025-02
219109,short,2025-02-05 07:20:00,2025-02-05 07:25:00,2025-02-05 07:31:00,2857.095,2859.3184325819443,SL,-2.3834325819444344,6,0.2867530445706382,ml_v3ma10,2025-02
219130,short,2025-02-05 09:05:00,2025-02-05 09:10:00,2025-02-05 09:23:00,2865.771,2867.995607229167,SL,-2.3846072291666593,13,0.28661246701593546,ml_v3ma10,2025-02
219138,short,2025-02-05 09:45:00,2025-02-05 09:50:00,2025-02-05 10:03:00,2869.375,2871.5668758430556,SL,-2.3518758430555495,13,0.2842312018525138,ml_v3ma10,2025-02
219148,short,2025-02-05 10:35:00,2025-02-05 10:40:00,2025-02-05 10:56:00,2872.656,2866.8908125,TP,5.605187499999977,16,0.28557898208017496,ml_v3ma10,2025-02
219201,short,2025-02-05 15:00:00,2025-02-05 15:05:00,2025-02-05 15:28:00,2874.482,2876.791618353472,SL,-2.469618353472222,23,0.2879619143841547,ml_v3ma10,2025-02
219208,short,2025-02-05 15:35:00,2025-02-05 15:40:00,2025-02-05 15:46:00,2876.703,2878.9964550489585,SL,-2.4534550489583338,6,0.28519751117108283,ml_v3ma10,2025-02
219365,long,2025-02-06 05:40:00,2025-02-06 05:45:00,2025-02-06 05:48:00,2867.771,2865.460401451042,SL,-2.4705985489583324,3,0.3258575289236308,ml_v3ma10,2025-02
219371,long,2025-02-06 06:10:00,2025-02-06 06:15:00,2025-02-06 06:46:00,2868.655,2866.334714579861,SL,-2.480285420138891,31,0.32494496196135936,ml_v3ma10,2025-02
219417,long,2025-02-06 10:00:00,2025-02-06 10:05:00,2025-02-06 10:09:00,2858.21,2855.7738649975695,SL,-2.5961350024305587,4,0.3221129898359557,ml_v3ma10,2025-02
219456,long,2025-02-06 13:15:00,2025-02-06 13:20:00,2025-02-06 13:45:00,2862.018,2859.561622175,SL,-2.6163778250000003,25,0.32388014557268285,ml_v3ma10,2025-02
219465,long,2025-02-06 14:00:00,2025-02-06 14:05:00,2025-02-06 14:12:00,2856.909,2854.419672526736,SL,-2.649327473263888,7,0.33045611311563117,ml_v3ma10,2025-02
219469,long,2025-02-06 14:20:00,2025-02-06 14:25:00,2025-02-06 14:32:00,2858.483,2855.989323157292,SL,-2.653676842708333,7,0.3275362682981918,ml_v3ma10,2025-02
219546,long,2025-02-06 20:45:00,2025-02-06 20:50:00,2025-02-07 01:16:00,2854.523,2860.6016250000002,TP,5.918624999999979,203,0.33038510248495406,ml_v3ma10,2025-02
219626,long,2025-02-07 04:25:00,2025-02-07 04:30:00,2025-02-07 04:57:00,2868.61,2866.430676214931,SL,-2.339323785069442,27,0.3254484040839981,ml_v3ma10,2025-02
219689,long,2025-02-07 09:40:00,2025-02-07 09:45:00,2025-02-07 10:08:00,2869.267,2867.1628417319444,SL,-2.2641582680555508,23,0.32236041023206663,ml_v3ma10,2025-02
219697,short,2025-02-07 10:20:00,2025-02-07 10:25:00,2025-02-07 10:34:00,2865.212,2867.2831014729168,SL,-2.231101472916664,9,0.2864231821396246,ml_v3ma10,2025-02
219701,short,2025-02-07 10:40:00,2025-02-07 10:45:00,2025-02-07 13:15:00,2866.438,2861.0154895833334,TP,5.262510416666668,150,0.2876370158293142,ml_v3ma10,2025-02
219734,short,2025-02-07 13:25:00,2025-02-07 13:30:00,2025-02-07 13:31:00,2864.391,2859.1242395833333,TP,5.1067604166666705,1,0.28931109013057343,ml_v3ma10,2025-02
219747,long,2025-02-07 14:30:00,2025-02-07 14:35:00,2025-02-07 14:42:00,2872.479,2878.302208333333,TP,5.664208333333336,7,0.3277979883152355,ml_v3ma10,2025-02
219780,short,2025-02-07 17:15:00,2025-02-07 17:20:00,2025-02-07 17:56:00,2857.373,2859.6750188621527,SL,-2.462018862152785,36,0.28395457569813853,ml_v3ma10,2025-02
219860,short,2025-02-10 01:00:00,2025-02-10 01:05:00,2025-02-10 01:06:00,2873.126,2875.591421814931,SL,-2.625421814930563,1,0.28566572386555955,ml_v3ma10,2025-02
219885,long,2025-02-10 03:05:00,2025-02-10 03:10:00,2025-02-10 04:44:00,2872.528,2879.2198229166665,TP,6.531822916666686,94,0.3262900749383992,ml_v3ma10,2025-02
219920,short,2025-02-10 06:00:00,2025-02-10 06:05:00,2025-02-10 06:16:00,2881.051,2883.640093119097,SL,-2.749093119097232,11,0.29179628650766576,ml_v3ma10,2025-02
219929,short,2025-02-10 06:45:00,2025-02-10 06:50:00,2025-02-10 07:29:00,2889.459,2892.076252905208,SL,-2.7772529052083397,39,0.285975982352316,ml_v3ma10,2025-02
219943,short,2025-02-10 07:55:00,2025-02-10 08:00:00,2025-02-10 08:39:00,2895.483,2898.1324406201393,SL,-2.8094406201388944,39,0.2846287385664579,ml_v3ma10,2025-02
219962,short,2025-02-10 09:30:00,2025-02-10 09:35:00,2025-02-10 10:04:00,2901.804,2904.497692279514,SL,-2.8536922795138886,29,0.2853297934971448,ml_v3ma10,2025-02
219971,short,2025-02-10 10:15:00,2025-02-10 10:20:00,2025-02-10 13:19:00,2904.571,2907.2485567538192,SL,-2.837556753819443,179,0.2843004212818738,ml_v3ma10,2025-02
220009,short,2025-02-10 13:25:00,2025-02-10 13:30:00,2025-02-10 14:42:00,2903.392,2906.1816839743055,SL,-2.9486839743055526,72,0.2859157071552869,ml_v3ma10,2025-02
220026,short,2025-02-10 14:50:00,2025-02-10 14:55:00,2025-02-10 15:19:00,2908.383,2911.147722720833,SL,-2.924722720833327,24,0.2969241051286336,ml_v3ma10,2025-02
220034,short,2025-02-10 15:30:00,2025-02-10 15:35:00,2025-02-10 15:40:00,2907.886,2910.5706324159723,SL,-2.8436324159722166,5,0.2856124191033643,ml_v3ma10,2025-02
220038,short,2025-02-10 15:50:00,2025-02-10 15:55:00,2025-02-10 16:49:00,2907.757,2900.7201875,TP,6.876812499999987,54,0.2937748563864695,ml_v3ma10,2025-02
220051,short,2025-02-10 16:55:00,2025-02-10 17:00:00,2025-02-10 17:56:00,2900.989,2903.61616994375,SL,-2.7871699437499906,56,0.28461688820744163,ml_v3ma10,2025-02
220065,short,2025-02-10 18:05:00,2025-02-10 18:10:00,2025-02-10 18:17:00,2902.188,2904.6630848756945,SL,-2.635084875694437,7,0.28536936704540855,ml_v3ma10,2025-02
220069,short,2025-02-10 18:25:00,2025-02-10 18:30:00,2025-02-10 21:42:00,2905.943,2908.387956761806,SL,-2.6049567618055494,192,0.2865625477256835,ml_v3ma10,2025-02
220112,short,2025-02-10 23:00:00,2025-02-10 23:05:00,2025-02-10 23:33:00,2911.989,2914.324980453125,SL,-2.495980453124993,28,0.31853506865001313,ml_v3ma10,2025-02
220160,long,2025-02-11 03:00:00,2025-02-11 03:05:00,2025-02-11 03:13:00,2912.001,2918.988979166667,TP,6.827979166666638,8,0.33451356029140855,ml_v3ma10,2025-02
220354,long,2025-02-11 19:10:00,2025-02-11 19:15:00,2025-02-11 19:27:00,2904.42,2901.323756911111,SL,-3.2562430888888914,12,0.3227681411011678,ml_v3ma10,2025-02
220359,long,2025-02-11 19:35:00,2025-02-11 19:40:00,2025-02-11 20:06:00,2901.733,2898.6377371065973,SL,-3.255262893402779,26,0.3359053589104352,ml_v3ma10,2025-02
220414,short,2025-02-12 01:10:00,2025-02-12 01:15:00,2025-02-12 01:47:00,2891.726,2894.840454089236,SL,-3.27445408923611,32,0.28765433175891525,ml_v3ma10,2025-02
220454,short,2025-02-12 04:30:00,2025-02-12 04:35:00,2025-02-12 06:10:00,2886.429,2889.2639039239584,SL,-2.994903923958343,95,0.2850043253842751,ml_v3ma10,2025-02
220487,long,2025-02-12 07:15:00,2025-02-12 07:20:00,2025-02-12 07:34:00,2895.134,2892.2903655899304,SL,-3.0036344100694516,14,0.3273914492166044,ml_v3ma10,2025-02
220495,long,2025-02-12 07:55:00,2025-02-12 08:00:00,2025-02-12 08:10:00,2892.813,2889.9969975784725,SL,-2.976002421527788,10,0.32449056656210873,ml_v3ma10,2025-02
220501,long,2025-02-12 08:25:00,2025-02-12 08:30:00,2025-02-12 09:30:00,2891.627,2888.8375501614582,SL,-2.9494498385416756,60,0.32405117751408147,ml_v3ma10,2025-02
220517,long,2025-02-12 09:45:00,2025-02-12 09:50:00,2025-02-12 10:32:00,2887.76,2885.041949664236,SL,-2.8780503357639007,42,0.3298587668346252,ml_v3ma10,2025-02
220686,long,2025-02-13 00:50:00,2025-02-13 00:55:00,2025-02-13 01:01:00,2906.916,2904.135094132639,SL,-2.9409058673611317,6,0.3230058994598647,ml_v3ma10,2025-02
220704,long,2025-02-13 02:20:00,2025-02-13 02:25:00,2025-02-13 03:25:00,2906.888,2914.0892604166665,TP,7.041260416666722,60,0.32167914635749706,ml_v3ma10,2025-02
220792,short,2025-02-13 09:40:00,2025-02-13 09:45:00,2025-02-13 09:48:00,2913.997,2916.663377763194,SL,-2.826377763194452,3,0.28847158851123444,ml_v3ma10,2025-02
220795,short,2025-02-13 09:55:00,2025-02-13 10:00:00,2025-02-13 10:10:00,2915.277,2917.9592434375,SL,-2.842243437500004,10,0.29018782975173585,ml_v3ma10,2025-02
220800,short,2025-02-13 10:20:00,2025-02-13 10:25:00,2025-02-13 12:10:00,2917.01,2919.6902036784722,SL,-2.8402036784722258,105,0.2902227878758966,ml_v3ma10,2025-02
220842,short,2025-02-13 13:50:00,2025-02-13 13:55:00,2025-02-13 14:11:00,2909.138,2911.8304263590276,SL,-2.8524263590277776,16,0.2864928450682058,ml_v3ma10,2025-02
220848,short,2025-02-13 14:20:00,2025-02-13 14:25:00,2025-02-13 14:41:00,2912.394,2915.057647502083,SL,-2.8236475020833334,16,0.2842947142044855,ml_v3ma10,2025-02
220854,short,2025-02-13 14:50:00,2025-02-13 14:55:00,2025-02-13 15:05:00,2916.19,2918.7607670350694,SL,-2.7307670350694453,10,0.2973336623827768,ml_v3ma10,2025-02
220861,short,2025-02-13 15:25:00,2025-02-13 15:30:00,2025-02-13 15:35:00,2916.192,2918.670700090625,SL,-2.638700090624998,5,0.28400149927018103,ml_v3ma10,2025-02
220902,long,2025-02-13 18:50:00,2025-02-13 18:55:00,2025-02-13 20:17:00,2921.572,2927.6794375,TP,5.947437499999989,82,0.33518381304550104,ml_v3ma10,2025-02
220921,long,2025-02-13 20:25:00,2025-02-13 20:30:00,2025-02-13 23:35:00,2925.884,2931.936510416667,TP,5.892510416666649,122,0.33827190523912753,ml_v3ma10,2025-02
221022,long,2025-02-14 05:50:00,2025-02-14 05:55:00,2025-02-14 08:20:00,2931.44,2937.3693958333333,TP,5.769395833333331,145,0.3591322740087689,ml_v3ma10,2025-02
221054,long,2025-02-14 08:30:00,2025-02-14 08:35:00,2025-02-14 11:46:00,2935.164,2932.9085384392365,SL,-2.415461560763882,191,0.33879987670551714,ml_v3ma10,2025-02
221137,short,2025-02-14 15:25:00,2025-02-14 15:30:00,2025-02-14 15:32:00,2900.262,2894.0536666666667,TP,6.04933333333332,2,0.28566996738789496,ml_v3ma10,2025-02
221186,long,2025-02-14 19:30:00,2025-02-14 19:35:00,2025-02-14 19:51:00,2882.486,2879.986513415625,SL,-2.6594865843749833,16,0.3226736164224202,ml_v3ma10,2025-02
221192,long,2025-02-14 20:00:00,2025-02-14 20:05:00,2025-02-14 20:40:00,2880.477,2878.012689337847,SL,-2.6243106621527588,35,0.34662456223857163,ml_v3ma10,2025-02
221202,long,2025-02-14 20:50:00,2025-02-14 20:55:00,2025-02-16 23:05:00,2881.031,2887.552458333333,TP,6.361458333333285,63,0.3362272925996686,ml_v3ma10,2025-02
221229,short,2025-02-17 00:10:00,2025-02-17 00:15:00,2025-02-17 01:12:00,2885.7,2888.350702572222,SL,-2.810702572222205,57,0.286253609691707,ml_v3ma10,2025-02
221243,short,2025-02-17 01:20:00,2025-02-17 01:25:00,2025-02-17 01:27:00,2888.439,2891.1568955680555,SL,-2.877895568055545,2,0.3205017958435405,ml_v3ma10,2025-02
221246,short,2025-02-17 01:35:00,2025-02-17 01:40:00,2025-02-17 02:38:00,2895.487,2898.240547698611,SL,-2.9135476986110964,58,0.31209699215388886,ml_v3ma10,2025-02
221313,long,2025-02-17 07:10:00,2025-02-17 07:15:00,2025-02-17 08:35:00,2900.616,2897.7401858118055,SL,-3.035814188194435,80,0.3358431024023085,ml_v3ma10,2025-02
221341,long,2025-02-17 09:30:00,2025-02-17 09:35:00,2025-02-17 10:26:00,2902.568,2899.679951226042,SL,-3.048048773958317,51,0.33164588601717104,ml_v3ma10,2025-02
221355,long,2025-02-17 10:40:00,2025-02-17 10:45:00,2025-02-17 12:19:00,2898.401,2895.5128083635414,SL,-3.0481916364583155,94,0.3262051746101291,ml_v3ma10,2025-02
221376,long,2025-02-17 12:25:00,2025-02-17 12:30:00,2025-02-17 18:30:00,2897.061,2898.288,TIMEOUT,1.0669999999998618,360,0.3294297425046832,ml_v3ma10,2025-02
221483,short,2025-02-18 01:10:00,2025-02-18 01:15:00,2025-02-18 02:17:00,2896.791,2898.936901896875,SL,-2.305901896874989,62,0.28723173725372053,ml_v3ma10,2025-02
221498,short,2025-02-18 02:25:00,2025-02-18 02:30:00,2025-02-18 02:38:00,2897.197,2899.344211469792,SL,-2.3072114697916533,8,0.31675823863315505,ml_v3ma10,2025-02
221502,short,2025-02-18 02:45:00,2025-02-18 02:50:00,2025-02-18 03:02:00,2904.296,2906.4719308006943,SL,-2.3359308006944257,12,0.28728908463516667,ml_v3ma10,2025-02
221581,short,2025-02-18 09:20:00,2025-02-18 09:25:00,2025-02-18 11:55:00,2911.728,2913.7002485597222,SL,-2.1322485597222056,150,0.28885184685808385,ml_v3ma10,2025-02
221614,short,2025-02-18 12:05:00,2025-02-18 12:10:00,2025-02-18 12:27:00,2912.804,2914.657339338889,SL,-2.013339338888876,17,0.2946636858393503,ml_v3ma10,2025-02
221620,short,2025-02-18 12:35:00,2025-02-18 12:40:00,2025-02-18 12:45:00,2915.219,2917.0443462256944,SL,-1.985346225694431,5,0.298278186004336,ml_v3ma10,2025-02
221626,short,2025-02-18 13:05:00,2025-02-18 13:10:00,2025-02-18 13:18:00,2914.437,2916.2568420510415,SL,-1.979842051041658,8,0.28811554773846104,ml_v3ma10,2025-02
221630,short,2025-02-18 13:25:00,2025-02-18 13:30:00,2025-02-18 13:42:00,2917.648,2919.4832354854166,SL,-1.9952354854166594,12,0.2888778305549955,ml_v3ma10,2025-02
221635,short,2025-02-18 13:50:00,2025-02-18 13:55:00,2025-02-18 14:10:00,2919.268,2921.1230219416666,SL,-2.0150219416666606,15,0.28584049706653114,ml_v3ma10,2025-02
221645,short,2025-02-18 14:40:00,2025-02-18 14:45:00,2025-02-18 14:50:00,2924.071,2925.9202915680553,SL,-2.0092915680555516,5,0.284003591379511,ml_v3ma10,2025-02
221733,short,2025-02-18 23:00:00,2025-02-18 23:05:00,2025-02-19 00:51:00,2935.235,2930.44115625,TP,4.63384375000005,106,0.28420615653616155,ml_v3ma10,2025-02
221766,long,2025-02-19 01:45:00,2025-02-19 01:50:00,2025-02-19 02:30:00,2937.709,2935.8241277326388,SL,-2.0448722673611304,40,0.33908236843417744,ml_v3ma10,2025-02
221779,long,2025-02-19 02:50:00,2025-02-19 02:55:00,2025-02-19 03:06:00,2926.89,2924.982440373958,SL,-2.0675596260416826,11,0.33508688778266527,ml_v3ma10,2025-02
221784,long,2025-02-19 03:15:00,2025-02-19 03:20:00,2025-02-19 05:55:00,2928.273,2933.34459375,TP,4.9115937500000335,155,0.3381943675564213,ml_v3ma10,2025-02
221877,short,2025-02-19 11:00:00,2025-02-19 11:05:00,2025-02-19 11:39:00,2945.171,2940.2311354166663,TP,4.77986458333336,34,0.28544356032724527,ml_v3ma10,2025-02
221921,short,2025-02-19 14:40:00,2025-02-19 14:45:00,2025-02-19 14:49:00,2936.284,2938.356780107292,SL,-2.2327801072916684,4,0.2855927340624613,ml_v3ma10,2025-02
221924,short,2025-02-19 14:55:00,2025-02-19 15:00:00,2025-02-19 15:56:00,2938.07,2932.6162708333336,TP,5.293729166666667,56,0.2839272759793085,ml_v3ma10,2025-02
221938,short,2025-02-19 16:05:00,2025-02-19 16:10:00,2025-02-19 16:31:00,2930.165,2924.5579583333333,TP,5.447041666666665,21,0.286520199462873,ml_v3ma10,2025-02
221945,short,2025-02-19 16:40:00,2025-02-19 16:45:00,2025-02-19 17:36:00,2928.912,2923.2890208333333,TP,5.462979166666658,51,0.28587576894472266,ml_v3ma10,2025-02
222059,long,2025-02-20 03:10:00,2025-02-20 03:15:00,2025-02-20 03:35:00,2943.681,2941.3673418125,SL,-2.473658187499993,20,0.32605177983736533,ml_v3ma10,2025-02
222084,long,2025-02-20 05:15:00,2025-02-20 05:20:00,2025-02-20 07:32:00,2943.892,2949.75978125,TP,5.7077812499999885,132,0.3219550190107162,ml_v3ma10,2025-02
222118,long,2025-02-20 08:05:00,2025-02-20 08:10:00,2025-02-20 09:33:00,2953.596,2951.3403201770834,SL,-2.415679822916668,83,0.33437036256950736,ml_v3ma10,2025-02
222152,long,2025-02-20 10:55:00,2025-02-20 11:00:00,2025-02-20 11:18:00,2952.361,2950.140936592014,SL,-2.380063407986111,18,0.32525536260081533,ml_v3ma10,2025-02
222279,long,2025-02-20 21:30:00,2025-02-20 21:35:00,2025-02-21 00:28:00,2939.969,2937.7228562489586,SL,-2.406143751041665,109,0.32230125864164316,ml_v3ma10,2025-02
222317,long,2025-02-21 01:40:00,2025-02-21 01:45:00,2025-02-21 01:46:00,2936.527,2934.214337881597,SL,-2.4726621184027735,1,0.3280424684307876,ml_v3ma10,2025-02
222320,long,2025-02-21 01:55:00,2025-02-21 02:00:00,2025-02-21 02:06:00,2928.787,2934.988958333333,TP,6.041958333333314,6,0.3337118822970955,ml_v3ma10,2025-02
222390,long,2025-02-21 07:45:00,2025-02-21 07:50:00,2025-02-21 08:02:00,2931.574,2929.007745038889,SL,-2.7262549611111004,12,0.3241811381088468,ml_v3ma10,2025-02
222421,long,2025-02-21 10:20:00,2025-02-21 10:25:00,2025-02-21 12:01:00,2930.242,2927.609266355556,SL,-2.79273364444443,96,0.32873616667738126,ml_v3ma10,2025-02
222445,long,2025-02-21 12:20:00,2025-02-21 12:25:00,2025-02-21 12:57:00,2932.711,2930.0778853888887,SL,-2.7931146111111005,32,0.3292270184871762,ml_v3ma10,2025-02
222578,short,2025-02-24 00:30:00,2025-02-24 00:35:00,2025-02-24 01:00:00,2934.549,2927.9374166666666,TP,6.451583333333291,25,0.28473733433222237,ml_v3ma10,2025-02
222586,short,2025-02-24 01:10:00,2025-02-24 01:15:00,2025-02-24 01:31:00,2924.251,2926.801218645486,SL,-2.710218645486098,16,0.28394382861624684,ml_v3ma10,2025-02
222599,short,2025-02-24 02:15:00,2025-02-24 02:20:00,2025-02-24 02:30:00,2930.452,2933.0478949614585,SL,-2.755894961458318,10,0.2839720365143868,ml_v3ma10,2025-02
222636,long,2025-02-24 05:20:00,2025-02-24 05:25:00,2025-02-24 05:41:00,2940.906,2938.467174420486,SL,-2.5988255795138735,16,0.3252186501945433,ml_v3ma10,2025-02
222680,short,2025-02-24 09:00:00,2025-02-24 09:05:00,2025-02-24 10:33:00,2946.882,2940.46478125,TP,6.25721874999998,88,0.28628863851648534,ml_v3ma10,2025-02
222710,short,2025-02-24 11:30:00,2025-02-24 11:35:00,2025-02-24 11:50:00,2943.975,2946.375340009375,SL,-2.5603400093749866,15,0.2912972502236053,ml_v3ma10,2025-02
222724,short,2025-02-24 12:40:00,2025-02-24 12:45:00,2025-02-24 13:00:00,2945.8,2948.2149834156253,SL,-2.574983415624985,15,0.2838582543128385,ml_v3ma10,2025-02
222860,short,2025-02-25 01:00:00,2025-02-25 01:05:00,2025-02-25 01:08:00,2949.678,2951.975744892361,SL,-2.457744892361109,3,0.28858542899709905,ml_v3ma10,2025-02
222863,short,2025-02-25 01:15:00,2025-02-25 01:20:00,2025-02-25 03:32:00,2950.722,2944.681697916667,TP,5.880302083333325,132,0.29633062666396126,ml_v3ma10,2025-02
222892,short,2025-02-25 03:40:00,2025-02-25 03:45:00,2025-02-25 04:07:00,2942.99,2937.19634375,TP,5.633656249999998,22,0.286723352089834,ml_v3ma10,2025-02
222942,short,2025-02-25 07:50:00,2025-02-25 07:55:00,2025-02-25 08:27:00,2932.336,2934.5294790777775,SL,-2.353479077777777,32,0.2933561644695022,ml_v3ma10,2025-02
222952,short,2025-02-25 08:40:00,2025-02-25 08:45:00,2025-02-25 12:28:00,2940.806,2934.9687395833334,TP,5.6772604166666705,223,0.28376845685015645,ml_v3ma10,2025-02
223260,long,2025-02-26 11:20:00,2025-02-26 11:25:00,2025-02-26 12:29:00,2912.813,2910.0937551750003,SL,-2.8792448249999794,64,0.3408367551789528,ml_v3ma10,2025-02
223275,long,2025-02-26 12:35:00,2025-02-26 12:40:00,2025-02-26 13:11:00,2913.683,2910.9773509229167,SL,-2.8656490770833165,31,0.3447243835931877,ml_v3ma10,2025-02
223286,long,2025-02-26 13:30:00,2025-02-26 13:35:00,2025-02-26 13:42:00,2912.094,2909.3994981663195,SL,-2.854501833680538,7,0.3369090173216155,ml_v3ma10,2025-02
223290,long,2025-02-26 13:50:00,2025-02-26 13:55:00,2025-02-26 13:58:00,2908.264,2905.5895187583333,SL,-2.8344812416666487,3,0.3519576209023579,ml_v3ma10,2025-02
223440,long,2025-02-27 03:20:00,2025-02-27 03:25:00,2025-02-27 03:52:00,2907.778,2905.507089447222,SL,-2.4309105527777692,27,0.3223568811306031,ml_v3ma10,2025-02
223699,short,2025-02-28 01:55:00,2025-02-28 02:00:00,2025-02-28 02:26:00,2874.772,2877.7632669302084,SL,-3.151266930208345,26,0.2841109995397914,ml_v3ma10,2025-02
223709,long,2025-02-28 02:45:00,2025-02-28 02:50:00,2025-02-28 03:17:00,2875.624,2872.6049066295136,SL,-3.1790933704861235,27,0.3426884208546849,ml_v3ma10,2025-02
223729,long,2025-02-28 04:25:00,2025-02-28 04:30:00,2025-02-28 08:02:00,2859.81,2856.7276026684026,SL,-3.24239733159723,212,0.3253503184479103,ml_v3ma10,2025-02
223795,long,2025-02-28 09:55:00,2025-02-28 10:00:00,2025-02-28 11:20:00,2862.337,2859.395286515278,SL,-3.101713484722217,80,0.32818792169819333,ml_v3ma10,2025-02
223814,long,2025-02-28 11:30:00,2025-02-28 11:35:00,2025-02-28 12:36:00,2861.425,2858.6005528173614,SL,-2.9844471826388848,61,0.3321643459365834,ml_v3ma10,2025-02
223913,long,2025-02-28 19:45:00,2025-02-28 19:50:00,2025-02-28 21:15:00,2848.449,2855.667822916667,TP,7.058822916666606,85,0.3313685140029805,ml_v3ma10,2025-02
224037,short,2025-03-03 07:10:00,2025-03-03 07:15:00,2025-03-03 08:45:00,2863.394,2866.0808705951385,SL,-2.84687059513887,90,0.3148072578050013,ml_v3ma10,2025-03
224063,short,2025-03-03 09:20:00,2025-03-03 09:25:00,2025-03-03 10:53:00,2870.18,2872.8725374743053,SL,-2.8525374743055436,88,0.30348215178025917,ml_v3ma10,2025-03
224287,short,2025-03-04 05:00:00,2025-03-04 05:05:00,2025-03-04 05:23:00,2891.815,2894.098661030903,SL,-2.4436610309027844,18,0.30250826362223837,ml_v3ma10,2025-03
224293,short,2025-03-04 05:30:00,2025-03-04 05:35:00,2025-03-04 06:38:00,2892.612,2886.5972291666667,TP,5.854770833333348,63,0.3028435697626296,ml_v3ma10,2025-03
225155,long,2025-03-07 08:20:00,2025-03-07 08:25:00,2025-03-07 11:52:00,2919.731,2916.9402802725695,SL,-2.9507197274305526,207,0.3304626036339806,ml_v3ma10,2025-03
225396,short,2025-03-10 04:30:00,2025-03-10 04:35:00,2025-03-10 06:57:00,2911.884,2914.4085867319445,SL,-2.6845867319444245,142,0.3055554608411751,ml_v3ma10,2025-03
225578,long,2025-03-10 19:40:00,2025-03-10 19:45:00,2025-03-10 19:59:00,2887.231,2884.4931116187504,SL,-2.897888381249993,14,0.32393248228179106,ml_v3ma10,2025-03
225583,long,2025-03-10 20:05:00,2025-03-10 20:10:00,2025-03-10 22:29:00,2887.77,2885.0214683625,SL,-2.9085316374999923,76,0.331247834185449,ml_v3ma10,2025-03
225604,long,2025-03-10 22:50:00,2025-03-10 22:55:00,2025-03-10 23:45:00,2885.107,2882.3642979461806,SL,-2.9027020538194326,50,0.33128389667586733,ml_v3ma10,2025-03
225617,long,2025-03-10 23:55:00,2025-03-11 00:00:00,2025-03-11 01:04:00,2884.724,2882.0202001986113,SL,-2.8637998013888795,64,0.3325291735584433,ml_v3ma10,2025-03
225675,long,2025-03-11 04:45:00,2025-03-11 04:50:00,2025-03-11 05:47:00,2897.021,2894.2740715972222,SL,-2.9069284027777718,57,0.33099360715465,ml_v3ma10,2025-03
225689,long,2025-03-11 05:55:00,2025-03-11 06:00:00,2025-03-11 07:08:00,2895.812,2903.05846875,TP,7.086468750000001,68,0.34080028659650635,ml_v3ma10,2025-03
225874,short,2025-03-11 22:20:00,2025-03-11 22:25:00,2025-03-11 23:07:00,2916.646,2918.7442969371527,SL,-2.258296937152775,42,0.30203509383191435,ml_v3ma10,2025-03
226191,short,2025-03-13 01:45:00,2025-03-13 01:50:00,2025-03-13 01:52:00,2936.894,2938.986999119444,SL,-2.2529991194444596,2,0.30177814478424103,ml_v3ma10,2025-03
226404,long,2025-03-13 19:30:00,2025-03-13 19:35:00,2025-03-13 19:42:00,2983.271,2981.0619846253476,SL,-2.3690153746527702,7,0.33410331393533454,ml_v3ma10,2025-03
226408,long,2025-03-13 19:50:00,2025-03-13 19:55:00,2025-03-13 20:01:00,2984.46,2982.2273924708334,SL,-2.392607529166658,6,0.3237855675233233,ml_v3ma10,2025-03
226412,long,2025-03-13 20:10:00,2025-03-13 20:15:00,2025-03-13 20:49:00,2982.252,2988.12728125,TP,5.715281249999972,34,0.33764014924817787,ml_v3ma10,2025-03
226426,long,2025-03-13 22:20:00,2025-03-13 22:25:00,2025-03-14 01:30:00,2985.916,2983.657847862153,SL,-2.418152137847213,185,0.331068424237306,ml_v3ma10,2025-03
226486,long,2025-03-14 03:20:00,2025-03-14 03:25:00,2025-03-14 04:00:00,2987.567,2993.8583541666667,TP,6.13135416666665,35,0.32622269216859623,ml_v3ma10,2025-03
227021,short,2025-03-18 02:00:00,2025-03-18 02:05:00,2025-03-18 02:17:00,3004.757,3006.5892393413196,SL,-1.9922393413194583,12,0.3017923957213796,ml_v3ma10,2025-03
227867,long,2025-03-21 03:30:00,2025-03-21 03:35:00,2025-03-21 04:52:00,3030.724,3028.574209068403,SL,-2.309790931597195,77,0.32418037952250445,ml_v3ma10,2025-03
227950,long,2025-03-21 10:25:00,2025-03-21 10:30:00,2025-03-21 11:00:00,3032.092,3029.948582323264,SL,-2.3034176767360917,30,0.32529635853120636,ml_v3ma10,2025-03
228130,short,2025-03-24 02:30:00,2025-03-24 02:35:00,2025-03-24 02:45:00,3022.074,3016.0602604166666,TP,5.853739583333347,10,0.30111340713157686,ml_v3ma10,2025-03
228140,short,2025-03-24 03:20:00,2025-03-24 03:25:00,2025-03-24 05:08:00,3019.603,3021.899236899306,SL,-2.4562368993055617,103,0.30286523234500917,ml_v3ma10,2025-03
228163,short,2025-03-24 05:15:00,2025-03-24 05:20:00,2025-03-24 06:44:00,3022.256,3024.5520980052083,SL,-2.4560980052083363,84,0.318902448344129,ml_v3ma10,2025-03
228182,short,2025-03-24 06:50:00,2025-03-24 06:55:00,2025-03-24 07:21:00,3025.207,3027.508879968055,SL,-2.4618799680555634,26,0.30148206651780607,ml_v3ma10,2025-03
228334,long,2025-03-24 19:30:00,2025-03-24 19:35:00,2025-03-24 20:21:00,3005.276,3010.71446875,TP,5.2784687499999885,46,0.32664125941166056,ml_v3ma10,2025-03
228371,long,2025-03-24 23:35:00,2025-03-24 23:40:00,2025-03-25 02:49:00,3010.426,3008.3833122909723,SL,-2.202687709027761,189,0.3238345379741614,ml_v3ma10,2025-03
228966,long,2025-03-27 03:10:00,2025-03-27 03:15:00,2025-03-27 04:27:00,3031.323,3036.210739583333,TP,4.727739583333318,72,0.32868641463862547,ml_v3ma10,2025-03
229022,long,2025-03-27 07:50:00,2025-03-27 07:55:00,2025-03-27 08:36:00,3035.893,3033.940430749653,SL,-2.112569250347224,41,0.3288936609205818,ml_v3ma10,2025-03
229169,long,2025-03-27 20:05:00,2025-03-27 20:10:00,2025-03-28 00:24:00,3056.303,3062.254395833333,TP,5.791395833333327,191,0.3326507055297581,ml_v3ma10,2025-03
229637,short,2025-03-31 13:10:00,2025-03-31 13:15:00,2025-03-31 13:36:00,3118.76,3110.111729166667,TP,8.488270833333296,21,0.3051806904412623,ml_v3ma10,2025-03
229756,short,2025-04-01 00:05:00,2025-04-01 00:10:00,2025-04-01 00:19:00,3122.063,3125.0808909444445,SL,-3.1778909444444285,9,0.2944998696983662,ml_v3ma10,2025-04
229760,short,2025-04-01 00:25:00,2025-04-01 00:30:00,2025-04-01 00:49:00,3124.138,3127.1588156572916,SL,-3.1808156572916513,19,0.28891581348598516,ml_v3ma10,2025-04
229766,short,2025-04-01 00:55:00,2025-04-01 01:00:00,2025-04-01 01:01:00,3127.234,3130.263129461111,SL,-3.1891294611110963,1,0.3179143184213639,ml_v3ma10,2025-04
229769,short,2025-04-01 01:10:00,2025-04-01 01:15:00,2025-04-01 01:44:00,3132.855,3135.922436453125,SL,-3.2274364531249864,29,0.29430937934413126,ml_v3ma10,2025-04
229799,long,2025-04-01 03:40:00,2025-04-01 03:45:00,2025-04-01 05:50:00,3144.118,3141.2075416555554,SL,-3.0694583444444365,125,0.36184695551719115,ml_v3ma10,2025-04
230003,long,2025-04-01 20:40:00,2025-04-01 20:45:00,2025-04-01 20:51:00,3118.523,3115.7113152006946,SL,-2.9716847993055415,6,0.3853386960609042,ml_v3ma10,2025-04
230031,long,2025-04-02 00:00:00,2025-04-02 00:05:00,2025-04-02 00:29:00,3114.001,3121.5795833333336,TP,7.41858333333329,24,0.46964588302028315,ml_v3ma10,2025-04
230073,long,2025-04-02 03:30:00,2025-04-02 03:35:00,2025-04-02 04:18:00,3127.447,3124.5415061274307,SL,-3.065493872569444,43,0.35983552152580484,ml_v3ma10,2025-04
230276,long,2025-04-02 20:25:00,2025-04-02 20:30:00,2025-04-02 20:31:00,3139.407,3136.3739815041667,SL,-3.2720184958333434,1,0.35882645193492557,ml_v3ma10,2025-04
230298,long,2025-04-02 23:15:00,2025-04-02 23:20:00,2025-04-02 23:52:00,3158.157,3167.3274479166666,TP,9.010447916666708,32,0.3625485108781686,ml_v3ma10,2025-04
230352,long,2025-04-03 03:45:00,2025-04-03 03:50:00,2025-04-03 04:46:00,3149.003,3144.993516316667,SL,-4.1694836833333415,56,0.3599231637278233,ml_v3ma10,2025-04
230504,long,2025-04-03 16:25:00,2025-04-03 16:30:00,2025-04-03 17:05:00,3108.444,3102.941817485417,SL,-5.662182514583342,35,0.3596871397224324,ml_v3ma10,2025-04
230547,long,2025-04-03 20:00:00,2025-04-03 20:05:00,2025-04-04 02:36:00,3107.476,3101.904449804861,SL,-5.731550195138898,328,0.3707770885176893,ml_v3ma10,2025-04
230619,long,2025-04-04 03:00:00,2025-04-04 03:05:00,2025-04-04 03:06:00,3098.009,3093.303359259375,SL,-4.865640740625011,1,0.3657981610490451,ml_v3ma10,2025-04
230624,long,2025-04-04 03:25:00,2025-04-04 03:30:00,2025-04-04 05:27:00,3093.382,3105.837572916667,TP,12.295572916666696,117,0.37574084052252965,ml_v3ma10,2025-04
230676,long,2025-04-04 07:45:00,2025-04-04 07:50:00,2025-04-04 08:01:00,3095.33,3090.713842773611,SL,-4.775157226388893,11,0.35942819347056376,ml_v3ma10,2025-04
230749,short,2025-04-04 13:50:00,2025-04-04 13:55:00,2025-04-04 14:06:00,3064.38,3050.40475,TP,13.815250000000027,11,0.2784967132817291,ml_v3ma10,2025-04
230819,long,2025-04-04 19:40:00,2025-04-04 19:45:00,2025-04-06 22:17:00,3030.167,3024.6650278107636,SL,-5.661972189236132,77,0.38367520749696926,ml_v3ma10,2025-04
230856,short,2025-04-06 23:55:00,2025-04-07 00:00:00,2025-04-07 00:01:00,2999.954,3006.1242512170143,SL,-6.330251217013913,1,0.2872638132827341,ml_v3ma10,2025-04
230861,short,2025-04-07 00:20:00,2025-04-07 00:25:00,2025-04-07 00:36:00,2983.977,2990.3750573784723,SL,-6.55805737847225,11,0.2796101867951204,ml_v3ma10,2025-04
230866,short,2025-04-07 00:45:00,2025-04-07 00:50:00,2025-04-07 00:57:00,2981.297,2987.8285266690973,SL,-6.691526669097251,7,0.27890444323512675,ml_v3ma10,2025-04
230870,short,2025-04-07 01:05:00,2025-04-07 01:10:00,2025-04-07 01:12:00,2993.143,2999.8973167694444,SL,-6.913316769444476,2,0.2877226099463636,ml_v3ma10,2025-04
230898,long,2025-04-07 03:25:00,2025-04-07 03:30:00,2025-04-07 03:48:00,3029.887,3022.3515864802084,SL,-7.695413519791703,18,0.3606261871136276,ml_v3ma10,2025-04
230905,long,2025-04-07 04:00:00,2025-04-07 04:05:00,2025-04-07 06:27:00,3025.758,3018.2384204072914,SL,-7.679579592708369,142,0.36016449263095696,ml_v3ma10,2025-04
231035,long,2025-04-07 14:50:00,2025-04-07 14:55:00,2025-04-07 15:09:00,3000.054,2992.139421468403,SL,-8.074578531597243,14,0.3600946793090849,ml_v3ma10,2025-04
231040,long,2025-04-07 15:15:00,2025-04-07 15:20:00,2025-04-07 15:28:00,2995.009,2987.0692062371527,SL,-8.098793762847246,8,0.36529011680995177,ml_v3ma10,2025-04
231046,long,2025-04-07 15:45:00,2025-04-07 15:50:00,2025-04-07 16:45:00,2982.025,2974.115310540625,SL,-8.06868945937502,55,0.37112864502664755,ml_v3ma10,2025-04
231060,long,2025-04-07 16:55:00,2025-04-07 17:00:00,2025-04-07 17:09:00,2970.57,2962.984409995486,SL,-7.74559000451391,9,0.36822252467716127,ml_v3ma10,2025-04
231081,long,2025-04-07 18:40:00,2025-04-07 18:45:00,2025-04-07 18:55:00,2971.905,2964.318112327778,SL,-7.746887672222232,10,0.36651149091513147,ml_v3ma10,2025-04
231087,long,2025-04-07 19:10:00,2025-04-07 19:15:00,2025-04-08 00:30:00,2971.692,2991.6079270833334,TP,19.755927083333365,252,0.38256884773070166,ml_v3ma10,2025-04
231193,short,2025-04-08 05:00:00,2025-04-08 05:05:00,2025-04-08 05:54:00,3001.001,3006.7056424875,SL,-5.864642487499986,49,0.27841152528865454,ml_v3ma10,2025-04
231208,short,2025-04-08 06:15:00,2025-04-08 06:20:00,2025-04-08 06:40:00,3009.531,3015.155480751389,SL,-5.784480751388879,20,0.27894405404118505,ml_v3ma10,2025-04
231220,short,2025-04-08 07:15:00,2025-04-08 07:20:00,2025-04-08 09:27:00,3009.769,2995.242333333333,TP,14.366666666666642,127,0.28048357203523466,ml_v3ma10,2025-04
231250,short,2025-04-08 09:45:00,2025-04-08 09:50:00,2025-04-08 10:31:00,3004.18,3009.4135732357636,SL,-5.393573235763875,41,0.27900887946828623,ml_v3ma10,2025-04
231275,short,2025-04-08 11:50:00,2025-04-08 11:55:00,2025-04-08 13:13:00,3015.043,3020.0680614486114,SL,-5.185061448611097,78,0.28105525571094725,ml_v3ma10,2025-04
231343,long,2025-04-08 17:30:00,2025-04-08 17:35:00,2025-04-08 17:53:00,2975.943,2987.4081250000004,TP,11.305124999999952,18,0.3603948171038389,ml_v3ma10,2025-04
231350,long,2025-04-08 18:05:00,2025-04-08 18:10:00,2025-04-08 19:21:00,2982.533,2978.230838675,SL,-4.462161324999978,71,0.3860709482833524,ml_v3ma10,2025-04
231409,long,2025-04-09 00:00:00,2025-04-09 00:05:00,2025-04-09 01:04:00,2978.007,2973.811926023958,SL,-4.355073976041657,59,0.3832863121115926,ml_v3ma10,2025-04
231426,long,2025-04-09 01:25:00,2025-04-09 01:30:00,2025-04-09 01:43:00,2990.113,3001.738875,TP,11.46587499999997,13,0.37242504578035673,ml_v3ma10,2025-04
231806,short,2025-04-10 10:05:00,2025-04-10 10:10:00,2025-04-10 10:26:00,3115.527,3121.6640555277777,SL,-6.29705552777778,16,0.28680042050261934,ml_v3ma10,2025-04
231812,short,2025-04-10 10:35:00,2025-04-10 10:40:00,2025-04-10 12:05:00,3119.634,3125.754693803125,SL,-6.280693803125002,85,0.2945694687165781,ml_v3ma10,2025-04
231832,short,2025-04-10 12:15:00,2025-04-10 12:20:00,2025-04-10 12:30:00,3126.804,3132.896752279167,SL,-6.252752279166675,10,0.288963757816195,ml_v3ma10,2025-04
231847,short,2025-04-10 13:30:00,2025-04-10 13:35:00,2025-04-10 13:38:00,3121.236,3127.289580175347,SL,-6.21358017534723,3,0.2786317115388154,ml_v3ma10,2025-04
231850,short,2025-04-10 13:45:00,2025-04-10 13:50:00,2025-04-10 14:02:00,3124.736,3130.769567520139,SL,-6.193567520138896,12,0.27870031648495186,ml_v3ma10,2025-04
231998,long,2025-04-11 03:05:00,2025-04-11 03:10:00,2025-04-11 04:16:00,3218.23,3212.975052946875,SL,-5.414947053125015,66,0.3665500318861138,ml_v3ma10,2025-04
232014,long,2025-04-11 04:25:00,2025-04-11 04:30:00,2025-04-11 04:53:00,3216.133,3211.083270959722,SL,-5.20972904027779,23,0.37138155563455866,ml_v3ma10,2025-04
232029,long,2025-04-11 05:40:00,2025-04-11 05:45:00,2025-04-11 06:26:00,3189.19,3202.6709791666667,TP,13.321979166666704,41,0.36894301248939787,ml_v3ma10,2025-04
232040,short,2025-04-11 06:35:00,2025-04-11 06:40:00,2025-04-11 07:07:00,3206.576,3211.835379759028,SL,-5.419379759027794,27,0.28712201561740947,ml_v3ma10,2025-04
232049,short,2025-04-11 07:20:00,2025-04-11 07:25:00,2025-04-11 07:59:00,3207.05,3212.397704499653,SL,-5.507704499652798,34,0.28056805279068064,ml_v3ma10,2025-04
232058,short,2025-04-11 08:05:00,2025-04-11 08:10:00,2025-04-11 08:21:00,3214.76,3220.1693218895834,SL,-5.569321889583355,11,0.27837804790478005,ml_v3ma10,2025-04
232063,short,2025-04-11 08:30:00,2025-04-11 08:35:00,2025-04-11 08:46:00,3215.993,3221.4245092295137,SL,-5.591509229513909,11,0.284734519825788,ml_v3ma10,2025-04
232068,short,2025-04-11 08:55:00,2025-04-11 09:00:00,2025-04-11 09:37:00,3215.984,3221.4353155277777,SL,-5.611315527777799,37,0.2840109854220061,ml_v3ma10,2025-04
232190,short,2025-04-11 19:05:00,2025-04-11 19:10:00,2025-04-11 20:41:00,3231.865,3237.2476145388887,SL,-5.542614538888906,91,0.27878925549281464,ml_v3ma10,2025-04
232213,short,2025-04-13 22:05:00,2025-04-13 22:10:00,2025-04-14 00:21:00,3220.964,3226.2907076805554,SL,-5.486707680555562,131,0.30015643560433447,ml_v3ma10,2025-04
232242,short,2025-04-14 00:30:00,2025-04-14 00:35:00,2025-04-14 01:26:00,3224.061,3229.397862823264,SL,-5.496862823263896,51,0.2892965291764357,ml_v3ma10,2025-04
232255,short,2025-04-14 01:35:00,2025-04-14 01:40:00,2025-04-14 02:03:00,3238.578,3243.9534277614584,SL,-5.53542776145834,23,0.2891353225070453,ml_v3ma10,2025-04
232286,short,2025-04-14 04:10:00,2025-04-14 04:15:00,2025-04-14 08:05:00,3234.544,3221.223989583333,TP,13.160010416666701,230,0.2858019223846758,ml_v3ma10,2025-04
232347,long,2025-04-14 09:15:00,2025-04-14 09:20:00,2025-04-14 09:30:00,3227.814,3223.092267386111,SL,-4.881732613888905,10,0.37134204110047575,ml_v3ma10,2025-04
232436,long,2025-04-14 17:05:00,2025-04-14 17:10:00,2025-04-14 18:35:00,3209.331,3205.0969840875,SL,-4.39401591250001,85,0.3601515592618246,ml_v3ma10,2025-04
232500,long,2025-04-14 23:25:00,2025-04-14 23:30:00,2025-04-15 01:23:00,3213.088,3223.4415000000004,TP,10.19350000000001,113,0.37482227612307784,ml_v3ma10,2025-04
232525,short,2025-04-15 01:30:00,2025-04-15 01:35:00,2025-04-15 03:01:00,3224.195,3227.9455969913197,SL,-3.910596991319451,86,0.2995804882442431,ml_v3ma10,2025-04
232549,short,2025-04-15 03:30:00,2025-04-15 03:35:00,2025-04-15 03:58:00,3225.165,3228.7532337600696,SL,-3.748233760069448,23,0.27965832508253197,ml_v3ma10,2025-04
232556,short,2025-04-15 04:05:00,2025-04-15 04:10:00,2025-04-15 04:53:00,3227.815,3231.344441872917,SL,-3.689441872916667,43,0.2832235932519585,ml_v3ma10,2025-04
232567,short,2025-04-15 05:00:00,2025-04-15 05:05:00,2025-04-15 05:45:00,3230.626,3221.538854166667,TP,8.927145833333332,40,0.28111002744938435,ml_v3ma10,2025-04
232578,short,2025-04-15 05:55:00,2025-04-15 06:00:00,2025-04-15 06:33:00,3224.685,3228.162527227778,SL,-3.63752722777778,33,0.2801102310813364,ml_v3ma10,2025-04
232627,short,2025-04-15 10:00:00,2025-04-15 10:05:00,2025-04-15 12:25:00,3224.335,3215.660677083333,TP,8.514322916666664,140,0.286904621516806,ml_v3ma10,2025-04
232669,short,2025-04-15 13:30:00,2025-04-15 13:35:00,2025-04-15 13:53:00,3220.278,3211.91921875,TP,8.198781249999993,18,0.2787129409991739,ml_v3ma10,2025-04
232811,long,2025-04-16 02:20:00,2025-04-16 02:25:00,2025-04-16 02:46:00,3271.124,3268.017062065625,SL,-3.2669379343749942,21,0.3630817448091893,ml_v3ma10,2025-04
232957,short,2025-04-16 14:30:00,2025-04-16 14:35:00,2025-04-16 15:06:00,3309.918,3313.954468822222,SL,-4.196468822222197,31,0.2801983646842372,ml_v3ma10,2025-04
233080,long,2025-04-17 01:45:00,2025-04-17 01:50:00,2025-04-17 01:51:00,3328.441,3323.9363112392357,SL,-4.664688760763884,1,0.3658613615162233,ml_v3ma10,2025-04
233214,long,2025-04-17 12:55:00,2025-04-17 13:00:00,2025-04-17 13:20:00,3328.22,3323.97467017118,SL,-4.405329828819453,20,0.37196648908284946,ml_v3ma10,2025-04
233223,long,2025-04-17 13:40:00,2025-04-17 13:45:00,2025-04-17 13:46:00,3329.56,3325.284466657639,SL,-4.435533342361123,1,0.38134287833907965,ml_v3ma10,2025-04
233290,long,2025-04-17 19:15:00,2025-04-17 19:20:00,2025-04-17 20:36:00,3313.809,3325.1158645833334,TP,11.14686458333335,76,0.3652253500832462,ml_v3ma10,2025-04
233422,short,2025-04-21 07:20:00,2025-04-21 07:25:00,2025-04-21 07:52:00,3395.4,3384.048875,TP,11.191125000000039,27,0.27852775688814957,ml_v3ma10,2025-04
233431,short,2025-04-21 08:05:00,2025-04-21 08:10:00,2025-04-21 08:28:00,3385.224,3389.5277804333336,SL,-4.463780433333354,18,0.2816604714750963,ml_v3ma10,2025-04
233437,short,2025-04-21 08:35:00,2025-04-21 08:40:00,2025-04-21 08:46:00,3387.845,3392.0714838840277,SL,-4.386483884027799,6,0.32403934854490235,ml_v3ma10,2025-04
233441,short,2025-04-21 08:55:00,2025-04-21 09:00:00,2025-04-21 09:28:00,3392.775,3396.9896699489586,SL,-4.3746699489583545,28,0.3103372986934848,ml_v3ma10,2025-04
233449,short,2025-04-21 09:35:00,2025-04-21 09:40:00,2025-04-21 11:36:00,3395.473,3399.6540813878473,SL,-4.34108138784724,116,0.3064482248222308,ml_v3ma10,2025-04
233475,short,2025-04-21 11:45:00,2025-04-21 11:50:00,2025-04-21 12:45:00,3403.838,3408.032335853125,SL,-4.354335853125013,55,0.30022416560339804,ml_v3ma10,2025-04
233489,short,2025-04-21 12:55:00,2025-04-21 13:00:00,2025-04-21 13:01:00,3414.86,3419.113306318403,SL,-4.41330631840279,1,0.29318888036894675,ml_v3ma10,2025-04
233492,short,2025-04-21 13:10:00,2025-04-21 13:15:00,2025-04-21 13:33:00,3420.718,3409.503645833333,TP,11.054354166666695,18,0.29094709623351267,ml_v3ma10,2025-04
233498,short,2025-04-21 13:40:00,2025-04-21 13:45:00,2025-04-21 13:49:00,3416.768,3421.0607244631947,SL,-4.4517244631944575,4,0.2930255996037977,ml_v3ma10,2025-04
233501,short,2025-04-21 13:55:00,2025-04-21 14:00:00,2025-04-21 14:05:00,3420.423,3424.756976010069,SL,-4.4939760100694555,5,0.2859910190231489,ml_v3ma10,2025-04
233505,short,2025-04-21 14:15:00,2025-04-21 14:20:00,2025-04-21 14:39:00,3427.204,3415.865010416667,TP,11.178989583333353,19,0.28554380537339913,ml_v3ma10,2025-04
233518,short,2025-04-21 15:20:00,2025-04-21 15:25:00,2025-04-21 15:38:00,3419.158,3423.473284832986,SL,-4.475284832986119,13,0.28290084194398235,ml_v3ma10,2025-04
233523,short,2025-04-21 15:45:00,2025-04-21 15:50:00,2025-04-21 16:38:00,3422.528,3411.426989583333,TP,10.941010416666687,48,0.2838775450701044,ml_v3ma10,2025-04
233563,short,2025-04-21 19:05:00,2025-04-21 19:10:00,2025-04-21 19:43:00,3430.003,3419.314822916667,TP,10.52817708333334,33,0.28014963410521115,ml_v3ma10,2025-04
233572,short,2025-04-21 19:50:00,2025-04-21 19:55:00,2025-04-21 20:00:00,3420.046,3424.1513682312498,SL,-4.2653682312500045,5,0.2978153745116209,ml_v3ma10,2025-04
233576,short,2025-04-21 20:10:00,2025-04-21 20:15:00,2025-04-21 20:41:00,3420.983,3425.1066943152778,SL,-4.2836943152777875,26,0.2998772481860136,ml_v3ma10,2025-04
233586,short,2025-04-21 22:00:00,2025-04-21 22:05:00,2025-04-21 22:11:00,3427.992,3432.0919354878474,SL,-4.25993548784723,6,0.2883452560327716,ml_v3ma10,2025-04
233590,short,2025-04-21 22:20:00,2025-04-21 22:25:00,2025-04-21 23:18:00,3434.197,3438.3230753569446,SL,-4.286075356944454,53,0.30353621689963217,ml_v3ma10,2025-04
233603,short,2025-04-21 23:25:00,2025-04-21 23:30:00,2025-04-22 00:01:00,3441.495,3430.787177083333,TP,10.547822916666691,31,0.28615940536085144,ml_v3ma10,2025-04
233625,short,2025-04-22 01:15:00,2025-04-22 01:20:00,2025-04-22 01:21:00,3435.77,3440.058446525,SL,-4.448446525000015,1,0.2845229268200086,ml_v3ma10,2025-04
233628,short,2025-04-22 01:30:00,2025-04-22 01:35:00,2025-04-22 01:37:00,3444.674,3448.982236949653,SL,-4.468236949652793,2,0.27954106200232676,ml_v3ma10,2025-04
233682,long,2025-04-22 06:00:00,2025-04-22 06:05:00,2025-04-22 06:22:00,3490.097,3485.4570363253474,SL,-4.798963674652777,17,0.3589922427448956,ml_v3ma10,2025-04
233717,long,2025-04-22 08:55:00,2025-04-22 09:00:00,2025-04-22 09:16:00,3444.043,3457.380666666667,TP,13.178666666666645,16,0.3627257826269219,ml_v3ma10,2025-04
233922,short,2025-04-23 03:00:00,2025-04-23 03:05:00,2025-04-23 05:40:00,3344.905,3324.8363958333334,TP,19.908604166666642,155,0.28194827532633504,ml_v3ma10,2025-04
233963,short,2025-04-23 06:25:00,2025-04-23 06:30:00,2025-04-23 06:53:00,3322.347,3301.7161979166667,TP,20.470802083333307,23,0.2848622974729631,ml_v3ma10,2025-04
233970,short,2025-04-23 07:00:00,2025-04-23 07:05:00,2025-04-23 07:43:00,3310.371,3318.3150558274306,SL,-8.104055827430548,38,0.28753489002434346,ml_v3ma10,2025-04
233983,short,2025-04-23 08:05:00,2025-04-23 08:10:00,2025-04-23 09:02:00,3315.015,3322.8322852006945,SL,-7.97728520069444,52,0.2795788529030505,ml_v3ma10,2025-04
234005,short,2025-04-23 09:55:00,2025-04-23 10:00:00,2025-04-23 10:03:00,3317.718,3325.449325628125,SL,-7.891325628124993,3,0.28740288307775774,ml_v3ma10,2025-04
234127,long,2025-04-23 20:05:00,2025-04-23 20:10:00,2025-04-23 20:32:00,3294.774,3287.467936350347,SL,-7.466063649652784,22,0.37064679963003333,ml_v3ma10,2025-04
234134,long,2025-04-23 20:40:00,2025-04-23 20:45:00,2025-04-23 22:05:00,3288.89,3307.9143958333334,TP,18.86439583333334,17,0.38274648729751937,ml_v3ma10,2025-04
234202,long,2025-04-24 03:20:00,2025-04-24 03:25:00,2025-04-24 03:36:00,3329.195,3322.5085270444447,SL,-6.845472955555558,11,0.3750063901976042,ml_v3ma10,2025-04
234207,long,2025-04-24 03:45:00,2025-04-24 03:50:00,2025-04-24 05:30:00,3328.026,3321.3473368611108,SL,-6.838663138888891,100,0.38658381152021076,ml_v3ma10,2025-04
234453,long,2025-04-25 01:35:00,2025-04-25 01:40:00,2025-04-25 01:52:00,3349.793,3344.646699878125,SL,-5.306300121875002,12,0.35912153525088364,ml_v3ma10,2025-04
234480,long,2025-04-25 03:50:00,2025-04-25 03:55:00,2025-04-25 03:57:00,3336.491,3331.6419014989583,SL,-5.009098501041669,2,0.36471056230912274,ml_v3ma10,2025-04
234757,long,2025-04-28 04:00:00,2025-04-28 04:05:00,2025-04-28 06:37:00,3292.444,3287.187767184375,SL,-5.416232815624998,152,0.3696345186819521,ml_v3ma10,2025-04
234828,short,2025-04-28 09:55:00,2025-04-28 10:00:00,2025-04-28 10:12:00,3274.54,3279.399237770139,SL,-5.0192377701388855,12,0.2794187474015583,ml_v3ma10,2025-04
234833,short,2025-04-28 10:20:00,2025-04-28 10:25:00,2025-04-28 10:35:00,3281.997,3286.8518288746527,SL,-5.014828874652775,10,0.2786951476125718,ml_v3ma10,2025-04
234840,short,2025-04-28 10:55:00,2025-04-28 11:00:00,2025-04-28 11:05:00,3289.573,3294.406050280208,SL,-4.993050280208332,5,0.2785417599653076,ml_v3ma10,2025-04
234850,long,2025-04-28 11:45:00,2025-04-28 11:50:00,2025-04-28 13:49:00,3292.439,3287.619656582986,SL,-4.97934341701389,119,0.36148080863532395,ml_v3ma10,2025-04
234979,short,2025-04-28 23:30:00,2025-04-28 23:35:00,2025-04-29 01:07:00,3337.342,3325.4002083333335,TP,11.781791666666654,92,0.2783783877383579,ml_v3ma10,2025-04
235004,short,2025-04-29 01:35:00,2025-04-29 01:40:00,2025-04-29 02:55:00,3333.842,3322.1407395833335,TP,11.541260416666661,75,0.27954402346243834,ml_v3ma10,2025-04
235101,short,2025-04-29 09:40:00,2025-04-29 09:45:00,2025-04-29 11:09:00,3311.66,3315.7796068604166,SL,-4.279606860416661,84,0.27999338428720255,ml_v3ma10,2025-04
235120,long,2025-04-29 11:15:00,2025-04-29 11:20:00,2025-04-29 12:03:00,3311.624,3307.488376665972,SL,-4.295623334027774,43,0.4310761343121853,ml_v3ma10,2025-04
235131,long,2025-04-29 12:10:00,2025-04-29 12:15:00,2025-04-29 12:20:00,3309.996,3305.864563330903,SL,-4.291436669097223,5,0.3805823184007543,ml_v3ma10,2025-04
235135,long,2025-04-29 12:30:00,2025-04-29 12:35:00,2025-04-29 12:38:00,3308.679,3304.509930967361,SL,-4.329069032638887,3,0.39638692577062906,ml_v3ma10,2025-04
235138,long,2025-04-29 12:45:00,2025-04-29 12:50:00,2025-04-29 13:38:00,3309.311,3320.2743229166667,TP,10.803322916666655,48,0.39326804347474265,ml_v3ma10,2025-04
235160,long,2025-04-29 14:35:00,2025-04-29 14:40:00,2025-04-29 15:02:00,3315.642,3311.282245245486,SL,-4.519754754513888,22,0.3616685312497145,ml_v3ma10,2025-04
235174,long,2025-04-29 15:45:00,2025-04-29 15:50:00,2025-04-29 16:38:00,3311.009,3322.1345104166667,TP,10.965510416666675,48,0.3601542790577781,ml_v3ma10,2025-04
235267,long,2025-04-30 00:30:00,2025-04-30 00:35:00,2025-04-30 00:44:00,3318.197,3314.198242909375,SL,-4.158757090625003,9,0.3597832849126518,ml_v3ma10,2025-04
235271,long,2025-04-30 00:50:00,2025-04-30 00:55:00,2025-04-30 01:04:00,3313.174,3309.1817510899305,SL,-4.152248910069447,9,0.3735736476265077,ml_v3ma10,2025-04
235275,long,2025-04-30 01:10:00,2025-04-30 01:15:00,2025-04-30 01:54:00,3315.771,3311.754583517014,SL,-4.176416482986114,39,0.39333317985821625,ml_v3ma10,2025-04
235285,long,2025-04-30 02:00:00,2025-04-30 02:05:00,2025-04-30 02:54:00,3310.971,3306.932241409375,SL,-4.198758590625007,49,0.3917263339804765,ml_v3ma10,2025-04
235297,long,2025-04-30 03:00:00,2025-04-30 03:05:00,2025-04-30 04:10:00,3306.751,3302.8027963923614,SL,-4.108203607638895,65,0.36128404068405945,ml_v3ma10,2025-04
235313,long,2025-04-30 04:20:00,2025-04-30 04:25:00,2025-04-30 05:11:00,3301.73,3311.7910208333333,TP,9.901020833333353,46,0.3669191199530863,ml_v3ma10,2025-04
235345,long,2025-04-30 07:00:00,2025-04-30 07:05:00,2025-04-30 08:08:00,3304.924,3301.203816847569,SL,-3.880183152430567,63,0.36437872898136303,ml_v3ma10,2025-04
235360,long,2025-04-30 08:15:00,2025-04-30 08:20:00,2025-04-30 08:22:00,3288.635,3284.9001932833335,SL,-3.8948067166666775,2,0.38198139479404825,ml_v3ma10,2025-04
235438,short,2025-04-30 14:45:00,2025-04-30 14:50:00,2025-04-30 14:51:00,3298.818,3303.03465811875,SL,-4.376658118750005,1,0.2783837763561037,ml_v3ma10,2025-04
235516,long,2025-04-30 22:15:00,2025-04-30 22:20:00,2025-04-30 23:42:00,3274.122,3269.802365797569,SL,-4.479634202430555,82,0.3594523782949466,ml_v3ma10,2025-04
235535,long,2025-04-30 23:50:00,2025-04-30 23:55:00,2025-05-01 00:19:00,3273.906,3269.3838343934026,SL,-4.682165606597217,24,0.36850059166140686,ml_v3ma10,2025-04
235709,short,2025-05-01 14:20:00,2025-05-01 14:25:00,2025-05-01 14:29:00,3217.442,3222.747052106597,SL,-5.465052106597222,4,0.2993674723683102,ml_v3ma10,2025-05
235724,short,2025-05-01 15:35:00,2025-05-01 15:40:00,2025-05-01 15:56:00,3211.564,3216.713423254861,SL,-5.309423254861103,16,0.2962856498099673,ml_v3ma10,2025-05
235771,long,2025-05-01 19:30:00,2025-05-01 19:35:00,2025-05-01 20:44:00,3226.254,3239.36159375,TP,12.947593749999992,69,0.4486862884733536,ml_v3ma10,2025-05
235826,long,2025-05-02 01:05:00,2025-05-02 01:10:00,2025-05-02 02:19:00,3234.093,3246.8491041666666,TP,12.596104166666665,69,0.4456736560900488,ml_v3ma10,2025-05
235867,long,2025-05-02 04:30:00,2025-05-02 04:35:00,2025-05-02 06:50:00,3253.37,3249.094407131597,SL,-4.4355928684027806,135,0.45200610260607405,ml_v3ma10,2025-05
236085,short,2025-05-04 23:45:00,2025-05-04 23:50:00,2025-05-05 01:05:00,3249.88,3253.9698478079863,SL,-4.249847807986126,75,0.2958671236016257,ml_v3ma10,2025-05
236103,short,2025-05-05 01:15:00,2025-05-05 01:20:00,2025-05-05 01:26:00,3261.15,3265.3044454684027,SL,-4.314445468402796,6,0.29681793080478225,ml_v3ma10,2025-05
236157,short,2025-05-05 05:45:00,2025-05-05 05:50:00,2025-05-05 05:55:00,3255.011,3259.213463142014,SL,-4.362463142013894,5,0.2978734484755444,ml_v3ma10,2025-05
236652,long,2025-05-07 01:00:00,2025-05-07 01:05:00,2025-05-07 01:06:00,3378.346,3372.8740725881944,SL,-5.6309274118055495,1,0.4386227908892953,ml_v3ma10,2025-05
236729,long,2025-05-07 07:25:00,2025-05-07 07:30:00,2025-05-07 07:34:00,3391.183,3385.9405653208332,SL,-5.402434679166654,4,0.4354083106153512,ml_v3ma10,2025-05
236741,long,2025-05-07 08:25:00,2025-05-07 08:30:00,2025-05-07 08:52:00,3386.948,3381.6978309038195,SL,-5.410169096180537,22,0.4329139982862801,ml_v3ma10,2025-05
236765,long,2025-05-07 10:25:00,2025-05-07 10:30:00,2025-05-07 11:21:00,3390.447,3385.169448924653,SL,-5.437551075347197,51,0.43317883593106604,ml_v3ma10,2025-05
236786,long,2025-05-07 12:10:00,2025-05-07 12:15:00,2025-05-07 12:21:00,3393.232,3387.884212163889,SL,-5.507787836111097,6,0.4312196695316177,ml_v3ma10,2025-05
237246,long,2025-05-09 04:30:00,2025-05-09 04:35:00,2025-05-09 05:10:00,3315.257,3329.2808125,TP,13.863812499999977,35,0.46166814834733866,ml_v3ma10,2025-05
237281,long,2025-05-09 07:25:00,2025-05-09 07:30:00,2025-05-09 11:27:00,3323.164,3336.6820312500004,TP,13.358031249999978,237,0.45054383603275894,ml_v3ma10,2025-05
237524,long,2025-05-12 04:45:00,2025-05-12 04:50:00,2025-05-12 05:17:00,3279.074,3274.560874414931,SL,-4.673125585069466,27,0.4296222057248879,ml_v3ma10,2025-05
237571,short,2025-05-12 08:40:00,2025-05-12 08:45:00,2025-05-12 09:34:00,3233.794,3220.97465625,TP,12.660343750000058,49,0.2949685750780804,ml_v3ma10,2025-05
237709,long,2025-05-12 20:10:00,2025-05-12 20:15:00,2025-05-12 22:50:00,3236.516,3231.121230243403,SL,-5.554769756597255,92,0.4321642742131549,ml_v3ma10,2025-05
237763,short,2025-05-13 01:40:00,2025-05-13 01:45:00,2025-05-13 01:47:00,3217.458,3222.4369644819444,SL,-5.138964481944457,2,0.29710519640944666,ml_v3ma10,2025-05
237783,long,2025-05-13 03:20:00,2025-05-13 03:25:00,2025-05-13 04:41:00,3234.642,3247.1821979166666,TP,12.380197916666699,76,0.43379416038804647,ml_v3ma10,2025-05
238014,short,2025-05-13 23:35:00,2025-05-13 23:40:00,2025-05-13 23:47:00,3252.315,3255.8646807270834,SL,-3.709680727083342,7,0.2953359247050497,ml_v3ma10,2025-05
238018,short,2025-05-13 23:55:00,2025-05-14 00:00:00,2025-05-14 00:10:00,3254.388,3245.112208333333,TP,9.115791666666691,10,0.2975153089366171,ml_v3ma10,2025-05
238146,long,2025-05-14 10:35:00,2025-05-14 10:40:00,2025-05-14 11:46:00,3233.02,3229.403348507639,SL,-3.776651492361121,66,0.43174207036574475,ml_v3ma10,2025-05
238560,long,2025-05-15 23:05:00,2025-05-15 23:10:00,2025-05-15 23:36:00,3246.423,3242.1996471857638,SL,-4.383352814236102,26,0.4316809463026193,ml_v3ma10,2025-05
238578,long,2025-05-16 00:35:00,2025-05-16 00:40:00,2025-05-16 01:10:00,3233.718,3229.3436931124997,SL,-4.534306887499997,30,0.478098376675381,ml_v3ma10,2025-05
238987,short,2025-05-19 11:45:00,2025-05-19 11:50:00,2025-05-19 12:56:00,3243.984,3231.298427083333,TP,12.525572916666615,66,0.29707377490735665,ml_v3ma10,2025-05
239128,short,2025-05-20 00:30:00,2025-05-20 00:35:00,2025-05-20 00:42:00,3215.602,3219.54136200625,SL,-4.099362006249988,7,0.3011982954115479,ml_v3ma10,2025-05
239218,long,2025-05-20 08:00:00,2025-05-20 08:05:00,2025-05-20 08:27:00,3221.869,3218.27993684375,SL,-3.749063156249996,22,0.4361710761968213,ml_v3ma10,2025-05
239969,long,2025-05-23 01:35:00,2025-05-23 01:40:00,2025-05-23 02:18:00,3300.429,3296.4011981694443,SL,-4.18780183055555,38,0.43947413969940713,ml_v3ma10,2025-05
239987,long,2025-05-23 03:05:00,2025-05-23 03:10:00,2025-05-23 04:18:00,3298.385,3308.8439687500004,TP,10.298968749999982,68,0.44604756450221705,ml_v3ma10,2025-05
240290,short,2025-05-26 05:25:00,2025-05-26 05:30:00,2025-05-26 05:45:00,3345.875,3349.8366763350696,SL,-4.1216763350694565,15,0.3007938908359853,ml_v3ma10,2025-05
240296,short,2025-05-26 05:55:00,2025-05-26 06:00:00,2025-05-26 07:00:00,3347.389,3336.9299895833333,TP,10.299010416666691,60,0.31018588303062505,ml_v3ma10,2025-05
240468,short,2025-05-27 00:05:00,2025-05-27 00:10:00,2025-05-27 01:23:00,3347.306,3339.8171458333336,TP,7.32885416666665,73,0.3048621493824883,ml_v3ma10,2025-05
241131,long,2025-05-29 09:20:00,2025-05-29 09:25:00,2025-05-29 10:03:00,3277.144,3287.13515625,TP,9.831156250000031,38,0.43221530076431747,ml_v3ma10,2025-05
241338,long,2025-05-30 03:35:00,2025-05-30 03:40:00,2025-05-30 03:44:00,3297.429,3294.129908034722,SL,-3.4590919652777803,4,0.4896642763093407,ml_v3ma10,2025-05
241342,long,2025-05-30 03:55:00,2025-05-30 04:00:00,2025-05-30 05:07:00,3294.517,3291.226963929861,SL,-3.4500360701388892,67,0.44095773683084033,ml_v3ma10,2025-05
241358,long,2025-05-30 05:15:00,2025-05-30 05:20:00,2025-05-30 05:51:00,3292.93,3301.4451354166663,TP,8.355135416666652,31,0.47989550990010194,ml_v3ma10,2025-05
241410,long,2025-05-30 09:35:00,2025-05-30 09:40:00,2025-05-30 11:19:00,3295.634,3292.3474918399306,SL,-3.4465081600694387,99,0.4450020409152217,ml_v3ma10,2025-05
241532,long,2025-05-30 19:45:00,2025-05-30 19:50:00,2025-06-01 22:05:00,3292.057,3301.1147916666664,TP,8.897791666666654,68,0.4514341388331462,ml_v3ma10,2025-05
241547,short,2025-06-01 22:05:00,2025-06-01 22:10:00,2025-06-01 22:56:00,3308.284,3311.813914112847,SL,-3.689914112847219,46,0.27883077515631094,ml_v3ma10,2025-06
241559,short,2025-06-01 23:05:00,2025-06-01 23:10:00,2025-06-02 00:40:00,3313.93,3304.42365625,TP,9.346343750000003,90,0.277758993273998,ml_v3ma10,2025-06
241626,short,2025-06-02 04:40:00,2025-06-02 04:45:00,2025-06-02 04:57:00,3314.683,3318.2415302652776,SL,-3.718530265277785,12,0.27415273290865744,ml_v3ma10,2025-06
241632,short,2025-06-02 05:10:00,2025-06-02 05:15:00,2025-06-02 05:44:00,3318.764,3322.313906926042,SL,-3.7099069260416746,29,0.27452523011322116,ml_v3ma10,2025-06
241640,short,2025-06-02 05:50:00,2025-06-02 05:55:00,2025-06-02 06:06:00,3323.414,3326.976744709028,SL,-3.722744709027786,11,0.29715588806518306,ml_v3ma10,2025-06
241645,short,2025-06-02 06:15:00,2025-06-02 06:20:00,2025-06-02 06:27:00,3333.78,3337.357693682292,SL,-3.7376936822916744,7,0.28612207152849695,ml_v3ma10,2025-06
241649,short,2025-06-02 06:35:00,2025-06-02 06:40:00,2025-06-02 06:43:00,3339.782,3343.378051513542,SL,-3.756051513541675,3,0.275489273452821,ml_v3ma10,2025-06
241708,short,2025-06-02 11:30:00,2025-06-02 11:35:00,2025-06-02 11:39:00,3355.578,3359.208275019097,SL,-3.790275019097235,4,0.27315283134734125,ml_v3ma10,2025-06
241711,short,2025-06-02 11:45:00,2025-06-02 11:50:00,2025-06-02 12:08:00,3355.11,3358.7724508288197,SL,-3.82245082881946,18,0.28733355119978876,ml_v3ma10,2025-06
241717,short,2025-06-02 12:15:00,2025-06-02 12:20:00,2025-06-02 12:25:00,3359.205,3362.8843601930557,SL,-3.8393601930555743,5,0.28397777704661165,ml_v3ma10,2025-06
241721,short,2025-06-02 12:35:00,2025-06-02 12:40:00,2025-06-02 13:25:00,3362.19,3352.505614583333,TP,9.524385416666709,45,0.27688419846957,ml_v3ma10,2025-06
241736,short,2025-06-02 13:50:00,2025-06-02 13:55:00,2025-06-02 14:57:00,3374.528,3378.148131781597,SL,-3.780131781597237,62,0.27369720239062084,ml_v3ma10,2025-06
241755,short,2025-06-02 15:25:00,2025-06-02 15:30:00,2025-06-02 16:03:00,3373.287,3376.785043870139,SL,-3.6580438701388953,33,0.27294122166832524,ml_v3ma10,2025-06
241824,short,2025-06-02 22:10:00,2025-06-02 22:15:00,2025-06-02 22:22:00,3386.361,3389.6514567208333,SL,-3.450456720833327,7,0.27478775304564407,ml_v3ma10,2025-06
241828,short,2025-06-02 22:30:00,2025-06-02 22:35:00,2025-06-02 23:25:00,3388.517,3391.824743083333,SL,-3.4677430833333243,50,0.2831015430093663,ml_v3ma10,2025-06
241841,short,2025-06-02 23:35:00,2025-06-02 23:40:00,2025-06-03 00:18:00,3386.162,3377.685833333333,TP,8.316166666666648,38,0.278414582716335,ml_v3ma10,2025-06
241853,short,2025-06-03 00:35:00,2025-06-03 00:40:00,2025-06-03 01:14:00,3376.153,3367.5952604166664,TP,8.397739583333315,34,0.27330520040690265,ml_v3ma10,2025-06
241902,long,2025-06-03 04:40:00,2025-06-03 04:45:00,2025-06-03 05:29:00,3362.474,3359.0495739697917,SL,-3.58442603020832,44,0.3490816532394654,ml_v3ma10,2025-06
241960,short,2025-06-03 09:30:00,2025-06-03 09:35:00,2025-06-03 12:20:00,3358.533,3349.7056562499997,TP,8.667343749999972,165,0.27476199833220094,ml_v3ma10,2025-06
241996,short,2025-06-03 12:30:00,2025-06-03 12:35:00,2025-06-03 12:37:00,3353.835,3357.1395128034724,SL,-3.46451280347221,2,0.27763923693932857,ml_v3ma10,2025-06
242093,long,2025-06-03 20:35:00,2025-06-03 20:40:00,2025-06-04 00:52:00,3354.127,3351.0291258975694,SL,-3.2578741024305473,189,0.345257033219922,ml_v3ma10,2025-06
242411,long,2025-06-05 01:05:00,2025-06-05 01:10:00,2025-06-05 01:15:00,3381.977,3378.844362689236,SL,-3.2926373107639,5,0.3488200058543084,ml_v3ma10,2025-06
242508,long,2025-06-05 09:10:00,2025-06-05 09:15:00,2025-06-05 09:29:00,3378.681,3386.4139583333335,TP,7.572958333333386,14,0.3589231706462501,ml_v3ma10,2025-06
242648,long,2025-06-05 20:50:00,2025-06-05 20:55:00,2025-06-06 00:05:00,3354.42,3364.0093958333337,TP,9.429395833333384,127,0.3459095932109383,ml_v3ma10,2025-06
242677,long,2025-06-06 00:15:00,2025-06-06 00:20:00,2025-06-06 00:42:00,3363.613,3359.9063094170137,SL,-3.8666905829861182,22,0.3842160155161556,ml_v3ma10,2025-06
242684,long,2025-06-06 00:50:00,2025-06-06 00:55:00,2025-06-06 03:35:00,3359.116,3368.8711979166665,TP,9.595197916666688,160,0.3690791397688751,ml_v3ma10,2025-06
242719,long,2025-06-06 03:45:00,2025-06-06 03:50:00,2025-06-06 05:40:00,3370.806,3367.157644937847,SL,-3.8083550621527986,110,0.34513821713742715,ml_v3ma10,2025-06
242744,long,2025-06-06 05:50:00,2025-06-06 05:55:00,2025-06-06 06:44:00,3362.48,3358.843629514236,SL,-3.7963704857639113,49,0.3455328484861818,ml_v3ma10,2025-06
242774,long,2025-06-06 08:20:00,2025-06-06 08:25:00,2025-06-06 09:23:00,3360.849,3357.136309192014,SL,-3.872690807986133,58,0.3543516293720639,ml_v3ma10,2025-06
242937,short,2025-06-08 23:00:00,2025-06-08 23:05:00,2025-06-09 00:15:00,3317.336,3308.256614583333,TP,8.919385416666676,70,0.27455180457769573,ml_v3ma10,2025-06
242954,short,2025-06-09 00:25:00,2025-06-09 00:30:00,2025-06-09 00:45:00,3310.17,3300.9854583333336,TP,9.024541666666689,15,0.28228585012715823,ml_v3ma10,2025-06
242960,short,2025-06-09 00:55:00,2025-06-09 01:00:00,2025-06-09 01:04:00,3305.423,3308.975252252083,SL,-3.7122522520833408,4,0.28019024022382266,ml_v3ma10,2025-06
242963,short,2025-06-09 01:10:00,2025-06-09 01:15:00,2025-06-09 01:59:00,3305.548,3296.1049999999996,TP,9.283000000000023,44,0.2794505921313185,ml_v3ma10,2025-06
242974,short,2025-06-09 02:05:00,2025-06-09 02:10:00,2025-06-09 02:20:00,3297.687,3301.373531096875,SL,-3.8465310968750055,10,0.27699336084813064,ml_v3ma10,2025-06
242979,short,2025-06-09 02:30:00,2025-06-09 02:35:00,2025-06-09 03:06:00,3304.238,3307.952551988889,SL,-3.8745519888888933,31,0.27302048775643295,ml_v3ma10,2025-06
242990,short,2025-06-09 03:25:00,2025-06-09 03:30:00,2025-06-09 03:40:00,3304.325,3308.025444317014,SL,-3.860444317013885,10,0.2757041570851225,ml_v3ma10,2025-06
243005,long,2025-06-09 04:40:00,2025-06-09 04:45:00,2025-06-09 06:49:00,3312.262,3321.932875,TP,9.510874999999986,124,0.3515534969595355,ml_v3ma10,2025-06
243087,short,2025-06-09 11:30:00,2025-06-09 11:35:00,2025-06-09 12:34:00,3317.994,3321.5487801246527,SL,-3.7147801246527643,59,0.2744045438039215,ml_v3ma10,2025-06
243210,short,2025-06-09 22:45:00,2025-06-09 22:50:00,2025-06-09 23:18:00,3323.044,3325.9451325979167,SL,-3.0611325979166684,28,0.2747299105025455,ml_v3ma10,2025-06
243220,short,2025-06-09 23:35:00,2025-06-09 23:40:00,2025-06-10 00:35:00,3326.469,3319.0006354166667,TP,7.308364583333331,55,0.27776335020671067,ml_v3ma10,2025-06
243267,long,2025-06-10 03:30:00,2025-06-10 03:35:00,2025-06-10 04:10:00,3308.98,3306.238972612153,SL,-2.901027387847216,35,0.345495027769259,ml_v3ma10,2025-06
243277,long,2025-06-10 04:20:00,2025-06-10 04:25:00,2025-06-10 04:29:00,3307.484,3304.764894069097,SL,-2.8791059309027736,4,0.3478708638948299,ml_v3ma10,2025-06
243350,short,2025-06-10 10:25:00,2025-06-10 10:30:00,2025-06-10 11:09:00,3333.914,3336.737113799306,SL,-2.983113799305556,39,0.2804519416407296,ml_v3ma10,2025-06
243486,short,2025-06-10 22:45:00,2025-06-10 22:50:00,2025-06-10 23:21:00,3325.388,3317.5581666666667,TP,7.669833333333317,31,0.2764214609970342,ml_v3ma10,2025-06
243495,short,2025-06-10 23:30:00,2025-06-10 23:35:00,2025-06-10 23:37:00,3321.385,3324.419546330903,SL,-3.194546330902775,2,0.27850511073131434,ml_v3ma10,2025-06
243498,short,2025-06-10 23:45:00,2025-06-10 23:50:00,2025-06-11 00:10:00,3326.131,3329.1723997625,SL,-3.2013997625000004,20,0.28319442829266306,ml_v3ma10,2025-06
243553,long,2025-06-11 04:20:00,2025-06-11 04:25:00,2025-06-11 05:43:00,3340.21,3337.2737906899306,SL,-3.0962093100694568,78,0.34986391473748807,ml_v3ma10,2025-06
243784,long,2025-06-12 00:35:00,2025-06-12 00:40:00,2025-06-12 00:59:00,3369.137,3365.6046810350695,SL,-3.6923189649305463,19,0.3448982311646444,ml_v3ma10,2025-06
243796,long,2025-06-12 01:35:00,2025-06-12 01:40:00,2025-06-12 01:44:00,3373.022,3369.412900378125,SL,-3.7690996218749886,4,0.3502797939129274,ml_v3ma10,2025-06
243830,long,2025-06-12 04:25:00,2025-06-12 04:30:00,2025-06-12 05:00:00,3371.846,3368.235991613889,SL,-3.770008386111096,30,0.3473321563498738,ml_v3ma10,2025-06
243856,long,2025-06-12 06:35:00,2025-06-12 06:40:00,2025-06-12 07:25:00,3372.988,3369.33136288125,SL,-3.8166371187499935,45,0.34663788734003365,ml_v3ma10,2025-06
244084,long,2025-06-13 02:35:00,2025-06-13 02:40:00,2025-06-13 03:13:00,3438.236,3434.298800773264,SL,-4.097199226736121,33,0.3469598546604323,ml_v3ma10,2025-06
244094,long,2025-06-13 03:25:00,2025-06-13 03:30:00,2025-06-13 03:40:00,3430.268,3426.251230329167,SL,-4.176769670833345,10,0.3583229650626552,ml_v3ma10,2025-06
244099,long,2025-06-13 03:50:00,2025-06-13 03:55:00,2025-06-13 04:01:00,3427.318,3423.2753404694445,SL,-4.202659530555563,6,0.3455963869201732,ml_v3ma10,2025-06
244173,long,2025-06-13 10:00:00,2025-06-13 10:05:00,2025-06-13 10:11:00,3426.229,3421.960300247222,SL,-4.428699752777791,6,0.34944103412362015,ml_v3ma10,2025-06
244204,long,2025-06-13 12:35:00,2025-06-13 12:40:00,2025-06-13 13:26:00,3432.305,3443.374552083333,TP,10.90955208333336,46,0.3524702373302625,ml_v3ma10,2025-06
244305,short,2025-06-15 22:05:00,2025-06-15 22:10:00,2025-06-15 22:12:00,3444.108,3448.413328110417,SL,-4.465328110416661,2,0.27552327303408786,ml_v3ma10,2025-06
244365,short,2025-06-16 03:05:00,2025-06-16 03:10:00,2025-06-16 04:47:00,3439.299,3428.0844583333333,TP,11.054541666666676,97,0.273370282098417,ml_v3ma10,2025-06
244387,short,2025-06-16 04:55:00,2025-06-16 05:00:00,2025-06-16 06:05:00,3427.557,3416.8856979166667,TP,10.511302083333325,65,0.27586004028363387,ml_v3ma10,2025-06
244405,short,2025-06-16 06:25:00,2025-06-16 06:30:00,2025-06-16 10:52:00,3416.016,3420.106185122222,SL,-4.250185122222217,262,0.2734946791032357,ml_v3ma10,2025-06
244466,short,2025-06-16 11:30:00,2025-06-16 11:35:00,2025-06-16 13:16:00,3417.682,3407.4745104166664,TP,10.047489583333313,101,0.2739983679520996,ml_v3ma10,2025-06
244521,long,2025-06-16 16:05:00,2025-06-16 16:10:00,2025-06-16 16:16:00,3403.41,3399.5388310270832,SL,-4.031168972916666,6,0.35044868229126724,ml_v3ma10,2025-06
244551,long,2025-06-16 18:35:00,2025-06-16 18:40:00,2025-06-16 18:56:00,3390.199,3386.464268682986,SL,-3.89473131701389,16,0.35178680697499076,ml_v3ma10,2025-06
244558,long,2025-06-16 19:10:00,2025-06-16 19:15:00,2025-06-16 22:40:00,3384.013,3393.8197291666665,TP,9.646729166666674,141,0.35253255141030226,ml_v3ma10,2025-06
244711,short,2025-06-17 08:55:00,2025-06-17 09:00:00,2025-06-17 09:21:00,3378.829,3382.250648148264,SL,-3.5816481482638873,21,0.27448700396483217,ml_v3ma10,2025-06
244871,short,2025-06-17 23:15:00,2025-06-17 23:20:00,2025-06-18 01:42:00,3389.833,3380.6063958333334,TP,9.066604166666613,142,0.27311919792466843,ml_v3ma10,2025-06
244933,long,2025-06-18 04:25:00,2025-06-18 04:30:00,2025-06-18 05:26:00,3395.029,3391.775131952778,SL,-3.4138680472222256,56,0.34869184174321854,ml_v3ma10,2025-06
244947,short,2025-06-18 05:35:00,2025-06-18 05:40:00,2025-06-18 07:28:00,3386.598,3377.9437083333332,TP,8.49429166666668,108,0.2754717859878021,ml_v3ma10,2025-06
245132,long,2025-06-18 22:00:00,2025-06-18 22:05:00,2025-06-18 22:22:00,3371.397,3379.6203645833334,TP,8.063364583333284,17,0.3510870697664388,ml_v3ma10,2025-06
245185,long,2025-06-19 02:25:00,2025-06-19 02:30:00,2025-06-19 03:20:00,3375.617,3372.3799817909726,SL,-3.3970182090277468,50,0.34532719520109767,ml_v3ma10,2025-06
245198,long,2025-06-19 03:30:00,2025-06-19 03:35:00,2025-06-19 05:13:00,3373.449,3370.252594425,SL,-3.3564055749999713,98,0.34520047075151306,ml_v3ma10,2025-06
245221,long,2025-06-19 05:25:00,2025-06-19 05:30:00,2025-06-19 05:44:00,3372.198,3369.0379092788194,SL,-3.3200907211805215,14,0.35274420659933914,ml_v3ma10,2025-06
245279,long,2025-06-19 10:15:00,2025-06-19 10:20:00,2025-06-19 11:53:00,3374.14,3370.7463409965276,SL,-3.553659003472183,93,0.34520061134963476,ml_v3ma10,2025-06
245350,long,2025-06-19 16:10:00,2025-06-19 16:15:00,2025-06-19 22:12:00,3367.478,3364.1937419243054,SL,-3.44425807569444,70,0.34604476709284715,ml_v3ma10,2025-06
245367,long,2025-06-19 22:20:00,2025-06-19 22:25:00,2025-06-19 22:38:00,3367.001,3363.6960109881948,SL,-3.4649890118055544,13,0.3495430561849503,ml_v3ma10,2025-06
245372,long,2025-06-19 22:45:00,2025-06-19 22:50:00,2025-06-20 01:11:00,3364.486,3361.166427107986,SL,-3.479572892013888,141,0.3543753055792602,ml_v3ma10,2025-06
245403,long,2025-06-20 01:20:00,2025-06-20 01:25:00,2025-06-20 01:43:00,3362.439,3359.3642458121526,SL,-3.2347541878472232,18,0.3654121360836092,ml_v3ma10,2025-06
245409,long,2025-06-20 01:50:00,2025-06-20 01:55:00,2025-06-20 02:31:00,3358.755,3355.7075246128475,SL,-3.2074753871527815,36,0.34690970103968943,ml_v3ma10,2025-06
245419,long,2025-06-20 02:40:00,2025-06-20 02:45:00,2025-06-20 02:47:00,3356.292,3353.2196705062497,SL,-3.232329493750007,2,0.34676300556916506,ml_v3ma10,2025-06
245430,long,2025-06-20 03:35:00,2025-06-20 03:40:00,2025-06-20 05:30:00,3351.556,3348.4644594684028,SL,-3.2515405315972323,110,0.3623404613330563,ml_v3ma10,2025-06
245500,long,2025-06-20 09:25:00,2025-06-20 09:30:00,2025-06-20 11:24:00,3355.994,3352.8423818187503,SL,-3.311618181250007,114,0.35346398807314783,ml_v3ma10,2025-06
245663,short,2025-06-23 00:05:00,2025-06-23 00:10:00,2025-06-23 00:40:00,3368.133,3360.4212916666665,TP,7.551708333333286,30,0.27409044622716283,ml_v3ma10,2025-06
245695,long,2025-06-23 02:45:00,2025-06-23 02:50:00,2025-06-23 04:24:00,3362.109,3359.0397857024304,SL,-3.2292142975694285,94,0.35066261260986353,ml_v3ma10,2025-06
245725,short,2025-06-23 05:15:00,2025-06-23 05:20:00,2025-06-23 05:35:00,3358.177,3350.41528125,TP,7.601718749999938,15,0.2744071542148552,ml_v3ma10,2025-06
245731,short,2025-06-23 05:45:00,2025-06-23 05:50:00,2025-06-23 06:02:00,3356.469,3359.4873909631947,SL,-3.178390963194424,12,0.28325334468502794,ml_v3ma10,2025-06
245770,long,2025-06-23 09:00:00,2025-06-23 09:05:00,2025-06-23 11:04:00,3363.163,3370.9398854166666,TP,7.616885416666658,119,0.3563964627971581,ml_v3ma10,2025-06
245841,short,2025-06-23 14:55:00,2025-06-23 15:00:00,2025-06-23 15:52:00,3386.402,3389.5834169177083,SL,-3.341416917708335,52,0.2748068871921805,ml_v3ma10,2025-06
245919,short,2025-06-23 22:25:00,2025-06-23 22:30:00,2025-06-23 22:31:00,3356.489,3360.0577171552086,SL,-3.7287171552083422,1,0.2745121073084117,ml_v3ma10,2025-06
245961,long,2025-06-24 01:55:00,2025-06-24 02:00:00,2025-06-24 03:35:00,3347.72,3357.2643437499996,TP,9.384343750000024,95,0.347892974889098,ml_v3ma10,2025-06
245993,long,2025-06-24 04:35:00,2025-06-24 04:40:00,2025-06-24 05:05:00,3349.129,3345.573934150347,SL,-3.715065849652783,25,0.357030454240625,ml_v3ma10,2025-06
246046,short,2025-06-24 09:00:00,2025-06-24 09:05:00,2025-06-24 11:19:00,3324.872,3328.6644557038194,SL,-3.9524557038194463,134,0.2753099773036858,ml_v3ma10,2025-06
246075,short,2025-06-24 11:25:00,2025-06-24 11:30:00,2025-06-24 12:13:00,3324.521,3314.53684375,TP,9.82415624999997,43,0.2910282316216088,ml_v3ma10,2025-06
246086,short,2025-06-24 12:20:00,2025-06-24 12:25:00,2025-06-24 12:34:00,3316.912,3306.79434375,TP,9.957656249999971,9,0.2889273587571999,ml_v3ma10,2025-06
246092,short,2025-06-24 12:50:00,2025-06-24 12:55:00,2025-06-24 13:32:00,3316.874,3306.544520833333,TP,10.169479166666633,37,0.2743344846750459,ml_v3ma10,2025-06
246102,short,2025-06-24 13:40:00,2025-06-24 13:45:00,2025-06-24 13:46:00,3298.749,3302.731538228472,SL,-4.142538228472213,1,0.2768590245033464,ml_v3ma10,2025-06
246105,short,2025-06-24 13:55:00,2025-06-24 14:00:00,2025-06-24 14:03:00,3302.009,3306.02093615625,SL,-4.171936156249992,3,0.2758317235494813,ml_v3ma10,2025-06
246114,short,2025-06-24 14:40:00,2025-06-24 14:45:00,2025-06-24 15:27:00,3306.458,3310.5039691784723,SL,-4.20596917847222,42,0.2732193413759431,ml_v3ma10,2025-06
246149,long,2025-06-24 17:35:00,2025-06-24 17:40:00,2025-06-24 18:14:00,3319.944,3315.997058344444,SL,-4.106941655555557,34,0.35790975234652483,ml_v3ma10,2025-06
246158,long,2025-06-24 18:20:00,2025-06-24 18:25:00,2025-06-25 00:10:00,3316.791,3326.8871041666666,TP,9.936104166666674,281,0.3672722289440344,ml_v3ma10,2025-06
246519,long,2025-06-26 02:25:00,2025-06-26 02:30:00,2025-06-26 02:53:00,3335.648,3341.76625,TP,5.958250000000003,23,0.34486250179218636,ml_v3ma10,2025-06
246526,long,2025-06-26 03:00:00,2025-06-26 03:05:00,2025-06-26 03:35:00,3339.399,3337.0669919180555,SL,-2.4920080819444435,30,0.34920428526685166,ml_v3ma10,2025-06
246535,long,2025-06-26 03:45:00,2025-06-26 03:50:00,2025-06-26 04:12:00,3338.474,3336.141023627778,SL,-2.492976372222226,22,0.3590364883416502,ml_v3ma10,2025-06
246572,long,2025-06-26 06:50:00,2025-06-26 06:55:00,2025-06-26 07:26:00,3339.214,3345.4862395833334,TP,6.112239583333331,31,0.350974245753796,ml_v3ma10,2025-06
246581,long,2025-06-26 07:35:00,2025-06-26 07:40:00,2025-06-26 09:10:00,3345.577,3343.182572910764,SL,-2.554427089236108,90,0.3615743768894647,ml_v3ma10,2025-06
246658,short,2025-06-26 14:00:00,2025-06-26 14:05:00,2025-06-26 14:06:00,3318.685,3321.3421194795137,SL,-2.817119479513883,1,0.27427752702389063,ml_v3ma10,2025-06
246661,short,2025-06-26 14:15:00,2025-06-26 14:20:00,2025-06-26 14:29:00,3321.45,3314.4543854166664,TP,6.835614583333321,9,0.27419487028274836,ml_v3ma10,2025-06
246665,short,2025-06-26 14:35:00,2025-06-26 14:40:00,2025-06-26 14:41:00,3312.855,3315.5446643506943,SL,-2.8496643506944395,1,0.27351601808224024,ml_v3ma10,2025-06
246742,long,2025-06-26 22:00:00,2025-06-26 22:05:00,2025-06-26 22:06:00,3325.239,3322.6157865538194,SL,-2.7832134461805507,1,0.37826632103454566,ml_v3ma10,2025-06
246745,long,2025-06-26 22:15:00,2025-06-26 22:20:00,2025-06-26 22:43:00,3322.661,3320.0312347208333,SL,-2.7897652791666627,23,0.3580454694411491,ml_v3ma10,2025-06
246752,long,2025-06-26 22:50:00,2025-06-26 22:55:00,2025-06-26 23:33:00,3322.212,3319.5588886072915,SL,-2.8131113927083304,38,0.35111893427476504,ml_v3ma10,2025-06
246762,long,2025-06-26 23:40:00,2025-06-26 23:45:00,2025-06-26 23:58:00,3319.552,3316.89425748125,SL,-2.817742518749999,13,0.3491095994355112,ml_v3ma10,2025-06
246784,long,2025-06-27 01:30:00,2025-06-27 01:35:00,2025-06-27 01:41:00,3320.341,3317.6196122375,SL,-2.8813877625000006,6,0.34738179287617454,ml_v3ma10,2025-06
246791,long,2025-06-27 02:05:00,2025-06-27 02:10:00,2025-06-27 02:24:00,3319.932,3317.2060803215277,SL,-2.885919678472224,14,0.3527967460296096,ml_v3ma10,2025-06
246870,short,2025-06-27 08:40:00,2025-06-27 08:45:00,2025-06-27 08:50:00,3287.623,3290.716294565625,SL,-3.2532945656250045,5,0.2743741856726382,ml_v3ma10,2025-06
246876,short,2025-06-27 09:10:00,2025-06-27 09:15:00,2025-06-27 09:38:00,3285.5,3288.608005434722,SL,-3.268005434722228,23,0.27567360587701933,ml_v3ma10,2025-06
246884,short,2025-06-27 09:50:00,2025-06-27 09:55:00,2025-06-27 10:08:00,3285.475,3288.6150066347222,SL,-3.300006634722233,13,0.2745555904399203,ml_v3ma10,2025-06
246899,short,2025-06-27 11:05:00,2025-06-27 11:10:00,2025-06-27 12:09:00,3284.027,3275.6655104166666,TP,8.201489583333363,59,0.276275982747334,ml_v3ma10,2025-06
246914,short,2025-06-27 12:20:00,2025-06-27 12:25:00,2025-06-27 12:45:00,3279.438,3270.750916666667,TP,8.527083333333362,20,0.2795840554335294,ml_v3ma10,2025-06
246921,short,2025-06-27 12:55:00,2025-06-27 13:00:00,2025-06-27 13:15:00,3270.06,3261.2311875,TP,8.668812500000007,15,0.2729247160696807,ml_v3ma10,2025-06
246928,short,2025-06-27 13:30:00,2025-06-27 13:35:00,2025-06-27 13:43:00,3261.483,3264.8916397239586,SL,-3.5686397239583374,8,0.27580843158350127,ml_v3ma10,2025-06
246941,short,2025-06-27 14:35:00,2025-06-27 14:40:00,2025-06-27 14:57:00,3266.954,3270.329467845139,SL,-3.5354678451388972,17,0.27590436646331995,ml_v3ma10,2025-06
246995,long,2025-06-27 19:05:00,2025-06-27 19:10:00,2025-06-27 19:20:00,3273.222,3269.8884583302083,SL,-3.493541669791675,10,0.36708227582482855,ml_v3ma10,2025-06
247006,long,2025-06-27 20:00:00,2025-06-27 20:05:00,2025-06-29 22:11:00,3271.538,3268.172961117361,SL,-3.5250388826388983,59,0.345359822074989,ml_v3ma10,2025-06
247021,short,2025-06-29 22:20:00,2025-06-29 22:25:00,2025-06-29 22:35:00,3255.815,3259.239731597222,SL,-3.584731597222226,10,0.27986765642616784,ml_v3ma10,2025-06
247073,long,2025-06-30 02:40:00,2025-06-30 02:45:00,2025-06-30 05:17:00,3278.395,3288.116666666667,TP,9.561666666666673,152,0.3480195912995705,ml_v3ma10,2025-06
247106,short,2025-06-30 05:25:00,2025-06-30 05:30:00,2025-06-30 06:23:00,3288.075,3291.6787660885416,SL,-3.7637660885416695,53,0.2740907182529847,ml_v3ma10,2025-06
247119,short,2025-06-30 06:30:00,2025-06-30 06:35:00,2025-06-30 09:07:00,3293.423,3284.0288124999997,TP,9.23418750000002,152,0.2967248519495408,ml_v3ma10,2025-06
247173,short,2025-06-30 11:00:00,2025-06-30 11:05:00,2025-06-30 12:21:00,3282.136,3285.529285973611,SL,-3.5532859736111093,76,0.2754776658133218,ml_v3ma10,2025-06
247315,short,2025-06-30 23:50:00,2025-06-30 23:55:00,2025-07-01 00:57:00,3311.601,3314.389172012847,SL,-2.9481720128472237,62,0.2758361160569105,ml_v3ma10,2025-06
247377,short,2025-07-01 05:00:00,2025-07-01 05:05:00,2025-07-01 05:12:00,3324.391,3326.9300634652777,SL,-2.699063465277775,7,0.2820401353434875,ml_v3ma10,2025-07
247381,short,2025-07-01 05:20:00,2025-07-01 05:25:00,2025-07-01 05:35:00,3329.363,3331.913520244097,SL,-2.7105202440972183,10,0.2813291711406066,ml_v3ma10,2025-07
247386,short,2025-07-01 05:45:00,2025-07-01 05:50:00,2025-07-01 06:44:00,3329.694,3332.252413397222,SL,-2.718413397222218,54,0.2901974181791918,ml_v3ma10,2025-07
247581,short,2025-07-01 23:00:00,2025-07-01 23:05:00,2025-07-01 23:15:00,3337.347,3339.8494509812504,SL,-2.6624509812499713,10,0.2841246620076875,ml_v3ma10,2025-07
247588,short,2025-07-01 23:35:00,2025-07-01 23:40:00,2025-07-02 00:08:00,3339.431,3341.923573626736,SL,-2.6525736267360753,28,0.2788033977407197,ml_v3ma10,2025-07
247600,long,2025-07-02 00:35:00,2025-07-02 00:40:00,2025-07-02 01:24:00,3336.829,3334.291912799306,SL,-2.6970872006944164,44,0.36358005925877146,ml_v3ma10,2025-07
247611,long,2025-07-02 01:30:00,2025-07-02 01:35:00,2025-07-02 01:40:00,3333.809,3331.227395256945,SL,-2.74160474305553,5,0.36322912532992274,ml_v3ma10,2025-07
247616,long,2025-07-02 01:55:00,2025-07-02 02:00:00,2025-07-02 02:03:00,3332.234,3329.643029826389,SL,-2.7509701736110883,3,0.36207826718737834,ml_v3ma10,2025-07
247751,short,2025-07-02 13:10:00,2025-07-02 13:15:00,2025-07-02 13:47:00,3344.732,3337.7659166666667,TP,6.806083333333306,32,0.2800886990774749,ml_v3ma10,2025-07
247760,short,2025-07-02 13:55:00,2025-07-02 14:00:00,2025-07-02 14:44:00,3337.479,3340.1434570562496,SL,-2.8244570562499915,44,0.2869597314473774,ml_v3ma10,2025-07
247771,short,2025-07-02 14:50:00,2025-07-02 14:55:00,2025-07-02 16:07:00,3342.005,3344.635078782986,SL,-2.7900787829860993,72,0.29236375685149885,ml_v3ma10,2025-07
248093,long,2025-07-03 18:40:00,2025-07-03 18:45:00,2025-07-03 20:25:00,3328.692,3326.1145739850695,SL,-2.7374260149305507,100,0.361906705990907,ml_v3ma10,2025-07
248116,long,2025-07-03 20:35:00,2025-07-03 20:40:00,2025-07-03 22:04:00,3327.074,3324.5289085309028,SL,-2.7050914690972188,20,0.45204587121357015,ml_v3ma10,2025-07
248123,long,2025-07-03 22:10:00,2025-07-03 22:15:00,2025-07-03 23:27:00,3324.484,3331.1586562499997,TP,6.514656249999993,72,0.43492286600012997,ml_v3ma10,2025-07
248140,long,2025-07-03 23:35:00,2025-07-03 23:40:00,2025-07-04 00:09:00,3330.543,3328.017222747222,SL,-2.6857772527777772,29,0.40693890926842724,ml_v3ma10,2025-07
248150,long,2025-07-04 00:25:00,2025-07-04 00:30:00,2025-07-04 03:33:00,3328.311,3334.8395833333334,TP,6.368583333333335,183,0.3628845213313979,ml_v3ma10,2025-07
248189,long,2025-07-04 03:40:00,2025-07-04 03:45:00,2025-07-04 06:06:00,3337.754,3344.1800729166666,TP,6.26607291666666,141,0.42284877749044164,ml_v3ma10,2025-07
248231,long,2025-07-04 07:10:00,2025-07-04 07:15:00,2025-07-04 09:31:00,3338.95,3336.530996592361,SL,-2.5790034076388793,136,0.38249815218176275,ml_v3ma10,2025-07
248261,long,2025-07-04 09:40:00,2025-07-04 09:45:00,2025-07-04 10:41:00,3334.374,3331.970822582639,SL,-2.5631774173611093,56,0.365567113462688,ml_v3ma10,2025-07
248343,short,2025-07-04 16:30:00,2025-07-04 16:35:00,2025-07-06 22:05:00,3334.349,3336.1447974986113,SL,-1.9557974986111142,10,0.2801948704790319,ml_v3ma10,2025-07
248349,short,2025-07-06 22:20:00,2025-07-06 22:25:00,2025-07-06 22:34:00,3333.855,3335.6878306333333,SL,-1.9928306333333377,9,0.28266850639343283,ml_v3ma10,2025-07
248357,short,2025-07-06 23:00:00,2025-07-06 23:05:00,2025-07-06 23:32:00,3333.146,3328.3323958333335,TP,4.653604166666664,27,0.28034811247348806,ml_v3ma10,2025-07
248369,short,2025-07-07 00:00:00,2025-07-07 00:05:00,2025-07-07 01:01:00,3326.555,3321.67396875,TP,4.7210312500000065,56,0.2812456875335687,ml_v3ma10,2025-07
248431,short,2025-07-07 05:10:00,2025-07-07 05:15:00,2025-07-07 05:51:00,3311.334,3313.5999262388887,SL,-2.425926238888883,36,0.2791723705390105,ml_v3ma10,2025-07
248482,short,2025-07-07 09:25:00,2025-07-07 09:30:00,2025-07-07 09:50:00,3307.639,3310.0420861440975,SL,-2.5630861440972126,20,0.280554035275666,ml_v3ma10,2025-07
248496,short,2025-07-07 10:35:00,2025-07-07 10:40:00,2025-07-07 10:42:00,3305.491,3299.05290625,TP,6.27809374999997,2,0.29529366222637377,ml_v3ma10,2025-07
248499,short,2025-07-07 10:50:00,2025-07-07 10:55:00,2025-07-07 11:09:00,3303.501,3306.0097845520836,SL,-2.668784552083323,14,0.28350901929157457,ml_v3ma10,2025-07
248505,short,2025-07-07 11:20:00,2025-07-07 11:25:00,2025-07-07 12:21:00,3303.526,3306.0871714371524,SL,-2.721171437152769,56,0.2876062160544535,ml_v3ma10,2025-07
248688,short,2025-07-08 03:35:00,2025-07-08 03:40:00,2025-07-08 05:14:00,3330.887,3333.582224082986,SL,-2.855224082986109,94,0.2968277485847351,ml_v3ma10,2025-07
248713,short,2025-07-08 05:40:00,2025-07-08 05:45:00,2025-07-08 07:00:00,3334.491,3337.1071020684026,SL,-2.7761020684027784,75,0.2824835254788859,ml_v3ma10,2025-07
248868,long,2025-07-08 18:35:00,2025-07-08 18:40:00,2025-07-08 20:36:00,3303.963,3301.2860583486113,SL,-2.836941651388881,116,0.3686710264725954,ml_v3ma10,2025-07
248894,long,2025-07-08 20:45:00,2025-07-08 20:50:00,2025-07-08 23:42:00,3300.53,3297.8880199770833,SL,-2.801980022916661,108,0.43895160853064874,ml_v3ma10,2025-07
248948,long,2025-07-09 02:15:00,2025-07-09 02:20:00,2025-07-09 02:38:00,3301.31,3298.643276985764,SL,-2.8267230142361024,18,0.3638870992497659,ml_v3ma10,2025-07
248978,long,2025-07-09 04:45:00,2025-07-09 04:50:00,2025-07-09 05:03:00,3295.951,3293.233144115972,SL,-2.877855884027777,13,0.3618671302035478,ml_v3ma10,2025-07
249047,long,2025-07-09 10:30:00,2025-07-09 10:35:00,2025-07-09 11:22:00,3293.593,3290.7641637638885,SL,-2.98883623611111,47,0.36437370652409984,ml_v3ma10,2025-07
249060,short,2025-07-09 11:35:00,2025-07-09 11:40:00,2025-07-09 12:07:00,3286.414,3289.2478721392363,SL,-2.993872139236111,27,0.2794669104803617,ml_v3ma10,2025-07
249367,short,2025-07-10 14:10:00,2025-07-10 14:15:00,2025-07-10 14:16:00,3318.879,3321.2344494371528,SL,-2.515449437152794,1,0.28003071472176155,ml_v3ma10,2025-07
249371,short,2025-07-10 14:30:00,2025-07-10 14:35:00,2025-07-10 14:48:00,3315.474,3317.8392593288195,SL,-2.52525932881946,13,0.2798896021649191,ml_v3ma10,2025-07
249519,long,2025-07-11 03:50:00,2025-07-11 03:55:00,2025-07-11 04:27:00,3334.056,3331.8357143614585,SL,-2.3802856385416575,32,0.36172454407174265,ml_v3ma10,2025-07
249810,short,2025-07-14 05:10:00,2025-07-14 05:15:00,2025-07-14 06:39:00,3358.588,3361.3470161576392,SL,-2.9190161576388642,84,0.2787953903291316,ml_v3ma10,2025-07
249841,long,2025-07-14 07:45:00,2025-07-14 07:50:00,2025-07-14 08:26:00,3370.768,3367.9410924076387,SL,-2.9869075923610904,36,0.36122984532979896,ml_v3ma10,2025-07
249873,short,2025-07-14 10:25:00,2025-07-14 10:30:00,2025-07-14 12:07:00,3370.536,3363.215979166667,TP,7.160020833333288,97,0.2788759308352179,ml_v3ma10,2025-07
249951,long,2025-07-14 16:55:00,2025-07-14 17:00:00,2025-07-14 19:46:00,3347.741,3345.064848060764,SL,-2.8361519392361014,166,0.36899970497286316,ml_v3ma10,2025-07
250001,short,2025-07-14 22:05:00,2025-07-14 22:10:00,2025-07-14 22:37:00,3341.869,3344.4548945864585,SL,-2.745894586458332,27,0.27981520834671947,ml_v3ma10,2025-07
250015,short,2025-07-14 23:15:00,2025-07-14 23:20:00,2025-07-15 00:11:00,3344.59,3347.11173741875,SL,-2.6817374187499956,51,0.28783530940098395,ml_v3ma10,2025-07
250033,short,2025-07-15 00:45:00,2025-07-15 00:50:00,2025-07-15 01:17:00,3347.468,3349.8770982743054,SL,-2.569098274305551,27,0.28200128778521527,ml_v3ma10,2025-07
250041,short,2025-07-15 01:25:00,2025-07-15 01:30:00,2025-07-15 02:19:00,3348.405,3350.7859583302084,SL,-2.5409583302083254,49,0.28932026132647504,ml_v3ma10,2025-07
250198,short,2025-07-15 14:30:00,2025-07-15 14:35:00,2025-07-15 15:15:00,3351.006,3344.8340937499997,TP,6.011906250000026,40,0.2807533794589714,ml_v3ma10,2025-07
250242,long,2025-07-15 18:10:00,2025-07-15 18:15:00,2025-07-15 18:20:00,3328.741,3326.3787884045137,SL,-2.5222115954861115,5,0.36548039051905223,ml_v3ma10,2025-07
250254,long,2025-07-15 19:10:00,2025-07-15 19:15:00,2025-07-15 20:50:00,3327.35,3324.9743513927083,SL,-2.535648607291669,95,0.36111824733712156,ml_v3ma10,2025-07
250340,long,2025-07-16 03:20:00,2025-07-16 03:25:00,2025-07-16 04:56:00,3331.768,3338.159364583333,TP,6.231364583333361,91,0.3787794901970596,ml_v3ma10,2025-07
250391,long,2025-07-16 07:35:00,2025-07-16 07:40:00,2025-07-16 10:58:00,3337.945,3335.5402987159723,SL,-2.5647012840277705,198,0.37277495193635857,ml_v3ma10,2025-07
250448,long,2025-07-16 12:20:00,2025-07-16 12:25:00,2025-07-16 12:27:00,3336.281,3333.9480633118055,SL,-2.4929366881944457,2,0.36602100434949447,ml_v3ma10,2025-07
250479,short,2025-07-16 14:55:00,2025-07-16 15:00:00,2025-07-16 15:01:00,3338.162,3340.5843646447915,SL,-2.582364644791667,1,0.28194353546956985,ml_v3ma10,2025-07
250491,short,2025-07-16 15:55:00,2025-07-16 16:00:00,2025-07-16 16:05:00,3343.524,3346.334728414236,SL,-2.970728414236108,5,0.28702952587171493,ml_v3ma10,2025-07
250879,long,2025-07-18 02:15:00,2025-07-18 02:20:00,2025-07-18 02:31:00,3343.503,3341.260880209375,SL,-2.402119790625007,11,0.3607964415349983,ml_v3ma10,2025-07
250918,short,2025-07-18 05:30:00,2025-07-18 05:35:00,2025-07-18 06:15:00,3335.564,3337.7746265461806,SL,-2.370626546180564,40,0.2792473400109674,ml_v3ma10,2025-07
250936,long,2025-07-18 07:00:00,2025-07-18 07:05:00,2025-07-18 07:39:00,3342.467,3348.322,TP,5.695000000000013,34,0.3747026809901809,ml_v3ma10,2025-07
250950,long,2025-07-18 08:10:00,2025-07-18 08:15:00,2025-07-18 09:08:00,3347.239,3352.9628333333335,TP,5.563833333333351,53,0.3654143271738688,ml_v3ma10,2025-07
251104,short,2025-07-20 22:05:00,2025-07-20 22:10:00,2025-07-20 23:01:00,3347.131,3349.087374948611,SL,-2.1163749486111287,51,0.2817607674653454,ml_v3ma10,2025-07
251117,short,2025-07-20 23:10:00,2025-07-20 23:15:00,2025-07-20 23:51:00,3346.183,3348.1675982291667,SL,-2.144598229166679,36,0.28573831952165796,ml_v3ma10,2025-07
251127,short,2025-07-21 00:00:00,2025-07-21 00:05:00,2025-07-21 00:15:00,3348.695,3350.6614388180556,SL,-2.126438818055564,10,0.28661583813607494,ml_v3ma10,2025-07
251132,short,2025-07-21 00:25:00,2025-07-21 00:30:00,2025-07-21 00:36:00,3351.772,3353.740212694097,SL,-2.1282126940972312,6,0.2816939249891023,ml_v3ma10,2025-07
251173,short,2025-07-21 03:50:00,2025-07-21 03:55:00,2025-07-21 04:20:00,3351.284,3353.234378692014,SL,-2.1103786920138936,25,0.2825957014203532,ml_v3ma10,2025-07
251185,short,2025-07-21 04:50:00,2025-07-21 04:55:00,2025-07-21 05:07:00,3358.15,3360.0972476222223,SL,-2.10724762222223,12,0.28082093743690884,ml_v3ma10,2025-07
251333,long,2025-07-21 17:10:00,2025-07-21 17:15:00,2025-07-21 19:17:00,3393.129,3398.3473645833333,TP,5.058364583333331,122,0.36470892375058095,ml_v3ma10,2025-07
251381,short,2025-07-21 22:10:00,2025-07-21 22:15:00,2025-07-21 23:10:00,3399.234,3401.185620802083,SL,-2.111620802083326,55,0.2806484015894585,ml_v3ma10,2025-07
251400,short,2025-07-21 23:45:00,2025-07-21 23:50:00,2025-07-22 00:07:00,3395.919,3390.7620416666664,TP,4.99695833333333,17,0.28038299533307354,ml_v3ma10,2025-07
251452,short,2025-07-22 04:05:00,2025-07-22 04:10:00,2025-07-22 05:55:00,3390.178,3384.6630312499997,TP,5.35496874999999,105,0.2836232458039488,ml_v3ma10,2025-07
251545,long,2025-07-22 11:50:00,2025-07-22 11:55:00,2025-07-22 12:16:00,3390.107,3395.4612708333334,TP,5.194270833333331,21,0.36584917385241067,ml_v3ma10,2025-07
251670,short,2025-07-22 23:15:00,2025-07-22 23:20:00,2025-07-23 00:04:00,3428.579,3430.85301384375,SL,-2.4340138437499994,44,0.2793452805550206,ml_v3ma10,2025-07
251682,long,2025-07-23 00:15:00,2025-07-23 00:20:00,2025-07-23 00:31:00,3433.914,3431.5786068704865,SL,-2.495393129513894,11,0.3651798761907168,ml_v3ma10,2025-07
251847,short,2025-07-23 14:00:00,2025-07-23 14:05:00,2025-07-23 14:07:00,3416.619,3419.330645333681,SL,-2.871645333680564,2,0.28395847048620193,ml_v3ma10,2025-07
251917,long,2025-07-23 19:50:00,2025-07-23 19:55:00,2025-07-23 20:04:00,3391.827,3389.071769698611,SL,-2.915230301388903,9,0.37003858967235215,ml_v3ma10,2025-07
251925,long,2025-07-23 20:30:00,2025-07-23 20:35:00,2025-07-23 20:57:00,3388.953,3386.1847731795137,SL,-2.9282268204861275,22,0.36451971069154576,ml_v3ma10,2025-07
251939,long,2025-07-23 22:40:00,2025-07-23 22:45:00,2025-07-24 01:08:00,3388.38,3385.5891731256947,SL,-2.950826874305569,143,0.3663841678606098,ml_v3ma10,2025-07
251971,long,2025-07-24 01:20:00,2025-07-24 01:25:00,2025-07-24 01:32:00,3391.067,3388.2705141833335,SL,-2.95648581666668,7,0.36090494758714864,ml_v3ma10,2025-07
251991,short,2025-07-24 03:00:00,2025-07-24 03:05:00,2025-07-24 03:41:00,3380.671,3383.4213769447915,SL,-2.9103769447916776,36,0.2923372461380499,ml_v3ma10,2025-07
252004,short,2025-07-24 04:05:00,2025-07-24 04:10:00,2025-07-24 05:43:00,3383.374,3376.055239583333,TP,7.1587604166667,93,0.28592268940792975,ml_v3ma10,2025-07
252025,short,2025-07-24 05:50:00,2025-07-24 05:55:00,2025-07-24 06:30:00,3378.746,3371.353916666667,TP,7.232083333333369,35,0.2926105294566044,ml_v3ma10,2025-07
252036,short,2025-07-24 06:45:00,2025-07-24 06:50:00,2025-07-24 07:55:00,3374.842,3367.3179583333335,TP,7.364041666666704,65,0.2791224371959622,ml_v3ma10,2025-07
252053,short,2025-07-24 08:10:00,2025-07-24 08:15:00,2025-07-24 08:27:00,3369.249,3372.172558042014,SL,-3.0835580420138995,12,0.2839411277126047,ml_v3ma10,2025-07
252058,short,2025-07-24 08:35:00,2025-07-24 08:40:00,2025-07-24 09:17:00,3372.981,3365.2910833333335,TP,7.529916666666685,37,0.282440413137162,ml_v3ma10,2025-07
252068,short,2025-07-24 09:25:00,2025-07-24 09:30:00,2025-07-24 10:45:00,3363.112,3366.0319110798614,SL,-3.0799110798611165,75,0.27901271006982903,ml_v3ma10,2025-07
252086,short,2025-07-24 10:55:00,2025-07-24 11:00:00,2025-07-24 12:49:00,3364.409,3356.7358645833333,TP,7.513135416666686,109,0.2815234961263476,ml_v3ma10,2025-07
252148,long,2025-07-24 16:05:00,2025-07-24 16:10:00,2025-07-24 16:31:00,3371.355,3368.443049536111,SL,-3.071950463888884,21,0.3638356474112964,ml_v3ma10,2025-07
252155,long,2025-07-24 16:40:00,2025-07-24 16:45:00,2025-07-24 16:52:00,3370.564,3367.6616133868056,SL,-3.062386613194444,7,0.3604172854496828,ml_v3ma10,2025-07
252172,long,2025-07-24 18:05:00,2025-07-24 18:10:00,2025-07-24 22:27:00,3367.883,3365.222594682986,SL,-2.820405317013889,193,0.3604205182023958,ml_v3ma10,2025-07
252214,long,2025-07-24 22:35:00,2025-07-24 22:40:00,2025-07-25 00:46:00,3366.462,3373.1316354166665,TP,6.509635416666637,126,0.4153606018139837,ml_v3ma10,2025-07
252242,long,2025-07-25 00:55:00,2025-07-25 01:00:00,2025-07-25 01:08:00,3372.238,3369.7152307965275,SL,-2.6827692034722057,8,0.41300008291430346,ml_v3ma10,2025-07
252246,long,2025-07-25 01:15:00,2025-07-25 01:20:00,2025-07-25 02:11:00,3368.045,3365.5216474413196,SL,-2.6833525586805407,51,0.3658462718781098,ml_v3ma10,2025-07
252259,long,2025-07-25 02:20:00,2025-07-25 02:25:00,2025-07-25 02:59:00,3365.082,3362.5959901114584,SL,-2.6460098885416454,34,0.4135403415384983,ml_v3ma10,2025-07
252272,long,2025-07-25 03:25:00,2025-07-25 03:30:00,2025-07-25 03:59:00,3361.394,3358.975833925347,SL,-2.5781660746527564,29,0.36084210764803487,ml_v3ma10,2025-07
252281,long,2025-07-25 04:10:00,2025-07-25 04:15:00,2025-07-25 04:28:00,3362.599,3360.235665346528,SL,-2.5233346534722045,13,0.3606237382866956,ml_v3ma10,2025-07
252400,short,2025-07-25 14:05:00,2025-07-25 14:10:00,2025-07-25 14:17:00,3342.13,3336.1998958333334,TP,5.770104166666614,7,0.27874970333710125,ml_v3ma10,2025-07
252407,short,2025-07-25 14:40:00,2025-07-25 14:45:00,2025-07-25 15:00:00,3336.333,3330.39659375,TP,5.776406249999953,15,0.2816067777335557,ml_v3ma10,2025-07
252456,long,2025-07-25 18:45:00,2025-07-25 18:50:00,2025-07-25 20:50:00,3338.699,3336.4854328673614,SL,-2.37356713263887,120,0.35990121299151334,ml_v3ma10,2025-07
252485,short,2025-07-27 22:15:00,2025-07-27 22:20:00,2025-07-27 22:53:00,3332.461,3326.5634791666666,TP,5.737520833333298,33,0.2838851043853593,ml_v3ma10,2025-07
252500,short,2025-07-27 23:30:00,2025-07-27 23:35:00,2025-07-27 23:44:00,3330.694,3333.0429015725695,SL,-2.5089015725694384,9,0.30152201446626903,ml_v3ma10,2025-07
252513,short,2025-07-28 00:35:00,2025-07-28 00:40:00,2025-07-28 01:03:00,3331.498,3333.8836092982638,SL,-2.545609298263878,23,0.2889765286474379,ml_v3ma10,2025-07
252530,short,2025-07-28 02:00:00,2025-07-28 02:05:00,2025-07-28 02:15:00,3331.235,3333.74073681875,SL,-2.6657368187499912,10,0.28585710466195663,ml_v3ma10,2025-07
252626,short,2025-07-28 10:00:00,2025-07-28 10:05:00,2025-07-28 12:25:00,3336.941,3330.3438229166663,TP,6.437177083333321,140,0.28145377449295106,ml_v3ma10,2025-07
252705,long,2025-07-28 16:35:00,2025-07-28 16:40:00,2025-07-28 17:02:00,3313.85,3311.310920661111,SL,-2.699079338888889,22,0.3610263826413077,ml_v3ma10,2025-07
252719,long,2025-07-28 17:45:00,2025-07-28 17:50:00,2025-07-28 19:51:00,3310.698,3317.2618125,TP,6.403812499999997,121,0.3662232443385553,ml_v3ma10,2025-07
252752,long,2025-07-28 20:30:00,2025-07-28 20:35:00,2025-07-28 20:50:00,3317.56,3315.060727709375,SL,-2.659272290625001,15,0.3643435270249349,ml_v3ma10,2025-07
252787,short,2025-07-29 00:25:00,2025-07-29 00:30:00,2025-07-29 00:48:00,3308.778,3311.2191351899305,SL,-2.601135189930549,18,0.281617367505497,ml_v3ma10,2025-07
253215,short,2025-07-30 13:05:00,2025-07-30 13:10:00,2025-07-30 13:28:00,3311.932,3305.6275104166666,TP,6.144489583333344,18,0.27993837136842215,ml_v3ma10,2025-07
253221,short,2025-07-30 13:35:00,2025-07-30 13:40:00,2025-07-30 14:09:00,3304.088,3306.537349783681,SL,-2.609349783680562,29,0.28665569115956135,ml_v3ma10,2025-07
253229,short,2025-07-30 14:15:00,2025-07-30 14:20:00,2025-07-30 15:12:00,3305.78,3299.2483020833333,TP,6.3716979166666725,52,0.27982689633545166,ml_v3ma10,2025-07
253366,long,2025-07-31 02:40:00,2025-07-31 02:45:00,2025-07-31 05:57:00,3292.732,3300.36646875,TP,7.474468750000006,192,0.364390931781328,ml_v3ma10,2025-07
253453,long,2025-07-31 09:55:00,2025-07-31 10:00:00,2025-07-31 10:21:00,3306.703,3303.6582509055556,SL,-3.20474909444445,21,0.36507879094689233,ml_v3ma10,2025-07
253461,long,2025-07-31 10:35:00,2025-07-31 10:40:00,2025-07-31 10:50:00,3301.76,3298.6925000524307,SL,-3.2274999475694495,10,0.3599276370190042,ml_v3ma10,2025-07
253466,long,2025-07-31 11:00:00,2025-07-31 11:05:00,2025-07-31 11:36:00,3298.363,3306.4337708333333,TP,7.910770833333352,31,0.36545858948888343,ml_v3ma10,2025-07
253577,long,2025-07-31 20:15:00,2025-07-31 20:20:00,2025-07-31 23:19:00,3291.802,3289.047257812153,SL,-2.9147421878472253,115,0.3730119888619288,ml_v3ma10,2025-07
253656,long,2025-08-01 03:50:00,2025-08-01 03:55:00,2025-08-01 05:52:00,3291.746,3298.5092083333334,TP,6.603208333333347,117,0.404081461367539,ml_v3ma10,2025-08
253720,long,2025-08-01 09:10:00,2025-08-01 09:15:00,2025-08-01 10:53:00,3295.104,3301.778552083333,TP,6.514552083333319,98,0.39697668063185687,ml_v3ma10,2025-08
253838,long,2025-08-01 19:00:00,2025-08-01 19:05:00,2025-08-01 19:31:00,3348.029,3355.5606354166666,TP,7.3716354166666545,26,0.40431536149107006,ml_v3ma10,2025-08
254947,long,2025-08-07 19:30:00,2025-08-07 19:35:00,2025-08-07 20:53:00,3396.699,3393.8919185479167,SL,-2.9670814520833217,78,0.3968130989194203,ml_v3ma10,2025-08
255250,short,2025-08-10 22:50:00,2025-08-10 22:55:00,2025-08-11 00:37:00,3395.66,3385.354739583333,TP,10.145260416666694,102,0.28638863693158706,ml_v3ma10,2025-08
255400,short,2025-08-11 11:20:00,2025-08-11 11:25:00,2025-08-11 12:07:00,3352.827,3356.5640647378473,SL,-3.89706473784724,42,0.29141546536876184,ml_v3ma10,2025-08
255496,long,2025-08-11 19:20:00,2025-08-11 19:25:00,2025-08-11 20:30:00,3352.713,3349.33151605625,SL,-3.541483943750003,65,0.39744843676763564,ml_v3ma10,2025-08
255531,short,2025-08-11 23:15:00,2025-08-11 23:20:00,2025-08-12 00:08:00,3347.127,3350.2192270652777,SL,-3.252227065277782,48,0.2940081048583586,ml_v3ma10,2025-08
255615,short,2025-08-12 06:15:00,2025-08-12 06:20:00,2025-08-12 06:37:00,3345.579,3348.4959823986114,SL,-3.0769823986111047,17,0.29453631656429236,ml_v3ma10,2025-08
255697,short,2025-08-12 13:05:00,2025-08-12 13:10:00,2025-08-12 13:44:00,3347.878,3350.86346909375,SL,-3.145469093749991,34,0.2925301018306669,ml_v3ma10,2025-08
255706,short,2025-08-12 13:50:00,2025-08-12 13:55:00,2025-08-12 14:12:00,3346.095,3337.996614583333,TP,7.9383854166666445,17,0.2912238809415754,ml_v3ma10,2025-08
256383,long,2025-08-15 01:15:00,2025-08-15 01:20:00,2025-08-15 03:30:00,3334.551,3341.50553125,TP,6.794531249999965,130,0.4162044107184151,ml_v3ma10,2025-08
256432,long,2025-08-15 05:20:00,2025-08-15 05:25:00,2025-08-15 06:10:00,3343.942,3341.4264612263887,SL,-2.675538773611096,45,0.41495969408427547,ml_v3ma10,2025-08
256445,long,2025-08-15 06:25:00,2025-08-15 06:30:00,2025-08-15 08:03:00,3341.488,3348.1541875,TP,6.506187499999969,93,0.40151447808063645,ml_v3ma10,2025-08
256919,short,2025-08-19 00:00:00,2025-08-19 00:05:00,2025-08-19 00:06:00,3329.159,3331.1687499659724,SL,-2.169749965972232,1,0.29391824620029394,ml_v3ma10,2025-08
256943,short,2025-08-19 02:00:00,2025-08-19 02:05:00,2025-08-19 02:08:00,3330.565,3332.5751507746527,SL,-2.170150774652786,3,0.3028644871327546,ml_v3ma10,2025-08
257019,long,2025-08-19 08:20:00,2025-08-19 08:25:00,2025-08-19 10:15:00,3338.218,3343.3406041666667,TP,4.962604166666704,110,0.40114469989856805,ml_v3ma10,2025-08
257045,short,2025-08-19 10:30:00,2025-08-19 10:35:00,2025-08-19 12:05:00,3343.334,3338.3445729166665,TP,4.829427083333382,90,0.28645191563741107,ml_v3ma10,2025-08
257148,long,2025-08-19 19:05:00,2025-08-19 19:10:00,2025-08-19 23:51:00,3316.828,3314.8225081302085,SL,-2.165491869791673,217,0.40748391597819494,ml_v3ma10,2025-08
257223,short,2025-08-20 02:20:00,2025-08-20 02:25:00,2025-08-20 03:07:00,3314.781,3316.7954922072918,SL,-2.1744922072916606,42,0.28706970231792395,ml_v3ma10,2025-08
257244,long,2025-08-20 04:05:00,2025-08-20 04:10:00,2025-08-20 05:59:00,3318.789,3323.9604895833336,TP,5.011489583333321,109,0.3988590481972335,ml_v3ma10,2025-08
257975,long,2025-08-22 19:00:00,2025-08-22 19:05:00,2025-08-22 19:24:00,3371.811,3369.7478154906253,SL,-2.2231845093749922,19,0.41439891172677246,ml_v3ma10,2025-08
257981,long,2025-08-22 19:30:00,2025-08-22 19:35:00,2025-08-24 22:07:00,3369.613,3367.5465336215275,SL,-2.2264663784722116,85,0.40423716363054196,ml_v3ma10,2025-08
258101,short,2025-08-25 06:35:00,2025-08-25 06:40:00,2025-08-25 06:44:00,3366.018,3368.188732193056,SL,-2.330732193055546,4,0.28820362221415907,ml_v3ma10,2025-08
258143,short,2025-08-25 10:05:00,2025-08-25 10:10:00,2025-08-25 11:33:00,3367.602,3369.6743475513886,SL,-2.2323475513888926,83,0.2867516800952068,ml_v3ma10,2025-08
258578,long,2025-08-27 00:20:00,2025-08-27 00:25:00,2025-08-27 00:35:00,3391.936,3389.613964514236,SL,-2.482035485763876,10,0.3987684854551054,ml_v3ma10,2025-08
258858,long,2025-08-28 00:40:00,2025-08-28 00:45:00,2025-08-28 00:50:00,3397.402,3395.5197786256945,SL,-2.0422213743055595,5,0.4080760017245474,ml_v3ma10,2025-08
259085,long,2025-08-28 19:35:00,2025-08-28 19:40:00,2025-08-28 22:11:00,3418.207,3416.267963003125,SL,-2.099036996875006,87,0.4345967776076768,ml_v3ma10,2025-08
259336,long,2025-08-29 17:30:00,2025-08-29 17:35:00,2025-08-29 17:40:00,3447.241,3445.424666017014,SL,-1.9763339829861042,5,0.39698584849436547,ml_v3ma10,2025-08
259361,long,2025-08-29 19:35:00,2025-08-29 19:40:00,2025-08-29 19:51:00,3446.56,3451.460958333333,TP,4.740958333333307,11,0.3983270772123813,ml_v3ma10,2025-08
259370,long,2025-08-29 20:20:00,2025-08-29 20:25:00,2025-08-31 22:05:00,3448.473,3446.5533049982637,SL,-2.079695001736098,33,0.40103383447942864,ml_v3ma10,2025-08
259401,short,2025-09-01 00:00:00,2025-09-01 00:05:00,2025-09-01 01:12:00,3444.631,3439.3441875,TP,5.1268124999999625,67,0.28686534790397605,ml_v3ma10,2025-09
259643,short,2025-09-01 23:55:00,2025-09-02 00:00:00,2025-09-02 00:03:00,3479.124,3481.917830955208,SL,-2.953830955208318,3,0.2870955410420986,ml_v3ma10,2025-09
260453,long,2025-09-04 22:25:00,2025-09-04 22:30:00,2025-09-04 23:43:00,3542.01,3551.0449687500004,TP,8.874968749999999,73,0.394410222241251,ml_v3ma10,2025-09
260525,long,2025-09-05 04:25:00,2025-09-05 04:30:00,2025-09-05 06:07:00,3557.647,3554.5488679513887,SL,-3.2581320486111,97,0.4148527738526897,ml_v3ma10,2025-09
260703,long,2025-09-05 19:15:00,2025-09-05 19:20:00,2025-09-05 20:01:00,3593.901,3590.7495723020834,SL,-3.3114276979166584,41,0.39815360625567464,ml_v3ma10,2025-09
260747,short,2025-09-08 00:00:00,2025-09-08 00:05:00,2025-09-08 00:25:00,3587.899,3591.237712498611,SL,-3.4987124986111042,20,0.2930777016103359,ml_v3ma10,2025-09
260795,short,2025-09-08 04:00:00,2025-09-08 04:05:00,2025-09-08 05:39:00,3583.405,3586.843168609028,SL,-3.598168609027769,94,0.2927163186490627,ml_v3ma10,2025-09
260816,short,2025-09-08 05:45:00,2025-09-08 05:50:00,2025-09-08 06:00:00,3588.516,3591.9531606347223,SL,-3.597160634722216,10,0.29199838070274314,ml_v3ma10,2025-09
260822,short,2025-09-08 06:15:00,2025-09-08 06:20:00,2025-09-08 06:29:00,3590.815,3594.282661778472,SL,-3.627661778472214,9,0.2940313312232586,ml_v3ma10,2025-09
261874,long,2025-09-12 01:55:00,2025-09-12 02:00:00,2025-09-12 04:21:00,3646.427,3654.3968437500002,TP,7.8098437500000095,141,0.3957768132635737,ml_v3ma10,2025-09
262121,short,2025-09-14 23:35:00,2025-09-14 23:40:00,2025-09-15 00:11:00,3637.848,3640.0918619194445,SL,-2.403861919444429,31,0.2882591429174038,ml_v3ma10,2025-09
262271,short,2025-09-15 12:05:00,2025-09-15 12:10:00,2025-09-15 12:38:00,3641.781,3644.0253063805553,SL,-2.40430638055555,28,0.28686474190684097,ml_v3ma10,2025-09
262279,short,2025-09-15 12:45:00,2025-09-15 12:50:00,2025-09-15 13:00:00,3648.824,3651.1155105315975,SL,-2.451510531597218,10,0.2873042367550923,ml_v3ma10,2025-09
262994,long,2025-09-18 03:20:00,2025-09-18 03:25:00,2025-09-18 03:57:00,3661.849,3658.1941446940973,SL,-3.814855305902769,32,0.39863137741800425,ml_v3ma10,2025-09
263207,long,2025-09-18 22:05:00,2025-09-18 22:10:00,2025-09-18 22:57:00,3642.649,3639.506251198958,SL,-3.302748801041639,47,0.39519983256280544,ml_v3ma10,2025-09
263223,long,2025-09-18 23:25:00,2025-09-18 23:30:00,2025-09-19 01:07:00,3639.18,3647.1716562499996,TP,7.831656249999929,97,0.41252016369685707,ml_v3ma10,2025-09
263258,long,2025-09-19 02:20:00,2025-09-19 02:25:00,2025-09-19 03:23:00,3645.945,3653.886697916667,TP,7.781697916666607,58,0.4167311207712188,ml_v3ma10,2025-09
263540,short,2025-09-22 02:55:00,2025-09-22 03:00:00,2025-09-22 03:03:00,3686.332,3689.019513476389,SL,-2.8475134763888823,3,0.2893313261687847,ml_v3ma10,2025-09
263560,short,2025-09-22 04:35:00,2025-09-22 04:40:00,2025-09-22 05:06:00,3691.044,3693.654939176389,SL,-2.7709391763888775,26,0.2926402631223293,ml_v3ma10,2025-09
263568,short,2025-09-22 05:15:00,2025-09-22 05:20:00,2025-09-22 05:34:00,3696.09,3698.6728428847223,SL,-2.7428428847222133,14,0.2883092406213375,ml_v3ma10,2025-09
264376,long,2025-09-25 03:35:00,2025-09-25 03:40:00,2025-09-25 04:17:00,3735.382,3732.2115954,SL,-3.3304046000000014,37,0.4002156491907704,ml_v3ma10,2025-09
264386,long,2025-09-25 04:25:00,2025-09-25 04:30:00,2025-09-25 06:10:00,3734.226,3742.48128125,TP,8.095281249999992,100,0.4237114899611649,ml_v3ma10,2025-09
265136,long,2025-09-29 22:00:00,2025-09-29 22:05:00,2025-09-29 22:20:00,3832.154,3828.2639969875,SL,-4.0500030125,15,0.4086695043904421,ml_v3ma10,2025-09
265145,long,2025-09-29 22:45:00,2025-09-29 22:50:00,2025-09-30 00:05:00,3828.573,3838.7230729166668,TP,9.990072916666662,75,0.42229276619126466,ml_v3ma10,2025-09
265496,long,2025-10-01 05:00:00,2025-10-01 05:05:00,2025-10-01 05:08:00,3869.17,3864.8480482503473,SL,-4.481951749652785,3,0.3476220714777606,ml_v3ma10,2025-10
265499,long,2025-10-01 05:15:00,2025-10-01 05:20:00,2025-10-01 05:44:00,3867.157,3862.811587053125,SL,-4.50541294687501,24,0.33944585054671655,ml_v3ma10,2025-10
265523,long,2025-10-01 07:15:00,2025-10-01 07:20:00,2025-10-01 07:52:00,3868.407,3879.834354166667,TP,11.267354166666683,32,0.35464389342381447,ml_v3ma10,2025-10
265761,long,2025-10-02 04:05:00,2025-10-02 04:10:00,2025-10-02 04:46:00,3867.001,3863.1888332395833,SL,-3.9721667604166693,36,0.3389957430749376,ml_v3ma10,2025-10
265789,long,2025-10-02 06:25:00,2025-10-02 06:30:00,2025-10-02 06:46:00,3871.943,3868.244135107292,SL,-3.8588648927083287,16,0.3528865805775451,ml_v3ma10,2025-10
265797,long,2025-10-02 07:05:00,2025-10-02 07:10:00,2025-10-02 07:26:00,3871.531,3867.806229373958,SL,-3.8847706260416595,16,0.3496675305195226,ml_v3ma10,2025-10
265812,long,2025-10-02 08:20:00,2025-10-02 08:25:00,2025-10-02 09:44:00,3869.447,3879.2359166666665,TP,9.628916666666637,79,0.33972976351610296,ml_v3ma10,2025-10
265849,short,2025-10-02 11:25:00,2025-10-02 11:30:00,2025-10-02 12:03:00,3883.591,3887.1724993805556,SL,-3.741499380555541,33,0.27589365054399495,ml_v3ma10,2025-10
265885,short,2025-10-02 14:25:00,2025-10-02 14:30:00,2025-10-02 14:37:00,3863.813,3854.2415104166666,TP,9.411489583333278,7,0.27716427800352356,ml_v3ma10,2025-10
265954,long,2025-10-02 20:10:00,2025-10-02 20:15:00,2025-10-02 22:12:00,3857.195,3853.3981354006946,SL,-3.9568645993055336,53,0.33662050802911736,ml_v3ma10,2025-10
265968,long,2025-10-02 22:20:00,2025-10-02 22:25:00,2025-10-02 23:47:00,3853.506,3863.3187916666666,TP,9.652791666666621,82,0.35509078897963475,ml_v3ma10,2025-10
266004,long,2025-10-03 01:20:00,2025-10-03 01:25:00,2025-10-03 01:33:00,3851.89,3848.183892772222,SL,-3.8661072277777637,8,0.34006453738228826,ml_v3ma10,2025-10
266021,long,2025-10-03 02:45:00,2025-10-03 02:50:00,2025-10-03 03:11:00,3851.119,3847.3909117892363,SL,-3.8880882107638737,21,0.3606869811591189,ml_v3ma10,2025-10
266163,short,2025-10-03 14:35:00,2025-10-03 14:40:00,2025-10-03 14:48:00,3874.371,3878.3613718555557,SL,-4.150371855555547,8,0.27765646112575787,ml_v3ma10,2025-10
266167,short,2025-10-03 14:55:00,2025-10-03 15:00:00,2025-10-03 15:22:00,3879.585,3883.5588355211808,SL,-4.133835521180549,22,0.2759438259662654,ml_v3ma10,2025-10
266229,long,2025-10-03 20:05:00,2025-10-03 20:10:00,2025-10-03 20:32:00,3886.708,3883.2988681940974,SL,-3.5691318059027672,22,0.34028639213906775,ml_v3ma10,2025-10
266502,long,2025-10-06 19:55:00,2025-10-06 20:00:00,2025-10-06 22:11:00,3959.415,3970.8702604166665,TP,11.295260416666714,67,0.33732689427684126,ml_v3ma10,2025-10
266554,short,2025-10-07 01:15:00,2025-10-07 01:20:00,2025-10-07 02:29:00,3960.846,3965.2456649812502,SL,-4.559664981250021,69,0.2768384589782677,ml_v3ma10,2025-10
266570,short,2025-10-07 02:35:00,2025-10-07 02:40:00,2025-10-07 03:39:00,3966.012,3970.3426941409725,SL,-4.490694140972245,59,0.28134193012460307,ml_v3ma10,2025-10
266591,long,2025-10-07 04:20:00,2025-10-07 04:25:00,2025-10-07 05:10:00,3974.35,3970.0909514027776,SL,-4.41904859722224,45,0.33689930909214694,ml_v3ma10,2025-10
267068,long,2025-10-08 22:05:00,2025-10-08 22:10:00,2025-10-08 23:01:00,4020.381,4016.1167210479166,SL,-4.424278952083323,51,0.3390994613601034,ml_v3ma10,2025-10
267098,long,2025-10-09 00:35:00,2025-10-09 00:40:00,2025-10-09 00:48:00,4025.769,4021.1394256038193,SL,-4.789574396180536,8,0.33888773093502833,ml_v3ma10,2025-10
267137,long,2025-10-09 03:50:00,2025-10-09 03:55:00,2025-10-09 04:36:00,4026.876,4039.9005208333333,TP,12.864520833333287,41,0.3454853126779917,ml_v3ma10,2025-10
267239,short,2025-10-09 12:20:00,2025-10-09 12:25:00,2025-10-09 12:37:00,4038.469,4043.3866010697916,SL,-5.0776010697916405,12,0.2773399125459862,ml_v3ma10,2025-10
267245,long,2025-10-09 12:50:00,2025-10-09 12:55:00,2025-10-09 13:36:00,4049.91,4044.948472679861,SL,-5.121527320138861,41,0.33959836927551257,ml_v3ma10,2025-10
267266,short,2025-10-09 14:35:00,2025-10-09 14:40:00,2025-10-09 14:48:00,4013.853,4019.140388745833,SL,-5.4473887458333055,8,0.28052368519003174,ml_v3ma10,2025-10
267330,long,2025-10-09 19:55:00,2025-10-09 20:00:00,2025-10-09 22:10:00,3973.087,3967.120081804514,SL,-6.1269181954860885,66,0.3384134722106614,ml_v3ma10,2025-10
267347,long,2025-10-09 22:20:00,2025-10-09 22:25:00,2025-10-09 22:26:00,3980.376,3974.5028869093753,SL,-6.033113090624982,1,0.34207346665208727,ml_v3ma10,2025-10
267350,long,2025-10-09 22:35:00,2025-10-09 22:40:00,2025-10-09 23:53:00,3974.319,3989.8284062499997,TP,15.349406249999955,73,0.33614496736606647,ml_v3ma10,2025-10
267367,long,2025-10-10 00:00:00,2025-10-10 00:05:00,2025-10-10 01:17:00,3986.964,3981.1748979961803,SL,-5.949102003819426,72,0.3381392878292683,ml_v3ma10,2025-10
267384,long,2025-10-10 01:25:00,2025-10-10 01:30:00,2025-10-10 01:36:00,3981.66,3975.955873404861,SL,-5.86412659513888,6,0.3398384672402027,ml_v3ma10,2025-10
267399,long,2025-10-10 02:40:00,2025-10-10 02:45:00,2025-10-10 02:57:00,3982.861,3977.2582224434027,SL,-5.762777556597216,12,0.33884982370631267,ml_v3ma10,2025-10
267404,long,2025-10-10 03:05:00,2025-10-10 03:10:00,2025-10-10 03:24:00,3974.953,3969.405061801389,SL,-5.707938198611107,14,0.33836372139524695,ml_v3ma10,2025-10
267409,long,2025-10-10 03:30:00,2025-10-10 03:35:00,2025-10-10 03:40:00,3972.604,3967.0852732142357,SL,-5.678726785763885,5,0.34397286725757714,ml_v3ma10,2025-10
267441,long,2025-10-10 06:10:00,2025-10-10 06:15:00,2025-10-10 06:51:00,3971.248,3965.567584611458,SL,-5.840415388541663,36,0.3429031894299671,ml_v3ma10,2025-10
267452,short,2025-10-10 07:05:00,2025-10-10 07:10:00,2025-10-10 07:19:00,3954.628,3960.3859936944446,SL,-5.917993694444446,9,0.27650711799103966,ml_v3ma10,2025-10
267555,short,2025-10-10 15:40:00,2025-10-10 15:45:00,2025-10-10 16:03:00,4007.431,3990.971666666667,TP,16.29933333333339,18,0.2751331919990629,ml_v3ma10,2025-10
267578,short,2025-10-10 17:35:00,2025-10-10 17:40:00,2025-10-10 18:14:00,3990.035,3996.3861945100693,SL,-6.511194510069467,34,0.27530115586258896,ml_v3ma10,2025-10
267603,long,2025-10-10 19:40:00,2025-10-10 19:45:00,2025-10-10 19:59:00,4017.733,4011.715829920139,SL,-6.177170079861127,14,0.3382777725330828,ml_v3ma10,2025-10
267612,long,2025-10-10 20:25:00,2025-10-10 20:30:00,2025-10-12 22:16:00,4012.361,4028.2437604166666,TP,15.722760416666727,39,0.34314050830625054,ml_v3ma10,2025-10
267753,short,2025-10-13 09:15:00,2025-10-13 09:20:00,2025-10-13 10:50:00,4076.018,4082.603977123611,SL,-6.745977123611109,90,0.27549378841540967,ml_v3ma10,2025-10
267787,long,2025-10-13 12:05:00,2025-10-13 12:10:00,2025-10-13 13:25:00,4075.585,4092.4980520833333,TP,16.753052083333333,75,0.34562250358564445,ml_v3ma10,2025-10
267903,long,2025-10-13 22:45:00,2025-10-13 22:50:00,2025-10-13 23:34:00,4111.629,4125.451458333333,TP,13.662458333333277,44,0.33898695650336885,ml_v3ma10,2025-10
267970,long,2025-10-14 04:20:00,2025-10-14 04:25:00,2025-10-14 04:37:00,4161.143,4156.600206635764,SL,-4.702793364236088,12,0.3506463909025075,ml_v3ma10,2025-10
268213,long,2025-10-15 01:35:00,2025-10-15 01:40:00,2025-10-15 02:31:00,4181.706,4174.836555897569,SL,-7.02944410243059,51,0.3422580695265173,ml_v3ma10,2025-10
268271,long,2025-10-15 06:25:00,2025-10-15 06:30:00,2025-10-15 07:55:00,4190.052,4207.926333333333,TP,17.714333333333393,85,0.3464102445805626,ml_v3ma10,2025-10
268437,long,2025-10-15 20:15:00,2025-10-15 20:20:00,2025-10-15 22:15:00,4207.825,4202.025750790278,SL,-5.9592492097222145,51,0.33848098234998236,ml_v3ma10,2025-10
268463,long,2025-10-15 23:25:00,2025-10-15 23:30:00,2025-10-15 23:41:00,4212.238,4206.538762477084,SL,-5.859237522916651,11,0.33620462959056835,ml_v3ma10,2025-10
268472,long,2025-10-16 00:10:00,2025-10-16 00:15:00,2025-10-16 01:41:00,4214.932,4229.940375,TP,14.848374999999972,86,0.34908354649141715,ml_v3ma10,2025-10
268564,long,2025-10-16 07:50:00,2025-10-16 07:55:00,2025-10-16 09:28:00,4229.665,4223.920740947569,SL,-5.904259052430545,93,0.3402625642871176,ml_v3ma10,2025-10
268589,long,2025-10-16 09:55:00,2025-10-16 10:00:00,2025-10-16 12:39:00,4239.639,4233.89307025,SL,-5.905929749999986,159,0.3471848564451624,ml_v3ma10,2025-10
268684,long,2025-10-16 20:35:00,2025-10-16 20:40:00,2025-10-16 20:53:00,4312.966,4327.4226875,TP,14.29668749999992,13,0.37198491121323674,ml_v3ma10,2025-10
268699,long,2025-10-16 22:50:00,2025-10-16 22:55:00,2025-10-16 23:01:00,4347.889,4341.993132087848,SL,-6.055867912152747,6,0.34603000493004465,ml_v3ma10,2025-10
268703,long,2025-10-16 23:10:00,2025-10-16 23:15:00,2025-10-16 23:45:00,4355.463,4371.194187499999,TP,15.571187499999901,30,0.3428425317113661,ml_v3ma10,2025-10
268714,long,2025-10-17 00:05:00,2025-10-17 00:10:00,2025-10-17 00:36:00,4360.749,4354.527607976389,SL,-6.381392023611075,26,0.33930231383493176,ml_v3ma10,2025-10
268881,short,2025-10-17 14:00:00,2025-10-17 14:05:00,2025-10-17 14:11:00,4238.53,4248.608389830208,SL,-10.238389830208325,6,0.28066119602912787,ml_v3ma10,2025-10
268885,short,2025-10-17 14:20:00,2025-10-17 14:25:00,2025-10-17 14:27:00,4226.012,4236.4456571204855,SL,-10.593657120486105,2,0.28049842772180816,ml_v3ma10,2025-10
268888,short,2025-10-17 14:35:00,2025-10-17 14:40:00,2025-10-17 15:20:00,4258.965,4231.064802083333,TP,27.740197916666634,40,0.28345745808466355,ml_v3ma10,2025-10
269048,long,2025-10-20 05:00:00,2025-10-20 05:05:00,2025-10-20 05:22:00,4264.958,4254.347709271875,SL,-10.770290728124984,17,0.33603357687502344,ml_v3ma10,2025-10
269074,long,2025-10-20 07:10:00,2025-10-20 07:15:00,2025-10-20 12:13:00,4254.658,4282.655041666667,TP,27.83704166666657,298,0.33636876050547543,ml_v3ma10,2025-10
269231,long,2025-10-20 20:15:00,2025-10-20 20:20:00,2025-10-20 22:03:00,4348.836,4368.000760416667,TP,19.00476041666662,39,0.34231048291977817,ml_v3ma10,2025-10
269367,short,2025-10-21 08:35:00,2025-10-21 08:40:00,2025-10-21 09:01:00,4269.993,4277.189698437501,SL,-7.3566984375,21,0.2754687071500627,ml_v3ma10,2025-10
269538,short,2025-10-21 23:50:00,2025-10-21 23:55:00,2025-10-22 00:02:00,4106.118,4080.4587604166672,TP,25.49923958333321,7,0.27907027962552433,ml_v3ma10,2025-10
269670,short,2025-10-22 10:50:00,2025-10-22 10:55:00,2025-10-22 12:31:00,4034.627,4046.9175640534722,SL,-12.450564053472194,96,0.288607704930535,ml_v3ma10,2025-10
269693,short,2025-10-22 12:45:00,2025-10-22 12:50:00,2025-10-22 13:00:00,4040.755,4053.536431666667,SL,-12.941431666666631,10,0.2776182922651679,ml_v3ma10,2025-10
269819,long,2025-10-23 00:15:00,2025-10-23 00:20:00,2025-10-23 00:21:00,4081.742,4069.732446484028,SL,-12.1695535159722,1,0.3384057502272997,ml_v3ma10,2025-10
269822,long,2025-10-23 00:30:00,2025-10-23 00:35:00,2025-10-23 06:00:00,4082.715,4114.427833333333,TP,31.552833333333286,325,0.34023475289566807,ml_v3ma10,2025-10
269931,long,2025-10-23 09:35:00,2025-10-23 09:40:00,2025-10-23 10:29:00,4119.081,4109.015273343056,SL,-10.22572665694443,49,0.3395761609060936,ml_v3ma10,2025-10
269988,long,2025-10-23 14:20:00,2025-10-23 14:25:00,2025-10-23 15:21:00,4146.161,4137.508905717361,SL,-8.812094282638892,56,0.336719638985169,ml_v3ma10,2025-10
270086,long,2025-10-23 23:30:00,2025-10-23 23:35:00,2025-10-24 00:07:00,4107.974,4126.418552083333,TP,18.284552083333335,32,0.33613903074063733,ml_v3ma10,2025-10
270105,long,2025-10-24 01:05:00,2025-10-24 01:10:00,2025-10-24 01:22:00,4140.367,4133.473150220486,SL,-7.053849779513898,12,0.34827577220741246,ml_v3ma10,2025-10
270134,long,2025-10-24 03:30:00,2025-10-24 03:35:00,2025-10-24 04:20:00,4116.521,4109.801382944444,SL,-6.879617055555559,45,0.33765223636111685,ml_v3ma10,2025-10
270472,short,2025-10-27 08:45:00,2025-10-27 08:50:00,2025-10-27 08:55:00,4057.651,4038.5937812499997,TP,18.897218750000054,5,0.2754658344318778,ml_v3ma10,2025-10
270482,short,2025-10-27 09:35:00,2025-10-27 09:40:00,2025-10-27 11:11:00,4045.459,4026.2016666666664,TP,19.097333333333395,91,0.27758135228656833,ml_v3ma10,2025-10
270503,short,2025-10-27 11:20:00,2025-10-27 11:25:00,2025-10-27 12:03:00,4028.58,4035.958475095139,SL,-7.538475095138917,38,0.27689315705799167,ml_v3ma10,2025-10
270531,short,2025-10-27 13:40:00,2025-10-27 13:45:00,2025-10-27 14:07:00,4025.334,4005.7030104166665,TP,19.470989583333388,22,0.275380525284043,ml_v3ma10,2025-10
270538,short,2025-10-27 14:15:00,2025-10-27 14:20:00,2025-10-27 14:28:00,3992.966,4000.4747974423613,SL,-7.668797442361131,8,0.2784319863072027,ml_v3ma10,2025-10
270542,short,2025-10-27 14:35:00,2025-10-27 14:40:00,2025-10-27 14:41:00,3986.614,3994.1646363128475,SL,-7.710636312847248,1,0.2792292729368795,ml_v3ma10,2025-10
270545,short,2025-10-27 14:50:00,2025-10-27 14:55:00,2025-10-27 16:16:00,3988.554,3996.103910095139,SL,-7.709910095138913,81,0.2792292729368795,ml_v3ma10,2025-10
270580,long,2025-10-27 17:45:00,2025-10-27 17:50:00,2025-10-27 18:59:00,4007.027,3999.631353626042,SL,-7.555646373958351,69,0.34748560824866803,ml_v3ma10,2025-10
270610,long,2025-10-27 20:15:00,2025-10-27 20:20:00,2025-10-27 20:41:00,3996.219,3988.8874830149307,SL,-7.49151698506946,21,0.34756410974044705,ml_v3ma10,2025-10
270644,short,2025-10-28 00:05:00,2025-10-28 00:10:00,2025-10-28 00:34:00,3989.006,3996.0646853256944,SL,-7.218685325694448,24,0.2862546849629553,ml_v3ma10,2025-10
270674,short,2025-10-28 02:35:00,2025-10-28 02:40:00,2025-10-28 04:24:00,3990.465,3972.14703125,TP,18.15796874999999,104,0.2775062031700368,ml_v3ma10,2025-10
270697,short,2025-10-28 04:30:00,2025-10-28 04:35:00,2025-10-28 04:41:00,3971.92,3978.9655419756946,SL,-7.205541975694435,6,0.27896628891123715,ml_v3ma10,2025-10
270701,short,2025-10-28 04:50:00,2025-10-28 04:55:00,2025-10-28 05:13:00,3972.025,3979.1139563020834,SL,-7.248956302083326,18,0.27991883073939267,ml_v3ma10,2025-10
270707,short,2025-10-28 05:20:00,2025-10-28 05:25:00,2025-10-28 06:11:00,3973.933,3955.28034375,TP,18.492656249999982,46,0.27505980534743224,ml_v3ma10,2025-10
270722,short,2025-10-28 06:35:00,2025-10-28 06:40:00,2025-10-28 07:31:00,3948.22,3929.254375,TP,18.805624999999974,51,0.27762674079846794,ml_v3ma10,2025-10
270735,short,2025-10-28 07:40:00,2025-10-28 07:45:00,2025-10-28 08:27:00,3931.038,3911.6850104166665,TP,19.19298958333331,42,0.27755573842435965,ml_v3ma10,2025-10
270784,long,2025-10-28 11:45:00,2025-10-28 11:50:00,2025-10-28 12:30:00,3928.078,3920.5275938545137,SL,-7.710406145486088,40,0.33618423589799845,ml_v3ma10,2025-10
270797,short,2025-10-28 12:50:00,2025-10-28 12:55:00,2025-10-28 13:00:00,3910.01,3917.4594896628473,SL,-7.609489662847205,5,0.27738177144963494,ml_v3ma10,2025-10
270909,long,2025-10-28 23:10:00,2025-10-28 23:15:00,2025-10-28 23:57:00,3947.377,3966.1312395833334,TP,18.594239583333326,42,0.3411905017079513,ml_v3ma10,2025-10
270992,long,2025-10-29 06:05:00,2025-10-29 06:10:00,2025-10-29 07:10:00,3968.788,3987.4900625,TP,18.542062499999954,60,0.3380165979195531,ml_v3ma10,2025-10
271007,long,2025-10-29 07:20:00,2025-10-29 07:25:00,2025-10-29 08:46:00,3996.253,4014.768072916667,TP,18.355072916666614,81,0.3745042026040746,ml_v3ma10,2025-10
271196,long,2025-10-30 00:05:00,2025-10-30 00:10:00,2025-10-30 00:36:00,3959.939,3952.729193928125,SL,-7.369806071874979,26,0.34085355189343075,ml_v3ma10,2025-10
271205,long,2025-10-30 00:50:00,2025-10-30 00:55:00,2025-10-30 01:06:00,3946.947,3966.0807916666668,TP,18.973791666666617,11,0.33882478539807015,ml_v3ma10,2025-10
271214,long,2025-10-30 01:35:00,2025-10-30 01:40:00,2025-10-30 02:01:00,3949.599,3942.2347000395835,SL,-7.524299960416651,21,0.34712042720498026,ml_v3ma10,2025-10
271246,long,2025-10-30 04:15:00,2025-10-30 04:20:00,2025-10-30 04:34:00,3948.882,3968.456166666667,TP,19.414166666666592,14,0.3442575205997373,ml_v3ma10,2025-10
271291,long,2025-10-30 08:00:00,2025-10-30 08:05:00,2025-10-30 09:02:00,3964.453,3985.007583333333,TP,20.394583333333276,57,0.336498146272096,ml_v3ma10,2025-10
271454,long,2025-10-30 22:35:00,2025-10-30 22:40:00,2025-10-30 22:55:00,4023.074,4042.6011875,TP,19.367187499999964,15,0.3416632565746894,ml_v3ma10,2025-10
271522,long,2025-10-31 04:15:00,2025-10-31 04:20:00,2025-10-31 06:17:00,3994.809,4013.346135416667,TP,18.37713541666662,117,0.34359658474539667,ml_v3ma10,2025-10
271652,short,2025-10-31 15:05:00,2025-10-31 15:10:00,2025-10-31 15:17:00,4012.999,4019.229570939236,SL,-6.390570939236083,7,0.2801325109012741,ml_v3ma10,2025-10
271663,short,2025-10-31 16:00:00,2025-10-31 16:05:00,2025-10-31 16:14:00,4005.692,3989.64615625,TP,15.885843749999932,9,0.27818200850564423,ml_v3ma10,2025-10
271669,short,2025-10-31 16:30:00,2025-10-31 16:35:00,2025-10-31 17:41:00,3986.534,3992.754038798264,SL,-6.380038798263864,66,0.27471591314504984,ml_v3ma10,2025-10
271685,short,2025-10-31 17:50:00,2025-10-31 17:55:00,2025-10-31 18:12:00,3998.613,4004.8707148142357,SL,-6.417714814236092,17,0.2786689076993657,ml_v3ma10,2025-10
271692,short,2025-10-31 18:25:00,2025-10-31 18:30:00,2025-10-31 19:19:00,4008.506,3992.0660625,TP,16.279937499999956,49,0.2747772310350133,ml_v3ma10,2025-10
271731,short,2025-11-02 23:40:00,2025-11-02 23:45:00,2025-11-03 00:01:00,3979.666,3985.956434295139,SL,-6.450434295138873,16,0.2818762861655446,ml_v3ma10,2025-11
271781,short,2025-11-03 03:50:00,2025-11-03 03:55:00,2025-11-03 07:01:00,4013.51,4019.8800087076393,SL,-6.530008707638866,186,0.2841538031339817,ml_v3ma10,2025-11
271835,short,2025-11-03 08:20:00,2025-11-03 08:25:00,2025-11-03 09:07:00,4016.47,4022.5684826527777,SL,-6.258482652777764,42,0.2802379379361509,ml_v3ma10,2025-11
271846,short,2025-11-03 09:15:00,2025-11-03 09:20:00,2025-11-03 09:32:00,4017.49,4001.5993541666667,TP,15.73064583333328,12,0.287833283314073,ml_v3ma10,2025-11
271925,short,2025-11-03 15:50:00,2025-11-03 15:55:00,2025-11-03 21:55:00,4010.184,4001.128,TIMEOUT,8.89600000000004,360,0.28155391178268163,ml_v3ma10,2025-11
272098,long,2025-11-04 07:15:00,2025-11-04 07:20:00,2025-11-04 12:34:00,3990.675,3985.3761386017363,SL,-5.458861398263871,314,0.36370998959619244,ml_v3ma10,2025-11
272178,short,2025-11-04 13:55:00,2025-11-04 14:00:00,2025-11-04 14:29:00,3975.714,3961.9223541666665,TP,13.631645833333277,29,0.28600603164371974,ml_v3ma10,2025-11
272318,long,2025-11-05 02:35:00,2025-11-05 02:40:00,2025-11-05 03:45:00,3945.625,3960.1994270833334,TP,14.414427083333361,65,0.38195361145920315,ml_v3ma10,2025-11
272395,short,2025-11-05 09:00:00,2025-11-05 09:05:00,2025-11-05 09:28:00,3979.355,3965.503375,TP,13.691625000000037,23,0.2819090773105793,ml_v3ma10,2025-11
272403,short,2025-11-05 09:40:00,2025-11-05 09:45:00,2025-11-05 13:24:00,3969.761,3975.011192906597,SL,-5.410192906597232,219,0.28279794252809276,ml_v3ma10,2025-11
272453,short,2025-11-05 13:50:00,2025-11-05 13:55:00,2025-11-05 14:27:00,3978.674,3984.0286015836805,SL,-5.514601583680566,32,0.28606901957990455,ml_v3ma10,2025-11
272463,short,2025-11-05 14:40:00,2025-11-05 14:45:00,2025-11-05 15:31:00,3976.379,3981.690449171875,SL,-5.471449171875006,46,0.2854868919437824,ml_v3ma10,2025-11
272475,long,2025-11-05 15:40:00,2025-11-05 15:45:00,2025-11-05 15:56:00,3982.984,3977.8054367635414,SL,-5.338563236458339,11,0.3809129685435426,ml_v3ma10,2025-11
272521,long,2025-11-05 19:30:00,2025-11-05 19:35:00,2025-11-05 21:56:00,3983.217,3978.5067995645836,SL,-4.870200435416676,141,0.37625492296427543,ml_v3ma10,2025-11
272593,long,2025-11-06 02:30:00,2025-11-06 02:35:00,2025-11-06 07:00:00,3983.603,3994.9813333333336,TP,11.218333333333383,265,0.3673403369652892,ml_v3ma10,2025-11
272804,long,2025-11-06 20:05:00,2025-11-06 20:10:00,2025-11-06 20:16:00,3986.529,3982.565125169792,SL,-4.123874830208345,6,0.364471653901111,ml_v3ma10,2025-11
272809,long,2025-11-06 20:30:00,2025-11-06 20:35:00,2025-11-06 20:45:00,3986.267,3982.2851800524304,SL,-4.141819947569453,10,0.3625561637450745,ml_v3ma10,2025-11
272815,long,2025-11-06 21:00:00,2025-11-06 21:05:00,2025-11-06 21:50:00,3980.915,3976.923263013889,SL,-4.151736986111119,45,0.3659962237086035,ml_v3ma10,2025-11
272827,long,2025-11-06 23:00:00,2025-11-06 23:05:00,2025-11-06 23:52:00,3978.904,3989.3437083333333,TP,10.27970833333336,47,0.38421208761521314,ml_v3ma10,2025-11
272839,long,2025-11-07 00:00:00,2025-11-07 00:05:00,2025-11-07 01:10:00,3987.264,3997.6814062500002,TP,10.257406250000022,65,0.38410004687903565,ml_v3ma10,2025-11
272878,long,2025-11-07 03:15:00,2025-11-07 03:20:00,2025-11-07 04:03:00,3990.16,3986.2016095024305,SL,-4.118390497569442,43,0.3764170069702829,ml_v3ma10,2025-11
272889,long,2025-11-07 04:10:00,2025-11-07 04:15:00,2025-11-07 06:33:00,3991.159,4001.4871145833336,TP,10.168114583333326,138,0.4083726653956885,ml_v3ma10,2025-11
272956,short,2025-11-07 09:45:00,2025-11-07 09:50:00,2025-11-07 11:27:00,4008.965,3998.573729166667,TP,10.231270833333332,97,0.28034786380227794,ml_v3ma10,2025-11
272984,short,2025-11-07 12:05:00,2025-11-07 12:10:00,2025-11-07 12:32:00,4007.633,3996.8713958333333,TP,10.601604166666657,22,0.2892985740989088,ml_v3ma10,2025-11
273009,short,2025-11-07 14:10:00,2025-11-07 14:15:00,2025-11-07 14:22:00,4002.915,4007.083457898611,SL,-4.328457898611103,7,0.28712433584389074,ml_v3ma10,2025-11
273252,short,2025-11-10 11:25:00,2025-11-10 11:30:00,2025-11-10 11:58:00,4079.129,4083.793635234722,SL,-4.824635234722214,28,0.2830274800151228,ml_v3ma10,2025-11
273260,short,2025-11-10 12:05:00,2025-11-10 12:10:00,2025-11-10 12:17:00,4087.48,4092.147214696528,SL,-4.827214696527769,7,0.29071858420373725,ml_v3ma10,2025-11
273264,short,2025-11-10 12:25:00,2025-11-10 12:30:00,2025-11-10 12:53:00,4094.28,4098.915288896181,SL,-4.795288896180543,23,0.28200459375383186,ml_v3ma10,2025-11
273277,short,2025-11-10 13:30:00,2025-11-10 13:35:00,2025-11-10 14:04:00,4100.048,4087.85334375,TP,12.034656249999966,29,0.28571200265886115,ml_v3ma10,2025-11
273285,short,2025-11-10 14:10:00,2025-11-10 14:15:00,2025-11-10 15:07:00,4086.55,4091.217444863889,SL,-4.82744486388888,52,0.2837614701363125,ml_v3ma10,2025-11
273379,short,2025-11-10 23:00:00,2025-11-10 23:05:00,2025-11-10 23:46:00,4116.743,4120.943415446181,SL,-4.360415446180549,41,0.28735528386529674,ml_v3ma10,2025-11
273390,short,2025-11-10 23:55:00,2025-11-11 00:00:00,2025-11-11 00:26:00,4119.992,4124.244048334723,SL,-4.412048334722212,26,0.29081374301912116,ml_v3ma10,2025-11
273398,short,2025-11-11 00:35:00,2025-11-11 00:40:00,2025-11-11 00:50:00,4126.978,4131.171950918056,SL,-4.353950918055554,10,0.2823851992130451,ml_v3ma10,2025-11
273403,short,2025-11-11 01:00:00,2025-11-11 01:05:00,2025-11-11 01:15:00,4130.282,4134.477708920486,SL,-4.355708920486108,10,0.2830990691423588,ml_v3ma10,2025-11
273408,short,2025-11-11 01:25:00,2025-11-11 01:30:00,2025-11-11 03:10:00,4137.292,4141.530889111112,SL,-4.398889111111106,100,0.2885788519621067,ml_v3ma10,2025-11
273431,short,2025-11-11 03:20:00,2025-11-11 03:25:00,2025-11-11 04:02:00,4144.481,4148.567859600695,SL,-4.246859600694441,37,0.28956574096681403,ml_v3ma10,2025-11
273441,short,2025-11-11 04:10:00,2025-11-11 04:15:00,2025-11-11 05:34:00,4143.164,4132.4861458333335,TP,10.51785416666664,79,0.2802637655973606,ml_v3ma10,2025-11
273467,short,2025-11-11 06:20:00,2025-11-11 06:25:00,2025-11-11 07:51:00,4136.811,4125.892770833333,TP,10.75822916666664,86,0.2856829414456724,ml_v3ma10,2025-11
273500,long,2025-11-11 09:05:00,2025-11-11 09:10:00,2025-11-11 10:03:00,4142.706,4138.538081804167,SL,-4.327918195833307,53,0.3649102432395502,ml_v3ma10,2025-11
273767,short,2025-11-12 08:20:00,2025-11-12 08:25:00,2025-11-12 09:02:00,4129.063,4133.212596080209,SL,-4.309596080208296,37,0.284592448616045,ml_v3ma10,2025-11
273778,short,2025-11-12 09:15:00,2025-11-12 09:20:00,2025-11-12 12:17:00,4128.176,4132.300888804514,SL,-4.284888804513857,177,0.2821770558446287,ml_v3ma10,2025-11
273816,short,2025-11-12 12:25:00,2025-11-12 12:30:00,2025-11-12 13:10:00,4136.455,4125.417208333333,TP,10.877791666666578,40,0.29629045619966315,ml_v3ma10,2025-11
273827,short,2025-11-12 13:20:00,2025-11-12 13:25:00,2025-11-12 14:04:00,4129.155,4133.410949274653,SL,-4.415949274652741,39,0.29026625550683727,ml_v3ma10,2025-11
273839,short,2025-11-12 14:20:00,2025-11-12 14:25:00,2025-11-12 14:38:00,4132.611,4136.931908059722,SL,-4.480908059722177,13,0.28355975311723136,ml_v3ma10,2025-11
273844,short,2025-11-12 14:45:00,2025-11-12 14:50:00,2025-11-12 14:51:00,4134.364,4138.735473447916,SL,-4.531473447916623,1,0.28171618542808263,ml_v3ma10,2025-11
273934,long,2025-11-12 23:15:00,2025-11-12 23:20:00,2025-11-12 23:37:00,4197.051,4192.152971092709,SL,-5.058028907291632,17,0.36146158946175533,ml_v3ma10,2025-11
274081,short,2025-11-13 11:30:00,2025-11-13 11:35:00,2025-11-13 11:44:00,4225.471,4230.987270344444,SL,-5.676270344444415,9,0.2801948586791395,ml_v3ma10,2025-11
274089,short,2025-11-13 12:10:00,2025-11-13 12:15:00,2025-11-13 12:56:00,4234.503,4240.037461502778,SL,-5.694461502777751,41,0.2800924578994154,ml_v3ma10,2025-11
274190,long,2025-11-13 20:40:00,2025-11-13 20:45:00,2025-11-13 21:09:00,4164.651,4180.827270833333,TP,16.01627083333325,24,0.363485248677864,ml_v3ma10,2025-11
274197,long,2025-11-13 21:15:00,2025-11-13 21:20:00,2025-11-14 01:54:00,4175.57,4191.8669375,TP,16.13693749999991,212,0.3797017632187021,ml_v3ma10,2025-11
274243,long,2025-11-14 02:05:00,2025-11-14 02:10:00,2025-11-14 02:50:00,4191.892,4208.5525625,TP,16.500562499999912,40,0.361949732569465,ml_v3ma10,2025-11
274275,long,2025-11-14 04:45:00,2025-11-14 04:50:00,2025-11-14 05:09:00,4201.857,4195.764176289584,SL,-6.252823710416638,19,0.36204959620712807,ml_v3ma10,2025-11
274310,long,2025-11-14 07:40:00,2025-11-14 07:45:00,2025-11-14 09:31:00,4173.952,4167.714591502778,SL,-6.397408497222202,106,0.36326580102136796,ml_v3ma10,2025-11
274375,short,2025-11-14 13:05:00,2025-11-14 13:10:00,2025-11-14 13:13:00,4107.41,4089.574114583333,TP,17.67588541666661,3,0.28534502317173205,ml_v3ma10,2025-11
274451,long,2025-11-14 19:25:00,2025-11-14 19:30:00,2025-11-14 20:03:00,4093.582,4085.9493606121528,SL,-7.792639387847211,33,0.36998057792042893,ml_v3ma10,2025-11
274460,long,2025-11-14 20:10:00,2025-11-14 20:15:00,2025-11-14 20:21:00,4087.393,4080.038934550347,SL,-7.514065449652763,6,0.41071437089467544,ml_v3ma10,2025-11
274464,long,2025-11-14 20:30:00,2025-11-14 20:35:00,2025-11-14 21:13:00,4086.684,4079.3070805187504,SL,-7.536919481249983,38,0.3917413416462018,ml_v3ma10,2025-11
274474,long,2025-11-14 21:20:00,2025-11-14 21:25:00,2025-11-16 23:03:00,4083.328,4075.979418882986,SL,-7.508581117013875,35,0.4265032851515387,ml_v3ma10,2025-11
274503,long,2025-11-17 00:45:00,2025-11-17 00:50:00,2025-11-17 00:57:00,4091.16,4083.564750903125,SL,-7.755249096874971,7,0.3719875795490676,ml_v3ma10,2025-11
274513,long,2025-11-17 01:35:00,2025-11-17 01:40:00,2025-11-17 01:51:00,4101.219,4093.5379183194445,SL,-7.841081680555527,11,0.3739691192564168,ml_v3ma10,2025-11
274521,long,2025-11-17 02:15:00,2025-11-17 02:20:00,2025-11-17 03:00:00,4087.327,4079.6725264600695,SL,-7.814473539930528,40,0.3610803960055756,ml_v3ma10,2025-11
274537,long,2025-11-17 03:35:00,2025-11-17 03:40:00,2025-11-17 05:05:00,4081.845,4074.2026777093747,SL,-7.802322290624977,85,0.36825232074666525,ml_v3ma10,2025-11
274560,short,2025-11-17 05:30:00,2025-11-17 05:35:00,2025-11-17 06:00:00,4053.244,4060.9539041899307,SL,-7.869904189930532,25,0.2911885284350606,ml_v3ma10,2025-11
274573,long,2025-11-17 06:35:00,2025-11-17 06:40:00,2025-11-17 08:00:00,4069.992,4090.438572916667,TP,20.28657291666661,80,0.3763377040659077,ml_v3ma10,2025-11
274608,long,2025-11-17 09:30:00,2025-11-17 09:35:00,2025-11-17 09:51:00,4088.686,4081.0755677940974,SL,-7.770432205902753,16,0.3615296860359396,ml_v3ma10,2025-11
274664,short,2025-11-17 14:10:00,2025-11-17 14:15:00,2025-11-17 14:37:00,4073.538,4080.8826444614583,SL,-7.504644461458292,22,0.28540995579686546,ml_v3ma10,2025-11
274671,short,2025-11-17 14:45:00,2025-11-17 14:50:00,2025-11-17 16:04:00,4074.815,4056.0851458333336,TP,18.569854166666563,74,0.2812771648949085,ml_v3ma10,2025-11
274692,short,2025-11-17 16:30:00,2025-11-17 16:35:00,2025-11-17 17:25:00,4072.241,4078.9697126347223,SL,-6.888712634722183,50,0.28294588633236273,ml_v3ma10,2025-11
274754,long,2025-11-17 21:40:00,2025-11-17 21:45:00,2025-11-17 23:43:00,4043.539,4037.1995321201393,SL,-6.499467879861083,56,0.37272069096756427,ml_v3ma10,2025-11
274869,long,2025-11-18 08:15:00,2025-11-18 08:20:00,2025-11-18 08:38:00,4024.937,4041.5436666666665,TP,16.446666666666633,18,0.36099987218306906,ml_v3ma10,2025-11
274875,long,2025-11-18 08:45:00,2025-11-18 08:50:00,2025-11-18 12:57:00,4036.032,4029.634835512153,SL,-6.557164487847214,247,0.38542267156382537,ml_v3ma10,2025-11
274933,short,2025-11-18 13:35:00,2025-11-18 13:40:00,2025-11-18 14:04:00,4065.926,4072.346264560417,SL,-6.58026456041668,24,0.2811885018587284,ml_v3ma10,2025-11
274948,short,2025-11-18 14:50:00,2025-11-18 14:55:00,2025-11-18 14:56:00,4061.652,4068.1333581211807,SL,-6.6413581211805655,1,0.29242348930972784,ml_v3ma10,2025-11
275046,long,2025-11-19 00:00:00,2025-11-19 00:05:00,2025-11-19 01:01:00,4073.549,4067.404543401042,SL,-6.304456598958343,56,0.4060877694298217,ml_v3ma10,2025-11
275078,long,2025-11-19 02:40:00,2025-11-19 02:45:00,2025-11-19 03:12:00,4078.088,4072.1791673159723,SL,-6.068832684027785,27,0.3998580080976907,ml_v3ma10,2025-11
275086,long,2025-11-19 03:20:00,2025-11-19 03:25:00,2025-11-19 03:57:00,4074.996,4069.152661835417,SL,-6.003338164583346,32,0.4238884352827216,ml_v3ma10,2025-11
275097,long,2025-11-19 04:15:00,2025-11-19 04:20:00,2025-11-19 05:16:00,4070.613,4085.671083333333,TP,14.89808333333336,56,0.36538247514241873,ml_v3ma10,2025-11
275111,long,2025-11-19 05:25:00,2025-11-19 05:30:00,2025-11-19 08:08:00,4088.708,4083.044482070486,SL,-5.823517929513899,158,0.38671876635159086,ml_v3ma10,2025-11
275155,short,2025-11-19 09:05:00,2025-11-19 09:10:00,2025-11-19 09:41:00,4087.47,4092.9653251145833,SL,-5.655325114583337,31,0.28236707545217266,ml_v3ma10,2025-11
275295,long,2025-11-19 21:05:00,2025-11-19 21:10:00,2025-11-19 21:15:00,4072.575,4067.0394829020834,SL,-5.6955170979166425,5,0.3955691638802195,ml_v3ma10,2025-11
275302,long,2025-11-19 21:40:00,2025-11-19 21:45:00,2025-11-19 23:38:00,4080.287,4094.890177083333,TP,14.443177083333264,51,0.3748496443790986,ml_v3ma10,2025-11
275356,long,2025-11-20 03:10:00,2025-11-20 03:15:00,2025-11-20 03:34:00,4078.212,4072.136573767361,SL,-6.235426232638851,19,0.3641975612577013,ml_v3ma10,2025-11
275372,long,2025-11-20 04:30:00,2025-11-20 04:35:00,2025-11-20 05:03:00,4076.411,4070.3202874798612,SL,-6.25071252013885,28,0.36083047448676775,ml_v3ma10,2025-11
275401,long,2025-11-20 06:55:00,2025-11-20 07:00:00,2025-11-20 07:23:00,4068.448,4062.2699191243055,SL,-6.33808087569441,23,0.36748544641678504,ml_v3ma10,2025-11
275495,short,2025-11-20 14:45:00,2025-11-20 14:50:00,2025-11-20 15:08:00,4102.771,4083.95915625,TP,18.651843749999966,18,0.28597814104694097,ml_v3ma10,2025-11
275502,short,2025-11-20 15:20:00,2025-11-20 15:25:00,2025-11-20 15:37:00,4094.078,4075.0706145833333,TP,18.847385416666633,12,0.28174229226249425,ml_v3ma10,2025-11
275593,long,2025-11-20 23:55:00,2025-11-21 00:00:00,2025-11-21 00:23:00,4079.17,4072.042165255903,SL,-7.287834744097217,23,0.362657791574982,ml_v3ma10,2025-11
275641,long,2025-11-21 03:55:00,2025-11-21 04:00:00,2025-11-21 04:41:00,4056.16,4049.19823894375,SL,-7.1217610562499996,41,0.36266840350917384,ml_v3ma10,2025-11
275745,short,2025-11-21 12:35:00,2025-11-21 12:40:00,2025-11-21 12:45:00,4062.715,4069.950668152778,SL,-7.395668152777786,5,0.28187671198846626,ml_v3ma10,2025-11
275751,short,2025-11-21 13:05:00,2025-11-21 13:10:00,2025-11-21 13:44:00,4064.474,4071.740328032639,SL,-7.426328032638897,34,0.2839299578905277,ml_v3ma10,2025-11
275760,short,2025-11-21 13:50:00,2025-11-21 13:55:00,2025-11-21 15:40:00,4078.046,4058.95025,TP,18.935750000000002,105,0.2911099184990101,ml_v3ma10,2025-11
275784,short,2025-11-21 15:50:00,2025-11-21 15:55:00,2025-11-21 16:31:00,4067.435,4074.3677837791665,SL,-7.092783779166656,36,0.28238128385680883,ml_v3ma10,2025-11
275794,short,2025-11-21 16:40:00,2025-11-21 16:45:00,2025-11-21 16:50:00,4079.225,4086.014445070833,SL,-6.949445070833323,5,0.2909049392527042,ml_v3ma10,2025-11
275798,short,2025-11-21 17:00:00,2025-11-21 17:05:00,2025-11-21 20:23:00,4092.801,4074.9951875,TP,17.645812499999973,198,0.28158298394817083,ml_v3ma10,2025-11
275962,long,2025-11-24 07:40:00,2025-11-24 07:45:00,2025-11-24 12:44:00,4063.957,4079.9696249999997,TP,15.85262499999994,299,0.3759241564039196,ml_v3ma10,2025-11
276024,short,2025-11-24 12:50:00,2025-11-24 12:55:00,2025-11-24 13:21:00,4077.936,4083.5057763190975,SL,-5.729776319097195,26,0.2990393628120594,ml_v3ma10,2025-11
276032,short,2025-11-24 13:30:00,2025-11-24 13:35:00,2025-11-24 14:40:00,4083.766,4069.4270208333337,TP,14.17897916666659,65,0.28461262478830146,ml_v3ma10,2025-11
276048,short,2025-11-24 14:50:00,2025-11-24 14:55:00,2025-11-24 15:05:00,4081.31,4086.709861217361,SL,-5.559861217361083,10,0.2963344739052334,ml_v3ma10,2025-11
276190,short,2025-11-25 03:45:00,2025-11-25 03:50:00,2025-11-25 05:54:00,4145.289,4150.081159857986,SL,-4.952159857986092,124,0.28443215682508277,ml_v3ma10,2025-11
276220,short,2025-11-25 06:15:00,2025-11-25 06:20:00,2025-11-25 07:29:00,4147.302,4134.838583333333,TP,12.303416666666703,69,0.2805957595198988,ml_v3ma10,2025-11
276312,long,2025-11-25 13:55:00,2025-11-25 14:00:00,2025-11-25 14:05:00,4147.676,4142.697420453125,SL,-5.138579546875004,5,0.36758028100919565,ml_v3ma10,2025-11
276442,long,2025-11-26 01:45:00,2025-11-26 01:50:00,2025-11-26 02:31:00,4152.141,4165.865510416666,TP,13.564510416666646,41,0.3845891749687068,ml_v3ma10,2025-11
276453,long,2025-11-26 02:40:00,2025-11-26 02:45:00,2025-11-26 04:30:00,4161.975,4156.774991514931,SL,-5.360008485069449,105,0.40892411696540043,ml_v3ma10,2025-11
276518,long,2025-11-26 08:05:00,2025-11-26 08:10:00,2025-11-26 08:41:00,4164.775,4159.734834810416,SL,-5.200165189583321,31,0.41678910653405504,ml_v3ma10,2025-11
276528,long,2025-11-26 08:55:00,2025-11-26 09:00:00,2025-11-26 12:42:00,4161.115,4156.088652788889,SL,-5.186347211111096,222,0.3787635479017777,ml_v3ma10,2025-11
276655,long,2025-11-26 19:30:00,2025-11-26 19:35:00,2025-11-26 19:43:00,4167.304,4162.953828938194,SL,-4.51017106180555,8,0.36517408305662713,ml_v3ma10,2025-11
276665,long,2025-11-26 20:20:00,2025-11-26 20:25:00,2025-11-26 20:51:00,4166.922,4162.682245777083,SL,-4.399754222916662,26,0.41543605621028895,ml_v3ma10,2025-11
276680,long,2025-11-26 21:35:00,2025-11-26 21:40:00,2025-11-26 23:30:00,4166.861,4162.700105877083,SL,-4.320894122916664,48,0.3659320290202835,ml_v3ma10,2025-11
276694,long,2025-11-26 23:45:00,2025-11-26 23:50:00,2025-11-27 00:05:00,4167.589,4163.44191591875,SL,-4.307084081250004,15,0.3844464520286904,ml_v3ma10,2025-11
276705,short,2025-11-27 00:40:00,2025-11-27 00:45:00,2025-11-27 01:16:00,4165.632,4154.7972291666665,TP,10.674770833333351,31,0.2825744698136686,ml_v3ma10,2025-11
276788,long,2025-11-27 07:35:00,2025-11-27 07:40:00,2025-11-27 09:12:00,4159.671,4155.707093422569,SL,-4.123906577430524,92,0.36672491596981666,ml_v3ma10,2025-11
276819,short,2025-11-27 10:10:00,2025-11-27 10:15:00,2025-11-27 11:34:00,4156.123,4160.02040408368,SL,-4.057404083680528,79,0.28072605922223853,ml_v3ma10,2025-11
276840,short,2025-11-27 11:55:00,2025-11-27 12:00:00,2025-11-27 15:26:00,4157.352,4161.172802004861,SL,-3.9808020048610953,206,0.2822620520680784,ml_v3ma10,2025-11
276905,short,2025-11-27 17:20:00,2025-11-27 17:25:00,2025-11-27 17:50:00,4155.396,4158.55356284861,SL,-3.317562848611066,25,0.28094315668851466,ml_v3ma10,2025-11
276913,short,2025-11-27 18:00:00,2025-11-27 18:05:00,2025-11-27 23:06:00,4158.047,4161.15337442118,SL,-3.266374421180513,90,0.28178213676721187,ml_v3ma10,2025-11
276944,long,2025-11-28 00:05:00,2025-11-28 00:10:00,2025-11-28 00:34:00,4167.94,4175.605302083333,TP,7.505302083333245,24,0.36953669430323155,ml_v3ma10,2025-11
276953,long,2025-11-28 00:50:00,2025-11-28 00:55:00,2025-11-28 01:04:00,4182.432,4190.258385416666,TP,7.666385416666559,9,0.3712591052689356,ml_v3ma10,2025-11
277097,short,2025-11-28 13:30:00,2025-11-28 13:35:00,2025-11-28 13:57:00,4176.061,4179.5648655170135,SL,-3.663865517013874,22,0.2821533480971693,ml_v3ma10,2025-11
277105,long,2025-11-28 14:10:00,2025-11-28 14:15:00,2025-11-28 14:38:00,4191.834,4201.158604166666,TP,9.164604166666603,23,0.361219488137337,ml_v3ma10,2025-11
277700,long,2025-12-02 20:05:00,2025-12-02 20:10:00,2025-12-02 20:38:00,4197.269,4210.092729166667,TP,12.663729166666652,28,0.37003001690770204,ml_v3ma10,2025-12
277756,short,2025-12-03 01:45:00,2025-12-03 01:50:00,2025-12-03 02:07:00,4218.464,4223.355818356944,SL,-5.051818356944434,17,0.30396372719636416,ml_v3ma10,2025-12
277924,short,2025-12-03 15:45:00,2025-12-03 15:50:00,2025-12-03 16:21:00,4226.232,4213.9670625,TP,12.104937499999965,31,0.30269908620099734,ml_v3ma10,2025-12
277990,long,2025-12-03 21:15:00,2025-12-03 21:20:00,2025-12-03 21:54:00,4208.901,4204.446205967361,SL,-4.614794032638867,34,0.3664082169590702,ml_v3ma10,2025-12
278006,long,2025-12-03 23:35:00,2025-12-03 23:40:00,2025-12-04 02:05:00,4205.453,4201.031996917014,SL,-4.581003082986102,145,0.36846382786190734,ml_v3ma10,2025-12
278207,short,2025-12-04 16:20:00,2025-12-04 16:25:00,2025-12-04 19:06:00,4218.37,4206.71696875,TP,11.49303124999996,161,0.30210417224149416,ml_v3ma10,2025-12
278341,long,2025-12-05 04:30:00,2025-12-05 04:35:00,2025-12-05 06:09:00,4215.779,4225.856520833334,TP,9.917520833333276,94,0.40061076721176464,ml_v3ma10,2025-12
278482,short,2025-12-05 16:15:00,2025-12-05 16:20:00,2025-12-05 16:22:00,4204.914,4208.550890346528,SL,-3.7968903465277473,2,0.3045918897441497,ml_v3ma10,2025-12
278551,short,2025-12-07 23:05:00,2025-12-07 23:10:00,2025-12-07 23:23:00,4200.32,4204.175041384027,SL,-4.0950413840277395,9,0.30307473498449455,ml_v3ma10,2025-12
278557,short,2025-12-07 23:50:00,2025-12-07 23:55:00,2025-12-08 00:09:00,4201.377,4205.410432994097,SL,-4.1934329940972,14,0.3070027686331024,ml_v3ma10,2025-12
278587,short,2025-12-08 02:20:00,2025-12-08 02:25:00,2025-12-08 02:36:00,4200.847,4205.057769009028,SL,-4.370769009027733,11,0.30214801840823546,ml_v3ma10,2025-12
278735,short,2025-12-08 14:40:00,2025-12-08 14:45:00,2025-12-08 14:47:00,4198.387,4202.884434520486,SL,-4.6574345204861105,2,0.30641309027201685,ml_v3ma10,2025-12
278738,short,2025-12-08 14:55:00,2025-12-08 15:00:00,2025-12-08 15:05:00,4196.74,4184.839427083333,TP,11.740572916666684,5,0.30939001445300135,ml_v3ma10,2025-12
278794,long,2025-12-08 19:35:00,2025-12-08 19:40:00,2025-12-09 02:42:00,4187.5,4189.847,TIMEOUT,2.1869999999997525,360,0.36804595184536115,ml_v3ma10,2025-12
278893,short,2025-12-09 04:50:00,2025-12-09 04:55:00,2025-12-09 06:09:00,4185.558,4176.249885416667,TP,9.148114583333378,74,0.3124991738780588,ml_v3ma10,2025-12
278959,short,2025-12-09 10:20:00,2025-12-09 10:25:00,2025-12-09 13:31:00,4205.706,4196.186635416667,TP,9.359364583333432,186,0.302645112039747,ml_v3ma10,2025-12
279126,long,2025-12-10 01:15:00,2025-12-10 01:20:00,2025-12-10 01:25:00,4216.444,4212.839706113889,SL,-3.764293886111171,5,0.37458092886946137,ml_v3ma10,2025-12
279275,short,2025-12-10 13:40:00,2025-12-10 13:45:00,2025-12-10 14:11:00,4202.539,4206.0289443600695,SL,-3.649944360069445,26,0.3151554088795361,ml_v3ma10,2025-12
279283,short,2025-12-10 14:20:00,2025-12-10 14:25:00,2025-12-10 14:39:00,4200.491,4191.3704375,TP,8.960562499999977,14,0.31242124527267984,ml_v3ma10,2025-12
279288,short,2025-12-10 14:45:00,2025-12-10 14:50:00,2025-12-10 15:16:00,4200.693,4191.518041666667,TP,9.014958333333299,26,0.3295449459275781,ml_v3ma10,2025-12
279296,short,2025-12-10 15:25:00,2025-12-10 15:30:00,2025-12-10 16:27:00,4196.535,4200.0691047461805,SL,-3.6941047461805403,57,0.3017381103156061,ml_v3ma10,2025-12
279669,long,2025-12-12 00:30:00,2025-12-12 00:35:00,2025-12-12 00:53:00,4276.586,4272.169124055903,SL,-4.576875944097228,18,0.36399827103480037,ml_v3ma10,2025-12
279869,short,2025-12-12 17:10:00,2025-12-12 17:15:00,2025-12-12 17:16:00,4273.791,4279.14115697257,SL,-5.5101569725694315,1,0.30992169237648154,ml_v3ma10,2025-12
279962,short,2025-12-15 01:55:00,2025-12-15 02:00:00,2025-12-15 02:31:00,4322.498,4327.937993674653,SL,-5.599993674652761,31,0.30161522018495146,ml_v3ma10,2025-12
279972,short,2025-12-15 02:45:00,2025-12-15 02:50:00,2025-12-15 05:30:00,4327.117,4332.529976788542,SL,-5.572976788541643,160,0.3164315765749811,ml_v3ma10,2025-12
280014,short,2025-12-15 06:15:00,2025-12-15 06:20:00,2025-12-15 09:14:00,4344.055,4349.542920075,SL,-5.647920074999984,174,0.30369095249471667,ml_v3ma10,2025-12
280095,short,2025-12-15 13:00:00,2025-12-15 13:05:00,2025-12-15 14:20:00,4340.482,4326.698541666667,TP,13.623458333333328,75,0.3043659252762375,ml_v3ma10,2025-12
280173,long,2025-12-15 19:30:00,2025-12-15 19:35:00,2025-12-15 20:20:00,4310.524,4306.020521602084,SL,-4.663478397916684,45,0.36368509176472674,ml_v3ma10,2025-12
280546,long,2025-12-17 04:35:00,2025-12-17 04:40:00,2025-12-17 05:40:00,4327.549,4339.378083333333,TP,11.66908333333334,60,0.36297566417404714,ml_v3ma10,2025-12
280740,long,2025-12-17 20:45:00,2025-12-17 20:50:00,2025-12-17 20:52:00,4345.867,4341.3608786458335,SL,-4.666121354166638,2,0.3715281020551833,ml_v3ma10,2025-12
280743,long,2025-12-17 21:00:00,2025-12-17 21:05:00,2025-12-17 21:52:00,4343.229,4338.716576822222,SL,-4.672423177777752,47,0.4094886677095018,ml_v3ma10,2025-12
280763,long,2025-12-17 23:45:00,2025-12-17 23:50:00,2025-12-18 00:11:00,4341.304,4336.8290702916665,SL,-4.634929708333317,21,0.37091681301563867,ml_v3ma10,2025-12
280941,short,2025-12-18 14:35:00,2025-12-18 14:40:00,2025-12-18 14:43:00,4328.701,4317.453,TP,11.088000000000001,3,0.3035260432681619,ml_v3ma10,2025-12
281334,long,2025-12-22 01:20:00,2025-12-22 01:25:00,2025-12-22 01:39:00,4366.97,4377.068468750001,TP,9.938468750000004,14,0.36501197863409374,ml_v3ma10,2025-12
281373,short,2025-12-22 04:35:00,2025-12-22 04:40:00,2025-12-22 04:50:00,4395.867,4399.6258314270835,SL,-3.918831427083328,10,0.3035552476197243,ml_v3ma10,2025-12
282024,short,2025-12-24 12:50:00,2025-12-24 12:55:00,2025-12-24 13:20:00,4491.784,4477.866989583333,TP,13.75701041666671,25,0.3109683327368063,ml_v3ma10,2025-12
282330,short,2025-12-26 19:00:00,2025-12-26 19:05:00,2025-12-26 19:14:00,4527.378,4533.061927424999,SL,-5.843927425000013,9,0.30232632001589077,ml_v3ma10,2025-12
282334,short,2025-12-26 19:20:00,2025-12-26 19:25:00,2025-12-28 23:01:00,4531.998,4537.565161141666,SL,-5.7271611416666754,153,0.3073877825374438,ml_v3ma10,2025-12
282490,short,2025-12-29 09:20:00,2025-12-29 09:25:00,2025-12-29 09:44:00,4463.926,4470.64320823507,SL,-6.877208235069427,19,0.3113909444823387,ml_v3ma10,2025-12
282509,short,2025-12-29 10:55:00,2025-12-29 11:00:00,2025-12-29 11:40:00,4460.865,4442.814052083333,TP,17.89094791666669,40,0.30456102705146104,ml_v3ma10,2025-12
283167,long,2025-12-31 19:45:00,2025-12-31 19:50:00,2026-01-01 23:05:00,4309.866,4327.742385416666,TP,17.096385416666568,128,0.36853458422596325,ml_v3ma10,2025-12
283231,short,2026-01-02 02:10:00,2026-01-02 02:15:00,2026-01-02 02:48:00,4346.956,4353.604523119791,SL,-6.808523119791619,33,0.2728738641915138,ml_v3ma10,2026-01
283385,short,2026-01-02 15:00:00,2026-01-02 15:05:00,2026-01-02 15:06:00,4342.201,4347.551204593403,SL,-5.510204593402771,1,0.27281257294518424,ml_v3ma10,2026-01
283388,short,2026-01-02 15:15:00,2026-01-02 15:20:00,2026-01-02 15:41:00,4339.376,4344.77741683125,SL,-5.561416831249988,21,0.2728876896987624,ml_v3ma10,2026-01
283395,short,2026-01-02 15:50:00,2026-01-02 15:55:00,2026-01-02 16:03:00,4341.472,4327.450145833333,TP,13.861854166666667,8,0.2722529896388717,ml_v3ma10,2026-01
283405,short,2026-01-02 16:40:00,2026-01-02 16:45:00,2026-01-02 17:02:00,4325.845,4331.231805172222,SL,-5.546805172222219,17,0.27187187754017783,ml_v3ma10,2026-01
283411,short,2026-01-02 17:10:00,2026-01-02 17:15:00,2026-01-02 18:09:00,4330.033,4315.982031250001,TP,13.89096875,54,0.2709624629039953,ml_v3ma10,2026-01
283458,long,2026-01-02 21:05:00,2026-01-02 21:10:00,2026-01-04 23:07:00,4329.619,4343.27396875,TP,13.49496875000004,48,0.3697642551764858,ml_v3ma10,2026-01
283690,long,2026-01-05 17:30:00,2026-01-05 17:35:00,2026-01-05 17:44:00,4444.123,4438.164756732986,SL,-6.118243267013912,9,0.3653012644654445,ml_v3ma10,2026-01
283694,long,2026-01-05 17:50:00,2026-01-05 17:55:00,2026-01-05 19:08:00,4444.605,4438.6768332576385,SL,-6.088166742361135,73,0.37534822523741485,ml_v3ma10,2026-01
283711,long,2026-01-05 19:15:00,2026-01-05 19:20:00,2026-01-05 23:09:00,4439.909,4455.410989583333,TP,15.341989583333369,163,0.37999385971440475,ml_v3ma10,2026-01
283778,short,2026-01-06 01:50:00,2026-01-06 01:55:00,2026-01-06 02:02:00,4447.776,4453.482678278125,SL,-5.866678278124994,7,0.27166875417369074,ml_v3ma10,2026-01
283794,long,2026-01-06 03:10:00,2026-01-06 03:15:00,2026-01-06 05:50:00,4462.652,4457.321030254861,SL,-5.490969745138886,155,0.3786097933519843,ml_v3ma10,2026-01
283903,short,2026-01-06 12:15:00,2026-01-06 12:20:00,2026-01-06 13:11:00,4461.562,4466.779818676736,SL,-5.377818676736116,51,0.27197422148559647,ml_v3ma10,2026-01
283916,short,2026-01-06 13:20:00,2026-01-06 13:25:00,2026-01-06 13:54:00,4459.8,4464.985432541667,SL,-5.345432541666672,29,0.2716164148030098,ml_v3ma10,2026-01
283930,long,2026-01-06 14:30:00,2026-01-06 14:35:00,2026-01-06 15:20:00,4479.112,4473.996903429167,SL,-5.275096570833319,45,0.3740316017154723,ml_v3ma10,2026-01
284026,long,2026-01-06 23:30:00,2026-01-06 23:35:00,2026-01-06 23:45:00,4498.93,4494.238927265973,SL,-4.8510727340277775,10,0.3669052516757615,ml_v3ma10,2026-01
284032,long,2026-01-07 00:00:00,2026-01-07 00:05:00,2026-01-07 00:39:00,4492.994,4488.2848591281245,SL,-4.869140871875002,34,0.4123474592637566,ml_v3ma10,2026-01
284114,short,2026-01-07 06:50:00,2026-01-07 06:55:00,2026-01-07 07:19:00,4446.267,4451.232765574306,SL,-5.12576557430557,24,0.2708955626232006,ml_v3ma10,2026-01
284121,short,2026-01-07 07:25:00,2026-01-07 07:30:00,2026-01-07 07:38:00,4454.961,4459.909439527778,SL,-5.108439527777796,8,0.2709728704291019,ml_v3ma10,2026-01
284129,short,2026-01-07 08:05:00,2026-01-07 08:10:00,2026-01-07 08:37:00,4465.629,4470.584725515278,SL,-5.115725515277793,27,0.2717511213002022,ml_v3ma10,2026-01
284140,short,2026-01-07 09:00:00,2026-01-07 09:05:00,2026-01-07 11:36:00,4465.299,4452.206395833333,TP,12.932604166666689,151,0.271200255173188,ml_v3ma10,2026-01
284173,short,2026-01-07 11:45:00,2026-01-07 11:50:00,2026-01-07 13:07:00,4450.741,4437.934072916667,TP,12.646927083333317,77,0.2710535773627956,ml_v3ma10,2026-01
284191,short,2026-01-07 13:15:00,2026-01-07 13:20:00,2026-01-07 13:23:00,4433.899,4439.030529726737,SL,-5.291529726736103,3,0.2754382255683844,ml_v3ma10,2026-01
284270,long,2026-01-07 19:50:00,2026-01-07 19:55:00,2026-01-07 20:59:00,4457.454,4452.128887617361,SL,-5.485112382638906,64,0.3629447592539322,ml_v3ma10,2026-01
284286,long,2026-01-07 21:10:00,2026-01-07 21:15:00,2026-01-08 00:46:00,4453.909,4448.584411446527,SL,-5.484588553472248,148,0.36993304010796363,ml_v3ma10,2026-01
284452,short,2026-01-08 12:00:00,2026-01-08 12:05:00,2026-01-08 12:28:00,4416.961,4422.296362767014,SL,-5.495362767013901,23,0.27157766187507104,ml_v3ma10,2026-01
284652,short,2026-01-09 05:40:00,2026-01-09 05:45:00,2026-01-09 06:28:00,4467.563,4472.586005815972,SL,-5.18300581597219,43,0.2726699865040596,ml_v3ma10,2026-01
284670,short,2026-01-09 07:10:00,2026-01-09 07:15:00,2026-01-09 08:07:00,4471.245,4476.112650784027,SL,-5.0276507840277445,52,0.2755652225193794,ml_v3ma10,2026-01
284686,short,2026-01-09 08:30:00,2026-01-09 08:35:00,2026-01-09 09:15:00,4470.366,4475.1308334364585,SL,-4.924833436458294,40,0.27320760549877243,ml_v3ma10,2026-01
284700,short,2026-01-09 09:40:00,2026-01-09 09:45:00,2026-01-09 12:00:00,4471.715,4476.3727500559025,SL,-4.817750055902748,135,0.27145202519271927,ml_v3ma10,2026-01
284732,short,2026-01-09 12:20:00,2026-01-09 12:25:00,2026-01-09 13:31:00,4470.696,4475.237245687153,SL,-4.701245687152762,66,0.2708534604487236,ml_v3ma10,2026-01
284836,long,2026-01-09 21:00:00,2026-01-09 21:05:00,2026-01-11 23:03:00,4506.742,4519.451114583334,TP,12.549114583333314,53,0.3635566387817118,ml_v3ma10,2026-01
284962,long,2026-01-12 08:30:00,2026-01-12 08:35:00,2026-01-12 09:22:00,4583.594,4598.378104166667,TP,14.624104166666651,47,0.36409790310134554,ml_v3ma10,2026-01
285082,long,2026-01-12 18:30:00,2026-01-12 18:35:00,2026-01-12 18:51:00,4609.985,4604.193778869097,SL,-5.951221130902788,16,0.3752566537036414,ml_v3ma10,2026-01
285088,long,2026-01-12 19:00:00,2026-01-12 19:05:00,2026-01-12 20:06:00,4609.075,4603.348578918055,SL,-5.886421081944452,61,0.3776647488169149,ml_v3ma10,2026-01
285215,short,2026-01-13 06:35:00,2026-01-13 06:40:00,2026-01-13 06:53:00,4577.873,4583.2071920881945,SL,-5.494192088194435,13,0.27464199626761865,ml_v3ma10,2026-01
285224,short,2026-01-13 07:20:00,2026-01-13 07:25:00,2026-01-13 07:30:00,4581.162,4586.478806515625,SL,-5.476806515624997,5,0.2739300336869378,ml_v3ma10,2026-01
285228,short,2026-01-13 07:40:00,2026-01-13 07:45:00,2026-01-13 08:05:00,4580.408,4585.737362542014,SL,-5.4893625420138905,20,0.27298795247394037,ml_v3ma10,2026-01
285320,short,2026-01-13 15:20:00,2026-01-13 15:25:00,2026-01-13 15:28:00,4604.112,4609.572141255556,SL,-5.620141255555568,3,0.27101203932789963,ml_v3ma10,2026-01
285514,long,2026-01-14 08:30:00,2026-01-14 08:35:00,2026-01-14 14:35:00,4629.705,4625.335,TIMEOUT,-4.529999999999891,360,0.36815241533375864,ml_v3ma10,2026-01
285648,long,2026-01-14 19:40:00,2026-01-14 19:45:00,2026-01-14 20:02:00,4639.909,4634.524452848958,SL,-5.544547151041683,17,0.3688090895795608,ml_v3ma10,2026-01
285654,long,2026-01-14 20:10:00,2026-01-14 20:15:00,2026-01-14 20:34:00,4636.24,4630.821816667014,SL,-5.578183332986127,19,0.37020333340828593,ml_v3ma10,2026-01
285662,long,2026-01-14 20:50:00,2026-01-14 20:55:00,2026-01-14 21:14:00,4632.373,4626.930815767014,SL,-5.602184232986119,19,0.36167982661230996,ml_v3ma10,2026-01
285704,short,2026-01-15 01:20:00,2026-01-15 01:25:00,2026-01-15 01:28:00,4597.939,4603.489021610069,SL,-5.710021610069451,3,0.2751628785437994,ml_v3ma10,2026-01
285791,long,2026-01-15 08:35:00,2026-01-15 08:40:00,2026-01-15 11:00:00,4605.09,4620.77578125,TP,15.525781250000058,140,0.36995749649203125,ml_v3ma10,2026-01
285852,short,2026-01-15 13:40:00,2026-01-15 13:45:00,2026-01-15 14:09:00,4590.018,4595.994489982986,SL,-6.136489982986141,24,0.27087455058413934,ml_v3ma10,2026-01
286048,short,2026-01-16 07:00:00,2026-01-16 07:05:00,2026-01-16 07:07:00,4600.986,4605.477874788195,SL,-4.651874788194422,2,0.2729330367026146,ml_v3ma10,2026-01
286051,short,2026-01-16 07:15:00,2026-01-16 07:20:00,2026-01-16 11:36:00,4608.977,4613.4615014958335,SL,-4.644501495833307,256,0.27164268555019455,ml_v3ma10,2026-01
286123,short,2026-01-16 13:15:00,2026-01-16 13:20:00,2026-01-16 13:23:00,4587.412,4591.957321236806,SL,-4.705321236805533,3,0.2712629088752468,ml_v3ma10,2026-01
286131,short,2026-01-16 13:55:00,2026-01-16 14:00:00,2026-01-16 14:07:00,4601.909,4606.629621461111,SL,-4.8806214611110885,7,0.271464017857141,ml_v3ma10,2026-01
286135,short,2026-01-16 14:15:00,2026-01-16 14:20:00,2026-01-16 14:36:00,4604.792,4609.4986010940975,SL,-4.866601094097191,16,0.2722428355450097,ml_v3ma10,2026-01
286147,short,2026-01-16 15:15:00,2026-01-16 15:20:00,2026-01-16 15:21:00,4601.867,4606.565573015278,SL,-4.858573015277757,1,0.2742758222709365,ml_v3ma10,2026-01
286323,long,2026-01-19 07:00:00,2026-01-19 07:05:00,2026-01-19 07:11:00,4676.514,4670.210426323264,SL,-6.463573676736125,6,0.3646967138403917,ml_v3ma10,2026-01
286333,short,2026-01-19 07:50:00,2026-01-19 07:55:00,2026-01-19 08:06:00,4664.119,4670.386885830555,SL,-6.427885830555572,11,0.2710341221270378,ml_v3ma10,2026-01
286426,long,2026-01-19 15:35:00,2026-01-19 15:40:00,2026-01-20 00:26:00,4669.519,4663.667645661806,SL,-6.011354338194462,313,0.36539697660723347,ml_v3ma10,2026-01
286529,long,2026-01-20 03:40:00,2026-01-20 03:45:00,2026-01-20 04:34:00,4676.858,4687.263729166667,TP,10.245729166666788,49,0.382093759104965,ml_v3ma10,2026-01
286541,long,2026-01-20 04:40:00,2026-01-20 04:45:00,2026-01-20 05:05:00,4689.773,4699.6115625,TP,9.67856250000008,20,0.3639220499653736,ml_v3ma10,2026-01
286615,long,2026-01-20 10:50:00,2026-01-20 10:55:00,2026-01-20 11:06:00,4727.367,4723.535312666319,SL,-3.9916873336805883,11,0.3653700509420701,ml_v3ma10,2026-01
286923,long,2026-01-21 13:30:00,2026-01-21 13:35:00,2026-01-21 14:04:00,4871.496,4864.777382981944,SL,-6.878617018055546,29,0.3644330609189171,ml_v3ma10,2026-01
287036,short,2026-01-21 23:55:00,2026-01-22 00:00:00,2026-01-22 00:07:00,4778.317,4787.69752239132,SL,-9.54052239131946,7,0.27184458788073645,ml_v3ma10,2026-01
287040,short,2026-01-22 00:15:00,2026-01-22 00:20:00,2026-01-22 00:56:00,4787.933,4797.38242576875,SL,-9.609425768750015,36,0.27093663032687293,ml_v3ma10,2026-01
287050,short,2026-01-22 01:05:00,2026-01-22 01:10:00,2026-01-22 01:17:00,4785.957,4795.599544121528,SL,-9.802544121527806,7,0.27503467317259894,ml_v3ma10,2026-01
287079,long,2026-01-22 03:30:00,2026-01-22 03:35:00,2026-01-22 05:52:00,4792.793,4817.7669166666665,TP,24.813916666666696,137,0.36450138561088535,ml_v3ma10,2026-01
287109,long,2026-01-22 06:00:00,2026-01-22 06:05:00,2026-01-22 12:05:00,4823.027,4825.304,TIMEOUT,2.1170000000000435,360,0.37371950921694824,ml_v3ma10,2026-01
287277,long,2026-01-22 20:00:00,2026-01-22 20:05:00,2026-01-22 20:59:00,4921.68,4914.140518867362,SL,-7.699481132638867,54,0.3650298820943868,ml_v3ma10,2026-01
287290,long,2026-01-22 21:05:00,2026-01-22 21:10:00,2026-01-22 21:41:00,4919.783,4937.952875,TP,18.009874999999955,31,0.38115095697140483,ml_v3ma10,2026-01
287393,long,2026-01-23 06:40:00,2026-01-23 06:45:00,2026-01-23 07:44:00,4952.942,4946.59147615,SL,-6.510523849999989,59,0.37853376549112533,ml_v3ma10,2026-01
287706,long,2026-01-26 09:45:00,2026-01-26 09:50:00,2026-01-26 09:56:00,5083.843,5076.089939429861,SL,-7.913060570138876,6,0.3824490793114045,ml_v3ma10,2026-01
287710,long,2026-01-26 10:05:00,2026-01-26 10:10:00,2026-01-26 13:02:00,5082.757,5074.991252446181,SL,-7.925747553819428,172,0.3712679965497968,ml_v3ma10,2026-01
287892,short,2026-01-27 02:15:00,2026-01-27 02:20:00,2026-01-27 02:37:00,5063.855,5073.8918089059025,SL,-10.196808905902786,17,0.27123579444263535,ml_v3ma10,2026-01
287962,short,2026-01-27 08:05:00,2026-01-27 08:10:00,2026-01-27 09:38:00,5083.754,5093.231950647916,SL,-9.637950647916668,88,0.2713608449873741,ml_v3ma10,2026-01
287991,short,2026-01-27 10:30:00,2026-01-27 10:35:00,2026-01-27 14:05:00,5084.179,5059.227822916667,TP,24.791177083333352,210,0.27294376553867417,ml_v3ma10,2026-01
288301,long,2026-01-28 13:30:00,2026-01-28 13:35:00,2026-01-28 13:38:00,5274.258,5264.707820453124,SL,-9.71017954687502,3,0.37082814321434654,ml_v3ma10,2026-01
288304,long,2026-01-28 13:45:00,2026-01-28 13:50:00,2026-01-28 14:06:00,5266.255,5256.649171540972,SL,-9.765828459027796,16,0.37126793657665647,ml_v3ma10,2026-01
288310,long,2026-01-28 14:15:00,2026-01-28 14:20:00,2026-01-28 14:31:00,5266.018,5256.342172884375,SL,-9.835827115625017,11,0.3852677125527426,ml_v3ma10,2026-01
288315,long,2026-01-28 14:40:00,2026-01-28 14:45:00,2026-01-28 15:07:00,5279.248,5269.508408588541,SL,-9.899591411458347,22,0.3766978581816699,ml_v3ma10,2026-01
288323,long,2026-01-28 15:20:00,2026-01-28 15:25:00,2026-01-28 15:27:00,5269.737,5259.607016965278,SL,-10.28998303472223,2,0.36798990988553826,ml_v3ma10,2026-01
288326,long,2026-01-28 15:35:00,2026-01-28 15:40:00,2026-01-28 17:00:00,5274.449,5301.016177083333,TP,26.407177083333348,80,0.381601777157514,ml_v3ma10,2026-01
288669,long,2026-01-29 21:10:00,2026-01-29 21:15:00,2026-01-29 21:57:00,5398.382,5374.762336518055,SL,-23.77966348194445,42,0.3708637788517305,ml_v3ma10,2026-01
288718,short,2026-01-30 02:15:00,2026-01-30 02:20:00,2026-01-30 02:24:00,5146.225,5170.10713761007,SL,-24.042137610069446,4,0.2719710829864447,ml_v3ma10,2026-01
288721,short,2026-01-30 02:30:00,2026-01-30 02:35:00,2026-01-30 02:36:00,5161.879,5186.184570154861,SL,-24.465570154861116,1,0.27164008349284574,ml_v3ma10,2026-01
288735,short,2026-01-30 03:40:00,2026-01-30 03:45:00,2026-01-30 03:54:00,5154.633,5179.602547434028,SL,-25.129547434027778,9,0.27222639948234006,ml_v3ma10,2026-01
288766,short,2026-01-30 06:15:00,2026-01-30 06:20:00,2026-01-30 08:33:00,5173.165,5105.321354166666,TP,67.68364583333339,133,0.2710204336057608,ml_v3ma10,2026-01
288801,short,2026-01-30 09:10:00,2026-01-30 09:15:00,2026-01-30 09:17:00,5028.111,5055.970806608333,SL,-28.019806608333347,2,0.2714302304397528,ml_v3ma10,2026-01
288806,short,2026-01-30 09:35:00,2026-01-30 09:40:00,2026-01-30 09:45:00,5031.53,4957.220229166666,TP,74.14977083333335,5,0.2712521402483364,ml_v3ma10,2026-01
288810,short,2026-01-30 09:55:00,2026-01-30 10:00:00,2026-01-30 10:02:00,5013.49,5042.266471934375,SL,-28.93647193437501,2,0.2739351156364386,ml_v3ma10,2026-01
288851,short,2026-01-30 13:20:00,2026-01-30 13:25:00,2026-01-30 14:03:00,5026.33,5057.533947881944,SL,-31.36394788194447,38,0.2756435342796971,ml_v3ma10,2026-01
288885,long,2026-01-30 16:10:00,2026-01-30 16:15:00,2026-01-30 16:22:00,5030.34,4997.847614914584,SL,-32.65238508541669,7,0.36871184642866656,ml_v3ma10,2026-01
288935,long,2026-01-30 20:20:00,2026-01-30 20:25:00,2026-01-30 20:32:00,4896.705,4864.1452314354165,SL,-32.719768564583354,7,0.36702424509857073,ml_v3ma10,2026-01
288944,long,2026-01-30 21:05:00,2026-01-30 21:10:00,2026-02-01 23:01:00,4844.482,4811.420458651389,SL,-33.22154134861113,48,0.3722462407731133,ml_v3ma10,2026-01
288956,short,2026-02-01 23:10:00,2026-02-01 23:15:00,2026-02-01 23:38:00,4741.699,4775.4729331416665,SL,-33.93393314166668,23,0.2878782988846552,ml_v3ma10,2026-02
288976,long,2026-02-02 00:50:00,2026-02-02 00:55:00,2026-02-02 01:00:00,4791.511,4756.5253269753475,SL,-35.145673024652794,5,0.3951734753044079,ml_v3ma10,2026-02
288980,short,2026-02-02 01:10:00,2026-02-02 01:15:00,2026-02-02 01:16:00,4643.558,4679.465842525347,SL,-36.067842525347224,1,0.29293444999589263,ml_v3ma10,2026-02
288983,short,2026-02-02 01:25:00,2026-02-02 01:30:00,2026-02-02 01:36:00,4696.799,4733.251390722917,SL,-36.61239072291667,6,0.28669043350449996,ml_v3ma10,2026-02
288993,long,2026-02-02 02:15:00,2026-02-02 02:20:00,2026-02-02 02:58:00,4734.78,4698.157579091667,SL,-36.78242090833334,38,0.4050609823355942,ml_v3ma10,2026-02
289003,long,2026-02-02 03:05:00,2026-02-02 03:10:00,2026-02-02 03:15:00,4718.8,4682.184928573612,SL,-36.7750714263889,5,0.39047808802007533,ml_v3ma10,2026-02
289008,short,2026-02-02 03:30:00,2026-02-02 03:35:00,2026-02-02 04:47:00,4673.117,4709.156331582986,SL,-36.19933158298611,72,0.30291749559794867,ml_v3ma10,2026-02
289025,short,2026-02-02 04:55:00,2026-02-02 05:00:00,2026-02-02 05:44:00,4679.67,4584.9306875,TP,94.57931250000003,44,0.3036166729823252,ml_v3ma10,2026-02
289036,short,2026-02-02 05:50:00,2026-02-02 05:55:00,2026-02-02 06:24:00,4538.443,4441.764135416667,TP,96.51886458333335,29,0.29228917011155425,ml_v3ma10,2026-02
289048,short,2026-02-02 06:50:00,2026-02-02 06:55:00,2026-02-02 07:02:00,4485.095,4523.516222487848,SL,-38.581222487847235,7,0.29039774815636754,ml_v3ma10,2026-02
289274,short,2026-02-03 02:40:00,2026-02-03 02:45:00,2026-02-03 03:00:00,4755.265,4786.459292757986,SL,-31.43429275798614,15,0.2873516590720497,ml_v3ma10,2026-02
289280,short,2026-02-03 03:10:00,2026-02-03 03:15:00,2026-02-03 03:38:00,4768.306,4799.215861457291,SL,-31.069861457291687,23,0.2881768406754814,ml_v3ma10,2026-02
289829,short,2026-02-05 02:55:00,2026-02-05 03:00:00,2026-02-05 03:03:00,4812.014,4828.55040580625,SL,-16.77640580624999,3,0.287615922619606,ml_v3ma10,2026-02
289908,long,2026-02-05 09:30:00,2026-02-05 09:35:00,2026-02-05 09:55:00,4883.933,4864.914223330556,SL,-19.17877666944445,20,0.387796223843102,ml_v3ma10,2026-02
289950,short,2026-02-05 13:00:00,2026-02-05 13:05:00,2026-02-05 13:16:00,4823.169,4843.152074734027,SL,-20.223074734027794,11,0.2859839934637469,ml_v3ma10,2026-02
290070,short,2026-02-06 00:00:00,2026-02-06 00:05:00,2026-02-06 00:26:00,4686.925,4706.935496397223,SL,-20.17049639722224,21,0.28714371170049713,ml_v3ma10,2026-02
290122,long,2026-02-06 04:20:00,2026-02-06 04:25:00,2026-02-06 05:40:00,4815.057,4867.9563124999995,TP,52.73931250000011,75,0.3988843942395224,ml_v3ma10,2026-02
290193,short,2026-02-06 10:15:00,2026-02-06 10:20:00,2026-02-06 11:01:00,4866.572,4885.457934386459,SL,-19.06193438645833,41,0.2875901359791928,ml_v3ma10,2026-02
290697,short,2026-02-10 06:15:00,2026-02-10 06:20:00,2026-02-10 08:38:00,5033.956,5043.698397072222,SL,-9.982397072222188,138,0.2864933826255353,ml_v3ma10,2026-02
291298,short,2026-02-12 10:20:00,2026-02-12 10:25:00,2026-02-12 13:22:00,5064.853,5073.7201102819445,SL,-9.1071102819444,177,0.285356716718277,ml_v3ma10,2026-02
291433,long,2026-02-12 21:35:00,2026-02-12 21:40:00,2026-02-12 23:00:00,4921.768,4911.956259057639,SL,-9.97174094236113,18,0.4044692111294882,ml_v3ma10,2026-02
291448,long,2026-02-12 23:50:00,2026-02-12 23:55:00,2026-02-13 00:08:00,4916.297,4943.017729166666,TP,26.480729166666737,13,0.39871687627081825,ml_v3ma10,2026-02
291568,long,2026-02-13 09:50:00,2026-02-13 09:55:00,2026-02-13 10:48:00,4971.879,4960.705842927083,SL,-11.413157072916736,53,0.38708859178299265,ml_v3ma10,2026-02
291706,long,2026-02-13 21:20:00,2026-02-13 21:25:00,2026-02-15 23:01:00,5031.539,5021.467598527083,SL,-10.311401472916678,33,0.4165505053104618,ml_v3ma10,2026-02
291724,short,2026-02-15 23:50:00,2026-02-15 23:55:00,2026-02-16 01:19:00,5018.784,5028.847583719444,SL,-10.423583719444458,84,0.2866804209835955,ml_v3ma10,2026-02
291953,long,2026-02-16 18:55:00,2026-02-16 19:00:00,2026-02-16 23:12:00,4994.638,4988.729802260416,SL,-6.1481977395833605,41,0.38711250083781734,ml_v3ma10,2026-02
291977,short,2026-02-17 00:25:00,2026-02-17 00:30:00,2026-02-17 00:52:00,4973.615,4958.324177083333,TP,15.050822916666732,22,0.2891109154000533,ml_v3ma10,2026-02
292211,long,2026-02-17 19:55:00,2026-02-17 20:00:00,2026-02-17 23:02:00,4880.396,4871.537120185417,SL,-9.01887981458334,118,0.39963292008147977,ml_v3ma10,2026-02
292372,short,2026-02-18 10:20:00,2026-02-18 10:25:00,2026-02-18 12:42:00,4922.448,4930.7195958875,SL,-8.431595887500002,137,0.2856398255073974,ml_v3ma10,2026-02
292456,long,2026-02-18 17:20:00,2026-02-18 17:25:00,2026-02-18 18:25:00,4999.511,4992.590423027778,SL,-7.1605769722222234,60,0.40498802183888405,ml_v3ma10,2026-02
292814,long,2026-02-20 01:10:00,2026-02-20 01:15:00,2026-02-20 01:23:00,5013.535,5007.597940067014,SL,-6.177059932986121,8,0.41590022340722466,ml_v3ma10,2026-02
292886,long,2026-02-20 07:10:00,2026-02-20 07:15:00,2026-02-20 07:20:00,5022.797,5016.566274293055,SL,-6.47072570694444,5,0.3951360929945882,ml_v3ma10,2026-02
293249,long,2026-02-23 14:25:00,2026-02-23 14:30:00,2026-02-23 14:43:00,5165.107,5185.930135416666,TP,20.583135416666696,13,0.3958589581585331,ml_v3ma10,2026-02
293499,short,2026-02-24 12:15:00,2026-02-24 12:20:00,2026-02-24 12:22:00,5151.439,5159.146467590625,SL,-8.067467590625014,2,0.2877293806565482,ml_v3ma10,2026-02
293503,short,2026-02-24 12:35:00,2026-02-24 12:40:00,2026-02-24 13:39:00,5156.29,5135.913729166667,TP,20.136270833333377,59,0.287817638071302,ml_v3ma10,2026-02
293517,short,2026-02-24 13:45:00,2026-02-24 13:50:00,2026-02-24 14:13:00,5126.772,5105.704510416666,TP,20.707489583333356,23,0.2880343851352972,ml_v3ma10,2026-02
293590,long,2026-02-24 19:50:00,2026-02-24 19:55:00,2026-02-24 21:50:00,5152.742,5144.738822907986,SL,-8.24317709201395,115,0.39021361141658417,ml_v3ma10,2026-02
293662,short,2026-02-25 02:50:00,2026-02-25 02:55:00,2026-02-25 03:00:00,5175.594,5183.338330084028,SL,-7.984330084027805,5,0.2901500911697372,ml_v3ma10,2026-02
293668,short,2026-02-25 03:20:00,2026-02-25 03:25:00,2026-02-25 03:30:00,5179.529,5187.196263702084,SL,-7.907263702083357,5,0.28556217264976347,ml_v3ma10,2026-02
293734,short,2026-02-25 08:50:00,2026-02-25 08:55:00,2026-02-25 10:01:00,5187.789,5195.1773603864585,SL,-7.628360386458364,66,0.28909279705696045,ml_v3ma10,2026-02
293783,short,2026-02-25 12:55:00,2026-02-25 13:00:00,2026-02-25 13:23:00,5182.851,5190.2535315527775,SL,-7.762531552777787,23,0.2862550285699257,ml_v3ma10,2026-02
293864,long,2026-02-25 19:40:00,2026-02-25 19:45:00,2026-02-25 20:03:00,5204.029,5197.432030400695,SL,-7.136969599305561,18,0.408871450391953,ml_v3ma10,2026-02
293947,short,2026-02-26 03:35:00,2026-02-26 03:40:00,2026-02-26 04:00:00,5186.182,5193.1876357173605,SL,-7.365635717361152,20,0.286326485335768,ml_v3ma10,2026-02
294155,long,2026-02-26 20:55:00,2026-02-26 21:00:00,2026-02-26 21:26:00,5196.241,5188.735055839236,SL,-7.7459441607639095,26,0.4040311538086021,ml_v3ma10,2026-02
294164,long,2026-02-26 21:40:00,2026-02-26 21:45:00,2026-02-26 23:01:00,5189.874,5182.526589561805,SL,-7.707410438194449,13,0.3949466866145236,ml_v3ma10,2026-02
294183,long,2026-02-27 00:15:00,2026-02-27 00:20:00,2026-02-27 00:33:00,5189.171,5182.17052320625,SL,-7.3604767937499975,13,0.3893601681564379,ml_v3ma10,2026-02
294208,short,2026-02-27 02:20:00,2026-02-27 02:25:00,2026-02-27 05:28:00,5187.11,5193.912993197916,SL,-7.162993197916649,183,0.28692511518989716,ml_v3ma10,2026-02
294252,short,2026-02-27 06:00:00,2026-02-27 06:05:00,2026-02-27 07:31:00,5193.783,5176.4073125,TP,17.135687499999893,86,0.2867809737605651,ml_v3ma10,2026-02
294506,long,2026-03-02 04:10:00,2026-03-02 04:15:00,2026-03-02 04:37:00,5356.178,5348.007673782986,SL,-8.530326217013904,22,0.3192701025667405,ml_v3ma10,2026-03
294683,long,2026-03-02 18:55:00,2026-03-02 19:00:00,2026-03-02 20:11:00,5315.42,5345.857625,TP,30.07762499999994,71,0.31758473827145733,ml_v3ma10,2026-03
294710,long,2026-03-02 21:10:00,2026-03-02 21:15:00,2026-03-02 21:52:00,5335.478,5323.4787762364585,SL,-12.359223763541651,37,0.3232457951462979,ml_v3ma10,2026-03
294733,short,2026-03-03 00:05:00,2026-03-03 00:10:00,2026-03-03 00:17:00,5342.719,5354.63208958125,SL,-12.273089581249984,7,0.27426699190010134,ml_v3ma10,2026-03
294737,short,2026-03-03 00:25:00,2026-03-03 00:30:00,2026-03-03 01:07:00,5358.147,5369.978693671875,SL,-12.191693671874987,37,0.2765178271995932,ml_v3ma10,2026-03
294747,short,2026-03-03 01:15:00,2026-03-03 01:20:00,2026-03-03 01:57:00,5371.6,5341.18790625,TP,30.05209374999997,37,0.2849136162189463,ml_v3ma10,2026-03
294758,short,2026-03-03 02:10:00,2026-03-03 02:15:00,2026-03-03 02:30:00,5350.134,5361.554606828125,SL,-11.780606828124979,15,0.27926308099307806,ml_v3ma10,2026-03
294776,short,2026-03-03 03:40:00,2026-03-03 03:45:00,2026-03-03 05:37:00,5368.954,5340.220322916666,TP,28.3736770833333,112,0.2785456832158511,ml_v3ma10,2026-03
294840,short,2026-03-03 09:00:00,2026-03-03 09:05:00,2026-03-03 09:11:00,5288.909,5300.6729847836805,SL,-12.123984783680543,6,0.2723212676850938,ml_v3ma10,2026-03
294848,short,2026-03-03 09:40:00,2026-03-03 09:45:00,2026-03-03 09:52:00,5264.197,5276.331506614236,SL,-12.494506614236107,7,0.2722408163158082,ml_v3ma10,2026-03
294858,short,2026-03-03 10:30:00,2026-03-03 10:35:00,2026-03-03 11:06:00,5269.35,5237.096500000001,TP,31.893499999999996,31,0.2726831559649936,ml_v3ma10,2026-03
294869,short,2026-03-03 11:25:00,2026-03-03 11:30:00,2026-03-03 11:31:00,5126.306,5090.889291666666,TP,35.05670833333331,1,0.2715439997721233,ml_v3ma10,2026-03
294872,short,2026-03-03 11:40:00,2026-03-03 11:45:00,2026-03-03 11:46:00,5124.472,5138.394621285069,SL,-14.282621285069439,1,0.2721621446419277,ml_v3ma10,2026-03
294883,short,2026-03-03 12:35:00,2026-03-03 12:40:00,2026-03-03 12:56:00,5205.866,5220.272667213889,SL,-14.766667213888889,16,0.27162739093093147,ml_v3ma10,2026-03
294889,short,2026-03-03 13:05:00,2026-03-03 13:10:00,2026-03-03 13:12:00,5152.866,5167.6114934114585,SL,-15.105493411458333,2,0.2723108197167861,ml_v3ma10,2026-03
294974,long,2026-03-03 20:10:00,2026-03-03 20:15:00,2026-03-03 20:41:00,5119.131,5102.924523232292,SL,-16.566476767708355,26,0.31664308628066895,ml_v3ma10,2026-03
294984,long,2026-03-03 21:00:00,2026-03-03 21:05:00,2026-03-03 21:31:00,5104.874,5088.438177330555,SL,-16.795822669444462,26,0.31808410307392,ml_v3ma10,2026-03
294992,long,2026-03-03 21:40:00,2026-03-03 21:45:00,2026-03-04 00:42:00,5091.938,5134.877197916667,TP,42.57919791666672,114,0.3373295786045444,ml_v3ma10,2026-03
295164,short,2026-03-04 13:00:00,2026-03-04 13:05:00,2026-03-04 13:10:00,5176.074,5190.425359584375,SL,-14.71135958437501,5,0.27611898300392856,ml_v3ma10,2026-03
295168,short,2026-03-04 13:20:00,2026-03-04 13:25:00,2026-03-04 14:48:00,5185.972,5148.617927083333,TP,37.11407291666667,83,0.28432222125275364,ml_v3ma10,2026-03
295234,long,2026-03-04 18:50:00,2026-03-04 18:55:00,2026-03-04 23:46:00,5130.464,5161.101875,TP,30.277875000000083,229,0.32632819261525337,ml_v3ma10,2026-03
295316,short,2026-03-05 02:40:00,2026-03-05 02:45:00,2026-03-05 02:52:00,5175.577,5185.565442012848,SL,-10.34844201284724,7,0.27525685910262854,ml_v3ma10,2026-03
295320,long,2026-03-05 03:00:00,2026-03-05 03:05:00,2026-03-05 03:30:00,5192.946,5183.019119819444,SL,-10.286880180555574,25,0.3250069838041605,ml_v3ma10,2026-03
295328,long,2026-03-05 03:40:00,2026-03-05 03:45:00,2026-03-05 03:58:00,5188.73,5178.9522087434025,SL,-10.13779125659724,13,0.33204086832945956,ml_v3ma10,2026-03
295336,long,2026-03-05 04:20:00,2026-03-05 04:25:00,2026-03-05 04:47:00,5183.131,5173.56545479757,SL,-9.925545202430586,22,0.3182562064403833,ml_v3ma10,2026-03
295344,short,2026-03-05 05:00:00,2026-03-05 05:05:00,2026-03-05 05:59:00,5173.623,5148.738343749999,TP,24.644656250000065,54,0.2717014718440989,ml_v3ma10,2026-03
295379,short,2026-03-05 07:55:00,2026-03-05 08:00:00,2026-03-05 08:22:00,5162.179,5137.9930625,TP,23.82593750000005,22,0.27229716269840304,ml_v3ma10,2026-03
295387,short,2026-03-05 08:35:00,2026-03-05 08:40:00,2026-03-05 08:55:00,5159.905,5169.132234897222,SL,-9.587234897222242,15,0.27304190783371035,ml_v3ma10,2026-03
295396,short,2026-03-05 09:20:00,2026-03-05 09:25:00,2026-03-05 10:06:00,5172.206,5148.158010416667,TP,23.687989583333373,41,0.2730986663566977,ml_v3ma10,2026-03
295414,short,2026-03-05 10:50:00,2026-03-05 10:55:00,2026-03-05 13:16:00,5165.883,5141.987145833333,TP,23.535854166666727,141,0.2722811178467841,ml_v3ma10,2026-03
295523,long,2026-03-05 19:55:00,2026-03-05 20:00:00,2026-03-05 20:16:00,5065.626,5090.564906250001,TP,24.698906249999958,16,0.3201476307772052,ml_v3ma10,2026-03
295529,long,2026-03-05 20:25:00,2026-03-05 20:30:00,2026-03-06 01:00:00,5080.854,5071.214626632292,SL,-9.999373367708316,203,0.3227622630260837,ml_v3ma10,2026-03
295576,long,2026-03-06 01:25:00,2026-03-06 01:30:00,2026-03-06 01:40:00,5085.863,5111.965989583334,TP,25.742989583333294,10,0.3221599685845592,ml_v3ma10,2026-03
295586,long,2026-03-06 02:15:00,2026-03-06 02:20:00,2026-03-06 05:38:00,5129.361,5119.275459107986,SL,-10.445540892013868,198,0.3207364667384237,ml_v3ma10,2026-03
295732,short,2026-03-06 14:25:00,2026-03-06 14:30:00,2026-03-06 14:31:00,5104.278,5114.431511694792,SL,-10.513511694791653,1,0.2739605733085033,ml_v3ma10,2026-03
295737,short,2026-03-06 14:50:00,2026-03-06 14:55:00,2026-03-06 14:56:00,5103.74,5113.872137877431,SL,-10.492137877430542,1,0.27158836805108755,ml_v3ma10,2026-03
295742,long,2026-03-06 15:15:00,2026-03-06 15:20:00,2026-03-06 15:51:00,5149.772,5139.491900225,SL,-10.640099774999987,31,0.31727636789749514,ml_v3ma10,2026-03
295797,long,2026-03-06 19:50:00,2026-03-06 19:55:00,2026-03-06 20:21:00,5162.572,5153.250662367708,SL,-9.681337632291664,26,0.31956843007105357,ml_v3ma10,2026-03
295806,long,2026-03-06 20:35:00,2026-03-06 20:40:00,2026-03-08 22:03:00,5155.115,5179.303666666667,TP,23.82866666666665,78,0.3194198356916285,ml_v3ma10,2026-03
295848,short,2026-03-09 00:05:00,2026-03-09 00:10:00,2026-03-09 01:00:00,5052.65,5025.414604166666,TP,26.875395833333307,50,0.27403127944988825,ml_v3ma10,2026-03
295914,short,2026-03-09 05:35:00,2026-03-09 05:40:00,2026-03-09 05:43:00,5105.792,5117.251421775695,SL,-11.819421775694439,3,0.2761623450981528,ml_v3ma10,2026-03
295917,short,2026-03-09 05:50:00,2026-03-09 05:55:00,2026-03-09 07:00:00,5126.404,5095.9925625000005,TP,30.051437499999977,65,0.2785705664621741,ml_v3ma10,2026-03
295937,short,2026-03-09 07:30:00,2026-03-09 07:35:00,2026-03-09 09:12:00,5102.227,5114.015215851042,SL,-12.148215851041659,97,0.2719113865362555,ml_v3ma10,2026-03
295972,short,2026-03-09 10:25:00,2026-03-09 10:30:00,2026-03-09 12:31:00,5099.691,5111.61413360868,SL,-12.283133608680572,121,0.27562852077430433,ml_v3ma10,2026-03
295999,short,2026-03-09 12:40:00,2026-03-09 12:45:00,2026-03-09 13:42:00,5107.049,5075.766833333333,TP,30.92216666666674,57,0.2834869014496202,ml_v3ma10,2026-03
296109,short,2026-03-09 22:50:00,2026-03-09 22:55:00,2026-03-10 01:20:00,5145.211,5156.540658973264,SL,-11.6896589732639,145,0.27652893503809833,ml_v3ma10,2026-03
296183,long,2026-03-10 05:00:00,2026-03-10 05:05:00,2026-03-10 07:23:00,5168.678,5159.704409534722,SL,-9.333590465277775,138,0.3198862657125304,ml_v3ma10,2026-03
296324,long,2026-03-10 16:45:00,2026-03-10 16:50:00,2026-03-10 18:02:00,5227.693,5220.070587186111,SL,-7.982412813888896,72,0.318513944701113,ml_v3ma10,2026-03
296545,short,2026-03-11 12:10:00,2026-03-11 12:15:00,2026-03-11 12:47:00,5191.089,5171.995770833333,TP,18.733229166666714,32,0.2731815861935014,ml_v3ma10,2026-03
296554,short,2026-03-11 12:55:00,2026-03-11 13:00:00,2026-03-11 13:03:00,5167.23,5174.590859355208,SL,-7.720859355208338,3,0.27597938058979865,ml_v3ma10,2026-03
296557,short,2026-03-11 13:10:00,2026-03-11 13:15:00,2026-03-11 13:49:00,5177.726,5158.3428125,TP,19.02318750000002,34,0.2771333047615439,ml_v3ma10,2026-03
296566,short,2026-03-11 13:55:00,2026-03-11 14:00:00,2026-03-11 14:01:00,5176.554,5184.095366123958,SL,-7.9013661239583275,1,0.27174397331598,ml_v3ma10,2026-03
296628,long,2026-03-11 19:05:00,2026-03-11 19:10:00,2026-03-11 22:29:00,5173.341,5166.102911121528,SL,-7.5980888784722165,135,0.31790465130112805,ml_v3ma10,2026-03
296662,short,2026-03-11 22:55:00,2026-03-11 23:00:00,2026-03-11 23:02:00,5139.094,5145.728514657986,SL,-6.994514657986101,2,0.2767559715747814,ml_v3ma10,2026-03
296666,long,2026-03-11 23:15:00,2026-03-11 23:20:00,2026-03-11 23:35:00,5153.259,5146.650514095833,SL,-6.968485904166656,15,0.3188565786661567,ml_v3ma10,2026-03
296674,short,2026-03-11 23:55:00,2026-03-12 00:00:00,2026-03-12 00:12:00,5134.137,5140.778233163888,SL,-7.001233163888876,12,0.2813291677474956,ml_v3ma10,2026-03
296701,long,2026-03-12 02:10:00,2026-03-12 02:15:00,2026-03-12 02:34:00,5173.785,5167.036461225,SL,-7.108538774999994,19,0.31930330285712183,ml_v3ma10,2026-03
296713,long,2026-03-12 03:10:00,2026-03-12 03:15:00,2026-03-12 04:36:00,5153.656,5146.943660995139,SL,-7.072339004861108,81,0.319360966858339,ml_v3ma10,2026-03
296733,long,2026-03-12 04:50:00,2026-03-12 04:55:00,2026-03-12 06:32:00,5143.0,5160.438291666666,TP,17.078291666666637,97,0.3176457122142623,ml_v3ma10,2026-03
296755,long,2026-03-12 06:40:00,2026-03-12 06:45:00,2026-03-12 08:01:00,5168.361,5186.0376875,TP,17.316687499999986,76,0.3282628810394125,ml_v3ma10,2026-03
296778,short,2026-03-12 08:35:00,2026-03-12 08:40:00,2026-03-12 09:42:00,5180.472,5187.157040362153,SL,-7.045040362152764,62,0.2784127376474371,ml_v3ma10,2026-03
296793,short,2026-03-12 09:50:00,2026-03-12 09:55:00,2026-03-12 10:00:00,5183.926,5190.496270185417,SL,-6.930270185416662,5,0.2856028701639801,ml_v3ma10,2026-03
296797,short,2026-03-12 10:10:00,2026-03-12 10:15:00,2026-03-12 12:07:00,5187.284,5170.027656249999,TP,16.896343749999986,112,0.28819097834593355,ml_v3ma10,2026-03
296828,short,2026-03-12 12:45:00,2026-03-12 12:50:00,2026-03-12 13:23:00,5181.319,5164.257239583334,TP,16.70176041666666,33,0.2751605615579567,ml_v3ma10,2026-03
296916,long,2026-03-12 20:05:00,2026-03-12 20:10:00,2026-03-12 20:20:00,5089.035,5082.337931409028,SL,-7.057068590972212,10,0.3198804423964734,ml_v3ma10,2026-03
296927,long,2026-03-12 22:00:00,2026-03-12 22:05:00,2026-03-13 00:00:00,5083.397,5101.4902812499995,TP,17.59328124999999,115,0.3195037429086075,ml_v3ma10,2026-03
296956,long,2026-03-13 00:25:00,2026-03-13 00:30:00,2026-03-13 01:59:00,5106.049,5123.859916666666,TP,17.450916666666703,89,0.3228555157955001,ml_v3ma10,2026-03
296976,long,2026-03-13 02:05:00,2026-03-13 02:10:00,2026-03-13 02:22:00,5124.563,5117.964855753472,SL,-6.9581442465278105,12,0.31973945984526575,ml_v3ma10,2026-03
296981,long,2026-03-13 02:30:00,2026-03-13 02:35:00,2026-03-13 02:48:00,5119.98,5113.404562954166,SL,-6.9354370458333605,13,0.32632015535517633,ml_v3ma10,2026-03
296986,long,2026-03-13 02:55:00,2026-03-13 03:00:00,2026-03-13 04:24:00,5112.062,5105.52085392257,SL,-6.9011460774305835,84,0.32150405358456335,ml_v3ma10,2026-03
297005,long,2026-03-13 04:30:00,2026-03-13 04:35:00,2026-03-13 05:45:00,5105.741,5099.299464800694,SL,-6.801535199305575,70,0.3330885604198287,ml_v3ma10,2026-03
297045,long,2026-03-13 07:50:00,2026-03-13 07:55:00,2026-03-13 08:02:00,5084.436,5077.791219084027,SL,-7.00478091597224,7,0.32035332458920446,ml_v3ma10,2026-03
297050,short,2026-03-13 08:15:00,2026-03-13 08:20:00,2026-03-13 08:36:00,5073.737,5080.482804545486,SL,-7.105804545486133,16,0.28433546856531805,ml_v3ma10,2026-03
297070,long,2026-03-13 09:55:00,2026-03-13 10:00:00,2026-03-13 10:33:00,5089.404,5082.530059697223,SL,-7.11394030277782,33,0.32453232095673207,ml_v3ma10,2026-03
297079,long,2026-03-13 10:40:00,2026-03-13 10:45:00,2026-03-13 11:58:00,5087.328,5105.436729166668,TP,17.748729166666763,73,0.31877571926548603,ml_v3ma10,2026-03
297128,short,2026-03-13 14:45:00,2026-03-13 14:50:00,2026-03-13 14:53:00,5077.888,5059.018729166666,TP,18.50927083333339,3,0.2719156102254934,ml_v3ma10,2026-03
297131,short,2026-03-13 15:00:00,2026-03-13 15:05:00,2026-03-13 15:06:00,5049.396,5056.696857105208,SL,-7.66085710520835,1,0.2747514541833358,ml_v3ma10,2026-03
297139,short,2026-03-13 15:40:00,2026-03-13 15:45:00,2026-03-13 15:47:00,5046.327,5053.735551619792,SL,-7.648551619791682,2,0.2727743681161361,ml_v3ma10,2026-03
297142,short,2026-03-13 15:55:00,2026-03-13 16:00:00,2026-03-13 16:30:00,5034.775,5042.2672888868055,SL,-7.852288886805574,30,0.2727743681161361,ml_v3ma10,2026-03
297195,long,2026-03-13 20:20:00,2026-03-13 20:25:00,2026-03-15 22:20:00,5013.865,5006.3625480336805,SL,-7.862451966319494,52,0.32027578510410737,ml_v3ma10,2026-03
297209,short,2026-03-15 22:30:00,2026-03-15 22:35:00,2026-03-15 22:51:00,5015.632,5023.20192671875,SL,-7.809926718750044,16,0.27552958355431934,ml_v3ma10,2026-03
297215,short,2026-03-15 23:00:00,2026-03-15 23:05:00,2026-03-15 23:20:00,5006.099,4986.105770833334,TP,19.633229166666773,15,0.27371445820813556,ml_v3ma10,2026-03
297221,short,2026-03-15 23:30:00,2026-03-15 23:35:00,2026-03-15 23:55:00,4982.161,4989.941565569792,SL,-8.020565569791707,20,0.2721741698790111,ml_v3ma10,2026-03
297241,short,2026-03-16 01:10:00,2026-03-16 01:15:00,2026-03-16 01:16:00,4986.379,4994.682775665625,SL,-8.543775665625029,1,0.28606942083835407,ml_v3ma10,2026-03
297244,short,2026-03-16 01:25:00,2026-03-16 01:30:00,2026-03-16 01:35:00,4988.009,4996.464217852431,SL,-8.695217852430586,5,0.28516995694637104,ml_v3ma10,2026-03
297248,short,2026-03-16 01:45:00,2026-03-16 01:50:00,2026-03-16 01:55:00,5004.002,5012.554201647917,SL,-8.792201647916695,5,0.2744742667006455,ml_v3ma10,2026-03
297258,short,2026-03-16 02:35:00,2026-03-16 02:40:00,2026-03-16 03:31:00,5003.732,5012.334052723611,SL,-8.96205272361113,51,0.27795629554261786,ml_v3ma10,2026-03
297271,long,2026-03-16 03:40:00,2026-03-16 03:45:00,2026-03-16 05:15:00,5018.931,5010.325534449999,SL,-8.845465550000016,90,0.331367490176819,ml_v3ma10,2026-03
297292,long,2026-03-16 05:25:00,2026-03-16 05:30:00,2026-03-16 06:16:00,5010.789,5033.3003125,TP,22.271312500000054,46,0.3367865070874999,ml_v3ma10,2026-03
297304,long,2026-03-16 06:25:00,2026-03-16 06:30:00,2026-03-16 06:47:00,5027.844,5019.124665100694,SL,-8.95933489930558,17,0.31857666225984793,ml_v3ma10,2026-03
297313,long,2026-03-16 07:10:00,2026-03-16 07:15:00,2026-03-16 07:28:00,5009.757,5001.011116486111,SL,-8.985883513888911,13,0.3221486480154868,ml_v3ma10,2026-03
297344,short,2026-03-16 09:45:00,2026-03-16 09:50:00,2026-03-16 10:27:00,4979.859,4988.598772173612,SL,-8.979772173611119,37,0.27175695620488216,ml_v3ma10,2026-03
297355,short,2026-03-16 10:40:00,2026-03-16 10:45:00,2026-03-16 10:49:00,4985.389,4994.136470875,SL,-8.987470875000003,4,0.2720329555125146,ml_v3ma10,2026-03
297360,long,2026-03-16 11:05:00,2026-03-16 11:10:00,2026-03-16 11:26:00,4998.718,5021.765854166667,TP,22.80785416666668,16,0.3260279748360614,ml_v3ma10,2026-03
297366,long,2026-03-16 11:35:00,2026-03-16 11:40:00,2026-03-16 11:51:00,5018.314,5009.5068681576395,SL,-9.04713184236112,11,0.32430794870061674,ml_v3ma10,2026-03
297382,long,2026-03-16 12:55:00,2026-03-16 13:00:00,2026-03-16 14:30:00,5019.798,5010.841195878472,SL,-9.196804121527801,90,0.32649257811374466,ml_v3ma10,2026-03
297481,short,2026-03-16 22:10:00,2026-03-16 22:15:00,2026-03-16 23:32:00,5003.859,5012.073470729514,SL,-8.574470729513896,77,0.2828168311582953,ml_v3ma10,2026-03
297499,short,2026-03-16 23:40:00,2026-03-16 23:45:00,2026-03-17 01:36:00,5008.795,5016.7223686937505,SL,-8.207368693749999,111,0.2725864836441428,ml_v3ma10,2026-03
297524,short,2026-03-17 01:45:00,2026-03-17 01:50:00,2026-03-17 01:59:00,5020.43,5027.814939623264,SL,-7.664939623263898,9,0.27890989998950866,ml_v3ma10,2026-03
297528,short,2026-03-17 02:05:00,2026-03-17 02:10:00,2026-03-17 02:44:00,5021.903,5029.1929400291665,SL,-7.569940029166674,34,0.2750775024854622,ml_v3ma10,2026-03
297538,short,2026-03-17 02:55:00,2026-03-17 03:00:00,2026-03-17 03:24:00,5022.812,5029.733084927778,SL,-7.201084927777796,24,0.2733004794084511,ml_v3ma10,2026-03
297545,long,2026-03-17 03:30:00,2026-03-17 03:35:00,2026-03-17 05:54:00,5029.966,5023.109623847917,SL,-7.136376152083352,139,0.3533091675965585,ml_v3ma10,2026-03
297575,short,2026-03-17 06:00:00,2026-03-17 06:05:00,2026-03-17 07:35:00,5018.279,5025.107152871528,SL,-7.108152871527801,90,0.2736846098171622,ml_v3ma10,2026-03
297598,short,2026-03-17 07:55:00,2026-03-17 08:00:00,2026-03-17 08:21:00,5021.046,5027.835044262153,SL,-7.0690442621528025,21,0.27355914203991,ml_v3ma10,2026-03
297648,short,2026-03-17 12:05:00,2026-03-17 12:10:00,2026-03-17 12:20:00,5007.251,5013.699971986111,SL,-6.728971986111143,10,0.27282855300773684,ml_v3ma10,2026-03
297653,short,2026-03-17 12:30:00,2026-03-17 12:35:00,2026-03-17 13:40:00,5021.137,5027.525374475694,SL,-6.668374475694475,65,0.27605009465087954,ml_v3ma10,2026-03
297669,short,2026-03-17 13:50:00,2026-03-17 13:55:00,2026-03-17 14:08:00,5012.641,5019.000413072222,SL,-6.63941307222225,13,0.2793923356996924,ml_v3ma10,2026-03
297764,short,2026-03-17 22:45:00,2026-03-17 22:50:00,2026-03-18 00:04:00,5000.118,5005.838793886806,SL,-6.000793886805579,74,0.2751145752077615,ml_v3ma10,2026-03
297782,short,2026-03-18 00:15:00,2026-03-18 00:20:00,2026-03-18 01:07:00,5005.991,5011.588503549306,SL,-5.9575035493055895,47,0.2733181902634055,ml_v3ma10,2026-03
297794,short,2026-03-18 01:15:00,2026-03-18 01:20:00,2026-03-18 01:46:00,5012.508,4997.88471875,TP,14.343281250000066,26,0.27935887746757215,ml_v3ma10,2026-03
297802,short,2026-03-18 01:55:00,2026-03-18 02:00:00,2026-03-18 02:19:00,4998.749,5004.326554388542,SL,-5.857554388541696,19,0.2745469348902101,ml_v3ma10,2026-03
297808,short,2026-03-18 02:25:00,2026-03-18 02:30:00,2026-03-18 03:04:00,5002.222,4987.756104166667,TP,14.185895833333435,34,0.27295005557513424,ml_v3ma10,2026-03
297863,short,2026-03-18 07:00:00,2026-03-18 07:05:00,2026-03-18 07:47:00,5012.308,4998.046125,TP,13.981874999999995,42,0.2810996511446387,ml_v3ma10,2026-03
297911,short,2026-03-18 11:00:00,2026-03-18 11:05:00,2026-03-18 11:14:00,4958.766,4964.183738871875,SL,-5.697738871874982,9,0.2793399734843702,ml_v3ma10,2026-03
297916,short,2026-03-18 11:25:00,2026-03-18 11:30:00,2026-03-18 11:31:00,4948.477,4954.009405870139,SL,-5.8124058701388694,1,0.2809192581523389,ml_v3ma10,2026-03
297919,short,2026-03-18 11:40:00,2026-03-18 11:45:00,2026-03-18 12:01:00,4939.164,4924.463031249999,TP,14.500968749999949,16,0.2752935028689878,ml_v3ma10,2026-03
297941,short,2026-03-18 13:30:00,2026-03-18 13:35:00,2026-03-18 13:39:00,4858.005,4864.448519400695,SL,-6.64351940069441,4,0.27180612609868426,ml_v3ma10,2026-03
298033,short,2026-03-18 22:10:00,2026-03-18 22:15:00,2026-03-18 22:36:00,4818.738,4826.393326746528,SL,-8.015326746527737,21,0.28066515710353657,ml_v3ma10,2026-03
298040,short,2026-03-18 22:45:00,2026-03-18 22:50:00,2026-03-18 23:41:00,4833.747,4841.651792450348,SL,-8.184792450347178,51,0.28247037317752643,ml_v3ma10,2026-03
298053,short,2026-03-18 23:50:00,2026-03-18 23:55:00,2026-03-19 00:01:00,4835.603,4843.639876768403,SL,-8.236876768402741,6,0.28192369427680775,ml_v3ma10,2026-03
298063,short,2026-03-19 00:40:00,2026-03-19 00:45:00,2026-03-19 01:01:00,4840.925,4849.138327829514,SL,-8.413327829513857,16,0.2734757876035909,ml_v3ma10,2026-03
298069,short,2026-03-19 01:10:00,2026-03-19 01:15:00,2026-03-19 01:30:00,4837.991,4846.318986890972,SL,-8.527986890972196,15,0.27241826709482475,ml_v3ma10,2026-03
298079,short,2026-03-19 02:00:00,2026-03-19 02:05:00,2026-03-19 02:22:00,4846.248,4854.7355127142355,SL,-8.687512714236084,17,0.2726558765853947,ml_v3ma10,2026-03
298094,long,2026-03-19 03:15:00,2026-03-19 03:20:00,2026-03-19 03:31:00,4864.606,4856.065056710764,SL,-8.740943289236082,11,0.31846401130361357,ml_v3ma10,2026-03
298126,short,2026-03-19 05:55:00,2026-03-19 06:00:00,2026-03-19 06:01:00,4827.553,4836.205348260417,SL,-8.852348260416639,1,0.2749564339090392,ml_v3ma10,2026-03
298129,short,2026-03-19 06:10:00,2026-03-19 06:15:00,2026-03-19 06:34:00,4833.123,4810.240322916667,TP,22.682677083333267,19,0.27163431801891064,ml_v3ma10,2026-03
298135,short,2026-03-19 06:40:00,2026-03-19 06:45:00,2026-03-19 06:47:00,4786.209,4762.868635416667,TP,23.14036458333328,2,0.27858701780924505,ml_v3ma10,2026-03
298138,short,2026-03-19 06:55:00,2026-03-19 07:00:00,2026-03-19 07:06:00,4763.86,4772.977889527083,SL,-9.317889527083313,6,0.2760803891766996,ml_v3ma10,2026-03
298142,short,2026-03-19 07:15:00,2026-03-19 07:20:00,2026-03-19 07:43:00,4774.468,4750.286833333334,TP,23.98116666666662,23,0.2812799556601972,ml_v3ma10,2026-03
298149,short,2026-03-19 07:50:00,2026-03-19 07:55:00,2026-03-19 07:59:00,4753.775,4728.750072916666,TP,24.824927083333307,4,0.2831555201161832,ml_v3ma10,2026-03
298152,short,2026-03-19 08:05:00,2026-03-19 08:10:00,2026-03-19 08:15:00,4714.894,4724.643782269792,SL,-9.949782269791658,5,0.27338024006371875,ml_v3ma10,2026-03
298156,short,2026-03-19 08:25:00,2026-03-19 08:30:00,2026-03-19 08:42:00,4718.552,4692.379364583333,TP,25.97263541666666,12,0.2734033815670528,ml_v3ma10,2026-03
298161,short,2026-03-19 08:50:00,2026-03-19 08:55:00,2026-03-19 09:01:00,4707.247,4717.56398607882,SL,-10.516986078819441,6,0.2748297654200115,ml_v3ma10,2026-03
298165,short,2026-03-19 09:10:00,2026-03-19 09:15:00,2026-03-19 09:17:00,4694.817,4705.293698417014,SL,-10.676698417013887,2,0.275468444089941,ml_v3ma10,2026-03
298168,short,2026-03-19 09:25:00,2026-03-19 09:30:00,2026-03-19 09:32:00,4709.136,4719.729413111111,SL,-10.79341311111111,2,0.27604660914426227,ml_v3ma10,2026-03
298171,short,2026-03-19 09:40:00,2026-03-19 09:45:00,2026-03-19 09:48:00,4705.212,4715.928818532292,SL,-10.916818532291664,3,0.2790585361528911,ml_v3ma10,2026-03
298174,short,2026-03-19 09:55:00,2026-03-19 10:00:00,2026-03-19 10:03:00,4698.747,4709.569417730208,SL,-11.022417730208335,3,0.2784593604612865,ml_v3ma10,2026-03
298177,short,2026-03-19 10:10:00,2026-03-19 10:15:00,2026-03-19 10:20:00,4704.538,4675.8184062499995,TP,28.519593750000023,5,0.27855293975358386,ml_v3ma10,2026-03
298181,short,2026-03-19 10:30:00,2026-03-19 10:35:00,2026-03-19 10:53:00,4698.648,4669.293177083334,TP,29.074822916666697,18,0.27698639557843585,ml_v3ma10,2026-03
298187,short,2026-03-19 11:00:00,2026-03-19 11:05:00,2026-03-19 11:42:00,4688.414,4658.322479166666,TP,29.81152083333334,37,0.2762727044630565,ml_v3ma10,2026-03
298197,short,2026-03-19 11:50:00,2026-03-19 11:55:00,2026-03-19 12:10:00,4652.728,4622.102635416667,TP,30.345364583333332,15,0.2761194460201778,ml_v3ma10,2026-03
298219,short,2026-03-19 13:40:00,2026-03-19 13:45:00,2026-03-19 13:51:00,4558.686,4571.491226209722,SL,-13.085226209722219,6,0.2717021457958736,ml_v3ma10,2026-03
298279,long,2026-03-19 18:40:00,2026-03-19 18:45:00,2026-03-19 19:02:00,4608.999,4647.3935,TP,38.11449999999996,17,0.32190305788482687,ml_v3ma10,2026-03
298296,long,2026-03-19 20:05:00,2026-03-19 20:10:00,2026-03-19 22:52:00,4655.738,4640.856997538889,SL,-15.161002461111098,99,0.3305449010990512,ml_v3ma10,2026-03
298320,long,2026-03-19 23:05:00,2026-03-19 23:10:00,2026-03-20 01:40:00,4644.02,4682.648281250001,TP,38.34828124999997,150,0.3369567963079255,ml_v3ma10,2026-03
298440,short,2026-03-20 09:05:00,2026-03-20 09:10:00,2026-03-20 10:01:00,4693.647,4654.194947916667,TP,39.17205208333334,51,0.27641642508251896,ml_v3ma10,2026-03
298467,short,2026-03-20 11:20:00,2026-03-20 11:25:00,2026-03-20 12:00:00,4662.619,4677.054406386806,SL,-14.715406386805556,35,0.27711202077811903,ml_v3ma10,2026-03
298477,short,2026-03-20 12:10:00,2026-03-20 12:15:00,2026-03-20 13:31:00,4685.414,4648.086427083334,TP,37.04757291666667,76,0.28238600907070865,ml_v3ma10,2026-03
298533,short,2026-03-20 16:50:00,2026-03-20 16:55:00,2026-03-20 17:07:00,4581.349,4594.176469107292,SL,-13.107469107291676,12,0.27190175437215536,ml_v3ma10,2026-03
298543,short,2026-03-20 17:40:00,2026-03-20 17:45:00,2026-03-20 18:00:00,4565.791,4578.454911386806,SL,-12.943911386805556,15,0.27330365561727255,ml_v3ma10,2026-03
298549,short,2026-03-20 18:10:00,2026-03-20 18:15:00,2026-03-20 18:43:00,4563.096,4530.098802083333,TP,32.717197916666684,28,0.2747977354455349,ml_v3ma10,2026-03
298589,short,2026-03-22 22:30:00,2026-03-22 22:35:00,2026-03-22 23:36:00,4512.814,4478.236322916667,TP,34.297677083333326,61,0.2731089238129155,ml_v3ma10,2026-03
298604,short,2026-03-22 23:45:00,2026-03-22 23:50:00,2026-03-23 00:05:00,4463.035,4427.7000312499995,TP,35.05496874999998,15,0.2841186949253063,ml_v3ma10,2026-03
298610,short,2026-03-23 00:15:00,2026-03-23 00:20:00,2026-03-23 00:23:00,4424.951,4438.778665343403,SL,-14.107665343402765,3,0.27867837613997626,ml_v3ma10,2026-03
298613,short,2026-03-23 00:30:00,2026-03-23 00:35:00,2026-03-23 00:36:00,4401.099,4364.192395833334,TP,36.62660416666664,1,0.27601010129933734,ml_v3ma10,2026-03
298616,short,2026-03-23 00:45:00,2026-03-23 00:50:00,2026-03-23 00:51:00,4345.512,4359.957049605555,SL,-14.725049605555544,1,0.27189533935075183,ml_v3ma10,2026-03
298624,short,2026-03-23 01:25:00,2026-03-23 01:30:00,2026-03-23 01:31:00,4421.828,4437.08334189514,SL,-15.535341895138876,1,0.27271908173117515,ml_v3ma10,2026-03
298628,short,2026-03-23 01:45:00,2026-03-23 01:50:00,2026-03-23 02:38:00,4412.595,4371.7536875000005,TP,40.56131249999994,48,0.2744072938874709,ml_v3ma10,2026-03
298640,short,2026-03-23 02:45:00,2026-03-23 02:50:00,2026-03-23 05:30:00,4373.281,4331.617791666667,TP,41.403208333333296,160,0.2792414181042232,ml_v3ma10,2026-03
298675,short,2026-03-23 05:40:00,2026-03-23 05:45:00,2026-03-23 06:05:00,4322.206,4278.689052083333,TP,43.256947916666604,20,0.28536569104676623,ml_v3ma10,2026-03
298682,short,2026-03-23 06:15:00,2026-03-23 06:20:00,2026-03-23 06:29:00,4285.479,4240.854145833334,TP,44.36485416666662,9,0.27516846881394763,ml_v3ma10,2026-03
298686,short,2026-03-23 06:35:00,2026-03-23 06:40:00,2026-03-23 06:44:00,4233.831,4188.420177083333,TP,45.15082291666661,4,0.27516846881394763,ml_v3ma10,2026-03
298689,short,2026-03-23 06:50:00,2026-03-23 06:55:00,2026-03-23 07:06:00,4212.467,4166.074385416667,TP,46.13261458333329,11,0.27564865873341937,ml_v3ma10,2026-03
298694,short,2026-03-23 07:15:00,2026-03-23 07:20:00,2026-03-23 07:24:00,4116.964,4135.235439121528,SL,-18.531439121527775,4,0.27476539240365405,ml_v3ma10,2026-03
298697,short,2026-03-23 07:30:00,2026-03-23 07:35:00,2026-03-23 07:36:00,4155.85,4174.429720522917,SL,-18.839720522916664,1,0.274116908769659,ml_v3ma10,2026-03
298701,short,2026-03-23 07:50:00,2026-03-23 07:55:00,2026-03-23 08:00:00,4198.361,4217.3674746208335,SL,-19.266474620833325,5,0.27500735745911975,ml_v3ma10,2026-03
298706,short,2026-03-23 08:15:00,2026-03-23 08:20:00,2026-03-23 08:30:00,4220.068,4239.504383598958,SL,-19.696383598958338,10,0.2730820123157994,ml_v3ma10,2026-03
298712,short,2026-03-23 08:45:00,2026-03-23 08:50:00,2026-03-23 09:10:00,4241.723,4261.691101950347,SL,-20.248101950347223,20,0.2736305845171817,ml_v3ma10,2026-03
298722,short,2026-03-23 09:35:00,2026-03-23 09:40:00,2026-03-23 10:04:00,4240.801,4261.239782298611,SL,-20.718782298611114,24,0.2728001440480697,ml_v3ma10,2026-03
298734,short,2026-03-23 10:35:00,2026-03-23 10:40:00,2026-03-23 10:50:00,4246.549,4267.3265569069445,SL,-21.037556906944438,10,0.2750377160698779,ml_v3ma10,2026-03
298918,short,2026-03-24 02:55:00,2026-03-24 03:00:00,2026-03-24 06:22:00,4365.943,4390.353034389584,SL,-24.77403438958332,202,0.2729914920801515,ml_v3ma10,2026-03
299028,short,2026-03-24 12:05:00,2026-03-24 12:10:00,2026-03-24 13:29:00,4412.213,4359.510104166667,TP,52.33889583333331,79,0.2790521123873145,ml_v3ma10,2026-03
299127,long,2026-03-24 20:20:00,2026-03-24 20:25:00,2026-03-24 20:32:00,4463.359,4447.634950052779,SL,-16.08804994722224,7,0.3432768480827189,ml_v3ma10,2026-03
299131,long,2026-03-24 20:40:00,2026-03-24 20:45:00,2026-03-24 23:22:00,4459.467,4501.2189687499995,TP,41.387968750000056,95,0.3332356261064387,ml_v3ma10,2026-03
299194,long,2026-03-25 02:55:00,2026-03-25 03:00:00,2026-03-25 03:45:00,4583.459,4568.854003920486,SL,-14.968996079513934,45,0.3164220696229644,ml_v3ma10,2026-03
299206,long,2026-03-25 03:55:00,2026-03-25 04:00:00,2026-03-25 05:26:00,4570.216,4556.168322438195,SL,-14.411677561805593,86,0.3306145003384603,ml_v3ma10,2026-03
299408,long,2026-03-25 20:45:00,2026-03-25 20:50:00,2026-03-25 22:44:00,4505.968,4534.5708125,TP,28.322812500000026,52,0.3282848195038874,ml_v3ma10,2026-03
299429,long,2026-03-25 23:30:00,2026-03-25 23:35:00,2026-03-25 23:37:00,4506.2,4495.599082639236,SL,-10.880917360763888,2,0.32326238300774757,ml_v3ma10,2026-03
299432,short,2026-03-25 23:45:00,2026-03-25 23:50:00,2026-03-26 00:00:00,4492.281,4502.904338836458,SL,-10.903338836458332,10,0.2726657173150605,ml_v3ma10,2026-03
299440,short,2026-03-26 00:25:00,2026-03-26 00:30:00,2026-03-26 00:49:00,4525.14,4535.767045324653,SL,-10.90704532465277,19,0.27364422767032687,ml_v3ma10,2026-03
299505,short,2026-03-26 05:50:00,2026-03-26 05:55:00,2026-03-26 06:01:00,4462.53,4435.6088125,TP,26.641187499999962,6,0.2788458211768598,ml_v3ma10,2026-03
299510,short,2026-03-26 06:15:00,2026-03-26 06:20:00,2026-03-26 06:29:00,4430.225,4440.810746156945,SL,-10.865746156944432,9,0.27787004843840307,ml_v3ma10,2026-03
299535,short,2026-03-26 08:20:00,2026-03-26 08:25:00,2026-03-26 10:23:00,4432.12,4442.93347691875,SL,-11.09347691874999,118,0.2739026887763471,ml_v3ma10,2026-03
299561,short,2026-03-26 10:30:00,2026-03-26 10:35:00,2026-03-26 11:20:00,4439.353,4450.507660347569,SL,-11.434660347569436,45,0.27197527148818706,ml_v3ma10,2026-03
299576,short,2026-03-26 11:45:00,2026-03-26 11:50:00,2026-03-26 12:09:00,4426.498,4437.781208818749,SL,-11.563208818749988,19,0.28616924478302447,ml_v3ma10,2026-03
299588,short,2026-03-26 12:45:00,2026-03-26 12:50:00,2026-03-26 13:23:00,4435.146,4446.631283856597,SL,-11.765283856597202,33,0.27381798329448337,ml_v3ma10,2026-03
299598,short,2026-03-26 13:35:00,2026-03-26 13:40:00,2026-03-26 13:43:00,4434.676,4446.074276625694,SL,-11.678276625694432,3,0.2746800819639408,ml_v3ma10,2026-03
299606,long,2026-03-26 14:15:00,2026-03-26 14:20:00,2026-03-26 15:31:00,4454.878,4443.397478226736,SL,-11.760521773263878,71,0.31887864788993714,ml_v3ma10,2026-03
299661,long,2026-03-26 18:50:00,2026-03-26 18:55:00,2026-03-26 19:11:00,4394.025,4382.026966757291,SL,-12.278033242708338,16,0.3213366632696104,ml_v3ma10,2026-03
299667,long,2026-03-26 19:20:00,2026-03-26 19:25:00,2026-03-26 19:32:00,4389.2,4377.282632480556,SL,-12.197367519444448,7,0.3278475604237442,ml_v3ma10,2026-03
299677,long,2026-03-26 20:10:00,2026-03-26 20:15:00,2026-03-26 20:16:00,4396.872,4384.84521964757,SL,-12.306780352430563,1,0.31978349110111115,ml_v3ma10,2026-03
299687,long,2026-03-26 22:00:00,2026-03-26 22:05:00,2026-03-27 01:41:00,4387.414,4419.571510416667,TP,31.797510416666697,216,0.32622221148222563,ml_v3ma10,2026-03
299733,long,2026-03-27 01:50:00,2026-03-27 01:55:00,2026-03-27 03:40:00,4414.361,4445.627916666666,TP,30.98691666666668,105,0.33890959473207694,ml_v3ma10,2026-03
299757,long,2026-03-27 03:50:00,2026-03-27 03:55:00,2026-03-27 05:37:00,4437.693,4468.939916666667,TP,30.966916666666656,102,0.3520184144552062,ml_v3ma10,2026-03
299791,short,2026-03-27 06:40:00,2026-03-27 06:45:00,2026-03-27 08:26:00,4465.047,4433.849625,TP,30.917375000000014,101,0.27664095754085627,ml_v3ma10,2026-03
299822,short,2026-03-27 09:15:00,2026-03-27 09:20:00,2026-03-27 12:51:00,4433.058,4444.305124132292,SL,-11.527124132291654,211,0.2719767409948328,ml_v3ma10,2026-03
299867,short,2026-03-27 13:00:00,2026-03-27 13:05:00,2026-03-27 14:03:00,4433.647,4444.108820875,SL,-10.741820874999988,58,0.27935859947074954,ml_v3ma10,2026-03
299882,long,2026-03-27 14:15:00,2026-03-27 14:20:00,2026-03-27 14:26:00,4465.809,4455.164791333334,SL,-10.924208666666665,6,0.3212969142772831,ml_v3ma10,2026-03
299886,long,2026-03-27 14:35:00,2026-03-27 14:40:00,2026-03-27 14:51:00,4460.135,4488.02996875,TP,27.61496875000001,11,0.3171962584045885,ml_v3ma10,2026-03
300031,long,2026-03-30 03:40:00,2026-03-30 03:45:00,2026-03-30 04:05:00,4503.349,4492.747304832292,SL,-10.881695167708344,20,0.31848533486528197,ml_v3ma10,2026-03
300045,long,2026-03-30 04:50:00,2026-03-30 04:55:00,2026-03-30 05:49:00,4492.247,4519.743291666667,TP,27.21629166666674,54,0.3166665357580588,ml_v3ma10,2026-03
300109,short,2026-03-30 10:10:00,2026-03-30 10:15:00,2026-03-30 11:18:00,4532.994,4543.582643090972,SL,-10.86864309097225,63,0.2722276221338381,ml_v3ma10,2026-03
300243,short,2026-03-30 22:20:00,2026-03-30 22:25:00,2026-03-30 22:31:00,4506.836,4516.837593299653,SL,-10.281593299652776,6,0.2740116106743211,ml_v3ma10,2026-03
300278,long,2026-03-31 01:15:00,2026-03-31 01:20:00,2026-03-31 01:40:00,4568.84,4594.307270833334,TP,25.187270833333343,20,0.3196536306063632,ml_v3ma10,2026-03
300415,short,2026-03-31 12:40:00,2026-03-31 12:45:00,2026-03-31 13:42:00,4578.964,4588.709611478472,SL,-10.025611478472221,57,0.282026825209688,ml_v3ma10,2026-03
300433,long,2026-03-31 14:10:00,2026-03-31 14:15:00,2026-03-31 14:21:00,4614.782,4604.861151791667,SL,-10.20084820833334,6,0.32239476337810924,ml_v3ma10,2026-03
300490,long,2026-03-31 18:55:00,2026-03-31 19:00:00,2026-03-31 22:39:00,4667.608,4693.8557083333335,TP,25.967708333333377,157,0.3219502185817671,ml_v3ma10,2026-03
300797,long,2026-04-01 22:45:00,2026-04-01 22:50:00,2026-04-02 01:00:00,4780.236,4770.990026304861,SL,-9.605973695138887,130,0.3435382046088009,ml_v3ma10,2026-04
300975,short,2026-04-02 13:35:00,2026-04-02 13:40:00,2026-04-02 13:41:00,4590.109,4601.838261259375,SL,-12.009261259374991,1,0.2906299252470371,ml_v3ma10,2026-04
301505,short,2026-04-07 11:45:00,2026-04-07 11:50:00,2026-04-07 12:24:00,4660.202,4668.434796813542,SL,-8.512796813541657,34,0.2852154747194576,ml_v3ma10,2026-04
301516,short,2026-04-07 12:40:00,2026-04-07 12:45:00,2026-04-07 14:01:00,4656.757,4634.9067187499995,TP,21.570281249999965,76,0.28439130629021736,ml_v3ma10,2026-04
301884,long,2026-04-08 20:20:00,2026-04-08 20:25:00,2026-04-08 22:12:00,4725.03,4714.7718296187495,SL,-10.538170381249977,44,0.34141925553668634,ml_v3ma10,2026-04
301903,long,2026-04-08 22:55:00,2026-04-08 23:00:00,2026-04-08 23:09:00,4717.763,4707.755918399305,SL,-10.287081600694425,9,0.34001611340730886,ml_v3ma10,2026-04
301910,long,2026-04-08 23:30:00,2026-04-08 23:35:00,2026-04-09 00:06:00,4710.678,4701.03616622257,SL,-9.921833777430532,31,0.3403284418187883,ml_v3ma10,2026-04
301919,short,2026-04-09 00:15:00,2026-04-09 00:20:00,2026-04-09 00:31:00,4703.941,4713.097025877778,SL,-9.43602587777776,11,0.2861662241265719,ml_v3ma10,2026-04
301926,short,2026-04-09 00:50:00,2026-04-09 00:55:00,2026-04-09 01:10:00,4709.679,4718.754919699306,SL,-9.355919699305534,15,0.29020575113461183,ml_v3ma10,2026-04
301933,short,2026-04-09 01:25:00,2026-04-09 01:30:00,2026-04-09 01:34:00,4704.725,4713.664616969098,SL,-9.2196169690972,4,0.29288325138256716,ml_v3ma10,2026-04
301960,long,2026-04-09 03:40:00,2026-04-09 03:45:00,2026-04-09 05:52:00,4714.886,4706.409884538542,SL,-8.756115461458322,127,0.34068351243676753,ml_v3ma10,2026-04
302007,long,2026-04-09 07:35:00,2026-04-09 07:40:00,2026-04-09 07:46:00,4729.009,4720.469239294792,SL,-8.819760705208319,6,0.3392678761514307,ml_v3ma10,2026-04
302011,long,2026-04-09 07:55:00,2026-04-09 08:00:00,2026-04-09 11:29:00,4724.276,4746.68190625,TP,22.125906249999957,209,0.33900722507648656,ml_v3ma10,2026-04
302586,long,2026-04-13 09:55:00,2026-04-13 10:00:00,2026-04-13 11:41:00,4714.835,4707.5354723097225,SL,-7.579527690277797,101,0.3536123921075639,ml_v3ma10,2026-04
302611,long,2026-04-13 12:00:00,2026-04-13 12:05:00,2026-04-13 13:01:00,4709.217,4728.362999999999,TP,18.86600000000003,56,0.34317146732132137,ml_v3ma10,2026-04
302970,long,2026-04-14 18:55:00,2026-04-14 19:00:00,2026-04-15 00:17:00,4835.625,4829.66191925,SL,-6.243080750000006,254,0.3438467492008789,ml_v3ma10,2026-04
303244,long,2026-04-15 18:45:00,2026-04-15 18:50:00,2026-04-15 20:31:00,4798.494,4792.493052750694,SL,-6.280947249305537,101,0.3555365839897243,ml_v3ma10,2026-04
303267,long,2026-04-15 20:40:00,2026-04-15 20:45:00,2026-04-15 22:51:00,4790.811,4806.397656249999,TP,15.306656250000005,62,0.37502050348542226,ml_v3ma10,2026-04
303283,long,2026-04-15 23:00:00,2026-04-15 23:05:00,2026-04-15 23:47:00,4809.691,4825.459322916667,TP,15.488322916666666,42,0.379936940684868,ml_v3ma10,2026-04
303386,long,2026-04-16 07:35:00,2026-04-16 07:40:00,2026-04-16 07:48:00,4828.864,4823.370575750347,SL,-5.773424249652779,8,0.34320136190371897,ml_v3ma10,2026-04
303449,short,2026-04-16 12:50:00,2026-04-16 12:55:00,2026-04-16 13:01:00,4816.252,4821.379279567362,SL,-5.407279567361125,6,0.28536799633431487,ml_v3ma10,2026-04
303453,short,2026-04-16 13:10:00,2026-04-16 13:15:00,2026-04-16 13:35:00,4817.206,4822.336311427083,SL,-5.410311427083341,20,0.2850821324579721,ml_v3ma10,2026-04
303558,long,2026-04-16 22:55:00,2026-04-16 23:00:00,2026-04-17 00:00:00,4795.317,4790.005713532639,SL,-5.5912864673610985,60,0.34424541226270444,ml_v3ma10,2026-04
303604,long,2026-04-17 02:45:00,2026-04-17 02:50:00,2026-04-17 04:58:00,4789.644,4803.628364583334,TP,13.704364583333321,128,0.34519617828442845,ml_v3ma10,2026-04
303687,short,2026-04-17 09:40:00,2026-04-17 09:45:00,2026-04-17 11:45:00,4794.363,4799.647483875,SL,-5.564483874999994,120,0.2844136326640423,ml_v3ma10,2026-04
303855,short,2026-04-20 00:40:00,2026-04-20 00:45:00,2026-04-20 00:59:00,4764.131,4770.931671682292,SL,-7.0806716822916815,14,0.2843967008880955,ml_v3ma10,2026-04
304250,short,2026-04-21 10:35:00,2026-04-21 10:40:00,2026-04-21 11:40:00,4786.813,4791.972883964583,SL,-5.439883964583288,60,0.28582003108889775,ml_v3ma10,2026-04
304656,long,2026-04-22 22:25:00,2026-04-22 22:30:00,2026-04-22 22:56:00,4733.064,4728.218786565278,SL,-5.125213434722188,26,0.34613181696067524,ml_v3ma10,2026-04
305205,short,2026-04-26 22:10:00,2026-04-26 22:15:00,2026-04-27 00:56:00,4685.208,4690.918944311111,SL,-6.070944311111034,161,0.28554965966025275,ml_v3ma10,2026-04
305375,short,2026-04-27 12:20:00,2026-04-27 12:25:00,2026-04-27 13:01:00,4708.963,4695.4423125,TP,13.240687499999838,36,0.28753939354348235,ml_v3ma10,2026-04
305749,long,2026-04-28 20:35:00,2026-04-28 20:40:00,2026-04-28 23:38:00,4594.294,4588.270242371527,SL,-6.303757628472194,115,0.3551193674912838,ml_v3ma10,2026-04
305815,long,2026-04-29 03:05:00,2026-04-29 03:10:00,2026-04-29 03:43:00,4599.643,4593.232981855555,SL,-6.690018144444439,33,0.3384295040453666,ml_v3ma10,2026-04
305827,long,2026-04-29 04:05:00,2026-04-29 04:10:00,2026-04-29 05:57:00,4599.778,4593.37302966389,SL,-6.684970336111091,107,0.33913865804354176,ml_v3ma10,2026-04
306031,long,2026-04-29 22:05:00,2026-04-29 22:10:00,2026-04-30 00:00:00,4546.226,4562.298104166666,TP,15.712104166666634,110,0.3517739354294098,ml_v3ma10,2026-04
306452,short,2026-05-01 10:10:00,2026-05-01 10:15:00,2026-05-01 10:24:00,4566.461,4571.900065068403,SL,-5.719065068402752,9,0.2907074120717981,ml_v3ma10,2026-05
306456,short,2026-05-01 10:30:00,2026-05-01 10:35:00,2026-05-01 11:36:00,4571.269,4576.653408256944,SL,-5.6644082569444105,61,0.2908062812763193,ml_v3ma10,2026-05
306591,short,2026-05-03 22:45:00,2026-05-03 22:50:00,2026-05-03 23:12:00,4626.354,4611.705604166667,TP,14.368395833333308,22,0.29047660605747994,ml_v3ma10,2026-05
306709,short,2026-05-04 08:35:00,2026-05-04 08:40:00,2026-05-04 10:03:00,4578.988,4562.604072916667,TP,16.10392708333335,83,0.29061811037183205,ml_v3ma10,2026-05
306873,long,2026-05-04 23:15:00,2026-05-04 23:20:00,2026-05-05 01:13:00,4519.914,4537.9650624999995,TP,17.77106249999998,113,0.3491091690909816,ml_v3ma10,2026-05
306991,short,2026-05-05 09:05:00,2026-05-05 09:10:00,2026-05-05 10:51:00,4559.065,4542.619531249999,TP,16.16546875000001,101,0.2901881599656191,ml_v3ma10,2026-05
307020,short,2026-05-05 11:30:00,2026-05-05 11:35:00,2026-05-05 11:42:00,4556.816,4562.8518731621525,SL,-6.315873162152786,7,0.2934785529111929,ml_v3ma10,2026-05
307024,short,2026-05-05 11:50:00,2026-05-05 11:55:00,2026-05-05 12:11:00,4561.032,4567.041415820833,SL,-6.289415820833341,16,0.29199636420956326,ml_v3ma10,2026-05
307036,short,2026-05-05 12:50:00,2026-05-05 12:55:00,2026-05-05 13:02:00,4563.161,4569.199944705902,SL,-6.318944705902791,7,0.28987667402973843,ml_v3ma10,2026-05
307155,long,2026-05-05 23:45:00,2026-05-05 23:50:00,2026-05-06 00:16:00,4593.503,4588.563842566319,SL,-5.219157433680567,26,0.3468321849648888,ml_v3ma10,2026-05
307401,long,2026-05-06 20:15:00,2026-05-06 20:20:00,2026-05-06 20:31:00,4697.814,4691.6116285309035,SL,-6.482371469097206,11,0.3704739395373513,ml_v3ma10,2026-05
307424,long,2026-05-06 23:10:00,2026-05-06 23:15:00,2026-05-07 00:42:00,4694.572,4688.2937526697915,SL,-6.558247330208309,87,0.34814104500671,ml_v3ma10,2026-05
307510,long,2026-05-07 06:20:00,2026-05-07 06:25:00,2026-05-07 06:32:00,4713.345,4729.407041666667,TP,15.78204166666666,7,0.3521959048499016,ml_v3ma10,2026-05
307717,short,2026-05-08 00:35:00,2026-05-08 00:40:00,2026-05-08 01:01:00,4703.949,4710.853691455903,SL,-7.184691455902816,21,0.28956165069491613,ml_v3ma10,2026-05
307821,short,2026-05-08 09:15:00,2026-05-08 09:20:00,2026-05-08 10:37:00,4719.518,4726.5424102309025,SL,-7.304410230902796,77,0.29166921063614804,ml_v3ma10,2026-05
307839,short,2026-05-08 10:45:00,2026-05-08 10:50:00,2026-05-08 11:05:00,4719.731,4726.732734777431,SL,-7.281734777430574,15,0.2907864780729919,ml_v3ma10,2026-05
307845,short,2026-05-08 11:15:00,2026-05-08 11:20:00,2026-05-08 12:11:00,4722.853,4704.45815625,TP,18.114843750000052,51,0.2926845079160134,ml_v3ma10,2026-05
307864,short,2026-05-08 12:50:00,2026-05-08 12:55:00,2026-05-08 13:32:00,4730.616,4737.783475119444,SL,-7.447475119444472,37,0.2900716340041558,ml_v3ma10,2026-05
307966,short,2026-05-10 22:20:00,2026-05-10 22:25:00,2026-05-10 22:28:00,4689.134,4695.451812305902,SL,-6.677812305902798,3,0.29071044662371454,ml_v3ma10,2026-05
307970,short,2026-05-10 22:40:00,2026-05-10 22:45:00,2026-05-10 23:33:00,4691.038,4697.316596549653,SL,-6.638596549652804,48,0.2937052932990722,ml_v3ma10,2026-05
307982,short,2026-05-10 23:40:00,2026-05-10 23:45:00,2026-05-11 00:13:00,4697.612,4681.526947916666,TP,15.80505208333337,28,0.2935613172203787,ml_v3ma10,2026-05
307990,short,2026-05-11 00:20:00,2026-05-11 00:25:00,2026-05-11 00:31:00,4684.386,4690.57654562882,SL,-6.470545628819465,6,0.2938785553630866,ml_v3ma10,2026-05
308821,short,2026-05-14 00:35:00,2026-05-14 00:40:00,2026-05-14 00:44:00,4695.706,4700.859784529514,SL,-5.433784529513882,4,0.2897528582593335,ml_v3ma10,2026-05
308826,short,2026-05-14 01:00:00,2026-05-14 01:05:00,2026-05-14 01:13:00,4698.357,4684.753427083333,TP,13.32357291666664,8,0.2902127698832717,ml_v3ma10,2026-05
308831,short,2026-05-14 01:25:00,2026-05-14 01:30:00,2026-05-14 02:35:00,4692.889,4698.124466163889,SL,-5.51546616388888,65,0.29053871569837464,ml_v3ma10,2026-05
309139,short,2026-05-15 04:05:00,2026-05-15 04:10:00,2026-05-15 04:43:00,4621.309,4605.06121875,TP,15.967781250000089,33,0.29176386215223904,ml_v3ma10,2026-05
309215,short,2026-05-15 10:25:00,2026-05-15 10:30:00,2026-05-15 10:45:00,4551.847,4558.6462351204855,SL,-7.07923512048614,15,0.2914640817701683,ml_v3ma10,2026-05
309230,short,2026-05-15 11:40:00,2026-05-15 11:45:00,2026-05-15 11:51:00,4551.564,4558.474028957639,SL,-7.190028957638909,6,0.2944846343886054,ml_v3ma10,2026-05
309243,short,2026-05-15 12:45:00,2026-05-15 12:50:00,2026-05-15 13:25:00,4549.451,4556.512939415972,SL,-7.341939415972234,35,0.2898021856340138,ml_v3ma10,2026-05
309305,long,2026-05-15 17:55:00,2026-05-15 18:00:00,2026-05-15 19:09:00,4559.663,4552.253960266667,SL,-7.689039733333333,69,0.35792136702767074,ml_v3ma10,2026-05
309321,long,2026-05-15 19:15:00,2026-05-15 19:20:00,2026-05-15 20:00:00,4552.295,4544.827632682639,SL,-7.747367317361116,40,0.36495282235669485,ml_v3ma10,2026-05
309332,long,2026-05-15 20:10:00,2026-05-15 20:15:00,2026-05-18 00:02:00,4538.452,4530.9361586427085,SL,-7.795841357291672,163,0.3613119162627952,ml_v3ma10,2026-05
309423,long,2026-05-18 04:45:00,2026-05-18 04:50:00,2026-05-18 05:58:00,4540.511,4532.102168807639,SL,-8.68883119236109,68,0.34675958928600226,ml_v3ma10,2026-05
309472,short,2026-05-18 08:50:00,2026-05-18 08:55:00,2026-05-18 10:33:00,4555.758,4533.967520833333,TP,21.51047916666664,98,0.2917036841551488,ml_v3ma10,2026-05
309494,short,2026-05-18 10:40:00,2026-05-18 10:45:00,2026-05-18 11:39:00,4543.546,4551.616092299653,SL,-8.350092299652772,54,0.2920696017630301,ml_v3ma10,2026-05
309507,short,2026-05-18 11:45:00,2026-05-18 11:50:00,2026-05-18 12:41:00,4555.484,4563.57128738889,SL,-8.367287388888888,51,0.29486969933036045,ml_v3ma10,2026-05
309520,short,2026-05-18 12:50:00,2026-05-18 12:55:00,2026-05-18 12:59:00,4563.191,4571.338654731944,SL,-8.427654731944449,4,0.29040463707199765,ml_v3ma10,2026-05
309747,short,2026-05-19 08:45:00,2026-05-19 08:50:00,2026-05-19 10:43:00,4545.885,4528.5493125,TP,17.05568749999994,113,0.2903707039578208,ml_v3ma10,2026-05
309778,short,2026-05-19 11:20:00,2026-05-19 11:25:00,2026-05-19 13:04:00,4540.954,4523.4258125,TP,17.248187499999915,99,0.2903455228115577,ml_v3ma10,2026-05
309894,long,2026-05-19 22:00:00,2026-05-19 22:05:00,2026-05-19 22:16:00,4484.793,4478.37211636875,SL,-6.780883631249933,11,0.3519830376800527,ml_v3ma10,2026-05
311052,short,2026-05-26 05:00:00,2026-05-26 05:05:00,2026-05-26 05:30:00,4528.564,4532.603687196875,SL,-4.319687196875006,25,0.2936146831955211,ml_v3ma10,2026-05
311093,short,2026-05-26 08:25:00,2026-05-26 08:30:00,2026-05-26 08:45:00,4522.463,4526.616032717014,SL,-4.433032717013899,15,0.29007834235993607,ml_v3ma10,2026-05
311104,short,2026-05-26 09:20:00,2026-05-26 09:25:00,2026-05-26 10:10:00,4522.276,4526.450724006597,SL,-4.454724006597241,45,0.2896854231236153,ml_v3ma10,2026-05
311234,long,2026-05-26 20:10:00,2026-05-26 20:15:00,2026-05-26 22:02:00,4507.82,4502.812736837847,SL,-5.287263162152797,43,0.36041046589066283,ml_v3ma10,2026-05
311492,long,2026-05-27 18:40:00,2026-05-27 18:45:00,2026-05-27 23:47:00,4453.161,4447.133492230902,SL,-6.3075077690972225,240,0.3470078445854213,ml_v3ma10,2026-05
312176,short,2026-06-01 06:40:00,2026-06-01 06:45:00,2026-06-01 10:47:00,4504.476,4510.478371905902,SL,-6.282371905902775,242,0.28011276440037036,ml_v3ma10,2026-06
312254,short,2026-06-01 13:10:00,2026-06-01 13:15:00,2026-06-01 13:22:00,4484.044,4467.988729166666,TP,15.77527083333331,7,0.2854709853618467,ml_v3ma10,2026-06
312259,short,2026-06-01 13:35:00,2026-06-01 13:40:00,2026-06-01 13:51:00,4473.065,4456.665895833333,TP,16.11910416666662,11,0.28061888087415254,ml_v3ma10,2026-06
312403,long,2026-06-02 02:35:00,2026-06-02 02:40:00,2026-06-02 03:27:00,4478.942,4493.7235,TP,14.501499999999899,47,0.3509727079532132,ml_v3ma10,2026-06
312442,short,2026-06-02 05:50:00,2026-06-02 05:55:00,2026-06-02 06:21:00,4519.459,4525.092104090625,SL,-5.913104090624966,26,0.28061142872624933,ml_v3ma10,2026-06
312640,short,2026-06-02 23:20:00,2026-06-02 23:25:00,2026-06-02 23:44:00,4467.766,4472.614431809375,SL,-5.128431809374975,19,0.2839876556739248,ml_v3ma10,2026-06
312664,short,2026-06-03 01:20:00,2026-06-03 01:25:00,2026-06-03 01:30:00,4466.36,4471.464227115624,SL,-5.384227115624977,5,0.2825699349463488,ml_v3ma10,2026-06
312684,long,2026-06-03 03:00:00,2026-06-03 03:05:00,2026-06-03 04:20:00,4485.878,4480.946965886806,SL,-5.211034113194437,75,0.364574281600186,ml_v3ma10,2026-06
312706,long,2026-06-03 04:50:00,2026-06-03 04:55:00,2026-06-03 05:30:00,4470.318,4465.5408010204865,SL,-5.057198979513901,35,0.3658058259219752,ml_v3ma10,2026-06
312716,short,2026-06-03 05:40:00,2026-06-03 05:45:00,2026-06-03 05:48:00,4461.738,4466.574665495139,SL,-5.116665495138899,3,0.2869295231879909,ml_v3ma10,2026-06
312719,short,2026-06-03 05:55:00,2026-06-03 06:00:00,2026-06-03 06:02:00,4457.151,4462.007074953125,SL,-5.1360749531250125,2,0.2851869510474161,ml_v3ma10,2026-06
312724,short,2026-06-03 06:20:00,2026-06-03 06:25:00,2026-06-03 07:03:00,4460.398,4465.339637685417,SL,-5.221637685416682,38,0.2888593887396832,ml_v3ma10,2026-06
312737,short,2026-06-03 07:25:00,2026-06-03 07:30:00,2026-06-03 07:34:00,4456.006,4460.9405461496535,SL,-5.214546149652803,4,0.28503062296533144,ml_v3ma10,2026-06
312740,short,2026-06-03 07:40:00,2026-06-03 07:45:00,2026-06-03 08:51:00,4459.049,4446.0197708333335,TP,12.749229166666728,66,0.2894449894734402,ml_v3ma10,2026-06
312756,short,2026-06-03 09:00:00,2026-06-03 09:05:00,2026-06-03 09:07:00,4450.926,4456.025853935765,SL,-5.379853935763925,2,0.2849968018521586,ml_v3ma10,2026-06
312759,short,2026-06-03 09:15:00,2026-06-03 09:20:00,2026-06-03 10:06:00,4449.941,4455.063981787152,SL,-5.402981787152807,46,0.28471427131318605,ml_v3ma10,2026-06
312812,short,2026-06-03 13:40:00,2026-06-03 13:45:00,2026-06-03 13:46:00,4427.592,4433.194856924652,SL,-5.882856924652789,1,0.28322821799368036,ml_v3ma10,2026-06
312976,short,2026-06-04 04:20:00,2026-06-04 04:25:00,2026-06-04 04:34:00,4474.115,4480.025574812847,SL,-6.19057481284724,9,0.28022116635434025,ml_v3ma10,2026-06
313245,short,2026-06-05 03:45:00,2026-06-05 03:50:00,2026-06-05 05:02:00,4440.97,4446.445502942709,SL,-5.755502942708329,72,0.28169861628173143,ml_v3ma10,2026-06
313262,short,2026-06-05 05:10:00,2026-06-05 05:15:00,2026-06-05 06:15:00,4448.76,4434.516864583334,TP,13.96313541666665,60,0.2857561279690102,ml_v3ma10,2026-06
313293,long,2026-06-05 07:45:00,2026-06-05 07:50:00,2026-06-05 12:30:00,4462.483,4456.957110247223,SL,-5.805889752777787,280,0.3528719555460005,ml_v3ma10,2026-06
313454,short,2026-06-07 22:10:00,2026-06-07 22:15:00,2026-06-07 23:33:00,4329.838,4336.490420091319,SL,-6.932420091319469,78,0.28007826903503485,ml_v3ma10,2026-06
313472,short,2026-06-07 23:40:00,2026-06-07 23:45:00,2026-06-07 23:55:00,4338.848,4345.759743307639,SL,-7.171743307638909,10,0.28032620844482764,ml_v3ma10,2026-06
313490,short,2026-06-08 01:10:00,2026-06-08 01:15:00,2026-06-08 01:30:00,4327.18,4308.729541666667,TP,18.170458333333386,15,0.2856761776091018,ml_v3ma10,2026-06
313500,short,2026-06-08 02:00:00,2026-06-08 02:05:00,2026-06-08 03:16:00,4322.64,4303.742604166667,TP,18.617395833333394,71,0.28126145528568414,ml_v3ma10,2026-06
313517,short,2026-06-08 03:25:00,2026-06-08 03:30:00,2026-06-08 03:51:00,4307.315,4314.482272730902,SL,-7.447272730902792,21,0.28529086702382833,ml_v3ma10,2026-06
313524,short,2026-06-08 04:00:00,2026-06-08 04:05:00,2026-06-08 04:18:00,4314.627,4321.745032789237,SL,-7.398032789236124,13,0.28877243537045527,ml_v3ma10,2026-06
313529,short,2026-06-08 04:25:00,2026-06-08 04:30:00,2026-06-08 05:33:00,4319.829,4301.1296041666665,TP,18.419395833333347,63,0.2897609028509687,ml_v3ma10,2026-06
313544,short,2026-06-08 05:40:00,2026-06-08 05:45:00,2026-06-08 05:52:00,4288.15,4295.558150811111,SL,-7.688150811111124,7,0.2895707171454982,ml_v3ma10,2026-06
313548,short,2026-06-08 06:00:00,2026-06-08 06:05:00,2026-06-08 06:22:00,4303.493,4311.007214312153,SL,-7.79421431215279,17,0.28112405154421516,ml_v3ma10,2026-06
313554,short,2026-06-08 06:30:00,2026-06-08 06:35:00,2026-06-08 07:13:00,4299.496,4307.089522841667,SL,-7.873522841666672,38,0.28270148846819587,ml_v3ma10,2026-06
313565,short,2026-06-08 07:25:00,2026-06-08 07:30:00,2026-06-08 08:27:00,4306.314,4286.267177083334,TP,19.766822916666666,57,0.28017873677923866,ml_v3ma10,2026-06
313579,short,2026-06-08 08:35:00,2026-06-08 08:40:00,2026-06-08 09:37:00,4287.653,4295.307421950694,SL,-7.914421950694447,57,0.2922819270525079,ml_v3ma10,2026-06
313596,short,2026-06-08 10:00:00,2026-06-08 10:05:00,2026-06-08 10:34:00,4290.463,4298.3877297059025,SL,-8.184729705902782,29,0.2933038269217471,ml_v3ma10,2026-06
313789,long,2026-06-09 03:05:00,2026-06-09 03:10:00,2026-06-09 04:16:00,4338.317,4331.7921839,SL,-6.804816100000026,66,0.35204615636873227,ml_v3ma10,2026-06
314025,short,2026-06-09 23:45:00,2026-06-09 23:50:00,2026-06-09 23:53:00,4213.313,4219.987801882986,SL,-6.9348018829861875,3,0.27994622755670107,ml_v3ma10,2026-06
314028,short,2026-06-10 00:00:00,2026-06-10 00:05:00,2026-06-10 00:19:00,4220.678,4227.426891962848,SL,-7.008891962847295,14,0.27994622755670107,ml_v3ma10,2026-06
314033,short,2026-06-10 00:25:00,2026-06-10 00:30:00,2026-06-10 00:43:00,4218.159,4200.1890208333325,TP,17.70997916666685,13,0.2838770346703485,ml_v3ma10,2026-06
314038,short,2026-06-10 00:50:00,2026-06-10 00:55:00,2026-06-10 00:58:00,4207.338,4214.262668395486,SL,-7.184668395486179,3,0.28104563522958315,ml_v3ma10,2026-06
314041,short,2026-06-10 01:05:00,2026-06-10 01:10:00,2026-06-10 01:12:00,4195.316,4202.390158128125,SL,-7.334158128125073,2,0.2827555816665248,ml_v3ma10,2026-06
314044,short,2026-06-10 01:20:00,2026-06-10 01:25:00,2026-06-10 02:06:00,4200.884,4181.99740625,TP,18.62659375000019,41,0.28480328433662216,ml_v3ma10,2026-06
314061,short,2026-06-10 02:45:00,2026-06-10 02:50:00,2026-06-10 05:36:00,4187.313,4194.770287574306,SL,-7.717287574305625,166,0.282047090514152,ml_v3ma10,2026-06
314097,short,2026-06-10 05:45:00,2026-06-10 05:50:00,2026-06-10 06:03:00,4202.751,4210.322529953472,SL,-7.831529953472279,13,0.2810456863374967,ml_v3ma10,2026-06
314104,short,2026-06-10 06:20:00,2026-06-10 06:25:00,2026-06-10 07:43:00,4209.296,4189.208197916667,TP,19.827802083333495,78,0.281356494757678,ml_v3ma10,2026-06
314122,short,2026-06-10 07:50:00,2026-06-10 07:55:00,2026-06-10 08:04:00,4182.334,4162.17721875,TP,19.896781250000164,9,0.2936473651561837,ml_v3ma10,2026-06
314126,short,2026-06-10 08:10:00,2026-06-10 08:15:00,2026-06-10 08:16:00,4166.502,4174.301455167014,SL,-8.059455167013954,1,0.2927936329279046,ml_v3ma10,2026-06
314129,short,2026-06-10 08:25:00,2026-06-10 08:30:00,2026-06-10 11:56:00,4172.025,4151.4590312499995,TP,20.305968750000154,206,0.28445933896637965,ml_v3ma10,2026-06
314173,short,2026-06-10 12:05:00,2026-06-10 12:10:00,2026-06-10 12:30:00,4144.847,4153.189487434722,SL,-8.602487434722276,20,0.2867825459733562,ml_v3ma10,2026-06
314180,short,2026-06-10 12:40:00,2026-06-10 12:45:00,2026-06-10 12:46:00,4160.568,4169.228285065972,SL,-8.920285065972271,1,0.2798094752118191,ml_v3ma10,2026-06
314183,short,2026-06-10 12:55:00,2026-06-10 13:00:00,2026-06-10 13:01:00,4146.827,4155.5763280875,SL,-9.009328087500043,1,0.28954016895584794,ml_v3ma10,2026-06
314186,short,2026-06-10 13:10:00,2026-06-10 13:15:00,2026-06-10 13:37:00,4151.451,4160.2812358833335,SL,-9.09023588333337,22,0.28691756458573076,ml_v3ma10,2026-06
314272,long,2026-06-10 20:20:00,2026-06-10 20:25:00,2026-06-10 20:49:00,4076.253,4067.4201052868057,SL,-9.092894713194449,24,0.358141545274668,ml_v3ma10,2026-06
314302,short,2026-06-10 23:50:00,2026-06-10 23:55:00,2026-06-11 00:17:00,4051.124,4060.5833031232637,SL,-9.719303123263893,22,0.28116097255526995,ml_v3ma10,2026-06
314337,short,2026-06-11 02:45:00,2026-06-11 02:50:00,2026-06-11 02:55:00,4054.971,4064.618953054514,SL,-9.907953054513893,5,0.28041045175992596,ml_v3ma10,2026-06
314350,long,2026-06-11 03:50:00,2026-06-11 03:55:00,2026-06-11 05:42:00,4072.948,4098.0201875,TP,24.812187499999997,107,0.35142126201290025,ml_v3ma10,2026-06
314420,long,2026-06-11 09:40:00,2026-06-11 09:45:00,2026-06-11 11:40:00,4091.544,4082.0219564288195,SL,-9.782043571180553,115,0.3548631804713236,ml_v3ma10,2026-06
314447,long,2026-06-11 11:55:00,2026-06-11 12:00:00,2026-06-11 12:20:00,4080.418,4071.0593196975697,SL,-9.61868030243054,20,0.3668736034723399,ml_v3ma10,2026-06
314902,long,2026-06-15 03:50:00,2026-06-15 03:55:00,2026-06-15 05:42:00,4325.23,4317.836647362847,SL,-7.6733526371527825,107,0.3510102992277009,ml_v3ma10,2026-06
314927,long,2026-06-15 05:55:00,2026-06-15 06:00:00,2026-06-15 06:10:00,4310.192,4302.86719755243,SL,-7.604802447569459,10,0.35190149364419687,ml_v3ma10,2026-06
314947,long,2026-06-15 07:35:00,2026-06-15 07:40:00,2026-06-15 08:32:00,4315.955,4334.958354166667,TP,18.743354166666673,52,0.3512229198851484,ml_v3ma10,2026-06
315002,long,2026-06-15 12:10:00,2026-06-15 12:15:00,2026-06-15 12:50:00,4331.239,4349.137583333333,TP,17.61858333333338,35,0.35329576651895966,ml_v3ma10,2026-06
315048,long,2026-06-15 16:00:00,2026-06-15 16:05:00,2026-06-15 16:11:00,4357.264,4350.826849885764,SL,-6.717150114236132,6,0.36991566052311436,ml_v3ma10,2026-06
315052,long,2026-06-15 16:20:00,2026-06-15 16:25:00,2026-06-15 17:02:00,4340.166,4333.77868905625,SL,-6.6673109437500235,37,0.35820338200309704,ml_v3ma10,2026-06
315062,long,2026-06-15 17:10:00,2026-06-15 17:15:00,2026-06-15 17:30:00,4334.062,4327.871593265278,SL,-6.470406734722241,15,0.3662627908903874,ml_v3ma10,2026-06
315080,long,2026-06-15 18:40:00,2026-06-15 18:45:00,2026-06-15 19:44:00,4324.787,4318.723673427431,SL,-6.323326572569476,59,0.35914852061280794,ml_v3ma10,2026-06
315097,long,2026-06-15 20:05:00,2026-06-15 20:10:00,2026-06-15 20:21:00,4319.521,4313.573015054167,SL,-6.227984945833378,11,0.3780251513180899,ml_v3ma10,2026-06
315102,long,2026-06-15 20:30:00,2026-06-15 20:35:00,2026-06-16 03:35:00,4311.287,4326.880302083334,TP,15.313302083333424,358,0.36862907637133024,ml_v3ma10,2026-06
315265,short,2026-06-16 11:05:00,2026-06-16 11:10:00,2026-06-16 12:31:00,4340.72,4345.552272473265,SL,-5.112272473263881,81,0.28083150648786415,ml_v3ma10,2026-06
315520,short,2026-06-17 09:20:00,2026-06-17 09:25:00,2026-06-17 09:26:00,4327.379,4331.74097706007,SL,-4.641977060069465,1,0.2811987239941604,ml_v3ma10,2026-06
315524,short,2026-06-17 09:40:00,2026-06-17 09:45:00,2026-06-17 10:47:00,4328.518,4332.879711177084,SL,-4.62171117708335,62,0.2801205884671783,ml_v3ma10,2026-06
315566,short,2026-06-17 13:10:00,2026-06-17 13:15:00,2026-06-17 13:22:00,4331.662,4336.013186972917,SL,-4.631186972916687,7,0.2799212861119103,ml_v3ma10,2026-06
315819,short,2026-06-18 11:15:00,2026-06-18 11:20:00,2026-06-18 12:12:00,4245.072,4252.894654449653,SL,-8.082654449652829,52,0.2797953629836477,ml_v3ma10,2026-06
315835,short,2026-06-18 12:35:00,2026-06-18 12:40:00,2026-06-18 12:42:00,4242.748,4250.814933451042,SL,-8.326933451041715,2,0.280588611398641,ml_v3ma10,2026-06
315944,long,2026-06-18 22:40:00,2026-06-18 22:45:00,2026-06-18 23:13:00,4205.048,4198.594674676041,SL,-6.733325323958376,28,0.35198763372132624,ml_v3ma10,2026-06
315961,short,2026-06-19 00:05:00,2026-06-19 00:10:00,2026-06-19 01:01:00,4186.218,4192.693103918403,SL,-6.735103918402803,51,0.28077693799404013,ml_v3ma10,2026-06
315974,short,2026-06-19 01:10:00,2026-06-19 01:15:00,2026-06-19 03:04:00,4186.341,4169.747604166667,TP,16.333395833333366,109,0.288108756336249,ml_v3ma10,2026-06
315998,short,2026-06-19 03:10:00,2026-06-19 03:15:00,2026-06-19 03:58:00,4166.148,4150.1878750000005,TP,15.700125000000043,43,0.28571342447666037,ml_v3ma10,2026-06
316009,short,2026-06-19 04:05:00,2026-06-19 04:10:00,2026-06-19 04:21:00,4143.675,4149.805412421528,SL,-6.3904124215277935,11,0.2857693467372796,ml_v3ma10,2026-06
316014,short,2026-06-19 04:30:00,2026-06-19 04:35:00,2026-06-19 04:54:00,4142.983,4126.875229166667,TP,15.847770833333366,19,0.2867132458919427,ml_v3ma10,2026-06
316020,short,2026-06-19 05:00:00,2026-06-19 05:05:00,2026-06-19 05:14:00,4124.602,4130.797212470486,SL,-6.455212470486119,9,0.28156458177508326,ml_v3ma10,2026-06
316024,short,2026-06-19 05:20:00,2026-06-19 05:25:00,2026-06-19 05:30:00,4129.256,4135.475153844444,SL,-6.479153844444453,5,0.2829460088247201,ml_v3ma10,2026-06
316028,short,2026-06-19 05:40:00,2026-06-19 05:45:00,2026-06-19 05:55:00,4134.796,4141.041254029514,SL,-6.505254029513899,10,0.2829460088247201,ml_v3ma10,2026-06
316033,short,2026-06-19 06:05:00,2026-06-19 06:10:00,2026-06-19 06:57:00,4143.422,4149.706561059027,SL,-6.5445610590277905,47,0.2825560817701799,ml_v3ma10,2026-06
316045,short,2026-06-19 07:05:00,2026-06-19 07:10:00,2026-06-19 08:10:00,4158.909,4165.209498164583,SL,-6.56049816458333,60,0.2802784047465571,ml_v3ma10,2026-06
316076,long,2026-06-19 09:40:00,2026-06-19 09:45:00,2026-06-19 10:06:00,4162.749,4156.494817064236,SL,-6.514182935763881,21,0.3750431553733262,ml_v3ma10,2026-06
316085,short,2026-06-19 10:25:00,2026-06-19 10:30:00,2026-06-19 12:10:00,4153.893,4160.0625408729165,SL,-6.429540872916664,100,0.2803928305997999,ml_v3ma10,2026-06
316149,long,2026-06-19 15:45:00,2026-06-19 15:50:00,2026-06-19 16:11:00,4151.399,4145.545074136806,SL,-6.11392586319443,21,0.35265324515335084,ml_v3ma10,2026-06
316156,long,2026-06-19 16:20:00,2026-06-19 16:25:00,2026-06-21 23:08:00,4146.632,4161.685854166666,TP,14.79385416666665,102,0.37233282611145757,ml_v3ma10,2026-06
316208,short,2026-06-22 01:40:00,2026-06-22 01:45:00,2026-06-22 02:14:00,4200.633,4184.8661875,TP,15.506812499999977,29,0.2809195230310735,ml_v3ma10,2026-06
316216,short,2026-06-22 02:20:00,2026-06-22 02:25:00,2026-06-22 02:35:00,4188.864,4194.993122690625,SL,-6.389122690624988,10,0.2813280406543659,ml_v3ma10,2026-06
316221,short,2026-06-22 02:45:00,2026-06-22 02:50:00,2026-06-22 03:17:00,4190.791,4174.580291666667,TP,15.950708333333287,27,0.28224826186389196,ml_v3ma10,2026-06
316484,short,2026-06-23 01:40:00,2026-06-23 01:45:00,2026-06-23 01:57:00,4154.447,4159.806573992361,SL,-5.6195739923611105,12,0.2808882942021395,ml_v3ma10,2026-06
316489,short,2026-06-23 02:05:00,2026-06-23 02:10:00,2026-06-23 02:16:00,4151.515,4156.767990630556,SL,-5.512990630555557,6,0.28057373264468644,ml_v3ma10,2026-06
316497,short,2026-06-23 02:45:00,2026-06-23 02:50:00,2026-06-23 03:02:00,4154.291,4140.759822916667,TP,13.271177083333358,12,0.2832927298641358,ml_v3ma10,2026-06
316502,short,2026-06-23 03:10:00,2026-06-23 03:15:00,2026-06-23 04:56:00,4142.09,4128.577145833334,TP,13.252854166666689,101,0.2798105994764659,ml_v3ma10,2026-06
316570,short,2026-06-23 08:50:00,2026-06-23 08:55:00,2026-06-23 09:13:00,4107.565,4113.2337205055555,SL,-5.928720505555557,18,0.27979144919538057,ml_v3ma10,2026-06
316576,short,2026-06-23 09:20:00,2026-06-23 09:25:00,2026-06-23 09:59:00,4115.824,4121.525424112847,SL,-5.961424112847223,34,0.2797473034591932,ml_v3ma10,2026-06
316594,short,2026-06-23 10:50:00,2026-06-23 10:55:00,2026-06-23 11:12:00,4122.287,4128.002789730903,SL,-5.975789730902775,17,0.279943924281146,ml_v3ma10,2026-06
316623,short,2026-06-23 13:15:00,2026-06-23 13:20:00,2026-06-23 13:23:00,4107.473,4113.437668111111,SL,-6.2246681111111055,3,0.2886901024132225,ml_v3ma10,2026-06
316706,long,2026-06-23 20:10:00,2026-06-23 20:15:00,2026-06-23 22:33:00,4110.052,4104.040230916319,SL,-6.271769083680549,76,0.3821085230598483,ml_v3ma10,2026-06
316731,long,2026-06-23 23:15:00,2026-06-23 23:20:00,2026-06-23 23:33:00,4100.135,4093.968737027778,SL,-6.426262972222218,13,0.3658642320279116,ml_v3ma10,2026-06
316782,short,2026-06-24 03:30:00,2026-06-24 03:35:00,2026-06-24 03:42:00,4060.193,4066.9565472743056,SL,-7.023547274305541,7,0.28242362979501856,ml_v3ma10,2026-06
316786,short,2026-06-24 03:50:00,2026-06-24 03:55:00,2026-06-24 05:21:00,4063.498,4070.279198729861,SL,-7.041198729861097,86,0.2872927779302038,ml_v3ma10,2026-06
316872,short,2026-06-24 11:00:00,2026-06-24 11:05:00,2026-06-24 12:22:00,4051.873,4034.97934375,TP,16.633656249999976,77,0.2904388224192639,ml_v3ma10,2026-06
316890,short,2026-06-24 12:30:00,2026-06-24 12:35:00,2026-06-24 12:51:00,4019.302,4001.591260416667,TP,17.55073958333331,16,0.28263926971578157,ml_v3ma10,2026-06
317041,short,2026-06-25 02:05:00,2026-06-25 02:10:00,2026-06-25 02:17:00,3965.902,3974.220617492014,SL,-8.5786174920139,7,0.2832538019319688,ml_v3ma10,2026-06
317073,long,2026-06-25 04:45:00,2026-06-25 04:50:00,2026-06-25 05:41:00,3992.217,3983.8967753048614,SL,-8.580224695138899,51,0.35218882165875487,ml_v3ma10,2026-06
317113,long,2026-06-25 08:05:00,2026-06-25 08:10:00,2026-06-25 11:16:00,3988.177,3979.7110079340277,SL,-8.72599206597223,186,0.3525959941386362,ml_v3ma10,2026-06
317256,long,2026-06-25 20:00:00,2026-06-25 20:05:00,2026-06-25 22:13:00,4031.515,4023.7404505288196,SL,-8.014549471180523,66,0.3574846156804591,ml_v3ma10,2026-06
317275,long,2026-06-25 22:35:00,2026-06-25 22:40:00,2026-06-25 22:46:00,4034.033,4026.416674715972,SL,-7.856325284027743,6,0.355816254170785,ml_v3ma10,2026-06
317699,short,2026-06-29 10:55:00,2026-06-29 11:00:00,2026-06-29 12:02:00,4036.696,4042.9351466576386,SL,-6.479146657638879,62,0.2820646695744151,ml_v3ma10,2026-06
317717,short,2026-06-29 12:25:00,2026-06-29 12:30:00,2026-06-29 12:35:00,4038.459,4044.732108248611,SL,-6.5131082486111,5,0.28030594719465357,ml_v3ma10,2026-06
317721,short,2026-06-29 12:45:00,2026-06-29 12:50:00,2026-06-29 13:00:00,4043.267,4049.552926189583,SL,-6.525926189583322,10,0.28259571451665044,ml_v3ma10,2026-06
317729,short,2026-06-29 13:25:00,2026-06-29 13:30:00,2026-06-29 13:34:00,4038.133,4044.4603404409722,SL,-6.567340440972208,4,0.28068188651910964,ml_v3ma10,2026-06
317785,long,2026-06-29 18:05:00,2026-06-29 18:10:00,2026-06-29 18:48:00,4022.493,4016.5339074947915,SL,-6.1990925052083075,38,0.3619495176591573,ml_v3ma10,2026-06
317803,long,2026-06-29 19:35:00,2026-06-29 19:40:00,2026-06-29 22:44:00,4017.516,4011.5720191725695,SL,-6.183980827430533,122,0.3669283860452973,ml_v3ma10,2026-06
317833,long,2026-06-29 23:05:00,2026-06-29 23:10:00,2026-06-29 23:42:00,4019.419,4013.6607920118054,SL,-5.99820798819442,32,0.3583703011686661,ml_v3ma10,2026-06
317851,short,2026-06-30 00:35:00,2026-06-30 00:40:00,2026-06-30 00:56:00,3995.869,3981.0639062500004,TP,14.565093749999926,16,0.28428166080140627,ml_v3ma10,2026-06
317975,short,2026-06-30 10:55:00,2026-06-30 11:00:00,2026-06-30 11:45:00,4029.669,4035.715810080208,SL,-6.2868100802083156,45,0.281687548319165,ml_v3ma10,2026-06
317987,short,2026-06-30 11:55:00,2026-06-30 12:00:00,2026-06-30 12:24:00,4033.82,4018.030197916667,TP,15.549802083333281,24,0.2797656859553497,ml_v3ma10,2026-06
317994,short,2026-06-30 12:30:00,2026-06-30 12:35:00,2026-06-30 13:09:00,4016.701,4022.7229797840278,SL,-6.261979784027755,34,0.2811621657045865,ml_v3ma10,2026-06
318003,short,2026-06-30 13:15:00,2026-06-30 13:20:00,2026-06-30 13:37:00,4029.721,4013.822510416667,TP,15.658489583333276,17,0.2813115468715338,ml_v3ma10,2026-06
318234,long,2026-07-01 09:30:00,2026-07-01 09:35:00,2026-07-01 10:37:00,3979.992,3993.3793958333335,TP,13.147395833333329,62,0.3414208474581029,ml_v3ma10,2026-07
318649,long,2026-07-02 22:05:00,2026-07-02 22:10:00,2026-07-02 23:38:00,4127.989,4121.738650541319,SL,-6.510349458680573,88,0.3392989875643322,ml_v3ma10,2026-07
318970,short,2026-07-06 05:50:00,2026-07-06 05:55:00,2026-07-06 07:41:00,4156.178,4161.633970464236,SL,-5.6959704642360505,106,0.2818441822320675,ml_v3ma10,2026-07
318994,short,2026-07-06 07:50:00,2026-07-06 07:55:00,2026-07-06 08:37:00,4164.209,4150.616729166667,TP,13.352270833333185,42,0.28211499366324516,ml_v3ma10,2026-07
319005,short,2026-07-06 08:45:00,2026-07-06 08:50:00,2026-07-06 10:34:00,4148.931,4154.1189961298605,SL,-5.427996129861047,104,0.28382813086743214,ml_v3ma10,2026-07
319028,short,2026-07-06 10:40:00,2026-07-06 10:45:00,2026-07-06 11:27:00,4154.162,4159.360655259722,SL,-5.438655259722164,42,0.2876425977262288,ml_v3ma10,2026-07
319040,short,2026-07-06 11:40:00,2026-07-06 11:45:00,2026-07-06 12:36:00,4153.542,4140.1128125000005,TP,13.189187499999841,51,0.2824526643418183,ml_v3ma10,2026-07
319099,long,2026-07-06 16:35:00,2026-07-06 16:40:00,2026-07-06 18:35:00,4149.381,4163.969635416667,TP,14.348635416666562,115,0.3393562758314898,ml_v3ma10,2026-07
319271,short,2026-07-07 07:55:00,2026-07-07 08:00:00,2026-07-07 08:03:00,4124.718,4129.439688961458,SL,-4.961688961458322,3,0.2825188701414571,ml_v3ma10,2026-07
319279,short,2026-07-07 08:35:00,2026-07-07 08:40:00,2026-07-07 09:29:00,4132.042,4119.601854166667,TP,12.200145833333304,49,0.2826809980203096,ml_v3ma10,2026-07
319293,short,2026-07-07 09:45:00,2026-07-07 09:50:00,2026-07-07 09:56:00,4127.453,4132.236326193403,SL,-5.023326193402782,6,0.28315315621389786,ml_v3ma10,2026-07
319319,short,2026-07-07 11:55:00,2026-07-07 12:00:00,2026-07-07 12:06:00,4156.671,4161.498704841667,SL,-5.067704841666674,6,0.28369279491632277,ml_v3ma10,2026-07
319326,short,2026-07-07 12:30:00,2026-07-07 12:35:00,2026-07-07 12:51:00,4164.087,4169.014351435417,SL,-5.167351435416677,16,0.2848237483474522,ml_v3ma10,2026-07
319333,short,2026-07-07 13:05:00,2026-07-07 13:10:00,2026-07-07 13:12:00,4162.725,4167.745577153472,SL,-5.260577153472226,2,0.28489346697408335,ml_v3ma10,2026-07
319497,long,2026-07-08 03:45:00,2026-07-08 03:50:00,2026-07-08 04:01:00,4128.455,4122.676620620486,SL,-6.018379379513936,11,0.33906635358498427,ml_v3ma10,2026-07
319520,long,2026-07-08 05:40:00,2026-07-08 05:45:00,2026-07-08 06:07:00,4128.491,4122.7187002135415,SL,-6.012299786458388,22,0.34162812767696216,ml_v3ma10,2026-07
319756,long,2026-07-09 02:20:00,2026-07-09 02:25:00,2026-07-09 02:34:00,4078.994,4072.296014707986,SL,-6.937985292013872,9,0.3440111420327944,ml_v3ma10,2026-07
319762,long,2026-07-09 02:50:00,2026-07-09 02:55:00,2026-07-09 03:09:00,4067.477,4060.8505451680553,SL,-6.866454831944429,14,0.34623282818842444,ml_v3ma10,2026-07
319769,long,2026-07-09 03:25:00,2026-07-09 03:30:00,2026-07-09 05:11:00,4058.121,4075.41721875,TP,17.056218749999942,101,0.3395906055272713,ml_v3ma10,2026-07
320131,short,2026-07-10 10:35:00,2026-07-10 10:40:00,2026-07-10 11:38:00,4108.031,4096.323302083333,TP,11.467697916666754,58,0.2818948417595686,ml_v3ma10,2026-07
320145,short,2026-07-10 11:45:00,2026-07-10 11:50:00,2026-07-10 12:13:00,4105.848,4110.352272078472,SL,-4.744272078472268,23,0.2819591206366545,ml_v3ma10,2026-07
320158,short,2026-07-10 12:50:00,2026-07-10 12:55:00,2026-07-10 13:01:00,4100.476,4105.027043673611,SL,-4.791043673611154,6,0.2825816315466887,ml_v3ma10,2026-07
320269,short,2026-07-12 23:05:00,2026-07-12 23:10:00,2026-07-12 23:39:00,4071.255,4076.1093645715277,SL,-5.094364571527799,29,0.2820290383949568,ml_v3ma10,2026-07
320278,short,2026-07-12 23:50:00,2026-07-12 23:55:00,2026-07-13 00:00:00,4080.514,4085.439823600347,SL,-5.165823600347243,5,0.2826163752791023,ml_v3ma10,2026-07
320525,long,2026-07-13 20:25:00,2026-07-13 20:30:00,2026-07-13 23:34:00,3999.881,3993.8279039697914,SL,-6.293096030208358,122,0.3492499997178111,ml_v3ma10,2026-07
320970,long,2026-07-15 11:30:00,2026-07-15 11:35:00,2026-07-15 12:30:00,4033.243,4047.2915937499997,TP,13.808593749999975,55,0.35392302105225004,ml_v3ma10,2026-07
321356,long,2026-07-16 20:40:00,2026-07-16 20:45:00,2026-07-17 00:17:00,3974.333,3987.71009375,TP,13.137093750000004,150,0.3415977639887025,ml_v3ma10,2026-07
321490,long,2026-07-17 08:50:00,2026-07-17 08:55:00,2026-07-17 12:05:00,3995.175,3989.600203651389,SL,-5.814796348611095,190,0.339833973695197,ml_v3ma10,2026-07
321532,short,2026-07-17 12:20:00,2026-07-17 12:25:00,2026-07-17 12:43:00,3985.684,3970.7206979166667,TP,14.723302083333278,18,0.28366301126378846,ml_v3ma10,2026-07
