row,dir,signal_time,entry_time,exit_time,entry_px,exit_px,outcome,pnl,dur_m1,prob,variant,fold
182984,long,2024-08-01 11:00:00,2024-08-01 11:05:00,2024-08-01 11:45:00,2434.836,2438.873659722222,TP,3.857659722222236,40,0.45227455746521694,ml_v2,2024-08
183409,short,2024-08-05 00:30:00,2024-08-05 00:35:00,2024-08-05 00:51:00,2428.698,2422.575284722222,TP,5.942715277777799,16,0.3640600941930807,ml_v2,2024-08
183415,short,2024-08-05 01:00:00,2024-08-05 01:05:00,2024-08-05 01:08:00,2424.711,2428.310896895833,SL,-3.779896895833346,3,0.3655087188683154,ml_v2,2024-08
183421,short,2024-08-05 01:30:00,2024-08-05 01:35:00,2024-08-05 01:38:00,2430.284,2434.0000401399307,SL,-3.8960401399305673,3,0.3645531223021151,ml_v2,2024-08
184380,short,2024-08-08 12:25:00,2024-08-08 12:30:00,2024-08-08 12:31:00,2414.01,2410.2430625,TP,3.586937499999967,1,0.36346503111436357,ml_v2,2024-08
184384,short,2024-08-08 12:45:00,2024-08-08 12:50:00,2024-08-08 13:00:00,2408.394,2404.5936736111107,TP,3.6203263888888624,10,0.3636261620029094,ml_v2,2024-08
184389,short,2024-08-08 13:10:00,2024-08-08 13:15:00,2024-08-08 13:22:00,2405.324,2407.5026769354167,SL,-2.358676935416654,7,0.3660636378800966,ml_v2,2024-08
184393,short,2024-08-08 13:30:00,2024-08-08 13:35:00,2024-08-08 13:36:00,2410.08,2412.28315404375,SL,-2.3831540437499874,1,0.3670275159581783,ml_v2,2024-08
184396,short,2024-08-08 13:45:00,2024-08-08 13:50:00,2024-08-08 13:53:00,2410.702,2412.922388817014,SL,-2.400388817013874,3,0.3651082761987331,ml_v2,2024-08
184399,short,2024-08-08 14:00:00,2024-08-08 14:05:00,2024-08-08 14:10:00,2412.294,2414.5264289510415,SL,-2.41142895104165,5,0.36451889057003284,ml_v2,2024-08
184578,long,2024-08-09 05:55:00,2024-08-09 06:00:00,2024-08-09 06:40:00,2417.128,2420.9672847222223,TP,3.659284722222225,40,0.4328138434358763,ml_v2,2024-08
184666,short,2024-08-09 13:15:00,2024-08-09 13:20:00,2024-08-09 13:31:00,2430.871,2432.987166654861,SL,-2.2961666548611057,11,0.36319355275697274,ml_v2,2024-08
184674,short,2024-08-09 13:55:00,2024-08-09 14:00:00,2024-08-09 14:07:00,2426.617,2428.7551635114587,SL,-2.318163511458321,7,0.3639430798991802,ml_v2,2024-08
184678,short,2024-08-09 14:15:00,2024-08-09 14:20:00,2024-08-09 14:30:00,2431.32,2433.441615271875,SL,-2.301615271874989,10,0.36342359319669826,ml_v2,2024-08
184683,short,2024-08-09 14:40:00,2024-08-09 14:45:00,2024-08-09 14:52:00,2430.591,2426.9024930555556,TP,3.5085069444444286,7,0.36457605142437244,ml_v2,2024-08
184687,short,2024-08-09 15:00:00,2024-08-09 15:05:00,2024-08-09 15:42:00,2428.795,2430.878526542014,SL,-2.2635265420138837,37,0.3673030980332973,ml_v2,2024-08
184938,short,2024-08-12 13:00:00,2024-08-12 13:05:00,2024-08-12 13:12:00,2443.04,2444.8036812149303,SL,-1.9436812149305558,7,0.37053711317997345,ml_v2,2024-08
184942,short,2024-08-12 13:20:00,2024-08-12 13:25:00,2024-08-12 13:31:00,2445.859,2447.6291338378473,SL,-1.950133837847225,6,0.3738685359857596,ml_v2,2024-08
184946,short,2024-08-12 13:40:00,2024-08-12 13:45:00,2024-08-12 13:46:00,2452.019,2453.7913521749997,SL,-1.9513521750000038,1,0.37345777287841814,ml_v2,2024-08
184949,short,2024-08-12 13:55:00,2024-08-12 14:00:00,2024-08-12 14:06:00,2454.137,2450.982013888889,TP,2.974986111111119,6,0.37063742656551624,ml_v2,2024-08
184953,short,2024-08-12 14:15:00,2024-08-12 14:20:00,2024-08-12 14:32:00,2447.616,2449.436838120139,SL,-1.9998381201388973,12,0.37018645782314563,ml_v2,2024-08
184958,short,2024-08-12 14:40:00,2024-08-12 14:45:00,2024-08-12 14:49:00,2451.653,2453.465135412847,SL,-1.98113541284723,4,0.3680915184720638,ml_v2,2024-08
184961,short,2024-08-12 14:55:00,2024-08-12 15:00:00,2024-08-12 15:07:00,2453.259,2455.052817265625,SL,-1.9628172656250078,7,0.3666586526139858,ml_v2,2024-08
184965,short,2024-08-12 15:15:00,2024-08-12 15:20:00,2024-08-12 15:24:00,2458.07,2459.856174121875,SL,-1.955174121875008,4,0.3651296444638851,ml_v2,2024-08
184968,short,2024-08-12 15:30:00,2024-08-12 15:35:00,2024-08-12 15:37:00,2459.978,2456.8375069444446,TP,2.9714930555555696,2,0.36611666757904315,ml_v2,2024-08
184971,short,2024-08-12 15:45:00,2024-08-12 15:50:00,2024-08-12 15:58:00,2458.424,2460.2187538086805,SL,-1.9637538086805628,8,0.3651334442599895,ml_v2,2024-08
184975,short,2024-08-12 16:05:00,2024-08-12 16:10:00,2024-08-12 16:11:00,2463.644,2465.4369799326387,SL,-1.9619799326388938,1,0.3645771243079784,ml_v2,2024-08
184978,short,2024-08-12 16:20:00,2024-08-12 16:25:00,2024-08-12 17:30:00,2463.363,2465.1470589631945,SL,-1.9530589631944508,65,0.3637126403087171,ml_v2,2024-08
185209,short,2024-08-13 12:35:00,2024-08-13 12:40:00,2024-08-13 12:50:00,2471.05,2467.737951388889,TP,3.143048611111117,10,0.36477947242908715,ml_v2,2024-08
185214,short,2024-08-13 13:00:00,2024-08-13 13:05:00,2024-08-13 13:13:00,2467.347,2469.27471514375,SL,-2.096715143750004,8,0.3694171889102556,ml_v2,2024-08
185218,short,2024-08-13 13:20:00,2024-08-13 13:25:00,2024-08-13 13:29:00,2464.851,2466.826129620139,SL,-2.1441296201388957,4,0.3672521842992403,ml_v2,2024-08
185405,long,2024-08-14 05:55:00,2024-08-14 06:00:00,2024-08-14 06:25:00,2462.089,2465.3645902777776,TP,3.106590277777771,25,0.4302723800510134,ml_v2,2024-08
185485,short,2024-08-14 12:35:00,2024-08-14 12:40:00,2024-08-14 12:47:00,2472.017,2468.5484722222222,TP,3.2995277777777674,7,0.3642214592211669,ml_v2,2024-08
185489,short,2024-08-14 12:55:00,2024-08-14 13:00:00,2024-08-14 13:06:00,2468.721,2465.1636736111113,TP,3.38832638888888,6,0.3672643550141933,ml_v2,2024-08
185971,long,2024-08-16 07:05:00,2024-08-16 07:10:00,2024-08-16 07:33:00,2453.623,2451.654604759375,SL,-2.137395240625014,23,0.4381893666646999,ml_v2,2024-08
186590,short,2024-08-20 12:45:00,2024-08-20 12:50:00,2024-08-20 13:07:00,2527.267,2523.819090277778,TP,3.2679097222222047,17,0.36349846932008256,ml_v2,2024-08
186596,short,2024-08-20 13:15:00,2024-08-20 13:20:00,2024-08-20 13:27:00,2526.239,2528.2369558729165,SL,-2.1779558729166593,7,0.36486460104347246,ml_v2,2024-08
186600,short,2024-08-20 13:35:00,2024-08-20 13:40:00,2024-08-20 13:44:00,2523.486,2525.5229216197918,SL,-2.2159216197916605,4,0.36440500847446505,ml_v2,2024-08
186603,short,2024-08-20 13:50:00,2024-08-20 13:55:00,2024-08-20 14:16:00,2529.873,2526.2983541666667,TP,3.3946458333333256,21,0.3655040808423641,ml_v2,2024-08
186611,short,2024-08-20 14:30:00,2024-08-20 14:35:00,2024-08-20 14:36:00,2525.368,2527.420449979861,SL,-2.2324499798611073,1,0.3640435137256267,ml_v2,2024-08
186614,short,2024-08-20 14:45:00,2024-08-20 14:50:00,2024-08-20 14:51:00,2525.829,2527.8638064611114,SL,-2.214806461111102,1,0.3658494301541927,ml_v2,2024-08
187427,short,2024-08-23 13:30:00,2024-08-23 13:35:00,2024-08-23 13:48:00,2498.036,2494.6264444444446,TP,3.229555555555572,13,0.36487670078636186,ml_v2,2024-08
187698,short,2024-08-26 13:10:00,2024-08-26 13:15:00,2024-08-26 13:46:00,2525.214,2521.5765347222223,TP,3.477465277777753,31,0.3637167496955492,ml_v2,2024-08
187809,long,2024-08-26 23:25:00,2024-08-26 23:30:00,2024-08-26 23:59:00,2517.41,2515.7710337791664,SL,-1.798966220833306,29,0.4382028352925581,ml_v2,2024-08
187818,long,2024-08-27 00:10:00,2024-08-27 00:15:00,2024-08-27 00:55:00,2514.867,2513.2451137847224,SL,-1.7818862152777537,40,0.42753957832016487,ml_v2,2024-08
187886,long,2024-08-27 05:50:00,2024-08-27 05:55:00,2024-08-27 06:06:00,2512.638,2515.5238680555553,TP,2.7258680555555213,11,0.438707992458633,ml_v2,2024-08
187891,long,2024-08-27 06:15:00,2024-08-27 06:20:00,2024-08-27 06:43:00,2514.659,2512.9938105736114,SL,-1.825189426388871,23,0.44824386672058475,ml_v2,2024-08
188157,long,2024-08-28 05:25:00,2024-08-28 05:30:00,2024-08-28 05:33:00,2508.503,2506.6848365833334,SL,-1.978163416666668,3,0.4281419930772786,ml_v2,2024-08
188369,long,2024-08-29 00:05:00,2024-08-29 00:10:00,2024-08-29 00:16:00,2509.894,2513.110368055555,TP,3.0563680555555437,6,0.4320977473714702,ml_v2,2024-08
188709,long,2024-08-30 05:25:00,2024-08-30 05:30:00,2024-08-30 06:16:00,2513.57,2516.664888888889,TP,2.934888888888903,46,0.4274414233287471,ml_v2,2024-08
188795,short,2024-08-30 12:35:00,2024-08-30 12:40:00,2024-08-30 12:44:00,2521.227,2517.9867638888886,TP,3.0802361111111143,4,0.3660420379312276,ml_v2,2024-08
188798,short,2024-08-30 12:50:00,2024-08-30 12:55:00,2024-08-30 13:06:00,2518.742,2515.4545000000003,TP,3.12750000000001,11,0.36397759098850513,ml_v2,2024-08
188803,short,2024-08-30 13:15:00,2024-08-30 13:20:00,2024-08-30 13:30:00,2516.688,2513.3463958333336,TP,3.181604166666678,10,0.3631662376626613,ml_v2,2024-08
188808,short,2024-08-30 13:40:00,2024-08-30 13:45:00,2024-08-30 13:56:00,2518.233,2514.964888888889,TP,3.1081111111111186,11,0.3675610669358852,ml_v2,2024-08
189146,long,2024-09-02 23:30:00,2024-09-02 23:35:00,2024-09-03 00:09:00,2497.867,2496.36844380625,SL,-1.6585561937499849,34,0.397498130874921,ml_v2,2024-09
189155,long,2024-09-03 00:15:00,2024-09-03 00:20:00,2024-09-03 00:37:00,2496.946,2495.471123265625,SL,-1.6348767343749881,17,0.42194837474848784,ml_v2,2024-09
189161,long,2024-09-03 00:45:00,2024-09-03 00:50:00,2024-09-03 01:10:00,2495.655,2494.2022947319447,SL,-1.6127052680555438,20,0.39444978678252257,ml_v2,2024-09
189214,long,2024-09-03 05:10:00,2024-09-03 05:15:00,2024-09-03 06:20:00,2494.058,2496.729138888889,TP,2.5111388888888557,65,0.4206436926657083,ml_v2,2024-09
189230,long,2024-09-03 06:30:00,2024-09-03 06:35:00,2024-09-03 06:52:00,2495.015,2497.6166875,TP,2.4416874999999685,17,0.3991537795979782,ml_v2,2024-09
189236,long,2024-09-03 07:00:00,2024-09-03 07:05:00,2024-09-03 07:09:00,2498.525,2497.0563258791667,SL,-1.6286741208333158,4,0.3957181769768863,ml_v2,2024-09
189239,long,2024-09-03 07:15:00,2024-09-03 07:20:00,2024-09-03 08:04:00,2499.801,2502.3618333333334,TP,2.4008333333333063,44,0.39894453169509464,ml_v2,2024-09
189261,short,2024-09-03 09:05:00,2024-09-03 09:10:00,2024-09-03 09:59:00,2503.801,2501.2316458333335,TP,2.409354166666626,49,0.3556593956827928,ml_v2,2024-09
189273,short,2024-09-03 10:05:00,2024-09-03 10:10:00,2024-09-03 10:16:00,2500.046,2497.4799166666667,TP,2.4060833333332896,6,0.35720789871048064,ml_v2,2024-09
189277,short,2024-09-03 10:25:00,2024-09-03 10:30:00,2024-09-03 10:40:00,2495.541,2492.950777777778,TP,2.430222222222176,10,0.356450442884675,ml_v2,2024-09
189292,long,2024-09-03 11:40:00,2024-09-03 11:45:00,2024-09-03 11:46:00,2492.22,2490.7216263527775,SL,-1.6583736472222006,1,0.39400188058631036,ml_v2,2024-09
189315,short,2024-09-03 13:35:00,2024-09-03 13:40:00,2024-09-03 13:43:00,2483.898,2480.937041666667,TP,2.800958333333306,3,0.35886174150207173,ml_v2,2024-09
189321,short,2024-09-03 14:05:00,2024-09-03 14:10:00,2024-09-03 14:11:00,2481.441,2483.2315195229166,SL,-1.9495195229166484,1,0.3552393884251369,ml_v2,2024-09
189326,short,2024-09-03 14:30:00,2024-09-03 14:35:00,2024-09-03 14:38:00,2479.595,2481.4579547788194,SL,-2.0229547788194253,3,0.3558846087048305,ml_v2,2024-09
189329,short,2024-09-03 14:45:00,2024-09-03 14:50:00,2024-09-03 15:08:00,2479.117,2481.010578943056,SL,-2.0535789430555402,18,0.3559958160708202,ml_v2,2024-09
189503,long,2024-09-04 06:15:00,2024-09-04 06:20:00,2024-09-04 06:27:00,2492.129,2490.137976926736,SL,-2.151023073263895,7,0.4013398311779037,ml_v2,2024-09
189507,long,2024-09-04 06:35:00,2024-09-04 06:40:00,2024-09-04 06:49:00,2487.174,2485.162186464583,SL,-2.1718135354166743,9,0.4023681152528116,ml_v2,2024-09
189511,long,2024-09-04 06:55:00,2024-09-04 07:00:00,2024-09-04 07:14:00,2484.267,2487.8107916666663,TP,3.383791666666686,14,0.40076011108352755,ml_v2,2024-09
189604,long,2024-09-04 14:40:00,2024-09-04 14:45:00,2024-09-04 14:58:00,2498.703,2496.5719280243056,SL,-2.29107197569446,13,0.39386602554876265,ml_v2,2024-09
189759,long,2024-09-05 04:35:00,2024-09-05 04:40:00,2024-09-05 05:44:00,2494.608,2497.7253263888892,TP,2.9573263888889456,64,0.39697850396358786,ml_v2,2024-09
189774,long,2024-09-05 05:50:00,2024-09-05 05:55:00,2024-09-05 06:11:00,2501.059,2504.2174583333335,TP,2.9984583333333727,16,0.40622027878720623,ml_v2,2024-09
189851,short,2024-09-05 12:15:00,2024-09-05 12:20:00,2024-09-05 12:21:00,2516.194,2517.918774994097,SL,-1.8847749940972471,1,0.3595445425102962,ml_v2,2024-09
189854,short,2024-09-05 12:30:00,2024-09-05 12:35:00,2024-09-05 12:36:00,2520.456,2522.2029186815976,SL,-1.9069186815972452,1,0.3585038305113567,ml_v2,2024-09
189857,short,2024-09-05 12:45:00,2024-09-05 12:50:00,2024-09-05 12:54:00,2520.029,2516.946409722222,TP,2.922590277777819,4,0.3571984142849697,ml_v2,2024-09
189860,short,2024-09-05 13:00:00,2024-09-05 13:05:00,2024-09-05 13:12:00,2515.68,2512.5535555555552,TP,2.967444444444486,7,0.35839135654666554,ml_v2,2024-09
189864,short,2024-09-05 13:20:00,2024-09-05 13:25:00,2024-09-05 13:29:00,2516.652,2518.4478609930557,SL,-1.9558609930555788,4,0.3589025408814205,ml_v2,2024-09
189867,short,2024-09-05 13:35:00,2024-09-05 13:40:00,2024-09-05 13:45:00,2518.161,2514.9927916666666,TP,3.0082083333333727,5,0.3592560560295833,ml_v2,2024-09
189873,short,2024-09-05 14:05:00,2024-09-05 14:10:00,2024-09-05 14:11:00,2509.902,2511.7270327218753,SL,-1.9850327218750237,1,0.35533372767665516,ml_v2,2024-09
189883,short,2024-09-05 14:55:00,2024-09-05 15:00:00,2024-09-05 15:08:00,2508.72,2505.478583333333,TP,3.0814166666667053,8,0.35608944006660115,ml_v2,2024-09
190047,long,2024-09-06 05:35:00,2024-09-06 05:40:00,2024-09-06 06:31:00,2520.09,2518.4007699895833,SL,-1.8492300104166615,51,0.40825196843594735,ml_v2,2024-09
190143,short,2024-09-06 13:35:00,2024-09-06 13:40:00,2024-09-06 13:41:00,2504.936,2506.8162927305557,SL,-2.03929273055556,1,0.3557632834503902,ml_v2,2024-09
190587,long,2024-09-10 04:40:00,2024-09-10 04:45:00,2024-09-10 05:52:00,2502.053,2504.8465625,TP,2.633562500000001,67,0.3965853378728558,ml_v2,2024-09
190603,long,2024-09-10 06:00:00,2024-09-10 06:05:00,2024-09-10 06:28:00,2505.206,2503.5900386100698,SL,-1.7759613899305533,23,0.39784502257012483,ml_v2,2024-09
190639,long,2024-09-10 09:00:00,2024-09-10 09:05:00,2024-09-10 09:32:00,2500.382,2503.0306666666665,TP,2.4886666666666533,27,0.3978721535110268,ml_v2,2024-09
190663,long,2024-09-10 11:00:00,2024-09-10 11:05:00,2024-09-10 11:18:00,2506.512,2505.0166899597225,SL,-1.6553100402777672,13,0.39405752131571126,ml_v2,2024-09
190685,short,2024-09-10 12:50:00,2024-09-10 12:55:00,2024-09-10 12:57:00,2510.705,2512.1988893520834,SL,-1.6538893520833184,2,0.3581008137057079,ml_v2,2024-09
190690,long,2024-09-10 13:15:00,2024-09-10 13:20:00,2024-09-10 13:31:00,2513.409,2511.8932209381946,SL,-1.675779061805539,11,0.39565122643755624,ml_v2,2024-09
190695,short,2024-09-10 13:40:00,2024-09-10 13:45:00,2024-09-10 13:52:00,2510.232,2507.563020833333,TP,2.508979166666639,7,0.3556317359993709,ml_v2,2024-09
190699,short,2024-09-10 14:00:00,2024-09-10 14:05:00,2024-09-10 14:14:00,2506.192,2503.5048541666665,TP,2.527145833333299,9,0.35905250616767537,ml_v2,2024-09
190703,short,2024-09-10 14:20:00,2024-09-10 14:25:00,2024-09-10 14:28:00,2504.046,2501.3512708333333,TP,2.53472916666663,3,0.3561114192793621,ml_v2,2024-09
190706,short,2024-09-10 14:35:00,2024-09-10 14:40:00,2024-09-10 14:52:00,2506.226,2507.7742286913194,SL,-1.7082286913194216,12,0.3596139074156536,ml_v2,2024-09
190711,short,2024-09-10 15:00:00,2024-09-10 15:05:00,2024-09-10 15:08:00,2509.413,2510.954732415972,SL,-1.7017324159721967,3,0.3560993046353115,ml_v2,2024-09
190720,short,2024-09-10 15:45:00,2024-09-10 15:50:00,2024-09-10 15:53:00,2516.546,2513.878784722222,TP,2.5072152777777346,3,0.35542042263248097,ml_v2,2024-09
190723,short,2024-09-10 16:00:00,2024-09-10 16:05:00,2024-09-10 16:11:00,2511.507,2513.038716167361,SL,-1.6917161673610823,6,0.3607085467169536,ml_v2,2024-09
190727,short,2024-09-10 16:20:00,2024-09-10 16:25:00,2024-09-10 16:28:00,2512.342,2513.8727716875,SL,-1.6907716874999685,3,0.3596339539366677,ml_v2,2024-09
190730,short,2024-09-10 16:35:00,2024-09-10 16:40:00,2024-09-10 16:53:00,2513.514,2515.038878609375,SL,-1.6848786093749697,13,0.35643822110471274,ml_v2,2024-09
190867,long,2024-09-11 05:00:00,2024-09-11 05:05:00,2024-09-11 06:02:00,2520.009,2522.6136944444443,TP,2.4446944444443814,57,0.4031610861664295,ml_v2,2024-09
190881,long,2024-09-11 06:10:00,2024-09-11 06:15:00,2024-09-11 06:39:00,2524.828,2527.496277777778,TP,2.5082777777777143,24,0.4286104653742224,ml_v2,2024-09
190888,long,2024-09-11 06:45:00,2024-09-11 06:50:00,2024-09-11 07:08:00,2526.287,2524.734636232986,SL,-1.7123637670138567,18,0.41070678482284295,ml_v2,2024-09
190896,short,2024-09-11 07:25:00,2024-09-11 07:30:00,2024-09-11 07:39:00,2527.625,2524.9117569444443,TP,2.553243055555504,9,0.3553779425501634,ml_v2,2024-09
190953,short,2024-09-11 12:10:00,2024-09-11 12:15:00,2024-09-11 12:30:00,2519.275,2520.8384118003473,SL,-1.7234118003471994,15,0.35705429767575625,ml_v2,2024-09
190961,short,2024-09-11 12:50:00,2024-09-11 12:55:00,2024-09-11 12:56:00,2505.934,2507.6278849468754,SL,-1.8528849468749742,1,0.35590512760379445,ml_v2,2024-09
190964,short,2024-09-11 13:05:00,2024-09-11 13:10:00,2024-09-11 13:12:00,2506.488,2508.237117176736,SL,-1.9091171767360857,2,0.3553864181826366,ml_v2,2024-09
190968,short,2024-09-11 13:25:00,2024-09-11 13:30:00,2024-09-11 13:31:00,2507.58,2504.4486041666664,TP,2.971395833333291,1,0.3554010213206066,ml_v2,2024-09
190971,short,2024-09-11 13:40:00,2024-09-11 13:45:00,2024-09-11 13:46:00,2507.094,2508.899797873611,SL,-1.9647978736110854,1,0.35505720682838093,ml_v2,2024-09
191083,long,2024-09-12 00:00:00,2024-09-12 00:05:00,2024-09-12 01:36:00,2511.739,2514.898701388889,TP,2.999701388888891,91,0.39760148463925465,ml_v2,2024-09
191152,long,2024-09-12 05:45:00,2024-09-12 05:50:00,2024-09-12 06:12:00,2519.065,2522.1094375000002,TP,2.884437499999999,22,0.4237265845074192,ml_v2,2024-09
191173,long,2024-09-12 07:30:00,2024-09-12 07:35:00,2024-09-12 09:35:00,2516.802,2518.297,TIMEOUT,1.334999999999891,120,0.3943341658528156,ml_v2,2024-09
191236,long,2024-09-12 12:45:00,2024-09-12 12:50:00,2024-09-12 12:56:00,2534.485,2532.706992851042,SL,-1.9370071489583287,6,0.39587757145479013,ml_v2,2024-09
191240,long,2024-09-12 13:05:00,2024-09-12 13:10:00,2024-09-12 13:15:00,2539.098,2537.2281203583334,SL,-2.0298796416666613,5,0.39810376272642495,ml_v2,2024-09
191244,long,2024-09-12 13:25:00,2024-09-12 13:30:00,2024-09-12 13:34:00,2539.598,2537.6786185020833,SL,-2.07838149791666,4,0.39715422716595555,ml_v2,2024-09
191247,long,2024-09-12 13:40:00,2024-09-12 13:45:00,2024-09-12 13:46:00,2548.131,2551.4216666666666,TP,3.1306666666666616,1,0.39564680142391795,ml_v2,2024-09
191786,short,2024-09-16 12:40:00,2024-09-16 12:45:00,2024-09-16 12:53:00,2580.318,2582.129123470139,SL,-1.971123470138858,8,0.35533256538608204,ml_v2,2024-09
191790,short,2024-09-16 13:00:00,2024-09-16 13:05:00,2024-09-16 13:35:00,2584.289,2586.10142510625,SL,-1.972425106249971,30,0.3554247141669048,ml_v2,2024-09
191802,short,2024-09-16 14:00:00,2024-09-16 14:05:00,2024-09-16 14:07:00,2584.022,2580.7771527777777,TP,3.0848472222221828,2,0.35724666424491536,ml_v2,2024-09
191904,long,2024-09-16 23:30:00,2024-09-16 23:35:00,2024-09-17 00:47:00,2583.113,2581.583938694097,SL,-1.6890613059027766,72,0.40921701737318084,ml_v2,2024-09
191921,long,2024-09-17 00:55:00,2024-09-17 01:00:00,2024-09-17 01:18:00,2580.252,2578.7266689927083,SL,-1.68533100729166,18,0.4112828357898368,ml_v2,2024-09
191986,long,2024-09-17 06:20:00,2024-09-17 06:25:00,2024-09-17 06:46:00,2584.054,2586.8500625,TP,2.636062500000014,21,0.3982139958419415,ml_v2,2024-09
191994,long,2024-09-17 07:00:00,2024-09-17 07:05:00,2024-09-17 07:12:00,2584.972,2583.369035129167,SL,-1.7629648708333416,7,0.3934107214749927,ml_v2,2024-09
191998,long,2024-09-17 07:20:00,2024-09-17 07:25:00,2024-09-17 07:54:00,2585.283,2583.6800232239584,SL,-1.7629767760416755,29,0.3956884182258361,ml_v2,2024-09
192177,long,2024-09-17 23:15:00,2024-09-17 23:20:00,2024-09-18 01:02:00,2572.735,2575.986979166667,TP,3.091979166666656,102,0.40250182196425627,ml_v2,2024-09
192251,long,2024-09-18 05:25:00,2024-09-18 05:30:00,2024-09-18 07:10:00,2566.693,2570.0506458333334,TP,3.197645833333341,100,0.40482907370476995,ml_v2,2024-09
192277,long,2024-09-18 07:35:00,2024-09-18 07:40:00,2024-09-18 09:40:00,2569.587,2569.202,TIMEOUT,-0.5449999999997636,120,0.40815832667893237,ml_v2,2024-09
192348,short,2024-09-18 13:30:00,2024-09-18 13:35:00,2024-09-18 13:41:00,2575.539,2572.3767152777777,TP,3.002284722222258,6,0.35595885371175173,ml_v2,2024-09
192356,short,2024-09-18 14:10:00,2024-09-18 14:15:00,2024-09-18 14:21:00,2571.473,2568.323520833333,TP,2.9894791666666958,6,0.3574919373581661,ml_v2,2024-09
192364,short,2024-09-18 14:50:00,2024-09-18 14:55:00,2024-09-18 15:05:00,2571.477,2573.250094266319,SL,-1.9330942663194584,10,0.35539044149615895,ml_v2,2024-09
192402,long,2024-09-18 18:00:00,2024-09-18 18:05:00,2024-09-18 18:06:00,2582.989,2585.928277777778,TP,2.7792777777777924,1,0.40266864064080443,ml_v2,2024-09
192405,long,2024-09-18 18:15:00,2024-09-18 18:20:00,2024-09-18 18:22:00,2592.361,2595.431833333333,TP,2.9118333333333544,2,0.4108860641095682,ml_v2,2024-09
192408,long,2024-09-18 18:30:00,2024-09-18 18:35:00,2024-09-18 18:36:00,2599.367,2597.5672063197917,SL,-1.9597936802083475,1,0.39563698675136305,ml_v2,2024-09
192882,short,2024-09-20 12:00:00,2024-09-20 12:05:00,2024-09-20 12:20:00,2615.311,2617.260037371875,SL,-2.109037371875002,15,0.35728806709256533,ml_v2,2024-09
192892,short,2024-09-20 12:50:00,2024-09-20 12:55:00,2024-09-20 13:08:00,2615.874,2612.459270833333,TP,3.2547291666666665,13,0.3554731925283574,ml_v2,2024-09
192897,short,2024-09-20 13:15:00,2024-09-20 13:20:00,2024-09-20 13:29:00,2612.695,2609.2261875000004,TP,3.3088125,9,0.35910708912112843,ml_v2,2024-09
192902,short,2024-09-20 13:40:00,2024-09-20 13:45:00,2024-09-20 13:58:00,2605.211,2607.2156307263886,SL,-2.1646307263888915,13,0.35672953434684407,ml_v2,2024-09
192942,short,2024-09-20 17:00:00,2024-09-20 17:05:00,2024-09-20 18:01:00,2621.955,2618.473916666667,TP,3.3210833333333416,56,0.3552650929281963,ml_v2,2024-09
193195,short,2024-09-23 15:10:00,2024-09-23 15:15:00,2024-09-23 15:20:00,2628.281,2630.312715075347,SL,-2.1917150753472203,5,0.35587702401378285,ml_v2,2024-09
193204,short,2024-09-23 15:55:00,2024-09-23 16:00:00,2024-09-23 18:00:00,2629.201,2627.889,TIMEOUT,1.1519999999998982,120,0.3556085944960369,ml_v2,2024-09
193282,long,2024-09-23 23:25:00,2024-09-23 23:30:00,2024-09-24 00:48:00,2626.149,2624.4487656086803,SL,-1.8602343913194452,78,0.39892655829264356,ml_v2,2024-09
193300,long,2024-09-24 00:55:00,2024-09-24 01:00:00,2024-09-24 01:11:00,2625.14,2628.1123402777775,TP,2.812340277777773,11,0.40642168268910583,ml_v2,2024-09
193382,short,2024-09-24 07:45:00,2024-09-24 07:50:00,2024-09-24 07:56:00,2627.861,2629.699509417708,SL,-1.998509417708329,6,0.35500450870822997,ml_v2,2024-09
193448,short,2024-09-24 13:15:00,2024-09-24 13:20:00,2024-09-24 13:23:00,2634.471,2636.3464354055554,SL,-2.035435405555569,3,0.35541175015666615,ml_v2,2024-09
193451,short,2024-09-24 13:30:00,2024-09-24 13:35:00,2024-09-24 13:52:00,2634.146,2636.038273338542,SL,-2.0522733385416814,17,0.3578019560168041,ml_v2,2024-09
193478,short,2024-09-24 15:45:00,2024-09-24 15:50:00,2024-09-24 15:55:00,2641.431,2643.3349642531252,SL,-2.0639642531250124,5,0.355836984593655,ml_v2,2024-09
193743,short,2024-09-25 14:50:00,2024-09-25 14:55:00,2024-09-25 15:12:00,2658.375,2660.582598654861,SL,-2.3665986548611193,17,0.35531124182441365,ml_v2,2024-09
193841,long,2024-09-26 00:00:00,2024-09-26 00:05:00,2024-09-26 00:52:00,2656.726,2660.1688541666667,TP,3.2828541666666933,47,0.4143466488652289,ml_v2,2024-09
193974,short,2024-09-26 11:05:00,2024-09-26 11:10:00,2024-09-26 11:33:00,2678.637,2680.490339338889,SL,-2.0133393388888847,23,0.36036035857032866,ml_v2,2024-09
193981,short,2024-09-26 11:40:00,2024-09-26 11:45:00,2024-09-26 11:46:00,2682.242,2684.140182290278,SL,-2.0581822902777764,1,0.3603563501579675,ml_v2,2024-09
193984,short,2024-09-26 11:55:00,2024-09-26 12:00:00,2024-09-26 12:09:00,2682.797,2679.457895833333,TP,3.1791041666666704,9,0.35998913355567586,ml_v2,2024-09
193990,short,2024-09-26 12:25:00,2024-09-26 12:30:00,2024-09-26 12:31:00,2678.905,2675.4776666666667,TP,3.267333333333343,1,0.3565587670395626,ml_v2,2024-09
193993,short,2024-09-26 12:40:00,2024-09-26 12:45:00,2024-09-26 12:46:00,2673.477,2675.489337364583,SL,-2.1723373645833415,1,0.3559027583191646,ml_v2,2024-09
193998,short,2024-09-26 13:05:00,2024-09-26 13:10:00,2024-09-26 13:11:00,2670.817,2667.185576388889,TP,3.4714236111111187,1,0.35577873595454823,ml_v2,2024-09
194002,short,2024-09-26 13:25:00,2024-09-26 13:30:00,2024-09-26 13:32:00,2667.824,2664.0557430555555,TP,3.6082569444444563,2,0.35637527414062153,ml_v2,2024-09
194548,short,2024-09-30 13:00:00,2024-09-30 13:05:00,2024-09-30 13:39:00,2641.279,2637.0515,TP,4.06849999999998,34,0.3554539482454624,ml_v2,2024-09
194668,long,2024-10-01 00:00:00,2024-10-01 00:05:00,2024-10-01 01:59:00,2635.998,2639.723138888889,TP,3.565138888888861,114,0.4156968212331137,ml_v2,2024-10
194817,short,2024-10-01 12:25:00,2024-10-01 12:30:00,2024-10-01 12:57:00,2655.869,2652.634576388889,TP,3.0744236111111083,27,0.345153627887986,ml_v2,2024-10
194825,short,2024-10-01 13:05:00,2024-10-01 13:10:00,2024-10-01 13:11:00,2648.328,2650.1914508291666,SL,-2.0234508291666655,1,0.34597465017326634,ml_v2,2024-10
194830,short,2024-10-01 13:30:00,2024-10-01 13:35:00,2024-10-01 13:36:00,2663.254,2665.1376857149303,SL,-2.042685714930555,1,0.34627601910863137,ml_v2,2024-10
194833,short,2024-10-01 13:45:00,2024-10-01 13:50:00,2024-10-01 13:51:00,2667.264,2669.2003027673613,SL,-2.095302767361112,1,0.34599657763276315,ml_v2,2024-10
194836,short,2024-10-01 14:00:00,2024-10-01 14:05:00,2024-10-01 14:06:00,2665.837,2667.8013752486113,SL,-2.124375248611111,1,0.34599657763276315,ml_v2,2024-10
194839,short,2024-10-01 14:15:00,2024-10-01 14:20:00,2024-10-01 14:21:00,2658.985,2660.9926030600695,SL,-2.167603060069448,1,0.34730345417294717,ml_v2,2024-10
194843,short,2024-10-01 14:35:00,2024-10-01 14:40:00,2024-10-01 14:42:00,2661.562,2663.5923697868056,SL,-2.1903697868055576,2,0.3449919860485575,ml_v2,2024-10
194846,short,2024-10-01 14:50:00,2024-10-01 14:55:00,2024-10-01 15:06:00,2660.81,2657.300375,TP,3.349625000000009,11,0.34772324968610024,ml_v2,2024-10
194851,short,2024-10-01 15:15:00,2024-10-01 15:20:00,2024-10-01 15:43:00,2663.554,2660.0115486111113,TP,3.3824513888889003,23,0.3456660549763224,ml_v2,2024-10
194858,short,2024-10-01 15:50:00,2024-10-01 15:55:00,2024-10-01 16:00:00,2661.845,2663.8700441902774,SL,-2.185044190277783,5,0.3453934770486864,ml_v2,2024-10
194864,short,2024-10-01 16:20:00,2024-10-01 16:25:00,2024-10-01 16:26:00,2664.821,2666.8376311763886,SL,-2.1766311763888946,1,0.3458829205892595,ml_v2,2024-10
195004,long,2024-10-02 05:00:00,2024-10-02 05:05:00,2024-10-02 05:28:00,2654.903,2652.7823411131944,SL,-2.2806588868055555,23,0.4076172685031585,ml_v2,2024-10
195289,long,2024-10-03 05:45:00,2024-10-03 05:50:00,2024-10-03 06:04:00,2653.657,2651.8054583475696,SL,-2.0115416524305787,14,0.4062186664005417,ml_v2,2024-10
195490,long,2024-10-03 23:30:00,2024-10-03 23:35:00,2024-10-04 01:24:00,2655.058,2658.3729375,TP,3.154937499999969,109,0.40848619973271993,ml_v2,2024-10
196591,long,2024-10-09 23:20:00,2024-10-09 23:25:00,2024-10-10 00:01:00,2609.248,2607.401732354861,SL,-2.006267645138893,36,0.4183839642967567,ml_v2,2024-10
196601,long,2024-10-10 00:10:00,2024-10-10 00:15:00,2024-10-10 00:45:00,2606.882,2610.1109652777777,TP,3.068965277777787,30,0.481863018658491,ml_v2,2024-10
196610,long,2024-10-10 00:55:00,2024-10-10 01:00:00,2024-10-10 01:34:00,2609.326,2607.4749901135415,SL,-2.011009886458335,34,0.46683900510501947,ml_v2,2024-10
196750,short,2024-10-10 12:35:00,2024-10-10 12:40:00,2024-10-10 12:42:00,2617.976,2619.8085964975694,SL,-1.9915964975694318,2,0.3466686568547086,ml_v2,2024-10
196753,long,2024-10-10 12:50:00,2024-10-10 12:55:00,2024-10-10 12:57:00,2623.523,2621.649366249306,SL,-2.0336337506944333,2,0.410366857575111,ml_v2,2024-10
196758,short,2024-10-10 13:15:00,2024-10-10 13:20:00,2024-10-10 13:39:00,2619.063,2620.9973701552085,SL,-2.0943701552083196,19,0.3460810374144099,ml_v2,2024-10
197075,short,2024-10-11 16:40:00,2024-10-11 16:45:00,2024-10-11 16:59:00,2658.374,2660.288210669097,SL,-2.074210669097218,14,0.345471728837872,ml_v2,2024-10
197150,long,2024-10-14 00:00:00,2024-10-14 00:05:00,2024-10-14 01:04:00,2645.901,2644.0485575201387,SL,-2.0124424798611193,59,0.427864330560082,ml_v2,2024-10
197319,short,2024-10-14 14:05:00,2024-10-14 14:10:00,2024-10-14 14:18:00,2651.208,2647.7635833333334,TP,3.284416666666642,8,0.3452151607397578,ml_v2,2024-10
197415,long,2024-10-14 23:05:00,2024-10-14 23:10:00,2024-10-15 00:11:00,2650.579,2648.7677138253475,SL,-1.9712861746527692,61,0.41654526923425594,ml_v2,2024-10
197430,long,2024-10-15 00:20:00,2024-10-15 00:25:00,2024-10-15 02:21:00,2648.833,2651.9365000000003,TP,2.9434999999999776,116,0.4341352752411706,ml_v2,2024-10
197513,long,2024-10-15 07:15:00,2024-10-15 07:20:00,2024-10-15 07:30:00,2648.952,2652.1460347222223,TP,3.0340347222221955,10,0.4063930037969196,ml_v2,2024-10
197577,short,2024-10-15 12:35:00,2024-10-15 12:40:00,2024-10-15 12:50:00,2655.144,2651.9817083333332,TP,3.002291666666663,10,0.34708806493767064,ml_v2,2024-10
197582,short,2024-10-15 13:00:00,2024-10-15 13:05:00,2024-10-15 13:11:00,2649.263,2646.0650555555553,TP,3.0379444444444434,6,0.34758311131485264,ml_v2,2024-10
197586,short,2024-10-15 13:20:00,2024-10-15 13:25:00,2024-10-15 13:38:00,2651.455,2648.2214097222222,TP,3.073590277777779,13,0.3514531365919904,ml_v2,2024-10
197591,short,2024-10-15 13:45:00,2024-10-15 13:50:00,2024-10-15 14:05:00,2649.488,2651.345847444444,SL,-2.0168474444444437,15,0.34995300689228337,ml_v2,2024-10
197597,short,2024-10-15 14:15:00,2024-10-15 14:20:00,2024-10-15 14:21:00,2656.844,2658.721768826389,SL,-2.0377688263888865,1,0.3466812114838145,ml_v2,2024-10
197600,long,2024-10-15 14:30:00,2024-10-15 14:35:00,2024-10-15 14:41:00,2659.306,2657.407504205903,SL,-2.0584957940972197,6,0.40396934650006816,ml_v2,2024-10
197620,short,2024-10-15 16:10:00,2024-10-15 16:15:00,2024-10-15 16:39:00,2668.008,2664.7457777777777,TP,3.1022222222222298,24,0.3452419914169802,ml_v2,2024-10
197784,short,2024-10-16 06:50:00,2024-10-16 06:55:00,2024-10-16 07:24:00,2677.189,2673.7897916666666,TP,3.2392083333333797,29,0.3459598922357974,ml_v2,2024-10
197809,short,2024-10-16 08:55:00,2024-10-16 09:00:00,2024-10-16 09:04:00,2679.506,2681.417301829861,SL,-2.071301829861139,4,0.3462714913844208,ml_v2,2024-10
197817,short,2024-10-16 09:35:00,2024-10-16 09:40:00,2024-10-16 09:49:00,2680.474,2682.375845126042,SL,-2.061845126041697,9,0.3457504623191121,ml_v2,2024-10
197829,short,2024-10-16 10:35:00,2024-10-16 10:40:00,2024-10-16 11:16:00,2674.748,2676.661698745139,SL,-2.073698745138907,36,0.3455928992188194,ml_v2,2024-10
197858,short,2024-10-16 13:00:00,2024-10-16 13:05:00,2024-10-16 13:35:00,2682.783,2684.7306960517362,SL,-2.107696051736127,30,0.3468204847861127,ml_v2,2024-10
197868,short,2024-10-16 13:50:00,2024-10-16 13:55:00,2024-10-16 13:59:00,2675.946,2672.502048611111,TP,3.2839513888889176,4,0.3479360900212125,ml_v2,2024-10
197871,short,2024-10-16 14:05:00,2024-10-16 14:10:00,2024-10-16 14:17:00,2677.387,2679.3596057159725,SL,-2.1326057159722382,7,0.34701604762562077,ml_v2,2024-10
197877,short,2024-10-16 14:35:00,2024-10-16 14:40:00,2024-10-16 14:43:00,2676.079,2672.6328958333334,TP,3.286104166666689,3,0.3471324554968671,ml_v2,2024-10
197880,short,2024-10-16 14:50:00,2024-10-16 14:55:00,2024-10-16 15:04:00,2671.955,2668.4950416666666,TP,3.299958333333355,9,0.34527688839920323,ml_v2,2024-10
197884,short,2024-10-16 15:10:00,2024-10-16 15:15:00,2024-10-16 15:21:00,2671.267,2673.2374548416665,SL,-2.1304548416666793,6,0.3468362502146558,ml_v2,2024-10
197891,short,2024-10-16 15:45:00,2024-10-16 15:50:00,2024-10-16 16:03:00,2670.656,2667.269048611111,TP,3.226951388888914,13,0.3484195581961469,ml_v2,2024-10
197978,long,2024-10-17 00:00:00,2024-10-17 00:05:00,2024-10-17 00:59:00,2674.774,2677.8769444444442,TP,2.9429444444444446,54,0.4227049604708175,ml_v2,2024-10
198122,short,2024-10-17 12:00:00,2024-10-17 12:05:00,2024-10-17 12:17:00,2680.429,2677.3025069444443,TP,2.9664930555555626,12,0.34681348313452987,ml_v2,2024-10
198139,short,2024-10-17 13:25:00,2024-10-17 13:30:00,2024-10-17 13:31:00,2683.116,2684.9929076829862,SL,-2.0369076829861155,1,0.34575806179531376,ml_v2,2024-10
198156,short,2024-10-17 14:50:00,2024-10-17 14:55:00,2024-10-17 15:12:00,2695.856,2692.4947291666667,TP,3.2012708333333437,17,0.3454433045674161,ml_v2,2024-10
198162,short,2024-10-17 15:20:00,2024-10-17 15:25:00,2024-10-17 15:26:00,2688.884,2690.7989567288196,SL,-2.0749567288194513,1,0.34640957036503117,ml_v2,2024-10
198165,short,2024-10-17 15:35:00,2024-10-17 15:40:00,2024-10-17 15:52:00,2695.806,2692.438902777778,TP,3.2070972222222354,12,0.34526590624340336,ml_v2,2024-10
198246,long,2024-10-17 23:20:00,2024-10-17 23:25:00,2024-10-18 01:04:00,2692.686,2695.9578819444446,TP,3.111881944444456,99,0.40944610252205427,ml_v2,2024-10
198690,short,2024-10-21 13:25:00,2024-10-21 13:30:00,2024-10-21 13:35:00,2736.117,2738.091689127431,SL,-2.1346891274305704,5,0.34511218586452763,ml_v2,2024-10
198793,long,2024-10-21 23:00:00,2024-10-21 23:05:00,2024-10-22 00:24:00,2720.469,2724.0471875,TP,3.4181874999999873,79,0.40932244836600423,ml_v2,2024-10
198811,long,2024-10-22 00:30:00,2024-10-22 00:35:00,2024-10-22 01:26:00,2724.391,2727.9481875,TP,3.397187500000004,51,0.4209289142894864,ml_v2,2024-10
198931,short,2024-10-22 10:30:00,2024-10-22 10:35:00,2024-10-22 11:26:00,2737.898,2734.4333055555558,TP,3.3046944444444204,51,0.34493571330668715,ml_v2,2024-10
198949,short,2024-10-22 12:00:00,2024-10-22 12:05:00,2024-10-22 12:14:00,2732.496,2734.47643140625,SL,-2.1404314062499843,9,0.3457928889226285,ml_v2,2024-10
198954,short,2024-10-22 12:25:00,2024-10-22 12:30:00,2024-10-22 13:05:00,2736.131,2738.130162267361,SL,-2.159162267361093,35,0.34558537535184297,ml_v2,2024-10
198964,short,2024-10-22 13:15:00,2024-10-22 13:20:00,2024-10-22 13:45:00,2738.779,2740.7965637510415,SL,-2.1775637510416495,25,0.3460377118874387,ml_v2,2024-10
198974,short,2024-10-22 14:05:00,2024-10-22 14:10:00,2024-10-22 14:11:00,2734.608,2736.6254605725694,SL,-2.1774605725694207,1,0.34944343188293736,ml_v2,2024-10
198977,short,2024-10-22 14:20:00,2024-10-22 14:25:00,2024-10-22 14:46:00,2738.977,2741.0052466913194,SL,-2.18824669131942,21,0.34508138516433995,ml_v2,2024-10
198994,short,2024-10-22 15:45:00,2024-10-22 15:50:00,2024-10-22 16:15:00,2737.686,2739.6439742149305,SL,-2.1179742149305305,25,0.34662782767303746,ml_v2,2024-10
199009,short,2024-10-22 17:00:00,2024-10-22 17:05:00,2024-10-22 17:32:00,2747.111,2743.8322083333333,TP,3.1187916666666204,27,0.34668486353020045,ml_v2,2024-10
199151,long,2024-10-23 05:50:00,2024-10-23 05:55:00,2024-10-23 06:39:00,2751.537,2749.745480439583,SL,-1.95151956041665,44,0.4106559912444322,ml_v2,2024-10
199169,long,2024-10-23 07:20:00,2024-10-23 07:25:00,2024-10-23 07:56:00,2752.403,2755.518208333333,TP,2.9552083333333186,31,0.4054523426349936,ml_v2,2024-10
199222,short,2024-10-23 11:45:00,2024-10-23 11:50:00,2024-10-23 12:08:00,2751.057,2747.969472222222,TP,2.9275277777777826,18,0.34833136011721877,ml_v2,2024-10
199231,short,2024-10-23 12:30:00,2024-10-23 12:35:00,2024-10-23 12:42:00,2745.979,2742.8503680555555,TP,2.9686319444444482,7,0.34634905674942296,ml_v2,2024-10
199241,short,2024-10-23 13:20:00,2024-10-23 13:25:00,2024-10-23 13:28:00,2737.963,2739.8111962888893,SL,-2.0081962888888945,3,0.3469583205271558,ml_v2,2024-10
199244,short,2024-10-23 13:35:00,2024-10-23 13:40:00,2024-10-23 13:41:00,2732.208,2734.0735858298613,SL,-2.025585829861119,1,0.34652997174747746,ml_v2,2024-10
199247,short,2024-10-23 13:50:00,2024-10-23 13:55:00,2024-10-23 14:01:00,2739.221,2735.9198680555555,TP,3.1411319444444588,6,0.34722753980644505,ml_v2,2024-10
199255,short,2024-10-23 14:30:00,2024-10-23 14:35:00,2024-10-23 14:36:00,2727.11,2723.674701388889,TP,3.27529861111113,1,0.3452909778479121,ml_v2,2024-10
199268,short,2024-10-23 15:35:00,2024-10-23 15:40:00,2024-10-23 15:53:00,2718.458,2720.4979257006944,SL,-2.1999257006944553,13,0.34508248080048776,ml_v2,2024-10
199341,long,2024-10-23 22:40:00,2024-10-23 22:45:00,2024-10-23 23:37:00,2717.586,2721.1865416666665,TP,3.4405416666666766,52,0.41336157731496703,ml_v2,2024-10
199536,short,2024-10-24 14:55:00,2024-10-24 15:00:00,2024-10-24 15:52:00,2732.302,2728.5031875,TP,3.638812500000006,52,0.34556711126599526,ml_v2,2024-10
199550,short,2024-10-24 16:05:00,2024-10-24 16:10:00,2024-10-24 16:38:00,2728.642,2730.695307154861,SL,-2.2133071548611105,28,0.34565511752400613,ml_v2,2024-10
199620,long,2024-10-24 22:55:00,2024-10-24 23:00:00,2024-10-25 00:21:00,2734.584,2732.756879898264,SL,-1.9871201017361126,81,0.40685917677593453,ml_v2,2024-10
199639,long,2024-10-25 00:30:00,2024-10-25 00:35:00,2024-10-25 01:47:00,2733.038,2731.228737710764,SL,-1.9692622892361074,72,0.45914042980146985,ml_v2,2024-10
199715,long,2024-10-25 06:50:00,2024-10-25 06:55:00,2024-10-25 07:03:00,2731.989,2730.172380292014,SL,-1.9766197079860919,8,0.4059993603650394,ml_v2,2024-10
200284,short,2024-10-29 08:20:00,2024-10-29 08:25:00,2024-10-29 08:29:00,2748.115,2749.8838083913192,SL,-1.9288083913194622,4,0.3451600949919441,ml_v2,2024-10
200287,short,2024-10-29 08:35:00,2024-10-29 08:40:00,2024-10-29 08:51:00,2751.879,2753.656122195139,SL,-1.937122195138906,11,0.34651282051094334,ml_v2,2024-10
200339,short,2024-10-29 12:55:00,2024-10-29 13:00:00,2024-10-29 13:02:00,2749.073,2750.8100849795137,SL,-1.8970849795138989,2,0.3478004894543485,ml_v2,2024-10
200347,long,2024-10-29 13:35:00,2024-10-29 13:40:00,2024-10-29 13:42:00,2757.571,2755.7968898225695,SL,-1.934110177430569,2,0.4038068720745078,ml_v2,2024-10
200350,short,2024-10-29 13:50:00,2024-10-29 13:55:00,2024-10-29 13:59:00,2763.497,2760.355020833333,TP,2.9819791666666897,4,0.34547911205776494,ml_v2,2024-10
200353,short,2024-10-29 14:05:00,2024-10-29 14:10:00,2024-10-29 14:13:00,2764.207,2766.012262139236,SL,-1.9652621392361225,3,0.34547911205776494,ml_v2,2024-10
200356,short,2024-10-29 14:20:00,2024-10-29 14:25:00,2024-10-29 14:30:00,2770.773,2767.581701388889,TP,3.031298611111127,5,0.3470331243563489,ml_v2,2024-10
200360,short,2024-10-29 14:40:00,2024-10-29 14:45:00,2024-10-29 15:15:00,2769.242,2766.021791666667,TP,3.060208333333346,30,0.3463300279665784,ml_v2,2024-10
200369,short,2024-10-29 15:25:00,2024-10-29 15:30:00,2024-10-29 15:31:00,2760.936,2762.7826009909722,SL,-2.0066009909722293,1,0.34750443318374913,ml_v2,2024-10
200372,short,2024-10-29 15:40:00,2024-10-29 15:45:00,2024-10-29 16:00:00,2763.659,2765.5115416899307,SL,-2.012541689930566,15,0.3471089712668256,ml_v2,2024-10
200378,short,2024-10-29 16:10:00,2024-10-29 16:15:00,2024-10-29 16:26:00,2768.182,2770.033744040972,SL,-2.0117440409722342,11,0.34664630395541235,ml_v2,2024-10
200387,short,2024-10-29 16:55:00,2024-10-29 17:00:00,2024-10-29 17:01:00,2769.343,2771.200410920139,SL,-2.0174109201389023,1,0.3457996646798615,ml_v2,2024-10
200390,short,2024-10-29 17:10:00,2024-10-29 17:15:00,2024-10-29 17:21:00,2770.765,2767.4965555555555,TP,3.108444444444463,6,0.3462745360422925,ml_v2,2024-10
200526,short,2024-10-30 05:30:00,2024-10-30 05:35:00,2024-10-30 05:54:00,2782.951,2784.810212575,SL,-2.0192125749999996,19,0.3462162142538775,ml_v2,2024-10
200534,short,2024-10-30 06:10:00,2024-10-30 06:15:00,2024-10-30 06:38:00,2785.586,2787.4730191732638,SL,-2.047019173263885,23,0.3452283405320409,ml_v2,2024-10
200541,short,2024-10-30 06:45:00,2024-10-30 06:50:00,2024-10-30 07:23:00,2788.244,2784.972791666667,TP,3.1112083333333307,33,0.34525077196201776,ml_v2,2024-10
200612,short,2024-10-30 12:40:00,2024-10-30 12:45:00,2024-10-30 12:52:00,2780.822,2782.6811490805558,SL,-2.019149080555573,7,0.348241995959361,ml_v2,2024-10
200616,short,2024-10-30 13:00:00,2024-10-30 13:05:00,2024-10-30 13:10:00,2783.661,2785.523109509028,SL,-2.0221095090277954,5,0.34607272961624425,ml_v2,2024-10
200621,short,2024-10-30 13:25:00,2024-10-30 13:30:00,2024-10-30 13:31:00,2779.656,2776.3535555555554,TP,3.1424444444444735,1,0.3457726947356061,ml_v2,2024-10
200624,short,2024-10-30 13:40:00,2024-10-30 13:45:00,2024-10-30 13:48:00,2775.323,2771.941388888889,TP,3.221611111111147,3,0.347866173772891,ml_v2,2024-10
200627,short,2024-10-30 13:55:00,2024-10-30 14:00:00,2024-10-30 14:13:00,2777.455,2779.413176603472,SL,-2.1181766034722442,13,0.34799652913101475,ml_v2,2024-10
200632,short,2024-10-30 14:20:00,2024-10-30 14:25:00,2024-10-30 14:33:00,2777.746,2779.7040615197916,SL,-2.1180615197916923,8,0.34981743612774174,ml_v2,2024-10
200636,short,2024-10-30 14:40:00,2024-10-30 14:45:00,2024-10-30 14:49:00,2778.85,2780.798211944097,SL,-2.108211944097244,4,0.34902952232845585,ml_v2,2024-10
200639,short,2024-10-30 14:55:00,2024-10-30 15:00:00,2024-10-30 15:04:00,2780.268,2776.8519444444446,TP,3.2560555555556014,4,0.34932216623314183,ml_v2,2024-10
200642,short,2024-10-30 15:10:00,2024-10-30 15:15:00,2024-10-30 15:18:00,2774.876,2776.8306526618057,SL,-2.1146526618055796,3,0.3459728322316007,ml_v2,2024-10
200645,short,2024-10-30 15:25:00,2024-10-30 15:30:00,2024-10-30 15:31:00,2780.184,2782.130057101389,SL,-2.106057101388914,1,0.34891986468323033,ml_v2,2024-10
200890,short,2024-10-31 12:50:00,2024-10-31 12:55:00,2024-10-31 13:01:00,2773.342,2770.0000694444443,TP,3.181930555555592,6,0.3454031161356763,ml_v2,2024-10
201012,long,2024-11-01 00:00:00,2024-11-01 00:05:00,2024-11-01 00:56:00,2747.153,2745.090831401736,SL,-2.222168598263898,51,0.41933079396146733,ml_v2,2024-11
201173,short,2024-11-01 13:25:00,2024-11-01 13:30:00,2024-11-01 13:35:00,2753.645,2755.9049855399307,SL,-2.419985539930548,5,0.36562039051211703,ml_v2,2024-11
201177,short,2024-11-01 13:45:00,2024-11-01 13:50:00,2024-11-01 13:52:00,2756.803,2759.0619894708334,SL,-2.418989470833327,2,0.36614036767602365,ml_v2,2024-11
201180,short,2024-11-01 14:00:00,2024-11-01 14:05:00,2024-11-01 14:07:00,2753.973,2756.241866825347,SL,-2.428866825347216,2,0.36789411513924997,ml_v2,2024-11
201183,short,2024-11-01 14:15:00,2024-11-01 14:20:00,2024-11-01 14:24:00,2754.667,2750.697222222222,TP,3.809777777777766,4,0.3648049107086698,ml_v2,2024-11
201191,short,2024-11-01 14:55:00,2024-11-01 15:00:00,2024-11-01 15:05:00,2747.179,2743.1622569444444,TP,3.856743055555553,5,0.3633941579929743,ml_v2,2024-11
201280,long,2024-11-04 00:25:00,2024-11-04 00:30:00,2024-11-04 01:05:00,2739.525,2737.4442553083336,SL,-2.240744691666667,35,0.42317596580578076,ml_v2,2024-11
201461,short,2024-11-04 15:30:00,2024-11-04 15:35:00,2024-11-04 15:43:00,2738.852,2741.054812761111,SL,-2.362812761111141,8,0.36387719859613643,ml_v2,2024-11
201540,long,2024-11-04 23:05:00,2024-11-04 23:10:00,2024-11-05 00:00:00,2737.491,2735.5791664041667,SL,-2.071833595833357,50,0.418167608298865,ml_v2,2024-11
201629,long,2024-11-05 06:30:00,2024-11-05 06:35:00,2024-11-05 07:07:00,2736.735,2740.0652569444446,TP,3.1702569444444806,32,0.4205698208687997,ml_v2,2024-11
201699,long,2024-11-05 12:20:00,2024-11-05 12:25:00,2024-11-05 12:31:00,2741.519,2739.68157395625,SL,-1.9974260437500095,6,0.42250873062879457,ml_v2,2024-11
201725,long,2024-11-05 14:30:00,2024-11-05 14:35:00,2024-11-05 14:39:00,2749.598,2747.751966490625,SL,-2.006033509375011,4,0.42757905601183893,ml_v2,2024-11
201733,short,2024-11-05 15:10:00,2024-11-05 15:15:00,2024-11-05 15:27:00,2737.935,2734.6211944444444,TP,3.153805555555569,12,0.3633413016430975,ml_v2,2024-11
202655,long,2024-11-11 00:05:00,2024-11-11 00:10:00,2024-11-11 01:02:00,2683.624,2681.3428866836803,SL,-2.4411133163194463,52,0.41834299173335643,ml_v2,2024-11
203396,short,2024-11-13 15:50:00,2024-11-13 15:55:00,2024-11-13 16:16:00,2604.566,2600.473145833333,TP,3.932854166666642,21,0.36355680416740516,ml_v2,2024-11
204049,long,2024-11-18 01:20:00,2024-11-18 01:25:00,2024-11-18 01:29:00,2589.512,2593.665861111111,TP,3.993861111111104,4,0.426629828819718,ml_v2,2024-11
204052,long,2024-11-18 01:35:00,2024-11-18 01:40:00,2024-11-18 01:43:00,2594.286,2591.8662941850694,SL,-2.5797058149305534,3,0.4250493189976743,ml_v2,2024-11
204055,long,2024-11-18 01:50:00,2024-11-18 01:55:00,2024-11-18 01:57:00,2588.88,2586.422106245139,SL,-2.6178937548611096,2,0.4195213612127266,ml_v2,2024-11
204058,long,2024-11-18 02:05:00,2024-11-18 02:10:00,2024-11-18 02:11:00,2594.275,2591.7814541145835,SL,-2.653545885416667,1,0.41823910894973015,ml_v2,2024-11
204196,short,2024-11-18 13:35:00,2024-11-18 13:40:00,2024-11-18 14:09:00,2603.035,2605.635899117361,SL,-2.7608991173611006,29,0.36390467032304147,ml_v2,2024-11
204204,short,2024-11-18 14:15:00,2024-11-18 14:20:00,2024-11-18 14:33:00,2606.265,2608.8570813263887,SL,-2.7520813263888777,13,0.3639556154502425,ml_v2,2024-11
204209,short,2024-11-18 14:40:00,2024-11-18 14:45:00,2024-11-18 15:20:00,2608.25,2610.7902857333333,SL,-2.7002857333333234,35,0.36340685527177996,ml_v2,2024-11
204227,short,2024-11-18 16:10:00,2024-11-18 16:15:00,2024-11-18 17:10:00,2613.068,2608.8063125000003,TP,4.101687499999987,55,0.3639465144249466,ml_v2,2024-11
204426,short,2024-11-19 09:45:00,2024-11-19 09:50:00,2024-11-19 10:05:00,2631.046,2633.062980395833,SL,-2.176980395833338,15,0.36402290759774325,ml_v2,2024-11
204433,short,2024-11-19 10:20:00,2024-11-19 10:25:00,2024-11-19 10:27:00,2631.979,2633.9852061822917,SL,-2.1662061822916723,2,0.3642997874156182,ml_v2,2024-11
204457,short,2024-11-19 12:20:00,2024-11-19 12:25:00,2024-11-19 12:41:00,2635.015,2636.9934352996524,SL,-2.1384352996527762,16,0.3677231972419565,ml_v2,2024-11
204464,short,2024-11-19 12:55:00,2024-11-19 13:00:00,2024-11-19 13:18:00,2639.236,2635.773409722222,TP,3.30259027777778,18,0.363651484415488,ml_v2,2024-11
204471,short,2024-11-19 13:30:00,2024-11-19 13:35:00,2024-11-19 13:37:00,2633.704,2635.7240201923614,SL,-2.1800201923611158,2,0.36765087987398715,ml_v2,2024-11
204474,short,2024-11-19 13:45:00,2024-11-19 13:50:00,2024-11-19 13:53:00,2632.86,2634.8905880489583,SL,-2.1905880489583365,3,0.3666300460240802,ml_v2,2024-11
204477,short,2024-11-19 14:00:00,2024-11-19 14:05:00,2024-11-19 14:06:00,2635.572,2632.0048194444444,TP,3.4071805555555645,1,0.36404815162634463,ml_v2,2024-11
204728,long,2024-11-20 11:55:00,2024-11-20 12:00:00,2024-11-20 12:44:00,2628.123,2631.659777777778,TP,3.376777777777789,44,0.4209499880622086,ml_v2,2024-11
204973,short,2024-11-21 09:20:00,2024-11-21 09:25:00,2024-11-21 09:55:00,2665.727,2667.7556554368052,SL,-2.1886554368055493,30,0.36381989824737343,ml_v2,2024-11
204983,short,2024-11-21 10:10:00,2024-11-21 10:15:00,2024-11-21 10:39:00,2668.26,2670.325847307639,SL,-2.2258473076388805,24,0.3687871455913617,ml_v2,2024-11
205027,short,2024-11-21 13:50:00,2024-11-21 13:55:00,2024-11-21 14:00:00,2664.543,2666.6507337989583,SL,-2.267733798958324,5,0.3638749702935031,ml_v2,2024-11
205037,short,2024-11-21 14:40:00,2024-11-21 14:45:00,2024-11-21 14:52:00,2666.662,2662.9736388888887,TP,3.5283611111110873,7,0.36408014438198116,ml_v2,2024-11
205041,short,2024-11-21 15:00:00,2024-11-21 15:05:00,2024-11-21 15:10:00,2665.325,2667.4529805899306,SL,-2.28798058993054,5,0.3636111899380496,ml_v2,2024-11
205140,long,2024-11-22 00:15:00,2024-11-22 00:20:00,2024-11-22 01:00:00,2672.299,2675.839645833333,TP,3.380645833333321,40,0.4277839542308348,ml_v2,2024-11
205272,short,2024-11-22 11:15:00,2024-11-22 11:20:00,2024-11-22 11:36:00,2703.672,2699.6593541666666,TP,3.8526458333333293,16,0.3663294075187292,ml_v2,2024-11
205279,short,2024-11-22 11:50:00,2024-11-22 11:55:00,2024-11-22 12:43:00,2700.621,2702.9798463899306,SL,-2.518846389930555,48,0.36569604503062947,ml_v2,2024-11
205294,short,2024-11-22 13:05:00,2024-11-22 13:10:00,2024-11-22 13:25:00,2699.083,2694.8831111111112,TP,4.03988888888888,15,0.3645930572514346,ml_v2,2024-11
205613,long,2024-11-25 16:45:00,2024-11-25 16:50:00,2024-11-25 17:15:00,2632.007,2628.4855782690975,SL,-3.6814217309027844,25,0.42147544660842196,ml_v2,2024-11
206132,short,2024-11-27 14:00:00,2024-11-27 14:05:00,2024-11-27 14:32:00,2651.651,2653.993536254514,SL,-2.502536254513895,27,0.3643995358710101,ml_v2,2024-11
206142,short,2024-11-27 14:50:00,2024-11-27 14:55:00,2024-11-27 15:01:00,2650.442,2646.4319305555555,TP,3.8500694444444497,6,0.36372653982685116,ml_v2,2024-11
206465,long,2024-11-28 23:35:00,2024-11-28 23:40:00,2024-11-29 00:59:00,2637.496,2635.7143022364585,SL,-1.9416977635416792,79,0.4372712561110406,ml_v2,2024-11
206497,long,2024-11-29 02:15:00,2024-11-29 02:20:00,2024-11-29 02:22:00,2657.214,2660.4303402777778,TP,3.056340277777811,2,0.42259096495218085,ml_v2,2024-11
206638,short,2024-11-29 14:00:00,2024-11-29 14:05:00,2024-11-29 14:09:00,2660.394,2662.38043163125,SL,-2.146431631249998,4,0.36392925522373226,ml_v2,2024-11
206722,long,2024-12-02 01:35:00,2024-12-02 01:40:00,2024-12-02 01:45:00,2634.66,2638.7925486111108,TP,3.972548611111133,5,0.43736052081808596,ml_v2,2024-12
206727,long,2024-12-02 02:00:00,2024-12-02 02:05:00,2024-12-02 02:06:00,2635.55,2633.166005841667,SL,-2.543994158333341,1,0.4310343371413663,ml_v2,2024-12
206730,long,2024-12-02 02:15:00,2024-12-02 02:20:00,2024-12-02 02:33:00,2628.641,2632.8671944444445,TP,4.0661944444444575,13,0.443698137767921,ml_v2,2024-12
207162,short,2024-12-03 15:15:00,2024-12-03 15:20:00,2024-12-03 15:22:00,2637.921,2640.0896567184027,SL,-2.3286567184027698,2,0.34999885830771804,ml_v2,2024-12
207167,short,2024-12-03 15:40:00,2024-12-03 15:45:00,2024-12-03 15:49:00,2638.053,2640.2309269072916,SL,-2.33792690729166,4,0.35146338913333297,ml_v2,2024-12
207413,short,2024-12-04 13:10:00,2024-12-04 13:15:00,2024-12-04 13:16:00,2634.733,2636.76000458125,SL,-2.187004581250011,1,0.350564238165735,ml_v2,2024-12
207808,long,2024-12-06 00:05:00,2024-12-06 00:10:00,2024-12-06 00:58:00,2632.095,2630.1405457583332,SL,-2.1144542416666594,48,0.4619030986693837,ml_v2,2024-12
207821,long,2024-12-06 01:10:00,2024-12-06 01:15:00,2024-12-06 01:23:00,2615.57,2619.1237083333335,TP,3.3947083333333206,8,0.4275829148212439,ml_v2,2024-12
207973,short,2024-12-06 13:50:00,2024-12-06 13:55:00,2024-12-06 14:02:00,2636.474,2638.895650332292,SL,-2.5806503322916745,7,0.35029381189238906,ml_v2,2024-12
208013,long,2024-12-06 17:10:00,2024-12-06 17:15:00,2024-12-06 17:22:00,2639.466,2637.0085229274305,SL,-2.617477072569452,7,0.42668592306135894,ml_v2,2024-12
208094,short,2024-12-09 01:00:00,2024-12-09 01:05:00,2024-12-09 01:09:00,2635.032,2637.5672815774305,SL,-2.695281577430553,4,0.3496446550490676,ml_v2,2024-12
208439,short,2024-12-10 06:45:00,2024-12-10 06:50:00,2024-12-10 06:54:00,2667.632,2669.7105144493057,SL,-2.2385144493055487,4,0.3498689163325166,ml_v2,2024-12
208559,short,2024-12-10 16:45:00,2024-12-10 16:50:00,2024-12-10 16:59:00,2690.391,2692.491630357986,SL,-2.2606303579861127,9,0.3499973596795186,ml_v2,2024-12
208564,short,2024-12-10 17:10:00,2024-12-10 17:15:00,2024-12-10 19:15:00,2693.482,2692.387,TIMEOUT,0.9349999999997999,120,0.3497041484284773,ml_v2,2024-12
208720,short,2024-12-11 07:10:00,2024-12-11 07:15:00,2024-12-11 07:19:00,2691.628,2693.9881361208336,SL,-2.520136120833328,4,0.34983658466231704,ml_v2,2024-12
208723,short,2024-12-11 07:25:00,2024-12-11 07:30:00,2024-12-11 07:32:00,2688.913,2691.294613116667,SL,-2.541613116666662,2,0.3515326348294008,ml_v2,2024-12
208726,short,2024-12-11 07:40:00,2024-12-11 07:45:00,2024-12-11 08:25:00,2691.832,2694.230760585069,SL,-2.55876058506944,32,0.35057721707713485,ml_v2,2024-12
209638,short,2024-12-16 14:50:00,2024-12-16 14:55:00,2024-12-16 15:12:00,2656.169,2652.7371805555554,TP,3.271819444444462,17,0.3517413106907594,ml_v2,2024-12
209646,short,2024-12-16 15:30:00,2024-12-16 15:35:00,2024-12-16 16:24:00,2655.858,2652.4488055555557,TP,3.2491944444444694,49,0.35215684447181106,ml_v2,2024-12
210004,long,2024-12-17 23:20:00,2024-12-17 23:25:00,2024-12-18 00:35:00,2646.338,2649.6096875000003,TP,3.1116874999999684,70,0.43446393483919216,ml_v2,2024-12
210194,short,2024-12-18 15:10:00,2024-12-18 15:15:00,2024-12-18 16:13:00,2636.792,2638.4662889739584,SL,-1.8342889739583286,58,0.3517416534174669,ml_v2,2024-12
210241,long,2024-12-18 19:05:00,2024-12-18 19:10:00,2024-12-18 19:20:00,2616.847,2619.7215208333337,TP,2.7155208333333336,10,0.4301765937127955,ml_v2,2024-12
210249,long,2024-12-18 19:45:00,2024-12-18 19:50:00,2024-12-18 19:51:00,2610.12,2613.2471805555556,TP,2.9681805555555516,1,0.4504665530533861,ml_v2,2024-12
210252,long,2024-12-18 20:00:00,2024-12-18 20:05:00,2024-12-18 20:18:00,2605.234,2603.393625432986,SL,-2.000374567013889,13,0.44293972953490773,ml_v2,2024-12
210257,long,2024-12-18 20:25:00,2024-12-18 20:30:00,2024-12-18 20:31:00,2595.989,2594.0682930555554,SL,-2.0797069444444443,1,0.4844696521389319,ml_v2,2024-12
210260,long,2024-12-18 20:40:00,2024-12-18 20:45:00,2024-12-18 20:48:00,2589.417,2592.8629930555553,TP,3.2859930555555583,3,0.48915623067655056,ml_v2,2024-12
210263,long,2024-12-18 20:55:00,2024-12-18 21:00:00,2024-12-18 21:29:00,2592.468,2590.459492144097,SL,-2.1685078559027797,29,0.47476663855242596,ml_v2,2024-12
210271,long,2024-12-18 21:35:00,2024-12-18 21:40:00,2024-12-18 21:47:00,2588.794,2586.732490156597,SL,-2.2215098434027754,7,0.48748037043386416,ml_v2,2024-12
210276,long,2024-12-18 23:00:00,2024-12-18 23:05:00,2024-12-18 23:18:00,2587.353,2591.0223472222224,TP,3.5093472222222157,13,0.4524576560847283,ml_v2,2024-12
210281,long,2024-12-18 23:25:00,2024-12-18 23:30:00,2024-12-18 23:46:00,2590.525,2588.392761313889,SL,-2.29223868611111,16,0.4533747120256244,ml_v2,2024-12
210287,long,2024-12-18 23:55:00,2024-12-19 00:00:00,2024-12-19 00:25:00,2588.256,2592.046784722222,TP,3.630784722222219,25,0.448959196850089,ml_v2,2024-12
210450,long,2024-12-19 13:30:00,2024-12-19 13:35:00,2024-12-19 13:40:00,2599.253,2604.2415069444446,TP,4.82850694444444,5,0.4305943982444625,ml_v2,2024-12
210454,long,2024-12-19 13:50:00,2024-12-19 13:55:00,2024-12-19 14:46:00,2596.755,2593.857589763889,SL,-3.0574102361111075,51,0.43229572216673595,ml_v2,2024-12
210694,long,2024-12-20 10:50:00,2024-12-20 10:55:00,2024-12-20 11:03:00,2605.165,2602.9675088670137,SL,-2.357491132986093,8,0.4264632150132641,ml_v2,2024-12
211292,short,2024-12-24 14:45:00,2024-12-24 14:50:00,2024-12-24 15:15:00,2611.462,2612.980354555208,SL,-1.6783545552083365,25,0.34998887452971816,ml_v2,2024-12
211510,short,2024-12-26 13:30:00,2024-12-26 13:35:00,2024-12-26 13:46:00,2625.431,2622.9250208333333,TP,2.3459791666666434,11,0.35958885822188735,ml_v2,2024-12
211515,short,2024-12-26 13:55:00,2024-12-26 14:00:00,2024-12-26 14:12:00,2623.123,2624.5546727333335,SL,-1.5916727333333207,12,0.3622556743372667,ml_v2,2024-12
211520,short,2024-12-26 14:20:00,2024-12-26 14:25:00,2024-12-26 14:31:00,2627.325,2624.8102083333333,TP,2.354791666666639,6,0.3524749395598161,ml_v2,2024-12
211524,short,2024-12-26 14:40:00,2024-12-26 14:45:00,2024-12-26 14:48:00,2626.212,2627.6544905993055,SL,-1.6024905993055398,3,0.3570874896992433,ml_v2,2024-12
211546,short,2024-12-26 16:30:00,2024-12-26 16:35:00,2024-12-26 16:43:00,2631.743,2633.2449372729166,SL,-1.6619372729166528,8,0.35124307546508193,ml_v2,2024-12
212064,short,2024-12-30 13:45:00,2024-12-30 13:50:00,2024-12-30 13:58:00,2611.806,2608.6297777777777,TP,3.01622222222223,8,0.3500907239664781,ml_v2,2024-12
212068,short,2024-12-30 14:05:00,2024-12-30 14:10:00,2024-12-30 14:15:00,2610.642,2612.4863429697916,SL,-2.004342969791669,5,0.3496625390995729,ml_v2,2024-12
212073,short,2024-12-30 14:30:00,2024-12-30 14:35:00,2024-12-30 14:50:00,2607.39,2609.2177352041667,SL,-1.987735204166669,15,0.35081988248717666,ml_v2,2024-12
212079,short,2024-12-30 15:00:00,2024-12-30 15:05:00,2024-12-30 15:07:00,2607.223,2604.023298611111,TP,3.039701388888892,2,0.35029650900256515,ml_v2,2024-12
212168,long,2024-12-30 23:25:00,2024-12-30 23:30:00,2024-12-31 00:49:00,2604.658,2607.751513888889,TP,2.9335138888888594,79,0.4479001105899061,ml_v2,2024-12
212232,long,2024-12-31 04:45:00,2024-12-31 04:50:00,2024-12-31 05:53:00,2606.836,2605.1393014555556,SL,-1.8566985444444142,63,0.44528107005946593,ml_v2,2024-12
212339,short,2024-12-31 13:40:00,2024-12-31 13:45:00,2024-12-31 13:55:00,2612.287,2613.9920004430555,SL,-1.8650004430555311,10,0.349577066038965,ml_v2,2024-12
212351,short,2024-12-31 14:40:00,2024-12-31 14:45:00,2024-12-31 15:10:00,2614.411,2616.094880603472,SL,-1.8438806034721955,25,0.35185241374862075,ml_v2,2024-12
212380,short,2024-12-31 17:05:00,2024-12-31 17:10:00,2024-12-31 17:36:00,2626.454,2623.661625,TP,2.632374999999958,26,0.35041036877524734,ml_v2,2024-12
212455,long,2025-01-02 00:25:00,2025-01-02 00:30:00,2025-01-02 01:00:00,2626.336,2624.7971645180555,SL,-1.698835481944437,30,0.4118397708780328,ml_v2,2025-01
212587,short,2025-01-02 11:25:00,2025-01-02 11:30:00,2025-01-02 12:32:00,2641.874,2643.6066244947915,SL,-1.8926244947916775,62,0.35645102443680254,ml_v2,2025-01
212605,short,2025-01-02 12:55:00,2025-01-02 13:00:00,2025-01-02 13:13:00,2643.336,2640.287770833333,TP,2.8882291666666835,13,0.35199552476303614,ml_v2,2025-01
212611,short,2025-01-02 13:25:00,2025-01-02 13:30:00,2025-01-02 13:31:00,2640.932,2637.8039513888884,TP,2.968048611111129,1,0.35354292558866934,ml_v2,2025-01
212614,short,2025-01-02 13:40:00,2025-01-02 13:45:00,2025-01-02 13:48:00,2639.079,2640.8835954475694,SL,-1.9645954475694516,3,0.35269498991209464,ml_v2,2025-01
212619,short,2025-01-02 14:05:00,2025-01-02 14:10:00,2025-01-02 14:11:00,2641.572,2643.4176644479166,SL,-2.0056644479166725,1,0.3539858925973532,ml_v2,2025-01
212635,short,2025-01-02 15:25:00,2025-01-02 15:30:00,2025-01-02 15:32:00,2648.711,2650.581316165972,SL,-2.030316165972232,2,0.35207666476960664,ml_v2,2025-01
212716,long,2025-01-02 23:10:00,2025-01-02 23:15:00,2025-01-03 01:00:00,2658.074,2661.349527777778,TP,3.115527777777793,105,0.4187987983185618,ml_v2,2025-01
212740,long,2025-01-03 01:10:00,2025-01-03 01:15:00,2025-01-03 01:23:00,2660.78,2658.9000366468754,SL,-2.0399633531250063,8,0.4221513656865705,ml_v2,2025-01
212788,long,2025-01-03 05:10:00,2025-01-03 05:15:00,2025-01-03 05:33:00,2661.513,2659.6267705388886,SL,-2.04622946111112,18,0.41282529779080923,ml_v2,2025-01
212795,long,2025-01-03 05:45:00,2025-01-03 05:50:00,2025-01-03 05:53:00,2658.417,2656.526409264236,SL,-2.0505907357639,3,0.41222307813274617,ml_v2,2025-01
212798,short,2025-01-03 06:00:00,2025-01-03 06:05:00,2025-01-03 06:10:00,2658.079,2659.9836904708336,SL,-2.064690470833346,5,0.35674412566199415,ml_v2,2025-01
212802,short,2025-01-03 06:20:00,2025-01-03 06:25:00,2025-01-03 06:55:00,2658.25,2660.169504518403,SL,-2.079504518402789,30,0.3563084652818931,ml_v2,2025-01
212903,short,2025-01-03 15:40:00,2025-01-03 15:45:00,2025-01-03 16:04:00,2645.055,2647.1046919399305,SL,-2.2096919399305617,19,0.351919157197019,ml_v2,2025-01
212968,long,2025-01-03 21:05:00,2025-01-03 21:10:00,2025-01-05 23:16:00,2638.239,2641.383604166667,TP,2.9846041666666845,59,0.41134632792569703,ml_v2,2025-01
213735,short,2025-01-08 16:10:00,2025-01-08 16:15:00,2025-01-08 16:21:00,2664.728,2666.53313911875,SL,-1.9651391187500185,6,0.3566871822816779,ml_v2,2025-01
213871,long,2025-01-09 04:35:00,2025-01-09 04:40:00,2025-01-09 05:01:00,2655.979,2659.1894791666664,TP,3.050479166666652,21,0.4111432650361124,ml_v2,2025-01
214088,long,2025-01-09 23:40:00,2025-01-09 23:45:00,2025-01-10 01:45:00,2669.893,2670.864,TIMEOUT,0.8110000000000036,120,0.42677308970521,ml_v2,2025-01
214168,long,2025-01-10 06:20:00,2025-01-10 06:25:00,2025-01-10 06:46:00,2675.071,2678.050208333333,TP,2.8192083333333007,21,0.4112076557711193,ml_v2,2025-01
214175,long,2025-01-10 06:55:00,2025-01-10 07:00:00,2025-01-10 07:11:00,2678.179,2676.4755035815974,SL,-1.8634964184027591,11,0.4229386459273764,ml_v2,2025-01
214197,short,2025-01-10 08:45:00,2025-01-10 08:50:00,2025-01-10 08:58:00,2677.865,2679.631490844097,SL,-1.9264908440972048,8,0.3534149380564261,ml_v2,2025-01
214209,short,2025-01-10 09:45:00,2025-01-10 09:50:00,2025-01-10 10:11:00,2679.676,2681.42177975,SL,-1.9057797499999858,21,0.3532584161093504,ml_v2,2025-01
214237,short,2025-01-10 12:05:00,2025-01-10 12:10:00,2025-01-10 12:27:00,2679.425,2676.3815833333338,TP,2.883416666666628,17,0.3535319349287321,ml_v2,2025-01
214256,short,2025-01-10 13:40:00,2025-01-10 13:45:00,2025-01-10 13:46:00,2675.829,2677.6714897256948,SL,-2.001489725694426,1,0.35321119218065394,ml_v2,2025-01
214292,long,2025-01-10 16:40:00,2025-01-10 16:45:00,2025-01-10 16:57:00,2693.124,2696.8542152777777,TP,3.570215277777745,12,0.4110383426477022,ml_v2,2025-01
214297,long,2025-01-10 17:05:00,2025-01-10 17:10:00,2025-01-10 18:16:00,2694.228,2692.0899634774305,SL,-2.298036522569426,66,0.42100597073304435,ml_v2,2025-01
214808,short,2025-01-14 13:45:00,2025-01-14 13:50:00,2025-01-14 13:56:00,2667.27,2663.7722916666667,TP,3.3377083333332864,6,0.3609547468065787,ml_v2,2025-01
214817,short,2025-01-14 14:30:00,2025-01-14 14:35:00,2025-01-14 14:55:00,2663.071,2665.073896534375,SL,-2.1628965343749758,20,0.3540821822523642,ml_v2,2025-01
214984,long,2025-01-15 05:25:00,2025-01-15 05:30:00,2025-01-15 05:46:00,2675.203,2678.297625,TP,2.93462499999996,16,0.41037920671832057,ml_v2,2025-01
214992,long,2025-01-15 06:05:00,2025-01-15 06:10:00,2025-01-15 06:23:00,2679.829,2682.8949097222226,TP,2.905909722222178,13,0.40979763456528184,ml_v2,2025-01
215004,long,2025-01-15 07:05:00,2025-01-15 07:10:00,2025-01-15 08:07:00,2681.394,2684.458909722222,TP,2.9049097222221887,57,0.4129154949410967,ml_v2,2025-01
215052,short,2025-01-15 11:05:00,2025-01-15 11:10:00,2025-01-15 13:00:00,2686.514,2683.4830347222223,TP,2.870965277777764,110,0.35366739034550226,ml_v2,2025-01
215090,short,2025-01-15 14:15:00,2025-01-15 14:20:00,2025-01-15 14:23:00,2687.257,2689.095862605556,SL,-1.9988626055555436,3,0.3616660835384894,ml_v2,2025-01
215093,short,2025-01-15 14:30:00,2025-01-15 14:35:00,2025-01-15 14:36:00,2682.316,2679.0852777777777,TP,3.070722222222201,1,0.3535714764033911,ml_v2,2025-01
215096,short,2025-01-15 14:45:00,2025-01-15 14:50:00,2025-01-15 14:52:00,2682.22,2684.051171840972,SL,-1.9901718409722102,2,0.36059102436299806,ml_v2,2025-01
215100,short,2025-01-15 15:05:00,2025-01-15 15:10:00,2025-01-15 15:21:00,2680.014,2681.8421518864584,SL,-1.9881518864583194,11,0.35290867275348875,ml_v2,2025-01
215105,short,2025-01-15 15:30:00,2025-01-15 15:35:00,2025-01-15 15:46:00,2681.866,2678.6435625,TP,3.0624374999999775,11,0.35467609938654265,ml_v2,2025-01
215111,short,2025-01-15 16:00:00,2025-01-15 16:05:00,2025-01-15 16:13:00,2679.916,2681.742298642361,SL,-1.9862986423611002,8,0.3537374885916281,ml_v2,2025-01
215195,long,2025-01-16 00:00:00,2025-01-16 00:05:00,2025-01-16 00:18:00,2694.248,2697.4428333333335,TP,3.0348333333333146,13,0.41104303788177277,ml_v2,2025-01
215636,short,2025-01-17 13:45:00,2025-01-17 13:50:00,2025-01-17 14:32:00,2706.52,2703.2391388888886,TP,3.120861111111117,42,0.3532984130694963,ml_v2,2025-01
216053,short,2025-01-21 05:25:00,2025-01-21 05:30:00,2025-01-21 06:17:00,2726.722,2728.6891570989587,SL,-2.1271570989583224,47,0.3593479710642452,ml_v2,2025-01
216065,short,2025-01-21 06:25:00,2025-01-21 06:30:00,2025-01-21 07:29:00,2726.12,2728.0868713739583,SL,-2.126871373958324,59,0.3591379785886821,ml_v2,2025-01
216349,short,2025-01-22 07:05:00,2025-01-22 07:10:00,2025-01-22 07:31:00,2749.834,2751.7413096166665,SL,-2.0673096166666567,21,0.35833105465169435,ml_v2,2025-01
216358,short,2025-01-22 07:50:00,2025-01-22 07:55:00,2025-01-22 08:14:00,2749.844,2751.748158704861,SL,-2.0641587048611,19,0.35823439081902986,ml_v2,2025-01
216391,short,2025-01-22 10:35:00,2025-01-22 10:40:00,2025-01-22 10:50:00,2763.017,2759.7258888888887,TP,3.131111111111118,10,0.3531699693783483,ml_v2,2025-01
216396,short,2025-01-22 11:00:00,2025-01-22 11:05:00,2025-01-22 12:00:00,2758.594,2755.3114583333336,TP,3.1225416666666708,55,0.3562733727930495,ml_v2,2025-01
216427,short,2025-01-22 13:35:00,2025-01-22 13:40:00,2025-01-22 13:51:00,2753.393,2755.318695226736,SL,-2.0856952267361115,11,0.35300315705823126,ml_v2,2025-01
216434,short,2025-01-22 14:10:00,2025-01-22 14:15:00,2025-01-22 14:17:00,2753.95,2755.906700357639,SL,-2.11670035763889,2,0.3609631361603308,ml_v2,2025-01
216437,short,2025-01-22 14:25:00,2025-01-22 14:30:00,2025-01-22 14:33:00,2755.432,2752.0103263888886,TP,3.261673611111114,3,0.35909524580235963,ml_v2,2025-01
216440,short,2025-01-22 14:40:00,2025-01-22 14:45:00,2025-01-22 14:47:00,2753.613,2755.574557682639,SL,-2.1215576826388904,2,0.35735687633748536,ml_v2,2025-01
216443,short,2025-01-22 14:55:00,2025-01-22 15:00:00,2025-01-22 15:34:00,2753.824,2755.7887998677083,SL,-2.124799867708335,34,0.36033265312905793,ml_v2,2025-01
216455,short,2025-01-22 15:55:00,2025-01-22 16:00:00,2025-01-22 16:31:00,2759.389,2755.953319444445,TP,3.2756805555555606,31,0.3536755223727621,ml_v2,2025-01
216540,long,2025-01-23 00:00:00,2025-01-23 00:05:00,2025-01-23 01:47:00,2753.261,2751.4118473260414,SL,-2.009152673958337,102,0.4231953195984354,ml_v2,2025-01
216612,long,2025-01-23 06:00:00,2025-01-23 06:05:00,2025-01-23 08:05:00,2752.506,2752.515,TIMEOUT,-0.15099999999998545,120,0.41470900324747295,ml_v2,2025-01
216639,long,2025-01-23 08:15:00,2025-01-23 08:20:00,2025-01-23 08:31:00,2754.316,2752.5982768576387,SL,-1.8777231423611178,11,0.430391371760114,ml_v2,2025-01
216644,long,2025-01-23 08:40:00,2025-01-23 08:45:00,2025-01-23 09:18:00,2753.29,2751.5739435868054,SL,-1.8760564131944526,33,0.41465483487670346,ml_v2,2025-01
216667,long,2025-01-23 10:35:00,2025-01-23 10:40:00,2025-01-23 10:52:00,2748.987,2751.9182638888888,TP,2.7712638888889005,12,0.4102748306660118,ml_v2,2025-01
216810,long,2025-01-23 23:30:00,2025-01-23 23:35:00,2025-01-24 00:33:00,2754.872,2758.0787638888887,TP,3.0467638888889037,58,0.4113814725152201,ml_v2,2025-01
216824,long,2025-01-24 00:40:00,2025-01-24 00:45:00,2025-01-24 02:00:00,2760.153,2763.382173611111,TP,3.0691736111111156,75,0.41869563613379435,ml_v2,2025-01
216989,short,2025-01-24 14:25:00,2025-01-24 14:30:00,2025-01-24 14:31:00,2774.438,2776.5143556381945,SL,-2.2363556381944294,1,0.3521122166414465,ml_v2,2025-01
216994,short,2025-01-24 14:50:00,2025-01-24 14:55:00,2025-01-24 15:06:00,2776.986,2779.056625264583,SL,-2.2296252645833197,11,0.3542389887240823,ml_v2,2025-01
217005,short,2025-01-24 15:45:00,2025-01-24 15:50:00,2025-01-24 15:54:00,2781.622,2778.041763888889,TP,3.42023611111108,4,0.3522674978715827,ml_v2,2025-01
217009,short,2025-01-24 16:05:00,2025-01-24 16:10:00,2025-01-24 16:49:00,2776.315,2772.726541666667,TP,3.4284583333333036,39,0.3519195601365072,ml_v2,2025-01
217706,long,2025-01-29 05:15:00,2025-01-29 05:20:00,2025-01-29 05:41:00,2762.465,2761.044295931945,SL,-1.5807040680555353,21,0.4098063355644695,ml_v2,2025-01
217769,short,2025-01-29 10:30:00,2025-01-29 10:35:00,2025-01-29 10:46:00,2759.579,2757.127104166667,TP,2.29189583333331,11,0.3519953583285261,ml_v2,2025-01
217774,short,2025-01-29 10:55:00,2025-01-29 11:00:00,2025-01-29 11:22:00,2758.216,2759.618151785069,SL,-1.5621517850694344,22,0.35327183649987465,ml_v2,2025-01
217797,short,2025-01-29 12:50:00,2025-01-29 12:55:00,2025-01-29 13:00:00,2756.436,2757.8344175180555,SL,-1.5584175180555515,5,0.352508552980261,ml_v2,2025-01
217805,short,2025-01-29 13:30:00,2025-01-29 13:35:00,2025-01-29 13:37:00,2756.303,2757.7316646840277,SL,-1.588664684027777,2,0.36134746690984254,ml_v2,2025-01
217808,short,2025-01-29 13:45:00,2025-01-29 13:50:00,2025-01-29 13:55:00,2757.581,2759.0144823250002,SL,-1.5934823250000023,5,0.35861635228391175,ml_v2,2025-01
217813,short,2025-01-29 14:10:00,2025-01-29 14:15:00,2025-01-29 14:21:00,2758.946,2760.380906981597,SL,-1.5949069815972226,6,0.3541114481329489,ml_v2,2025-01
217817,short,2025-01-29 14:30:00,2025-01-29 14:35:00,2025-01-29 14:39:00,2759.212,2760.6559668451387,SL,-1.602966845138887,4,0.35331501086946016,ml_v2,2025-01
217820,short,2025-01-29 14:45:00,2025-01-29 14:50:00,2025-01-29 14:58:00,2758.248,2759.704883996181,SL,-1.6168839961805506,8,0.36205133815999513,ml_v2,2025-01
217824,short,2025-01-29 15:05:00,2025-01-29 15:10:00,2025-01-29 15:14:00,2757.756,2759.2096259375,SL,-1.613625937499997,4,0.35646703469692675,ml_v2,2025-01
217828,short,2025-01-29 15:25:00,2025-01-29 15:30:00,2025-01-29 15:31:00,2750.198,2751.6735910468747,SL,-1.6345910468750002,1,0.3534705938934851,ml_v2,2025-01
217919,long,2025-01-30 00:00:00,2025-01-30 00:05:00,2025-01-30 02:05:00,2759.746,2760.095,TIMEOUT,0.18899999999970532,120,0.42716200163780266,ml_v2,2025-01
217981,long,2025-01-30 05:10:00,2025-01-30 05:15:00,2025-01-30 05:39:00,2760.541,2758.746099360417,SL,-1.9549006395833524,24,0.4165572223083354,ml_v2,2025-01
217988,long,2025-01-30 05:45:00,2025-01-30 05:50:00,2025-01-30 06:56:00,2759.684,2762.8245069444447,TP,2.980506944444477,66,0.42548133877079697,ml_v2,2025-01
218081,short,2025-01-30 13:30:00,2025-01-30 13:35:00,2025-01-30 13:39:00,2779.794,2781.659002474653,SL,-2.0250024746527933,4,0.3532231019659658,ml_v2,2025-01
218093,short,2025-01-30 14:30:00,2025-01-30 14:35:00,2025-01-30 14:38:00,2781.775,2783.6633604934027,SL,-2.048360493402791,3,0.35237064773660076,ml_v2,2025-01
218186,long,2025-01-30 23:20:00,2025-01-30 23:25:00,2025-01-31 00:04:00,2794.11,2797.257847222222,TP,2.9878472222222343,39,0.4104263490872573,ml_v2,2025-01
218196,long,2025-01-31 00:10:00,2025-01-31 00:15:00,2025-01-31 00:34:00,2797.719,2795.8883519881947,SL,-1.9906480118055574,19,0.43285013194854316,ml_v2,2025-01
218202,long,2025-01-31 00:40:00,2025-01-31 00:45:00,2025-01-31 00:57:00,2796.275,2794.4313197534725,SL,-2.003680246527782,12,0.41434742844684147,ml_v2,2025-01
218207,long,2025-01-31 01:05:00,2025-01-31 01:10:00,2025-01-31 03:10:00,2795.315,2797.4,TIMEOUT,1.9250000000000365,120,0.41635092531175366,ml_v2,2025-01
218360,short,2025-01-31 13:50:00,2025-01-31 13:55:00,2025-01-31 14:34:00,2806.093,2808.124766664583,SL,-2.191766664583326,39,0.35436274277407126,ml_v2,2025-01
218385,short,2025-01-31 15:55:00,2025-01-31 16:00:00,2025-01-31 16:25:00,2809.129,2805.580736111111,TP,3.388263888888878,25,0.35602194974250095,ml_v2,2025-01
218761,short,2025-02-04 01:20:00,2025-02-04 01:25:00,2025-02-04 01:42:00,2820.197,2822.8926645756947,SL,-2.8556645756944343,17,0.3638861212147392,ml_v2,2025-02
218802,short,2025-02-04 04:45:00,2025-02-04 04:50:00,2025-02-04 05:07:00,2819.379,2814.9877916666665,TP,4.231208333333306,17,0.36917575359061855,ml_v2,2025-02
218808,short,2025-02-04 05:15:00,2025-02-04 05:20:00,2025-02-04 06:22:00,2816.951,2812.5819097222225,TP,4.209090277777754,62,0.370029383929977,ml_v2,2025-02
218824,short,2025-02-04 06:35:00,2025-02-04 06:40:00,2025-02-04 07:13:00,2811.92,2814.4007596916667,SL,-2.6407596916666494,33,0.3633173907214383,ml_v2,2025-02
218833,short,2025-02-04 07:20:00,2025-02-04 07:25:00,2025-02-04 07:48:00,2809.886,2812.3810141944446,SL,-2.6550141944444277,23,0.38555373903593215,ml_v2,2025-02
218840,short,2025-02-04 07:55:00,2025-02-04 08:00:00,2025-02-04 08:15:00,2812.756,2815.2665108072915,SL,-2.6705108072916452,15,0.36600305253718257,ml_v2,2025-02
218880,short,2025-02-04 11:15:00,2025-02-04 11:20:00,2025-02-04 11:36:00,2814.049,2816.526096855903,SL,-2.637096855902763,16,0.36630397316958085,ml_v2,2025-02
218899,short,2025-02-04 12:50:00,2025-02-04 12:55:00,2025-02-04 13:18:00,2822.801,2825.261818467708,SL,-2.6208184677083195,23,0.37209534024272806,ml_v2,2025-02
219085,short,2025-02-05 05:20:00,2025-02-05 05:25:00,2025-02-05 05:40:00,2855.316,2857.538452386458,SL,-2.3824523864583202,15,0.36580510002497124,ml_v2,2025-02
219095,short,2025-02-05 06:10:00,2025-02-05 06:15:00,2025-02-05 06:24:00,2858.204,2860.41746792257,SL,-2.373467922569436,9,0.3629092395749727,ml_v2,2025-02
219104,short,2025-02-05 06:55:00,2025-02-05 07:00:00,2025-02-05 07:07:00,2859.202,2855.32175,TP,3.720249999999983,7,0.36426879171997695,ml_v2,2025-02
219109,short,2025-02-05 07:20:00,2025-02-05 07:25:00,2025-02-05 07:31:00,2857.095,2859.3184325819443,SL,-2.3834325819444344,6,0.3647771523846408,ml_v2,2025-02
219117,short,2025-02-05 08:00:00,2025-02-05 08:05:00,2025-02-05 08:42:00,2865.221,2867.460318098264,SL,-2.3993180982638775,37,0.3639227835917988,ml_v2,2025-02
219147,short,2025-02-05 10:30:00,2025-02-05 10:35:00,2025-02-05 10:39:00,2877.041,2873.217652777778,TP,3.6633472222222054,4,0.36715854094272043,ml_v2,2025-02
219215,short,2025-02-05 16:10:00,2025-02-05 16:15:00,2025-02-05 16:23:00,2868.629,2864.5656666666664,TP,3.9033333333333387,8,0.36289026655542467,ml_v2,2025-02
219367,long,2025-02-06 05:50:00,2025-02-06 05:55:00,2025-02-06 06:18:00,2865.781,2869.834,TP,3.8930000000000033,23,0.3988988192028955,ml_v2,2025-02
219583,long,2025-02-07 00:50:00,2025-02-07 00:55:00,2025-02-07 01:18:00,2858.651,2862.541645833333,TP,3.7306458333333214,23,0.39866957251500923,ml_v2,2025-02
219633,long,2025-02-07 05:00:00,2025-02-07 05:05:00,2025-02-07 05:31:00,2866.339,2864.172744165278,SL,-2.3262558347222195,26,0.39390341468162554,ml_v2,2025-02
219643,long,2025-02-07 05:50:00,2025-02-07 05:55:00,2025-02-07 06:01:00,2863.042,2860.8609698017362,SL,-2.3410301982638844,6,0.4119011033541443,ml_v2,2025-02
219742,short,2025-02-07 14:05:00,2025-02-07 14:10:00,2025-02-07 14:11:00,2860.717,2862.8940617954863,SL,-2.3370617954861155,1,0.3664525083481035,ml_v2,2025-02
219839,short,2025-02-09 23:15:00,2025-02-09 23:20:00,2025-02-09 23:28:00,2865.206,2867.5667790020834,SL,-2.5207790020833345,8,0.36463124674038416,ml_v2,2025-02
219843,short,2025-02-09 23:35:00,2025-02-09 23:40:00,2025-02-10 01:02:00,2868.688,2871.0794230083334,SL,-2.5514230083333316,82,0.362759961098248,ml_v2,2025-02
219925,short,2025-02-10 06:25:00,2025-02-10 06:30:00,2025-02-10 06:46:00,2884.717,2887.315827611111,SL,-2.758827611111119,16,0.36419382001039313,ml_v2,2025-02
219974,short,2025-02-10 10:30:00,2025-02-10 10:35:00,2025-02-10 10:42:00,2899.12,2901.812962093403,SL,-2.852962093402777,7,0.3640152297197542,ml_v2,2025-02
219994,short,2025-02-10 12:10:00,2025-02-10 12:15:00,2025-02-10 13:00:00,2906.452,2901.702465277778,TP,4.58953472222221,45,0.3637217222238102,ml_v2,2025-02
220118,short,2025-02-10 23:30:00,2025-02-10 23:35:00,2025-02-10 23:36:00,2916.065,2918.4221360083334,SL,-2.517136008333323,1,0.3643436931048516,ml_v2,2025-02
220188,long,2025-02-11 05:20:00,2025-02-11 05:25:00,2025-02-11 05:47:00,2918.381,2923.1702291666666,TP,4.62922916666664,22,0.4053869852341655,ml_v2,2025-02
220214,short,2025-02-11 07:30:00,2025-02-11 07:35:00,2025-02-11 08:00:00,2911.167,2914.0448499788195,SL,-3.03784997881944,25,0.3631410679994783,ml_v2,2025-02
220272,short,2025-02-11 12:20:00,2025-02-11 12:25:00,2025-02-11 12:50:00,2901.167,2895.9540416666664,TP,5.052958333333328,25,0.3635996375423838,ml_v2,2025-02
220280,long,2025-02-11 13:00:00,2025-02-11 13:05:00,2025-02-11 13:13:00,2886.899,2883.843651301736,SL,-3.21434869826389,8,0.39503920716004665,ml_v2,2025-02
220464,short,2025-02-12 05:20:00,2025-02-12 05:25:00,2025-02-12 05:43:00,2884.84,2887.6474743239587,SL,-2.967474323958346,18,0.3629645969282782,ml_v2,2025-02
220470,short,2025-02-12 05:50:00,2025-02-12 05:55:00,2025-02-12 06:11:00,2887.47,2890.285546055208,SL,-2.9755460552083424,16,0.3682738853817644,ml_v2,2025-02
220526,short,2025-02-12 10:30:00,2025-02-12 10:35:00,2025-02-12 12:35:00,2883.609,2881.362,TIMEOUT,2.0869999999998434,120,0.36458594419347856,ml_v2,2025-02
220606,long,2025-02-12 17:10:00,2025-02-12 17:15:00,2025-02-12 17:16:00,2908.738,2905.981908555208,SL,-2.9160914447916815,1,0.3941266974360411,ml_v2,2025-02
220609,long,2025-02-12 17:25:00,2025-02-12 17:30:00,2025-02-12 17:42:00,2905.609,2902.8387731045136,SL,-2.930226895486127,12,0.3965757181794112,ml_v2,2025-02
220748,short,2025-02-13 06:00:00,2025-02-13 06:05:00,2025-02-13 06:09:00,2915.385,2918.009638102778,SL,-2.7846381027777927,4,0.3749481410232225,ml_v2,2025-02
220751,short,2025-02-13 06:15:00,2025-02-13 06:20:00,2025-02-13 07:31:00,2916.98,2919.6202418625,SL,-2.800241862500014,71,0.3714574546065965,ml_v2,2025-02
220812,short,2025-02-13 11:20:00,2025-02-13 11:25:00,2025-02-13 12:08:00,2916.573,2919.2432985451387,SL,-2.8302985451388905,43,0.3654402582431355,ml_v2,2025-02
220836,short,2025-02-13 13:20:00,2025-02-13 13:25:00,2025-02-13 13:30:00,2912.936,2915.572388543403,SL,-2.796388543402779,5,0.36579818345892046,ml_v2,2025-02
220840,short,2025-02-13 13:40:00,2025-02-13 13:45:00,2025-02-13 13:52:00,2912.563,2907.8867083333334,TP,4.51729166666667,7,0.36445566334116075,ml_v2,2025-02
221018,short,2025-02-14 05:30:00,2025-02-14 05:35:00,2025-02-14 05:41:00,2927.462,2929.7141836600695,SL,-2.4121836600694446,6,0.3628524623094759,ml_v2,2025-02
221022,long,2025-02-14 05:50:00,2025-02-14 05:55:00,2025-02-14 06:42:00,2931.44,2935.3929305555557,TP,3.7929305555555537,47,0.4001295433874895,ml_v2,2025-02
221094,short,2025-02-14 11:50:00,2025-02-14 11:55:00,2025-02-14 12:40:00,2932.385,2928.6296111111114,TP,3.595388888888875,45,0.3639527789531908,ml_v2,2025-02
221488,short,2025-02-18 01:35:00,2025-02-18 01:40:00,2025-02-18 02:17:00,2896.381,2898.541239736111,SL,-2.3202397361110974,37,0.36424358545971103,ml_v2,2025-02
221540,short,2025-02-18 05:55:00,2025-02-18 06:00:00,2025-02-18 06:07:00,2910.775,2912.7645031750003,SL,-2.149503174999983,7,0.36722440724045424,ml_v2,2025-02
221811,short,2025-02-19 05:30:00,2025-02-19 05:35:00,2025-02-19 05:54:00,2931.322,2933.198879904167,SL,-2.036879904166682,19,0.3799280494895616,ml_v2,2025-02
221817,short,2025-02-19 06:00:00,2025-02-19 06:05:00,2025-02-19 06:51:00,2934.134,2930.848715277778,TP,3.1252847222222484,46,0.3631074833855988,ml_v2,2025-02
221884,short,2025-02-19 11:35:00,2025-02-19 11:40:00,2025-02-19 11:43:00,2940.28,2942.168447798264,SL,-2.0484477982639,3,0.3653902499461689,ml_v2,2025-02
222301,long,2025-02-21 00:20:00,2025-02-21 00:25:00,2025-02-21 00:27:00,2940.187,2937.953321002083,SL,-2.3936789979166635,2,0.4048234885164298,ml_v2,2025-02
222304,long,2025-02-21 00:35:00,2025-02-21 00:40:00,2025-02-21 01:03:00,2939.734,2943.6731875,TP,3.77918749999999,23,0.40934702558557323,ml_v2,2025-02
222393,short,2025-02-21 08:00:00,2025-02-21 08:05:00,2025-02-21 08:15:00,2928.151,2923.6628680555555,TP,4.328131944444417,10,0.3639442112737198,ml_v2,2025-02
222583,short,2025-02-24 00:55:00,2025-02-24 01:00:00,2025-02-24 01:11:00,2930.18,2925.7581875,TP,4.261812499999975,11,0.3682149708371847,ml_v2,2025-02
222923,short,2025-02-25 06:15:00,2025-02-25 06:20:00,2025-02-25 07:13:00,2936.988,2939.1752367802083,SL,-2.3472367802083354,53,0.3801733064637543,ml_v2,2025-02
222940,short,2025-02-25 07:40:00,2025-02-25 07:45:00,2025-02-25 08:00:00,2933.949,2930.1251527777777,TP,3.663847222222222,15,0.36388724364626024,ml_v2,2025-02
223031,short,2025-02-25 15:15:00,2025-02-25 15:20:00,2025-02-25 15:21:00,2920.396,2916.326194444445,TP,3.9098055555555566,1,0.3640597543894014,ml_v2,2025-02
223407,long,2025-02-27 00:35:00,2025-02-27 00:40:00,2025-02-27 01:10:00,2916.654,2914.3282778680555,SL,-2.485722131944432,30,0.39417522832224805,ml_v2,2025-02
223416,long,2025-02-27 01:20:00,2025-02-27 01:25:00,2025-02-27 01:38:00,2913.458,2917.5028958333332,TP,3.8848958333333057,13,0.41016572477602903,ml_v2,2025-02
223760,long,2025-02-28 07:00:00,2025-02-28 07:05:00,2025-02-28 07:18:00,2865.059,2862.030247537153,SL,-3.1887524628472246,13,0.39398429529111256,ml_v2,2025-02
223765,short,2025-02-28 07:25:00,2025-02-28 07:30:00,2025-02-28 08:18:00,2859.18,2853.8834583333332,TP,5.1365416666666714,48,0.3654014838867067,ml_v2,2025-02
223778,short,2025-02-28 08:30:00,2025-02-28 08:35:00,2025-02-28 09:07:00,2855.67,2858.6600129149306,SL,-3.1500129149305574,32,0.36415820684962463,ml_v2,2025-02
223828,short,2025-02-28 12:40:00,2025-02-28 12:45:00,2025-02-28 13:01:00,2856.422,2859.2356134430556,SL,-2.9736134430555516,16,0.3647927127062044,ml_v2,2025-02
223844,long,2025-02-28 14:00:00,2025-02-28 14:05:00,2025-02-28 14:08:00,2845.73,2842.8486895739584,SL,-3.041310426041651,3,0.4003621850605517,ml_v2,2025-02
223850,long,2025-02-28 14:30:00,2025-02-28 14:35:00,2025-02-28 14:42:00,2844.043,2841.1628523159725,SL,-3.04014768402776,7,0.39899476633625036,ml_v2,2025-02
223854,long,2025-02-28 14:50:00,2025-02-28 14:55:00,2025-02-28 15:00:00,2835.642,2832.7727535184026,SL,-3.0292464815972067,5,0.4095850054617434,ml_v2,2025-02
223954,long,2025-03-03 00:15:00,2025-03-03 00:20:00,2025-03-03 00:35:00,2870.518,2867.655452182292,SL,-3.022547817708312,15,0.4430600222026764,ml_v2,2025-03
223965,long,2025-03-03 01:10:00,2025-03-03 01:15:00,2025-03-03 03:07:00,2867.904,2864.9823071072915,SL,-3.0816928927083156,112,0.44583461444678874,ml_v2,2025-03
224038,short,2025-03-03 07:15:00,2025-03-03 07:20:00,2025-03-03 08:39:00,2862.562,2865.2521326222222,SL,-2.8501326222222043,79,0.35597840628831867,ml_v2,2025-03
224092,short,2025-03-03 11:45:00,2025-03-03 11:50:00,2025-03-03 12:31:00,2874.281,2876.947961118403,SL,-2.826961118402767,41,0.355592449440167,ml_v2,2025-03
224108,short,2025-03-03 13:05:00,2025-03-03 13:10:00,2025-03-03 13:12:00,2871.114,2873.7848422163192,SL,-2.8308422163194393,2,0.35823641479281754,ml_v2,2025-03
224291,short,2025-03-04 05:20:00,2025-03-04 05:25:00,2025-03-04 05:49:00,2893.592,2889.57875,TP,3.8532500000000116,24,0.3625043141649783,ml_v2,2025-03
224298,short,2025-03-04 05:55:00,2025-03-04 06:00:00,2025-03-04 06:38:00,2889.695,2885.6552083333336,TP,3.8797916666666854,38,0.3720885227808375,ml_v2,2025-03
224308,short,2025-03-04 06:45:00,2025-03-04 06:50:00,2025-03-04 07:06:00,2886.217,2888.5214911770836,SL,-2.464491177083348,16,0.37986489285455927,ml_v2,2025-03
224376,short,2025-03-04 12:25:00,2025-03-04 12:30:00,2025-03-04 12:58:00,2922.703,2925.200073795486,SL,-2.657073795486117,28,0.3587193357713093,ml_v2,2025-03
225226,short,2025-03-07 14:15:00,2025-03-07 14:20:00,2025-03-07 14:36:00,2916.969,2919.5957135774306,SL,-2.786713577430549,16,0.35748656365904774,ml_v2,2025-03
225242,short,2025-03-07 15:35:00,2025-03-07 15:40:00,2025-03-07 15:41:00,2919.945,2915.3701944444447,TP,4.414805555555536,1,0.35795882616076435,ml_v2,2025-03
225245,short,2025-03-07 15:50:00,2025-03-07 15:55:00,2025-03-07 16:18:00,2915.818,2918.487227076389,SL,-2.8292270763888796,23,0.3571873647402214,ml_v2,2025-03
225402,short,2025-03-10 05:00:00,2025-03-10 05:05:00,2025-03-10 06:07:00,2909.44,2911.959150020139,SL,-2.679150020138866,62,0.3584112515425393,ml_v2,2025-03
225417,short,2025-03-10 06:15:00,2025-03-10 06:20:00,2025-03-10 06:26:00,2909.549,2912.0784321517363,SL,-2.6894321517360877,6,0.35729557885686647,ml_v2,2025-03
225630,short,2025-03-11 01:00:00,2025-03-11 01:05:00,2025-03-11 01:06:00,2883.703,2886.4547182649303,SL,-2.9117182649305513,1,0.36229308215672795,ml_v2,2025-03
225955,short,2025-03-12 05:05:00,2025-03-12 05:10:00,2025-03-12 05:46:00,2913.305,2915.2853242593746,SL,-2.1403242593750025,36,0.36249377946385536,ml_v2,2025-03
226235,short,2025-03-13 05:25:00,2025-03-13 05:30:00,2025-03-13 06:08:00,2940.608,2936.9948194444446,TP,3.4531805555555697,38,0.3599940920758632,ml_v2,2025-03
226246,short,2025-03-13 06:20:00,2025-03-13 06:25:00,2025-03-13 07:20:00,2938.347,2934.6625069444444,TP,3.5244930555555682,55,0.3603181743380992,ml_v2,2025-03
226440,long,2025-03-13 23:30:00,2025-03-13 23:35:00,2025-03-13 23:55:00,2987.86,2985.5687116989584,SL,-2.4512883010416644,20,0.467963121427523,ml_v2,2025-03
226447,long,2025-03-14 00:05:00,2025-03-14 00:10:00,2025-03-14 01:07:00,2985.899,2989.9062777777776,TP,3.8472777777777765,57,0.485226076833133,ml_v2,2025-03
226507,short,2025-03-14 05:05:00,2025-03-14 05:10:00,2025-03-14 06:47:00,2985.012,2987.4097645159723,SL,-2.5577645159722167,97,0.36087077681939883,ml_v2,2025-03
226531,short,2025-03-14 07:05:00,2025-03-14 07:10:00,2025-03-14 07:39:00,2982.664,2985.108504363889,SL,-2.604504363888886,29,0.3606572389656306,ml_v2,2025-03
226560,short,2025-03-14 09:30:00,2025-03-14 09:35:00,2025-03-14 09:42:00,2996.532,2998.973484409375,SL,-2.6014844093749954,7,0.3568061279117728,ml_v2,2025-03
226566,short,2025-03-14 10:00:00,2025-03-14 10:05:00,2025-03-14 10:15:00,2998.94,3001.375381005903,SL,-2.5953810059027735,10,0.3566397117435599,ml_v2,2025-03
226571,short,2025-03-14 10:25:00,2025-03-14 10:30:00,2025-03-14 10:36:00,3002.488,2998.208534722222,TP,4.1194652777777705,6,0.3583150467046686,ml_v2,2025-03
226575,short,2025-03-14 10:45:00,2025-03-14 10:50:00,2025-03-14 10:51:00,2988.14,2990.6704639364584,SL,-2.6904639364583307,1,0.3571956048136171,ml_v2,2025-03
226589,short,2025-03-14 11:55:00,2025-03-14 12:00:00,2025-03-14 12:03:00,2993.477,2996.073930714583,SL,-2.756930714583339,3,0.35804774288639296,ml_v2,2025-03
227068,short,2025-03-18 05:55:00,2025-03-18 06:00:00,2025-03-18 06:02:00,3012.056,3013.961805592014,SL,-2.065805592013903,2,0.35867733044495,ml_v2,2025-03
227073,short,2025-03-18 06:20:00,2025-03-18 06:25:00,2025-03-18 06:39:00,3011.623,3013.5620489020835,SL,-2.0990489020833527,14,0.358969743201348,ml_v2,2025-03
227079,short,2025-03-18 06:50:00,2025-03-18 06:55:00,2025-03-18 08:05:00,3017.088,3019.042831239931,SL,-2.1148312399305724,70,0.3583023334883315,ml_v2,2025-03
227111,short,2025-03-18 09:30:00,2025-03-18 09:35:00,2025-03-18 09:54:00,3021.852,3018.2928749999996,TP,3.3991250000000104,19,0.3569394400850887,ml_v2,2025-03
227136,short,2025-03-18 11:35:00,2025-03-18 11:40:00,2025-03-18 12:03:00,3027.671,3029.763784825694,SL,-2.2527848256944467,23,0.3554714233120494,ml_v2,2025-03
227324,long,2025-03-19 04:15:00,2025-03-19 04:20:00,2025-03-19 05:35:00,3036.877,3040.516375,TP,3.479374999999982,75,0.453693341497206,ml_v2,2025-03
227344,short,2025-03-19 05:55:00,2025-03-19 06:00:00,2025-03-19 06:11:00,3044.503,3040.8393958333336,TP,3.5036041666666584,11,0.3552749267816733,ml_v2,2025-03
227613,short,2025-03-20 05:20:00,2025-03-20 05:25:00,2025-03-20 06:24:00,3048.857,3051.1983774809028,SL,-2.501377480902793,59,0.3586993757123982,ml_v2,2025-03
227637,short,2025-03-20 07:20:00,2025-03-20 07:25:00,2025-03-20 07:57:00,3046.065,3041.9485625,TP,3.9564375000000016,32,0.3553717338740201,ml_v2,2025-03
227646,short,2025-03-20 08:05:00,2025-03-20 08:10:00,2025-03-20 08:52:00,3040.879,3043.2078412965275,SL,-2.4888412965277777,42,0.35512644507447505,ml_v2,2025-03
227827,long,2025-03-21 00:10:00,2025-03-21 00:15:00,2025-03-21 00:21:00,3044.557,3042.3630526506945,SL,-2.353947349305517,6,0.4651602784572835,ml_v2,2025-03
227831,long,2025-03-21 00:30:00,2025-03-21 00:35:00,2025-03-21 01:10:00,3044.111,3041.907234822222,SL,-2.3637651777777418,35,0.46289436091611424,ml_v2,2025-03
227841,long,2025-03-21 01:20:00,2025-03-21 01:25:00,2025-03-21 01:42:00,3042.743,3040.5445524819443,SL,-2.3584475180555207,17,0.4647548080791761,ml_v2,2025-03
227875,long,2025-03-21 04:10:00,2025-03-21 04:15:00,2025-03-21 04:51:00,3031.34,3029.205618376389,SL,-2.2943816236110828,36,0.45350814868247247,ml_v2,2025-03
227886,long,2025-03-21 05:05:00,2025-03-21 05:10:00,2025-03-21 05:32:00,3028.214,3026.0856027277778,SL,-2.2883972722221926,22,0.4507597496352708,ml_v2,2025-03
228102,long,2025-03-24 00:10:00,2025-03-24 00:15:00,2025-03-24 00:41:00,3024.056,3021.8282855114585,SL,-2.3877144885416803,26,0.4632074230519492,ml_v2,2025-03
228110,long,2025-03-24 00:50:00,2025-03-24 00:55:00,2025-03-24 01:06:00,3018.344,3022.281916666667,TP,3.7779166666666915,11,0.4511490870784155,ml_v2,2025-03
228174,short,2025-03-24 06:10:00,2025-03-24 06:15:00,2025-03-24 06:22:00,3018.447,3020.751947543403,SL,-2.464947543402781,7,0.36148868486671065,ml_v2,2025-03
228371,long,2025-03-24 23:35:00,2025-03-24 23:40:00,2025-03-25 00:52:00,3010.426,3014.0005694444444,TP,3.414569444444415,72,0.466784103026578,ml_v2,2025-03
228555,short,2025-03-25 14:55:00,2025-03-25 15:00:00,2025-03-25 15:01:00,3024.926,3026.9466154527777,SL,-2.180615452777756,1,0.359837653557568,ml_v2,2025-03
228558,short,2025-03-25 15:10:00,2025-03-25 15:15:00,2025-03-25 15:31:00,3022.968,3019.420923611111,TP,3.387076388888851,16,0.36032223931959195,ml_v2,2025-03
228564,short,2025-03-25 15:40:00,2025-03-25 15:45:00,2025-03-25 16:47:00,3023.193,3025.186042990278,SL,-2.15304299027776,62,0.35667081407716794,ml_v2,2025-03
228659,long,2025-03-26 00:35:00,2025-03-26 00:40:00,2025-03-26 01:02:00,3018.389,3016.6237671395834,SL,-1.925232860416667,22,0.5078848812737993,ml_v2,2025-03
229063,short,2025-03-27 11:15:00,2025-03-27 11:20:00,2025-03-27 11:28:00,3052.631,3049.043388888889,TP,3.4276111111111045,8,0.35622464818196864,ml_v2,2025-03
229067,short,2025-03-27 11:35:00,2025-03-27 11:40:00,2025-03-27 11:52:00,3052.311,3054.3730892302083,SL,-2.2220892302083315,12,0.3562101627776904,ml_v2,2025-03
229076,short,2025-03-27 12:20:00,2025-03-27 12:25:00,2025-03-27 13:05:00,3050.037,3052.11683592743,SL,-2.239835927430558,40,0.35776219002416654,ml_v2,2025-03
229087,short,2025-03-27 13:15:00,2025-03-27 13:20:00,2025-03-27 13:37:00,3041.488,3037.739652777778,TP,3.5883472222222266,17,0.35635258487871213,ml_v2,2025-03
229093,short,2025-03-27 13:45:00,2025-03-27 13:50:00,2025-03-27 13:52:00,3034.962,3037.1554155833333,SL,-2.3534155833333363,2,0.35569110743215604,ml_v2,2025-03
229112,short,2025-03-27 15:20:00,2025-03-27 15:25:00,2025-03-27 15:32:00,3054.141,3056.4189346256944,SL,-2.4379346256944485,7,0.35555138268652237,ml_v2,2025-03
229119,short,2025-03-27 15:55:00,2025-03-27 16:00:00,2025-03-27 16:51:00,3052.11,3048.0911805555556,TP,3.8588194444444506,51,0.35963076624903645,ml_v2,2025-03
229269,short,2025-03-28 05:25:00,2025-03-28 05:30:00,2025-03-28 05:43:00,3076.375,3078.7053135739584,SL,-2.490313573958321,13,0.3572677293676504,ml_v2,2025-03
229274,short,2025-03-28 05:50:00,2025-03-28 05:55:00,2025-03-28 05:56:00,3079.533,3081.8659684354166,SL,-2.492968435416656,1,0.3636580558600868,ml_v2,2025-03
229277,short,2025-03-28 06:05:00,2025-03-28 06:10:00,2025-03-28 06:47:00,3081.231,3083.587965367014,SL,-2.51696536701388,37,0.35764132972533635,ml_v2,2025-03
229377,short,2025-03-28 14:25:00,2025-03-28 14:30:00,2025-03-28 14:33:00,3076.176,3071.8455208333335,TP,4.170479166666641,3,0.35941189949020613,ml_v2,2025-03
229380,short,2025-03-28 14:40:00,2025-03-28 14:45:00,2025-03-28 14:53:00,3074.057,3069.685451388889,TP,4.212548611111084,8,0.3591423970888542,ml_v2,2025-03
229384,short,2025-03-28 15:00:00,2025-03-28 15:05:00,2025-03-28 15:09:00,3072.014,3074.524324292361,SL,-2.670324292361093,4,0.3579822224806236,ml_v2,2025-03
229387,short,2025-03-28 15:15:00,2025-03-28 15:20:00,2025-03-28 15:24:00,3077.617,3080.125014681945,SL,-2.668014681944429,4,0.3552993891495732,ml_v2,2025-03
229593,short,2025-03-31 09:30:00,2025-03-31 09:35:00,2025-03-31 09:48:00,3118.41,3112.986145833333,TP,5.263854166666627,13,0.3572978513881435,ml_v2,2025-03
229602,short,2025-03-31 10:15:00,2025-03-31 10:20:00,2025-03-31 10:28:00,3114.698,3117.814739889236,SL,-3.2767398892360906,8,0.3558503287949047,ml_v2,2025-03
229646,short,2025-03-31 13:55:00,2025-03-31 14:00:00,2025-03-31 14:33:00,3113.478,3116.8558885708335,SL,-3.537888570833315,33,0.3554333341549324,ml_v2,2025-03
230432,short,2025-04-03 10:25:00,2025-04-03 10:30:00,2025-04-03 10:46:00,3107.604,3112.0259039104167,SL,-4.581903910416675,16,0.34294155046877994,ml_v2,2025-04
230438,short,2025-04-03 10:55:00,2025-04-03 11:00:00,2025-04-03 11:01:00,3095.581,3087.6332708333334,TP,7.787729166666682,1,0.3458151201957239,ml_v2,2025-04
230441,short,2025-04-03 11:10:00,2025-04-03 11:15:00,2025-04-03 11:30:00,3098.252,3090.1992847222223,TP,7.892715277777793,15,0.3450964967959894,ml_v2,2025-04
230447,short,2025-04-03 11:40:00,2025-04-03 11:45:00,2025-04-03 11:51:00,3090.98,3095.631194254514,SL,-4.811194254513897,6,0.3471528868430628,ml_v2,2025-04
230455,short,2025-04-03 12:20:00,2025-04-03 12:25:00,2025-04-03 12:32:00,3080.915,3072.7325555555553,TP,8.022444444444456,7,0.346532789921142,ml_v2,2025-04
230459,short,2025-04-03 12:40:00,2025-04-03 12:45:00,2025-04-03 12:46:00,3065.798,3070.5506107559027,SL,-4.912610755902785,1,0.34557016000685825,ml_v2,2025-04
230462,short,2025-04-03 12:55:00,2025-04-03 13:00:00,2025-04-03 13:04:00,3076.218,3067.805430555555,TP,8.25256944444446,4,0.34507047936854496,ml_v2,2025-04
230465,short,2025-04-03 13:10:00,2025-04-03 13:15:00,2025-04-03 13:18:00,3059.393,3064.2778379364586,SL,-5.0438379364583446,3,0.3457676599973215,ml_v2,2025-04
230468,short,2025-04-03 13:25:00,2025-04-03 13:30:00,2025-04-03 13:31:00,3065.374,3070.3284476895833,SL,-5.113447689583345,1,0.34822399721083774,ml_v2,2025-04
230490,short,2025-04-03 15:15:00,2025-04-03 15:20:00,2025-04-03 15:44:00,3107.218,3112.591911831597,SL,-5.532911831597234,24,0.34359569654402866,ml_v2,2025-04
230749,short,2025-04-04 13:50:00,2025-04-04 13:55:00,2025-04-04 14:01:00,3064.38,3055.063166666667,TP,9.156833333333351,6,0.3473828713649286,ml_v2,2025-04
230753,short,2025-04-04 14:10:00,2025-04-04 14:15:00,2025-04-04 14:23:00,3048.864,3054.1916164447916,SL,-5.4876164447916755,8,0.34804211363730564,ml_v2,2025-04
230757,short,2025-04-04 14:30:00,2025-04-04 14:35:00,2025-04-04 14:47:00,3045.967,3036.6661180555557,TP,9.141881944444462,12,0.34920492575106754,ml_v2,2025-04
230762,short,2025-04-04 14:55:00,2025-04-04 15:00:00,2025-04-04 15:01:00,3038.455,3043.8409043447914,SL,-5.5459043447916825,1,0.34920492575106754,ml_v2,2025-04
230767,short,2025-04-04 15:20:00,2025-04-04 15:25:00,2025-04-04 15:28:00,3037.266,3027.8425625,TP,9.263437500000025,3,0.34733317599234714,ml_v2,2025-04
230770,short,2025-04-04 15:35:00,2025-04-04 15:40:00,2025-04-04 16:19:00,3022.866,3028.276921155903,SL,-5.569921155902791,39,0.3475253860705866,ml_v2,2025-04
230781,short,2025-04-04 16:30:00,2025-04-04 16:35:00,2025-04-04 16:39:00,3028.997,3034.404040057986,SL,-5.567040057986134,4,0.34633146437760953,ml_v2,2025-04
230793,short,2025-04-04 17:30:00,2025-04-04 17:35:00,2025-04-04 19:18:00,3024.69,3030.078134587153,SL,-5.548134587152802,103,0.3475418220513834,ml_v2,2025-04
230870,short,2025-04-07 01:05:00,2025-04-07 01:10:00,2025-04-07 01:12:00,2993.143,2999.8973167694444,SL,-6.913316769444476,2,0.3432672060665549,ml_v2,2025-04
231836,short,2025-04-10 12:35:00,2025-04-10 12:40:00,2025-04-10 12:44:00,3117.234,3123.3134501930554,SL,-6.239450193055564,4,0.34427757368025913,ml_v2,2025-04
232385,short,2025-04-14 12:25:00,2025-04-14 12:30:00,2025-04-14 12:40:00,3211.963,3204.0577500000004,TP,7.745250000000017,10,0.34315107569632664,ml_v2,2025-04
232398,short,2025-04-14 13:30:00,2025-04-14 13:35:00,2025-04-14 13:40:00,3198.022,3202.6175215319445,SL,-4.755521531944449,5,0.3441821913474573,ml_v2,2025-04
232523,short,2025-04-15 01:20:00,2025-04-15 01:25:00,2025-04-15 01:41:00,3224.273,3217.7018125,TP,6.411187500000008,16,0.343532137244135,ml_v2,2025-04
232885,short,2025-04-16 08:30:00,2025-04-16 08:35:00,2025-04-16 08:47:00,3295.256,3298.80053370868,SL,-3.7835337086805336,12,0.3466867350391181,ml_v2,2025-04
233125,short,2025-04-17 05:30:00,2025-04-17 05:35:00,2025-04-17 06:01:00,3335.589,3327.7574652777776,TP,7.671534722222228,26,0.3466025047384581,ml_v2,2025-04
233196,short,2025-04-17 11:25:00,2025-04-17 11:30:00,2025-04-17 12:04:00,3326.985,3331.1974595486113,SL,-4.372459548611117,34,0.34365172491011753,ml_v2,2025-04
233232,short,2025-04-17 14:25:00,2025-04-17 14:30:00,2025-04-17 14:32:00,3303.498,3295.865368055556,TP,7.472631944444465,2,0.34572157070574894,ml_v2,2025-04
233235,short,2025-04-17 14:40:00,2025-04-17 14:45:00,2025-04-17 14:52:00,3294.639,3286.889847222222,TP,7.5891527777777945,7,0.3459672908538355,ml_v2,2025-04
233774,short,2025-04-22 13:40:00,2025-04-22 13:45:00,2025-04-22 13:46:00,3411.843,3417.6999815333334,SL,-6.016981533333325,1,0.34681291685042515,ml_v2,2025-04
233777,short,2025-04-22 13:55:00,2025-04-22 14:00:00,2025-04-22 14:01:00,3418.729,3424.687699633333,SL,-6.118699633333325,1,0.34681291685042515,ml_v2,2025-04
233796,short,2025-04-22 15:30:00,2025-04-22 15:35:00,2025-04-22 15:40:00,3419.952,3425.980734005556,SL,-6.18873400555555,5,0.3467676769250406,ml_v2,2025-04
233951,short,2025-04-23 05:25:00,2025-04-23 05:30:00,2025-04-23 05:40:00,3338.974,3325.6504097222223,TP,13.163590277777757,10,0.34354551941008293,ml_v2,2025-04
233956,short,2025-04-23 05:50:00,2025-04-23 05:55:00,2025-04-23 06:03:00,3321.86,3308.296027777778,TP,13.4039722222222,8,0.3476389436136777,ml_v2,2025-04
233960,short,2025-04-23 06:10:00,2025-04-23 06:15:00,2025-04-23 06:19:00,3316.491,3324.3025191114584,SL,-7.971519111458323,4,0.3457814542662198,ml_v2,2025-04
233966,short,2025-04-23 06:40:00,2025-04-23 06:45:00,2025-04-23 06:53:00,3312.83,3299.100548611111,TP,13.569451388888874,8,0.34324534792069994,ml_v2,2025-04
234032,short,2025-04-23 12:10:00,2025-04-23 12:15:00,2025-04-23 12:20:00,3317.867,3325.636775482639,SL,-7.929775482638885,5,0.34853772201246147,ml_v2,2025-04
234049,short,2025-04-23 13:35:00,2025-04-23 13:40:00,2025-04-23 13:51:00,3287.611,3273.719763888889,TP,13.732236111111087,11,0.34410843059954777,ml_v2,2025-04
234054,short,2025-04-23 14:00:00,2025-04-23 14:05:00,2025-04-23 14:07:00,3265.579,3273.565176454514,SL,-8.14617645451388,2,0.345259813522674,ml_v2,2025-04
234059,short,2025-04-23 14:25:00,2025-04-23 14:30:00,2025-04-23 14:42:00,3275.344,3283.3361290586804,SL,-8.152129058680549,12,0.34454636082587375,ml_v2,2025-04
234065,short,2025-04-23 14:55:00,2025-04-23 15:00:00,2025-04-23 15:20:00,3287.49,3273.684458333333,TP,13.64554166666665,20,0.34409267586579867,ml_v2,2025-04
234072,short,2025-04-23 15:30:00,2025-04-23 15:35:00,2025-04-23 15:38:00,3271.732,3279.6372289746528,SL,-8.065228974652769,3,0.3507496099227442,ml_v2,2025-04
234500,short,2025-04-25 05:30:00,2025-04-25 05:35:00,2025-04-25 05:36:00,3313.228,3318.027183930903,SL,-4.95918393090278,1,0.34307306811747684,ml_v2,2025-04
234503,short,2025-04-25 05:45:00,2025-04-25 05:50:00,2025-04-25 05:54:00,3303.037,3294.5344375,TP,8.343562500000006,4,0.34485976204810276,ml_v2,2025-04
234506,short,2025-04-25 06:00:00,2025-04-25 06:05:00,2025-04-25 06:08:00,3296.928,3288.2657638888886,TP,8.502236111111118,3,0.34475052163539066,ml_v2,2025-04
234509,short,2025-04-25 06:15:00,2025-04-25 06:20:00,2025-04-25 06:33:00,3295.044,3300.053521183333,SL,-5.1695211833333365,13,0.34558710262713566,ml_v2,2025-04
234533,short,2025-04-25 08:15:00,2025-04-25 08:20:00,2025-04-25 08:26:00,3294.501,3299.4819883673613,SL,-5.140988367361118,6,0.3458699266665949,ml_v2,2025-04
234548,short,2025-04-25 09:30:00,2025-04-25 09:35:00,2025-04-25 10:29:00,3298.813,3303.7221007510416,SL,-5.069100751041672,54,0.34669974839571926,ml_v2,2025-04
234590,short,2025-04-25 13:00:00,2025-04-25 13:05:00,2025-04-25 13:17:00,3284.0,3275.2537430555553,TP,8.586256944444456,12,0.3439940343850626,ml_v2,2025-04
234595,short,2025-04-25 13:25:00,2025-04-25 13:30:00,2025-04-25 13:43:00,3273.409,3278.5013576229167,SL,-5.252357622916675,13,0.34569711790022983,ml_v2,2025-04
234600,short,2025-04-25 13:50:00,2025-04-25 13:55:00,2025-04-25 14:28:00,3281.363,3286.5305350451385,SL,-5.327535045138896,33,0.34515380245557375,ml_v2,2025-04
234612,short,2025-04-25 14:50:00,2025-04-25 14:55:00,2025-04-25 15:51:00,3277.329,3282.475232659028,SL,-5.306232659027784,56,0.34399830413440496,ml_v2,2025-04
234776,short,2025-04-28 05:35:00,2025-04-28 05:40:00,2025-04-28 06:54:00,3291.798,3282.793958333333,TP,8.84404166666667,74,0.34506349072394504,ml_v2,2025-04
235358,short,2025-04-30 08:05:00,2025-04-30 08:10:00,2025-04-30 08:11:00,3303.237,3296.818097222222,TP,6.258902777777794,1,0.35132205293116703,ml_v2,2025-04
235361,short,2025-04-30 08:20:00,2025-04-30 08:25:00,2025-04-30 08:33:00,3285.072,3288.8168705861112,SL,-3.9048705861111226,8,0.3436382244580759,ml_v2,2025-04
235372,short,2025-04-30 09:15:00,2025-04-30 09:20:00,2025-04-30 09:30:00,3280.196,3283.9878009173613,SL,-3.951800917361121,10,0.3457338343614115,ml_v2,2025-04
235379,short,2025-04-30 09:50:00,2025-04-30 09:55:00,2025-04-30 10:31:00,3275.632,3279.4564172197915,SL,-3.9844172197916783,36,0.3463823776000513,ml_v2,2025-04
235393,short,2025-04-30 11:00:00,2025-04-30 11:05:00,2025-04-30 11:06:00,3270.399,3274.240628182639,SL,-4.001628182638898,1,0.3458510319942011,ml_v2,2025-04
235404,short,2025-04-30 11:55:00,2025-04-30 12:00:00,2025-04-30 12:09:00,3272.307,3276.1664701215277,SL,-4.019470121527781,9,0.3499039839261545,ml_v2,2025-04
235538,short,2025-05-01 00:05:00,2025-05-01 00:10:00,2025-05-01 00:20:00,3274.673,3266.742534722222,TP,7.770465277777772,10,0.3619169811649137,ml_v2,2025-05
235678,short,2025-05-01 11:45:00,2025-05-01 11:50:00,2025-05-01 12:23:00,3207.993,3213.196758625694,SL,-5.3637586256944365,33,0.36900299016955995,ml_v2,2025-05
235705,short,2025-05-01 14:00:00,2025-05-01 14:05:00,2025-05-01 14:10:00,3220.797,3226.0918652166665,SL,-5.454865216666667,5,0.3746785703125399,ml_v2,2025-05
235709,short,2025-05-01 14:20:00,2025-05-01 14:25:00,2025-05-01 14:29:00,3217.442,3222.747052106597,SL,-5.465052106597222,4,0.38295278748793304,ml_v2,2025-05
235716,short,2025-05-01 14:55:00,2025-05-01 15:00:00,2025-05-01 15:32:00,3219.16,3209.944395833333,TP,9.055604166666654,32,0.37230374706472025,ml_v2,2025-05
235961,short,2025-05-02 12:20:00,2025-05-02 12:25:00,2025-05-02 12:30:00,3260.73,3253.6027083333333,TP,6.967291666666666,5,0.3622423186411915,ml_v2,2025-05
236086,short,2025-05-04 23:50:00,2025-05-04 23:55:00,2025-05-05 00:35:00,3250.618,3243.456472222222,TP,7.001527777777804,40,0.36341066115242343,ml_v2,2025-05
236100,short,2025-05-05 01:00:00,2025-05-05 01:05:00,2025-05-05 01:10:00,3253.155,3257.2960640142364,SL,-4.301064014236128,5,0.3650465434790183,ml_v2,2025-05
236104,short,2025-05-05 01:20:00,2025-05-05 01:25:00,2025-05-05 01:31:00,3264.338,3268.4953424024307,SL,-4.317342402430573,6,0.3727629586725659,ml_v2,2025-05
236368,short,2025-05-06 00:20:00,2025-05-06 00:25:00,2025-05-06 00:46:00,3326.264,3330.0735793618055,SL,-3.9695793618055615,21,0.3625643262389147,ml_v2,2025-05
236376,short,2025-05-06 01:00:00,2025-05-06 01:05:00,2025-05-06 01:08:00,3349.784,3353.675356237847,SL,-4.05135623784723,3,0.37594797579307565,ml_v2,2025-05
236379,short,2025-05-06 01:15:00,2025-05-06 01:20:00,2025-05-06 01:28:00,3362.04,3355.0869027777776,TP,6.7930972222222445,8,0.3788358616054731,ml_v2,2025-05
236383,short,2025-05-06 01:35:00,2025-05-06 01:40:00,2025-05-06 01:41:00,3369.802,3373.8613228538197,SL,-4.218322853819453,1,0.3745764156139512,ml_v2,2025-05
236986,long,2025-05-08 05:50:00,2025-05-08 05:55:00,2025-05-08 05:59:00,3360.373,3355.6189566506946,SL,-4.914043349305555,4,0.4433107531634156,ml_v2,2025-05
236997,short,2025-05-08 06:45:00,2025-05-08 06:50:00,2025-05-08 06:52:00,3322.578,3327.6174746875,SL,-5.199474687499997,2,0.36301892130630004,ml_v2,2025-05
237119,long,2025-05-08 16:55:00,2025-05-08 17:00:00,2025-05-08 17:04:00,3310.325,3304.9640569086805,SL,-5.52094309131944,4,0.43227520232963407,ml_v2,2025-05
237130,long,2025-05-08 17:50:00,2025-05-08 17:55:00,2025-05-08 19:16:00,3304.858,3299.4002755017364,SL,-5.617724498263884,81,0.43666218644711324,ml_v2,2025-05
237271,long,2025-05-09 06:35:00,2025-05-09 06:40:00,2025-05-09 07:11:00,3321.554,3330.9806597222223,TP,9.266659722222204,31,0.45049212394215155,ml_v2,2025-05
237330,short,2025-05-09 11:30:00,2025-05-09 11:35:00,2025-05-09 11:39:00,3326.548,3331.413817381944,SL,-5.0258173819444405,4,0.3631069266860353,ml_v2,2025-05
237467,short,2025-05-12 00:00:00,2025-05-12 00:05:00,2025-05-12 00:40:00,3287.484,3279.4533055555553,TP,7.870694444444457,35,0.36199773660848655,ml_v2,2025-05
237478,short,2025-05-12 00:55:00,2025-05-12 01:00:00,2025-05-12 01:03:00,3279.199,3271.0348611111112,TP,8.004138888888914,3,0.37389131629109407,ml_v2,2025-05
237481,short,2025-05-12 01:10:00,2025-05-12 01:15:00,2025-05-12 01:22:00,3261.831,3266.585519557639,SL,-4.9145195576389,7,0.3630151795707911,ml_v2,2025-05
237485,short,2025-05-12 01:30:00,2025-05-12 01:35:00,2025-05-12 01:40:00,3268.396,3273.2038191753472,SL,-4.967819175347238,5,0.3659095571998443,ml_v2,2025-05
237552,long,2025-05-12 07:05:00,2025-05-12 07:10:00,2025-05-12 07:22:00,3246.657,3242.068772392361,SL,-4.748227607638911,12,0.4514844063924026,ml_v2,2025-05
237557,long,2025-05-12 07:30:00,2025-05-12 07:35:00,2025-05-12 07:43:00,3231.166,3226.457581377431,SL,-4.867418622569465,8,0.43284250613764186,ml_v2,2025-05
237572,short,2025-05-12 08:45:00,2025-05-12 08:50:00,2025-05-12 09:33:00,3230.624,3222.080145833333,TP,8.383854166666708,43,0.36156820323797884,ml_v2,2025-05
237585,short,2025-05-12 09:50:00,2025-05-12 09:55:00,2025-05-12 10:56:00,3216.98,3208.3170694444443,TP,8.502930555555587,61,0.3616501223113645,ml_v2,2025-05
237600,short,2025-05-12 11:05:00,2025-05-12 11:10:00,2025-05-12 11:41:00,3222.692,3213.7693263888887,TP,8.76267361111115,31,0.37253399208015003,ml_v2,2025-05
237609,short,2025-05-12 11:50:00,2025-05-12 11:55:00,2025-05-12 12:20:00,3225.149,3230.32826564375,SL,-5.3392656437500206,25,0.3781432309209133,ml_v2,2025-05
237755,short,2025-05-13 01:00:00,2025-05-13 01:05:00,2025-05-13 01:24:00,3242.868,3234.2108819444443,TP,8.497118055555584,19,0.3709909134324606,ml_v2,2025-05
237887,short,2025-05-13 12:00:00,2025-05-13 12:05:00,2025-05-13 12:46:00,3243.97,3247.9682570718746,SL,-4.158257071875013,41,0.3619307446923622,ml_v2,2025-05
238105,short,2025-05-14 07:10:00,2025-05-14 07:15:00,2025-05-14 07:25:00,3226.776,3230.329252289583,SL,-3.7132522895833424,10,0.37004998727662,ml_v2,2025-05
238161,short,2025-05-14 11:50:00,2025-05-14 11:55:00,2025-05-14 11:57:00,3225.964,3219.5739652777775,TP,6.230034722222257,2,0.36295192297583934,ml_v2,2025-05
238164,short,2025-05-14 12:05:00,2025-05-14 12:10:00,2025-05-14 12:13:00,3220.695,3214.2425069444444,TP,6.292493055555591,3,0.3673848571148489,ml_v2,2025-05
238170,short,2025-05-14 12:35:00,2025-05-14 12:40:00,2025-05-14 12:41:00,3200.863,3204.6380106052084,SL,-3.9350106052083547,1,0.3626036800111708,ml_v2,2025-05
238173,short,2025-05-14 12:50:00,2025-05-14 12:55:00,2025-05-14 13:04:00,3186.442,3179.6842916666665,TP,6.597708333333372,9,0.36399101310266935,ml_v2,2025-05
238177,short,2025-05-14 13:10:00,2025-05-14 13:15:00,2025-05-14 13:17:00,3179.458,3183.3634758149306,SL,-4.065475814930576,2,0.3682877895126336,ml_v2,2025-05
238180,short,2025-05-14 13:25:00,2025-05-14 13:30:00,2025-05-14 13:31:00,3186.675,3190.6298546506946,SL,-4.114854650694463,1,0.36555395551949743,ml_v2,2025-05
238187,short,2025-05-14 14:00:00,2025-05-14 14:05:00,2025-05-14 14:06:00,3188.666,3192.6390418406254,SL,-4.133041840625018,1,0.36386487188321315,ml_v2,2025-05
238190,short,2025-05-14 14:15:00,2025-05-14 14:20:00,2025-05-14 14:47:00,3183.663,3187.660562601389,SL,-4.157562601388909,27,0.3684937702940361,ml_v2,2025-05
238198,short,2025-05-14 14:55:00,2025-05-14 15:00:00,2025-05-14 15:21:00,3181.823,3185.820284813194,SL,-4.157284813194467,21,0.3760163870644915,ml_v2,2025-05
238330,long,2025-05-15 02:55:00,2025-05-15 03:00:00,2025-05-15 03:13:00,3154.194,3149.9929456409723,SL,-4.361054359027804,13,0.4335751027090845,ml_v2,2025-05
238361,short,2025-05-15 05:30:00,2025-05-15 05:35:00,2025-05-15 05:54:00,3137.684,3130.339173611111,TP,7.184826388888922,19,0.3649389263290651,ml_v2,2025-05
238367,short,2025-05-15 06:00:00,2025-05-15 06:05:00,2025-05-15 06:08:00,3125.409,3129.6792275878474,SL,-4.4302275878472415,3,0.3637032619478159,ml_v2,2025-05
238371,short,2025-05-15 06:20:00,2025-05-15 06:25:00,2025-05-15 06:29:00,3135.159,3139.485237624653,SL,-4.486237624652795,4,0.36728808176380645,ml_v2,2025-05
238386,short,2025-05-15 07:35:00,2025-05-15 07:40:00,2025-05-15 07:54:00,3136.874,3141.331091737847,SL,-4.617091737847239,14,0.3778563120030506,ml_v2,2025-05
238608,long,2025-05-16 03:05:00,2025-05-16 03:10:00,2025-05-16 03:14:00,3211.072,3206.573660683681,SL,-4.65833931631944,4,0.43569240793909564,ml_v2,2025-05
238701,short,2025-05-16 10:50:00,2025-05-16 10:55:00,2025-05-16 10:56:00,3172.409,3176.7020101881944,SL,-4.453010188194435,1,0.36771476054196994,ml_v2,2025-05
238704,short,2025-05-16 11:05:00,2025-05-16 11:10:00,2025-05-16 11:33:00,3173.115,3177.421959123958,SL,-4.465959123958324,23,0.3709320150391473,ml_v2,2025-05
238713,short,2025-05-16 11:50:00,2025-05-16 11:55:00,2025-05-16 11:56:00,3154.854,3159.278415909375,SL,-4.584415909374988,1,0.37477876120859016,ml_v2,2025-05
238716,short,2025-05-16 12:05:00,2025-05-16 12:10:00,2025-05-16 12:11:00,3158.842,3163.3461927104167,SL,-4.664192710416655,1,0.3733301150208079,ml_v2,2025-05
238730,short,2025-05-16 13:15:00,2025-05-16 13:20:00,2025-05-16 13:33:00,3174.465,3179.116690304861,SL,-4.810690304861099,13,0.36196039494329835,ml_v2,2025-05
238746,short,2025-05-16 14:35:00,2025-05-16 14:40:00,2025-05-16 14:56:00,3172.355,3177.047834704861,SL,-4.852834704861097,16,0.36486695406995057,ml_v2,2025-05
239034,long,2025-05-19 15:40:00,2025-05-19 15:45:00,2025-05-19 16:27:00,3232.479,3228.0898433493053,SL,-4.549156650694433,42,0.43305381433014184,ml_v2,2025-05
239128,short,2025-05-20 00:30:00,2025-05-20 00:35:00,2025-05-20 00:42:00,3215.602,3219.54136200625,SL,-4.099362006249988,7,0.3676653672755348,ml_v2,2025-05
239800,short,2025-05-22 10:30:00,2025-05-22 10:35:00,2025-05-22 10:41:00,3295.471,3299.169749809028,SL,-3.857749809027773,6,0.3642105241619532,ml_v2,2025-05
239804,short,2025-05-22 10:50:00,2025-05-22 10:55:00,2025-05-22 10:58:00,3296.359,3289.854298611111,TP,6.344701388888877,3,0.364383688122458,ml_v2,2025-05
239807,short,2025-05-22 11:05:00,2025-05-22 11:10:00,2025-05-22 11:12:00,3287.972,3291.7352046069445,SL,-3.923204606944437,2,0.365725418149096,ml_v2,2025-05
239840,short,2025-05-22 13:50:00,2025-05-22 13:55:00,2025-05-22 13:59:00,3296.154,3289.2953541666666,TP,6.698645833333327,4,0.3627692051119088,ml_v2,2025-05
239844,short,2025-05-22 14:10:00,2025-05-22 14:15:00,2025-05-22 14:20:00,3290.061,3294.052475071528,SL,-4.1514750715277735,5,0.365354099112342,ml_v2,2025-05
239855,short,2025-05-22 15:05:00,2025-05-22 15:10:00,2025-05-22 15:13:00,3285.282,3289.2673161104167,SL,-4.145316110416665,3,0.3651999662464105,ml_v2,2025-05
240338,short,2025-05-26 09:25:00,2025-05-26 09:30:00,2025-05-26 10:08:00,3327.24,3331.213645037847,SL,-4.132645037847237,38,0.36819003630612057,ml_v2,2025-05
240469,short,2025-05-27 00:10:00,2025-05-27 00:15:00,2025-05-27 00:20:00,3349.445,3344.441513888889,TP,4.843486111111101,5,0.3677921959268423,ml_v2,2025-05
240475,short,2025-05-27 00:40:00,2025-05-27 00:45:00,2025-05-27 01:23:00,3345.185,3340.1549375,TP,4.8700624999999915,38,0.36207657031148943,ml_v2,2025-05
240536,long,2025-05-27 05:45:00,2025-05-27 05:50:00,2025-05-27 05:51:00,3322.419,3327.0391041666667,TP,4.4601041666666355,1,0.4391654648032055,ml_v2,2025-05
240539,long,2025-05-27 06:00:00,2025-05-27 06:05:00,2025-05-27 06:11:00,3323.533,3328.1812916666663,TP,4.488291666666633,6,0.4478016106551357,ml_v2,2025-05
240543,long,2025-05-27 06:20:00,2025-05-27 06:25:00,2025-05-27 06:29:00,3323.041,3320.3595740534724,SL,-2.8414259465277616,4,0.4464594394229706,ml_v2,2025-05
240546,long,2025-05-27 06:35:00,2025-05-27 06:40:00,2025-05-27 06:45:00,3317.326,3314.6503083954863,SL,-2.8356916045138743,5,0.4359268438164676,ml_v2,2025-05
240550,long,2025-05-27 06:55:00,2025-05-27 07:00:00,2025-05-27 07:01:00,3308.708,3305.992918029514,SL,-2.8750819704860975,1,0.4530245624486003,ml_v2,2025-05
240553,long,2025-05-27 07:10:00,2025-05-27 07:15:00,2025-05-27 07:28:00,3308.816,3306.065428603472,SL,-2.9105713965277613,13,0.4581540793789751,ml_v2,2025-05
240572,short,2025-05-27 08:45:00,2025-05-27 08:50:00,2025-05-27 09:07:00,3300.339,3303.327092207986,SL,-3.148092207986095,17,0.36306070767934423,ml_v2,2025-05
240581,short,2025-05-27 09:30:00,2025-05-27 09:35:00,2025-05-27 10:16:00,3297.014,3291.711277777778,TP,5.142722222222204,41,0.3718670127992794,ml_v2,2025-05
240592,short,2025-05-27 10:25:00,2025-05-27 10:30:00,2025-05-27 10:43:00,3294.723,3297.780590845833,SL,-3.217590845833324,13,0.3676256173673407,ml_v2,2025-05
240599,short,2025-05-27 11:00:00,2025-05-27 11:05:00,2025-05-27 11:19:00,3296.321,3290.947784722222,TP,5.214215277777765,14,0.36362196758678716,ml_v2,2025-05
240609,short,2025-05-27 11:50:00,2025-05-27 11:55:00,2025-05-27 12:13:00,3290.612,3293.7071081256945,SL,-3.2551081256944396,18,0.3635692494658943,ml_v2,2025-05
240635,short,2025-05-27 14:00:00,2025-05-27 14:05:00,2025-05-27 14:08:00,3290.366,3293.562496848264,SL,-3.356496848263884,3,0.36550810895462726,ml_v2,2025-05
240924,short,2025-05-28 15:05:00,2025-05-28 15:10:00,2025-05-28 15:30:00,3298.13,3292.733291666667,TP,5.236708333333328,20,0.36291686879242857,ml_v2,2025-05
241035,short,2025-05-29 01:20:00,2025-05-29 01:25:00,2025-05-29 01:34:00,3255.404,3248.741125,TP,6.5028749999999915,9,0.3695994577423654,ml_v2,2025-05
241456,short,2025-05-30 13:25:00,2025-05-30 13:30:00,2025-05-30 13:38:00,3294.669,3298.118859523611,SL,-3.6098595236110986,8,0.36269796349931355,ml_v2,2025-05
241460,short,2025-05-30 13:45:00,2025-05-30 13:50:00,2025-05-30 13:53:00,3286.814,3280.6911041666667,TP,5.9638958333333125,3,0.38175628185426425,ml_v2,2025-05
241463,short,2025-05-30 14:00:00,2025-05-30 14:05:00,2025-05-30 14:06:00,3277.043,3280.5672273916666,SL,-3.6832273916666565,1,0.3825218475140102,ml_v2,2025-05
241470,short,2025-05-30 14:35:00,2025-05-30 14:40:00,2025-05-30 14:54:00,3276.777,3280.350383996875,SL,-3.7333839968749887,14,0.3660428804751934,ml_v2,2025-05
241638,short,2025-06-02 05:40:00,2025-06-02 05:45:00,2025-06-02 06:02:00,3322.569,3326.1268357947915,SL,-3.7178357947916765,17,0.3681746222577522,ml_v2,2025-06
241644,short,2025-06-02 06:10:00,2025-06-02 06:15:00,2025-06-02 06:18:00,3328.021,3331.5844074322918,SL,-3.7234074322916726,3,0.3718606342878714,ml_v2,2025-06
241649,short,2025-06-02 06:35:00,2025-06-02 06:40:00,2025-06-02 06:43:00,3339.782,3343.378051513542,SL,-3.756051513541675,3,0.36414748877252323,ml_v2,2025-06
241654,short,2025-06-02 07:00:00,2025-06-02 07:05:00,2025-06-02 07:10:00,3345.865,3349.486754858333,SL,-3.7817548583333376,5,0.37246613802358386,ml_v2,2025-06
241658,short,2025-06-02 07:20:00,2025-06-02 07:25:00,2025-06-02 09:02:00,3356.277,3349.9397430555555,TP,6.177256944444458,97,0.3779621846406584,ml_v2,2025-06
241709,short,2025-06-02 11:35:00,2025-06-02 11:40:00,2025-06-02 12:23:00,3358.772,3362.416604921528,SL,-3.804604921527792,43,0.36845425675537696,ml_v2,2025-06
241725,short,2025-06-02 12:55:00,2025-06-02 13:00:00,2025-06-02 13:37:00,3355.509,3359.2061822899304,SL,-3.857182289930569,37,0.368418813596153,ml_v2,2025-06
241736,short,2025-06-02 13:50:00,2025-06-02 13:55:00,2025-06-02 14:11:00,3374.528,3368.1930069444443,TP,6.174993055555581,16,0.36677155716470455,ml_v2,2025-06
241746,short,2025-06-02 14:40:00,2025-06-02 14:45:00,2025-06-02 15:26:00,3377.864,3371.522138888889,TP,6.181861111111121,41,0.36922650637723725,ml_v2,2025-06
241912,short,2025-06-03 05:30:00,2025-06-03 05:35:00,2025-06-03 05:43:00,3358.642,3362.0814583399306,SL,-3.599458339930544,8,0.3772293975205748,ml_v2,2025-06
241927,short,2025-06-03 06:45:00,2025-06-03 06:50:00,2025-06-03 06:55:00,3354.192,3357.696750470833,SL,-3.6647504708333143,5,0.3644868125463703,ml_v2,2025-06
241991,short,2025-06-03 12:05:00,2025-06-03 12:10:00,2025-06-03 12:39:00,3354.705,3357.997155197222,SL,-3.4521551972222135,29,0.38533214140093996,ml_v2,2025-06
242041,long,2025-06-03 16:15:00,2025-06-03 16:20:00,2025-06-03 16:45:00,3348.54,3345.2751077298612,SL,-3.424892270138879,25,0.5185750583840596,ml_v2,2025-06
242185,short,2025-06-04 05:15:00,2025-06-04 05:20:00,2025-06-04 06:30:00,3352.827,3355.734216159375,SL,-3.0672161593749983,70,0.3639610718002869,ml_v2,2025-06
242274,short,2025-06-04 12:40:00,2025-06-04 12:45:00,2025-06-04 12:48:00,3355.78,3358.837578940625,SL,-3.217578940624981,3,0.36489494610932194,ml_v2,2025-06
242285,short,2025-06-04 13:35:00,2025-06-04 13:40:00,2025-06-04 14:04:00,3355.498,3358.5798377868055,SL,-3.241837786805531,24,0.3652555633190794,ml_v2,2025-06
242292,short,2025-06-04 14:10:00,2025-06-04 14:15:00,2025-06-04 14:30:00,3366.843,3369.973041975347,SL,-3.2890419753472004,15,0.3723540953898009,ml_v2,2025-06
242298,short,2025-06-04 14:40:00,2025-06-04 14:45:00,2025-06-04 14:56:00,3382.854,3377.3277916666666,TP,5.366208333333301,11,0.37030499201055134,ml_v2,2025-06
242303,short,2025-06-04 15:05:00,2025-06-04 15:10:00,2025-06-04 15:17:00,3376.447,3371.046402777778,TP,5.240597222222192,7,0.371408075974237,ml_v2,2025-06
242530,short,2025-06-05 11:00:00,2025-06-05 11:05:00,2025-06-05 11:15:00,3400.392,3403.458432447222,SL,-3.226432447222244,10,0.3761468873362764,ml_v2,2025-06
242535,short,2025-06-05 11:25:00,2025-06-05 11:30:00,2025-06-05 12:20:00,3395.263,3389.832430555555,TP,5.270569444444485,50,0.37065425848462946,ml_v2,2025-06
242548,short,2025-06-05 12:30:00,2025-06-05 12:35:00,2025-06-05 12:37:00,3398.818,3393.388013888889,TP,5.26998611111115,2,0.36606245727674486,ml_v2,2025-06
242834,short,2025-06-06 13:20:00,2025-06-06 13:25:00,2025-06-06 13:30:00,3351.013,3354.8401673229164,SL,-3.987167322916686,5,0.36402973783380455,ml_v2,2025-06
242838,short,2025-06-06 13:40:00,2025-06-06 13:45:00,2025-06-06 13:52:00,3346.988,3350.8409698777778,SL,-4.012969877777799,7,0.3696812219609088,ml_v2,2025-06
242842,short,2025-06-06 14:00:00,2025-06-06 14:05:00,2025-06-06 14:13:00,3341.806,3335.169375,TP,6.477625000000032,8,0.367595357416994,ml_v2,2025-06
242846,short,2025-06-06 14:20:00,2025-06-06 14:25:00,2025-06-06 14:29:00,3320.476,3324.310052501736,SL,-3.9930525017361287,4,0.36494638216317116,ml_v2,2025-06
242854,short,2025-06-06 15:00:00,2025-06-06 15:05:00,2025-06-06 15:08:00,3325.017,3328.835012217708,SL,-3.9780122177083466,3,0.36503743967283503,ml_v2,2025-06
242952,short,2025-06-09 00:15:00,2025-06-09 00:20:00,2025-06-09 00:30:00,3306.969,3310.443777124653,SL,-3.6337771246527844,10,0.3648979459069755,ml_v2,2025-06
243032,short,2025-06-09 06:55:00,2025-06-09 07:00:00,2025-06-09 07:24:00,3324.363,3328.053578867708,SL,-3.850578867708325,24,0.3642644732989202,ml_v2,2025-06
243271,long,2025-06-10 03:50:00,2025-06-10 03:55:00,2025-06-10 04:29:00,3306.984,3304.2575049031248,SL,-2.8864950968749983,34,0.5229748895356489,ml_v2,2025-06
243280,long,2025-06-10 04:35:00,2025-06-10 04:40:00,2025-06-10 05:03:00,3304.996,3309.7634375000002,TP,4.607437499999993,23,0.5505161731799674,ml_v2,2025-06
243315,short,2025-06-10 07:30:00,2025-06-10 07:35:00,2025-06-10 08:16:00,3331.261,3334.111694198611,SL,-3.0106941986111164,41,0.3674722743153195,ml_v2,2025-06
243350,short,2025-06-10 10:25:00,2025-06-10 10:30:00,2025-06-10 11:09:00,3333.914,3336.737113799306,SL,-2.983113799305556,39,0.3720390514975994,ml_v2,2025-06
243360,short,2025-06-10 11:15:00,2025-06-10 11:20:00,2025-06-10 11:42:00,3341.443,3336.4912708333336,TP,4.79172916666667,22,0.3650130627038974,ml_v2,2025-06
243368,short,2025-06-10 11:55:00,2025-06-10 12:00:00,2025-06-10 12:15:00,3333.817,3328.830951388889,TP,4.826048611111117,15,0.3690479183268046,ml_v2,2025-06
243374,short,2025-06-10 12:25:00,2025-06-10 12:30:00,2025-06-10 12:33:00,3337.255,3340.1434694246527,SL,-3.0484694246527786,3,0.3748704303043936,ml_v2,2025-06
243377,short,2025-06-10 12:40:00,2025-06-10 12:45:00,2025-06-10 13:20:00,3338.595,3341.4887593055555,SL,-3.053759305555555,35,0.36467394546945403,ml_v2,2025-06
243387,short,2025-06-10 13:30:00,2025-06-10 13:35:00,2025-06-10 13:44:00,3344.426,3347.30003634375,SL,-3.0340363437499986,9,0.3706581318519713,ml_v2,2025-06
243391,short,2025-06-10 13:50:00,2025-06-10 13:55:00,2025-06-10 14:00:00,3346.838,3341.7959583333336,TP,4.88204166666667,5,0.36863457929178667,ml_v2,2025-06
243569,short,2025-06-11 05:40:00,2025-06-11 05:45:00,2025-06-11 06:28:00,3338.545,3333.415680555556,TP,4.969319444444456,43,0.3639531009405798,ml_v2,2025-06
243595,short,2025-06-11 07:50:00,2025-06-11 07:55:00,2025-06-11 09:04:00,3346.421,3341.3442638888887,TP,4.916736111111115,69,0.37493463509522784,ml_v2,2025-06
243656,short,2025-06-11 12:55:00,2025-06-11 13:00:00,2025-06-11 13:09:00,3336.732,3339.9081151315972,SL,-3.3361151315972193,9,0.37785856262115547,ml_v2,2025-06
243660,short,2025-06-11 13:15:00,2025-06-11 13:20:00,2025-06-11 13:25:00,3344.025,3338.3835347222225,TP,5.481465277777769,5,0.3669559304078389,ml_v2,2025-06
243664,short,2025-06-11 13:35:00,2025-06-11 13:40:00,2025-06-11 13:45:00,3338.207,3332.5360277777777,TP,5.510972222222215,5,0.37474999883417626,ml_v2,2025-06
243668,short,2025-06-11 13:55:00,2025-06-11 14:00:00,2025-06-11 14:01:00,3329.907,3333.203587903125,SL,-3.455587903124994,1,0.37232245540722086,ml_v2,2025-06
243671,short,2025-06-11 14:10:00,2025-06-11 14:15:00,2025-06-11 14:18:00,3331.448,3334.756711373611,SL,-3.468711373611107,3,0.36447835943663204,ml_v2,2025-06
243785,long,2025-06-12 00:40:00,2025-06-12 00:45:00,2025-06-12 01:00:00,3366.95,3363.411637157639,SL,-3.698362842361102,15,0.5229137677902362,ml_v2,2025-06
243791,long,2025-06-12 01:10:00,2025-06-12 01:15:00,2025-06-12 01:22:00,3367.285,3373.541173611111,TP,6.0961736111110865,7,0.5185966441062052,ml_v2,2025-06
243947,short,2025-06-12 14:10:00,2025-06-12 14:15:00,2025-06-12 14:24:00,3387.214,3391.221824890972,SL,-4.167824890972232,9,0.3689865101132111,ml_v2,2025-06
244387,short,2025-06-16 04:55:00,2025-06-16 05:00:00,2025-06-16 05:41:00,3427.557,3420.442798611111,TP,6.954201388888883,41,0.36970589002165277,ml_v2,2025-06
244401,short,2025-06-16 06:05:00,2025-06-16 06:10:00,2025-06-16 08:10:00,3416.537,3412.292,TIMEOUT,4.084999999999891,120,0.365789845597418,ml_v2,2025-06
244476,short,2025-06-16 12:20:00,2025-06-16 12:25:00,2025-06-16 13:06:00,3413.64,3417.5120618635415,SL,-4.032061863541661,41,0.37441237910082664,ml_v2,2025-06
244520,long,2025-06-16 16:00:00,2025-06-16 16:05:00,2025-06-16 16:17:00,3403.335,3399.4547076690974,SL,-4.040292330902778,12,0.5192432758143188,ml_v2,2025-06
244802,long,2025-06-17 16:30:00,2025-06-17 16:35:00,2025-06-17 17:15:00,3381.47,3387.561986111111,TP,5.931986111111099,40,0.508241013423745,ml_v2,2025-06
244946,short,2025-06-18 05:30:00,2025-06-18 05:35:00,2025-06-18 06:18:00,3389.048,3383.311819444444,TP,5.576180555555563,43,0.3795147236175951,ml_v2,2025-06
244995,short,2025-06-18 09:35:00,2025-06-18 09:40:00,2025-06-18 09:56:00,3381.458,3375.843423611111,TP,5.454576388888916,16,0.36394307721523056,ml_v2,2025-06
245042,short,2025-06-18 13:30:00,2025-06-18 13:35:00,2025-06-18 14:02:00,3393.186,3387.7134861111113,TP,5.312513888888879,27,0.3711526993766099,ml_v2,2025-06
245050,short,2025-06-18 14:10:00,2025-06-18 14:15:00,2025-06-18 14:20:00,3384.995,3379.554486111111,TP,5.280513888888877,5,0.3853655598076795,ml_v2,2025-06
245054,short,2025-06-18 14:30:00,2025-06-18 14:35:00,2025-06-18 14:48:00,3386.634,3389.7965471625,SL,-3.322547162499994,13,0.3763316328693834,ml_v2,2025-06
245063,short,2025-06-18 15:15:00,2025-06-18 15:20:00,2025-06-18 15:23:00,3385.3,3388.408374496181,SL,-3.268374496180552,3,0.3653959821166845,ml_v2,2025-06
245226,short,2025-06-19 05:50:00,2025-06-19 05:55:00,2025-06-19 05:57:00,3361.968,3365.1518733590274,SL,-3.343873359027744,2,0.3656934793945814,ml_v2,2025-06
245392,long,2025-06-20 00:25:00,2025-06-20 00:30:00,2025-06-20 01:10:00,3365.819,3362.6118162430557,SL,-3.3671837569444456,40,0.5096080443421558,ml_v2,2025-06
245453,short,2025-06-20 05:30:00,2025-06-20 05:35:00,2025-06-20 05:39:00,3349.596,3352.6784171736113,SL,-3.242417173611118,4,0.38055165387827417,ml_v2,2025-06
245507,long,2025-06-20 10:00:00,2025-06-20 10:05:00,2025-06-20 11:26:00,3355.375,3352.220469011111,SL,-3.3145309888888974,81,0.5140785026002519,ml_v2,2025-06
245550,short,2025-06-20 13:35:00,2025-06-20 13:40:00,2025-06-20 13:46:00,3364.211,3367.163158320833,SL,-3.1121583208333288,6,0.36532900592105666,ml_v2,2025-06
245724,short,2025-06-23 05:10:00,2025-06-23 05:15:00,2025-06-23 05:33:00,3358.694,3353.525763888889,TP,5.008236111111067,18,0.3652745826379973,ml_v2,2025-06
245795,short,2025-06-23 11:05:00,2025-06-23 11:10:00,2025-06-23 11:15:00,3371.95,3374.9304331906246,SL,-3.140433190624997,5,0.37691837931862326,ml_v2,2025-06
245806,short,2025-06-23 12:00:00,2025-06-23 12:05:00,2025-06-23 12:09:00,3376.909,3371.556666666667,TP,5.192333333333332,4,0.36910307787350144,ml_v2,2025-06
245830,short,2025-06-23 14:00:00,2025-06-23 14:05:00,2025-06-23 14:06:00,3376.301,3370.7246458333334,TP,5.416354166666669,1,0.3641045678926964,ml_v2,2025-06
245833,short,2025-06-23 14:15:00,2025-06-23 14:20:00,2025-06-23 14:21:00,3377.923,3381.123239052083,SL,-3.3602390520833363,1,0.3656929263585257,ml_v2,2025-06
245999,short,2025-06-24 05:05:00,2025-06-24 05:10:00,2025-06-24 05:25:00,3345.317,3339.1067916666666,TP,6.050208333333345,15,0.3712868149767573,ml_v2,2025-06
246005,short,2025-06-24 05:35:00,2025-06-24 05:40:00,2025-06-24 05:54:00,3333.384,3327.103847222222,TP,6.120152777777794,14,0.3733329211891683,ml_v2,2025-06
246044,long,2025-06-24 08:50:00,2025-06-24 08:55:00,2025-06-24 09:17:00,3325.954,3322.160294249306,SL,-3.9537057506944486,22,0.5046644755664562,ml_v2,2025-06
246084,short,2025-06-24 12:10:00,2025-06-24 12:15:00,2025-06-24 12:20:00,3313.525,3317.384124870486,SL,-4.0191248704861,5,0.36865949778177737,ml_v2,2025-06
246805,long,2025-06-27 03:15:00,2025-06-27 03:20:00,2025-06-27 03:41:00,3301.192,3298.434400562153,SL,-2.9175994378472248,21,0.5064483492147429,ml_v2,2025-06
246816,long,2025-06-27 04:10:00,2025-06-27 04:15:00,2025-06-27 05:12:00,3293.494,3290.713379857639,SL,-2.940620142361112,57,0.5076095813650565,ml_v2,2025-06
246839,short,2025-06-27 06:05:00,2025-06-27 06:10:00,2025-06-27 06:18:00,3292.943,3295.88513810382,SL,-3.102138103819443,8,0.3639250755424732,ml_v2,2025-06
246926,short,2025-06-27 13:20:00,2025-06-27 13:25:00,2025-06-27 13:32:00,3258.595,3262.0293311635414,SL,-3.59433116354167,7,0.3699925534576541,ml_v2,2025-06
246930,short,2025-06-27 13:40:00,2025-06-27 13:45:00,2025-06-27 13:48:00,3265.412,3268.8257034059025,SL,-3.5737034059027835,3,0.36565632711387747,ml_v2,2025-06
246937,short,2025-06-27 14:15:00,2025-06-27 14:20:00,2025-06-27 14:24:00,3265.892,3269.267420224305,SL,-3.535420224305565,4,0.3700004528846744,ml_v2,2025-06
246941,short,2025-06-27 14:35:00,2025-06-27 14:40:00,2025-06-27 14:57:00,3266.954,3270.329467845139,SL,-3.5354678451388972,17,0.37148985834190146,ml_v2,2025-06
247111,short,2025-06-30 05:50:00,2025-06-30 05:55:00,2025-06-30 06:35:00,3291.189,3294.7985758302084,SL,-3.7695758302083378,40,0.36441059444776547,ml_v2,2025-06
247123,short,2025-06-30 06:50:00,2025-06-30 06:55:00,2025-06-30 07:24:00,3292.909,3296.472907451042,SL,-3.7239074510416756,29,0.3651346648576743,ml_v2,2025-06
247155,short,2025-06-30 09:30:00,2025-06-30 09:35:00,2025-06-30 09:38:00,3279.56,3283.0018354131944,SL,-3.6018354131944483,3,0.36397487486120994,ml_v2,2025-06
247329,short,2025-07-01 01:00:00,2025-07-01 01:05:00,2025-07-01 01:14:00,3315.97,3318.682149320833,SL,-2.8721493208333344,9,0.3758266193812539,ml_v2,2025-07
247381,short,2025-07-01 05:20:00,2025-07-01 05:25:00,2025-07-01 05:35:00,3329.363,3331.913520244097,SL,-2.7105202440972183,10,0.3835453936913211,ml_v2,2025-07
247386,short,2025-07-01 05:45:00,2025-07-01 05:50:00,2025-07-01 06:21:00,3329.694,3325.2169444444444,TP,4.317055555555548,31,0.3788057163333304,ml_v2,2025-07
247740,short,2025-07-02 12:15:00,2025-07-02 12:20:00,2025-07-02 12:23:00,3346.758,3349.3408111374997,SL,-2.7428111374999875,3,0.379209191635129,ml_v2,2025-07
247745,short,2025-07-02 12:40:00,2025-07-02 12:45:00,2025-07-02 12:49:00,3347.897,3350.5034151972222,SL,-2.766415197222213,4,0.3773118267803164,ml_v2,2025-07
247750,short,2025-07-02 13:05:00,2025-07-02 13:10:00,2025-07-02 13:22:00,3346.159,3341.5286666666666,TP,4.470333333333315,12,0.3782752044758634,ml_v2,2025-07
247756,short,2025-07-02 13:35:00,2025-07-02 13:40:00,2025-07-02 13:41:00,3339.955,3342.6105757708333,SL,-2.815575770833322,1,0.38744640749538284,ml_v2,2025-07
247759,short,2025-07-02 13:50:00,2025-07-02 13:55:00,2025-07-02 14:27:00,3336.531,3339.1973341107637,SL,-2.82633411076388,32,0.38747395974243026,ml_v2,2025-07
247771,short,2025-07-02 14:50:00,2025-07-02 14:55:00,2025-07-02 16:07:00,3342.005,3344.635078782986,SL,-2.7900787829860993,72,0.38118091778038277,ml_v2,2025-07
248766,long,2025-07-08 10:05:00,2025-07-08 10:10:00,2025-07-08 10:22:00,3323.889,3321.314205036111,SL,-2.7347949638888913,12,0.47817625369739275,ml_v2,2025-07
248990,short,2025-07-09 05:45:00,2025-07-09 05:50:00,2025-07-09 06:26:00,3291.121,3286.2845625,TP,4.6764375000000005,36,0.3798132010353757,ml_v2,2025-07
249087,short,2025-07-09 13:50:00,2025-07-09 13:55:00,2025-07-09 14:12:00,3302.753,3305.6854750430557,SL,-3.0924750430555545,17,0.3810017441108532,ml_v2,2025-07
249093,short,2025-07-09 14:20:00,2025-07-09 14:25:00,2025-07-09 14:33:00,3306.294,3309.236130167014,SL,-3.1021301670138874,8,0.37815328374824897,ml_v2,2025-07
249098,short,2025-07-09 14:45:00,2025-07-09 14:50:00,2025-07-09 14:55:00,3309.507,3312.418343298264,SL,-3.07134329826389,5,0.38036739320887203,ml_v2,2025-07
249102,short,2025-07-09 15:05:00,2025-07-09 15:10:00,2025-07-09 16:12:00,3308.317,3311.2074774364582,SL,-3.0504774364583356,62,0.3782890667905711,ml_v2,2025-07
249202,long,2025-07-10 00:25:00,2025-07-10 00:30:00,2025-07-10 01:00:00,3319.125,3316.542954764236,SL,-2.742045235763903,30,0.4823244829491201,ml_v2,2025-07
249525,long,2025-07-11 04:20:00,2025-07-11 04:25:00,2025-07-11 04:42:00,3332.822,3330.603932698611,SL,-2.3780673013888793,17,0.4817149496299647,ml_v2,2025-07
249636,short,2025-07-11 13:35:00,2025-07-11 13:40:00,2025-07-11 13:41:00,3358.145,3353.806798611111,TP,4.17820138888887,1,0.38283876049598364,ml_v2,2025-07
249649,short,2025-07-11 14:40:00,2025-07-11 14:45:00,2025-07-11 14:54:00,3359.776,3362.2657917763886,SL,-2.649791776388878,9,0.3812350528248182,ml_v2,2025-07
249653,short,2025-07-11 15:00:00,2025-07-11 15:05:00,2025-07-11 15:19:00,3363.298,3365.7555207249998,SL,-2.6175207249999892,14,0.38019474934573816,ml_v2,2025-07
249809,short,2025-07-14 05:05:00,2025-07-14 05:10:00,2025-07-14 05:28:00,3358.908,3354.0829027777777,TP,4.66509722222218,18,0.3793208329194856,ml_v2,2025-07
250480,short,2025-07-16 15:00:00,2025-07-16 15:05:00,2025-07-16 15:06:00,3344.971,3347.4063691006945,SL,-2.5953691006944446,1,0.37892835307201056,ml_v2,2025-07
250491,short,2025-07-16 15:55:00,2025-07-16 16:00:00,2025-07-16 16:05:00,3343.524,3346.334728414236,SL,-2.970728414236108,5,0.37866964394981,ml_v2,2025-07
250639,short,2025-07-17 05:15:00,2025-07-17 05:20:00,2025-07-17 06:13:00,3339.125,3334.017513888889,TP,4.947486111111121,53,0.3844473070332455,ml_v2,2025-07
250652,short,2025-07-17 06:20:00,2025-07-17 06:25:00,2025-07-17 06:50:00,3330.41,3333.3704562510416,SL,-3.120456251041667,25,0.37682789184995125,ml_v2,2025-07
250922,short,2025-07-18 05:50:00,2025-07-18 05:55:00,2025-07-18 06:14:00,3334.82,3337.0335869746527,SL,-2.3735869746527882,19,0.37682165508761056,ml_v2,2025-07
251568,short,2025-07-22 13:45:00,2025-07-22 13:50:00,2025-07-22 13:55:00,3418.811,3415.0737430555555,TP,3.577256944444441,5,0.37737685814615995,ml_v2,2025-07
251573,short,2025-07-22 14:10:00,2025-07-22 14:15:00,2025-07-22 14:17:00,3415.808,3418.0059673413193,SL,-2.357967341319442,2,0.3866785801958731,ml_v2,2025-07
251576,short,2025-07-22 14:25:00,2025-07-22 14:30:00,2025-07-22 14:31:00,3421.757,3423.9693845486113,SL,-2.3723845486111057,1,0.38860030078642216,ml_v2,2025-07
251579,short,2025-07-22 14:40:00,2025-07-22 14:45:00,2025-07-22 14:47:00,3425.822,3421.926875,TP,3.735124999999988,2,0.3828861376022562,ml_v2,2025-07
251582,short,2025-07-22 14:55:00,2025-07-22 15:00:00,2025-07-22 15:03:00,3426.37,3428.5781542312498,SL,-2.368154231249994,3,0.37961627496118533,ml_v2,2025-07
251873,short,2025-07-23 16:10:00,2025-07-23 16:15:00,2025-07-23 16:21:00,3387.991,3383.319138888889,TP,4.511861111111127,6,0.376657772392334,ml_v2,2025-07
252017,short,2025-07-24 05:10:00,2025-07-24 05:15:00,2025-07-24 05:43:00,3380.019,3375.181243055555,TP,4.677756944444464,28,0.4055895011456185,ml_v2,2025-07
252025,short,2025-07-24 05:50:00,2025-07-24 05:55:00,2025-07-24 06:25:00,3378.746,3373.8179444444445,TP,4.76805555555558,30,0.3884579466710371,ml_v2,2025-07
252036,short,2025-07-24 06:45:00,2025-07-24 06:50:00,2025-07-24 07:51:00,3374.842,3369.8259722222224,TP,4.856027777777803,61,0.37804289223864995,ml_v2,2025-07
252051,short,2025-07-24 08:00:00,2025-07-24 08:05:00,2025-07-24 08:15:00,3367.486,3370.396446439236,SL,-3.070446439236121,10,0.38343149955003375,ml_v2,2025-07
252066,short,2025-07-24 09:15:00,2025-07-24 09:20:00,2025-07-24 11:20:00,3364.537,3364.767,TIMEOUT,-0.3900000000000182,120,0.3780990726323453,ml_v2,2025-07
252219,long,2025-07-24 23:00:00,2025-07-24 23:05:00,2025-07-25 00:39:00,3368.541,3372.9644166666667,TP,4.263416666666649,94,0.5054423203671912,ml_v2,2025-07
252240,long,2025-07-25 00:45:00,2025-07-25 00:50:00,2025-07-25 01:09:00,3371.674,3369.147155246875,SL,-2.6868447531249875,19,0.5526308192120342,ml_v2,2025-07
252247,long,2025-07-25 01:20:00,2025-07-25 01:25:00,2025-07-25 02:18:00,3367.411,3364.88683391875,SL,-2.6841660812499852,53,0.48565122405785643,ml_v2,2025-07
252260,long,2025-07-25 02:25:00,2025-07-25 02:30:00,2025-07-25 02:34:00,3366.23,3363.747922798611,SL,-2.6420772013888656,4,0.5168828390223974,ml_v2,2025-07
252263,long,2025-07-25 02:40:00,2025-07-25 02:45:00,2025-07-25 03:00:00,3363.829,3361.3574589079863,SL,-2.6315410920138667,15,0.526135846584866,ml_v2,2025-07
252269,long,2025-07-25 03:10:00,2025-07-25 03:15:00,2025-07-25 03:59:00,3361.196,3358.7577934913193,SL,-2.5982065086805313,44,0.4991519582015157,ml_v2,2025-07
252281,long,2025-07-25 04:10:00,2025-07-25 04:15:00,2025-07-25 04:28:00,3362.599,3360.235665346528,SL,-2.5233346534722045,13,0.514661025819281,ml_v2,2025-07
252286,long,2025-07-25 04:35:00,2025-07-25 04:40:00,2025-07-25 05:37:00,3360.09,3357.7427056305555,SL,-2.507294369444425,57,0.5470884964878016,ml_v2,2025-07
252300,long,2025-07-25 05:45:00,2025-07-25 05:50:00,2025-07-25 07:39:00,3356.604,3354.257785036111,SL,-2.506214963888868,109,0.4839299047736078,ml_v2,2025-07
252341,short,2025-07-25 09:10:00,2025-07-25 09:15:00,2025-07-25 09:18:00,3344.695,3346.9296115725697,SL,-2.394611572569427,3,0.3808247505132482,ml_v2,2025-07
252356,short,2025-07-25 10:25:00,2025-07-25 10:30:00,2025-07-25 11:28:00,3343.816,3339.9506666666666,TP,3.705333333333306,58,0.3779949999781971,ml_v2,2025-07
252400,short,2025-07-25 14:05:00,2025-07-25 14:10:00,2025-07-25 14:16:00,3342.13,3338.1765972222224,TP,3.7934027777777426,6,0.3831361071162792,ml_v2,2025-07
252404,short,2025-07-25 14:25:00,2025-07-25 14:30:00,2025-07-25 14:36:00,3337.973,3333.99375,TP,3.8192499999999696,6,0.3822659196856265,ml_v2,2025-07
252408,short,2025-07-25 14:45:00,2025-07-25 14:50:00,2025-07-25 15:00:00,3332.886,3328.9505625,TP,3.7754374999999682,10,0.3855391773882523,ml_v2,2025-07
252413,short,2025-07-25 15:10:00,2025-07-25 15:15:00,2025-07-25 15:16:00,3332.394,3334.6361674114582,SL,-2.4021674114583123,1,0.3890935679283323,ml_v2,2025-07
252416,short,2025-07-25 15:25:00,2025-07-25 15:30:00,2025-07-25 15:43:00,3330.221,3326.2930138888887,TP,3.7679861111110737,13,0.3849140114845241,ml_v2,2025-07
252421,short,2025-07-25 15:50:00,2025-07-25 15:55:00,2025-07-25 16:16:00,3328.483,3330.739834628125,SL,-2.4168346281249824,21,0.3759405853750949,ml_v2,2025-07
252428,short,2025-07-25 16:25:00,2025-07-25 16:30:00,2025-07-25 16:45:00,3328.894,3331.1297306621527,SL,-2.3957306621527628,15,0.37786255672239755,ml_v2,2025-07
252636,long,2025-07-28 10:50:00,2025-07-28 10:55:00,2025-07-28 12:12:00,3336.645,3334.122155396875,SL,-2.6828446031249973,77,0.4784471187288322,ml_v2,2025-07
253132,short,2025-07-30 06:10:00,2025-07-30 06:15:00,2025-07-30 06:53:00,3323.955,3326.383765678472,SL,-2.588765678472227,38,0.37669067420576047,ml_v2,2025-07
253600,long,2025-07-31 23:10:00,2025-07-31 23:15:00,2025-07-31 23:59:00,3290.598,3288.016851623264,SL,-2.7411483767361173,44,0.48785954124463776,ml_v2,2025-07
253656,long,2025-08-01 03:50:00,2025-08-01 03:55:00,2025-08-01 05:47:00,3291.746,3296.254805555556,TP,4.348805555555565,112,0.4122350963467206,ml_v2,2025-08
253683,long,2025-08-01 06:05:00,2025-08-01 06:10:00,2025-08-01 06:25:00,3296.496,3293.916637404514,SL,-2.7393625954861074,15,0.41282862412620186,ml_v2,2025-08
253693,long,2025-08-01 06:55:00,2025-08-01 07:00:00,2025-08-01 07:05:00,3292.359,3289.7704743625,SL,-2.748525637499995,5,0.419601544987544,ml_v2,2025-08
253697,long,2025-08-01 07:15:00,2025-08-01 07:20:00,2025-08-01 07:35:00,3290.476,3287.883172613889,SL,-2.7528273861111074,15,0.41325966160169975,ml_v2,2025-08
253709,long,2025-08-01 08:15:00,2025-08-01 08:20:00,2025-08-01 08:53:00,3288.628,3293.163430555556,TP,4.375430555555542,33,0.408730855988182,ml_v2,2025-08
253718,long,2025-08-01 09:00:00,2025-08-01 09:05:00,2025-08-01 10:51:00,3294.498,3298.9692986111113,TP,4.311298611111099,106,0.41366796831957237,ml_v2,2025-08
253882,short,2025-08-03 23:45:00,2025-08-03 23:50:00,2025-08-04 00:22:00,3360.172,3354.993611111111,TP,5.018388888888893,32,0.3745730442697358,ml_v2,2025-08
253998,short,2025-08-04 09:25:00,2025-08-04 09:30:00,2025-08-04 10:20:00,3360.993,3355.934027777778,TP,4.898972222222268,50,0.37441497731447926,ml_v2,2025-08
254016,short,2025-08-04 10:55:00,2025-08-04 11:00:00,2025-08-04 11:06:00,3357.854,3360.7401320354165,SL,-3.046132035416693,6,0.3732580660605501,ml_v2,2025-08
254048,short,2025-08-04 13:35:00,2025-08-04 13:40:00,2025-08-04 13:47:00,3376.454,3379.3031981107642,SL,-3.0091981107639145,7,0.380201650272111,ml_v2,2025-08
254060,short,2025-08-04 14:35:00,2025-08-04 14:40:00,2025-08-04 14:49:00,3378.459,3373.7326041666665,TP,4.566395833333378,9,0.3776659657007989,ml_v2,2025-08
254292,short,2025-08-05 10:55:00,2025-08-05 11:00:00,2025-08-05 12:19:00,3353.23,3355.37329465625,SL,-2.303294656250008,79,0.37365873187416065,ml_v2,2025-08
254332,short,2025-08-05 14:15:00,2025-08-05 14:20:00,2025-08-05 14:23:00,3376.818,3379.046853420139,SL,-2.3888534201388896,3,0.3794736271357311,ml_v2,2025-08
254338,short,2025-08-05 14:45:00,2025-08-05 14:50:00,2025-08-05 14:54:00,3383.549,3385.772492107986,SL,-2.3834921079861147,4,0.3780073081707729,ml_v2,2025-08
254523,short,2025-08-06 07:10:00,2025-08-06 07:15:00,2025-08-06 07:40:00,3372.062,3374.289488289583,SL,-2.387488289583323,25,0.3722731489167974,ml_v2,2025-08
254552,short,2025-08-06 09:35:00,2025-08-06 09:40:00,2025-08-06 09:50:00,3363.589,3359.6600763888887,TP,3.7689236111110973,10,0.37272699786871244,ml_v2,2025-08
254557,short,2025-08-06 10:00:00,2025-08-06 10:05:00,2025-08-06 10:13:00,3359.656,3361.902000888542,SL,-2.4060008885416613,8,0.3735806646906661,ml_v2,2025-08
254583,short,2025-08-06 12:10:00,2025-08-06 12:15:00,2025-08-06 12:20:00,3360.627,3362.8470078503474,SL,-2.380007850347209,5,0.3810159442415464,ml_v2,2025-08
254613,short,2025-08-06 14:40:00,2025-08-06 14:45:00,2025-08-06 15:00:00,3377.26,3379.5057072267364,SL,-2.4057072267360966,15,0.38117872558192767,ml_v2,2025-08
254619,short,2025-08-06 15:10:00,2025-08-06 15:15:00,2025-08-06 15:36:00,3378.128,3374.312375,TP,3.6556249999999735,21,0.377309783409458,ml_v2,2025-08
254626,short,2025-08-06 15:45:00,2025-08-06 15:50:00,2025-08-06 15:52:00,3376.059,3378.2132514163195,SL,-2.3142514163194305,2,0.3873939491027089,ml_v2,2025-08
254629,short,2025-08-06 16:00:00,2025-08-06 16:05:00,2025-08-06 16:17:00,3377.912,3374.1446666666666,TP,3.6073333333333117,12,0.3763802845255079,ml_v2,2025-08
254839,long,2025-08-07 10:30:00,2025-08-07 10:35:00,2025-08-07 10:52:00,3375.708,3373.1847069673613,SL,-2.6832930326388804,17,0.4181846569042159,ml_v2,2025-08
254846,long,2025-08-07 11:05:00,2025-08-07 11:10:00,2025-08-07 11:13:00,3374.654,3379.0927708333334,TP,4.278770833333314,3,0.4101323202911625,ml_v2,2025-08
255255,short,2025-08-10 23:15:00,2025-08-10 23:20:00,2025-08-11 00:05:00,3394.004,3387.3226805555555,TP,6.521319444444461,45,0.3746417753061605,ml_v2,2025-08
255348,long,2025-08-11 07:00:00,2025-08-11 07:05:00,2025-08-11 07:40:00,3362.53,3358.859493313542,SL,-3.8305066864583535,35,0.4083025255468705,ml_v2,2025-08
255358,long,2025-08-11 07:50:00,2025-08-11 07:55:00,2025-08-11 08:22:00,3357.703,3364.215673611111,TP,6.3526736111111415,27,0.4075530120399812,ml_v2,2025-08
255406,long,2025-08-11 11:50:00,2025-08-11 11:55:00,2025-08-11 12:29:00,3351.496,3347.7634433677085,SL,-3.8925566322916847,34,0.40798048344748356,ml_v2,2025-08
255455,long,2025-08-11 15:55:00,2025-08-11 16:00:00,2025-08-11 16:06:00,3349.502,3345.904920670139,SL,-3.757079329861127,6,0.4086306509126935,ml_v2,2025-08
255459,long,2025-08-11 16:15:00,2025-08-11 16:20:00,2025-08-11 16:32:00,3348.521,3344.9271350763893,SL,-3.7538649236111254,12,0.42039504316943027,ml_v2,2025-08
255664,long,2025-08-12 10:20:00,2025-08-12 10:25:00,2025-08-12 10:49:00,3347.137,3344.316568840972,SL,-2.9804311590277774,24,0.41348436144488193,ml_v2,2025-08
255869,short,2025-08-13 04:25:00,2025-08-13 04:30:00,2025-08-13 06:06:00,3350.69,3353.615347791667,SL,-3.085347791666657,96,0.37274438949993505,ml_v2,2025-08
256183,short,2025-08-14 07:35:00,2025-08-14 07:40:00,2025-08-14 07:43:00,3357.107,3353.097277777778,TP,3.8497222222222227,3,0.37358848761726426,ml_v2,2025-08
256194,short,2025-08-14 08:30:00,2025-08-14 08:35:00,2025-08-14 08:39:00,3349.024,3344.8944722222222,TP,3.9695277777777873,4,0.37760628812072405,ml_v2,2025-08
256202,short,2025-08-14 09:10:00,2025-08-14 09:15:00,2025-08-14 09:19:00,3354.887,3357.2747085833334,SL,-2.547708583333338,4,0.3731057947134746,ml_v2,2025-08
256387,long,2025-08-15 01:35:00,2025-08-15 01:40:00,2025-08-15 03:32:00,3338.543,3343.1548194444445,TP,4.451819444444425,112,0.41328514956033663,ml_v2,2025-08
256443,long,2025-08-15 06:15:00,2025-08-15 06:20:00,2025-08-15 06:56:00,3343.168,3340.634980412153,SL,-2.6930195878472096,36,0.41147016013799564,ml_v2,2025-08
256455,long,2025-08-15 07:15:00,2025-08-15 07:20:00,2025-08-15 07:35:00,3344.236,3341.695277742361,SL,-2.7007222576388794,15,0.41933919887351523,ml_v2,2025-08
256643,short,2025-08-18 00:00:00,2025-08-18 00:05:00,2025-08-18 00:06:00,3328.671,3330.7755511399305,SL,-2.26455113993056,1,0.37340277494720225,ml_v2,2025-08
256696,short,2025-08-18 04:25:00,2025-08-18 04:30:00,2025-08-18 04:40:00,3352.393,3354.6045948364585,SL,-2.371594836458342,10,0.37218126215525826,ml_v2,2025-08
256701,short,2025-08-18 04:50:00,2025-08-18 04:55:00,2025-08-18 05:23:00,3356.775,3352.9072291666666,TP,3.7077708333333477,28,0.38246879920861365,ml_v2,2025-08
256721,short,2025-08-18 06:30:00,2025-08-18 06:35:00,2025-08-18 07:04:00,3348.598,3350.8626960340275,SL,-2.4246960340277917,29,0.37371017348476276,ml_v2,2025-08
256729,short,2025-08-18 07:10:00,2025-08-18 07:15:00,2025-08-18 07:35:00,3353.692,3349.709590277778,TP,3.8224097222222384,20,0.37543468028035404,ml_v2,2025-08
256737,short,2025-08-18 07:50:00,2025-08-18 07:55:00,2025-08-18 09:07:00,3348.114,3350.380319110764,SL,-2.4263191107638997,72,0.3761402518670659,ml_v2,2025-08
256754,short,2025-08-18 09:15:00,2025-08-18 09:20:00,2025-08-18 09:39:00,3349.426,3351.6707151260416,SL,-2.4047151260416704,19,0.37301919146584706,ml_v2,2025-08
256765,short,2025-08-18 10:10:00,2025-08-18 10:15:00,2025-08-18 11:52:00,3349.994,3346.1076180555556,TP,3.7263819444444515,97,0.38034274309252936,ml_v2,2025-08
256917,long,2025-08-18 23:50:00,2025-08-18 23:55:00,2025-08-19 00:00:00,3331.268,3329.273869667361,SL,-2.1541303326388994,5,0.4073669890368454,ml_v2,2025-08
256923,long,2025-08-19 00:20:00,2025-08-19 00:25:00,2025-08-19 00:48:00,3336.095,3334.080313340972,SL,-2.17468665902779,23,0.40752817665860547,ml_v2,2025-08
256931,short,2025-08-19 01:00:00,2025-08-19 01:05:00,2025-08-19 01:20:00,3332.012,3334.0361076472223,SL,-2.1841076472222336,15,0.3724740608064704,ml_v2,2025-08
256988,long,2025-08-19 05:45:00,2025-08-19 05:50:00,2025-08-19 05:53:00,3338.177,3336.197612283681,SL,-2.1393877163194546,3,0.4174069330925597,ml_v2,2025-08
256991,long,2025-08-19 06:00:00,2025-08-19 06:05:00,2025-08-19 06:41:00,3337.368,3335.3861637791665,SL,-2.141836220833344,36,0.42136125423857107,ml_v2,2025-08
257005,long,2025-08-19 07:10:00,2025-08-19 07:15:00,2025-08-19 08:15:00,3338.613,3336.641930055903,SL,-2.131069944097236,60,0.4082510338062896,ml_v2,2025-08
257203,long,2025-08-20 00:40:00,2025-08-20 00:45:00,2025-08-20 01:28:00,3313.769,3311.71685161875,SL,-2.212148381249998,43,0.41622430111108677,ml_v2,2025-08
257341,short,2025-08-20 12:10:00,2025-08-20 12:15:00,2025-08-20 12:20:00,3334.884,3336.8335453274303,SL,-2.1095453274305407,5,0.37897950440280903,ml_v2,2025-08
257364,short,2025-08-20 14:05:00,2025-08-20 14:10:00,2025-08-20 14:26:00,3341.205,3343.2533466513887,SL,-2.208346651388877,16,0.37381100706813464,ml_v2,2025-08
257460,long,2025-08-20 23:05:00,2025-08-20 23:10:00,2025-08-21 00:00:00,3347.882,3346.03585934375,SL,-2.0061406562499893,50,0.40893581308965604,ml_v2,2025-08
257473,long,2025-08-21 00:10:00,2025-08-21 00:15:00,2025-08-21 00:25:00,3344.598,3342.742605028472,SL,-2.0153949715277704,10,0.4118152820048733,ml_v2,2025-08
257603,short,2025-08-21 11:00:00,2025-08-21 11:05:00,2025-08-21 11:07:00,3326.303,3328.1248103788193,SL,-1.9818103788194397,2,0.3777005524556737,ml_v2,2025-08
257606,short,2025-08-21 11:15:00,2025-08-21 11:20:00,2025-08-21 11:25:00,3329.826,3331.657747259375,SL,-1.9917472593749983,5,0.37858282303717017,ml_v2,2025-08
257610,short,2025-08-21 11:35:00,2025-08-21 11:40:00,2025-08-21 12:01:00,3333.015,3334.8543626243054,SL,-1.9993626243055533,21,0.3772531899773406,ml_v2,2025-08
257647,short,2025-08-21 14:40:00,2025-08-21 14:45:00,2025-08-21 15:00:00,3342.871,3344.855292662153,SL,-2.1442926621527785,15,0.3734022235131038,ml_v2,2025-08
257739,long,2025-08-21 23:20:00,2025-08-21 23:25:00,2025-08-22 00:15:00,3337.843,3335.974386278819,SL,-2.028613721180554,50,0.41014539994840543,ml_v2,2025-08
257752,long,2025-08-22 00:25:00,2025-08-22 00:30:00,2025-08-22 01:51:00,3337.59,3335.713310579167,SL,-2.0366894208333313,81,0.4089971498484267,ml_v2,2025-08
257805,long,2025-08-22 04:50:00,2025-08-22 04:55:00,2025-08-22 06:42:00,3328.137,3326.273505518403,SL,-2.023494481597219,107,0.4182420673483457,ml_v2,2025-08
257885,long,2025-08-22 11:30:00,2025-08-22 11:35:00,2025-08-22 11:53:00,3330.022,3328.1004358805553,SL,-2.0815641194444368,18,0.41704139749876395,ml_v2,2025-08
257893,short,2025-08-22 12:10:00,2025-08-22 12:15:00,2025-08-22 12:16:00,3325.709,3327.582709150347,SL,-2.033709150347212,1,0.37806050490547227,ml_v2,2025-08
257896,short,2025-08-22 12:25:00,2025-08-22 12:30:00,2025-08-22 12:32:00,3326.103,3322.790826388889,TP,3.152173611111092,2,0.37600375723053026,ml_v2,2025-08
258096,long,2025-08-25 06:10:00,2025-08-25 06:15:00,2025-08-25 08:04:00,3367.629,3365.4544462350696,SL,-2.3345537649305474,109,0.41502337855640453,ml_v2,2025-08
258574,long,2025-08-27 00:00:00,2025-08-27 00:05:00,2025-08-27 01:01:00,3390.916,3388.5728486430557,SL,-2.5031513569444312,56,0.4477996674709071,ml_v2,2025-08
258731,short,2025-08-27 13:05:00,2025-08-27 13:10:00,2025-08-27 13:30:00,3383.668,3380.311388888889,TP,3.196611111111116,20,0.3722650707881551,ml_v2,2025-08
258738,short,2025-08-27 13:40:00,2025-08-27 13:45:00,2025-08-27 14:15:00,3378.126,3380.0649933444447,SL,-2.098993344444449,30,0.388572290651093,ml_v2,2025-08
258747,short,2025-08-27 14:25:00,2025-08-27 14:30:00,2025-08-27 14:52:00,3383.029,3384.95028633125,SL,-2.0812863312500007,22,0.3763727969639989,ml_v2,2025-08
258761,short,2025-08-27 15:35:00,2025-08-27 15:40:00,2025-08-27 16:30:00,3389.454,3391.3241891770836,SL,-2.0301891770833334,50,0.37290881485782224,ml_v2,2025-08
258854,long,2025-08-28 00:20:00,2025-08-28 00:25:00,2025-08-28 00:30:00,3397.37,3395.5009021336805,SL,-2.0290978663194497,5,0.4141697005266799,ml_v2,2025-08
258858,long,2025-08-28 00:40:00,2025-08-28 00:45:00,2025-08-28 00:50:00,3397.402,3395.5197786256945,SL,-2.0422213743055595,5,0.4142052397961272,ml_v2,2025-08
258909,long,2025-08-28 04:55:00,2025-08-28 05:00:00,2025-08-28 05:42:00,3390.223,3388.338750771875,SL,-2.0442492281250058,42,0.40999810029844475,ml_v2,2025-08
258921,long,2025-08-28 05:55:00,2025-08-28 06:00:00,2025-08-28 06:36:00,3389.199,3392.468923611111,TP,3.1099236111111055,36,0.41324194897989464,ml_v2,2025-08
258935,long,2025-08-28 07:05:00,2025-08-28 07:10:00,2025-08-28 08:37:00,3395.469,3398.7801597222224,TP,3.1511597222222174,87,0.4116009769372691,ml_v2,2025-08
259009,short,2025-08-28 13:15:00,2025-08-28 13:20:00,2025-08-28 13:22:00,3401.241,3403.2334239194442,SL,-2.1524239194444377,2,0.3731067185854686,ml_v2,2025-08
259024,short,2025-08-28 14:30:00,2025-08-28 14:35:00,2025-08-28 14:40:00,3411.286,3413.319302436458,SL,-2.1933024364583265,5,0.37599614642219104,ml_v2,2025-08
259127,long,2025-08-29 00:05:00,2025-08-29 00:10:00,2025-08-29 00:20:00,3416.678,3414.7693212843747,SL,-2.0686787156250093,10,0.4160503146581401,ml_v2,2025-08
259186,long,2025-08-29 05:00:00,2025-08-29 05:05:00,2025-08-29 06:01:00,3408.27,3411.5202777777777,TP,3.090277777777771,56,0.41435552765707206,ml_v2,2025-08
259223,long,2025-08-29 08:05:00,2025-08-29 08:10:00,2025-08-29 08:52:00,3412.741,3410.875664179514,SL,-2.025335820486104,42,0.41274481987283124,ml_v2,2025-08
259253,long,2025-08-29 10:35:00,2025-08-29 10:40:00,2025-08-29 10:53:00,3407.559,3405.7281456312503,SL,-1.9908543687499916,13,0.4075546179281844,ml_v2,2025-08
259477,short,2025-09-01 06:20:00,2025-09-01 06:25:00,2025-09-01 06:38:00,3485.819,3488.4842864524303,SL,-2.8252864524305337,13,0.4040422499084555,ml_v2,2025-09
259482,short,2025-09-01 06:45:00,2025-09-01 06:50:00,2025-09-01 06:58:00,3487.733,3483.009465277778,TP,4.563534722222183,8,0.4009630590581976,ml_v2,2025-09
259486,short,2025-09-01 07:05:00,2025-09-01 07:10:00,2025-09-01 07:17:00,3478.406,3473.594972222222,TP,4.65102777777774,7,0.39077452772922516,ml_v2,2025-09
259709,short,2025-09-02 05:25:00,2025-09-02 05:30:00,2025-09-02 05:36:00,3493.312,3496.334974468403,SL,-3.182974468402771,6,0.3952076675727889,ml_v2,2025-09
259795,short,2025-09-02 12:35:00,2025-09-02 12:40:00,2025-09-02 12:41:00,3475.064,3477.889943270486,SL,-2.9859432704861177,1,0.39456403885974084,ml_v2,2025-09
259982,short,2025-09-03 05:10:00,2025-09-03 05:15:00,2025-09-03 05:55:00,3535.656,3529.6500694444444,TP,5.845930555555567,40,0.3946907460641258,ml_v2,2025-09
260047,short,2025-09-03 10:35:00,2025-09-03 10:40:00,2025-09-03 10:53:00,3536.911,3540.2858170270833,SL,-3.5348170270833355,13,0.3897463512447227,ml_v2,2025-09
260079,short,2025-09-03 13:15:00,2025-09-03 13:20:00,2025-09-03 13:29:00,3557.386,3560.826180589236,SL,-3.600180589236112,9,0.3922447573197748,ml_v2,2025-09
260086,short,2025-09-03 13:50:00,2025-09-03 13:55:00,2025-09-03 14:00:00,3553.559,3556.9925851038197,SL,-3.593585103819446,5,0.3913700277683815,ml_v2,2025-09
260130,short,2025-09-03 17:30:00,2025-09-03 17:35:00,2025-09-03 18:09:00,3573.597,3576.743443384028,SL,-3.306443384027781,34,0.3912276016914804,ml_v2,2025-09
260346,long,2025-09-04 12:30:00,2025-09-04 12:35:00,2025-09-04 12:36:00,3545.242,3541.6860611017364,SL,-3.7159388982638877,1,0.3872369312692063,ml_v2,2025-09
260350,long,2025-09-04 12:50:00,2025-09-04 12:55:00,2025-09-04 13:03:00,3546.254,3542.674183222222,SL,-3.7398167777777744,8,0.3835902594972031,ml_v2,2025-09
260536,short,2025-09-05 05:20:00,2025-09-05 05:25:00,2025-09-05 05:32:00,3556.152,3559.186339973958,SL,-3.194339973958325,7,0.40461973856197486,ml_v2,2025-09
260540,short,2025-09-05 05:40:00,2025-09-05 05:45:00,2025-09-05 06:17:00,3556.229,3550.8957638888887,TP,5.173236111111095,32,0.4057156422172986,ml_v2,2025-09
260924,short,2025-09-08 14:45:00,2025-09-08 14:50:00,2025-09-08 14:57:00,3637.347,3640.788418730903,SL,-3.6014187309027776,7,0.40247703268991997,ml_v2,2025-09
260928,short,2025-09-08 15:05:00,2025-09-08 15:10:00,2025-09-08 15:27:00,3643.826,3637.864416666667,TP,5.801583333333332,17,0.3990967435314938,ml_v2,2025-09
261079,short,2025-09-09 04:40:00,2025-09-09 04:45:00,2025-09-09 05:40:00,3655.142,3658.09239635,SL,-3.1103963500000087,55,0.39531127331123095,ml_v2,2025-09
261093,short,2025-09-09 05:50:00,2025-09-09 05:55:00,2025-09-09 06:03:00,3657.979,3652.7576458333333,TP,5.061354166666676,8,0.4111203176123601,ml_v2,2025-09
261161,short,2025-09-09 11:30:00,2025-09-09 11:35:00,2025-09-09 11:58:00,3652.221,3646.8573333333334,TP,5.20366666666665,23,0.3977130238716742,ml_v2,2025-09
261462,short,2025-09-10 13:35:00,2025-09-10 13:40:00,2025-09-10 14:05:00,3649.91,3653.2703720409722,SL,-3.52037204097223,25,0.3933551577962296,ml_v2,2025-09
261471,short,2025-09-10 14:20:00,2025-09-10 14:25:00,2025-09-10 14:34:00,3651.928,3655.2496682086803,SL,-3.481668208680565,9,0.39543469018146304,ml_v2,2025-09
261480,short,2025-09-10 15:05:00,2025-09-10 15:10:00,2025-09-10 15:24:00,3645.776,3640.2613194444443,TP,5.354680555555565,14,0.39302734416233853,ml_v2,2025-09
261637,long,2025-09-11 05:10:00,2025-09-11 05:15:00,2025-09-11 05:32:00,3630.444,3627.856914892708,SL,-2.7470851072916807,17,0.38551295902562416,ml_v2,2025-09
261990,short,2025-09-12 11:35:00,2025-09-12 11:40:00,2025-09-12 12:21:00,3647.866,3642.908013888889,TP,4.797986111111107,41,0.39747702404407714,ml_v2,2025-09
262196,long,2025-09-15 05:50:00,2025-09-15 05:55:00,2025-09-15 06:02:00,3644.485,3642.2267684940975,SL,-2.4182315059027575,7,0.3824908816266434,ml_v2,2025-09
262239,short,2025-09-15 09:25:00,2025-09-15 09:30:00,2025-09-15 09:38:00,3640.443,3636.488381944445,TP,3.794618055555547,8,0.3912679470698326,ml_v2,2025-09
262252,short,2025-09-15 10:30:00,2025-09-15 10:35:00,2025-09-15 10:47:00,3645.255,3641.3690625,TP,3.725937499999989,12,0.3903458798062073,ml_v2,2025-09
262257,short,2025-09-15 10:55:00,2025-09-15 11:00:00,2025-09-15 11:14:00,3639.944,3642.156682178819,SL,-2.3726821788194403,14,0.3993854574610142,ml_v2,2025-09
262266,short,2025-09-15 11:40:00,2025-09-15 11:45:00,2025-09-15 11:59:00,3646.438,3642.5382430555555,TP,3.7397569444444354,14,0.3922877680166985,ml_v2,2025-09
262272,short,2025-09-15 12:10:00,2025-09-15 12:15:00,2025-09-15 12:36:00,3640.454,3642.700854095139,SL,-2.4068540951388844,21,0.4003524124519878,ml_v2,2025-09
262281,short,2025-09-15 12:55:00,2025-09-15 13:00:00,2025-09-15 13:20:00,3650.226,3652.5281180722222,SL,-2.462118072222219,20,0.40100867264521545,ml_v2,2025-09
262294,short,2025-09-15 14:00:00,2025-09-15 14:05:00,2025-09-15 14:38:00,3659.045,3661.3811193472225,SL,-2.4961193472222254,33,0.39202549949838916,ml_v2,2025-09
262303,short,2025-09-15 14:45:00,2025-09-15 14:50:00,2025-09-15 15:01:00,3662.045,3664.3785002013888,SL,-2.4935002013888905,11,0.3911874932385462,ml_v2,2025-09
262311,short,2025-09-15 15:25:00,2025-09-15 15:30:00,2025-09-15 15:47:00,3667.328,3669.627316379861,SL,-2.459316379861115,17,0.39809262733793754,ml_v2,2025-09
262317,short,2025-09-15 15:55:00,2025-09-15 16:00:00,2025-09-15 16:27:00,3680.497,3682.821261759722,SL,-2.4842617597222243,27,0.4000656294956175,ml_v2,2025-09
262402,long,2025-09-16 00:00:00,2025-09-16 00:05:00,2025-09-16 00:17:00,3677.0,3681.255597222222,TP,4.095597222222225,12,0.3942344910071337,ml_v2,2025-09
262407,long,2025-09-16 00:25:00,2025-09-16 00:30:00,2025-09-16 01:00:00,3683.533,3687.823159722222,TP,4.130159722222228,30,0.39070473156378455,ml_v2,2025-09
262462,long,2025-09-16 05:00:00,2025-09-16 05:05:00,2025-09-16 05:45:00,3683.357,3680.9421157944444,SL,-2.574884205555562,40,0.3881213445536026,ml_v2,2025-09
262473,long,2025-09-16 05:55:00,2025-09-16 06:00:00,2025-09-16 06:35:00,3682.794,3687.0451388888887,TP,4.091138888888887,35,0.3925930073544165,ml_v2,2025-09
262538,short,2025-09-16 11:20:00,2025-09-16 11:25:00,2025-09-16 11:35:00,3691.007,3693.4550283055555,SL,-2.608028305555547,10,0.39504739289039903,ml_v2,2025-09
262544,short,2025-09-16 11:50:00,2025-09-16 11:55:00,2025-09-16 12:11:00,3698.309,3694.0123472222226,TP,4.136652777777767,16,0.4026299204365096,ml_v2,2025-09
262695,long,2025-09-17 01:25:00,2025-09-17 01:30:00,2025-09-17 01:31:00,3685.945,3683.5291871881946,SL,-2.5758128118055477,1,0.38449936714005745,ml_v2,2025-09
262734,long,2025-09-17 04:40:00,2025-09-17 04:45:00,2025-09-17 05:08:00,3681.536,3685.681722222222,TP,3.9857222222222024,23,0.38334555074030685,ml_v2,2025-09
262751,short,2025-09-17 06:05:00,2025-09-17 06:10:00,2025-09-17 06:40:00,3676.714,3672.4847569444446,TP,4.069243055555546,30,0.3895854445170538,ml_v2,2025-09
262795,long,2025-09-17 09:45:00,2025-09-17 09:50:00,2025-09-17 10:05:00,3669.27,3666.7816130381943,SL,-2.648386961805542,15,0.3832124831078358,ml_v2,2025-09
262894,short,2025-09-17 18:00:00,2025-09-17 18:05:00,2025-09-17 18:06:00,3691.27,3693.7655142131944,SL,-2.6555142131944414,1,0.4057611279450969,ml_v2,2025-09
262897,short,2025-09-17 18:15:00,2025-09-17 18:20:00,2025-09-17 18:21:00,3688.479,3683.8222013888885,TP,4.4967986111111,1,0.41686467695295754,ml_v2,2025-09
262900,short,2025-09-17 18:30:00,2025-09-17 18:35:00,2025-09-17 18:36:00,3673.746,3676.4938847878475,SL,-2.9078847878472143,1,0.39232799279749336,ml_v2,2025-09
262903,short,2025-09-17 18:45:00,2025-09-17 18:50:00,2025-09-17 18:51:00,3655.637,3650.5922847222223,TP,4.884715277777767,1,0.3946514713330544,ml_v2,2025-09
263082,long,2025-09-18 10:40:00,2025-09-18 10:45:00,2025-09-18 12:24:00,3665.691,3672.410881944444,TP,6.559881944444428,99,0.3820680015731232,ml_v2,2025-09
263225,long,2025-09-18 23:35:00,2025-09-18 23:40:00,2025-09-19 01:04:00,3638.829,3644.1493333333333,TP,5.160333333333284,84,0.38266950428612745,ml_v2,2025-09
263445,short,2025-09-19 17:55:00,2025-09-19 18:00:00,2025-09-19 18:17:00,3678.595,3681.15045296875,SL,-2.715452968749994,17,0.3916342922900733,ml_v2,2025-09
263451,short,2025-09-19 18:25:00,2025-09-19 18:30:00,2025-09-19 19:50:00,3682.165,3684.7123812375,SL,-2.7073812374999973,80,0.4018410972268854,ml_v2,2025-09
263544,long,2025-09-22 03:15:00,2025-09-22 03:20:00,2025-09-22 03:38:00,3689.575,3694.2364027777776,TP,4.501402777777766,18,0.3864954341522583,ml_v2,2025-09
263585,short,2025-09-22 06:40:00,2025-09-22 06:45:00,2025-09-22 06:49:00,3716.928,3719.575793732986,SL,-2.807793732986095,4,0.40623899727680596,ml_v2,2025-09
263588,short,2025-09-22 06:55:00,2025-09-22 07:00:00,2025-09-22 07:13:00,3714.36,3709.712736111111,TP,4.487263888888858,13,0.3940785027813448,ml_v2,2025-09
263593,short,2025-09-22 07:20:00,2025-09-22 07:25:00,2025-09-22 07:29:00,3709.552,3712.2154292399305,SL,-2.82342923993054,4,0.40143648119401837,ml_v2,2025-09
263609,short,2025-09-22 08:40:00,2025-09-22 08:45:00,2025-09-22 09:23:00,3721.989,3724.6472663479167,SL,-2.818266347916649,38,0.3894892913549457,ml_v2,2025-09
263629,short,2025-09-22 10:20:00,2025-09-22 10:25:00,2025-09-22 11:44:00,3726.768,3722.0854375,TP,4.52256249999997,79,0.40881105555137265,ml_v2,2025-09
263665,short,2025-09-22 13:20:00,2025-09-22 13:25:00,2025-09-22 13:33:00,3723.897,3718.986048611111,TP,4.750951388888855,8,0.39587377129754375,ml_v2,2025-09
263843,short,2025-09-23 05:10:00,2025-09-23 05:15:00,2025-09-23 05:27:00,3746.328,3749.219699704514,SL,-3.0516997045138767,12,0.392077615373007,ml_v2,2025-09
263892,short,2025-09-23 09:15:00,2025-09-23 09:20:00,2025-09-23 09:22:00,3783.601,3786.5731908180555,SL,-3.1321908180555433,2,0.38996029646154745,ml_v2,2025-09
264124,short,2025-09-24 05:35:00,2025-09-24 05:40:00,2025-09-24 06:27:00,3776.854,3770.7110069444443,TP,5.982993055555554,47,0.4004557942719402,ml_v2,2025-09
264226,short,2025-09-24 14:05:00,2025-09-24 14:10:00,2025-09-24 14:15:00,3757.99,3761.3845796729165,SL,-3.5545796729166543,5,0.39225036154291065,ml_v2,2025-09
264230,short,2025-09-24 14:25:00,2025-09-24 14:30:00,2025-09-24 14:50:00,3758.736,3752.7762430555554,TP,5.799756944444428,20,0.38987797564966437,ml_v2,2025-09
264237,short,2025-09-24 15:00:00,2025-09-24 15:05:00,2025-09-24 15:30:00,3755.591,3749.706076388889,TP,5.724923611111093,25,0.39633231524976864,ml_v2,2025-09
264477,short,2025-09-25 12:00:00,2025-09-25 12:05:00,2025-09-25 12:22:00,3752.434,3755.8414809503474,SL,-3.5674809503472233,17,0.39086637282472914,ml_v2,2025-09
264881,short,2025-09-28 23:45:00,2025-09-28 23:50:00,2025-09-29 00:02:00,3770.594,3764.862888888889,TP,5.571111111111122,12,0.39523073175511203,ml_v2,2025-09
264942,short,2025-09-29 04:50:00,2025-09-29 04:55:00,2025-09-29 05:05:00,3808.339,3811.910510910764,SL,-3.7315109107639075,10,0.3916997974727751,ml_v2,2025-09
264955,short,2025-09-29 05:55:00,2025-09-29 06:00:00,2025-09-29 06:15:00,3813.682,3817.4090564260414,SL,-3.8870564260416867,15,0.39806719500398796,ml_v2,2025-09
264961,short,2025-09-29 06:25:00,2025-09-29 06:30:00,2025-09-29 06:38:00,3812.635,3816.4228880722226,SL,-3.9478880722222462,8,0.3941627202777373,ml_v2,2025-09
264965,short,2025-09-29 06:45:00,2025-09-29 06:50:00,2025-09-29 07:12:00,3814.845,3818.6742189871525,SL,-3.9892189871528037,22,0.39329506841509465,ml_v2,2025-09
265220,short,2025-09-30 05:00:00,2025-09-30 05:05:00,2025-09-30 05:09:00,3869.269,3862.884006944444,TP,6.224993055555536,4,0.39492299657569185,ml_v2,2025-09
265223,short,2025-09-30 05:15:00,2025-09-30 05:20:00,2025-09-30 06:18:00,3869.169,3862.737326388889,TP,6.27167361111109,58,0.3998716599697154,ml_v2,2025-09
265238,short,2025-09-30 06:30:00,2025-09-30 06:35:00,2025-09-30 06:49:00,3870.31,3863.942541666667,TP,6.207458333333309,14,0.3912263635508876,ml_v2,2025-09
265582,short,2025-10-01 12:10:00,2025-10-01 12:15:00,2025-10-01 12:16:00,3884.513,3888.3431634670137,SL,-3.9901634670138906,1,0.37724725024488914,ml_v2,2025-10
265593,short,2025-10-01 13:05:00,2025-10-01 13:10:00,2025-10-01 13:14:00,3872.565,3865.7264444444445,TP,6.678555555555546,4,0.37243641094348195,ml_v2,2025-10
265857,long,2025-10-02 12:05:00,2025-10-02 12:10:00,2025-10-02 12:13:00,3889.839,3886.244543784375,SL,-3.7544562156249848,3,0.412911100448395,ml_v2,2025-10
265872,long,2025-10-02 13:20:00,2025-10-02 13:25:00,2025-10-02 13:35:00,3892.699,3889.085670060764,SL,-3.7733299392360937,10,0.41282982918722766,ml_v2,2025-10
266174,long,2025-10-03 15:30:00,2025-10-03 15:35:00,2025-10-03 16:19:00,3885.607,3881.670475401736,SL,-4.09652459826388,44,0.4134706577282026,ml_v2,2025-10
266719,long,2025-10-07 15:00:00,2025-10-07 15:05:00,2025-10-07 15:07:00,3984.108,3979.9132514329863,SL,-4.354748567013876,2,0.41986620090167637,ml_v2,2025-10
266879,short,2025-10-08 05:20:00,2025-10-08 05:25:00,2025-10-08 06:03:00,4034.374,4027.092368055555,TP,7.121631944444424,38,0.37635519223001945,ml_v2,2025-10
266997,short,2025-10-08 15:10:00,2025-10-08 15:15:00,2025-10-08 15:23:00,4039.624,4043.8938783684025,SL,-4.429878368402776,8,0.37084835000824806,ml_v2,2025-10
267702,short,2025-10-13 05:00:00,2025-10-13 05:05:00,2025-10-13 05:20:00,4061.615,4068.3484588444444,SL,-6.893458844444445,15,0.3711113403687482,ml_v2,2025-10
267756,short,2025-10-13 09:30:00,2025-10-13 09:35:00,2025-10-13 09:51:00,4070.847,4077.4374018927087,SL,-6.750401892708332,16,0.37222928724354,ml_v2,2025-10
267933,short,2025-10-14 01:15:00,2025-10-14 01:20:00,2025-10-14 01:24:00,4141.984,4146.835844635764,SL,-5.011844635763855,4,0.37662034917471143,ml_v2,2025-10
268864,short,2025-10-17 12:35:00,2025-10-17 12:40:00,2025-10-17 12:49:00,4308.514,4317.879049588889,SL,-9.525049588888887,9,0.3731861782867896,ml_v2,2025-10
268875,short,2025-10-17 13:30:00,2025-10-17 13:35:00,2025-10-17 13:36:00,4295.069,4278.1751875,TP,16.733812499999992,1,0.3752197546560752,ml_v2,2025-10
268879,short,2025-10-17 13:50:00,2025-10-17 13:55:00,2025-10-17 13:59:00,4290.83,4273.533319444445,TP,17.13668055555554,4,0.3705985469419944,ml_v2,2025-10
268882,short,2025-10-17 14:05:00,2025-10-17 14:10:00,2025-10-17 14:11:00,4237.496,4247.647273515625,SL,-10.311273515624995,1,0.37760000654053566,ml_v2,2025-10
268885,short,2025-10-17 14:20:00,2025-10-17 14:25:00,2025-10-17 14:27:00,4226.012,4236.4456571204855,SL,-10.593657120486105,2,0.3787508828241813,ml_v2,2025-10
268892,short,2025-10-17 14:55:00,2025-10-17 15:00:00,2025-10-17 16:07:00,4248.941,4230.115520833333,TP,18.665479166666646,67,0.37939260133099434,ml_v2,2025-10
268908,short,2025-10-17 16:15:00,2025-10-17 16:20:00,2025-10-17 16:30:00,4232.032,4212.389180555556,TP,19.48281944444444,10,0.3728692895842053,ml_v2,2025-10
269144,long,2025-10-20 13:00:00,2025-10-20 13:05:00,2025-10-20 13:30:00,4318.116,4308.551558013542,SL,-9.724441986458313,25,0.41186060627903476,ml_v2,2025-10
269154,long,2025-10-20 13:50:00,2025-10-20 13:55:00,2025-10-20 13:59:00,4313.205,4303.760483145486,SL,-9.60451685451386,4,0.40964471310993344,ml_v2,2025-10
269158,long,2025-10-20 14:10:00,2025-10-20 14:15:00,2025-10-20 14:20:00,4316.341,4332.933756944445,TP,16.432756944444407,5,0.41092958063503415,ml_v2,2025-10
269163,long,2025-10-20 14:35:00,2025-10-20 14:40:00,2025-10-20 15:10:00,4326.833,4343.33886111111,TP,16.34586111111108,30,0.4196924570207792,ml_v2,2025-10
269318,short,2025-10-21 04:30:00,2025-10-21 04:35:00,2025-10-21 05:18:00,4342.367,4330.632965277778,TP,11.574034722222171,43,0.3746344935330914,ml_v2,2025-10
269329,short,2025-10-21 05:25:00,2025-10-21 05:30:00,2025-10-21 05:34:00,4333.152,4321.418423611111,TP,11.573576388888846,4,0.3778358585471245,ml_v2,2025-10
269353,short,2025-10-21 07:25:00,2025-10-21 07:30:00,2025-10-21 07:33:00,4324.908,4313.1198125,TP,11.628187499999973,3,0.3707766602001793,ml_v2,2025-10
269384,short,2025-10-21 10:00:00,2025-10-21 10:05:00,2025-10-21 11:15:00,4261.916,4269.283177052431,SL,-7.527177052430544,70,0.37461496061806454,ml_v2,2025-10
269406,short,2025-10-21 11:50:00,2025-10-21 11:55:00,2025-10-21 12:10:00,4253.47,4240.0995,TP,13.210499999999985,15,0.37416206991297074,ml_v2,2025-10
269714,short,2025-10-22 14:30:00,2025-10-22 14:35:00,2025-10-22 14:46:00,4040.861,4018.160284722222,TP,22.54071527777771,11,0.37580505665621566,ml_v2,2025-10
269719,short,2025-10-22 14:55:00,2025-10-22 15:00:00,2025-10-22 15:04:00,4014.994,4027.7601850631945,SL,-12.92618506319441,4,0.3721397149504332,ml_v2,2025-10
270167,short,2025-10-24 06:15:00,2025-10-24 06:20:00,2025-10-24 06:40:00,4088.514,4095.313679581597,SL,-6.9596795815972206,20,0.37199239005504114,ml_v2,2025-10
270185,short,2025-10-24 07:45:00,2025-10-24 07:50:00,2025-10-24 07:54:00,4083.935,4072.2720416666666,TP,11.502958333333314,4,0.37062098795100196,ml_v2,2025-10
270357,short,2025-10-26 23:10:00,2025-10-26 23:15:00,2025-10-26 23:38:00,4082.691,4070.028395833333,TP,12.502604166666686,23,0.37125626621760005,ml_v2,2025-10
270364,short,2025-10-26 23:45:00,2025-10-26 23:50:00,2025-10-27 00:08:00,4065.09,4072.408155372917,SL,-7.47815537291668,18,0.38748189612598455,ml_v2,2025-10
270375,short,2025-10-27 00:40:00,2025-10-27 00:45:00,2025-10-27 00:59:00,4074.947,4082.3920371149306,SL,-7.605037114930557,14,0.37248549991491275,ml_v2,2025-10
270533,short,2025-10-27 13:50:00,2025-10-27 13:55:00,2025-10-27 14:07:00,4018.461,4005.3539861111108,TP,12.947013888888929,12,0.370881448883395,ml_v2,2025-10
270796,short,2025-10-28 12:45:00,2025-10-28 12:50:00,2025-10-28 13:00:00,3910.961,3918.4063029979166,SL,-7.60530299791665,10,0.3708618799410469,ml_v2,2025-10
271532,short,2025-10-31 05:05:00,2025-10-31 05:10:00,2025-10-31 05:31:00,3997.358,4004.4035261020836,SL,-7.205526102083318,21,0.378271199222625,ml_v2,2025-10
271730,short,2025-11-02 23:35:00,2025-11-02 23:40:00,2025-11-03 00:13:00,3987.373,3976.418215277778,TP,10.794784722222197,33,0.36382821584820624,ml_v2,2025-11
272077,short,2025-11-04 05:30:00,2025-11-04 05:35:00,2025-11-04 06:02:00,3979.513,3970.4114097222223,TP,8.941590277777745,27,0.36533919243153906,ml_v2,2025-11
272284,short,2025-11-04 23:45:00,2025-11-04 23:50:00,2025-11-04 23:52:00,3931.948,3937.5275147795137,SL,-5.739514779513884,2,0.3628166505205619,ml_v2,2025-11
273045,short,2025-11-07 17:10:00,2025-11-07 17:15:00,2025-11-07 17:18:00,3999.761,3992.274534722222,TP,7.326465277777755,3,0.36412420939359647,ml_v2,2025-11
273135,short,2025-11-10 01:40:00,2025-11-10 01:45:00,2025-11-10 01:54:00,4050.775,4042.969541666667,TP,7.645458333333307,9,0.36363120094865137,ml_v2,2025-11
273388,short,2025-11-10 23:45:00,2025-11-10 23:50:00,2025-11-11 00:30:00,4122.388,4126.625202539931,SL,-4.397202539930547,40,0.3654253781757132,ml_v2,2025-11
273662,short,2025-11-11 23:35:00,2025-11-11 23:40:00,2025-11-12 00:57:00,4141.803,4134.715548611111,TP,6.927451388888805,77,0.366896862127921,ml_v2,2025-11
273733,short,2025-11-12 05:30:00,2025-11-12 05:35:00,2025-11-12 05:36:00,4101.832,4105.97404024132,SL,-4.302040241319402,1,0.36609776584443426,ml_v2,2025-11
273736,short,2025-11-12 05:45:00,2025-11-12 05:50:00,2025-11-12 05:53:00,4102.852,4107.016501401042,SL,-4.32450140104162,3,0.36363881619453114,ml_v2,2025-11
273739,short,2025-11-12 06:00:00,2025-11-12 06:05:00,2025-11-12 06:20:00,4105.721,4109.893688215971,SL,-4.332688215972176,15,0.3696021565961806,ml_v2,2025-11
273804,short,2025-11-12 11:25:00,2025-11-12 11:30:00,2025-11-12 11:38:00,4124.215,4128.408526298958,SL,-4.3535262989582915,8,0.3675807065140264,ml_v2,2025-11
273810,short,2025-11-12 11:55:00,2025-11-12 12:00:00,2025-11-12 12:06:00,4126.096,4130.285165024305,SL,-4.349165024305509,6,0.3724604493748205,ml_v2,2025-11
273814,short,2025-11-12 12:15:00,2025-11-12 12:20:00,2025-11-12 12:26:00,4131.167,4135.366248735764,SL,-4.35924873576385,6,0.36708795491566826,ml_v2,2025-11
273818,short,2025-11-12 12:35:00,2025-11-12 12:40:00,2025-11-12 12:55:00,4137.86,4130.501604166667,TP,7.198395833333279,15,0.37597657207360435,ml_v2,2025-11
273824,short,2025-11-12 13:05:00,2025-11-12 13:10:00,2025-11-12 13:24:00,4125.502,4129.732575307292,SL,-4.39057530729163,14,0.3880626286467074,ml_v2,2025-11
273829,short,2025-11-12 13:30:00,2025-11-12 13:35:00,2025-11-12 14:10:00,4131.766,4136.044589012499,SL,-4.438589012499963,35,0.37991303457818015,ml_v2,2025-11
274363,short,2025-11-14 12:05:00,2025-11-14 12:10:00,2025-11-14 12:13:00,4135.469,4123.999145833333,TP,11.309854166666627,3,0.3684628483467994,ml_v2,2025-11
274366,short,2025-11-14 12:20:00,2025-11-14 12:25:00,2025-11-14 12:40:00,4120.022,4108.410104166666,TP,11.451895833333298,15,0.3644085106068549,ml_v2,2025-11
274372,short,2025-11-14 12:50:00,2025-11-14 12:55:00,2025-11-14 13:11:00,4112.427,4100.650895833333,TP,11.616104166666622,16,0.3629126656936449,ml_v2,2025-11
274378,short,2025-11-14 13:20:00,2025-11-14 13:25:00,2025-11-14 13:26:00,4071.163,4058.942375,TP,12.060624999999963,1,0.37036244641695004,ml_v2,2025-11
274381,short,2025-11-14 13:35:00,2025-11-14 13:40:00,2025-11-14 13:50:00,4055.887,4043.4260000000004,TP,12.300999999999963,10,0.37044836651239377,ml_v2,2025-11
274386,short,2025-11-14 14:00:00,2025-11-14 14:05:00,2025-11-14 14:21:00,4049.07,4056.338256676389,SL,-7.428256676388874,16,0.370775312890148,ml_v2,2025-11
274392,short,2025-11-14 14:30:00,2025-11-14 14:35:00,2025-11-14 14:36:00,4040.709,4048.064700431597,SL,-7.5157004315972005,1,0.37608112465295773,ml_v2,2025-11
274846,short,2025-11-18 06:20:00,2025-11-18 06:25:00,2025-11-18 07:30:00,4012.093,4000.936048611111,TP,10.996951388888862,65,0.36510311869129797,ml_v2,2025-11
275203,short,2025-11-19 13:05:00,2025-11-19 13:10:00,2025-11-19 13:31:00,4107.304,4112.703222304514,SL,-5.559222304513872,21,0.36307630195221885,ml_v2,2025-11
275219,short,2025-11-19 14:25:00,2025-11-19 14:30:00,2025-11-19 14:33:00,4106.915,4112.306170415278,SL,-5.551170415277743,3,0.36365431014409233,ml_v2,2025-11
275231,short,2025-11-19 15:25:00,2025-11-19 15:30:00,2025-11-19 15:45:00,4116.376,4106.872479166667,TP,9.343520833333283,15,0.36473359238061887,ml_v2,2025-11
275504,short,2025-11-20 15:30:00,2025-11-20 15:35:00,2025-11-20 15:40:00,4079.374,4086.660836738194,SL,-7.446836738194434,5,0.36598242889795285,ml_v2,2025-11
275661,short,2025-11-21 05:35:00,2025-11-21 05:40:00,2025-11-21 05:56:00,4049.899,4056.800417523611,SL,-7.061417523611113,16,0.36662490458964986,ml_v2,2025-11
275669,short,2025-11-21 06:15:00,2025-11-21 06:20:00,2025-11-21 06:30:00,4042.989,4030.704548611111,TP,12.124451388888893,10,0.3711397281025376,ml_v2,2025-11
275674,short,2025-11-21 06:40:00,2025-11-21 06:45:00,2025-11-21 08:03:00,4036.05,4023.640166666667,TP,12.24983333333334,78,0.3740325847434966,ml_v2,2025-11
275719,short,2025-11-21 10:25:00,2025-11-21 10:30:00,2025-11-21 10:49:00,4032.764,4039.879608095139,SL,-7.275608095138892,19,0.3642304220962493,ml_v2,2025-11
275768,short,2025-11-21 14:30:00,2025-11-21 14:35:00,2025-11-21 14:54:00,4067.046,4074.2323250326385,SL,-7.346325032638891,19,0.36887294306359275,ml_v2,2025-11
275780,short,2025-11-21 15:30:00,2025-11-21 15:35:00,2025-11-21 15:41:00,4067.531,4055.272375,TP,12.098624999999988,6,0.3672647923396784,ml_v2,2025-11
275799,short,2025-11-21 17:05:00,2025-11-21 17:10:00,2025-11-21 18:31:00,4089.229,4077.3911527777777,TP,11.677847222222203,81,0.3630598325605659,ml_v2,2025-11
276045,short,2025-11-24 14:35:00,2025-11-24 14:40:00,2025-11-24 14:47:00,4071.871,4077.2441975190973,SL,-5.533197519097191,7,0.364174562235689,ml_v2,2025-11
276570,short,2025-11-26 12:25:00,2025-11-26 12:30:00,2025-11-26 12:46:00,4161.925,4153.489541666667,TP,8.275458333333335,16,0.3668306416641729,ml_v2,2025-11
277140,short,2025-11-28 17:05:00,2025-11-28 17:10:00,2025-11-28 17:53:00,4211.17,4215.123342689236,SL,-4.113342689236075,43,0.36268259420252535,ml_v2,2025-11
277183,long,2025-12-01 00:00:00,2025-12-01 00:05:00,2025-12-01 00:28:00,4221.662,4228.864027777778,TP,7.042027777777712,23,0.44861421918499383,ml_v2,2025-12
277190,long,2025-12-01 00:35:00,2025-12-01 00:40:00,2025-12-01 01:04:00,4228.559,4224.359993336806,SL,-4.359006663194415,24,0.4223244179955731,ml_v2,2025-12
277197,long,2025-12-01 01:10:00,2025-12-01 01:15:00,2025-12-01 01:28:00,4228.418,4236.056548611111,TP,7.478548611111067,13,0.43221528259125475,ml_v2,2025-12
277215,long,2025-12-01 02:40:00,2025-12-01 02:45:00,2025-12-01 03:13:00,4239.755,4235.024259111806,SL,-4.890740888194422,28,0.3969629856468535,ml_v2,2025-12
277225,long,2025-12-01 03:30:00,2025-12-01 03:35:00,2025-12-01 05:13:00,4238.982,4234.146687730208,SL,-4.9953122697916506,98,0.3952108578803293,ml_v2,2025-12
277260,short,2025-12-01 06:25:00,2025-12-01 06:30:00,2025-12-01 06:45:00,4231.518,4236.49340085625,SL,-5.135400856249978,15,0.35655213647517753,ml_v2,2025-12
277268,long,2025-12-01 07:05:00,2025-12-01 07:10:00,2025-12-01 07:20:00,4238.313,4233.315411803819,SL,-5.157588196180528,10,0.41329035577469175,ml_v2,2025-12
277276,long,2025-12-01 07:45:00,2025-12-01 07:50:00,2025-12-01 08:10:00,4242.646,4251.489437499999,TP,8.683437499999943,20,0.4050461787782017,ml_v2,2025-12
277285,long,2025-12-01 08:30:00,2025-12-01 08:35:00,2025-12-01 08:46:00,4245.208,4240.132238237499,SL,-5.235761762499963,11,0.40537116630212233,ml_v2,2025-12
277291,long,2025-12-01 09:00:00,2025-12-01 09:05:00,2025-12-01 10:04:00,4247.51,4256.4739375,TP,8.803937499999936,59,0.39510980646189814,ml_v2,2025-12
277305,long,2025-12-01 10:10:00,2025-12-01 10:15:00,2025-12-01 10:21:00,4258.846,4253.839990853125,SL,-5.166009146874959,6,0.39836889031073275,ml_v2,2025-12
277311,long,2025-12-01 10:40:00,2025-12-01 10:45:00,2025-12-01 11:20:00,4254.39,4249.338735187847,SL,-5.211264812152746,35,0.39178458675057076,ml_v2,2025-12
277331,long,2025-12-01 12:20:00,2025-12-01 12:25:00,2025-12-01 13:21:00,4248.613,4257.197618055556,TP,8.424618055555507,56,0.39476824628959384,ml_v2,2025-12
277346,long,2025-12-01 13:35:00,2025-12-01 13:40:00,2025-12-01 13:51:00,4260.084,4255.1820185635415,SL,-5.061981436458315,11,0.39870076915810426,ml_v2,2025-12
277352,long,2025-12-01 14:05:00,2025-12-01 14:10:00,2025-12-01 14:21:00,4248.01,4243.03822626389,SL,-5.131773736111088,11,0.4163733392397443,ml_v2,2025-12
277365,long,2025-12-01 15:10:00,2025-12-01 15:15:00,2025-12-01 15:16:00,4231.416,4226.257687522917,SL,-5.318312477083313,1,0.4024616343636429,ml_v2,2025-12
277368,long,2025-12-01 15:25:00,2025-12-01 15:30:00,2025-12-01 15:31:00,4228.116,4222.883204571181,SL,-5.392795428819426,1,0.3940079557203558,ml_v2,2025-12
277372,long,2025-12-01 15:45:00,2025-12-01 15:50:00,2025-12-01 16:07:00,4228.001,4237.2830347222225,TP,9.1220347222222,17,0.39610099043190616,ml_v2,2025-12
277378,long,2025-12-01 16:15:00,2025-12-01 16:20:00,2025-12-01 16:30:00,4230.76,4240.233576388889,TP,9.313576388888862,10,0.4031098958444077,ml_v2,2025-12
277385,long,2025-12-01 16:50:00,2025-12-01 16:55:00,2025-12-01 17:00:00,4230.087,4224.569479608681,SL,-5.677520391319428,5,0.4000416012232661,ml_v2,2025-12
277389,long,2025-12-01 17:10:00,2025-12-01 17:15:00,2025-12-01 17:37:00,4229.933,4239.638729166667,TP,9.545729166666641,22,0.4008203224102358,ml_v2,2025-12
277419,long,2025-12-01 19:40:00,2025-12-01 19:45:00,2025-12-01 21:45:00,4233.853,4234.402,TIMEOUT,0.38899999999997814,120,0.4082217148814007,ml_v2,2025-12
277471,long,2025-12-02 01:00:00,2025-12-02 01:05:00,2025-12-02 01:09:00,4215.48,4210.147708776735,SL,-5.492291223263885,4,0.392371077566932,ml_v2,2025-12
277535,short,2025-12-02 06:20:00,2025-12-02 06:25:00,2025-12-02 06:30:00,4212.788,4203.883506944444,TP,8.744493055555557,5,0.3681377354104608,ml_v2,2025-12
277588,short,2025-12-02 10:45:00,2025-12-02 10:50:00,2025-12-02 11:20:00,4185.201,4190.340942740625,SL,-5.299942740625024,30,0.3617798967182668,ml_v2,2025-12
277724,long,2025-12-02 23:05:00,2025-12-02 23:10:00,2025-12-02 23:12:00,4212.266,4207.455442626736,SL,-4.970557373263879,2,0.41106285201356824,ml_v2,2025-12
277727,long,2025-12-02 23:20:00,2025-12-02 23:25:00,2025-12-03 00:48:00,4209.997,4205.162366327084,SL,-4.9946336729166605,83,0.41387419927218516,ml_v2,2025-12
277749,short,2025-12-03 01:10:00,2025-12-03 01:15:00,2025-12-03 02:04:00,4216.163,4221.041127367361,SL,-5.038127367361101,49,0.3581546280892473,ml_v2,2025-12
277785,short,2025-12-03 04:10:00,2025-12-03 04:15:00,2025-12-03 04:38:00,4220.327,4224.931184555208,SL,-4.764184555208317,23,0.35809292360048584,ml_v2,2025-12
277793,short,2025-12-03 04:50:00,2025-12-03 04:55:00,2025-12-03 05:36:00,4221.287,4213.288611111111,TP,7.838388888888858,41,0.35720879300337127,ml_v2,2025-12
277825,short,2025-12-03 07:30:00,2025-12-03 07:35:00,2025-12-03 07:51:00,4203.062,4207.6630018961805,SL,-4.761001896180544,16,0.36268247495293937,ml_v2,2025-12
277886,short,2025-12-03 12:35:00,2025-12-03 12:40:00,2025-12-03 13:07:00,4212.356,4216.740362820138,SL,-4.544362820138883,27,0.35987207144562294,ml_v2,2025-12
277909,long,2025-12-03 14:30:00,2025-12-03 14:35:00,2025-12-03 14:36:00,4239.031,4234.4598285875,SL,-4.731171412499989,1,0.40208347542140704,ml_v2,2025-12
277912,short,2025-12-03 14:45:00,2025-12-03 14:50:00,2025-12-03 14:53:00,4218.489,4210.367673611111,TP,7.9613263888888675,3,0.36668507267484207,ml_v2,2025-12
277915,short,2025-12-03 15:00:00,2025-12-03 15:05:00,2025-12-03 15:16:00,4215.916,4220.628910854514,SL,-4.872910854513873,11,0.3663733105803444,ml_v2,2025-12
277920,short,2025-12-03 15:25:00,2025-12-03 15:30:00,2025-12-03 15:33:00,4221.661,4226.3958918375,SL,-4.894891837499986,3,0.37662923017966865,ml_v2,2025-12
277923,short,2025-12-03 15:40:00,2025-12-03 15:45:00,2025-12-03 15:51:00,4227.41,4219.171347222222,TP,8.078652777777751,6,0.36958910206782936,ml_v2,2025-12
277927,short,2025-12-03 16:00:00,2025-12-03 16:05:00,2025-12-03 16:21:00,4220.89,4212.661902777778,TP,8.068097222222207,16,0.38367615152844925,ml_v2,2025-12
277933,short,2025-12-03 16:30:00,2025-12-03 16:35:00,2025-12-03 16:50:00,4222.838,4214.745194444444,TP,7.932805555555547,15,0.35688198784816383,ml_v2,2025-12
278011,long,2025-12-04 00:00:00,2025-12-04 00:05:00,2025-12-04 00:33:00,4206.427,4214.166895833333,TP,7.579895833333327,28,0.40280729817818983,ml_v2,2025-12
278021,long,2025-12-04 00:50:00,2025-12-04 00:55:00,2025-12-04 01:03:00,4211.82,4207.44669315,SL,-4.533306849999997,8,0.39345724409389404,ml_v2,2025-12
278073,short,2025-12-04 05:10:00,2025-12-04 05:15:00,2025-12-04 05:30:00,4194.327,4198.692754979515,SL,-4.525754979513896,15,0.35641265719796744,ml_v2,2025-12
278079,short,2025-12-04 05:40:00,2025-12-04 05:45:00,2025-12-04 05:53:00,4184.174,4176.393784722222,TP,7.6202152777777945,8,0.370844590945968,ml_v2,2025-12
278083,short,2025-12-04 06:00:00,2025-12-04 06:05:00,2025-12-04 06:40:00,4183.734,4188.243724663889,SL,-4.669724663888898,35,0.3696042629916757,ml_v2,2025-12
278095,short,2025-12-04 07:00:00,2025-12-04 07:05:00,2025-12-04 07:15:00,4188.338,4192.831771684722,SL,-4.65377168472223,10,0.3624840063869985,ml_v2,2025-12
278118,short,2025-12-04 08:55:00,2025-12-04 09:00:00,2025-12-04 09:04:00,4184.743,4189.248720545486,SL,-4.6657205454861055,4,0.3609410060465368,ml_v2,2025-12
278213,short,2025-12-04 16:50:00,2025-12-04 16:55:00,2025-12-04 18:55:00,4214.401,4209.602,TIMEOUT,4.638999999999978,120,0.35610189582176244,ml_v2,2025-12
278302,short,2025-12-05 01:15:00,2025-12-05 01:20:00,2025-12-05 01:24:00,4195.98,4199.943489895139,SL,-4.1234898951388805,4,0.3606754979248892,ml_v2,2025-12
278334,short,2025-12-05 03:55:00,2025-12-05 04:00:00,2025-12-05 04:14:00,4209.544,4213.4562895624995,SL,-4.07228956249998,14,0.35647554603775844,ml_v2,2025-12
278393,short,2025-12-05 08:50:00,2025-12-05 08:55:00,2025-12-05 09:42:00,4221.009,4224.6578947649305,SL,-3.808894764930527,47,0.36282976423103563,ml_v2,2025-12
278405,short,2025-12-05 09:50:00,2025-12-05 09:55:00,2025-12-05 11:55:00,4224.395,4222.794,TIMEOUT,1.4410000000005676,120,0.3586237789603758,ml_v2,2025-12
278432,long,2025-12-05 12:05:00,2025-12-05 12:10:00,2025-12-05 13:00:00,4226.281,4232.424020833333,TP,5.983020833333285,50,0.3997915053428969,ml_v2,2025-12
278446,short,2025-12-05 13:15:00,2025-12-05 13:20:00,2025-12-05 13:25:00,4225.787,4229.312163934723,SL,-3.6851639347221896,5,0.37319427090477564,ml_v2,2025-12
278450,long,2025-12-05 13:35:00,2025-12-05 13:40:00,2025-12-05 13:42:00,4236.02,4232.467303286806,SL,-3.7126967131944126,2,0.39282182332313764,ml_v2,2025-12
278457,long,2025-12-05 14:10:00,2025-12-05 14:15:00,2025-12-05 14:17:00,4237.397,4233.836322828819,SL,-3.720677171180529,2,0.3939578368940815,ml_v2,2025-12
278460,short,2025-12-05 14:25:00,2025-12-05 14:30:00,2025-12-05 14:42:00,4231.687,4235.239450672222,SL,-3.712450672222198,12,0.36530426492228607,ml_v2,2025-12
278465,long,2025-12-05 14:50:00,2025-12-05 14:55:00,2025-12-05 14:56:00,4245.44,4241.892124896181,SL,-3.707875103819423,1,0.4019718001779627,ml_v2,2025-12
278468,long,2025-12-05 15:05:00,2025-12-05 15:10:00,2025-12-05 15:20:00,4237.426,4243.647284722222,TP,6.061284722222183,10,0.4003779515071803,ml_v2,2025-12
278474,short,2025-12-05 15:35:00,2025-12-05 15:40:00,2025-12-05 15:46:00,4257.361,4251.136590277778,TP,6.064409722222169,6,0.3699783038044884,ml_v2,2025-12
278479,short,2025-12-05 16:00:00,2025-12-05 16:05:00,2025-12-05 16:09:00,4239.35,4233.1745,TP,6.015499999999949,4,0.3592568140173866,ml_v2,2025-12
278559,long,2025-12-08 00:00:00,2025-12-08 00:05:00,2025-12-08 00:10:00,4199.944,4207.020854166667,TP,6.916854166666623,5,0.3957743081158852,ml_v2,2025-12
278563,long,2025-12-08 00:20:00,2025-12-08 00:25:00,2025-12-08 01:01:00,4207.187,4203.106049351041,SL,-4.240950648958304,36,0.42540540162683593,ml_v2,2025-12
278651,short,2025-12-08 07:40:00,2025-12-08 07:45:00,2025-12-08 08:22:00,4210.015,4214.219467185417,SL,-4.364467185416645,37,0.3606515347445126,ml_v2,2025-12
278735,short,2025-12-08 14:40:00,2025-12-08 14:45:00,2025-12-08 14:47:00,4198.387,4202.884434520486,SL,-4.6574345204861105,2,0.36088176683079703,ml_v2,2025-12
278738,short,2025-12-08 14:55:00,2025-12-08 15:00:00,2025-12-08 15:04:00,4196.74,4188.806284722222,TP,7.773715277777789,4,0.3587705256093691,ml_v2,2025-12
278782,long,2025-12-08 18:35:00,2025-12-08 18:40:00,2025-12-08 18:56:00,4191.076,4186.876648085764,SL,-4.359351914236133,16,0.3958695543297319,ml_v2,2025-12
278788,long,2025-12-08 19:05:00,2025-12-08 19:10:00,2025-12-08 20:40:00,4186.798,4194.078666666666,TP,7.1206666666667,90,0.39567557049575175,ml_v2,2025-12
278836,long,2025-12-09 00:05:00,2025-12-09 00:10:00,2025-12-09 01:00:00,4193.101,4189.176602840625,SL,-4.084397159375018,50,0.39638202303701636,ml_v2,2025-12
278901,short,2025-12-09 05:30:00,2025-12-09 05:35:00,2025-12-09 06:09:00,4181.768,4175.517694444445,TP,6.090305555555586,34,0.3624033215482324,ml_v2,2025-12
278911,short,2025-12-09 06:20:00,2025-12-09 06:25:00,2025-12-09 06:32:00,4176.405,4180.021163378819,SL,-3.7761633788194686,7,0.35577634303165373,ml_v2,2025-12
278945,short,2025-12-09 09:10:00,2025-12-09 09:15:00,2025-12-09 09:16:00,4203.469,4207.08606420625,SL,-3.7770642062500377,1,0.35838404624057707,ml_v2,2025-12
278948,short,2025-12-09 09:25:00,2025-12-09 09:30:00,2025-12-09 09:57:00,4207.225,4200.867680555556,TP,6.197319444444499,27,0.3646091503918203,ml_v2,2025-12
278956,short,2025-12-09 10:05:00,2025-12-09 10:10:00,2025-12-09 10:17:00,4203.198,4206.822425593403,SL,-3.7844255934028137,7,0.3717247528851064,ml_v2,2025-12
278960,short,2025-12-09 10:25:00,2025-12-09 10:30:00,2025-12-09 12:30:00,4204.334,4202.942,TIMEOUT,1.2319999999998255,120,0.3759378773987325,ml_v2,2025-12
278987,short,2025-12-09 12:40:00,2025-12-09 12:45:00,2025-12-09 12:49:00,4202.016,4205.572661147569,SL,-3.7166611475694915,4,0.37612533310970586,ml_v2,2025-12
278990,short,2025-12-09 12:55:00,2025-12-09 13:00:00,2025-12-09 13:03:00,4204.213,4207.777399532986,SL,-3.7243995329861534,3,0.3915497149784527,ml_v2,2025-12
278993,short,2025-12-09 13:10:00,2025-12-09 13:15:00,2025-12-09 13:27:00,4205.264,4199.001631944445,TP,6.102368055555637,12,0.39038529862551063,ml_v2,2025-12
278998,short,2025-12-09 13:35:00,2025-12-09 13:40:00,2025-12-09 13:52:00,4198.775,4202.414874585416,SL,-3.7998745854167137,12,0.3638808863320765,ml_v2,2025-12
279003,short,2025-12-09 14:00:00,2025-12-09 14:05:00,2025-12-09 14:11:00,4197.919,4191.546541666667,TP,6.212458333333409,6,0.36333382000116676,ml_v2,2025-12
279009,short,2025-12-09 14:30:00,2025-12-09 14:35:00,2025-12-09 14:44:00,4200.652,4204.32380832257,SL,-3.831808322569486,9,0.3827270965720131,ml_v2,2025-12
279014,short,2025-12-09 14:55:00,2025-12-09 15:00:00,2025-12-09 15:02:00,4204.938,4198.444416666666,TP,6.333583333333396,2,0.3675719748879387,ml_v2,2025-12
279026,long,2025-12-09 15:55:00,2025-12-09 16:00:00,2025-12-09 16:11:00,4212.522,4219.044965277778,TP,6.3629652777778265,11,0.400593201834028,ml_v2,2025-12
279109,short,2025-12-09 23:50:00,2025-12-09 23:55:00,2025-12-10 01:11:00,4209.92,4213.488244915278,SL,-3.7282449152778345,76,0.3582265362710622,ml_v2,2025-12
279131,short,2025-12-10 01:40:00,2025-12-10 01:45:00,2025-12-10 01:56:00,4212.535,4216.182093110069,SL,-3.8070931100695002,11,0.36610581319647845,ml_v2,2025-12
279138,short,2025-12-10 02:15:00,2025-12-10 02:20:00,2025-12-10 02:37:00,4212.745,4216.374731347916,SL,-3.7897313479167263,17,0.3602671657116991,ml_v2,2025-12
279167,short,2025-12-10 04:40:00,2025-12-10 04:45:00,2025-12-10 05:42:00,4207.694,4211.3104451354175,SL,-3.7764451354167226,57,0.3587993431500852,ml_v2,2025-12
279181,short,2025-12-10 05:50:00,2025-12-10 05:55:00,2025-12-10 06:19:00,4212.458,4206.120069444444,TP,6.177930555555626,24,0.39954051460756707,ml_v2,2025-12
279188,short,2025-12-10 06:25:00,2025-12-10 06:30:00,2025-12-10 08:10:00,4207.238,4200.879902777778,TP,6.198097222222284,100,0.37028479407430015,ml_v2,2025-12
279219,short,2025-12-10 09:00:00,2025-12-10 09:05:00,2025-12-10 10:31:00,4197.43,4191.166777777778,TP,6.10322222222227,86,0.35566895036292967,ml_v2,2025-12
279286,short,2025-12-10 14:35:00,2025-12-10 14:40:00,2025-12-10 14:41:00,4193.192,4196.675122675694,SL,-3.6431226756944337,1,0.3649196238864611,ml_v2,2025-12
279290,short,2025-12-10 14:55:00,2025-12-10 15:00:00,2025-12-10 15:01:00,4192.603,4196.120778737153,SL,-3.677778737152764,1,0.3683235706437777,ml_v2,2025-12
279293,short,2025-12-10 15:10:00,2025-12-10 15:15:00,2025-12-10 15:34:00,4194.584,4198.107199575347,SL,-3.6831995753472047,19,0.35632114408424254,ml_v2,2025-12
279300,short,2025-12-10 15:45:00,2025-12-10 15:50:00,2025-12-10 16:19:00,4193.577,4197.030744589931,SL,-3.61374458993054,29,0.3592525224829628,ml_v2,2025-12
279351,long,2025-12-10 20:00:00,2025-12-10 20:05:00,2025-12-10 20:11:00,4223.799,4230.307305555555,TP,6.348305555555517,6,0.39738291542507476,ml_v2,2025-12
279355,long,2025-12-10 20:20:00,2025-12-10 20:25:00,2025-12-10 20:46:00,4229.208,4235.909118055555,TP,6.541118055555507,21,0.399405393640493,ml_v2,2025-12
279362,long,2025-12-10 20:55:00,2025-12-10 21:00:00,2025-12-10 21:06:00,4229.729,4225.813376979167,SL,-4.075623020833307,6,0.3939481166348421,ml_v2,2025-12
279375,long,2025-12-10 23:00:00,2025-12-10 23:05:00,2025-12-10 23:16:00,4228.657,4224.704720842708,SL,-4.112279157291634,11,0.39908102453369376,ml_v2,2025-12
279384,long,2025-12-10 23:45:00,2025-12-10 23:50:00,2025-12-11 00:09:00,4230.484,4237.464069444445,TP,6.820069444444382,19,0.40447426318828184,ml_v2,2025-12
279390,long,2025-12-11 00:15:00,2025-12-11 00:20:00,2025-12-11 00:55:00,4241.286,4237.242153917014,SL,-4.203846082986077,35,0.44646594446532917,ml_v2,2025-12
279400,long,2025-12-11 01:05:00,2025-12-11 01:10:00,2025-12-11 01:14:00,4244.286,4240.171135380903,SL,-4.27486461909719,4,0.4438759933709855,ml_v2,2025-12
279403,long,2025-12-11 01:20:00,2025-12-11 01:25:00,2025-12-11 02:11:00,4236.635,4232.494634424653,SL,-4.300365575347189,46,0.4131582260065143,ml_v2,2025-12
279449,short,2025-12-11 05:10:00,2025-12-11 05:15:00,2025-12-11 06:03:00,4212.304,4204.745590277778,TP,7.398409722222172,48,0.3582741156226783,ml_v2,2025-12
279461,short,2025-12-11 06:10:00,2025-12-11 06:15:00,2025-12-11 06:33:00,4210.993,4215.390732369097,SL,-4.557732369097211,18,0.3824691906577735,ml_v2,2025-12
279467,short,2025-12-11 06:40:00,2025-12-11 06:45:00,2025-12-11 07:48:00,4214.09,4218.490450725,SL,-4.560450724999987,63,0.3669270262128501,ml_v2,2025-12
279539,short,2025-12-11 12:40:00,2025-12-11 12:45:00,2025-12-11 13:10:00,4219.19,4211.2994375,TP,7.730562499999993,25,0.3583943332989178,ml_v2,2025-12
279563,long,2025-12-11 14:40:00,2025-12-11 14:45:00,2025-12-11 14:46:00,4243.712,4238.983675869098,SL,-4.888324130902776,1,0.39518686068668457,ml_v2,2025-12
279570,long,2025-12-11 15:15:00,2025-12-11 15:20:00,2025-12-11 15:40:00,4239.88,4248.309180555556,TP,8.26918055555556,20,0.39982012770595543,ml_v2,2025-12
279577,long,2025-12-11 15:50:00,2025-12-11 15:55:00,2025-12-11 15:57:00,4257.162,4252.319485079167,SL,-5.002514920833342,2,0.3952269964230589,ml_v2,2025-12
279613,long,2025-12-11 18:50:00,2025-12-11 18:55:00,2025-12-11 18:57:00,4277.783,4272.712043973264,SL,-5.230956026736103,2,0.40039937144891957,ml_v2,2025-12
279616,long,2025-12-11 19:05:00,2025-12-11 19:10:00,2025-12-11 19:35:00,4266.227,4275.253104166666,TP,8.866104166666648,25,0.4107570651000282,ml_v2,2025-12
279624,long,2025-12-11 19:45:00,2025-12-11 19:50:00,2025-12-11 20:07:00,4275.476,4270.290313480556,SL,-5.34568651944444,17,0.3964030493875933,ml_v2,2025-12
279630,long,2025-12-11 20:15:00,2025-12-11 20:20:00,2025-12-11 21:21:00,4268.192,4277.0585972222225,TP,8.706597222222221,61,0.40344323182292097,ml_v2,2025-12
279651,long,2025-12-11 23:00:00,2025-12-11 23:05:00,2025-12-11 23:24:00,4282.962,4278.554965694792,SL,-4.567034305208337,19,0.3919433741296863,ml_v2,2025-12
279657,long,2025-12-11 23:30:00,2025-12-11 23:35:00,2025-12-11 23:39:00,4277.378,4273.006129711805,SL,-4.531870288194453,4,0.44370570881168014,ml_v2,2025-12
279660,long,2025-12-11 23:45:00,2025-12-11 23:50:00,2025-12-12 00:54:00,4275.179,4270.7869781625,SL,-4.552021837500005,64,0.43894696486773443,ml_v2,2025-12
279675,long,2025-12-12 01:00:00,2025-12-12 01:05:00,2025-12-12 01:13:00,4267.267,4275.035243055556,TP,7.6082430555555645,8,0.41232596776382785,ml_v2,2025-12
279679,long,2025-12-12 01:20:00,2025-12-12 01:25:00,2025-12-12 02:12:00,4268.785,4276.573229166666,TP,7.6282291666666735,47,0.4283846037904333,ml_v2,2025-12
279724,short,2025-12-12 05:05:00,2025-12-12 05:10:00,2025-12-12 05:21:00,4268.002,4272.250845833681,SL,-4.408845833680552,11,0.36097291197313713,ml_v2,2025-12
279733,short,2025-12-12 05:50:00,2025-12-12 05:55:00,2025-12-12 06:37:00,4278.161,4282.390146682292,SL,-4.389146682291663,42,0.35676459028542656,ml_v2,2025-12
279791,short,2025-12-12 10:40:00,2025-12-12 10:45:00,2025-12-12 11:02:00,4327.925,4332.27140504757,SL,-4.506405047569433,17,0.3574342265731483,ml_v2,2025-12
279797,short,2025-12-12 11:10:00,2025-12-12 11:15:00,2025-12-12 12:39:00,4335.755,4328.119034722223,TP,7.475965277777757,84,0.3577882185584693,ml_v2,2025-12
279825,short,2025-12-12 13:30:00,2025-12-12 13:35:00,2025-12-12 13:46:00,4341.661,4333.739111111111,TP,7.761888888888854,11,0.35560226485247826,ml_v2,2025-12
279846,long,2025-12-12 15:15:00,2025-12-12 15:20:00,2025-12-12 15:21:00,4326.574,4321.8360247135415,SL,-4.897975286458316,1,0.40163653382241155,ml_v2,2025-12
279850,long,2025-12-12 15:35:00,2025-12-12 15:40:00,2025-12-12 15:41:00,4315.476,4310.552061390972,SL,-5.0839386090277605,1,0.39418222455844554,ml_v2,2025-12
279869,short,2025-12-12 17:10:00,2025-12-12 17:15:00,2025-12-12 17:16:00,4273.791,4279.14115697257,SL,-5.5101569725694315,1,0.3584502754591715,ml_v2,2025-12
279908,long,2025-12-12 20:25:00,2025-12-12 20:30:00,2025-12-12 20:47:00,4293.346,4302.690916666666,TP,9.184916666666645,17,0.4060005774528759,ml_v2,2025-12
279951,long,2025-12-15 01:00:00,2025-12-15 01:05:00,2025-12-15 01:11:00,4312.975,4307.579273858334,SL,-5.555726141666662,6,0.3965344522837033,ml_v2,2025-12
279973,short,2025-12-15 02:50:00,2025-12-15 02:55:00,2025-12-15 04:55:00,4325.373,4326.923,TIMEOUT,-1.7100000000001818,120,0.3557200063944138,ml_v2,2025-12
280001,short,2025-12-15 05:10:00,2025-12-15 05:15:00,2025-12-15 05:30:00,4326.362,4331.758182507986,SL,-5.5561825079860805,15,0.3719216928323006,ml_v2,2025-12
280020,short,2025-12-15 06:45:00,2025-12-15 06:50:00,2025-12-15 07:39:00,4345.726,4336.140520833333,TP,9.425479166666637,49,0.3562101617892479,ml_v2,2025-12
280069,short,2025-12-15 10:50:00,2025-12-15 10:55:00,2025-12-15 12:29:00,4340.788,4346.183126912847,SL,-5.555126912847206,94,0.3584305035152796,ml_v2,2025-12
280091,short,2025-12-15 12:40:00,2025-12-15 12:45:00,2025-12-15 13:07:00,4345.525,4336.34311111111,TP,9.021888888888876,22,0.35740294924167426,ml_v2,2025-12
280136,short,2025-12-15 16:25:00,2025-12-15 16:30:00,2025-12-15 16:37:00,4296.144,4286.813375000001,TP,9.17062500000001,7,0.3560970393799555,ml_v2,2025-12
280141,short,2025-12-15 16:50:00,2025-12-15 16:55:00,2025-12-15 17:28:00,4298.261,4303.449472338195,SL,-5.348472338194448,33,0.35680174509513496,ml_v2,2025-12
280215,long,2025-12-16 00:00:00,2025-12-16 00:05:00,2025-12-16 00:37:00,4303.139,4310.690909722222,TP,7.391909722222244,32,0.3945538571495921,ml_v2,2025-12
280225,long,2025-12-16 00:50:00,2025-12-16 00:55:00,2025-12-16 01:00:00,4309.478,4305.1802793177085,SL,-4.45772068229168,5,0.39769606702554716,ml_v2,2025-12
280277,short,2025-12-16 05:10:00,2025-12-16 05:15:00,2025-12-16 05:30:00,4286.078,4278.373347222223,TP,7.544652777777868,15,0.3590591087943702,ml_v2,2025-12
280283,short,2025-12-16 05:40:00,2025-12-16 05:45:00,2025-12-16 05:48:00,4279.5,4283.959206896528,SL,-4.619206896527821,3,0.36174420843720756,ml_v2,2025-12
280287,short,2025-12-16 06:00:00,2025-12-16 06:05:00,2025-12-16 06:22:00,4284.418,4288.907315168402,SL,-4.649315168402819,17,0.360778210860494,ml_v2,2025-12
280300,short,2025-12-16 07:05:00,2025-12-16 07:10:00,2025-12-16 08:19:00,4286.344,4278.517965277778,TP,7.666034722222295,69,0.35885615497891,ml_v2,2025-12
280316,short,2025-12-16 08:25:00,2025-12-16 08:30:00,2025-12-16 08:45:00,4279.028,4283.581777903125,SL,-4.713777903125021,15,0.3581180853664907,ml_v2,2025-12
280343,long,2025-12-16 10:40:00,2025-12-16 10:45:00,2025-12-16 11:12:00,4279.047,4274.454097613889,SL,-4.752902386111135,27,0.4123225201252027,ml_v2,2025-12
280351,long,2025-12-16 11:20:00,2025-12-16 11:25:00,2025-12-16 12:07:00,4275.881,4283.934111111112,TP,7.893111111111157,42,0.3931190211102196,ml_v2,2025-12
280398,short,2025-12-16 15:15:00,2025-12-16 15:20:00,2025-12-16 15:23:00,4316.441,4321.379391531944,SL,-5.098391531944462,3,0.3701528858090355,ml_v2,2025-12
280406,short,2025-12-16 15:55:00,2025-12-16 16:00:00,2025-12-16 16:16:00,4319.937,4311.3234999999995,TP,8.453500000000037,16,0.36390387524613876,ml_v2,2025-12
280412,short,2025-12-16 16:25:00,2025-12-16 16:30:00,2025-12-16 16:36:00,4307.273,4298.810347222222,TP,8.302652777777812,6,0.35853060761916755,ml_v2,2025-12
280504,short,2025-12-17 01:05:00,2025-12-17 01:10:00,2025-12-17 01:33:00,4316.986,4321.623868357986,SL,-4.797868357986121,23,0.36252773146945055,ml_v2,2025-12
280556,long,2025-12-17 05:25:00,2025-12-17 05:30:00,2025-12-17 05:38:00,4331.023,4338.954069444445,TP,7.771069444444422,8,0.3999521911350515,ml_v2,2025-12
280560,long,2025-12-17 05:45:00,2025-12-17 05:50:00,2025-12-17 05:59:00,4339.341,4334.76942777882,SL,-4.7315722211805396,9,0.40087218319449863,ml_v2,2025-12
280567,long,2025-12-17 06:20:00,2025-12-17 06:25:00,2025-12-17 06:32:00,4333.256,4328.660764193056,SL,-4.755235806944431,7,0.3965641526525653,ml_v2,2025-12
280571,short,2025-12-17 06:40:00,2025-12-17 06:45:00,2025-12-17 07:16:00,4329.462,4321.498097222223,TP,7.803902777777763,31,0.359814856990168,ml_v2,2025-12
280617,long,2025-12-17 10:30:00,2025-12-17 10:35:00,2025-12-17 10:38:00,4314.133,4309.587099376388,SL,-4.705900623611098,3,0.39734422117164786,ml_v2,2025-12
280620,long,2025-12-17 10:45:00,2025-12-17 10:50:00,2025-12-17 12:55:00,4316.732,4317.551,TIMEOUT,0.6590000000004147,120,0.40732068632359864,ml_v2,2025-12
280654,long,2025-12-17 13:35:00,2025-12-17 13:40:00,2025-12-17 13:58:00,4335.724,4343.6637083333335,TP,7.779708333333278,18,0.39346683895657525,ml_v2,2025-12
280660,long,2025-12-17 14:05:00,2025-12-17 14:10:00,2025-12-17 14:11:00,4342.794,4338.205474762152,SL,-4.748525237847188,1,0.39677662995526036,ml_v2,2025-12
280665,long,2025-12-17 14:30:00,2025-12-17 14:35:00,2025-12-17 14:36:00,4337.348,4332.690234070486,SL,-4.817765929513864,1,0.39472193201885586,ml_v2,2025-12
280668,short,2025-12-17 14:45:00,2025-12-17 14:50:00,2025-12-17 14:53:00,4336.704,4341.378238769445,SL,-4.834238769444414,3,0.3606372575903847,ml_v2,2025-12
280671,long,2025-12-17 15:00:00,2025-12-17 15:05:00,2025-12-17 15:19:00,4341.766,4337.094741501041,SL,-4.831258498958302,14,0.411853967569937,ml_v2,2025-12
280676,long,2025-12-17 15:25:00,2025-12-17 15:30:00,2025-12-17 15:36:00,4343.514,4338.792362627778,SL,-4.8816373722221975,6,0.4026379760130595,ml_v2,2025-12
280680,short,2025-12-17 15:45:00,2025-12-17 15:50:00,2025-12-17 15:53:00,4335.39,4327.042708333333,TP,8.187291666666617,3,0.3825226973439171,ml_v2,2025-12
280683,short,2025-12-17 16:00:00,2025-12-17 16:05:00,2025-12-17 16:15:00,4331.759,4323.396,TP,8.202999999999962,10,0.3601801942730858,ml_v2,2025-12
280688,short,2025-12-17 16:25:00,2025-12-17 16:30:00,2025-12-17 16:44:00,4326.602,4331.33734820382,SL,-4.8953482038194185,14,0.3627235989714577,ml_v2,2025-12
280693,short,2025-12-17 16:50:00,2025-12-17 16:55:00,2025-12-17 17:22:00,4333.604,4338.32234756632,SL,-4.878347566319428,27,0.36293218542584915,ml_v2,2025-12
280701,short,2025-12-17 17:30:00,2025-12-17 17:35:00,2025-12-17 18:00:00,4339.415,4344.06550375243,SL,-4.810503752430544,25,0.3577271221064341,ml_v2,2025-12
280745,long,2025-12-17 21:10:00,2025-12-17 21:15:00,2025-12-17 21:50:00,4343.873,4339.364307120833,SL,-4.668692879166643,35,0.40018242150092387,ml_v2,2025-12
280755,long,2025-12-17 23:00:00,2025-12-17 23:10:00,2025-12-18 01:03:00,4336.891,4332.431340705555,SL,-4.619659294444425,113,0.3966114398969486,ml_v2,2025-12
280828,short,2025-12-18 05:10:00,2025-12-18 05:15:00,2025-12-18 07:15:00,4337.187,4331.041,TIMEOUT,5.985999999999731,120,0.37103588730160286,ml_v2,2025-12
280856,short,2025-12-18 07:30:00,2025-12-18 07:35:00,2025-12-18 08:04:00,4335.595,4328.069236111111,TP,7.365763888888908,29,0.36364678869843803,ml_v2,2025-12
280915,short,2025-12-18 12:25:00,2025-12-18 12:30:00,2025-12-18 13:00:00,4319.473,4323.562812092361,SL,-4.24981209236113,30,0.36902823138510726,ml_v2,2025-12
280924,short,2025-12-18 13:10:00,2025-12-18 13:15:00,2025-12-18 13:17:00,4316.428,4320.532888054514,SL,-4.2648880545139,2,0.37378974843298934,ml_v2,2025-12
280941,short,2025-12-18 14:35:00,2025-12-18 14:40:00,2025-12-18 14:41:00,4328.701,4321.202333333334,TP,7.338666666666667,1,0.3689176540518715,ml_v2,2025-12
280955,short,2025-12-18 15:45:00,2025-12-18 15:50:00,2025-12-18 16:02:00,4339.589,4343.898784626736,SL,-4.46978462673611,12,0.3557720433617546,ml_v2,2025-12
280971,short,2025-12-18 17:05:00,2025-12-18 17:10:00,2025-12-18 17:17:00,4329.673,4322.1075,TP,7.405499999999998,7,0.36188268174180527,ml_v2,2025-12
281047,long,2025-12-19 00:25:00,2025-12-19 00:30:00,2025-12-19 00:47:00,4331.225,4326.893841555903,SL,-4.491158444097226,17,0.39393115571164683,ml_v2,2025-12
281091,short,2025-12-19 04:05:00,2025-12-19 04:10:00,2025-12-19 05:00:00,4319.169,4323.646648064236,SL,-4.637648064236115,50,0.361987390595531,ml_v2,2025-12
281104,short,2025-12-19 05:10:00,2025-12-19 05:15:00,2025-12-19 05:30:00,4318.822,4323.295560609375,SL,-4.63356060937499,15,0.3696987498744903,ml_v2,2025-12
281110,short,2025-12-19 05:40:00,2025-12-19 05:45:00,2025-12-19 07:45:00,4325.188,4322.939,TIMEOUT,2.088999999999796,120,0.3556292627247266,ml_v2,2025-12
281139,short,2025-12-19 08:05:00,2025-12-19 08:10:00,2025-12-19 08:40:00,4323.636,4328.13476790382,SL,-4.658767903819437,30,0.35918736585686084,ml_v2,2025-12
281164,short,2025-12-19 10:10:00,2025-12-19 10:15:00,2025-12-19 10:33:00,4330.187,4322.387965277778,TP,7.639034722222227,18,0.3561856422813825,ml_v2,2025-12
281171,short,2025-12-19 10:45:00,2025-12-19 10:50:00,2025-12-19 12:50:00,4328.3,4324.596,TIMEOUT,3.544000000000633,120,0.3560089665268249,ml_v2,2025-12
281198,short,2025-12-19 13:00:00,2025-12-19 13:05:00,2025-12-19 13:11:00,4328.17,4332.696499102431,SL,-4.686499102430557,6,0.3844369735081158,ml_v2,2025-12
281202,short,2025-12-19 13:20:00,2025-12-19 13:25:00,2025-12-19 13:31:00,4330.695,4335.270762854514,SL,-4.735762854513893,6,0.3954236890633068,ml_v2,2025-12
281206,short,2025-12-19 13:40:00,2025-12-19 13:45:00,2025-12-19 14:35:00,4329.55,4334.152188448611,SL,-4.76218844861111,50,0.3864138929871275,ml_v2,2025-12
281219,short,2025-12-19 14:45:00,2025-12-19 14:50:00,2025-12-19 14:56:00,4327.186,4331.810590082291,SL,-4.784590082291674,6,0.37970071152340873,ml_v2,2025-12
281227,short,2025-12-19 15:25:00,2025-12-19 15:30:00,2025-12-19 15:31:00,4337.603,4342.2491543829865,SL,-4.8061543829861195,1,0.36902782617023344,ml_v2,2025-12
281230,short,2025-12-19 15:40:00,2025-12-19 15:45:00,2025-12-19 15:48:00,4340.016,4344.582389487153,SL,-4.7263894871527885,3,0.35886026600825904,ml_v2,2025-12
281236,short,2025-12-19 16:10:00,2025-12-19 16:15:00,2025-12-19 16:29:00,4343.007,4347.496049285416,SL,-4.64904928541669,14,0.3604179886959803,ml_v2,2025-12
281242,short,2025-12-19 16:40:00,2025-12-19 16:45:00,2025-12-19 16:52:00,4345.695,4350.144186679514,SL,-4.6091866795139085,7,0.35960066000449775,ml_v2,2025-12
281308,short,2025-12-21 23:10:00,2025-12-21 23:15:00,2025-12-21 23:28:00,4344.723,4348.351798773264,SL,-3.788798773263888,13,0.36445178040826487,ml_v2,2025-12
281313,short,2025-12-21 23:35:00,2025-12-21 23:40:00,2025-12-21 23:46:00,4347.417,4351.057767476042,SL,-3.8007674760416683,6,0.36496222500734243,ml_v2,2025-12
281318,long,2025-12-22 00:00:00,2025-12-22 00:05:00,2025-12-22 00:07:00,4362.524,4358.829742422917,SL,-3.854257577083332,2,0.4184580409805671,ml_v2,2025-12
281321,long,2025-12-22 00:15:00,2025-12-22 00:20:00,2025-12-22 01:00:00,4362.145,4368.695270833334,TP,6.3902708333333305,40,0.4094263884355431,ml_v2,2025-12
281332,long,2025-12-22 01:10:00,2025-12-22 01:15:00,2025-12-22 01:31:00,4364.837,4371.535881944445,TP,6.5388819444444515,16,0.4268972054991199,ml_v2,2025-12
281349,short,2025-12-22 02:35:00,2025-12-22 02:40:00,2025-12-22 02:51:00,4382.25,4386.068337626736,SL,-3.978337626736099,11,0.3572110370343067,ml_v2,2025-12
281375,short,2025-12-22 04:45:00,2025-12-22 04:50:00,2025-12-22 05:13:00,4398.546,4402.311795973958,SL,-3.925795973958329,23,0.35725550563633207,ml_v2,2025-12
281382,short,2025-12-22 05:20:00,2025-12-22 05:25:00,2025-12-22 05:30:00,4402.641,4406.43075718993,SL,-3.9497571899305495,5,0.36203065965969317,ml_v2,2025-12
281400,short,2025-12-22 06:50:00,2025-12-22 06:55:00,2025-12-22 06:59:00,4414.976,4418.926814816667,SL,-4.1108148166666565,4,0.36236037068996024,ml_v2,2025-12
281406,short,2025-12-22 07:20:00,2025-12-22 07:25:00,2025-12-22 08:37:00,4415.559,4408.5626388888895,TP,6.836361111111096,72,0.3567866807523687,ml_v2,2025-12
281431,short,2025-12-22 09:25:00,2025-12-22 09:30:00,2025-12-22 11:30:00,4412.559,4409.532,TIMEOUT,2.8670000000000435,120,0.3569513322326231,ml_v2,2025-12
281458,short,2025-12-22 11:40:00,2025-12-22 11:45:00,2025-12-22 12:53:00,4410.239,4414.235387954166,SL,-4.156387954166651,68,0.3617583723279524,ml_v2,2025-12
281474,short,2025-12-22 13:00:00,2025-12-22 13:05:00,2025-12-22 13:09:00,4417.892,4421.938834290278,SL,-4.206834290277754,4,0.36218942064083154,ml_v2,2025-12
281477,short,2025-12-22 13:15:00,2025-12-22 13:20:00,2025-12-22 13:24:00,4423.157,4416.035847222222,TP,6.961152777777733,4,0.36020282763279016,ml_v2,2025-12
281492,long,2025-12-22 14:30:00,2025-12-22 14:35:00,2025-12-22 14:46:00,4418.625,4425.8668125,TP,7.081812499999955,11,0.412906716348158,ml_v2,2025-12
281497,long,2025-12-22 14:55:00,2025-12-22 15:00:00,2025-12-22 15:13:00,4419.22,4414.986499979861,SL,-4.3935000201388625,13,0.40740869862561213,ml_v2,2025-12
281502,long,2025-12-22 15:20:00,2025-12-22 15:25:00,2025-12-22 15:34:00,4416.452,4423.909076388889,TP,7.297076388888847,9,0.42604333652876947,ml_v2,2025-12
281515,short,2025-12-22 16:25:00,2025-12-22 16:30:00,2025-12-22 16:31:00,4437.764,4441.929457786111,SL,-4.325457786111086,1,0.3568687109135401,ml_v2,2025-12
281547,long,2025-12-22 19:05:00,2025-12-22 19:10:00,2025-12-22 20:59:00,4432.159,4439.265631944444,TP,6.946631944444372,109,0.4156240608608924,ml_v2,2025-12
281582,long,2025-12-22 23:00:00,2025-12-22 23:05:00,2025-12-22 23:15:00,4449.444,4456.4842638888895,TP,6.8802638888888366,10,0.3965161249821461,ml_v2,2025-12
281588,long,2025-12-22 23:30:00,2025-12-22 23:35:00,2025-12-23 00:04:00,4455.609,4462.738798611112,TP,6.9697986111110595,29,0.40099562133760736,ml_v2,2025-12
281610,long,2025-12-23 01:20:00,2025-12-23 01:25:00,2025-12-23 01:27:00,4471.6,4478.914409722222,TP,7.154409722222188,2,0.3943029648266649,ml_v2,2025-12
281656,short,2025-12-23 05:10:00,2025-12-23 05:15:00,2025-12-23 05:33:00,4480.661,4484.833077081945,SL,-4.332077081944418,18,0.35842597239646506,ml_v2,2025-12
281670,long,2025-12-23 06:20:00,2025-12-23 06:25:00,2025-12-23 06:50:00,4471.006,4478.4634305555555,TP,7.29743055555551,25,0.40089912055193866,ml_v2,2025-12
281678,long,2025-12-23 07:00:00,2025-12-23 07:05:00,2025-12-23 07:48:00,4480.454,4487.772326388888,TP,7.158326388888851,43,0.40954843402396157,ml_v2,2025-12
281690,long,2025-12-23 08:00:00,2025-12-23 08:05:00,2025-12-23 09:08:00,4486.912,4482.8100803107645,SL,-4.261919689236095,63,0.3965916726392923,ml_v2,2025-12
281705,long,2025-12-23 09:15:00,2025-12-23 09:20:00,2025-12-23 09:53:00,4482.867,4478.769576511111,SL,-4.257423488888877,33,0.3985497791467657,ml_v2,2025-12
281750,long,2025-12-23 13:00:00,2025-12-23 13:05:00,2025-12-23 13:06:00,4492.899,4488.793754789236,SL,-4.265245210763883,1,0.4136251029693574,ml_v2,2025-12
281753,long,2025-12-23 13:15:00,2025-12-23 13:20:00,2025-12-23 13:21:00,4495.528,4491.423564343403,SL,-4.264435656597217,1,0.4093156803124042,ml_v2,2025-12
281756,long,2025-12-23 13:30:00,2025-12-23 13:35:00,2025-12-23 13:36:00,4491.842,4487.678962939583,SL,-4.323037060416664,1,0.40659348649845234,ml_v2,2025-12
281759,long,2025-12-23 13:45:00,2025-12-23 13:50:00,2025-12-23 13:51:00,4488.229,4484.027489274653,SL,-4.361510725347219,1,0.4139094136720657,ml_v2,2025-12
281775,long,2025-12-23 15:05:00,2025-12-23 15:10:00,2025-12-23 15:15:00,4443.027,4451.0538611111115,TP,7.86686111111112,5,0.3922712909023986,ml_v2,2025-12
281780,long,2025-12-23 15:30:00,2025-12-23 15:35:00,2025-12-23 15:40:00,4447.648,4455.760097222223,TP,7.952097222222234,5,0.39284202108715005,ml_v2,2025-12
281784,long,2025-12-23 15:50:00,2025-12-23 15:55:00,2025-12-23 16:11:00,4454.119,4462.183076388888,TP,7.904076388888907,16,0.4012532062515779,ml_v2,2025-12
281846,long,2025-12-23 21:00:00,2025-12-23 21:05:00,2025-12-23 21:50:00,4492.526,4487.863860890625,SL,-4.822139109375027,45,0.39422822960235704,ml_v2,2025-12
281859,long,2025-12-23 23:05:00,2025-12-23 23:10:00,2025-12-23 23:37:00,4492.839,4500.979222222222,TP,7.980222222222254,27,0.39459422665809196,ml_v2,2025-12
281867,long,2025-12-23 23:45:00,2025-12-23 23:50:00,2025-12-23 23:58:00,4505.865,4501.1336638513885,SL,-4.891336148611121,8,0.44981031736837845,ml_v2,2025-12
281871,long,2025-12-24 00:05:00,2025-12-24 00:10:00,2025-12-24 00:14:00,4512.528,4507.738455319444,SL,-4.94954468055556,4,0.45183823396380496,ml_v2,2025-12
281874,long,2025-12-24 00:20:00,2025-12-24 00:25:00,2025-12-24 01:00:00,4510.731,4519.123715277778,TP,8.232715277777787,35,0.46451563633046755,ml_v2,2025-12
281884,long,2025-12-24 01:10:00,2025-12-24 01:15:00,2025-12-24 01:23:00,4512.267,4520.796791666667,TP,8.369791666666686,8,0.42539492043761695,ml_v2,2025-12
281888,long,2025-12-24 01:30:00,2025-12-24 01:35:00,2025-12-24 02:02:00,4521.101,4516.189367407986,SL,-5.071632592013902,27,0.41539483878704386,ml_v2,2025-12
281896,long,2025-12-24 02:10:00,2025-12-24 02:15:00,2025-12-24 02:19:00,4511.66,4506.697746462152,SL,-5.122253537847233,4,0.3938652733619188,ml_v2,2025-12
281923,short,2025-12-24 04:25:00,2025-12-24 04:30:00,2025-12-24 05:10:00,4496.971,4488.232083333332,TP,8.578916666666702,40,0.3607923414257107,ml_v2,2025-12
281936,short,2025-12-24 05:30:00,2025-12-24 05:35:00,2025-12-24 07:35:00,4493.369,4491.262,TIMEOUT,1.946999999999971,120,0.35737222264409385,ml_v2,2025-12
281963,short,2025-12-24 07:45:00,2025-12-24 07:50:00,2025-12-24 08:01:00,4487.521,4478.625833333333,TP,8.73516666666674,11,0.3705719245493444,ml_v2,2025-12
281968,short,2025-12-24 08:10:00,2025-12-24 08:15:00,2025-12-24 08:26:00,4485.112,4490.23102132118,SL,-5.279021321180592,11,0.3674087209522756,ml_v2,2025-12
281977,short,2025-12-24 08:55:00,2025-12-24 09:00:00,2025-12-24 09:13:00,4482.373,4487.55538083993,SL,-5.342380839930596,13,0.35586523841023765,ml_v2,2025-12
281990,short,2025-12-24 10:00:00,2025-12-24 10:05:00,2025-12-24 10:14:00,4499.464,4490.319680555555,TP,8.984319444444496,9,0.3659705532462346,ml_v2,2025-12
282026,short,2025-12-24 13:00:00,2025-12-24 13:05:00,2025-12-24 13:09:00,4492.56,4483.2758125,TP,9.124187500000023,4,0.3697028519262026,ml_v2,2025-12
282098,long,2025-12-25 23:40:00,2025-12-25 23:45:00,2025-12-26 00:10:00,4496.155,4505.349625,TP,9.034625000000005,25,0.3938540453837971,ml_v2,2025-12
282112,long,2025-12-26 00:50:00,2025-12-26 00:55:00,2025-12-26 01:04:00,4517.169,4526.359180555555,TP,9.030180555555564,9,0.4363485348149769,ml_v2,2025-12
282118,long,2025-12-26 01:20:00,2025-12-26 01:25:00,2025-12-26 01:27:00,4517.635,4512.248020218056,SL,-5.54697978194444,2,0.42523109122435454,ml_v2,2025-12
282155,short,2025-12-26 04:25:00,2025-12-26 04:30:00,2025-12-26 06:17:00,4509.483,4515.135338938889,SL,-5.8123389388889155,107,0.3563478190116346,ml_v2,2025-12
282179,short,2025-12-26 06:25:00,2025-12-26 06:30:00,2025-12-26 06:55:00,4518.362,4508.850479166666,TP,9.351520833333407,25,0.3594080669553029,ml_v2,2025-12
282187,short,2025-12-26 07:05:00,2025-12-26 07:10:00,2025-12-26 09:00:00,4514.435,4519.805479163195,SL,-5.5304791631944825,110,0.35931110710223396,ml_v2,2025-12
282212,short,2025-12-26 09:10:00,2025-12-26 09:15:00,2025-12-26 10:18:00,4515.98,4521.093394126041,SL,-5.273394126041699,63,0.3612672421367951,ml_v2,2025-12
282230,short,2025-12-26 10:40:00,2025-12-26 10:45:00,2025-12-26 11:10:00,4515.202,4506.376965277778,TP,8.665034722222268,25,0.3738098776448565,ml_v2,2025-12
282251,short,2025-12-26 12:25:00,2025-12-26 12:30:00,2025-12-26 13:17:00,4511.861,4516.940730165277,SL,-5.239730165277796,47,0.3579275148191813,ml_v2,2025-12
282263,short,2025-12-26 13:25:00,2025-12-26 13:30:00,2025-12-26 13:37:00,4517.835,4522.889753038195,SL,-5.214753038194452,7,0.3596638648537352,ml_v2,2025-12
282267,short,2025-12-26 13:45:00,2025-12-26 13:50:00,2025-12-26 13:56:00,4518.037,4523.124210604514,SL,-5.247210604513897,6,0.36179140821587547,ml_v2,2025-12
282275,long,2025-12-26 14:25:00,2025-12-26 14:30:00,2025-12-26 14:31:00,4529.392,4524.281927427083,SL,-5.270072572916679,1,0.39309541133758596,ml_v2,2025-12
282278,long,2025-12-26 14:40:00,2025-12-26 14:45:00,2025-12-26 14:47:00,4521.073,4515.90600465764,SL,-5.326995342361124,2,0.3936839055009154,ml_v2,2025-12
282281,long,2025-12-26 14:55:00,2025-12-26 15:00:00,2025-12-26 15:13:00,4521.042,4530.176013888889,TP,8.974013888888924,13,0.3981984037124445,ml_v2,2025-12
282287,long,2025-12-26 15:25:00,2025-12-26 15:30:00,2025-12-26 15:37:00,4533.258,4542.406479166667,TP,8.988479166666707,7,0.4131964518480977,ml_v2,2025-12
282294,long,2025-12-26 16:00:00,2025-12-26 16:05:00,2025-12-26 16:11:00,4548.777,4543.435021905556,SL,-5.501978094444458,6,0.4036956624019393,ml_v2,2025-12
282366,long,2025-12-28 23:00:00,2025-12-28 23:05:00,2025-12-28 23:11:00,4541.837,4536.567024605556,SL,-5.429975394444461,6,0.4066180635040048,ml_v2,2025-12
282370,long,2025-12-28 23:20:00,2025-12-28 23:25:00,2025-12-28 23:30:00,4540.47,4535.109374380903,SL,-5.520625619097242,5,0.39948046560391276,ml_v2,2025-12
282384,long,2025-12-29 00:30:00,2025-12-29 00:35:00,2025-12-29 00:44:00,4497.099,4491.419298923958,SL,-5.839701076041687,9,0.39233186001457776,ml_v2,2025-12
282390,long,2025-12-29 01:00:00,2025-12-29 01:05:00,2025-12-29 01:15:00,4504.752,4515.011305555556,TP,10.099305555555576,10,0.395872006878846,ml_v2,2025-12
282448,short,2025-12-29 05:50:00,2025-12-29 05:55:00,2025-12-29 06:01:00,4514.203,4504.004729166667,TP,10.038270833333343,6,0.3555251194059881,ml_v2,2025-12
282454,short,2025-12-29 06:20:00,2025-12-29 06:25:00,2025-12-29 06:28:00,4500.293,4489.900833333333,TP,10.232166666666659,3,0.3746162487089666,ml_v2,2025-12
282457,short,2025-12-29 06:35:00,2025-12-29 06:40:00,2025-12-29 06:51:00,4489.566,4479.0434305555555,TP,10.362569444444425,11,0.36811077426076255,ml_v2,2025-12
282462,short,2025-12-29 07:00:00,2025-12-29 07:05:00,2025-12-29 07:08:00,4455.809,4462.015248598611,SL,-6.366248598611101,3,0.3791175517280191,ml_v2,2025-12
282465,short,2025-12-29 07:15:00,2025-12-29 07:20:00,2025-12-29 08:01:00,4480.113,4469.031576388889,TP,10.921423611111088,41,0.37079824189174293,ml_v2,2025-12
282481,short,2025-12-29 08:35:00,2025-12-29 08:40:00,2025-12-29 08:50:00,4470.543,4459.049659722222,TP,11.333340277777747,10,0.36552136818397163,ml_v2,2025-12
282486,short,2025-12-29 09:00:00,2025-12-29 09:05:00,2025-12-29 09:44:00,4465.31,4471.987290071528,SL,-6.837290071527755,39,0.377433506947759,ml_v2,2025-12
282504,short,2025-12-29 10:30:00,2025-12-29 10:35:00,2025-12-29 11:39:00,4461.397,4449.412215277778,TP,11.82478472222223,64,0.3572083694756063,ml_v2,2025-12
282537,short,2025-12-29 13:15:00,2025-12-29 13:20:00,2025-12-29 13:41:00,4456.261,4443.863097222223,TP,12.237902777777782,21,0.3659032790688231,ml_v2,2025-12
282544,short,2025-12-29 13:50:00,2025-12-29 13:55:00,2025-12-29 13:59:00,4411.581,4418.915271056598,SL,-7.494271056597228,4,0.3559071780790041,ml_v2,2025-12
282547,short,2025-12-29 14:05:00,2025-12-29 14:10:00,2025-12-29 14:13:00,4391.25,4398.710180539931,SL,-7.6201805399305655,3,0.3665045709956835,ml_v2,2025-12
282550,short,2025-12-29 14:20:00,2025-12-29 14:25:00,2025-12-29 14:30:00,4389.506,4376.289444444445,TP,13.056555555555576,5,0.37168009091863174,ml_v2,2025-12
282554,short,2025-12-29 14:40:00,2025-12-29 14:45:00,2025-12-29 14:46:00,4373.486,4381.222929012847,SL,-7.896929012847233,1,0.37053904940137405,ml_v2,2025-12
282557,short,2025-12-29 14:55:00,2025-12-29 15:00:00,2025-12-29 15:02:00,4360.286,4346.601423611111,TP,13.524576388888907,2,0.3666710208798363,ml_v2,2025-12
282560,short,2025-12-29 15:10:00,2025-12-29 15:15:00,2025-12-29 15:20:00,4342.655,4328.685854166666,TP,13.80914583333335,5,0.3624859850550606,ml_v2,2025-12
282849,long,2025-12-30 16:15:00,2025-12-30 16:20:00,2025-12-30 16:59:00,4367.046,4378.897909722223,TP,11.691909722222197,39,0.39238320628919904,ml_v2,2025-12
282874,long,2025-12-30 18:20:00,2025-12-30 18:25:00,2025-12-30 18:41:00,4370.785,4364.5311940625,SL,-6.413805937499977,16,0.4030881046306577,ml_v2,2025-12
282880,long,2025-12-30 18:50:00,2025-12-30 18:55:00,2025-12-30 19:45:00,4364.516,4358.3319903305555,SL,-6.344009669444423,50,0.4019948750559459,ml_v2,2025-12
282893,long,2025-12-30 19:55:00,2025-12-30 20:00:00,2025-12-30 20:03:00,4348.649,4342.4907889170145,SL,-6.3182110829860925,3,0.4008732882987732,ml_v2,2025-12
282918,long,2025-12-30 23:00:00,2025-12-30 23:05:00,2025-12-30 23:26:00,4340.968,4334.81652726493,SL,-6.311472735069435,21,0.40134157757897476,ml_v2,2025-12
282925,long,2025-12-30 23:35:00,2025-12-30 23:40:00,2025-12-30 23:50:00,4340.581,4334.343869290972,SL,-6.3971307090277785,10,0.40826323077267546,ml_v2,2025-12
282930,long,2025-12-31 00:00:00,2025-12-31 00:05:00,2025-12-31 00:26:00,4341.965,4335.721015859375,SL,-6.403984140625008,21,0.4217531643469344,ml_v2,2025-12
282937,long,2025-12-31 00:35:00,2025-12-31 00:40:00,2025-12-31 00:49:00,4343.364,4337.173545644444,SL,-6.350454355555558,9,0.41097601178247767,ml_v2,2025-12
282942,long,2025-12-31 01:00:00,2025-12-31 01:05:00,2025-12-31 01:25:00,4347.125,4357.988173611111,TP,10.703173611111108,20,0.4020189168407814,ml_v2,2025-12
282981,short,2025-12-31 04:15:00,2025-12-31 04:20:00,2025-12-31 04:57:00,4345.055,4334.097458333334,TP,10.797541666666676,37,0.3639487840826746,ml_v2,2025-12
282991,short,2025-12-31 05:05:00,2025-12-31 05:10:00,2025-12-31 05:25:00,4332.63,4338.923938394792,SL,-6.45393839479167,15,0.39043457637429557,ml_v2,2025-12
282997,short,2025-12-31 05:35:00,2025-12-31 05:40:00,2025-12-31 05:48:00,4331.721,4320.569958333333,TP,10.991041666666673,8,0.38027905253959593,ml_v2,2025-12
283001,short,2025-12-31 05:55:00,2025-12-31 06:00:00,2025-12-31 06:05:00,4285.838,4292.501888775347,SL,-6.823888775347227,5,0.36122832028461394,ml_v2,2025-12
283028,short,2025-12-31 08:10:00,2025-12-31 08:15:00,2025-12-31 08:55:00,4322.992,4311.011361111111,TP,11.820638888888872,40,0.35942223499417625,ml_v2,2025-12
283184,long,2025-12-31 21:10:00,2025-12-31 21:15:00,2026-01-01 23:05:00,4313.256,4325.138902777778,TP,11.722902777777714,43,0.40244917366656285,ml_v2,2025-12
283384,short,2026-01-02 14:55:00,2026-01-02 15:00:00,2026-01-02 15:04:00,4353.425,4344.133458333334,TP,9.131541666666648,4,0.3666270558432986,ml_v2,2026-01
283387,short,2026-01-02 15:10:00,2026-01-02 15:15:00,2026-01-02 15:23:00,4340.526,4331.097041666667,TP,9.268958333333318,8,0.37308474226755395,ml_v2,2026-01
283391,short,2026-01-02 15:30:00,2026-01-02 15:35:00,2026-01-02 15:41:00,4339.041,4344.477711805555,SL,-5.596711805555549,6,0.36546017571253075,ml_v2,2026-01
283395,short,2026-01-02 15:50:00,2026-01-02 15:55:00,2026-01-02 16:01:00,4341.472,4332.124097222222,TP,9.187902777777778,6,0.36475080593389764,ml_v2,2026-01
283399,short,2026-01-02 16:10:00,2026-01-02 16:15:00,2026-01-02 16:43:00,4322.546,4327.908736809375,SL,-5.522736809374998,28,0.3723410700158526,ml_v2,2026-01
283407,short,2026-01-02 16:50:00,2026-01-02 16:55:00,2026-01-02 17:00:00,4323.822,4329.208440079166,SL,-5.546440079166668,5,0.36736996813577905,ml_v2,2026-01
283415,short,2026-01-02 17:30:00,2026-01-02 17:35:00,2026-01-02 18:06:00,4328.675,4319.340347222223,TP,9.174652777777787,31,0.36361433907312646,ml_v2,2026-01
283450,long,2026-01-02 20:25:00,2026-01-02 20:30:00,2026-01-04 23:07:00,4328.359,4337.548680555556,TP,9.02968055555559,88,0.4197985698392589,ml_v2,2026-01
283474,short,2026-01-04 23:30:00,2026-01-04 23:35:00,2026-01-04 23:38:00,4356.678,4361.910561293055,SL,-5.392561293055572,3,0.3647074739737015,ml_v2,2026-01
283493,long,2026-01-05 01:05:00,2026-01-05 01:10:00,2026-01-05 01:11:00,4410.686,4405.2505104625,SL,-5.595489537500029,1,0.42678490579665007,ml_v2,2026-01
283664,long,2026-01-05 15:20:00,2026-01-05 15:25:00,2026-01-05 15:29:00,4448.666,4442.452076510417,SL,-6.373923489583361,4,0.4281457109718415,ml_v2,2026-01
283668,long,2026-01-05 15:40:00,2026-01-05 15:45:00,2026-01-05 15:51:00,4447.268,4441.0622355465275,SL,-6.365764453472247,6,0.43121859190578327,ml_v2,2026-01
283672,long,2026-01-05 16:00:00,2026-01-05 16:05:00,2026-01-05 16:06:00,4448.436,4442.26709803993,SL,-6.328901960069467,1,0.4409032525388814,ml_v2,2026-01
283675,long,2026-01-05 16:15:00,2026-01-05 16:20:00,2026-01-05 16:29:00,4446.59,4440.500739915278,SL,-6.249260084722247,9,0.41950503922541477,ml_v2,2026-01
283679,long,2026-01-05 16:35:00,2026-01-05 16:40:00,2026-01-05 17:01:00,4444.295,4438.2747028187505,SL,-6.180297181250022,21,0.42115701579625786,ml_v2,2026-01
283686,long,2026-01-05 17:10:00,2026-01-05 17:15:00,2026-01-05 19:08:00,4442.426,4436.417679458334,SL,-6.168320541666685,113,0.4298267613439948,ml_v2,2026-01
283731,long,2026-01-05 20:55:00,2026-01-05 21:00:00,2026-01-05 23:09:00,4445.061,4455.303333333333,TP,10.08233333333335,63,0.4196950650687898,ml_v2,2026-01
283770,short,2026-01-06 01:10:00,2026-01-06 01:15:00,2026-01-06 01:54:00,4441.793,4447.532647768402,SL,-5.899647768402776,39,0.36587513854494663,ml_v2,2026-01
283826,short,2026-01-06 05:50:00,2026-01-06 05:55:00,2026-01-06 06:30:00,4455.829,4461.039219185416,SL,-5.370219185416647,35,0.3674565140799929,ml_v2,2026-01
283938,long,2026-01-06 15:10:00,2026-01-06 15:15:00,2026-01-06 15:19:00,4480.254,4475.071900916667,SL,-5.342099083333326,4,0.42585698478859824,ml_v2,2026-01
283957,long,2026-01-06 16:45:00,2026-01-06 16:50:00,2026-01-06 18:50:00,4485.474,4489.436,TIMEOUT,3.801999999999534,120,0.42718879304062585,ml_v2,2026-01
284032,long,2026-01-07 00:00:00,2026-01-07 00:05:00,2026-01-07 00:39:00,4492.994,4488.2848591281245,SL,-4.869140871875002,34,0.4627666937281691,ml_v2,2026-01
284041,long,2026-01-07 00:45:00,2026-01-07 00:50:00,2026-01-07 00:52:00,4490.035,4485.393806120486,SL,-4.801193879513898,2,0.45406283524816915,ml_v2,2026-01
284085,short,2026-01-07 04:25:00,2026-01-07 04:30:00,2026-01-07 05:34:00,4466.078,4457.790284722223,TP,8.127715277777781,64,0.3652544538617505,ml_v2,2026-01
284100,short,2026-01-07 05:40:00,2026-01-07 05:45:00,2026-01-07 05:48:00,4452.362,4443.8632986111115,TP,8.338701388888902,3,0.3720063601331164,ml_v2,2026-01
284103,short,2026-01-07 05:55:00,2026-01-07 06:00:00,2026-01-07 06:09:00,4454.232,4459.1424341343745,SL,-5.070434134375003,9,0.36757392032903924,ml_v2,2026-01
284107,short,2026-01-07 06:15:00,2026-01-07 06:20:00,2026-01-07 06:33:00,4459.154,4450.523006944445,TP,8.470993055555564,13,0.3670787882744791,ml_v2,2026-01
284112,short,2026-01-07 06:40:00,2026-01-07 06:45:00,2026-01-07 07:20:00,4446.627,4451.591408380556,SL,-5.124408380555568,35,0.3694387857512881,ml_v2,2026-01
284177,short,2026-01-07 12:05:00,2026-01-07 12:10:00,2026-01-07 12:30:00,4446.217,4451.1465777093745,SL,-5.089577709375001,20,0.36657766222353,ml_v2,2026-01
284187,short,2026-01-07 12:55:00,2026-01-07 13:00:00,2026-01-07 13:08:00,4445.066,4436.302986111111,TP,8.603013888888887,8,0.3677561950623514,ml_v2,2026-01
284191,short,2026-01-07 13:15:00,2026-01-07 13:20:00,2026-01-07 13:23:00,4433.899,4439.030529726737,SL,-5.291529726736103,3,0.3653571937875201,ml_v2,2026-01
284336,short,2026-01-08 02:20:00,2026-01-08 02:25:00,2026-01-08 04:25:00,4442.52,4437.798,TIMEOUT,4.562000000000662,120,0.3712140987754239,ml_v2,2026-01
284365,short,2026-01-08 04:45:00,2026-01-08 04:50:00,2026-01-08 05:30:00,4431.164,4421.96267361111,TP,9.041326388888939,40,0.37083195872418434,ml_v2,2026-01
284376,short,2026-01-08 05:40:00,2026-01-08 05:45:00,2026-01-08 05:56:00,4418.599,4423.881440147569,SL,-5.4424401475694815,11,0.3867610578135897,ml_v2,2026-01
284381,short,2026-01-08 06:05:00,2026-01-08 06:10:00,2026-01-08 06:21:00,4419.373,4424.7460308461805,SL,-5.53303084618059,11,0.38473178787988915,ml_v2,2026-01
284388,short,2026-01-08 06:40:00,2026-01-08 06:45:00,2026-01-08 08:04:00,4435.681,4426.291201388888,TP,9.229798611111164,79,0.3656013083397867,ml_v2,2026-01
284411,short,2026-01-08 08:35:00,2026-01-08 08:40:00,2026-01-08 08:53:00,4421.156,4426.499982137847,SL,-5.5039821378472364,13,0.364238418334675,ml_v2,2026-01
284558,long,2026-01-08 20:50:00,2026-01-08 20:55:00,2026-01-08 23:02:00,4474.309,4483.232527777778,TP,8.763527777777767,64,0.41782179365926664,ml_v2,2026-01
284644,short,2026-01-09 05:00:00,2026-01-09 05:05:00,2026-01-09 05:32:00,4465.062,4470.038662808333,SL,-5.1366628083332975,27,0.3700837732947242,ml_v2,2026-01
284744,short,2026-01-09 13:20:00,2026-01-09 13:25:00,2026-01-09 13:30:00,4472.086,4464.074861111111,TP,7.851138888888858,5,0.36694974048895135,ml_v2,2026-01
284761,short,2026-01-09 14:45:00,2026-01-09 14:50:00,2026-01-09 14:54:00,4485.077,4489.880049155208,SL,-4.963049155208314,4,0.36779216273588433,ml_v2,2026-01
284768,long,2026-01-09 15:20:00,2026-01-09 15:25:00,2026-01-09 15:42:00,4508.665,4517.159868055555,TP,8.334868055555514,17,0.42934138283660617,ml_v2,2026-01
284774,long,2026-01-09 15:50:00,2026-01-09 15:55:00,2026-01-09 16:07:00,4511.581,4506.765156714237,SL,-4.975843285763869,12,0.4483018188466871,ml_v2,2026-01
284779,long,2026-01-09 16:15:00,2026-01-09 16:20:00,2026-01-09 16:23:00,4506.658,4501.870947476389,SL,-4.947052523611094,3,0.4230536995104127,ml_v2,2026-01
284783,long,2026-01-09 16:35:00,2026-01-09 16:40:00,2026-01-09 17:48:00,4505.045,4500.267213696875,SL,-4.937786303124984,68,0.4204568570947124,ml_v2,2026-01
284844,long,2026-01-09 21:40:00,2026-01-09 21:45:00,2026-01-11 23:03:00,4510.265,4518.598944444445,TP,8.173944444444443,13,0.4222133004079408,ml_v2,2026-01
284850,long,2026-01-11 23:10:00,2026-01-11 23:15:00,2026-01-11 23:31:00,4530.099,4538.5360625,TP,8.277062500000005,16,0.4441064642816682,ml_v2,2026-01
284981,long,2026-01-12 10:05:00,2026-01-12 10:10:00,2026-01-12 12:08:00,4586.796,4581.106290612153,SL,-5.849709387847215,118,0.41750696054718517,ml_v2,2026-01
285030,long,2026-01-12 14:10:00,2026-01-12 14:15:00,2026-01-12 14:25:00,4596.39,4590.405327170486,SL,-6.144672829513893,10,0.41737218150894423,ml_v2,2026-01
285035,long,2026-01-12 14:35:00,2026-01-12 14:40:00,2026-01-12 14:43:00,4610.713,4604.721322939583,SL,-6.151677060416673,3,0.4298109463925335,ml_v2,2026-01
285038,long,2026-01-12 14:50:00,2026-01-12 14:55:00,2026-01-12 15:07:00,4604.655,4615.168,TP,10.353000000000002,12,0.4227524810381878,ml_v2,2026-01
285043,long,2026-01-12 15:15:00,2026-01-12 15:20:00,2026-01-12 15:35:00,4614.486,4625.013673611111,TP,10.367673611111108,15,0.4559376670520332,ml_v2,2026-01
285057,long,2026-01-12 16:25:00,2026-01-12 16:30:00,2026-01-12 16:38:00,4620.039,4614.196102328125,SL,-6.002897671875003,8,0.4307126723157473,ml_v2,2026-01
285066,long,2026-01-12 17:10:00,2026-01-12 17:15:00,2026-01-12 18:14:00,4615.539,4609.757465740277,SL,-5.941534259722221,59,0.42030498416150786,ml_v2,2026-01
285089,long,2026-01-12 19:05:00,2026-01-12 19:10:00,2026-01-12 20:03:00,4612.011,4606.299388997222,SL,-5.871611002777785,53,0.4209026870295166,ml_v2,2026-01
285197,short,2026-01-13 05:05:00,2026-01-13 05:10:00,2026-01-13 05:28:00,4594.387,4599.625763906597,SL,-5.398763906597203,18,0.3692656712441723,ml_v2,2026-01
285215,short,2026-01-13 06:35:00,2026-01-13 06:40:00,2026-01-13 06:53:00,4577.873,4583.2071920881945,SL,-5.494192088194435,13,0.36973763366948276,ml_v2,2026-01
285220,short,2026-01-13 07:00:00,2026-01-13 07:05:00,2026-01-13 07:30:00,4581.558,4586.885124362847,SL,-5.487124362847216,25,0.3693408888518335,ml_v2,2026-01
285312,long,2026-01-13 14:40:00,2026-01-13 14:45:00,2026-01-13 15:02:00,4625.74,4620.376425857638,SL,-5.523574142361136,17,0.42146833123194904,ml_v2,2026-01
285509,short,2026-01-14 08:05:00,2026-01-14 08:10:00,2026-01-14 08:35:00,4624.371,4629.784532364931,SL,-5.5735323649305695,25,0.3651920642496219,ml_v2,2026-01
285534,short,2026-01-14 10:10:00,2026-01-14 10:15:00,2026-01-14 10:41:00,4631.626,4637.040123656945,SL,-5.574123656944463,26,0.3662102974348474,ml_v2,2026-01
285542,short,2026-01-14 10:50:00,2026-01-14 10:55:00,2026-01-14 12:25:00,4633.421,4638.84423114132,SL,-5.583231141319463,90,0.36854066023163085,ml_v2,2026-01
285592,short,2026-01-14 15:00:00,2026-01-14 15:05:00,2026-01-14 15:11:00,4605.56,4611.262106678126,SL,-5.86210667812502,6,0.3676978383855273,ml_v2,2026-01
285599,short,2026-01-14 15:35:00,2026-01-14 15:40:00,2026-01-14 16:55:00,4620.085,4609.957520833334,TP,9.967479166666704,75,0.3652480874852587,ml_v2,2026-01
285706,short,2026-01-15 01:30:00,2026-01-15 01:35:00,2026-01-15 01:36:00,4591.655,4597.260372892014,SL,-5.765372892013893,1,0.36492399742594334,ml_v2,2026-01
285737,short,2026-01-15 04:05:00,2026-01-15 04:10:00,2026-01-15 04:13:00,4587.624,4593.511998569445,SL,-6.047998569444456,3,0.3661984842682413,ml_v2,2026-01
285747,short,2026-01-15 04:55:00,2026-01-15 05:00:00,2026-01-15 05:18:00,4592.354,4582.031263888889,TP,10.162736111111132,18,0.36610710490609943,ml_v2,2026-01
285754,short,2026-01-15 05:30:00,2026-01-15 05:35:00,2026-01-15 05:48:00,4585.532,4591.519133239236,SL,-6.147133239236126,13,0.37695277078909173,ml_v2,2026-01
285855,short,2026-01-15 13:55:00,2026-01-15 14:00:00,2026-01-15 14:04:00,4588.413,4594.437110816319,SL,-6.184110816319475,4,0.36658065362734094,ml_v2,2026-01
286026,short,2026-01-16 05:10:00,2026-01-16 05:15:00,2026-01-16 05:27:00,4596.555,4601.115119410764,SL,-4.720119410763864,12,0.36395052985314247,ml_v2,2026-01
286031,short,2026-01-16 05:35:00,2026-01-16 05:40:00,2026-01-16 05:46:00,4603.249,4607.816095862847,SL,-4.727095862847204,6,0.36709073654625807,ml_v2,2026-01
286044,short,2026-01-16 06:40:00,2026-01-16 06:45:00,2026-01-16 07:04:00,4596.04,4600.5643363229165,SL,-4.684336322916643,19,0.37186144761059675,ml_v2,2026-01
286056,short,2026-01-16 07:40:00,2026-01-16 07:45:00,2026-01-16 07:48:00,4603.091,4607.5736006309035,SL,-4.642600630902757,3,0.36557408145878706,ml_v2,2026-01
286123,short,2026-01-16 13:15:00,2026-01-16 13:20:00,2026-01-16 13:23:00,4587.412,4591.957321236806,SL,-4.705321236805533,3,0.36656754060549035,ml_v2,2026-01
286141,short,2026-01-16 14:45:00,2026-01-16 14:50:00,2026-01-16 15:05:00,4613.792,4618.482040949306,SL,-4.850040949305528,15,0.36746514185232415,ml_v2,2026-01
286147,short,2026-01-16 15:15:00,2026-01-16 15:20:00,2026-01-16 15:21:00,4601.867,4606.565573015278,SL,-4.858573015277757,1,0.3748640899257113,ml_v2,2026-01
286150,short,2026-01-16 15:30:00,2026-01-16 15:35:00,2026-01-16 15:36:00,4544.562,4549.507455288889,SL,-5.105455288888862,1,0.3862473700837542,ml_v2,2026-01
286153,short,2026-01-16 15:45:00,2026-01-16 15:50:00,2026-01-16 15:52:00,4570.645,4561.834576388889,TP,8.650423611111073,2,0.3739887212113787,ml_v2,2026-01
286156,short,2026-01-16 16:00:00,2026-01-16 16:05:00,2026-01-16 16:06:00,4578.912,4583.995373159028,SL,-5.243373159027755,1,0.3711838607386996,ml_v2,2026-01
286159,short,2026-01-16 16:15:00,2026-01-16 16:20:00,2026-01-16 16:27:00,4590.526,4595.650779473611,SL,-5.2847794736110885,7,0.3644839261369158,ml_v2,2026-01
286164,short,2026-01-16 16:40:00,2026-01-16 16:45:00,2026-01-16 16:49:00,4596.262,4587.192409722222,TP,8.909590277777756,4,0.3638319556312014,ml_v2,2026-01
286173,short,2026-01-16 17:25:00,2026-01-16 17:30:00,2026-01-16 17:32:00,4578.646,4583.89116890868,SL,-5.405168908680542,2,0.36516714437765374,ml_v2,2026-01
286228,long,2026-01-18 23:05:00,2026-01-18 23:10:00,2026-01-18 23:16:00,4654.927,4664.703131944444,TP,9.61613194444445,6,0.4183282671555494,ml_v2,2026-01
286331,short,2026-01-19 07:40:00,2026-01-19 07:45:00,2026-01-19 08:07:00,4664.771,4671.074553834722,SL,-6.463553834722236,22,0.3681387159635511,ml_v2,2026-01
286479,short,2026-01-19 23:30:00,2026-01-19 23:35:00,2026-01-20 00:29:00,4667.752,4659.764972222222,TP,7.82702777777785,54,0.3675263714574414,ml_v2,2026-01
286492,short,2026-01-20 00:35:00,2026-01-20 00:40:00,2026-01-20 01:03:00,4662.168,4666.691530737153,SL,-4.683530737152816,23,0.3653665552974118,ml_v2,2026-01
286499,short,2026-01-20 01:10:00,2026-01-20 01:15:00,2026-01-20 01:35:00,4670.135,4674.676376644445,SL,-4.701376644444474,20,0.3643287556408939,ml_v2,2026-01
286563,long,2026-01-20 06:30:00,2026-01-20 06:35:00,2026-01-20 07:01:00,4708.939,4715.387791666667,TP,6.288791666666744,26,0.4206032763620592,ml_v2,2026-01
286659,long,2026-01-20 14:30:00,2026-01-20 14:35:00,2026-01-20 14:38:00,4731.063,4738.377354166667,TP,7.154354166666709,3,0.42471095198417974,ml_v2,2026-01
286668,long,2026-01-20 15:15:00,2026-01-20 15:20:00,2026-01-20 15:23:00,4737.866,4733.52233711875,SL,-4.503662881250025,3,0.43804175767461684,ml_v2,2026-01
286674,long,2026-01-20 15:45:00,2026-01-20 15:50:00,2026-01-20 15:56:00,4737.56,4733.0583708777785,SL,-4.661629122222239,6,0.4288438230098732,ml_v2,2026-01
286679,long,2026-01-20 16:10:00,2026-01-20 16:15:00,2026-01-20 16:25:00,4741.348,4736.763724921528,SL,-4.744275078472242,10,0.45108624794436836,ml_v2,2026-01
286710,long,2026-01-20 18:45:00,2026-01-20 18:50:00,2026-01-20 18:53:00,4759.277,4754.554374495486,SL,-4.882625504513906,3,0.4193370923772931,ml_v2,2026-01
286715,long,2026-01-20 19:10:00,2026-01-20 19:15:00,2026-01-20 20:18:00,4759.301,4754.550440908333,SL,-4.910559091666683,63,0.43101378955935554,ml_v2,2026-01
286730,long,2026-01-20 20:25:00,2026-01-20 20:30:00,2026-01-20 21:04:00,4750.486,4759.043409722222,TP,8.397409722222239,34,0.43980547742101617,ml_v2,2026-01
286751,long,2026-01-20 23:10:00,2026-01-20 23:15:00,2026-01-20 23:44:00,4758.11,4766.769222222222,TP,8.49922222222222,29,0.4273745867709338,ml_v2,2026-01
286761,long,2026-01-21 00:00:00,2026-01-21 00:05:00,2026-01-21 00:33:00,4772.738,4781.516305555556,TP,8.618305555555537,28,0.42898930752219133,ml_v2,2026-01
286888,long,2026-01-21 10:35:00,2026-01-21 10:40:00,2026-01-21 11:46:00,4862.908,4856.37985441007,SL,-6.688145589930549,66,0.4209202640747574,ml_v2,2026-01
286915,long,2026-01-21 12:50:00,2026-01-21 12:55:00,2026-01-21 13:36:00,4862.095,4873.698347222223,TP,11.443347222222213,41,0.4169277543527987,ml_v2,2026-01
286926,long,2026-01-21 13:45:00,2026-01-21 13:50:00,2026-01-21 14:04:00,4873.578,4866.830223158334,SL,-6.907776841666646,14,0.4251114662914577,ml_v2,2026-01
286933,long,2026-01-21 14:20:00,2026-01-21 14:25:00,2026-01-21 14:30:00,4853.253,4865.675694444444,TP,12.26269444444441,5,0.4230955712029909,ml_v2,2026-01
286937,long,2026-01-21 14:40:00,2026-01-21 14:45:00,2026-01-21 14:49:00,4860.898,4853.678062595834,SL,-7.379937404166652,4,0.44574347976486706,ml_v2,2026-01
286940,long,2026-01-21 14:55:00,2026-01-21 15:00:00,2026-01-21 15:04:00,4851.99,4864.709208333333,TP,12.559208333333313,4,0.43377214695667443,ml_v2,2026-01
286943,long,2026-01-21 15:10:00,2026-01-21 15:15:00,2026-01-21 15:16:00,4860.326,4853.0299168833335,SL,-7.456083116666659,1,0.4256742999622798,ml_v2,2026-01
286950,long,2026-01-21 15:45:00,2026-01-21 15:50:00,2026-01-21 16:19:00,4843.755,4836.284588917709,SL,-7.630411082291656,29,0.41980710686857203,ml_v2,2026-01
287027,long,2026-01-21 23:10:00,2026-01-21 23:15:00,2026-01-21 23:17:00,4815.072,4805.9867902697915,SL,-9.24520973020834,2,0.42077155343484623,ml_v2,2026-01
287030,long,2026-01-21 23:25:00,2026-01-21 23:30:00,2026-01-21 23:46:00,4795.089,4785.883273845833,SL,-9.365726154166673,16,0.4280602408983449,ml_v2,2026-01
287037,long,2026-01-22 00:00:00,2026-01-22 00:05:00,2026-01-22 00:55:00,4779.361,4795.798618055555,TP,16.277618055555585,50,0.41992723109899127,ml_v2,2026-01
287308,long,2026-01-22 23:35:00,2026-01-22 23:40:00,2026-01-22 23:47:00,4935.121,4946.971368055556,TP,11.690368055555508,7,0.41871136376075213,ml_v2,2026-01
287402,long,2026-01-23 07:25:00,2026-01-23 07:30:00,2026-01-23 07:43:00,4956.916,4950.628966626042,SL,-6.44703337395832,13,0.42528548504670727,ml_v2,2026-01
287409,long,2026-01-23 08:00:00,2026-01-23 08:05:00,2026-01-23 08:15:00,4946.365,4940.025401162847,SL,-6.49959883715276,10,0.4170695475966546,ml_v2,2026-01
287496,long,2026-01-23 15:15:00,2026-01-23 15:20:00,2026-01-23 15:47:00,4949.2,4961.567277777777,TP,12.207277777777751,27,0.4209930033080782,ml_v2,2026-01
287529,long,2026-01-23 18:00:00,2026-01-23 18:05:00,2026-01-23 18:37:00,4978.833,4971.868040411111,SL,-7.1249595888888795,32,0.41730732471696186,ml_v2,2026-01
287577,long,2026-01-25 23:00:00,2026-01-25 23:05:00,2026-01-25 23:08:00,5007.18,5019.298819444445,TP,11.958819444444417,3,0.4199926306969246,ml_v2,2026-01
287581,long,2026-01-25 23:20:00,2026-01-25 23:25:00,2026-01-25 23:27:00,5024.915,5017.844099930556,SL,-7.23090006944442,2,0.44098482771591696,ml_v2,2026-01
287585,long,2026-01-25 23:40:00,2026-01-25 23:45:00,2026-01-25 23:54:00,5025.385,5037.8852916666665,TP,12.340291666666632,9,0.44767993372724335,ml_v2,2026-01
287695,long,2026-01-26 08:50:00,2026-01-26 08:55:00,2026-01-26 09:29:00,5082.922,5096.765479166666,TP,13.683479166666643,34,0.4262777692501275,ml_v2,2026-01
287707,long,2026-01-26 09:50:00,2026-01-26 09:55:00,2026-01-26 10:33:00,5079.184,5092.738104166667,TP,13.394104166666642,38,0.4291010394464054,ml_v2,2026-01
287747,long,2026-01-26 13:10:00,2026-01-26 13:15:00,2026-01-26 13:20:00,5080.165,5072.4305671125,SL,-7.894432887499974,5,0.41732637645179205,ml_v2,2026-01
287754,long,2026-01-26 13:45:00,2026-01-26 13:50:00,2026-01-26 14:00:00,5072.125,5064.258101827778,SL,-8.0268981722222,10,0.417136192975316,ml_v2,2026-01
287782,long,2026-01-26 16:05:00,2026-01-26 16:10:00,2026-01-26 16:21:00,5100.638,5092.610790260764,SL,-8.187209739236083,11,0.42009411787196604,ml_v2,2026-01
287787,long,2026-01-26 16:30:00,2026-01-26 16:35:00,2026-01-26 16:38:00,5075.241,5067.109572067014,SL,-8.291427932986085,3,0.41920633752250763,ml_v2,2026-01
287795,long,2026-01-26 17:10:00,2026-01-26 17:15:00,2026-01-26 17:24:00,5094.348,5086.158696880902,SL,-8.349303119097199,9,0.42038553869332984,ml_v2,2026-01
288129,long,2026-01-27 23:10:00,2026-01-27 23:15:00,2026-01-27 23:23:00,5170.937,5161.946206508681,SL,-9.150793491319435,8,0.4368093199531822,ml_v2,2026-01
288133,long,2026-01-27 23:30:00,2026-01-27 23:35:00,2026-01-28 00:05:00,5165.934,5157.0605244,SL,-9.03347559999999,30,0.42629154680860687,ml_v2,2026-01
288142,long,2026-01-28 00:15:00,2026-01-28 00:20:00,2026-01-28 00:55:00,5164.164,5179.264159722222,TP,14.940159722222202,35,0.45155593759563767,ml_v2,2026-01
288271,long,2026-01-28 11:00:00,2026-01-28 11:05:00,2026-01-28 11:10:00,5243.697,5259.740215277778,TP,15.883215277777815,5,0.43351265815157114,ml_v2,2026-01
288275,long,2026-01-28 11:20:00,2026-01-28 11:25:00,2026-01-28 12:43:00,5256.092,5272.3070625,TP,16.05506250000003,78,0.45718744421126145,ml_v2,2026-01
288293,long,2026-01-28 12:50:00,2026-01-28 12:55:00,2026-01-28 13:38:00,5274.531,5265.071022248264,SL,-9.619977751736128,43,0.4439003189810685,ml_v2,2026-01
288304,long,2026-01-28 13:45:00,2026-01-28 13:50:00,2026-01-28 14:06:00,5266.255,5256.649171540972,SL,-9.765828459027796,16,0.43565867581846274,ml_v2,2026-01
288310,long,2026-01-28 14:15:00,2026-01-28 14:20:00,2026-01-28 14:31:00,5266.018,5256.342172884375,SL,-9.835827115625017,11,0.44296999824592687,ml_v2,2026-01
288317,long,2026-01-28 14:50:00,2026-01-28 14:55:00,2026-01-28 15:00:00,5272.2,5289.255604166667,TP,16.89560416666669,5,0.43282349451864577,ml_v2,2026-01
288323,long,2026-01-28 15:20:00,2026-01-28 15:25:00,2026-01-28 15:27:00,5269.737,5259.607016965278,SL,-10.28998303472223,2,0.426520466492334,ml_v2,2026-01
288373,long,2026-01-28 19:30:00,2026-01-28 19:35:00,2026-01-28 19:43:00,5292.545,5311.096743055556,TP,18.391743055555562,8,0.422314514242762,ml_v2,2026-01
288519,long,2026-01-29 08:40:00,2026-01-29 08:45:00,2026-01-29 08:50:00,5482.711,5510.263763888889,TP,27.3927638888889,5,0.43306044975321956,ml_v2,2026-01
288523,long,2026-01-29 09:00:00,2026-01-29 09:05:00,2026-01-29 10:57:00,5502.19,5486.296622274653,SL,-16.05337772534723,112,0.4317350385401902,ml_v2,2026-01
288584,long,2026-01-29 14:05:00,2026-01-29 14:10:00,2026-01-29 14:21:00,5537.104,5520.612282377431,SL,-16.651717622569425,11,0.42260281041754244,ml_v2,2026-01
288771,short,2026-01-30 06:40:00,2026-01-30 06:45:00,2026-01-30 07:12:00,5158.104,5184.085303627431,SL,-26.141303627430574,27,0.3648269993006708,ml_v2,2026-01
288943,long,2026-01-30 21:00:00,2026-01-30 21:05:00,2026-02-01 23:01:00,4859.165,4826.169532557638,SL,-33.15546744236113,53,0.42086882485636096,ml_v2,2026-01
288966,long,2026-02-02 00:00:00,2026-02-02 00:05:00,2026-02-02 00:14:00,4784.919,4845.430270833333,TP,60.191270833333355,9,0.4278880488034683,ml_v2,2026-02
288971,long,2026-02-02 00:25:00,2026-02-02 00:30:00,2026-02-02 00:33:00,4846.848,4812.193379071875,SL,-34.81462092812502,3,0.43569598970519474,ml_v2,2026-02
288974,long,2026-02-02 00:40:00,2026-02-02 00:45:00,2026-02-02 00:56:00,4804.286,4769.4002315152775,SL,-35.04576848472224,11,0.4425831069473346,ml_v2,2026-02
288984,long,2026-02-02 01:30:00,2026-02-02 01:35:00,2026-02-02 02:32:00,4703.972,4767.898201388889,TP,63.766201388888916,57,0.42726115850185176,ml_v2,2026-02
289000,long,2026-02-02 02:50:00,2026-02-02 02:55:00,2026-02-02 03:14:00,4727.707,4691.034731984375,SL,-36.83226801562501,19,0.42069917055806727,ml_v2,2026-02
289017,long,2026-02-02 04:15:00,2026-02-02 04:20:00,2026-02-02 04:40:00,4697.668,4661.585075512499,SL,-36.2429244875,20,0.42115077335675427,ml_v2,2026-02
289024,long,2026-02-02 04:50:00,2026-02-02 04:55:00,2026-02-02 05:13:00,4686.17,4650.0196602861115,SL,-36.310339713888894,18,0.4285577393926193,ml_v2,2026-02
289176,long,2026-02-02 17:30:00,2026-02-02 17:35:00,2026-02-02 18:14:00,4674.382,4635.802529514583,SL,-38.73947048541669,39,0.4205188948829952,ml_v2,2026-02
289192,long,2026-02-02 18:50:00,2026-02-02 18:55:00,2026-02-02 20:55:00,4651.317,4665.549,TIMEOUT,14.07199999999997,120,0.4253721128123564,ml_v2,2026-02
289416,long,2026-02-03 14:30:00,2026-02-03 14:35:00,2026-02-03 15:10:00,4903.949,4941.926381944444,TP,37.737381944444486,35,0.42232401213598514,ml_v2,2026-02
289426,long,2026-02-03 15:20:00,2026-02-03 15:25:00,2026-02-03 16:16:00,4913.493,4950.743784722223,TP,37.01078472222226,51,0.44330738627387123,ml_v2,2026-02
289444,long,2026-02-03 16:50:00,2026-02-03 16:55:00,2026-02-03 17:11:00,4953.877,4934.177725590625,SL,-19.939274409375024,16,0.42910634169259904,ml_v2,2026-02
289450,long,2026-02-03 17:20:00,2026-02-03 17:25:00,2026-02-03 17:41:00,4953.559,4934.20758784132,SL,-19.591412158680576,16,0.42155301354064817,ml_v2,2026-02
289457,long,2026-02-03 17:55:00,2026-02-03 18:00:00,2026-02-03 18:29:00,4929.116,4909.876659504167,SL,-19.47934049583336,29,0.4279290274718547,ml_v2,2026-02
289465,long,2026-02-03 18:35:00,2026-02-03 18:40:00,2026-02-03 19:04:00,4904.723,4885.678587448611,SL,-19.20441255138891,24,0.46382527549212793,ml_v2,2026-02
289472,long,2026-02-03 19:10:00,2026-02-03 19:15:00,2026-02-03 20:34:00,4916.002,4949.277895833334,TP,33.11589583333339,79,0.42767301811201025,ml_v2,2026-02
289517,long,2026-02-03 23:55:00,2026-02-04 00:00:00,2026-02-04 00:13:00,4947.389,4979.207076388889,TP,31.57807638888892,13,0.42091112485667337,ml_v2,2026-02
289531,long,2026-02-04 01:05:00,2026-02-04 01:10:00,2026-02-04 01:38:00,5031.491,5013.802297015972,SL,-17.928702984027797,28,0.42808453502462807,ml_v2,2026-02
289851,long,2026-02-05 04:45:00,2026-02-05 04:50:00,2026-02-05 04:59:00,4880.747,4863.468586210764,SL,-17.438413789236108,9,0.4256409295128162,ml_v2,2026-02
289918,long,2026-02-05 10:20:00,2026-02-05 10:25:00,2026-02-05 12:10:00,4863.856,4844.637251546181,SL,-19.45874845381943,105,0.4220724576738557,ml_v2,2026-02
289948,long,2026-02-05 12:50:00,2026-02-05 12:55:00,2026-02-05 12:59:00,4858.977,4839.193774029861,SL,-19.943225970138908,4,0.4245020086269522,ml_v2,2026-02
290029,long,2026-02-05 19:35:00,2026-02-05 19:40:00,2026-02-05 20:00:00,4832.963,4813.457498729861,SL,-19.66550127013893,20,0.42056536420804336,ml_v2,2026-02
290046,long,2026-02-05 21:00:00,2026-02-05 21:05:00,2026-02-05 21:16:00,4823.415,4803.902502435763,SL,-19.67249756423613,11,0.42908309503717795,ml_v2,2026-02
290051,long,2026-02-05 21:25:00,2026-02-05 21:30:00,2026-02-05 21:34:00,4802.307,4782.81293963507,SL,-19.654060364930576,4,0.43709371075702297,ml_v2,2026-02
290058,long,2026-02-05 23:00:00,2026-02-05 23:05:00,2026-02-05 23:24:00,4777.095,4757.407301421528,SL,-20.047698578472247,19,0.427183210149038,ml_v2,2026-02
290065,long,2026-02-05 23:35:00,2026-02-05 23:40:00,2026-02-05 23:49:00,4739.173,4719.346316051042,SL,-19.98668394895836,9,0.44911862696830734,ml_v2,2026-02
290069,long,2026-02-05 23:55:00,2026-02-06 00:00:00,2026-02-06 00:14:00,4703.682,4683.63043460243,SL,-20.211565397569462,14,0.4538925715846251,ml_v2,2026-02
290074,long,2026-02-06 00:20:00,2026-02-06 00:25:00,2026-02-06 00:35:00,4703.663,4739.028687499999,TP,35.165687500000026,10,0.42238890297516096,ml_v2,2026-02
290079,long,2026-02-06 00:45:00,2026-02-06 00:50:00,2026-02-06 01:01:00,4755.792,4735.285409603125,SL,-20.685590396875014,11,0.4208295723427878,ml_v2,2026-02
290133,long,2026-02-06 05:15:00,2026-02-06 05:20:00,2026-02-06 05:40:00,4831.912,4866.378993055556,TP,34.30699305555563,20,0.42041463917867744,ml_v2,2026-02
290349,long,2026-02-09 00:15:00,2026-02-09 00:20:00,2026-02-09 00:41:00,5036.108,5021.1435817125,SL,-15.20441828749996,21,0.4251821271600474,ml_v2,2026-02
290361,long,2026-02-09 01:15:00,2026-02-09 01:20:00,2026-02-09 01:25:00,5029.475,5014.752793176042,SL,-14.9622068239583,5,0.42541043292607983,ml_v2,2026-02
290367,long,2026-02-09 01:45:00,2026-02-09 01:50:00,2026-02-09 01:58:00,4997.101,4982.5291678625,SL,-14.81183213749996,8,0.42207839792800933,ml_v2,2026-02
290616,long,2026-02-09 23:30:00,2026-02-09 23:35:00,2026-02-09 23:45:00,5022.255,5041.1725625,TP,18.677562499999958,10,0.42597217268384935,ml_v2,2026-02
290624,long,2026-02-10 00:10:00,2026-02-10 00:15:00,2026-02-10 00:35:00,5035.026,5024.2404527,SL,-11.025547299999968,20,0.4242550242619465,ml_v2,2026-02
290631,short,2026-02-10 00:45:00,2026-02-10 00:50:00,2026-02-10 01:08:00,5017.325,5027.963494166666,SL,-10.87849416666663,18,0.35996146261759987,ml_v2,2026-02
290638,short,2026-02-10 01:20:00,2026-02-10 01:25:00,2026-02-10 01:47:00,5023.26,5033.863365865278,SL,-10.843365865277743,22,0.362148669958794,ml_v2,2026-02
290685,short,2026-02-10 05:15:00,2026-02-10 05:20:00,2026-02-10 05:45:00,5023.352,5033.0842220875,SL,-9.972222087499965,25,0.36140459537574043,ml_v2,2026-02
291060,short,2026-02-11 13:30:00,2026-02-11 13:35:00,2026-02-11 13:38:00,5049.703,5058.168253943056,SL,-8.705253943055544,3,0.3608705973631977,ml_v2,2026-02
291074,short,2026-02-11 14:40:00,2026-02-11 14:45:00,2026-02-11 14:51:00,5043.12,5051.780820800347,SL,-8.900820800347214,6,0.36120860040255776,ml_v2,2026-02
291133,long,2026-02-11 19:35:00,2026-02-11 19:40:00,2026-02-11 21:32:00,5082.281,5073.72446485625,SL,-8.79653514374998,112,0.4205590654292557,ml_v2,2026-02
291168,long,2026-02-11 23:30:00,2026-02-11 23:35:00,2026-02-12 00:05:00,5063.176,5054.385817205904,SL,-9.03018279409717,30,0.42455115645071584,ml_v2,2026-02
291251,short,2026-02-12 06:25:00,2026-02-12 06:30:00,2026-02-12 07:13:00,5055.598,5064.543474331597,SL,-9.185474331597172,43,0.3603966108194599,ml_v2,2026-02
291440,long,2026-02-12 23:10:00,2026-02-12 23:15:00,2026-02-12 23:27:00,4910.583,4928.136708333333,TP,17.19370833333338,12,0.4209220725373188,ml_v2,2026-02
291445,long,2026-02-12 23:35:00,2026-02-12 23:40:00,2026-02-13 00:06:00,4910.613,4928.351090277778,TP,17.498090277777823,26,0.4229206603562008,ml_v2,2026-02
291759,short,2026-02-16 02:45:00,2026-02-16 02:50:00,2026-02-16 03:49:00,4998.908,4982.671590277778,TP,15.996409722222237,59,0.3611516793497095,ml_v2,2026-02
291776,short,2026-02-16 04:10:00,2026-02-16 04:15:00,2026-02-16 05:16:00,4976.774,4985.9854168437505,SL,-9.451416843750017,61,0.3606903976208805,ml_v2,2026-02
292243,long,2026-02-17 23:35:00,2026-02-17 23:40:00,2026-02-17 23:53:00,4866.553,4857.192851388541,SL,-9.52014861145833,13,0.43618283961815385,ml_v2,2026-02
292248,long,2026-02-18 00:00:00,2026-02-18 00:05:00,2026-02-18 00:36:00,4863.486,4880.096868055555,TP,16.370868055555572,31,0.4341594798663044,ml_v2,2026-02
292374,short,2026-02-18 10:30:00,2026-02-18 10:35:00,2026-02-18 12:12:00,4917.18,4925.456072245834,SL,-8.516072245833334,97,0.362538633347237,ml_v2,2026-02
292452,long,2026-02-18 17:00:00,2026-02-18 17:05:00,2026-02-18 18:25:00,4999.745,4992.7088313916665,SL,-7.196168608333336,80,0.43200604564476686,ml_v2,2026-02
292471,long,2026-02-18 18:35:00,2026-02-18 18:40:00,2026-02-18 19:27:00,4986.505,4979.821515251736,SL,-6.923484748263887,47,0.45131038542861746,ml_v2,2026-02
292799,short,2026-02-19 23:55:00,2026-02-20 00:00:00,2026-02-20 00:02:00,4987.838,4993.928724425347,SL,-6.330724425347224,2,0.3620954281098484,ml_v2,2026-02
292804,short,2026-02-20 00:20:00,2026-02-20 00:25:00,2026-02-20 00:45:00,4990.687,4996.685332071875,SL,-6.238332071874997,20,0.36309666904723537,ml_v2,2026-02
293270,long,2026-02-23 16:10:00,2026-02-23 16:15:00,2026-02-23 16:19:00,5202.249,5215.9241319444445,TP,13.315131944444445,4,0.4207414933136716,ml_v2,2026-02
293276,long,2026-02-23 16:40:00,2026-02-23 16:45:00,2026-02-23 17:12:00,5209.775,5202.2114743149305,SL,-7.923525685069449,27,0.4300215761787336,ml_v2,2026-02
293284,long,2026-02-23 17:20:00,2026-02-23 17:25:00,2026-02-23 17:35:00,5209.192,5201.710203570139,SL,-7.841796429861113,10,0.42180897406447015,ml_v2,2026-02
293289,long,2026-02-23 17:45:00,2026-02-23 17:50:00,2026-02-23 18:06:00,5199.486,5212.549243055555,TP,12.703243055555562,16,0.4350416018809561,ml_v2,2026-02
293295,long,2026-02-23 18:15:00,2026-02-23 18:20:00,2026-02-23 20:03:00,5208.056,5221.0382222222215,TP,12.622222222222227,103,0.4318243916909462,ml_v2,2026-02
293368,short,2026-02-24 01:20:00,2026-02-24 01:25:00,2026-02-24 01:26:00,5150.942,5158.450845063195,SL,-7.868845063194468,1,0.3641737228638767,ml_v2,2026-02
293400,short,2026-02-24 04:00:00,2026-02-24 04:05:00,2026-02-24 04:16:00,5164.191,5171.747759558333,SL,-7.796759558333359,11,0.3616374111182331,ml_v2,2026-02
293407,short,2026-02-24 04:35:00,2026-02-24 04:40:00,2026-02-24 05:48:00,5168.806,5176.295249090277,SL,-7.729249090277797,68,0.35993067893302333,ml_v2,2026-02
293429,short,2026-02-24 06:25:00,2026-02-24 06:30:00,2026-02-24 07:18:00,5169.197,5176.7852964552085,SL,-7.948296455208348,48,0.3623435026414036,ml_v2,2026-02
293623,long,2026-02-24 23:35:00,2026-02-24 23:40:00,2026-02-25 00:38:00,5138.446,5152.8645,TP,14.058500000000121,58,0.43077230037842396,ml_v2,2026-02
293735,short,2026-02-25 08:55:00,2026-02-25 09:00:00,2026-02-25 09:36:00,5185.455,5192.844761232639,SL,-7.629761232638924,36,0.3622445064032604,ml_v2,2026-02
293749,short,2026-02-25 10:05:00,2026-02-25 10:10:00,2026-02-25 10:32:00,5184.351,5171.577784722222,TP,12.413215277777834,22,0.36315937809591786,ml_v2,2026-02
293761,short,2026-02-25 11:05:00,2026-02-25 11:10:00,2026-02-25 11:16:00,5169.792,5156.942944444445,TP,12.489055555555607,6,0.360778374076569,ml_v2,2026-02
294008,short,2026-02-26 08:40:00,2026-02-26 08:45:00,2026-02-26 08:50:00,5174.217,5181.0081713260415,SL,-7.151171326041666,5,0.35986409843035927,ml_v2,2026-02
294030,short,2026-02-26 10:30:00,2026-02-26 10:35:00,2026-02-26 11:54:00,5176.636,5164.718743055556,TP,11.677256944444457,79,0.3609757697589039,ml_v2,2026-02
294187,short,2026-02-27 00:35:00,2026-02-27 00:40:00,2026-02-27 01:33:00,5174.845,5181.8710372760415,SL,-7.386037276041663,53,0.36771999061175575,ml_v2,2026-02
294258,short,2026-02-27 06:30:00,2026-02-27 06:35:00,2026-02-27 07:14:00,5192.522,5180.985159722222,TP,11.296840277777722,39,0.36174316465922585,ml_v2,2026-02
294297,short,2026-02-27 09:45:00,2026-02-27 09:50:00,2026-02-27 11:50:00,5177.069,5181.108,TIMEOUT,-4.39899999999976,120,0.36472978949614754,ml_v2,2026-02
294596,long,2026-03-02 11:40:00,2026-03-02 11:45:00,2026-03-02 11:46:00,5389.258,5379.902280126042,SL,-9.71571987395832,1,0.41947468121565223,ml_v2,2026-03
294603,long,2026-03-02 12:15:00,2026-03-02 12:20:00,2026-03-02 13:05:00,5386.577,5403.201729166667,TP,16.264729166666644,45,0.41707045153609956,ml_v2,2026-03
294615,long,2026-03-02 13:15:00,2026-03-02 13:20:00,2026-03-02 13:30:00,5392.853,5409.985215277778,TP,16.77221527777775,10,0.4208792106904,ml_v2,2026-03
294620,long,2026-03-02 13:40:00,2026-03-02 13:45:00,2026-03-02 14:01:00,5393.084,5383.0787518013885,SL,-10.365248198611097,16,0.4156983426415384,ml_v2,2026-03
294798,short,2026-03-03 05:30:00,2026-03-03 05:35:00,2026-03-03 05:48:00,5348.183,5328.956118055556,TP,18.866881944444422,13,0.35455241823312134,ml_v2,2026-03
295155,short,2026-03-04 12:15:00,2026-03-04 12:20:00,2026-03-04 12:41:00,5183.796,5157.086097222223,TP,26.46990277777779,21,0.3546135278951773,ml_v2,2026-03
295235,long,2026-03-04 18:55:00,2026-03-04 19:00:00,2026-03-04 21:00:00,5134.113,5137.738,TIMEOUT,3.385,120,0.41300919103043465,ml_v2,2026-03
295274,long,2026-03-04 23:10:00,2026-03-04 23:15:00,2026-03-04 23:59:00,5146.92,5165.6175277777775,TP,18.19752777777781,44,0.422577511313166,ml_v2,2026-03
295285,long,2026-03-05 00:05:00,2026-03-05 00:10:00,2026-03-05 01:10:00,5166.938,5185.233340277778,TP,17.935340277777787,60,0.4366546031971067,ml_v2,2026-03
295351,short,2026-03-05 05:35:00,2026-03-05 05:40:00,2026-03-05 06:00:00,5164.429,5147.962368055556,TP,16.226631944444495,20,0.3565321652322619,ml_v2,2026-03
295560,long,2026-03-06 00:05:00,2026-03-06 00:10:00,2026-03-06 00:15:00,5090.645,5080.899178196181,SL,-10.105821803819424,5,0.4162077923075493,ml_v2,2026-03
295564,long,2026-03-06 00:25:00,2026-03-06 00:30:00,2026-03-06 00:42:00,5090.327,5080.582456021875,SL,-10.104543978124983,12,0.41691051108515353,ml_v2,2026-03
295569,long,2026-03-06 00:50:00,2026-03-06 00:55:00,2026-03-06 01:00:00,5089.246,5079.443640361806,SL,-10.162359638194433,5,0.4177064809555495,ml_v2,2026-03
295838,short,2026-03-08 23:15:00,2026-03-08 23:20:00,2026-03-08 23:35:00,5098.728,5081.311145833333,TP,17.056854166666636,15,0.35433077836152405,ml_v2,2026-03
295844,short,2026-03-08 23:45:00,2026-03-08 23:50:00,2026-03-08 23:58:00,5065.888,5076.159837560416,SL,-10.631837560416656,8,0.3558889927875647,ml_v2,2026-03
295848,short,2026-03-09 00:05:00,2026-03-09 00:10:00,2026-03-09 00:13:00,5052.65,5034.493069444444,TP,17.796930555555537,3,0.3575194480430731,ml_v2,2026-03
295851,short,2026-03-09 00:20:00,2026-03-09 00:25:00,2026-03-09 00:33:00,5047.855,5058.363842479514,SL,-10.868842479513876,8,0.35576213920232147,ml_v2,2026-03
295856,short,2026-03-09 00:45:00,2026-03-09 00:50:00,2026-03-09 01:00:00,5043.361,5024.758798611111,TP,18.242201388888873,10,0.355183959246839,ml_v2,2026-03
296120,long,2026-03-09 23:45:00,2026-03-09 23:50:00,2026-03-10 00:23:00,5141.324,5130.593204753124,SL,-11.090795246875011,33,0.41858740157215674,ml_v2,2026-03
296317,long,2026-03-10 16:10:00,2026-03-10 16:15:00,2026-03-10 18:14:00,5223.656,5215.956858118403,SL,-8.059141881597233,119,0.4183860427648548,ml_v2,2026-03
296834,short,2026-03-12 13:15:00,2026-03-12 13:20:00,2026-03-12 13:23:00,5174.113,5162.719680555556,TP,11.033319444444432,3,0.3549490658670275,ml_v2,2026-03
297504,short,2026-03-17 00:05:00,2026-03-17 00:10:00,2026-03-17 01:16:00,5004.748,5012.589659130555,SL,-8.121659130555557,66,0.3547776280074923,ml_v2,2026-03
297555,long,2026-03-17 04:20:00,2026-03-17 04:25:00,2026-03-17 04:44:00,5029.385,5041.189486111111,TP,11.524486111111159,19,0.41539576642021236,ml_v2,2026-03
297574,short,2026-03-17 05:55:00,2026-03-17 06:00:00,2026-03-17 06:06:00,5020.924,5009.040333333333,TP,11.603666666666703,6,0.35834782702024864,ml_v2,2026-03
297578,short,2026-03-17 06:15:00,2026-03-17 06:20:00,2026-03-17 07:30:00,5012.206,5019.082031651042,SL,-7.15603165104169,70,0.3552138147979586,ml_v2,2026-03
297663,short,2026-03-17 13:20:00,2026-03-17 13:25:00,2026-03-17 13:32:00,5013.966,5020.247826829514,SL,-6.56182682951392,7,0.3554414896398394,ml_v2,2026-03
297785,short,2026-03-18 00:30:00,2026-03-18 00:35:00,2026-03-18 00:51:00,5000.979,5006.5724002208335,SL,-5.953400220833364,16,0.3577036647229998,ml_v2,2026-03
297791,short,2026-03-18 01:00:00,2026-03-18 01:05:00,2026-03-18 01:10:00,5008.066,5013.654023035069,SL,-5.868023035069469,5,0.3552126376062243,ml_v2,2026-03
297795,short,2026-03-18 01:20:00,2026-03-18 01:25:00,2026-03-18 01:37:00,5011.957,5002.201277777778,TP,9.47572222222227,12,0.35420201105173515,ml_v2,2026-03
297800,short,2026-03-18 01:45:00,2026-03-18 01:50:00,2026-03-18 02:19:00,4998.88,5004.446867479861,SL,-5.846867479861143,29,0.35645834487970757,ml_v2,2026-03
297833,short,2026-03-18 04:30:00,2026-03-18 04:35:00,2026-03-18 05:35:00,4988.429,4993.863521247223,SL,-5.714521247222249,60,0.35465591532286095,ml_v2,2026-03
297850,short,2026-03-18 05:55:00,2026-03-18 06:00:00,2026-03-18 06:09:00,4997.362,5002.88144903507,SL,-5.79944903506945,9,0.3549028722673266,ml_v2,2026-03
297876,short,2026-03-18 08:05:00,2026-03-18 08:10:00,2026-03-18 08:45:00,4992.007,4982.630263888888,TP,9.096736111111099,35,0.35517764967974114,ml_v2,2026-03
297910,short,2026-03-18 10:55:00,2026-03-18 11:00:00,2026-03-18 11:04:00,4967.89,4958.433729166667,TP,9.176270833333305,4,0.35424826425608086,ml_v2,2026-03
297916,short,2026-03-18 11:25:00,2026-03-18 11:30:00,2026-03-18 11:31:00,4948.477,4954.009405870139,SL,-5.8124058701388694,1,0.3542655559789786,ml_v2,2026-03
298328,long,2026-03-19 23:45:00,2026-03-19 23:50:00,2026-03-20 01:05:00,4644.531,4670.0460625,TP,25.235062499999984,75,0.4195716795952484,ml_v2,2026-03
298483,short,2026-03-20 12:40:00,2026-03-20 12:45:00,2026-03-20 13:31:00,4669.99,4645.189888888889,TP,24.52011111111112,46,0.3547915967714438,ml_v2,2026-03
298891,short,2026-03-24 00:40:00,2026-03-24 00:45:00,2026-03-24 00:48:00,4344.362,4369.7643533461805,SL,-25.766353346180544,3,0.3544786574852118,ml_v2,2026-03
299141,long,2026-03-24 22:30:00,2026-03-24 22:35:00,2026-03-24 23:16:00,4462.812,4490.661944444444,TP,27.4859444444445,41,0.4194148402572571,ml_v2,2026-03
299309,long,2026-03-25 12:30:00,2026-03-25 12:35:00,2026-03-25 13:03:00,4537.706,4558.742715277778,TP,20.756715277777836,28,0.4171720102801447,ml_v2,2026-03
299359,long,2026-03-25 16:40:00,2026-03-25 16:45:00,2026-03-25 17:10:00,4556.052,4545.047190509722,SL,-11.284809490277807,25,0.41906844842671487,ml_v2,2026-03
299373,long,2026-03-25 17:50:00,2026-03-25 17:55:00,2026-03-25 18:01:00,4547.919,4566.9816597222225,TP,18.782659722222267,6,0.41554134154305933,ml_v2,2026-03
299388,long,2026-03-25 19:05:00,2026-03-25 19:10:00,2026-03-25 19:11:00,4503.668,4492.850689604166,SL,-11.097310395833354,1,0.4250489387572056,ml_v2,2026-03
299391,long,2026-03-25 19:20:00,2026-03-25 19:25:00,2026-03-25 19:59:00,4513.821,4532.851486111111,TP,18.75048611111115,34,0.42270646969646525,ml_v2,2026-03
299412,long,2026-03-25 22:05:00,2026-03-25 22:10:00,2026-03-25 22:43:00,4509.576,4528.846326388889,TP,18.910326388888905,33,0.4137008891472439,ml_v2,2026-03
299421,long,2026-03-25 22:50:00,2026-03-25 22:55:00,2026-03-25 23:02:00,4516.779,4506.170633947223,SL,-10.88836605277778,7,0.4201294462384478,ml_v2,2026-03
299426,long,2026-03-25 23:15:00,2026-03-25 23:20:00,2026-03-25 23:37:00,4506.962,4496.3295893947925,SL,-10.912410605208333,17,0.41344881289835395,ml_v2,2026-03
299435,long,2026-03-26 00:00:00,2026-03-26 00:05:00,2026-03-26 00:15:00,4510.205,4528.751868055556,TP,18.26686805555554,10,0.41565397648510083,ml_v2,2026-03
299503,short,2026-03-26 05:40:00,2026-03-26 05:45:00,2026-03-26 05:52:00,4482.896,4465.132333333333,TP,17.483666666666632,7,0.35445292317983,ml_v2,2026-03
299712,long,2026-03-27 00:05:00,2026-03-27 00:10:00,2026-03-27 00:19:00,4408.284,4396.256513271875,SL,-12.30748672812501,9,0.41809753743085265,ml_v2,2026-03
299920,long,2026-03-27 17:25:00,2026-03-27 17:30:00,2026-03-27 18:31:00,4494.005,4512.189236111111,TP,17.904236111111107,61,0.4169237150166986,ml_v2,2026-03
300448,long,2026-03-31 15:25:00,2026-03-31 15:30:00,2026-03-31 16:39:00,4610.119,4627.298576388888,TP,16.899576388888896,69,0.4131321079442533,ml_v2,2026-03
300488,long,2026-03-31 18:45:00,2026-03-31 18:50:00,2026-03-31 19:40:00,4665.353,4682.886451388889,TP,17.253451388888912,50,0.4167077848196562,ml_v2,2026-03
300520,long,2026-03-31 22:25:00,2026-03-31 22:30:00,2026-03-31 22:38:00,4674.517,4692.2361458333335,TP,17.359145833333343,8,0.4128687310311949,ml_v2,2026-03
300534,long,2026-03-31 23:35:00,2026-03-31 23:40:00,2026-04-01 00:17:00,4692.079,4710.245229166667,TP,17.886229166666677,37,0.4149747570409978,ml_v2,2026-03
300539,long,2026-04-01 00:00:00,2026-04-01 00:05:00,2026-04-01 00:25:00,4698.713,4716.893381944445,TP,17.90038194444445,20,0.40271964745256456,ml_v2,2026-04
300548,long,2026-04-01 00:45:00,2026-04-01 00:50:00,2026-04-01 01:06:00,4707.061,4696.617425840972,SL,-10.723574159027788,16,0.3982069337529972,ml_v2,2026-04
300554,long,2026-04-01 01:15:00,2026-04-01 01:20:00,2026-04-01 01:39:00,4698.217,4687.728114618055,SL,-10.768885381944457,19,0.4055792860847708,ml_v2,2026-04
300560,long,2026-04-01 01:45:00,2026-04-01 01:50:00,2026-04-01 02:36:00,4691.472,4681.0818246687495,SL,-10.670175331250006,46,0.3982637394648492,ml_v2,2026-04
300590,short,2026-04-01 04:15:00,2026-04-01 04:20:00,2026-04-01 04:50:00,4669.031,4678.722887241666,SL,-9.971887241666652,30,0.35138625556582626,ml_v2,2026-04
300599,short,2026-04-01 05:00:00,2026-04-01 05:05:00,2026-04-01 05:18:00,4675.868,4685.467022648264,SL,-9.879022648263875,13,0.3497751665242518,ml_v2,2026-04
300604,short,2026-04-01 05:25:00,2026-04-01 05:30:00,2026-04-01 05:37:00,4686.107,4695.6765612260415,SL,-9.84956122604166,7,0.3498722969633651,ml_v2,2026-04
300608,short,2026-04-01 05:45:00,2026-04-01 05:50:00,2026-04-01 06:00:00,4699.262,4682.425590277778,TP,16.556409722222217,10,0.34985487827054007,ml_v2,2026-04
300613,long,2026-04-01 06:10:00,2026-04-01 06:15:00,2026-04-01 06:45:00,4697.434,4714.266354166667,TP,16.552354166666667,30,0.40492073025234343,ml_v2,2026-04
300622,long,2026-04-01 06:55:00,2026-04-01 07:00:00,2026-04-01 07:04:00,4730.54,4720.9040116798615,SL,-9.915988320138876,4,0.3947428021769297,ml_v2,2026-04
300625,long,2026-04-01 07:10:00,2026-04-01 07:15:00,2026-04-01 07:33:00,4715.492,4732.395201388889,TP,16.623201388888866,18,0.396994639768928,ml_v2,2026-04
300631,long,2026-04-01 07:40:00,2026-04-01 07:45:00,2026-04-01 07:49:00,4730.434,4720.680594578473,SL,-10.033405421527773,4,0.42729414828115275,ml_v2,2026-04
300634,long,2026-04-01 07:55:00,2026-04-01 08:00:00,2026-04-01 08:22:00,4712.965,4730.1665,TP,16.92149999999999,22,0.4293434892260902,ml_v2,2026-04
300641,long,2026-04-01 08:30:00,2026-04-01 08:35:00,2026-04-01 09:06:00,4732.505,4722.636745033681,SL,-10.148254966319438,31,0.4132711595418409,ml_v2,2026-04
300651,long,2026-04-01 09:20:00,2026-04-01 09:25:00,2026-04-01 10:47:00,4720.774,4738.012013888889,TP,16.95801388888887,82,0.4015997886306877,ml_v2,2026-04
300692,long,2026-04-01 12:45:00,2026-04-01 12:50:00,2026-04-01 12:59:00,4734.02,4724.126882990278,SL,-10.173117009722235,9,0.41651629401328527,ml_v2,2026-04
300696,long,2026-04-01 13:05:00,2026-04-01 13:10:00,2026-04-01 13:38:00,4728.921,4746.290520833333,TP,17.089520833333346,28,0.41049280172844715,ml_v2,2026-04
300704,long,2026-04-01 13:45:00,2026-04-01 13:50:00,2026-04-01 13:51:00,4743.653,4733.738775055903,SL,-10.194224944097233,1,0.40145347874713294,ml_v2,2026-04
300707,long,2026-04-01 14:00:00,2026-04-01 14:05:00,2026-04-01 14:26:00,4744.074,4734.089661315625,SL,-10.264338684375014,21,0.39903794694130373,ml_v2,2026-04
300718,long,2026-04-01 14:55:00,2026-04-01 15:00:00,2026-04-01 15:32:00,4760.93,4778.442590277778,TP,17.232590277777785,32,0.39818601331098147,ml_v2,2026-04
300734,long,2026-04-01 16:15:00,2026-04-01 16:20:00,2026-04-01 18:00:00,4782.458,4772.68782013993,SL,-10.050179860069441,100,0.39365203901985685,ml_v2,2026-04
300757,long,2026-04-01 18:10:00,2026-04-01 18:15:00,2026-04-01 18:18:00,4771.218,4761.849101060417,SL,-9.648898939583328,3,0.40544028425792006,ml_v2,2026-04
300762,long,2026-04-01 18:35:00,2026-04-01 18:40:00,2026-04-01 18:41:00,4748.822,4765.170423611111,TP,16.06842361111109,1,0.389960930091772,ml_v2,2026-04
300801,long,2026-04-01 23:05:00,2026-04-01 23:10:00,2026-04-02 00:02:00,4787.3,4778.0270530711805,SL,-9.552946928819443,52,0.4017473565740214,ml_v2,2026-04
300814,long,2026-04-02 00:10:00,2026-04-02 00:15:00,2026-04-02 00:57:00,4792.351,4783.435768865972,SL,-9.195231134027782,42,0.3979842305545749,ml_v2,2026-04
300825,long,2026-04-02 01:05:00,2026-04-02 01:10:00,2026-04-02 01:11:00,4746.781,4762.900395833333,TP,15.759395833333343,1,0.41735547710757004,ml_v2,2026-04
300828,long,2026-04-02 01:20:00,2026-04-02 01:25:00,2026-04-02 01:26:00,4714.269,4704.857924875695,SL,-9.771075124305554,1,0.4118077758626044,ml_v2,2026-04
300831,long,2026-04-02 01:35:00,2026-04-02 01:40:00,2026-04-02 01:47:00,4697.41,4687.707648080208,SL,-10.062351919791666,7,0.39538779182429096,ml_v2,2026-04
300835,long,2026-04-02 01:55:00,2026-04-02 02:00:00,2026-04-02 02:11:00,4696.39,4686.565234759722,SL,-10.18476524027778,11,0.39369964184748185,ml_v2,2026-04
300862,short,2026-04-02 04:10:00,2026-04-02 04:15:00,2026-04-02 05:26:00,4668.419,4678.335105967014,SL,-10.196105967013894,71,0.3511722233095609,ml_v2,2026-04
300879,long,2026-04-02 05:35:00,2026-04-02 05:40:00,2026-04-02 05:42:00,4646.567,4636.438413843056,SL,-10.408586156944459,2,0.3981957754356018,ml_v2,2026-04
300882,long,2026-04-02 05:50:00,2026-04-02 05:55:00,2026-04-02 05:58:00,4604.123,4593.70401009618,SL,-10.69898990381946,3,0.39370772470046705,ml_v2,2026-04
300885,long,2026-04-02 06:05:00,2026-04-02 06:10:00,2026-04-02 06:11:00,4568.067,4557.427323249305,SL,-10.919676750694464,1,0.3989778691265669,ml_v2,2026-04
300888,short,2026-04-02 06:20:00,2026-04-02 06:25:00,2026-04-02 06:34:00,4587.543,4598.36009213368,SL,-11.09709213368057,9,0.34923636875538455,ml_v2,2026-04
300892,long,2026-04-02 06:40:00,2026-04-02 06:45:00,2026-04-02 06:53:00,4588.169,4607.2818472222225,TP,18.832847222222245,8,0.4035632861748448,ml_v2,2026-04
300913,long,2026-04-02 08:25:00,2026-04-02 08:30:00,2026-04-02 08:56:00,4634.172,4623.094596517708,SL,-11.35740348229168,26,0.3952462010610397,ml_v2,2026-04
300929,short,2026-04-02 09:45:00,2026-04-02 09:50:00,2026-04-02 10:05:00,4620.376,4631.3740909843755,SL,-11.278090984375018,15,0.3515322475713533,ml_v2,2026-04
300936,short,2026-04-02 10:20:00,2026-04-02 10:25:00,2026-04-02 10:42:00,4615.996,4627.11080171007,SL,-11.39480171006946,17,0.3485417323519944,ml_v2,2026-04
300943,short,2026-04-02 10:55:00,2026-04-02 11:00:00,2026-04-02 11:42:00,4620.46,4600.9234027777775,TP,19.25659722222225,42,0.3489046215099138,ml_v2,2026-04
301050,long,2026-04-02 19:50:00,2026-04-02 19:55:00,2026-04-05 22:01:00,4675.173,4663.038338618056,SL,-12.414661381944436,63,0.4083801325817376,ml_v2,2026-04
301071,long,2026-04-05 22:35:00,2026-04-05 22:40:00,2026-04-05 22:47:00,4641.638,4629.34782485,SL,-12.650175149999965,7,0.3922238333028182,ml_v2,2026-04
301090,long,2026-04-06 00:10:00,2026-04-06 00:15:00,2026-04-06 00:26:00,4626.001,4613.193884830555,SL,-13.08711516944442,11,0.4158079797440173,ml_v2,2026-04
301095,short,2026-04-06 00:35:00,2026-04-06 00:40:00,2026-04-06 00:56:00,4610.042,4622.931991293056,SL,-13.169991293055526,16,0.3523388001770309,ml_v2,2026-04
301101,short,2026-04-06 01:05:00,2026-04-06 01:10:00,2026-04-06 02:17:00,4637.599,4650.517202668403,SL,-13.198202668402745,67,0.3508777333712496,ml_v2,2026-04
301148,short,2026-04-06 05:00:00,2026-04-06 05:05:00,2026-04-06 05:10:00,4662.907,4674.680917695833,SL,-12.053917695833299,5,0.3498332424743039,ml_v2,2026-04
301152,short,2026-04-06 05:20:00,2026-04-06 05:25:00,2026-04-06 05:59:00,4673.277,4652.662611111111,TP,20.334388888888824,34,0.3517629223181893,ml_v2,2026-04
301161,short,2026-04-06 06:05:00,2026-04-06 06:10:00,2026-04-06 07:49:00,4657.892,4669.698553840278,SL,-12.086553840277736,99,0.3511157945720631,ml_v2,2026-04
301211,short,2026-04-06 10:15:00,2026-04-06 10:20:00,2026-04-06 12:13:00,4690.2,4671.718118055555,TP,18.201881944444377,113,0.3503707443172765,ml_v2,2026-04
301242,short,2026-04-06 12:50:00,2026-04-06 12:55:00,2026-04-06 14:00:00,4677.139,4687.360117404514,SL,-10.501117404513863,65,0.35056094273875477,ml_v2,2026-04
301262,long,2026-04-06 14:30:00,2026-04-06 14:35:00,2026-04-06 14:38:00,4691.779,4681.727289741667,SL,-10.331710258333313,3,0.4046911019694253,ml_v2,2026-04
301270,long,2026-04-06 15:10:00,2026-04-06 15:15:00,2026-04-06 15:39:00,4662.393,4652.567941097916,SL,-10.105058902083316,24,0.39058518040194545,ml_v2,2026-04
301364,short,2026-04-07 00:00:00,2026-04-07 00:05:00,2026-04-07 01:00:00,4654.839,4640.971277777778,TP,13.587722222222212,55,0.3490248535051245,ml_v2,2026-04
301391,long,2026-04-07 02:15:00,2026-04-07 02:20:00,2026-04-07 02:43:00,4630.659,4644.7403125,TP,13.8013125,23,0.39161074105145594,ml_v2,2026-04
301415,short,2026-04-07 04:15:00,2026-04-07 04:20:00,2026-04-07 04:32:00,4649.305,4656.884288180903,SL,-7.859288180902792,12,0.3488984507348135,ml_v2,2026-04
301420,short,2026-04-07 04:40:00,2026-04-07 04:45:00,2026-04-07 05:24:00,4662.119,4648.904916666666,TP,12.934083333333374,39,0.3487401514393401,ml_v2,2026-04
301430,short,2026-04-07 05:30:00,2026-04-07 05:35:00,2026-04-07 05:38:00,4631.788,4639.395856712499,SL,-7.887856712500011,3,0.34868122599510776,ml_v2,2026-04
301491,short,2026-04-07 10:35:00,2026-04-07 10:40:00,2026-04-07 10:49:00,4663.632,4649.659555555555,TP,13.692444444444428,9,0.3502989424296965,ml_v2,2026-04
301495,short,2026-04-07 10:55:00,2026-04-07 11:00:00,2026-04-07 11:12:00,4652.129,4638.0185625,TP,13.830437499999983,12,0.34909384082046646,ml_v2,2026-04
301503,short,2026-04-07 11:35:00,2026-04-07 11:40:00,2026-04-07 11:44:00,4654.378,4662.601982990972,SL,-8.503982990972212,4,0.34849196801868576,ml_v2,2026-04
301506,short,2026-04-07 11:50:00,2026-04-07 11:55:00,2026-04-07 12:22:00,4658.609,4666.842709546181,SL,-8.513709546180545,27,0.3500866316327498,ml_v2,2026-04
301514,short,2026-04-07 12:30:00,2026-04-07 12:35:00,2026-04-07 13:35:00,4661.151,4646.567270833333,TP,14.303729166666647,60,0.3501845622413154,ml_v2,2026-04
301529,short,2026-04-07 13:45:00,2026-04-07 13:50:00,2026-04-07 14:02:00,4647.352,4632.554027777777,TP,14.517972222222188,12,0.3486207885572066,ml_v2,2026-04
301534,short,2026-04-07 14:10:00,2026-04-07 14:15:00,2026-04-07 14:21:00,4621.728,4630.368173200694,SL,-8.920173200694427,6,0.3483284128734221,ml_v2,2026-04
301540,short,2026-04-07 14:40:00,2026-04-07 14:45:00,2026-04-07 14:46:00,4647.21,4655.927699917361,SL,-8.997699917361096,1,0.34874563048568863,ml_v2,2026-04
301543,short,2026-04-07 14:55:00,2026-04-07 15:00:00,2026-04-07 15:12:00,4633.347,4642.037675094444,SL,-8.970675094444433,12,0.349159340664123,ml_v2,2026-04
301551,long,2026-04-07 15:35:00,2026-04-07 15:40:00,2026-04-07 15:55:00,4644.279,4659.352743055556,TP,14.79374305555553,15,0.3932195927266662,ml_v2,2026-04
301595,long,2026-04-07 19:15:00,2026-04-07 19:20:00,2026-04-07 19:45:00,4689.855,4705.185840277777,TP,14.970840277777745,25,0.3938132764519961,ml_v2,2026-04
301603,long,2026-04-07 19:55:00,2026-04-07 20:00:00,2026-04-07 20:42:00,4700.691,4716.420194444444,TP,15.44919444444442,42,0.40361887374625965,ml_v2,2026-04
301640,long,2026-04-08 00:00:00,2026-04-08 00:05:00,2026-04-08 00:10:00,4845.845,4835.391258793055,SL,-10.813741206944426,5,0.38976490279854636,ml_v2,2026-04
301644,long,2026-04-08 00:20:00,2026-04-08 00:25:00,2026-04-08 00:33:00,4828.088,4817.483495203125,SL,-10.964504796874976,8,0.4109183464317578,ml_v2,2026-04
301648,long,2026-04-08 00:40:00,2026-04-08 00:45:00,2026-04-08 01:19:00,4813.845,4803.122026475,SL,-11.002973524999977,34,0.39597270941434004,ml_v2,2026-04
301657,long,2026-04-08 01:25:00,2026-04-08 01:30:00,2026-04-08 01:50:00,4793.992,4813.294083333333,TP,19.0220833333333,20,0.39944125307207407,ml_v2,2026-04
301664,long,2026-04-08 02:00:00,2026-04-08 02:05:00,2026-04-08 02:44:00,4817.336,4806.272065276737,SL,-11.343934723263873,39,0.39748168246820237,ml_v2,2026-04
301691,short,2026-04-08 04:15:00,2026-04-08 04:20:00,2026-04-08 04:38:00,4794.908,4805.417247256598,SL,-10.789247256597196,18,0.35011553007196017,ml_v2,2026-04
301707,short,2026-04-08 05:35:00,2026-04-08 05:40:00,2026-04-08 05:49:00,4820.144,4830.77675585625,SL,-10.912755856249962,9,0.34869942733040793,ml_v2,2026-04
301729,long,2026-04-08 07:25:00,2026-04-08 07:30:00,2026-04-08 07:38:00,4818.333,4807.643837266666,SL,-11.049162733333294,8,0.39951430689056244,ml_v2,2026-04
301735,short,2026-04-08 07:55:00,2026-04-08 08:00:00,2026-04-08 08:42:00,4813.538,4794.75861111111,TP,18.499388888888824,42,0.34930443212340595,ml_v2,2026-04
301746,short,2026-04-08 08:50:00,2026-04-08 08:55:00,2026-04-08 09:44:00,4796.4,4777.463104166666,TP,18.65689583333326,49,0.3492952291857581,ml_v2,2026-04
301764,short,2026-04-08 10:20:00,2026-04-08 10:25:00,2026-04-08 10:44:00,4778.897,4789.598762412153,SL,-10.981762412152744,19,0.3484446879514619,ml_v2,2026-04
301770,short,2026-04-08 10:50:00,2026-04-08 10:55:00,2026-04-08 11:57:00,4790.959,4801.577739457639,SL,-10.898739457638852,62,0.3521903996164632,ml_v2,2026-04
301788,long,2026-04-08 12:20:00,2026-04-08 12:25:00,2026-04-08 12:30:00,4769.842,4788.236694444444,TP,18.034694444444376,5,0.4327514202813153,ml_v2,2026-04
301793,long,2026-04-08 12:45:00,2026-04-08 12:50:00,2026-04-08 13:30:00,4797.202,4786.686165194792,SL,-10.795834805208296,40,0.3937881398647753,ml_v2,2026-04
301804,long,2026-04-08 13:40:00,2026-04-08 13:45:00,2026-04-08 14:25:00,4774.122,4763.54505972882,SL,-10.856940271180525,40,0.41565096535584145,ml_v2,2026-04
301815,long,2026-04-08 14:35:00,2026-04-08 14:40:00,2026-04-08 14:48:00,4761.053,4750.2687583045135,SL,-11.064241695486086,8,0.42000752335943503,ml_v2,2026-04
301819,long,2026-04-08 14:55:00,2026-04-08 15:00:00,2026-04-08 15:20:00,4736.255,4755.223965277778,TP,18.688965277777733,20,0.40467663742880766,ml_v2,2026-04
301826,long,2026-04-08 15:30:00,2026-04-08 15:35:00,2026-04-08 16:18:00,4756.606,4746.0018325173605,SL,-10.884167482638858,43,0.409541291027602,ml_v2,2026-04
301837,long,2026-04-08 16:25:00,2026-04-08 16:30:00,2026-04-08 17:37:00,4750.232,4739.797549198958,SL,-10.714450801041629,67,0.39885100765543113,ml_v2,2026-04
301859,long,2026-04-08 18:15:00,2026-04-08 18:20:00,2026-04-08 18:25:00,4729.157,4718.758955326042,SL,-10.678044673958313,5,0.39983383870725997,ml_v2,2026-04
301863,long,2026-04-08 18:35:00,2026-04-08 18:40:00,2026-04-08 18:51:00,4715.061,4704.676515358333,SL,-10.664484641666654,11,0.419110619030846,ml_v2,2026-04
301868,long,2026-04-08 19:00:00,2026-04-08 19:05:00,2026-04-08 19:36:00,4702.256,4720.472743055556,TP,17.93674305555554,31,0.4037627747132998,ml_v2,2026-04
301877,long,2026-04-08 19:45:00,2026-04-08 19:50:00,2026-04-08 22:12:00,4725.849,4715.375976323959,SL,-10.753023676041648,79,0.3948493557578022,ml_v2,2026-04
301896,long,2026-04-08 22:20:00,2026-04-08 22:25:00,2026-04-09 00:05:00,4712.749,4702.6951587093745,SL,-10.413841290624974,100,0.41669716785310035,ml_v2,2026-04
301919,long,2026-04-09 00:15:00,2026-04-09 00:20:00,2026-04-09 01:14:00,4703.941,4719.963444444445,TP,15.742444444444414,54,0.4181676409896444,ml_v2,2026-04
301978,short,2026-04-09 05:10:00,2026-04-09 05:15:00,2026-04-09 05:21:00,4714.029,4722.452684923959,SL,-8.703684923958317,6,0.3485880240996959,ml_v2,2026-04
301986,short,2026-04-09 05:50:00,2026-04-09 05:55:00,2026-04-09 06:00:00,4708.81,4717.267694135764,SL,-8.73769413576387,5,0.34895002516859364,ml_v2,2026-04
301997,long,2026-04-09 06:45:00,2026-04-09 06:50:00,2026-04-09 06:54:00,4711.942,4703.463043162153,SL,-8.758956837847204,4,0.393741342358936,ml_v2,2026-04
302062,short,2026-04-09 12:10:00,2026-04-09 12:15:00,2026-04-09 13:10:00,4742.679,4750.698245154861,SL,-8.2992451548611,55,0.3483618020099443,ml_v2,2026-04
302099,long,2026-04-09 15:15:00,2026-04-09 15:20:00,2026-04-09 15:36:00,4783.075,4796.653847222222,TP,13.298847222222193,16,0.4109293085789948,ml_v2,2026-04
302105,long,2026-04-09 15:45:00,2026-04-09 15:50:00,2026-04-09 16:02:00,4784.683,4798.062611111111,TP,13.099611111111079,12,0.40416291873755905,ml_v2,2026-04
302110,long,2026-04-09 16:10:00,2026-04-09 16:15:00,2026-04-09 18:14:00,4788.301,4780.769614409028,SL,-7.811385590972208,119,0.414622445224784,ml_v2,2026-04
302246,short,2026-04-10 04:30:00,2026-04-10 04:35:00,2026-04-10 06:35:00,4763.51,4757.417,TIMEOUT,5.812999999999847,120,0.34875632942994483,ml_v2,2026-04
302287,short,2026-04-10 07:55:00,2026-04-10 08:00:00,2026-04-10 08:47:00,4749.863,4738.201333333333,TP,11.381666666666634,47,0.3499918822939229,ml_v2,2026-04
302323,short,2026-04-10 10:55:00,2026-04-10 11:00:00,2026-04-10 11:43:00,4756.945,4763.450184411458,SL,-6.785184411458319,43,0.3483991716797185,ml_v2,2026-04
302346,short,2026-04-10 12:50:00,2026-04-10 12:55:00,2026-04-10 12:56:00,4765.05,4771.695669838195,SL,-6.925669838194414,1,0.3531310869285216,ml_v2,2026-04
302364,long,2026-04-10 14:20:00,2026-04-10 14:25:00,2026-04-10 14:42:00,4790.183,4783.433881838195,SL,-7.029118161805534,17,0.4093053731472045,ml_v2,2026-04
302439,long,2026-04-10 20:35:00,2026-04-10 20:40:00,2026-04-12 22:06:00,4749.828,4743.550383645834,SL,-6.557616354166658,18,0.39774571244214174,ml_v2,2026-04
302456,short,2026-04-12 23:05:00,2026-04-12 23:10:00,2026-04-12 23:21:00,4656.686,4644.7271527777775,TP,11.6788472222222,11,0.3484509004568972,ml_v2,2026-04
302461,short,2026-04-12 23:30:00,2026-04-12 23:35:00,2026-04-12 23:50:00,4654.868,4661.749746151042,SL,-7.161746151041657,15,0.34870071842431205,ml_v2,2026-04
302644,long,2026-04-13 14:45:00,2026-04-13 14:50:00,2026-04-13 15:03:00,4715.27,4707.829645600347,SL,-7.720354399652813,13,0.3932173601882976,ml_v2,2026-04
302653,long,2026-04-13 15:30:00,2026-04-13 15:35:00,2026-04-13 16:16:00,4709.136,4722.12563888889,TP,12.709638888888952,41,0.39292425885271653,ml_v2,2026-04
302803,short,2026-04-14 05:00:00,2026-04-14 05:05:00,2026-04-14 05:27:00,4772.584,4762.043847222222,TP,10.260152777777842,22,0.3533576593725163,ml_v2,2026-04
302818,short,2026-04-14 06:15:00,2026-04-14 06:20:00,2026-04-14 06:40:00,4763.999,4770.037674854514,SL,-6.318674854513916,20,0.35252674656938143,ml_v2,2026-04
302828,long,2026-04-14 07:05:00,2026-04-14 07:10:00,2026-04-14 07:11:00,4793.331,4787.26941555625,SL,-6.34158444375002,1,0.39011586640158524,ml_v2,2026-04
302870,long,2026-04-14 10:35:00,2026-04-14 10:40:00,2026-04-14 10:41:00,4763.136,4757.021818345834,SL,-6.394181654166694,1,0.3948281231799451,ml_v2,2026-04
302905,long,2026-04-14 13:30:00,2026-04-14 13:35:00,2026-04-14 13:41:00,4793.819,4787.555384170833,SL,-6.54361582916669,6,0.4074846551028449,ml_v2,2026-04
302914,long,2026-04-14 14:15:00,2026-04-14 14:20:00,2026-04-14 14:33:00,4804.42,4815.526972222222,TP,10.82697222222227,13,0.40159324207306923,ml_v2,2026-04
302919,long,2026-04-14 14:40:00,2026-04-14 14:45:00,2026-04-14 15:05:00,4798.789,4792.37023152743,SL,-6.6987684725694745,20,0.3935460664010759,ml_v2,2026-04
302926,long,2026-04-14 15:15:00,2026-04-14 15:20:00,2026-04-14 15:36:00,4800.297,4811.261277777778,TP,10.68427777777782,16,0.3951112089807196,ml_v2,2026-04
302932,long,2026-04-14 15:45:00,2026-04-14 15:50:00,2026-04-14 16:30:00,4808.832,4819.701763888889,TP,10.589763888888928,40,0.3905065268143033,ml_v2,2026-04
302947,long,2026-04-14 17:00:00,2026-04-14 17:05:00,2026-04-14 17:06:00,4815.004,4825.811388888889,TP,10.527388888888922,1,0.39490229842284724,ml_v2,2026-04
302963,long,2026-04-14 18:20:00,2026-04-14 18:25:00,2026-04-14 19:59:00,4835.322,4845.8878958333335,TP,10.285895833333356,94,0.4048559631512747,ml_v2,2026-04
302984,long,2026-04-14 20:05:00,2026-04-14 20:10:00,2026-04-14 22:19:00,4843.836,4837.946854562153,SL,-6.16914543784723,66,0.40297593671915977,ml_v2,2026-04
303015,short,2026-04-14 23:40:00,2026-04-14 23:45:00,2026-04-15 00:13:00,4842.139,4831.715201388889,TP,10.143798611111118,28,0.3484387547695426,ml_v2,2026-04
303035,long,2026-04-15 01:20:00,2026-04-15 01:25:00,2026-04-15 02:21:00,4843.619,4837.410120350347,SL,-6.568879649652773,56,0.40631016746953463,ml_v2,2026-04
303070,short,2026-04-15 04:15:00,2026-04-15 04:20:00,2026-04-15 05:17:00,4823.046,4829.34240674132,SL,-6.576406741319435,57,0.34949036063035377,ml_v2,2026-04
303084,short,2026-04-15 05:25:00,2026-04-15 05:30:00,2026-04-15 05:37:00,4825.933,4814.8328125,TP,10.740187499999967,7,0.35385050467077017,ml_v2,2026-04
303088,short,2026-04-15 05:45:00,2026-04-15 05:50:00,2026-04-15 06:00:00,4817.527,4823.959681692709,SL,-6.712681692708321,10,0.3502934335810256,ml_v2,2026-04
303093,short,2026-04-15 06:10:00,2026-04-15 06:15:00,2026-04-15 07:01:00,4819.211,4807.905076388889,TP,11.025923611111091,46,0.3483700960022521,ml_v2,2026-04
303125,short,2026-04-15 08:50:00,2026-04-15 08:55:00,2026-04-15 08:59:00,4814.431,4820.844002383333,SL,-6.693002383333325,4,0.34906881496260883,ml_v2,2026-04
303133,short,2026-04-15 09:30:00,2026-04-15 09:35:00,2026-04-15 09:47:00,4798.701,4787.331826388889,TP,11.089173611111105,12,0.3489743186065306,ml_v2,2026-04
303143,short,2026-04-15 10:20:00,2026-04-15 10:25:00,2026-04-15 10:45:00,4794.375,4800.944079664583,SL,-6.849079664583332,20,0.3546722097226729,ml_v2,2026-04
303157,short,2026-04-15 11:30:00,2026-04-15 11:35:00,2026-04-15 11:46:00,4803.018,4809.556312637847,SL,-6.818312637847204,11,0.3491064257479841,ml_v2,2026-04
303162,short,2026-04-15 11:55:00,2026-04-15 12:00:00,2026-04-15 13:21:00,4812.655,4819.077899579861,SL,-6.702899579861091,81,0.3491475827552015,ml_v2,2026-04
303181,short,2026-04-15 13:30:00,2026-04-15 13:35:00,2026-04-15 13:48:00,4819.164,4825.556993696528,SL,-6.672993696527761,13,0.3509692795134718,ml_v2,2026-04
303287,long,2026-04-15 23:20:00,2026-04-15 23:25:00,2026-04-15 23:47:00,4815.202,4825.620722222223,TP,10.138722222222219,22,0.4003671816445565,ml_v2,2026-04
303294,long,2026-04-15 23:55:00,2026-04-16 00:00:00,2026-04-16 00:40:00,4823.205,4833.628458333334,TP,10.143458333333328,40,0.39812255525198414,ml_v2,2026-04
303307,short,2026-04-16 01:00:00,2026-04-16 01:05:00,2026-04-16 01:35:00,4829.408,4818.897722222223,TP,10.15027777777778,30,0.3503633005833544,ml_v2,2026-04
303367,short,2026-04-16 06:00:00,2026-04-16 06:05:00,2026-04-16 06:29:00,4823.954,4814.3566458333335,TP,9.31735416666667,24,0.348281611349207,ml_v2,2026-04
303374,short,2026-04-16 06:35:00,2026-04-16 06:40:00,2026-04-16 06:47:00,4819.671,4825.134657260417,SL,-5.743657260416667,7,0.34882135232030276,ml_v2,2026-04
303380,long,2026-04-16 07:05:00,2026-04-16 07:10:00,2026-04-16 07:12:00,4830.288,4824.832077156597,SL,-5.735922843402779,2,0.4312241268624457,ml_v2,2026-04
303383,short,2026-04-16 07:20:00,2026-04-16 07:25:00,2026-04-16 07:39:00,4824.098,4829.602111158333,SL,-5.784111158333335,14,0.3493248535224547,ml_v2,2026-04
303388,short,2026-04-16 07:45:00,2026-04-16 07:50:00,2026-04-16 08:04:00,4824.199,4814.588041666666,TP,9.330958333333335,14,0.3495994131519008,ml_v2,2026-04
303393,short,2026-04-16 08:10:00,2026-04-16 08:15:00,2026-04-16 09:09:00,4811.561,4817.026788292708,SL,-5.7457882927083315,54,0.35317571590629715,ml_v2,2026-04
303406,short,2026-04-16 09:15:00,2026-04-16 09:20:00,2026-04-16 10:15:00,4815.567,4806.109583333333,TP,9.177416666666682,55,0.34861189351171706,ml_v2,2026-04
303420,short,2026-04-16 10:25:00,2026-04-16 10:30:00,2026-04-16 10:55:00,4807.199,4812.46374107118,SL,-5.5447410711805665,25,0.3497916186565151,ml_v2,2026-04
303433,short,2026-04-16 11:30:00,2026-04-16 11:35:00,2026-04-16 13:35:00,4818.928,4821.159,TIMEOUT,-2.5109999999997674,120,0.3485797520765229,ml_v2,2026-04
303460,short,2026-04-16 13:45:00,2026-04-16 13:50:00,2026-04-16 13:52:00,4813.818,4804.7016875,TP,8.836312500000018,2,0.35878805945602554,ml_v2,2026-04
303467,long,2026-04-16 14:20:00,2026-04-16 14:25:00,2026-04-16 14:39:00,4795.521,4790.124980196528,SL,-5.676019803472237,14,0.39601229517412195,ml_v2,2026-04
303472,long,2026-04-16 14:45:00,2026-04-16 14:50:00,2026-04-16 15:04:00,4790.692,4800.210006944444,TP,9.23800694444447,14,0.3902002800957928,ml_v2,2026-04
303585,short,2026-04-17 01:10:00,2026-04-17 01:15:00,2026-04-17 01:16:00,4778.594,4783.92015607257,SL,-5.606156072569443,1,0.34931968889055653,ml_v2,2026-04
303588,short,2026-04-17 01:25:00,2026-04-17 01:30:00,2026-04-17 01:31:00,4768.911,4774.292332744792,SL,-5.661332744791664,1,0.35191028556642934,ml_v2,2026-04
303591,short,2026-04-17 01:40:00,2026-04-17 01:45:00,2026-04-17 01:51:00,4777.603,4782.957208711806,SL,-5.634208711805556,6,0.3493553473692934,ml_v2,2026-04
303625,long,2026-04-17 04:30:00,2026-04-17 04:35:00,2026-04-17 05:14:00,4796.84,4806.076916666667,TP,8.956916666666624,39,0.3933867879230269,ml_v2,2026-04
303636,long,2026-04-17 05:25:00,2026-04-17 05:30:00,2026-04-17 05:34:00,4803.52,4798.219122653126,SL,-5.580877346874974,4,0.39057035975012444,ml_v2,2026-04
303641,short,2026-04-17 05:50:00,2026-04-17 05:55:00,2026-04-17 06:11:00,4797.328,4787.959034722223,TP,9.08896527777775,16,0.34890752364016453,ml_v2,2026-04
303664,short,2026-04-17 07:45:00,2026-04-17 07:50:00,2026-04-17 07:54:00,4780.139,4785.495073861111,SL,-5.636073861111109,4,0.3488115234204878,ml_v2,2026-04
303689,short,2026-04-17 09:50:00,2026-04-17 09:55:00,2026-04-17 10:40:00,4791.871,4782.622618055556,TP,8.968381944444431,45,0.35074813888162826,ml_v2,2026-04
303701,short,2026-04-17 10:50:00,2026-04-17 10:55:00,2026-04-17 11:25:00,4786.011,4791.289074904515,SL,-5.55807490451388,30,0.35926637182918686,ml_v2,2026-04
303710,short,2026-04-17 11:35:00,2026-04-17 11:40:00,2026-04-17 11:44:00,4792.352,4797.645281823959,SL,-5.573281823958326,4,0.3597400508889601,ml_v2,2026-04
303713,short,2026-04-17 11:50:00,2026-04-17 11:55:00,2026-04-17 12:20:00,4801.548,4806.902153154167,SL,-5.634153154166656,25,0.3558284653255095,ml_v2,2026-04
303721,short,2026-04-17 12:30:00,2026-04-17 12:35:00,2026-04-17 12:36:00,4817.568,4822.983996743056,SL,-5.695996743055555,1,0.3524737073012938,ml_v2,2026-04
303724,long,2026-04-17 12:45:00,2026-04-17 12:50:00,2026-04-17 12:56:00,4836.516,4846.152958333333,TP,9.276958333333345,6,0.42652827945865557,ml_v2,2026-04
303728,long,2026-04-17 13:05:00,2026-04-17 13:10:00,2026-04-17 13:11:00,4862.483,4872.381770833334,TP,9.538770833333338,1,0.41134121136706325,ml_v2,2026-04
303732,long,2026-04-17 13:25:00,2026-04-17 13:30:00,2026-04-17 13:35:00,4851.551,4861.860118055556,TP,9.949118055555562,5,0.40135117722451685,ml_v2,2026-04
303740,long,2026-04-17 14:05:00,2026-04-17 14:10:00,2026-04-17 14:11:00,4872.255,4866.165505779514,SL,-6.449494220486119,1,0.408659219196882,ml_v2,2026-04
303744,long,2026-04-17 14:25:00,2026-04-17 14:30:00,2026-04-17 14:42:00,4871.624,4882.456847222222,TP,10.552847222222237,12,0.4143798132975044,ml_v2,2026-04
303749,long,2026-04-17 14:50:00,2026-04-17 14:55:00,2026-04-17 15:00:00,4876.21,4870.088857767361,SL,-6.401142232638894,5,0.39982088959135215,ml_v2,2026-04
303753,long,2026-04-17 15:10:00,2026-04-17 15:15:00,2026-04-17 15:43:00,4867.775,4861.685763725694,SL,-6.449236274305558,28,0.3996400522908755,ml_v2,2026-04
303761,long,2026-04-17 15:50:00,2026-04-17 15:55:00,2026-04-17 17:08:00,4868.905,4862.796326488889,SL,-6.46867351111111,73,0.4066277080309092,ml_v2,2026-04
303778,long,2026-04-17 17:15:00,2026-04-17 17:20:00,2026-04-17 17:24:00,4863.073,4857.0935297465285,SL,-6.259470253472206,4,0.4026380397582567,ml_v2,2026-04
303781,long,2026-04-17 17:30:00,2026-04-17 17:35:00,2026-04-17 17:44:00,4861.433,4855.465510354514,SL,-6.327489645486098,9,0.4010116695231194,ml_v2,2026-04
303785,long,2026-04-17 17:50:00,2026-04-17 17:55:00,2026-04-17 18:52:00,4861.984,4856.037193669792,SL,-6.226806330208322,57,0.4250645658889094,ml_v2,2026-04
303814,long,2026-04-17 20:15:00,2026-04-17 20:20:00,2026-04-17 20:27:00,4851.348,4845.448167653472,SL,-6.259832346527779,7,0.3905049681488127,ml_v2,2026-04
303836,short,2026-04-19 23:05:00,2026-04-19 23:10:00,2026-04-19 23:36:00,4775.87,4764.6451875,TP,10.864812500000035,26,0.34925006463288444,ml_v2,2026-04
303844,short,2026-04-19 23:45:00,2026-04-19 23:50:00,2026-04-19 23:53:00,4743.955,4750.5812286329865,SL,-6.986228632986127,3,0.34935444726704734,ml_v2,2026-04
303848,long,2026-04-20 00:05:00,2026-04-20 00:10:00,2026-04-20 00:26:00,4752.538,4764.301618055555,TP,11.48361805555559,16,0.3914295315388636,ml_v2,2026-04
303854,short,2026-04-20 00:35:00,2026-04-20 00:40:00,2026-04-20 00:59:00,4764.668,4771.465854116319,SL,-7.077854116319459,19,0.34884798660039085,ml_v2,2026-04
303863,long,2026-04-20 01:20:00,2026-04-20 01:25:00,2026-04-20 01:32:00,4797.385,4809.577840277778,TP,11.912840277777786,7,0.38992035120169244,ml_v2,2026-04
303868,long,2026-04-20 01:45:00,2026-04-20 01:50:00,2026-04-20 02:05:00,4810.152,4803.112783658334,SL,-7.319216341666673,15,0.39173827195568645,ml_v2,2026-04
303897,short,2026-04-20 04:10:00,2026-04-20 04:15:00,2026-04-20 05:44:00,4792.973,4780.978243055555,TP,11.634756944444439,89,0.35296563047002383,ml_v2,2026-04
303917,short,2026-04-20 05:50:00,2026-04-20 05:55:00,2026-04-20 07:00:00,4790.361,4797.416343930556,SL,-7.335343930555556,65,0.3506448563137494,ml_v2,2026-04
304037,long,2026-04-20 15:50:00,2026-04-20 15:55:00,2026-04-20 17:02:00,4795.62,4807.334013888889,TP,11.43401388888884,67,0.39698641933133216,ml_v2,2026-04
304130,short,2026-04-21 00:35:00,2026-04-21 00:40:00,2026-04-21 00:47:00,4819.397,4825.074891484375,SL,-6.037891484374948,7,0.34934847781489475,ml_v2,2026-04
304134,short,2026-04-21 00:55:00,2026-04-21 01:00:00,2026-04-21 01:12:00,4823.72,4814.013604166667,TP,9.426395833333242,12,0.34901299828755333,ml_v2,2026-04
304173,short,2026-04-21 04:10:00,2026-04-21 04:15:00,2026-04-21 05:52:00,4794.269,4785.186277777778,TP,8.802722222222137,97,0.3511142356974942,ml_v2,2026-04
304195,short,2026-04-21 06:00:00,2026-04-21 06:05:00,2026-04-21 06:10:00,4782.588,4787.817327044791,SL,-5.50932704479162,5,0.35446310005573856,ml_v2,2026-04
304199,short,2026-04-21 06:20:00,2026-04-21 06:25:00,2026-04-21 07:15:00,4781.542,4786.819146298264,SL,-5.557146298263847,50,0.35320365391163455,ml_v2,2026-04
304212,short,2026-04-21 07:25:00,2026-04-21 07:30:00,2026-04-21 07:46:00,4783.453,4788.6894979486115,SL,-5.516497948611067,16,0.35348528753009933,ml_v2,2026-04
304218,short,2026-04-21 07:55:00,2026-04-21 08:00:00,2026-04-21 08:11:00,4786.17,4777.0323194444445,TP,8.857680555555474,11,0.3546637458631148,ml_v2,2026-04
304224,short,2026-04-21 08:25:00,2026-04-21 08:30:00,2026-04-21 08:43:00,4787.321,4792.549469869791,SL,-5.508469869791626,13,0.3502200407811751,ml_v2,2026-04
304229,short,2026-04-21 08:50:00,2026-04-21 08:55:00,2026-04-21 10:55:00,4788.264,4789.815,TIMEOUT,-1.8309999999994762,120,0.34983780428717853,ml_v2,2026-04
304256,short,2026-04-21 11:05:00,2026-04-21 11:10:00,2026-04-21 11:30:00,4780.227,4785.364863297569,SL,-5.4178632975693946,20,0.35059043894497055,ml_v2,2026-04
304265,short,2026-04-21 11:50:00,2026-04-21 11:55:00,2026-04-21 12:19:00,4794.007,4784.919395833333,TP,8.807604166666584,24,0.34972483049121994,ml_v2,2026-04
304274,short,2026-04-21 12:35:00,2026-04-21 12:40:00,2026-04-21 13:06:00,4780.646,4771.336298611111,TP,9.02970138888882,26,0.3482732021414008,ml_v2,2026-04
304362,long,2026-04-21 19:55:00,2026-04-21 20:00:00,2026-04-21 20:06:00,4679.122,4672.930327344792,SL,-6.4716726552083035,6,0.3960507916445093,ml_v2,2026-04
304366,long,2026-04-21 20:15:00,2026-04-21 20:20:00,2026-04-21 20:50:00,4703.207,4714.346576388889,TP,10.85957638888884,30,0.39804222334196293,ml_v2,2026-04
304492,short,2026-04-22 07:45:00,2026-04-22 07:50:00,2026-04-22 09:50:00,4761.353,4757.214,TIMEOUT,3.8590000000001234,120,0.3499894015559599,ml_v2,2026-04
304519,short,2026-04-22 10:00:00,2026-04-22 10:05:00,2026-04-22 10:21:00,4749.042,4755.362681461112,SL,-6.600681461111091,16,0.3541708601543059,ml_v2,2026-04
304525,short,2026-04-22 10:30:00,2026-04-22 10:35:00,2026-04-22 12:35:00,4757.914,4748.1,TIMEOUT,9.533999999999397,120,0.35626341644453957,ml_v2,2026-04
304552,short,2026-04-22 12:45:00,2026-04-22 12:50:00,2026-04-22 13:30:00,4744.268,4750.651100468403,SL,-6.663100468402766,40,0.36054788659301895,ml_v2,2026-04
304563,short,2026-04-22 13:40:00,2026-04-22 13:45:00,2026-04-22 14:05:00,4755.231,4744.046076388889,TP,10.904923611111093,20,0.3541269613334288,ml_v2,2026-04
304570,short,2026-04-22 14:15:00,2026-04-22 14:20:00,2026-04-22 14:32:00,4746.661,4735.549055555555,TP,10.831944444444419,12,0.3514526052304854,ml_v2,2026-04
304575,short,2026-04-22 14:40:00,2026-04-22 14:45:00,2026-04-22 14:49:00,4733.13,4739.473646607986,SL,-6.6236466079861,4,0.3495943708249678,ml_v2,2026-04
304578,short,2026-04-22 14:55:00,2026-04-22 15:00:00,2026-04-22 16:19:00,4735.818,4724.7806597222225,TP,10.757340277777756,79,0.3493221656524882,ml_v2,2026-04
304675,short,2026-04-23 00:00:00,2026-04-23 00:05:00,2026-04-23 00:10:00,4721.601,4713.254659722222,TP,8.066340277777687,5,0.3531551821446337,ml_v2,2026-04
304679,long,2026-04-23 00:20:00,2026-04-23 00:25:00,2026-04-23 00:26:00,4727.076,4735.763645833334,TP,8.407645833333243,1,0.3932491435401656,ml_v2,2026-04
304726,short,2026-04-23 04:15:00,2026-04-23 04:20:00,2026-04-23 05:10:00,4704.717,4710.04481486493,SL,-5.607814864930513,50,0.34850231984117064,ml_v2,2026-04
304739,short,2026-04-23 05:20:00,2026-04-23 05:25:00,2026-04-23 05:30:00,4706.603,4697.240041666667,TP,9.082958333333275,5,0.3554940753826338,ml_v2,2026-04
304743,short,2026-04-23 05:40:00,2026-04-23 05:45:00,2026-04-23 05:46:00,4701.698,4707.101500242708,SL,-5.683500242708298,1,0.35762209865206074,ml_v2,2026-04
304773,long,2026-04-23 08:10:00,2026-04-23 08:15:00,2026-04-23 08:32:00,4718.361,4712.804978164931,SL,-5.836021835069414,17,0.39722783463746186,ml_v2,2026-04
304785,long,2026-04-23 09:10:00,2026-04-23 09:15:00,2026-04-23 10:09:00,4697.046,4691.385275826042,SL,-5.94072417395831,54,0.392304699159099,ml_v2,2026-04
304798,short,2026-04-23 10:15:00,2026-04-23 10:20:00,2026-04-23 10:40:00,4688.302,4694.065093092014,SL,-6.043093092013878,20,0.3515438692977189,ml_v2,2026-04
304805,short,2026-04-23 10:50:00,2026-04-23 10:55:00,2026-04-23 11:00:00,4691.429,4697.249753984375,SL,-6.100753984374995,5,0.34912319833647815,ml_v2,2026-04
304909,long,2026-04-23 19:30:00,2026-04-23 19:35:00,2026-04-23 20:16:00,4694.288,4687.456132703472,SL,-7.111867296527773,41,0.3965519020058689,ml_v2,2026-04
304920,long,2026-04-23 20:25:00,2026-04-23 20:30:00,2026-04-23 23:33:00,4689.327,4694.688,TIMEOUT,5.080999999999876,120,0.4131884893815033,ml_v2,2026-04
304951,short,2026-04-24 00:00:00,2026-04-24 00:05:00,2026-04-24 00:15:00,4691.932,4698.856596964236,SL,-7.204596964236104,10,0.348945314867274,ml_v2,2026-04
304957,short,2026-04-24 00:30:00,2026-04-24 00:35:00,2026-04-24 01:32:00,4704.356,4692.142673611111,TP,11.93332638888889,57,0.35402224479414623,ml_v2,2026-04
305001,short,2026-04-24 04:10:00,2026-04-24 04:15:00,2026-04-24 04:25:00,4670.132,4658.570111111111,TP,11.281888888888872,10,0.3513635339574017,ml_v2,2026-04
305006,short,2026-04-24 04:35:00,2026-04-24 04:40:00,2026-04-24 04:47:00,4665.858,4672.467954213194,SL,-6.889954213194433,7,0.3506748043962413,ml_v2,2026-04
305010,short,2026-04-24 04:55:00,2026-04-24 05:00:00,2026-04-24 05:33:00,4674.326,4680.9427639923615,SL,-6.896763992361097,33,0.3509916877428102,ml_v2,2026-04
305019,short,2026-04-24 05:40:00,2026-04-24 05:45:00,2026-04-24 06:26:00,4682.779,4671.125298611111,TP,11.373701388888882,41,0.3504986759224378,ml_v2,2026-04
305030,short,2026-04-24 06:35:00,2026-04-24 06:40:00,2026-04-24 07:17:00,4675.025,4681.667808619792,SL,-6.9228086197916605,37,0.3517762995651521,ml_v2,2026-04
305077,long,2026-04-24 10:30:00,2026-04-24 10:35:00,2026-04-24 11:04:00,4675.411,4686.803819444444,TP,11.112819444444412,29,0.39757469772645343,ml_v2,2026-04
305087,long,2026-04-24 11:20:00,2026-04-24 11:25:00,2026-04-24 12:19:00,4709.008,4702.396033806597,SL,-6.891966193402751,54,0.3947723444705309,ml_v2,2026-04
305102,long,2026-04-24 12:35:00,2026-04-24 12:40:00,2026-04-24 12:43:00,4705.977,4699.327048255208,SL,-6.929951744791643,3,0.40432971657841077,ml_v2,2026-04
305120,long,2026-04-24 14:05:00,2026-04-24 14:10:00,2026-04-24 14:13:00,4728.032,4739.788520833334,TP,11.476520833333279,3,0.3994223355058715,ml_v2,2026-04
305123,long,2026-04-24 14:20:00,2026-04-24 14:25:00,2026-04-24 15:06:00,4728.068,4721.2954523881945,SL,-7.052547611805514,41,0.3956264648138037,ml_v2,2026-04
305218,short,2026-04-26 23:15:00,2026-04-26 23:20:00,2026-04-27 00:07:00,4683.644,4673.648381944445,TP,9.71561805555542,47,0.34923485498958334,ml_v2,2026-04
305230,short,2026-04-27 00:15:00,2026-04-27 00:20:00,2026-04-27 00:51:00,4678.879,4684.637247672222,SL,-6.038247672222152,31,0.35209083078600567,ml_v2,2026-04
305241,short,2026-04-27 01:10:00,2026-04-27 01:15:00,2026-04-27 01:31:00,4692.912,4698.757227124306,SL,-6.125227124305487,16,0.34893009199856895,ml_v2,2026-04
305287,short,2026-04-27 05:00:00,2026-04-27 05:05:00,2026-04-27 05:35:00,4721.346,4711.531506944444,TP,9.534493055555457,30,0.35155312875194134,ml_v2,2026-04
305296,short,2026-04-27 05:45:00,2026-04-27 05:50:00,2026-04-27 07:04:00,4711.295,4716.825290711458,SL,-5.810290711458269,74,0.35122275510711254,ml_v2,2026-04
305320,short,2026-04-27 07:45:00,2026-04-27 07:50:00,2026-04-27 09:09:00,4714.155,4704.571090277777,TP,9.3039097222221,79,0.34917392775367023,ml_v2,2026-04
305338,short,2026-04-27 09:15:00,2026-04-27 09:20:00,2026-04-27 10:56:00,4705.56,4710.95901594757,SL,-5.679015947569384,96,0.35203328989829263,ml_v2,2026-04
305360,short,2026-04-27 11:05:00,2026-04-27 11:10:00,2026-04-27 12:20:00,4707.071,4712.384346068403,SL,-5.593346068402711,70,0.355601051896317,ml_v2,2026-04
305377,short,2026-04-27 12:30:00,2026-04-27 12:35:00,2026-04-27 13:01:00,4704.494,4695.521097222222,TP,8.692902777777677,26,0.36291951070514816,ml_v2,2026-04
305385,short,2026-04-27 13:10:00,2026-04-27 13:15:00,2026-04-27 13:17:00,4696.038,4701.185812083333,SL,-5.427812083333278,2,0.35597075651374954,ml_v2,2026-04
305388,short,2026-04-27 13:25:00,2026-04-27 13:30:00,2026-04-27 13:39:00,4699.826,4690.8687291666665,TP,8.677270833333232,9,0.3552641583510985,ml_v2,2026-04
305392,short,2026-04-27 13:45:00,2026-04-27 13:50:00,2026-04-27 13:52:00,4689.867,4694.980247295139,SL,-5.393247295138835,2,0.35691627989498276,ml_v2,2026-04
305395,short,2026-04-27 14:00:00,2026-04-27 14:05:00,2026-04-27 14:31:00,4693.832,4684.906604166667,TP,8.645395833333243,26,0.3536379499265303,ml_v2,2026-04
305403,short,2026-04-27 14:40:00,2026-04-27 14:45:00,2026-04-27 14:53:00,4693.635,4684.770555555556,TP,8.584444444444353,8,0.352475182516252,ml_v2,2026-04
305407,long,2026-04-27 15:00:00,2026-04-27 15:05:00,2026-04-27 15:19:00,4668.964,4677.805972222222,TP,8.561972222222138,14,0.39794348568340454,ml_v2,2026-04
305414,long,2026-04-27 15:35:00,2026-04-27 15:40:00,2026-04-27 15:50:00,4679.156,4674.209524831597,SL,-5.2264751684027395,10,0.39192896453487475,ml_v2,2026-04
305419,long,2026-04-27 16:00:00,2026-04-27 16:05:00,2026-04-27 17:29:00,4670.762,4679.3976875,TP,8.355687499999924,84,0.39857330171823835,ml_v2,2026-04
305555,short,2026-04-28 04:20:00,2026-04-28 04:25:00,2026-04-28 05:06:00,4667.062,4659.812756944444,TP,6.969243055555528,41,0.3510854782895245,ml_v2,2026-04
305566,short,2026-04-28 05:15:00,2026-04-28 05:20:00,2026-04-28 05:23:00,4654.996,4659.156338546528,SL,-4.440338546527756,3,0.35864780518167805,ml_v2,2026-04
305569,short,2026-04-28 05:30:00,2026-04-28 05:35:00,2026-04-28 05:40:00,4644.526,4637.134763888889,TP,7.111236111111065,5,0.35592935654276203,ml_v2,2026-04
305574,short,2026-04-28 06:00:00,2026-04-28 06:05:00,2026-04-28 06:06:00,4633.921,4638.259103148958,SL,-4.618103148958305,1,0.35120053264253925,ml_v2,2026-04
305577,short,2026-04-28 06:15:00,2026-04-28 06:20:00,2026-04-28 06:22:00,4633.986,4626.309805555556,TP,7.396194444444395,2,0.3503473964607079,ml_v2,2026-04
305580,short,2026-04-28 06:30:00,2026-04-28 06:35:00,2026-04-28 06:40:00,4629.806,4634.26842527118,SL,-4.742425271180532,5,0.34958217712992024,ml_v2,2026-04
305584,short,2026-04-28 06:50:00,2026-04-28 06:55:00,2026-04-28 06:57:00,4626.507,4631.019514451042,SL,-4.792514451041648,2,0.3482721703459977,ml_v2,2026-04
305591,short,2026-04-28 07:25:00,2026-04-28 07:30:00,2026-04-28 07:32:00,4629.797,4634.386354634027,SL,-4.869354634027757,2,0.3483801888634919,ml_v2,2026-04
305595,short,2026-04-28 07:45:00,2026-04-28 07:50:00,2026-04-28 07:58:00,4628.067,4632.68881616875,SL,-4.90181616874998,8,0.34861169330379954,ml_v2,2026-04
305626,short,2026-04-28 10:20:00,2026-04-28 10:25:00,2026-04-28 10:58:00,4612.777,4604.1128194444445,TP,8.38418055555553,33,0.34867922536633006,ml_v2,2026-04
305635,short,2026-04-28 11:05:00,2026-04-28 11:10:00,2026-04-28 11:31:00,4602.096,4593.353979166666,TP,8.462020833333293,21,0.3500696378161668,ml_v2,2026-04
305642,long,2026-04-28 11:40:00,2026-04-28 11:45:00,2026-04-28 11:46:00,4572.154,4566.989385699306,SL,-5.444614300694427,1,0.4004179799203932,ml_v2,2026-04
305645,long,2026-04-28 11:55:00,2026-04-28 12:00:00,2026-04-28 12:01:00,4562.702,4557.453684147917,SL,-5.528315852083315,1,0.3959964700574251,ml_v2,2026-04
305648,long,2026-04-28 12:10:00,2026-04-28 12:15:00,2026-04-28 12:20:00,4581.683,4591.037881944444,TP,9.07488194444442,5,0.3911832677533157,ml_v2,2026-04
305652,long,2026-04-28 12:30:00,2026-04-28 12:35:00,2026-04-28 12:45:00,4579.116,4588.707069444445,TP,9.311069444444417,10,0.4001681682409551,ml_v2,2026-04
305659,long,2026-04-28 13:05:00,2026-04-28 13:10:00,2026-04-28 13:29:00,4573.049,4582.922194444444,TP,9.593194444444412,19,0.39736991242271213,ml_v2,2026-04
305670,long,2026-04-28 14:00:00,2026-04-28 14:05:00,2026-04-28 14:18:00,4566.192,4576.508381944444,TP,10.036381944444395,13,0.3962774730168839,ml_v2,2026-04
305675,long,2026-04-28 14:25:00,2026-04-28 14:30:00,2026-04-28 14:35:00,4571.414,4565.451546257638,SL,-6.242453742361089,5,0.3934575817080236,ml_v2,2026-04
305679,long,2026-04-28 14:45:00,2026-04-28 14:50:00,2026-04-28 14:59:00,4563.048,4573.570243055556,TP,10.242243055555514,9,0.40408853233643305,ml_v2,2026-04
305688,long,2026-04-28 15:30:00,2026-04-28 15:35:00,2026-04-28 15:49:00,4571.758,4582.404833333333,TP,10.366833333333284,14,0.3971479360537389,ml_v2,2026-04
305698,long,2026-04-28 16:20:00,2026-04-28 16:25:00,2026-04-28 16:52:00,4581.607,4592.114493055556,TP,10.227493055555504,27,0.3910930460639609,ml_v2,2026-04
305798,long,2026-04-29 01:40:00,2026-04-29 01:45:00,2026-04-29 01:47:00,4590.242,4583.88257502257,SL,-6.639424977430546,2,0.3989991272234221,ml_v2,2026-04
305801,long,2026-04-29 01:55:00,2026-04-29 02:00:00,2026-04-29 02:06:00,4584.635,4595.839340277778,TP,10.92434027777776,6,0.3987460570146324,ml_v2,2026-04
305844,short,2026-04-29 05:30:00,2026-04-29 05:35:00,2026-04-29 05:51:00,4595.542,4601.998511951389,SL,-6.736511951388862,16,0.3548030849495374,ml_v2,2026-04
305850,short,2026-04-29 06:00:00,2026-04-29 06:05:00,2026-04-29 06:19:00,4596.992,4585.563326388889,TP,11.14867361111107,14,0.3529596921005689,ml_v2,2026-04
305855,short,2026-04-29 06:25:00,2026-04-29 06:30:00,2026-04-29 07:25:00,4584.796,4573.432694444445,TP,11.083305555555517,55,0.35492208562283145,ml_v2,2026-04
305869,short,2026-04-29 07:35:00,2026-04-29 07:40:00,2026-04-29 08:35:00,4571.849,4560.785041666667,TP,10.783958333333302,55,0.3488459600040068,ml_v2,2026-04
305883,short,2026-04-29 08:45:00,2026-04-29 08:50:00,2026-04-29 09:18:00,4570.621,4576.886318273959,SL,-6.545318273958309,28,0.35049165914741653,ml_v2,2026-04
305891,short,2026-04-29 09:25:00,2026-04-29 09:30:00,2026-04-29 09:50:00,4565.803,4555.010159722222,TP,10.512840277777721,20,0.3492260141202559,ml_v2,2026-04
305900,short,2026-04-29 10:10:00,2026-04-29 10:15:00,2026-04-29 10:30:00,4567.802,4573.991180498264,SL,-6.469180498263867,15,0.34876049267784837,ml_v2,2026-04
305906,short,2026-04-29 10:40:00,2026-04-29 10:45:00,2026-04-29 12:30:00,4566.481,4555.731819444444,TP,10.469180555555504,105,0.35407709288136247,ml_v2,2026-04
305930,short,2026-04-29 12:40:00,2026-04-29 12:45:00,2026-04-29 12:53:00,4557.736,4547.229118055556,TP,10.226881944444395,8,0.3538281334468474,ml_v2,2026-04
305934,short,2026-04-29 13:00:00,2026-04-29 13:05:00,2026-04-29 13:20:00,4547.828,4537.4106527777785,TP,10.137347222222184,15,0.3516838861533751,ml_v2,2026-04
305940,short,2026-04-29 13:30:00,2026-04-29 13:35:00,2026-04-29 13:40:00,4532.701,4522.464722222222,TP,9.956277777777737,5,0.3508588684627165,ml_v2,2026-04
305965,long,2026-04-29 15:35:00,2026-04-29 15:40:00,2026-04-29 15:53:00,4550.901,4545.319782775694,SL,-5.86121722430553,13,0.3911244702589123,ml_v2,2026-04
305976,long,2026-04-29 16:30:00,2026-04-29 16:35:00,2026-04-29 16:53:00,4550.711,4545.13510440382,SL,-5.85589559618054,18,0.4072886751507868,ml_v2,2026-04
306109,short,2026-04-30 04:35:00,2026-04-30 04:40:00,2026-04-30 04:46:00,4542.553,4548.696325604166,SL,-6.4233256041666715,6,0.34919542674649284,ml_v2,2026-04
306113,short,2026-04-30 04:55:00,2026-04-30 05:00:00,2026-04-30 05:02:00,4542.128,4548.2895842253465,SL,-6.441584225347223,2,0.35497638009349486,ml_v2,2026-04
306116,short,2026-04-30 05:10:00,2026-04-30 05:15:00,2026-04-30 05:31:00,4553.131,4559.313156425347,SL,-6.46215642534722,16,0.351561770592543,ml_v2,2026-04
306122,short,2026-04-30 05:40:00,2026-04-30 05:45:00,2026-04-30 06:24:00,4563.756,4569.9852335875,SL,-6.5092335875000025,39,0.3492784198322736,ml_v2,2026-04
306133,short,2026-04-30 06:35:00,2026-04-30 06:40:00,2026-04-30 06:52:00,4575.527,4581.831319736459,SL,-6.58431973645834,12,0.34895029626278506,ml_v2,2026-04
306139,long,2026-04-30 07:05:00,2026-04-30 07:10:00,2026-04-30 07:17:00,4594.564,4588.255870596875,SL,-6.588129403125004,7,0.40275590268429695,ml_v2,2026-04
306143,long,2026-04-30 07:25:00,2026-04-30 07:30:00,2026-04-30 07:57:00,4591.25,4602.290159722223,TP,10.76015972222222,27,0.4058794574426692,ml_v2,2026-04
306151,long,2026-04-30 08:05:00,2026-04-30 08:10:00,2026-04-30 08:20:00,4619.92,4613.429919329514,SL,-6.770080670486109,10,0.41899035789261485,ml_v2,2026-04
306156,long,2026-04-30 08:30:00,2026-04-30 08:35:00,2026-04-30 09:30:00,4616.872,4628.242180555556,TP,11.090180555555547,55,0.4208324246304854,ml_v2,2026-04
306174,long,2026-04-30 10:00:00,2026-04-30 10:05:00,2026-04-30 10:24:00,4623.824,4635.180861111111,TP,11.076861111111118,19,0.3945919242316923,ml_v2,2026-04
306189,long,2026-04-30 11:15:00,2026-04-30 11:20:00,2026-04-30 11:33:00,4635.971,4629.452275398264,SL,-6.798724601736108,13,0.3960974195595549,ml_v2,2026-04
306194,long,2026-04-30 11:40:00,2026-04-30 11:45:00,2026-04-30 13:00:00,4629.434,4640.941618055555,TP,11.227618055555562,75,0.42760975583023675,ml_v2,2026-04
306212,long,2026-04-30 13:10:00,2026-04-30 13:15:00,2026-04-30 13:21:00,4641.075,4634.340854621875,SL,-7.014145378124995,6,0.41401357263155036,ml_v2,2026-04
306216,long,2026-04-30 13:30:00,2026-04-30 13:35:00,2026-04-30 13:41:00,4628.773,4622.019476911111,SL,-7.033523088888888,6,0.39152115722594005,ml_v2,2026-04
306221,long,2026-04-30 13:55:00,2026-04-30 14:00:00,2026-04-30 14:03:00,4610.808,4622.6435972222225,TP,11.555597222222211,3,0.3991612901909101,ml_v2,2026-04
306226,long,2026-04-30 14:20:00,2026-04-30 14:25:00,2026-04-30 14:32:00,4623.488,4616.685613967708,SL,-7.082386032291655,7,0.3931835639940336,ml_v2,2026-04
306230,long,2026-04-30 14:40:00,2026-04-30 14:45:00,2026-04-30 15:52:00,4617.915,4611.141714265278,SL,-7.053285734722208,67,0.405858000804448,ml_v2,2026-04
306249,long,2026-04-30 16:15:00,2026-04-30 16:20:00,2026-04-30 17:11:00,4607.875,4619.5051875,TP,11.35018749999997,51,0.3988524946609661,ml_v2,2026-04
306262,long,2026-04-30 17:20:00,2026-04-30 17:25:00,2026-04-30 19:25:00,4619.281,4618.356,TIMEOUT,-1.205000000000182,120,0.40315553802552617,ml_v2,2026-04
306293,long,2026-04-30 19:55:00,2026-04-30 20:00:00,2026-04-30 22:01:00,4617.091,4627.826958333334,TP,10.455958333333296,58,0.3905996000767948,ml_v2,2026-04
306380,short,2026-05-01 04:10:00,2026-05-01 04:15:00,2026-05-01 04:46:00,4621.855,4611.824152777777,TP,9.750847222222186,31,0.37002149705408727,ml_v2,2026-05
306389,short,2026-05-01 04:55:00,2026-05-01 05:00:00,2026-05-01 05:21:00,4609.302,4615.039623882985,SL,-6.017623882986084,21,0.36647124826666133,ml_v2,2026-05
306396,short,2026-05-01 05:30:00,2026-05-01 05:35:00,2026-05-01 05:56:00,4614.85,4604.901791666667,TP,9.668208333333274,21,0.3753089507771363,ml_v2,2026-05
306403,short,2026-05-01 06:05:00,2026-05-01 06:10:00,2026-05-01 06:29:00,4603.156,4593.205125,TP,9.670874999999933,19,0.3781560085198027,ml_v2,2026-05
306409,short,2026-05-01 06:35:00,2026-05-01 06:40:00,2026-05-01 07:17:00,4592.115,4597.807717437153,SL,-5.972717437152748,37,0.37018102282171383,ml_v2,2026-05
306420,short,2026-05-01 07:30:00,2026-05-01 07:35:00,2026-05-01 07:58:00,4585.933,4575.9655416666665,TP,9.687458333333286,23,0.3715668773033596,ml_v2,2026-05
306427,short,2026-05-01 08:05:00,2026-05-01 08:10:00,2026-05-01 08:22:00,4579.817,4569.903847222222,TP,9.633152777777726,12,0.37724216085358675,ml_v2,2026-05
306432,short,2026-05-01 08:30:00,2026-05-01 08:35:00,2026-05-01 09:54:00,4571.704,4561.778194444444,TP,9.645805555555505,79,0.37630103923696256,ml_v2,2026-05
306450,short,2026-05-01 10:00:00,2026-05-01 10:05:00,2026-05-01 10:19:00,4563.505,4568.956486169097,SL,-5.7314861690972005,14,0.3743655610075123,ml_v2,2026-05
306455,short,2026-05-01 10:25:00,2026-05-01 10:30:00,2026-05-01 11:11:00,4571.953,4562.506312500001,TP,9.166687499999947,41,0.3716773482261888,ml_v2,2026-05
306466,short,2026-05-01 11:20:00,2026-05-01 11:25:00,2026-05-01 11:55:00,4573.089,4578.41424333993,SL,-5.605243339930516,30,0.37860853830857344,ml_v2,2026-05
306475,short,2026-05-01 12:05:00,2026-05-01 12:10:00,2026-05-01 12:13:00,4576.615,4581.848156553472,SL,-5.513156553472188,3,0.3656060829203487,ml_v2,2026-05
306498,long,2026-05-01 14:00:00,2026-05-01 14:05:00,2026-05-01 14:12:00,4634.833,4644.277194444444,TP,9.164194444444387,7,0.39901617807523726,ml_v2,2026-05
306502,long,2026-05-01 14:20:00,2026-05-01 14:25:00,2026-05-01 14:29:00,4649.421,4643.920746129167,SL,-5.7802538708333,4,0.40453271234523436,ml_v2,2026-05
306505,long,2026-05-01 14:35:00,2026-05-01 14:40:00,2026-05-01 14:41:00,4638.804,4633.28860667257,SL,-5.795393327430521,1,0.38994005857036734,ml_v2,2026-05
306508,long,2026-05-01 14:50:00,2026-05-01 14:55:00,2026-05-01 15:02:00,4631.033,4625.535289875347,SL,-5.777710124652747,7,0.39392844249410675,ml_v2,2026-05
306512,long,2026-05-01 15:10:00,2026-05-01 15:15:00,2026-05-01 15:46:00,4636.606,4646.239784722222,TP,9.353784722222175,31,0.3958283731057031,ml_v2,2026-05
306521,long,2026-05-01 15:55:00,2026-05-01 16:00:00,2026-05-01 16:30:00,4642.971,4637.492068357291,SL,-5.75893164270832,30,0.39040317308118017,ml_v2,2026-05
306531,long,2026-05-01 16:45:00,2026-05-01 16:50:00,2026-05-01 17:24:00,4640.03,4634.556786825694,SL,-5.7532131743055395,34,0.3828422912720086,ml_v2,2026-05
306592,short,2026-05-03 22:50:00,2026-05-03 22:55:00,2026-05-04 00:00:00,4619.922,4610.1229722222215,TP,9.519027777777756,65,0.3676847440361708,ml_v2,2026-05
306610,short,2026-05-04 00:20:00,2026-05-04 00:25:00,2026-05-04 00:48:00,4604.461,4610.217223786805,SL,-6.036223786805539,23,0.364439742702666,ml_v2,2026-05
306618,short,2026-05-04 01:00:00,2026-05-04 01:05:00,2026-05-04 01:55:00,4601.185,4607.01546069757,SL,-6.110460697569425,50,0.364249410170737,ml_v2,2026-05
306658,short,2026-05-04 04:20:00,2026-05-04 04:25:00,2026-05-04 05:27:00,4609.178,4598.635819444445,TP,10.262180555555554,62,0.3655066170604566,ml_v2,2026-05
306693,short,2026-05-04 07:15:00,2026-05-04 07:20:00,2026-05-04 08:00:00,4588.413,4577.441131944444,TP,10.691868055555585,40,0.3647697956272703,ml_v2,2026-05
306706,short,2026-05-04 08:20:00,2026-05-04 08:25:00,2026-05-04 09:14:00,4577.009,4583.276818367708,SL,-6.547818367708339,49,0.3651741519401032,ml_v2,2026-05
306718,short,2026-05-04 09:20:00,2026-05-04 09:25:00,2026-05-04 10:02:00,4580.778,4569.945298611111,TP,10.552701388888913,37,0.3665295598505175,ml_v2,2026-05
306728,short,2026-05-04 10:10:00,2026-05-04 10:15:00,2026-05-04 10:22:00,4541.745,4530.66425,TP,10.800750000000017,7,0.37295834623104795,ml_v2,2026-05
306732,short,2026-05-04 10:30:00,2026-05-04 10:35:00,2026-05-04 10:41:00,4557.607,4564.070603487153,SL,-6.743603487152789,6,0.36806257214217464,ml_v2,2026-05
306736,short,2026-05-04 10:50:00,2026-05-04 10:55:00,2026-05-04 11:01:00,4561.914,4568.414509632986,SL,-6.780509632986119,6,0.3641886993711744,ml_v2,2026-05
306740,short,2026-05-04 11:10:00,2026-05-04 11:15:00,2026-05-04 11:39:00,4565.168,4553.730694444444,TP,11.157305555555562,24,0.3679355747807928,ml_v2,2026-05
306859,long,2026-05-04 22:05:00,2026-05-04 22:10:00,2026-05-04 22:53:00,4522.549,4515.553559109375,SL,-7.355440890625004,43,0.3847072649702964,ml_v2,2026-05
307000,short,2026-05-05 09:50:00,2026-05-05 09:55:00,2026-05-05 10:51:00,4553.949,4542.985284722222,TP,10.683715277777795,56,0.36677715946952294,ml_v2,2026-05
307030,long,2026-05-05 12:20:00,2026-05-05 12:25:00,2026-05-05 12:46:00,4571.858,4565.799427573958,SL,-6.338572426041679,21,0.4228222263233502,ml_v2,2026-05
307038,long,2026-05-05 13:00:00,2026-05-05 13:05:00,2026-05-05 13:17:00,4574.009,4584.607895833334,TP,10.31889583333336,12,0.4230630631667538,ml_v2,2026-05
307043,long,2026-05-05 13:25:00,2026-05-05 13:30:00,2026-05-05 14:14:00,4576.99,4570.955456252777,SL,-6.314543747222241,44,0.4374173726715441,ml_v2,2026-05
307054,long,2026-05-05 14:20:00,2026-05-05 14:25:00,2026-05-05 15:44:00,4578.952,4572.902840625347,SL,-6.32915937465279,79,0.4457582041402177,ml_v2,2026-05
307146,long,2026-05-05 23:00:00,2026-05-05 23:05:00,2026-05-05 23:11:00,4575.076,4583.468819444444,TP,8.112819444444463,6,0.38240941922511207,ml_v2,2026-05
307150,long,2026-05-05 23:20:00,2026-05-05 23:25:00,2026-05-05 23:30:00,4584.449,4579.572579045833,SL,-5.156420954166678,5,0.410246036110532,ml_v2,2026-05
307154,long,2026-05-05 23:40:00,2026-05-05 23:45:00,2026-05-05 23:49:00,4585.092,4593.688104166667,TP,8.31610416666668,4,0.3926168768347351,ml_v2,2026-05
307157,long,2026-05-05 23:55:00,2026-05-06 00:00:00,2026-05-06 00:16:00,4593.736,4588.786750918055,SL,-5.229249081944459,16,0.4062525165943296,ml_v2,2026-05
307163,long,2026-05-06 00:25:00,2026-05-06 00:30:00,2026-05-06 00:41:00,4602.163,4610.9793125,TP,8.536312500000019,11,0.42123424446883584,ml_v2,2026-05
307261,long,2026-05-06 08:35:00,2026-05-06 08:40:00,2026-05-06 08:50:00,4675.637,4685.065666666666,TP,9.148666666666674,10,0.38691669902652587,ml_v2,2026-05
307279,long,2026-05-06 10:05:00,2026-05-06 10:10:00,2026-05-06 10:30:00,4696.559,4706.450236111111,TP,9.611236111111078,20,0.3922853374641187,ml_v2,2026-05
307296,long,2026-05-06 11:30:00,2026-05-06 11:35:00,2026-05-06 11:41:00,4713.358,4707.515439642361,SL,-6.122560357638877,6,0.38041117968236293,ml_v2,2026-05
307300,long,2026-05-06 11:50:00,2026-05-06 11:55:00,2026-05-06 11:57:00,4698.104,4692.210691707639,SL,-6.1733082923611,2,0.38640542580947074,ml_v2,2026-05
307304,long,2026-05-06 12:10:00,2026-05-06 12:15:00,2026-05-06 12:18:00,4673.057,4667.08694676632,SL,-6.250053233680549,3,0.3964310016293928,ml_v2,2026-05
307309,long,2026-05-06 12:35:00,2026-05-06 12:40:00,2026-05-06 13:01:00,4680.403,4691.026840277778,TP,10.343840277777764,21,0.3903579464023495,ml_v2,2026-05
307316,long,2026-05-06 13:10:00,2026-05-06 13:15:00,2026-05-06 13:33:00,4683.415,4694.172631944444,TP,10.47763194444442,18,0.3867048137459107,ml_v2,2026-05
307340,long,2026-05-06 15:10:00,2026-05-06 15:15:00,2026-05-06 15:42:00,4696.777,4690.492875465277,SL,-6.564124534722201,27,0.3921082389756477,ml_v2,2026-05
307348,long,2026-05-06 15:50:00,2026-05-06 15:55:00,2026-05-06 16:00:00,4692.767,4686.549770830903,SL,-6.497229169097207,5,0.39465291438723293,ml_v2,2026-05
307352,long,2026-05-06 16:10:00,2026-05-06 16:15:00,2026-05-06 18:15:00,4683.839,4687.428,TIMEOUT,3.3089999999999415,120,0.4011017886747006,ml_v2,2026-05
307397,long,2026-05-06 19:55:00,2026-05-06 20:00:00,2026-05-06 20:47:00,4692.199,4685.997243633333,SL,-6.481756366666652,47,0.3803125731330896,ml_v2,2026-05
307411,long,2026-05-06 22:05:00,2026-05-06 22:10:00,2026-05-07 00:10:00,4694.165,4697.364,TIMEOUT,2.918999999999614,120,0.41238898275053437,ml_v2,2026-05
307448,long,2026-05-07 01:10:00,2026-05-07 01:15:00,2026-05-07 01:30:00,4709.65,4703.418460770486,SL,-6.5115392295138745,15,0.38395184497169943,ml_v2,2026-05
307454,long,2026-05-07 01:40:00,2026-05-07 01:45:00,2026-05-07 02:12:00,4712.574,4706.31338031493,SL,-6.540619685069424,27,0.3956809480710407,ml_v2,2026-05
307485,short,2026-05-07 04:15:00,2026-05-07 04:20:00,2026-05-07 05:32:00,4695.798,4701.951222800694,SL,-6.4332228006944305,72,0.3689427647837362,ml_v2,2026-05
307502,short,2026-05-07 05:40:00,2026-05-07 05:45:00,2026-05-07 06:12:00,4703.544,4709.672289326041,SL,-6.408289326041659,27,0.3700495005056459,ml_v2,2026-05
307510,short,2026-05-07 06:20:00,2026-05-07 06:25:00,2026-05-07 06:31:00,4713.345,4719.464102473611,SL,-6.399102473611109,6,0.37410009491448065,ml_v2,2026-05
307514,long,2026-05-07 06:40:00,2026-05-07 06:45:00,2026-05-07 06:47:00,4746.035,4739.820810627431,SL,-6.494189372569442,2,0.41430093324819894,ml_v2,2026-05
307517,long,2026-05-07 06:55:00,2026-05-07 07:00:00,2026-05-07 07:04:00,4739.274,4733.06415206007,SL,-6.489847939930557,4,0.38040946197773123,ml_v2,2026-05
307520,long,2026-05-07 07:10:00,2026-05-07 07:15:00,2026-05-07 07:19:00,4749.052,4742.805472113194,SL,-6.5265278868055585,4,0.41439999616781564,ml_v2,2026-05
307523,long,2026-05-07 07:25:00,2026-05-07 07:30:00,2026-05-07 08:01:00,4739.611,4750.5656944444445,TP,10.67469444444445,31,0.41062781554789546,ml_v2,2026-05
307532,long,2026-05-07 08:10:00,2026-05-07 08:15:00,2026-05-07 08:18:00,4742.682,4736.396395251041,SL,-6.565604748958339,3,0.4082923992483171,ml_v2,2026-05
307535,long,2026-05-07 08:25:00,2026-05-07 08:30:00,2026-05-07 08:48:00,4739.865,4733.562910505902,SL,-6.5820894940972305,18,0.4104784994578031,ml_v2,2026-05
307586,long,2026-05-07 12:40:00,2026-05-07 12:45:00,2026-05-07 12:55:00,4751.447,4745.514904538889,SL,-6.2120954611111125,10,0.38729413944166413,ml_v2,2026-05
307591,long,2026-05-07 13:05:00,2026-05-07 13:10:00,2026-05-07 13:13:00,4740.86,4734.945413131944,SL,-6.194586868055553,3,0.38656654413003044,ml_v2,2026-05
307594,long,2026-05-07 13:20:00,2026-05-07 13:25:00,2026-05-07 13:32:00,4744.406,4754.633534722222,TP,9.947534722222219,7,0.39367583167231013,ml_v2,2026-05
307598,long,2026-05-07 13:40:00,2026-05-07 13:45:00,2026-05-07 13:46:00,4748.314,4742.442859205556,SL,-6.151140794444443,1,0.39095104315839063,ml_v2,2026-05
307601,long,2026-05-07 13:55:00,2026-05-07 14:00:00,2026-05-07 14:21:00,4746.028,4756.342875,TP,10.034874999999998,21,0.4032141414131081,ml_v2,2026-05
307608,long,2026-05-07 14:30:00,2026-05-07 14:35:00,2026-05-07 14:50:00,4749.331,4759.476138888889,TP,9.865138888888893,15,0.3946948514582327,ml_v2,2026-05
307614,long,2026-05-07 15:00:00,2026-05-07 15:05:00,2026-05-07 15:15:00,4759.314,4753.560577905556,SL,-6.033422094444455,10,0.39390360495535476,ml_v2,2026-05
307626,long,2026-05-07 16:00:00,2026-05-07 16:05:00,2026-05-07 16:09:00,4724.24,4718.497717212153,SL,-6.022282787847245,4,0.3812222368994338,ml_v2,2026-05
307631,long,2026-05-07 16:25:00,2026-05-07 16:30:00,2026-05-07 16:31:00,4720.162,4714.37009630382,SL,-6.071903696180578,1,0.385144485804907,ml_v2,2026-05
307636,long,2026-05-07 16:50:00,2026-05-07 16:55:00,2026-05-07 17:18:00,4716.94,4711.108821021528,SL,-6.111178978472242,23,0.3880788659739201,ml_v2,2026-05
307649,long,2026-05-07 17:55:00,2026-05-07 18:00:00,2026-05-07 18:10:00,4711.314,4705.228474182292,SL,-6.365525817708359,10,0.3806727972680507,ml_v2,2026-05
307660,long,2026-05-07 18:50:00,2026-05-07 18:55:00,2026-05-07 20:02:00,4703.184,4714.099263888889,TP,10.635263888888925,67,0.3865199448198896,ml_v2,2026-05
307715,short,2026-05-08 00:25:00,2026-05-08 00:30:00,2026-05-08 00:38:00,4697.382,4704.250582959027,SL,-7.148582959027812,8,0.3714660920839279,ml_v2,2026-05
307719,short,2026-05-08 00:45:00,2026-05-08 00:50:00,2026-05-08 01:00:00,4699.808,4706.725822900695,SL,-7.197822900694483,10,0.3689796143306526,ml_v2,2026-05
307765,short,2026-05-08 04:35:00,2026-05-08 04:40:00,2026-05-08 05:30:00,4713.824,4720.791658102778,SL,-7.247658102777834,50,0.3685883559660288,ml_v2,2026-05
307778,short,2026-05-08 05:40:00,2026-05-08 05:45:00,2026-05-08 06:28:00,4724.386,4731.434184931945,SL,-7.328184931944495,43,0.3709675363956445,ml_v2,2026-05
307824,short,2026-05-08 09:30:00,2026-05-08 09:35:00,2026-05-08 10:23:00,4714.523,4721.549259506597,SL,-7.306259506597234,48,0.3667784191536557,ml_v2,2026-05
307837,short,2026-05-08 10:35:00,2026-05-08 10:40:00,2026-05-08 11:52:00,4726.828,4714.584479166667,TP,11.963520833333366,72,0.36453601905628674,ml_v2,2026-05
307979,short,2026-05-10 23:25:00,2026-05-10 23:30:00,2026-05-11 00:00:00,4694.812,4684.026055555555,TP,10.425944444444474,30,0.36724109970567487,ml_v2,2026-05
307988,short,2026-05-11 00:10:00,2026-05-11 00:15:00,2026-05-11 00:31:00,4682.843,4688.994036210764,SL,-6.4310362107639065,16,0.3696189251016497,ml_v2,2026-05
307994,short,2026-05-11 00:40:00,2026-05-11 00:45:00,2026-05-11 00:52:00,4689.259,4678.311034722222,TP,10.667965277777826,7,0.36720840141490085,ml_v2,2026-05
308036,short,2026-05-11 04:10:00,2026-05-11 04:15:00,2026-05-11 05:43:00,4677.562,4666.298513888889,TP,10.983486111111118,88,0.3643397518713756,ml_v2,2026-05
308056,short,2026-05-11 05:50:00,2026-05-11 05:55:00,2026-05-11 06:08:00,4654.665,4661.167041436458,SL,-6.782041436458343,13,0.36964084887368076,ml_v2,2026-05
308062,short,2026-05-11 06:20:00,2026-05-11 06:25:00,2026-05-11 06:38:00,4667.176,4673.740599337848,SL,-6.844599337847236,13,0.3665598738524254,ml_v2,2026-05
308100,short,2026-05-11 09:30:00,2026-05-11 09:35:00,2026-05-11 09:42:00,4654.454,4660.807635077777,SL,-6.6336350777778055,7,0.36417238471335533,ml_v2,2026-05
308144,long,2026-05-11 13:10:00,2026-05-11 13:15:00,2026-05-11 13:20:00,4720.84,4732.231923611112,TP,11.111923611111143,5,0.3913381016632852,ml_v2,2026-05
308148,long,2026-05-11 13:30:00,2026-05-11 13:35:00,2026-05-11 13:45:00,4734.466,4745.820527777778,TP,11.074527777777801,10,0.4190591532707243,ml_v2,2026-05
308153,long,2026-05-11 13:55:00,2026-05-11 14:00:00,2026-05-11 14:03:00,4736.326,4729.8396139125,SL,-6.766386087500007,3,0.41224232770928426,ml_v2,2026-05
308156,long,2026-05-11 14:10:00,2026-05-11 14:15:00,2026-05-11 14:30:00,4730.664,4724.126131823264,SL,-6.8178681767361144,15,0.40427280559001744,ml_v2,2026-05
308162,long,2026-05-11 14:40:00,2026-05-11 14:45:00,2026-05-11 14:56:00,4732.222,4725.661361128125,SL,-6.840638871875001,11,0.3961947832464595,ml_v2,2026-05
308167,long,2026-05-11 15:05:00,2026-05-11 15:10:00,2026-05-11 16:33:00,4728.709,4722.24990065,SL,-6.739099350000006,83,0.38853414813467146,ml_v2,2026-05
308266,long,2026-05-12 00:20:00,2026-05-12 00:25:00,2026-05-12 00:54:00,4759.564,4753.350334456598,SL,-6.493665543402785,29,0.38765761322837516,ml_v2,2026-05
308318,short,2026-05-12 04:40:00,2026-05-12 04:45:00,2026-05-12 04:54:00,4724.51,4714.232486111111,TP,9.997513888888898,9,0.36488857724217844,ml_v2,2026-05
308371,short,2026-05-12 09:05:00,2026-05-12 09:10:00,2026-05-12 10:07:00,4699.468,4705.355569981944,SL,-6.167569981944449,57,0.3656585152399521,ml_v2,2026-05
308429,long,2026-05-12 13:55:00,2026-05-12 14:00:00,2026-05-12 14:03:00,4679.363,4690.338354166667,TP,10.695354166666698,3,0.38192160944185205,ml_v2,2026-05
308436,short,2026-05-12 14:30:00,2026-05-12 14:35:00,2026-05-12 14:51:00,4684.44,4673.476368055555,TP,10.683631944444482,16,0.36570355669175325,ml_v2,2026-05
308588,short,2026-05-13 04:10:00,2026-05-13 04:15:00,2026-05-13 05:04:00,4698.156,4704.207453111459,SL,-6.331453111458339,49,0.36446237826369465,ml_v2,2026-05
308600,short,2026-05-13 05:10:00,2026-05-13 05:15:00,2026-05-13 05:30:00,4705.103,4694.469034722222,TP,10.353965277777805,15,0.3647634610381846,ml_v2,2026-05
308606,short,2026-05-13 05:40:00,2026-05-13 05:45:00,2026-05-13 05:58:00,4697.055,4703.145224406598,SL,-6.3702244065972335,13,0.3737023918987955,ml_v2,2026-05
308611,short,2026-05-13 06:05:00,2026-05-13 06:10:00,2026-05-13 06:56:00,4710.525,4699.948104166666,TP,10.296895833333348,46,0.3676233188672795,ml_v2,2026-05
308623,short,2026-05-13 07:05:00,2026-05-13 07:10:00,2026-05-13 07:15:00,4698.728,4704.731483058681,SL,-6.2834830586805595,5,0.36420202095510557,ml_v2,2026-05
308633,short,2026-05-13 07:55:00,2026-05-13 08:00:00,2026-05-13 09:16:00,4702.899,4692.5493750000005,TP,10.069624999999991,76,0.3662510196004123,ml_v2,2026-05
308651,short,2026-05-13 09:25:00,2026-05-13 09:30:00,2026-05-13 09:46:00,4689.026,4694.885279238541,SL,-6.13927923854166,16,0.37732686022871176,ml_v2,2026-05
308657,short,2026-05-13 09:55:00,2026-05-13 10:00:00,2026-05-13 10:08:00,4700.772,4706.634243635416,SL,-6.1422436354166585,8,0.37255672631332226,ml_v2,2026-05
308661,short,2026-05-13 10:15:00,2026-05-13 10:20:00,2026-05-13 12:16:00,4700.744,4690.401180555556,TP,10.062819444444413,116,0.36721616885595176,ml_v2,2026-05
308749,long,2026-05-13 17:35:00,2026-05-13 17:40:00,2026-05-13 17:59:00,4690.918,4685.6327303812495,SL,-5.565269618749971,19,0.39036989938659405,ml_v2,2026-05
308826,short,2026-05-14 01:00:00,2026-05-14 01:05:00,2026-05-14 01:06:00,4698.357,4689.287951388889,TP,8.789048611111093,1,0.36494099368876753,ml_v2,2026-05
308832,short,2026-05-14 01:30:00,2026-05-14 01:35:00,2026-05-14 01:42:00,4692.884,4683.718118055555,TP,8.88588194444443,7,0.36520782938162655,ml_v2,2026-05
308868,long,2026-05-14 04:30:00,2026-05-14 04:35:00,2026-05-14 04:43:00,4709.004,4703.583495151389,SL,-5.700504848611083,8,0.3823631614347146,ml_v2,2026-05
308872,short,2026-05-14 04:50:00,2026-05-14 04:55:00,2026-05-14 05:25:00,4705.6,4696.091861111112,TP,9.228138888888843,30,0.36786867888449004,ml_v2,2026-05
308884,short,2026-05-14 05:50:00,2026-05-14 05:55:00,2026-05-14 06:00:00,4698.526,4688.9455625,TP,9.300437499999953,5,0.36416835693764504,ml_v2,2026-05
308952,short,2026-05-14 11:30:00,2026-05-14 11:35:00,2026-05-14 11:48:00,4693.656,4699.26385314375,SL,-5.887853143750005,13,0.3686675402155539,ml_v2,2026-05
308960,short,2026-05-14 12:10:00,2026-05-14 12:15:00,2026-05-14 12:35:00,4703.698,4709.378312210069,SL,-5.960312210069449,20,0.36702616132599786,ml_v2,2026-05
308969,short,2026-05-14 12:55:00,2026-05-14 13:00:00,2026-05-14 13:18:00,4704.65,4694.563409722222,TP,9.806590277777785,18,0.36504552526927186,ml_v2,2026-05
309084,long,2026-05-14 23:30:00,2026-05-14 23:35:00,2026-05-15 00:01:00,4651.327,4645.608067294097,SL,-5.998932705902804,26,0.38150024781446734,ml_v2,2026-05
309101,long,2026-05-15 00:55:00,2026-05-15 01:00:00,2026-05-15 01:01:00,4629.922,4623.818406044444,SL,-6.3835939555555665,1,0.3817853201566439,ml_v2,2026-05
309105,long,2026-05-15 01:15:00,2026-05-15 01:20:00,2026-05-15 01:26:00,4619.427,4613.244109420139,SL,-6.462890579861118,6,0.38613082658631614,ml_v2,2026-05
309109,long,2026-05-15 01:35:00,2026-05-15 01:40:00,2026-05-15 01:51:00,4617.281,4611.004347967708,SL,-6.556652032291678,11,0.385780440682004,ml_v2,2026-05
309114,long,2026-05-15 02:00:00,2026-05-15 02:05:00,2026-05-15 03:34:00,4614.089,4607.802633317709,SL,-6.566366682291687,89,0.384829552882741,ml_v2,2026-05
309140,short,2026-05-15 04:10:00,2026-05-15 04:15:00,2026-05-15 04:22:00,4620.155,4609.3306875,TP,10.544312500000057,7,0.3644228344187377,ml_v2,2026-05
309144,short,2026-05-15 04:30:00,2026-05-15 04:35:00,2026-05-15 05:01:00,4614.276,4603.474520833333,TP,10.521479166666733,26,0.37562213842958647,ml_v2,2026-05
309152,short,2026-05-15 05:10:00,2026-05-15 05:15:00,2026-05-15 05:20:00,4591.964,4581.127416666666,TP,10.556583333333402,5,0.3747210434939924,ml_v2,2026-05
309156,short,2026-05-15 05:30:00,2026-05-15 05:35:00,2026-05-15 05:41:00,4569.356,4575.605793882291,SL,-6.529793882291703,6,0.37419698455596595,ml_v2,2026-05
309160,short,2026-05-15 05:50:00,2026-05-15 05:55:00,2026-05-15 05:59:00,4569.171,4558.1064375000005,TP,10.78456250000006,4,0.3741335083239928,ml_v2,2026-05
309163,short,2026-05-15 06:05:00,2026-05-15 06:10:00,2026-05-15 06:11:00,4566.739,4573.144319555555,SL,-6.685319555555588,1,0.373088055041081,ml_v2,2026-05
309166,short,2026-05-15 06:20:00,2026-05-15 06:25:00,2026-05-15 07:11:00,4574.971,4581.430650957986,SL,-6.739650957986143,46,0.3720699206183057,ml_v2,2026-05
309180,short,2026-05-15 07:30:00,2026-05-15 07:35:00,2026-05-15 08:01:00,4579.086,4567.6407500000005,TP,11.165250000000045,26,0.36938185682620567,ml_v2,2026-05
309188,short,2026-05-15 08:10:00,2026-05-15 08:15:00,2026-05-15 08:17:00,4565.414,4553.905201388889,TP,11.228798611111154,2,0.3705533651771825,ml_v2,2026-05
309191,short,2026-05-15 08:25:00,2026-05-15 08:30:00,2026-05-15 09:14:00,4558.324,4546.7626597222215,TP,11.281340277777826,44,0.36855782419029415,ml_v2,2026-05
309202,short,2026-05-15 09:20:00,2026-05-15 09:25:00,2026-05-15 09:48:00,4551.509,4539.879076388889,TP,11.34992361111116,23,0.36859989113624314,ml_v2,2026-05
309209,short,2026-05-15 09:55:00,2026-05-15 10:00:00,2026-05-15 10:06:00,4545.806,4552.531176787847,SL,-7.005176787847254,6,0.36852822772346727,ml_v2,2026-05
309213,short,2026-05-15 10:15:00,2026-05-15 10:20:00,2026-05-15 10:51:00,4557.609,4564.39130988264,SL,-7.06230988263892,31,0.37113799353674415,ml_v2,2026-05
309222,short,2026-05-15 11:00:00,2026-05-15 11:05:00,2026-05-15 11:15:00,4561.919,4568.806151115625,SL,-7.167151115625031,10,0.3670370354465644,ml_v2,2026-05
309227,short,2026-05-15 11:25:00,2026-05-15 11:30:00,2026-05-15 11:55:00,4562.056,4549.997125,TP,11.778875000000046,25,0.3674680221797386,ml_v2,2026-05
309235,short,2026-05-15 12:05:00,2026-05-15 12:10:00,2026-05-15 13:01:00,4553.259,4541.129506944444,TP,11.84949305555558,51,0.3721008142819563,ml_v2,2026-05
309248,short,2026-05-15 13:10:00,2026-05-15 13:15:00,2026-05-15 13:22:00,4546.567,4553.691858442014,SL,-7.404858442013907,7,0.3671785806222616,ml_v2,2026-05
309252,short,2026-05-15 13:30:00,2026-05-15 13:35:00,2026-05-15 13:37:00,4542.404,4529.8265,TP,12.297500000000044,2,0.3699751248561455,ml_v2,2026-05
309255,short,2026-05-15 13:45:00,2026-05-15 13:50:00,2026-05-15 13:54:00,4528.734,4536.007260832292,SL,-7.553260832291691,4,0.36619576940209175,ml_v2,2026-05
309258,short,2026-05-15 14:00:00,2026-05-15 14:05:00,2026-05-15 14:12:00,4533.304,4540.630179483333,SL,-7.606179483333357,7,0.36644219297500447,ml_v2,2026-05
309318,long,2026-05-15 19:00:00,2026-05-15 19:05:00,2026-05-15 19:55:00,4554.518,4547.051204132639,SL,-7.746795867361115,50,0.3848264552404893,ml_v2,2026-05
309331,long,2026-05-15 20:05:00,2026-05-15 20:10:00,2026-05-17 22:05:00,4536.922,4550.064854166666,TP,12.86285416666668,51,0.3901057392179089,ml_v2,2026-05
309372,long,2026-05-18 00:30:00,2026-05-18 00:35:00,2026-05-18 00:40:00,4492.449,4484.460486156249,SL,-8.268513843749977,5,0.3904415778999185,ml_v2,2026-05
309376,long,2026-05-18 00:50:00,2026-05-18 00:55:00,2026-05-18 00:56:00,4491.719,4505.917055555556,TP,13.91805555555552,1,0.39121766652017576,ml_v2,2026-05
309487,short,2026-05-18 10:05:00,2026-05-18 10:10:00,2026-05-18 10:46:00,4538.058,4546.184312661806,SL,-8.406312661805554,36,0.36914113600662257,ml_v2,2026-05
309498,short,2026-05-18 11:00:00,2026-05-18 11:05:00,2026-05-18 11:35:00,4538.338,4546.357173723611,SL,-8.299173723611105,30,0.3698786370496213,ml_v2,2026-05
309516,long,2026-05-18 12:30:00,2026-05-18 12:35:00,2026-05-18 13:01:00,4561.929,4576.1071180555555,TP,13.898118055555559,26,0.3874212010546243,ml_v2,2026-05
309524,long,2026-05-18 13:10:00,2026-05-18 13:15:00,2026-05-18 13:54:00,4567.584,4581.919611111111,TP,14.055611111111128,39,0.3969247720776523,ml_v2,2026-05
309652,short,2026-05-19 00:50:00,2026-05-19 00:55:00,2026-05-19 02:15:00,4566.465,4552.773416666667,TP,13.411583333333358,80,0.36516701245404554,ml_v2,2026-05
309695,short,2026-05-19 04:25:00,2026-05-19 04:30:00,2026-05-19 06:18:00,4540.08,4547.026062054861,SL,-7.226062054861124,108,0.36572280185500994,ml_v2,2026-05
309719,short,2026-05-19 06:25:00,2026-05-19 06:30:00,2026-05-19 07:09:00,4547.795,4554.549054854861,SL,-7.034054854861117,39,0.3647077274448945,ml_v2,2026-05
309768,short,2026-05-19 10:30:00,2026-05-19 10:35:00,2026-05-19 10:43:00,4541.422,4529.939798611111,TP,11.202201388888845,8,0.36540641665458695,ml_v2,2026-05
309772,short,2026-05-19 10:50:00,2026-05-19 10:55:00,2026-05-19 10:57:00,4535.159,4541.800534762499,SL,-6.92153476249998,2,0.3644961070573197,ml_v2,2026-05
309776,short,2026-05-19 11:10:00,2026-05-19 11:15:00,2026-05-19 12:10:00,4536.762,4543.434012095833,SL,-6.952012095833304,55,0.36485374987621866,ml_v2,2026-05
309801,short,2026-05-19 13:15:00,2026-05-19 13:20:00,2026-05-19 13:23:00,4517.307,4505.6869097222225,TP,11.340090277777726,3,0.3673073298767184,ml_v2,2026-05
309804,short,2026-05-19 13:30:00,2026-05-19 13:35:00,2026-05-19 13:50:00,4481.582,4488.3623653652785,SL,-7.0603653652777405,15,0.36882317620406324,ml_v2,2026-05
309811,long,2026-05-19 14:05:00,2026-05-19 14:10:00,2026-05-19 14:13:00,4503.87,4496.893575695486,SL,-7.256424304513836,3,0.38198452582048326,ml_v2,2026-05
309814,long,2026-05-19 14:20:00,2026-05-19 14:25:00,2026-05-19 15:02:00,4486.712,4499.005076388889,TP,12.013076388888804,37,0.3884418097894856,ml_v2,2026-05
309824,long,2026-05-19 15:10:00,2026-05-19 15:15:00,2026-05-19 16:26:00,4498.827,4511.037069444445,TP,11.930069444444356,71,0.384755781414544,ml_v2,2026-05
309854,long,2026-05-19 17:40:00,2026-05-19 17:45:00,2026-05-19 18:20:00,4504.623,4497.940344647916,SL,-6.962655352083289,35,0.38186277947176633,ml_v2,2026-05
309878,long,2026-05-19 19:40:00,2026-05-19 19:45:00,2026-05-19 19:58:00,4488.076,4481.4231791,SL,-6.932820899999947,13,0.3840205634740066,ml_v2,2026-05
309970,short,2026-05-20 04:20:00,2026-05-20 04:25:00,2026-05-20 05:21:00,4466.695,4473.584361515972,SL,-7.1693615159721436,56,0.3658523308471049,ml_v2,2026-05
309987,short,2026-05-20 05:45:00,2026-05-20 05:50:00,2026-05-20 05:55:00,4465.445,4472.430361147569,SL,-7.265361147569364,5,0.36553537092031774,ml_v2,2026-05
310072,short,2026-05-20 12:50:00,2026-05-20 12:55:00,2026-05-20 13:14:00,4498.368,4505.181279297917,SL,-7.093279297916608,19,0.36586253833904686,ml_v2,2026-05
310091,long,2026-05-20 14:25:00,2026-05-20 14:30:00,2026-05-20 14:31:00,4506.781,4518.743881944444,TP,11.682881944444356,1,0.3889843451165373,ml_v2,2026-05
310094,long,2026-05-20 14:40:00,2026-05-20 14:45:00,2026-05-20 14:55:00,4520.747,4532.574847222222,TP,11.54784722222214,10,0.40877722750286094,ml_v2,2026-05
310099,long,2026-05-20 15:05:00,2026-05-20 15:10:00,2026-05-20 15:15:00,4526.501,4538.027472222222,TP,11.246472222222152,5,0.41369055737933846,ml_v2,2026-05
310103,long,2026-05-20 15:25:00,2026-05-20 15:30:00,2026-05-20 17:30:00,4529.492,4533.786,TIMEOUT,4.013999999999869,120,0.3935299428740569,ml_v2,2026-05
310210,long,2026-05-21 01:20:00,2026-05-21 01:25:00,2026-05-21 02:03:00,4564.965,4558.54700139757,SL,-6.6979986024305145,38,0.3916702172150387,ml_v2,2026-05
310248,short,2026-05-21 04:30:00,2026-05-21 04:35:00,2026-05-21 05:19:00,4536.996,4526.705583333333,TP,10.01041666666659,44,0.36910211752018607,ml_v2,2026-05
310354,short,2026-05-21 13:20:00,2026-05-21 13:25:00,2026-05-21 13:51:00,4498.404,4504.475418145834,SL,-6.351418145833285,26,0.3665428641369794,ml_v2,2026-05
310521,short,2026-05-22 04:15:00,2026-05-22 04:20:00,2026-05-22 05:45:00,4528.432,4534.263778207292,SL,-6.111778207291689,85,0.36616382617704124,ml_v2,2026-05
310541,short,2026-05-22 05:55:00,2026-05-22 06:00:00,2026-05-22 06:01:00,4511.292,4517.1927411107645,SL,-6.1807411107639165,1,0.36708628141647937,ml_v2,2026-05
310544,short,2026-05-22 06:10:00,2026-05-22 06:15:00,2026-05-22 06:30:00,4521.341,4527.252174041667,SL,-6.191174041666697,15,0.3657228891460033,ml_v2,2026-05
310553,short,2026-05-22 06:55:00,2026-05-22 07:00:00,2026-05-22 07:40:00,4526.604,4516.312555555556,TP,10.011444444444487,40,0.3642152014157406,ml_v2,2026-05
310610,short,2026-05-22 11:40:00,2026-05-22 11:45:00,2026-05-22 12:12:00,4521.584,4527.154653336111,SL,-5.850653336111117,27,0.3662884508047707,ml_v2,2026-05
310619,short,2026-05-22 12:25:00,2026-05-22 12:30:00,2026-05-22 12:59:00,4521.794,4527.398019666666,SL,-5.884019666666688,29,0.3657496967490791,ml_v2,2026-05
310640,short,2026-05-22 14:10:00,2026-05-22 14:15:00,2026-05-22 14:35:00,4497.808,4503.493272713542,SL,-5.965272713541694,20,0.36577339393123526,ml_v2,2026-05
310649,short,2026-05-22 14:55:00,2026-05-22 15:00:00,2026-05-22 15:05:00,4500.571,4506.109842619444,SL,-5.81884261944447,5,0.3643263482343591,ml_v2,2026-05
310677,long,2026-05-22 17:15:00,2026-05-22 17:20:00,2026-05-22 17:28:00,4514.841,4524.104409722223,TP,8.983409722222245,8,0.3819253486677848,ml_v2,2026-05
310722,long,2026-05-24 22:00:00,2026-05-24 22:05:00,2026-05-24 22:32:00,4551.364,4560.157701388888,TP,8.433701388888881,27,0.40106015872528067,ml_v2,2026-05
310730,long,2026-05-24 22:40:00,2026-05-24 22:45:00,2026-05-24 23:00:00,4558.471,4567.442881944444,TP,8.69188194444444,15,0.39013574363857584,ml_v2,2026-05
310738,short,2026-05-24 23:20:00,2026-05-24 23:25:00,2026-05-24 23:58:00,4576.718,4567.620791666666,TP,8.817208333333324,33,0.3655576266330276,ml_v2,2026-05
310747,long,2026-05-25 00:05:00,2026-05-25 00:10:00,2026-05-25 00:58:00,4572.947,4567.657642926389,SL,-5.569357073611099,48,0.41924054350231255,ml_v2,2026-05
310760,long,2026-05-25 01:10:00,2026-05-25 01:15:00,2026-05-25 01:29:00,4565.722,4575.203541666667,TP,9.201541666666646,14,0.41737116309367606,ml_v2,2026-05
310765,long,2026-05-25 01:35:00,2026-05-25 01:40:00,2026-05-25 01:44:00,4570.506,4565.061518061806,SL,-5.724481938194425,4,0.3995407502618713,ml_v2,2026-05
310768,long,2026-05-25 01:50:00,2026-05-25 01:55:00,2026-05-25 02:16:00,4566.248,4560.799462354166,SL,-5.728537645833313,21,0.3954245184137679,ml_v2,2026-05
310798,short,2026-05-25 04:20:00,2026-05-25 04:25:00,2026-05-25 05:29:00,4563.853,4554.5308958333335,TP,9.042104166666627,64,0.3678853726599674,ml_v2,2026-05
310813,short,2026-05-25 05:35:00,2026-05-25 05:40:00,2026-05-25 06:05:00,4559.861,4550.524375,TP,9.056624999999938,25,0.3762803838354085,ml_v2,2026-05
310821,short,2026-05-25 06:15:00,2026-05-25 06:20:00,2026-05-25 06:55:00,4554.6,4559.955601621181,SL,-5.635601621180522,35,0.3684145969633303,ml_v2,2026-05
310831,short,2026-05-25 07:05:00,2026-05-25 07:10:00,2026-05-25 07:20:00,4562.027,4552.876111111112,TP,8.870888888888826,10,0.3667553972287133,ml_v2,2026-05
310838,short,2026-05-25 07:40:00,2026-05-25 07:45:00,2026-05-25 07:54:00,4559.818,4565.0278263135415,SL,-5.48982631354164,9,0.36555869188602885,ml_v2,2026-05
310844,short,2026-05-25 08:10:00,2026-05-25 08:15:00,2026-05-25 09:48:00,4561.165,4566.34855151875,SL,-5.463551518749973,93,0.364994285789649,ml_v2,2026-05
310885,short,2026-05-25 11:35:00,2026-05-25 11:40:00,2026-05-25 12:00:00,4575.836,4567.269138888889,TP,8.286861111111085,20,0.3655875698652796,ml_v2,2026-05
310982,short,2026-05-25 23:10:00,2026-05-25 23:15:00,2026-05-25 23:26:00,4578.846,4571.602541666666,TP,6.963458333333333,11,0.3662176507437135,ml_v2,2026-05
310995,short,2026-05-26 00:15:00,2026-05-26 00:20:00,2026-05-26 00:30:00,4546.063,4550.360244473958,SL,-4.577244473958337,10,0.3658548025572663,ml_v2,2026-05
311003,short,2026-05-26 00:55:00,2026-05-26 01:00:00,2026-05-26 01:21:00,4549.493,4541.752479166667,TP,7.460520833333328,21,0.3644154250965558,ml_v2,2026-05
311010,short,2026-05-26 01:30:00,2026-05-26 01:35:00,2026-05-26 01:39:00,4538.983,4531.412604166667,TP,7.290395833333325,4,0.36763715529805596,ml_v2,2026-05
311013,short,2026-05-26 01:45:00,2026-05-26 01:50:00,2026-05-26 02:00:00,4533.178,4537.502896304513,SL,-4.6048963045138835,10,0.36456793544255345,ml_v2,2026-05
311041,short,2026-05-26 04:05:00,2026-05-26 04:10:00,2026-05-26 04:30:00,4539.312,4532.015118055556,TP,7.01688194444444,20,0.37151292757176113,ml_v2,2026-05
311048,short,2026-05-26 04:40:00,2026-05-26 04:45:00,2026-05-26 05:09:00,4526.302,4530.369759678125,SL,-4.347759678125005,24,0.3921768178198055,ml_v2,2026-05
311055,short,2026-05-26 05:15:00,2026-05-26 05:20:00,2026-05-26 05:30:00,4529.453,4533.46699178889,SL,-4.293991788888894,10,0.3901799024763787,ml_v2,2026-05
311060,short,2026-05-26 05:40:00,2026-05-26 05:45:00,2026-05-26 06:22:00,4529.915,4533.882863075,SL,-4.247863075000006,37,0.39254467523520054,ml_v2,2026-05
311070,short,2026-05-26 06:30:00,2026-05-26 06:35:00,2026-05-26 07:17:00,4530.909,4523.966569444444,TP,6.662430555555562,42,0.3722761966819478,ml_v2,2026-05
311081,short,2026-05-26 07:25:00,2026-05-26 07:30:00,2026-05-26 07:37:00,4529.766,4522.718944444444,TP,6.767055555555573,7,0.3720179620263005,ml_v2,2026-05
311086,short,2026-05-26 07:50:00,2026-05-26 07:55:00,2026-05-26 07:56:00,4531.68,4535.7720463031255,SL,-4.372046303125008,1,0.36431769725122604,ml_v2,2026-05
311090,short,2026-05-26 08:10:00,2026-05-26 08:15:00,2026-05-26 08:29:00,4527.702,4520.488965277778,TP,6.933034722222232,14,0.3706564138497159,ml_v2,2026-05
311095,short,2026-05-26 08:35:00,2026-05-26 08:40:00,2026-05-26 08:45:00,4522.481,4526.64155680868,SL,-4.440556808680564,5,0.3818608081463903,ml_v2,2026-05
311099,short,2026-05-26 08:55:00,2026-05-26 09:00:00,2026-05-26 09:35:00,4523.904,4516.592631944445,TP,7.031368055555571,35,0.374361921930484,ml_v2,2026-05
311109,short,2026-05-26 09:45:00,2026-05-26 09:50:00,2026-05-26 09:59:00,4518.654,4522.875769421528,SL,-4.501769421527794,9,0.37798587126984007,ml_v2,2026-05
311130,short,2026-05-26 11:30:00,2026-05-26 11:35:00,2026-05-26 11:36:00,4519.336,4511.822756944444,TP,7.233243055555595,1,0.3741429478798756,ml_v2,2026-05
311133,short,2026-05-26 11:45:00,2026-05-26 11:50:00,2026-05-26 11:58:00,4512.315,4504.654944444444,TP,7.380055555555591,8,0.37153137166343553,ml_v2,2026-05
311137,short,2026-05-26 12:05:00,2026-05-26 12:10:00,2026-05-26 12:15:00,4510.41,4514.828038686111,SL,-4.698038686111134,5,0.3708492888357834,ml_v2,2026-05
311141,short,2026-05-26 12:25:00,2026-05-26 12:30:00,2026-05-26 12:42:00,4506.33,4510.80756869618,SL,-4.757568696180579,12,0.37045958660865164,ml_v2,2026-05
311158,short,2026-05-26 13:50:00,2026-05-26 13:55:00,2026-05-26 14:32:00,4515.888,4520.6751001444445,SL,-5.0671001444444626,37,0.36443154576087317,ml_v2,2026-05
311307,long,2026-05-27 03:15:00,2026-05-27 03:20:00,2026-05-27 03:29:00,4510.783,4505.767319855556,SL,-5.295680144444475,9,0.38780921750718883,ml_v2,2026-05
311325,short,2026-05-27 04:45:00,2026-05-27 04:50:00,2026-05-27 05:15:00,4516.394,4507.555909722222,TP,8.558090277777858,25,0.3649728515159767,ml_v2,2026-05
311336,short,2026-05-27 05:40:00,2026-05-27 05:45:00,2026-05-27 05:50:00,4493.582,4498.731240708334,SL,-5.429240708333361,5,0.3645532478169091,ml_v2,2026-05
311346,short,2026-05-27 06:30:00,2026-05-27 06:35:00,2026-05-27 06:45:00,4483.593,4488.837720479167,SL,-5.5247204791666995,10,0.3674522715688002,ml_v2,2026-05
311354,short,2026-05-27 07:10:00,2026-05-27 07:15:00,2026-05-27 07:23:00,4480.378,4485.642645829514,SL,-5.544645829513924,8,0.3660447526170164,ml_v2,2026-05
311359,short,2026-05-27 07:35:00,2026-05-27 07:40:00,2026-05-27 08:02:00,4483.011,4488.2824238614585,SL,-5.55142386145837,22,0.367022470922611,ml_v2,2026-05
311388,short,2026-05-27 10:00:00,2026-05-27 10:05:00,2026-05-27 10:28:00,4486.57,4477.462986111111,TP,8.827013888888926,23,0.36506244654457465,ml_v2,2026-05
311395,short,2026-05-27 10:35:00,2026-05-27 10:40:00,2026-05-27 10:41:00,4463.874,4469.092560768056,SL,-5.498560768055575,1,0.36980028370228446,ml_v2,2026-05
311398,short,2026-05-27 10:50:00,2026-05-27 10:55:00,2026-05-27 10:59:00,4444.821,4450.136838225347,SL,-5.595838225347241,4,0.367948054464728,ml_v2,2026-05
311401,short,2026-05-27 11:05:00,2026-05-27 11:10:00,2026-05-27 11:23:00,4449.724,4440.376319444445,TP,9.06768055555558,13,0.367472490775375,ml_v2,2026-05
311406,long,2026-05-27 11:30:00,2026-05-27 11:35:00,2026-05-27 11:56:00,4436.879,4431.492619446875,SL,-5.666380553125015,21,0.38321135998485967,ml_v2,2026-05
311413,long,2026-05-27 12:05:00,2026-05-27 12:10:00,2026-05-27 12:16:00,4433.247,4427.773778888889,SL,-5.753221111111128,6,0.3866976716659,ml_v2,2026-05
311419,long,2026-05-27 12:35:00,2026-05-27 12:40:00,2026-05-27 12:42:00,4452.14,4446.456651961806,SL,-5.963348038194457,2,0.3809091122621681,ml_v2,2026-05
311425,long,2026-05-27 13:05:00,2026-05-27 13:10:00,2026-05-27 13:20:00,4414.436,4408.684478770486,SL,-6.031521229513903,10,0.389393360051501,ml_v2,2026-05
311490,long,2026-05-27 18:30:00,2026-05-27 18:35:00,2026-05-27 20:35:00,4452.752,4453.718,TIMEOUT,0.6859999999994397,120,0.39130739244536294,ml_v2,2026-05
311562,long,2026-05-28 01:30:00,2026-05-28 01:35:00,2026-05-28 01:41:00,4425.1,4419.0092438274305,SL,-6.370756172569453,6,0.3913039806501389,ml_v2,2026-05
311596,short,2026-05-28 04:20:00,2026-05-28 04:25:00,2026-05-28 05:25:00,4371.481,4377.972560884722,SL,-6.771560884722233,60,0.36734276916547914,ml_v2,2026-05
311612,short,2026-05-28 05:40:00,2026-05-28 05:45:00,2026-05-28 06:11:00,4389.651,4378.069388888889,TP,11.301611111111121,26,0.36709180593335805,ml_v2,2026-05
311620,short,2026-05-28 06:20:00,2026-05-28 06:25:00,2026-05-28 07:00:00,4381.968,4388.638539818403,SL,-6.950539818402784,35,0.3725706049418567,ml_v2,2026-05
311630,short,2026-05-28 07:10:00,2026-05-28 07:15:00,2026-05-28 07:21:00,4388.733,4395.348244094097,SL,-6.895244094097234,6,0.368995768292665,ml_v2,2026-05
311634,short,2026-05-28 07:30:00,2026-05-28 07:35:00,2026-05-28 09:21:00,4389.539,4396.125421584722,SL,-6.866421584722235,106,0.36872834653758446,ml_v2,2026-05
311673,short,2026-05-28 10:45:00,2026-05-28 10:50:00,2026-05-28 11:04:00,4380.89,4387.5936799500005,SL,-6.983679949999993,14,0.36715244991655976,ml_v2,2026-05
311714,long,2026-05-28 14:10:00,2026-05-28 14:15:00,2026-05-28 14:16:00,4464.174,4457.566736363889,SL,-6.887263636111122,1,0.4204493590905337,ml_v2,2026-05
311717,long,2026-05-28 14:25:00,2026-05-28 14:30:00,2026-05-28 14:38:00,4461.044,4454.432196511111,SL,-6.891803488888905,8,0.40795138681932785,ml_v2,2026-05
311721,long,2026-05-28 14:45:00,2026-05-28 14:50:00,2026-05-28 15:07:00,4467.931,4479.4803125,TP,11.269312500000018,17,0.4113544315449946,ml_v2,2026-05
311727,long,2026-05-28 15:15:00,2026-05-28 15:20:00,2026-05-28 15:36:00,4472.528,4483.950784722222,TP,11.142784722222244,16,0.4235033385985705,ml_v2,2026-05
311733,long,2026-05-28 15:45:00,2026-05-28 15:50:00,2026-05-28 16:16:00,4479.516,4490.815208333333,TP,11.019208333333362,26,0.4129310933523478,ml_v2,2026-05
311742,long,2026-05-28 16:30:00,2026-05-28 16:35:00,2026-05-28 16:59:00,4499.022,4510.360159722222,TP,11.058159722222246,24,0.3802666619796816,ml_v2,2026-05
311749,long,2026-05-28 17:05:00,2026-05-28 17:10:00,2026-05-28 17:14:00,4509.675,4503.210404412153,SL,-6.74459558784724,4,0.4013617548313263,ml_v2,2026-05
311752,long,2026-05-28 17:20:00,2026-05-28 17:25:00,2026-05-28 18:48:00,4505.112,4498.617673138542,SL,-6.7743268614583485,83,0.41451626841236217,ml_v2,2026-05
311771,long,2026-05-28 18:55:00,2026-05-28 19:00:00,2026-05-28 22:02:00,4501.248,4496.268,TIMEOUT,-5.259999999999564,120,0.4144157410673894,ml_v2,2026-05
311837,long,2026-05-29 01:25:00,2026-05-29 01:30:00,2026-05-29 02:31:00,4505.207,4498.679029019792,SL,-6.807970980208341,61,0.38088491456102475,ml_v2,2026-05
311855,long,2026-05-29 02:55:00,2026-05-29 03:00:00,2026-05-29 03:13:00,4501.828,4495.501258787847,SL,-6.606741212152777,13,0.38217700187563064,ml_v2,2026-05
311860,long,2026-05-29 03:20:00,2026-05-29 03:25:00,2026-05-29 04:23:00,4498.043,4508.974027777777,TP,10.651027777777767,58,0.3810233023098281,ml_v2,2026-05
311896,long,2026-05-29 06:20:00,2026-05-29 06:25:00,2026-05-29 06:41:00,4518.389,4512.440074542708,SL,-6.228925457291636,16,0.3869481469251205,ml_v2,2026-05
311902,long,2026-05-29 06:50:00,2026-05-29 06:55:00,2026-05-29 07:14:00,4522.013,4516.085118982639,SL,-6.2078810173610846,19,0.397332739354635,ml_v2,2026-05
311910,long,2026-05-29 07:30:00,2026-05-29 07:35:00,2026-05-29 08:14:00,4520.608,4514.746196857292,SL,-6.141803142708308,39,0.42260018975470837,ml_v2,2026-05
311920,long,2026-05-29 08:20:00,2026-05-29 08:25:00,2026-05-29 09:11:00,4515.166,4525.369715277778,TP,9.923715277777728,46,0.3810262297173438,ml_v2,2026-05
311938,long,2026-05-29 09:50:00,2026-05-29 09:55:00,2026-05-29 10:01:00,4532.706,4526.852840038542,SL,-6.133159961458315,6,0.38032508067534265,ml_v2,2026-05
311946,long,2026-05-29 10:30:00,2026-05-29 10:35:00,2026-05-29 11:09:00,4538.73,4532.884022847569,SL,-6.125977152430536,34,0.3857391407841938,ml_v2,2026-05
311960,long,2026-05-29 11:40:00,2026-05-29 11:45:00,2026-05-29 12:20:00,4530.959,4525.167286787153,SL,-6.071713212847209,35,0.38528961211319307,ml_v2,2026-05
311974,long,2026-05-29 12:50:00,2026-05-29 12:55:00,2026-05-29 13:22:00,4518.688,4528.883527777778,TP,9.915527777777765,27,0.3816651365495773,ml_v2,2026-05
311983,long,2026-05-29 13:35:00,2026-05-29 13:40:00,2026-05-29 14:01:00,4531.35,4541.573888888889,TP,9.943888888888887,21,0.38733112841219963,ml_v2,2026-05
311990,long,2026-05-29 14:10:00,2026-05-29 14:15:00,2026-05-29 14:19:00,4543.964,4538.177128238542,SL,-6.06687176145833,4,0.38063730813648433,ml_v2,2026-05
311994,long,2026-05-29 14:30:00,2026-05-29 14:35:00,2026-05-29 14:51:00,4535.98,4546.1352708333325,TP,9.875270833333337,16,0.3877587814147923,ml_v2,2026-05
312000,long,2026-05-29 15:00:00,2026-05-29 15:05:00,2026-05-29 15:08:00,4578.059,4588.413750000001,TP,10.07475,3,0.38404697218535,ml_v2,2026-05
312003,long,2026-05-29 15:15:00,2026-05-29 15:20:00,2026-05-29 15:21:00,4588.501,4582.762106228125,SL,-6.018893771875,1,0.38066338054571824,ml_v2,2026-05
312008,long,2026-05-29 15:40:00,2026-05-29 15:45:00,2026-05-29 15:47:00,4566.766,4561.065119558333,SL,-5.9808804416666606,2,0.40839507727783536,ml_v2,2026-05
312011,long,2026-05-29 15:55:00,2026-05-29 16:00:00,2026-05-29 16:08:00,4571.282,4565.623156848958,SL,-5.938843151041658,8,0.39160497045102965,ml_v2,2026-05
312015,long,2026-05-29 16:15:00,2026-05-29 16:20:00,2026-05-29 17:32:00,4565.107,4559.466109903125,SL,-5.920890096874993,72,0.39952459958551945,ml_v2,2026-05
312162,short,2026-06-01 05:30:00,2026-06-01 05:35:00,2026-06-01 05:39:00,4513.912,4519.778327121875,SL,-6.146327121874993,4,0.3604491113929221,ml_v2,2026-06
312178,short,2026-06-01 06:50:00,2026-06-01 06:55:00,2026-06-01 07:07:00,4503.765,4509.739874843056,SL,-6.2548748430555525,12,0.3583527623438605,ml_v2,2026-06
312210,short,2026-06-01 09:30:00,2026-06-01 09:35:00,2026-06-01 09:36:00,4490.926,4496.932165698959,SL,-6.286165698958331,1,0.3578064378296254,ml_v2,2026-06
312669,long,2026-06-03 01:45:00,2026-06-03 01:50:00,2026-06-03 02:43:00,4475.496,4484.440368055555,TP,8.664368055555515,53,0.38700949631431214,ml_v2,2026-06
312708,short,2026-06-03 05:00:00,2026-06-03 05:05:00,2026-06-03 05:30:00,4470.96,4462.599375,TP,8.08062500000002,25,0.3654692178776877,ml_v2,2026-06
312716,short,2026-06-03 05:40:00,2026-06-03 05:45:00,2026-06-03 05:48:00,4461.738,4466.574665495139,SL,-5.116665495138899,3,0.3613477288452629,ml_v2,2026-06
312719,short,2026-06-03 05:55:00,2026-06-03 06:00:00,2026-06-03 06:02:00,4457.151,4462.007074953125,SL,-5.1360749531250125,2,0.3617599694696907,ml_v2,2026-06
312722,short,2026-06-03 06:10:00,2026-06-03 06:15:00,2026-06-03 06:18:00,4465.92,4470.8191479968755,SL,-5.179147996875014,3,0.35854335792887104,ml_v2,2026-06
312725,short,2026-06-03 06:25:00,2026-06-03 06:30:00,2026-06-03 07:09:00,4462.289,4467.227820119444,SL,-5.218820119444463,39,0.3595880571961735,ml_v2,2026-06
312755,short,2026-06-03 08:55:00,2026-06-03 09:00:00,2026-06-03 09:03:00,4443.736,4448.811051418403,SL,-5.355051418402811,3,0.3585565295881925,ml_v2,2026-06
312758,short,2026-06-03 09:10:00,2026-06-03 09:15:00,2026-06-03 09:29:00,4451.39,4442.433277777778,TP,8.676722222222274,14,0.3577006938981156,ml_v2,2026-06
312812,short,2026-06-03 13:40:00,2026-06-03 13:45:00,2026-06-03 13:46:00,4427.592,4433.194856924652,SL,-5.882856924652789,1,0.35819836881134803,ml_v2,2026-06
313079,long,2026-06-04 12:55:00,2026-06-04 13:00:00,2026-06-04 13:44:00,4503.878,4514.255041666666,TP,10.097041666666673,44,0.3880307487771585,ml_v2,2026-06
313092,long,2026-06-04 14:00:00,2026-06-04 14:05:00,2026-06-04 14:09:00,4495.494,4489.51627584375,SL,-6.257724156250004,4,0.3872590907643091,ml_v2,2026-06
313095,long,2026-06-04 14:15:00,2026-06-04 14:20:00,2026-06-04 14:31:00,4487.68,4481.657928942708,SL,-6.302071057291674,11,0.39220062874057404,ml_v2,2026-06
313266,short,2026-06-05 05:30:00,2026-06-05 05:35:00,2026-06-05 05:36:00,4442.538,4447.956711130555,SL,-5.698711130555555,1,0.36139085831718254,ml_v2,2026-06
313465,short,2026-06-07 23:05:00,2026-06-07 23:10:00,2026-06-07 23:13:00,4326.536,4333.399586739931,SL,-7.123586739930571,3,0.35749512608114503,ml_v2,2026-06
313536,short,2026-06-08 05:00:00,2026-06-08 05:05:00,2026-06-08 05:30:00,4315.124,4302.5725625,TP,12.27143750000002,25,0.3583324306147734,ml_v2,2026-06
313544,short,2026-06-08 05:40:00,2026-06-08 05:45:00,2026-06-08 05:52:00,4288.15,4295.558150811111,SL,-7.688150811111124,7,0.36014285060346474,ml_v2,2026-06
313555,short,2026-06-08 06:35:00,2026-06-08 06:40:00,2026-06-08 07:13:00,4296.541,4304.1315147923615,SL,-7.850514792361115,33,0.35870908471626684,ml_v2,2026-06
314088,short,2026-06-10 05:00:00,2026-06-10 05:05:00,2026-06-10 05:23:00,4174.409,4181.876391127777,SL,-7.727391127777841,18,0.3635036343376288,ml_v2,2026-06
314094,short,2026-06-10 05:30:00,2026-06-10 05:35:00,2026-06-10 05:42:00,4190.773,4198.305044345833,SL,-7.792044345833391,7,0.3673727371237997,ml_v2,2026-06
314098,short,2026-06-10 05:50:00,2026-06-10 05:55:00,2026-06-10 06:04:00,4203.655,4211.23295479757,SL,-7.8379547975695,9,0.3629286525934675,ml_v2,2026-06
314102,short,2026-06-10 06:10:00,2026-06-10 06:15:00,2026-06-10 07:12:00,4212.74,4199.382145833333,TP,13.097854166666762,57,0.35785370452103404,ml_v2,2026-06
314120,short,2026-06-10 07:40:00,2026-06-10 07:45:00,2026-06-10 08:02:00,4189.712,4176.299583333333,TP,13.152416666666774,17,0.3579402028362177,ml_v2,2026-06
314126,short,2026-06-10 08:10:00,2026-06-10 08:15:00,2026-06-10 08:16:00,4166.502,4174.301455167014,SL,-8.059455167013954,1,0.35930519430066976,ml_v2,2026-06
314129,short,2026-06-10 08:25:00,2026-06-10 08:30:00,2026-06-10 10:07:00,4172.025,4158.314354166666,TP,13.450645833333438,97,0.36104347706475975,ml_v2,2026-06
314151,short,2026-06-10 10:15:00,2026-06-10 10:20:00,2026-06-10 10:47:00,4164.274,4172.340100086459,SL,-8.3261000864584,27,0.35889509898996425,ml_v2,2026-06
314160,short,2026-06-10 11:00:00,2026-06-10 11:05:00,2026-06-10 11:15:00,4161.29,4169.458127721875,SL,-8.428127721875057,10,0.3601364890875141,ml_v2,2026-06
314167,short,2026-06-10 11:35:00,2026-06-10 11:40:00,2026-06-10 12:10:00,4156.371,4141.8823125,TP,14.228687500000095,30,0.3577785681537613,ml_v2,2026-06
314176,short,2026-06-10 12:20:00,2026-06-10 12:25:00,2026-06-10 12:30:00,4134.65,4143.044187786111,SL,-8.654187786111162,5,0.3574316829608956,ml_v2,2026-06
314180,short,2026-06-10 12:40:00,2026-06-10 12:45:00,2026-06-10 12:46:00,4160.568,4169.228285065972,SL,-8.920285065972271,1,0.35859975624599305,ml_v2,2026-06
314183,short,2026-06-10 12:55:00,2026-06-10 13:00:00,2026-06-10 13:01:00,4146.827,4155.5763280875,SL,-9.009328087500043,1,0.3585379313281998,ml_v2,2026-06
315303,long,2026-06-16 14:15:00,2026-06-16 14:20:00,2026-06-16 14:27:00,4323.098,4318.2073086694445,SL,-5.1706913305555355,7,0.3906448134014856,ml_v2,2026-06
315580,long,2026-06-17 14:20:00,2026-06-17 14:25:00,2026-06-17 14:37:00,4358.044,4353.6463112833335,SL,-4.657688716666686,12,0.38894880931831144,ml_v2,2026-06
315586,long,2026-06-17 14:50:00,2026-06-17 14:55:00,2026-06-17 15:20:00,4346.858,4354.751388888889,TP,7.613388888888934,25,0.39216862104632966,ml_v2,2026-06
315594,long,2026-06-17 15:30:00,2026-06-17 15:35:00,2026-06-17 17:33:00,4358.933,4366.7476875,TP,7.534687500000035,118,0.3902846090123727,ml_v2,2026-06
315815,short,2026-06-18 10:55:00,2026-06-18 11:00:00,2026-06-18 11:11:00,4255.743,4242.159673611111,TP,13.323326388888983,11,0.3609934058293581,ml_v2,2026-06
315820,short,2026-06-18 11:20:00,2026-06-18 11:25:00,2026-06-18 12:13:00,4247.66,4255.4959644725695,SL,-8.095964472569495,48,0.36125189623677995,ml_v2,2026-06
316087,short,2026-06-19 10:35:00,2026-06-19 10:40:00,2026-06-19 12:01:00,4150.982,4157.149905890972,SL,-6.427905890972221,81,0.36154958510345936,ml_v2,2026-06
316525,short,2026-06-23 05:05:00,2026-06-23 05:10:00,2026-06-23 05:30:00,4128.012,4118.836319444445,TP,8.915680555555573,20,0.35776658923098426,ml_v2,2026-06
316532,short,2026-06-23 05:40:00,2026-06-23 05:45:00,2026-06-23 05:48:00,4127.511,4118.141666666667,TP,9.10933333333336,3,0.358725836581677,ml_v2,2026-06
316535,short,2026-06-23 05:55:00,2026-06-23 06:00:00,2026-06-23 06:01:00,4121.186,4126.576884690277,SL,-5.650884690277786,1,0.35776658923098426,ml_v2,2026-06
316538,short,2026-06-23 06:10:00,2026-06-23 06:15:00,2026-06-23 06:42:00,4122.417,4112.845166666667,TP,9.311833333333334,27,0.358725836581677,ml_v2,2026-06
316546,short,2026-06-23 06:50:00,2026-06-23 06:55:00,2026-06-23 07:08:00,4118.074,4123.581996224652,SL,-5.76799622465278,13,0.3580365539177657,ml_v2,2026-06
316800,short,2026-06-24 05:00:00,2026-06-24 05:05:00,2026-06-24 05:09:00,4062.069,4068.768338517361,SL,-6.959338517361095,4,0.3600994425841038,ml_v2,2026-06
316874,short,2026-06-24 11:10:00,2026-06-24 11:15:00,2026-06-24 11:52:00,4045.972,4052.430980297917,SL,-6.718980297916657,37,0.3587436399449555,ml_v2,2026-06
316884,short,2026-06-24 12:00:00,2026-06-24 12:05:00,2026-06-24 12:24:00,4044.801,4033.252173611111,TP,11.388826388888873,19,0.3579212740018638,ml_v2,2026-06
316890,short,2026-06-24 12:30:00,2026-06-24 12:35:00,2026-06-24 12:39:00,4019.302,4007.4948402777777,TP,11.647159722222208,4,0.3579212740018638,ml_v2,2026-06
316893,short,2026-06-24 12:45:00,2026-06-24 12:50:00,2026-06-24 12:59:00,4004.364,3992.4386250000002,TP,11.765374999999983,9,0.3579212740018638,ml_v2,2026-06
317299,short,2026-06-26 00:35:00,2026-06-26 00:40:00,2026-06-26 00:46:00,4016.216,4023.867136113194,SL,-7.891136113194418,6,0.3587379759919008,ml_v2,2026-06
317303,short,2026-06-26 00:55:00,2026-06-26 01:00:00,2026-06-26 01:01:00,4020.476,4028.13821589375,SL,-7.902215893749975,1,0.3584919902935573,ml_v2,2026-06
317801,long,2026-06-29 19:25:00,2026-06-29 19:30:00,2026-06-29 22:32:00,4017.008,4014.254,TIMEOUT,-2.9939999999999056,120,0.3895995109495595,ml_v2,2026-06
318183,short,2026-07-01 05:15:00,2026-07-01 05:20:00,2026-07-01 05:32:00,3972.081,3977.508425743056,SL,-5.667425743055551,12,0.3526105670005548,ml_v2,2026-07
318188,short,2026-07-01 05:40:00,2026-07-01 05:45:00,2026-07-01 06:07:00,3974.552,3965.140118055556,TP,9.171881944444438,22,0.35294980683629396,ml_v2,2026-07
318225,long,2026-07-01 08:45:00,2026-07-01 08:50:00,2026-07-01 09:46:00,3975.064,3984.108875,TP,8.804874999999997,56,0.3894042122152971,ml_v2,2026-07
318244,long,2026-07-01 10:20:00,2026-07-01 10:25:00,2026-07-01 10:37:00,3984.854,3993.7453194444442,TP,8.651319444444443,12,0.38844044710812486,ml_v2,2026-07
318301,long,2026-07-01 15:05:00,2026-07-01 15:10:00,2026-07-01 15:24:00,4084.524,4078.6369816260417,SL,-6.127018373958338,14,0.38911919798005323,ml_v2,2026-07
318306,long,2026-07-01 15:30:00,2026-07-01 15:35:00,2026-07-01 16:06:00,4078.181,4088.3831319444444,TP,9.962131944444453,31,0.4043583886435277,ml_v2,2026-07
318318,long,2026-07-01 16:30:00,2026-07-01 16:35:00,2026-07-01 16:51:00,4076.44,4070.693415463542,SL,-5.986584536458337,16,0.396673602981978,ml_v2,2026-07
318324,long,2026-07-01 17:00:00,2026-07-01 17:05:00,2026-07-01 18:18:00,4071.715,4065.985606584375,SL,-5.9693934156249995,73,0.4302334697506007,ml_v2,2026-07
318348,long,2026-07-01 19:00:00,2026-07-01 19:05:00,2026-07-01 19:21:00,4066.185,4060.450392103125,SL,-5.974607896875,16,0.3943813183678069,ml_v2,2026-07
318358,long,2026-07-01 19:50:00,2026-07-01 19:55:00,2026-07-01 19:57:00,4041.454,4035.6187930927085,SL,-6.075206907291668,2,0.4252101008760105,ml_v2,2026-07
318361,long,2026-07-01 20:05:00,2026-07-01 20:10:00,2026-07-01 22:50:00,4034.097,4044.4158472222225,TP,10.078847222222226,98,0.42327237926341454,ml_v2,2026-07
318386,long,2026-07-01 23:10:00,2026-07-01 23:15:00,2026-07-02 00:03:00,4037.728,4031.8092939298613,SL,-6.158706070138893,48,0.3901857307272275,ml_v2,2026-07
318463,short,2026-07-02 05:35:00,2026-07-02 05:40:00,2026-07-02 06:00:00,4063.035,4069.225569439236,SL,-6.43056943923612,20,0.3521489424544221,ml_v2,2026-07
318470,short,2026-07-02 06:10:00,2026-07-02 06:15:00,2026-07-02 06:19:00,4068.301,4074.5241143104167,SL,-6.463114310416671,4,0.35142172108467873,ml_v2,2026-07
318476,short,2026-07-02 06:40:00,2026-07-02 06:45:00,2026-07-02 06:50:00,4068.208,4074.4643298416668,SL,-6.496329841666669,5,0.35137905906018074,ml_v2,2026-07
318480,short,2026-07-02 07:00:00,2026-07-02 07:05:00,2026-07-02 08:22:00,4069.353,4075.637061040278,SL,-6.524061040277782,77,0.3516063166695481,ml_v2,2026-07
318573,long,2026-07-02 14:45:00,2026-07-02 14:50:00,2026-07-02 15:07:00,4122.457,4115.966391531945,SL,-6.730608468055573,17,0.4011380423036866,ml_v2,2026-07
318648,long,2026-07-02 22:00:00,2026-07-02 22:05:00,2026-07-03 00:05:00,4125.493,4128.767,TIMEOUT,2.9339999999994326,120,0.41932624744140223,ml_v2,2026-07
318681,short,2026-07-03 00:45:00,2026-07-03 00:50:00,2026-07-03 00:51:00,4140.944,4147.364752673959,SL,-6.6607526739583465,1,0.35152633979160475,ml_v2,2026-07
318717,long,2026-07-03 03:45:00,2026-07-03 03:50:00,2026-07-03 05:48:00,4176.685,4170.241563935764,SL,-6.683436064236111,118,0.3938933441033564,ml_v2,2026-07
318756,short,2026-07-03 07:00:00,2026-07-03 07:05:00,2026-07-03 07:10:00,4174.884,4181.280180323958,SL,-6.636180323958325,5,0.3521958868355173,ml_v2,2026-07
318785,short,2026-07-03 09:25:00,2026-07-03 09:30:00,2026-07-03 10:08:00,4171.732,4178.020013569444,SL,-6.528013569444431,38,0.35296380175121,ml_v2,2026-07
318816,long,2026-07-03 12:00:00,2026-07-03 12:05:00,2026-07-03 12:27:00,4178.523,4172.366701687153,SL,-6.396298312847207,22,0.4001262211705984,ml_v2,2026-07
318823,long,2026-07-03 12:35:00,2026-07-03 12:40:00,2026-07-03 13:09:00,4174.85,4168.691443665973,SL,-6.398556334027769,29,0.4193025245302927,ml_v2,2026-07
318831,long,2026-07-03 13:15:00,2026-07-03 13:20:00,2026-07-03 13:48:00,4169.763,4163.626063524305,SL,-6.376936475694435,28,0.3882463825194957,ml_v2,2026-07
318901,long,2026-07-06 00:05:00,2026-07-06 00:10:00,2026-07-06 00:26:00,4176.656,4171.647300276041,SL,-5.248699723958293,16,0.399335638470942,ml_v2,2026-07
318911,long,2026-07-06 00:55:00,2026-07-06 01:00:00,2026-07-06 01:03:00,4179.495,4188.4655,TP,8.730499999999909,3,0.3928953781701021,ml_v2,2026-07
318943,long,2026-07-06 03:35:00,2026-07-06 03:40:00,2026-07-06 04:31:00,4165.725,4160.13213154514,SL,-5.832868454861048,51,0.39121682875332076,ml_v2,2026-07
319056,long,2026-07-06 13:00:00,2026-07-06 13:05:00,2026-07-06 13:15:00,4144.581,4139.419183423264,SL,-5.401816576736066,10,0.388398032508751,ml_v2,2026-07
319062,long,2026-07-06 13:30:00,2026-07-06 13:35:00,2026-07-06 13:36:00,4148.961,4143.724819523612,SL,-5.476180476388856,1,0.39177918272066004,ml_v2,2026-07
319066,long,2026-07-06 13:50:00,2026-07-06 13:55:00,2026-07-06 13:58:00,4145.826,4140.562072451389,SL,-5.503927548611079,3,0.3934329587631865,ml_v2,2026-07
319294,long,2026-07-07 09:50:00,2026-07-07 09:55:00,2026-07-07 10:27:00,4130.332,4138.707944444444,TP,8.135944444444453,32,0.38889658627938395,ml_v2,2026-07
319334,long,2026-07-07 13:10:00,2026-07-07 13:15:00,2026-07-07 13:24:00,4171.538,4166.484937501388,SL,-5.293062498611114,9,0.39334702768868834,ml_v2,2026-07
319338,long,2026-07-07 13:30:00,2026-07-07 13:35:00,2026-07-07 13:36:00,4169.266,4178.1178125,TP,8.611812500000001,1,0.38967888311156584,ml_v2,2026-07
319341,long,2026-07-07 13:45:00,2026-07-07 13:50:00,2026-07-07 13:53:00,4173.166,4168.063304687847,SL,-5.342695312152775,3,0.3959825105673018,ml_v2,2026-07
319344,long,2026-07-07 14:00:00,2026-07-07 14:05:00,2026-07-07 14:35:00,4154.735,4149.58170755243,SL,-5.393292447569445,30,0.4203007591391036,ml_v2,2026-07
319353,long,2026-07-07 14:45:00,2026-07-07 14:50:00,2026-07-07 15:00:00,4156.267,4151.1096994656245,SL,-5.397300534374998,10,0.4073949925458137,ml_v2,2026-07
319358,long,2026-07-07 15:10:00,2026-07-07 15:15:00,2026-07-07 15:18:00,4148.785,4143.698932295486,SL,-5.326067704513899,3,0.39560408131885094,ml_v2,2026-07
319362,long,2026-07-07 15:30:00,2026-07-07 15:35:00,2026-07-07 15:54:00,4143.603,4138.548619991667,SL,-5.2943800083333485,19,0.38808233594023644,ml_v2,2026-07
319410,long,2026-07-07 19:30:00,2026-07-07 19:35:00,2026-07-07 20:21:00,4112.403,4107.240139733333,SL,-5.402860266666689,46,0.39320809953850533,ml_v2,2026-07
319508,long,2026-07-08 04:40:00,2026-07-08 04:45:00,2026-07-08 06:45:00,4124.971,4126.524,TIMEOUT,1.313000000000793,120,0.3908503277619593,ml_v2,2026-07
319555,short,2026-07-08 08:35:00,2026-07-08 08:40:00,2026-07-08 08:47:00,4067.143,4073.201624015278,SL,-6.298624015277788,7,0.3513751635749838,ml_v2,2026-07
319559,long,2026-07-08 08:55:00,2026-07-08 09:00:00,2026-07-08 09:04:00,4056.65,4050.495856529861,SL,-6.394143470138901,4,0.38812798580933616,ml_v2,2026-07
319562,short,2026-07-08 09:10:00,2026-07-08 09:15:00,2026-07-08 09:43:00,4055.747,4044.9850416666663,TP,10.521958333333338,28,0.3526193884879816,ml_v2,2026-07
319570,short,2026-07-08 09:50:00,2026-07-08 09:55:00,2026-07-08 10:20:00,4047.856,4054.078022999653,SL,-6.462022999652784,25,0.35311039665048005,ml_v2,2026-07
319578,short,2026-07-08 10:30:00,2026-07-08 10:35:00,2026-07-08 11:38:00,4054.625,4043.658034722222,TP,10.726965277777774,63,0.3563190338880289,ml_v2,2026-07
319593,short,2026-07-08 11:45:00,2026-07-08 11:50:00,2026-07-08 12:05:00,4062.117,4068.5767501680557,SL,-6.699750168055539,15,0.35612120607201936,ml_v2,2026-07
319599,short,2026-07-08 12:15:00,2026-07-08 12:20:00,2026-07-08 12:46:00,4075.311,4081.8246847302084,SL,-6.753684730208316,26,0.35554208734338166,ml_v2,2026-07
319607,short,2026-07-08 12:55:00,2026-07-08 13:00:00,2026-07-08 13:04:00,4072.309,4078.907374413889,SL,-6.838374413888877,4,0.35523913183514955,ml_v2,2026-07
319610,short,2026-07-08 13:10:00,2026-07-08 13:15:00,2026-07-08 13:32:00,4071.976,4078.5714576378473,SL,-6.83545763784721,17,0.355817922738241,ml_v2,2026-07
319617,short,2026-07-08 13:45:00,2026-07-08 13:50:00,2026-07-08 14:14:00,4069.513,4057.8149166666667,TP,11.45808333333331,24,0.35325167754289954,ml_v2,2026-07
319624,short,2026-07-08 14:20:00,2026-07-08 14:25:00,2026-07-08 14:37:00,4059.924,4048.222041666667,TP,11.461958333333316,12,0.3532958267003763,ml_v2,2026-07
319629,short,2026-07-08 14:45:00,2026-07-08 14:50:00,2026-07-08 14:51:00,4035.632,4042.336890312847,SL,-6.944890312847216,1,0.35278309808647046,ml_v2,2026-07
319760,long,2026-07-09 02:40:00,2026-07-09 02:45:00,2026-07-09 03:06:00,4070.833,4064.1574044364584,SL,-6.91559556354165,21,0.3881744510813191,ml_v2,2026-07
319767,long,2026-07-09 03:15:00,2026-07-09 03:20:00,2026-07-09 05:01:00,4055.784,4067.3566458333335,TP,11.33264583333329,101,0.3892861646127532,ml_v2,2026-07
319803,short,2026-07-09 06:15:00,2026-07-09 06:20:00,2026-07-09 06:22:00,4093.883,4100.575711284722,SL,-6.932711284722192,2,0.351194071990613,ml_v2,2026-07
319806,short,2026-07-09 06:30:00,2026-07-09 06:35:00,2026-07-09 07:42:00,4104.176,4110.88449362257,SL,-6.948493622569415,67,0.351194071990613,ml_v2,2026-07
320010,long,2026-07-10 00:30:00,2026-07-10 00:35:00,2026-07-10 00:45:00,4115.872,4124.475430555556,TP,8.363430555555585,10,0.3926189095792458,ml_v2,2026-07
320015,long,2026-07-10 00:55:00,2026-07-10 01:00:00,2026-07-10 01:03:00,4126.391,4121.439588138542,SL,-5.191411861458349,3,0.3990243022744385,ml_v2,2026-07
320051,long,2026-07-10 03:55:00,2026-07-10 04:00:00,2026-07-10 04:22:00,4120.206,4115.362258842709,SL,-5.083741157291682,22,0.4004610912824673,ml_v2,2026-07
320061,long,2026-07-10 04:45:00,2026-07-10 04:50:00,2026-07-10 05:30:00,4117.186,4112.389074090277,SL,-5.036925909722236,40,0.39298232236797304,ml_v2,2026-07
320073,long,2026-07-10 05:45:00,2026-07-10 05:50:00,2026-07-10 07:43:00,4111.862,4107.071875932639,SL,-5.030124067361134,113,0.38979622584069784,ml_v2,2026-07
320150,long,2026-07-10 12:10:00,2026-07-10 12:15:00,2026-07-10 12:16:00,4115.106,4110.595064973264,SL,-4.750935026736157,1,0.401848291025374,ml_v2,2026-07
320171,long,2026-07-10 13:55:00,2026-07-10 14:00:00,2026-07-10 14:28:00,4100.012,4108.041520833333,TP,7.789520833333416,28,0.3879177433296531,ml_v2,2026-07
320180,long,2026-07-10 14:40:00,2026-07-10 14:45:00,2026-07-10 14:49:00,4099.235,4107.4458888888885,TP,7.970888888888982,4,0.3910311234250434,ml_v2,2026-07
320184,long,2026-07-10 15:00:00,2026-07-10 15:05:00,2026-07-10 15:23:00,4097.348,4105.572847222223,TP,7.98484722222233,18,0.39581718159035373,ml_v2,2026-07
320190,long,2026-07-10 15:30:00,2026-07-10 15:35:00,2026-07-10 15:53:00,4103.374,4111.534041666667,TP,7.920041666666753,18,0.4183646289336378,ml_v2,2026-07
320293,long,2026-07-13 01:05:00,2026-07-13 01:10:00,2026-07-13 01:21:00,4077.561,4072.324212357986,SL,-5.476787642013912,11,0.39484149547966685,ml_v2,2026-07
320303,long,2026-07-13 01:55:00,2026-07-13 02:00:00,2026-07-13 02:27:00,4072.323,4066.960175885764,SL,-5.602824114236139,27,0.39180386616851937,ml_v2,2026-07
320339,short,2026-07-13 04:55:00,2026-07-13 05:00:00,2026-07-13 05:07:00,4058.631,4063.9104559086804,SL,-5.519455908680594,7,0.3513458905488718,ml_v2,2026-07
320449,short,2026-07-13 14:05:00,2026-07-13 14:10:00,2026-07-13 14:16:00,4037.477,4027.2326527777777,TP,10.004347222222266,6,0.35221470989780634,ml_v2,2026-07
320453,short,2026-07-13 14:25:00,2026-07-13 14:30:00,2026-07-13 14:31:00,4017.0,4006.4799930555555,TP,10.280006944444487,1,0.35366302826004237,ml_v2,2026-07
320456,short,2026-07-13 14:40:00,2026-07-13 14:45:00,2026-07-13 14:56:00,4005.503,4011.5143682750004,SL,-6.251368275000025,11,0.3536666868001688,ml_v2,2026-07
320670,long,2026-07-14 09:30:00,2026-07-14 09:35:00,2026-07-14 09:49:00,4014.2,4023.5587916666664,TP,9.118791666666677,14,0.39074248459682087,ml_v2,2026-07
320744,long,2026-07-14 15:40:00,2026-07-14 15:45:00,2026-07-14 15:51:00,4074.051,4068.2098603305553,SL,-6.081139669444442,6,0.38886535105376036,ml_v2,2026-07
320779,long,2026-07-14 18:35:00,2026-07-14 18:40:00,2026-07-14 18:41:00,4053.107,4047.43228720625,SL,-5.914712793749994,1,0.394313293303187,ml_v2,2026-07
320790,long,2026-07-14 19:30:00,2026-07-14 19:35:00,2026-07-14 22:37:00,4050.426,4050.916,TIMEOUT,0.2500000000002365,120,0.3944569527729249,ml_v2,2026-07
320905,short,2026-07-15 06:05:00,2026-07-15 06:10:00,2026-07-15 07:27:00,4029.782,4020.442340277778,TP,9.099659722222215,77,0.3519060157745297,ml_v2,2026-07
320923,short,2026-07-15 07:35:00,2026-07-15 07:40:00,2026-07-15 07:49:00,4020.625,4025.9997610697915,SL,-5.61476106979167,9,0.35114663769893,ml_v2,2026-07
321008,long,2026-07-15 14:40:00,2026-07-15 14:45:00,2026-07-15 15:11:00,4057.426,4052.4623178371526,SL,-5.2036821628472065,26,0.3955842876812353,ml_v2,2026-07
321016,long,2026-07-15 15:20:00,2026-07-15 15:25:00,2026-07-15 16:10:00,4044.94,4040.0548326861112,SL,-5.125167313888873,45,0.3953449005403673,ml_v2,2026-07
321033,long,2026-07-15 16:45:00,2026-07-15 16:50:00,2026-07-15 16:56:00,4035.432,4030.743590064236,SL,-4.92840993576387,6,0.3910488012148309,ml_v2,2026-07
321255,long,2026-07-16 12:15:00,2026-07-16 12:20:00,2026-07-16 12:21:00,4028.617,4023.7951723628476,SL,-5.061827637152776,1,0.38755237281664723,ml_v2,2026-07
321258,long,2026-07-16 12:30:00,2026-07-16 12:35:00,2026-07-16 12:37:00,4022.778,4017.8779472072915,SL,-5.140052792708335,2,0.397946377751313,ml_v2,2026-07
321261,long,2026-07-16 12:45:00,2026-07-16 12:50:00,2026-07-16 12:54:00,3999.584,3994.597201890972,SL,-5.2267981090277775,4,0.3984244194278323,ml_v2,2026-07
321287,long,2026-07-16 14:55:00,2026-07-16 15:00:00,2026-07-16 15:03:00,3997.783,3992.558407259722,SL,-5.464592740277782,3,0.39006893887226063,ml_v2,2026-07
321290,long,2026-07-16 15:10:00,2026-07-16 15:15:00,2026-07-16 15:21:00,3992.675,4001.8599097222223,TP,8.944909722222231,6,0.39188229952949044,ml_v2,2026-07
321428,long,2026-07-17 03:40:00,2026-07-17 03:45:00,2026-07-17 03:55:00,3997.504,3992.230353832986,SL,-5.513646167013888,10,0.400549285462499,ml_v2,2026-07
321433,long,2026-07-17 04:05:00,2026-07-17 04:10:00,2026-07-17 04:38:00,3987.72,3982.4469490934025,SL,-5.513050906597223,28,0.40359367467827517,ml_v2,2026-07
321441,long,2026-07-17 04:45:00,2026-07-17 04:50:00,2026-07-17 05:16:00,3981.962,3976.663833072222,SL,-5.538166927777775,26,0.4026333198430825,ml_v2,2026-07
321454,long,2026-07-17 05:50:00,2026-07-17 05:55:00,2026-07-17 06:11:00,3990.036,3999.476388888889,TP,9.200388888888877,16,0.388726575302193,ml_v2,2026-07
321466,long,2026-07-17 06:50:00,2026-07-17 06:55:00,2026-07-17 08:12:00,3997.403,3991.9348862232637,SL,-5.708113776736101,77,0.38779427358248,ml_v2,2026-07
321527,short,2026-07-17 11:55:00,2026-07-17 12:00:00,2026-07-17 12:23:00,3994.086,3984.1893888888885,TP,9.65661111111108,23,0.3535467184157529,ml_v2,2026-07
321534,long,2026-07-17 12:30:00,2026-07-17 12:35:00,2026-07-17 12:40:00,3981.794,3976.1038620246527,SL,-5.930137975347202,5,0.4147077761594577,ml_v2,2026-07
321538,long,2026-07-17 12:50:00,2026-07-17 12:55:00,2026-07-17 13:00:00,3968.944,3963.258036784375,SL,-5.9259632156249795,5,0.3999724163691165,ml_v2,2026-07
321542,long,2026-07-17 13:10:00,2026-07-17 13:15:00,2026-07-17 13:30:00,3969.913,3964.197551551736,SL,-5.955448448263867,15,0.39479406026757036,ml_v2,2026-07
321548,short,2026-07-17 13:40:00,2026-07-17 13:45:00,2026-07-17 13:50:00,3985.1,3990.8452392479167,SL,-5.985239247916644,5,0.3527469965044298,ml_v2,2026-07
321552,short,2026-07-17 14:00:00,2026-07-17 14:05:00,2026-07-17 14:06:00,3994.282,3999.9839201631944,SL,-5.941920163194425,1,0.35355397422520346,ml_v2,2026-07
321555,short,2026-07-17 14:15:00,2026-07-17 14:20:00,2026-07-17 14:24:00,3997.364,4003.0325062118054,SL,-5.908506211805535,4,0.35273456893599414,ml_v2,2026-07
