row,dir,signal_time,entry_time,exit_time,entry_px,exit_px,outcome,pnl,dur_m1,prob,variant,fold
182960,long,2024-08-01 09:00:00,2024-08-01 09:05:00,2024-08-01 09:52:00,2432.513,2430.2161162510415,SL,-2.4768837489583433,47,0.404860047010981,ml_v3freq,2024-08
183403,long,2024-08-05 00:00:00,2024-08-05 00:05:00,2024-08-05 00:07:00,2437.136,2433.816462823611,SL,-3.4985371763889024,2,0.39924701762837184,ml_v3freq,2024-08
183619,long,2024-08-05 18:00:00,2024-08-05 18:05:00,2024-08-06 00:30:00,2405.103,2413.3890708333333,TP,8.106070833333385,322,0.4038610780682923,ml_v3freq,2024-08
183710,long,2024-08-06 02:35:00,2024-08-06 02:40:00,2024-08-06 05:45:00,2409.409,2405.5296759593753,SL,-4.059324040625007,185,0.3990064195411143,ml_v3freq,2024-08
184537,long,2024-08-09 02:30:00,2024-08-09 02:35:00,2024-08-09 02:58:00,2424.859,2422.662342231597,SL,-2.376657768402779,23,0.40519556871632956,ml_v3freq,2024-08
184550,long,2024-08-09 03:35:00,2024-08-09 03:40:00,2024-08-09 05:46:00,2420.366,2418.174076536111,SL,-2.371923463888891,126,0.4025886467027544,ml_v3freq,2024-08
184765,short,2024-08-11 22:35:00,2024-08-11 22:40:00,2024-08-12 01:46:00,2429.952,2426.3113361111114,TP,3.460663888888868,186,0.3699031178899152,ml_v3freq,2024-08
184808,short,2024-08-12 02:10:00,2024-08-12 02:15:00,2024-08-12 03:27:00,2426.014,2427.9139244190974,SL,-2.079924419097213,72,0.37493588422116375,ml_v3freq,2024-08
184825,short,2024-08-12 03:35:00,2024-08-12 03:40:00,2024-08-12 03:52:00,2426.491,2428.322528997222,SL,-2.0115289972222143,12,0.3822104433063137,ml_v3freq,2024-08
184830,short,2024-08-12 04:00:00,2024-08-12 04:05:00,2024-08-12 04:27:00,2428.833,2430.651893602778,SL,-1.9988936027777726,22,0.38069495222499655,ml_v3freq,2024-08
184837,short,2024-08-12 04:35:00,2024-08-12 04:40:00,2024-08-12 05:01:00,2431.883,2433.6947584145832,SL,-1.9917584145833325,21,0.38363571938181706,ml_v3freq,2024-08
184844,short,2024-08-12 05:10:00,2024-08-12 05:15:00,2024-08-12 05:48:00,2432.588,2429.1254902777778,TP,3.282509722222225,33,0.3699688630793288,ml_v3freq,2024-08
184898,short,2024-08-12 09:40:00,2024-08-12 09:45:00,2024-08-12 10:37:00,2442.196,2443.981515367014,SL,-1.9655153670138887,52,0.3693638698658186,ml_v3freq,2024-08
184911,short,2024-08-12 10:45:00,2024-08-12 10:50:00,2024-08-12 11:37:00,2444.125,2440.6936875,TP,3.2513125000000036,47,0.37097804757865827,ml_v3freq,2024-08
184942,short,2024-08-12 13:20:00,2024-08-12 13:25:00,2024-08-12 13:31:00,2445.859,2447.6291338378473,SL,-1.950133837847225,6,0.3693696985741205,ml_v3freq,2024-08
184946,short,2024-08-12 13:40:00,2024-08-12 13:45:00,2024-08-12 13:46:00,2452.019,2453.7913521749997,SL,-1.9513521750000038,1,0.373871632397498,ml_v3freq,2024-08
184950,short,2024-08-12 14:00:00,2024-08-12 14:05:00,2024-08-12 14:13:00,2452.088,2448.605086805556,TP,3.3029131944444563,8,0.3720299240480409,ml_v3freq,2024-08
184954,short,2024-08-12 14:20:00,2024-08-12 14:25:00,2024-08-12 14:26:00,2445.924,2447.746298492361,SL,-1.9932984923611194,1,0.37174370779713545,ml_v3freq,2024-08
184957,short,2024-08-12 14:35:00,2024-08-12 14:40:00,2024-08-12 14:41:00,2450.146,2451.971822434028,SL,-1.9948224340277858,1,0.36885803391089417,ml_v3freq,2024-08
184961,short,2024-08-12 14:55:00,2024-08-12 15:00:00,2024-08-12 15:07:00,2453.259,2455.052817265625,SL,-1.9628172656250078,7,0.3718051099351777,ml_v3freq,2024-08
184965,short,2024-08-12 15:15:00,2024-08-12 15:20:00,2024-08-12 15:24:00,2458.07,2459.856174121875,SL,-1.955174121875008,4,0.3726266091010597,ml_v3freq,2024-08
184968,short,2024-08-12 15:30:00,2024-08-12 15:35:00,2024-08-12 15:37:00,2459.978,2456.523457638889,TP,3.2855423611111267,2,0.3722070166869246,ml_v3freq,2024-08
184971,short,2024-08-12 15:45:00,2024-08-12 15:50:00,2024-08-12 15:58:00,2458.424,2460.2187538086805,SL,-1.9637538086805628,8,0.3730070406465903,ml_v3freq,2024-08
184976,short,2024-08-12 16:10:00,2024-08-12 16:15:00,2024-08-12 17:35:00,2464.516,2466.3125237163194,SL,-1.9655237163194512,80,0.36941485490860526,ml_v3freq,2024-08
185057,short,2024-08-12 23:55:00,2024-08-13 00:00:00,2024-08-13 00:31:00,2475.58,2472.2867756944443,TP,3.124224305555551,31,0.3692275350438683,ml_v3freq,2024-08
185211,short,2024-08-13 12:45:00,2024-08-13 12:50:00,2024-08-13 12:53:00,2468.738,2465.079453472222,TP,3.489546527777784,3,0.3710617086517817,ml_v3freq,2024-08
185214,short,2024-08-13 13:00:00,2024-08-13 13:05:00,2024-08-13 13:13:00,2467.347,2469.27471514375,SL,-2.096715143750004,8,0.3754888669634141,ml_v3freq,2024-08
185218,short,2024-08-13 13:20:00,2024-08-13 13:25:00,2024-08-13 13:29:00,2464.851,2466.826129620139,SL,-2.1441296201388957,4,0.37738977645692207,ml_v3freq,2024-08
185350,short,2024-08-14 01:20:00,2024-08-14 01:25:00,2024-08-14 01:47:00,2471.115,2467.451992361111,TP,3.4940076388888976,22,0.3689483617592064,ml_v3freq,2024-08
185357,short,2024-08-14 01:55:00,2024-08-14 02:00:00,2024-08-14 02:13:00,2465.397,2461.7250930555556,TP,3.5029069444444527,13,0.36925952725877986,ml_v3freq,2024-08
185581,long,2024-08-14 20:35:00,2024-08-14 20:40:00,2024-08-15 00:36:00,2447.824,2451.899851388889,TP,3.9068513888889016,173,0.4096515469395756,ml_v3freq,2024-08
186182,short,2024-08-19 01:45:00,2024-08-19 01:50:00,2024-08-19 02:00:00,2500.587,2496.221214583333,TP,4.185785416666668,10,0.3708887324422031,ml_v3freq,2024-08
186187,short,2024-08-19 02:10:00,2024-08-19 02:15:00,2024-08-19 02:37:00,2499.14,2501.4331336083333,SL,-2.4731336083333355,22,0.37606462787252165,ml_v3freq,2024-08
186273,short,2024-08-19 09:20:00,2024-08-19 09:25:00,2024-08-19 10:08:00,2502.268,2497.706911111111,TP,4.381088888888908,43,0.37020629689058426,ml_v3freq,2024-08
186441,short,2024-08-20 00:20:00,2024-08-20 00:25:00,2024-08-20 00:38:00,2504.308,2506.2403859538194,SL,-2.1123859538194454,13,0.36880787168535534,ml_v3freq,2024-08
186450,short,2024-08-20 01:05:00,2024-08-20 01:10:00,2024-08-20 01:57:00,2505.022,2501.2538659722222,TP,3.5881340277777807,47,0.3765409637004328,ml_v3freq,2024-08
186465,short,2024-08-20 02:20:00,2024-08-20 02:25:00,2024-08-20 05:11:00,2500.898,2502.8375965416667,SL,-2.119596541666664,166,0.3709750349773034,ml_v3freq,2024-08
186602,short,2024-08-20 13:45:00,2024-08-20 13:50:00,2024-08-20 13:51:00,2526.859,2528.903786994097,SL,-2.2247869940972183,1,0.37137365851172843,ml_v3freq,2024-08
186605,short,2024-08-20 14:00:00,2024-08-20 14:05:00,2024-08-20 14:18:00,2529.694,2525.7648458333333,TP,3.749154166666664,13,0.3724019678858288,ml_v3freq,2024-08
186614,short,2024-08-20 14:45:00,2024-08-20 14:50:00,2024-08-20 14:51:00,2525.829,2527.8638064611114,SL,-2.214806461111102,1,0.3689386257024415,ml_v3freq,2024-08
187220,long,2024-08-22 19:15:00,2024-08-22 19:20:00,2024-08-22 19:25:00,2481.06,2478.9705684746527,SL,-2.2694315253472324,5,0.4075204183215839,ml_v3freq,2024-08
187224,long,2024-08-22 19:35:00,2024-08-22 19:40:00,2024-08-22 20:14:00,2480.579,2484.608666666667,TP,3.8496666666666877,34,0.4142540689257586,ml_v3freq,2024-08
187236,long,2024-08-22 20:35:00,2024-08-22 20:40:00,2024-08-23 00:15:00,2483.785,2487.769100694444,TP,3.8041006944444535,152,0.4098702013237504,ml_v3freq,2024-08
187562,short,2024-08-26 01:50:00,2024-08-26 01:55:00,2024-08-26 02:17:00,2513.129,2515.2009070586805,SL,-2.2319070586805547,22,0.3730962926671976,ml_v3freq,2024-08
187581,short,2024-08-26 03:25:00,2024-08-26 03:30:00,2024-08-26 06:29:00,2511.58,2513.6087030576386,SL,-2.188703057638887,179,0.3695038487345572,ml_v3freq,2024-08
187692,short,2024-08-26 12:40:00,2024-08-26 12:45:00,2024-08-26 13:04:00,2525.562,2521.6087756944444,TP,3.7932243055555275,19,0.36899633679642174,ml_v3freq,2024-08
187698,short,2024-08-26 13:10:00,2024-08-26 13:15:00,2024-08-26 13:47:00,2525.214,2521.2127881944443,TP,3.8412118055555284,32,0.3738977352458366,ml_v3freq,2024-08
187711,short,2024-08-26 14:15:00,2024-08-26 14:20:00,2024-08-26 14:32:00,2516.038,2518.186155949653,SL,-2.3081559496527584,12,0.3688938846797364,ml_v3freq,2024-08
187974,short,2024-08-27 13:10:00,2024-08-27 13:15:00,2024-08-27 13:16:00,2507.155,2508.9286895267364,SL,-1.9336895267361074,1,0.3711013304326129,ml_v3freq,2024-08
188334,long,2024-08-28 20:10:00,2024-08-28 20:15:00,2024-08-28 20:31:00,2507.889,2506.083825165625,SL,-1.9651748343750024,16,0.41736747090237936,ml_v3freq,2024-08
188340,long,2024-08-28 20:40:00,2024-08-28 20:45:00,2024-08-28 22:32:00,2504.36,2507.86728125,TP,3.347281249999998,44,0.3989188044530675,ml_v3freq,2024-08
188360,long,2024-08-28 23:20:00,2024-08-28 23:25:00,2024-08-29 00:15:00,2507.174,2510.7176270833334,TP,3.3836270833333266,50,0.4139925171274015,ml_v3freq,2024-08
188891,long,2024-08-30 20:35:00,2024-08-30 20:40:00,2024-09-02 01:00:00,2502.4,2500.4977818440975,SL,-2.0622181559027863,193,0.40997567150995995,ml_v3freq,2024-08
188919,long,2024-09-02 00:00:00,2024-09-02 00:05:00,2024-09-02 01:00:00,2502.98,2501.0631701850693,SL,-2.076829814930567,55,0.45082648074821086,ml_v3freq,2024-09
189048,short,2024-09-02 10:45:00,2024-09-02 10:50:00,2024-09-02 12:08:00,2499.018,2501.081486107986,SL,-2.223486107986116,78,0.35840167444672905,ml_v3freq,2024-09
189076,short,2024-09-02 13:05:00,2024-09-02 13:10:00,2024-09-02 13:36:00,2499.84,2501.864198920486,SL,-2.184198920486112,26,0.3579447843321317,ml_v3freq,2024-09
189085,short,2024-09-02 13:50:00,2024-09-02 13:55:00,2024-09-02 14:57:00,2500.393,2502.363391347222,SL,-2.1303913472222167,62,0.3575143678719511,ml_v3freq,2024-09
189105,short,2024-09-02 15:30:00,2024-09-02 15:35:00,2024-09-02 22:39:00,2501.188,2497.7071645833335,TP,3.3208354166666476,149,0.3580356131871545,ml_v3freq,2024-09
189467,short,2024-09-04 03:15:00,2024-09-04 03:20:00,2024-09-04 06:13:00,2495.341,2491.4634312499998,TP,3.717568749999989,173,0.35790080948865416,ml_v3freq,2024-09
189504,long,2024-09-04 06:20:00,2024-09-04 06:25:00,2024-09-04 06:30:00,2490.835,2488.840119639236,SL,-2.1548803607638956,5,0.4372402608329307,ml_v3freq,2024-09
190035,long,2024-09-06 04:35:00,2024-09-06 04:40:00,2024-09-06 06:38:00,2518.875,2517.1935520274305,SL,-1.8414479725694366,118,0.4210898357149633,ml_v3freq,2024-09
190102,short,2024-09-06 10:10:00,2024-09-06 10:15:00,2024-09-06 11:44:00,2519.049,2515.9619187499998,TP,2.927081250000017,89,0.3578292979244795,ml_v3freq,2024-09
190255,long,2024-09-09 00:00:00,2024-09-09 00:05:00,2024-09-09 01:00:00,2497.87,2495.5684573461804,SL,-2.4615426538194685,55,0.47837706956041903,ml_v3freq,2024-09
190273,short,2024-09-09 01:30:00,2024-09-09 01:35:00,2024-09-09 02:04:00,2496.392,2498.7526956656247,SL,-2.5206956656250328,29,0.3610291759420523,ml_v3freq,2024-09
190283,short,2024-09-09 02:20:00,2024-09-09 02:25:00,2024-09-09 03:49:00,2498.068,2500.432608510764,SL,-2.5246085107639193,84,0.3579115658259704,ml_v3freq,2024-09
190428,short,2024-09-09 14:25:00,2024-09-09 14:30:00,2024-09-09 14:44:00,2499.74,2495.1843118055554,TP,4.3956881944445065,14,0.3574357058883812,ml_v3freq,2024-09
190447,short,2024-09-09 16:00:00,2024-09-09 16:05:00,2024-09-09 16:18:00,2500.734,2502.8916801163195,SL,-2.3176801163194636,13,0.3589703010202263,ml_v3freq,2024-09
190452,short,2024-09-09 16:25:00,2024-09-09 16:30:00,2024-09-09 16:58:00,2501.844,2503.88629086875,SL,-2.202290868750022,28,0.358928203817945,ml_v3freq,2024-09
190569,short,2024-09-10 03:10:00,2024-09-10 03:15:00,2024-09-10 04:09:00,2504.299,2501.2199854166665,TP,2.919014583333333,54,0.36258061955481513,ml_v3freq,2024-09
190724,short,2024-09-10 16:05:00,2024-09-10 16:10:00,2024-09-10 16:11:00,2511.186,2512.7131009149307,SL,-1.687100914930527,1,0.3598941688077745,ml_v3freq,2024-09
190727,short,2024-09-10 16:20:00,2024-09-10 16:25:00,2024-09-10 16:28:00,2512.342,2513.8727716875,SL,-1.6907716874999685,3,0.35973212626757045,ml_v3freq,2024-09
190731,short,2024-09-10 16:40:00,2024-09-10 16:45:00,2024-09-10 16:54:00,2513.886,2515.4094857,SL,-1.683485699999971,9,0.3592267323920013,ml_v3freq,2024-09
190843,short,2024-09-11 03:00:00,2024-09-11 03:05:00,2024-09-11 03:28:00,2517.641,2519.1408856086805,SL,-1.6598856086805192,23,0.35865242300441746,ml_v3freq,2024-09
191065,long,2024-09-11 22:30:00,2024-09-11 22:35:00,2024-09-12 00:00:00,2513.617,2511.8209405868056,SL,-1.956059413194443,85,0.4270411929230393,ml_v3freq,2024-09
191085,long,2024-09-12 00:10:00,2024-09-12 00:15:00,2024-09-12 03:49:00,2511.903,2515.3803444444443,TP,3.3173444444444438,214,0.4287381599450608,ml_v3freq,2024-09
191639,short,2024-09-16 00:25:00,2024-09-16 00:30:00,2024-09-16 02:19:00,2582.202,2584.1769272315973,SL,-2.1349272315972025,109,0.35986799772505884,ml_v3freq,2024-09
191663,short,2024-09-16 02:25:00,2024-09-16 02:30:00,2024-09-16 03:05:00,2584.552,2586.4512458222225,SL,-2.059245822222196,35,0.35849529761136756,ml_v3freq,2024-09
191795,short,2024-09-16 13:25:00,2024-09-16 13:30:00,2024-09-16 13:32:00,2583.394,2585.213278537847,SL,-1.9792785378471944,2,0.35844592523188373,ml_v3freq,2024-09
191802,short,2024-09-16 14:00:00,2024-09-16 14:05:00,2024-09-16 14:16:00,2584.022,2580.4526680555555,TP,3.4093319444444012,11,0.3581983288275773,ml_v3freq,2024-09
191933,short,2024-09-17 01:55:00,2024-09-17 02:00:00,2024-09-17 02:11:00,2582.565,2584.099648817014,SL,-1.694648817013882,11,0.3605012239273434,ml_v3freq,2024-09
192159,long,2024-09-17 20:45:00,2024-09-17 20:50:00,2024-09-17 23:27:00,2569.68,2573.2594076388887,TP,3.4194076388888943,94,0.4402367159547849,ml_v3freq,2024-09
192355,short,2024-09-18 14:05:00,2024-09-18 14:10:00,2024-09-18 14:14:00,2574.649,2571.2000263888885,TP,3.288973611111142,4,0.35997331719107617,ml_v3freq,2024-09
192464,long,2024-09-19 00:10:00,2024-09-19 00:15:00,2024-09-19 01:01:00,2558.27,2555.826678220139,SL,-2.603321779861131,46,0.4201487271357179,ml_v3freq,2024-09
193019,short,2024-09-23 00:30:00,2024-09-23 00:35:00,2024-09-23 01:41:00,2619.479,2621.481285400347,SL,-2.162285400347236,66,0.3586466125017354,ml_v3freq,2024-09
193035,short,2024-09-23 01:50:00,2024-09-23 01:55:00,2024-09-23 02:32:00,2620.053,2622.1046007416667,SL,-2.2116007416666847,37,0.36318654303254155,ml_v3freq,2024-09
193045,short,2024-09-23 02:40:00,2024-09-23 02:45:00,2024-09-23 02:54:00,2622.98,2625.027064857292,SL,-2.207064857291683,9,0.358189230219771,ml_v3freq,2024-09
193198,short,2024-09-23 15:25:00,2024-09-23 15:30:00,2024-09-23 16:15:00,2631.3,2627.446295138889,TP,3.693704861111105,45,0.3587738531368929,ml_v3freq,2024-09
193302,short,2024-09-24 01:05:00,2024-09-24 01:10:00,2024-09-24 01:12:00,2626.822,2628.5284687520834,SL,-1.8664687520833303,2,0.35937113972553886,ml_v3freq,2024-09
193306,short,2024-09-24 01:25:00,2024-09-24 01:30:00,2024-09-24 01:32:00,2627.967,2629.6927472527777,SL,-1.8857472527777752,2,0.35816759013658167,ml_v3freq,2024-09
193313,short,2024-09-24 02:00:00,2024-09-24 02:05:00,2024-09-24 02:07:00,2627.203,2628.947902732986,SL,-1.9049027329861024,2,0.3627636587820527,ml_v3freq,2024-09
193316,short,2024-09-24 02:15:00,2024-09-24 02:20:00,2024-09-24 02:45:00,2627.374,2629.1124699520833,SL,-1.8984699520833224,25,0.3623948286802324,ml_v3freq,2024-09
193324,short,2024-09-24 02:55:00,2024-09-24 03:00:00,2024-09-24 03:15:00,2628.898,2630.626406082639,SL,-1.8884060826388778,15,0.3574032054978539,ml_v3freq,2024-09
193447,short,2024-09-24 13:10:00,2024-09-24 13:15:00,2024-09-24 13:20:00,2632.693,2634.570879941667,SL,-2.0378799416666777,5,0.35853879345211037,ml_v3freq,2024-09
193630,long,2024-09-25 05:25:00,2024-09-25 05:30:00,2024-09-25 05:51:00,2657.143,2654.942540501736,SL,-2.3604594982638996,21,0.42464701058230936,ml_v3freq,2024-09
193646,long,2024-09-25 06:45:00,2024-09-25 06:50:00,2024-09-25 07:04:00,2655.633,2653.390622263194,SL,-2.402377736805572,14,0.4258093294388723,ml_v3freq,2024-09
193651,long,2024-09-25 07:10:00,2024-09-25 07:15:00,2024-09-25 08:02:00,2654.039,2658.303165277778,TP,4.104165277777808,47,0.42443803578140193,ml_v3freq,2024-09
193743,short,2024-09-25 14:50:00,2024-09-25 14:55:00,2024-09-25 15:12:00,2658.375,2660.582598654861,SL,-2.3665986548611193,17,0.35931713347091265,ml_v3freq,2024-09
193871,short,2024-09-26 02:30:00,2024-09-26 02:35:00,2024-09-26 03:55:00,2660.003,2661.970506318403,SL,-2.1275063184027836,80,0.3580371033925581,ml_v3freq,2024-09
193890,short,2024-09-26 04:05:00,2024-09-26 04:10:00,2024-09-26 05:29:00,2661.142,2663.0282056506944,SL,-2.04620565069445,79,0.3596430868096649,ml_v3freq,2024-09
194606,long,2024-09-30 17:50:00,2024-09-30 17:55:00,2024-09-30 18:05:00,2638.665,2636.470905819792,SL,-2.3540941802083233,10,0.4272332662675843,ml_v3freq,2024-09
194646,long,2024-09-30 22:10:00,2024-09-30 22:15:00,2024-10-01 01:32:00,2633.679,2637.9407972222225,TP,4.101797222222201,197,0.4410135999093846,ml_v3freq,2024-09
194684,long,2024-10-01 01:20:00,2024-10-01 01:25:00,2024-10-01 02:35:00,2637.391,2635.288710849653,SL,-2.2622891503472085,70,0.40743417929251513,ml_v3freq,2024-10
194816,short,2024-10-01 12:20:00,2024-10-01 12:25:00,2024-10-01 12:57:00,2656.02,2652.4697118055556,TP,3.3902881944444436,32,0.36020107328675993,ml_v3freq,2024-10
194852,short,2024-10-01 15:20:00,2024-10-01 15:25:00,2024-10-01 15:42:00,2664.002,2660.1202069444444,TP,3.7217930555555685,17,0.3595810573333966,ml_v3freq,2024-10
194861,short,2024-10-01 16:05:00,2024-10-01 16:10:00,2024-10-01 16:26:00,2664.758,2666.790234936111,SL,-2.1922349361111158,16,0.36116744985525484,ml_v3freq,2024-10
194867,short,2024-10-01 16:35:00,2024-10-01 16:40:00,2024-10-01 16:58:00,2671.303,2667.349309722222,TP,3.7936902777777854,18,0.360814471148895,ml_v3freq,2024-10
194877,short,2024-10-01 17:25:00,2024-10-01 17:30:00,2024-10-01 17:34:00,2668.36,2664.259123611111,TP,3.9408763888888965,4,0.3597025166982877,ml_v3freq,2024-10
194947,long,2024-10-02 00:15:00,2024-10-02 00:20:00,2024-10-02 01:15:00,2658.994,2656.8941315753473,SL,-2.259868424652783,55,0.3992424699352192,ml_v3freq,2024-10
195000,long,2024-10-02 04:40:00,2024-10-02 04:45:00,2024-10-02 05:28:00,2654.753,2652.629813240625,SL,-2.2831867593750026,43,0.3978276580490403,ml_v3freq,2024-10
195771,long,2024-10-07 00:00:00,2024-10-07 00:05:00,2024-10-07 01:46:00,2649.238,2647.1070391395833,SL,-2.2909608604166682,101,0.4068649839151883,ml_v3freq,2024-10
196297,long,2024-10-08 20:50:00,2024-10-08 20:55:00,2024-10-09 01:30:00,2621.725,2619.194742420486,SL,-2.6902575795138985,212,0.40218028723517085,ml_v3freq,2024-10
196373,long,2024-10-09 04:10:00,2024-10-09 04:15:00,2024-10-09 05:25:00,2616.827,2621.46824375,TP,4.481243750000028,70,0.3990701663973665,ml_v3freq,2024-10
196391,long,2024-10-09 05:40:00,2024-10-09 05:45:00,2024-10-09 06:01:00,2621.039,2618.6519263611112,SL,-2.547073638888909,16,0.4083777538146045,ml_v3freq,2024-10
196593,long,2024-10-09 23:30:00,2024-10-09 23:35:00,2024-10-10 00:02:00,2609.106,2607.263577737153,SL,-2.0024222628472264,27,0.3985581649807626,ml_v3freq,2024-10
196617,short,2024-10-10 01:30:00,2024-10-10 01:35:00,2024-10-10 01:41:00,2607.892,2609.7594668527777,SL,-2.0274668527777755,6,0.36388019890097156,ml_v3freq,2024-10
196621,short,2024-10-10 01:50:00,2024-10-10 01:55:00,2024-10-10 02:30:00,2609.182,2611.071606571875,SL,-2.0496065718749983,35,0.3632828113487102,ml_v3freq,2024-10
196631,short,2024-10-10 02:40:00,2024-10-10 02:45:00,2024-10-10 03:02:00,2614.041,2615.904022241667,SL,-2.023022241666661,17,0.3611200270107128,ml_v3freq,2024-10
197267,short,2024-10-14 09:45:00,2024-10-14 09:50:00,2024-10-14 10:11:00,2658.499,2660.386229498611,SL,-2.0472294986111126,21,0.36094000696920164,ml_v3freq,2024-10
197279,short,2024-10-14 10:45:00,2024-10-14 10:50:00,2024-10-14 11:18:00,2657.968,2654.339214583333,TP,3.4687854166666576,28,0.35992872476362,ml_v3freq,2024-10
197442,short,2024-10-15 01:20:00,2024-10-15 01:25:00,2024-10-15 01:37:00,2649.299,2651.0788405510416,SL,-1.9398405510416565,12,0.3596464064767696,ml_v3freq,2024-10
197946,long,2024-10-16 20:20:00,2024-10-16 20:25:00,2024-10-17 00:53:00,2673.876,2677.3818604166668,TP,3.3458604166666848,205,0.3975576616994996,ml_v3freq,2024-10
197997,short,2024-10-17 01:35:00,2024-10-17 01:40:00,2024-10-17 01:43:00,2679.505,2681.3150996222225,SL,-1.9700996222222211,3,0.3603395935943462,ml_v3freq,2024-10
198566,short,2024-10-21 03:05:00,2024-10-21 03:10:00,2024-10-21 03:37:00,2730.791,2732.784503325,SL,-2.153503325000011,27,0.3594317178959119,ml_v3freq,2024-10
198634,short,2024-10-21 08:45:00,2024-10-21 08:50:00,2024-10-21 09:08:00,2730.782,2732.669860474653,SL,-2.0478604746527846,18,0.3594882515602478,ml_v3freq,2024-10
198694,short,2024-10-21 13:45:00,2024-10-21 13:50:00,2024-10-21 13:52:00,2737.611,2739.6006500059025,SL,-2.1496500059027905,2,0.3600560169452893,ml_v3freq,2024-10
198697,short,2024-10-21 14:00:00,2024-10-21 14:05:00,2024-10-21 14:28:00,2737.411,2733.5649569444445,TP,3.68604305555558,23,0.36350810935442324,ml_v3freq,2024-10
199322,long,2024-10-23 20:05:00,2024-10-23 20:10:00,2024-10-23 23:00:00,2715.647,2719.6431701388888,TP,3.836170138888915,107,0.40405907648772665,ml_v3freq,2024-10
200340,short,2024-10-29 13:00:00,2024-10-29 13:05:00,2024-10-29 13:06:00,2751.625,2753.3691090524308,SL,-1.9041090524305673,1,0.36122624983732576,ml_v3freq,2024-10
200414,short,2024-10-29 19:10:00,2024-10-29 19:15:00,2024-10-29 22:27:00,2773.475,2775.3609397677083,SL,-2.045939767708339,129,0.3605099794798263,ml_v3freq,2024-10
200766,short,2024-10-31 02:30:00,2024-10-31 02:35:00,2024-10-31 04:06:00,2787.291,2783.7461354166667,TP,3.384864583333398,91,0.36278045443348217,ml_v3freq,2024-10
200788,short,2024-10-31 04:20:00,2024-10-31 04:25:00,2024-10-31 05:22:00,2784.11,2785.910142899653,SL,-1.9601428996528107,57,0.3594948825006895,ml_v3freq,2024-10
200955,long,2024-10-31 18:15:00,2024-10-31 18:20:00,2024-10-31 18:33:00,2741.337,2745.192507638889,TP,3.69550763888892,13,0.4027180303154296,ml_v3freq,2024-10
200977,long,2024-10-31 20:05:00,2024-10-31 20:10:00,2024-10-31 20:43:00,2747.391,2745.3238947086807,SL,-2.2271052913194573,33,0.4026148580741157,ml_v3freq,2024-10
200986,long,2024-10-31 20:50:00,2024-10-31 20:55:00,2024-10-31 22:06:00,2743.558,2747.533461111111,TP,3.815461111111139,8,0.42167107291851097,ml_v3freq,2024-10
200991,long,2024-10-31 22:15:00,2024-10-31 22:20:00,2024-11-01 02:03:00,2746.656,2750.6345625,TP,3.818562500000027,223,0.42268743682201704,ml_v3freq,2024-10
201013,long,2024-11-01 00:05:00,2024-11-01 00:10:00,2024-11-01 02:03:00,2746.443,2750.4165284722226,TP,3.8135284722222385,113,0.40056472718471303,ml_v3freq,2024-11
202055,long,2024-11-06 19:00:00,2024-11-06 19:05:00,2024-11-06 20:17:00,2667.818,2663.945200013542,SL,-4.032799986458316,72,0.40148135513017746,ml_v3freq,2024-11
202072,long,2024-11-06 20:25:00,2024-11-06 20:30:00,2024-11-07 01:10:00,2662.661,2658.785144343403,SL,-4.035855656597207,217,0.4324866929645357,ml_v3freq,2024-11
202137,long,2024-11-07 02:50:00,2024-11-07 02:55:00,2024-11-07 07:18:00,2656.123,2663.8418527777776,TP,7.558852777777759,263,0.40289187032268337,ml_v3freq,2024-11
202455,long,2024-11-08 06:20:00,2024-11-08 06:25:00,2024-11-08 07:00:00,2688.199,2685.6291456975696,SL,-2.7298543024305273,35,0.3998243536909777,ml_v3freq,2024-11
202471,long,2024-11-08 07:40:00,2024-11-08 07:45:00,2024-11-08 08:05:00,2686.384,2683.810316188889,SL,-2.7336838111110855,20,0.4047079801535012,ml_v3freq,2024-11
202697,long,2024-11-11 03:35:00,2024-11-11 03:40:00,2024-11-11 05:03:00,2668.42,2672.8764895833333,TP,4.296489583333341,83,0.4035231547372743,ml_v3freq,2024-11
202735,long,2024-11-11 06:45:00,2024-11-11 06:50:00,2024-11-11 07:07:00,2672.647,2670.3113449559028,SL,-2.4956550440972265,17,0.40058716993928384,ml_v3freq,2024-11
202785,short,2024-11-11 10:55:00,2024-11-11 11:00:00,2024-11-11 11:08:00,2661.944,2664.2148827739584,SL,-2.4308827739583387,8,0.3639431805368497,ml_v3freq,2024-11
202893,long,2024-11-11 19:55:00,2024-11-11 20:00:00,2024-11-11 20:35:00,2619.291,2623.9351312500003,TP,4.484131250000006,35,0.401214747432571,ml_v3freq,2024-11
202903,long,2024-11-11 20:45:00,2024-11-11 20:50:00,2024-11-11 20:58:00,2625.2,2622.7765718232636,SL,-2.5834281767361134,8,0.41685187921369565,ml_v3freq,2024-11
202907,long,2024-11-11 21:05:00,2024-11-11 21:10:00,2024-11-11 21:44:00,2622.544,2620.1169486715276,SL,-2.587051328472228,34,0.4252901175613222,ml_v3freq,2024-11
202916,long,2024-11-11 21:50:00,2024-11-11 21:55:00,2024-11-12 00:48:00,2619.691,2624.339538888889,TP,4.488538888888892,110,0.40787577122400376,ml_v3freq,2024-11
202975,long,2024-11-12 03:45:00,2024-11-12 03:50:00,2024-11-12 04:01:00,2619.92,2617.563256863542,SL,-2.5167431364583353,11,0.3998632689146786,ml_v3freq,2024-11
202992,long,2024-11-12 05:10:00,2024-11-12 05:15:00,2024-11-12 05:20:00,2616.927,2614.580435816667,SL,-2.5065641833333347,5,0.399960618200758,ml_v3freq,2024-11
203183,long,2024-11-12 21:05:00,2024-11-12 21:10:00,2024-11-13 01:15:00,2599.801,2605.059045833333,TP,5.098045833333309,182,0.40025360205043975,ml_v3freq,2024-11
203464,long,2024-11-13 21:30:00,2024-11-13 21:35:00,2024-11-13 21:57:00,2575.18,2572.833566773958,SL,-2.5064332260416666,22,0.4032363699104573,ml_v3freq,2024-11
203483,long,2024-11-14 00:05:00,2024-11-14 00:10:00,2024-11-14 00:50:00,2572.544,2570.081617981597,SL,-2.6223820184027824,40,0.40127805930636185,ml_v3freq,2024-11
203514,long,2024-11-14 02:40:00,2024-11-14 02:45:00,2024-11-14 03:17:00,2559.49,2564.4766590277777,TP,4.826659027777781,32,0.4036994288905908,ml_v3freq,2024-11
203527,long,2024-11-14 03:45:00,2024-11-14 03:50:00,2024-11-14 05:37:00,2560.603,2558.028498697917,SL,-2.7345013020833355,107,0.40766694742725185,ml_v3freq,2024-11
203634,long,2024-11-14 12:40:00,2024-11-14 12:45:00,2024-11-14 12:50:00,2553.614,2550.7787190777776,SL,-2.9952809222222276,5,0.4155321528343945,ml_v3freq,2024-11
204131,short,2024-11-18 08:10:00,2024-11-18 08:15:00,2024-11-18 08:19:00,2585.96,2588.4988253611114,SL,-2.6988253611110995,4,0.36798489921216737,ml_v3freq,2024-11
204134,short,2024-11-18 08:25:00,2024-11-18 08:30:00,2024-11-18 09:22:00,2587.218,2589.771147326736,SL,-2.713147326736101,52,0.3644859093358551,ml_v3freq,2024-11
204158,short,2024-11-18 10:25:00,2024-11-18 10:30:00,2024-11-18 10:59:00,2591.625,2594.210398536111,SL,-2.745398536111104,29,0.3641777439517718,ml_v3freq,2024-11
204180,short,2024-11-18 12:15:00,2024-11-18 12:20:00,2024-11-18 12:39:00,2591.668,2594.245207752778,SL,-2.7372077527777607,19,0.3632145736059045,ml_v3freq,2024-11
204198,short,2024-11-18 13:45:00,2024-11-18 13:50:00,2024-11-18 14:12:00,2604.028,2606.6279467006943,SL,-2.7599467006944347,22,0.36460751233481226,ml_v3freq,2024-11
204220,short,2024-11-18 15:35:00,2024-11-18 15:40:00,2024-11-18 16:09:00,2612.033,2614.5170256871525,SL,-2.6440256871527708,29,0.36650717196844873,ml_v3freq,2024-11
204231,short,2024-11-18 16:30:00,2024-11-18 16:35:00,2024-11-18 23:38:00,2611.149,2612.498,TIMEOUT,-1.50900000000016,360,0.3700708311805459,ml_v3freq,2024-11
204329,short,2024-11-19 01:40:00,2024-11-19 01:45:00,2024-11-19 02:05:00,2615.289,2617.489193615278,SL,-2.3601936152777827,20,0.36346534589453094,ml_v3freq,2024-11
204336,short,2024-11-19 02:15:00,2024-11-19 02:20:00,2024-11-19 02:33:00,2618.865,2621.0334979822915,SL,-2.32849798229167,13,0.363011846896964,ml_v3freq,2024-11
204491,short,2024-11-19 15:10:00,2024-11-19 15:15:00,2024-11-19 15:32:00,2628.058,2624.0405555555553,TP,3.857444444444452,17,0.36333543514061195,ml_v3freq,2024-11
205311,long,2024-11-22 14:30:00,2024-11-22 14:35:00,2024-11-22 14:42:00,2688.212,2692.9725402777776,TP,4.600540277777756,7,0.40186385701878846,ml_v3freq,2024-11
205413,short,2024-11-25 00:05:00,2024-11-25 00:10:00,2024-11-25 00:34:00,2718.793,2713.9345902777777,TP,4.698409722222204,24,0.3625837532097251,ml_v3freq,2024-11
205654,long,2024-11-25 20:10:00,2024-11-25 20:15:00,2024-11-25 23:34:00,2627.162,2623.563182509722,SL,-3.758817490277787,136,0.41748027384648856,ml_v3freq,2024-11
205965,long,2024-11-27 00:05:00,2024-11-27 00:10:00,2024-11-27 00:43:00,2631.664,2628.8794789177086,SL,-2.944521082291668,33,0.40044317652968886,ml_v3freq,2024-11
206192,long,2024-11-27 19:00:00,2024-11-27 19:05:00,2024-11-27 19:26:00,2638.612,2636.387099109028,SL,-2.3849008909722227,21,0.4017880247332021,ml_v3freq,2024-11
206208,long,2024-11-27 20:20:00,2024-11-27 20:25:00,2024-11-27 21:28:00,2638.118,2635.9363031100693,SL,-2.3416968899305513,63,0.40475675360747587,ml_v3freq,2024-11
206643,short,2024-11-29 14:25:00,2024-11-29 14:30:00,2024-11-29 14:35:00,2656.376,2658.3904287128476,SL,-2.1744287128472233,5,0.3653227910322968,ml_v3freq,2024-11
206797,short,2024-12-02 07:50:00,2024-12-02 07:55:00,2024-12-02 08:22:00,2629.741,2632.298111761111,SL,-2.717111761111118,27,0.37476397819166446,ml_v3freq,2024-12
206805,short,2024-12-02 08:30:00,2024-12-02 08:35:00,2024-12-02 08:47:00,2627.8,2630.381132503125,SL,-2.741132503125014,12,0.37162013795890414,ml_v3freq,2024-12
206819,long,2024-12-02 09:40:00,2024-12-02 09:45:00,2024-12-02 11:12:00,2634.286,2639.33685625,TP,4.890856250000027,87,0.41443631813835974,ml_v3freq,2024-12
206996,short,2024-12-03 01:25:00,2024-12-03 01:30:00,2024-12-03 01:34:00,2638.033,2640.614489659375,SL,-2.741489659374993,4,0.36873063672633255,ml_v3freq,2024-12
207005,short,2024-12-03 02:10:00,2024-12-03 02:15:00,2024-12-03 04:01:00,2638.458,2640.990257654514,SL,-2.6922576545138783,106,0.368581418208535,ml_v3freq,2024-12
207094,short,2024-12-03 09:35:00,2024-12-03 09:40:00,2024-12-03 09:44:00,2645.317,2647.577937956597,SL,-2.4209379565972102,4,0.3686876166795604,ml_v3freq,2024-12
207110,short,2024-12-03 10:55:00,2024-12-03 11:00:00,2024-12-03 11:19:00,2642.795,2645.027889285764,SL,-2.392889285763874,19,0.37128226731978253,ml_v3freq,2024-12
207131,short,2024-12-03 12:40:00,2024-12-03 12:45:00,2024-12-03 13:10:00,2640.377,2642.5224296569445,SL,-2.3054296569444324,25,0.36893673514090375,ml_v3freq,2024-12
207139,short,2024-12-03 13:20:00,2024-12-03 13:25:00,2024-12-03 13:29:00,2644.332,2646.4793027430555,SL,-2.307302743055548,4,0.3701279935713847,ml_v3freq,2024-12
207781,long,2024-12-05 20:50:00,2024-12-05 20:55:00,2024-12-06 00:59:00,2630.337,2628.3517747631945,SL,-2.145225236805544,181,0.41314260698158534,ml_v3freq,2024-12
207899,long,2024-12-06 07:40:00,2024-12-06 07:45:00,2024-12-06 08:02:00,2636.643,2640.907486111111,TP,4.10448611111112,17,0.41249314697858736,ml_v3freq,2024-12
208110,long,2024-12-09 02:20:00,2024-12-09 02:25:00,2024-12-09 02:39:00,2646.762,2644.186062136111,SL,-2.735937863888882,14,0.4155132170050877,ml_v3freq,2024-12
208232,short,2024-12-09 12:30:00,2024-12-09 12:35:00,2024-12-09 13:32:00,2656.874,2659.4565135072917,SL,-2.7425135072916533,57,0.3698271829818599,ml_v3freq,2024-12
208257,short,2024-12-09 14:35:00,2024-12-09 14:40:00,2024-12-09 14:42:00,2669.004,2671.595839253819,SL,-2.751839253819429,2,0.36967495271910356,ml_v3freq,2024-12
208277,short,2024-12-09 16:15:00,2024-12-09 16:20:00,2024-12-09 17:47:00,2669.399,2664.719248611111,TP,4.51975138888885,87,0.37155832538355515,ml_v3freq,2024-12
208452,short,2024-12-10 07:50:00,2024-12-10 07:55:00,2024-12-10 08:23:00,2665.274,2661.2990125,TP,3.8149874999999938,28,0.36878222500048474,ml_v3freq,2024-12
208461,short,2024-12-10 08:35:00,2024-12-10 08:40:00,2024-12-10 10:15:00,2665.024,2667.0948911475693,SL,-2.230891147569444,95,0.370943459617718,ml_v3freq,2024-12
208561,short,2024-12-10 16:55:00,2024-12-10 17:00:00,2024-12-10 17:46:00,2692.291,2694.3875667135417,SL,-2.2565667135416674,46,0.3709546048377864,ml_v3freq,2024-12
208573,short,2024-12-10 17:55:00,2024-12-10 18:00:00,2024-12-10 23:45:00,2694.268,2696.3399864267362,SL,-2.2319864267361136,282,0.36954527201201903,ml_v3freq,2024-12
208809,long,2024-12-11 14:40:00,2024-12-11 14:45:00,2024-12-11 14:55:00,2701.297,2706.0277944444447,TP,4.562794444444435,10,0.41768254401818583,ml_v3freq,2024-12
209147,long,2024-12-12 19:50:00,2024-12-12 19:55:00,2024-12-12 20:24:00,2683.967,2681.7085184847224,SL,-2.4184815152777905,29,0.419947564542,ml_v3freq,2024-12
209157,long,2024-12-12 20:40:00,2024-12-12 20:45:00,2024-12-12 20:52:00,2682.737,2680.495455627778,SL,-2.401544372222233,7,0.4192866706320415,ml_v3freq,2024-12
209161,long,2024-12-12 21:00:00,2024-12-12 21:05:00,2024-12-13 00:57:00,2680.088,2684.4041631944447,TP,4.156163194444466,169,0.45512719231296384,ml_v3freq,2024-12
209457,short,2024-12-15 23:45:00,2024-12-15 23:50:00,2024-12-16 00:39:00,2652.948,2648.8936979166665,TP,3.89430208333334,49,0.3689967004566532,ml_v3freq,2024-12
209469,short,2024-12-16 00:45:00,2024-12-16 00:50:00,2024-12-16 01:00:00,2645.932,2648.0689610854165,SL,-2.296961085416671,10,0.37835110341156014,ml_v3freq,2024-12
209474,short,2024-12-16 01:10:00,2024-12-16 01:15:00,2024-12-16 01:20:00,2650.33,2652.511891341667,SL,-2.3418913416666736,5,0.3761296979054261,ml_v3freq,2024-12
209478,short,2024-12-16 01:30:00,2024-12-16 01:35:00,2024-12-16 07:35:00,2653.756,2652.76,TIMEOUT,0.8359999999996398,360,0.3732271901234437,ml_v3freq,2024-12
209637,short,2024-12-16 14:45:00,2024-12-16 14:50:00,2024-12-16 15:00:00,2658.163,2654.3854930555553,TP,3.6175069444444636,10,0.3702752319451411,ml_v3freq,2024-12
209751,short,2024-12-17 01:15:00,2024-12-17 01:20:00,2024-12-17 01:54:00,2656.281,2658.0053027541667,SL,-1.8843027541666786,34,0.3707052267406221,ml_v3freq,2024-12
209907,short,2024-12-17 14:15:00,2024-12-17 14:20:00,2024-12-17 14:23:00,2636.666,2638.5714801829863,SL,-2.0654801829861076,3,0.3729727692091968,ml_v3freq,2024-12
209914,short,2024-12-17 14:50:00,2024-12-17 14:55:00,2024-12-17 15:06:00,2635.953,2637.8679210131945,SL,-2.074921013194444,11,0.3708941913331058,ml_v3freq,2024-12
210008,long,2024-12-17 23:40:00,2024-12-17 23:45:00,2024-12-18 00:35:00,2645.777,2649.3728006944443,TP,3.435800694444416,50,0.414550704923555,ml_v3freq,2024-12
210513,long,2024-12-19 18:45:00,2024-12-19 18:50:00,2024-12-19 21:19:00,2597.798,2594.76638631875,SL,-3.191613681249993,149,0.41313008708516746,ml_v3freq,2024-12
210560,long,2024-12-19 23:40:00,2024-12-19 23:45:00,2024-12-20 00:59:00,2593.521,2590.9683765024306,SL,-2.7126234975694343,74,0.41536702148848226,ml_v3freq,2024-12
210620,long,2024-12-20 04:40:00,2024-12-20 04:45:00,2024-12-20 06:11:00,2598.345,2602.8432666666663,TP,4.338266666666633,86,0.4157444603825162,ml_v3freq,2024-12
210940,short,2024-12-23 08:25:00,2024-12-23 08:30:00,2024-12-23 08:38:00,2629.983,2632.009548214931,SL,-2.1865482149305606,8,0.370025591943156,ml_v3freq,2024-12
210946,short,2024-12-23 08:55:00,2024-12-23 09:00:00,2024-12-23 10:01:00,2629.833,2625.9468680555556,TP,3.726131944444466,61,0.370025591943156,ml_v3freq,2024-12
211197,short,2024-12-24 06:50:00,2024-12-24 06:55:00,2024-12-24 07:07:00,2619.279,2620.903580760764,SL,-1.7845807607639101,12,0.3686654662582569,ml_v3freq,2024-12
211284,short,2024-12-24 14:05:00,2024-12-24 14:10:00,2024-12-24 14:25:00,2614.381,2615.892770975,SL,-1.6717709750000083,15,0.3690457879434116,ml_v3freq,2024-12
211309,short,2024-12-24 16:10:00,2024-12-24 16:15:00,2024-12-24 16:17:00,2613.582,2615.07041295625,SL,-1.6484129562499992,2,0.3685906468759067,ml_v3freq,2024-12
211363,long,2024-12-26 01:15:00,2024-12-26 01:20:00,2024-12-26 01:34:00,2624.532,2627.254209722222,TP,2.5622097222222266,14,0.4153623373866161,ml_v3freq,2024-12
211368,long,2024-12-26 01:40:00,2024-12-26 01:45:00,2024-12-26 04:43:00,2626.429,2629.1577104166668,TP,2.568710416666668,178,0.4139033430613625,ml_v3freq,2024-12
211877,long,2024-12-27 21:05:00,2024-12-27 21:10:00,2024-12-27 21:45:00,2615.983,2619.259930555556,TP,3.1169305555555695,35,0.4164990829640597,ml_v3freq,2024-12
212005,short,2024-12-30 08:50:00,2024-12-30 08:55:00,2024-12-30 09:05:00,2611.59,2613.3183306829865,SL,-1.8883306829861188,10,0.3700139133856355,ml_v3freq,2024-12
212142,long,2024-12-30 20:15:00,2024-12-30 20:20:00,2024-12-30 21:05:00,2609.157,2607.347055145486,SL,-1.9699448545138742,45,0.41139167430643975,ml_v3freq,2024-12
212160,long,2024-12-30 21:45:00,2024-12-30 21:50:00,2024-12-30 23:13:00,2605.898,2604.1213421079865,SL,-1.9366578920138726,20,0.4257831674847953,ml_v3freq,2024-12
212167,long,2024-12-30 23:20:00,2024-12-30 23:25:00,2024-12-31 00:53:00,2604.662,2608.064208333333,TP,3.242208333333303,88,0.4198578409620085,ml_v3freq,2024-12
212465,long,2025-01-02 01:15:00,2025-01-02 01:20:00,2025-01-02 02:01:00,2631.376,2634.4164993055556,TP,2.880499305555552,41,0.41674550552576606,ml_v3freq,2025-01
212476,long,2025-01-02 02:10:00,2025-01-02 02:15:00,2025-01-02 02:43:00,2634.532,2632.9184513989585,SL,-1.7735486010416692,28,0.40783635201245666,ml_v3freq,2025-01
212490,long,2025-01-02 03:20:00,2025-01-02 03:25:00,2025-01-02 03:38:00,2634.168,2632.5419668038194,SL,-1.7860331961805587,13,0.4066673197021329,ml_v3freq,2025-01
212679,long,2025-01-02 19:05:00,2025-01-02 19:10:00,2025-01-02 20:22:00,2654.608,2658.2266027777778,TP,3.458602777777806,72,0.41129961592115627,ml_v3freq,2025-01
212792,long,2025-01-03 05:30:00,2025-01-03 05:35:00,2025-01-03 05:50:00,2659.706,2657.8166434375003,SL,-2.0493565625000105,15,0.40726764072488786,ml_v3freq,2025-01
212848,short,2025-01-03 10:10:00,2025-01-03 10:15:00,2025-01-03 11:06:00,2656.679,2658.6602568340277,SL,-2.1412568340277787,51,0.38181997597448714,ml_v3freq,2025-01
212862,short,2025-01-03 11:20:00,2025-01-03 11:25:00,2025-01-03 13:18:00,2657.13,2653.3883194444447,TP,3.581680555555571,51,0.3852730606790722,ml_v3freq,2025-01
212992,short,2025-01-06 00:10:00,2025-01-06 00:15:00,2025-01-06 00:48:00,2639.208,2640.9898961836807,SL,-1.9418961836805617,33,0.3866423308885768,ml_v3freq,2025-01
213014,long,2025-01-06 02:00:00,2025-01-06 02:05:00,2025-01-06 02:42:00,2641.531,2645.096634722222,TP,3.4056347222222425,37,0.40938011366886184,ml_v3freq,2025-01
213030,long,2025-01-06 03:20:00,2025-01-06 03:25:00,2025-01-06 04:12:00,2640.915,2639.0486204895833,SL,-2.0263795104166826,47,0.40944330203287715,ml_v3freq,2025-01
213077,short,2025-01-06 07:15:00,2025-01-06 07:20:00,2025-01-06 07:37:00,2630.793,2627.176345138889,TP,3.456654861111125,17,0.3815496760466212,ml_v3freq,2025-01
213083,short,2025-01-06 07:45:00,2025-01-06 07:50:00,2025-01-06 08:20:00,2626.968,2628.8774723961806,SL,-2.0694723961805623,30,0.38058808321005977,ml_v3freq,2025-01
213092,short,2025-01-06 08:30:00,2025-01-06 08:35:00,2025-01-06 08:51:00,2628.057,2629.9663255652777,SL,-2.0693255652777816,16,0.3806935915478854,ml_v3freq,2025-01
213283,short,2025-01-07 01:30:00,2025-01-07 01:35:00,2025-01-07 01:47:00,2637.421,2639.697605210764,SL,-2.4366052107638856,12,0.38151973956579666,ml_v3freq,2025-01
213323,long,2025-01-07 04:50:00,2025-01-07 04:55:00,2025-01-07 05:22:00,2639.086,2643.3256902777775,TP,4.079690277777758,27,0.41062713543867285,ml_v3freq,2025-01
213344,long,2025-01-07 06:35:00,2025-01-07 06:40:00,2025-01-07 06:52:00,2643.233,2641.0318579364584,SL,-2.361142063541659,12,0.41076577183548163,ml_v3freq,2025-01
213349,long,2025-01-07 07:00:00,2025-01-07 07:05:00,2025-01-07 07:15:00,2641.996,2639.794532527431,SL,-2.3614674725694367,10,0.4077427625429758,ml_v3freq,2025-01
213582,long,2025-01-08 03:25:00,2025-01-08 03:30:00,2025-01-08 05:47:00,2646.907,2650.5450895833337,TP,3.4780895833333547,137,0.4179177204493626,ml_v3freq,2025-01
213715,long,2025-01-08 14:30:00,2025-01-08 14:35:00,2025-01-08 14:45:00,2664.957,2663.092033240972,SL,-2.0249667590277913,10,0.40656697238521267,ml_v3freq,2025-01
214276,long,2025-01-10 15:20:00,2025-01-10 15:25:00,2025-01-10 15:34:00,2693.813,2697.7605715277778,TP,3.787571527777741,9,0.4089106322747709,ml_v3freq,2025-01
214294,long,2025-01-10 16:50:00,2025-01-10 16:55:00,2025-01-10 17:04:00,2695.41,2693.284452040972,SL,-2.2855479590277596,9,0.41164892270113906,ml_v3freq,2025-01
214298,long,2025-01-10 17:10:00,2025-01-10 17:15:00,2025-01-10 17:20:00,2695.97,2693.8280546006945,SL,-2.3019453993055397,5,0.4218554498178007,ml_v3freq,2025-01
214302,long,2025-01-10 17:30:00,2025-01-10 17:35:00,2025-01-10 18:04:00,2696.631,2694.4832686694444,SL,-2.307731330555538,29,0.4179190070229157,ml_v3freq,2025-01
214389,short,2025-01-13 01:50:00,2025-01-13 01:55:00,2025-01-13 02:06:00,2686.019,2688.3485198934027,SL,-2.4895198934027754,11,0.38058576029573776,ml_v3freq,2025-01
214403,short,2025-01-13 03:00:00,2025-01-13 03:05:00,2025-01-13 04:05:00,2688.041,2690.4028147552085,SL,-2.5218147552083345,60,0.3818645706912435,ml_v3freq,2025-01
214419,short,2025-01-13 04:20:00,2025-01-13 04:25:00,2025-01-13 06:19:00,2687.307,2689.6900060260414,SL,-2.543006026041674,114,0.3806541733633517,ml_v3freq,2025-01
214456,short,2025-01-13 07:25:00,2025-01-13 07:30:00,2025-01-13 09:27:00,2688.138,2683.419053472222,TP,4.558946527777807,117,0.383182074027025,ml_v3freq,2025-01
214632,long,2025-01-13 23:05:00,2025-01-13 23:10:00,2025-01-13 23:48:00,2664.561,2668.7248819444444,TP,4.003881944444457,38,0.41612219540276896,ml_v3freq,2025-01
214787,short,2025-01-14 12:00:00,2025-01-14 12:05:00,2025-01-14 13:20:00,2669.806,2665.9956993055557,TP,3.650300694444402,75,0.3861287132243866,ml_v3freq,2025-01
214805,short,2025-01-14 13:30:00,2025-01-14 13:35:00,2025-01-14 13:38:00,2667.602,2663.811109722222,TP,3.6308902777777305,3,0.38914800931201365,ml_v3freq,2025-01
214808,short,2025-01-14 13:45:00,2025-01-14 13:50:00,2025-01-14 13:56:00,2667.27,2663.4225208333332,TP,3.6874791666666153,6,0.38759843688922135,ml_v3freq,2025-01
214821,short,2025-01-14 14:50:00,2025-01-14 14:55:00,2025-01-14 15:01:00,2664.944,2666.9465790621525,SL,-2.1625790621527536,6,0.38458390439886087,ml_v3freq,2025-01
214993,long,2025-01-15 06:10:00,2025-01-15 06:15:00,2025-01-15 08:07:00,2681.529,2684.9102243055554,TP,3.221224305555509,112,0.40677597014722355,ml_v3freq,2025-01
215160,long,2025-01-15 20:05:00,2025-01-15 20:10:00,2025-01-16 00:09:00,2694.84,2692.995918944792,SL,-2.0040810552083235,176,0.4066628625216164,ml_v3freq,2025-01
215276,short,2025-01-16 06:45:00,2025-01-16 06:50:00,2025-01-16 07:06:00,2693.574,2695.543827834028,SL,-2.1298278340277803,16,0.3812982667526998,ml_v3freq,2025-01
215294,long,2025-01-16 08:15:00,2025-01-16 08:20:00,2025-01-16 08:31:00,2701.868,2699.8586667163195,SL,-2.169333283680558,11,0.41474072878821844,ml_v3freq,2025-01
215306,long,2025-01-16 09:15:00,2025-01-16 09:20:00,2025-01-16 10:05:00,2702.767,2706.661924305555,TP,3.734924305555558,45,0.41001038637169185,ml_v3freq,2025-01
215965,short,2025-01-20 18:15:00,2025-01-20 18:20:00,2025-01-20 18:25:00,2706.793,2708.666764707986,SL,-2.0337647079860925,5,0.3818608001470134,ml_v3freq,2025-01
215977,short,2025-01-20 23:05:00,2025-01-20 23:10:00,2025-01-20 23:45:00,2707.839,2709.7215983725696,SL,-2.2025983725694296,35,0.3859929567411763,ml_v3freq,2025-01
215998,short,2025-01-21 00:50:00,2025-01-21 00:55:00,2025-01-21 01:01:00,2704.222,2706.128202432292,SL,-2.066202432291655,6,0.4108575383885531,ml_v3freq,2025-01
216003,short,2025-01-21 01:15:00,2025-01-21 01:20:00,2025-01-21 01:22:00,2708.739,2710.673834458333,SL,-2.0948344583333243,2,0.38827434938277855,ml_v3freq,2025-01
216013,long,2025-01-21 02:05:00,2025-01-21 02:10:00,2025-01-21 02:16:00,2721.169,2719.1910607506943,SL,-2.1379392493055414,6,0.4070626190656046,ml_v3freq,2025-01
216495,short,2025-01-22 19:15:00,2025-01-22 19:20:00,2025-01-23 01:47:00,2756.176,2752.567786111111,TP,3.4482138888888745,322,0.3842649602427745,ml_v3freq,2025-01
216778,long,2025-01-23 19:50:00,2025-01-23 19:55:00,2025-01-23 19:57:00,2756.487,2754.69779005,SL,-1.9492099500000055,2,0.40803115781458543,ml_v3freq,2025-01
216839,long,2025-01-24 01:55:00,2025-01-24 02:00:00,2025-01-24 02:07:00,2762.272,2765.8708180555554,TP,3.438818055555545,7,0.4120910720307764,ml_v3freq,2025-01
217111,short,2025-01-27 01:40:00,2025-01-27 01:45:00,2025-01-27 02:13:00,2763.321,2759.378813888889,TP,3.7821861111110713,28,0.38124467965913433,ml_v3freq,2025-01
217189,short,2025-01-27 08:10:00,2025-01-27 08:15:00,2025-01-27 08:18:00,2754.469,2756.512703620139,SL,-2.2037036201388713,3,0.38321336060890077,ml_v3freq,2025-01
217252,long,2025-01-27 13:25:00,2025-01-27 13:30:00,2025-01-27 13:38:00,2758.019,2755.8358348010415,SL,-2.3431651989583324,8,0.4112776242579508,ml_v3freq,2025-01
217257,long,2025-01-27 13:50:00,2025-01-27 13:55:00,2025-01-27 14:04:00,2756.822,2754.599134899653,SL,-2.3828651003472228,9,0.41919861879245224,ml_v3freq,2025-01
217350,long,2025-01-27 21:35:00,2025-01-27 21:40:00,2025-01-27 23:16:00,2742.229,2739.917643486111,SL,-2.471356513888893,33,0.4125939092866201,ml_v3freq,2025-01
217360,long,2025-01-27 23:25:00,2025-01-27 23:30:00,2025-01-27 23:32:00,2743.869,2741.5366903194445,SL,-2.492309680555557,2,0.4151126557883992,ml_v3freq,2025-01
217363,long,2025-01-27 23:40:00,2025-01-27 23:45:00,2025-01-28 01:58:00,2741.952,2739.6037452770834,SL,-2.508254722916668,133,0.4298715167968514,ml_v3freq,2025-01
217417,long,2025-01-28 04:10:00,2025-01-28 04:15:00,2025-01-28 07:58:00,2740.805,2738.5342799305554,SL,-2.4307200694444457,223,0.42976264799264996,ml_v3freq,2025-01
217469,short,2025-01-28 08:30:00,2025-01-28 08:35:00,2025-01-28 08:44:00,2735.755,2737.949641819792,SL,-2.354641819791663,9,0.3921882668170902,ml_v3freq,2025-01
217643,long,2025-01-29 00:00:00,2025-01-29 00:05:00,2025-01-29 01:02:00,2762.507,2765.596632638889,TP,2.9296326388888425,57,0.41421907105661104,ml_v3freq,2025-01
217715,long,2025-01-29 06:00:00,2025-01-29 06:05:00,2025-01-29 07:00:00,2760.049,2758.6330222996526,SL,-1.575977700347199,55,0.4177482612171447,ml_v3freq,2025-01
217815,short,2025-01-29 14:20:00,2025-01-29 14:25:00,2025-01-29 14:35:00,2758.347,2759.7918160833337,SL,-1.604816083333333,10,0.3815016740873399,ml_v3freq,2025-01
217821,short,2025-01-29 14:50:00,2025-01-29 14:55:00,2025-01-29 15:22:00,2758.977,2756.175628472222,TP,2.6413715277777703,27,0.3809570813491884,ml_v3freq,2025-01
218004,long,2025-01-30 07:05:00,2025-01-30 07:10:00,2025-01-30 07:55:00,2765.879,2769.3992368055556,TP,3.3602368055556022,45,0.41004435017646723,ml_v3freq,2025-01
218151,long,2025-01-30 19:20:00,2025-01-30 19:25:00,2025-01-30 20:28:00,2791.747,2795.4236506944444,TP,3.516650694444467,63,0.42183918856222274,ml_v3freq,2025-01
218175,long,2025-01-30 21:20:00,2025-01-30 21:25:00,2025-01-30 23:08:00,2792.347,2795.7512708333334,TP,3.244270833333348,35,0.41249113154090256,ml_v3freq,2025-01
218283,long,2025-01-31 07:25:00,2025-01-31 07:30:00,2025-01-31 07:44:00,2799.819,2797.8911816777777,SL,-2.0878183222222164,14,0.44189095172083315,ml_v3freq,2025-01
218319,short,2025-01-31 10:25:00,2025-01-31 10:30:00,2025-01-31 11:19:00,2794.141,2796.078838539236,SL,-2.097838539236111,49,0.3825339630445179,ml_v3freq,2025-01
218563,long,2025-02-03 07:50:00,2025-02-03 07:55:00,2025-02-03 08:14:00,2788.073,2793.340472222222,TP,5.107472222222222,19,0.41291401813732004,ml_v3freq,2025-02
218743,short,2025-02-03 23:50:00,2025-02-03 23:55:00,2025-02-04 00:54:00,2814.124,2817.049427159722,SL,-3.0854271597222147,59,0.3679559085089207,ml_v3freq,2025-02
219552,long,2025-02-06 21:15:00,2025-02-06 21:20:00,2025-02-07 00:23:00,2855.689,2860.107745833333,TP,4.258745833333318,120,0.42283409200675126,ml_v3freq,2025-02
219979,short,2025-02-10 10:55:00,2025-02-10 11:00:00,2025-02-10 11:41:00,2902.416,2905.120089494792,SL,-2.864089494791664,41,0.3605837269869188,ml_v3freq,2025-02
220092,short,2025-02-10 20:20:00,2025-02-10 20:25:00,2025-02-10 20:56:00,2903.902,2906.255647782292,SL,-2.513647782291657,31,0.3602277574774633,ml_v3freq,2025-02
220112,short,2025-02-10 23:00:00,2025-02-10 23:05:00,2025-02-10 23:33:00,2911.989,2914.324980453125,SL,-2.495980453124993,28,0.3697397466310908,ml_v3freq,2025-02
220356,long,2025-02-11 19:20:00,2025-02-11 19:25:00,2025-02-11 19:55:00,2902.816,2899.720899811111,SL,-3.2551001888888917,30,0.4132053449705828,ml_v3freq,2025-02
220906,long,2025-02-13 19:10:00,2025-02-13 19:15:00,2025-02-13 23:28:00,2926.467,2930.9585368055555,TP,4.33153680555555,190,0.42037370589669243,ml_v3freq,2025-02
221025,long,2025-02-14 06:05:00,2025-02-14 06:10:00,2025-02-14 06:12:00,2932.486,2930.2227960854166,SL,-2.4232039145833317,2,0.41756743145553143,ml_v3freq,2025-02
221028,long,2025-02-14 06:20:00,2025-02-14 06:25:00,2025-02-14 07:24:00,2932.942,2930.6739546340277,SL,-2.428045365972222,59,0.41119532240001233,ml_v3freq,2025-02
221051,long,2025-02-14 08:15:00,2025-02-14 08:20:00,2025-02-14 08:33:00,2937.242,2934.9746213256944,SL,-2.4273786743055474,13,0.41139083831367534,ml_v3freq,2025-02
221196,long,2025-02-14 20:20:00,2025-02-14 20:25:00,2025-02-14 20:37:00,2881.476,2879.016129980556,SL,-2.619870019444425,12,0.4143001839894884,ml_v3freq,2025-02
221232,short,2025-02-17 00:25:00,2025-02-17 00:30:00,2025-02-17 00:35:00,2882.296,2884.9652270763886,SL,-2.829227076388876,5,0.36196964102038787,ml_v3freq,2025-02
221236,short,2025-02-17 00:45:00,2025-02-17 00:50:00,2025-02-17 01:06:00,2884.478,2887.161850640625,SL,-2.843850640624989,16,0.361965399519222,ml_v3freq,2025-02
221243,short,2025-02-17 01:20:00,2025-02-17 01:25:00,2025-02-17 01:27:00,2888.439,2891.1568955680555,SL,-2.877895568055545,2,0.36304945108995357,ml_v3freq,2025-02
221246,short,2025-02-17 01:35:00,2025-02-17 01:40:00,2025-02-17 02:38:00,2895.487,2898.240547698611,SL,-2.9135476986110964,58,0.3622841870556823,ml_v3freq,2025-02
221422,short,2025-02-17 16:15:00,2025-02-17 16:20:00,2025-02-18 01:33:00,2899.727,2894.701795138889,TP,4.865204861111075,323,0.36014436858471877,ml_v3freq,2025-02
221489,short,2025-02-18 01:40:00,2025-02-18 01:45:00,2025-02-18 02:12:00,2895.841,2897.997525311111,SL,-2.316525311111097,27,0.37668331504892716,ml_v3freq,2025-02
221497,short,2025-02-18 02:20:00,2025-02-18 02:25:00,2025-02-18 02:38:00,2897.521,2899.6660010694445,SL,-2.305001069444432,13,0.37131010965836075,ml_v3freq,2025-02
221587,short,2025-02-18 09:50:00,2025-02-18 09:55:00,2025-02-18 10:34:00,2912.17,2908.4342625,TP,3.5757374999999647,39,0.36118385635283984,ml_v3freq,2025-02
221597,short,2025-02-18 10:40:00,2025-02-18 10:45:00,2025-02-18 10:52:00,2908.081,2909.9631499430557,SL,-2.042149943055536,7,0.3697343303087056,ml_v3freq,2025-02
221601,short,2025-02-18 11:00:00,2025-02-18 11:05:00,2025-02-18 11:38:00,2910.896,2912.776507024306,SL,-2.0395070243055353,33,0.370142696631223,ml_v3freq,2025-02
221610,short,2025-02-18 11:45:00,2025-02-18 11:50:00,2025-02-18 11:56:00,2912.732,2914.5918991086805,SL,-2.01989910868054,6,0.3631626201989949,ml_v3freq,2025-02
222254,long,2025-02-20 19:25:00,2025-02-20 19:30:00,2025-02-20 19:37:00,2938.004,2935.718624619097,SL,-2.4453753809027745,7,0.4133534412147239,ml_v3freq,2025-02
222684,short,2025-02-24 09:20:00,2025-02-24 09:25:00,2025-02-24 10:30:00,2945.948,2941.2653,TP,4.522699999999992,65,0.3603112294521669,ml_v3freq,2025-02
222702,short,2025-02-24 10:50:00,2025-02-24 10:55:00,2025-02-24 10:56:00,2935.763,2938.1410971118053,SL,-2.5380971118055475,1,0.362017257344991,ml_v3freq,2025-02
222705,short,2025-02-24 11:05:00,2025-02-24 11:10:00,2025-02-24 11:23:00,2938.967,2941.3534545680554,SL,-2.5464545680555486,13,0.3650935424688161,ml_v3freq,2025-02
222873,short,2025-02-25 02:05:00,2025-02-25 02:10:00,2025-02-25 02:20:00,2949.612,2951.9081575312503,SL,-2.4561575312499953,10,0.3686553057402022,ml_v3freq,2025-02
222882,short,2025-02-25 02:50:00,2025-02-25 02:55:00,2025-02-25 03:35:00,2948.185,2943.8755513888887,TP,4.149448611111112,40,0.36251445829508394,ml_v3freq,2025-02
223274,long,2025-02-26 12:30:00,2025-02-26 12:35:00,2025-02-26 13:12:00,2913.063,2910.357739826389,SL,-2.8652601736110945,37,0.42004513038607993,ml_v3freq,2025-02
223919,long,2025-02-28 20:15:00,2025-02-28 20:20:00,2025-02-28 20:32:00,2852.561,2849.795185968403,SL,-2.9258140315971986,12,0.412727243969557,ml_v3freq,2025-02
223924,long,2025-02-28 20:40:00,2025-02-28 20:45:00,2025-02-28 21:01:00,2850.06,2855.3304743055555,TP,5.110474305555511,16,0.4129387602598381,ml_v3freq,2025-02
223941,short,2025-03-02 23:10:00,2025-03-02 23:15:00,2025-03-02 23:46:00,2872.884,2867.5734902777776,TP,5.150509722222177,31,0.3595547940783458,ml_v3freq,2025-03
223950,short,2025-03-02 23:55:00,2025-03-03 00:00:00,2025-03-03 00:59:00,2870.866,2865.4061500000003,TP,5.299849999999956,59,0.3678472444832296,ml_v3freq,2025-03
223964,long,2025-03-03 01:05:00,2025-03-03 01:10:00,2025-03-03 03:09:00,2866.74,2863.826974098958,SL,-3.0730259010416483,119,0.3944065299064445,ml_v3freq,2025-03
223992,short,2025-03-03 03:25:00,2025-03-03 03:30:00,2025-03-03 03:40:00,2861.981,2864.8402461065975,SL,-3.0192461065971994,10,0.35783457592865897,ml_v3freq,2025-03
224005,short,2025-03-03 04:30:00,2025-03-03 04:35:00,2025-03-03 07:48:00,2865.819,2860.4011333333333,TP,5.257866666666629,193,0.3624269366254708,ml_v3freq,2025-03
224046,short,2025-03-03 07:55:00,2025-03-03 08:00:00,2025-03-03 08:45:00,2863.252,2865.9439303086806,SL,-2.8519303086805357,45,0.42598639655394543,ml_v3freq,2025-03
224059,short,2025-03-03 09:00:00,2025-03-03 09:05:00,2025-03-03 10:45:00,2869.152,2871.8556291600694,SL,-2.8636291600694292,100,0.3576184746614387,ml_v3freq,2025-03
224233,short,2025-03-04 00:30:00,2025-03-04 00:35:00,2025-03-04 01:00:00,2890.293,2892.654735387153,SL,-2.5217353871527735,25,0.36016982074489506,ml_v3freq,2025-03
224241,short,2025-03-04 01:10:00,2025-03-04 01:15:00,2025-03-04 01:32:00,2884.433,2886.764012012847,SL,-2.491012012847217,17,0.37429390177893884,ml_v3freq,2025-03
224247,short,2025-03-04 01:40:00,2025-03-04 01:45:00,2025-03-04 03:17:00,2887.287,2889.629901347569,SL,-2.5029013475694413,92,0.36861331145807696,ml_v3freq,2025-03
224273,short,2025-03-04 03:50:00,2025-03-04 03:55:00,2025-03-04 04:44:00,2889.113,2891.439154687847,SL,-2.4861546878472307,49,0.3640381409649325,ml_v3freq,2025-03
224285,short,2025-03-04 04:50:00,2025-03-04 04:55:00,2025-03-04 05:23:00,2891.733,2894.0189031784726,SL,-2.445903178472227,28,0.3728300445031134,ml_v3freq,2025-03
224293,short,2025-03-04 05:30:00,2025-03-04 05:35:00,2025-03-04 06:11:00,2892.612,2888.2011680555556,TP,4.250831944444456,36,0.37084898576589775,ml_v3freq,2025-03
224303,short,2025-03-04 06:20:00,2025-03-04 06:25:00,2025-03-04 07:11:00,2888.273,2890.5885630208336,SL,-2.4755630208333446,46,0.39766957353772203,ml_v3freq,2025-03
224319,long,2025-03-04 07:40:00,2025-03-04 07:45:00,2025-03-04 08:10:00,2898.514,2903.063936111111,TP,4.38993611111113,25,0.39496134180971915,ml_v3freq,2025-03
224336,short,2025-03-04 09:05:00,2025-03-04 09:10:00,2025-03-04 09:12:00,2913.789,2916.283918952778,SL,-2.654918952777788,2,0.35986695513968603,ml_v3freq,2025-03
224339,short,2025-03-04 09:20:00,2025-03-04 09:25:00,2025-03-04 09:28:00,2917.67,2920.1673674572917,SL,-2.6573674572916777,3,0.3617361756436697,ml_v3freq,2025-03
224491,short,2025-03-04 23:00:00,2025-03-04 23:05:00,2025-03-05 00:02:00,2917.822,2912.8919833333334,TP,4.770016666666702,57,0.36828627157072824,ml_v3freq,2025-03
224577,long,2025-03-05 06:10:00,2025-03-05 06:15:00,2025-03-05 06:39:00,2919.38,2916.654520814236,SL,-2.8854791857639057,24,0.39344401986844735,ml_v3freq,2025-03
224678,short,2025-03-05 14:35:00,2025-03-05 14:40:00,2025-03-05 15:00:00,2914.639,2909.2220958333332,TP,5.25690416666671,20,0.3674584810789855,ml_v3freq,2025-03
224685,short,2025-03-05 15:10:00,2025-03-05 15:15:00,2025-03-05 15:23:00,2916.856,2919.728861696528,SL,-3.0328616965277986,8,0.3674503253587483,ml_v3freq,2025-03
224748,long,2025-03-05 20:25:00,2025-03-05 20:30:00,2025-03-05 21:12:00,2922.051,2919.248898893403,SL,-2.96210110659723,42,0.3937201920626619,ml_v3freq,2025-03
224780,long,2025-03-06 00:05:00,2025-03-06 00:10:00,2025-03-06 01:52:00,2918.427,2923.704532638889,TP,5.117532638888889,102,0.39880874170431924,ml_v3freq,2025-03
224823,short,2025-03-06 03:40:00,2025-03-06 03:45:00,2025-03-06 05:01:00,2920.832,2915.872176388889,TP,4.799823611111108,76,0.36146690080648214,ml_v3freq,2025-03
224868,short,2025-03-06 07:25:00,2025-03-06 07:30:00,2025-03-06 07:57:00,2916.157,2911.3345694444447,TP,4.662430555555543,27,0.36084359903346297,ml_v3freq,2025-03
225034,long,2025-03-06 21:15:00,2025-03-06 21:20:00,2025-03-07 00:07:00,2910.036,2907.497551637153,SL,-2.6984483628472202,104,0.40101181892395354,ml_v3freq,2025-03
225058,long,2025-03-07 00:15:00,2025-03-07 00:20:00,2025-03-07 00:27:00,2905.121,2902.5058463798614,SL,-2.775153620138888,7,0.3966377745788676,ml_v3freq,2025-03
225062,long,2025-03-07 00:35:00,2025-03-07 00:40:00,2025-03-07 00:48:00,2905.432,2902.7890834340274,SL,-2.80291656597222,8,0.39482817736189646,ml_v3freq,2025-03
225107,long,2025-03-07 04:20:00,2025-03-07 04:25:00,2025-03-07 05:21:00,2905.827,2911.1897368055556,TP,5.202736805555545,56,0.4070352668156181,ml_v3freq,2025-03
225123,long,2025-03-07 05:40:00,2025-03-07 05:45:00,2025-03-07 06:10:00,2910.705,2907.9125103649303,SL,-2.952489635069443,25,0.3933905181812662,ml_v3freq,2025-03
225156,long,2025-03-07 08:25:00,2025-03-07 08:30:00,2025-03-07 10:24:00,2920.026,2917.241125729861,SL,-2.944874270138884,114,0.39415238791512935,ml_v3freq,2025-03
225235,long,2025-03-07 15:00:00,2025-03-07 15:05:00,2025-03-07 15:11:00,2929.694,2927.072223115625,SL,-2.7817768843749895,6,0.39383579667179835,ml_v3freq,2025-03
225247,short,2025-03-07 16:00:00,2025-03-07 16:05:00,2025-03-07 16:16:00,2915.093,2917.741702497222,SL,-2.8087024972222108,11,0.36298602895338017,ml_v3freq,2025-03
225333,short,2025-03-09 23:15:00,2025-03-09 23:20:00,2025-03-10 01:11:00,2915.409,2918.070818068403,SL,-2.8218180684027603,111,0.35936028689003396,ml_v3freq,2025-03
225358,short,2025-03-10 01:20:00,2025-03-10 01:25:00,2025-03-10 02:12:00,2915.86,2910.9084493055557,TP,4.791550694444413,47,0.3770586803285488,ml_v3freq,2025-03
225378,short,2025-03-10 03:00:00,2025-03-10 03:05:00,2025-03-10 05:29:00,2911.878,2907.004549305556,TP,4.713450694444416,144,0.3578119889658098,ml_v3freq,2025-03
225409,short,2025-03-10 05:35:00,2025-03-10 05:40:00,2025-03-10 06:08:00,2909.722,2912.250951975,SL,-2.6889519749999744,28,0.3631557472360034,ml_v3freq,2025-03
225417,short,2025-03-10 06:15:00,2025-03-10 06:20:00,2025-03-10 06:26:00,2909.549,2912.0784321517363,SL,-2.6894321517360877,6,0.36072740815440946,ml_v3freq,2025-03
225421,short,2025-03-10 06:35:00,2025-03-10 06:40:00,2025-03-10 07:00:00,2912.153,2914.6831186854165,SL,-2.6901186854166426,20,0.37283301598720286,ml_v3freq,2025-03
225428,short,2025-03-10 07:10:00,2025-03-10 07:15:00,2025-03-10 07:54:00,2913.104,2908.2531451388886,TP,4.690854861111075,39,0.37172192795394055,ml_v3freq,2025-03
225455,long,2025-03-10 09:25:00,2025-03-10 09:30:00,2025-03-10 10:00:00,2912.593,2909.905220640625,SL,-2.8477793593749774,30,0.39688297918852367,ml_v3freq,2025-03
225531,short,2025-03-10 15:45:00,2025-03-10 15:50:00,2025-03-10 16:45:00,2905.176,2899.9029819444445,TP,5.113018055555525,55,0.3653695142564328,ml_v3freq,2025-03
225574,long,2025-03-10 19:20:00,2025-03-10 19:25:00,2025-03-10 19:37:00,2889.997,2887.2725605357637,SL,-2.884439464236105,12,0.3982275889236784,ml_v3freq,2025-03
225579,long,2025-03-10 19:45:00,2025-03-10 19:50:00,2025-03-10 19:55:00,2887.609,2884.8665320819446,SL,-2.9024679180555486,5,0.3986991395841671,ml_v3freq,2025-03
225583,long,2025-03-10 20:05:00,2025-03-10 20:10:00,2025-03-10 22:29:00,2887.77,2885.0214683625,SL,-2.9085316374999923,76,0.41746048926112095,ml_v3freq,2025-03
225601,long,2025-03-10 22:35:00,2025-03-10 22:40:00,2025-03-11 01:04:00,2884.947,2882.21054024375,SL,-2.8964597562499907,144,0.40635620986582255,ml_v3freq,2025-03
225632,short,2025-03-11 01:10:00,2025-03-11 01:15:00,2025-03-11 01:21:00,2885.647,2888.421024656944,SL,-2.9340246569444424,6,0.37049292211807905,ml_v3freq,2025-03
225636,short,2025-03-11 01:30:00,2025-03-11 01:35:00,2025-03-11 02:09:00,2888.881,2891.6748984180554,SL,-2.9538984180555525,34,0.35793345006656274,ml_v3freq,2025-03
225652,short,2025-03-11 02:50:00,2025-03-11 02:55:00,2025-03-11 05:56:00,2898.749,2893.3704965277775,TP,5.2185034722222,181,0.3660760413536369,ml_v3freq,2025-03
225691,long,2025-03-11 06:05:00,2025-03-11 06:10:00,2025-03-11 06:34:00,2896.002,2901.316497222222,TP,5.154497222222222,24,0.4552210978410023,ml_v3freq,2025-03
225698,short,2025-03-11 06:40:00,2025-03-11 06:45:00,2025-03-11 07:08:00,2900.125,2902.901358077778,SL,-2.936358077777776,23,0.36692899831091225,ml_v3freq,2025-03
225705,short,2025-03-11 07:15:00,2025-03-11 07:20:00,2025-03-11 07:47:00,2898.774,2901.559183805555,SL,-2.9451838055555526,27,0.36310813807577724,ml_v3freq,2025-03
225713,short,2025-03-11 07:55:00,2025-03-11 08:00:00,2025-03-11 08:13:00,2901.052,2903.851894674653,SL,-2.959894674652776,13,0.3679316694893881,ml_v3freq,2025-03
225718,short,2025-03-11 08:20:00,2025-03-11 08:25:00,2025-03-11 08:42:00,2905.562,2908.369303682639,SL,-2.96730368263889,17,0.3590562417652915,ml_v3freq,2025-03
225726,short,2025-03-11 09:00:00,2025-03-11 09:05:00,2025-03-11 09:46:00,2909.278,2912.0390043274306,SL,-2.9210043274305604,41,0.3679481340988559,ml_v3freq,2025-03
225737,short,2025-03-11 09:55:00,2025-03-11 10:00:00,2025-03-11 10:47:00,2911.73,2914.4420897947916,SL,-2.8720897947916755,47,0.36607968480486086,ml_v3freq,2025-03
225871,short,2025-03-11 22:05:00,2025-03-11 22:10:00,2025-03-11 22:14:00,2914.744,2916.839919863889,SL,-2.255919863888884,4,0.3694023400591389,ml_v3freq,2025-03
225874,short,2025-03-11 22:20:00,2025-03-11 22:25:00,2025-03-11 23:07:00,2916.646,2918.7442969371527,SL,-2.258296937152775,42,0.39649376537138886,ml_v3freq,2025-03
225885,short,2025-03-11 23:15:00,2025-03-11 23:20:00,2025-03-12 00:40:00,2916.748,2912.6861506944447,TP,3.9018493055555536,80,0.36245418038433735,ml_v3freq,2025-03
225904,long,2025-03-12 00:50:00,2025-03-12 00:55:00,2025-03-12 01:12:00,2913.415,2911.3239136506945,SL,-2.2510863493055564,17,0.3963989836338697,ml_v3freq,2025-03
225910,short,2025-03-12 01:20:00,2025-03-12 01:25:00,2025-03-12 01:34:00,2914.314,2916.407415801736,SL,-2.253415801736112,9,0.36017144538188806,ml_v3freq,2025-03
225916,short,2025-03-12 01:50:00,2025-03-12 01:55:00,2025-03-12 02:31:00,2914.902,2916.9896417756945,SL,-2.247641775694446,36,0.3608239469538642,ml_v3freq,2025-03
225944,short,2025-03-12 04:10:00,2025-03-12 04:15:00,2025-03-12 04:49:00,2914.047,2916.0249551229167,SL,-2.137955122916672,34,0.3582591137549286,ml_v3freq,2025-03
225953,short,2025-03-12 04:55:00,2025-03-12 05:00:00,2025-03-12 06:00:00,2914.914,2916.8931456437504,SL,-2.1391456437500023,60,0.36361583302197054,ml_v3freq,2025-03
225968,long,2025-03-12 06:10:00,2025-03-12 06:15:00,2025-03-12 06:24:00,2920.079,2918.075087554514,SL,-2.1639124454861136,9,0.4260219557705849,ml_v3freq,2025-03
225973,long,2025-03-12 06:35:00,2025-03-12 06:40:00,2025-03-12 07:00:00,2913.222,2911.1901182517363,SL,-2.1918817482638886,20,0.39439333874428195,ml_v3freq,2025-03
225985,long,2025-03-12 07:35:00,2025-03-12 07:40:00,2025-03-12 08:07:00,2912.118,2916.011847222222,TP,3.733847222222231,27,0.3950038554840213,ml_v3freq,2025-03
226058,short,2025-03-12 13:40:00,2025-03-12 13:45:00,2025-03-12 13:47:00,2912.161,2914.3224302569447,SL,-2.3214302569444496,2,0.35760549074794157,ml_v3freq,2025-03
226061,short,2025-03-12 13:55:00,2025-03-12 14:00:00,2025-03-12 14:05:00,2915.545,2917.7151091538194,SL,-2.330109153819449,5,0.3580762278988927,ml_v3freq,2025-03
226065,short,2025-03-12 14:15:00,2025-03-12 14:20:00,2025-03-12 14:35:00,2916.665,2918.8261842159723,SL,-2.321184215972226,15,0.36066616720844524,ml_v3freq,2025-03
226071,short,2025-03-12 14:45:00,2025-03-12 14:50:00,2025-03-12 14:54:00,2918.395,2920.5104999631944,SL,-2.2754999631944566,4,0.36823954762364164,ml_v3freq,2025-03
226087,long,2025-03-12 16:05:00,2025-03-12 16:10:00,2025-03-12 16:11:00,2935.302,2933.198460802778,SL,-2.2635391972222356,1,0.39866486854607064,ml_v3freq,2025-03
226121,long,2025-03-12 18:55:00,2025-03-12 19:00:00,2025-03-12 19:25:00,2935.141,2933.0463262145836,SL,-2.254673785416686,25,0.3938270418410946,ml_v3freq,2025-03
226129,long,2025-03-12 19:35:00,2025-03-12 19:40:00,2025-03-12 19:59:00,2933.022,2930.9299096447917,SL,-2.252090355208353,19,0.39877783101688447,ml_v3freq,2025-03
226135,long,2025-03-12 20:05:00,2025-03-12 20:10:00,2025-03-12 20:20:00,2933.027,2930.9403066725695,SL,-2.2466933274305783,10,0.40960339309122507,ml_v3freq,2025-03
226141,long,2025-03-12 20:35:00,2025-03-12 20:40:00,2025-03-12 22:49:00,2933.683,2937.7081902777777,TP,3.8651902777778178,66,0.4148903468495979,ml_v3freq,2025-03
226183,short,2025-03-13 01:05:00,2025-03-13 01:10:00,2025-03-13 02:42:00,2939.822,2941.9040383909723,SL,-2.242038390972235,92,0.358604044531362,ml_v3freq,2025-03
226207,long,2025-03-13 03:05:00,2025-03-13 03:10:00,2025-03-13 05:26:00,2944.555,2942.4560998656248,SL,-2.2589001343750175,136,0.397707979502139,ml_v3freq,2025-03
226240,short,2025-03-13 05:50:00,2025-03-13 05:55:00,2025-03-13 06:09:00,2939.92,2935.9032125,TP,3.8567875000000162,14,0.36602633776251536,ml_v3freq,2025-03
226245,short,2025-03-13 06:15:00,2025-03-13 06:20:00,2025-03-13 07:12:00,2938.979,2934.9269131944443,TP,3.892086805555569,52,0.3705425484410466,ml_v3freq,2025-03
226260,short,2025-03-13 07:30:00,2025-03-13 07:35:00,2025-03-13 08:08:00,2934.827,2936.9125385222223,SL,-2.2455385222222333,33,0.3603624256428078,ml_v3freq,2025-03
226423,long,2025-03-13 22:05:00,2025-03-13 22:10:00,2025-03-13 22:33:00,2983.437,2987.775277777778,TP,4.178277777777761,23,0.397874522904479,ml_v3freq,2025-03
226430,long,2025-03-13 22:40:00,2025-03-13 22:45:00,2025-03-14 01:28:00,2986.364,2984.0869662017362,SL,-2.4370337982638843,163,0.42190075744133215,ml_v3freq,2025-03
226474,long,2025-03-14 02:20:00,2025-03-14 02:25:00,2025-03-14 02:58:00,2987.034,2984.640426117361,SL,-2.553573882638883,33,0.39347445486437793,ml_v3freq,2025-03
226516,long,2025-03-14 05:50:00,2025-03-14 05:55:00,2025-03-14 06:19:00,2984.899,2982.4615236774303,SL,-2.597476322569439,24,0.3952132155480104,ml_v3freq,2025-03
226532,long,2025-03-14 07:10:00,2025-03-14 07:15:00,2025-03-14 07:24:00,2983.574,2981.131749688889,SL,-2.6022503111111095,9,0.39584233964795157,ml_v3freq,2025-03
226698,short,2025-03-16 22:05:00,2025-03-16 22:10:00,2025-03-16 22:12:00,2986.837,2989.2374709666665,SL,-2.560470966666671,2,0.38280105971307743,ml_v3freq,2025-03
226701,short,2025-03-16 22:20:00,2025-03-16 22:25:00,2025-03-16 22:48:00,2988.16,2990.580392348611,SL,-2.5803923486111136,23,0.3926322461488462,ml_v3freq,2025-03
226708,short,2025-03-16 22:55:00,2025-03-16 23:00:00,2025-03-16 23:17:00,2989.069,2991.487995470833,SL,-2.5789954708333327,17,0.3830173719395168,ml_v3freq,2025-03
226714,short,2025-03-16 23:25:00,2025-03-16 23:30:00,2025-03-17 00:00:00,2993.955,2989.339415277778,TP,4.455584722222231,30,0.37225350636778787,ml_v3freq,2025-03
226734,short,2025-03-17 01:05:00,2025-03-17 01:10:00,2025-03-17 03:04:00,2991.396,2986.7687048611115,TP,4.467295138888876,114,0.36576324081165923,ml_v3freq,2025-03
226759,short,2025-03-17 03:10:00,2025-03-17 03:15:00,2025-03-17 04:48:00,2987.266,2982.7746006944444,TP,4.331399305555564,93,0.36878690268810277,ml_v3freq,2025-03
226792,short,2025-03-17 05:55:00,2025-03-17 06:00:00,2025-03-17 06:22:00,2986.091,2988.373974497222,SL,-2.4429744972222207,22,0.3605008783106881,ml_v3freq,2025-03
226799,short,2025-03-17 06:30:00,2025-03-17 06:35:00,2025-03-17 07:45:00,2990.009,2985.61126875,TP,4.23773125,70,0.35955083078888395,ml_v3freq,2025-03
226816,short,2025-03-17 07:55:00,2025-03-17 08:00:00,2025-03-17 08:41:00,2985.506,2987.7328533451387,SL,-2.3868533451388916,41,0.36678000613629,ml_v3freq,2025-03
226827,short,2025-03-17 08:50:00,2025-03-17 08:55:00,2025-03-17 09:04:00,2986.809,2989.013292975347,SL,-2.3642929753472286,9,0.37392831405417265,ml_v3freq,2025-03
226831,short,2025-03-17 09:10:00,2025-03-17 09:15:00,2025-03-17 09:25:00,2990.659,2992.8549434559027,SL,-2.355943455902785,10,0.3641462766135688,ml_v3freq,2025-03
226845,short,2025-03-17 10:20:00,2025-03-17 10:25:00,2025-03-17 10:41:00,2995.369,2997.5567367989584,SL,-2.3477367989583433,16,0.36244483410761247,ml_v3freq,2025-03
226851,short,2025-03-17 10:50:00,2025-03-17 10:55:00,2025-03-17 11:22:00,2998.836,3001.026578175347,SL,-2.35057817534723,27,0.36544290350838815,ml_v3freq,2025-03
227003,short,2025-03-18 00:30:00,2025-03-18 00:35:00,2025-03-18 01:28:00,3002.728,3004.530519972917,SL,-1.9625199729166751,53,0.3640992640290496,ml_v3freq,2025-03
227016,short,2025-03-18 01:35:00,2025-03-18 01:40:00,2025-03-18 01:41:00,3002.941,3004.7533576434025,SL,-1.9723576434027892,1,0.3737193819440591,ml_v3freq,2025-03
227019,short,2025-03-18 01:50:00,2025-03-18 01:55:00,2025-03-18 01:56:00,3004.271,3006.0885522826393,SL,-1.977552282638901,1,0.36912428518243245,ml_v3freq,2025-03
227022,short,2025-03-18 02:05:00,2025-03-18 02:10:00,2025-03-18 02:33:00,3005.91,3007.7365446833332,SL,-1.9865446833333493,23,0.3711478015561892,ml_v3freq,2025-03
227029,short,2025-03-18 02:40:00,2025-03-18 02:45:00,2025-03-18 02:47:00,3007.177,3008.9854328930555,SL,-1.9684328930555683,2,0.367384811842047,ml_v3freq,2025-03
227032,short,2025-03-18 02:55:00,2025-03-18 03:00:00,2025-03-18 03:13:00,3010.846,3012.6693461506943,SL,-1.9833461506944567,13,0.36489423970152945,ml_v3freq,2025-03
227101,short,2025-03-18 08:40:00,2025-03-18 08:45:00,2025-03-18 09:30:00,3026.634,3022.7394270833333,TP,3.7345729166666812,45,0.35936605839492425,ml_v3freq,2025-03
227118,short,2025-03-18 10:05:00,2025-03-18 10:10:00,2025-03-18 10:15:00,3023.544,3025.6034780211803,SL,-2.2194780211805596,5,0.3577811134481951,ml_v3freq,2025-03
227155,short,2025-03-18 13:10:00,2025-03-18 13:15:00,2025-03-18 13:24:00,3034.554,3036.693433400347,SL,-2.2994334003472194,9,0.35810670075541284,ml_v3freq,2025-03
227159,short,2025-03-18 13:30:00,2025-03-18 13:35:00,2025-03-18 13:39:00,3033.968,3029.9046229166665,TP,3.903377083333327,4,0.35888200170056145,ml_v3freq,2025-03
227228,short,2025-03-18 19:15:00,2025-03-18 19:20:00,2025-03-18 20:38:00,3037.8,3033.736225694445,TP,3.90377430555555,78,0.3613018400907074,ml_v3freq,2025-03
227297,short,2025-03-19 02:00:00,2025-03-19 02:05:00,2025-03-19 02:12:00,3029.86,3031.998869887153,SL,-2.2988698871527724,7,0.3606167737246051,ml_v3freq,2025-03
227301,short,2025-03-19 02:20:00,2025-03-19 02:25:00,2025-03-19 02:32:00,3030.391,3032.5245085750003,SL,-2.293508574999992,7,0.35776271989310193,ml_v3freq,2025-03
227338,long,2025-03-19 05:25:00,2025-03-19 05:30:00,2025-03-19 05:36:00,3037.454,3041.4506055555557,TP,3.8366055555555523,6,0.3961105225054713,ml_v3freq,2025-03
227342,long,2025-03-19 05:45:00,2025-03-19 05:50:00,2025-03-19 06:12:00,3042.063,3039.9688817909723,SL,-2.254118209027774,22,0.41137731013207673,ml_v3freq,2025-03
227349,long,2025-03-19 06:20:00,2025-03-19 06:25:00,2025-03-19 06:30:00,3037.597,3035.476035546181,SL,-2.2809644538194385,5,0.3997583323183109,ml_v3freq,2025-03
227355,long,2025-03-19 06:50:00,2025-03-19 06:55:00,2025-03-19 06:59:00,3043.603,3041.4817101371527,SL,-2.2812898628472156,4,0.4041820114023732,ml_v3freq,2025-03
227429,long,2025-03-19 13:00:00,2025-03-19 13:05:00,2025-03-19 13:10:00,3037.812,3035.7092108309025,SL,-2.2627891690972324,5,0.3945076804729405,ml_v3freq,2025-03
227440,short,2025-03-19 13:55:00,2025-03-19 14:00:00,2025-03-19 14:05:00,3033.329,3029.2499020833334,TP,3.9190979166666944,5,0.36436656708742066,ml_v3freq,2025-03
227525,long,2025-03-19 22:00:00,2025-03-19 22:05:00,2025-03-20 00:03:00,3048.286,3052.4868770833336,TP,4.040877083333369,118,0.4052924793686992,ml_v3freq,2025-03
227562,long,2025-03-20 01:05:00,2025-03-20 01:10:00,2025-03-20 01:59:00,3051.991,3049.722053806597,SL,-2.428946193402793,49,0.39875799905923554,ml_v3freq,2025-03
227602,long,2025-03-20 04:25:00,2025-03-20 04:30:00,2025-03-20 05:06:00,3053.425,3051.0994762881946,SL,-2.485523711805571,36,0.40179619659860155,ml_v3freq,2025-03
227630,long,2025-03-20 06:45:00,2025-03-20 06:50:00,2025-03-20 07:01:00,3049.452,3047.0741528975695,SL,-2.5378471024305638,11,0.39555313310130436,ml_v3freq,2025-03
227739,long,2025-03-20 15:50:00,2025-03-20 15:55:00,2025-03-20 16:11:00,3041.531,3039.059601770486,SL,-2.631398229513863,16,0.3994301713961205,ml_v3freq,2025-03
227745,long,2025-03-20 16:20:00,2025-03-20 16:25:00,2025-03-20 16:32:00,3039.469,3037.0007963347225,SL,-2.6282036652777525,7,0.4010964550870405,ml_v3freq,2025-03
227753,long,2025-03-20 17:00:00,2025-03-20 17:05:00,2025-03-20 17:11:00,3039.422,3036.941279992361,SL,-2.6407200076388584,6,0.39860341841534375,ml_v3freq,2025-03
227761,long,2025-03-20 17:40:00,2025-03-20 17:45:00,2025-03-20 18:14:00,3039.464,3044.2519104166668,TP,4.627910416666604,29,0.40048111716334056,ml_v3freq,2025-03
227814,long,2025-03-20 23:05:00,2025-03-20 23:10:00,2025-03-21 00:19:00,3045.075,3042.8789573340277,SL,-2.3560426659721867,69,0.3941712775055249,ml_v3freq,2025-03
227832,long,2025-03-21 00:35:00,2025-03-21 00:40:00,2025-03-21 01:18:00,3043.143,3040.936008510764,SL,-2.3669914892360775,38,0.3990687344163395,ml_v3freq,2025-03
227847,long,2025-03-21 01:50:00,2025-03-21 01:55:00,2025-03-21 02:02:00,3037.142,3034.9431397680555,SL,-2.358860231944409,7,0.39414564856440604,ml_v3freq,2025-03
227851,long,2025-03-21 02:10:00,2025-03-21 02:15:00,2025-03-21 03:04:00,3035.469,3033.282759288889,SL,-2.3462407111110744,49,0.40619328914598096,ml_v3freq,2025-03
227938,long,2025-03-21 09:25:00,2025-03-21 09:30:00,2025-03-21 09:35:00,3030.679,3028.515137112153,SL,-2.3238628878472047,5,0.39618640715960834,ml_v3freq,2025-03
227944,long,2025-03-21 09:55:00,2025-03-21 10:00:00,2025-03-21 11:39:00,3029.677,3033.8141305555555,TP,3.977130555555515,99,0.3933172185470948,ml_v3freq,2025-03
228067,long,2025-03-21 20:10:00,2025-03-21 20:15:00,2025-03-23 22:17:00,3021.124,3025.3126701388887,TP,4.028670138888907,55,0.3952295375720516,ml_v3freq,2025-03
228100,long,2025-03-24 00:00:00,2025-03-24 00:05:00,2025-03-24 00:15:00,3025.204,3022.979118951042,SL,-2.3848810489583476,10,0.4087602497784809,ml_v3freq,2025-03
228105,long,2025-03-24 00:25:00,2025-03-24 00:30:00,2025-03-24 00:47:00,3022.751,3020.518003567361,SL,-2.3929964326389053,17,0.4085140489628692,ml_v3freq,2025-03
228112,short,2025-03-24 01:00:00,2025-03-24 01:05:00,2025-03-24 01:10:00,3020.427,3022.6876720736113,SL,-2.4206720736111245,5,0.36073845690553097,ml_v3freq,2025-03
228116,short,2025-03-24 01:20:00,2025-03-24 01:25:00,2025-03-24 01:34:00,3021.357,3023.6271327458335,SL,-2.430132745833343,9,0.3729742865708424,ml_v3freq,2025-03
228120,short,2025-03-24 01:40:00,2025-03-24 01:45:00,2025-03-24 02:42:00,3023.854,3019.451998611111,TP,4.242001388888901,57,0.3696029061727363,ml_v3freq,2025-03
228134,short,2025-03-24 02:50:00,2025-03-24 02:55:00,2025-03-24 04:55:00,3017.657,3019.9584355069446,SL,-2.4614355069444502,120,0.3637431826453051,ml_v3freq,2025-03
228161,short,2025-03-24 05:05:00,2025-03-24 05:10:00,2025-03-24 06:15:00,3021.79,3017.359971527778,TP,4.270028472222227,65,0.39899847056013826,ml_v3freq,2025-03
228177,short,2025-03-24 06:25:00,2025-03-24 06:30:00,2025-03-24 06:44:00,3022.335,3024.6522535604167,SL,-2.477253560416672,14,0.3936595855154763,ml_v3freq,2025-03
228182,short,2025-03-24 06:50:00,2025-03-24 06:55:00,2025-03-24 07:21:00,3025.207,3027.508879968055,SL,-2.4618799680555634,26,0.3810381759740134,ml_v3freq,2025-03
228190,long,2025-03-24 07:30:00,2025-03-24 07:35:00,2025-03-24 08:43:00,3023.096,3027.513447222222,TP,4.257447222222238,68,0.39898602394209326,ml_v3freq,2025-03
228213,long,2025-03-24 09:25:00,2025-03-24 09:30:00,2025-03-24 09:38:00,3029.209,3026.951466932986,SL,-2.4175330670138906,8,0.3939954946781794,ml_v3freq,2025-03
228230,long,2025-03-24 10:50:00,2025-03-24 10:55:00,2025-03-24 11:00:00,3029.788,3027.513879009375,SL,-2.434120990625003,5,0.400857859237124,ml_v3freq,2025-03
228248,short,2025-03-24 12:20:00,2025-03-24 12:25:00,2025-03-24 12:52:00,3027.321,3022.9511888888887,TP,4.20981111111111,27,0.3589056019969189,ml_v3freq,2025-03
228270,short,2025-03-24 14:10:00,2025-03-24 14:15:00,2025-03-24 14:24:00,3023.375,3018.979873611111,TP,4.235126388888887,9,0.3628569509377971,ml_v3freq,2025-03
228334,long,2025-03-24 19:30:00,2025-03-24 19:35:00,2025-03-24 20:19:00,3005.276,3009.2642104166666,TP,3.828210416666659,44,0.3990387428871123,ml_v3freq,2025-03
228345,long,2025-03-24 20:25:00,2025-03-24 20:30:00,2025-03-24 22:46:00,3011.454,3009.3988991270835,SL,-2.2151008729166595,73,0.4344375820839138,ml_v3freq,2025-03
228363,long,2025-03-24 22:55:00,2025-03-24 23:00:00,2025-03-24 23:43:00,3011.468,3009.409077555208,SL,-2.2189224447916533,43,0.47295015509952815,ml_v3freq,2025-03
228374,long,2025-03-24 23:50:00,2025-03-24 23:55:00,2025-03-25 00:52:00,3009.74,3013.667939583333,TP,3.7679395833332987,57,0.46931447406186466,ml_v3freq,2025-03
228388,long,2025-03-25 01:00:00,2025-03-25 01:05:00,2025-03-25 01:18:00,3013.999,3011.943010204861,SL,-2.215989795138868,13,0.4146667277757158,ml_v3freq,2025-03
228394,long,2025-03-25 01:30:00,2025-03-25 01:35:00,2025-03-25 01:56:00,3013.48,3011.4157718006945,SL,-2.224228199305533,21,0.39438224106863257,ml_v3freq,2025-03
228401,long,2025-03-25 02:05:00,2025-03-25 02:10:00,2025-03-25 02:49:00,3010.554,3008.4967125371527,SL,-2.2172874628472004,39,0.4078594388208085,ml_v3freq,2025-03
228414,short,2025-03-25 03:10:00,2025-03-25 03:15:00,2025-03-25 03:21:00,3012.457,3014.4851355760416,SL,-2.1881355760416485,6,0.36256698746014454,ml_v3freq,2025-03
228418,short,2025-03-25 03:30:00,2025-03-25 03:35:00,2025-03-25 05:04:00,3014.496,3016.527135688542,SL,-2.1911356885416495,89,0.3656582993215809,ml_v3freq,2025-03
228438,short,2025-03-25 05:10:00,2025-03-25 05:15:00,2025-03-25 05:26:00,3018.473,3020.4421809843748,SL,-2.1291809843749845,11,0.3700735566343523,ml_v3freq,2025-03
228446,long,2025-03-25 05:50:00,2025-03-25 05:55:00,2025-03-25 06:47:00,3016.864,3014.8912038006947,SL,-2.1327961993055387,52,0.4108313738000555,ml_v3freq,2025-03
228459,long,2025-03-25 06:55:00,2025-03-25 07:00:00,2025-03-25 07:06:00,3017.808,3015.83099729375,SL,-2.137002706249984,6,0.4157221733833505,ml_v3freq,2025-03
228463,long,2025-03-25 07:15:00,2025-03-25 07:20:00,2025-03-25 07:23:00,3015.232,3013.269085123611,SL,-2.122914876388871,3,0.3955331227489478,ml_v3freq,2025-03
228477,long,2025-03-25 08:25:00,2025-03-25 08:30:00,2025-03-25 08:55:00,3017.957,3021.7611590277775,TP,3.644159027777728,25,0.3998911396376097,ml_v3freq,2025-03
228500,short,2025-03-25 10:20:00,2025-03-25 10:25:00,2025-03-25 11:05:00,3022.642,3024.588993644444,SL,-2.106993644444422,40,0.3580330100451132,ml_v3freq,2025-03
228539,long,2025-03-25 13:35:00,2025-03-25 13:40:00,2025-03-25 14:03:00,3027.941,3031.749665972222,TP,3.6486659722221875,23,0.40231487333101745,ml_v3freq,2025-03
228652,long,2025-03-26 00:00:00,2025-03-26 00:05:00,2025-03-26 00:36:00,3021.185,3019.4230291666668,SL,-1.9219708333333352,31,0.40162156355924056,ml_v3freq,2025-03
228661,long,2025-03-26 00:45:00,2025-03-26 00:50:00,2025-03-26 01:02:00,3018.47,3016.7070172239582,SL,-1.9229827760416653,12,0.4232320864458774,ml_v3freq,2025-03
228673,long,2025-03-26 01:45:00,2025-03-26 01:50:00,2025-03-26 02:01:00,3022.391,3025.83241875,TP,3.28141875000001,11,0.40703580438440573,ml_v3freq,2025-03
228681,long,2025-03-26 02:25:00,2025-03-26 02:30:00,2025-03-26 02:43:00,3026.04,3024.255143387847,SL,-1.9448566121527824,13,0.3975378788782943,ml_v3freq,2025-03
228686,long,2025-03-26 02:50:00,2025-03-26 02:55:00,2025-03-26 03:12:00,3023.324,3021.5350479961808,SL,-1.9489520038194479,17,0.3958711307387336,ml_v3freq,2025-03
228734,long,2025-03-26 06:50:00,2025-03-26 06:55:00,2025-03-26 07:45:00,3025.697,3029.182655555556,TP,3.3256555555555636,50,0.3938024572280404,ml_v3freq,2025-03
228838,short,2025-03-26 15:30:00,2025-03-26 15:35:00,2025-03-26 16:23:00,3017.14,3018.9718742482637,SL,-1.9918742482638934,48,0.35979359784468984,ml_v3freq,2025-03
228967,long,2025-03-27 03:15:00,2025-03-27 03:20:00,2025-03-27 04:07:00,3030.997,3034.5813958333333,TP,3.4243958333333198,47,0.40492178761716086,ml_v3freq,2025-03
229033,long,2025-03-27 08:45:00,2025-03-27 08:50:00,2025-03-27 09:56:00,3035.916,3039.7008708333333,TP,3.6248708333333384,66,0.4026218407406421,ml_v3freq,2025-03
229169,long,2025-03-27 20:05:00,2025-03-27 20:10:00,2025-03-28 00:10:00,3056.303,3060.6673569444442,TP,4.20435694444444,177,0.3970960996665595,ml_v3freq,2025-03
229408,long,2025-03-28 17:00:00,2025-03-28 17:05:00,2025-03-28 17:16:00,3084.89,3082.4521943,SL,-2.597805699999981,11,0.3950375836733875,ml_v3freq,2025-03
229590,short,2025-03-31 09:15:00,2025-03-31 09:20:00,2025-03-31 09:42:00,3121.12,3115.130011111111,TP,5.82998888888885,22,0.358413519614024,ml_v3freq,2025-03
229597,short,2025-03-31 09:50:00,2025-03-31 09:55:00,2025-03-31 10:22:00,3113.203,3116.309652209375,SL,-3.2666522093749797,27,0.3612499654628808,ml_v3freq,2025-03
229606,short,2025-03-31 10:35:00,2025-03-31 10:40:00,2025-03-31 11:26:00,3121.648,3115.6034083333334,TP,5.8845916666666245,46,0.359672788328141,ml_v3freq,2025-03
229625,short,2025-03-31 12:10:00,2025-03-31 12:15:00,2025-03-31 12:30:00,3122.647,3125.8288097895834,SL,-3.3418097895833156,15,0.3597911796923541,ml_v3freq,2025-03
229632,short,2025-03-31 12:45:00,2025-03-31 12:50:00,2025-03-31 13:04:00,3123.875,3117.656432638889,TP,6.058567361111087,14,0.35770318025951725,ml_v3freq,2025-03
229637,short,2025-03-31 13:10:00,2025-03-31 13:15:00,2025-03-31 13:31:00,3118.76,3112.4179347222225,TP,6.18206527777775,16,0.38158917286532135,ml_v3freq,2025-03
229646,short,2025-03-31 13:55:00,2025-03-31 14:00:00,2025-03-31 14:33:00,3113.478,3116.8558885708335,SL,-3.537888570833315,33,0.35797577310719964,ml_v3freq,2025-03
229755,short,2025-04-01 00:00:00,2025-04-01 00:05:00,2025-04-01 00:44:00,3122.993,3126.0032279586803,SL,-3.1702279586805373,39,0.3573868901427387,ml_v3freq,2025-04
229765,short,2025-04-01 00:50:00,2025-04-01 00:55:00,2025-04-01 01:01:00,3127.556,3130.584665157986,SL,-3.1886651579860956,6,0.38538136981775506,ml_v3freq,2025-04
229769,short,2025-04-01 01:10:00,2025-04-01 01:15:00,2025-04-01 01:44:00,3132.855,3135.922436453125,SL,-3.2274364531249864,29,0.3554528362743725,ml_v3freq,2025-04
229946,long,2025-04-01 15:55:00,2025-04-01 16:00:00,2025-04-01 16:06:00,3113.69,3110.8897322954863,SL,-2.959267704513869,6,0.38933007762308425,ml_v3freq,2025-04
229956,long,2025-04-01 16:45:00,2025-04-01 16:50:00,2025-04-01 16:57:00,3110.398,3107.525896268403,SL,-3.032103731597204,7,0.38873433459505635,ml_v3freq,2025-04
229966,long,2025-04-01 17:35:00,2025-04-01 17:40:00,2025-04-01 18:34:00,3113.1,3118.6119166666667,TP,5.351916666666629,54,0.39109274909353714,ml_v3freq,2025-04
229979,long,2025-04-01 18:40:00,2025-04-01 18:45:00,2025-04-01 20:26:00,3113.558,3119.0768375,TP,5.358837499999962,101,0.40683190204941455,ml_v3freq,2025-04
230002,long,2025-04-01 20:35:00,2025-04-01 20:40:00,2025-04-01 20:51:00,3118.569,3115.7518507100694,SL,-2.977149289930541,11,0.43838882894542475,ml_v3freq,2025-04
230007,long,2025-04-01 22:00:00,2025-04-01 22:05:00,2025-04-01 22:15:00,3114.149,3111.323624211111,SL,-2.985375788888876,10,0.44103298334082996,ml_v3freq,2025-04
230012,long,2025-04-01 22:25:00,2025-04-01 22:30:00,2025-04-02 00:21:00,3111.456,3116.9616680555555,TP,5.345668055555523,111,0.40155348763561094,ml_v3freq,2025-04
230044,short,2025-04-02 01:05:00,2025-04-02 01:10:00,2025-04-02 01:11:00,3128.26,3131.199114180903,SL,-3.0991141809027667,1,0.35254132526492976,ml_v3freq,2025-04
230071,long,2025-04-02 03:20:00,2025-04-02 03:25:00,2025-04-02 03:34:00,3129.977,3127.0603787260416,SL,-3.0766212739583327,9,0.3912593466980639,ml_v3freq,2025-04
230075,long,2025-04-02 03:40:00,2025-04-02 03:45:00,2025-04-02 03:55:00,3127.87,3124.9666054125,SL,-3.063394587499999,10,0.402683571192336,ml_v3freq,2025-04
230080,long,2025-04-02 04:05:00,2025-04-02 04:10:00,2025-04-02 04:35:00,3125.402,3122.504371501736,SL,-3.05762849826389,25,0.41065468617653633,ml_v3freq,2025-04
230275,long,2025-04-02 20:20:00,2025-04-02 20:25:00,2025-04-02 20:26:00,3122.515,3128.2159944444443,TP,5.541994444444469,1,0.3875371750188553,ml_v3freq,2025-04
230279,short,2025-04-02 20:40:00,2025-04-02 20:45:00,2025-04-02 20:46:00,3130.213,3133.3460381194445,SL,-3.2930381194444522,1,0.3545333140672152,ml_v3freq,2025-04
230284,long,2025-04-02 22:05:00,2025-04-02 22:10:00,2025-04-02 22:19:00,3141.793,3138.491705571181,SL,-3.540294428819457,9,0.390270892295709,ml_v3freq,2025-04
230289,long,2025-04-02 22:30:00,2025-04-02 22:35:00,2025-04-02 22:36:00,3138.046,3144.6203638888887,TP,6.414363888888908,1,0.388078924607664,ml_v3freq,2025-04
230292,long,2025-04-02 22:45:00,2025-04-02 22:50:00,2025-04-02 23:06:00,3144.543,3151.189803472222,TP,6.486803472222239,16,0.40110139210167495,ml_v3freq,2025-04
230298,long,2025-04-02 23:15:00,2025-04-02 23:20:00,2025-04-02 23:47:00,3158.157,3164.881995138889,TP,6.56499513888892,27,0.4105152393955615,ml_v3freq,2025-04
230306,long,2025-04-02 23:55:00,2025-04-03 00:00:00,2025-04-03 00:05:00,3162.602,3159.039005281597,SL,-3.7229947184027954,5,0.3959920229514239,ml_v3freq,2025-04
230311,long,2025-04-03 00:20:00,2025-04-03 00:25:00,2025-04-03 00:35:00,3143.667,3150.7344694444446,TP,6.907469444444479,10,0.3878428850149879,ml_v3freq,2025-04
230319,long,2025-04-03 01:00:00,2025-04-03 01:05:00,2025-04-03 01:12:00,3152.921,3149.115531903472,SL,-3.9644680965277956,7,0.39736845389523767,ml_v3freq,2025-04
230323,long,2025-04-03 01:20:00,2025-04-03 01:25:00,2025-04-03 01:36:00,3150.354,3157.771170138889,TP,7.257170138888917,11,0.3879566627942739,ml_v3freq,2025-04
230328,long,2025-04-03 01:45:00,2025-04-03 01:50:00,2025-04-03 02:28:00,3153.578,3149.6523924777775,SL,-4.085607522222231,38,0.3947751674076381,ml_v3freq,2025-04
230338,long,2025-04-03 02:35:00,2025-04-03 02:40:00,2025-04-03 02:53:00,3147.76,3143.8321027093752,SL,-4.087897290625009,13,0.3873449990860176,ml_v3freq,2025-04
230345,long,2025-04-03 03:10:00,2025-04-03 03:15:00,2025-04-03 04:46:00,3149.143,3145.1473779475696,SL,-4.155622052430567,91,0.3912796679159465,ml_v3freq,2025-04
230477,long,2025-04-03 14:10:00,2025-04-03 14:15:00,2025-04-03 14:26:00,3114.292,3124.315879861111,TP,9.86487986111112,11,0.38785001601777935,ml_v3freq,2025-04
230489,long,2025-04-03 15:10:00,2025-04-03 15:15:00,2025-04-03 15:17:00,3111.611,3106.258723900347,SL,-5.5112760996527905,2,0.39651057622752856,ml_v3freq,2025-04
230502,long,2025-04-03 16:15:00,2025-04-03 16:20:00,2025-04-03 16:23:00,3108.295,3102.8067545159724,SL,-5.648245484027784,3,0.393517169590777,ml_v3freq,2025-04
230505,long,2025-04-03 16:30:00,2025-04-03 16:35:00,2025-04-03 17:05:00,3107.824,3102.322988164236,SL,-5.6610118357638965,30,0.4025916468618418,ml_v3freq,2025-04
230514,long,2025-04-03 17:15:00,2025-04-03 17:20:00,2025-04-03 20:41:00,3103.464,3114.1206854166667,TP,10.49668541666668,201,0.3960454613328329,ml_v3freq,2025-04
230557,long,2025-04-03 20:50:00,2025-04-03 20:55:00,2025-04-04 00:30:00,3114.286,3108.669733842361,SL,-5.776266157638896,152,0.41844419694954377,ml_v3freq,2025-04
230594,long,2025-04-04 00:55:00,2025-04-04 01:00:00,2025-04-04 02:25:00,3110.542,3105.636204928472,SL,-5.06579507152779,85,0.39120269089903015,ml_v3freq,2025-04
230617,long,2025-04-04 02:50:00,2025-04-04 02:55:00,2025-04-04 03:06:00,3095.635,3090.9366095312503,SL,-4.858390468750012,11,0.39377370523482447,ml_v3freq,2025-04
230624,long,2025-04-04 03:25:00,2025-04-04 03:30:00,2025-04-04 04:36:00,3093.382,3102.5160868055555,TP,8.974086805555578,66,0.399867140782929,ml_v3freq,2025-04
230640,long,2025-04-04 04:45:00,2025-04-04 04:50:00,2025-04-04 07:02:00,3102.716,3098.0204945600694,SL,-4.855505439930565,132,0.3971370937409402,ml_v3freq,2025-04
230702,long,2025-04-04 09:55:00,2025-04-04 10:00:00,2025-04-04 10:07:00,3090.749,3099.768182638889,TP,8.860182638888904,7,0.3955330721428989,ml_v3freq,2025-04
230717,long,2025-04-04 11:10:00,2025-04-04 11:15:00,2025-04-04 11:16:00,3134.473,3129.581518957292,SL,-5.051481042708348,1,0.40071788090457783,ml_v3freq,2025-04
230734,long,2025-04-04 12:35:00,2025-04-04 12:40:00,2025-04-04 12:41:00,3080.4,3075.2912489052082,SL,-5.267751094791677,1,0.38807606879398954,ml_v3freq,2025-04
230749,short,2025-04-04 13:50:00,2025-04-04 13:55:00,2025-04-04 14:02:00,3064.38,3054.1314833333336,TP,10.088516666666687,7,0.35363744318754403,ml_v3freq,2025-04
230755,short,2025-04-04 14:20:00,2025-04-04 14:25:00,2025-04-04 14:35:00,3055.343,3045.104811111111,TP,10.078188888888906,10,0.3523317885425779,ml_v3freq,2025-04
230762,short,2025-04-04 14:55:00,2025-04-04 15:00:00,2025-04-04 15:01:00,3038.455,3043.8409043447914,SL,-5.5459043447916825,1,0.34920507788927285,ml_v3freq,2025-04
230765,short,2025-04-04 15:10:00,2025-04-04 15:15:00,2025-04-04 15:25:00,3043.961,3033.580017361111,TP,10.221982638888917,10,0.34926468253404824,ml_v3freq,2025-04
230770,short,2025-04-04 15:35:00,2025-04-04 15:40:00,2025-04-04 16:19:00,3022.866,3028.276921155903,SL,-5.569921155902791,39,0.34955893576414315,ml_v3freq,2025-04
230780,short,2025-04-04 16:25:00,2025-04-04 16:30:00,2025-04-04 16:41:00,3030.7,3036.1045439326385,SL,-5.56454393263891,11,0.3599750411537382,ml_v3freq,2025-04
230787,short,2025-04-04 17:00:00,2025-04-04 17:05:00,2025-04-04 17:25:00,3030.918,3020.5613395833334,TP,10.196660416666713,20,0.34932945410129973,ml_v3freq,2025-04
230794,short,2025-04-04 17:35:00,2025-04-04 17:40:00,2025-04-04 19:18:00,3025.335,3030.734309609375,SL,-5.559309609375023,98,0.34813691463951013,ml_v3freq,2025-04
230823,long,2025-04-04 20:00:00,2025-04-04 20:05:00,2025-04-06 22:13:00,3036.391,3030.854407464931,SL,-5.696592535069462,53,0.40035311768298626,ml_v3freq,2025-04
230856,short,2025-04-06 23:55:00,2025-04-07 00:00:00,2025-04-07 00:01:00,2999.954,3006.1242512170143,SL,-6.330251217013913,1,0.34969091873880653,ml_v3freq,2025-04
230864,short,2025-04-07 00:35:00,2025-04-07 00:40:00,2025-04-07 00:47:00,2987.685,2975.2324805555554,TP,12.292519444444496,7,0.35362556343457185,ml_v3freq,2025-04
230868,short,2025-04-07 00:55:00,2025-04-07 01:00:00,2025-04-07 01:01:00,2978.939,2985.5247707666667,SL,-6.745770766666697,1,0.3505198554348591,ml_v3freq,2025-04
230871,short,2025-04-07 01:10:00,2025-04-07 01:15:00,2025-04-07 01:17:00,3006.567,3013.3796245114586,SL,-6.972624511458365,2,0.3610800699543598,ml_v3freq,2025-04
230900,long,2025-04-07 03:35:00,2025-04-07 03:40:00,2025-04-07 03:48:00,3029.288,3021.7643250156248,SL,-7.683674984375038,8,0.3873646672854638,ml_v3freq,2025-04
230904,long,2025-04-07 03:55:00,2025-04-07 04:00:00,2025-04-07 04:56:00,3018.949,3033.3890666666666,TP,14.28006666666674,56,0.40107673909096614,ml_v3freq,2025-04
230969,long,2025-04-07 09:20:00,2025-04-07 09:25:00,2025-04-07 11:06:00,3022.029,3037.64288125,TP,15.453881250000055,101,0.38919058701657583,ml_v3freq,2025-04
230995,long,2025-04-07 11:30:00,2025-04-07 11:35:00,2025-04-07 11:57:00,3040.817,3032.6063865579863,SL,-8.370613442013914,22,0.3886541110330588,ml_v3freq,2025-04
231003,long,2025-04-07 12:10:00,2025-04-07 12:15:00,2025-04-07 12:35:00,3025.758,3017.630405544097,SL,-8.287594455902799,20,0.3932771474372954,ml_v3freq,2025-04
231016,long,2025-04-07 13:15:00,2025-04-07 13:20:00,2025-04-07 13:33:00,3026.279,3018.289823432986,SL,-8.148176567013907,13,0.39152139696897376,ml_v3freq,2025-04
231027,long,2025-04-07 14:10:00,2025-04-07 14:15:00,2025-04-07 14:22:00,3027.024,3019.1768605052084,SL,-8.006139494791686,7,0.39515567225484505,ml_v3freq,2025-04
231040,long,2025-04-07 15:15:00,2025-04-07 15:20:00,2025-04-07 15:28:00,2995.009,2987.0692062371527,SL,-8.098793762847246,8,0.388021914363486,ml_v3freq,2025-04
231046,long,2025-04-07 15:45:00,2025-04-07 15:50:00,2025-04-07 16:45:00,2982.025,2974.115310540625,SL,-8.06868945937502,55,0.3891300403677089,ml_v3freq,2025-04
231061,long,2025-04-07 17:00:00,2025-04-07 17:05:00,2025-04-07 17:29:00,2966.567,2958.9631712163196,SL,-7.762828783680577,24,0.4022465788928302,ml_v3freq,2025-04
231068,long,2025-04-07 17:35:00,2025-04-07 17:40:00,2025-04-07 19:38:00,2965.531,2980.2228826388887,TP,14.531882638888922,118,0.391868162977672,ml_v3freq,2025-04
231094,long,2025-04-07 19:45:00,2025-04-07 19:50:00,2025-04-08 00:30:00,2976.977,2991.6167625,TP,14.479762500000025,217,0.4015761993770483,ml_v3freq,2025-04
231141,long,2025-04-08 00:40:00,2025-04-08 00:45:00,2025-04-08 00:55:00,2991.601,2984.5924395697916,SL,-7.168560430208333,10,0.3900356755206321,ml_v3freq,2025-04
231155,long,2025-04-08 01:50:00,2025-04-08 01:55:00,2025-04-08 06:20:00,2997.092,3009.9679125000002,TP,12.716912499999987,265,0.3994397881928621,ml_v3freq,2025-04
231211,short,2025-04-08 06:30:00,2025-04-08 06:35:00,2025-04-08 07:44:00,3013.218,3002.397498611111,TP,10.660501388888875,69,0.3486389782128271,ml_v3freq,2025-04
231232,long,2025-04-08 08:15:00,2025-04-08 08:20:00,2025-04-08 09:15:00,3007.685,3002.293480365278,SL,-5.55051963472221,55,0.4040725932763952,ml_v3freq,2025-04
231246,short,2025-04-08 09:25:00,2025-04-08 09:30:00,2025-04-08 09:32:00,2995.824,3001.0536524538197,SL,-5.389652453819435,2,0.34932558141996606,ml_v3freq,2025-04
231249,short,2025-04-08 09:40:00,2025-04-08 09:45:00,2025-04-08 11:00:00,3006.355,3011.5840810038194,SL,-5.389081003819432,75,0.3630579551344131,ml_v3freq,2025-04
231267,short,2025-04-08 11:10:00,2025-04-08 11:15:00,2025-04-08 11:53:00,3011.322,3016.3693956194447,SL,-5.207395619444427,38,0.3510923226957534,ml_v3freq,2025-04
231277,short,2025-04-08 12:00:00,2025-04-08 12:05:00,2025-04-08 12:24:00,3017.047,3007.388595138889,TP,9.498404861111085,19,0.36227768563081963,ml_v3freq,2025-04
231283,short,2025-04-08 12:30:00,2025-04-08 12:35:00,2025-04-08 12:59:00,3012.271,3002.5846979166668,TP,9.526302083333308,24,0.34822340351779574,ml_v3freq,2025-04
231290,short,2025-04-08 13:05:00,2025-04-08 13:10:00,2025-04-08 13:11:00,3006.578,3011.5679212420137,SL,-5.149921242013873,1,0.3544103344564651,ml_v3freq,2025-04
231311,short,2025-04-08 14:50:00,2025-04-08 14:55:00,2025-04-08 16:01:00,3009.357,2999.9552694444446,TP,9.24173055555554,66,0.3498977954040866,ml_v3freq,2025-04
231350,long,2025-04-08 18:05:00,2025-04-08 18:10:00,2025-04-08 18:30:00,2982.533,2990.8143499999996,TP,8.121349999999957,20,0.3944391263907989,ml_v3freq,2025-04
231364,long,2025-04-08 19:15:00,2025-04-08 19:20:00,2025-04-08 23:04:00,2979.638,2987.7448319444443,TP,7.946831944444408,161,0.39219498306209033,ml_v3freq,2025-04
231400,short,2025-04-08 23:15:00,2025-04-08 23:20:00,2025-04-08 23:35:00,2982.11,2974.1803368055557,TP,7.769663194444428,15,0.3553912332489695,ml_v3freq,2025-04
231413,long,2025-04-09 00:20:00,2025-04-09 00:25:00,2025-04-09 00:35:00,2984.074,2979.8198523802084,SL,-4.414147619791653,10,0.39123000791300333,ml_v3freq,2025-04
231571,short,2025-04-09 13:30:00,2025-04-09 13:35:00,2025-04-09 13:37:00,3072.413,3077.6492558760415,SL,-5.395255876041657,2,0.34798878550798623,ml_v3freq,2025-04
231580,short,2025-04-09 14:15:00,2025-04-09 14:20:00,2025-04-09 14:51:00,3081.003,3070.8707472222222,TP,9.972252777777754,31,0.3525115561512205,ml_v3freq,2025-04
231663,long,2025-04-09 22:10:00,2025-04-09 22:15:00,2025-04-09 22:34:00,3075.849,3087.644727777778,TP,11.63572777777778,19,0.3972796211712729,ml_v3freq,2025-04
231672,long,2025-04-09 22:55:00,2025-04-09 23:00:00,2025-04-10 00:24:00,3080.052,3092.055688888889,TP,11.843688888888892,84,0.39820997148576026,ml_v3freq,2025-04
231806,short,2025-04-10 10:05:00,2025-04-10 10:10:00,2025-04-10 10:26:00,3115.527,3121.6640555277777,SL,-6.29705552777778,16,0.364116395407437,ml_v3freq,2025-04
231812,short,2025-04-10 10:35:00,2025-04-10 10:40:00,2025-04-10 12:05:00,3119.634,3125.754693803125,SL,-6.280693803125002,85,0.3656551340157973,ml_v3freq,2025-04
231832,short,2025-04-10 12:15:00,2025-04-10 12:20:00,2025-04-10 12:30:00,3126.804,3132.896752279167,SL,-6.252752279166675,10,0.3503066846663939,ml_v3freq,2025-04
231837,short,2025-04-10 12:40:00,2025-04-10 12:45:00,2025-04-10 12:50:00,3124.639,3130.738319985764,SL,-6.259319985763899,5,0.35119717203042844,ml_v3freq,2025-04
231853,long,2025-04-10 14:00:00,2025-04-10 14:05:00,2025-04-10 14:21:00,3134.957,3146.6732374999997,TP,11.556237500000012,16,0.3911284693962974,ml_v3freq,2025-04
231859,long,2025-04-10 14:30:00,2025-04-10 14:35:00,2025-04-10 15:01:00,3146.468,3158.143293055555,TP,11.515293055555574,26,0.399702637902727,ml_v3freq,2025-04
231973,long,2025-04-11 01:00:00,2025-04-11 01:05:00,2025-04-11 01:13:00,3214.705,3209.400566964236,SL,-5.463433035763907,8,0.39284112029140394,ml_v3freq,2025-04
231994,long,2025-04-11 02:45:00,2025-04-11 02:50:00,2025-04-11 04:16:00,3218.645,3213.331959498611,SL,-5.472040501388903,86,0.39284533152718865,ml_v3freq,2025-04
232068,short,2025-04-11 08:55:00,2025-04-11 09:00:00,2025-04-11 09:37:00,3215.984,3221.4353155277777,SL,-5.611315527777799,37,0.348057846122502,ml_v3freq,2025-04
232124,short,2025-04-11 13:35:00,2025-04-11 13:40:00,2025-04-11 13:41:00,3233.119,3238.825769551389,SL,-5.866769551388911,1,0.3484599900272581,ml_v3freq,2025-04
232130,short,2025-04-11 14:05:00,2025-04-11 14:10:00,2025-04-11 15:11:00,3232.397,3238.174391247222,SL,-5.937391247222244,61,0.35065686822206704,ml_v3freq,2025-04
232215,short,2025-04-13 22:15:00,2025-04-13 22:20:00,2025-04-14 00:21:00,3221.576,3226.9221369805555,SL,-5.586136980555563,121,0.3484059399937389,ml_v3freq,2025-04
232242,short,2025-04-14 00:30:00,2025-04-14 00:35:00,2025-04-14 01:26:00,3224.061,3229.397862823264,SL,-5.496862823263896,51,0.3609967913223608,ml_v3freq,2025-04
232255,short,2025-04-14 01:35:00,2025-04-14 01:40:00,2025-04-14 02:03:00,3238.578,3243.9534277614584,SL,-5.53542776145834,23,0.3561979930011706,ml_v3freq,2025-04
232289,short,2025-04-14 04:25:00,2025-04-14 04:30:00,2025-04-14 05:22:00,3232.567,3222.8092666666666,TP,9.597733333333359,52,0.35014303882850245,ml_v3freq,2025-04
232303,short,2025-04-14 05:35:00,2025-04-14 05:40:00,2025-04-14 05:55:00,3229.201,3234.2904686256943,SL,-5.249468625694456,15,0.3601231405968379,ml_v3freq,2025-04
232309,short,2025-04-14 06:05:00,2025-04-14 06:10:00,2025-04-14 06:28:00,3232.113,3237.2236797385417,SL,-5.270679738541675,18,0.3639625967371439,ml_v3freq,2025-04
232315,short,2025-04-14 06:35:00,2025-04-14 06:40:00,2025-04-14 08:03:00,3232.418,3222.6414597222224,TP,9.6165402777778,83,0.35411562629818666,ml_v3freq,2025-04
232334,short,2025-04-14 08:10:00,2025-04-14 08:15:00,2025-04-14 08:29:00,3219.313,3224.088984648264,SL,-4.935984648263902,14,0.3635600198338985,ml_v3freq,2025-04
232339,short,2025-04-14 08:35:00,2025-04-14 08:40:00,2025-04-14 08:58:00,3225.134,3229.886503609028,SL,-4.912503609027794,18,0.3504161746132349,ml_v3freq,2025-04
232357,short,2025-04-14 10:05:00,2025-04-14 10:10:00,2025-04-14 10:20:00,3221.951,3213.0758180555554,TP,8.715181944444485,10,0.35299933560967195,ml_v3freq,2025-04
232369,short,2025-04-14 11:05:00,2025-04-14 11:10:00,2025-04-14 12:04:00,3221.358,3225.987713290278,SL,-4.789713290277792,54,0.348159843475973,ml_v3freq,2025-04
232384,short,2025-04-14 12:20:00,2025-04-14 12:25:00,2025-04-14 12:32:00,3219.141,3210.4698069444444,TP,8.511193055555577,7,0.34808343768388955,ml_v3freq,2025-04
232416,long,2025-04-14 15:25:00,2025-04-14 15:30:00,2025-04-14 15:39:00,3205.794,3201.3784018815973,SL,-4.575598118402788,9,0.3872498718382499,ml_v3freq,2025-04
232422,long,2025-04-14 15:55:00,2025-04-14 16:00:00,2025-04-14 16:35:00,3198.089,3206.46089375,TP,8.211893750000028,35,0.3929113464344973,ml_v3freq,2025-04
232433,long,2025-04-14 16:50:00,2025-04-14 16:55:00,2025-04-14 17:37:00,3207.213,3215.3648708333335,TP,7.991870833333348,42,0.3908795743642279,ml_v3freq,2025-04
232444,long,2025-04-14 17:45:00,2025-04-14 17:50:00,2025-04-14 18:26:00,3213.633,3209.4165085541663,SL,-4.376491445833342,36,0.4008751862902157,ml_v3freq,2025-04
232496,long,2025-04-14 23:05:00,2025-04-14 23:10:00,2025-04-15 01:18:00,3211.046,3218.6760354166663,TP,7.470035416666681,128,0.39815538502367165,ml_v3freq,2025-04
232524,short,2025-04-15 01:25:00,2025-04-15 01:30:00,2025-04-15 03:01:00,3223.109,3226.8577040631944,SL,-3.9087040631944494,91,0.36886525884483756,ml_v3freq,2025-04
232547,short,2025-04-15 03:20:00,2025-04-15 03:25:00,2025-04-15 03:58:00,3224.63,3228.2329882815975,SL,-3.7629882815972255,33,0.35306580027229134,ml_v3freq,2025-04
232556,short,2025-04-15 04:05:00,2025-04-15 04:10:00,2025-04-15 04:53:00,3227.815,3231.344441872917,SL,-3.689441872916667,43,0.35736369749194924,ml_v3freq,2025-04
232567,short,2025-04-15 05:00:00,2025-04-15 05:05:00,2025-04-15 05:28:00,3230.626,3223.9620930555557,TP,6.503906944444445,23,0.3487241852827696,ml_v3freq,2025-04
232574,short,2025-04-15 05:35:00,2025-04-15 05:40:00,2025-04-15 06:33:00,3225.165,3228.638233415972,SL,-3.633233415972225,53,0.3725316882956003,ml_v3freq,2025-04
232593,short,2025-04-15 07:10:00,2025-04-15 07:15:00,2025-04-15 08:00:00,3222.236,3225.673573348611,SL,-3.597573348611118,45,0.3499215901720499,ml_v3freq,2025-04
232610,short,2025-04-15 08:35:00,2025-04-15 08:40:00,2025-04-15 10:53:00,3227.459,3220.888753472222,TP,6.4102465277777885,133,0.3484086423640482,ml_v3freq,2025-04
232639,short,2025-04-15 11:00:00,2025-04-15 11:05:00,2025-04-15 11:48:00,3223.93,3217.67491875,TP,6.095081249999992,43,0.36742038824507706,ml_v3freq,2025-04
232654,short,2025-04-15 12:15:00,2025-04-15 12:20:00,2025-04-15 12:25:00,3222.518,3216.4743631944443,TP,5.883636805555549,5,0.3482785014225596,ml_v3freq,2025-04
232669,short,2025-04-15 13:30:00,2025-04-15 13:35:00,2025-04-15 13:51:00,3220.278,3214.148227083333,TP,5.9697729166666615,16,0.35007408380777566,ml_v3freq,2025-04
232726,short,2025-04-15 18:15:00,2025-04-15 18:20:00,2025-04-15 19:04:00,3227.037,3229.8248227934027,SL,-2.947822793402769,44,0.35160790281618703,ml_v3freq,2025-04
232764,short,2025-04-15 22:25:00,2025-04-15 22:30:00,2025-04-15 22:39:00,3234.969,3237.673176799653,SL,-2.8641767996527694,9,0.35686334734904746,ml_v3freq,2025-04
232768,short,2025-04-15 22:45:00,2025-04-15 22:50:00,2025-04-15 22:52:00,3238.706,3241.4097164649306,SL,-2.863716464930553,2,0.36029655893928353,ml_v3freq,2025-04
232780,short,2025-04-15 23:45:00,2025-04-15 23:50:00,2025-04-15 23:56:00,3243.918,3246.678512245486,SL,-2.920512245486106,6,0.34938087423575953,ml_v3freq,2025-04
232799,short,2025-04-16 01:20:00,2025-04-16 01:25:00,2025-04-16 01:29:00,3270.828,3264.9819583333333,TP,5.686041666666651,4,0.3507547356424322,ml_v3freq,2025-04
232802,long,2025-04-16 01:35:00,2025-04-16 01:40:00,2025-04-16 01:46:00,3261.874,3267.8275590277776,TP,5.793559027777757,6,0.3909722427674547,ml_v3freq,2025-04
232836,long,2025-04-16 04:25:00,2025-04-16 04:30:00,2025-04-16 04:43:00,3271.638,3277.7105881944444,TP,5.912588194444426,13,0.39310200104737636,ml_v3freq,2025-04
233125,short,2025-04-17 05:30:00,2025-04-17 05:35:00,2025-04-17 06:01:00,3335.589,3326.9743118055553,TP,8.45468819444445,26,0.348166657580253,ml_v3freq,2025-04
233209,long,2025-04-17 12:30:00,2025-04-17 12:35:00,2025-04-17 12:42:00,3328.075,3323.808459058333,SL,-4.426540941666673,7,0.38992626209784365,ml_v3freq,2025-04
233214,long,2025-04-17 12:55:00,2025-04-17 13:00:00,2025-04-17 13:20:00,3328.22,3323.97467017118,SL,-4.405329828819453,20,0.38939100648907643,ml_v3freq,2025-04
233231,long,2025-04-17 14:20:00,2025-04-17 14:25:00,2025-04-17 14:27:00,3309.333,3304.9779993920138,SL,-4.515000607986122,2,0.39033461040987116,ml_v3freq,2025-04
233267,long,2025-04-17 17:20:00,2025-04-17 17:25:00,2025-04-17 19:20:00,3317.601,3313.198013465625,SL,-4.562986534375014,115,0.38821625236816315,ml_v3freq,2025-04
233293,long,2025-04-17 19:30:00,2025-04-17 19:35:00,2025-04-17 20:36:00,3317.017,3325.309426388889,TP,8.132426388888904,61,0.4256137512518757,ml_v3freq,2025-04
233309,long,2025-04-17 20:50:00,2025-04-17 20:55:00,2025-04-20 22:05:00,3327.89,3336.13553125,TP,8.08553125,3,0.387976348069908,ml_v3freq,2025-04
233324,short,2025-04-20 23:10:00,2025-04-20 23:15:00,2025-04-21 00:02:00,3347.806,3352.2450474104166,SL,-4.5990474104166665,47,0.3494737382723196,ml_v3freq,2025-04
233393,short,2025-04-21 04:55:00,2025-04-21 05:00:00,2025-04-21 05:04:00,3376.359,3380.6487084770833,SL,-4.449708477083337,4,0.3570854153229101,ml_v3freq,2025-04
233396,short,2025-04-21 05:10:00,2025-04-21 05:15:00,2025-04-21 06:05:00,3382.64,3386.961693803472,SL,-4.481693803472227,50,0.35470019400388925,ml_v3freq,2025-04
233409,short,2025-04-21 06:15:00,2025-04-21 06:20:00,2025-04-21 07:02:00,3389.205,3393.5602268069442,SL,-4.515226806944452,42,0.3482875603048622,ml_v3freq,2025-04
233426,short,2025-04-21 07:40:00,2025-04-21 07:45:00,2025-04-21 07:52:00,3391.619,3383.347488888889,TP,8.111511111111145,7,0.3520899130224233,ml_v3freq,2025-04
233436,short,2025-04-21 08:30:00,2025-04-21 08:35:00,2025-04-21 08:47:00,3388.451,3392.6886470010418,SL,-4.397647001041688,12,0.3597061718197625,ml_v3freq,2025-04
233441,short,2025-04-21 08:55:00,2025-04-21 09:00:00,2025-04-21 09:28:00,3392.775,3396.9896699489586,SL,-4.3746699489583545,28,0.36709828194011895,ml_v3freq,2025-04
233449,short,2025-04-21 09:35:00,2025-04-21 09:40:00,2025-04-21 11:12:00,3395.473,3387.424720138889,TP,7.888279861111146,92,0.37562870498527734,ml_v3freq,2025-04
233470,short,2025-04-21 11:20:00,2025-04-21 11:25:00,2025-04-21 11:30:00,3390.56,3394.7408075680555,SL,-4.3408075680555696,5,0.38035313304294793,ml_v3freq,2025-04
233474,short,2025-04-21 11:40:00,2025-04-21 11:45:00,2025-04-21 12:19:00,3403.466,3407.6545816690973,SL,-4.348581669097234,34,0.3662006864395665,ml_v3freq,2025-04
233521,short,2025-04-21 15:35:00,2025-04-21 15:40:00,2025-04-21 16:19:00,3423.048,3414.828028472222,TP,8.059971527777792,39,0.35477946285352446,ml_v3freq,2025-04
233567,short,2025-04-21 19:25:00,2025-04-21 19:30:00,2025-04-21 20:51:00,3422.195,3426.2890741569445,SL,-4.254074156944447,81,0.3826355645504521,ml_v3freq,2025-04
233586,short,2025-04-21 22:00:00,2025-04-21 22:05:00,2025-04-21 22:11:00,3427.992,3432.0919354878474,SL,-4.25993548784723,6,0.35511344765096176,ml_v3freq,2025-04
233590,short,2025-04-21 22:20:00,2025-04-21 22:25:00,2025-04-21 23:18:00,3434.197,3438.3230753569446,SL,-4.286075356944454,53,0.3851177552786397,ml_v3freq,2025-04
233603,short,2025-04-21 23:25:00,2025-04-21 23:30:00,2025-04-21 23:52:00,3441.495,3433.6425965277776,TP,7.6924034722222405,22,0.3493592781451495,ml_v3freq,2025-04
233625,short,2025-04-22 01:15:00,2025-04-22 01:20:00,2025-04-22 01:21:00,3435.77,3440.058446525,SL,-4.448446525000015,1,0.35006214284144693,ml_v3freq,2025-04
233673,long,2025-04-22 05:15:00,2025-04-22 05:20:00,2025-04-22 05:31:00,3479.016,3474.471924841667,SL,-4.70407515833334,11,0.387949199955547,ml_v3freq,2025-04
233767,long,2025-04-22 13:05:00,2025-04-22 13:10:00,2025-04-22 13:25:00,3436.838,3447.8319118055556,TP,10.833911805555543,15,0.3990527694487762,ml_v3freq,2025-04
233774,short,2025-04-22 13:40:00,2025-04-22 13:45:00,2025-04-22 13:46:00,3411.843,3417.6999815333334,SL,-6.016981533333325,1,0.35921706378729074,ml_v3freq,2025-04
233777,short,2025-04-22 13:55:00,2025-04-22 14:00:00,2025-04-22 14:01:00,3418.729,3424.687699633333,SL,-6.118699633333325,1,0.3606282037523481,ml_v3freq,2025-04
233780,long,2025-04-22 14:10:00,2025-04-22 14:15:00,2025-04-22 14:19:00,3430.681,3424.6572542767362,SL,-6.182745723263882,4,0.39162533042802367,ml_v3freq,2025-04
233789,long,2025-04-22 14:55:00,2025-04-22 15:00:00,2025-04-22 15:08:00,3430.043,3424.0632995791666,SL,-6.139700420833324,8,0.3878135975547896,ml_v3freq,2025-04
233797,long,2025-04-22 15:35:00,2025-04-22 15:40:00,2025-04-22 15:59:00,3425.536,3419.509361311111,SL,-6.186638688888881,19,0.3881050788447071,ml_v3freq,2025-04
233803,long,2025-04-22 16:05:00,2025-04-22 16:10:00,2025-04-22 16:15:00,3418.383,3412.2815727923607,SL,-6.2614272076388815,5,0.38981769906227937,ml_v3freq,2025-04
233829,long,2025-04-22 18:15:00,2025-04-22 18:20:00,2025-04-22 18:27:00,3393.091,3386.5702316708334,SL,-6.680768329166658,7,0.39182457979701696,ml_v3freq,2025-04
233833,long,2025-04-22 18:35:00,2025-04-22 18:40:00,2025-04-22 18:45:00,3386.322,3379.7900407750003,SL,-6.691959224999988,5,0.39204314798912643,ml_v3freq,2025-04
233839,long,2025-04-22 19:05:00,2025-04-22 19:10:00,2025-04-22 19:29:00,3382.63,3376.037748831597,SL,-6.7522511684027675,19,0.39427445466590527,ml_v3freq,2025-04
233847,long,2025-04-22 19:45:00,2025-04-22 19:50:00,2025-04-22 22:02:00,3370.661,3363.971899961806,SL,-6.849100038194434,68,0.3891432386491709,ml_v3freq,2025-04
233894,long,2025-04-23 00:40:00,2025-04-23 00:45:00,2025-04-23 01:00:00,3357.153,3371.617717361111,TP,14.30471736111109,15,0.3887496239263409,ml_v3freq,2025-04
233904,short,2025-04-23 01:30:00,2025-04-23 01:35:00,2025-04-23 01:36:00,3362.199,3369.733135694097,SL,-7.694135694097211,1,0.3513181336460104,ml_v3freq,2025-04
233920,long,2025-04-23 02:50:00,2025-04-23 02:55:00,2025-04-23 02:56:00,3358.258,3350.6509171260413,SL,-7.7660828739583225,1,0.387510576107263,ml_v3freq,2025-04
233924,short,2025-04-23 03:10:00,2025-04-23 03:15:00,2025-04-23 03:44:00,3336.271,3343.9499228694444,SL,-7.837922869444438,29,0.3525944777069082,ml_v3freq,2025-04
233943,short,2025-04-23 04:45:00,2025-04-23 04:50:00,2025-04-23 05:38:00,3344.099,3329.432425,TP,14.506574999999986,48,0.35291835949966854,ml_v3freq,2025-04
233955,short,2025-04-23 05:45:00,2025-04-23 05:50:00,2025-04-23 06:22:00,3317.915,3325.651024217014,SL,-7.896024217013877,32,0.36198078215391366,ml_v3freq,2025-04
233964,short,2025-04-23 06:30:00,2025-04-23 06:35:00,2025-04-23 06:51:00,3321.954,3306.862611111111,TP,14.93138888888887,16,0.35508044902578323,ml_v3freq,2025-04
233970,short,2025-04-23 07:00:00,2025-04-23 07:05:00,2025-04-23 07:43:00,3310.371,3318.3150558274306,SL,-8.104055827430548,38,0.3681185332848185,ml_v3freq,2025-04
233980,short,2025-04-23 07:50:00,2025-04-23 07:55:00,2025-04-23 09:04:00,3319.104,3326.9393533385414,SL,-7.995353338541663,69,0.3764347008983418,ml_v3freq,2025-04
233996,short,2025-04-23 09:10:00,2025-04-23 09:15:00,2025-04-23 09:20:00,3331.743,3339.4845125180555,SL,-7.901512518055548,5,0.3528752118552125,ml_v3freq,2025-04
234000,short,2025-04-23 09:30:00,2025-04-23 09:35:00,2025-04-23 09:56:00,3335.008,3320.043447222222,TP,14.80455277777776,21,0.3485646337473786,ml_v3freq,2025-04
234008,short,2025-04-23 10:10:00,2025-04-23 10:15:00,2025-04-23 10:30:00,3328.67,3336.3894124829862,SL,-7.879412482986105,15,0.34919666649941566,ml_v3freq,2025-04
234065,short,2025-04-23 14:55:00,2025-04-23 15:00:00,2025-04-23 15:20:00,3287.49,3272.3039041666666,TP,15.026095833333317,20,0.3552724728482731,ml_v3freq,2025-04
234072,short,2025-04-23 15:30:00,2025-04-23 15:35:00,2025-04-23 15:38:00,3271.732,3279.6372289746528,SL,-8.065228974652769,3,0.35296067714960305,ml_v3freq,2025-04
234075,short,2025-04-23 15:45:00,2025-04-23 15:50:00,2025-04-23 16:20:00,3284.136,3292.0660195868054,SL,-8.090019586805546,30,0.35073230953060114,ml_v3freq,2025-04
234119,long,2025-04-23 19:25:00,2025-04-23 19:30:00,2025-04-23 20:31:00,3295.782,3288.4232121510418,SL,-7.518787848958341,61,0.38832117286244866,ml_v3freq,2025-04
234134,long,2025-04-23 20:40:00,2025-04-23 20:45:00,2025-04-23 22:02:00,3288.89,3302.8412236111108,TP,13.791223611111116,14,0.4122189663956357,ml_v3freq,2025-04
234202,long,2025-04-24 03:20:00,2025-04-24 03:25:00,2025-04-24 03:36:00,3329.195,3322.5085270444447,SL,-6.845472955555558,11,0.3972053370613987,ml_v3freq,2025-04
234209,long,2025-04-24 03:55:00,2025-04-24 04:00:00,2025-04-24 06:00:00,3326.967,3320.342807157639,SL,-6.784192842361114,120,0.3907846541670319,ml_v3freq,2025-04
234290,short,2025-04-24 10:40:00,2025-04-24 10:45:00,2025-04-24 11:16:00,3330.43,3336.545316617361,SL,-6.27531661736111,31,0.35658601909232013,ml_v3freq,2025-04
234374,long,2025-04-24 17:40:00,2025-04-24 17:45:00,2025-04-24 19:48:00,3333.376,3343.428922916667,TP,9.892922916666675,123,0.3898001557414438,ml_v3freq,2025-04
234434,long,2025-04-25 00:00:00,2025-04-25 00:05:00,2025-04-25 01:10:00,3352.424,3362.103663888889,TP,9.5196638888889,65,0.38773028720414365,ml_v3freq,2025-04
234452,long,2025-04-25 01:30:00,2025-04-25 01:35:00,2025-04-25 01:40:00,3353.308,3348.16094985,SL,-5.307050150000001,5,0.3906178313414014,ml_v3freq,2025-04
234480,long,2025-04-25 03:50:00,2025-04-25 03:55:00,2025-04-25 03:57:00,3336.491,3331.6419014989583,SL,-5.009098501041669,2,0.39298408537787277,ml_v3freq,2025-04
234483,long,2025-04-25 04:05:00,2025-04-25 04:10:00,2025-04-25 04:32:00,3321.701,3316.849012501736,SL,-5.011987498263891,22,0.3941990643020056,ml_v3freq,2025-04
234500,short,2025-04-25 05:30:00,2025-04-25 05:35:00,2025-04-25 05:36:00,3313.228,3318.027183930903,SL,-4.95918393090278,1,0.35321109116346566,ml_v3freq,2025-04
234503,short,2025-04-25 05:45:00,2025-04-25 05:50:00,2025-04-25 05:54:00,3303.037,3293.6841812499997,TP,9.193818750000007,4,0.35101360202104775,ml_v3freq,2025-04
234506,short,2025-04-25 06:00:00,2025-04-25 06:05:00,2025-04-25 06:36:00,3296.928,3301.878034825694,SL,-5.110034825694449,31,0.35015328347952096,ml_v3freq,2025-04
234515,short,2025-04-25 06:45:00,2025-04-25 06:50:00,2025-04-25 07:03:00,3301.867,3306.923733271181,SL,-5.216733271180555,13,0.3508751820077566,ml_v3freq,2025-04
234532,short,2025-04-25 08:10:00,2025-04-25 08:15:00,2025-04-25 08:27:00,3295.739,3300.712706348264,SL,-5.133706348263896,12,0.3542123375250453,ml_v3freq,2025-04
234538,short,2025-04-25 08:40:00,2025-04-25 08:45:00,2025-04-25 08:46:00,3300.418,3305.3471213430557,SL,-5.089121343055561,1,0.3487558755169302,ml_v3freq,2025-04
234548,short,2025-04-25 09:30:00,2025-04-25 09:35:00,2025-04-25 10:29:00,3298.813,3303.7221007510416,SL,-5.069100751041672,54,0.3486227703121397,ml_v3freq,2025-04
234582,short,2025-04-25 12:20:00,2025-04-25 12:25:00,2025-04-25 12:26:00,3294.35,3299.2589102677084,SL,-5.068910267708336,1,0.3482494036903051,ml_v3freq,2025-04
234585,short,2025-04-25 12:35:00,2025-04-25 12:40:00,2025-04-25 13:01:00,3295.235,3285.712193055556,TP,9.36280694444445,21,0.3481089453448919,ml_v3freq,2025-04
234600,short,2025-04-25 13:50:00,2025-04-25 13:55:00,2025-04-25 14:28:00,3281.363,3286.5305350451385,SL,-5.327535045138896,33,0.3480403998184576,ml_v3freq,2025-04
234644,long,2025-04-25 17:30:00,2025-04-25 17:35:00,2025-04-25 19:34:00,3289.179,3298.660549305556,TP,9.321549305555562,119,0.3910047961529388,ml_v3freq,2025-04
234689,short,2025-04-27 22:20:00,2025-04-27 22:25:00,2025-04-27 23:15:00,3317.495,3307.760152777778,TP,9.57484722222223,50,0.3515213853462339,ml_v3freq,2025-04
234729,long,2025-04-28 01:40:00,2025-04-28 01:45:00,2025-04-28 01:58:00,3285.988,3280.7932774274304,SL,-5.353722572569446,13,0.38905027419229604,ml_v3freq,2025-04
234742,long,2025-04-28 02:45:00,2025-04-28 02:50:00,2025-04-28 03:26:00,3284.276,3294.4089631944444,TP,9.972963194444441,36,0.391737897954191,ml_v3freq,2025-04
234752,long,2025-04-28 03:35:00,2025-04-28 03:40:00,2025-04-28 05:44:00,3293.661,3288.3873538329863,SL,-5.433646167013888,124,0.3933124145661949,ml_v3freq,2025-04
234780,long,2025-04-28 05:55:00,2025-04-28 06:00:00,2025-04-28 06:18:00,3295.089,3289.9304414819444,SL,-5.318558518055555,18,0.38912503757203265,ml_v3freq,2025-04
234786,long,2025-04-28 06:25:00,2025-04-28 06:30:00,2025-04-28 06:37:00,3292.683,3287.518623803472,SL,-5.324376196527775,7,0.3873946577949565,ml_v3freq,2025-04
234824,short,2025-04-28 09:35:00,2025-04-28 09:40:00,2025-04-28 10:34:00,3280.623,3285.501948826736,SL,-5.038948826736106,54,0.35415853858066976,ml_v3freq,2025-04
234852,long,2025-04-28 11:55:00,2025-04-28 12:00:00,2025-04-28 13:45:00,3294.297,3289.4851687694445,SL,-4.971831230555556,105,0.3932513465929821,ml_v3freq,2025-04
234912,long,2025-04-28 16:55:00,2025-04-28 17:00:00,2025-04-28 18:24:00,3336.581,3345.546641666667,TP,8.805641666666652,84,0.39255962416094314,ml_v3freq,2025-04
234981,short,2025-04-28 23:40:00,2025-04-28 23:45:00,2025-04-29 00:53:00,3337.505,3328.7493743055556,TP,8.595625694444436,68,0.35154801678584713,ml_v3freq,2025-04
234997,short,2025-04-29 01:00:00,2025-04-29 01:05:00,2025-04-29 01:33:00,3329.431,3333.8839288833333,SL,-4.61292888333333,28,0.36319681765046385,ml_v3freq,2025-04
235012,short,2025-04-29 02:15:00,2025-04-29 02:20:00,2025-04-29 02:53:00,3332.936,3324.3497819444447,TP,8.426218055555543,33,0.3518144118537079,ml_v3freq,2025-04
235030,long,2025-04-29 03:45:00,2025-04-29 03:50:00,2025-04-29 04:56:00,3311.795,3307.5008469118056,SL,-4.454153088194442,66,0.3942899170857529,ml_v3freq,2025-04
235046,long,2025-04-29 05:05:00,2025-04-29 05:10:00,2025-04-29 05:15:00,3311.635,3307.369506716667,SL,-4.42549328333333,5,0.38762375144741323,ml_v3freq,2025-04
235090,long,2025-04-29 08:45:00,2025-04-29 08:50:00,2025-04-29 09:00:00,3315.869,3311.7370077545143,SL,-4.291992245486102,10,0.3881905321320741,ml_v3freq,2025-04
235105,short,2025-04-29 10:00:00,2025-04-29 10:05:00,2025-04-29 12:20:00,3312.723,3304.7991041666664,TP,7.763895833333323,135,0.3485850193064478,ml_v3freq,2025-04
235135,long,2025-04-29 12:30:00,2025-04-29 12:35:00,2025-04-29 12:38:00,3308.679,3304.509930967361,SL,-4.329069032638887,3,0.3977534091650656,ml_v3freq,2025-04
235138,long,2025-04-29 12:45:00,2025-04-29 12:50:00,2025-04-29 13:16:00,3309.311,3317.350770138889,TP,7.8797701388888814,26,0.3872082325922507,ml_v3freq,2025-04
235146,long,2025-04-29 13:25:00,2025-04-29 13:30:00,2025-04-29 13:43:00,3317.254,3313.024603308333,SL,-4.388396691666662,13,0.4091500949561657,ml_v3freq,2025-04
235164,long,2025-04-29 14:55:00,2025-04-29 15:00:00,2025-04-29 15:13:00,3314.507,3310.1792424770833,SL,-4.487757522916666,13,0.3880605391427141,ml_v3freq,2025-04
235169,long,2025-04-29 15:20:00,2025-04-29 15:25:00,2025-04-29 15:43:00,3310.299,3306.009874878125,SL,-4.449125121875004,18,0.39291794814946657,ml_v3freq,2025-04
235175,long,2025-04-29 15:50:00,2025-04-29 15:55:00,2025-04-29 16:37:00,3313.407,3321.5550131944447,TP,7.98801319444445,42,0.4132595449027946,ml_v3freq,2025-04
235192,long,2025-04-29 17:15:00,2025-04-29 17:20:00,2025-04-29 17:57:00,3323.839,3319.7139564277777,SL,-4.2850435722222215,37,0.3875626713503779,ml_v3freq,2025-04
235213,long,2025-04-29 19:00:00,2025-04-29 19:05:00,2025-04-29 19:51:00,3323.1,3318.998612076736,SL,-4.26138792326389,46,0.3872092647301095,ml_v3freq,2025-04
235246,short,2025-04-29 22:45:00,2025-04-29 22:50:00,2025-04-29 23:16:00,3318.772,3310.9883465277776,TP,7.62365347222224,26,0.35502639075404946,ml_v3freq,2025-04
235256,short,2025-04-29 23:35:00,2025-04-29 23:40:00,2025-04-30 00:04:00,3316.291,3320.282387766667,SL,-4.151387766666676,24,0.35007008677470663,ml_v3freq,2025-04
235264,long,2025-04-30 00:15:00,2025-04-30 00:20:00,2025-04-30 00:30:00,3322.407,3318.417088479167,SL,-4.149911520833337,10,0.38719278516030775,ml_v3freq,2025-04
235269,long,2025-04-30 00:40:00,2025-04-30 00:45:00,2025-04-30 01:04:00,3314.277,3310.2893584055555,SL,-4.147641594444448,19,0.3915668525849362,ml_v3freq,2025-04
235282,long,2025-04-30 01:45:00,2025-04-30 01:50:00,2025-04-30 01:56:00,3314.878,3310.8400906475695,SL,-4.197909352430565,6,0.387504947444099,ml_v3freq,2025-04
235286,long,2025-04-30 02:05:00,2025-04-30 02:10:00,2025-04-30 04:05:00,3307.684,3303.651686095486,SL,-4.192313904513896,115,0.39738230011682873,ml_v3freq,2025-04
235333,short,2025-04-30 06:00:00,2025-04-30 06:05:00,2025-04-30 07:41:00,3309.864,3313.6169105701388,SL,-3.9129105701388975,96,0.34937049773765805,ml_v3freq,2025-04
235394,short,2025-04-30 11:05:00,2025-04-30 11:10:00,2025-04-30 11:27:00,3277.106,3280.9605532704863,SL,-4.014553270486121,17,0.3520631653097364,ml_v3freq,2025-04
235406,short,2025-04-30 12:05:00,2025-04-30 12:10:00,2025-04-30 12:15:00,3274.512,3278.409150105903,SL,-4.05715010590278,5,0.35033516705305306,ml_v3freq,2025-04
235429,short,2025-04-30 14:00:00,2025-04-30 14:05:00,2025-04-30 14:15:00,3306.013,3310.208875593403,SL,-4.354875593402783,10,0.3495961588648054,ml_v3freq,2025-04
235438,short,2025-04-30 14:45:00,2025-04-30 14:50:00,2025-04-30 14:51:00,3298.818,3303.03465811875,SL,-4.376658118750005,1,0.3494677108553144,ml_v3freq,2025-04
235449,short,2025-04-30 15:40:00,2025-04-30 15:45:00,2025-04-30 15:52:00,3302.083,3306.3077060395835,SL,-4.38470603958334,7,0.34813264131815164,ml_v3freq,2025-04
235462,short,2025-04-30 16:45:00,2025-04-30 16:50:00,2025-04-30 18:26:00,3309.913,3301.754857638889,TP,7.998142361111125,96,0.3482902724426624,ml_v3freq,2025-04
235494,long,2025-04-30 19:25:00,2025-04-30 19:30:00,2025-04-30 19:38:00,3299.254,3295.0528702413194,SL,-4.361129758680561,8,0.3875210115462988,ml_v3freq,2025-04
235501,long,2025-04-30 20:00:00,2025-04-30 20:05:00,2025-04-30 20:26:00,3296.038,3291.801249857986,SL,-4.396750142013891,21,0.3977924793066028,ml_v3freq,2025-04
235522,long,2025-04-30 22:45:00,2025-04-30 22:50:00,2025-04-30 22:59:00,3279.143,3274.741783373264,SL,-4.561216626736108,9,0.4042589164913311,ml_v3freq,2025-04
235526,long,2025-04-30 23:05:00,2025-04-30 23:10:00,2025-04-30 23:18:00,3279.332,3274.9085007916665,SL,-4.583499208333329,8,0.41888424229031945,ml_v3freq,2025-04
235530,long,2025-04-30 23:25:00,2025-04-30 23:30:00,2025-04-30 23:41:00,3278.377,3273.8917683180557,SL,-4.645231681944437,11,0.4045969432649245,ml_v3freq,2025-04
235535,long,2025-04-30 23:50:00,2025-04-30 23:55:00,2025-05-01 00:19:00,3273.906,3269.3838343934026,SL,-4.682165606597217,24,0.3902785093800475,ml_v3freq,2025-04
235685,short,2025-05-01 12:20:00,2025-05-01 12:25:00,2025-05-01 12:30:00,3214.98,3220.2213671788195,SL,-5.4003671788194385,5,0.3621551459417677,ml_v3freq,2025-05
235708,short,2025-05-01 14:15:00,2025-05-01 14:20:00,2025-05-01 14:30:00,3219.051,3224.3471866947916,SL,-5.456186694791667,10,0.36557633334258555,ml_v3freq,2025-05
235800,long,2025-05-01 22:55:00,2025-05-01 23:00:00,2025-05-02 00:48:00,3238.011,3232.97759696875,SL,-5.193403031250002,108,0.44258601456409835,ml_v3freq,2025-05
235824,long,2025-05-02 00:55:00,2025-05-02 01:00:00,2025-05-02 02:08:00,3231.311,3240.6950618055557,TP,9.224061805555559,68,0.44176956179518767,ml_v3freq,2025-05
236082,short,2025-05-04 23:30:00,2025-05-04 23:35:00,2025-05-04 23:53:00,3247.657,3251.7584672913194,SL,-4.261467291319459,18,0.3656176672753855,ml_v3freq,2025-05
236088,short,2025-05-05 00:00:00,2025-05-05 00:05:00,2025-05-05 01:02:00,3246.511,3250.6232692836807,SL,-4.272269283680571,57,0.3646974868122367,ml_v3freq,2025-05
236102,short,2025-05-05 01:10:00,2025-05-05 01:15:00,2025-05-05 01:21:00,3259.117,3263.2607784017364,SL,-4.303778401736128,6,0.36425566620728556,ml_v3freq,2025-05
236108,short,2025-05-05 01:40:00,2025-05-05 01:45:00,2025-05-05 02:04:00,3263.884,3268.0592716461806,SL,-4.335271646180575,19,0.3660462977839858,ml_v3freq,2025-05
236141,short,2025-05-05 04:25:00,2025-05-05 04:30:00,2025-05-05 05:10:00,3256.375,3260.5757606972224,SL,-4.360760697222234,40,0.3624398106761161,ml_v3freq,2025-05
236155,short,2025-05-05 05:35:00,2025-05-05 05:40:00,2025-05-05 06:57:00,3260.636,3264.8324906958333,SL,-4.356490695833338,77,0.3612476282097381,ml_v3freq,2025-05
236180,long,2025-05-05 07:40:00,2025-05-05 07:45:00,2025-05-05 08:29:00,3264.292,3272.402429861111,TP,7.950429861111127,44,0.4464177929604172,ml_v3freq,2025-05
236652,long,2025-05-07 01:00:00,2025-05-07 01:05:00,2025-05-07 01:06:00,3378.346,3372.8740725881944,SL,-5.6309274118055495,1,0.45766092899065725,ml_v3freq,2025-05
236655,long,2025-05-07 01:15:00,2025-05-07 01:20:00,2025-05-07 01:25:00,3371.496,3365.9241283642364,SL,-5.731871635763884,5,0.4535604097621737,ml_v3freq,2025-05
236659,long,2025-05-07 01:35:00,2025-05-07 01:40:00,2025-05-07 02:17:00,3369.242,3380.047865277778,TP,10.64586527777777,37,0.4496279626996329,ml_v3freq,2025-05
237171,long,2025-05-08 22:15:00,2025-05-08 22:20:00,2025-05-09 00:24:00,3314.922,3309.7653502836806,SL,-5.316649716319437,124,0.4528791327462983,ml_v3freq,2025-05
237199,long,2025-05-09 00:35:00,2025-05-09 00:40:00,2025-05-09 01:16:00,3316.47,3311.2227357746524,SL,-5.40726422534722,36,0.44232364508825917,ml_v3freq,2025-05
237242,long,2025-05-09 04:10:00,2025-05-09 04:15:00,2025-05-09 04:56:00,3314.918,3325.265157638889,TP,10.18715763888887,41,0.4537908335576377,ml_v3freq,2025-05
237269,long,2025-05-09 06:25:00,2025-05-09 06:30:00,2025-05-09 07:11:00,3321.011,3331.388751388889,TP,10.217751388888868,41,0.4513383886290232,ml_v3freq,2025-05
237280,long,2025-05-09 07:20:00,2025-05-09 07:25:00,2025-05-09 08:07:00,3326.087,3320.927397792014,SL,-5.319602207986104,42,0.45026815860411734,ml_v3freq,2025-05
237291,long,2025-05-09 08:15:00,2025-05-09 08:20:00,2025-05-09 11:26:00,3322.071,3331.6621826388887,TP,9.431182638888872,186,0.4515091657401842,ml_v3freq,2025-05
237338,long,2025-05-09 12:10:00,2025-05-09 12:15:00,2025-05-09 12:37:00,3334.546,3329.669424278125,SL,-5.036575721874992,22,0.46527187350144134,ml_v3freq,2025-05
237345,long,2025-05-09 12:45:00,2025-05-09 12:50:00,2025-05-09 14:00:00,3331.913,3327.0146456836806,SL,-5.058354316319433,70,0.45494223002927725,ml_v3freq,2025-05
237529,long,2025-05-12 05:10:00,2025-05-12 05:15:00,2025-05-12 05:26:00,3277.111,3272.629204954861,SL,-4.6417950451389105,11,0.44155436408224524,ml_v3freq,2025-05
237571,short,2025-05-12 08:40:00,2025-05-12 08:45:00,2025-05-12 09:15:00,3233.794,3224.3931479166663,TP,9.241852083333375,30,0.36404077815262886,ml_v3freq,2025-05
237580,short,2025-05-12 09:25:00,2025-05-12 09:30:00,2025-05-12 09:55:00,3226.395,3216.9450680555556,TP,9.289931944444483,25,0.3661486580708377,ml_v3freq,2025-05
237600,short,2025-05-12 11:05:00,2025-05-12 11:10:00,2025-05-12 11:55:00,3222.692,3227.7908618350693,SL,-5.258861835069467,45,0.36391582209383966,ml_v3freq,2025-05
237873,short,2025-05-13 10:50:00,2025-05-13 10:55:00,2025-05-13 11:22:00,3253.922,3258.000712469792,SL,-4.238712469791685,27,0.36431734689478074,ml_v3freq,2025-05
237881,short,2025-05-13 11:30:00,2025-05-13 11:35:00,2025-05-13 11:55:00,3258.259,3250.48138125,TP,7.617618750000029,20,0.3722294996637876,ml_v3freq,2025-05
238371,short,2025-05-15 06:20:00,2025-05-15 06:25:00,2025-05-15 06:29:00,3135.159,3139.485237624653,SL,-4.486237624652795,4,0.3619775539026594,ml_v3freq,2025-05
238374,short,2025-05-15 06:35:00,2025-05-15 06:40:00,2025-05-15 06:51:00,3148.726,3153.094009032292,SL,-4.528009032291685,11,0.3685416049060438,ml_v3freq,2025-05
238379,short,2025-05-15 07:00:00,2025-05-15 07:05:00,2025-05-15 07:38:00,3148.132,3139.6541625,TP,8.317837500000028,33,0.36937720242115,ml_v3freq,2025-05
238388,short,2025-05-15 07:45:00,2025-05-15 07:50:00,2025-05-15 07:54:00,3138.006,3142.4900292559028,SL,-4.644029255902792,4,0.36568125241855143,ml_v3freq,2025-05
238781,long,2025-05-16 17:30:00,2025-05-16 17:35:00,2025-05-16 19:16:00,3184.028,3192.856172222222,TP,8.668172222222182,101,0.4543831824275848,ml_v3freq,2025-05
238987,short,2025-05-19 11:45:00,2025-05-19 11:50:00,2025-05-19 12:53:00,3243.984,3234.6812465277776,TP,9.142753472222186,63,0.3816667407349992,ml_v3freq,2025-05
239111,short,2025-05-19 23:05:00,2025-05-19 23:10:00,2025-05-20 00:34:00,3223.596,3215.7189993055554,TP,7.717000694444416,84,0.3621017331896908,ml_v3freq,2025-05
239130,short,2025-05-20 00:40:00,2025-05-20 00:45:00,2025-05-20 01:00:00,3220.809,3224.7261429190976,SL,-4.077142919097212,15,0.3670623457971839,ml_v3freq,2025-05
239257,short,2025-05-20 11:15:00,2025-05-20 11:20:00,2025-05-20 12:31:00,3240.285,3243.758947728472,SL,-3.633947728472223,71,0.3669151695551208,ml_v3freq,2025-05
239892,long,2025-05-22 18:10:00,2025-05-22 18:15:00,2025-05-22 18:18:00,3297.75,3293.7738985208334,SL,-4.136101479166663,3,0.46456905935683857,ml_v3freq,2025-05
239895,long,2025-05-22 18:25:00,2025-05-22 18:30:00,2025-05-22 19:27:00,3294.812,3290.8467322604165,SL,-4.12526773958333,57,0.4524058166572984,ml_v3freq,2025-05
239926,long,2025-05-22 22:00:00,2025-05-22 22:05:00,2025-05-23 00:05:00,3297.433,3293.5439176569444,SL,-4.049082343055549,120,0.45328290454417314,ml_v3freq,2025-05
239995,long,2025-05-23 03:45:00,2025-05-23 03:50:00,2025-05-23 04:18:00,3302.105,3309.741696527778,TP,7.476696527777762,28,0.44213583442116255,ml_v3freq,2025-05
240003,long,2025-05-23 04:25:00,2025-05-23 04:30:00,2025-05-23 05:22:00,3311.89,3319.5124805555556,TP,7.462480555555541,52,0.44975334548418017,ml_v3freq,2025-05
240288,short,2025-05-26 05:15:00,2025-05-26 05:20:00,2025-05-26 06:26:00,3347.412,3339.7797416666663,TP,7.472258333333358,66,0.3631926998737256,ml_v3freq,2025-05
240304,short,2025-05-26 06:35:00,2025-05-26 06:40:00,2025-05-26 07:01:00,3343.092,3335.4181020833335,TP,7.513897916666685,21,0.37505407949107206,ml_v3freq,2025-05
240318,short,2025-05-26 07:45:00,2025-05-26 07:50:00,2025-05-26 08:01:00,3334.914,3338.848147525,SL,-4.094147525000011,11,0.3611187966646484,ml_v3freq,2025-05
240325,short,2025-05-26 08:20:00,2025-05-26 08:25:00,2025-05-26 09:25:00,3334.465,3326.879117361111,TP,7.425882638888915,60,0.36249736269133603,ml_v3freq,2025-05
240469,short,2025-05-27 00:10:00,2025-05-27 00:15:00,2025-05-27 00:29:00,3349.445,3343.941165277778,TP,5.343834722222212,14,0.3811907017936427,ml_v3freq,2025-05
240475,short,2025-05-27 00:40:00,2025-05-27 00:45:00,2025-05-27 01:23:00,3345.185,3339.65193125,TP,5.373068749999991,38,0.3725412743655971,ml_v3freq,2025-05
240518,short,2025-05-27 04:15:00,2025-05-27 04:20:00,2025-05-27 04:47:00,3340.702,3335.473172916667,TP,5.0688270833333,27,0.36623449743570663,ml_v3freq,2025-05
240736,short,2025-05-27 23:25:00,2025-05-27 23:30:00,2025-05-28 00:15:00,3308.493,3311.7931951812498,SL,-3.4601951812499996,45,0.36304606360483954,ml_v3freq,2025-05
240838,long,2025-05-28 07:55:00,2025-05-28 08:00:00,2025-05-28 08:46:00,3319.271,3315.8808966854167,SL,-3.5501033145833185,46,0.44853208681237344,ml_v3freq,2025-05
241088,long,2025-05-29 05:45:00,2025-05-29 05:50:00,2025-05-29 06:00:00,3266.536,3274.0295819444445,TP,7.3335819444444565,10,0.44244635149392886,ml_v3freq,2025-05
241136,long,2025-05-29 09:45:00,2025-05-29 09:50:00,2025-05-29 10:09:00,3280.092,3287.4059,TP,7.153900000000029,19,0.4422177762480065,ml_v3freq,2025-05
241343,long,2025-05-30 04:00:00,2025-05-30 04:05:00,2025-05-30 05:39:00,3293.193,3299.51724375,TP,6.1642437500000025,94,0.4547762771258207,ml_v3freq,2025-05
241411,long,2025-05-30 09:40:00,2025-05-30 09:45:00,2025-05-30 10:37:00,3297.872,3294.5839759100695,SL,-3.44802408993055,52,0.4471251956859238,ml_v3freq,2025-05
241426,long,2025-05-30 10:55:00,2025-05-30 11:00:00,2025-05-30 11:19:00,3295.209,3291.927607111111,SL,-3.4413928888888754,19,0.44949867080497774,ml_v3freq,2025-05
241519,long,2025-05-30 18:40:00,2025-05-30 18:45:00,2025-05-30 20:21:00,3294.396,3290.896281463889,SL,-3.659718536111105,96,0.4436087947154149,ml_v3freq,2025-05
241541,long,2025-05-30 20:30:00,2025-05-30 20:35:00,2025-06-01 22:05:00,3290.566,3297.2106798611107,TP,6.484679861111102,23,0.4984756966423976,ml_v3freq,2025-05
241557,short,2025-06-01 22:55:00,2025-06-01 23:00:00,2025-06-02 00:40:00,3313.134,3306.1767368055557,TP,6.79726319444445,100,0.3565540099835473,ml_v3freq,2025-06
241643,short,2025-06-02 06:05:00,2025-06-02 06:10:00,2025-06-02 06:18:00,3327.568,3331.1315780736113,SL,-3.7235780736111175,8,0.35955679723112444,ml_v3freq,2025-06
241714,short,2025-06-02 12:00:00,2025-06-02 12:05:00,2025-06-02 12:07:00,3354.429,3358.0987011006946,SL,-3.8297011006944626,2,0.36386713698681905,ml_v3freq,2025-06
241717,short,2025-06-02 12:15:00,2025-06-02 12:20:00,2025-06-02 12:25:00,3359.205,3362.8843601930557,SL,-3.8393601930555743,5,0.3613781215268047,ml_v3freq,2025-06
241826,short,2025-06-02 22:20:00,2025-06-02 22:25:00,2025-06-02 23:25:00,3388.291,3391.589568136111,SL,-3.4585681361111043,60,0.3610525616503881,ml_v3freq,2025-06
241993,short,2025-06-03 12:15:00,2025-06-03 12:20:00,2025-06-03 12:25:00,3351.094,3354.399302515625,SL,-3.46530251562499,5,0.35764168994517115,ml_v3freq,2025-06
242409,long,2025-06-05 00:55:00,2025-06-05 01:00:00,2025-06-05 01:19:00,3380.234,3377.0998705697916,SL,-3.2941294302083435,19,0.43514730334179175,ml_v3freq,2025-06
242648,long,2025-06-05 20:50:00,2025-06-05 20:55:00,2025-06-05 22:27:00,3354.42,3361.452223611111,TP,6.872223611111149,29,0.43507298079803164,ml_v3freq,2025-06
242658,long,2025-06-05 22:40:00,2025-06-05 22:45:00,2025-06-06 01:24:00,3358.603,3365.6937833333336,TP,6.930783333333365,159,0.44393600093280755,ml_v3freq,2025-06
242697,long,2025-06-06 01:55:00,2025-06-06 02:00:00,2025-06-06 03:10:00,3363.75,3360.0329002965277,SL,-3.877099703472239,70,0.4415519152979813,ml_v3freq,2025-06
242714,long,2025-06-06 03:20:00,2025-06-06 03:25:00,2025-06-06 03:50:00,3364.176,3371.2145868055554,TP,6.878586805555597,25,0.4334435730371857,ml_v3freq,2025-06
242723,long,2025-06-06 04:05:00,2025-06-06 04:10:00,2025-06-06 05:32:00,3371.367,3367.711561338889,SL,-3.8154386611111346,82,0.43406987393822427,ml_v3freq,2025-06
242774,long,2025-06-06 08:20:00,2025-06-06 08:25:00,2025-06-06 09:23:00,3360.849,3357.136309192014,SL,-3.872690807986133,58,0.43377311537340446,ml_v3freq,2025-06
243008,long,2025-06-09 04:55:00,2025-06-09 05:00:00,2025-06-09 06:22:00,3311.683,3318.766977083333,TP,6.92397708333332,82,0.4342060532379616,ml_v3freq,2025-06
243222,short,2025-06-09 23:45:00,2025-06-09 23:50:00,2025-06-10 00:10:00,3325.664,3320.2190763888893,TP,5.2849236111111075,20,0.3678022328031544,ml_v3freq,2025-06
243348,short,2025-06-10 10:15:00,2025-06-10 10:20:00,2025-06-10 10:24:00,3330.208,3333.0330702218753,SL,-2.9850702218750005,4,0.3589666006992587,ml_v3freq,2025-06
243351,short,2025-06-10 10:30:00,2025-06-10 10:35:00,2025-06-10 11:08:00,3333.714,3336.531304057639,SL,-2.9773040576388916,33,0.361216854853464,ml_v3freq,2025-06
243373,short,2025-06-10 12:20:00,2025-06-10 12:25:00,2025-06-10 12:28:00,3335.563,3338.4440842270833,SL,-3.041084227083335,3,0.3563367046266131,ml_v3freq,2025-06
243486,short,2025-06-10 22:45:00,2025-06-10 22:50:00,2025-06-10 23:20:00,3325.388,3319.646122222222,TP,5.581877777777766,30,0.35910795588254285,ml_v3freq,2025-06
243784,long,2025-06-12 00:35:00,2025-06-12 00:40:00,2025-06-12 00:59:00,3369.137,3365.6046810350695,SL,-3.6923189649305463,19,0.4563707416163456,ml_v3freq,2025-06
243790,long,2025-06-12 01:05:00,2025-06-12 01:10:00,2025-06-12 01:28:00,3368.804,3375.676410416667,TP,6.71241041666664,18,0.4521482844133412,ml_v3freq,2025-06
243796,long,2025-06-12 01:35:00,2025-06-12 01:40:00,2025-06-12 01:44:00,3373.022,3369.412900378125,SL,-3.7690996218749886,4,0.4480604131157155,ml_v3freq,2025-06
244067,long,2025-06-13 01:10:00,2025-06-13 01:15:00,2025-06-13 01:47:00,3425.487,3433.005584027778,TP,7.358584027777801,32,0.43427660256027617,ml_v3freq,2025-06
244084,long,2025-06-13 02:35:00,2025-06-13 02:40:00,2025-06-13 03:13:00,3438.236,3434.298800773264,SL,-4.097199226736121,33,0.43383177226949615,ml_v3freq,2025-06
244375,short,2025-06-16 03:55:00,2025-06-16 04:00:00,2025-06-16 05:03:00,3431.545,3423.4443708333333,TP,7.9406291666666675,63,0.3588909369570964,ml_v3freq,2025-06
244530,long,2025-06-16 16:50:00,2025-06-16 16:55:00,2025-06-16 17:33:00,3399.653,3395.8502304173608,SL,-3.962769582638888,38,0.43507263625575465,ml_v3freq,2025-06
244560,long,2025-06-16 19:20:00,2025-06-16 19:25:00,2025-06-16 22:35:00,3383.61,3390.768066666667,TP,6.998066666666667,126,0.4419901621422825,ml_v3freq,2025-06
244658,long,2025-06-17 04:30:00,2025-06-17 04:35:00,2025-06-17 06:06:00,3391.223,3387.710566701389,SL,-3.6724332986111072,91,0.43483387972364573,ml_v3freq,2025-06
244783,short,2025-06-17 14:55:00,2025-06-17 15:00:00,2025-06-17 15:32:00,3385.01,3378.2008472222224,TP,6.649152777777755,32,0.35827171610130537,ml_v3freq,2025-06
244862,short,2025-06-17 22:30:00,2025-06-17 22:35:00,2025-06-18 00:11:00,3390.588,3383.803559027778,TP,6.624440972222181,96,0.358301957199634,ml_v3freq,2025-06
244946,short,2025-06-18 05:30:00,2025-06-18 05:35:00,2025-06-18 06:20:00,3389.048,3382.7382013888887,TP,6.1497986111111205,45,0.35662604943643805,ml_v3freq,2025-06
245187,long,2025-06-19 02:35:00,2025-06-19 02:40:00,2025-06-19 03:19:00,3376.762,3373.5291248034723,SL,-3.3928751965277475,39,0.4416205114566979,ml_v3freq,2025-06
245197,long,2025-06-19 03:25:00,2025-06-19 03:30:00,2025-06-19 05:45:00,3371.338,3368.139903885417,SL,-3.3580961145833044,135,0.4423759917799961,ml_v3freq,2025-06
245367,long,2025-06-19 22:20:00,2025-06-19 22:25:00,2025-06-19 22:38:00,3367.001,3363.6960109881948,SL,-3.4649890118055544,13,0.4369717837756251,ml_v3freq,2025-06
245386,long,2025-06-19 23:55:00,2025-06-20 00:00:00,2025-06-20 00:33:00,3368.763,3365.491341603125,SL,-3.4316583968750027,33,0.4369350259376602,ml_v3freq,2025-06
245395,long,2025-06-20 00:40:00,2025-06-20 00:45:00,2025-06-20 01:10:00,3365.964,3362.7841545697916,SL,-3.339845430208336,25,0.4429014707472474,ml_v3freq,2025-06
245415,long,2025-06-20 02:20:00,2025-06-20 02:25:00,2025-06-20 02:31:00,3357.985,3354.9248019135416,SL,-3.2201980864583377,6,0.4422443339718669,ml_v3freq,2025-06
245433,long,2025-06-20 03:50:00,2025-06-20 03:55:00,2025-06-20 05:20:00,3354.881,3351.7736731621526,SL,-3.267326837847231,85,0.43787612719218555,ml_v3freq,2025-06
245502,long,2025-06-20 09:35:00,2025-06-20 09:40:00,2025-06-20 11:05:00,3357.486,3354.331488853125,SL,-3.314511146875006,85,0.4376258858644222,ml_v3freq,2025-06
246083,short,2025-06-24 12:05:00,2025-06-24 12:10:00,2025-06-24 12:14:00,3319.839,3312.452851388889,TP,7.226148611111093,4,0.3611349379363825,ml_v3freq,2025-06
246086,short,2025-06-24 12:20:00,2025-06-24 12:25:00,2025-06-24 12:31:00,3316.912,3309.4923854166664,TP,7.259614583333313,6,0.3586576061259109,ml_v3freq,2025-06
246095,short,2025-06-24 13:05:00,2025-06-24 13:10:00,2025-06-24 13:15:00,3313.889,3317.825877786111,SL,-4.096877786111099,5,0.3569928436889769,ml_v3freq,2025-06
246108,short,2025-06-24 14:10:00,2025-06-24 14:15:00,2025-06-24 15:03:00,3308.429,3300.6633131944445,TP,7.605686805555543,48,0.35930540463047567,ml_v3freq,2025-06
246167,long,2025-06-24 19:05:00,2025-06-24 19:10:00,2025-06-24 19:38:00,3316.984,3324.2778555555556,TP,7.133855555555562,28,0.4349624998376209,ml_v3freq,2025-06
246203,long,2025-06-24 23:05:00,2025-06-24 23:10:00,2025-06-25 01:10:00,3323.28,3330.2191895833334,TP,6.779189583333336,120,0.4337846030487341,ml_v3freq,2025-06
246530,long,2025-06-26 03:20:00,2025-06-26 03:25:00,2025-06-26 03:33:00,3340.594,3338.2624403475693,SL,-2.491559652430557,8,0.43488898871189835,ml_v3freq,2025-06
246742,long,2025-06-26 22:00:00,2025-06-26 22:05:00,2025-06-26 22:06:00,3325.239,3322.6157865538194,SL,-2.7832134461805507,1,0.4490894325140534,ml_v3freq,2025-06
246745,long,2025-06-26 22:15:00,2025-06-26 22:20:00,2025-06-26 22:43:00,3322.661,3320.0312347208333,SL,-2.7897652791666627,23,0.4529330694563969,ml_v3freq,2025-06
246752,long,2025-06-26 22:50:00,2025-06-26 22:55:00,2025-06-26 23:33:00,3322.212,3319.5588886072915,SL,-2.8131113927083304,38,0.4462538714529889,ml_v3freq,2025-06
246762,long,2025-06-26 23:40:00,2025-06-26 23:45:00,2025-06-26 23:58:00,3319.552,3316.89425748125,SL,-2.817742518749999,13,0.4390769617803254,ml_v3freq,2025-06
246930,short,2025-06-27 13:40:00,2025-06-27 13:45:00,2025-06-27 13:48:00,3265.412,3268.8257034059025,SL,-3.5737034059027835,3,0.35996937651668565,ml_v3freq,2025-06
246933,short,2025-06-27 13:55:00,2025-06-27 14:00:00,2025-06-27 14:16:00,3274.231,3267.6888569444445,TP,6.382143055555569,16,0.36060567100082414,ml_v3freq,2025-06
246939,short,2025-06-27 14:25:00,2025-06-27 14:30:00,2025-06-27 14:38:00,3274.877,3268.3641979166664,TP,6.352802083333348,8,0.3586051543624932,ml_v3freq,2025-06
246943,short,2025-06-27 14:45:00,2025-06-27 14:50:00,2025-06-27 14:51:00,3265.672,3269.0100616805557,SL,-3.49806168055556,1,0.37525399824696126,ml_v3freq,2025-06
246946,short,2025-06-27 15:00:00,2025-06-27 15:05:00,2025-06-27 15:43:00,3273.408,3276.750974563194,SL,-3.5029745631944507,38,0.35805615088062825,ml_v3freq,2025-06
246992,long,2025-06-27 18:50:00,2025-06-27 18:55:00,2025-06-27 19:13:00,3275.835,3272.5017718340277,SL,-3.4932281659722295,18,0.4351879415722325,ml_v3freq,2025-06
246999,long,2025-06-27 19:25:00,2025-06-27 19:30:00,2025-06-29 22:11:00,3271.538,3268.192057071528,SL,-3.5059429284722303,94,0.4654899289756499,ml_v3freq,2025-06
247109,short,2025-06-30 05:40:00,2025-06-30 05:45:00,2025-06-30 05:54:00,3287.647,3291.2518375572918,SL,-3.7648375572916697,9,0.35922772605475095,ml_v3freq,2025-06
247113,short,2025-06-30 06:00:00,2025-06-30 06:05:00,2025-06-30 06:34:00,3290.068,3293.678726667014,SL,-3.7707266670138933,29,0.368847915721499,ml_v3freq,2025-06
247122,short,2025-06-30 06:45:00,2025-06-30 06:50:00,2025-06-30 07:23:00,3292.754,3296.325459321528,SL,-3.7314593215277863,33,0.365927452040278,ml_v3freq,2025-06
247146,short,2025-06-30 08:45:00,2025-06-30 08:50:00,2025-06-30 09:08:00,3288.808,3282.2043409722223,TP,6.443659027777784,18,0.3598465887761805,ml_v3freq,2025-06
247298,short,2025-06-30 22:25:00,2025-06-30 22:30:00,2025-06-30 22:50:00,3307.108,3310.0198195065973,SL,-3.0718195065972234,20,0.3722357092631603,ml_v3freq,2025-06
247305,short,2025-06-30 23:00:00,2025-06-30 23:05:00,2025-07-01 00:00:00,3310.203,3313.1528129947915,SL,-3.109812994791668,55,0.3724756310607587,ml_v3freq,2025-06
247323,short,2025-07-01 00:30:00,2025-07-01 00:35:00,2025-07-01 01:00:00,3312.284,3315.038658851389,SL,-2.91465885138889,25,0.3526976295098726,ml_v3freq,2025-07
247331,short,2025-07-01 01:10:00,2025-07-01 01:15:00,2025-07-01 03:27:00,3318.782,3321.4891015125,SL,-2.8671015124999992,132,0.36515720295503534,ml_v3freq,2025-07
247377,short,2025-07-01 05:00:00,2025-07-01 05:05:00,2025-07-01 05:12:00,3324.391,3326.9300634652777,SL,-2.699063465277775,7,0.35323998548666413,ml_v3freq,2025-07
247381,short,2025-07-01 05:20:00,2025-07-01 05:25:00,2025-07-01 05:35:00,3329.363,3331.913520244097,SL,-2.7105202440972183,10,0.36100599666321675,ml_v3freq,2025-07
247386,short,2025-07-01 05:45:00,2025-07-01 05:50:00,2025-07-01 06:44:00,3329.694,3332.252413397222,SL,-2.718413397222218,54,0.36823557958903697,ml_v3freq,2025-07
247589,long,2025-07-01 23:40:00,2025-07-01 23:45:00,2025-07-02 00:03:00,3338.701,3336.212656690625,SL,-2.648343309374965,18,0.40834622002767107,ml_v3freq,2025-07
247595,long,2025-07-02 00:10:00,2025-07-02 00:15:00,2025-07-02 00:18:00,3343.33,3340.8167509947916,SL,-2.673249005208301,3,0.44727813211408896,ml_v3freq,2025-07
247598,long,2025-07-02 00:25:00,2025-07-02 00:30:00,2025-07-02 00:39:00,3339.096,3336.569615581597,SL,-2.686384418402747,9,0.42167268367697874,ml_v3freq,2025-07
247602,long,2025-07-02 00:45:00,2025-07-02 00:50:00,2025-07-02 01:13:00,3338.394,3335.8531944059027,SL,-2.700805594097196,23,0.41329474676194866,ml_v3freq,2025-07
247609,long,2025-07-02 01:20:00,2025-07-02 01:25:00,2025-07-02 01:40:00,3334.366,3331.7957845729165,SL,-2.730215427083307,15,0.4188446703029256,ml_v3freq,2025-07
247615,long,2025-07-02 01:50:00,2025-07-02 01:55:00,2025-07-02 02:03:00,3332.173,3329.5804424652774,SL,-2.7525575347221998,8,0.41666507441154776,ml_v3freq,2025-07
247619,long,2025-07-02 02:10:00,2025-07-02 02:15:00,2025-07-02 02:48:00,3330.158,3335.1896979166663,TP,4.871697916666623,33,0.4059940077471585,ml_v3freq,2025-07
247635,long,2025-07-02 03:30:00,2025-07-02 03:35:00,2025-07-02 05:37:00,3339.396,3336.8106292427087,SL,-2.7453707572916453,122,0.40786042617263474,ml_v3freq,2025-07
247678,short,2025-07-02 07:05:00,2025-07-02 07:10:00,2025-07-02 07:12:00,3329.605,3332.1926922729167,SL,-2.747692272916651,2,0.36673874833416686,ml_v3freq,2025-07
247681,short,2025-07-02 07:20:00,2025-07-02 07:25:00,2025-07-02 07:46:00,3328.984,3331.5911930041666,SL,-2.7671930041666517,21,0.35503039314819984,ml_v3freq,2025-07
247750,short,2025-07-02 13:05:00,2025-07-02 13:10:00,2025-07-02 13:37:00,3346.159,3341.0656333333336,TP,4.933366666666647,27,0.35286391018366936,ml_v3freq,2025-07
247758,short,2025-07-02 13:45:00,2025-07-02 13:50:00,2025-07-02 14:44:00,3337.312,3339.979778609375,SL,-2.8277786093749917,54,0.3544457411559728,ml_v3freq,2025-07
247771,short,2025-07-02 14:50:00,2025-07-02 14:55:00,2025-07-02 16:07:00,3342.005,3344.635078782986,SL,-2.7900787829860993,72,0.3727514153042396,ml_v3freq,2025-07
247870,long,2025-07-03 00:05:00,2025-07-03 00:10:00,2025-07-03 01:06:00,3345.576,3343.0321268305556,SL,-2.7038731694444453,56,0.41113534813942665,ml_v3freq,2025-07
247884,long,2025-07-03 01:15:00,2025-07-03 01:20:00,2025-07-03 01:25:00,3344.469,3341.945191075,SL,-2.6838089250000023,5,0.4091173053524476,ml_v3freq,2025-07
247917,long,2025-07-03 04:00:00,2025-07-03 04:05:00,2025-07-03 05:15:00,3348.311,3352.951518055556,TP,4.480518055555558,70,0.41614256659950816,ml_v3freq,2025-07
247984,long,2025-07-03 09:35:00,2025-07-03 09:40:00,2025-07-03 09:45:00,3347.145,3344.7264331166666,SL,-2.5785668833333304,5,0.4101651592579346,ml_v3freq,2025-07
247991,long,2025-07-03 10:10:00,2025-07-03 10:15:00,2025-07-03 10:40:00,3346.362,3351.0164819444444,TP,4.49448194444444,25,0.41041189889829444,ml_v3freq,2025-07
248004,long,2025-07-03 11:15:00,2025-07-03 11:20:00,2025-07-03 11:42:00,3347.458,3345.0462627378474,SL,-2.5717372621527748,22,0.4116812302761367,ml_v3freq,2025-07
248020,short,2025-07-03 12:35:00,2025-07-03 12:40:00,2025-07-03 12:43:00,3320.02,3315.0698854166667,TP,4.790114583333315,3,0.35919655510498766,ml_v3freq,2025-07
248023,short,2025-07-03 12:50:00,2025-07-03 12:55:00,2025-07-03 12:57:00,3321.273,3323.9087734409723,SL,-2.7957734409722135,2,0.36331928971237704,ml_v3freq,2025-07
248026,short,2025-07-03 13:05:00,2025-07-03 13:10:00,2025-07-03 13:16:00,3326.671,3329.348937720486,SL,-2.8379377204861025,6,0.35792162342320033,ml_v3freq,2025-07
248047,short,2025-07-03 14:50:00,2025-07-03 14:55:00,2025-07-03 15:13:00,3325.107,3327.800692279514,SL,-2.8536922795138793,18,0.35271092444676966,ml_v3freq,2025-07
248081,long,2025-07-03 17:40:00,2025-07-03 17:45:00,2025-07-03 19:05:00,3330.3,3327.695569004167,SL,-2.7644309958333277,80,0.40567717458981634,ml_v3freq,2025-07
248100,long,2025-07-03 19:15:00,2025-07-03 19:20:00,2025-07-03 20:25:00,3328.781,3326.210558373958,SL,-2.7304416260416593,65,0.4624695277404848,ml_v3freq,2025-07
248116,long,2025-07-03 20:35:00,2025-07-03 20:40:00,2025-07-03 22:04:00,3327.074,3324.5289085309028,SL,-2.7050914690972188,20,0.4964961244825315,ml_v3freq,2025-07
248123,long,2025-07-03 22:10:00,2025-07-03 22:15:00,2025-07-03 22:52:00,3324.484,3329.3787479166667,TP,4.734747916666661,37,0.4923557002866768,ml_v3freq,2025-07
248133,long,2025-07-03 23:00:00,2025-07-03 23:05:00,2025-07-04 00:13:00,3329.084,3326.5445357260414,SL,-2.699464273958333,68,0.44433200863957867,ml_v3freq,2025-07
248149,long,2025-07-04 00:20:00,2025-07-04 00:25:00,2025-07-04 01:21:00,3328.317,3333.116972222222,TP,4.6399722222222275,56,0.4174450630793859,ml_v3freq,2025-07
248163,long,2025-07-04 01:30:00,2025-07-04 01:35:00,2025-07-04 01:41:00,3330.612,3328.144101901736,SL,-2.6278980982638807,6,0.4277354918136667,ml_v3freq,2025-07
248167,long,2025-07-04 01:50:00,2025-07-04 01:55:00,2025-07-04 02:49:00,3330.824,3328.3482404958336,SL,-2.6357595041666593,54,0.4658191272014024,ml_v3freq,2025-07
248180,long,2025-07-04 02:55:00,2025-07-04 03:00:00,2025-07-04 03:26:00,3327.29,3331.975770833333,TP,4.525770833333319,26,0.4441215884064344,ml_v3freq,2025-07
248188,long,2025-07-04 03:35:00,2025-07-04 03:40:00,2025-07-04 04:23:00,3337.413,3342.13035,TP,4.557349999999995,43,0.4131062191179268,ml_v3freq,2025-07
248199,long,2025-07-04 04:30:00,2025-07-04 04:35:00,2025-07-04 05:41:00,3341.161,3338.7213886767363,SL,-2.5996113232638858,66,0.41815388131159215,ml_v3freq,2025-07
248215,long,2025-07-04 05:50:00,2025-07-04 05:55:00,2025-07-04 06:06:00,3339.402,3344.104011111111,TP,4.542011111111091,11,0.41925905967074956,ml_v3freq,2025-07
248225,long,2025-07-04 06:40:00,2025-07-04 06:45:00,2025-07-04 07:11:00,3342.357,3339.893998910764,SL,-2.6230010892361033,26,0.4073375038124841,ml_v3freq,2025-07
248233,long,2025-07-04 07:20:00,2025-07-04 07:25:00,2025-07-04 07:26:00,3339.17,3336.7445757166665,SL,-2.5854242833333236,1,0.4271934987219719,ml_v3freq,2025-07
248236,long,2025-07-04 07:35:00,2025-07-04 07:40:00,2025-07-04 09:30:00,3340.322,3337.8898334003475,SL,-2.59216659965277,110,0.43082191566772243,ml_v3freq,2025-07
248267,long,2025-07-04 10:10:00,2025-07-04 10:15:00,2025-07-04 10:41:00,3335.093,3332.690997229861,SL,-2.562002770138888,26,0.42377334588312665,ml_v3freq,2025-07
248278,long,2025-07-04 11:05:00,2025-07-04 11:10:00,2025-07-04 12:01:00,3336.522,3334.1344382475695,SL,-2.547561752430552,51,0.4061662634747607,ml_v3freq,2025-07
248313,short,2025-07-04 14:00:00,2025-07-04 14:05:00,2025-07-04 16:38:00,3333.358,3335.4751984395834,SL,-2.2771984395833376,153,0.37738383761600636,ml_v3freq,2025-07
248346,short,2025-07-06 22:05:00,2025-07-06 22:10:00,2025-07-06 22:22:00,3337.984,3334.481607638889,TP,3.3423923611111173,12,0.35383401253925895,ml_v3freq,2025-07
248351,short,2025-07-06 22:30:00,2025-07-06 22:35:00,2025-07-06 23:04:00,3335.864,3332.334023611111,TP,3.3699763888888943,29,0.3746896258558542,ml_v3freq,2025-07
248359,short,2025-07-06 23:10:00,2025-07-06 23:15:00,2025-07-06 23:38:00,3331.376,3327.856160416667,TP,3.359839583333333,23,0.38645973339602424,ml_v3freq,2025-07
248366,short,2025-07-06 23:45:00,2025-07-06 23:50:00,2025-07-06 23:52:00,3326.622,3328.471886828472,SL,-2.009886828472222,2,0.36234799282246866,ml_v3freq,2025-07
248369,short,2025-07-07 00:00:00,2025-07-07 00:05:00,2025-07-07 00:25:00,3326.555,3322.975577083333,TP,3.4194229166666714,20,0.35475865293398123,ml_v3freq,2025-07
248415,long,2025-07-07 03:50:00,2025-07-07 03:55:00,2025-07-07 04:23:00,3310.384,3308.168662959722,SL,-2.375337040277768,28,0.41507083724798643,ml_v3freq,2025-07
248429,long,2025-07-07 05:00:00,2025-07-07 05:05:00,2025-07-07 05:17:00,3307.704,3312.04343125,TP,4.179431249999985,12,0.4078563377758533,ml_v3freq,2025-07
248461,short,2025-07-07 07:40:00,2025-07-07 07:45:00,2025-07-07 07:52:00,3306.713,3302.16511875,TP,4.387881249999993,7,0.35524035529282694,ml_v3freq,2025-07
248465,short,2025-07-07 08:00:00,2025-07-07 08:05:00,2025-07-07 08:08:00,3302.059,3304.4351764048615,SL,-2.536176404861107,3,0.35528626105219174,ml_v3freq,2025-07
248468,short,2025-07-07 08:15:00,2025-07-07 08:20:00,2025-07-07 08:24:00,3307.373,3309.7602680906252,SL,-2.5472680906249963,4,0.3580378449328749,ml_v3freq,2025-07
248476,long,2025-07-07 08:55:00,2025-07-07 09:00:00,2025-07-07 09:29:00,3310.112,3307.71698161875,SL,-2.5550183812499894,29,0.4109644671117355,ml_v3freq,2025-07
248487,long,2025-07-07 09:50:00,2025-07-07 09:55:00,2025-07-07 10:32:00,3309.99,3307.5679012381943,SL,-2.5820987618055464,37,0.40673448345546087,ml_v3freq,2025-07
248497,short,2025-07-07 10:40:00,2025-07-07 10:45:00,2025-07-07 10:47:00,3298.528,3301.008315230555,SL,-2.6403152305555433,2,0.3608431896656564,ml_v3freq,2025-07
248500,short,2025-07-07 10:55:00,2025-07-07 11:00:00,2025-07-07 11:07:00,3302.114,3304.63302303125,SL,-2.679023031249989,7,0.365362184481161,ml_v3freq,2025-07
248504,short,2025-07-07 11:15:00,2025-07-07 11:20:00,2025-07-07 12:21:00,3304.342,3306.906362032986,SL,-2.724362032986101,61,0.3631266671441304,ml_v3freq,2025-07
248519,short,2025-07-07 12:30:00,2025-07-07 12:35:00,2025-07-07 12:37:00,3303.641,3306.279638627778,SL,-2.7986386277777755,2,0.36959095555448207,ml_v3freq,2025-07
248654,short,2025-07-08 00:45:00,2025-07-08 00:50:00,2025-07-08 02:46:00,3334.288,3337.1149433079863,SL,-2.9869433079861105,116,0.3528063949325393,ml_v3freq,2025-07
248681,short,2025-07-08 03:00:00,2025-07-08 03:05:00,2025-07-08 04:47:00,3333.073,3327.8133118055553,TP,5.099688194444432,102,0.352350704028765,ml_v3freq,2025-07
248704,short,2025-07-08 04:55:00,2025-07-08 05:00:00,2025-07-08 05:11:00,3329.556,3332.203571502431,SL,-2.8075715024305556,11,0.36515954009797413,ml_v3freq,2025-07
248709,short,2025-07-08 05:20:00,2025-07-08 05:25:00,2025-07-08 07:04:00,3335.319,3337.9575830701388,SL,-2.7985830701388914,99,0.36162212141082106,ml_v3freq,2025-07
248731,long,2025-07-08 07:10:00,2025-07-08 07:15:00,2025-07-08 07:24:00,3338.03,3335.434192343403,SL,-2.755807656597223,9,0.44362007288096983,ml_v3freq,2025-07
248820,short,2025-07-08 14:35:00,2025-07-08 14:40:00,2025-07-08 14:42:00,3301.361,3296.4582465277776,TP,4.74275347222222,2,0.3540935678704431,ml_v3freq,2025-07
248823,short,2025-07-08 14:50:00,2025-07-08 14:55:00,2025-07-08 15:00:00,3295.107,3297.6566432270834,SL,-2.7096432270833315,5,0.3577856619290184,ml_v3freq,2025-07
248827,short,2025-07-08 15:10:00,2025-07-08 15:15:00,2025-07-08 15:17:00,3291.47,3294.0417591357636,SL,-2.7317591357638826,2,0.35423851181157473,ml_v3freq,2025-07
248867,long,2025-07-08 18:30:00,2025-07-08 18:35:00,2025-07-08 20:50:00,3302.256,3299.5814751059024,SL,-2.834524894097215,135,0.4222647349428359,ml_v3freq,2025-07
248897,long,2025-07-08 22:00:00,2025-07-08 22:05:00,2025-07-08 23:32:00,3302.933,3300.2920120777776,SL,-2.8009879222222165,87,0.4518092585066771,ml_v3freq,2025-07
248944,long,2025-07-09 01:55:00,2025-07-09 02:00:00,2025-07-09 02:16:00,3301.818,3299.1413043895836,SL,-2.836695610416654,16,0.40681581472035006,ml_v3freq,2025-07
248950,long,2025-07-09 02:25:00,2025-07-09 02:30:00,2025-07-09 02:36:00,3302.569,3299.9097098041666,SL,-2.819290195833326,6,0.4394990898595601,ml_v3freq,2025-07
248971,long,2025-07-09 04:10:00,2025-07-09 04:15:00,2025-07-09 05:03:00,3295.656,3292.926699242361,SL,-2.8893007576388885,48,0.4365364086378717,ml_v3freq,2025-07
248983,long,2025-07-09 05:10:00,2025-07-09 05:15:00,2025-07-09 05:20:00,3296.219,3293.487766630208,SL,-2.8912333697916663,5,0.4209067373206035,ml_v3freq,2025-07
249047,long,2025-07-09 10:30:00,2025-07-09 10:35:00,2025-07-09 11:22:00,3293.593,3290.7641637638885,SL,-2.98883623611111,47,0.43023033695810486,ml_v3freq,2025-07
249059,short,2025-07-09 11:30:00,2025-07-09 11:35:00,2025-07-09 12:07:00,3286.014,3288.8491698069447,SL,-2.9951698069444452,32,0.3659251205948185,ml_v3freq,2025-07
249075,long,2025-07-09 12:50:00,2025-07-09 12:55:00,2025-07-09 13:40:00,3296.03,3293.1618011767364,SL,-3.0281988232638875,45,0.40644348887263027,ml_v3freq,2025-07
249098,short,2025-07-09 14:45:00,2025-07-09 14:50:00,2025-07-09 14:55:00,3309.507,3312.418343298264,SL,-3.07134329826389,5,0.35798320707666453,ml_v3freq,2025-07
249102,short,2025-07-09 15:05:00,2025-07-09 15:10:00,2025-07-09 16:12:00,3308.317,3311.2074774364582,SL,-3.0504774364583356,62,0.3616044126760892,ml_v3freq,2025-07
249210,long,2025-07-10 01:05:00,2025-07-10 01:10:00,2025-07-10 01:30:00,3319.636,3324.553198611111,TP,4.75719861111115,20,0.40745856089352517,ml_v3freq,2025-07
249354,long,2025-07-10 13:05:00,2025-07-10 13:10:00,2025-07-10 13:22:00,3326.167,3323.872346493403,SL,-2.454653506597238,12,0.4156079826475782,ml_v3freq,2025-07
249360,long,2025-07-10 13:35:00,2025-07-10 13:40:00,2025-07-10 13:41:00,3327.586,3325.2924536777778,SL,-2.4535463222222362,1,0.41153090991001273,ml_v3freq,2025-07
249368,short,2025-07-10 14:15:00,2025-07-10 14:20:00,2025-07-10 14:28:00,3319.192,3314.6407805555555,TP,4.391219444444478,8,0.35488233362329275,ml_v3freq,2025-07
249381,short,2025-07-10 15:20:00,2025-07-10 15:25:00,2025-07-10 16:29:00,3320.597,3316.198932638889,TP,4.238067361111141,64,0.3583409631282999,ml_v3freq,2025-07
249401,short,2025-07-10 17:00:00,2025-07-10 17:05:00,2025-07-10 17:11:00,3316.045,3318.267551596528,SL,-2.38255159652779,6,0.3523425023506591,ml_v3freq,2025-07
249406,short,2025-07-10 17:25:00,2025-07-10 17:30:00,2025-07-10 18:01:00,3316.899,3319.1191745232636,SL,-2.3801745232638987,31,0.3541794171471474,ml_v3freq,2025-07
249416,short,2025-07-10 18:15:00,2025-07-10 18:20:00,2025-07-10 18:49:00,3317.415,3319.6104275635416,SL,-2.355427563541679,29,0.35408445258848414,ml_v3freq,2025-07
249506,long,2025-07-11 02:45:00,2025-07-11 02:50:00,2025-07-11 04:31:00,3333.763,3331.545543832639,SL,-2.377456167361103,101,0.4084281201250608,ml_v3freq,2025-07
249704,long,2025-07-11 19:15:00,2025-07-11 19:20:00,2025-07-11 20:26:00,3357.151,3354.672883264583,SL,-2.638116735416638,66,0.4074171562089385,ml_v3freq,2025-07
249727,short,2025-07-13 22:15:00,2025-07-13 22:20:00,2025-07-13 22:27:00,3365.708,3368.2522144520835,SL,-2.7042144520833116,7,0.35380742230644574,ml_v3freq,2025-07
249811,short,2025-07-14 05:15:00,2025-07-14 05:20:00,2025-07-14 05:28:00,3359.076,3353.7688743055555,TP,5.147125694444398,8,0.35247941585705955,ml_v3freq,2025-07
249870,short,2025-07-14 10:10:00,2025-07-14 10:15:00,2025-07-14 11:48:00,3374.12,3368.762648611111,TP,5.197351388888862,93,0.35621190698245153,ml_v3freq,2025-07
249904,short,2025-07-14 13:00:00,2025-07-14 13:05:00,2025-07-14 13:28:00,3352.733,3355.5823131944444,SL,-3.0093131944444322,23,0.3541349127247373,ml_v3freq,2025-07
249911,short,2025-07-14 13:35:00,2025-07-14 13:40:00,2025-07-14 14:02:00,3357.535,3352.0621791666667,TP,5.312820833333309,22,0.3562342462634646,ml_v3freq,2025-07
249944,long,2025-07-14 16:20:00,2025-07-14 16:25:00,2025-07-14 19:46:00,3348.052,3345.3313741708334,SL,-2.880625829166657,201,0.4133953838701535,ml_v3freq,2025-07
250034,short,2025-07-15 00:50:00,2025-07-15 00:55:00,2025-07-15 01:03:00,3346.57,3348.9788879489583,SL,-2.568887948958327,8,0.3583062073446629,ml_v3freq,2025-07
250044,short,2025-07-15 01:40:00,2025-07-15 01:45:00,2025-07-15 02:09:00,3346.895,3349.2817918822916,SL,-2.5467918822916578,24,0.36651319020948725,ml_v3freq,2025-07
250052,short,2025-07-15 02:20:00,2025-07-15 02:25:00,2025-07-15 03:05:00,3351.025,3353.348638720486,SL,-2.4836387204860997,40,0.3547016568098449,ml_v3freq,2025-07
250084,short,2025-07-15 05:00:00,2025-07-15 05:05:00,2025-07-15 05:23:00,3361.315,3363.5689416625,SL,-2.413941662500008,18,0.35856149942159565,ml_v3freq,2025-07
250090,short,2025-07-15 05:30:00,2025-07-15 05:35:00,2025-07-15 06:05:00,3364.45,3360.123486111111,TP,4.166513888888911,30,0.3650180797269009,ml_v3freq,2025-07
250099,short,2025-07-15 06:15:00,2025-07-15 06:20:00,2025-07-15 07:41:00,3361.192,3363.4405366979167,SL,-2.408536697916678,81,0.3607330220332973,ml_v3freq,2025-07
250191,short,2025-07-15 13:55:00,2025-07-15 14:00:00,2025-07-15 14:25:00,3346.46,3348.8068816555556,SL,-2.5068816555555604,25,0.35967299597431257,ml_v3freq,2025-07
250199,short,2025-07-15 14:35:00,2025-07-15 14:40:00,2025-07-15 15:12:00,3350.001,3345.4695500000003,TP,4.371450000000018,32,0.3616024547516963,ml_v3freq,2025-07
250210,short,2025-07-15 15:30:00,2025-07-15 15:35:00,2025-07-15 15:38:00,3326.198,3328.557032904861,SL,-2.519032904861119,3,0.35297176408073017,ml_v3freq,2025-07
250213,short,2025-07-15 15:45:00,2025-07-15 15:50:00,2025-07-15 16:08:00,3329.756,3325.213870833333,TP,4.382129166666676,18,0.3546800135826347,ml_v3freq,2025-07
250252,long,2025-07-15 19:00:00,2025-07-15 19:05:00,2025-07-15 19:28:00,3329.201,3326.822006029167,SL,-2.538993970833335,23,0.41415558403702685,ml_v3freq,2025-07
250259,long,2025-07-15 19:35:00,2025-07-15 19:40:00,2025-07-15 20:49:00,3328.067,3325.6964349166665,SL,-2.5305650833333377,69,0.4572207974262078,ml_v3freq,2025-07
250276,long,2025-07-15 22:00:00,2025-07-15 22:05:00,2025-07-15 23:36:00,3326.128,3330.6938250000003,TP,4.405825000000007,91,0.41999145254182557,ml_v3freq,2025-07
250297,long,2025-07-15 23:45:00,2025-07-15 23:50:00,2025-07-16 02:09:00,3330.705,3328.33055381875,SL,-2.5344461812500096,139,0.4102693343587831,ml_v3freq,2025-07
250340,long,2025-07-16 03:20:00,2025-07-16 03:25:00,2025-07-16 04:31:00,3331.768,3336.4550006944446,TP,4.527000694444466,66,0.4257490135866053,ml_v3freq,2025-07
250427,long,2025-07-16 10:35:00,2025-07-16 10:40:00,2025-07-16 10:57:00,3338.599,3336.3141206694445,SL,-2.4448793305555556,17,0.4099956436884506,ml_v3freq,2025-07
250465,short,2025-07-16 13:45:00,2025-07-16 13:50:00,2025-07-16 13:59:00,3324.215,3326.5710248555556,SL,-2.516024855555559,9,0.36285639816624526,ml_v3freq,2025-07
250482,short,2025-07-16 15:10:00,2025-07-16 15:15:00,2025-07-16 15:16:00,3348.736,3351.201929770486,SL,-2.6259297704861115,1,0.352589962830843,ml_v3freq,2025-07
250491,short,2025-07-16 15:55:00,2025-07-16 16:00:00,2025-07-16 16:05:00,3343.524,3346.334728414236,SL,-2.970728414236108,5,0.3621482599524477,ml_v3freq,2025-07
250495,short,2025-07-16 16:15:00,2025-07-16 16:20:00,2025-07-16 16:25:00,3349.223,3352.099933277778,SL,-3.0369332777777744,5,0.3641375265626282,ml_v3freq,2025-07
250575,long,2025-07-16 23:55:00,2025-07-17 00:00:00,2025-07-17 00:13:00,3346.556,3343.6710068961806,SL,-3.0449931038194413,13,0.4063314998041641,ml_v3freq,2025-07
250580,long,2025-07-17 00:20:00,2025-07-17 00:25:00,2025-07-17 00:44:00,3344.811,3341.911641278125,SL,-3.0593587218749962,19,0.41160217822943745,ml_v3freq,2025-07
250586,long,2025-07-17 00:50:00,2025-07-17 00:55:00,2025-07-17 01:06:00,3341.276,3338.365267835764,SL,-3.0707321642361105,11,0.4203114328621138,ml_v3freq,2025-07
250592,long,2025-07-17 01:20:00,2025-07-17 01:25:00,2025-07-17 01:34:00,3340.363,3337.4303424104164,SL,-3.092657589583335,9,0.40943543192642307,ml_v3freq,2025-07
250623,long,2025-07-17 03:55:00,2025-07-17 04:00:00,2025-07-17 04:10:00,3341.511,3338.5852434628473,SL,-3.085756537152785,10,0.40755407441131186,ml_v3freq,2025-07
250628,long,2025-07-17 04:20:00,2025-07-17 04:25:00,2025-07-17 05:37:00,3340.237,3337.327573440278,SL,-3.06942655972223,72,0.4099074286607085,ml_v3freq,2025-07
250780,long,2025-07-17 17:00:00,2025-07-17 17:05:00,2025-07-17 17:40:00,3338.904,3336.38897711875,SL,-2.675022881249999,35,0.4062873876433472,ml_v3freq,2025-07
250878,long,2025-07-18 02:10:00,2025-07-18 02:15:00,2025-07-18 02:32:00,3343.244,3340.9958204583336,SL,-2.408179541666674,17,0.42052352782863,ml_v3freq,2025-07
250938,long,2025-07-18 07:10:00,2025-07-18 07:15:00,2025-07-18 07:38:00,3343.971,3348.2439194444446,TP,4.112919444444455,23,0.4174815954537634,ml_v3freq,2025-07
251060,long,2025-07-18 17:20:00,2025-07-18 17:25:00,2025-07-18 19:31:00,3351.99,3350.024906470486,SL,-2.1250935295139124,126,0.40753213427080615,ml_v3freq,2025-07
251104,short,2025-07-20 22:05:00,2025-07-20 22:10:00,2025-07-20 23:01:00,3347.131,3349.087374948611,SL,-2.1163749486111287,51,0.3729372422725973,ml_v3freq,2025-07
251117,short,2025-07-20 23:10:00,2025-07-20 23:15:00,2025-07-20 23:51:00,3346.183,3348.1675982291667,SL,-2.144598229166679,36,0.3926792214943898,ml_v3freq,2025-07
251127,short,2025-07-21 00:00:00,2025-07-21 00:05:00,2025-07-21 00:15:00,3348.695,3350.6614388180556,SL,-2.126438818055564,10,0.37176220903601276,ml_v3freq,2025-07
251132,short,2025-07-21 00:25:00,2025-07-21 00:30:00,2025-07-21 00:36:00,3351.772,3353.740212694097,SL,-2.1282126940972312,6,0.36260731562491777,ml_v3freq,2025-07
251136,short,2025-07-21 00:45:00,2025-07-21 00:50:00,2025-07-21 01:06:00,3354.076,3356.047669172917,SL,-2.1316691729166726,16,0.35361299001429936,ml_v3freq,2025-07
251147,long,2025-07-21 01:40:00,2025-07-21 01:45:00,2025-07-21 01:48:00,3356.811,3354.816885540972,SL,-2.1541144590277854,3,0.40864935926826707,ml_v3freq,2025-07
251158,long,2025-07-21 02:35:00,2025-07-21 02:40:00,2025-07-21 03:37:00,3354.067,3352.0867233614586,SL,-2.140276638541672,57,0.4141587391869587,ml_v3freq,2025-07
251174,short,2025-07-21 03:55:00,2025-07-21 04:00:00,2025-07-21 04:20:00,3351.275,3353.2201523055555,SL,-2.1051523055555603,20,0.3529386253357918,ml_v3freq,2025-07
251211,short,2025-07-21 07:00:00,2025-07-21 07:05:00,2025-07-21 07:20:00,3369.867,3366.0031736111114,TP,3.7038263888889027,15,0.3627242252612286,ml_v3freq,2025-07
251218,short,2025-07-21 07:35:00,2025-07-21 07:40:00,2025-07-21 08:00:00,3366.983,3363.14695625,TP,3.6760437500000154,20,0.35587424010659086,ml_v3freq,2025-07
251398,short,2025-07-21 23:35:00,2025-07-21 23:40:00,2025-07-21 23:48:00,3394.589,3396.5365095368056,SL,-2.107509536805557,8,0.3521208536311665,ml_v3freq,2025-07
251402,short,2025-07-21 23:55:00,2025-07-22 00:00:00,2025-07-22 00:03:00,3396.54,3392.7498965277778,TP,3.63010347222222,3,0.35834795399344466,ml_v3freq,2025-07
251452,short,2025-07-22 04:05:00,2025-07-22 04:10:00,2025-07-22 05:45:00,3390.178,3386.1336895833333,TP,3.8843104166666595,95,0.35408293625971965,ml_v3freq,2025-07
251532,short,2025-07-22 10:45:00,2025-07-22 10:50:00,2025-07-22 11:40:00,3387.583,3389.627167923264,SL,-2.2041679232638907,50,0.35475335367798977,ml_v3freq,2025-07
251546,long,2025-07-22 11:55:00,2025-07-22 12:00:00,2025-07-22 12:16:00,3391.378,3395.3051222222225,TP,3.767122222222219,16,0.40654398365246314,ml_v3freq,2025-07
251562,short,2025-07-22 13:15:00,2025-07-22 13:20:00,2025-07-22 13:23:00,3411.743,3413.8680717506945,SL,-2.285071750694441,3,0.3597572034364602,ml_v3freq,2025-07
251565,short,2025-07-22 13:30:00,2025-07-22 13:35:00,2025-07-22 13:45:00,3415.971,3418.100782244792,SL,-2.289782244791665,10,0.3598613273284517,ml_v3freq,2025-07
251573,short,2025-07-22 14:10:00,2025-07-22 14:15:00,2025-07-22 14:17:00,3415.808,3418.0059673413193,SL,-2.357967341319442,2,0.3551426300110057,ml_v3freq,2025-07
251577,short,2025-07-22 14:30:00,2025-07-22 14:35:00,2025-07-22 14:37:00,3424.183,3426.40308325,SL,-2.380083249999995,2,0.35594417837278397,ml_v3freq,2025-07
251582,short,2025-07-22 14:55:00,2025-07-22 15:00:00,2025-07-22 15:03:00,3426.37,3428.5781542312498,SL,-2.368154231249994,3,0.3523105727481921,ml_v3freq,2025-07
251586,short,2025-07-22 15:15:00,2025-07-22 15:20:00,2025-07-22 15:21:00,3425.594,3427.8241312458335,SL,-2.3901312458333273,1,0.3557175511080706,ml_v3freq,2025-07
251670,short,2025-07-22 23:15:00,2025-07-22 23:20:00,2025-07-23 00:04:00,3428.579,3430.85301384375,SL,-2.4340138437499994,44,0.3552391502171528,ml_v3freq,2025-07
251682,long,2025-07-23 00:15:00,2025-07-23 00:20:00,2025-07-23 00:24:00,3433.914,3438.4094631944445,TP,4.335463194444453,4,0.4132110882120864,ml_v3freq,2025-07
251687,long,2025-07-23 00:40:00,2025-07-23 00:45:00,2025-07-23 00:59:00,3431.374,3429.014994873958,SL,-2.519005126041671,14,0.4144703712007676,ml_v3freq,2025-07
251786,long,2025-07-23 08:55:00,2025-07-23 09:00:00,2025-07-23 09:20:00,3428.412,3433.1972520833333,TP,4.625252083333347,20,0.4196659310985055,ml_v3freq,2025-07
251846,short,2025-07-23 13:55:00,2025-07-23 14:00:00,2025-07-23 14:02:00,3413.304,3416.0168636333333,SL,-2.8728636333333424,2,0.3556444085289656,ml_v3freq,2025-07
251849,short,2025-07-23 14:10:00,2025-07-23 14:15:00,2025-07-23 14:27:00,3416.785,3411.5754305555556,TP,5.049569444444458,12,0.3611591149509029,ml_v3freq,2025-07
251854,short,2025-07-23 14:35:00,2025-07-23 14:40:00,2025-07-23 15:03:00,3416.378,3411.195632638889,TP,5.022367361111131,23,0.35748915194990394,ml_v3freq,2025-07
251872,short,2025-07-23 16:05:00,2025-07-23 16:10:00,2025-07-23 16:12:00,3391.436,3394.097651395486,SL,-2.8216513954861213,2,0.3585166999027761,ml_v3freq,2025-07
251875,short,2025-07-23 16:20:00,2025-07-23 16:25:00,2025-07-23 16:37:00,3385.302,3387.9947398628474,SL,-2.8527398628472316,12,0.35622368069584187,ml_v3freq,2025-07
251880,short,2025-07-23 16:45:00,2025-07-23 16:50:00,2025-07-23 17:51:00,3389.262,3391.990050710764,SL,-2.8880507107638973,61,0.35672621793650133,ml_v3freq,2025-07
251919,long,2025-07-23 20:00:00,2025-07-23 20:05:00,2025-07-24 01:08:00,3388.627,3385.8605788027776,SL,-2.926421197222241,239,0.4202810499886013,ml_v3freq,2025-07
252015,short,2025-07-24 05:00:00,2025-07-24 05:05:00,2025-07-24 05:43:00,3380.938,3375.6194847222223,TP,5.1585152777778,38,0.3538821456061573,ml_v3freq,2025-07
252025,short,2025-07-24 05:50:00,2025-07-24 05:55:00,2025-07-24 06:29:00,3378.746,3373.325138888889,TP,5.260861111111138,34,0.3722140724354063,ml_v3freq,2025-07
252034,short,2025-07-24 06:35:00,2025-07-24 06:40:00,2025-07-24 07:50:00,3376.033,3370.4993277777776,TP,5.3736722222222495,70,0.3534109633949737,ml_v3freq,2025-07
252052,short,2025-07-24 08:05:00,2025-07-24 08:10:00,2025-07-24 08:14:00,3366.208,3369.1219068864584,SL,-3.0739068864583445,4,0.35449519159233345,ml_v3freq,2025-07
252055,short,2025-07-24 08:20:00,2025-07-24 08:25:00,2025-07-24 08:35:00,3371.208,3374.139359921875,SL,-3.091359921875008,10,0.365397948309806,ml_v3freq,2025-07
252060,short,2025-07-24 08:45:00,2025-07-24 08:50:00,2025-07-24 09:17:00,3371.514,3365.88495625,TP,5.469043750000015,27,0.3636719044613458,ml_v3freq,2025-07
252068,short,2025-07-24 09:25:00,2025-07-24 09:30:00,2025-07-24 10:45:00,3363.112,3366.0319110798614,SL,-3.0799110798611165,75,0.3592798843083366,ml_v3freq,2025-07
252089,short,2025-07-24 11:10:00,2025-07-24 11:15:00,2025-07-24 12:01:00,3365.505,3359.902845138889,TP,5.442154861111126,46,0.353615558020192,ml_v3freq,2025-07
252103,short,2025-07-24 12:20:00,2025-07-24 12:25:00,2025-07-24 12:37:00,3362.183,3365.1005498802083,SL,-3.0775498802083376,12,0.352792101035312,ml_v3freq,2025-07
252112,short,2025-07-24 13:05:00,2025-07-24 13:10:00,2025-07-24 13:38:00,3358.411,3361.4143388114585,SL,-3.163338811458339,28,0.35444503622549983,ml_v3freq,2025-07
252145,long,2025-07-24 15:50:00,2025-07-24 15:55:00,2025-07-24 16:30:00,3372.106,3369.172143952778,SL,-3.0938560472222156,35,0.40568268423824333,ml_v3freq,2025-07
252155,long,2025-07-24 16:40:00,2025-07-24 16:45:00,2025-07-24 16:52:00,3370.564,3367.6616133868056,SL,-3.062386613194444,7,0.4490907115308719,ml_v3freq,2025-07
252159,long,2025-07-24 17:00:00,2025-07-24 17:05:00,2025-07-24 18:33:00,3366.779,3372.1968819444446,TP,5.257881944444447,88,0.41997526600097623,ml_v3freq,2025-07
252179,long,2025-07-24 18:40:00,2025-07-24 18:45:00,2025-07-24 20:04:00,3372.575,3369.949770605208,SL,-2.7852293947916666,79,0.4138268881209311,ml_v3freq,2025-07
252197,long,2025-07-24 20:10:00,2025-07-24 20:15:00,2025-07-24 22:09:00,3369.768,3367.201693449653,SL,-2.7263065503472186,50,0.4703184464088209,ml_v3freq,2025-07
252210,long,2025-07-24 22:15:00,2025-07-24 22:20:00,2025-07-25 00:17:00,3366.739,3371.6239243055556,TP,4.7249243055555326,117,0.476761691192055,ml_v3freq,2025-07
252236,long,2025-07-25 00:25:00,2025-07-25 00:30:00,2025-07-25 01:08:00,3371.962,3369.4344449027776,SL,-2.68755509722221,38,0.46107880713344385,ml_v3freq,2025-07
252246,long,2025-07-25 01:15:00,2025-07-25 01:20:00,2025-07-25 02:11:00,3368.045,3365.5216474413196,SL,-2.6833525586805407,51,0.4376498692403463,ml_v3freq,2025-07
252259,long,2025-07-25 02:20:00,2025-07-25 02:25:00,2025-07-25 02:59:00,3365.082,3362.5959901114584,SL,-2.6460098885416454,34,0.4521380193294511,ml_v3freq,2025-07
252268,long,2025-07-25 03:05:00,2025-07-25 03:10:00,2025-07-25 03:59:00,3361.832,3359.3756697958333,SL,-2.6163302041666423,49,0.424041964766781,ml_v3freq,2025-07
252281,long,2025-07-25 04:10:00,2025-07-25 04:15:00,2025-07-25 04:28:00,3362.599,3360.235665346528,SL,-2.5233346534722045,13,0.4238826457302217,ml_v3freq,2025-07
252286,long,2025-07-25 04:35:00,2025-07-25 04:40:00,2025-07-25 05:37:00,3360.09,3357.7427056305555,SL,-2.507294369444425,57,0.4271436200705595,ml_v3freq,2025-07
252383,short,2025-07-25 12:40:00,2025-07-25 12:45:00,2025-07-25 13:26:00,3340.491,3342.735139707639,SL,-2.4041397076388726,41,0.3532338886426505,ml_v3freq,2025-07
252395,short,2025-07-25 13:40:00,2025-07-25 13:45:00,2025-07-25 13:46:00,3339.919,3342.2070500843747,SL,-2.448050084374982,1,0.3676725103750648,ml_v3freq,2025-07
252400,short,2025-07-25 14:05:00,2025-07-25 14:10:00,2025-07-25 14:16:00,3342.13,3337.7812569444445,TP,4.188743055555517,6,0.3700121643436797,ml_v3freq,2025-07
252404,short,2025-07-25 14:25:00,2025-07-25 14:30:00,2025-07-25 14:39:00,3337.973,3333.595825,TP,4.217174999999967,9,0.38175150042813055,ml_v3freq,2025-07
252408,short,2025-07-25 14:45:00,2025-07-25 14:50:00,2025-07-25 15:00:00,3332.886,3328.55701875,TP,4.168981249999965,10,0.3736423294970206,ml_v3freq,2025-07
252413,short,2025-07-25 15:10:00,2025-07-25 15:15:00,2025-07-25 15:16:00,3332.394,3334.6361674114582,SL,-2.4021674114583123,1,0.36342924132922494,ml_v3freq,2025-07
252416,short,2025-07-25 15:25:00,2025-07-25 15:30:00,2025-07-25 15:44:00,3330.221,3325.900215277778,TP,4.160784722222181,14,0.3644660331317424,ml_v3freq,2025-07
252421,short,2025-07-25 15:50:00,2025-07-25 15:55:00,2025-07-25 16:16:00,3328.483,3330.739834628125,SL,-2.4168346281249824,21,0.3626750828469122,ml_v3freq,2025-07
252428,short,2025-07-25 16:25:00,2025-07-25 16:30:00,2025-07-25 16:45:00,3328.894,3331.1297306621527,SL,-2.3957306621527628,15,0.3628809741509086,ml_v3freq,2025-07
252434,short,2025-07-25 16:55:00,2025-07-25 17:00:00,2025-07-25 17:08:00,3329.668,3331.9186201093753,SL,-2.410620109374985,8,0.37059157693423794,ml_v3freq,2025-07
252454,long,2025-07-25 18:35:00,2025-07-25 18:40:00,2025-07-27 22:05:00,3338.032,3335.8147978104166,SL,-2.3772021895833153,138,0.4290867782189357,ml_v3freq,2025-07
252485,short,2025-07-27 22:15:00,2025-07-27 22:20:00,2025-07-27 22:44:00,3332.461,3328.1361513888887,TP,4.164848611111085,24,0.37288409902734915,ml_v3freq,2025-07
252492,short,2025-07-27 22:50:00,2025-07-27 22:55:00,2025-07-27 22:56:00,3324.932,3327.2218596760413,SL,-2.449859676041655,1,0.35795046190110047,ml_v3freq,2025-07
252500,short,2025-07-27 23:30:00,2025-07-27 23:35:00,2025-07-27 23:44:00,3330.694,3333.0429015725695,SL,-2.5089015725694384,9,0.37933360217495626,ml_v3freq,2025-07
252514,short,2025-07-28 00:40:00,2025-07-28 00:45:00,2025-07-28 00:48:00,3329.589,3331.9814944770833,SL,-2.5524944770833224,3,0.3667829148477849,ml_v3freq,2025-07
252530,short,2025-07-28 02:00:00,2025-07-28 02:05:00,2025-07-28 02:15:00,3331.235,3333.74073681875,SL,-2.6657368187499912,10,0.3571689952568905,ml_v3freq,2025-07
252547,long,2025-07-28 03:25:00,2025-07-28 03:30:00,2025-07-28 03:57:00,3336.773,3341.575454861111,TP,4.6424548611111005,27,0.41425054558676266,ml_v3freq,2025-07
252559,short,2025-07-28 04:25:00,2025-07-28 04:30:00,2025-07-28 05:50:00,3340.579,3343.073776090278,SL,-2.65477609027777,80,0.35491265150007284,ml_v3freq,2025-07
252588,short,2025-07-28 06:50:00,2025-07-28 06:55:00,2025-07-28 07:01:00,3338.805,3341.3217451680553,SL,-2.6767451680555485,6,0.3548962967541769,ml_v3freq,2025-07
252622,short,2025-07-28 09:40:00,2025-07-28 09:45:00,2025-07-28 12:15:00,3337.627,3332.8030875,TP,4.663912499999998,150,0.35477418301620256,ml_v3freq,2025-07
252672,short,2025-07-28 13:50:00,2025-07-28 13:55:00,2025-07-28 13:56:00,3306.473,3309.097451587847,SL,-2.784451587847215,1,0.3535007698554486,ml_v3freq,2025-07
252702,long,2025-07-28 16:20:00,2025-07-28 16:25:00,2025-07-28 17:08:00,3312.322,3309.772245657639,SL,-2.7097543423611103,43,0.40828555751476786,ml_v3freq,2025-07
252713,long,2025-07-28 17:15:00,2025-07-28 17:20:00,2025-07-28 19:51:00,3311.547,3316.376748611111,TP,4.6697486111111095,151,0.42099307800788627,ml_v3freq,2025-07
252746,long,2025-07-28 20:00:00,2025-07-28 20:05:00,2025-07-28 20:50:00,3318.042,3315.5431761388886,SL,-2.658823861111109,45,0.4186130405715498,ml_v3freq,2025-07
252758,long,2025-07-28 22:00:00,2025-07-28 22:05:00,2025-07-28 23:25:00,3314.083,3311.583874540278,SL,-2.65912545972222,80,0.44570238858532407,ml_v3freq,2025-07
252781,short,2025-07-28 23:55:00,2025-07-29 00:00:00,2025-07-29 00:03:00,3312.485,3314.9243216298614,SL,-2.5993216298611066,3,0.35892160091882686,ml_v3freq,2025-07
252784,short,2025-07-29 00:10:00,2025-07-29 00:15:00,2025-07-29 01:23:00,3310.926,3313.372964773611,SL,-2.6069647736111046,68,0.3569023321666474,ml_v3freq,2025-07
252953,short,2025-07-29 14:15:00,2025-07-29 14:20:00,2025-07-29 14:22:00,3318.718,3321.3677501555553,SL,-2.8097501555555557,2,0.35359564615323147,ml_v3freq,2025-07
253070,short,2025-07-30 01:00:00,2025-07-30 01:05:00,2025-07-30 01:06:00,3328.001,3330.4380715454863,SL,-2.5970715454861044,1,0.352486742702271,ml_v3freq,2025-07
253129,short,2025-07-30 05:55:00,2025-07-30 06:00:00,2025-07-30 06:53:00,3324.918,3327.343809218403,SL,-2.5858092184027814,53,0.3574482384867153,ml_v3freq,2025-07
253211,short,2025-07-30 12:45:00,2025-07-30 12:50:00,2025-07-30 12:53:00,3320.456,3315.8993034722225,TP,4.396696527777792,3,0.352457414977576,ml_v3freq,2025-07
253219,short,2025-07-30 13:25:00,2025-07-30 13:30:00,2025-07-30 13:34:00,3305.392,3307.824357082986,SL,-2.592357082986117,4,0.3548362868671477,ml_v3freq,2025-07
253222,short,2025-07-30 13:40:00,2025-07-30 13:45:00,2025-07-30 13:47:00,3302.969,3305.4231952034725,SL,-2.614195203472229,2,0.361000708557506,ml_v3freq,2025-07
253225,short,2025-07-30 13:55:00,2025-07-30 14:00:00,2025-07-30 14:09:00,3303.127,3305.6108709194446,SL,-2.643870919444451,9,0.35879533160627697,ml_v3freq,2025-07
253230,short,2025-07-30 14:20:00,2025-07-30 14:25:00,2025-07-30 14:46:00,3303.387,3305.8820022892364,SL,-2.655002289236114,21,0.35417898550520643,ml_v3freq,2025-07
253240,short,2025-07-30 15:10:00,2025-07-30 15:15:00,2025-07-30 15:20:00,3300.717,3296.126379166667,TP,4.4306208333333315,5,0.35286764160778267,ml_v3freq,2025-07
253244,short,2025-07-30 15:30:00,2025-07-30 15:35:00,2025-07-30 15:42:00,3290.618,3293.014054134375,SL,-2.556054134375002,7,0.3591973652823377,ml_v3freq,2025-07
253359,long,2025-07-31 02:05:00,2025-07-31 02:10:00,2025-07-31 02:26:00,3294.767,3291.8433427479163,SL,-3.083657252083337,16,0.4104431863758793,ml_v3freq,2025-07
253365,long,2025-07-31 02:35:00,2025-07-31 02:40:00,2025-07-31 02:58:00,3291.634,3297.2304104166665,TP,5.4364104166666705,18,0.4260019695645252,ml_v3freq,2025-07
253371,long,2025-07-31 03:05:00,2025-07-31 03:10:00,2025-07-31 05:57:00,3295.317,3300.9432708333334,TP,5.466270833333349,167,0.43730676523790624,ml_v3freq,2025-07
253424,long,2025-07-31 07:30:00,2025-07-31 07:35:00,2025-07-31 07:45:00,3300.193,3305.8876770833335,TP,5.534677083333345,10,0.4072494765756006,ml_v3freq,2025-07
253448,long,2025-07-31 09:30:00,2025-07-31 09:35:00,2025-07-31 10:21:00,3306.623,3303.593068921528,SL,-3.1899310784722283,46,0.4121070280898661,ml_v3freq,2025-07
253460,long,2025-07-31 10:30:00,2025-07-31 10:35:00,2025-07-31 10:46:00,3303.097,3300.0318969677087,SL,-3.2251030322916705,11,0.4148739947192356,ml_v3freq,2025-07
253465,long,2025-07-31 10:55:00,2025-07-31 11:00:00,2025-07-31 11:10:00,3296.269,3302.1888256944444,TP,5.75982569444446,10,0.4225986508041377,ml_v3freq,2025-07
253470,long,2025-07-31 11:20:00,2025-07-31 11:25:00,2025-07-31 12:31:00,3303.138,3309.0432277777777,TP,5.745227777777794,66,0.4213193790904576,ml_v3freq,2025-07
253565,long,2025-07-31 19:15:00,2025-07-31 19:20:00,2025-07-31 19:25:00,3293.936,3290.997108049653,SL,-3.0988919503472254,5,0.40980606186627655,ml_v3freq,2025-07
253569,long,2025-07-31 19:35:00,2025-07-31 19:40:00,2025-07-31 20:55:00,3292.751,3289.879666138542,SL,-3.031333861458337,75,0.41542727642888577,ml_v3freq,2025-07
253587,long,2025-07-31 22:05:00,2025-07-31 22:10:00,2025-07-31 23:20:00,3291.06,3288.426282191667,SL,-2.7937178083333376,70,0.41356461200466466,ml_v3freq,2025-07
253604,long,2025-07-31 23:30:00,2025-07-31 23:35:00,2025-07-31 23:58:00,3291.223,3288.640863490972,SL,-2.742136509027785,23,0.41206898182611584,ml_v3freq,2025-07
253611,long,2025-08-01 00:05:00,2025-08-01 00:10:00,2025-08-01 00:42:00,3287.566,3292.553865972222,TP,4.827865972222235,32,0.4176560721136835,ml_v3freq,2025-08
253625,long,2025-08-01 01:15:00,2025-08-01 01:20:00,2025-08-01 01:35:00,3291.031,3288.433807370833,SL,-2.7571926291666733,15,0.4221466971068022,ml_v3freq,2025-08
253637,long,2025-08-01 02:15:00,2025-08-01 02:20:00,2025-08-01 02:41:00,3289.78,3287.167409968056,SL,-2.772590031944448,21,0.42659507732663604,ml_v3freq,2025-08
253649,long,2025-08-01 03:15:00,2025-08-01 03:20:00,2025-08-01 03:36:00,3294.039,3291.4399898423612,SL,-2.759010157638896,16,0.43362825190272347,ml_v3freq,2025-08
253655,long,2025-08-01 03:45:00,2025-08-01 03:50:00,2025-08-01 04:52:00,3292.709,3290.1236054322917,SL,-2.7453945677083387,62,0.4336114215055802,ml_v3freq,2025-08
253670,long,2025-08-01 05:00:00,2025-08-01 05:05:00,2025-08-01 05:52:00,3293.991,3298.938807638889,TP,4.78780763888889,47,0.44321243380429753,ml_v3freq,2025-08
253682,long,2025-08-01 06:00:00,2025-08-01 06:05:00,2025-08-01 06:20:00,3296.852,3294.269970637847,SL,-2.7420293621527745,15,0.4648139708500586,ml_v3freq,2025-08
253688,long,2025-08-01 06:30:00,2025-08-01 06:35:00,2025-08-01 07:31:00,3291.467,3288.863442052778,SL,-2.763557947222219,56,0.43448039566381985,ml_v3freq,2025-08
253709,long,2025-08-01 08:15:00,2025-08-01 08:20:00,2025-08-01 08:59:00,3288.628,3293.6169736111115,TP,4.828973611111096,39,0.4227519530197186,ml_v3freq,2025-08
253719,long,2025-08-01 09:05:00,2025-08-01 09:10:00,2025-08-01 10:52:00,3294.831,3299.7273062500003,TP,4.73630624999999,102,0.43857884552582016,ml_v3freq,2025-08
253841,long,2025-08-01 19:15:00,2025-08-01 19:20:00,2025-08-01 19:31:00,3348.904,3354.423059027778,TP,5.359059027777767,11,0.42675402690187053,ml_v3freq,2025-08
253865,short,2025-08-03 22:20:00,2025-08-03 22:25:00,2025-08-03 23:20:00,3361.28,3355.6547756944447,TP,5.465224305555556,55,0.3606915234884762,ml_v3freq,2025-08
253879,short,2025-08-03 23:30:00,2025-08-03 23:35:00,2025-08-03 23:46:00,3356.063,3359.009523188889,SL,-3.106523188888889,11,0.3586610546831471,ml_v3freq,2025-08
253884,short,2025-08-03 23:55:00,2025-08-04 00:00:00,2025-08-04 00:04:00,3361.99,3356.289769444444,TP,5.540230555555563,4,0.38087854078299704,ml_v3freq,2025-08
253916,long,2025-08-04 02:35:00,2025-08-04 02:40:00,2025-08-04 03:50:00,3352.938,3358.7037569444446,TP,5.605756944444469,70,0.41471354732940335,ml_v3freq,2025-08
253942,long,2025-08-04 04:45:00,2025-08-04 04:50:00,2025-08-04 05:32:00,3360.648,3357.7449189163194,SL,-3.06308108368057,42,0.41551235522241164,ml_v3freq,2025-08
254003,short,2025-08-04 09:50:00,2025-08-04 09:55:00,2025-08-04 10:24:00,3358.926,3353.373452083333,TP,5.392547916666715,29,0.35414911503101665,ml_v3freq,2025-08
254209,short,2025-08-05 04:00:00,2025-08-05 04:05:00,2025-08-05 05:18:00,3371.948,3367.8716215277777,TP,3.9163784722222488,73,0.35403711513210484,ml_v3freq,2025-08
254324,short,2025-08-05 13:35:00,2025-08-05 13:40:00,2025-08-05 13:54:00,3378.176,3373.953359722222,TP,4.062640277777779,14,0.3545499885967325,ml_v3freq,2025-08
254329,short,2025-08-05 14:00:00,2025-08-05 14:05:00,2025-08-05 14:10:00,3376.33,3372.074642361111,TP,4.095357638888889,5,0.36206491588985007,ml_v3freq,2025-08
254334,short,2025-08-05 14:25:00,2025-08-05 14:30:00,2025-08-05 14:34:00,3379.781,3382.0261635555553,SL,-2.4051635555555566,4,0.36273753615499016,ml_v3freq,2025-08
254355,long,2025-08-05 16:10:00,2025-08-05 16:15:00,2025-08-05 16:16:00,3387.017,3384.849811590625,SL,-2.327188409374998,1,0.41824257588576164,ml_v3freq,2025-08
254420,short,2025-08-05 22:35:00,2025-08-05 22:40:00,2025-08-05 23:17:00,3379.131,3381.3059307631943,SL,-2.3349307631944423,37,0.3535814951363624,ml_v3freq,2025-08
254583,short,2025-08-06 12:10:00,2025-08-06 12:15:00,2025-08-06 12:20:00,3360.627,3362.8470078503474,SL,-2.380007850347209,5,0.35840045439259555,ml_v3freq,2025-08
254612,short,2025-08-06 14:35:00,2025-08-06 14:40:00,2025-08-06 14:57:00,3376.855,3379.1037390864585,SL,-2.4087390864583176,17,0.35715311482922185,ml_v3freq,2025-08
254618,short,2025-08-06 15:05:00,2025-08-06 15:10:00,2025-08-06 15:35:00,3378.88,3374.6638909722224,TP,4.056109027777747,25,0.35648991196461854,ml_v3freq,2025-08
254627,short,2025-08-06 15:50:00,2025-08-06 15:55:00,2025-08-06 16:16:00,3378.413,3374.26840625,TP,3.9845937499999726,21,0.36174449706479944,ml_v3freq,2025-08
254648,short,2025-08-06 17:35:00,2025-08-06 17:40:00,2025-08-06 18:06:00,3375.562,3371.4960791666667,TP,3.9059208333333206,26,0.3659815374197587,ml_v3freq,2025-08
254662,short,2025-08-06 18:45:00,2025-08-06 18:50:00,2025-08-06 20:15:00,3373.921,3369.864879861111,TP,3.8961201388888798,85,0.357882016974587,ml_v3freq,2025-08
254703,long,2025-08-06 23:10:00,2025-08-06 23:15:00,2025-08-06 23:42:00,3370.224,3368.071915331597,SL,-2.3120846684027683,27,0.4249813031320423,ml_v3freq,2025-08
254715,long,2025-08-07 00:10:00,2025-08-07 00:15:00,2025-08-07 00:31:00,3369.812,3374.056479861111,TP,4.084479861111098,16,0.424709904366837,ml_v3freq,2025-08
254745,long,2025-08-07 02:40:00,2025-08-07 02:45:00,2025-08-07 03:00:00,3380.872,3378.61370103125,SL,-2.418298968749992,15,0.43410156535755545,ml_v3freq,2025-08
254760,long,2025-08-07 03:55:00,2025-08-07 04:00:00,2025-08-07 04:29:00,3379.732,3377.485776880903,SL,-2.4062231190972154,29,0.42130763979416436,ml_v3freq,2025-08
254839,long,2025-08-07 10:30:00,2025-08-07 10:35:00,2025-08-07 10:52:00,3375.708,3373.1847069673613,SL,-2.6832930326388804,17,0.4170425287753947,ml_v3freq,2025-08
254846,long,2025-08-07 11:05:00,2025-08-07 11:10:00,2025-08-07 11:13:00,3374.654,3379.5366479166664,TP,4.722647916666646,3,0.428282153076019,ml_v3freq,2025-08
254852,long,2025-08-07 11:35:00,2025-08-07 11:40:00,2025-08-07 12:30:00,3377.222,3382.1641319444448,TP,4.782131944444419,50,0.41810250696906553,ml_v3freq,2025-08
254882,short,2025-08-07 14:05:00,2025-08-07 14:10:00,2025-08-07 14:11:00,3380.669,3383.4486081996524,SL,-2.9396081996527634,1,0.3561266137041013,ml_v3freq,2025-08
254885,short,2025-08-07 14:20:00,2025-08-07 14:25:00,2025-08-07 14:26:00,3381.071,3383.9251109934025,SL,-3.0141109934027663,1,0.359612267449121,ml_v3freq,2025-08
254948,long,2025-08-07 19:35:00,2025-08-07 19:40:00,2025-08-07 20:52:00,3397.094,3394.279521445139,SL,-2.974478554861098,72,0.417436825300469,ml_v3freq,2025-08
254983,long,2025-08-07 23:30:00,2025-08-07 23:35:00,2025-08-08 00:15:00,3400.746,3397.524760160417,SL,-3.381239839583316,40,0.41549729839072364,ml_v3freq,2025-08
255125,short,2025-08-08 11:20:00,2025-08-08 11:25:00,2025-08-08 11:32:00,3382.479,3385.904176058333,SL,-3.585176058333328,7,0.3544780397996015,ml_v3freq,2025-08
255135,short,2025-08-08 12:10:00,2025-08-08 12:15:00,2025-08-08 12:20:00,3387.475,3390.91305749375,SL,-3.5980574937499936,5,0.35636342054204706,ml_v3freq,2025-08
255144,short,2025-08-08 12:55:00,2025-08-08 13:00:00,2025-08-08 13:11:00,3391.646,3395.159723029514,SL,-3.67372302951389,11,0.3552840656637719,ml_v3freq,2025-08
255149,short,2025-08-08 13:20:00,2025-08-08 13:25:00,2025-08-08 13:26:00,3387.663,3391.2160300590276,SL,-3.7130300590277794,1,0.3630144247990194,ml_v3freq,2025-08
255152,short,2025-08-08 13:35:00,2025-08-08 13:40:00,2025-08-08 13:49:00,3394.973,3398.5341295690973,SL,-3.7211295690972244,9,0.3537565118328997,ml_v3freq,2025-08
255158,short,2025-08-08 14:05:00,2025-08-08 14:10:00,2025-08-08 14:30:00,3389.47,3382.524852083333,TP,6.785147916666671,20,0.3637037539240634,ml_v3freq,2025-08
255165,short,2025-08-08 14:40:00,2025-08-08 14:45:00,2025-08-08 14:55:00,3386.964,3390.5913026854164,SL,-3.787302685416672,10,0.35374874720668603,ml_v3freq,2025-08
255170,short,2025-08-08 15:05:00,2025-08-08 15:10:00,2025-08-08 15:18:00,3389.803,3393.3492679006945,SL,-3.706267900694451,8,0.3651299204738949,ml_v3freq,2025-08
255174,short,2025-08-08 15:25:00,2025-08-08 15:30:00,2025-08-08 16:06:00,3393.227,3396.6993127465275,SL,-3.6323127465277825,36,0.3650162167369829,ml_v3freq,2025-08
255184,short,2025-08-08 16:15:00,2025-08-08 16:20:00,2025-08-08 16:25:00,3394.911,3398.3592999413195,SL,-3.608299941319446,5,0.3603734269639009,ml_v3freq,2025-08
255189,short,2025-08-08 16:40:00,2025-08-08 16:45:00,2025-08-08 17:59:00,3398.472,3391.8223319444446,TP,6.489668055555566,74,0.354107889468032,ml_v3freq,2025-08
255208,short,2025-08-08 18:15:00,2025-08-08 18:20:00,2025-08-08 18:21:00,3391.251,3394.9487299295142,SL,-3.8577299295138934,1,0.3694797625242765,ml_v3freq,2025-08
255211,short,2025-08-08 18:30:00,2025-08-08 18:35:00,2025-08-08 18:53:00,3394.971,3398.7220573260415,SL,-3.9110573260416714,18,0.3722016485618629,ml_v3freq,2025-08
255217,short,2025-08-08 19:00:00,2025-08-08 19:05:00,2025-08-08 19:06:00,3395.008,3398.8330124802083,SL,-3.985012480208336,1,0.37406122730345964,ml_v3freq,2025-08
255220,short,2025-08-08 19:15:00,2025-08-08 19:20:00,2025-08-10 22:12:00,3398.344,3390.9296027777777,TP,7.2543972222222335,105,0.364393015324244,ml_v3freq,2025-08
255244,short,2025-08-10 22:20:00,2025-08-10 22:25:00,2025-08-11 00:33:00,3393.531,3385.9126979166667,TP,7.458302083333353,128,0.39164509909804357,ml_v3freq,2025-08
255272,short,2025-08-11 00:40:00,2025-08-11 00:45:00,2025-08-11 01:07:00,3383.595,3376.554572222222,TP,6.880427777777802,22,0.36122390813197747,ml_v3freq,2025-08
255377,long,2025-08-11 09:25:00,2025-08-11 09:30:00,2025-08-11 09:31:00,3363.528,3359.823198376736,SL,-3.8648016232639013,1,0.4162967996621145,ml_v3freq,2025-08
255382,short,2025-08-11 09:50:00,2025-08-11 09:55:00,2025-08-11 10:06:00,3353.914,3357.6427390288195,SL,-3.888739028819459,11,0.3636068159661352,ml_v3freq,2025-08
255399,short,2025-08-11 11:15:00,2025-08-11 11:20:00,2025-08-11 12:29:00,3354.907,3347.7026645833334,TP,7.0443354166667005,69,0.3673009139327773,ml_v3freq,2025-08
255439,short,2025-08-11 14:35:00,2025-08-11 14:40:00,2025-08-11 14:43:00,3344.415,3348.137072112153,SL,-3.882072112152791,3,0.36526711045010785,ml_v3freq,2025-08
255442,short,2025-08-11 14:50:00,2025-08-11 14:55:00,2025-08-11 15:30:00,3347.031,3350.757695301389,SL,-3.8866953013889023,35,0.3611901773796279,ml_v3freq,2025-08
255490,long,2025-08-11 18:50:00,2025-08-11 18:55:00,2025-08-11 19:20:00,3355.585,3351.9637292868056,SL,-3.7812707131944476,25,0.41928345305145476,ml_v3freq,2025-08
255498,long,2025-08-11 19:30:00,2025-08-11 19:35:00,2025-08-11 20:30:00,3352.555,3349.2218829493054,SL,-3.493117050694447,55,0.41629015443973166,ml_v3freq,2025-08
255577,long,2025-08-12 03:05:00,2025-08-12 03:10:00,2025-08-12 03:21:00,3354.908,3351.9746876239583,SL,-3.093312376041665,11,0.43020414509200844,ml_v3freq,2025-08
255601,long,2025-08-12 05:05:00,2025-08-12 05:10:00,2025-08-12 05:48:00,3354.486,3351.600943401736,SL,-3.045056598263891,38,0.42872519313231783,ml_v3freq,2025-08
255615,short,2025-08-12 06:15:00,2025-08-12 06:20:00,2025-08-12 06:37:00,3345.579,3348.4959823986114,SL,-3.0769823986111047,17,0.36122175093541886,ml_v3freq,2025-08
255631,short,2025-08-12 07:35:00,2025-08-12 07:40:00,2025-08-12 08:23:00,3356.303,3350.6267555555555,TP,5.516244444444432,43,0.3559436087728304,ml_v3freq,2025-08
255650,short,2025-08-12 09:10:00,2025-08-12 09:15:00,2025-08-12 09:56:00,3350.997,3345.465245138889,TP,5.371754861111099,41,0.3574883559526376,ml_v3freq,2025-08
255662,short,2025-08-12 10:10:00,2025-08-12 10:15:00,2025-08-12 11:01:00,3348.424,3342.957351388889,TP,5.3066486111111075,46,0.36502406930319575,ml_v3freq,2025-08
255690,short,2025-08-12 12:30:00,2025-08-12 12:35:00,2025-08-12 12:36:00,3350.538,3345.007536111111,TP,5.370463888888867,1,0.3637378689736742,ml_v3freq,2025-08
255694,short,2025-08-12 12:50:00,2025-08-12 12:55:00,2025-08-12 13:10:00,3351.969,3346.2824506944444,TP,5.5265493055555375,15,0.3722980888675381,ml_v3freq,2025-08
255700,short,2025-08-12 13:20:00,2025-08-12 13:25:00,2025-08-12 13:31:00,3347.107,3350.115517577083,SL,-3.1685175770833243,6,0.3708490756692539,ml_v3freq,2025-08
255704,short,2025-08-12 13:40:00,2025-08-12 13:45:00,2025-08-12 13:47:00,3354.844,3349.0023125000002,TP,5.681687499999983,2,0.36608696814896924,ml_v3freq,2025-08
255707,short,2025-08-12 13:55:00,2025-08-12 14:00:00,2025-08-12 14:11:00,3345.658,3339.70583125,TP,5.792168749999985,11,0.37077480168912635,ml_v3freq,2025-08
255712,short,2025-08-12 14:20:00,2025-08-12 14:25:00,2025-08-12 14:26:00,3334.295,3337.3973742711805,SL,-3.262374271180544,1,0.360085881540643,ml_v3freq,2025-08
255716,short,2025-08-12 14:40:00,2025-08-12 14:45:00,2025-08-12 15:01:00,3336.01,3339.097730864931,SL,-3.24773086493054,16,0.35332776455089765,ml_v3freq,2025-08
255722,short,2025-08-12 15:10:00,2025-08-12 15:15:00,2025-08-12 15:20:00,3342.972,3346.0754814555557,SL,-3.2634814555555423,5,0.35449796507798204,ml_v3freq,2025-08
255726,short,2025-08-12 15:30:00,2025-08-12 15:35:00,2025-08-12 22:39:00,3351.416,3351.055,TIMEOUT,0.20100000000033105,360,0.3599668656789271,ml_v3freq,2025-08
255830,short,2025-08-13 01:10:00,2025-08-13 01:15:00,2025-08-13 01:47:00,3348.392,3351.3341341354167,SL,-3.1021341354166556,32,0.3601200444303603,ml_v3freq,2025-08
255839,short,2025-08-13 01:55:00,2025-08-13 02:00:00,2025-08-13 02:47:00,3350.797,3353.7643692086804,SL,-3.127369208680544,47,0.36859618857532656,ml_v3freq,2025-08
255852,short,2025-08-13 03:00:00,2025-08-13 03:05:00,2025-08-13 03:26:00,3349.753,3352.692074496875,SL,-3.099074496874992,21,0.3580763549259959,ml_v3freq,2025-08
255859,short,2025-08-13 03:35:00,2025-08-13 03:40:00,2025-08-13 06:06:00,3350.733,3353.6683402298613,SL,-3.0953402298611037,146,0.36944583403470016,ml_v3freq,2025-08
256013,short,2025-08-13 16:25:00,2025-08-13 16:30:00,2025-08-13 17:34:00,3359.66,3355.1549499999996,TP,4.345049999999997,64,0.35924250582916456,ml_v3freq,2025-08
256028,short,2025-08-13 17:40:00,2025-08-13 17:45:00,2025-08-13 18:27:00,3354.456,3350.1171722222225,TP,4.178827777777776,42,0.3590786847398268,ml_v3freq,2025-08
256039,short,2025-08-13 18:35:00,2025-08-13 18:40:00,2025-08-13 19:22:00,3353.148,3355.3956834913197,SL,-2.4076834913194425,42,0.35791636517393083,ml_v3freq,2025-08
256139,long,2025-08-14 03:55:00,2025-08-14 04:00:00,2025-08-14 05:30:00,3360.496,3358.2508245392364,SL,-2.4051754607638904,90,0.41539322920362076,ml_v3freq,2025-08
256162,long,2025-08-14 05:50:00,2025-08-14 05:55:00,2025-08-14 06:04:00,3359.004,3356.7618087781248,SL,-2.402191221875,9,0.4190975561790061,ml_v3freq,2025-08
256202,short,2025-08-14 09:10:00,2025-08-14 09:15:00,2025-08-14 09:19:00,3354.887,3357.2747085833334,SL,-2.547708583333338,4,0.3605941188923929,ml_v3freq,2025-08
256259,short,2025-08-14 13:55:00,2025-08-14 14:00:00,2025-08-14 14:05:00,3344.079,3339.173015277778,TP,4.745984722222224,5,0.3556945986667733,ml_v3freq,2025-08
256268,short,2025-08-14 14:40:00,2025-08-14 14:45:00,2025-08-14 15:05:00,3340.793,3335.776388888889,TP,4.85661111111111,20,0.3546951426717009,ml_v3freq,2025-08
256324,long,2025-08-14 19:20:00,2025-08-14 19:25:00,2025-08-14 20:05:00,3339.582,3336.983295409375,SL,-2.758704590624992,40,0.4436447460704793,ml_v3freq,2025-08
256387,long,2025-08-15 01:35:00,2025-08-15 01:40:00,2025-08-15 03:32:00,3338.543,3343.616001388889,TP,4.913001388888867,112,0.45264611848825526,ml_v3freq,2025-08
256412,long,2025-08-15 03:40:00,2025-08-15 03:45:00,2025-08-15 05:02:00,3342.273,3347.1717430555555,TP,4.738743055555528,77,0.42288893179465553,ml_v3freq,2025-08
256432,long,2025-08-15 05:20:00,2025-08-15 05:25:00,2025-08-15 06:10:00,3343.942,3341.4264612263887,SL,-2.675538773611096,45,0.41975954102058916,ml_v3freq,2025-08
256445,long,2025-08-15 06:25:00,2025-08-15 06:30:00,2025-08-15 07:57:00,3341.488,3346.3765375,TP,4.728537499999978,87,0.4157965248828194,ml_v3freq,2025-08
256465,long,2025-08-15 08:05:00,2025-08-15 08:10:00,2025-08-15 08:14:00,3344.341,3341.807281973264,SL,-2.693718026736106,4,0.42274693281253806,ml_v3freq,2025-08
256495,long,2025-08-15 10:35:00,2025-08-15 10:40:00,2025-08-15 11:33:00,3337.823,3342.454320833333,TP,4.4713208333333245,53,0.41467639296079395,ml_v3freq,2025-08
256540,short,2025-08-15 14:20:00,2025-08-15 14:25:00,2025-08-15 14:42:00,3340.875,3343.2597243444443,SL,-2.5447243444444463,17,0.36195021603350763,ml_v3freq,2025-08
256546,short,2025-08-15 14:50:00,2025-08-15 14:55:00,2025-08-15 15:05:00,3342.151,3344.5095686017357,SL,-2.518568601736113,10,0.3638691016061195,ml_v3freq,2025-08
256551,short,2025-08-15 15:15:00,2025-08-15 15:20:00,2025-08-15 16:18:00,3343.605,3339.226870138889,TP,4.218129861111112,58,0.35742022172146837,ml_v3freq,2025-08
256565,short,2025-08-15 16:25:00,2025-08-15 16:30:00,2025-08-15 19:07:00,3338.68,3334.4716826388885,TP,4.04831736111112,157,0.3570268869035499,ml_v3freq,2025-08
256601,short,2025-08-15 19:25:00,2025-08-15 19:30:00,2025-08-15 19:57:00,3337.244,3339.303212138195,SL,-2.219212138194445,27,0.3554647177698915,ml_v3freq,2025-08
256620,short,2025-08-17 22:05:00,2025-08-17 22:10:00,2025-08-17 23:16:00,3333.678,3329.7291604166667,TP,3.788839583333329,66,0.3673622472960846,ml_v3freq,2025-08
256636,short,2025-08-17 23:25:00,2025-08-17 23:30:00,2025-08-18 00:08:00,3329.068,3331.1625190177087,SL,-2.2545190177083314,38,0.38623741671130163,ml_v3freq,2025-08
256655,short,2025-08-18 01:00:00,2025-08-18 01:05:00,2025-08-18 01:08:00,3340.82,3343.0009547986115,SL,-2.340954798611118,3,0.35640570587307163,ml_v3freq,2025-08
256757,short,2025-08-18 09:30:00,2025-08-18 09:35:00,2025-08-18 11:55:00,3349.716,3345.4148854166665,TP,4.14111458333334,140,0.3542646833640572,ml_v3freq,2025-08
256794,short,2025-08-18 12:35:00,2025-08-18 12:40:00,2025-08-18 12:57:00,3347.967,3343.8447194444448,TP,3.962280555555558,17,0.35395309014864673,ml_v3freq,2025-08
256834,long,2025-08-18 15:55:00,2025-08-18 16:00:00,2025-08-18 16:01:00,3335.702,3333.627370617014,SL,-2.2346293829861086,1,0.4149828255777609,ml_v3freq,2025-08
256840,long,2025-08-18 16:25:00,2025-08-18 16:30:00,2025-08-18 19:10:00,3332.468,3330.402398733333,SL,-2.225601266666666,160,0.4290451160566172,ml_v3freq,2025-08
256875,long,2025-08-18 19:20:00,2025-08-18 19:25:00,2025-08-19 00:00:00,3332.064,3330.038872473264,SL,-2.185127526736115,211,0.44119733611632195,ml_v3freq,2025-08
256921,short,2025-08-19 00:10:00,2025-08-19 00:15:00,2025-08-19 00:16:00,3336.181,3338.210984851736,SL,-2.1899848517361216,1,0.36630885278247904,ml_v3freq,2025-08
256925,short,2025-08-19 00:30:00,2025-08-19 00:35:00,2025-08-19 00:51:00,3336.939,3333.0751888888885,TP,3.703811111111132,16,0.36358825809388273,ml_v3freq,2025-08
256931,short,2025-08-19 01:00:00,2025-08-19 01:05:00,2025-08-19 01:20:00,3332.012,3334.0361076472223,SL,-2.1841076472222336,15,0.37417698282821554,ml_v3freq,2025-08
256943,short,2025-08-19 02:00:00,2025-08-19 02:05:00,2025-08-19 02:08:00,3330.565,3332.5751507746527,SL,-2.170150774652786,3,0.3606854538593686,ml_v3freq,2025-08
256946,long,2025-08-19 02:15:00,2025-08-19 02:20:00,2025-08-19 02:51:00,3332.131,3335.9861027777774,TP,3.6951027777777963,31,0.42031147856309814,ml_v3freq,2025-08
256977,long,2025-08-19 04:50:00,2025-08-19 04:55:00,2025-08-19 06:00:00,3337.418,3335.423587910764,SL,-2.154412089236123,65,0.41630951284577067,ml_v3freq,2025-08
256993,long,2025-08-19 06:10:00,2025-08-19 06:15:00,2025-08-19 06:41:00,3337.306,3335.328231392014,SL,-2.137768607986122,26,0.45098583659671787,ml_v3freq,2025-08
257001,long,2025-08-19 06:50:00,2025-08-19 06:55:00,2025-08-19 07:08:00,3336.609,3340.37890625,TP,3.609906250000027,13,0.42011551312266693,ml_v3freq,2025-08
257007,long,2025-08-19 07:20:00,2025-08-19 07:25:00,2025-08-19 08:10:00,3339.477,3337.512196163889,SL,-2.1248038361111243,45,0.42486699816813706,ml_v3freq,2025-08
257019,long,2025-08-19 08:20:00,2025-08-19 08:25:00,2025-08-19 10:06:00,3338.218,3341.9745763888886,TP,3.596576388888917,101,0.4346193924592732,ml_v3freq,2025-08
257042,short,2025-08-19 10:15:00,2025-08-19 10:20:00,2025-08-19 11:41:00,3343.938,3340.27850625,TP,3.499493750000036,81,0.3743919762312722,ml_v3freq,2025-08
257083,short,2025-08-19 13:40:00,2025-08-19 13:45:00,2025-08-19 13:59:00,3337.987,3334.199165277778,TP,3.6278347222222505,14,0.358232634551034,ml_v3freq,2025-08
257088,short,2025-08-19 14:05:00,2025-08-19 14:10:00,2025-08-19 14:33:00,3336.806,3332.996577777778,TP,3.6494222222222477,23,0.3735308522263167,ml_v3freq,2025-08
257096,short,2025-08-19 14:45:00,2025-08-19 14:50:00,2025-08-19 15:00:00,3323.839,3325.833019217361,SL,-2.1540192173611192,10,0.3550556466394158,ml_v3freq,2025-08
257136,long,2025-08-19 18:05:00,2025-08-19 18:10:00,2025-08-19 20:07:00,3317.436,3315.4317184930555,SL,-2.1642815069444516,117,0.4149693032669078,ml_v3freq,2025-08
257162,long,2025-08-19 20:15:00,2025-08-19 20:20:00,2025-08-19 23:51:00,3315.98,3313.974012079861,SL,-2.165987920138892,147,0.42439937511618847,ml_v3freq,2025-08
257234,long,2025-08-20 03:15:00,2025-08-20 03:20:00,2025-08-20 05:35:00,3317.204,3321.0456125,TP,3.6816124999999897,135,0.4182141357440179,ml_v3freq,2025-08
257339,short,2025-08-20 12:00:00,2025-08-20 12:05:00,2025-08-20 12:19:00,3334.537,3336.4834579100693,SL,-2.1064579100694303,14,0.3538455466710453,ml_v3freq,2025-08
257344,short,2025-08-20 12:25:00,2025-08-20 12:30:00,2025-08-20 12:32:00,3337.924,3339.88414493125,SL,-2.1201449312499845,2,0.37046508442311665,ml_v3freq,2025-08
257347,short,2025-08-20 12:40:00,2025-08-20 12:45:00,2025-08-20 12:49:00,3339.655,3341.634824240625,SL,-2.1398242406249888,4,0.36319739316859734,ml_v3freq,2025-08
257584,long,2025-08-21 09:25:00,2025-08-21 09:30:00,2025-08-21 10:33:00,3339.325,3337.5485405281247,SL,-1.936459471875003,63,0.41518214404033216,ml_v3freq,2025-08
257605,short,2025-08-21 11:10:00,2025-08-21 11:15:00,2025-08-21 11:25:00,3329.459,3331.2904218503472,SL,-1.9914218503472194,10,0.3582106990921641,ml_v3freq,2025-08
257636,short,2025-08-21 13:45:00,2025-08-21 13:50:00,2025-08-21 14:01:00,3340.381,3342.353522379514,SL,-2.1325223795138863,11,0.3570876108054326,ml_v3freq,2025-08
257641,short,2025-08-21 14:10:00,2025-08-21 14:15:00,2025-08-21 14:38:00,3344.809,3346.804420063542,SL,-2.155420063541664,23,0.35887532053949694,ml_v3freq,2025-08
257648,short,2025-08-21 14:45:00,2025-08-21 14:50:00,2025-08-21 14:55:00,3342.513,3344.4812523781247,SL,-2.128252378125001,5,0.35464972323887123,ml_v3freq,2025-08
257657,short,2025-08-21 15:30:00,2025-08-21 15:35:00,2025-08-21 15:38:00,3343.278,3345.2439586413193,SL,-2.12595864131944,3,0.35583569364662265,ml_v3freq,2025-08
257660,short,2025-08-21 15:45:00,2025-08-21 15:50:00,2025-08-21 16:16:00,3344.774,3340.998784722222,TP,3.6152152777777715,26,0.3555454826987438,ml_v3freq,2025-08
257714,long,2025-08-21 20:15:00,2025-08-21 20:20:00,2025-08-22 00:14:00,3338.279,3336.383234467014,SL,-2.055765532986103,170,0.4152442736409396,ml_v3freq,2025-08
257772,long,2025-08-22 02:05:00,2025-08-22 02:10:00,2025-08-22 02:31:00,3335.512,3333.6206354256947,SL,-2.0513645743055493,21,0.433566351577585,ml_v3freq,2025-08
257779,long,2025-08-22 02:40:00,2025-08-22 02:45:00,2025-08-22 03:04:00,3333.85,3331.9742233118054,SL,-2.0357766881944386,19,0.4480487239648482,ml_v3freq,2025-08
257798,long,2025-08-22 04:15:00,2025-08-22 04:20:00,2025-08-22 04:32:00,3330.916,3329.0440448836807,SL,-2.0319551163194416,12,0.41903380324837486,ml_v3freq,2025-08
257872,long,2025-08-22 10:25:00,2025-08-22 10:30:00,2025-08-22 11:17:00,3330.417,3328.4838798916667,SL,-2.0931201083333266,47,0.4410494474624718,ml_v3freq,2025-08
257886,long,2025-08-22 11:35:00,2025-08-22 11:40:00,2025-08-22 11:53:00,3330.092,3328.1811029472224,SL,-2.070897052777768,13,0.41702297835205604,ml_v3freq,2025-08
257891,short,2025-08-22 12:00:00,2025-08-22 12:05:00,2025-08-22 12:19:00,3327.758,3329.6360148673607,SL,-2.0380148673611047,14,0.3553774255286566,ml_v3freq,2025-08
257896,short,2025-08-22 12:25:00,2025-08-22 12:30:00,2025-08-22 12:32:00,3326.103,3322.459609027778,TP,3.4833909722222014,2,0.3555042134400847,ml_v3freq,2025-08
257899,short,2025-08-22 12:40:00,2025-08-22 12:45:00,2025-08-22 12:52:00,3324.376,3326.2948814791666,SL,-2.0788814791666557,7,0.3549205188675924,ml_v3freq,2025-08
257924,short,2025-08-22 14:45:00,2025-08-22 14:50:00,2025-08-22 14:51:00,3373.715,3375.7804861829864,SL,-2.2254861829860992,1,0.3552300936597828,ml_v3freq,2025-08
257927,short,2025-08-22 15:00:00,2025-08-22 15:05:00,2025-08-22 15:43:00,3376.955,3372.9829840277775,TP,3.8120159722222016,38,0.35496090949980275,ml_v3freq,2025-08
257978,long,2025-08-22 19:15:00,2025-08-22 19:20:00,2025-08-24 22:05:00,3370.559,3368.498589404167,SL,-2.220410595833325,98,0.42681841138349086,ml_v3freq,2025-08
258011,short,2025-08-24 23:05:00,2025-08-24 23:10:00,2025-08-24 23:53:00,3367.911,3370.0194481114586,SL,-2.2684481114583233,43,0.3654495251182968,ml_v3freq,2025-08
258022,short,2025-08-25 00:00:00,2025-08-25 00:05:00,2025-08-25 01:43:00,3366.203,3362.099648611111,TP,3.943351388888866,98,0.3567263114822534,ml_v3freq,2025-08
258138,short,2025-08-25 09:40:00,2025-08-25 09:45:00,2025-08-25 10:02:00,3366.219,3368.3006574243054,SL,-2.2416574243055574,17,0.3590822507646756,ml_v3freq,2025-08
258144,short,2025-08-25 10:10:00,2025-08-25 10:15:00,2025-08-25 11:33:00,3367.7,3369.7698315840275,SL,-2.2298315840277816,78,0.3580989650598958,ml_v3freq,2025-08
258167,short,2025-08-25 12:05:00,2025-08-25 12:10:00,2025-08-25 12:56:00,3368.976,3364.961702777778,TP,3.854297222222228,46,0.3544161317561666,ml_v3freq,2025-08
258184,short,2025-08-25 13:30:00,2025-08-25 13:35:00,2025-08-25 13:44:00,3366.083,3368.1642486788196,SL,-2.2412486788194554,9,0.3544518926193373,ml_v3freq,2025-08
258217,short,2025-08-25 16:15:00,2025-08-25 16:20:00,2025-08-25 19:03:00,3373.158,3369.796109722222,TP,3.201890277777808,163,0.35418731083903865,ml_v3freq,2025-08
258339,long,2025-08-26 03:25:00,2025-08-26 03:30:00,2025-08-26 04:20:00,3372.308,3375.953048611111,TP,3.4850486111111674,50,0.41534658205935115,ml_v3freq,2025-08
258574,long,2025-08-27 00:00:00,2025-08-27 00:05:00,2025-08-27 01:01:00,3390.916,3388.5728486430557,SL,-2.5031513569444312,56,0.449949423079527,ml_v3freq,2025-08
258624,long,2025-08-27 04:10:00,2025-08-27 04:15:00,2025-08-27 04:27:00,3379.506,3377.5013534,SL,-2.1646465999999913,12,0.4196639317928195,ml_v3freq,2025-08
258634,short,2025-08-27 05:00:00,2025-08-27 05:05:00,2025-08-27 05:25:00,3375.29,3377.302238154514,SL,-2.172238154513884,20,0.35545567836294223,ml_v3freq,2025-08
258641,short,2025-08-27 05:35:00,2025-08-27 05:40:00,2025-08-27 06:16:00,3378.105,3380.1280083996526,SL,-2.183008399652774,36,0.3553596364721377,ml_v3freq,2025-08
258656,short,2025-08-27 06:50:00,2025-08-27 06:55:00,2025-08-27 07:48:00,3377.497,3379.5091667232637,SL,-2.172166723263882,53,0.35727241134901566,ml_v3freq,2025-08
258740,short,2025-08-27 13:50:00,2025-08-27 13:55:00,2025-08-27 14:09:00,3377.89,3379.832350613194,SL,-2.102350613194447,14,0.3547419311042012,ml_v3freq,2025-08
258745,short,2025-08-27 14:15:00,2025-08-27 14:20:00,2025-08-27 14:26:00,3380.724,3382.65142941875,SL,-2.0874294187500015,6,0.3594356070458724,ml_v3freq,2025-08
258753,short,2025-08-27 14:55:00,2025-08-27 15:00:00,2025-08-27 15:10:00,3386.398,3388.2933488506947,SL,-2.055348850694445,10,0.35811754652136574,ml_v3freq,2025-08
258758,short,2025-08-27 15:20:00,2025-08-27 15:25:00,2025-08-27 15:39:00,3387.746,3389.6200305909724,SL,-2.034030590972222,14,0.36775326510945683,ml_v3freq,2025-08
258763,short,2025-08-27 15:45:00,2025-08-27 15:50:00,2025-08-27 16:04:00,3386.919,3388.7814269812498,SL,-2.0224269812499998,14,0.35351759888431183,ml_v3freq,2025-08
258814,long,2025-08-27 20:00:00,2025-08-27 20:05:00,2025-08-27 23:07:00,3395.301,3398.863961111111,TP,3.4029611111111007,118,0.42814123345258664,ml_v3freq,2025-08
258850,long,2025-08-28 00:00:00,2025-08-28 00:05:00,2025-08-28 00:15:00,3396.439,3394.5826446749998,SL,-2.016355325000004,10,0.4251106626245025,ml_v3freq,2025-08
258855,long,2025-08-28 00:25:00,2025-08-28 00:30:00,2025-08-28 00:54:00,3395.579,3393.705659911111,SL,-2.033340088888894,24,0.4175847282995155,ml_v3freq,2025-08
258872,long,2025-08-28 01:50:00,2025-08-28 01:55:00,2025-08-28 02:46:00,3385.637,3389.3204416666667,TP,3.5234416666666837,51,0.417076925415401,ml_v3freq,2025-08
258900,long,2025-08-28 04:10:00,2025-08-28 04:15:00,2025-08-28 05:44:00,3389.938,3388.0472425913194,SL,-2.0507574086805684,89,0.4171339331953914,ml_v3freq,2025-08
258937,long,2025-08-28 07:15:00,2025-08-28 07:20:00,2025-08-28 07:33:00,3396.03,3394.1368178972225,SL,-2.0531821027777735,13,0.4151648336964966,ml_v3freq,2025-08
258942,long,2025-08-28 07:40:00,2025-08-28 07:45:00,2025-08-28 08:37:00,3394.956,3398.605379861111,TP,3.4893798611111086,52,0.417622136417638,ml_v3freq,2025-08
258955,long,2025-08-28 08:45:00,2025-08-28 08:50:00,2025-08-28 09:30:00,3400.671,3398.776635313194,SL,-2.0543646868055543,40,0.41612804298152006,ml_v3freq,2025-08
258966,long,2025-08-28 09:40:00,2025-08-28 09:45:00,2025-08-28 10:02:00,3399.419,3397.552283175347,SL,-2.026716824652774,17,0.4184629084112117,ml_v3freq,2025-08
259051,long,2025-08-28 16:45:00,2025-08-28 16:50:00,2025-08-28 17:20:00,3417.001,3414.9936231388892,SL,-2.1673768611111064,30,0.4161635663055999,ml_v3freq,2025-08
259084,long,2025-08-28 19:30:00,2025-08-28 19:35:00,2025-08-28 19:56:00,3418.822,3422.555140277778,TP,3.57314027777779,21,0.43177358204501926,ml_v3freq,2025-08
259102,long,2025-08-28 22:00:00,2025-08-28 22:05:00,2025-08-28 23:45:00,3416.991,3415.039549839236,SL,-2.111450160763901,100,0.41966477650812484,ml_v3freq,2025-08
259211,short,2025-08-29 07:05:00,2025-08-29 07:10:00,2025-08-29 07:27:00,3410.901,3407.2812743055556,TP,3.4597256944444377,17,0.3538389803390072,ml_v3freq,2025-08
259228,long,2025-08-29 08:30:00,2025-08-29 08:35:00,2025-08-29 08:51:00,3413.104,3411.2481883461805,SL,-2.015811653819437,16,0.4283898826660364,ml_v3freq,2025-08
259357,long,2025-08-29 19:15:00,2025-08-29 19:20:00,2025-08-29 19:44:00,3444.31,3447.885840277778,TP,3.415840277777762,24,0.42277981740395865,ml_v3freq,2025-08
259367,long,2025-08-29 20:05:00,2025-08-29 20:10:00,2025-08-31 22:05:00,3447.233,3445.319305223264,SL,-2.073694776736099,48,0.42250030525430815,ml_v3freq,2025-08
259390,short,2025-08-31 23:05:00,2025-08-31 23:10:00,2025-08-31 23:37:00,3449.783,3445.983095833333,TP,3.639904166666639,27,0.3540529943637454,ml_v3freq,2025-08
259398,short,2025-08-31 23:45:00,2025-08-31 23:50:00,2025-08-31 23:54:00,3446.555,3448.5415824305555,SL,-2.146582430555539,4,0.3642536167070206,ml_v3freq,2025-08
259593,short,2025-09-01 16:00:00,2025-09-01 16:05:00,2025-09-01 16:45:00,3473.476,3476.4058916128474,SL,-3.089891612847202,40,0.3639492975013022,ml_v3freq,2025-09
259907,long,2025-09-02 22:55:00,2025-09-02 23:00:00,2025-09-03 00:22:00,3529.334,3535.844670833333,TP,6.350670833333341,82,0.40765690397993076,ml_v3freq,2025-09
259944,long,2025-09-03 02:00:00,2025-09-03 02:05:00,2025-09-03 02:32:00,3542.007,3538.439655912153,SL,-3.7273440878472366,27,0.4097937791289353,ml_v3freq,2025-09
260311,long,2025-09-04 09:35:00,2025-09-04 09:40:00,2025-09-04 10:09:00,3539.937,3546.585323611111,TP,6.488323611111129,29,0.4086783998285579,ml_v3freq,2025-09
260451,long,2025-09-04 22:15:00,2025-09-04 22:20:00,2025-09-04 23:35:00,3541.055,3547.6729666666665,TP,6.457966666666663,75,0.40523706493947126,ml_v3freq,2025-09
260526,long,2025-09-05 04:30:00,2025-09-05 04:35:00,2025-09-05 06:07:00,3557.093,3554.0097772406248,SL,-3.2432227593749885,92,0.4040998589280097,ml_v3freq,2025-09
260705,long,2025-09-05 19:25:00,2025-09-05 19:30:00,2025-09-05 20:01:00,3593.735,3590.5843421722225,SL,-3.3106578277777694,31,0.4047953157924161,ml_v3freq,2025-09
260895,short,2025-09-08 12:20:00,2025-09-08 12:25:00,2025-09-08 12:30:00,3615.117,3618.757124594792,SL,-3.800124594791665,5,0.3626313625126939,ml_v3freq,2025-09
260899,short,2025-09-08 12:40:00,2025-09-08 12:45:00,2025-09-08 12:54:00,3620.179,3623.834895027431,SL,-3.8158950274305528,9,0.3632511861841804,ml_v3freq,2025-09
261022,short,2025-09-08 23:55:00,2025-09-09 00:00:00,2025-09-09 00:17:00,3635.023,3638.0053142135416,SL,-3.1423142135416664,17,0.36501870475579096,ml_v3freq,2025-09
261326,long,2025-09-10 02:15:00,2025-09-10 02:20:00,2025-09-10 04:07:00,3633.432,3640.380440277778,TP,6.788440277777796,107,0.40658151079063537,ml_v3freq,2025-09
262104,short,2025-09-14 22:10:00,2025-09-14 22:15:00,2025-09-14 23:06:00,3643.755,3639.476954861111,TP,4.118045138888854,51,0.36320955674746513,ml_v3freq,2025-09
262117,short,2025-09-14 23:15:00,2025-09-14 23:20:00,2025-09-15 00:11:00,3638.985,3641.2184170833334,SL,-2.393417083333318,51,0.37079857229469915,ml_v3freq,2025-09
262130,short,2025-09-15 00:20:00,2025-09-15 00:25:00,2025-09-15 00:30:00,3641.556,3637.1986861111113,TP,4.197313888888863,5,0.3656345985438334,ml_v3freq,2025-09
262247,short,2025-09-15 10:05:00,2025-09-15 10:10:00,2025-09-15 10:15:00,3642.333,3644.586286876042,SL,-2.4132868760416626,5,0.36361085855804526,ml_v3freq,2025-09
262254,short,2025-09-15 10:40:00,2025-09-15 10:45:00,2025-09-15 11:18:00,3642.715,3644.9295195493055,SL,-2.37451954930555,33,0.36273536813269747,ml_v3freq,2025-09
262263,short,2025-09-15 11:25:00,2025-09-15 11:30:00,2025-09-15 11:45:00,3644.469,3646.690972209722,SL,-2.3819722097222176,15,0.3640722426110151,ml_v3freq,2025-09
262276,short,2025-09-15 12:30:00,2025-09-15 12:35:00,2025-09-15 12:37:00,3640.843,3643.1068745746525,SL,-2.4238745746527703,2,0.36655276512435414,ml_v3freq,2025-09
262686,short,2025-09-17 00:40:00,2025-09-17 00:45:00,2025-09-17 01:26:00,3692.836,3688.168478472222,TP,4.5075215277777545,41,0.36279980359014724,ml_v3freq,2025-09
262880,short,2025-09-17 16:50:00,2025-09-17 16:55:00,2025-09-17 17:20:00,3685.092,3680.604168055556,TP,4.327831944444434,25,0.36251521524354136,ml_v3freq,2025-09
262951,long,2025-09-17 23:45:00,2025-09-17 23:50:00,2025-09-18 00:01:00,3669.906,3666.4622399114583,SL,-3.603760088541663,11,0.4040350701882286,ml_v3freq,2025-09
262992,long,2025-09-18 03:10:00,2025-09-18 03:15:00,2025-09-18 03:53:00,3662.78,3659.1209699343754,SL,-3.8190300656249936,38,0.4037527746235189,ml_v3freq,2025-09
263185,long,2025-09-18 19:15:00,2025-09-18 19:20:00,2025-09-18 23:26:00,3642.813,3639.030711344097,SL,-3.942288655902757,182,0.40845837578836075,ml_v3freq,2025-09
263225,long,2025-09-18 23:35:00,2025-09-18 23:40:00,2025-09-19 01:06:00,3638.829,3644.6813666666667,TP,5.692366666666613,86,0.4425742297605453,ml_v3freq,2025-09
263259,long,2025-09-19 02:25:00,2025-09-19 02:30:00,2025-09-19 03:22:00,3645.682,3651.4898090277775,TP,5.6478090277777335,52,0.40803082236583543,ml_v3freq,2025-09
263472,long,2025-09-19 20:10:00,2025-09-19 20:15:00,2025-09-21 22:05:00,3681.764,3686.6670743055556,TP,4.743074305555563,43,0.4026609141189128,ml_v3freq,2025-09
264059,long,2025-09-24 00:10:00,2025-09-24 00:15:00,2025-09-24 01:00:00,3759.367,3766.1926375000003,TP,6.665637499999969,45,0.4026996354160801,ml_v3freq,2025-09
264322,long,2025-09-24 23:05:00,2025-09-24 23:10:00,2025-09-25 00:04:00,3739.253,3745.313938888889,TP,5.90093888888887,54,0.40553467834729384,ml_v3freq,2025-09
264361,long,2025-09-25 02:20:00,2025-09-25 02:25:00,2025-09-25 02:35:00,3733.575,3739.702198611111,TP,5.96719861111111,10,0.4031813615955824,ml_v3freq,2025-09
264366,long,2025-09-25 02:45:00,2025-09-25 02:50:00,2025-09-25 02:54:00,3740.79,3737.612476085417,SL,-3.337523914583334,4,0.4095550163430341,ml_v3freq,2025-09
264369,long,2025-09-25 03:00:00,2025-09-25 03:05:00,2025-09-25 03:09:00,3738.35,3735.170837135069,SL,-3.3391628649305543,4,0.4107855875814517,ml_v3freq,2025-09
264372,long,2025-09-25 03:15:00,2025-09-25 03:20:00,2025-09-25 04:17:00,3735.403,3732.221467998611,SL,-3.3415320013888867,57,0.4076469410980304,ml_v3freq,2025-09
264386,long,2025-09-25 04:25:00,2025-09-25 04:30:00,2025-09-25 04:35:00,3734.226,3740.2798729166666,TP,5.893872916666661,5,0.41835585430508454,ml_v3freq,2025-09
264390,long,2025-09-25 04:45:00,2025-09-25 04:50:00,2025-09-25 05:12:00,3738.116,3734.96023880625,SL,-3.3157611937499936,22,0.40414876802593513,ml_v3freq,2025-09
264397,long,2025-09-25 05:20:00,2025-09-25 05:25:00,2025-09-25 05:37:00,3734.843,3740.9192166666667,TP,5.916216666666651,12,0.40831683142811104,ml_v3freq,2025-09
264421,long,2025-09-25 07:20:00,2025-09-25 07:25:00,2025-09-25 07:38:00,3744.006,3750.1662520833333,TP,6.000252083333316,13,0.40393469395056547,ml_v3freq,2025-09
264462,short,2025-09-25 10:45:00,2025-09-25 10:50:00,2025-09-25 11:02:00,3759.24,3752.8510625,TP,6.2289375,12,0.3630547875623017,ml_v3freq,2025-09
264694,short,2025-09-26 07:05:00,2025-09-26 07:10:00,2025-09-26 07:28:00,3741.965,3745.696215312153,SL,-3.8912153121527897,18,0.3630699861924638,ml_v3freq,2025-09
265159,long,2025-09-29 23:55:00,2025-09-30 00:00:00,2025-09-30 00:25:00,3832.89,3840.2156104166666,TP,7.165610416666671,25,0.41016244259971013,ml_v3freq,2025-09
265450,long,2025-10-01 01:10:00,2025-10-01 01:15:00,2025-10-01 02:04:00,3862.386,3870.7704902777778,TP,8.22449027777778,49,0.39794957282465215,ml_v3freq,2025-10
265474,long,2025-10-01 03:10:00,2025-10-01 03:15:00,2025-10-01 03:35:00,3862.142,3857.8059842309026,SL,-4.49601576909722,20,0.39944931780246706,ml_v3freq,2025-10
265483,long,2025-10-01 03:55:00,2025-10-01 04:00:00,2025-10-01 04:38:00,3861.998,3857.655956227083,SL,-4.502043772916669,38,0.3972245556450077,ml_v3freq,2025-10
265496,long,2025-10-01 05:00:00,2025-10-01 05:05:00,2025-10-01 05:08:00,3869.17,3864.8480482503473,SL,-4.481951749652785,3,0.412601194206253,ml_v3freq,2025-10
265509,short,2025-10-01 06:05:00,2025-10-01 06:10:00,2025-10-01 06:42:00,3859.342,3863.688952687153,SL,-4.506952687152785,32,0.3479562896091311,ml_v3freq,2025-10
265521,long,2025-10-01 07:05:00,2025-10-01 07:10:00,2025-10-01 07:29:00,3862.76,3871.1648631944445,TP,8.244863194444456,19,0.4008900054053459,ml_v3freq,2025-10
265529,long,2025-10-01 07:45:00,2025-10-01 07:50:00,2025-10-01 08:03:00,3874.441,3882.8325180555553,TP,8.231518055555561,13,0.4041439479600273,ml_v3freq,2025-10
265562,short,2025-10-01 10:30:00,2025-10-01 10:35:00,2025-10-01 11:32:00,3886.123,3878.5228708333334,TP,7.440129166666667,57,0.3457911904834638,ml_v3freq,2025-10
265577,short,2025-10-01 11:45:00,2025-10-01 11:50:00,2025-10-01 12:15:00,3882.853,3886.684611934028,SL,-3.991611934027775,25,0.3455227321968814,ml_v3freq,2025-10
265605,short,2025-10-01 14:05:00,2025-10-01 14:10:00,2025-10-01 14:28:00,3871.551,3875.4923223972223,SL,-4.101322397222218,18,0.3456071387720886,ml_v3freq,2025-10
265611,short,2025-10-01 14:35:00,2025-10-01 14:40:00,2025-10-01 14:46:00,3877.521,3869.996465277778,TP,7.364534722222206,6,0.347041253894294,ml_v3freq,2025-10
265615,short,2025-10-01 14:55:00,2025-10-01 15:00:00,2025-10-01 15:17:00,3872.989,3865.3429840277777,TP,7.486015972222205,17,0.3528225343418899,ml_v3freq,2025-10
265668,long,2025-10-01 19:20:00,2025-10-01 19:25:00,2025-10-01 20:09:00,3864.874,3861.089671585069,SL,-3.944328414930555,44,0.39914415229475453,ml_v3freq,2025-10
265679,long,2025-10-01 20:15:00,2025-10-01 20:20:00,2025-10-01 22:20:00,3862.499,3858.679368673958,SL,-3.9796313260416647,56,0.3980675161655639,ml_v3freq,2025-10
265743,long,2025-10-02 02:35:00,2025-10-02 02:40:00,2025-10-02 06:06:00,3863.836,3871.418261805555,TP,7.422261805555559,206,0.39729912188299427,ml_v3freq,2025-10
265816,long,2025-10-02 08:40:00,2025-10-02 08:45:00,2025-10-02 10:21:00,3875.287,3882.434845833333,TP,6.987845833333315,96,0.4066237891967755,ml_v3freq,2025-10
265848,short,2025-10-02 11:20:00,2025-10-02 11:25:00,2025-10-02 12:03:00,3883.843,3887.4283923836806,SL,-3.745392383680542,38,0.3501948282026417,ml_v3freq,2025-10
265859,short,2025-10-02 12:15:00,2025-10-02 12:20:00,2025-10-02 12:36:00,3883.333,3886.9440163604168,SL,-3.7710163604166524,16,0.3486020576786799,ml_v3freq,2025-10
265865,short,2025-10-02 12:45:00,2025-10-02 12:50:00,2025-10-02 13:00:00,3882.67,3886.301529034375,SL,-3.7915290343749852,10,0.35098225569975094,ml_v3freq,2025-10
265875,short,2025-10-02 13:35:00,2025-10-02 13:40:00,2025-10-02 13:46:00,3883.109,3886.7361479177084,SL,-3.7871479177083143,6,0.34964477480969325,ml_v3freq,2025-10
265882,short,2025-10-02 14:10:00,2025-10-02 14:15:00,2025-10-02 14:20:00,3871.393,3864.3938527777777,TP,6.839147222222184,5,0.3449830518051512,ml_v3freq,2025-10
265886,short,2025-10-02 14:30:00,2025-10-02 14:35:00,2025-10-02 14:37:00,3857.245,3850.2080861111112,TP,6.876913888888851,2,0.3465832616296415,ml_v3freq,2025-10
265889,short,2025-10-02 14:45:00,2025-10-02 14:50:00,2025-10-02 14:51:00,3829.869,3833.6080449708334,SL,-3.8990449708333146,1,0.34599460415873,ml_v3freq,2025-10
265939,long,2025-10-02 18:55:00,2025-10-02 19:00:00,2025-10-02 19:06:00,3850.901,3858.300761111111,TP,7.2397611111110765,6,0.39669322849379035,ml_v3freq,2025-10
265943,long,2025-10-02 19:15:00,2025-10-02 19:20:00,2025-10-02 19:57:00,3857.068,3853.2338125725696,SL,-3.9941874274305347,37,0.4054443270405057,ml_v3freq,2025-10
265953,long,2025-10-02 20:05:00,2025-10-02 20:10:00,2025-10-02 20:50:00,3858.16,3854.3689887947917,SL,-3.951011205208312,40,0.41866437092507136,ml_v3freq,2025-10
265964,long,2025-10-02 22:00:00,2025-10-02 22:05:00,2025-10-02 22:12:00,3857.075,3853.3332049260416,SL,-3.9017950739583167,7,0.4313582922735348,ml_v3freq,2025-10
265968,long,2025-10-02 22:20:00,2025-10-02 22:25:00,2025-10-02 23:36:00,3853.506,3860.702047222222,TP,7.03604722222219,71,0.43183595522278506,ml_v3freq,2025-10
266003,long,2025-10-03 01:15:00,2025-10-03 01:20:00,2025-10-03 01:23:00,3855.451,3851.7465158489586,SL,-3.864484151041652,3,0.3990146788406852,ml_v3freq,2025-10
266006,long,2025-10-03 01:30:00,2025-10-03 01:35:00,2025-10-03 01:45:00,3849.322,3856.4729319444446,TP,6.990931944444419,10,0.4043101029266869,ml_v3freq,2025-10
266016,long,2025-10-03 02:20:00,2025-10-03 02:25:00,2025-10-03 02:35:00,3855.021,3851.313563357292,SL,-3.8674366427083173,10,0.40788056198945644,ml_v3freq,2025-10
266021,long,2025-10-03 02:45:00,2025-10-03 02:50:00,2025-10-03 03:11:00,3851.119,3847.3909117892363,SL,-3.8880882107638737,21,0.4325709228104637,ml_v3freq,2025-10
266028,long,2025-10-03 03:20:00,2025-10-03 03:25:00,2025-10-03 05:13:00,3841.585,3848.745251388889,TP,7.000251388888855,108,0.41269832921885574,ml_v3freq,2025-10
266052,long,2025-10-03 05:20:00,2025-10-03 05:25:00,2025-10-03 06:30:00,3853.594,3860.9564069444446,TP,7.202406944444421,65,0.4007117356102159,ml_v3freq,2025-10
266068,long,2025-10-03 06:40:00,2025-10-03 06:45:00,2025-10-03 08:08:00,3858.088,3865.569336805556,TP,7.321336805555536,83,0.4111803880135214,ml_v3freq,2025-10
266087,long,2025-10-03 08:15:00,2025-10-03 08:20:00,2025-10-03 09:21:00,3862.187,3858.3314506604165,SL,-4.015549339583322,61,0.40501009912870867,ml_v3freq,2025-10
266102,long,2025-10-03 09:30:00,2025-10-03 09:35:00,2025-10-03 10:42:00,3860.13,3867.421770138889,TP,7.131770138888863,67,0.41582237006227185,ml_v3freq,2025-10
266138,short,2025-10-03 12:30:00,2025-10-03 12:35:00,2025-10-03 12:45:00,3867.635,3871.451682802778,SL,-3.9766828027777765,10,0.34631067178140945,ml_v3freq,2025-10
266158,short,2025-10-03 14:10:00,2025-10-03 14:15:00,2025-10-03 14:16:00,3867.2,3871.182641406944,SL,-4.142641406944435,1,0.34792949120633765,ml_v3freq,2025-10
266163,short,2025-10-03 14:35:00,2025-10-03 14:40:00,2025-10-03 14:48:00,3874.371,3878.3613718555557,SL,-4.150371855555547,8,0.34858128126203,ml_v3freq,2025-10
266167,short,2025-10-03 14:55:00,2025-10-03 15:00:00,2025-10-03 15:22:00,3879.585,3883.5588355211808,SL,-4.133835521180549,22,0.34702994339499027,ml_v3freq,2025-10
266209,short,2025-10-03 18:25:00,2025-10-03 18:30:00,2025-10-03 18:35:00,3884.375,3887.8196886947917,SL,-3.604688694791656,5,0.34982711114562726,ml_v3freq,2025-10
266226,long,2025-10-03 19:50:00,2025-10-03 19:55:00,2025-10-03 20:24:00,3887.178,3883.7535739697914,SL,-3.5844260302083257,29,0.39788839876837767,ml_v3freq,2025-10
266234,long,2025-10-03 20:30:00,2025-10-03 20:35:00,2025-10-05 22:14:00,3884.074,3890.594265277778,TP,6.36026527777776,32,0.39853398383669447,ml_v3freq,2025-10
266378,short,2025-10-06 09:35:00,2025-10-06 09:40:00,2025-10-06 10:08:00,3941.234,3933.185903472222,TP,7.888096527777767,28,0.34747884317625755,ml_v3freq,2025-10
266389,short,2025-10-06 10:30:00,2025-10-06 10:35:00,2025-10-06 10:44:00,3941.42,3945.655226275347,SL,-4.395226275347219,9,0.34688945119996817,ml_v3freq,2025-10
266503,long,2025-10-06 20:00:00,2025-10-06 20:05:00,2025-10-06 22:11:00,3960.427,3968.8245298611114,TP,8.237529861111147,62,0.4027322375889447,ml_v3freq,2025-10
266555,short,2025-10-07 01:20:00,2025-10-07 01:25:00,2025-10-07 02:35:00,3961.908,3966.294430357986,SL,-4.546430357986133,70,0.3519056088429503,ml_v3freq,2025-10
266572,short,2025-10-07 02:45:00,2025-10-07 02:50:00,2025-10-07 03:39:00,3966.18,3970.4916259656247,SL,-4.471625965625022,49,0.35799259673174166,ml_v3freq,2025-10
266595,long,2025-10-07 04:40:00,2025-10-07 04:45:00,2025-10-07 05:10:00,3973.571,3969.323606601736,SL,-4.407393398263906,25,0.40523058994695926,ml_v3freq,2025-10
266710,short,2025-10-07 14:15:00,2025-10-07 14:20:00,2025-10-07 14:33:00,3976.793,3981.0229363944445,SL,-4.389936394444429,13,0.34530899890378397,ml_v3freq,2025-10
266776,long,2025-10-07 19:45:00,2025-10-07 19:50:00,2025-10-07 22:15:00,3981.418,3989.725047222222,TP,8.147047222222197,81,0.40336679986207913,ml_v3freq,2025-10
266816,long,2025-10-08 00:05:00,2025-10-08 00:10:00,2025-10-08 00:30:00,3996.799,3992.661237696875,SL,-4.297762303124984,20,0.41292246909211927,ml_v3freq,2025-10
266831,long,2025-10-08 01:20:00,2025-10-08 01:25:00,2025-10-08 01:53:00,3989.544,3997.54120625,TP,7.837206249999974,28,0.39942637539480097,ml_v3freq,2025-10
266839,long,2025-10-08 02:00:00,2025-10-08 02:05:00,2025-10-08 02:37:00,3999.236,4007.2037888888885,TP,7.807788888888869,32,0.4010060942332714,ml_v3freq,2025-10
266853,long,2025-10-08 03:10:00,2025-10-08 03:15:00,2025-10-08 03:25:00,4013.446,4009.3238533618055,SL,-4.28214663819443,10,0.39730780016294687,ml_v3freq,2025-10
266939,short,2025-10-08 10:20:00,2025-10-08 10:25:00,2025-10-08 10:35:00,4043.483,4035.5366534722225,TP,7.786346527777777,10,0.34934452864501775,ml_v3freq,2025-10
266945,short,2025-10-08 10:50:00,2025-10-08 10:55:00,2025-10-08 12:03:00,4036.718,4040.839075169444,SL,-4.281075169444444,68,0.3463343174921313,ml_v3freq,2025-10
267064,long,2025-10-08 20:45:00,2025-10-08 20:50:00,2025-10-08 20:55:00,4044.857,4040.7019037135415,SL,-4.315096286458321,5,0.4072723695659061,ml_v3freq,2025-10
267068,long,2025-10-08 22:05:00,2025-10-08 22:10:00,2025-10-08 23:01:00,4020.381,4016.1167210479166,SL,-4.424278952083323,51,0.4074631894515546,ml_v3freq,2025-10
267082,long,2025-10-08 23:15:00,2025-10-08 23:20:00,2025-10-08 23:23:00,4019.621,4015.220549275,SL,-4.560450724999989,3,0.3995579768417036,ml_v3freq,2025-10
267085,long,2025-10-08 23:30:00,2025-10-08 23:35:00,2025-10-08 23:41:00,4017.503,4013.0544363597223,SL,-4.608563640277765,6,0.3969984535450517,ml_v3freq,2025-10
267092,long,2025-10-09 00:05:00,2025-10-09 00:10:00,2025-10-09 00:21:00,4014.982,4023.7697854166668,TP,8.627785416666638,11,0.4060411547696976,ml_v3freq,2025-10
267099,long,2025-10-09 00:40:00,2025-10-09 00:45:00,2025-10-09 00:48:00,4025.522,4020.886282516319,SL,-4.795717483680538,3,0.3985928067028681,ml_v3freq,2025-10
267137,long,2025-10-09 03:50:00,2025-10-09 03:55:00,2025-10-09 04:23:00,4026.876,4036.427315277778,TP,9.391315277777744,28,0.40046449352002333,ml_v3freq,2025-10
267264,short,2025-10-09 14:25:00,2025-10-09 14:30:00,2025-10-09 14:31:00,4006.875,4012.148392189236,SL,-5.433392189236084,1,0.3454715455976133,ml_v3freq,2025-10
267267,short,2025-10-09 14:40:00,2025-10-09 14:45:00,2025-10-09 14:48:00,4011.91,4017.198281636458,SL,-5.448281636458305,3,0.3500289963384951,ml_v3freq,2025-10
267274,short,2025-10-09 15:15:00,2025-10-09 15:20:00,2025-10-09 15:29:00,4028.065,4017.8251,TP,10.079899999999943,9,0.3514214468714675,ml_v3freq,2025-10
267280,short,2025-10-09 15:45:00,2025-10-09 15:50:00,2025-10-09 16:03:00,4014.544,4019.894823664236,SL,-5.510823664236084,13,0.3456781611680996,ml_v3freq,2025-10
267324,long,2025-10-09 19:25:00,2025-10-09 19:30:00,2025-10-09 19:59:00,3978.107,3972.192794098611,SL,-6.074205901388864,29,0.4183826569332666,ml_v3freq,2025-10
267332,long,2025-10-09 20:05:00,2025-10-09 20:10:00,2025-10-09 22:10:00,3978.013,3972.1254300180553,SL,-6.047569981944424,56,0.42284950100872754,ml_v3freq,2025-10
267347,long,2025-10-09 22:20:00,2025-10-09 22:25:00,2025-10-09 22:26:00,3980.376,3974.5028869093753,SL,-6.033113090624982,1,0.43720024016464065,ml_v3freq,2025-10
267350,long,2025-10-09 22:35:00,2025-10-09 22:40:00,2025-10-09 23:25:00,3974.319,3985.6925645833335,TP,11.213564583333302,45,0.4335220116513928,ml_v3freq,2025-10
267362,long,2025-10-09 23:35:00,2025-10-09 23:40:00,2025-10-10 01:17:00,3987.194,3981.3993223902776,SL,-5.954677609722207,97,0.4090287020595517,ml_v3freq,2025-10
267384,long,2025-10-10 01:25:00,2025-10-10 01:30:00,2025-10-10 01:36:00,3981.66,3975.955873404861,SL,-5.86412659513888,6,0.4146987153825338,ml_v3freq,2025-10
267388,long,2025-10-10 01:45:00,2025-10-10 01:50:00,2025-10-10 01:59:00,3978.398,3972.666130301042,SL,-5.891869698958325,9,0.4013750005084582,ml_v3freq,2025-10
267392,long,2025-10-10 02:05:00,2025-10-10 02:10:00,2025-10-10 03:11:00,3978.444,3972.74414340625,SL,-5.859856593749991,61,0.4130847830563319,ml_v3freq,2025-10
267409,long,2025-10-10 03:30:00,2025-10-10 03:35:00,2025-10-10 03:40:00,3972.604,3967.0852732142357,SL,-5.678726785763885,5,0.3983511482802632,ml_v3freq,2025-10
267423,long,2025-10-10 04:40:00,2025-10-10 04:45:00,2025-10-10 05:18:00,3963.502,3974.2650416666665,TP,10.60304166666666,33,0.39838962696016694,ml_v3freq,2025-10
267437,long,2025-10-10 05:50:00,2025-10-10 05:55:00,2025-10-10 06:11:00,3973.315,3967.6538551753474,SL,-5.821144824652773,16,0.40387233329210037,ml_v3freq,2025-10
267444,long,2025-10-10 06:25:00,2025-10-10 06:30:00,2025-10-10 06:51:00,3971.812,3966.129767082986,SL,-5.842232917013888,21,0.4014429075757002,ml_v3freq,2025-10
267459,long,2025-10-10 07:40:00,2025-10-10 07:45:00,2025-10-10 07:57:00,3964.892,3976.006461111111,TP,10.954461111111115,12,0.3970930945444402,ml_v3freq,2025-10
267469,long,2025-10-10 08:30:00,2025-10-10 08:35:00,2025-10-10 09:12:00,3987.413,3998.5330833333333,TP,10.960083333333332,37,0.39730374565226145,ml_v3freq,2025-10
267549,short,2025-10-10 15:10:00,2025-10-10 15:15:00,2025-10-10 15:25:00,4009.092,4015.368644095486,SL,-6.4366440954861375,10,0.3526065922067686,ml_v3freq,2025-10
267566,short,2025-10-10 16:35:00,2025-10-10 16:40:00,2025-10-10 16:56:00,3992.681,3980.405679861111,TP,12.11532013888893,16,0.34871650929986414,ml_v3freq,2025-10
267578,short,2025-10-10 17:35:00,2025-10-10 17:40:00,2025-10-10 18:14:00,3990.035,3996.3861945100693,SL,-6.511194510069467,34,0.3550822042169971,ml_v3freq,2025-10
267603,long,2025-10-10 19:40:00,2025-10-10 19:45:00,2025-10-10 19:59:00,4017.733,4011.715829920139,SL,-6.177170079861127,14,0.41028564557301606,ml_v3freq,2025-10
267611,long,2025-10-10 20:20:00,2025-10-10 20:25:00,2025-10-12 22:12:00,4012.546,4024.211209722222,TP,11.505209722222263,40,0.4206432526991641,ml_v3freq,2025-10
267836,short,2025-10-13 16:10:00,2025-10-13 16:15:00,2025-10-13 16:58:00,4115.631,4103.914823611111,TP,11.556176388888893,43,0.34899153324062837,ml_v3freq,2025-10
267857,short,2025-10-13 17:55:00,2025-10-13 18:00:00,2025-10-13 19:07:00,4103.85,4092.884046527778,TP,10.805953472222217,67,0.3478584348385876,ml_v3freq,2025-10
267889,long,2025-10-13 20:35:00,2025-10-13 20:40:00,2025-10-13 23:33:00,4107.743,4118.182993055556,TP,10.27999305555554,109,0.39653938760983676,ml_v3freq,2025-10
268194,long,2025-10-15 00:00:00,2025-10-15 00:05:00,2025-10-15 00:27:00,4166.548,4159.800659682639,SL,-6.90734031736113,22,0.40228868188489875,ml_v3freq,2025-10
268202,long,2025-10-15 00:40:00,2025-10-15 00:45:00,2025-10-15 00:54:00,4167.187,4160.408285490278,SL,-6.938714509722244,9,0.40735441242042597,ml_v3freq,2025-10
268206,long,2025-10-15 01:00:00,2025-10-15 01:05:00,2025-10-15 02:33:00,4173.907,4167.111951544444,SL,-6.9550484555555805,88,0.4010077662713321,ml_v3freq,2025-10
268228,long,2025-10-15 02:50:00,2025-10-15 02:55:00,2025-10-15 03:47:00,4174.829,4187.980821527777,TP,12.99182152777786,52,0.39740520818719605,ml_v3freq,2025-10
268251,long,2025-10-15 04:45:00,2025-10-15 04:50:00,2025-10-15 05:23:00,4178.889,4192.039232638889,TP,12.99023263888894,33,0.39859956296221244,ml_v3freq,2025-10
268291,short,2025-10-15 08:05:00,2025-10-15 08:10:00,2025-10-15 09:14:00,4214.346,4203.063093749999,TP,11.122906250000026,64,0.34515374978668345,ml_v3freq,2025-10
268369,short,2025-10-15 14:35:00,2025-10-15 14:40:00,2025-10-15 14:49:00,4197.227,4203.120351944792,SL,-6.05335194479165,9,0.3469470566204753,ml_v3freq,2025-10
268374,short,2025-10-15 15:00:00,2025-10-15 15:05:00,2025-10-15 15:10:00,4195.555,4201.408953642014,SL,-6.0139536420138775,5,0.35309522527773796,ml_v3freq,2025-10
268382,short,2025-10-15 15:40:00,2025-10-15 15:45:00,2025-10-15 15:50:00,4194.675,4183.421602777778,TP,11.093397222222185,5,0.3515468682467774,ml_v3freq,2025-10
268386,short,2025-10-15 16:00:00,2025-10-15 16:05:00,2025-10-15 16:23:00,4192.282,4198.168097704514,SL,-6.046097704513871,18,0.34502567307351384,ml_v3freq,2025-10
268394,short,2025-10-15 16:40:00,2025-10-15 16:45:00,2025-10-15 17:13:00,4196.714,4185.302218055555,TP,11.251781944444424,28,0.34954424898467623,ml_v3freq,2025-10
268406,short,2025-10-15 17:40:00,2025-10-15 17:45:00,2025-10-15 18:00:00,4193.008,4198.926285419444,SL,-6.0782854194444305,15,0.34534645377998413,ml_v3freq,2025-10
268420,short,2025-10-15 18:50:00,2025-10-15 18:55:00,2025-10-15 19:03:00,4198.798,4204.567430631249,SL,-5.929430631249995,8,0.34647768853723104,ml_v3freq,2025-10
268430,long,2025-10-15 19:40:00,2025-10-15 19:45:00,2025-10-15 22:15:00,4206.153,4200.381720093056,SL,-5.931279906944441,86,0.40038815298788083,ml_v3freq,2025-10
268451,long,2025-10-15 22:25:00,2025-10-15 22:30:00,2025-10-16 00:03:00,4211.587,4205.815545483334,SL,-5.931454516666656,93,0.41058269786353635,ml_v3freq,2025-10
268472,long,2025-10-16 00:10:00,2025-10-16 00:15:00,2025-10-16 00:30:00,4214.932,4225.9381416666665,TP,10.846141666666647,15,0.430313135814428,ml_v3freq,2025-10
268483,long,2025-10-16 01:05:00,2025-10-16 01:10:00,2025-10-16 01:28:00,4216.237,4227.414054166667,TP,11.017054166666647,18,0.40025532791701884,ml_v3freq,2025-10
268489,long,2025-10-16 01:35:00,2025-10-16 01:40:00,2025-10-16 02:57:00,4227.679,4238.850936111111,TP,11.011936111111096,77,0.40360078831495405,ml_v3freq,2025-10
268571,long,2025-10-16 08:25:00,2025-10-16 08:30:00,2025-10-16 09:26:00,4231.484,4225.713612983681,SL,-5.930387016319428,56,0.40308048311906286,ml_v3freq,2025-10
268588,long,2025-10-16 09:50:00,2025-10-16 09:55:00,2025-10-16 10:58:00,4233.786,4244.841763888889,TP,10.895763888888856,63,0.398045026942791,ml_v3freq,2025-10
268684,long,2025-10-16 20:35:00,2025-10-16 20:40:00,2025-10-16 20:48:00,4312.966,4323.567570833334,TP,10.441570833333275,8,0.40042397790722284,ml_v3freq,2025-10
268695,long,2025-10-16 22:30:00,2025-10-16 22:35:00,2025-10-16 22:36:00,4356.646,4350.8663031107635,SL,-5.9396968892360755,1,0.4028190921248682,ml_v3freq,2025-10
268698,long,2025-10-16 22:45:00,2025-10-16 22:50:00,2025-10-16 22:52:00,4357.561,4351.703653373611,SL,-6.017346626388857,2,0.40637830310635004,ml_v3freq,2025-10
268701,long,2025-10-16 23:00:00,2025-10-16 23:05:00,2025-10-16 23:08:00,4349.638,4361.0231604166665,TP,11.2251604166666,3,0.4137962709368952,ml_v3freq,2025-10
268704,long,2025-10-16 23:15:00,2025-10-16 23:20:00,2025-10-16 23:36:00,4358.624,4352.619743102778,SL,-6.1642568972221845,16,0.4256757730123414,ml_v3freq,2025-10
268710,long,2025-10-16 23:45:00,2025-10-16 23:50:00,2025-10-16 23:54:00,4372.712,4366.5909887246535,SL,-6.281011275347185,4,0.40720857684821693,ml_v3freq,2025-10
268713,long,2025-10-17 00:00:00,2025-10-17 00:05:00,2025-10-17 00:13:00,4361.326,4355.123160259375,SL,-6.362839740624967,8,0.4020404385409937,ml_v3freq,2025-10
268717,long,2025-10-17 00:20:00,2025-10-17 00:25:00,2025-10-17 00:36:00,4360.165,4353.8989078875,SL,-6.426092112499968,11,0.41549939044413303,ml_v3freq,2025-10
268722,long,2025-10-17 00:45:00,2025-10-17 00:50:00,2025-10-17 00:59:00,4366.313,4360.001132361458,SL,-6.471867638541631,9,0.4143436477475134,ml_v3freq,2025-10
268726,long,2025-10-17 01:05:00,2025-10-17 01:10:00,2025-10-17 01:13:00,4356.28,4349.823785678819,SL,-6.616214321180526,3,0.416603863370124,ml_v3freq,2025-10
268880,short,2025-10-17 13:55:00,2025-10-17 14:00:00,2025-10-17 14:03:00,4273.883,4254.739929166666,TP,18.98307083333332,3,0.3465902141117547,ml_v3freq,2025-10
268883,short,2025-10-17 14:10:00,2025-10-17 14:15:00,2025-10-17 14:17:00,4217.648,4227.926710834028,SL,-10.438710834027773,2,0.35189397695954927,ml_v3freq,2025-10
268886,short,2025-10-17 14:25:00,2025-10-17 14:30:00,2025-10-17 14:38:00,4240.905,4251.4016951986105,SL,-10.656695198611105,8,0.3672120531649501,ml_v3freq,2025-10
268890,short,2025-10-17 14:45:00,2025-10-17 14:50:00,2025-10-17 15:20:00,4254.136,4233.558330555556,TP,20.417669444444428,30,0.3624105918535483,ml_v3freq,2025-10
268899,short,2025-10-17 15:30:00,2025-10-17 15:35:00,2025-10-17 16:07:00,4254.007,4232.836445833333,TP,21.010554166666655,32,0.349178953681594,ml_v3freq,2025-10
268908,short,2025-10-17 16:15:00,2025-10-17 16:20:00,2025-10-17 16:33:00,4232.032,4210.4248986111115,TP,21.447101388888886,13,0.3476223430048863,ml_v3freq,2025-10
268947,long,2025-10-17 19:30:00,2025-10-17 19:35:00,2025-10-17 20:46:00,4226.94,4249.267853472222,TP,22.167853472222237,71,0.41486811023702197,ml_v3freq,2025-10
268992,long,2025-10-20 00:20:00,2025-10-20 00:25:00,2025-10-20 00:56:00,4227.916,4250.0476638888895,TP,21.9716638888889,31,0.3986780120563474,ml_v3freq,2025-10
269051,long,2025-10-20 05:15:00,2025-10-20 05:20:00,2025-10-20 05:23:00,4258.079,4247.481801032639,SL,-10.757198967361095,3,0.39904485768654774,ml_v3freq,2025-10
269074,long,2025-10-20 07:10:00,2025-10-20 07:15:00,2025-10-20 11:59:00,4254.658,4275.189163888889,TP,20.37116388888882,284,0.3967108531022777,ml_v3freq,2025-10
269231,long,2025-10-20 20:15:00,2025-10-20 20:20:00,2025-10-20 22:02:00,4348.836,4362.890157638889,TP,13.894157638888856,38,0.39806379550697063,ml_v3freq,2025-10
269367,short,2025-10-21 08:35:00,2025-10-21 08:40:00,2025-10-21 09:01:00,4269.993,4277.189698437501,SL,-7.3566984375,21,0.3450165557989371,ml_v3freq,2025-10
269375,short,2025-10-21 09:15:00,2025-10-21 09:20:00,2025-10-21 09:29:00,4264.869,4272.180932917361,SL,-7.471932917361106,9,0.35044715958255124,ml_v3freq,2025-10
269379,short,2025-10-21 09:35:00,2025-10-21 09:40:00,2025-10-21 10:16:00,4266.603,4252.452034722222,TP,13.99096527777777,36,0.34636991875785184,ml_v3freq,2025-10
269389,short,2025-10-21 10:25:00,2025-10-21 10:30:00,2025-10-21 11:16:00,4264.503,4271.99008234236,SL,-7.647082342361101,46,0.34662324444524456,ml_v3freq,2025-10
269402,short,2025-10-21 11:30:00,2025-10-21 11:35:00,2025-10-21 11:56:00,4262.34,4247.732817361111,TP,14.447182638888874,21,0.3493006935899635,ml_v3freq,2025-10
269409,short,2025-10-21 12:05:00,2025-10-21 12:10:00,2025-10-21 12:11:00,4249.096,4234.310265972222,TP,14.625734027777769,1,0.34696365059465617,ml_v3freq,2025-10
269412,short,2025-10-21 12:20:00,2025-10-21 12:25:00,2025-10-21 12:28:00,4222.288,4230.145247016666,SL,-8.017247016666657,3,0.3478289703941473,ml_v3freq,2025-10
269415,short,2025-10-21 12:35:00,2025-10-21 12:40:00,2025-10-21 12:46:00,4222.196,4206.920796527777,TP,15.115203472222193,6,0.34566353418478835,ml_v3freq,2025-10
269419,short,2025-10-21 12:55:00,2025-10-21 13:00:00,2025-10-21 13:02:00,4211.104,4195.650176388889,TP,15.293823611111092,2,0.34778066332783786,ml_v3freq,2025-10
269422,short,2025-10-21 13:10:00,2025-10-21 13:15:00,2025-10-21 13:17:00,4197.3,4205.425614222917,SL,-8.285614222916658,2,0.34821946410769444,ml_v3freq,2025-10
269425,short,2025-10-21 13:25:00,2025-10-21 13:30:00,2025-10-21 13:36:00,4200.923,4209.040316292708,SL,-8.277316292708324,6,0.350294778629484,ml_v3freq,2025-10
269429,short,2025-10-21 13:45:00,2025-10-21 13:50:00,2025-10-21 13:51:00,4183.941,4167.841117361111,TP,15.939882638888857,1,0.35274867205256444,ml_v3freq,2025-10
269432,short,2025-10-21 14:00:00,2025-10-21 14:05:00,2025-10-21 14:06:00,4175.395,4183.79777144132,SL,-8.562771441319423,1,0.35541624812716466,ml_v3freq,2025-10
269435,short,2025-10-21 14:15:00,2025-10-21 14:20:00,2025-10-21 14:24:00,4166.575,4150.208779861111,TP,16.20622013888885,4,0.35343309728735905,ml_v3freq,2025-10
269438,short,2025-10-21 14:30:00,2025-10-21 14:35:00,2025-10-21 14:38:00,4134.155,4117.499785416667,TP,16.495214583333297,3,0.3532324829542063,ml_v3freq,2025-10
269441,short,2025-10-21 14:45:00,2025-10-21 14:50:00,2025-10-21 14:54:00,4113.221,4122.067752375694,SL,-9.006752375694422,4,0.3545037308179758,ml_v3freq,2025-10
269444,short,2025-10-21 15:00:00,2025-10-21 15:05:00,2025-10-21 15:09:00,4129.151,4138.1018594541665,SL,-9.110859454166645,4,0.34796191835010704,ml_v3freq,2025-10
269447,short,2025-10-21 15:15:00,2025-10-21 15:20:00,2025-10-21 15:46:00,4136.012,4145.008924673611,SL,-9.156924673611087,26,0.3514010318478411,ml_v3freq,2025-10
269455,short,2025-10-21 15:55:00,2025-10-21 16:00:00,2025-10-21 16:21:00,4138.576,4121.074457638889,TP,17.341542361111056,21,0.350346282955057,ml_v3freq,2025-10
269462,short,2025-10-21 16:30:00,2025-10-21 16:35:00,2025-10-21 16:54:00,4117.355,4126.522073911111,SL,-9.32707391111108,19,0.35571484350765403,ml_v3freq,2025-10
269468,short,2025-10-21 17:00:00,2025-10-21 17:05:00,2025-10-21 17:14:00,4104.256,4113.60466405382,SL,-9.50866405381941,9,0.34939632357294725,ml_v3freq,2025-10
269489,short,2025-10-21 18:45:00,2025-10-21 18:50:00,2025-10-21 19:04:00,4111.784,4121.469760027778,SL,-9.845760027777747,14,0.34592843643581467,ml_v3freq,2025-10
269616,long,2025-10-22 06:20:00,2025-10-22 06:25:00,2025-10-22 08:02:00,4140.365,4128.903371792361,SL,-11.621628207638858,97,0.4084391571397865,ml_v3freq,2025-10
269659,long,2025-10-22 09:55:00,2025-10-22 10:00:00,2025-10-22 10:41:00,4069.522,4057.5036485350693,SL,-12.178351464930525,41,0.3965644115044118,ml_v3freq,2025-10
269670,short,2025-10-22 10:50:00,2025-10-22 10:55:00,2025-10-22 12:31:00,4034.627,4046.9175640534722,SL,-12.450564053472194,96,0.35231928516370725,ml_v3freq,2025-10
269694,short,2025-10-22 12:50:00,2025-10-22 12:55:00,2025-10-22 13:00:00,4031.034,4043.8328331128473,SL,-12.958833112847186,5,0.346487038964024,ml_v3freq,2025-10
269715,short,2025-10-22 14:35:00,2025-10-22 14:40:00,2025-10-22 14:57:00,4036.162,4011.314986111111,TP,24.68701388888882,17,0.34601422838524504,ml_v3freq,2025-10
269819,long,2025-10-23 00:15:00,2025-10-23 00:20:00,2025-10-23 00:21:00,4081.742,4069.732446484028,SL,-12.1695535159722,1,0.41077479465532973,ml_v3freq,2025-10
269823,long,2025-10-23 00:35:00,2025-10-23 00:40:00,2025-10-23 05:53:00,4078.771,4102.095315972222,TP,23.16431597222219,313,0.41253619520183527,ml_v3freq,2025-10
269926,long,2025-10-23 09:10:00,2025-10-23 09:15:00,2025-10-23 10:30:00,4118.442,4108.109187930902,SL,-10.492812069097209,75,0.39656387076040606,ml_v3freq,2025-10
269989,long,2025-10-23 14:25:00,2025-10-23 14:30:00,2025-10-23 15:21:00,4147.283,4138.658001971528,SL,-8.784998028472225,51,0.39778667616396335,ml_v3freq,2025-10
270016,short,2025-10-23 16:40:00,2025-10-23 16:45:00,2025-10-23 17:01:00,4128.562,4136.432949911458,SL,-8.030949911458332,16,0.3456739292391406,ml_v3freq,2025-10
270060,long,2025-10-23 20:20:00,2025-10-23 20:25:00,2025-10-23 20:56:00,4110.804,4124.911225,TP,13.947225,31,0.3975430898842012,ml_v3freq,2025-10
270105,long,2025-10-24 01:05:00,2025-10-24 01:10:00,2025-10-24 01:22:00,4140.367,4133.473150220486,SL,-7.053849779513898,12,0.4037273861315831,ml_v3freq,2025-10
270117,long,2025-10-24 02:05:00,2025-10-24 02:10:00,2025-10-24 03:02:00,4115.563,4108.73527174757,SL,-6.987728252430563,52,0.3971337914879633,ml_v3freq,2025-10
270130,long,2025-10-24 03:10:00,2025-10-24 03:15:00,2025-10-24 04:20:00,4117.87,4111.1305329937495,SL,-6.899467006250003,65,0.4010101335647496,ml_v3freq,2025-10
270164,short,2025-10-24 06:00:00,2025-10-24 06:05:00,2025-10-24 06:14:00,4095.302,4082.3306166666666,TP,12.811383333333334,9,0.34839960273797244,ml_v3freq,2025-10
270168,short,2025-10-24 06:20:00,2025-10-24 06:25:00,2025-10-24 06:37:00,4085.814,4092.623771229861,SL,-6.96977122986111,12,0.3495239671284882,ml_v3freq,2025-10
270173,short,2025-10-24 06:45:00,2025-10-24 06:50:00,2025-10-24 07:51:00,4094.259,4081.132501388889,TP,12.966498611111101,61,0.35882014594623723,ml_v3freq,2025-10
270209,long,2025-10-24 09:45:00,2025-10-24 09:50:00,2025-10-24 09:52:00,4070.384,4063.699856496875,SL,-6.844143503124992,2,0.40343185898965894,ml_v3freq,2025-10
270217,short,2025-10-24 10:25:00,2025-10-24 10:30:00,2025-10-24 11:03:00,4059.163,4046.2577159722223,TP,12.74528402777776,33,0.3449561168201831,ml_v3freq,2025-10
270262,short,2025-10-24 14:10:00,2025-10-24 14:15:00,2025-10-24 14:52:00,4132.144,4118.487454166667,TP,13.496545833333286,37,0.35050670185598876,ml_v3freq,2025-10
270279,short,2025-10-24 15:35:00,2025-10-24 15:40:00,2025-10-24 16:09:00,4129.473,4136.447507565972,SL,-7.134507565972207,29,0.3464510086233805,ml_v3freq,2025-10
270287,short,2025-10-24 16:15:00,2025-10-24 16:20:00,2025-10-24 16:28:00,4131.595,4138.553495060764,SL,-7.118495060763868,8,0.3520124623191129,ml_v3freq,2025-10
270292,short,2025-10-24 16:40:00,2025-10-24 16:45:00,2025-10-24 17:31:00,4130.771,4117.342902777777,TP,13.268097222222188,46,0.34523965580214405,ml_v3freq,2025-10
270305,short,2025-10-24 17:45:00,2025-10-24 17:50:00,2025-10-24 20:01:00,4115.065,4101.744886111111,TP,13.160113888888853,131,0.34590318875622206,ml_v3freq,2025-10
270345,short,2025-10-26 22:10:00,2025-10-26 22:15:00,2025-10-26 22:30:00,4105.007,4091.4239097222217,TP,13.42309027777778,15,0.34526124160527094,ml_v3freq,2025-10
270372,long,2025-10-27 00:25:00,2025-10-27 00:30:00,2025-10-27 00:59:00,4067.624,4081.928942361111,TP,14.144942361111115,29,0.40094928939762636,ml_v3freq,2025-10
270412,long,2025-10-27 03:45:00,2025-10-27 03:50:00,2025-10-27 03:55:00,4079.541,4072.129095079861,SL,-7.571904920138897,5,0.39826521749901583,ml_v3freq,2025-10
270478,short,2025-10-27 09:15:00,2025-10-27 09:20:00,2025-10-27 09:36:00,4038.515,4045.875359336458,SL,-7.520359336458355,16,0.34648408439927625,ml_v3freq,2025-10
270484,short,2025-10-27 09:45:00,2025-10-27 09:50:00,2025-10-27 10:31:00,4045.892,4031.7906798611107,TP,13.941320138888939,41,0.35537218948836935,ml_v3freq,2025-10
270495,short,2025-10-27 10:40:00,2025-10-27 10:45:00,2025-10-27 11:11:00,4041.541,4027.3305583333336,TP,14.050441666666712,26,0.3467006204240288,ml_v3freq,2025-10
270503,short,2025-10-27 11:20:00,2025-10-27 11:25:00,2025-10-27 12:03:00,4028.58,4035.958475095139,SL,-7.538475095138917,38,0.34984664611782446,ml_v3freq,2025-10
270531,short,2025-10-27 13:40:00,2025-10-27 13:45:00,2025-10-27 14:03:00,4025.334,4010.937940972222,TP,14.236059027777818,18,0.34566163325411997,ml_v3freq,2025-10
270538,short,2025-10-27 14:15:00,2025-10-27 14:20:00,2025-10-27 14:28:00,3992.966,4000.4747974423613,SL,-7.668797442361131,8,0.3471843380935356,ml_v3freq,2025-10
270542,short,2025-10-27 14:35:00,2025-10-27 14:40:00,2025-10-27 14:41:00,3986.614,3994.1646363128475,SL,-7.710636312847248,1,0.3474207329724049,ml_v3freq,2025-10
270545,short,2025-10-27 14:50:00,2025-10-27 14:55:00,2025-10-27 15:08:00,3988.554,3974.0209680555554,TP,14.37303194444449,13,0.3519026595328068,ml_v3freq,2025-10
270550,short,2025-10-27 15:15:00,2025-10-27 15:20:00,2025-10-27 15:30:00,3981.49,3988.989241528472,SL,-7.659241528472239,10,0.3473170208904957,ml_v3freq,2025-10
270555,short,2025-10-27 15:40:00,2025-10-27 15:45:00,2025-10-27 15:53:00,3981.554,3989.0488564434027,SL,-7.654856443402793,8,0.3481637495730137,ml_v3freq,2025-10
270579,long,2025-10-27 17:40:00,2025-10-27 17:45:00,2025-10-27 19:28:00,4002.553,3995.1423213163193,SL,-7.570678683680574,103,0.40380556517898714,ml_v3freq,2025-10
270602,long,2025-10-27 19:35:00,2025-10-27 19:40:00,2025-10-27 20:50:00,3991.779,3984.437391366667,SL,-7.501608633333354,70,0.4200022404316923,ml_v3freq,2025-10
270645,short,2025-10-28 00:10:00,2025-10-28 00:15:00,2025-10-28 00:33:00,3986.412,3993.477352242361,SL,-7.225352242361115,18,0.35654012662943035,ml_v3freq,2025-10
270653,long,2025-10-28 00:50:00,2025-10-28 00:55:00,2025-10-28 02:21:00,4006.355,3999.2689247583335,SL,-7.246075241666664,86,0.39671620326427415,ml_v3freq,2025-10
270688,long,2025-10-28 03:45:00,2025-10-28 03:50:00,2025-10-28 04:16:00,3991.655,3984.6746112611113,SL,-7.140388738888879,26,0.3986478961477009,ml_v3freq,2025-10
270696,short,2025-10-28 04:25:00,2025-10-28 04:30:00,2025-10-28 04:41:00,3971.404,3978.431251607292,SL,-7.187251607291658,11,0.3458577162970206,ml_v3freq,2025-10
270712,short,2025-10-28 05:45:00,2025-10-28 05:50:00,2025-10-28 06:29:00,3965.368,3951.6085506944446,TP,13.59944930555555,39,0.3480596656711782,ml_v3freq,2025-10
270722,short,2025-10-28 06:35:00,2025-10-28 06:40:00,2025-10-28 07:20:00,3948.22,3934.311875,TP,13.748124999999982,40,0.35661114991656107,ml_v3freq,2025-10
270734,short,2025-10-28 07:35:00,2025-10-28 07:40:00,2025-10-28 07:49:00,3928.511,3935.873470526736,SL,-7.522470526736103,9,0.34758410387454197,ml_v3freq,2025-10
270738,short,2025-10-28 07:55:00,2025-10-28 08:00:00,2025-10-28 08:18:00,3932.477,3918.259973611111,TP,14.057026388888875,18,0.3466185819671391,ml_v3freq,2025-10
270782,long,2025-10-28 11:35:00,2025-10-28 11:40:00,2025-10-28 12:45:00,3922.058,3914.51107414375,SL,-7.706925856249977,65,0.39797139853241403,ml_v3freq,2025-10
270874,long,2025-10-28 19:15:00,2025-10-28 19:20:00,2025-10-28 22:07:00,3955.081,3948.1190683024306,SL,-7.121931697569435,103,0.4025388650176268,ml_v3freq,2025-10
270902,long,2025-10-28 22:35:00,2025-10-28 22:40:00,2025-10-28 22:48:00,3943.366,3936.2101721427084,SL,-7.315827857291663,8,0.41011782557801024,ml_v3freq,2025-10
270906,long,2025-10-28 22:55:00,2025-10-28 23:00:00,2025-10-28 23:10:00,3934.044,3947.869563888889,TP,13.665563888888885,10,0.41082413221892444,ml_v3freq,2025-10
270911,long,2025-10-28 23:20:00,2025-10-28 23:25:00,2025-10-28 23:57:00,3952.756,3966.4957180555552,TP,13.579718055555546,32,0.4301889230856717,ml_v3freq,2025-10
270920,long,2025-10-29 00:05:00,2025-10-29 00:10:00,2025-10-29 00:40:00,3962.201,3976.112852777778,TP,13.751852777777765,30,0.4121134165872809,ml_v3freq,2025-10
270944,long,2025-10-29 02:05:00,2025-10-29 02:10:00,2025-10-29 02:21:00,3971.593,3964.446140732986,SL,-7.3068592670138806,11,0.40395778157467066,ml_v3freq,2025-10
270949,long,2025-10-29 02:30:00,2025-10-29 02:35:00,2025-10-29 02:36:00,3955.704,3948.5472951256947,SL,-7.316704874305547,1,0.4040983957135917,ml_v3freq,2025-10
270952,long,2025-10-29 02:45:00,2025-10-29 02:50:00,2025-10-29 04:26:00,3959.127,3951.9233211420137,SL,-7.363678857986104,96,0.40067164279909656,ml_v3freq,2025-10
270997,long,2025-10-29 06:30:00,2025-10-29 06:35:00,2025-10-29 07:11:00,3976.538,3990.126872916667,TP,13.428872916666634,36,0.4130926844494608,ml_v3freq,2025-10
271007,long,2025-10-29 07:20:00,2025-10-29 07:25:00,2025-10-29 08:09:00,3996.253,4009.830720138889,TP,13.417720138888852,44,0.40192606066923486,ml_v3freq,2025-10
271018,long,2025-10-29 08:15:00,2025-10-29 08:20:00,2025-10-29 09:45:00,4008.702,4022.1214423611113,TP,13.259442361111068,85,0.40187984924613873,ml_v3freq,2025-10
271087,short,2025-10-29 14:00:00,2025-10-29 14:05:00,2025-10-29 15:02:00,4017.489,4004.972802777778,TP,12.356197222222193,57,0.34602844899783997,ml_v3freq,2025-10
271185,long,2025-10-29 23:10:00,2025-10-29 23:15:00,2025-10-30 00:01:00,3946.108,3960.1619055555557,TP,13.893905555555518,46,0.39642895330346895,ml_v3freq,2025-10
271197,long,2025-10-30 00:10:00,2025-10-30 00:15:00,2025-10-30 00:39:00,3956.752,3949.5408605447915,SL,-7.371139455208312,24,0.42027398780442526,ml_v3freq,2025-10
271204,long,2025-10-30 00:45:00,2025-10-30 00:50:00,2025-10-30 01:01:00,3944.651,3958.6661993055554,TP,13.85519930555552,11,0.4019636990500105,ml_v3freq,2025-10
271209,long,2025-10-30 01:10:00,2025-10-30 01:15:00,2025-10-30 02:01:00,3950.24,3942.909145738194,SL,-7.490854261805537,46,0.39907418811637596,ml_v3freq,2025-10
271237,long,2025-10-30 03:30:00,2025-10-30 03:35:00,2025-10-30 04:19:00,3935.099,3949.4818284722223,TP,14.222828472222174,44,0.3993668623908403,ml_v3freq,2025-10
271248,long,2025-10-30 04:25:00,2025-10-30 04:30:00,2025-10-30 04:35:00,3959.404,3973.7443868055557,TP,14.180386805555504,5,0.4195739524090728,ml_v3freq,2025-10
271337,long,2025-10-30 11:50:00,2025-10-30 11:55:00,2025-10-30 12:58:00,3973.151,3965.129322214236,SL,-8.181677785763865,63,0.39734841243586694,ml_v3freq,2025-10
271369,short,2025-10-30 14:30:00,2025-10-30 14:35:00,2025-10-30 15:43:00,3995.992,4004.4487258454865,SL,-8.616725845486098,68,0.34755950126957386,ml_v3freq,2025-10
271401,short,2025-10-30 17:10:00,2025-10-30 17:15:00,2025-10-30 17:31:00,3995.471,4003.9610445552084,SL,-8.650044555208314,16,0.3448836255941351,ml_v3freq,2025-10
271429,long,2025-10-30 19:30:00,2025-10-30 19:35:00,2025-10-30 22:55:00,4023.916,4039.943129861111,TP,15.86712986111107,136,0.39856698972604754,ml_v3freq,2025-10
271465,long,2025-10-30 23:30:00,2025-10-30 23:35:00,2025-10-31 00:28:00,4033.747,4026.382311136111,SL,-7.52468886388887,53,0.40364747075195206,ml_v3freq,2025-10
271652,short,2025-10-31 15:05:00,2025-10-31 15:10:00,2025-10-31 15:17:00,4012.999,4019.229570939236,SL,-6.390570939236083,7,0.3501054913964332,ml_v3freq,2025-10
271660,short,2025-10-31 15:45:00,2025-10-31 15:50:00,2025-10-31 16:04:00,4016.754,4005.019673611111,TP,11.574326388888839,14,0.3459635530180114,ml_v3freq,2025-10
271666,short,2025-10-31 16:15:00,2025-10-31 16:20:00,2025-10-31 16:21:00,3978.232,3984.4195415479167,SL,-6.347541547916641,1,0.34931908207814166,ml_v3freq,2025-10
271669,short,2025-10-31 16:30:00,2025-10-31 16:35:00,2025-10-31 17:41:00,3986.534,3992.754038798264,SL,-6.380038798263864,66,0.35107374957840276,ml_v3freq,2025-10
271685,short,2025-10-31 17:50:00,2025-10-31 17:55:00,2025-10-31 18:12:00,3998.613,4004.8707148142357,SL,-6.417714814236092,17,0.35912901177654205,ml_v3freq,2025-10
271691,short,2025-10-31 18:20:00,2025-10-31 18:25:00,2025-10-31 19:16:00,4009.168,3997.1077145833333,TP,11.900285416666632,51,0.3491205265868686,ml_v3freq,2025-10
271717,long,2025-10-31 20:30:00,2025-10-31 20:35:00,2025-11-02 23:01:00,4003.053,3996.863680607639,SL,-6.3493193923610995,23,0.40519606243646117,ml_v3freq,2025-10
271728,short,2025-11-02 23:25:00,2025-11-02 23:30:00,2025-11-02 23:43:00,3994.732,3982.7384173611113,TP,11.833582638888862,13,0.3418141086130467,ml_v3freq,2025-11
271733,short,2025-11-02 23:50:00,2025-11-02 23:55:00,2025-11-03 00:01:00,3980.905,3987.206811705903,SL,-6.461811705902761,6,0.35198541385553306,ml_v3freq,2025-11
271771,short,2025-11-03 03:00:00,2025-11-03 03:05:00,2025-11-03 03:56:00,4007.761,4014.2287861836803,SL,-6.627786183680538,51,0.3427091865489684,ml_v3freq,2025-11
271784,short,2025-11-03 04:05:00,2025-11-03 04:10:00,2025-11-03 05:03:00,4013.325,4001.0455548611108,TP,12.119445138888848,53,0.3457951003334606,ml_v3freq,2025-11
271833,short,2025-11-03 08:10:00,2025-11-03 08:15:00,2025-11-03 09:26:00,4021.627,4009.8673965277776,TP,11.599603472222197,71,0.3426444128706342,ml_v3freq,2025-11
271870,short,2025-11-03 11:15:00,2025-11-03 11:20:00,2025-11-03 12:33:00,4002.742,4008.761943993403,SL,-6.179943993402764,73,0.34182874601842594,ml_v3freq,2025-11
271888,short,2025-11-03 12:45:00,2025-11-03 12:50:00,2025-11-03 13:12:00,4011.963,4017.92125120382,SL,-6.118251203819433,22,0.34598806288579764,ml_v3freq,2025-11
271895,short,2025-11-03 13:20:00,2025-11-03 13:25:00,2025-11-03 14:32:00,4016.028,4004.5480104166663,TP,11.319989583333317,67,0.3505429238022342,ml_v3freq,2025-11
271911,short,2025-11-03 14:40:00,2025-11-03 14:45:00,2025-11-03 14:47:00,4012.407,4018.385851182639,SL,-6.138851182638876,2,0.34628325123783804,ml_v3freq,2025-11
271914,short,2025-11-03 14:55:00,2025-11-03 15:00:00,2025-11-03 15:04:00,4022.761,4028.7452521788196,SL,-6.144252178819431,4,0.3501508983332285,ml_v3freq,2025-11
271917,short,2025-11-03 15:10:00,2025-11-03 15:15:00,2025-11-03 15:27:00,4026.721,4015.2014791666666,TP,11.359520833333308,12,0.34594874482838156,ml_v3freq,2025-11
271922,short,2025-11-03 15:35:00,2025-11-03 15:40:00,2025-11-03 15:45:00,4017.396,4023.4289682913195,SL,-6.19296829131943,5,0.3481690246583372,ml_v3freq,2025-11
271926,short,2025-11-03 15:55:00,2025-11-03 16:00:00,2025-11-03 16:18:00,4008.604,3996.9790625,TP,11.464937499999971,18,0.35155946522798154,ml_v3freq,2025-11
271932,short,2025-11-03 16:25:00,2025-11-03 16:30:00,2025-11-03 16:39:00,3997.974,4004.005587287153,SL,-6.191587287152767,9,0.3435944967374034,ml_v3freq,2025-11
271936,short,2025-11-03 16:45:00,2025-11-03 16:50:00,2025-11-03 19:03:00,4008.555,3996.976224305555,TP,11.418775694444422,133,0.3505300776011939,ml_v3freq,2025-11
271999,short,2025-11-03 23:00:00,2025-11-03 23:05:00,2025-11-03 23:13:00,4004.901,3994.5857652777777,TP,10.155234722222179,8,0.35186196755910726,ml_v3freq,2025-11
272005,short,2025-11-03 23:30:00,2025-11-03 23:35:00,2025-11-04 00:36:00,3998.204,3987.6623562500004,TP,10.381643749999958,61,0.34353152247945207,ml_v3freq,2025-11
272020,short,2025-11-04 00:45:00,2025-11-04 00:50:00,2025-11-04 01:17:00,3988.686,3994.154371722917,SL,-5.628371722916641,27,0.3412999402817324,ml_v3freq,2025-11
272028,short,2025-11-04 01:25:00,2025-11-04 01:30:00,2025-11-04 03:24:00,3985.448,3990.853278087153,SL,-5.565278087152755,114,0.3491029502007547,ml_v3freq,2025-11
272067,long,2025-11-04 04:40:00,2025-11-04 04:45:00,2025-11-04 05:01:00,3988.31,3983.111126478125,SL,-5.358873521874983,16,0.380098883451658,ml_v3freq,2025-11
272087,short,2025-11-04 06:20:00,2025-11-04 06:25:00,2025-11-04 06:28:00,3969.604,3974.876288973264,SL,-5.432288973263866,3,0.340819678981918,ml_v3freq,2025-11
272104,long,2025-11-04 07:45:00,2025-11-04 07:50:00,2025-11-04 10:00:00,3995.38,3990.059022693056,SL,-5.480977306944426,130,0.38085680121346066,ml_v3freq,2025-11
272133,long,2025-11-04 10:10:00,2025-11-04 10:15:00,2025-11-04 12:30:00,3994.495,3989.1953052371528,SL,-5.459694762847203,135,0.38462283517828133,ml_v3freq,2025-11
272171,short,2025-11-04 13:20:00,2025-11-04 13:25:00,2025-11-04 13:34:00,3989.655,3979.670376388889,TP,9.824623611111074,9,0.3405493346887848,ml_v3freq,2025-11
272178,short,2025-11-04 13:55:00,2025-11-04 14:00:00,2025-11-04 14:05:00,3975.714,3965.600126388889,TP,9.95387361111107,5,0.341112535976859,ml_v3freq,2025-11
272182,short,2025-11-04 14:15:00,2025-11-04 14:20:00,2025-11-04 14:29:00,3972.949,3962.747134027778,TP,10.04186597222218,9,0.3419239782893027,ml_v3freq,2025-11
272186,short,2025-11-04 14:35:00,2025-11-04 14:40:00,2025-11-04 14:47:00,3934.223,3939.674863167361,SL,-5.611863167361093,7,0.3476042954896452,ml_v3freq,2025-11
272216,long,2025-11-04 17:05:00,2025-11-04 17:10:00,2025-11-04 17:50:00,3963.762,3958.322708732639,SL,-5.599291267361107,40,0.3842112055014625,ml_v3freq,2025-11
272227,long,2025-11-04 18:00:00,2025-11-04 18:05:00,2025-11-04 18:14:00,3955.23,3949.8230750256944,SL,-5.566924974305548,9,0.38218594398012307,ml_v3freq,2025-11
272231,long,2025-11-04 18:20:00,2025-11-04 18:25:00,2025-11-04 18:32:00,3950.761,3945.360265734028,SL,-5.560734265972212,7,0.3829749604653373,ml_v3freq,2025-11
272239,long,2025-11-04 19:00:00,2025-11-04 19:05:00,2025-11-04 21:36:00,3936.241,3930.7007644711807,SL,-5.700235528819441,151,0.3773950418423667,ml_v3freq,2025-11
272272,long,2025-11-04 21:45:00,2025-11-04 21:50:00,2025-11-05 00:05:00,3932.001,3942.621775,TP,10.460774999999995,73,0.3919652058949139,ml_v3freq,2025-11
272290,long,2025-11-05 00:15:00,2025-11-05 00:20:00,2025-11-05 00:26:00,3941.372,3935.812327234375,SL,-5.719672765624995,6,0.3846948971938148,ml_v3freq,2025-11
272298,long,2025-11-05 00:55:00,2025-11-05 01:00:00,2025-11-05 02:56:00,3939.908,3950.6736159722223,TP,10.605615972222223,116,0.3778649350594535,ml_v3freq,2025-11
272325,long,2025-11-05 03:10:00,2025-11-05 03:15:00,2025-11-05 03:48:00,3953.021,3963.6535159722225,TP,10.472515972222247,33,0.3824252378360803,ml_v3freq,2025-11
272336,long,2025-11-05 04:05:00,2025-11-05 04:10:00,2025-11-05 04:46:00,3962.176,3972.627902083333,TP,10.291902083333357,36,0.3783168982879693,ml_v3freq,2025-11
272384,short,2025-11-05 08:05:00,2025-11-05 08:10:00,2025-11-05 09:11:00,3986.168,3975.9726194444447,TP,10.035380555555589,61,0.34743711004166977,ml_v3freq,2025-11
272399,short,2025-11-05 09:20:00,2025-11-05 09:25:00,2025-11-05 09:55:00,3966.814,3972.0747369527776,SL,-5.420736952777788,30,0.3413277277725759,ml_v3freq,2025-11
272408,short,2025-11-05 10:05:00,2025-11-05 10:10:00,2025-11-05 13:00:00,3965.513,3970.8035634680555,SL,-5.450563468055571,170,0.3439182891826905,ml_v3freq,2025-11
272445,short,2025-11-05 13:10:00,2025-11-05 13:15:00,2025-11-05 13:53:00,3972.461,3977.7659132125,SL,-5.464913212500008,38,0.3423377379091383,ml_v3freq,2025-11
272455,short,2025-11-05 14:00:00,2025-11-05 14:05:00,2025-11-05 14:25:00,3977.176,3982.52727209375,SL,-5.511272093750009,20,0.35394071180784664,ml_v3freq,2025-11
272463,short,2025-11-05 14:40:00,2025-11-05 14:45:00,2025-11-05 15:00:00,3976.379,3966.15484375,TP,10.06415625000001,15,0.35340611743318096,ml_v3freq,2025-11
272469,short,2025-11-05 15:10:00,2025-11-05 15:15:00,2025-11-05 15:26:00,3970.604,3975.931302940972,SL,-5.4873029409722305,11,0.35091887323650794,ml_v3freq,2025-11
272474,long,2025-11-05 15:35:00,2025-11-05 15:40:00,2025-11-05 16:18:00,3980.507,3975.307650269792,SL,-5.359349730208341,38,0.38672125242559086,ml_v3freq,2025-11
272484,long,2025-11-05 16:25:00,2025-11-05 16:30:00,2025-11-05 23:00:00,3981.26,3976.2321765430556,SL,-5.18782345694445,328,0.3885951181492008,ml_v3freq,2025-11
272593,long,2025-11-06 02:30:00,2025-11-06 02:35:00,2025-11-06 06:55:00,3983.603,3991.947111111111,TP,8.184111111111148,260,0.3911372789917984,ml_v3freq,2025-11
272682,long,2025-11-06 09:55:00,2025-11-06 10:00:00,2025-11-06 10:09:00,4011.077,4007.112442604514,SL,-4.1245573954861285,9,0.37856564509616053,ml_v3freq,2025-11
272717,short,2025-11-06 12:50:00,2025-11-06 12:55:00,2025-11-06 13:05:00,4005.768,4009.5878813354166,SL,-3.979881335416687,10,0.34029125109634617,ml_v3freq,2025-11
272731,short,2025-11-06 14:00:00,2025-11-06 14:05:00,2025-11-06 14:20:00,4008.24,4000.8430041666666,TP,7.236995833333377,15,0.3406022672077207,ml_v3freq,2025-11
272795,long,2025-11-06 19:20:00,2025-11-06 19:25:00,2025-11-06 19:41:00,3993.479,3989.5084146006943,SL,-4.130585399305573,16,0.3780645515130927,ml_v3freq,2025-11
272801,long,2025-11-06 19:50:00,2025-11-06 19:55:00,2025-11-06 20:51:00,3985.429,3981.4577717194447,SL,-4.131228280555568,56,0.39714736837067977,ml_v3freq,2025-11
272815,long,2025-11-06 21:00:00,2025-11-06 21:05:00,2025-11-06 21:50:00,3980.915,3976.923263013889,SL,-4.151736986111119,45,0.3899009046404449,ml_v3freq,2025-11
272827,long,2025-11-06 23:00:00,2025-11-06 23:05:00,2025-11-06 23:39:00,3978.904,3986.559786111111,TP,7.495786111111132,34,0.4038632330744354,ml_v3freq,2025-11
272836,long,2025-11-06 23:45:00,2025-11-06 23:50:00,2025-11-07 01:08:00,3988.212,3995.932426388889,TP,7.56042638888891,78,0.395126977126496,ml_v3freq,2025-11
272865,long,2025-11-07 02:10:00,2025-11-07 02:15:00,2025-11-07 02:30:00,3998.018,3994.075776775347,SL,-4.1022232246527786,15,0.383494187692608,ml_v3freq,2025-11
272871,long,2025-11-07 02:40:00,2025-11-07 02:45:00,2025-11-07 03:10:00,3992.934,3988.982978826389,SL,-4.111021173611109,25,0.38489654370474913,ml_v3freq,2025-11
272879,long,2025-11-07 03:20:00,2025-11-07 03:25:00,2025-11-07 04:02:00,3991.653,3987.6891092961805,SL,-4.123890703819444,37,0.3892814339034567,ml_v3freq,2025-11
272889,long,2025-11-07 04:10:00,2025-11-07 04:15:00,2025-11-07 05:03:00,3991.159,3998.7329506944448,TP,7.4139506944444395,48,0.38631925837268133,ml_v3freq,2025-11
272908,long,2025-11-07 05:45:00,2025-11-07 05:50:00,2025-11-07 06:34:00,3994.504,4002.1387638888887,TP,7.474763888888889,44,0.3774113250770227,ml_v3freq,2025-11
272939,short,2025-11-07 08:20:00,2025-11-07 08:25:00,2025-11-07 08:59:00,4005.289,4009.2660181802084,SL,-4.137018180208333,34,0.34324317515094016,ml_v3freq,2025-11
272948,short,2025-11-07 09:05:00,2025-11-07 09:10:00,2025-11-07 09:16:00,4009.162,4013.1191404506944,SL,-4.117140450694438,6,0.3405875332331787,ml_v3freq,2025-11
272952,short,2025-11-07 09:25:00,2025-11-07 09:30:00,2025-11-07 11:14:00,4010.222,4002.6344750000003,TP,7.427524999999992,104,0.34269744196892593,ml_v3freq,2025-11
272975,short,2025-11-07 11:20:00,2025-11-07 11:25:00,2025-11-07 11:40:00,4002.386,3994.6161881944445,TP,7.6098118055555535,15,0.3433173284953968,ml_v3freq,2025-11
272981,short,2025-11-07 11:50:00,2025-11-07 11:55:00,2025-11-07 12:04:00,4003.484,4007.563867275,SL,-4.2398672749999955,9,0.34772021455855334,ml_v3freq,2025-11
272985,short,2025-11-07 12:10:00,2025-11-07 12:15:00,2025-11-07 12:30:00,4005.683,3997.7798743055555,TP,7.743125694444441,15,0.34963286944004335,ml_v3freq,2025-11
272996,short,2025-11-07 13:05:00,2025-11-07 13:10:00,2025-11-07 14:12:00,3999.466,4003.6061115975695,SL,-4.300111597569439,62,0.3426723744111112,ml_v3freq,2025-11
273011,short,2025-11-07 14:20:00,2025-11-07 14:25:00,2025-11-07 14:30:00,4005.347,3997.3189097222225,TP,7.86809027777776,5,0.35538344322259763,ml_v3freq,2025-11
273015,short,2025-11-07 14:40:00,2025-11-07 14:45:00,2025-11-07 14:58:00,3990.642,3994.8954571177082,SL,-4.4134571177083215,13,0.34440869908148763,ml_v3freq,2025-11
273020,short,2025-11-07 15:05:00,2025-11-07 15:10:00,2025-11-07 15:44:00,3994.504,3986.220335416667,TP,8.12366458333331,34,0.34419937856991634,ml_v3freq,2025-11
273029,short,2025-11-07 15:50:00,2025-11-07 15:55:00,2025-11-07 16:05:00,3991.664,3995.9147070145837,SL,-4.4107070145833225,10,0.34936464551935703,ml_v3freq,2025-11
273034,short,2025-11-07 16:15:00,2025-11-07 16:20:00,2025-11-07 16:22:00,3996.214,4000.3715408225694,SL,-4.317540822569436,2,0.3422191280449608,ml_v3freq,2025-11
273037,long,2025-11-07 16:30:00,2025-11-07 16:35:00,2025-11-07 16:38:00,4017.814,4025.8882826388885,TP,7.914282638888871,3,0.37824029286110794,ml_v3freq,2025-11
273045,short,2025-11-07 17:10:00,2025-11-07 17:15:00,2025-11-07 17:55:00,3999.761,4004.039140582986,SL,-4.438140582986098,40,0.3402108407885575,ml_v3freq,2025-11
273097,long,2025-11-07 21:30:00,2025-11-07 21:35:00,2025-11-09 23:02:00,4000.588,4008.6232020833336,TP,7.875202083333319,24,0.3869914497541358,ml_v3freq,2025-11
273105,short,2025-11-09 23:10:00,2025-11-09 23:15:00,2025-11-10 00:03:00,4010.805,4015.002637564236,SL,-4.357637564236104,48,0.36616328482571064,ml_v3freq,2025-11
273117,short,2025-11-10 00:10:00,2025-11-10 00:15:00,2025-11-10 00:46:00,4015.721,4019.9996406017362,SL,-4.438640601736096,31,0.3455418085449883,ml_v3freq,2025-11
273230,short,2025-11-10 09:35:00,2025-11-10 09:40:00,2025-11-10 09:59:00,4085.569,4076.602013888889,TP,8.8069861111111,19,0.3401209486232699,ml_v3freq,2025-11
273239,short,2025-11-10 10:20:00,2025-11-10 10:25:00,2025-11-10 11:59:00,4080.71,4085.38503245,SL,-4.8350324499999955,94,0.3401263900991548,ml_v3freq,2025-11
273260,short,2025-11-10 12:05:00,2025-11-10 12:10:00,2025-11-10 12:17:00,4087.48,4092.147214696528,SL,-4.827214696527769,7,0.34677791642814493,ml_v3freq,2025-11
273264,short,2025-11-10 12:25:00,2025-11-10 12:30:00,2025-11-10 12:53:00,4094.28,4098.915288896181,SL,-4.795288896180543,23,0.3507747081493573,ml_v3freq,2025-11
273271,short,2025-11-10 13:00:00,2025-11-10 13:05:00,2025-11-10 13:42:00,4104.829,4095.928701388889,TP,8.740298611111081,37,0.3497983732813521,ml_v3freq,2025-11
273281,short,2025-11-10 13:50:00,2025-11-10 13:55:00,2025-11-10 14:17:00,4091.752,4082.7834402777776,TP,8.808559722222203,22,0.3524406117633372,ml_v3freq,2025-11
273288,short,2025-11-10 14:25:00,2025-11-10 14:30:00,2025-11-10 14:34:00,4086.265,4077.261775,TP,8.843224999999986,4,0.3499854743918819,ml_v3freq,2025-11
273291,short,2025-11-10 14:40:00,2025-11-10 14:45:00,2025-11-10 14:55:00,4081.297,4086.0194628,SL,-4.882462799999992,10,0.3479662660347592,ml_v3freq,2025-11
273296,short,2025-11-10 15:05:00,2025-11-10 15:10:00,2025-11-10 15:47:00,4090.615,4081.442711111111,TP,9.012288888888873,37,0.3416225972393444,ml_v3freq,2025-11
273306,short,2025-11-10 15:55:00,2025-11-10 16:00:00,2025-11-10 16:09:00,4084.509,4089.213287515278,SL,-4.864287515277777,9,0.3474471977518163,ml_v3freq,2025-11
273310,short,2025-11-10 16:15:00,2025-11-10 16:20:00,2025-11-10 16:32:00,4090.333,4095.005191073611,SL,-4.832191073611109,12,0.3475403657379458,ml_v3freq,2025-11
273315,short,2025-11-10 16:40:00,2025-11-10 16:45:00,2025-11-10 17:00:00,4091.105,4095.744650170833,SL,-4.799650170833334,15,0.34376259473832904,ml_v3freq,2025-11
273324,short,2025-11-10 17:25:00,2025-11-10 17:30:00,2025-11-10 17:56:00,4096.859,4101.4350287375,SL,-4.7360287375000025,26,0.3411951447012237,ml_v3freq,2025-11
273334,short,2025-11-10 18:15:00,2025-11-10 18:20:00,2025-11-10 18:29:00,4109.368,4113.729385768056,SL,-4.521385768055566,9,0.34070250048806816,ml_v3freq,2025-11
273338,short,2025-11-10 18:35:00,2025-11-10 18:40:00,2025-11-10 19:13:00,4110.204,4114.55111936007,SL,-4.507119360069452,33,0.3422644163498585,ml_v3freq,2025-11
273421,long,2025-11-11 02:30:00,2025-11-11 02:35:00,2025-11-11 02:44:00,4130.649,4138.6545937500005,TP,7.845593749999985,9,0.3765333274195821,ml_v3freq,2025-11
273499,long,2025-11-11 09:00:00,2025-11-11 09:05:00,2025-11-11 10:31:00,4141.424,4137.239335144444,SL,-4.344664855555531,86,0.3775386066286161,ml_v3freq,2025-11
273538,short,2025-11-11 12:15:00,2025-11-11 12:20:00,2025-11-11 12:36:00,4137.158,4141.173666454862,SL,-4.175666454861085,16,0.3467777340855301,ml_v3freq,2025-11
273544,short,2025-11-11 12:45:00,2025-11-11 12:50:00,2025-11-11 13:22:00,4138.169,4142.190019830208,SL,-4.18101983020831,29,0.3424415376572546,ml_v3freq,2025-11
273602,long,2025-11-11 17:35:00,2025-11-11 17:40:00,2025-11-11 18:14:00,4113.397,4109.323101202778,SL,-4.233898797222186,34,0.37891004580488885,ml_v3freq,2025-11
273611,long,2025-11-11 18:20:00,2025-11-11 18:25:00,2025-11-11 18:32:00,4113.348,4109.278414856597,SL,-4.229585143402747,7,0.3795886148833343,ml_v3freq,2025-11
273615,long,2025-11-11 18:40:00,2025-11-11 18:45:00,2025-11-11 19:14:00,4109.584,4117.454026388888,TP,7.710026388888819,29,0.38616790968409265,ml_v3freq,2025-11
273623,long,2025-11-11 19:20:00,2025-11-11 19:25:00,2025-11-11 19:52:00,4117.929,4125.746745833333,TP,7.657745833333255,27,0.397046874942691,ml_v3freq,2025-11
273641,long,2025-11-11 20:50:00,2025-11-11 20:55:00,2025-11-11 21:26:00,4131.616,4127.577499355556,SL,-4.1985006444444,31,0.37901089549056116,ml_v3freq,2025-11
273657,short,2025-11-11 23:10:00,2025-11-11 23:15:00,2025-11-11 23:24:00,4133.425,4137.438876705209,SL,-4.1738767052082855,9,0.34049225065685795,ml_v3freq,2025-11
273661,short,2025-11-11 23:30:00,2025-11-11 23:35:00,2025-11-11 23:39:00,4138.031,4142.065004444097,SL,-4.194004444097171,4,0.345489363425156,ml_v3freq,2025-11
273667,long,2025-11-12 00:00:00,2025-11-12 00:05:00,2025-11-12 00:25:00,4144.576,4140.503327439236,SL,-4.232672560763834,20,0.377637968959741,ml_v3freq,2025-11
273709,long,2025-11-12 03:30:00,2025-11-12 03:35:00,2025-11-12 03:50:00,4120.051,4115.986327739237,SL,-4.224672260763839,15,0.38414045769205774,ml_v3freq,2025-11
273715,long,2025-11-12 04:00:00,2025-11-12 04:05:00,2025-11-12 04:06:00,4108.061,4104.005621738542,SL,-4.215378261458281,1,0.37795318339754025,ml_v3freq,2025-11
273719,long,2025-11-12 04:20:00,2025-11-12 04:25:00,2025-11-12 05:18:00,4109.776,4105.692549257292,SL,-4.243450742708279,53,0.37795318339754025,ml_v3freq,2025-11
273753,short,2025-11-12 07:10:00,2025-11-12 07:15:00,2025-11-12 07:37:00,4124.685,4116.7397458333335,TP,7.785254166666575,22,0.3462002762698115,ml_v3freq,2025-11
273767,short,2025-11-12 08:20:00,2025-11-12 08:25:00,2025-11-12 09:02:00,4129.063,4133.212596080209,SL,-4.309596080208296,37,0.34691795634482825,ml_v3freq,2025-11
273777,short,2025-11-12 09:10:00,2025-11-12 09:15:00,2025-11-12 09:16:00,4128.453,4132.570979815278,SL,-4.277979815277746,1,0.34549717110838696,ml_v3freq,2025-11
273780,short,2025-11-12 09:25:00,2025-11-12 09:30:00,2025-11-12 10:30:00,4127.307,4119.365190972222,TP,7.781809027777713,60,0.3459886257235838,ml_v3freq,2025-11
273795,short,2025-11-12 10:40:00,2025-11-12 10:45:00,2025-11-12 11:10:00,4125.769,4129.946866981598,SL,-4.33786698159718,25,0.34875798482855075,ml_v3freq,2025-11
273803,short,2025-11-12 11:20:00,2025-11-12 11:25:00,2025-11-12 12:05:00,4125.207,4129.392668861458,SL,-4.3456688614582895,40,0.3545315147760997,ml_v3freq,2025-11
273814,short,2025-11-12 12:15:00,2025-11-12 12:20:00,2025-11-12 12:26:00,4131.167,4135.366248735764,SL,-4.35924873576385,6,0.3681371382428482,ml_v3freq,2025-11
273818,short,2025-11-12 12:35:00,2025-11-12 12:40:00,2025-11-12 12:58:00,4137.86,4129.765764583333,TP,7.934235416666608,18,0.3730586902202736,ml_v3freq,2025-11
273824,short,2025-11-12 13:05:00,2025-11-12 13:10:00,2025-11-12 13:24:00,4125.502,4129.732575307292,SL,-4.39057530729163,14,0.36363281362096433,ml_v3freq,2025-11
273829,short,2025-11-12 13:30:00,2025-11-12 13:35:00,2025-11-12 14:10:00,4131.766,4136.044589012499,SL,-4.438589012499963,35,0.36826883608590416,ml_v3freq,2025-11
273839,short,2025-11-12 14:20:00,2025-11-12 14:25:00,2025-11-12 14:38:00,4132.611,4136.931908059722,SL,-4.480908059722177,13,0.3488419415068805,ml_v3freq,2025-11
273844,short,2025-11-12 14:45:00,2025-11-12 14:50:00,2025-11-12 14:51:00,4134.364,4138.735473447916,SL,-4.531473447916623,1,0.34697547359614034,ml_v3freq,2025-11
273850,long,2025-11-12 15:15:00,2025-11-12 15:20:00,2025-11-12 15:21:00,4167.091,4162.584231796181,SL,-4.666768203819396,1,0.3860170235475696,ml_v3freq,2025-11
273856,short,2025-11-12 15:45:00,2025-11-12 15:50:00,2025-11-12 16:05:00,4183.491,4187.989220264236,SL,-4.658220264236064,15,0.3414798391049522,ml_v3freq,2025-11
273863,short,2025-11-12 16:20:00,2025-11-12 16:25:00,2025-11-12 16:30:00,4183.249,4187.757688910764,SL,-4.668688910763842,5,0.34133053510930084,ml_v3freq,2025-11
273867,short,2025-11-12 16:40:00,2025-11-12 16:45:00,2025-11-12 16:59:00,4193.205,4197.694573114583,SL,-4.64957311458329,14,0.3470227668332497,ml_v3freq,2025-11
273872,short,2025-11-12 17:05:00,2025-11-12 17:10:00,2025-11-12 17:36:00,4199.572,4204.084808112847,SL,-4.672808112847181,26,0.34831172044302494,ml_v3freq,2025-11
273880,short,2025-11-12 17:45:00,2025-11-12 17:50:00,2025-11-12 18:03:00,4202.66,4193.881686805556,TP,8.618313194444356,13,0.34790655659423253,ml_v3freq,2025-11
273885,short,2025-11-12 18:10:00,2025-11-12 18:15:00,2025-11-12 18:24:00,4199.787,4204.4118996177085,SL,-4.784899617708292,9,0.3456823355937756,ml_v3freq,2025-11
273889,short,2025-11-12 18:30:00,2025-11-12 18:35:00,2025-11-12 19:12:00,4206.386,4197.443771527778,TP,8.782228472222151,37,0.3469038583279319,ml_v3freq,2025-11
273899,long,2025-11-12 19:20:00,2025-11-12 19:25:00,2025-11-12 23:00:00,4193.493,4202.5692451388895,TP,8.916245138888797,153,0.37820704504409147,ml_v3freq,2025-11
273933,long,2025-11-12 23:10:00,2025-11-12 23:15:00,2025-11-12 23:24:00,4198.9,4194.009538836805,SL,-5.05046116319441,9,0.3868923078072619,ml_v3freq,2025-11
273937,long,2025-11-12 23:30:00,2025-11-12 23:35:00,2025-11-12 23:39:00,4193.754,4188.84400238993,SL,-5.069997610069409,4,0.40142776221268595,ml_v3freq,2025-11
273940,long,2025-11-12 23:45:00,2025-11-12 23:50:00,2025-11-13 00:12:00,4191.214,4186.2850453298615,SL,-5.0889546701388495,22,0.3951310828351301,ml_v3freq,2025-11
273959,long,2025-11-13 01:20:00,2025-11-13 01:25:00,2025-11-13 01:26:00,4190.755,4185.621882912153,SL,-5.2931170878471905,1,0.3771344823863926,ml_v3freq,2025-11
273966,long,2025-11-13 01:55:00,2025-11-13 02:00:00,2025-11-13 02:24:00,4192.23,4187.029324823264,SL,-5.360675176736074,24,0.3851258559253635,ml_v3freq,2025-11
273975,long,2025-11-13 02:40:00,2025-11-13 02:45:00,2025-11-13 02:52:00,4192.061,4186.848256910416,SL,-5.372743089583301,7,0.38015384507445715,ml_v3freq,2025-11
273979,long,2025-11-13 03:00:00,2025-11-13 03:05:00,2025-11-13 03:43:00,4195.665,4205.750655555556,TP,9.925655555555501,38,0.3797034127738895,ml_v3freq,2025-11
274005,long,2025-11-13 05:10:00,2025-11-13 05:15:00,2025-11-13 05:30:00,4217.388,4212.047462435764,SL,-5.500537564236084,15,0.37737131760326603,ml_v3freq,2025-11
274073,short,2025-11-13 10:50:00,2025-11-13 10:55:00,2025-11-13 12:08:00,4229.131,4234.601165440972,SL,-5.630165440972191,73,0.3445473845948981,ml_v3freq,2025-11
274099,short,2025-11-13 13:00:00,2025-11-13 13:05:00,2025-11-13 13:24:00,4230.549,4236.135780925,SL,-5.746780924999967,19,0.346431049606256,ml_v3freq,2025-11
274120,long,2025-11-13 14:45:00,2025-11-13 14:50:00,2025-11-13 14:56:00,4188.376,4199.891105555555,TP,11.355105555555463,6,0.37742106052638014,ml_v3freq,2025-11
274129,long,2025-11-13 15:30:00,2025-11-13 15:35:00,2025-11-13 15:59:00,4190.307,4202.087304861111,TP,11.620304861111038,24,0.37742106052638014,ml_v3freq,2025-11
274177,long,2025-11-13 19:35:00,2025-11-13 19:40:00,2025-11-13 20:04:00,4168.172,4161.997724822569,SL,-6.334275177430518,24,0.3832906449046763,ml_v3freq,2025-11
274189,long,2025-11-13 20:35:00,2025-11-13 20:40:00,2025-11-13 20:53:00,4167.377,4161.215880077778,SL,-6.321119922222193,13,0.37990895622891174,ml_v3freq,2025-11
274194,long,2025-11-13 21:00:00,2025-11-13 21:05:00,2025-11-13 21:09:00,4166.85,4178.734163194445,TP,11.724163194444383,4,0.39933183433682046,ml_v3freq,2025-11
274197,long,2025-11-13 21:15:00,2025-11-13 21:20:00,2025-11-14 00:19:00,4175.57,4187.521087499999,TP,11.791087499999934,117,0.40033770742088876,ml_v3freq,2025-11
274223,long,2025-11-14 00:25:00,2025-11-14 00:30:00,2025-11-14 00:51:00,4188.331,4182.082170439584,SL,-6.408829560416641,21,0.4077004875348975,ml_v3freq,2025-11
274230,long,2025-11-14 01:00:00,2025-11-14 01:05:00,2025-11-14 01:13:00,4187.67,4181.3682755989585,SL,-6.461724401041639,8,0.3853740176152244,ml_v3freq,2025-11
274234,long,2025-11-14 01:20:00,2025-11-14 01:25:00,2025-11-14 01:52:00,4176.43,4188.628747916667,TP,12.038747916666624,27,0.3896922549199119,ml_v3freq,2025-11
274242,long,2025-11-14 02:00:00,2025-11-14 02:05:00,2025-11-14 02:31:00,4192.278,4204.555245138889,TP,12.11724513888883,26,0.392564990181829,ml_v3freq,2025-11
274250,long,2025-11-14 02:40:00,2025-11-14 02:45:00,2025-11-14 04:29:00,4203.888,4197.624923873611,SL,-6.423076126388864,104,0.3827007940005317,ml_v3freq,2025-11
274275,long,2025-11-14 04:45:00,2025-11-14 04:50:00,2025-11-14 05:09:00,4201.857,4195.764176289584,SL,-6.252823710416638,19,0.3921733881639411,ml_v3freq,2025-11
274293,long,2025-11-14 06:15:00,2025-11-14 06:20:00,2025-11-14 06:26:00,4183.829,4177.695448571875,SL,-6.29355142812497,6,0.37882082964887764,ml_v3freq,2025-11
274306,short,2025-11-14 07:20:00,2025-11-14 07:25:00,2025-11-14 07:42:00,4163.059,4169.266593887153,SL,-6.367593887152757,17,0.3408672047783219,ml_v3freq,2025-11
274312,long,2025-11-14 07:50:00,2025-11-14 07:55:00,2025-11-14 08:09:00,4180.914,4174.654884339583,SL,-6.419115660416646,14,0.3888524850796714,ml_v3freq,2025-11
274317,long,2025-11-14 08:15:00,2025-11-14 08:20:00,2025-11-14 08:51:00,4181.834,4175.504512653125,SL,-6.489487346874974,31,0.384813063402082,ml_v3freq,2025-11
274327,long,2025-11-14 09:05:00,2025-11-14 09:10:00,2025-11-14 09:20:00,4177.014,4170.58873128368,SL,-6.585268716319423,10,0.384813063402082,ml_v3freq,2025-11
274334,long,2025-11-14 09:40:00,2025-11-14 09:45:00,2025-11-14 10:05:00,4170.986,4164.559854266667,SL,-6.58614573333331,20,0.38115101363172676,ml_v3freq,2025-11
274344,short,2025-11-14 10:30:00,2025-11-14 10:35:00,2025-11-14 10:39:00,4161.684,4168.067747318056,SL,-6.543747318055528,4,0.3453217005197782,ml_v3freq,2025-11
274347,long,2025-11-14 10:45:00,2025-11-14 10:50:00,2025-11-14 11:08:00,4169.404,4163.0275981954865,SL,-6.536401804513869,18,0.3775827964734092,ml_v3freq,2025-11
274353,short,2025-11-14 11:15:00,2025-11-14 11:20:00,2025-11-14 11:35:00,4148.643,4155.113195004166,SL,-6.630195004166652,15,0.3538970222645608,ml_v3freq,2025-11
274359,short,2025-11-14 11:45:00,2025-11-14 11:50:00,2025-11-14 11:56:00,4148.242,4135.7449916666665,TP,12.33700833333329,6,0.355264721928488,ml_v3freq,2025-11
274363,short,2025-11-14 12:05:00,2025-11-14 12:10:00,2025-11-14 12:17:00,4135.469,4122.852160416667,TP,12.45683958333329,7,0.35677351514026545,ml_v3freq,2025-11
274367,short,2025-11-14 12:25:00,2025-11-14 12:30:00,2025-11-14 13:11:00,4113.459,4100.6507375,TP,12.648262499999957,41,0.3620600954000338,ml_v3freq,2025-11
274378,short,2025-11-14 13:20:00,2025-11-14 13:25:00,2025-11-14 13:29:00,4071.163,4057.7203125,TP,13.28268749999996,4,0.36487461792548165,ml_v3freq,2025-11
274381,short,2025-11-14 13:35:00,2025-11-14 13:40:00,2025-11-14 13:50:00,4055.887,4042.1799,TP,13.54709999999996,10,0.36455447320772805,ml_v3freq,2025-11
274386,short,2025-11-14 14:00:00,2025-11-14 14:05:00,2025-11-14 14:21:00,4049.07,4056.338256676389,SL,-7.428256676388874,16,0.36455447320772805,ml_v3freq,2025-11
274392,short,2025-11-14 14:30:00,2025-11-14 14:35:00,2025-11-14 14:36:00,4040.709,4048.064700431597,SL,-7.5157004315972005,1,0.36236215746579037,ml_v3freq,2025-11
274414,long,2025-11-14 16:20:00,2025-11-14 16:25:00,2025-11-14 18:01:00,4100.997,4093.4726980079863,SL,-7.6843019920138795,96,0.3765338117852811,ml_v3freq,2025-11
274436,long,2025-11-14 18:10:00,2025-11-14 18:15:00,2025-11-14 18:18:00,4094.728,4087.168414938889,SL,-7.7195850611110854,3,0.37885446156969216,ml_v3freq,2025-11
274439,long,2025-11-14 18:25:00,2025-11-14 18:30:00,2025-11-14 20:03:00,4093.049,4085.467211725347,SL,-7.741788274652758,93,0.38055040742864754,ml_v3freq,2025-11
274460,long,2025-11-14 20:10:00,2025-11-14 20:15:00,2025-11-14 20:21:00,4087.393,4080.038934550347,SL,-7.514065449652763,6,0.41451574172487404,ml_v3freq,2025-11
274464,long,2025-11-14 20:30:00,2025-11-14 20:35:00,2025-11-14 21:13:00,4086.684,4079.3070805187504,SL,-7.536919481249983,38,0.4114520033787742,ml_v3freq,2025-11
274474,long,2025-11-14 21:20:00,2025-11-14 21:25:00,2025-11-16 23:03:00,4083.328,4075.979418882986,SL,-7.508581117013875,35,0.4017882092357204,ml_v3freq,2025-11
274488,short,2025-11-16 23:30:00,2025-11-16 23:35:00,2025-11-17 00:07:00,4102.443,4087.992811805556,TP,14.290188194444411,32,0.3446887674657457,ml_v3freq,2025-11
274497,long,2025-11-17 00:15:00,2025-11-17 00:20:00,2025-11-17 03:00:00,4087.57,4079.9964302875,SL,-7.733569712499977,160,0.4012687435339942,ml_v3freq,2025-11
274532,short,2025-11-17 03:10:00,2025-11-17 03:15:00,2025-11-17 04:07:00,4079.747,4087.3868460072913,SL,-7.799846007291649,52,0.3409993530199533,ml_v3freq,2025-11
274545,long,2025-11-17 04:15:00,2025-11-17 04:20:00,2025-11-17 05:07:00,4081.671,4074.0365033996527,SL,-7.794496600347197,47,0.39567035415000357,ml_v3freq,2025-11
274557,long,2025-11-17 05:15:00,2025-11-17 05:20:00,2025-11-17 05:26:00,4067.581,4059.9247406788195,SL,-7.816259321180526,6,0.3811633545877812,ml_v3freq,2025-11
274569,long,2025-11-17 06:15:00,2025-11-17 06:20:00,2025-11-17 07:29:00,4063.383,4078.357773611111,TP,14.814773611111075,69,0.388555408491974,ml_v3freq,2025-11
274585,long,2025-11-17 07:35:00,2025-11-17 07:40:00,2025-11-17 08:48:00,4081.613,4073.866431736805,SL,-7.906568263194419,68,0.3928730721877982,ml_v3freq,2025-11
274601,long,2025-11-17 08:55:00,2025-11-17 09:00:00,2025-11-17 10:54:00,4077.412,4069.7483634180553,SL,-7.823636581944413,114,0.3806810972911779,ml_v3freq,2025-11
274628,long,2025-11-17 11:10:00,2025-11-17 11:15:00,2025-11-17 11:52:00,4068.227,4082.911365972222,TP,14.52436597222217,37,0.3777867784689918,ml_v3freq,2025-11
274654,short,2025-11-17 13:20:00,2025-11-17 13:25:00,2025-11-17 13:50:00,4078.683,4064.2494569444443,TP,14.273543055555477,25,0.3416769165234306,ml_v3freq,2025-11
274663,short,2025-11-17 14:05:00,2025-11-17 14:10:00,2025-11-17 14:35:00,4069.311,4076.7274685833336,SL,-7.576468583333294,25,0.3401726972339309,ml_v3freq,2025-11
274671,short,2025-11-17 14:45:00,2025-11-17 14:50:00,2025-11-17 15:19:00,4074.815,4061.0797736111112,TP,13.575226388888812,29,0.34644761422708165,ml_v3freq,2025-11
274679,short,2025-11-17 15:25:00,2025-11-17 15:30:00,2025-11-17 16:04:00,4072.552,4058.8847979166667,TP,13.507202083333258,34,0.35695587874061435,ml_v3freq,2025-11
274688,short,2025-11-17 16:10:00,2025-11-17 16:15:00,2025-11-17 16:29:00,4061.457,4068.227392769097,SL,-6.93039276909718,14,0.3519220028393067,ml_v3freq,2025-11
274693,short,2025-11-17 16:35:00,2025-11-17 16:40:00,2025-11-17 17:18:00,4069.706,4076.426839323611,SL,-6.880839323611072,38,0.35639096668729175,ml_v3freq,2025-11
274703,short,2025-11-17 17:25:00,2025-11-17 17:30:00,2025-11-17 18:54:00,4077.405,4064.9228187500003,TP,12.322181249999925,84,0.3420031109892425,ml_v3freq,2025-11
274725,long,2025-11-17 19:15:00,2025-11-17 19:20:00,2025-11-17 19:27:00,4063.624,4057.409925711111,SL,-6.37407428888886,7,0.37696194009055395,ml_v3freq,2025-11
274730,long,2025-11-17 19:40:00,2025-11-17 19:45:00,2025-11-17 19:56:00,4019.488,4013.1886288618052,SL,-6.459371138194417,11,0.37716659366656546,ml_v3freq,2025-11
274753,long,2025-11-17 21:35:00,2025-11-17 21:40:00,2025-11-17 23:01:00,4042.858,4055.091520138889,TP,12.073520138888833,19,0.3820130044427546,ml_v3freq,2025-11
274760,long,2025-11-17 23:10:00,2025-11-17 23:15:00,2025-11-17 23:32:00,4050.183,4043.8321110569445,SL,-6.510888943055526,17,0.3883841569827964,ml_v3freq,2025-11
274771,long,2025-11-18 00:05:00,2025-11-18 00:10:00,2025-11-18 00:18:00,4038.082,4031.789672776736,SL,-6.45232722326386,8,0.3809101363610282,ml_v3freq,2025-11
274775,long,2025-11-18 00:25:00,2025-11-18 00:30:00,2025-11-18 01:00:00,4030.764,4042.8466444444443,TP,11.922644444444394,30,0.3774349918555274,ml_v3freq,2025-11
274784,long,2025-11-18 01:10:00,2025-11-18 01:15:00,2025-11-18 01:35:00,4040.83,4034.5312519010417,SL,-6.45874809895831,20,0.38107740189542916,ml_v3freq,2025-11
274791,long,2025-11-18 01:45:00,2025-11-18 01:50:00,2025-11-18 01:52:00,4031.935,4025.6390774038196,SL,-6.455922596180534,2,0.37833812143316414,ml_v3freq,2025-11
274796,long,2025-11-18 02:10:00,2025-11-18 02:15:00,2025-11-18 02:25:00,4034.258,4027.9575812034723,SL,-6.460418796527753,10,0.3909829338978782,ml_v3freq,2025-11
274801,long,2025-11-18 02:35:00,2025-11-18 02:40:00,2025-11-18 02:47:00,4033.401,4027.124097958333,SL,-6.436902041666645,7,0.39755671526899483,ml_v3freq,2025-11
274805,long,2025-11-18 02:55:00,2025-11-18 03:00:00,2025-11-18 03:10:00,4017.663,4011.355707929861,SL,-6.467292070138864,10,0.38576787020673897,ml_v3freq,2025-11
274810,long,2025-11-18 03:20:00,2025-11-18 03:25:00,2025-11-18 03:39:00,4010.872,4023.014151388889,TP,11.982151388888841,14,0.37797411586752083,ml_v3freq,2025-11
274815,long,2025-11-18 03:45:00,2025-11-18 03:50:00,2025-11-18 04:00:00,4017.505,4011.1779492524306,SL,-6.48705074756942,10,0.38444311227312233,ml_v3freq,2025-11
274820,long,2025-11-18 04:10:00,2025-11-18 04:15:00,2025-11-18 05:42:00,4010.997,4023.045353472222,TP,11.888353472222178,87,0.3848394086550727,ml_v3freq,2025-11
274845,short,2025-11-18 06:15:00,2025-11-18 06:20:00,2025-11-18 07:38:00,4011.741,3999.4589194444443,TP,12.122080555555527,78,0.34278053641994455,ml_v3freq,2025-11
274868,long,2025-11-18 08:10:00,2025-11-18 08:15:00,2025-11-18 08:35:00,4025.004,4037.1787541666667,TP,12.014754166666648,20,0.3769499143551841,ml_v3freq,2025-11
274875,long,2025-11-18 08:45:00,2025-11-18 08:50:00,2025-11-18 10:46:00,4036.032,4048.3460798611113,TP,12.154079861111097,116,0.3930866649340644,ml_v3freq,2025-11
274935,short,2025-11-18 13:45:00,2025-11-18 13:50:00,2025-11-18 14:05:00,4068.735,4075.172130272222,SL,-6.597130272222236,15,0.3421931113662391,ml_v3freq,2025-11
274941,short,2025-11-18 14:15:00,2025-11-18 14:20:00,2025-11-18 14:46:00,4080.341,4067.975823611111,TP,12.205176388888914,26,0.3449405197089004,ml_v3freq,2025-11
274949,short,2025-11-18 14:55:00,2025-11-18 15:00:00,2025-11-18 15:31:00,4065.782,4072.3008833378476,SL,-6.678883337847232,31,0.3563005497153928,ml_v3freq,2025-11
274958,short,2025-11-18 15:40:00,2025-11-18 15:45:00,2025-11-18 16:02:00,4060.33,4047.640033333333,TP,12.529966666666692,17,0.3464053909238697,ml_v3freq,2025-11
274964,short,2025-11-18 16:10:00,2025-11-18 16:15:00,2025-11-18 16:19:00,4053.363,4059.972311331944,SL,-6.769311331944457,4,0.34285186296491976,ml_v3freq,2025-11
274967,short,2025-11-18 16:25:00,2025-11-18 16:30:00,2025-11-18 17:37:00,4064.803,4071.386020663542,SL,-6.743020663541676,67,0.3466550950316256,ml_v3freq,2025-11
275013,long,2025-11-18 20:15:00,2025-11-18 20:20:00,2025-11-18 20:46:00,4074.368,4067.795971812153,SL,-6.732028187847233,26,0.38185324462042236,ml_v3freq,2025-11
275022,long,2025-11-18 21:00:00,2025-11-18 21:05:00,2025-11-19 01:06:00,4070.209,4063.8977355586803,SL,-6.471264441319453,179,0.3829115548907318,ml_v3freq,2025-11
275076,long,2025-11-19 02:30:00,2025-11-19 02:35:00,2025-11-19 05:16:00,4070.271,4081.6667708333334,TP,11.235770833333348,161,0.38344931558573264,ml_v3freq,2025-11
275111,long,2025-11-19 05:25:00,2025-11-19 05:30:00,2025-11-19 08:08:00,4088.708,4083.044482070486,SL,-5.823517929513899,158,0.3920944049977583,ml_v3freq,2025-11
275145,short,2025-11-19 08:15:00,2025-11-19 08:20:00,2025-11-19 09:11:00,4084.007,4089.5954159069447,SL,-5.748415906944454,51,0.3496996673927186,ml_v3freq,2025-11
275158,short,2025-11-19 09:20:00,2025-11-19 09:25:00,2025-11-19 09:43:00,4089.99,4095.4752334663194,SL,-5.645233466319447,18,0.34463492718946115,ml_v3freq,2025-11
275177,short,2025-11-19 10:55:00,2025-11-19 11:00:00,2025-11-19 11:17:00,4108.93,4114.351711243055,SL,-5.581711243055549,17,0.34749815304972065,ml_v3freq,2025-11
275193,short,2025-11-19 12:15:00,2025-11-19 12:20:00,2025-11-19 12:38:00,4113.265,4118.646213692708,SL,-5.54121369270832,18,0.34198780725216393,ml_v3freq,2025-11
275200,short,2025-11-19 12:50:00,2025-11-19 12:55:00,2025-11-19 13:10:00,4115.44,4105.041318055555,TP,10.238681944444416,15,0.34011765800898214,ml_v3freq,2025-11
275206,short,2025-11-19 13:20:00,2025-11-19 13:25:00,2025-11-19 13:28:00,4104.128,4109.528381078125,SL,-5.560381078124976,3,0.35816161004122704,ml_v3freq,2025-11
275209,short,2025-11-19 13:35:00,2025-11-19 13:40:00,2025-11-19 13:46:00,4111.668,4117.097140093055,SL,-5.589140093055529,6,0.3435421102234752,ml_v3freq,2025-11
275213,short,2025-11-19 13:55:00,2025-11-19 14:00:00,2025-11-19 14:12:00,4110.468,4115.908037327084,SL,-5.600037327083301,12,0.3498933034281776,ml_v3freq,2025-11
275218,short,2025-11-19 14:20:00,2025-11-19 14:25:00,2025-11-19 14:35:00,4109.851,4115.245892777083,SL,-5.554892777083297,10,0.3480094280725752,ml_v3freq,2025-11
275229,long,2025-11-19 15:15:00,2025-11-19 15:20:00,2025-11-19 15:25:00,4129.381,4123.9677573284725,SL,-5.57324267152775,5,0.38271590970365177,ml_v3freq,2025-11
275233,short,2025-11-19 15:35:00,2025-11-19 15:40:00,2025-11-19 15:53:00,4112.897,4102.446159722223,TP,10.29084027777772,13,0.3426835302464182,ml_v3freq,2025-11
275250,short,2025-11-19 17:00:00,2025-11-19 17:05:00,2025-11-19 17:11:00,4060.837,4066.2904068760417,SL,-5.613406876041638,6,0.3405852204089669,ml_v3freq,2025-11
275255,short,2025-11-19 17:40:00,2025-11-19 17:45:00,2025-11-19 17:51:00,4075.113,4080.5660616249997,SL,-5.613061624999971,6,0.3415467946284666,ml_v3freq,2025-11
275262,short,2025-11-19 18:20:00,2025-11-19 18:25:00,2025-11-19 18:52:00,4084.893,4090.3328150965276,SL,-5.59981509652775,24,0.34376472571425853,ml_v3freq,2025-11
275276,long,2025-11-19 19:30:00,2025-11-19 19:35:00,2025-11-19 21:15:00,4071.773,4066.2519120145835,SL,-5.681087985416642,100,0.38122776859921204,ml_v3freq,2025-11
275299,long,2025-11-19 21:25:00,2025-11-19 21:30:00,2025-11-19 23:04:00,4076.618,4087.3093430555555,TP,10.531343055555505,32,0.3882104199544961,ml_v3freq,2025-11
275308,long,2025-11-19 23:10:00,2025-11-19 23:15:00,2025-11-19 23:41:00,4088.069,4098.840933333333,TP,10.611933333333283,26,0.3798084666124858,ml_v3freq,2025-11
275316,long,2025-11-19 23:50:00,2025-11-19 23:55:00,2025-11-20 01:11:00,4105.949,4100.275096760416,SL,-5.833903239583306,76,0.37962999403468195,ml_v3freq,2025-11
275335,long,2025-11-20 01:25:00,2025-11-20 01:30:00,2025-11-20 01:33:00,4094.478,4088.7068113663195,SL,-5.931188633680525,3,0.3771773685804881,ml_v3freq,2025-11
275338,long,2025-11-20 01:40:00,2025-11-20 01:45:00,2025-11-20 01:55:00,4091.662,4085.8870770993053,SL,-5.934922900694414,10,0.37661051350751296,ml_v3freq,2025-11
275353,long,2025-11-20 02:55:00,2025-11-20 03:00:00,2025-11-20 03:06:00,4066.913,4078.4974131944446,TP,11.424413194444373,6,0.3826293167917816,ml_v3freq,2025-11
275357,long,2025-11-20 03:15:00,2025-11-20 03:20:00,2025-11-20 03:42:00,4074.565,4068.4884626145836,SL,-6.236537385416627,22,0.3820279208271591,ml_v3freq,2025-11
275364,long,2025-11-20 03:50:00,2025-11-20 03:55:00,2025-11-20 04:16:00,4068.224,4079.9562944444447,TP,11.572294444444369,21,0.3781475392429916,ml_v3freq,2025-11
275371,long,2025-11-20 04:25:00,2025-11-20 04:30:00,2025-11-20 05:02:00,4078.285,4072.201061543403,SL,-6.243938456597184,32,0.38819123164881963,ml_v3freq,2025-11
275381,long,2025-11-20 05:15:00,2025-11-20 05:20:00,2025-11-20 05:30:00,4073.666,4067.571362729514,SL,-6.254637270486076,10,0.3772820170329978,ml_v3freq,2025-11
275389,long,2025-11-20 05:55:00,2025-11-20 06:00:00,2025-11-20 06:27:00,4066.733,4060.5961111451393,SL,-6.296888854861068,27,0.3822165240668365,ml_v3freq,2025-11
275397,long,2025-11-20 06:35:00,2025-11-20 06:40:00,2025-11-20 07:23:00,4068.313,4062.098576491667,SL,-6.374423508333296,43,0.38657868999472345,ml_v3freq,2025-11
275408,long,2025-11-20 07:30:00,2025-11-20 07:35:00,2025-11-20 07:44:00,4066.623,4060.4041001333335,SL,-6.3788998666666314,9,0.3771186849068656,ml_v3freq,2025-11
275416,short,2025-11-20 08:10:00,2025-11-20 08:15:00,2025-11-20 08:34:00,4047.123,4053.4479554309028,SL,-6.484955430902742,19,0.3401405696145206,ml_v3freq,2025-11
275423,long,2025-11-20 08:45:00,2025-11-20 08:50:00,2025-11-20 08:57:00,4055.604,4067.95425,TP,12.190249999999933,7,0.3772338410805717,ml_v3freq,2025-11
275436,long,2025-11-20 09:50:00,2025-11-20 09:55:00,2025-11-20 10:13:00,4067.619,4061.0558015083334,SL,-6.723198491666624,18,0.3782802751254096,ml_v3freq,2025-11
275442,long,2025-11-20 10:20:00,2025-11-20 10:25:00,2025-11-20 11:04:00,4061.771,4055.175998728472,SL,-6.755001271527735,39,0.3864139994572654,ml_v3freq,2025-11
275452,long,2025-11-20 11:10:00,2025-11-20 11:15:00,2025-11-20 12:10:00,4057.238,4069.8675201388887,TP,12.469520138888813,55,0.38290485100020666,ml_v3freq,2025-11
275466,long,2025-11-20 12:20:00,2025-11-20 12:25:00,2025-11-20 13:01:00,4073.014,4085.7571868055556,TP,12.5831868055555,36,0.38428098763933327,ml_v3freq,2025-11
275480,long,2025-11-20 13:30:00,2025-11-20 13:35:00,2025-11-20 13:37:00,4074.766,4087.8213270833335,TP,12.895327083333283,2,0.3838097831200614,ml_v3freq,2025-11
275495,short,2025-11-20 14:45:00,2025-11-20 14:50:00,2025-11-20 15:06:00,4102.771,4088.9756479166663,TP,13.63535208333331,16,0.3495879460124597,ml_v3freq,2025-11
275502,short,2025-11-20 15:20:00,2025-11-20 15:25:00,2025-11-20 15:34:00,4094.078,4080.1392506944444,TP,13.77874930555553,9,0.342686920833009,ml_v3freq,2025-11
275583,long,2025-11-20 23:05:00,2025-11-20 23:10:00,2025-11-21 00:23:00,4079.558,4072.465158631597,SL,-7.25284136840277,73,0.3774695578385102,ml_v3freq,2025-11
275611,long,2025-11-21 01:25:00,2025-11-21 01:30:00,2025-11-21 02:13:00,4061.911,4075.6306506944443,TP,13.559650694444432,43,0.38447067991961736,ml_v3freq,2025-11
275631,long,2025-11-21 03:05:00,2025-11-21 03:10:00,2025-11-21 05:48:00,4053.951,4046.841983421875,SL,-7.269016578125001,158,0.37858126767802336,ml_v3freq,2025-11
275671,short,2025-11-21 06:25:00,2025-11-21 06:30:00,2025-11-21 06:41:00,4031.856,4038.9254039815974,SL,-7.229403981597225,11,0.34288088165368713,ml_v3freq,2025-11
275676,short,2025-11-21 06:50:00,2025-11-21 06:55:00,2025-11-21 08:03:00,4036.465,4022.8143284722223,TP,13.490671527777788,68,0.34269906720903587,ml_v3freq,2025-11
275696,long,2025-11-21 08:30:00,2025-11-21 08:35:00,2025-11-21 09:14:00,4045.247,4059.0241791666667,TP,13.617179166666679,39,0.38244054571856756,ml_v3freq,2025-11
275708,long,2025-11-21 09:30:00,2025-11-21 09:35:00,2025-11-21 09:42:00,4058.754,4051.6377212447915,SL,-7.27627875520834,7,0.3848874802993705,ml_v3freq,2025-11
275712,short,2025-11-21 09:50:00,2025-11-21 09:55:00,2025-11-21 10:14:00,4051.581,4037.859859722222,TP,13.561140277777792,19,0.340292780449526,ml_v3freq,2025-11
275718,short,2025-11-21 10:20:00,2025-11-21 10:25:00,2025-11-21 12:22:00,4040.611,4047.716472794444,SL,-7.265472794444449,117,0.35109412267233686,ml_v3freq,2025-11
275744,short,2025-11-21 12:30:00,2025-11-21 12:35:00,2025-11-21 12:45:00,4055.929,4063.1544772944444,SL,-7.3854772944444536,10,0.35014902407594195,ml_v3freq,2025-11
275749,short,2025-11-21 12:55:00,2025-11-21 13:00:00,2025-11-21 13:45:00,4065.908,4073.164966570486,SL,-7.416966570486117,45,0.34758849677050757,ml_v3freq,2025-11
275761,short,2025-11-21 13:55:00,2025-11-21 14:00:00,2025-11-21 14:25:00,4079.488,4065.485763888889,TP,13.842236111111117,25,0.35751381974612517,ml_v3freq,2025-11
275769,short,2025-11-21 14:35:00,2025-11-21 14:40:00,2025-11-21 14:50:00,4064.901,4072.0351564097223,SL,-7.294156409722224,10,0.3501240660792849,ml_v3freq,2025-11
275774,short,2025-11-21 15:00:00,2025-11-21 15:05:00,2025-11-21 15:40:00,4070.116,4056.56448125,TP,13.391518749999992,35,0.3490582828604558,ml_v3freq,2025-11
275784,short,2025-11-21 15:50:00,2025-11-21 15:55:00,2025-11-21 16:31:00,4067.435,4074.3677837791665,SL,-7.092783779166656,36,0.3418088001473045,ml_v3freq,2025-11
275794,short,2025-11-21 16:40:00,2025-11-21 16:45:00,2025-11-21 16:50:00,4079.225,4086.014445070833,SL,-6.949445070833323,5,0.35997849108710833,ml_v3freq,2025-11
275798,short,2025-11-21 17:00:00,2025-11-21 17:05:00,2025-11-21 17:28:00,4092.801,4079.7434041666666,TP,12.897595833333314,23,0.3464246776099502,ml_v3freq,2025-11
275805,short,2025-11-21 17:35:00,2025-11-21 17:40:00,2025-11-21 19:25:00,4082.987,4089.680000978125,SL,-6.853000978124993,105,0.3462182395530153,ml_v3freq,2025-11
275833,long,2025-11-21 19:55:00,2025-11-21 20:00:00,2025-11-21 20:14:00,4087.621,4081.2950445315973,SL,-6.485955468402761,14,0.3826316930951176,ml_v3freq,2025-11
275842,long,2025-11-21 20:40:00,2025-11-21 20:45:00,2025-11-23 23:01:00,4059.218,4071.426036805555,TP,12.048036805555528,73,0.38330323704409697,ml_v3freq,2025-11
275860,short,2025-11-23 23:10:00,2025-11-23 23:15:00,2025-11-24 00:09:00,4074.834,4062.4927256944443,TP,12.181274305555526,54,0.3588876943228957,ml_v3freq,2025-11
275903,long,2025-11-24 02:45:00,2025-11-24 02:50:00,2025-11-24 03:38:00,4044.136,4056.509625,TP,12.213624999999967,48,0.3779261977307806,ml_v3freq,2025-11
275918,long,2025-11-24 04:00:00,2025-11-24 04:05:00,2025-11-24 04:33:00,4052.996,4046.6916842319447,SL,-6.464315768055533,28,0.3854861195491721,ml_v3freq,2025-11
275926,long,2025-11-24 04:40:00,2025-11-24 04:45:00,2025-11-24 05:22:00,4046.736,4040.41469153125,SL,-6.481308468749981,37,0.37982911721934576,ml_v3freq,2025-11
275958,short,2025-11-24 07:20:00,2025-11-24 07:25:00,2025-11-24 07:38:00,4054.1,4060.247456711458,SL,-6.307456711458312,13,0.34191109869499064,ml_v3freq,2025-11
275964,long,2025-11-24 07:50:00,2025-11-24 07:55:00,2025-11-24 09:11:00,4060.848,4072.600323611111,TP,11.592323611111064,76,0.38263771788348455,ml_v3freq,2025-11
275993,short,2025-11-24 10:15:00,2025-11-24 10:20:00,2025-11-24 12:43:00,4072.5,4078.336417270139,SL,-5.9964172701388625,143,0.3415706764165247,ml_v3freq,2025-11
276024,short,2025-11-24 12:50:00,2025-11-24 12:55:00,2025-11-24 13:21:00,4077.936,4083.5057763190975,SL,-5.729776319097195,26,0.34637152556202216,ml_v3freq,2025-11
276032,short,2025-11-24 13:30:00,2025-11-24 13:35:00,2025-11-24 14:30:00,4083.766,4073.2507486111112,TP,10.355251388888833,55,0.34033904957568334,ml_v3freq,2025-11
276046,short,2025-11-24 14:40:00,2025-11-24 14:45:00,2025-11-24 14:51:00,4073.598,4078.9766381993054,SL,-5.538638199305526,6,0.3590701478640093,ml_v3freq,2025-11
276050,short,2025-11-24 15:00:00,2025-11-24 15:05:00,2025-11-24 15:06:00,4084.464,4089.860539664236,SL,-5.556539664236082,1,0.350136333288132,ml_v3freq,2025-11
276060,short,2025-11-24 15:50:00,2025-11-24 15:55:00,2025-11-24 16:33:00,4090.589,4095.8861510166666,SL,-5.457151016666636,38,0.34127069377442176,ml_v3freq,2025-11
276084,short,2025-11-24 17:50:00,2025-11-24 17:55:00,2025-11-24 18:37:00,4097.238,4102.227710916667,SL,-5.149710916666649,42,0.34314621578607185,ml_v3freq,2025-11
276106,long,2025-11-24 19:45:00,2025-11-24 19:50:00,2025-11-24 20:31:00,4118.932,4128.4933375,TP,9.40133749999997,41,0.38402248012766993,ml_v3freq,2025-11
276159,long,2025-11-25 01:10:00,2025-11-25 01:15:00,2025-11-25 01:19:00,4128.37,4123.618889300347,SL,-4.911110699652769,4,0.3817136565039785,ml_v3freq,2025-11
276162,long,2025-11-25 01:25:00,2025-11-25 01:30:00,2025-11-25 01:39:00,4127.441,4136.591945833333,TP,8.99094583333331,9,0.3788483271191747,ml_v3freq,2025-11
276193,short,2025-11-25 04:00:00,2025-11-25 04:05:00,2025-11-25 04:06:00,4139.526,4144.31379461493,SL,-4.947794614930538,1,0.3415367622429485,ml_v3freq,2025-11
276197,short,2025-11-25 04:20:00,2025-11-25 04:25:00,2025-11-25 05:57:00,4145.969,4150.757171613194,SL,-4.948171613194425,92,0.3431765210130657,ml_v3freq,2025-11
276224,short,2025-11-25 06:35:00,2025-11-25 06:40:00,2025-11-25 07:09:00,4141.281,4146.0152172090275,SL,-4.894217209027791,29,0.3407828680956308,ml_v3freq,2025-11
276232,short,2025-11-25 07:15:00,2025-11-25 07:20:00,2025-11-25 07:37:00,4141.965,4132.925696527778,TP,8.879303472222265,17,0.3408709940379283,ml_v3freq,2025-11
276244,short,2025-11-25 08:15:00,2025-11-25 08:20:00,2025-11-25 08:35:00,4137.824,4128.718276388889,TP,8.945723611111147,15,0.34189426516091187,ml_v3freq,2025-11
276278,short,2025-11-25 11:05:00,2025-11-25 11:10:00,2025-11-25 11:15:00,4130.603,4135.419589345486,SL,-4.976589345486116,5,0.34071308235502507,ml_v3freq,2025-11
276284,short,2025-11-25 11:35:00,2025-11-25 11:40:00,2025-11-25 12:00:00,4130.394,4135.1932236149305,SL,-4.95922361493056,20,0.34035606877396424,ml_v3freq,2025-11
276291,short,2025-11-25 12:10:00,2025-11-25 12:15:00,2025-11-25 12:44:00,4135.903,4126.705586805556,TP,9.037413194444438,29,0.34587406710824264,ml_v3freq,2025-11
276310,long,2025-11-25 13:45:00,2025-11-25 13:50:00,2025-11-25 14:05:00,4148.11,4143.123436026735,SL,-5.146563973263892,15,0.37701746018515014,ml_v3freq,2025-11
276352,long,2025-11-25 17:15:00,2025-11-25 17:20:00,2025-11-25 17:34:00,4147.487,4157.615020833334,TP,9.968020833333375,14,0.38004212768659973,ml_v3freq,2025-11
276362,long,2025-11-25 18:05:00,2025-11-25 18:10:00,2025-11-25 18:11:00,4149.787,4144.434283407639,SL,-5.512716592361133,1,0.3769913537186526,ml_v3freq,2025-11
276377,long,2025-11-25 19:20:00,2025-11-25 19:25:00,2025-11-26 00:24:00,4129.926,4140.469309027778,TP,10.383309027777813,237,0.37813362906357206,ml_v3freq,2025-11
276441,long,2025-11-26 01:40:00,2025-11-26 01:45:00,2025-11-26 02:25:00,4150.398,4160.459302777778,TP,9.901302777777765,40,0.390978993477754,ml_v3freq,2025-11
276452,long,2025-11-26 02:35:00,2025-11-26 02:40:00,2025-11-26 03:10:00,4159.102,4169.102336805556,TP,9.840336805555564,30,0.3982805450996555,ml_v3freq,2025-11
276461,long,2025-11-26 03:20:00,2025-11-26 03:25:00,2025-11-26 04:07:00,4164.566,4159.422755548264,SL,-5.3032444517361155,42,0.3956116577228702,ml_v3freq,2025-11
276475,long,2025-11-26 04:30:00,2025-11-26 04:35:00,2025-11-26 06:16:00,4160.609,4155.545441076042,SL,-5.223558923958344,101,0.3803876653336805,ml_v3freq,2025-11
276503,short,2025-11-26 06:50:00,2025-11-26 06:55:00,2025-11-26 07:48:00,4152.46,4157.514149840972,SL,-5.2141498409722145,53,0.34232843326987894,ml_v3freq,2025-11
276517,long,2025-11-26 08:00:00,2025-11-26 08:05:00,2025-11-26 11:31:00,4159.06,4168.7212618055555,TP,9.501261805555538,206,0.3767445375761188,ml_v3freq,2025-11
276570,short,2025-11-26 12:25:00,2025-11-26 12:30:00,2025-11-26 12:46:00,4161.925,4152.6459958333335,TP,9.119004166666668,16,0.34358145369523563,ml_v3freq,2025-11
276578,short,2025-11-26 13:05:00,2025-11-26 13:10:00,2025-11-26 13:28:00,4160.768,4165.65196885625,SL,-5.043968856250011,18,0.34063565796854667,ml_v3freq,2025-11
276584,short,2025-11-26 13:35:00,2025-11-26 13:40:00,2025-11-26 13:52:00,4158.899,4149.384817361111,TP,9.35418263888892,12,0.34092313864675583,ml_v3freq,2025-11
276590,short,2025-11-26 14:05:00,2025-11-26 14:10:00,2025-11-26 14:33:00,4146.797,4151.691310513888,SL,-5.054310513888902,23,0.3423390866361947,ml_v3freq,2025-11
276598,short,2025-11-26 14:45:00,2025-11-26 14:50:00,2025-11-26 14:59:00,4152.14,4142.697072916667,TP,9.282927083333375,9,0.3402553574641113,ml_v3freq,2025-11
276622,long,2025-11-26 16:45:00,2025-11-26 16:50:00,2025-11-26 18:33:00,4166.788,4162.08822455868,SL,-4.859775441319463,103,0.37779077790586124,ml_v3freq,2025-11
276645,short,2025-11-26 18:40:00,2025-11-26 18:45:00,2025-11-26 18:55:00,4159.382,4163.810336691319,SL,-4.588336691319446,10,0.34437223867013106,ml_v3freq,2025-11
276652,long,2025-11-26 19:15:00,2025-11-26 19:20:00,2025-11-26 19:43:00,4167.405,4163.042880077431,SL,-4.5221199225694395,23,0.3856014301618732,ml_v3freq,2025-11
276662,long,2025-11-26 20:05:00,2025-11-26 20:10:00,2025-11-27 01:05:00,4165.214,4160.939478600347,SL,-4.434521399652775,233,0.3835102906068958,ml_v3freq,2025-11
276745,long,2025-11-27 04:00:00,2025-11-27 04:05:00,2025-11-27 04:32:00,4144.893,4152.679747222222,TP,7.626747222222214,27,0.37768016432214657,ml_v3freq,2025-11
276775,short,2025-11-27 06:30:00,2025-11-27 06:35:00,2025-11-27 07:14:00,4157.048,4161.054733580208,SL,-4.1667335802083105,39,0.3419278010631502,ml_v3freq,2025-11
276786,short,2025-11-27 07:25:00,2025-11-27 07:30:00,2025-11-27 08:12:00,4159.359,4163.358257109376,SL,-4.15925710937497,42,0.3455105892942485,ml_v3freq,2025-11
276804,long,2025-11-27 08:55:00,2025-11-27 09:00:00,2025-11-27 09:02:00,4165.763,4161.849075455555,SL,-4.073924544444416,2,0.3764709591256849,ml_v3freq,2025-11
276811,short,2025-11-27 09:30:00,2025-11-27 09:35:00,2025-11-27 09:48:00,4154.128,4158.075124202083,SL,-4.1071242020833045,13,0.3406615622784485,ml_v3freq,2025-11
276817,short,2025-11-27 10:00:00,2025-11-27 10:05:00,2025-11-27 11:40:00,4157.651,4161.556519467361,SL,-4.065519467361091,95,0.34324787716038146,ml_v3freq,2025-11
276840,short,2025-11-27 11:55:00,2025-11-27 12:00:00,2025-11-27 13:08:00,4157.352,4149.997231944444,TP,7.194768055555525,68,0.3467633269014642,ml_v3freq,2025-11
276858,short,2025-11-27 13:25:00,2025-11-27 13:30:00,2025-11-27 13:34:00,4152.462,4156.196132088195,SL,-3.894132088194424,4,0.34089876282869036,ml_v3freq,2025-11
276861,short,2025-11-27 13:40:00,2025-11-27 13:45:00,2025-11-27 14:21:00,4155.962,4159.68716746632,SL,-3.8851674663194244,36,0.3554926822669161,ml_v3freq,2025-11
276871,short,2025-11-27 14:30:00,2025-11-27 14:35:00,2025-11-27 23:09:00,4158.369,4161.9867070875,SL,-3.7777070874999774,303,0.3521371030996966,ml_v3freq,2025-11
276943,long,2025-11-28 00:00:00,2025-11-28 00:05:00,2025-11-28 00:28:00,4165.604,4171.209790972222,TP,5.445790972222161,23,0.3895262660499612,ml_v3freq,2025-11
276950,long,2025-11-28 00:35:00,2025-11-28 00:40:00,2025-11-28 01:00:00,4178.707,4184.420476388889,TP,5.553476388888813,20,0.38427623539116895,ml_v3freq,2025-11
276957,long,2025-11-28 01:10:00,2025-11-28 01:15:00,2025-11-28 01:19:00,4186.326,4183.291509226736,SL,-3.1944907732638472,4,0.37791454224732435,ml_v3freq,2025-11
276960,long,2025-11-28 01:25:00,2025-11-28 01:30:00,2025-11-28 03:41:00,4187.234,4184.190516826042,SL,-3.2034831739582907,131,0.3832690659060768,ml_v3freq,2025-11
276989,long,2025-11-28 03:50:00,2025-11-28 03:55:00,2025-11-28 04:29:00,4184.611,4181.538404623264,SL,-3.23259537673608,34,0.37984944312718427,ml_v3freq,2025-11
277031,short,2025-11-28 07:20:00,2025-11-28 07:25:00,2025-11-28 07:47:00,4183.935,4177.970822916667,TP,5.804177083333252,22,0.3409041132972125,ml_v3freq,2025-11
277039,long,2025-11-28 08:00:00,2025-11-28 08:05:00,2025-11-28 08:06:00,4164.074,4160.958010138888,SL,-3.275989861111071,1,0.3802959855007102,ml_v3freq,2025-11
277061,short,2025-11-28 10:30:00,2025-11-28 10:35:00,2025-11-28 10:39:00,4162.186,4165.678079360763,SL,-3.9720793607638654,4,0.3441949818032629,ml_v3freq,2025-11
277064,short,2025-11-28 10:45:00,2025-11-28 10:50:00,2025-11-28 10:51:00,4165.38,4168.865083066667,SL,-3.6450830666666474,1,0.34732178139505904,ml_v3freq,2025-11
277067,short,2025-11-28 11:00:00,2025-11-28 11:05:00,2025-11-28 11:07:00,4169.244,4172.761687463889,SL,-3.6776874638888635,2,0.3435199509150987,ml_v3freq,2025-11
277103,long,2025-11-28 14:00:00,2025-11-28 14:05:00,2025-11-28 14:18:00,4187.23,4194.044729166666,TP,6.65472916666663,13,0.3911125411994953,ml_v3freq,2025-11
277108,long,2025-11-28 14:25:00,2025-11-28 14:30:00,2025-11-28 14:40:00,4196.669,4203.582339583333,TP,6.753339583333287,10,0.37733789711144483,ml_v3freq,2025-11
277129,short,2025-11-28 16:10:00,2025-11-28 16:15:00,2025-11-28 16:18:00,4199.573,4203.435446423611,SL,-4.022446423611079,3,0.3407365260959355,ml_v3freq,2025-11
277167,long,2025-11-28 19:20:00,2025-11-28 19:25:00,2025-11-30 23:08:00,4217.653,4213.667287049306,SL,-4.145712950694409,21,0.37692607004845535,ml_v3freq,2025-11
277174,short,2025-11-30 23:15:00,2025-11-30 23:20:00,2025-11-30 23:23:00,4217.394,4221.469605210417,SL,-4.235605210416631,3,0.3403618975407829,ml_v3freq,2025-11
277177,short,2025-11-30 23:30:00,2025-11-30 23:35:00,2025-12-01 00:27:00,4223.1,4227.201693490278,SL,-4.261693490277738,52,0.3426696320428183,ml_v3freq,2025-11
277337,long,2025-12-01 12:50:00,2025-12-01 12:55:00,2025-12-01 13:21:00,4247.399,4256.759365972222,TP,9.200365972222174,26,0.41757698498044127,ml_v3freq,2025-12
277414,long,2025-12-01 19:15:00,2025-12-01 19:20:00,2025-12-01 19:45:00,4237.713,4232.328139345139,SL,-5.544860654861105,25,0.4145669610823418,ml_v3freq,2025-12
277517,long,2025-12-02 04:50:00,2025-12-02 04:55:00,2025-12-02 06:22:00,4218.247,4213.108743830556,SL,-5.298256169444442,87,0.41887813192494394,ml_v3freq,2025-12
277548,long,2025-12-02 07:25:00,2025-12-02 07:30:00,2025-12-02 07:44:00,4217.686,4212.64178307118,SL,-5.204216928819449,14,0.41256625989693607,ml_v3freq,2025-12
277553,long,2025-12-02 07:50:00,2025-12-02 07:55:00,2025-12-02 09:06:00,4211.693,4206.660104924305,SL,-5.192895075694449,71,0.41596537297295866,ml_v3freq,2025-12
277581,short,2025-12-02 10:10:00,2025-12-02 10:15:00,2025-12-02 11:20:00,4186.882,4192.00266423993,SL,-5.280664239930578,65,0.3393318131056955,ml_v3freq,2025-12
277677,long,2025-12-02 18:10:00,2025-12-02 18:15:00,2025-12-02 18:34:00,4192.465,4187.51505644757,SL,-5.109943552430548,19,0.4135269530995781,ml_v3freq,2025-12
277683,long,2025-12-02 18:40:00,2025-12-02 18:45:00,2025-12-02 19:05:00,4187.214,4196.7272125,TP,9.353212499999978,20,0.42844698749631493,ml_v3freq,2025-12
277690,long,2025-12-02 19:15:00,2025-12-02 19:20:00,2025-12-02 20:35:00,4196.526,4205.988589583333,TP,9.302589583333331,75,0.4262627052278639,ml_v3freq,2025-12
277709,long,2025-12-02 20:50:00,2025-12-02 20:55:00,2025-12-02 23:04:00,4207.935,4203.074543930209,SL,-5.02045606979167,67,0.44657443688957604,ml_v3freq,2025-12
277725,long,2025-12-02 23:10:00,2025-12-02 23:15:00,2025-12-03 01:01:00,4207.858,4217.147194444445,TP,9.129194444444432,106,0.4602070708548397,ml_v3freq,2025-12
277765,long,2025-12-03 02:30:00,2025-12-03 02:35:00,2025-12-03 03:06:00,4227.176,4222.477597626042,SL,-4.8584023739583175,31,0.4136394576655158,ml_v3freq,2025-12
277792,long,2025-12-03 04:45:00,2025-12-03 04:50:00,2025-12-03 05:30:00,4222.463,4217.88644346493,SL,-4.736556535069422,40,0.4196022481377124,ml_v3freq,2025-12
277826,short,2025-12-03 07:35:00,2025-12-03 07:40:00,2025-12-03 09:09:00,4206.145,4197.298097222223,TP,8.686902777777753,89,0.3464086751586424,ml_v3freq,2025-12
277889,short,2025-12-03 12:50:00,2025-12-03 12:55:00,2025-12-03 13:07:00,4212.039,4216.409568652083,SL,-4.530568652083318,12,0.35409822951009196,ml_v3freq,2025-12
277909,long,2025-12-03 14:30:00,2025-12-03 14:35:00,2025-12-03 14:36:00,4239.031,4234.4598285875,SL,-4.731171412499989,1,0.42160261464614207,ml_v3freq,2025-12
277915,short,2025-12-03 15:00:00,2025-12-03 15:05:00,2025-12-03 15:16:00,4215.916,4220.628910854514,SL,-4.872910854513873,11,0.3476090888344801,ml_v3freq,2025-12
277920,short,2025-12-03 15:25:00,2025-12-03 15:30:00,2025-12-03 15:33:00,4221.661,4226.3958918375,SL,-4.894891837499986,3,0.35057518952302064,ml_v3freq,2025-12
277923,short,2025-12-03 15:40:00,2025-12-03 15:45:00,2025-12-03 15:51:00,4227.41,4218.347481944445,TP,8.902518055555527,6,0.3478363167942954,ml_v3freq,2025-12
277927,short,2025-12-03 16:00:00,2025-12-03 16:05:00,2025-12-03 16:53:00,4220.89,4211.839093055556,TP,8.890906944444428,48,0.3508968956926726,ml_v3freq,2025-12
277967,long,2025-12-03 19:20:00,2025-12-03 19:25:00,2025-12-03 20:11:00,4203.844,4212.577220833334,TP,8.573220833333298,46,0.41259869494247803,ml_v3freq,2025-12
277979,long,2025-12-03 20:20:00,2025-12-03 20:25:00,2025-12-03 20:56:00,4208.642,4204.152696736805,SL,-4.6493032631944216,31,0.4245978063796241,ml_v3freq,2025-12
277988,long,2025-12-03 21:05:00,2025-12-03 21:10:00,2025-12-03 21:55:00,4207.817,4203.355947796181,SL,-4.621052203819423,45,0.4317860936318238,ml_v3freq,2025-12
278000,long,2025-12-03 23:05:00,2025-12-03 23:10:00,2025-12-03 23:50:00,4206.939,4202.527398063195,SL,-4.5716019368055365,40,0.4583594517321768,ml_v3freq,2025-12
278011,long,2025-12-04 00:00:00,2025-12-04 00:05:00,2025-12-04 00:34:00,4206.427,4214.940885416667,TP,8.35388541666666,29,0.4471096616184841,ml_v3freq,2025-12
278021,long,2025-12-04 00:50:00,2025-12-04 00:55:00,2025-12-04 01:03:00,4211.82,4207.44669315,SL,-4.533306849999997,8,0.420880362906359,ml_v3freq,2025-12
278078,short,2025-12-04 05:35:00,2025-12-04 05:40:00,2025-12-04 05:52:00,4185.195,4176.666088888888,TP,8.36891111111113,12,0.3389920372001466,ml_v3freq,2025-12
278130,long,2025-12-04 09:55:00,2025-12-04 10:00:00,2025-12-04 12:05:00,4199.853,4195.3330289201385,SL,-4.679971079861099,125,0.4223944427711432,ml_v3freq,2025-12
278179,long,2025-12-04 14:00:00,2025-12-04 14:05:00,2025-12-04 14:22:00,4198.992,4207.916575,TP,8.764574999999958,17,0.4128830825496983,ml_v3freq,2025-12
278201,short,2025-12-04 15:50:00,2025-12-04 15:55:00,2025-12-04 16:01:00,4207.081,4211.570418346875,SL,-4.649418346874986,6,0.3470401919033702,ml_v3freq,2025-12
278205,short,2025-12-04 16:10:00,2025-12-04 16:15:00,2025-12-04 16:17:00,4210.571,4215.008634659028,SL,-4.597634659027764,2,0.34182443409320273,ml_v3freq,2025-12
278208,short,2025-12-04 16:25:00,2025-12-04 16:30:00,2025-12-04 16:41:00,4216.179,4207.636529861111,TP,8.382470138888863,11,0.34699394874981965,ml_v3freq,2025-12
278213,short,2025-12-04 16:50:00,2025-12-04 16:55:00,2025-12-04 19:07:00,4214.401,4205.9217874999995,TP,8.319212499999969,132,0.3441861817550017,ml_v3freq,2025-12
278336,long,2025-12-05 04:05:00,2025-12-05 04:10:00,2025-12-05 05:28:00,4212.465,4219.893490972222,TP,7.2684909722221835,78,0.4266211349534911,ml_v3freq,2025-12
278356,long,2025-12-05 05:45:00,2025-12-05 05:50:00,2025-12-05 06:09:00,4220.161,4227.506188888889,TP,7.185188888888838,19,0.4137096377787557,ml_v3freq,2025-12
278476,long,2025-12-05 15:45:00,2025-12-05 15:50:00,2025-12-05 15:51:00,4249.315,4245.769851188888,SL,-3.705148811111079,1,0.41456352335368557,ml_v3freq,2025-12
278479,short,2025-12-05 16:00:00,2025-12-05 16:05:00,2025-12-05 16:09:00,4239.35,4232.55695,TP,6.633049999999944,4,0.3388700162890814,ml_v3freq,2025-12
278482,short,2025-12-05 16:15:00,2025-12-05 16:20:00,2025-12-05 16:22:00,4204.914,4208.550890346528,SL,-3.7968903465277473,2,0.34445417976472725,ml_v3freq,2025-12
278485,short,2025-12-05 16:30:00,2025-12-05 16:35:00,2025-12-05 16:58:00,4213.783,4217.498794098959,SL,-3.875794098958302,23,0.34238798413854155,ml_v3freq,2025-12
278492,short,2025-12-05 17:05:00,2025-12-05 17:10:00,2025-12-05 17:31:00,4215.756,4219.48849710625,SL,-3.892497106249957,21,0.3421613827953135,ml_v3freq,2025-12
278499,short,2025-12-05 17:40:00,2025-12-05 17:45:00,2025-12-05 17:52:00,4214.267,4218.002739291319,SL,-3.8957392913194018,7,0.3439343727090953,ml_v3freq,2025-12
278503,short,2025-12-05 18:00:00,2025-12-05 18:05:00,2025-12-05 18:44:00,4216.584,4209.386997916667,TP,7.0370020833332445,39,0.3447388991762431,ml_v3freq,2025-12
278513,short,2025-12-05 18:50:00,2025-12-05 18:55:00,2025-12-05 19:46:00,4210.516,4203.238338888888,TP,7.117661111111018,51,0.33906877248137823,ml_v3freq,2025-12
278559,long,2025-12-08 00:00:00,2025-12-08 00:05:00,2025-12-08 00:12:00,4199.944,4207.728539583333,TP,7.624539583333285,7,0.41968943212792187,ml_v3freq,2025-12
278563,long,2025-12-08 00:20:00,2025-12-08 00:25:00,2025-12-08 01:01:00,4207.187,4203.106049351041,SL,-4.240950648958304,36,0.42457215480680477,ml_v3freq,2025-12
278577,short,2025-12-08 01:30:00,2025-12-08 01:35:00,2025-12-08 01:49:00,4208.336,4200.321270138889,TP,7.854729861111036,14,0.33875380778116654,ml_v3freq,2025-12
278582,short,2025-12-08 01:55:00,2025-12-08 02:00:00,2025-12-08 02:36:00,4201.082,4205.283951218056,SL,-4.361951218055512,36,0.3404922848040649,ml_v3freq,2025-12
278602,short,2025-12-08 03:35:00,2025-12-08 03:40:00,2025-12-08 04:34:00,4208.391,4212.596165624305,SL,-4.36516562430551,54,0.34000631160022204,ml_v3freq,2025-12
278623,long,2025-12-08 05:20:00,2025-12-08 05:25:00,2025-12-08 05:33:00,4206.872,4214.858611111112,TP,7.826611111111038,8,0.4198008410116875,ml_v3freq,2025-12
278713,short,2025-12-08 12:50:00,2025-12-08 12:55:00,2025-12-08 13:24:00,4213.366,4204.9903326388885,TP,8.215667361111091,29,0.3423344086319241,ml_v3freq,2025-12
278735,short,2025-12-08 14:40:00,2025-12-08 14:45:00,2025-12-08 14:47:00,4198.387,4202.884434520486,SL,-4.6574345204861105,2,0.34677015016100576,ml_v3freq,2025-12
278738,short,2025-12-08 14:55:00,2025-12-08 15:00:00,2025-12-08 15:04:00,4196.74,4188.012913194444,TP,8.567086805555569,4,0.3484936616983927,ml_v3freq,2025-12
278741,short,2025-12-08 15:10:00,2025-12-08 15:15:00,2025-12-08 15:17:00,4178.307,4182.895842710069,SL,-4.748842710069453,2,0.346441464467651,ml_v3freq,2025-12
278747,short,2025-12-08 15:40:00,2025-12-08 15:45:00,2025-12-08 16:11:00,4186.883,4177.932009722222,TP,8.790990277777796,26,0.3441279759054412,ml_v3freq,2025-12
278790,long,2025-12-08 19:15:00,2025-12-08 19:20:00,2025-12-09 01:03:00,4188.177,4196.188246527778,TP,7.851246527777819,281,0.4190613295394082,ml_v3freq,2025-12
278875,long,2025-12-09 03:20:00,2025-12-09 03:25:00,2025-12-09 04:01:00,4196.179,4192.553502937847,SL,-3.785497062152794,36,0.4161813261370668,ml_v3freq,2025-12
278885,long,2025-12-09 04:10:00,2025-12-09 04:15:00,2025-12-09 04:38:00,4194.893,4191.333418107986,SL,-3.7195818920139025,23,0.4342774737300393,ml_v3freq,2025-12
278903,short,2025-12-09 05:40:00,2025-12-09 05:45:00,2025-12-09 06:09:00,4181.865,4174.980199305555,TP,6.724800694444468,24,0.33962957898541335,ml_v3freq,2025-12
278946,short,2025-12-09 09:15:00,2025-12-09 09:20:00,2025-12-09 09:23:00,4208.585,4212.225632550348,SL,-3.8006325503472573,3,0.3481102935743185,ml_v3freq,2025-12
278949,short,2025-12-09 09:30:00,2025-12-09 09:35:00,2025-12-09 13:27:00,4205.504,4198.511521527777,TP,6.832478472222284,232,0.3510424196071978,ml_v3freq,2025-12
279009,short,2025-12-09 14:30:00,2025-12-09 14:35:00,2025-12-09 14:44:00,4200.652,4204.32380832257,SL,-3.831808322569486,9,0.3453052216067748,ml_v3freq,2025-12
279013,short,2025-12-09 14:50:00,2025-12-09 14:55:00,2025-12-09 15:00:00,4207.855,4200.709468749999,TP,6.985531250000077,5,0.33909625942756993,ml_v3freq,2025-12
279019,short,2025-12-09 15:20:00,2025-12-09 15:25:00,2025-12-09 15:58:00,4204.897,4208.665776244445,SL,-3.9287762444444767,33,0.3439853482449333,ml_v3freq,2025-12
279029,long,2025-12-09 16:10:00,2025-12-09 16:15:00,2025-12-09 16:17:00,4218.463,4214.773758484028,SL,-3.8492415159722495,2,0.42011054126939407,ml_v3freq,2025-12
279035,long,2025-12-09 16:40:00,2025-12-09 16:45:00,2025-12-09 16:53:00,4219.029,4215.376878923612,SL,-3.812121076388915,8,0.41360765002267924,ml_v3freq,2025-12
279131,short,2025-12-10 01:40:00,2025-12-10 01:45:00,2025-12-10 01:56:00,4212.535,4216.182093110069,SL,-3.8070931100695002,11,0.3401119320100199,ml_v3freq,2025-12
279137,long,2025-12-10 02:10:00,2025-12-10 02:15:00,2025-12-10 03:13:00,4215.006,4211.377923476042,SL,-3.7880765239583876,58,0.41672279964771053,ml_v3freq,2025-12
279151,short,2025-12-10 03:20:00,2025-12-10 03:25:00,2025-12-10 05:15:00,4210.14,4203.131869444444,TP,6.8481305555556595,110,0.3388447219172628,ml_v3freq,2025-12
279236,short,2025-12-10 10:25:00,2025-12-10 10:30:00,2025-12-10 11:14:00,4191.797,4195.293139036805,SL,-3.656139036805573,44,0.3392524049937914,ml_v3freq,2025-12
279255,short,2025-12-10 12:00:00,2025-12-10 12:05:00,2025-12-10 12:16:00,4198.801,4202.236235959375,SL,-3.5952359593750107,11,0.3389189224530371,ml_v3freq,2025-12
279266,short,2025-12-10 12:55:00,2025-12-10 13:00:00,2025-12-10 13:07:00,4196.537,4199.965116644792,SL,-3.5881166447916746,7,0.3396515757845324,ml_v3freq,2025-12
279270,short,2025-12-10 13:15:00,2025-12-10 13:20:00,2025-12-10 13:23:00,4194.479,4197.934716886111,SL,-3.6157168861111146,3,0.34370837802168763,ml_v3freq,2025-12
279273,short,2025-12-10 13:30:00,2025-12-10 13:35:00,2025-12-10 13:44:00,4198.326,4201.796149967014,SL,-3.6301499670138915,9,0.34096680410735425,ml_v3freq,2025-12
279277,short,2025-12-10 13:50:00,2025-12-10 13:55:00,2025-12-10 14:11:00,4202.625,4206.112464108333,SL,-3.6474641083333332,16,0.353301700502502,ml_v3freq,2025-12
279283,short,2025-12-10 14:20:00,2025-12-10 14:25:00,2025-12-10 14:33:00,4200.491,4193.8025875,TP,6.528412499999984,8,0.34166315526865254,ml_v3freq,2025-12
279287,short,2025-12-10 14:40:00,2025-12-10 14:45:00,2025-12-10 14:49:00,4197.739,4201.2277895548605,SL,-3.648789554861096,4,0.3430089681092695,ml_v3freq,2025-12
279290,short,2025-12-10 14:55:00,2025-12-10 15:00:00,2025-12-10 15:01:00,4192.603,4196.120778737153,SL,-3.677778737152764,1,0.3391606762997077,ml_v3freq,2025-12
279293,short,2025-12-10 15:10:00,2025-12-10 15:15:00,2025-12-10 15:34:00,4194.584,4198.107199575347,SL,-3.6831995753472047,19,0.34270321118273295,ml_v3freq,2025-12
279304,short,2025-12-10 16:05:00,2025-12-10 16:10:00,2025-12-10 16:20:00,4194.464,4197.854583491319,SL,-3.550583491319432,10,0.34174006884481073,ml_v3freq,2025-12
279311,short,2025-12-10 16:40:00,2025-12-10 16:45:00,2025-12-10 18:23:00,4202.439,4196.029460416667,TP,6.24953958333332,98,0.33882282735373337,ml_v3freq,2025-12
279351,long,2025-12-10 20:00:00,2025-12-10 20:05:00,2025-12-10 20:12:00,4223.799,4230.958136111111,TP,6.99913611111107,7,0.4144214515201108,ml_v3freq,2025-12
279360,long,2025-12-10 20:45:00,2025-12-10 20:50:00,2025-12-10 20:51:00,4235.7,4231.796897289931,SL,-4.063102710069412,1,0.41414996126581266,ml_v3freq,2025-12
279363,long,2025-12-10 21:00:00,2025-12-10 21:05:00,2025-12-10 21:06:00,4230.565,4226.6443172656245,SL,-4.080682734374973,1,0.41937814738361645,ml_v3freq,2025-12
279371,long,2025-12-10 21:40:00,2025-12-10 21:45:00,2025-12-10 23:16:00,4228.222,4224.264942885764,SL,-4.1170571142360775,29,0.4225998885661488,ml_v3freq,2025-12
279381,long,2025-12-10 23:30:00,2025-12-10 23:35:00,2025-12-11 00:02:00,4227.764,4235.424338888889,TP,7.500338888888813,27,0.41502713017490656,ml_v3freq,2025-12
279389,long,2025-12-11 00:10:00,2025-12-11 00:15:00,2025-12-11 00:50:00,4242.942,4238.9063050163195,SL,-4.195694983680521,35,0.42064075435977716,ml_v3freq,2025-12
279415,short,2025-12-11 02:20:00,2025-12-11 02:25:00,2025-12-11 02:35:00,4232.898,4224.857320833334,TP,7.880679166666605,10,0.3391176114974752,ml_v3freq,2025-12
279437,long,2025-12-11 04:10:00,2025-12-11 04:15:00,2025-12-11 04:26:00,4217.138,4212.8545536625,SL,-4.443446337499967,11,0.4127666396405166,ml_v3freq,2025-12
279618,long,2025-12-11 19:15:00,2025-12-11 19:20:00,2025-12-11 20:08:00,4273.005,4267.814356945486,SL,-5.350643054513883,48,0.41948298999978717,ml_v3freq,2025-12
279638,long,2025-12-11 20:55:00,2025-12-11 21:00:00,2025-12-12 00:54:00,4276.227,4271.579647159375,SL,-4.807352840624996,169,0.4151071784068394,ml_v3freq,2025-12
279835,short,2025-12-12 14:20:00,2025-12-12 14:25:00,2025-12-12 14:27:00,4339.539,4344.109659488541,SL,-4.730659488541645,2,0.3396907381510579,ml_v3freq,2025-12
279846,short,2025-12-12 15:15:00,2025-12-12 15:20:00,2025-12-12 15:21:00,4326.574,4317.453739583333,TP,8.960260416666634,1,0.3397764630027462,ml_v3freq,2025-12
279852,short,2025-12-12 15:45:00,2025-12-12 15:50:00,2025-12-12 15:53:00,4317.283,4307.830302777778,TP,9.292697222222191,3,0.3392196513124157,ml_v3freq,2025-12
279896,long,2025-12-12 19:25:00,2025-12-12 19:30:00,2025-12-12 20:31:00,4296.041,4290.6084272385415,SL,-5.592572761458324,61,0.4128507858225928,ml_v3freq,2025-12
279911,long,2025-12-12 20:40:00,2025-12-12 20:45:00,2025-12-15 01:00:00,4298.883,4309.2032,TP,10.160199999999978,190,0.46066130114874015,ml_v3freq,2025-12
280079,short,2025-12-15 11:40:00,2025-12-15 11:45:00,2025-12-15 12:29:00,4340.778,4346.109537226736,SL,-5.491537226736102,44,0.33887815874412375,ml_v3freq,2025-12
280091,short,2025-12-15 12:40:00,2025-12-15 12:45:00,2025-12-15 13:11:00,4345.525,4335.4249222222215,TP,9.940077777777764,26,0.3397542463820836,ml_v3freq,2025-12
280099,short,2025-12-15 13:20:00,2025-12-15 13:25:00,2025-12-15 13:48:00,4337.831,4343.087562193055,SL,-5.416562193055561,23,0.35191267207083743,ml_v3freq,2025-12
280106,short,2025-12-15 13:55:00,2025-12-15 14:00:00,2025-12-15 14:25:00,4332.291,4322.082786111111,TP,10.048213888888903,25,0.3540831084427837,ml_v3freq,2025-12
280114,short,2025-12-15 14:35:00,2025-12-15 14:40:00,2025-12-15 14:52:00,4332.265,4322.044319444445,TP,10.060680555555567,12,0.3541936064860508,ml_v3freq,2025-12
280125,short,2025-12-15 15:30:00,2025-12-15 15:35:00,2025-12-15 16:03:00,4322.394,4311.80505625,TP,10.428943750000009,28,0.3451946018482534,ml_v3freq,2025-12
280136,short,2025-12-15 16:25:00,2025-12-15 16:30:00,2025-12-15 16:37:00,4296.144,4285.8803125,TP,10.103687500000012,7,0.3430335114614249,ml_v3freq,2025-12
280141,short,2025-12-15 16:50:00,2025-12-15 16:55:00,2025-12-15 17:28:00,4298.261,4303.449472338195,SL,-5.348472338194448,33,0.3408369610921622,ml_v3freq,2025-12
280172,long,2025-12-15 19:25:00,2025-12-15 19:30:00,2025-12-15 20:20:00,4309.452,4304.9381442288195,SL,-4.673855771180572,50,0.4209486532973621,ml_v3freq,2025-12
280185,long,2025-12-15 20:30:00,2025-12-15 20:35:00,2025-12-16 00:32:00,4301.604,4310.158554861111,TP,8.394554861111166,175,0.43398734223775104,ml_v3freq,2025-12
280223,long,2025-12-16 00:40:00,2025-12-16 00:45:00,2025-12-16 00:56:00,4311.765,4307.463556955903,SL,-4.46144304409724,11,0.4555672806058516,ml_v3freq,2025-12
280232,long,2025-12-16 01:25:00,2025-12-16 01:30:00,2025-12-16 01:56:00,4311.416,4307.103536701389,SL,-4.472463298611133,26,0.4363483232896376,ml_v3freq,2025-12
280241,long,2025-12-16 02:10:00,2025-12-16 02:15:00,2025-12-16 02:35:00,4310.859,4306.557148210417,SL,-4.461851789583362,20,0.413802283750632,ml_v3freq,2025-12
280280,short,2025-12-16 05:25:00,2025-12-16 05:30:00,2025-12-16 05:53:00,4280.859,4285.281947600348,SL,-4.58294760034727,23,0.3411014816780463,ml_v3freq,2025-12
280314,short,2025-12-16 08:15:00,2025-12-16 08:20:00,2025-12-16 08:35:00,4277.674,4282.221618942014,SL,-4.707618942013912,15,0.3412067759212851,ml_v3freq,2025-12
280333,short,2025-12-16 09:50:00,2025-12-16 09:55:00,2025-12-16 10:01:00,4277.877,4282.447988865973,SL,-4.730988865972242,6,0.34332499213038364,ml_v3freq,2025-12
280337,short,2025-12-16 10:10:00,2025-12-16 10:15:00,2025-12-16 12:07:00,4277.892,4282.480838741667,SL,-4.748838741666689,112,0.34205098755179325,ml_v3freq,2025-12
280363,long,2025-12-16 12:20:00,2025-12-16 12:25:00,2025-12-16 13:22:00,4291.557,4300.427911805556,TP,8.710911805555607,57,0.4118034019582274,ml_v3freq,2025-12
280387,short,2025-12-16 14:20:00,2025-12-16 14:25:00,2025-12-16 15:07:00,4328.664,4333.490557973264,SL,-4.986557973263912,42,0.34369459763119037,ml_v3freq,2025-12
280398,short,2025-12-16 15:15:00,2025-12-16 15:20:00,2025-12-16 15:23:00,4316.441,4321.379391531944,SL,-5.098391531944462,3,0.33900845529327545,ml_v3freq,2025-12
280401,short,2025-12-16 15:30:00,2025-12-16 15:35:00,2025-12-16 16:00:00,4328.001,4318.418319444445,TP,9.422680555555598,25,0.3411453325001358,ml_v3freq,2025-12
280409,short,2025-12-16 16:10:00,2025-12-16 16:15:00,2025-12-16 16:20:00,4314.864,4305.46505,TP,9.238950000000045,5,0.34196333745873453,ml_v3freq,2025-12
280468,long,2025-12-16 21:05:00,2025-12-16 21:10:00,2025-12-17 00:08:00,4301.955,4311.088429861111,TP,8.9734298611111,116,0.4187291826618328,ml_v3freq,2025-12
280514,long,2025-12-17 01:55:00,2025-12-17 02:00:00,2025-12-17 02:06:00,4326.259,4321.582530988195,SL,-4.836469011805568,6,0.4121527489095162,ml_v3freq,2025-12
280521,short,2025-12-17 02:30:00,2025-12-17 02:35:00,2025-12-17 03:42:00,4317.601,4322.273024400694,SL,-4.832024400694446,67,0.34352047161676236,ml_v3freq,2025-12
280538,long,2025-12-17 03:55:00,2025-12-17 04:00:00,2025-12-17 05:10:00,4323.566,4332.409343055555,TP,8.683343055555563,70,0.4138436735887888,ml_v3freq,2025-12
280611,long,2025-12-17 10:00:00,2025-12-17 10:05:00,2025-12-17 10:35:00,4317.443,4312.918806539584,SL,-4.684193460416653,30,0.4191136476028007,ml_v3freq,2025-12
280678,short,2025-12-17 15:35:00,2025-12-17 15:40:00,2025-12-17 15:53:00,4334.635,4325.469486805556,TP,9.005513194444397,13,0.3472246239622574,ml_v3freq,2025-12
280683,short,2025-12-17 16:00:00,2025-12-17 16:05:00,2025-12-17 16:23:00,4331.759,4322.5597,TP,9.03929999999996,18,0.34559963874964283,ml_v3freq,2025-12
280689,short,2025-12-17 16:30:00,2025-12-17 16:35:00,2025-12-17 16:44:00,4326.76,4331.477041961805,SL,-4.877041961805532,9,0.344232097878712,ml_v3freq,2025-12
280693,short,2025-12-17 16:50:00,2025-12-17 16:55:00,2025-12-17 17:22:00,4333.604,4338.32234756632,SL,-4.878347566319428,27,0.3462926631958828,ml_v3freq,2025-12
280734,long,2025-12-17 20:15:00,2025-12-17 20:20:00,2025-12-18 00:49:00,4339.876,4335.308074740972,SL,-4.727925259027758,200,0.43683959698232483,ml_v3freq,2025-12
280844,short,2025-12-18 06:30:00,2025-12-18 06:35:00,2025-12-18 08:04:00,4335.882,4327.483881944444,TP,8.238118055555551,89,0.3403146422833322,ml_v3freq,2025-12
280864,short,2025-12-18 08:10:00,2025-12-18 08:15:00,2025-12-18 12:27:00,4328.484,4320.255549305556,TP,8.068450694444467,252,0.34051940726136093,ml_v3freq,2025-12
280922,short,2025-12-18 13:00:00,2025-12-18 13:05:00,2025-12-18 13:30:00,4320.644,4324.729883373611,SL,-4.245883373611127,25,0.34127811374755107,ml_v3freq,2025-12
280938,short,2025-12-18 14:20:00,2025-12-18 14:25:00,2025-12-18 14:32:00,4335.078,4339.324369550348,SL,-4.406369550347226,7,0.34642272844897415,ml_v3freq,2025-12
280945,short,2025-12-18 14:55:00,2025-12-18 15:00:00,2025-12-18 15:01:00,4328.563,4332.941580857292,SL,-4.53858085729167,1,0.3424759507500662,ml_v3freq,2025-12
280949,short,2025-12-18 15:15:00,2025-12-18 15:20:00,2025-12-18 15:24:00,4329.165,4333.516397298264,SL,-4.5113972982638835,4,0.35035184425275334,ml_v3freq,2025-12
280952,short,2025-12-18 15:30:00,2025-12-18 15:35:00,2025-12-18 16:02:00,4339.157,4343.524913790625,SL,-4.5279137906249955,27,0.34061943995095456,ml_v3freq,2025-12
280998,long,2025-12-18 19:20:00,2025-12-18 19:25:00,2025-12-18 19:52:00,4330.853,4326.423286272917,SL,-4.589713727083341,27,0.41485310532267783,ml_v3freq,2025-12
281009,long,2025-12-18 20:15:00,2025-12-18 20:20:00,2025-12-19 00:59:00,4330.377,4325.934924698265,SL,-4.602075301736122,215,0.43167904007021496,ml_v3freq,2025-12
281055,long,2025-12-19 01:05:00,2025-12-19 01:10:00,2025-12-19 01:23:00,4324.662,4320.296979175,SL,-4.525020825000002,13,0.4149644834299758,ml_v3freq,2025-12
281068,long,2025-12-19 02:10:00,2025-12-19 02:15:00,2025-12-19 02:36:00,4324.325,4319.878765812153,SL,-4.606234187847232,21,0.4137712611016368,ml_v3freq,2025-12
281106,long,2025-12-19 05:20:00,2025-12-19 05:25:00,2025-12-19 05:52:00,4319.87,4328.477553472222,TP,8.4475534722222,27,0.4176025525797685,ml_v3freq,2025-12
281144,long,2025-12-19 08:30:00,2025-12-19 08:35:00,2025-12-19 10:33:00,4326.984,4322.485438453125,SL,-4.6585615468749975,118,0.42005567488508355,ml_v3freq,2025-12
281187,short,2025-12-19 12:05:00,2025-12-19 12:10:00,2025-12-19 12:18:00,4321.733,4326.205743118403,SL,-4.632743118402781,8,0.34213231780484243,ml_v3freq,2025-12
281191,short,2025-12-19 12:25:00,2025-12-19 12:30:00,2025-12-19 13:05:00,4325.724,4330.222335347917,SL,-4.658335347916669,35,0.3491316856281403,ml_v3freq,2025-12
281201,short,2025-12-19 13:15:00,2025-12-19 13:20:00,2025-12-19 14:39:00,4332.845,4337.407302032292,SL,-4.722302032291671,79,0.3420644314364687,ml_v3freq,2025-12
281219,short,2025-12-19 14:45:00,2025-12-19 14:50:00,2025-12-19 14:56:00,4327.186,4331.810590082291,SL,-4.784590082291674,6,0.3432258671313687,ml_v3freq,2025-12
281223,short,2025-12-19 15:05:00,2025-12-19 15:10:00,2025-12-19 15:27:00,4344.173,4335.258355555556,TP,8.754644444444457,17,0.3469669327745234,ml_v3freq,2025-12
281229,short,2025-12-19 15:35:00,2025-12-19 15:40:00,2025-12-19 15:58:00,4342.158,4346.772871463889,SL,-4.774871463888898,18,0.34105135741169984,ml_v3freq,2025-12
281236,short,2025-12-19 16:10:00,2025-12-19 16:15:00,2025-12-19 16:29:00,4343.007,4347.496049285416,SL,-4.64904928541669,14,0.34099945666726167,ml_v3freq,2025-12
281241,short,2025-12-19 16:35:00,2025-12-19 16:40:00,2025-12-19 16:52:00,4346.431,4350.885599580903,SL,-4.614599580902799,12,0.34711118239976646,ml_v3freq,2025-12
281246,short,2025-12-19 17:00:00,2025-12-19 17:05:00,2025-12-19 17:50:00,4350.313,4354.740118391667,SL,-4.587118391666687,45,0.35526999790581715,ml_v3freq,2025-12
281258,short,2025-12-19 18:00:00,2025-12-19 18:05:00,2025-12-19 18:26:00,4352.171,4356.418175136111,SL,-4.407175136111121,21,0.34932476691678227,ml_v3freq,2025-12
281266,short,2025-12-19 18:40:00,2025-12-19 18:45:00,2025-12-19 18:51:00,4344.96,4348.95650700625,SL,-4.1565070062500125,6,0.3442509866240121,ml_v3freq,2025-12
281313,short,2025-12-21 23:35:00,2025-12-21 23:40:00,2025-12-21 23:46:00,4347.417,4351.057767476042,SL,-3.8007674760416683,6,0.3408779481603773,ml_v3freq,2025-12
281326,long,2025-12-22 00:40:00,2025-12-22 00:45:00,2025-12-22 01:00:00,4361.955,4369.21671875,TP,7.101718750000007,15,0.4153144254048352,ml_v3freq,2025-12
281336,long,2025-12-22 01:30:00,2025-12-22 01:35:00,2025-12-22 01:39:00,4370.011,4377.450147222223,TP,7.279147222222214,4,0.4239639558829186,ml_v3freq,2025-12
281412,long,2025-12-22 07:50:00,2025-12-22 07:55:00,2025-12-22 08:27:00,4413.805,4409.788770031944,SL,-4.1762299680555435,32,0.4215560623375731,ml_v3freq,2025-12
281552,long,2025-12-22 19:30:00,2025-12-22 19:35:00,2025-12-22 21:03:00,4433.156,4440.950347916667,TP,7.634347916666588,88,0.4337930417722906,ml_v3freq,2025-12
281670,long,2025-12-23 06:20:00,2025-12-23 06:25:00,2025-12-23 06:51:00,4471.006,4479.2091736111115,TP,8.043173611111062,26,0.4122732948531326,ml_v3freq,2025-12
281834,long,2025-12-23 20:00:00,2025-12-23 20:05:00,2025-12-23 21:55:00,4491.293,4486.689351179166,SL,-4.763648820833362,110,0.4226518262693098,ml_v3freq,2025-12
281871,long,2025-12-24 00:05:00,2025-12-24 00:10:00,2025-12-24 00:14:00,4512.528,4507.738455319444,SL,-4.94954468055556,4,0.4126393621679596,ml_v3freq,2025-12
281889,long,2025-12-24 01:35:00,2025-12-24 01:40:00,2025-12-24 02:01:00,4521.853,4516.931160676042,SL,-5.081839323958342,21,0.41222269252487126,ml_v3freq,2025-12
281940,long,2025-12-24 05:50:00,2025-12-24 05:55:00,2025-12-24 06:00:00,4492.694,4487.608793438889,SL,-5.24520656111114,5,0.4121305082765484,ml_v3freq,2025-12
281944,long,2025-12-24 06:10:00,2025-12-24 06:15:00,2025-12-24 06:17:00,4492.688,4487.579522725,SL,-5.268477275000027,2,0.4352690678066602,ml_v3freq,2025-12
281947,long,2025-12-24 06:25:00,2025-12-24 06:30:00,2025-12-24 06:37:00,4487.454,4497.32045,TP,9.706450000000043,7,0.4401583765959816,ml_v3freq,2025-12
281953,long,2025-12-24 06:55:00,2025-12-24 07:00:00,2025-12-24 07:44:00,4493.626,4488.512883662153,SL,-5.273116337847245,44,0.41593081048936353,ml_v3freq,2025-12
281990,short,2025-12-24 10:00:00,2025-12-24 10:05:00,2025-12-24 10:32:00,4499.464,4489.405248611111,TP,9.898751388888947,27,0.33922280724496884,ml_v3freq,2025-12
282002,short,2025-12-24 11:00:00,2025-12-24 11:05:00,2025-12-24 12:05:00,4488.434,4493.690974906945,SL,-5.416974906944472,60,0.3416533956125441,ml_v3freq,2025-12
282030,short,2025-12-24 13:20:00,2025-12-24 13:25:00,2025-12-24 13:32:00,4478.234,4483.625313277778,SL,-5.551313277777798,7,0.3392595217293067,ml_v3freq,2025-12
282034,short,2025-12-24 13:40:00,2025-12-24 13:45:00,2025-12-24 14:37:00,4485.267,4474.792891666666,TP,10.314108333333369,52,0.3441781317376617,ml_v3freq,2025-12
282050,short,2025-12-24 15:00:00,2025-12-24 15:05:00,2025-12-24 15:15:00,4469.809,4475.33670728125,SL,-5.68770728125002,10,0.3428150455371619,ml_v3freq,2025-12
282055,short,2025-12-24 15:25:00,2025-12-24 15:30:00,2025-12-24 15:37:00,4469.712,4459.0884750000005,TP,10.463525000000045,7,0.3409651408807517,ml_v3freq,2025-12
282059,short,2025-12-24 15:45:00,2025-12-24 15:50:00,2025-12-24 16:02:00,4456.151,4461.624236984722,SL,-5.633236984722243,12,0.3425120155231238,ml_v3freq,2025-12
282083,short,2025-12-24 17:45:00,2025-12-24 17:50:00,2025-12-25 23:11:00,4481.26,4486.534507310417,SL,-5.434507310416671,40,0.3415817354246031,ml_v3freq,2025-12
282096,long,2025-12-25 23:30:00,2025-12-25 23:35:00,2025-12-26 00:07:00,4492.147,4502.225222916667,TP,9.918222916666675,32,0.41970520258444666,ml_v3freq,2025-12
282114,long,2025-12-26 01:00:00,2025-12-26 01:05:00,2025-12-26 01:07:00,4526.316,4521.040691072222,SL,-5.43530892777778,2,0.4166525788955731,ml_v3freq,2025-12
282123,short,2025-12-26 01:45:00,2025-12-26 01:50:00,2025-12-26 02:15:00,4502.569,4508.067726035764,SL,-5.65872603576389,25,0.3406281871609905,ml_v3freq,2025-12
282131,short,2025-12-26 02:25:00,2025-12-26 02:30:00,2025-12-26 02:57:00,4502.157,4507.733772613195,SL,-5.736772613194451,27,0.3446578336768368,ml_v3freq,2025-12
282147,short,2025-12-26 03:45:00,2025-12-26 03:50:00,2025-12-26 04:11:00,4502.507,4508.197360205902,SL,-5.850360205902802,21,0.3406440852341466,ml_v3freq,2025-12
282154,short,2025-12-26 04:20:00,2025-12-26 04:25:00,2025-12-26 04:33:00,4505.76,4511.407691939236,SL,-5.807691939236141,8,0.3424391368915324,ml_v3freq,2025-12
282158,short,2025-12-26 04:40:00,2025-12-26 04:45:00,2025-12-26 05:31:00,4507.944,4513.53812247014,SL,-5.754122470138919,46,0.34318957019282814,ml_v3freq,2025-12
282171,short,2025-12-26 05:45:00,2025-12-26 05:50:00,2025-12-26 06:23:00,4511.157,4516.654114864236,SL,-5.657114864236149,33,0.3436312147033382,ml_v3freq,2025-12
282180,short,2025-12-26 06:30:00,2025-12-26 06:35:00,2025-12-26 10:19:00,4517.302,4522.740632512499,SL,-5.598632512500041,224,0.34270367518861633,ml_v3freq,2025-12
282239,short,2025-12-26 11:25:00,2025-12-26 11:30:00,2025-12-26 12:00:00,4505.425,4510.46885977257,SL,-5.203859772569477,30,0.34228458718706034,ml_v3freq,2025-12
282308,short,2025-12-26 17:10:00,2025-12-26 17:15:00,2025-12-26 17:31:00,4526.305,4515.658107638889,TP,10.486892361111137,16,0.3387480996496537,ml_v3freq,2025-12
282373,short,2025-12-28 23:35:00,2025-12-28 23:40:00,2025-12-29 00:00:00,4532.616,4522.231304861111,TP,10.224695138888933,20,0.33999443816144825,ml_v3freq,2025-12
282431,long,2025-12-29 04:25:00,2025-12-29 04:30:00,2025-12-29 05:58:00,4514.136,4508.305836932639,SL,-5.990163067361114,88,0.41356746265986055,ml_v3freq,2025-12
282460,short,2025-12-29 06:50:00,2025-12-29 06:55:00,2025-12-29 07:00:00,4475.644,4463.944170833333,TP,11.539829166666651,5,0.3388844608074132,ml_v3freq,2025-12
282497,long,2025-12-29 09:55:00,2025-12-29 10:00:00,2025-12-29 10:27:00,4472.148,4465.362047123611,SL,-6.9459528763888825,27,0.4224748503486002,ml_v3freq,2025-12
282527,long,2025-12-29 12:25:00,2025-12-29 12:30:00,2025-12-29 13:27:00,4456.693,4449.658585425695,SL,-7.194414574305559,57,0.4181668382043731,ml_v3freq,2025-12
282542,short,2025-12-29 13:40:00,2025-12-29 13:45:00,2025-12-29 13:49:00,4429.582,4415.640836805556,TP,13.781163194444456,4,0.3402384839198225,ml_v3freq,2025-12
282546,short,2025-12-29 14:00:00,2025-12-29 14:05:00,2025-12-29 14:30:00,4400.024,4385.749536805556,TP,14.114463194444461,25,0.3402117810389631,ml_v3freq,2025-12
282554,short,2025-12-29 14:40:00,2025-12-29 14:45:00,2025-12-29 14:46:00,4373.486,4381.222929012847,SL,-7.896929012847233,1,0.34262078056555856,ml_v3freq,2025-12
282557,short,2025-12-29 14:55:00,2025-12-29 15:00:00,2025-12-29 15:02:00,4360.286,4345.232965972223,TP,14.893034027777798,2,0.3432498462668614,ml_v3freq,2025-12
282562,short,2025-12-29 15:20:00,2025-12-29 15:25:00,2025-12-29 15:26:00,4315.898,4324.033289188889,SL,-8.295289188888903,1,0.33895101700766445,ml_v3freq,2025-12
282610,long,2025-12-29 19:20:00,2025-12-29 19:25:00,2025-12-29 23:09:00,4330.205,4346.217211111111,TP,15.85221111111117,160,0.4284062374025029,ml_v3freq,2025-12
282666,short,2025-12-30 01:00:00,2025-12-30 01:05:00,2025-12-30 01:07:00,4327.867,4336.201181567709,SL,-8.494181567708335,2,0.3397609879748891,ml_v3freq,2025-12
282841,short,2025-12-30 15:35:00,2025-12-30 15:40:00,2025-12-30 16:08:00,4371.038,4357.56086875,TP,13.31713124999997,28,0.3435312486990074,ml_v3freq,2025-12
282856,long,2025-12-30 16:50:00,2025-12-30 16:55:00,2025-12-30 18:42:00,4370.386,4363.906324481598,SL,-6.639675518402764,107,0.4149483542050715,ml_v3freq,2025-12
282887,long,2025-12-30 19:25:00,2025-12-30 19:30:00,2025-12-30 19:45:00,4365.886,4359.814367560417,SL,-6.231632439583315,15,0.4136108381681476,ml_v3freq,2025-12
282910,long,2025-12-30 21:20:00,2025-12-30 21:25:00,2025-12-30 21:52:00,4347.163,4340.956584728472,SL,-6.366415271527766,27,0.4152742315614357,ml_v3freq,2025-12
282919,long,2025-12-30 23:05:00,2025-12-30 23:10:00,2025-12-30 23:26:00,4343.952,4337.800559012153,SL,-6.3114409878472175,16,0.4187241518203322,ml_v3freq,2025-12
282930,long,2025-12-31 00:00:00,2025-12-31 00:05:00,2025-12-31 00:26:00,4341.965,4335.721015859375,SL,-6.403984140625008,21,0.43867231352055536,ml_v3freq,2025-12
282941,long,2025-12-31 00:55:00,2025-12-31 01:00:00,2025-12-31 01:13:00,4342.377,4354.285210416667,TP,11.74821041666666,13,0.4162157616196488,ml_v3freq,2025-12
283156,long,2025-12-31 18:50:00,2025-12-31 18:55:00,2025-12-31 19:36:00,4317.568,4310.736470017709,SL,-7.607529982291622,41,0.41349227276264955,ml_v3freq,2025-12
283167,long,2025-12-31 19:45:00,2025-12-31 19:50:00,2025-12-31 20:32:00,4309.866,4322.975349305555,TP,12.329349305555485,42,0.4728577343553042,ml_v3freq,2025-12
283178,long,2025-12-31 20:40:00,2025-12-31 20:45:00,2025-12-31 20:50:00,4320.995,4314.082042361111,SL,-7.695957638888856,5,0.4392158722051047,ml_v3freq,2025-12
283182,long,2025-12-31 21:00:00,2025-12-31 21:05:00,2026-01-01 23:05:00,4312.596,4325.745384722221,TP,12.361384722222159,53,0.48793664891046085,ml_v3freq,2025-12
283218,short,2026-01-02 01:05:00,2026-01-02 01:10:00,2026-01-02 01:50:00,4346.255,4353.014797133681,SL,-6.919797133680504,40,0.3371131090740417,ml_v3freq,2026-01
283232,short,2026-01-02 02:15:00,2026-01-02 02:20:00,2026-01-02 02:48:00,4347.523,4354.1636220298615,SL,-6.800622029861064,28,0.3409382743819632,ml_v3freq,2026-01
283385,short,2026-01-02 15:00:00,2026-01-02 15:05:00,2026-01-02 15:06:00,4342.201,4347.551204593403,SL,-5.510204593402771,1,0.34247783882013755,ml_v3freq,2026-01
283388,short,2026-01-02 15:15:00,2026-01-02 15:20:00,2026-01-02 15:41:00,4339.376,4344.77741683125,SL,-5.561416831249988,21,0.3434840248285909,ml_v3freq,2026-01
283395,short,2026-01-02 15:50:00,2026-01-02 15:55:00,2026-01-02 16:01:00,4341.472,4331.189306944444,TP,10.122693055555557,6,0.341326013085144,ml_v3freq,2026-01
283399,short,2026-01-02 16:10:00,2026-01-02 16:15:00,2026-01-02 16:43:00,4322.546,4327.908736809375,SL,-5.522736809374998,28,0.33923049783034737,ml_v3freq,2026-01
283407,short,2026-01-02 16:50:00,2026-01-02 16:55:00,2026-01-02 17:00:00,4323.822,4329.208440079166,SL,-5.546440079166668,5,0.33957280730529243,ml_v3freq,2026-01
283411,short,2026-01-02 17:10:00,2026-01-02 17:15:00,2026-01-02 18:06:00,4330.033,4319.72895625,TP,10.144043750000002,51,0.34130069049945605,ml_v3freq,2026-01
283424,short,2026-01-02 18:15:00,2026-01-02 18:20:00,2026-01-02 19:38:00,4318.417,4323.742283023958,SL,-5.485283023958345,78,0.34008935605807716,ml_v3freq,2026-01
283448,long,2026-01-02 20:15:00,2026-01-02 20:20:00,2026-01-02 21:52:00,4322.338,4332.419614583333,TP,9.921614583333373,92,0.43078346863844386,ml_v3freq,2026-01
283593,short,2026-01-05 09:25:00,2026-01-05 09:30:00,2026-01-05 10:38:00,4432.627,4438.501172654167,SL,-6.034172654166699,68,0.3366955924502252,ml_v3freq,2026-01
283611,short,2026-01-05 10:55:00,2026-01-05 11:00:00,2026-01-05 11:25:00,4436.286,4425.044809722222,TP,11.081190277777837,25,0.33666602681203,ml_v3freq,2026-01
283633,short,2026-01-05 12:45:00,2026-01-05 12:50:00,2026-01-05 13:01:00,4407.299,4413.283986333333,SL,-6.144986333333369,11,0.33689069474420835,ml_v3freq,2026-01
283638,short,2026-01-05 13:10:00,2026-01-05 13:15:00,2026-01-05 13:29:00,4409.112,4397.437134722222,TP,11.514865277777846,14,0.3379066112109213,ml_v3freq,2026-01
283695,long,2026-01-05 17:55:00,2026-01-05 18:00:00,2026-01-05 19:08:00,4443.511,4437.589845425347,SL,-6.081154574652803,68,0.43398146848951935,ml_v3freq,2026-01
283711,long,2026-01-05 19:15:00,2026-01-05 19:20:00,2026-01-05 23:04:00,4439.909,4451.277125694444,TP,11.208125694444472,158,0.45876360413327943,ml_v3freq,2026-01
283750,short,2026-01-05 23:30:00,2026-01-05 23:35:00,2026-01-06 01:03:00,4441.193,4429.845728472223,TP,11.187271527777787,88,0.3381696695162326,ml_v3freq,2026-01
283770,short,2026-01-06 01:10:00,2026-01-06 01:15:00,2026-01-06 01:54:00,4441.793,4447.532647768402,SL,-5.899647768402776,39,0.33993472990913975,ml_v3freq,2026-01
283782,long,2026-01-06 02:10:00,2026-01-06 02:15:00,2026-01-06 02:39:00,4459.584,4454.051955254514,SL,-5.692044745486108,24,0.4317857600398004,ml_v3freq,2026-01
283794,long,2026-01-06 03:10:00,2026-01-06 03:15:00,2026-01-06 05:30:00,4462.652,4472.913731944444,TP,10.10173194444444,135,0.43462974154458656,ml_v3freq,2026-01
283870,short,2026-01-06 09:30:00,2026-01-06 09:35:00,2026-01-06 09:48:00,4456.904,4446.916496527778,TP,9.82750347222223,13,0.3375443776552414,ml_v3freq,2026-01
283897,short,2026-01-06 11:45:00,2026-01-06 11:50:00,2026-01-06 12:30:00,4460.613,4465.868486755903,SL,-5.415486755902781,40,0.3384120758056388,ml_v3freq,2026-01
283908,short,2026-01-06 12:40:00,2026-01-06 12:45:00,2026-01-06 13:11:00,4462.086,4467.238316220486,SL,-5.312316220486119,26,0.336511123096741,ml_v3freq,2026-01
283920,short,2026-01-06 13:40:00,2026-01-06 13:45:00,2026-01-06 13:55:00,4461.161,4466.345952364931,SL,-5.344952364930557,10,0.3375014275824286,ml_v3freq,2026-01
283930,long,2026-01-06 14:30:00,2026-01-06 14:35:00,2026-01-06 14:55:00,4479.112,4488.958191666667,TP,9.68619166666664,20,0.44241847906793774,ml_v3freq,2026-01
283937,long,2026-01-06 15:05:00,2026-01-06 15:10:00,2026-01-06 15:11:00,4487.057,4481.888417296527,SL,-5.328582703472212,1,0.4385007464659665,ml_v3freq,2026-01
283997,long,2026-01-06 20:05:00,2026-01-06 20:10:00,2026-01-06 20:57:00,4483.82,4493.040345138888,TP,9.060345138888882,47,0.44639054193092165,ml_v3freq,2026-01
284028,long,2026-01-06 23:40:00,2026-01-06 23:45:00,2026-01-07 00:01:00,4495.243,4490.545232570486,SL,-4.8577674295138875,16,0.4402192240942876,ml_v3freq,2026-01
284034,long,2026-01-07 00:10:00,2026-01-07 00:15:00,2026-01-07 00:39:00,4493.222,4488.550050998958,SL,-4.831949001041668,24,0.5032640677073774,ml_v3freq,2026-01
284043,long,2026-01-07 00:55:00,2026-01-07 01:00:00,2026-01-07 01:01:00,4491.87,4487.197777179166,SL,-4.832222820833343,1,0.4298025039762969,ml_v3freq,2026-01
284093,short,2026-01-07 05:05:00,2026-01-07 05:10:00,2026-01-07 05:34:00,4466.515,4457.321895138889,TP,9.03310486111112,24,0.33759335000104296,ml_v3freq,2026-01
284101,short,2026-01-07 05:45:00,2026-01-07 05:50:00,2026-01-07 05:57:00,4448.075,4452.954270267361,SL,-5.039270267361117,7,0.3397568867311818,ml_v3freq,2026-01
284112,short,2026-01-07 06:40:00,2026-01-07 06:45:00,2026-01-07 07:20:00,4446.627,4451.591408380556,SL,-5.124408380555568,35,0.3395233391692661,ml_v3freq,2026-01
284129,short,2026-01-07 08:05:00,2026-01-07 08:10:00,2026-01-07 08:37:00,4465.629,4470.584725515278,SL,-5.115725515277793,27,0.34121195351616285,ml_v3freq,2026-01
284137,short,2026-01-07 08:45:00,2026-01-07 08:50:00,2026-01-07 10:29:00,4468.904,4459.2741187500005,TP,9.46988125000001,99,0.34252629583794036,ml_v3freq,2026-01
284175,short,2026-01-07 11:55:00,2026-01-07 12:00:00,2026-01-07 12:30:00,4447.441,4452.35496998125,SL,-5.073969981249998,30,0.3381717991295182,ml_v3freq,2026-01
284187,short,2026-01-07 12:55:00,2026-01-07 13:00:00,2026-01-07 13:08:00,4445.066,4435.426684722222,TP,9.479315277777776,8,0.34224846544672965,ml_v3freq,2026-01
284191,short,2026-01-07 13:15:00,2026-01-07 13:20:00,2026-01-07 13:23:00,4433.899,4439.030529726737,SL,-5.291529726736103,3,0.3408515243738175,ml_v3freq,2026-01
284214,short,2026-01-07 15:10:00,2026-01-07 15:15:00,2026-01-07 15:22:00,4426.672,4432.063027552777,SL,-5.551027552777776,7,0.3382249204531498,ml_v3freq,2026-01
284256,long,2026-01-07 18:40:00,2026-01-07 18:45:00,2026-01-07 18:50:00,4456.265,4450.9472132888895,SL,-5.47778671111113,5,0.4330170286884243,ml_v3freq,2026-01
284267,long,2026-01-07 19:35:00,2026-01-07 19:40:00,2026-01-08 00:01:00,4454.932,4465.165689583333,TP,10.073689583333374,198,0.43837084003651866,ml_v3freq,2026-01
284312,long,2026-01-08 00:20:00,2026-01-08 00:25:00,2026-01-08 00:37:00,4458.591,4453.260966797917,SL,-5.490033202083353,12,0.423829305967733,ml_v3freq,2026-01
284371,short,2026-01-08 05:15:00,2026-01-08 05:20:00,2026-01-08 05:44:00,4426.41,4416.312443055555,TP,9.937556944444507,24,0.3377093201180713,ml_v3freq,2026-01
284378,short,2026-01-08 05:50:00,2026-01-08 05:55:00,2026-01-08 05:56:00,4419.001,4424.306325926389,SL,-5.465325926388921,1,0.34092954096377504,ml_v3freq,2026-01
284381,short,2026-01-08 06:05:00,2026-01-08 06:10:00,2026-01-08 06:21:00,4419.373,4424.7460308461805,SL,-5.53303084618059,11,0.340543571086532,ml_v3freq,2026-01
284411,short,2026-01-08 08:35:00,2026-01-08 08:40:00,2026-01-08 08:53:00,4421.156,4426.499982137847,SL,-5.5039821378472364,13,0.34002577282578333,ml_v3freq,2026-01
284451,short,2026-01-08 11:55:00,2026-01-08 12:00:00,2026-01-08 12:05:00,4422.769,4412.535348611112,TP,10.073651388888909,5,0.3370841601765243,ml_v3freq,2026-01
284455,short,2026-01-08 12:15:00,2026-01-08 12:20:00,2026-01-08 12:26:00,4413.725,4419.108785217709,SL,-5.543785217708339,6,0.34194818049089964,ml_v3freq,2026-01
284489,short,2026-01-08 15:05:00,2026-01-08 15:10:00,2026-01-08 15:16:00,4444.782,4450.219973757639,SL,-5.597973757638908,6,0.3382761512505962,ml_v3freq,2026-01
284498,short,2026-01-08 15:50:00,2026-01-08 15:55:00,2026-01-08 15:58:00,4448.486,4453.8736306,SL,-5.54763060000002,3,0.33940316986034635,ml_v3freq,2026-01
284566,long,2026-01-08 21:30:00,2026-01-08 21:35:00,2026-01-08 23:02:00,4473.865,4483.672248611111,TP,9.6472486111111,24,0.424244133987711,ml_v3freq,2026-01
284608,long,2026-01-09 02:00:00,2026-01-09 02:05:00,2026-01-09 02:15:00,4475.509,4470.31427742743,SL,-5.35472257256943,10,0.43517481732947905,ml_v3freq,2026-01
284616,long,2026-01-09 02:40:00,2026-01-09 02:45:00,2026-01-09 02:53:00,4473.278,4468.1305530097225,SL,-5.307446990277761,8,0.43434045764676266,ml_v3freq,2026-01
284668,long,2026-01-09 07:00:00,2026-01-09 07:05:00,2026-01-09 07:25:00,4474.611,4469.728308969445,SL,-5.042691030555522,20,0.43005340582808527,ml_v3freq,2026-01
284692,short,2026-01-09 09:00:00,2026-01-09 09:05:00,2026-01-09 09:15:00,4470.584,4475.317455275695,SL,-4.8934552756944125,10,0.33730123266321244,ml_v3freq,2026-01
284697,long,2026-01-09 09:25:00,2026-01-09 09:30:00,2026-01-09 10:27:00,4473.977,4469.291784628472,SL,-4.845215371527747,57,0.43278597525833484,ml_v3freq,2026-01
284711,short,2026-01-09 10:35:00,2026-01-09 10:40:00,2026-01-09 11:58:00,4470.542,4475.126362383334,SL,-4.74436238333331,78,0.3422707154068746,ml_v3freq,2026-01
284732,short,2026-01-09 12:20:00,2026-01-09 12:25:00,2026-01-09 12:33:00,4470.696,4461.954429861111,TP,8.581570138888859,8,0.33767655819414555,ml_v3freq,2026-01
284750,short,2026-01-09 13:50:00,2026-01-09 13:55:00,2026-01-09 14:01:00,4483.103,4487.809228064236,SL,-4.866228064236097,6,0.3366140260563213,ml_v3freq,2026-01
284757,long,2026-01-09 14:25:00,2026-01-09 14:30:00,2026-01-09 14:31:00,4494.356,4489.601397105903,SL,-4.914602894097204,1,0.4250937193954617,ml_v3freq,2026-01
284761,short,2026-01-09 14:45:00,2026-01-09 14:50:00,2026-01-09 14:54:00,4485.077,4489.880049155208,SL,-4.963049155208314,4,0.33675214491942707,ml_v3freq,2026-01
284765,long,2026-01-09 15:05:00,2026-01-09 15:10:00,2026-01-09 15:11:00,4499.93,4495.095870314236,SL,-4.994129685763867,1,0.42448397341884314,ml_v3freq,2026-01
284809,short,2026-01-09 18:45:00,2026-01-09 18:50:00,2026-01-09 20:11:00,4498.673,4503.5136140559025,SL,-5.000614055902774,81,0.33727771523688976,ml_v3freq,2026-01
284834,long,2026-01-09 20:50:00,2026-01-09 20:55:00,2026-01-11 23:03:00,4506.384,4515.722343055556,TP,9.178343055555542,63,0.42427552873112573,ml_v3freq,2026-01
284911,short,2026-01-12 04:15:00,2026-01-12 04:20:00,2026-01-12 05:32:00,4571.095,4576.57060612118,SL,-5.635606121180575,72,0.3365318617460602,ml_v3freq,2026-01
284958,long,2026-01-12 08:10:00,2026-01-12 08:15:00,2026-01-12 08:48:00,4583.328,4594.149463888889,TP,10.66146388888888,33,0.4469463439028488,ml_v3freq,2026-01
284981,long,2026-01-12 10:05:00,2026-01-12 10:10:00,2026-01-12 12:08:00,4586.796,4581.106290612153,SL,-5.849709387847215,118,0.42622710485387916,ml_v3freq,2026-01
285010,short,2026-01-12 12:30:00,2026-01-12 12:35:00,2026-01-12 13:00:00,4585.014,4590.839357331597,SL,-5.985357331597217,25,0.3410944752778138,ml_v3freq,2026-01
285031,long,2026-01-12 14:15:00,2026-01-12 14:20:00,2026-01-12 14:25:00,4596.841,4590.846362511112,SL,-6.154637488888895,5,0.4227163418064185,ml_v3freq,2026-01
285087,long,2026-01-12 18:55:00,2026-01-12 19:00:00,2026-01-12 20:03:00,4610.794,4605.056503105902,SL,-5.89749689409723,63,0.46879743438913163,ml_v3freq,2026-01
285215,short,2026-01-13 06:35:00,2026-01-13 06:40:00,2026-01-13 06:53:00,4577.873,4583.2071920881945,SL,-5.494192088194435,13,0.34101222781568225,ml_v3freq,2026-01
285220,short,2026-01-13 07:00:00,2026-01-13 07:05:00,2026-01-13 07:30:00,4581.558,4586.885124362847,SL,-5.487124362847216,25,0.34168392215027427,ml_v3freq,2026-01
285228,short,2026-01-13 07:40:00,2026-01-13 07:45:00,2026-01-13 08:05:00,4580.408,4585.737362542014,SL,-5.4893625420138905,20,0.3405598966801421,ml_v3freq,2026-01
285235,short,2026-01-13 08:15:00,2026-01-13 08:20:00,2026-01-13 08:27:00,4587.277,4592.6053029784725,SL,-5.488302978472229,7,0.34270735954777143,ml_v3freq,2026-01
285244,short,2026-01-13 09:00:00,2026-01-13 09:05:00,2026-01-13 10:12:00,4591.133,4580.936794444444,TP,10.036205555555583,67,0.3416872260524406,ml_v3freq,2026-01
285323,short,2026-01-13 15:35:00,2026-01-13 15:40:00,2026-01-13 15:43:00,4609.434,4614.798379728125,SL,-5.524379728125016,3,0.3398510708462492,ml_v3freq,2026-01
285328,short,2026-01-13 16:00:00,2026-01-13 16:05:00,2026-01-13 16:26:00,4612.735,4602.4767437499995,TP,10.09825625000004,21,0.339495571941113,ml_v3freq,2026-01
285381,long,2026-01-13 20:25:00,2026-01-13 20:30:00,2026-01-13 20:32:00,4588.971,4583.4379829958325,SL,-5.6930170041666885,2,0.4427868982471098,ml_v3freq,2026-01
285398,long,2026-01-13 21:50:00,2026-01-13 21:55:00,2026-01-13 23:25:00,4587.178,4597.952836111111,TP,10.614836111111169,27,0.42435666097043523,ml_v3freq,2026-01
285514,long,2026-01-14 08:30:00,2026-01-14 08:35:00,2026-01-14 12:59:00,4629.705,4640.191872916666,TP,10.326872916666689,264,0.42507339396215726,ml_v3freq,2026-01
285587,short,2026-01-14 14:35:00,2026-01-14 14:40:00,2026-01-14 14:49:00,4618.53,4607.737319444444,TP,10.632680555555583,9,0.34221769580435235,ml_v3freq,2026-01
285591,short,2026-01-14 14:55:00,2026-01-14 15:00:00,2026-01-14 15:02:00,4617.552,4606.657836805555,TP,10.734163194444475,2,0.33920346498767856,ml_v3freq,2026-01
285594,short,2026-01-14 15:10:00,2026-01-14 15:15:00,2026-01-14 15:16:00,4615.497,4621.243540884028,SL,-5.906540884027795,1,0.3406080872733541,ml_v3freq,2026-01
285597,short,2026-01-14 15:25:00,2026-01-14 15:30:00,2026-01-14 15:40:00,4615.401,4621.180153218055,SL,-5.9391532180555755,10,0.34109723279070336,ml_v3freq,2026-01
285602,short,2026-01-14 15:50:00,2026-01-14 15:55:00,2026-01-14 16:03:00,4614.897,4620.6393581875,SL,-5.9023581875000275,8,0.3370329618481827,ml_v3freq,2026-01
285606,short,2026-01-14 16:10:00,2026-01-14 16:15:00,2026-01-14 16:25:00,4617.875,4623.548478620486,SL,-5.833478620486138,10,0.3407164933356373,ml_v3freq,2026-01
285611,short,2026-01-14 16:35:00,2026-01-14 16:40:00,2026-01-14 17:25:00,4617.533,4606.831818055556,TP,10.541181944444498,45,0.33789341704251497,ml_v3freq,2026-01
285623,short,2026-01-14 17:35:00,2026-01-14 17:40:00,2026-01-14 17:55:00,4608.487,4613.9627450152775,SL,-5.635745015277804,15,0.33955174395632226,ml_v3freq,2026-01
285648,long,2026-01-14 19:40:00,2026-01-14 19:45:00,2026-01-14 20:02:00,4639.909,4634.524452848958,SL,-5.544547151041683,17,0.4222027477856414,ml_v3freq,2026-01
285654,long,2026-01-14 20:10:00,2026-01-14 20:15:00,2026-01-14 20:34:00,4636.24,4630.821816667014,SL,-5.578183332986127,19,0.43542665506606626,ml_v3freq,2026-01
285662,long,2026-01-14 20:50:00,2026-01-14 20:55:00,2026-01-14 21:14:00,4632.373,4626.930815767014,SL,-5.602184232986119,19,0.44410916295764175,ml_v3freq,2026-01
285683,long,2026-01-14 23:35:00,2026-01-14 23:40:00,2026-01-15 00:08:00,4607.155,4617.4995375,TP,10.184537499999998,28,0.4246044021857788,ml_v3freq,2026-01
285751,short,2026-01-15 05:15:00,2026-01-15 05:20:00,2026-01-15 05:29:00,4586.924,4592.858226493403,SL,-6.094226493402795,9,0.3381619650365398,ml_v3freq,2026-01
285755,short,2026-01-15 05:35:00,2026-01-15 05:40:00,2026-01-15 05:44:00,4583.605,4589.605871849652,SL,-6.160871849652791,4,0.3418645432681333,ml_v3freq,2026-01
285781,long,2026-01-15 07:45:00,2026-01-15 07:50:00,2026-01-15 10:18:00,4603.129,4614.597890277778,TP,11.308890277777795,148,0.4270531915290818,ml_v3freq,2026-01
285875,short,2026-01-15 15:35:00,2026-01-15 15:40:00,2026-01-15 16:11:00,4613.585,4619.63668327882,SL,-6.211683278819461,31,0.344486388057446,ml_v3freq,2026-01
285884,short,2026-01-15 16:20:00,2026-01-15 16:25:00,2026-01-15 16:40:00,4616.738,4605.41673125,TP,11.161268750000021,15,0.34327133082421607,ml_v3freq,2026-01
285893,short,2026-01-15 17:05:00,2026-01-15 17:10:00,2026-01-15 17:36:00,4609.413,4615.191153180555,SL,-5.9381531805555525,26,0.3372331435382123,ml_v3freq,2026-01
285929,long,2026-01-15 20:05:00,2026-01-15 20:10:00,2026-01-15 23:01:00,4605.939,4616.466183333334,TP,10.367183333333294,108,0.4353713265324525,ml_v3freq,2026-01
286032,long,2026-01-16 05:40:00,2026-01-16 05:45:00,2026-01-16 05:55:00,4606.953,4615.72605,TP,8.613049999999971,10,0.4222264903389243,ml_v3freq,2026-01
286048,short,2026-01-16 07:00:00,2026-01-16 07:05:00,2026-01-16 07:07:00,4600.986,4605.477874788195,SL,-4.651874788194422,2,0.33872239295056605,ml_v3freq,2026-01
286051,short,2026-01-16 07:15:00,2026-01-16 07:20:00,2026-01-16 09:27:00,4608.977,4600.344658333333,TP,8.472341666666615,127,0.3405553519649233,ml_v3freq,2026-01
286079,short,2026-01-16 09:35:00,2026-01-16 09:40:00,2026-01-16 10:04:00,4600.584,4605.0179797600695,SL,-4.59397976006943,24,0.33677144349655175,ml_v3freq,2026-01
286099,short,2026-01-16 11:15:00,2026-01-16 11:20:00,2026-01-16 11:36:00,4609.01,4613.443082901042,SL,-4.59308290104165,16,0.3373614195783477,ml_v3freq,2026-01
286123,short,2026-01-16 13:15:00,2026-01-16 13:20:00,2026-01-16 13:23:00,4587.412,4591.957321236806,SL,-4.705321236805533,3,0.3373985017514089,ml_v3freq,2026-01
286131,short,2026-01-16 13:55:00,2026-01-16 14:00:00,2026-01-16 14:07:00,4601.909,4606.629621461111,SL,-4.8806214611110885,7,0.33988369070089497,ml_v3freq,2026-01
286135,short,2026-01-16 14:15:00,2026-01-16 14:20:00,2026-01-16 14:36:00,4604.792,4609.4986010940975,SL,-4.866601094097191,16,0.34890405320919793,ml_v3freq,2026-01
286141,short,2026-01-16 14:45:00,2026-01-16 14:50:00,2026-01-16 15:05:00,4613.792,4618.482040949306,SL,-4.850040949305528,15,0.3406798227892238,ml_v3freq,2026-01
286147,short,2026-01-16 15:15:00,2026-01-16 15:20:00,2026-01-16 15:21:00,4601.867,4606.565573015278,SL,-4.858573015277757,1,0.3464927331864019,ml_v3freq,2026-01
286150,short,2026-01-16 15:30:00,2026-01-16 15:35:00,2026-01-16 15:36:00,4544.562,4549.507455288889,SL,-5.105455288888862,1,0.34127414370392833,ml_v3freq,2026-01
286153,short,2026-01-16 15:45:00,2026-01-16 15:50:00,2026-01-16 15:52:00,4570.645,4560.953534027778,TP,9.53146597222218,2,0.33777086580609356,ml_v3freq,2026-01
286211,long,2026-01-16 20:35:00,2026-01-16 20:40:00,2026-01-16 21:18:00,4585.444,4595.85997638889,TP,10.25597638888892,38,0.4266527297082192,ml_v3freq,2026-01
286330,short,2026-01-19 07:35:00,2026-01-19 07:40:00,2026-01-19 08:08:00,4666.594,4672.8995499413195,SL,-6.46554994131946,28,0.33905523911273955,ml_v3freq,2026-01
286341,short,2026-01-19 08:30:00,2026-01-19 08:35:00,2026-01-19 14:35:00,4669.206,4667.909,TIMEOUT,1.1370000000004803,360,0.3397325713948059,ml_v3freq,2026-01
286418,short,2026-01-19 14:55:00,2026-01-19 15:00:00,2026-01-19 15:48:00,4666.567,4672.507802136805,SL,-6.100802136805569,48,0.33712986012794843,ml_v3freq,2026-01
286430,long,2026-01-19 15:55:00,2026-01-19 16:00:00,2026-01-19 19:22:00,4674.283,4668.476988631945,SL,-5.966011368055575,202,0.4416360451711093,ml_v3freq,2026-01
286474,short,2026-01-19 23:05:00,2026-01-19 23:10:00,2026-01-20 00:26:00,4670.856,4662.005713194444,TP,8.690286805555637,76,0.3380199942961224,ml_v3freq,2026-01
286494,short,2026-01-20 00:45:00,2026-01-20 00:50:00,2026-01-20 01:03:00,4662.763,4667.277839935069,SL,-4.674839935069481,13,0.3404191701334244,ml_v3freq,2026-01
286499,short,2026-01-20 01:10:00,2026-01-20 01:15:00,2026-01-20 01:35:00,4670.135,4674.676376644445,SL,-4.701376644444474,20,0.33825893033906085,ml_v3freq,2026-01
286506,short,2026-01-20 01:45:00,2026-01-20 01:50:00,2026-01-20 03:40:00,4672.425,4676.958749374306,SL,-4.693749374305583,110,0.3384423934356795,ml_v3freq,2026-01
286532,long,2026-01-20 03:55:00,2026-01-20 04:00:00,2026-01-20 04:34:00,4680.083,4687.564940277777,TP,7.321940277777859,34,0.43594346786684435,ml_v3freq,2026-01
286542,long,2026-01-20 04:45:00,2026-01-20 04:50:00,2026-01-20 05:05:00,4693.078,4700.247822916667,TP,7.009822916666731,15,0.4276205752381735,ml_v3freq,2026-01
286636,long,2026-01-20 12:35:00,2026-01-20 12:40:00,2026-01-20 13:15:00,4725.717,4721.917155130208,SL,-3.959844869791709,35,0.4308773332884351,ml_v3freq,2026-01
286647,long,2026-01-20 13:30:00,2026-01-20 13:35:00,2026-01-20 13:39:00,4723.905,4720.000520254166,SL,-4.064479745833365,4,0.4613393215447686,ml_v3freq,2026-01
286659,long,2026-01-20 14:30:00,2026-01-20 14:35:00,2026-01-20 14:39:00,4731.063,4739.108789583333,TP,7.885789583333381,4,0.45835469162517173,ml_v3freq,2026-01
286662,long,2026-01-20 14:45:00,2026-01-20 14:50:00,2026-01-20 15:01:00,4736.716,4744.907531944445,TP,8.031531944444504,11,0.4426256915628769,ml_v3freq,2026-01
286668,long,2026-01-20 15:15:00,2026-01-20 15:20:00,2026-01-20 15:23:00,4737.866,4733.52233711875,SL,-4.503662881250025,3,0.4521845715789121,ml_v3freq,2026-01
286671,long,2026-01-20 15:30:00,2026-01-20 15:35:00,2026-01-20 15:36:00,4733.401,4728.9622184725695,SL,-4.598781527430574,1,0.42727446076871,ml_v3freq,2026-01
286674,long,2026-01-20 15:45:00,2026-01-20 15:50:00,2026-01-20 15:56:00,4737.56,4733.0583708777785,SL,-4.661629122222239,6,0.4342292850796373,ml_v3freq,2026-01
286728,long,2026-01-20 20:15:00,2026-01-20 20:20:00,2026-01-20 20:22:00,4755.738,4750.895302532639,SL,-5.0026974673611235,2,0.4259219358783216,ml_v3freq,2026-01
286732,long,2026-01-20 20:35:00,2026-01-20 20:40:00,2026-01-20 21:05:00,4750.646,4760.106786805555,TP,9.300786805555582,25,0.4225562304869403,ml_v3freq,2026-01
286870,long,2026-01-21 09:05:00,2026-01-21 09:10:00,2026-01-21 09:26:00,4859.467,4871.931833333333,TP,12.3048333333333,16,0.42421164405126577,ml_v3freq,2026-01
286876,long,2026-01-21 09:35:00,2026-01-21 09:40:00,2026-01-21 09:53:00,4867.08,4860.546850254166,SL,-6.693149745833325,13,0.4424646731044144,ml_v3freq,2026-01
286881,long,2026-01-21 10:00:00,2026-01-21 10:05:00,2026-01-21 10:12:00,4866.416,4859.86239710625,SL,-6.713602893749993,7,0.44503152689894543,ml_v3freq,2026-01
286885,long,2026-01-21 10:20:00,2026-01-21 10:25:00,2026-01-21 11:46:00,4862.478,4855.943564491667,SL,-6.69443550833333,81,0.454040180684696,ml_v3freq,2026-01
286922,long,2026-01-21 13:25:00,2026-01-21 13:30:00,2026-01-21 14:00:00,4867.95,4880.877322222222,TP,12.767322222222209,30,0.42969267541509437,ml_v3freq,2026-01
287025,long,2026-01-21 23:00:00,2026-01-21 23:05:00,2026-01-21 23:09:00,4816.123,4807.144619672569,SL,-9.138380327430562,4,0.43260456937854463,ml_v3freq,2026-01
287029,long,2026-01-21 23:20:00,2026-01-21 23:25:00,2026-01-21 23:27:00,4795.793,4786.62455698993,SL,-9.328443010069451,2,0.43378488384572267,ml_v3freq,2026-01
287032,long,2026-01-21 23:35:00,2026-01-21 23:40:00,2026-01-21 23:58:00,4794.133,4784.885268302431,SL,-9.407731697569453,18,0.4429712632684702,ml_v3freq,2026-01
287038,long,2026-01-22 00:05:00,2026-01-22 00:10:00,2026-01-22 00:24:00,4790.578,4781.150991738542,SL,-9.587008261458351,14,0.4316139540039143,ml_v3freq,2026-01
287043,long,2026-01-22 00:30:00,2026-01-22 00:35:00,2026-01-22 01:03:00,4788.291,4778.780909257986,SL,-9.670090742013908,28,0.4293809357481766,ml_v3freq,2026-01
287061,short,2026-01-22 02:00:00,2026-01-22 02:05:00,2026-01-22 05:05:00,4790.995,4800.812880061459,SL,-9.977880061458348,180,0.33683014668117617,ml_v3freq,2026-01
287100,long,2026-01-22 05:15:00,2026-01-22 05:20:00,2026-01-22 05:52:00,4797.91,4815.699123611111,TP,17.629123611111122,32,0.43174282924993423,ml_v3freq,2026-01
287109,long,2026-01-22 06:00:00,2026-01-22 06:05:00,2026-01-22 12:05:00,4823.027,4825.304,TIMEOUT,2.1170000000000435,360,0.4308341392090809,ml_v3freq,2026-01
287219,short,2026-01-22 15:10:00,2026-01-22 15:15:00,2026-01-22 15:25:00,4839.222,4847.794543680556,SL,-8.732543680555562,10,0.34378422951124693,ml_v3freq,2026-01
287277,long,2026-01-22 20:00:00,2026-01-22 20:05:00,2026-01-22 20:59:00,4921.68,4914.140518867362,SL,-7.699481132638867,54,0.4300016077108154,ml_v3freq,2026-01
287290,long,2026-01-22 21:05:00,2026-01-22 21:10:00,2026-01-22 21:33:00,4919.783,4933.107575,TP,13.164574999999967,23,0.4447903205337059,ml_v3freq,2026-01
287309,long,2026-01-22 23:40:00,2026-01-22 23:45:00,2026-01-22 23:47:00,4938.749,4951.791615972222,TP,12.882615972222172,2,0.4335434791975621,ml_v3freq,2026-01
287393,long,2026-01-23 06:40:00,2026-01-23 06:45:00,2026-01-23 07:44:00,4952.942,4946.59147615,SL,-6.510523849999989,59,0.43618779483607717,ml_v3freq,2026-01
287478,short,2026-01-23 13:45:00,2026-01-23 13:50:00,2026-01-23 14:08:00,4936.806,4943.807409368403,SL,-7.161409368402777,18,0.33760280750850025,ml_v3freq,2026-01
287484,short,2026-01-23 14:15:00,2026-01-23 14:20:00,2026-01-23 14:38:00,4942.146,4949.139551930903,SL,-7.1535519309027675,18,0.33716098807910266,ml_v3freq,2026-01
287491,short,2026-01-23 14:50:00,2026-01-23 14:55:00,2026-01-23 15:00:00,4953.198,4939.777686805556,TP,13.260313194444427,5,0.336761979685815,ml_v3freq,2026-01
287495,short,2026-01-23 15:10:00,2026-01-23 15:15:00,2026-01-23 15:43:00,4952.858,4959.898510040973,SL,-7.200510040972207,28,0.33752599838470165,ml_v3freq,2026-01
287504,short,2026-01-23 15:55:00,2026-01-23 16:00:00,2026-01-23 16:09:00,4960.611,4967.59680560868,SL,-7.145805608680542,9,0.336841185719716,ml_v3freq,2026-01
287535,short,2026-01-23 18:30:00,2026-01-23 18:35:00,2026-01-23 18:48:00,4974.59,4961.350804861111,TP,13.07919513888887,13,0.33745237174724285,ml_v3freq,2026-01
287540,short,2026-01-23 18:55:00,2026-01-23 19:00:00,2026-01-23 19:03:00,4966.818,4973.72501693993,SL,-7.067016939930544,3,0.3387589204618806,ml_v3freq,2026-01
287695,long,2026-01-26 08:50:00,2026-01-26 08:55:00,2026-01-26 09:31:00,5082.922,5098.149827083333,TP,15.06782708333331,36,0.4434320677361502,ml_v3freq,2026-01
287706,long,2026-01-26 09:45:00,2026-01-26 09:50:00,2026-01-26 09:56:00,5083.843,5076.089939429861,SL,-7.913060570138876,6,0.4760341015267624,ml_v3freq,2026-01
287710,long,2026-01-26 10:05:00,2026-01-26 10:10:00,2026-01-26 13:02:00,5082.757,5074.991252446181,SL,-7.925747553819428,172,0.4616912384817131,ml_v3freq,2026-01
287869,long,2026-01-27 00:20:00,2026-01-27 00:25:00,2026-01-27 00:42:00,5047.107,5037.274452721875,SL,-9.992547278125006,17,0.4281087657854964,ml_v3freq,2026-01
287884,short,2026-01-27 01:35:00,2026-01-27 01:40:00,2026-01-27 02:30:00,5060.557,5070.60427755243,SL,-10.207277552430561,50,0.337360541383267,ml_v3freq,2026-01
287948,short,2026-01-27 06:55:00,2026-01-27 07:00:00,2026-01-27 07:31:00,5085.868,5095.499801655209,SL,-9.791801655208339,31,0.3378779740642536,ml_v3freq,2026-01
287960,short,2026-01-27 07:55:00,2026-01-27 08:00:00,2026-01-27 09:52:00,5086.063,5095.561776825694,SL,-9.658776825694451,112,0.33871603027095676,ml_v3freq,2026-01
288003,short,2026-01-27 11:30:00,2026-01-27 11:35:00,2026-01-27 11:51:00,5085.692,5067.624102777778,TP,17.90789722222225,16,0.33707962947348213,ml_v3freq,2026-01
288012,short,2026-01-27 12:15:00,2026-01-27 12:20:00,2026-01-27 12:32:00,5077.118,5086.573652192708,SL,-9.615652192708335,12,0.33955837519444615,ml_v3freq,2026-01
288018,short,2026-01-27 12:45:00,2026-01-27 12:50:00,2026-01-27 14:05:00,5085.062,5066.810196527777,TP,18.091803472222217,75,0.339487620555578,ml_v3freq,2026-01
288039,short,2026-01-27 14:30:00,2026-01-27 14:35:00,2026-01-27 14:36:00,5067.179,5076.851330952778,SL,-9.83233095277779,1,0.3365935419309093,ml_v3freq,2026-01
288042,short,2026-01-27 14:45:00,2026-01-27 14:50:00,2026-01-27 15:24:00,5065.199,5074.975283263541,SL,-9.936283263541677,34,0.33751979811071886,ml_v3freq,2026-01
288051,short,2026-01-27 15:30:00,2026-01-27 15:35:00,2026-01-27 15:59:00,5077.829,5087.786413071528,SL,-10.117413071527793,24,0.34398062681578184,ml_v3freq,2026-01
288058,short,2026-01-27 16:05:00,2026-01-27 16:10:00,2026-01-27 16:18:00,5090.644,5100.549851614236,SL,-10.065851614236124,8,0.34031053041838194,ml_v3freq,2026-01
288062,short,2026-01-27 16:25:00,2026-01-27 16:30:00,2026-01-27 17:17:00,5098.565,5079.511288888889,TP,18.893711111111134,47,0.3404080996047768,ml_v3freq,2026-01
288074,long,2026-01-27 17:25:00,2026-01-27 17:30:00,2026-01-27 17:49:00,5087.447,5077.728718911459,SL,-9.878281088541684,19,0.42763062028026766,ml_v3freq,2026-01
288080,short,2026-01-27 17:55:00,2026-01-27 18:00:00,2026-01-27 18:32:00,5081.31,5090.924110515625,SL,-9.774110515625019,32,0.3364974536347103,ml_v3freq,2026-01
288089,long,2026-01-27 18:40:00,2026-01-27 18:45:00,2026-01-27 20:03:00,5088.285,5106.616492361111,TP,18.171492361111127,78,0.4291060521164609,ml_v3freq,2026-01
288112,long,2026-01-27 20:35:00,2026-01-27 20:40:00,2026-01-27 20:48:00,5143.842,5161.228011805555,TP,17.226011805555565,8,0.429096546132568,ml_v3freq,2026-01
288130,long,2026-01-27 23:15:00,2026-01-27 23:20:00,2026-01-28 00:05:00,5166.654,5157.694751342362,SL,-9.119248657638877,45,0.4285831726719812,ml_v3freq,2026-01
288145,long,2026-01-28 00:30:00,2026-01-28 00:35:00,2026-01-28 01:03:00,5166.37,5182.8434777777775,TP,16.31347777777776,28,0.4358410165521631,ml_v3freq,2026-01
288191,long,2026-01-28 04:20:00,2026-01-28 04:25:00,2026-01-28 05:10:00,5238.207,5254.864330555556,TP,16.49733055555554,45,0.4270396068009482,ml_v3freq,2026-01
288304,long,2026-01-28 13:45:00,2026-01-28 13:50:00,2026-01-28 14:06:00,5266.255,5256.649171540972,SL,-9.765828459027796,16,0.4330749972605354,ml_v3freq,2026-01
288310,long,2026-01-28 14:15:00,2026-01-28 14:20:00,2026-01-28 14:31:00,5266.018,5256.342172884375,SL,-9.835827115625017,11,0.4546041756835516,ml_v3freq,2026-01
288316,long,2026-01-28 14:45:00,2026-01-28 14:50:00,2026-01-28 15:02:00,5277.489,5296.237674999999,TP,18.588675000000023,12,0.4275959377909201,ml_v3freq,2026-01
288326,long,2026-01-28 15:35:00,2026-01-28 15:40:00,2026-01-28 16:46:00,5274.449,5293.931596527777,TP,19.32259652777779,66,0.42279695233681774,ml_v3freq,2026-01
288342,long,2026-01-28 16:55:00,2026-01-28 17:00:00,2026-01-28 17:19:00,5299.821,5289.899635899305,SL,-10.081364100694442,19,0.42237746435570916,ml_v3freq,2026-01
288511,long,2026-01-29 08:00:00,2026-01-29 08:05:00,2026-01-29 08:39:00,5532.485,5517.075338826041,SL,-15.569661173958345,34,0.4233567567625872,ml_v3freq,2026-01
288520,long,2026-01-29 08:45:00,2026-01-29 08:50:00,2026-01-29 10:57:00,5506.24,5490.405437972222,SL,-15.994562027777786,127,0.44014761249412526,ml_v3freq,2026-01
288660,long,2026-01-29 20:25:00,2026-01-29 20:30:00,2026-01-29 20:46:00,5318.287,5363.3979618055555,TP,44.95096180555557,16,0.44817873043653583,ml_v3freq,2026-01
288666,long,2026-01-29 20:55:00,2026-01-29 21:00:00,2026-01-29 23:06:00,5394.432,5439.795495833333,TP,45.203495833333356,63,0.44735992143483816,ml_v3freq,2026-01
288682,long,2026-01-29 23:15:00,2026-01-29 23:20:00,2026-01-29 23:50:00,5400.161,5446.240359027778,TP,45.91935902777778,30,0.4356771461271355,ml_v3freq,2026-01
288718,short,2026-01-30 02:15:00,2026-01-30 02:20:00,2026-01-30 02:24:00,5146.225,5170.10713761007,SL,-24.042137610069446,4,0.33904120412278665,ml_v3freq,2026-01
288735,short,2026-01-30 03:40:00,2026-01-30 03:45:00,2026-01-30 03:54:00,5154.633,5179.602547434028,SL,-25.129547434027778,9,0.33836107042241587,ml_v3freq,2026-01
288768,short,2026-01-30 06:25:00,2026-01-30 06:30:00,2026-01-30 07:12:00,5157.177,5183.044509677778,SL,-26.0275096777778,42,0.33840583058691553,ml_v3freq,2026-01
288781,short,2026-01-30 07:30:00,2026-01-30 07:35:00,2026-01-30 07:58:00,5151.387,5177.74020249375,SL,-26.513202493750015,23,0.3443914333233886,ml_v3freq,2026-01
288788,short,2026-01-30 08:05:00,2026-01-30 08:10:00,2026-01-30 08:33:00,5147.428,5096.0402395833335,TP,51.227760416666705,23,0.3443914333233886,ml_v3freq,2026-01
288795,short,2026-01-30 08:40:00,2026-01-30 08:45:00,2026-01-30 08:49:00,5096.349,5123.665036217709,SL,-27.47603621770835,4,0.3450191487489409,ml_v3freq,2026-01
288798,short,2026-01-30 08:55:00,2026-01-30 09:00:00,2026-01-30 09:09:00,5117.273,5064.3001625,TP,52.81283750000005,9,0.337376621542128,ml_v3freq,2026-01
288802,short,2026-01-30 09:15:00,2026-01-30 09:20:00,2026-01-30 09:42:00,5068.793,5014.951131944444,TP,53.68186805555559,22,0.3449884818634743,ml_v3freq,2026-01
288809,short,2026-01-30 09:50:00,2026-01-30 09:55:00,2026-01-30 09:57:00,4988.233,5016.870153218056,SL,-28.797153218055566,2,0.34492555455548235,ml_v3freq,2026-01
288856,short,2026-01-30 13:45:00,2026-01-30 13:50:00,2026-01-30 14:00:00,4994.623,5026.1991324732635,SL,-31.73613247326392,10,0.3465965906110108,ml_v3freq,2026-01
288871,short,2026-01-30 15:00:00,2026-01-30 15:05:00,2026-01-30 15:11:00,4985.519,5018.346230975,SL,-32.98723097500004,6,0.3439903936663746,ml_v3freq,2026-01
288885,long,2026-01-30 16:10:00,2026-01-30 16:15:00,2026-01-30 16:22:00,5030.34,4997.847614914584,SL,-32.65238508541669,7,0.429099329288653,ml_v3freq,2026-01
288889,short,2026-01-30 16:30:00,2026-01-30 16:35:00,2026-01-30 17:12:00,4987.073,4927.632811805556,TP,59.280188194444506,37,0.34159222234067077,ml_v3freq,2026-01
288899,short,2026-01-30 17:20:00,2026-01-30 17:25:00,2026-01-30 17:43:00,4922.13,4864.277944444444,TP,57.69205555555563,18,0.3411605062830214,ml_v3freq,2026-01
288905,short,2026-01-30 17:50:00,2026-01-30 17:55:00,2026-01-30 17:57:00,4813.107,4843.2658650420135,SL,-30.318865042013922,2,0.34115536538240954,ml_v3freq,2026-01
288908,short,2026-01-30 18:05:00,2026-01-30 18:10:00,2026-01-30 18:18:00,4813.125,4754.304119444444,TP,58.66088055555562,8,0.34152352837202593,ml_v3freq,2026-01
288912,short,2026-01-30 18:25:00,2026-01-30 18:30:00,2026-01-30 18:39:00,4742.628,4682.8764125,TP,59.59158750000007,9,0.3392785764794039,ml_v3freq,2026-01
288927,long,2026-01-30 19:40:00,2026-01-30 19:45:00,2026-01-30 20:01:00,4926.427,4894.0848784857635,SL,-32.50212151423613,16,0.4295148270094713,ml_v3freq,2026-01
288933,long,2026-01-30 20:10:00,2026-01-30 20:15:00,2026-01-30 20:32:00,4899.415,4866.840945185417,SL,-32.73405481458336,17,0.45357795724157085,ml_v3freq,2026-01
288940,long,2026-01-30 20:45:00,2026-01-30 20:50:00,2026-01-30 20:55:00,4863.138,4830.3635527503475,SL,-32.9344472496528,5,0.43434581509187054,ml_v3freq,2026-01
288944,long,2026-01-30 21:05:00,2026-01-30 21:10:00,2026-02-01 23:01:00,4844.482,4811.420458651389,SL,-33.22154134861113,48,0.49076418814828265,ml_v3freq,2026-01
288967,long,2026-02-02 00:05:00,2026-02-02 00:10:00,2026-02-02 00:47:00,4818.721,4784.188645561458,SL,-34.692354438541685,37,0.40340991336868554,ml_v3freq,2026-02
288977,short,2026-02-02 00:55:00,2026-02-02 01:00:00,2026-02-02 01:08:00,4766.877,4699.372566666667,TP,67.34443333333337,8,0.3484771551539354,ml_v3freq,2026-02
288981,short,2026-02-02 01:15:00,2026-02-02 01:20:00,2026-02-02 01:35:00,4678.252,4714.358921419098,SL,-36.26692141909724,15,0.3510223787166067,ml_v3freq,2026-02
288988,long,2026-02-02 01:50:00,2026-02-02 01:55:00,2026-02-02 02:10:00,4736.093,4699.365563248958,SL,-36.88743675104168,15,0.39997365012585373,ml_v3freq,2026-02
288994,long,2026-02-02 02:20:00,2026-02-02 02:25:00,2026-02-02 03:15:00,4725.667,4689.065107639237,SL,-36.7618923607639,50,0.42679865944925643,ml_v3freq,2026-02
289008,short,2026-02-02 03:30:00,2026-02-02 03:35:00,2026-02-02 04:05:00,4673.117,4603.7438881944445,TP,69.21311180555557,30,0.3517462268146435,ml_v3freq,2026-02
289018,short,2026-02-02 04:20:00,2026-02-02 04:25:00,2026-02-02 05:37:00,4680.979,4611.429567361111,TP,69.38943263888892,72,0.35083959813728494,ml_v3freq,2026-02
289035,short,2026-02-02 05:45:00,2026-02-02 05:50:00,2026-02-02 06:23:00,4553.495,4483.062007638889,TP,70.27299236111114,33,0.3540881668667007,ml_v3freq,2026-02
289044,short,2026-02-02 06:30:00,2026-02-02 06:35:00,2026-02-02 06:56:00,4468.879,4506.776103627778,SL,-38.05710362777778,21,0.34823151270875763,ml_v3freq,2026-02
289058,long,2026-02-02 07:40:00,2026-02-02 07:45:00,2026-02-02 09:12:00,4582.996,4657.761426388889,TP,74.60542638888894,87,0.40934485203769644,ml_v3freq,2026-02
289078,long,2026-02-02 09:20:00,2026-02-02 09:25:00,2026-02-02 09:55:00,4649.207,4724.7699951388895,TP,75.40299513888894,30,0.4289255583318801,ml_v3freq,2026-02
289087,long,2026-02-02 10:05:00,2026-02-02 10:10:00,2026-02-02 10:27:00,4713.946,4674.86129231493,SL,-39.244707685069464,17,0.41622371111193446,ml_v3freq,2026-02
289097,long,2026-02-02 10:55:00,2026-02-02 11:00:00,2026-02-02 11:46:00,4705.763,4779.168276388888,TP,73.24527638888895,46,0.39929352622786235,ml_v3freq,2026-02
289157,long,2026-02-02 15:55:00,2026-02-02 16:00:00,2026-02-02 16:13:00,4620.053,4694.163414583333,TP,73.9504145833334,13,0.3982017743541138,ml_v3freq,2026-02
289168,long,2026-02-02 16:50:00,2026-02-02 16:55:00,2026-02-02 18:16:00,4666.004,4627.467257307291,SL,-38.69674269270835,81,0.4111383456503198,ml_v3freq,2026-02
289212,long,2026-02-02 20:30:00,2026-02-02 20:35:00,2026-02-02 23:18:00,4666.29,4733.665985416666,TP,67.21598541666674,100,0.39914884928980976,ml_v3freq,2026-02
289274,short,2026-02-03 02:40:00,2026-02-03 02:45:00,2026-02-03 03:00:00,4755.265,4786.459292757986,SL,-31.43429275798614,15,0.34667421797759346,ml_v3freq,2026-02
289280,short,2026-02-03 03:10:00,2026-02-03 03:15:00,2026-02-03 03:38:00,4768.306,4799.215861457291,SL,-31.069861457291687,23,0.34728421568246215,ml_v3freq,2026-02
289444,long,2026-02-03 16:50:00,2026-02-03 16:55:00,2026-02-03 17:11:00,4953.877,4934.177725590625,SL,-19.939274409375024,16,0.4004295733034788,ml_v3freq,2026-02
289450,long,2026-02-03 17:20:00,2026-02-03 17:25:00,2026-02-03 17:41:00,4953.559,4934.20758784132,SL,-19.591412158680576,16,0.39999558654259015,ml_v3freq,2026-02
289456,long,2026-02-03 17:50:00,2026-02-03 17:55:00,2026-02-03 18:24:00,4939.333,4920.0763532996525,SL,-19.49664670034725,29,0.40202479325678875,ml_v3freq,2026-02
289518,long,2026-02-04 00:00:00,2026-02-04 00:05:00,2026-02-04 00:15:00,4957.552,4992.229072222222,TP,34.437072222222255,10,0.4146808393164838,ml_v3freq,2026-02
289523,long,2026-02-04 00:25:00,2026-02-04 00:30:00,2026-02-04 00:57:00,4981.43,5015.71418125,TP,34.04418125000004,27,0.39901284503595547,ml_v3freq,2026-02
289531,long,2026-02-04 01:05:00,2026-02-04 01:10:00,2026-02-04 01:38:00,5031.491,5013.802297015972,SL,-17.928702984027797,28,0.4113083050368146,ml_v3freq,2026-02
289539,long,2026-02-04 01:45:00,2026-02-04 01:50:00,2026-02-04 05:05:00,5047.644,5081.668344444444,TP,33.784344444444486,195,0.3987321266197704,ml_v3freq,2026-02
289703,short,2026-02-04 15:25:00,2026-02-04 15:30:00,2026-02-04 15:32:00,4958.128,4928.077474305555,TP,29.81052569444441,2,0.3440477749656633,ml_v3freq,2026-02
289752,long,2026-02-04 19:30:00,2026-02-04 19:35:00,2026-02-04 20:30:00,4931.389,4915.017493234375,SL,-16.531506765624982,55,0.3987618590461305,ml_v3freq,2026-02
289780,long,2026-02-04 21:50:00,2026-02-04 21:55:00,2026-02-04 23:02:00,4963.18,4993.714808333333,TP,30.294808333333318,4,0.40296926535348415,ml_v3freq,2026-02
289794,long,2026-02-05 00:00:00,2026-02-05 00:05:00,2026-02-05 00:14:00,5016.664,5000.739406818402,SL,-16.164593181597223,9,0.4011545992821423,ml_v3freq,2026-02
289827,short,2026-02-05 02:45:00,2026-02-05 02:50:00,2026-02-05 02:51:00,4852.085,4820.788052083333,TP,31.05694791666666,1,0.3461764647294662,ml_v3freq,2026-02
289891,long,2026-02-05 08:05:00,2026-02-05 08:10:00,2026-02-05 08:54:00,4922.011,4903.389861257292,SL,-18.78113874270834,44,0.4077985669973818,ml_v3freq,2026-02
289903,long,2026-02-05 09:05:00,2026-02-05 09:10:00,2026-02-05 09:20:00,4879.335,4860.475165798611,SL,-19.099834201388887,10,0.39839668694902053,ml_v3freq,2026-02
289908,long,2026-02-05 09:30:00,2026-02-05 09:35:00,2026-02-05 09:55:00,4883.933,4864.914223330556,SL,-19.17877666944445,20,0.41618933600385544,ml_v3freq,2026-02
289915,long,2026-02-05 10:05:00,2026-02-05 10:10:00,2026-02-05 12:11:00,4860.879,4841.704955603472,SL,-19.414044396527775,121,0.41517333076208196,ml_v3freq,2026-02
289996,short,2026-02-05 16:50:00,2026-02-05 16:55:00,2026-02-05 17:22:00,4903.492,4863.900998611111,TP,39.35100138888896,27,0.34498058599050285,ml_v3freq,2026-02
290006,short,2026-02-05 17:40:00,2026-02-05 17:45:00,2026-02-05 19:33:00,4870.678,4831.809820833333,TP,38.70817916666674,108,0.3488374393748278,ml_v3freq,2026-02
290030,long,2026-02-05 19:40:00,2026-02-05 19:45:00,2026-02-05 20:00:00,4837.375,4817.889368522569,SL,-19.645631477430594,15,0.4164248121755505,ml_v3freq,2026-02
290036,long,2026-02-05 20:10:00,2026-02-05 20:15:00,2026-02-05 20:23:00,4833.359,4813.881952177778,SL,-19.637047822222254,8,0.42895624983089387,ml_v3freq,2026-02
290040,long,2026-02-05 20:30:00,2026-02-05 20:35:00,2026-02-05 20:54:00,4821.575,4802.076947421875,SL,-19.658052578125037,19,0.402536561068636,ml_v3freq,2026-02
290071,short,2026-02-06 00:05:00,2026-02-06 00:10:00,2026-02-06 00:26:00,4688.506,4708.536620167709,SL,-20.222620167708353,16,0.34430552153116495,ml_v3freq,2026-02
290103,long,2026-02-06 02:45:00,2026-02-06 02:50:00,2026-02-06 03:23:00,4826.26,4804.815429985764,SL,-21.60457001423613,33,0.40098095878565254,ml_v3freq,2026-02
290122,long,2026-02-06 04:20:00,2026-02-06 04:25:00,2026-02-06 05:33:00,4815.057,4853.8498291666665,TP,38.63282916666675,68,0.4182290652936492,ml_v3freq,2026-02
290149,short,2026-02-06 06:35:00,2026-02-06 06:40:00,2026-02-06 07:25:00,4840.472,4860.057651101041,SL,-19.777651101041688,45,0.34312514635421554,ml_v3freq,2026-02
290164,short,2026-02-06 07:50:00,2026-02-06 07:55:00,2026-02-06 08:25:00,4849.446,4868.5802889375,SL,-19.326288937500014,30,0.344432108304071,ml_v3freq,2026-02
290241,long,2026-02-06 14:15:00,2026-02-06 14:20:00,2026-02-06 14:24:00,4921.428,4903.404387631945,SL,-18.21561236805555,4,0.40028837055179967,ml_v3freq,2026-02
290284,short,2026-02-06 17:50:00,2026-02-06 17:55:00,2026-02-08 23:03:00,4958.112,4974.557624624305,SL,-16.605624624305534,244,0.34608222607720873,ml_v3freq,2026-02
290356,long,2026-02-09 00:50:00,2026-02-09 00:55:00,2026-02-09 01:07:00,5020.693,5005.8860796819445,SL,-15.04692031805552,12,0.40291121201755054,ml_v3freq,2026-02
290402,short,2026-02-09 04:40:00,2026-02-09 04:45:00,2026-02-09 05:29:00,5018.876,5031.735379034028,SL,-13.099379034027715,44,0.3432037927727152,ml_v3freq,2026-02
290441,short,2026-02-09 07:55:00,2026-02-09 08:00:00,2026-02-09 08:06:00,5006.531,5018.756521931944,SL,-12.4655219319444,6,0.3464645720857082,ml_v3freq,2026-02
290458,short,2026-02-09 09:20:00,2026-02-09 09:25:00,2026-02-09 10:01:00,5025.078,5001.920792361112,TP,22.91720763888883,36,0.34325018199990154,ml_v3freq,2026-02
290468,short,2026-02-09 10:10:00,2026-02-09 10:15:00,2026-02-09 10:27:00,5010.228,4987.442134027778,TP,22.545865972222153,12,0.34610162882761364,ml_v3freq,2026-02
290494,short,2026-02-09 12:20:00,2026-02-09 12:25:00,2026-02-09 14:30:00,5014.185,5025.821229993056,SL,-11.876229993055524,125,0.3476294456000766,ml_v3freq,2026-02
290538,long,2026-02-09 16:00:00,2026-02-09 16:05:00,2026-02-09 17:51:00,5066.827,5055.850266959375,SL,-11.216733040624959,106,0.3993316385429829,ml_v3freq,2026-02
290610,short,2026-02-09 23:00:00,2026-02-09 23:05:00,2026-02-09 23:09:00,5056.751,5036.924844444445,TP,19.466155555555503,4,0.3501086590937842,ml_v3freq,2026-02
290613,short,2026-02-09 23:15:00,2026-02-09 23:20:00,2026-02-09 23:21:00,5011.757,5022.390819388194,SL,-10.99381938819442,1,0.3436726167196341,ml_v3freq,2026-02
290616,short,2026-02-09 23:30:00,2026-02-09 23:35:00,2026-02-09 23:43:00,5022.255,5033.065441090625,SL,-11.050441090624975,8,0.3445363774293967,ml_v3freq,2026-02
290620,short,2026-02-09 23:50:00,2026-02-09 23:55:00,2026-02-10 00:04:00,5034.914,5045.814686538194,SL,-11.140686538194416,9,0.34592303021108073,ml_v3freq,2026-02
290627,short,2026-02-10 00:25:00,2026-02-10 00:30:00,2026-02-10 00:47:00,5034.126,5013.563913888889,TP,20.322086111111048,17,0.34629567236094183,ml_v3freq,2026-02
290633,short,2026-02-10 00:55:00,2026-02-10 01:00:00,2026-02-10 01:08:00,5018.533,5029.140862065626,SL,-10.847862065624964,8,0.344348156965939,ml_v3freq,2026-02
290637,short,2026-02-10 01:15:00,2026-02-10 01:20:00,2026-02-10 02:07:00,5031.173,5041.752142734722,SL,-10.819142734722186,47,0.3525410568127226,ml_v3freq,2026-02
290649,short,2026-02-10 02:15:00,2026-02-10 02:20:00,2026-02-10 02:23:00,5041.604,5051.95760253125,SL,-10.593602531249962,3,0.34757344987655886,ml_v3freq,2026-02
290670,short,2026-02-10 04:00:00,2026-02-10 04:05:00,2026-02-10 04:49:00,5022.409,5032.291207870486,SL,-10.122207870486069,44,0.34655831466540904,ml_v3freq,2026-02
290682,short,2026-02-10 05:00:00,2026-02-10 05:05:00,2026-02-10 05:27:00,5031.496,5012.641327777778,TP,18.614672222222154,22,0.34471587031252504,ml_v3freq,2026-02
290689,short,2026-02-10 05:35:00,2026-02-10 05:40:00,2026-02-10 05:53:00,5028.837,5038.621430394445,SL,-10.024430394444412,13,0.34790451400594036,ml_v3freq,2026-02
290694,short,2026-02-10 06:00:00,2026-02-10 06:05:00,2026-02-10 06:54:00,5039.048,5020.26625625,TP,18.541743749999934,49,0.3500758678593385,ml_v3freq,2026-02
290706,short,2026-02-10 07:00:00,2026-02-10 07:05:00,2026-02-10 08:05:00,5029.055,5038.803952873612,SL,-9.98895287361107,60,0.34957482890427116,ml_v3freq,2026-02
290723,short,2026-02-10 08:25:00,2026-02-10 08:30:00,2026-02-10 08:41:00,5035.579,5045.0776220579855,SL,-9.738622057986069,11,0.34508973775595353,ml_v3freq,2026-02
290736,short,2026-02-10 09:30:00,2026-02-10 09:35:00,2026-02-10 10:39:00,5046.551,5056.057281075347,SL,-9.746281075347163,64,0.3436312031027594,ml_v3freq,2026-02
290766,short,2026-02-10 12:00:00,2026-02-10 12:05:00,2026-02-10 12:44:00,5052.142,5034.650097916667,TP,17.25190208333324,39,0.3434668864202953,ml_v3freq,2026-02
290776,short,2026-02-10 12:50:00,2026-02-10 12:55:00,2026-02-10 13:08:00,5028.585,5037.738736109375,SL,-9.393736109374956,13,0.3452385608601797,ml_v3freq,2026-02
290781,short,2026-02-10 13:15:00,2026-02-10 13:20:00,2026-02-10 13:32:00,5045.428,5054.614983387847,SL,-9.42698338784718,12,0.3447636807978127,ml_v3freq,2026-02
290789,short,2026-02-10 13:55:00,2026-02-10 14:00:00,2026-02-10 14:16:00,5051.032,5060.265096228125,SL,-9.473096228124954,16,0.3433405275818212,ml_v3freq,2026-02
290796,long,2026-02-10 14:30:00,2026-02-10 14:35:00,2026-02-10 14:36:00,5074.875,5065.699505138195,SL,-9.415494861805513,1,0.39902037994896594,ml_v3freq,2026-02
290800,short,2026-02-10 14:50:00,2026-02-10 14:55:00,2026-02-10 15:36:00,5040.629,5022.660072222222,TP,17.728927777777685,41,0.34323207376935494,ml_v3freq,2026-02
290811,short,2026-02-10 15:45:00,2026-02-10 15:50:00,2026-02-10 16:07:00,5025.684,5007.4918333333335,TP,17.952166666666578,17,0.3431555102021512,ml_v3freq,2026-02
290817,short,2026-02-10 16:15:00,2026-02-10 16:20:00,2026-02-10 17:15:00,5017.955,5027.45316966007,SL,-9.738169660069396,55,0.34304489888260925,ml_v3freq,2026-02
290886,short,2026-02-10 23:00:00,2026-02-10 23:05:00,2026-02-10 23:18:00,5033.269,5042.634946447917,SL,-9.865946447916649,13,0.34665993972339726,ml_v3freq,2026-02
290891,short,2026-02-10 23:25:00,2026-02-10 23:30:00,2026-02-11 00:16:00,5046.812,5028.856745833334,TP,17.71525416666663,46,0.34920420342662084,ml_v3freq,2026-02
290906,short,2026-02-11 00:40:00,2026-02-11 00:45:00,2026-02-11 01:55:00,5041.311,5050.075753269097,SL,-9.004753269097202,70,0.3471634096289834,ml_v3freq,2026-02
290923,short,2026-02-11 02:05:00,2026-02-11 02:10:00,2026-02-11 02:42:00,5041.026,5049.552871332986,SL,-8.766871332986089,32,0.3483894672977672,ml_v3freq,2026-02
290935,short,2026-02-11 03:05:00,2026-02-11 03:10:00,2026-02-11 05:35:00,5053.194,5061.52859825,SL,-8.574598249999989,145,0.34348050029417604,ml_v3freq,2026-02
291006,short,2026-02-11 09:00:00,2026-02-11 09:05:00,2026-02-11 09:35:00,5052.796,5060.540905502431,SL,-7.984905502430541,30,0.34514286576708103,ml_v3freq,2026-02
291060,short,2026-02-11 13:30:00,2026-02-11 13:35:00,2026-02-11 13:38:00,5049.703,5058.168253943056,SL,-8.705253943055544,3,0.34385314523482813,ml_v3freq,2026-02
291072,short,2026-02-11 14:30:00,2026-02-11 14:35:00,2026-02-11 14:38:00,5069.477,5053.004683333334,TP,16.23231666666666,3,0.3434380380774975,ml_v3freq,2026-02
291075,short,2026-02-11 14:45:00,2026-02-11 14:50:00,2026-02-11 14:53:00,5047.567,5056.239491872917,SL,-8.912491872916657,3,0.3439385030584572,ml_v3freq,2026-02
291080,short,2026-02-11 15:10:00,2026-02-11 15:15:00,2026-02-11 15:24:00,5067.508,5050.5360083333335,TP,16.73199166666665,9,0.34428423506703,ml_v3freq,2026-02
291086,short,2026-02-11 15:40:00,2026-02-11 15:45:00,2026-02-11 15:52:00,5048.632,5057.514408474653,SL,-9.122408474652762,7,0.34434220972855,ml_v3freq,2026-02
291132,long,2026-02-11 19:30:00,2026-02-11 19:35:00,2026-02-11 19:57:00,5087.361,5078.810969068402,SL,-8.790030931597201,22,0.4001579853189527,ml_v3freq,2026-02
291218,short,2026-02-12 03:40:00,2026-02-12 03:45:00,2026-02-12 05:06:00,5065.318,5074.117068047917,SL,-9.039068047916617,81,0.3432710447372631,ml_v3freq,2026-02
291249,short,2026-02-12 06:15:00,2026-02-12 06:20:00,2026-02-12 06:35:00,5065.918,5048.7660819444445,TP,16.911918055555468,15,0.34764192968132923,ml_v3freq,2026-02
291255,short,2026-02-12 06:45:00,2026-02-12 06:50:00,2026-02-12 07:08:00,5055.381,5064.333673014236,SL,-9.192673014236064,18,0.3453777696917817,ml_v3freq,2026-02
291261,short,2026-02-12 07:15:00,2026-02-12 07:20:00,2026-02-12 08:06:00,5061.828,5070.757676120139,SL,-9.16967612013884,46,0.34534512916244753,ml_v3freq,2026-02
291273,short,2026-02-12 08:15:00,2026-02-12 08:20:00,2026-02-12 09:05:00,5065.666,5074.5193359559025,SL,-9.093335955902733,45,0.3446936056915689,ml_v3freq,2026-02
291295,short,2026-02-12 10:05:00,2026-02-12 10:10:00,2026-02-12 12:50:00,5069.575,5052.511494444444,TP,16.823505555555467,160,0.34588159369498106,ml_v3freq,2026-02
291336,short,2026-02-12 13:30:00,2026-02-12 13:35:00,2026-02-12 13:47:00,5072.52,5080.914279059375,SL,-8.634279059374967,12,0.3468571922788052,ml_v3freq,2026-02
291345,short,2026-02-12 14:15:00,2026-02-12 14:20:00,2026-02-12 14:32:00,5058.223,5066.482039861111,SL,-8.499039861111076,12,0.34553940831090135,ml_v3freq,2026-02
291350,short,2026-02-12 14:40:00,2026-02-12 14:45:00,2026-02-12 14:56:00,5056.156,5040.86950625,TP,15.046493749999936,11,0.34766634675105323,ml_v3freq,2026-02
291356,short,2026-02-12 15:10:00,2026-02-12 15:15:00,2026-02-12 15:45:00,5064.852,5072.827338746528,SL,-8.215338746527742,30,0.3515072407570644,ml_v3freq,2026-02
291365,short,2026-02-12 15:55:00,2026-02-12 16:00:00,2026-02-12 16:04:00,5060.516,5068.21433232743,SL,-7.938332327430528,4,0.3484348597374721,ml_v3freq,2026-02
291417,long,2026-02-12 20:15:00,2026-02-12 20:20:00,2026-02-12 20:24:00,4937.805,4928.215037215278,SL,-9.749962784722234,4,0.40878880078459057,ml_v3freq,2026-02
291427,long,2026-02-12 21:05:00,2026-02-12 21:10:00,2026-02-12 23:00:00,4912.64,4902.873871879167,SL,-9.926128120833347,48,0.3985505194754225,ml_v3freq,2026-02
291440,long,2026-02-12 23:10:00,2026-02-12 23:15:00,2026-02-13 00:06:00,4910.583,4929.892079166666,TP,18.94907916666672,51,0.42275520632966546,ml_v3freq,2026-02
291454,long,2026-02-13 00:20:00,2026-02-13 00:25:00,2026-02-13 00:50:00,4940.72,4930.598795072223,SL,-10.361204927777807,25,0.40524825147089627,ml_v3freq,2026-02
291507,long,2026-02-13 04:45:00,2026-02-13 04:50:00,2026-02-13 05:43:00,4973.948,4963.544653539931,SL,-10.64334646006949,53,0.402971558631285,ml_v3freq,2026-02
291539,long,2026-02-13 07:25:00,2026-02-13 07:30:00,2026-02-13 08:10:00,4968.346,4989.289274305555,TP,20.703274305555663,40,0.41476940991983935,ml_v3freq,2026-02
291550,long,2026-02-13 08:20:00,2026-02-13 08:25:00,2026-02-13 09:29:00,4978.397,4967.368820585763,SL,-11.26817941423617,64,0.4125072793129285,ml_v3freq,2026-02
291566,long,2026-02-13 09:40:00,2026-02-13 09:45:00,2026-02-13 10:48:00,4970.966,4959.789644394445,SL,-11.416355605555621,63,0.4039677226988492,ml_v3freq,2026-02
291705,long,2026-02-13 21:15:00,2026-02-13 21:20:00,2026-02-15 23:01:00,5032.498,5022.390557493055,SL,-10.347442506944454,38,0.4029784064402257,ml_v3freq,2026-02
291716,short,2026-02-15 23:10:00,2026-02-15 23:15:00,2026-02-16 00:03:00,5022.665,5003.441942361111,TP,18.863057638888918,48,0.3473187722727708,ml_v3freq,2026-02
291728,short,2026-02-16 00:10:00,2026-02-16 00:15:00,2026-02-16 01:19:00,5017.447,5027.404881343055,SL,-10.19788134305557,64,0.34381679847377056,ml_v3freq,2026-02
291747,short,2026-02-16 01:45:00,2026-02-16 01:50:00,2026-02-16 02:37:00,5028.45,5010.081459027778,TP,18.12854097222225,47,0.3446435337252741,ml_v3freq,2026-02
291759,short,2026-02-16 02:45:00,2026-02-16 02:50:00,2026-02-16 03:49:00,4998.908,4981.047949305555,TP,17.620050694444465,59,0.35505816000253676,ml_v3freq,2026-02
291773,short,2026-02-16 03:55:00,2026-02-16 04:00:00,2026-02-16 05:03:00,4987.693,4970.0232875,TP,17.42971250000004,63,0.3529846672051846,ml_v3freq,2026-02
291788,short,2026-02-16 05:10:00,2026-02-16 05:15:00,2026-02-16 06:03:00,4983.343,4992.530983425347,SL,-9.42798342534725,48,0.3467918932783991,ml_v3freq,2026-02
291864,short,2026-02-16 11:30:00,2026-02-16 11:35:00,2026-02-16 14:37:00,5003.924,4988.456090277778,TP,15.22790972222224,182,0.34311321116873206,ml_v3freq,2026-02
291903,short,2026-02-16 14:45:00,2026-02-16 14:50:00,2026-02-16 15:03:00,4986.825,4972.752577777777,TP,13.832422222222304,13,0.3489562235095981,ml_v3freq,2026-02
291934,long,2026-02-16 17:20:00,2026-02-16 17:25:00,2026-02-16 23:12:00,4993.083,4986.779132661458,SL,-6.5438673385417045,136,0.4061605215751096,ml_v3freq,2026-02
291966,long,2026-02-16 23:30:00,2026-02-16 23:35:00,2026-02-17 00:04:00,4991.351,4985.4909747017355,SL,-6.100025298263915,29,0.3989004345617114,ml_v3freq,2026-02
291976,short,2026-02-17 00:20:00,2026-02-17 00:25:00,2026-02-17 00:52:00,4976.71,4965.460865277778,TP,11.009134722222267,27,0.34612082997665083,ml_v3freq,2026-02
291984,short,2026-02-17 01:00:00,2026-02-17 01:05:00,2026-02-17 01:06:00,4934.278,4940.285522892708,SL,-6.247522892708366,1,0.3504927069413093,ml_v3freq,2026-02
291999,long,2026-02-17 02:15:00,2026-02-17 02:20:00,2026-02-17 02:32:00,4968.187,4962.118165284375,SL,-6.308834715625029,12,0.40018082310814074,ml_v3freq,2026-02
292005,long,2026-02-17 02:45:00,2026-02-17 02:50:00,2026-02-17 03:16:00,4962.355,4956.455437504861,SL,-6.1395624951389145,26,0.4008453387154584,ml_v3freq,2026-02
292025,long,2026-02-17 04:25:00,2026-02-17 04:30:00,2026-02-17 04:32:00,4959.492,4953.777166654167,SL,-5.954833345833351,2,0.4029816912425921,ml_v3freq,2026-02
292028,long,2026-02-17 04:40:00,2026-02-17 04:45:00,2026-02-17 05:06:00,4952.427,4946.743644024999,SL,-5.923355975000018,21,0.41079332102448074,ml_v3freq,2026-02
292035,short,2026-02-17 05:15:00,2026-02-17 05:20:00,2026-02-17 05:22:00,4900.987,4889.676998611111,TP,11.070001388888913,2,0.34384956043188475,ml_v3freq,2026-02
292092,long,2026-02-17 10:00:00,2026-02-17 10:05:00,2026-02-17 10:32:00,4927.593,4921.157897581597,SL,-6.595102418402799,27,0.4080802179877644,ml_v3freq,2026-02
292111,long,2026-02-17 11:35:00,2026-02-17 11:40:00,2026-02-17 12:15:00,4926.869,4939.422169444444,TP,12.393169444444492,35,0.39814367626046687,ml_v3freq,2026-02
292139,short,2026-02-17 13:55:00,2026-02-17 14:00:00,2026-02-17 14:01:00,4870.703,4857.304923611112,TP,13.158076388888926,1,0.34609901972115376,ml_v3freq,2026-02
292190,long,2026-02-17 18:10:00,2026-02-17 18:15:00,2026-02-17 18:24:00,4867.207,4883.904365972223,TP,16.53736597222221,9,0.40329985274430796,ml_v3freq,2026-02
292194,long,2026-02-17 18:30:00,2026-02-17 18:35:00,2026-02-17 18:55:00,4881.643,4898.3846791666665,TP,16.581679166666667,20,0.4043536370559938,ml_v3freq,2026-02
292203,long,2026-02-17 19:15:00,2026-02-17 19:20:00,2026-02-17 19:30:00,4890.298,4881.465688642013,SL,-8.992311357986114,10,0.40145013773510163,ml_v3freq,2026-02
292208,long,2026-02-17 19:40:00,2026-02-17 19:45:00,2026-02-17 20:02:00,4884.452,4875.571290001736,SL,-9.040709998263894,17,0.4178788197165081,ml_v3freq,2026-02
292214,long,2026-02-17 20:10:00,2026-02-17 20:15:00,2026-02-17 23:02:00,4879.698,4870.8118572583335,SL,-9.04614274166667,103,0.44685557219821015,ml_v3freq,2026-02
292240,long,2026-02-17 23:20:00,2026-02-17 23:25:00,2026-02-17 23:50:00,4872.532,4863.26560887257,SL,-9.626391127430557,25,0.3990358062250115,ml_v3freq,2026-02
292253,long,2026-02-18 00:25:00,2026-02-18 00:30:00,2026-02-18 01:03:00,4870.161,4888.423368055555,TP,18.10236805555557,33,0.40128731099245707,ml_v3freq,2026-02
292268,long,2026-02-18 01:40:00,2026-02-18 01:45:00,2026-02-18 02:34:00,4885.945,4904.396155555555,TP,18.291155555555576,49,0.4070993548240657,ml_v3freq,2026-02
292280,long,2026-02-18 02:40:00,2026-02-18 02:45:00,2026-02-18 04:06:00,4904.733,4922.712553472223,TP,17.81955347222224,81,0.39812483633617834,ml_v3freq,2026-02
292372,short,2026-02-18 10:20:00,2026-02-18 10:25:00,2026-02-18 11:46:00,4922.448,4906.525775,TP,15.762225000000006,81,0.3430843993237096,ml_v3freq,2026-02
292392,short,2026-02-18 12:00:00,2026-02-18 12:05:00,2026-02-18 12:17:00,4918.931,4927.033629234027,SL,-8.262629234027775,12,0.3456725375458406,ml_v3freq,2026-02
292397,short,2026-02-18 12:25:00,2026-02-18 12:30:00,2026-02-18 12:42:00,4921.09,4929.21151883125,SL,-8.281518831249997,12,0.3490752475067781,ml_v3freq,2026-02
292418,long,2026-02-18 14:10:00,2026-02-18 14:15:00,2026-02-18 14:32:00,4958.438,4974.253647222223,TP,15.655647222222198,17,0.3998220315183282,ml_v3freq,2026-02
292424,long,2026-02-18 14:40:00,2026-02-18 14:45:00,2026-02-18 15:01:00,4981.793,4997.636109027778,TP,15.603109027777741,16,0.4109189043217253,ml_v3freq,2026-02
292457,long,2026-02-18 17:25:00,2026-02-18 17:30:00,2026-02-18 18:25:00,4999.268,4992.367094400347,SL,-7.140905599652777,55,0.4161095188949889,ml_v3freq,2026-02
292471,long,2026-02-18 18:35:00,2026-02-18 18:40:00,2026-02-18 19:27:00,4986.505,4979.821515251736,SL,-6.923484748263887,47,0.39819573145369414,ml_v3freq,2026-02
292497,long,2026-02-18 20:45:00,2026-02-18 20:50:00,2026-02-18 21:42:00,4985.239,4978.810925622916,SL,-6.588074377083327,52,0.40027843983315137,ml_v3freq,2026-02
292718,short,2026-02-19 16:10:00,2026-02-19 16:15:00,2026-02-19 16:27:00,5005.462,4993.992116666667,TP,11.229883333333317,12,0.34553597886394016,ml_v3freq,2026-02
292723,short,2026-02-19 16:35:00,2026-02-19 16:40:00,2026-02-19 16:58:00,5003.004,4991.481255555555,TP,11.282744444444429,18,0.3467013539774274,ml_v3freq,2026-02
292729,short,2026-02-19 17:05:00,2026-02-19 17:10:00,2026-02-19 17:58:00,4996.446,4984.765375,TP,11.440624999999983,48,0.3455589821871442,ml_v3freq,2026-02
292755,short,2026-02-19 19:15:00,2026-02-19 19:20:00,2026-02-19 20:20:00,4988.716,4994.900755729167,SL,-6.424755729166674,60,0.34504495853176254,ml_v3freq,2026-02
292814,long,2026-02-20 01:10:00,2026-02-20 01:15:00,2026-02-20 01:23:00,5013.535,5007.597940067014,SL,-6.177059932986121,8,0.41518858973930906,ml_v3freq,2026-02
292874,long,2026-02-20 06:10:00,2026-02-20 06:15:00,2026-02-20 06:25:00,5016.573,5028.353625694444,TP,11.540625694444458,10,0.41220263794116296,ml_v3freq,2026-02
292879,long,2026-02-20 06:35:00,2026-02-20 06:40:00,2026-02-20 06:59:00,5026.909,5020.73241124375,SL,-6.41658875625,19,0.4217525311834719,ml_v3freq,2026-02
292885,long,2026-02-20 07:05:00,2026-02-20 07:10:00,2026-02-20 07:20:00,5025.378,5019.164108257639,SL,-6.45389174236111,10,0.4217149706978665,ml_v3freq,2026-02
292890,short,2026-02-20 07:30:00,2026-02-20 07:35:00,2026-02-20 08:31:00,5014.341,5020.592809830903,SL,-6.4918098309027705,56,0.3455141386593673,ml_v3freq,2026-02
292906,long,2026-02-20 08:50:00,2026-02-20 08:55:00,2026-02-20 09:23:00,5030.207,5042.459411111112,TP,12.012411111111106,28,0.4107517619391062,ml_v3freq,2026-02
292921,short,2026-02-20 10:05:00,2026-02-20 10:10:00,2026-02-20 10:32:00,5024.918,5031.312676299305,SL,-6.634676299305542,22,0.34314267145425037,ml_v3freq,2026-02
292968,long,2026-02-20 14:00:00,2026-02-20 14:05:00,2026-02-20 14:44:00,5040.371,5052.721265277778,TP,12.110265277777776,39,0.40894195778960485,ml_v3freq,2026-02
293143,long,2026-02-23 05:35:00,2026-02-23 05:40:00,2026-02-23 06:55:00,5153.829,5146.009480588541,SL,-8.059519411458322,75,0.40244187475130744,ml_v3freq,2026-02
293163,short,2026-02-23 07:15:00,2026-02-23 07:20:00,2026-02-23 07:26:00,5144.82,5129.603814583333,TP,14.976185416666652,6,0.34356813845432876,ml_v3freq,2026-02
293236,short,2026-02-23 13:20:00,2026-02-23 13:25:00,2026-02-23 14:14:00,5149.073,5156.983328372223,SL,-8.150328372222235,49,0.34329999488040064,ml_v3freq,2026-02
293250,long,2026-02-23 14:30:00,2026-02-23 14:35:00,2026-02-23 14:43:00,5171.83,5187.063877083333,TP,14.993877083333354,8,0.4084612024570349,ml_v3freq,2026-02
293321,long,2026-02-23 20:25:00,2026-02-23 20:30:00,2026-02-23 23:02:00,5225.042,5238.927017361111,TP,13.525017361111107,90,0.3997089901186001,ml_v3freq,2026-02
293368,short,2026-02-24 01:20:00,2026-02-24 01:25:00,2026-02-24 01:26:00,5150.942,5158.450845063195,SL,-7.868845063194468,1,0.3430338099096182,ml_v3freq,2026-02
293473,short,2026-02-24 10:05:00,2026-02-24 10:10:00,2026-02-24 10:23:00,5173.366,5181.040069512847,SL,-7.914069512847229,13,0.34388279854116977,ml_v3freq,2026-02
293478,short,2026-02-24 10:30:00,2026-02-24 10:35:00,2026-02-24 11:00:00,5166.987,5174.705793412153,SL,-8.07879341215279,25,0.3451941999961177,ml_v3freq,2026-02
293486,short,2026-02-24 11:10:00,2026-02-24 11:15:00,2026-02-24 12:17:00,5176.423,5161.541527777777,TP,14.641472222222257,62,0.3459731169193735,ml_v3freq,2026-02
293501,short,2026-02-24 12:25:00,2026-02-24 12:30:00,2026-02-24 12:54:00,5161.806,5146.901030555555,TP,14.66496944444448,24,0.35036128492748697,ml_v3freq,2026-02
293508,short,2026-02-24 13:00:00,2026-02-24 13:05:00,2026-02-24 13:39:00,5154.62,5139.522125694444,TP,14.73787430555559,34,0.3520900221352079,ml_v3freq,2026-02
293517,short,2026-02-24 13:45:00,2026-02-24 13:50:00,2026-02-24 13:59:00,5126.772,5111.322507638889,TP,15.08949236111113,9,0.34802521539187664,ml_v3freq,2026-02
293561,long,2026-02-24 17:25:00,2026-02-24 17:30:00,2026-02-24 19:10:00,5158.793,5150.600232465277,SL,-8.432767534722268,100,0.3990725988264001,ml_v3freq,2026-02
293584,long,2026-02-24 19:20:00,2026-02-24 19:25:00,2026-02-24 20:23:00,5147.442,5162.887588888889,TP,15.205588888888979,58,0.4150198519443057,ml_v3freq,2026-02
293599,long,2026-02-24 20:35:00,2026-02-24 20:40:00,2026-02-24 20:53:00,5169.56,5161.505670196181,SL,-8.294329803819503,13,0.39970066248435865,ml_v3freq,2026-02
293604,long,2026-02-24 21:00:00,2026-02-24 21:05:00,2026-02-24 21:32:00,5158.3,5150.203394801389,SL,-8.336605198611169,27,0.4046021060356233,ml_v3freq,2026-02
293612,long,2026-02-24 21:40:00,2026-02-24 21:45:00,2026-02-24 21:50:00,5150.536,5142.396857492014,SL,-8.379142507986174,5,0.4165074176370701,ml_v3freq,2026-02
293618,long,2026-02-24 23:10:00,2026-02-24 23:15:00,2026-02-24 23:50:00,5135.853,5151.616076388889,TP,15.263076388889026,35,0.39998436230710877,ml_v3freq,2026-02
293654,short,2026-02-25 02:10:00,2026-02-25 02:15:00,2026-02-25 02:51:00,5188.512,5172.915550694444,TP,15.236449305555618,36,0.3442737845690077,ml_v3freq,2026-02
293668,short,2026-02-25 03:20:00,2026-02-25 03:25:00,2026-02-25 03:30:00,5179.529,5187.196263702084,SL,-7.907263702083357,5,0.34834294753323247,ml_v3freq,2026-02
293674,short,2026-02-25 03:50:00,2026-02-25 03:55:00,2026-02-25 05:03:00,5179.623,5187.271512998958,SL,-7.88851299895836,68,0.34599972503433873,ml_v3freq,2026-02
293710,short,2026-02-25 06:50:00,2026-02-25 06:55:00,2026-02-25 09:03:00,5192.292,5177.608077083333,TP,14.323922916666751,128,0.3468795440363913,ml_v3freq,2026-02
293738,short,2026-02-25 09:10:00,2026-02-25 09:15:00,2026-02-25 09:35:00,5183.737,5191.133793242361,SL,-7.636793242361146,20,0.3465362975341839,ml_v3freq,2026-02
293749,short,2026-02-25 10:05:00,2026-02-25 10:10:00,2026-02-25 10:33:00,5184.351,5170.300463194444,TP,13.690536805555618,23,0.3455017105642725,ml_v3freq,2026-02
293758,short,2026-02-25 10:50:00,2026-02-25 10:55:00,2026-02-25 11:16:00,5174.645,5160.530212500001,TP,13.754787500000058,21,0.3445005965309404,ml_v3freq,2026-02
293765,short,2026-02-25 11:25:00,2026-02-25 11:30:00,2026-02-25 11:51:00,5168.452,5175.847443985417,SL,-7.63544398541669,21,0.34432607239944735,ml_v3freq,2026-02
293772,short,2026-02-25 12:00:00,2026-02-25 12:05:00,2026-02-25 12:28:00,5179.956,5187.342003155209,SL,-7.746003155208347,23,0.3447404440998204,ml_v3freq,2026-02
293781,short,2026-02-25 12:45:00,2026-02-25 12:50:00,2026-02-25 13:07:00,5181.919,5189.321400595486,SL,-7.642400595486119,17,0.34679176775208786,ml_v3freq,2026-02
293864,long,2026-02-25 19:40:00,2026-02-25 19:45:00,2026-02-25 20:03:00,5204.029,5197.432030400695,SL,-7.136969599305561,18,0.43800033318397436,ml_v3freq,2026-02
293930,short,2026-02-26 02:10:00,2026-02-26 02:15:00,2026-02-26 03:15:00,5183.029,5190.1560688423615,SL,-7.367068842361132,60,0.34672641762081596,ml_v3freq,2026-02
293945,short,2026-02-26 03:25:00,2026-02-26 03:30:00,2026-02-26 04:07:00,5188.384,5195.405961726389,SL,-7.261961726388928,37,0.3438272672171394,ml_v3freq,2026-02
293976,short,2026-02-26 06:00:00,2026-02-26 06:05:00,2026-02-26 07:50:00,5193.892,5180.779190277777,TP,12.752809722222231,105,0.34491538993291576,ml_v3freq,2026-02
294000,short,2026-02-26 08:00:00,2026-02-26 08:05:00,2026-02-26 08:11:00,5181.527,5188.260669169792,SL,-6.973669169791663,6,0.3434374306801,ml_v3freq,2026-02
294004,short,2026-02-26 08:20:00,2026-02-26 08:25:00,2026-02-26 08:33:00,5187.099,5174.1399,TP,12.7191,8,0.3483894214303913,ml_v3freq,2026-02
294010,short,2026-02-26 08:50:00,2026-02-26 08:55:00,2026-02-26 09:49:00,5178.088,5184.894152046528,SL,-7.166152046527779,54,0.34463049316122074,ml_v3freq,2026-02
294023,short,2026-02-26 09:55:00,2026-02-26 10:00:00,2026-02-26 10:36:00,5186.436,5173.28329236111,TP,12.792707638888906,36,0.3472947441772457,ml_v3freq,2026-02
294037,short,2026-02-26 11:05:00,2026-02-26 11:10:00,2026-02-26 11:54:00,5176.974,5163.800972916667,TP,12.933027083333355,44,0.3451069753355843,ml_v3freq,2026-02
294048,short,2026-02-26 12:00:00,2026-02-26 12:05:00,2026-02-26 12:18:00,5165.25,5172.077383001389,SL,-7.067383001388898,13,0.3463847666746478,ml_v3freq,2026-02
294057,short,2026-02-26 12:45:00,2026-02-26 12:50:00,2026-02-26 13:11:00,5181.415,5168.31159375,TP,12.863406250000033,21,0.3476398307911907,ml_v3freq,2026-02
294064,short,2026-02-26 13:20:00,2026-02-26 13:25:00,2026-02-26 13:44:00,5177.864,5164.631878472222,TP,12.99212152777782,19,0.3480856577830047,ml_v3freq,2026-02
294070,short,2026-02-26 13:50:00,2026-02-26 13:55:00,2026-02-26 14:30:00,5170.702,5157.380304861112,TP,13.081695138888929,35,0.34647915993285844,ml_v3freq,2026-02
294091,short,2026-02-26 15:35:00,2026-02-26 15:40:00,2026-02-26 15:43:00,5168.812,5176.207166197222,SL,-7.635166197222254,3,0.3450196601668536,ml_v3freq,2026-02
294094,short,2026-02-26 15:50:00,2026-02-26 15:55:00,2026-02-26 16:11:00,5189.242,5174.996289583333,TP,13.885710416666724,16,0.344725954377488,ml_v3freq,2026-02
294100,short,2026-02-26 16:20:00,2026-02-26 16:25:00,2026-02-26 16:42:00,5178.514,5185.931512273264,SL,-7.657512273263919,17,0.3470488257924258,ml_v3freq,2026-02
294106,short,2026-02-26 16:50:00,2026-02-26 16:55:00,2026-02-26 17:07:00,5179.263,5186.59534638125,SL,-7.5723463812500285,12,0.34337910248995557,ml_v3freq,2026-02
294132,short,2026-02-26 19:00:00,2026-02-26 19:05:00,2026-02-26 19:48:00,5185.068,5192.555455372222,SL,-7.847455372222244,43,0.3436443638197769,ml_v3freq,2026-02
294146,long,2026-02-26 20:10:00,2026-02-26 20:15:00,2026-02-26 21:25:00,5196.64,5189.085688946181,SL,-7.794311053819462,70,0.40864655306963726,ml_v3freq,2026-02
294164,long,2026-02-26 21:40:00,2026-02-26 21:45:00,2026-02-26 23:01:00,5189.874,5182.526589561805,SL,-7.707410438194449,13,0.40092770638964764,ml_v3freq,2026-02
294184,long,2026-02-27 00:20:00,2026-02-27 00:25:00,2026-02-27 00:33:00,5192.24,5185.2506387024305,SL,-7.349361297569444,8,0.408840007764653,ml_v3freq,2026-02
294216,short,2026-02-27 03:00:00,2026-02-27 03:05:00,2026-02-27 03:48:00,5182.371,5189.122074584375,SL,-6.991074584374977,43,0.3430432266264808,ml_v3freq,2026-02
294227,short,2026-02-27 03:55:00,2026-02-27 04:00:00,2026-02-27 05:26:00,5184.028,5190.646029912848,SL,-6.858029912847185,86,0.34786847864980464,ml_v3freq,2026-02
294248,long,2026-02-27 05:40:00,2026-02-27 05:45:00,2026-02-27 06:57:00,5192.331,5185.740209203819,SL,-6.8307907961805165,72,0.4009900011775348,ml_v3freq,2026-02
294265,short,2026-02-27 07:05:00,2026-02-27 07:10:00,2026-02-27 08:24:00,5187.271,5174.659744444444,TP,12.251255555555515,74,0.3441149392433611,ml_v3freq,2026-02
294297,short,2026-02-27 09:45:00,2026-02-27 09:50:00,2026-02-27 11:55:00,5177.069,5183.440377806598,SL,-6.731377806597223,125,0.34385374072133706,ml_v3freq,2026-02
294325,short,2026-02-27 12:05:00,2026-02-27 12:10:00,2026-02-27 13:02:00,5187.534,5193.833883062152,SL,-6.65988306215279,52,0.3452973435630412,ml_v3freq,2026-02
294352,long,2026-02-27 14:20:00,2026-02-27 14:25:00,2026-02-27 14:28:00,5232.538,5226.005961406944,SL,-6.892038593055569,3,0.401266120867551,ml_v3freq,2026-02
294433,long,2026-02-27 21:05:00,2026-02-27 21:10:00,2026-02-27 21:40:00,5260.826,5272.9637743055555,TP,11.777774305555534,30,0.398468242450454,ml_v3freq,2026-02
294505,long,2026-03-02 04:05:00,2026-03-02 04:10:00,2026-03-02 04:37:00,5357.31,5349.157400638195,SL,-8.512599361805572,27,0.39497570052212205,ml_v3freq,2026-03
294573,long,2026-03-02 09:45:00,2026-03-02 09:50:00,2026-03-02 10:06:00,5389.952,5380.840225781598,SL,-9.47177421840278,16,0.3997933090288289,ml_v3freq,2026-03
294579,long,2026-03-02 10:15:00,2026-03-02 10:20:00,2026-03-02 11:45:00,5390.463,5381.257107172916,SL,-9.565892827083335,85,0.39585612457265107,ml_v3freq,2026-03
294695,long,2026-03-02 19:55:00,2026-03-02 20:00:00,2026-03-03 00:17:00,5330.662,5353.178977083334,TP,22.156977083333306,195,0.394387350918054,ml_v3freq,2026-03
294745,short,2026-03-03 01:05:00,2026-03-03 01:10:00,2026-03-03 01:24:00,5368.095,5379.731142688194,SL,-11.996142688194437,14,0.34588755668630616,ml_v3freq,2026-03
294750,short,2026-03-03 01:30:00,2026-03-03 01:35:00,2026-03-03 01:47:00,5375.291,5353.163018055556,TP,21.76798194444442,12,0.36195621370399755,ml_v3freq,2026-03
294755,short,2026-03-03 01:55:00,2026-03-03 02:00:00,2026-03-03 02:05:00,5339.356,5350.874376367361,SL,-11.878376367361088,5,0.35798915206516546,ml_v3freq,2026-03
294759,short,2026-03-03 02:15:00,2026-03-03 02:20:00,2026-03-03 02:30:00,5348.709,5360.112110140278,SL,-11.763110140277758,10,0.3493858325394468,ml_v3freq,2026-03
294778,short,2026-03-03 03:50:00,2026-03-03 03:55:00,2026-03-03 04:26:00,5362.48,5373.420156272222,SL,-11.30015627222221,31,0.3485148802730021,ml_v3freq,2026-03
294787,short,2026-03-03 04:35:00,2026-03-03 04:40:00,2026-03-03 05:32:00,5368.996,5348.026554861111,TP,20.609445138888873,52,0.34884675243786334,ml_v3freq,2026-03
294800,short,2026-03-03 05:40:00,2026-03-03 05:45:00,2026-03-03 05:49:00,5345.098,5323.93819375,TP,20.79980624999998,4,0.35525948594290635,ml_v3freq,2026-03
294859,short,2026-03-03 10:35:00,2026-03-03 10:40:00,2026-03-03 10:41:00,5252.521,5264.884431865277,SL,-12.723431865277773,1,0.350080954038859,ml_v3freq,2026-03
294872,short,2026-03-03 11:40:00,2026-03-03 11:45:00,2026-03-03 11:46:00,5124.472,5138.394621285069,SL,-14.282621285069439,1,0.34712132719635647,ml_v3freq,2026-03
294883,short,2026-03-03 12:35:00,2026-03-03 12:40:00,2026-03-03 12:56:00,5205.866,5220.272667213889,SL,-14.766667213888889,16,0.34830655597015925,ml_v3freq,2026-03
294891,short,2026-03-03 13:15:00,2026-03-03 13:20:00,2026-03-03 13:45:00,5174.632,5145.993790277777,TP,28.27820972222223,25,0.34840595401655217,ml_v3freq,2026-03
294966,long,2026-03-03 19:30:00,2026-03-03 19:35:00,2026-03-03 20:52:00,5101.957,5085.854185849653,SL,-16.462814150347235,77,0.39714836259481145,ml_v3freq,2026-03
294984,long,2026-03-03 21:00:00,2026-03-03 21:05:00,2026-03-03 21:31:00,5104.874,5088.438177330555,SL,-16.795822669444462,26,0.4041582496513426,ml_v3freq,2026-03
294992,long,2026-03-03 21:40:00,2026-03-03 21:45:00,2026-03-03 23:15:00,5091.938,5123.426745138889,TP,31.12874513888893,27,0.43769369355151155,ml_v3freq,2026-03
295001,long,2026-03-03 23:25:00,2026-03-03 23:30:00,2026-03-04 00:02:00,5126.469,5109.926855883334,SL,-16.902144116666683,32,0.3964288724521992,ml_v3freq,2026-03
295060,long,2026-03-04 04:20:00,2026-03-04 04:25:00,2026-03-04 06:01:00,5165.137,5148.178868062152,SL,-17.198131937847215,96,0.39420017700017795,ml_v3freq,2026-03
295096,long,2026-03-04 07:20:00,2026-03-04 07:25:00,2026-03-04 08:08:00,5171.473,5154.476886479167,SL,-17.35611352083333,43,0.3982372159830423,ml_v3freq,2026-03
295109,long,2026-03-04 08:25:00,2026-03-04 08:30:00,2026-03-04 10:10:00,5162.933,5195.508934722222,TP,32.33593472222223,100,0.3963589520892122,ml_v3freq,2026-03
295165,short,2026-03-04 13:05:00,2026-03-04 13:10:00,2026-03-04 14:25:00,5188.135,5160.606400000001,TP,27.288600000000024,75,0.3527334837067654,ml_v3freq,2026-03
295183,short,2026-03-04 14:35:00,2026-03-04 14:40:00,2026-03-04 14:48:00,5173.727,5147.490243055556,TP,25.87675694444448,8,0.35247058539158566,ml_v3freq,2026-03
295187,short,2026-03-04 14:55:00,2026-03-04 15:00:00,2026-03-04 15:01:00,5147.252,5160.883872287153,SL,-13.991872287152795,1,0.3480883691518502,ml_v3freq,2026-03
295236,long,2026-03-04 19:00:00,2026-03-04 19:05:00,2026-03-04 23:02:00,5130.906,5153.245059722222,TP,22.099059722222282,175,0.399985664996376,ml_v3freq,2026-03
295317,short,2026-03-05 02:45:00,2026-03-05 02:50:00,2026-03-05 02:56:00,5180.573,5190.525226369097,SL,-10.31222636909724,6,0.34647055613758915,ml_v3freq,2026-03
295322,short,2026-03-05 03:10:00,2026-03-05 03:15:00,2026-03-05 04:53:00,5185.966,5166.956120833333,TP,18.6498791666667,98,0.3491530414554751,ml_v3freq,2026-03
295378,short,2026-03-05 07:50:00,2026-03-05 07:55:00,2026-03-05 08:14:00,5159.98,5142.2006388888885,TP,17.41936111111116,19,0.34846794732594577,ml_v3freq,2026-03
295388,short,2026-03-05 08:40:00,2026-03-05 08:45:00,2026-03-05 08:55:00,5160.909,5170.121952615625,SL,-9.572952615625015,10,0.3480740202286252,ml_v3freq,2026-03
295396,short,2026-03-05 09:20:00,2026-03-05 09:25:00,2026-03-05 09:39:00,5172.206,5154.570807638889,TP,17.27519236111114,14,0.34799238711990665,ml_v3freq,2026-03
295401,short,2026-03-05 09:45:00,2026-03-05 09:50:00,2026-03-05 10:06:00,5164.771,5147.023500694444,TP,17.387499305555597,16,0.348709895034376,ml_v3freq,2026-03
295414,short,2026-03-05 10:50:00,2026-03-05 10:55:00,2026-03-05 13:10:00,5165.883,5148.359373611111,TP,17.163626388888936,135,0.349874405880514,ml_v3freq,2026-03
295526,long,2026-03-05 20:10:00,2026-03-05 20:15:00,2026-03-05 23:41:00,5078.703,5097.056423611111,TP,17.99342361111108,139,0.39426361602179155,ml_v3freq,2026-03
295557,long,2026-03-05 23:50:00,2026-03-05 23:55:00,2026-03-06 00:00:00,5089.839,5080.1065279031245,SL,-10.092472096874978,5,0.39577248405339915,ml_v3freq,2026-03
295563,long,2026-03-06 00:20:00,2026-03-06 00:25:00,2026-03-06 00:43:00,5087.766,5078.0308531996525,SL,-10.095146800347207,18,0.42023743767322297,ml_v3freq,2026-03
295570,long,2026-03-06 00:55:00,2026-03-06 01:00:00,2026-03-06 01:01:00,5084.228,5074.415251083334,SL,-10.172748916666656,1,0.3963250402549464,ml_v3freq,2026-03
295587,long,2026-03-06 02:20:00,2026-03-06 02:25:00,2026-03-06 05:38:00,5129.52,5119.44255068125,SL,-10.437449318749977,193,0.4046204826321454,ml_v3freq,2026-03
295633,long,2026-03-06 06:10:00,2026-03-06 06:15:00,2026-03-06 07:08:00,5116.151,5106.192261481944,SL,-10.318738518055545,53,0.3967601689622814,ml_v3freq,2026-03
295732,short,2026-03-06 14:25:00,2026-03-06 14:30:00,2026-03-06 14:31:00,5104.278,5114.431511694792,SL,-10.513511694791653,1,0.3511622931364501,ml_v3freq,2026-03
295735,short,2026-03-06 14:40:00,2026-03-06 14:45:00,2026-03-06 14:46:00,5089.044,5099.183784989583,SL,-10.49978498958332,1,0.3463689892891578,ml_v3freq,2026-03
295738,short,2026-03-06 14:55:00,2026-03-06 15:00:00,2026-03-06 15:01:00,5129.932,5140.142513832291,SL,-10.570513832291654,1,0.34663701909813527,ml_v3freq,2026-03
295803,long,2026-03-06 20:20:00,2026-03-06 20:25:00,2026-03-06 21:57:00,5158.096,5175.880463888889,TP,17.424463888888887,92,0.3961636600540063,ml_v3freq,2026-03
295837,short,2026-03-08 23:10:00,2026-03-08 23:15:00,2026-03-08 23:35:00,5101.723,5082.530352777778,TP,18.8326472222222,20,0.34711851251283155,ml_v3freq,2026-03
295846,short,2026-03-08 23:55:00,2026-03-09 00:00:00,2026-03-09 00:06:00,5076.068,5056.216735416667,TP,19.49126458333332,6,0.3459075495769447,ml_v3freq,2026-03
295852,short,2026-03-09 00:25:00,2026-03-09 00:30:00,2026-03-09 00:33:00,5045.674,5056.187874414236,SL,-10.873874414236099,3,0.3477700826100767,ml_v3freq,2026-03
295856,short,2026-03-09 00:45:00,2026-03-09 00:50:00,2026-03-09 01:00:00,5043.361,5022.898578472222,TP,20.10242152777776,10,0.3517833699261797,ml_v3freq,2026-03
295914,short,2026-03-09 05:35:00,2026-03-09 05:40:00,2026-03-09 05:43:00,5105.792,5117.251421775695,SL,-11.819421775694439,3,0.347873341743129,ml_v3freq,2026-03
295927,short,2026-03-09 06:40:00,2026-03-09 06:45:00,2026-03-09 09:16:00,5107.056,5118.747561432986,SL,-12.051561432986105,151,0.3480484154859955,ml_v3freq,2026-03
295963,short,2026-03-09 09:40:00,2026-03-09 09:45:00,2026-03-09 11:20:00,5102.991,5079.8479472222225,TP,22.783052777777794,95,0.35577214926876377,ml_v3freq,2026-03
295985,short,2026-03-09 11:30:00,2026-03-09 11:35:00,2026-03-09 12:02:00,5085.938,5097.930953687153,SL,-12.352953687152807,27,0.35216279455208865,ml_v3freq,2026-03
295993,short,2026-03-09 12:10:00,2026-03-09 12:15:00,2026-03-09 12:28:00,5096.09,5108.027745267708,SL,-12.297745267708361,13,0.3567958006591191,ml_v3freq,2026-03
295998,short,2026-03-09 12:35:00,2026-03-09 12:40:00,2026-03-09 13:22:00,5109.231,5086.295671527778,TP,22.57532847222228,42,0.3598045305076179,ml_v3freq,2026-03
296009,short,2026-03-09 13:30:00,2026-03-09 13:35:00,2026-03-09 13:41:00,5109.285,5086.6281548611105,TP,22.296845138888926,6,0.3603947278896744,ml_v3freq,2026-03
296014,short,2026-03-09 13:55:00,2026-03-09 14:00:00,2026-03-09 14:04:00,5074.098,5085.855754391319,SL,-12.117754391319458,4,0.3477300978616702,ml_v3freq,2026-03
296022,short,2026-03-09 14:35:00,2026-03-09 14:40:00,2026-03-09 14:43:00,5093.988,5105.712134082986,SL,-12.084134082986125,3,0.3477167914727545,ml_v3freq,2026-03
296113,short,2026-03-09 23:10:00,2026-03-09 23:15:00,2026-03-10 01:20:00,5145.917,5157.0697277354175,SL,-11.512727735416675,125,0.3471217261928431,ml_v3freq,2026-03
296183,long,2026-03-10 05:00:00,2026-03-10 05:05:00,2026-03-10 07:23:00,5168.678,5159.704409534722,SL,-9.333590465277775,138,0.4024071549589231,ml_v3freq,2026-03
296239,long,2026-03-10 09:40:00,2026-03-10 09:45:00,2026-03-10 10:02:00,5187.341,5179.060804583681,SL,-8.640195416319456,17,0.39476728091598423,ml_v3freq,2026-03
296263,short,2026-03-10 11:40:00,2026-03-10 11:45:00,2026-03-10 12:35:00,5174.251,5182.396055428125,SL,-8.505055428125003,50,0.34628947183122805,ml_v3freq,2026-03
296372,long,2026-03-10 20:45:00,2026-03-10 20:50:00,2026-03-10 22:02:00,5196.04,5187.979745370833,SL,-8.420254629166664,9,0.3959519880550647,ml_v3freq,2026-03
296547,short,2026-03-11 12:20:00,2026-03-11 12:25:00,2026-03-11 12:36:00,5190.794,5176.820470833333,TP,13.613529166666694,11,0.34962896675266575,ml_v3freq,2026-03
296552,short,2026-03-11 12:45:00,2026-03-11 12:50:00,2026-03-11 13:01:00,5176.698,5162.567231944445,TP,13.770768055555568,11,0.3476937425949582,ml_v3freq,2026-03
296560,short,2026-03-11 13:25:00,2026-03-11 13:30:00,2026-03-11 13:44:00,5181.222,5167.033191666666,TP,13.828808333333338,14,0.3472912473299512,ml_v3freq,2026-03
296578,short,2026-03-11 14:55:00,2026-03-11 15:00:00,2026-03-11 15:15:00,5183.388,5168.973768055555,TP,14.054231944444416,15,0.34783396525354393,ml_v3freq,2026-03
296640,long,2026-03-11 20:05:00,2026-03-11 20:10:00,2026-03-11 22:07:00,5178.294,5171.651461231597,SL,-7.002538768402771,53,0.3957216850541691,ml_v3freq,2026-03
296676,short,2026-03-12 00:05:00,2026-03-12 00:10:00,2026-03-12 00:15:00,5137.014,5143.704615968056,SL,-7.05061596805554,5,0.34686539490843427,ml_v3freq,2026-03
296701,long,2026-03-12 02:10:00,2026-03-12 02:15:00,2026-03-12 02:34:00,5173.785,5167.036461225,SL,-7.108538774999994,19,0.39476589876810003,ml_v3freq,2026-03
296720,long,2026-03-12 03:45:00,2026-03-12 03:50:00,2026-03-12 04:36:00,5153.282,5146.561934514931,SL,-7.080065485069438,46,0.3962670954634201,ml_v3freq,2026-03
296737,long,2026-03-12 05:10:00,2026-03-12 05:15:00,2026-03-12 05:25:00,5146.39,5139.744786528126,SL,-7.005213471874996,10,0.3941344119659296,ml_v3freq,2026-03
296744,long,2026-03-12 05:45:00,2026-03-12 05:50:00,2026-03-12 06:20:00,5156.375,5149.650517682639,SL,-7.084482317361109,30,0.3966598162861354,ml_v3freq,2026-03
296753,long,2026-03-12 06:30:00,2026-03-12 06:35:00,2026-03-12 07:42:00,5160.98,5173.946677777777,TP,12.606677777777772,67,0.41652578574209,ml_v3freq,2026-03
296787,short,2026-03-12 09:20:00,2026-03-12 09:25:00,2026-03-12 09:30:00,5175.87,5182.496796114583,SL,-6.986796114583329,5,0.34999348105961403,ml_v3freq,2026-03
296791,short,2026-03-12 09:40:00,2026-03-12 09:45:00,2026-03-12 10:02:00,5184.407,5190.993262848611,SL,-6.946262848611106,17,0.3648682886074606,ml_v3freq,2026-03
296797,short,2026-03-12 10:10:00,2026-03-12 10:15:00,2026-03-12 11:18:00,5187.284,5174.629347916666,TP,12.294652083333323,63,0.3526888089046016,ml_v3freq,2026-03
296813,short,2026-03-12 11:30:00,2026-03-12 11:35:00,2026-03-12 12:21:00,5177.35,5164.769544444445,TP,12.22045555555554,46,0.36105838893974584,ml_v3freq,2026-03
296825,short,2026-03-12 12:30:00,2026-03-12 12:35:00,2026-03-12 12:49:00,5172.594,5179.083882250347,SL,-6.849882250347217,14,0.349281612814217,ml_v3freq,2026-03
296830,short,2026-03-12 12:55:00,2026-03-12 13:00:00,2026-03-12 13:22:00,5181.162,5168.6708965277785,TP,12.131103472222213,22,0.35234227738114954,ml_v3freq,2026-03
296908,long,2026-03-12 19:25:00,2026-03-12 19:30:00,2026-03-12 19:57:00,5093.656,5087.049561791667,SL,-6.966438208333313,27,0.39469491882519026,ml_v3freq,2026-03
296916,long,2026-03-12 20:05:00,2026-03-12 20:10:00,2026-03-12 20:20:00,5089.035,5082.337931409028,SL,-7.057068590972212,10,0.4122701552749035,ml_v3freq,2026-03
296927,long,2026-03-12 22:00:00,2026-03-12 22:05:00,2026-03-12 23:24:00,5083.397,5096.66540625,TP,12.768406249999993,79,0.40193440463153424,ml_v3freq,2026-03
296946,long,2026-03-12 23:35:00,2026-03-12 23:40:00,2026-03-13 00:52:00,5097.365,5110.862679861111,TP,13.137679861111126,72,0.39488075752608687,ml_v3freq,2026-03
296968,long,2026-03-13 01:25:00,2026-03-13 01:30:00,2026-03-13 01:44:00,5118.859,5112.250152971181,SL,-6.968847028819467,14,0.40403951287646234,ml_v3freq,2026-03
296975,long,2026-03-13 02:00:00,2026-03-13 02:05:00,2026-03-13 02:18:00,5126.605,5119.996613305902,SL,-6.968386694097252,13,0.3952644115650997,ml_v3freq,2026-03
296980,long,2026-03-13 02:25:00,2026-03-13 02:30:00,2026-03-13 02:46:00,5121.248,5114.668003259375,SL,-6.939996740625028,16,0.4258436881814297,ml_v3freq,2026-03
296990,long,2026-03-13 03:15:00,2026-03-13 03:20:00,2026-03-13 04:24:00,5110.715,5104.171520501736,SL,-6.903479498263913,64,0.3972035446599105,ml_v3freq,2026-03
297007,long,2026-03-13 04:40:00,2026-03-13 04:45:00,2026-03-13 06:21:00,5104.589,5098.159199367708,SL,-6.789800632291684,96,0.41177359929083895,ml_v3freq,2026-03
297047,short,2026-03-13 08:00:00,2026-03-13 08:05:00,2026-03-13 08:11:00,5068.492,5075.189731314236,SL,-7.057731314236131,6,0.35553400965437,ml_v3freq,2026-03
297051,short,2026-03-13 08:20:00,2026-03-13 08:25:00,2026-03-13 08:30:00,5066.557,5073.3424409524305,SL,-7.145440952430579,5,0.35748185964330736,ml_v3freq,2026-03
297068,long,2026-03-13 09:45:00,2026-03-13 09:50:00,2026-03-13 10:33:00,5088.776,5081.91450063993,SL,-7.22149936006949,43,0.39570605493966604,ml_v3freq,2026-03
297125,short,2026-03-13 14:30:00,2026-03-13 14:35:00,2026-03-13 14:40:00,5089.992,5076.152609722222,TP,13.47939027777783,5,0.3466197039057689,ml_v3freq,2026-03
297129,short,2026-03-13 14:50:00,2026-03-13 14:55:00,2026-03-13 14:56:00,5064.042,5050.139481944445,TP,13.662518055555594,1,0.35619458531911496,ml_v3freq,2026-03
297139,short,2026-03-13 15:40:00,2026-03-13 15:45:00,2026-03-13 15:47:00,5046.327,5053.735551619792,SL,-7.648551619791682,2,0.3487905377586473,ml_v3freq,2026-03
297142,short,2026-03-13 15:55:00,2026-03-13 16:00:00,2026-03-13 16:06:00,5034.775,5020.3528847222215,TP,14.062115277777814,6,0.3460439557273973,ml_v3freq,2026-03
297146,short,2026-03-13 16:15:00,2026-03-13 16:20:00,2026-03-13 16:24:00,5031.079,5038.575019185417,SL,-7.736019185416687,4,0.34762596730786455,ml_v3freq,2026-03
297152,short,2026-03-13 16:45:00,2026-03-13 16:50:00,2026-03-13 16:52:00,5043.674,5051.1748606368055,SL,-7.740860636805573,2,0.34706900230093035,ml_v3freq,2026-03
297155,short,2026-03-13 17:00:00,2026-03-13 17:05:00,2026-03-13 17:12:00,5044.712,5052.236786137153,SL,-7.764786137152793,7,0.34958190432233843,ml_v3freq,2026-03
297164,short,2026-03-13 17:45:00,2026-03-13 17:50:00,2026-03-13 19:32:00,5046.451,5031.9294034722225,TP,14.28159652777782,102,0.3470016206671672,ml_v3freq,2026-03
297193,long,2026-03-13 20:10:00,2026-03-13 20:15:00,2026-03-15 22:18:00,5016.377,5008.851043184028,SL,-7.765956815972267,60,0.396010986197914,ml_v3freq,2026-03
297209,short,2026-03-15 22:30:00,2026-03-15 22:35:00,2026-03-15 22:51:00,5015.632,5023.20192671875,SL,-7.809926718750044,16,0.35039472385169257,ml_v3freq,2026-03
297215,short,2026-03-15 23:00:00,2026-03-15 23:05:00,2026-03-15 23:20:00,5006.099,4991.437298611111,TP,14.301701388888969,15,0.3516981880259632,ml_v3freq,2026-03
297221,short,2026-03-15 23:30:00,2026-03-15 23:35:00,2026-03-15 23:55:00,4982.161,4989.941565569792,SL,-8.020565569791707,20,0.34923545926848215,ml_v3freq,2026-03
297241,short,2026-03-16 01:10:00,2026-03-16 01:15:00,2026-03-16 01:16:00,4986.379,4994.682775665625,SL,-8.543775665625029,1,0.35411739332918646,ml_v3freq,2026-03
297244,short,2026-03-16 01:25:00,2026-03-16 01:30:00,2026-03-16 01:35:00,4988.009,4996.464217852431,SL,-8.695217852430586,5,0.35305295868162634,ml_v3freq,2026-03
297270,long,2026-03-16 03:35:00,2026-03-16 03:40:00,2026-03-16 05:31:00,5013.792,5005.197026906945,SL,-8.834973093055567,111,0.40755771988626766,ml_v3freq,2026-03
297296,long,2026-03-16 05:45:00,2026-03-16 05:50:00,2026-03-16 06:16:00,5016.133,5032.737660416667,TP,16.364660416666705,26,0.43377923935300733,ml_v3freq,2026-03
297304,long,2026-03-16 06:25:00,2026-03-16 06:30:00,2026-03-16 06:47:00,5027.844,5019.124665100694,SL,-8.95933489930558,17,0.3997249591200527,ml_v3freq,2026-03
297313,long,2026-03-16 07:10:00,2026-03-16 07:15:00,2026-03-16 07:28:00,5009.757,5001.011116486111,SL,-8.985883513888911,13,0.3960083716321835,ml_v3freq,2026-03
297340,long,2026-03-16 09:25:00,2026-03-16 09:30:00,2026-03-16 09:45:00,4988.861,4980.120866701736,SL,-8.980133298263906,15,0.3943119441648745,ml_v3freq,2026-03
297346,short,2026-03-16 09:55:00,2026-03-16 10:00:00,2026-03-16 10:24:00,4975.482,4984.23782833125,SL,-8.995828331250005,24,0.34775291445626066,ml_v3freq,2026-03
297358,long,2026-03-16 10:55:00,2026-03-16 11:00:00,2026-03-16 11:22:00,4998.686,5015.5818548611105,TP,16.65585486111112,22,0.4013453146113206,ml_v3freq,2026-03
297365,long,2026-03-16 11:30:00,2026-03-16 11:35:00,2026-03-16 11:51:00,5017.978,5009.164443313542,SL,-9.053556686458341,16,0.40045092294711027,ml_v3freq,2026-03
297374,long,2026-03-16 12:15:00,2026-03-16 12:20:00,2026-03-16 13:35:00,5013.305,5030.4186625,TP,16.87366250000003,75,0.3943386546249425,ml_v3freq,2026-03
297494,short,2026-03-16 23:15:00,2026-03-16 23:20:00,2026-03-16 23:36:00,5005.692,5013.703018655903,SL,-8.291018655902777,16,0.34666227193454036,ml_v3freq,2026-03
297514,short,2026-03-17 00:55:00,2026-03-17 01:00:00,2026-03-17 01:11:00,5002.943,5010.483528790973,SL,-7.820528790972221,11,0.34900668004798685,ml_v3freq,2026-03
297520,short,2026-03-17 01:25:00,2026-03-17 01:30:00,2026-03-17 01:49:00,5013.302,5020.7469418732635,SL,-7.72494187326389,19,0.34748769282425207,ml_v3freq,2026-03
297528,short,2026-03-17 02:05:00,2026-03-17 02:10:00,2026-03-17 02:44:00,5021.903,5029.1929400291665,SL,-7.569940029166674,34,0.3503579940530932,ml_v3freq,2026-03
297542,long,2026-03-17 03:15:00,2026-03-17 03:20:00,2026-03-17 04:44:00,5027.021,5040.276931944444,TP,12.975931944444476,84,0.40409650346613735,ml_v3freq,2026-03
297561,long,2026-03-17 04:50:00,2026-03-17 04:55:00,2026-03-17 05:45:00,5037.486,5030.756378601041,SL,-7.009621398958357,50,0.4134355893717601,ml_v3freq,2026-03
297574,short,2026-03-17 05:55:00,2026-03-17 06:00:00,2026-03-17 06:08:00,5020.924,5007.851966666666,TP,12.792033333333373,8,0.35809272200264286,ml_v3freq,2026-03
297578,short,2026-03-17 06:15:00,2026-03-17 06:20:00,2026-03-17 07:30:00,5012.206,5019.082031651042,SL,-7.15603165104169,70,0.34846797712826816,ml_v3freq,2026-03
297595,short,2026-03-17 07:40:00,2026-03-17 07:45:00,2026-03-17 09:59:00,5023.326,5010.144547222222,TP,12.901452777777822,134,0.3562230584064896,ml_v3freq,2026-03
297650,short,2026-03-17 12:15:00,2026-03-17 12:20:00,2026-03-17 12:28:00,5012.934,5019.336783746181,SL,-6.682783746180588,8,0.3524284926096375,ml_v3freq,2026-03
297654,short,2026-03-17 12:35:00,2026-03-17 12:40:00,2026-03-17 13:32:00,5017.421,5023.82408137639,SL,-6.68308137638892,52,0.3559917476812775,ml_v3freq,2026-03
297667,short,2026-03-17 13:40:00,2026-03-17 13:45:00,2026-03-17 13:52:00,5027.129,5014.977406944445,TP,11.87159305555562,7,0.35421950158582366,ml_v3freq,2026-03
297671,short,2026-03-17 14:00:00,2026-03-17 14:05:00,2026-03-17 14:08:00,5010.771,5017.127428833333,SL,-6.636428833333363,3,0.3469451520072362,ml_v3freq,2026-03
297680,short,2026-03-17 14:45:00,2026-03-17 14:50:00,2026-03-17 15:21:00,5018.134,5005.994354166666,TP,11.859645833333387,31,0.3458097855666495,ml_v3freq,2026-03
297764,short,2026-03-17 22:45:00,2026-03-17 22:50:00,2026-03-18 00:04:00,5000.118,5005.838793886806,SL,-6.000793886805579,74,0.3521242129998835,ml_v3freq,2026-03
297791,short,2026-03-18 01:00:00,2026-03-18 01:05:00,2026-03-18 01:10:00,5008.066,5013.654023035069,SL,-5.868023035069469,5,0.3552865807180384,ml_v3freq,2026-03
297795,short,2026-03-18 01:20:00,2026-03-18 01:25:00,2026-03-18 01:45:00,5011.957,5001.225705555556,TP,10.451294444444498,20,0.35356892317928623,ml_v3freq,2026-03
297802,short,2026-03-18 01:55:00,2026-03-18 02:00:00,2026-03-18 02:19:00,4998.749,5004.326554388542,SL,-5.857554388541696,19,0.3481844825365552,ml_v3freq,2026-03
297808,short,2026-03-18 02:25:00,2026-03-18 02:30:00,2026-03-18 02:57:00,5002.222,4991.613676388889,TP,10.328323611111186,27,0.34669323676122127,ml_v3freq,2026-03
297863,short,2026-03-18 07:00:00,2026-03-18 07:05:00,2026-03-18 07:44:00,5012.308,5001.849291666666,TP,10.178708333333331,39,0.34785434276260685,ml_v3freq,2026-03
297911,short,2026-03-18 11:00:00,2026-03-18 11:05:00,2026-03-18 11:14:00,4958.766,4964.183738871875,SL,-5.697738871874982,9,0.354597821333379,ml_v3freq,2026-03
297916,short,2026-03-18 11:25:00,2026-03-18 11:30:00,2026-03-18 11:31:00,4948.477,4954.009405870139,SL,-5.8124058701388694,1,0.35318528065916943,ml_v3freq,2026-03
297919,short,2026-03-18 11:40:00,2026-03-18 11:45:00,2026-03-18 11:58:00,4939.164,4928.383289583333,TP,10.58071041666663,13,0.3471474346190563,ml_v3freq,2026-03
297930,short,2026-03-18 12:35:00,2026-03-18 12:40:00,2026-03-18 12:42:00,4883.502,4889.460104372917,SL,-6.1581043729166405,2,0.3501570954606652,ml_v3freq,2026-03
297933,short,2026-03-18 12:50:00,2026-03-18 12:55:00,2026-03-18 13:00:00,4887.022,4875.291783333333,TP,11.53021666666661,5,0.34696997098370097,ml_v3freq,2026-03
297937,short,2026-03-18 13:10:00,2026-03-18 13:15:00,2026-03-18 13:16:00,4858.335,4846.2425930555555,TP,11.89240694444438,1,0.350760666994822,ml_v3freq,2026-03
297941,short,2026-03-18 13:30:00,2026-03-18 13:35:00,2026-03-18 13:39:00,4858.005,4864.448519400695,SL,-6.64351940069441,4,0.3500148644793002,ml_v3freq,2026-03
298042,short,2026-03-18 22:55:00,2026-03-18 23:00:00,2026-03-18 23:41:00,4834.3,4842.243095473958,SL,-8.143095473958294,41,0.3464180706519112,ml_v3freq,2026-03
298053,short,2026-03-18 23:50:00,2026-03-18 23:55:00,2026-03-19 00:01:00,4835.603,4843.639876768403,SL,-8.236876768402741,6,0.34872255013170095,ml_v3freq,2026-03
298094,long,2026-03-19 03:15:00,2026-03-19 03:20:00,2026-03-19 03:31:00,4864.606,4856.065056710764,SL,-8.740943289236082,11,0.39598514540776164,ml_v3freq,2026-03
298113,long,2026-03-19 04:50:00,2026-03-19 04:55:00,2026-03-19 05:30:00,4849.483,4840.950120505208,SL,-8.732879494791634,35,0.39493179178253673,ml_v3freq,2026-03
298130,short,2026-03-19 06:15:00,2026-03-19 06:20:00,2026-03-19 06:35:00,4822.093,4805.257179166667,TP,16.635820833333284,15,0.35911389654844444,ml_v3freq,2026-03
298141,short,2026-03-19 07:10:00,2026-03-19 07:15:00,2026-03-19 07:25:00,4778.246,4760.551499305556,TP,17.49450069444441,10,0.34716458231420605,ml_v3freq,2026-03
298146,short,2026-03-19 07:35:00,2026-03-19 07:40:00,2026-03-19 07:44:00,4766.767,4748.756936805556,TP,17.810063194444414,4,0.35213713453821827,ml_v3freq,2026-03
298149,short,2026-03-19 07:50:00,2026-03-19 07:55:00,2026-03-19 07:58:00,4753.775,4735.423386805555,TP,18.151613194444426,3,0.35233111263722217,ml_v3freq,2026-03
298152,short,2026-03-19 08:05:00,2026-03-19 08:10:00,2026-03-19 08:15:00,4714.894,4724.643782269792,SL,-9.949782269791658,5,0.3506903308770064,ml_v3freq,2026-03
298156,short,2026-03-19 08:25:00,2026-03-19 08:30:00,2026-03-19 08:34:00,4718.552,4699.358734027777,TP,18.99326597222222,4,0.3502105432888869,ml_v3freq,2026-03
298159,short,2026-03-19 08:40:00,2026-03-19 08:45:00,2026-03-19 08:46:00,4688.545,4698.735759123264,SL,-10.390759123263884,1,0.3504837709805373,ml_v3freq,2026-03
298162,short,2026-03-19 08:55:00,2026-03-19 09:00:00,2026-03-19 09:01:00,4709.091,4719.41903014375,SL,-10.528030143749998,1,0.34828710214676495,ml_v3freq,2026-03
298165,short,2026-03-19 09:10:00,2026-03-19 09:15:00,2026-03-19 09:17:00,4694.817,4705.293698417014,SL,-10.676698417013887,2,0.34600872875660693,ml_v3freq,2026-03
298171,short,2026-03-19 09:40:00,2026-03-19 09:45:00,2026-03-19 09:48:00,4705.212,4715.928818532292,SL,-10.916818532291664,3,0.34978872121781146,ml_v3freq,2026-03
298174,short,2026-03-19 09:55:00,2026-03-19 10:00:00,2026-03-19 10:03:00,4698.747,4709.569417730208,SL,-11.022417730208335,3,0.3470834523373288,ml_v3freq,2026-03
298177,short,2026-03-19 10:10:00,2026-03-19 10:15:00,2026-03-19 10:20:00,4704.538,4683.476964583333,TP,20.861035416666684,5,0.3495563447409314,ml_v3freq,2026-03
298181,short,2026-03-19 10:30:00,2026-03-19 10:35:00,2026-03-19 10:46:00,4698.648,4677.1211298611115,TP,21.246870138888912,11,0.3484552790592781,ml_v3freq,2026-03
298186,short,2026-03-19 10:55:00,2026-03-19 11:00:00,2026-03-19 11:01:00,4678.863,4690.2560621444445,SL,-11.673062144444451,1,0.3528120398455304,ml_v3freq,2026-03
298189,short,2026-03-19 11:10:00,2026-03-19 11:15:00,2026-03-19 11:42:00,4686.107,4663.962067361111,TP,21.864932638888895,27,0.35164830385977447,ml_v3freq,2026-03
298197,short,2026-03-19 11:50:00,2026-03-19 11:55:00,2026-03-19 12:03:00,4652.728,4630.269399305555,TP,22.178600694444444,8,0.35036973952585876,ml_v3freq,2026-03
298201,short,2026-03-19 12:10:00,2026-03-19 12:15:00,2026-03-19 12:42:00,4619.062,4596.4332125,TP,22.34878750000001,27,0.3493633150988263,ml_v3freq,2026-03
298211,short,2026-03-19 13:00:00,2026-03-19 13:05:00,2026-03-19 13:07:00,4549.962,4562.301379376042,SL,-12.619379376041675,2,0.35081119683243034,ml_v3freq,2026-03
298279,long,2026-03-19 18:40:00,2026-03-19 18:45:00,2026-03-19 19:01:00,4608.999,4637.154966666666,TP,27.87596666666664,16,0.4058922374009629,ml_v3freq,2026-03
298285,long,2026-03-19 19:10:00,2026-03-19 19:15:00,2026-03-19 19:25:00,4656.997,4642.148919408333,SL,-15.128080591666652,10,0.4009588639209744,ml_v3freq,2026-03
298293,long,2026-03-19 19:50:00,2026-03-19 19:55:00,2026-03-19 22:14:00,4640.532,4669.20480625,TP,28.39280624999998,76,0.39578183102977804,ml_v3freq,2026-03
298311,long,2026-03-19 22:20:00,2026-03-19 22:25:00,2026-03-19 22:44:00,4661.861,4647.1291182100695,SL,-15.01188178993055,19,0.4230087372036273,ml_v3freq,2026-03
298317,long,2026-03-19 22:50:00,2026-03-19 22:55:00,2026-03-20 01:06:00,4648.165,4676.525413888889,TP,28.080413888888874,131,0.3986816727056501,ml_v3freq,2026-03
298374,long,2026-03-20 03:35:00,2026-03-20 03:40:00,2026-03-20 04:47:00,4731.606,4716.465265577083,SL,-15.42073442291667,67,0.3986646955897002,ml_v3freq,2026-03
298390,long,2026-03-20 04:55:00,2026-03-20 05:00:00,2026-03-20 05:31:00,4721.514,4706.388682821875,SL,-15.40531717812501,31,0.39562614227411447,ml_v3freq,2026-03
298404,short,2026-03-20 06:05:00,2026-03-20 06:10:00,2026-03-20 07:57:00,4689.518,4705.003199720833,SL,-15.765199720833328,107,0.3471453235667409,ml_v3freq,2026-03
298472,short,2026-03-20 11:45:00,2026-03-20 11:50:00,2026-03-20 12:01:00,4665.702,4680.006540368403,SL,-14.584540368402779,11,0.346509457907916,ml_v3freq,2026-03
298477,short,2026-03-20 12:10:00,2026-03-20 12:15:00,2026-03-20 13:10:00,4685.414,4658.040446527778,TP,27.093553472222226,55,0.3643129968355719,ml_v3freq,2026-03
298502,short,2026-03-20 14:15:00,2026-03-20 14:20:00,2026-03-20 14:55:00,4575.111,4549.007740277778,TP,25.823259722222225,35,0.3459952833474823,ml_v3freq,2026-03
298512,short,2026-03-20 15:05:00,2026-03-20 15:10:00,2026-03-20 15:12:00,4564.395,4577.6173132784725,SL,-13.50231327847223,2,0.3460106069286455,ml_v3freq,2026-03
298516,short,2026-03-20 15:25:00,2026-03-20 15:30:00,2026-03-20 16:04:00,4563.067,4576.171332663889,SL,-13.384332663888902,34,0.350530159720975,ml_v3freq,2026-03
298527,short,2026-03-20 16:20:00,2026-03-20 16:25:00,2026-03-20 16:31:00,4596.586,4571.698904861111,TP,24.60709513888891,6,0.346571943384523,ml_v3freq,2026-03
298531,short,2026-03-20 16:40:00,2026-03-20 16:45:00,2026-03-20 17:07:00,4581.1,4593.964061749306,SL,-13.144061749305566,22,0.35074693582665406,ml_v3freq,2026-03
298538,short,2026-03-20 17:15:00,2026-03-20 17:20:00,2026-03-20 18:22:00,4574.527,4550.045759027777,TP,24.201240972222237,62,0.3500357272966823,ml_v3freq,2026-03
298553,short,2026-03-20 18:30:00,2026-03-20 18:35:00,2026-03-20 18:47:00,4546.282,4522.13294375,TP,23.86905625000001,12,0.35079975072938097,ml_v3freq,2026-03
298558,short,2026-03-20 18:55:00,2026-03-20 19:00:00,2026-03-20 19:01:00,4499.637,4512.336722253472,SL,-12.979722253472223,1,0.3470353902085226,ml_v3freq,2026-03
298588,short,2026-03-22 22:25:00,2026-03-22 22:30:00,2026-03-22 22:57:00,4524.594,4499.34741875,TP,24.966581249999997,27,0.3468477550584368,ml_v3freq,2026-03
298596,short,2026-03-22 23:05:00,2026-03-22 23:10:00,2026-03-22 23:48:00,4495.306,4469.646513888889,TP,25.379486111111092,38,0.35415295992675344,ml_v3freq,2026-03
298606,short,2026-03-22 23:55:00,2026-03-23 00:00:00,2026-03-23 00:03:00,4464.544,4438.5651777777775,TP,25.69882222222221,3,0.36123715251723093,ml_v3freq,2026-03
298609,short,2026-03-23 00:10:00,2026-03-23 00:15:00,2026-03-23 00:16:00,4436.808,4410.380935416667,TP,26.147064583333318,1,0.3474619716339749,ml_v3freq,2026-03
298612,short,2026-03-23 00:25:00,2026-03-23 00:30:00,2026-03-23 00:34:00,4427.025,4400.176207638889,TP,26.568792361111086,4,0.35426634847456634,ml_v3freq,2026-03
298615,short,2026-03-23 00:40:00,2026-03-23 00:45:00,2026-03-23 00:52:00,4362.157,4334.4544166666665,TP,27.422583333333318,7,0.34605060464927945,ml_v3freq,2026-03
298624,short,2026-03-23 01:25:00,2026-03-23 01:30:00,2026-03-23 01:31:00,4421.828,4437.08334189514,SL,-15.535341895138876,1,0.34604698498654085,ml_v3freq,2026-03
298637,short,2026-03-23 02:30:00,2026-03-23 02:35:00,2026-03-23 02:53:00,4388.287,4357.846043055556,TP,30.180956944444407,18,0.3475824435446176,ml_v3freq,2026-03
298644,short,2026-03-23 03:05:00,2026-03-23 03:10:00,2026-03-23 04:36:00,4356.301,4372.311723395486,SL,-16.270723395486094,86,0.34807804048093016,ml_v3freq,2026-03
298664,short,2026-03-23 04:45:00,2026-03-23 04:50:00,2026-03-23 05:30:00,4369.18,4338.0753840277785,TP,30.844615972222176,40,0.3607192319634741,ml_v3freq,2026-03
298675,short,2026-03-23 05:40:00,2026-03-23 05:45:00,2026-03-23 06:03:00,4322.206,4290.293571527778,TP,31.652428472222176,18,0.36127495349854266,ml_v3freq,2026-03
298681,short,2026-03-23 06:10:00,2026-03-23 06:15:00,2026-03-23 06:28:00,4294.512,4261.997810416667,TP,32.25418958333329,13,0.3463461506506804,ml_v3freq,2026-03
298686,short,2026-03-23 06:35:00,2026-03-23 06:40:00,2026-03-23 06:43:00,4233.831,4200.529729861111,TP,33.041270138888855,3,0.3499226230522994,ml_v3freq,2026-03
298689,short,2026-03-23 06:50:00,2026-03-23 06:55:00,2026-03-23 07:05:00,4212.467,4178.445749305555,TP,33.76125069444442,10,0.34594549059899504,ml_v3freq,2026-03
298694,short,2026-03-23 07:15:00,2026-03-23 07:20:00,2026-03-23 07:24:00,4116.964,4135.235439121528,SL,-18.531439121527775,4,0.3487168955942992,ml_v3freq,2026-03
298721,short,2026-03-23 09:30:00,2026-03-23 09:35:00,2026-03-23 09:39:00,4282.187,4243.114167361111,TP,38.81283263888889,4,0.34772916377641044,ml_v3freq,2026-03
298724,short,2026-03-23 09:45:00,2026-03-23 09:50:00,2026-03-23 10:02:00,4237.754,4258.287738240278,SL,-20.813738240277782,12,0.3487760530905252,ml_v3freq,2026-03
298729,short,2026-03-23 10:10:00,2026-03-23 10:15:00,2026-03-23 11:00:00,4263.93,4284.577246464931,SL,-20.90724646493055,45,0.3490492415643195,ml_v3freq,2026-03
298959,short,2026-03-24 06:20:00,2026-03-24 06:25:00,2026-03-24 07:00:00,4385.314,4409.508514403125,SL,-24.53051440312499,35,0.3488686740476944,ml_v3freq,2026-03
299028,short,2026-03-24 12:05:00,2026-03-24 12:10:00,2026-03-24 12:37:00,4412.213,4373.564209722222,TP,38.284790277777766,27,0.35507706970371555,ml_v3freq,2026-03
299057,short,2026-03-24 14:30:00,2026-03-24 14:35:00,2026-03-24 14:52:00,4415.221,4433.316587289236,SL,-18.45958728923612,17,0.3478687833169318,ml_v3freq,2026-03
299127,long,2026-03-24 20:20:00,2026-03-24 20:25:00,2026-03-24 20:32:00,4463.359,4447.634950052779,SL,-16.08804994722224,7,0.4223613437492295,ml_v3freq,2026-03
299131,long,2026-03-24 20:40:00,2026-03-24 20:45:00,2026-03-24 23:16:00,4459.467,4490.085110416667,TP,30.254110416666705,89,0.4203142264718227,ml_v3freq,2026-03
299209,long,2026-03-25 04:10:00,2026-03-25 04:15:00,2026-03-25 05:26:00,4573.605,4559.636630967708,SL,-14.332369032291707,71,0.3940786593880451,ml_v3freq,2026-03
299226,long,2026-03-25 05:35:00,2026-03-25 05:40:00,2026-03-25 06:06:00,4559.26,4545.638767000694,SL,-13.985232999305602,26,0.3987330886006435,ml_v3freq,2026-03
299401,long,2026-03-25 20:10:00,2026-03-25 20:15:00,2026-03-25 20:35:00,4529.446,4518.606454643403,SL,-11.119545356597238,20,0.4037959175085506,ml_v3freq,2026-03
299408,long,2026-03-25 20:45:00,2026-03-25 20:50:00,2026-03-25 22:05:00,4505.968,4526.943395833333,TP,20.695395833333354,13,0.41968232697349717,ml_v3freq,2026-03
299414,long,2026-03-25 22:15:00,2026-03-25 22:20:00,2026-03-25 22:43:00,4508.295,4529.502335416667,TP,20.847335416666684,23,0.3992643217688311,ml_v3freq,2026-03
299440,short,2026-03-26 00:25:00,2026-03-26 00:30:00,2026-03-26 00:49:00,4525.14,4535.767045324653,SL,-10.90704532465277,19,0.34796115428604435,ml_v3freq,2026-03
299449,short,2026-03-26 01:10:00,2026-03-26 01:15:00,2026-03-26 02:35:00,4538.438,4518.502776388889,TP,19.65522361111111,80,0.34652001828350376,ml_v3freq,2026-03
299504,short,2026-03-26 05:45:00,2026-03-26 05:50:00,2026-03-26 05:56:00,4473.2,4453.562227083333,TP,19.35777291666664,6,0.3463784258862011,ml_v3freq,2026-03
299508,short,2026-03-26 06:05:00,2026-03-26 06:10:00,2026-03-26 06:15:00,4438.141,4418.006240972222,TP,19.85475902777776,5,0.35274464805746686,ml_v3freq,2026-03
299513,short,2026-03-26 06:30:00,2026-03-26 06:35:00,2026-03-26 06:40:00,4437.009,4447.6025083527775,SL,-10.873508352777764,5,0.34960400481844556,ml_v3freq,2026-03
299535,short,2026-03-26 08:20:00,2026-03-26 08:25:00,2026-03-26 10:23:00,4432.12,4442.93347691875,SL,-11.09347691874999,118,0.3485423864903511,ml_v3freq,2026-03
299562,short,2026-03-26 10:35:00,2026-03-26 10:40:00,2026-03-26 10:50:00,4431.117,4442.296685095486,SL,-11.459685095486101,10,0.35672048693864983,ml_v3freq,2026-03
299576,short,2026-03-26 11:45:00,2026-03-26 11:50:00,2026-03-26 12:09:00,4426.498,4437.781208818749,SL,-11.563208818749988,19,0.356414864122564,ml_v3freq,2026-03
299661,long,2026-03-26 18:50:00,2026-03-26 18:55:00,2026-03-26 19:11:00,4394.025,4382.026966757291,SL,-12.278033242708338,16,0.40536333776127,ml_v3freq,2026-03
299690,long,2026-03-26 22:15:00,2026-03-26 22:20:00,2026-03-26 23:08:00,4406.728,4394.435777154166,SL,-12.652222845833345,48,0.39662268647909993,ml_v3freq,2026-03
299702,long,2026-03-26 23:15:00,2026-03-26 23:20:00,2026-03-27 00:22:00,4400.807,4388.58061295625,SL,-12.506387043750001,62,0.402478524112709,ml_v3freq,2026-03
299717,long,2026-03-27 00:30:00,2026-03-27 00:35:00,2026-03-27 00:50:00,4395.277,4383.2428860392365,SL,-12.3141139607639,15,0.42789768114001514,ml_v3freq,2026-03
299724,long,2026-03-27 01:05:00,2026-03-27 01:10:00,2026-03-27 01:31:00,4392.494,4415.511148611111,TP,22.737148611111138,21,0.3973154920303271,ml_v3freq,2026-03
299731,long,2026-03-27 01:40:00,2026-03-27 01:45:00,2026-03-27 03:39:00,4419.24,4442.242909722222,TP,22.722909722222237,114,0.4064902633789196,ml_v3freq,2026-03
299756,long,2026-03-27 03:45:00,2026-03-27 03:50:00,2026-03-27 05:34:00,4434.736,4457.647487499999,TP,22.631487499999988,104,0.4367152062767795,ml_v3freq,2026-03
299793,short,2026-03-27 06:50:00,2026-03-27 06:55:00,2026-03-27 08:17:00,4462.815,4440.066946527777,TP,22.468053472222227,82,0.3468274573978104,ml_v3freq,2026-03
299860,short,2026-03-27 12:25:00,2026-03-27 12:30:00,2026-03-27 12:50:00,4429.453,4440.019221615278,SL,-10.846221615277765,20,0.348154024563075,ml_v3freq,2026-03
299867,short,2026-03-27 13:00:00,2026-03-27 13:05:00,2026-03-27 13:33:00,4433.647,4413.50875,TP,19.858249999999977,28,0.35129850775398563,ml_v3freq,2026-03
299875,short,2026-03-27 13:40:00,2026-03-27 13:45:00,2026-03-27 13:47:00,4428.867,4439.340301464236,SL,-10.753301464236106,2,0.35327511698402714,ml_v3freq,2026-03
299878,short,2026-03-27 13:55:00,2026-03-27 14:00:00,2026-03-27 14:03:00,4431.621,4442.1400412746525,SL,-10.799041274652772,3,0.35107138365024837,ml_v3freq,2026-03
299881,long,2026-03-27 14:10:00,2026-03-27 14:15:00,2026-03-27 14:50:00,4460.25,4480.705111111111,TP,20.175111111111104,35,0.4164739156963023,ml_v3freq,2026-03
300034,long,2026-03-30 03:55:00,2026-03-30 04:00:00,2026-03-30 05:49:00,4495.893,4516.29339375,TP,20.120393750000027,109,0.39784591360960475,ml_v3freq,2026-03
300063,short,2026-03-30 06:20:00,2026-03-30 06:25:00,2026-03-30 06:45:00,4532.494,4543.242395113194,SL,-11.028395113194478,20,0.3484057198428171,ml_v3freq,2026-03
300086,short,2026-03-30 08:15:00,2026-03-30 08:20:00,2026-03-30 11:18:00,4532.779,4543.431522470487,SL,-10.932522470486143,178,0.3461583983060716,ml_v3freq,2026-03
300126,short,2026-03-30 11:35:00,2026-03-30 11:40:00,2026-03-30 11:44:00,4541.217,4551.927175426042,SL,-10.990175426041679,4,0.3464594706615878,ml_v3freq,2026-03
300181,short,2026-03-30 16:10:00,2026-03-30 16:15:00,2026-03-30 17:14:00,4544.549,4524.125544444444,TP,20.143455555555555,59,0.3481984674689974,ml_v3freq,2026-03
300231,long,2026-03-30 20:20:00,2026-03-30 20:25:00,2026-03-30 22:03:00,4503.099,4522.551216666667,TP,19.172216666666667,36,0.3944800413007401,ml_v3freq,2026-03
300329,short,2026-03-31 05:30:00,2026-03-31 05:35:00,2026-03-31 06:14:00,4575.443,4556.933704861111,TP,18.229295138888887,39,0.34618702634802034,ml_v3freq,2026-03
300356,short,2026-03-31 07:45:00,2026-03-31 07:50:00,2026-03-31 08:04:00,4558.293,4567.836762639583,SL,-9.823762639583318,14,0.34679188310230535,ml_v3freq,2026-03
300383,short,2026-03-31 10:00:00,2026-03-31 10:05:00,2026-03-31 10:38:00,4560.087,4541.929139583333,TP,17.87786041666665,33,0.34808600721728844,ml_v3freq,2026-03
300411,short,2026-03-31 12:20:00,2026-03-31 12:25:00,2026-03-31 12:37:00,4577.743,4587.563526986111,SL,-10.100526986111104,12,0.34636273972083914,ml_v3freq,2026-03
300416,short,2026-03-31 12:45:00,2026-03-31 12:50:00,2026-03-31 13:10:00,4573.12,4582.878861975347,SL,-10.03886197534722,20,0.35239375800289463,ml_v3freq,2026-03
300423,short,2026-03-31 13:20:00,2026-03-31 13:25:00,2026-03-31 13:50:00,4583.558,4593.271673772917,SL,-9.993673772916667,25,0.3491990872011448,ml_v3freq,2026-03
300436,long,2026-03-31 14:25:00,2026-03-31 14:30:00,2026-03-31 14:37:00,4618.861,4608.898372447222,SL,-10.242627552777781,7,0.3974237683134145,ml_v3freq,2026-03
300443,long,2026-03-31 15:00:00,2026-03-31 15:05:00,2026-03-31 16:39:00,4613.139,4632.157671527778,TP,18.738671527777775,94,0.3955116424352433,ml_v3freq,2026-03
300490,long,2026-03-31 18:55:00,2026-03-31 19:00:00,2026-03-31 20:00:00,4667.608,4686.856319444445,TP,18.968319444444475,60,0.3957816148764831,ml_v3freq,2026-03
300505,long,2026-03-31 20:10:00,2026-03-31 20:15:00,2026-03-31 20:27:00,4679.115,4669.095263162847,SL,-10.299736837152784,12,0.3969965601404516,ml_v3freq,2026-03
300510,long,2026-03-31 20:35:00,2026-03-31 20:40:00,2026-03-31 22:38:00,4670.715,4689.907563194444,TP,18.912563194444452,56,0.4406035323685863,ml_v3freq,2026-03
300534,long,2026-03-31 23:35:00,2026-03-31 23:40:00,2026-04-01 00:18:00,4692.079,4712.061852083333,TP,19.702852083333347,38,0.39460846560896334,ml_v3freq,2026-03
300539,long,2026-04-01 00:00:00,2026-04-01 00:05:00,2026-04-01 00:26:00,4698.713,4718.711420138889,TP,19.7184201388889,21,0.3822098491284993,ml_v3freq,2026-04
300546,long,2026-04-01 00:35:00,2026-04-01 00:40:00,2026-04-01 01:06:00,4704.363,4693.899579858681,SL,-10.74342014131945,26,0.39144442120177014,ml_v3freq,2026-04
300554,long,2026-04-01 01:15:00,2026-04-01 01:20:00,2026-04-01 01:39:00,4698.217,4687.728114618055,SL,-10.768885381944457,19,0.3820133478948714,ml_v3freq,2026-04
300561,long,2026-04-01 01:50:00,2026-04-01 01:55:00,2026-04-01 02:22:00,4695.172,4684.767959069444,SL,-10.684040930555557,27,0.40413618388331674,ml_v3freq,2026-04
300573,long,2026-04-01 02:50:00,2026-04-01 02:55:00,2026-04-01 04:04:00,4686.884,4676.8745373576385,SL,-10.28946264236111,69,0.3780275560348788,ml_v3freq,2026-04
300590,long,2026-04-01 04:15:00,2026-04-01 04:20:00,2026-04-01 05:19:00,4669.031,4687.687183333333,TP,18.376183333333305,59,0.38065919367188106,ml_v3freq,2026-04
300605,long,2026-04-01 05:30:00,2026-04-01 05:35:00,2026-04-01 06:00:00,4693.089,4683.5010809427085,SL,-9.867919057291662,25,0.3979796335505916,ml_v3freq,2026-04
300613,long,2026-04-01 06:10:00,2026-04-01 06:15:00,2026-04-01 06:45:00,4697.434,4715.949589583333,TP,18.235589583333336,30,0.4047329406446072,ml_v3freq,2026-04
300625,long,2026-04-01 07:10:00,2026-04-01 07:15:00,2026-04-01 07:33:00,4715.492,4734.085521527778,TP,18.313521527777755,18,0.3812437100948196,ml_v3freq,2026-04
300632,long,2026-04-01 07:45:00,2026-04-01 07:50:00,2026-04-01 07:52:00,4722.693,4712.915200806598,SL,-10.057799193402772,2,0.3771050820704896,ml_v3freq,2026-04
300635,long,2026-04-01 08:00:00,2026-04-01 08:05:00,2026-04-01 11:17:00,4721.76,4740.730172222223,TP,18.690172222222213,192,0.39884105871912057,ml_v3freq,2026-04
300700,short,2026-04-01 13:25:00,2026-04-01 13:30:00,2026-04-01 13:38:00,4736.129,4745.99515568125,SL,-10.146155681250015,8,0.3392651965248394,ml_v3freq,2026-04
300733,long,2026-04-01 16:10:00,2026-04-01 16:15:00,2026-04-01 18:03:00,4775.174,4765.396292079861,SL,-10.05770792013889,108,0.37966089052101215,ml_v3freq,2026-04
300757,long,2026-04-01 18:10:00,2026-04-01 18:15:00,2026-04-01 18:18:00,4771.218,4761.849101060417,SL,-9.648898939583328,3,0.39936096635719576,ml_v3freq,2026-04
300760,long,2026-04-01 18:25:00,2026-04-01 18:30:00,2026-04-01 18:37:00,4754.193,4744.831521973611,SL,-9.641478026388878,7,0.3918497036428585,ml_v3freq,2026-04
300774,long,2026-04-01 19:35:00,2026-04-01 19:40:00,2026-04-01 19:50:00,4774.806,4765.536001594444,SL,-9.549998405555556,10,0.4004856348027366,ml_v3freq,2026-04
300779,long,2026-04-01 20:00:00,2026-04-01 20:05:00,2026-04-01 20:40:00,4765.476,4756.168714481944,SL,-9.587285518055555,35,0.3773495026827245,ml_v3freq,2026-04
300789,long,2026-04-01 20:50:00,2026-04-01 20:55:00,2026-04-01 22:34:00,4757.642,4775.383884722222,TP,17.381884722222235,21,0.38251617516134173,ml_v3freq,2026-04
300796,long,2026-04-01 22:40:00,2026-04-01 22:45:00,2026-04-01 23:15:00,4776.187,4793.994044444445,TP,17.447044444444447,30,0.4469810879759308,ml_v3freq,2026-04
300805,long,2026-04-01 23:25:00,2026-04-01 23:30:00,2026-04-01 23:45:00,4795.095,4785.887587274653,SL,-9.487412725347227,15,0.44051450879810083,ml_v3freq,2026-04
300811,long,2026-04-01 23:55:00,2026-04-02 00:00:00,2026-04-02 00:03:00,4784.241,4775.204990527431,SL,-9.316009472569446,3,0.4109800478551787,ml_v3freq,2026-04
300843,short,2026-04-02 02:35:00,2026-04-02 02:40:00,2026-04-02 02:41:00,4659.628,4669.538296225347,SL,-10.190296225347222,1,0.3414374960290555,ml_v3freq,2026-04
300867,short,2026-04-02 04:35:00,2026-04-02 04:40:00,2026-04-02 05:00:00,4664.756,4674.674280651737,SL,-10.198280651736122,20,0.3429750914699756,ml_v3freq,2026-04
300878,short,2026-04-02 05:30:00,2026-04-02 05:35:00,2026-04-02 05:44:00,4651.513,4632.061868055555,TP,19.171131944444472,9,0.3428981496787198,ml_v3freq,2026-04
300882,short,2026-04-02 05:50:00,2026-04-02 05:55:00,2026-04-02 06:02:00,4604.123,4584.067196527777,TP,19.775803472222254,7,0.342645860992587,ml_v3freq,2026-04
300886,short,2026-04-02 06:10:00,2026-04-02 06:15:00,2026-04-02 06:19:00,4580.844,4591.574985730208,SL,-11.01098573020835,4,0.34595420189968384,ml_v3freq,2026-04
300889,short,2026-04-02 06:25:00,2026-04-02 06:30:00,2026-04-02 06:50:00,4591.241,4602.083684363194,SL,-11.122684363194457,20,0.34727237599089056,ml_v3freq,2026-04
300896,short,2026-04-02 07:00:00,2026-04-02 07:05:00,2026-04-02 07:11:00,4603.131,4614.112764975348,SL,-11.261764975347237,6,0.34512842672064215,ml_v3freq,2026-04
300900,long,2026-04-02 07:20:00,2026-04-02 07:25:00,2026-04-02 07:41:00,4619.231,4640.506871527778,TP,20.995871527777798,16,0.38611226073185684,ml_v3freq,2026-04
300906,short,2026-04-02 07:50:00,2026-04-02 07:55:00,2026-04-02 08:56:00,4644.961,4623.608090277778,TP,21.07290972222224,61,0.34321426666829025,ml_v3freq,2026-04
300921,short,2026-04-02 09:05:00,2026-04-02 09:10:00,2026-04-02 09:16:00,4616.79,4627.791095065278,SL,-11.281095065277793,6,0.34178366254416837,ml_v3freq,2026-04
300925,short,2026-04-02 09:25:00,2026-04-02 09:30:00,2026-04-02 10:05:00,4620.725,4631.735464464236,SL,-11.290464464236123,35,0.3398863572940005,ml_v3freq,2026-04
300935,short,2026-04-02 10:15:00,2026-04-02 10:20:00,2026-04-02 10:42:00,4614.904,4625.9950627246535,SL,-11.371062724652795,22,0.340536049354484,ml_v3freq,2026-04
300942,short,2026-04-02 10:50:00,2026-04-02 10:55:00,2026-04-02 11:42:00,4620.795,4599.314253472222,TP,21.200746527777813,47,0.3450708303336405,ml_v3freq,2026-04
300954,short,2026-04-02 11:50:00,2026-04-02 11:55:00,2026-04-02 12:14:00,4601.268,4612.56723719757,SL,-11.579237197569451,19,0.33958162854758633,ml_v3freq,2026-04
300961,long,2026-04-02 12:25:00,2026-04-02 12:30:00,2026-04-02 12:47:00,4626.147,4614.737139606597,SL,-11.689860393402778,17,0.3785377103602807,ml_v3freq,2026-04
300967,short,2026-04-02 12:55:00,2026-04-02 13:00:00,2026-04-02 13:06:00,4602.098,4613.545405452083,SL,-11.727405452083325,6,0.34131748749513935,ml_v3freq,2026-04
300971,short,2026-04-02 13:15:00,2026-04-02 13:20:00,2026-04-02 13:30:00,4591.063,4602.687717656598,SL,-11.904717656597217,10,0.3425353444983513,ml_v3freq,2026-04
300976,long,2026-04-02 13:40:00,2026-04-02 13:45:00,2026-04-02 13:48:00,4601.736,4624.3550631944445,TP,22.339063194444424,3,0.3864427497793565,ml_v3freq,2026-04
300985,long,2026-04-02 14:25:00,2026-04-02 14:30:00,2026-04-02 14:36:00,4665.085,4688.070829166667,TP,22.705829166666653,6,0.3794247986865047,ml_v3freq,2026-04
300990,long,2026-04-02 14:50:00,2026-04-02 14:55:00,2026-04-02 15:02:00,4683.833,4671.728307995833,SL,-12.38469200416665,7,0.38256246943318223,ml_v3freq,2026-04
300994,long,2026-04-02 15:10:00,2026-04-02 15:15:00,2026-04-02 15:22:00,4672.177,4660.050529401388,SL,-12.406470598611097,7,0.37748074160832645,ml_v3freq,2026-04
300998,long,2026-04-02 15:30:00,2026-04-02 15:35:00,2026-04-02 15:43:00,4675.255,4663.125116575,SL,-12.409883424999983,8,0.3885999774140124,ml_v3freq,2026-04
301002,long,2026-04-02 15:50:00,2026-04-02 15:55:00,2026-04-02 16:08:00,4661.908,4649.856571897917,SL,-12.33142810208332,13,0.37859369465827397,ml_v3freq,2026-04
301012,long,2026-04-02 16:40:00,2026-04-02 16:45:00,2026-04-02 17:31:00,4658.801,4646.70247489375,SL,-12.378525106249993,46,0.37660344305423554,ml_v3freq,2026-04
301024,long,2026-04-02 17:40:00,2026-04-02 17:45:00,2026-04-02 19:10:00,4657.447,4680.823260416667,TP,23.09626041666666,85,0.4049174140321512,ml_v3freq,2026-04
301046,long,2026-04-02 19:30:00,2026-04-02 19:35:00,2026-04-05 22:02:00,4663.874,4651.664081827777,SL,-12.489918172222216,84,0.38111325929647133,ml_v3freq,2026-04
301087,short,2026-04-05 23:55:00,2026-04-06 00:00:00,2026-04-06 00:05:00,4610.706,4623.467077728819,SL,-13.041077728819415,5,0.34482118265397493,ml_v3freq,2026-04
301091,short,2026-04-06 00:15:00,2026-04-06 00:20:00,2026-04-06 01:01:00,4614.985,4627.810060286805,SL,-13.105060286805529,41,0.35186625534566596,ml_v3freq,2026-04
301102,short,2026-04-06 01:10:00,2026-04-06 01:15:00,2026-04-06 02:17:00,4641.643,4654.563960708333,SL,-13.200960708333303,62,0.35259193222756113,ml_v3freq,2026-04
301117,short,2026-04-06 02:25:00,2026-04-06 02:30:00,2026-04-06 03:03:00,4661.226,4636.935471527778,TP,24.010528472222163,33,0.34308806675912806,ml_v3freq,2026-04
301126,short,2026-04-06 03:10:00,2026-04-06 03:15:00,2026-04-06 04:03:00,4632.985,4645.1907989701385,SL,-12.485798970138852,48,0.3528907444620234,ml_v3freq,2026-04
301138,short,2026-04-06 04:10:00,2026-04-06 04:15:00,2026-04-06 04:54:00,4643.573,4655.450143788889,SL,-12.157143788888856,39,0.3464050940279235,ml_v3freq,2026-04
301148,short,2026-04-06 05:00:00,2026-04-06 05:05:00,2026-04-06 05:10:00,4662.907,4674.680917695833,SL,-12.053917695833299,5,0.3394957140818882,ml_v3freq,2026-04
301152,long,2026-04-06 05:20:00,2026-04-06 05:25:00,2026-04-06 05:41:00,4673.277,4661.4969074694445,SL,-12.060092530555519,16,0.37892745893430624,ml_v3freq,2026-04
301159,long,2026-04-06 05:55:00,2026-04-06 06:00:00,2026-04-06 07:50:00,4652.791,4675.469043055556,TP,22.39804305555548,110,0.4048132210574801,ml_v3freq,2026-04
301184,long,2026-04-06 08:00:00,2026-04-06 08:05:00,2026-04-06 11:46:00,4693.203,4682.2273701753475,SL,-11.255629824652734,221,0.4071723397891552,ml_v3freq,2026-04
301238,short,2026-04-06 12:30:00,2026-04-06 12:35:00,2026-04-06 14:00:00,4673.569,4683.881132722223,SL,-10.59213272222219,85,0.3418187638151455,ml_v3freq,2026-04
301262,long,2026-04-06 14:30:00,2026-04-06 14:35:00,2026-04-06 14:38:00,4691.779,4681.727289741667,SL,-10.331710258333313,3,0.40422713086269135,ml_v3freq,2026-04
301269,short,2026-04-06 15:05:00,2026-04-06 15:10:00,2026-04-06 17:14:00,4667.586,4648.6352611111115,TP,18.670738888888852,124,0.34742848052622677,ml_v3freq,2026-04
301299,short,2026-04-06 17:35:00,2026-04-06 17:40:00,2026-04-07 00:43:00,4659.391,4660.8,TIMEOUT,-1.6890000000005603,360,0.3398604705673702,ml_v3freq,2026-04
301375,long,2026-04-07 00:55:00,2026-04-07 01:00:00,2026-04-07 01:01:00,4654.699,4646.982476514236,SL,-7.996523485763886,1,0.3821415829556807,ml_v3freq,2026-04
301378,short,2026-04-07 01:10:00,2026-04-07 01:15:00,2026-04-07 01:16:00,4640.793,4648.692482727431,SL,-8.25948272743055,1,0.3444256145543655,ml_v3freq,2026-04
301381,short,2026-04-07 01:25:00,2026-04-07 01:30:00,2026-04-07 01:38:00,4654.634,4639.498099305556,TP,14.855900694444436,8,0.34331805904982565,ml_v3freq,2026-04
301386,short,2026-04-07 01:50:00,2026-04-07 01:55:00,2026-04-07 02:29:00,4627.037,4635.0889844777785,SL,-8.331984477777779,34,0.3456046226716705,ml_v3freq,2026-04
301395,short,2026-04-07 02:35:00,2026-04-07 02:40:00,2026-04-07 02:48:00,4641.985,4649.947564457986,SL,-8.242564457986115,8,0.3436809629064888,ml_v3freq,2026-04
301401,short,2026-04-07 03:05:00,2026-04-07 03:10:00,2026-04-07 04:31:00,4646.05,4653.980055302431,SL,-8.210055302430566,81,0.34322232990607876,ml_v3freq,2026-04
301424,short,2026-04-07 05:00:00,2026-04-07 05:05:00,2026-04-07 05:26:00,4656.765,4642.295378472222,TP,14.189621527777822,21,0.3454020001037712,ml_v3freq,2026-04
301431,short,2026-04-07 05:35:00,2026-04-07 05:40:00,2026-04-07 06:12:00,4639.511,4647.153524679167,SL,-7.922524679166678,32,0.34604313560195765,ml_v3freq,2026-04
301440,short,2026-04-07 06:20:00,2026-04-07 06:25:00,2026-04-07 06:42:00,4642.128,4649.806248240972,SL,-7.958248240972235,17,0.3420158666846309,ml_v3freq,2026-04
301446,long,2026-04-07 06:50:00,2026-04-07 06:55:00,2026-04-07 07:23:00,4653.755,4646.063544914584,SL,-7.9714550854166815,28,0.39365663458958733,ml_v3freq,2026-04
301454,short,2026-04-07 07:30:00,2026-04-07 07:35:00,2026-04-07 08:02:00,4642.963,4650.63478768125,SL,-7.951787681250011,27,0.33946792802023684,ml_v3freq,2026-04
301462,long,2026-04-07 08:10:00,2026-04-07 08:15:00,2026-04-07 08:21:00,4663.708,4678.496835416667,TP,14.508835416666692,6,0.3902232558176047,ml_v3freq,2026-04
301467,long,2026-04-07 08:35:00,2026-04-07 08:40:00,2026-04-07 09:41:00,4681.77,4673.945436748611,SL,-8.104563251388898,61,0.37634891145543875,ml_v3freq,2026-04
301482,short,2026-04-07 09:50:00,2026-04-07 09:55:00,2026-04-07 10:05:00,4670.195,4678.004443636805,SL,-8.089443636805552,10,0.3507963564539057,ml_v3freq,2026-04
301487,short,2026-04-07 10:15:00,2026-04-07 10:20:00,2026-04-07 10:26:00,4677.326,4662.140454166667,TP,14.905545833333317,6,0.34940260614396157,ml_v3freq,2026-04
301491,short,2026-04-07 10:35:00,2026-04-07 10:40:00,2026-04-07 11:02:00,4663.632,4648.262311111111,TP,15.089688888888872,22,0.34948208893776955,ml_v3freq,2026-04
301498,short,2026-04-07 11:10:00,2026-04-07 11:15:00,2026-04-07 11:22:00,4635.444,4643.588301431598,SL,-8.424301431597216,7,0.341204289205407,ml_v3freq,2026-04
301502,short,2026-04-07 11:30:00,2026-04-07 11:35:00,2026-04-07 11:37:00,4649.31,4657.507112935764,SL,-8.477112935763879,2,0.3475613143587214,ml_v3freq,2026-04
301505,short,2026-04-07 11:45:00,2026-04-07 11:50:00,2026-04-07 12:24:00,4660.202,4668.434796813542,SL,-8.512796813541657,34,0.35481277073861184,ml_v3freq,2026-04
301514,short,2026-04-07 12:30:00,2026-04-07 12:35:00,2026-04-07 13:35:00,4661.151,4645.108897916666,TP,15.762102083333312,60,0.35391271080018105,ml_v3freq,2026-04
301529,short,2026-04-07 13:45:00,2026-04-07 13:50:00,2026-04-07 14:02:00,4647.352,4631.074230555555,TP,15.997769444444407,12,0.35036681558133187,ml_v3freq,2026-04
301537,short,2026-04-07 14:25:00,2026-04-07 14:30:00,2026-04-07 14:33:00,4645.159,4653.911744882292,SL,-9.032744882291658,3,0.34231493610697883,ml_v3freq,2026-04
301540,short,2026-04-07 14:40:00,2026-04-07 14:45:00,2026-04-07 14:46:00,4647.21,4655.927699917361,SL,-8.997699917361096,1,0.3451405422295598,ml_v3freq,2026-04
301546,short,2026-04-07 15:10:00,2026-04-07 15:15:00,2026-04-07 15:20:00,4642.865,4651.5053636840275,SL,-8.920363684027762,5,0.3400234802420725,ml_v3freq,2026-04
301553,short,2026-04-07 15:45:00,2026-04-07 15:50:00,2026-04-07 16:02:00,4651.282,4659.889525151042,SL,-8.88752515104165,12,0.3401739372666468,ml_v3freq,2026-04
301558,short,2026-04-07 16:10:00,2026-04-07 16:15:00,2026-04-07 16:23:00,4658.708,4667.296762542708,SL,-8.868762542708312,8,0.34554438821151945,ml_v3freq,2026-04
301562,short,2026-04-07 16:30:00,2026-04-07 16:35:00,2026-04-07 17:06:00,4659.46,4668.066874332986,SL,-8.886874332986087,31,0.34446806243732664,ml_v3freq,2026-04
301580,long,2026-04-07 18:00:00,2026-04-07 18:05:00,2026-04-07 18:51:00,4678.033,4669.378941357986,SL,-8.934058642013852,46,0.3933879683948747,ml_v3freq,2026-04
301595,long,2026-04-07 19:15:00,2026-04-07 19:20:00,2026-04-07 19:45:00,4689.855,4706.718924305555,TP,16.503924305555522,25,0.4249611539605655,ml_v3freq,2026-04
301603,long,2026-04-07 19:55:00,2026-04-07 20:00:00,2026-04-07 22:01:00,4700.691,4717.993113888889,TP,17.02211388888886,58,0.38867407993241876,ml_v3freq,2026-04
301653,long,2026-04-08 01:05:00,2026-04-08 01:10:00,2026-04-08 01:18:00,4818.557,4807.679742911805,SL,-11.237257088194427,8,0.3756453664606758,ml_v3freq,2026-04
301658,long,2026-04-08 01:30:00,2026-04-08 01:35:00,2026-04-08 02:00:00,4799.281,4820.575189583334,TP,21.0141895833333,25,0.38404700059974284,ml_v3freq,2026-04
301666,long,2026-04-08 02:10:00,2026-04-08 02:15:00,2026-04-08 02:54:00,4813.686,4802.753526555555,SL,-11.212473444444427,39,0.3811954035669935,ml_v3freq,2026-04
301678,long,2026-04-08 03:10:00,2026-04-08 03:15:00,2026-04-08 05:31:00,4798.694,4819.0003284722225,TP,20.026328472222172,136,0.38967127353913056,ml_v3freq,2026-04
301713,long,2026-04-08 06:05:00,2026-04-08 06:10:00,2026-04-08 07:02:00,4824.167,4813.40090977882,SL,-11.046090221180517,52,0.37866818637563604,ml_v3freq,2026-04
301728,long,2026-04-08 07:20:00,2026-04-08 07:25:00,2026-04-08 07:41:00,4815.972,4805.2855199069445,SL,-11.046480093055514,16,0.39193008988569306,ml_v3freq,2026-04
301734,long,2026-04-08 07:50:00,2026-04-08 07:55:00,2026-04-08 08:04:00,4818.678,4807.960788595833,SL,-10.99721140416663,9,0.39795885101945094,ml_v3freq,2026-04
301738,short,2026-04-08 08:10:00,2026-04-08 08:15:00,2026-04-08 08:42:00,4814.862,4794.215,TP,20.366999999999926,27,0.3398971100675869,ml_v3freq,2026-04
301781,short,2026-04-08 11:45:00,2026-04-08 11:50:00,2026-04-08 12:13:00,4796.016,4806.540878795138,SL,-10.80487879513885,23,0.3393989046442318,ml_v3freq,2026-04
301793,short,2026-04-08 12:45:00,2026-04-08 12:50:00,2026-04-08 13:33:00,4797.202,4776.959777083333,TP,19.962222916666594,43,0.34012895723460196,ml_v3freq,2026-04
301804,long,2026-04-08 13:40:00,2026-04-08 13:45:00,2026-04-08 14:25:00,4774.122,4763.54505972882,SL,-10.856940271180525,40,0.3880833233615384,ml_v3freq,2026-04
301815,long,2026-04-08 14:35:00,2026-04-08 14:40:00,2026-04-08 14:48:00,4761.053,4750.2687583045135,SL,-11.064241695486086,8,0.37863597147093786,ml_v3freq,2026-04
301839,long,2026-04-08 16:35:00,2026-04-08 16:40:00,2026-04-08 17:22:00,4759.206,4748.792788090625,SL,-10.693211909374966,42,0.37899850209512775,ml_v3freq,2026-04
301850,long,2026-04-08 17:30:00,2026-04-08 17:35:00,2026-04-08 17:55:00,4744.94,4734.632434909375,SL,-10.587565090624969,20,0.3776154212062036,ml_v3freq,2026-04
301883,long,2026-04-08 20:15:00,2026-04-08 20:20:00,2026-04-08 22:12:00,4724.585,4714.2670416625,SL,-10.597958337499975,49,0.37618716226402554,ml_v3freq,2026-04
301896,long,2026-04-08 22:20:00,2026-04-08 22:25:00,2026-04-09 00:05:00,4712.749,4702.6951587093745,SL,-10.413841290624974,100,0.4219577717503603,ml_v3freq,2026-04
301919,short,2026-04-09 00:15:00,2026-04-09 00:20:00,2026-04-09 00:31:00,4703.941,4713.097025877778,SL,-9.43602587777776,11,0.3432160186106964,ml_v3freq,2026-04
301924,long,2026-04-09 00:40:00,2026-04-09 00:45:00,2026-04-09 00:54:00,4718.473,4709.375139001736,SL,-9.37786099826387,9,0.37773854979440025,ml_v3freq,2026-04
301928,short,2026-04-09 01:00:00,2026-04-09 01:05:00,2026-04-09 01:14:00,4712.357,4721.348599077083,SL,-9.27159907708331,9,0.34234266027333804,ml_v3freq,2026-04
301933,short,2026-04-09 01:25:00,2026-04-09 01:30:00,2026-04-09 01:34:00,4704.725,4713.664616969098,SL,-9.2196169690972,4,0.35558576926114627,ml_v3freq,2026-04
301938,long,2026-04-09 01:50:00,2026-04-09 01:55:00,2026-04-09 03:11:00,4723.426,4714.549683023612,SL,-9.156316976388862,76,0.37832073739607613,ml_v3freq,2026-04
301956,long,2026-04-09 03:20:00,2026-04-09 03:25:00,2026-04-09 04:53:00,4708.816,4725.260549305555,TP,16.16454930555552,88,0.3990307868319136,ml_v3freq,2026-04
301976,long,2026-04-09 05:00:00,2026-04-09 05:05:00,2026-04-09 05:11:00,4719.768,4711.350120849305,SL,-8.697879150694428,6,0.4493526757084991,ml_v3freq,2026-04
301980,long,2026-04-09 05:20:00,2026-04-09 05:25:00,2026-04-09 05:50:00,4721.025,4712.6018627156245,SL,-8.703137284374984,25,0.4612455528195327,ml_v3freq,2026-04
301988,long,2026-04-09 06:00:00,2026-04-09 06:05:00,2026-04-09 06:26:00,4721.728,4713.239507090278,SL,-8.768492909722202,21,0.45143614895071504,ml_v3freq,2026-04
301995,long,2026-04-09 06:35:00,2026-04-09 06:40:00,2026-04-09 06:53:00,4714.785,4706.2829986472225,SL,-8.782001352777755,13,0.44448779370847974,ml_v3freq,2026-04
302000,long,2026-04-09 07:00:00,2026-04-09 07:05:00,2026-04-09 07:28:00,4715.576,4707.128203060764,SL,-8.727796939236097,23,0.41007687509935065,ml_v3freq,2026-04
302007,long,2026-04-09 07:35:00,2026-04-09 07:40:00,2026-04-09 07:46:00,4729.009,4720.469239294792,SL,-8.819760705208319,6,0.4363767181726209,ml_v3freq,2026-04
302011,long,2026-04-09 07:55:00,2026-04-09 08:00:00,2026-04-09 10:30:00,4724.276,4740.706997916666,TP,16.150997916666636,150,0.4641578865505498,ml_v3freq,2026-04
302071,short,2026-04-09 12:55:00,2026-04-09 13:00:00,2026-04-09 13:12:00,4745.979,4753.939536604167,SL,-8.240536604166659,12,0.339423238887797,ml_v3freq,2026-04
302076,short,2026-04-09 13:20:00,2026-04-09 13:25:00,2026-04-09 13:35:00,4754.167,4762.028032872917,SL,-8.141032872916655,10,0.34540633402883336,ml_v3freq,2026-04
302082,short,2026-04-09 13:50:00,2026-04-09 13:55:00,2026-04-09 14:03:00,4763.529,4771.405997757292,SL,-8.156997757291656,8,0.3426991399669749,ml_v3freq,2026-04
302087,short,2026-04-09 14:15:00,2026-04-09 14:20:00,2026-04-09 14:23:00,4761.628,4769.581972865972,SL,-8.233972865972211,3,0.3402062096826626,ml_v3freq,2026-04
302090,short,2026-04-09 14:30:00,2026-04-09 14:35:00,2026-04-09 14:50:00,4756.064,4763.988301118403,SL,-8.204301118402764,15,0.34518422570153007,ml_v3freq,2026-04
302096,short,2026-04-09 15:00:00,2026-04-09 15:05:00,2026-04-09 15:15:00,4763.691,4771.482704876389,SL,-8.071704876388873,10,0.34041358914299735,ml_v3freq,2026-04
302101,long,2026-04-09 15:25:00,2026-04-09 15:30:00,2026-04-09 15:35:00,4779.045,4793.919390972223,TP,14.594390972222184,5,0.3887592437965026,ml_v3freq,2026-04
302162,long,2026-04-09 20:30:00,2026-04-09 20:35:00,2026-04-09 20:41:00,4769.151,4761.946209989236,SL,-7.4847900107638745,6,0.39009692495825277,ml_v3freq,2026-04
302174,long,2026-04-09 22:30:00,2026-04-09 22:35:00,2026-04-09 23:11:00,4764.863,4757.602096773959,SL,-7.540903226041661,36,0.3816127421181771,ml_v3freq,2026-04
302237,short,2026-04-10 03:45:00,2026-04-10 03:50:00,2026-04-10 06:18:00,4767.025,4753.673589583333,TP,13.071410416666634,148,0.33932094176886557,ml_v3freq,2026-04
302270,long,2026-04-10 06:30:00,2026-04-10 06:35:00,2026-04-10 06:38:00,4758.099,4751.31384477257,SL,-7.06515522743053,3,0.37584127502348214,ml_v3freq,2026-04
302280,short,2026-04-10 07:20:00,2026-04-10 07:25:00,2026-04-10 08:44:00,4753.946,4740.963173611111,TP,12.702826388888854,79,0.3441414972173977,ml_v3freq,2026-04
302298,short,2026-04-10 08:50:00,2026-04-10 08:55:00,2026-04-10 09:00:00,4736.345,4742.84984312882,SL,-6.784843128819425,5,0.3404535543587384,ml_v3freq,2026-04
302303,short,2026-04-10 09:15:00,2026-04-10 09:20:00,2026-04-10 09:32:00,4759.148,4746.5269895833335,TP,12.341010416666649,12,0.3408450176346111,ml_v3freq,2026-04
302308,short,2026-04-10 09:40:00,2026-04-10 09:45:00,2026-04-10 10:23:00,4750.169,4756.6916731625,SL,-6.80267316249999,38,0.34205838938830374,ml_v3freq,2026-04
302318,short,2026-04-10 10:30:00,2026-04-10 10:35:00,2026-04-10 11:44:00,4759.357,4765.883772522569,SL,-6.806772522569428,69,0.34349338611243246,ml_v3freq,2026-04
302334,short,2026-04-10 11:50:00,2026-04-10 11:55:00,2026-04-10 12:18:00,4764.528,4771.007008826737,SL,-6.759008826736088,23,0.3402850468981075,ml_v3freq,2026-04
302341,short,2026-04-10 12:25:00,2026-04-10 12:30:00,2026-04-10 12:31:00,4762.355,4768.853668294097,SL,-6.778668294097194,1,0.3467458029615688,ml_v3freq,2026-04
302345,short,2026-04-10 12:45:00,2026-04-10 12:50:00,2026-04-10 13:06:00,4767.364,4773.990931040277,SL,-6.906931040277749,16,0.3515819111381497,ml_v3freq,2026-04
302351,short,2026-04-10 13:15:00,2026-04-10 13:20:00,2026-04-10 13:22:00,4772.14,4778.792912173264,SL,-6.932912173263862,2,0.33965377410529135,ml_v3freq,2026-04
302356,short,2026-04-10 13:40:00,2026-04-10 13:45:00,2026-04-10 13:52:00,4769.127,4775.834815025695,SL,-6.987815025694422,7,0.34007906814692496,ml_v3freq,2026-04
302361,short,2026-04-10 14:05:00,2026-04-10 14:10:00,2026-04-10 14:15:00,4775.909,4782.625716153125,SL,-6.996716153124979,5,0.34058437903064104,ml_v3freq,2026-04
302365,long,2026-04-10 14:25:00,2026-04-10 14:30:00,2026-04-10 14:42:00,4790.419,4783.667885731597,SL,-7.031114268402756,12,0.3963949416211331,ml_v3freq,2026-04
302370,short,2026-04-10 14:50:00,2026-04-10 14:55:00,2026-04-10 15:11:00,4774.499,4781.247701479514,SL,-7.028701479513866,16,0.348133903831534,ml_v3freq,2026-04
302376,long,2026-04-10 15:20:00,2026-04-10 15:25:00,2026-04-10 15:28:00,4786.026,4779.363309682291,SL,-6.94269031770831,3,0.37920689071671976,ml_v3freq,2026-04
302379,short,2026-04-10 15:35:00,2026-04-10 15:40:00,2026-04-10 15:45:00,4760.665,4767.338988360417,SL,-6.953988360416646,5,0.34994925269513566,ml_v3freq,2026-04
302383,short,2026-04-10 15:55:00,2026-04-10 16:00:00,2026-04-10 16:06:00,4762.279,4749.444719444445,TP,12.554280555555534,6,0.35070374318986375,ml_v3freq,2026-04
302387,short,2026-04-10 16:15:00,2026-04-10 16:20:00,2026-04-10 17:27:00,4761.977,4768.624527050694,SL,-6.927527050694436,67,0.3504554667703701,ml_v3freq,2026-04
302403,short,2026-04-10 17:35:00,2026-04-10 17:40:00,2026-04-10 18:20:00,4761.644,4768.183657926389,SL,-6.8196579263888735,40,0.3401846477024151,ml_v3freq,2026-04
302414,short,2026-04-10 18:30:00,2026-04-10 18:35:00,2026-04-10 19:51:00,4771.014,4758.429694444445,TP,12.304305555555526,76,0.34901216684251,ml_v3freq,2026-04
302439,long,2026-04-10 20:35:00,2026-04-10 20:40:00,2026-04-12 22:06:00,4749.828,4743.550383645834,SL,-6.557616354166658,18,0.38509065759527805,ml_v3freq,2026-04
302446,short,2026-04-12 22:15:00,2026-04-12 22:20:00,2026-04-12 22:24:00,4669.114,4656.280284722222,TP,12.473715277777753,4,0.35192661622617993,ml_v3freq,2026-04
302449,short,2026-04-12 22:30:00,2026-04-12 22:35:00,2026-04-12 23:03:00,4653.837,4660.630183306251,SL,-7.07318330624999,28,0.35192661622617993,ml_v3freq,2026-04
302457,short,2026-04-12 23:10:00,2026-04-12 23:15:00,2026-04-12 23:20:00,4659.391,4646.238025,TP,12.87297499999998,5,0.35383341351602826,ml_v3freq,2026-04
302461,short,2026-04-12 23:30:00,2026-04-12 23:35:00,2026-04-12 23:50:00,4654.868,4661.749746151042,SL,-7.161746151041657,15,0.3531394366369084,ml_v3freq,2026-04
302467,long,2026-04-13 00:00:00,2026-04-13 00:05:00,2026-04-13 00:35:00,4668.377,4681.740961111112,TP,13.083961111111083,30,0.3891761977950502,ml_v3freq,2026-04
302476,short,2026-04-13 00:45:00,2026-04-13 00:50:00,2026-04-13 00:59:00,4687.274,4694.3141925687505,SL,-7.320192568749975,9,0.3424006515586895,ml_v3freq,2026-04
302480,long,2026-04-13 01:05:00,2026-04-13 01:10:00,2026-04-13 01:21:00,4707.921,4721.634432638889,TP,13.43343263888884,11,0.3835976284361797,ml_v3freq,2026-04
302488,long,2026-04-13 01:45:00,2026-04-13 01:50:00,2026-04-13 05:57:00,4714.611,4728.521065277778,TP,13.630065277777751,247,0.38217099861407966,ml_v3freq,2026-04
302546,long,2026-04-13 06:35:00,2026-04-13 06:40:00,2026-04-13 09:09:00,4727.032,4719.800375649653,SL,-7.511624350347228,149,0.37800478573351837,ml_v3freq,2026-04
302578,long,2026-04-13 09:15:00,2026-04-13 09:20:00,2026-04-13 09:35:00,4719.722,4712.386407465277,SL,-7.615592534722241,15,0.42295494440750997,ml_v3freq,2026-04
302584,long,2026-04-13 09:45:00,2026-04-13 09:50:00,2026-04-13 11:06:00,4713.543,4727.668413194444,TP,13.845413194444484,76,0.4222076958488608,ml_v3freq,2026-04
302604,long,2026-04-13 11:25:00,2026-04-13 11:30:00,2026-04-13 11:36:00,4720.892,4713.703496314236,SL,-7.468503685763905,6,0.3798031516794191,ml_v3freq,2026-04
302630,long,2026-04-13 13:35:00,2026-04-13 13:40:00,2026-04-13 13:50:00,4727.331,4741.505653472223,TP,13.894653472222274,10,0.38783094920977357,ml_v3freq,2026-04
302667,short,2026-04-13 16:40:00,2026-04-13 16:45:00,2026-04-13 17:08:00,4740.203,4726.123022916667,TP,13.799977083333413,23,0.3428061339296167,ml_v3freq,2026-04
302677,short,2026-04-13 17:30:00,2026-04-13 17:35:00,2026-04-13 17:53:00,4743.508,4729.373450694444,TP,13.854549305555615,18,0.341974061208971,ml_v3freq,2026-04
302729,short,2026-04-13 22:50:00,2026-04-13 22:55:00,2026-04-13 23:02:00,4755.601,4762.80217082743,SL,-7.481170827430575,7,0.3404244453856679,ml_v3freq,2026-04
302758,long,2026-04-14 01:15:00,2026-04-14 01:20:00,2026-04-14 01:33:00,4771.514,4764.968131523264,SL,-6.825868476736138,13,0.38256391414488244,ml_v3freq,2026-04
302765,short,2026-04-14 01:50:00,2026-04-14 01:55:00,2026-04-14 02:17:00,4765.144,4771.64141427882,SL,-6.777414278819482,22,0.339541285239439,ml_v3freq,2026-04
302788,long,2026-04-14 03:45:00,2026-04-14 03:50:00,2026-04-14 05:11:00,4771.223,4765.09784174375,SL,-6.405158256250047,81,0.37820051544276756,ml_v3freq,2026-04
302807,long,2026-04-14 05:20:00,2026-04-14 05:25:00,2026-04-14 05:38:00,4764.854,4758.841627719097,SL,-6.292372280902809,13,0.38363885100635287,ml_v3freq,2026-04
302815,short,2026-04-14 06:00:00,2026-04-14 06:05:00,2026-04-14 06:45:00,4764.747,4770.784412902431,SL,-6.317412902430581,40,0.3419601758348751,ml_v3freq,2026-04
302826,long,2026-04-14 06:55:00,2026-04-14 07:00:00,2026-04-14 07:06:00,4781.951,4793.558459722222,TP,11.327459722222272,6,0.40886506029525793,ml_v3freq,2026-04
302830,long,2026-04-14 07:15:00,2026-04-14 07:20:00,2026-04-14 07:23:00,4785.067,4778.991577735764,SL,-6.355422264236135,3,0.3795418761175351,ml_v3freq,2026-04
302842,short,2026-04-14 08:15:00,2026-04-14 08:20:00,2026-04-14 08:29:00,4779.718,4785.779203477083,SL,-6.341203477083355,9,0.3419148763048458,ml_v3freq,2026-04
302846,long,2026-04-14 08:35:00,2026-04-14 08:40:00,2026-04-14 08:57:00,4787.648,4781.555942191319,SL,-6.37205780868058,17,0.3814660767072859,ml_v3freq,2026-04
302868,short,2026-04-14 10:25:00,2026-04-14 10:30:00,2026-04-14 10:38:00,4784.044,4772.45831875,TP,11.305681250000053,8,0.3403902043926525,ml_v3freq,2026-04
302873,short,2026-04-14 10:50:00,2026-04-14 10:55:00,2026-04-14 11:09:00,4770.328,4776.454289251042,SL,-6.406289251041695,14,0.3403369625437069,ml_v3freq,2026-04
302878,short,2026-04-14 11:15:00,2026-04-14 11:20:00,2026-04-14 12:21:00,4777.143,4765.34275,TP,11.520250000000045,61,0.34189417859194754,ml_v3freq,2026-04
302893,short,2026-04-14 12:30:00,2026-04-14 12:35:00,2026-04-14 12:54:00,4775.126,4763.118086805555,TP,11.727913194444493,19,0.343134595953207,ml_v3freq,2026-04
302899,short,2026-04-14 13:00:00,2026-04-14 13:05:00,2026-04-14 13:16:00,4777.478,4783.715999789236,SL,-6.517999789236142,11,0.3422675569879818,ml_v3freq,2026-04
302909,long,2026-04-14 13:50:00,2026-04-14 13:55:00,2026-04-14 14:19:00,4792.678,4804.788915972222,TP,11.830915972222266,24,0.3783461985884303,ml_v3freq,2026-04
302916,long,2026-04-14 14:25:00,2026-04-14 14:30:00,2026-04-14 14:39:00,4809.173,4802.800114200347,SL,-6.652885799652808,9,0.41293497778041766,ml_v3freq,2026-04
302920,long,2026-04-14 14:45:00,2026-04-14 14:50:00,2026-04-14 15:05:00,4799.801,4793.429332500001,SL,-6.651667500000031,15,0.3872397531478303,ml_v3freq,2026-04
302926,long,2026-04-14 15:15:00,2026-04-14 15:20:00,2026-04-14 15:36:00,4800.297,4812.357705555555,TP,11.780705555555604,16,0.39516884417860443,ml_v3freq,2026-04
302932,long,2026-04-14 15:45:00,2026-04-14 15:50:00,2026-04-14 17:05:00,4808.832,4820.788740277778,TP,11.676740277777823,75,0.4100573344144929,ml_v3freq,2026-04
302952,long,2026-04-14 17:25:00,2026-04-14 17:30:00,2026-04-14 17:38:00,4825.728,4837.583303472223,TP,11.575303472222263,8,0.38709794562782573,ml_v3freq,2026-04
302963,long,2026-04-14 18:20:00,2026-04-14 18:25:00,2026-04-14 22:02:00,4835.322,4846.944485416667,TP,11.342485416666692,154,0.3805626461180941,ml_v3freq,2026-04
302997,long,2026-04-14 22:10:00,2026-04-14 22:15:00,2026-04-14 22:19:00,4844.964,4839.097121270139,SL,-6.226878729861112,4,0.44599240429715103,ml_v3freq,2026-04
303000,long,2026-04-14 22:25:00,2026-04-14 22:30:00,2026-04-14 22:56:00,4840.218,4834.3069212,SL,-6.271078800000004,26,0.4563024831383231,ml_v3freq,2026-04
303008,long,2026-04-14 23:05:00,2026-04-14 23:10:00,2026-04-15 00:01:00,4839.581,4833.655900832986,SL,-6.205099167013894,51,0.39942350546645666,ml_v3freq,2026-04
303023,long,2026-04-15 00:20:00,2026-04-15 00:25:00,2026-04-15 00:26:00,4835.523,4829.560915319097,SL,-6.242084680902786,1,0.4110147858889051,ml_v3freq,2026-04
303030,long,2026-04-15 00:55:00,2026-04-15 01:00:00,2026-04-15 01:02:00,4835.578,4829.586315002778,SL,-6.271684997222222,2,0.3822058523779754,ml_v3freq,2026-04
303033,long,2026-04-15 01:10:00,2026-04-15 01:15:00,2026-04-15 01:16:00,4849.897,4861.560063194444,TP,11.30306319444444,1,0.39238164119790103,ml_v3freq,2026-04
303045,short,2026-04-15 02:10:00,2026-04-15 02:15:00,2026-04-15 02:25:00,4845.355,4833.3680326388885,TP,11.70696736111111,10,0.33946099778292654,ml_v3freq,2026-04
303086,long,2026-04-15 05:35:00,2026-04-15 05:40:00,2026-04-15 05:43:00,4819.785,4813.390065754514,SL,-6.674934245486096,3,0.38181924234009224,ml_v3freq,2026-04
303089,long,2026-04-15 05:50:00,2026-04-15 05:55:00,2026-04-15 06:22:00,4821.067,4814.616146990972,SL,-6.730853009027764,27,0.3778932737254842,ml_v3freq,2026-04
303097,long,2026-04-15 06:30:00,2026-04-15 06:35:00,2026-04-15 07:01:00,4813.931,4807.466741726388,SL,-6.7442582736111065,26,0.3872674966760338,ml_v3freq,2026-04
303124,long,2026-04-15 08:45:00,2026-04-15 08:50:00,2026-04-15 09:10:00,4811.21,4804.797374614931,SL,-6.692625385069439,20,0.38198232102593244,ml_v3freq,2026-04
303187,long,2026-04-15 14:00:00,2026-04-15 14:05:00,2026-04-15 14:32:00,4825.886,4819.511006978472,SL,-6.65499302152776,27,0.38250193120454234,ml_v3freq,2026-04
303195,long,2026-04-15 14:40:00,2026-04-15 14:45:00,2026-04-15 15:03:00,4819.401,4813.119903356597,SL,-6.5610966434027675,18,0.3784906342965928,ml_v3freq,2026-04
303201,long,2026-04-15 15:10:00,2026-04-15 15:15:00,2026-04-15 15:17:00,4809.901,4803.64419395,SL,-6.536806049999986,2,0.3782308832385812,ml_v3freq,2026-04
303204,short,2026-04-15 15:25:00,2026-04-15 15:30:00,2026-04-15 15:40:00,4798.537,4804.769471804167,SL,-6.51247180416665,10,0.3448921164792277,ml_v3freq,2026-04
303209,short,2026-04-15 15:50:00,2026-04-15 15:55:00,2026-04-15 16:28:00,4805.023,4811.229744648958,SL,-6.486744648958314,33,0.3434010119143053,ml_v3freq,2026-04
303218,short,2026-04-15 16:35:00,2026-04-15 16:40:00,2026-04-15 17:40:00,4807.225,4795.3806125,TP,11.564387499999949,60,0.340617743224196,ml_v3freq,2026-04
303233,long,2026-04-15 17:50:00,2026-04-15 17:55:00,2026-04-15 22:47:00,4793.497,4805.300718055556,TP,11.523718055555522,228,0.3952793695652483,ml_v3freq,2026-04
303282,long,2026-04-15 22:55:00,2026-04-15 23:00:00,2026-04-15 23:33:00,4807.675,4819.310120138889,TP,11.355120138888891,33,0.4869993341356771,ml_v3freq,2026-04
303291,long,2026-04-15 23:40:00,2026-04-15 23:45:00,2026-04-16 00:40:00,4822.973,4834.44655,TP,11.193549999999988,55,0.44072027006802,ml_v3freq,2026-04
303305,short,2026-04-16 00:50:00,2026-04-16 00:55:00,2026-04-16 01:33:00,4833.539,4821.975379861111,TP,11.2836201388889,38,0.3484911122833218,ml_v3freq,2026-04
303316,short,2026-04-16 01:45:00,2026-04-16 01:50:00,2026-04-16 03:07:00,4819.828,4825.846459810764,SL,-6.298459810763902,77,0.3414878748783163,ml_v3freq,2026-04
303334,short,2026-04-16 03:15:00,2026-04-16 03:20:00,2026-04-16 04:18:00,4823.932,4829.586501718402,SL,-5.934501718402791,58,0.3446940085891952,ml_v3freq,2026-04
303350,short,2026-04-16 04:35:00,2026-04-16 04:40:00,2026-04-16 05:00:00,4829.353,4834.819010523264,SL,-5.746010523263885,20,0.3414652241381734,ml_v3freq,2026-04
303357,long,2026-04-16 05:10:00,2026-04-16 05:15:00,2026-04-16 05:32:00,4834.179,4828.7343672625,SL,-5.724632737499997,17,0.38997844723427133,ml_v3freq,2026-04
303363,short,2026-04-16 05:40:00,2026-04-16 05:45:00,2026-04-16 06:29:00,4825.295,4814.78725,TP,10.227750000000004,44,0.34158745184975814,ml_v3freq,2026-04
303374,short,2026-04-16 06:35:00,2026-04-16 06:40:00,2026-04-16 06:47:00,4819.671,4825.134657260417,SL,-5.743657260416667,7,0.3457168295598437,ml_v3freq,2026-04
303378,short,2026-04-16 06:55:00,2026-04-16 07:00:00,2026-04-16 08:02:00,4826.192,4815.700475,TP,10.211524999999998,62,0.3465957271343572,ml_v3freq,2026-04
303393,short,2026-04-16 08:10:00,2026-04-16 08:15:00,2026-04-16 09:09:00,4811.561,4817.026788292708,SL,-5.7457882927083315,54,0.34542376785621304,ml_v3freq,2026-04
303406,short,2026-04-16 09:15:00,2026-04-16 09:20:00,2026-04-16 10:15:00,4815.567,4805.1638416666665,TP,10.12315833333335,55,0.3453550884042706,ml_v3freq,2026-04
303420,short,2026-04-16 10:25:00,2026-04-16 10:30:00,2026-04-16 10:55:00,4807.199,4812.46374107118,SL,-5.5447410711805665,25,0.34053390557866337,ml_v3freq,2026-04
303443,short,2026-04-16 12:20:00,2026-04-16 12:25:00,2026-04-16 13:01:00,4816.396,4821.519200049305,SL,-5.403200049305566,36,0.34189416369078635,ml_v3freq,2026-04
303453,short,2026-04-16 13:10:00,2026-04-16 13:15:00,2026-04-16 13:35:00,4817.206,4822.336311427083,SL,-5.410311427083341,20,0.34990885346278805,ml_v3freq,2026-04
303460,short,2026-04-16 13:45:00,2026-04-16 13:50:00,2026-04-16 13:52:00,4813.818,4803.79005625,TP,9.74794375000002,2,0.3504222431693997,ml_v3freq,2026-04
303482,short,2026-04-16 15:35:00,2026-04-16 15:40:00,2026-04-16 16:31:00,4806.51,4795.877476388889,TP,10.352523611111128,51,0.3438492565232367,ml_v3freq,2026-04
303498,short,2026-04-16 16:55:00,2026-04-16 17:00:00,2026-04-16 17:38:00,4792.222,4781.734829166667,TP,10.207170833333363,38,0.3405324688475825,ml_v3freq,2026-04
303511,short,2026-04-16 18:00:00,2026-04-16 18:05:00,2026-04-16 19:41:00,4790.172,4795.645296510764,SL,-5.753296510763907,96,0.3393812498372294,ml_v3freq,2026-04
303547,long,2026-04-16 22:00:00,2026-04-16 22:05:00,2026-04-17 00:00:00,4794.358,4789.046153987847,SL,-5.671846012152771,115,0.3790159587598442,ml_v3freq,2026-04
303573,long,2026-04-17 00:10:00,2026-04-17 00:15:00,2026-04-17 00:45:00,4789.889,4799.960317361111,TP,9.791317361111103,30,0.43066821543117195,ml_v3freq,2026-04
303582,long,2026-04-17 00:55:00,2026-04-17 01:00:00,2026-04-17 01:03:00,4795.002,4789.753207939584,SL,-5.528792060416669,3,0.4070758288424901,ml_v3freq,2026-04
303588,short,2026-04-17 01:25:00,2026-04-17 01:30:00,2026-04-17 01:31:00,4768.911,4774.292332744792,SL,-5.661332744791664,1,0.3478337748422784,ml_v3freq,2026-04
303594,long,2026-04-17 01:55:00,2026-04-17 02:00:00,2026-04-17 04:39:00,4789.219,4799.569877777778,TP,10.070877777777774,159,0.3766486038690221,ml_v3freq,2026-04
303628,long,2026-04-17 04:45:00,2026-04-17 04:50:00,2026-04-17 06:00:00,4798.619,4793.353179523264,SL,-5.54582047673609,70,0.47696817351628834,ml_v3freq,2026-04
303645,long,2026-04-17 06:10:00,2026-04-17 06:15:00,2026-04-17 06:32:00,4787.816,4782.441397666319,SL,-5.654602333680539,17,0.38849341212776645,ml_v3freq,2026-04
303651,long,2026-04-17 06:40:00,2026-04-17 06:45:00,2026-04-17 07:49:00,4785.579,4780.178924488889,SL,-5.680075511111101,64,0.3943067767582078,ml_v3freq,2026-04
303666,long,2026-04-17 07:55:00,2026-04-17 08:00:00,2026-04-17 08:43:00,4784.46,4794.774165277778,TP,10.034165277777777,43,0.3792027814322218,ml_v3freq,2026-04
303677,short,2026-04-17 08:50:00,2026-04-17 08:55:00,2026-04-17 09:01:00,4793.508,4798.842787348611,SL,-5.614787348611107,6,0.3471249040508372,ml_v3freq,2026-04
303681,short,2026-04-17 09:10:00,2026-04-17 09:15:00,2026-04-17 09:35:00,4793.206,4798.506825757639,SL,-5.580825757638888,20,0.3516104813957316,ml_v3freq,2026-04
303688,short,2026-04-17 09:45:00,2026-04-17 09:50:00,2026-04-17 11:44:00,4792.026,4797.315753913888,SL,-5.569753913888886,114,0.35428568901719437,ml_v3freq,2026-04
303713,short,2026-04-17 11:50:00,2026-04-17 11:55:00,2026-04-17 12:20:00,4801.548,4806.902153154167,SL,-5.634153154166656,25,0.34963148063820476,ml_v3freq,2026-04
303721,short,2026-04-17 12:30:00,2026-04-17 12:35:00,2026-04-17 12:36:00,4817.568,4822.983996743056,SL,-5.695996743055555,1,0.3394564488445248,ml_v3freq,2026-04
303724,long,2026-04-17 12:45:00,2026-04-17 12:50:00,2026-04-17 12:59:00,4836.516,4847.116654166666,TP,10.240654166666681,9,0.38260567744362906,ml_v3freq,2026-04
303728,long,2026-04-17 13:05:00,2026-04-17 13:10:00,2026-04-17 13:11:00,4862.483,4873.371647916667,TP,10.528647916666673,1,0.37680397602407123,ml_v3freq,2026-04
303731,long,2026-04-17 13:20:00,2026-04-17 13:25:00,2026-04-17 13:26:00,4861.456,4855.603117826736,SL,-6.21288217326389,1,0.37581694974791585,ml_v3freq,2026-04
303734,long,2026-04-17 13:35:00,2026-04-17 13:40:00,2026-04-17 13:45:00,4867.416,4861.496916931597,SL,-6.279083068402781,5,0.3875817822420391,ml_v3freq,2026-04
303738,long,2026-04-17 13:55:00,2026-04-17 14:00:00,2026-04-17 14:05:00,4880.029,4873.961847887153,SL,-6.427152112847225,5,0.3898703326847177,ml_v3freq,2026-04
303742,long,2026-04-17 14:15:00,2026-04-17 14:20:00,2026-04-17 14:42:00,4870.28,4882.089218055556,TP,11.529218055555573,22,0.41792498735548844,ml_v3freq,2026-04
303749,long,2026-04-17 14:50:00,2026-04-17 14:55:00,2026-04-17 15:00:00,4876.21,4870.088857767361,SL,-6.401142232638894,5,0.4078375397299344,ml_v3freq,2026-04
303753,long,2026-04-17 15:10:00,2026-04-17 15:15:00,2026-04-17 15:43:00,4867.775,4861.685763725694,SL,-6.449236274305558,28,0.38687574986806483,ml_v3freq,2026-04
303761,long,2026-04-17 15:50:00,2026-04-17 15:55:00,2026-04-17 17:08:00,4868.905,4862.796326488889,SL,-6.46867351111111,73,0.38711429750938897,ml_v3freq,2026-04
303778,long,2026-04-17 17:15:00,2026-04-17 17:20:00,2026-04-17 17:24:00,4863.073,4857.0935297465285,SL,-6.259470253472206,4,0.3924482055337673,ml_v3freq,2026-04
303781,long,2026-04-17 17:30:00,2026-04-17 17:35:00,2026-04-17 17:44:00,4861.433,4855.465510354514,SL,-6.327489645486098,9,0.37853878849842837,ml_v3freq,2026-04
303785,long,2026-04-17 17:50:00,2026-04-17 17:55:00,2026-04-17 18:52:00,4861.984,4856.037193669792,SL,-6.226806330208322,57,0.37980687351613446,ml_v3freq,2026-04
303810,long,2026-04-17 19:55:00,2026-04-17 20:00:00,2026-04-17 20:05:00,4854.67,4848.787342900695,SL,-6.162657099305548,5,0.37585398822653404,ml_v3freq,2026-04
303814,long,2026-04-17 20:15:00,2026-04-17 20:20:00,2026-04-17 20:27:00,4851.348,4845.448167653472,SL,-6.259832346527779,7,0.40157229518930737,ml_v3freq,2026-04
303818,long,2026-04-17 20:35:00,2026-04-17 20:40:00,2026-04-17 20:43:00,4842.2,4836.276250089931,SL,-6.283749910069449,3,0.42041118023290286,ml_v3freq,2026-04
303821,long,2026-04-17 20:50:00,2026-04-17 20:55:00,2026-04-19 22:01:00,4834.511,4828.567042982986,SL,-6.303957017013893,3,0.41524284067907447,ml_v3freq,2026-04
303825,short,2026-04-19 22:10:00,2026-04-19 22:15:00,2026-04-19 22:59:00,4790.308,4778.210047222222,TP,11.737952777777792,44,0.3495075363541263,ml_v3freq,2026-04
303836,short,2026-04-19 23:05:00,2026-04-19 23:10:00,2026-04-19 23:36:00,4775.87,4763.52270625,TP,11.98729375000004,26,0.3473754886731938,ml_v3freq,2026-04
303844,short,2026-04-19 23:45:00,2026-04-19 23:50:00,2026-04-19 23:53:00,4743.955,4750.5812286329865,SL,-6.986228632986127,3,0.3527318302736119,ml_v3freq,2026-04
303847,short,2026-04-20 00:00:00,2026-04-20 00:05:00,2026-04-20 00:16:00,4749.763,4756.463167913542,SL,-7.060167913541685,11,0.35164933630100526,ml_v3freq,2026-04
303852,short,2026-04-20 00:25:00,2026-04-20 00:30:00,2026-04-20 00:59:00,4765.142,4771.911376857986,SL,-7.049376857986127,29,0.34934153633310705,ml_v3freq,2026-04
303860,short,2026-04-20 01:05:00,2026-04-20 01:10:00,2026-04-20 01:15:00,4787.968,4794.895243888889,SL,-7.2072438888888914,5,0.3446178991384109,ml_v3freq,2026-04
303864,short,2026-04-20 01:25:00,2026-04-20 01:30:00,2026-04-20 01:32:00,4802.695,4809.679138879514,SL,-7.2641388795138955,2,0.3416376519984802,ml_v3freq,2026-04
303867,short,2026-04-20 01:40:00,2026-04-20 01:45:00,2026-04-20 01:52:00,4806.722,4813.743727590625,SL,-7.38172759062501,7,0.3425298143214782,ml_v3freq,2026-04
303881,short,2026-04-20 02:50:00,2026-04-20 02:55:00,2026-04-20 05:44:00,4795.838,4782.577186805555,TP,12.980813194444442,169,0.3434777312406591,ml_v3freq,2026-04
303917,short,2026-04-20 05:50:00,2026-04-20 05:55:00,2026-04-20 07:00:00,4790.361,4797.416343930556,SL,-7.335343930555556,65,0.3470724118322842,ml_v3freq,2026-04
303933,long,2026-04-20 07:10:00,2026-04-20 07:15:00,2026-04-20 07:36:00,4797.071,4789.987801850347,SL,-7.36319814965278,21,0.3836551351669727,ml_v3freq,2026-04
303940,short,2026-04-20 07:45:00,2026-04-20 07:50:00,2026-04-20 10:11:00,4792.445,4799.574080822569,SL,-7.409080822569442,141,0.34519184058613706,ml_v3freq,2026-04
304041,long,2026-04-20 16:10:00,2026-04-20 16:15:00,2026-04-20 17:30:00,4798.645,4811.3923958333335,TP,12.467395833333285,75,0.3918497820549531,ml_v3freq,2026-04
304088,long,2026-04-20 20:05:00,2026-04-20 20:10:00,2026-04-20 22:00:00,4814.426,4826.4517118055555,TP,11.7457118055555,48,0.3840020394045598,ml_v3freq,2026-04
304101,short,2026-04-20 22:10:00,2026-04-20 22:15:00,2026-04-21 00:37:00,4828.796,4816.75766875,TP,11.678331249999944,142,0.34151759541827026,ml_v3freq,2026-04
304132,long,2026-04-21 00:45:00,2026-04-21 00:50:00,2026-04-21 01:02:00,4825.048,4819.467683603125,SL,-5.94031639687495,12,0.38948518278111843,ml_v3freq,2026-04
304137,short,2026-04-21 01:10:00,2026-04-21 01:15:00,2026-04-21 02:21:00,4814.908,4804.27849375,TP,10.349506249999909,66,0.3415339281189251,ml_v3freq,2026-04
304153,short,2026-04-21 02:30:00,2026-04-21 02:35:00,2026-04-21 03:41:00,4803.814,4793.622736805556,TP,9.911263194444349,66,0.34698233991012234,ml_v3freq,2026-04
304169,short,2026-04-21 03:50:00,2026-04-21 03:55:00,2026-04-21 05:52:00,4795.477,4785.439240277778,TP,9.757759722222136,117,0.3398371868858838,ml_v3freq,2026-04
304227,short,2026-04-21 08:40:00,2026-04-21 08:45:00,2026-04-21 09:03:00,4791.553,4781.532381944445,TP,9.740618055555474,18,0.3417709270034756,ml_v3freq,2026-04
304233,short,2026-04-21 09:10:00,2026-04-21 09:15:00,2026-04-21 09:55:00,4784.333,4789.506515428125,SL,-5.453515428124956,40,0.34038923115498504,ml_v3freq,2026-04
304244,short,2026-04-21 10:05:00,2026-04-21 10:10:00,2026-04-21 10:55:00,4785.114,4790.308226522222,SL,-5.474226522222174,45,0.3424909527688508,ml_v3freq,2026-04
304256,short,2026-04-21 11:05:00,2026-04-21 11:10:00,2026-04-21 11:30:00,4780.227,4785.364863297569,SL,-5.4178632975693946,20,0.34322858731860045,ml_v3freq,2026-04
304263,short,2026-04-21 11:40:00,2026-04-21 11:45:00,2026-04-21 11:48:00,4792.943,4798.109594533681,SL,-5.446594533680506,3,0.3461712399040188,ml_v3freq,2026-04
304266,short,2026-04-21 11:55:00,2026-04-21 12:00:00,2026-04-21 12:19:00,4794.483,4784.478056944445,TP,9.724943055555462,19,0.34550755708560604,ml_v3freq,2026-04
304272,short,2026-04-21 12:25:00,2026-04-21 12:30:00,2026-04-21 12:34:00,4781.188,4786.410116456945,SL,-5.502116456944405,4,0.34093516499764404,ml_v3freq,2026-04
304292,long,2026-04-21 14:05:00,2026-04-21 14:10:00,2026-04-21 14:20:00,4780.751,4775.348551384028,SL,-5.6824486159721825,10,0.3987978333128215,ml_v3freq,2026-04
304297,long,2026-04-21 14:30:00,2026-04-21 14:35:00,2026-04-21 14:39:00,4768.331,4762.947476696875,SL,-5.66352330312496,4,0.3791281361537098,ml_v3freq,2026-04
304305,long,2026-04-21 15:10:00,2026-04-21 15:15:00,2026-04-21 15:28:00,4748.145,4742.552449017361,SL,-5.872550982638847,13,0.3841212006354051,ml_v3freq,2026-04
304330,long,2026-04-21 17:15:00,2026-04-21 17:20:00,2026-04-21 17:42:00,4701.145,4712.0030236111115,TP,10.578023611111028,22,0.3804936236476537,ml_v3freq,2026-04
304360,long,2026-04-21 19:45:00,2026-04-21 19:50:00,2026-04-21 20:02:00,4681.815,4675.671003735763,SL,-6.423996264236076,12,0.37671433883139643,ml_v3freq,2026-04
304366,long,2026-04-21 20:15:00,2026-04-21 20:20:00,2026-04-21 20:52:00,4703.207,4715.460534027778,TP,11.973534027777724,32,0.38072297227898444,ml_v3freq,2026-04
304375,long,2026-04-21 22:00:00,2026-04-21 22:05:00,2026-04-21 22:08:00,4725.26,4718.790527245139,SL,-6.8294727548610865,3,0.3813701242291588,ml_v3freq,2026-04
304378,long,2026-04-21 22:15:00,2026-04-21 22:20:00,2026-04-21 23:25:00,4720.525,4733.045589583333,TP,12.240589583333294,65,0.39251169317488765,ml_v3freq,2026-04
304394,long,2026-04-21 23:35:00,2026-04-21 23:40:00,2026-04-22 00:00:00,4730.37,4742.872447222222,TP,12.222447222222211,20,0.41189891664186695,ml_v3freq,2026-04
304401,long,2026-04-22 00:10:00,2026-04-22 00:15:00,2026-04-22 01:07:00,4743.038,4736.487079746527,SL,-6.830920253472221,52,0.4141416648768498,ml_v3freq,2026-04
304448,long,2026-04-22 04:05:00,2026-04-22 04:10:00,2026-04-22 05:21:00,4758.147,4770.834086805556,TP,12.407086805555533,71,0.37769875839689704,ml_v3freq,2026-04
304485,short,2026-04-22 07:10:00,2026-04-22 07:15:00,2026-04-22 08:33:00,4765.698,4753.118018055556,TP,12.299981944444438,78,0.3403320093669713,ml_v3freq,2026-04
304507,short,2026-04-22 09:00:00,2026-04-22 09:05:00,2026-04-22 10:09:00,4759.628,4747.333414583333,TP,12.014585416666641,64,0.33935251901475283,ml_v3freq,2026-04
304525,short,2026-04-22 10:30:00,2026-04-22 10:35:00,2026-04-22 12:41:00,4757.914,4745.6745062499995,TP,11.95949374999997,126,0.3404397865244535,ml_v3freq,2026-04
304563,short,2026-04-22 13:40:00,2026-04-22 13:45:00,2026-04-22 14:05:00,4755.231,4742.927584027778,TP,12.023415972222203,20,0.34517268802167,ml_v3freq,2026-04
304588,short,2026-04-22 15:45:00,2026-04-22 15:50:00,2026-04-22 16:09:00,4728.444,4734.560459517362,SL,-6.396459517361097,19,0.3397161266573778,ml_v3freq,2026-04
304601,short,2026-04-22 16:50:00,2026-04-22 16:55:00,2026-04-22 17:02:00,4729.871,4735.720568556944,SL,-6.129568556944416,7,0.34076453734217593,ml_v3freq,2026-04
304605,short,2026-04-22 17:10:00,2026-04-22 17:15:00,2026-04-22 18:45:00,4735.336,4741.158468334375,SL,-6.102468334374966,90,0.3481403044232241,ml_v3freq,2026-04
304635,long,2026-04-22 19:40:00,2026-04-22 19:45:00,2026-04-22 22:27:00,4739.373,4733.9395502215275,SL,-5.713449778472197,100,0.3871046742499454,ml_v3freq,2026-04
304658,long,2026-04-22 22:35:00,2026-04-22 22:40:00,2026-04-22 22:59:00,4730.96,4726.1243226371525,SL,-5.115677362847187,19,0.38712386846789765,ml_v3freq,2026-04
304664,long,2026-04-22 23:05:00,2026-04-22 23:10:00,2026-04-23 00:01:00,4726.301,4721.536384825695,SL,-5.044615174305516,51,0.38840794514912336,ml_v3freq,2026-04
304677,short,2026-04-23 00:10:00,2026-04-23 00:15:00,2026-04-23 00:17:00,4699.544,4704.379232901736,SL,-5.115232901736057,2,0.34315606185070313,ml_v3freq,2026-04
304680,long,2026-04-23 00:25:00,2026-04-23 00:30:00,2026-04-23 00:51:00,4741.319,4750.9711333333335,TP,9.372133333333235,21,0.3948687242517766,ml_v3freq,2026-04
304687,short,2026-04-23 01:00:00,2026-04-23 01:05:00,2026-04-23 01:16:00,4744.326,4734.582711805556,TP,9.463288194444338,11,0.3478579619441952,ml_v3freq,2026-04
304696,long,2026-04-23 01:45:00,2026-04-23 01:50:00,2026-04-23 01:53:00,4733.895,4728.7885228000005,SL,-5.386477199999952,3,0.38712338402282365,ml_v3freq,2026-04
304699,long,2026-04-23 02:00:00,2026-04-23 02:05:00,2026-04-23 02:08:00,4720.795,4715.663458368056,SL,-5.411541631944399,3,0.3763910540617428,ml_v3freq,2026-04
304702,long,2026-04-23 02:15:00,2026-04-23 02:20:00,2026-04-23 02:42:00,4710.644,4705.476040335764,SL,-5.447959664236064,22,0.3934733810589768,ml_v3freq,2026-04
304709,short,2026-04-23 02:50:00,2026-04-23 02:55:00,2026-04-23 03:05:00,4703.266,4708.493172202083,SL,-5.507172202083295,10,0.34414493247409106,ml_v3freq,2026-04
304714,short,2026-04-23 03:15:00,2026-04-23 03:20:00,2026-04-23 03:41:00,4700.642,4705.946091753125,SL,-5.584091753124957,21,0.3442259503975076,ml_v3freq,2026-04
304722,short,2026-04-23 03:55:00,2026-04-23 04:00:00,2026-04-23 05:07:00,4703.69,4709.026906475694,SL,-5.616906475694406,67,0.34574788018603564,ml_v3freq,2026-04
304767,long,2026-04-23 07:40:00,2026-04-23 07:45:00,2026-04-23 08:00:00,4713.475,4724.092291666667,TP,10.337291666666623,15,0.39228423348060804,ml_v3freq,2026-04
304773,long,2026-04-23 08:10:00,2026-04-23 08:15:00,2026-04-23 08:32:00,4718.361,4712.804978164931,SL,-5.836021835069414,17,0.3888238664854572,ml_v3freq,2026-04
304779,long,2026-04-23 08:40:00,2026-04-23 08:45:00,2026-04-23 09:03:00,4703.94,4698.326674428819,SL,-5.893325571180528,18,0.38668674572490197,ml_v3freq,2026-04
304795,long,2026-04-23 10:00:00,2026-04-23 10:05:00,2026-04-23 10:08:00,4700.751,4695.054877673264,SL,-5.976122326736095,3,0.3950790856308324,ml_v3freq,2026-04
304799,short,2026-04-23 10:20:00,2026-04-23 10:25:00,2026-04-23 10:33:00,4687.291,4693.069835745833,SL,-6.0588357458333215,8,0.3435964199369148,ml_v3freq,2026-04
304810,long,2026-04-23 11:15:00,2026-04-23 11:20:00,2026-04-23 11:54:00,4702.108,4713.280165277778,TP,10.892165277777776,34,0.3836292673908944,ml_v3freq,2026-04
304840,short,2026-04-23 13:45:00,2026-04-23 13:50:00,2026-04-23 13:59:00,4737.327,4725.634886111111,TP,11.412113888888864,9,0.34524039416656155,ml_v3freq,2026-04
304845,short,2026-04-23 14:10:00,2026-04-23 14:15:00,2026-04-23 14:24:00,4724.278,4730.399717651042,SL,-6.401717651041655,9,0.3433655091754986,ml_v3freq,2026-04
304849,short,2026-04-23 14:30:00,2026-04-23 14:35:00,2026-04-23 14:53:00,4729.379,4735.47872873125,SL,-6.379728731249989,18,0.3458441265023774,ml_v3freq,2026-04
304855,short,2026-04-23 15:00:00,2026-04-23 15:05:00,2026-04-23 15:18:00,4733.075,4739.118163118055,SL,-6.323163118055543,13,0.3451652146972245,ml_v3freq,2026-04
304860,short,2026-04-23 15:25:00,2026-04-23 15:30:00,2026-04-23 15:46:00,4733.558,4721.894531944445,TP,11.383468055555532,16,0.3486042520769945,ml_v3freq,2026-04
304866,short,2026-04-23 15:55:00,2026-04-23 16:00:00,2026-04-23 16:32:00,4720.571,4726.593241698611,SL,-6.302241698611093,32,0.34213391617904365,ml_v3freq,2026-04
304875,short,2026-04-23 16:40:00,2026-04-23 16:45:00,2026-04-23 17:05:00,4733.704,4722.139195833333,TP,11.284804166666643,20,0.3447556168737932,ml_v3freq,2026-04
304891,short,2026-04-23 18:00:00,2026-04-23 18:05:00,2026-04-23 18:59:00,4714.167,4701.450281944445,TP,12.43671805555558,54,0.3425267079107357,ml_v3freq,2026-04
304916,long,2026-04-23 20:05:00,2026-04-23 20:10:00,2026-04-23 20:15:00,4696.424,4689.600049667014,SL,-7.103950332986118,5,0.3919460604884773,ml_v3freq,2026-04
304920,long,2026-04-23 20:25:00,2026-04-23 20:30:00,2026-04-24 00:27:00,4689.327,4702.5081625,TP,12.90116250000002,174,0.40208192987641633,ml_v3freq,2026-04
304958,short,2026-04-24 00:35:00,2026-04-24 00:40:00,2026-04-24 01:32:00,4704.218,4690.779116666667,TP,13.158883333333328,52,0.3488177040894586,ml_v3freq,2026-04
304971,short,2026-04-24 01:40:00,2026-04-24 01:45:00,2026-04-24 01:58:00,4690.932,4697.761835474305,SL,-7.109835474305549,13,0.3497161572607419,ml_v3freq,2026-04
304976,short,2026-04-24 02:05:00,2026-04-24 02:10:00,2026-04-24 02:28:00,4694.937,4681.798271527778,TP,12.858728472222197,18,0.3472566154146296,ml_v3freq,2026-04
304982,short,2026-04-24 02:35:00,2026-04-24 02:40:00,2026-04-24 03:06:00,4683.332,4670.219281944444,TP,12.832718055555526,26,0.3468338733986367,ml_v3freq,2026-04
304990,short,2026-04-24 03:15:00,2026-04-24 03:20:00,2026-04-24 04:25:00,4673.442,4660.428625694444,TP,12.733374305555532,65,0.35022051017397765,ml_v3freq,2026-04
305006,short,2026-04-24 04:35:00,2026-04-24 04:40:00,2026-04-24 04:47:00,4665.858,4672.467954213194,SL,-6.889954213194433,7,0.34939425568694,ml_v3freq,2026-04
305010,short,2026-04-24 04:55:00,2026-04-24 05:00:00,2026-04-24 05:33:00,4674.326,4680.9427639923615,SL,-6.896763992361097,33,0.3530521668533324,ml_v3freq,2026-04
305019,short,2026-04-24 05:40:00,2026-04-24 05:45:00,2026-04-24 06:42:00,4682.779,4669.959928472223,TP,12.539071527777772,57,0.34819406324943514,ml_v3freq,2026-04
305037,long,2026-04-24 07:10:00,2026-04-24 07:15:00,2026-04-24 07:58:00,4680.349,4693.161998611111,TP,12.53299861111109,43,0.3880775329777242,ml_v3freq,2026-04
305048,long,2026-04-24 08:05:00,2026-04-24 08:10:00,2026-04-24 09:31:00,4687.899,4681.264128185764,SL,-6.914871814236087,81,0.40458724898211795,ml_v3freq,2026-04
305067,long,2026-04-24 09:40:00,2026-04-24 09:45:00,2026-04-24 09:54:00,4686.167,4679.63071124757,SL,-6.81628875243054,9,0.41339919121697416,ml_v3freq,2026-04
305071,long,2026-04-24 10:00:00,2026-04-24 10:05:00,2026-04-24 10:32:00,4683.828,4677.307104681945,SL,-6.800895318055543,27,0.3859312510435946,ml_v3freq,2026-04
305088,long,2026-04-24 11:25:00,2026-04-24 11:30:00,2026-04-24 11:36:00,4715.163,4708.531013214583,SL,-6.911986785416639,6,0.37601724953856175,ml_v3freq,2026-04
305100,long,2026-04-24 12:25:00,2026-04-24 12:30:00,2026-04-24 12:42:00,4710.114,4703.458012314583,SL,-6.935987685416642,12,0.38058127087224125,ml_v3freq,2026-04
305117,short,2026-04-24 13:50:00,2026-04-24 13:55:00,2026-04-24 14:01:00,4706.278,4712.954472580555,SL,-6.956472580555529,6,0.3395804908418757,ml_v3freq,2026-04
305121,short,2026-04-24 14:10:00,2026-04-24 14:15:00,2026-04-24 15:34:00,4731.552,4718.550213888889,TP,12.721786111111049,79,0.3418705136480852,ml_v3freq,2026-04
305139,short,2026-04-24 15:40:00,2026-04-24 15:45:00,2026-04-24 19:56:00,4727.57,4714.6643722222225,TP,12.62562777777768,251,0.34262326870049153,ml_v3freq,2026-04
305194,long,2026-04-24 20:15:00,2026-04-24 20:20:00,2026-04-26 22:02:00,4706.119,4700.395174253472,SL,-6.003825746527714,38,0.3849790597487168,ml_v3freq,2026-04
305205,short,2026-04-26 22:10:00,2026-04-26 22:15:00,2026-04-27 00:07:00,4685.208,4674.214844444444,TP,10.633155555555406,112,0.3547381419563907,ml_v3freq,2026-04
305230,short,2026-04-27 00:15:00,2026-04-27 00:20:00,2026-04-27 00:51:00,4678.879,4684.637247672222,SL,-6.038247672222152,31,0.34750390936352804,ml_v3freq,2026-04
305239,long,2026-04-27 01:00:00,2026-04-27 01:05:00,2026-04-27 01:06:00,4707.769,4701.9685404274305,SL,-6.080459572569381,1,0.38367734929301245,ml_v3freq,2026-04
305242,short,2026-04-27 01:15:00,2026-04-27 01:20:00,2026-04-27 01:49:00,4695.874,4701.727727443055,SL,-6.1337274430554904,29,0.3541785129819836,ml_v3freq,2026-04
305250,short,2026-04-27 01:55:00,2026-04-27 02:00:00,2026-04-27 02:37:00,4702.787,4708.626651518403,SL,-6.119651518402717,37,0.35136904805049557,ml_v3freq,2026-04
305277,long,2026-04-27 04:10:00,2026-04-27 04:15:00,2026-04-27 05:02:00,4727.332,4721.689498731597,SL,-5.9225012684027245,47,0.3797461155538012,ml_v3freq,2026-04
305321,short,2026-04-27 07:50:00,2026-04-27 07:55:00,2026-04-27 09:29:00,4711.972,4701.457084722222,TP,10.234915277777644,94,0.34028619428751944,ml_v3freq,2026-04
305342,long,2026-04-27 09:35:00,2026-04-27 09:40:00,2026-04-27 12:41:00,4704.058,4698.669555877431,SL,-5.6684441225693885,181,0.3816391815469931,ml_v3freq,2026-04
305381,short,2026-04-27 12:50:00,2026-04-27 12:55:00,2026-04-27 13:35:00,4702.631,4692.762747222223,TP,9.588252777777676,40,0.3551388928209271,ml_v3freq,2026-04
305392,short,2026-04-27 13:45:00,2026-04-27 13:50:00,2026-04-27 13:52:00,4689.867,4694.980247295139,SL,-5.393247295138835,2,0.3531651753968795,ml_v3freq,2026-04
305395,short,2026-04-27 14:00:00,2026-04-27 14:05:00,2026-04-27 14:33:00,4693.832,4684.0140645833335,TP,9.537935416666569,28,0.34986860791352137,ml_v3freq,2026-04
305403,short,2026-04-27 14:40:00,2026-04-27 14:45:00,2026-04-27 14:53:00,4693.635,4683.884111111111,TP,9.470888888888789,8,0.3453761561568369,ml_v3freq,2026-04
305456,long,2026-04-27 19:05:00,2026-04-27 19:10:00,2026-04-27 22:08:00,4679.232,4688.322010416667,TP,8.810010416666586,115,0.3855613058985061,ml_v3freq,2026-04
305482,long,2026-04-27 22:15:00,2026-04-27 22:20:00,2026-04-28 00:04:00,4688.113,4697.036734722223,TP,8.643734722222177,104,0.3968151176765945,ml_v3freq,2026-04
305508,long,2026-04-28 00:25:00,2026-04-28 00:30:00,2026-04-28 00:59:00,4694.897,4690.449551480902,SL,-4.727448519097191,29,0.3869741263243871,ml_v3freq,2026-04
305525,long,2026-04-28 01:50:00,2026-04-28 01:55:00,2026-04-28 01:57:00,4680.969,4676.550989092709,SL,-4.6980109072916365,2,0.37952315229001143,ml_v3freq,2026-04
305529,long,2026-04-28 02:10:00,2026-04-28 02:15:00,2026-04-28 02:30:00,4677.08,4672.744055662152,SL,-4.615944337847198,15,0.41257544900105025,ml_v3freq,2026-04
305541,long,2026-04-28 03:10:00,2026-04-28 03:15:00,2026-04-28 04:00:00,4672.729,4668.474967463889,SL,-4.534032536111085,45,0.39775213419933997,ml_v3freq,2026-04
305554,long,2026-04-28 04:15:00,2026-04-28 04:20:00,2026-04-28 05:00:00,4668.634,4664.490050956944,SL,-4.423949043055537,40,0.3779345832393491,ml_v3freq,2026-04
305565,short,2026-04-28 05:10:00,2026-04-28 05:15:00,2026-04-28 05:20:00,4652.444,4656.599270896181,SL,-4.435270896180534,5,0.3477920962944192,ml_v3freq,2026-04
305569,short,2026-04-28 05:30:00,2026-04-28 05:35:00,2026-04-28 05:40:00,4644.526,4636.395640277778,TP,7.850359722222172,5,0.34751876429464046,ml_v3freq,2026-04
305574,short,2026-04-28 06:00:00,2026-04-28 06:05:00,2026-04-28 06:06:00,4633.921,4638.259103148958,SL,-4.618103148958305,1,0.3439951165094537,ml_v3freq,2026-04
305577,short,2026-04-28 06:15:00,2026-04-28 06:20:00,2026-04-28 06:23:00,4633.986,4625.542186111111,TP,8.163813888888837,3,0.3487219883575601,ml_v3freq,2026-04
305580,short,2026-04-28 06:30:00,2026-04-28 06:35:00,2026-04-28 06:40:00,4629.806,4634.26842527118,SL,-4.742425271180532,5,0.34848880008603755,ml_v3freq,2026-04
305584,short,2026-04-28 06:50:00,2026-04-28 06:55:00,2026-04-28 06:57:00,4626.507,4631.019514451042,SL,-4.792514451041648,2,0.3493809624090356,ml_v3freq,2026-04
305587,short,2026-04-28 07:05:00,2026-04-28 07:10:00,2026-04-28 07:50:00,4633.863,4625.062243750001,TP,8.520756249999968,40,0.34621698395158473,ml_v3freq,2026-04
305598,short,2026-04-28 08:00:00,2026-04-28 08:05:00,2026-04-28 08:29:00,4620.452,4625.171359509028,SL,-4.999359509027766,24,0.3499489052667779,ml_v3freq,2026-04
305605,short,2026-04-28 08:35:00,2026-04-28 08:40:00,2026-04-28 09:20:00,4628.99,4619.785986805556,TP,8.92401319444442,40,0.3439718398275845,ml_v3freq,2026-04
305616,short,2026-04-28 09:30:00,2026-04-28 09:35:00,2026-04-28 11:00:00,4612.077,4602.676843055556,TP,9.12015694444441,85,0.3480512274875802,ml_v3freq,2026-04
305636,short,2026-04-28 11:10:00,2026-04-28 11:15:00,2026-04-28 11:24:00,4598.663,4603.663826412847,SL,-5.280826412847201,9,0.34435104564572994,ml_v3freq,2026-04
305640,short,2026-04-28 11:30:00,2026-04-28 11:35:00,2026-04-28 11:36:00,4590.905,4581.133417361111,TP,9.49158263888885,1,0.34344957009698573,ml_v3freq,2026-04
305643,short,2026-04-28 11:45:00,2026-04-28 11:50:00,2026-04-28 11:57:00,4559.093,4564.310068648611,SL,-5.497068648611093,7,0.3444305731430215,ml_v3freq,2026-04
305647,long,2026-04-28 12:05:00,2026-04-28 12:10:00,2026-04-28 12:14:00,4569.924,4580.141655555555,TP,9.937655555555528,4,0.3910969018393144,ml_v3freq,2026-04
305650,long,2026-04-28 12:20:00,2026-04-28 12:25:00,2026-04-28 12:31:00,4577.796,4572.357002394445,SL,-5.718997605555538,6,0.3884629804536711,ml_v3freq,2026-04
305654,long,2026-04-28 12:40:00,2026-04-28 12:45:00,2026-04-28 12:49:00,4586.944,4597.520820833333,TP,10.296820833333312,4,0.3914509633907573,ml_v3freq,2026-04
305657,short,2026-04-28 12:55:00,2026-04-28 13:00:00,2026-04-28 13:06:00,4593.47,4582.729920833333,TP,10.460079166666635,6,0.34094922868637967,ml_v3freq,2026-04
305661,short,2026-04-28 13:15:00,2026-04-28 13:20:00,2026-04-28 13:29:00,4577.139,4582.811930980903,SL,-5.952930980902758,9,0.34009336559204983,ml_v3freq,2026-04
305665,short,2026-04-28 13:35:00,2026-04-28 13:40:00,2026-04-28 13:42:00,4579.476,4585.212469077777,SL,-6.0164690777777565,2,0.33986226348309445,ml_v3freq,2026-04
305668,short,2026-04-28 13:50:00,2026-04-28 13:55:00,2026-04-28 14:02:00,4581.321,4570.079267361111,TP,10.961732638888833,7,0.34111327556996274,ml_v3freq,2026-04
305674,short,2026-04-28 14:20:00,2026-04-28 14:25:00,2026-04-28 14:31:00,4568.211,4574.165969334723,SL,-6.234969334722199,6,0.34002612674288135,ml_v3freq,2026-04
305689,long,2026-04-28 15:35:00,2026-04-28 15:40:00,2026-04-28 16:52:00,4578.63,4590.376915277778,TP,11.466915277777725,72,0.3766399527167717,ml_v3freq,2026-04
305706,long,2026-04-28 17:00:00,2026-04-28 17:05:00,2026-04-28 17:42:00,4589.965,4601.497667361111,TP,11.25266736111107,37,0.39351054569518595,ml_v3freq,2026-04
305716,long,2026-04-28 17:50:00,2026-04-28 17:55:00,2026-04-28 20:25:00,4597.39,4591.351567218056,SL,-6.318432781944423,150,0.37875831845029384,ml_v3freq,2026-04
305749,long,2026-04-28 20:35:00,2026-04-28 20:40:00,2026-04-28 23:38:00,4594.294,4588.270242371527,SL,-6.303757628472194,115,0.4427686665466646,ml_v3freq,2026-04
305775,long,2026-04-28 23:45:00,2026-04-28 23:50:00,2026-04-29 00:00:00,4589.318,4600.950347222222,TP,11.352347222222173,10,0.4195511815198291,ml_v3freq,2026-04
305785,long,2026-04-29 00:35:00,2026-04-29 00:40:00,2026-04-29 00:52:00,4602.754,4596.586475075695,SL,-6.447524924305529,12,0.38436660183704996,ml_v3freq,2026-04
305806,long,2026-04-29 02:20:00,2026-04-29 02:25:00,2026-04-29 05:58:00,4598.353,4591.908802002431,SL,-6.724197997569432,213,0.3780086326981347,ml_v3freq,2026-04
305854,short,2026-04-29 06:20:00,2026-04-29 06:25:00,2026-04-29 07:26:00,4584.893,4572.3828375,TP,12.230162499999956,61,0.34081028455814333,ml_v3freq,2026-04
305869,short,2026-04-29 07:35:00,2026-04-29 07:40:00,2026-04-29 08:36:00,4571.849,4559.678645833334,TP,11.890354166666633,56,0.33963647843155753,ml_v3freq,2026-04
305903,short,2026-04-29 10:25:00,2026-04-29 10:30:00,2026-04-29 11:55:00,4571.601,4559.744000694444,TP,11.576999305555518,85,0.3392980244302851,ml_v3freq,2026-04
305923,short,2026-04-29 12:05:00,2026-04-29 12:10:00,2026-04-29 12:34:00,4562.876,4551.1229812500005,TP,11.473018749999946,24,0.33938116193566215,ml_v3freq,2026-04
305938,short,2026-04-29 13:20:00,2026-04-29 13:25:00,2026-04-29 13:39:00,4538.187,4526.893888194444,TP,11.013111805555509,14,0.3410509599076871,ml_v3freq,2026-04
305943,short,2026-04-29 13:45:00,2026-04-29 13:50:00,2026-04-29 13:51:00,4514.477,4520.332183846875,SL,-6.1351838468749715,1,0.34264039226642884,ml_v3freq,2026-04
305962,long,2026-04-29 15:20:00,2026-04-29 15:25:00,2026-04-29 15:40:00,4543.845,4554.635297222222,TP,10.510297222222166,15,0.3846763019086387,ml_v3freq,2026-04
305971,short,2026-04-29 16:05:00,2026-04-29 16:10:00,2026-04-29 16:34:00,4561.199,4550.458057638889,TP,10.460942361111075,24,0.3397426037562998,ml_v3freq,2026-04
305984,long,2026-04-29 17:10:00,2026-04-29 17:15:00,2026-04-29 17:30:00,4550.426,4544.87034722639,SL,-5.835652773611096,15,0.3758275912578014,ml_v3freq,2026-04
305990,long,2026-04-29 17:40:00,2026-04-29 17:45:00,2026-04-29 18:00:00,4544.861,4539.30754968993,SL,-5.833450310069421,15,0.3979181315103745,ml_v3freq,2026-04
306018,long,2026-04-29 20:00:00,2026-04-29 20:05:00,2026-04-29 22:04:00,4547.078,4541.061163265973,SL,-6.2968367340277585,56,0.3768172021861122,ml_v3freq,2026-04
306032,long,2026-04-29 22:10:00,2026-04-29 22:15:00,2026-04-29 23:48:00,4546.147,4557.9496104166665,TP,11.522610416666645,93,0.42227573644244853,ml_v3freq,2026-04
306053,long,2026-04-29 23:55:00,2026-04-30 00:00:00,2026-04-30 00:47:00,4561.628,4573.5044708333335,TP,11.596470833333338,47,0.4272801897977718,ml_v3freq,2026-04
306085,long,2026-04-30 02:35:00,2026-04-30 02:40:00,2026-04-30 03:40:00,4563.97,4557.748457177084,SL,-6.501542822916643,60,0.3763003116609847,ml_v3freq,2026-04
306100,long,2026-04-30 03:50:00,2026-04-30 03:55:00,2026-04-30 04:03:00,4557.352,4551.23902870868,SL,-6.3929712913194345,8,0.3794324740935189,ml_v3freq,2026-04
306107,long,2026-04-30 04:25:00,2026-04-30 04:30:00,2026-04-30 04:34:00,4547.299,4541.170087634722,SL,-6.408912365277781,4,0.3835789216472252,ml_v3freq,2026-04
306110,long,2026-04-30 04:40:00,2026-04-30 04:45:00,2026-04-30 05:23:00,4544.465,4556.292536111111,TP,11.547536111111121,38,0.38681722756222847,ml_v3freq,2026-04
306120,short,2026-04-30 05:30:00,2026-04-30 05:35:00,2026-04-30 05:51:00,4562.043,4568.260844271527,SL,-6.497844271527777,16,0.3435867574358088,ml_v3freq,2026-04
306126,short,2026-04-30 06:00:00,2026-04-30 06:05:00,2026-04-30 06:24:00,4562.174,4568.435961005208,SL,-6.5419610052083375,19,0.3425929840946299,ml_v3freq,2026-04
306132,short,2026-04-30 06:30:00,2026-04-30 06:35:00,2026-04-30 06:52:00,4576.714,4583.018299894445,SL,-6.5842998944444515,17,0.3467395004177195,ml_v3freq,2026-04
306138,short,2026-04-30 07:00:00,2026-04-30 07:05:00,2026-04-30 07:07:00,4586.35,4592.649291770139,SL,-6.5792917701388935,2,0.34846116094932217,ml_v3freq,2026-04
306141,short,2026-04-30 07:15:00,2026-04-30 07:20:00,2026-04-30 07:42:00,4588.286,4594.594188929167,SL,-6.588188929166664,22,0.34154363959178585,ml_v3freq,2026-04
306148,long,2026-04-30 07:50:00,2026-04-30 07:55:00,2026-04-30 08:04:00,4600.084,4612.302020833333,TP,11.938020833333328,9,0.3762675147568909,ml_v3freq,2026-04
306152,long,2026-04-30 08:10:00,2026-04-30 08:15:00,2026-04-30 08:21:00,4618.561,4612.063454763888,SL,-6.777545236111107,6,0.38934429799816395,ml_v3freq,2026-04
306156,long,2026-04-30 08:30:00,2026-04-30 08:35:00,2026-04-30 09:30:00,4616.872,4629.379198611111,TP,12.227198611111103,55,0.37749690482443155,ml_v3freq,2026-04
306192,long,2026-04-30 11:30:00,2026-04-30 11:35:00,2026-04-30 13:00:00,4630.186,4642.855960416667,TP,12.389960416666662,85,0.38734715023358646,ml_v3freq,2026-04
306213,long,2026-04-30 13:15:00,2026-04-30 13:20:00,2026-04-30 13:30:00,4638.271,4631.510567921875,SL,-7.040432078124995,10,0.3939601126760042,ml_v3freq,2026-04
306218,long,2026-04-30 13:40:00,2026-04-30 13:45:00,2026-04-30 13:46:00,4625.356,4618.596437002083,SL,-7.039562997916661,1,0.388858736742455,ml_v3freq,2026-04
306221,long,2026-04-30 13:55:00,2026-04-30 14:00:00,2026-04-30 14:03:00,4610.808,4623.827156944444,TP,12.739156944444433,3,0.37862124238979433,ml_v3freq,2026-04
306230,long,2026-04-30 14:40:00,2026-04-30 14:45:00,2026-04-30 15:52:00,4617.915,4611.141714265278,SL,-7.053285734722208,67,0.3758526995093999,ml_v3freq,2026-04
306283,long,2026-04-30 19:05:00,2026-04-30 19:10:00,2026-04-30 19:20:00,4625.397,4618.993589246181,SL,-6.683410753819417,10,0.3840471554752987,ml_v3freq,2026-04
306292,long,2026-04-30 19:50:00,2026-04-30 19:55:00,2026-04-30 22:01:00,4617.002,4628.862772916667,TP,11.580772916666627,63,0.3908879240351901,ml_v3freq,2026-04
306308,long,2026-04-30 22:10:00,2026-04-30 22:15:00,2026-05-01 00:00:00,4631.146,4625.214527578125,SL,-6.2114724218749755,105,0.4103489894626402,ml_v3freq,2026-04
306344,short,2026-05-01 01:10:00,2026-05-01 01:15:00,2026-05-01 02:04:00,4618.133,4624.04090804618,SL,-6.18790804618052,49,0.34172384356142654,ml_v3freq,2026-05
306356,short,2026-05-01 02:10:00,2026-05-01 02:15:00,2026-05-01 02:49:00,4631.024,4619.721836111112,TP,11.022163888888832,34,0.3387629679310478,ml_v3freq,2026-05
306365,short,2026-05-01 02:55:00,2026-05-01 03:00:00,2026-05-01 03:29:00,4619.114,4624.930483982986,SL,-6.096483982986089,29,0.3399229637253441,ml_v3freq,2026-05
306373,long,2026-05-01 03:35:00,2026-05-01 03:40:00,2026-05-01 04:03:00,4629.988,4624.242486932292,SL,-6.025513067708317,23,0.3811991407180876,ml_v3freq,2026-05
306380,short,2026-05-01 04:10:00,2026-05-01 04:15:00,2026-05-01 04:49:00,4621.855,4610.821068055555,TP,10.753931944444405,34,0.34468331848265304,ml_v3freq,2026-05
306401,short,2026-05-01 05:55:00,2026-05-01 06:00:00,2026-05-01 06:27:00,4605.027,4594.049305555555,TP,10.697694444444375,27,0.3404229714946724,ml_v3freq,2026-05
306420,short,2026-05-01 07:30:00,2026-05-01 07:35:00,2026-05-01 08:10:00,4585.933,4574.968795833333,TP,10.684204166666616,35,0.3399077373060538,ml_v3freq,2026-05
306430,short,2026-05-01 08:20:00,2026-05-01 08:25:00,2026-05-01 10:31:00,4568.81,4574.481430924653,SL,-5.951430924652741,126,0.348767853653314,ml_v3freq,2026-05
306458,short,2026-05-01 10:40:00,2026-05-01 10:45:00,2026-05-01 11:25:00,4570.43,4575.796891727084,SL,-5.646891727083298,40,0.34964113235795174,ml_v3freq,2026-05
306471,short,2026-05-01 11:45:00,2026-05-01 11:50:00,2026-05-01 11:55:00,4574.328,4579.584355836111,SL,-5.536355836111074,5,0.34266801397443825,ml_v3freq,2026-05
306482,long,2026-05-01 12:40:00,2026-05-01 12:45:00,2026-05-01 13:30:00,4591.705,4586.39868594132,SL,-5.586314058680518,45,0.3740901113718177,ml_v3freq,2026-05
306494,long,2026-05-01 13:40:00,2026-05-01 13:45:00,2026-05-01 13:47:00,4607.83,4602.559580144444,SL,-5.550419855555526,2,0.37559891586478245,ml_v3freq,2026-05
306498,short,2026-05-01 14:00:00,2026-05-01 14:05:00,2026-05-01 14:06:00,4634.833,4640.229884915278,SL,-5.676884915277745,1,0.3431510156589287,ml_v3freq,2026-05
306501,long,2026-05-01 14:15:00,2026-05-01 14:20:00,2026-05-01 14:25:00,4654.349,4648.864298299653,SL,-5.76470170034719,5,0.3792395031768686,ml_v3freq,2026-05
306506,short,2026-05-01 14:40:00,2026-05-01 14:45:00,2026-05-01 15:05:00,4633.38,4622.739272222222,TP,10.36072777777771,20,0.33891036870057756,ml_v3freq,2026-05
306513,long,2026-05-01 15:15:00,2026-05-01 15:20:00,2026-05-01 15:50:00,4639.103,4633.610492451389,SL,-5.772507548611085,30,0.37255430331372663,ml_v3freq,2026-05
306525,long,2026-05-01 16:15:00,2026-05-01 16:20:00,2026-05-01 16:23:00,4647.225,4641.771291525348,SL,-5.733708474652765,3,0.3685937442977938,ml_v3freq,2026-05
306528,short,2026-05-01 16:30:00,2026-05-01 16:35:00,2026-05-01 16:54:00,4637.015,4642.499102471528,SL,-5.764102471527767,19,0.3391580450058348,ml_v3freq,2026-05
306536,long,2026-05-01 17:10:00,2026-05-01 17:15:00,2026-05-01 17:24:00,4639.798,4634.331890266666,SL,-5.746109733333324,9,0.37275899057766004,ml_v3freq,2026-05
306542,short,2026-05-01 17:40:00,2026-05-01 17:45:00,2026-05-01 17:53:00,4628.231,4633.686910938194,SL,-5.735910938194436,8,0.33864590488793656,ml_v3freq,2026-05
306546,short,2026-05-01 18:00:00,2026-05-01 18:05:00,2026-05-01 18:16:00,4624.636,4614.224163888889,TP,10.131836111111092,11,0.34606800736959153,ml_v3freq,2026-05
306551,short,2026-05-01 18:25:00,2026-05-01 18:30:00,2026-05-01 19:42:00,4623.042,4612.605138888889,TP,10.156861111111096,72,0.3478434807258385,ml_v3freq,2026-05
306572,long,2026-05-01 20:10:00,2026-05-01 20:15:00,2026-05-03 22:03:00,4611.057,4621.565888194445,TP,10.228888194444425,43,0.36932496819913113,ml_v3freq,2026-05
306584,short,2026-05-03 22:10:00,2026-05-03 22:15:00,2026-05-03 22:22:00,4623.094,4612.509303472222,TP,10.304696527777777,7,0.3477168559444537,ml_v3freq,2026-05
306588,short,2026-05-03 22:30:00,2026-05-03 22:35:00,2026-05-03 22:43:00,4623.267,4628.820795561111,SL,-5.8337955611111045,8,0.34865903562722234,ml_v3freq,2026-05
306592,short,2026-05-03 22:50:00,2026-05-03 22:55:00,2026-05-04 00:01:00,4619.922,4609.143069444444,TP,10.498930555555532,66,0.3538887138005916,ml_v3freq,2026-05
306623,short,2026-05-04 01:25:00,2026-05-04 01:30:00,2026-05-04 01:40:00,4594.66,4600.484492219792,SL,-6.104492219791648,10,0.34007278394577967,ml_v3freq,2026-05
306629,short,2026-05-04 01:55:00,2026-05-04 02:00:00,2026-05-04 02:21:00,4612.839,4601.581088194444,TP,10.977911805555529,21,0.3408907199014059,ml_v3freq,2026-05
306636,short,2026-05-04 02:30:00,2026-05-04 02:35:00,2026-05-04 02:38:00,4595.609,4601.534341239584,SL,-6.205341239583326,3,0.34387225514320774,ml_v3freq,2026-05
306640,short,2026-05-04 02:50:00,2026-05-04 02:55:00,2026-05-04 03:58:00,4609.3,4615.278513868403,SL,-6.258513868402776,63,0.3398013649332281,ml_v3freq,2026-05
306655,short,2026-05-04 04:05:00,2026-05-04 04:10:00,2026-05-04 05:27:00,4610.85,4599.257023611111,TP,11.312976388888886,77,0.34428808966753444,ml_v3freq,2026-05
306673,short,2026-05-04 05:35:00,2026-05-04 05:40:00,2026-05-04 06:38:00,4596.38,4584.629334027778,TP,11.470665972222232,58,0.341710677799267,ml_v3freq,2026-05
306687,short,2026-05-04 06:45:00,2026-05-04 06:50:00,2026-05-04 08:00:00,4589.876,4577.8111312500005,TP,11.784868750000035,70,0.34503362184433384,ml_v3freq,2026-05
306704,short,2026-05-04 08:10:00,2026-05-04 08:15:00,2026-05-04 10:02:00,4579.888,4567.784226388889,TP,11.823773611111132,107,0.3491456121769373,ml_v3freq,2026-05
306728,short,2026-05-04 10:10:00,2026-05-04 10:15:00,2026-05-04 10:22:00,4541.745,4529.556175,TP,11.90882500000002,7,0.3407635161041044,ml_v3freq,2026-05
306732,short,2026-05-04 10:30:00,2026-05-04 10:35:00,2026-05-04 10:41:00,4557.607,4564.070603487153,SL,-6.743603487152789,6,0.34427794784106214,ml_v3freq,2026-05
306736,short,2026-05-04 10:50:00,2026-05-04 10:55:00,2026-05-04 11:01:00,4561.914,4568.414509632986,SL,-6.780509632986119,6,0.3409376464110482,ml_v3freq,2026-05
306740,short,2026-05-04 11:10:00,2026-05-04 11:15:00,2026-05-04 11:39:00,4565.168,4552.586963888889,TP,12.301036111111118,24,0.33855836310206533,ml_v3freq,2026-05
306747,long,2026-05-04 11:45:00,2026-05-04 11:50:00,2026-05-04 12:16:00,4555.942,4568.630828472223,TP,12.408828472222242,26,0.38411479550254934,ml_v3freq,2026-05
306760,long,2026-05-04 12:50:00,2026-05-04 12:55:00,2026-05-04 13:00:00,4572.017,4565.309224658333,SL,-6.987775341666679,5,0.3693753472215522,ml_v3freq,2026-05
306764,long,2026-05-04 13:10:00,2026-05-04 13:15:00,2026-05-04 13:30:00,4566.161,4559.399139296875,SL,-7.041860703125012,15,0.3752716721676087,ml_v3freq,2026-05
306774,long,2026-05-04 14:00:00,2026-05-04 14:05:00,2026-05-04 14:19:00,4559.875,4572.896020833334,TP,12.741020833333367,14,0.3713126596106169,ml_v3freq,2026-05
306779,long,2026-05-04 14:25:00,2026-05-04 14:30:00,2026-05-04 14:58:00,4571.297,4564.443564434375,SL,-7.133435565625019,28,0.3889443477928858,ml_v3freq,2026-05
306788,long,2026-05-04 15:10:00,2026-05-04 15:15:00,2026-05-04 15:19:00,4548.616,4541.939626629513,SL,-6.956373370486132,4,0.37816334991065614,ml_v3freq,2026-05
306824,long,2026-05-04 18:10:00,2026-05-04 18:15:00,2026-05-04 18:25:00,4520.171,4513.121858682986,SL,-7.329141317013897,10,0.3687304558678076,ml_v3freq,2026-05
306833,long,2026-05-04 18:55:00,2026-05-04 19:00:00,2026-05-05 00:54:00,4516.046,4529.613728472223,TP,13.287728472222245,291,0.37039511185685003,ml_v3freq,2026-05
306910,long,2026-05-05 02:20:00,2026-05-05 02:25:00,2026-05-05 04:18:00,4538.121,4531.4658933,SL,-6.935106700000002,113,0.37034515647564825,ml_v3freq,2026-05
306935,long,2026-05-05 04:25:00,2026-05-05 04:30:00,2026-05-05 05:07:00,4529.645,4542.028784722223,TP,12.103784722222214,37,0.400631262536385,ml_v3freq,2026-05
306945,long,2026-05-05 05:15:00,2026-05-05 05:20:00,2026-05-05 05:35:00,4536.817,4549.13816875,TP,12.041168749999999,15,0.3844882024484,ml_v3freq,2026-05
306951,long,2026-05-05 05:45:00,2026-05-05 05:50:00,2026-05-05 06:17:00,4547.278,4540.856247288542,SL,-6.701752711458332,27,0.41643472116173275,ml_v3freq,2026-05
306959,long,2026-05-05 06:25:00,2026-05-05 06:30:00,2026-05-05 06:39:00,4536.956,4549.252304166666,TP,12.01630416666667,9,0.4009231078547738,ml_v3freq,2026-05
306970,long,2026-05-05 07:20:00,2026-05-05 07:25:00,2026-05-05 07:50:00,4551.443,4545.122735221181,SL,-6.6002647788194375,25,0.3713423628535092,ml_v3freq,2026-05
306978,long,2026-05-05 08:00:00,2026-05-05 08:05:00,2026-05-05 10:50:00,4550.208,4543.923284173264,SL,-6.564715826736098,165,0.3767997158377622,ml_v3freq,2026-05
307014,short,2026-05-05 11:00:00,2026-05-05 11:05:00,2026-05-05 11:09:00,4543.47,4549.684697328125,SL,-6.494697328125008,4,0.3445932504334547,ml_v3freq,2026-05
307017,short,2026-05-05 11:15:00,2026-05-05 11:20:00,2026-05-05 11:23:00,4550.186,4556.316594968055,SL,-6.4105949680555625,3,0.34308030350436985,ml_v3freq,2026-05
307020,short,2026-05-05 11:30:00,2026-05-05 11:35:00,2026-05-05 11:42:00,4556.816,4562.8518731621525,SL,-6.315873162152786,7,0.3566574342009645,ml_v3freq,2026-05
307024,short,2026-05-05 11:50:00,2026-05-05 11:55:00,2026-05-05 12:11:00,4561.032,4567.041415820833,SL,-6.289415820833341,16,0.3542652315852266,ml_v3freq,2026-05
307030,short,2026-05-05 12:20:00,2026-05-05 12:25:00,2026-05-05 13:08:00,4571.858,4577.916572426042,SL,-6.338572426041679,43,0.34271994872321904,ml_v3freq,2026-05
307041,short,2026-05-05 13:15:00,2026-05-05 13:20:00,2026-05-05 14:15:00,4581.104,4569.454014583333,TP,11.369985416666708,55,0.33919728662479975,ml_v3freq,2026-05
307055,long,2026-05-05 14:25:00,2026-05-05 14:30:00,2026-05-05 14:37:00,4584.299,4578.2375187347225,SL,-6.341481265277788,7,0.3846824780764446,ml_v3freq,2026-05
307059,long,2026-05-05 14:45:00,2026-05-05 14:50:00,2026-05-05 15:52:00,4577.532,4571.521834151042,SL,-6.290165848958345,62,0.3783983260801097,ml_v3freq,2026-05
307074,short,2026-05-05 16:00:00,2026-05-05 16:05:00,2026-05-05 16:28:00,4567.117,4556.082915277778,TP,10.75408472222222,23,0.3457299834738959,ml_v3freq,2026-05
307087,long,2026-05-05 17:05:00,2026-05-05 17:10:00,2026-05-05 18:14:00,4554.564,4564.604402777778,TP,9.760402777777779,64,0.3711526901154709,ml_v3freq,2026-05
307104,long,2026-05-05 18:30:00,2026-05-05 18:35:00,2026-05-05 19:54:00,4559.057,4554.148149258333,SL,-5.1888507416666725,79,0.37246912670336685,ml_v3freq,2026-05
307122,long,2026-05-05 20:00:00,2026-05-05 20:05:00,2026-05-05 22:07:00,4554.402,4549.589434614931,SL,-5.092565385069451,59,0.3733401515176546,ml_v3freq,2026-05
307137,long,2026-05-05 22:15:00,2026-05-05 22:20:00,2026-05-05 22:54:00,4548.905,4557.938574305555,TP,8.75357430555558,34,0.3808984002948197,ml_v3freq,2026-05
307146,long,2026-05-05 23:00:00,2026-05-05 23:05:00,2026-05-05 23:12:00,4575.076,4584.308101388889,TP,8.952101388888911,7,0.3970426974510675,ml_v3freq,2026-05
307150,long,2026-05-05 23:20:00,2026-05-05 23:25:00,2026-05-05 23:30:00,4584.449,4579.572579045833,SL,-5.156420954166678,5,0.4015320308913072,ml_v3freq,2026-05
307154,long,2026-05-05 23:40:00,2026-05-05 23:45:00,2026-05-05 23:50:00,4585.092,4594.547714583333,TP,9.175714583333349,5,0.39767665957371473,ml_v3freq,2026-05
307158,long,2026-05-06 00:00:00,2026-05-06 00:05:00,2026-05-06 00:11:00,4595.732,4590.766595550347,SL,-5.245404449652791,6,0.4137602639049297,ml_v3freq,2026-05
307162,long,2026-05-06 00:20:00,2026-05-06 00:25:00,2026-05-06 00:55:00,4602.302,4611.977706944444,TP,9.395706944444466,30,0.40303243896020896,ml_v3freq,2026-05
307244,long,2026-05-06 07:10:00,2026-05-06 07:15:00,2026-05-06 07:28:00,4658.718,4669.068281944445,TP,10.070281944444439,13,0.39278780768594074,ml_v3freq,2026-05
307249,long,2026-05-06 07:35:00,2026-05-06 07:40:00,2026-05-06 07:46:00,4665.006,4675.3125034722225,TP,10.026503472222211,6,0.38431449048538097,ml_v3freq,2026-05
307260,long,2026-05-06 08:30:00,2026-05-06 08:35:00,2026-05-06 08:50:00,4676.085,4686.472590277778,TP,10.107590277777787,15,0.38045873283097054,ml_v3freq,2026-05
307276,long,2026-05-06 09:50:00,2026-05-06 09:55:00,2026-05-06 10:30:00,4700.126,4710.998590972223,TP,10.592590972222196,35,0.37693861480413515,ml_v3freq,2026-05
307295,long,2026-05-06 11:25:00,2026-05-06 11:30:00,2026-05-06 11:43:00,4705.456,4699.6273925465275,SL,-6.1086074534722075,13,0.37063467154417745,ml_v3freq,2026-05
307300,long,2026-05-06 11:50:00,2026-05-06 11:55:00,2026-05-06 11:57:00,4698.104,4692.210691707639,SL,-6.1733082923611,2,0.381764154414152,ml_v3freq,2026-05
307304,long,2026-05-06 12:10:00,2026-05-06 12:15:00,2026-05-06 12:18:00,4673.057,4667.08694676632,SL,-6.250053233680549,3,0.385928457461281,ml_v3freq,2026-05
307336,long,2026-05-06 14:50:00,2026-05-06 14:55:00,2026-05-06 15:13:00,4701.575,4695.269299259375,SL,-6.585700740624975,18,0.3701972293431728,ml_v3freq,2026-05
307342,long,2026-05-06 15:20:00,2026-05-06 15:25:00,2026-05-06 15:35:00,4698.974,4692.721198068403,SL,-6.532801931597204,10,0.40523773297216786,ml_v3freq,2026-05
307347,long,2026-05-06 15:45:00,2026-05-06 15:50:00,2026-05-06 16:00:00,4692.896,4686.676508841319,SL,-6.49949115868054,10,0.3947500581891178,ml_v3freq,2026-05
307352,long,2026-05-06 16:10:00,2026-05-06 16:15:00,2026-05-06 19:10:00,4683.839,4695.842673611111,TP,11.723673611111087,175,0.37912612356610875,ml_v3freq,2026-05
307390,long,2026-05-06 19:20:00,2026-05-06 19:25:00,2026-05-06 19:59:00,4699.571,4693.375513709722,SL,-6.475486290277763,34,0.4107432504576187,ml_v3freq,2026-05
307399,long,2026-05-06 20:05:00,2026-05-06 20:10:00,2026-05-06 20:33:00,4696.336,4690.135854804861,SL,-6.480145195138873,23,0.43408067706821435,ml_v3freq,2026-05
307406,long,2026-05-06 20:40:00,2026-05-06 20:45:00,2026-05-07 00:00:00,4688.422,4700.407034722221,TP,11.705034722222182,132,0.40475169861714766,ml_v3freq,2026-05
307436,long,2026-05-07 00:10:00,2026-05-07 00:15:00,2026-05-07 00:25:00,4699.96,4693.783633474306,SL,-6.456366525694439,10,0.39451589164773193,ml_v3freq,2026-05
307441,long,2026-05-07 00:35:00,2026-05-07 00:40:00,2026-05-07 00:43:00,4692.153,4685.98165350382,SL,-6.451346496180546,3,0.373825296508082,ml_v3freq,2026-05
307444,long,2026-05-07 00:50:00,2026-05-07 00:55:00,2026-05-07 01:07:00,4686.153,4698.046650694445,TP,11.613650694444418,12,0.37342063333738135,ml_v3freq,2026-05
307449,long,2026-05-07 01:15:00,2026-05-07 01:20:00,2026-05-07 01:26:00,4712.833,4706.6037664125,SL,-6.509233587499985,6,0.36880813562315506,ml_v3freq,2026-05
307453,long,2026-05-07 01:35:00,2026-05-07 01:40:00,2026-05-07 02:12:00,4712.875,4706.627487949306,SL,-6.527512050694424,32,0.38566713912239137,ml_v3freq,2026-05
307462,short,2026-05-07 02:20:00,2026-05-07 02:25:00,2026-05-07 02:58:00,4703.535,4709.793766440972,SL,-6.538766440972203,33,0.3409005097019829,ml_v3freq,2026-05
307471,long,2026-05-07 03:05:00,2026-05-07 03:10:00,2026-05-07 03:32:00,4708.602,4702.376441153472,SL,-6.5055588465277605,22,0.3821375926454108,ml_v3freq,2026-05
307479,short,2026-05-07 03:45:00,2026-05-07 03:50:00,2026-05-07 04:35:00,4704.122,4692.219663888889,TP,11.622336111111082,45,0.3420196856701679,ml_v3freq,2026-05
307492,short,2026-05-07 04:50:00,2026-05-07 04:55:00,2026-05-07 05:31:00,4695.537,4701.649066495486,SL,-6.3920664954861,36,0.33900148527267643,ml_v3freq,2026-05
307502,short,2026-05-07 05:40:00,2026-05-07 05:45:00,2026-05-07 06:12:00,4703.544,4709.672289326041,SL,-6.408289326041659,27,0.34108487622383304,ml_v3freq,2026-05
307510,long,2026-05-07 06:20:00,2026-05-07 06:25:00,2026-05-07 06:31:00,4713.345,4725.123830555556,TP,11.498830555555552,6,0.4029658254739213,ml_v3freq,2026-05
307514,long,2026-05-07 06:40:00,2026-05-07 06:45:00,2026-05-07 06:47:00,4746.035,4739.820810627431,SL,-6.494189372569442,2,0.3902154078660731,ml_v3freq,2026-05
307517,long,2026-05-07 06:55:00,2026-05-07 07:00:00,2026-05-07 07:04:00,4739.274,4733.06415206007,SL,-6.489847939930557,4,0.3881628899128987,ml_v3freq,2026-05
307520,long,2026-05-07 07:10:00,2026-05-07 07:15:00,2026-05-07 07:19:00,4749.052,4742.805472113194,SL,-6.5265278868055585,4,0.3762080681906127,ml_v3freq,2026-05
307523,long,2026-05-07 07:25:00,2026-05-07 07:30:00,2026-05-07 08:06:00,4739.611,4751.661163888889,TP,11.770163888888895,36,0.38222309568451907,ml_v3freq,2026-05
307534,short,2026-05-07 08:20:00,2026-05-07 08:25:00,2026-05-07 09:01:00,4739.522,4727.403559722222,TP,11.83844027777779,36,0.34036785248487655,ml_v3freq,2026-05
307545,short,2026-05-07 09:15:00,2026-05-07 09:20:00,2026-05-07 11:57:00,4735.649,4741.945311499653,SL,-6.576311499652777,157,0.3425350276783561,ml_v3freq,2026-05
307579,short,2026-05-07 12:05:00,2026-05-07 12:10:00,2026-05-07 12:17:00,4740.726,4746.678679566319,SL,-6.232679566319449,7,0.34171241437079086,ml_v3freq,2026-05
307583,short,2026-05-07 12:25:00,2026-05-07 12:30:00,2026-05-07 12:31:00,4737.963,4743.915774807986,SL,-6.232774807986117,1,0.3409121326077141,ml_v3freq,2026-05
307594,long,2026-05-07 13:20:00,2026-05-07 13:25:00,2026-05-07 13:33:00,4744.406,4755.656288194445,TP,10.970288194444441,8,0.3778148818269774,ml_v3freq,2026-05
307598,long,2026-05-07 13:40:00,2026-05-07 13:45:00,2026-05-07 13:46:00,4748.314,4742.442859205556,SL,-6.151140794444443,1,0.3798552258658756,ml_v3freq,2026-05
307601,long,2026-05-07 13:55:00,2026-05-07 14:00:00,2026-05-07 14:24:00,4746.028,4757.374362500001,TP,11.066362499999999,24,0.3822230272370516,ml_v3freq,2026-05
307611,long,2026-05-07 14:45:00,2026-05-07 14:50:00,2026-05-07 15:21:00,4758.061,4752.260365817708,SL,-6.08063418229167,31,0.3711228950840482,ml_v3freq,2026-05
307629,short,2026-05-07 16:15:00,2026-05-07 16:20:00,2026-05-07 16:21:00,4706.376,4712.134505618403,SL,-6.0385056184028,1,0.33923478203572743,ml_v3freq,2026-05
307640,long,2026-05-07 17:10:00,2026-05-07 17:15:00,2026-05-07 17:18:00,4714.699,4708.858963546528,SL,-6.120036453472241,3,0.37294788799849465,ml_v3freq,2026-05
307643,short,2026-05-07 17:25:00,2026-05-07 17:30:00,2026-05-07 17:40:00,4698.736,4704.742122046528,SL,-6.286122046527796,10,0.3398444481448125,ml_v3freq,2026-05
307665,short,2026-05-07 19:15:00,2026-05-07 19:20:00,2026-05-07 19:34:00,4701.993,4708.316177586459,SL,-6.6031775864583535,14,0.34279030430536095,ml_v3freq,2026-05
307672,long,2026-05-07 19:50:00,2026-05-07 19:55:00,2026-05-07 20:04:00,4706.436,4718.773355555555,TP,12.057355555555608,9,0.3814308516355337,ml_v3freq,2026-05
307676,long,2026-05-07 20:10:00,2026-05-07 20:15:00,2026-05-07 20:37:00,4711.725,4705.252594595487,SL,-6.752405404513917,22,0.39126401505242603,ml_v3freq,2026-05
307683,long,2026-05-07 20:45:00,2026-05-07 20:50:00,2026-05-07 20:54:00,4702.09,4695.519249637848,SL,-6.850750362152807,4,0.3743638279018092,ml_v3freq,2026-05
307690,short,2026-05-07 22:20:00,2026-05-07 22:25:00,2026-05-07 22:45:00,4696.462,4683.562597916667,TP,12.539402083333407,20,0.34066553266046845,ml_v3freq,2026-05
307697,short,2026-05-07 22:55:00,2026-05-07 23:00:00,2026-05-07 23:11:00,4685.853,4692.618491791667,SL,-7.045491791666714,11,0.33868172936766877,ml_v3freq,2026-05
307702,short,2026-05-07 23:20:00,2026-05-07 23:25:00,2026-05-07 23:50:00,4696.674,4703.442321262847,SL,-7.048321262847273,25,0.3398633550030279,ml_v3freq,2026-05
307710,long,2026-05-08 00:00:00,2026-05-08 00:05:00,2026-05-08 00:18:00,4702.999,4696.225908717013,SL,-7.053091282986151,13,0.3754673457096722,ml_v3freq,2026-05
307715,short,2026-05-08 00:25:00,2026-05-08 00:30:00,2026-05-08 00:38:00,4697.382,4704.250582959027,SL,-7.148582959027812,8,0.34789343717101817,ml_v3freq,2026-05
307719,short,2026-05-08 00:45:00,2026-05-08 00:50:00,2026-05-08 01:00:00,4699.808,4706.725822900695,SL,-7.197822900694483,10,0.35388085568901806,ml_v3freq,2026-05
307724,short,2026-05-08 01:10:00,2026-05-08 01:15:00,2026-05-08 01:50:00,4713.671,4720.630495098264,SL,-7.239495098263921,35,0.34194319155345415,ml_v3freq,2026-05
307734,long,2026-05-08 02:00:00,2026-05-08 02:05:00,2026-05-08 02:13:00,4731.276,4724.2795352614585,SL,-7.276464738541713,8,0.3695854028774779,ml_v3freq,2026-05
307738,short,2026-05-08 02:20:00,2026-05-08 02:25:00,2026-05-08 02:38:00,4721.98,4708.613472222221,TP,13.08652777777788,13,0.34393100866370285,ml_v3freq,2026-05
307743,short,2026-05-08 02:45:00,2026-05-08 02:50:00,2026-05-08 03:33:00,4716.29,4723.242185300347,SL,-7.232185300347281,43,0.34445375427497543,ml_v3freq,2026-05
307754,long,2026-05-08 03:40:00,2026-05-08 03:45:00,2026-05-08 04:05:00,4724.91,4717.947929408333,SL,-7.242070591666733,20,0.3804412918701158,ml_v3freq,2026-05
307761,short,2026-05-08 04:15:00,2026-05-08 04:20:00,2026-05-08 05:30:00,4715.716,4722.682852517014,SL,-7.246852517013951,70,0.347921382184556,ml_v3freq,2026-05
307778,short,2026-05-08 05:40:00,2026-05-08 05:45:00,2026-05-08 06:28:00,4724.386,4731.434184931945,SL,-7.328184931944495,43,0.341232308312685,ml_v3freq,2026-05
307795,short,2026-05-08 07:05:00,2026-05-08 07:10:00,2026-05-08 07:22:00,4722.713,4708.85760625,TP,13.575393750000075,12,0.3389419722514658,ml_v3freq,2026-05
307800,short,2026-05-08 07:30:00,2026-05-08 07:35:00,2026-05-08 08:21:00,4709.02,4716.266061399653,SL,-7.5260613996528125,46,0.3422539592352335,ml_v3freq,2026-05
307812,short,2026-05-08 08:30:00,2026-05-08 08:35:00,2026-05-08 10:37:00,4719.17,4726.270563880208,SL,-7.38056388020835,122,0.356345155517111,ml_v3freq,2026-05
307839,short,2026-05-08 10:45:00,2026-05-08 10:50:00,2026-05-08 11:05:00,4719.731,4726.732734777431,SL,-7.281734777430574,15,0.3600346576102734,ml_v3freq,2026-05
307845,short,2026-05-08 11:15:00,2026-05-08 11:20:00,2026-05-08 12:09:00,4722.853,4709.363447916667,TP,13.209552083333374,49,0.3613564394403807,ml_v3freq,2026-05
307857,short,2026-05-08 12:15:00,2026-05-08 12:20:00,2026-05-08 12:30:00,4707.986,4715.017676376388,SL,-7.311676376388916,10,0.3437655335040386,ml_v3freq,2026-05
307862,short,2026-05-08 12:40:00,2026-05-08 12:45:00,2026-05-08 12:54:00,4724.147,4731.275795097569,SL,-7.408795097569478,9,0.35347972921404147,ml_v3freq,2026-05
307866,short,2026-05-08 13:00:00,2026-05-08 13:05:00,2026-05-08 13:30:00,4723.24,4730.43938504618,SL,-7.4793850461805835,25,0.3489225742020704,ml_v3freq,2026-05
307874,short,2026-05-08 13:40:00,2026-05-08 13:45:00,2026-05-08 13:57:00,4738.127,4745.337238627778,SL,-7.490238627777808,12,0.34357148034064167,ml_v3freq,2026-05
307879,short,2026-05-08 14:05:00,2026-05-08 14:10:00,2026-05-08 14:16:00,4726.647,4733.926927748958,SL,-7.5599277489583665,6,0.3457197110065752,ml_v3freq,2026-05
307883,short,2026-05-08 14:25:00,2026-05-08 14:30:00,2026-05-08 14:39:00,4717.688,4725.009842019097,SL,-7.601842019097254,9,0.3388665300087963,ml_v3freq,2026-05
307887,short,2026-05-08 14:45:00,2026-05-08 14:50:00,2026-05-08 15:43:00,4718.197,4704.161389583333,TP,13.755610416666725,53,0.34453413146588996,ml_v3freq,2026-05
307900,short,2026-05-08 15:50:00,2026-05-08 15:55:00,2026-05-08 16:27:00,4709.549,4716.820947290972,SL,-7.551947290972254,32,0.3405290376620327,ml_v3freq,2026-05
307909,short,2026-05-08 16:35:00,2026-05-08 16:40:00,2026-05-08 18:00:00,4716.389,4723.574575004514,SL,-7.465575004513911,80,0.33945959622431143,ml_v3freq,2026-05
307928,short,2026-05-08 18:10:00,2026-05-08 18:15:00,2026-05-10 22:02:00,4727.463,4714.177918055555,TP,13.005081944444488,163,0.3555698906874259,ml_v3freq,2026-05
307965,short,2026-05-10 22:15:00,2026-05-10 22:20:00,2026-05-10 22:27:00,4687.167,4693.4807407246535,SL,-6.673740724652799,7,0.338619151672516,ml_v3freq,2026-05
307969,short,2026-05-10 22:35:00,2026-05-10 22:40:00,2026-05-10 23:04:00,4688.547,4694.846224307291,SL,-6.65922430729169,24,0.34415323863141783,ml_v3freq,2026-05
307976,short,2026-05-10 23:10:00,2026-05-10 23:15:00,2026-05-10 23:25:00,4690.359,4696.553434663542,SL,-6.55443466354169,10,0.34444601664655455,ml_v3freq,2026-05
307981,short,2026-05-10 23:35:00,2026-05-10 23:40:00,2026-05-11 00:00:00,4697.446,4685.628868055555,TP,11.537131944444475,20,0.3555805791473628,ml_v3freq,2026-05
307988,short,2026-05-11 00:10:00,2026-05-11 00:15:00,2026-05-11 00:31:00,4682.843,4688.994036210764,SL,-6.4310362107639065,16,0.35716370253306456,ml_v3freq,2026-05
307994,short,2026-05-11 00:40:00,2026-05-11 00:45:00,2026-05-11 00:52:00,4689.259,4677.2162381944445,TP,11.76276180555561,7,0.35043704298561745,ml_v3freq,2026-05
307998,short,2026-05-11 01:00:00,2026-05-11 01:05:00,2026-05-11 01:06:00,4691.014,4697.425379306597,SL,-6.691379306597255,1,0.3414333633404839,ml_v3freq,2026-05
308001,short,2026-05-11 01:15:00,2026-05-11 01:20:00,2026-05-11 01:22:00,4695.702,4702.1463845125,SL,-6.724384512500033,2,0.3394383362752068,ml_v3freq,2026-05
308004,short,2026-05-11 01:30:00,2026-05-11 01:35:00,2026-05-11 01:55:00,4697.84,4685.438821527778,TP,12.12117847222229,20,0.34349635460196615,ml_v3freq,2026-05
308011,short,2026-05-11 02:05:00,2026-05-11 02:10:00,2026-05-11 02:30:00,4683.985,4690.44517081875,SL,-6.740170818750022,20,0.3438234245333146,ml_v3freq,2026-05
308018,short,2026-05-11 02:40:00,2026-05-11 02:45:00,2026-05-11 03:01:00,4688.554,4676.079068055556,TP,12.194931944444463,16,0.345106190994687,ml_v3freq,2026-05
308024,short,2026-05-11 03:10:00,2026-05-11 03:15:00,2026-05-11 04:03:00,4687.032,4674.532302777778,TP,12.21969722222224,48,0.34439682121605386,ml_v3freq,2026-05
308036,short,2026-05-11 04:10:00,2026-05-11 04:15:00,2026-05-11 05:43:00,4677.562,4665.172165277778,TP,12.10983472222223,88,0.34712622220844735,ml_v3freq,2026-05
308056,short,2026-05-11 05:50:00,2026-05-11 05:55:00,2026-05-11 06:08:00,4654.665,4661.167041436458,SL,-6.782041436458343,13,0.34738901096252783,ml_v3freq,2026-05
308073,long,2026-05-11 07:15:00,2026-05-11 07:20:00,2026-05-11 07:49:00,4673.301,4666.825792903125,SL,-6.755207096875007,29,0.38224016113718573,ml_v3freq,2026-05
308081,long,2026-05-11 07:55:00,2026-05-11 08:00:00,2026-05-11 09:24:00,4667.492,4661.0410438125,SL,-6.730956187500011,84,0.3796713586987164,ml_v3freq,2026-05
308100,short,2026-05-11 09:30:00,2026-05-11 09:35:00,2026-05-11 09:42:00,4654.454,4660.807635077777,SL,-6.6336350777778055,7,0.355685242296362,ml_v3freq,2026-05
308105,short,2026-05-11 09:55:00,2026-05-11 10:00:00,2026-05-11 10:21:00,4656.715,4663.100945813195,SL,-6.665945813194468,21,0.3470668658877772,ml_v3freq,2026-05
308115,long,2026-05-11 10:45:00,2026-05-11 10:50:00,2026-05-11 11:41:00,4664.217,4676.419506249999,TP,11.922506250000055,51,0.3707270054835038,ml_v3freq,2026-05
308135,long,2026-05-11 12:25:00,2026-05-11 12:30:00,2026-05-11 13:00:00,4690.669,4702.955732638889,TP,12.006732638888915,30,0.36997101927263437,ml_v3freq,2026-05
308149,long,2026-05-11 13:35:00,2026-05-11 13:40:00,2026-05-11 13:45:00,4735.074,4747.56759375,TP,12.213593750000026,5,0.37532034520584623,ml_v3freq,2026-05
308153,long,2026-05-11 13:55:00,2026-05-11 14:00:00,2026-05-11 14:03:00,4736.326,4729.8396139125,SL,-6.766386087500007,3,0.3819791561447763,ml_v3freq,2026-05
308156,short,2026-05-11 14:10:00,2026-05-11 14:15:00,2026-05-11 14:32:00,4730.664,4718.079075694444,TP,12.304924305555563,17,0.3390591508399237,ml_v3freq,2026-05
308162,short,2026-05-11 14:40:00,2026-05-11 14:45:00,2026-05-11 16:35:00,4732.222,4719.59324375,TP,12.348756250000001,110,0.34240821662056337,ml_v3freq,2026-05
308187,short,2026-05-11 16:45:00,2026-05-11 16:50:00,2026-05-11 17:26:00,4715.104,4721.326439681945,SL,-6.50243968194446,36,0.3468951044214491,ml_v3freq,2026-05
308197,short,2026-05-11 17:35:00,2026-05-11 17:40:00,2026-05-11 18:35:00,4721.941,4728.131621028472,SL,-6.470621028472234,55,0.3513300476206068,ml_v3freq,2026-05
308211,short,2026-05-11 18:45:00,2026-05-11 18:50:00,2026-05-11 19:52:00,4726.248,4732.422211682986,SL,-6.4542116829861245,62,0.3497252538812726,ml_v3freq,2026-05
308227,long,2026-05-11 20:05:00,2026-05-11 20:10:00,2026-05-11 22:46:00,4734.47,4746.373879166667,TP,11.62387916666669,93,0.3741877006029902,ml_v3freq,2026-05
308250,long,2026-05-11 23:00:00,2026-05-11 23:05:00,2026-05-11 23:52:00,4751.199,4763.042501388889,TP,11.563501388888914,47,0.3773329919973658,ml_v3freq,2026-05
308266,long,2026-05-12 00:20:00,2026-05-12 00:25:00,2026-05-12 00:54:00,4759.564,4753.350334456598,SL,-6.493665543402785,29,0.3820007879304338,ml_v3freq,2026-05
308275,long,2026-05-12 01:05:00,2026-05-12 01:10:00,2026-05-12 01:13:00,4752.439,4746.130295178473,SL,-6.5887048215277755,3,0.3686184341242751,ml_v3freq,2026-05
308301,long,2026-05-12 03:15:00,2026-05-12 03:20:00,2026-05-12 03:45:00,4726.168,4720.116094490625,SL,-6.331905509374997,25,0.3694769872196436,ml_v3freq,2026-05
308309,long,2026-05-12 03:55:00,2026-05-12 04:00:00,2026-05-12 04:54:00,4720.289,4714.357019622569,SL,-6.211980377430552,54,0.3848135948300352,ml_v3freq,2026-05
308323,long,2026-05-12 05:05:00,2026-05-12 05:10:00,2026-05-12 06:00:00,4711.315,4705.389182552083,SL,-6.205817447916671,50,0.3693592096057651,ml_v3freq,2026-05
308342,long,2026-05-12 06:40:00,2026-05-12 06:45:00,2026-05-12 06:49:00,4702.461,4696.472446072569,SL,-6.268553927430564,4,0.37055568109844184,ml_v3freq,2026-05
308345,long,2026-05-12 06:55:00,2026-05-12 07:00:00,2026-05-12 07:03:00,4697.029,4691.052708437153,SL,-6.256291562847229,3,0.3692916859433063,ml_v3freq,2026-05
308362,long,2026-05-12 08:20:00,2026-05-12 08:25:00,2026-05-12 09:44:00,4702.002,4696.062936023612,SL,-6.219063976388892,79,0.3686202212658405,ml_v3freq,2026-05
308383,short,2026-05-12 10:05:00,2026-05-12 10:10:00,2026-05-12 10:30:00,4707.506,4696.111741666667,TP,11.114258333333348,20,0.3395560091505594,ml_v3freq,2026-05
308401,short,2026-05-12 11:35:00,2026-05-12 11:40:00,2026-05-12 12:30:00,4704.207,4692.677884722222,TP,11.249115277777811,50,0.3402124202023096,ml_v3freq,2026-05
308414,short,2026-05-12 12:40:00,2026-05-12 12:45:00,2026-05-12 12:46:00,4702.987,4709.113229725,SL,-6.406229725000021,1,0.338704869724328,ml_v3freq,2026-05
308421,short,2026-05-12 13:15:00,2026-05-12 13:20:00,2026-05-12 13:22:00,4685.502,4691.762353802083,SL,-6.540353802083356,2,0.3413990828436828,ml_v3freq,2026-05
308424,short,2026-05-12 13:30:00,2026-05-12 13:35:00,2026-05-12 13:37:00,4688.822,4695.026192965973,SL,-6.484192965972241,2,0.34283232123079066,ml_v3freq,2026-05
308429,long,2026-05-12 13:55:00,2026-05-12 14:00:00,2026-05-12 14:03:00,4679.363,4691.435889583334,TP,11.79288958333337,3,0.37609251952111794,ml_v3freq,2026-05
308432,long,2026-05-12 14:10:00,2026-05-12 14:15:00,2026-05-12 14:17:00,4692.712,4686.4383560170145,SL,-6.553643982986127,2,0.39641539791802854,ml_v3freq,2026-05
308441,long,2026-05-12 14:55:00,2026-05-12 15:00:00,2026-05-12 15:12:00,4673.002,4666.772762444098,SL,-6.509237555902806,12,0.3685800334616937,ml_v3freq,2026-05
308448,long,2026-05-12 15:30:00,2026-05-12 15:35:00,2026-05-12 16:16:00,4662.821,4674.942534027778,TP,11.841534027777831,41,0.3756550228053704,ml_v3freq,2026-05
308459,long,2026-05-12 16:25:00,2026-05-12 16:30:00,2026-05-12 17:18:00,4668.438,4680.468302777778,TP,11.750302777777824,48,0.37506037296424705,ml_v3freq,2026-05
308471,long,2026-05-12 17:25:00,2026-05-12 17:30:00,2026-05-12 18:35:00,4679.419,4691.4812180555555,TP,11.78221805555558,65,0.3843793156302523,ml_v3freq,2026-05
308487,long,2026-05-12 18:45:00,2026-05-12 18:50:00,2026-05-12 19:24:00,4691.313,4703.329667361111,TP,11.736667361111122,34,0.3922975096725753,ml_v3freq,2026-05
308496,long,2026-05-12 19:30:00,2026-05-12 19:35:00,2026-05-12 22:04:00,4708.746,4720.851286111111,TP,11.825286111111128,87,0.37168549892205743,ml_v3freq,2026-05
308516,long,2026-05-12 22:10:00,2026-05-12 22:15:00,2026-05-13 00:05:00,4714.453,4726.564870833334,TP,11.611870833333356,110,0.38346058299576663,ml_v3freq,2026-05
308545,short,2026-05-13 00:35:00,2026-05-13 00:40:00,2026-05-13 01:01:00,4722.06,4709.734492361112,TP,12.045507638888882,21,0.34045900642327875,ml_v3freq,2026-05
308562,short,2026-05-13 02:00:00,2026-05-13 02:05:00,2026-05-13 02:44:00,4706.163,4694.108367361111,TP,11.774632638888901,39,0.3407035833427846,ml_v3freq,2026-05
308573,long,2026-05-13 02:55:00,2026-05-13 03:00:00,2026-05-13 03:33:00,4691.69,4703.504267361111,TP,11.534267361111128,33,0.38129436603655065,ml_v3freq,2026-05
308582,short,2026-05-13 03:40:00,2026-05-13 03:45:00,2026-05-13 06:04:00,4703.725,4709.8050057694445,SL,-6.36000576944445,139,0.33988156186606405,ml_v3freq,2026-05
308612,short,2026-05-13 06:10:00,2026-05-13 06:15:00,2026-05-13 07:07:00,4710.614,4698.986335416666,TP,11.347664583333351,52,0.3526210170598071,ml_v3freq,2026-05
308625,short,2026-05-13 07:15:00,2026-05-13 07:20:00,2026-05-13 09:14:00,4705.734,4694.170830555556,TP,11.283169444444447,114,0.3541130237051665,ml_v3freq,2026-05
308650,short,2026-05-13 09:20:00,2026-05-13 09:25:00,2026-05-13 09:35:00,4686.832,4692.679350219792,SL,-6.127350219791659,10,0.34191440392945727,ml_v3freq,2026-05
308655,short,2026-05-13 09:45:00,2026-05-13 09:50:00,2026-05-13 10:08:00,4696.75,4702.611596785764,SL,-6.141596785763879,18,0.35569706376505306,ml_v3freq,2026-05
308661,short,2026-05-13 10:15:00,2026-05-13 10:20:00,2026-05-13 12:16:00,4700.744,4689.366898611111,TP,11.097101388888856,116,0.35562804158640315,ml_v3freq,2026-05
308687,short,2026-05-13 12:25:00,2026-05-13 12:30:00,2026-05-13 13:14:00,4684.917,4690.675211956597,SL,-6.038211956597196,44,0.3435416256329866,ml_v3freq,2026-05
308698,short,2026-05-13 13:20:00,2026-05-13 13:25:00,2026-05-13 13:34:00,4693.796,4682.625102777778,TP,10.890897222222156,9,0.34708349031893604,ml_v3freq,2026-05
308706,short,2026-05-13 14:00:00,2026-05-13 14:05:00,2026-05-13 14:12:00,4676.575,4682.381435987152,SL,-6.086435987152736,7,0.3386072880838666,ml_v3freq,2026-05
308710,short,2026-05-13 14:20:00,2026-05-13 14:25:00,2026-05-13 14:31:00,4681.623,4687.41833239618,SL,-6.0753323961805155,6,0.3456059672192525,ml_v3freq,2026-05
308714,short,2026-05-13 14:40:00,2026-05-13 14:45:00,2026-05-13 15:10:00,4683.95,4689.699525122916,SL,-6.029525122916631,25,0.34080780216200685,ml_v3freq,2026-05
308722,short,2026-05-13 15:20:00,2026-05-13 15:25:00,2026-05-13 15:34:00,4688.141,4693.762294123958,SL,-5.901294123958301,9,0.34403663652696126,ml_v3freq,2026-05
308728,long,2026-05-13 15:50:00,2026-05-13 15:55:00,2026-05-13 16:24:00,4695.966,4706.630507638889,TP,10.384507638888815,29,0.37465068903601134,ml_v3freq,2026-05
308736,long,2026-05-13 16:30:00,2026-05-13 16:35:00,2026-05-13 16:46:00,4703.929,4698.582164580555,SL,-5.626835419444412,11,0.38906783013127977,ml_v3freq,2026-05
308741,long,2026-05-13 16:55:00,2026-05-13 17:00:00,2026-05-13 17:34:00,4695.556,4690.249836740624,SL,-5.586163259374972,34,0.41278754603633416,ml_v3freq,2026-05
308750,long,2026-05-13 17:40:00,2026-05-13 17:45:00,2026-05-13 17:59:00,4691.358,4686.073678829514,SL,-5.564321170486079,14,0.40534661919599846,ml_v3freq,2026-05
308755,long,2026-05-13 18:05:00,2026-05-13 18:10:00,2026-05-13 18:44:00,4690.81,4685.530782195487,SL,-5.5592178045138505,34,0.39205840233039524,ml_v3freq,2026-05
308764,short,2026-05-13 18:50:00,2026-05-13 18:55:00,2026-05-13 20:24:00,4686.927,4692.258882477778,SL,-5.611882477777745,89,0.3396320676325413,ml_v3freq,2026-05
308784,long,2026-05-13 20:30:00,2026-05-13 20:35:00,2026-05-13 22:43:00,4689.983,4700.047595138889,TP,9.784595138888845,66,0.376149430334041,ml_v3freq,2026-05
308811,short,2026-05-13 23:45:00,2026-05-13 23:50:00,2026-05-14 00:01:00,4693.963,4699.110570010764,SL,-5.427570010763875,11,0.33929209323631393,ml_v3freq,2026-05
308816,short,2026-05-14 00:10:00,2026-05-14 00:15:00,2026-05-14 00:17:00,4697.441,4702.584423029861,SL,-5.423423029861105,2,0.33937337907062637,ml_v3freq,2026-05
308819,short,2026-05-14 00:25:00,2026-05-14 00:30:00,2026-05-14 00:59:00,4700.869,4706.017685131944,SL,-5.428685131944442,29,0.35312444833899514,ml_v3freq,2026-05
308827,short,2026-05-14 01:05:00,2026-05-14 01:10:00,2026-05-14 01:16:00,4688.122,4693.328814295834,SL,-5.4868142958333195,6,0.34448202237103664,ml_v3freq,2026-05
308831,short,2026-05-14 01:25:00,2026-05-14 01:30:00,2026-05-14 02:35:00,4692.889,4698.124466163889,SL,-5.51546616388888,65,0.34998860327387826,ml_v3freq,2026-05
308847,short,2026-05-14 02:45:00,2026-05-14 02:50:00,2026-05-14 02:57:00,4682.731,4688.035611613888,SL,-5.584611613888866,7,0.3453542197787597,ml_v3freq,2026-05
308851,short,2026-05-14 03:05:00,2026-05-14 03:10:00,2026-05-14 03:26:00,4684.566,4689.863639130208,SL,-5.577639130208312,16,0.34112951528238533,ml_v3freq,2026-05
308857,short,2026-05-14 03:35:00,2026-05-14 03:40:00,2026-05-14 04:00:00,4680.617,4670.342725,TP,9.99427499999996,20,0.3441799170892167,ml_v3freq,2026-05
308864,short,2026-05-14 04:10:00,2026-05-14 04:15:00,2026-05-14 04:21:00,4682.036,4687.371065136806,SL,-5.615065136805528,6,0.34795052760088563,ml_v3freq,2026-05
308868,short,2026-05-14 04:30:00,2026-05-14 04:35:00,2026-05-14 05:18:00,4709.004,4698.569919444444,TP,10.154080555555502,43,0.3447260929856343,ml_v3freq,2026-05
308879,short,2026-05-14 05:25:00,2026-05-14 05:30:00,2026-05-14 05:31:00,4693.726,4699.173359030208,SL,-5.727359030208312,1,0.34555664769682193,ml_v3freq,2026-05
308882,short,2026-05-14 05:40:00,2026-05-14 05:45:00,2026-05-14 05:46:00,4697.476,4702.936042045486,SL,-5.740042045486089,1,0.34257541669780656,ml_v3freq,2026-05
308885,short,2026-05-14 05:55:00,2026-05-14 06:00:00,2026-05-14 06:35:00,4689.884,4695.381912513194,SL,-5.777912513194422,35,0.34518994016138904,ml_v3freq,2026-05
308895,short,2026-05-14 06:45:00,2026-05-14 06:50:00,2026-05-14 06:52:00,4695.69,4701.199647080208,SL,-5.789647080208312,2,0.3494472019144713,ml_v3freq,2026-05
308898,short,2026-05-14 07:00:00,2026-05-14 07:05:00,2026-05-14 07:27:00,4698.82,4704.314900495486,SL,-5.774900495486092,22,0.3498665205904662,ml_v3freq,2026-05
308905,short,2026-05-14 07:35:00,2026-05-14 07:40:00,2026-05-14 07:50:00,4712.339,4701.648741666667,TP,10.410258333333296,10,0.3472837023207366,ml_v3freq,2026-05
308910,short,2026-05-14 08:00:00,2026-05-14 08:05:00,2026-05-14 08:26:00,4697.661,4703.278742403472,SL,-5.897742403472195,21,0.3505456708141982,ml_v3freq,2026-05
308917,short,2026-05-14 08:35:00,2026-05-14 08:40:00,2026-05-14 09:01:00,4702.019,4691.232606250001,TP,10.50639374999995,21,0.3456526063152968,ml_v3freq,2026-05
308924,short,2026-05-14 09:10:00,2026-05-14 09:15:00,2026-05-14 09:49:00,4694.556,4700.206791261805,SL,-5.930791261805534,34,0.3456746451327025,ml_v3freq,2026-05
308933,short,2026-05-14 09:55:00,2026-05-14 10:00:00,2026-05-14 10:11:00,4699.389,4705.074943373611,SL,-5.965943373611098,11,0.3529044352242171,ml_v3freq,2026-05
308938,short,2026-05-14 10:20:00,2026-05-14 10:25:00,2026-05-14 11:48:00,4694.303,4699.976434968055,SL,-5.953434968055548,83,0.3435647381215581,ml_v3freq,2026-05
308957,short,2026-05-14 11:55:00,2026-05-14 12:00:00,2026-05-14 12:12:00,4694.081,4699.743339313889,SL,-5.942339313888895,12,0.349650887808327,ml_v3freq,2026-05
308962,short,2026-05-14 12:20:00,2026-05-14 12:25:00,2026-05-14 13:18:00,4705.37,4694.408736805555,TP,10.681263194444448,53,0.3460591179996022,ml_v3freq,2026-05
308976,short,2026-05-14 13:30:00,2026-05-14 13:35:00,2026-05-14 13:41:00,4684.457,4673.268220138889,TP,10.908779861111118,6,0.3408208852513883,ml_v3freq,2026-05
308980,short,2026-05-14 13:50:00,2026-05-14 13:55:00,2026-05-14 14:16:00,4685.252,4691.151590273958,SL,-6.17959027395834,21,0.34046090043549015,ml_v3freq,2026-05
308987,short,2026-05-14 14:25:00,2026-05-14 14:30:00,2026-05-14 14:59:00,4691.432,4679.975377777778,TP,11.176622222222237,29,0.3481435306624364,ml_v3freq,2026-05
308995,short,2026-05-14 15:05:00,2026-05-14 15:10:00,2026-05-14 15:27:00,4683.469,4689.323779069792,SL,-6.134779069791679,17,0.3484988935545873,ml_v3freq,2026-05
309001,short,2026-05-14 15:35:00,2026-05-14 15:40:00,2026-05-14 16:07:00,4686.3,4675.154517361111,TP,10.86548263888892,27,0.3495912678793859,ml_v3freq,2026-05
309009,short,2026-05-14 16:15:00,2026-05-14 16:20:00,2026-05-14 18:44:00,4679.713,4668.606032638889,TP,10.826967361111137,144,0.3481374956921529,ml_v3freq,2026-05
309069,short,2026-05-14 22:15:00,2026-05-14 22:20:00,2026-05-14 23:30:00,4658.982,4664.642708300347,SL,-5.940708300347251,70,0.3415200297742672,ml_v3freq,2026-05
309086,long,2026-05-14 23:40:00,2026-05-14 23:45:00,2026-05-14 23:54:00,4657.198,4651.452145649653,SL,-6.025854350347244,9,0.41246026404410085,ml_v3freq,2026-05
309090,short,2026-05-15 00:00:00,2026-05-15 00:05:00,2026-05-15 00:15:00,4649.558,4655.364312966667,SL,-6.086312966666687,10,0.341225716837688,ml_v3freq,2026-05
309095,short,2026-05-15 00:25:00,2026-05-15 00:30:00,2026-05-15 00:39:00,4629.792,4618.343169444444,TP,11.168830555555594,9,0.34571489530472144,ml_v3freq,2026-05
309099,short,2026-05-15 00:45:00,2026-05-15 00:50:00,2026-05-15 01:06:00,4627.487,4615.877218055555,TP,11.329781944444473,16,0.34418974655536994,ml_v3freq,2026-05
309105,short,2026-05-15 01:15:00,2026-05-15 01:20:00,2026-05-15 01:30:00,4619.427,4607.525381944444,TP,11.621618055555569,10,0.3450753523674427,ml_v3freq,2026-05
309110,short,2026-05-15 01:40:00,2026-05-15 01:45:00,2026-05-15 01:51:00,4622.857,4610.792963888889,TP,11.784036111111144,6,0.3442797048654972,ml_v3freq,2026-05
309114,short,2026-05-15 02:00:00,2026-05-15 02:05:00,2026-05-15 02:52:00,4614.089,4620.375366682291,SL,-6.566366682291687,47,0.34388886230854376,ml_v3freq,2026-05
309126,short,2026-05-15 03:00:00,2026-05-15 03:05:00,2026-05-15 04:43:00,4618.936,4606.950827777778,TP,11.705172222222277,98,0.3512097179921833,ml_v3freq,2026-05
309148,short,2026-05-15 04:50:00,2026-05-15 04:55:00,2026-05-15 05:07:00,4608.251,4596.344959027778,TP,11.626040972222297,12,0.35320639449028357,ml_v3freq,2026-05
309153,short,2026-05-15 05:15:00,2026-05-15 05:20:00,2026-05-15 05:29:00,4583.116,4589.355023637153,SL,-6.519023637152816,9,0.35146406131653174,ml_v3freq,2026-05
309157,short,2026-05-15 05:35:00,2026-05-15 05:40:00,2026-05-15 05:41:00,4569.291,4575.548167174653,SL,-6.537167174652816,1,0.3462039663162647,ml_v3freq,2026-05
309160,short,2026-05-15 05:50:00,2026-05-15 05:55:00,2026-05-15 05:59:00,4569.171,4556.99998125,TP,11.891018750000066,4,0.34578844743637427,ml_v3freq,2026-05
309163,short,2026-05-15 06:05:00,2026-05-15 06:10:00,2026-05-15 06:11:00,4566.739,4573.144319555555,SL,-6.685319555555588,1,0.34578844743637427,ml_v3freq,2026-05
309166,short,2026-05-15 06:20:00,2026-05-15 06:25:00,2026-05-15 07:11:00,4574.971,4581.430650957986,SL,-6.739650957986143,46,0.34458690720466956,ml_v3freq,2026-05
309178,short,2026-05-15 07:20:00,2026-05-15 07:25:00,2026-05-15 07:53:00,4582.514,4569.942940277778,TP,12.291059722222274,28,0.33878760509155104,ml_v3freq,2026-05
309186,short,2026-05-15 08:00:00,2026-05-15 08:05:00,2026-05-15 08:08:00,4561.183,4567.753738456944,SL,-6.850738456944467,3,0.34737143218838845,ml_v3freq,2026-05
309189,short,2026-05-15 08:15:00,2026-05-15 08:20:00,2026-05-15 08:45:00,4556.801,4563.410156564237,SL,-6.889156564236139,25,0.34866294103531226,ml_v3freq,2026-05
309197,short,2026-05-15 08:55:00,2026-05-15 09:00:00,2026-05-15 09:05:00,4554.255,4560.816142859028,SL,-6.841142859027813,5,0.3497694267597614,ml_v3freq,2026-05
309201,short,2026-05-15 09:15:00,2026-05-15 09:20:00,2026-05-15 09:25:00,4546.474,4553.104431171528,SL,-6.91043117152781,5,0.34819795030025824,ml_v3freq,2026-05
309205,short,2026-05-15 09:35:00,2026-05-15 09:40:00,2026-05-15 09:50:00,4546.784,4533.959703472222,TP,12.544296527777849,10,0.34764541524319037,ml_v3freq,2026-05
309210,short,2026-05-15 10:00:00,2026-05-15 10:05:00,2026-05-15 10:06:00,4546.336,4553.065454726042,SL,-7.009454726041696,1,0.34744242132031594,ml_v3freq,2026-05
309213,short,2026-05-15 10:15:00,2026-05-15 10:20:00,2026-05-15 10:51:00,4557.609,4564.39130988264,SL,-7.06230988263892,31,0.34327462784908125,ml_v3freq,2026-05
309222,short,2026-05-15 11:00:00,2026-05-15 11:05:00,2026-05-15 11:15:00,4561.919,4568.806151115625,SL,-7.167151115625031,10,0.34152562021670074,ml_v3freq,2026-05
309227,short,2026-05-15 11:25:00,2026-05-15 11:30:00,2026-05-15 12:01:00,4562.056,4548.7912375,TP,12.984762500000052,31,0.34320870637354584,ml_v3freq,2026-05
309236,short,2026-05-15 12:10:00,2026-05-15 12:15:00,2026-05-15 12:20:00,4545.821,4552.7857810107635,SL,-7.244781010763905,5,0.34958648014178284,ml_v3freq,2026-05
309240,short,2026-05-15 12:30:00,2026-05-15 12:35:00,2026-05-15 13:25:00,4549.381,4556.400949746181,SL,-7.299949746180571,50,0.3546463273012739,ml_v3freq,2026-05
309253,short,2026-05-15 13:35:00,2026-05-15 13:40:00,2026-05-15 13:45:00,4528.414,4514.50566111111,TP,13.628338888888932,5,0.3480769826736866,ml_v3freq,2026-05
309257,short,2026-05-15 13:55:00,2026-05-15 14:00:00,2026-05-15 14:12:00,4533.506,4540.8407472649305,SL,-7.614747264930578,12,0.34539270109408476,ml_v3freq,2026-05
309272,long,2026-05-15 15:10:00,2026-05-15 15:15:00,2026-05-15 15:24:00,4552.249,4544.883045215624,SL,-7.645954784375018,9,0.3688745156193509,ml_v3freq,2026-05
309276,long,2026-05-15 15:30:00,2026-05-15 15:35:00,2026-05-15 15:54:00,4543.768,4536.394453661111,SL,-7.653546338888901,19,0.3688824312699401,ml_v3freq,2026-05
309282,long,2026-05-15 16:00:00,2026-05-15 16:05:00,2026-05-15 17:01:00,4535.754,4549.936269444444,TP,13.902269444444466,56,0.37341669099629965,ml_v3freq,2026-05
309296,long,2026-05-15 17:10:00,2026-05-15 17:15:00,2026-05-15 19:11:00,4556.958,4549.577112115971,SL,-7.660887884027791,116,0.386638766430349,ml_v3freq,2026-05
309322,long,2026-05-15 19:20:00,2026-05-15 19:25:00,2026-05-15 20:02:00,4550.026,4542.557025479514,SL,-7.748974520486118,37,0.4730230754727721,ml_v3freq,2026-05
309332,long,2026-05-15 20:10:00,2026-05-15 20:15:00,2026-05-17 22:06:00,4538.452,4552.919452083333,TP,14.187452083333344,47,0.4722529400619287,ml_v3freq,2026-05
309366,long,2026-05-18 00:00:00,2026-05-18 00:05:00,2026-05-18 00:09:00,4531.136,4523.312468533334,SL,-8.103531466666638,4,0.3897090781717012,ml_v3freq,2026-05
309370,short,2026-05-18 00:20:00,2026-05-18 00:25:00,2026-05-18 00:33:00,4517.554,4502.301705555556,TP,14.972294444444396,8,0.33855269705257396,ml_v3freq,2026-05
309374,short,2026-05-18 00:40:00,2026-05-18 00:45:00,2026-05-18 00:46:00,4481.658,4489.707270090278,SL,-8.329270090277756,1,0.34403155582813605,ml_v3freq,2026-05
309377,long,2026-05-18 00:55:00,2026-05-18 01:00:00,2026-05-18 01:01:00,4515.784,4507.587652965972,SL,-8.476347034027759,1,0.3714366276295556,ml_v3freq,2026-05
309380,short,2026-05-18 01:10:00,2026-05-18 01:15:00,2026-05-18 01:24:00,4495.774,4504.075001752084,SL,-8.581001752083319,9,0.34908708768753394,ml_v3freq,2026-05
309384,long,2026-05-18 01:30:00,2026-05-18 01:35:00,2026-05-18 01:37:00,4510.192,4501.885791703472,SL,-8.58620829652776,2,0.3711032441713591,ml_v3freq,2026-05
309388,long,2026-05-18 01:50:00,2026-05-18 01:55:00,2026-05-18 02:00:00,4530.559,4522.1985317322915,SL,-8.640468267708311,5,0.3719957116513295,ml_v3freq,2026-05
309392,long,2026-05-18 02:10:00,2026-05-18 02:15:00,2026-05-18 03:06:00,4536.565,4528.242525220486,SL,-8.602474779513871,51,0.3787702998561898,ml_v3freq,2026-05
309405,long,2026-05-18 03:15:00,2026-05-18 03:20:00,2026-05-18 03:44:00,4530.583,4546.462454861111,TP,15.59945486111108,24,0.39082371130396565,ml_v3freq,2026-05
309412,long,2026-05-18 03:50:00,2026-05-18 03:55:00,2026-05-18 04:28:00,4540.901,4532.536424435417,SL,-8.644575564583315,33,0.3722672897383474,ml_v3freq,2026-05
309421,long,2026-05-18 04:35:00,2026-05-18 04:40:00,2026-05-18 05:03:00,4542.644,4534.23874037014,SL,-8.68525962986109,23,0.4143124390405568,ml_v3freq,2026-05
309428,long,2026-05-18 05:10:00,2026-05-18 05:15:00,2026-05-18 07:30:00,4538.065,4554.338002777778,TP,15.993002777777734,135,0.38318391632081816,ml_v3freq,2026-05
309458,short,2026-05-18 07:40:00,2026-05-18 07:45:00,2026-05-18 10:34:00,4549.068,4532.94578125,TP,15.842218749999988,169,0.3520499482047764,ml_v3freq,2026-05
309494,short,2026-05-18 10:40:00,2026-05-18 10:45:00,2026-05-18 11:39:00,4543.546,4551.616092299653,SL,-8.350092299652772,54,0.3632897473332506,ml_v3freq,2026-05
309507,short,2026-05-18 11:45:00,2026-05-18 11:50:00,2026-05-18 12:41:00,4555.484,4563.57128738889,SL,-8.367287388888888,51,0.35701996455164964,ml_v3freq,2026-05
309520,short,2026-05-18 12:50:00,2026-05-18 12:55:00,2026-05-18 12:59:00,4563.191,4571.338654731944,SL,-8.427654731944449,4,0.3432991931807115,ml_v3freq,2026-05
309523,long,2026-05-18 13:05:00,2026-05-18 13:10:00,2026-05-18 13:34:00,4563.615,4579.4042243055555,TP,15.509224305555575,24,0.3804068577652253,ml_v3freq,2026-05
309530,long,2026-05-18 13:40:00,2026-05-18 13:45:00,2026-05-18 13:54:00,4566.437,4582.261332638889,TP,15.544332638888905,9,0.40142862111245614,ml_v3freq,2026-05
309535,long,2026-05-18 14:05:00,2026-05-18 14:10:00,2026-05-18 14:21:00,4566.689,4558.455000760417,SL,-8.513999239583338,11,0.3958694352358429,ml_v3freq,2026-05
309540,short,2026-05-18 14:30:00,2026-05-18 14:35:00,2026-05-18 15:02:00,4549.314,4533.436424305556,TP,15.59757569444444,27,0.3500936693202246,ml_v3freq,2026-05
309548,short,2026-05-18 15:10:00,2026-05-18 15:15:00,2026-05-18 16:14:00,4540.313,4548.458730056597,SL,-8.42573005659722,59,0.35076691868412385,ml_v3freq,2026-05
309562,short,2026-05-18 16:20:00,2026-05-18 16:25:00,2026-05-18 16:54:00,4545.902,4553.846254247569,SL,-8.22425424756945,29,0.3459518617640723,ml_v3freq,2026-05
309574,short,2026-05-18 17:20:00,2026-05-18 17:25:00,2026-05-18 18:26:00,4553.6,4538.319739583334,TP,15.000260416666668,61,0.35115299373989994,ml_v3freq,2026-05
309589,long,2026-05-18 18:35:00,2026-05-18 18:40:00,2026-05-18 19:01:00,4539.844,4554.948375,TP,14.824374999999996,21,0.3688297544596113,ml_v3freq,2026-05
309596,short,2026-05-18 19:10:00,2026-05-18 19:15:00,2026-05-18 19:48:00,4554.668,4562.655216176041,SL,-8.26721617604167,33,0.36040342599278385,ml_v3freq,2026-05
309605,short,2026-05-18 19:55:00,2026-05-18 20:00:00,2026-05-18 20:24:00,4558.5,4566.494895035416,SL,-8.274895035416662,24,0.35534062065012495,ml_v3freq,2026-05
309614,long,2026-05-18 20:40:00,2026-05-18 20:45:00,2026-05-18 23:03:00,4564.502,4579.858664583334,TP,15.076664583333345,76,0.3768242527489307,ml_v3freq,2026-05
309632,long,2026-05-18 23:10:00,2026-05-18 23:15:00,2026-05-19 00:05:00,4585.516,4577.621323008333,SL,-8.17467699166667,50,0.37871109870955866,ml_v3freq,2026-05
309653,short,2026-05-19 00:55:00,2026-05-19 01:00:00,2026-05-19 01:43:00,4563.321,4571.1425790124995,SL,-8.101579012500018,43,0.33943785087707706,ml_v3freq,2026-05
309664,short,2026-05-19 01:50:00,2026-05-19 01:55:00,2026-05-19 02:15:00,4567.303,4552.742651388889,TP,14.280348611111144,20,0.33995794610622593,ml_v3freq,2026-05
309671,short,2026-05-19 02:25:00,2026-05-19 02:30:00,2026-05-19 03:00:00,4559.429,4545.431072222223,TP,13.717927777777795,30,0.3435174907887287,ml_v3freq,2026-05
309689,short,2026-05-19 03:55:00,2026-05-19 04:00:00,2026-05-19 05:24:00,4545.001,4531.498965972222,TP,13.222034027777799,84,0.3422353305411703,ml_v3freq,2026-05
309708,short,2026-05-19 05:30:00,2026-05-19 05:35:00,2026-05-19 05:40:00,4537.074,4543.829963656597,SL,-7.035963656597227,5,0.3510700294119709,ml_v3freq,2026-05
309712,short,2026-05-19 05:50:00,2026-05-19 05:55:00,2026-05-19 06:18:00,4539.662,4546.454976949306,SL,-7.072976949305562,23,0.34613773015564614,ml_v3freq,2026-05
309719,short,2026-05-19 06:25:00,2026-05-19 06:30:00,2026-05-19 07:09:00,4547.795,4554.549054854861,SL,-7.034054854861117,39,0.34790268917802636,ml_v3freq,2026-05
309729,short,2026-05-19 07:15:00,2026-05-19 07:20:00,2026-05-19 07:55:00,4548.521,4555.19562330486,SL,-6.954623304861104,35,0.34034666796449486,ml_v3freq,2026-05
309739,short,2026-05-19 08:05:00,2026-05-19 08:10:00,2026-05-19 10:43:00,4544.408,4531.571290277778,TP,12.556709722222182,153,0.35193664212945763,ml_v3freq,2026-05
309772,short,2026-05-19 10:50:00,2026-05-19 10:55:00,2026-05-19 10:57:00,4535.159,4541.800534762499,SL,-6.92153476249998,2,0.34937175292304906,ml_v3freq,2026-05
309775,short,2026-05-19 11:05:00,2026-05-19 11:10:00,2026-05-19 12:00:00,4541.386,4528.555294444445,TP,12.550705555555501,50,0.35874331106137936,ml_v3freq,2026-05
309788,short,2026-05-19 12:10:00,2026-05-19 12:15:00,2026-05-19 13:03:00,4542.114,4529.290077777778,TP,12.54392222222217,48,0.35815237571191494,ml_v3freq,2026-05
309800,short,2026-05-19 13:10:00,2026-05-19 13:15:00,2026-05-19 13:22:00,4524.189,4511.420918055556,TP,12.488081944444387,7,0.34759483110117195,ml_v3freq,2026-05
309804,short,2026-05-19 13:30:00,2026-05-19 13:35:00,2026-05-19 13:50:00,4481.582,4488.3623653652785,SL,-7.0603653652777405,15,0.34288280546378125,ml_v3freq,2026-05
309841,long,2026-05-19 16:35:00,2026-05-19 16:40:00,2026-05-19 17:46:00,4508.934,4502.150872626389,SL,-7.063127373611064,66,0.37222084774082276,ml_v3freq,2026-05
309860,long,2026-05-19 18:10:00,2026-05-19 18:15:00,2026-05-19 18:30:00,4501.066,4494.445295383681,SL,-6.900704616319407,15,0.37348499579782984,ml_v3freq,2026-05
309866,long,2026-05-19 18:40:00,2026-05-19 18:45:00,2026-05-19 18:55:00,4498.903,4492.2714656125,SL,-6.911534387499949,10,0.37137076483537723,ml_v3freq,2026-05
309872,long,2026-05-19 19:10:00,2026-05-19 19:15:00,2026-05-19 19:22:00,4496.839,4490.195961212848,SL,-6.923038787152729,7,0.3704179084305323,ml_v3freq,2026-05
309878,long,2026-05-19 19:40:00,2026-05-19 19:45:00,2026-05-19 19:58:00,4488.076,4481.4231791,SL,-6.932820899999947,13,0.3734865485172534,ml_v3freq,2026-05
309883,long,2026-05-19 20:05:00,2026-05-19 20:10:00,2026-05-19 22:16:00,4485.297,4478.775862609375,SL,-6.801137390624944,64,0.38498440273884565,ml_v3freq,2026-05
309899,long,2026-05-19 22:25:00,2026-05-19 22:30:00,2026-05-19 23:33:00,4479.147,4491.471759027778,TP,12.044759027777639,63,0.45859311767325706,ml_v3freq,2026-05
309914,long,2026-05-19 23:40:00,2026-05-19 23:45:00,2026-05-20 00:00:00,4492.362,4485.866700879861,SL,-6.77529912013882,15,0.3724254319666793,ml_v3freq,2026-05
309935,short,2026-05-20 01:25:00,2026-05-20 01:30:00,2026-05-20 01:36:00,4473.746,4460.766244444445,TP,12.699755555555402,6,0.3493715630919997,ml_v3freq,2026-05
309939,short,2026-05-20 01:45:00,2026-05-20 01:50:00,2026-05-20 01:51:00,4472.281,4479.121446983333,SL,-7.1204469833332515,1,0.3450307958282497,ml_v3freq,2026-05
309946,long,2026-05-20 02:20:00,2026-05-20 02:25:00,2026-05-20 02:30:00,4484.442,4477.585981004167,SL,-7.136018995833251,5,0.36874366289468086,ml_v3freq,2026-05
309950,short,2026-05-20 02:40:00,2026-05-20 02:45:00,2026-05-20 04:00:00,4460.857,4467.776533282292,SL,-7.1995332822915845,75,0.34660905438331946,ml_v3freq,2026-05
309970,long,2026-05-20 04:20:00,2026-05-20 04:25:00,2026-05-20 04:46:00,4466.695,4459.805638484027,SL,-7.1693615159721436,21,0.3754810217891581,ml_v3freq,2026-05
309977,short,2026-05-20 04:55:00,2026-05-20 05:00:00,2026-05-20 05:01:00,4462.008,4468.900877520833,SL,-7.172877520833253,1,0.34208477163720585,ml_v3freq,2026-05
309980,long,2026-05-20 05:10:00,2026-05-20 05:15:00,2026-05-20 06:36:00,4469.241,4462.333094137847,SL,-7.187905862152691,81,0.3807576627505771,ml_v3freq,2026-05
309999,long,2026-05-20 06:45:00,2026-05-20 06:50:00,2026-05-20 08:30:00,4473.652,4487.161527777777,TP,13.229527777777644,100,0.40189194628397695,ml_v3freq,2026-05
310022,long,2026-05-20 08:40:00,2026-05-20 08:45:00,2026-05-20 10:22:00,4479.094,4492.570573611111,TP,13.196573611110953,97,0.39875822893234264,ml_v3freq,2026-05
310044,long,2026-05-20 10:30:00,2026-05-20 10:35:00,2026-05-20 13:14:00,4492.379,4505.717172222222,TP,13.058172222222083,159,0.37470800471459753,ml_v3freq,2026-05
310078,short,2026-05-20 13:20:00,2026-05-20 13:25:00,2026-05-20 14:02:00,4494.358,4481.243929861112,TP,12.83407013888878,37,0.34167118711664324,ml_v3freq,2026-05
310089,short,2026-05-20 14:15:00,2026-05-20 14:20:00,2026-05-20 14:21:00,4498.148,4505.012785197569,SL,-7.14478519756939,1,0.3446886903856549,ml_v3freq,2026-05
310092,long,2026-05-20 14:30:00,2026-05-20 14:35:00,2026-05-20 14:37:00,4524.521,4517.720625947916,SL,-7.080374052083284,2,0.3908961380771786,ml_v3freq,2026-05
310095,long,2026-05-20 14:45:00,2026-05-20 14:50:00,2026-05-20 14:55:00,4521.723,4534.728101388889,TP,12.725101388888806,5,0.3915154996933484,ml_v3freq,2026-05
310099,long,2026-05-20 15:05:00,2026-05-20 15:10:00,2026-05-20 15:15:00,4526.501,4539.180119444444,TP,12.399119444444368,5,0.3809478900776212,ml_v3freq,2026-05
310105,long,2026-05-20 15:35:00,2026-05-20 15:40:00,2026-05-20 15:57:00,4537.644,4531.048010596181,SL,-6.875989403819407,17,0.38496693299898277,ml_v3freq,2026-05
310131,long,2026-05-20 17:45:00,2026-05-20 17:50:00,2026-05-20 19:19:00,4533.45,4545.786897222222,TP,12.056897222222124,89,0.3701746317622313,ml_v3freq,2026-05
310151,long,2026-05-20 19:25:00,2026-05-20 19:30:00,2026-05-20 22:10:00,4545.141,4538.76011786875,SL,-6.660882131249937,98,0.3760410972677483,ml_v3freq,2026-05
310174,long,2026-05-20 22:20:00,2026-05-20 22:25:00,2026-05-21 00:15:00,4536.886,4549.069248611111,TP,11.903248611111053,110,0.3772897611659904,ml_v3freq,2026-05
310201,short,2026-05-21 00:35:00,2026-05-21 00:40:00,2026-05-21 01:02:00,4542.584,4549.009736987847,SL,-6.705736987847188,22,0.34113863025786056,ml_v3freq,2026-05
310210,long,2026-05-21 01:20:00,2026-05-21 01:25:00,2026-05-21 02:03:00,4564.965,4558.54700139757,SL,-6.6979986024305145,38,0.39671956024939553,ml_v3freq,2026-05
310220,long,2026-05-21 02:10:00,2026-05-21 02:15:00,2026-05-21 02:25:00,4551.824,4545.505723390972,SL,-6.598276609027744,10,0.37915469812567615,ml_v3freq,2026-05
310247,short,2026-05-21 04:25:00,2026-05-21 04:30:00,2026-05-21 05:18:00,4539.723,4528.401059027778,TP,11.041940972222138,48,0.34183573638083115,ml_v3freq,2026-05
310280,long,2026-05-21 07:10:00,2026-05-21 07:15:00,2026-05-21 07:28:00,4520.67,4514.819415531944,SL,-6.130584468055507,13,0.3685893390259035,ml_v3freq,2026-05
310295,short,2026-05-21 08:25:00,2026-05-21 08:30:00,2026-05-21 09:20:00,4535.548,4541.3440070246525,SL,-6.076007024652735,50,0.33937002079132267,ml_v3freq,2026-05
310308,short,2026-05-21 09:30:00,2026-05-21 09:35:00,2026-05-21 10:25:00,4535.118,4524.019275000001,TP,10.81872499999994,50,0.34110913531425663,ml_v3freq,2026-05
310362,short,2026-05-21 14:00:00,2026-05-21 14:05:00,2026-05-21 15:13:00,4507.398,4513.655952918403,SL,-6.537952918402738,68,0.3408057816580724,ml_v3freq,2026-05
310378,short,2026-05-21 15:20:00,2026-05-21 15:25:00,2026-05-21 15:50:00,4504.64,4510.8175173625,SL,-6.457517362499955,25,0.3498387816935845,ml_v3freq,2026-05
310387,short,2026-05-21 16:05:00,2026-05-21 16:10:00,2026-05-21 17:10:00,4519.57,4525.550886973264,SL,-6.260886973263848,60,0.3403715971499749,ml_v3freq,2026-05
310402,short,2026-05-21 17:20:00,2026-05-21 17:25:00,2026-05-21 17:30:00,4536.799,4542.694927438194,SL,-6.175927438194405,5,0.34574635661499387,ml_v3freq,2026-05
310412,short,2026-05-21 18:10:00,2026-05-21 18:15:00,2026-05-21 18:52:00,4545.96,4534.383638194445,TP,11.296361805555467,37,0.34382526911156064,ml_v3freq,2026-05
310422,short,2026-05-21 19:00:00,2026-05-21 19:05:00,2026-05-21 19:20:00,4535.611,4541.71184385243,SL,-6.380843852430526,15,0.34810299015896207,ml_v3freq,2026-05
310428,short,2026-05-21 19:30:00,2026-05-21 19:35:00,2026-05-21 22:01:00,4539.379,4545.486554421527,SL,-6.387554421527754,84,0.3475058410252798,ml_v3freq,2026-05
310482,short,2026-05-22 01:00:00,2026-05-22 01:05:00,2026-05-22 02:33:00,4530.084,4518.329606249999,TP,11.474393749999985,88,0.3456534818189523,ml_v3freq,2026-05
310503,short,2026-05-22 02:45:00,2026-05-22 02:50:00,2026-05-22 04:28:00,4524.807,4530.776890529167,SL,-6.249890529166666,98,0.34073826953385555,ml_v3freq,2026-05
310526,short,2026-05-22 04:40:00,2026-05-22 04:45:00,2026-05-22 05:56:00,4528.881,4517.674291666667,TP,10.926708333333401,71,0.3421913207834186,ml_v3freq,2026-05
310543,short,2026-05-22 06:05:00,2026-05-22 06:10:00,2026-05-22 06:47:00,4522.564,4528.475285156945,SL,-6.191285156944473,37,0.3453952290898835,ml_v3freq,2026-05
310553,short,2026-05-22 06:55:00,2026-05-22 07:00:00,2026-05-22 09:15:00,4526.604,4515.2834111111115,TP,11.040588888888937,135,0.3474318217845004,ml_v3freq,2026-05
310583,short,2026-05-22 09:25:00,2026-05-22 09:30:00,2026-05-22 09:38:00,4517.623,4523.366239172917,SL,-6.0232391729166865,8,0.3454184262416192,ml_v3freq,2026-05
310587,short,2026-05-22 09:45:00,2026-05-22 09:50:00,2026-05-22 09:54:00,4528.393,4534.122659298611,SL,-6.009659298611129,4,0.35087458606672695,ml_v3freq,2026-05
310590,short,2026-05-22 10:00:00,2026-05-22 10:05:00,2026-05-22 10:08:00,4529.755,4535.511628563889,SL,-6.0366285638888995,3,0.3506489824862521,ml_v3freq,2026-05
310593,short,2026-05-22 10:15:00,2026-05-22 10:20:00,2026-05-22 10:32:00,4531.611,4520.552959722222,TP,10.778040277777807,12,0.34996414001894405,ml_v3freq,2026-05
310599,short,2026-05-22 10:45:00,2026-05-22 10:50:00,2026-05-22 11:39:00,4513.09,4518.841910132986,SL,-6.031910132986117,49,0.340383431371731,ml_v3freq,2026-05
310611,short,2026-05-22 11:45:00,2026-05-22 11:50:00,2026-05-22 12:12:00,4522.383,4527.952962834028,SL,-5.849962834027787,22,0.3491508385194347,ml_v3freq,2026-05
310618,short,2026-05-22 12:20:00,2026-05-22 12:25:00,2026-05-22 12:36:00,4527.515,4516.756251388889,TP,10.478748611111152,11,0.339640725937415,ml_v3freq,2026-05
310623,short,2026-05-22 12:45:00,2026-05-22 12:50:00,2026-05-22 12:59:00,4518.77,4524.371075111806,SL,-5.881075111805576,9,0.35085797735743607,ml_v3freq,2026-05
310627,short,2026-05-22 13:05:00,2026-05-22 13:10:00,2026-05-22 13:30:00,4531.568,4520.663447916667,TP,10.624552083333377,20,0.33879094676616855,ml_v3freq,2026-05
310634,short,2026-05-22 13:40:00,2026-05-22 13:45:00,2026-05-22 14:00:00,4517.516,4506.646930555555,TP,10.589069444444492,15,0.3423843463454833,ml_v3freq,2026-05
310640,short,2026-05-22 14:10:00,2026-05-22 14:15:00,2026-05-22 14:35:00,4497.808,4503.493272713542,SL,-5.965272713541694,20,0.34856671196311056,ml_v3freq,2026-05
310647,short,2026-05-22 14:45:00,2026-05-22 14:50:00,2026-05-22 15:05:00,4503.755,4509.388314415973,SL,-5.913314415972246,15,0.3483749292988604,ml_v3freq,2026-05
310653,short,2026-05-22 15:15:00,2026-05-22 15:20:00,2026-05-22 15:30:00,4515.666,4521.147130137848,SL,-5.761130137847244,10,0.3397325422656755,ml_v3freq,2026-05
310658,short,2026-05-22 15:40:00,2026-05-22 15:45:00,2026-05-22 16:25:00,4518.154,4523.597418406251,SL,-5.723418406250021,40,0.3390543457162599,ml_v3freq,2026-05
310669,short,2026-05-22 16:35:00,2026-05-22 16:40:00,2026-05-22 17:29:00,4519.611,4524.924834181945,SL,-5.59383418194447,49,0.34945594893882925,ml_v3freq,2026-05
310681,short,2026-05-22 17:35:00,2026-05-22 17:40:00,2026-05-22 18:04:00,4523.313,4513.0102472222225,TP,10.022752777777809,24,0.353920336832506,ml_v3freq,2026-05
310688,short,2026-05-22 18:10:00,2026-05-22 18:15:00,2026-05-22 18:39:00,4513.912,4519.221036382986,SL,-5.589036382986123,24,0.34238761329263706,ml_v3freq,2026-05
310699,short,2026-05-22 19:05:00,2026-05-22 19:10:00,2026-05-24 22:01:00,4508.43,4513.526603813889,SL,-5.376603813888894,108,0.3396539371686016,ml_v3freq,2026-05
310725,short,2026-05-24 22:15:00,2026-05-24 22:20:00,2026-05-24 22:30:00,4552.317,4557.394170545486,SL,-5.35717054548611,10,0.34083177441483636,ml_v3freq,2026-05
310730,short,2026-05-24 22:40:00,2026-05-24 22:45:00,2026-05-24 22:47:00,4558.471,4563.597981937152,SL,-5.406981937152775,2,0.3389587812378092,ml_v3freq,2026-05
310734,short,2026-05-24 23:00:00,2026-05-24 23:05:00,2026-05-24 23:08:00,4568.117,4573.282769105903,SL,-5.445769105902769,3,0.33901413905164435,ml_v3freq,2026-05
310737,short,2026-05-24 23:15:00,2026-05-24 23:20:00,2026-05-24 23:39:00,4574.058,4579.243492067709,SL,-5.465492067708329,19,0.3406307362272425,ml_v3freq,2026-05
310743,short,2026-05-24 23:45:00,2026-05-24 23:50:00,2026-05-24 23:59:00,4577.119,4567.065091666666,TP,9.773908333333322,9,0.34020070361634924,ml_v3freq,2026-05
310747,long,2026-05-25 00:05:00,2026-05-25 00:10:00,2026-05-25 00:58:00,4572.947,4567.657642926389,SL,-5.569357073611099,48,0.41083012866094604,ml_v3freq,2026-05
310762,long,2026-05-25 01:20:00,2026-05-25 01:25:00,2026-05-25 01:43:00,4571.211,4565.783443299653,SL,-5.707556700347205,18,0.36897194724700655,ml_v3freq,2026-05
310769,short,2026-05-25 01:55:00,2026-05-25 02:00:00,2026-05-25 02:09:00,4562.582,4568.033863167361,SL,-5.731863167361087,9,0.3410011667367763,ml_v3freq,2026-05
310773,short,2026-05-25 02:15:00,2026-05-25 02:20:00,2026-05-25 02:41:00,4561.829,4567.2540526381945,SL,-5.705052638194423,21,0.34188319657923355,ml_v3freq,2026-05
310780,short,2026-05-25 02:50:00,2026-05-25 02:55:00,2026-05-25 06:05:00,4562.066,4551.678020138888,TP,10.10797986111106,190,0.3438061914312996,ml_v3freq,2026-05
310829,short,2026-05-25 06:55:00,2026-05-25 07:00:00,2026-05-25 09:52:00,4562.362,4567.620486868403,SL,-5.538486868402742,172,0.34140464578749313,ml_v3freq,2026-05
310866,long,2026-05-25 10:00:00,2026-05-25 10:05:00,2026-05-25 12:03:00,4568.866,4563.810203271875,SL,-5.335796728124975,118,0.3741033758166982,ml_v3freq,2026-05
310897,long,2026-05-25 12:35:00,2026-05-25 12:40:00,2026-05-25 13:01:00,4568.546,4563.607072733681,SL,-5.218927266319428,21,0.38038667144166394,ml_v3freq,2026-05
310904,short,2026-05-25 13:10:00,2026-05-25 13:15:00,2026-05-25 14:05:00,4564.381,4569.307518070834,SL,-5.206518070833314,50,0.3409539899695076,ml_v3freq,2026-05
310930,long,2026-05-25 15:20:00,2026-05-25 15:25:00,2026-05-25 15:37:00,4572.696,4568.206597526736,SL,-4.7694024732638685,12,0.3685763159292384,ml_v3freq,2026-05
310940,long,2026-05-25 16:10:00,2026-05-25 16:15:00,2026-05-25 17:45:00,4570.742,4566.351275830209,SL,-4.67072416979165,90,0.37263032563626075,ml_v3freq,2026-05
310969,long,2026-05-25 22:05:00,2026-05-25 22:10:00,2026-05-25 23:28:00,4572.392,4568.212073417361,SL,-4.539926582638877,78,0.37169493802155995,ml_v3freq,2026-05
311005,long,2026-05-26 01:05:00,2026-05-26 01:10:00,2026-05-26 01:30:00,4545.347,4540.897424417014,SL,-4.729575582986109,20,0.3726886069198534,ml_v3freq,2026-05
311012,short,2026-05-26 01:40:00,2026-05-26 01:45:00,2026-05-26 01:59:00,4532.115,4536.45492067743,SL,-4.619920677430555,14,0.3471894034503721,ml_v3freq,2026-05
311020,short,2026-05-26 02:20:00,2026-05-26 02:25:00,2026-05-26 02:52:00,4538.264,4530.020332638889,TP,7.963667361111114,27,0.33971141889674156,ml_v3freq,2026-05
311028,short,2026-05-26 03:00:00,2026-05-26 03:05:00,2026-05-26 03:12:00,4533.746,4538.00504462882,SL,-4.539044628819443,7,0.3421486589919014,ml_v3freq,2026-05
311032,short,2026-05-26 03:20:00,2026-05-26 03:25:00,2026-05-26 04:29:00,4541.728,4533.508654861112,TP,7.939345138888876,64,0.339809805578409,ml_v3freq,2026-05
311047,short,2026-05-26 04:35:00,2026-05-26 04:40:00,2026-05-26 05:30:00,4527.874,4531.947902765624,SL,-4.353902765625004,50,0.3464766064046644,ml_v3freq,2026-05
311060,short,2026-05-26 05:40:00,2026-05-26 05:45:00,2026-05-26 06:22:00,4529.915,4533.882863075,SL,-4.247863075000006,37,0.35087386456716285,ml_v3freq,2026-05
311070,short,2026-05-26 06:30:00,2026-05-26 06:35:00,2026-05-26 07:17:00,4530.909,4523.272326388888,TP,7.356673611111119,42,0.3435500854203886,ml_v3freq,2026-05
311081,short,2026-05-26 07:25:00,2026-05-26 07:30:00,2026-05-26 07:38:00,4529.766,4522.014238888889,TP,7.471761111111131,8,0.34248287546220824,ml_v3freq,2026-05
311087,long,2026-05-26 07:55:00,2026-05-26 08:00:00,2026-05-26 08:06:00,4538.122,4534.009528327778,SL,-4.39247167222223,6,0.37308993785429123,ml_v3freq,2026-05
311092,short,2026-05-26 08:20:00,2026-05-26 08:25:00,2026-05-26 09:14:00,4527.311,4519.3625298611105,TP,7.668470138888903,49,0.34367617430932235,ml_v3freq,2026-05
311104,short,2026-05-26 09:20:00,2026-05-26 09:25:00,2026-05-26 09:42:00,4522.276,4514.239957638889,TP,7.756042361111146,17,0.3540136687004667,ml_v3freq,2026-05
311110,short,2026-05-26 09:50:00,2026-05-26 09:55:00,2026-05-26 09:59:00,4519.068,4523.281221481945,SL,-4.49322148194446,4,0.3510242931853772,ml_v3freq,2026-05
311118,long,2026-05-26 10:30:00,2026-05-26 10:35:00,2026-05-26 10:38:00,4538.527,4534.245994230208,SL,-4.561005769791692,3,0.3772762774820983,ml_v3freq,2026-05
311121,long,2026-05-26 10:45:00,2026-05-26 10:50:00,2026-05-26 11:02:00,4537.325,4533.051145292014,SL,-4.553854707986135,12,0.37132789912842945,ml_v3freq,2026-05
311126,long,2026-05-26 11:10:00,2026-05-26 11:15:00,2026-05-26 11:22:00,4531.856,4527.588018528125,SL,-4.547981471875022,7,0.382888214302257,ml_v3freq,2026-05
311130,short,2026-05-26 11:30:00,2026-05-26 11:35:00,2026-05-26 11:36:00,4519.336,4511.071432638889,TP,7.9845673611111545,1,0.35279907505155617,ml_v3freq,2026-05
311133,short,2026-05-26 11:45:00,2026-05-26 11:50:00,2026-05-26 11:58:00,4512.315,4503.888938888888,TP,8.146061111111152,8,0.34679626061582736,ml_v3freq,2026-05
311137,short,2026-05-26 12:05:00,2026-05-26 12:10:00,2026-05-26 12:15:00,4510.41,4514.828038686111,SL,-4.698038686111134,5,0.34384965735344275,ml_v3freq,2026-05
311141,short,2026-05-26 12:25:00,2026-05-26 12:30:00,2026-05-26 12:42:00,4506.33,4510.80756869618,SL,-4.757568696180579,12,0.34376732843784674,ml_v3freq,2026-05
311156,long,2026-05-26 13:40:00,2026-05-26 13:45:00,2026-05-26 13:50:00,4527.15,4522.415441508333,SL,-5.014558491666686,5,0.36894438482000835,ml_v3freq,2026-05
311164,long,2026-05-26 14:20:00,2026-05-26 14:25:00,2026-05-26 15:02:00,4515.762,4510.883467855555,SL,-5.158532144444474,37,0.37103815872480816,ml_v3freq,2026-05
311174,long,2026-05-26 15:10:00,2026-05-26 15:15:00,2026-05-26 15:31:00,4509.52,4504.556944844792,SL,-5.2430551552083555,16,0.3718801808073384,ml_v3freq,2026-05
311182,long,2026-05-26 15:50:00,2026-05-26 15:55:00,2026-05-26 16:06:00,4509.758,4504.806131772222,SL,-5.231868227777806,11,0.36903549747026565,ml_v3freq,2026-05
311190,long,2026-05-26 16:30:00,2026-05-26 16:35:00,2026-05-26 16:47:00,4509.838,4504.894838447916,SL,-5.223161552083363,12,0.3702785450893471,ml_v3freq,2026-05
311195,long,2026-05-26 16:55:00,2026-05-26 17:00:00,2026-05-26 17:30:00,4504.989,4500.079879406944,SL,-5.189120593055577,30,0.39711879108591697,ml_v3freq,2026-05
311204,long,2026-05-26 17:40:00,2026-05-26 17:45:00,2026-05-26 17:55:00,4498.666,4493.755145214931,SL,-5.190854785069461,10,0.3909028297375555,ml_v3freq,2026-05
311214,long,2026-05-26 18:30:00,2026-05-26 18:35:00,2026-05-26 19:48:00,4497.211,4506.855204166667,TP,9.364204166666683,73,0.3686628008350738,ml_v3freq,2026-05
311231,long,2026-05-26 19:55:00,2026-05-26 20:00:00,2026-05-26 22:02:00,4509.013,4504.013157751042,SL,-5.279842248958349,58,0.37439218284434805,ml_v3freq,2026-05
311246,long,2026-05-26 22:10:00,2026-05-26 22:15:00,2026-05-26 22:35:00,4504.44,4499.36713913993,SL,-5.572860860069467,20,0.3883850411510228,ml_v3freq,2026-05
311253,long,2026-05-26 22:45:00,2026-05-26 22:50:00,2026-05-26 22:57:00,4502.104,4511.9510548611115,TP,9.567054861111172,7,0.3942997471764621,ml_v3freq,2026-05
311257,long,2026-05-26 23:05:00,2026-05-26 23:10:00,2026-05-26 23:21:00,4509.877,4504.729414115625,SL,-5.427585884375033,11,0.37618415254538085,ml_v3freq,2026-05
311262,long,2026-05-26 23:30:00,2026-05-26 23:35:00,2026-05-26 23:44:00,4514.963,4524.948922222222,TP,9.70592222222229,9,0.37215169373105744,ml_v3freq,2026-05
311272,long,2026-05-27 00:20:00,2026-05-27 00:25:00,2026-05-27 01:43:00,4516.328,4511.066151894445,SL,-5.541848105555576,78,0.3718863994957173,ml_v3freq,2026-05
311290,long,2026-05-27 01:50:00,2026-05-27 01:55:00,2026-05-27 02:07:00,4507.591,4502.49647959757,SL,-5.374520402430584,12,0.39409644147557993,ml_v3freq,2026-05
311295,long,2026-05-27 02:15:00,2026-05-27 02:20:00,2026-05-27 03:03:00,4499.801,4509.557350694445,TP,9.476350694444498,43,0.38495914188181846,ml_v3freq,2026-05
311306,long,2026-05-27 03:10:00,2026-05-27 03:15:00,2026-05-27 03:35:00,4509.103,4504.090700934722,SL,-5.292299065277806,20,0.3936766265577064,ml_v3freq,2026-05
311313,long,2026-05-27 03:45:00,2026-05-27 03:50:00,2026-05-27 03:56:00,4504.023,4499.019721114236,SL,-5.283278885763927,6,0.4220166739883209,ml_v3freq,2026-05
311317,long,2026-05-27 04:05:00,2026-05-27 04:10:00,2026-05-27 04:46:00,4501.322,4510.977196527778,TP,9.375196527777852,36,0.4065845410581449,ml_v3freq,2026-05
311327,short,2026-05-27 04:55:00,2026-05-27 05:00:00,2026-05-27 05:32:00,4510.318,4500.559999305556,TP,9.478000694444523,32,0.35310123232985513,ml_v3freq,2026-05
311336,short,2026-05-27 05:40:00,2026-05-27 05:45:00,2026-05-27 05:50:00,4493.582,4498.731240708334,SL,-5.429240708333361,5,0.3444567494381193,ml_v3freq,2026-05
311340,short,2026-05-27 06:00:00,2026-05-27 06:05:00,2026-05-27 06:21:00,4495.3,4485.358444444445,TP,9.661555555555616,16,0.3402868531931166,ml_v3freq,2026-05
311346,short,2026-05-27 06:30:00,2026-05-27 06:35:00,2026-05-27 06:45:00,4483.593,4488.837720479167,SL,-5.5247204791666995,10,0.34051590263648157,ml_v3freq,2026-05
311351,short,2026-05-27 06:55:00,2026-05-27 07:00:00,2026-05-27 08:19:00,4485.407,4490.656502404514,SL,-5.5295024045139245,79,0.3401143456723571,ml_v3freq,2026-05
311369,short,2026-05-27 08:25:00,2026-05-27 08:30:00,2026-05-27 08:40:00,4489.18,4494.457578854167,SL,-5.557578854166698,10,0.34157660544577895,ml_v3freq,2026-05
311374,short,2026-05-27 08:50:00,2026-05-27 08:55:00,2026-05-27 09:30:00,4498.006,4487.915050694444,TP,9.810949305555614,35,0.34033942876552936,ml_v3freq,2026-05
311384,short,2026-05-27 09:40:00,2026-05-27 09:45:00,2026-05-27 10:21:00,4488.752,4478.7241861111115,TP,9.747813888888947,36,0.344891505717111,ml_v3freq,2026-05
311394,short,2026-05-27 10:30:00,2026-05-27 10:35:00,2026-05-27 10:39:00,4474.051,4464.090194444445,TP,9.680805555555592,4,0.3419980913381112,ml_v3freq,2026-05
311397,short,2026-05-27 10:45:00,2026-05-27 10:50:00,2026-05-27 11:30:00,4448.589,4438.394513194445,TP,9.914486805555596,40,0.34114108818439826,ml_v3freq,2026-05
311408,short,2026-05-27 11:40:00,2026-05-27 11:45:00,2026-05-27 11:55:00,4443.122,4432.721079861111,TP,10.120920138888925,10,0.3410097493496357,ml_v3freq,2026-05
311413,short,2026-05-27 12:05:00,2026-05-27 12:10:00,2026-05-27 12:18:00,4433.247,4438.720221111112,SL,-5.753221111111128,8,0.34169819789795264,ml_v3freq,2026-05
311417,long,2026-05-27 12:25:00,2026-05-27 12:30:00,2026-05-27 12:33:00,4454.582,4448.915347032292,SL,-5.946652967708349,3,0.3770529418036467,ml_v3freq,2026-05
311420,long,2026-05-27 12:40:00,2026-05-27 12:45:00,2026-05-27 12:50:00,4447.15,4441.47325935243,SL,-5.9567406475694575,5,0.3802217924877242,ml_v3freq,2026-05
311424,long,2026-05-27 13:00:00,2026-05-27 13:05:00,2026-05-27 13:06:00,4432.152,4426.4598500444445,SL,-5.972149955555568,1,0.3849582098566474,ml_v3freq,2026-05
311427,long,2026-05-27 13:15:00,2026-05-27 13:20:00,2026-05-27 13:27:00,4411.535,4405.744001099652,SL,-6.0709989003472336,7,0.39279276436428956,ml_v3freq,2026-05
311432,long,2026-05-27 13:40:00,2026-05-27 13:45:00,2026-05-27 13:51:00,4419.002,4430.363724305556,TP,11.081724305555571,6,0.37151256826251333,ml_v3freq,2026-05
311478,long,2026-05-27 17:30:00,2026-05-27 17:35:00,2026-05-27 22:00:00,4451.903,4463.524370138889,TP,11.341370138888903,203,0.3741198077548301,ml_v3freq,2026-05
311522,long,2026-05-27 22:10:00,2026-05-27 22:15:00,2026-05-27 23:08:00,4458.076,4452.125415750347,SL,-6.230584249652774,53,0.42773270508233296,ml_v3freq,2026-05
311554,long,2026-05-28 00:50:00,2026-05-28 00:55:00,2026-05-28 01:04:00,4451.605,4445.671622744791,SL,-6.213377255208332,9,0.37686885582852325,ml_v3freq,2026-05
311561,short,2026-05-28 01:25:00,2026-05-28 01:30:00,2026-05-28 01:31:00,4419.175,4425.246009400347,SL,-6.351009400347229,1,0.3433472200003086,ml_v3freq,2026-05
311564,short,2026-05-28 01:40:00,2026-05-28 01:45:00,2026-05-28 02:01:00,4417.824,4406.039264583333,TP,11.504735416666692,16,0.3470810188618122,ml_v3freq,2026-05
311570,short,2026-05-28 02:10:00,2026-05-28 02:15:00,2026-05-28 02:30:00,4402.747,4408.96301880625,SL,-6.496018806250009,15,0.34377679067520484,ml_v3freq,2026-05
311576,short,2026-05-28 02:40:00,2026-05-28 02:45:00,2026-05-28 03:02:00,4402.279,4390.290672916667,TP,11.708327083333366,17,0.34346793430713995,ml_v3freq,2026-05
311582,short,2026-05-28 03:10:00,2026-05-28 03:15:00,2026-05-28 03:23:00,4394.308,4382.208557638889,TP,11.81944236111113,8,0.34397467809585913,ml_v3freq,2026-05
311586,short,2026-05-28 03:30:00,2026-05-28 03:35:00,2026-05-28 04:20:00,4379.988,4367.768321527778,TP,11.939678472222248,45,0.34397467809585913,ml_v3freq,2026-05
311598,short,2026-05-28 04:30:00,2026-05-28 04:35:00,2026-05-28 05:25:00,4371.181,4377.685843128819,SL,-6.784843128819455,50,0.34305736261276587,ml_v3freq,2026-05
311612,short,2026-05-28 05:40:00,2026-05-28 05:45:00,2026-05-28 06:11:00,4389.651,4376.911227777778,TP,12.459772222222234,26,0.3404130833592207,ml_v3freq,2026-05
311620,short,2026-05-28 06:20:00,2026-05-28 06:25:00,2026-05-28 07:00:00,4381.968,4388.638539818403,SL,-6.950539818402784,35,0.3454045832189289,ml_v3freq,2026-05
311634,short,2026-05-28 07:30:00,2026-05-28 07:35:00,2026-05-28 09:21:00,4389.539,4396.125421584722,SL,-6.866421584722235,106,0.3399116605466339,ml_v3freq,2026-05
311660,long,2026-05-28 09:40:00,2026-05-28 09:45:00,2026-05-28 10:10:00,4391.225,4403.945850694445,TP,12.440850694444451,25,0.37171455873780207,ml_v3freq,2026-05
311673,short,2026-05-28 10:45:00,2026-05-28 10:50:00,2026-05-28 11:04:00,4380.89,4387.5936799500005,SL,-6.983679949999993,14,0.3399943517405133,ml_v3freq,2026-05
311679,long,2026-05-28 11:15:00,2026-05-28 11:20:00,2026-05-28 11:32:00,4389.338,4382.603541118056,SL,-7.01445888194444,12,0.38458742575961047,ml_v3freq,2026-05
311684,long,2026-05-28 11:40:00,2026-05-28 11:45:00,2026-05-28 12:37:00,4385.923,4398.827863888889,TP,12.624863888888882,52,0.387714627100486,ml_v3freq,2026-05
311697,long,2026-05-28 12:45:00,2026-05-28 12:50:00,2026-05-28 12:55:00,4409.586,4422.270986111112,TP,12.404986111111112,5,0.37194925583371063,ml_v3freq,2026-05
311712,short,2026-05-28 14:00:00,2026-05-28 14:05:00,2026-05-28 14:07:00,4424.657,4431.1692402315975,SL,-6.792240231597226,2,0.33973254598038083,ml_v3freq,2026-05
311715,long,2026-05-28 14:15:00,2026-05-28 14:20:00,2026-05-28 14:22:00,4464.498,4457.848929240625,SL,-6.929070759375009,2,0.38001411988135336,ml_v3freq,2026-05
311718,long,2026-05-28 14:30:00,2026-05-28 14:35:00,2026-05-28 14:43:00,4456.572,4469.234772222222,TP,12.382772222222249,8,0.373946359707679,ml_v3freq,2026-05
311722,long,2026-05-28 14:50:00,2026-05-28 14:55:00,2026-05-28 14:57:00,4470.362,4463.784193817708,SL,-6.857806182291674,2,0.3818178174804152,ml_v3freq,2026-05
311725,long,2026-05-28 15:05:00,2026-05-28 15:10:00,2026-05-28 16:15:00,4473.584,4486.224672916666,TP,12.360672916666692,65,0.3779071508383841,ml_v3freq,2026-05
311753,long,2026-05-28 17:25:00,2026-05-28 17:30:00,2026-05-28 18:02:00,4502.227,4514.740149305556,TP,12.233149305555578,32,0.3791974722905348,ml_v3freq,2026-05
311762,long,2026-05-28 18:10:00,2026-05-28 18:15:00,2026-05-28 18:35:00,4507.756,4501.261308045487,SL,-6.774691954513895,20,0.37277771045075625,ml_v3freq,2026-05
311777,long,2026-05-28 19:25:00,2026-05-28 19:30:00,2026-05-28 22:09:00,4499.934,4493.42144229618,SL,-6.792557703819452,97,0.37177850311387256,ml_v3freq,2026-05
311799,long,2026-05-28 22:15:00,2026-05-28 22:20:00,2026-05-29 01:09:00,4493.671,4506.197219444444,TP,12.246219444444447,169,0.37734601751059915,ml_v3freq,2026-05
311846,long,2026-05-29 02:10:00,2026-05-29 02:15:00,2026-05-29 02:30:00,4506.719,4500.240324519097,SL,-6.75867548090278,15,0.3715519851377598,ml_v3freq,2026-05
311855,long,2026-05-29 02:55:00,2026-05-29 03:00:00,2026-05-29 03:13:00,4501.828,4495.501258787847,SL,-6.606741212152777,13,0.37241164949021766,ml_v3freq,2026-05
311864,long,2026-05-29 03:40:00,2026-05-29 03:45:00,2026-05-29 04:23:00,4497.892,4509.840719444444,TP,11.66871944444444,38,0.37951734695396455,ml_v3freq,2026-05
311968,long,2026-05-29 12:20:00,2026-05-29 12:25:00,2026-05-29 12:33:00,4523.573,4517.76581001632,SL,-6.087189983680549,8,0.37724849065442023,ml_v3freq,2026-05
311974,long,2026-05-29 12:50:00,2026-05-29 12:55:00,2026-05-29 13:30:00,4518.688,4529.903080555556,TP,10.935080555555542,35,0.3805175939041199,ml_v3freq,2026-05
311986,long,2026-05-29 13:50:00,2026-05-29 13:55:00,2026-05-29 14:05:00,4538.362,4549.549970138889,TP,10.907970138888885,10,0.3722572720558976,ml_v3freq,2026-05
312013,long,2026-05-29 16:05:00,2026-05-29 16:10:00,2026-05-29 17:32:00,4564.322,4558.690852331944,SL,-5.911147668055546,82,0.3702713611991903,ml_v3freq,2026-05
312064,long,2026-05-29 20:20:00,2026-05-29 20:25:00,2026-05-29 20:54:00,4545.247,4539.788458010764,SL,-5.738541989236119,29,0.3700509378929286,ml_v3freq,2026-05
312153,short,2026-06-01 04:45:00,2026-06-01 04:50:00,2026-06-01 05:05:00,4510.538,4516.379016648958,SL,-6.121016648958313,15,0.35834279488102044,ml_v3freq,2026-06
312162,short,2026-06-01 05:30:00,2026-06-01 05:35:00,2026-06-01 05:39:00,4513.912,4519.778327121875,SL,-6.146327121874993,4,0.3629250816452336,ml_v3freq,2026-06
312167,short,2026-06-01 05:55:00,2026-06-01 06:00:00,2026-06-01 06:22:00,4518.287,4506.86405,TP,11.142949999999983,22,0.3620192318078503,ml_v3freq,2026-06
312174,short,2026-06-01 06:30:00,2026-06-01 06:35:00,2026-06-01 07:44:00,4510.441,4498.895338888889,TP,11.265661111111104,69,0.3570505758373979,ml_v3freq,2026-06
312196,short,2026-06-01 08:20:00,2026-06-01 08:25:00,2026-06-01 08:43:00,4492.809,4498.794395078819,SL,-6.265395078819437,18,0.3565524317968696,ml_v3freq,2026-06
312202,short,2026-06-01 08:50:00,2026-06-01 08:55:00,2026-06-01 09:17:00,4497.359,4503.350292125348,SL,-6.271292125347222,22,0.35894480368769976,ml_v3freq,2026-06
312209,short,2026-06-01 09:25:00,2026-06-01 09:30:00,2026-06-01 10:28:00,4496.426,4502.412450673959,SL,-6.2664506739583326,58,0.36066870945572915,ml_v3freq,2026-06
312254,short,2026-06-01 13:10:00,2026-06-01 13:15:00,2026-06-01 13:21:00,4484.044,4472.270134722222,TP,11.493865277777761,6,0.3631832069831392,ml_v3freq,2026-06
312296,long,2026-06-01 16:40:00,2026-06-01 16:45:00,2026-06-01 16:54:00,4468.197,4479.498529861111,TP,11.021529861111043,9,0.388169090218945,ml_v3freq,2026-06
312330,long,2026-06-01 19:30:00,2026-06-01 19:35:00,2026-06-02 00:06:00,4484.04,4478.3146345131945,SL,-6.005365486805517,209,0.3860626221034932,ml_v3freq,2026-06
312403,long,2026-06-02 02:35:00,2026-06-02 02:40:00,2026-06-02 03:00:00,4478.942,4489.781766666667,TP,10.559766666666594,20,0.3881281540691939,ml_v3freq,2026-06
312410,long,2026-06-02 03:10:00,2026-06-02 03:15:00,2026-06-02 03:33:00,4488.026,4498.854300694445,TP,10.548300694444363,18,0.3956971556622765,ml_v3freq,2026-06
312421,short,2026-06-02 04:05:00,2026-06-02 04:10:00,2026-06-02 04:16:00,4502.064,4507.689254589931,SL,-5.9052545899305215,6,0.35619195635013345,ml_v3freq,2026-06
312425,short,2026-06-02 04:25:00,2026-06-02 04:30:00,2026-06-02 04:41:00,4504.49,4510.103877179166,SL,-5.893877179166636,11,0.3571635136515721,ml_v3freq,2026-06
312430,short,2026-06-02 04:50:00,2026-06-02 04:55:00,2026-06-02 04:58:00,4512.721,4518.313808928819,SL,-5.872808928819409,3,0.36160902506272685,ml_v3freq,2026-06
312433,short,2026-06-02 05:05:00,2026-06-02 05:10:00,2026-06-02 05:27:00,4515.857,4521.445296854861,SL,-5.8682968548610805,17,0.36893999027460156,ml_v3freq,2026-06
312439,short,2026-06-02 05:35:00,2026-06-02 05:40:00,2026-06-02 06:22:00,4523.703,4529.337993050348,SL,-5.914993050347183,42,0.35998836289993397,ml_v3freq,2026-06
312461,long,2026-06-02 07:25:00,2026-06-02 07:30:00,2026-06-02 07:53:00,4534.112,4528.529985126736,SL,-5.862014873263845,23,0.3901529831236026,ml_v3freq,2026-06
312469,long,2026-06-02 08:05:00,2026-06-02 08:10:00,2026-06-02 08:23:00,4535.29,4529.739811717014,SL,-5.830188282986077,13,0.38951198567500883,ml_v3freq,2026-06
312490,long,2026-06-02 09:50:00,2026-06-02 09:55:00,2026-06-02 10:22:00,4530.336,4524.900982702431,SL,-5.715017297569417,27,0.3887469351866366,ml_v3freq,2026-06
312502,long,2026-06-02 10:50:00,2026-06-02 10:55:00,2026-06-02 11:15:00,4532.107,4526.75358496875,SL,-5.633415031249966,20,0.3873360205823171,ml_v3freq,2026-06
312640,short,2026-06-02 23:20:00,2026-06-02 23:25:00,2026-06-02 23:44:00,4467.766,4472.614431809375,SL,-5.128431809374975,19,0.3636782966555794,ml_v3freq,2026-06
312663,short,2026-06-03 01:15:00,2026-06-03 01:20:00,2026-06-03 01:47:00,4469.693,4474.797088221528,SL,-5.384088221527756,27,0.3587819547134121,ml_v3freq,2026-06
312689,long,2026-06-03 03:25:00,2026-06-03 03:30:00,2026-06-03 04:29:00,4483.294,4478.388708915625,SL,-5.185291084374995,59,0.38834991571059635,ml_v3freq,2026-06
312704,long,2026-06-03 04:40:00,2026-06-03 04:45:00,2026-06-03 04:58:00,4473.515,4468.737086707986,SL,-5.0579132920138985,13,0.3850686300982449,ml_v3freq,2026-06
312714,short,2026-06-03 05:30:00,2026-06-03 05:35:00,2026-06-03 06:18:00,4464.899,4469.704501628125,SL,-5.0855016281250105,43,0.37011243773378444,ml_v3freq,2026-06
312725,short,2026-06-03 06:25:00,2026-06-03 06:30:00,2026-06-03 07:09:00,4462.289,4467.227820119444,SL,-5.218820119444463,39,0.3777372367052413,ml_v3freq,2026-06
312737,short,2026-06-03 07:25:00,2026-06-03 07:30:00,2026-06-03 07:34:00,4456.006,4460.9405461496535,SL,-5.214546149652803,4,0.35811912642985266,ml_v3freq,2026-06
312740,short,2026-06-03 07:40:00,2026-06-03 07:45:00,2026-06-03 08:51:00,4459.049,4449.494231944444,TP,9.274768055555603,66,0.37373458495900125,ml_v3freq,2026-06
312756,short,2026-06-03 09:00:00,2026-06-03 09:05:00,2026-06-03 09:07:00,4450.926,4456.025853935765,SL,-5.379853935763925,2,0.3644433839267367,ml_v3freq,2026-06
312759,short,2026-06-03 09:15:00,2026-06-03 09:20:00,2026-06-03 09:29:00,4449.941,4440.079629861111,TP,9.581370138888946,9,0.36647573272098116,ml_v3freq,2026-06
312763,short,2026-06-03 09:35:00,2026-06-03 09:40:00,2026-06-03 10:05:00,4446.765,4451.939118625348,SL,-5.454118625347244,25,0.36483525002447004,ml_v3freq,2026-06
312818,long,2026-06-03 14:10:00,2026-06-03 14:15:00,2026-06-03 14:19:00,4454.695,4449.0497883125,SL,-5.925211687500011,4,0.3841910898766264,ml_v3freq,2026-06
312822,long,2026-06-03 14:30:00,2026-06-03 14:35:00,2026-06-03 15:21:00,4449.042,4443.355235167014,SL,-5.966764832986117,46,0.38463167459373787,ml_v3freq,2026-06
312843,long,2026-06-03 16:15:00,2026-06-03 16:20:00,2026-06-03 19:05:00,4438.654,4449.551264583334,TP,10.617264583333323,165,0.3861451773481387,ml_v3freq,2026-06
312880,long,2026-06-03 19:20:00,2026-06-03 19:25:00,2026-06-03 20:02:00,4448.226,4442.579851769444,SL,-5.926148230555566,37,0.3872231160734696,ml_v3freq,2026-06
312907,long,2026-06-03 22:35:00,2026-06-03 22:40:00,2026-06-03 22:57:00,4436.118,4447.225074305556,TP,10.827074305555591,17,0.3876498339473785,ml_v3freq,2026-06
312913,long,2026-06-03 23:05:00,2026-06-03 23:10:00,2026-06-03 23:45:00,4447.958,4459.204506944444,TP,10.966506944444477,35,0.39462323116415077,ml_v3freq,2026-06
312959,short,2026-06-04 02:55:00,2026-06-04 03:00:00,2026-06-04 03:40:00,4474.753,4463.3068277777775,TP,11.166172222222276,40,0.35696598293726944,ml_v3freq,2026-06
312970,short,2026-06-04 03:50:00,2026-06-04 03:55:00,2026-06-04 04:13:00,4463.218,4469.114983033333,SL,-6.176983033333356,18,0.3592698929140041,ml_v3freq,2026-06
312976,short,2026-06-04 04:20:00,2026-06-04 04:25:00,2026-06-04 04:34:00,4474.115,4480.025574812847,SL,-6.19057481284724,9,0.36317106004264854,ml_v3freq,2026-06
312984,short,2026-06-04 05:00:00,2026-06-04 05:05:00,2026-06-04 06:47:00,4477.281,4465.795953472222,TP,11.205046527777803,102,0.3556769691251718,ml_v3freq,2026-06
313149,long,2026-06-04 18:45:00,2026-06-04 18:50:00,2026-06-04 22:54:00,4475.23,4469.588891640972,SL,-5.921108359027798,182,0.39428053090888404,ml_v3freq,2026-06
313242,short,2026-06-05 03:30:00,2026-06-05 03:35:00,2026-06-05 04:55:00,4439.865,4445.379103596528,SL,-5.79410359652778,80,0.3565555146428911,ml_v3freq,2026-06
313261,short,2026-06-05 05:05:00,2026-06-05 05:10:00,2026-06-05 06:02:00,4447.506,4437.026872916667,TP,10.199127083333321,52,0.38042707878473836,ml_v3freq,2026-06
313274,short,2026-06-05 06:10:00,2026-06-05 06:15:00,2026-06-05 06:23:00,4436.468,4441.929744490278,SL,-5.741744490277782,8,0.3647322496607649,ml_v3freq,2026-06
313283,long,2026-06-05 06:55:00,2026-06-05 07:00:00,2026-06-05 07:16:00,4452.915,4463.578988194445,TP,10.38398819444446,16,0.385227513578428,ml_v3freq,2026-06
313289,long,2026-06-05 07:25:00,2026-06-05 07:30:00,2026-06-05 07:40:00,4466.961,4461.404712281945,SL,-5.836287718055565,10,0.39538564502949014,ml_v3freq,2026-06
313294,long,2026-06-05 07:50:00,2026-06-05 07:55:00,2026-06-05 11:51:00,4461.712,4472.349993055556,TP,10.357993055555575,236,0.40849272688921884,ml_v3freq,2026-06
313455,short,2026-06-07 22:15:00,2026-06-07 22:20:00,2026-06-07 23:13:00,4327.3,4333.973262142708,SL,-6.953262142708359,53,0.3584914991578925,ml_v3freq,2026-06
313468,short,2026-06-07 23:20:00,2026-06-07 23:25:00,2026-06-07 23:37:00,4330.48,4337.373814063889,SL,-7.153814063888909,12,0.3882470576003615,ml_v3freq,2026-06
313473,short,2026-06-07 23:45:00,2026-06-07 23:50:00,2026-06-08 00:20:00,4341.833,4348.760474056249,SL,-7.187474056250023,30,0.37345431158277076,ml_v3freq,2026-06
313490,short,2026-06-08 01:10:00,2026-06-08 01:15:00,2026-06-08 01:20:00,4327.18,4313.649663888889,TP,13.250336111111151,5,0.3756853026812682,ml_v3freq,2026-06
313494,short,2026-06-08 01:30:00,2026-06-08 01:35:00,2026-06-08 01:41:00,4315.47,4322.6437650378475,SL,-7.453765037847246,6,0.36258810829822263,ml_v3freq,2026-06
313501,short,2026-06-08 02:05:00,2026-06-08 02:10:00,2026-06-08 03:11:00,4318.712,4304.842466666667,TP,13.589533333333378,61,0.36093989095784196,ml_v3freq,2026-06
313516,short,2026-06-08 03:20:00,2026-06-08 03:25:00,2026-06-08 04:00:00,4310.674,4317.841614013541,SL,-7.447614013541682,35,0.3702415202266613,ml_v3freq,2026-06
313526,short,2026-06-08 04:10:00,2026-06-08 04:15:00,2026-06-08 05:14:00,4318.675,4304.957465277778,TP,13.457534722222245,59,0.3802319347739511,ml_v3freq,2026-06
313540,short,2026-06-08 05:20:00,2026-06-08 05:25:00,2026-06-08 05:34:00,4311.361,4297.483338888888,TP,13.597661111111144,9,0.3900602797687245,ml_v3freq,2026-06
313544,short,2026-06-08 05:40:00,2026-06-08 05:45:00,2026-06-08 05:52:00,4288.15,4295.558150811111,SL,-7.688150811111124,7,0.36704074373455303,ml_v3freq,2026-06
313548,short,2026-06-08 06:00:00,2026-06-08 06:05:00,2026-06-08 06:22:00,4303.493,4311.007214312153,SL,-7.79421431215279,17,0.3656037177893226,ml_v3freq,2026-06
313554,short,2026-06-08 06:30:00,2026-06-08 06:35:00,2026-06-08 07:13:00,4299.496,4307.089522841667,SL,-7.873522841666672,38,0.3737857589645921,ml_v3freq,2026-06
313565,short,2026-06-08 07:25:00,2026-06-08 07:30:00,2026-06-08 08:01:00,4306.314,4291.612996527778,TP,14.421003472222225,31,0.36580754973171786,ml_v3freq,2026-06
313574,short,2026-06-08 08:10:00,2026-06-08 08:15:00,2026-06-08 09:30:00,4291.872,4277.143091666667,TP,14.468908333333342,75,0.36727583105257844,ml_v3freq,2026-06
313592,short,2026-06-08 09:40:00,2026-06-08 09:45:00,2026-06-08 09:48:00,4293.639,4301.469186478125,SL,-8.110186478125007,3,0.36369343693077205,ml_v3freq,2026-06
313595,long,2026-06-08 09:55:00,2026-06-08 10:00:00,2026-06-08 10:02:00,4294.183,4286.282783118056,SL,-8.160216881944452,2,0.38598627612438363,ml_v3freq,2026-06
313598,long,2026-06-08 10:10:00,2026-06-08 10:15:00,2026-06-08 11:10:00,4294.341,4309.582431944445,TP,14.981431944444461,55,0.3963106695930769,ml_v3freq,2026-06
313616,long,2026-06-08 11:40:00,2026-06-08 11:45:00,2026-06-08 13:32:00,4324.235,4340.043092361111,TP,15.528092361111145,107,0.3833485591947963,ml_v3freq,2026-06
313663,short,2026-06-08 15:35:00,2026-06-08 15:40:00,2026-06-08 15:56:00,4336.339,4344.267781445139,SL,-8.208781445138879,16,0.3663428685526155,ml_v3freq,2026-06
313674,short,2026-06-08 16:30:00,2026-06-08 16:35:00,2026-06-08 19:22:00,4342.701,4327.801790277777,TP,14.619209722222218,167,0.36455052535316945,ml_v3freq,2026-06
313764,short,2026-06-09 01:00:00,2026-06-09 01:05:00,2026-06-09 01:16:00,4321.381,4328.154416692014,SL,-7.053416692013909,11,0.36140350872199145,ml_v3freq,2026-06
313769,short,2026-06-09 01:25:00,2026-06-09 01:30:00,2026-06-09 03:15:00,4335.366,4342.200149128125,SL,-7.1141491281250175,105,0.359278358503065,ml_v3freq,2026-06
313793,long,2026-06-09 03:25:00,2026-06-09 03:30:00,2026-06-09 04:16:00,4336.723,4330.223613425,SL,-6.779386575000025,46,0.40665110771517576,ml_v3freq,2026-06
313812,long,2026-06-09 05:00:00,2026-06-09 05:05:00,2026-06-09 05:42:00,4336.053,4348.3828159722225,TP,12.049815972222286,37,0.39637182210570154,ml_v3freq,2026-06
313822,long,2026-06-09 05:50:00,2026-06-09 05:55:00,2026-06-09 06:28:00,4345.245,4338.813127861458,SL,-6.711872138541699,33,0.3856560341210664,ml_v3freq,2026-06
313833,long,2026-06-09 06:45:00,2026-06-09 06:50:00,2026-06-09 06:58:00,4339.747,4333.516544144445,SL,-6.51045585555559,8,0.38402780629704464,ml_v3freq,2026-06
313858,short,2026-06-09 08:50:00,2026-06-09 08:55:00,2026-06-09 09:22:00,4329.811,4335.784850995138,SL,-6.253850995138934,27,0.3574257491333428,ml_v3freq,2026-06
313869,short,2026-06-09 09:45:00,2026-06-09 09:50:00,2026-06-09 10:14:00,4329.69,4335.632191077778,SL,-6.222191077777822,24,0.35817619575233817,ml_v3freq,2026-06
313876,short,2026-06-09 10:20:00,2026-06-09 10:25:00,2026-06-09 10:59:00,4332.616,4338.543757996875,SL,-6.187757996875049,34,0.3594189854445864,ml_v3freq,2026-06
313901,short,2026-06-09 12:25:00,2026-06-09 12:30:00,2026-06-09 12:42:00,4335.876,4341.359475463889,SL,-5.763475463888946,12,0.36117754029309634,ml_v3freq,2026-06
313906,short,2026-06-09 12:50:00,2026-06-09 12:55:00,2026-06-09 13:00:00,4337.494,4342.953172965277,SL,-5.739172965277831,5,0.3599137842864416,ml_v3freq,2026-06
313911,short,2026-06-09 13:15:00,2026-06-09 13:20:00,2026-06-09 13:47:00,4334.103,4339.532802816319,SL,-5.709802816319495,27,0.3689567750317328,ml_v3freq,2026-06
313919,short,2026-06-09 13:55:00,2026-06-09 14:00:00,2026-06-09 14:02:00,4329.16,4334.730327927084,SL,-5.850327927083388,2,0.37578750387859006,ml_v3freq,2026-06
313922,short,2026-06-09 14:10:00,2026-06-09 14:15:00,2026-06-09 14:18:00,4320.847,4310.068779861111,TP,10.498220138888998,3,0.3713081439910312,ml_v3freq,2026-06
313985,long,2026-06-09 19:25:00,2026-06-09 19:30:00,2026-06-09 19:42:00,4257.159,4250.811043706597,SL,-6.607956293402868,12,0.3844198336742452,ml_v3freq,2026-06
313990,long,2026-06-09 19:50:00,2026-06-09 19:55:00,2026-06-09 22:01:00,4258.851,4252.47373308368,SL,-6.637266916319533,64,0.38695690101542757,ml_v3freq,2026-06
314006,long,2026-06-09 22:10:00,2026-06-09 22:15:00,2026-06-09 22:43:00,4255.441,4249.0675983079855,SL,-6.653401692013973,28,0.3859687731700615,ml_v3freq,2026-06
314014,long,2026-06-09 22:50:00,2026-06-09 22:55:00,2026-06-09 23:18:00,4235.09,4228.609987167361,SL,-6.7600128326389655,23,0.38951097201632157,ml_v3freq,2026-06
314021,long,2026-06-09 23:25:00,2026-06-09 23:30:00,2026-06-09 23:44:00,4224.093,4217.4971852059025,SL,-6.8558147940973,14,0.3857722110681404,ml_v3freq,2026-06
314033,short,2026-06-10 00:25:00,2026-06-10 00:30:00,2026-06-10 00:37:00,4218.159,4204.981015277777,TP,12.917984722222359,7,0.35574977618188625,ml_v3freq,2026-06
314039,short,2026-06-10 00:55:00,2026-06-10 01:00:00,2026-06-10 01:01:00,4217.934,4204.528995138889,TP,13.145004861111248,1,0.3616372961098838,ml_v3freq,2026-06
314080,short,2026-06-10 04:20:00,2026-06-10 04:25:00,2026-06-10 05:29:00,4178.415,4185.8990028618055,SL,-7.744002861805614,64,0.35578804769012917,ml_v3freq,2026-06
314095,short,2026-06-10 05:35:00,2026-06-10 05:40:00,2026-06-10 05:48:00,4194.133,4201.671223148958,SL,-7.798223148958393,8,0.3744679436434263,ml_v3freq,2026-06
314099,short,2026-06-10 05:55:00,2026-06-10 06:00:00,2026-06-10 06:04:00,4205.0,4212.573156998611,SL,-7.833156998611168,4,0.3635649241109302,ml_v3freq,2026-06
314102,short,2026-06-10 06:10:00,2026-06-10 06:15:00,2026-06-10 07:13:00,4212.74,4198.046360416666,TP,14.43363958333344,58,0.35888681982695925,ml_v3freq,2026-06
314116,short,2026-06-10 07:20:00,2026-06-10 07:25:00,2026-06-10 07:52:00,4199.163,4184.388869444444,TP,14.514130555555678,27,0.3585916012847974,ml_v3freq,2026-06
314124,short,2026-06-10 08:00:00,2026-06-10 08:05:00,2026-06-10 08:12:00,4164.521,4172.2784377184025,SL,-8.017437718402844,7,0.3594860521196425,ml_v3freq,2026-06
314128,short,2026-06-10 08:20:00,2026-06-10 08:25:00,2026-06-10 08:42:00,4171.064,4178.894218225348,SL,-8.090218225347282,17,0.3712935988720948,ml_v3freq,2026-06
314134,short,2026-06-10 08:50:00,2026-06-10 08:55:00,2026-06-10 09:36:00,4170.965,4178.854176785417,SL,-8.149176785416726,41,0.37584269040356205,ml_v3freq,2026-06
314145,short,2026-06-10 09:45:00,2026-06-10 09:50:00,2026-06-10 10:49:00,4168.258,4176.25627214618,SL,-8.258272146180623,59,0.3841948849461793,ml_v3freq,2026-06
314159,short,2026-06-10 10:55:00,2026-06-10 11:00:00,2026-06-10 11:05:00,4174.401,4158.778425694444,TP,15.362574305555674,5,0.3831126276535516,ml_v3freq,2026-06
314163,short,2026-06-10 11:15:00,2026-06-10 11:20:00,2026-06-10 11:58:00,4164.745,4148.952406944444,TP,15.532593055555656,38,0.378889852703346,ml_v3freq,2026-06
314173,short,2026-06-10 12:05:00,2026-06-10 12:10:00,2026-06-10 12:29:00,4144.847,4128.788313888888,TP,15.798686111111218,19,0.36544310435913874,ml_v3freq,2026-06
314180,short,2026-06-10 12:40:00,2026-06-10 12:45:00,2026-06-10 12:46:00,4160.568,4169.228285065972,SL,-8.920285065972271,1,0.3552761694964064,ml_v3freq,2026-06
314183,short,2026-06-10 12:55:00,2026-06-10 13:00:00,2026-06-10 13:01:00,4146.827,4155.5763280875,SL,-9.009328087500043,1,0.36650636496475086,ml_v3freq,2026-06
314186,short,2026-06-10 13:10:00,2026-06-10 13:15:00,2026-06-10 13:17:00,4151.451,4134.453433333333,TP,16.73756666666674,2,0.36814371249554434,ml_v3freq,2026-06
314189,short,2026-06-10 13:25:00,2026-06-10 13:30:00,2026-06-10 13:36:00,4149.447,4158.376041175695,SL,-9.189041175694486,6,0.371634682034233,ml_v3freq,2026-06
314205,short,2026-06-10 14:45:00,2026-06-10 14:50:00,2026-06-10 14:57:00,4140.784,4123.071715972222,TP,17.452284027777836,7,0.3581398903655676,ml_v3freq,2026-06
314229,short,2026-06-10 16:45:00,2026-06-10 16:50:00,2026-06-10 17:02:00,4120.201,4129.2843009284725,SL,-9.343300928472237,12,0.3562657739818967,ml_v3freq,2026-06
314272,long,2026-06-10 20:20:00,2026-06-10 20:25:00,2026-06-10 20:49:00,4076.253,4067.4201052868057,SL,-9.092894713194449,24,0.383778359100439,ml_v3freq,2026-06
314303,short,2026-06-10 23:55:00,2026-06-11 00:00:00,2026-06-11 00:01:00,4047.046,4056.5215497642357,SL,-9.735549764236115,1,0.35607013372073537,ml_v3freq,2026-06
314306,short,2026-06-11 00:10:00,2026-06-11 00:15:00,2026-06-11 00:17:00,4052.039,4061.616200401389,SL,-9.837200401388891,2,0.3587507112261282,ml_v3freq,2026-06
314349,long,2026-06-11 03:45:00,2026-06-11 03:50:00,2026-06-11 04:20:00,4065.84,4084.2597291666666,TP,18.15972916666667,30,0.39472811218198733,ml_v3freq,2026-06
314358,long,2026-06-11 04:30:00,2026-06-11 04:35:00,2026-06-11 05:37:00,4077.789,4096.231523611112,TP,18.182523611111115,62,0.3988852909301912,ml_v3freq,2026-06
314397,long,2026-06-11 07:45:00,2026-06-11 07:50:00,2026-06-11 08:41:00,4103.061,4093.342794311111,SL,-9.978205688888886,51,0.38600769758955306,ml_v3freq,2026-06
314420,long,2026-06-11 09:40:00,2026-06-11 09:45:00,2026-06-11 11:40:00,4091.544,4082.0219564288195,SL,-9.782043571180553,115,0.3918386237143865,ml_v3freq,2026-06
314446,long,2026-06-11 11:50:00,2026-06-11 11:55:00,2026-06-11 12:10:00,4086.024,4076.667752328472,SL,-9.616247671527764,15,0.40615600477663627,ml_v3freq,2026-06
314558,long,2026-06-11 22:10:00,2026-06-11 22:15:00,2026-06-11 22:44:00,4209.518,4227.8447868055555,TP,18.046786805555534,29,0.38375213551570525,ml_v3freq,2026-06
314572,long,2026-06-11 23:20:00,2026-06-11 23:25:00,2026-06-12 00:44:00,4216.158,4206.521706112848,SL,-9.896293887152762,79,0.38905100105172596,ml_v3freq,2026-06
314605,short,2026-06-12 02:05:00,2026-06-12 02:10:00,2026-06-12 05:34:00,4197.22,4179.482278472223,TP,17.477721527777778,204,0.3554073213326109,ml_v3freq,2026-06
314653,short,2026-06-12 06:05:00,2026-06-12 06:10:00,2026-06-12 07:59:00,4181.483,4190.314470056597,SL,-9.09147005659721,109,0.35640123146332225,ml_v3freq,2026-06
314684,long,2026-06-12 08:40:00,2026-06-12 08:45:00,2026-06-12 10:25:00,4218.131,4209.265631846875,SL,-9.125368153125002,100,0.38393551240301915,ml_v3freq,2026-06
314727,short,2026-06-12 12:15:00,2026-06-12 12:20:00,2026-06-12 12:37:00,4211.711,4194.558379166667,TP,16.89262083333333,17,0.356869185798922,ml_v3freq,2026-06
314737,short,2026-06-12 13:05:00,2026-06-12 13:10:00,2026-06-12 13:38:00,4199.643,4208.592815764237,SL,-9.209815764236115,28,0.3561035346327772,ml_v3freq,2026-06
314837,short,2026-06-14 22:25:00,2026-06-14 22:30:00,2026-06-15 00:00:00,4287.097,4295.117122171875,SL,-8.300122171874989,90,0.3655039356332979,ml_v3freq,2026-06
314867,long,2026-06-15 00:55:00,2026-06-15 01:00:00,2026-06-15 01:32:00,4292.479,4307.4040138888895,TP,14.645013888888903,32,0.3937908705542621,ml_v3freq,2026-06
314924,long,2026-06-15 05:40:00,2026-06-15 05:45:00,2026-06-15 06:08:00,4312.888,4305.590222375347,SL,-7.577777624652791,23,0.40440638533364637,ml_v3freq,2026-06
314932,long,2026-06-15 06:20:00,2026-06-15 06:25:00,2026-06-15 07:54:00,4306.983,4321.110338194445,TP,13.867338194444473,89,0.38402534104504493,ml_v3freq,2026-06
314992,long,2026-06-15 11:20:00,2026-06-15 11:25:00,2026-06-15 12:14:00,4337.636,4330.8071447211805,SL,-7.108855278819462,49,0.3901053989222804,ml_v3freq,2026-06
315004,long,2026-06-15 12:20:00,2026-06-15 12:25:00,2026-06-15 12:38:00,4332.915,4346.115259722223,TP,12.920259722222262,13,0.38685400972676287,ml_v3freq,2026-06
315042,long,2026-06-15 15:30:00,2026-06-15 15:35:00,2026-06-15 16:18:00,4352.593,4345.958084533333,SL,-6.914915466666687,43,0.3906024724323256,ml_v3freq,2026-06
315053,long,2026-06-15 16:25:00,2026-06-15 16:30:00,2026-06-15 16:43:00,4343.046,4336.685479743403,SL,-6.640520256597242,13,0.4321369275378908,ml_v3freq,2026-06
315058,long,2026-06-15 16:50:00,2026-06-15 16:55:00,2026-06-15 17:09:00,4337.811,4331.557896469792,SL,-6.5331035302083516,14,0.4137738833471194,ml_v3freq,2026-06
315063,long,2026-06-15 17:15:00,2026-06-15 17:20:00,2026-06-15 17:36:00,4331.015,4324.854987262153,SL,-6.440012737847242,16,0.40295854730043357,ml_v3freq,2026-06
315069,long,2026-06-15 17:45:00,2026-06-15 17:50:00,2026-06-15 19:51:00,4323.016,4316.882666834027,SL,-6.393333165972249,121,0.40297875568483127,ml_v3freq,2026-06
315096,long,2026-06-15 20:00:00,2026-06-15 20:05:00,2026-06-15 20:21:00,4319.395,4313.43930444757,SL,-6.235695552430597,16,0.40973381220867877,ml_v3freq,2026-06
315102,long,2026-06-15 20:30:00,2026-06-15 20:35:00,2026-06-16 01:00:00,4311.287,4322.722088194445,TP,11.155088194444511,203,0.4316550912927475,ml_v3freq,2026-06
315163,short,2026-06-16 02:35:00,2026-06-16 02:40:00,2026-06-16 02:57:00,4313.708,4318.959355648611,SL,-5.51135564861113,17,0.36440892319416757,ml_v3freq,2026-06
315199,short,2026-06-16 05:35:00,2026-06-16 05:40:00,2026-06-16 06:56:00,4316.821,4321.965855623263,SL,-5.424855623263882,76,0.3591499726650259,ml_v3freq,2026-06
315246,short,2026-06-16 09:30:00,2026-06-16 09:35:00,2026-06-16 11:36:00,4344.539,4335.034190277777,TP,9.22480972222223,121,0.36124892937329034,ml_v3freq,2026-06
315273,short,2026-06-16 11:45:00,2026-06-16 11:50:00,2026-06-16 12:08:00,4337.286,4342.145404443056,SL,-5.139404443055542,18,0.35543048306468955,ml_v3freq,2026-06
315279,short,2026-06-16 12:15:00,2026-06-16 12:20:00,2026-06-16 12:31:00,4341.427,4346.3296124125,SL,-5.182612412499987,11,0.3588116977468093,ml_v3freq,2026-06
315300,short,2026-06-16 14:00:00,2026-06-16 14:05:00,2026-06-16 14:17:00,4338.369,4329.010665972222,TP,9.078334027777741,12,0.3616183614770758,ml_v3freq,2026-06
315325,short,2026-06-16 16:05:00,2026-06-16 16:10:00,2026-06-16 16:14:00,4341.935,4346.702281940972,SL,-5.027281940972195,4,0.35681649014716443,ml_v3freq,2026-06
315329,short,2026-06-16 16:25:00,2026-06-16 16:30:00,2026-06-16 17:14:00,4344.381,4335.244209027778,TP,8.876790972222175,44,0.36428925237746135,ml_v3freq,2026-06
315341,short,2026-06-16 17:25:00,2026-06-16 17:30:00,2026-06-16 17:36:00,4334.541,4339.257799889237,SL,-4.9767998892360925,6,0.3609810210045539,ml_v3freq,2026-06
315345,short,2026-06-16 17:45:00,2026-06-16 17:50:00,2026-06-16 18:01:00,4337.148,4341.852093063541,SL,-4.964093063541655,11,0.3617192291703897,ml_v3freq,2026-06
315350,short,2026-06-16 18:10:00,2026-06-16 18:15:00,2026-06-16 19:55:00,4341.611,4332.626879861111,TP,8.72412013888887,100,0.3562043731356602,ml_v3freq,2026-06
315421,long,2026-06-17 01:05:00,2026-06-17 01:10:00,2026-06-17 01:19:00,4347.516,4343.0323358371525,SL,-4.763664162847217,9,0.3886545517390134,ml_v3freq,2026-06
315426,short,2026-06-17 01:30:00,2026-06-17 01:35:00,2026-06-17 02:13:00,4339.248,4343.738624741319,SL,-4.770624741319435,38,0.3556499489620525,ml_v3freq,2026-06
315463,short,2026-06-17 04:35:00,2026-06-17 04:40:00,2026-06-17 05:30:00,4323.867,4328.245834835069,SL,-4.658834835069467,50,0.3572226782513922,ml_v3freq,2026-06
315483,short,2026-06-17 06:15:00,2026-06-17 06:20:00,2026-06-17 06:42:00,4323.537,4327.967412165973,SL,-4.710412165972268,22,0.36096287318039577,ml_v3freq,2026-06
315498,short,2026-06-17 07:30:00,2026-06-17 07:35:00,2026-06-17 07:39:00,4325.697,4330.077438069792,SL,-4.660438069791699,4,0.35541062888327546,ml_v3freq,2026-06
315502,short,2026-06-17 07:50:00,2026-06-17 07:55:00,2026-06-17 09:25:00,4325.41,4329.804244143055,SL,-4.674244143055585,90,0.35656329330626435,ml_v3freq,2026-06
315523,short,2026-06-17 09:35:00,2026-06-17 09:40:00,2026-06-17 10:47:00,4329.0,4333.371743299305,SL,-4.651743299305574,67,0.3578029739078241,ml_v3freq,2026-06
315540,short,2026-06-17 11:00:00,2026-06-17 11:05:00,2026-06-17 12:12:00,4328.441,4320.138620138889,TP,8.042379861111153,67,0.3564089176251385,ml_v3freq,2026-06
315556,short,2026-06-17 12:20:00,2026-06-17 12:25:00,2026-06-17 12:36:00,4326.634,4330.969777664931,SL,-4.595777664930576,11,0.3585738180630032,ml_v3freq,2026-06
315562,short,2026-06-17 12:50:00,2026-06-17 12:55:00,2026-06-17 13:07:00,4332.296,4323.958175694444,TP,8.057824305555593,12,0.35903314209782744,ml_v3freq,2026-06
315567,short,2026-06-17 13:15:00,2026-06-17 13:20:00,2026-06-17 13:22:00,4331.803,4336.147543866667,SL,-4.624543866666688,2,0.3574852422658001,ml_v3freq,2026-06
315570,short,2026-06-17 13:30:00,2026-06-17 13:35:00,2026-06-17 13:37:00,4334.711,4339.055150994792,SL,-4.62415099479169,2,0.3571368050365139,ml_v3freq,2026-06
315573,short,2026-06-17 13:45:00,2026-06-17 13:50:00,2026-06-17 14:07:00,4341.448,4345.811608073612,SL,-4.643608073611132,17,0.3570050902437869,ml_v3freq,2026-06
315579,short,2026-06-17 14:15:00,2026-06-17 14:20:00,2026-06-17 14:22:00,4341.769,4346.112916859028,SL,-4.603916859027796,2,0.3634434377701151,ml_v3freq,2026-06
315582,long,2026-06-17 14:30:00,2026-06-17 14:35:00,2026-06-17 14:36:00,4360.419,4356.025204286459,SL,-4.673795713541691,1,0.3880035444144231,ml_v3freq,2026-06
315622,long,2026-06-17 17:50:00,2026-06-17 17:55:00,2026-06-17 18:00:00,4377.938,4373.510615725348,SL,-4.7073842746527985,5,0.38353089262087664,ml_v3freq,2026-06
315670,long,2026-06-17 22:50:00,2026-06-17 22:55:00,2026-06-17 23:14:00,4267.682,4280.394806944444,TP,12.452806944444506,19,0.3862602642648128,ml_v3freq,2026-06
315676,long,2026-06-17 23:20:00,2026-06-17 23:25:00,2026-06-17 23:40:00,4278.357,4271.656466993402,SL,-6.960533006597253,15,0.4051939498632918,ml_v3freq,2026-06
315682,long,2026-06-17 23:50:00,2026-06-17 23:55:00,2026-06-18 00:03:00,4275.967,4289.046641666667,TP,12.81964166666672,8,0.4106884751052424,ml_v3freq,2026-06
315686,long,2026-06-18 00:10:00,2026-06-18 00:15:00,2026-06-18 00:44:00,4297.294,4310.565943055555,TP,12.991943055555618,29,0.39554216824230404,ml_v3freq,2026-06
315903,long,2026-06-18 18:15:00,2026-06-18 18:20:00,2026-06-18 18:50:00,4228.392,4219.869176437847,SL,-8.78282356215283,30,0.38436902244400684,ml_v3freq,2026-06
315912,long,2026-06-18 19:00:00,2026-06-18 19:05:00,2026-06-18 19:12:00,4212.608,4204.42357801632,SL,-8.444421983680613,7,0.39407142077221313,ml_v3freq,2026-06
315916,long,2026-06-18 19:20:00,2026-06-18 19:25:00,2026-06-18 23:14:00,4205.389,4197.507406832292,SL,-8.141593167708383,167,0.38741448327296807,ml_v3freq,2026-06
315952,long,2026-06-18 23:20:00,2026-06-18 23:25:00,2026-06-18 23:45:00,4195.495,4189.048286035069,SL,-6.70671396493059,20,0.40322590443764195,ml_v3freq,2026-06
315959,long,2026-06-18 23:55:00,2026-06-19 00:00:00,2026-06-19 02:07:00,4188.495,4182.048603507292,SL,-6.706396492708364,127,0.39650236639652714,ml_v3freq,2026-06
315987,short,2026-06-19 02:15:00,2026-06-19 02:20:00,2026-06-19 02:35:00,4175.876,4182.0162262815975,SL,-6.400226281597239,15,0.36060098672282404,ml_v3freq,2026-06
315993,short,2026-06-19 02:45:00,2026-06-19 02:50:00,2026-06-19 03:31:00,4176.07,4164.340402083333,TP,11.469597916666691,41,0.3581531567892801,ml_v3freq,2026-06
316013,short,2026-06-19 04:25:00,2026-06-19 04:30:00,2026-06-19 04:41:00,4146.515,4134.685355555556,TP,11.569644444444474,11,0.35752776162508837,ml_v3freq,2026-06
316018,short,2026-06-19 04:50:00,2026-06-19 04:55:00,2026-06-19 05:26:00,4127.89,4134.082605229862,SL,-6.452605229861122,31,0.3565987514192742,ml_v3freq,2026-06
316027,short,2026-06-19 05:35:00,2026-06-19 05:40:00,2026-06-19 05:47:00,4131.879,4138.12359130625,SL,-6.504591306250009,7,0.36052913388969154,ml_v3freq,2026-06
316031,short,2026-06-19 05:55:00,2026-06-19 06:00:00,2026-06-19 06:13:00,4139.573,4145.8371555319445,SL,-6.524155531944451,13,0.3704188311197628,ml_v3freq,2026-06
316036,short,2026-06-19 06:20:00,2026-06-19 06:25:00,2026-06-19 06:57:00,4143.292,4149.605026412153,SL,-6.57302641215279,32,0.36431178325675984,ml_v3freq,2026-06
316045,short,2026-06-19 07:05:00,2026-06-19 07:10:00,2026-06-19 08:10:00,4158.909,4165.209498164583,SL,-6.56049816458333,60,0.3709640869472598,ml_v3freq,2026-06
316065,long,2026-06-19 08:45:00,2026-06-19 08:50:00,2026-06-19 09:59:00,4168.118,4161.795064486111,SL,-6.582935513888888,69,0.3860427636913032,ml_v3freq,2026-06
316081,short,2026-06-19 10:05:00,2026-06-19 10:10:00,2026-06-19 11:07:00,4156.541,4144.585336805556,TP,11.695663194444428,57,0.36726072489465,ml_v3freq,2026-06
316095,short,2026-06-19 11:15:00,2026-06-19 11:20:00,2026-06-19 11:47:00,4147.017,4153.174937263194,SL,-6.417937263194431,27,0.3562470774692963,ml_v3freq,2026-06
316103,long,2026-06-19 11:55:00,2026-06-19 12:00:00,2026-06-19 12:51:00,4152.463,4164.2397527777775,TP,11.516752777777738,51,0.3849398706687194,ml_v3freq,2026-06
316142,long,2026-06-19 15:10:00,2026-06-19 15:15:00,2026-06-19 16:12:00,4151.173,4145.1605959718745,SL,-6.272404028124987,57,0.39302784201107815,ml_v3freq,2026-06
316156,long,2026-06-19 16:20:00,2026-06-19 16:25:00,2026-06-19 16:50:00,4146.632,4157.671493055555,TP,10.779493055555543,25,0.39610375053513736,ml_v3freq,2026-06
316206,short,2026-06-22 01:30:00,2026-06-22 01:35:00,2026-06-22 01:40:00,4197.778,4203.770323910069,SL,-6.252323910069433,5,0.36433615961641563,ml_v3freq,2026-06
316210,short,2026-06-22 01:50:00,2026-06-22 01:55:00,2026-06-22 03:09:00,4194.365,4182.735081944445,TP,11.369918055555539,74,0.3689354125293861,ml_v3freq,2026-06
316238,short,2026-06-22 04:10:00,2026-06-22 04:15:00,2026-06-22 05:07:00,4176.208,4182.409538104514,SL,-6.461538104513864,52,0.35575612456549477,ml_v3freq,2026-06
316251,short,2026-06-22 05:15:00,2026-06-22 05:20:00,2026-06-22 05:29:00,4186.369,4192.48410232361,SL,-6.3751023236110935,9,0.3755998409230922,ml_v3freq,2026-06
316255,short,2026-06-22 05:35:00,2026-06-22 05:40:00,2026-06-22 06:45:00,4196.592,4202.730067470486,SL,-6.398067470486099,65,0.38116763247168445,ml_v3freq,2026-06
316271,short,2026-06-22 06:55:00,2026-06-22 07:00:00,2026-06-22 09:05:00,4197.473,4203.688871975347,SL,-6.475871975347223,125,0.3674356283156004,ml_v3freq,2026-06
316301,short,2026-06-22 09:25:00,2026-06-22 09:30:00,2026-06-22 09:41:00,4204.166,4210.2581728923615,SL,-6.352172892361115,11,0.3588026675178615,ml_v3freq,2026-06
316309,long,2026-06-22 10:05:00,2026-06-22 10:10:00,2026-06-22 10:58:00,4210.495,4204.448455802778,SL,-6.3065441972222205,48,0.387616771486457,ml_v3freq,2026-06
316405,short,2026-06-22 18:05:00,2026-06-22 18:10:00,2026-06-22 18:45:00,4184.124,4190.000260034028,SL,-6.136260034027794,35,0.3568057726793721,ml_v3freq,2026-06
316425,long,2026-06-22 19:45:00,2026-06-22 19:50:00,2026-06-23 00:12:00,4185.363,4179.748027541667,SL,-5.874972458333337,200,0.3954614478889197,ml_v3freq,2026-06
316476,short,2026-06-23 01:00:00,2026-06-23 01:05:00,2026-06-23 01:17:00,4189.911,4179.700929861111,TP,9.95007013888888,12,0.3579401952063497,ml_v3freq,2026-06
316482,short,2026-06-23 01:30:00,2026-06-23 01:35:00,2026-06-23 01:42:00,4169.365,4159.109050694444,TP,9.995949305555554,7,0.3626176044330803,ml_v3freq,2026-06
316490,short,2026-06-23 02:10:00,2026-06-23 02:15:00,2026-06-23 02:18:00,4153.654,4158.896021965278,SL,-5.5020219652777795,3,0.35723483322945115,ml_v3freq,2026-06
316497,short,2026-06-23 02:45:00,2026-06-23 02:50:00,2026-06-23 03:01:00,4154.291,4144.368136805556,TP,9.662863194444464,11,0.3553700359487369,ml_v3freq,2026-06
316502,short,2026-06-23 03:10:00,2026-06-23 03:15:00,2026-06-23 03:21:00,4142.09,4132.180573611111,TP,9.649426388888907,6,0.3585151835765685,ml_v3freq,2026-06
316509,short,2026-06-23 03:45:00,2026-06-23 03:50:00,2026-06-23 03:57:00,4138.929,4144.079347892708,SL,-5.41034789270834,7,0.35685296362254515,ml_v3freq,2026-06
316513,short,2026-06-23 04:05:00,2026-06-23 04:10:00,2026-06-23 04:54:00,4144.202,4134.321471527778,TP,9.620528472222244,44,0.356574018487254,ml_v3freq,2026-06
316534,short,2026-06-23 05:50:00,2026-06-23 05:55:00,2026-06-23 06:01:00,4120.332,4125.722761669792,SL,-5.650761669791675,6,0.3569410624521006,ml_v3freq,2026-06
316542,short,2026-06-23 06:30:00,2026-06-23 06:35:00,2026-06-23 07:40:00,4119.596,4109.0074840277775,TP,10.328515972222215,65,0.3584009557949612,ml_v3freq,2026-06
316569,short,2026-06-23 08:45:00,2026-06-23 08:50:00,2026-06-23 09:04:00,4104.079,4109.745629157292,SL,-5.926629157291671,14,0.3551560440004161,ml_v3freq,2026-06
316574,short,2026-06-23 09:10:00,2026-06-23 09:15:00,2026-06-23 09:24:00,4110.947,4116.638618189583,SL,-5.95161818958334,9,0.36131202283246044,ml_v3freq,2026-06
316578,short,2026-06-23 09:30:00,2026-06-23 09:35:00,2026-06-23 10:00:00,4116.648,4122.361218205903,SL,-5.9732182059027785,25,0.3653988555836542,ml_v3freq,2026-06
316592,short,2026-06-23 10:40:00,2026-06-23 10:45:00,2026-06-23 12:13:00,4126.6,4115.594576388889,TP,10.745423611111102,88,0.3680410939391749,ml_v3freq,2026-06
316616,short,2026-06-23 12:40:00,2026-06-23 12:45:00,2026-06-23 13:18:00,4117.951,4106.623475,TP,11.067525000000005,33,0.36025583388585397,ml_v3freq,2026-06
316658,long,2026-06-23 16:10:00,2026-06-23 16:15:00,2026-06-23 17:30:00,4135.452,4129.402340606597,SL,-6.309659393402766,75,0.38808336245595465,ml_v3freq,2026-06
316677,long,2026-06-23 17:45:00,2026-06-23 17:50:00,2026-06-23 18:06:00,4131.741,4125.771780130903,SL,-6.229219869097195,16,0.38975085923682085,ml_v3freq,2026-06
316683,long,2026-06-23 18:15:00,2026-06-23 18:20:00,2026-06-23 18:41:00,4124.325,4118.374161772569,SL,-6.2108382274305365,21,0.39104417057403074,ml_v3freq,2026-06
316695,long,2026-06-23 19:15:00,2026-06-23 19:20:00,2026-06-23 19:59:00,4117.888,4111.914037889584,SL,-6.233962110416655,39,0.386269682861364,ml_v3freq,2026-06
316705,long,2026-06-23 20:05:00,2026-06-23 20:10:00,2026-06-23 22:20:00,4112.385,4106.377068361806,SL,-6.267931638194436,68,0.3911432553209069,ml_v3freq,2026-06
316722,long,2026-06-23 22:30:00,2026-06-23 22:35:00,2026-06-23 23:37:00,4098.844,4092.7711611659724,SL,-6.332838834027772,62,0.40722665113317025,ml_v3freq,2026-06
316739,long,2026-06-23 23:55:00,2026-06-24 00:00:00,2026-06-24 00:08:00,4099.23,4111.374290277778,TP,11.88429027777776,8,0.39226620501909043,ml_v3freq,2026-06
316790,short,2026-06-24 04:10:00,2026-06-24 04:15:00,2026-06-24 04:27:00,4058.67,4065.4074907416666,SL,-6.997490741666654,12,0.36293372755039677,ml_v3freq,2026-06
316795,short,2026-06-24 04:35:00,2026-06-24 04:40:00,2026-06-24 05:22:00,4064.765,4071.4697077663195,SL,-6.964707766319432,42,0.35643881652895526,ml_v3freq,2026-06
316823,long,2026-06-24 06:55:00,2026-06-24 07:00:00,2026-06-24 07:35:00,4086.905,4080.2096021065972,SL,-6.955397893402771,35,0.3861447342897459,ml_v3freq,2026-06
316833,long,2026-06-24 07:45:00,2026-06-24 07:50:00,2026-06-24 07:53:00,4084.451,4077.9036354354166,SL,-6.807364564583327,3,0.3880247627541166,ml_v3freq,2026-06
316839,long,2026-06-24 08:15:00,2026-06-24 08:20:00,2026-06-24 08:31:00,4073.785,4086.319163888889,TP,12.274163888888877,11,0.3883763023878141,ml_v3freq,2026-06
316844,long,2026-06-24 08:40:00,2026-06-24 08:45:00,2026-06-24 08:54:00,4082.874,4076.3755896520834,SL,-6.758410347916655,9,0.39346124158328266,ml_v3freq,2026-06
316848,long,2026-06-24 09:00:00,2026-06-24 09:05:00,2026-06-24 09:29:00,4074.764,4068.2984242166667,SL,-6.7255757833333245,24,0.38538184528551256,ml_v3freq,2026-06
316862,long,2026-06-24 10:10:00,2026-06-24 10:15:00,2026-06-24 10:59:00,4061.222,4054.801794965625,SL,-6.680205034374979,44,0.3864197513203208,ml_v3freq,2026-06
316873,short,2026-06-24 11:05:00,2026-06-24 11:10:00,2026-06-24 11:52:00,4049.387,4055.8241739246528,SL,-6.697173924652768,42,0.363092087419558,ml_v3freq,2026-06
316983,long,2026-06-24 20:15:00,2026-06-24 20:20:00,2026-06-24 22:01:00,3993.112,4008.4502319444446,TP,15.078231944444468,39,0.38390572617175267,ml_v3freq,2026-06
316994,long,2026-06-24 22:10:00,2026-06-24 22:15:00,2026-06-24 22:55:00,4001.829,3993.809381815278,SL,-8.279618184722228,40,0.4004265634976897,ml_v3freq,2026-06
317005,long,2026-06-24 23:05:00,2026-06-24 23:10:00,2026-06-24 23:35:00,3993.903,4009.449758333333,TP,15.286758333333331,25,0.40259316839725445,ml_v3freq,2026-06
317013,long,2026-06-24 23:45:00,2026-06-24 23:50:00,2026-06-25 00:15:00,4010.917,4002.824871159722,SL,-8.352128840277777,25,0.3981309329301403,ml_v3freq,2026-06
317021,long,2026-06-25 00:25:00,2026-06-25 00:30:00,2026-06-25 00:34:00,3996.532,3988.3662533197917,SL,-8.425746680208329,4,0.3870963024905619,ml_v3freq,2026-06
317024,long,2026-06-25 00:40:00,2026-06-25 00:45:00,2026-06-25 00:55:00,3985.54,4001.2244569444442,TP,15.42445694444444,10,0.38581243895478734,ml_v3freq,2026-06
317041,short,2026-06-25 02:05:00,2026-06-25 02:10:00,2026-06-25 02:17:00,3965.902,3974.220617492014,SL,-8.5786174920139,7,0.3712335909217958,ml_v3freq,2026-06
317060,long,2026-06-25 03:40:00,2026-06-25 03:45:00,2026-06-25 03:51:00,3975.198,3991.21599375,TP,15.757993750000017,6,0.3848002519538012,ml_v3freq,2026-06
317064,long,2026-06-25 04:00:00,2026-06-25 04:05:00,2026-06-25 04:41:00,3994.209,3985.8744096868054,SL,-8.594590313194448,36,0.3866114738771949,ml_v3freq,2026-06
317074,long,2026-06-25 04:50:00,2026-06-25 04:55:00,2026-06-25 05:30:00,3995.466,3987.147680138194,SL,-8.578319861805566,35,0.3927765848047796,ml_v3freq,2026-06
317084,long,2026-06-25 05:40:00,2026-06-25 05:45:00,2026-06-25 06:19:00,3983.25,3974.8429466520834,SL,-8.667053347916676,34,0.3923069539724401,ml_v3freq,2026-06
317101,long,2026-06-25 07:05:00,2026-06-25 07:10:00,2026-06-25 07:43:00,3984.689,3976.276251994097,SL,-8.672748005902786,33,0.3947078077697799,ml_v3freq,2026-06
317110,long,2026-06-25 07:50:00,2026-06-25 07:55:00,2026-06-25 08:02:00,3977.19,3993.402411111111,TP,15.952411111111124,7,0.39064622875961363,ml_v3freq,2026-06
317114,long,2026-06-25 08:10:00,2026-06-25 08:15:00,2026-06-25 11:17:00,3987.04,3978.564622661458,SL,-8.735377338541674,182,0.3923512464886885,ml_v3freq,2026-06
317241,long,2026-06-25 18:45:00,2026-06-25 18:50:00,2026-06-25 19:50:00,4032.3,4024.3501979253474,SL,-8.189802074652754,60,0.3844000954323676,ml_v3freq,2026-06
317257,long,2026-06-25 20:05:00,2026-06-25 20:10:00,2026-06-25 22:24:00,4028.165,4020.404883609722,SL,-8.000116390277745,72,0.4112738538661115,ml_v3freq,2026-06
317275,long,2026-06-25 22:35:00,2026-06-25 22:40:00,2026-06-25 22:46:00,4034.033,4026.416674715972,SL,-7.856325284027743,6,0.39904749576939463,ml_v3freq,2026-06
317305,short,2026-06-26 01:05:00,2026-06-26 01:10:00,2026-06-26 01:16:00,4017.434,4025.1309632284724,SL,-7.936963228472201,6,0.3551643132128661,ml_v3freq,2026-06
317309,short,2026-06-26 01:25:00,2026-06-26 01:30:00,2026-06-26 02:22:00,4022.73,4007.9897479166666,TP,14.50025208333329,52,0.35795506532235244,ml_v3freq,2026-06
317391,long,2026-06-26 08:15:00,2026-06-26 08:20:00,2026-06-26 09:19:00,4032.31,4045.539913888889,TP,12.989913888888868,59,0.3842999135666412,ml_v3freq,2026-06
317405,short,2026-06-26 09:25:00,2026-06-26 09:30:00,2026-06-26 11:00:00,4048.354,4055.1032094350694,SL,-6.989209435069433,90,0.36586810223437216,ml_v3freq,2026-06
317426,short,2026-06-26 11:10:00,2026-06-26 11:15:00,2026-06-26 11:19:00,4047.335,4054.09518206875,SL,-7.000182068749984,4,0.36263065486904256,ml_v3freq,2026-06
317429,short,2026-06-26 11:25:00,2026-06-26 11:30:00,2026-06-26 12:42:00,4052.813,4039.7801770833335,TP,12.792822916666633,72,0.3697125689626418,ml_v3freq,2026-06
317446,short,2026-06-26 12:50:00,2026-06-26 12:55:00,2026-06-26 12:57:00,4045.794,4052.5867467819444,SL,-7.0327467819444305,2,0.3633100612170497,ml_v3freq,2026-06
317558,short,2026-06-28 23:10:00,2026-06-28 23:15:00,2026-06-28 23:31:00,4065.708,4053.7799055555556,TP,11.688094444444449,16,0.3581457519904629,ml_v3freq,2026-06
317566,short,2026-06-28 23:50:00,2026-06-28 23:55:00,2026-06-29 00:23:00,4064.542,4052.648532638889,TP,11.653467361111119,28,0.3570490531840542,ml_v3freq,2026-06
317597,short,2026-06-29 02:25:00,2026-06-29 02:30:00,2026-06-29 03:22:00,4069.029,4075.4226048305554,SL,-6.633604830555559,52,0.3551629345174752,ml_v3freq,2026-06
317611,short,2026-06-29 03:35:00,2026-06-29 03:40:00,2026-06-29 04:40:00,4067.111,4054.8930555555553,TP,11.977944444444452,60,0.35965003546278884,ml_v3freq,2026-06
317644,short,2026-06-29 06:20:00,2026-06-29 06:25:00,2026-06-29 06:49:00,4058.185,4064.509253023611,SL,-6.564253023611107,24,0.35723132520628054,ml_v3freq,2026-06
317651,short,2026-06-29 06:55:00,2026-06-29 07:00:00,2026-06-29 08:55:00,4062.497,4050.4275479166663,TP,11.829452083333324,115,0.36058305162590765,ml_v3freq,2026-06
317681,short,2026-06-29 09:25:00,2026-06-29 09:30:00,2026-06-29 09:50:00,4047.576,4035.648226388889,TP,11.687773611111082,20,0.3652128983053933,ml_v3freq,2026-06
317688,short,2026-06-29 10:00:00,2026-06-29 10:05:00,2026-06-29 10:12:00,4029.813,4036.1073312666667,SL,-6.534331266666653,7,0.36564081008175753,ml_v3freq,2026-06
317692,short,2026-06-29 10:20:00,2026-06-29 10:25:00,2026-06-29 12:02:00,4037.153,4043.4160681895833,SL,-6.50306818958332,97,0.36121717522991775,ml_v3freq,2026-06
317714,short,2026-06-29 12:10:00,2026-06-29 12:15:00,2026-06-29 13:37:00,4047.694,4035.6506729166667,TP,11.803327083333311,82,0.3571618383262715,ml_v3freq,2026-06
317761,long,2026-06-29 16:05:00,2026-06-29 16:10:00,2026-06-29 16:32:00,4027.334,4021.219766756597,SL,-6.35423324340276,22,0.3850244074467692,ml_v3freq,2026-06
317768,long,2026-06-29 16:40:00,2026-06-29 16:45:00,2026-06-29 18:55:00,4021.244,4015.207095053125,SL,-6.27690494687498,130,0.38397600245815294,ml_v3freq,2026-06
317797,long,2026-06-29 19:05:00,2026-06-29 19:10:00,2026-06-29 19:18:00,4011.81,4005.899833932639,SL,-6.150166067361086,8,0.40078258319764093,ml_v3freq,2026-06
317801,long,2026-06-29 19:25:00,2026-06-29 19:30:00,2026-06-29 22:44:00,4017.008,4011.0697892302082,SL,-6.1782107697916455,132,0.4035263044767159,ml_v3freq,2026-06
317830,long,2026-06-29 22:50:00,2026-06-29 22:55:00,2026-06-30 00:02:00,4015.376,4009.523959128125,SL,-6.092040871874974,67,0.41766477371485033,ml_v3freq,2026-06
317851,short,2026-06-30 00:35:00,2026-06-30 00:40:00,2026-06-30 00:56:00,3995.869,3985.01193125,TP,10.617068749999948,16,0.3588714767253772,ml_v3freq,2026-06
317895,short,2026-06-30 04:15:00,2026-06-30 04:20:00,2026-06-30 04:29:00,3974.481,3980.3526447815975,SL,-6.111644781597196,9,0.36394186238050874,ml_v3freq,2026-06
317910,short,2026-06-30 05:30:00,2026-06-30 05:35:00,2026-06-30 05:40:00,3977.394,3983.379807792708,SL,-6.225807792708308,5,0.36935721932331145,ml_v3freq,2026-06
317975,short,2026-06-30 10:55:00,2026-06-30 11:00:00,2026-06-30 11:45:00,4029.669,4035.715810080208,SL,-6.2868100802083156,45,0.36415392813732544,ml_v3freq,2026-06
317987,short,2026-06-30 11:55:00,2026-06-30 12:00:00,2026-06-30 12:21:00,4033.82,4022.240811805556,TP,11.339188194444407,21,0.3604810275362694,ml_v3freq,2026-06
317994,short,2026-06-30 12:30:00,2026-06-30 12:35:00,2026-06-30 13:09:00,4016.701,4022.7229797840278,SL,-6.261979784027755,34,0.3674793726988321,ml_v3freq,2026-06
318004,short,2026-06-30 13:20:00,2026-06-30 13:25:00,2026-06-30 13:30:00,4019.756,4025.8379344131945,SL,-6.321934413194424,5,0.3579152069966617,ml_v3freq,2026-06
318008,short,2026-06-30 13:40:00,2026-06-30 13:45:00,2026-06-30 13:53:00,4024.952,4031.098139201736,SL,-6.38613920173609,8,0.3556790536716859,ml_v3freq,2026-06
318016,long,2026-06-30 14:20:00,2026-06-30 14:25:00,2026-06-30 14:27:00,4062.507,4056.2042914350695,SL,-6.542708564930536,2,0.3941768677133053,ml_v3freq,2026-06
318023,short,2026-06-30 14:55:00,2026-06-30 15:00:00,2026-06-30 15:20:00,4037.514,4025.370152777778,TP,11.903847222222197,20,0.35888638242433574,ml_v3freq,2026-06
318030,short,2026-06-30 15:30:00,2026-06-30 15:35:00,2026-06-30 19:51:00,4029.967,4018.0719743055556,TP,11.655025694444413,256,0.35768670820839793,ml_v3freq,2026-06
318120,long,2026-07-01 00:00:00,2026-07-01 00:05:00,2026-07-01 00:30:00,4006.994,4000.988342256597,SL,-6.245657743402768,25,0.3831502756757684,ml_v3freq,2026-07
318129,long,2026-07-01 00:45:00,2026-07-01 00:50:00,2026-07-01 01:05:00,3995.887,3989.845777430903,SL,-6.281222569097213,15,0.37316597344338687,ml_v3freq,2026-07
318146,long,2026-07-01 02:10:00,2026-07-01 02:15:00,2026-07-01 05:12:00,3976.232,3970.340846550347,SL,-6.13115344965277,177,0.3753692418971516,ml_v3freq,2026-07
318184,short,2026-07-01 05:20:00,2026-07-01 05:25:00,2026-07-01 06:13:00,3974.442,3963.994597222222,TP,10.20740277777777,48,0.35246912323818236,ml_v3freq,2026-07
318196,short,2026-07-01 06:20:00,2026-07-01 06:25:00,2026-07-01 07:50:00,3969.197,3974.588757738889,SL,-5.631757738888889,85,0.35363576538099206,ml_v3freq,2026-07
318216,short,2026-07-01 08:00:00,2026-07-01 08:05:00,2026-07-01 08:16:00,3971.653,3976.820741402083,SL,-5.407741402083331,11,0.35339456252309753,ml_v3freq,2026-07
318221,long,2026-07-01 08:25:00,2026-07-01 08:30:00,2026-07-01 08:37:00,3978.934,3973.771266722222,SL,-5.4027332777777755,7,0.37463370920929573,ml_v3freq,2026-07
318225,long,2026-07-01 08:45:00,2026-07-01 08:50:00,2026-07-01 09:49:00,3975.064,3985.0133625,TP,9.709362499999997,59,0.41484257677053976,ml_v3freq,2026-07
318239,long,2026-07-01 09:55:00,2026-07-01 10:00:00,2026-07-01 10:37:00,3984.331,3994.0989770833335,TP,9.527977083333328,37,0.4167846537026455,ml_v3freq,2026-07
318255,short,2026-07-01 11:15:00,2026-07-01 11:20:00,2026-07-01 11:29:00,4022.719,4027.8803800524306,SL,-5.401380052430551,9,0.34701557784690734,ml_v3freq,2026-07
318259,short,2026-07-01 11:35:00,2026-07-01 11:40:00,2026-07-01 11:43:00,4024.522,4029.7240363388887,SL,-5.442036338888884,3,0.3599868553113943,ml_v3freq,2026-07
318262,short,2026-07-01 11:50:00,2026-07-01 11:55:00,2026-07-01 12:07:00,4032.09,4021.9762409722225,TP,9.873759027777766,12,0.3669676249068656,ml_v3freq,2026-07
318267,short,2026-07-01 12:15:00,2026-07-01 12:20:00,2026-07-01 12:33:00,4027.786,4033.081730328472,SL,-5.535730328472218,13,0.3625161037304979,ml_v3freq,2026-07
318272,short,2026-07-01 12:40:00,2026-07-01 12:45:00,2026-07-01 13:07:00,4026.153,4015.8731256944443,TP,10.03987430555555,22,0.3452590859188702,ml_v3freq,2026-07
318279,short,2026-07-01 13:15:00,2026-07-01 13:20:00,2026-07-01 13:21:00,4024.335,4029.7606082145835,SL,-5.665608214583336,1,0.3535086163932109,ml_v3freq,2026-07
318282,long,2026-07-01 13:30:00,2026-07-01 13:35:00,2026-07-01 13:38:00,4047.799,4058.4293694444445,TP,10.390369444444449,3,0.3998373613499301,ml_v3freq,2026-07
318301,long,2026-07-01 15:05:00,2026-07-01 15:10:00,2026-07-01 15:24:00,4084.524,4078.6369816260417,SL,-6.127018373958338,14,0.380147816442673,ml_v3freq,2026-07
318306,long,2026-07-01 15:30:00,2026-07-01 15:35:00,2026-07-01 16:50:00,4078.181,4072.350991700347,SL,-6.070008299652783,75,0.4079756169573391,ml_v3freq,2026-07
318324,long,2026-07-01 17:00:00,2026-07-01 17:05:00,2026-07-01 18:18:00,4071.715,4065.985606584375,SL,-5.9693934156249995,73,0.4177318216365746,ml_v3freq,2026-07
318343,long,2026-07-01 18:35:00,2026-07-01 18:40:00,2026-07-01 18:53:00,4063.686,4057.976631144792,SL,-5.949368855208335,13,0.3861734107443694,ml_v3freq,2026-07
318350,long,2026-07-01 19:10:00,2026-07-01 19:15:00,2026-07-01 19:21:00,4065.578,4059.828994737847,SL,-5.989005262152781,6,0.3772339774462219,ml_v3freq,2026-07
318354,long,2026-07-01 19:30:00,2026-07-01 19:35:00,2026-07-01 19:50:00,4056.65,4050.862636156597,SL,-6.027363843402782,15,0.3753014120314052,ml_v3freq,2026-07
318364,long,2026-07-01 20:20:00,2026-07-01 20:25:00,2026-07-01 20:55:00,4037.662,4031.758631806597,SL,-6.143368193402781,30,0.37691210490309646,ml_v3freq,2026-07
318373,long,2026-07-01 22:05:00,2026-07-01 22:10:00,2026-07-02 00:25:00,4035.78,4047.187779166667,TP,11.167779166666675,135,0.3743687364980246,ml_v3freq,2026-07
318420,long,2026-07-02 02:00:00,2026-07-02 02:05:00,2026-07-02 02:57:00,4047.237,4059.188110416667,TP,11.711110416666681,52,0.3793861469760074,ml_v3freq,2026-07
318433,long,2026-07-02 03:05:00,2026-07-02 03:10:00,2026-07-02 03:41:00,4055.625,4067.4286875,TP,11.56368750000001,31,0.38395939393075984,ml_v3freq,2026-07
318442,long,2026-07-02 03:50:00,2026-07-02 03:55:00,2026-07-02 04:22:00,4071.836,4065.7017461645833,SL,-6.374253835416674,27,0.3878438042971837,ml_v3freq,2026-07
318450,long,2026-07-02 04:30:00,2026-07-02 04:35:00,2026-07-02 05:10:00,4063.477,4057.3473534802083,SL,-6.369646519791678,35,0.38321238414516245,ml_v3freq,2026-07
318462,long,2026-07-02 05:30:00,2026-07-02 05:35:00,2026-07-02 06:00:00,4056.052,4067.9194722222223,TP,11.62747222222224,25,0.3809046189284212,ml_v3freq,2026-07
318471,long,2026-07-02 06:15:00,2026-07-02 06:20:00,2026-07-02 06:42:00,4074.462,4068.2186150881944,SL,-6.483384911805561,22,0.37525359859668345,ml_v3freq,2026-07
318486,long,2026-07-02 07:30:00,2026-07-02 07:35:00,2026-07-02 08:22:00,4063.892,4075.9585340277777,TP,11.826534027777779,47,0.38121339901113244,ml_v3freq,2026-07
318498,long,2026-07-02 08:30:00,2026-07-02 08:35:00,2026-07-02 09:24:00,4073.707,4067.45540843125,SL,-6.4915915687500005,49,0.3926367176386518,ml_v3freq,2026-07
318510,long,2026-07-02 09:30:00,2026-07-02 09:35:00,2026-07-02 11:05:00,4065.972,4059.763640211111,SL,-6.448359788888887,90,0.3869214466800561,ml_v3freq,2026-07
318536,long,2026-07-02 11:40:00,2026-07-02 11:45:00,2026-07-02 12:00:00,4070.988,4064.7653658663194,SL,-6.462634133680558,15,0.37428039630415133,ml_v3freq,2026-07
318544,long,2026-07-02 12:20:00,2026-07-02 12:25:00,2026-07-02 12:30:00,4067.197,4079.098052777778,TP,11.66105277777779,5,0.38134054424255914,ml_v3freq,2026-07
318558,long,2026-07-02 13:30:00,2026-07-02 13:35:00,2026-07-02 13:47:00,4127.546,4140.423799305556,TP,12.637799305555573,12,0.375026854253931,ml_v3freq,2026-07
318564,long,2026-07-02 14:00:00,2026-07-02 14:05:00,2026-07-02 14:10:00,4130.538,4123.730522506944,SL,-7.0474774930555695,5,0.37340861437886275,ml_v3freq,2026-07
318571,long,2026-07-02 14:35:00,2026-07-02 14:40:00,2026-07-02 16:30:00,4118.766,4112.115032344097,SL,-6.890967655902794,110,0.3744464848727156,ml_v3freq,2026-07
318648,long,2026-07-02 22:00:00,2026-07-02 22:05:00,2026-07-03 00:21:00,4125.493,4137.545425,TP,11.712425000000028,136,0.37834493353106563,ml_v3freq,2026-07
318681,long,2026-07-03 00:45:00,2026-07-03 00:50:00,2026-07-03 01:03:00,4140.944,4153.303485416667,TP,12.119485416666691,13,0.376845033362577,ml_v3freq,2026-07
318691,short,2026-07-03 01:35:00,2026-07-03 01:40:00,2026-07-03 05:48:00,4184.762,4171.955547916667,TP,12.566452083333331,248,0.3446197574710571,ml_v3freq,2026-07
318743,short,2026-07-03 05:55:00,2026-07-03 06:00:00,2026-07-03 07:06:00,4171.236,4177.6623838375,SL,-6.666383837499995,66,0.34280158669889826,ml_v3freq,2026-07
318759,short,2026-07-03 07:15:00,2026-07-03 07:20:00,2026-07-03 07:34:00,4171.715,4178.118434564236,SL,-6.643434564236105,14,0.35258347373857235,ml_v3freq,2026-07
318764,short,2026-07-03 07:40:00,2026-07-03 07:45:00,2026-07-03 08:05:00,4179.409,4185.784699397222,SL,-6.615699397222217,20,0.34725162547022365,ml_v3freq,2026-07
318800,long,2026-07-03 10:40:00,2026-07-03 10:45:00,2026-07-03 13:05:00,4177.811,4171.589627818403,SL,-6.461372181597221,140,0.3755236112002003,ml_v3freq,2026-07
318831,long,2026-07-03 13:15:00,2026-07-03 13:20:00,2026-07-03 13:48:00,4169.763,4163.626063524305,SL,-6.376936475694435,28,0.37432863468071653,ml_v3freq,2026-07
318839,short,2026-07-03 13:55:00,2026-07-03 14:00:00,2026-07-03 14:59:00,4164.531,4170.250047789583,SL,-5.959047789583318,59,0.34526373729224613,ml_v3freq,2026-07
318853,short,2026-07-03 15:05:00,2026-07-03 15:10:00,2026-07-03 16:56:00,4171.008,4176.369863760764,SL,-5.601863760763857,106,0.35863483146438085,ml_v3freq,2026-07
318878,short,2026-07-05 22:10:00,2026-07-05 22:15:00,2026-07-05 22:31:00,4181.258,4186.231059498611,SL,-5.213059498611078,16,0.35009737578442,ml_v3freq,2026-07
318884,short,2026-07-05 22:40:00,2026-07-05 22:45:00,2026-07-05 23:28:00,4188.903,4193.811739626389,SL,-5.148739626388854,43,0.3487212754585941,ml_v3freq,2026-07
318897,short,2026-07-05 23:45:00,2026-07-05 23:50:00,2026-07-06 00:01:00,4181.948,4172.343854166667,TP,9.364145833333254,11,0.3491623314972998,ml_v3freq,2026-07
318903,long,2026-07-06 00:15:00,2026-07-06 00:20:00,2026-07-06 00:25:00,4178.354,4173.341030274653,SL,-5.252969725347181,5,0.37302276235834486,ml_v3freq,2026-07
318915,long,2026-07-06 01:15:00,2026-07-06 01:20:00,2026-07-06 01:21:00,4188.653,4183.402275327431,SL,-5.490724672569386,1,0.3814948080494238,ml_v3freq,2026-07
318918,long,2026-07-06 01:30:00,2026-07-06 01:35:00,2026-07-06 01:36:00,4197.831,4192.522642213889,SL,-5.548357786111057,1,0.3992049722387625,ml_v3freq,2026-07
318921,long,2026-07-06 01:45:00,2026-07-06 01:50:00,2026-07-06 01:58:00,4194.783,4189.4117985875,SL,-5.6112014124999465,8,0.3894879078102196,ml_v3freq,2026-07
318933,long,2026-07-06 02:45:00,2026-07-06 02:50:00,2026-07-06 03:02:00,4174.107,4168.598249778819,SL,-5.7487502211805035,12,0.37649883830790803,ml_v3freq,2026-07
318941,long,2026-07-06 03:25:00,2026-07-06 03:30:00,2026-07-06 04:31:00,4165.758,4160.17400489375,SL,-5.82399510624994,61,0.3829642798552368,ml_v3freq,2026-07
318956,long,2026-07-06 04:40:00,2026-07-06 04:45:00,2026-07-06 05:03:00,4159.991,4154.396421163542,SL,-5.8345788364582765,18,0.38852909071246455,ml_v3freq,2026-07
318963,short,2026-07-06 05:15:00,2026-07-06 05:20:00,2026-07-06 05:34:00,4151.846,4157.344650636111,SL,-5.738650636111054,14,0.3460308430065102,ml_v3freq,2026-07
318968,short,2026-07-06 05:40:00,2026-07-06 05:45:00,2026-07-06 05:59:00,4155.263,4144.695949305556,TP,10.327050694444322,14,0.3447722269765825,ml_v3freq,2026-07
318973,short,2026-07-06 06:05:00,2026-07-06 06:10:00,2026-07-06 06:27:00,4151.047,4156.448404926041,SL,-5.641404926041606,17,0.3510839409903761,ml_v3freq,2026-07
318979,short,2026-07-06 06:35:00,2026-07-06 06:40:00,2026-07-06 07:41:00,4155.918,4161.157807596527,SL,-5.479807596527722,61,0.3490353908433084,ml_v3freq,2026-07
318994,short,2026-07-06 07:50:00,2026-07-06 07:55:00,2026-07-06 08:16:00,4164.209,4154.241334722222,TP,9.72766527777767,21,0.349436980065466,ml_v3freq,2026-07
319001,short,2026-07-06 08:25:00,2026-07-06 08:30:00,2026-07-06 09:26:00,4155.299,4145.319525,TP,9.739474999999885,56,0.35299528760042154,ml_v3freq,2026-07
319015,short,2026-07-06 09:35:00,2026-07-06 09:40:00,2026-07-06 10:12:00,4141.371,4146.602973969444,SL,-5.471973969444385,32,0.3501233652063849,ml_v3freq,2026-07
319024,short,2026-07-06 10:20:00,2026-07-06 10:25:00,2026-07-06 10:43:00,4150.05,4155.274064942709,SL,-5.464064942708265,18,0.35776069769067065,ml_v3freq,2026-07
319030,short,2026-07-06 10:50:00,2026-07-06 10:55:00,2026-07-06 11:18:00,4153.252,4158.430809277431,SL,-5.418809277430496,23,0.3518241524128359,ml_v3freq,2026-07
319037,short,2026-07-06 11:25:00,2026-07-06 11:30:00,2026-07-06 12:29:00,4154.982,4145.09540625,TP,9.646593749999887,59,0.3507788253423567,ml_v3freq,2026-07
319062,long,2026-07-06 13:30:00,2026-07-06 13:35:00,2026-07-06 13:36:00,4148.961,4143.724819523612,SL,-5.476180476388856,1,0.37955627754796384,ml_v3freq,2026-07
319065,long,2026-07-06 13:45:00,2026-07-06 13:50:00,2026-07-06 13:56:00,4146.594,4141.342267353125,SL,-5.49173264687497,6,0.3794747085915887,ml_v3freq,2026-07
319069,long,2026-07-06 14:05:00,2026-07-06 14:10:00,2026-07-06 14:44:00,4136.29,4130.955208682986,SL,-5.574791317013853,34,0.3724332628777438,ml_v3freq,2026-07
319078,long,2026-07-06 14:50:00,2026-07-06 14:55:00,2026-07-06 15:08:00,4135.525,4146.019297916666,TP,10.254297916666584,13,0.38097538333443937,ml_v3freq,2026-07
319083,long,2026-07-06 15:15:00,2026-07-06 15:20:00,2026-07-06 15:29:00,4139.923,4150.470120833333,TP,10.30712083333325,9,0.3910834374334631,ml_v3freq,2026-07
319087,long,2026-07-06 15:35:00,2026-07-06 15:40:00,2026-07-06 15:52:00,4150.92,4145.386375830209,SL,-5.7736241697916215,12,0.3937584208699385,ml_v3freq,2026-07
319092,long,2026-07-06 16:00:00,2026-07-06 16:05:00,2026-07-06 16:54:00,4144.083,4154.765810416666,TP,10.442810416666589,49,0.38911536175347433,ml_v3freq,2026-07
319104,long,2026-07-06 17:00:00,2026-07-06 17:05:00,2026-07-06 18:33:00,4153.09,4163.803954166667,TP,10.473954166666584,88,0.3955102788304241,ml_v3freq,2026-07
319131,long,2026-07-06 19:15:00,2026-07-06 19:20:00,2026-07-07 00:00:00,4161.241,4155.807371643403,SL,-5.673628356597154,218,0.37937988494951097,ml_v3freq,2026-07
319184,short,2026-07-07 00:40:00,2026-07-07 00:45:00,2026-07-07 01:07:00,4149.66,4139.793504166667,TP,9.62649583333322,22,0.34289198089212136,ml_v3freq,2026-07
319191,short,2026-07-07 01:15:00,2026-07-07 01:20:00,2026-07-07 01:27:00,4135.951,4126.20548125,TP,9.50551874999989,7,0.34735567387814625,ml_v3freq,2026-07
319195,short,2026-07-07 01:35:00,2026-07-07 01:40:00,2026-07-07 01:45:00,4139.129,4144.188451627083,SL,-5.299451627083277,5,0.3440428235535081,ml_v3freq,2026-07
319199,short,2026-07-07 01:55:00,2026-07-07 02:00:00,2026-07-07 02:52:00,4141.637,4131.987440972222,TP,9.409559027777696,52,0.3437796194322641,ml_v3freq,2026-07
319213,short,2026-07-07 03:05:00,2026-07-07 03:10:00,2026-07-07 03:25:00,4138.374,4129.1884805555555,TP,8.945519444444367,15,0.3436835984472051,ml_v3freq,2026-07
319219,short,2026-07-07 03:35:00,2026-07-07 03:40:00,2026-07-07 04:08:00,4132.566,4137.278847360069,SL,-4.952847360069405,28,0.34587185425889844,ml_v3freq,2026-07
319227,short,2026-07-07 04:15:00,2026-07-07 04:20:00,2026-07-07 05:01:00,4132.692,4123.614884027778,TP,8.837115972222133,41,0.3464629311885371,ml_v3freq,2026-07
319238,short,2026-07-07 05:10:00,2026-07-07 05:15:00,2026-07-07 05:25:00,4122.604,4127.316140984375,SL,-4.952140984374964,10,0.3479294593031902,ml_v3freq,2026-07
319243,short,2026-07-07 05:35:00,2026-07-07 05:40:00,2026-07-07 05:51:00,4120.22,4124.983523863541,SL,-5.003523863541636,11,0.34297137300910924,ml_v3freq,2026-07
319253,short,2026-07-07 06:25:00,2026-07-07 06:30:00,2026-07-07 06:40:00,4126.711,4131.507977498958,SL,-5.0369774989583105,10,0.3427344448915207,ml_v3freq,2026-07
319258,short,2026-07-07 06:50:00,2026-07-07 06:55:00,2026-07-07 08:11:00,4129.08,4133.84870659757,SL,-5.008706597569426,76,0.3468154036356824,ml_v3freq,2026-07
319276,short,2026-07-07 08:20:00,2026-07-07 08:25:00,2026-07-07 08:51:00,4136.136,4127.011408333334,TP,8.88459166666665,26,0.3509672786380087,ml_v3freq,2026-07
319284,short,2026-07-07 09:00:00,2026-07-07 09:05:00,2026-07-07 09:44:00,4127.592,4132.336908086111,SL,-4.984908086111107,39,0.34896257888015814,ml_v3freq,2026-07
319294,short,2026-07-07 09:50:00,2026-07-07 09:55:00,2026-07-07 10:14:00,4130.332,4135.118433452778,SL,-5.026433452777783,19,0.34829542441149564,ml_v3freq,2026-07
319302,short,2026-07-07 10:30:00,2026-07-07 10:35:00,2026-07-07 11:18:00,4135.57,4140.339218521527,SL,-5.009218521527789,43,0.3498313226483828,ml_v3freq,2026-07
319316,short,2026-07-07 11:40:00,2026-07-07 11:45:00,2026-07-07 11:57:00,4148.209,4152.997715284375,SL,-5.0287152843750045,12,0.34917395165549725,ml_v3freq,2026-07
319324,short,2026-07-07 12:20:00,2026-07-07 12:25:00,2026-07-07 12:28:00,4164.148,4169.068486098611,SL,-5.16048609861112,3,0.34532498596668243,ml_v3freq,2026-07
319327,short,2026-07-07 12:35:00,2026-07-07 12:40:00,2026-07-07 12:58:00,4165.994,4170.9300858899305,SL,-5.176085889930565,18,0.35151403587602503,ml_v3freq,2026-07
319333,short,2026-07-07 13:05:00,2026-07-07 13:10:00,2026-07-07 13:12:00,4162.725,4167.745577153472,SL,-5.260577153472226,2,0.3528747798274218,ml_v3freq,2026-07
319337,long,2026-07-07 13:25:00,2026-07-07 13:30:00,2026-07-07 13:36:00,4166.393,4176.100163888889,TP,9.467163888888892,6,0.37395747049917233,ml_v3freq,2026-07
319343,long,2026-07-07 13:55:00,2026-07-07 14:00:00,2026-07-07 14:04:00,4158.367,4153.216985453125,SL,-5.390014546875001,4,0.37375891441678344,ml_v3freq,2026-07
319347,long,2026-07-07 14:15:00,2026-07-07 14:20:00,2026-07-07 14:23:00,4158.584,4153.416365744792,SL,-5.4076342552083325,3,0.37804565066670714,ml_v3freq,2026-07
319353,long,2026-07-07 14:45:00,2026-07-07 14:50:00,2026-07-07 15:00:00,4156.267,4151.1096994656245,SL,-5.397300534374998,10,0.37491144593480563,ml_v3freq,2026-07
319358,long,2026-07-07 15:10:00,2026-07-07 15:15:00,2026-07-07 15:18:00,4148.785,4143.698932295486,SL,-5.326067704513899,3,0.3757138460078002,ml_v3freq,2026-07
319362,short,2026-07-07 15:30:00,2026-07-07 15:35:00,2026-07-07 18:49:00,4143.603,4133.873683333333,TP,9.489316666666696,194,0.34412977219578955,ml_v3freq,2026-07
319430,long,2026-07-07 22:10:00,2026-07-07 22:15:00,2026-07-07 22:34:00,4104.136,4098.827435856945,SL,-5.5485641430555885,19,0.3732326023846652,ml_v3freq,2026-07
319488,long,2026-07-08 03:00:00,2026-07-08 03:05:00,2026-07-08 07:05:00,4125.586,4119.774543983333,SL,-6.051456016666707,240,0.3794210632702478,ml_v3freq,2026-07
319539,long,2026-07-08 07:15:00,2026-07-08 07:20:00,2026-07-08 08:16:00,4116.252,4110.543845476042,SL,-5.948154523958356,56,0.37358197255028536,ml_v3freq,2026-07
319554,short,2026-07-08 08:30:00,2026-07-08 08:35:00,2026-07-08 08:37:00,4083.272,4071.713620138889,TP,11.318379861111131,2,0.34492230894202525,ml_v3freq,2026-07
319557,short,2026-07-08 08:45:00,2026-07-08 08:50:00,2026-07-08 08:57:00,4066.704,4054.98191875,TP,11.482081250000022,7,0.34790249958781627,ml_v3freq,2026-07
319561,short,2026-07-08 09:05:00,2026-07-08 09:10:00,2026-07-08 09:15:00,4052.144,4058.310032804861,SL,-6.406032804861115,5,0.34505250878035776,ml_v3freq,2026-07
319565,short,2026-07-08 09:25:00,2026-07-08 09:30:00,2026-07-08 09:43:00,4056.706,4044.8001041666666,TP,11.66589583333334,13,0.3503753536445672,ml_v3freq,2026-07
319570,short,2026-07-08 09:50:00,2026-07-08 09:55:00,2026-07-08 10:20:00,4047.856,4054.078022999653,SL,-6.462022999652784,25,0.34736952925009446,ml_v3freq,2026-07
319578,short,2026-07-08 10:30:00,2026-07-08 10:35:00,2026-07-08 11:38:00,4054.625,4042.5613381944445,TP,11.823661805555552,63,0.3432198829776211,ml_v3freq,2026-07
319651,long,2026-07-08 16:35:00,2026-07-08 16:40:00,2026-07-08 16:45:00,4044.793,4057.6864895833332,TP,12.653489583333293,5,0.3731223554344042,ml_v3freq,2026-07
319655,long,2026-07-08 16:55:00,2026-07-08 17:00:00,2026-07-08 18:40:00,4063.561,4076.5273875000003,TP,12.726387499999957,100,0.37957956326209197,ml_v3freq,2026-07
319691,long,2026-07-08 19:55:00,2026-07-08 20:00:00,2026-07-08 20:35:00,4080.059,4073.0849051479167,SL,-7.214094852083315,35,0.37966197630557097,ml_v3freq,2026-07
319701,long,2026-07-08 20:45:00,2026-07-08 20:50:00,2026-07-09 00:15:00,4075.368,4088.381404861111,TP,12.773404861111086,143,0.3928237687777999,ml_v3freq,2026-07
319733,long,2026-07-09 00:25:00,2026-07-09 00:30:00,2026-07-09 00:54:00,4078.005,4071.244948888542,SL,-7.00005111145832,24,0.38018326269833186,ml_v3freq,2026-07
319751,long,2026-07-09 01:55:00,2026-07-09 02:00:00,2026-07-09 02:52:00,4072.808,4066.0272695416666,SL,-7.020730458333315,52,0.3734119152447235,ml_v3freq,2026-07
319764,long,2026-07-09 03:00:00,2026-07-09 03:05:00,2026-07-09 03:09:00,4066.789,4060.170878813889,SL,-6.858121186111094,4,0.4047070411445831,ml_v3freq,2026-07
319767,long,2026-07-09 03:15:00,2026-07-09 03:20:00,2026-07-09 05:01:00,4055.784,4068.513910416667,TP,12.48991041666662,101,0.4004236987700105,ml_v3freq,2026-07
319793,long,2026-07-09 05:25:00,2026-07-09 05:30:00,2026-07-09 05:31:00,4072.243,4065.680932503125,SL,-6.802067496874967,1,0.3724406225927622,ml_v3freq,2026-07
319800,short,2026-07-09 06:00:00,2026-07-09 06:05:00,2026-07-09 06:21:00,4092.948,4099.636326199653,SL,-6.928326199652746,16,0.34599279916511705,ml_v3freq,2026-07
319806,short,2026-07-09 06:30:00,2026-07-09 06:35:00,2026-07-09 07:42:00,4104.176,4110.88449362257,SL,-6.948493622569415,67,0.351959073942123,ml_v3freq,2026-07
319825,short,2026-07-09 08:05:00,2026-07-09 08:10:00,2026-07-09 08:22:00,4109.403,4116.144367871181,SL,-6.981367871180549,12,0.3438596442522663,ml_v3freq,2026-07
319830,short,2026-07-09 08:30:00,2026-07-09 08:35:00,2026-07-09 10:52:00,4110.594,4097.59289375,TP,12.761106249999981,137,0.3537840340492553,ml_v3freq,2026-07
319871,short,2026-07-09 11:55:00,2026-07-09 12:00:00,2026-07-09 12:08:00,4108.623,4114.709204414583,SL,-6.326204414583329,8,0.3450225709328038,ml_v3freq,2026-07
319875,short,2026-07-09 12:15:00,2026-07-09 12:20:00,2026-07-09 12:34:00,4108.131,4114.248820679514,SL,-6.357820679513886,14,0.34875552131842963,ml_v3freq,2026-07
319903,long,2026-07-09 14:35:00,2026-07-09 14:40:00,2026-07-09 16:30:00,4122.838,4134.3339166666665,TP,11.255916666666671,110,0.3723301748604027,ml_v3freq,2026-07
319928,long,2026-07-09 16:40:00,2026-07-09 16:45:00,2026-07-09 17:00:00,4133.119,4127.574740510763,SL,-5.784259489236128,15,0.38214598914961273,ml_v3freq,2026-07
319934,long,2026-07-09 17:10:00,2026-07-09 17:15:00,2026-07-09 17:48:00,4127.247,4137.857752777778,TP,10.37075277777781,33,0.38280228064756283,ml_v3freq,2026-07
319943,long,2026-07-09 17:55:00,2026-07-09 18:00:00,2026-07-09 18:05:00,4136.168,4130.738673392014,SL,-5.66932660798613,5,0.3827618205247363,ml_v3freq,2026-07
319947,long,2026-07-09 18:15:00,2026-07-09 18:20:00,2026-07-09 18:37:00,4127.156,4121.768020180555,SL,-5.627979819444462,17,0.38344969992923716,ml_v3freq,2026-07
320015,short,2026-07-10 00:55:00,2026-07-10 01:00:00,2026-07-10 01:38:00,4126.391,4116.859889583333,TP,9.291110416666696,38,0.3444919318766936,ml_v3freq,2026-07
320025,short,2026-07-10 01:45:00,2026-07-10 01:50:00,2026-07-10 01:57:00,4113.425,4118.389598863889,SL,-5.2045988638889025,7,0.3447279489434809,ml_v3freq,2026-07
320029,short,2026-07-10 02:05:00,2026-07-10 02:10:00,2026-07-10 03:00:00,4124.865,4129.784930522222,SL,-5.159930522222238,50,0.34355678228599684,ml_v3freq,2026-07
320046,long,2026-07-10 03:30:00,2026-07-10 03:35:00,2026-07-10 03:40:00,4127.276,4122.409222264583,SL,-5.106777735416683,5,0.38511531109423003,ml_v3freq,2026-07
320083,long,2026-07-10 06:35:00,2026-07-10 06:40:00,2026-07-10 07:00:00,4115.55,4110.830803195487,SL,-4.959196804513917,20,0.3737864385717107,ml_v3freq,2026-07
320096,short,2026-07-10 07:40:00,2026-07-10 07:45:00,2026-07-10 08:48:00,4106.966,4098.192010416667,TP,8.533989583333371,63,0.34500801849244117,ml_v3freq,2026-07
320111,short,2026-07-10 08:55:00,2026-07-10 09:00:00,2026-07-10 09:18:00,4097.689,4102.2237454434035,SL,-4.774745443402787,18,0.3428925849407899,ml_v3freq,2026-07
320117,short,2026-07-10 09:25:00,2026-07-10 09:30:00,2026-07-10 10:03:00,4102.541,4107.038791676736,SL,-4.737791676736136,33,0.3442378385106455,ml_v3freq,2026-07
320126,short,2026-07-10 10:10:00,2026-07-10 10:15:00,2026-07-10 10:24:00,4106.257,4110.719187167014,SL,-4.702187167013922,9,0.36148461347491456,ml_v3freq,2026-07
320130,short,2026-07-10 10:30:00,2026-07-10 10:35:00,2026-07-10 11:36:00,4106.831,4098.243895833333,TP,8.34710416666673,61,0.3575223819274901,ml_v3freq,2026-07
320145,short,2026-07-10 11:45:00,2026-07-10 11:50:00,2026-07-10 12:13:00,4105.848,4110.352272078472,SL,-4.744272078472268,23,0.3646687273311115,ml_v3freq,2026-07
320152,short,2026-07-10 12:20:00,2026-07-10 12:25:00,2026-07-10 12:36:00,4107.009,4098.293394444444,TP,8.47560555555564,11,0.3568824640876221,ml_v3freq,2026-07
320157,short,2026-07-10 12:45:00,2026-07-10 12:50:00,2026-07-10 13:09:00,4101.458,4106.002583113888,SL,-4.784583113888929,19,0.3617797591287884,ml_v3freq,2026-07
320163,short,2026-07-10 13:15:00,2026-07-10 13:20:00,2026-07-10 13:27:00,4102.303,4093.590564583333,TP,8.472435416666753,7,0.36100766810753393,ml_v3freq,2026-07
320167,short,2026-07-10 13:35:00,2026-07-10 13:40:00,2026-07-10 13:43:00,4097.193,4101.778469567708,SL,-4.82546956770838,3,0.354381142867642,ml_v3freq,2026-07
320170,short,2026-07-10 13:50:00,2026-07-10 13:55:00,2026-07-10 14:21:00,4102.705,4107.295001483681,SL,-4.8300014836806024,26,0.34814334989246465,ml_v3freq,2026-07
320178,short,2026-07-10 14:30:00,2026-07-10 14:35:00,2026-07-10 14:36:00,4089.804,4094.48310403125,SL,-4.919104031250055,1,0.3486240073953428,ml_v3freq,2026-07
320181,long,2026-07-10 14:45:00,2026-07-10 14:50:00,2026-07-10 14:52:00,4107.339,4102.6370578107635,SL,-4.941942189236168,2,0.38107904775595214,ml_v3freq,2026-07
320184,long,2026-07-10 15:00:00,2026-07-10 15:05:00,2026-07-10 15:23:00,4097.348,4106.3953319444445,TP,8.807331944444563,18,0.3767740128800824,ml_v3freq,2026-07
320190,long,2026-07-10 15:30:00,2026-07-10 15:35:00,2026-07-10 15:58:00,4103.374,4112.350045833333,TP,8.73604583333343,23,0.39686214685788856,ml_v3freq,2026-07
320205,long,2026-07-10 16:45:00,2026-07-10 16:50:00,2026-07-10 17:02:00,4107.818,4103.18661204375,SL,-4.871387956250041,12,0.3823726590462552,ml_v3freq,2026-07
320211,long,2026-07-10 17:15:00,2026-07-10 17:20:00,2026-07-10 18:39:00,4104.577,4099.96664061007,SL,-4.850359389930593,79,0.3762148758980031,ml_v3freq,2026-07
320257,short,2026-07-12 22:05:00,2026-07-12 22:10:00,2026-07-12 22:12:00,4090.356,4081.3868520833335,TP,8.709147916666716,2,0.34734376781297616,ml_v3freq,2026-07
320260,short,2026-07-12 22:20:00,2026-07-12 22:25:00,2026-07-12 22:48:00,4082.713,4073.578057638889,TP,8.894942361111156,23,0.3710190026749618,ml_v3freq,2026-07
320267,short,2026-07-12 22:55:00,2026-07-12 23:00:00,2026-07-12 23:50:00,4076.574,4081.4122806350697,SL,-5.078280635069467,50,0.37138281219681035,ml_v3freq,2026-07
320283,short,2026-07-13 00:15:00,2026-07-13 00:20:00,2026-07-13 00:31:00,4082.361,4072.706154861111,TP,9.414845138888925,11,0.3432745059836767,ml_v3freq,2026-07
320288,short,2026-07-13 00:40:00,2026-07-13 00:45:00,2026-07-13 01:07:00,4073.036,4078.174819682639,SL,-5.37881968263891,22,0.34452284216961715,ml_v3freq,2026-07
320295,short,2026-07-13 01:15:00,2026-07-13 01:20:00,2026-07-13 01:27:00,4073.595,4078.865657959722,SL,-5.510657959722244,7,0.3444289889279152,ml_v3freq,2026-07
320304,short,2026-07-13 02:00:00,2026-07-13 02:05:00,2026-07-13 02:35:00,4070.869,4076.205219942014,SL,-5.5762199420139185,30,0.3427418810753169,ml_v3freq,2026-07
320313,short,2026-07-13 02:45:00,2026-07-13 02:50:00,2026-07-13 03:07:00,4069.479,4059.2756673611107,TP,9.963332638888954,17,0.34476377527578433,ml_v3freq,2026-07
320319,short,2026-07-13 03:15:00,2026-07-13 03:20:00,2026-07-13 05:07:00,4059.701,4065.0013932017364,SL,-5.540393201736147,107,0.34929892465284385,ml_v3freq,2026-07
320343,short,2026-07-13 05:15:00,2026-07-13 05:20:00,2026-07-13 05:30:00,4065.834,4055.548320138889,TP,10.045679861111187,10,0.34622669609028267,ml_v3freq,2026-07
320351,short,2026-07-13 05:55:00,2026-07-13 06:00:00,2026-07-13 06:29:00,4053.847,4059.2842713503474,SL,-5.6772713503472625,29,0.3552399076756839,ml_v3freq,2026-07
320373,long,2026-07-13 07:45:00,2026-07-13 07:50:00,2026-07-13 08:06:00,4057.363,4068.012115277778,TP,10.409115277777843,16,0.38071057209682047,ml_v3freq,2026-07
320379,long,2026-07-13 08:15:00,2026-07-13 08:20:00,2026-07-13 09:39:00,4075.017,4069.443644181597,SL,-5.813355818402809,79,0.37303025868174966,ml_v3freq,2026-07
320397,long,2026-07-13 09:45:00,2026-07-13 09:50:00,2026-07-13 10:13:00,4072.616,4067.05286281875,SL,-5.8031371812500385,23,0.39183383701247043,ml_v3freq,2026-07
320404,long,2026-07-13 10:20:00,2026-07-13 10:25:00,2026-07-13 10:41:00,4067.356,4061.798236036111,SL,-5.79776396388892,16,0.397009436694356,ml_v3freq,2026-07
320411,long,2026-07-13 10:55:00,2026-07-13 11:00:00,2026-07-13 12:12:00,4060.514,4054.8533869413195,SL,-5.900613058680583,72,0.37984566659503616,ml_v3freq,2026-07
320428,long,2026-07-13 12:20:00,2026-07-13 12:25:00,2026-07-13 13:39:00,4062.091,4056.2899332618053,SL,-6.041066738194467,74,0.3735958335363575,ml_v3freq,2026-07
320445,long,2026-07-13 13:45:00,2026-07-13 13:50:00,2026-07-13 13:51:00,4050.748,4044.9765375465277,SL,-6.011462453472248,1,0.3738797304594227,ml_v3freq,2026-07
320448,long,2026-07-13 14:00:00,2026-07-13 14:05:00,2026-07-13 14:06:00,4040.274,4034.4400272659723,SL,-6.073972734027808,1,0.3772643319278419,ml_v3freq,2026-07
320474,long,2026-07-13 16:10:00,2026-07-13 16:15:00,2026-07-13 16:27:00,4013.869,4008.1011686350694,SL,-6.0078313649305715,12,0.37448582505605643,ml_v3freq,2026-07
320487,long,2026-07-13 17:15:00,2026-07-13 17:20:00,2026-07-13 17:48:00,4000.945,3995.0996657288197,SL,-6.08533427118058,28,0.37344943361254024,ml_v3freq,2026-07
320498,long,2026-07-13 18:10:00,2026-07-13 18:15:00,2026-07-13 18:18:00,3993.925,3988.0516646788196,SL,-6.113335321180587,3,0.37227636949987697,ml_v3freq,2026-07
320501,long,2026-07-13 18:25:00,2026-07-13 18:30:00,2026-07-14 00:07:00,3995.452,3989.5345876291667,SL,-6.157412370833361,275,0.3725900091406851,ml_v3freq,2026-07
320559,short,2026-07-14 00:15:00,2026-07-14 00:20:00,2026-07-14 00:28:00,3987.81,3993.6672037638887,SL,-6.097203763888913,8,0.3510442293764573,ml_v3freq,2026-07
320569,short,2026-07-14 01:05:00,2026-07-14 01:10:00,2026-07-14 01:17:00,3994.843,4000.8016361388886,SL,-6.198636138888919,7,0.3497235823219258,ml_v3freq,2026-07
320590,long,2026-07-14 02:50:00,2026-07-14 02:55:00,2026-07-14 04:32:00,4010.593,4021.7275131944443,TP,10.89451319444449,97,0.39584440986260694,ml_v3freq,2026-07
320657,long,2026-07-14 08:25:00,2026-07-14 08:30:00,2026-07-14 08:57:00,4021.555,4016.15348395868,SL,-5.641516041319448,27,0.3757558312421854,ml_v3freq,2026-07
320671,long,2026-07-14 09:35:00,2026-07-14 09:40:00,2026-07-14 11:24:00,4016.038,4026.327690277778,TP,10.04969027777779,104,0.3728530884490156,ml_v3freq,2026-07
320699,long,2026-07-14 11:55:00,2026-07-14 12:00:00,2026-07-14 12:08:00,4030.963,4025.64458628125,SL,-5.558413718750013,8,0.3781738454356014,ml_v3freq,2026-07
320703,long,2026-07-14 12:15:00,2026-07-14 12:20:00,2026-07-14 12:30:00,4026.93,4037.1740479166665,TP,10.004047916666687,10,0.37832658233783834,ml_v3freq,2026-07
320708,long,2026-07-14 12:40:00,2026-07-14 12:45:00,2026-07-14 12:46:00,4092.714,4087.040231686111,SL,-5.913768313888898,1,0.37241353468080574,ml_v3freq,2026-07
320712,long,2026-07-14 13:00:00,2026-07-14 13:05:00,2026-07-14 13:23:00,4072.527,4083.6330506944446,TP,10.866050694444462,18,0.3733047569409393,ml_v3freq,2026-07
320718,long,2026-07-14 13:30:00,2026-07-14 13:35:00,2026-07-14 13:52:00,4080.299,4074.4504116385415,SL,-6.08858836145834,17,0.3724959534942011,ml_v3freq,2026-07
320727,long,2026-07-14 14:15:00,2026-07-14 14:20:00,2026-07-14 14:22:00,4072.914,4084.445170138889,TP,11.291170138888893,2,0.37343577649857557,ml_v3freq,2026-07
320730,long,2026-07-14 14:30:00,2026-07-14 14:35:00,2026-07-14 15:04:00,4080.183,4091.8690868055555,TP,11.446086805555563,29,0.37384786917846,ml_v3freq,2026-07
320739,long,2026-07-14 15:15:00,2026-07-14 15:20:00,2026-07-14 15:34:00,4086.956,4081.0059673583337,SL,-6.1900326416666624,14,0.37340642357028986,ml_v3freq,2026-07
320744,long,2026-07-14 15:40:00,2026-07-14 15:45:00,2026-07-14 15:51:00,4074.051,4068.2098603305553,SL,-6.081139669444442,6,0.3982077752308635,ml_v3freq,2026-07
320748,long,2026-07-14 16:00:00,2026-07-14 16:05:00,2026-07-14 16:07:00,4063.975,4058.156515942014,SL,-6.058484057986107,2,0.40064510139417275,ml_v3freq,2026-07
320751,long,2026-07-14 16:15:00,2026-07-14 16:20:00,2026-07-14 17:07:00,4063.052,4057.2236306506948,SL,-6.068369349305555,47,0.3898361482083912,ml_v3freq,2026-07
320767,long,2026-07-14 17:35:00,2026-07-14 17:40:00,2026-07-14 18:32:00,4061.903,4056.1504311121525,SL,-5.992568887847218,52,0.3847864240991884,ml_v3freq,2026-07
320781,long,2026-07-14 18:45:00,2026-07-14 18:50:00,2026-07-15 00:59:00,4049.279,4060.2767618055555,TP,10.75776180555554,307,0.37412681227287664,ml_v3freq,2026-07
320862,long,2026-07-15 02:30:00,2026-07-15 02:35:00,2026-07-15 03:29:00,4035.67,4030.2849766406252,SL,-5.6250233593749925,54,0.37302930219102326,ml_v3freq,2026-07
320880,long,2026-07-15 04:00:00,2026-07-15 04:05:00,2026-07-15 05:11:00,4031.352,4026.060746029861,SL,-5.531253970138881,66,0.372794673392629,ml_v3freq,2026-07
320898,short,2026-07-15 05:30:00,2026-07-15 05:35:00,2026-07-15 05:42:00,4027.888,4033.180067492708,SL,-5.53206749270833,7,0.34729897463442183,ml_v3freq,2026-07
320902,short,2026-07-15 05:50:00,2026-07-15 05:55:00,2026-07-15 07:27:00,4030.536,4020.3024708333332,TP,9.993529166666656,92,0.34397140442291063,ml_v3freq,2026-07
320923,short,2026-07-15 07:35:00,2026-07-15 07:40:00,2026-07-15 07:49:00,4020.625,4025.9997610697915,SL,-5.61476106979167,9,0.3460915570904568,ml_v3freq,2026-07
320927,short,2026-07-15 07:55:00,2026-07-15 08:00:00,2026-07-15 08:48:00,4024.346,4029.733932198611,SL,-5.627932198611112,48,0.34673503849790466,ml_v3freq,2026-07
320944,short,2026-07-15 09:20:00,2026-07-15 09:25:00,2026-07-15 10:14:00,4029.956,4035.3359596774308,SL,-5.619959677430554,49,0.3433917958306971,ml_v3freq,2026-07
320961,short,2026-07-15 10:45:00,2026-07-15 10:50:00,2026-07-15 11:35:00,4028.458,4033.8160659993055,SL,-5.59806599930555,45,0.3455724959362333,ml_v3freq,2026-07
320973,long,2026-07-15 11:45:00,2026-07-15 11:50:00,2026-07-15 12:30:00,4036.712,4047.0224756944444,TP,10.070475694444427,40,0.4076721906817208,ml_v3freq,2026-07
321041,short,2026-07-15 17:25:00,2026-07-15 17:30:00,2026-07-15 17:31:00,4047.267,4051.9491319225694,SL,-4.9221319225694256,1,0.34414212792934207,ml_v3freq,2026-07
321044,short,2026-07-15 17:40:00,2026-07-15 17:45:00,2026-07-15 18:03:00,4062.307,4067.031800189236,SL,-4.964800189236094,18,0.3610752862478878,ml_v3freq,2026-07
321050,short,2026-07-15 18:10:00,2026-07-15 18:15:00,2026-07-15 18:25:00,4067.815,4072.5531697381944,SL,-4.978169738194425,10,0.34680214042378965,ml_v3freq,2026-07
321055,short,2026-07-15 18:35:00,2026-07-15 18:40:00,2026-07-15 18:57:00,4071.055,4061.8794951388886,TP,8.935504861111076,17,0.34785399995663474,ml_v3freq,2026-07
321061,short,2026-07-15 19:05:00,2026-07-15 19:10:00,2026-07-15 19:33:00,4060.729,4051.482705555555,TP,9.006294444444409,23,0.3541683634668306,ml_v3freq,2026-07
321068,short,2026-07-15 19:40:00,2026-07-15 19:45:00,2026-07-15 19:59:00,4051.13,4055.927945789236,SL,-5.037945789236097,14,0.34302114394266764,ml_v3freq,2026-07
321081,long,2026-07-15 20:45:00,2026-07-15 20:50:00,2026-07-15 23:31:00,4061.487,4056.7350678409725,SL,-4.991932159027765,99,0.37512882270969194,ml_v3freq,2026-07
321104,long,2026-07-15 23:40:00,2026-07-15 23:45:00,2026-07-16 00:55:00,4057.629,4052.8696786749997,SL,-4.999321324999991,70,0.39374995306170457,ml_v3freq,2026-07
321122,long,2026-07-16 01:10:00,2026-07-16 01:15:00,2026-07-16 01:17:00,4045.292,4040.404527044097,SL,-5.12747295590277,2,0.37958771194524993,ml_v3freq,2026-07
321164,short,2026-07-16 04:40:00,2026-07-16 04:45:00,2026-07-16 06:35:00,4032.694,4023.542275,TP,8.911724999999983,110,0.3451916691081579,ml_v3freq,2026-07
321195,short,2026-07-16 07:15:00,2026-07-16 07:20:00,2026-07-16 07:47:00,4024.796,4029.540118373958,SL,-4.984118373958326,27,0.34305196010881445,ml_v3freq,2026-07
321203,short,2026-07-16 07:55:00,2026-07-16 08:00:00,2026-07-16 08:32:00,4030.396,4035.1176016565973,SL,-4.961601656597214,32,0.3444096960905647,ml_v3freq,2026-07
321222,short,2026-07-16 09:30:00,2026-07-16 09:35:00,2026-07-16 11:25:00,4031.805,4022.908413888889,TP,8.656586111111103,110,0.34701304663882077,ml_v3freq,2026-07
321257,long,2026-07-16 12:25:00,2026-07-16 12:30:00,2026-07-16 12:35:00,4025.501,4020.6251862114586,SL,-5.115813788541668,5,0.37892931718479383,ml_v3freq,2026-07
321261,short,2026-07-16 12:45:00,2026-07-16 12:50:00,2026-07-16 13:01:00,3999.584,3989.984773611111,TP,9.359226388888889,11,0.34301867404831976,ml_v3freq,2026-07
321348,long,2026-07-16 20:00:00,2026-07-16 20:05:00,2026-07-16 20:19:00,3977.882,3972.715968979514,SL,-5.4060310204861155,14,0.37966804181809255,ml_v3freq,2026-07
321353,long,2026-07-16 20:25:00,2026-07-16 20:30:00,2026-07-16 23:59:00,3975.078,3984.971484027778,TP,9.653484027777782,147,0.3811520219074193,ml_v3freq,2026-07
321385,long,2026-07-17 00:05:00,2026-07-17 00:10:00,2026-07-17 00:34:00,3985.908,3980.7827562232637,SL,-5.365243776736111,24,0.4112041733021676,ml_v3freq,2026-07
321394,long,2026-07-17 00:50:00,2026-07-17 00:55:00,2026-07-17 01:51:00,3987.352,3982.1798854180556,SL,-5.412114581944437,56,0.3756417303556264,ml_v3freq,2026-07
321408,long,2026-07-17 02:00:00,2026-07-17 02:05:00,2026-07-17 02:33:00,3982.928,3977.7003833368053,SL,-5.46761666319444,28,0.37469014228315084,ml_v3freq,2026-07
321416,long,2026-07-17 02:40:00,2026-07-17 02:45:00,2026-07-17 03:02:00,3975.069,3985.070757638889,TP,9.761757638888882,17,0.38123202812235724,ml_v3freq,2026-07
321422,long,2026-07-17 03:10:00,2026-07-17 03:15:00,2026-07-17 03:19:00,3988.458,3998.523702777778,TP,9.825702777777774,4,0.409243614984919,ml_v3freq,2026-07
321425,long,2026-07-17 03:25:00,2026-07-17 03:30:00,2026-07-17 03:48:00,4001.166,3995.875174617361,SL,-5.530825382638884,18,0.3726619337646352,ml_v3freq,2026-07
321431,long,2026-07-17 03:55:00,2026-07-17 04:00:00,2026-07-17 04:23:00,3991.146,3985.8789016975697,SL,-5.507098302430557,23,0.37738260089170894,ml_v3freq,2026-07
321439,long,2026-07-17 04:35:00,2026-07-17 04:40:00,2026-07-17 05:06:00,3983.369,3978.079769915278,SL,-5.529230084722221,26,0.3838789928964325,ml_v3freq,2026-07
321449,long,2026-07-17 05:25:00,2026-07-17 05:30:00,2026-07-17 05:41:00,3979.535,3989.7682847222222,TP,9.993284722222207,11,0.37498122222888575,ml_v3freq,2026-07
321454,long,2026-07-17 05:50:00,2026-07-17 05:55:00,2026-07-17 06:13:00,3990.036,4000.4204277777776,TP,10.144427777777766,18,0.3947171341930539,ml_v3freq,2026-07
321460,long,2026-07-17 06:20:00,2026-07-17 06:25:00,2026-07-17 06:40:00,4003.241,3997.758540447222,SL,-5.722459552777768,15,0.3812071934425667,ml_v3freq,2026-07
321466,long,2026-07-17 06:50:00,2026-07-17 06:55:00,2026-07-17 08:12:00,3997.403,3991.9348862232637,SL,-5.708113776736101,77,0.399416837897296,ml_v3freq,2026-07
321484,long,2026-07-17 08:20:00,2026-07-17 08:25:00,2026-07-17 12:20:00,3992.401,3986.8697925875,SL,-5.771207412499986,235,0.39926188313117894,ml_v3freq,2026-07
321534,short,2026-07-17 12:30:00,2026-07-17 12:35:00,2026-07-17 12:43:00,3981.794,3970.8408951388888,TP,10.713104861111072,8,0.34913667619940125,ml_v3freq,2026-07
321538,short,2026-07-17 12:50:00,2026-07-17 12:55:00,2026-07-17 13:04:00,3968.944,3974.629963215625,SL,-5.9259632156249795,9,0.3556936542094903,ml_v3freq,2026-07
321542,short,2026-07-17 13:10:00,2026-07-17 13:15:00,2026-07-17 13:36:00,3969.913,3975.628448448264,SL,-5.955448448263867,21,0.35037953874191746,ml_v3freq,2026-07
321551,short,2026-07-17 13:55:00,2026-07-17 14:00:00,2026-07-17 14:20:00,3997.391,4003.1397949368056,SL,-5.988794936805536,20,0.3520062919625938,ml_v3freq,2026-07
321558,short,2026-07-17 14:30:00,2026-07-17 14:35:00,2026-07-17 14:47:00,3994.564,4000.1931674350694,SL,-5.869167435069424,12,0.351261350108492,ml_v3freq,2026-07
321563,short,2026-07-17 14:55:00,2026-07-17 15:00:00,2026-07-17 15:04:00,4000.934,4006.533856812153,SL,-5.839856812152758,4,0.34923830147376966,ml_v3freq,2026-07
321566,long,2026-07-17 15:10:00,2026-07-17 15:15:00,2026-07-17 15:47:00,4005.799,4016.703483333333,TP,10.664483333333298,32,0.3838830128975239,ml_v3freq,2026-07
321581,short,2026-07-17 16:25:00,2026-07-17 16:30:00,2026-07-17 18:00:00,4018.754,4008.0511680555555,TP,10.4628319444444,90,0.3519551012115254,ml_v3freq,2026-07
321603,short,2026-07-17 18:15:00,2026-07-17 18:20:00,2026-07-17 20:51:00,4012.022,4017.4561521857636,SL,-5.674152185763864,151,0.3462961773148987,ml_v3freq,2026-07
