tree
version=v4
num_class=1
num_tree_per_iteration=1
label_index=0
max_feature_idx=33
objective=binary sigmoid:1
feature_names=Column_0 Column_1 Column_2 Column_3 Column_4 Column_5 Column_6 Column_7 Column_8 Column_9 Column_10 Column_11 Column_12 Column_13 Column_14 Column_15 Column_16 Column_17 Column_18 Column_19 Column_20 Column_21 Column_22 Column_23 Column_24 Column_25 Column_26 Column_27 Column_28 Column_29 Column_30 Column_31 Column_32 Column_33
feature_infos=[0.22403052449226379:4.806818962097168] [0.027025075629353523:26.170040130615234] [0.17134076356887817:8.6935958862304688] [0.087584272027015686:1] [-28.67047119140625:41.262332916259766] [-36.190670013427734:42.326030731201172] [-36.841156005859375:62.500308990478516] [-45.158794403076172:63.120437622070312] [-22.455821990966797:30.680826187133789] [0:0.95389312505722046] [0:0.64536702632904053] [0:0.40022626519203186] [-0.51016271114349365:0.5480339527130127] [-0.15783818066120148:0.22172828018665314] [-46.22015380859375:17.161741256713867] [-8.3726015090942383:64.2962646484375] [0:1] [0:95] [0:95] [-1:1] [-29.775985717773438:44.984848022460938] [-30.712318420410156:55.0223388671875] [-2.5033562183380127:15.253066062927246] [0.049656935036182404:5.4310722351074219] [-1:1] [0:1] [0:1] [-1:1] [-1:1] [-0.78183150291442871:0.97492790222167969] [-0.90096884965896606:1] [0:1] [0:1] [0.8888888955116272:4.5999999046325684]
tree_sizes=8555 8723 8705 8701 8682 8694 8736 8750 8738 8630 8716 8680 8703 8749 8806 8745 8792 8717 8670 8666

Tree=0
num_leaves=79
num_cat=0
split_feature=30 18 18 16 11 2 12 18 23 23 18 12 30 9 20 27 16 16 15 15 23 16 16 23 16 2 23 2 11 16 11 11 27 4 15 2 27 0 23 20 2 18 12 2 30 30 2 18 9 15 27 2 12 23 27 15 10 4 16 2 15 9 15 15 11 23 15 27 15 10 23 11 27 27 16 2 20 12
split_gain=50.9218 85.5157 45.9836 77.1235 39.7307 26.7544 19.5083 19.6093 18.3744 22.5993 20.5748 18.677 17.7287 16.8116 16.606 16.1099 18.6938 17.0345 25.083 25.0482 25.8443 22.9679 22.4604 22.6966 19.4706 18.065 15.72 15.3 15.1003 15.4217 14.7857 23.4793 36.6141 35.4242 21.5309 30.148 20.8176 19.7826 19.1168 19.8829 19.109 15.6651 16.0425 20.0323 22.4418 22.1423 18.0135 16.9412 16.1453 15.7028 15.5948 14.988 32.0599 21.9808 30.083 25.865 15.3134 14.4285 19.5963 13.7333 15.9093 13.6212 13.5784 22.6509 13.4705 13.3978 13.924 13.3829 19.021 13.2513 12.9499 12.6546 38.156 18.4241 18.9026 16.9438 13.7154 12.611
threshold=-0.56174489110708226 66.500000000000014 64.500000000000014 0.56901651620864879 0.13059411197900775 1.0461871027946474 0.17594856768846515 89.500000000000014 0.75361329317092907 0.36431673169136053 85.500000000000014 0.054999034851789481 0.81174489855766307 0.31489925086498266 -0.82792398333549488 -0.77296444773674 0.73264491558074962 0.81051504611969005 12.249440193176271 21.072254180908207 1.0492808222770693 0.2352627366781235 0.67013385891914379 0.87026691436767589 0.5605292320251466 0.64415258169174205 1.6154612898826601 1.1703734397888186 0.10193643346428873 0.62215879559516918 0.10891903936862947 0.039900701493024833 -0.52803644537925709 1.8296730518341067 26.876390457153324 1.7289149761199953 -0.93585023283958424 0.72537904977798473 1.0988115668296816 -3.4898585081100459 0.57310765981674205 48.500000000000007 -0.0077614998444914809 1.0225979685783388 0.81174489855766307 1.0000000180025095e-35 0.66236114501953136 17.500000000000004 0.20014754682779315 12.638217449188234 -0.84915164113044728 0.79136991500854503 -0.070505890995264039 0.56913918256759655 0.58244305849075328 12.837966442108156 0.063232090324163451 1.5766829848289492 0.2352627366781235 1.4645106792449953 4.6722600460052499 0.16626247763633731 21.745990753173832 17.063308715820316 0.06635871529579164 0.82499003410339367 14.092349529266359 0.79989895224571239 10.831740379333498 0.027110842056572441 0.86375567317008983 0.072328343987464919 -1.0000000180025095e-35 0.91959547996521007 0.46692676842212683 0.59285458922386181 0.75189173221588146 0.0051507793832570323
decision_type=2 2 2 2 2 2 2 2 2 2 2 2 2 2 2 2 2 2 2 2 2 2 2 2 2 2 2 2 2 2 2 2 2 2 2 2 2 2 2 2 2 2 2 2 2 2 2 2 2 2 2 2 2 2 2 2 2 2 2 2 2 2 2 2 2 2 2 2 2 2 2 2 2 2 2 2 2 2
left_child=2 26 15 4 5 57 13 -8 9 10 -3 12 67 -5 -14 16 -1 18 21 20 25 -17 23 24 -23 -19 30 -25 29 -13 31 41 33 36 35 40 61 -38 39 -37 -32 42 43 45 50 47 -47 -2 -46 -43 -45 56 -53 -54 70 64 -34 58 -4 60 -52 -33 63 -15 -56 -20 -67 69 -69 -10 -55 73 -73 74 75 -11 -75 -44
right_child=1 8 3 6 -6 -7 7 -9 11 71 -12 28 14 62 -16 17 -18 19 65 -21 -22 22 -24 27 -26 -27 -28 -29 -30 -31 34 32 51 -35 -36 38 37 -39 -40 -41 -42 49 77 44 48 46 -48 -49 -50 -51 59 52 53 54 55 -57 -58 -59 -60 -61 -62 -63 -64 -65 -66 66 -68 68 -70 -71 -72 72 -74 76 -76 -77 -78 -79
leaf_value=-0.89045056595206062 -0.89378388916344687 -0.86355721878767455 -0.88669204314148276 -0.88921669382197466 -0.823756103290602 -0.88533891882619253 -0.88564757039188979 -0.84622330856075867 -0.87072418953121999 -0.91757971717755571 -0.8977088404836846 -0.88847072848099373 -0.87898347807434285 -0.88188097912600627 -0.90590990545102312 -0.89313520469830254 -0.90996715267744877 -0.87317037845113898 -0.91005219944158844 -0.89259204727200947 -0.89034175873560395 -0.8633692822208745 -0.90281501621378069 -0.89292115738581457 -0.88914924262361628 -0.83395967829609829 -0.89376240323638034 -0.8709593416720991 -0.88949777636519267 -0.90682840022203182 -0.87631021857922153 -0.86161784304274891 -0.89630971785906244 -0.89641084846855745 -0.8630914473393394 -0.84790637815472603 -0.82401200396666963 -0.86289023585131874 -0.89631638486176313 -0.88800479668378551 -0.90530288743997067 -0.90098699562330564 -0.86447147495373045 -0.90460671729308528 -0.8516635831370708 -0.88800479668378551 -0.91010359905664096 -0.8637068243291165 -0.88641552661586986 -0.87305084479283102 -0.8525467397557559 -0.89476852555454833 -0.84570310642964164 -0.90555860661293552 -0.86829328841956932 -0.88800479668378551 -0.88082427823086962 -0.88580234334346653 -0.85296161554085159 -0.89749389939360591 -0.88800479668378551 -0.88800479668378551 -0.8921271635516923 -0.84722302957154783 -0.83501003619592251 -0.90525438100738165 -0.87304526002857819 -0.88800479668378551 -0.8469459443164824 -0.89104059595437535 -0.8811086739458257 -0.88290556110160978 -0.91061725073948241 -0.90843168213587921 -0.91727445511797023 -0.88826673438237613 -0.87564393098409532 -0.88545032363510412
leaf_weight=479.02092359401286 82.274151686578989 55.331639233976603 45.297901283949614 958.98753454349935 43.441572623327374 145.10695799998939 58.620605627074838 48.284400813281536 80.108003107830882 59.194927325472236 88.6461624763906 130.16726096346974 60.516415679827332 117.80995429679751 162.56028379127383 465.94021635130048 127.86819352395833 57.362498488277197 142.80137200281024 104.54551709070802 51.624686647206545 257.20682306215167 75.782647321000695 216.34586024098098 73.744269113987684 53.232695292681456 508.23240766860545 88.66826780512929 293.64234579727054 408.34226834401488 49.570988776162267 89.454579848796129 306.20840118452907 68.472519127652049 45.161276381462812 52.691373493522406 46.66779631190002 95.822586175054312 66.790374236181378 44.657584097236395 334.04823165759444 278.66806340403855 112.56148947030306 80.233703730627894 71.153437117114663 120.72857104614377 193.77073088474572 64.279045844450593 49.113759120926261 43.721231432631612 47.495835769921541 187.14786415547132 52.796986827626824 65.344131741672754 71.628914225846529 66.986007608473301 223.6974023655057 48.992356976494193 250.51215385086834 56.897435534745455 54.854668695479631 75.951723447069526 71.079278234392405 59.072668757289648 53.362555705010891 49.474993115290999 53.325185470283031 44.091569671407342 42.592580264434218 302.97642851434648 119.93313139863312 198.97652526758611 200.85888555087149 41.32337798178196 344.52823789231479 124.48015885613859 58.208745650947094 134.6823560167104
leaf_count=6107 1102 546 707 10708 525 1882 732 551 978 737 949 1602 695 1311 1836 6639 1477 566 1543 1407 606 3106 816 2688 842 551 6214 1229 3211 4841 682 1059 3800 818 735 683 508 1320 810 478 4367 3396 1354 990 835 1545 2402 830 661 540 498 2413 585 788 705 674 2771 632 3252 642 655 1011 829 618 602 547 693 598 469 3383 1484 2259 2358 510 4048 1454 748 1743
internal_value=-0.888005 -0.890546 -0.88414 -0.878807 -0.864281 -0.868475 -0.884795 -0.866519 -0.896805 -0.901113 -0.884601 -0.893437 -0.887987 -0.886521 -0.89836 -0.888416 -0.894762 -0.886155 -0.88811 -0.875703 -0.86468 -0.885378 -0.880231 -0.877386 -0.869203 -0.852619 -0.88635 -0.886554 -0.898012 -0.902518 -0.885257 -0.883918 -0.880026 -0.867768 -0.89174 -0.894357 -0.861215 -0.848396 -0.878384 -0.86576 -0.901347 -0.888157 -0.885537 -0.888555 -0.880626 -0.894858 -0.901658 -0.880615 -0.864945 -0.896909 -0.888555 -0.884148 -0.879343 -0.872517 -0.87681 -0.864378 -0.889676 -0.861632 -0.857876 -0.880553 -0.870675 -0.873235 -0.876053 -0.869378 -0.852478 -0.901235 -0.888157 -0.882912 -0.867178 -0.886781 -0.889667 -0.903478 -0.896794 -0.907574 -0.910937 -0.898411 -0.889055 -0.875478
internal_weight=0 6711.61 4144.15 1847.21 533.351 489.909 1313.85 106.905 2696.55 1171.55 143.978 1525 692.845 1206.95 223.077 2296.94 606.889 1690.06 1423.29 266.765 162.22 1177.69 711.748 635.965 330.951 110.595 4015.06 305.014 832.152 538.51 3506.83 2913.91 1523.47 376.369 592.92 547.759 307.897 142.49 164.139 97.349 383.619 1390.43 1068.05 820.801 359.749 461.052 314.499 146.553 120.267 322.389 239.482 1147.11 617.2 430.052 377.255 191.977 529.906 344.802 295.81 159.248 102.351 165.406 247.962 176.883 124.991 245.602 102.8 469.769 86.6841 383.084 185.277 1027.57 399.835 627.735 528.203 183.675 99.5321 247.244
internal_count=131486 80922 50564 21747 6998 6473 14749 1283 31222 13609 1495 17613 7959 13466 2531 28817 7584 21233 18103 3130 1723 15320 8681 7865 3948 1117 49700 3917 9654 6443 43486 35731 18538 4716 7755 7020 3898 1828 1971 1161 5049 17193 13257 10160 4281 5879 3947 1932 1496 3936 2785 13822 7251 4838 4253 1981 6571 4591 3959 1795 1153 2070 2758 1929 1307 2783 1240 5428 1067 4361 2272 12114 4617 7497 6239 2191 1258 3097
is_linear=0
shrinkage=1


Tree=1
num_leaves=79
num_cat=0
split_feature=14 22 14 13 11 31 15 11 12 11 20 27 15 15 33 22 22 27 15 14 22 33 15 27 27 27 33 15 14 14 12 13 15 10 22 20 27 27 15 14 33 11 15 15 11 20 10 22 10 13 20 4 10 10 10 13 27 13 33 10 10 10 11 15 10 14 13 11 6 1 13 4 12 14 15 27 33 20
split_gain=46.9236 48.7294 44.8457 31.0188 23.0489 34.4537 29.6544 26.4893 36.3615 21.6143 26.8532 24.3001 21.2927 41.5165 27.4155 21.4752 19.7322 18.8107 22.6691 19.5906 31.8478 25.559 19.4184 19.1254 17.1522 19.3604 16.309 17.117 24.7787 21.3714 40.5294 33.5676 35.2684 21.7125 31.6721 20.1223 19.5769 18.5251 59.0943 16.0253 15.6944 15.4462 27.7075 15.0631 14.6898 14.2003 34.4679 13.7084 13.6264 13.1841 13.1471 12.9116 12.4763 12.3929 12.3909 16.5218 12.7349 12.3219 12.17 12.1181 12.0651 18.1317 12.045 11.6255 11.597 18.3961 15.0797 13.1732 11.4243 11.2591 10.8971 14.6482 11.4627 11.1717 10.3206 10.3044 10.1998 14.061
threshold=-8.2964134216308576 -0.2554259300231933 -16.364603042602536 -0.089664563536643968 0.065786603838205351 1.0000000180025095e-35 8.5616979598999041 0.010285087861120703 -0.029993740841746327 0.044431338086724288 2.3322769403457646 0.91080963611602794 9.3802256584167498 3.8616328239440922 0.99611112475395214 -0.68694221973419178 -0.3613524436950683 0.69930991530418407 9.6255578994750994 -6.6399323940277091 -0.67286759614944447 0.89692735671997081 7.8780562877655038 0.9279436767101289 -0.52803644537925709 0.010907442308962408 0.99472221732139599 21.072254180908207 -3.7119916677474971 -2.937862634658813 0.072384495288133635 0.03166488744318486 19.475193977355961 0.13042665272951129 -0.34003935754299158 5.6989121437072763 0.58244305849075328 0.37256073951721197 24.451176643371586 -5.9642775058746329 0.97973212599754345 0.16979900002479556 29.468516349792484 3.9218869209289555 0.084352742880582823 1.0715897083282473 0.14472903311252597 -0.97612729668617237 0.067845553159713759 0.080516409128904357 -0.6327945590019225 0.81994861364364635 0.11216091364622117 0.023032627999782566 0.14590273052453998 0.026791931129992012 0.054511256515979774 0.0004132431786274538 0.89692735671997081 0.11032747477293016 0.055951772257685668 0.1169332303106785 0.10992868617177011 7.5620722770690927 0.15966962277889254 -1.3132733702659605 0.076592281460762038 0.14544823765754702 11.835104465484621 1.4037782549858095 -0.002079250523820519 2.2765977382659917 -0.029246763326227661 -5.3145229816436759 25.840270996093754 -0.20576497167348859 0.99393379688262951 -0.85965570807456959
decision_type=2 2 2 2 2 2 2 2 2 2 2 2 2 2 10 2 2 2 2 2 2 10 2 2 2 2 8 2 2 2 2 2 2 2 2 2 2 2 2 2 10 2 2 2 2 2 2 2 2 2 2 2 2 2 2 2 2 2 10 2 2 2 2 2 2 2 2 2 2 2 2 2 2 2 2 2 10 2
left_child=1 3 -3 75 5 17 7 -7 -9 11 12 47 13 24 63 -16 39 19 22 48 21 -21 23 -19 59 -26 -6 29 37 -28 31 -31 33 34 -33 62 41 49 -39 -8 -12 64 -43 -13 60 50 51 52 -2 68 -20 -47 -5 -18 55 56 -4 -10 -41 -11 -14 -62 -32 -15 66 67 -30 -66 -29 70 71 73 -72 -22 -38 -1 -49 -78
right_child=4 2 54 9 26 6 16 8 57 10 40 43 44 14 15 -17 53 18 45 20 69 -23 -24 -25 25 -27 27 28 36 30 35 32 -34 -35 -36 -37 74 38 -40 58 -42 42 -44 -45 -46 46 -48 76 -50 -51 -52 -53 -54 -55 -56 -57 -58 -59 -60 -61 61 -63 -64 -65 65 -67 -68 -69 -70 -71 72 -73 -74 -75 -76 -77 77 -79
leaf_value=0.0044007832658016031 -0.0083982892655288487 -0.00962234058312114 -0.0050859660288952524 0.0023335316033518687 0.025866341723564786 -0.0078935212916163254 0.0053704610285716346 -0.0076969565860114005 0.021382276208206211 0 -0.02638918171660588 -0.00028169720803131231 -0.0085544847719586457 0.0084985344604949012 0.051227526212734645 0.024354035129528911 0.021745390818673025 0.020980952649547722 0.01183779169242735 -0.0094537477632570047 -0.0090231158003025325 -0.035020971768899574 -0.024720606255278985 -0.01246609108517711 -0.019544719820147674 0.0070439485417858683 -0.0015301713315552321 -0.0063096905331376735 -0.0059611341521506106 -0.0058362472393849287 -0.024256041598923264 0.058438904744281553 -0.00030849713096775002 0.0078196282678276215 0.017619571701372658 0.0098319046393029966 -0.029747208886045939 -0.013180633771032216 0.05101078930701395 -0.0056261453176954393 0.0090426133400190716 0.030002828105711549 -0.0083598838169837691 0.030936637601007878 -0.014496158515024239 0.048629893208042382 -0.0041294640700387918 0.0034001441035257977 0.0072115511323817801 -0.016357528952626429 -0.015199738242199551 0.013244163777879417 0.033380415628781149 -0.00032848626315273041 0.011142416012573061 0.014158720477900689 0.0046004310437000586 0.05279676898544023 -0.033467037448864576 0.027645284543401111 0.037167138173003961 -0.0010551365000619772 0.0011874874734393848 0.030116853217850001 -0.0018077776041970093 -0.016489007257713226 -0.037789402492015511 0.027123253311500665 0.025064900847492213 -6.4670498722432495e-05 -0.028074548917773678 0 -0.0052944132516549013 -0.037980594148242106 -0.0080192586948247789 -0.016871972825082144 0.00098502157269916759 -0.0180169800989993
leaf_weight=66.669239738956094 302.48736856877804 841.39203450456262 628.20693910494447 72.623780218884349 47.501915618777275 67.736659172922373 55.165013501420617 49.151525415480137 74.803023055195808 48.484617240726948 50.150182930752635 42.377985954284668 42.397578658536077 205.1048704944551 114.02122714370489 187.59071999043226 55.093933328986168 52.5689548086375 57.333742180839181 145.74219500645995 50.685355307534337 211.15922068059444 115.58080658689141 89.828798372298479 69.758506655693054 236.65966543182731 899.73431522957981 43.5564274340868 80.79606806859374 89.438649334013462 99.352843506261706 99.791937928646803 80.963884966447949 57.77718941308558 77.893698144704103 110.30173933319747 115.55054932460189 51.998720297589898 58.515992039814591 62.42181521654129 43.663704358041286 63.265099212527275 86.143703760579228 95.747915621846914 72.173926163464785 50.044768525287509 101.18764142692089 363.51997036486864 179.1658294685185 75.030391067266464 87.173535378649831 50.104910625144839 42.874722382053733 436.15459026768804 327.20850813575089 172.78684581816196 497.73733963258564 57.838434047996998 83.110997714102268 105.61408100649714 49.250291097909212 44.407696468755603 55.040063325315714 72.920779189094901 85.798944164067507 107.76693269237876 52.929204156622291 45.359453950077295 42.029383081942797 238.8831368945539 49.203549603000283 49.944736611098051 442.34086526557803 89.545736752450466 91.134454363957047 126.10909517668188 167.56743643432856 142.55709811300039
leaf_count=815 3900 11557 7931 1200 286 793 617 551 924 681 883 565 570 3641 727 1217 645 659 714 2655 603 1335 1308 1050 978 3441 9776 611 1043 892 1107 906 836 547 748 1127 1384 657 815 965 273 659 1229 1260 956 533 1226 6446 2227 950 946 536 611 5081 4031 2251 6499 672 529 1445 623 501 413 1228 1054 1283 613 493 474 2822 509 636 5097 1055 1185 1556 1102 926
internal_value=0 0.003386 -0.00111249 0.00790794 -0.00261591 -0.00513945 0.00216804 0.0154987 0.0244591 0.00940768 0.0131054 0.00396891 0.0148851 0.0175367 0.0256315 0.0352217 -0.00263194 -0.00807029 -0.00104661 -0.0104455 -0.0133933 -0.0249408 -0.0112198 0 0.0071073 0.000656219 0.000554156 2.70793e-05 -0.00459276 0.003004 0.00913253 0.0181158 0.0250262 0.0337978 0.0416111 -0.00452633 -0.00897535 0.00696788 0.020989 -0.0145236 -0.00971074 -0.00410042 0.00793267 0.0212827 0.0013269 0.00644494 0.0141918 0.000782938 -0.00247948 -0.00266471 -0.00411369 0.0326073 0.0150131 0.00220757 0.00327434 0.00122586 -0.000759658 0.0366056 -0.0223313 0.0192784 0.0102466 0.0192584 -0.015081 0.0146955 -0.0090881 -0.00273947 -0.0196597 0.00835404 0.0089937 -0.00877339 -0.0117353 -0.0210592 -0.00788574 -0.0284039 -0.0207392 -0.00932869 -0.00166069 -0.0077152
internal_weight=0 4929.58 2467.33 2462.25 5922.13 3304.46 941.476 249.53 181.793 2269.47 1342.2 927.269 1248.38 1040.15 579.638 301.612 691.946 2362.98 603.823 1759.16 1277.5 356.901 257.979 142.398 460.517 306.418 2617.67 2570.17 999.875 1570.29 670.56 405.865 316.427 235.463 177.686 264.695 728.744 271.131 110.515 200.698 93.8139 522.059 149.409 138.126 208.229 345.845 201.337 789.143 481.653 160.616 144.507 100.15 115.499 491.249 1625.94 1298.73 1125.94 132.641 145.533 154.099 136.056 93.658 154.393 278.026 372.651 238.925 133.725 131.158 85.5858 920.603 681.72 190.176 491.544 140.231 206.685 192.778 673.645 310.125
internal_count=131590 63914 32269 31645 67676 38588 10777 2940 2147 29274 17164 12110 16008 13358 6813 1944 7837 27811 6972 20839 14712 3990 3017 1709 6545 4419 29088 28802 12450 16352 6576 3929 3037 2201 1654 2647 8943 3507 1472 2111 1156 6374 1888 1825 2650 3955 2295 10285 6127 2035 1660 1069 1811 5726 20712 16681 14430 1596 1494 2126 1694 1124 1520 4869 4486 2830 1656 1547 1085 10722 7900 2294 5606 1658 2569 2371 8474 2028
is_linear=0
shrinkage=0.0454652


Tree=2
num_leaves=79
num_cat=0
split_feature=30 28 16 16 16 13 3 16 15 22 33 3 10 3 13 3 10 15 23 10 31 30 33 4 3 13 13 33 13 7 16 23 16 13 16 7 28 3 13 28 23 15 3 16 23 3 23 3 3 7 4 13 28 15 7 3 33 13 3 10 13 3 10 7 33 16 28 13 10 13 23 33 3 3 22 3 10 10
split_gain=41.9975 47.2685 58.3365 58.0324 53.0319 42.0065 40.7344 34.7872 33.1696 52.9327 30.7856 29.3623 33.6001 26.3102 26.1602 24.7656 23.9663 22.9088 20.6968 26.0093 27.6181 22.5924 20.258 22.5943 19.0054 38.2239 25.9584 23.1557 41.6917 23.6189 27.4589 19.0665 17.4958 33.6166 18.7435 16.4623 16.2479 31.9726 53.7842 27.8814 18.9515 18.8498 21.3199 17.2118 18.2304 20.8456 15.316 15.165 15.1225 14.9254 14.853 14.4225 15.7188 14.2186 17.7076 17.2032 13.5522 13.6863 13.4231 13.2312 13.0488 12.8306 19.0694 16.7078 12.5315 24.6563 12.5018 11.4887 15.5632 11.3743 16.8023 11.3637 11.3093 11.1462 11.0606 10.9753 10.6896 15.1348
threshold=-0.56174489110708226 0.24825246632099154 0.5605292320251466 0.21603913605213168 0.78121408820152294 -0.089664563536643968 0.85921365022659313 0.26187747716903692 4.0414845943450937 -0.75305223464965809 1.0013927817344668 0.47990612685680395 0.12514727562665942 0.7532261610031129 -0.057725427672266953 0.7461337447166444 0.13042665272951129 8.004404544830324 0.84766423702240001 0.042358286678791053 1.0000000180025095e-35 1.0000000180025095e-35 0.99611112475395214 -1.5774660110473631 0.53103497624397289 0.062298079952597625 -0.078442167490720735 0.99611112475395214 -0.020505220629274842 11.583373546600344 0.67013385891914379 0.9370332956314088 0.46251562237739569 0.03166488744318486 0.35571028292179113 -5.2186958789825431 -0.37256073951721186 0.30970013141632086 -0.026348088867962357 0.83743050694465648 0.75361329317092907 15.351142883300783 0.23967540264129641 0.91319802403450023 0.56913918256759655 0.44299618899822241 0.33501811325550085 0.46072389185428625 0.46304996311664587 10.366408824920656 1.3005262613296511 -0.017401036806404587 0.39271505177021032 5.4268288612365732 -13.776227951049803 0.43329668045043951 0.97973212599754345 0.059523912146687515 0.7532261610031129 0.092653948813676848 0.027328005991876129 0.58375570178031932 0.19702477753162387 4.1730041503906259 0.97973212599754345 0.44977150857448583 0.5464349389076234 0.014460009057074787 0.061737047508358962 0.01874298416078091 0.97424143552780162 0.99611112475395214 0.38550586998462683 0.49745558202266699 -0.59615936875343312 0.3273910135030747 0.030678845010697845 0.14590273052453998
decision_type=2 2 2 2 2 2 2 2 2 2 8 2 2 2 2 2 2 2 2 2 2 2 10 2 2 2 2 10 2 2 2 2 2 2 2 2 2 2 2 2 2 2 2 2 2 2 2 2 2 2 2 2 2 2 2 2 10 2 2 2 2 2 2 2 10 2 2 2 2 2 2 10 2 2 2 2 2 2
left_child=1 24 3 -3 16 71 10 8 15 -10 35 -6 -13 18 -12 -7 58 -16 21 20 60 32 51 -24 25 26 -1 -28 -29 30 -30 -27 34 48 -9 -5 40 38 -38 43 -23 -40 -43 44 -39 -46 -41 -22 59 64 -48 52 -17 54 -11 -56 57 -14 -4 -34 -20 62 66 -63 -15 -66 72 68 -47 -65 -71 -2 75 -62 -67 -21 -35 -78
right_child=5 2 4 6 11 7 -8 13 9 53 14 12 56 49 17 22 -18 -19 19 61 47 36 23 -25 -26 31 27 28 29 -31 -32 -33 33 76 -36 -37 37 39 41 46 -42 42 -44 -45 45 67 50 -49 -50 -51 -52 -53 -54 -55 55 -57 -58 -59 -60 -61 73 63 -64 69 65 74 -68 -69 -70 70 -72 -73 -74 -75 -76 -77 77 -79
leaf_value=-0.014954329953692095 -0.011145175376172215 0.0011233662485616806 -0.021879961571450588 0.063380246507610663 -0.00070639912007384683 -0.0037838222203884137 -0.0022498243401244725 -0.0007183835167262093 0.060560123214473238 -0.0024308508499728048 -0.012081211375303397 0.049422855812518783 -0.01754768366436716 -0.0062211027192256782 0.039012064004283545 -0.001371469046299032 0.011131448416198855 0.0040275131182971446 -0.0043970784812171941 -0.0066779982573681399 0.010028564570063505 -0.032162993092797847 0.0035106761270563961 0.036373971386883308 -0.0038370830391562115 -0.026982728538492894 0.00307990403843534 0.044039364060972037 0.015267938617308309 0.029356048593672322 -0.014800164701739404 0.0020383549334324824 -0.014047301420002479 -0.0082396275535085595 0.029538653567211932 0.032236897168280695 -0.030368219696225461 0.01996991705392662 0.044509183248649088 0.0026662334312474328 -0.0055376695723962669 0.032640951463264199 -0.007378658601654672 -0.027243474731788401 -0.017992304346082642 -0.020498263096849965 -0.024233613093457087 0.035306569829444169 -0.026092380543594525 0 -6.0509845362924783e-05 -0.0099715725345273249 0.035081742910575718 -0.0072572518952810196 0.046812770213792078 0.010085673908625567 0.022975106457392504 0.017427321470976916 0.0025330509303767455 0.01534322442513349 0.00018493275804882907 -0.0054948376926123093 -0.024834892197605707 0.026458812626140839 -0.0020503027775849126 -0.039335236236742788 0.0090574353103400028 0.015721780728933363 0.008824901333738918 -0.015924353371305495 0.012642108751949618 -0.035400317585233779 -0.0091510237136356882 0.031136084156898232 -0.018524078806289878 0.016568608334107924 0.021894218404234677 -0.0062125885407114789
leaf_weight=93.202734924852848 94.702934511005878 252.86367891356349 237.62416376359761 84.159723922610283 203.48901586048305 756.12606486678123 73.761818313971162 75.966359267011285 46.575258437544107 65.548062516376376 36.433558121323586 65.676373681053519 47.355737250298262 419.38902853615582 124.81950570829213 54.195264743641019 71.983497735112906 61.443375039845705 222.13419867306948 78.664304615929723 112.8051054738462 112.59326344542205 86.023862466216087 93.262224227190018 1379.4979772120714 107.16640046611428 529.59974391572177 92.01492340862751 139.0198488086462 86.939034603536129 107.12759786099195 74.775440894067287 79.311639700084925 48.420701939612627 83.082346301525831 105.9452717974782 46.274776281788945 82.298361802473664 53.780691828578711 64.40519206225872 118.88658325374126 45.045930713415146 56.640643376857042 44.845650652423501 125.7108357809484 61.454232418909669 337.35904135555029 102.24435670487583 111.49622297100723 262.3228926435113 66.920529022812843 115.74911827594042 36.782692776992917 72.392163760960102 46.460266267880797 70.799399022012949 91.140872545540333 37.523873686790466 52.382679572328925 46.222603278234601 54.932259170338511 207.05408293940127 86.013900464400649 72.576961418613791 155.7106906697154 82.678957514464855 147.10877737402916 103.40297491289675 81.150793198496103 51.729011569172144 166.4656846113503 87.431075379252434 451.24131665565073 43.807052413001657 237.0214129909873 78.307707320898771 143.83268940262496 48.692680217325687
leaf_count=920 1733 3567 2646 530 2286 10117 880 886 573 888 670 670 877 7862 2176 1017 855 1119 2620 1096 1368 1260 530 564 16787 1318 9103 591 891 531 667 1039 946 629 1003 687 559 1080 665 666 1279 515 814 441 1509 741 3738 1211 1269 3341 869 2098 669 950 540 865 599 639 644 473 663 2524 944 779 985 529 1528 1181 970 504 1889 569 5184 531 1564 943 1690 503
internal_value=0 0.00355656 0.00984375 0.0190371 0.00130841 -0.00225927 0.0281605 -0.00164147 0.00456131 0.0178682 0.0336802 0.0118225 0.0224056 -0.00341986 0.02118 0.000951669 -0.0114764 0.0280619 -0.00161945 0.00180704 0.010243 -0.00479354 0.0102951 0.0213013 -0.000160866 0.00392221 0.00730127 0.00957932 0.0174564 0.00952353 0.00195886 -0.0150104 0.00223609 -0.00204572 0.0151319 0.0473186 -0.00802232 -0.0057432 0.0104605 -0.00920179 -0.0190287 0.0233853 0.0104643 -0.0015824 0.00106614 -0.00316093 -0.0171248 0.0227036 -0.014165 -0.00943895 -0.0203923 0.000290738 0.0137278 0.00905711 0.0157961 0.0261257 0.0111618 -0.00144724 -0.0173305 -0.00270666 0.0015614 -0.00155356 -0.00499436 0.00415761 -0.0122236 -0.0173189 -0.0025493 0.004393 -0.00369803 0.0111773 0.00548199 -0.0235717 -0.005478 0.0150827 -0.0244852 0.00474213 0.00971496 0.0145561
internal_weight=0 4155.95 1546.6 739.427 807.176 6696.05 486.563 6513.92 1443.91 301.775 412.801 445.186 241.697 5070 222.696 1142.14 361.99 186.263 3912.88 1875.08 535.923 2037.79 386.013 179.286 2609.34 1229.85 1047.9 954.701 425.101 333.086 246.147 181.942 637.025 477.977 159.049 190.105 1400.77 1169.29 201.742 967.548 231.48 155.467 101.687 498.863 454.017 371.719 468.685 215.049 237.03 1157.12 404.28 206.727 90.978 255.2 182.808 117.26 176.02 84.8796 290.007 125.534 320.874 1339.16 841.336 497.826 894.8 475.411 755.322 246.008 142.605 290.772 218.195 182.134 608.213 98.7393 319.7 156.972 240.946 192.525
internal_count=131556 50692 18845 9629 9216 80864 6062 78562 18811 3816 5182 5071 2785 59751 3965 14995 4145 3295 45470 21784 6393 23686 4878 1094 31847 15060 12703 11783 2680 2089 1558 2357 7399 5510 1889 1217 16287 13748 2553 11195 2539 1994 1329 5922 5481 4401 5273 2579 2688 14281 4607 3784 1686 3243 2293 1405 2115 1516 3290 1419 3814 15391 9695 5696 10940 3078 8751 2892 1711 3172 2393 2302 7223 1194 2093 2039 2822 2193
is_linear=0
shrinkage=0.0454652


Tree=3
num_leaves=79
num_cat=0
split_feature=29 16 0 30 18 6 21 11 18 21 11 0 31 11 30 11 18 21 11 0 6 29 18 11 0 21 0 11 6 17 21 6 6 20 29 21 6 5 30 17 11 21 4 5 16 0 5 17 16 16 1 11 16 1 11 21 11 20 17 21 21 6 16 0 0 17 4 20 11 11 16 20 16 20 30 0 5 21
split_gain=52.5689 32.4743 40.1038 49.4026 46.0874 39.8638 44.0511 34.1656 28.9023 23.7646 22.8761 23.7291 26.416 22.6508 18.6306 25.1417 23.251 34.2442 18.5903 17.1499 15.196 16.4794 24.2803 23.853 23.423 15.0736 14.3731 15.0425 18.7562 16.0224 13.9465 13.3644 22.2429 25.3437 14.7742 14.3051 13.3067 13.3033 16.5283 13.2774 12.4704 25.8604 12.3272 15.7756 12.2372 12.2273 11.916 11.8657 11.8633 11.7494 11.5445 11.4881 11.3381 13.4491 15.597 10.8928 15.9283 10.4625 10.2071 23.7629 14.7233 9.79634 9.72204 9.51668 15.2871 9.38856 10.9446 9.08273 10.2098 10.5313 10.7588 8.87448 13.2933 9.01532 8.7934 8.69524 8.57291 11.1321
threshold=-0.60785761475563038 0.54370462894439708 1.0123529434204104 -0.56174489110708226 56.500000000000007 -9.5234985351562482 -7.3142969608306876 0.12815637141466144 55.500000000000007 4.2223539352417001 0.044431338086724288 0.45282396674156195 1.0000000180025095e-35 0.061258245259523399 0.81174489855766307 0.14372484385967257 66.500000000000014 2.2504161596298222 0.06635871529579164 0.80734738707542431 -1.0174492001533506 0.87837970256805431 33.500000000000007 0.050620885565876968 0.77999582886695873 -11.251238346099852 0.80439895391464245 0.12941466271877292 16.333439826965336 12.500000000000002 6.1631405353546151 11.162145137786867 6.6886284351348886 0.65394660830497753 1.0000000180025095e-35 8.3866477012634295 7.4608004093170175 -4.4769313335418692 1.0000000180025095e-35 49.500000000000007 0.084352742880582823 7.4175462722778329 1.6944796442985537 -0.56843864917755116 0.42369018495082861 0.87920165061950695 -0.038754004985094063 87.500000000000014 0.29405447840690618 0.33027480542659765 1.8148767352104189 0.037095515057444579 0.73633900284767162 0.79681864380836498 0.054824583232402808 -8.9197611808776838 0.1373771205544472 0.37425710260868078 10.500000000000002 4.1396822929382333 4.2223539352417001 3.5043607950210576 0.68113464117050182 0.60869732499122631 0.78919142484664928 58.500000000000007 -0.033244684338569634 1.3402788639068606 0.037095515057444579 0.080138288438320174 0.30574600398540502 -0.96200600266456593 0.34694375097751623 1.4790053367614748 0.81174489855766307 0.85120758414268505 -3.3000402450561519 -3.7436084747314449
decision_type=2 2 2 2 2 2 2 2 2 2 2 2 2 2 2 2 2 2 2 2 2 2 2 2 2 2 2 2 2 2 2 2 2 2 2 2 2 2 2 2 2 2 2 2 2 2 2 2 2 2 2 2 2 2 2 2 2 2 2 2 2 2 2 2 2 2 2 2 2 2 2 2 2 2 2 2 2 2
left_child=9 2 3 4 13 55 -7 42 20 -1 61 -12 -13 57 18 16 17 -16 19 36 21 22 39 49 -23 47 31 -28 -29 -30 75 32 33 34 -20 -35 58 38 -27 -8 -36 -42 43 44 48 -22 -15 -4 -6 -24 -40 -26 62 54 -54 56 -5 -2 59 -3 65 71 -18 -45 -65 -60 -67 68 -39 70 74 72 -10 -73 -70 -19 -41 -78
right_child=1 14 25 5 7 6 8 -9 10 -11 11 12 -14 46 15 -17 52 30 26 -21 45 24 23 -25 51 37 27 28 29 -31 -32 -33 -34 35 40 -37 -38 67 50 76 41 -43 -44 63 -46 -47 -48 -49 -50 -51 -52 -53 53 -55 -56 -57 -58 -59 60 -61 -62 -63 -64 64 -66 66 -68 -69 69 -71 -72 73 -74 -75 -76 -77 77 -79
leaf_value=-0.038944337746575096 0.0087980209603349298 -0.0074624338441609027 -0.0032262321507861738 0.045403634337299055 0 -0.017846108385900516 0.018543749508502811 0.057261739336534632 0.014855531283461045 -0.0003592966248612573 0.033086416344676225 -0.0089246114020507371 0.019338651404696185 0.0024600493546390822 -0.018278076149035295 0.011012530693946736 -0.01543006816052845 0.025787993270247726 0.014335839125048563 -0.00018380142280801834 -0.0081919881136630467 0.037487503099517587 -0.0074120899071544013 0.045812072407017776 -0.0054534925161570233 -0.0010069694296141046 0.0029415276492489933 -0.011769818136119731 -0.0041358640470168205 0.02850624324785626 -0.008875320645332533 0.025656446543831802 -0.011121773274423921 0.02658224848453291 0.011055480404390807 0.0029128947505230513 -0.023902181520804786 -0.010679286786751771 0.018781261808524206 -0.016079872357410336 -0.028584519950698283 0.011530181122568373 0 0.040342881161279799 -0.012464969686182605 0.013990501870851851 -0.016964708697182689 -0.021510879210696204 0.035197978433055867 0.022929156050612395 -0.0046475671578953496 0.022262600067269725 -0.0087743125500265272 -0.011394504766394638 -0.04205317224163449 0.0069585761806394107 0.0085064786576300681 0.028531818625562425 -0.01144341070752976 0.025757636515702721 -0.025027022279947402 0.0046727392738967356 0.0073658379207489173 0.0088978442978002604 0.036430124003803965 0.0099053813005061178 -0.0079841060797569158 0.0067282848573038904 0.0048101974261159416 -0.010254246244445764 -0.0039230585224898588 -0.024784517384489484 -0.018706877918971916 -0.00035028288282714092 0.029507273446898737 0.0042976888399189877 0.014947636776427036 -0.0083998087990237169
leaf_weight=98.107680028304458 324.0698752719909 139.33858541212976 183.83432289958 62.964957252144814 38.691091891378164 245.37054407410324 55.669003641232848 55.117310006171465 41.781361132860184 52.652438024058938 45.562826178967953 230.08255668915808 92.306338803842664 183.40310091897845 159.40160931833088 123.77391525171697 99.253232531249523 83.349018305540085 91.463942818343639 1367.4618514906615 172.12924994342029 101.31997051090002 50.059925919398665 50.067228473722935 63.362198889255524 375.3216483220458 989.23705897480249 374.88535650074482 74.612543307244778 45.93488036096096 61.182509461417794 72.38954502157867 131.16228670068085 178.58662583120167 48.321111273020506 82.651690479367971 97.553635772317648 394.18736033327878 199.03901665471494 91.243985619395971 90.177675671875477 46.396054783836007 55.589111598208547 95.115505285561085 38.328211331740022 67.796318121254444 93.989843027666211 129.35828477144241 35.182411419227719 45.411311876028776 49.566711312159896 50.894632780924439 48.856639498844743 134.2209508176893 104.74714826233685 73.796920884400606 47.235825553536415 69.837971044704318 297.80574797838926 60.007963221520185 97.448742877691984 54.29059712216258 55.367460090667009 112.4788177870214 73.255497310310602 125.4622495174408 151.41542550176382 144.53006471693516 105.4066555313766 152.74907585792243 154.26121647283435 173.81721588224173 47.100127639248967 42.955864993855357 42.866906397044659 85.273658072575927 66.370764678344131 100.28902929462492
leaf_count=1206 4201 1577 2260 876 671 3333 666 600 548 602 467 2750 1048 2611 1900 1349 1242 976 1072 15923 2209 1296 620 570 665 4680 10886 4051 901 590 753 947 1477 1777 627 994 1261 4950 2323 1192 1131 702 648 1288 538 951 1289 1586 495 512 591 617 624 1440 1132 957 575 924 3223 703 1231 846 654 1412 880 1446 1692 2079 1462 2215 1862 2212 580 578 444 997 944 1373
internal_value=0 0.00053127 0.00311966 0.00620628 0.013643 0.00194651 -1.62388e-05 0.0240149 0.00265536 -0.0261487 -0.00404845 0.00380851 -0.000542133 0.0056893 -0.00188945 -0.00765311 -0.0105297 -0.00223733 -0.000665992 -0.00350396 0.00803798 0.0115243 0.00640341 0.0214834 0.0218861 -0.00204704 0.00229218 -0.000261525 -0.00672651 0.00843778 0.00880549 0.0074466 0.00525918 0.00939957 -6.02771e-05 0.0194376 -0.00811868 -0.000238669 0.00491386 -0.000628368 -0.00759584 -0.0146711 0.0193428 0.0221512 0.00682775 -0.00159463 -0.00409909 -0.0111118 0.0175919 0.00687856 0.0139174 0.00682252 -0.0176278 -0.0230029 -0.0322791 0.0219073 0.0308845 0.0126763 -0.00619287 0.00261424 -0.00887711 -0.0121668 -0.00698033 0.0279162 0.0205642 -0.00589697 0 -0.00352862 -0.00535475 -0.000584565 0.00421012 -0.0153375 -0.00244566 -0.0202595 0.0128702 0.0155614 -0.00517753 0.000747585
internal_weight=0 10695.8 5178.06 3246.94 1175.06 2071.88 1887.88 503.758 1642.51 150.76 727.897 367.952 322.389 671.301 5517.74 955.426 831.652 389.207 4562.31 2336.49 914.614 674.688 459.111 145.538 215.577 1931.12 2225.82 1484.67 495.433 120.547 229.805 741.149 668.759 537.597 276.359 261.238 969.032 1617.93 623.927 313.573 184.895 136.574 448.641 393.052 112.202 239.926 277.393 313.193 73.8735 95.4712 248.606 114.257 442.445 287.825 153.604 183.998 110.201 393.908 871.479 199.347 672.132 359.945 154.621 280.85 185.734 574.683 276.878 994.001 849.471 455.284 302.535 305.655 88.8815 216.773 148.274 168.623 257.904 166.66
internal_count=131480 129672 66394 41942 15557 26385 23977 6532 20644 1808 9029 4265 3798 9025 63278 11067 9718 4626 52211 27056 11615 8455 5877 1702 2578 24452 25155 16428 5542 1491 2726 8727 7780 6303 3532 2771 11133 20606 7594 4175 2460 1833 5932 5284 1704 3160 3900 3846 1166 1132 2914 1282 5092 3196 1756 2408 1451 5125 9872 2280 7592 4764 1896 3580 2292 6361 3138 13012 10933 5983 3768 3918 1128 2790 1906 1973 3509 2317
is_linear=0
shrinkage=0.0454652


Tree=4
num_leaves=79
num_cat=0
split_feature=14 7 22 22 14 22 2 15 2 2 7 3 3 3 3 27 7 30 21 18 30 18 27 6 15 2 0 30 2 21 3 6 3 14 6 2 3 14 21 0 6 3 3 27 2 30 3 3 30 2 0 3 3 22 3 2 2 11 22 14 3 18 3 27 3 6 3 11 2 7 30 21 14 15 2 21 14 7
split_gain=46.5926 63.2724 38.493 32.5214 25.6028 26.3909 25.2635 29.9554 21.9787 37.5247 21.6038 19.7327 19.0531 21.1691 16.9983 16.6992 16.5732 17.8952 16.395 28.3759 15.6685 33.5111 40.8119 28.0022 20.262 18.2524 18.1397 22.7242 15.8987 14.7725 14.7359 13.9172 13.2659 12.8087 14.5026 12.5706 19.7125 14.3824 19.4968 12.7529 12.1642 12.7779 17.1199 11.9905 23.4341 21.9513 25.1773 20.011 15.6045 11.8247 14.2679 15.0768 11.689 13.8334 20.47 14.3992 26.5582 16.8074 27.5337 19.2279 14.9592 14.5185 13.9706 11.8245 11.4264 11.4107 22.3786 13.3979 12.9584 16.5475 21.5845 16.2947 12.6179 33.9804 29.0741 12.226 11.3409 11.8025
threshold=-7.4304742813110343 1.0000000180025095e-35 -0.80211231112480152 -1.1999494433403013 -16.364603042602536 -0.28421314060688013 1.2764174938201907 3.3630557060241704 1.3944433927536013 1.6945438385009768 -9.0481295585632306 0.88181120157241832 0.58375570178031932 0.49513925611972814 0.38797247409820562 0.4904943853616715 10.366408824920656 1.0000000180025095e-35 -4.9430968761444083 57.500000000000007 -0.56174489110708226 50.500000000000007 -0.3317298144102096 -0.41012252867221827 12.249440193176271 1.2004961371421816 0.85441255569458019 0.81174489855766307 0.69644960761070263 -3.0235296487808223 0.64116275310516369 -8.9019932746887189 0.96185943484306347 -4.663217067718505 3.859798908233643 0.83222806453704845 0.28966398537158972 -10.486662864685057 -2.948050737380981 0.82916706800460827 -2.0073643922805782 0.63436099886894237 0.41338744759559637 -0.54643493890762318 1.185296952724457 -0.56174489110708226 0.26849271357059484 0.19818022102117541 0.81174489855766307 0.57310765981674205 0.88246509432792675 0.54844421148300182 0.97442492842674266 -0.13548991829156873 0.78401809930801403 1.1014971733093264 0.80028134584426891 0.07873422279953958 -0.76903754472732533 -4.2434322834014884 0.52191883325576793 90.500000000000014 0.27751329541206365 -0.032717135734856122 0.31922443211078649 5.9191484451293954 0.67386299371719371 0.10289968177676202 0.54240050911903392 10.869776248931887 0.81174489855766307 3.8906018733978276 -2.6442461013793941 20.871947288513187 0.9114779829978944 5.5446190834045419 -10.01868152618408 0.97710621356964122
decision_type=2 2 2 2 2 2 2 2 2 2 2 2 2 2 2 2 2 2 2 2 2 2 2 2 2 2 2 2 2 2 2 2 2 2 2 2 2 2 2 2 2 2 2 2 2 2 2 2 2 2 2 2 2 2 2 2 2 2 2 2 2 2 2 2 2 2 2 2 2 2 2 2 2 2 2 2 2 2
left_child=2 49 6 -3 5 43 7 -1 15 33 14 20 13 -11 -9 52 17 -14 -8 -20 21 24 -23 35 25 76 27 28 64 -24 -27 32 -13 34 -10 36 -22 38 39 -38 41 42 -37 -4 45 46 -45 -47 -49 -2 -51 -52 53 54 55 56 57 59 -59 63 -57 -58 -60 -5 -25 68 67 -67 -17 71 72 -70 74 -74 -71 -73 -6 -78
right_child=1 3 4 8 11 -7 18 10 9 12 -12 31 16 -15 -16 65 -18 -19 19 -21 23 22 29 26 -26 30 -28 -29 -30 -31 -32 -33 -34 -35 -36 40 37 -39 -40 -41 -42 -43 -44 44 -46 47 -48 48 -50 50 51 -53 -54 -55 -56 60 61 58 62 -61 -62 -63 -64 -65 -66 66 -68 -69 69 70 -72 75 73 -75 -76 -77 77 -79
leaf_value=-0.012528557550336715 -0.0040066636093246174 -0.024729155122783744 0.014077897509104324 -0.018851458837163024 0.0071896771254095328 -0.0085960944582439969 0.012581981564044243 0.010068602082000052 -0.018585835650344835 0.0043745313225755488 0.0056335744297432867 -0.0078867823978014985 0.001942167346371674 -0.029525107455637186 0.047402691476761523 0.00014747027082689557 0.0071707660520137859 -0.026993723723611505 0.060247262618885349 0.0088913205829036432 0.025363286676145857 -0.0059816208104064329 0.049980313884168327 0.022007709676359091 -0.01795001057408753 0.04154990099041575 0.0024775291377768798 -0.028047473003242236 -0.014896849983558948 0.021698392012930105 0.0090229979448346338 -0.0096549837388994909 0.022372819812086574 -0.021286545292591996 0.013519915656712109 0.021024360809725702 -0.01920442434319157 -0.012573890105798834 0.028607869825395919 0.006854985818365183 0.02378016466078638 0.014080551417147778 -0.0049354052802935838 0.042854657025457217 -0.014563402618838478 -0.027954279305225226 -0.0022990473963317971 -0.006334547947728429 0.025301646113459243 -0.024606702179206325 0.01252029589614756 -0.0145932581930897 0.014522881674948951 0.0024141739582261845 -0.02476345746550971 0.0027874766986950282 0.016427259308700499 0.029780448718314156 0.0092381024501224495 -0.029095576231203617 -0.027776883488111935 -0.0063744860714183829 -0.021314367972442728 0.00640127812624773 -0.00595347837663296 -0.019632152326533623 0.022560582565124408 0.0037057695933713905 0.010316976943771147 -0.011873223619183079 -0.016105260056782401 0.041012830506995154 0.046758482495447833 -0.0056803756853721181 0.029480383086666714 0.010012580493416228 0.00087450779113641122 -0.023227788444553747
leaf_weight=116.07131686247885 176.9624115396291 111.96964291855693 165.3643609508872 59.902009401470423 223.18406603857875 865.93211593665183 106.37829074263573 56.086570573970675 54.434646394103765 62.788049880415201 246.66241349466145 49.718354871496558 114.72251747734845 81.80079410970211 54.809891959652305 353.46143756434321 535.0138065610081 64.634718216955662 55.387694921344519 42.122360495850444 53.81799204647541 99.919498350471258 48.829126304015517 58.29478146135807 81.495951263234019 40.65177271515131 348.56953443959355 117.02558464184403 116.55428188666701 291.65477257408202 106.87706591933966 342.85838448442519 60.552928488701582 305.52674381062388 52.875672182068229 63.270985033363104 58.342154625803232 175.02919860929251 49.654239051043987 95.930759135633707 118.54126748256385 306.21772151626647 232.03630274161696 57.306185744702816 147.46539821103215 41.901883166283369 39.668265568092465 70.281356278806925 51.296022726222873 319.26786979474127 45.527547534555197 254.14771940559149 88.463087784126401 775.85772690735757 100.79145599715412 47.098029913380742 203.85144402645528 51.498331651091576 47.172247998416424 110.00625115633011 85.534226151183248 73.731072470545769 70.35864807292819 88.507502531632781 51.952428050339222 119.37985212355852 50.307876819744706 79.38381559215486 293.65360275842249 103.79129691980779 84.830280175432563 80.401177445426583 50.35225747525692 43.865902706980705 47.868531716987491 50.062496105208993 102.41167342662811 62.800082895904779
leaf_count=1742 1948 1328 2109 756 2884 11961 1322 782 563 778 3698 602 1540 864 655 3863 6242 968 691 537 780 1322 644 715 929 537 4546 1436 1267 3442 1410 4385 696 3447 621 727 785 2245 773 1225 1290 3626 2838 718 1826 553 657 987 659 3452 538 3072 1015 8645 1120 562 2072 490 652 1199 950 780 675 1029 664 1413 511 706 3269 1429 894 888 490 665 552 584 1163 724
internal_value=0 -0.00305298 0.0029141 -0.000964793 0.00146433 -0.00358497 0.0130336 0.00702015 -0.000331185 -0.00537753 0.0135708 0.00364583 0 -0.0147603 0.0299736 0.00168862 0.00311987 -0.00858843 0.026356 0.0397923 0.00503164 0.00944957 0.0189873 0.0024573 0.00248776 0.00579827 -0.00471092 -0.0120822 -0.00328268 0.0264404 0.0191856 -0.00509155 0.00850866 -0.0165693 -0.00241261 0.00680614 0.000550636 -0.00307874 0.00492326 -0.00293318 0.0104741 0.00762868 0.000674653 0.003907 -0.00019644 0.00785283 0.0245552 -0.00212085 0.00701385 -0.0148478 -0.0178225 -0.0102005 -0.00115695 -0.00202707 -0.00574513 -0.00328972 -0.000595712 -0.00774504 0.00313146 -0.0149832 -0.0168076 0.0101929 -0.00875231 -0.00370348 0.00866283 0.00549593 -0.00312007 -0.0101839 0.00748045 0.0108307 0.00296972 0.0167596 0.00990158 0.0226264 0.00129696 0.0301449 0.000442127 -0.00833852
internal_weight=0 5339.8 5472.93 4543.9 4795.41 1439.22 677.519 473.63 4431.93 1271.8 357.559 3356.19 858.96 144.589 110.896 3160.13 714.371 179.357 203.888 97.5101 2903.06 1057.82 440.403 1845.24 617.421 535.925 692.397 343.827 226.801 340.484 147.529 453.13 110.271 412.837 107.31 1152.84 432.774 378.956 203.927 154.273 720.066 601.525 295.307 573.283 407.919 260.454 96.9745 163.479 121.577 795.906 618.943 299.675 1802.77 1714.31 938.451 837.66 705.028 427.445 169.029 258.416 132.632 277.583 117.531 148.41 110.247 1357.36 249.072 198.764 1108.29 754.826 330.708 424.117 245.878 94.2182 151.66 130.464 388.396 165.212
internal_count=131122 60570 70552 51560 61125 19470 9427 6877 50232 15023 5135 41655 10392 1642 1437 35209 8750 2508 2550 1228 35972 13055 5408 22917 7647 6718 8628 4082 2646 4086 1947 5683 1298 4631 1184 14289 5808 5028 2783 2010 8481 7191 3565 7509 5400 3574 1375 2199 1646 9010 7062 3610 19945 18930 10285 9165 7653 4801 1817 2984 1512 2852 1327 1785 1379 15264 2630 2119 12634 8771 4030 4741 3136 1155 1981 1472 4771 1887
is_linear=0
shrinkage=0.0454652


Tree=5
num_leaves=79
num_cat=0
split_feature=13 20 20 28 1 13 11 2 13 27 20 6 3 6 6 5 2 28 3 28 11 11 27 5 6 3 5 2 28 27 13 6 20 28 27 7 10 3 20 20 2 13 3 28 2 3 3 13 3 10 2 7 27 28 20 2 7 13 6 20 13 11 3 27 27 17 17 28 3 20 2 6 27 28 13 6 28 3
split_gain=20.8166 31.4919 32.3785 25.8229 20.0032 18.8184 22.1832 15.7806 15.7078 15.0271 39.6015 18.606 16.4552 27.6647 15.3616 13.4833 12.7646 17.0894 16.2876 20.3067 19.6738 22.8574 15.9175 14.8256 12.4876 14.8079 12.1102 31.6006 22.8906 21.1938 22.972 31.2568 21.0771 20.4884 19.1467 22.621 18.894 18.1178 17.549 17.5026 16.7677 25.5955 16.3952 16.5002 16.1667 16.0896 16.6368 15.6425 15.2368 12.6241 12.0492 18.3794 15.3849 11.9815 16.0058 12.2886 12.2898 15.1368 11.4816 12.5683 16.4235 14.6112 11.3932 11.0627 12.2203 14.034 14.947 18.9134 21.6833 16.265 12.2665 10.7465 16.6094 11.6052 16.1369 10.6518 11.418 13.1257
threshold=-0.019477210007607933 2.4620919227600102 0.91325113177299511 0.43245348334312445 0.74227041006088268 -0.039493786171078675 0.029317568056285385 0.77358007431030285 -0.089664563536643968 -0.9686339497566222 5.2724592685699472 7.8974721431732187 0.69316405057907116 -1.3204759359359739 -5.9158937931060782 -1.7523686885833738 0.79136991500854503 -0.47136868536472315 0.70362377166748058 0.88186877965927135 0.08926719427108766 0.053744073957204826 -0.05451125651597976 -1.6230275630950926 0.59525448083877575 0.25466413795948034 1.2795211076736452 0.93724071979522716 0.31107263267040258 0.69930991530418407 0.030609590001404289 1.5262562036514284 1.2370581030845644 0.69930991530418407 0.43245348334312445 17.051686286926273 0.13042665272951129 0.58970806002616893 3.463552832603455 7.7098548412323007 1.9651418924331667 0.013611434958875181 0.52191883325576793 -0.18436925113201139 1.0578564405441286 0.35523271560668951 0.43047985434532171 0.00086058801389299344 0.30970013141632086 0.16799077391624453 1.4856793284416201 19.754409790039066 -0.18436925113201139 0.11969653144478799 -1.7991113066673277 0.9470757544040681 8.869333744049074 0.041661275550723083 -3.8578124046325679 0.81798234581947338 0.014867124147713186 0.039900701493024833 0.27079477906227117 0.95032352209091198 0.26932403445243841 42.500000000000007 75.500000000000014 0.6835516393184663 0.87301290035247814 -0.43848118185997004 1.6781705021858218 -6.0386765003204337 -0.49049438536167139 -0.010907442308962435 -0.038643937557935708 1.2386765480041506 -0.24825246632099149 0.29176324605941778
decision_type=2 2 2 2 2 2 2 2 2 2 2 2 2 2 2 2 2 2 2 2 2 2 2 2 2 2 2 2 2 2 2 2 2 2 2 2 2 2 2 2 2 2 2 2 2 2 2 2 2 2 2 2 2 2 2 2 2 2 2 2 2 2 2 2 2 2 2 2 2 2 2 2 2 2 2 2 2 2
left_child=1 2 4 -3 8 7 -7 62 -1 10 11 12 13 -2 15 -11 22 -18 20 -20 21 -19 -10 -22 25 -24 36 29 40 30 -28 -32 -31 -33 35 49 44 -37 -36 -39 47 -42 43 -38 48 -34 -47 -29 75 -30 51 -49 -52 54 -50 56 -56 -58 -55 60 -60 -61 -4 64 65 70 67 68 69 -67 -46 72 73 74 -6 76 -16 -78
right_child=9 3 5 -5 71 6 -8 -9 16 14 -12 -13 -14 -15 26 -17 17 18 19 -21 23 -23 24 -25 -26 -27 27 28 34 32 31 33 45 -35 38 37 42 39 -40 -41 41 -43 -44 -45 63 46 -48 50 53 -51 52 -53 -54 58 55 -57 57 -59 59 61 -62 -63 -64 -65 -66 66 -68 -69 -70 -71 -72 -73 -74 -75 -76 -77 77 -79
leaf_value=-0.0072410528642687915 0.030099804204467572 0 0.0028186412964063242 -0.02361067467318452 -0.01612459752604194 0.0085933313234346758 0.037862780048436823 -0.0034615734225599032 -0.016371195216714249 0.0024736434313952266 0.013668170367663723 -0.037815838735702295 -0.016489043274482789 -0.010467772014101118 -0.0039422718006380574 0.019295442674220006 -0.0052156349529917396 0.0095010375894120213 0.014889244544069492 -0.018631908324697806 -0.005618706441927422 0.050224046250568505 0.033799116310737662 0.028374182254235904 -0.0079165662105231387 0.0047335867238245477 -0.0037274476080491467 -0.019405842653961843 0.0068289417481125474 -0.0048901470649155105 0.037196747336413268 -0.0128725251043098 0.0051922520367833546 0.018155799775409164 0.012350881086104144 0 -0.018108515124764801 0.051559232099495596 -0.017869166596917351 0.011954775529465765 0.02834786842007421 -0.0039376789356596756 -0.018773014896098002 0.0082375583007219463 -0.011377990553525005 0.046573788646263742 0.017429607427176735 0.0017283006527063194 -0.011592625204554341 -0.015805194924672892 -0.0033670457989201899 -0.022668344969123642 -0.028631744010587837 0.0058274571978150311 0.007389043783270253 -0.01429750894099549 -0.024184393829117704 0.0065718911604334485 -0.0068710835967168487 -0.012888942336631523 -0.022462692075797912 0.020003997425211376 0.030628846687826759 -0.016995848790772473 0.01574420567490141 0.041148848480045734 -0.0071428446343180822 -0.011133991338100627 -0.0014054699094189793 0.0047715303208955952 0.013628241306826803 0.0024535237974072327 -0.014248833981531706 0.014592062102231103 0.0094907506803070512 -0.0085081603242502819 0.0062254548682596587 0.031829944087263716
leaf_weight=128.63702091015875 45.045571625232697 269.29609749279916 62.656395748257637 147.01143622025847 110.58231246471405 107.45626606047153 121.85616668127477 142.62707362137735 69.568468473851681 530.95933523960412 132.38430295698345 56.784386230632663 305.99544549547136 113.73737710341811 153.12029344774783 120.3083155862987 77.047720560804009 49.471985533833504 163.67325429990888 43.236469527706504 56.918393433094025 87.295899488031864 51.405046917498112 41.38241321593523 69.642290402203798 124.30625175498426 482.78507995605469 245.77231202088296 204.2924781255424 80.874075224623084 73.537236742675304 86.543907290324569 105.59392114728689 80.692840373143554 53.110539587214589 51.845156230032444 74.321716360747814 52.45862615853548 119.92733288928866 51.052277222275734 59.820782052353024 237.31880938634276 278.84102739952505 126.08058458939195 198.12266307324171 66.571156118065119 138.70297664217651 419.65085380338132 279.20236656442285 62.938674138858914 117.6647137850523 70.670992895960808 91.213576743379235 75.473562568426132 443.03670517913997 84.98887169547379 60.461788590997458 61.406419927254319 298.15090924873948 55.888835245743394 290.34570989385247 47.524169564247131 66.441086599603295 45.556891227141023 166.49623766168952 88.654904400929809 91.232634820044041 44.913552364334464 60.893821662291884 41.054504347965121 45.495292223989964 608.00384056940675 269.83042182028294 89.533140730112791 85.407870210707188 135.28987029381096 242.46109498851001 49.111002886667848
leaf_count=1587 668 3714 801 1856 1470 1318 1473 1711 1068 6623 1624 702 3715 1167 1958 1573 1042 607 2010 514 805 1056 667 476 822 1713 5583 2760 2418 1019 774 955 1448 757 599 461 821 581 1328 610 868 2742 3148 1559 2291 719 1558 4549 3410 934 1303 845 1150 956 5245 1026 676 610 3568 686 3178 486 827 475 1855 1195 1295 519 776 499 531 7920 3576 1074 1006 1633 3165 602
internal_value=0 0.00295344 0.00480811 -0.00856685 0.00231767 0.0151745 0.0247465 0.00667274 0.00716133 -0.00147672 -0.00806039 -0.0137317 -0.0103814 0.00120777 -0.000862847 0.00575647 0.00946559 0.0138377 0.0172859 0.00742825 0.0254836 0.0365428 0.00202198 0.00877625 0.00761552 0.0140829 -0.00153769 0.000597673 -0.00304656 0.00663523 0.00191897 0.0133133 0.0151134 0.00189005 0.00421204 0.00945827 -0.00333233 0.0230299 -0.00824738 0.033675 -0.00656878 0.00269649 -0.0117083 -0.00146124 -0.00199025 0.0204682 0.0278385 -0.00953264 -0.0039368 0.00116061 -0.00590023 -0.00184762 -0.0149664 -0.00611595 -0.00255514 0.00130105 0.00381936 -0.00858926 -0.0103276 -0.0121837 -0.0147476 0.00195921 0.0179981 0.00360225 0.00502826 0.00172553 0.00790805 0.0139643 0.0202385 0.0304969 -0.00636343 -0.00165933 -0.00623432 0.00126541 -0.00475236 0.00235203 0.00581212 0.0110834
internal_weight=0 3043.29 2626.98 416.308 2125.94 501.037 229.312 271.725 962.585 7796.38 653.947 521.563 464.778 158.783 7142.43 651.268 833.948 519.026 441.978 206.91 235.069 136.768 314.922 98.3008 245.354 175.711 6491.16 2953.04 1837.74 1115.3 723.559 240.774 391.742 167.237 595.625 422.587 3538.13 155.356 173.038 103.511 1242.11 297.14 479.243 200.402 3058.88 310.868 205.274 944.972 2276.46 267.231 699.2 490.322 208.878 1696.48 929.096 649.894 564.905 121.868 767.383 691.91 588.497 103.413 129.097 782.421 736.864 570.367 326.749 235.517 190.603 129.709 243.618 1163.36 555.354 285.523 195.99 579.982 444.692 291.572
internal_count=131309 39113 33543 5570 27413 6130 2791 3339 12367 92196 7876 6252 5550 1835 84320 8196 10780 6510 5468 2524 2944 1663 4270 1281 3202 2380 76124 33961 21148 12813 8069 2486 4744 1712 6931 5004 42163 1652 1927 1191 14217 3610 5528 2380 36635 3725 2277 10607 27199 3352 7847 5394 2453 19841 10967 7557 6531 1286 8874 7918 6746 1172 1628 9436 8961 7106 4284 2989 2470 1694 2822 15046 7126 3550 2476 7358 5725 3767
is_linear=0
shrinkage=0.0454652


Tree=6
num_leaves=79
num_cat=0
split_feature=29 16 16 3 13 1 6 13 21 30 8 13 16 21 16 13 21 3 30 3 3 11 6 21 13 13 3 11 18 18 8 4 13 11 16 30 3 29 29 21 21 21 13 13 3 13 13 13 11 16 3 3 11 16 17 29 16 13 3 3 18 30 29 16 4 11 13 13 16 30 29 13 6 21 3 11 1 17
split_gain=44.8878 24.2426 27.3068 39.8703 24.765 30.3177 28.1076 24.5354 22.0571 20.9888 22.8412 20.2502 21.9183 26.8063 19.8757 17.5108 22.543 16.5569 16.4528 18.8372 23.2938 18.7182 20.3407 26.1265 22.5905 17.4762 18.942 16.6892 16.3599 16.3195 15.1474 14.8532 14.6885 14.6707 14.3462 13.564 28.5237 12.8329 12.8203 16.5328 38.5873 24.1481 19.5259 23.9418 17.0386 21.9145 16.8802 13.0493 14.357 12.708 12.3806 27.2216 25.6013 27.5805 22.1537 18.0123 17.445 13.7758 13.3189 11.753 11.6337 22.2292 21.6852 25.336 17.9409 20.2096 11.5152 11.4767 11.381 11.2536 10.8148 19.706 19.6729 28.0068 13.1124 12.8799 12.8486 10.9642
threshold=-0.60785761475563038 0.54370462894439708 0.2004860192537308 0.8689478635787965 -0.0078580658882856352 0.49227668344974523 0.5333351492881776 0.025601427070796493 4.2223539352417001 -0.56174489110708226 1.379420340061188 -0.0099525912664830667 0.62215879559516918 4.7996351718902597 0.26187747716903692 -0.089664563536643968 -15.135231494903563 0.95363956689834606 0.81174489855766307 0.21331546455621722 0.19166324287652972 0.14372484385967257 1.8213315606117251 2.2504161596298222 0.053625984117388732 0.022065165452659134 0.60281318426132213 0.092262297868728652 35.500000000000007 22.500000000000004 -2.406611323356628 -1.6076816320419309 0.026791931129992012 0.061258245259523399 0.23901911079883578 -0.56174489110708226 0.41579525172710424 1.0000000180025095e-35 1.0000000180025095e-35 13.96613645553589 8.3866477012634295 2.9064290523529057 0.063569750636816039 0.046500926837325103 0.34409524500370031 0.012240056414157154 0.053625984117388732 0.014867124147713186 0.080138288438320174 0.75162255764007579 0.4084914922714234 0.44790583848953253 0.01229820027947426 0.68866464495658886 13.500000000000002 0.87837970256805431 0.85530307888984691 0.03649920970201493 0.30620127916336065 0.36895471811294561 70.500000000000014 1.0000000180025095e-35 0.6078576147556306 0.81051504611969005 1.3265727758407595 0.048032525926828391 0.013145522214472296 0.10468416661024095 0.88807675242424022 -0.56174489110708226 1.0000000180025095e-35 -0.046447116881608956 -3.1672223806381221 -7.4686930179595938 0.80204650759696972 0.084352742880582823 0.7840523123741151 56.500000000000007
decision_type=2 2 2 2 2 2 2 2 2 2 2 2 2 2 2 2 2 2 2 2 2 2 2 2 2 2 2 2 2 2 2 2 2 2 2 2 2 2 2 2 2 2 2 2 2 2 2 2 2 2 2 2 2 2 2 2 2 2 2 2 2 2 2 2 2 2 2 2 2 2 2 2 2 2 2 2 2 2
left_child=8 2 15 4 5 6 -4 -6 -1 10 34 12 -3 -14 29 16 -2 18 19 20 27 22 23 66 -25 26 -24 -13 59 -5 -9 -17 -19 -32 -7 -8 -37 -36 39 40 41 44 43 47 -21 -46 -42 -43 -49 -27 52 54 -40 58 -52 57 -57 -55 -54 -11 61 -53 63 -62 65 -63 -20 -23 -34 -18 71 76 73 74 -72 -76 -33 -73
right_child=1 11 3 14 7 9 35 30 -10 28 -12 17 13 -15 -16 31 69 32 21 38 -22 67 25 24 -26 49 -28 -29 -30 -31 33 70 68 -35 37 36 -38 -39 50 -41 46 42 -44 -45 45 -47 -48 48 -50 -51 51 60 53 55 -56 56 -58 -59 -60 -61 62 64 -64 -65 -66 -67 -68 -69 -70 -71 72 77 -74 -75 75 -77 -78 -79
leaf_value=-0.036752913964048735 0.0091587551514916016 0.00038290349007396663 0.033712362166040587 -0.0075408205132466676 -0.001982471593481657 -0.00070149516366058856 0.022684724640472793 -0.0080904157578872687 0 0.028433118562611128 -0.0024959069223910654 -0.023369347657514413 -0.025849980294586371 0.012481452558609529 -0.012897882731452415 -0.0055892655895804976 -0.0069396226320975127 0.0014514901813997708 0.0026539506913029749 -0.024036895957933842 0.035820653491529651 0.021273849228054482 0.016864891409488686 0.024217811397836232 -0.0079913435513794817 -0.00224061660651282 -0.015799602810256105 0.013971875242415163 -0.0017289219502649421 0.024735231199891256 0.025062649260067082 0.033025307954336815 0.035166030891637938 -0.003065147110271854 0.012009380896779876 -0.023455762527681442 0.0238376909531198 0.030928238733960247 0.031462156257685142 0.021799523241936861 0.00056531360556209126 0.025584068778035839 -0.0076893411070796365 0.035536731561966489 0.018232905642869529 -0.012686856581077023 -0.025639528837667749 -0.0062592142338066016 0.021166448313781845 -0.029600776312395105 8.7903357236621146e-05 -0.0042921469223587937 -0.0016848505434832377 0.0025773097190654494 -0.031354507578263399 -0.0050612863881378265 0.020090112159810592 -0.016385279562741693 0.025956423007439243 0.0062673742268865087 -0.0092502603941864957 0.002748261561600645 -0.010707095485530784 0.014060659989199262 -0.00041884352023134998 0.038487530747128969 -0.023531311752833416 -0.0061623541523661311 0.0044783663217571913 -0.030938561374050644 -0.013574027237503828 0.018881985387187786 -0.014697307901582921 0.018032095446679483 -0.0091508625358931589 0.023445110316533818 0.0038004324103578829 -0.0057287820789711889
leaf_weight=98.223198007792234 63.472882131114602 191.43865949474275 192.42310349456966 60.923553237691522 895.83261378854513 57.076539307832718 68.399153789505363 47.94042862392962 53.446741800755262 61.43151269108057 121.79482093639672 34.230021057650447 220.00455299578607 40.914825050160289 349.06212539039552 634.5296076182276 78.722824938595295 208.46817943453789 45.380642905831337 63.310905871912837 60.590155132114887 65.015036150813103 51.023908911272883 98.36948524042964 74.463985066860914 48.115086290985346 102.76865906082094 65.481521371752024 577.67611053027213 58.46114251203835 167.4456952046603 87.223341887816787 58.840533778071404 44.473857812583447 149.56035402417183 56.910831276327372 41.992377711459994 192.75490328483284 52.593068521469831 87.189059125259519 76.951141472905874 68.284144762903452 70.274459797888994 106.31662950851023 90.013136556372046 90.387212499976158 126.7827125582844 120.29276220500469 53.130780708044767 197.60907498374581 66.321958174929023 462.76880768314004 49.085193676874042 105.27162576466799 128.9274261277169 131.41651016660035 92.422975173220038 262.95165100321174 101.80321733467281 261.64956676028669 180.52718970179558 62.152223827317357 681.39626881852746 195.62275294587016 117.53363853320479 75.208908796310425 103.99430041760206 51.447043243795633 50.448771731927991 104.81323656626046 150.66830359958112 45.509819939732552 143.31571179628372 179.44081846810877 42.79946057125926 47.555194977670908 55.133457884192467 147.76089425384998
leaf_count=1238 820 2319 2298 699 11285 771 878 610 621 759 1697 465 2635 707 4223 8568 779 2866 571 679 851 641 682 1043 949 578 1082 1115 7167 650 2141 1158 676 535 2001 734 536 2161 634 1016 898 707 794 1132 995 954 1340 1485 535 2144 702 5062 652 1035 1289 1433 893 3309 1198 3122 1913 727 7658 2146 1319 826 1237 629 599 1251 2206 599 2157 2383 548 614 855 2110
internal_value=0 0.000199717 0.00243151 0.00481941 0.00679272 0.0101541 0.0219496 0.00155104 -0.0243831 0.00708156 0.0143302 -0.0019011 -0.0110827 -0.0195554 -0.00740262 -0.00210827 -0.0132423 -0.00105824 -0.00174619 -0.00048164 0.0145589 -0.00751007 -0.010269 -0.00156202 0.0102009 -0.0170834 -0.00449752 0.000267777 0.00278776 0.00816474 0.0137593 -0.000253235 0.00889613 0.0189875 0.0195555 0.00765495 -0.00275317 0.0230424 -0.00115832 0.00335719 0.00135012 0.0067317 0.0133424 0.0177677 -0.00445069 0.00253867 -0.0156906 0.0092926 0.00216199 -0.0245629 -0.00273425 -0.00467168 0.00200286 -0.000177899 -0.0206466 -0.00468306 0.00528362 -0.0108642 0.0168424 0.0109335 -0.00284386 0.00156613 -0.005877 0.00276548 0.0122903 0.0232078 -0.0153994 0.00895116 0.0221024 -0.0212801 0.00346558 0.00987862 -0.000309909 0.0045734 -0.00538109 0.00776049 0.0224617 9.00898e-05
internal_weight=0 10674.3 5186.75 3405.81 2937.36 1781.67 359.725 1155.69 151.67 1421.94 521.187 5487.54 452.358 260.919 468.447 1780.95 247.009 5035.18 4717.43 3879.24 160.302 838.187 721.725 322.208 172.833 399.517 153.793 99.7115 900.757 119.385 259.86 1533.94 317.757 211.92 399.392 167.302 98.9032 342.315 3718.94 952.933 865.744 662.01 418.299 348.024 243.711 180.4 203.734 241.708 173.424 245.724 2766 1970.46 795.544 742.951 195.249 592.063 223.839 368.223 150.888 323.081 1775.21 717.664 1057.55 376.15 254.895 137.361 149.375 116.462 109.289 183.536 899.407 335.628 563.779 420.464 241.023 90.3547 142.357 193.271
internal_count=131294 129435 66315 42267 36695 22124 4446 14571 1859 17678 6630 63120 5661 3342 5572 24048 2850 57459 53318 43762 2431 9556 8286 3800 1992 4486 1764 1580 11048 1349 3286 21198 4141 2676 4933 2148 1270 4162 41331 10535 9519 7281 4653 3859 2628 1949 2238 2727 2020 2722 30796 21642 9154 8520 1991 6670 2326 4344 1850 3881 19651 7934 11717 4059 2872 1553 1808 1270 1275 2030 12630 4722 7908 5751 3368 1162 2013 2709
is_linear=0
shrinkage=0.0454652


Tree=7
num_leaves=79
num_cat=0
split_feature=30 18 18 16 13 13 13 33 0 3 13 14 14 17 13 33 3 13 13 33 6 16 0 13 3 13 13 6 13 14 16 16 5 5 22 33 12 0 13 12 16 16 14 3 33 13 33 13 22 5 22 30 3 3 31 30 12 33 12 5 17 12 22 30 30 17 13 14 33 33 3 12 13 14 3 33 16 3
split_gain=37.5607 72.9271 39.4533 57.9897 37.053 35.3726 31.6302 27.9191 23.4127 22.3227 38.381 21.669 20.7115 29.9106 19.9757 18.9126 18.4642 21.6957 23.4492 22.4821 20.0938 20.0769 19.7104 17.82 19.8311 22.4308 22.859 21.602 28.8226 33.0684 16.4984 29.6116 55.6969 15.8071 15.4211 15.2956 14.6465 17.6627 15.2399 23.2701 16.7579 13.7646 13.6723 31.4091 48.0341 25.0313 24.1232 29.9604 34.3425 27.747 18.9128 25.7266 27.9327 18.6228 17.2486 13.5867 13.5717 12.9111 12.7585 12.7395 12.2418 11.8455 14.0756 16.968 21.5588 12.5693 11.394 16.4074 18.9074 11.0225 29.477 10.8872 10.7204 10.6697 10.6579 10.2399 23.99 29.1638
threshold=-0.56174489110708226 72.500000000000014 59.500000000000007 0.41922721266746527 -0.089664563536643968 0.061406843364238746 0.026200992986559871 1.0013927817344668 0.52393430471420299 0.89173826575279247 0.038480646908283241 -9.944025516510008 -7.6257832050323477 29.500000000000004 0.031133904121816162 0.99472221732139599 0.24773585796356204 -0.050484599545598023 0.0048968687187880286 0.97973212599754345 -5.0198776721954337 0.65475767850875866 1.4795483350753786 0.10063794627785684 0.73620867729187023 0.048721646890044219 0.01782945636659861 6.8061218261718759 0.076592281460762038 -1.904411733150482 0.50153061747550975 0.82485854625701915 5.0318005084991464 5.4698741436004648 -0.83017897605895985 0.97973212599754345 0.0044795863796025523 1.5102961063385012 -0.0038351914845407005 0.017407785169780258 0.93505069613456737 0.19685646891593936 -6.9328846931457511 0.45581223070621496 0.99393379688262951 0.014867124147713186 0.99611112475395214 0.041661275550723083 -0.36637854576110834 2.2443799972534184 -0.97612729668617237 0.81174489855766307 0.59826803207397472 0.57681563496589672 1.0000000180025095e-35 1.0000000180025095e-35 -0.011886127758771179 1.0000000180025095e-35 0.0097718304023146647 -5.8369762897491446 78.500000000000014 -0.0084814648143947107 -0.82043638825416554 1.0000000180025095e-35 0.81174489855766307 84.500000000000014 -0.002079250523820519 -3.2936067581176753 1.0013927817344668 0.99611112475395214 0.62844347953796398 0.03900978900492192 0.019296961836516861 -3.1172153949737544 0.73924639821052562 2.2975000143051152 0.68866464495658886 0.41338744759559637
decision_type=2 2 2 2 2 2 2 8 2 2 2 2 2 2 2 10 2 2 2 10 2 2 2 2 2 2 2 2 2 2 2 2 2 2 2 10 2 2 2 2 2 2 2 2 10 2 10 2 2 2 2 2 2 2 2 2 2 10 2 2 2 2 2 2 2 2 2 2 8 10 2 2 2 2 2 8 2 2
left_child=2 4 5 7 -2 6 16 -4 11 12 -11 -6 13 35 -13 -7 -1 19 21 20 -18 22 69 24 27 26 -26 28 29 34 -8 60 -33 -29 -14 -5 37 61 -38 -40 -41 -3 50 44 45 -44 49 48 -48 55 58 54 -53 -49 -52 -45 59 -42 -43 -20 -32 62 63 -10 -65 -63 -36 68 -68 -19 -71 -70 -57 -46 -50 76 77 -64
right_child=1 41 3 9 8 15 30 -9 36 10 -12 14 23 -15 -16 -17 17 18 56 -21 -22 -23 -24 -25 25 -27 -28 33 -30 -31 31 32 -34 -35 66 -37 38 -39 39 40 57 42 43 46 73 -47 47 53 74 -51 51 52 -54 -55 -56 72 -58 -59 -60 -61 -62 65 75 64 -66 -67 67 -69 71 70 -72 -73 -74 -75 -76 -77 -78 -79
leaf_value=0.019418249702590637 -0.021590240735014966 -0.025034448061422458 0.039560586051134855 0.010723168389657169 0.032357771673325424 -0.0043260877282512789 0.035639120042779131 0.013200993671149021 0.033282492395156744 0.0047509233011500847 0.052286149345749662 -0.01092604303846619 -0.019228923459027599 -0.0043437821762185719 0.025168097535219223 -0.036502795701820127 0.015174103736557074 0.0043875168070118802 0.0035089783664257281 -0.02712595723126152 -0.019705494783191793 -0.019355115342010135 -0.0081842430867032738 0.020807254047421436 0.021094610053437966 0.037273438934875315 -0.01375570056578522 -0.022128645503414753 -0.028423958104331241 0.027289379759208782 0.0046730851897869028 0.053489866388369167 -0.0057866743649398564 -0.00022972412899084697 -0.010872303307327545 0.042345664663084766 -0.010272529922318011 -0.0056437299979299072 -0.013797373196219915 0.009818985783684309 0.0077690837887250249 -0.00290598829104781 0.014254128359142894 -0.001429841374253515 0.0021349209139336308 -0.024970221749237995 -0.042203742998202301 -0.017576734832855229 -0.0027664608606586837 0.0027354596283496223 -0.0027998753453331781 -0.026083206663582142 0.010341392164717328 0.0099250904448897007 0.020643697275237249 -0.0075904695512959254 0.0012260710959714517 -0.021074660171397638 0.029489512866347531 -0.020127813985542232 -0.019277299501091888 0.017118272818476291 0.026687524738981335 -0.010628764221269545 0.020799451133799111 -0.0050167264117979898 0.023985509598141858 -0.0089200722641971323 0.0092081460484560972 0.030894646844319494 0 -0.017817813032480576 -0.034414407107104861 0.020776998882330814 -0.025047501137428482 -0.0010876562562043815 -0.012610429256034318 0.0042837485202461478
leaf_weight=75.949369905516505 132.40568134188652 95.801319414749742 150.96510982513428 68.901051109656692 97.611639449372888 79.472237143665552 52.740815207362175 210.49138330481946 64.22192526422441 113.04090852476656 49.364187281578779 74.07508303411305 76.225163020193577 93.891001464799047 48.602207923308015 77.944256350398064 70.235915970057249 343.34016954153776 54.524669039994478 137.54906080663204 58.890823498368263 64.110782722011209 148.56034566834569 78.883368957787752 69.128020167350769 49.478093924000859 78.110636739060283 180.06216654367745 59.434404078871012 98.809120452031493 156.15372912026942 65.10997705347836 58.335436517372727 115.52231100201607 98.897922242060304 72.524343945086002 371.00830960087478 384.04210394993424 162.92961462400854 427.46137581579387 49.783592814579606 37.814637422561646 37.929132360965014 74.336490113288164 124.53044145554304 156.85606695897877 182.7958255931735 115.15979366004467 100.21927779167891 280.32926536910236 324.89502844028175 172.55516787804663 53.041150154545903 82.976891793310642 76.275696130469441 54.861702535301447 160.38339109160006 71.316094018518925 55.768864747136831 213.34602303989232 56.253609599545598 264.19033945538104 144.02254044264555 80.78599027171731 90.269830824807286 60.180992115288973 132.53843142837286 100.0484610889107 82.431730469688773 139.93048299849033 117.25744834542274 43.695456061512232 101.70828413963318 143.28118441998959 86.510005883872509 971.62154448777437 125.78907297551632 696.44535953551531
leaf_count=949 1696 1265 884 1139 1249 1498 667 3845 893 1414 588 866 875 1252 635 530 1580 6379 656 898 1189 868 2080 828 856 573 873 1990 767 1030 1731 631 619 1213 1111 441 5003 4768 1853 5263 851 538 575 1207 826 2617 1191 728 658 4698 4001 2108 590 529 1103 968 1854 441 795 2398 645 3185 915 1010 1194 721 836 1091 1284 918 729 722 1724 876 586 17475 803 4475
internal_value=0 -0.00181486 0.00368907 0.00823202 0.00168845 -0.000608941 0.00104019 0.0246628 0.00245704 0.00457539 0.020421 0.01677 0.00277485 0.0150423 0.00333915 -0.0210807 -0.00179196 -0.00294194 -0.000357176 -0.0146077 -0.000483719 0.00413306 0.00630215 0.000410107 -0.000974212 0.012003 0.0024118 -0.00364692 0.000697499 0.00367476 0.012608 0.008463 0.0258076 -0.0138526 -0.000779493 0.0280083 0.00163291 0.00333344 -0.00284444 0.000997317 0.00554931 -0.00824178 -0.00746514 -0.00988629 0 -0.0169511 -0.0141223 -0.0205934 -0.0282176 -0.00673593 -0.00219019 -0.00511999 -0.0172752 -0.0058503 0.00170032 -0.0182898 -0.00895487 -0.00896087 0.0163259 -0.0151568 -0.00168865 0.00474031 0.00348533 0.0139282 0.00577636 0.0128517 0.00233096 0.006187 0.0122637 0.0099976 0.0171145 -4.53596e-05 -0.025751 0.0124503 -0.01366 0.00216572 0.00547823 0.00829114
internal_weight=0 6674.41 4152.53 2022.44 4316.76 2130.09 1972.67 361.456 4184.36 1660.99 162.405 220.289 1498.58 235.316 122.677 157.416 1584.08 1508.13 1241.45 266.676 129.127 813.199 749.088 1263.27 1184.38 196.717 147.239 987.665 692.081 632.646 388.594 335.853 123.445 295.584 533.837 141.425 3964.07 2881.57 1082.5 711.491 548.561 2357.65 2261.84 1541.49 462.597 194.785 1078.9 567.662 369.525 511.236 720.351 626.767 225.596 198.137 401.171 230.906 428.254 121.1 93.5835 267.871 212.407 2497.53 2173.16 235.278 171.056 324.371 457.612 358.714 258.666 600.528 257.188 126.127 156.57 267.812 186.729 1937.88 966.257 840.468
internal_count=131310 80879 50431 23612 53296 26819 24791 4729 51600 18883 2002 2750 16881 2832 1501 2028 20498 19549 15882 3667 2769 10974 10106 14049 13221 2302 1729 10919 7716 6949 4293 3626 1250 3203 5919 1580 48850 35439 13411 8408 6555 27583 26318 17183 4894 3192 12289 3692 2435 8597 9135 7802 2698 1257 5104 3899 4908 1292 1333 3054 2376 30671 26765 3097 2204 3906 5044 3933 2842 8026 1647 2006 2692 1702 1244 23668 6193 5390
is_linear=0
shrinkage=0.0454652


Tree=8
num_leaves=79
num_cat=0
split_feature=16 16 2 11 11 5 32 5 23 5 33 5 2 2 23 5 2 2 23 17 11 2 2 18 23 11 1 12 31 12 18 8 33 16 33 12 33 11 12 2 23 32 23 12 11 17 33 4 33 18 12 11 23 18 8 18 12 23 11 23 11 2 11 11 8 23 23 23 17 33 33 2 12 33 4 17 2 11
split_gain=17.2056 18.7291 29.7936 34.4304 23.2068 27.2082 20.7604 19.2957 17.9392 16.2569 15.2111 25.5701 31.2759 17.5641 15.6731 14.3167 35.4436 18.6495 16.3206 13.2753 14.9683 14.9141 19.7424 24.8255 15.2687 14.721 12.9063 12.2505 11.4538 10.5561 11.2761 10.0472 9.95905 9.8677 16.6515 10.4843 9.84134 15.2987 14.1744 9.50862 20.9723 20.0557 15.9424 12.8589 9.50213 13.7263 16.7446 10.8539 10.1494 9.65939 9.63599 9.42544 20.3028 9.39405 9.16851 8.97289 8.94223 8.71556 9.29779 10.2458 10.009 24.6915 15.227 14.4403 11.7458 10.9343 9.80848 11.2157 9.29654 8.70404 8.1684 7.99764 7.89826 10.0953 15.2802 7.76203 8.49478 7.41325
threshold=0.54370462894439708 0.2004860192537308 2.6591483354568486 0.13189712166786197 0.043419102206826217 2.9840761423110966 1.0000000180025095e-35 2.7707929611206059 0.45196869969367987 -5.9826784133911124 0.99611112475395214 1.2003228664398196 0.83222806453704845 1.7289149761199953 0.51852142810821544 1.6598650813102724 1.0341381430625918 2.1361368894577031 1.2267827391624453 51.500000000000007 0.0086757149547338503 1.0636404156684878 0.59731552004814159 71.500000000000014 0.87355253100395214 0.019716536626219753 0.72587117552757274 -0.0077614998444914809 1.0000000180025095e-35 0.024047416634857658 76.500000000000014 -2.460363388061523 0.99611112475395214 0.92877873778343212 2.7974998950958256 0.10172210633754732 1.747500002384186 0.028068604879081253 0.075235012918710722 0.99013999104499828 0.87355253100395214 1.0000000180025095e-35 0.57363864779472362 -0.10483773052692412 0.072937838733196272 8.5000000000000018 0.97973212599754345 -0.47909326851367945 0.99611112475395214 84.500000000000014 0.14224753528833392 0.061258245259523399 0.5941951870918275 79.500000000000014 -0.44884242117404932 92.500000000000014 0.11308423429727556 0.84078904986381542 0.014365540817379953 0.59014523029327404 0.063524141907691969 0.41351933777332311 0.088541839271783843 0.14922358095645907 -1.1735087037086485 0.57792446017265331 0.36431673169136053 0.52379572391510021 38.500000000000007 0.99611112475395214 0.99472221732139599 0.70564469695091259 -0.00065593939507380117 0.90112781524658214 0.73841527104377758 4.5000000000000009 0.64415258169174205 0.10992868617177011
decision_type=2 2 2 2 2 2 2 2 2 2 10 2 2 2 2 2 2 2 2 2 2 2 2 2 2 2 2 2 2 2 2 2 10 2 8 2 8 2 2 2 2 2 2 2 2 2 10 2 10 2 2 2 2 2 2 2 2 2 2 2 2 2 2 2 2 2 2 2 2 10 10 2 2 10 2 2 2 2
left_child=1 8 3 4 6 10 7 19 32 -8 13 12 -12 14 53 33 51 18 36 20 -3 22 23 70 -24 -23 -14 -7 -29 54 -31 -11 -1 35 -35 57 37 -18 -39 -10 41 42 -41 -43 47 48 49 -19 -46 -47 -49 52 -17 -6 -22 -38 -40 58 59 -2 64 -62 65 -64 -60 -63 -66 -68 -69 -26 -21 -61 -53 -74 -75 -54 -77 -42
right_child=15 2 -4 -5 5 27 9 -9 39 31 11 -13 26 -15 -16 16 17 44 -20 21 29 25 24 -25 69 -27 -28 28 -30 30 -32 -33 -34 34 -36 -37 55 38 56 40 77 43 -44 -45 45 46 -48 50 -50 -51 -52 72 75 -55 -56 -57 -58 -59 60 71 61 62 63 -65 66 -67 67 68 -70 -71 -72 -73 73 74 -76 76 -78 -79
leaf_value=-0.0044021364368723405 0.014674364743639326 -0.010038833888689853 -0.016563430152024217 0.037215994599165109 0.039930659570988798 0.0098911609162113685 0.011342027806710805 0.018415254888656325 -0.005539533427426354 0.005865387980406634 -0.0038610052571564266 0.03395078182145244 0.034228053557613804 0.029289970388914132 0.00029971831267103016 -0.017036894547912834 -0.029920745211805641 -0.027274758671806659 0.0010724037012417851 0.0058297713713397975 0.0051874804370370649 0.024788853370408436 -0.0047748028911867588 -0.019764719321257049 -0.0085466712680256143 -0.002116282510986273 0.011907780616073416 -0.020743181640917107 0.0048320688269994005 -0.014944941289766702 0.011862997044885316 -0.010893894376106644 -0.037774927745916745 0.028507560367540267 -0.0087581109260195175 -0.016161814218501925 -0.00042326816252449785 0.0004707008452317417 -0.023220766266972535 0.023076060817282234 0.00099549787029346764 0.035918727841297043 -0.0034660467606404473 0.0055629249889030579 0.0065322772102915407 -0.0068739247303931696 0.030628574703420886 0.019231596434968027 -0.015058684643721405 0.017210525960016564 -0.012429635687838465 0.025012288722378141 1.1883425865220165e-05 0.0038948225829899836 0.027120434245021988 -0.018069369777072072 -0.0039501120149393202 -0.00050414869911220091 0.0037876858595802046 -0.015266767058789528 0.021942790868437138 0.017927529095326168 -0.016387595674684549 0.0056910150212157911 0.0035441410072796658 -0.0039622474425019165 -0.031085093339177135 -0.024128577349443091 -0.0070244308733239677 -0.036325169053549544 0.030742465728074507 0.0072433763055348302 0 0.028184905681150074 0.0048890534829646986 -0.0010695207413455091 0.015328845030629916 -0.0079858804372686179
leaf_weight=41.138697450980544 83.265762096270919 67.211206058040261 135.43603617325425 62.832082005217671 31.921528805047274 66.146600225940347 95.130662143230438 170.81202209182084 564.28488732874393 80.104645309969783 168.57078462094069 136.64077877253294 96.104079999029636 57.613872457295656 465.54575773701072 84.453251795843244 99.524891942739487 34.359765522181988 408.96319626271725 67.703972479328513 70.103385312482715 71.986845588311553 235.83175350166857 46.306060159578919 48.903134586289525 86.024850185960531 153.18236162513494 107.98522070236504 47.466307181864977 44.617439603433013 90.238909289240837 495.29082625545561 38.953886948525906 46.059662595391273 43.338027860969305 150.98411440104246 307.78564194589853 161.01671639829874 151.81294646859169 56.16779101267457 445.02164134196937 77.717747723683715 198.94892449490726 53.798977691680193 110.12238095328212 68.896320993080735 82.677296034991741 33.391571642830968 69.243029788136482 59.018741672858596 37.278752455487847 77.219889398664236 244.93011740595102 32.98321301676333 120.09662819094956 71.764492847025394 85.880629673600197 994.91836935468018 75.216395379975438 70.585352890193462 64.709456263110042 65.266767721623182 307.92621622420847 70.260006792843342 47.859894184395671 138.11369946412742 94.537180563434958 100.03967580012977 229.30841741524637 63.401714958250523 53.402216739952564 51.311069158837199 159.25200231745839 97.385348543524742 156.84886211901903 81.845779661089182 234.08136964961886 316.48280779086053
leaf_count=835 959 937 1419 721 554 804 1187 2343 8480 1032 1090 833 599 977 8123 1025 651 493 4714 1255 844 884 2951 567 955 1027 964 1337 629 606 1116 6349 258 279 831 1915 5358 992 965 747 5796 985 2575 701 1655 1042 548 480 449 963 667 905 2772 599 1480 1265 554 11439 886 755 775 823 3466 860 482 1560 1229 1078 2655 405 346 558 2791 577 955 890 2713 4009
internal_value=0 0.00200484 0.00395719 0.00482462 0.00414194 0.00866435 0.000870019 0.00438057 -0.0017474 -0.00551943 0.0115006 0.0169391 0.0109858 0.00620859 0.0034057 -0.00162149 0.000557593 -0.00342328 -0.00631762 0.00202401 0.0086491 -0.00179119 -0.00559786 0.00693801 -0.0117752 0.010156 0.0211183 -0.00568656 -0.0127044 0.012738 0.00246382 -0.00845164 -0.0222584 -0.00405121 0.0103269 -0.0045913 -0.00980499 -0.0140281 -0.00967672 -0.000708959 0.00163405 0.0102266 0.002461 0.0244026 0.00399309 0.007318 0.0151008 -0.00771642 -0.00168662 0.00405759 0.00211114 0.00683391 0.00308698 0.0236401 0.0195666 -0.0040438 -0.0166443 -0.00381472 -0.00612697 0.00259548 -0.00767117 -0.00369491 -0.00676401 -0.0121412 -0.0122187 0.00304196 -0.0148839 -0.0170925 -0.0125981 -0.0253727 0.0178495 -0.00547653 0.0115966 0.00875417 0.0143061 0.00630484 0.0109687 -0.00269616
internal_weight=0 5262.11 3469.59 3334.16 3271.33 1364.16 1907.17 1236.64 1792.52 670.526 1142.56 554.498 417.857 588.064 530.45 5551.45 2917.75 1781.74 1286.75 1065.83 392.268 673.561 515.549 167.412 348.137 158.012 249.286 221.598 155.452 325.056 134.856 575.395 80.0926 2633.7 89.3977 2544.3 877.785 498.235 398.71 1712.42 1148.14 386.633 255.117 131.517 494.988 389.958 210.592 105.03 179.365 127.915 70.6703 1136.02 645.311 64.9047 190.2 379.55 237.694 2393.32 1398.4 205.162 1193.24 646.276 581.567 378.186 546.962 203.38 471.745 423.885 329.348 112.305 121.106 121.896 490.706 413.486 254.234 560.857 315.927 761.504
internal_count=131293 67319 42933 41514 40793 16509 24284 15716 24386 8568 13739 3486 2653 10253 9276 63974 33424 20796 14499 13373 4983 8390 6479 2168 4311 1911 1563 2770 1966 4046 1722 7381 1093 30550 1110 29440 9785 3162 2511 23293 14813 5008 3322 1686 6297 4657 2553 1640 2104 2005 1147 12628 7400 1153 2324 6623 1519 27525 16086 2272 13814 7484 6709 4326 6330 2383 5444 4962 3733 1360 1601 1313 5228 4323 1532 6375 3603 9805
is_linear=0
shrinkage=0.0454652


Tree=9
num_leaves=79
num_cat=0
split_feature=14 16 2 15 1 27 13 14 3 2 1 3 2 3 2 13 2 2 15 3 2 10 28 27 3 17 3 13 16 12 13 18 14 14 3 1 13 28 20 2 13 20 14 12 14 14 15 15 15 12 13 27 13 15 15 13 2 28 3 28 15 16 13 20 20 14 28 3 27 2 3 18 18 17 27 2 17 3
split_gain=28.8626 26.4983 26.712 19.716 19.3927 15.3752 28.3284 25.6799 25.3783 23.4979 17.4282 16.3042 21.5236 14.1152 32.3141 15.977 29.0398 15.8459 23.6109 15.0871 33.7912 13.4955 21.9615 23.3965 17.9816 15.8579 16.7312 14.3347 12.9657 18.7861 20.0458 20.6351 13.8232 12.1277 27.4503 12.0847 11.9666 14.0686 11.6854 14.4089 16.9123 22.7968 16.8167 16.4427 13.0303 10.6304 10.4831 31.8048 20.9282 35.5242 12.0915 11.1165 10.3756 14.1261 13.9948 10.7542 10.3583 16.5073 12.9733 11.9597 11.7368 14.3269 16.8889 12.8528 11.9107 16.9525 16.6157 14.2492 13.8942 32.6972 13.6377 17.1564 21.915 12.832 15.0284 14.3153 12.1331 16.0915
threshold=-8.2964134216308576 0.17302047461271289 2.6591483354568486 4.544628620147706 0.4238386750221253 0.45201864838600164 0.034063588827848441 -7.3648970127105704 0.97442492842674266 1.3944433927536013 1.0598008632659914 0.92233046889305126 0.52085041999816906 0.57438555359840404 1.5490248799324038 0.062298079952597625 1.0765300393104555 1.6343200206756594 18.732818603515629 0.48600640892982488 0.97927546501159679 0.11998357996344568 -0.010907442308962435 -0.52803644537925709 0.23656019568443301 75.500000000000014 0.90058782696723949 -0.089664563536643968 0.78121408820152294 -0.025684084743261334 0.055124830454587943 90.500000000000014 -4.0672380924224845 -11.623345375061033 0.41579525172710424 0.58766520023345958 -0.0082499319687485678 0.35222910344600683 0.31006859242916113 0.58342704176902782 -0.0095086898654699308 1.8891205787658694 -7.1747701168060294 0.0097718304023146647 -4.7776069641113272 -2.0350319147109981 12.151648044586183 10.739617824554445 7.9400517940521249 -0.030791134573519226 0.0012858103145845237 0.81279832124710094 0.090438120067119612 21.745990753173832 17.063308715820316 0.019848739728331569 1.920238792896271 0.33172981441020971 0.88181120157241832 -0.18436925113201139 12.837966442108156 0.50153061747550975 0.009162739850580694 2.6010224819183354 2.3754168748855595 -12.01483631134033 -0.41268247365951533 0.83696913719177257 -0.35222910344600672 1.0636404156684878 0.43781313300132757 83.500000000000014 44.500000000000007 92.500000000000014 -0.14132478833198545 1.088913679122925 48.500000000000007 0.38056096434593206
decision_type=2 2 2 2 2 2 2 2 2 2 2 2 2 2 2 2 2 2 2 2 2 2 2 2 2 2 2 2 2 2 2 2 2 2 2 2 2 2 2 2 2 2 2 2 2 2 2 2 2 2 2 2 2 2 2 2 2 2 2 2 2 2 2 2 2 2 2 2 2 2 2 2 2 2 2 2 2 2
left_child=1 3 4 21 33 6 7 -2 13 28 11 12 -9 14 19 16 -15 -18 -19 -8 -21 24 -23 25 27 -24 -27 -1 38 -30 31 -31 -32 34 -3 -14 -13 -38 46 43 42 -42 -41 -40 -43 -17 47 48 49 -7 -51 -50 53 54 55 -11 58 59 60 -58 61 64 63 -63 65 66 70 68 -67 76 71 72 -6 74 -68 -76 77 -70
right_child=5 2 -4 -5 56 9 8 10 -10 52 -12 36 35 15 -16 45 17 18 -20 20 -22 22 23 -25 -26 26 -28 -29 29 30 32 -33 -34 -35 -36 -37 37 -39 39 40 41 44 -44 -45 -46 -47 -48 -49 51 50 -52 -53 -54 -55 -56 -57 57 -59 -60 -61 -62 62 -64 -65 -66 67 73 -69 69 -71 -72 -73 -74 -75 75 -77 -78 -79
leaf_value=-0.0038798267357968829 0.0057121783447222343 0.0038866716960523698 -0.01179057592542187 -0.027847160577225857 0.001987920001183341 -0.024679477866591214 -0.0036708290421205631 0.0013055567585691552 0.029466330131493967 -0.00087484413426658727 -0.0033234959769119013 -0.020987146418089783 -0.024754618920781849 0.02522476138473314 -0.024496465789266134 0.0065405623098021524 -0.01903687468415044 0.023209247484164006 -0.0080557476643607923 0.034500828931990288 -0.0062619020394154342 -0.0040449505440686455 0 0.00023986333654790404 -0.010677471977747452 0.041358368754603858 0.0056732002845695491 0.03175894327139852 0.034171285564998162 0.016133709493993176 0.013956948546406221 -0.0047312865844735593 -0.0092341365177473766 0.0061857768956704359 0.036221664103296865 -0.012810284051181226 -0.0056973550436474141 0.021292103511390572 0.032716361044118639 0.01066038816129849 -0.0048018737003917965 0.039301379245680383 -0.020228787000335108 0.00047662700415790398 0.0052341548263563041 0.029215524742778085 -0.01314874337260785 0.030803766115661661 -0.004916210445413194 0 0.030636101960028875 -0.03289490490640553 0.0076844053232521499 -0.034055775283720474 0.0061361571738960388 -0.030239437528676853 0.015430680639151775 0.033677675826751012 -0.0075031762328672093 -0.01078755761584305 -0.0053082982508917556 0.04419449522302258 0.0033567746711087748 0.0089777485430905159 -0.0058000318697688652 -0.0085204484016869596 0.03539841130579216 0.023363157915919926 -0.010393613885163905 0.024444388915810727 -0.0065735454221680801 -0.012808407429052338 0.036912849688088355 0 0.018205045632741831 -0.0063758364084532722 -0.0063826739849077363 0.016962783084176036
leaf_weight=48.551180280745029 281.04999521002173 101.44004613347352 177.61542040295899 55.064364787191153 86.140014903619885 53.50259898416698 542.10989969968796 139.99523149058223 58.628017853945494 48.732752090319991 744.87022730149329 40.941807640716434 317.89536843448877 73.56627737544477 128.66017121821642 119.71194116026163 114.56718080490828 67.493125563487411 159.5982527602464 71.553826997056603 88.784276271238923 517.83766086958349 53.601420696824789 244.02487009763718 434.9239986538887 86.829688167199492 45.694624068215489 36.359261678531766 46.985701482743025 380.42408802174032 63.700567860156298 125.01589114405215 229.29362233914435 189.95147817768157 125.78667907230556 496.39269199036062 88.670207533985376 64.239124827086926 65.560870071873069 47.060384234413505 120.77018672041595 50.738778730854392 115.52097871527076 67.810910096392035 49.287510113790631 73.265495907515287 199.03220125101507 53.445066941902041 63.610146537423134 45.348522063344717 66.702052554115653 63.070833249017596 46.95038272999227 56.021081494167447 78.838289190083742 61.488218987360597 88.935848159715533 61.12095795199275 185.74849747866392 52.993785155937076 210.33105066604912 56.212785774841905 100.79077798873186 43.499211637303233 199.48333969712257 266.80318388901651 91.7030373737216 54.004725303500891 61.308295011520386 122.97685842216015 166.18584752455354 43.603940775617957 66.500558638945222 85.8700209595263 264.07110454700887 54.429508872330189 338.27275664545596 128.17756981775165
leaf_count=703 3590 1336 2062 650 1129 588 6140 1400 654 726 8796 498 3697 797 1409 1463 1248 793 1762 760 921 6787 655 3384 6293 1076 618 560 651 3829 763 1385 2872 2560 1518 5630 1210 805 764 529 1399 601 1304 818 595 802 2392 577 607 597 764 628 538 745 848 614 1208 706 2383 643 2810 657 1259 577 2701 3250 1298 609 733 1275 2354 497 780 1133 3257 687 3996 1595
internal_value=0 0.00288408 0.00510553 -0.00207882 0.00605862 -0.00182697 -0.00362923 -0.00694241 0.00115273 0.00116165 -0.00885517 -0.0123771 -0.0148102 -4.69214e-05 -0.00392423 0.00516258 0 -0.00554192 0.00127135 0 0.0120378 -0.00100439 0.00218482 0.00976437 -0.00688513 0.0217219 0.0299488 0.0115902 0.0030262 0.00721472 0.00540174 0.0108807 -0.00390531 0.0152212 0.0223209 -0.0176332 -9.43776e-05 0.00558955 -0.000278912 0.00455158 0 0.00815754 -0.0109529 0.0171808 0.0238475 0.015824 -0.0049501 0 -0.0061353 0.00426725 0.0188909 -0.0198115 -0.0107224 -0.0145126 -0.00787121 -0.0181783 0.00467032 0.0145587 0.00386578 0.00527929 0.00476217 0.0057418 0.0173111 0.0302592 0.00454237 0.00570674 0.0103562 0.00152206 8.57342e-05 0.00371993 0.00274476 0.0108524 0.0180804 0.0157518 0.0190675 0.0138256 -0.00116818 0.00782704
internal_weight=0 4946.84 3423.96 1522.89 3246.34 5870.9 3671.99 2174.05 1497.94 2198.91 1893 1148.13 954.283 1439.31 831.108 608.202 415.225 341.659 227.091 702.448 160.338 1467.82 947.988 430.151 519.834 186.126 132.524 84.9104 1906.88 845.42 798.434 505.44 292.994 417.178 227.227 814.288 193.851 152.909 1061.46 516.75 383.378 220.796 162.581 133.372 100.026 192.977 544.711 345.679 292.234 165.553 112.051 126.681 292.031 245.08 189.059 110.221 2829.16 203.051 2626.11 141.93 2440.36 2230.03 200.503 99.712 2029.53 1830.05 858.504 971.543 917.539 650.735 362.43 196.245 152.641 496.074 410.204 318.501 527.759 189.486
internal_count=131248 63739 43013 20726 40951 67509 42375 25626 16749 25134 22036 13240 10727 16095 9230 6865 4600 3803 2555 7821 1681 20076 12520 5733 7556 2349 1694 1263 21663 9500 8849 5214 3635 5414 2854 9327 2513 2015 12163 6010 4428 2595 1833 1582 1196 2265 6153 3761 3184 1949 1361 1235 3471 2933 2188 1340 35537 2557 32980 1851 30597 27787 2493 1234 25294 22593 11135 11458 10849 7599 4760 2406 1909 6375 5242 3944 6324 2328
is_linear=0
shrinkage=0.0454652


Tree=10
num_leaves=79
num_cat=0
split_feature=14 22 14 15 6 4 22 11 15 6 6 2 13 15 33 2 0 33 12 15 11 14 2 22 33 11 3 6 14 33 11 8 14 13 15 3 15 3 14 11 15 0 13 13 13 11 0 12 3 2 6 3 0 11 13 6 3 3 13 6 13 2 12 14 17 15 3 4 15 13 14 22 13 9 14 2 13 17
split_gain=26.4157 34.6238 27.1429 21.5943 28.5608 16.2885 15.0741 22.1496 25.123 16.0912 15.5559 15.9354 14.0105 24.7535 16.4913 15.7862 13.5395 15.4348 13.33 13.2662 21.3159 29.4526 16.7989 16.7805 16.415 16.1864 12.8802 13.8088 14.6788 12.5076 16.5635 12.5847 12.1253 20.5099 16.3643 28.1007 21.8269 16.583 16.74 15.9363 27.4712 18.3026 15.5231 15.387 12.0389 13.1562 11.9345 11.7184 11.329 11.3038 11.2749 12.7113 10.9466 10.8884 16.1733 10.5623 10.4555 9.93664 9.89146 9.79169 8.74096 10.0878 12.4133 9.97767 8.62617 8.33974 8.33549 8.27954 7.8844 7.71511 7.61391 7.47217 11.0606 9.41704 7.35662 7.28057 18.025 9.9539
threshold=-9.0714378356933576 -0.41988083720207209 -15.872553825378416 4.7983262538909921 -1.0174492001533506 1.7938166260719302 -0.36637854576110834 0.16694410145282748 29.468516349792484 -0.77290588617324818 2.1900187730789189 1.1289204955101015 -0.0078580658882856352 3.4247000217437749 0.99611112475395214 1.2687358260154726 0.83553943037986766 0.89692735671997081 -0.076769217848777757 21.745990753173832 0.1224152334034443 -2.2893413305282588 1.3944433927536013 -1.1742115616798399 0.99611112475395214 0.14206161350011828 0.97442492842674266 7.6040489673614511 -2.6442461013793941 0.97973212599754345 0.039436383172869689 0.11073723062872888 -5.1948328018188468 0.028913606889545921 9.3038296699523944 0.36895471811294561 7.8175280094146737 0.50476157665252697 -6.6399323940277091 0.064107906073331847 14.31094551086426 0.68615674972534191 0.012240056414157154 -0.002959955250844359 0.034645780920982368 0.042380973696708686 0.73780140280723583 0.031516242772340781 0.92742246389389049 0.93200659751892101 0.47632305324077612 0.80648869276046764 0.75280418992042553 0.11507100239396097 -0.032765338197350495 3.859798908233643 0.87847259640693676 0.27751329541206365 -0.02858856879174709 1.8213315606117251 -0.020505220629274842 0.73308575153350841 0.031516242772340781 -7.3648970127105704 36.500000000000007 9.4592218399047869 0.88181120157241832 -0.62825477123260487 7.09706735610962 0.026200992986559871 -13.84957695007324 -0.27833133935928339 -0.078442167490720735 0.27799482643604284 -7.558793067932128 1.9651418924331667 0.013611434958875181 8.5000000000000018
decision_type=2 2 2 2 2 2 2 2 2 2 2 2 2 2 10 2 2 10 2 2 2 2 2 2 10 2 2 2 2 10 2 2 2 2 2 2 2 2 2 2 2 2 2 2 2 2 2 2 2 2 2 2 2 2 2 2 2 2 2 2 2 2 2 2 2 2 2 2 2 2 2 2 2 2 2 2 2 2
left_child=1 3 65 4 12 29 7 19 -9 56 11 16 13 14 15 -1 -11 -18 -14 20 22 -22 23 24 -2 -21 27 28 32 50 -31 -32 33 34 36 -36 37 74 49 42 -41 -42 43 -34 45 -30 -16 -37 -24 -39 51 68 -38 54 -15 -46 -8 -35 -52 -45 63 62 -62 -12 -19 71 -17 -6 70 -44 -5 72 -3 -73 -25 -63 -77 -78
right_child=6 2 -4 5 67 -7 9 8 -10 10 60 -13 18 53 46 66 17 64 -20 25 21 -23 48 26 -26 -27 -28 -29 44 30 31 -33 39 57 35 47 52 38 -40 40 41 -43 69 59 55 -47 -48 -49 -50 -51 58 -53 -54 -55 -56 -57 -58 -59 -60 -61 61 75 -64 -65 -66 -67 -68 -69 -70 -71 -72 73 -74 -75 -76 76 77 -79
leaf_value=-0.00045336622558613627 -0.0019013026653266678 -0.013293111957023507 0.0031588308194545347 0.022103449647311302 0.00015259926862578436 -0.0057654112907864728 -0.0041740521061154586 0.036603991452484524 -0.0044654491821149158 0.00030919032333539046 0.0032911963059381482 -0.0070953965140493312 0.007576548132269453 0.044291438865571055 -0.01968953076978263 0.03018505886349539 0.0046286418998523291 0.030144987810977384 -0.020834627474252986 -0.02625662496942464 -0.0061267473030711637 0.03523120951494281 -0.019780734804194247 0.0049613705101962807 -0.032643667582248383 -0.00013965690775780053 0.017381036739493538 -0.022826774771551758 0.010800501197062039 0.0040358899833709931 0.016660520331539107 0.038844015690946636 -0.021509895237744867 0.0042572781334607995 -0.0054956759891881075 0.043547115576272659 -0.029990485756197997 -0.0031545599435419116 -0.020939308500318027 0.02668666584592283 -0.03067254415294465 0.0060264118578656801 -0.033669445624424567 -0.010706612935160969 0.028417114532681163 -0.018440402905752815 0.0039929466120668614 0.012379604277457283 0 0.022675267804537273 0.0091299991574266548 -0.0072117593713133653 -0.00086555419074977474 0.0029214599037832309 0.011065302052160596 0.00041044115313411546 -0.022895260992408694 -0.017628716676555536 -0.011194088164347084 0.014029176935732406 0.0014609636383101203 -0.0027609857559377036 0.021800699548710046 -0.023847837481010402 0.010914298066548285 -0.023609449524734188 0.00019278833996143061 -0.022893537369340956 0.028077947338432909 -0.011627551138326487 -0.0027030875845510307 -0.010744131703135528 0.011044072320619666 -0.00092739063864427391 0.032512960283228601 0.025305708142012284 -0.0074417407899795961 0.0065573642666646153
leaf_weight=120.77012292295694 73.230580227449536 50.861215880140662 1698.3062022347003 42.432975400239229 40.953806767240167 82.458820331841707 632.56062250956893 52.730096625164151 61.582659099251032 208.97393952868879 41.436173101887107 129.32499761879444 60.392304306849837 70.246761661022902 84.275805845856667 79.117103548720479 191.93418185040355 134.2169900611043 65.778875740244985 127.02764781937003 72.514519147574902 61.230448262766004 242.59830287657678 43.378158686682582 75.109067648649216 84.508804079145193 60.65577719733119 67.485838945955038 66.177872689440846 91.484990276396275 136.13392411917448 114.89700626581907 75.440867589786649 50.650263767689466 82.35332222096622 54.210258439183235 64.064939230680466 86.358325367793441 63.39098959416151 57.01537655107677 48.823526116088033 53.871533699333668 94.152343396097422 50.952073080465198 72.028816489502788 53.274112861603498 79.881384648382664 61.817030860111117 74.237028112635016 51.235309213399887 124.56025388464332 36.54258949868381 50.106590781360865 48.403067544102669 65.368248926475644 49.766405312344432 66.816826539114118 170.42638155817986 75.634711470454931 75.697488812729716 206.21144704334438 1351.0957274027169 88.897907016798854 63.603417268022895 100.30114859342575 50.754364773631096 29.256450574845076 97.948601329699159 118.33159883320332 71.729432733729482 48.540518768131733 505.60870021209121 120.28663740865886 355.16962327063084 47.653280576691031 64.527669973671436 189.63241777382791 224.93903394974768
leaf_count=2476 1372 637 21376 701 631 1067 7263 543 816 2417 545 1467 758 747 571 1429 3468 830 893 1848 729 442 2925 605 491 926 763 816 683 602 818 690 857 642 1021 525 784 1123 751 517 547 558 980 550 750 505 511 701 1000 642 2130 586 549 482 786 542 862 2120 1256 763 2381 15163 927 897 623 683 537 1265 1977 839 827 7351 1598 4637 599 908 2212 2691
internal_value=0 0.00271085 -0.000406515 0.00778788 0.00250584 0.012805 -0.00184337 -0.00445906 0.0146764 2.07216e-05 0.00148538 0.00706596 0.00628934 0.00931754 0.00265932 0.0105531 0.0100513 0.0146637 -0.0070499 -0.00536403 -0.00432443 0.0129367 -0.00542399 -0.00373139 -0.0182449 -0.0162495 -0.0024132 -0.0032057 -0.00228857 0.0148282 0.0214689 0.0274646 -0.00415673 -0.000641313 0.00363707 0.0142217 -0.00150367 0.00497752 -0.00216417 -0.00951826 0.00217952 -0.0114702 -0.0146947 -0.00572607 0.00788715 -0.00202427 -0.00805821 0.0283337 -0.0150929 0.00649581 0.00947184 0.0159299 -0.0180924 0.022922 0.0294171 0.0177456 -0.00615455 -0.0124116 0.00114235 0.00368106 -0.000415708 0.000205682 0.0079651 -0.0129726 0.0224523 -0.0060349 0.0228233 -0.0159473 0.0202595 -0.0249338 0.00880699 -0.00503373 0.00339195 -0.00677352 0.0206739 -0.00103384 0.00371804 2.72737e-05
internal_weight=0 4494.4 2780.99 1713.41 842.393 871.017 6341.96 2647.49 114.313 3694.47 2995.1 764.751 703.49 577.319 393.301 229.144 635.426 426.452 126.171 2533.17 2321.64 133.745 2187.89 1871.06 148.34 211.536 1722.72 1662.06 1594.57 788.559 342.516 251.031 1353.33 825.645 604.568 198.381 406.188 292.016 200.985 527.683 159.71 102.695 367.972 202.09 241.247 119.452 164.157 116.027 316.835 137.594 446.043 245.848 114.172 184.018 135.615 121.795 699.377 221.077 200.195 126.65 2230.34 2125.3 295.109 105.04 234.518 1082.68 108.374 138.902 209.305 165.882 90.9735 1031.93 171.148 860.778 91.0314 1830.19 479.099 414.571
internal_count=131500 58022 36282 21740 11086 10654 73478 30824 1359 42654 34529 8805 9190 7539 5524 4442 7338 4921 1651 29465 26691 1171 25520 21595 1863 2774 19732 18969 18153 9587 2110 1508 15673 10062 7300 2247 5053 3720 2516 5611 1622 1105 3989 2170 2480 1188 1082 1226 3925 1765 7477 4091 1333 2015 1533 1292 8125 2762 3386 1313 25724 24282 3308 1442 1453 14906 1966 1896 3505 1819 1528 14223 2235 11988 1204 20974 5811 4903
is_linear=0
shrinkage=0.0454652


Tree=11
num_leaves=79
num_cat=0
split_feature=16 7 7 27 16 15 0 5 15 21 3 2 2 15 28 5 8 3 9 3 15 11 28 15 7 27 0 2 21 2 2 16 11 28 27 28 5 21 0 2 2 2 21 28 15 3 0 16 3 16 6 3 16 27 6 3 3 2 3 3 16 0 0 27 28 11 27 8 18 6 18 7 16 15 6 15 28 16
split_gain=13.3445 21.0791 19.8237 20.0874 22.6389 19.4988 19.2971 17.5426 26.0123 41.3236 19.9109 19.7551 33.699 18.2808 33.0863 19.3453 16.1622 15.5269 14.3859 14.0408 24.1588 13.98 22.173 37.2902 29.0827 21.8657 15.6268 15.2125 13.6934 13.6365 22.4041 13.2082 28.7726 20.513 19.6507 24.1235 19.2696 19.533 16.4058 16.034 23.9827 14.4608 12.4464 12.4343 16.2194 11.9791 11.7144 11.4894 13.6546 11.4742 13.1522 11.3525 11.0448 11.9204 10.8775 25.7361 15.426 13.4212 25.5302 15.9563 18.9448 23.5345 17.5409 19.1885 13.9956 12.9543 19.4017 12.0428 11.8875 10.7379 10.6401 10.573 15.5543 10.417 9.96818 9.65581 20.7485 19.2467
threshold=0.44977150857448583 5.6019425392150888 1.0000000180025095e-35 0.65106672048568737 0.5605292320251466 8.7838659286499041 1.2688691020011904 0.22824235260486606 21.745990753173832 14.53084182739258 0.29479555785655981 1.3551039695739748 1.897948741912842 30.345355033874515 -0.22706275433301923 7.0177950859069833 2.7975096702575688 0.21331546455621722 0.26889631152153021 0.19166324287652972 24.067259788513187 0.065224513411521925 0.35222910344600683 13.777863025665285 16.054747581481937 0.6835516393184663 0.65959477424621593 0.91641339659690868 10.199377536773683 2.5983316898345952 1.6343200206756594 0.2004860192537308 0.11193299666047098 0.35222910344600683 -0.52803644537925709 -0.032717135734856122 -7.0432751178741446 -7.0189194679260245 0.44412636756896978 0.89168503880500805 1.4338389635086062 2.1361368894577031 0.056267283856868751 0.010907442308962378 12.151648044586183 0.67386299371719371 0.71247273683547985 0.12813800573349002 0.27452825009822851 0.94508099555969249 8.562899589538576 0.49298001825809484 0.71425122022628795 -0.77296444773674 -8.305386543273924 0.94750741124153148 0.98517924547195446 0.86214819550514232 0.60040155053138744 0.58661901950836193 0.36384145915508276 0.78631332516670238 0.78919142484664928 0.86046862602233898 0.8491516411304475 0.044937860220670707 -0.41268247365951533 0.91985523700714122 68.500000000000014 0.59525448083877575 21.500000000000004 -1.1865625381469724 0.38028027117252355 25.336087226867679 -9.0988440513610822 12.151648044586183 0.87137606739997875 0.77049538493156444
decision_type=2 2 2 2 2 2 2 2 2 2 2 2 2 2 2 2 2 2 2 2 2 2 2 2 2 2 2 2 2 2 2 2 2 2 2 2 2 2 2 2 2 2 2 2 2 2 2 2 2 2 2 2 2 2 2 2 2 2 2 2 2 2 2 2 2 2 2 2 2 2 2 2 2 2 2 2 2 2
left_child=1 6 3 43 5 -5 31 17 11 10 73 21 28 14 -11 -15 49 19 -16 20 -4 25 -23 -24 46 42 -27 -28 52 30 75 34 38 -34 35 -1 -36 47 -33 -39 -41 45 -9 -2 -45 -37 -25 48 -38 50 -12 -6 53 -13 55 -40 57 59 64 60 62 -62 63 -56 71 67 -67 -60 -61 -65 -43 72 -59 -10 -47 76 -19 -77
right_child=2 -3 7 4 51 -7 -8 8 9 13 16 12 -14 15 18 -17 -18 29 -20 -21 -22 22 23 24 -26 26 27 -29 -30 -31 -32 32 33 -35 36 41 37 39 54 40 -42 70 -44 44 -46 74 -48 -49 -50 -51 -52 -53 -54 -55 56 -57 -58 58 65 68 61 -63 -64 69 -66 66 -68 -69 -70 -71 -72 -73 -74 -75 -76 77 -78 -79
leaf_value=-0.013354501285952509 -0.0052063526052064492 0.024105632703804097 -0.023811329412356023 -0.00067555580948570231 0.00048983006150548378 0.029019272694997725 -0.0042818487206781556 0.020759389249898522 -0.014348054266072571 -0.0076872106155790876 -0.026866550777977047 0.015145032192530574 0.009675807245811489 -0.03048436691704947 0.042542344598884681 0.0078646391953952777 0.0052314942089788626 0.0022697572278907873 0.0087508577059944546 0.031522694435969313 0.026005388533218328 0.0052027785915384969 0.053454873807265817 -0.013197518091983105 0.033325555932557809 -0.0054336020387614967 0.024969113565462341 0.0025705764569062509 0.0090886435639631925 -0.025059608489027194 0.012202609132598413 0.021265717455064795 0.0061057777535537443 0.045190131976751369 0.016162777018733272 0.019113284365196357 0.0080262837859994551 -0.0049682202778445744 -0.025676505675960783 0.023401253981520685 -0.015064952396313384 0.037114401029607474 -0.0023570096162378496 -0.011092691068352633 -0.035058424326536171 0.01099022515732186 0.011586896175335098 -0.023862961662811721 -0.012356966431479306 -0.034193186621334158 -0.0027103429765637853 -0.020553107140629415 -0.017471340763951741 -0.013563244127222859 -0.017359157545545904 0.016114763542379493 -0.016108679600494294 0.015569137972480327 0.019140300939212727 -0.018033216727073961 0.026840319082742061 -0.00057704602433301445 0.00874121484449061 0.019655299799869214 -0.019935421302337612 0.04635549171328146 0.0074599306180437638 -0.0010894157309926029 0.0084739071845855839 -0.0093694739589593994 0.009443212645201704 -0.013630256443155374 -0.0082059237385763515 0.013466277422511259 -0.018174296484592348 -0.014811736271235032 -0.018508212446106519 -0.00069168050867202829
leaf_weight=74.560533812269568 442.62652529776096 85.377757031470537 38.472026342526078 86.101169288158417 126.58257198892534 86.016625285148621 864.5986011326313 47.18685264326632 39.871408183127642 72.588098524138331 93.430328058078885 50.182218693196774 303.15694224275649 40.452985553070903 73.115335576236248 63.556239422410727 45.071576783433557 559.35938717983663 49.501913884654641 43.365098875015974 34.078086279332638 489.28108429349959 56.397860473021865 67.867422705516219 83.578585272654891 73.49364436045289 185.90690326876938 102.76331323571503 63.347214072942734 61.323792019858956 159.57591515779495 106.9596678558737 57.785679914057255 59.403182383626699 89.185737006366253 65.464538311585784 84.275173328816891 286.79277453199029 75.42857088893652 116.32791789993644 41.586714489385486 73.679561195895076 747.12059748545289 270.073018476367 78.09579505585134 36.894492141902447 82.934243133291602 121.64254681393504 268.68135903961957 116.63069165870547 100.78972545824945 81.837128341197968 288.84171649813652 62.233076499775052 177.77467711269855 44.446080237627029 69.700103584676981 185.72747822292149 153.65531651675701 126.74726963415742 135.38738354481757 114.08669383451343 210.05618163570762 56.646984085440636 51.614504950121045 66.133604073897004 50.979095783084631 91.211110224947333 42.121909270063043 40.657027592882514 60.497800530865788 48.410757843405008 75.217519449070096 69.452769085764885 52.25286690890789 466.02156883105636 116.09829244203866 360.53183325007558
leaf_count=983 5495 1133 567 959 1395 967 11036 564 534 873 1165 632 3612 532 802 861 553 6357 568 600 555 5054 538 737 712 957 2059 1049 674 862 1901 1309 731 709 1286 833 1225 4210 986 1573 522 811 8601 3062 1063 535 820 1623 3676 1378 1242 920 3275 898 2186 439 836 2180 1946 1553 1657 1459 2812 773 549 770 530 1067 558 533 711 577 855 986 753 5600 1284 4183
internal_value=0 0.0022179 -0.00103211 -0.00637543 0.00208781 0.0142165 0.00174695 0.000141922 0.00205324 -0.0053048 -0.0137724 0.00415612 -0.00195918 0.00770881 0.0158754 -0.00718782 -0.0189536 -0.00343368 0.0300074 0.0122905 0 0.00660477 0.0113215 0.0212371 0.0124971 0.00335257 0.0125517 0.0173093 -0.00967332 -0.0045464 -0.00370043 0.00329222 0.00560873 0.0271748 -0.000123775 0.0088461 -0.00342636 -0.00544271 0.00421432 0.0013081 0.0128456 0.0148508 -0.000823455 -0.0104992 -0.016951 0.00476251 6.39721e-05 -0.0118274 -0.0073173 -0.0226376 -0.0148909 -0.00777952 -0.0128174 -0.000247453 0.00313774 -0.00976756 0.0040998 0.00503393 0.00964321 0.00126511 0.00421817 0.0143024 -0.00094395 -0.00853418 0.00090998 0.0181115 0.0306489 0.0115147 -0.0110954 0.00715774 0.0256385 0.00475806 0.00851106 0.0027406 -0.00562838 -0.0054509 -0.00131959 -0.00874517
internal_weight=0 4361.97 6478.91 1171.33 380.537 172.118 4276.59 5307.58 3468.75 764.461 465.246 2704.29 767.761 299.215 195.205 104.009 355.922 1838.83 122.617 115.915 72.5501 1936.53 780.059 290.778 234.38 1156.47 362.164 288.67 464.604 1722.91 1661.59 3411.99 2040.15 117.189 1371.84 363.35 1008.49 919.306 1922.96 444.707 157.915 288.789 794.307 790.795 348.169 154.612 150.802 474.599 352.957 310.851 194.22 208.42 401.257 112.415 1816 119.875 1696.13 1626.43 722.949 903.478 734.609 249.474 485.135 275.079 360.97 361.979 117.113 244.866 168.869 97.304 134.177 309.356 260.945 109.324 89.1474 1502.01 675.458 826.553
internal_count=131371 55925 75446 13861 4241 1926 54792 61585 39676 9494 5858 30182 9091 3636 2243 1393 4338 21909 1370 1722 1122 21091 7861 2807 2269 13230 4065 3108 5479 20187 19325 43756 25015 1440 18741 4626 14115 12829 23575 6305 2095 3643 9165 9620 4125 2121 1557 6524 4901 3785 2407 2315 4805 1530 22266 1425 20841 20005 8474 11531 9420 3116 6304 3492 4161 4313 1300 3013 2111 1306 1522 3612 3035 1520 1288 17424 7641 9783
is_linear=0
shrinkage=0.0454652


Tree=12
num_leaves=79
num_cat=0
split_feature=30 28 0 3 16 15 17 7 13 13 3 3 20 28 0 13 3 28 15 6 33 6 7 13 22 0 13 16 13 16 16 33 3 13 16 33 13 28 20 22 15 3 13 15 20 0 13 2 33 6 13 33 17 13 3 28 13 2 33 15 13 8 6 3 3 15 30 2 7 15 17 16 13 22 16 6 16 17
split_gain=26.2355 39.7468 34.361 31.2083 25.0846 23.91 23.657 29.8463 20.4095 22.458 23.2028 38.7932 22.5901 19.8901 31.5482 26.9337 34.8652 22.6274 24.0488 23.655 19.4147 18.5947 18.5361 21.8826 22.0131 19.3705 17.8698 52.0401 27.0135 22.5149 24.4033 41.6709 28.9379 24.9174 22.2376 26.2446 21.9057 26.8176 21.6412 20.4501 20.3646 17.8038 16.9931 16.9884 16.2775 16.069 19.7754 15.121 15.4065 14.7865 14.0362 13.8773 12.5798 12.4964 12.3473 20.873 26.4832 21.3653 26.8335 17.7582 17.3155 14.2695 12.2887 12.2527 11.9804 11.8066 11.5338 11.3893 18.5655 13.0133 15.5872 21.067 18.7896 12.6148 11.2835 11.1764 11.1613 10.9827
threshold=1.0000000180025095e-35 0.33172981441020971 0.85120758414268505 0.40618689358234411 0.86524826288223278 13.15190649032593 7.5000000000000009 19.400417327880863 0.061406843364238746 0.054354853928089149 0.18086424469947818 0.22822879999876025 0.4669168889522553 0.6835516393184663 0.61634179949760448 -0.043340459465980523 0.34693372249603277 -0.50938662886619557 9.3038296699523944 -1.5060858130455015 0.99393379688262951 6.9238219261169442 10.869776248931887 -0.0090743228793144209 -1.053184390068054 0.45282396674156195 0.034063588827848441 0.59410187602043163 0.076592281460762038 0.21993382275104525 0.41482903063297277 0.99393379688262951 0.55752557516098034 -0.056366251781582825 0.85208094120025646 0.99611112475395214 -0.0034165205433964725 0.61734244227409374 -1.9663243293762205 -0.44073058664798731 24.451176643371586 0.44299618899822241 0.0024823036510497336 24.879017829895023 0.78455388545990001 1.1178360581398012 0.073342122137546553 0.62572765350341808 0.99472221732139599 2.5650792121887211 -0.031489513814449303 0.99611112475395214 53.500000000000007 -0.015958891250193116 0.44299618899822241 -0.032717135734856122 -0.042333424091339104 0.93200659751892101 1.0013927817344668 9.1498284339904803 -0.076228909194469438 -0.29515030980110163 -1.3805612325668333 0.66260868310928356 0.2657888531684876 12.151648044586183 -0.56174489110708226 1.3849490880966189 -8.197626590728758 15.488163471221926 60.500000000000007 0.36384145915508276 -0.0078580658882856352 -0.30692352354526514 0.74031355977058422 6.578604221343995 0.342839926481247 64.500000000000014
decision_type=2 2 2 2 2 2 2 2 2 2 2 2 2 2 2 2 2 2 2 2 10 2 2 2 2 2 2 2 2 2 2 10 2 2 2 10 2 2 2 2 2 2 2 2 2 2 2 2 10 2 2 10 2 2 2 2 2 2 8 2 2 2 2 2 2 2 2 2 2 2 2 2 2 2 2 2 2 2
left_child=1 3 4 8 13 42 -6 -8 9 10 -1 -12 77 15 22 16 -2 -17 19 53 -14 44 23 24 -15 -25 27 29 34 41 31 33 -33 -31 38 75 -29 49 -28 -40 52 64 54 -10 65 46 -7 -32 -49 -38 -35 -39 -30 -19 60 56 -56 -57 -59 61 -4 -58 -52 -60 -3 -20 -5 68 -68 70 72 -72 -70 -74 -46 -36 -55 -13
right_child=2 26 5 66 6 45 7 -9 43 -11 11 12 20 14 -16 17 -18 18 21 -21 -22 -23 -24 25 -26 -27 28 36 40 30 47 32 -34 50 35 -37 37 51 39 -41 -42 -43 -44 -45 74 -47 -48 48 -50 -51 62 -53 -54 76 55 57 59 58 63 -61 -62 -63 -64 -65 -66 -67 67 -69 69 -71 71 -73 73 -75 -76 -77 -78 -79
leaf_value=-0.023651160187690427 -0.0076304029770216776 0.003727055665694941 -0.013567943483311572 -0.0013359311332466221 0.00012347747441701691 -0.016824985977811673 -0.040720561601857566 -0.0017271236012315287 -0.017913560668954109 0.036546765741412308 0.037773729445384582 -0.0092449236738231556 0.0023783643383941491 0.023597389614668871 -0.022118927283377995 -0.01803490775231005 0.031112959745116929 0.017428385602583647 0.020672265902721559 -0.022203044925026966 0.023310814831371908 -0.017018262100283635 0.022429813994028217 0 -0.0071226366755582924 -0.030868484115497478 0.035606473344924644 -0.027994740314736932 -0.032580335478491831 -0.01988206862074916 0.017416475442826766 0.050285444363114988 0.014953452388243429 0.032903120968895479 0.025688422853951589 0.043642776307027037 -0.0029296856752076966 0.00038131781315632065 -0.00636795863847973 0.022073475113698397 0.012010668607176794 0.0078934972488764275 0.010375408744603363 0.0070270404825482817 0.038080273885842751 0.00086624394991901535 0.0096802118592152261 0.006814441089083933 -0.017972132675220048 0.030552461416883302 0.017799097692806326 -0.021904891732775444 0 -0.021226270766601461 -0.02511666203546916 -0.011000633985684429 -0.0065811934719833161 0.036807989339553517 0.021512319830554235 -0.018300596430726224 0.015732051392528708 0.0091657727231160627 -0.01107386853597609 -0.012240518193830855 -0.021025414325907821 -0.0056797086796670122 0.018039255956632309 -0.013636054279723567 0.0033982805523717868 0.01072634992990306 -0.015534103748852626 0.017151771800247413 -0.036830238394393901 -0.013348198661829562 0.0075019643092602744 -0.00652818963115177 0.006788044743989914 0.0057539303458423929
leaf_weight=45.577107641845942 79.949926184490323 60.255209885537624 47.606235031038523 1931.1475206520408 80.315285904332995 329.15219676680863 129.62663371674716 62.63662594370544 124.12036853656173 51.358158694580197 79.077708195894957 223.41451835073531 192.8177943918854 70.399989107623696 299.97849708050489 192.9385546091944 105.91573137044907 65.503247635439038 48.005040220916271 147.15034185163677 182.96426828205585 44.503222402185202 48.418378910049796 73.624865639954805 130.02765797078609 98.257368741557002 50.320350026711822 99.050540640950203 45.135614493861794 51.860702062025666 102.95950052887201 114.00970634073019 97.063980512320995 55.574136320501566 37.282754631713033 118.54767174273729 45.278201574459672 94.33918503113091 147.6769379042089 74.824683247134089 107.19872039556503 245.34160550683737 538.91496404446661 94.327998707070947 65.107951927930117 359.34325114265084 65.197657374665141 116.84276206791401 85.152305372059345 54.479686414822936 63.739219963550568 129.02225735783577 46.856678936630487 53.483688557520509 117.16938951052725 66.682332349941134 208.2136955820024 79.984563402831554 31.772010754793882 103.68450334668159 195.03974314033985 262.51198923960328 49.755733456462622 54.208986919373274 98.027426889166236 100.57485810481012 68.295186843723059 376.62253431789577 86.697038596495986 74.645754924044013 67.966203946620226 88.603926081210375 70.728956893086433 188.35892410390079 50.054533120244741 41.731256855651736 53.447645490989089 174.04496484063566
leaf_count=625 949 903 575 23409 870 3785 1518 701 1565 575 999 2899 3091 837 3790 2253 1391 785 580 1952 1114 594 530 921 1627 1352 599 1268 473 852 1250 671 620 868 585 720 497 1626 1645 903 1357 3253 6380 1332 749 4372 800 1997 541 668 1149 821 641 717 1606 861 2527 512 463 1181 2366 3112 853 965 1358 1326 909 4796 1151 702 649 1018 758 2267 532 801 737 2345
internal_value=0 0.00169484 -0.00285201 -0.000942338 -0.00727356 0.00072965 -0.0200591 -0.0285657 0.00532169 0.00822473 0.00639248 0.00816116 0.00488739 -0.00518522 -0.0109353 -0.000992618 0.0143851 -0.00458808 -0.000288656 -0.00904542 0.0128397 0.00863362 -0.00271048 -0.0063175 0.00368505 -0.0180732 0.0065776 0.00385218 0.0128042 0.00891549 0.0136224 0.0205495 0.0348569 0.00627898 0.0187093 0.0303284 -0.00966734 -0.0036207 0.00979604 0.00320681 -0.000996285 0.000151306 0.00372541 -0.00699348 0.0133378 -0.00596964 -0.0122661 0.00350961 -0.00354693 0.0153684 0.0148652 -0.0124398 -0.0165272 0.00216053 0.000587003 -0.00177352 -0.00577887 0.00982116 0.0185372 -0.00160047 0.00965632 0.00210107 0.00478147 0.000100381 -0.0114455 0.00284024 -0.00343969 -0.00734652 -0.00353787 -0.00628461 -0.00897475 0.00262517 -0.0143359 -0.0204162 0.025911 0.00860176 -0.00704992 -0.00256382
internal_weight=0 6353.1 4459.4 4120.77 1999.92 2459.48 272.579 192.263 1167.7 949.255 897.896 852.319 773.242 1727.34 720.707 1006.63 185.866 820.769 627.831 319.585 375.782 308.246 420.728 372.31 200.428 171.882 2232.33 1562.75 669.575 1140.58 736.958 432.003 211.074 220.93 470.384 197.562 422.17 323.119 272.822 222.502 199.191 403.624 1705.79 218.448 263.742 753.693 394.35 304.955 201.995 99.7579 169.069 223.361 91.9923 172.435 1166.87 924.227 691.58 232.648 165.966 574.41 242.646 470.726 113.495 85.981 158.283 148.58 2953.07 1021.92 645.296 577.001 502.355 156.57 345.785 259.088 115.162 79.014 106.931 397.459
internal_count=131339 77123 54216 50204 24711 29505 3089 2219 14545 11648 11073 10448 9449 21622 9057 12565 2340 10225 7972 4191 4205 3781 5267 4737 2464 2273 26919 19195 7724 14315 8801 5013 1291 3722 5253 2106 4880 3612 3147 2548 2471 5514 20548 2897 3187 8957 4585 3788 2538 1165 2870 2447 1114 2239 14168 11227 8426 2801 1940 6820 2941 5639 2002 1428 2261 1906 35659 12250 7454 6545 5843 1667 4176 3025 1281 1386 1454 5244
is_linear=0
shrinkage=0.0454652


Tree=13
num_leaves=79
num_cat=0
split_feature=29 30 12 12 13 33 32 8 22 13 7 13 17 13 7 22 11 6 13 33 27 13 20 7 6 20 13 33 27 13 17 33 22 33 22 13 8 12 13 7 22 12 20 9 33 29 13 13 7 6 29 9 13 29 8 12 29 13 27 7 12 13 12 27 27 13 12 13 20 17 29 27 6 9 20 22 12 12
split_gain=49.6548 22.9232 43.6986 28.9252 26.7338 43.2779 64.7508 24.5332 30.2464 23.1399 21.0004 25.5599 19.478 19.371 14.76 14.5879 41.9185 26.1545 20.2498 14.8969 14.3962 16.8399 17.3329 14.2858 13.3631 13.1258 12.2704 35.7295 20.7969 20.7502 18.5625 12.0733 12.0405 11.6478 37.8878 28.5722 17.6003 20.451 15.5165 19.0343 13.6557 14.6192 13.6355 13.513 11.6441 11.5784 11.5698 20.0672 11.7422 10.8552 17.1806 10.343 9.90292 9.53389 9.42333 9.99405 9.15771 15.7763 9.09228 9.05106 8.64893 8.62565 8.55933 8.27151 12.4781 8.09195 12.2124 15.8217 16.2145 11.2622 8.21433 15.8942 7.83048 7.75253 7.54565 8.37123 7.47495 8.5811
threshold=-0.60785761475563038 -0.56174489110708226 0.0064814856741577396 -0.022357173264026638 0.015699923969805244 1.747500002384186 1.0000000180025095e-35 -0.50057619810104359 -0.55584347248077381 -0.089664563536643968 -23.973824501037594 -0.076228909194469438 65.500000000000014 0.021456169895827774 9.1725459098815936 -0.48370155692100519 0.051669975742697723 -5.9158937931060782 0.016962020657956604 0.99611112475395214 -0.72982063889503468 -0.035791661590337746 0.094545710831880583 -29.206947326660153 -1.3805612325668333 -2.8005070686340328 0.061406843364238746 0.90112781524658214 0.18436925113201144 0.0568116381764412 44.500000000000007 0.99611112475395214 -0.90147745609283436 1.0000000180025095e-35 -0.69401520490646351 0.0004132431786274538 0.0951969549059868 0.053960280492901809 0.016522760502994064 -13.039466381072996 -0.70876610279083241 0.03015141095966101 2.0442233085632329 0.27571420371532446 1.747500002384186 0.87837970256805431 0.00292141130194068 0.021456169895827774 -0.71783375740051258 8.3920750617980975 0.87837970256805431 0.15565320849418643 -0.044471988454461091 0.6078576147556306 0.048150027170777328 -0.0043644921388477078 0.87837970256805431 -0.0090743228793144209 -0.2693240344524383 -0.36129151284694666 0.03015141095966101 0.0083035500720143336 0.026133546605706218 0.88186877965927135 0.52803644537925731 -0.0050705852918326846 -0.062170738354325288 -0.011270231567323206 -0.315454751253128 58.500000000000007 0.6078576147556306 -0.50938662886619557 1.4665945172309878 0.25198920071125036 -3.6345804929733272 -0.16189176589250562 -0.044658504426479333 -0.019718342460691925
decision_type=2 2 2 2 2 8 2 2 2 2 2 2 2 2 2 2 2 2 2 10 2 2 2 2 2 2 2 10 2 2 2 8 2 10 2 2 2 2 2 2 2 2 2 2 8 2 2 2 2 2 2 2 2 2 2 2 2 2 2 2 2 2 2 2 2 2 2 2 2 2 2 2 2 2 2 2 2 2
left_child=14 3 9 10 5 6 7 -5 -9 23 -2 -12 -7 62 -1 16 17 19 56 -11 52 44 24 -3 25 -23 29 30 -29 33 49 -17 -15 38 42 43 37 51 39 45 41 -41 -35 -36 -22 -4 48 -48 -13 50 -28 -37 -18 -46 -33 65 57 -19 -14 -60 -10 -59 -6 64 -49 66 70 68 -68 -67 71 -56 -57 -42 -71 -76 -20 -78
right_child=1 2 26 4 13 12 -8 8 60 15 11 46 58 32 -16 31 20 18 76 -21 21 22 -24 -25 -26 -27 27 28 -30 -31 -32 54 -34 34 35 36 -38 -39 -40 40 73 -43 -44 -45 53 -47 47 63 -50 -51 -52 -53 -54 -55 55 72 -58 61 59 -61 -62 -63 -64 -65 -66 69 67 -69 -70 74 -72 -73 -74 -75 75 -77 77 -79
leaf_value=-0.035907882254922932 0.020425763662878134 0.0028148786591244328 -0.0038757635146334725 0.039607592883565419 -0.00069493095378950404 -0.0009352654214424002 -0.0072233652683979695 0.039265148244601644 0 0.0011007152521688563 -0.028080500160744312 -0.00048829119240679922 0 -0.012093314895777927 -0.0045110048927364411 0.023333743433627794 0.011744625173759 -0.0017139484136137271 -0.0050161309165955474 0.034060335720627978 0.036231649263556945 -0.013797333536288958 0.026770325255767315 -0.02814447053386893 -0.01948690348304024 0.01566003074265971 -0.0086458524894335292 0.031989330809816863 0.0010936233545992468 -0.028603294429988168 -0.031375986871860828 -0.0030430913157604928 0.0043226382255865982 -0.015005515259890188 -0.019513307363409355 0.029479204800104797 -0.0078278939889602321 -0.0021396626013056317 -0.0087662362501565692 -0.0011224569290992686 -0.0033687734989350463 0.026333290300696061 -0.039125329439873777 -0.00061259402778966797 0.027438521541091065 -0.041251229001721033 -0.01757017523123397 0.0036053364097215993 0.018266329705542178 -0.014898222400255871 0.03529052845389459 0.0065626734008571623 0.041006760247197883 -0.00155897801826486 0.027362956272201779 0.023405306562618106 -8.5979005434066687e-05 -0.032731133142737227 0.013019428019475069 0.042995735304000096 0.016940098644235908 -0.0064318325803698921 -0.022671412790019604 0.017905833289445103 -0.021326299626016777 -0.012312564726844147 0.018744432493332203 0.036047785533171249 -0.0036984993073513189 0.015641901684738765 -0.0064942865678958347 -0.0094157394500522032 0.0013016741328819765 0.0078389201630888403 -0.011093124856277049 0.0050443250526837546 0.03161590532830065 0.0022378008644565986
leaf_weight=96.383627260103822 72.080674009397626 44.052025469020009 47.408949611708522 181.99847556650639 68.927748251706362 632.5321130566299 153.71387024968863 96.861699923872948 115.8485748693347 59.929058661684394 81.789366291835904 558.13757622800767 47.962223993614316 94.75060748681426 52.148920455947518 44.187449812889099 49.205385208129883 103.89475873298943 41.939314955845475 56.365703336894512 75.040739737451077 41.982119472697377 50.05182296037674 77.683941600844264 59.587793335318565 88.617101136595011 35.623624557629228 88.200262494385242 95.220985770225525 80.522421326488256 59.8102390114218 956.90481529571116 1208.614310355857 140.18454848229885 289.92386207729578 85.811205998063087 276.60660873353481 218.69409713894129 478.19650348648429 60.884394766762853 360.6880181375891 95.938712945207953 90.004093058407307 114.26968318969011 34.47270274721086 27.236816318705678 218.24864072166383 152.86226836778224 73.987339980900288 57.343342633917928 29.162010993808508 92.445378363132477 72.936508506536484 51.451734201982617 46.017834588885307 78.76764490455389 117.484729135409 100.25809493660927 79.491153582930565 32.955306105315685 129.4721917361021 44.09741990827024 88.46049758978188 45.163754865527153 51.602749701589346 167.14198355004191 118.28862916305661 42.722552178427577 137.3673681486398 63.045995259657502 206.70043591968715 41.511856390163302 64.291682658717036 191.21331857517362 106.29361499100924 159.84280714020133 39.921583164483309 47.200191684067249
leaf_count=1241 838 530 903 1120 729 10938 1001 587 731 1073 895 8065 886 1118 593 286 603 1316 465 339 460 545 583 1007 720 1116 693 535 569 876 977 12056 13863 926 1903 554 1799 1426 8121 1091 6498 1697 585 753 624 548 2569 1766 842 979 494 600 850 864 562 905 1475 1229 1420 449 796 524 888 556 600 1955 1553 469 1741 719 2573 570 741 3559 1294 2037 549 610
internal_value=0 0.000496002 -0.00118725 0.00312221 0.00559704 0.00991967 0.0183309 0.0259148 0.0181097 0.00226625 -0.00262463 -0.00413719 0.00261054 0.00119575 -0.0256201 0.00299046 0.00718465 -0.000838856 -0.0054984 0.0180946 0.0165798 0.0119985 0.00399392 -0.016826 -0.00218598 0.00569727 -0.00519729 0.00249566 0.0165836 -0.00627851 -0.0114971 0.000828718 0.00305788 -0.00551566 -0.00853062 -0.00485166 0.000827717 0.00699913 -0.00233388 0.00155581 0.00394824 0.015613 -0.0251624 -0.014349 0.0232551 -0.0195658 -0.00221542 -0.00762262 0.00173338 -0.000674885 0.0113432 0.0182753 0.0303665 0.0102501 0.000309541 0.00295449 -0.0109974 -0.0158829 0.0165651 0.0234227 0.00905478 -0.025424 -0.0136101 0.00102507 -0.00274749 0.00139633 0.00499744 0.0114327 0.00662924 -0.00281159 -0.00143226 0.00974577 0.0141153 0.000455606 0.00195795 -0.00129064 0.00957757 0.0170476
internal_weight=0 10690.1 6504.65 4185.46 2931.59 1470.84 677.895 524.181 342.182 3489.26 1253.87 1181.79 792.941 1460.75 148.533 3367.52 1134.44 611.091 494.796 116.295 523.346 401.204 240.239 121.736 190.187 130.599 3015.39 365.36 183.421 2650.03 181.939 2233.08 1303.36 2569.51 1307.94 1077.75 673.557 396.951 1261.57 783.37 708.724 156.823 230.189 404.194 160.965 74.6458 1100 467.877 632.125 122.129 64.7856 178.257 122.142 85.9244 2188.9 1231.99 365.735 248.25 160.409 112.446 245.321 144.356 157.388 249.629 204.465 1088.93 592.609 298.379 255.656 496.324 294.23 87.5297 143.059 551.901 329.182 266.136 129.061 87.1218
internal_count=131520 129686 79029 50657 34526 17928 4235 3234 2114 42943 16131 15293 13693 16598 1834 41406 13945 7580 6168 1412 6365 4912 2964 1537 2381 1661 36086 4247 1104 31839 3143 27461 14981 30963 8546 7035 4379 2580 22417 14296 12845 2788 1511 2656 1948 1451 14398 5491 8907 2166 1187 1154 1453 1488 27175 15119 4544 3069 2755 1869 1527 1753 1617 2922 2366 13473 7468 3763 3294 6005 3705 1132 1646 10057 4050 3331 1624 1159
is_linear=0
shrinkage=0.0454652


Tree=14
num_leaves=79
num_cat=0
split_feature=29 21 33 28 6 29 13 13 13 13 18 13 13 23 20 5 33 0 13 18 21 5 10 31 10 18 29 29 13 13 22 0 13 13 33 29 21 21 20 23 28 29 13 33 21 21 20 18 21 18 6 20 18 5 22 6 28 0 21 6 32 13 21 21 20 29 13 21 13 28 31 6 23 8 29 21 33 6
split_gain=37.13 12.8613 11.7151 11.0473 26.0474 19.076 28.0041 26.6671 21.1889 20.0334 19.4467 22.2642 28.6866 18.905 18.065 19.7546 25.4135 33.092 32.9858 17.7278 16.847 15.0277 14.8193 34.9317 14.78 14.2686 13.9142 14.6447 18.9458 16.7805 15.93 12.8083 11.1779 11.8527 13.5408 10.8281 11.4876 13.6181 11.233 10.8003 10.6699 14.6435 10.5018 10.9625 10.1672 9.71322 41.5294 9.51997 9.60146 9.43275 12.4218 23.8051 11.8588 17.0777 12.8031 11.0941 10.1844 9.80955 9.38877 14.2645 10.1309 9.03842 14.2113 11.7975 15.4765 11.5754 10.5507 8.90831 12.1558 23.5941 17.7138 18.7486 16.0384 14.6858 14.4266 16.1214 12.9154 9.92905
threshold=-0.60785761475563038 4.2223539352417001 0.94019654393196117 0.24825246632099154 -3.3147962093353267 0.6078576147556306 -0.057725427672266953 -0.043340459465980523 0.060483878478407867 -0.069018486887216554 79.500000000000014 0.027328005991876129 0.045058492571115501 0.77830490469932567 1.1718366146087649 4.0920622348785409 1.0013927817344668 0.81657367944717418 0.01874298416078091 60.500000000000007 -0.058892929926514619 -0.91200733184814442 0.027849223464727405 1.0000000180025095e-35 0.15311733633279803 47.500000000000007 -1.0000000180025095e-35 1.0000000180025095e-35 -0.0090743228793144209 -0.033312179148197167 -0.72254016995429982 0.58503356575965892 0.03166488744318486 0.054354853928089149 1.0013927817344668 1.0000000180025095e-35 -2.8006582260131831 4.3863382339477548 -0.28353855013847346 0.75361329317092907 0.63435554504394542 -1.0000000180025095e-35 -0.036412794142961495 1.0013927817344668 -7.6259050369262686 11.563479423522951 0.75189173221588146 81.500000000000014 8.5440640449523944 83.500000000000014 6.9238219261169442 4.6554138660430917 43.500000000000007 -4.7729015350341788 -0.26147972047328943 -2.8847647905349727 -0.05451125651597976 0.9671454429626466 11.563479423522951 10.019149780273439 1.0000000180025095e-35 0.019296961836516861 -0.42686589062213892 3.8906018733978276 0.37425710260868078 1.0000000180025095e-35 -0.015034546144306658 7.2958114147186288 0.014049063902348282 -0.74455857276916493 1.0000000180025095e-35 4.0856635570526132 0.71591845154762279 -1.5706143975257871 1.0000000180025095e-35 -1.3937980532646177 0.97973212599754345 1.5890282988548281
decision_type=2 2 8 2 2 2 2 2 2 2 2 2 2 2 2 2 8 2 2 2 2 2 2 2 2 2 2 2 2 2 2 2 2 2 8 2 2 2 2 2 2 2 2 8 2 2 2 2 2 2 2 2 2 2 2 2 2 2 2 2 2 2 2 2 2 2 2 2 2 2 2 2 2 2 2 2 10 2
left_child=1 -1 -2 22 21 9 -7 -8 10 19 11 -9 -13 -12 20 16 17 18 -16 -6 26 -5 23 35 -15 -23 -11 28 30 -29 -28 -22 -33 -34 -35 -4 -37 38 -38 -25 -18 -42 -41 -44 -27 46 -10 48 -17 52 61 -52 53 54 -24 56 -55 -53 59 67 -60 62 65 -63 -65 -51 -64 68 70 77 76 73 -71 -72 -75 -76 -54 -70
right_child=2 -3 3 4 5 6 7 8 45 14 13 12 -14 24 15 47 40 -19 -20 -21 31 25 49 39 -26 44 27 29 -30 -31 -32 32 33 34 -36 36 37 -39 -40 42 41 -43 43 -45 -46 -47 -48 -49 -50 50 51 57 58 55 -56 -57 -58 -59 60 -61 -62 63 66 64 -66 -67 -68 -69 69 72 71 -73 -74 74 75 -77 -78 -79
leaf_value=-0.032172698938035087 0.021829622285930821 -0.0029653408112464623 -0.011261022831902029 0.0040052106223293906 -0.00040264750201834308 -0.027364379798024852 0.026495374856742849 -0.0064665604821255709 -0.007621078230123781 0.020032806608546443 -0.019546531924359633 0.028424018411559605 -0.012204138591304089 0.013186069083275407 -0.010357454816849892 -0.00026399587069937615 0.013623450972012873 0.044597610695549163 0.027109421867956049 0.03667661056807496 0.0009583243784954252 0.026361507902228281 0.013946891527384131 -0.00068069916027568985 -0.016367459913910105 0.023445072769142067 0.019583727569160523 -0.0075821404331151967 -0.031997559795192081 0.025945076011200229 -0.014300191825082149 -0.023546856342555298 0.010098474718198889 -0.028488923121347733 0.00073098039918830871 -0.015842693733974206 -0.00051013503404980821 -0.016792853593987234 0.018271580701869485 -0.0026267845684855638 -0.022560369857973852 0.0040040650500476347 0.027945924215227267 0.010170238875320514 0.0010812654101067169 -0.0033593767865213219 0.045609032523757122 0.0054242196341347795 -0.023698685640681415 -0.02560930860345674 -0.020635465983129517 -0.019272373853351881 0.0022399619899709389 -0.011403478355030547 -0.00020077511292474683 -0.0017894182725811524 0.0017706013777119643 0.0025019209578073785 -0.026204379568065435 0.022957107182185882 -0.00021901022189877041 -0.023186863309414902 0.023354935824922644 0.013736704090373031 -0.010069163344136567 0.0026076207063926429 0.0030682514978758522 -0.0064902047017430355 0.012795040803085175 0.042339146728710586 -0.0046988615010362398 -0.0083272928594613892 0.012359289280322485 0.03392291050063085 -0.01045355058749157 0.020692151316964863 -0.013135507002622327 -0.011052866420932434
leaf_weight=94.55615265481174 47.777295231819153 52.571796020492911 219.17998674511909 635.61081817187369 40.251523595303297 96.343533895909786 58.696458168327808 371.84235826693475 58.475492699071765 86.378439016640186 311.85652006417513 96.811339274048805 50.882612125948071 78.86515992321074 84.722697272896767 86.535993754863739 98.416132263839245 83.872233226895332 101.17796509712934 61.962527120485902 187.05814892053604 151.73290811479092 155.49237372912467 84.626686695963144 56.210584919899702 56.392412548884749 48.944731503725052 49.307767279446125 48.358796598389745 66.188106000423431 57.947343675419688 135.94500963948667 58.697018949314952 60.060892976820469 60.243143692612648 60.214217189699411 115.6900449488312 43.465759737417102 134.45985947363079 45.286879483610392 58.930468058213592 125.32594184204936 164.29078916460276 158.01404491998255 156.17671909555793 61.046899547800422 54.099177818745375 133.65239298902452 63.948011741042137 51.941139688715339 253.63385357521474 47.749761391431093 211.72208440862596 702.13240486569703 734.06637928448617 876.57317857816815 137.75773909129202 232.13774975948036 42.541461674496531 68.858981363475323 104.5755998082459 70.335776733234525 67.497366109862924 78.849286252632737 169.23671569861472 57.454940378665924 241.65119083225727 200.29253798909485 49.25796808488667 49.259775111451745 63.701108794659376 104.32936060801148 169.20507606118917 83.647640129551291 49.290230015292764 87.953605566173792 225.10959310829639 103.26233763806522
leaf_count=1231 299 608 2886 8143 603 1260 642 4853 802 1165 3696 1037 541 885 544 1039 1647 516 639 791 2179 2012 2033 848 693 681 610 570 607 859 631 1515 756 401 1050 776 1451 480 1647 644 1000 2108 1007 2850 1806 826 431 1546 723 624 2911 561 3999 9151 9289 10814 1697 2744 568 899 1324 795 833 886 1820 746 2726 2264 560 598 745 1315 1819 988 596 936 1480 1264
internal_value=0 -0.022421 0.000266781 0.000156698 0.00201064 -3.89983e-05 -0.0042539 -0.00226938 -0.00388226 0.00297288 -0.00654405 -0.00044671 0.0141539 -0.0134555 0.00173704 0.00649523 0.0114966 0.0213851 0.00992189 0.0221617 -0.00284859 0.00837377 -0.00100111 0.00399078 0.000417642 0.0157344 0.00458248 -0.000393771 -0.00958123 0.0114536 0.00092511 -0.00822574 -0.0137758 -0.00572881 -0.0139212 -0.00339392 0.00141598 0.00528805 0.00952487 0.0134015 0.001719 -0.00453807 0.0167466 0.019617 0.00756952 0.01047 0.0182426 -0.00308479 -0.0109013 -0.00194455 -0.00538018 -0.0106511 -0.000894219 -0.00279707 0.00227006 -0.00545062 -0.00918677 -0.00126488 0.00214921 0.00327806 -0.00856074 -0.00146079 0.00283994 -0.00722946 -0.00220953 -0.0107995 0.00790007 0.00220916 0.00372288 0.0105184 0.000574333 0.0076431 0.0199915 0.0137017 0.0192139 0.00918238 -0.00562104 -0.0029066
internal_weight=0 147.128 10655.5 10607.7 4092.97 3093.06 1295.13 1198.79 1140.09 1797.93 966.469 519.536 147.694 446.932 1695.71 836.582 552.445 269.773 185.901 102.214 859.129 999.913 6514.75 1025.23 135.076 364.302 357.125 270.747 155.251 115.496 106.892 502.004 314.946 179.001 120.304 573.01 353.83 293.616 250.15 452.218 282.673 184.256 367.592 322.305 212.569 173.622 112.575 284.136 150.484 5489.52 1270.49 533.521 4219.03 2606.02 889.559 1716.46 839.89 279.888 1613.01 1465.89 147.117 736.966 418.545 318.422 248.086 109.396 309.149 1397.03 1196.74 370.985 825.754 388.922 218.465 284.593 220.891 137.244 436.832 152.52
internal_count=131519 1839 129680 129381 49807 37165 15666 14406 13764 21499 11705 6431 1578 5274 20105 9762 6454 1699 1183 1394 10343 12642 79574 12589 1578 4499 4442 3277 1848 1429 1241 5901 3722 2207 1451 7240 4354 3578 3098 5349 4755 3108 4501 3857 2487 2059 1233 3308 1762 66985 14646 6216 52339 32984 11322 21662 10848 3305 19355 17463 1892 8430 4929 3501 2706 1370 3559 16564 14300 4241 10059 4580 2417 3265 2520 1532 5479 1824
is_linear=0
shrinkage=0.0454652


Tree=15
num_leaves=79
num_cat=0
split_feature=29 30 13 20 27 13 16 33 8 17 16 17 21 21 13 13 33 33 5 13 11 33 20 33 8 7 21 29 29 27 1 13 7 27 33 20 16 9 21 33 7 9 21 21 16 7 5 16 21 16 7 27 11 29 13 20 33 13 13 13 1 16 7 1 11 16 7 13 27 16 20 27 5 29 17 13 8 27
split_gain=46.9387 21.8983 26.9466 21.5958 17.2761 25.7867 29.6533 45.1599 40.3141 23.7726 21.7415 17.8187 17.1844 15.383 32.6553 14.9801 18.189 14.0546 13.3444 16.8062 12.8386 16.1074 12.4424 12.256 17.4602 14.928 19.9899 13.6277 13.0994 17.499 12.1561 11.9806 17.9227 14.038 12.9042 11.8921 15.6522 12.7415 10.1563 10.1417 20.0119 9.78085 16.9446 11.0207 9.77839 29.3756 18.3344 16.0373 13.0016 10.8872 23.9618 15.1983 31.3125 28.4531 27.8751 32.6093 32.5474 26.3173 16.0634 13.5321 11.665 15.7555 17.2478 11.5447 11.29 10.834 23.3083 19.0047 13.407 13.6389 26.993 18.9528 10.7827 10.4819 11.4442 9.61624 9.47909 9.29537
threshold=-0.60785761475563038 -0.56174489110708226 -0.086415592581033693 -0.85965570807456959 -0.71473535895347584 0.0061312848702073106 0.23901911079883578 1.0013927817344668 1.3532373309135439 17.500000000000004 0.80651798844337474 71.500000000000014 -2.8770349025726314 13.96613645553589 0.061406843364238746 0.039772870019078262 0.99472221732139599 0.99472221732139599 -1.367140471935272 -0.019477210007607933 0.045459713786840446 0.99611112475395214 0.49752064049243933 2.2975000143051152 -0.86935731768608082 -8.5441317558288556 -7.3142969608306876 0.6078576147556306 0.87837970256805431 -0.94331136345863331 1.2017123103141787 -0.046447116881608956 -23.973824501037594 0.010907442308962408 0.99472221732139599 -1.7576255798339842 0.61033815145492565 0.10420426726341249 4.2223539352417001 0.99393379688262951 -18.945241928100582 0.10960284620523454 7.9584271907806405 4.4666903018951425 0.27409040927886968 -9.0481295585632306 1.4065619111061098 0.36384145915508276 -4.8461351394653311 0.73264491558074962 3.7936099767684941 0.7298206388950349 0.028904654085636142 0.87837970256805431 0.060483878478407867 4.8799684047698983 0.90112781524658214 0.04378973692655564 0.045058492571115501 0.033499516546726234 0.81475022435188305 0.86217954754829418 10.697671890258791 0.86113467812538158 0.10992868617177011 0.5605292320251466 1.0000000180025095e-35 -0.0070672021247446528 -0.50938662886619557 0.49711762368679052 1.9675575494766238 0.054511256515979774 3.2036671638488774 0.6078576147556306 62.500000000000007 -0.02858856879174709 0.95847013592720043 0.81279832124710094
decision_type=2 2 2 2 2 2 2 8 2 2 2 2 2 2 2 2 10 10 2 2 2 10 2 8 2 2 2 2 2 2 2 2 2 2 10 2 2 2 2 10 2 2 2 2 2 2 2 2 2 2 2 2 2 2 2 2 10 2 2 2 2 2 2 2 2 2 2 2 2 2 2 2 2 2 2 2 2 2
left_child=38 4 17 23 20 6 31 8 12 -9 -7 13 -8 14 15 77 -17 -3 19 -5 21 -2 -16 24 -4 26 -26 -27 -25 -30 -31 32 -6 -33 75 -11 37 -37 -1 40 -34 42 43 -22 45 46 48 -46 -20 50 65 54 -53 59 55 60 72 -55 64 -54 61 62 -51 -61 -57 67 76 68 -49 70 71 -70 -56 74 -52 -35 -67 -12
right_child=1 2 3 18 5 10 7 9 -10 35 11 -13 -14 -15 22 16 -18 -19 44 -21 41 -23 -24 28 25 27 -28 -29 29 30 -32 33 39 34 -36 36 -38 -39 -40 -41 -42 -43 -44 -45 47 -47 -48 49 -50 51 73 52 53 57 56 58 -58 -59 -60 63 -62 -63 -64 -65 -66 66 -68 -69 69 -71 -72 -73 -74 -75 -76 -77 -78 -79
leaf_value=-0.033771275781634649 3.1993414603711548e-05 -0.00516008997675187 -0.0010363486570770597 0.0079147730184920238 0.017044175938287068 -0.0042848194962105627 0.047926422008868631 -0.006982899304787067 -0.0010841903482390436 -0.008549237652592653 -0.0041236423880566158 0.028319438579176737 0.023779742995576999 0.020992063497281027 0.0034237187036938667 0.0044020481283889076 0.036906654732602441 -0.031182530152773152 -0.0098872018381697731 -0.016511277785922308 0.009498915344071308 -0.017966042797719826 -0.02160594553677057 -0.0033329196737088705 0.0080990817511721637 0.016690187963114691 0.037505412819559256 0.00082978302047419586 -0.016989010471729338 0.015727230456659039 -0.0026526529239045723 -0.0075389153876473103 0.027196205394707545 0.022011511959531913 0.035683449160928429 0.0062476727949914443 -0.0063929852540737719 0.029680816174235843 -0.0070524690934749773 -0.023323591717531615 -0.013724019087294637 -0.0014951333027756581 -0.0065505706380903196 0.037682158001860679 -0.012977095843905172 -0.010326563917306431 0.039738757435510891 -0.0081817237791983362 0.021667801969736524 -0.020677444637665247 -0.011467290962880888 0.029412222329101363 0.0039000888185570215 -0.010135735119197025 -0.021922318859140297 0.0011581350084351146 0.022216350620752584 0.026920897686733079 -0.01585765459021779 -0.03125718649626557 -0.0090386894474975867 -0.033781525697899925 0.0075472342498342729 -0.0045447621134173805 0.022269163293127964 -0.02281835585588116 0.0057535216535097751 -0.013193226460173667 0.040336054774100509 0.027512147357019266 -0.014372409166560112 0.0046413006509389001 0.0051170829089727142 0.014903426622697452 0.015118491733175624 -0.0048048843471202611 -0.0009152887046066096 0.015221389785520329
leaf_weight=93.420875621959567 220.03807188756764 96.773808263242245 402.55943220853806 68.916978055611253 48.239905998110771 806.81415275484324 88.599281303584576 224.89777886867523 108.65719999372959 43.479490300640464 170.39051866158843 66.745304644107819 316.49773015826941 91.512343764305115 52.877235271036625 82.205744411796331 66.557224601507187 85.130000717937946 46.216502074152231 261.30763689056039 103.61041469871998 180.3506828173995 132.04612266644835 843.97364604286849 120.91670633107424 168.5197121873498 85.35714316368103 340.57203643769026 50.943077294155955 248.05521297268569 98.040036210790277 76.622477252036333 28.884887604042888 41.604160530492663 43.291919820010662 87.044577529653907 48.57362612709403 133.34904485568404 53.311978995800018 94.177511796355247 91.978386178612709 486.85459373705089 78.485465472564101 42.874352479353547 268.0384465418756 115.13917023316026 54.937789913266897 90.023153213784099 52.012034075334668 153.53404299356043 76.736886288970709 74.829432588070631 62.982150262221694 60.59901967830956 65.080586940050125 194.30172737874091 133.85552848130465 95.360492561012506 76.421657929196954 83.391379956156015 356.85723270475864 130.89767254143953 57.00556106120348 64.504932004958391 70.821503471583128 168.80581971071661 139.7625987790525 128.88511525467038 45.438455652445555 76.45157646946609 84.735053362324834 94.56626545265317 47.977352451533079 306.09140730835497 52.921513045206666 62.096878228709102 60.138909805566072 67.959856152534485
leaf_count=1218 3889 1883 2579 780 554 9129 502 3950 694 827 1781 784 1978 929 731 1363 375 582 604 3232 1421 1202 1807 15242 774 1039 515 2214 935 4492 1856 1090 608 937 269 1478 784 2211 607 614 1809 5719 832 398 3233 1478 680 1066 619 1702 1045 876 657 621 1204 2797 790 932 787 982 3770 1385 583 743 783 2001 1733 1664 510 991 1162 1135 783 3900 597 1291 758 629
internal_value=0 0.000697569 -0.0009565 -0.00044302 0.00325963 0.00501794 0.00917512 0.013458 0.0230635 0.00407938 0.000813422 0.00650478 0.0296059 0.00407756 0.0011573 0.00872439 0.0198616 -0.0180182 -0.00251747 -0.0112333 -0.00155873 -0.008054 -0.0142715 0.00298158 0.00642589 0.010675 0.0209915 0.00626603 -9.28455e-05 0.00663668 0.0104112 -6.32964e-06 -0.00663112 0.00755838 0.015742 0.0121834 0.0157913 0.0209253 -0.024841 -0.0123835 -0.00298471 0.00205172 0.00983014 0.0188704 -0.00169016 0.00654833 0.0194826 -0.00237765 0.00654243 -0.00141501 0.00165815 -0.0037966 0.00338616 -0.00205672 -0.00630273 -0.00957852 0.00722981 0.0123263 0.00179735 -0.012953 -0.0151902 -0.0212954 -0.0128099 -0.0203629 0.00723102 -0.00258248 -0.00852013 0.00156736 0.00663971 0.0112797 0.00515198 0.0173797 -0.0102531 0.0103624 -0.000120932 0.00592761 -0.0173911 0.00135447
internal_weight=0 10647.7 6460.39 6278.48 4187.32 3075.1 1537.99 1051.1 513.754 537.345 1537.11 730.294 405.097 663.549 572.037 387.113 148.763 181.904 3919.55 330.225 1112.21 400.389 184.923 2358.94 1117.93 715.366 206.274 509.092 1241.01 397.038 346.095 486.896 263.281 223.615 146.993 312.447 268.967 220.394 146.733 215.041 120.863 711.825 224.97 146.485 3589.32 268.305 153.166 3321.02 98.2285 3052.98 1324.56 1728.42 441.667 366.838 1286.75 1039.84 246.913 155.96 341.545 210.878 698.295 341.437 210.54 147.896 265.123 888.807 368.707 520.1 391.215 301.191 224.74 140.005 113.058 435.75 129.658 103.701 228.945 238.35
internal_count=131104 129279 78694 76229 50585 37124 19596 12424 3174 9250 17528 8399 2480 7615 6686 4148 1738 2465 46583 4012 13461 5091 2538 29646 7121 4542 1289 3253 22525 7283 6348 7172 3585 3587 2497 5300 4473 3689 1825 3031 2417 8370 2651 1819 42571 3381 1903 39190 1223 35957 16562 19395 4811 3935 14584 11807 2777 1553 4367 2382 7440 3670 2285 1725 3580 11020 4492 6528 4864 3798 2807 1645 1987 5542 1642 2228 2759 2410
is_linear=0
shrinkage=0.0454652


Tree=16
num_leaves=79
num_cat=0
split_feature=30 12 12 14 33 27 33 11 33 14 5 23 12 22 3 14 3 3 11 33 22 12 16 3 23 22 27 0 11 3 14 10 27 16 11 3 3 3 27 23 3 33 16 16 10 0 3 3 27 22 11 27 22 27 30 0 11 0 0 10 27 11 16 14 30 11 33 16 10 23 27 16 3 27 27 11 14 12
split_gain=19.8549 29.1583 19.7225 48.2085 38.6027 28.6044 21.9811 19.3304 14.8672 13.512 14.6441 13.8063 13.4309 13.1078 21.4227 14.9459 26.5703 21.3499 35.9261 21.9575 18.9173 14.9365 21.4617 18.4617 13.9203 13.061 12.6901 12.6477 12.4475 11.7649 11.0705 12.8574 11.3965 13.4686 15.437 10.899 12.9241 10.7874 22.5513 14.4477 14.9976 17.1667 13.0454 19.9457 20.5561 19.3552 14.5277 14.3945 18.6032 12.8627 11.1616 10.3531 10.0818 9.78972 32.1465 21.4782 30.8003 21.8423 15.6487 20.7259 18.5487 14.6441 15.434 16.0597 14.4639 28.2035 17.7748 11.2465 11.0314 11.7029 10.9762 10.6639 13.138 12.8483 11.9014 9.31562 9.28938 22.4296
threshold=-0.56174489110708226 0.0064814856741577396 -0.022990121506154534 -8.9329338073730451 0.99611112475395214 -0.076279435306787477 0.99472221732139599 0.13888049870729449 0.99472221732139599 -16.364603042602536 0.84099209308624279 0.80592516064643871 -0.085094008594751344 -0.36637854576110834 0.99248477816581737 -6.4590411186218253 0.37588372826576238 0.54160383343696605 0.11714614927768709 0.89012691378593456 -1.1069996953010557 0.026133546605706218 0.86524826288223278 0.43329668045043951 0.66909331083297741 -0.53808668255805958 0.5464349389076234 0.44412636756896978 0.035704785957932479 0.85921365022659313 -14.659491062164305 0.20087833702564242 0.65106672048568737 0.61033815145492565 0.074189927428960814 0.56953111290931713 0.70761424303054821 0.73620867729187023 -0.58244305849075306 1.199623763561249 0.78840896487236034 0.97973212599754345 0.58975300192832958 0.77393540740013134 0.031349781900644309 0.83227616548538219 0.39303193986415869 0.34409524500370031 0.9279436767101289 -0.41455385088920588 0.042894650250673301 0.39271505177021032 -0.42477811872959131 -0.72982063889503468 1.0000000180025095e-35 0.98949682712554943 0.043419102206826217 0.67622771859169017 0.87290304899215709 0.029991248622536663 -0.16288578510284421 0.068157538771629347 0.12409012392163278 -9.7974009513854963 1.0000000180025095e-35 0.10793166235089303 0.99472221732139599 0.63896930217742931 0.081923473626375212 0.56078392267227184 -0.14132478833198545 0.22776024788618091 0.27079477906227117 0.81279832124710094 -0.09801131114363669 0.061258245259523399 -13.614935398101805 -0.12459214404225348
decision_type=2 2 2 2 10 2 10 2 8 2 2 2 2 2 2 2 2 2 2 10 2 2 2 2 2 2 2 2 2 2 2 2 2 2 2 2 2 2 2 2 2 10 2 2 2 2 2 2 2 2 2 2 2 2 2 2 2 2 2 2 2 2 2 2 2 2 10 2 2 2 2 2 2 2 2 2 2 2
left_child=2 8 6 4 9 -6 7 -1 -2 10 -4 -11 29 14 15 16 -3 21 19 75 -18 -17 24 -24 -23 -14 28 -10 -27 -8 -15 32 -32 -34 -35 -33 -37 38 -5 40 -39 -42 49 45 -45 46 50 -46 -49 -40 -44 -22 -7 55 68 56 57 -29 60 70 -56 67 -63 -64 -57 66 -66 -62 71 -70 -60 -55 -73 74 -74 -19 77 -58
right_child=1 13 3 37 5 52 12 -9 27 11 -12 -13 25 30 -16 17 20 18 -20 -21 51 22 23 -25 -26 26 -28 53 -30 -31 31 35 33 34 -36 36 -38 39 42 -41 41 -43 43 44 47 -47 -48 48 -50 -51 -52 -53 -54 54 58 64 76 -59 59 -61 61 62 63 -65 65 -67 -68 -69 69 -71 -72 72 73 -75 -76 -77 -78 -79
leaf_value=0.00092961947439906519 0.02665360893896242 -0.016370167050861896 0.0057283369795640198 -0.012624231737972011 0.0037323456419280591 0.047139416569787256 -0.029482147083995561 0.028966875161243875 0.014171118387451177 0.01966438712176629 -0.024755605652539283 0.00049839700172340422 0.011100450332591726 -0.016278615564922903 0.019788258634557691 -0.01753083226206515 0.032201549463675649 -0.0025478498318218545 0.0065744898782558467 -0.036512846863777058 -0.0066233151069946946 0.03377296436497846 0.0038620433254180262 -0.030012653235184428 0.00099785323474959838 -0.014812785575999108 -0.020523871859665751 -0.025860364205022857 0.0075128041184112267 -0.005103570051199823 -0.0018106887723361509 -0.025268879405119717 -0.0051863567984187032 0.024441027444254249 0.0014380175543640353 0.010646859777277685 -0.012130599244626091 0.032624799421292587 0.023975864976446819 -0.0011884088552500658 -0.0044775140365383949 0.020021125959775288 -0.015576870320004547 0.024600674498141059 -0.0083605971906735906 0.0034295959024722338 -0.025073162189275338 0.010542497338857971 -0.01352954311440548 0.0015224895727762059 0.010729134529320592 0.012911954053025693 0.024487577457119405 -0.01416170608867605 -0.022963909212127206 -0.010936227410103036 0.032744678279783425 0.0085389174106484059 -0.002968003486081654 -0.0037452569379270444 -0.014765864432616935 -0.014560741534940915 0.022000392535474606 -0.0029161701025606007 0.00014377139572329769 -0.024119707120507875 0.02502605300936701 0.0050376451872494029 0.031887519790472885 0.0084412059970723052 0.021733946698182412 0.021469230046966777 0.0085571411220005927 0.015195672374599248 -0.012900551123327395 -0.026858552296970616 0.0345529347349244 -0.0072228154198846284
leaf_weight=607.27539135701954 43.329844459891319 176.06985791027546 73.376326663419604 268.92110210284591 87.107529945671558 97.071774579584599 97.146439030766487 51.915594033896923 139.96705848164856 163.27025655843318 50.623736154288054 155.47053177282214 87.64688054472208 104.16275602951646 49.271439101547003 121.78063190728426 43.208593185991049 92.49688264541328 79.391101233661175 196.78394936025143 147.07144889235497 47.321361385285854 71.321909181773663 53.819242106750607 63.210297780111432 81.749362654983997 108.94861321896315 49.312299650162458 123.86855818331242 81.485083669424057 1025.2997325342149 68.839340033009648 110.87979237735271 124.93220384977758 123.26744519732893 71.848550319671631 149.41849439777434 63.642200887203217 95.087653206661344 246.17341244593263 114.51651543006301 110.523986145854 68.509897731244564 87.330899504944682 203.30152664519846 183.46106079593301 144.6615581754595 359.03805443830788 75.966412311419845 124.73924643732607 56.141962856054306 84.745096359401941 125.89663633704185 70.297725724056363 158.88969704322517 203.05062633752823 55.054102532565594 128.41791179589927 48.445882773026824 697.12620707787573 323.57811197824776 75.924500845372677 96.259577099233866 106.43314039520919 138.46675962582231 52.546764740720391 105.38144375383854 66.090077361091971 51.584882345050573 308.23035036958754 112.98076625727117 72.321755353361368 76.536335773766041 83.207047663629055 146.82533432170749 52.028152868151665 99.556877659633756 51.543835707008839
leaf_count=11219 257 2291 1424 2897 560 562 650 1024 1658 2715 936 2579 550 1459 712 1441 618 1771 810 1362 1863 538 730 543 697 547 692 542 790 516 12137 758 1499 1441 1212 827 2067 714 1185 2913 2147 722 816 1034 2460 1963 1620 3882 854 1374 653 1150 753 977 2065 2479 700 1630 586 8582 4126 1053 1213 1261 2332 692 656 797 651 3897 1226 1045 1015 887 1672 849 1093 654
internal_value=0 -0.00146077 0.00253525 0.00455839 0.0144626 0.026704 -0.00224555 0.0033761 0.00132415 0.0056143 -0.0067287 0.0105916 -0.00868789 -0.00471836 -0.00823665 -0.00946134 -0.00270582 -0.0132806 -0.020216 -0.026593 0.00597882 -0.00484681 0.00169105 -0.0108172 0.0161589 -0.00384693 -0.00825368 0.000967781 -0.00124642 -0.0189913 -0.00214892 -0.00120343 0.000596003 0.00754535 0.0134183 -0.00984514 -0.00445904 0.00112976 -0.000649709 0.00672981 0.013571 0.00748403 0.00164862 -0.000221564 0.00440086 -0.00770955 -0.015414 0.00142238 0.00614085 0.0117129 -0.00338549 0.000411334 0.0352349 0.000389832 -0.00105167 0.00450203 0.0125432 -0.00110368 -0.00464093 -0.000275692 -0.00908946 -0.00559867 0.00220293 0.00888177 -0.00163334 0.00463946 0.0113288 -0.0112658 0.00635306 0.0122569 0.0141356 0.00144843 0.00459222 0.000223806 -0.00531183 -0.0121256 0.0243333 0.013425
internal_weight=0 6618.53 4194.87 2954.83 752.817 310.076 1240.04 659.191 3561.36 442.741 124 318.741 580.845 3057.17 1278.52 1229.25 451.095 778.154 420.7 341.309 275.025 357.453 235.673 125.141 110.532 402.213 314.567 3518.03 205.618 178.632 1778.65 1674.49 1384.38 359.079 248.2 290.106 221.267 2202.02 1667.16 534.856 288.683 225.041 1398.24 1178.41 725.637 452.774 269.313 638.306 435.004 219.827 124.652 231.817 222.968 3378.06 2494.73 883.331 383.885 177.73 1685.73 858.553 827.175 668.285 278.617 202.693 499.446 296.395 243.848 389.668 809.003 359.815 161.427 449.188 378.89 306.569 223.362 144.525 206.155 106.598
internal_count=131272 80521 50751 34763 9529 1875 15988 12243 43746 7654 2360 5294 3745 36775 15375 14663 5922 8741 4792 3982 3631 3949 2508 1273 1235 2579 2029 43489 1337 1166 21400 19941 16289 4152 2653 3652 2894 25234 18738 6496 3583 2869 15841 13282 8230 5052 3089 7196 4736 2559 1469 3013 1315 41831 31053 10778 4619 2172 20909 10394 10515 8450 3527 2474 6159 3680 2988 4923 10144 4548 1812 5596 4619 3574 2687 2620 2447 1354
is_linear=0
shrinkage=0.0454652


Tree=17
num_leaves=79
num_cat=0
split_feature=30 28 21 2 10 16 22 16 22 27 0 11 22 23 28 16 11 16 0 2 11 11 0 16 16 0 2 23 2 0 23 0 11 17 0 27 23 16 2 2 2 2 21 11 23 28 10 21 27 0 21 21 27 30 11 11 0 30 2 0 17 30 2 2 17 16 0 27 2 2 11 23 11 8 16 27 4 11
split_gain=19.1702 24.8868 23.9483 36.2941 27.115 23.6763 20.4688 14.3045 14.1476 13.5827 13.1287 12.361 12.2429 12.2059 13.5819 18.7403 15.3589 12.7264 19.2782 35.6834 17.2755 23.2089 12.9985 12.1908 18.1948 18.2251 17.5871 20.5445 13.3129 15.7063 11.345 14.4716 11.0558 10.6672 15.8901 16.3406 12.2647 10.5463 10.4745 10.1315 9.74963 10.1004 9.67773 16.918 15.3553 9.41365 9.32865 21.2385 13.639 15.2744 17.14 18.6723 36.188 18.4313 16.7805 11.8205 33.5568 11.8468 18.3577 16.6199 12.8499 13.7337 18.3494 11.3169 14.1384 11.2748 11.2519 10.2772 19.7541 11.4417 9.54244 11.588 9.33317 9.2696 9.24997 18.763 9.19578 10.7594
threshold=-0.56174489110708226 0.24825246632099154 -0.11823860928416251 1.0283752679824831 0.050857095047831542 0.2352627366781235 -0.38210460543632502 0.78471228480339061 -1.053184390068054 0.33172981441020971 0.94574791193008434 0.11193299666047098 -0.54419568181037892 0.29677695035934454 0.8491516411304475 0.92877873778343212 0.17284926772117618 0.44127799570560461 0.61634179949760448 0.75162869691848766 0.069303825497627272 0.088541839271783843 0.91460293531417858 0.26187747716903692 0.15650695562362674 0.66616165637969982 2.046613454818726 1.1175817847251894 2.5983316898345952 0.83227616548538219 0.61778339743614208 0.92154261469841015 0.10793166235089303 42.500000000000007 1.0123529434204104 0.71473535895347606 0.85102787613868724 0.30574600398540502 1.920238792896271 1.6206531524658205 1.2389495372772219 0.56322729587554943 11.563479423522951 0.08926719427108766 1.0755898952484133 0.96298784017562877 0.17868956923484805 9.7740879058837908 -0.39271505177021021 0.75280418992042553 5.8476581573486337 1.9872617721557619 0.79989895224571239 0.81174489855766307 0.029749938286840919 0.074189927428960814 0.79803222417831432 0.81174489855766307 1.4444218277931216 1.0838194489479067 57.500000000000007 1.0000000180025095e-35 1.1703734397888186 1.4543156027793886 29.500000000000004 0.46692676842212683 0.92828798294067394 0.16288578510284427 0.63044214248657238 1.2764174938201907 0.068695690482854857 0.9370332956314088 0.026318853721022609 -0.51793929934501637 0.56901651620864879 0.95032352209091198 0.92517533898353588 0.034354470670223243
decision_type=2 2 2 2 2 2 2 2 2 2 2 2 2 2 2 2 2 2 2 2 2 2 2 2 2 2 2 2 2 2 2 2 2 2 2 2 2 2 2 2 2 2 2 2 2 2 2 2 2 2 2 2 2 2 2 2 2 2 2 2 2 2 2 2 2 2 2 2 2 2 2 2 2 2 2 2 2 2
left_child=1 9 3 5 7 11 -7 -4 -6 10 39 73 -11 -2 23 16 17 18 19 37 -19 -22 -20 24 26 -26 32 -28 38 -30 -5 -32 -15 74 36 -36 -35 -16 46 40 41 -1 43 44 -40 -21 47 48 55 50 51 53 -53 65 -54 57 -57 60 59 -59 61 -25 72 67 -65 -50 -49 68 -51 -69 -48 -72 -63 -3 -14 -76 77 -62
right_child=13 2 4 30 8 6 -8 -9 -10 12 -12 -13 33 14 15 -17 -18 20 22 45 21 -23 -24 28 25 -27 27 -29 29 -31 31 -33 -34 34 35 -37 -38 -39 42 -41 -42 -43 -44 -45 -46 -47 70 66 49 63 -52 52 54 -55 -56 56 -58 58 -60 -61 76 62 -64 64 -66 -67 -68 69 -70 -71 71 -73 -74 -75 75 -77 -78 -79
leaf_value=0.006006368244248118 0.016843460803552233 0.010675985941581168 -0.016542794096032178 -0.012547430031245236 -0.015635303327088231 0.038329441797268875 0.0099870323029114284 0.0060295615326308319 0.0092708804992797621 0.01508056009017341 -0.00051193867701555254 0.025498284044947542 0.014499663673053505 -0.00041748667017108741 -0.021341753438669255 0.013720853753061762 -0.03298441626484791 -0.016703492670931592 -0.015944501611093804 0.0063207662375749582 0.022780001297217981 -0.0099357178627430404 0.0086121209793698725 -0.018141791980894929 0.029161002096719416 0.0057632890832404107 0.025783801346644323 -0.0034844025838976131 -0.038174231876600268 -0.0061804683521372123 0.016428534662180992 -0.0081725549630735726 -0.013769774129614491 -0.0047400266835834811 0.0028465700632840135 -0.032813180178190446 0.014743542972516193 0.0070825214754751432 -0.012132847503122057 -0.026528560288749153 0.011670690815874187 -0.01502370617315185 -0.0063697558435949113 0.034700500775452919 0.017496908624888383 0.032159200957265474 -0.0011099727104048147 0.035849787072405735 0.0092727952044040548 0.032290721791119581 -0.027370347679702523 -0.023764604546533792 0.042495655537462956 -0.026482902262725514 0.0077657732895516458 0.034979164685551116 -0.006026964205069877 -0.02986942444633588 0.0048462971371420792 -0.0046283479203681624 -0.00061414722858855303 0.025970407859320505 -0.016333787800543481 -0.029664347687874841 0.0030694243914958295 -0.012102510413106541 0.0039417658203046357 0.0004140589626772087 0.0047852064260981188 0.019320426594399566 -0.029703693283972394 -0.004843577969575347 0 -0.018651270883289162 0.0087079337460780702 -0.013879369090594774 -0.0084025386205802584 0.022646201373429785
leaf_weight=55.731710758060217 70.796713450923562 35.987278332933784 188.99687667004764 83.297390323132277 46.181611351668835 185.72266170196235 85.17286117002368 76.637421302497387 590.0476949699223 163.88425879180431 1180.6819935720414 35.996961086988449 171.11021398380399 341.63932414725423 70.561067460104823 87.14067373983562 44.198094667866826 372.04254912026227 181.02980132587254 54.778193775564432 59.250735582783818 148.99429872259498 52.969051832333207 180.82475012354553 78.562185052782297 502.72516196407378 88.483636684715748 99.606327455490828 38.154829949140549 160.70948378182948 124.2746384292841 74.193907674401999 209.31017019413412 203.46500973962247 39.257435848936439 62.539229782298207 93.637433769181371 36.434363849461079 61.048550909385085 64.253319051116705 45.558326011523604 193.58929709903896 67.733597101643682 49.734674975275993 75.317094031721354 85.212443055585027 170.9152698200196 42.853856232017279 92.29533027485013 67.420311536639929 64.811224976554513 47.83015819452703 44.361511895433068 91.438014898449183 88.219530960544944 49.728363391011953 169.41399385407567 155.16420790180564 68.609880782663822 91.721444740891457 78.056048495694995 46.043533371761441 83.87414325773716 44.207227770239115 55.790519144386053 102.63076040707529 54.450032215565443 1003.577021503821 254.51339756511152 67.296073701232672 74.172647947445512 91.870111484080553 63.411889983341098 43.823314037173986 235.39234941080213 106.7143422216177 72.030634216964245 74.040059061720967
leaf_count=608 705 554 2253 1057 609 2197 887 861 6745 2050 14354 569 2060 4586 1023 900 581 4522 2385 641 772 1631 671 2325 974 6153 983 1257 546 2227 1616 745 2973 2330 588 817 1273 539 836 876 608 2405 777 548 975 1115 2237 629 1178 707 804 595 492 1256 1092 532 1900 1815 750 1137 1098 512 879 509 691 1165 571 11360 3139 777 765 967 764 700 2686 1186 948 857
internal_value=0 0.00257083 0.00708778 0.0135964 0.00217012 0.0225711 0.0298764 -0.00985696 0.00729863 -0.000128997 -0.0028827 0.00463986 0.00376253 -0.00135673 -0.00157103 -0.00595527 -0.00759505 -0.00636946 -0.000775483 0.00791203 -0.0108848 -0.000138371 -0.0101285 -0.000583485 0.00319004 0.00919031 -0.00148837 0.0102859 -0.00182945 -0.0132041 0.000962162 0.00701169 -0.00564203 0.00161755 -0.00386372 -0.0190212 0.00135532 -0.011319 -0.00121515 -0.0104491 -0.00646761 -0.0101092 0.0076007 0.0129695 0.00391779 0.0228531 -0.0018597 -0.00109152 -0.00176125 0.000453602 -0.00610714 -0.00283931 0.00835705 -0.0100794 0.0206662 -0.00574923 0.00352959 -0.00803343 -0.0151693 -0.0209144 -0.00411209 -0.00927305 -0.000527084 0.00283276 -0.0115293 -0.00175384 0.0193539 0.00392951 0.0110276 0.00171647 -0.00903441 -0.0166821 0.0113076 -0.00496999 0.00596905 0.00144066 0.00430156 0.0106928
internal_weight=0 4186.15 1570.33 668.469 901.864 386.703 270.896 265.634 636.229 2615.81 1539.81 115.808 1076 6628 6557.21 1192.61 1105.47 1061.27 480.985 246.986 580.288 208.245 233.999 5364.6 1320.33 581.287 739.039 188.09 4044.27 198.864 281.766 198.469 550.949 912.116 398.899 101.797 297.102 106.995 3845.41 359.133 294.879 249.321 253.834 186.1 136.366 139.991 3591.57 3254.61 3157.31 2024.39 531.587 466.775 180.411 286.364 132.581 1132.92 219.142 913.777 315.496 246.886 598.281 374.154 193.33 1492.8 99.9977 194.926 97.3039 1392.81 321.934 1070.87 336.958 166.043 109.455 79.8106 513.217 342.107 224.127 152.096
internal_count=131405 50634 18793 8325 10468 4907 3084 3114 7354 31841 18851 1823 12990 80771 80066 14780 13880 13299 6374 3318 6925 2403 3056 65286 16926 7127 9799 2240 48360 2773 3418 2361 7559 10940 5008 1405 3603 1562 45587 4497 3621 3013 3136 2359 1811 1756 42451 38482 37282 23765 6582 5778 2179 3599 1584 13517 2432 11085 3702 2952 7383 4480 2155 17183 1200 2343 1200 15983 3846 12137 3969 1732 1276 1254 5932 3872 2903 1955
is_linear=0
shrinkage=0.0454652


Tree=18
num_leaves=79
num_cat=0
split_feature=29 14 7 14 29 5 7 14 14 33 20 27 28 10 20 28 28 18 7 7 23 4 8 20 8 7 7 27 30 23 29 20 33 28 7 23 7 20 28 10 30 27 29 23 14 4 23 10 33 5 20 17 23 28 17 10 14 17 29 10 7 20 23 4 30 9 7 29 23 23 18 31 17 14 7 10 7 7
split_gain=24.4574 19.431 17.6369 16.074 16.8934 15.3742 17.3465 25.9452 15.8441 20.4686 23.1885 14.8381 29.1309 22.4929 14.4148 14.4097 14.5077 13.8338 23.2342 13.7937 13.1398 12.9473 12.3433 11.7875 11.6873 11.6604 19.0759 14.3747 38.4544 19.1906 17.0315 17.351 23.974 14.2647 26.5379 13.6698 11.9997 11.9235 11.5937 10.9038 12.9584 15.3963 10.8259 10.7555 10.5889 15.9339 13.0597 12.0385 11.7615 12.3118 11.6851 11.2747 10.547 10.5306 10.2917 9.79535 9.65179 9.59628 11.879 10.1496 10.0134 9.51561 10.0508 10.2581 9.4152 9.35174 9.09395 8.65013 8.25113 10.607 8.03619 11.9719 9.69514 7.91974 17.0405 7.65682 7.602 7.48046
threshold=-0.60785761475563038 -9.2213945388793928 9.1725459098815936 -15.541364669799803 0.6078576147556306 0.22824235260486606 1.0000000180025095e-35 -6.6990995407104483 -4.359001398086547 0.90112781524658214 1.6646031737327578 -0.032717135734856122 -0.16288578510284421 0.15699788928031924 -0.21968391537666318 -0.50938662886619557 -0.91080963611602772 91.500000000000014 23.344007492065433 5.8792109489440927 0.44432859122753149 -1.6408323645591734 0.93880155682563793 2.8495118618011479 0.61523795127868663 6.2866454124450692 12.111122131347658 -0.2693240344524383 1.0000000180025095e-35 0.98229807615280162 -1.0000000180025095e-35 -0.85965570807456959 1.3734375238418581 -0.2693240344524383 -0.94242060184478749 0.94791647791862499 -10.23201274871826 -1.7576255798339842 0.26932403445243841 0.12206951528787614 0.81174489855766307 0.79989895224571239 1.0000000180025095e-35 0.57363864779472362 -1.9701437354087827 1.3265727758407595 0.95151782035827648 0.040279960259795196 0.99393379688262951 4.0173957347869882 3.3360457420349126 9.5000000000000018 1.104939937591553 0.61734244227409374 15.500000000000002 0.097811594605445876 -2.8205016851425166 87.500000000000014 0.87837970256805431 0.065574698150157942 -8.0293955802917463 -3.0270850658416744 1.3999105691909792 -1.7445716261863706 0.81174489855766307 0.16317651420831683 -18.945241928100582 0.87837970256805431 0.84766423702240001 0.66909331083297741 71.500000000000014 1.0000000180025095e-35 12.500000000000002 -19.910393714904782 -23.307556152343746 0.14943775534629825 22.661285400390629 -18.020395278930661
decision_type=2 2 2 2 2 2 2 2 2 10 2 2 2 2 2 2 2 2 2 2 2 2 2 2 2 2 2 2 2 2 2 2 8 2 2 2 2 2 2 2 2 2 2 2 2 2 2 2 10 2 2 2 2 2 2 2 2 2 2 2 2 2 2 2 2 2 2 2 2 2 2 2 2 2 2 2 2 2
left_child=2 3 -1 4 11 39 7 70 9 23 19 12 -2 14 73 16 -9 20 43 -11 -10 53 66 55 -17 27 38 30 33 -30 -23 32 -32 34 35 -29 -33 -34 -27 40 61 52 -14 -19 47 46 50 56 76 -50 54 -48 -42 -5 -46 -8 -22 58 60 -60 -35 -3 63 -63 75 77 -16 -25 69 -41 71 -7 -72 74 -13 -49 -47 -6
right_child=1 5 -4 21 65 6 8 15 17 10 -12 13 42 -15 22 24 -18 18 -20 -21 44 25 -24 67 -26 26 -28 28 29 -31 31 36 37 57 -36 -37 -38 -39 -40 68 41 -43 -44 -45 45 48 51 64 49 -51 -52 -53 -54 -55 -56 -57 -58 -59 59 -61 -62 62 -64 -65 -66 -67 -68 -69 -70 -71 72 -73 -74 -75 -76 -77 -78 -79
leaf_value=-0.030750057928818519 -0.0022809241935649724 -0.014254791541162402 0.0012365379423067246 -0.0033288199335712175 -0.02286625709388964 -0.010252099333286057 0.00079960443905490841 -0.017148781080316575 0.022295691818074882 -0.0072369312202489565 0.025398856848074632 0.026265861835930542 0.026736146022758717 -0.014448965855280644 0.018101321692032109 -0.028511374316343742 0.01038663917168893 0.0050038250286293957 0.013732601038698493 0.013938212620704387 0 -0.015666587793657479 -0.022894742589394737 -0.014122511636338214 -0.0043410814514225253 0.012627554455846469 -0.0060044494134285442 0.023811263248735889 -0.0057748581284754602 0.015675775007339045 0.024358529449811012 0.013874987265210892 -0.0078318724536696506 0.0068523990035595991 -0.017322026906368217 0 -0.01128426584551767 0.018682166221694267 0.041949207193094036 -0.014312123811213096 -0.020417410082869469 0.00823544344344335 0.0059564275282784889 -0.013689757125463836 0.027360478068620919 0.010735420321117371 0.0086254052638979964 -0.0067040159528249793 0.0074805528468538185 -0.012531283011707162 -0.0057235090780463826 0.040469379340950844 0.00061682167928814443 0.013459541377236556 0 0.018365231978366658 0.020667185422898176 0.03407337632560635 -0.0098395196521911862 0.018506490490377402 0.031293554549929395 0.010388595002761231 -0.010585183461638998 -0.00060862660165273482 -0.017829352427759241 -0.0018456266059117027 -0.0053267209330075055 0.0097575442193432328 -0.020675608021161931 0.00496963715395966 0 0.012729484479972531 0.024918168725362507 0.020793245798158579 -0.0082757337396692134 0.0040492940877386628 -0.008437728319048203 -0.0065195013842795496
leaf_weight=87.623720038682222 255.00397043302655 103.67516587488353 53.139752808958292 534.82433206029236 101.85246684215963 135.50748858228326 282.38664952106774 73.71283090300858 56.713970568031073 112.45127617567778 192.36400068551302 40.216674529016018 153.68309315666556 202.91125172935426 45.084751065820456 155.45353418029845 74.924704579636455 69.150476425886154 90.785008490085602 132.33273949474096 143.5297616161406 113.30107732303441 52.973458759486675 140.97752293944359 64.943622078746557 74.006019132211804 46.621040649712086 133.88031529262662 386.51428966969252 106.20742928422987 136.84146343916655 44.511714231222868 129.42906285822392 61.284831905737519 62.96440264582634 74.509046802297235 181.06725476682186 43.270948259159923 56.210639260709286 130.96332534402609 213.61493515223265 63.033104851841927 91.733333652839065 398.73342096433043 60.796081146225333 202.54567827656865 53.017638714984059 406.8277340978384 84.595346346497536 206.34970267117023 96.262132896110415 50.314370609819889 57.650591818615794 85.659363131970167 53.555356279015541 84.306773345917463 65.577213995158672 100.98736044205725 52.419228876009583 43.391032129526138 113.38156322576106 204.34783289954066 166.82179685868323 1065.3015506174415 105.74143819883466 368.35658208094537 105.63118121027946 34.361841835081577 133.76016588509083 96.942361598834395 63.900383554399014 65.506885537877679 57.655832972377539 102.60310146026313 82.357807757332921 196.00485666655004 47.765929324552417 165.40068274363875
leaf_count=1219 3546 1237 602 6912 1468 1697 4783 811 520 754 1301 447 1836 2780 494 1836 933 784 988 848 1520 1383 709 2360 814 952 723 1417 4812 1352 837 567 2261 770 703 1073 2135 735 668 1706 2692 768 1302 4411 617 3529 576 4383 508 1308 1030 596 654 1071 553 1371 710 1177 638 518 1362 2367 1969 12728 1251 4959 1320 568 1482 1078 716 788 746 1457 1266 2433 804 2355
internal_value=0 0.000163519 -0.0186437 0.00250341 -0.000812347 -0.00144585 0.00021111 -0.00631163 0.00157124 0.00643174 0.0137062 0.00248542 0.0083208 -0.00208373 0.00373513 -0.014501 -0.00304286 -0.000408736 -0.00665949 0.00405544 0.00148392 0.00479079 -0.00481643 0.000416913 -0.0218151 0.0066019 0.0177479 0.00543173 0.00850669 -0.000962049 0 0.00344357 0.0104322 0.0158002 0.00743578 0.0153351 -0.00594889 -0.000634497 0.0265391 -0.0044703 -0.00302617 -0.0111012 0.0193892 -0.0108042 0.000740976 0.00439159 0.0124721 -0.00261255 -0.00026423 -0.00652428 0.00547229 0.0255344 -0.0158271 -0.000860162 0.0151812 0.00512755 0.00678138 0.0216331 0.0163727 0.00274148 0.0233434 -0.00121711 -0.000204513 0.0011507 -0.00547623 -0.0067412 0.00165912 -0.00905517 -0.0117041 -0.00595705 0.0029722 -0.00242061 0.0120671 0.0116314 0.00315387 -0.00312359 0.00680819 -0.0131796
internal_weight=0 10644.3 140.763 4349.09 1767.81 6295.16 4059.05 691.605 3367.45 979.181 437.148 1132.2 500.42 631.778 428.867 369.035 148.638 2388.27 558.669 244.784 1829.6 2581.28 203.689 542.033 220.397 1960.8 176.838 1783.96 1135.54 492.722 648.422 535.12 309.541 642.818 271.354 208.389 225.579 172.7 130.217 2236.11 1874.44 334.299 245.416 467.884 1772.88 855.202 313.946 917.681 541.257 290.945 210.614 103.332 271.266 620.484 114.351 366.693 209.107 371.464 270.477 95.8103 174.666 1540.15 1436.47 1269.65 708.574 635.61 150.716 175.339 361.666 227.906 322.571 201.014 121.556 225.178 122.574 602.833 250.312 267.253
internal_count=131354 129533 1821 56005 23939 73528 46847 8341 38506 11985 2903 15157 6684 8473 5693 4394 1744 26521 6183 1602 20338 32066 2523 9082 2650 24083 2343 21740 13822 6164 7918 6535 3833 7658 3193 2490 2702 2996 1620 26681 22415 4114 3138 5195 19818 9521 3372 10297 6149 1816 2200 1172 3346 7983 1170 6154 2230 4465 3288 1156 2132 18301 17064 15095 8067 8782 1814 2928 4266 2784 3947 2485 1462 3170 1713 6816 4333 3823
is_linear=0
shrinkage=0.0454652


Tree=19
num_leaves=79
num_cat=0
split_feature=13 14 30 12 7 14 3 4 4 5 14 12 13 7 28 27 6 27 12 12 13 3 16 13 30 28 3 7 13 5 10 13 13 7 7 13 27 14 7 9 16 13 12 7 28 27 7 28 3 9 10 27 7 13 13 12 12 17 30 28 13 27 30 13 6 12 7 16 16 28 16 6 3 17 28 30 18 17
split_gain=13.9008 19.2724 16.886 19.1756 15.1351 30.5134 23.348 13.3247 14.7513 11.722 19.4485 17.2509 21.9165 23.5537 37.2995 26.4516 21.7601 20.5736 20.357 16.8082 14.7958 16.9774 14.5724 20.5501 14.0964 23.405 30.4433 16.3574 20.3371 14.3999 14.7312 13.8802 14.5043 10.8289 31.4147 10.6166 13.6807 10.2138 10.1265 11.0317 10.0694 13.554 15.9514 9.94937 9.86572 9.69482 9.67403 9.52169 8.90825 10.3857 9.03265 8.77511 12.3755 8.15024 12.9454 8.14463 12.2797 8.64634 8.56132 10.7196 8.09428 16.5101 7.99604 7.98767 7.75536 7.74299 7.68304 7.57919 7.45285 7.49366 11.8945 7.37075 7.28825 7.19303 10.8285 9.78177 7.15172 7.07456
threshold=-0.089664563536643968 -9.0714378356933576 -0.56174489110708226 -0.042882531881332391 1.0000000180025095e-35 -7.3648970127105704 0.8689478635787965 -1.5460288524627683 1.8296730518341067 0.26342354714870458 -4.7228207588195792 0.072384495288133635 0.080516409128904357 10.190494060516359 0.24825246632099154 0.010907442308962408 4.0143809318542489 0.78661888837814342 0.14732442051172259 0.05013138800859452 0.067760713398456587 0.92233046889305126 0.5605292320251466 0.0012858103145845237 1.0000000180025095e-35 0.52803644537925731 0.31922443211078649 10.009515285491945 0.069107104092836394 -2.5722367763519283 0.046608554199337966 0.043074984103441245 0.015699923969805244 11.931937694549562 6.1425757408142099 -0.045476008206605904 0.37256073951721197 -1.4524276256561277 4.4295637607574472 0.2326009273529053 0.66653868556022655 0.00086058801389299344 -0.022357173264026638 16.054747581481937 0.37256073951721197 -0.11969653144478797 -29.206947326660153 -0.66746801137924183 0.35241399705410009 0.16317651420831683 0.082726076245307936 1.0000000180025095e-35 20.553565025329593 -0.0099525912664830667 -0.0016409279196523128 -0.050477560609579079 -0.0037702689878642555 30.500000000000004 -0.56174489110708226 -0.39271505177021021 0.061406843364238746 0.22706275433301928 -0.56174489110708226 0.039772870019078262 5.1418540477752694 0.026848605833947662 8.7143626213073748 0.97766715288162243 0.77393540740013134 -0.60003554821014393 0.67013385891914379 14.715857028961183 0.58970806002616893 83.500000000000014 0.26932403445243841 -0.56174489110708226 83.500000000000014 50.500000000000007
decision_type=2 2 2 2 2 2 2 2 2 2 2 2 2 2 2 2 2 2 2 2 2 2 2 2 2 2 2 2 2 2 2 2 2 2 2 2 2 2 2 2 2 2 2 2 2 2 2 2 2 2 2 2 2 2 2 2 2 2 2 2 2 2 2 2 2 2 2 2 2 2 2 2 2 2 2 2 2 2
left_child=2 7 3 -1 5 6 55 -2 33 24 22 12 13 17 60 -16 -17 76 38 -14 21 37 23 45 31 27 -27 29 -29 30 -26 32 40 34 77 47 -37 -20 -13 -40 41 -6 -43 48 66 -11 -4 -10 49 -33 -50 -45 -53 -24 -55 -3 72 58 -58 -60 61 63 -63 64 -15 -19 -36 -41 69 70 -34 -23 -57 74 -56 -76 -12 -9
right_child=1 4 46 -5 9 -7 -8 8 35 10 11 18 19 14 15 16 -18 65 20 -21 -22 71 53 -25 25 26 -28 28 -30 -31 -32 43 68 -35 44 36 -38 -39 39 67 -42 42 -44 51 -46 -47 -48 -49 50 -51 -52 52 -54 54 73 56 57 -59 59 -61 -62 62 -64 -65 -66 -67 -68 -69 -70 -71 -72 -73 -74 -75 75 -77 -78 -79
leaf_value=-0.012490055222655361 -0.0013336809033714983 0.025661827427222828 -0.0013920132956478375 0.021173787335844515 -0.008807305531157 -0.011349066807004987 -0.021493138011626989 0.0084720878875783525 0.0049121603522590948 -0.0063658831193653008 -0.0023041019471270467 0.0054021575055128697 -0.027191496981892584 -0.025212327347359845 0.043743195401515167 0.027997848671796957 -0.0036122236778684405 0 -0.0013757071083419161 0.0061619694661718761 0.019340703439636016 0.028743573433580687 -0.0040784962744652049 -0.01983756846065873 0.03481046829708908 0.0074960533398670155 -0.028382861024615971 -0.022924721401494357 0.010415681743395768 -0.0034393979326047164 0.0012248090623373743 0.0061780963768302173 0.011989039805705244 -0.013889725616977992 0.028056002328948487 -0.0051507849229121723 0.014583373599300275 -0.026735882842344131 -0.015868346799474482 0 -0.012701816966594578 -0.0033254838217006265 0.030807746808585175 0.011230799734898609 0.042648957012272629 0.020452027122137634 -0.026117460617777161 -0.019599513310962612 -0.0077066575000060492 0.034325386373164422 0.014475642123182784 -0.018397417302759195 0.0105839348080661 0.034703266945201691 0.0067960567898187217 0.0041343981691549427 0.016747921929586053 0.024416187384050703 0.010950629908136248 -0.01952779838495345 -0.013340947829093015 0.027052177467067565 0.0044713364959905822 0.0047954081514130524 0 0.02024214776950058 0 -0.018379774090770257 0.0033510176170832716 -0.018908017836867429 -0.018473326711185036 0.00082165417227827997 -0.016299261970692716 -0.0010654835789597784 0.0064393412811754383 0.031065415153390407 -0.014238564079989673 0.0031119388894263601
leaf_weight=73.570324335247278 1165.1132057495415 43.04047185741365 51.669557545334101 58.931882865726948 48.362663866952062 756.7774260789156 61.970300672575831 777.03740084730089 39.887114999815822 41.223517026752234 388.21074141934514 82.48758271150291 80.669896150007844 49.177956055849791 88.617264663800597 86.085035482421517 83.517675155773759 67.95815403945744 94.207399971783161 44.16335534863174 93.818425640463829 35.420152075588703 63.271184867247939 84.387199720367789 49.668440014123917 61.277442248538136 185.43554367870092 118.45112051256001 49.531583245843649 160.48049920238554 61.23823063261807 61.255055090412498 49.547436859458685 51.965314326807857 41.723667850717902 201.84909091703594 107.13883253931999 50.742888182401657 388.19866081699729 226.28328690305352 47.133119905367494 39.656675152480602 73.383855741471052 65.728208851069212 52.761808792129159 63.253727819770575 115.13372912444174 110.71856892108917 68.083841422572732 57.666157932952046 73.251418199390173 85.609047831967473 40.57223043218255 47.275213669985533 292.00081777945161 67.960793204605579 65.614880176261067 70.343386488035321 41.944314835593104 43.820946618914604 58.488441925495863 67.004945253953338 74.553343594074249 91.271655051037669 44.55648010596633 98.487735815346241 41.294767091050744 53.916662067174911 59.745154298841953 182.28209680318832 47.295144965872169 46.697381414473057 64.229511614888906 91.540968840941787 62.737985657528043 95.244961448013783 146.09094905480742 1633.2387031763792
leaf_count=687 15728 500 661 710 581 8861 818 9474 644 484 4290 1042 1114 610 750 765 793 695 1055 447 1077 418 839 1078 555 695 2334 1360 621 1943 728 776 638 815 586 2561 1339 575 4281 2607 511 515 999 748 635 875 1606 1417 844 652 836 1067 620 583 3506 896 724 966 534 541 759 701 789 863 498 1035 487 623 613 1951 508 805 809 1102 711 1184 1611 21002
internal_value=0 0.000390973 -0.00947854 0.00231067 -0.00119985 -0.00574723 0.00340361 0.00276834 0.00434706 -9.54963e-05 0.00143826 -0.000530325 0.00264578 0.00437977 0.0106413 0.0238777 0.0124324 -0.00132737 -0.00492201 -0.015192 0.00452248 -0.00162259 0.00741726 -0.00345318 -0.00319724 -0.00819667 -0.0193 -0.00173163 -0.0127965 0.00502843 0.0173924 0.000205047 -0.00459878 0.00568085 0.00612103 -0.00307113 0.00163706 -0.0110704 -0.00902529 -0.0109003 0.00462019 0.010162 0.0187184 0.00611673 0.0271614 0.00957981 -0.0189602 -0.0128341 0.0118612 0.0209103 0.00353826 -0.00150958 -0.00866463 0.010642 0.0123233 0.00759134 0.00498972 0.0115227 0.00473342 -0.00425896 0.00148206 0.00441646 0.0159536 -0.00430726 -0.0134995 0.0123532 0.0152197 -0.00371676 -0.0104017 -0.0135235 -0.00255016 0.0142227 -0.00562708 0.0100349 0.0123898 0.0219958 -0.00574116 0.00487159
internal_weight=0 10505.6 299.305 132.502 6282.92 1215.7 458.925 4222.73 3057.62 5067.22 3381.56 2540.63 1468.85 1344.02 643.273 258.22 169.603 700.748 1071.77 124.833 320.886 227.068 840.936 188.864 1685.65 686.083 246.713 439.37 167.983 271.387 110.907 999.572 547.406 2598.02 2546.06 459.594 308.988 144.95 750.886 668.399 208.536 161.403 113.041 452.166 135.78 104.477 166.803 150.606 260.256 118.921 141.335 191.909 126.181 652.071 588.8 396.954 353.914 221.724 151.38 85.7653 385.053 326.564 141.558 185.006 93.7344 166.446 83.0184 280.2 338.87 279.125 96.8426 82.1175 132.19 541.525 449.984 157.983 534.302 2410.28
internal_count=131661 127997 3664 1397 73309 14649 5788 54688 38960 58660 38565 28203 15720 14159 6528 2308 1558 7631 12483 1561 3930 2853 10362 2437 20095 8236 3029 5207 1981 3226 1283 11859 6316 32999 32184 5961 3900 1630 8553 7511 2606 2095 1514 5543 1708 1359 2267 2061 3108 1428 1680 2435 1687 7925 7086 4970 4470 2765 1799 1075 4220 3461 1490 1971 1108 1730 1073 3230 3710 3097 1146 1223 1705 6503 5401 1895 5901 30476
is_linear=0
shrinkage=0.0454652


end of trees

feature_importances:
Column_13=153
Column_3=121
Column_16=96
Column_11=85
Column_2=83
Column_27=79
Column_33=69
Column_15=61
Column_7=56
Column_6=55
Column_14=55
Column_21=52
Column_28=52
Column_12=51
Column_20=51
Column_0=49
Column_23=49
Column_30=45
Column_17=41
Column_22=40
Column_10=39
Column_18=37
Column_29=34
Column_5=30
Column_4=20
Column_8=19
Column_1=13
Column_9=13
Column_31=8
Column_32=4

parameters:
[boosting: gbdt]
[objective: binary]
[metric: auc]
[tree_learner: serial]
[device_type: cpu]
[data_sample_strategy: bagging]
[data: ]
[valid: ]
[num_iterations: 600]
[learning_rate: 0.0454652]
[num_leaves: 79]
[num_threads: 2]
[seed: 42]
[deterministic: 0]
[force_col_wise: 0]
[force_row_wise: 0]
[histogram_pool_size: -1]
[max_depth: -1]
[min_data_in_leaf: 525]
[min_sum_hessian_in_leaf: 0.001]
[bagging_fraction: 0.774687]
[pos_bagging_fraction: 1]
[neg_bagging_fraction: 1]
[bagging_freq: 1]
[bagging_seed: 42]
[feature_fraction: 0.515409]
[feature_fraction_bynode: 1]
[feature_fraction_seed: 42]
[extra_trees: 0]
[extra_seed: 12879]
[early_stopping_round: 0]
[early_stopping_min_delta: 0]
[first_metric_only: 0]
[max_delta_step: 0]
[lambda_l1: 1.07292]
[lambda_l2: 4.08529]
[linear_lambda: 0]
[min_gain_to_split: 0]
[drop_rate: 0.1]
[max_drop: 50]
[skip_drop: 0.5]
[xgboost_dart_mode: 0]
[uniform_drop: 0]
[drop_seed: 17869]
[top_rate: 0.2]
[other_rate: 0.1]
[min_data_per_group: 100]
[max_cat_threshold: 32]
[cat_l2: 10]
[cat_smooth: 10]
[max_cat_to_onehot: 4]
[top_k: 20]
[monotone_constraints: ]
[monotone_constraints_method: basic]
[monotone_penalty: 0]
[feature_contri: ]
[forcedsplits_filename: ]
[refit_decay_rate: 0.9]
[cegb_tradeoff: 1]
[cegb_penalty_split: 0]
[cegb_penalty_feature_lazy: ]
[cegb_penalty_feature_coupled: ]
[path_smooth: 0]
[interaction_constraints: ]
[verbosity: -1]
[saved_feature_importance_type: 0]
[use_quantized_grad: 0]
[num_grad_quant_bins: 4]
[quant_train_renew_leaf: 0]
[stochastic_rounding: 1]
[linear_tree: 0]
[max_bin: 255]
[max_bin_by_feature: ]
[min_data_in_bin: 3]
[bin_construct_sample_cnt: 200000]
[data_random_seed: 175]
[is_enable_sparse: 1]
[enable_bundle: 1]
[use_missing: 1]
[zero_as_missing: 0]
[feature_pre_filter: 1]
[pre_partition: 0]
[two_round: 0]
[header: 0]
[label_column: ]
[weight_column: ]
[group_column: ]
[ignore_column: ]
[categorical_feature: ]
[forcedbins_filename: ]
[precise_float_parser: 0]
[parser_config_file: ]
[objective_seed: 16083]
[num_class: 1]
[is_unbalance: 0]
[scale_pos_weight: 1]
[sigmoid: 1]
[boost_from_average: 1]
[reg_sqrt: 0]
[alpha: 0.9]
[fair_c: 1]
[poisson_max_delta_step: 0.7]
[tweedie_variance_power: 1.5]
[lambdarank_truncation_level: 30]
[lambdarank_norm: 1]
[label_gain: ]
[lambdarank_position_bias_regularization: 0]
[eval_at: ]
[multi_error_top_k: 1]
[auc_mu_weights: ]
[num_machines: 1]
[local_listen_port: 12400]
[time_out: 120]
[machine_list_filename: ]
[machines: ]
[gpu_platform_id: -1]
[gpu_device_id: -1]
[gpu_use_dp: 0]
[num_gpu: 1]

end of parameters

pandas_categorical:null
