tree
version=v4
num_class=1
num_tree_per_iteration=1
label_index=0
max_feature_idx=33
objective=binary sigmoid:1
feature_names=Column_0 Column_1 Column_2 Column_3 Column_4 Column_5 Column_6 Column_7 Column_8 Column_9 Column_10 Column_11 Column_12 Column_13 Column_14 Column_15 Column_16 Column_17 Column_18 Column_19 Column_20 Column_21 Column_22 Column_23 Column_24 Column_25 Column_26 Column_27 Column_28 Column_29 Column_30 Column_31 Column_32 Column_33
feature_infos=[0.23920178413391113:4.806818962097168] [0.049576185643672943:24.251049041748047] [0.17134076356887817:8.6935958862304688] [0.087584272027015686:1] [-28.67047119140625:41.262332916259766] [-36.190670013427734:42.326030731201172] [-36.841156005859375:62.500308990478516] [-41.300331115722656:63.120437622070312] [-22.455821990966797:30.680826187133789] [0:0.95389312505722046] [0:0.64536702632904053] [0:0.40022626519203186] [-0.51016271114349365:0.51874518394470215] [-0.15357083082199097:0.22172828018665314] [-45.028751373291016:17.161741256713867] [-6.6708002090454102:64.2962646484375] [0:1] [0:95] [0:95] [-1:1] [-29.775985717773438:44.984848022460938] [-30.525325775146484:55.0223388671875] [-2.8409864902496338:15.253066062927246] [0.049656935036182404:5.4310722351074219] [-1:1] [0:1] [0:0.99820786714553833] [-1:1] [-1:1] [-0.78183150291442871:0.97492790222167969] [-0.90096884965896606:1] [0:1] [0:1] [0.8888888955116272:25]
tree_sizes=8580 8741 8708 8684 8705 8671 8754 8742 8711 8704 8734 8632 8738 8788 8752 8678 8676 8712

Tree=0
num_leaves=79
num_cat=0
split_feature=11 27 20 15 15 30 16 2 15 12 23 2 16 4 0 27 16 0 16 12 18 11 20 27 11 27 11 30 11 16 15 27 2 20 27 18 15 18 10 0 16 20 10 15 15 12 30 15 15 2 27 16 9 0 20 2 0 27 11 20 27 23 27 27 15 16 16 30 4 23 11 18 23 20 0 27 2 27
split_gain=65.4469 34.0125 30.4568 31.807 25.0205 22.7508 64.9147 37.3837 30.2207 52.948 28.0758 22.7476 22.6093 21.4541 21.3622 20.1342 20.0829 32.0677 29.2458 22.9135 22.3815 19.8389 17.9965 28.6346 28.1928 17.4887 27.0742 17.2499 25.0476 27.1442 23.1618 16.3561 16.2891 16.235 29.1338 19.2873 15.7735 16.5533 15.3237 15.2603 14.7914 14.4844 14.165 14.1246 14.0228 13.6838 13.4199 12.8321 32.9253 24.488 12.7438 12.4078 13.9752 12.3981 15.8593 11.9913 11.8994 20.0267 11.7084 12.2844 11.641 11.5737 16.0504 13.3814 12.6643 13.6909 14.2102 11.5568 13.7924 11.2471 10.8577 11.5732 12.0426 11.1565 10.821 10.6998 10.6014 19.0621
threshold=0.020711290650069717 0.9015902876853944 2.966504812240601 6.820754051208497 9.8121986389160174 0.81174489855766307 0.83281388878822338 0.69999375939369213 12.91022300720215 -0.033705474808812134 0.79738667607307445 0.91906610131263744 0.44664591550827032 -1.0963731408119199 0.80822083353996288 0.96863394975662243 0.22080998122692111 0.74961480498313915 0.41667445003986364 -0.13104663789272306 66.500000000000014 0.074607718735933318 0.37628519535064703 0.56457334756851207 0.059075778350234039 0.24825246632099154 0.075260575860738768 1.0000000180025095e-35 0.037983497604727752 0.54727953672409069 8.1361403465271014 0.61734244227409374 1.2042557597160342 1.8640150427818301 -0.076279435306787477 61.500000000000007 24.807671546936039 85.500000000000014 0.069985587149858489 1.5070575475692751 0.79939559102058422 1.482678294181824 0.096598353236913695 10.18549966812134 7.9368679523468026 -0.011865052394568918 1.0000000180025095e-35 21.163750648498539 27.056399345397953 1.1707081198692324 -0.16288578510284421 0.53403338789939891 0.15586353838443759 0.58967530727386486 1.0582588911056521 1.3072801828384402 0.71717816591262828 0.20576497167348864 0.034310752525925643 1.1534097790718081 -0.96298784017562855 0.80325055122375499 -0.24825246632099149 0.50938662886619579 10.987752914428713 0.3862151056528092 0.22564597427845004 1.0000000180025095e-35 -0.28365866839885706 0.64780631661415111 0.14319384843111041 52.500000000000007 2.0759921073913579 -1.3154326081275938 0.62165516614913952 -0.69930991530418385 0.95299223065376293 0.4904943853616715
decision_type=2 2 2 2 2 2 2 2 2 2 2 2 2 2 2 2 2 2 2 2 2 2 2 2 2 2 2 2 2 2 2 2 2 2 2 2 2 2 2 2 2 2 2 2 2 2 2 2 2 2 2 2 2 2 2 2 2 2 2 2 2 2 2 2 2 2 2 2 2 2 2 2 2 2 2 2 2 2
left_child=1 4 3 -3 33 8 16 -8 11 -10 36 13 22 -2 -5 21 17 74 44 -19 25 38 23 24 32 45 -27 28 29 -15 58 50 -13 46 -35 -36 37 -9 -11 60 67 -31 -14 -22 -18 -20 51 49 -49 -12 -24 52 75 54 -23 -54 -32 -58 -29 -60 -34 62 -30 -63 65 66 -64 -6 -69 -48 71 73 -73 -55 -7 -1 -40 -78
right_child=5 2 -4 14 40 6 7 10 9 15 47 12 42 27 -16 -17 18 19 20 -21 43 53 31 -25 -26 26 -28 30 61 41 56 -33 39 34 35 -37 -38 -39 76 -41 -42 -43 -44 -45 -46 -47 69 48 -50 -51 -52 -53 55 70 -56 -57 57 -59 59 -61 -62 63 64 -65 -66 -67 -68 68 -70 -71 -72 72 -74 -75 -76 -77 77 -79
leaf_value=-0.90252763387286272 -0.89875390899056051 -0.90246791626168776 -0.92519777648388313 -0.88820495766772689 -0.92651273468966433 -0.88563806613809481 -0.8474825808828822 -0.8823932790104746 -0.92529250222713888 -0.91636973993595983 -0.90258544475689251 -0.89762106153191801 -0.89926235421065814 -0.86171961120995044 -0.85312742607680869 -0.91264869484945643 -0.90750117814573883 -0.86787955194954325 -0.90684664396210513 -0.90256852730883785 -0.91943123131415372 -0.89969349029973666 -0.87887167602011707 -0.90828338687459365 -0.89841897133000392 -0.86139348209986966 -0.90313477252823249 -0.92455563209182035 -0.86592507497949789 -0.89839442742602926 -0.90067568422878053 -0.86047741474248529 -0.89191247545909913 -0.91253290538168219 -0.89781935694157955 -0.85395770126936132 -0.89204610219317126 -0.8479496149960698 -0.89128353224214629 -0.89561002630896636 -0.90373004147704505 -0.87256470006658904 -0.91224244830397605 -0.89722497570468096 -0.93451534402764436 -0.87974464878200898 -0.925693181112202 -0.91379676823982048 -0.8756549378277888 -0.8655826916068502 -0.90667621276810118 -0.91234450104549947 -0.89915447282391492 -0.90628575843780534 -0.86514135424896121 -0.92145521982519996 -0.85963706664662132 -0.89781935694157955 -0.89181657557819949 -0.91897734312813883 -0.86215717754942045 -0.90625299739582899 -0.90260579600507296 -0.88682251843263704 -0.87244972619635286 -0.90565531440424063 -0.87278547156714881 -0.89150513801676079 -0.91975263292118015 -0.90745345010027156 -0.90271570133471302 -0.89813510662473484 -0.87606999965522003 -0.88268022358873366 -0.84773099721803935 -0.88276080564923465 -0.89802644824423294 -0.92420286562670328
leaf_weight=82.403645580634475 542.46913079917431 129.41397097148001 43.739274550229311 90.833193523809314 246.95088662579656 35.214320868253708 65.505845854058862 60.565602540969849 169.119185147807 174.92566692084074 61.178376289084554 105.8800557050854 458.32493645697832 162.89353194832802 64.754777235910296 210.24403112754226 283.98945936560631 44.099638925865293 99.76571530289948 207.27453522756696 83.080749411135912 45.137018799781799 73.675995554775 319.22884541377425 615.52070742659271 94.16663047298789 43.526380561292171 51.903665333986282 70.004276867955923 106.3110638987273 53.319722156971693 51.53070810995996 41.592883439734578 61.621053293347359 38.065108405426145 45.471692578867078 55.720320096239448 77.310776308178902 159.22395481728017 64.6606126986444 168.49622433260083 69.166833553463221 286.85688442178071 171.52407784201205 45.964889656752348 56.842105206102133 99.243442669510841 121.73758855462074 70.115676848217845 79.218253733590245 54.629196317866445 163.79493128508329 198.17268564924598 44.082930412143469 56.049870520830154 65.316677324473858 62.719855735078454 46.080604217946529 108.78571772202849 44.917833168059587 130.38743088766932 155.14400953985751 49.979796260595322 131.25896874815226 62.901562478393316 121.12731750681996 76.661849303171039 52.385450737550855 87.991688456386328 293.48052321374416 439.13944116421044 901.17109714820981 49.908509202301502 244.2832110337913 41.28624876216054 149.15879039280117 203.97683190740645 78.209723766893148
leaf_count=1046 6404 1596 554 1291 2929 557 666 628 2023 2307 658 1428 5161 2024 609 2590 3407 537 1446 2755 994 725 851 3362 7913 1121 548 605 717 1180 738 577 580 679 528 657 591 664 1948 936 1820 779 3446 2303 616 808 1166 973 681 779 737 1782 2272 494 826 855 658 633 1371 483 1651 1709 888 1634 782 1419 1121 687 1185 3672 5346 10442 631 3033 593 1814 2527 891
internal_value=-0.897819 -0.905049 -0.891779 -0.886167 -0.907575 -0.896081 -0.89153 -0.879245 -0.897278 -0.900934 -0.883651 -0.894802 -0.897933 -0.891184 -0.87253 -0.899294 -0.897633 -0.888062 -0.901177 -0.896292 -0.894815 -0.898078 -0.894663 -0.896623 -0.892659 -0.886288 -0.874705 -0.888164 -0.885088 -0.875001 -0.896753 -0.881344 -0.882282 -0.903776 -0.889852 -0.872658 -0.87 -0.861857 -0.905099 -0.875741 -0.915563 -0.888142 -0.904376 -0.904509 -0.911813 -0.897104 -0.905768 -0.891992 -0.899437 -0.881723 -0.890987 -0.90166 -0.897937 -0.895663 -0.880492 -0.905141 -0.883972 -0.875547 -0.906671 -0.899787 -0.868772 -0.890385 -0.88523 -0.897486 -0.890092 -0.895104 -0.884709 -0.920471 -0.908993 -0.912425 -0.896647 -0.894448 -0.89694 -0.886523 -0.863073 -0.889962 -0.900394 -0.905725
internal_weight=0 2081.29 328.741 285.002 1752.55 8691.49 1798.09 591.352 6893.41 2775.47 525.847 4117.93 2202.29 1915.65 155.588 2606.35 1206.73 327.875 878.86 251.374 548.906 2396.11 1457.11 1277.27 958.042 294.301 137.693 1373.18 1005.45 338.371 367.727 179.836 342.521 1196.73 145.158 83.5368 193.597 137.876 616.336 236.641 555.824 175.478 745.182 254.605 329.954 156.608 1051.57 332.25 191.853 140.397 128.305 658.847 495.052 1779.77 101.187 263.489 162.12 108.8 205.607 153.704 171.98 667.078 380.675 286.403 310.671 247.769 126.642 387.328 140.377 392.724 1678.59 1239.45 951.08 288.366 76.5006 231.562 441.411 282.187
internal_count=130037 25142 4050 3496 21092 104895 21325 5640 83570 33783 4974 49787 26642 23145 1900 31760 15685 4442 11243 3292 7220 29170 18035 15870 12508 3923 1669 16741 12253 3983 4488 2165 4595 14471 1864 1185 1883 1292 7673 3167 6621 1959 8607 3297 4023 2254 12607 3091 1654 1437 1588 7769 5987 21497 1551 3127 2029 1291 2459 1854 2231 8270 4927 3343 4210 3428 2009 4801 1872 4838 19946 14600 11073 3527 1150 2860 5366 3418
is_linear=0
shrinkage=1


Tree=1
num_leaves=79
num_cat=0
split_feature=11 22 27 13 13 13 27 20 15 13 15 14 13 6 22 12 12 15 15 12 11 11 27 12 13 14 14 15 11 15 15 6 6 27 20 13 15 13 14 20 12 27 20 13 13 14 22 14 6 13 22 11 13 6 12 11 4 15 27 15 27 10 10 27 15 12 20 20 12 13 11 15 15 13 12 6 15 27
split_gain=60.3801 30.9959 29.7646 30.6445 21.3592 32.1702 24.8807 26.2643 24.8447 25.6479 21.3589 24.6444 16.9113 15.5972 18.9952 19.6881 15.7933 15.1468 14.1637 23.1518 12.7106 11.094 10.0699 9.58007 26.3374 15.8131 17.7896 16.0258 14.6837 17.3407 14.5584 14.527 12.3589 11.2357 18.4021 9.56984 9.27655 8.99487 9.65622 8.62601 8.60536 8.46159 15.4589 10.6745 13.0677 9.7056 14.7639 12.3273 8.0851 8.07443 10.4961 9.527 7.83672 7.75089 7.25633 6.77068 6.75403 6.66442 6.82347 6.44696 6.3226 6.15119 14.3872 24.4452 13.4892 8.98209 17.965 10.3496 18.0101 18.8893 15.4361 13.402 12.2219 16.7377 11.8811 11.3085 9.95292 9.74266
threshold=0.020291220396757129 -0.48029650747776026 0.79989895224571239 0.01544952765107155 -0.027178337797522541 -0.01319830399006605 -0.72982063889503468 0.5927259922027589 11.47283983230591 -0.086967132985591875 10.987752914428713 -3.7652890682220455 -0.0057428791187703601 -6.1734385490417472 -1.0894511342048643 0.0079425959847867506 -0.12525325268507001 9.2362084388732928 10.490778446197512 0.029446006752550605 0.094878416508436217 0.038935720920562751 -0.87137606739997853 0.072251640260219588 0.037312144413590438 -2.0666153430938716 -5.4355876445770255 10.743339538574221 0.075260575860738768 6.465808868408204 12.473446369171144 7.8034510612487802 1.7578684687614443 0.8491516411304475 2.0822702646255498 0.02876810543239117 13.259786128997805 0.0016784890322014692 -9.5994377136230451 2.6949576139450078 -0.042754558846354478 0.11969653144478799 2.0822702646255498 -0.010710200294852255 -0.025409232825040814 -5.4355876445770255 0.08256933838129045 -8.2387704849243146 -2.1460140943527217 -0.055403526872396462 -0.28880149126052851 0.1364923641085625 0.054960500448942191 1.8177053332328799 -0.032030753791332238 0.099168177694082274 0.25880078971385961 7.4237313270568857 -0.52803644537925709 7.2207677364349374 0.20576497167348864 0.30352327227592474 0.24578833580017093 -0.56457334756851185 23.011463165283207 0.073412269353866591 0.46642903983592993 -4.0943589210510245 -0.071105122566223131 -0.026571368798613545 0.047435808926820762 18.131121635437015 12.388307094573976 0.0051560460124164828 0.021916427649557594 0.12071994319558145 22.294286727905277 0.50938662886619579
decision_type=2 2 2 2 2 2 2 2 2 2 2 2 2 2 2 2 2 2 2 2 2 2 2 2 2 2 2 2 2 2 2 2 2 2 2 2 2 2 2 2 2 2 2 2 2 2 2 2 2 2 2 2 2 2 2 2 2 2 2 2 2 2 2 2 2 2 2 2 2 2 2 2 2 2 2 2 2 2
left_child=2 4 10 18 8 22 7 35 9 -2 41 -12 -13 16 -15 20 -11 59 19 37 -16 -9 -6 25 31 26 28 -28 29 40 -29 -25 -31 34 -27 48 -14 38 -4 -20 -8 43 -43 44 -1 47 53 56 -7 50 -3 -52 -26 -47 -24 -18 -45 58 -49 -17 -56 62 65 -64 -63 66 67 -51 70 -70 -69 72 73 -71 -73 -75 77 -68
right_child=1 49 3 -5 5 6 23 21 -10 13 11 12 36 14 15 17 55 -19 39 -21 -22 -23 54 24 52 33 27 30 -30 32 -32 -33 -34 -35 -36 -37 -38 -39 -40 -41 -42 42 -44 45 -46 46 -48 57 -50 61 51 -53 -54 -55 60 -57 -58 -59 -60 -61 -62 64 63 -65 -66 -67 76 68 69 71 -72 74 -74 75 -76 -77 -78 -79
leaf_value=0 -0.014011241566024405 0.0046864528680102451 0.0010260893110348242 0.027005624466935309 -0.030849924840861249 0.021106366053788132 0.00866457187764289 0 -0.019359760008546674 0.024203252918304167 -0.031289372076837331 -0.026230452769171266 0.015094261948776253 0.043740064896954922 0.031776188716132671 0.0067051923525512421 -0.013046550908434181 0.028354459374276702 -0.0037720165950924788 0.023405141884062525 0.0087596551011296896 0.023802114186120663 -0.018915741318850824 -0.038569972035501658 0.018206121189291182 0.023465105261084685 -0.021289874412301058 0.017815441673438164 -0.0078082382728277564 0.022302480799756566 -0.0055325657759256602 -0.0037615606819137262 -0.0010714969733619387 0.030758430587444083 -0.0065677560514066976 -0.011733447711360083 -0.010221200100436168 0.0079906823332239717 -0.021743880508909571 -0.033222391782811084 -0.016353051296620107 -0.0059283764796676285 0.016497738444916574 -0.0139004136257128 -0.02652071810977074 -0.036451671867350002 0.0022585961085575964 0.022537989449907224 -0.0041603984879041512 0.0035356687124870152 -0.015962330157324206 -0.00036453359509222241 -0.001611001172674473 -0.010494530223797958 -0.013269393430080167 0.0082059722682126506 0.0017225640395407641 -0.0041682806282413772 0 -0.011361021876300035 0.0070581966078748842 0.0054749595407323519 0.027397093280224175 0.00079615105250014045 -0.018834036121870505 -0.0046088190306235836 0.0028811493818737366 -0.0003499763707999727 0.0098340487787730198 -0.0097688481014874401 -0.024540817839078806 -0.00099218670020047284 -0.014088169702153683 0.0075607405111418639 0.021586290425301694 -0.0077754862491454394 -0.0043464211391979713 0.011002304377124584
leaf_weight=48.026437968015671 58.575269648805261 128.97903157584369 62.298056073486805 84.482445688918233 47.606306338682771 48.771138746291399 49.500440521165729 50.682240173220634 45.447585921734571 51.063642155379057 186.95354707352817 56.060463879257441 60.945978756994009 61.882590409368277 173.04532481729984 84.263714646920562 76.48958227224648 41.08120996132493 49.847492953762412 74.387274105101824 83.703557781875134 296.42015164345503 67.321887582540512 55.655308999121189 56.989614890888333 73.661088153719902 100.46352185867727 64.756715979427099 101.94600295089185 209.70809147506952 271.10716238059103 49.849665036424994 54.379644323140383 60.129879891872406 85.499041926115751 84.481760999187827 49.802064318209887 63.676544990390539 81.443738577887416 39.043713117018342 54.033697320148349 358.82920343615115 72.419991865754128 188.86317796632648 138.22652816586196 59.645027846097946 56.362253030762076 60.487475791946054 44.530168464407325 542.31293206848204 217.28000568412244 138.21960604377091 114.02208454161882 56.068905983120203 46.811667734757066 44.050998805090785 72.683326687663794 72.352771211415529 45.630140088498592 70.450077310204506 78.647410545498133 78.211415283381939 102.9260973110795 227.57551801949739 101.75969459302723 821.23142189346254 899.63028440065682 94.222124813124537 239.30797590501606 404.30464691855013 140.96274498850107 132.25059966929257 278.68574519082904 319.75181841664016 68.216231200844049 137.14210980571806 226.35740522295237 481.57376679778099
leaf_count=587 1028 1747 818 822 507 682 515 522 501 712 2438 565 634 805 2148 1155 910 514 715 940 1000 3074 780 580 588 738 1076 733 1415 2672 3359 600 775 599 875 979 603 917 987 500 649 4197 973 2477 1646 596 618 724 505 6609 2796 2044 1237 527 548 591 958 911 565 871 939 971 1196 2616 1160 10046 10834 1121 3110 4859 1641 1588 3487 3643 737 1532 2464 6070
internal_value=0 0.00146058 -0.00722098 0.00292217 0.00524461 0.00287078 0.00485169 0.0132675 0.0116459 0.0136988 -0.0101677 -0.0200452 -0.00671086 0.0162044 0.0201646 0.0164715 0.00386229 0.00513443 -0.00267088 0.00222213 0.0247142 0.0204812 -0.0126215 0.00163618 -0.00582386 0.00352713 0.000794734 -0.00572622 0.00695419 0.01122 -0.000727429 -0.0233219 0.0173645 0.0143754 0.00727235 -0.000691981 0.00332678 -0.00544952 -0.0117897 -0.0181236 -0.00406381 -0.00722932 -0.00193081 -0.0100063 -0.019595 -0.00689881 -0.0159958 -0.00311702 0.00887768 -0.000468922 -0.00606222 -0.0101065 0.00498515 -0.0250682 -0.00732552 -0.0048741 -0.00941545 0.00585021 0.0130249 -0.00129485 -0.000329211 3.7788e-05 0.000340436 0.00945948 -0.00811782 -0.000286642 0.000600163 -0.00191204 -0.00357104 -0.00177042 -0.0152246 -0.00390217 -0.00583203 -0.00305005 0.00673017 0.00282346 0.00430957 0.005772
internal_weight=0 8737.93 2038.54 455.179 2957.03 2166.97 1926.59 524.885 790.054 744.606 1583.36 353.762 166.809 686.031 514.426 452.544 171.604 195.795 370.697 281.806 256.749 347.102 240.387 1401.7 276.517 1125.19 905.895 436.327 469.568 367.622 335.864 105.505 264.088 219.29 159.16 177.783 110.748 207.418 143.742 88.8912 103.534 1229.6 431.249 798.346 186.253 612.093 172.076 440.017 93.3013 5780.9 484.479 355.5 171.012 115.714 192.781 120.541 261.547 178.47 106.118 154.714 125.459 5296.42 5116.45 330.502 179.971 4785.95 3964.72 2357.16 1814.84 1579.66 235.185 1340.35 1139.88 861.199 200.467 456.894 1607.56 1381.2
internal_count=130171 105453 24718 5699 35182 24947 22173 5762 10235 9734 19019 4240 1802 8706 6493 5688 2213 2540 4877 3662 3148 3596 2774 16411 3005 13406 11194 5168 6026 4611 4092 1180 3447 2212 1613 2166 1237 2722 1805 1215 1164 14779 5170 9609 2233 7376 1741 5635 1187 70271 6587 4840 1825 1123 2267 1501 3435 2200 1289 2026 1487 63684 61553 3812 2131 57741 47695 28327 21718 18956 2762 15846 13521 10034 2325 5175 19368 16904
is_linear=0
shrinkage=0.0454652


Tree=2
num_leaves=79
num_cat=0
split_feature=16 30 28 16 13 28 22 3 23 7 30 28 15 23 13 3 28 23 28 3 4 7 7 3 13 28 3 13 13 15 15 22 4 13 10 28 3 1 30 3 33 22 15 13 3 30 30 13 16 10 13 22 28 4 7 33 15 22 3 28 15 16 33 3 13 7 28 13 3 15 15 30 7 13 28 7 13 13
split_gain=36.0829 56.6971 38.7605 37.5476 67.1023 32.7306 27.4876 33.686 21.0631 19.3149 18.9816 22.7845 18.8802 24.2288 17.7833 17.5135 17.1362 28.044 17.8387 16.9176 16.8882 16.7821 16.3947 16.3556 17.6069 23.1958 16.234 16.0514 16.0084 15.4981 20.0383 18.2947 15.3755 15.0607 19.3227 20.3991 15.9314 14.0032 13.82 13.7123 13.4911 13.1818 13.1498 13.0596 22.0328 14.7066 13.7762 33.2604 41.47 13.1105 12.1968 18.7685 16.3272 11.9965 11.9927 11.4333 11.5577 11.3779 10.7652 10.0661 22.2409 9.80721 9.70871 9.46726 9.19026 10.5438 9.10196 8.90062 10.3098 8.73547 12.6845 8.7317 8.68482 9.12787 8.67528 8.59812 8.57801 29.894
threshold=0.82291585206985485 0.81174489855766307 -0.16288578510284421 0.5757175385951997 -0.0052769212052226058 -0.69930991530418385 -0.6305401325225829 0.55425605177879345 0.72162142395973217 14.946542263031008 1.0000000180025095e-35 0.41268247365951544 23.509823799133304 1.0796303749084475 -0.055403526872396462 0.85939016938209545 0.9279436767101289 0.57225412130355846 0.37256073951721197 0.35601826012134558 1.6507354378700259 0.74878805875778209 -15.414628505706785 0.79380640387535106 0.079192396253347411 -0.20576497167348859 0.38463847339153295 0.097358565777540221 -0.022654024884104725 17.182117462158207 13.445001602172853 -0.68186351656913746 -0.01812990382313728 -0.024312164634466168 0.094118464738130583 0.39271505177021032 0.85474067926406871 1.0470791459083559 -0.56174489110708226 0.75597149133682262 0.99393379688262951 -0.32798072695732111 4.2461018562316903 0.01175562432035804 0.71970131993293773 -0.56174489110708226 0.81174489855766307 0.040529362857341773 0.76243308186531078 0.065250147134065642 0.031242579221725467 -0.66188126802444447 -0.94331136345863331 2.3699537515640263 17.847955703735355 0.99393379688262951 10.822214603424074 -0.31111226975917811 0.73961892724037182 0.6835516393184663 20.011120796203617 0.87321648001670849 1.6250000000000002 0.31343048810958868 0.01175562432035804 7.7137427330017099 -0.83743050694465626 0.049692569300532348 0.45978929102420812 1.4584552645683291 7.8101122379302987 1.0000000180025095e-35 2.641499519348145 0.010548414196819069 -0.010907442308962435 12.81783962249756 -0.014779082033783196 -0.027736299671232697
decision_type=2 2 2 2 2 2 2 2 2 2 2 2 2 2 2 2 2 2 2 2 2 2 2 2 2 2 2 2 2 2 2 2 2 2 2 2 2 2 2 2 10 2 2 2 2 2 2 2 2 2 2 2 2 2 2 10 2 2 2 2 2 2 8 2 2 2 2 2 2 2 2 2 2 2 2 2 2 2
left_child=3 5 12 6 55 9 7 16 22 37 11 74 13 75 41 21 17 18 -1 -18 -19 -6 -8 24 29 -26 -4 -27 -12 30 38 54 -13 34 35 42 39 -2 -7 69 -24 -10 -16 44 45 -23 50 57 -49 -47 53 -52 -53 -45 -31 -5 -57 -48 -34 60 -28 -11 -54 -35 -17 -66 -43 68 -33 -36 -71 -21 -65 -74 -9 -3 77 -42
right_child=1 2 26 4 15 23 8 10 14 61 28 32 -14 -15 33 64 19 20 -20 71 -22 43 40 -25 25 27 59 -29 -30 31 -32 67 58 63 36 -37 -38 -39 -40 -41 76 66 -44 46 -46 49 47 48 -50 -51 51 52 62 -55 -56 56 -58 -59 -60 -61 -62 -63 -64 72 65 -67 -68 -69 -70 70 -72 -73 73 -75 -76 -77 -78 -79
leaf_value=0.056888458338629488 -0.010626059927884854 0.009114279921082661 0.043770820257902521 -0.00040115512347988316 -0.013076805389624671 0.029490768349243312 0.010848735162537463 0.0030733122964355574 0.0043416290340501512 0.00026972714753395076 0.0029370962793067159 0.0015983724351298684 -0.0093466719500491981 -0.0072903535831752211 -0.0068239875399248575 0.021198778363166082 -0.018514761985840608 0.0074492845765229462 0.017491804258230135 0.027286879103292028 0.036732654187790002 -3.3076377375079799e-06 0.0055929513917564932 -0.0049906487632877571 0.023057384707630014 -0.018142359824152673 0.045834048205256613 0.0090942632432108334 -0.019018264594049022 0.015775534163514422 -0.0041164618805830146 0 0.0081137789001205843 -0.019767458713668907 -0.012717774712538495 0.032892300066058318 0.01940810889726351 0.0083926944289829455 0.0019179442688768567 -0.01964036733652846 -0.0061267691240163812 0.0023443857721623012 0.013524868289119443 0.0027519812489213637 -0.013818701701087592 0.0071305320440496192 -0.021056747165271311 0.041115078972564022 -0.0039422657228503919 0.04099898207123865 -0.02181038818131999 0.014860477598629795 -0.0098552314572061366 -0.02063181586083386 0.045402638080768713 -0.014980276835698997 -0.030586659496223328 0.0046335488567349923 0.040027762279709216 0.0068874130919588002 0.0089872925626700538 -0.021099312579896234 0.0078090312944258623 -0.0015588410897687274 -0.016052133569459965 0.014309831034690907 -0.016453449391330581 0.0037578697106344628 0.024649505747977755 0.011978410946490294 -0.010536474317509432 0 0.016673736189190675 0.0015351419366194886 -0.021107190067184239 0.034615610191977307 -0.0056710058325558565 -0.03407678015996958
leaf_weight=53.513293908908963 146.47078283503652 57.463736305013299 91.347328469157219 56.663867954164743 324.09147982113063 74.208107823505998 78.458583412691951 53.121545700356364 123.01385526172817 49.570673851296306 111.51126803271472 91.819299016147852 118.07684005983174 72.598022168502212 82.968439821153879 87.89718260243535 54.767062287777662 306.89953880757093 57.584046196192503 40.119816977530718 45.371500816196203 63.329074712470174 86.632728040218353 308.54014484584332 48.34436853043735 154.25094515830278 67.352381153032184 56.754142167046666 158.00588960573077 84.675692683085799 292.96620398946106 48.937784742563963 44.190881177783012 46.674524325877428 68.427046574652195 88.801220992580056 71.588540041819215 166.17959489673376 81.292857447639108 80.2250363137573 201.97924878448248 60.112066397443414 243.02727033384144 435.96834121271968 63.118325537070632 48.386057501658797 82.655377872288227 82.079228941351175 78.023091811686754 57.16622057929635 176.41385039128363 70.631701990962029 497.34901946410537 46.410877661779523 53.73168820142746 231.37397093325853 224.42263240367174 53.923645241186023 58.888765186071396 91.677843764424324 76.850798077881336 221.64340084604919 67.566985007375479 1422.7207673341036 39.160620082169771 47.931698916479945 258.98589572869241 264.3448189496994 116.48530267551541 168.79368566907942 68.117217490449548 59.758033026009798 113.3212618958205 308.7359387204051 57.756707521155477 74.542181367054582 221.13942192867398 134.61761251464486
leaf_count=657 1768 654 808 1712 3866 682 1195 458 1639 587 1523 1193 1024 703 1211 1042 690 3762 729 590 465 967 2813 3786 594 1576 723 842 2014 892 3218 600 591 685 899 1041 947 2070 742 808 2049 859 2815 5059 786 697 1085 1087 848 783 2246 929 5074 502 594 2019 2176 656 764 953 712 2609 2051 17448 505 791 3508 3021 1391 2024 838 830 1454 3693 662 618 2104 1123
internal_value=0 0.00441899 0.016157 -0.00156402 -0.00576033 0.000854658 0.000751633 0.00678801 -0.00107477 -0.00828354 -0.00105603 0.00656346 0.00469166 0.0130513 0.000494825 -0.00243502 0.0141272 0.0184725 0.0382365 0.000659744 0.0117357 -0.00358552 -0.00806621 0.00426523 0.00655023 -0.00384479 0.0271185 -0.0105561 -0.00984784 0.0092546 0.00276185 0.0142379 0.0158971 0.0018665 0.00679796 0.0138544 0.000223527 -0.000385356 0.0158 -0.00337947 -0.0104984 -0.00790804 0.00817778 -0.00184602 0.00808068 0.0166805 -0.00334109 0.00536129 0.0193083 0.0267625 -0.00538396 -0.00877384 -0.00496273 0.000247523 0.0285915 -0.0205954 -0.022974 -0.010727 0.0276321 0.0198311 0.0273147 -0.0170704 -0.00761586 -0.000390889 0.011169 1.51855e-05 -0.0127765 0.00927713 0.0175059 0.000938193 0.00523359 0.0119575 0.000115567 0.00583516 -0.00940051 0.0244799 -0.0131071 -0.0177228
internal_weight=0 2818.31 649.909 7956.21 2834.56 2168.4 5121.65 1193.31 3928.34 583.864 575.294 305.777 322.681 204.604 3205.51 2322.1 618.013 463.368 111.097 154.645 352.271 2147.11 722.828 1584.53 1275.99 259.349 327.228 211.005 269.517 1016.64 448.467 568.175 194.899 2763.4 871.948 414.797 457.152 312.65 155.501 385.563 644.369 442.112 325.996 1823.02 232 168.881 1591.02 296.681 160.102 105.552 1294.34 811.962 635.548 482.379 138.407 512.46 455.797 136.579 103.08 235.881 144.203 271.214 564.916 1891.45 174.99 87.0923 319.098 429.768 165.423 305.338 236.911 99.8779 1844.78 422.057 110.878 132.006 557.736 336.597
internal_count=130129 31167 6195 98962 34881 24972 64081 14928 49153 7034 7205 3668 2999 1975 39869 28974 7723 5613 1386 2110 4227 26636 9284 17938 14152 3012 3196 2418 3537 11140 4642 6498 2548 33863 10583 5067 5516 3838 1424 4569 8089 6006 4026 22770 3233 2447 19537 3676 1935 1480 15861 10300 8054 5561 1486 5907 4195 1741 1355 2388 1435 3196 7125 23280 2338 1296 4367 5012 1991 3761 2862 1420 22595 5147 1120 1272 5276 3172
is_linear=0
shrinkage=0.0454652


Tree=3
num_leaves=79
num_cat=0
split_feature=11 29 16 16 5 21 16 30 21 11 11 6 16 20 16 30 30 21 21 20 0 6 21 0 30 31 17 4 20 31 20 6 21 21 11 21 11 4 6 1 4 18 30 0 20 29 0 11 16 11 6 0 21 21 20 29 29 21 18 29 21 18 21 29 18 5 18 17 4 29 18 16 6 0 0 21 16 25
split_gain=63.2474 31.4254 23.3482 20.1635 18.346 31.1338 18.6715 26.0309 42.824 15.2142 15.1203 15.3551 14.3717 17.1218 13.8717 21.3185 13.4499 28.6587 22.2455 12.1203 12.0954 10.3797 10.2036 12.9185 9.88357 9.55807 13.2977 10.2743 9.5128 8.94748 10.0989 12.0962 8.61936 20.0425 15.9052 12.9246 18.9084 11.5623 8.58119 8.05001 12.8399 8.84843 11.5186 19.77 12.7483 8.22964 7.9754 8.7175 8.35411 9.70591 9.40904 7.71858 7.65317 7.63997 12.7903 11.074 17.6251 9.99956 8.14671 7.49851 8.37262 10.6154 7.48986 7.40791 9.09688 7.24654 7.17653 10.4206 7.1763 7.0768 17.715 11.5749 11.343 7.1147 11.1473 6.92781 10.2002 6.80348
threshold=0.021121991798281673 -0.60785761475563038 0.53403338789939891 0.3862151056528092 0.50113943219184887 10.236514091491701 0.58360546827316295 0.81174489855766307 4.2171106338500985 0.13532011210918429 0.15537108480930331 1.8177053332328799 0.77571329474449169 2.4368308782577519 0.81286317110061657 1.0000000180025095e-35 1.0000000180025095e-35 0.49888315796852117 -1.2563347220420835 5.3757774829864511 0.90714716911315929 4.1982369422912607 4.5245895385742196 0.64959973096847545 1.0000000180025095e-35 1.0000000180025095e-35 81.500000000000014 -0.12592820078134534 -1.3943406343460081 1.0000000180025095e-35 3.1135081052780156 9.6479010581970233 7.9646005630493173 11.173260211944582 0.1364923641085625 5.6450452804565439 0.054804567247629173 1.2880771160125735 10.283299446105959 0.60138794779777538 -0.85747015476226796 45.500000000000007 -0.56174489110708226 1.1809650063514712 -1.4334794282913206 1.0000000180025095e-35 1.0320348739624026 0.10684614628553392 0.37350901961326605 0.059075778350234039 -3.6459261178970332 0.75526940822601329 3.6801409721374516 1.2401350736618044 2.7829939126968388 0.6078576147556306 -1.0000000180025095e-35 -6.2142069339752188 55.500000000000007 0.87837970256805431 -5.0002465248107901 54.500000000000007 4.4459025859832773 0.6078576147556306 9.5000000000000018 -1.9353597760200498 64.500000000000014 62.500000000000007 1.4888355135917666 0.6078576147556306 34.500000000000007 0.53403338789939891 -0.36432951688766474 0.86995387077331554 0.66441544890403759 2.149488210678101 0.79249873757362377 0.15346615761518481
decision_type=2 2 2 2 2 2 2 2 2 2 2 2 2 2 2 2 2 2 2 2 2 2 2 2 2 2 2 2 2 2 2 2 2 2 2 2 2 2 2 2 2 2 2 2 2 2 2 2 2 2 2 2 2 2 2 2 2 2 2 2 2 2 2 2 2 2 2 2 2 2 2 2 2 2 2 2 2 2
left_child=2 -2 3 24 5 6 39 25 28 -7 11 53 66 -14 16 22 18 -18 -13 -20 21 -19 -16 -24 77 26 65 52 -9 30 -12 -32 35 38 68 36 -17 -37 -34 40 -3 45 -43 44 -44 -41 47 51 49 63 -50 -47 -27 57 55 56 -55 -6 -57 60 61 -42 -15 -48 -65 -8 -4 -68 -35 70 -59 73 -71 74 -72 -67 -77 -1
right_child=1 4 12 -5 10 9 7 8 -10 -11 29 14 13 62 15 32 17 20 19 -21 -22 -23 23 -25 -26 27 -28 -29 -30 -31 31 -33 33 34 -36 37 -38 -39 -40 41 59 42 43 -45 -46 46 48 -49 50 -51 -52 -53 -54 54 -56 58 -58 69 -60 -61 -62 -63 -64 64 -66 75 67 -69 -70 72 71 -73 -74 -75 -76 76 -78 -79
leaf_value=-0.010281781366732204 -0.021184030321367044 -0.0040651569500367562 -0.019830676294713911 0.0049720903400126883 0.00088138192761434209 0.0013567215264771093 -0.018663978691685706 0.0027880096886371145 0.026005624366155496 0.038015944576443458 -0.013030526688699947 0.02433687555104283 0.010488885493019733 -0.023509962255686637 0.017976647690994513 0.036368342001846604 -0.024078766875216203 0.026423838041786538 -0.0030148873523784402 0.021002287817383933 -0.0077915768519457845 0 0.017441097041784155 -0.0015930791551802212 -0.014347166776810926 -0.00165805108394443 0.0042815387316029489 -0.0095946145426665849 -0.021963971586291813 -0.015418124354142741 0.018000624659004014 -0.0028494583102368219 0.017909844594216504 0.022750049184864108 -0.012758363828497188 -0.014912755997645419 -0.0019117581619345332 0.010033582941641027 0.039176856187757514 -0.0020428392953180936 0.0059437631060678892 0.0038687435593769892 -0.0017569538943790549 0.016133535541651631 -0.022911899356862719 -0.0015711533071475488 0.023788541596389965 -0.0045505195722050119 -0.0207209629223634 -0.00052779911028884882 0.0024238072589840109 0.016449393560500479 0.017212579282257303 -0.0033385135248096974 -0.014650556663925896 0.0068037658487373346 0.02188789346601273 -0.0091918813964919199 -0.011698951996355423 0.022525204943231025 0.0003366692819055325 0.033346463283845426 -0.002984323184615347 0.014626536679611593 -0.01083711889792111 -0.0197323324036872 -0.013480341454013013 0.0069434276830443635 0.00096461282997670065 0.028686080312998897 0.026549799309230706 -0.0040571359859569393 0.0071119678204809751 0.030367388045777963 0.0018919573313203586 0.0029367391302639644 -0.012398109570297496 0.0020086882230783087
leaf_weight=144.76442823931575 116.93816453777254 168.38302772678435 373.28261434100568 451.16700614802539 140.13523832336068 41.485762853175402 273.75895516946912 51.331600254401565 129.61812117695808 60.997466186061502 86.512709045782685 82.874405274167657 111.75999627448618 66.979993749409914 66.238918889313936 47.435043629258871 138.0710170827806 51.265928907319903 437.12503717467189 43.967618292197585 131.87049097940326 65.74858178012073 76.454696530476213 864.32507630251348 258.00250402465463 93.687956806272268 103.28904662281275 150.78610219806433 67.04751149751246 100.7275981027633 86.22342231310904 147.89170236326754 184.34872388467193 73.094675179570913 67.611184898763895 83.282325387001038 49.822216996923089 62.802012568339705 62.967437464743853 671.93921978585422 100.50872613675892 176.31307598389685 99.762225830927491 44.193794894963503 164.26411403715611 54.360554473474622 68.991964595392346 65.157914651557803 63.907737243920565 331.76433528959751 69.340238053351641 245.40244215913117 73.043382108211517 79.475807923823595 56.764134701341391 116.67806469276547 169.00020383857191 71.416783275082707 78.440715095028281 85.7699378952384 185.53132763504982 42.707946108654141 92.362961972132325 67.395453974604607 43.215776991099119 92.775064025074244 317.24585981108248 55.507631227374077 61.411497237160802 150.03809596784413 65.287108002230525 47.864382328465581 90.237653285264969 83.507631532847881 95.516327016055584 155.04791238345206 192.31061319261789 233.85793118365109
leaf_count=1778 1352 2295 4443 5635 1771 468 3054 686 1390 841 1040 1128 1276 733 729 530 1699 615 5635 632 1787 935 935 9947 3295 1287 1282 1750 839 1157 842 1908 1850 635 585 1007 565 738 711 8218 1401 1917 1145 588 2011 818 718 983 735 4249 803 2845 849 993 655 1292 2047 828 877 1269 2408 594 1030 835 611 1037 3983 723 602 1740 880 573 1064 1023 1099 1935 2111 2798
internal_value=0 0.00178818 -0.00699034 -0.00228997 0.00211802 0 -0.000634049 -0.0049439 0.00820836 0.0242547 0.00420233 0.00509284 -0.0119402 -0.00270174 0.00310105 0.00556184 -0.00125156 -0.00777253 0.00316053 -0.000561027 0.00132342 0.0119148 0.00127134 0 -0.00751151 -0.0078804 -0.0104775 -0.00099645 -0.0110977 -0.00388486 0 0.00480176 0.0116845 0.0154428 0.00438548 0.00440574 0.0169906 -0.00388222 0.0240672 0.0015202 0.00624609 0.00021656 -0.00514522 -0.0104409 -0.015249 0.00179927 0.00440261 0.00975442 0.00125537 0.00396791 -0.00860775 0.0130437 0.00653736 0.0092726 0.00471141 0.00740909 0.0137025 0.0122324 -0.000477106 0.01055 0.00704097 0.0151448 -0.0122828 0.012365 0.00422095 -0.0126931 -0.0151993 -0.0102672 0.0134771 0.0147627 0.0102956 0.0152847 0.0210377 0.0192748 0.0126088 -0.00873192 -0.00545983 -0.00262264
internal_weight=0 8667.46 2104.93 1087.79 8550.52 4234.09 4131.61 1382.7 247.997 102.483 4316.43 3895.08 1017.14 271.103 2650.72 1699.79 950.923 386.956 563.967 481.093 248.885 117.015 1007.02 940.78 636.625 1134.7 817.182 317.517 118.379 421.355 320.628 234.115 692.775 449.434 202.117 243.342 97.2573 146.084 247.316 2748.91 582.901 2166.01 484.533 308.22 264.026 1681.48 1009.54 364.921 644.616 511.368 133.248 299.763 166.731 1244.36 500.359 443.595 248.476 744.003 195.119 414.518 328.748 143.217 159.343 179.603 110.611 713.893 746.036 372.753 134.506 603.868 363.592 292.175 240.276 244.311 160.803 440.134 347.359 378.622
internal_count=130072 104378 25694 13506 103026 51972 50663 16220 2915 1309 51054 46107 12188 3039 31265 18834 12431 5036 7395 6267 3337 1550 11611 10882 7871 13305 9419 3886 1525 4947 3790 2750 7223 4383 1822 2840 1095 1745 2561 34443 7967 26476 5661 3744 3156 20815 12597 4646 7951 6413 1538 3663 2136 14842 5864 5209 3040 8978 2169 5672 4403 1995 1763 2164 1446 8137 9149 4706 1237 7207 4403 3575 2804 3002 1979 5083 4046 4576
is_linear=0
shrinkage=0.0454652


Tree=4
num_leaves=79
num_cat=0
split_feature=11 22 27 3 15 14 11 14 14 21 6 2 27 21 14 22 6 0 22 30 30 21 3 18 3 14 0 11 27 2 14 3 3 27 3 14 2 15 2 11 15 7 27 3 27 14 14 19 0 2 3 3 18 7 18 18 6 0 0 11 3 18 27 14 3 11 6 0 22 11 18 3 15 27 3 3 18 14
split_gain=58.9425 29.2379 20.951 27.3061 19.767 19.8127 18.0366 23.1678 16.2132 15.61 17.4842 13.3797 12.3907 21.7007 18.0888 15.7911 14.049 11.7345 11.3101 16.1722 10.918 39.6618 32.1463 28.0693 23.4536 23.0662 22.0211 18.8833 17.3017 19.4855 24.5334 16.286 30.1309 25.0699 24.7785 21.609 15.6949 14.6219 14.0134 13.8063 14.5822 13.256 13.0076 11.6998 14.2564 22.0631 16.4453 17.5394 15.1055 11.2462 19.1862 10.9966 19.8255 10.8885 14.3372 10.8865 11.7326 10.8233 20.2289 16.4456 17.4091 15.6502 20.0021 11.3237 11.0165 13.1062 10.5656 10.4429 10.2825 10.2629 10.2552 10.0079 22.4635 13.0802 9.97237 12.8003 18.6518 13.7469
threshold=0.022405167110264305 -0.93854415416717518 0.77296444773674022 0.71970131993293773 9.8121986389160174 -3.7652890682220455 0.1157464236021042 -5.3818538188934317 -2.7035269737243648 9.8750529289245623 0.74034982919693004 1.4011605978012087 -0.18436925113201139 -0.3552353829145431 -10.070259094238279 -0.22556284815073011 2.9121041297912602 0.64221987128257763 0.15472172200679782 -0.56174489110708226 0.81174489855766307 4.2171106338500985 0.26400662958621984 73.500000000000014 0.26738095283508306 -5.1107285022735587 0.856366127729416 0.15946267545223239 -0.37256073951721186 0.90531417727470409 -18.286843299865719 0.28430086374282842 0.50786340236663829 0.11969653144478799 0.59242457151412975 -11.209033489227293 1.4518699645996096 5.0054070949554452 1.0118143558502199 0.098256468772888197 26.040184974670414 -8.0066995620727521 0.8491516411304475 0.76637163758277904 0.4904943853616715 -12.666232109069822 -2.8084579706192012 0.25000000745058065 0.82811376452445995 0.5892627239227296 0.3966673612594605 0.73246982693672191 46.500000000000007 15.161370277404787 51.500000000000007 23.500000000000004 -2.2876305580139156 0.81671139597892772 0.5708216428756715 0.096598181873559966 0.55671611428260814 55.500000000000007 0.098011311143636717 -10.395457267761229 0.63407048583030712 0.060192529112100608 -0.67450922727584828 0.91671833395957958 -0.55118563771247853 0.079826358705759062 83.500000000000014 0.48802235722541815 6.2577536106109628 -0.7866188883781432 0.52634099125862133 0.57198828458786022 46.500000000000007 -4.8396992683410636
decision_type=2 2 2 2 2 2 2 2 2 2 2 2 2 2 2 2 2 2 2 2 2 2 2 2 2 2 2 2 2 2 2 2 2 2 2 2 2 2 2 2 2 2 2 2 2 2 2 2 2 2 2 2 2 2 2 2 2 2 2 2 2 2 2 2 2 2 2 2 2 2 2 2 2 2 2 2 2 2
left_child=2 6 4 -4 12 -6 7 17 -9 10 -8 18 13 14 -1 -15 -14 -2 19 -7 24 23 -23 31 27 -24 36 41 71 30 -30 -22 33 69 -34 -36 -27 -37 -25 -28 -41 -3 -43 44 49 48 47 -47 -46 50 -32 57 -53 54 -48 56 -51 58 -31 64 61 63 -63 -61 65 -59 -57 -16 -35 -33 -64 72 -26 -74 -73 76 -76 -77
right_child=1 20 3 -5 5 11 9 8 -10 -11 -12 -13 16 15 67 -17 -18 -19 -20 -21 21 22 25 38 28 26 39 -29 29 51 43 32 34 68 35 37 -38 -39 -40 40 -42 42 -44 -45 45 46 53 -49 -50 55 -52 52 -54 -55 -56 66 -58 59 -60 60 -62 62 70 -65 -66 -67 -68 -69 -70 -71 -72 74 73 -75 75 77 -78 -79
leaf_value=-0.013298337050696721 0.022356220502938891 0.030614168917962988 0.0066427949454825096 -0.017645562884041566 -0.023988518860809459 -9.0048258181119308e-05 0.011387366786631742 -0.015608317082467559 0.0074203504636536979 0.0042583547133803936 0.052337397004581239 0.013957198971284591 -0.0039582253804435362 -0.033667578900942734 0.018088016637652121 -0.0082277932388868831 0.01642168292663037 0.0045268289960537778 0.00554065009420891 -0.033894627103171975 -0.019584392330679542 -0.018287482336651884 0.043213677992837193 -0.026708140255659051 0.018393172915117512 0.034343871493685625 0.018207000843483572 -0.012834771321235165 -0.029995797528644737 0.016403028056007712 -0.02130937181928453 0.013135414167523443 -0.022645182973587977 0.044659616758062244 0.014172412292952371 -0.029601537315513266 0.0057392950823000393 0.0005859307248665609 -0.0017395884114249102 -0.0081755455766222857 0.016451591667135383 0.017299225335602939 -0.0080089627563321823 0.0226332368887091 0.00049076767996222446 -0.0044576694908984903 0.03675532212847147 0.018411497634990004 0.037036823101985167 0.0031219701126328592 0.0018563926202019806 -0.0015561910499139612 -0.021076360575075719 -0.0038170826016679926 0.0073041033457234422 0.018697605680529431 -0.027760170874857354 -0.0088045989681284804 -0.014043362764950893 -0.0025217396162089951 -0.019148107604548978 -0.017818813722474344 0.026460134274033525 -0.028727088781739955 0.013151057958703964 0.0070175326496955742 0 -0.0028745938640975196 0.017669875395433327 -0.013849719840646455 0.0030790824716810405 0.016329490013263361 -0.020188205031515895 -0.00041904054631015101 0.010383008055528654 0.00042615848630984157 -0.021846090137687641 0.009220712528848176
leaf_weight=195.63975360989571 167.12776284106076 90.428907470777631 406.49953284300864 120.40949249081314 313.14150996133685 55.652566123753786 46.081364361569285 125.05024548992515 117.17185833118856 61.322804326191545 51.146436709910631 49.141776263713837 473.20150851272047 111.20511664263904 81.469165939837694 107.05389343202114 77.543207544833422 157.13305271230638 48.659163486212492 65.348521716892719 60.569262698292732 58.515587946400046 55.350307201966643 118.25848050788045 65.282984215766191 123.65685207769275 112.27701921574771 49.015075171366334 48.10991532728076 46.561258692294359 156.45856969803572 49.91129876114428 101.72030126489699 47.627546329051256 159.21245435625315 46.775954235345125 66.766309794038534 86.252261944115162 82.988665349781513 165.66625472344458 65.913460331037641 115.8825109321624 58.529426420107484 49.218214156106114 39.940163200721145 552.73119842074811 56.552088789641857 74.733761884272099 64.088370159268379 44.036540711298585 129.20287570543587 205.62181383371353 237.33642477914691 52.567205412313342 97.167605709284544 78.329652449116111 47.180456543341279 200.27709009312093 362.00316398777068 96.445826780050993 172.69617539085448 49.605935184285045 71.27186581864953 53.884082693606615 169.67633394524455 225.28443501889706 268.77466119267046 105.78492137230933 119.75115428492427 58.487857246771455 93.750250119715929 117.7642732411623 137.26707168482244 146.01893468573689 54.247480221092701 929.9346768874675 93.97329293563962 617.52323027700186
leaf_count=2566 2404 1415 5420 1164 4083 569 581 1418 1102 633 547 540 5604 1234 977 1307 1010 1719 514 750 910 693 749 1510 786 1117 1205 907 829 904 1782 829 1216 509 2015 416 716 1079 1166 1380 585 1760 1084 445 680 6501 621 874 786 550 1398 2159 2750 615 1187 863 544 2299 4354 1261 1749 566 732 599 1873 2450 3371 1332 1708 798 1068 1381 1383 1596 703 12441 1040 7316
internal_value=0 0.00140728 -0.00691618 0.000907486 -0.00938954 -0.016666 0.0101181 0.00611749 -0.00433214 0.023599 0.0346523 -0.0057199 -0.00594006 -0.0104387 -0.00368064 -0.0217894 -0.000901088 0.0140287 -0.0118943 -0.0192474 0.00058637 0.00395843 0.0125682 -0.00200854 -0.000264321 0.0158173 0.0125821 0.0117538 -0.000918979 -0.00279397 0.000665301 0.00209666 0.00423668 0.0156829 -0.00373204 0.00290789 0.0248965 -0.0102387 -0.0168888 0.00541006 -0.000795366 0.0166118 0.00854406 0.00162528 0.000919801 0.00463467 0.00205426 -0.00155514 0.0240055 -0.0038241 -0.0107848 -0.00588004 -0.0122212 0.0130819 0.0191191 0.000659769 -0.0128447 -0.00399877 -0.0103273 -0.00164464 -0.0074097 -0.00157248 0.00611984 -0.0127422 0.00349633 -0.000328034 0.0044557 0.0061822 0.0265154 -0.000965221 0.0138609 0.00230417 -0.00465228 -0.0103188 0.00367559 0.00273095 -0.00976814 0.00398216
internal_weight=0 8524.11 2210.75 526.909 1683.84 531.944 725.034 566.483 242.222 158.551 97.2278 218.802 1151.9 601.153 382.894 218.259 550.745 324.261 169.66 121.001 7799.07 1579.7 648.146 931.555 6219.37 589.63 534.28 313.856 5905.52 3743.51 1759.09 730.308 669.739 275.778 393.961 292.241 190.423 133.028 201.247 343.857 231.58 264.841 174.412 1710.98 1661.76 937.78 833.752 627.465 104.029 723.983 285.661 1984.41 442.958 206.287 153.72 438.321 91.217 1541.46 408.564 1132.89 537.654 364.958 214.628 150.33 595.238 425.562 347.104 187.254 167.379 108.399 165.022 2162.01 348.569 283.286 1813.44 1695.68 148.221 1547.46
internal_count=129697 102627 27070 6584 20486 6456 8404 6643 2520 1761 1128 2373 14030 7416 4875 2541 6614 4123 1833 1319 94223 18601 6445 12156 75622 5752 5003 5166 70456 43810 21046 9480 8570 3844 4726 3510 1833 1495 2676 3170 1965 4259 2844 20217 19772 11264 9798 7375 1466 8508 3180 22764 4909 2423 1808 5328 1094 17855 5258 12597 5975 4226 2366 1860 6622 4749 4234 2309 2217 1627 1800 26646 3765 2979 22881 21500 1743 19757
is_linear=0
shrinkage=0.0454652


Tree=5
num_leaves=79
num_cat=0
split_feature=11 27 13 1 11 27 2 17 5 5 13 2 13 6 17 6 20 3 7 28 3 2 2 3 10 3 17 13 7 27 7 20 3 27 27 3 1 3 27 6 2 28 13 3 2 7 5 27 13 2 19 3 2 6 28 10 28 3 20 6 17 11 26 11 2 20 5 10 3 6 5 6 7 20 20 3 11 13
split_gain=42.4442 21.8841 29.1898 14.7141 15.5109 23.9332 20.5118 13.1518 15.7891 12.9707 15.6003 12.2253 12.482 13.0771 10.8307 9.87415 9.54542 9.7328 9.30256 9.11985 8.63067 27.8187 13.2892 12.0321 8.28358 8.21133 17.0555 7.68195 12.3889 11.1058 7.90909 7.64651 17.3858 12.4312 12.3197 9.6449 8.5166 7.62057 7.48436 11.3126 11.2031 10.121 12.0063 16.4866 13.1264 11.0494 18.823 16.2492 9.42261 8.80426 8.69956 9.99805 8.91474 8.36832 9.96073 8.01591 15.7474 12.4964 10.996 13.4659 9.51324 7.97653 7.70647 7.70824 8.21586 7.33098 9.48102 10.7266 7.71685 7.07314 6.9086 6.82606 6.80995 9.93699 6.58303 10.1841 12.9159 8.21286
threshold=0.021538374014198784 0.9279436767101289 0.019049592316150669 0.62408936023712169 0.1146913804113865 0.11969653144478799 0.90531417727470409 79.500000000000014 1.3561368584632876 5.4599149227142343 -0.025409232825040814 1.7448034882545473 -0.024896387942135331 1.9965718984603884 14.500000000000002 -6.426792860031127 0.12502472102642062 0.64161744713783275 0.23433852940797809 0.31107263267040258 0.31610839068889623 0.95802688598632824 1.2910413742065432 0.57394117116928112 0.22120882570743564 0.5423388183116914 40.500000000000007 0.0070171621628105649 10.775326251983644 0.81279832124710094 5.7037961483001718 -0.22814613580703733 0.89635646343231212 -0.79989895224571217 0.7298206388950349 0.52634099125862133 0.88841736316680919 0.9136694371700288 -0.37256073951721186 11.873831748962404 2.0308083295822148 0.20576497167348864 0.069116041064262404 0.36576716601848608 1.2397477626800539 14.733240127563478 4.19624948501587 -0.90159028768539418 0.015042407438158991 0.95802688598632824 0.15000000223517421 0.73246982693672191 1.0572925209999087 7.9383244514465341 -0.86046862602233876 0.098336279392242446 0.91959547996521007 0.60391050577163707 0.6237829625606538 1.0000000180025095e-35 29.500000000000004 0.079131416976451888 0.11104303598403932 0.055327242240309722 0.93789783120155346 -2.6332522630691524 -1.1567893624305723 0.11264251545071603 0.71606770157814037 2.4832786321640019 1.0718847513198855 -2.4331336021423335 0.36136162281036383 2.0822702646255498 -4.7591001987457267 0.69902947545051586 0.080483689904212966 -0.026571368798613545
decision_type=2 2 2 2 2 2 2 2 2 2 2 2 2 2 2 2 2 2 2 2 2 2 2 2 2 2 2 2 2 2 2 2 2 2 2 2 2 2 2 2 2 2 2 2 2 2 2 2 2 2 2 2 2 2 2 2 2 2 2 2 2 2 2 2 2 2 2 2 2 2 2 2 2 2 2 2 2 2
left_child=1 9 14 4 6 20 7 8 27 10 69 12 13 15 -3 -8 17 -16 -11 -17 -6 -22 -23 -24 -25 26 -14 -2 29 30 -29 -12 34 -34 36 -36 72 -27 41 50 -41 42 43 -5 -44 46 74 48 -48 70 51 53 -52 55 -55 56 57 58 62 -60 -59 -53 -40 -64 -65 -51 -67 -68 -69 -1 -43 -9 -33 -74 -45 76 77 -76
right_child=3 2 -4 38 5 -7 11 71 -10 18 31 -13 25 -15 16 19 -18 -19 -20 -21 21 22 23 24 -26 37 -28 28 -30 -31 -32 32 33 -35 35 -37 -38 -39 39 40 -42 49 44 45 -46 -47 47 -49 -50 65 52 61 -54 54 -56 -57 -58 60 59 -61 -62 -63 63 64 -66 66 67 68 -70 -71 -72 -73 73 -75 75 -77 -78 -79
leaf_value=0.020134553090565555 0.0054366855484051279 -0.015548530980147513 0.0379649625839431 -0.020730428257582575 0.038394399035483043 0 -0.0045332880107125774 0.0071258512071972263 0.013289138562199933 -0.029467873727929379 -0.0044103522912605341 0.0068767614737453974 0.014938628580573939 -0.01147586311235671 0.0075557025875187134 0.0042485228325732337 0.018460282758547671 -0.01946426695434185 -0.0046737866897812669 0.033492661837308091 -0.013982672597985709 0.042644803385082163 -0.0019230120790615917 0.039740965847468876 0.010763050265040238 -0.01607046010686701 -0.014434573442927895 -0.0040830879759470601 0.0086502789069535929 0.0044317461694932201 -0.02998647810412898 -0.02651006293832148 -0.0079712350570049668 0.026383712141976153 0.013234588694198839 -0.012405141219403396 -0.008668345025812851 0.0030246751659503434 0.0056078189353642605 0 -0.021784746264757654 -0.01018658067982185 0.027745885407009552 0.0052536164959534641 -0.00045037612987245708 -0.0084986337000293212 -0.016204482547188859 0.021371102192708664 0.010853276565483358 0.022435879739271126 0.0065480128482018878 -0.011544896759471016 -0.0022315932435503613 -0.0070951222215893039 0.015329277062661999 -0.0046202882621488844 -0.0098882489609612174 0 0.025996633969171148 0.0031334350908619741 0.024980692297617194 0.0041164535401224363 -0.012354477178873533 -0.0052249161054474759 0.010315882878016568 -0.010437833019165704 0.023990475343112192 0.01455554074154569 -0.0059360519356110655 -0.0025899350749445816 0.0092196909771432595 0.023502543798167234 -0.019712440818900705 0.0044313028536307336 0.02056820862217416 -0.0099533075465277586 -0.011135428860415094 0.0021770427322287162
leaf_weight=58.773851234465837 173.34272703714669 68.050456639379263 44.328430216759443 74.91725273616612 44.871837517246604 213.47300201654434 45.854617925360799 112.59792221337557 225.79939950630069 90.562668718397617 825.51492520049214 219.2849785592407 72.836157551035285 71.106205524876714 64.799188895151019 48.83677994273603 66.042943080887198 40.892159271985292 57.140367960557342 47.043593965470791 48.037642071023583 52.344411427155137 51.913583502173424 39.479925148189068 58.824888372793794 285.29202307760715 82.828633116558194 44.690669177100062 66.517275307327509 44.081943031400442 73.189401349052787 191.07835319824517 39.001043455675244 38.07484563626349 57.067422004416585 55.880504086613655 239.46896834112704 44.534252561628819 191.71160219237208 89.807025237008929 100.56962797045708 80.647196033969522 63.707160834223032 280.85917701013386 61.810621598735452 229.12546849064529 45.329382659867406 167.73946969397366 52.652777478098869 96.439840791746974 624.7232680786401 319.46519601903856 372.47225655801594 52.567512324079871 130.55915153771639 933.68382759764791 232.39142481982708 51.334879212081432 64.791750766336918 273.39717635326087 82.910812694579363 77.348066130653024 181.72862871177495 239.5559796448797 94.226474275812507 45.367845365777612 82.213858783245087 64.050590265542269 78.544741943478584 43.883753914386034 63.409840965643525 130.18770064599812 105.64323467761278 45.682121125981212 59.794582985341549 263.87342789955437 123.78100910037756 281.51628743298352
leaf_count=764 2346 875 381 923 514 2903 566 1473 2707 969 10092 2855 852 847 1019 519 891 374 725 609 499 569 652 628 719 3467 1051 512 869 578 878 2275 585 525 805 635 2776 639 2397 841 1205 776 527 3820 853 2801 581 1959 685 1188 7364 3167 4226 594 1433 11547 2546 546 746 3349 852 845 2158 2985 999 582 1044 627 961 538 588 1768 1355 509 690 3627 1428 3296
internal_value=0 -0.00584097 0.00574613 0.00131695 0.00443132 0.011428 0.00239105 0.00738829 0.00376158 -0.00765768 -0.00645959 -0.00230791 -0.00528467 0.0036843 -0.000546273 0.0117329 0.00534414 -0.00278932 -0.0205814 0.0198675 0.0197185 0.0156207 0.0230148 0.0149105 0.0239985 -0.00931428 -0.000354828 -0.00155201 -0.00706632 -0.0138689 -0.0210317 -0.00758637 -0.010879 0.00887258 -0.0131789 0.000142406 -0.015831 -0.0133406 0.000176835 -0.000962196 -0.0116756 0.00231112 0.000591883 -0.000468582 0.0139079 0.00056132 0.00224881 0.0129246 -0.00133407 0.00790652 -0.000418247 -0.00167917 0.00322421 -0.000599863 0.00861731 -0.00135392 0.000778542 0.00294797 0.00119329 0.0079142 0.0158208 -0.00835962 -0.00197902 -0.00491625 -0.000621699 0.0116287 0.00731654 0.0112349 0.00308478 0.010236 -0.00129652 0.0163486 -0.0205383 -0.0121851 -0.000553018 -0.00287358 0.00109088 0.00574541
internal_weight=0 2131.89 284.113 8625.99 2296.97 508.945 1788.02 870.407 627.621 1847.77 1700.07 917.617 698.332 212.841 239.785 141.735 171.734 105.691 147.703 95.8804 295.472 250.6 202.563 150.218 98.3048 485.491 155.665 401.822 228.479 161.962 117.88 1597.41 771.896 77.0759 694.821 112.948 581.873 329.826 6329.03 4113.24 190.377 2215.78 1705.11 1579.59 125.518 1504.67 1275.55 265.722 97.9822 510.674 3922.87 2925.67 997.196 2528.86 183.127 2345.73 1412.05 1179.66 1045.41 338.189 134.246 396.813 707.223 515.511 333.782 366.617 270.177 224.809 142.595 102.658 144.057 242.786 342.404 151.325 1009.82 728.965 465.092 341.311
internal_count=129869 26093 3540 103776 29020 6484 22536 11131 7890 22553 20859 11405 8550 2541 3159 1694 2284 1393 1694 1128 3581 3067 2568 1999 1347 6009 1903 5183 2837 1968 1390 19557 9465 1110 8355 1440 6915 4106 74756 47800 2046 26956 21190 19810 1380 18887 16086 3225 1266 5766 45754 34164 11590 30152 2027 28125 16578 14032 12634 4095 1398 4012 8539 6142 3984 4402 3214 2632 1588 1302 1364 3241 4139 1864 12861 9041 5414 3986
is_linear=0
shrinkage=0.0454652


Tree=6
num_leaves=79
num_cat=0
split_feature=29 11 30 21 18 3 21 3 3 3 3 21 11 16 16 13 3 3 30 11 13 21 29 13 3 21 11 21 3 8 6 6 16 18 31 3 17 30 3 21 3 17 3 3 18 3 29 29 3 13 13 13 13 1 13 3 29 30 21 9 16 8 4 30 3 17 11 16 6 16 29 18 3 8 8 1 3 21
split_gain=39.2675 36.6115 19.9448 50.9861 28.0448 25.8369 20.8163 20.8973 21.405 18.6471 24.454 25.1745 18.4534 15.0906 15.056 40.635 22.036 19.756 17.1933 14.8619 21.8609 20.0088 18.837 15.8695 29.0501 15.539 29.056 18.9917 17.8919 16.009 15.7117 21.7664 18.005 15.4451 20.7154 28.7097 14.9903 34.94 26.4567 15.3112 14.3947 13.8773 19.2926 12.8467 12.6248 15.4407 12.4114 12.0284 11.8085 11.8006 11.7448 35.5717 15.021 11.235 10.6863 10.6553 11.0242 10.0289 9.86627 9.678 9.63789 9.4374 9.29071 9.07854 8.89002 8.87913 8.94485 8.68249 10.4637 8.65408 11.3601 12.7756 10.3428 8.54298 8.35802 8.05408 7.89468 7.83223
threshold=-0.60785761475563038 0.022405167110264305 0.81174489855766307 4.2171106338500985 87.500000000000014 0.26738095283508306 12.020509243011476 0.26400662958621984 0.30801160633564001 0.25303006172180181 0.4736775010824204 -10.33418560028076 0.15946267545223239 0.32630275189876562 0.55127933621406566 -0.0061829790938645593 0.89635646343231212 0.54729264974594127 0.81174489855766307 0.046898368746042259 0.03437603451311589 -7.0023722648620597 1.0000000180025095e-35 -0.0039793225005269042 0.34359307587146765 9.5279932022094744 0.14319384843111041 3.392753124237061 0.39967077970504766 0.70401296019554149 -4.9811303615570059 1.1029434800148012 0.16499879211187365 78.500000000000014 1.0000000180025095e-35 0.53048458695411693 37.500000000000007 1.0000000180025095e-35 0.54025420546531688 6.7384493350982675 0.85474067926406871 34.500000000000007 0.46748131513595587 0.81491544842720043 16.500000000000004 0.70700708031654369 0.87837970256805431 0.87837970256805431 0.93399435281753551 -0.022140733897686001 -0.045049434527754777 -0.064535267651081071 0.02832478936761618 0.97837314009666454 0.041736263781785972 0.25303006172180181 0.87837970256805431 1.0000000180025095e-35 7.6051621437072763 0.18580227345228198 0.3944831937551499 -0.6289924383163451 0.7319982945919038 1.0000000180025095e-35 0.47589810192584997 45.500000000000007 0.0684204436838627 0.46871966123580938 -1.2349351048469541 0.55534982681274425 0.87837970256805431 77.500000000000014 0.34118050336837774 0.77964913845062267 0.16353219747543338 1.2961921095848086 0.36134123802185064 16.04005336761475
decision_type=2 2 2 2 2 2 2 2 2 2 2 2 2 2 2 2 2 2 2 2 2 2 2 2 2 2 2 2 2 2 2 2 2 2 2 2 2 2 2 2 2 2 2 2 2 2 2 2 2 2 2 2 2 2 2 2 2 2 2 2 2 2 2 2 2 2 2 2 2 2 2 2 2 2 2 2 2 2
left_child=-1 14 5 4 9 12 7 -5 -9 -4 53 -12 13 -3 17 18 73 46 -16 20 21 -7 50 33 -25 27 29 28 69 -27 40 32 -32 34 35 49 38 39 63 -38 44 42 -10 -37 -30 -46 67 75 -42 -23 51 -21 -52 -11 -54 56 61 -22 -44 -36 -19 -15 -62 64 74 66 -33 68 -2 70 71 72 -24 -17 76 -34 -29 -28
right_child=1 2 3 6 -6 19 -8 8 41 10 11 -13 -14 55 15 16 -18 60 -20 22 57 23 25 24 -26 26 77 36 30 -31 31 65 47 -35 59 43 37 -39 -40 -41 48 -43 58 -45 45 -47 -48 -49 -50 -51 52 -53 54 -55 -56 -57 -58 -59 -60 -61 62 -63 -64 -65 -66 -67 -68 -69 -70 -71 -72 -73 -74 -75 -76 -77 -78 -79
leaf_value=-0.022925321549971074 0.0092447809544731301 0.034502474300768145 -0.024371061674619839 -0.0058330574380739244 -0.0204066686276861 0.031076088493918741 0.0015375606082585066 0.048097868217668691 -0.0038294602261125625 0.019003043707546411 0.025022532356382614 -0.005744935034068829 -0.011379372444908751 -0.022647674166299751 -0.025770237326957282 -0.0082655118669456001 0.027477802528405246 -0.0094319408991051998 0.0015839084446344221 -0.018098365092520996 -0.0037963914539540827 0.040028511467041047 -0.014397384328001134 -0.023588147251289455 0.0098317399044032111 0.022547561225885547 -0.0084612906936023576 0.017754487947446076 0.0021724764829769189 0.0012504974283124176 -0.0078579638762885252 -0.0038101009166794518 0.029776516107252241 -0.011705275585066689 -0.018509895038797217 -0.0066281107530850834 -0.0089159973190216357 -0.029522980323749531 -0.010440319870411607 0.016391169044622129 0.026487875373179624 0.030766954493921816 0.0066223798802238099 0.015241459649942141 -0.0020828115435190969 -0.027202198073644376 0.023195263535594993 0.0067679789467499892 0.0007805997524903698 0.0076892956530619878 -0.016100977384736915 0.02416872634200036 0.005944327200386736 0.00051737970089959812 -0.0079937969579940305 0.027217597256159753 0.023051177035463409 -0.03013762885673987 0.02765812427948152 0.0028828834838795837 0.00655162061717828 0.0045821084315085013 -0.0096724267399403568 0.01789151160616009 0.018507842418351773 -0.016250138701439487 0.016986722547477066 0.014991283275801679 -0.010483074067819889 -0.016669797124526896 -0.014935956533507396 0.021116436845009384 0.0076782733260813227 0.0031263225090077543 -0.014032059217210595 0.0088581655831236981 -0.0046587794602537943 0.0084447270055133944
leaf_weight=148.17237215861678 91.593324646353722 75.712297350168228 47.062876915559173 56.864225940778852 125.27896685153246 54.131855139508843 189.19802305102348 58.107387272641063 96.416864173486829 228.05197320692241 57.741396045312285 475.46024129725993 50.206908686086535 32.938488204032183 293.8884726241231 414.64073155634105 43.450517393648624 486.17886152304709 52.022639254108071 72.430881941691041 87.946328226476908 65.175576016306877 80.584595538675785 52.716326085850596 862.26796640641987 222.87711412645876 212.44548600539565 51.307570774108171 219.16457747854292 115.6544338054955 55.106971349567175 115.25224856846035 181.98602914251387 203.96749657019973 102.44950642995536 168.79274952784181 174.17791179940104 155.80146575532854 368.91269694268703 63.788338221609592 56.310173192992806 133.89961759001017 84.716517137363553 77.576865259557962 123.32744500227273 88.593457922339439 75.363412722945213 127.53186600096524 106.51516071893275 45.139392804354429 356.94839326664805 84.064691143110394 153.60473840124905 104.23476059548557 383.1189162414521 53.160673731938004 40.348152924329042 47.045920599251986 133.81961909122765 66.553292801603675 201.34686729498208 82.368797529488802 108.42263171821833 104.44504956156015 48.563824823126197 60.30913994833827 60.932415947318077 81.63197579048574 125.88806534558535 116.00967391394079 95.716708585619926 57.842529274523258 84.729071984067559 191.41746274195611 75.459086230024695 62.699809459969401 70.248418517410755 70.527777694165707
leaf_count=1773 1298 1212 722 620 1688 680 1723 476 911 3112 733 5886 919 529 3499 5152 564 5813 616 916 1007 783 1183 699 10018 2732 2246 597 2997 1442 678 1261 2148 2221 1043 1937 2001 1657 4115 934 749 1526 965 988 1488 1023 992 1457 1310 521 4145 911 1688 1440 4829 779 763 598 1256 793 2486 1333 1305 1148 538 709 754 1074 1579 1427 1238 834 1049 2232 892 682 767 1067
internal_value=0 0.000328839 0.00168716 0.00594247 -0.000554928 0.000530145 0.0149164 0.0192766 0.0222127 0.00219599 0.00380444 -0.00215735 0.0127624 0.0172922 -0.00493281 -0.0090405 -0.00221244 -0.00137848 -0.0215465 -0.000118791 0.00331585 0.00474611 -0.00153824 0.00377504 0.0077569 8.26262e-05 0.00657606 -0.00134607 0.00166429 0.0155158 0.00443374 0.00922458 0.0153139 -0.0011671 0.00288838 0.00914292 -0.00595835 -0.0130631 -0.00194773 -0.00176857 -0.000865882 0.0183503 0.0125922 0.000199697 -0.00528858 -0.0131257 0.00712864 0.0189222 0.010394 0.0279693 -0.00685339 0.00433971 -0.00887864 0.013426 -0.00389988 0.0102806 0.00364267 -0.0139429 0.0199938 -0.00993439 -0.00545784 -0.00329652 0.000665621 0.00688259 0.00178895 -0.00164881 0.00333372 0.00266168 -0.00193717 -0.00620088 -0.00207843 0.00339115 -0.00288256 -0.00459072 -0.00238191 0.0248458 0.00468307 -0.00401752
internal_weight=0 10602.2 8436.34 1790.85 1037.83 6645.49 753.022 563.824 506.96 912.551 865.488 533.202 334.735 284.528 2165.84 995.42 649.509 1170.43 345.911 6310.75 1833.76 1698.77 4476.99 1644.64 914.984 3426.82 621.505 2805.32 1692.61 338.532 1257.73 663.818 427.325 729.655 525.687 356.685 1112.7 393.768 718.937 237.966 593.911 448.853 314.953 246.37 431.085 211.921 374.477 372.218 162.825 110.315 1050.17 156.496 893.672 332.287 536.724 208.816 155.655 134.992 218.536 169.003 795.948 115.307 309.769 350.024 245.579 236.494 176.185 299.113 217.481 434.883 318.873 223.156 165.314 606.058 197.015 244.686 121.556 282.973
internal_count=129876 128103 101493 21058 13581 80435 7477 5754 5134 11893 11171 6619 5535 4616 26610 12063 7948 14547 4115 74900 21288 19683 53612 19003 10717 41123 7487 33636 20987 4174 15256 7689 4965 8286 6065 4229 12649 4592 8057 2935 7567 4658 3132 2925 5508 2511 4943 4287 2059 1304 12489 1827 10662 4552 6517 3404 2625 1605 2221 1836 9604 1862 3791 3942 2794 2724 2015 3951 2877 5731 4304 3066 2232 7384 2256 2830 1364 3313
is_linear=0
shrinkage=0.0454652


Tree=7
num_leaves=79
num_cat=0
split_feature=16 30 16 13 0 5 30 22 3 3 3 12 14 18 14 16 22 3 17 30 3 18 0 13 13 16 6 3 3 13 13 13 14 32 3 33 3 13 13 12 3 13 0 3 13 12 12 13 13 3 18 14 16 5 3 12 0 6 18 16 0 16 22 17 13 12 3 14 13 18 33 16 22 16 5 16 3 3
split_gain=25.7898 49.566 33.7577 40.3388 29.5394 30.1752 23.7828 34.7254 31.3042 28.9557 23.8317 45.7376 24.5861 21.3518 18.0926 17.9116 17.505 17.1073 26.086 15.6435 15.6042 14.8765 16.6969 14.798 28.9282 14.7545 13.7647 14.1639 19.6816 18.4592 17.0697 13.8333 13.7181 14.936 15.3063 13.568 13.7699 19.1512 21.7156 16.4616 27.6038 13.7644 13.6479 13.4994 13.4666 12.9767 13.2482 13.2943 15.7178 12.6194 14.4626 12.5116 12.1062 11.8145 11.4217 16.6249 12.4051 11.7505 13.0696 11.3882 16.4193 11.3128 11.1083 10.5895 30.5404 13.3218 10.571 10.0454 10.0366 9.98951 11.3302 10.2022 9.88862 9.63908 9.56239 9.43812 9.07216 8.96532
threshold=0.82291585206985485 0.81174489855766307 0.58778586983680736 -0.0061829790938645593 0.8252808451652528 3.7336988449096684 1.0000000180025095e-35 -0.93854415416717518 0.2441363409161568 0.25303006172180181 0.48015630245208746 0.0044609277974814185 -10.477322101593016 42.500000000000007 -7.4252345561981192 0.45548655092716223 -0.31111226975917811 0.60665312409400951 68.500000000000014 0.81174489855766307 0.96268859505653392 39.500000000000007 1.0398008823394778 0.049692569300532348 0.086854849010705962 0.34849013388156896 6.7489702701568612 0.38679166138172155 0.63085347414016735 -0.026571368798613545 -0.069335259497165666 -0.0091981873847544176 -18.806165695190426 1.0000000180025095e-35 0.65619388222694408 1.0013927817344668 0.86361131072044384 0.018625107593834404 -0.010226442012935875 -0.10448727011680602 0.92753493785858165 -0.024312164634466168 1.1809650063514712 0.38463847339153295 0.023311192169785503 -0.080776959657669054 0.048053096979856498 -0.062909260392189012 -0.020121152512729164 0.52066385746002208 51.500000000000007 -11.713077545166014 0.84900006651878368 -3.1230325698852535 0.85474067926406871 0.0044609277974814185 1.0359489321708681 15.910542964935305 91.500000000000014 0.40775305032730108 1.0514063835144045 0.42087921500205999 -0.55118563771247853 79.500000000000014 0.023311192169785503 -0.043723871931433671 0.38919423520565039 -12.666232109069822 -0.029473813250660893 1.5000000000000002 0.99472221732139599 0.76895716786384594 -0.42688959836959833 0.078855141997337355 0.038816468790173538 0.22965564578771594 0.43430270254611975 0.80765989422798168
decision_type=2 2 2 2 2 2 2 2 2 2 2 2 2 2 2 2 2 2 2 2 2 2 2 2 2 2 2 2 2 2 2 2 2 2 2 8 2 2 2 2 2 2 2 2 2 2 2 2 2 2 2 2 2 2 2 2 2 2 2 2 2 2 2 2 2 2 2 2 2 2 10 2 2 2 2 2 2 2
left_child=2 21 6 -4 5 43 7 15 -8 72 11 16 25 19 -15 51 -10 73 20 63 77 22 -2 44 -25 -13 27 29 45 30 -11 -31 -20 34 -34 36 -30 38 41 -40 -41 -38 -37 -3 -6 -29 47 -47 49 68 -51 -1 66 -16 55 -54 -56 58 -57 67 -61 75 -32 69 -65 -66 -23 -50 -49 -5 -71 76 -9 -12 -60 -35 -72 -19
right_child=1 4 3 13 23 -7 8 9 10 26 17 12 -14 14 53 -17 -18 18 32 -21 -22 52 -24 24 -26 -27 -28 28 35 31 62 -33 33 61 -36 42 37 -39 39 40 -42 -43 -44 -45 -46 46 -48 48 59 50 -52 -53 54 -55 56 57 -58 -59 74 60 -62 -63 -64 64 65 -67 -68 -69 -70 70 71 -73 -74 -75 -76 -77 -78 -79
leaf_value=0.021553474029361874 0.022183317953170908 0.050792053164624873 -0.018103603731918039 0.0029539462739359302 0.0026833904229176374 0.0037312460787416184 -0.035426265982892918 0.039809963961821328 0.0234889836015265 -0.014778279530792028 0.0061297531398198822 -0.006702182990970364 0.012649050393917272 0.019004595538285006 -0.015677963836409764 0.040807758824548269 0.0040881348554987025 0.0058306403153047569 0.0094907875558322297 0.005403477497799479 -0.015012658135474527 -0.0086424997591335404 -0.00053100174582391252 -0.011729574071590542 0.021854633990258481 -0.032310101492514405 0.025322374362391632 -0.0078938674128168872 -0.006755779515010862 -0.030677241820550656 0.029307975460871442 -0.0056183573174186539 0.0045124472396010249 0.0049664558759001682 -0.020562792001373481 0.0250276342774211 0.010686656526335445 -0.018312024670896789 0.039544363067001841 0.030610468066389038 -0.013667047064748737 -0.016600230696690293 -0.0022201345487501056 0.022138804871013867 0.029561946469955309 -0.0089139195937644796 -0.0060807975942660753 0.017520502731689026 0.015736558268794495 -0.0037678941246950429 0.026084770562295571 -0.006703719455339676 -0.023256654831348353 0.00013415815992720841 -0.02543981638232469 0.0021212004496653542 -0.0018314421145371352 0.017252137549213238 0.01066880780678189 0.018973551908258227 -0.0054665079900097051 0.01929904826868252 0.0022457989387775013 0.024602567215537448 -0.030407947589555707 0 0.01389026778449042 -0.0082872420935915982 0.042105712398046773 0.002087182264173267 -0.032618804545160605 -0.0046134854862086615 0.0089031906891172373 -0.014316419809799436 -0.0098793439649294927 -0.016855504171788549 -0.01542198726080932 0.022729120471462055
leaf_weight=79.250559838488698 126.24251604825258 85.194479070603848 432.35147324576974 50.832022879272699 79.408181130886078 86.133405903354287 55.163292126730084 49.51617338322103 219.30032882466912 78.303269911557436 47.653235798701644 131.32986189238727 75.452814802527428 95.631763812154531 101.28108811751008 65.864989068359137 184.67945120483637 203.58967447839677 79.859628247097135 124.66145976632833 46.870938673615456 50.178789105266333 128.72172551974654 158.15239452943206 74.540579220280051 76.904701061546803 44.244978290051222 103.66351203247905 758.89018645137548 82.968791648745537 42.970441462472081 112.87584554590285 56.424517909064889 74.019381430000067 268.02266917750239 70.9335893150419 65.607820175588131 61.319382164627314 54.834036100655794 53.58690182864666 53.575760889798403 78.403460320085287 69.76332732476294 87.177622020244598 81.860543698072433 61.031157923862338 105.31573034077883 105.77954715304077 43.703995652496815 75.442961784079671 52.159187080338597 46.990845795720816 61.524145355448127 1263.599951017648 82.984570551663637 944.21286542713642 109.45151592418551 74.405244458466768 47.684296177700162 204.33938498608768 72.203378271311522 43.256933476775885 110.36374193429947 55.730884382501245 55.278454193845391 58.196736600250006 181.19215220212936 136.37379462458193 69.438095796853304 49.792363379150629 140.37672740221024 82.007003132253885 49.002819765359163 433.57232802174985 380.83494133129716 78.047401970252395 169.11300781741738 103.54171899147332
leaf_count=1173 1447 832 5142 595 841 797 900 791 2872 1102 706 1564 875 1628 1132 682 2800 2831 979 1612 643 666 1658 1286 643 995 523 1197 6801 1008 640 1637 703 890 2876 2300 721 529 523 494 583 815 2180 915 816 661 1229 1386 550 854 463 563 690 15848 991 10419 1442 913 578 2297 872 637 1594 643 653 761 2084 1604 750 1401 1415 793 825 5444 4280 1019 1668 1233
internal_value=0 0.00376577 -0.00128139 -0.00543089 0.0147239 0.0266169 0.000834686 0.00342531 -0.00278126 0.00213675 -0.00184347 0.00506035 -0.00875097 -0.00294184 0.00028214 0.0219596 0.0148691 -0.00519106 -0.00158825 -0.00896483 0.00807667 0.00045356 0.0106999 0.00660453 -0.000573781 -0.0168291 0.00123725 0.000790804 0.00222355 -0.00674085 0.00177572 -0.0168884 -0.00739095 -0.0101316 -0.0160516 -0.00153887 -0.00324646 0.00386693 0.00865126 0.0199133 0.00834654 -0.00388777 0.0114987 0.0374251 0.0170153 0.00688883 0.00862396 0.0105914 0.0122621 0.0203219 0.00849504 0.0107806 -0.000892842 -0.00104683 -0.00224821 -0.000868007 -0.0125776 0.000113009 -0.000828976 0.00667837 0.0124319 0 0.0107034 -0.0117631 -0.00157428 -0.0152536 0.00873111 -0.00197216 0.0282729 -0.0151263 -0.0173264 -0.0199149 0.0258791 -0.0121567 -0.00740089 -0.00606911 -0.0237009 0.0119079
internal_weight=0 2839.9 7915.26 2678.85 652.467 258.506 5236.41 3058.72 2177.69 2866.61 2122.53 687.667 283.687 2246.5 1460.51 192.106 403.98 1434.86 953.633 785.989 354.002 2187.43 254.964 393.962 232.693 208.235 2768.09 2723.85 2296.37 427.482 231.637 195.845 599.631 519.771 324.447 1266.91 1126.22 367.327 306.008 161.997 107.163 144.011 140.697 172.372 161.269 1029.45 925.787 820.472 759.44 302.82 127.602 126.241 1932.47 1364.88 1701.1 1508.66 192.436 1447.14 1372.73 456.621 276.543 195.324 153.334 661.327 169.206 113.475 231.371 180.078 175.218 492.121 441.289 391.497 98.519 481.226 428.519 152.067 309.49 307.131
internal_count=129903 31298 98605 33291 6130 2544 65314 37347 27967 34929 27067 9106 3434 28149 18608 2418 5672 17961 11811 9541 4707 25168 3105 3586 1929 2559 33313 32790 26809 5981 3336 2645 7104 6125 3579 14946 10466 3665 3136 1600 1077 1536 4480 1747 1657 11863 10666 9437 8776 3453 1317 1736 22063 16980 19313 16880 2433 16190 15277 5323 3169 2546 2234 7929 2057 1414 2750 2154 2136 5872 5277 3876 1616 6150 4858 1909 3083 4064
is_linear=0
shrinkage=0.0454652


Tree=8
num_leaves=79
num_cat=0
split_feature=11 5 23 5 11 4 2 16 17 5 12 11 23 16 16 16 4 23 12 11 23 23 2 31 18 23 23 4 2 16 11 2 2 18 18 18 33 12 2 12 23 11 2 12 23 17 2 2 16 11 18 23 2 5 11 16 31 2 16 1 11 11 18 18 16 11 17 12 18 31 5 5 17 2 2 8 11 2
split_gain=36.4216 17.9726 14.0186 12.9809 25.7274 20.8294 19.609 14.9482 13.5907 14.5347 15.4911 14.8862 13.7628 12.6999 15.5279 18.5977 12.6634 16.4062 12.4202 12.2705 13.512 11.5362 10.8498 10.344 19.9415 16.5939 10.1305 10.1208 10.1441 10.0931 14.7323 17.784 12.967 11.4621 9.44687 10.1054 8.89348 8.88207 8.54754 10.0209 19.099 19.1545 14.2976 12.1284 12.0256 13.1072 9.21857 23.6442 10.5656 10.4145 9.8419 15.2974 9.73306 9.31039 8.37125 8.29827 8.25777 13.5751 8.06373 7.99432 7.95012 8.19959 12.8899 8.40209 10.7022 7.80385 7.5633 7.41554 7.26038 10.9272 11.3879 8.73942 8.11381 7.22662 16.0375 7.17345 7.15854 7.89249
threshold=0.021538374014198784 4.9868733882904062 0.46594700217247015 0.54273119568824779 0.1364923641085625 -0.56693750619888295 1.028785288333893 0.57958945631980907 2.5000000000000004 5.4599149227142343 0.011283752974122764 0.074607718735933318 0.75741896033287059 0.78580507636070263 0.53403338789939891 0.3944831937551499 0.77169176936149608 0.88433706760406505 0.032777322456240661 0.079826358705759062 0.67195656895637523 0.68170687556266796 0.81815439462661754 1.0000000180025095e-35 76.500000000000014 0.82051119208335888 0.64063608646392833 0.8319830894470216 1.3544775843620303 0.20293650031089785 0.10195043310523035 0.76136308908462536 1.0873263478279116 81.500000000000014 14.500000000000002 91.500000000000014 0.99736112356185924 0.023201339878141884 3.4068940877914433 -0.0665411241352558 0.788853019475937 0.10578137263655664 0.51571968197822582 -0.025019589811563488 1.5454307198524477 68.500000000000014 1.05137574672699 1.2397477626800539 0.42087921500205999 0.050553804263472564 18.500000000000004 0.9230952560901643 2.0814499855041508 -9.0243315696716291 0.037060856819152839 0.13649319857358935 1.0000000180025095e-35 1.1835747361183169 0.34400901198387152 1.0169079303741457 0.058047855272889144 0.079131416976451888 78.500000000000014 80.500000000000014 0.76243308186531078 0.028463294729590419 39.500000000000007 0.016683422029018406 77.500000000000014 1.0000000180025095e-35 -3.5396320819854732 -2.0891696214675899 88.500000000000014 0.54621273279190075 0.79630151391029369 0.85708624124526989 0.12941816449165347 2.2423862218856816
decision_type=2 2 2 2 2 2 2 2 2 2 2 2 2 2 2 2 2 2 2 2 2 2 2 2 2 2 2 2 2 2 2 2 2 2 2 2 10 2 2 2 2 2 2 2 2 2 2 2 2 2 2 2 2 2 2 2 2 2 2 2 2 2 2 2 2 2 2 2 2 2 2 2 2 2 2 2 2 2
left_child=1 13 29 4 7 37 34 18 -8 10 19 65 -13 14 15 21 17 26 38 20 -10 -1 -15 60 -25 -26 -17 28 -11 -2 31 33 67 -31 -5 -36 -16 -6 39 46 68 42 -42 44 45 -44 -4 -48 49 -49 52 -52 -51 -54 -47 -7 57 -20 -22 -57 -9 62 -62 -63 -65 -12 -19 -33 69 70 -41 -70 -72 -37 -75 -45 77 -30
right_child=2 -3 3 6 5 55 8 23 9 27 11 12 -14 22 36 16 -18 66 56 -21 58 -23 -24 24 25 -27 -28 -29 76 30 -32 32 -34 -35 35 73 -38 -39 -40 40 41 -43 43 75 -46 54 47 48 -50 50 51 -53 53 -55 -56 59 -58 -59 -60 -61 61 63 -64 64 -66 -67 -68 -69 71 -71 72 -73 -74 74 -76 -77 -78 -79
leaf_value=-0.016788909989973101 -0.0092173763876723675 -0.017932546656864917 0.013238725058074115 -0.0089988277203749151 -0.0052619135602185339 0.0051608825306731681 -0.0063806886853656737 -0.014720980255875375 -0.0059048400086957184 -0.0025518106037889848 0.0041931646023389696 0.012365355746056012 -0.0043986475719668093 0.019008361771053726 0.0026489144403886843 0.0038344581499860373 -0.0049726667991055627 0.011124552317740359 -0.030143539076020687 -0.0048578164433504501 0.036126864364631632 -0.0026775444433294149 -0.0029732764260329051 -0.0087334124348754788 0.032438528634407236 0.00085275060888334911 0.030110852007305823 0.001195094138171483 0.030330249147886654 0.0077814903164787229 0.027903769958668799 0.042738532295910063 0.0017244947791514617 -0.016805765568921271 0.0084917912369343596 -0.015646322308895431 -0.012441685850843655 0.015071140812589224 0.01692217236966187 -0.013527966573033437 -0.0071608454956839894 -0.012955333050708649 0.021235310861494557 0.013225187737554088 -0.0087695522816440743 -0.010988136423419363 -0.02455933021788579 0.0096503475177774113 -0.022010534768868752 -0.0047969495040903944 0.0013668529225045818 -0.026003190276886211 0 0.027941174671302721 0.008631579446866022 0.033110460851076856 0.0028151854455689537 -0.00062407168817991932 0.012125328410346636 0.007624764331593677 0.011507489907445904 -0.014777604713795144 -0.013433144697037392 0.015451099040321117 -0.0083420065465041049 -0.01495108781942253 -0.010814818971341232 0.013262578994467247 0.0007023111563938207 -0.015314142331114751 0.014508421744537536 -0.023467418121203516 -0.0045607749425957776 0.01355742866163564 -0.0083159182176814426 0.030450787183916497 0.0049840546539639419 0.0081518626729665446
leaf_weight=158.97731531411409 48.231321820989251 204.61970803886652 56.894951479509473 74.43853865377605 169.94002745486796 67.217176241800189 530.35843743383884 303.96574632450938 49.430873623117805 60.514534275978804 45.976672325283289 140.05323062464595 333.80888337269425 85.113507650792599 86.253853518515825 51.727189924567938 134.73165404982865 56.16916548460722 70.783392764627934 104.92590011656284 46.168979784473777 505.65758876875043 88.190312322229147 200.90847472287714 52.810727061703801 95.954505598172545 97.236210966482759 280.10939272120595 105.3114024233073 71.697714172303677 88.099188923835754 39.686747321859002 73.310861537232995 74.539769168943167 1486.3427724316716 49.732121631503105 578.47137649357319 55.532725244760513 63.779237791895866 57.463669775053859 94.585659665986896 86.786983920261264 122.20432434044778 243.25379460863769 87.106202095746994 61.821775868535042 105.13165887258947 166.67837594635785 43.878497773781419 161.52582510188222 77.832084814086556 79.759197510778904 50.090429799631238 42.417568452656269 132.52289796061814 98.410164328292012 56.004301374778152 62.911031510680914 111.84101506695151 45.20966849848628 116.25393460504711 225.00929206423461 61.549750043079257 50.185907291248441 132.5231495667249 274.00730878487229 65.926600616425276 50.041769610717893 44.886529937386513 80.782049546018243 142.04116467013955 73.088787361979485 60.195942610502243 134.66270764358342 132.42453472688794 75.160661425441504 79.766111938282847 63.31481665186584
leaf_count=2074 807 2395 666 889 2504 1125 5974 3576 645 655 582 1552 3850 996 2687 716 1682 683 837 1348 536 6196 933 2577 620 1188 1193 3324 1263 889 1151 551 1018 919 17310 567 5764 632 872 699 1032 1024 1531 2985 1082 674 1171 1904 593 1975 957 975 641 568 1574 1205 663 806 1297 487 1294 2474 778 715 1429 3210 827 653 529 896 1877 911 796 1516 1603 928 1016 827
internal_value=0 -0.00519266 0.00146148 0.00102449 -0.000783488 0.0095775 0.00283094 -0.00204858 -3.57938e-05 0.00193109 -0.00110549 -0.00451548 0.00051735 -0.00376583 -0.00495818 -0.00150279 0.00606948 0.0117277 2.75248e-05 0.00735287 0.0137343 -0.0062078 0.00773656 -0.00609498 0.00039755 0.012952 0.0216511 0.00768459 0.0133208 0.00929095 0.0117298 0.00666321 0.0168715 -0.00454268 0.00624761 0.00692293 -0.0104064 0 0.00101374 0.000487026 0.00286164 0.00670902 0.00891229 0.0111134 0.00561205 0.00978295 -0.00356844 -0.0050165 -0.00149774 0.000118374 -0.00368095 -0.0124908 0.00170652 0.0132897 0.00204691 0.0197052 -0.0109888 -0.0170373 0.020173 0.0258509 -0.00869205 -0.00539917 0.00249788 -0.0089521 -0.00135046 -0.0120317 -0.0003018 0.0281131 -0.00460686 -0.00102793 0.00339934 -0.0141561 0.00861812 -0.000299725 0.00257062 0.0177767 0.0173597 0.0226751
internal_weight=0 2113.07 8623.85 8178.25 4075.06 436.31 4103.19 3638.75 2225.59 1695.23 1106.21 793.846 473.862 1908.45 1735.15 1070.43 405.791 271.059 2399.59 312.367 207.441 664.635 173.304 1239.16 349.674 148.765 148.963 589.016 308.907 445.607 397.376 309.277 163.039 146.237 1877.6 1803.16 664.725 225.473 2209.89 2146.11 1361.9 903.442 816.655 722.07 403.655 316.549 784.209 727.314 622.182 578.303 411.625 157.591 254.034 92.508 194.345 210.837 189.699 133.694 158.01 143.62 889.488 585.522 177.804 407.718 182.709 319.984 122.096 89.7285 458.458 340.483 259.701 117.975 202.237 316.819 267.087 318.414 248.392 168.626
internal_count=129868 26146 103722 97734 49770 5953 47964 43817 26079 20105 13020 9194 5402 23751 21822 13371 5101 3419 29166 3826 2478 8270 1929 14651 4385 1808 1909 7085 3761 5988 5181 4030 2222 1808 21885 20996 8451 3136 26860 25988 16538 10830 9806 8774 4861 3779 9450 8784 7613 7020 5116 1932 3184 1209 2248 2817 2306 1643 1833 1692 10266 6690 2072 4618 2144 3792 1510 1204 5708 4268 3372 1440 2673 3686 3119 3913 3106 2090
is_linear=0
shrinkage=0.0454652


Tree=9
num_leaves=79
num_cat=0
split_feature=16 28 13 2 13 28 2 13 27 20 3 10 3 3 10 2 15 17 18 3 3 15 20 28 17 15 2 13 28 27 15 28 20 10 12 27 18 18 16 12 2 14 14 12 13 12 3 3 20 13 12 2 17 3 17 2 18 3 15 1 3 1 27 27 27 16 15 16 1 18 27 12 2 2 18 27 14 2
split_gain=22.9208 44.9346 34.631 37.1753 31.8016 26.3868 25.9026 28.888 26.056 24.35 25.133 27.1681 22.634 22.3328 24.0315 22.1136 21.8659 26.0921 19.4657 19.3531 18.4794 18.4052 18.2969 18.2452 18.056 18.0088 23.1255 19.6561 17.9581 16.4957 16.142 26.6789 15.6114 15.3924 19.6393 21.3053 15.3824 14.591 15.6447 29.9799 21.4581 13.9287 14.9019 12.7536 12.7332 12.6021 12.4489 16.1161 16.1095 26.9934 14.5383 22.5175 14.2198 16.4689 12.0126 25.1332 14.1794 11.912 16.4253 14.208 13.9957 12.6483 11.7373 11.7248 16.444 19.6934 16.3654 11.5329 13.3209 11.4377 25.5129 28.2339 17.1682 10.7728 11.4799 10.5533 10.2618 10.1772
threshold=0.82291585206985485 -0.69930991530418385 -0.025409232825040814 0.60779953002929699 -0.01319830399006605 0.88186877965927135 0.79210135340690624 0.03437603451311589 0.95032352209091198 3.1135081052780156 0.33150766789913183 0.095765538513660445 0.85474067926406871 0.33904173970222479 0.30352327227592474 1.1185142397880556 5.0054070949554452 41.500000000000007 91.500000000000014 0.90247163176536571 0.69273892045021068 10.573864459991457 0.12502472102642062 -0.16288578510284421 75.500000000000014 23.236608505249027 1.9339571595191958 0.063758470118045821 1.0000000180025095e-35 -0.74455857276916493 12.734058380126955 -0.29026740789413447 0.68688365817070018 0.11742814257740976 -0.024288526736199852 0.1413247883319855 52.500000000000007 43.500000000000007 0.91503310203552257 0.037689462304115302 0.59395587444305431 -5.6580302715301505 -2.755683064460754 0.001944441697560251 0.079192396253347411 0.081049542874097838 0.42063744366168981 0.48015630245208746 -1.0910940766334531 0.00082913428195752214 -0.037206690758466714 0.97497630119323742 76.500000000000014 0.35125786066055303 40.500000000000007 0.48114876449108129 41.500000000000007 0.90247163176536571 9.0190558433532733 0.75575289130210888 0.32892587780952459 0.93268129229545604 0.61734244227409374 -0.9686339497566222 0.26932403445243841 0.27607366442680364 4.7322850227355966 0.85496675968170177 1.3386360406875613 68.500000000000014 -0.72982063889503468 0.061154954135417945 1.5107400417327883 0.71432065963745128 59.500000000000007 -0.89194178581237782 -13.138134479522703 1.03980427980423
decision_type=2 2 2 2 2 2 2 2 2 2 2 2 2 2 2 2 2 2 2 2 2 2 2 2 2 2 2 2 2 2 2 2 2 2 2 2 2 2 2 2 2 2 2 2 2 2 2 2 2 2 2 2 2 2 2 2 2 2 2 2 2 2 2 2 2 2 2 2 2 2 2 2 2 2 2 2 2 2
left_child=2 25 3 5 21 22 30 69 13 10 28 16 15 -9 18 -13 24 -18 20 -14 23 33 -1 29 -12 26 27 67 -5 -15 -3 -32 -7 34 -4 36 -36 -33 40 -40 -39 46 57 -37 -25 -20 50 48 -48 -50 51 -6 54 -54 55 -52 -57 60 -59 -60 -43 -62 -19 -17 65 -65 -66 -2 -69 -8 -71 -72 -73 74 -49 -35 -11 -78
right_child=1 6 4 9 41 32 7 8 -10 76 11 12 19 14 -16 63 17 62 45 -21 -22 -23 -24 44 -26 -27 -28 -29 -30 -31 31 37 -34 75 35 43 -38 38 39 -41 -42 42 -44 -45 -46 -47 47 73 49 -51 52 -53 53 -55 -56 56 -58 58 59 -61 61 -63 -64 64 66 -67 -68 68 -70 70 71 72 -74 -75 -76 -77 77 -79
leaf_value=0.009575387083850086 0.0064864526100989386 0.032276671905637239 -0.024810762094206979 0.0039455367309101201 -0.032073808668628127 0.013153152742643337 -0.014613180742896378 -0.012769732096909717 -0.0095196563753193499 0.0060192194039614755 -0.011011972690778745 0.010189027544370084 0.040352170587615172 -0.0056960385723824674 -0.0087377576981550204 -0.024663744298653284 0.002154436886061737 0.019843504988862771 -0.0080208867513102376 0.002492879770176325 0.0048775058381981054 -0.026983107736141199 0.037190527829685162 0.03931914131281352 0.015045803541767051 -0.017691342708083202 0.025726248573436781 0.016743048310076801 -0.022589539681648223 0.026827045867744891 0.035802067089097361 0.021744796697494961 -0.020844089199948141 -0.017891620993266938 0 0.018761518169262772 -0.026063007356063199 -0.024849720936115031 0.02996220227672098 -0.012605778439674364 0.0074580023144642247 0.0053213101414068924 0.012864320854189176 -0.0045398976582344784 0.014851105586400624 0.012968940083483741 0.002129233929459138 -0.013883191564673526 -0.0013258395654253794 0.040017501860170238 -0.026059031688164317 0.0046491523158395578 0.026136170853223638 -0.0079736844264678055 -0.015091621005490882 -0.0056266174882455911 0.021178141735749861 -0.015734014931632193 0.035873268643514776 0.00058888656240071351 -0.012406626682574966 -0.0031522860468683037 0.043355227400791937 0.0064837565030396458 -0.023122483124877486 -0.022558552958877362 0.0052109917162457163 -0.017980599665228008 0.00019430930118921949 0.015749050637372471 0.017921917270460733 -0.028765292054535704 0.0018070420721599783 0.001699027251989857 0.00558774073903849 0.0044641488387699131 -0.0019288826832941507 -0.024115195469776959
leaf_weight=93.764055144041777 80.412471022456884 96.121244782581925 179.36499791964889 83.709955351427197 85.851088671013713 61.755791110917926 165.9850124977529 69.573890879750252 142.1879071649164 45.822553468868136 120.17157499678433 194.38327439129353 44.918020775541663 61.141679963096976 86.96817110478878 68.094365736469626 140.66825956664979 194.16006949171424 90.581197898834944 73.278417937457561 122.3258129041642 123.33452085591853 129.51837692782283 184.1078509837389 94.30736375041306 196.21203947253525 52.734103286638856 69.948600690811872 122.81552632525563 57.583440706133842 74.053527345880866 91.011682430282235 44.141932779923081 49.003279397264123 67.033263774588704 71.639357540756464 127.24854640848935 78.205943536013365 78.646411729976535 53.288500811904669 81.646468855440617 158.79453836008906 87.106805771589279 126.75679649412632 76.377623248845339 147.48845526576042 173.91748961433768 195.61267344467342 50.721041735261679 76.496245080605149 48.01203066110611 51.103004356846213 66.82626523450017 44.294725425541401 160.87298218347132 63.417520681396127 94.087042262777686 41.850855320692062 40.955233376473188 55.944860495626926 775.6246847435832 534.97280010394752 69.679568910971284 274.39692375995219 141.05971785634756 54.072553440928459 53.958992164582014 241.78111386857927 118.0378406047821 126.35877079330385 52.623315412551165 111.73804602399468 51.498716037720442 1711.7469048965722 84.22713122330606 239.09059622325003 71.415439298376441 129.27831489033997
leaf_count=1412 1000 866 2147 1489 1010 768 1811 781 1560 615 1592 2537 555 614 1044 859 1564 2306 1006 1106 1626 1614 1707 1892 1152 2242 633 557 1734 507 842 933 494 518 810 837 1479 950 814 552 968 2223 962 1467 697 1587 2014 2113 541 992 737 881 1021 602 2340 765 1543 491 533 713 9137 6179 743 3539 1734 591 592 2772 1433 1356 530 1127 605 21872 971 2733 841 1380
internal_value=0 0.00346816 -0.00128058 0.00339345 -0.00321941 0.0174494 0.00690343 0.00382163 0.00817612 0.000996303 0.00293181 0.00497846 -1.56266e-06 0.0110685 0.0131866 -0.00287226 0.0122835 0.018457 0.0158641 0.0181469 0.0209476 -0.010632 0.0261889 0.0258969 0.00028963 -0.00595495 -0.00168004 -0.00478957 -0.0117347 0.0100486 0.0153437 0.0114207 -0.000822437 -0.00811448 -0.0124077 -0.00642227 -0.017013 0.00624972 0.00101826 0.0125482 -0.00827598 -0.00161684 -0.00488843 0.00384193 0.0326693 0.00478066 0.000278322 0.00183562 0.0115688 0.0236342 -0.00542723 -0.0182874 -0.0015137 0.0123154 -0.00592909 0.00116472 0.0102142 -0.00591044 0.00649934 0.016833 -0.00713014 -0.00868774 0.0268014 -0.00728629 -0.00475992 0.00133775 -0.0150919 -0.00844317 -0.0119491 -0.00497426 -4.10349e-05 -0.00962676 -0.01902 0.000318824 -0.00785488 0.000297599 -0.0122159 -0.0166545
internal_weight=0 2858.64 7891.28 2305.37 5585.91 329.18 2099.51 1546.54 1038.34 1976.19 1729.67 1523.15 904.162 896.148 826.574 785.966 618.987 404.508 739.606 118.196 501.536 983.471 223.282 379.211 214.479 759.126 562.914 510.18 206.525 118.725 552.974 456.853 105.898 860.137 572.043 392.678 194.282 382.799 291.787 131.935 159.852 4602.44 1695.25 198.396 260.485 238.07 2907.19 2292.72 301.135 127.217 614.465 136.954 477.511 111.121 366.39 205.517 157.505 1608.14 138.751 96.9001 1469.39 1310.6 263.84 591.583 523.488 328.469 195.019 440.231 359.819 508.204 342.219 215.86 163.237 1991.59 279.84 288.094 246.516 200.694
internal_count=129860 31305 98555 29310 69245 4381 22668 16743 11314 24929 22093 18870 11513 9754 8973 9852 7357 4613 7929 1661 5336 11605 3119 3710 2744 8637 6395 5762 3223 1121 5925 5059 1262 9991 6740 4593 2289 4217 3284 1366 1918 57640 20238 2304 2589 2593 37402 28503 3547 1533 8899 1891 7008 1623 5385 3045 2308 19276 1737 1246 17539 15316 3049 7315 6456 4130 2326 5205 4205 5429 3618 2262 1732 24956 3084 3251 2836 2221
is_linear=0
shrinkage=0.0454652


Tree=10
num_leaves=79
num_cat=0
split_feature=11 22 14 3 13 15 13 14 13 2 2 14 0 9 3 9 3 13 13 3 3 2 17 13 14 15 6 8 2 4 15 15 13 12 17 11 22 3 13 6 11 15 6 2 1 0 2 3 12 2 3 0 13 11 22 2 0 6 0 17 2 4 3 14 15 14 11 13 3 2 11 11 9 13 12 13 11 11
split_gain=25.5828 21.4554 15.7778 18.8893 18.0539 15.0611 36.9454 21.2908 15.2253 13.1959 18.0343 12.4352 11.1845 13.7526 10.9236 14.1115 13.4702 17.0706 12.9718 9.2088 8.79473 8.75178 14.6897 8.59584 8.37278 11.8006 8.30501 11.9818 9.77651 16.5543 14.1762 15.2429 12.5777 12.4512 12.1472 13.9413 12.0007 11.4073 12.9107 21.6915 24.0622 21.3592 17.0304 13.7914 12.4496 12.4131 11.5079 10.8469 25.2668 25.8388 23.8664 17.6498 16.1882 23.9181 17.4803 17.3297 13.9599 22.1965 18.5737 13.1521 13.0936 12.267 11.3629 10.8968 10.5998 10.9596 16.7527 10.2292 12.0113 10.021 9.69436 9.27791 8.5607 8.52071 8.49586 8.30042 8.27876 8.70922
threshold=0.023648678325116638 -0.86226531863212574 -13.268003463745115 0.2885767817497254 -0.073720108717679964 10.987752914428713 -0.0057428791187703601 -3.8184832334518428 -0.034423796460032456 0.37446981668472296 0.51571968197822582 -6.910329818725585 0.81671139597892772 0.21993026882410052 0.72657498717308056 0.090414460748434081 0.76240411400794994 1.0000000180025095e-35 0.018625107593834404 0.55671611428260814 0.38919423520565039 0.96910086274147045 27.500000000000004 0.046925542876124389 -27.471098899841305 3.03551197052002 -13.003212451934813 -1.4000209569931028 1.1511284708976748 0.63798442482948314 16.137548446655277 24.807671546936039 0.080917220562696471 -0.075724311172962175 22.500000000000004 0.046898368746042259 1.0367631912231448 0.90247163176536571 -0.026571368798613545 1.9354165196418764 0.092419981956481947 5.9167642593383798 -6.8636951446533194 0.61260679364204418 0.44284173846244818 0.81671139597892772 0.65535876154899608 0.42063744366168981 -0.036279290914535516 0.57488131523132335 0.38463847339153295 0.8252808451652528 -0.0025857748696580525 0.094878416508436217 0.073140494525432601 0.91419366002082836 1.0030153989791872 1.041180491447449 0.72321209311485302 21.500000000000004 0.79630151391029369 1.1230446696281435 0.34855362772941595 -2.755683064460754 1.7594626545906069 -17.179298400878903 0.11669569462537767 0.026415389962494377 0.72276788949966442 0.64180606603622448 0.1157464236021042 0.15736023336648944 0.18902052938938144 -0.016267850063741204 0.011283752974122764 0.073440685868263259 0.081835411489009871 0.11371404677629472
decision_type=2 2 2 2 2 2 2 2 2 2 2 2 2 2 2 2 2 2 2 2 2 2 2 2 2 2 2 2 2 2 2 2 2 2 2 2 2 2 2 2 2 2 2 2 2 2 2 2 2 2 2 2 2 2 2 2 2 2 2 2 2 2 2 2 2 2 2 2 2 2 2 2 2 2 2 2 2 2
left_child=5 2 4 -4 -2 8 -7 11 -1 -10 -11 -8 13 -5 15 -12 17 -16 -18 20 -6 -17 -23 -14 25 -3 27 -26 33 30 34 -32 -33 -28 36 67 -30 38 39 40 45 42 -40 -42 -43 74 73 48 -46 51 60 76 54 56 -49 -55 57 58 -54 -52 62 75 71 -59 65 66 -37 68 -36 -60 -29 -51 -45 -44 -35 -62 -50 -78
right_child=1 24 3 12 19 6 7 -9 9 10 14 -13 23 -15 16 21 18 -19 -20 -21 -22 22 -24 -25 26 -27 28 70 29 -31 31 32 -34 37 35 64 -38 -39 41 -41 43 44 46 72 47 -47 -48 52 49 50 59 -53 53 55 -56 -57 -58 63 69 -61 61 -63 -64 -65 -66 -67 -68 -69 -70 -71 -72 -73 -74 -75 -76 -77 77 -79
leaf_value=0.022664036138688018 -0.0061074288521956585 0.00042609839162642679 0.029661375391673302 0.010541944731830552 0.017113236178096857 -0.026484002767904399 0.0080897269089662913 0.0095995761174914457 0.020770430555832185 -0.016697813235385123 0.011391299402082961 -0.020073564031060059 0.00078368287119245841 -0.003995866959012666 -0.03590245652096203 -0.0053717582284595429 0.0001100592346028414 -0.0011540706197904894 -0.017785747583795891 0.01065963876232252 0.050581087461869567 -0.012277407457448779 0.015359738283042081 -0.020221671203356037 -0.0071799930049063791 -0.028043065265166298 -0.018962570867540943 0.0062758418709986863 -0.01464190571030026 -0.0053287053677026274 0.011800134955178839 -0.021371513359747324 0.0050101780088224858 0.013821388971899995 0.030817745157406106 0.017282441754885164 0.0086867953010393885 0.019630743302188541 0.01552523476015609 -0.0044295645883051385 0.019336462532523316 -0.011273984674114553 -0.038350189323556431 -0.016112060964518442 -0.02349444388304292 0.024719788868322171 -0.006023509420019591 -0.017947260103192118 -0.0061974958044483126 0.026311503154289286 0.0036672913540096849 -0.017118120499189631 0 -0.022138209287321627 0.0096952491386938996 0.0039175853361492477 0.0037086051899290458 -0.0017274340180494401 0.047275535807545392 -0.021981358963780579 0.018846106324466091 -0.011065385822295895 0.0011594534251800539 0.014009029634086755 0.00078962838533513187 -0.027681447323300183 -0.021448817475746857 -0.0069994374687191423 0.0063282516148084524 0.022444503340370348 0.031532999667230811 0.0017504787745732547 0.0031906170770702779 -0.012252776435614534 -0.0095667260453333319 -0.00041766331978667525 0.025877182489125697 -0.00037194426632253117
leaf_weight=46.118630887940526 39.625020682811737 66.154533544555306 55.0036406442523 393.55743479914963 42.418904570862651 190.42045836895704 38.037746811285615 170.36412279307842 43.766682060435414 182.77030570060015 227.95045447163284 123.69697537273169 88.906423276290298 194.64930073358119 59.798474658280611 421.1565396618098 492.41686259955168 59.957002947106957 95.518186498433352 58.352212818339467 44.870604494586587 52.90473485738039 120.89405722916126 63.365846445783973 54.64273114874959 46.41589861549437 53.520858289673924 87.867802154272795 214.45875420421362 1290.5914145559072 417.11108567193151 55.410092413425446 92.416106460615993 106.73264587111771 63.263665879145265 41.626762937754393 51.860240645706654 73.156892206519842 45.546357745304704 243.76697601377964 52.417847834527493 134.00616041198373 48.996533706784248 88.908319376409054 87.108614593744278 238.44957026280463 225.99968336522579 113.76850070618093 121.78018962405622 191.83010660856962 77.960503444075584 200.81420354358852 53.244541952386498 84.141216615214944 73.152452435344458 122.97824968025088 444.77385053224862 159.13304159045219 60.586036568507552 75.87985554151237 92.712451497092843 80.465062070637941 76.484541786834598 191.82153923623264 455.9625784996897 58.341071916744113 42.076180323958397 50.433907032012939 133.71062864921987 139.82272360660136 54.179319385439157 43.862292828038335 87.968349855393171 78.569572219625115 39.360848421230912 79.003817651420832 41.677573882043362 52.418563222512603
leaf_count=575 580 1205 685 4455 523 2389 644 1942 574 2200 2882 1671 841 2139 571 5301 6212 592 1030 804 564 693 1561 575 657 774 660 1070 2534 15436 5047 669 1217 1595 728 595 680 846 495 3201 804 1843 528 1113 1158 2741 2640 1174 1856 2415 939 2393 680 893 805 1269 4916 1882 601 869 1112 900 937 1893 5621 617 615 650 1593 1345 685 439 1147 930 550 910 626 602
internal_value=0 0.00143362 0.00774507 0.00482682 0.0196431 -0.00394651 -0.0107332 -0.00134474 -0.00193316 -0.00265752 -0.00333235 -0.0131197 0.00276394 0.00565436 -0.00166438 0.00185017 -0.00580682 -0.0195111 -0.00281763 0.0269504 0.0363433 -0.00177673 0.00658395 -0.00794537 0.000593474 -0.0114653 0.00079115 0.0099249 0.000527549 -0.00145795 0.00149819 0.00734972 -0.00486623 0.00194775 -0.00144762 0.00117842 -0.00985611 0.00224905 0.0019041 0.00684877 0.0114062 0.000556037 -0.00920791 -6.20394e-05 0.00197687 0.0182988 -0.0126714 0.00267757 -0.000438471 0.00136629 0.00661523 -0.00754114 0.00534309 0.00721924 -0.00689785 -0.00665995 0.0100201 0.0145269 0.0247535 -0.00891607 0.0109684 0.00295167 0.0171685 0.00679849 -0.00251805 -0.0131948 -0.00172361 0.0102028 0.0149027 0.0309843 0.0168554 0.0220518 -0.00638714 -0.023526 0.00710646 0.00990194 0.00129834 0.0113506
internal_weight=0 8440.09 980.749 795.483 185.267 2325.77 522.519 332.099 1803.25 1757.13 1713.37 161.735 740.479 588.207 1530.6 822.906 707.691 119.755 587.935 145.642 87.2895 594.955 173.799 152.272 7459.34 112.57 7346.77 196.69 7150.08 2967.26 1676.67 564.937 147.826 4182.82 1111.73 845.415 266.319 4129.3 4056.14 857.605 613.838 3198.54 399.112 229.295 2799.43 384.543 353.566 2665.42 1222 1134.89 718.199 416.691 1443.42 1256.5 186.921 207.119 1049.38 604.608 253.653 153.84 564.358 252.181 312.177 350.955 598.007 142.044 83.7029 247.408 196.974 200.409 142.047 235.692 176.877 127.566 146.093 171.716 215.876 94.0961
internal_count=130103 101266 11166 8695 2471 28837 6646 4257 22191 21616 21042 2315 8010 6594 18842 10437 8405 1163 7242 1891 1087 7555 2254 1416 90100 1979 88121 2412 85709 36002 20566 6933 1886 49707 13633 10419 3214 49047 48201 11151 7950 37050 4593 3064 32457 4886 4098 30614 15156 13998 8521 5477 15458 13479 1979 2162 11317 6401 2626 1808 6713 2922 3791 3775 7448 1827 1210 2971 2321 1946 1755 2854 2260 1458 2145 2022 3084 1228
is_linear=0
shrinkage=0.0454652


Tree=11
num_leaves=79
num_cat=0
split_feature=11 7 16 3 3 16 27 5 28 21 0 2 27 3 21 28 16 15 28 3 2 11 5 16 2 18 0 8 8 27 2 6 3 2 11 3 16 18 6 27 27 15 27 5 16 15 28 7 0 3 16 5 2 11 16 0 11 9 21 16 0 3 15 0 0 3 21 5 27 6 2 24 0 2 2 7 2 3
split_gain=26.128 18.0162 43.7242 29.6575 22.8265 20.2381 18.0546 20.5238 16.2204 14.2863 23.806 14.9483 12.8506 37.9023 19.3447 17.8152 16.7477 32.6247 25.3945 27.3113 23.0247 20.341 20.6277 18.5215 14.9971 16.2139 15.3257 14.6873 13.4765 13.2088 15.0468 17.5231 13.0179 12.9597 13.0878 12.8757 16.5364 12.9812 12.4981 12.4895 12.4245 15.224 11.8775 10.4644 11.6563 15.9443 10.1931 10.0028 33.2224 15.6737 9.8491 10.1843 9.791 9.39104 12.4484 9.82093 9.1851 8.84792 8.53602 13.8167 13.7123 23.1068 13.5079 12.5744 11.9982 19.0404 13.5165 13.3669 16.1401 12.479 11.9958 11.1714 10.4649 17.0294 23.4636 10.936 10.0154 8.90186
threshold=0.022405167110264305 1.0000000180025095e-35 0.53403338789939891 0.52314314246177684 0.36362852156162268 0.3862151056528092 0.91959547996521007 1.7315292954444887 -0.14132478833198545 -0.67684435844421376 0.91341087222099315 1.6347781419754031 -0.72982063889503468 0.30291782319545751 12.020509243011476 0.5464349389076234 0.83281388878822338 12.91022300720215 -0.61734244227409352 0.54502734541893016 1.8141126632690432 0.10786574333906175 0.95471400022506725 0.95316529273986828 1.2609771490097048 50.500000000000007 0.67129418253898632 -3.0232547521591182 2.1279430389404301 0.010907442308962408 2.0308083295822148 7.8034510612487802 0.70283937454223644 0.80947077274322521 0.077139835804700865 0.48015630245208746 0.61235561966896068 24.500000000000004 8.4831905364990252 -0.09801131114363669 0.098011311143636717 8.5409426689147967 0.076279435306787505 4.4143018722534189 0.72077998518943798 12.388307094573976 0.5464349389076234 20.875149726867679 1.1748171448707583 0.40651588141918188 0.75185993313789379 0.34711670875549322 0.5606922209262849 0.087295752018690123 0.89313402771949779 0.94911253452301036 0.10881031304597856 0.30890521407127386 1.4132471084594729 0.49562138319015508 0.60807040333747875 0.29774120450019842 10.339477062225344 0.71717816591262828 0.87260830402374279 0.26738095283508306 -3.0194528102874751 1.7735742926597597 0.16288578510284427 -0.30200459063053126 0.76136308908462536 -0.054886383935809128 0.96216201782226574 0.62247976660728466 1.1707081198692324 6.248441457748414 1.298789978027344 0.57894623279571544
decision_type=2 2 2 2 2 2 2 2 2 2 2 2 2 2 2 2 2 2 2 2 2 2 2 2 2 2 2 2 2 2 2 2 2 2 2 2 2 2 2 2 2 2 2 2 2 2 2 2 2 2 2 2 2 2 2 2 2 2 2 2 2 2 2 2 2 2 2 2 2 2 2 2 2 2 2 2 2 2
left_child=1 2 3 4 -1 -3 9 -8 -6 10 -7 40 13 -2 16 28 17 58 20 23 21 53 -23 24 25 -20 42 -19 47 32 31 -31 -16 -21 -35 36 -29 -38 -37 -24 -11 -42 -27 44 -4 -46 -43 49 -49 -15 -39 -52 -51 54 -18 -56 -28 -25 59 60 61 -14 63 -60 65 69 67 68 -67 -62 -65 -66 73 75 -75 -61 -64 -63
right_child=12 5 43 -5 8 6 7 -9 -10 11 -12 -13 14 15 29 -17 18 27 19 33 -22 22 39 57 -26 26 56 35 -30 30 -32 -33 -34 34 -36 38 37 50 -40 -41 41 46 -44 -45 45 -47 -48 48 -50 52 51 -53 -54 -55 55 -57 -58 -59 62 72 64 77 76 70 71 66 -68 -69 -70 -71 -72 -73 -74 74 -76 -77 -78 -79
leaf_value=-0.013676251992922661 0.043399218476818352 -0.010629940103553398 -0.019368501157889143 -0.0063396533561396462 0.0056981885152420173 0.039639112693336739 0.034391977634161179 -0.0033751442742606841 0.038270115209261713 -0.010987871547942845 -0.0022079937445309622 0.021333665231686436 -0.0097040789733445453 -0.015117290370607113 -0.028835118101032089 0.014791886905745679 0.010282468975796863 0.008241484318670533 0.022420394932704448 0.019043913393396988 0.025135146101093946 0.006474966170999635 -0.0064920576920947694 0.041111151026420281 0.032869298925258049 0.030154254771088709 -0.016498751529826619 -0.028388818300671782 -0.0070526171488136408 -0.015493605604791575 -0.017770586435448665 0.014898861642559694 0 -0.015096731101962895 0.004266060986199304 -0.024366683243836514 -0.012939119257387161 0.011501677987366954 0 -0.032336003042880236 0.020023476525594202 -0.013550194933939391 -0.00092982634688702542 -0.030324601174728478 0.010448128526589946 -0.021884217342291803 0.00907604555889969 0.036585236853095268 -0.01260491047282118 0.023959381670711988 0.0039705452977986397 -0.016130984636768413 0.0028950350874746567 0.013880585190181174 -0.025963889213130441 -7.3423121769631059e-05 0.0028783808953082896 0.015488197254599316 -0.02726599600794908 0.010201286942505727 -0.0042627106917696575 0.026788175859341679 0.0058182264989975882 0.0081628104354625527 -0.0015769612083838145 0.0083490928316246969 -0.013974835430584778 0.015926291817679059 -0.012961078545062116 0.028597575515074455 -0.013611905362647135 0.0065466867679685511 0 0.028627731861223724 -0.0062145143711868616 -0.016468923246807259 -0.014089043705986107 0.0041109784307661783
leaf_weight=38.358495509251952 46.155033063143492 270.62813716754317 265.59143793769181 460.09860392659903 63.021852308884263 44.357336917892098 71.721355699002743 44.241715526208282 73.254084102809429 278.47912985645235 61.1573814637959 46.278724111616611 73.698315428569913 93.488652560859919 101.75306284055114 243.99862168356776 83.566280676051974 94.717329908162355 102.32203842885792 53.265731249004602 53.331012293696404 63.892751086503267 71.235125936567783 74.340788267552853 52.637310903519392 51.103985911235213 86.406356699764729 58.90636015497148 294.21158489957452 53.077101778239012 86.790758928284049 116.6303699593991 49.860368203371763 129.05019862391055 148.86039569973946 188.67474587634206 186.96919829025865 129.89368325844407 52.699177827686071 107.38493526168168 71.444989033043385 99.118344288319349 41.234254393726587 118.30424899049103 75.672518592327833 47.562691496685147 62.43660001270473 64.723956665024161 43.628566635772586 44.145934242755175 118.87552682682872 83.770698005333543 1323.2711792383343 99.151279434561729 52.800024630501866 73.061400724574924 104.79112505167723 68.143574099987745 68.711444906890392 81.804010089486837 36.556669145822525 119.25104288570583 303.92023099027574 82.103783579543233 701.29308813437819 107.61495704576373 322.34342691674829 70.713855857029557 203.01216887868941 50.950516870245337 123.93673890270293 677.81410041078925 169.31725562736392 175.99581814743578 46.923668161034584 46.30602328106761 58.048369809985161 60.567173214629292
leaf_count=589 417 3315 3397 5689 820 568 902 500 1003 3306 686 567 1251 928 1099 2880 1054 1056 1119 459 607 689 711 736 581 577 1053 792 3789 760 1016 1105 717 1326 1662 2385 2315 2041 752 1141 897 1332 596 1367 840 594 801 695 634 381 1387 1196 16026 1051 597 943 1151 669 915 1032 569 1868 3742 1021 7926 1168 3911 849 2820 764 1445 7684 1856 1975 540 535 732 1076
internal_value=0 -0.0043146 -0.00825643 -0.000207071 0.0154527 0 0.00371185 0.0199524 0.0241588 0.000694589 0.0157608 -0.00216264 0.00124296 0.00427967 0.000214631 0.00331751 0.000874754 -0.000510157 0.00500228 0.0097849 -0.0021524 -0.0050465 -0.0148149 0.0156936 0.010713 0.00725269 0.00136868 -0.00816234 0.00175989 -0.00930372 -0.00269413 0.00497198 -0.0198084 -0.000500164 -0.00464069 -0.0101483 -0.00626323 -0.00345935 -0.0190003 -0.0226718 -0.00453541 0.0030272 0.0163163 -0.0181535 -0.0140494 -0.00194922 -0.00450309 0.00345713 0.0166065 0.00240498 0.00181805 -0.0042577 0.00367999 0.00256777 -0.0027228 -0.0117849 -0.00579073 0.029963 0.00143757 0.00247935 0.00100715 0.0109274 -0.00328853 -0.0108449 -0.000147569 -0.00461814 -0.00716807 -0.00120069 -0.00541075 0.0147596 -0.00471288 0.00238799 0.00918267 0.0136176 0.0210988 0 0.00237086 0.0196762
internal_weight=0 2191.73 1141.86 634.733 174.634 1049.86 779.236 115.963 136.276 663.273 105.515 557.758 8573.7 2153.62 6420.08 2107.47 6011.97 4495.39 1516.58 912.156 604.423 551.092 242.513 580.979 438.495 385.858 283.536 914.507 1863.47 408.112 256.498 169.707 151.613 331.176 277.911 819.789 578.415 519.509 241.374 178.62 511.479 233 92.3382 507.131 388.827 123.235 161.555 1569.26 108.353 1460.91 332.54 202.646 1367.42 308.579 209.428 125.861 191.197 142.484 3580.88 2944.16 2423.82 253.517 636.721 274.752 2170.3 791.192 703.684 381.341 310.627 87.5072 206.041 1379.11 520.347 351.03 222.919 128.11 361.969 179.818
internal_count=129945 27173 14299 8101 2412 12874 9559 1402 1823 8157 1254 6903 102772 25750 77022 25333 72325 55603 16722 9929 6793 6186 2541 6482 5077 4496 3377 11924 22453 4697 2881 1865 1816 3447 2988 10868 7731 6939 3137 1852 6336 3030 1173 6198 4831 1434 2133 18664 1329 17335 4624 2583 16407 3645 2594 1540 2204 1405 43679 35824 29886 4195 7855 3381 25691 10081 8748 4837 3988 1333 2466 15610 5938 4082 2515 1567 4474 2944
is_linear=0
shrinkage=0.0454652


Tree=12
num_leaves=79
num_cat=0
split_feature=22 13 3 16 30 15 7 28 13 7 28 15 3 2 0 2 20 17 30 16 13 20 13 2 0 3 17 15 28 28 3 2 2 2 15 0 3 15 0 3 3 3 16 7 22 2 13 13 28 3 15 3 20 0 2 3 3 17 7 2 28 17 17 28 30 15 17 16 20 7 8 20 16 8 17 30 3 2
split_gain=17.5966 20.7714 19.0402 16.3674 28.5896 20.2899 21.3987 17.2746 15.225 15.0745 15.0275 18.1768 15.0242 14.1469 13.7366 13.1295 12.8711 26.2268 22.3674 20.974 22.627 15.5142 12.8269 15.3009 12.2744 16.6152 16.3522 12.5376 12.0812 11.7061 11.6236 11.5902 20.0426 11.5639 22.453 14.804 12.4164 11.86 12.0912 11.4542 18.9252 17.1914 22.3833 23.097 19.1969 17.979 12.9132 14.4043 13.1244 12.7904 11.4183 14.9527 14.0336 11.0573 15.1197 11.0305 15.2851 14.6774 10.9709 14.5304 14.3276 13.8762 11.5767 10.7224 10.2874 22.8493 11.6705 11.3599 10.2668 10.0409 10.7165 9.98401 9.70353 9.63544 9.6062 9.53606 8.95402 8.89728
threshold=-0.86226531863212574 -0.037161825224757188 0.35357497632503515 0.79593896865844738 0.81174489855766307 11.146673679351808 1.50647509098053 -0.92794367671012867 0.013873835094273092 -3.3087980747222896 -0.20576497167348859 23.236608505249027 0.2885767817497254 1.6802925467491152 1.0320348739624026 1.1640286445617678 1.1852741837501528 45.500000000000007 1.0000000180025095e-35 0.61235561966896068 0.0074671772308647641 -0.5878443419933318 0.046925542876124389 0.93303248286247265 0.81389376521110546 0.30291782319545751 61.500000000000007 4.9334175586700448 0.81279832124710094 -0.96298784017562855 0.61225625872612011 0.91906610131263744 0.79630151391029369 1.0065774321556094 14.630568981170656 1.0474313497543337 0.79380640387535106 26.040184974670414 1.2474740147590639 0.3209106326103211 0.26400662958621984 0.52314314246177684 0.62421917915344249 -14.251325130462645 -0.35929691791534418 0.53604760766029369 -0.019535463303327557 -0.054073190316557877 -0.69930991530418385 0.53814756870269786 12.734058380126955 0.35125786066055303 0.6237829625606538 0.96216201782226574 0.88636627793312084 0.65619388222694408 0.52817958593368541 7.5000000000000009 1.0000000180025095e-35 2.1689041852951054 -0.35222910344600672 79.500000000000014 35.500000000000007 0.9015902876853944 -0.56174489110708226 13.727497577667238 24.500000000000004 0.92328768968582164 0.74614256620407116 12.129031658172609 -0.099647715687751756 1.3192463517189028 0.85496675968170177 -1.3487973809242246 14.500000000000002 1.0000000180025095e-35 0.83580163121223461 1.157786011695862
decision_type=2 2 2 2 2 2 2 2 2 2 2 2 2 2 2 2 2 2 2 2 2 2 2 2 2 2 2 2 2 2 2 2 2 2 2 2 2 2 2 2 2 2 2 2 2 2 2 2 2 2 2 2 2 2 2 2 2 2 2 2 2 2 2 2 2 2 2 2 2 2 2 2 2 2 2 2 2 2
left_child=1 2 -1 5 7 24 9 72 13 74 11 14 -3 30 -6 -4 17 -14 19 20 -19 -20 50 -24 25 28 29 -28 71 -27 -8 32 -29 64 -35 36 55 73 -39 40 -26 42 43 -41 -45 -43 47 -46 -49 -47 77 -52 -53 58 -55 56 -36 -58 59 60 -51 62 -60 -12 65 -9 67 -66 -50 -25 -71 -2 -5 -37 -7 -31 -33 -10
right_child=3 12 15 4 10 6 8 33 22 -11 63 -13 16 -15 -16 -17 -18 18 21 -21 -22 -23 23 69 39 26 27 31 -30 75 -32 76 -34 34 35 37 -38 38 -40 41 -42 45 -44 44 46 49 -48 48 68 53 51 52 -54 54 -56 -57 57 -59 61 -61 -62 -63 -64 -65 66 -67 -68 -69 -70 70 -72 -73 -74 -75 -76 -77 -78 -79
leaf_value=-0.0039713968169295998 0.0079236371367976538 0.025064963053327716 0.039497768685459803 0.0036256070898270823 0.021613094906692321 0.0027483655632297966 0.014227397821358938 0.029939119419474702 0.0037657701635113142 -0.024400114120195358 0.023216086294091855 -0.0094777561294150103 -0.02332803125211735 0.035294615651460325 -0.00090962706649926951 0.010882001611618248 0.0076584301524090653 0.0082102338592914981 -0.017944408939559196 -0.0047023070845398814 0.047224351600325933 0.0046837203865949051 -0.0081648046566435688 0.019845843349066417 0.010593039960346001 0.0066050020173139953 -0.0080038681471254515 0.0018932170209282886 -0.0079242739773787152 -0.0081443001939240939 -0.018577934967460515 -0.010280418714262031 0.031280315387848756 -0.016840810806678 0.0035587525179169117 0.021387605699542726 -0.021369037707049732 0.013105869846741976 -0.017330540688336067 -0.0043455447461144383 -0.020985389054464062 -0.019611194409837631 -0.01513615718014995 0.025369930582296699 -0.0054735546796544311 -0.017488370661574583 0.00035552456654823483 0.0061078723694140786 0.044567717118141302 0.010442308948708956 0.0057671572058561622 -0.034118537364904875 -0.0090957785627801321 0.0077233443569543533 -0.0024096037769817426 0.013670633672568945 -0.033227022665922229 -0.00043920450315392407 0.0025568281076132444 0.023186229143907042 -0.0096928300126912417 -0.0032115868935063429 0.030992897943307576 0.0010398286756807076 -0.00065480002348143975 0.0042888409805764329 -0.0071433937870148982 0.017960530651638565 0.012530723720143806 0.010499032474933851 -0.012916924184763858 0.037378303097097117 -0.014643137105088329 0.0053772239612051766 -0.015918201125983144 -0.021520007218286674 0.011002710315685936 -0.016985377539319779
leaf_weight=52.270483927801251 106.74543051049113 55.154881717637181 78.481743847951293 74.489870538935065 126.95033434964716 108.94485597498715 54.193255731835961 97.349030587822199 147.06786093302071 190.14234492555261 228.36074274964631 119.42031282186508 102.3545761089772 33.940459875389934 90.187642008066177 72.386675966903567 397.68977917544544 93.710398642346263 136.08591513894498 92.270347153767943 46.733984865248203 105.87210989370942 219.77362967841327 90.952132912352681 54.177300313487649 60.482453567907214 306.95676497928798 169.16871065087616 58.669888632372022 299.99102324806154 31.770109251141548 138.80066031776369 65.572983985766768 159.46296153776348 158.92570675909519 117.70099538378417 72.071114826947451 37.483621291816235 68.992709813639522 191.78306295163929 110.7861661054194 90.130657311528921 80.304138788953424 193.09227504767478 47.463926546275616 73.867342609912157 236.99429016560316 77.986171508207917 57.738445675000548 112.14945981279016 44.94941527210176 98.680166276171803 104.25811623223126 373.3480424489826 1558.1810644716024 77.020020565018058 57.33392184227705 58.138285683467984 48.061738485470414 51.574119152501225 189.27697508223355 56.047383766621351 99.282546119764447 62.210240891203284 147.73347266018391 272.99588729254901 193.92794777266681 113.67940909415483 45.415144065394998 95.852054465562105 63.280845735222101 30.972060136497021 223.40894267335534 261.29383267462254 105.63941797055304 199.17127688042819 51.681101260706782 54.662765145301819
leaf_count=694 1850 717 949 909 1237 1255 962 995 1779 2543 2173 1019 1140 423 873 905 4309 1130 1663 978 510 1323 2688 1234 787 757 4306 2232 879 4182 483 1719 723 1763 1818 1358 924 444 1067 2513 1564 828 921 2147 525 821 2888 984 743 1256 829 1321 1596 4182 18542 926 599 677 560 621 2086 588 1068 606 1714 3460 2031 1152 500 1325 931 507 2765 3194 1322 2452 671 776
internal_value=0 0.00549301 0.0186734 -0.00026855 0.00262792 -0.0014991 -0.00626307 0.00014991 -0.00272764 -0.0151051 0.011155 0.00433948 0.00278254 0.0121393 0.0121938 0.0267316 0.00137249 -0.00289925 0.00156542 0.0116121 0.0224979 -0.00793153 -0.00476429 0.000398011 -0.000171976 -0.00366764 -0.00556618 -0.00100559 0.00843645 -0.0113957 0.00126878 0.00396073 0.0107011 0.0017783 -0.0013073 0.00142755 -0.00469303 0.00686094 -0.00608623 0.00120565 -0.0103205 0.00176111 0.00706321 0.00927876 0.0133215 -8.9467e-05 0.00804375 0.0156583 0.0214575 0.00060848 -0.0102215 -0.0167037 -0.0219321 0.00119315 -0.000413623 -0.000929524 -0.0053432 -0.017706 0.00682047 0.00176446 -0.00200217 0.0151529 0.0223588 0.018714 0.00581658 0.0114147 0.00109628 0.00740843 0.0319324 0.00812518 0.000798327 0.0157779 -0.00992624 0.0106518 -0.00634378 -0.0137097 -0.00414544 -0.00184567
internal_weight=0 1233.01 203.139 9499.12 2819.14 6679.98 1444.11 2192.01 1039.38 404.727 627.129 336.558 1029.87 119.904 217.138 150.868 974.717 577.027 474.673 232.715 140.444 241.958 919.477 469.859 5235.87 1488.21 1291.82 732.18 196.387 559.645 85.9634 425.223 234.742 1894.11 1068.42 908.96 423.489 485.471 106.476 3747.66 164.963 3582.7 930.777 850.473 658.69 2651.92 465.598 228.604 181.14 2561.79 449.618 247.888 202.938 2487.92 1931.53 351.418 274.398 115.472 556.392 353.001 301.426 203.392 147.344 290.571 825.686 370.345 455.341 261.413 103.154 250.085 159.133 137.717 297.899 378.995 214.584 499.162 190.482 201.731
internal_count=129891 14318 2548 115573 31704 83869 19467 25796 14347 5120 5908 3129 11770 1868 2110 1854 11053 6744 5604 2618 1640 2986 12479 6178 64402 20278 17042 9651 3236 7391 1445 5345 2955 22122 12770 11007 4944 6063 1511 44124 2351 41773 11221 10300 7787 30552 5640 2752 2227 29724 6301 3746 2917 28903 22724 4020 3094 1276 6179 3963 3342 2216 1628 2779 9352 4455 4897 2866 1243 3490 2256 2357 3674 4552 2577 6634 2390 2555
is_linear=0
shrinkage=0.0454652


Tree=13
num_leaves=79
num_cat=0
split_feature=29 11 22 33 13 27 20 30 22 13 20 12 30 13 27 13 30 11 13 22 30 7 20 17 7 20 27 6 27 9 7 27 9 27 9 9 12 27 13 29 6 27 27 22 7 13 7 11 30 12 7 13 12 13 19 20 27 17 27 13 31 13 11 13 12 27 12 7 13 12 6 27 27 12 29 29 12 11
split_gain=28.9936 25.7568 23.4274 12.6502 12.3273 26.8379 14.897 13.0674 13.0231 13.7363 14.7119 12.1145 10.4222 11.0071 13.1202 10.6288 10.3034 33.8529 18.0344 11.7656 11.7096 22.3056 10.2654 9.28821 9.17429 9.11978 11.1559 8.82001 9.50252 8.79082 13.6734 8.62448 13.0634 8.57343 8.2457 7.95073 10.3867 12.3434 15.6245 8.55442 7.76005 26.6189 12.1022 7.4924 7.2975 7.20951 7.05884 7.41386 6.89354 10.5433 9.39008 7.14958 6.83761 12.9599 9.1123 10.3693 9.69963 8.37999 8.06153 9.04668 7.53462 13.5469 10.7518 14.9184 9.50263 7.31155 8.27769 6.93023 6.92026 12.8407 6.4757 6.30393 7.68024 6.12234 6.02055 7.01037 6.95603 6.004
threshold=-0.60785761475563038 0.023648678325116638 -0.6305401325225829 0.99736112356185924 -0.0061829790938645593 0.9279436767101289 2.2768131494522099 -0.56174489110708226 0.31983546912670141 -0.025985304266214367 0.40591278672218328 -0.024288526736199852 0.81174489855766307 0.025883889757096771 0.39271505177021032 0.01544952765107155 0.81174489855766307 0.037060856819152839 0.026928794570267204 -0.93854415416717518 1.0000000180025095e-35 18.583597183227543 2.9218074083328252 61.500000000000007 0.74878805875778209 1.0000000180025095e-35 0.78661888837814342 -6.426792860031127 -0.09801131114363669 0.36043377220630651 18.087781906127933 0.33172981441020971 0.23457967489957812 -0.72982063889503468 0.23072670400142672 0.25015376508235937 -0.059950426220893853 0.22706275433301928 0.01946341618895531 -1.0000000180025095e-35 6.0454633235931405 -0.16288578510284421 -0.71473535895347584 -0.8160395324230193 0.61711502075195324 0.035534523427486427 10.614531040191652 0.099168177694082274 0.81174489855766307 -0.011194705031812189 21.250223159790043 -0.0097201364114880544 0.073412269353866591 0.036723667755723007 0.15000000223517421 0.5927259922027589 -0.87137606739997853 17.500000000000004 -0.50938662886619557 0.0065660600084811458 1.0000000180025095e-35 0.04625965282320977 0.073393300175666823 -0.025985304266214367 0.021916427649557594 0.66746801137924205 0.0093130865134298819 12.81783962249756 0.0051560460124164828 -0.025721245445311066 2.2951668500900273 0.22706275433301928 -0.50938662886619557 -0.008450457360595463 0.87837970256805431 1.0000000180025095e-35 -0.014542859978973864 0.041415359824895866
decision_type=2 2 2 10 2 2 2 2 2 2 2 2 2 2 2 2 2 2 2 2 2 2 2 2 2 2 2 2 2 2 2 2 2 2 2 2 2 2 2 2 2 2 2 2 2 2 2 2 2 2 2 2 2 2 2 2 2 2 2 2 2 2 2 2 2 2 2 2 2 2 2 2 2 2 2 2 2 2
left_child=44 3 16 24 8 6 12 -7 9 22 11 -11 13 14 34 -16 18 -18 19 33 40 -22 -5 25 -2 -21 43 -25 -29 30 -19 -12 -33 -3 74 36 37 38 -4 -39 42 -42 -20 -27 -1 -44 -47 -48 50 51 -37 -50 54 57 55 56 73 58 -54 -60 62 77 63 -58 -64 -56 -67 -55 -65 -70 -10 72 -51 -38 75 -6 -77 -62
right_child=1 2 35 4 5 7 -8 -9 70 10 31 -13 -14 -15 15 -17 17 29 20 23 21 -23 -24 27 -26 26 -28 28 -30 -31 -32 32 -34 -35 -36 48 52 39 -40 -41 41 -43 45 -45 -46 46 47 -49 49 71 -52 -53 53 67 65 -57 60 -59 59 -61 61 -63 64 68 -66 66 -68 -69 69 -71 -72 -73 -74 -75 -76 76 -78 -79
leaf_value=-0.031351921743916385 -0.0012243151302925911 0.028858030482167046 0.0020329957556283304 0.011902441007026174 -0.00090702500699306866 -0.00044102739914676531 0.008754365276776345 0.024711422950678887 0.010249503825881577 -0.016231499398142599 -0.030065231246337868 0.0064603804648086316 -0.017822609898494084 -0.017352091237452117 -0.018620831155699912 0.0041616326409697714 -0.017829323428330095 0.013670966544422158 -0.017259106755034091 -0.013827091815628759 -0.021801100525793704 0.012895916306122352 -0.013447367620108163 -0.0015035912967740987 0.015115338537635874 -0.017746778601670125 0.016566698812365256 0.026520604572663115 0.0054859648089683587 -0.00019710811505226604 0.036171929182627752 -0.002149225245506627 -0.028824834811477757 0.010056717770838195 -0.0072994165592495733 0.0018615366770862933 0.016283363338177669 -0.029346651382229791 -0.023754459670509147 -0.0089255054780737805 0.029241280805226266 -0.009424713030276333 0.016087125652268861 0.0028982814032691303 -0.0092519673145724964 -0.017048032064539594 0.017448391941441533 -0.004730876973426109 0.0057824416904781713 0.013360842865654634 -0.0097287641204252245 -0.011893380771893671 0.0069642490656092494 0.014711834396420351 0.002392212896322062 0.0034598543038789451 0.016593699450971774 -0.019802034388549862 0.0025698076960529526 -0.022382380125629563 -0.013484741105510808 0.016294105209132884 -0.018776605294151382 -0.015811188933024672 0.0010564154274303658 0.021818119344011899 0.0021033404123413195 -0.0012147945078420275 0.018057258016783911 -0.0086148747838995111 -0.0089682440489392817 0.018276660860375587 -0.0063767321796568141 -0.0028696523119037497 -0.0032083888567234486 0.0041381347319548239 0.02484220634975309 0
leaf_weight=64.317728174850345 186.41916034184396 75.298649754375219 367.54749772511423 70.545672856271267 74.300426699221134 67.303756855428219 132.59531538560987 96.833275072276592 84.816664736717939 96.853607665747404 153.26733510941267 86.854588460177183 158.2993381395936 120.49366256222129 141.97072803974152 53.317612536251545 65.868403529748321 303.28053174354136 77.853556672111154 81.576533883810043 128.48213373124599 48.821566585451365 54.882922053337097 84.357908044010401 105.70696171186864 48.64257276058197 82.641672722995281 86.558567311614752 106.87428430281579 53.864373937249184 73.725389923900366 96.534930687397718 64.47605300322175 200.54036821611226 138.02560791373253 1662.1450457852334 74.98470176383853 56.855887906625867 51.549611989408731 209.63153961114585 71.58292037434876 66.125362860038877 59.725109944120049 105.71555774286389 81.230444122105837 42.162967305630445 45.893603341653943 74.327286699786782 106.01257783360779 89.040204897522926 153.4119137134403 77.404393002390862 72.191327955573797 60.443427469581366 455.55610694549978 781.20770404860377 64.08301867544651 128.44958399422467 46.126361649483442 65.123539406806231 94.614734115079045 80.55209301225841 220.56153619289398 108.61344820261002 57.809158220887184 101.33566720411181 87.525712782517076 429.98860654421151 47.112867066636682 131.39233129844069 55.494169075042009 159.76514944061637 65.375092711299658 52.744621841236949 97.16336503252387 72.156235557049513 76.465432491153479 199.78492200933397
leaf_count=784 5887 743 4961 694 731 642 1273 918 839 906 1498 792 1644 1040 1524 472 790 3545 813 951 1514 452 512 1043 3168 508 982 969 1338 594 663 905 610 2452 1350 20106 946 530 647 2448 903 668 637 1151 988 554 576 969 1378 912 1978 1010 853 809 5407 9489 802 1611 554 820 1134 961 2731 1308 656 1266 1100 4982 565 1535 489 1683 711 618 938 660 821 2715
internal_value=0 0.000219261 0.00139514 -0.00404799 -0.00535454 -0.00246811 -0.00515081 0.0143475 -0.00989776 -0.0127115 -0.016077 -0.0053362 -0.00721035 -0.00489473 -0.00242973 -0.0121983 0.00570318 0.0113995 0.00374182 0.00794344 -0.00215154 -0.0119029 0.000359365 0.00418764 0.00465049 -0.000980624 0.00339823 0.0102161 0.0154995 0.0161054 0.0185397 -0.0220532 -0.0135757 0.0157096 0.00169998 4.0617e-05 -0.00116687 -0.0062505 -0.00122233 -0.01384 0.00176193 0.0105938 -0.0022201 -0.00358952 -0.0199333 0.00305222 -0.00172615 0.00363868 0.00217193 0.00690355 0.000835722 -0.00151344 -0.000108819 -0.00377286 0.00102562 -0.000528554 -0.00332586 -0.0109644 -0.00421942 -0.0118892 -0.00486189 0.000118112 -0.00788643 -0.00237718 -0.0145295 0.00568987 0.0131723 0.000754765 -0.00695226 -0.00106163 0.0022722 0.011927 0.00474777 0.00816042 0.00577422 0.00989156 0.0154894 -0.00430689
internal_weight=0 10627.6 8342.86 2284.78 1992.65 1228.92 1064.79 164.137 763.726 623.415 497.987 183.708 932.192 773.893 653.399 195.288 1983.92 496.739 1487.18 872.206 614.975 177.304 125.429 596.367 292.126 318.576 237 277.791 193.433 430.87 377.006 314.278 161.011 275.839 458.111 6358.94 4045.79 685.585 419.097 266.487 437.671 137.708 299.963 154.358 145.548 222.109 162.384 120.221 2313.15 497.597 1815.56 183.417 3360.2 802.323 2557.88 1913.46 1132.25 311.891 183.441 111.25 1004.52 374.952 629.572 351.202 278.371 644.417 188.861 490.432 287.119 178.505 140.311 314.18 154.415 127.729 320.085 222.922 148.622 294.4
internal_count=130126 128354 100041 28313 19258 12013 10453 1560 7245 5917 4711 1698 9180 7536 6496 1996 22815 5592 17223 10137 7086 1966 1206 6942 9055 3592 2641 3350 2307 4802 4208 3013 1515 3195 4500 77226 49448 8586 5608 2978 5120 1571 3549 1659 1772 2736 2099 1545 27778 5694 22084 2388 40862 9629 31233 23460 13971 3838 2227 1374 12407 4810 7597 4210 3387 7773 2366 5791 3408 2100 1328 3306 1623 1564 3150 2212 1481 3849
is_linear=0
shrinkage=0.0454652


Tree=14
num_leaves=79
num_cat=0
split_feature=29 21 28 29 13 22 13 23 21 13 10 13 20 29 13 8 29 23 13 20 22 20 13 0 28 20 21 28 8 22 6 33 13 28 6 6 13 21 21 5 10 18 6 28 21 21 21 18 22 29 5 13 29 21 29 28 13 13 18 5 5 29 0 5 31 6 18 13 13 28 13 23 6 0 28 20 28 0
split_gain=29.6593 18.3459 31.1855 28.7455 22.9122 31.7751 30.7679 23.9237 18.4486 17.3974 15.9817 14.5718 12.4502 13.6661 18.2569 12.2432 12.1682 11.2265 14.1497 13.2106 11.9269 11.1998 14.1114 11.0958 13.6334 12.3196 13.9426 11.7261 10.8711 10.7808 9.99965 9.89671 9.36495 11.2163 9.51814 14.9018 19.012 14.3523 11.7088 9.06105 8.75578 8.7342 8.52829 8.46078 11.3049 8.27011 15.6916 10.2365 7.66872 7.6216 7.59872 11.6972 25.7581 17.127 15.2063 11.3361 10.6468 9.90539 9.51511 9.36245 8.85182 12.8604 7.56076 7.51742 13.3452 19.1342 11.0266 12.2034 15.2772 16.6641 11.9214 11.1226 9.68931 11.5293 9.46379 10.6851 9.56732 7.36467
threshold=-0.60785761475563038 7.7278711795806894 -0.83743050694465626 -1.0000000180025095e-35 -0.025409232825040814 -0.29450400173664087 -0.01319830399006605 0.65869078040122997 -0.056693462654948228 0.037312144413590438 0.30352327227592474 -0.097032949328422533 -0.93898788094520558 -1.0000000180025095e-35 -0.019535463303327557 0.95929205417633068 0.87837970256805431 0.81480157375335704 0.073440685868263259 3.1656370162963872 0.12284208834171297 2.9218074083328252 -0.050489019602537148 0.74687191843986522 -0.54643493890762318 0.65323644876480114 5.0090112686157235 0.4904943853616715 1.6612407565116885 -0.99049416184425343 6.6442332267761239 0.90112781524658214 0.030273389071226123 -0.65106672048568714 7.6766200065612802 5.4250378608703622 0.086854849010705962 11.799627780914308 14.801374912261965 1.2309842705726626 0.03827123902738095 70.500000000000014 -0.92431014776229847 0.75894212722778331 -0.67684435844421376 1.5274306535720827 -0.48307038843631739 80.500000000000014 -0.29450400173664087 0.6078576147556306 0.65118247270584118 0.046925542876124389 1.0000000180025095e-35 0.66642057895660411 0.87837970256805431 0.66746801137924205 0.01175562432035804 0.030273389071226123 19.500000000000004 -0.58191192150115956 2.4815849065780644 1.0000000180025095e-35 0.8753192424774171 -2.933173298835754 1.0000000180025095e-35 -3.0822824239730831 27.500000000000004 -0.00042833694897126401 0.017803588882088665 -0.010907442308962435 0.02925969380885363 0.93039587140083324 -3.0822824239730831 0.99959295988082897 0.26932403445243841 1.8274253010749819 -0.7866188883781432 0.81947582960128795
decision_type=2 2 2 2 2 2 2 2 2 2 2 2 2 2 2 2 2 2 2 2 2 2 2 2 2 2 2 2 2 2 2 10 2 2 2 2 2 2 2 2 2 2 2 2 2 2 2 2 2 2 2 2 2 2 2 2 2 2 2 2 2 2 2 2 2 2 2 2 2 2 2 2 2 2 2 2 2 2
left_child=-1 4 9 28 5 8 7 -6 11 -3 15 -2 13 -9 49 31 48 18 19 23 63 22 -7 30 45 27 -27 -26 -4 41 50 -5 -33 -34 35 36 -35 -36 -39 77 62 -13 -29 44 -14 46 -25 -47 -11 -15 51 53 -53 54 56 57 58 60 -8 -55 61 -52 -31 64 72 -66 70 71 69 -69 -65 -68 73 -19 75 76 -70 -24
right_child=1 2 3 10 6 21 17 12 -10 16 -12 29 43 14 -16 -17 -18 20 -20 -21 -22 -23 39 24 25 26 -28 42 -30 40 -32 32 33 34 37 -37 -38 38 -40 -41 -42 -43 -44 -45 -46 47 -48 -49 -50 -51 55 52 -54 59 -56 -57 -58 -59 -60 -61 -62 -63 -64 66 65 -67 67 68 74 -71 -72 -73 -74 -75 -76 -77 -78 -79
leaf_value=-0.019867500911415328 -0.011800869795411856 0.011312273436313835 -0.010209526230665674 -0.00021341169976125924 -0.023178180856202268 -0.007076444111813603 -0.014912083403581496 -0.016597897114433869 -0.0090519680128144601 0.0048132849270708152 -0.006100006951322413 0.010863048631861201 -0.022640222289213748 0.029482229656230877 -0.0049920614469838691 0.0040642066342997732 -0.034211955819270445 0.016326943849876232 -0.018293161618604177 -0.0084159564892933615 0.00060290195962802936 -0.013854345312496234 -0.014191116764341484 -0.0070270592754731404 0.014219100902775174 0.029144568103459292 0.00040646356268507407 0.0050953751529598974 0.011644657030173757 0.010550547721049967 0.016558664063535733 0 0 0.035242592632610266 0.035831235457636432 0.00012470514267407475 0.0024840857354087079 0.0059397984289620313 0.031298253502634092 0.015367009367421951 0.0065329715047441391 0.033962376543044008 -0.016005078444226224 0.0071427500852580747 -0.0061792058942818423 -0.01617077650077383 0.02398491193724734 0.0060247674324667164 -0.014686090087453389 0.0057940652884586738 0.0033454555299292687 0.029571553740734394 -0.011280800220421478 -0.022009483718897993 0.020213944063480576 -0.0042041450529441381 -0.018165251565343352 -0.002591624462785823 0.0083353636209905664 -0.0044756732050794607 0.0025881336241616081 0.036170438151698257 0.029896725272266618 -0.0074978422164190426 -0.002321409590231565 0.029537772629242637 -0.024429043150144415 -0.0024643890487137179 -0.0098716705208822964 0.018879303053374211 -0.027427713608263127 -0.002991491566689855 -0.015483416490838026 -0.0069213407991154594 -0.017380821831385177 -0.012933345247485231 0.010071292139616604 0.0033729793440025373
leaf_weight=148.64979613944888 53.501594452187419 62.641312908381224 228.72337979450822 75.603059420362115 202.90420080535114 382.32961140945554 44.876237209886312 69.076209934428334 107.13288814760745 54.442363826557994 107.92266237549484 84.872113591060042 149.76159430295229 59.880004949867725 149.84732693992555 326.7755049020052 49.727772003039718 62.931235702708364 65.646725408732891 203.82668254338205 1493.5562664549798 144.52963905781507 51.966108895838261 62.319100070744753 189.31964171491563 131.49334174208343 51.840845104306936 108.13842395506799 53.474085384979844 149.10320181958377 73.521418808028102 62.672738529741764 60.779801774770021 89.30158132687211 151.24041367322206 116.35911475121975 66.927420195192099 114.71322808787227 59.384966541081667 115.17816757410765 662.31214154139161 74.089895498007536 56.076352246105671 43.071046473458409 233.04280427284539 98.013473577797413 62.203582022339106 67.186611225828528 125.11766054108739 65.727734683081508 44.72869492881 60.259131997823715 57.890904374420643 145.24601575359702 64.937937900424004 179.26936552301049 71.609227424487472 77.64410343952477 132.59365969710052 127.62508727237582 71.338781779631972 66.489348849281669 68.771434385329485 202.97119010053575 87.149288406595588 62.21290778927505 101.75229923427105 173.59654874168336 68.429809032008052 124.51547436788678 96.261727338656783 108.5571039672941 115.59270006977022 123.39661988802254 122.09499010629952 125.56296333856881 146.90017433091998 386.0544563382864
leaf_count=1837 879 846 2876 2255 2432 5197 620 730 1301 538 1186 1078 1810 728 1776 3641 548 736 766 2249 18088 1691 713 758 1979 1373 568 1122 686 1950 957 612 519 772 1425 1055 541 993 602 1400 8422 892 617 561 2901 963 670 760 1422 731 615 863 921 2007 908 2489 1007 1065 1922 1719 861 830 721 2387 1122 760 1199 2248 872 1350 1133 1339 1285 1447 1362 1500 1764 4649
internal_value=0 0.00031108 0.00448213 0.00712414 -0.00054266 0.00336771 -0.00192234 -0.00936203 0.00845654 -0.00896313 0.010132 0.010245 -0.00555718 0.00074234 0.00544429 0.0117506 -0.0148124 -0.000598055 0.00180305 0.00244356 -0.00234131 -0.00225079 -0.000353804 0.00356457 0.0076231 0.0118876 0.0214646 0.00659632 -0.00579087 0.0114686 0.000754141 0.0148044 0.0164379 0.0180267 0.0199069 0.0129401 0.0219343 0.0253631 0.0153826 0.00422267 0.00932464 0.0225097 -0.0020338 -0.0107255 -0.0129163 -0.000168593 0.00835504 -0.00692818 -0.00853273 0.0180358 -0.000273931 -0.00323213 0.0094477 -0.005915 0.00119644 0.00434797 -0.00381515 0.0103986 0.0019849 -0.0141718 0.0161206 0.0239785 0.0173147 -0.0049187 1.70238e-05 0.0110639 -0.00670438 -0.00424803 -0.00146879 0.00642373 -0.0143531 -0.0138588 -0.00536328 0.000856289 -0.00666686 -0.00252773 0.00344549 0.00106699
internal_weight=0 10588.5 1805.81 1513.88 8782.73 2279.84 6502.89 973.311 1199.78 291.929 1231.68 1092.65 770.407 344.531 275.455 1123.76 229.288 5529.58 2314.09 2248.45 3215.48 1080.06 935.528 2044.62 826.591 536.869 183.334 353.534 282.197 1039.15 1218.03 796.982 721.379 658.707 597.927 272.588 156.229 325.339 174.098 553.199 880.187 158.962 164.215 425.875 382.804 289.723 124.523 165.2 179.56 125.608 1144.51 705.038 118.15 586.888 314.017 439.47 249.079 260.201 177.47 272.871 182.557 111.218 217.875 1721.93 451.283 149.362 1270.64 971.409 761.1 298.112 299.233 210.309 301.921 186.328 462.988 340.893 215.33 438.021
internal_count=130117 128280 20517 17163 107763 28893 78870 11669 15243 3354 13601 13942 9237 3965 3235 12415 2508 67201 28609 27843 38592 13650 11959 25594 8810 5659 1941 3718 3562 13063 16784 8774 6519 5907 5388 2368 1313 3020 1595 6762 11093 1970 1739 5272 4711 3151 1428 1723 1960 1459 15827 9967 1784 8183 4457 5860 3549 3371 2542 3726 2306 1445 2671 20504 5350 1882 15154 11634 9096 3598 3520 2538 3468 2183 5498 4136 2636 5362
is_linear=0
shrinkage=0.0454652


Tree=15
num_leaves=79
num_cat=0
split_feature=29 11 27 13 16 5 11 21 11 27 13 30 29 16 13 21 13 5 29 16 30 31 16 27 13 21 7 27 5 11 13 13 29 17 20 1 9 27 9 17 20 21 21 13 21 7 13 13 30 13 11 17 11 13 5 21 20 25 20 21 7 31 21 7 30 30 30 27 9 27 13 21 11 17 5 29 27 8
split_gain=24.8941 21.2043 16.3673 26.8259 15.831 13.2448 19.1531 20.4591 16.5856 24.7446 12.8659 14.5694 11.9628 19.2944 18.7526 13.4098 11.9007 10.2802 10.1273 10.158 12.5109 10.7715 9.96259 17.9239 13.7997 10.3654 14.8344 9.45096 17.4573 12.6073 11.1104 21.1558 11.3704 12.7924 9.4268 9.23433 9.0555 8.79503 8.0969 7.93581 7.72757 7.72245 7.63936 7.48303 7.38074 7.3614 11.3426 7.03327 13.6026 13.1648 6.90238 6.84308 7.11252 6.7752 9.84005 6.59152 6.5902 6.32092 6.1949 16.0058 8.96989 11.905 11.3538 9.62498 8.7655 12.9045 7.25025 13.8187 8.24551 9.64735 6.60904 8.56739 6.10715 6.09175 7.20438 8.30747 8.19743 6.84242
threshold=-0.60785761475563038 0.020291220396757129 0.9015902876853944 0.015823861584067348 0.53825700283050548 0.50113943219184887 0.1364923641085625 10.063014507293703 0.15537108480930331 -0.50938662886619557 -0.01319830399006605 1.0000000180025095e-35 1.0000000180025095e-35 0.093649562448263182 0.058225020766258247 -10.065966129302977 0.025883889757096771 6.8725767135620126 1.0000000180025095e-35 0.3944831937551499 1.0000000180025095e-35 1.0000000180025095e-35 0.33552061021327978 0.26932403445243841 -0.062909260392189012 -7.5253071784973136 -8.3538513183593732 -0.2693240344524383 -5.3471486568450919 0.067207597196102156 0.025883889757096771 -0.012675095349550245 0.6078576147556306 56.500000000000007 5.3757774829864511 0.49816292524337774 0.29646562039852148 -0.92794367671012867 0.12226733565330507 46.500000000000007 2.9218074083328252 -2.0181144475936885 1.0000000180025095e-35 -0.020121152512729164 -1.4564381837844846 10.775326251983644 0.058984497562050826 -0.0087066902779042703 -0.56174489110708226 -0.020121152512729164 0.036140847951173789 82.500000000000014 0.0093446979299187678 0.010105659253895284 -0.89792954921722401 -2.694278240203857 0.28241042792797094 0.30573479831218725 2.7406904697418217 2.2173926830291752 16.259444236755375 1.0000000180025095e-35 4.6029441356658944 11.302720546722414 0.81174489855766307 1.0000000180025095e-35 0.81174489855766307 0.83743050694465648 0.11668682843446733 0.63435554504394542 0.049692569300532348 7.6051621437072763 0.0081075169146060961 28.500000000000004 2.6693212985992436 -1.0000000180025095e-35 0.77296444773674022 -2.1272306442260738
decision_type=2 2 2 2 2 2 2 2 2 2 2 2 2 2 2 2 2 2 2 2 2 2 2 2 2 2 2 2 2 2 2 2 2 2 2 2 2 2 2 2 2 2 2 2 2 2 2 2 2 2 2 2 2 2 2 2 2 2 2 2 2 2 2 2 2 2 2 2 2 2 2 2 2 2 2 2 2 2
left_child=41 2 4 40 18 6 22 12 58 17 11 -6 13 -8 15 -14 -12 -10 37 20 53 42 23 35 -25 36 39 29 -29 30 31 -24 -33 -34 -11 -3 -26 -2 -28 -27 57 -1 44 -40 -21 -31 -47 49 -49 -37 -50 72 -53 54 -20 -22 -48 -4 60 -60 62 -62 63 73 65 -64 68 70 69 -61 71 -68 -39 77 76 -76 -75 -7
right_child=1 5 3 -5 10 8 7 -9 9 34 16 -13 14 -15 -16 -17 -18 -19 19 21 55 -23 27 24 25 26 38 28 -30 45 -32 32 33 -35 -36 47 -38 51 43 -41 -42 -43 -44 -45 -46 46 56 48 50 -51 -52 52 -54 -55 -56 -57 -58 -59 59 66 61 -63 64 -65 -66 -67 67 -69 -70 -71 -72 -73 -74 74 75 -77 -78 -79
leaf_value=-0.033204512435703291 -0.026172077882659281 0.017041401862359421 -0.0038771284972987821 0.030606832385369157 -0.030538439912988245 -0.0087087963507630779 -0.0061297736928069314 0.03045631238262313 0.020407519980961786 -0.019582449697667835 -0.0052201985939110953 0 -0.002187877140197355 0.025734561040996123 -0.023452631420518417 0.026752294717825635 -0.026751620146656808 -0.0039314018814021459 0.018819669455830201 0.0057051997619478921 -0.023055905113489455 -0.0047209567230833372 -0.026399927550488093 -0.023359314068260334 -0.021858272124476129 -0.0012049289861665079 -0.016775860934372264 0.017410285336835959 -0.0027592580086230429 0.012178694699853273 -0.021285562758160181 -0.0090317673899761152 -0.0019880788641766082 0.026711001715345573 -0.0020436362186422538 0.0045113091313488934 0 -0.020908060593693992 0.01272882262400433 0.017241431371209572 -0.018979334905523674 -0.0097655273867930971 0 -0.0070976966679621558 0.031801613981684143 -0.013553873234812861 0.017487757839669542 0.025945139236957314 0.014036459328644606 -0.011587102903722659 -0.007859041827324208 0.017210931288273754 -0.0069857314284984323 -0.0084150438939031257 -0.0034772335243308636 0 -0.0045265015803014003 0.011846131877107402 -0.0085445526719109509 0 0.021282062286733204 -0.0011477170115840412 -0.00095858697792784015 0.021538935505667701 0.010589244338716938 -0.024047962278889379 -0.00056237078752408715 0.026008570124969342 0.0038419667897056915 -0.019651634622591081 -0.0052670002774001974 0.018696395613563722 -0.0022620445977920471 0.0017587031428896354 -0.0024338463420110422 0.017231596549203976 0.014520229929880715 0.0039074142508445462
leaf_weight=48.014680091291666 45.442052943632007 117.17279074899852 133.38126341253519 63.739490767940879 115.29790053889155 105.91125906445086 59.356649361550808 68.13897012732923 78.309559943154454 177.41080258972943 553.41290910355747 46.014337288215756 121.79217882268131 95.244156366214156 61.667342742905021 39.945289954543114 57.065335728228092 56.499415129423141 83.108826037496328 43.853631060570478 71.607101669535041 69.533219730481505 81.743439676240087 68.437408359721303 84.33400471508503 68.086045727133751 86.72673656232655 90.458947850391269 1351.8458830565214 72.008702740073204 172.49366097338498 141.83853364549577 73.300158364698291 48.824364854022861 109.13756594993174 457.98782985657454 72.031871916726232 63.029817184433341 58.14069451764226 126.77298714779317 39.52751044742763 99.493609687313437 43.842682572081685 102.82785936072469 65.277326326817274 119.94220970384777 51.947159906849265 71.563235819339752 45.632535837590694 131.29475781880319 69.071924064308405 45.322029644623399 44.291963981464505 64.56445099785924 69.252628393471241 41.594195595011115 48.534901458770037 79.889450278133154 257.51178434118629 205.66549116373062 149.21501806378365 65.376177944242954 225.02625119127333 78.03398197889328 74.589836614206433 62.321726933121681 85.662611003965139 76.719540340825915 986.99281844869256 65.431807812303305 91.938180411234498 91.3484489582479 96.67572420835495 489.3048755954951 48.454343242570758 230.57776341401041 133.07371453568339 437.9179313480854
leaf_count=602 625 1656 1771 586 1343 1242 945 888 850 2072 6841 661 1862 1212 597 575 650 865 1020 558 839 753 889 1063 913 912 984 1088 16318 926 2137 1796 772 554 1147 5595 808 899 652 1523 539 1207 601 1152 805 1374 589 991 576 1599 913 581 531 740 864 612 509 1048 2945 2556 1659 693 2820 949 826 785 1026 728 11758 780 745 895 1309 5771 501 2715 1556 5467
internal_value=0 0.000147625 -0.00414302 0.0051811 -0.00600431 0.00111588 -0.00068021 0.00817063 0.00287158 -0.00562006 -0.010709 -0.0221599 0.00374308 0.0133505 -0.00281136 0.00514847 -0.0074767 0.0100401 -0.00163124 0.00193064 -0.00301361 0.00940363 -0.00173622 0.00103082 -0.00455073 -0.00217692 0.00130181 -0.00367231 -0.00141493 -0.00760161 -0.0118337 -0.00678455 -0.000218351 0.00959229 -0.0131929 0.00525944 -0.0121091 -0.00840756 -0.00591874 0.0106585 -0.00142454 -0.018406 0.0160903 0 0.0223301 0 -0.00418404 0.00333684 0.0109566 0.000787221 0.000624094 -0.00460748 0.0049479 0.00321567 0.00854713 -0.0150628 0.0066265 0.0019002 0.00379203 0.00183672 0.00549511 0.0143319 0.0044346 0.00616131 -0.0026869 -0.00640063 0.00355143 0.00938053 0.00188601 -0.00500914 0.00414042 0.00930452 -0.0102567 0.00523898 0.00753602 0.0136585 0.00464207 0.00131475
internal_weight=0 10577.3 1935.72 316.538 1619.19 8641.59 4259.16 446.145 4382.43 421.357 771.79 161.312 378.006 154.601 223.405 161.737 610.478 134.809 847.396 552.634 330.127 222.507 3813.02 1560.08 667.358 598.92 442.554 2252.94 1442.3 810.633 518.2 345.706 263.963 122.125 286.548 892.723 156.366 294.762 247.695 194.859 252.798 147.508 152.974 160.969 109.131 292.433 220.424 775.55 186.268 589.283 114.704 249.32 89.614 216.926 152.361 113.201 100.482 213.271 3961.07 1861.27 2099.8 214.591 1885.21 1523.27 361.938 287.348 1603.76 345.669 1258.09 271.097 268.949 177.011 159.706 1445.24 901.411 279.032 622.379 543.829
internal_count=129704 127895 24176 3944 20232 103719 52368 6079 51351 4934 9495 2004 5191 2157 3034 2437 7491 1715 10737 6792 4075 2717 46289 19337 8007 6944 5223 26952 17406 9546 6148 4011 3122 1326 3219 11330 1721 3945 2788 2435 3358 1809 1964 1804 1363 3398 2472 9674 2480 7194 1489 3320 1112 2624 1884 1451 1098 2819 46417 21433 24984 2352 22632 18201 4431 3605 18488 3394 15094 3336 2666 1921 2208 17252 10543 3216 7327 6709
is_linear=0
shrinkage=0.0454652


Tree=16
num_leaves=79
num_cat=0
split_feature=11 27 3 22 5 14 16 12 14 5 3 3 3 27 23 22 3 23 16 3 1 16 16 3 11 12 30 11 0 30 10 27 0 0 10 3 3 12 27 12 5 5 3 3 11 3 16 16 33 10 27 3 23 11 16 11 27 11 30 8 23 10 23 10 10 30 3 27 12 3 14 27 4 23 23 12 12 5
split_gain=18.9695 18.9024 16.453 16.3326 17.9467 15.8622 14.6557 14.4562 13.6466 12.8086 12.2932 9.66361 19.6542 8.62247 8.23561 9.98864 11.4977 7.9704 15.1228 12.1749 7.93399 7.85931 7.48074 7.23683 12.3996 16.8132 18.3774 15.2447 12.7169 11.4833 17.5595 19.8133 15.8448 12.8158 12.9996 20.5052 12.4794 17.7059 13.92 21.1697 13.135 14.8803 11.7869 14.0255 18.5359 13.8571 10.8986 11.707 10.938 10.854 10.5025 21.6962 17.6234 16.2881 16.8384 16.2025 17.29 16.1937 12.9888 20.8451 11.8829 13.1893 11.4878 13.668 10.3896 10.3807 12.751 10.3345 9.47826 12.0767 9.42735 10.9953 9.97625 9.27843 9.20789 9.12786 8.79411 8.56927
threshold=0.020291220396757129 0.91080963611602794 0.75290206074714672 -0.93854415416717518 0.07923698797822 -12.453411579132078 0.54262784123420726 0.11223202198743822 -13.641555786132811 3.1756738424301152 0.44579280912876135 0.42908270657062536 0.35826425254344946 -0.39271505177021021 0.4734302163124085 0.39337015151977545 0.77924609184265148 0.71290576457977306 0.34849013388156896 0.52314314246177684 0.90270650386810314 0.46432477235794073 0.94198539853096019 0.28430086374282842 0.18780584633350375 0.028097536414861683 0.81174489855766307 0.12076286226511003 0.67818695306777965 0.81174489855766307 0.21903480589389804 0.054511256515979774 1.0907947421073916 1.1491329073905947 0.048271570354700095 0.4736775010824204 0.39967077970504766 -0.033705474808812134 0.74455857276916515 -0.0012765475548803804 1.1921598315238955 3.6757974624633794 0.59242457151412975 0.44103322923183447 0.070279505103826537 0.72657498717308056 0.83961057662963878 0.12220612168312074 1.0013927817344668 0.1183908022940159 0.20576497167348864 0.53048458695411693 0.63674205541610729 0.10381038486957551 0.83281388878822338 0.046898368746042259 0.97381904721260082 0.054804567247629173 1.0000000180025095e-35 0.92047035694122326 0.90006545186042797 0.081764042377471938 1.2703772187232973 0.040365723893046386 0.20854555815458301 1.0000000180025095e-35 0.23364611715078357 0.71473535895347606 -0.027979967184364792 0.6147620975971223 -17.58487510681152 -0.81279832124710072 -0.071581687778234468 0.89690122008323681 0.90977710485458385 0.022553864866495136 -0.0063611366786062709 -2.3990076780319209
decision_type=2 2 2 2 2 2 2 2 2 2 2 2 2 2 2 2 2 2 2 2 2 2 2 2 2 2 2 2 2 2 2 2 2 2 2 2 2 2 2 2 2 2 2 2 2 2 2 2 8 2 2 2 2 2 2 2 2 2 2 2 2 2 2 2 2 2 2 2 2 2 2 2 2 2 2 2 2 2
left_child=1 6 9 4 5 13 8 14 20 10 -3 12 -6 -2 -8 -16 -17 18 -10 -20 -1 -12 -13 24 25 26 28 -28 -5 36 31 46 -32 34 35 -33 37 -25 70 -40 75 -42 43 44 -36 -44 47 -31 68 -48 -38 53 -53 57 -55 56 62 58 59 -52 61 -59 63 -54 -57 66 -30 -46 69 -49 -39 -72 77 -56 -65 -41 -68 -73
right_child=3 2 -4 23 11 -7 7 -9 17 -11 21 22 -14 -15 15 16 -18 -19 19 -21 -22 -23 -24 29 -26 -27 27 -29 65 30 32 33 -34 -35 42 -37 50 38 39 40 41 -43 45 -45 67 -47 49 48 -50 -51 51 52 55 54 73 64 -58 60 -60 -61 -62 -63 -64 74 -66 -67 76 -69 -70 -71 71 72 -74 -75 -76 -77 -78 -79
leaf_value=-0.029318374918913735 0.029268467639712071 0.0015632549424245922 -0.017047441637676186 -0.0029037427078922652 0.0079468690630126564 -0.0069804402010654664 0.0041670537861363335 0.013724200866332494 -0.022095066502427936 -0.0093527071507697838 0.011822475884030506 0.011279626033348542 0.042219341014367841 0 -0.016203175845248698 0.0062288319188032858 -0.020180849818463575 0.0031755821605824932 0.020987070869749623 -0.007634826977797376 -0.0041957897499727776 0.036836669336707935 -0.0069776007762023069 -0.018985292263154787 -0.018185887316514725 0.025527037691382592 -0.025173163207454916 0.0054811094444774311 0.023144877802043936 0.010743825253961625 0.023336010141399716 0.025531606594277063 0.00016149346749435 0.021358604463543963 -0.020010393888872546 -0.0082553568510441797 0.0018702973251253276 0.010340625882457918 0.022727832331304789 -0.027607322676050539 0.019783891461924927 -0.010748941484783879 0.025069590038744163 -0.017637168831771289 0 -0.0048472027039774173 0.019155414004468154 -0.038941853743825895 0.0069726897554144131 -0.0049758028549345664 -0.0035020648003769605 -0.031749244550313263 0.012334004992353955 -0.020656727115164673 -0.0093635918936432264 -0.0053285453634510675 0.021728112442026694 -0.0081460494686937477 -0.017032977424017156 0.025422709247030162 0.027183350059822867 0.017606846144082339 0.016501511737137247 -9.0979945590666258e-05 -0.017911895800546227 0.03106038029216442 0.013868059967941132 0.028996626951417966 -0.0073374940514414526 -0.0099192462360041637 -0.029022919668062131 -0.01457581708422871 -0.011837518662949067 0.015841167123438814 -0.017323976057503045 0 -0.011577411625977646 0.0048835616761404559
leaf_weight=49.505494881421328 41.689989699050784 83.784985015168786 46.663956364616752 118.8727352079004 90.666233858093619 234.12396139279008 54.217482089996338 43.239592641592026 80.338995652273297 46.194997362792492 67.574302736669779 249.19131620787084 59.756669458001852 40.161810096353292 532.73008775524795 98.034069294109941 46.383031604811549 572.24559510871768 43.87338550761342 79.226773215457797 64.132783886045218 58.816466528922319 50.388520551845431 160.6455116532743 38.684624688699841 82.698489129543304 67.779440516605973 56.654311554506421 70.125031515955925 49.977919079363346 154.83378010988235 107.61566544510424 106.01172706857324 101.2335254624486 42.981139348819852 50.445831114426255 2906.9017813242972 56.318973140791059 93.096836786717176 49.967774583026767 74.03818984515965 51.494226006790996 61.67862581834197 118.24484770931304 49.443201998248696 55.856295704841614 63.30682316608727 59.791977930814028 50.016872702166438 82.088056409731507 162.85602648928761 51.088236037641764 64.582225939258933 98.371183605864644 48.965676700696349 409.2772153634578 68.543042365461588 64.421690436080098 66.226926850154996 69.39400246925652 106.15649918280542 94.276985922828317 52.003539463505149 117.41062400490046 217.21140991896391 59.542020030319691 42.745092786848545 46.189794523641467 178.26921221613884 73.574003834277391 45.982852712273598 56.708185540512204 298.78878623619676 62.986024072393775 154.29554172046483 49.117980003356934 65.034437984228134 197.47220369428396
leaf_count=795 562 1276 465 2164 946 2683 765 467 1028 577 803 2859 607 531 6624 1177 584 7122 531 979 826 612 466 2112 676 1214 902 704 1047 703 1613 1142 1064 990 703 601 35509 705 1209 629 1016 625 744 1384 568 582 557 509 1559 725 1957 624 654 1210 541 4168 670 724 868 776 1259 1183 498 1249 2432 733 619 599 1867 805 449 645 3704 718 1612 696 913 2392
internal_value=0 -0.00390412 0.00640221 0.00103108 0.00735897 -0.000806823 -0.00582144 -0.0103899 -0.00175837 0.0110582 0.0158648 0.0131558 0.0226339 0.0157766 -0.0119502 -0.0133296 -0.00224662 0.000367396 -0.00720359 0.00252905 -0.0161922 0.0246257 0.00799561 0.000415838 0.0051919 0.00700224 0.00352677 -0.0111062 0.00884022 1.79811e-05 0.00364416 0.00123931 0.0142494 0.00675024 0.00374042 0.0145112 -0.000860568 -0.00514427 -0.00273929 0.00494194 -0.00249074 0.00693875 -0.000785463 -0.00634391 0.0031771 0.0107658 -0.00494666 -0.00875061 -0.0116679 0.00544127 0.000141366 -0.00246548 -0.00647453 0.00335339 -0.00723235 -0.00512294 0.00129249 0.00741522 0 0.00522403 0.0155073 0.00691105 -0.00237925 -0.00560529 -0.00985649 0.0148712 0.00860931 0.0144805 -0.0148657 -0.0240565 -0.00654514 -0.00827308 -0.00625984 0.00445513 -0.0101657 -0.0147116 -0.000911818 0.000191366
internal_weight=0 1966.96 303.035 8768.27 765.979 315.976 1663.93 774.604 889.323 256.371 210.176 450.003 150.423 81.8518 731.365 677.147 144.417 775.685 203.439 123.1 113.638 126.391 299.58 8002.3 602.136 563.452 480.753 124.434 356.319 7400.16 1451.56 1190.71 260.846 633.689 532.455 158.061 5948.6 1133.63 972.986 317.715 224.618 125.532 374.394 256.859 138.614 117.535 557.025 411.63 361.652 145.395 4814.97 1908.07 1134.41 773.655 210.323 1083.32 456.835 563.332 298.477 232.25 264.855 158.699 388.292 336.288 626.489 237.447 177.905 95.633 311.635 133.366 655.271 598.952 552.969 111.952 271.706 99.0858 107.78 254.18
internal_count=129806 24631 3733 105175 8654 3776 20898 9617 11281 3268 2691 4878 1553 1093 9150 8385 1761 9660 2538 1510 1621 1415 3325 96521 8972 8296 7082 1606 5476 87549 16715 14038 2677 7313 6323 1743 70834 14182 12070 4175 2966 1641 4580 3254 1870 1326 6725 5443 4740 1282 56652 21143 11907 9236 2469 11283 4683 6767 3601 2733 3166 1907 4013 3515 6600 3312 2579 1167 3181 1314 7895 7190 6741 1259 2861 1325 1532 3037
is_linear=0
shrinkage=0.0454652


Tree=17
num_leaves=79
num_cat=0
split_feature=11 22 27 16 2 28 21 11 21 27 16 11 2 30 28 23 10 17 30 30 23 2 4 16 17 4 10 30 27 21 2 11 2 0 2 21 10 11 22 16 30 22 17 2 2 0 23 16 27 0 2 11 27 2 27 4 2 21 11 2 2 8 28 23 11 0 8 17 27 23 8 21 2 23 21 2 30 21
split_gain=24.1607 15.347 14.0944 13.2338 14.0392 11.4238 19.3868 12.664 25.0368 23.9287 18.0051 10.9339 10.3624 10.1547 10.1177 12.6163 10.2326 9.77361 17.2107 26.362 14.3986 11.6658 10.9857 12.7868 10.0274 9.80059 9.39756 9.35155 9.09869 10.054 9.03767 9.4825 10.2816 8.67821 8.59158 9.12057 8.51549 8.34319 8.11933 7.82663 7.61024 8.25609 8.8386 9.68357 15.841 12.4256 8.35556 9.45807 11.8331 6.97524 9.29997 10.3301 9.90174 7.95459 17.2302 21.0851 15.2094 11.9186 7.5031 10.2989 15.9018 10.5812 11.7455 12.9718 7.21698 13.2782 14.0891 7.09935 6.93664 6.75867 6.7864 13.7354 13.3063 15.6163 12.0292 11.6641 8.23789 8.18074
threshold=0.020711290650069717 -0.57305702567100514 0.81279832124710094 0.54727953672409069 2.2423862218856816 -0.95688340067863453 1.83303838968277 0.1146913804113865 12.020509243011476 0.1413247883319855 0.81959915161132824 0.091614585369825377 0.51078063249588024 -0.56174489110708226 0.010907442308962378 0.60231211781501781 0.0932474620640278 61.500000000000007 1.0000000180025095e-35 -0.56174489110708226 0.65869078040122997 1.8141126632690432 1.0800355672836306 0.54262784123420726 72.500000000000014 0.15441179275512698 0.14889106154441836 0.81174489855766307 0.24825246632099154 -4.1853954792022696 1.028785288333893 0.064299613237380995 0.65535876154899608 0.73831039667129528 0.83811452984809887 4.5245895385742196 0.055552968755364425 0.16681642830371859 -0.83416202664375294 0.39058858156204229 0.81174489855766307 -0.9149685502052306 67.500000000000014 1.2609771490097048 0.73319572210311901 1.3422920703887942 0.67195656895637523 0.28454320132732397 0.29026740789413458 0.76629957556724559 0.56525307893753063 0.072151359170675292 0.16288578510284427 0.56525307893753063 0.60003554821014415 0.58212342858314525 0.74712160229682933 7.4876585006713876 0.036140847951173789 0.89092406630516063 1.0689377188682558 2.8994336128234868 0.11969653144478799 1.2388596534729006 0.077818602323532118 0.93960925936698925 -0.26733639836311335 61.500000000000007 -0.14132478833198545 0.67518824338912975 -1.9641691446304319 -3.1026506423950191 2.5461472272872929 1.0981231331825259 7.2671878337860116 1.0992875695228579 -0.56174489110708226 9.0636630058288592
decision_type=2 2 2 2 2 2 2 2 2 2 2 2 2 2 2 2 2 2 2 2 2 2 2 2 2 2 2 2 2 2 2 2 2 2 2 2 2 2 2 2 2 2 2 2 2 2 2 2 2 2 2 2 2 2 2 2 2 2 2 2 2 2 2 2 2 2 2 2 2 2 2 2 2 2 2 2 2 2
left_child=2 5 3 4 40 6 -2 11 9 10 -9 17 13 -5 26 -16 -17 21 19 30 -21 22 -7 -24 -20 -26 39 -27 29 -13 31 32 -19 -32 -14 38 -11 -10 -36 -4 41 -1 43 44 -43 -46 -44 -48 -49 50 51 -3 -52 54 -51 -56 57 64 59 68 67 62 63 -62 65 66 -55 -61 -58 -60 71 -71 77 74 -74 -73 -75 -72
right_child=1 49 14 12 -6 7 -8 8 37 36 -12 28 34 -15 15 16 -18 18 24 20 -22 -23 23 -25 25 27 -28 -29 -30 -31 33 -33 -34 -35 35 -37 -38 -39 -40 -41 -42 42 46 -45 45 -47 47 48 -50 53 52 -53 -54 56 55 -57 58 -59 69 60 61 -63 -64 -65 -66 -67 -68 -69 -70 70 72 75 73 76 -76 -77 -78 -79
leaf_value=0.016691537651781281 0.03495152548266784 -0.0039913689417028836 -0.0012879147751727658 -0.0074545757335589477 -0.026894073852322255 -0.0049625213048908479 -0.00046449761228818415 0.010085409071825908 -0.021554302944868806 0.016318899536970761 0.036558153637683229 0.003540353950227987 -0.001175557887040254 -0.039556929573659493 0.013091699262216915 -0.020957419147878031 0.00092244467961778405 -0.0096421398771529259 0.015332870203777058 0.047869470127360078 0.013618531528744015 0.018456781081697116 0.024591161321882729 -0.00013749089370541654 0.0040566646890776246 -0.023544905616391269 -0.0078273474281675536 0 0.0028050908137977832 -0.020593796239801156 -0.019550524687645548 0.027657088420976913 0.016356872792723253 0.0071070564853644375 0.00064634830952723743 0.00053295215075193953 -0.0053988271103985038 0.0022438750497098489 -0.018906187186873525 0.020035504737588708 -0.010775815723083724 -0.014244220998385061 -0.009335481432461044 -0.019186360205498437 0.017914197497408246 -0.010536598080505158 0.021022903815157878 0.012031831451035566 -0.013585688202704414 -0.011314593355403864 -0.00015176694554730876 0.015355456101316957 -0.011114770717636139 -0.016041179636057935 -0.0060518164746307338 0.024785465281736706 0.0032743968418997129 0.022644375198462376 -0.014324797480670972 -0.0022316867675328876 -0.005573894064661601 -0.013225570295777414 0.024681696791840142 0.014939537444982583 -0.0025057727446130169 0.014948912901451316 0.0099365119237005712 -0.023762434611535002 0.025767838468457236 -0.0052935504394144859 -0.004106776139649616 0.020004660980508421 0.033079963056407612 0.0099134232947555179 0.00057165542804578525 0.0035679977924013813 -0.0082466091012315512 0.0019559375207848333
leaf_weight=57.877531316131353 60.27583354152739 126.53784429840744 42.385140977799892 45.112526118755341 42.497496403753757 582.57270218618214 57.962422210723162 111.82174080424011 51.912851827219129 50.403772799298167 119.58314983174205 44.843066262081265 217.59641521237791 47.112342424690723 59.156564144417644 86.784861775115132 77.474739722907543 55.840611003339291 62.367706628516316 55.06827037781477 61.739192338660359 59.269624078646302 57.542694959789515 131.81898225098848 135.29608888179064 72.483332760632038 44.047349728643894 64.87006064504385 111.97208695858717 115.2369619961828 45.229580322280526 48.148395670577884 60.109657837077975 45.073478197678924 46.020288314670324 79.750253014266491 111.60079210996628 58.194857999682426 278.16718189790845 127.75025898963213 135.685308072716 104.09369984269142 59.819152073934674 80.413408420979977 94.705927392467856 41.21252510510385 82.103495949879289 89.081818617880344 57.386065114289522 318.26038995198905 314.69831770285964 94.359889635816216 392.55997666157782 73.700140837579966 111.0552640594542 70.788974327966571 58.716920763254166 89.127192867919803 70.597248869016767 86.43569865077734 125.67267825454473 43.128081111237407 77.200605548918247 117.99866545200348 180.22816112078726 240.08177398890257 91.784452687948942 52.939841138198972 66.931135071441531 243.17217803560197 1879.0433043278754 118.86736258305609 63.374861070886254 88.956846792250872 41.149964576587081 376.01093689911067 111.85325198993087 593.84985965676606
leaf_count=745 583 1901 568 555 554 6659 566 1459 543 603 1195 569 2628 620 816 1018 984 620 781 818 694 698 640 1299 1772 894 593 797 1297 1319 606 549 632 456 584 943 1421 640 3475 1553 1829 1179 849 1015 1239 563 1047 1060 630 3324 4117 1411 5748 909 1407 901 617 800 584 1080 1581 559 830 1459 2129 2761 1091 626 791 3080 22536 1308 822 1264 527 4614 1507 6538
internal_value=0 0.00104062 -0.00449755 -0.00652714 -0.00258047 0.00410765 0.0177555 0.00335886 0.00972458 0.0151033 0.0243698 0.00154268 -0.0110896 -0.0253426 0.0026145 -0.00397213 -0.0105758 0.00305382 0.00697252 0.0136632 0.0312414 -0.0002351 -0.00182274 0.00748545 -0.000372424 -0.00431455 0.00965432 -0.0127843 -0.00673926 -0.0136161 0.00503735 0.0113973 0.00352757 -0.00599626 -0.00874505 -0.0126505 0.00129961 -0.00891886 -0.0160085 0.0145377 -0.00110251 0.000847114 -0.000680775 -0.00591181 -0.00101781 0.00888333 0.00496595 0.00901663 0.00157459 -0.000133577 -0.00377099 0.00418487 -0.00633419 0.000486016 -0.0049351 0.0059711 0.00105397 0.00736924 2.52435e-05 0.00459984 0.00153521 0.00661176 0.00956093 0.00424546 0.00482174 0.00818957 -0.00145296 -0.0111937 0.0160665 -0.000767731 -0.000465378 0.00337801 -0.00150739 0.00734433 0.0212339 0.00774523 0 -0.00263034
internal_weight=0 8750.32 1996.23 1558.64 844.876 2431.24 118.238 2313 503.517 393.409 231.405 1809.48 713.759 92.2249 437.599 223.416 164.26 1537.43 706.226 371.209 116.807 831.204 771.934 189.362 335.017 272.649 214.183 137.353 272.052 160.08 254.402 164.099 115.95 90.3031 621.534 403.938 162.005 110.108 324.187 170.135 802.379 666.694 608.816 320.426 240.012 135.918 288.391 228.571 146.468 6319.08 928.156 220.898 707.258 5390.93 500.105 181.844 4890.82 674.922 4215.9 629.024 503.376 364 320.872 243.671 585.795 405.566 165.485 139.376 125.648 3586.88 3516.28 738.05 2778.23 305.335 104.525 494.878 200.81 2472.89
internal_count=129979 104932 25047 19515 10710 28110 1149 26961 5861 4678 2654 21100 8805 1175 5532 2818 2002 17915 8619 4375 1512 9296 8598 1939 4244 3463 2714 1691 3185 1888 2863 1801 1252 1062 7630 5002 2024 1183 4059 2121 10156 8327 7582 3996 2981 1802 3586 2737 1690 76822 13177 3312 9865 63645 5632 2308 58013 7690 50323 7543 6135 4429 3870 3040 6890 4761 2000 1706 1408 42780 42196 9002 33194 4120 1349 5922 2771 29074
is_linear=0
shrinkage=0.0454652


end of trees

feature_importances:
Column_3=131
Column_13=122
Column_11=91
Column_2=89
Column_27=89
Column_16=80
Column_15=59
Column_21=57
Column_0=53
Column_30=50
Column_12=49
Column_20=48
Column_18=46
Column_6=44
Column_28=43
Column_17=39
Column_5=36
Column_22=35
Column_14=34
Column_7=33
Column_23=33
Column_29=30
Column_10=23
Column_4=20
Column_8=17
Column_1=13
Column_9=13
Column_31=10
Column_33=9
Column_19=3
Column_25=2
Column_24=1
Column_26=1
Column_32=1

parameters:
[boosting: gbdt]
[objective: binary]
[metric: auc]
[tree_learner: serial]
[device_type: cpu]
[data_sample_strategy: bagging]
[data: ]
[valid: ]
[num_iterations: 600]
[learning_rate: 0.0454652]
[num_leaves: 79]
[num_threads: 2]
[seed: 42]
[deterministic: 0]
[force_col_wise: 0]
[force_row_wise: 0]
[histogram_pool_size: -1]
[max_depth: -1]
[min_data_in_leaf: 525]
[min_sum_hessian_in_leaf: 0.001]
[bagging_fraction: 0.774687]
[pos_bagging_fraction: 1]
[neg_bagging_fraction: 1]
[bagging_freq: 1]
[bagging_seed: 42]
[feature_fraction: 0.515409]
[feature_fraction_bynode: 1]
[feature_fraction_seed: 42]
[extra_trees: 0]
[extra_seed: 12879]
[early_stopping_round: 0]
[early_stopping_min_delta: 0]
[first_metric_only: 0]
[max_delta_step: 0]
[lambda_l1: 1.07292]
[lambda_l2: 4.08529]
[linear_lambda: 0]
[min_gain_to_split: 0]
[drop_rate: 0.1]
[max_drop: 50]
[skip_drop: 0.5]
[xgboost_dart_mode: 0]
[uniform_drop: 0]
[drop_seed: 17869]
[top_rate: 0.2]
[other_rate: 0.1]
[min_data_per_group: 100]
[max_cat_threshold: 32]
[cat_l2: 10]
[cat_smooth: 10]
[max_cat_to_onehot: 4]
[top_k: 20]
[monotone_constraints: ]
[monotone_constraints_method: basic]
[monotone_penalty: 0]
[feature_contri: ]
[forcedsplits_filename: ]
[refit_decay_rate: 0.9]
[cegb_tradeoff: 1]
[cegb_penalty_split: 0]
[cegb_penalty_feature_lazy: ]
[cegb_penalty_feature_coupled: ]
[path_smooth: 0]
[interaction_constraints: ]
[verbosity: -1]
[saved_feature_importance_type: 0]
[use_quantized_grad: 0]
[num_grad_quant_bins: 4]
[quant_train_renew_leaf: 0]
[stochastic_rounding: 1]
[linear_tree: 0]
[max_bin: 255]
[max_bin_by_feature: ]
[min_data_in_bin: 3]
[bin_construct_sample_cnt: 200000]
[data_random_seed: 175]
[is_enable_sparse: 1]
[enable_bundle: 1]
[use_missing: 1]
[zero_as_missing: 0]
[feature_pre_filter: 1]
[pre_partition: 0]
[two_round: 0]
[header: 0]
[label_column: ]
[weight_column: ]
[group_column: ]
[ignore_column: ]
[categorical_feature: ]
[forcedbins_filename: ]
[precise_float_parser: 0]
[parser_config_file: ]
[objective_seed: 16083]
[num_class: 1]
[is_unbalance: 0]
[scale_pos_weight: 1]
[sigmoid: 1]
[boost_from_average: 1]
[reg_sqrt: 0]
[alpha: 0.9]
[fair_c: 1]
[poisson_max_delta_step: 0.7]
[tweedie_variance_power: 1.5]
[lambdarank_truncation_level: 30]
[lambdarank_norm: 1]
[label_gain: ]
[lambdarank_position_bias_regularization: 0]
[eval_at: ]
[multi_error_top_k: 1]
[auc_mu_weights: ]
[num_machines: 1]
[local_listen_port: 12400]
[time_out: 120]
[machine_list_filename: ]
[machines: ]
[gpu_platform_id: -1]
[gpu_device_id: -1]
[gpu_use_dp: 0]
[num_gpu: 1]

end of parameters

pandas_categorical:null
