tree
version=v4
num_class=1
num_tree_per_iteration=1
label_index=0
max_feature_idx=33
objective=binary sigmoid:1
feature_names=Column_0 Column_1 Column_2 Column_3 Column_4 Column_5 Column_6 Column_7 Column_8 Column_9 Column_10 Column_11 Column_12 Column_13 Column_14 Column_15 Column_16 Column_17 Column_18 Column_19 Column_20 Column_21 Column_22 Column_23 Column_24 Column_25 Column_26 Column_27 Column_28 Column_29 Column_30 Column_31 Column_32 Column_33
feature_infos=[0.23920178413391113:4.806818962097168] [0.049576185643672943:24.251049041748047] [0.17134076356887817:8.6935958862304688] [0.087584272027015686:1] [-28.67047119140625:41.262332916259766] [-36.190670013427734:42.326030731201172] [-36.841156005859375:62.500308990478516] [-41.300331115722656:63.120437622070312] [-22.455821990966797:30.680826187133789] [0:0.95389312505722046] [0:0.64536702632904053] [0:0.40022626519203186] [-0.51016271114349365:0.51874518394470215] [-0.15357083082199097:0.22172828018665314] [-45.028751373291016:17.161741256713867] [-6.6708002090454102:64.2962646484375] [0:1] [0:95] [0:95] [-1:1] [-29.775985717773438:44.984848022460938] [-30.525325775146484:55.0223388671875] [-2.8409864902496338:15.253066062927246] [0.049656935036182404:5.4310722351074219] [-1:1] [0:1] [0:0.99820786714553833] [-1:1] [-1:1] [-0.78183150291442871:0.97492790222167969] [-0.90096884965896606:1] [0:1] [0:1] [0.8888888955116272:25]
tree_sizes=8576 8614 8651 8674 8731 8672 8748 8760 8713 8674 8641 8704 8723 8662 8697 8757 8692 8702 8730 8685 8647 8728 8702 8696 8695 8738 8664 8736 8732 8608 8699 8695 8682 8720 8671 8702 8771 8730 8763 8716 8680 8680 8633 8600 8688 8736

Tree=0
num_leaves=79
num_cat=0
split_feature=16 30 16 13 29 5 23 13 22 13 23 21 30 5 10 3 3 3 23 13 7 22 21 3 16 5 23 23 23 10 8 22 30 3 22 7 23 7 13 10 14 3 30 21 23 3 3 9 13 10 7 3 20 30 8 21 14 33 5 30 10 21 30 13 16 13 29 14 23 33 22 3 16 13 14 23 3 16
split_gain=40.4068 71.0086 46.403 63.3524 36.3015 30.9338 32.9311 30.6513 40.1055 31.4236 29.3981 27.5097 24.4052 21.5489 21.4261 23.7392 21.4108 18.788 17.9863 17.8712 16.6373 16.2876 14.9286 14.8987 25.907 22.8084 23.08 21.3537 18.7648 15.477 14.475 14.273 31.8468 19.4813 18.003 14.1583 13.4614 13.1534 16.6039 28.4187 13.6936 12.9814 13.5533 19.6407 12.0332 16.5048 16.1004 12.0298 11.8162 20.1701 11.4624 11.3522 11.2119 12.6859 11.7052 11.037 10.9545 10.8392 10.7816 15.1004 10.6617 10.3179 10.2762 31.1807 29.5684 11.5882 10.594 14.4726 13.482 10.5687 9.97094 9.86705 9.47934 10.2286 16.0453 12.2093 9.42939 9.15954
threshold=0.82291585206985485 0.81174489855766307 0.57958945631980907 -0.0061829790938645593 -0.60785761475563038 2.5744836330413823 0.82644504308700573 -0.026571368798613545 -0.29450400173664087 -0.01319830399006605 0.73652449250221264 -1.9481765031814573 1.0000000180025095e-35 1.15189665555954 0.1108236610889435 0.8438517451286317 0.74662110209465038 0.89635646343231212 0.53183797001838695 -0.018379754386842247 -13.322986125946043 0.4095055907964707 2.0220774412155156 0.35357497632503515 0.33552061021327978 -2.038966059684753 0.48754431307315832 0.58528262376785289 0.77197331190109264 0.038971535861492164 -0.43715284764766688 -0.57859927415847767 1.0000000180025095e-35 0.53510937094688427 -0.9149685502052306 -5.7911171913146964 0.9265708625316621 1.0000000180025095e-35 0.015823861584067348 0.07147489115595819 -4.4627215862274161 0.63407048583030712 0.81174489855766307 4.2913501262664804 1.5636769533157351 0.52314314246177684 0.46149951219558721 0.30650183558464056 0.049692569300532348 0.20854555815458301 -11.114571094512938 0.77000719308853161 3.270954012870789 0.81174489855766307 2.2600790262222294 -5.0002465248107901 -2.591526865959167 0.99393379688262951 -2.571129202842712 1.0000000180025095e-35 0.075388930737972273 7.1619162559509286 0.81174489855766307 0.039901521056890495 0.76243308186531078 0.031242579221725467 0.87837970256805431 -5.8227493762969962 0.74551957845687877 0.99393379688262951 0.2523763775825501 0.77924609184265148 0.38214336335659033 0.017803588882088665 -6.0004796981811515 1.0575206279754641 0.49724258482456213 0.73458859324455272
decision_type=2 2 2 2 2 2 2 2 2 2 2 2 2 2 2 2 2 2 2 2 2 2 2 2 2 2 2 2 2 2 2 2 2 2 2 2 2 2 2 2 2 2 2 2 2 2 2 2 2 2 2 2 2 2 2 2 2 10 2 2 2 2 2 2 2 2 2 2 2 10 2 2 2 2 2 2 2 2
left_child=2 18 4 57 -1 6 56 8 14 10 60 12 30 37 23 36 22 41 76 44 -10 -14 31 24 25 -6 -27 -25 -29 -30 47 32 34 -34 -13 -32 58 -5 39 40 -39 42 43 -15 45 46 -12 -11 49 -7 -31 -18 53 54 -22 -28 -3 -4 -16 -60 -9 71 65 -64 -65 66 67 -40 -69 -67 -59 -43 -53 74 75 -74 -2 -71
right_child=1 5 3 13 7 48 -8 9 20 11 19 16 21 17 15 -17 51 -19 -20 -21 52 -23 -24 27 -26 26 55 28 29 50 35 -33 33 -35 -36 -37 -38 38 62 -41 -42 61 -44 -45 -46 -47 -48 -49 -50 -51 -52 72 -54 -55 -56 -57 -58 70 59 -61 -62 -63 63 64 -66 69 -68 68 -70 77 -72 -73 73 -75 -76 -77 -78 -79
leaf_value=-0.92785561902192915 -0.89314035588231977 -0.87346285197623497 -0.89908506733539983 -0.91516859761858615 -0.85129902473574037 -0.89519986201356883 -0.88953163577960404 -0.92750788611481627 -0.90553392671948751 -0.91298029935778924 -0.89857246893043496 -0.84140796073977508 -0.91816643642886431 -0.88956548822165049 -0.87882144469320045 -0.86551452915442617 -0.92198090362806406 -0.87645516671885182 -0.89828274036813094 -0.91051363858881951 -0.88368280911337627 -0.89781935694157955 -0.90942500046487218 -0.85744558499783674 -0.91559382525895816 -0.91994949737753295 -0.89548613855138803 -0.8961869143734813 -0.85452922006884979 -0.9004806818119554 -0.8696886334043562 -0.890563632995379 -0.87976197424992653 -0.92007676784852599 -0.87760680792490608 -0.89479018542580002 -0.91523590275040523 -0.89100624917601012 -0.91227487452494849 -0.86928790081125329 -0.92074794291367956 -0.90111157556802901 -0.87629347882967679 -0.91260468253064531 -0.87657594016716089 -0.90563312765003934 -0.86319448297869339 -0.89442558968828134 -0.8955755271559851 -0.86545872042966632 -0.8728920925320558 -0.91094237799035016 -0.91140209644315617 -0.90528687756342818 -0.90288547827807308 -0.8678813211573122 -0.84272522409111872 -0.92550250566874326 -0.88800127800876716 -0.90999682273826021 -0.90841253114500509 -0.885711413065288 -0.91815291201475036 -0.86318352122646491 -0.9054844656906843 -0.89591660754276503 -0.91125567367391225 -0.9025955851571964 -0.87319112671142496 -0.9174800542450614 -0.90637424731015381 -0.92095751652293145 -0.86358038808708226 -0.90590611199202842 -0.90676698365337849 -0.89628706458217078 -0.86973825229573742 -0.90563923435343208
leaf_weight=73.303966825827956 89.099138112738729 57.105376772582531 53.503581190481782 198.27197256311774 36.112529831007123 97.674911009147763 90.66375876031816 144.14431980811059 435.47717132046819 138.52884680218995 57.473037529736757 48.252222778275609 242.31845475174487 239.60794380120933 70.083289941772819 48.231047324836254 43.134676797315478 94.267278971150517 2022.0248122606426 237.59974594041705 312.61547318845987 119.20237921737134 57.450626390054822 100.28215830400586 58.461809290573001 36.808985039591789 63.765108790248632 127.15924048610032 60.895804524421692 46.960215685889125 57.415607878938317 562.39870115555823 50.720225600525737 41.129581738263369 95.693137317895889 219.95526696555316 72.642280573025346 66.971131788566709 47.130491642281413 75.32137848995626 52.464739302173257 136.79312598332763 79.198280846700072 107.02229456976056 59.032898107543588 207.76634198985994 41.357924314215779 137.19443779624999 214.61090167984366 96.29189620167017 70.973202055320144 82.079547634348273 60.00493124127388 99.87604083865881 76.231712885200977 61.996652986854315 87.278615335002542 331.70754600688815 129.94686047919095 119.83134899102151 131.64043422788382 40.145447103306651 74.125897152349353 71.477766182273626 57.282281318679452 91.893008286133409 84.646357653662562 45.971265958622098 81.430052923038602 308.2783984541893 82.91441249102354 88.712937094271183 59.496909124776721 79.458154475316405 48.289893742650747 43.331428471952677 65.885424623265862 286.56318747252226
leaf_count=913 1078 710 1598 2357 523 1147 869 1580 5967 1685 807 536 2931 2913 997 729 476 1242 23175 2802 3639 1392 982 1366 691 521 981 1496 706 555 767 7078 660 518 1149 2755 868 951 623 952 598 1691 1037 1566 795 2252 458 1667 1767 902 817 1023 691 1429 867 922 776 3051 1664 1480 1489 687 922 904 613 2588 846 566 931 3091 751 1082 750 956 576 631 798 2756
internal_value=-0.897819 -0.893193 -0.899521 -0.904237 -0.896976 -0.879974 -0.866846 -0.896498 -0.892268 -0.899425 -0.906642 -0.896453 -0.902364 -0.901125 -0.886332 -0.89429 -0.891951 -0.89505 -0.897149 -0.900874 -0.898897 -0.911492 -0.888052 -0.881172 -0.890202 -0.882282 -0.890429 -0.875708 -0.882303 -0.872954 -0.896429 -0.886402 -0.87697 -0.897819 -0.863921 -0.889088 -0.898 -0.904252 -0.902557 -0.890512 -0.904002 -0.897766 -0.892792 -0.896907 -0.894672 -0.898232 -0.883455 -0.903659 -0.887876 -0.879826 -0.883999 -0.901196 -0.8937 -0.891334 -0.887585 -0.880988 -0.853549 -0.919442 -0.894066 -0.898388 -0.918855 -0.905514 -0.90466 -0.895602 -0.882026 -0.906656 -0.898254 -0.892058 -0.883991 -0.909735 -0.921915 -0.909404 -0.897899 -0.893317 -0.886344 -0.876321 -0.88242 -0.911949
internal_weight=0 2820.63 7962.43 2795.7 5166.72 643.625 235.048 5093.42 2088.36 3005.06 879.015 2126.05 914.615 2327.58 1104.15 440.735 1211.44 785.747 2177.01 603.23 984.205 361.521 855.644 663.416 257.145 198.683 162.571 406.271 305.988 178.829 553.094 798.194 235.795 91.8498 143.945 277.371 392.504 1541.83 1343.56 194.757 119.436 691.48 425.829 346.63 365.63 306.597 98.831 275.723 408.578 193.967 117.933 355.791 548.728 488.723 388.847 125.762 144.384 468.126 319.861 249.778 275.785 265.652 1148.8 202.886 128.76 945.913 259.178 174.532 127.401 686.735 414.622 225.506 312.656 230.576 151.118 102.828 154.985 594.842
internal_count=130075 31222 98853 34316 64537 6171 2355 63624 26909 36715 10183 26532 11197 28916 14316 5738 15335 10218 25051 7114 12593 4323 10923 8578 3638 2947 2424 4940 3574 2078 6874 9941 2863 1178 1685 3522 5009 18698 16341 2501 1549 8976 5516 4479 4312 3517 1265 3352 3816 2049 1372 4412 6626 5935 4506 1903 1486 5400 4141 3144 3069 3460 13840 2439 1517 11401 2966 2120 1497 8435 3802 2773 3936 2913 1957 1381 1876 5847
is_linear=0
shrinkage=1


Tree=1
num_leaves=79
num_cat=0
split_feature=16 30 16 7 0 21 18 30 3 22 3 3 6 2 23 21 14 14 2 3 23 18 2 30 0 0 22 23 7 6 15 6 30 21 14 0 18 15 18 9 14 15 6 7 3 21 14 21 15 15 18 22 18 7 3 3 31 16 2 3 9 16 15 9 22 14 7 15 21 18 22 9 14 18 15 15 2 15
split_gain=27.4744 59.7542 49.4036 58.1734 26.9867 27.9624 29.0657 23.6594 37.385 33.9389 28.6198 28.7692 48.4844 40.1358 23.6597 22.1164 18.8304 16.7669 14.8376 21.6806 22.7071 21.32 18.6453 21.8018 18.4747 21.5493 14.4709 22.508 13.691 24.8137 13.5361 13.1569 12.7602 27.1805 20.3797 20.098 19.9098 18.3378 17.1608 15.4814 13.4395 12.4847 12.0878 16.096 14.7989 13.9309 19.6348 11.9666 11.8478 20.9946 20.4858 15.7103 11.1861 11.1687 15.2037 21.4172 23.3634 22.5322 17.2303 12.3511 11.949 11.103 11.077 10.5161 10.3214 10.2432 27.4437 14.2891 9.7705 12.6867 12.1486 9.63974 9.48135 9.47515 9.39443 15.6339 11.2446 9.30339
threshold=0.82291585206985485 0.81174489855766307 0.57958945631980907 0.74878805875778209 0.8252808451652528 12.020509243011476 82.500000000000014 1.0000000180025095e-35 0.25303006172180181 -0.9149685502052306 0.2441363409161568 0.48015630245208746 1.8177053332328799 0.70931154489517223 0.90656569600105297 -1.7305456995964048 -13.138134479522703 -10.477322101593016 1.0065774321556094 0.47181421518325811 1.0196946859359743 29.500000000000004 0.80947077274322521 -0.56174489110708226 0.58967530727386486 0.87260830402374279 0.4095055907964707 0.81770417094230663 14.13529682159424 8.9445681571960467 26.040184974670414 6.5376646518707284 0.81174489855766307 2.2173926830291752 -5.0569710731506339 0.77455630898475658 56.500000000000007 19.661026000976566 39.500000000000007 0.11114623770117761 -7.6247737407684317 23.011463165283207 -2.0063819885253902 5.5721151828765878 0.60134494304656994 -10.93874931335449 -25.731486320495602 4.1417717933654794 7.7446575164794931 6.6806395053863534 38.500000000000007 -0.46933232247829432 23.500000000000004 -9.7681145668029767 0.52066385746002208 0.49972157180309301 1.0000000180025095e-35 0.32193347811698919 0.62721857428550731 0.85474067926406871 0.15290229022502902 0.45548655092716223 15.602954864501955 0.37380702793598181 -0.40072801709175104 -11.115450382232664 -5.0731093883514395 5.5285081863403329 -10.33418560028076 62.500000000000007 -0.33365131914615626 0.021083505824208263 -4.1405525207519522 56.500000000000007 13.259786128997805 16.725772857666019 0.77472031116485607 9.1644744873046893
decision_type=2 2 2 2 2 2 2 2 2 2 2 2 2 2 2 2 2 2 2 2 2 2 2 2 2 2 2 2 2 2 2 2 2 2 2 2 2 2 2 2 2 2 2 2 2 2 2 2 2 2 2 2 2 2 2 2 2 2 2 2 2 2 2 2 2 2 2 2 2 2 2 2 2 2 2 2 2 2
left_child=2 18 7 26 5 6 -3 8 -1 15 -9 12 65 14 -13 16 -10 -14 19 21 22 -2 23 -21 -20 62 27 73 29 -6 41 48 38 35 37 -34 -36 -35 74 47 -41 -30 45 44 -44 46 -15 71 49 53 51 -50 -46 59 55 56 57 60 -56 -11 -55 -52 -26 -64 -23 66 68 -67 -12 70 -70 -40 -38 -4 77 -76 -77 -5
right_child=1 4 3 32 28 -7 -8 10 9 31 11 13 17 42 -16 -17 -18 -19 24 20 -22 64 -24 -25 25 -27 -28 -29 30 -31 -32 -33 33 34 36 -37 72 -39 39 40 -42 -43 43 -45 52 -47 -48 -49 50 -51 61 -53 -54 54 58 -57 -58 -59 -60 -61 -62 -63 63 -65 -66 67 -68 -69 69 -71 -72 -73 -74 -75 75 76 -78 -79
leaf_value=0.031148419029214915 0.018960587423338983 0.013835175969483455 -0.024235525773106271 -0.019516510471225157 0.0024609891673292019 0 0.050757862482470467 -0.033779419434049336 0.021990605805343653 -0.0076573473243566163 -0.0053089262849810434 -0.035044772766776568 -0.023334314654621324 -0.013787466962008057 -0.0021254785138165051 0.036716647350645538 -0.013561107846752397 0.0075674099493302982 0.022932006724367272 0.051471556924727699 -0.0028650334890163625 -0.012171747889893256 0.0059176336545280189 0.012816281290428387 -0.027379449017809261 -0.00038213686753784976 -0.0026768873319507639 -0.030383250347073641 0.0040080788056454332 0.041961315577581038 0.016099575796461766 0.0246182273841665 -0.035966236676889259 0.038090594777130782 0.024950005319261725 0.0020592127126985924 -0.023559436592773816 0 0.029175151133024425 0.016986684257906535 -0.0067877726684224416 -0.020010279911614463 -0.010090595465774945 0.030939219335743819 -0.0092038403694877299 -0.006986827516998406 0.023338561376675261 -0.0034397684418255819 0.027085092872820255 0.013108508987807901 -8.9584698159568611e-05 -0.00014273436604005018 0.017655977540205928 0.050159029590907241 -0.018055480636209272 0.039465449484311257 -0.012871789713802114 -0.0035194190008797613 0.0025211125491385929 0.0092974585745161844 0.012479796276345495 -0.016551479302968269 -0.0035563161671651688 -0.02714514420783231 0.00086780937145857872 0 -0.0198132855812332 0.031464577228303293 0.034915290840440517 0 0.010240939092285828 0.0069838549892108186 0.0034710828875535132 -0.0064332656727218249 -0.027033918703262161 0.011616925349141711 -0.015139391528927014 -0.00044611002546713702
leaf_weight=95.668733049184084 88.700052209198475 85.935937507078052 90.69236402399838 65.573440870270133 81.382683642208576 57.748438756912947 109.50078386440873 54.909712979570031 65.356890449300408 475.23971651121974 40.515726663172245 131.01347617432475 122.25513834133744 42.047640517354012 73.52748516947031 91.188685074448586 50.104381769895554 45.706300232559443 48.923490259796381 62.295625627040863 115.88805625587702 214.36702872999012 104.6160180605948 69.890153765678406 91.787298444658518 836.99200605414808 119.98758854530752 267.4004396609962 107.07275733165443 55.24800899066031 86.870271069929004 45.513755988329649 43.72911792807281 82.06747255846858 44.394996037706733 65.468794839456677 50.056614972651005 39.160406539216638 51.14115003682673 48.163064545020461 664.78483195975423 68.81230022571981 124.65353142470121 40.194341350346804 38.1679149530828 787.43988223001361 74.295280924066901 165.31666849367321 50.684404922649264 327.81423822790384 135.56621973402798 201.42040197737515 115.95239808782935 37.991328386589885 90.40201997756958 46.740126958116889 79.294793725013733 58.633065162226558 758.40444929152727 103.05381921306252 43.50195550173521 252.07902405783534 206.87006232142448 46.848607748746872 278.90593515336514 43.013749912381172 54.346316583454609 110.63264559395611 93.996636595577002 68.293439403176308 91.933144763112068 210.42432594485581 46.075177617371082 226.91776283457875 141.77984201535583 48.376091480255127 77.722663089632988 244.24163029715419
leaf_count=1652 1037 979 1129 711 942 553 1036 883 969 6200 743 1492 1556 583 843 993 614 565 610 551 1274 2560 1015 641 820 10103 1323 2953 889 509 798 537 557 1233 562 800 575 420 601 801 8212 549 1630 530 497 9584 975 2435 540 3865 1536 2370 1666 531 851 506 1050 768 9000 1392 605 2937 2432 462 3409 528 874 1410 1145 807 1304 2540 545 2934 1751 567 971 2755
internal_value=0 0.00370995 -0.00151003 -0.00637825 0.0157244 0.0273176 0.0353827 0.0011182 0.00372646 0.00276678 -0.00250437 -0.00159855 0.00611101 -0.00526251 -0.0237183 0.0203589 0.00621869 -0.0146617 4.51053e-05 0.00437584 0.0132104 -0.00094963 0.0211951 0.0323884 -0.00320609 -0.00440384 -0.0176427 -0.0205896 0.00805206 0.0195345 0.0016908 0.00137683 -0.00252541 0.00502365 0.0130174 -0.0134856 0.000747806 0.0263629 -0.00419225 -0.000899027 -0.00502603 -0.00535861 -0.00206678 0.00542522 0.00118037 -0.00477714 0.0095032 0.00586272 0.000923846 0.00264563 -0.00442206 0.00548549 0.0106299 0.00056461 0.00324611 0.0126413 0.00609216 0.0172224 0.000196424 -0.00450816 0.0321714 -0.01098 -0.0138886 -0.00846229 -0.00475429 0.0132096 0.0085095 0.023082 0.0140946 0.0174109 0.0234542 0.0118883 -0.0105038 -0.0119115 -0.0105542 -0.0168125 -0.00445755 -0.0048393
internal_weight=0 2818.66 7955.03 2793.47 652.571 253.185 195.437 5161.55 3008.66 2912.99 2152.89 2097.99 670.693 1427.29 204.541 206.65 115.461 167.961 2166.08 934.663 352.69 581.973 236.802 132.186 1231.42 1182.5 704.998 585.011 399.386 136.631 262.755 2706.34 2088.48 370.953 261.755 109.198 140.527 121.228 1717.52 1139.83 712.948 175.885 1222.75 318.968 278.774 903.783 116.343 426.882 2660.83 2021.08 639.75 252.105 154.12 1693.26 1114.97 266.161 219.421 140.126 848.806 578.294 81.4933 387.645 345.506 253.719 493.273 502.732 349.085 153.646 294.739 254.223 185.93 261.565 96.1318 317.61 577.694 267.879 126.099 309.815
internal_count=130075 31169 98906 34375 6255 2568 2015 64531 36916 35264 27615 26732 8932 17800 2335 2576 1583 2121 24914 10487 3481 7006 2207 1192 14427 13817 8339 7016 3687 1451 2236 32688 26036 4692 3335 1357 1682 1653 21344 14589 9013 1438 15465 4323 3793 11142 1558 5576 32151 24768 7383 2910 2163 20903 13311 3460 2954 1904 9851 7592 1136 4473 3714 2894 5969 6811 4873 1938 3999 3256 2449 3141 1120 4063 6755 3289 1538 3466
is_linear=0
shrinkage=0.0454652


Tree=2
num_leaves=79
num_cat=0
split_feature=11 29 15 30 21 21 15 12 33 0 9 12 5 12 1 12 11 5 21 20 28 12 28 6 29 15 4 0 9 15 28 12 11 12 29 21 9 11 5 20 12 0 6 28 28 21 29 0 6 5 15 20 6 21 9 28 11 15 28 5 0 28 28 20 9 12 28 5 28 21 28 1 0 9 15 12 21 15
split_gain=61.7859 34.2691 22.4977 20.0148 67.5911 35.0137 29.7845 44.4627 28.5775 25.1728 20.8416 20.499 21.0167 18.3208 16.4102 16.0247 15.7346 17.9237 15.6991 26.9544 21.7428 16.1137 15.201 26.3174 15.74 15.8501 13.8392 13.7257 12.8752 12.41 14.7019 14.3506 12.6215 22.7347 16.8251 25.6757 12.5917 11.3137 14.9803 19.2097 26.1513 15.328 10.9682 18.8716 15.8918 15.2336 32.1539 13.9065 10.813 10.7286 10.3723 10.0116 10.2255 12.7341 13.933 10.0234 9.68437 9.4258 9.18281 11.3428 8.73319 18.6203 8.57534 8.50806 8.08753 7.98744 14.7712 9.0767 9.56177 9.76089 8.36972 7.98201 7.89568 13.6376 11.0495 9.90632 8.62336 8.90321
threshold=0.021121991798281673 -0.60785761475563038 10.111009597778322 0.81174489855766307 3.6801409721374516 12.020509243011476 12.734058380126955 -0.033705474808812134 1.0013927817344668 0.85341691970825206 0.14573393017053607 0.073412269353866591 -0.6549972891807555 -0.11683079600334166 0.90270650386810314 0.069960229098796858 0.070896111428737654 2.6233793497085576 4.8446080684661874 2.0075125694274907 -0.47136868536472315 0.011979361530393364 -0.8253108263015746 0.86369732022285473 0.87837970256805431 23.011463165283207 -1.0716568827629087 0.60807040333747875 0.048702783882617957 17.03219032287598 -0.45201864838600153 0.062076915055513389 0.15537108480930331 0.048943087458610542 1.0000000180025095e-35 7.7278711795806894 0.38432554900646215 0.11371404677629472 1.5608000159263613 -0.97715473175048817 -0.015222819056361912 0.79954800009727489 0.55729779601097118 -0.24825246632099149 0.52803644537925731 -4.8963782787322989 0.87837970256805431 0.7524498999118806 9.4579930305480975 4.5681738853454599 1.5592700242996218 2.7829939126968388 -6.707831382751464 1.354814946651459 0.070066548883914961 0.032717135734856136 0.090173993259668364 24.436732292175297 -0.54643493890762318 1.8133155107498171 0.50815784931182872 0.8491516411304475 -0.24825246632099149 1.6909072995185854 0.17772658169269565 -0.024288526736199852 0.96298784017562877 -2.7449803352355953 -0.86046862602233876 -0.29121577739715571 -0.39271505177021021 1.4583418965339663 1.0320348739624026 0.22165351361036303 3.4566979408264165 -0.039008414372801774 -7.1726937294006339 4.7322850227355966
decision_type=2 2 2 2 2 2 2 2 8 2 2 2 2 2 2 2 2 2 2 2 2 2 2 2 2 2 2 2 2 2 2 2 2 2 2 2 2 2 2 2 2 2 2 2 2 2 2 2 2 2 2 2 2 2 2 2 2 2 2 2 2 2 2 2 2 2 2 2 2 2 2 2 2 2 2 2 2 2
left_child=2 -2 15 6 13 8 11 -8 9 10 -6 12 42 -5 51 28 17 26 19 20 -4 -22 23 -18 25 49 -9 -15 -1 30 -24 56 34 -34 57 63 71 38 39 -29 -41 -40 44 -44 47 -46 -47 -3 -35 -25 -49 52 -14 60 -55 -56 -32 -31 64 -60 -54 -62 -7 -36 -11 -30 67 70 -69 -70 -67 -37 75 -74 -75 76 -52 -78
right_child=1 3 18 4 5 62 7 16 -10 58 -12 -13 14 27 -16 -17 22 -19 -20 -21 21 -23 29 24 -26 -27 -28 37 65 32 31 -33 33 48 35 36 -38 -39 41 40 -42 -43 43 -45 45 46 -48 50 -50 -51 72 -53 53 54 55 -57 -58 -59 59 -61 61 -63 -64 -65 -66 66 -68 68 69 -71 -72 -73 73 74 -76 -77 77 -79
leaf_value=0.0053109041887395925 -0.022427093653325729 -0.014596036944114639 -0.023933763219808661 0.019760161171863758 0.051146529163992545 -0.010580905941932322 -0.024575540718180931 0.0019734922102603186 -0.0086056829856746911 -0.0061290865269655248 0.022457888398502043 -0.010760768372379156 -0.00062012631357961847 0.011525848803975126 0.0023910236648420052 0.019862306232187519 0.019334375842275587 0.00039341111524513524 0.0013848683841233779 -0.028703215689696877 -0.010640992419947063 0.015857058881714348 0.012355221642669313 -0.0071337805143851397 -0.027668073961517537 -0.02204742630837047 -0.019610400552404879 -0.0038278104578887339 -0.010583086444595506 0.0020673652633615737 0.0087399049497278759 -0.020634739299460678 -0.02490274013505531 0.018428983577567587 0.0040381218341778687 0.023513249002245769 0.0011978785376019062 0.0084470851983836585 -0.012900675142648463 7.6722025407090767e-05 -0.032874918065786601 0.013658596698774384 0.0062189098436871643 -0.017022785643581752 0.019086031838387574 -0.010338915498090732 0.027198328086560902 -0.0068094194013447063 -0.0029825517997466269 0.016011747131722844 0 0 0.035231646064201864 0.023012932857434245 -0.012347153045862085 0.0080778434651631679 -0.010516951572145584 -0.020525173353986775 0.037522392328560111 0.011931256101472394 0.020117589805915204 -0.0020407746708749966 0.0082715049767996922 -0.016465947967466681 0.016509308879050746 0.019597541274093223 0.014947922899813844 -0.019855253936287974 0.0041240686788022746 -0.010684976187679661 -0.0042355963095618704 0.0031031062569842659 -0.0052625707936780203 0.018986657571063732 0 0 0.0071959500965985621 0.029991794843014591
leaf_weight=220.19821766763926 113.47835243679583 116.33730998262763 100.86623724736273 75.499693429097533 108.88338164240122 87.316512480378151 172.64005918055773 74.713319160044193 53.115104867145419 59.63159154355526 137.53416119143367 189.0281479191035 93.19413891620934 113.6829882748425 684.9905310664326 52.906084598973393 61.031038869172335 320.67573647387326 106.80259668640792 232.71741231158376 94.470713507384062 86.459607183933258 87.138118233531713 91.516740553081036 93.216933231800795 75.403284789994359 251.23420714773238 338.24142558500171 542.23722980357707 193.79159522615373 103.78145979717374 116.8690076880157 68.54746457375586 71.208860594779253 119.52766756340861 332.28179230354726 88.075356895104051 106.45508089475334 65.409283885732293 72.195354981347919 137.61859020963311 119.30110944435 120.61130429804325 162.52374266833067 202.86099281162024 144.16519539989531 64.89031164906919 236.78598387166858 127.92870504409075 67.593456566333771 59.77062845043838 135.22537107951939 61.901485741138458 69.506129452958703 79.050933547317982 119.20428836718202 103.21124034374952 42.633931674063206 62.475651122629642 109.70983828231692 429.1051359642297 90.084983255714178 105.44385929964483 57.880532529205084 59.632179465144873 47.271254826337099 77.958196142688394 111.85590247251093 149.97601377218962 214.51035292260349 66.41687343083322 52.82730907574296 355.78685559332371 110.10266460292041 147.91881118528545 152.3882926851511 74.419372495263815 87.342126304283738
leaf_count=2647 1335 1672 1280 941 947 703 2053 992 1545 518 1200 2196 1149 1721 7983 666 698 3896 1193 2670 1182 1188 988 1033 1035 972 3199 4340 6487 2442 1238 1452 856 795 1389 4045 1085 1475 816 806 1728 1593 1378 1820 2694 1586 761 3058 1683 795 694 1584 1060 779 850 1393 1329 476 523 947 5337 1097 1043 652 542 597 968 1239 1944 2782 713 643 4465 1334 1710 1772 853 940
internal_value=0 0.00191874 -0.00675586 0.00225721 0.00650043 0.0165255 0.00110944 -0.00249602 0.0219814 0.025134 0.0359565 0.00362983 0.00436964 -0.00112754 0.00800374 -0.00365012 -0.000975589 -0.0071093 -0.0140202 -0.0172978 -0.00743259 0.00182829 0.0010394 -0.00692382 -0.0121386 -0.00539324 -0.014552 -0.00291076 -0.00460785 0.00306061 -0.0036274 -0.00817677 0.0054876 -0.00299848 0.00810529 0.0118722 0.0173773 -0.00497059 -0.00702212 -0.0107998 -0.0215235 0.00391946 0.00119036 -0.0070047 0.00255513 0.0103198 0.00138167 0.000109412 0.00465044 0.00255471 0.00159012 0.011505 0.0131589 0.0147246 0.00611732 0 -0.000648607 -0.0020833 0.015448 0.0221479 0.0185369 0.0161937 -6.28022e-05 -0.00260274 0.00496659 -0.00646451 -0.00300468 -0.00554526 -0.00833085 -0.00448094 0.00559602 0.0209008 0.00367266 0.000402814 0.00836121 0.00884887 0.014898 0.0202341
internal_weight=0 8686.55 2104.65 8573.07 1812.15 783.742 6760.92 2773.73 590.982 537.867 246.418 3987.19 3798.17 1028.4 1762.26 1483.33 2601.09 646.623 621.317 514.514 281.797 180.93 1954.46 388.761 327.73 234.513 325.948 952.904 1430.42 1565.7 411 323.862 1154.7 267.685 887.018 650.593 473.184 839.221 732.766 548.055 209.814 184.71 2035.9 283.135 1752.77 411.916 209.056 1340.85 199.138 159.11 1224.51 1077.27 942.047 848.853 267.761 198.255 206.993 236.426 291.449 172.185 581.092 519.19 192.76 177.408 119.264 1210.23 667.989 590.03 476.342 364.486 113.688 385.109 987.729 613.808 258.021 373.92 221.532 161.761
internal_count=130190 104634 25556 103299 21388 7968 81911 33746 6222 4677 2147 48165 45969 13420 21232 18043 31693 8087 7513 6320 3650 2370 23606 4533 3835 2800 4191 12479 17377 19073 5007 4019 14066 3334 10732 7814 5773 10758 9283 6874 2534 2409 24737 3198 21539 5041 2347 16498 2478 1828 14826 13249 11665 10516 3022 2243 2567 2918 2530 1470 7494 6434 1746 2041 1060 14730 8243 7275 5965 4726 1310 4688 11768 7509 3044 4259 2487 1793
is_linear=0
shrinkage=0.0454652


Tree=3
num_leaves=79
num_cat=0
split_feature=16 30 16 28 28 16 28 15 23 3 28 2 15 3 2 23 8 28 3 14 23 8 3 3 12 28 30 12 27 3 12 16 3 23 3 5 3 28 23 5 28 14 3 15 3 3 10 15 27 10 27 27 27 12 1 10 15 15 12 5 12 27 15 5 27 28 2 27 23 5 3 27 23 14 28 10 3 2
split_gain=29.9712 53.3458 47.7955 34.0997 25.1374 28.3223 19.7418 18.3463 24.3289 16.4691 26.8825 24.2257 23.0494 28.0549 22.4257 19.0898 16.4025 37.1831 16.381 14.9934 14.2394 13.6739 16.0334 16.2193 20.4075 13.6033 23.2469 33.645 16.4871 19.9336 16.148 18.1993 15.5865 15.5726 14.0688 13.7698 13.0452 16.2147 15.6297 12.1899 12.0698 12.0248 12.015 15.2594 11.7609 18.5432 30.5736 17.6361 20.7318 18.3561 17.9228 14.4063 11.6879 20.6294 11.4553 11.1205 10.6635 11.8275 16.4648 18.6636 12.2089 30.3168 19.588 15.9675 14.5036 21.3749 18.5376 13.1626 10.4898 10.3647 12.0299 13.3585 13.2612 10.5192 10.5475 10.4481 9.9232 9.79711
threshold=0.82291585206985485 0.81174489855766307 0.57958945631980907 -0.20576497167348859 -0.84915164113044728 0.85200807452201854 0.81279832124710094 23.236608505249027 0.9587899148464204 0.52314314246177684 0.81279832124710094 0.3955428302288056 3.3886961936950688 0.35601826012134558 0.61764115095138561 0.54826998710632335 0.45316573977470404 0.39271505177021032 0.79380640387535106 -11.918749332427977 0.44143404066562658 -3.0232547521591182 0.28430086374282842 0.25303006172180181 -0.0031090044649317856 0.56457334756851207 1.0000000180025095e-35 0.03071154281497002 -0.076279435306787477 0.64733242988586437 -0.032856961712241166 0.28033885359764105 0.90623641014099132 0.65528041124343883 0.67153632640838634 0.76187047362327587 0.402032420039177 -0.49049438536167139 0.79738667607307445 -0.6549972891807555 -0.09801131114363669 -2.7035269737243648 0.38463847339153295 19.837974548339847 0.8438517451286317 0.92753493785858165 0.11167806759476663 4.6628084182739267 0.986584633588791 0.094934094697237029 -0.86046862602233876 0.5464349389076234 0.97854062914848339 0.072251640260219588 1.6438537240028384 0.12138807773590089 11.549237728118898 17.182117462158207 0.077130042016506209 2.1623939275741582 0.093999505043029799 -0.83743050694465626 22.057924270629886 1.15189665555954 -0.65106672048568714 -0.032717135734856122 1.8326389789581301 0.69930991530418407 1.1109202504158022 4.9021551609039316 0.42063744366168981 -0.72982063889503468 0.54826998710632335 -6.9702618122100821 -0.29026740789413447 0.16310451924800876 0.49972157180309301 1.0456221103668215
decision_type=2 2 2 2 2 2 2 2 2 2 2 2 2 2 2 2 2 2 2 2 2 2 2 2 2 2 2 2 2 2 2 2 2 2 2 2 2 2 2 2 2 2 2 2 2 2 2 2 2 2 2 2 2 2 2 2 2 2 2 2 2 2 2 2 2 2 2 2 2 2 2 2 2 2 2 2 2 2
left_child=2 4 9 7 5 -2 42 8 -3 10 11 -1 -12 39 -11 19 76 36 52 -13 -15 -4 23 -23 -25 33 27 28 32 -30 31 -28 -27 34 -16 -32 37 38 -18 -14 -38 69 -5 -44 47 51 -47 55 49 -49 -51 54 56 -54 -46 -35 -6 58 59 -58 61 -59 63 -63 65 -62 -66 -65 -48 70 71 -24 -73 74 -72 -75 -17 -74
right_child=1 3 21 6 18 -7 -8 -9 -10 14 12 15 13 20 25 16 17 -19 -20 -21 -22 22 41 24 -26 26 30 -29 29 -31 35 -33 -34 44 -36 -37 40 -39 -40 -41 -42 -43 43 -45 45 46 68 48 -50 50 -52 -53 53 -55 -56 -57 57 60 -60 -61 64 62 -64 67 66 -67 -68 -69 -70 -71 73 72 77 75 -76 -77 -78 -79
leaf_value=0.034340564593603629 0.018454378601069819 0.02807068487232706 0.005513407313786885 0.051098038904339504 0.026721302665545035 -0.01462356778327074 0.0083312420709306823 -0.0094803808013936598 -0.0029931804756033009 -0.015175929110948486 0.015492661619747229 0.0092891871745580442 -0.0015550935190704453 0.020309439320546387 -6.071465552219855e-05 -0.00089415020806005499 -0.033996585149045577 0.035446314949025878 -0.0058383893111395536 0.044618639916192193 -0.0056446881709624301 -0.0064729537199508845 -0.037268141102067297 0.043091220885829187 0 0.036102574812687013 0.00051380469250016472 -0.020586350838491203 0.027079172242321713 -0.0055601360606281633 0.02664397999657982 -0.025787557622663795 0.0058902430289841171 -0.016140619370499425 -0.030850255761549743 -0.0060516869475624119 0.017881544634248812 0.011187089564580626 0 -0.031026011649141653 -0.0073783431552509188 0.0088349671012585753 0.039710866860001082 0.011203211702434443 0.023187446599646749 -0.019578646186083164 0.025585634992834397 0.0051501359639868688 0.029940394303241386 -0.026338367219624105 -0.0014231613659621398 -0.0064513829295710645 0.0062186923974881887 -0.028779309538418292 -0.0014804747746978457 -0.0036238576659949565 -0.0084263019976766225 -0.024146039701114123 -0.021884053780738509 0.012503111529883731 0.0061549139554784591 0 -0.0013026693538724819 0.013789018876340752 0.019273589460673188 0.042320794194272357 -0.012295999505793584 0.040741875772552068 0.0017670619203292816 -0.017039906671444321 -0.0082701772667013711 0.0066087030330497553 -0.016359547624880448 -0.0051396849621333134 0.014755006786557117 -0.018785272601607027 0.013817163937162744 0.0039474502854150882
leaf_weight=62.582180336117744 58.554161824285984 100.83896805718541 188.15426184795797 61.076589962467551 49.515898890793324 340.16351510211825 108.55559956654906 116.288719272241 97.119531752541661 204.36191645637155 87.858160337433219 70.992560295388103 43.036213353276253 53.532787384465337 61.117197358980775 795.94265289232135 45.60913809388876 99.684040565043688 336.93963317200541 41.645865857601166 175.38446597382426 96.376840818673372 42.117857754230499 37.811576103791595 46.964234624058008 128.17108675651252 123.83316487260163 48.418866537511349 57.485788822174072 96.79275132343173 52.195565909147263 88.031985586509109 56.310376716777682 235.36798872053623 64.825286513194442 44.522256400436163 171.42865897156298 82.740133134648204 68.896042251959443 120.70988521538675 44.725504137575626 79.22522160038352 78.340066896751523 94.140767823904753 183.83097221888602 128.2302628364414 50.549306163564324 491.56482787802815 46.33131761290133 84.481538984924555 198.94658683799207 56.045335920527577 85.488086314871907 51.802278703078628 43.894846066832542 423.98101479001343 152.77391619607806 62.368344763293862 60.089146748185158 193.57719993777573 66.990119680762291 81.880670955404639 221.94255403801799 120.56153861060739 84.386804910376668 76.694642651826143 62.608343182131648 63.368116250261664 147.21411741897464 270.32486277446151 62.541126690804958 71.093784138560295 379.9764504507184 1213.3529851641506 98.137741811573505 129.44625911675394 102.97197162918746 50.421815861016512
leaf_count=901 705 950 2307 513 449 4117 1095 991 938 2047 1222 946 512 737 690 10768 605 1278 4154 479 2331 1658 456 561 630 1691 1550 505 645 994 682 995 737 2904 802 665 2225 1181 1093 1494 565 867 835 854 2206 2023 671 5923 443 873 2306 572 983 585 599 4802 1591 728 628 2012 804 986 2582 1359 833 796 810 851 1868 3299 812 1018 4961 13799 1471 1678 1229 701
internal_value=0 0.00418787 -0.00125926 0.0155054 0.000719047 -0.00950686 0.0253845 0.00440928 0.0128368 0.00130821 0.00445345 0.00731422 -0.00487733 -0.00967065 -0.00076606 0.00608415 0.00456579 0.0110247 0.00306536 0.0238739 0.000465057 -0.00608395 -0.00695672 0.00582955 0.0200191 0.00024828 0.00578941 0.013178 0.018334 0.0066784 -0.00337606 -0.0104699 0.0274668 -0.00147666 -0.0167553 0.0114739 0.00472982 -0.0035073 -0.0145562 -0.0237974 0.0123935 -0.00795178 0.0328259 0.0250468 -0.000502002 0.00476373 -0.00250783 -0.00271051 0.0016861 -8.85498e-05 -0.00928803 0.0132037 0.00520192 -0.00709171 0.0182799 -0.00823737 0.00655915 0.0056351 -0.000620531 0.00314143 0.00870516 0.00453995 0.00847726 0.01672 0.0162503 0.0264256 0.00553566 0.0240179 0.00849149 -0.00856122 -0.00738609 -0.0132267 -0.0108263 -0.00521183 0.00551399 -0.00654433 0.000791918 -0.0138535
internal_weight=0 2826.07 7950.19 656.36 2169.7 398.718 342.113 314.247 197.958 5184.24 2067.74 1587.22 480.522 392.663 3116.5 1524.64 1412 513.084 1770.99 112.638 228.917 2765.95 2577.79 181.153 84.7758 2912.14 695.762 387.179 338.76 154.279 308.583 211.865 184.481 2216.38 125.942 96.7178 413.399 197.245 114.505 163.746 216.154 2396.64 233.557 172.481 2090.44 609.765 325.994 1480.67 821.324 774.993 283.428 283.771 1434.05 137.29 227.726 659.349 1296.76 1247.24 406.44 346.351 840.801 550.121 487.753 265.81 290.68 143.685 146.995 183.93 197.763 2317.41 2047.09 543.61 501.492 1503.48 160.679 1342.8 898.915 430.398
internal_count=130126 31149 98977 6176 24973 4822 3297 2879 1888 64759 27566 21270 6296 5074 37193 20369 18944 6947 20151 1425 3068 34218 31911 2849 1191 35146 8464 4572 4067 1639 3892 2545 2428 26682 1492 1347 5669 2879 1698 2006 2790 29062 2202 1689 25190 7939 4562 17251 9545 9102 3179 3377 15997 1568 2805 7706 14429 13980 4231 3603 9749 6506 5778 3196 3243 1600 1643 2210 2539 28195 24896 7136 6680 17760 2283 15477 11997 5662
is_linear=0
shrinkage=0.0454652


Tree=4
num_leaves=79
num_cat=0
split_feature=29 22 5 21 27 3 3 3 29 17 21 15 21 29 10 17 27 27 8 22 15 22 29 5 3 21 29 27 15 3 15 29 21 5 3 10 18 27 17 3 18 18 3 3 3 18 3 10 20 27 17 20 3 27 20 3 17 10 15 3 27 17 3 21 21 20 27 3 18 3 22 3 17 3 15 29 3 22
split_gain=39.0213 21.2124 16.9761 20.6203 17.11 16.3823 15.6347 13.1721 12.5665 20.7423 12.174 13.2743 15.451 32.86 29.6718 26.8691 13.6238 16.1587 13.4502 12.2668 12.2509 16.0326 12.805 12.5501 12.5436 12.7165 26.9003 11.3248 16.7755 11.7121 14.349 14.5587 13.1921 14.1931 11.8995 11.2753 11.1603 11.072 10.9022 10.7061 13.4514 9.87655 10.3851 9.81866 22.0392 19.8901 17.5668 21.1649 17.6477 22.7243 17.0944 14.5835 13.2052 16.9445 13.8837 12.6074 11.495 19.4443 13.0623 18.3209 17.9377 23.1216 34.633 23.1241 17.6253 24.539 12.6496 26.3367 12.1013 11.8169 17.1134 13.946 11.3744 11.6507 11.2276 10.806 10.5514 9.87675
threshold=-0.60785761475563038 -0.86226531863212574 0.79951566457748424 -5.5604472160339347 -0.72982063889503468 0.50786340236663829 0.27747114002704626 0.71253624558448803 0.87837970256805431 54.500000000000007 7.6051621437072763 11.47283983230591 3.6801409721374516 1.0000000180025095e-35 0.13184514641761783 37.500000000000007 0.87137606739997875 0.11969653144478799 -2.7872790098190303 -0.28880149126052851 20.762117385864261 -0.048852426931262009 0.87837970256805431 0.76187047362327587 0.94063594937324535 9.5279932022094744 -1.0000000180025095e-35 -0.16288578510284421 28.247900009155277 0.18391180038452151 6.1165473461151132 1.0000000180025095e-35 2.913819551467896 0.87626925110816967 0.23364611715078357 0.20049779862165454 44.500000000000007 0.37256073951721197 32.500000000000007 0.34118050336837774 86.500000000000014 41.500000000000007 0.69273892045021068 0.72657498717308056 0.8438517451286317 10.500000000000002 0.92753493785858165 0.13077536970376971 -0.93898788094520558 0.5464349389076234 72.500000000000014 1.3192463517189028 0.76240411400794994 -0.96298784017562855 1.2859035134315493 0.71606770157814037 80.500000000000014 0.099204029887914671 5.8480443954467782 0.32613314688205725 0.45201864838600164 33.500000000000007 0.60665312409400951 1.0000000180025095e-35 3.0488821268081669 -0.22814613580703733 0.69930991530418407 0.48802235722541815 33.500000000000007 0.52066385746002208 0.39337015151977545 0.49049106240272528 54.500000000000007 0.48288334906101232 7.681068181991578 0.6078576147556306 0.457323968410492 0.64387431740760814
decision_type=2 2 2 2 2 2 2 2 2 2 2 2 2 2 2 2 2 2 2 2 2 2 2 2 2 2 2 2 2 2 2 2 2 2 2 2 2 2 2 2 2 2 2 2 2 2 2 2 2 2 2 2 2 2 2 2 2 2 2 2 2 2 2 2 2 2 2 2 2 2 2 2 2 2 2 2 2 2
left_child=7 2 3 -2 5 -4 27 -1 39 -10 11 43 18 14 16 41 17 19 -13 -14 24 22 -22 -23 25 35 -27 -3 29 -29 -31 34 33 -33 -32 37 -6 -12 -20 -5 -41 -15 -43 55 45 -45 48 51 49 77 52 -48 -47 -54 -55 56 58 66 69 -60 64 74 63 -63 65 72 68 -68 -58 71 -71 -8 73 -61 -62 -74 -65 -46
right_child=1 6 4 8 36 -7 10 -9 9 -11 20 12 13 15 -16 -17 -18 -19 38 -21 21 23 -24 -25 -26 26 -28 28 -30 30 31 32 -34 -35 -36 -37 -38 -39 -40 40 -42 42 -44 44 46 50 47 -49 -50 -51 -52 -53 53 54 -56 -57 57 -59 59 60 61 62 -64 76 -66 -67 67 -69 -70 70 -72 -73 75 -75 -76 -77 -78 -79
leaf_value=-0.032355616857864741 0.020336003076609755 0.026843889106471036 0.044906334973901556 0.0090042753626826868 0.024204762378109264 0.012715797212962347 -0.0036784271144867987 -0.00195755992392331 -0.009981435014665389 0.028852088097545043 0.0021718257882050863 0.0097052793769176818 0.037030366878873948 0.013523126031504911 -0.006937324648755433 -0.018457133353549079 0.038920682808512873 -0.0026668594549802927 -0.018168533335730024 0.0096038979215762876 0.009032584769185701 0.014292812979713548 -0.011743668503724798 -0.0087086617876063997 -0.012270819763567703 -0.010903620103644538 0.026687333098161646 -0.011452244815046326 -0.023552290094026991 0.027904071620129648 -0.017665047419806214 0.0089239788853560723 0.0021152404457147993 0.048188044993983624 0.0066348511533356035 -0.0091876690135682462 0.0032061920391278065 0.023439343629615375 -0.0063489215204970417 -0.01513113448034353 0.0027236492517589556 0.00024322711000125319 -0.014577078371723496 0.0030994033074161309 0.027942544749271551 -0.016806968991115397 -0.018416654374812318 0.0058303211240141933 -0.0038439231462242319 -0.0089002960653265916 -0.021433215564810801 0.0066086694922064902 -0.021106658672979253 0.020845495940280012 -0.0050591239608911119 0.020300292597710958 -0.0028301111234414998 -0.0011565801995899118 -0.016275201594136798 0.029089611306348347 0.012916144171971334 0.023744061393087393 0.049553464336028821 -0.021112775822002661 0.016871224496100977 -0.01100176394953061 0.043516454753330491 0.0013434314665821316 0.013581586035758054 -0.017404012480038956 0.0030000973776084902 0.019674332232105081 -0.015012446579921382 0.0041242295852680667 -0.0037141086360555279 0.0098387002047964564 0.0064167265696885778 0.0053351059153685133
leaf_weight=96.216841176152229 94.506773205474019 51.900794625282288 52.731689317151904 78.623420726507902 60.332079268991947 104.30787781625986 360.30288879014552 47.528329364955425 46.55634075589478 58.77046088501811 160.73195258527994 62.437138129025698 57.48933494836092 77.126784726977348 164.21650785952806 271.76424791663885 46.780444771051407 92.450688514858484 294.98668315261602 99.111811183393002 391.1422572620213 50.236439129337668 67.103646008297801 423.38359143398702 51.326386839151382 45.909935491159558 174.56735501624644 54.720508370548487 34.933481656014919 73.072405474260449 70.543969174847007 49.400263732299209 95.720834264531732 34.846753939986229 87.321336522698402 87.701215364038944 337.36450954340398 74.825892329216003 406.69413715787232 242.34061112441123 126.86377231776714 367.34562548808753 126.08034296520054 218.70804307237267 157.43041413091123 129.87805271334946 205.45274432376027 232.23461460322142 148.10828886926174 58.668811544775963 260.61283770762384 56.854116030037403 47.882771465927362 85.435073982924223 74.909780157729983 66.01163499802351 151.40889216959476 527.60399056784809 107.68817144446075 58.433845462277532 114.41479063406587 111.66401785984635 54.97275598347187 45.250608270987868 89.866685522720218 432.69432091154158 62.961855543777347 61.376525390893221 215.98867525532842 274.62073680944741 115.28269531391561 57.687262399122119 78.21691033244133 121.03661178983748 279.01342183165252 58.736834466457367 62.029994202777743 63.754878018051386
leaf_count=1169 1322 668 453 903 675 1156 4847 592 489 714 1911 764 696 890 1971 3139 536 1120 3477 1269 4188 477 711 4987 706 470 2101 1010 667 1277 935 753 1295 540 1340 1048 4005 909 5291 2803 1501 4125 1485 2434 1823 1300 2865 2857 1676 582 2761 737 547 1077 837 800 1687 6825 1531 616 1343 1295 495 585 1065 5081 847 617 2604 3190 1400 766 954 1405 3504 672 685 793
internal_value=0 0.000551237 0.00622745 0.00112694 0.0120433 0.0246922 -0.00017257 -0.0229665 -0.00219243 0.0115094 -0.000642655 -0.00141829 -0.00450195 -0.00143652 0.00824318 -0.00679519 0.0168122 0.0119057 -0.00962777 0.0206614 0.00303447 -0.000174778 0.0058078 -0.00606544 0.00810849 0.0101984 0.0185866 0.00721169 0.00487862 0.00730179 0.010005 0.00570364 0.0144634 0.0271944 -0.00409433 0.00416771 0.00672689 0.00941551 -0.0114634 -0.00559787 -0.00890264 -0.00106378 -0.00353422 -0.000192009 -0.0029883 -0.00841561 0.00178407 -0.00397267 0.00852397 0.0152024 -0.0126954 -0.0127912 -0.00564223 0.00128121 0.00862172 0.00118318 0.000778675 0.00482648 -0.000910126 0.00142883 0.0027674 0.00831865 0.0183678 0.0095547 -0.00160924 -0.00397046 0.011301 0.0237836 0.00673007 -0.00562668 -0.0112788 -0.000180681 0.00550998 0.012985 0.00108254 -0.00403214 -0.00510563 0.0218576
internal_weight=0 10595.5 1202.4 647.661 554.736 157.04 9393.07 143.745 553.155 105.327 8840.61 7313.68 2066.48 1302.37 460.049 842.317 295.832 249.052 764.118 156.601 1526.93 931.866 458.246 473.62 595.063 543.736 220.477 552.46 500.56 465.626 410.906 337.833 179.968 84.247 157.865 323.259 397.697 235.558 701.681 447.828 369.204 570.553 493.426 5247.19 1739.93 817.427 922.504 494.541 427.962 279.854 598.719 262.307 338.106 208.228 160.345 3507.26 3441.25 1019.34 2421.91 1614.02 1506.33 667.346 273.917 218.945 838.985 749.119 491.736 124.338 367.398 807.894 389.903 417.99 316.424 179.47 393.428 136.954 107.281 221.185
internal_count=129641 127880 14021 7732 6289 1609 113859 1761 6410 1203 105374 87866 24763 15231 5592 9639 3621 3085 9532 1965 17508 10363 4899 5464 7145 6439 2571 8485 7817 7150 6140 4863 2588 1293 2275 3868 4680 2820 8768 5207 4304 6500 5610 63103 20289 8956 11333 6459 4874 3198 6522 3602 3761 2461 1914 42814 42014 12580 29434 19231 17700 7907 3060 2565 9793 8728 5755 1464 4291 10203 4590 5613 3647 2021 4847 1626 1270 2616
is_linear=0
shrinkage=0.0454652


Tree=5
num_leaves=79
num_cat=0
split_feature=11 16 7 27 30 16 2 16 28 2 0 5 5 27 2 0 11 16 16 5 28 7 11 27 27 16 2 2 30 0 20 16 12 5 0 9 16 0 16 12 5 5 20 12 11 9 8 12 5 11 0 2 17 33 2 2 9 7 7 20 7 28 27 0 0 30 5 16 2 28 11 17 28 27 9 27 0 0
split_gain=51.848 18.8827 40.0105 31.2308 18.2755 36.0356 39.6836 17.6706 18.7691 16.922 16.6572 25.4303 22.3304 14.7617 43.4513 17.3581 17.213 19.0541 16.3151 39.5691 15.2877 16.7498 16.674 15.7046 15.3932 17.62 18.7173 14.7717 14.5104 16.9211 14.65 32.8558 21.8104 16.2473 13.6309 14.0049 13.4626 31.3066 29.2168 20.027 19.8453 14.4458 23.4587 14.8613 13.2905 12.8943 15.5249 12.4054 12.3875 12.2231 11.9987 13.3719 12.1916 11.7251 11.6409 19.427 11.5335 11.4182 16.5637 11.3886 11.3195 10.9192 10.8552 10.5212 11.6735 10.2936 10.1305 11.0127 10.0672 13.9652 9.99744 19.9864 12.4243 9.87599 9.58176 9.47834 9.41839 9.30843
threshold=0.023648678325116638 0.55127933621406566 1.0000000180025095e-35 0.91080963611602794 0.81174489855766307 0.83961057662963878 0.69999375939369213 0.3944831937551499 -0.9686339497566222 1.5648726224899294 0.856366127729416 3.0166493654251103 6.0238730907440194 0.18436925113201144 1.1511284708976748 0.91341087222099315 0.15946267545223239 0.95597907900810253 0.42532521486282354 -0.58191192150115956 -0.14132478833198545 14.733240127563478 0.092419981956481947 -0.92794367671012867 -0.52803644537925709 0.83961057662963878 0.92797139286994945 1.2330266237258913 1.0000000180025095e-35 0.7524498999118806 0.71762630343437206 0.52988082170486461 0.072251640260219588 2.5294417142868046 0.90425428748130809 0.19393742829561236 0.22564597427845004 0.74687191843986522 0.41667445003986364 -0.13104663789272306 -1.4641058444976804 1.15189665555954 -1.7154420018196104 0.078358568251132979 0.10978664085268976 0.24013189226388934 1.6910704374313357 -0.05866353586316108 1.2739110589027407 0.056383606046438224 0.95587661862373363 0.57488131523132335 87.500000000000014 0.99393379688262951 0.52573606371879589 0.86215645074844371 0.23072670400142672 17.617897987365726 13.177598476409914 -2.8107894659042354 1.0132492184638979 -0.11969653144478797 0.82531082630157482 0.93645408749580394 0.63434424996376049 -0.56174489110708226 4.1219100952148446 0.72077998518943798 0.6948557198047639 0.11969653144478799 0.059075778350234039 72.500000000000014 -0.7866188883781432 0.60003554821014415 0.49248696863651281 0.098011311143636717 0.75786456465721141 1.0727525949478152
decision_type=2 2 2 2 2 2 2 2 2 2 2 2 2 2 2 2 2 2 2 2 2 2 2 2 2 2 2 2 2 2 2 2 2 2 2 2 2 2 2 2 2 2 2 2 2 2 2 2 2 2 2 2 2 10 2 2 2 2 2 2 2 2 2 2 2 2 2 2 2 2 2 2 2 2 2 2 2 2
left_child=1 7 66 9 13 36 -7 34 -9 54 11 -8 -12 18 16 -16 17 28 50 47 21 22 23 -21 25 27 -27 49 30 -30 -15 33 62 73 53 77 37 40 63 -39 -6 42 59 61 -28 46 -10 -20 -5 -22 51 -2 -53 -1 -4 -56 -17 58 76 -40 -55 -43 -33 64 -38 -19 67 -3 -44 -70 71 72 -52 -32 -58 -65 -26 -36
right_child=4 2 3 48 5 6 10 8 45 -11 12 -13 -14 14 15 56 -18 65 19 20 24 -23 -24 -25 57 26 44 -29 29 -31 31 32 -34 -35 35 -37 38 39 41 -41 -42 43 68 -45 -46 -47 -48 -49 -50 -51 70 52 -54 60 55 -57 74 -59 -60 -61 -62 -63 -64 75 -66 -67 -68 -69 69 -71 -72 -73 -74 -75 -76 -77 -78 -79
leaf_value=0.0047395047691232454 -0.0062254816555780629 -0.020510556061053623 -0.026910785004368998 0.038462259243199716 0.056452257532682661 0.046895738727790778 0.033858243640061216 -0.022441984822162832 0.01604497700781812 0.017882889777267374 -0.0083772494368278324 0.0033247327280183578 0.016263578521881653 -8.7485821491116668e-06 -0.01889967404947553 -0.011146345749541287 -0.016749600836504216 0.0061402176961554839 -0.029821751915373035 -0.017542191862568102 0.040735214348375091 -0.0094364696792050094 0.021875723284134098 0.0039190945863464962 -0.004298470502179747 -0.020150924186985376 -0.0036498583369755067 0.0069572645644120946 -0.02051212125463597 -0.00047896169698747205 0.015811520324067116 0 -0.022645013622018772 0.0078145495383557355 0.020018590749204462 -0.0097227483724714112 0.0003643739523846414 0.027064869567783676 -0.00099268324305733431 -0.0053053621662404234 0.0094217229406316268 0.031659801823264347 -0.024070580088741234 -0.0070680451279059907 0.017829861790770687 -0.0034418125080102769 -0.010676407756172143 -0.0075456823963013543 0.0026813552556572457 0.011827268363054384 0.017864111905584304 0.021469165806601676 0.006008193594965747 -0.011112266245470107 0.0053906524081972929 -0.015357597618407661 0.0052991478406932829 0.014243384458096661 -0.025905631253296871 0.029647873583862651 -0.032566490152058224 0.007202999736705561 0.015288704691071841 -0.013772186640013869 -0.024883444119639522 0.035124581895328917 -0.030519458500052089 -0.0032109895261558468 0.0084447403282321386 -0.01757233542324663 -0.0016707839784400426 0.025752334594111997 -0.0094676516131730303 0.050279262785500232 -0.01545950563349633 0.012847836947254559 0.016697426768670143 0
leaf_weight=54.707355631515384 67.011792289093137 255.6190608907491 65.32207540795207 43.827567502856255 35.700614828616381 66.991338223218918 117.08967536687851 45.983331214636564 278.15867603570223 47.075304053723812 160.65805921144783 114.59781891293824 135.68664714694023 820.41647773236036 307.52686272747815 337.951320938766 95.067584130913019 60.174708321690559 56.55845794826746 79.04143032990396 91.475950490683317 292.58421218581498 85.242036167532206 454.0974586699158 153.78900147229433 47.256797166541219 88.26517635025084 102.35409528203309 109.54053951986134 398.37800062447786 38.016443790867925 213.02990451641381 56.643908768892288 68.151248095557094 70.15887832455337 195.395837219432 44.372438494116068 44.32368678599596 38.371109258383512 209.19108123891056 44.144500078633428 80.213170059025288 66.842642195522785 51.317579025402665 154.17476842179894 164.73765485733747 48.22043170593679 527.19834680482745 40.885739931836724 59.115784691646695 46.570535209029913 251.14189247228205 205.36572396755219 208.24358398467302 161.84033374115825 203.68018602393568 230.50773830525577 87.346764829009771 53.92228196375072 54.169660869985819 73.914712782949209 85.697495527565479 163.30924754031003 54.232064126059413 157.36171173676848 50.831103377044201 139.04245523177087 120.21721164509654 90.237800225615501 72.469645304605365 409.71208710595965 94.13622154481709 102.29066378623247 57.597309364005923 52.684828892350197 48.010515760630369 56.656462533399463 133.896688522771
leaf_count=1802 783 3140 837 587 532 654 1136 569 3543 560 1415 1033 1265 10297 3753 3461 1253 676 700 876 929 3712 905 5669 1773 421 1005 1400 1670 4638 541 2699 550 973 843 2232 610 535 627 2813 663 936 827 690 1838 1920 622 6141 499 683 558 3273 2683 1911 1977 2410 2446 1074 644 685 750 1179 2059 734 1773 523 1522 1404 1168 888 5432 1115 1422 822 586 592 505 1557
internal_value=0 -0.00609 -0.0105213 -0.00201066 0.0015428 0.00564112 0.0147239 -0.00228057 0.00391571 -0.00663991 0.0102219 0.0192819 0.00281036 0.000436671 -0.00186959 -0.0100617 0.00168977 0.00260645 0.0024295 0.000247314 0.00359611 -0.000501825 0.00368138 0.00053731 0.00780774 0.0125832 0.00460388 0.0213137 0.00150146 -0.00502389 0.00388222 0.00927645 0.00250696 0.0263872 -0.00686295 -0.0010199 0.000971689 0.00867657 -0.00204368 0.000504245 0.0327556 0.00424031 -0.00175059 0.013212 0.00988097 0.00664687 0.0118663 -0.00997918 0.0226603 0.0303147 0.00680427 0.0119319 0.0147347 -0.0135532 -0.00957432 -0.00608094 -0.0055131 0.000242865 -0.00434754 0.0169334 -0.0172875 0.0197908 0.00662341 -0.0132595 -0.019196 0.0206121 -0.0196383 -0.0151994 -0.00965604 -0.00299734 0.00256865 0.00982353 -0.000349328 0.0382735 0.0011025 -0.000799964 0.00133702 0.00710651
internal_weight=0 2350.93 1077.51 562.631 8396.81 1771.68 595.024 1273.42 537.1 477.918 528.032 231.687 296.345 6625.14 3059.83 928.671 2131.16 2036.09 3565.31 2389.08 1805.32 910.965 618.381 533.139 894.357 542.643 289.697 252.946 1925.08 507.919 1417.16 596.748 432.983 163.765 736.317 399.451 1176.66 333.36 843.296 253.515 79.8451 539.319 322.091 217.228 242.44 491.117 326.379 583.757 84.7133 150.592 1176.23 523.519 456.508 336.866 430.843 365.521 621.144 351.715 264.368 92.5408 282.158 165.911 376.339 303.977 201.734 111.006 514.879 375.836 229.55 162.707 652.71 242.997 148.861 95.6138 283.193 102.243 210.445 204.056
internal_count=129928 28685 12936 6870 101243 20755 5503 15749 6654 5784 4849 2169 2680 80488 36947 10246 26701 25448 43541 28275 21434 11162 7450 6545 10272 6276 3264 3012 24249 6308 17941 7644 5308 2336 9095 4632 15252 4543 10709 3348 1195 7000 4195 2805 2843 6085 4165 6841 1086 1612 15266 6739 5956 4463 5224 4387 6493 3996 2922 1312 2661 2115 4758 3709 2383 1199 6066 4544 2883 2056 8527 3095 1980 1363 3032 1326 2278 2400
is_linear=0
shrinkage=0.0454652


Tree=6
num_leaves=79
num_cat=0
split_feature=29 23 3 29 7 21 30 13 2 21 3 12 3 12 12 13 3 12 2 13 7 18 33 12 30 13 18 21 21 13 23 13 18 21 3 7 18 21 3 2 13 13 3 2 13 7 13 23 23 2 3 3 13 23 3 2 23 1 3 13 23 3 23 3 13 7 6 18 5 7 3 29 2 12 21 2 23 5
split_gain=30.4789 21.2629 30.3144 20.3213 19.714 35.6661 30.2943 25.6286 39.474 21.9954 24.4393 23.9723 21.3296 22.2797 21.8007 26.7409 19.2731 18.4048 17.3339 17.2647 17.2046 18.5191 17.0582 17.6006 16.7302 17.2502 16.7255 27.2608 22.6552 17.2739 16.5289 16.3148 15.4982 15.4222 14.5018 14.1097 13.6227 15.0964 13.5919 25.2037 13.3575 37.8001 29.2863 15.9213 23.7193 14.8909 12.8176 22.3575 12.5637 12.5168 14.157 14.8371 12.1259 12.0376 15.6065 12.0157 11.892 11.5144 11.3051 11.1391 10.9749 19.2433 12.4736 10.9 10.8926 10.5797 11.6362 9.77893 10.8782 9.49934 13.5577 13.1923 11.4999 9.33906 12.3053 9.30078 27.6807 20.3811
threshold=-0.60785761475563038 0.56740379333496105 0.58173707127571117 0.87837970256805431 2.5106816291809086 0.33781750500202185 0.81174489855766307 -0.025409232825040814 0.60779953002929699 0.55358973145484935 0.87948217988014232 -0.04477086849510669 0.84615448117256176 -0.080776959657669054 -0.010506061837077139 -0.062909260392189012 0.22090826928615573 0.016683422029018406 1.5228504538536074 -0.021122906357049939 1.0000000180025095e-35 84.500000000000014 1.0013927817344668 -0.015929969958961007 -0.56174489110708226 -0.038817493245005601 57.500000000000007 12.020509243011476 4.2171106338500985 0.048405127599835403 0.65528041124343883 -0.014779082033783196 88.500000000000014 -0.99823293089866627 0.55425605177879345 -3.3087980747222896 84.500000000000014 -6.2142069339752188 0.42063744366168981 0.82768267393112194 -0.025985304266214367 -0.014269036240875719 0.35357497632503515 0.9852338731288911 -0.0012994823046028612 10.614531040191652 -0.040823319926857941 1.1848140954971316 0.77788484096527111 1.125344514846802 0.52314314246177684 0.38919423520565039 -0.032594770193099969 0.99035882949829113 0.54025420546531688 0.75195991992950451 1.1109202504158022 0.87479555606842052 0.3966673612594605 -0.037944091483950608 0.76616784930229198 0.65619388222694408 1.0070273876190188 0.71253624558448803 0.071184761822223677 0.11966655030846597 -3.2433151006698604 63.500000000000007 0.26942126452922827 -12.004868507385252 0.51568681001663219 0.6078576147556306 1.0992875695228579 0.053193990141153343 2.5975657701492314 1.0012817382812502 0.93719846010208141 2.7671583890914921
decision_type=2 2 2 2 2 2 2 2 2 2 2 2 2 2 2 2 2 2 2 2 2 2 8 2 2 2 2 2 2 2 2 2 2 2 2 2 2 2 2 2 2 2 2 2 2 2 2 2 2 2 2 2 2 2 2 2 2 2 2 2 2 2 2 2 2 2 2 2 2 2 2 2 2 2 2 2 2 2
left_child=63 2 16 19 5 7 9 8 36 10 33 34 13 46 15 58 -2 -5 69 59 35 73 23 -8 67 -26 29 28 -28 -25 31 -9 -21 55 -11 -7 37 -3 -35 -40 42 -42 -18 44 -43 -46 53 -48 -27 50 51 -32 -39 54 -10 -6 -14 65 -15 -4 -30 62 -62 -1 -47 66 -52 -16 -69 -17 -71 72 -72 74 -22 77 -77 -13
right_child=1 4 3 17 6 20 22 30 12 11 -12 75 56 14 24 18 40 -19 -20 32 21 -23 -24 26 25 48 27 -29 60 -31 49 -33 -34 38 -36 -37 -38 52 39 -41 41 43 -44 -45 45 64 47 -49 -50 -51 57 -53 -54 -55 -56 -57 -58 -59 -60 -61 61 -63 -64 -65 -66 -67 -68 68 -70 70 71 -73 -74 -75 -76 76 -78 -79
leaf_value=-0.028888972568053645 -0.014440954405952654 0.0021998551125616207 -0.0093879736094876348 0.034076962635802052 -0.019514105511391249 -0.006149504447432219 -0.0044393763904125201 -0.035585899259379335 -0.014193744302442577 -0.030534542732290657 0.038643457917924312 -0.0013959302421969089 0.031629280326258211 0.0048588798247586815 -0.0070161108394833664 0.0066913133301959556 0.0035690159006405986 -0.0060671383782769615 -0.0090971042507122755 -0.027345424276057181 -0.010312628317749763 0.013058216547525266 -0.0088783569447300342 0.011808332105828687 -0.019738752334058352 -0.014361815181210779 -0.0052644906058116787 -0.0060931725277664868 0.033819833402745483 0.046760873030881153 -0.011926288573997046 -0.0057597386562839867 -0.0004436839331421039 -0.0037219428797519837 -0.002643653724398998 -0.01935205213697231 -0.0019955342055428425 0.0412260397557353 0.03911035368578946 0.0039165209337696906 -0.025175885065799326 0.03385104292708236 0.037056088791075158 0.028834714677347537 -0.0043933890247151381 0.023423882750290791 -0.03576095367013598 0.0018835347528191079 0.016983833447597244 0.0020200596848974533 -0.0079025133246624028 0.0083080504428433479 0.010038695472884379 -0.011646170555999348 0.019084218174290464 0.0036406188142845586 0.0028786810225020017 -0.0043574341652145958 -0.018489110042176678 0.021493644439094548 -0.0069582560281570985 0.031966417780076549 0.017576991946317681 -0.0012908833577417323 -0.0022475024354529217 0.00050397696723186182 -0.030129080843157002 -0.0028522354857361148 0.024745335855615953 0.039286813907892772 0.019092763037841746 0.030832298824343369 -0.012217395540983807 -0.022569208146466235 0.014079746939264356 -0.010382129474579909 0.0017652458096825432 0.010172713148510653
leaf_weight=96.353369602933526 52.853247657418251 48.06084599532187 43.186463616788387 42.721305442973971 64.695965752005577 316.6686541698873 119.67246011644602 60.699850244447589 40.578042147681117 86.65421381033957 47.732017187401652 1013.4715487882495 64.974186468869448 85.28324044123292 64.567295761778951 99.895716184750199 102.85812845081091 42.145398149266839 45.593473594635725 125.06720340810716 137.4321801699698 117.06908311136067 91.411107908934355 71.585447117686272 175.09244317002594 41.150260103866458 77.95591939240694 147.55481912195683 103.98574933409691 58.090558905154467 105.57759474776685 108.33816543407738 73.261259239166975 67.359904285520315 75.66679909080267 402.34061353653669 40.255846094340086 103.99785188958049 73.442096864804626 101.90666767954826 56.147846516221762 59.964926166459918 120.94616026990116 100.75140477903187 199.39293520338833 92.550727717578411 78.710010839626193 49.267901320010424 57.775732943788171 717.18811160884798 95.414425382390618 228.44444838352501 44.144466826692224 165.20197144709527 76.142515679821372 132.23058600910008 60.998102536424994 389.70469113998115 75.364702638238668 43.389329671859741 80.41846639662981 86.576424635946751 80.10082421079278 47.903910029679537 46.783434757962823 53.527452742680907 125.94043243303895 42.400006588548422 71.535020999610424 83.983265755698085 43.211504673585296 59.891582831740379 44.580041853711009 67.043624712154269 56.308823810890317 619.93074092268944 1008.6213034596294 448.71827734820545
leaf_count=1157 985 659 515 578 681 3910 1285 657 627 974 464 11937 916 1213 784 1225 1351 498 534 1749 1676 1451 2677 751 2136 430 746 1102 854 428 1476 1231 1036 919 764 4839 581 1397 752 1181 630 704 1607 1284 2502 1115 777 612 843 8875 1043 2803 503 2188 905 1613 803 4375 1008 573 659 776 633 606 565 585 1380 452 945 1078 570 612 510 743 709 7263 12724 5157
internal_value=0 0.000408934 0.00609412 -0.00461052 -0.000315036 -0.00238121 0.00177933 -0.000202513 0.00371983 -2.67283e-05 0.00892574 -0.00139246 0.000985557 -0.000614875 0.00303949 0.00922484 0.0109078 0.0142297 0.0158261 -0.0105132 -0.00955429 -0.0015279 0.00916378 0.0112532 -0.0042215 -0.0112755 0.0139912 0.0104019 0.0161915 0.0287805 -0.00389654 -0.0173388 -0.0178586 0.00526322 -0.0182103 -0.0136724 0.0208486 0.0257243 0.0128906 0.0194836 0.0127554 0.00872147 0.0222197 0.0128025 0.00837855 0.00337719 -0.00950455 -0.0212895 0.00341897 -0.00250582 -0.00579989 0.00170129 0.0327719 -0.00375655 0.00702254 -0.00396569 0.0186105 -0.0096303 -0.00598512 0.00582208 0.0210988 0.0150882 0.00512112 -0.0203412 0.0146457 -0.0167576 -0.0210816 0.00634998 0.0143186 0.0194677 0.0245586 0.0150296 0.00282642 -0.00836035 -0.0028323 -0.000470578 -0.00284335 0.00213945
internal_weight=0 10604.2 1202.02 369.771 9402.14 4744.35 4657.78 3647.49 1762.66 3740.43 487.367 3253.06 1526.2 1400.22 990.324 537.804 832.249 84.8667 377.156 284.904 1096.86 377.854 917.352 825.941 452.521 274.018 706.268 576.592 429.037 129.676 1884.84 169.038 198.328 439.635 162.321 719.009 236.459 196.203 242.709 175.349 779.396 555.591 223.804 499.443 398.692 338.727 409.9 127.978 98.926 1715.8 998.609 334.022 148.142 281.923 116.721 196.927 125.972 664.587 160.648 86.5758 351.081 247.096 160.519 144.257 139.334 274.882 221.355 178.502 113.935 331.562 231.666 147.683 87.7915 260.785 193.741 3090.74 1628.55 1462.19
internal_count=129856 128093 15692 4949 112401 58061 54340 44733 22308 44429 5610 38819 19168 17449 12340 6750 10743 1076 4529 3873 13328 4579 9911 7234 5590 3409 5949 4770 3668 1179 22425 1888 2785 5146 1738 8749 3140 2559 2852 1933 9758 6800 2958 6170 4886 4182 5109 1389 1273 20537 11662 4279 1900 3720 1532 2294 1719 7383 2221 1088 2922 2068 1292 1763 1680 3008 2423 2181 1397 3995 2770 1692 1080 3128 2385 37081 19987 17094
is_linear=0
shrinkage=0.0454652


Tree=7
num_leaves=79
num_cat=0
split_feature=29 21 13 13 20 23 29 4 21 15 12 12 4 16 23 20 17 16 15 29 16 15 16 21 4 29 20 29 13 12 21 13 5 15 5 13 12 4 15 13 18 13 21 21 23 29 29 29 29 15 18 13 12 20 16 20 20 13 16 21 16 13 17 12 18 23 12 31 15 13 23 13 13 13 5 4 18 21
split_gain=33.4639 22.9208 26.5882 37.1636 33.566 26.4322 24.2561 25.4101 22.4708 20.1393 19.0059 20.7753 15.8692 15.786 15.1473 14.9948 21.6308 15.2875 14.8401 15.0586 13.4891 18.1829 29.4625 17.8643 16.8378 13.5101 13.2185 12.0579 12.1134 11.553 11.7234 15.3365 20.4856 11.4693 14.8686 19.7583 18.4343 12.5054 10.9368 10.7243 10.5815 14.6708 10.4891 14.1556 14.3416 10.4061 10.3414 10.3129 29.4949 10.289 10.2005 9.88451 9.76781 9.74572 9.73029 9.64158 9.57784 15.0034 9.39232 8.89238 11.7948 11.2433 10.6423 9.89252 11.5197 8.88531 8.74654 8.49902 13.5363 8.11954 7.74217 14.0032 9.57974 7.73912 13.2977 7.71189 7.59395 7.48119
threshold=-0.60785761475563038 7.6051621437072763 -0.025409232825040814 -0.01319830399006605 3.270954012870789 0.65528041124343883 -1.0000000180025095e-35 0.9537017047405244 -7.1726937294006339 10.987752914428713 -0.0665411241352558 -0.013210610486567019 -0.54818385839462269 0.52988082170486461 0.81480157375335704 -0.83388507366180409 21.500000000000004 0.62036114931106578 5.7899358272552499 1.0000000180025095e-35 0.38214336335659033 12.388307094573976 0.80280503630638134 0.66642057895660411 -0.26599904894828791 0.87837970256805431 3.0630357265472417 -1.0000000180025095e-35 -0.019535463303327557 -0.032856961712241166 5.3681926727294931 0.046925542876124389 1.6457821130752566 13.174785137176515 1.2309842705726626 0.054960500448942191 0.051475770771503455 -0.17691753804683683 13.631194591522219 -0.045049434527754777 33.500000000000007 -0.033192858099937432 11.173260211944582 9.5279932022094744 0.98636057972908031 1.0000000180025095e-35 0.6078576147556306 0.87837970256805431 0.6078576147556306 4.523170232772828 29.500000000000004 0.062709525227546706 0.041396679356694228 3.270954012870789 0.25948555767536169 0.6237829625606538 0.15616559982299807 -0.037944091483950608 0.74141436815261852 -8.7057271003723127 0.17487690597772601 -0.069335259497165666 86.500000000000014 -0.096609707921743379 6.5000000000000009 0.87796536087989818 -0.047863168641924851 1.0000000180025095e-35 23.011463165283207 -0.035722015425562852 0.58973500132560741 -0.080875489860773073 -0.086967132985591875 0.00082913428195752214 -0.7330220341682433 0.91260641813278209 49.500000000000007 3.5305052995681767
decision_type=2 2 2 2 2 2 2 2 2 2 2 2 2 2 2 2 2 2 2 2 2 2 2 2 2 2 2 2 2 2 2 2 2 2 2 2 2 2 2 2 2 2 2 2 2 2 2 2 2 2 2 2 2 2 2 2 2 2 2 2 2 2 2 2 2 2 2 2 2 2 2 2 2 2 2 2 2 2
left_child=-1 2 4 5 8 -4 -3 67 59 10 49 40 -13 -6 20 27 17 -17 45 39 25 22 23 24 -22 66 -25 -7 -29 -23 31 32 38 53 35 50 75 -37 55 -20 41 54 43 -9 -45 -14 -15 48 51 -10 -35 -32 -24 -16 -12 -31 57 -42 -55 60 61 70 -62 -63 -65 69 -5 -8 -69 -21 -2 72 -72 -26 -75 -36 -77 -40
right_child=1 6 3 14 13 15 7 42 9 -11 11 12 18 46 33 16 -18 -19 19 65 21 29 52 26 73 -27 -28 28 -30 30 47 -33 -34 34 36 37 -38 -39 77 -41 56 -43 -44 44 -46 -47 -48 -49 -50 -51 -52 -53 -54 58 -56 -57 -58 -59 -60 -61 62 63 -64 64 -66 -67 -68 68 -70 -71 71 -73 -74 74 -76 76 -78 -79
leaf_value=-0.021324339022472435 -0.026700794622902743 -0.0055716120656009987 -0.02458014966377536 -0.0026650984688898526 0.00019273503708754056 -0.015653059530422855 0.016226352545909286 -6.9946291915588975e-05 -0.021339955638473473 -0.01250835024679259 0.013485974355046094 -0.0011536143949130897 0.04177867683824206 -0.010805155118801936 -0.0017136207106953 0.0089312967657692865 -0.021581010061521896 -0.015643562098131274 -0.02006566743214417 0.01178748499470313 0.0031148650156899438 -0.014720636827709363 0.043210220216006782 0.001781442873732703 0.011077750833451649 0.0098497062089094728 -0.02325585354072866 0.014769791758082903 -0.0034933818211119868 -0.031534960973254353 -0.0062528322647839602 0.020742284400460342 0.014091750275581795 -0.035473196038373615 0.018798684489399173 0.0052287548519099405 -0.011123678917321878 -0.016454421674483872 0.012680048778571588 0.0076087109804060743 0.061037792126115251 0.030507095903587602 -0.0034843528641364703 0.0012628136792382238 0.029564254281304266 0.01305748307365728 -0.03872570067870295 0.008937863942134066 -0.033981227900480332 0.0045324955575514825 -0.014042481729655058 0.015188664008315386 0.013250270304380011 0.026860600321043419 -0.012488764873606787 -0.00162509188146975 0.016580343767156606 0.019947771927588166 0.0023723386652595253 -0.0074242014290353325 0.028457216805026692 -0.00076091861636143419 0 0.0019132197795245969 0.031911414240347005 -0.00090655703906336268 -0.021606782644727179 0.016465810501303808 -0.0093289550744640477 0.036723723389011691 -0.0020946680202775288 -0.018550035972970332 0.025881582739771515 0.01151957391228656 0.04790965995091942 0.013018505726156863 -0.0078810760631341948 -0.010076707866334312
leaf_weight=144.02386706881225 34.400648210197687 352.40832138061523 204.72997776605189 106.88183627463877 107.61643963865936 70.234012812376022 571.48079052008688 224.9652051217854 46.890610661357641 74.587042104452848 71.488335847854614 231.35643737204373 52.741151617839932 79.737586354836822 2161.1897993180901 122.60753567516804 222.65517668239772 84.572497783228755 51.980070957913995 98.76293814368546 213.71535594202578 107.64516207575798 54.70724237523973 509.02134513296187 92.334523851051927 68.613584583625197 43.493834126740694 133.02418232150376 156.38300019316375 51.871971065178514 170.59604704193771 104.15008008480072 143.04169280081987 75.8985137604177 83.354699265211821 145.29790909402072 182.41561007127166 81.718327961862087 57.596997251734138 53.368700314313173 41.328855345025659 63.037317082285881 385.82150683552027 70.347518941387534 85.101132545620203 71.726359704509377 49.791632322594523 78.969694955274463 69.661650875583291 76.087072443217039 165.92668079771101 55.258063169196248 54.900405073538423 43.421865660697222 44.053256522864103 43.834210481494665 78.867325633764267 49.269020223990083 121.76023795083165 240.27627040818334 59.253440193831921 176.80350599437952 46.91575057990849 62.160418869927526 48.350374054163694 47.94560475833714 106.91968500241637 81.765186633914709 76.535491671413183 44.150328278541565 73.510539069771767 72.812740568071604 32.14629115909338 47.949191208928823 47.328825891017914 59.852114491164684 76.660788817331195 52.758814927190542
leaf_count=1788 668 4543 2369 1439 1261 714 6588 2475 553 855 1026 2882 720 914 25527 1585 2614 1027 638 1335 2589 1410 554 6460 1021 927 509 1537 1865 680 2170 1445 1723 921 1011 1619 2286 888 856 697 524 790 4182 734 946 1019 488 835 800 883 2062 584 517 657 458 507 953 655 1420 2893 731 2239 526 828 611 527 1306 824 775 576 1267 977 466 638 545 797 963 692
internal_value=0 0.000435034 -0.000531921 -0.00202423 0.00367685 -0.010095 0.00503205 0.00757079 0.00557659 0.00957384 0.0111237 0.0132075 0.00821488 -0.0123144 -0.000544332 -0.00617001 -0.0118655 -0.000977973 0.0134436 0.00748838 0.00227224 0.00360461 0.00766501 0.00497229 0.0122234 -0.00690448 -0.000258071 0.000559804 0.0048237 -0.000973052 0.000819656 0.00576464 0.000969919 -0.00256938 -0.00701435 -0.0124844 -0.0004578 -0.00251829 -0.00800358 -0.00583966 0.0222183 0.0134986 0.00169715 0.00706036 0.0174227 0.026548 -0.0227589 -0.00503421 -0.0090017 -0.00531754 -0.0214446 -0.000618103 0.0296482 -0.000874627 0.00308637 -0.0189522 0.0305918 0.0410322 0.00959074 -3.93833e-05 0.00283715 -3.26732e-05 0.0163001 0.00570487 0.0161334 0.0150635 -0.012589 0.0136276 0.00377317 0.0206294 -0.00796317 -0.00356752 0.00661927 0.0220572 0.0313137 0.00821494 0.00104712 0.00140293
internal_weight=0 10602.8 8754.37 6472.95 2281.42 994.206 1848.43 1496.02 2044.27 1197.64 1123.05 1000.08 652.032 237.146 5478.75 789.476 429.835 207.18 420.675 296.208 2281.25 1998.84 1063.45 953.843 401.328 282.415 552.515 359.641 289.407 935.384 827.739 453.254 349.104 3197.5 871.125 468.841 402.283 227.016 206.062 105.349 348.044 178.579 766.235 380.414 155.449 124.468 129.529 374.485 295.516 122.978 241.825 225.854 109.608 2326.37 115.542 95.7062 169.465 90.5979 165.182 846.63 606.354 500.185 106.169 287.314 110.511 190.859 213.802 729.781 158.301 142.913 212.87 178.47 105.657 187.613 95.278 219.868 136.513 110.356
internal_count=129884 128096 107029 78069 28960 11711 21067 16524 26297 15091 14236 12800 8394 2663 66358 9342 5226 2612 5512 3773 28207 24535 12833 11762 4793 3672 6969 4116 3402 11702 10292 5903 4458 38151 10547 5490 5057 2507 2735 1335 4406 2274 8337 4155 1680 1739 1402 4389 3554 1436 2983 2754 1071 27604 1484 1187 2132 1179 2077 11206 8313 7056 1257 3678 1439 2438 2745 8187 1599 1911 3378 2710 1733 2204 1183 2771 1760 1548
is_linear=0
shrinkage=0.0454652


Tree=8
num_leaves=79
num_cat=0
split_feature=29 15 28 15 15 7 5 27 10 14 29 7 30 14 14 28 7 23 23 6 17 10 14 29 12 12 6 30 14 29 27 15 29 30 14 5 12 23 18 28 14 28 28 14 6 6 5 27 27 27 27 12 12 12 23 1 18 30 6 12 27 28 17 23 30 28 17 5 17 23 30 27 5 7 15 17 18 15
split_gain=29.2777 17.884 26.7641 29.2226 26.1773 31.7573 25.6939 23.7023 27.2931 19.9056 20.8042 20.7075 27.419 19.6047 19.4924 19.0904 18.6304 20.2827 17.9082 15.7991 27.2343 15.639 15.4039 14.999 14.9696 20.4273 14.8931 14.7227 14.1763 20.2149 20.9249 19.952 19.7161 13.8531 13.8029 18.9409 13.7561 13.0379 12.9154 12.7971 12.6851 12.5219 12.4032 12.2897 12.2813 11.9142 19.6407 27.6136 13.3009 14.6391 12.8009 12.5256 11.6161 16.895 11.6109 17.0905 11.4303 12.7296 13.986 13.6698 15.3819 11.151 11.1172 10.8804 10.8127 10.7587 19.877 12.1374 10.9753 14.3407 10.7371 14.8987 14.0637 13.4934 15.9339 14.6781 21.8784 12.9061
threshold=-0.60785761475563038 17.182117462158207 -0.56457334756851185 23.011463165283207 12.302654266357424 1.0132492184638979 0.50113943219184887 0.95032352209091198 0.30352327227592474 -3.0256282091140743 -1.0000000180025095e-35 17.15245342254639 0.81174489855766307 -2.4885996580123897 -6.421100139617919 -0.076279435306787477 1.0000000180025095e-35 0.80325055122375499 0.81175503134727489 3.8427588939666752 40.500000000000007 0.062223916873335845 -4.5713124275207511 1.0000000180025095e-35 0.093999505043029799 0.11223202198743822 3.1671656370162968 1.0000000180025095e-35 -4.1966428756713858 0.6078576147556306 -0.16288578510284421 10.034797191619875 0.87837970256805431 -0.56174489110708226 -2.8084579706192012 4.6531052589416513 0.03071154281497002 0.72460752725601207 43.500000000000007 0.33172981441020971 -5.71523094177246 0.63435554504394542 -0.50938662886619557 -4.0322189331054679 0.12071994319558145 2.1136555671691899 1.4772813320159914 0.58244305849075328 -0.076279435306787477 -0.66746801137924183 -0.92794367671012867 -0.035440851002931588 0.031387517228722579 0.072251640260219588 0.96273815631866466 1.5675333738327029 52.500000000000007 0.81174489855766307 7.8034510612487802 0.077130042016506209 0.41268247365951544 0.24825246632099154 88.500000000000014 1.3049069046974184 -0.56174489110708226 -0.58244305849075306 46.500000000000007 -3.5396320819854732 60.500000000000007 1.2929603457450869 1.0000000180025095e-35 0.60003554821014415 -3.392584919929504 -5.9361934661865225 6.7517974376678476 51.500000000000007 70.500000000000014 4.4519670009613046
decision_type=2 2 2 2 2 2 2 2 2 2 2 2 2 2 2 2 2 2 2 2 2 2 2 2 2 2 2 2 2 2 2 2 2 2 2 2 2 2 2 2 2 2 2 2 2 2 2 2 2 2 2 2 2 2 2 2 2 2 2 2 2 2 2 2 2 2 2 2 2 2 2 2 2 2 2 2 2 2
left_child=-1 4 3 23 13 41 37 8 9 11 -11 15 22 14 45 -4 17 39 -15 28 -21 -12 27 -3 33 -26 -20 -13 29 30 61 -30 44 -23 -25 -36 -5 -7 -39 64 -8 -6 -32 -17 -31 46 51 48 49 62 -47 -2 -9 -54 70 65 -42 59 -59 -58 -61 -18 -48 -19 -16 68 67 -67 69 -56 71 -53 -73 75 -75 -72 -77 -74
right_child=1 2 7 36 5 6 40 52 -10 10 21 12 -14 18 16 43 19 63 26 20 -22 24 -24 34 25 -27 -28 -29 31 32 42 -33 -34 -35 35 -37 -38 38 -40 -41 56 -43 -44 -45 -46 50 47 -49 -50 -51 -52 54 53 -55 55 -57 57 58 -60 60 -62 -63 -64 -65 -66 66 -68 -69 -70 -71 73 72 77 74 -76 76 -78 -79
leaf_value=-0.020227138339777184 -0.001207876155284799 0.013021635378667393 0.01748393056763662 0.0041539400235336733 -0.013252370598605831 -0.00022692923781581677 0.017839333740244934 -0.019648933429086409 -0.011703121539340887 -0.00031303957579172 0.043213965348096503 0.007431578258238254 0.039980070048262734 0.028842124663708786 0.024688590287054224 -0.0041323402355158906 -0.0086467655462402447 -0.025252049259766051 -0.015211341648267292 0 0.034779934010502819 -0.0098752419813719645 0.018921160698553367 0.0089189510384251273 0.046904649229599277 0.016476993571065558 0.014471696918378886 -0.026622954505624019 -0.024802385966343481 0.038429358779567074 0.021353416182741568 0.00067879047372060763 -0.0024241432593631231 0.014518820403313175 -0.028634901904091424 0.002814114323706689 -0.019983601061846972 -0.024003256698950724 -0.006457816325208217 -0.011926585817050236 0.0090605087743807575 -0.036223561138051349 -0.005075010170738658 -0.031274696108490728 0.0045409410957839421 -0.025632320359471002 0.0088332347368553655 0.025302309407114486 -0.0065879732798725084 0.020474972885761909 -0.0020966468787702846 -0.00076692788665005658 0.021267319802562933 -0.0093917435220436784 0.026577292663361195 -0.0019739010949526297 -0.00043086243001125529 -0.0025934179937505499 0.028301943649744445 -0.004966051637595028 -0.032161051876082064 -0.038748080093691219 -0.013981634896047692 -0.0030494491863164372 -0.0039179239168228566 0.024622771483343912 0.03587796462275817 -0.0017571160404685183 -0.01201067840496043 -0.0055830358059511427 -0.010162329143861858 -0.0067449554268517514 0.0012038343058633318 -0.02270115492664862 0.0049362454072416411 0.028969402307656097 -0.01055134683166682 0.030275045519549938
leaf_weight=142.87746278196573 2072.353350834921 199.31390243023634 47.571435417979956 56.856760900467634 235.72664059139788 178.71917420625687 86.76853396743536 78.276486866176128 106.26699422672391 121.63748747110367 54.433794863522053 52.520076626911759 55.59417300671339 90.490065915510058 49.871040215715766 104.85672643221915 68.675566732883453 201.87994298711419 52.866577664390206 178.16302367299795 59.164920046925545 53.860527206212282 73.719573037698865 102.13948639854789 66.986267978325486 177.84088557399809 84.546963907778263 43.302693344652653 131.91124142706394 56.913983024656773 47.699887663125992 112.0100672673434 103.05328759737313 249.53955532796681 71.081388186663389 76.96124804392457 218.94750687479973 183.41058815456927 187.1462194621563 102.90556251443923 210.8925681039691 67.685369787737727 118.14541686698794 52.760812729597092 42.221335042268038 48.090135361999273 121.82390644401312 168.78804230503738 158.73219868540764 133.97438173368573 692.53338179923594 311.21883084066212 53.336204558610916 100.10634154267609 61.957290384918451 182.6129099316895 342.48718733340502 66.284247927367687 47.265621542930603 119.91028385609388 69.901346957311034 46.544575929641724 63.584721865132451 66.897866485640407 48.419662108644843 54.39990702457726 99.836694199591875 84.823116822168231 48.959009919315577 44.829103460535407 87.694532262161374 42.776804415509105 50.266321446746588 123.49960985034704 59.355719665065408 71.073790516704321 42.063992930576205 103.41933576576412
leaf_count=1787 25596 2293 627 750 2928 2483 1362 942 1214 1548 563 916 652 859 582 1335 762 2212 517 2154 695 711 942 1337 580 1941 948 458 1366 660 560 1255 1175 2363 769 921 2406 2242 2321 1336 2598 816 1286 629 583 588 1547 2060 2017 1563 8948 3805 603 1113 774 2323 3935 769 490 1487 797 541 787 739 563 631 1167 1042 607 632 1066 516 867 1413 878 888 532 1461
internal_value=0 0.000204631 0.00383501 -0.003271 -0.000750969 -0.00561238 -0.00282485 0.00732012 0.00978708 0.0118413 0.0164468 0.00389571 0.0133756 0.000569126 8.80418e-05 -0.00633077 -0.00456054 -0.0119494 0.0135528 -0.000874602 0.00915067 0.0198892 0.00363547 0.00379308 0.0171824 0.0256314 0.00259765 -0.00792889 -0.0042461 0.000188104 -0.00755484 -0.0130862 0.0111246 0.009956 -0.00345833 -0.0123287 -0.0148454 -0.010616 -0.0154393 -0.000728951 0.0016856 -0.0189486 0.0025698 -0.0140802 0.02522 0.00145355 0.00240104 0.00966879 0.00388095 0.00925227 -0.0038226 0.00104998 -0.00583391 0.00123076 0.00426329 0.00927134 0 -0.00303309 0.0103885 -0.00604444 -0.0156993 -0.0221259 0.000618846 -0.0200331 0.010526 0.0145619 0.0206147 0.00861823 0.00467672 0.0129281 0.000937171 0.00530214 0.0149793 -0.00470761 -0.0135572 0.00322139 0.014004 0.0213532
internal_weight=0 10605.2 2217.91 725.3 8387.25 1796.2 1492.79 1492.61 1260.89 1154.62 724.299 430.325 225.137 6591.05 6363.14 205.189 1434.48 469.974 227.904 964.503 237.328 602.661 169.542 449.496 548.227 244.827 137.414 95.8228 727.175 483.254 281.065 243.921 202.189 303.4 250.182 148.043 275.804 549.276 370.557 201.196 943.51 303.412 165.845 157.618 99.1353 4928.67 4188.04 646.903 478.115 319.383 740.624 3541.14 231.719 153.443 1468.79 577.418 856.741 645.849 113.55 532.299 189.812 115.22 185.409 268.778 98.2907 394.805 239.06 139.223 155.745 106.786 891.369 507.681 196.462 383.688 182.855 200.832 113.138 153.686
internal_count=130129 128342 25613 8476 102729 22228 18484 17137 14479 13265 7706 5559 2968 80501 78177 2591 16469 5432 2324 11037 2849 6158 2316 5320 5595 2521 1465 1374 8188 5567 3149 2621 2418 3074 3027 1690 3156 7046 4563 2481 11438 3744 1846 1964 1243 61708 52172 7974 5914 3897 9536 44198 2658 1716 18602 7176 10076 7478 1259 6219 2284 1303 2334 2951 1145 4853 2840 1673 2013 1406 11426 6649 2844 4777 2291 2486 1420 2328
is_linear=0
shrinkage=0.0454652


Tree=9
num_leaves=79
num_cat=0
split_feature=11 29 16 7 3 7 3 16 13 14 5 7 12 3 29 20 13 11 16 13 30 17 3 8 12 3 13 7 12 3 14 18 3 16 8 14 30 16 20 3 14 3 11 17 17 3 18 12 12 3 3 7 11 13 29 13 8 14 18 11 3 13 16 3 13 3 13 7 30 16 7 29 29 13 7 3 20 14
split_gain=40.6724 19.9208 16.4963 28.9885 18.9676 14.7998 15.6424 14.9654 12.6586 12.6103 12.1673 26.3694 21.8734 19.449 19.1434 17.602 18.3794 16.3018 15.8869 17.1878 21.0111 15.6626 15.5186 15.0746 15.0653 15.9404 17.8659 14.0323 13.1789 15.7397 14.2634 11.6555 11.5736 11.4207 10.9399 10.7368 13.2042 10.3165 10.1619 10.0342 17.9631 13.5717 12.648 11.5815 9.82256 9.74162 9.53671 15.6471 15.4313 13.3586 19.0715 20.6392 18.6743 12.4236 12.0566 16.4238 10.3201 16.4258 9.51462 10.3876 13.7508 9.45039 19.1092 22.3017 13.6297 9.87901 9.31956 9.31216 9.22666 8.86181 8.7007 8.53342 7.97987 18.4411 19.0853 11.2113 9.62951 11.0824
threshold=0.020711290650069717 -0.60785761475563038 0.55127933621406566 1.0000000180025095e-35 0.52314314246177684 -0.45300047099590296 0.42330889403820043 0.46871966123580938 -0.01319830399006605 -13.765820503234862 0.46499584615230566 20.875149726867679 0.072251640260219588 0.90247163176536571 1.0000000180025095e-35 3.8742339611053471 0.037943152710795409 0.15537108480930331 0.57958945631980907 0.058984497562050826 0.81174489855766307 3.5000000000000004 0.709478259086609 0.24750307947397235 0.054061923176050193 0.81905439496040355 -0.0074227559380233279 24.17430400848389 0.0065615398343652495 0.2885767817497254 -2.4374856948852535 83.500000000000014 0.34118050336837774 0.76243308186531078 -0.1167219579219818 -3.9816511869430538 -0.56174489110708226 0.78580507636070263 -0.45532160997390742 0.32344418764114385 -6.2337093353271475 0.42063744366168981 0.089450266212224974 46.500000000000007 70.500000000000014 0.96268859505653392 87.500000000000014 -0.059950426220893853 0.0093130865134298819 0.68897458910942089 0.54729264974594127 -16.269391059875485 0.11669569462537767 -0.043977608904242509 0.87837970256805431 -0.028872664086520668 1.2052035331726076 -10.8290958404541 13.500000000000002 0.075858440250158324 0.30527907609939581 -0.024312164634466168 0.38214336335659033 0.457323968410492 -0.062909260392189012 0.47761167585849768 0.049692569300532348 -5.3550825119018546 0.81174489855766307 0.13181092590093615 -8.0066995620727521 0.87837970256805431 0.6078576147556306 0.035534523427486427 16.472710609436039 0.47589810192584997 1.2190403938293459 -10.229018211364744
decision_type=2 2 2 2 2 2 2 2 2 2 2 2 2 2 2 2 2 2 2 2 2 2 2 2 2 2 2 2 2 2 2 2 2 2 2 2 2 2 2 2 2 2 2 2 2 2 2 2 2 2 2 2 2 2 2 2 2 2 2 2 2 2 2 2 2 2 2 2 2 2 2 2 2 2 2 2 2 2
left_child=2 -2 4 8 5 6 -1 -7 -4 -6 11 18 13 17 -13 16 -14 22 34 39 23 -17 28 71 25 -24 -27 -19 58 30 33 -18 66 -30 -3 -10 -37 38 -5 40 -20 -41 44 -42 -43 -15 47 49 54 50 51 -36 56 -52 61 -56 69 -58 -12 70 -61 64 -63 -64 -49 -66 -31 -55 -40 -51 -60 -21 73 76 75 -75 -34 -78
right_child=1 10 3 37 9 7 -8 -9 35 -11 12 14 15 45 -16 21 31 27 19 20 -22 -23 24 -25 -26 26 -28 -29 29 32 -32 -33 72 -35 46 36 -38 -39 68 41 43 42 -44 -45 -46 -47 -48 48 -50 52 53 -53 -54 67 55 -57 57 -59 59 60 -62 62 63 -65 65 -67 -68 -69 -70 -71 -72 -73 -74 74 -76 -77 77 -79
leaf_value=0.0011260521933793095 -0.017146711429084128 -0.0014254963172846216 -0.029624931803749831 0.0070490134802336556 -0.020832964305470273 -0.0096198477793132744 0.031822376671701666 0.02017878978073467 -0.019423638797610266 -0.00304257782687474 -0.004457836853386808 0.035614468488780013 -0.01794324617149174 0.038602267001392875 0 -0.0040536712586490536 0.016184276727435169 -0.023251242907039227 -0.019409024342079931 0 0.021093379690775755 0.0071757040491821616 -0.015141510318722866 -0.01469507974296534 0.016260776514669503 0.025361164363288419 -0.0097382346055113009 0.0026509162475369732 0.019121383918087462 -0.015918405085417309 0.042234360731293712 -0.0063505788313805754 -0.0011227630540930648 -0.01061996510916423 -0.011176375163557621 0.01225212272880361 -0.015705526823120968 0.00777077208618932 -0.014851718797872669 -0.020154305780282412 -0.0016055030684537092 -0.006553620463953364 -0.022182000934302191 0.031684331019709529 0.0085246681727490711 0.010781094754953702 -0.0086170923058710436 -0.0024825903310796964 -0.0074203200181669586 -0.002036487836485773 -0.00062259499178152168 0.023377824706999315 0.029299511603097711 -0.040408079759651862 0.0018018923129194103 0.03862035036278412 0.0032439706153727745 -0.022811561340856046 0.033744120577228857 0.02255977125391314 0.00074770598116483903 -0.013709136343829488 -0.010657186410703672 0.026892691484882918 0.035606710467542352 0.010445337760085499 0.0038877108402468751 -0.009966558091318611 0.0063603591395597538 0.020904859452239275 0.014881165261030576 0.021418294938672578 0.00040640496095105936 -0.023926070329463842 0.013720918598207978 0.001205769708410634 0 0.020548544578384662
leaf_weight=65.834887335076928 108.89119115844369 1276.9862562362105 138.68959198892117 81.3230373673141 91.55393672734499 121.06312811747193 77.227855410426855 43.946381820365787 183.08790374547243 707.53848093003035 59.57990687713027 69.913542602211237 212.06776529550552 50.551534377038479 57.22168193385005 442.00693264044821 66.059368060901761 70.592431141063571 38.261268358677626 151.68390137702227 98.417097980156541 591.8027777671814 186.44107825122774 124.19593147002161 65.930252440273762 50.503460371866822 60.635822836309671 94.210174441337585 75.612725960090756 104.98402305692434 36.801291117444634 140.95290536992252 69.550587898120284 34.63876455463469 66.709467101842165 62.926840564236045 67.807362547144294 148.81818849034607 212.24523680098355 194.5632093809545 34.423134725540876 422.82843841053545 84.622433956712484 42.903348717838526 106.8446129411459 71.48243366740644 102.97203534096479 52.168014097958803 78.404060240834951 50.638459466397762 66.003942100331187 66.577225986868143 56.933989558368921 49.223337713629007 41.369422493502498 75.398462913930416 191.45358967781067 62.380457885563374 66.36451686732471 79.674913212656975 227.2189893014729 83.983097571879625 46.406794326379895 85.467681843787432 71.404520181939006 77.505452187731862 81.19574960321188 48.589768413454294 46.661219650879502 83.623758245259523 367.44703419320285 46.112557804211974 489.63932256214321 76.736594963818789 88.001668622717261 60.098513022065163 71.191607944667339 289.33195301517844
leaf_count=951 1327 15846 1692 981 1269 1586 1041 578 2315 8360 706 832 2543 566 748 4879 802 907 668 1750 938 6978 2106 1476 760 518 692 1088 1248 1472 435 1546 847 459 1084 685 761 1693 2690 2408 504 4726 1000 711 1219 1018 1321 721 1024 620 770 881 793 591 622 867 2403 647 780 1042 2614 1056 648 983 922 876 825 600 555 956 4393 532 5600 854 957 650 912 3361
internal_value=0 0.00177857 -0.00533438 -0.00975468 -0.00150931 0.007946 0.0184514 -0.00109943 -0.0180074 -0.0052372 0.00203226 0.000272425 0.00370881 0.00597104 0.0203401 -0.000821372 -0.00865932 0.00515527 -0.000360819 -0.00440879 0.00310965 0.00233051 0.00603421 -0.00243289 -0.00256642 -0.00706309 0.00612182 -0.00844937 0.00743012 0.00480845 0.0187875 0.000783445 0.00317438 0.00930503 0.00161603 -0.012405 -0.00192324 -0.00193366 -0.00636194 -0.00787912 0.00424082 -0.0096837 -0.00617727 0.0169287 -0.0033787 0.0235697 0.0043113 0.0053532 0.0107156 0.000830467 -0.00650614 0.00591042 0.00585166 -0.0167972 0.0135068 0.0264815 0.00201808 -0.00323002 0.0121616 0.013581 0.00678933 0.00953546 0.00257028 0.0133969 0.0165748 0.023458 -0.00712627 -0.0267705 -0.0108039 0.0120951 0.0181661 0.00516645 0.0049118 0.0081828 -0.00216353 -0.0128269 0.0136735 0.0166424
internal_weight=0 8696.39 2048.72 941.559 1107.16 308.072 143.063 165.01 452.512 799.092 8587.5 4206.19 4381.31 2928.42 127.135 1452.89 419.08 2806.38 4079.06 1344.86 420.409 1033.81 2641.58 321.992 363.511 297.58 111.139 164.803 2278.07 1477.78 147.053 207.012 1330.73 110.251 2734.2 313.822 130.734 489.048 340.229 924.446 115.588 808.859 614.295 77.3265 529.673 122.034 1457.21 1354.24 612.108 742.134 297.104 133.287 445.03 163.817 533.703 116.768 388.096 253.834 800.285 740.705 306.894 416.936 215.858 131.874 201.078 148.91 186.18 97.8131 258.906 134.262 433.812 197.796 1144.55 654.911 224.837 136.835 430.074 360.524
internal_count=129785 104628 25157 11372 13785 4156 1992 2164 5453 9629 103301 51743 51558 34810 1580 16748 4891 33226 50163 15932 4696 11857 31231 3758 4076 3316 1210 1995 27155 17620 2142 2348 15478 1707 34231 3761 1446 5919 4226 11236 1883 9353 6945 1215 5945 1584 18385 17064 7719 9345 3926 1965 5419 1961 6695 1489 4626 3050 9535 8829 3656 5206 2687 1631 2519 1798 2297 1191 3245 1576 5173 2282 13181 7581 2461 1504 5120 4273
is_linear=0
shrinkage=0.0454652


Tree=10
num_leaves=79
num_cat=0
split_feature=29 16 28 16 7 7 2 29 29 3 3 21 4 2 0 29 27 21 7 2 2 2 7 2 3 2 4 27 3 14 2 2 7 1 27 28 3 3 28 3 7 6 29 6 7 3 2 3 3 29 3 16 27 29 7 27 3 4 0 21 21 7 21 27 0 29 29 21 29 14 3 0 28 16 21 27 6 6
split_gain=26.9569 19.9758 32.1279 26.2177 43.0369 22.6328 22.297 23.8459 20.3057 21.3623 17.3601 22.3202 21.1965 18.4842 17.1372 17.5917 15.7236 14.3848 14.324 19.9279 16.9183 14.1714 12.4174 11.113 10.5452 18.6014 16.7894 17.915 33.3611 31.3081 25.4873 25.0527 17.6624 16.8284 15.4118 19.6026 17.0686 18.8266 14.5023 13.7728 20.1979 12.1908 16.9233 11.7936 11.165 11.0483 10.1679 17.9351 12.6894 10.1631 20.4463 10.0317 15.4159 9.93423 9.41804 9.35499 19.3815 12.5289 12.2321 15.5117 12.2914 13.721 9.51269 10.5706 10.801 9.42754 11.9174 13.9987 13.1634 9.39629 9.19083 10.165 9.73704 20.1507 12.1927 10.9276 9.66561 9.18187
threshold=-0.60785761475563038 0.82940569519996654 -0.69930991530418385 0.58778586983680736 1.0000000180025095e-35 15.600475311279299 0.79210135340690624 -1.0000000180025095e-35 0.6078576147556306 0.51816061139106762 0.33904173970222479 6.9467070102691659 1.540501654148102 0.99629825353622448 0.92636358737945568 0.6078576147556306 -0.2693240344524383 10.415135383605959 16.472710609436039 1.8326389789581301 1.7274203896522524 0.33578222990036016 0.61711502075195324 2.201656818389893 0.55921116471290599 0.59395587444305431 -0.94979074597358693 0.60003554821014415 0.38679166138172155 -17.385206222534176 1.4216451048851015 0.60779953002929699 -13.038570880889891 0.61294257640838634 0.87137606739997875 0.098011311143636717 0.73246982693672191 0.62815293669700634 1.0000000180025095e-35 0.45486904680728918 -5.3550825119018546 1.8772291541099551 1.0000000180025095e-35 -5.2006030082702628 0.23433852940797809 0.41810643672943121 2.201656818389893 0.90247163176536571 0.96268859505653392 -1.0000000180025095e-35 0.35125786066055303 0.18903260678052905 0.89194178581237804 1.0000000180025095e-35 8.5546875000000018 -0.9738190472126006 0.65342688560485851 1.6773818135261538 1.0594151616096499 1.5857484340667727 -9.5998959541320783 1.3848263025283816 0.11024414375424386 -0.71473535895347584 0.60807040333747875 0.87837970256805431 1.0000000180025095e-35 -4.8963782787322989 0.6078576147556306 -9.8387041091918928 0.73662748932838451 1.1491329073905947 -0.95688340067863453 0.67473515868186962 3.9077267646789555 -0.95688340067863453 -0.30200459063053126 -0.42588675022125239
decision_type=2 2 2 2 2 2 2 2 2 2 2 2 2 2 2 2 2 2 2 2 2 2 2 2 2 2 2 2 2 2 2 2 2 2 2 2 2 2 2 2 2 2 2 2 2 2 2 2 2 2 2 2 2 2 2 2 2 2 2 2 2 2 2 2 2 2 2 2 2 2 2 2 2 2 2 2 2 2
left_child=22 3 5 21 -5 14 8 -8 9 49 -9 13 18 -12 -3 -16 -10 46 20 -20 -13 -2 -1 -14 26 -26 -23 28 29 33 -30 38 -32 -28 55 36 37 -36 -29 41 -41 45 -43 -37 -40 51 47 70 -49 -4 -51 -33 -53 -7 -15 56 -27 65 59 60 -57 62 63 64 -62 66 67 -58 -68 -63 72 -72 73 -6 -75 76 -74 -65
right_child=1 2 6 4 17 53 7 10 16 -11 11 12 23 54 15 -17 -18 -19 19 -21 -22 24 -24 -25 25 34 27 31 30 -31 32 39 -34 -35 35 43 -38 -39 44 40 -42 42 -44 -45 -46 -47 -48 48 -50 50 -52 52 -54 -55 -56 58 57 -59 -60 -61 61 69 -64 77 -66 -67 68 -69 -70 -71 71 -73 75 74 -76 -77 -78 -79
leaf_value=-0.034280968845104301 0.025997158538864161 -0.0093401243660614815 0.0002193258870050258 -0.01563802004603294 0.031355028462541061 -0.0038517344952024137 -0.008399693966952242 -0.013923667980846894 -0.014138881809248764 0.048442594661673881 0.011122748678762112 -0.0049479833725427393 0.0069416287016743931 -0.0036019972704187174 0.019344664833429094 -0.0048523008291215322 0.011536553175687029 0.021488426559557471 0.034249815706091945 0.0093120424111338158 0.02055642394101383 -0.0025007754839233435 -0.0060842538385454201 -0.012469956281091484 -0.019389604843061198 -0.033060669506115477 0.032224507358062184 0.0069989402047645173 0.012513659210678974 -0.017479311515106635 0.005430901468131551 -0.0051449667053619615 -0.033871880551728233 -0.001986824603065796 -0.0074312354859989473 -0.0048213731669203858 -0.015979763002826171 0.02509603457279528 0.043052416483040694 0 0.031604381236754714 -0.031512109228503137 0.0025344756175109538 -0.034576012241589613 0.010518915285851119 -0.012707174348402807 -0.019450266902912766 0.033641527964785728 0.0030135060689808592 0.034474074605947085 0 0 0.036465295904602318 -0.019925764112378168 -0.027188582849241194 0.024157632832131546 0.013995240247443419 -0.023579541389553461 -0.0011861136006655318 -0.019551895722735208 -0.022642937777752278 0 -0.014890161745464547 0.0051558735233564381 0.0013327575748665319 -0.013185577332379754 0.035111523662769088 -0.021019849316448413 0.00020418112800482251 0.023829943540645774 -0.017834698281490566 0.0012256976709743995 -0.0060947651742672328 -0.011167751932841556 0.017544301667890689 -0.0039148647892127686 0.017999657991029622 0.02394223603250693
leaf_weight=61.93106965906918 42.530827442184091 142.41399345546961 65.913287283852696 563.95134062692523 51.307199753820896 155.00909067504108 267.48377536796033 75.164204845204949 61.263108685612679 53.929794689640403 97.587887415662408 102.07179593667388 291.5569870043546 92.815272651612759 156.42868483439088 94.660238854587078 187.41832428984344 50.2631308529526 167.31767858751118 125.14650090225041 101.67137905396521 762.69051860272884 77.595785606652498 71.660164095461369 106.58359913527966 43.388912428170443 41.238679774105549 70.847541011869907 495.44492248445749 261.88317637890577 43.777396852150559 38.683611489832401 41.19010972417891 78.269405476748943 67.557191796600819 51.399731365963817 90.546148726716638 69.353996284306049 87.275167433544993 81.915417838841677 79.025530580431223 47.831739028915763 65.186818035319448 73.961643151938915 38.776680752635002 40.158809646964073 64.343753201887012 43.501150919124484 79.970291469246149 98.033956490457058 58.24440586194396 44.401410549879074 52.630934782326221 187.32181180454791 60.169293222948909 78.427546286955476 40.955681975930929 40.181937042623758 1050.7133078128099 42.337574258446693 44.983426565304399 46.948261680081487 54.794006256386638 333.5933292824775 170.24115198850632 52.595267837867141 46.156086403876543 44.348059477284551 45.440828062593937 116.66703372262418 153.0301743876189 83.517290553078055 48.058717492967844 85.74839236959815 41.93020436167717 1363.1347204539925 89.297129968181252 64.387103954330087
leaf_count=787 526 1559 860 6900 681 1612 3179 799 487 463 1029 1112 2935 902 1851 1302 2089 834 1557 1561 1115 9837 982 925 1084 552 584 1019 6003 3359 612 701 481 1119 750 503 818 646 1241 915 1062 657 901 782 522 459 897 530 1003 1050 654 576 643 2085 642 1140 515 537 12746 614 620 688 638 3984 2132 746 563 597 659 1303 1779 1101 537 1100 557 17012 991 787
internal_value=0 0.000271804 0.00363833 -0.000878478 -0.00449558 -0.00441489 0.00666258 0.00369533 0.0146916 0.0231433 0.0064856 0.0079574 0.0114407 -0.00378995 0.00291775 0.0100996 0.00489209 -0.00153177 0.0175326 0.0240186 0.00769834 0.00100873 -0.0195586 0.00288295 0.000772315 -0.00111654 0.0030019 0.00564098 0.00163219 -0.0086958 0.00851556 0.0114801 -0.0137541 0.0100987 -0.000340049 -0.0091486 -0.000870446 0.0089496 0.0249082 0.0053237 0.0158127 -0.000492177 -0.0120548 -0.0232903 0.0340635 0.00677199 -0.00214547 -0.00153786 0.0149186 0.0160233 0.0222094 0.0130878 0.0207532 -0.0129194 -0.0136551 0.000994472 -0.00622488 -0.00130012 0.00215747 0.0058866 0.00720552 0.00543816 0.0024178 0.00413171 -0.00378435 0.00273607 0.00793013 -0.00379154 0.0190521 0.0171193 -0.00265323 -0.0109958 -0.0014254 0.00841696 -0.00111677 -0.00265153 0.00929196 0.00852893
internal_weight=0 10620.7 2713.28 7907.37 2718.05 735.834 1977.45 1452.64 524.803 276.121 1185.16 1110 859.425 250.572 393.503 251.089 248.681 2154.1 496.207 292.464 203.743 5189.32 139.527 363.217 5146.79 2775.56 2371.23 1608.54 961.804 381.391 580.412 646.734 84.9675 119.508 2668.98 352.819 227.457 136.911 196.899 449.834 160.941 288.893 113.019 125.361 126.052 175.875 2103.84 2039.5 123.471 222.192 156.278 135.716 97.0323 342.331 152.985 2316.16 313.067 269.678 2003.09 952.379 910.042 831.614 667.999 613.205 215.225 229.496 176.901 85.3037 91.5969 163.615 1916.02 236.547 1679.48 178.986 127.679 1500.49 137.356 397.98
internal_count=130080 128311 29768 98543 33922 8409 21359 15756 5603 3027 12577 11778 9205 2573 4712 3153 2576 27022 5345 3118 2227 64621 1769 3860 64095 33404 30691 20854 12158 5062 7096 8696 1093 1703 32320 3499 2214 1396 2782 5914 1977 3937 1558 1285 1763 2379 26188 25291 1533 2564 1704 1920 1219 3697 1544 28821 4169 3617 24652 11906 11292 10152 8161 7523 2752 3080 2334 1112 1222 1991 23758 2880 20878 2338 1657 18540 1528 4771
is_linear=0
shrinkage=0.0454652


Tree=11
num_leaves=79
num_cat=0
split_feature=22 7 14 30 7 33 7 14 20 14 15 30 20 7 28 28 2 18 7 12 12 17 2 23 28 20 14 22 17 7 23 2 17 14 18 23 9 2 7 12 14 2 30 23 12 23 22 18 2 28 2 4 2 15 7 12 30 17 14 7 7 28 20 28 12 2 18 18 12 30 14 22 14 9 2 2 12 14
split_gain=18.6177 17.295 39.0718 17.4303 16.1595 15.2569 15.1119 17.8946 29.3561 17.5151 13.8748 14.5008 24.1565 26.1787 23.9951 22.282 28.9253 20.6646 19.6792 16.4007 16.07 20.8196 19.4946 21.3864 14.2475 14.1883 13.1039 12.7491 12.5717 15.9077 13.4686 16.2707 13.9273 12.243 12.0209 11.929 11.8926 11.8455 11.7755 15.8174 17.9972 11.5111 15.3606 11.3135 11.2035 16.7823 11.0183 10.9739 10.634 10.6074 10.5185 10.1407 9.55033 9.2794 9.16664 16.5638 10.9861 10.1408 8.90337 8.89295 13.4662 21.2161 21.5465 13.1466 10.6905 14.4182 16.6408 10.3295 8.7454 8.60406 8.47868 8.17992 8.08372 7.98125 7.94901 19.2715 9.85831 10.1282
threshold=-0.95089235901832569 2.5106816291809086 -7.3596391677856436 0.81174489855766307 0.23433852940797809 1.0013927817344668 17.847955703735355 -5.3818538188934317 1.0582588911056521 -2.7035269737243648 12.91022300720215 1.0000000180025095e-35 0.37628519535064703 -1.5025827288627622 0.63435554504394542 0.83743050694465648 0.56525307893753063 64.500000000000014 -7.5089263916015616 -0.031213527545332905 -0.059950426220893853 48.500000000000007 2.1389967203140263 1.329190790653229 -0.69930991530418385 -0.68966457247734059 -14.313629627227781 -0.49668811261653895 68.500000000000014 11.302720546722414 0.85029914975166332 0.80088320374488842 5.5000000000000009 -4.6283016204833975 57.500000000000007 0.83516377210617077 0.25219969451427465 0.95802688598632824 5.44451928138733 -0.04477086849510669 -9.9128627777099592 0.7375333607196809 1.0000000180025095e-35 0.64780631661415111 -0.059950426220893853 1.2101401686668398 -0.27229261398315424 65.500000000000014 0.85751155018806469 -0.3317298144102096 1.3072801828384402 2.7278490066528325 1.1118492484092715 15.090993881225588 -3.4268720149993892 0.038413304835557945 1.0000000180025095e-35 50.500000000000007 -12.783673763275145 10.614531040191652 14.13529682159424 -0.8253108263015746 1.0897771120071413 0.71473535895347606 0.048053096979856498 0.78791743516922008 43.500000000000007 48.500000000000007 -0.025721245445311066 1.0000000180025095e-35 -1.6426224112510679 -0.30556876957416529 -11.209033489227293 0.083550103008747115 0.5606922209262849 0.44015187025070196 0.060262007638812072 -3.3876073360443111
decision_type=2 2 2 2 2 8 2 2 2 2 2 2 2 2 2 2 2 2 2 2 2 2 2 2 2 2 2 2 2 2 2 2 2 2 2 2 2 2 2 2 2 2 2 2 2 2 2 2 2 2 2 2 2 2 2 2 2 2 2 2 2 2 2 2 2 2 2 2 2 2 2 2 2 2 2 2 2 2
left_child=6 2 10 38 50 28 7 8 34 -9 11 12 14 15 43 16 -14 18 20 -18 22 -22 49 -24 72 37 71 58 30 -30 32 -32 -5 -33 41 -27 -35 -19 44 40 -40 -1 -43 52 -3 -46 -20 -6 -49 -13 54 -45 -2 -11 55 56 57 -4 -16 63 -61 62 -62 74 65 66 -63 -65 -7 -64 -68 -23 -21 -29 75 -41 -76 -78
right_child=1 3 4 5 47 68 -8 9 -10 53 -12 17 13 -15 27 -17 19 25 46 24 21 26 23 -25 -26 35 -28 73 29 -31 31 33 -34 36 -36 -37 -38 -39 39 59 -42 42 -44 51 45 -47 -48 48 -50 -51 -52 -53 -54 -55 -56 -57 -58 -59 -60 60 61 64 69 67 -66 -67 70 -69 -70 -71 -72 -73 -74 -75 76 -77 77 -79
leaf_value=-0.018619851733902452 -0.0035068267054154264 0.019993504691013231 -0.014886555409449701 0.00368953294270164 -0.0090600183822603913 0.010873768203292306 0.024059881867195678 -0.013381297253921631 0.031262363855454584 -0.0028695823457112707 -0.017893019095987908 0 0.054082342372888455 -0.0092692524000592292 0.035686897453248788 -0.0043496974257950854 -0.0096285570877278053 -0.011098883888732905 -0.014033885704573149 -0.0087681507188024036 -0.0022291753288589001 0.022364126134599999 0.030381677932096052 -0.008664967997449308 0.027574378173334479 -0.024691196429145901 0.034942806656886177 0.019307627044994488 0.0085595200560020148 -0.02242673548325947 0.026694965874532482 0.018336541899787843 0.025669071959788892 -0.010546494734198353 0.013069725307012286 -0.0032157456428559507 0.0078852524303852384 0.018797241789945286 0.0089718866625813128 0.010547286790947729 -0.020148726645937757 0.018200425948524335 -0.0098350775394093811 -0.00048905417697009206 -0.0010328934746734839 0.015651780477553869 -0.00071578795445371003 0.018461884779024339 -0.0028317554934566007 -0.020025941125634172 -0.02558324479418185 -0.01983342000116757 -0.033038060731596777 0.019574735305291791 -0.014142617672620867 0.016865418376123376 -0.025012455957939991 0.014110415837886331 0.0073515980315959325 0.0073191796758575161 0.0095454494842745572 0.018182645421855374 -0.026091292954210251 0.0037793215861612051 0.0052532057637159763 -0.014543236007955289 -0.016874761090326745 -0.019390483797259002 -0.017497146863639776 -0.0033537554904852288 0.0072276027778957561 6.8470596508023897e-05 0.017457510997728406 -0.00083916965699040085 0.0052047803777230213 -0.022777452832782617 0.0049256096741117248 -0.013136678509508693
leaf_weight=65.00575721077621 56.024487996473908 88.524763992056251 45.88832051306963 94.772462449967861 202.97270441614091 26.194744694977999 86.153084103018045 179.17544941604137 99.67738994397223 73.825419008731842 85.294830277562141 103.89077558554709 45.435867704451084 99.109572457149625 57.42486041970551 82.852315112948418 41.466322967782617 59.264949215576053 232.98361239396036 43.670235143974423 132.95567873120308 63.597080837935209 59.989844303578138 47.624319300055504 163.48984795995057 177.21698551438749 78.357750596478581 49.28834823705256 81.324391152709723 52.220060512423515 61.365429166704416 69.910316221415997 197.16515962034464 159.60962518677115 159.1560875903815 85.682828575372696 123.62333932518959 43.6919319704175 53.609968492761254 51.484315879642963 167.6466482821852 73.583738010376692 78.445280684158206 1198.5884764511138 511.6880757547915 158.66231718473136 299.22394980117679 77.903034932911396 108.86864442192018 108.35968592576683 122.99564304947853 55.098917875438929 41.197389353066683 66.607856303453445 493.0664971396327 59.38798950985074 60.180301368236542 45.572893662378192 48.950897777453065 574.10370903648436 62.552448395639658 87.23153849132359 138.65042437054217 46.744466124102473 675.85116256773472 157.84723802655935 72.221443949267268 158.38819930143654 73.328448882326484 53.946375910192728 43.484454289078712 77.428706185892224 43.398548843339086 152.62024243734777 427.89208750240505 93.085547566413879 99.104002954438329 156.52249687165022
leaf_count=747 754 962 576 732 2441 780 871 2073 1258 696 1094 1489 646 1154 825 1138 481 719 2917 665 1636 788 859 621 2034 2236 916 544 903 453 524 653 1707 1330 2145 1139 1038 574 715 778 1912 897 984 14603 6169 1851 3779 1016 1249 1363 1519 668 503 607 5800 663 655 483 602 7164 724 941 1691 490 8227 1954 996 1846 2123 596 492 971 565 1712 5022 1025 1387 1965
internal_value=0 -0.000589889 -0.00245132 0.00135157 -0.00953547 0.00689349 0.00629087 0.00419232 0.00977769 -0.00399154 -0.000182591 0.000226399 0.00263709 0.0111524 -2.02023e-05 0.0161256 0.0212874 -0.00308542 -0.000156974 0.0153444 0.00496001 0.0116247 -0.00228474 0.0129801 0.019757 -0.0124859 0.0201263 0.0113097 0.00892094 -0.00350868 0.0113459 0.00581331 0.018848 0.00178438 0.00368203 -0.0180311 -0.00233404 0.00136565 0 -0.001233 -0.0128417 -0.00309583 0.00354314 -0.00266804 0.0050673 0.00291469 -0.00669948 -0.00173209 0.00599936 -0.0103487 -0.0131273 -0.00143967 -0.0173297 0.00769069 -0.0107475 -0.00247028 -0.0105998 0 0.0238436 -0.00031341 0.00154148 -0.00100361 -0.012663 -0.00370306 0.00185771 -0.0043569 0.00346116 -0.0139068 -0.00942472 -0.0201725 -0.00747185 0.0108056 0.00396517 0.00412748 -0.00106092 -0.010618 0.000940607 -0.00597894
internal_weight=0 9869.77 5051.02 4818.76 1216.84 939.514 881.63 795.477 475.868 319.609 3834.18 3748.88 2178.62 519.423 1659.19 420.313 337.461 1570.27 1204.41 292.025 672.204 352.339 319.865 107.614 250.559 365.857 219.384 308.284 839.991 133.544 706.446 414.509 291.938 353.143 376.191 262.9 283.233 102.957 3879.24 3120.37 221.257 217.035 152.029 1350.91 758.875 670.35 532.208 389.744 186.772 212.25 827.092 1253.69 97.2219 140.433 704.096 211.03 151.642 91.4612 106.376 2899.11 1865.89 1291.79 255.149 1033.22 1036.64 360.785 202.937 205.133 99.5232 192.597 115.706 141.026 87.0688 201.909 828.088 144.57 683.519 255.626
internal_count=129825 119547 62397 57150 14402 10243 10278 9407 6031 3376 47995 46901 26894 6683 20211 5529 4391 20007 15339 3745 8643 4311 4332 1480 3264 4668 2675 3683 7340 1356 5984 3545 2439 3021 4773 3375 2368 1293 46907 37925 2627 2628 1881 16528 8982 8020 6696 4706 2265 2852 9696 15271 1257 1303 8177 2377 1714 1059 1427 35298 22785 15621 3011 12513 12610 4383 2429 2336 2903 2287 1488 1759 1230 2256 10177 1803 8374 3352
is_linear=0
shrinkage=0.0454652


Tree=12
num_leaves=79
num_cat=0
split_feature=22 16 27 15 8 2 3 18 23 2 3 15 5 3 27 13 27 27 13 13 3 13 13 23 3 10 27 27 30 23 16 2 27 2 5 2 27 3 23 6 5 14 2 27 13 27 3 3 27 3 16 3 14 16 14 2 15 13 2 8 15 18 15 15 30 30 5 3 27 13 8 22 2 2 2 18 5 2
split_gain=22.7452 19.7745 16.4386 16.1693 18.0841 16.0327 28.1163 28.1927 18.7889 16.7476 24.5458 13.962 27.3447 14.6337 13.8561 12.9017 15.1531 12.4607 17.112 12.0335 13.2111 11.1168 26.2087 21.2057 20.7759 30.212 20.8293 17.0657 33.8399 19.7951 16.3395 15.8736 15.2184 14.1574 13.6389 14.9186 14.7607 13.0696 15.5647 12.9682 12.2731 11.9398 11.5749 19.7997 12.6379 11.4121 15.4035 14.7478 12.3351 12.2348 11.7219 11.02 14.0169 11.958 11.7763 10.9406 10.7563 12.3031 10.6188 10.2337 17.2807 13.1058 10.1533 10.34 10.0015 9.97651 9.69412 9.4738 9.40732 11.4395 11.1911 9.19101 9.02877 8.80755 11.5327 8.65762 11.1134 8.64075
threshold=-0.87267455458641041 0.80280503630638134 -0.72982063889503468 12.302654266357424 -1.9641691446304319 0.80947077274322521 0.47589810192584997 44.500000000000007 1.0196946859359743 0.5892627239227296 0.36362852156162268 7.0892508029937753 1.7315292954444887 0.65619388222694408 -0.65106672048568714 0.070077650249004378 0.6835516393184663 -0.98658463358879078 0.058984497562050826 0.050291035324335105 0.28079642355442053 -0.025409232825040814 -0.012675095349550245 0.65528041124343883 0.84615448117256176 0.11264251545071603 -0.94331136345863331 0.52803644537925731 -0.56174489110708226 0.99441510438919078 0.25948555767536169 0.57008215785026561 -0.90159028768539418 0.86703544855117809 -1.4641058444976804 1.0572925209999087 -0.31107263267040247 0.62815293669700634 0.54826998710632335 1.1660023927688601 1.3561368584632876 -11.918749332427977 1.0572925209999087 0.26932403445243841 -0.052846195176243775 -0.71473535895347584 0.6397002935409547 0.38679166138172155 0.18436925113201144 0.52314314246177684 0.13649319857358935 0.42741659283638006 -6.7307908535003653 0.50850036740303051 -11.816055774688719 1.8712390661239626 14.965861320495607 0.069116041064262404 0.96359333395957958 -2.0447347164154048 24.436732292175297 66.500000000000014 6.9521784782409677 1.1004797220230105 -0.56174489110708226 1.0000000180025095e-35 2.2536473274230961 0.35601826012134558 0.95032352209091198 0.086854849010705962 0.50546374917030346 -0.048852426931262009 0.75682196021080028 0.9906442165374757 0.74712160229682933 86.500000000000014 2.8659217357635502 1.4629747867584231
decision_type=2 2 2 2 2 2 2 2 2 2 2 2 2 2 2 2 2 2 2 2 2 2 2 2 2 2 2 2 2 2 2 2 2 2 2 2 2 2 2 2 2 2 2 2 2 2 2 2 2 2 2 2 2 2 2 2 2 2 2 2 2 2 2 2 2 2 2 2 2 2 2 2 2 2 2 2 2 2
left_child=2 3 11 21 72 6 7 15 -8 -9 66 13 58 -1 -4 16 -3 18 -7 20 64 24 23 -23 25 27 -27 34 30 40 -29 37 -25 -32 35 -2 39 38 -24 41 -30 -36 44 62 -28 -34 47 -47 -49 -50 -48 56 53 54 -53 -45 67 -58 -13 60 61 -19 63 -44 -6 -65 -11 -16 69 -61 -70 -26 -5 74 -21 76 -54 -63
right_child=1 5 14 4 19 17 8 9 -10 10 -12 12 -14 -15 51 -17 -18 59 -20 73 -22 22 31 32 71 26 42 28 29 -31 33 -33 45 -35 36 -37 -38 -39 -40 -41 -42 -43 43 55 -46 46 50 48 49 -51 -52 52 75 -55 -56 -57 57 -59 -60 68 -62 77 -64 65 -66 -67 -68 -69 70 -71 -72 -73 -74 -75 -76 -77 -78 -79
leaf_value=0.043492151908919495 0.023816764871130016 -0.0048987723707049494 -0.019514802216977208 -0.013699393959285338 -0.011900145873627109 0.00064588932714439845 0.032290532822567213 -0.014709210877239989 0.0030854169182306227 0.026056597881906514 -0.015096209013747853 -0.017783994639611514 0.025480690347698606 0.0072716461166693622 -0.005529044300650772 0.037196358404753133 0.025596429626352429 0.034075363431872591 0.033325822853498901 0.00072987967093975916 -0.016806907403611002 -0.025041870015839296 0.018230813986798843 -0.02141043488933175 0.029576002464106761 -0.027973706784248514 -0.010365752975357814 0.0065708980846634468 -0.011564355178245597 0.021589963171055999 0.055369798010445094 0.0010054563109238254 0.013354721656608295 0.018583971931456004 0.0021307263028611293 -0.0025371037782707848 -0.01137908678358888 -0.028905158631579417 -0.0080885402362115711 -0.012759673610667148 0.010998473339664533 0.029849159330022839 -0.014406002210934042 -0.023850686602755376 0.013520654606806739 -0.0173063853950331 0.0039198783005240248 -0.0085176250481160763 0.024957168748592037 0.00026710263248139714 -0.019481560970111236 0.015407549871196321 -0.022418292253076795 0.027399112640992141 -0.0064797620337386543 0.00037381635296389055 0.038372825396576542 0.0060540245313279893 0.0081757996509427121 -0.0023264790002942891 -0.0095689069170482831 -0.0069542939583029121 -0.01879594761216857 0.020149870625337546 0.021330104031558939 -0.00075402994791999264 0.00022496217181499717 0.015496147733285169 -0.021508030826239425 0.01087324230474913 0.0015039396299115282 0.0033549962190330004 0.008687749087873578 0.0054233848385656204 -0.02124481599143695 0.0011988676041530763 0.0025391538643827517 0.016441893948391521
leaf_weight=55.498112661764026 86.515987681224942 68.935965327546 50.952372539788485 41.494933389127254 33.055144585669041 94.435072608292103 131.22478363476694 172.98452873900533 75.952622832730412 77.414251143112779 79.374634016305208 69.853750804439187 93.779841111972928 46.865407733246684 93.542974151670933 47.186450151726604 56.447816457599401 51.780155235901475 49.882791323587298 99.524524932727218 490.842553505674 149.14727723971009 47.525528557598591 111.2687290776521 71.218015886843204 81.463639670982957 64.294683655723929 56.001407288014889 154.37060515396297 77.841993287205696 52.207192745059729 2362.1774422246963 70.232430847361684 54.041043559089303 96.7036386821419 79.835262935608625 247.05788727849722 51.323225684463978 408.95433350466192 54.977061372250319 67.131268374621868 48.115138828754425 41.686080913990736 157.68653000146151 128.20994489081204 65.361720230430365 51.974428400397301 73.330809567123652 84.518312510102987 85.86026344075799 184.58224709145725 83.552917573601007 100.70757130160928 49.074171362444758 114.07676324993372 45.278589745983481 49.438876727595925 55.846198989078403 51.977703334763646 1298.1284959800541 77.210608689114451 50.599352940917015 42.251048922538757 87.2804174143821 32.409651087597013 88.196662794798613 53.804531967267394 74.698590338230133 101.29081423021853 146.79188412055373 67.380017682909966 52.756597278639674 180.79769433103502 137.91559910774231 86.088771793991327 146.39515180885792 50.685580695047975 71.801769187673926
leaf_count=542 1100 827 606 456 550 1056 1208 2071 781 912 940 661 949 684 1321 504 650 577 562 1281 6796 1685 616 1356 1012 1042 924 897 2056 933 680 28745 855 466 1150 954 3192 471 5083 627 794 516 598 1963 1762 924 580 855 1086 971 1950 1164 1075 614 1330 563 551 589 590 14324 968 487 489 1053 661 1170 601 957 1151 1835 760 693 2412 2040 1003 1642 548 812
internal_value=0 -0.000887011 0.0057748 -0.00221263 -0.00725099 0.00233715 0.0079289 0.00244715 0.0220813 -0.00433129 0.00408376 0.0145829 0.00745164 0.028283 0.0024427 0.0175417 0.00882787 0.000176866 0.0128767 -0.0101852 -0.0142431 -0.00122215 -0.0026714 -0.00953729 0.00155807 0.000278737 -0.00676575 0.00515749 0.0117204 0.00237169 0.0281932 -0.000547523 -0.00616817 0.0384824 9.33591e-05 0.0111252 -0.00396888 -0.00781728 -0.00510503 0.00499936 -0.00443459 0.0122339 -0.00389651 -0.00781965 0.00524507 -0.00321269 -0.00551737 0.00103865 0.00635978 0.0130921 -0.014158 0.0039599 0.000109614 0.00813891 0.00265646 -0.0183102 0.0113343 0.0225425 -0.00641528 -0.000805784 0.00761076 0.0155445 0.000359637 0.00458525 0.00413635 0.00959356 0.0161518 0.00366905 -0.00216312 -0.000924957 -0.0122147 0.0192617 0.00412149 -0.00296819 -0.00944302 -0.00640082 -0.0139018 0.00647226
internal_weight=0 9556.13 1186.95 6783.51 1102.13 2772.63 763.326 556.148 207.177 383.578 210.593 317.975 215.611 102.364 868.971 172.57 125.384 2009.3 144.318 879.836 556.307 5681.38 3746.26 876.276 1935.12 1811.15 736.348 1074.8 461.594 299.344 162.25 2869.98 727.129 106.248 613.205 166.351 446.854 507.803 456.48 199.796 221.502 144.819 654.884 462.379 192.505 615.86 545.628 309.071 243.709 170.379 236.557 818.019 544.492 246.704 197.63 202.965 273.527 105.285 121.831 1864.98 251.392 174.181 259.414 217.163 65.4648 175.477 131.219 168.242 1613.59 1444.92 168.671 123.975 222.293 323.529 185.613 297.788 151.393 122.401
internal_count=129859 116036 13823 85010 15199 31026 8494 6505 1989 4524 2453 3426 2200 1226 10397 1981 1477 22532 1618 12331 8007 69811 45177 10262 24634 22929 9564 13365 5826 3783 2043 34915 8577 1146 7539 2054 5485 6170 5699 2293 2850 1666 8522 5836 2686 7221 6366 3836 2912 2057 2530 9791 6373 3108 2494 2526 3418 1140 1251 20914 2844 1876 3310 2821 1211 2223 1513 2278 18070 16159 1911 1705 2868 4324 2284 3265 1623 1299
is_linear=0
shrinkage=0.0454652


Tree=13
num_leaves=79
num_cat=0
split_feature=16 30 28 15 28 16 15 4 3 28 4 21 0 21 21 5 28 5 3 3 15 0 28 20 28 30 21 17 4 0 0 3 3 17 27 0 30 27 20 33 15 5 15 27 20 27 15 30 15 20 21 10 5 0 17 6 3 10 0 16 30 28 30 21 3 27 17 15 3 21 0 27 15 17 21 5 27 15
split_gain=13.9642 27.9818 25.6331 19.5144 18.7536 26.6832 18.0865 16.7183 14.9021 19.528 20.91 23.0007 17.1048 16.2564 15.7714 14.7846 14.5165 14.3596 17.579 13.7126 17.876 13.6845 13.3223 13.275 13.1761 23.461 17.6628 18.9135 15.1081 14.9109 13.4444 13.0447 16.6874 12.8919 12.9351 12.7045 12.4328 12.4131 12.845 12.6465 11.8028 12.4889 11.7839 24.1316 26.2558 17.8358 24.139 14.2288 14.4162 12.8855 12.3497 12.3179 11.0318 10.9394 13.1922 10.4049 10.4005 10.9663 10.1954 10.4475 10.161 9.83934 14.9782 14.7966 10.4597 10.3769 9.70955 14.4103 9.64283 12.3677 11.5203 10.7747 14.5345 14.3833 12.429 20.7705 18.7735 20.4078
threshold=0.82291585206985485 0.81174489855766307 -0.20576497167348859 12.302654266357424 -0.84915164113044728 0.85496675968170177 23.509823799133304 -1.6450195908546446 0.52314314246177684 0.87137606739997875 -0.26599904894828791 -2.1574555635452266 0.54242658615112316 -5.9373033046722403 -0.61152195930480946 0.76187047362327587 0.8491516411304475 -1.418759763240814 0.36835180222988134 0.38463847339153295 19.837974548339847 0.99959295988082897 0.47136868536472326 2.9218074083328252 0.69930991530418407 1.0000000180025095e-35 -0.42053803801536555 68.500000000000014 -0.62775099277496327 0.73236528038978588 0.5708216428756715 0.28430086374282842 0.25303006172180181 80.500000000000014 0.7298206388950349 1.0727525949478152 1.0000000180025095e-35 -0.14132478833198545 0.77573335170745861 0.99736112356185924 16.276668548583988 0.07923698797822 6.6806395053863534 0.56457334756851207 -0.031396426260471337 0.9015902876853944 8.1361403465271014 1.0000000180025095e-35 8.5409426689147967 -1.8922480940818784 3.392753124237061 0.10546093061566354 -2.1876914501190181 0.94581952691078197 49.500000000000007 1.6971361637115481 0.71970131993293773 0.15131290256977084 0.79669225215911876 0.33970321714878088 0.81174489855766307 0.20576497167348864 0.81174489855766307 -8.7057271003723127 0.66934624314308178 -0.11969653144478797 54.500000000000007 4.0369639396667489 0.85474067926406871 4.3713374137878427 1.0359489321708681 0.96863394975662243 17.03219032287598 19.500000000000004 11.173260211944582 1.9405845403671267 -0.83743050694465626 25.211611747741703
decision_type=2 2 2 2 2 2 2 2 2 2 2 2 2 2 2 2 2 2 2 2 2 2 2 2 2 2 2 2 2 2 2 2 2 2 2 2 2 2 2 10 2 2 2 2 2 2 2 2 2 2 2 2 2 2 2 2 2 2 2 2 2 2 2 2 2 2 2 2 2 2 2 2 2 2 2 2 2 2
left_child=3 4 6 8 5 -2 21 40 9 10 -1 13 14 22 -11 -15 19 -14 -19 -4 -21 -3 52 24 30 28 27 -27 -26 -28 -10 32 -9 -13 -35 -25 -20 38 -33 -39 41 -5 43 44 61 47 -47 48 -44 -49 51 -50 -12 54 -51 -17 -29 -58 -45 -60 -41 62 65 -64 -65 -32 -30 -68 69 -6 -70 72 73 -71 75 -74 77 -76
right_child=1 2 16 7 68 -7 -8 31 23 12 11 33 17 15 -16 55 -18 18 36 20 -22 -23 -24 35 25 26 29 56 66 -31 42 37 -34 34 -36 -37 -38 39 -40 60 -42 -43 45 58 -46 46 -48 49 50 53 -52 -53 -54 -55 -56 -57 57 -59 59 -61 -62 -63 63 64 -66 -67 67 -69 70 71 -72 -73 74 -75 76 -77 -78 -79
leaf_value=0 0.017443370084066632 0.019668207895845467 0.042880291391929157 -0.014688847894251301 0.016482811268206339 -0.013556593310280246 -0.012916049245867939 -0.0087216214666626119 -0.0221402791333212 0.019566479248475099 0.012045538284356058 0.00088299714088899064 0.0028236357230141838 0.013290959996422418 -0.013192882011065058 0.046912318854095761 0.0040815969295721153 -0.029315813369509121 0.0086929208847326151 0.032309096687679374 0.0033633035939751579 -0.0032247395246493421 0.0274474784914709 -0.017325206085235266 0.00028557882407674736 0.027805836009135474 -0.036643484845812986 0.0083853627569412479 0.0016018723377558754 0 -0.00069596506344829501 -0.013120374305477711 0.02041768006116787 0.003159773441837343 0.034010231223856317 0.0013760483415052854 -0.018043947298952676 0.000859611913712375 0.0031645298424029106 -0.020518080976917812 0.012094347532560135 0.0094123158777569445 0.0033690220317675098 -0.02677077380381284 -0.021115362092602889 -0.0052837730229664268 0.030164984267784564 -0.0090642514012233798 -0.0083239315046467928 0.0017954646749891296 0.0085964642738521752 -0.030274858500738216 -0.015496099473873728 0.0032689207838533254 0.033427840920991506 0.014785289866977205 -0.027772524766838922 0.0008626261606418527 -0.012669855477483489 0.0038293056103510786 -0.0016177410476870798 0.0095902422365402654 0.0088397411978812894 -0.036921905073827054 -0.0086800368226715215 0.011905135838292832 0.00018497864450818828 0.031067751890204536 -0.01822747030743738 0.0026046199750705528 0.0019307026096124073 -0.0089602721385069455 -9.9606702730022805e-06 -0.016044483300334363 0 0.018526834277492705 -0.0062129020880897726 0.03628196774496887
leaf_weight=922.35167581774294 63.949285078793764 114.80979096703231 67.813999101519585 104.07552614249289 138.70547015406191 341.38975083827972 111.54756196960807 90.023555058985949 63.536217216402292 87.510086510330439 51.787799017503858 542.41276587359607 112.22778966836631 131.91231984086335 40.243187582120299 76.269795807078481 102.19380563311279 112.5799700319767 66.718833582475781 85.393572833389044 97.425956748425961 91.252215091139078 37.622005527839065 197.71136088110507 144.09371234849095 44.424830336123705 49.356043390929699 71.340467048808932 56.617512743920088 41.284674230962992 567.3134700525552 172.55414396338165 66.304356347769499 68.312988288700581 50.252079697325826 111.39173426292837 66.890203133225441 85.054632391780615 220.65864221006632 395.93579487130046 158.27240233123302 69.505740560591221 274.02123006992042 82.104423059150577 111.57082230783999 61.380104154348373 94.236526630818844 76.210232654586434 238.08281162008643 48.461863346397877 54.818931080400944 70.798078868538141 59.671262618154287 166.90999642200768 72.204345582053065 42.162449881434441 50.21682752110064 49.412552049383521 344.92510937154293 95.241851015016437 76.483037766069174 246.01921410113573 43.553368197754025 47.204913640394807 78.27026210911572 170.69864155352116 43.928551243618131 141.15627575106919 92.88965667039156 237.66520005464554 137.1566404402256 149.5037253536284 195.2691098600626 126.0024767909199 76.511914158239961 318.81814839877188 263.51852790266275 49.685653954744339
leaf_count=12187 780 1039 547 1319 1371 4146 943 1550 910 1350 781 7044 1222 1779 582 914 1002 1322 857 860 875 878 508 2343 1478 500 739 1069 633 428 7422 2232 932 839 615 1362 830 2551 3148 4007 1953 855 3099 911 1261 603 862 996 2810 492 654 718 843 2060 887 554 545 516 3509 998 783 3133 530 506 998 1895 648 1637 1078 2484 1805 1760 2341 1290 867 3573 3058 589
internal_value=0 0.00284779 0.0109475 -0.000855131 0.00033142 -0.00842141 0.00136755 -0.00563777 0.000202622 0.00298516 0.00499881 0.00934045 -0.00510088 0.0179354 0.00878801 0.0249913 0.0193201 -0.0102292 -0.0163234 0.0251769 0.0175553 0.00943259 0.00541766 -0.00150034 -0.00072445 0.00489438 -0.00436039 0.00258866 0.0123297 -0.0207882 -0.00203804 -0.00832629 0.00353855 0.00399497 0.0173303 -0.0105 -0.0044766 -0.0103352 -0.00392045 -0.0147115 0.0031777 -0.00476913 -0.00155758 -0.00387807 -0.000431832 0.0019849 0.0160999 -0.000216312 -0.00434832 0.00686238 -0.0102682 -0.0138406 -0.00230367 0.0113182 0.0215895 0.0367475 -0.00418111 -0.0136256 -0.012062 -0.00898763 -0.0176007 0.00159485 -0.000553507 -0.012636 -0.0205106 0.00220237 0.0191873 0.0241581 0.00236015 0.00366667 -0.00617657 0.00233401 0.00372909 -0.00383068 0.00682823 0.0114472 0.000555808 0.0148159
internal_weight=0 2861.5 670.437 7916.29 2191.07 405.339 317.61 1438.87 6477.42 2468.93 1982.76 1060.4 486.17 399.426 127.753 250.345 352.827 358.417 246.189 250.634 182.82 206.062 149.081 4008.5 3699.39 691.831 306.035 215.395 385.796 90.6407 3007.56 1107.01 156.328 660.978 118.565 309.103 133.609 950.686 393.213 557.473 331.854 173.581 2944.03 1786.9 1264.63 1157.12 155.617 1001.51 637.721 363.786 363.7 308.881 111.459 287.576 120.666 118.432 170.97 99.6294 522.271 440.167 472.419 1153.06 907.041 169.029 125.475 738.012 241.702 185.085 1785.73 1555.68 230.046 1416.97 1267.47 363.668 903.803 514.087 389.716 126.198
internal_count=129995 31286 6144 98709 25142 4926 2860 19330 79379 32227 26064 13877 6163 5379 1932 3247 3284 4231 3009 2282 1735 1917 2132 47152 43447 8193 3797 2630 4396 1167 35254 15203 2482 8498 1454 3705 1687 12721 5380 7341 4127 2174 34344 21163 15745 13181 1465 11716 7281 4435 4182 3528 1624 3439 1379 1468 2130 1061 5418 4507 4790 14484 11351 2034 1504 9317 2918 2285 20216 17333 2883 15962 14202 3774 10428 5914 4514 1456
is_linear=0
shrinkage=0.0454652


Tree=14
num_leaves=79
num_cat=0
split_feature=16 30 14 5 22 22 7 28 7 3 5 2 2 13 28 14 5 17 3 13 2 3 18 28 22 3 22 7 21 2 2 18 9 16 28 18 28 28 2 3 8 21 30 7 3 22 14 14 3 13 3 22 22 2 28 13 16 21 13 7 13 2 13 16 13 17 17 18 30 7 21 22 2 13 28 2 2 30
split_gain=16.0152 29.2272 24.2154 21.2418 19.7137 17.6493 17.38 15.879 22.6692 17.7049 15.5029 21.0099 14.3807 13.9335 33.9534 16.6107 14.9333 17.1175 14.112 17.7237 15.3276 14.4757 14.2493 14.1616 13.648 13.6253 13.0198 11.942 14.8081 11.7435 11.7275 11.289 10.4378 10.2936 10.1237 9.80818 18.4798 9.74747 16.7972 9.56012 9.11374 8.8643 12.5955 15.7291 14.4021 13.5302 8.98811 8.49971 8.34042 8.97684 8.33984 10.2996 8.32265 14.8376 10.4742 10.3634 11.3192 9.1607 9.55147 9.98776 9.14458 9.69729 12.6909 10.5152 8.33132 8.21219 8.19181 8.11155 8.04116 7.84806 11.1826 11.9913 10.4318 8.85786 8.98761 7.7153 9.15184 15.0828
threshold=0.82291585206985485 0.81174489855766307 -5.6580302715301505 2.3864755630493169 -0.86226531863212574 0.462083250284195 3.5378807783126835 -0.69930991530418385 14.946542263031008 0.79380640387535106 1.314744293689728 1.1707081198692324 1.3725252747535708 0.079192396253347411 -0.22706275433301923 -3.2321530580520625 1.4772813320159914 58.500000000000007 0.53048458695411693 0.03437603451311589 0.77938276529312145 0.47589810192584997 85.500000000000014 0.39271505177021032 -0.38015691936016077 0.38679166138172155 0.36322730779647833 -6.5385596752166739 -1.3908094763755796 1.2755897641181948 0.42264306545257574 74.500000000000014 0.1603852063417435 0.53403338789939891 -0.86046862602233876 70.500000000000014 0.076279435306787505 0.41268247365951544 0.83811452984809887 0.42908270657062536 -0.53862169384956349 1.4132471084594729 0.81174489855766307 2.1378859281539921 0.42330889403820043 -0.056870412081480019 -7.8253846168518058 -3.3345794677734371 0.35125786066055303 0.012193290051072838 0.48015630245208746 -0.39044775068759913 -0.48029650747776026 0.5312524437904359 -0.11969653144478797 -0.025409232825040814 0.41230168938636785 -0.86505746841430653 -0.027736299671232697 -11.786025524139403 -0.062909260392189012 0.51571968197822582 -0.033790878951549523 0.47331173717975622 -0.0091981873847544176 1.5000000000000002 56.500000000000007 58.500000000000007 -0.56174489110708226 12.644034385681154 2.4689315557479863 -0.49668811261653895 1.1770364642143252 0.043637253344058997 -0.032717135734856122 0.5606922209262849 0.83811452984809887 1.0000000180025095e-35
decision_type=2 2 2 2 2 2 2 2 2 2 2 2 2 2 2 2 2 2 2 2 2 2 2 2 2 2 2 2 2 2 2 2 2 2 2 2 2 2 2 2 2 2 2 2 2 2 2 2 2 2 2 2 2 2 2 2 2 2 2 2 2 2 2 2 2 2 2 2 2 2 2 2 2 2 2 2 2 2
left_child=2 7 4 24 10 6 30 8 12 13 27 37 26 16 -15 -16 17 50 21 20 -20 22 40 31 25 -3 39 67 -29 -22 -4 -21 69 -30 -5 -11 -37 -12 -39 -2 -18 52 45 -44 -45 -43 -47 -10 -34 -50 51 -9 53 55 57 -6 -57 58 59 -55 -54 62 -62 -64 -60 -63 -56 -1 -35 70 71 -8 73 74 -72 -32 77 -77
right_child=1 3 5 34 41 -7 32 9 47 35 11 -13 -14 14 15 -17 18 -19 19 23 29 -23 -24 -25 -26 -27 -28 28 33 -31 75 -33 48 68 -36 36 -38 38 -40 -41 -42 42 43 44 -46 46 -48 -49 49 -51 -52 -53 60 54 66 56 -58 -59 64 -61 61 65 63 -65 -66 -67 -68 -69 -70 -71 72 -73 -74 -75 -76 76 -78 -79
leaf_value=0.0023847707002095375 0.0045649238477153365 0.044659896683129904 0.0064852480252310871 -0.01053990100158991 0.029822599694300837 0.0040949808294279749 -0.021005123503661658 -0.028773624539778594 0.0012595104493217798 -0.017974993037884242 0.04587234273364741 -0.0026208999384279993 0.019466649801787507 0.028480027453710952 0.0082927995662464074 -0.019345854079203778 0.03536268894756376 0.018033918294500746 0.015124314819315227 0.019690725586141721 -0.020317164066248908 0.03202121654380255 -0.0036886612104474392 0.028690408157182136 0.0084412753382693013 0.01334288874995208 0.0092632275753173846 -0.014699912901299225 0.017922698620505405 0.0049694672310076592 -0.026732901091274144 -0.0067917762068374432 0.005369468868604621 -0.018674679019831431 0.0080177982950247837 0.015973903577236215 -0.011916943968897106 -0.0015032668118110885 0.03611205474850275 -0.019268047330006394 0.01036871806267131 -0.013173089868308906 -0.015740695172051736 0 0.034797519515103958 0.0098734720844938194 -0.0059790614987473038 -0.019661770185353668 0.0010080533010668549 -0.015584572294897726 0.00083980358930717703 0 -0.0078622100683592468 -0.0018220584988808877 -0.0080482546983323619 -0.0099337728966120906 0.020275251052617474 0.019596692983430242 -0.019028983634117695 0.025103921137622137 0.010702341015196444 -0.015512569378023977 -0.020618511792518012 0.00067311224022515662 0.0053994218867365017 0.0010651819857835918 0.0019380795439801605 0.023112759869584453 0.0063902164814818377 -0.0097778951414980424 0.0055750750553239152 0.0059579392982595574 -0.0054817330656130783 -0.00044191772211413851 0.030671568420058359 0.0065525793290423899 -0.017374365874504805 -0.019507774974733466
leaf_weight=88.150314236059785 45.419638834893703 73.645593140274286 50.611799348145723 66.760599177330732 65.368463350459933 313.67911527492106 58.545215841382742 59.60383191332221 43.341045707464218 105.46384099684656 44.863133298233151 62.232680482789874 71.099996840581298 48.846184911206365 56.226555285975337 161.16889240965247 46.944205768406391 63.130172774195671 56.268886270001531 52.175594611093402 103.69575475342572 100.96643775142729 83.753186153247952 81.190957274287939 103.33787721022964 62.129733858630061 97.177389170974493 117.29434796608984 76.899476882070303 52.380601946264505 105.85542016103864 74.558265712112188 65.976006809622049 39.738237984478474 372.81781473755836 76.761528309434652 120.34660232625902 44.741438264027238 43.932968989014626 102.11958584934473 110.12367066368461 373.22747404687107 36.714058374986053 48.958885256201029 45.617245407775044 109.85725365206599 205.45723790116608 214.17887018434703 82.193786235526204 264.21927675232291 96.615317279472947 44.199635159224272 345.11223114468157 48.431677974760532 251.88760482519865 44.540659783408046 48.144684875383973 99.722711646929383 52.236574988812208 54.415871512144804 50.623015897348523 58.851576799526811 138.08342184685171 65.431611061096191 51.860469434410334 2751.3058643136173 488.69912396743894 77.546219760552049 59.697683669626713 101.12632595002651 57.16930590197444 67.748049627989531 61.973082697018981 49.054765895009041 79.882992587983608 107.75665215775371 291.41727348044515 72.432538250461221
leaf_count=1163 646 632 714 601 903 3660 632 690 551 1347 440 779 941 582 729 1733 493 740 463 572 978 1041 1020 914 1024 587 1197 1471 912 621 1280 785 890 517 3356 876 1536 557 609 1086 1286 5318 555 695 668 1593 2564 2603 945 3042 1005 558 4937 599 3169 532 609 1155 520 553 677 733 1537 840 571 33652 6404 1028 834 1237 693 800 857 617 938 1322 3353 947
internal_value=0 0.00297599 -0.000997585 0.0111816 0.000373912 -0.00557964 -0.00761921 0.000368279 -0.00606859 0.00272302 0.00780372 0.0184304 0.00196945 0.0050636 -0.00403873 -0.0119561 0.00748054 -0.00167184 0.0107015 0.00488434 -0.00415294 0.0175712 0.0108806 0.014246 0.0220367 0.0314866 -0.00315429 0.00304667 -0.00233387 -0.0116159 -0.0134117 0.00401247 -0.00342438 0.00576798 0.00501831 -0.0070455 -0.00070891 0.028382 0.0173767 -0.0116841 0.0188487 -0.000517918 -0.00486484 0.00769141 0.0175572 -0.00736072 -0.000247585 -0.0159895 -0.00869366 -0.0115426 -0.00835377 -0.0170706 0.000247397 0.00349636 0.00145763 0.0163269 0.00544748 0.00848759 0.00262743 0.0123829 -0.000889708 -7.91185e-05 -0.00852536 -0.0136596 -0.00666368 0.000678655 -0.00141848 0.0126955 -0.00349709 0.00107895 0.0042144 -0.00643359 0.00984496 0.0152133 0.021013 -0.0152727 -0.0123904 -0.00385869
internal_weight=0 2846.45 7919.29 678.692 6089.64 1829.64 1515.96 2167.76 573.337 1594.42 655.097 195.77 315.817 1291.85 266.242 217.395 1025.61 263.549 762.058 420.27 212.345 341.788 240.821 207.925 239.113 135.775 244.717 459.326 293.63 156.076 628.074 126.734 887.889 176.335 439.578 302.572 197.108 133.538 88.6744 147.539 157.068 5434.55 819.832 131.29 94.5761 688.542 315.314 257.52 412.389 346.413 200.419 103.803 4614.72 1205.31 1047.25 158.054 92.6853 306.667 206.945 102.848 3409.41 3064.3 254.138 203.515 104.097 2810.16 740.587 165.697 99.4359 475.5 374.373 126.293 248.08 186.107 137.052 577.462 471.606 180.189
internal_count=130214 31193 99021 6200 77094 21927 18267 24993 7024 17969 8310 2385 3870 14210 3044 2462 11166 2993 8173 4333 2062 3840 2799 2271 2243 1219 2929 5925 3734 1599 7616 1357 10651 2263 3957 3759 2412 1606 1166 1732 1779 68784 11393 1918 1363 9475 4157 3154 4877 3987 2253 1248 57391 15015 12971 2044 1141 3398 2243 1152 42376 37439 3054 2377 1091 34385 9573 2191 1351 5774 4537 1432 3105 2248 1631 6902 5622 2269
is_linear=0
shrinkage=0.0454652


Tree=15
num_leaves=79
num_cat=0
split_feature=29 23 3 2 3 21 28 15 29 13 2 13 28 30 16 23 2 6 30 14 3 12 2 13 14 23 3 28 29 3 15 21 23 16 30 23 16 3 4 15 12 28 3 29 15 12 30 2 2 28 23 9 12 14 14 3 13 23 30 28 6 16 3 3 6 29 28 3 21 15 14 4 2 9 15 15 15 15
split_gain=16.2396 15.7399 17.1119 13.6045 13.1892 10.2081 21.8724 19.8082 18.4514 15.5772 26.5081 25.8534 22.6621 22.6856 34.142 21.4115 21.2269 21.1905 19.7331 18.5481 16.3577 24.07 17.0188 17.6338 17.2702 15.3351 15.6523 19.2318 14.2688 14.1688 14.1546 13.4302 18.0789 13.8379 19.0621 15.5738 13.2688 13.0884 12.3734 12.2922 14.7293 22.7568 12.0521 12.0315 11.9794 16.3541 15.6745 13.8773 24.4624 15.8488 15.3451 16.936 21.3046 15.0306 13.5524 16.2718 12.7073 12.6217 11.3959 11.1121 16.2516 14.2087 27.7261 24.0695 16.3851 10.9434 14.0826 13.4466 13.1914 10.6212 10.2619 10.2105 10.1655 10.0729 9.99716 9.86728 9.80381 17.5607
threshold=-0.60785761475563038 0.46594700217247015 0.58964040875434887 0.82768267393112194 0.36835180222988134 7.6051621437072763 -0.86046862602233876 23.78441143035889 -1.0000000180025095e-35 -0.026571368798613545 0.60779953002929699 -0.0057428791187703601 0.87137606739997875 1.0000000180025095e-35 0.20729245990514758 0.58125239610672008 1.4410180449485781 1.9354165196418764 -0.56174489110708226 -12.783673763275145 0.84615448117256176 -0.090310122817754732 1.7448034882545473 -0.062909260392189012 -21.623269081115719 0.65528041124343883 0.52314314246177684 0.69930991530418407 1.0000000180025095e-35 0.94063594937324535 8.0690088272094744 11.799627780914308 0.98236382007598888 0.8458765745162965 -0.56174489110708226 0.83814558386802684 0.88187456130981456 0.93399435281753551 -0.83581179380416859 4.6628084182739267 0.011979361530393364 -0.31107263267040247 0.35357497632503515 0.6078576147556306 12.91022300720215 -0.032856961712241166 0.81174489855766307 0.64180606603622448 1.0012817382812502 -0.60003554821014393 0.97049760818481456 0.3166715949773789 0.0072503231931477794 -7.1618585586547843 -1.6965755224227903 0.39144243299961096 0.054960500448942191 0.70081380009651195 1.0000000180025095e-35 -0.98279649019241322 1.041180491447449 0.38214336335659033 0.90247163176536571 0.96268859505653392 -6.707831382751464 0.6078576147556306 -0.032717135734856122 0.8690147101879121 -4.4821472167968741 20.762117385864261 -11.209033489227293 -0.68790000677108754 0.5892627239227296 0.16347768902778628 10.573864459991457 2.9620774984359746 5.5285081863403329 7.7446575164794931
decision_type=2 2 2 2 2 2 2 2 2 2 2 2 2 2 2 2 2 2 2 2 2 2 2 2 2 2 2 2 2 2 2 2 2 2 2 2 2 2 2 2 2 2 2 2 2 2 2 2 2 2 2 2 2 2 2 2 2 2 2 2 2 2 2 2 2 2 2 2 2 2 2 2 2 2 2 2 2 2
left_child=-1 2 3 -2 -5 9 7 58 -8 10 12 16 13 14 -3 -12 25 20 19 -19 21 -17 23 24 75 72 28 -28 38 31 -20 32 33 -10 -35 43 -33 -22 -27 -25 41 -41 -15 -36 59 46 -46 50 54 -50 51 52 -47 -51 55 -49 -57 -55 -7 60 -13 64 76 -64 -61 66 67 -18 -68 -34 -32 -59 -11 -4 -65 -23 -63 -78
right_child=1 5 73 4 -6 6 8 -9 29 11 15 44 -14 42 -16 17 65 18 30 -21 37 22 -24 39 -26 26 27 -29 -30 -31 70 36 69 34 35 -37 -38 -39 -40 40 -42 -43 -44 -45 45 47 -48 48 49 53 -52 -53 -54 57 -56 56 -58 71 -60 61 -62 62 63 74 -66 -67 68 -69 -70 -71 -72 -73 -74 -75 -76 -77 77 -79
leaf_value=-0.015476558844818905 0.0058931015150977479 0.0028251150518336992 -0.014853573834174454 0.002225984314144891 0.033471650227360997 -0.0093361498907459338 -0.0053173069999955021 -0.024950802214612922 -0.014577953765100951 -0.0028681080130150793 0.015938726245225368 0.021138799879607633 -0.0062113230480730086 -0.0065180459725684044 0.057886150714426342 -0.010603445533615698 0.0092626731636271525 0.023238568287322639 -0.0029947202288024628 -0.0096996711471618955 0.028997491228041444 -0.0046814091000708285 -0.015247809112897503 0.0032539198639388056 -0.018138026865479419 0.0083252704131110099 -0.013738828958873116 0.0083221322684636362 0.0092500963438740102 -0.013651631382096241 -0.045896578460570804 0.019829522248882087 0.027646625911046368 -0.0095739264277594216 0.035373166912683593 -0.00057727181346751576 -0.0010873879259993835 -0.00039477894324924318 -0.018261850512176693 0.0089255783463388465 -0.00091060021312014611 0.040602025441998174 0.022616080576814607 0.010574100617630559 -0.022930265533491812 0.0029629499644725174 0.0066334966307963917 0.0140287028802694 0.0042482771897532001 0.011553611078386348 -0.026191282937642023 0.019924553142105887 -0.023548673551902263 -8.7191600329775365e-05 0.020994935687154808 -0.010346011534289157 0.015060821921737183 -0.0067884427274746374 0.013311974504169294 0.0025673267163274826 -0.0054020407282927467 -0.016735100156837303 0.038432885777614285 -0.0065796490256610505 -0.011835071781622103 -0.008591837232071237 0.037600626549808711 -0.019896695051645371 0.0038303213110814143 0.0095922579672211919 -0.017019972002333541 -0.028817985309977465 -0.026496653756381629 0.0067502468017101242 0.021029467973603565 0.022182550641090027 0.01026505777269473 -0.00084560304708739963
leaf_weight=137.93386619910598 250.25711113773286 39.615990126505494 88.373863849788904 44.890767723321915 93.313941638916731 105.76176671683788 290.52087478339672 97.616621902212501 54.589200399816036 56.269417187198997 159.12791015394032 126.78183236904442 70.753953287377954 56.699326574802399 61.949616692960262 327.76863085106015 85.418921558186412 49.227319279685616 72.708303162828088 99.745757622644305 71.186800407245755 54.761548589915037 80.400335397571325 256.81442168727517 100.27980176359415 48.855046063661575 661.47044946812093 87.480553966015577 181.91178229823709 58.236667742952704 47.583592187613249 69.936076303943992 182.6005797162652 80.660403238609433 80.579738045111299 85.256470488384366 387.14339014142752 47.950769484043121 102.72013353183866 113.32514914125204 62.968973243609071 87.030791683122516 50.550009774044156 102.15190498158336 148.41691252402961 132.19393227435648 43.860707458108664 169.33690519072115 192.85895565524697 44.132566541433334 83.263442076742649 45.67187306843698 109.24597966484725 85.055148784071207 121.4091503508389 172.39727095328271 47.872111264616251 77.227259047329426 74.813164437189698 287.27891740947962 68.921502511948347 60.048134237527847 74.210023937746882 62.60779107734561 357.35078294947743 110.13504917919636 47.055121352896094 47.092964172363281 53.667380951344967 131.54703107848763 84.610333805903792 135.94444534555078 162.39212129451334 79.305893490090966 40.322089107707143 47.722856676205993 360.74231361784041 1485.6149477362633
leaf_count=1765 3277 682 1265 524 1208 1268 3663 1142 776 670 2066 1582 813 776 860 4137 998 673 987 1112 842 893 908 3313 1196 558 7532 877 2495 873 623 1057 2132 892 646 860 3838 748 1315 1193 742 949 552 1094 1825 1865 668 2175 2369 737 976 603 1511 930 1294 1980 508 867 761 3362 891 742 839 900 4577 1403 528 570 677 1225 961 1599 1990 1120 517 706 4216 17510
internal_value=0 0 0.00741686 0.0126496 0.0240208 -0.000413914 0.00267414 -0.00890189 0.0048384 -0.00109758 0.00232925 -0.0022395 0.0152318 0.0227064 0.0378108 0.000225389 -0.00711718 -0.0013396 -0.0111095 0.00119563 0.0014141 -0.000256265 0.00393752 0.00621208 -0.00492738 -0.00977284 -0.00743068 -0.0110661 0.000624366 0.00728098 -0.0201378 0.00840406 0.0122835 0.0056525 0.00909051 0.0149469 0.00215457 0.0171509 -0.00938544 0.0106522 0.0175251 0.0234602 0.00710164 0.0223053 -0.000454335 -0.00360813 -0.0159403 -0.00185891 0.000783474 -0.00593612 -0.00938048 -0.00403872 -0.00902649 -0.0117965 0.00790728 0.00352946 -0.00443311 -0.0155227 0 0.00126702 0.0116283 0.000489627 0.00233153 0.0193359 -0.00536571 0.00280189 0.00844293 -0.0010282 0.0209231 0.02046 -0.0288364 -0.0213394 -0.0207993 -0.0044343 0.00417012 0.00774113 0.000688012 0.00131671
internal_weight=0 10577.6 556.142 388.462 138.205 10021.4 1801.41 278.192 1523.22 8220.02 2042.78 6177.23 279.569 208.815 101.566 1763.21 1644.47 1604.09 353.875 148.973 1250.21 1131.07 803.304 722.904 202.764 1301.1 1082.44 748.951 333.487 1232.7 204.902 1174.46 717.385 403.238 348.649 267.988 457.079 119.138 151.575 520.139 263.325 200.356 107.249 182.732 4532.76 1608.89 192.278 1416.61 1046.23 535.218 370.375 287.112 241.44 342.359 511.015 389.606 220.269 298.227 180.575 2923.88 195.703 2728.18 2083.55 177.14 644.63 343.369 233.234 132.512 100.723 314.148 132.194 213.172 218.662 167.68 102.93 102.484 1906.41 1846.36
internal_count=129774 128009 7394 5009 1732 120615 20227 3171 17056 100388 25732 74656 3683 2870 1542 22049 19613 19983 4356 1785 15627 14037 9900 8992 2795 15437 12777 8409 4368 13393 2571 12520 7625 4268 3492 2600 4895 1590 1873 6197 2884 2142 1328 1740 55043 19907 2493 17414 12459 6502 4955 3979 3376 4133 5957 4663 2488 3396 2029 35136 2473 32663 24724 2256 7939 4176 2773 1568 1205 3357 1584 2466 2660 2385 1417 1599 22468 21726
is_linear=0
shrinkage=0.0454652


Tree=16
num_leaves=79
num_cat=0
split_feature=11 22 27 13 16 12 13 14 23 28 13 29 28 27 5 5 3 13 13 3 5 14 27 27 12 30 30 14 13 12 23 29 23 13 27 28 13 3 29 22 11 14 27 16 13 23 11 5 5 27 10 10 23 27 12 14 23 3 27 11 30 8 3 27 11 30 28 13 11 16 3 27 28 11 8 3 3 11
split_gain=25.234 18.8879 17.3096 38.0035 19.018 19.3855 16.3667 14.9186 25.6601 13.8382 11.9779 13.0676 15.5149 15.9664 11.5901 10.6485 11.8936 10.5574 10.9973 10.4747 9.3837 21.487 17.7211 15.2718 16.4849 18.6605 16.8782 15.2547 14.617 13.2418 13.9476 13.1183 14.8842 12.903 12.0046 9.71356 9.14581 14.414 8.92488 8.84512 8.79357 8.6975 8.62127 8.58546 17.9541 7.62688 7.34839 10.1016 10.1612 9.7928 9.75785 12.3981 15.0834 19.3666 9.36799 9.91999 9.35362 13.9939 9.34512 9.97995 16.1015 11.8128 10.0208 16.0435 9.06825 8.33911 10.0832 8.11587 7.83658 8.39765 7.62372 7.43616 9.53807 10.0765 8.32725 8.86851 17.0825 12.1085
threshold=0.023648678325116638 -0.62431904673576344 0.9279436767101289 0.019049592316150669 0.54262784123420726 0.11479032784700395 -0.025985304266214367 -8.7580127716064435 0.70386818051338207 0.74455857276916515 0.01544952765107155 1.0000000180025095e-35 -0.68355163931846608 0.032717135734856136 -0.46401153504848475 3.068884134292603 0.72962960600852977 -0.01319830399006605 0.025883889757096771 0.46541570127010351 1.1120846271514895 -11.816055774688719 0.18436925113201144 -0.72982063889503468 0.063944276422262206 1.0000000180025095e-35 0.81174489855766307 -2.8084579706192012 0.04625965282320977 -0.0077371944207698098 0.62579330801963817 0.87837970256805431 0.63674205541610729 0.058225020766258247 -0.22706275433301923 0.20576497167348864 -0.062909260392189012 0.55671611428260814 1.0000000180025095e-35 -0.096193578094243989 0.052164064720273025 -13.021670341491697 0.11969653144478799 0.40329977869987493 0.010548414196819069 1.2491109967231753 0.031600421294569976 3.2802550792694096 -5.7483458518981925 0.96863394975662243 0.30352327227592474 0.24578833580017093 0.90006545186042797 -0.56457334756851185 -0.059950426220893853 -9.9128627777099592 0.98636057972908031 0.38212823867797857 0.56457334756851207 0.066048528999090209 -0.56174489110708226 0.21510859578847888 0.84615448117256176 -0.87137606739997853 0.08602397516369821 0.81174489855766307 -0.032717135734856122 0.056508135050535209 0.10881031304597856 0.89313402771949779 0.6147620975971223 0.8491516411304475 -0.31107263267040247 0.060778578743338592 -2.9378771781921382 0.27747114002704626 0.40884359180927282 0.083924110978841795
decision_type=2 2 2 2 2 2 2 2 2 2 2 2 2 2 2 2 2 2 2 2 2 2 2 2 2 2 2 2 2 2 2 2 2 2 2 2 2 2 2 2 2 2 2 2 2 2 2 2 2 2 2 2 2 2 2 2 2 2 2 2 2 2 2 2 2 2 2 2 2 2 2 2 2 2 2 2 2 2
left_child=2 20 4 15 6 17 42 8 -8 41 11 14 -13 -14 -9 16 19 -6 39 -4 21 22 36 29 25 38 28 31 -26 -22 -31 34 -33 -29 35 -23 -2 -38 -25 -19 -40 -10 -1 -27 -45 -43 47 48 -3 50 51 54 -53 -54 55 58 57 67 59 60 -48 -62 63 -61 -65 66 -59 -51 -52 -70 -55 74 73 -73 -56 77 -77 -76
right_child=1 46 3 -5 5 -7 7 10 9 -11 -12 12 13 -15 -16 -17 -18 18 -20 -21 23 27 -24 24 26 43 -28 33 -30 30 -32 32 -34 -35 -36 -37 37 -39 40 -41 -42 45 -44 44 -46 -47 49 -49 -50 56 68 52 53 70 71 -57 -58 65 -60 62 61 -63 -64 64 -66 -67 -68 -69 69 -71 -72 72 -74 -75 75 76 -78 -79
leaf_value=0.0015553346739656281 0.0039923249283572325 0.0193900589448417 -0.0020842678753750822 0.041446405217738791 -0.02224582804787667 0.016648794265504096 -0.025064828792599369 -0.025299532568629452 -0.017155753096590429 0.014665078291710137 0.022012182266014223 -0.0097822835033526991 0.029807984520544097 -0.00055290071617042792 0.002450497517624843 -0.01794984998694182 -0.016357361843188454 -0.011267303611004158 -0.026035453027130302 0.020299003510988133 -0.00094130109014502368 0.0012310843576044082 -0.0020246856382677113 0.00070007884154248915 -0.024511766650671018 -0.014055937363087615 0.015052651927217147 -0.00032388473596643561 0.0022585144805999267 0.039917736696239964 0.013560289218031268 0.02503608102339 -0.005209390541709275 0.027211628698439762 -0.002164614036608939 -0.021216963449604161 0.042279381327158215 0.012066419608121709 0.03839738390673713 0 0.01458256494326724 0.0036494882460510014 0.030561172550739275 0.025477035268811479 -0.005793260982574165 -0.011333476519908497 0.025437290939505867 0.016754619159389438 -0.00091886689261604202 0.0090344693194638528 0.0053411089838455439 0.024586983787757314 0.017267505827554028 0.0049294375955202191 0.0064868275814731948 -0.017305426588010091 0.0071359049194911128 -0.00699558849909455 -0.013851608607978115 -0.022732490298133658 0.015185864560158692 -0.014105362787659564 0.0097795610943142205 -0.016326599646329928 0.0061912060504900326 0 -0.027649539533984985 -0.011408818146559911 0 -0.022851907254920704 -0.014954429118429457 0 -0.00096389115324721877 0.019877473002010669 -0.0084759218063817435 -0.0072117132527113204 0.00048182701338997733 0.012026171067336515
leaf_weight=47.467802243307233 68.225696206092834 53.577236222103238 77.900598756968975 46.809417311102152 179.53305526450276 45.884315902367234 135.99834501557052 59.889690240845084 105.48281769454479 73.925548985600471 56.590874522924423 69.587571207433939 72.085139578208327 61.492485400289297 53.67679782025516 58.053149433806539 43.257609581574798 416.34597261808813 73.435814097523689 82.484269220381975 60.179786257445812 45.339592501521111 124.97666134499013 51.586918868124485 94.614521024748683 61.925338851287961 53.563086196780205 77.091032821685076 67.104589089751244 64.580534286797047 149.42408964782953 52.742347138002515 75.130770156159997 55.646091345697641 280.89688221178949 177.59792239777744 59.649146441370249 90.157772179692984 55.416543669998646 220.71613198891282 115.73744212836027 181.23305677995086 41.58805475756526 55.028554042801261 98.69679694250226 107.03961617872119 67.622549314051867 110.23341642506421 408.13883469067514 102.14260006509721 45.669501781463623 85.813286488875747 108.11994247697294 58.094678828492761 344.41545842215419 112.61217082478106 78.848215263336897 95.490624185651541 121.3317744564265 99.647865496575832 43.422726640477777 65.583179628476501 73.136653013527393 47.357294403016567 127.20190043002367 59.745806558057666 127.4766930192709 59.735810114070773 54.05425632186234 95.946023214608431 97.719263320788741 76.273759888485074 187.49465033039451 139.03444009833038 75.281777055934072 824.3093032874167 2094.9460716191679 217.53617538511753
leaf_count=581 915 635 1319 428 2232 489 1882 652 1388 752 589 816 958 801 682 732 429 5082 814 1050 688 492 1754 691 1008 775 541 738 739 614 1431 684 814 534 3511 2163 702 1247 621 2823 1371 2375 579 538 1056 1292 829 1417 4882 1542 573 1006 1269 711 4370 1389 741 1050 1364 1326 564 886 1046 534 1738 696 1321 779 698 1087 1083 921 2212 1779 1179 9954 24773 3004
internal_value=0 0.000936867 -0.0044237 0.00546548 -0.00597997 -0.0107055 -0.00176073 -0.00352447 -0.00794711 -0.00269206 0.00350651 0 0.00683221 0.0158754 -0.0121393 -0.00132502 0.00343926 -0.0122399 -0.00953051 0.0093489 0.00474544 0.00185111 0.0112591 0.00812439 0.00419693 0.00927179 -0.00589514 -0.00234425 -0.0133274 0.0171133 0.0223366 -0.00534879 0.00728482 0.0113309 -0.00868404 -0.0164968 0.0189903 0.0252164 0.0183778 -0.00739809 0.0232871 -0.00619051 0.0163708 -7.84544e-05 0.00546111 -0.00182767 -0.000276921 0.00460852 0.00148243 -0.000771179 -0.000169548 0.000209423 0.00842405 0.0026923 -0.000396064 -0.00501823 -0.00667931 -0.00928083 -0.00270349 0 0.00864796 -0.00187873 -0.00449932 -0.00857073 0 -0.0153267 -0.0193039 0.0011015 -0.0100309 -0.0150452 -0.0072992 0.000480697 0.00630631 0.0127597 -0.000171882 -0.000908365 -0.00168095 0.00654681
internal_weight=0 8393.33 2310.48 308.505 2001.97 935.915 1066.06 977.002 603.679 467.681 373.323 316.732 203.165 133.578 113.566 261.696 203.642 890.031 710.498 160.385 2035.31 1107.45 343.009 927.858 653.674 438.392 215.282 764.445 161.719 274.184 214.005 631.708 127.873 132.737 503.834 222.938 218.033 149.807 222.741 637.062 171.154 393.755 89.0559 215.651 153.725 288.273 6358.01 571.949 461.716 5786.06 5262.62 5066.95 349.747 263.934 4717.21 757.916 523.44 444.592 645.304 523.972 176.628 109.006 347.344 274.207 174.559 282.713 222.967 161.878 195.67 150 155.814 3959.29 402.803 215.308 3556.49 3212.07 2919.26 292.818
internal_count=129730 100985 28745 3958 24787 11440 13347 12187 7689 5807 4498 3909 2575 1759 1334 3530 2798 10951 8719 2369 23627 13554 4618 10073 7340 5052 2288 8936 1747 2733 2045 7664 1498 1272 6166 2655 2864 1949 2683 7905 1992 5055 1160 2369 1594 3667 77358 6934 5517 70424 64295 61937 4069 3063 57868 9676 6129 5388 8287 6923 2279 1450 4644 3598 2272 3067 2371 2321 2358 1785 1794 48192 4912 2700 43280 38910 34727 4183
is_linear=0
shrinkage=0.0454652


Tree=17
num_leaves=79
num_cat=0
split_feature=29 22 7 21 13 13 2 15 23 12 10 13 21 14 14 2 8 14 7 20 13 21 15 7 18 12 21 7 7 13 18 12 13 22 15 14 14 9 7 7 2 2 4 7 15 23 4 15 23 7 15 15 12 8 14 15 7 14 29 22 29 13 2 15 4 15 22 15 13 20 12 12 23 25 22 21 14 15
split_gain=28.6643 17.2752 19.9457 25.8321 20.8512 23.1244 14.2064 20.4405 13.5341 13.2638 12.8058 12.7347 12.0761 16.5999 12.186 11.3757 11.2894 10.9893 9.61337 16.1978 14.1584 21.505 16.2984 18.9229 13.8066 11.3537 11.2095 14.0377 10.6578 16.0945 14.8615 13.6703 13.2425 9.82797 9.58089 13.1297 14.1344 11.0108 10.0299 11.9227 9.23267 9.67843 9.21515 9.73474 9.15478 14.4825 9.13608 9.0256 13.2225 9.00887 8.48414 9.9381 9.5176 8.72159 8.22669 8.09594 8.08091 12.9743 8.07825 7.97973 7.74035 10.4661 9.44413 7.59618 7.42429 7.25036 6.96956 9.13325 9.07826 7.2449 7.63327 9.37473 6.87135 6.71703 6.33601 6.17524 8.29495 6.12525
threshold=-0.60785761475563038 -0.6305401325225829 17.15245342254639 12.020509243011476 -0.025409232825040814 -0.014269036240875719 1.5791399478912356 12.562533378601076 0.75741896033287059 0.072251640260219588 0.027680389583110813 -0.086967132985591875 -0.74141302704811085 -10.310122489929197 -12.666232109069822 1.9804721474647524 -0.20008394122123715 -9.8387041091918928 2.641499519348145 3.270954012870789 -0.025985304266214367 -4.3771512508392325 6.6806395053863534 -5.2127933502197257 12.500000000000002 -0.003735653823241591 4.5245895385742196 -8.7097806930541974 5.1930336952209482 0.013473907951265575 24.500000000000004 -0.04477086849510669 -0.0039793225005269042 -0.056870412081480019 10.417715072631838 -5.5465626716613761 -8.6781749725341779 0.16198719292879107 3.5378807783126835 7.8520193099975595 0.93789783120155346 0.60779953002929699 0.22364567220211032 10.614531040191652 6.6806395053863534 0.80881002545356762 0.47197359800338751 4.523170232772828 0.82346820831298839 -8.0066995620727521 5.7899358272552499 7.9368679523468026 -0.096609707921743379 -0.6289924383163451 -10.931856632232664 12.562533378601076 11.302720546722414 -2.8084579706192012 1.0000000180025095e-35 -0.89333295822143544 -1.0000000180025095e-35 -0.0043850643560290328 1.7122570276260378 8.3394904136657733 -0.66864860057830799 15.090993881225588 -0.26660948991775507 1.7594626545906069 -0.028252682648599144 -3.999994039535522 -0.05866353586316108 -0.011194705031812189 0.86212453246116649 0.074386477470397963 -1.0050581097602842 1.354814946651459 -7.3596391677856436 2.810193777084351
decision_type=2 2 2 2 2 2 2 2 2 2 2 2 2 2 2 2 2 2 2 2 2 2 2 2 2 2 2 2 2 2 2 2 2 2 2 2 2 2 2 2 2 2 2 2 2 2 2 2 2 2 2 2 2 2 2 2 2 2 2 2 2 2 2 2 2 2 2 2 2 2 2 2 2 2 2 2 2 2
left_child=-1 2 4 8 11 17 7 10 74 16 46 -2 13 14 50 -8 65 -6 19 20 21 66 40 25 47 -24 27 -21 29 30 -20 42 -32 44 35 36 -12 -37 -36 -40 41 -23 43 -30 -26 54 -7 60 -49 -16 52 -52 -13 -54 -46 -56 -18 -58 -38 -60 -22 -62 -63 -27 -34 -9 67 -3 77 -69 72 -72 -71 -35 -4 76 -31 -68
right_child=1 18 3 -5 5 6 15 9 -10 -11 34 12 -14 -15 49 -17 56 -19 28 26 24 22 23 -25 33 63 -28 -29 31 75 32 -33 64 73 38 37 58 -39 39 -41 -42 -43 -44 -45 45 -47 -48 48 -50 -51 51 -53 53 -55 55 -57 57 -59 59 -61 61 62 -64 -65 -66 -67 68 69 -70 70 71 -73 -74 -75 -76 -77 -78 -79
leaf_value=-0.020272257609637381 -0.013371499042742483 -0.011890730287685307 0.047070843695171435 -0.0048135314868643173 -0.0023138486950146381 -0.012777664083041415 0.026140402108464578 -0.00443828198223329 0.0058421185463019918 -0.022544536076254371 -0.0017052681599975398 0.0013888909160405796 -0.0057607092096364845 0.037622511597761636 0.0095312170067211929 0 -0.018059127856403741 -0.025273067067936764 -0.0044295126045291351 0.0065140078039442589 -0.0062627219998155582 0.024149241281153543 0.011990252213283677 0.020142308399283382 -0.014714813234829037 -0.023081944555492374 0.0029540038971731437 -0.020324089030321166 0.0088151659266508392 -0.001562947243510974 0.0021421044908618747 0.00050091931535653402 0.0069305841871684197 -0.010628907691255464 0 -0.018434644521073767 0.0034090302375702798 0.0064634459531004379 0.037947422184277456 0.0061894368163865048 0.035562891893925565 0.0008458296146251201 -0.019455619529190161 -0.017613994953506035 -0.015143331429466764 -0.013304751878391511 0.0068523612795766261 0.011041634848271085 -0.010433940158582787 -0.017495133571572386 -0.0046146529603377446 0.020156139874964302 0.0040754332160848096 0.030076565219204401 0.01083707936991064 -0.0095774703683181011 -0.013911969561223989 0.014574635219251347 0.037476131205371091 0.010897244131574562 0.014259189922276889 -0.0062753014013445024 0.017214346852046591 -0.0012427440510351859 0.032039048088133994 0.01395652429703776 -0.00087370676210051499 0.023025202127742648 0.014873308038581721 0.0054196438230734957 0.020022517954386636 -0.0021156810129937587 -0.018390796601006527 0.00042559965524427537 0.021254243562103946 -0.0065258138766130609 0.020403022877769943 -0.01017004275430405
leaf_weight=140.00391753949225 43.02932189963758 60.276722176000476 49.439092740416527 85.77079800888896 82.028830546885729 128.48057214729488 76.57625949382782 75.969787530601025 61.190032448619604 93.705541906878352 134.48580951802433 52.746061783283949 71.772433303296566 50.595609609037638 45.180444117635489 63.755532601848245 120.16284022480249 103.12121046334505 66.786691917106509 43.371846783906221 96.29477415047586 72.546699725091457 49.636477818712592 81.111555697396398 386.23345758765936 65.759338427335024 77.800903653725982 233.84395325556397 70.559063490480185 95.034189447760582 73.193343361839652 3076.5958798024803 40.378556992858648 139.60258363187313 53.408520717173815 78.340925671160221 64.858745902776718 59.526972573250532 59.148751808330417 49.763920335099101 53.95703618042171 80.328750925138593 119.31379604898393 42.425552800297737 41.116357799619436 227.82819926925004 70.96586643345654 73.637698037549853 231.13311017304659 46.86123595200479 84.837293401360512 48.147526955232024 40.500008231028914 133.26805913634598 166.41625762358308 46.635851379483938 71.636707806959748 54.070672743022442 52.664978561922908 59.603563651442528 219.46583541296422 138.08850652910769 42.92045528255403 72.802739456295967 119.07655196264386 89.23249564692378 281.36195888370275 44.986259132623672 41.065918201580644 42.641064962372184 78.944466926157475 67.322649251669645 46.17944204621017 507.47690295241773 69.887815106660128 176.96797516942024 49.128072034567595 334.82886780053377
leaf_count=1801 701 924 494 911 1045 1482 930 887 603 921 1799 698 784 551 480 823 1424 1287 785 577 1131 973 565 968 4631 778 950 2808 929 1089 900 36562 515 1692 682 836 729 636 628 578 673 1137 1490 545 516 2830 736 951 2921 605 917 600 535 1699 2110 636 818 550 620 716 2621 1713 561 867 1581 971 3805 573 499 597 1018 917 504 6173 808 2135 497 4145
internal_value=0 0.000141285 0.00342461 0.0151246 0.00199872 -0.000656627 0.00125178 -0.000196523 0.0247591 -0.00738115 0.00422868 0.00910029 0.0109521 0.0134645 0.0103375 0.014793 -0.00361927 -0.0156285 -0.000880448 -0.00240938 -0.00151853 0.00194041 0.00986243 0.00220822 -0.00373932 -0.00553122 -0.0116599 -0.0159181 0.000721019 0.0061715 0.0136878 -0.000292815 0.0190816 -0.00629109 0.00751337 0.00388032 0.00908565 -0.00746417 0.0169382 0.0246168 0.0193617 0.0125559 -0.0108385 -0.000960612 -0.00945659 -0.00505445 -0.00555601 0.00103168 -0.00500973 -0.00388001 0.0141144 0.00433125 0.019468 0.0245236 0.00224544 0.00604768 -0.00980036 -0.00121008 0.0174017 0.0246627 0.00484614 0.00767413 -0.000184931 -0.0123135 0.0263111 0.00530638 -0.00181675 0.00335624 -0.00457346 0.00693309 0.00330907 0.00972786 -0.00669913 -0.00193614 0.0335499 -0.00077095 0.0059496 -0.00603755
internal_weight=0 10599.8 2524.73 266.288 2258.45 1641.51 1456.36 1316.03 180.517 504.778 811.249 616.938 573.909 502.136 451.541 140.332 411.073 185.15 8075.08 4145.62 3790.6 1473.75 476.143 269.31 2316.85 188.199 355.017 277.216 3929.46 620.565 299.435 3308.89 232.648 1515.31 611.802 449.481 311.613 137.868 162.321 108.913 206.832 152.875 232.298 112.985 868.23 481.997 199.446 801.54 304.771 92.0417 359.499 132.985 226.514 173.768 254.168 213.052 245.87 125.707 177.127 112.269 496.77 400.475 181.009 138.562 159.455 165.202 997.607 340.351 657.257 280.074 235.088 146.267 88.8205 647.079 119.327 321.13 144.162 616.191
internal_count=130077 128276 29484 2816 26668 19098 16766 15013 1905 5571 9442 7570 6869 6085 5534 1753 4650 2332 98792 51764 47429 18943 5961 3178 28486 2210 4335 3385 47028 7502 3781 39526 2996 18588 7224 5336 3864 1472 1888 1206 2783 2110 2964 1474 10723 6092 2218 9898 3872 1085 4449 1517 2932 2234 3262 2746 2792 1368 2065 1336 6026 4895 2274 1645 2096 1858 12982 4533 8449 3609 3036 1935 1101 7865 1302 3721 1586 7950
is_linear=0
shrinkage=0.0454652


Tree=18
num_leaves=79
num_cat=0
split_feature=29 11 27 13 16 13 2 30 13 2 23 8 30 28 2 21 16 2 2 21 21 27 13 23 13 2 13 21 11 2 4 23 2 0 29 29 16 21 13 11 2 30 23 2 27 21 13 16 16 21 30 29 8 28 13 2 16 16 23 2 27 30 13 21 11 21 2 16 11 2 21 13 30 2 27 27 0 13
split_gain=20.6853 18.3086 26.099 29.7573 10.3353 13.7284 23.0285 18.3428 11.7845 11.337 10.2306 13.973 9.61475 11.4604 9.35819 8.47468 8.67398 7.91112 13.9101 9.68901 9.10701 7.86523 20.3811 18.549 18.7686 20.6962 23.1888 14.3849 12.8971 10.0656 16.9257 14.4285 16.3553 11.8133 13.4435 9.72361 17.1748 15.4366 13.0443 11.6355 25.8315 16.0104 13.9134 13.8132 12.19 14.3544 10.3869 19.0653 16.8642 12.7957 11.9673 9.98031 9.71724 11.3704 9.86597 13.579 13.3882 10.1976 9.69077 9.69025 11.9943 9.58224 14.66 22.2177 13.2864 12.037 11.1714 9.45757 9.15178 11.5266 8.47379 8.45151 9.11268 8.42854 8.3904 13.315 8.28747 8.20982
threshold=-0.60785761475563038 0.020291220396757129 0.79989895224571239 0.01544952765107155 0.53403338789939891 -0.012203894555568693 1.4410180449485781 1.0000000180025095e-35 0.024311221204698089 1.2832041978836062 0.57225412130355846 -0.13260716944932935 0.81174489855766307 -0.24825246632099149 0.72884088754653942 3.0488821268081669 0.37781172990798956 0.84281313419342052 0.51571968197822582 1.354814946651459 2.7882755994796757 -0.54643493890762318 0.086854849010705962 0.85029914975166332 -0.040823319926857941 0.66026142239570629 -0.012203894555568693 7.9646005630493173 0.12490535899996759 0.79210135340690624 0.65660730004310619 1.3049069046974184 0.75682196021080028 0.74127644300460827 0.6078576147556306 -1.0000000180025095e-35 0.31353418529033666 0.72200095653533947 -0.080875489860773073 0.098256468772888197 0.95299223065376293 1.0000000180025095e-35 0.79738667607307445 2.2423862218856816 0.82531082630157482 7.7278711795806894 0.030748470686376098 0.33084584772586828 0.70356142520904552 -6.2142069339752188 1.0000000180025095e-35 0.6078576147556306 2.2600790262222294 0.56457334756851207 0.041736263781785972 0.9852338731288911 0.92051929235458385 0.90143528580665599 0.61800175905227672 0.92797139286994945 0.054511256515979774 1.0000000180025095e-35 -0.026571368798613545 -0.86505746841430653 0.081180505454540267 0.49888315796852117 0.55579721927642833 0.15575507283210757 0.046898368746042259 0.48114876449108129 -0.48307038843631739 0.052091388031840331 -0.56174489110708226 1.246986508369446 0.31107263267040258 0.74455857276916515 0.96555191278457653 0.062709525227546706
decision_type=2 2 2 2 2 2 2 2 2 2 2 2 2 2 2 2 2 2 2 2 2 2 2 2 2 2 2 2 2 2 2 2 2 2 2 2 2 2 2 2 2 2 2 2 2 2 2 2 2 2 2 2 2 2 2 2 2 2 2 2 2 2 2 2 2 2 2 2 2 2 2 2 2 2 2 2 2 2
left_child=-1 2 4 15 9 7 8 -6 17 12 11 -3 13 14 -2 16 -4 18 -7 -20 -21 22 23 24 67 -26 -27 -28 -29 30 31 32 61 34 70 36 -35 -38 -37 46 -41 44 -43 74 45 -42 47 49 51 50 -40 -48 53 54 56 -56 -25 77 -32 60 -49 62 64 -64 -23 -65 -67 -12 69 -60 -31 72 -50 -24 -44 -76 -51 -57
right_child=1 10 3 -5 5 6 -8 -9 -10 -11 21 -13 -14 -15 -16 -17 -18 -19 19 20 -22 29 73 52 25 26 27 28 -30 33 58 -33 -34 35 -36 38 37 -39 39 40 41 42 43 -45 -46 -47 48 59 71 76 -52 -53 -54 -55 55 57 -58 -59 68 -61 -62 -63 63 65 -66 66 -68 -69 -70 -71 -72 -73 -74 -75 75 -77 -78 -79
leaf_value=-0.017506726978633529 -0.015576271968151914 0.011069695060660762 -0.0072667474949902455 0.029084209249242387 -0.03177507013390931 -0.016985181903796526 0.021845966022610887 0.0012209194406783152 -0.028017573277599225 -0.011390280203192623 0.038899923784205384 0.00033406160146254099 -0.012191094895008921 0.010402244145875495 0.0031729073624635093 -0.018235054351879672 0.0082821502731984589 -0.013783418685134254 0.019690244565390477 -0.014478321501357512 0.010784097581278117 0.028687176005962829 0.034160486548167515 0.00052691846801433684 -0.022507394437861868 -0.011184448442182955 0.018827909714002201 -0.015731524048077115 0.013850816849969276 -0.015279065158021889 -0.011105615340231223 0.021426058006869989 0.014990046955873986 -0.019740974883372734 -0.023639963104392508 0.017786024730618886 0.015254310321948043 -0.0063932573422035861 0.012102820516166578 -0.020998347347134953 0 0.02257032936694621 -0.0058663169537950931 -0.016777020850166371 0.0071945244948997253 -0.025139339182946634 0.0098690965065161666 -0.013695214219610239 0.0051535664519367086 0.027750097179264469 -0.0095019260717939535 -0.013913969225171156 -0.0076222261660618736 0.020495728458466849 -0.021677532210675442 -0.0010806887022556963 0.018333436033420809 -0.012032694875757942 -0.0020762673999267997 -0.0071444219509642047 0.012210933959823108 -0.009740861005053416 -0.021236403164134929 0.016444770083019953 -0.0018793723294636235 -0.010927641648681877 0.0059955793334628407 0.011850393135053185 0.0050490818372607082 0.022051823285549936 0.0028626586467444784 0.00026286747865807917 0.03139217945735652 0.0068640924034795801 0.023717391881420059 0 0.0074894342199113128 0.02025360253035036
leaf_weight=135.18786916323006 83.55453023314476 465.73515471071005 110.82098538801074 86.22296030819416 115.14424777217209 77.70977770537138 46.983503079041839 44.846518591046333 63.529100393876433 229.54471966251731 49.821869388222694 558.56458430364728 95.742390502244234 231.73044344224036 137.39803208038211 42.619759138673544 197.83208175003529 198.79691764526069 60.8236920312047 57.254015006124973 51.574365986511111 56.707387920469046 52.958827041089535 933.15177254937589 49.36815251223743 103.32662445865571 246.16694041155279 55.582938469946384 57.947294611483812 77.768636284396052 47.269901489838958 50.696543773636222 96.18307620100677 146.78979626111686 102.85250494070351 78.787861652672291 83.239688646048307 299.123620480299 90.085787376388907 160.85104343481362 83.017961025238037 69.192720964550972 88.175956398248672 69.668596837669611 61.113691851496696 116.78050826489925 61.885001078248024 46.289227513596416 47.581001278012991 75.776862945407629 117.12128072418272 75.260936008766294 340.62900977768004 54.427428677678108 87.359187595546246 99.767840771004558 93.070626400411129 101.55571382120252 47.682896707206964 595.98580087907612 126.7863856498152 390.2588281147182 113.69962854124606 80.823075644671917 50.621937062591314 164.30356658063829 147.50725339725614 79.281246161088347 432.81473056413233 173.47448625043035 140.86016971431673 48.887180777266622 92.359342457726598 53.189434338361025 84.140034016221762 111.66011173650622 116.2470833286643 51.698721433058381
leaf_count=1791 894 5899 1447 844 1324 1011 667 643 711 2866 644 7302 1308 2906 1797 559 2728 2366 740 702 560 785 399 11882 470 1226 3005 559 564 1060 601 573 1196 1471 1480 1085 848 3696 932 1706 963 614 1038 761 770 1445 851 505 470 960 1336 823 4467 573 876 1361 946 1170 611 6798 1447 4708 1244 971 905 2092 1789 861 5146 2157 1994 503 1192 729 800 1007 1337 687
internal_value=0 0.000127826 -0.00386368 0.00580507 -0.00673449 -0.0106875 -0.00708727 -0.0224287 -0.0100018 -0.00299377 0.00102603 0.00528743 0.000490552 0.00336456 -0.0038545 -4.03928e-05 0.00252139 -0.00709724 -0.00139314 0.00569954 -0.00211728 0.000445011 0.00253166 0.00162996 0.00822938 0.00412459 0.00724056 0.0127336 -0.000260931 -0.000569271 0.00209258 -0.00126591 -0.00243122 -0.0020933 -0.0103319 -0.00116492 -0.00672276 -0.00144296 4.06718e-05 -0.000566254 -0.00483469 -0.00085916 0.00451728 0.000631316 -0.00969168 -0.0151367 0.00182043 -0.000150106 0.00894509 0.00782072 0 -0.00286178 -0.000759023 0.000869029 0 -0.00663235 0.00225547 -0.00098617 0.00764874 -0.00437043 0.00485093 -0.00420268 -0.000560587 -0.00389378 0.0142923 0.00117234 -0.00279341 0.0235283 0.00913898 0.0166898 -0.00353342 0.0176523 0.0232087 0.0216864 0.00524885 0.0105161 0.016145 0.00622824
internal_weight=0 10586.1 1932.13 437.496 1494.63 716.662 556.671 159.991 509.688 777.97 8653.94 1024.3 548.425 452.683 220.953 351.273 308.653 446.159 247.362 169.652 108.828 7629.64 2509.3 2403.16 641.495 512.392 463.024 359.697 113.53 5120.33 1852.04 1150.8 1100.1 3268.29 321.481 2946.81 529.153 382.363 2417.65 2338.87 844.601 683.75 422.837 353.645 260.912 199.798 1494.27 1168.29 325.973 399.231 207.207 137.146 1761.66 1421.03 1366.6 340.381 1026.22 253.022 701.242 769.061 173.076 1003.92 613.663 506.334 107.329 392.634 311.811 129.103 653.972 221.157 218.629 188.828 139.94 106.148 283.976 195.8 192.024 151.467
internal_count=130154 128363 24073 5578 18495 8724 6757 1967 6090 9771 104290 13201 6905 5597 2691 4734 4175 5379 3013 2002 1262 91089 30419 29291 7329 5824 5354 4128 1123 60670 22778 14263 13690 37892 4534 33358 6015 4544 27343 26258 9104 7398 4220 3606 3178 2408 17154 13315 3839 4565 2268 1674 21962 17495 16922 4094 12828 3218 8515 8750 1952 12494 7786 6096 1690 4852 3881 1505 7914 2768 3054 2165 1662 1128 2845 1807 2297 2048
is_linear=0
shrinkage=0.0454652


Tree=19
num_leaves=79
num_cat=0
split_feature=11 27 13 16 12 14 13 27 3 21 14 3 16 27 2 12 10 2 27 10 27 31 30 12 3 3 27 6 3 3 27 11 13 16 7 7 8 12 21 12 12 21 3 6 13 4 2 3 30 16 21 3 10 12 3 31 7 7 2 27 13 30 2 11 10 7 7 3 13 10 5 3 3 14 5 13 21 4
split_gain=27.755 20.4668 31.6868 16.239 14.3763 12.877 14.3019 11.7669 22.5837 16.3511 16.4116 30.8478 15.3778 16.8226 25.0667 28.33 12.5769 15.2576 13.0552 16.2214 12.1924 27.5705 23.1796 15.8913 11.6877 12.3644 11.7822 11.2765 11.2676 12.9289 10.4278 10.268 10.2435 13.0783 10.1835 10.0561 9.99981 9.80283 15.8238 9.36157 14.3182 8.81668 13.4497 12.6314 12.2709 11.0545 14.4159 13.166 9.2782 25.7333 29.7529 19.0933 18.4644 19.9617 25.1942 19.9044 14.4979 14.3064 11.227 12.659 16.5019 10.7181 12.0726 9.06771 8.73092 14.058 9.8282 16.1102 33.5893 13.51 13.3772 17.5199 9.94431 10.91 9.44528 8.60726 8.64605 9.67118
threshold=0.021538374014198784 0.79989895224571239 0.01544952765107155 0.54262784123420726 0.099246554076671614 -8.0970439910888654 0.0092221293598413485 -0.72982063889503468 0.30291782319545751 11.799627780914308 -1.8522617220878599 0.29774120450019842 0.87905949354171764 -0.16288578510284421 2.0308083295822148 0.11741728335618974 0.2287411838769913 2.4942190647125249 -0.84915164113044728 0.038971535861492164 0.74455857276916515 1.0000000180025095e-35 -0.56174489110708226 0.061154954135417945 0.57894623279571544 0.49724258482456213 -0.2693240344524383 7.3166024684906015 0.54729264974594127 0.46541570127010351 -0.71473535895347584 0.10684614628553392 0.054960500448942191 0.87623739242553722 16.923324584960941 13.936430454254152 3.1497278213500981 0.010631300043314697 1.9582909345626833 -0.017909986898303028 0.0038116649957373743 1.4132471084594729 0.73246982693672191 8.4831905364990252 0.013473907951265575 -1.7520033121109007 0.76136308908462536 0.49049106240272528 1.0000000180025095e-35 0.22564597427845004 -7.0023722648620597 0.23364611715078357 0.051830694079399116 -0.0019001172040589152 0.49972157180309301 1.0000000180025095e-35 -5.9361934661865225 7.5906546115875253 2.1389967203140263 0.31107263267040258 -0.045049434527754777 0.81174489855766307 1.1387114524841311 0.056909240782260902 0.030499110929667953 7.1916234493255624 21.250223159790043 0.46748131513595587 0.033809650689363487 0.10461183637380601 6.5665891170501718 0.95503500103950512 0.52817958593368541 -10.738085746765135 -1.5105401277542112 0.02876810543239117 0.49888315796852117 -1.5809364914894102
decision_type=2 2 2 2 2 2 2 2 2 2 2 2 2 2 2 2 2 2 2 2 2 2 2 2 2 2 2 2 2 2 2 2 2 2 2 2 2 2 2 2 2 2 2 2 2 2 2 2 2 2 2 2 2 2 2 2 2 2 2 2 2 2 2 2 2 2 2 2 2 2 2 2 2 2 2 2 2 2
left_child=1 3 28 5 -5 -1 39 8 -2 10 30 -12 -11 -14 15 27 18 35 36 -20 21 24 23 -22 25 34 -26 -15 29 -3 -9 -24 33 -19 -13 -18 64 -30 -39 -7 -41 48 43 45 -44 46 -43 -48 49 56 -51 -50 53 54 63 -55 -32 75 59 60 -54 62 -62 -53 65 -10 67 68 -66 72 71 -71 -69 -74 -75 76 77 -52
right_child=7 2 -4 4 -6 6 -8 9 16 12 11 20 13 14 -16 -17 17 32 19 -21 22 -23 31 -25 26 -27 -28 -29 37 -31 41 -33 -34 -35 -36 -37 -38 38 -40 40 -42 42 44 -45 -46 -47 47 -49 51 50 57 52 58 55 -56 -57 -58 -59 -60 -61 61 -63 -64 -65 66 -67 -68 69 -70 70 -72 -73 73 74 -76 -77 -78 -79
leaf_value=-0.0062651377575014293 0.034175025030697699 -0.0031459156962697688 0.027302811445064148 -0.013925424535654622 0.0081005835884578742 -0.013488286667853457 0.025688748207022979 -0.020104657899050596 0 0.011557263361045553 0.03665296644789303 -0.0043422177709813029 -0.026797448484913208 -0.024047393648619658 -0.026541832294070186 0.030373794877064923 0.038292249697423494 0.00684359974727066 -0.0077622393704675262 0.012338302150765019 0.01182716368370176 -0.013580554194824054 0.033322732398107707 -0.021735307113340974 0.010655530206986539 0.033027024690145582 -0.013663030006743408 0.0020259558034816105 -0.020023365085033603 0.020858196323928806 -0.0072668255587892399 0.0076526726391134038 0.019760520473665368 -0.02216207432174621 0.02081055246215242 0.0092700018811693319 -0.014711641707887158 0.018682404672657211 -0.017487252359033891 0.024373529197184399 -0.0055760856202895148 -0.0082083619914923803 0.0005934566540253493 0.014107020575743466 -0.01925213464068953 -0.003394900409776417 0.024409584561030255 0 -0.02785760581097331 0.041923359597612737 -0.0011987150005957166 0.011129456704792685 -0.01312930218748549 -0.011783179603473741 -0.0024716596956548317 0.017139370462700379 0.013654893464686992 -0.0082309828122449392 0.011883221223219369 -0.010714103344544566 0.0030479495860186705 -0.0023173221340373846 0.031796467295770181 0.039607259289664382 0.0071440993361534923 0.023442697635544543 0.01654490313030051 0.022897408795526077 -0.041169894136217459 -0.013157623070593568 0.010908859255388823 0.011627725330976701 0.018431236551956855 -0.015538549440663373 0.003509069382323779 0.025643367938017858 -0.0033952976498686622 0.010888347795935227
leaf_weight=630.65074672177434 46.432178281247616 121.40815159119666 89.675810383632779 689.39493231102824 61.661609707400203 65.957862444221973 53.779670754447579 49.6370495185256 146.35516024380922 63.130497088655829 61.665224131196737 68.733726188540459 107.61867658421397 48.832315463572741 77.165060145780444 53.537089942023158 55.742478176951408 85.071305252611637 98.838117042556405 391.94116245210171 57.401398245245218 191.02347792312503 87.517719797790051 50.391515197232366 79.850851505994797 55.325650358572602 76.105818837881088 87.596098268404603 94.563515808433294 67.697446431964636 477.29432415962219 63.363669587299228 51.779274985194206 45.336747735738754 54.682222690433264 57.395199377089739 90.5651037953794 45.8461386654526 45.889346919953823 52.91623861156404 71.237827708944678 83.979807831346989 96.31947954185307 105.24272819422185 164.48035997524858 1439.9575127679855 101.44242270290852 75.203856848180294 49.465013740584254 46.329430771991611 162.34400724992156 45.66903025470674 113.45845558494329 140.17856895923615 73.458416502922773 70.082372782751918 74.666000563651323 124.11750537343323 78.850935900583863 437.23264234513044 72.372427487745881 111.4442925658077 55.072630664333701 78.641958583146334 52.510755501687527 79.978455761447549 56.515688505023718 57.734222285449505 57.811757558956742 329.53441677056253 80.861890243366361 66.220294592902064 68.562105197459459 68.133683240041137 201.86062070168555 51.035827662795782 141.56479504145682 662.67589954473078
leaf_count=8082 409 1980 880 8494 717 786 635 600 1694 933 726 681 1280 643 894 455 523 1134 1232 4677 558 2152 949 570 867 566 771 850 1098 909 6215 580 646 469 515 548 1249 515 541 588 873 918 1168 1385 1934 18339 1157 836 798 457 1788 577 1564 1629 849 738 903 1551 1093 5653 958 1524 661 875 622 955 599 594 547 3840 1079 1012 1063 885 2364 612 1655 7621
internal_value=0 -0.00469936 0.00361763 -0.00711186 -0.0120185 -0.00280628 0.00589674 0.00113275 0.00401132 0.000148728 0.000774483 0.00663095 -0.00828319 -0.0118429 -0.00532539 0.00341881 0.00327118 0.0119475 0.00183456 0.00816102 0.00403123 0 0.0120283 -0.00364751 0.00787431 0.0156922 -0.000952805 -0.00738723 -0.00214471 0.00545412 -0.000176722 0.0233431 0.00332185 -0.00324449 0.00672941 0.0248215 -0.000435882 -0.0100658 0.000105817 0 0.00717829 2.23398e-05 -0.00226063 -0.000826259 -0.0118424 -0.00181063 0.00667546 0.0140469 0.00157804 0.00376476 0.00754008 -0.00125769 -0.000103216 0.00778902 0.0180262 -0.00177246 -0.0042694 0.00595781 -0.00388638 -0.00557572 0.000713415 0.00759887 0.0164436 0.0302121 0.000590919 0.00862453 -0.00113803 -0.0022681 -0.0183133 -0.000108736 -0.0053004 -0.00881194 0.00600378 0.00274188 -0.00127962 0.00776213 0.00666379 0.00845688
internal_weight=0 2090.68 465.08 1625.6 751.057 874.542 243.892 8655.34 2189.18 6466.16 6028.28 846.061 437.88 374.749 267.131 189.966 2142.75 295.325 1847.42 490.779 784.396 525.722 258.674 107.793 334.698 178.742 155.957 136.428 375.405 189.106 5182.22 150.881 182.187 130.408 123.416 113.138 1356.64 186.299 91.7355 190.112 124.154 5132.58 2066.63 1805.83 260.8 1700.58 260.626 176.646 3065.95 1740.03 1188.07 1325.93 1276.46 408.03 197.769 210.261 551.96 1141.74 868.431 789.58 352.348 238.889 127.445 124.311 1266.08 226.334 1039.75 983.23 110.323 872.907 476.617 395.755 396.291 338.556 269.994 1017.62 966.585 825.02
internal_count=130287 26098 5923 20175 9211 10964 2882 104189 26141 78048 72993 8935 5055 4122 2842 1948 25732 3320 22412 5909 8209 5552 2657 1128 3400 1762 1638 1493 5043 2889 64058 1529 2249 1603 1196 1071 16503 2154 1056 2247 1461 63458 25737 22635 3102 21250 2911 1993 37721 20802 13684 16919 16121 4668 2301 2367 7118 13227 11453 10360 4707 3143 1619 1452 15254 2649 12605 12006 1169 10837 5931 4852 4906 4312 3249 11676 11064 9409
is_linear=0
shrinkage=0.0454652


Tree=20
num_leaves=79
num_cat=0
split_feature=15 23 28 4 15 7 28 22 3 28 23 4 3 15 9 3 21 4 3 23 7 22 7 21 21 3 28 28 1 3 7 28 7 3 18 3 3 18 7 9 7 9 3 3 0 0 23 26 15 28 0 4 28 23 15 0 23 3 0 15 7 18 7 33 1 15 18 18 7 15 21 18 18 15 22 7 23 7
split_gain=12.5392 18.0142 15.5239 18.8757 14.2005 27.1188 14.4345 14.1119 14.1426 23.0866 19.778 19.2405 15.7939 12.4234 14.4943 12.4052 12.2058 12.1883 11.9796 12.3881 11.4454 12.7771 10.186 9.4462 13.7882 11.858 16.9129 19.6695 12.102 11.6521 25.5817 9.433 9.40742 9.28177 10.9374 17.8717 9.44258 8.68592 9.04336 8.30159 8.14657 8.13945 7.97736 11.4693 12.7022 11.9299 9.38755 8.16761 7.73159 10.4247 7.70349 7.62856 12.6481 12.5393 14.8577 8.55011 7.50039 7.43093 7.25494 7.24137 7.35338 7.13894 9.54053 11.1328 7.11332 6.8277 6.52646 6.4138 6.17191 16.8114 9.19128 8.46781 11.1114 14.8459 6.97965 7.67817 6.80147 7.96943
threshold=17.182117462158207 0.30634926259517675 -0.77296444773674 -0.14259860664606092 12.81980609893799 0.74878805875778209 -0.81279832124710072 -0.61271008849143971 0.51196184754371654 0.35222910344600683 0.61029359698295604 1.5675285458564761 0.40884359180927282 10.339477062225344 0.19556689262390139 0.6147620975971223 2.149488210678101 0.17108526080846789 0.34855362772941595 0.76315343379974376 12.999408245086672 0.13328615576028827 -15.008265018463133 11.571026325225832 7.4876585006713876 0.74306711554527294 0.33172981441020971 -0.010907442308962435 0.83928593993186962 0.49049106240272528 16.259444236755375 0.37256073951721197 -9.2248969078063947 0.68240180611610424 67.500000000000014 0.57394117116928112 0.72276788949966442 33.500000000000007 -9.2248969078063947 0.10825279727578165 2.5106816291809086 0.33906851708889013 0.26738095283508306 0.30801160633564001 0.76342186331748974 0.79385805130004894 0.55791288614273082 0.20801599323749545 4.2461018562316903 0.69930991530418407 0.54242658615112316 1.540501654148102 0.43245348334312445 1.2929603457450869 26.040184974670414 1.2817407846450808 0.58125239610672008 0.47589810192584997 0.91671833395957958 14.630568981170656 4.6857099533081064 8.5000000000000018 0.36136162281036383 0.99393379688262951 0.44284173846244818 26.502023696899418 21.500000000000004 83.500000000000014 3.1408286094665532 10.573864459991457 2.7882755994796757 63.500000000000007 36.500000000000007 8.40289354324341 0.13328615576028827 -3.6643148660659786 0.65166866779327404 -15.008265018463133
decision_type=2 2 2 2 2 2 2 2 2 2 2 2 2 2 2 2 2 2 2 2 2 2 2 2 2 2 2 2 2 2 2 2 2 2 2 2 2 2 2 2 2 2 2 2 2 2 2 2 2 2 2 2 2 2 2 2 2 2 2 2 2 2 2 10 2 2 2 2 2 2 2 2 2 2 2 2 2 2
left_child=1 -1 3 57 7 6 -6 8 9 10 -3 37 32 22 31 39 66 -14 19 -18 59 -22 -10 24 41 26 27 28 -26 30 -28 -15 -12 34 40 -36 -35 -11 64 -5 -24 -4 48 45 46 -44 47 -45 -9 -50 -38 52 53 54 -25 65 -37 -2 67 -20 -61 -48 63 -63 -39 -53 -7 -32 69 70 76 72 -70 -74 75 -71 -46 -78
right_child=2 4 23 15 5 16 -8 42 13 11 12 -13 17 14 -16 -17 18 -19 20 -21 21 -23 33 51 25 -27 29 -29 -30 -31 58 -33 -34 36 35 56 50 38 -40 -41 -42 -43 43 44 68 -47 61 -49 49 -51 -52 55 -54 -55 -56 -57 -58 -59 -60 60 -62 62 -64 -65 -66 -67 -68 -69 71 74 -72 -73 73 -75 -76 -77 77 -79
leaf_value=0.024413902912344951 0.014142440886096853 0.035658230579615258 -0.0022271382842946842 -0.0021004611847090021 0 -0.026796290239931506 -0.026840318568456503 0.025979483521193218 0.017006632651595088 0.0084561549567707828 0.01058317846182286 0.02625893660655168 0.0035606673664381242 0.0054964061282285074 -0.0043156840989535834 0.0043710480404516791 0.021601649592434005 0.035209903591844595 -0.0043475980156467368 -0.0044798315588865456 -0.019559511611360603 0.0022133124899090572 -0.02056923060555502 0.0047294924922678411 0.024372548385956073 -0.0051851050826525981 -0.011766066722946248 -0.01202173844841091 0.003319513041417151 0.031730481274398016 0.013844111556846447 0.033183952569011944 -0.01732568928442212 0.015982254183698107 0.020650311612067148 -0.023959739581506011 -0.019212571152055373 0.0174501821261858 -0.013156579751029112 -0.020878270910697595 0 0.017174921082921547 0 0.0125696733361616 -0.016538657726048105 -0.024463449784402357 0.0037286518201545748 -0.0069468548564482549 0.012143569544158505 -0.015786670823829167 0.00011015606155254023 -0.019216153396514665 -0.0046267308982115823 -0.0040125999422053089 0.036041551419603801 0.0047577941597419056 0.00046258851126749486 -0.0055759679510676745 0.0072070812242051941 0.017664482284172497 0.0010166273381621779 0.00081309298372276358 -0.0035999452904750418 -0.021993522929266283 -0.0059317131235256167 -0.0010026022114161819 -0.0043945822431084641 0.040613911728500832 0.0013166850728544342 -0.0019745163634319178 0.016914772484154787 -0.0029710044347672749 0.034854246920764012 0.0066217205797364249 -0.0022930506687910946 -0.024025102423234863 -0.0064539113304476455 0.00048851341466913333
leaf_weight=52.708067612722516 117.25587423332036 88.130094500258565 342.10361923091114 76.428804021328688 52.451967721804976 58.925103152170777 159.32343620248139 35.76156266964972 46.564873350784183 102.01869939640164 41.325608160346746 51.298060689121485 52.324984597042203 56.171788739040494 77.944081446155906 80.338203689083457 85.128591047599912 54.798898248001933 446.33207994885743 58.538351273164153 149.83694652281702 80.253534423187375 162.99708380550146 71.005654139444232 96.484553452581167 78.904729703441262 57.774618100374937 91.660643370822072 146.98731593601406 118.28406559489667 46.84989420697093 55.910207711160183 49.222734482958913 65.238361028954387 52.759828245267272 45.032941361889243 44.238167574629188 41.403563002124429 168.59214950352907 175.60300319455564 53.884356450289488 47.162656409665942 71.430706046521664 77.02447453700006 51.911249775439501 88.894785674288869 58.725056352093816 91.50314212962985 73.720262546092272 38.158303420990705 322.83403289318085 96.035851577296853 153.36043987236917 59.020124047994614 61.176887631416321 104.49060065113008 46.904907044023275 51.622807133942842 54.966916535049677 64.666151646524668 313.53567385300994 49.677485255524516 175.93125867471099 220.46165465563536 58.427621077746153 85.213201845064759 60.995076201856136 54.291162988170981 409.94811098650098 52.446036512032151 57.475691873580217 341.32760185562074 51.155822973698378 158.41225301474333 106.62286068312824 118.3602259606123 393.60978711023927 2378.5204562060535
leaf_count=882 1356 1128 4123 845 688 836 2042 676 652 1335 495 563 563 538 899 1028 1282 553 5381 832 1819 870 1878 665 962 1069 597 997 1614 1278 559 710 665 724 585 583 703 603 2211 2127 505 603 1123 1073 418 1211 891 1218 1277 470 3710 924 1857 754 694 1390 564 581 484 739 3701 1621 2296 2275 705 897 925 601 4743 567 749 3912 536 1724 1307 1374 5261 28015
internal_value=0 -0.00106605 0.00273856 -0.00424718 -0.00124418 -0.00519986 -0.0201774 -0.00034955 0.00317477 0.00810594 0.0179965 0.00118047 0.00931781 -0.000182527 0.0101389 -0.0105562 -0.00270187 0.0208881 -0.00124808 0.0108143 -0.00297276 -0.0118509 -0.0026117 0.00475439 0.00722619 0.0108298 0.0128162 0.00531104 0.0121241 0.0200867 0.0129495 0.0204091 -0.00416581 -0.00390471 -0.00924394 0.000138436 0.000493915 -0.00241064 -0.00678461 -0.0154987 -0.0156112 0.000153522 -0.00156148 -0.0018827 -0.00146496 -0.0137281 -0.00724002 0.00177683 0.00865479 0.00197623 -0.00227296 0.000206755 0.00480953 0.0125664 0.0202254 -0.00516482 -0.0115024 0.00784356 0.0224679 -0.000390181 0.00414908 -0.0103363 -0.0123133 -0.017672 0.00360096 -0.0111272 -0.0163156 0.0296963 -0.000503044 -0.00148351 -0.000429301 0.00266249 0.00584366 0.0142763 -0.0120946 -0.0177377 -0.000823464 -0.000487705
internal_weight=0 8421.8 2267.02 501.249 8369.09 1529.99 211.775 6839.1 1738.02 707.542 285.802 421.74 197.672 1030.48 190.026 332.37 1318.21 107.124 1198.29 143.667 1054.62 230.09 840.455 1765.77 1135.47 746.204 667.299 335.133 243.472 332.167 213.883 112.082 90.5483 793.89 361.579 144.698 432.311 370.442 268.423 252.032 216.881 389.266 5101.08 4953.44 4793.11 160.325 673.323 168.528 147.64 111.879 367.072 630.303 344.563 191.203 132.183 285.74 91.9378 168.879 156.108 824.534 378.202 504.795 446.07 270.139 99.8312 181.249 119.92 101.141 4119.79 3158.95 2881.52 960.844 619.516 209.568 277.429 170.806 2824.04 2772.13
internal_count=129611 103606 26005 5937 102724 19115 2730 83609 20872 8821 3404 5417 2276 12051 2147 4000 16385 1116 14624 2114 12510 2689 9904 20068 12887 8161 7092 3573 2576 3519 2241 1248 1160 9252 4115 1732 5137 4854 3519 2972 2383 4726 62737 60314 57980 2334 9374 2291 2423 1747 4413 7181 3970 2113 1359 3211 1147 1937 1644 9821 4440 7083 6192 3896 1308 1821 1761 1160 48606 37691 34443 10915 7003 2260 3248 1941 33694 33276
is_linear=0
shrinkage=0.0454652


Tree=21
num_leaves=79
num_cat=0
split_feature=16 28 14 16 5 0 30 0 28 3 23 28 5 3 12 28 30 16 3 8 3 23 23 0 0 30 3 30 28 16 15 5 23 0 8 3 0 5 20 28 12 5 15 0 12 14 12 16 10 12 20 28 3 20 14 23 3 10 0 23 15 5 10 10 14 12 14 15 0 3 20 10 15 30 10 15 0 30
split_gain=9.64022 20.4189 16.3274 15.2509 15.1791 13.6634 13.2565 12.3363 15.0465 11.4931 17.4344 14.9451 29.5962 24.0886 13.5502 13.4374 29.3794 14.9739 13.8153 13.7874 20.1471 15.187 12.7872 23.0317 12.5088 10.7259 10.4022 26.156 17.265 23.1647 19.7801 14.4258 14.5297 14.1514 11.998 11.6025 14.897 13.084 10.2122 14.7809 27.7171 10.198 10.0205 9.70332 15.8296 14.2026 11.1593 10.8819 14.0091 19.8081 11.6607 10.672 9.67671 9.35575 10.266 11.1356 11.4467 12.7207 9.21414 9.18903 10.1543 9.0106 8.57051 8.52834 8.51067 10.3714 8.39174 8.24817 8.18245 8.52402 8.07218 8.05217 7.96112 11.2701 17.285 13.782 7.8812 7.83669
threshold=0.82291585206985485 -0.69930991530418385 -7.3596391677856436 0.85200807452201854 14.89331102371216 0.40595406293869024 0.81174489855766307 1.1046755313873293 0.81279832124710094 0.33150766789913183 0.90977710485458385 0.74455857276916515 -1.1999046206474302 0.30291782319545751 0.011283752974122764 0.52803644537925731 1.0000000180025095e-35 0.093649562448263182 0.48015630245208746 -0.52117437124252308 0.92041680216789257 0.66199770569801342 0.54826998710632335 0.76061841845512401 0.96216201782226574 0.81174489855766307 0.90247163176536571 1.0000000180025095e-35 0.1413247883319855 0.64431303739547741 6.6141755580902108 3.3926486968994145 0.7395315170288087 0.86441347002983104 -2.0447347164154048 0.33150766789913183 0.68508154153823864 -0.22957722097635266 2.1218887567520146 -0.49049438536167139 0.016683422029018406 4.9021551609039316 16.411763191223148 1.017083525657654 -0.027979967184364792 -11.017368793487547 0.036255011335015304 0.13649319857358935 0.17140062153339389 -0.082514781504869447 2.8749734163284306 -0.98279649019241322 0.96268859505653392 1.9726811051368716 -12.666232109069822 0.91650715470314037 0.67709460854530346 0.059999382123351104 1.1000621914863589 0.788853019475937 6.0482056140899667 3.8572123050689702 0.043237097561359412 0.13402181118726733 -11.608343124389647 0.015332027804106476 -12.453411579132078 9.0190558433532733 0.88398945331573497 0.65838301181793224 -0.90472266077995289 0.048271570354700095 23.78441143035889 1.0000000180025095e-35 0.11167806759476663 17.649066925048832 0.68508154153823864 -0.56174489110708226
decision_type=2 2 2 2 2 2 2 2 2 2 2 2 2 2 2 2 2 2 2 2 2 2 2 2 2 2 2 2 2 2 2 2 2 2 2 2 2 2 2 2 2 2 2 2 2 2 2 2 2 2 2 2 2 2 2 2 2 2 2 2 2 2 2 2 2 2 2 2 2 2 2 2 2 2 2 2 2 2
left_child=2 3 5 -2 6 -1 -3 8 42 10 11 13 -13 14 59 22 19 -18 24 -17 21 -21 -11 25 -19 -24 28 33 29 30 70 32 -32 -28 -31 36 -30 -37 39 -36 -41 58 -8 47 45 51 -46 -25 50 -50 53 -45 -29 54 71 64 57 -57 -39 60 -7 -35 -47 -23 -56 68 -62 -34 69 -66 -4 -49 73 77 -75 -76 -27 -5
right_child=1 4 26 72 -6 9 7 -9 -10 15 -12 12 -14 -15 -16 16 17 18 -20 20 -22 63 23 43 -26 76 27 52 35 34 31 -33 67 61 38 37 -38 41 -40 40 -42 -43 -44 44 46 62 -48 48 49 -51 -52 -53 -54 -55 55 56 -58 -59 -60 -61 66 -63 -64 -65 65 -67 -68 -69 -70 -71 -72 -73 -74 74 75 -77 -78 -79
leaf_value=0.024429107355504028 0.011340447405355664 0.0028212459093295804 0.0044099278396065537 -0.0041548646174754469 -0.019507528063676439 0.011263844841718747 0.0031096306577356085 -0.0010447355430335164 -0.00042952142554295459 0.017271799637457785 -0.021133737964087806 0.018679795801693405 -0.024686884306577738 -0.014261664929691213 0.025369616781116832 0.0030564837369813675 0.019197587433802784 -0.0021047646886747091 -0.010665864374627883 0.0094742954198800411 -0.0081790264587263163 0.036557913395945552 -0.015885877740393142 -0.0067790660882150276 0.024666701833982105 -0.012332487559904428 0.040844139187244839 0.0018406525791765081 0.018655005184893662 0.0057595809469543268 0.03676031043927077 -0.0063896469202064489 0.016861973050963274 -0.0041350404854057785 -0.0099007517222598641 -0.016852880602042344 -0.008235752046190899 -0.0053912559811629982 -0.015385770967186787 -0.0075169095929530734 0.023307916917965233 -0.02070223025126703 0.024660226728263342 0.016492448531054468 0.0088448634589347215 0.0020761342564872879 -0.0059490340713326791 -0.0014286750694100002 0.0011811709190996124 0.038678036045588907 -0.014572310616539378 -0.0034562640090953353 -0.024870791307673029 0.023867217926184753 -0.020583721855512518 0.036906812270185677 -0.0057193507902291232 0.0016372520622866236 0.015492070147717833 0.021421162301585757 -0.030241055235174834 0.022821436945105317 -0.018629242114141437 0.012552253700391256 0.0016125243303826244 -0.015231724118984593 0 0.00019958954919198685 -0.0070564149195687705 0.023729029078585644 -0.016357513327219374 0.018741750266113941 -0.015820319365273259 -0.014057861146643511 -0.0040355825328568136 0.025236506472103386 0.012448229173069623 -0.020619596308604753
leaf_weight=44.942752623930573 103.55409345217049 1556.6852207239717 59.366613680496812 203.59669906646013 49.137689281255007 52.957816204056144 63.388042084872723 118.33932140655816 89.872781118378043 77.958923185244203 115.01573166064918 39.774184817448258 117.37476539798081 105.40317604504526 86.465407036244869 234.07339055463672 54.563071999698877 123.51963186636567 314.66966500319541 144.20814885012805 50.376684676855803 131.34196061827242 278.14105940051377 160.45179089717567 45.13187375292182 43.21496600843966 38.16868295148015 50.296332441270351 64.944757180288434 159.84066143445671 53.580088816583157 70.732998836785555 166.09650812298059 52.016189575195312 378.98257941380143 412.53063938952982 105.36398699879646 449.06475043855608 246.06715653836727 151.27789502218366 93.493351785466075 80.549648862332106 229.37646297179163 55.369057832285762 374.82639420591295 45.930032694712281 138.68153523281217 51.818864097818732 61.720219785347581 56.774617942050099 62.228760588914156 729.64658998325467 50.409234721213579 48.61266696639359 48.960648007690907 44.479174742475152 46.692924562841654 43.55063284188509 43.453240416944027 38.123416718095541 31.069429472088814 40.779429642483592 196.37334236875176 56.383822636678815 110.39099270105362 75.31637460924685 40.62209996022284 105.65592627041042 89.126272341236472 54.169756708666682 87.599699009209871 130.38010318018496 159.73501874133945 63.836144292727113 49.039327312260866 80.209362166002393 55.352097004652023 89.424250833690166
leaf_count=826 1233 17335 644 2415 730 923 665 1041 878 858 1617 539 1564 1468 1405 2645 744 1743 4095 2024 706 1375 3586 2115 432 619 583 557 996 1972 644 808 1896 705 4725 4607 1217 5772 3231 1884 1083 1022 1919 649 4732 596 2030 545 733 709 712 9212 577 538 520 515 600 545 463 595 459 567 2448 686 1266 772 754 1274 993 576 913 1439 1937 651 581 834 724 989
internal_value=0 0.00201546 -0.00106473 -0.00438168 0.00431813 0.000535802 0.00494828 0.0113847 0.0153254 0.000284552 -0.00542748 -0.00166381 -0.0132131 0.00341013 0.0111856 0.00114601 0.00532354 -0.00236113 -0.00503553 0.0120795 0.017387 0.0214645 -0.000408653 -0.000906837 0.00519094 -0.0113627 -0.00373091 0.00535512 -0.00452705 -0.00138251 0.00614512 0.0114507 0.0155088 0.0186429 -0.00540829 -0.00874343 0.00193572 -0.0106384 -0.00753367 -0.00427841 0.00425033 -0.00599271 0.0202655 0.000590151 -0.00170566 -0.00498078 0.00473985 0.00389042 0.00581695 0.0202353 0.00354488 -0.00190932 -0.0115129 0.00519784 0.00369012 0.00026905 0.0113821 0.0208341 -0.00333827 0.00292199 -0.00285721 0.00767039 -0.0145371 0.030023 -0.00364381 -0.000754909 -0.0139769 0.0106595 0.00352711 0.00958049 -0.00775324 0.0128377 -0.00703306 -0.00393825 0.00436437 0.0139809 0.00104995 -0.0095582
internal_weight=0 2856.19 7866.46 749.395 2106.8 4906.18 2057.66 500.977 382.637 4861.24 626.806 511.79 157.149 354.641 249.238 4234.44 1154.27 537.884 483.321 616.384 382.311 331.934 3080.17 3002.21 168.652 376.708 2960.27 231.67 2728.6 1572.69 543.032 396.066 325.333 130.964 1029.66 1155.91 170.309 985.598 869.821 623.754 244.771 573.068 292.765 2625.5 1540.83 1027.32 513.508 1084.67 924.222 118.495 805.727 785.016 100.706 743.498 694.886 512.687 134.723 88.0298 492.518 162.773 124.649 92.7956 242.303 187.726 377.964 329.003 71.6915 271.752 253.687 164.561 146.966 182.199 645.841 486.106 193.085 129.249 98.5671 293.021
internal_count=129980 31208 98772 8640 22568 62632 21838 4503 3462 61806 9324 7707 2103 5604 4136 52482 14450 7014 6270 7436 4791 4085 38032 37174 2175 4929 36140 2989 33151 19074 6179 4622 3814 1855 12895 14077 2213 11864 10923 7692 2967 7257 2584 32245 19667 12905 6762 12578 10463 1442 9021 9861 1134 8309 7771 5787 1660 1060 6235 2731 2136 1272 3044 2061 4127 3607 1213 3170 2835 1842 1557 1984 7407 5470 2066 1415 1343 3404
is_linear=0
shrinkage=0.0454652


Tree=22
num_leaves=79
num_cat=0
split_feature=11 27 3 29 15 20 27 14 14 5 21 3 3 14 12 14 15 16 27 20 12 3 5 21 15 27 12 21 14 3 27 0 4 29 27 11 0 29 5 5 27 12 29 11 12 14 3 27 3 20 3 0 5 27 11 0 5 3 12 3 21 0 27 3 16 11 29 3 16 3 14 14 5 21 0 0 12 0
split_gain=19.7151 18.0857 19.8949 14.2163 13.7738 21.3101 19.7699 19.0214 13.5545 13.2869 17.1262 17.083 15.1762 11.9511 9.99075 9.41739 10.5783 9.33876 15.9435 24.7928 12.896 12.878 10.0623 29.9285 17.9529 17.5027 13.86 22.1983 21.041 13.7617 13.603 13.3818 13.5335 12.7902 12.7776 12.3136 12.0271 11.0217 10.0926 9.84411 9.74202 13.4157 9.53198 8.97693 15.541 10.4224 8.93545 10.0508 20.8397 14.5174 12.8589 8.80027 8.79716 8.79597 8.72595 9.25264 13.5955 20.2257 9.06786 8.67365 8.56426 8.50684 8.24831 10.6534 8.09509 10.2655 13.0212 10.3903 7.9503 16.9754 14.0132 12.0136 11.4937 8.19693 12.1479 7.90361 7.86216 7.91056
threshold=0.020291220396757129 0.79989895224571239 0.71253624558448803 -0.60785761475563038 9.8121986389160174 2.0075125694274907 -0.20576497167348859 -3.8749402761459346 -4.8396992683410636 3.1229231357574467 1.7696080207824709 0.44775147736072546 0.54729264974594127 -13.021670341491697 0.087309669703245177 -27.471098899841305 3.1768857240676884 0.33084584772586828 0.26932403445243841 0.34542633593082434 -0.06799921020865439 0.85939016938209545 -1.0000000180025095e-35 10.415135383605959 23.011463165283207 -0.90159028768539418 0.073412269353866591 9.8750529289245623 -11.608343124389647 0.90247163176536571 -0.076279435306787477 0.68861794471740734 0.1362148001790047 0.6078576147556306 -0.66746801137924183 0.1364923641085625 0.76902031898498546 -1.0000000180025095e-35 6.8725767135620126 8.2979240417480487 0.5464349389076234 0.0065615398343652495 0.6078576147556306 0.058582438156008727 -0.079007655382156358 -13.512624263763426 0.27405253052711492 0.75894212722778331 0.38679166138172155 0.65323644876480114 0.377295732498169 0.69499158859252941 -5.6144471168518058 0.61734244227409374 0.1447141766548157 0.98236331343650829 -1.2857155203819273 0.55671611428260814 -0.12078380212187766 0.72962960600852977 0.66642057895660411 1.201188385486603 -0.77296444773674 0.41110651195049291 0.44664591550827032 0.064864818006753935 1.0000000180025095e-35 0.62049713730812084 0.87623739242553722 0.47761167585849768 -6.665458917617797 -4.8396992683410636 5.3587002754211435 1.4132471084594729 1.0514063835144045 1.1000621914863589 -0.053597515448927872 0.94272372126579296
decision_type=2 2 2 2 2 2 2 2 2 2 2 2 2 2 2 2 2 2 2 2 2 2 2 2 2 2 2 2 2 2 2 2 2 2 2 2 2 2 2 2 2 2 2 2 2 2 2 2 2 2 2 2 2 2 2 2 2 2 2 2 2 2 2 2 2 2 2 2 2 2 2 2 2 2 2 2 2 2
left_child=1 4 9 -2 5 8 -7 75 13 10 11 51 -13 -1 -9 16 -5 18 43 20 21 -20 23 34 26 38 28 39 30 31 36 32 -30 -34 64 37 -24 -29 -26 -28 -21 -42 53 44 -17 -46 -33 48 -48 -49 -51 -3 -36 -32 55 56 57 -45 -59 -54 -15 -39 -58 -64 -19 67 -67 -66 69 70 -50 73 -70 -71 -75 -6 -22 -78
right_child=3 2 -4 15 7 6 -8 14 -10 -11 -12 12 -14 60 -16 17 -18 22 19 40 76 -23 24 -25 25 -27 27 35 29 -31 42 46 33 -35 52 -37 -38 61 -40 -41 41 -43 -44 54 45 -47 47 49 68 50 -52 -53 59 -55 -56 -57 62 58 -60 -61 -62 -63 63 -65 65 66 -68 -69 72 71 -72 -73 -74 74 -76 -77 77 -79
leaf_value=-0.015728385605880087 -0.015009824911978626 0.0059262440210509273 -0.012771931154916269 0 -0.025585131435669976 -0.008064721281573586 0.030505655277635255 -0.0077251362573334112 -0.020774291953743442 -0.0088518797751139678 0.034336517255104122 0.035420291240421231 0.0027439721142812133 0.0007131556756639749 0.01498612781328342 0.025713398508635864 -0.027559909722540712 0.0015642207002545801 -0.017617605958214631 0 0.012716408447076333 0.0045735889622393307 0.022224757579212273 0.02547957572175016 0.022259566787863609 -0.0076118109138613209 -0.0078057178188555929 -0.0048866261933889037 0.022687689076996795 0.02184894224450773 -0.020770936333003684 0.019403140351817075 0.014355477534684791 -0.0046692235232289022 0.011737159106978401 -0.009506078491285987 -0.0097697348479557338 0.024486906499988376 -0.0020556566869789398 0.0098035397936193768 0.042402135366825008 0.0073917707809081652 -0.031014270703727666 0.035015414339351507 0.02067844271146527 4.3830886230115679e-05 -0.011586028205061409 -0.0084765572523410639 0.035650536127873306 0.03122357536117823 0.0083949832194939837 -0.02065087547845083 -0.00065845650677495932 0.0044651259614802222 0.01870598389318116 -0.0017609705210312602 -0.010400450010113686 0.016999588670691609 -0.011471545463136789 -0.013049811830184931 -0.015658639500503006 0.0045018675050696438 -0.0059348133798223261 0.01908854070149325 -0.031087806179539108 0.0095420151196364961 -0.014965005965727042 -0.0096779935893384836 -0.0091090639518494002 0.0016303820096583382 0.0082800442068637885 0.009579752450246129 0.0098636143822197972 -0.02700159018454738 0.0012609709028779368 -0.006098797884261712 -0.0079284076222956076 0.0046456673478296453
leaf_weight=132.36475372873247 105.77418324537575 46.34336400218308 102.92040334828198 65.390664182603359 191.65969724021852 40.276594104245305 65.655900314450264 165.1558765489608 102.95234907604754 59.990185784175992 62.124603426083922 53.735036980360746 68.55715293623507 631.19091934897006 47.683299200609326 135.29422709532082 44.602376990020275 103.07239863276482 195.48272650502622 45.347187176346779 87.207956159487367 67.845561850816011 44.741587925702333 75.427449772134423 66.867641249671578 616.94964055344462 603.8288615308702 52.132388032972813 170.12026494368911 112.57066715881228 45.687251443043351 69.443828186020255 163.55303299240768 121.54688348993659 101.93686735071242 57.577315140515566 42.486734246835113 130.86529690027237 62.371640520170331 67.720603778958321 43.545649999752641 55.054403081536293 51.270866755396128 73.292422533035278 69.143615510314703 179.43703540042043 219.96489714644849 73.741161433979869 59.777981977909803 63.499196341261268 283.31001014262438 45.72922383621335 1323.2686235010624 58.990770842880011 81.447860602289438 376.53120039403439 81.196450127288699 40.578296761959791 42.842416411265731 125.40657286345959 69.212550604715943 78.514790147542953 58.639760723337531 71.874008610844612 86.106109580025077 78.141538934782147 92.062487849965692 129.77219189703465 191.80346605740488 211.33744838833809 124.51743224076927 250.89344623498619 93.980051275342703 58.24964183755219 56.462995590642095 68.33652463927865 217.15983923524618 186.04855612665415
leaf_count=1810 1363 769 1046 1221 2660 460 954 1872 1153 819 789 724 778 7630 497 1678 762 1351 2390 667 948 656 554 974 635 6826 7300 591 2091 1400 565 979 2130 1512 1256 552 552 1363 845 732 560 895 601 733 953 2349 2650 807 720 801 2988 669 16107 711 1203 4842 815 504 558 1327 962 1058 806 931 917 910 1109 1598 1973 2256 1376 2756 1083 732 706 938 3106 2125
internal_value=0 -0.00383902 0.00418738 0.00120632 -0.00620485 -0.00319727 0.0156425 -0.0126441 -0.00544075 0.00960901 0.0138589 0.00716988 0.0181688 -0.00339466 -0.00222575 0.00141753 -0.0115105 0.00159543 0.00422286 -0.000318131 -0.00369379 -0.0117352 0.000722991 -0.00183055 0.00198957 -0.00437764 0.00334187 -0.00118322 0.00510558 0.00644924 -0.0074368 0.00560477 0.0125673 0.0061246 -0.00291321 0.00856103 0.00636694 0.0128076 0.0104556 -0.00590922 0.0166423 0.0244006 -0.015428 0.00762093 0.0134132 0.00621803 0.00374815 0.0030298 0.000954535 0.0090977 0.0130287 -0.00708294 -0.000848686 -0.00646725 0.00481887 0.00314169 0.00824755 0.0182237 0.00196728 -0.00179839 -0.000916853 0.0174509 0.000431709 0.00764426 -0.0092976 -0.0123084 -0.00347389 -0.0188581 0.00367033 0.00610852 0.0179975 0.00212699 -0.00265052 -0.00350768 -0.0131148 -0.0208217 0.00058665 -0.0020183
internal_weight=0 1953.89 439.4 8743.71 1514.49 1041.65 105.932 472.835 935.721 336.48 276.489 214.365 122.292 832.768 212.839 8637.93 109.993 8527.94 2107.97 897.692 753.745 263.328 6419.97 2115.19 4304.78 746.189 3558.59 990.639 2567.95 2324.77 243.177 2212.2 455.22 285.1 2039.77 319.09 87.2283 261.512 129.239 671.549 143.947 98.6001 155.949 1210.28 383.875 248.581 1756.98 1687.54 1266.99 420.55 346.809 92.0726 1550.61 104.678 826.402 744.955 368.423 156.713 83.4207 1448.68 700.403 209.38 211.71 130.514 489.155 386.082 170.204 215.878 1047.02 761.239 184.295 576.944 285.784 326.05 114.713 259.996 490.416 403.208
internal_count=129989 24530 5594 105459 18936 12969 1414 5967 11555 4548 3729 2940 1502 10402 2369 104096 1983 102113 26719 11347 9225 3046 75394 25549 49845 8306 41539 11596 29943 26960 2983 25560 5733 3642 24575 3564 1106 3012 1480 8032 2122 1455 1877 15372 4980 3302 19827 18848 14252 4596 3789 1438 18690 1276 10392 9189 4347 1795 1062 17434 8592 2421 2552 1737 5885 4534 2019 2515 11602 8546 2096 6450 3056 3694 1438 3598 6179 5231
is_linear=0
shrinkage=0.0454652


Tree=23
num_leaves=79
num_cat=0
split_feature=11 5 14 14 30 13 9 33 14 30 7 20 13 14 13 0 5 0 3 6 7 3 6 9 10 17 13 13 13 3 11 3 7 0 5 11 13 13 30 30 0 5 6 13 14 11 11 3 0 0 3 30 20 13 14 17 14 5 14 13 13 0 9 5 13 9 3 14 20 14 11 6 0 33 0 7 20 6
split_gain=26.2397 13.0426 11.2569 11.9481 11.6828 10.1686 10.2051 9.27078 7.96646 9.90692 7.63492 7.17166 15.6921 10.7838 9.32416 9.93508 6.77773 9.55168 11.707 6.62013 6.36606 6.29742 6.66762 8.45641 6.27485 14.9959 11.902 15.723 12.4227 11.2156 10.9324 8.59542 8.53709 10.2306 9.2695 7.72201 7.22708 12.0176 15.9855 10.9031 8.26873 8.13934 7.76746 9.09232 21.3824 10.351 8.98798 17.6578 17.2991 16.434 10.1931 13.6318 12.2353 12.1691 15.4991 12.1298 18.9208 12.6834 8.41278 9.62148 9.0107 8.18312 7.91591 7.78981 7.64618 6.74524 9.7008 6.65236 11.1811 9.80879 7.76393 6.50834 6.02994 5.9699 5.87912 22.5928 17.3919 11.3007
threshold=0.022405167110264305 6.0238730907440194 -3.1290246248245235 -5.3272526264190665 -0.56174489110708226 -0.034423796460032456 0.048702783882617957 0.9590476155281068 -27.471098899841305 -0.56174489110708226 1.1393596529960635 0.56028938293457042 -0.024896387942135331 -8.3065638542175275 -0.0087066902779042703 0.84226346015930187 1.1120846271514895 0.63434424996376049 0.62049713730812084 -15.189916133880613 -16.269391059875485 0.80765989422798168 -6.0419099330902091 0.19060605019330981 0.098336279392242446 82.500000000000014 -0.027178337797522541 -0.012203894555568693 0.01175562432035804 0.33657102286815649 0.032524041831493385 0.49513699114322668 24.17430400848389 0.48308978974819189 -0.54271188378334034 0.081835411489009871 0.073440685868263259 0.058984497562050826 0.81174489855766307 1.0000000180025095e-35 1.201188385486603 5.4599149227142343 2.3571013212203984 -0.025985304266214367 -15.556581020355223 0.13776013255119327 0.083237390965223326 0.3756395429372788 1.0135921835899355 0.61712864041328441 0.53048458695411693 0.81174489855766307 0.46642903983592993 -0.01319830399006605 -5.000307321548461 57.500000000000007 -8.3065638542175275 -5.3471486568450919 -6.7307908535003653 0.01739507541060448 0.0079403985291719454 0.90425428748130809 0.21814599633216861 0.38535858690738684 -0.062909260392189012 0.23831523954868319 0.47181421518325811 -7.2253518104553214 0.25094501674175268 -4.2486660480499259 0.079131416976451888 -2.5020899772644039 1.0279425382614138 0.99736112356185924 0.59879007935523998 17.15245342254639 2.5189517736434941 -6.426792860031127
decision_type=2 2 2 2 2 2 2 10 2 2 2 2 2 2 2 2 2 2 2 2 2 2 2 2 2 2 2 2 2 2 2 2 2 2 2 2 2 2 2 2 2 2 2 2 2 2 2 2 2 2 2 2 2 2 2 2 2 2 2 2 2 2 2 2 2 2 2 2 2 2 2 2 2 10 2 2 2 2
left_child=1 2 3 5 -4 -1 -7 -8 9 -2 -6 13 -13 21 15 -14 17 -5 -19 20 -10 22 -9 -24 25 32 29 -28 -29 -27 31 -26 33 34 -21 71 37 41 39 -39 -38 42 43 44 45 64 47 49 -48 -45 52 53 -49 -52 55 57 -57 -55 -44 60 -60 -53 -59 -61 -35 66 -65 -30 70 -70 -69 -31 -18 -51 75 76 77 -32
right_child=8 -3 4 16 10 6 7 11 19 -11 -12 12 14 -15 -16 -17 72 18 -20 24 -22 -23 23 -25 30 26 27 28 67 35 74 -33 -34 36 -36 -37 40 38 -40 -41 -42 -43 58 46 -46 -47 48 50 -50 73 51 61 -54 54 -56 56 -58 62 59 63 -62 -63 -64 65 -66 -67 -68 68 69 -71 -72 -73 -74 -75 -76 -77 -78 -79
leaf_value=0.017077764678564259 0.0090497541413790648 -0.018499562245573024 0.019253058783115239 0.012252973123796756 -0.014401990826910219 0.0056754151557127704 0.0052255258262885618 0.0054006548428438888 0.023324633183466625 -0.018821834701444943 0.0081045143102693659 0.0065259934596224875 -0.039082488860177352 0.0025777864734418819 -0.0038026398554262797 -0.010475064273539997 -0.02303075968924289 -0.019861842864038835 0.0027059282266638594 -0.032383502666928923 0.00041138199711666647 -0.015425421117159778 0.00050090340585457805 -0.016379623818502949 -0.0066022085760531696 0 -0.015244304907411084 0.020336293724392551 -0.011095441983268135 0.037820674143359059 -0.010856716130051574 0.01092345890966911 0.01694247403680731 -0.017769732043224233 0 0.0077364635157868011 -0.010694169899372953 0.011464278244084126 0.03158235297039317 -0.013186358525407059 0.0090303045124073555 0.011073650474802802 -0.010510105344212666 0.012684360980953881 0.014258777701051136 0.015765535017513654 0.018915776333866211 0.0015549090448219048 -0.008984552463823809 -0.00014506732624737129 -0.014918362928621389 -0.031705352108224685 0.019347439029678719 0.021150828215388547 -0.010942961539648743 -0.00086810520498708285 0.032651109016575849 -0.012626464910507285 -0.0011679475893659091 -0.014560237922291521 0.022020269006360033 -0.0040584340755813464 0.0072525694205905619 -0.0065548699136317454 0 -0.011097089145064395 0.018458200572900332 0.024073925285563524 -0.016717696091050123 0.0061901032440951978 0.00041373133208195956 0.014210466718470875 -0.0040179204303882428 -0.021545657215731776 -0.0011980414764815933 0.032511271111597344 -0.023868536580706604 0.013221216324426273
leaf_weight=48.16712387278676 32.533444466069341 123.60710961557925 83.812499985098839 44.031360441818833 55.024131253361702 215.04076318815351 152.59500778093934 94.086115501821041 52.138033838942647 81.255789352580905 59.867104297503829 55.572934083640575 65.394583862274885 285.57023389264941 58.282113421708345 54.554101727902889 131.76298321224749 105.09759730100632 76.588077222928405 31.7963826674968 53.603144811466336 171.69525212794542 106.39579922705889 124.68840032070875 65.155090956017375 67.075357047840953 70.216516681015491 108.90891411714256 54.499669788405299 68.890502441674471 52.116968408226967 294.33737856708467 66.187490731477737 86.674349956214428 38.058217575773597 72.549750650301576 188.84523269720376 121.79177707061172 58.703878374770284 47.383329723030329 50.870806358754635 153.9937681555748 242.02528098039329 39.395877633243799 324.77495951391757 41.822970408946276 124.42853840999305 287.01306393370032 65.713146343827248 37.734599491581321 85.051242182031274 43.527572361752391 111.10518086887896 46.713183924555779 110.21469703130424 55.252912918105721 78.095164313912392 100.29562258347869 63.116436978802085 98.888921895995736 63.013775173574686 52.790048561990261 61.969279462471604 51.697825418785214 110.09270939230919 57.146454382687807 66.994971269741654 77.152029864490032 58.398177661001682 94.258906302973628 51.166731812059879 60.871001850813627 57.938108278438449 162.44120486080647 3498.1472946517169 48.463676940649748 47.536563722416759 129.22887832485139
leaf_count=591 592 1497 913 636 611 2771 5031 874 658 1461 679 522 621 2878 624 541 1678 1340 837 525 683 1649 1019 1259 961 931 876 1200 814 759 814 3332 805 1054 654 860 2070 1580 449 487 431 1749 2974 623 3767 616 1521 3209 801 1151 990 489 1316 627 1051 696 829 1174 787 1163 687 714 702 623 1465 578 773 902 753 1033 595 709 693 1657 41044 631 666 1883
internal_value=0 -0.00430357 -0.00338705 -0.00451104 0.00670308 -0.00248238 -0.0032466 -0.0049437 0.00128862 -0.0104018 -0.00238879 -0.00653329 -0.0135622 -0.00431138 -0.0200993 -0.0272383 -0.0112957 -0.00549665 -0.0102357 0.00145676 0.0126008 -0.00835699 -0.00433151 -0.00852638 0.0013036 0.00253853 0.00820483 0.00396756 0.00722318 0.0159406 3.33375e-05 0.00757441 0.00121928 0.000874802 -0.0158041 0.0211898 0.00126296 0.00187518 0.0118442 0.00413035 -0.00622712 0.00103695 0.000423342 0.0018222 0.0067075 -0.00343748 -4.07897e-05 -0.00146088 0.00903608 -0.0124866 0.00109067 -0.00243139 0.00678774 0.00034927 0.00343332 0.00827716 0.0187945 0.00110546 -0.00389141 5.00044e-05 0.0103695 -0.0178201 -0.00474971 -0.00459533 -0.00799961 0.00094099 0.0073106 0.00262903 0.00558309 -0.00246926 0.0153118 0.0278814 -0.0176827 -0.0178339 -0.000679208 0.00561387 -0.000342256 0.00595166
internal_weight=0 2169.77 2046.16 1847.46 198.704 1432.04 1383.88 1168.83 8564.12 113.789 114.891 1016.24 233.804 782.436 178.231 119.949 415.418 225.717 181.686 8450.34 105.741 496.866 325.17 231.084 8344.59 4209.61 783.988 514.601 444.384 269.387 4134.99 359.492 3425.62 3359.43 69.8546 202.311 3289.58 3049.86 227.879 169.175 239.716 2821.98 2667.99 2025.11 563.365 238.59 1461.74 1271.6 190.142 239.572 1032.03 633.91 398.118 537.592 452.541 342.326 133.348 208.978 642.884 400.858 126.13 96.3176 162.265 274.728 196.767 175.839 118.693 335.476 280.976 152.657 128.319 129.762 189.701 200.176 3775.49 277.346 228.882 181.346
internal_count=130208 27264 25767 23564 2203 18380 17789 15018 102944 2053 1290 9987 2308 7679 1786 1162 5184 2813 2177 100891 1341 4801 3152 2278 99550 50219 9432 6173 5297 3259 49331 4293 40787 39982 1179 2328 38803 36302 2516 2067 2501 33786 32037 24452 6902 3135 17550 15228 2322 3431 11797 7272 4525 6069 5079 4028 1525 2503 7585 4611 1474 1203 1876 3137 2519 1974 1396 4097 3283 1786 1497 1468 2371 2808 45038 3994 3363 2697
is_linear=0
shrinkage=0.0454652


Tree=24
num_leaves=79
num_cat=0
split_feature=22 16 28 7 5 9 10 14 1 14 7 22 21 7 14 20 14 17 12 21 7 7 7 10 5 7 5 28 14 21 7 28 12 7 22 28 17 10 7 5 21 21 7 16 28 7 28 9 20 5 12 7 17 21 12 14 17 14 28 16 17 17 28 28 12 28 17 6 12 1 20 5 17 1 10 22 20 12
split_gain=9.18704 8.52403 13.3052 27.5186 10.648 9.77346 9.71768 9.63486 9.983 9.16798 15.9028 16.4664 8.34475 19.2385 15.1411 14.9824 12.865 7.9682 7.7763 23.192 16.0797 12.5176 11.2149 9.21063 9.75519 10.1815 16.7423 8.7762 10.9841 20.7511 18.4703 14.781 8.57498 8.16543 7.52638 7.33451 14.6641 9.58938 9.14725 9.02857 13.5488 17.7921 12.7054 12.2867 12.3132 10.7398 10.1986 9.03908 11.2474 8.82296 7.82681 7.36101 7.09443 6.70058 6.62951 6.9073 9.49378 10.2152 8.59174 7.05744 11.2358 6.41148 6.38881 6.33475 6.27796 7.23492 6.20254 6.1528 6.01244 5.99152 7.19175 5.97958 5.97633 5.96757 5.94265 7.65283 6.04677 5.92811
threshold=-0.93854415416717518 0.8060806691646577 -0.56457334756851185 14.733240127563478 1.0311838388442995 0.10825279727578165 0.2603569775819779 -1.4220177531242368 1.0588700771331789 -5.6580302715301505 1.50647509098053 0.66805300116539013 11.799627780914308 16.472710609436039 -5.4355876445770255 1.2190403938293459 -3.5472260713577266 45.500000000000007 0.051475770771503455 7.3794376850128183 8.5546875000000018 4.4377074241638192 8.5546875000000018 0.29653522372245794 8.0527849197387713 16.259444236755375 5.6688177585601816 -0.39271505177021021 -2.5385251045227046 10.599288940429689 17.15245342254639 0.098011311143636717 0.022553864866495136 14.13529682159424 -0.35422456264495844 0.87137606739997875 30.500000000000004 0.11357562988996507 5.9781219959259042 0.50113943219184887 -7.5253071784973136 -2.4654008150100704 3.1408286094665532 0.5757175385951997 -0.72982063889503468 -8.3538513183593732 -0.39271505177021021 0.32757090032100683 0.71762630343437206 -2.7449803352355953 0.0038116649957373743 -5.0731093883514395 68.500000000000014 -2.0878373384475704 -0.027979967184364792 -9.9957118034362775 85.500000000000014 -8.9862422943115217 -0.35222910344600672 0.28454320132732397 56.500000000000007 1.5000000000000002 0.58244305849075328 0.032717135734856136 0.013334976043552162 0.50938662886619579 28.500000000000004 -2.9327214956283565 0.072251640260219588 0.67727160453796398 -4.3017654418945304 8.8939609527587908 86.500000000000014 1.1747900843620303 0.10807082429528238 -0.67540287971496571 -3.2696055173873897 0.054921867325901992
decision_type=2 2 2 2 2 2 2 2 2 2 2 2 2 2 2 2 2 2 2 2 2 2 2 2 2 2 2 2 2 2 2 2 2 2 2 2 2 2 2 2 2 2 2 2 2 2 2 2 2 2 2 2 2 2 2 2 2 2 2 2 2 2 2 2 2 2 2 2 2 2 2 2 2 2 2 2 2 2
left_child=12 9 3 6 5 -5 7 -3 -9 35 11 64 13 14 15 17 62 -1 21 22 -21 -4 68 24 25 33 73 -23 30 31 -29 -30 -33 -22 -34 39 -37 38 53 49 -41 47 43 44 45 -43 51 48 -42 54 67 -46 -50 -38 55 58 57 -57 -2 60 63 -12 -16 -60 65 -11 77 -44 -20 -39 -71 -25 -55 -27 -51 -76 -77 -6
right_child=1 2 18 4 66 -7 -8 8 -10 10 61 -13 -14 -15 16 -17 -18 -19 19 20 23 27 -24 71 -26 26 -28 28 29 -31 -32 32 34 -35 -36 36 37 69 -40 40 41 42 50 -45 46 -47 -48 -49 52 74 -52 -53 -54 72 -56 56 -58 -59 59 -61 -62 -63 -64 -65 -66 -67 -68 -69 -70 70 -72 -73 -74 -75 75 76 -78 -79
leaf_value=-0.013384360255299863 -0.0028637362208059217 0.0076785419976275696 0.023954738327865991 0.015728336220370735 -0.00044985155711029325 -0.011171015956533536 0.02383391457259092 -0.017269819746461051 0.0043107887037407647 -0.028763815137961262 -0.01646079625097599 0.0097725598109991048 -0.013439636613532866 0.026119697083931102 -0.0019974536955750578 0.023777118808265035 0.0030857298467077271 0.0063011068398713677 0.0069841928758974962 -0.019068208825048328 0.0045786662665308567 0.020980974963241989 -0.022064068162380462 0.0039825010412308402 0.018381590719085551 0.019422025793108456 -0.0061955804890565964 -0.017139809442952941 -0.0028452278309863792 -0.014266589612150844 0.0099816469540724029 0.0077684731563273275 0.014690249901013565 -0.014682316355233602 0.040391291503052686 -0.016461742347109894 -0.0071801511363880797 0.017878991510212626 -0.020595755812162744 -0.015286722882664168 0.0081225021076246299 0.0085843033416395965 0.0030032989653367603 -0.012302882096066075 0.0038081210186360383 -0.012957210623926772 0.0019417454761891881 -0.0041729432720033228 0.016068948118187352 -0.0017796586874320871 0.0018834674383000232 0.030730908831261994 0.042038523880712823 0.014328247691074424 0.0052671487751054409 -0.025451202843582023 0.008536007363248355 -0.0039495198735734283 0.0012919057424891887 0.016720102228868525 0.0064466156595604498 -0.00018013242029820184 -0.023433721940688431 -0.021525096727239602 -0.0097346311227271276 -0.0045222246584551663 -0.029509974765235689 0.024784908530967487 -0.010505336160658369 0.013339256792565576 -0.006343083018071397 -0.01474813333155222 -0.0052498349132496349 0.0016360581067192889 0.0058536725228982437 0 -0.014525669262096941 -0.014973220445498701
leaf_weight=42.970327315852046 556.49151003547013 286.90018746629357 85.352405987679958 51.926696475595236 87.058986956253648 50.493908539414406 46.836820740252733 79.085506254807115 86.55959215760231 106.2773642744869 49.172094717621803 59.602889835834503 46.049699096009135 80.75293680652976 54.234590921550989 97.961256511509418 181.65186094492674 359.56061024032533 70.713098760694265 48.217788219451904 106.65356087870896 63.956799475476146 98.002506323158741 74.707208700478077 168.9737319201231 206.3294570967555 90.653985129669309 111.2745039537549 77.823083328083158 63.735407263040543 88.559191634878516 90.631471062079072 66.677373711019754 71.109295051544905 54.398986000567675 161.2017375677824 197.59855861216784 62.760228157043457 64.186630727723241 71.471250103786588 162.26424078457057 60.886516477912664 48.055716805160046 166.63399793207645 44.38532704487443 163.3763865288347 292.28104521520436 44.821071265265346 73.790932593867183 1084.9799230564386 142.92515162751079 49.402563523501158 44.481550978496671 71.945545073598623 553.49301394633949 69.538240645080805 56.808249715715647 144.10369773954153 39.51173809915781 88.442087618634105 341.91642217710614 940.20059829391539 76.564454030245543 49.487917013466358 238.80995844490826 41.980370847508311 47.67895644530654 84.858334062620997 81.81482307985425 58.57404900342226 92.977478891611099 56.641107719391584 48.415832350030541 56.416035739704967 58.90365700237453 79.101312287151814 251.63567855767906 229.52266290783882
leaf_count=570 7167 3557 929 531 1063 580 563 864 1036 1442 673 675 415 810 626 1192 1784 4489 630 518 1216 701 1137 773 2000 2238 900 1370 823 620 1045 953 714 762 554 2075 2457 1034 893 887 2007 863 533 2287 534 2002 3535 504 909 13941 2194 582 495 934 6839 858 646 1654 629 1009 4368 11417 961 631 2896 477 456 1040 878 617 1121 685 634 573 763 973 3216 2587
internal_value=0 -0.000299996 0.0018131 -0.00246636 -0.0103931 0.00208899 0.00486865 0.00260331 -0.00587292 -0.00115022 -0.00438709 -0.0114777 0.00439488 0.00542516 0.00318945 0.0081017 -0.00452801 0.00396635 0.00409602 0.00169477 0.00520902 0.00785862 -0.010339 0.00676159 0.0088489 0.00560807 0.0100667 0.00541073 0.00338211 0.00821869 -0.00492215 0.0134642 0.0196259 -0.00301468 0.0275688 -0.000306117 -0.00445671 -0.00104103 -0.00540931 0.000338886 0.003342 0.0043857 0.00144235 -0.00148814 0.0014473 -0.0068462 0.00641116 0.0136258 0.01666 -0.000939283 0.0097723 0.0191788 0.0273121 -0.00196977 0.00108881 -0.000603603 -0.00706391 -0.0115184 0.000995817 0.00521459 0.00260619 -0.00110275 -0.0152367 -0.0112592 -0.0149426 -0.0225252 -0.0140194 0.0175901 -0.00211491 0.00648032 0.0011011 -0.00393572 0.0061471 0.0158694 -0.00358091 -0.00840222 -0.0111273 -0.0111881
internal_weight=0 9816.46 2798.71 966.063 466.681 102.421 499.382 452.545 165.645 7017.75 1436.04 446.671 939.746 893.696 812.943 500.492 312.451 402.531 1832.64 1130.23 879.702 702.409 250.53 831.484 700.136 531.162 353.399 617.057 553.1 353.266 199.834 289.531 211.708 177.763 121.076 5581.71 757.66 596.458 382.147 4824.05 1449.63 1378.16 1052.81 776.966 610.332 224.263 386.069 325.358 280.537 3374.41 275.839 93.7879 118.272 317.96 1899.79 1346.3 270.45 213.642 1075.85 519.358 430.916 989.373 130.799 88.9997 387.068 148.258 364.261 132.914 152.528 214.312 151.552 131.348 120.361 262.745 1474.62 389.641 330.737 316.582
internal_count=130514 119667 31256 11237 5217 1111 6020 5457 1900 88411 17580 5490 10847 10432 9622 6251 3371 5059 20019 12310 9665 7709 2645 9147 7689 5689 3711 6780 6079 3664 2415 3044 2221 1978 1268 70831 9765 7690 4918 61066 18372 17485 13570 9803 7516 2865 4651 3915 3411 42694 3767 1116 1404 4025 23801 16962 3158 2512 13804 6637 5628 12090 1587 1260 4815 1919 4106 1573 1508 2772 1738 1458 1568 2811 18893 4952 4189 3650
is_linear=0
shrinkage=0.0454652


Tree=25
num_leaves=79
num_cat=0
split_feature=11 29 33 15 13 12 14 30 14 15 12 11 13 13 13 0 9 22 0 15 7 13 29 11 17 13 11 10 14 0 15 14 17 22 15 11 17 10 15 11 29 12 14 22 25 13 4 12 29 0 12 13 0 0 4 0 12 13 14 10 10 15 14 17 14 15 11 15 7 17 13 13 29 14 11 11 22 4
split_gain=18.2216 13.7281 12.2766 10.8359 40.579 12.0105 11.0185 13.3404 9.31104 11.8851 9.33085 9.62449 12.5431 8.78406 9.88881 14.2411 8.67298 8.41116 11.1016 23.2617 18.2865 29.2526 14.5125 20.9196 27.0685 13.6291 20.4473 18.5369 16.6125 12.9818 9.78962 9.33971 8.64441 8.31823 11.5724 9.87715 8.33727 7.56939 6.44256 5.92186 9.95219 9.91852 9.31624 8.37511 8.14968 8.00884 7.65064 7.50967 12.8088 7.64155 6.52838 10.3856 11.3471 8.6962 8.41131 7.3389 10.118 16.1812 12.6194 13.516 10.0697 9.50712 9.57299 9.24123 9.12471 8.66457 10.0289 11.1095 12.5795 16.8211 8.41131 12.7743 7.98252 11.7104 7.27191 14.596 7.21072 10.3252
threshold=0.020291220396757129 -0.60785761475563038 0.9590476155281068 10.490778446197512 -0.0057428791187703601 0.06682924181222917 -3.6029655933380123 1.0000000180025095e-35 -27.471098899841305 2.9620774984359746 -0.14383570849895475 0.11271652579307558 -0.012203894555568693 -0.024896387942135331 -0.015765937976539132 0.88091287016868602 0.11114623770117761 -0.6305401325225829 0.81097599864006054 12.81980609893799 17.15245342254639 0.079192396253347411 0.87837970256805431 0.091614585369825377 61.500000000000007 0.0051560460124164828 0.071521136909723296 0.060760712251067168 -3.2844263315200801 0.67478609085083019 4.7322850227355966 -5.2709081172943106 39.500000000000007 -1.1299117207527158 9.3763575553894061 0.11171596497297288 63.500000000000007 0.095765538513660445 13.445001602172853 0.031600421294569976 -1.0000000180025095e-35 -0.059950426220893853 -2.8084579706192012 -0.20681603997945783 0.38894380629062658 -0.037944091483950608 0.17108526080846789 0.0032351075205951933 0.6078576147556306 1.0435536503791811 0.059374339878559119 0.086854849010705962 1.0861386656761172 0.77731382846832286 -0.70795580744743336 0.94581952691078197 -0.018587591126561161 -0.055403526872396462 -6.9702618122100821 0.031193797476589683 0.17571892589330676 7.7446575164794931 -6.2337093353271475 64.500000000000014 -9.5213117599487287 22.770840644836429 0.06783506274223329 9.5175867080688494 7.1916234493255624 39.500000000000007 -0.018379754386842247 -0.032594770193099969 1.0000000180025095e-35 -8.1637458801269513 0.13048302382230761 0.085342388600111022 1.5503057837486269 -0.19428194314241407
decision_type=2 2 10 2 2 2 2 2 2 2 2 2 2 2 2 2 2 2 2 2 2 2 2 2 2 2 2 2 2 2 2 2 2 2 2 2 2 2 2 2 2 2 2 2 2 2 2 2 2 2 2 2 2 2 2 2 2 2 2 2 2 2 2 2 2 2 2 2 2 2 2 2 2 2 2 2 2 2
left_child=2 -2 -1 5 -5 13 7 -6 9 -3 11 12 16 -4 15 -15 -10 18 20 30 22 -22 25 24 -24 33 29 -28 -29 31 -20 -27 -32 -12 35 36 -35 -38 -8 40 46 43 47 45 -45 -41 -19 48 -42 -50 55 53 -53 54 -52 65 58 -58 59 -57 61 76 64 -60 -63 66 67 72 69 -69 71 -61 -43 -74 75 -55 77 -59
right_child=1 8 3 4 6 -7 38 -9 10 -11 17 -13 -14 14 -16 -17 -18 39 19 -21 21 -23 23 -25 -26 26 27 28 -30 -31 32 -33 -34 34 -36 -37 37 -39 -40 41 42 50 -44 44 -46 -47 -48 -49 49 -51 51 52 -54 74 -56 56 57 60 63 70 -62 62 -64 -65 -66 -67 -68 68 -70 -71 -72 -73 73 -75 -76 -77 -78 -79
leaf_value=0.0056702539529616836 -0.015166799893977343 0.00095889416601287712 0.0088858017506563917 -0.029100388932902784 -0.021428015031877197 0.016594106235919687 0.016293585880888285 0.0062627491826589537 0.010600861519920202 -0.027918987908502418 0.0190015661609555 0.022180560999345764 0.022736432589260221 -0.031834617945811314 -0.0035933011141380438 -0.0018489145557357678 -0.013764196030341486 0.02244592013617723 -0.0062672328658675272 -0.011802887434472012 0.036170838087596295 0 0.005898972388148533 -0.010978398445811267 0.041583933614648662 -0.0061464446206512171 0.024970999866627618 -0.022246234312744209 0.0084937931980350236 0 0.00020651067595383219 -0.029288712198989569 0.018119992087705452 -0.012857169190446544 0.018779286802962182 0.017192056177799012 0.010104461817952132 -0.007785302859082216 -0.0024379413332593137 -0.0003408944911356184 -0.004532765829921361 -0.016278264515668661 0.017961548153430124 -0.0050587377005185622 0.0085472943699757119 -0.017853459579543166 0.0015645650283903315 -0.006395897326507082 0.023021871098823594 0.0025891733969137425 0.0027862771526295078 0.021004906899713127 -0.0035809677980705762 -0.0053949605832851119 -0.018243435532046628 0.020486769908339805 -0.017043733212316489 0.027901091191403962 -0.027559066481757346 -0.002354361411556496 0.027467146796656489 0.011249707334166997 0.0068263036000777762 -0.0027218094246881964 -0.010441167051031541 -0.011210721943806181 0.0043449746865344956 0.023701673143752683 -0.0080265684150459624 -0.0025352688262912722 -0.00861843922529309 0.023839487701590199 0.0049602315409921121 -0.015537715727518482 -0.0074098674313489077 0.00609197562885146 0 0.0031170213937134622
leaf_weight=231.01665004901588 104.45787978731096 60.583648493513465 92.375505458563566 164.22318688780069 80.234186805784702 55.906199254095554 79.90217787399888 56.420077189803123 42.896755266934633 47.713616158813238 87.07167836278677 83.525463195517659 44.072178343310952 63.174808856099844 984.12078903988004 72.085250921547413 75.819511517882347 89.106645474210382 86.6471694316715 259.10319826751947 93.603799190372229 83.710927233099937 114.24246920458972 50.544204212725163 73.414348032325506 70.368833919987082 69.000124366953969 53.642751406878233 92.096745807677507 111.19799937866628 99.693076245486736 95.657118210569024 140.82625580951571 113.12427185848355 79.731513140723109 54.031329464167356 110.50702006556094 79.141107583418489 60.363348372280598 88.580051828175783 171.36711880937219 158.03117243386805 57.913046920672059 360.55401831679046 115.74157367274165 162.78949924372137 69.216879934072495 255.08272872678936 77.327804522588849 84.279757775366306 48.462399426847696 76.591540560126305 67.331542721018195 452.36870076693594 133.1713554430753 67.959379244595766 53.885333389043808 103.33037486858666 52.328647617250681 116.39192718453705 47.276575183495879 49.272978620603681 601.20343878306448 82.177222147583961 145.24184953793883 141.83642025850713 685.85710406303406 92.979181276634336 123.80625013075769 97.688605699688196 159.96944147348404 51.12580918893218 144.40644916705787 88.507900476455688 340.78986231982708 453.13079031929374 47.01084921695292 60.072558898478746
leaf_count=7623 1337 1149 872 1773 843 542 719 594 549 828 1097 1039 527 593 9590 679 916 1033 945 2510 946 1019 1215 652 1007 1180 847 685 920 1208 1053 1176 1359 1383 945 701 1261 878 578 1126 2012 1842 661 4451 1473 1930 884 3216 997 990 589 950 784 5700 1583 790 627 1294 553 1358 608 629 6486 901 1625 1672 9254 1223 1620 1208 1918 632 2010 1015 3730 5283 556 726
internal_value=0 0.000873217 -0.00399279 -0.00533804 -0.0114871 -0.0031298 -0.000596976 -0.00979887 0.00107971 -0.0118825 0.00125545 0.00992491 0.00295525 -0.00413261 -0.00527877 -0.0167269 -0.00450316 0.000987265 0.00353895 -0.00165835 0.00570077 0.0192675 0.00368698 0.013707 0.0207025 0.00124346 -0.00411322 0.00620466 -0.00279327 -0.012253 0.00627494 -0.02015 0.0110219 0.00636173 0.00357707 0 -0.00324917 0.00238044 0.00805367 0.000157272 0.00379499 -0.000371142 0.00117492 -0.00530247 -0.00160631 -0.0119773 0.0138862 -0.000508394 0.00387999 0.012987 0.000379177 -0.00199973 0.00939195 -0.0032055 -0.0124319 0.00157505 0.00369251 0.00616628 -0.00139253 0.00261767 0.00746094 0.00636531 0.00396722 -0.0132641 -0.0045826 -0.000658313 0.000412186 -0.00334579 0.00288321 0.0102375 -0.00115009 0.00573286 -0.00845784 -0.00275677 -0.00178561 0.000301255 0.0149584 0.0193791
internal_weight=0 8750.59 1939.82 1708.81 441.143 1267.66 276.92 136.654 8646.13 108.297 8537.83 246.314 162.788 1211.76 1119.38 135.26 118.716 8291.52 2017.36 586.27 1431.09 177.315 1253.77 238.201 187.657 1015.57 491.964 214.74 145.739 277.224 327.167 166.026 240.519 523.607 436.535 356.804 302.772 189.648 140.266 6274.16 804.294 5469.87 645.97 727.665 476.296 251.37 158.324 588.057 332.975 161.608 4742.21 1571.85 143.923 1427.92 181.634 3170.36 1637.25 1107.29 529.952 395.447 1053.41 1006.13 795.718 134.506 194.515 1533.11 1391.28 705.42 314.474 190.668 327.487 167.518 390.946 232.914 1246.29 905.499 210.414 163.403
internal_count=129677 105271 24406 16783 4507 12276 2734 1437 103934 1977 101957 3031 1992 11734 10862 1272 1465 98926 22987 5867 17120 1965 15155 2874 2222 12281 6016 2452 1605 3564 3357 2356 2412 6265 5168 4223 3522 2139 1297 75939 9793 66146 7876 8980 5924 3056 1917 7215 3999 1987 57166 18619 1734 16885 2172 38547 18703 12551 6152 4698 11924 11316 8740 1454 2254 19844 18172 8918 4051 2431 3908 1990 4867 3025 14713 10983 2576 2020
is_linear=0
shrinkage=0.0454652


Tree=26
num_leaves=79
num_cat=0
split_feature=11 14 29 5 14 2 0 18 2 2 2 32 3 2 2 2 2 3 3 16 2 2 20 18 21 3 3 3 4 16 20 2 2 20 0 33 14 7 21 21 29 11 20 0 21 11 20 21 3 18 3 2 20 7 11 2 5 5 29 4 7 2 7 18 29 11 2 29 7 3 18 16 11 11 0 2 29 3
split_gain=13.2245 11.4723 10.1267 10.0343 12.6217 11.0853 9.3842 13.7808 8.9668 8.16092 8.05188 7.59721 10.6637 14.096 11.328 6.86422 10.4156 9.81044 8.37258 17.6924 6.56003 6.44187 12.0995 18.647 19.8231 11.3845 10.099 9.88401 9.5328 11.8789 11.875 15.6198 15.2012 15.4983 10.1019 9.44206 13.3986 13.6101 9.43313 13.7805 15.6133 13.4888 12.3594 11.3899 10.3738 10.1858 9.1595 9.15523 18.3271 8.81828 17.2915 20.2458 14.6597 10.8084 10.6006 17.6933 11.6359 11.0963 13.2814 10.5485 11.7991 10.1395 9.49552 9.43842 9.14579 8.78026 8.73848 9.03447 8.31874 8.68873 8.30207 8.0492 8.0357 7.99313 7.94733 7.93855 20.9746 17.3746
threshold=0.020711290650069717 -27.471098899841305 -0.60785761475563038 3.5069797039031987 -2.755683064460754 2.201656818389893 1.1680235862731936 84.500000000000014 0.51571968197822582 0.38521555066108709 1.1318909525871279 1.0000000180025095e-35 0.54025420546531688 0.88636627793312084 0.74228033423423778 0.63210612535476696 1.0572925209999087 0.4736775010824204 0.66123738884925853 0.49562138319015508 1.6496348381042483 1.1640286445617678 0.77573335170745861 81.500000000000014 3.1164263486862187 0.47761167585849768 0.90247163176536571 0.49972157180309301 2.0410425662994389 0.30943459272384649 5.3757774829864511 2.2423862218856816 2.61151134967804 0.74614256620407116 0.95900759100914013 2.0062500238418584 -9.5994377136230451 -15.82490015029907 7.3794376850128183 12.793442249298097 -1.0000000180025095e-35 0.046898368746042259 2.9218074083328252 0.82811376452445995 1.2401350736618044 0.1498631685972214 -1.2406138181686399 -2.1574555635452266 0.35357497632503515 37.500000000000007 0.70283937454223644 0.72884088754653942 0.25094501674175268 -3.0848454236984248 0.090173993259668364 0.60779953002929699 -4.5655694007873526 -1.4641058444976804 0.6078576147556306 -1.308486223220825 -8.3538513183593732 0.9852338731288911 -5.9361934661865225 55.500000000000007 1.0000000180025095e-35 0.13898621499538424 1.5499236583709719 0.6078576147556306 -3.3087980747222896 0.60391050577163707 25.500000000000004 0.87321648001670849 0.08254761248826982 0.13164309412240985 0.96876519918441784 0.72884088754653942 0.6078576147556306 0.28079642355442053
decision_type=2 2 2 2 2 2 2 2 2 2 2 2 2 2 2 2 2 2 2 2 2 2 2 2 2 2 2 2 2 2 2 2 2 2 2 8 2 2 2 2 2 2 2 2 2 2 2 2 2 2 2 2 2 2 2 2 2 2 2 2 2 2 2 2 2 2 2 2 2 2 2 2 2 2 2 2 2 2
left_child=3 -2 -3 4 5 8 7 10 9 -1 -5 15 -13 14 -14 17 -17 -10 19 -18 -15 22 23 49 25 -25 47 72 30 -30 32 65 35 34 -34 38 37 -37 41 40 -40 42 44 -42 70 -43 -31 48 -24 54 51 53 63 62 57 -56 -57 59 -59 61 -61 -4 -51 -53 -65 -32 -39 -68 -62 -70 -23 -33 -26 -58 -48 76 -49 -78
right_child=1 2 21 6 -6 -7 -8 -9 11 -11 -12 12 13 20 -16 16 18 -19 -20 -21 -22 28 26 24 27 -27 -28 -29 29 46 31 71 33 -35 -36 36 -38 66 39 -41 43 45 -44 -45 -46 -47 74 75 -50 50 -52 52 -54 -55 55 56 73 58 -60 60 68 -63 -64 64 -66 -67 67 -69 69 -71 -72 -73 -74 -75 -76 -77 77 -79
leaf_value=0.0041108791301645835 -0.013569790051773141 -0.013011988968187312 -0.004765271818887599 -0.010587558936107596 0.014337425599390354 -0.023814796699000891 0.0038074401862976041 0.0029526513122852659 0.021066614410134861 -0.015319859280233503 -0.030256872084167351 -0.022239635655325937 -0.0032150170507950411 -0.011142702023525009 0.024579642812680557 -0.0044880760378982901 0.035002540739137188 -0.0012026350859100845 0.0005544809678802409 -0.0030379911606876176 0.0068653762225164413 0.00011920494745535682 0 -0.005700939728537328 -0.014224254364096498 -0.022027840035183849 0.023031507692904702 0.021469302676619933 0.0096327346462795217 -0.027410072707642438 0.021209341774832982 0.012329880280719969 0.032144377813847241 -0.0074044544642496487 0.0083604301441804248 -0.0076737586628936021 -0.005059785338218061 0.0077090572398723339 -0.012188045437817006 -0.016575985900970851 0.022056277657506305 -0.0087620044712871607 -0.014692327812001841 0.0033460323732324476 -0.0076398204904108719 0.010518104295079484 -0.015179079006650179 0.013707708324699249 0.02722838185026364 0.0020377612449200048 -0.011917519431521506 0.033425716266448906 0 -0.0050334490888104605 0.0095875030367799565 0.0031320594597055548 -0.023454836698852091 -0.011720187380973641 0.0048330607741712966 0.028639443082817368 -0.0022503870130055809 0.014317101507082498 0.02633445137748 0.026839536075120921 0.00062964387768108421 0 0.048383401453501763 0.0042774792481372484 0.0058833183109782503 0.027399687782825654 0.015718627746916642 -0.0082253956075675552 0.0049631674052913743 -0.00043245476711379775 -0.0024155141543939405 0.00073713194912364505 0.022655702765747635 -0.0055809408009831508
leaf_weight=53.185734996572137 111.25654683075845 103.06670590676367 253.88306437246501 109.76324146613479 87.855480646714568 47.284665515646338 67.342547826468945 65.323918342590332 79.742640478536487 171.07667265087366 92.437369728460908 63.293075986206532 53.839163525030017 228.72365542687476 56.286107281222939 425.33350429683924 50.012046979740262 71.455320192500949 168.97538412362337 42.254589764401317 44.525085601955652 130.03516764566302 101.39845630526543 208.48560601472855 62.869375387206674 170.22367282211781 56.649568827822804 44.980911616235971 87.963553965091705 42.922104293480515 162.58674090914428 51.563649030402303 59.305646523833275 69.594437271356583 118.94182375445962 32.863176129758358 106.65245145373046 48.215788746252656 68.53460294008255 58.003477312624454 115.853371091187 942.29673650488257 74.502004846930504 174.45407471805811 94.531412336975336 54.622739657759666 139.08310426957905 404.68339316733181 95.176607724279165 105.56175250373781 91.632702279835939 104.01258766278625 73.388973589986563 215.38088347576559 92.28782058134675 63.002933710813522 149.39799713715911 208.22011529281735 181.47308874502778 60.540642788633704 122.14974657259881 69.809828497469425 48.764578567817807 49.446436297148466 65.266827411949635 55.533807523548603 36.306820873171091 17.079202391207218 149.19442843459547 54.982679115608335 168.76347894594073 125.88124717772007 131.28072049468756 44.798530908301473 392.83137341216207 1236.9701320566237 48.512084271758795 302.06134251132607
leaf_count=761 2032 1295 3111 1351 970 571 908 809 1137 2117 1121 702 623 3115 677 5626 593 821 1845 565 704 1281 1382 2751 804 1835 638 502 1063 531 1722 779 748 962 1548 1062 3268 1549 737 571 1044 9119 732 1590 986 599 1437 4610 1135 1465 1020 1184 880 2615 1190 800 1695 2505 2176 775 1472 846 601 549 815 531 1092 580 1853 515 1551 1546 1550 636 5042 13927 643 3358
internal_value=0 0.000649884 0.000845901 -0.00346317 -0.00195263 -0.00293882 -0.0106215 -0.0144358 -0.00218975 -0.010507 -0.0202371 -0.000671001 -0.00546017 -0.00235878 0.0109351 0.00183855 -4.30902e-05 0.0104734 0.00696771 0.017685 -0.00797454 0.00102594 0.00205712 5.62519e-05 -0.00687964 -0.0133238 0.00454452 0.00317775 -0.000484134 -0.00537198 0.000675647 0.00793334 -0.000526438 0.0100055 0.0170842 -0.00179591 0.00654229 0.0159745 -0.00290214 0.00304026 0.00649635 -0.00463022 0.00164459 0.0111809 0.00498098 -0.00761827 -0.00780409 0.00400179 0.0133398 0.00203251 0.00600824 0.0086213 0.0174938 0.00136582 -1.12677e-05 -0.00689585 -0.0130545 0.00214882 -0.00391759 0.00554746 0.0105787 -0.000373865 0.0105042 0.0232989 0.0128723 0.0159917 0.0240861 0.0364289 0.00676779 0.0123355 0.00918409 -0.00184047 -0.00116909 -0.0185082 -0.00593415 0.00303055 0.00669833 -0.00132007
internal_weight=0 8709.73 8598.48 1978.71 1643.84 1555.99 334.867 267.525 1508.7 224.262 202.201 1284.44 446.667 383.374 110.125 837.773 686.576 151.198 261.242 92.2666 273.249 8495.41 5066.49 2821.04 617.84 378.709 2245.45 239.131 3428.92 662.8 2766.12 395.565 2370.56 247.842 178.247 2122.71 241.117 134.465 1881.6 416.846 358.842 1464.75 467.832 290.307 393.33 996.919 574.837 2188.8 196.575 2203.2 753.455 661.822 292.115 369.707 1449.74 349.487 257.199 1100.25 389.693 710.56 386.867 323.693 154.326 218.726 114.713 218.121 101.602 53.386 326.327 204.177 298.799 177.445 194.15 194.197 531.914 1992.23 755.257 350.573
internal_count=129851 104835 102803 25016 20827 19857 4189 3281 19286 2878 2472 16408 5821 5119 1300 10587 8629 1958 3003 1158 3819 101508 59838 34145 7442 4586 25693 2856 41670 8073 33597 4578 29019 3258 2296 25761 7551 4283 18210 3942 3371 14268 4550 2634 3818 9718 7010 25055 2517 26703 9129 8109 3428 4681 17574 4321 3131 13253 4681 8572 4615 3957 2066 2548 1364 2253 3221 1672 3840 2368 2832 2325 2354 2331 6479 22538 8611 4001
is_linear=0
shrinkage=0.0454652


Tree=27
num_leaves=79
num_cat=0
split_feature=2 27 7 15 30 7 21 20 27 2 2 22 23 28 23 28 23 21 10 2 20 2 21 20 27 15 28 27 7 27 7 27 23 23 20 15 28 15 15 20 21 22 21 27 28 23 7 30 7 2 30 20 15 20 10 22 27 2 2 2 23 28 7 6 2 27 30 23 27 21 6 15 2 21 1 28 1 7
split_gain=9.7986 14.5872 8.71455 18.9451 18.7095 18.5895 13.2801 13.9758 15.8714 26.1525 21.0422 20.4286 15.061 11.7874 11.0714 16.1671 10.7268 10.5241 20.834 16.0772 15.1026 20.7041 19.4485 24.0973 20.3298 23.3597 11.891 11.3845 11.1036 16.9046 10.4325 11.9065 15.9711 9.40655 9.06515 8.99903 8.96752 8.66557 16.1634 20.3104 11.8088 8.80912 8.58679 39.081 23.9272 10.8614 9.2163 16.2793 18.2027 14.4389 9.73335 10.9291 9.23338 8.40324 8.32406 8.30923 15.7681 8.10419 8.00118 7.96708 7.94019 10.2124 8.4096 7.8747 10.2058 8.02275 7.73547 11.5607 7.72915 9.20763 7.7086 7.65142 10.9264 12.277 9.90997 9.55737 7.49719 8.62669
threshold=0.37446981668472296 0.032717135734856136 3.1408286094665532 12.91022300720215 0.81174489855766307 0.61711502075195324 0.49888315796852117 -1.0156281590461729 -0.37256073951721186 1.0992875695228579 0.68546470999717724 -0.6305401325225829 0.89072930812835704 0.26932403445243841 0.73053434491157543 0.6835516393184663 0.32968381047248846 11.571026325225832 0.21903480589389804 2.0048625469207768 3.0145602226257329 1.0627038478851321 3.6801409721374516 0.68688365817070018 -0.18436925113201139 21.381910324096683 0.076279435306787505 -0.18436925113201139 15.380377769470217 0.032717135734856136 5.3098554611206064 0.22706275433301928 0.98236382007598888 0.93385428190231334 -3.566848516464233 9.8898229598999041 0.96863394975662243 10.573864459991457 12.649979114532472 2.3170332908630376 3.1164263486862187 -0.35929691791534418 -0.74141302704811085 0.18436925113201144 -0.31107263267040247 0.54826998710632335 1.0000000180025095e-35 -0.56174489110708226 -2.7489722967147823 0.75682196021080028 1.0000000180025095e-35 1.9374479055404665 9.0190558433532733 3.8742339611053471 0.082553267478942885 -0.80731749534606922 -0.11969653144478797 0.52573606371879589 1.3914971947669985 0.95802688598632824 0.65166866779327404 -0.35222910344600672 -12.767744541168211 -5.0898616313934317 0.70931154489517223 -0.076279435306787477 1.0000000180025095e-35 0.51998475193977367 -0.20576497167348859 1.7063292860984804 0.37084499001502996 17.182117462158207 0.59395587444305431 11.373617649078371 0.96286451816558849 -0.75894212722778309 1.6438537240028384 12.290400028228762
decision_type=2 2 2 2 2 2 2 2 2 2 2 2 2 2 2 2 2 2 2 2 2 2 2 2 2 2 2 2 2 2 2 2 2 2 2 2 2 2 2 2 2 2 2 2 2 2 2 2 2 2 2 2 2 2 2 2 2 2 2 2 2 2 2 2 2 2 2 2 2 2 2 2 2 2 2 2 2 2
left_child=1 -1 3 16 6 13 30 34 10 37 33 14 36 -5 15 -12 -2 18 20 27 21 22 23 -6 -24 -26 -22 -19 29 -23 31 32 -4 -9 -8 -13 -11 41 39 40 -39 -10 55 44 57 -45 47 48 49 -47 51 -48 -50 76 -52 56 -18 -44 68 -59 61 -57 -63 -32 -65 -66 67 -64 69 -46 -58 74 -73 75 -40 -74 77 -37
right_child=2 -3 4 5 17 -7 7 8 9 12 11 35 -14 -15 -16 -17 42 19 -20 -21 26 28 24 -25 25 -27 -28 -29 -30 -31 63 -33 -34 -35 -36 53 -38 38 71 -41 -42 -43 43 45 58 46 50 -49 52 -51 54 -53 -54 -55 -56 60 70 59 -60 -61 -62 62 66 64 65 -67 -68 -69 -70 -71 -72 72 73 -75 -76 -77 -78 -79
leaf_value=0.029818281295390273 0.019223453650480074 0.0023796134596026715 0.04171697247293861 -0.010886976076190167 -0.020786990007389945 0.0027219433218592737 0.0093249481163198648 -0.025603106979989083 -0.016195474673270285 -0.020791756983960515 0.036427820818366471 0.01995559561989264 -0.0034421242358342072 -0.034833539453548064 0.0044168220073452988 0.0038479520949723225 0.012574004489253315 -0.0051410864398451425 0.030703114367483842 -0.017700117702730101 -0.015073718295731968 -0.0013855709427659064 0.026710692430254694 0.018042319250537522 0.014859618175101563 -0.022286456008957779 0.0084552138898591617 0.020120211380609505 0.038108721820780248 0.030201950523244949 -0.009834284911498653 0.0020831728349373149 0.0054102013513942226 -0.0011363849048140037 -0.01118154984437952 4.2945481866498115e-05 -6.1360094015872475e-05 0.0093862339487613203 -0.0095715697065905797 -0.0059699279596539439 0.040577374820458409 0.0031942905234704556 -0.019504424626894383 0.022637010697659235 -0.032270589309464824 0.042242403700566193 0.010821887331368718 -0.0089215529619236823 0.0083168692165268322 0.0049363744123127632 0.0039394458880770179 -0.013278493262490592 -0.020771611004005007 0.0055229381526269413 0.034277368196679071 -0.026102503087584925 -0.010961299961407225 0.0049934999946301822 -0.00035467609282012052 -0.0080154441113197469 0.00053923470692115918 0.0072146574451123014 0.01503962498832882 -0.0052565766288803694 0.0019906879377698363 0.030844795044068844 -0.01586473056524838 -0.010074642236090644 -0.0082847093788446947 -0.0085245490222880822 0.0087035058714793178 -0.007951244911922983 -0.0015279195357483339 -0.0093683056803650442 0.005464153829731355 0.016700191080466397 0.010602652265433866 -0.015880043131274373
leaf_weight=52.483427921310067 52.186801392585039 156.40100787207484 54.27398657053709 133.94277176447213 103.30587472580373 110.00593078695238 44.932629952207208 57.564151510596275 99.870299182832241 243.34392025694251 95.813854310661554 56.043292557820678 410.14668886363506 70.854270173236728 88.933639129623771 52.728058949112892 291.5483272857964 68.143176790326834 80.988573268055916 80.234621841460466 99.267053553834558 69.742369355633855 102.66145299375057 42.880494106560946 85.117053551599383 53.475736536085606 71.620057117193937 68.068660518154502 61.973430506885052 60.48875137604773 84.158879784867167 89.052148440852761 52.46089424751699 78.981987077742815 365.16685513965786 144.55840889550745 58.017733866348863 55.437823347747326 242.33432700298727 53.880823666229844 58.6616529840976 82.073982970789075 52.944721225649118 55.107975168153644 164.29055782034993 38.805401798337698 105.80364162102342 261.91388247348368 38.800862660631537 52.296004489064217 39.078841550275683 55.303368199616671 41.138708841055632 458.71809027157724 44.193578278645873 43.724480755627155 119.71450182422996 204.24831346049905 43.525089731439948 176.60762840509415 2712.8763808589429 103.19867019727826 56.339148579165339 68.883956057950854 43.399131113663316 41.516419885680079 124.29990329034626 96.92502093501389 75.267151726409793 54.428598204627633 55.637204663828015 103.84315464086831 72.626355716958642 60.732484992593527 135.59577866084874 228.83061883971095 53.938442898914218 122.58257973752916
leaf_count=494 788 2542 536 1735 1456 1385 548 545 1243 2881 974 639 4951 956 966 686 3494 497 810 838 981 1034 883 538 977 442 817 572 610 803 1013 1024 579 714 4314 1903 754 627 3006 643 597 1015 555 637 1968 546 1217 3278 585 673 566 667 561 5862 573 411 1428 2442 611 2333 33536 1532 821 725 607 483 1597 1287 879 646 709 1227 900 741 1622 2655 735 1467
internal_value=0 0.00994253 8.50094e-05 -0.00116329 0.00145953 -0.0119245 1.50981e-05 -0.000899059 0.000128547 -0.0024396 0.00420787 0.00638435 -0.00932331 -0.0199246 0.0180747 0.0255951 -0.000488432 0.00684884 0.00917438 -0.00186845 0.00663297 0.0101471 0.00385413 -0.00889181 0.0117957 0 -0.0049666 0.00735325 0.0222395 0.0133951 0.00749558 0.0151701 0.0251694 -0.0122419 -0.00874716 0.00293311 -0.0170147 0.00163989 0.00331973 0.0160331 0.0266835 -0.00730858 -0.000714564 -0.00359936 -0.0107328 0.00386426 0.00213876 -0.00175759 0.00888621 0.0224706 0.00915345 0.00212984 -0.00635426 0.00154987 0.0214485 0.000478211 0.00611502 -0.00347204 -0.019769 -0.000933232 -0.000351989 -0.00611242 -0.00343741 0.000830159 0.00707816 0.0174142 -0.00761826 -0.00038196 -0.0224354 -0.0268449 -0.00439392 0.000666716 0.00459627 0.00837551 -0.00404854 0.0121873 -0.00397442 -0.0072129
internal_weight=0 208.884 10482.1 5475.01 5007.07 314.803 3959.1 3525.36 3115.26 1905.4 1209.86 1073.32 711.508 204.797 237.476 148.542 5160.2 1047.97 831.521 216.446 750.532 579.645 387.441 146.186 241.254 138.593 170.887 136.212 192.205 130.231 433.745 195.787 106.735 136.546 410.099 835.841 301.362 1193.89 1011.94 167.98 114.099 181.944 5108.02 1503.75 771.312 732.442 677.334 432.955 171.041 91.1014 244.379 161.107 79.9396 779.798 83.2724 3604.26 466.9 433.801 337.511 380.856 3137.36 424.487 380.763 237.958 153.8 84.9156 277.564 153.264 293.986 218.719 175.352 843.963 466.033 362.189 377.93 301.457 321.079 267.141
internal_count=129892 3036 126856 68416 58440 4076 47182 42215 37353 22862 14491 13232 8586 2691 2626 1660 64340 11258 9351 1907 8541 6743 4296 1994 2302 1419 1798 1069 2447 1837 4967 2139 1115 1259 4862 10606 3635 14276 12018 1867 1224 2258 63552 18737 9434 9303 8666 5643 2365 1219 3023 1884 1146 9967 1139 44815 5631 5330 4104 4775 39184 5648 5237 2828 1815 1090 3705 2108 3493 2614 2137 10151 5523 4296 4628 3555 4105 3370
is_linear=0
shrinkage=0.0454652


Tree=28
num_leaves=79
num_cat=0
split_feature=29 11 27 13 20 30 18 3 13 23 3 2 0 4 18 30 3 13 28 13 27 11 23 3 27 3 11 3 2 10 3 18 13 29 20 20 29 13 30 13 7 27 10 2 2 23 0 11 11 28 20 13 2 13 30 7 20 23 18 30 6 27 18 13 13 13 13 28 13 29 3 7 23 18 23 3 18 18
split_gain=16.4399 12.5196 16.0607 30.2586 12.1562 10.1776 11.1898 9.18439 8.74419 8.83108 11.9539 12.8215 12.0757 8.78202 9.43521 8.41147 8.13981 7.82317 10.2804 7.55276 7.48067 17.5374 16.488 15.9683 14.5046 13.3362 26.9821 12.8517 31.4419 16.6359 14.3204 14.7393 12.2627 11.5665 20.3071 16.2184 14.5358 11.3101 11.0812 10.8105 10.7046 10.6715 10.4987 15.8176 12.2382 8.52821 15.2969 12.1126 8.61888 14.6914 8.40318 20.819 17.5663 26.3645 20.9514 19.5433 25.2871 16.6627 12.4697 12.4496 12.2009 11.771 16.1507 16.9862 11.5332 18.1514 13.05 18.8346 11.1699 19.2505 14.3876 14.9755 14.5337 14.2491 14.1594 12.2883 10.8295 10.6927
threshold=-0.60785761475563038 0.021121991798281673 0.91959547996521007 0.019933491945266727 2.8292841911315922 0.81174489855766307 59.500000000000007 0.70700708031654369 -0.097032949328422533 0.45811107754707342 0.58964040875434887 0.76136308908462536 0.4916872531175614 0.71197387576103222 85.500000000000014 1.0000000180025095e-35 0.54729264974594127 -0.080875489860773073 0.37256073951721197 0.026928794570267204 -0.72982063889503468 0.1157464236021042 0.75132557749748241 0.40884359180927282 -0.90159028768539418 0.52817958593368541 0.080483689904212966 0.58715456724166881 1.2609771490097048 0.30352327227592474 0.85122275352478038 61.500000000000007 -0.0087066902779042703 0.87837970256805431 2.3170332908630376 4.4728286266326913 1.0000000180025095e-35 0.031242579221725467 0.81174489855766307 0.012600513175129892 6.248441457748414 -0.71473535895347584 0.10807082429528238 1.3818547129631045 2.61151134967804 1.3049069046974184 1.3098120093345644 0.047960694879293449 0.15537108480930331 0.6835516393184663 0.77573335170745861 -0.067635655403137193 1.1118492484092715 0.039901521056890495 0.81174489855766307 7.7137427330017099 4.9282877445220956 0.6329440474510194 60.500000000000007 0.81174489855766307 -1.1741882562637327 0.65106672048568737 38.500000000000007 0.053504124283790595 0.040529362857341773 0.064935073256492629 -0.027178337797522541 0.87137606739997875 -0.025985304266214367 0.87837970256805431 0.43167737126350408 6.1161417961120614 0.77480807900428783 64.500000000000014 0.71578893065452587 0.72962960600852977 91.500000000000014 36.500000000000007
decision_type=2 2 2 2 2 2 2 2 2 2 2 2 2 2 2 2 2 2 2 2 2 2 2 2 2 2 2 2 2 2 2 2 2 2 2 2 2 2 2 2 2 2 2 2 2 2 2 2 2 2 2 2 2 2 2 2 2 2 2 2 2 2 2 2 2 2 2 2 2 2 2 2 2 2 2 2 2 2
left_child=7 2 19 4 5 6 16 -1 15 10 11 13 -13 14 -10 -3 -4 18 -11 -2 21 23 -23 -19 25 26 -25 28 -24 30 31 -29 38 34 36 -36 40 -26 42 -35 -34 -22 43 -27 -44 46 48 -47 50 -50 51 -43 60 55 -55 56 57 -54 -59 -57 -52 64 -63 -64 66 -66 67 -62 -53 70 71 -70 -72 74 -71 77 -75 -74
right_child=1 8 3 -5 -6 -7 -8 -9 9 17 -12 12 -14 -15 -16 -17 -18 20 -20 -21 41 22 27 24 37 32 -28 29 -30 -31 -32 -33 33 39 35 -37 -38 -39 -40 -41 -42 45 44 -45 -46 47 -48 -49 49 -51 52 68 53 54 -56 59 -58 58 -60 -61 61 62 63 -65 65 -67 -68 -69 69 73 72 -73 75 76 -76 -77 -78 -79
leaf_value=-0.02415622738833792 -0.0038538085926998642 0.0011729825633143222 0.0031859403362409213 0.039380879790990975 -0.021625005134494633 0.023603709689533587 0.014601133941304132 7.7820812927166863e-05 0.020527565625050891 0.00070613442945917512 -0.0049608040465140418 0.0054381328487614258 0.034650860739236136 -0.011891337440970552 -0.0041850736899734144 -0.02452209937596924 -0.020624597964179064 -0.01834265230209919 0.027071047858581589 -0.01569179628674083 -0.018849193713277441 0.026063135508822541 0.01496413606723632 0.031519737584390403 0.010659570685172247 -0.019407530761412675 -0.010716208746085662 -0.0077889705514645347 -0.024118017447313903 -0.01039495620035588 0.039643095613789328 0.021979133427388053 -0.012027687768764426 0.0050633140762968241 -0.022241009771802347 0.0055598922987807019 0.022410963940560386 -0.0031424411821800767 0.005826121073422205 -0.021353494760476134 0.016841160281637665 -0.024399432321341372 -0.035768917601952777 0.015316502469953809 -0.004523433616510775 0.013024672531159303 -0.019307094685488763 0.0007801684994057324 -0.014202078429616951 0.0071897782451583033 0.024740003152470338 0.0044264753375707977 0.013106679936116991 -0.001183864537868449 0.023033466850051986 -0.029648966642223856 0.026621674715124659 0.0037945774992140004 -0.021815920440746508 -0.0024933235736206549 0.0068773256065929322 0.023533937701903346 0.00081757429420885536 0.023933229408853264 -0.020572753409373479 0.0076715399350560792 0.0080497211006669098 -0.028354873136309921 -0.020392805335105024 0.029622231132479634 -0.010298677316972985 -0.005013117939465757 0.00040835800900462289 -0.01818096476907604 0.0052985072973397379 -0.0097582670348869815 0.008389121525181651 0.015278107209165562
leaf_weight=85.867572538554668 1564.6355363000184 43.875173022970557 50.503855599090457 44.720701172947884 39.6104039195925 42.083669681102037 60.020954988896847 44.236440375447273 70.638484364375472 80.233943771570921 106.30744412355125 56.837772725149989 73.851229203864932 47.749503156170249 48.895616127178073 50.157715383917093 56.436652945354581 82.678316097706556 49.920706313103437 120.43709997460246 58.856652908027172 106.14204408787191 83.270590638741851 63.223293762654066 460.60681655444205 59.436629557982087 53.174114534631371 51.812664432451129 78.090312140062451 45.914540361613035 47.89094490557909 81.027139177545905 61.511558307334781 45.0979810860008 80.3760168813169 82.26802521944046 129.76685616932809 158.01177044212818 53.909139508381486 81.150599142536521 40.47229884378612 77.012162853032351 76.716916795819998 42.320591598749161 45.80638986453414 228.56955169700086 86.224456869065762 628.9909268245101 214.61132288910449 88.897134549915791 61.264420654624701 592.11542407050729 51.216393193230033 219.07620951347053 104.49556072615087 123.00546276196837 46.452009236440063 48.513704711571336 139.09786390513182 54.863940691575408 64.112537950277328 122.87017432041466 386.25319092720747 76.471229935064912 112.48332203738391 72.827674372121692 377.37290301173925 52.489565217867494 208.2609507124871 67.756743455305696 243.8358096331358 383.09480502642691 250.33075101859868 67.159743906930089 190.34248563274741 115.72384714707732 50.96379017829895 170.81753534637392
leaf_count=1160 20055 702 763 375 549 506 921 620 918 1117 1524 883 762 536 651 805 625 809 788 1343 698 1050 728 716 5494 781 548 817 914 589 684 983 805 626 932 1031 1578 1828 722 902 541 1129 874 530 555 2710 920 7378 2536 988 661 7124 533 2695 904 1541 604 486 1632 578 896 1358 4802 942 1291 667 4554 703 2839 882 2761 5148 2826 853 2217 1163 560 1748
internal_value=0 0.000212812 -0.00303762 0.00664739 2.58763e-05 0.00469309 -0.000238168 -0.0158014 0.000969486 0.00113035 0.00766774 0.0123409 0.0228579 0.00349084 0.01022 -0.0124861 -0.00923697 0.000793399 0.0116979 -0.00476469 0.000602756 0.00292121 0.0103851 0.000589066 0.00168727 -0.0019053 0.012111 0.00574502 -0.00378326 0.012687 0.0189151 0.0101262 -0.00405959 0 0.00392188 -0.00809461 0.0125561 0.00705834 -0.0116909 -0.0116798 0 -0.000228789 -0.0161438 -0.00447124 -0.0249957 -1.74792e-05 -0.000756033 0.00414665 -0.000399014 -0.00776558 9.03065e-05 -0.00172773 0.00219276 -0.00314031 0.00667777 -0.0101024 -0.00244511 -0.00865205 -0.0149992 -0.0217849 0.00539315 0.00434101 0.00904293 0.00491825 0.000186402 -0.00928907 0.00388603 -0.00900155 -0.000919685 -0.00276428 -0.00528025 -0.0106141 -0.00114365 0.00624123 0.0122321 0.00297056 -0.00642105 0.00664307
internal_weight=0 10554 1978.45 293.376 248.656 209.045 166.961 130.104 8575.57 8481.54 404.28 297.973 130.689 167.284 119.534 94.0329 106.941 8077.26 130.155 1685.07 7947.11 2110.68 494.148 1616.53 1533.85 915.23 116.397 388.006 161.361 226.645 180.731 132.84 798.833 520.643 394.395 162.644 231.751 618.619 278.19 126.249 101.984 5836.43 224.281 101.757 122.523 5777.57 4920.01 857.56 4833.79 303.508 4530.28 2417.41 2112.87 786.721 323.572 463.149 285.28 238.828 187.612 177.869 1326.15 1264.88 585.595 462.724 679.286 185.311 493.975 116.602 2340.4 1748.29 1372.06 591.356 780.708 376.223 258.099 536.872 118.124 421.148
internal_count=129967 128187 25137 3739 3364 2815 2309 1780 103050 101543 5274 3750 1645 2105 1569 1507 1388 96269 1905 21398 94364 25037 5765 19272 18463 11141 1264 4715 1642 3073 2484 1800 9877 6415 4887 1963 2924 7322 3462 1528 1346 69327 2740 1311 1429 68629 58541 10088 57621 3524 54097 29250 24847 8973 3599 5374 3255 2651 2118 2119 15874 15213 7102 5744 8111 1958 6153 1599 28121 20997 16485 7987 8498 4512 3099 5737 1413 4574
is_linear=0
shrinkage=0.0454652


Tree=29
num_leaves=79
num_cat=0
split_feature=29 3 2 4 2 28 14 28 30 15 0 3 29 2 3 3 21 5 4 14 21 4 21 2 3 5 3 17 9 15 32 3 3 0 23 2 3 21 0 14 0 0 14 3 2 14 16 2 17 2 3 21 17 5 15 14 29 3 4 2 2 2 3 17 3 2 3 29 28 5 2 23 21 28 23 2 0 4
split_gain=9.95413 13.9926 6.6449 14.1634 7.82064 15.0554 20.8115 16.3681 16.109 14.1848 11.1802 10.2773 10.0735 11.2132 11.3538 16.5655 12.4783 15.5748 11.196 9.94637 12.8751 8.74859 13.5135 8.95216 17.3515 15.6481 11.102 8.89462 12.1331 8.85973 9.94004 8.69647 20.9069 16.1878 13.9707 12.1998 13.0539 11.7978 10.066 9.46292 12.6598 9.37394 9.12041 15.5865 12.1884 15.3473 9.09823 8.63939 13.4527 11.7234 17.8574 11.1132 12.6287 11.1004 13.7169 11.0725 10.4225 10.4001 9.65012 9.39193 8.54485 9.47651 8.30176 8.29317 8.24744 8.21422 19.1625 9.75783 10.1928 8.69145 11.1921 8.44328 8.07574 8.00398 9.19384 12.4727 7.73405 7.39336
threshold=-0.60785761475563038 0.71253624558448803 0.35047928988933569 0.58212342858314525 0.51571968197822582 -0.65106672048568714 -8.9111967086791974 0.81279832124710094 1.0000000180025095e-35 9.736396789550783 0.78836017847061168 0.30291782319545751 -1.0000000180025095e-35 0.85252937674522411 0.49972157180309301 0.29491098225116735 0.22214209288358691 -0.15280776470899579 1.7057735323905947 -6.9702618122100821 3.316486239433289 0.79184624552726757 7.8353979587554941 0.73319572210311901 0.402032420039177 4.2642807960510263 0.35826425254344946 14.500000000000002 0.1514612287282944 7.0892508029937753 1.0000000180025095e-35 0.8438517451286317 0.75290206074714672 1.4242862462997439 0.45811107754707342 1.2397477626800539 0.77000719308853161 6.2430663108825692 0.69818627834320079 -4.3013339042663565 0.65343180298805248 0.95900759100914013 -14.921662807464598 0.39967077970504766 0.80088320374488842 -7.2253518104553214 0.82940569519996654 0.9906442165374757 30.500000000000004 1.1054777503013613 0.52314314246177684 -1.3230282068252561 81.500000000000014 1.5184487104415896 6.2577536106109628 -6.421100139617919 0.6078576147556306 0.35601826012134558 -0.41548298299312586 0.88136368989944469 0.62247976660728466 0.80947077274322521 0.79759693145751964 45.500000000000007 0.23364611715078357 1.6496348381042483 0.92753493785858165 0.6078576147556306 0.22706275433301928 -1.6537548303604124 2.1689041852951054 1.2491109967231753 -2.3079262971878047 -0.71473535895347584 0.86815422773361217 1.9120321869850161 0.98236331343650829 -0.54818385839462269
decision_type=2 2 2 2 2 2 2 2 2 2 2 2 2 2 2 2 2 2 2 2 2 2 2 2 2 2 2 2 2 2 2 2 2 2 2 2 2 2 2 2 2 2 2 2 2 2 2 2 2 2 2 2 2 2 2 2 2 2 2 2 2 2 2 2 2 2 2 2 2 2 2 2 2 2 2 2 2 2
left_child=1 -1 3 -2 5 10 7 8 -7 -8 -4 -9 13 14 15 -6 17 -17 -18 -16 -21 22 31 24 26 27 -23 -26 -29 30 -25 32 34 35 42 36 -34 39 -33 47 -41 -38 -14 -44 -45 -46 -39 53 49 -49 -51 72 58 55 -55 59 -56 -57 76 -36 -42 -62 -35 -61 -11 67 -67 71 -69 70 -68 -40 -50 -24 -75 -76 -53 -63
right_child=2 -3 4 -5 12 6 9 11 -10 64 -12 -13 21 -15 19 16 18 -19 -20 20 -22 23 73 29 25 -27 -28 28 -30 -31 -32 38 33 62 37 -37 41 46 65 40 60 -43 43 44 45 -47 -48 48 51 50 -52 52 -54 54 56 57 -58 -59 -60 63 61 77 -64 -65 -66 66 69 68 -70 -71 -72 -73 -74 74 75 -77 -78 -79
leaf_value=-0.022580872816562479 0 0.0076312872185640042 0.0032995337438363114 0.029499586056306492 0.018836624003776937 0.039834895016556751 -0.015364585825956881 -0.015991482417721612 0.0021144137667182352 -0.016169785318710647 -0.01986921616070041 0.013115048030508407 -0.0049639555147561647 -0.0052375315874993557 0.022680843874497349 -0.010511791452458131 -0.022347185157784763 0.021628472067593607 0.003765421355467583 -0.0077329098589918642 0.019143462254346478 0.00073656304224394432 -0.0012783185237759652 0.0085455098811271172 -0.0069280549634073455 0.031315049201713227 -0.02154155545222616 0 0.022806847349389904 -0.0035365601838533611 -0.0041630874863490125 -0.0069684949261265422 -0.022407673831331444 0.019531025297574459 0.0011858431055185514 -0.021493649136978332 0.016084463484016532 -0.020109155786626524 -0.01523464886549288 -0.011678345401670809 -0.0035685291267385476 -0.0089485825022002797 0.036598700237348639 -0.0090125491921409749 0.038878714741533024 0 -0.00097940238164930015 0.012052378049622545 0.0047709907303519015 0.0063593524312182455 -0.019950077610068027 0.038649423501331492 -0.0047621256957621275 -0.011013148546119154 0.024079402455971583 0.0052846876021758358 0.0013151243721378153 -0.017345764025236299 0.006172311889423591 0.003957288318419112 0.028681816418800049 0.017906003987054234 -0.005122720522991257 -0.016287138044787576 0.0044649003585490428 0.03187748796080609 -0.018178526025683667 0.003525842536278244 0.029028880611973638 0.018598010699897194 0.0095333010028913756 0.0080318600786641638 -0.015705816651117161 0.0045148014503378188 0.025694504180664466 0.00471735146930536 0.011822201656689794 0
leaf_weight=86.722614053636789 95.073414221405983 43.098528830334544 51.537236275151372 45.826573314145207 55.865737350657582 55.375893630087376 185.13890988752246 47.569705851376057 44.130219327285886 44.173225905746222 167.5265619456768 43.945055024698377 42.931678066030145 1161.9024139717221 81.828519653528929 65.131846060976386 120.42615508288145 51.640460349619389 41.110935213044286 88.664472423493862 56.147922694683075 166.45645932480693 129.11800950579345 297.57310229539871 72.981355037540197 61.238113105297089 57.869349772110581 93.512889234349132 89.293093351647258 1837.3656199947 210.92601083219051 96.316595187410712 50.340322570875287 49.707751801237464 693.85544179938734 180.13531454652548 62.046433981508017 87.629265669733286 78.786352969706059 48.756010498851538 52.69967801310122 52.02608897164464 55.292579209432006 50.231401594355702 35.211957085877657 40.319834789261222 131.1347988396883 60.797846743836999 494.82256175577641 81.225686384364963 132.50512796454132 66.343446020036936 47.625343112275004 57.603964380919933 90.004995334893465 48.204193498939276 84.003376746550202 182.45157840847969 74.660513170063496 53.562283081933856 78.559150196611881 88.660758025944233 51.963182918727398 131.35015226900578 225.05800786241889 84.04143150895834 47.651510804891586 146.2399333640933 40.540318366140127 61.185166859999299 66.716418884694576 46.475878734141588 38.43303002230823 254.09521619975567 146.68764958716929 110.10045831464231 49.23674800246954 87.524303425103426
leaf_count=1178 1414 597 699 633 923 797 2220 550 635 620 1906 562 580 14506 830 755 1599 598 490 880 519 2041 1291 3533 876 616 727 1091 910 21258 2627 1289 513 594 9025 2127 741 999 872 634 605 535 613 733 566 559 1377 807 6738 1000 1589 835 719 843 1061 662 1031 2123 925 663 852 832 681 1614 2709 1050 549 1956 500 662 854 561 517 2820 1429 1445 551 919
internal_value=0 -0.0122598 0.000212876 0.00988175 7.35542e-05 -0.00405142 -0.000450456 0.0119076 0.0243201 -0.00581208 -0.0142393 -0.0015412 0.000453631 -0.0026814 0.00252764 -0.00268372 -0.00738629 0.00354869 -0.0154781 0.0103345 0.00259954 0.00115091 0.0023149 -0.000824169 0.00439645 0.0112328 -0.00507945 0.00582049 0.0112113 -0.00205523 0.00318764 0.00137992 0.000485617 -0.00866706 0.0017924 -0.0133846 -0.00390494 0.00093826 0.00613741 0.0017681 0.0086489 0.00433992 0.0126532 0.0171114 0.00728615 0.0186443 -0.00908918 0.000707754 0.00381219 -0.0046764 -0.00979581 0.00690588 0.0150484 -0.00168084 0.00722151 -0.00360285 0.013646 -0.0123988 0.0202547 -0.00119218 0.01214 0.0155831 0.0067583 -0.0102062 0.000709769 0.00846417 0.0144357 0.00321963 0.00981966 0.00527936 -0.00182979 -0.00624395 0.00309621 0.0084722 0.0110218 0.0171021 0.0284225 0.00895431
internal_weight=0 129.821 10555.1 140.9 10414.2 864.455 645.391 191.021 99.5061 454.37 219.064 91.5148 9549.75 1722.72 560.816 334.175 278.309 116.772 161.537 226.641 144.812 7827.03 4939.81 2887.22 541.351 317.025 224.326 255.787 182.806 2345.86 508.499 4299.81 3631.86 446.219 3185.64 344.548 164.413 2961.65 667.954 2742.89 356.2 114.073 223.987 181.056 125.763 75.5318 218.764 2386.69 1045.65 274.529 213.731 771.122 237.866 1341.04 231.612 1109.42 174.008 230.656 190.241 878.768 307.444 254.744 101.671 184.912 269.231 571.637 259.595 312.042 186.78 175.553 114.368 125.262 533.256 640.001 510.883 256.788 115.58 176.185
internal_count=129740 1775 127965 2047 125918 10698 8093 2544 1432 5549 2605 1112 115220 21100 6594 4365 3442 1353 2089 2229 1399 94120 60441 33679 6261 3493 2768 2877 2001 27418 6160 53456 45163 5191 39972 3916 1789 36921 8293 34545 3842 1276 3051 2471 1858 1125 2376 30703 13681 3396 2589 10285 3030 17022 2935 14087 2092 2785 2311 11302 3208 2603 1275 2277 3329 7004 3115 3889 2456 2065 1403 1433 7255 6985 5694 2874 1386 1751
is_linear=0
shrinkage=0.0454652


Tree=30
num_leaves=79
num_cat=0
split_feature=29 11 5 27 16 16 1 16 30 1 5 14 10 33 4 27 11 27 8 5 5 11 29 27 5 16 6 10 29 14 12 16 12 16 5 29 11 16 4 5 8 27 11 30 5 29 29 12 16 11 6 6 27 27 5 12 6 5 27 5 14 30 5 27 12 5 27 12 27 11 14 6 14 8 10 14 16 5
split_gain=17.1065 9.45067 11.918 9.49529 11.0874 10.4975 11.3668 10.9258 10.2653 9.17346 8.54393 8.21613 8.02946 7.77013 7.51566 6.49799 11.8508 9.78376 9.19319 8.80746 9.65069 8.52085 14.4506 10.1927 12.6558 13.4 11.0171 16.1075 12.4494 14.7216 10.0611 9.57063 9.48452 8.4742 8.42051 8.74346 8.12461 7.63403 7.42433 6.97139 6.38658 6.27635 6.15151 18.8138 11.8044 13.9112 9.76381 15.6745 28.121 22.9876 9.20795 8.70912 7.96054 8.25677 7.34731 7.32086 9.89161 8.40859 7.74407 7.1961 9.19822 12.5815 9.15176 17.0681 7.62222 6.84837 6.83708 6.69422 6.12922 11.2276 8.19519 10.5587 6.08034 6.06628 5.80406 5.70787 5.65185 9.94073
threshold=-0.60785761475563038 0.022405167110264305 5.4599149227142343 0.9015902876853944 0.39917951822280889 0.53403338789939891 1.034348785877228 0.3944831937551499 1.0000000180025095e-35 0.90270650386810314 2.9697539806365971 -2.591526865959167 0.077714730054140105 0.9590476155281068 0.24101147800683978 -0.72982063889503468 0.16420648247003558 -0.71473535895347584 3.4654515981674199 -0.6196395456790923 7.0507779121398935 0.1146913804113865 -1.0000000180025095e-35 -0.90159028768539418 4.6531052589416513 0.25540314614772802 1.1660023927688601 0.10720967873930932 1.0000000180025095e-35 -9.9957118034362775 -0.11683079600334166 0.63237443566322338 -0.032030753791332238 0.66391509771347057 5.2544565200805673 0.6078576147556306 0.066639237105846419 0.12220612168312074 -1.0716568827629087 1.3561368584632876 0.082357782870531096 -0.41268247365951533 0.046898368746042259 1.0000000180025095e-35 1.7735742926597597 0.6078576147556306 -1.0000000180025095e-35 -0.026490160264074799 0.32630275189876562 0.072151359170675292 2.6043058633804326 2.7861008644104008 0.97381904721260082 -0.41268247365951533 3.1756738424301152 0.17140707373619082 11.873831748962404 8.8939609527587908 0.39271505177021032 6.7143180370330819 -1.6965755224227903 -0.56174489110708226 1.8973998427391054 0.50938662886619579 0.05057650804519654 -1.4641058444976804 0.65106672048568737 0.034155458211898811 0.78661888837814342 0.029764145612716678 -6.6048190593719474 -1.9432557821273801 -9.2168922424316388 -1.6576752662658689 0.18352434784173968 -10.477322101593016 0.78222069144248974 4.3362047672271737
decision_type=2 2 2 2 2 2 2 2 2 2 2 2 2 10 2 2 2 2 2 2 2 2 2 2 2 2 2 2 2 2 2 2 2 2 2 2 2 2 2 2 2 2 2 2 2 2 2 2 2 2 2 2 2 2 2 2 2 2 2 2 2 2 2 2 2 2 2 2 2 2 2 2 2 2 2 2 2 2
left_child=72 2 3 5 -5 7 11 8 40 -10 12 13 -6 -7 -8 18 17 -17 21 -18 -21 23 39 26 25 38 27 28 29 -3 36 -28 37 -30 35 -34 -29 -24 -25 -23 -2 -42 43 52 68 -46 47 -44 -49 67 66 -47 53 65 -52 56 57 59 -58 60 -48 -62 -63 64 -64 -19 -51 -50 69 -45 71 75 -1 -55 -4 -71 -33 -78
right_child=1 15 74 4 10 6 14 -9 9 -11 -12 -13 -14 -15 -16 16 19 42 -20 20 -22 22 32 24 -26 -27 31 30 33 -31 -32 76 34 -35 -36 -37 -38 -39 -40 -41 41 -43 46 44 45 51 55 48 49 50 54 -53 -54 73 -56 -57 58 -59 -60 -61 61 62 63 -65 -66 -67 -68 -69 -70 70 -72 -73 -74 -75 -76 -77 77 -79
leaf_value=-0.028793641056174699 -0.0045306925628729984 0.016621509805926988 -0.019700904427350688 -0.0055530860046613889 0.0061114639604876219 0.0029834848978735722 -0.0071718522931676692 0.0065774668968151782 -0.019972366328950136 -0.00069699403965221959 -0.0051782640891681999 0.0029117277131834687 0.026788842635137193 -0.01533684004722417 0.0092813760485148753 -0.017101605972390851 0.0037247372017016572 0.0014614373634328857 -0.0084974064752101636 -0.016678452568936391 0.0020908697871001602 0.0084558866207883974 0.011005756637273073 0.0040355019093709626 0.021247808726575119 -0.0005255016582459476 -0.019643152397991217 0.016167603118564439 0.022476219041361468 -0.014087438147173581 -0.019137451242057849 0.0060008087356441088 0.030872209994168582 0 0.0067944527937074126 0.0088154564284946071 -0.0098962081344588192 -0.012363862550627269 0.027477667445704422 -0.013104437598365307 -0.0011374620906025284 0.01592408573753706 -0.015037402910225947 -0.01607883297366761 0.01835284020802324 0.0089147592115185054 0.0003345539658898216 0.026025715327925334 -0.0077951213123909893 0.024166295282529074 -0.012176081693286567 -0.016509821844488105 0.018461681304029223 -0.0046819280302774534 0.0048922942656307354 0.018407556260022308 -0.00076282578627721734 0.018285558728229876 -0.02507653193015312 -0.0095406569919710225 -0.0045926928716906396 0.026231998814857702 0.0075676473441460054 0.020364714577638665 -0.014379928617175627 0.025409145544765921 0 -0.027605852210653248 -0.015579613147608529 0.0078487490547770981 -0.010876523939939845 0.020787961592013154 -0.0071700606394327054 0.0055240760749145339 0 -0.01433526664417196 -0.015857692777378522 0.0027238798657711529
leaf_weight=47.361420564353466 179.18559237010777 50.599494872614741 112.03873655386269 113.96266891248524 94.926463721320033 48.376532305032015 102.44568395800889 354.0700499843806 113.32025128975511 100.48690563999116 43.864923313260078 70.639362758025527 77.740698225796223 378.53504669293761 117.93611929751933 58.573665773496032 96.688250757753849 44.68989479355514 126.07736739143729 204.75270104035735 70.529287209734321 44.522226007655263 63.954918323084712 62.68178784660995 98.629590228199959 391.1383943669498 86.433577083051205 43.58129571378231 140.40386083163321 73.902882803231478 77.606587078422308 99.374951368197799 113.71594284102321 48.103939712047577 125.03370176628232 71.352176357060671 45.840888442471623 45.647826669737697 59.787261648103595 75.610276099294424 77.669475644826889 85.802440606057644 212.51186938211322 96.022846641018987 95.498101238161325 44.442440789192915 2651.424495851621 67.473613973706961 84.789433296769857 54.441092489287257 89.452966189011931 57.977961162105203 110.91618259809911 136.80325261317194 109.64164902456105 45.4573332387954 64.721058851107955 54.851326625794172 49.022877996787429 125.91542437300086 118.21392757818103 74.287963224574924 55.522053023800254 106.93377387709916 65.106210397556424 69.756848895922303 44.450360614806414 78.960950268432498 124.25760641880333 45.697516230866313 63.381322748959064 68.485543807968497 82.554265847429633 699.73058549687266 42.036323087289929 40.574843525886536 114.82488706335425 109.70775556378067
leaf_count=742 2227 738 1393 1403 1250 1623 1259 4484 1500 1273 561 728 951 4005 1494 705 1509 535 1748 2445 828 579 960 801 1083 4546 1021 496 1768 858 911 1199 1024 531 1490 786 657 547 749 905 983 1022 2307 1170 1144 537 32984 796 1005 746 1161 790 1244 1489 1414 585 756 618 472 1417 1227 701 482 1055 664 823 600 888 1550 625 767 880 1046 8128 554 512 1125 1273
internal_value=0 0.000290656 -0.00241938 -0.00141935 0.00551294 -0.0028664 -0.00696385 0.000327681 -0.0035809 -0.01132 0.0115532 -0.0107579 0.0161011 -0.013139 0.00142436 0.00097491 0.000225123 0.000730137 0.00311999 -0.00758975 -0.0117347 0.00387648 0.00878296 0.00206234 0.00656809 0.00350945 -0.000997189 0.00360114 0.00970995 -0.00109598 -0.00752013 -0.00647674 0.0127672 0.016972 0.0167946 0.0230003 0.0024361 0.000749067 0.0163826 -0.00470597 0.00118382 0.00769651 0.000928774 0.0032306 -0.00288597 0.00611671 -2.95788e-06 -0.00472747 -0.000412423 -0.00457492 0.00282799 -0.00510076 0.0069387 0.00547044 -0.00262705 0.00101439 0.000742998 0.00122401 -0.012162 0.00089312 0.00134882 0.00757091 0.0124917 0.00741209 -0.0039699 0.0168421 0.0139527 -0.018078 -0.00707929 -0.00340712 0.00214438 0.0079268 -0.0160546 0.00378236 -0.0144607 -0.00222119 -0.0026137 -0.00667884
internal_weight=0 10563.5 2113.04 1958.96 330.495 1628.47 717.933 910.535 556.465 213.807 216.532 497.551 172.667 426.912 220.382 8450.49 6281.96 5909.99 2168.53 371.97 275.282 2042.45 539.837 1502.62 612.237 513.607 890.38 480.039 313.01 124.502 167.029 410.341 419.705 188.508 310.102 185.068 89.4222 109.603 122.469 120.133 342.658 163.472 5851.41 1698.23 636.338 197.919 4153.18 741.722 529.21 461.736 297.986 102.42 1061.9 950.981 199.095 3411.46 3366 3252.26 113.744 3197.4 3071.49 420.064 301.85 227.562 120.628 114.447 98.8915 163.75 438.42 314.162 218.139 154.758 129.916 836.534 154.075 86.2724 323.908 224.533
internal_count=129852 128064 26710 24763 4165 20598 9109 11489 7005 2773 2762 6356 2201 5628 2753 101354 75559 70777 25795 4782 3273 24047 6291 17756 7179 6096 10577 5959 3895 1596 2064 4618 4807 2299 3300 1810 1153 1507 1550 1484 4232 2005 70072 20194 7975 2471 49878 8917 6610 5814 3921 1327 12219 10975 2575 40961 40376 39148 1228 38530 37113 4129 2902 2201 1146 1358 1346 1893 5504 3954 2784 2017 1788 9617 1947 1137 3597 2398
is_linear=0
shrinkage=0.0454652


Tree=31
num_leaves=79
num_cat=0
split_feature=14 16 13 13 23 33 27 6 13 6 3 14 3 0 17 27 27 27 3 20 3 27 3 9 20 27 3 28 17 28 28 9 13 6 16 17 3 27 16 28 23 27 0 23 27 17 3 17 14 13 0 5 13 16 6 17 16 13 20 23 16 3 13 9 16 20 27 27 16 3 17 17 9 3 6 5 27 8
split_gain=8.61381 10.808 7.6751 25.9253 20.5922 20.3711 18.071 15.6789 15.6257 15.2313 21.0118 14.9241 12.5456 12.5194 12.376 12.3537 12.3252 12.2607 22.7273 17.6477 10.6144 10.0065 13.4663 9.69886 11.472 14.8903 19.7207 13.5498 12.9591 9.51491 9.29087 9.24337 8.63295 8.43987 8.19115 9.15323 8.03997 7.73052 7.37327 7.294 8.80736 15.9815 10.39 7.22882 16.7003 28.7677 16.6687 20.6546 20.1039 15.9433 15.6584 12.9228 12.3901 19.3904 12.2729 11.6893 11.5211 16.7851 18.8435 16.7431 13.3518 11.1879 9.72608 16.535 8.94072 17.58 8.80182 20.0395 22.0549 11.0123 11.5305 12.314 10.8737 8.14858 12.7389 13.478 10.9306 12.9695
threshold=-29.019327163696286 0.083811115473508849 -0.026571368798613545 -0.01319830399006605 0.75441983342170726 0.99472221732139599 0.18436925113201144 2.1768357753753667 -0.018379754386842247 -5.9195709228515616 0.85474067926406871 -15.068375110626219 0.93399435281753551 0.96555191278457653 48.500000000000007 0.77296444773674022 -0.92794367671012867 0.1413247883319855 0.72276788949966442 -1.6373223066329954 0.67709460854530346 -0.72982063889503468 0.52314314246177684 0.37380702793598181 -0.90472266077995289 0.58244305849075328 0.38212823867797857 -0.24825246632099149 40.500000000000007 0.22706275433301928 0.95032352209091198 0.18246463686227801 -0.040823319926857941 4.868542194366456 0.15575507283210757 26.500000000000004 0.62547025084495556 -0.91959547996520985 0.073951110243797316 -0.35222910344600672 0.58528262376785289 0.50938662886619579 0.78279581665992748 0.75741896033287059 -0.74455857276916493 28.500000000000004 0.57647228240966808 27.500000000000004 -1.6965755224227903 0.03437603451311589 0.65343180298805248 3.5650364160537724 0.079192396253347411 0.89035221934318554 -0.36432951688766474 18.500000000000004 0.3691782951354981 0.0092221293598413485 -2.3096709251403804 0.54826998710632335 0.56748774647712719 0.44389441609382635 0.097358565777540221 0.2024047523736954 0.82634705305099498 1.7928603887557986 0.86046862602233898 0.95032352209091198 0.78580507636070263 0.27747114002704626 82.500000000000014 23.500000000000004 0.18580227345228198 0.97828230261802684 -8.0226063728332502 -1.3300599455833433 -0.90159028768539418 -1.1191674470901487
decision_type=2 2 2 2 2 10 2 2 2 2 2 2 2 2 2 2 2 2 2 2 2 2 2 2 2 2 2 2 2 2 2 2 2 2 2 2 2 2 2 2 2 2 2 2 2 2 2 2 2 2 2 2 2 2 2 2 2 2 2 2 2 2 2 2 2 2 2 2 2 2 2 2 2 2 2 2 2 2
left_child=1 -1 7 4 5 -4 20 9 16 10 17 14 -12 39 31 -8 -6 18 19 29 -7 -18 -23 24 27 26 -26 -13 -28 38 -16 -11 -30 -15 -10 -36 -37 -20 -2 -9 -41 -42 -43 44 45 -5 48 49 52 -48 54 55 56 -54 -47 -50 -46 59 -59 -58 -61 62 66 -64 -60 -66 69 68 -68 72 71 -71 -45 -63 -75 -76 -77 -78
right_child=2 -3 3 43 8 6 15 13 34 11 12 23 -14 33 30 -17 21 -19 37 -21 -22 22 -24 -25 25 -27 28 -29 32 -31 -32 -33 -34 -35 35 36 -38 -39 -40 40 41 42 -44 61 46 50 47 -49 51 -51 -52 -53 53 -55 -56 -57 57 58 64 60 -62 73 63 -65 65 -67 67 -69 -70 70 -72 -73 -74 74 75 76 77 -79
leaf_value=0 -0.0058308625559113968 -0.031468573068404219 0.010868501587950616 0.030079065073862786 -0.014440142327617141 -0.041983812889059426 0.0059381288498444257 0.010490628887153618 0.0051125802758785815 -0.020668808335240183 0.029504388160104221 -0.011116259290178111 -0.00045615291548605348 -0.0052138654470265241 0.010438842607444715 -0.019363964630775648 0.026026897993465251 -0.014375989296987345 -0.027722966044450965 -0.01346526357957287 -0.014386934931790626 0.016560859647385687 -0.003201464719816193 -0.0028959723866022013 -0.012764803586198494 0.032796160485194271 0 0.017516097616038409 0.0086131668583323794 0.032700175354680304 -0.0081106185838154491 0.0014284930054765809 0.03539545537151631 -0.031372711248479651 -0.001228786709776329 -0.0062714655935081813 -0.028963914528150694 -0.0043674483971097083 0.017430115735630382 0.0064864577092980293 -0.027418398015211398 -0.012168978227611446 0.013064870463713555 -0.0045269347758276788 -0.012634580960407061 -0.023284842748152346 -0.024652846661777205 0.00045566021891561755 0.034513172711898445 0.003805498595039738 0.013895497065296528 0.0016136355101964068 0.001879725412132206 -0.033961064021343711 0.0026477165555696758 0.0079499360485746993 0.030078400636985952 0.023230048677423492 -0.0058827561386289836 0.018836469929197002 -0.0061673558744919053 0.0014514724617723019 0.023652632219388698 -0.0088960776623163516 0.015788354139507292 -0.015560637971064691 -0.005279337554640556 -0.012648752645232717 0.034719887624435432 -0.0051519543872994775 0.0050153355877664537 -0.017658850284059096 0.023848348298657174 0.007279330695065634 -0.028738477505903286 -0.017974437088310542 0.022719449363906279 -0.0080077301845996752
leaf_weight=45.717939240857959 40.90121029317379 35.998963650316 45.296667130663991 113.20799278654158 64.383088828995824 87.361653950065374 63.48405722156167 92.173617970198393 50.066744331270456 65.744970165193081 62.758300406858325 62.134810231626034 45.151338359341025 65.196946505457163 291.89447676762938 88.419363431632519 43.790274750441313 174.34069949947298 49.583869768306613 46.221168356016278 60.863282568752766 101.83570318110287 207.23565213941038 60.824732726439834 46.388458685949445 120.83030962944031 54.894011551514268 65.035010006278753 47.213636536151171 51.945786168798804 62.582631021738052 79.429797222837806 82.964500669389963 47.604821110144258 83.495231514796615 62.179578684270382 92.526272201910615 82.562109036371112 64.707153871655464 101.36224769800901 64.170178268104792 66.610311208292842 60.405655931681395 72.201340794563293 86.655016608536243 54.456097211688757 147.81865218095481 401.58863956667483 83.908340899273753 50.420210612937808 142.13271709904075 98.76029447466135 72.476275727152824 47.305232219398022 96.58983277156949 70.573104735463858 85.762301493436098 62.669151172041893 414.45672789216042 76.070989416912198 91.092513116076589 3522.6839750837535 61.509540922939777 57.554757680743933 119.31395796127617 47.764695132151246 48.661480544134974 85.864930322393775 56.400226527824998 343.95549772121012 93.083336977288127 341.04545585997403 38.671085014939308 100.66586993820965 64.740027500316501 70.571751140058041 43.38843641243875 64.295763293281198
leaf_count=928 596 587 1546 1000 784 772 597 1133 598 980 761 706 673 704 3647 826 563 2201 571 527 638 1313 2346 615 554 1380 580 805 526 689 827 1099 1014 590 1109 763 1039 1039 863 1305 817 981 707 969 1199 730 1553 4861 806 556 1731 954 938 566 1038 671 1053 826 6001 975 1337 40815 776 663 1405 559 690 1049 606 4096 1309 3987 543 1187 999 1104 525 824
internal_value=0 -0.0142214 0.000237311 -0.000373779 -0.00704648 -0.0160997 -0.0204215 0.0026598 -0.00247803 0.00479575 -0.000783602 0.00814911 0.0169734 -0.00434257 0.00233491 -0.00859832 0.00305268 -0.00473867 0.000232196 0.00982777 -0.0316622 0.00650982 0.00328534 0.0133785 0.0155511 0.0197686 0.0123098 0.0032442 0.0189926 0.0171306 0.00697281 -0.00854366 0.0266029 -0.0173815 -0.0105809 -0.0141114 -0.0205465 -0.0140575 0.00809499 -0.000251601 -0.00389848 -0.00967465 0 0.000567048 0.00264394 0.0109924 0.000865835 -0.00538991 0.00367514 -0.0172429 0.00314604 0.0151324 0.000955814 -0.0125343 -0.0067542 0.0232032 0.00269273 0.00427791 0.000279504 0.0141058 0.00510418 -0.000393577 -0.0042292 0.00774956 -0.00225526 0.00638377 -0.00561917 0.00300629 0.0162423 -0.00753161 -0.00946134 -0.0115174 0.00544151 0.000786448 -0.00582704 -0.0114846 -0.00444726 0.00431441
internal_weight=0 81.7169 10634.9 8479.25 1050.94 345.425 300.128 2155.63 705.513 1658.11 618.172 1039.94 107.91 497.524 499.652 151.903 417.245 510.262 335.921 203.775 148.225 352.862 309.071 540.285 479.461 352.291 231.461 127.17 185.072 157.554 354.477 145.175 130.178 112.802 288.268 238.201 154.706 132.146 105.608 384.722 292.548 191.186 127.016 7428.32 2363.02 406.387 1956.64 599.828 1356.81 198.239 293.179 253.242 1103.57 119.782 151.046 154.481 983.785 897.13 644.205 252.926 167.164 5065.29 1198.95 119.064 581.535 167.079 1079.88 190.927 105.062 888.957 778.084 685.001 110.872 3866.35 343.662 242.996 178.256 107.684
internal_count=130200 1515 128685 101795 12894 4379 2833 26890 8515 20653 7920 12733 1434 6237 6553 1423 5006 6486 4285 2675 1410 4222 3659 6180 5565 4054 2674 1511 2120 2148 4474 2079 1540 1294 3509 2911 1802 1610 1459 4943 3810 2505 1688 88901 28759 4499 24260 6970 17290 2109 3499 2431 14859 1504 1768 1477 13355 12156 8791 3365 2312 60142 14688 1439 7965 1964 13249 2345 1296 10904 9392 8083 1512 45454 4639 3452 2453 1349
is_linear=0
shrinkage=0.0454652


Tree=32
num_leaves=79
num_cat=0
split_feature=11 27 12 16 14 13 18 13 0 0 13 3 13 16 14 0 23 23 18 13 14 16 12 18 3 3 3 12 27 27 16 11 3 30 30 13 27 11 3 3 23 18 30 23 3 23 12 14 11 14 27 16 27 13 12 12 3 23 3 0 16 24 3 0 7 23 12 14 30 13 11 3 12 3 12 23 13 3
split_gain=15.5368 17.0399 10.6846 14.1669 12.7738 9.32146 10.7115 8.26846 8.26831 7.12908 10.243 6.87794 6.73725 5.7527 11.1908 14.0287 7.38348 6.65649 5.7069 5.08745 5.03493 11.0829 5.8055 7.64918 7.04924 5.83314 8.27303 8.94024 16.1098 22.8807 18.4411 11.2658 13.2586 12.3151 10.8323 10.6913 9.85087 19.3703 21.8766 20.0471 11.7644 9.95344 12.9141 25.5482 15.6626 23.067 18.7128 19.0253 11.8028 14.6831 21.153 17.8486 14.1609 11.104 11.0626 12.1925 9.73588 9.85586 11.7094 10.8632 13.0295 9.5834 9.21575 9.15585 9.10259 8.79188 11.1321 17.9853 13.0872 28.5755 10.7763 9.92082 14.1859 11.677 13.7389 12.3051 11.8378 26.4397
threshold=0.016934276558458809 0.91080963611602794 0.10504707694053651 0.53825700283050548 -13.021670341491697 0.0074671772308647641 35.500000000000007 -0.024896387942135331 1.1204568147659304 0.69499158859252941 -0.0082635283470153791 0.78282707929611217 -0.014779082033783196 0.40775305032730108 -8.6041383743286115 0.80822083353996288 0.70988500118255626 1.145512640476227 13.500000000000002 0.01946341618895531 -27.471098899841305 0.088682927191257491 -0.14383570849895475 20.500000000000004 0.92753493785858165 0.98700043559074413 0.90247163176536571 -0.0665411241352558 0.26932403445243841 -0.9738190472126006 0.45999196171760565 0.066048528999090209 0.60665312409400951 1.0000000180025095e-35 0.81174489855766307 -0.029473813250660893 -0.9686339497566222 0.1146913804113865 0.75290206074714672 0.65619388222694408 0.73351800441741954 51.500000000000007 -0.56174489110708226 0.65166866779327404 0.25303006172180181 0.68832767009735119 -0.003735653823241591 -7.1618585586547843 0.10786574333906175 -13.138134479522703 0.58244305849075328 0.75905582308769237 0.41268247365951544 0.020428272895514969 -0.02135252300649881 0.010631300043314697 0.28430086374282842 1.0426229238510134 0.36362852156162268 1.2911066412925722 0.72077998518943798 0.045635266229510314 0.39399324357509619 0.92636358737945568 16.694866180419925 0.36341428756713873 0.021293060854077343 -5.6580302715301505 -0.56174489110708226 -0.020634795539081093 0.044908467680215843 0.77525395154953014 0.088928047567605986 0.53275248408317577 0.087309669703245177 0.90656569600105297 0.080917220562696471 0.2885767817497254
decision_type=2 2 2 2 2 2 2 2 2 2 2 2 2 2 2 2 2 2 2 2 2 2 2 2 2 2 2 2 2 2 2 2 2 2 2 2 2 2 2 2 2 2 2 2 2 2 2 2 2 2 2 2 2 2 2 2 2 2 2 2 2 2 2 2 2 2 2 2 2 2 2 2 2 2 2 2 2 2
left_child=1 2 3 4 -1 6 -3 -6 9 10 -5 -10 -8 16 -15 -16 -9 18 -18 -11 21 -2 23 24 -22 26 27 28 29 -24 31 33 -33 -31 35 -30 37 38 39 40 -29 42 43 53 64 46 47 -46 49 50 -45 62 -53 -38 -50 -56 -47 61 -59 60 -60 -58 -51 -39 -44 -43 67 68 69 -67 -71 73 -73 74 75 76 77 -68
right_child=20 5 -4 8 7 -7 12 13 11 19 -12 -13 -14 14 15 -17 17 -19 -20 -21 22 -23 25 -25 -26 -27 -28 36 34 30 -32 32 -34 -35 -36 -37 41 63 -40 -41 -42 65 44 48 45 56 -48 -49 54 51 -52 52 -54 -55 55 -57 57 58 59 -61 -62 -63 -64 -65 -66 66 71 -69 -70 70 -72 72 -74 -75 -76 -77 -78 -79
leaf_value=-0.01619680232923194 0.0027540606812259181 -0.016767442963150234 0.014401185643639873 -0.02289011028779659 0.017540572565321155 0.018022297495530998 -0.0041954042428677344 -0.017331882861497724 0.005437341362245292 -0.015586492741437788 0.0040568599211535097 -0.015145942833141092 0.016942237264322181 -0.010723230567718808 0.027543653657367408 0 0.015905606600528567 -0.010423677796100437 -0.0019178155402545978 -0.033118632142994889 0.02207246208114718 -0.025199045228955559 -0.020746597087920385 -0.0018768833392845434 0.0020027142161639917 -0.0054128206502337059 0.0082906271625240256 0.018221107430101864 -0.029189255950281295 0.029872105555625646 -0.020094261024768707 0.015943530468474149 -0.0070970219616056859 0.0026469449207591382 0.0035625600285771079 -0.0085810641307638175 -0.02773048761615456 0.034138728468082406 -0.017391614185331378 0.026951889957347441 -0.0068977871763796278 0.011459710476233889 -0.01851664877931751 0 0.013651397562489797 0.021607739607614546 -0.0028512796611922112 0.042949465267648819 -0.027274298438518786 -0.014480506728264422 0.03951762847479217 0 0.030997652179297491 -0.0013199867490107956 0.016062939160029068 -0.01602415921755072 -0.0064653765201228633 -0.010847139804576701 0.023082170908332589 0.0030991985954459556 -0.0024098182816990471 0.0048161337421264204 0.00070665471186793344 0.0083285383031201279 0.0068778131550874975 0.022922777232289082 0.022551303823435523 -0.012189227972037614 -0.0052754699323589154 0.0037292329790663942 -0.021508537767306747 0.019824361210850041 0 -0.0037895454813759899 0.012512328194840163 0.0066155939160488829 -0.016758844056190311 -0.0037910764424230275
leaf_weight=114.89746396243572 64.964058548212051 49.922340175136924 45.027450887486339 39.387336203828454 47.3936104234308 88.976044815033674 48.774226751178503 78.02802998572588 85.692097349092364 277.54059470817447 79.721993884071708 48.426457244902849 65.429637636989355 69.97326523438096 57.83239109814167 105.84481377713382 53.926795015111566 96.357216063886881 90.541549280285835 49.016420485451818 87.584279933944345 44.811845632269979 76.551635636016726 99.557005507871509 70.819314135238528 309.08977834321558 298.01732702925801 49.024035366252065 85.592925831675529 84.308910258114338 45.241558255627751 82.363317262381315 121.85103940032423 64.51059253513813 67.082871912047267 161.69071457907557 92.263807153329253 64.262495301663876 87.753391303122044 78.236912071704865 136.42066958174109 115.18527117744088 81.235893957316875 60.851446144282818 141.56439043022692 57.698138451203704 61.516312824562192 75.33288300037384 45.465481599792838 102.81580754369497 51.343695284798741 54.747793391346931 62.083823230117559 56.741727171465755 43.42360458523035 46.327681379392743 318.85157933272421 58.584687814116478 169.96388749405742 253.01147504150867 49.072376707568765 293.60676448978484 339.39845330640674 65.366676352918148 38.251964766532183 125.84756588749588 84.884258769452572 428.15626893006265 415.4968408793211 77.198159258812666 55.033676192164421 122.08028979226947 182.31414722837508 1228.2704518921673 221.79504790902138 428.19122340157628 105.44102258980274 674.95891114883125
leaf_count=1668 1259 691 537 584 579 979 638 1016 1044 3504 1094 650 853 894 761 1343 696 1133 1129 571 1024 741 912 1274 834 4212 3715 433 1080 1040 682 991 1509 806 1036 1701 1075 544 1009 906 1555 1670 1218 739 1847 627 660 874 607 1402 542 673 641 797 582 667 3750 624 1867 3187 577 3415 3809 834 481 1516 1283 4919 5491 851 744 1358 2380 13603 2396 5022 1164 8219
internal_value=0 -0.00412319 -0.00618554 -0.00698219 -0.00258661 0.00652753 0 3.1286e-05 -0.0122618 -0.0152353 -0.00492163 -0.00186977 0.00766926 -0.00150073 0.0037589 0.0103513 -0.00550475 -0.00124837 0.00466135 -0.0187423 0.000740298 -0.00872303 0.000865684 0.00755158 0.0136758 0.000658301 0.000890375 0.000607667 -0.00396348 0.00123969 0.0057546 0.00939573 0.0020919 0.0187755 -0.0118908 -0.0162667 0.00111046 0.00738034 0.00160684 0.0082806 0 0.000656834 0.00290268 -0.00123493 0.00540281 0.00670684 0.0184505 0.0246538 0.00193343 0.00446016 0.0191932 0.00129896 0.0168442 -0.0182955 -0.0100225 0 0.00389016 0.00287957 0.00740121 0.00984205 0.0172128 -0.000981931 -0.00281532 0.0221406 -0.0100337 -0.00067823 -0.00103783 -0.00494855 -0.000228326 0.00766688 -0.00674645 0.000364515 0.00810421 -0.000487219 0.00216052 0.000314068 -0.00276461 -0.000679578
internal_weight=0 1592.71 1339.61 1294.58 714.795 253.102 164.126 599.898 579.785 445.666 119.109 134.119 114.204 552.504 233.65 163.677 318.854 240.826 144.468 326.557 9064.11 109.776 8954.33 257.961 158.404 8696.37 8387.28 8089.26 789.194 474.827 398.275 353.034 204.214 148.82 314.367 247.284 7300.07 481.064 351.435 263.682 185.445 6819.01 2554.15 955.463 1598.69 1479.2 278.414 216.897 806.458 671.241 112.195 559.046 116.832 149.006 135.217 89.7513 1200.79 1143.09 530.632 472.048 219.036 612.458 442.214 129.629 119.488 4264.85 4149.67 1101.73 673.576 258.079 132.232 3047.94 304.394 2743.54 1515.27 1293.48 865.284 759.843
internal_count=129738 20364 17203 16666 9219 3161 2182 7551 7447 5753 1678 1694 1491 6972 2998 2104 3974 2958 1825 4075 109374 2000 107374 3132 1858 104242 100030 96315 9757 5940 5028 4346 2500 1846 3817 2781 86558 5281 3903 2894 1988 81277 30661 11534 19127 17428 3381 2721 9662 7806 1281 6525 1314 1872 1856 1249 14047 13420 6255 5631 2444 7165 5211 1378 1699 50616 48946 13521 8602 3111 1595 35425 3738 31687 18084 15688 10666 9502
is_linear=0
shrinkage=0.0454652


Tree=33
num_leaves=79
num_cat=0
split_feature=29 33 10 16 7 28 13 3 3 13 28 28 21 28 18 12 15 10 21 28 3 21 27 3 23 7 28 27 7 7 15 3 23 13 12 28 3 29 13 21 15 18 27 23 3 3 3 28 12 15 15 10 3 16 21 21 27 28 3 21 12 12 13 3 21 27 21 16 15 23 29 18 3 7 3 12 13 15
split_gain=8.55403 15.4956 10.2429 11.3092 29.8348 19.0007 16.9254 21.7339 15.9653 13.7488 10.6333 13.1992 10.2521 13.4249 11.9396 11.9181 18.5187 10.5569 10.1599 22.8277 14.7227 16.3775 22.7919 17.6459 16.5421 17.5752 23.2428 20.341 12.2249 11.2742 10.1473 9.8669 9.76632 9.57261 9.08103 15.155 26.661 12.9693 21.8479 14.049 13.8082 15.8615 13.4005 15.1594 11.9583 15.7438 10.878 10.4031 9.88414 9.73769 13.1793 15.2877 9.87617 9.31634 8.33339 8.27541 8.12697 8.01346 7.95848 21.8789 20.6436 12.383 14.813 13.7018 11.8119 11.2117 18.9302 10.4413 10.3121 9.1746 9.99327 8.5542 18.7785 9.35509 27.3427 18.7968 16.1199 15.6216
threshold=-1.0000000180025095e-35 1.997500002384186 0.13727070391178134 0.78921756148338329 13.359977722167971 -0.49049438536167139 -0.027736299671232697 0.42063744366168981 0.54025420546531688 -0.015264964196830986 0.5464349389076234 -0.91080963611602772 0.66642057895660411 -0.50938662886619557 42.500000000000007 -0.035440851002931588 6.397611379623414 0.049704292789101608 7.6051621437072763 -0.86046862602233876 0.94063594937324535 11.571026325225832 -0.90159028768539418 0.69273892045021068 1.0070273876190188 16.259444236755375 0.33172981441020971 0.74455857276916515 22.076797485351566 14.516910552978517 18.459564208984379 0.402032420039177 0.30634926259517675 0.082603324204683318 0.0038116649957373743 0.16288578510284427 0.82246807217597973 0.6078576147556306 -0.035071045160293572 3.9077267646789555 11.871721267700197 45.500000000000007 0.11969653144478799 0.73053434491157543 0.33150766789913183 0.64733242988586437 0.25303006172180181 -0.74455857276916493 0.017340648919343952 14.315644741058351 11.146673679351808 0.08996517583727838 0.51196184754371654 0.64033252000808727 5.5577111244201669 12.507943153381349 0.054511256515979774 -0.31107263267040247 0.75290206074714672 -0.80146461725234974 -0.027252377010881897 -0.092216566205024705 -0.024312164634466168 0.85474067926406871 -7.7063210010528556 0.94331136345863353 -7.7063210010528556 0.17976620048284533 5.7899358272552499 1.1109202504158022 0.6078576147556306 11.500000000000002 0.70700708031654369 4.1843454837799081 0.42063744366168981 -0.056108787655830376 -0.027178337797522541 11.071014881134035
decision_type=2 8 2 2 2 2 2 2 2 2 2 2 2 2 2 2 2 2 2 2 2 2 2 2 2 2 2 2 2 2 2 2 2 2 2 2 2 2 2 2 2 2 2 2 2 2 2 2 2 2 2 2 2 2 2 2 2 2 2 2 2 2 2 2 2 2 2 2 2 2 2 2 2 2 2 2 2 2
left_child=1 2 3 6 5 -5 7 -1 -9 -8 11 -4 13 -11 17 -15 -17 -14 29 28 21 24 23 -23 25 27 -27 30 -20 32 -21 33 -2 -31 58 37 44 38 47 40 41 -40 -43 -44 46 48 -37 -36 -46 50 51 -39 -53 -38 -41 -13 -28 -6 65 60 61 63 -63 64 -60 71 -67 -64 69 -65 -71 72 -34 76 77 -76 -73 -75
right_child=18 -3 10 4 57 -7 9 8 -10 12 -12 55 14 15 -16 16 -18 -19 19 20 -22 22 -24 -25 -26 26 56 -29 -30 31 -32 -33 34 -35 35 36 53 49 39 54 -42 42 43 -45 45 -47 -48 -49 -50 -51 -52 52 -54 -55 -56 -57 -58 -59 59 -61 -62 62 67 68 -66 66 -68 -69 -70 70 -72 73 -74 74 75 -77 -78 -79
leaf_value=0.020943729737135226 0.019575527518335561 0.0081954937064975721 0.0054251504749254619 0.0016819844294257288 0.0039702586498570032 0.035373408409801896 -0.021847638471461713 -0.022401757765057827 0.0082130041781243966 0.014913731400582594 0.0015745006784156459 -0.018723547239231805 -0.032439339163020921 0.0088139211222430201 -0.0027000717677407903 -0.031335032933408703 0.0029554730842419894 -0.0040574982496685277 -0.0027623773558851468 0 -0.01446120574232857 0.031318178859074619 -0.004565676629144773 -0.0013480838861099332 0.020292009451217088 -0.00085954628598612745 0.036627661584746042 0.01655730052160671 -0.027980024210615812 0.0025177750886094053 -0.025506031349580766 -0.01795005571138859 -0.004767456185772033 -0.019274984060612423 0.0021336060491522198 8.1268134869531282e-05 -0.0049014246856562233 -0.0063847359126754421 0.022397183850358101 0.01816320684938779 -0.020349313280723019 -0.013027674028290599 -0.010803423710927644 0.016534251309017717 -0.013285838520842752 -0.016560103116048181 -0.02620972234100059 0.030722829159601849 0.00021454784019821563 0.0085348022073548063 -0.014173507671034424 -0.0042071289617748317 0.01948953221674694 0.016584513070607394 0.0014370665951367184 0 0.011835506818536247 -0.017024340793751428 -0.018380657875527961 -0.014875797954361549 0.022411854992915051 0.011661785520791087 0.00081277624422172062 0.024157713538942513 0.0062594301938173613 -0.015109293638415575 0.014344799922162622 -0.018206004377660897 -0.0069288415274624902 0.017986688443524319 -0.0051095898492033356 0.0066775196198753809 0.01858506498737077 -0.03106592038314044 -0.0029593080910268496 0.022329959236255029 -0.003868630059809607 0.0015863645017361852
leaf_weight=109.06544368341565 50.504001157358289 238.03925281390548 66.057918295264244 66.441784203052521 57.895183593034744 77.372540283948183 114.54675636067986 61.122235018759966 70.279233157634735 97.491464402526617 139.66152224689722 312.68648554012179 69.671372417360544 69.385289181023836 187.24887792021036 59.448036339133978 60.695222772657871 51.755287475883961 164.0925264172256 63.278236221522093 61.30383981578052 73.589756002649665 372.83237259089947 55.574001604691148 289.40819142013788 113.47298660874367 74.385843273252249 61.93119247071445 51.353260111063719 188.08054119162261 69.704085547477007 125.02607450447977 658.08612587675452 48.478681650012732 43.224687026813626 38.869273632764816 53.553776940330863 309.58609004691243 54.579741127789021 130.68245634436607 74.101271256804466 150.48945577070117 64.971028462052345 99.142833614721894 135.54222233965993 220.65314736030996 121.95713274367154 87.331597570329905 534.60950582660735 122.69454583711922 218.9674865193665 50.195105008780956 97.048770265653729 131.9044586867094 127.44936797954142 57.941858787089586 61.977770844474435 84.002694435417652 81.318670850247145 203.46159978955984 84.018722236156464 61.141170352697372 80.122923072427511 100.5108954180032 69.142214827239513 47.330476129427552 323.75538766570389 182.89390958473086 56.45869130268693 67.829423664137721 76.170723412185907 600.22031896188855 75.209954733029008 36.690563084557652 74.498391160741448 249.05181192606688 585.38024647720158 107.03816096484661
leaf_count=1076 838 7585 687 639 695 701 1032 437 694 1006 1477 3139 715 694 1866 505 559 532 1786 790 917 622 4028 703 2986 1119 770 647 563 2148 690 1374 8857 532 589 685 654 3833 784 1562 1007 1770 648 1248 1579 2729 1669 1006 6651 1746 2598 656 1097 1498 1482 601 722 1034 1003 2481 1043 738 965 1295 788 687 4075 2015 631 677 886 7396 896 496 908 2713 7339 1576
internal_value=0 -0.00255249 -0.00400594 -0.0016128 0.00619497 0.0206143 -0.00402679 0.00621459 -0.00591369 -0.00757821 -0.00900835 -0.0124869 -0.00462288 0.00141485 -0.0103381 -0.00544505 -0.0140916 -0.0212567 0.000711251 0.00408872 0.00638922 0.0075068 0.00105471 0.0172867 0.0118222 0.00606754 0.0140006 -0.00393443 -0.00940424 -3.51055e-06 -0.0140426 -0.00778541 0.000411299 -0.00199697 0.000247428 -0.0016764 -0.00546935 0.00117807 0.00515972 0.0018522 -0.00297317 0.000568375 -0.00330415 0.00542199 -0.00829885 -0.00610263 -0.0197152 0.0219717 -0.00250759 -0.00291488 -0.00510417 -0.000564134 0.0111935 0.0101509 0.010242 -0.0158339 0.0263789 -0.00825287 0.00170446 -0.00160334 0.00153715 -0.000767199 -0.0075477 0.0040186 -0.00687586 0.00299795 0.0103344 -0.0123059 0.00964402 0.013718 0.00563628 0.0018209 -0.00221647 0.00364256 0.00908162 0.0163939 0.00143404 -0.00704721
internal_weight=0 2050.81 1812.77 1236.42 285.712 143.814 950.709 240.467 131.401 710.242 576.348 436.686 595.696 287.02 308.676 189.529 120.143 121.427 8612.88 1512.9 1297.46 1236.15 501.996 129.164 734.158 444.75 249.837 194.914 215.446 7099.97 132.982 361.585 6738.39 236.559 6687.88 2867.55 1237.09 1630.46 831.972 701.416 443.284 369.183 314.603 164.114 1051.63 890.805 160.826 130.556 670.152 798.492 675.797 456.83 147.244 185.458 258.132 370.628 136.364 141.898 3820.33 1063.07 859.607 775.589 324.158 451.431 150.461 2757.26 371.086 263.017 300.97 244.511 144 2386.18 733.296 1652.88 467.279 323.55 1185.6 143.729
internal_count=129865 25674 18089 12185 3069 1340 9116 2207 1131 6909 5904 4427 5877 2764 3113 1758 1064 1247 104191 16343 13994 13077 5353 1325 7724 4738 2611 2127 2349 87848 1480 4054 83794 2680 82956 35491 15465 20026 10096 8501 5457 4450 3666 1896 13313 10959 2354 1595 8230 9930 8184 5586 1753 2152 3044 3740 1492 1729 47465 12522 10041 8998 3718 5280 1791 34943 4762 2980 3489 2858 1563 30181 9753 20428 5693 3621 14735 2072
is_linear=0
shrinkage=0.0454652


Tree=34
num_leaves=79
num_cat=0
split_feature=11 23 3 16 2 8 8 9 7 7 22 2 16 8 22 10 3 23 0 0 12 2 10 10 21 16 2 0 2 2 2 21 22 23 6 12 16 0 7 8 12 16 2 22 2 16 3 3 11 12 2 0 33 3 16 16 7 7 2 12 10 21 7 9 16 21 21 8 2 23 3 6 3 21 16 3 11 23
split_gain=9.71399 5.79655 16.0352 10.0714 14.2269 9.81209 7.68738 7.60347 6.30809 16.3519 4.97521 4.58034 6.28827 5.79302 5.50081 5.22059 7.18334 11.5206 6.45225 4.48016 4.04006 7.34296 3.91705 11.0716 10.1115 9.73823 9.27314 14.6313 10.0833 9.2182 12.4232 7.11148 10.9573 11.503 7.83378 6.9075 11.1442 13.5724 14.3524 13.4731 10.8981 8.73664 8.68674 6.71555 6.24476 6.97166 7.64368 5.53354 10.7086 11.7492 16.8473 15.6651 10.9296 10.7608 11.1996 10.5586 10.5258 15.7452 15.1145 10.1552 8.66365 9.94103 10.2122 8.39849 8.29998 8.22296 7.98813 10.5792 8.25306 7.37623 10.8297 13.7486 10.4568 15.778 13.6339 10.7417 8.26396 7.54614
threshold=0.0081075169146060961 0.45811107754707342 0.58964040875434887 0.22564597427845004 0.82768267393112194 0.53993025422096264 -0.23358179628849027 0.16347768902778628 1.8842623233795168 10.443194866180422 1.8267650604248049 1.7792429924011233 0.60018283128738414 1.2772230505943301 -0.0082215596921741945 0.060760712251067168 0.66123738884925853 0.71290576457977306 0.93960925936698925 0.67129418253898632 -0.008450457360595463 0.70480775833129894 0.24923820793628695 0.30352327227592474 12.020509243011476 0.88187456130981456 1.4518699645996096 1.1748171448707583 2.0561733245849614 2.2423862218856816 1.6802925467491152 8.9189295768737811 -0.42688959836959833 0.94437250494956981 7.4326405525207528 0.073412269353866591 0.74844610691070568 0.88981246948242199 -2.1845506429672237 -2.1681967973709102 0.093999505043029799 0.95875322818756115 1.7122570276260378 -0.53989857435226429 0.84281313419342052 0.88187456130981456 0.51196184754371654 0.39967077970504766 0.090900529175996794 -0.03817887790501117 0.98018494248390209 0.81671139597892772 0.89692735671997081 0.2441363409161568 0.74141436815261852 0.75905582308769237 12.81783962249756 3.1408286094665532 0.91419366002082836 0.021916427649557594 0.10634889081120492 -2.6191767454147334 11.302720546722414 0.25841635465621954 0.75905582308769237 4.3713374137878427 0.49888315796852117 -0.33471436798572535 1.315403997898102 1.4243971109390261 0.90247163176536571 -4.0081651210784903 0.74662110209465038 5.3681926727294931 0.78222069144248974 0.68240180611610424 0.032962074503302581 0.96668884158134472
decision_type=2 2 2 2 2 2 2 2 2 2 2 2 2 2 2 2 2 2 2 2 2 2 2 2 2 2 2 2 2 2 2 2 2 2 2 2 2 2 2 2 2 2 2 2 2 2 2 2 2 2 2 2 10 2 2 2 2 2 2 2 2 2 2 2 2 2 2 2 2 2 2 2 2 2 2 2 2 2
left_child=10 2 3 -2 5 8 -6 -4 -5 -10 11 12 15 14 19 20 17 -17 -18 -14 -1 -22 24 26 31 -26 -24 43 -29 30 -25 35 34 -34 -33 41 37 40 -39 -38 -37 47 -41 -28 -35 -46 -47 48 52 50 -50 53 55 54 -51 -3 57 -49 -58 -60 61 -54 64 69 -63 -66 67 -65 -68 70 71 77 73 74 75 76 -73 -59
right_child=1 22 7 4 6 -7 -8 -9 9 -11 -12 -13 13 -15 -16 16 18 -19 -20 -21 21 -23 23 29 25 -27 27 28 -30 -31 -32 32 33 44 -36 36 39 38 -40 42 -42 -43 -44 -45 45 46 -48 56 49 51 -52 -53 60 -55 -56 -57 58 63 59 -61 -62 62 -64 66 65 -67 68 -69 -70 -71 -72 72 -74 -75 -76 -77 -78 -79
leaf_value=-0.013585402701515138 -0.0090735060912490971 0.0096887123147857135 -0.017478144794129999 0.022733311994756228 0.03928403857203628 -0.0098421771938140643 0.012201712703577018 0.0030174141891528058 -0.014645969838388626 0.022505049266259854 0.0094654196697787178 -0.018649918007129642 -0.0044195190950386499 0.0016241876381304801 0 -0.0070436550718391121 0.0073584034418457088 0.021708507336024602 -0.014188399554730212 -0.02259866726644906 -0.012033314788660026 0.01142473699612442 -0.0027824756308047001 -0.011006500959112929 0.0061311705633105831 -0.011813567940233949 0.0057781121554614104 0.016781086575634509 -0.0084114093625856923 -0.012576083568349277 0.01749742035415967 0.0046340606182169565 -0.010153766640453083 0.020016283452172504 0.022791135656422965 0.0011054363002215499 0.0068403364645861359 -0.021138956725079608 0.0042366892907038647 -0.017031216488768666 0.029472208765284204 0.011338125268609396 0 0.024957614903970447 0.011622307928736496 -0.017408683117773181 0.0032476810207951907 -0.00053379923885858542 -0.031510795413583814 0.015828925535760607 0.0019103919857757015 -0.0015796495546739051 0.00086342134938887781 0.019014550950762578 -0.014705532343331827 -0.016308661565995145 -0.02185434608446676 0.0019832646929576372 -0.014229621906866424 0.0084276423267174872 0.0023114941124808656 -0.017484686492392244 0.005401973842057782 -0.0014461609042009894 0.0074955272764057716 -0.015515355765292999 -0.00042263289527479087 0.025664407213112042 -0.01991687203125872 -0.0009487627623698488 0.029042048209734689 -0.0041894702199450793 -0.0040262559402535385 -0.0040944688429629958 0.026747380994397878 0.029981214010018575 0.011043662521835911 -0.019600941296909698
leaf_weight=85.355188665911555 42.514080826193094 157.78767077811062 72.128134809434414 60.703463103622198 51.015551548451185 54.576478589326143 56.271995604038239 64.883352486416698 45.664621103554964 43.372080508619547 41.027760809287429 51.930502137169242 49.921963004395366 59.611747054383159 44.017601070925593 39.511241069063544 45.535895593464375 74.991966597735882 59.870490977540612 110.49685404077172 51.093000134453177 50.989577919244766 122.32127817161381 51.97430301271379 74.566145518794656 266.26504288055003 66.108080007135868 45.331319475546479 93.82080059684813 128.0788392983377 66.030391685664654 120.89575344882905 136.53972470201552 48.038983758538961 94.028096672147512 66.828007342293859 82.878904739394784 69.045054197311401 115.981504637748 262.08244239352643 49.837887620553374 140.48564902693033 87.984936837106943 135.17402156814933 99.172090811654925 50.449878878891468 104.84047196805477 3148.2275247238576 44.993782799690962 43.621959839016199 77.630347354337573 361.08971085958183 144.33257223665714 180.39639014564455 47.693006599321961 35.434102226048708 96.503995234146714 84.071608535945415 59.308838099241257 110.76286835409701 149.14378218725324 384.91630997508764 55.348958134651184 62.218539835885167 62.841328732669353 55.735639814287424 306.96367285400629 47.377922613173723 49.737074844539165 186.23229864798486 49.148796604946256 90.152896717190742 93.040967071428895 104.04112801887095 146.03680536709726 48.082492301240563 291.86069246008992 47.522828247398138
leaf_count=1117 648 4955 1092 750 584 675 702 945 619 517 462 666 709 725 558 530 579 1037 700 1392 614 674 1374 552 1162 3042 720 505 1154 1754 670 1160 1477 438 1002 944 920 784 1611 3028 602 1412 1046 1569 1257 559 1171 37926 560 769 1232 4236 1403 2156 651 1105 1023 1033 749 1263 1736 3974 555 713 682 591 3409 519 690 2137 587 1042 980 1225 1455 523 3234 565
internal_value=0 0.000430683 0.00522836 0.010366 0.0132558 0.00569149 0.026486 -0.00762017 0.0117813 0.00312079 -0.00487526 -0.00580433 -0.00463176 -0.0100596 -0.0136655 -0.000929858 0.00365407 0.0114749 -0.00450735 -0.0174881 -0.00652583 0 0.000172693 0.00341427 -8.75247e-05 -0.00772012 0.00757256 0.0114237 0 -0.00420629 0.00459532 0.000221757 0.00476068 0.000496293 0.0130774 -0.000159854 -0.00434415 0.0022212 -0.00522671 -0.00900873 0.0142144 0.000276918 -0.0129344 0.0191362 0.00553375 0.0023379 -0.00343119 3.53473e-05 -0.00211639 0.00195589 -0.0105883 0.00451562 -0.00510134 0.0126962 0 0.00443497 0.000817901 0.00132208 -0.00787882 9.78664e-05 -0.00733103 -0.00944673 -0.0121831 0.00498147 -0.0142403 -0.00307929 -5.80942e-05 0.0103456 -0.00347079 0.00707794 0.0086932 0.00740863 0.00973934 0.0117064 0.0146526 0.0102206 0.0073161 -0.00580742
internal_weight=0 9892.15 491.13 354.118 311.604 204.317 107.288 137.011 149.74 89.0367 764.354 723.326 671.396 264.048 204.436 407.347 219.91 114.503 105.406 160.419 187.438 102.083 9401.02 708.839 8692.18 340.831 462.755 340.434 139.152 246.084 118.005 8351.35 653.965 439.041 214.924 7697.38 734.639 301.692 185.027 432.946 116.666 6962.74 350.067 201.282 302.501 254.462 155.29 6822.26 1800.97 755.425 122.624 632.801 1045.54 271.711 91.315 193.222 5021.29 4754.72 266.576 170.072 852.319 703.175 558.842 1606.49 503.493 118.577 466.297 109.596 356.701 1140.19 953.958 904.809 773.215 680.174 576.133 430.096 382.014 131.594
internal_count=129886 120123 6532 4495 3847 2561 1286 2037 1886 1136 9763 9301 8635 3384 2659 5251 2846 1567 1279 2101 2405 1288 113591 8298 105293 4204 5322 3948 1659 2976 1222 101089 7064 4902 2162 94025 8935 3941 2395 4994 1546 85090 4074 2289 3425 2987 1730 83678 24605 9604 1792 7812 15001 3576 1420 6060 59073 56038 3035 2012 8941 7205 5802 18112 5247 1273 5331 1232 4099 12781 10644 10057 8459 7479 6254 4799 4276 1598
is_linear=0
shrinkage=0.0454652


Tree=35
num_leaves=79
num_cat=0
split_feature=29 14 15 7 3 27 28 29 3 14 15 14 7 7 0 28 27 3 15 0 14 28 3 14 18 14 3 15 30 28 15 3 30 27 0 9 28 7 30 14 7 7 7 18 3 18 14 8 7 0 15 27 29 29 18 0 18 27 18 3 18 29 3 9 29 29 15 3 15 29 29 3 18 3 30 18 27 15
split_gain=14.964 8.16622 7.86243 6.78675 6.3888 17.871 12.2379 21.4164 11.6338 15.6149 12.0139 13.6825 11.3612 12.0807 9.80983 16.0655 12.1566 9.44098 10.9434 11.6417 10.9938 9.16394 19.7017 12.0336 17.9952 15.198 16.1781 23.0308 22.0033 26.0275 15.7594 15.3446 14.4896 13.7465 12.1354 11.9934 11.9891 13.2471 11.5673 11.3882 11.4855 15.0693 14.9167 14.9459 12.4832 13.2501 10.8449 11.2237 10.7264 10.1637 9.88404 13.9183 19.3988 34.0333 21.3413 13.7474 18.7223 12.2889 12.5837 9.44043 13.7944 9.03494 8.78022 8.85586 8.56868 8.49644 8.45995 8.17932 11.0714 14.1564 9.29543 8.66699 8.35453 8.18025 10.7766 7.93637 7.93245 7.92707
threshold=-0.60785761475563038 -27.471098899841305 3.03551197052002 0.87793201208114635 0.72657498717308056 0.45201864838600164 0.56457334756851207 0.87837970256805431 0.68240180611610424 -0.94388639926910389 2.3200610876083378 -13.021670341491697 5.5721151828765878 2.0104118585586552 1.2395598292350771 0.24825246632099154 -0.09801131114363669 0.8438517451286317 14.516221046447756 1.5685115456581118 -14.169219970703123 -0.72982063889503468 0.26738095283508306 -2.8084579706192012 90.500000000000014 -7.7539291381835929 0.32613314688205725 4.2461018562316903 1.0000000180025095e-35 0.75894212722778331 25.627544403076175 0.29774120450019842 -0.56174489110708226 0.97854062914848339 0.7855551838874818 0.14573393017053607 0.11969653144478799 0.11966655030846597 0.81174489855766307 -18.286843299865719 14.733240127563478 1.8842623233795168 -4.1547579765319815 27.500000000000004 0.45225353538990026 84.500000000000014 -3.0256282091140743 -0.23358179628849027 -4.9406142234802237 0.8753192424774171 5.5285081863403329 -0.24825246632099149 1.0000000180025095e-35 0.6078576147556306 79.500000000000014 0.94272372126579296 17.500000000000004 -0.11969653144478797 64.500000000000014 0.41110651195049291 38.500000000000007 1.0000000180025095e-35 0.49724258482456213 0.17772658169269565 1.0000000180025095e-35 1.0000000180025095e-35 8.5409426689147967 0.93399435281753551 4.2461018562316903 -1.0000000180025095e-35 0.6078576147556306 0.90623641014099132 76.500000000000014 0.8690147101879121 1.0000000180025095e-35 71.500000000000014 0.69930991530418407 3.7500249147415166
decision_type=2 2 2 2 2 2 2 2 2 2 2 2 2 2 2 2 2 2 2 2 2 2 2 2 2 2 2 2 2 2 2 2 2 2 2 2 2 2 2 2 2 2 2 2 2 2 2 2 2 2 2 2 2 2 2 2 2 2 2 2 2 2 2 2 2 2 2 2 2 2 2 2 2 2 2 2 2 2
left_child=3 2 -2 -1 8 6 17 12 21 10 -10 -12 13 -8 15 -13 -17 18 19 -6 -21 22 38 25 33 26 27 -23 29 31 36 48 34 -25 -26 -32 -27 62 -3 -24 41 42 43 -41 45 -43 47 -42 -29 61 55 65 54 -54 -53 57 -57 58 77 60 -55 -44 63 -38 -48 66 -52 68 -19 -70 72 73 -69 74 -71 -61 -58 -28
right_child=1 4 -4 -5 5 -7 7 -9 9 -11 11 14 -14 -15 -16 16 -18 67 -20 20 -22 23 39 24 32 30 50 28 -30 -31 35 -33 -34 -35 -36 -37 37 -39 -40 40 46 44 49 -45 -46 -47 64 -49 -50 -51 51 52 53 59 -56 56 76 -59 -60 75 -62 -63 -64 -65 -66 -67 -68 70 69 71 -72 -73 -74 -75 -76 -77 -78 -79
leaf_value=-0.025891170724983776 -0.00037048813790030476 0.027829577934795038 -0.025476514518083505 -0.0040057177605203288 -0.012120517715565927 -0.0085494026017261752 0.00076423120235332093 0.021446620024630717 -0.010471644209872767 -0.015364195910306126 0.034310613246745399 0.022348107135942447 -0.010900391562108555 0.025485738267061964 -0.0032025208257116162 0.012891944117464523 -0.016098061794317726 0.018176318393869739 0.004922593777677336 0.021906822954575442 -0.0050007288472100698 0.014533450360802313 -0.016878718405982374 0.011364890048067821 0.000926246374805336 0.00094710891756184562 0.009405397749612382 0.038235159181862433 -0.024339023780917304 -0.020987589817389178 0.033119030973728689 -0.010504323129714808 0.0035776704543815825 -0.0071206380748807729 -0.026658987003012318 -0.00026177480279914903 -0.016981987703105675 -0.0037958615296887666 -0.00059401623299346453 -0.010088159181174275 0.011397121433993358 -0.008601786868959807 -0.0066053967423305507 0.0072025039762421365 0.009925152145688244 0.017493272637457258 -0.004891935986431519 -0.015487947918207352 0.0021958634062425727 -0.0047415533944064822 0 0.0098975331044662673 0.035165063631900036 0.034217523581194689 -0.018159841408374403 0 0.032448044813871639 -0.008754415521050574 0.023520282495386496 -0.0065153810913410239 0.00065422452076307515 -0.031750549556268617 -0.024782490748399812 0.0086751202059716006 -0.023716032394470232 -0.0059610642878023421 0.026148666151586567 0.00010453590899989925 -0.018473530918153905 -0.005101690981069191 -0.0083610568905607158 0.021170963535924826 0.023239983712609096 -0.0098102985553998982 0.02349771359402102 0.014051072952752486 0.0069917410840874567 -0.015157611017087708
leaf_weight=59.526575352996588 63.155930008739233 66.105025451630354 45.037936363369226 69.263362124562263 416.89510834030807 565.02321568131447 198.43495944514871 141.17529604770243 45.701996050775051 49.173490475863218 51.754423752427101 166.9558314345777 113.63377527706325 49.01396513171494 89.259239675477147 64.50274533778429 48.892582464963198 115.23949445970356 160.06437336280942 39.808630906045437 102.15051397308707 90.836754593998194 112.70790318027139 752.70494341477752 52.01889013312757 733.85901548713446 48.664573518559337 43.892585011199117 136.54410623945296 71.465149614959955 39.748310020193458 33.074352687224746 257.80668181553483 87.287304865196347 71.762135304510593 39.309212230145931 58.942369651049376 820.6375459227711 45.232303949072957 155.87443681620061 79.369908597320318 190.46426015906036 61.328652491793036 285.36760855279863 391.23259606957436 45.991880120709538 101.82785802334547 47.755354590713978 32.024250572547317 205.83850451372564 61.847760343924165 192.69388008676469 146.17051435634494 50.235332267358899 73.849903071299195 199.93550971522927 67.403625326231122 322.30809837393463 54.061792714521289 107.10633468441665 53.438171675428748 73.595868991687894 118.73445717804134 43.629763524979353 118.68451257050037 188.43008760549128 37.18239177390933 205.6063821837306 53.996743272989988 47.035694168880582 247.62213425338268 57.881402680650353 35.20178540982306 74.138993702828884 51.14334087446332 55.208691405132413 52.421965399757028 50.184570571407676
leaf_count=845 1196 1154 799 949 4919 5751 2225 1667 529 510 649 1849 1561 556 1091 833 611 1399 2006 547 1434 1425 1602 7366 606 8859 662 679 1796 921 536 550 2429 964 906 536 833 9853 694 1888 852 2556 814 3235 4734 609 1017 572 575 2479 739 2268 1650 571 1053 2401 804 4579 626 1163 734 910 1481 623 1254 2175 688 3186 555 591 3277 762 535 1131 537 696 670 515
internal_value=0 0.000375706 -0.0118026 -0.0149733 0.00051145 -0.00139476 0.000511745 0.00669307 0.00117645 0.00775207 0.0104014 0.0128588 0.000615777 0.00618932 0.00938228 0.013549 0 -0.00140224 -0.00527709 -0.00829961 0.00261249 0.000695861 -0.00192424 0.00169558 0.00564356 0.000480416 0.00307183 -0.00499289 -0.0108538 -7.28542e-05 -0.00252371 0.0134723 -0.00242569 0.00936102 -0.0150256 0.0167373 -0.00344505 -0.00657677 0.0162472 -0.00306521 -0.00211448 -0.000244333 -0.00447829 0.000948304 0.00494818 -0.00311248 -0.00946845 0.000758043 0.0245308 -0.0115745 0.00497429 0.00806282 0.0115976 0.0177452 0.00178679 0.00113762 0.00841526 -0.0036875 0.0066318 0.00760466 0.0180508 -0.021202 -0.0164167 -0.00569694 -0.0154878 -0.000161114 0.0102006 0.0016904 0.00651406 0.00142532 -0.00217664 0.00654184 0.00401698 0.000974915 0.00966283 0.000360021 0.0223026 -0.00269771
internal_weight=0 10525.3 108.194 128.79 10417.1 2674.07 2109.04 502.258 7743.04 516.24 467.067 421.365 361.083 247.449 369.61 280.351 113.395 1606.78 718.919 558.854 141.959 7226.8 1981.38 5245.42 1221.58 4023.84 2168.98 407.837 317 180.456 1854.86 108.991 381.588 839.992 123.781 79.0575 1775.8 1041.94 111.337 1870.04 1757.33 1409.69 782.005 441.242 627.689 236.456 347.638 127.125 75.9168 340.763 1761.14 966.163 678.703 412.159 266.544 794.98 319.761 475.219 152.911 265.989 103.674 134.925 221.307 102.572 220.512 287.46 99.0302 887.866 399.436 284.196 488.43 230.199 240.808 172.318 98.179 162.315 119.826 98.8491
internal_count=129802 128008 1995 1794 126013 32639 26888 6009 93374 6072 5562 5033 4342 2781 4384 3293 1444 20879 8906 6900 1981 87302 24370 62932 12271 50661 27940 5946 4521 2725 22721 1804 3941 8330 1512 1072 21649 12790 1848 22522 20920 17225 9326 5123 7899 3165 3695 1424 1254 4203 21994 11737 8135 4814 3321 10257 3875 6382 1803 3164 1305 1724 2937 1456 2271 3602 1427 11973 4975 3576 6998 3021 3721 2259 1128 1859 1474 1177
is_linear=0
shrinkage=0.0454652


Tree=36
num_leaves=79
num_cat=0
split_feature=11 27 28 18 3 0 20 29 3 13 0 20 29 0 9 5 13 11 3 28 27 28 13 3 3 3 27 3 11 3 3 30 5 7 16 13 13 3 13 27 27 27 11 28 29 13 18 28 3 13 27 30 11 0 29 29 28 30 16 20 30 16 5 27 4 11 16 29 3 27 9 13 27 13 28 3 3 3
split_gain=11.4332 12.2504 10.5765 10.9397 15.5744 14.9348 10.8067 6.86915 8.39474 6.25655 8.55778 8.81414 7.619 6.95667 5.7817 5.68251 13.2892 9.81687 10.7071 16.4082 10.3869 11.982 16.8678 9.00849 26.9638 6.91059 26.2787 7.38717 16.6803 15.1942 13.6053 10.4908 13.4239 9.71752 14.6772 8.82121 18.908 14.303 11.8931 11.5929 11.2621 9.91098 16.5098 15.5209 26.1294 14.1132 10.8498 8.02304 15.6178 8.35569 7.97246 10.3722 12.9491 11.9409 7.81431 10.6927 8.05913 9.15565 7.88037 7.48996 7.26071 7.03918 6.96673 6.81953 6.46763 6.35813 10.574 12.433 10.7871 7.82073 6.71045 6.45576 10.9636 8.73331 15.9825 22.8967 35.5246 15.6239
threshold=0.01019480684772134 0.43245348334312445 0.7298206388950349 59.500000000000007 0.54729264974594127 0.80251190066337597 -2.4118114709854122 -0.60785761475563038 0.68240180611610424 -0.010710200294852255 0.73525437712669384 -0.97715473175048817 1.0000000180025095e-35 0.88981246948242199 0.65510264039039623 1.1921598315238955 0.097358565777540221 0.14319384843111041 0.30291782319545751 0.77296444773674022 0.95032352209091198 -0.74455857276916493 0.063758470118045821 0.46541570127010351 0.33904173970222479 0.34118050336837774 0.75894212722778331 0.52634099125862133 0.056383606046438224 0.47589810192584997 0.36362852156162268 -0.56174489110708226 4.4143018722534189 16.259444236755375 0.87905949354171764 0.02925969380885363 0.01946341618895531 0.57198828458786022 -0.0039793225005269042 -0.16288578510284421 -0.92794367671012867 0.26932403445243841 0.046898368746042259 -0.032717135734856122 0.6078576147556306 0.0038848443655297164 64.500000000000014 -0.43245348334312433 0.79380640387535106 0.036110805347561843 -1.0000000180025095e-35 1.0000000180025095e-35 0.02625379711389542 0.97891840338706981 0.87837970256805431 0.6078576147556306 -0.90159028768539418 0.81174489855766307 0.47331173717975622 5.8761663436889657 1.0000000180025095e-35 0.90397462248802196 3.9177170991897587 -0.72982063889503468 2.3699537515640263 0.1364923641085625 0.057429064065217979 0.6078576147556306 0.32613314688205725 -0.24825246632099149 0.30159430205821997 -0.064535267651081071 -0.66746801137924183 -0.023784829303622242 0.41268247365951544 0.72962960600852977 0.30527907609939581 0.84615448117256176
decision_type=2 2 2 2 2 2 2 2 2 2 2 2 2 2 2 2 2 2 2 2 2 2 2 2 2 2 2 2 2 2 2 2 2 2 2 2 2 2 2 2 2 2 2 2 2 2 2 2 2 2 2 2 2 2 2 2 2 2 2 2 2 2 2 2 2 2 2 2 2 2 2 2 2 2 2 2 2 2
left_child=1 9 3 4 -3 -5 -6 8 -2 -1 11 -11 -12 -14 15 16 65 18 19 -17 21 22 -19 24 -23 26 -20 28 54 30 -30 -31 -33 34 -32 36 38 39 40 -37 -29 43 45 46 -45 -43 64 49 63 -39 51 52 -42 -53 55 56 -27 58 -58 -50 -35 -51 -48 -49 -40 71 70 -68 -69 -70 -67 72 -9 74 77 76 -76 -73
right_child=7 2 -4 5 6 -7 -8 14 -10 10 12 -13 13 -15 -16 17 -18 20 25 -21 -22 23 -24 -25 -26 27 -28 35 29 31 33 32 -34 60 -36 37 -38 47 41 -41 50 42 -44 44 -46 -47 62 48 59 61 -52 53 -54 -55 -56 -57 57 -59 -60 -61 -62 -63 -64 -65 -66 66 67 68 69 -71 -72 73 -74 -75 75 -77 -78 -79
leaf_value=-0.017048914751692457 -0.019379088466314715 0.0053480796142269908 0.021055948047597042 -0.0071113921376608959 -0.0026366822889460763 0.021976206265827442 -0.032588486923113016 0.0095740304038297031 0.0054038162924545203 -0.011651677343190368 -0.018984559287351918 0.013645462974499841 -0.017485167326532262 0.00056883309701633055 -0.011317204648187579 0.020447181783514682 0.015210411144998404 0.0060773176896631725 -0.018555134107634964 -0.0073245472707291134 -0.021942712033031674 -0.009497163605567684 -0.027325940077793653 -0.0042921077003572426 0.024127457518496553 -0.0025441180305345395 0.019142415040276129 -0.016387063065110643 0.015777590245136162 0.027502548400961266 -0.0029670253275516476 0.016293236741347184 -0.013223954046048135 -0.0061645797906963815 -0.024758408211961191 -0.021386355776088169 -0.010950167399647595 0.015010050190161151 0.0010807124274636263 0.0058072352968269797 -0.0031168854390575002 0.027806882781505286 -0.017258678977224908 0.0013069358812611734 0.039135110740430051 -0.0029593283846281715 -0.0014110040233783385 0.027392296115632965 -0.015279417633066833 0.005473761002475608 -0.0051314810610295679 0.0070411350311168214 0.023466461990596273 -0.02174707162156907 0.025707130748331173 -0.0045192232904437057 0.026168361197859393 0.032303024344219687 0.0029403159461622386 0.0085537013002073125 0.017623438802738377 -0.01571291847412443 0.019760863598932161 0.01028125518516455 -0.020994485602798239 -0.022614494266119549 0.016242958117300428 -0.019196453429994976 -0.0052397306764853891 0.017820973015527111 0.0017526577926650396 -0.0034651103239919604 -0.017292358288782766 -0.0017619026963306408 -0.012755257174571339 -0.012534714291998213 0.023466434553176319 0.018492423455885178
leaf_weight=144.32216682098806 72.467117937281728 89.679917491972446 46.42310624755919 62.667283106595278 49.963439833372831 73.387743653729558 56.775177421048284 37.447652295231819 38.390184042975307 38.925555676221848 113.66927501931787 75.335701702162623 54.480207003653049 159.06573645584285 77.794538322836161 153.95288481935859 109.28796160966158 47.973886054009199 115.96184555627406 55.413116769865155 53.110641362145543 82.005362141877413 70.966792052611709 187.25172273442149 108.59282833524048 44.236592711880803 51.292391199618578 96.165770418941975 60.913025915622711 58.301264701411128 191.49739516712725 71.819047665223479 49.705443477258086 47.230560425668955 97.896735765039921 61.18676989339292 292.97645367868245 55.508904447779059 60.941919568926096 57.54109250754118 55.066871648654342 45.360846076160669 79.206543613225222 73.865419279783964 80.249906864017248 73.791984774172306 45.022778809070587 119.61701422184706 42.767152935266495 54.544183483347297 278.36387558095157 69.996676163747907 95.20184357650578 44.582236927002668 81.402571087703109 79.290866063907743 42.854354934766889 61.910542290657759 105.11401277035475 59.868245650082827 47.714383622631431 63.810515388846397 78.727834783494473 111.84866102784872 40.309449104592204 37.134858502075076 184.91336181946099 43.860975490882993 53.241238443180919 56.805337976664305 45.112808084115386 640.18842268362641 112.2684666570276 3624.7322005964816 67.193276857957244 68.864208260551095 247.96000369079411 70.394765418022871
leaf_count=1906 1009 1279 563 902 498 875 691 476 544 541 1437 1029 600 1995 931 2224 1395 601 1380 691 562 933 821 2358 988 593 692 1201 751 645 2311 742 562 652 1014 653 3205 611 786 571 634 561 960 854 818 831 558 1283 680 645 3172 783 998 621 961 1088 521 715 1311 689 428 675 929 1315 566 648 2440 542 758 578 664 7602 1705 44359 861 823 3043 945
internal_value=0 -0.00464104 0.00161414 -0.00117821 -0.00810157 0.00841356 -0.0196225 0.000538282 -0.0104853 -0.00875277 -0.00579976 0.00451054 -0.00955851 -0.00405475 0.000675347 0.000783481 -0.00017755 0.00205898 0.00294159 0.0128688 -0.00353533 -0.00130713 -0.013702 0.00257169 0.0095141 0.00229048 -0.00652884 0.00277798 0.00592546 0.00112731 -0.00330074 0.0121863 0.00379445 -0.00658415 -0.0107469 0.00121487 -0.000640956 0.00573847 0.00182953 -0.0080551 -0.00238117 0.00655943 -0.00144745 0.0108468 0.0218149 0.0088909 0.00286623 0.00909629 0.0131891 0.000835039 0.000113007 0.00580075 0.0135841 -0.00411223 0.0129579 0.00942704 0.0139702 0.0176611 0.0105107 -0.00112497 0.00553131 -0.0056937 0.0118776 0.0196527 -0.007718 -0.000516154 0.00479715 0.00841476 -0.000858542 0.00644845 -0.00923361 -0.000989288 -0.0101794 -0.00067886 0.00285641 0.0102897 0.0155265 -0.00112833
internal_weight=0 964.695 378.897 332.474 196.419 136.055 106.739 9690.99 110.857 585.799 441.476 114.261 327.215 213.546 9580.13 9502.34 5399.41 4102.93 3553.03 209.366 549.901 496.791 118.941 377.85 190.598 3343.66 167.254 3176.41 1039.89 625.078 445.252 179.826 121.524 384.339 289.394 2136.52 1509.83 626.693 1216.85 118.728 639.377 577.477 198.359 379.117 154.115 119.153 225.002 507.965 334.101 173.864 543.212 264.848 150.269 114.579 414.809 333.406 254.116 209.879 147.968 102.635 94.9449 118.355 123.751 231.466 101.251 5290.12 421.069 338.821 153.908 110.047 82.2477 4869.05 149.716 4719.33 1094.6 384.017 315.153 710.583
internal_count=129782 12316 4808 4245 2468 1777 1189 117466 1553 7508 5602 1570 4032 2595 115913 114982 66839 48143 41880 2915 6263 5701 1422 4279 1921 38965 2072 36893 12294 7105 5156 1949 1304 4405 3325 24599 17477 7122 14272 1224 7409 6863 2352 4511 1672 1392 2839 5898 3967 1931 6208 3036 1632 1404 5189 4228 3140 2547 1832 1369 1080 1320 1487 2598 1352 65444 5630 4318 1878 1336 1312 59814 2181 57633 13274 4727 3904 8547
is_linear=0
shrinkage=0.0454652


Tree=37
num_leaves=79
num_cat=0
split_feature=7 15 13 13 27 21 12 22 10 11 2 12 2 13 18 2 18 12 12 16 13 31 10 2 21 16 10 27 27 27 18 12 22 16 15 18 21 27 16 7 22 22 16 5 11 16 2 13 2 13 27 18 2 2 12 12 12 18 13 5 16 22 18 2 13 16 10 16 22 2 13 15 11 12 27 2 18 2
split_gain=7.28038 20.474 13.8863 15.4836 21.0559 29.3941 25.1882 14.1805 13.5351 11.6775 23.4448 36.1221 13.7275 15.4385 13.8354 14.9816 13.4359 11.5161 10.8859 10.5681 10.4139 10.2811 10.7923 10.0837 13.2989 9.1818 9.17396 9.16688 15.5821 9.63863 11.0224 9.2361 9.14211 9.0293 8.92721 13.2004 9.47227 9.00794 8.99685 8.52523 7.64704 9.36066 7.67206 10.7546 7.62626 9.68956 17.2398 11.4345 22.9408 22.0895 15.7691 17.4608 13.4492 13.9343 9.4259 8.39572 8.53175 7.63698 7.5517 7.46106 7.40181 7.04964 8.27767 9.83473 14.7564 16.6705 12.4218 6.90088 6.88991 8.91526 6.71103 14.1975 19.7678 13.9872 9.20631 10.3866 9.16734 8.05636
threshold=1.50647509098053 12.91022300720215 -0.025409232825040814 -0.01319830399006605 0.18436925113201144 -2.9377068281173702 -0.034538801759481423 -0.11883141100406645 0.11167806759476663 0.080483689904212966 1.7959716320037844 -0.030345926992595192 0.60779953002929699 -0.058184659108519547 36.500000000000007 1.0012817382812502 30.500000000000004 0.0025495348963886504 -0.14383570849895475 0.77571329474449169 -0.050489019602537148 1.0000000180025095e-35 0.13961248844861987 0.92356067895889293 -0.056693462654948228 0.28861203789711004 0.041093429550528533 0.60003554821014415 1.0000000180025095e-35 0.93585023283958446 36.500000000000007 0.032777322456240661 -0.2129838019609451 0.3691782951354981 11.146673679351808 51.500000000000007 1.6453498601913454 0.88186877965927135 0.60018283128738414 1.0000000180025095e-35 -1.1522299051284788 -0.89333295822143544 0.87623739242553722 0.50113943219184887 0.043415283784270293 0.38214336335659033 0.99629825353622448 0.013473907951265575 1.7959716320037844 -0.0039793225005269042 0.91959547996521007 49.500000000000007 0.51078063249588024 0.89092406630516063 -0.071105122566223131 -0.065165612846612916 0.0051620793528854856 19.500000000000004 -0.020121152512729164 0.54273119568824779 0.32193347811698919 -1.0199198722839353 18.500000000000004 0.83811452984809887 -0.071130231022834764 0.16026768833398822 0.21903480589389804 0.051726995036005981 -0.88250669836997975 0.78364792466163646 0.030748470686376098 13.086767673492433 0.064864818006753935 -0.011865052394568918 -0.98658463358879078 1.4518699645996096 59.500000000000007 0.76136308908462536
decision_type=2 2 2 2 2 2 2 2 2 2 2 2 2 2 2 2 2 2 2 2 2 2 2 2 2 2 2 2 2 2 2 2 2 2 2 2 2 2 2 2 2 2 2 2 2 2 2 2 2 2 2 2 2 2 2 2 2 2 2 2 2 2 2 2 2 2 2 2 2 2 2 2 2 2 2 2 2 2
left_child=1 2 8 4 5 58 7 -6 9 10 11 16 13 -11 15 -14 -1 26 -5 34 25 39 -23 24 -19 -16 -8 28 31 30 -29 60 -7 -32 35 38 -36 68 -20 -3 42 59 43 -2 45 46 -43 48 49 -47 51 55 -51 -54 -46 -49 57 -57 -4 -42 -13 -10 67 -64 65 -65 -66 -63 -37 -70 77 72 76 -73 75 -75 -72 -56
right_child=40 21 3 18 6 32 17 -9 61 12 -12 27 14 -15 20 -17 -18 23 19 -21 -22 22 -24 -25 -26 -27 -28 29 -30 -31 33 -33 -34 -35 36 37 -38 -39 -40 -41 41 44 -44 -45 54 47 -48 50 -50 52 -52 -53 53 -55 70 56 -58 -59 -60 -61 -62 62 63 64 66 -67 -68 -69 69 -71 71 73 -74 74 -76 -77 -78 -79
leaf_value=0.01518267286660805 -0.024386431086947432 -0.025857945277411094 0.0058694533050276587 0.017038499633564633 -0.027512253874050305 -0.035712323384068996 0.0022292830773807202 0 0.012287011037805558 0 -0.021105482725536903 0.00047996752154733313 -0.02703624925648691 0.033634874611986762 0.0012076984780639926 -0.00049848477122829335 0.042859583552570711 -0.020680369984129351 -0.0024239905013894291 0.015691689599652305 -0.013407683943790986 -0.01567711887972998 0.016280956715779085 0.014696823393205044 0.010446901352991263 0.024499969168758538 0.031411531789822394 0.036897663697397928 -0.012321954198937302 -0.00056000292392262242 -0.0036881518668815849 -0.0068340734024209121 -0.014644781416678304 0.022080521061846395 0.0011246880705983911 0.015532586334171079 -0.024781846968952147 0.021321831432847386 -0.017912821496914869 -0.0011881793521742953 0.00062884898115326963 -0.019247222743746031 0.0033758720345232461 0.0026565750044351979 -0.015356251971841834 -0.0065529630125407664 0.0072994212363929828 -0.010290842686767502 0.03912874856793612 -0.0096630649595823726 0.017822186003268747 -0.010146237687689217 0.026176768867541791 0.0061118637579700473 0.0033781496359996848 0.0048941744725598882 -0.0056248717796486417 0.024880694982121393 -0.010759386332786476 0.013220839305369459 0.021512170362314793 -0.0065998111503794421 0.0070408344753116392 -0.010663013207473858 -0.017430781299330029 0.027504926249870994 0.0066448934913680216 0.0060628773043357124 -0.0081861789732425826 0.006498259634779748 0.0091722236481537583 -0.009284932361045866 0.024452358597510677 0.029269638398230501 0.00080764704302940999 0.0025846253698469297 -0.015289955238476698 -0.0057485171617181552
leaf_weight=91.280580980703235 76.668434577062726 125.51872981525958 102.76186463423073 67.728578174486756 81.520947873592377 114.48308227211237 42.599171401932836 65.474771058186889 62.245580185204744 64.865351241081953 46.308483282104135 62.172003705054522 83.202641002833843 43.104893956333399 110.21719061397016 96.716118533164263 78.331677148118615 64.117638433352113 926.48694948665798 69.97308356128633 50.691681971773505 41.000510221347213 38.271993845701218 60.908978955820203 42.956193896010518 51.122040070593357 55.872873527929187 45.104663200676441 124.20641308650374 75.087372167035937 50.568668464198709 58.428020112216473 97.645514745265245 50.379347424954176 44.090616917237639 67.5334935747087 64.71913200058043 60.311899228021502 82.598889691755176 43.275498325005174 175.87805015407503 92.573287205770612 73.934329975396395 42.737347194924951 77.571201549842954 161.04122604615986 99.430336356163025 46.725043054670095 48.186310013756156 40.318856030702591 95.31691881082952 264.66214197315276 157.44612635113299 148.16917538270354 275.15737810730934 94.340431738644838 50.05865890905261 79.269936706870794 111.86792037263513 241.33898762986064 91.405037632212043 125.85966745391488 81.480295168235898 46.883099230006337 291.75011208280921 38.943142116069794 46.667523013427854 267.50349276512861 149.03489890694618 189.33020400628448 69.87985859811306 269.95572931692004 121.93428016081452 47.496463632211089 1995.2041256595403 86.02234279550612 50.781871417537332 662.77035177312791
leaf_count=1062 945 1626 1319 753 846 1413 513 656 763 960 541 776 1034 580 1561 1145 905 696 11709 773 606 586 517 782 625 641 704 536 1537 938 640 677 1261 549 609 767 913 808 1073 511 2033 1178 665 570 1154 1876 1201 541 561 593 1054 3193 1981 2028 3053 1118 581 826 1483 2472 930 1828 1217 787 3348 535 622 3443 1845 2464 905 3468 1393 473 23122 1012 599 8099
internal_value=0 -0.00114093 -0.000466159 -0.00275704 -0.00780252 -0.0148393 -0.000348315 -0.0153256 0.00213892 0.00521701 0.0087043 0.0107773 -0.000107148 0.0138433 -0.00417639 -0.0133637 0.0289529 0.0078406 -0.00025404 -0.00103176 0.00349899 -0.0137756 0 0.000210296 -0.00782881 0.00930576 0.0198546 0.00498879 8.58071e-05 0.0120897 0.0187563 0.00767635 -0.0267002 0.00906622 -0.00183964 -0.000859001 -0.0141914 0.00539589 -0.00380709 -0.0199928 0.00123411 0.0015588 -0.00751657 -0.0145446 0.00100205 0.00388044 -0.00538544 0.00543544 0.0101799 0.00704222 0.00114148 -0.00185213 0.0135131 0.0168153 -7.20535e-05 0.00611862 0.00988388 0.0146567 -0.00261377 0.00808603 0.0135402 -0.00189201 -0.0029788 -0.00682483 -0.00964351 0.00657576 -0.0139287 0.00186242 0.00272162 0 0.000262714 0.00144838 0.0118411 0.000358638 0.00161991 0.0130189 -0.0008955 -0.00301623
internal_weight=0 5044.61 4796.54 2562.02 840.209 426.758 413.451 146.996 2234.53 1273.19 773.272 726.964 499.92 107.97 391.95 179.919 169.612 266.455 1721.81 1654.08 212.031 248.067 79.2725 167.983 107.074 161.339 98.472 557.352 336.211 221.14 146.053 212.005 212.129 100.948 1584.11 1475.3 108.81 466.21 1009.09 168.794 5644.87 5451.53 193.34 119.406 5034.31 1377.54 192.004 1185.53 555.162 506.975 630.373 535.056 345.934 305.615 3656.77 270.394 223.669 173.61 214.63 417.217 153.577 961.333 899.087 505.724 424.244 85.8262 338.418 393.363 405.899 338.365 3579.2 2641.27 242.596 2398.68 2128.72 133.519 120.662 937.928
internal_count=130107 63413 60173 32012 10298 5476 4822 1502 28161 15618 9091 8550 6527 1540 4987 2179 1967 3320 21714 20961 2808 3240 1103 2103 1321 2202 1217 6583 3920 2663 1725 2383 2674 1189 20188 18666 1522 5884 12782 2137 66694 64514 2180 1515 60009 16731 2379 14352 7039 6478 7313 6259 4602 4009 43278 3066 2525 1944 2802 4505 1706 12543 11780 6509 5292 1322 3970 5271 5076 4309 42124 30972 2897 28075 24607 1485 1504 11152
is_linear=0
shrinkage=0.0454652


Tree=38
num_leaves=79
num_cat=0
split_feature=16 15 4 30 5 23 28 5 12 30 13 14 28 22 28 16 12 29 15 21 12 29 12 21 13 23 23 12 13 13 28 15 28 13 13 13 22 22 28 28 17 13 23 32 12 21 14 14 29 13 23 13 12 12 16 23 29 32 13 14 28 12 16 17 13 28 17 28 14 23 29 28 29 23 29 30 23 16
split_gain=6.87192 11.481 14.5156 8.7322 11.1514 12.2701 13.0028 9.51031 8.27828 11.909 8.53999 16.5399 9.53175 8.85146 8.20487 12.5352 8.18951 7.25982 7.06918 7.00288 6.86644 16.5779 8.83088 6.42025 6.29836 6.25708 6.91974 18.6675 24.6295 15.9579 7.02411 7.0093 6.25205 6.10283 6.04717 15.886 16.9782 14.3128 11.6406 9.406 9.26864 9.92076 13.1132 9.23746 14.5624 13.7991 11.1531 12.9556 9.91784 8.77602 8.80014 8.75503 8.24322 7.6574 7.51939 7.19055 7.16296 19.1387 23.6861 20.289 18.5574 15.7664 14.7875 13.971 13.2571 14.2006 17.4496 13.728 12.9335 24.4848 19.871 15.6898 18.5547 11.0854 9.67178 9.53332 14.791 12.6014
threshold=0.82291585206985485 12.734058380126955 -2.4931257963180538 0.81174489855766307 2.5744836330413823 0.82644504308700573 0.52803644537925731 5.9010751247406015 -0.032856961712241166 0.81174489855766307 -0.0087066902779042703 -5.71523094177246 0.16288578510284427 -0.80731749534606922 -0.91080963611602772 0.86424851417541515 0.11741728335618974 -0.60785761475563038 20.952521324157718 6.0442559719085702 0.034875439479947097 1.0000000180025095e-35 0.001944441697560251 -2.3881194591522212 0.049692569300532348 0.51998475193977367 0.94437250494956981 0.072251640260219588 0.058984497562050826 0.050871165469288833 0.58244305849075328 27.632678985595707 -0.3317298144102096 0.084633089601993575 -0.025409232825040814 -0.01319830399006605 -0.12596356123685834 -0.31678466498851771 0.43245348334312445 -0.98658463358879078 8.5000000000000018 -0.052846195176243775 0.73351800441741954 1.0000000180025095e-35 -0.034538801759481423 -4.2818303108215323 -11.403549194335936 -8.2387704849243146 0.6078576147556306 -0.020121152512729164 1.3168680071830752 -0.097032949328422533 -0.06799921020865439 0.041396679356694228 0.40329977869987493 0.7186114788055421 1.0000000180025095e-35 1.0000000180025095e-35 0.026928794570267204 -7.0960190296173087 0.24825246632099154 0.054921867325901992 0.3862151056528092 87.500000000000014 0.03176416456699372 -0.41268247365951533 56.500000000000007 0.098011311143636717 -8.7580127716064435 0.71578893065452587 0.6078576147556306 0.65106672048568737 0.87837970256805431 1.0196946859359743 0.6078576147556306 1.0000000180025095e-35 1.1687138676643374 0.50850036740303051
decision_type=2 2 2 2 2 2 2 2 2 2 2 2 2 2 2 2 2 2 2 2 2 2 2 2 2 2 2 2 2 2 2 2 2 2 2 2 2 2 2 2 2 2 2 2 2 2 2 2 2 2 2 2 2 2 2 2 2 2 2 2 2 2 2 2 2 2 2 2 2 2 2 2 2 2 2 2 2 2
left_child=1 17 -3 14 5 6 -5 24 9 -4 12 13 -10 -12 15 -2 19 23 -9 -17 22 -22 32 -1 -6 -16 27 29 30 -27 -29 -28 -15 -33 37 36 43 51 49 -37 -39 55 -43 44 -36 -45 -46 54 -49 50 -38 -19 -44 -54 -48 -42 57 58 61 60 62 63 -59 -41 65 75 -67 74 69 -68 -71 -70 -73 -61 -66 -58 77 -77
right_child=3 2 8 4 7 -7 -8 18 10 -11 11 -13 -14 20 25 16 -18 34 -20 -21 21 -23 -24 -25 -26 26 31 28 -30 -31 -32 33 -34 -35 35 39 38 40 -40 56 41 42 52 45 46 -47 47 48 -50 -51 -52 -53 53 -55 -56 -57 64 59 -60 73 -62 -63 -64 -65 67 66 68 -69 71 70 -72 72 -74 -75 -76 76 -78 -79
leaf_value=-0.0260671269361301 0.0098724084455285733 0.0068310667710905484 -0.021720970552016734 0.031825128685443821 0.0038690063396688481 0.00048681031574531765 0.0043163076025316939 0.018231220723435512 -0.0042638332417534565 0.0036744851977159329 0.026104461127903291 -0.0079951981582353591 -0.031030883975813446 0.018183461969730575 0.01032228480402016 0 0.0049387835557243367 -0.011896073063180563 0.00087995340722604265 -0.021172269560883122 0.03423434755840498 -0.0033108454532620045 -0.017434984614575585 0 -0.010947254574035344 0.0098432231028164393 0.0050688482036407153 -0.025347069316128547 0.0032900069624788261 -0.0059379976320981052 -0.0045599834919935319 -0.018685555409265708 -0.0048942937149839471 0.0036771149740910543 -0.021748017760854197 0.0099950507094128532 -0.0027949269385604187 -0.012315219380542218 0.019404621441969052 -0.0090084945205514411 0.010834228954747756 -0.014037846369161673 -0.00054647055609921254 -0.00021169356948814018 -0.016550048593886455 -0.03322389302429498 0.0021183110090491728 0.0050626007475415317 -0.020688895946992986 -0.0086086965480086895 0.020342875755459858 0.0064995707628320958 0.013776516585434608 -0.0055023013801630541 0.028688808302538071 -0.0084629303051070685 -0.0059588918237856786 -0.017955240156956109 0.022294258691891458 -0.033091737595652801 0.022526387631212348 0.021025778669295177 0.0079097507174967843 0.008480076964068101 0.017555642152415687 -0.00013002591046570473 -0.015500796194424803 -0.01713852830420819 0.025582139978612254 0.0327051665241615 0.0015380784990427527 -0.0028858683439962258 0.030161448555118046 -0.010155614430657307 -0.0065997393741799529 -0.025366568049451706 0.015952310801270398 0.005526295950784979
leaf_weight=37.428279465064406 66.387728465721011 181.31068349070847 145.71968817897141 94.478396138176322 95.222474835813046 98.993360953405499 64.872399752959609 87.301369404420257 72.514945873990655 45.658487197011709 35.058110889047384 480.35002291947603 47.962497007101774 37.787610633298755 148.37912603095174 47.380582639947534 42.327097572386265 50.777711531147361 118.04437440820038 135.25489890575409 36.15488500520587 54.750072697177529 55.07762224599719 36.655025105923414 133.27996671199799 312.52596912719309 760.79630083590746 150.67882118187845 154.99189412966371 220.37966549769044 53.398121370002627 47.378539277240634 49.653303701430559 41.529625637456775 108.58567384257913 199.90827084332705 77.057054184377193 142.00508523546159 56.149424890056252 363.53491249866784 40.068011982366443 71.118034612387419 212.38495554588735 42.407442843541503 77.09630729444325 80.188019750639796 50.808887515217066 60.591850819066167 52.549962602555752 188.79584950767457 51.850643754005432 1089.4005634915084 265.836111292243 44.304080791771412 43.096295611932874 311.23000731132925 467.91547063924372 113.50482696294785 95.114871604368091 87.853807404637337 48.612021749839187 51.266483953222632 68.583847919479012 120.85642037540674 51.345067836344242 522.14269002713263 89.978812297806144 146.25102941133082 190.14125649258494 63.139615699648857 124.89260749518871 123.93640806525946 43.549458207562566 109.21196535415947 82.980933465063572 41.253577843308449 121.14486841484904 61.378165667876601
leaf_count=535 792 2254 1918 871 949 890 615 828 931 709 526 6411 766 532 1743 630 544 857 1049 1736 684 856 849 533 999 3133 8581 1616 1745 2649 604 706 813 609 1256 2483 890 1826 662 4368 584 855 2527 550 930 1009 686 778 653 2327 727 13402 3213 530 496 4176 5994 1606 1120 1026 733 618 1106 1355 594 6387 1213 1723 2156 649 1526 1503 518 1197 954 529 1426 847
internal_value=0 -0.00081056 -0.00481253 0.00178683 0.00622418 0.0136501 0.0213125 0.00160479 -0.00686724 -0.0154625 -0.00485568 -0.00292417 -0.0159797 0.00595346 0.000347474 -0.00667082 -0.0118548 -4.51173e-05 0.00870138 -0.016031 0.00232462 0.0119383 -0.00363649 -0.0138235 -0.00460372 0.00146714 0.000662413 -0.00209581 -0.0100827 0.00323064 -0.0203386 0.00361116 0.00491227 -0.00801259 0.000112888 -0.000879296 -0.00627741 0.00203858 0.000980866 0.0005287 -0.00165759 0 0.00356683 -0.0116033 -0.00786153 -0.0225647 -0.00215252 0.00319402 -0.00678602 -0.00232868 0.00648403 0.00559815 0.00614585 0.0108315 0.0154979 -0.00602545 -6.15434e-05 -0.00312597 0.00184608 -0.0105187 -0.00107299 -0.00183571 -0.00799136 -0.00451078 0.00144155 0.00286114 0.00594431 -0.00765132 0.0109793 0.00332834 0.0127305 0.0166873 0.0059363 -0.0210877 0.00252668 -0.00223409 0.00530755 -0.00692992
internal_weight=0 7820.88 1242 2873.6 692.192 258.344 159.351 433.848 1060.69 191.378 869.309 748.832 120.477 268.482 2181.41 291.35 224.963 6578.88 205.346 182.635 233.423 90.905 142.519 74.0833 228.502 1890.06 1741.68 891.974 359.069 532.906 204.077 849.704 87.4409 88.9082 6504.8 4277.67 889.177 2227.12 373.853 3388.5 1086.95 944.941 593.643 515.324 392.729 122.595 284.143 207.047 113.142 317.704 128.908 1140.18 522.525 310.14 93.9052 351.298 3188.59 1058.54 630.773 427.766 230.701 535.658 182.089 484.391 2130.05 1849.47 1157.78 280.577 635.638 278.011 188.032 357.627 167.486 197.066 134.326 691.692 223.777 102.632
internal_count=130171 98882 17249 31289 6201 2376 1486 3825 14995 2627 12368 10671 1697 4260 25088 3702 2910 81633 1877 2366 3734 1540 2194 1068 1948 21386 19643 9747 3965 5782 2220 9896 1345 1315 80565 52595 10964 27970 4606 41631 13711 11885 7125 6358 4799 1559 3543 2613 1431 3944 1617 14259 6270 3743 1182 4760 39148 13129 7461 5668 3445 6341 2712 5723 26019 22748 13952 3271 7565 3388 2175 4177 2021 2223 1548 8796 2802 1376
is_linear=0
shrinkage=0.0454652


Tree=39
num_leaves=79
num_cat=0
split_feature=2 4 2 3 12 11 15 12 4 2 11 11 0 33 13 15 11 3 3 28 0 23 28 11 15 23 3 11 0 13 12 11 13 3 3 2 16 15 23 14 0 23 3 9 3 3 2 23 14 23 2 28 11 11 28 12 15 3 0 2 2 3 4 9 8 9 14 16 2 2 11 28 12 8 12 11 2 14
split_gain=7.57201 11.2922 8.19908 17.2565 12.6096 15.6378 10.3643 20.7484 10.2134 9.68647 13.882 13.0286 12.7407 11.4744 9.59131 9.58589 18.1183 13.7956 10.7448 10.6302 13.9488 21.5854 18.2205 10.0642 8.38846 8.3569 13.8131 12.0204 13.6968 11.0391 8.04341 11.3053 7.74298 6.83277 10.9817 6.64296 8.5693 6.50311 6.56175 6.31139 8.26827 8.95018 7.90276 14.527 11.2117 10.3931 10.0581 9.14647 10.8904 8.68148 8.11573 7.20116 10.2584 14.4215 18.5165 14.6181 8.64044 7.8645 9.85718 8.98498 7.18647 7.17056 9.75086 7.03329 6.9075 6.71622 10.2079 6.31388 7.87058 12.6346 7.5226 7.50611 6.40518 6.26359 6.09251 11.101 6.07914 6.05875
threshold=0.37446981668472296 0.85191342234611522 0.51571968197822582 0.60134494304656994 -0.027252377010881897 0.084644481539726271 12.91022300720215 0.021916427649557594 0.8319830894470216 0.7375333607196809 0.052164064720273025 0.028886883519589904 0.78279581665992748 0.99393379688262951 0.040529362857341773 9.2362084388732928 0.021121991798281673 0.51568681001663219 0.94063594937324535 0.79989895224571239 0.75786456465721141 0.83814558386802684 -0.52803644537925709 0.055852377787232406 11.309917449951174 0.46594700217247015 0.57647228240966808 0.12172105535864831 0.4916872531175614 0.021359139122068885 -0.003735653823241591 0.089450266212224974 0.033809650689363487 0.31610839068889623 0.53510937094688427 0.61260679364204418 0.51690334081649791 13.727497577667238 0.93385428190231334 -1.9616475105285642 0.95258882641792308 0.6329440474510194 0.59720730781555187 0.40011797845363622 0.63692277669906627 0.55157282948493969 0.67531606554985057 1.153135418891907 -4.6283016204833975 0.6946486532688142 1.03980427980423 0.6835516393184663 0.058582438156008727 0.081180505454540267 -0.49049438536167139 0.0038116649957373743 12.129810810089113 0.33370056748390203 1.0398008823394778 0.68051055073738109 1.2683613896369936 0.35357497632503515 -0.9981836974620818 0.10280227288603784 -0.13260716944932935 0.26048071682453161 -10.070259094238279 0.83641487360000621 0.98018494248390209 0.80503880977630626 0.10786574333906175 -0.7866188883781432 -0.029532966203987595 -1.6273126602172849 0.057599779218435294 0.10978664085268976 0.67531606554985057 -8.0290913581848127
decision_type=2 2 2 2 2 2 2 2 2 2 2 2 2 10 2 2 2 2 2 2 2 2 2 2 2 2 2 2 2 2 2 2 2 2 2 2 2 2 2 2 2 2 2 2 2 2 2 2 2 2 2 2 2 2 2 2 2 2 2 2 2 2 2 2 2 2 2 2 2 2 2 2 2 2 2 2 2 2
left_child=1 -1 3 4 -2 6 7 24 25 10 11 35 -13 -11 -7 17 37 23 30 20 -19 -22 -23 -15 -6 26 27 28 29 -4 31 32 -18 -12 76 -10 -37 38 -17 42 41 -41 43 45 50 51 -46 48 49 -47 -44 52 56 54 -54 -56 63 59 -59 -53 -42 -58 -63 64 -27 66 -52 68 69 73 -70 -69 -71 -55 -43 -76 -35 -24
right_child=2 -3 8 -5 5 14 -8 -9 9 13 33 12 -14 15 -16 16 18 19 -20 -21 21 22 77 -25 -26 39 -28 -29 -30 -31 -32 -33 -34 34 -36 36 -38 -39 -40 40 60 74 44 -45 46 47 -48 -49 -50 -51 65 57 53 67 55 -57 61 58 -60 -61 -62 62 -64 -65 -66 -67 -68 71 70 72 -72 -73 -74 -75 75 -77 -78 -79
leaf_value=0.0018772840956212374 0.020223203256402467 0.025664641308671757 0.01834268346368885 -0.028099831741733621 -0.011474451878889187 0.020848347765644256 -0.021679427523742641 0.019043438150410624 0.010609165762773556 0.0052298807757254302 0.0056440940287697553 0.00021979714873457195 0.028591125213953267 0.024561463994445247 -0.0011351304709056457 -0.032490711694553608 -0.010604113765668291 -0.025325393927855204 -0.018140310559331001 0.011015671039079522 0.019864351931329117 0.0031857003438029801 -0.019734039742071979 0.0026581454577005855 0.0065740391488875935 0.012129650459755307 -0.0030880426486164679 -0.0058474730065333474 0.032432852446016042 -0.012337949970122643 -0.0012294086734661654 -0.02538975335200035 0.0099121253607568766 -0.019086526848393553 0.01004198875911887 -0.020450405903604339 0.0044041958895825644 -0.0030394609435485426 -0.010704882267098039 0.013133241307663886 0.0019368206271356023 0.0078037224321988478 0.017726615810166279 0.010601919060298226 -0.013296183398014885 -0.024660667849461838 0.0019263414755179332 -0.021048520482484446 0.01198110438438193 -0.0035907705965147634 0.0258123756400024 -0.00011121623285011071 0 0.014204327661479615 0.036572647209023534 0.0068031006522208358 0.0027184668481036989 -0.0062887037367086538 0.012607951026988357 -0.025637755013106538 0.02316419164833227 0 -0.027640054145987691 -0.0047683744681082055 -0.0058155721221956735 -0.011343968647919386 -0.00023103648492911209 -0.0035739817101112037 0.012646431199348008 -0.033349813704829881 -0.0022906284197664879 0.013001124210020452 -0.0085734420257386618 -0.0050185598097176121 -0.019490349222093466 0.003894191143262578 -0.00027568280754817874 -0.0013839458717554575
leaf_weight=157.32881041243672 42.926578780636191 54.93930459395051 59.379343202337623 55.172260317951441 329.33545190468431 67.314245162531734 89.153060991317034 60.545751260593534 88.181789483875036 321.15238142944872 109.96352382563055 52.876173824071884 100.22186666540802 65.775899101048708 86.449996309354901 79.805232524871826 103.33612526580691 61.481400053948164 100.49729831144214 88.450071044266224 69.366406418383121 194.96725498512387 169.04846737906337 133.57285794615746 56.929650722071528 125.2807987742126 131.54315842874348 40.977232804521918 90.137808347120881 33.840400794520974 1128.7679648883641 69.95706657320261 53.185961257666349 116.60031791962683 48.911249851807952 44.162713011726737 62.463099479675293 49.467194158583879 65.135722443461418 96.679726487025619 61.664483670145273 66.155429679900408 155.91319984383881 200.48160554096103 88.988918118178844 53.228552054613829 2144.9097489267588 93.931282779201865 59.173379715532064 170.3699719645083 41.581599058583379 52.307352550327778 134.50451124273241 41.987109104171395 75.612984640523791 71.924223007634282 37.83045313693583 245.87681335397065 69.035877894610167 70.952635765075684 86.209695214405656 38.260676097124815 76.986227879300714 350.53230553865433 60.236627019941807 43.371377067640424 86.168433424085379 84.431635320186615 100.85417089797556 42.39974170178175 194.07051981985569 139.60043122246861 61.329960221424699 141.03531068004668 80.705665925517678 75.323058545589447 58.082141324877739 55.704210225492716
leaf_count=2321 502 739 920 541 4124 855 1191 732 1045 9556 1290 631 1109 626 1057 839 997 600 1024 786 662 1907 1626 1362 700 1547 1969 512 986 532 10545 713 543 1346 444 567 801 517 711 911 619 648 1673 2675 945 705 26468 1061 645 1987 557 668 1828 543 849 882 649 3279 665 850 906 574 1025 4311 825 605 1065 921 1149 528 2723 1502 758 1944 820 705 648 529
internal_value=0 0.00862776 2.91367e-05 -0.00441348 -0.00241765 -0.00400783 -0.007715 -0.00464929 0.000397953 -0.0015596 0.00325711 0.00959575 0.0193631 -0.00274822 0.00847017 -0.00380428 -0.00581209 9.88117e-05 -0.00399965 -0.00310769 -0.00552901 -0.00275239 -0.00676078 0.0104731 -0.00864845 0.00151274 0.00825701 0.0150592 0.0200174 0.00665336 -0.00286381 -0.0106319 -0.0032542 -0.00324584 -0.00785499 0.00143433 -0.00582433 -0.0187764 -0.0235894 0.00108646 0.00614548 0.0017864 0.000631911 -0.00102817 0.00245971 -0.00196186 0.00127498 -0.00891257 -0.00446884 -0.00917328 0.0102894 -0.000743577 0.000522193 0.00329132 0.0120617 0.0229561 -0.00377199 -0.00594424 -0.0018848 -0.0155393 0.0149233 -0.0131721 -0.0187115 -0.000918016 0.00604588 0.0029794 0.00841306 0.000115603 -0.00232269 -0.00768041 0.00275719 0.00658844 -0.0200332 -0.000134085 -0.00308338 -0.00808545 -0.013254 -0.0155051
internal_weight=0 212.268 10454.7 787.827 732.655 689.728 535.964 446.811 9666.92 3491.13 681.463 347.906 153.098 2809.67 153.764 2488.52 1650.15 838.367 1455.74 639.018 550.568 489.086 419.72 199.349 386.265 6175.78 355.878 224.335 183.358 93.2197 1355.25 226.479 156.522 333.557 223.594 194.808 106.626 194.408 144.941 5819.91 466.738 318.864 5353.17 2792.24 2560.93 2591.75 2233.9 376.703 282.772 223.599 327.035 2215.05 1776.88 1087.75 282.042 147.537 689.127 438.173 314.913 123.26 147.874 153.077 115.247 536.05 185.517 171.121 127.75 805.709 581.677 286.752 294.925 224.032 103.73 183.022 222.184 156.029 174.682 224.753
internal_count=130120 3060 127060 9702 9161 8659 6747 5556 117358 41424 7881 4153 1740 33543 1912 23987 15889 8098 13822 6110 5324 4724 4062 1988 4824 75934 4919 2950 2438 1452 12798 2253 1540 3728 2438 2413 1368 2067 1550 71015 4609 3084 66406 35093 31313 32418 27413 4398 3337 2692 3900 28020 22558 13627 3559 1731 8931 5462 3944 1518 1525 2248 1599 6683 2372 2227 1622 10068 7645 3773 3872 2423 1286 2487 2173 1525 1994 2155
is_linear=0
shrinkage=0.0454652


Tree=40
num_leaves=79
num_cat=0
split_feature=14 15 7 23 11 7 15 16 14 14 30 14 7 7 11 15 18 23 28 18 14 14 18 15 22 28 12 14 18 21 15 23 12 18 21 22 22 28 28 5 28 21 7 21 14 12 21 33 16 12 28 16 16 23 28 14 10 15 23 12 15 18 21 11 21 30 18 6 7 10 12 12 15 23 5 18 18 30
split_gain=6.18097 9.6621 6.41468 5.92081 6.9601 17.6838 9.66579 10.8403 8.45427 6.82847 9.6773 16.9561 5.91406 6.61375 5.63117 11.4196 15.8707 8.08631 11.93 10.9612 7.82641 5.7051 5.4541 5.45315 5.54725 5.37734 19.415 14.1051 13.4145 11.8031 12.7676 8.88905 8.37576 7.40526 8.92269 6.28492 5.75403 11.5913 10.8045 10.4206 15.2288 9.31183 9.81504 8.98772 10.3892 7.34844 6.87635 6.87393 7.12109 6.32803 14.7302 6.6406 7.65546 10.7389 7.99667 6.38268 8.9409 6.11427 6.00176 9.30797 10.7459 12.6368 10.3047 9.39988 8.6405 8.57474 16.234 6.40866 6.61112 5.78208 6.98136 8.54163 8.20255 7.55299 6.90995 8.74809 7.38556 6.63039
threshold=-29.019327163696286 3.1768857240676884 -23.965106964111325 0.45811107754707342 0.067207597196102156 1.6393266320228579 9.8898229598999041 0.78222069144248974 -13.765820503234862 -11.209033489227293 -0.56174489110708226 -8.2387704849243146 12.644034385681154 17.15245342254639 0.0097589162178337591 9.446360111236574 78.500000000000014 0.72162142395973217 0.69930991530418407 51.500000000000007 -3.8749402761459346 -7.2921464443206778 4.5000000000000009 7.6179139614105233 0.31983546912670141 0.83743050694465648 -0.088305190205574022 -1.7994030714035032 2.5000000000000004 11.799627780914308 19.486317634582523 1.0678994059562685 -0.0056897683534771195 32.500000000000007 -0.9327537715435027 -0.83416202664375294 -0.48029650747776026 -0.94331136345863331 0.69930991530418407 0.50113943219184887 -0.6343555450439452 1.5857484340667727 -4.4117095470428458 -5.9373033046722403 -13.898626804351805 -0.027252377010881897 4.8446080684661874 0.9590476155281068 0.86424851417541515 0.0038116649957373743 0.18436925113201144 0.60830315947532665 0.34849013388156896 0.68832767009735119 0.22706275433301928 -12.131316661834715 0.15644500404596332 9.736396789550783 1.0070273876190188 0.063944276422262206 9.446360111236574 43.500000000000007 -0.9327537715435027 0.090173993259668364 10.236514091491701 -0.56174489110708226 83.500000000000014 3.8427588939666752 4.4377074241638192 0.24578833580017093 0.074665226042270674 -0.039008414372801774 8.9506244659423846 0.8714435100555421 1.9405845403671267 46.500000000000007 36.500000000000007 0.81174489855766307
decision_type=2 2 2 2 2 2 2 2 2 2 2 2 2 2 2 2 2 2 2 2 2 2 2 2 2 2 2 2 2 2 2 2 2 2 2 2 2 2 2 2 2 2 2 2 2 2 2 10 2 2 2 2 2 2 2 2 2 2 2 2 2 2 2 2 2 2 2 2 2 2 2 2 2 2 2 2 2 2
left_child=1 -1 -2 4 5 9 -7 -8 -6 -4 -11 -12 -10 -14 15 16 17 -5 19 22 21 -17 -19 24 -24 36 -27 28 -28 30 -29 32 33 34 -30 -35 37 41 39 47 46 42 -16 -42 -45 -40 -41 -39 49 51 -51 52 53 -49 -54 56 -55 -52 59 60 61 -46 -63 67 65 -61 -67 68 -62 70 71 72 74 -74 75 76 -38 -71
right_child=2 -3 3 14 8 6 7 -9 12 10 11 -13 13 -15 25 20 -18 18 -20 -21 -22 -23 23 -25 -26 26 27 29 31 -31 -32 -33 -34 35 -36 -37 69 38 45 40 43 -43 -44 44 58 -47 -48 48 -50 50 57 -53 54 55 -56 -57 -58 -59 -60 64 63 62 -64 -65 -66 66 -68 -69 -70 77 -72 -73 73 -75 -76 -77 -78 -79
leaf_value=0.0011929590496884235 0.015630667044418359 -0.028716754372911133 -0.0029189366653865215 -0.013261407955740247 -0.0019130392082796354 -0.026629027212926124 0.014461450763016262 -0.017604141494830455 0.028967555478978665 0.030238538614748661 0.025121569267296043 -0.013387342371406364 -0.0031216441886232726 0.020118392377402251 0.0066872470003322675 -0.003963261784084942 0.018315827252542285 0.0044003703643868183 0.019850448523718603 0.013303368654509956 -0.0025124717285362878 -0.023938201374927456 -0.019207967284880705 0.0029743971602541799 0 0.017146947799973861 0.01020329103199197 0.0020326811261820914 -0.021544974891277248 -0.009746296834235748 0.029693618672658635 0.0031433545842717088 -0.013621730617511848 0.017807558551853269 0 -0.0021390836167386128 -0.0023527902594012375 0.0072013118246740124 0.026260249768477628 -0.001040286894217051 -0.012381393441291418 0.0017493158555157305 0.035872190259294959 0.023975663651988433 0.017825012395119404 0.0056800311358428295 -0.021280185286166434 0.0095518313922156265 0.010051046934505994 0.0017705104442812584 -0.032613023917200008 -0.012005062646032122 0.019065622438062549 0.0063907099670517846 -0.0014792095273783888 -0.021224855643509635 -0.015930554223543367 -0.011291510935766556 0.016288511571684244 -0.02144957866351329 -0.00017827672111152086 0.0043394549895656625 -0.020114378564970389 0.00068497539731267689 0.0070146137257892467 -0.018158501861635298 0.015699973296489526 0.031698497097395098 0.01954533902094082 0.0012086134087154637 -0.0046853023848574277 0.0013699415224160017 0 -0.016503105844577572 0.013108362061478111 -0.021367749105301863 0.014137879890567901 0.013764940200629771
leaf_weight=44.175770005211234 51.053063403815031 35.260783899575472 59.023232372477651 116.41099349223077 63.448187097907066 52.053636183962226 39.024348665028811 39.478465799242258 54.340058896690607 48.960541864857078 40.101599665358663 45.620328886434436 43.866207357496023 45.257423775270581 55.216941490769386 52.22557320818305 80.343387253582478 57.884602800011635 50.997343793511391 62.762687396258116 139.74297554045916 103.21654587052763 121.12990461103618 41.627112805843353 45.944981401786208 90.817743752151728 85.013095695525408 92.596444897353649 73.668751984834671 59.967406746000051 55.962761780247092 117.07527879998088 481.96740234084427 40.238406766206026 73.408896939828992 110.39143523946404 819.91390179097652 112.64801842346787 49.625803673639894 90.142899170517921 48.644247507676482 94.911845883354545 50.520346201956272 64.430579071864486 48.715263454243541 147.96758191660047 59.140410363674164 75.218142163008451 58.698266353458166 91.147689517587423 57.486354667693377 121.98834078013897 68.768999226391315 74.770069289952517 74.943991672247648 66.727486468851566 63.750197160989046 82.76100380346179 88.99292684905231 65.27992770075798 49.902738705277443 62.230327717959881 68.838231787085533 93.705393262207508 109.38356880843639 53.176060324534774 55.562007416039705 57.861706854775548 85.109685719013214 342.54818608798087 756.09109945595264 2959.7254236061126 81.716803640127182 154.36625110916793 59.862049112096429 43.335512593388557 55.682711800560355 117.99452331289649
leaf_count=912 883 626 775 1498 891 697 627 429 684 551 559 688 573 538 596 746 1033 751 577 763 1540 1534 1507 557 579 1043 889 919 852 622 492 1169 6057 497 799 1492 10071 3568 649 985 552 997 517 722 497 1952 577 765 470 842 561 1245 611 707 706 647 647 820 892 758 597 686 803 981 1031 600 570 631 955 4199 9552 36519 1047 2094 685 485 642 1165
internal_value=0 -0.0122547 0.000159381 7.36596e-05 0.00473552 0.00039128 -0.0121686 -0.00114658 0.011173 0.00917967 0.0147631 0.00440763 0.0171838 0.00852094 -0.000171097 -0.00365452 0 -0.00299172 0.000132112 -0.00298063 -0.0108621 -0.0178061 -0.00713754 -0.0105899 -0.0142448 0.000158195 -0.00256064 -0.00415866 -0.00646252 0.00637448 0.013288 -0.00813572 -0.00989917 -0.00360815 -0.0108051 0.00320357 0.000609821 0.00243729 0.00146652 0.000452987 0.00347673 0.012827 0.0218914 0.00563179 0.0067071 0.0115179 -0.00972989 -0.00300445 -0.00446558 -0.00567066 -0.0119757 -0.00284165 -3.0845e-06 -0.00447523 0.00827703 -0.00993492 -0.00370206 -0.0210447 0.00521293 0.00375246 0.00770334 -0.000763075 -0.00836274 0.0131186 -0.00259648 -0.008934 -0.000483399 0.0187721 0.0121134 -0.000212244 -0.000677245 4.08791e-05 -0.00315075 -0.0107088 -0.0012412 -0.00228271 -0.00118784 0.00462337
internal_weight=0 79.4366 10575.1 10524.1 531.174 324.262 130.556 78.5028 206.912 193.706 134.682 85.7219 143.464 89.1236 9992.9 872.286 577.101 496.758 380.347 329.349 295.185 155.442 266.587 208.702 167.075 9120.61 1281.11 1190.29 981.763 208.527 148.559 896.75 779.675 297.707 147.078 150.63 7839.5 2448.27 2247.62 2050.02 1101.12 200.649 105.737 951.833 903.188 197.593 149.283 948.909 836.261 777.562 231.395 546.167 424.179 280.466 143.713 205.248 138.52 140.247 838.758 749.765 466.363 179.784 131.069 286.58 283.402 174.018 108.738 192.874 135.012 5391.24 4930.69 4174.6 1214.88 236.083 978.794 918.932 875.597 460.543
internal_count=129945 1538 128407 127524 7012 4326 1753 1056 2686 2573 1798 1247 1795 1111 120512 11085 7265 6232 4734 4157 3820 2280 3394 2643 2086 109427 14831 13788 11755 2033 1411 10866 9697 3640 1651 1989 94596 28137 26027 23426 11837 2110 1113 10275 9723 2601 1562 11589 8021 7551 2223 5328 4083 2766 1317 2001 1354 1381 9001 8109 5150 1986 1489 3164 2959 1928 1170 2183 1552 66459 61095 51543 15024 3141 11883 11198 10713 5364
is_linear=0
shrinkage=0.0454652


Tree=41
num_leaves=79
num_cat=0
split_feature=29 3 11 27 13 15 18 12 3 13 3 12 28 13 15 28 13 14 0 3 15 12 13 27 18 15 14 3 29 13 23 13 13 15 3 8 0 11 14 30 14 13 27 12 11 3 13 30 3 28 3 3 3 28 13 15 11 13 14 27 3 0 29 15 23 3 12 3 13 3 11 0 12 13 27 12 23 9
split_gain=7.55004 13.6024 6.78585 12.0096 22.0238 12.1271 8.66944 13.8414 12.0038 11.5293 7.99065 7.91797 8.77194 8.66299 11.3505 12.3055 9.33594 9.23641 8.83751 8.79507 8.0965 7.90491 7.76429 12.8885 7.38304 6.68401 9.41427 6.59047 6.42702 6.39663 5.9825 11.1061 19.5053 14.9335 14.3492 13.007 7.33361 10.3166 8.51921 11.0697 5.905 5.54822 4.91233 4.79149 4.53195 15.6588 21.354 12.2659 24.576 24.4132 32.4451 16.7848 14.8347 14.4178 16.263 13.3594 12.2431 12.1091 17.1909 15.6574 14.9375 11.3572 11.1741 10.7105 13.931 10.2227 15.0796 18.6218 11.9234 11.2647 13.021 18.3531 14.5135 11.2646 11.1407 19.2232 10.8517 16.3382
threshold=-0.60785761475563038 0.71253624558448803 0.020291220396757129 0.9015902876853944 0.019049592316150669 12.473446369171144 41.500000000000007 0.055838352069258697 0.59242457151412975 -0.014269036240875719 0.48288334906101232 0.078358568251132979 0.69930991530418407 0.0025242983829230074 9.736396789550783 -0.3317298144102096 -0.021122906357049939 -13.021670341491697 1.0279425382614138 0.54502734541893016 7.8721194267272958 -0.080776959657669054 0.0074671772308647641 -0.20576497167348859 63.500000000000007 6.1165473461151132 -9.7540421485900861 0.74662110209465038 0.87837970256805431 0.014649988152086737 0.45811107754707342 -0.039832223206758492 -0.0052769212052226058 9.8898229598999041 0.35357497632503515 -0.13260716944932935 0.56035727262496959 0.13283758610486987 -4.8916189670562735 -0.56174489110708226 -6.6048190593719474 0.026928794570267204 -0.16288578510284421 -0.0091240722686052305 0.049528894945979125 0.36134123802185064 0.03437603451311589 0.81174489855766307 0.26400662958621984 -0.2693240344524383 0.35125786066055303 0.26738095283508306 0.58964040875434887 -0.8253108263015746 -0.049314899370074265 18.298100471496586 0.12941816449165347 -0.0039793225005269042 -13.512624263763426 -0.39271505177021021 0.97828230261802684 0.73525437712669384 1.0000000180025095e-35 17.182117462158207 0.86212453246116649 0.39967077970504766 0.044675437733531005 0.34605771303176885 0.084633089601993575 0.54729264974594127 0.10381038486957551 1.2911066412925722 0.082583438605070128 0.070077650249004378 0.010907442308962408 0.10108376666903497 0.83814558386802684 0.17616560310125354
decision_type=2 2 2 2 2 2 2 2 2 2 2 2 2 2 2 2 2 2 2 2 2 2 2 2 2 2 2 2 2 2 2 2 2 2 2 2 2 2 2 2 2 2 2 2 2 2 2 2 2 2 2 2 2 2 2 2 2 2 2 2 2 2 2 2 2 2 2 2 2 2 2 2 2 2 2 2 2 2
left_child=1 41 3 5 6 11 8 9 -5 -8 -11 12 13 14 15 16 -2 -15 -16 28 -18 -21 23 -14 29 26 -25 -7 -19 40 31 34 -33 -34 -4 42 37 38 39 -32 -23 -1 -35 -41 45 -38 57 51 56 63 -51 53 -52 -46 -55 -54 -49 58 59 -47 -59 -53 -63 -50 -65 66 68 -68 73 70 71 -67 -72 -64 76 -76 77 -71
right_child=2 -3 30 4 -6 27 7 -9 -10 10 -12 -13 22 17 18 -17 20 19 -20 21 -22 24 -24 25 -26 -27 -28 -29 -30 -31 36 32 33 35 -36 -37 44 -39 -40 43 -42 -43 -44 -45 47 46 -48 48 49 50 52 61 55 54 -56 -57 -58 60 -60 -61 -62 62 65 64 -66 69 67 -69 -70 74 72 -73 -74 -75 75 -77 -78 -79
leaf_value=-0.032788800662957231 0.016175772437961745 0.0085852459684233728 -0.02538607910747747 0.002593911974611248 0.031177507140091012 -0.019738416053717463 -0.003406844279025407 -0.012480493060233655 -0.026541194800770943 0.0079703324272962991 0.040749692298468941 0.012433026745587985 -0.011988137852904686 -0.017088435126801395 -0.033080027557801768 -0.015710232722861407 -0.008987045384066604 0 -0.0044285198745118385 -0.0082990517888900731 0.010250118068987731 0.016264883741650214 -0.008065278125460951 0.017881181854661657 -0.0023947857073243059 0.021415188558934761 -0.0087441601231014621 0 -0.022008471717341077 0.02508816972342565 -0.019280630517988846 0.028806614921054002 -0.019795885953628984 0.031760263540661561 0.007430118829498426 -0.0017281009920180768 -0.0091572563086559228 0.014258582402388174 -0.026409558864184179 0.016392138646793945 -0.0064687285993007609 -0.0070594631965849456 0.0083868148531886511 -0.0051465655103174971 0.030698526800798199 0.032649199450975823 -0.013052575323445394 -0.034734635228599674 -0.0068888089814017877 0.03436744796132736 0 -0.007969185766127292 0.022444929898701615 0.024002463108447579 -0.0038820857056100044 0 -0.0027641777699764555 0.0092109793880490905 -0.0017859508636297711 0.00015083086814951668 -0.0088755716335159815 -0.005561798593991891 -0.0085951921075394129 0.022806592639561467 -0.0011075242360921141 0.015981522497552726 0.02817062175852629 -0.0048778459928867169 -0.028568750316345492 0.030182224310736302 -0.0076382204927458296 -0.010437688011194388 0.012548471750526492 0.013329393238641029 -0.00049055358021351451 -0.022162013736704438 0.00026310631259125083 -0.0011634998487415847
leaf_weight=41.684897184371948 54.419666996225715 43.183825360611081 44.03659219481051 64.092024937272072 53.227637100964785 137.33597743883729 37.425329374149442 46.946104016155005 45.098021620884538 36.597524039447308 35.404046528041363 64.903962973505259 50.497846255078912 57.033006802201271 62.404957128688693 159.78465321660042 176.08261430636048 78.436916345730424 42.118650738149881 53.15725445561111 54.683032248169184 46.035289943218231 87.578820941969752 47.865367349237204 60.099766792729497 92.590054180473089 52.144163530319929 45.151913495734334 39.949798803776503 74.141668494790792 57.830120585858822 81.480498591437936 42.471138259395957 43.636307263746858 57.959764180704951 108.83193616755307 220.02754379250109 31.971657980233431 55.689926328137517 40.419306337833405 37.708101406693459 42.065405759960413 49.251662075519562 33.459208091720939 51.25623725540936 57.56220031902194 146.72364571131766 41.753593882545829 307.28170903399587 106.01188848912716 287.58532473631203 562.50808877311647 162.12816769629717 55.955481851473451 145.12537238746881 78.758103419095278 63.71419190056622 1081.5045867655426 798.4122452698648 67.112185813486576 97.434635566547513 834.65493490733206 367.28393821977079 66.842892054468393 160.68778446502984 345.57362584397197 53.960338320583105 82.555797653272748 51.862038744613528 63.3911965303123 200.95875041000545 59.105697833001614 110.59056894294918 50.451943537220359 322.62067806720734 113.1204589754343 723.02176298201084 63.666272023692727
leaf_count=620 634 600 628 924 431 1931 485 561 509 671 415 847 688 752 766 2039 2279 1178 545 601 659 674 1028 585 761 1296 571 602 399 899 928 980 606 490 760 1388 3242 523 857 753 505 574 670 553 860 680 1827 533 4144 955 3091 7122 1833 908 2157 805 800 12148 9168 781 1267 9917 4603 500 1363 3859 649 825 472 716 2549 780 1059 513 3369 1316 9486 690
internal_value=0 -0.0108437 0.00013792 -0.00231896 0.00561656 -0.00396734 0 0.00689485 -0.00953215 0.015787 0.026052 -0.00245805 -0.00325911 -0.00540167 -0.00920874 -0.00578122 0 -0.000567825 -0.0225847 0.00187937 -0.00412182 0.00647137 0.00303611 0.00730006 0.0103793 0.0127492 0.00373197 -0.0149098 -0.00810446 0.0154808 0.000682156 0.00590721 0.010041 0.0032119 -0.00671033 0.0085899 0.000401597 -0.00770616 -0.0119325 -0.00484166 0.00564821 -0.0213504 0.0207455 0.00625315 0.000633802 0.00225257 0.00340519 -8.08713e-05 0.00381487 0.00575756 0.0117676 -0.00126126 0.00691355 0.00998657 0.00396312 0.0151355 -0.0166895 0.00460021 0.000636623 0.016094 0.00764948 -0.0019915 -0.000992386 -0.00131715 0.00598559 0.000457639 -0.00467196 0.00827715 -0.00857828 0.00204128 0.00659791 0.0119378 -0.000248338 -0.00572816 -0.000471906 -0.00638107 0.00251599 0.0145565
internal_weight=0 126.934 10541.2 1892.91 318.791 1574.12 265.563 156.373 109.19 109.427 72.0016 1391.64 1326.73 996.055 549.494 444.97 285.185 446.562 104.524 389.529 230.766 271.142 330.676 243.097 217.985 192.6 100.01 182.488 118.387 157.885 8648.24 427.668 325.672 244.191 101.996 201.72 8220.57 219.37 187.399 131.709 83.7434 83.7503 92.888 73.8785 8001.2 2468.78 2248.75 5532.43 1274.76 1169.3 634.483 4257.66 528.472 252.337 201.081 240.886 105.468 2102.03 923.087 124.674 1178.94 4005.33 3442.82 534.812 227.531 2608.16 606.114 136.516 469.598 2002.05 716.229 404.679 311.549 417.736 1285.82 435.741 850.079 127.057
internal_count=130152 1794 128358 24235 3996 20239 3565 2132 1433 1571 1086 17706 16859 12691 6922 5611 3572 5769 1311 5017 2938 3440 4168 3140 2839 2452 1156 2533 1577 2078 104123 5522 4134 3154 1388 2548 98601 3614 3091 2234 1179 1194 1160 1306 94987 29113 25871 65874 14024 12691 6684 51850 5729 3925 3065 2638 1333 24044 10629 1461 13415 47925 40803 6007 1863 30886 7062 1474 5588 23824 8247 4639 3608 5116 15577 4685 10892 1406
is_linear=0
shrinkage=0.0454652


Tree=42
num_leaves=79
num_cat=0
split_feature=11 2 16 7 2 23 9 23 2 16 6 10 20 18 16 17 16 18 3 28 17 18 2 18 16 18 3 20 21 16 3 3 0 10 11 17 17 20 11 0 0 6 7 3 17 18 0 28 21 18 21 6 11 16 18 8 0 2 9 2 7 2 28 17 28 0 10 17 21 21 17 21 7 0 10 10 8 0
split_gain=7.22255 8.32257 8.14284 15.3762 15.5868 11.2496 13.3067 10.411 8.70035 8.87314 7.78687 9.31211 8.82199 8.38026 7.19584 6.89568 8.83184 6.79283 7.51424 6.68438 6.49618 6.32062 9.46691 6.28345 6.25732 6.13196 6.08556 5.32909 7.96336 7.16329 4.94821 7.08725 16.0732 15.8189 13.3518 7.69232 14.4482 13.2407 7.03996 6.39517 6.19578 11.3893 11.5104 5.69158 16.0824 14.9136 17.8392 10.935 10.2241 7.96055 7.00486 15.4626 12.2842 8.86517 8.16781 7.69804 6.64145 9.26519 6.41696 6.02554 6.09161 5.9546 17.5344 8.41817 6.93387 16.113 18.6921 8.89326 27.0167 13.2346 13.03 7.42886 10.8836 6.84655 6.68721 5.89937 5.47432 5.45659
threshold=0.023648678325116638 2.2805770635604863 0.54262784123420726 1.0000000180025095e-35 1.5648726224899294 0.66865813732147228 0.16500266641378405 0.95518505573272716 0.73319572210311901 0.39917951822280889 7.4326405525207528 0.097489256411790862 -0.55335387587547291 75.500000000000014 0.79939559102058422 23.500000000000004 0.76243308186531078 87.500000000000014 0.50429248809814464 -0.91080963611602772 76.500000000000014 52.500000000000007 1.1640286445617678 47.500000000000007 0.68940004706382763 56.500000000000007 0.81088352203369152 -1.1653220653533933 -1.9481765031814573 0.19851367920637134 0.96268859505653392 0.839158594608307 0.67478609085083019 0.30352327227592474 0.12276948243379594 54.500000000000007 21.500000000000004 -5.6756470203399649 0.045938840135931976 2.11146092414856 1.5070575475692751 -8.2103519439697248 -8.7097806930541974 0.73246982693672191 30.500000000000004 28.500000000000004 0.88398945331573497 0.18436925113201144 -4.7937996387481681 85.500000000000014 12.020509243011476 9.1013269424438494 0.12490535899996759 0.87905949354171764 88.500000000000014 -0.53862169384956349 0.86995387077331554 1.9563776850700381 0.20569134503602984 1.5107400417327883 13.539616584777834 1.7274203896522524 0.33172981441020971 88.500000000000014 0.93585023283958446 0.68508154153823864 0.083355367183685317 61.500000000000007 2.149488210678101 -0.3552353829145431 18.500000000000004 -2.9377068281173702 -12.767744541168211 0.52906641364097606 0.059999382123351104 0.17731600254774096 -1.2326319217681883 0.56035727262496959
decision_type=2 2 2 2 2 2 2 2 2 2 2 2 2 2 2 2 2 2 2 2 2 2 2 2 2 2 2 2 2 2 2 2 2 2 2 2 2 2 2 2 2 2 2 2 2 2 2 2 2 2 2 2 2 2 2 2 2 2 2 2 2 2 2 2 2 2 2 2 2 2 2 2 2 2 2 2 2 2
left_child=1 2 5 15 10 17 7 8 -7 -10 11 12 -5 14 24 19 25 18 23 -4 -9 22 27 -1 -14 -17 -24 28 29 -8 31 43 -33 34 35 36 -34 -37 -39 40 41 42 -32 50 49 47 58 48 75 -45 51 61 59 -52 56 -56 -55 -58 -47 -53 -61 64 74 -64 77 67 -67 69 71 -66 -71 72 -69 -70 -63 -46 -51 -2
right_child=30 -3 3 4 -6 6 21 20 9 -11 -12 -13 13 -15 -16 16 -18 -19 -20 -21 -22 -23 26 -25 -26 -27 -28 -29 -30 -31 39 32 33 -35 -36 37 -38 38 -40 -41 -42 -43 -44 44 45 46 -48 -49 -50 76 53 52 -54 54 55 -57 57 -59 -60 60 -62 62 63 -65 65 66 -68 68 73 70 -72 -73 -74 -75 -76 -77 -78 -79
leaf_value=0.011695365418991303 -0.0052361361586526472 -0.018264226606834029 0 0.0091039037605734757 0.025456813286403323 0.003649762286513124 0.0019345764347772005 -0.00449133372920051 0.010324969756928083 0.035852563240758042 -0.019825345572752614 0.010095395653021443 0.00034781394102442634 -0.021701681729418592 0.012324865871725998 -0.017567785119633229 0.012160441381635662 0.0084086875972214075 -0.017247180617825066 -0.020032586527391812 0.011487849265930028 0.0074015328107290643 0.015027789623029605 -0.012139739694353717 -0.017588970315035028 -0.0011972156810190749 -0.0036304940150633279 -0.020906145285762755 0.0096750495100772251 -0.019862333760325007 -0.0038549515877917841 -0.019110268827512412 0.01155694093631082 -0.015047015065135514 0.032459559788156081 -0.002643171931284214 -0.01224398164255496 0.010076853973302591 0.030191549710626119 0.0097230837579911078 -0.016506138818347608 -0.0094313096405700281 0.026723601123032948 -0.00098384149891771384 0.013424309879165567 0.0027129595474993527 -0.027818209331899216 0.016298739284095868 -0.022382200147917284 0.00023472834369081728 0.012255098317526622 0.0070009709776036174 -0.0004423710587123542 -0.011601543773598851 0 -0.019039975647558043 0.014523166995515518 -0.0087664477471061427 -0.015950554839127457 0.035518774375400686 0.010377311753150561 -0.027675427470590548 0.019325426268061597 -0.0037892204589790712 0.01577634385810843 -0.020978451864238846 0.0014611841115351207 -0.01080708041540677 0.013441564307839209 0.0020237845965807477 -0.026125639750001397 -0.014699538661225784 0.018396210641933551 0.044128789175548785 -0.0072358677492186845 -0.0066281408978509553 0.019552407392940362 0.0023173791783560665
leaf_weight=42.792527116835117 199.24227239191532 61.220407715067267 39.465581554919481 74.011210829019547 43.310374880209565 83.511730061843991 44.282690055668354 127.88308527693152 70.306487372145057 61.338219961151481 40.990029266104102 130.07093160413206 79.526337655261159 66.185154976323247 43.190023008733988 92.226840240880847 44.486278295516968 40.639088738709688 132.44112206064165 184.46378815919161 81.686737649142742 109.99289939366281 59.713938154280186 40.538678156211972 67.622703416272998 107.94492208212614 73.856171693652868 67.98408005386591 46.154015079140663 74.507036643102765 51.043693646788597 44.522096736356616 116.38648883067071 50.482465051114559 49.07952006906271 71.106995441019535 89.104979110881686 94.21708113886416 77.355411034077406 53.534861175343394 90.342669563367963 176.4363126475364 41.130025340244174 208.43315195851028 47.92661190405488 94.795684657990932 123.19407241605222 61.282428389415145 48.058492938056588 53.618454227223992 52.851973470300436 68.652096543461084 98.186028053984046 67.144022868946195 63.49498544819653 137.25485225208104 85.922448905184865 51.984984347596765 55.325236471369863 60.265591850504279 45.325591346248984 38.79220307059586 72.109017977491021 49.661710219457746 42.321599617600441 163.23126290738583 133.78575920127332 42.439951606094837 42.028730325400829 61.140401409938931 63.767591757699847 57.68094757758081 54.370399042963982 36.572254355996847 244.6397968120873 66.478807421401143 86.375471141189337 4514.3096412532032
leaf_count=505 2833 774 555 969 518 1054 532 1696 948 711 533 1594 1020 936 499 1206 522 586 1778 2462 1021 1470 667 584 870 1499 943 821 510 883 759 602 1449 667 640 780 1203 970 861 819 1173 2425 520 2542 563 1106 1375 688 575 625 708 808 958 648 664 1411 872 552 714 768 532 463 887 622 599 1562 1311 713 669 706 853 810 770 469 3417 730 1023 53668
internal_value=0 -0.0021904 -0.00168128 -0.0046564 0.000459969 0.000888637 0.00331871 0.0091499 0.0161053 0.0232997 -0.00179014 0 -0.00408214 -0.00815677 -0.00283897 -0.0106618 -0.00496682 -0.00738325 -0.0106804 -0.0164696 0.00160933 -0.0018111 -0.00475873 0 -0.00782499 -0.0091791 0.00455496 -0.0102918 -0.00522884 -0.0115457 0.000715974 0.000972485 0.00574984 0.0079855 0.0105247 0.00774322 0.00096616 0.0131731 0.0199147 -0.00409329 -0.00637449 -0.00259175 0.0098382 0.000580193 -0.00290646 -0.00816372 -0.0152129 0.00035137 -0.00562343 0.00446278 0.00103943 0.00145443 0.0119747 -0.00432843 -0.00670791 -0.0131325 -5.1209e-05 0.00540084 -0.00408927 0.0190951 0.02596 0.000945215 -0.00431566 0.00969399 0.00135115 -0.00284018 -0.0108262 0.00301393 0.00876406 -0.004734 -0.0123411 -0.0021149 0.00519131 0.0297848 -0.0105565 0.00153374 0.0127086 0.00198349
internal_weight=0 2232.34 2171.12 1013.49 544.907 1157.63 901.217 424.726 215.156 131.645 501.596 460.606 330.535 256.524 190.339 468.587 244.658 256.411 215.772 223.929 209.57 476.491 366.498 83.3312 147.149 200.172 133.57 232.928 164.944 118.79 8397.41 7984.92 592.255 547.733 497.25 448.171 205.491 242.679 171.572 412.488 358.953 268.61 92.1737 7392.66 845.488 497.061 273.315 223.746 162.464 348.427 6547.18 6088.52 272.429 458.653 405.801 200.75 205.051 137.907 150.121 174.243 105.591 5816.09 405.203 121.771 5410.89 697.339 297.017 400.322 233.092 167.23 124.908 154.491 96.8104 78.601 283.432 114.405 139.994 4713.55
internal_count=129748 28666 27892 13183 6939 14709 11256 5430 2713 1659 6421 5888 4294 3325 2389 6244 3227 3453 2867 3017 2717 5826 4356 1089 1890 2705 1610 2746 1925 1415 101082 95386 7172 6570 5903 5263 2652 2611 1831 5696 4877 3704 1279 88214 9941 5751 3195 2556 1868 4190 78273 73418 3066 4855 4147 2075 2072 1424 1820 2108 1300 70352 5389 1509 64963 8462 2873 5589 3431 2158 1559 2293 1483 1138 3880 1293 1648 56501
is_linear=0
shrinkage=0.0454652


Tree=43
num_leaves=79
num_cat=0
split_feature=11 15 6 17 3 17 0 21 0 17 16 30 0 15 7 9 11 21 15 1 11 15 12 7 3 21 17 3 21 30 16 15 12 12 0 21 11 0 12 15 32 21 3 12 17 17 12 15 3 16 3 15 16 15 8 0 0 7 12 30 3 11 3 3 15 21 9 21 3 15 12 0 16 7 7 21 0 15
split_gain=5.91305 11.5302 12.0084 9.13448 7.19373 5.98419 11.3832 6.30815 5.81247 5.59336 5.07731 10.0657 14.1243 27.1515 27.8613 12.6067 8.2899 10.3636 7.47725 8.10141 7.26592 7.26544 13.3484 15.8405 7.86934 11.5532 8.76285 18.5076 10.908 8.31955 7.18531 10.9219 6.85697 10.7721 7.74716 12.3439 10.8715 12.9617 12.9119 8.48655 7.43838 9.0699 7.17805 6.60868 7.25104 9.67031 6.46567 6.42442 8.78112 6.39717 6.27488 5.93164 5.77482 5.1751 5.09172 4.96724 4.96121 4.84632 4.69077 18.1607 20.6185 14.5931 12.31 11.3853 7.33218 12.3067 10.7578 8.56079 7.16959 14.7844 10.3148 9.62431 10.7126 10.1681 8.58146 11.2383 10.6378 12.5328
threshold=0.0097589162178337591 9.8898229598999041 1.5761457681655886 78.500000000000014 0.81088352203369152 29.500000000000004 1.0682148337364199 3.988239169120789 0.85049566626548778 1.0000000180025095e-35 0.82291585206985485 0.81174489855766307 0.856366127729416 24.807671546936039 16.048716545104984 0.29898005723953253 0.030223432928323749 4.3713374137878427 17.182117462158207 1.3275503516197207 0.14807300269603732 12.91022300720215 -0.032856961712241166 1.2692720890045168 0.35125786066055303 4.2913501262664804 57.500000000000007 0.4736775010824204 2.6608417034149174 -0.56174489110708226 0.68940004706382763 14.965861320495607 0.084119942039251341 0.030077075585722927 1.3644432425498965 16.04005336761475 0.13404234498739245 1.0066753625869753 0.13004025071859363 24.436732292175297 1.0000000180025095e-35 9.8750529289245623 0.69273892045021068 0.075927339494228377 23.500000000000004 50.500000000000007 0.062076915055513389 21.163750648498539 0.33150766789913183 0.90397462248802196 0.35826425254344946 19.837974548339847 0.8060806691646577 18.961866378784183 -1.0765611529350279 0.79669225215911876 0.92968416213989269 8.9960126876831072 0.0051620793528854856 -0.56174489110708226 0.81491544842720043 0.032524041831493385 0.60967284440994274 0.68240180611610424 6.465808868408204 0.66642057895660411 0.089087724685668959 -1.8009669184684751 0.28079642355442053 4.3135209083557138 -0.022106409072875973 0.95900759100914013 0.24282903969287875 3.5378807783126835 -9.9449734687805158 -6.5049414634704581 0.95587661862373363 4.1762125492095956
decision_type=2 2 2 2 2 2 2 2 2 2 2 2 2 2 2 2 2 2 2 2 2 2 2 2 2 2 2 2 2 2 2 2 2 2 2 2 2 2 2 2 2 2 2 2 2 2 2 2 2 2 2 2 2 2 2 2 2 2 2 2 2 2 2 2 2 2 2 2 2 2 2 2 2 2 2 2 2 2
left_child=1 2 3 -1 56 6 7 -3 -7 -2 21 16 13 14 -13 20 -12 57 19 43 53 52 30 50 25 29 28 -28 -26 -25 31 -23 33 47 35 36 37 42 -38 -36 41 46 -34 44 -19 -46 49 48 -20 -35 -24 -27 58 -14 -45 -4 -5 -18 68 62 -61 -62 64 -64 -60 66 -66 -68 69 -11 71 73 -73 -70 75 -72 77 -76
right_child=9 5 55 4 -6 8 -8 -9 -10 10 11 12 15 -15 -16 -17 17 18 32 -21 -22 22 23 24 26 51 27 -29 -30 -31 -32 -33 34 40 39 -37 38 -39 -40 -41 -42 -43 -44 54 45 -47 -48 -49 -50 -51 -52 -53 -54 -55 -56 -57 -58 -59 59 60 61 -63 63 -65 65 -67 67 -69 70 -71 74 72 -74 -75 76 -77 -78 -79
leaf_value=-0.008791937659884886 -0.0036946776905821734 -0.033591025276147324 0 0.0014718692619535611 -0.0083190768380677835 0.0052884353318739877 0.00014525400940546498 -0.0080444184294269604 -0.014883341503335432 0.0099429364016021763 0.01302406604578203 0.010000453354046307 0 -0.0053841942765985081 0.046545976194792289 0.014678629778310814 0.003111703319094761 0.0028017204956171937 0 0.0080945069361190013 0.0065965754328549727 -0.016937231727577169 -0.030639991253439247 0.00071975895593616684 -0.019223113690696649 0.0074369435661053402 0.007303491688342819 -0.026302756971493008 0.0038722890852000446 0.027838375791932966 -0.021941194286436386 0.014377892984036031 0.0094978389225882053 -0.0010739588607503645 0.0047371443564709721 0.028333122088801732 0.0056530530657986373 0.024348115349303544 -0.021240386901300302 -0.01926636017164356 -0.018041362676280506 -0.012678142737420824 -0.012540140827084824 -0.0040824090096309128 -0.026002646817305592 0 -0.0073515295860321784 -0.00094207603018344106 0.028076562536828387 0.020630240962188427 -0.007023317618749008 -0.011814518077003748 0.015891726971718648 -0.017909237577068641 -0.024847592506425053 0.01779634642583422 0.018893286095045102 0.022907972669166853 -0.001688079354099494 -0.0074407322384698509 -0.0025685189341112034 0.024264633328599242 -0.016681435849709055 0.0030744989312364067 0.03681014883779208 0.0022260664653693239 -0.0013955834231942845 0.020791626450753182 0.0013112494204684632 -0.01812325250270937 0 0.0014114828318508286 -0.0063529997265862658 0.011697166156493577 -0.02001300967981573 0.02467746347077884 0.010026739911387441 0.0022474793552622768
leaf_weight=283.26001908443868 627.85626955330372 66.523767387494445 57.893741885200143 88.531361877918243 66.023179668933153 67.752790100872517 50.072108671069145 40.508859667927027 44.424653992056847 55.820333393290639 103.32846738025546 119.30258886702359 59.98590137809515 86.762158906087279 71.002330282703042 90.454135758802295 62.535449158400297 133.56793052144349 43.813665805384517 64.123412834480405 65.715499430894852 49.698507634922862 40.003094628453255 40.105699148029089 42.744168877601624 68.491671552881598 54.422064315527678 73.520267864689231 405.25568046793342 69.725433038547635 105.03696280904114 35.263278929516673 78.288271874189377 44.732957758009434 65.306902384385467 49.445640401914716 87.536990411579609 84.873794998973608 56.238609109073877 47.946485515683889 92.907009402289987 113.8923011161387 43.891909312456846 47.770612863823771 52.270404139533639 61.924058083444834 59.538053466007113 116.0772646125406 44.407676286995411 55.556579239666462 72.514866702258587 55.786560961976647 47.780152428895235 84.850946361199021 72.760510228574276 87.983443677425385 59.43504493124783 51.560545450076461 95.325903115794063 957.75459248572588 82.882553664967418 73.861382806673646 84.526734909042716 177.77992544136941 53.847335021942854 158.45953486859798 54.433863183483481 81.554837198927999 979.60789728909731 100.90828536823392 64.181338805705309 821.81598056480289 647.84843769110739 244.44379422441125 55.65373214520514 99.71590724773705 335.12695569545031 408.28938606195152
leaf_count=3660 7193 941 819 1167 797 902 641 473 589 1021 1132 1187 630 855 503 802 614 1450 538 735 539 737 575 722 597 989 761 1152 5388 1003 1367 605 920 528 856 709 873 1023 599 727 1021 1361 554 514 538 670 711 1428 538 671 987 580 504 640 854 1070 645 548 1392 12066 1061 971 949 2070 609 2199 606 948 12454 1421 819 10050 7479 2899 721 1127 3877 4956
internal_value=0 -0.00338898 0 -0.00343952 0.00345381 -0.0112112 -0.0168912 -0.0250126 -0.00252272 0.000429409 0.00072063 0.00255954 0.00774246 0.0150802 0.0245781 0.000716957 0.000789779 0 -0.0010236 -0.00606439 -0.00521899 8.64289e-05 -0.00325831 -0.000917447 0.00127583 0.00826111 -0.00151764 -0.0118547 0.00140703 0.018745 -0.0141149 -0.00332878 0.000956781 -0.00240834 0.00478174 0.0077872 0.00446124 0.0111145 -0.00483276 -0.00532613 -0.00710228 -0.003003 0.00104502 -0.00872234 -0.00408709 -0.0123755 0.00373801 0.00575525 0.0147474 0.0108189 -0.0166173 -0.000925696 0.000751843 -0.0109414 -0.0174127 0.0112238 0.00911011 0.0129531 0.000603368 -0.00127904 -0.00490694 0.0100677 0.00437517 -0.00326681 0.00899129 0.0120383 0.0197577 0.0117805 0.00151517 -0.00782524 0.00193711 0.000470659 -0.00198623 0.00345705 0.00596948 0.0154277 0.00390017 -0.00047
internal_weight=0 912.409 643.127 497.25 213.99 269.282 157.105 107.033 112.177 9734.41 9106.56 2312.37 578.074 277.067 190.305 301.006 1734.3 1630.97 1516.87 432.417 210.552 6794.19 1112.57 922.57 810.052 234.109 575.942 127.942 448 109.831 189.999 84.9618 1084.45 570.926 513.529 400.275 350.83 207.054 143.776 113.253 366.627 273.72 122.18 368.294 247.762 114.194 159.828 204.299 88.2213 100.29 112.518 124.278 5681.62 144.837 120.531 145.877 147.966 114.096 5633.84 1820.43 1114.5 156.744 705.928 262.307 443.621 348.296 189.836 135.989 3813.41 156.729 3656.68 2693.72 1469.66 1224.05 962.967 163.897 799.07 463.943
internal_count=129827 11704 8158 6269 2609 3546 2055 1414 1491 118123 110930 25268 5156 2545 1690 2611 20112 18980 17818 4761 1809 85662 15463 12754 11192 3294 7898 1913 5985 1725 2709 1342 13057 6796 6261 4678 3969 2497 1472 1583 4292 3271 1474 4026 2658 1208 1910 2504 1076 1199 1562 1569 70199 1270 1368 1889 1812 1162 69695 22871 14098 2032 8773 3019 5754 4362 2163 1554 46824 2442 44382 32882 17529 15353 11500 1946 9554 5677
is_linear=0
shrinkage=0.0454652


Tree=44
num_leaves=79
num_cat=0
split_feature=2 2 28 7 13 13 3 28 3 3 3 13 15 3 13 33 28 5 8 6 8 5 2 3 19 13 3 3 3 17 17 6 3 13 7 2 2 14 18 2 13 7 7 2 28 18 3 3 17 3 14 0 20 6 5 3 17 17 13 8 28 28 3 15 14 28 18 17 7 0 15 3 6 28 6 15 28 8
split_gain=7.85997 10.0074 10.376 12.4982 9.33789 16.4423 13.2069 11.9717 8.5911 8.39584 7.86484 7.64734 6.30015 5.98995 18.5612 5.64631 8.78658 7.68781 7.72878 7.67106 7.17952 8.94352 7.21667 10.5916 10.1381 9.00551 8.70617 20.4766 19.3537 14.2846 24.2376 14.022 12.2298 10.3135 11.9927 15.8307 14.766 9.06504 8.98519 8.94793 8.68115 16.2187 14.0067 16.3004 13.7362 13.4381 12.9552 10.9738 11.307 9.74114 8.79541 8.52791 14.0023 10.9248 8.51725 8.18683 8.3084 7.78627 7.28927 7.27886 11.8621 11.7027 11.3924 11.1794 15.0997 10.8912 9.02947 11.7487 8.3443 10.612 9.08677 12.7531 19.6636 7.45753 7.32515 7.23786 10.2819 6.91686
threshold=0.37446981668472296 0.51571968197822582 -0.076279435306787477 -5.4949145317077628 0.015823861584067348 -0.022140733897686001 0.3756395429372788 0.81279832124710094 0.27024361491203314 0.42908270657062536 0.27024361491203314 0.014649988152086737 7.0227384567260751 0.37979398667812353 0.014649988152086737 0.9590476155281068 0.054511256515979774 1.7315292954444887 -2.3608106374740596 -2.8583076000213619 -3.8557348251342769 4.7367815971374521 0.83811452984809887 0.81491544842720043 0.15000000223517421 -0.039832223206758492 0.72657498717308056 0.65838301181793224 0.78282707929611217 25.500000000000004 52.500000000000007 5.5975334644317636 0.68240180611610424 0.016583525575697425 10.775326251983644 1.1897702217102053 1.9563776850700381 -1.5327571630477903 9.5000000000000018 1.2188519835472109 -0.011728588957339523 -4.6734542846679679 6.3768255710601816 1.0456221103668215 0.010907442308962378 64.500000000000014 0.81905439496040355 0.93399435281753551 86.500000000000014 0.94063594937324535 -5.604435682296752 0.66441544890403759 0.99466446042060863 11.873831748962404 -3.252493023872375 0.42741659283638006 29.500000000000004 15.500000000000002 0.056508135050535209 -0.71940645575523365 0.11969653144478799 0.47136868536472326 0.46149951219558721 17.182117462158207 -7.96258521080017 -0.05451125651597976 81.500000000000014 61.500000000000007 14.13529682159424 0.75526940822601329 14.016138553619387 0.51568681001663219 1.518636226654053 -0.54643493890762318 4.6414840221405038 4.593863010406495 0.74455857276916515 0.48834791779518133
decision_type=2 2 2 2 2 2 2 2 2 2 2 2 2 2 2 10 2 2 2 2 2 2 2 2 2 2 2 2 2 2 2 2 2 2 2 2 2 2 2 2 2 2 2 2 2 2 2 2 2 2 2 2 2 2 2 2 2 2 2 2 2 2 2 2 2 2 2 2 2 2 2 2 2 2 2 2 2 2
left_child=9 2 3 -2 5 7 -6 -4 -5 10 -1 -12 -7 -10 -15 16 17 -3 -19 -18 21 -17 23 24 -22 -26 27 51 37 31 -31 -29 -32 40 35 -35 -36 38 -28 -34 41 46 43 50 45 54 -30 48 -48 -46 -42 52 75 59 -45 -54 -57 -43 -38 60 -53 65 77 64 -64 68 67 -67 69 -61 71 72 -71 -70 -72 -24 -77 -63
right_child=1 15 4 8 6 12 -8 -9 13 -11 11 -13 -14 14 -16 20 19 18 -20 -21 22 -23 26 -25 25 -27 28 29 33 30 32 -33 39 34 36 -37 58 -39 -40 -41 42 57 -44 44 49 -47 47 -49 -50 -51 -52 53 55 -55 -56 56 -58 -59 -60 61 -62 62 63 -65 -66 66 -68 -69 73 70 74 -73 -74 -75 -76 76 -78 -79
leaf_value=0.013569392031242083 0.0057734905739244939 -0.0044237137484105403 0.023249957600533291 0.0012007203673711567 -0.0026256788206010327 -0.0054876068509338814 0.020301691465453322 -0.005671641413167566 -0.031391065136768308 0.027555582994052644 0.0053926040147112379 -0.019958161513160651 -0.024521270020978144 -0.025325292215144492 0.0076902260035445385 0.0023299778094757685 0.016254137511887805 -0.012913784085777914 0.010050673703810034 0.0037136136741296706 -0.00089623607504935965 0.021560416356050025 0.0088058377546508179 0.014723217105256727 -0.0096439053438564411 0.0075004304487115399 9.856240947617982e-05 -0.019294158897902224 -0.016057477493596501 0.031007626242299226 -0.0066622049870459403 0.005505965900727338 0 0.0049944295519010248 0.019767004068154997 -0.020541748433219757 -0.015670334414252061 0.0036710182077914402 -0.016581795698776689 0.021981348053029096 0.0040593309256752664 -0.0010740241699098874 -0.0099625713306964667 0.0052006094395908925 0.0095245071446373245 0.02291061967622424 0.024273997319278574 -0.0054365141726352654 0.00058246837998459115 0.031592033494045248 -0.020424171622140806 0.0050277856578330952 0.024617935046970723 -0.015099088926273145 -0.015387541994130826 -0.0034011255932769268 0.017666153482422935 -0.023276717714055508 0.0050080849217865007 -0.017956587788517182 -0.0060838398477329313 -0.016904854599829256 0.015147481048520641 0.025951467321171619 -0.012163430220899026 -0.028519800929085171 0 -0.0048896153004827922 -0.016074923517772979 0.013483177358705937 -0.00035315513654637416 -0.007715020139459166 -0.014888724143897974 0.00024351303468818746 0.02012433913799248 -0.022000759680232029 0.003673937814466492 0.0018900147219405392
leaf_weight=85.486335897818208 63.148071810603142 372.24074530601501 47.563647674396634 43.804173942655325 124.24137993529439 83.032485764473677 80.718051521107554 62.108113026246428 67.366673335433006 36.074283063411713 52.491707937791944 37.532045777887106 79.26861834153533 90.040072027593851 50.802113614976406 248.35303670912981 150.20969472452998 30.881737995892763 181.78775927610695 345.78730060346425 1777.1468729153275 61.626725193113089 49.282575916498899 116.44390039891005 64.973230727016926 592.26963036134839 74.13391675055027 60.065687481313944 59.344017028808594 107.92707529291511 100.56900046020746 171.26048676669598 61.096954740583897 63.369606018066406 58.219153359532356 179.19568423181772 77.694373909384012 65.257533308118582 370.45348580554128 91.078517276793718 59.116245944052935 56.59217356517911 105.0666027367115 105.48742358759046 96.331740066409111 53.782624173909426 89.677319496870041 92.329675782471895 83.119117047637701 91.844952832907438 51.25558627769351 621.78449475392699 71.975003711879253 131.03995869681239 61.528849799185991 84.751683998852968 61.615060687065125 94.481923803687096 54.43589773774147 65.75626914575696 284.43590914830565 63.662135891616344 91.657228395342827 61.333424128592014 69.111310206353664 109.27348294109106 68.789919633418322 83.022927686572075 165.5456983409822 182.86512614041567 57.610454689711332 329.99458188936114 64.092855222523212 78.901432119309902 75.354961600154638 69.073208186775446 50.814884856343269 89.181464992463589
leaf_count=1472 763 12034 670 659 1520 1049 869 728 896 307 723 566 1024 1010 567 2462 4792 951 5663 10704 17169 595 548 1034 655 5536 702 643 599 1033 931 1676 584 641 609 1826 747 612 3583 907 572 551 1054 1111 820 555 807 1015 781 886 548 5970 675 1132 693 801 606 1074 531 646 2622 614 812 520 608 1050 680 816 1555 1858 604 3236 632 758 825 705 594 821
internal_value=0 -0.000211474 -0.00511296 -0.0114688 -0.000749818 -0.00632252 0.00639062 0.00682709 -0.0160029 0.00855626 0.00384155 -0.00506569 -0.0154507 -0.0198056 -0.0131988 0.000187488 0.00328026 -0.000421338 0.00631041 0.00771074 -0.000197992 0.0065392 -0.000459629 0.00154068 0.000866508 0.00568272 -0.00136134 -2.37739e-05 -0.00373768 0.00767698 0.0132922 -0.000949447 0.00516448 -0.00113914 -0.00706479 -0.0137005 0.00125048 -0.0113842 -0.0137161 0.0132625 0.00116637 -0.00338628 0.00471068 0.00782694 0.0120336 0.00393978 0.00223807 0.00669595 0.0134303 0.0209913 -0.00720755 -0.00152749 0.00470345 -0.00244781 -0.00228528 0.0122781 0.00538209 -0.0155213 -0.00689829 -0.00175881 0.00147494 -0.00355692 0.00339989 0.00998132 0.00310066 -0.00563512 -0.0139139 -0.0188799 -0.00342161 -0.00102318 0.000570726 -0.00184469 0.00580306 -0.010694 0.01115 -0.00485024 -0.0109625 -0.00586383
internal_weight=0 10449.5 792.093 315.161 476.932 271.973 204.959 109.672 252.013 211.584 175.51 90.0238 162.301 208.209 140.842 9657.36 1080.91 584.91 212.669 495.997 8576.46 309.98 8266.48 2550.83 2434.39 657.243 5715.64 3672.92 2042.72 591.998 360.672 231.326 252.744 1532.87 432.915 242.565 190.349 509.845 444.587 152.175 1099.96 475.544 624.414 519.347 408.976 220.799 324.47 265.126 172.796 188.177 110.372 3080.93 387.512 2693.41 167.016 218.342 146.367 151.074 132.13 2562.37 906.22 1656.15 374.946 222.102 160.769 1281.21 261.086 192.296 1020.12 775.674 709.918 576.953 246.958 244.447 132.965 169.171 119.888 152.844
internal_count=130197 127129 9755 3895 5860 3471 2389 1398 3132 3068 2761 1289 2073 2473 1577 117374 34144 18648 6614 15496 83230 3057 80173 24394 23360 6191 55779 35462 20317 5774 3455 2319 2422 15420 4354 2467 1887 4897 4285 1491 11066 4827 6239 5185 4065 2359 3202 2603 1588 1706 1120 29688 3929 25759 1804 2082 1407 1625 1278 24627 8592 16035 3375 1940 1420 12660 2546 1866 10114 7801 7155 5726 2490 2313 1429 1847 1299 1435
is_linear=0
shrinkage=0.0454652


Tree=45
num_leaves=79
num_cat=0
split_feature=29 21 20 21 2 13 18 2 17 14 13 13 23 13 27 21 14 27 5 2 18 27 13 20 27 27 18 6 14 13 2 13 21 12 20 23 14 23 2 14 21 30 2 12 21 27 6 6 2 2 23 14 30 17 18 21 17 18 12 5 2 29 14 23 21 27 13 20 13 23 23 12 6 27 21 20 23 18
split_gain=11.0462 6.40937 5.82656 12.4983 20.5877 14.2258 14.4621 11.6244 9.74345 8.49486 11.401 27.6222 15.8305 13.5395 10.668 10.4398 9.40504 9.49425 17.3068 15.858 9.41376 9.34212 9.27668 8.57136 10.825 7.30254 9.6426 7.27448 8.20736 7.22093 15.968 11.8135 13.31 13.1605 17.3759 11.4996 13.3905 10.887 10.0014 7.14983 6.98033 10.808 11.6336 7.97705 7.72454 12.1972 10.5263 9.67057 8.86241 10.5049 10.0781 6.83383 9.82995 9.28206 8.98519 6.81698 13.4356 7.17687 7.91211 6.85569 6.71757 6.08911 11.7732 16.1814 11.9062 9.48425 9.30815 25.8483 25.9389 15.4226 10.4553 9.65322 12.1408 9.03844 8.01231 7.39563 7.18364 7.50582
threshold=-0.60785761475563038 -2.0181144475936885 2.7829939126968388 4.684129238128663 1.03980427980423 0.0047463832888752231 79.500000000000014 1.7274203896522524 16.500000000000004 -2.755683064460754 0.074661765247583403 0.059824502095580108 0.71578893065452587 0.024823925457894806 -0.50938662886619557 5.5577111244201669 -5.000307321548461 0.31107263267040258 -0.89792954921722401 0.5606922209262849 42.500000000000007 -0.7866188883781432 0.032247306779026992 2.0075125694274907 0.4904943853616715 -0.31107263267040247 81.500000000000014 4.419304847717286 -9.9128627777099592 0.030273389071226123 0.74712160229682933 0.049692569300532348 16.04005336761475 0.14188502728939059 9.1900138854980487 0.76021230220794689 -1.0705773830413816 0.83516377210617077 2.7465088367462163 -4.3529210090637198 4.8446080684661874 0.81174489855766307 0.77472031116485607 0.034155458211898811 1.5857484340667727 0.86046862602233898 2.5424718856811528 -4.0081651210784903 0.93303248286247265 1.1318909525871279 0.71290576457977306 -2.7035269737243648 1.0000000180025095e-35 14.500000000000002 81.500000000000014 6.9467070102691659 4.5000000000000009 83.500000000000014 0.073412269353866591 3.9177170991897587 0.64180606603622448 1.0000000180025095e-35 -6.7920160293579093 0.81175503134727489 -0.11795637756586073 0.1413247883319855 -0.045049434527754777 -0.38901689648628229 -0.062909260392189012 0.97438952326774608 0.74551957845687877 -0.06390750408172606 -4.9811303615570059 0.69930991530418407 -10.612798690795897 -10.068832397460936 0.75441983342170726 77.500000000000014
decision_type=2 2 2 2 2 2 2 2 2 2 2 2 2 2 2 2 2 2 2 2 2 2 2 2 2 2 2 2 2 2 2 2 2 2 2 2 2 2 2 2 2 2 2 2 2 2 2 2 2 2 2 2 2 2 2 2 2 2 2 2 2 2 2 2 2 2 2 2 2 2 2 2 2 2 2 2 2 2
left_child=1 -1 9 4 8 6 -5 -6 -4 16 11 13 -13 25 -15 22 23 19 39 -18 21 -21 -16 40 27 -11 -27 28 -25 30 -7 38 35 -34 -35 36 -33 -32 55 -19 44 42 -42 -44 61 46 47 -46 50 -50 -49 53 -53 -37 -54 -31 57 58 -57 -58 -52 66 74 64 -64 -66 67 68 70 -70 -2 72 -68 -69 75 -63 -73 -78
right_child=2 -3 3 5 7 29 -8 -9 -10 10 -12 12 -14 14 15 -17 17 18 -20 20 -22 -23 -24 24 -26 26 -28 -29 -30 31 37 32 33 34 -36 51 -38 -39 -40 -41 41 -43 43 -45 45 -47 -48 48 49 -51 60 52 54 -55 -56 56 59 -59 -60 -61 -62 62 63 -65 65 -67 71 73 69 -71 -72 76 -74 -75 -76 -77 77 -79
leaf_value=-0.027696110495921349 0.017870296218116678 -0.0049269105004190799 -0.0018210059592276872 -4.508778232411655e-05 -0.018749216756630951 0.018340893645711107 0.027509064921511839 0.00032249205512230984 0.020014945776858681 0.026290342163748339 -0.0065988989287894678 0.04113301818345088 0.0073771734961704917 -0.016486563283469001 -0.0016176989140430018 -0.0060787900338369373 -0.020249183733086772 0.0012589673674933621 -0.003720187762539154 -0.029117659042523853 -0.00027047660005913185 -0.0022729721900740033 0.02241122473082198 -0.0070348564033105854 0.017606513461824198 0.016175830776670598 -0.0080203143729434736 -0.012997905841293348 0.015030901999814222 -0.0046809928307979505 -0.020129275081735142 -0.0088657592103297267 -0.0096220687271105741 0.038175102455759974 -0.00025766714974098979 -0.012601561494165256 0.017271983258210537 -0.0036986284291949901 -0.011450858770620633 0.021553580405865417 0.022048617252072793 0.022878712827716908 -0.016150150198592599 0.00520497154520317 -0.022094166586050727 0.0086877797162171252 -0.019155857103439478 0.0092089030138712662 0.026034182366071097 -0.0013841394454252192 -0.026342186056354047 -0.019761403419828912 0.006719595457676396 0.012645915732168039 -0.012470396378408874 0.0064021055537694573 0.0041529592085133536 0.012908786356199482 -0.017303874218323818 0.026450578258111947 -0.0034872758812789844 0.0067843376230455298 0.03846120021202229 0.0010155273324916516 -0.0032408065882353313 0.02476044110234886 -0.0049179930922889472 -0.016504874108366232 0.043082143022144748 0.0098507808648136842 -0.0086149165999344739 -0.0050871015891648871 -0.026018202137887195 0.0059801526559521371 0.0020515555375716912 -0.010684565003018382 0.0049101540202427475 -0.0083216103853900134
leaf_weight=39.271123917773366 40.517428716644645 85.599907413125038 270.92413943074644 73.585522703826427 275.79111630469561 46.241706173866987 72.742373865097761 79.774935672059655 45.432950362563133 56.016690094023943 129.62799743190408 67.891439190134406 58.176705341786146 78.823593156412244 53.788702137768269 139.91200578212738 137.54859717935324 65.669557150453329 396.09512537159026 48.291165366768837 489.62496846914291 65.463051982223988 68.511704236268997 50.664141681045294 140.81300116889179 76.858727194368839 52.447073420509696 50.937665784731507 84.874763388186693 56.203227423131466 118.18676817417145 68.822690026834607 40.215773874893785 46.446151297539473 41.997953031212091 51.577667405828834 84.149653328582644 303.65641528367996 49.780198644846678 94.601681804284453 40.418912941589952 69.372042061761022 62.470614375546575 71.305845374241471 44.63644658960402 106.31375131756067 124.30525479093194 51.09351197630167 43.743737829849124 64.232531953603029 48.720720734447241 169.10411704517901 80.466995546594262 60.89364348910749 115.19354814104736 55.173421794548631 46.442670656368136 78.11800235696137 50.571560068055987 120.11753885447979 68.378884652629495 60.204693946987391 52.623163437470794 181.05413256958127 46.871395923197269 42.290754413232207 357.09840461611748 110.06320167146623 64.884372977539897 63.09156503342092 95.202100116759539 405.15319951064885 66.257431758567691 48.187223091721535 2377.1097087264061 195.07483404874802 521.01164316572249 100.61091447435319
leaf_count=585 613 1204 3368 894 3545 484 836 969 561 495 1332 587 569 707 475 1666 1567 795 5093 586 5444 760 768 640 1757 834 613 751 1029 636 1336 817 486 571 683 615 726 3930 641 1154 537 787 981 1036 593 1413 1731 694 571 868 590 2066 639 705 936 591 590 847 608 1362 817 711 551 2198 624 635 4494 1255 783 712 1300 5154 872 605 29492 2900 6487 1266
internal_value=0 -0.0131165 0.000268233 -0.00163928 -0.00692495 0.000286306 0.0137034 -0.0143796 0.00137788 0.000869167 0.00536289 0.0078401 0.026651 0.00307219 -0.00219525 0.00210469 0.000374747 -0.00311677 0.00129562 -0.00648446 -0.00315123 -0.0146975 0.0117465 0.00114587 0.00826612 0.0128613 0.00605099 0.000730739 0.0064689 -0.000881436 -0.00566835 0.000935141 -0.00249262 0.0104963 0.0201924 -0.00527181 0.00527722 -0.00856541 0.00671198 0.0137728 0.000717014 0.00818956 0.00167588 -0.00459662 0.00036361 -0.00469932 -0.00805532 -0.00341718 0 0.00983252 -0.00659161 -0.00877062 -0.0117711 0.000613413 -0.00435812 0.00914607 0.0115297 0.00263237 -0.00471285 0.0207674 -0.0139663 0.000955531 0.00224484 0.0104031 0.021692 0.0100203 -0.0010542 0.00481699 0.013532 0.0278801 -6.80105e-05 -0.00280482 -0.00855152 -0.0093795 0.00121123 -0.00633468 -0.000363552 0.00265025
internal_weight=0 124.871 10530.5 2501.61 671.923 1829.69 146.328 355.566 316.357 8028.94 782.055 652.427 126.068 526.358 341.036 262.212 7246.88 1297.29 556.366 740.928 603.379 113.754 122.3 5949.59 327.29 185.322 129.306 186.477 135.539 1683.36 468.085 1215.27 758.868 128.66 88.4441 630.208 152.972 421.843 456.407 160.271 5622.3 243.567 174.195 133.776 5378.73 551.425 445.111 320.806 276.169 107.976 168.193 477.236 364.765 112.471 195.661 406.626 350.423 183.863 105.745 166.56 117.1 4827.31 2955.23 322.839 141.785 89.1622 1872.08 421.946 263.695 127.976 135.72 1450.13 423.356 158.25 2632.39 255.28 1026.78 621.623
internal_count=130123 1789 128334 29442 8443 20999 1730 4514 3929 98892 8046 6714 1156 5558 3616 2909 90846 15399 7042 8357 6790 1346 1243 75447 4177 1942 1447 2420 1669 19269 5750 13519 8244 1740 1254 6504 1543 5266 5275 1949 71270 3341 2554 2017 67929 7277 5864 4133 3540 1439 2101 4961 3641 1320 1575 4634 3998 2046 1199 1952 1407 60652 37111 4008 1810 1259 23541 5268 3408 1495 1913 18273 5366 1860 33103 3611 12907 7753
is_linear=0
shrinkage=0.0454652


end of trees

feature_importances:
Column_3=361
Column_13=230
Column_2=207
Column_27=179
Column_15=178
Column_28=177
Column_12=176
Column_14=172
Column_21=168
Column_7=163
Column_16=159
Column_23=156
Column_0=135
Column_29=120
Column_5=119
Column_11=116
Column_18=116
Column_30=114
Column_17=84
Column_20=80
Column_10=66
Column_22=66
Column_6=60
Column_9=50
Column_4=44
Column_8=42
Column_33=19
Column_1=16
Column_31=5
Column_32=5
Column_25=2
Column_19=1
Column_24=1
Column_26=1

parameters:
[boosting: gbdt]
[objective: binary]
[metric: auc]
[tree_learner: serial]
[device_type: cpu]
[data_sample_strategy: bagging]
[data: ]
[valid: ]
[num_iterations: 600]
[learning_rate: 0.0454652]
[num_leaves: 79]
[num_threads: 2]
[seed: 0]
[deterministic: 0]
[force_col_wise: 0]
[force_row_wise: 0]
[histogram_pool_size: -1]
[max_depth: -1]
[min_data_in_leaf: 525]
[min_sum_hessian_in_leaf: 0.001]
[bagging_fraction: 0.774687]
[pos_bagging_fraction: 1]
[neg_bagging_fraction: 1]
[bagging_freq: 1]
[bagging_seed: 3]
[feature_fraction: 0.515409]
[feature_fraction_bynode: 1]
[feature_fraction_seed: 2]
[extra_trees: 0]
[extra_seed: 6]
[early_stopping_round: 0]
[early_stopping_min_delta: 0]
[first_metric_only: 0]
[max_delta_step: 0]
[lambda_l1: 1.07292]
[lambda_l2: 4.08529]
[linear_lambda: 0]
[min_gain_to_split: 0]
[drop_rate: 0.1]
[max_drop: 50]
[skip_drop: 0.5]
[xgboost_dart_mode: 0]
[uniform_drop: 0]
[drop_seed: 4]
[top_rate: 0.2]
[other_rate: 0.1]
[min_data_per_group: 100]
[max_cat_threshold: 32]
[cat_l2: 10]
[cat_smooth: 10]
[max_cat_to_onehot: 4]
[top_k: 20]
[monotone_constraints: ]
[monotone_constraints_method: basic]
[monotone_penalty: 0]
[feature_contri: ]
[forcedsplits_filename: ]
[refit_decay_rate: 0.9]
[cegb_tradeoff: 1]
[cegb_penalty_split: 0]
[cegb_penalty_feature_lazy: ]
[cegb_penalty_feature_coupled: ]
[path_smooth: 0]
[interaction_constraints: ]
[verbosity: -1]
[saved_feature_importance_type: 0]
[use_quantized_grad: 0]
[num_grad_quant_bins: 4]
[quant_train_renew_leaf: 0]
[stochastic_rounding: 1]
[linear_tree: 0]
[max_bin: 255]
[max_bin_by_feature: ]
[min_data_in_bin: 3]
[bin_construct_sample_cnt: 200000]
[data_random_seed: 1]
[is_enable_sparse: 1]
[enable_bundle: 1]
[use_missing: 1]
[zero_as_missing: 0]
[feature_pre_filter: 1]
[pre_partition: 0]
[two_round: 0]
[header: 0]
[label_column: ]
[weight_column: ]
[group_column: ]
[ignore_column: ]
[categorical_feature: ]
[forcedbins_filename: ]
[precise_float_parser: 0]
[parser_config_file: ]
[objective_seed: 5]
[num_class: 1]
[is_unbalance: 0]
[scale_pos_weight: 1]
[sigmoid: 1]
[boost_from_average: 1]
[reg_sqrt: 0]
[alpha: 0.9]
[fair_c: 1]
[poisson_max_delta_step: 0.7]
[tweedie_variance_power: 1.5]
[lambdarank_truncation_level: 30]
[lambdarank_norm: 1]
[label_gain: ]
[lambdarank_position_bias_regularization: 0]
[eval_at: ]
[multi_error_top_k: 1]
[auc_mu_weights: ]
[num_machines: 1]
[local_listen_port: 12400]
[time_out: 120]
[machine_list_filename: ]
[machines: ]
[gpu_platform_id: -1]
[gpu_device_id: -1]
[gpu_use_dp: 0]
[num_gpu: 1]

end of parameters

pandas_categorical:null
