tree
version=v4
num_class=1
num_tree_per_iteration=1
label_index=0
max_feature_idx=33
objective=binary sigmoid:1
feature_names=Column_0 Column_1 Column_2 Column_3 Column_4 Column_5 Column_6 Column_7 Column_8 Column_9 Column_10 Column_11 Column_12 Column_13 Column_14 Column_15 Column_16 Column_17 Column_18 Column_19 Column_20 Column_21 Column_22 Column_23 Column_24 Column_25 Column_26 Column_27 Column_28 Column_29 Column_30 Column_31 Column_32 Column_33
feature_infos=[0.22403052449226379:4.806818962097168] [0.027025075629353523:26.170040130615234] [0.17134076356887817:8.6935958862304688] [0.087584272027015686:1] [-28.67047119140625:41.262332916259766] [-36.190670013427734:42.326030731201172] [-36.841156005859375:62.500308990478516] [-45.158794403076172:63.120437622070312] [-22.455821990966797:30.680826187133789] [0:0.95389312505722046] [0:0.64536702632904053] [0:0.40022626519203186] [-0.51016271114349365:0.5480339527130127] [-0.15783818066120148:0.22172828018665314] [-46.22015380859375:17.161741256713867] [-8.3726015090942383:64.2962646484375] [0:1] [0:95] [0:95] [-1:1] [-29.775985717773438:44.984848022460938] [-30.712318420410156:55.0223388671875] [-2.5033562183380127:15.253066062927246] [0.049656935036182404:4.0791497230529785] [-1:1] [0:1] [0:1] [-1:1] [-1:1] [-0.78183150291442871:0.97492790222167969] [-0.90096884965896606:1] [0:1] [0:1] [0.99500000476837158:3]
tree_sizes=1726 1805 1808 1812 1785 1796 1795 1823 1767 1815 1810 1790 1770 1796 1793 1800 1783 1809 1810 1782 1825 1789 1796 1744 1801 1815 1802 1818 1781 1806 1818 1805 1814 1804 1813 1795 1805 1805 1792 1816 1808 1799 1820 1776 1781 1786 1783 1783 1810 1784 1793 1773 1811 1825 1810 1799 1809 1817 1803 1788 1798 1781 1807 1823 1817 1778 1815 1782 1803 1807 1811 1754 1816 1814 1768 1805 1817 1813 1822 1812 1824 1809 1774 1789 1809 1823 1812 1809 1803 1816 1806 1795 1764 1763 1784 1803 1811 1815 1795 1803 1812 1809 1825 1822 1814 1783 1813 1793 1776 1810 1822 1818 1801 1816 1811 1811 1773 1800 1828 1819 1808 1813 1821 1781 1784 1769 1816 1785 1806 1773 1821 1784 1797 1799 1772 1795 1796 1785 1796 1826 1805 1809 1767 1819 1819 1794 1789 1806 1788

Tree=0
num_leaves=15
num_cat=0
split_feature=28 33 2 3 29 14 2 14 3 29 0 4 14 17
split_gain=113.317 128.338 82.556 52.7946 49.485 39.8503 40.5195 34.4219 31.7595 31.8099 44.3869 29.2225 28.2516 35.3908
threshold=-0.22706275433301923 1.497500002384186 0.52029353380203258 0.22681293636560443 1.0000000180025095e-35 -6.5548269748687735 0.54125031828880321 -3.0495204925537105 0.34301775693893438 -0.60785761475563038 0.54879504442214977 0.41466559469699865 -15.874293327331541 62.500000000000007
decision_type=2 8 8 10 2 10 10 10 8 2 10 10 10 2
left_child=5 -2 3 -3 8 6 -1 -6 -4 -10 -11 -7 13 -8
right_child=1 2 4 -5 7 11 12 -9 9 10 -12 -13 -14 -15
leaf_value=-1.0372646505111207 -1.0289318836944528 -1.0358438770055773 -1.0311527640581515 -1.0300329564184938 -1.0366000093734424 -1.0296905479030833 -1.0337534450306789 -1.0335335744902718 -1.030002769397341 -1.039493514644541 -1.0343145680282226 -1.0322954997371017 -1.0334478394320499 -1.0295273046447115
leaf_weight=208.8288954757154 398.46179589629173 210.81010024063289 315.28066015616059 539.52728900313377 2443.9915015716106 798.03281231038272 306.03126671910286 432.20897338539362 128.31140498816967 193.82265269383788 1282.2295781821012 1142.7863362506032 1860.162108162418 501.39759826101363
leaf_count=2999 2123 2692 4132 7384 31976 9846 4008 6144 1712 2677 16893 14343 23533 6592
internal_value=-1.03353 -1.0344 -1.0348 -1.03173 -1.0353 -1.03231 -1.03309 -1.03614 -1.03401 -1.03461 -1.03505 -1.03119 -1.03274 -1.03117
internal_weight=0 5944.64 5546.18 750.337 4795.84 4817.24 2876.42 2876.2 1919.64 1604.36 1476.05 1940.82 2667.59 807.429
internal_count=137054 75733 73610 10076 63534 61321 37132 38120 25414 21282 19570 24189 34133 10600
is_linear=0
shrinkage=1


Tree=1
num_leaves=15
num_cat=0
split_feature=28 33 27 29 27 13 3 3 5 18 12 13 11 13
split_gain=110.512 131.727 86.6318 72.2862 60.44 49.8883 60.8665 29.7802 28.8909 28.6271 24.8324 23.0172 21.8884 21.0461
threshold=-0.3317298144102096 1.497500002384186 -0.032717135734856122 -1.0000000180025095e-35 -0.91080963611602772 -0.075761299580335603 0.20865205675363543 0.36191920936107641 -4.4511368274688712 79.500000000000014 -0.025027045048773285 0.035555833950638778 0.05490552447736264 -0.0066737409215420476
decision_type=2 8 2 2 2 8 10 10 10 2 10 10 8 10
left_child=-1 -2 3 12 9 -4 -7 10 -6 -5 -8 -10 -3 -9
right_child=1 2 5 4 8 6 7 13 11 -11 -12 -13 -14 -15
leaf_value=0.0012151341124474249 0.0045175664403277064 0.0032530256738021054 0.0044847986856181308 -0.0023117076534568486 0 -0.0056137167508889599 -0.0019173662644850144 -0.002105240308869378 -0.0064098265107385846 0.0022023844946085867 0.0021201433480370442 -0.0024405009188007633 -0.0008744539139115483 4.7989822776464321e-05
leaf_weight=4422.2525439169258 422.03543266654015 204.26305416785181 213.02415002882481 846.81814478896558 97.689991734921932 212.09027407690883 176.4890654720366 772.11925417929888 792.95789727568626 157.26700140349567 795.27342518232763 245.19740621000528 316.00226002186537 1056.8501369580626
leaf_count=56381 2244 2999 2881 11115 1475 2713 2675 10518 10212 2242 10527 3285 3921 13658
internal_value=0 -0.000867254 -0.00126557 -0.00261403 -0.00343649 -0.000137498 -0.000488236 -7.14774e-05 -0.00504427 -0.00155337 0.00133628 -0.00553571 0.000692936 -0.00084394
internal_weight=0 6308.08 5886.04 2660.2 2139.93 3225.85 3012.82 2800.73 1135.85 1004.09 971.762 1038.16 520.265 1828.97
internal_count=136846 80465 78221 35249 28329 42972 40091 37378 14972 13357 13202 13497 6920 24176
is_linear=0
shrinkage=0.0101079


Tree=2
num_leaves=15
num_cat=0
split_feature=28 33 27 13 3 2 0 11 14 2 23 14 17 6
split_gain=98.0656 125.118 99.0152 36.1994 64.074 71.3682 34.0298 33.2368 23.0719 35.2002 29.2395 22.5762 37.6249 27.1463
threshold=-0.22706275433301923 1.497500002384186 -0.032717135734856122 -0.075761299580335603 0.20865205675363543 0.52029353380203258 0.69160878658294689 0.12833435833454135 -6.3095524311065665 0.52591371536254894 0.7518688738346101 -15.874293327331541 61.500000000000007 -10.834627151489256
decision_type=2 8 2 8 10 8 10 10 10 10 10 10 2 10
left_child=8 -2 6 -4 -5 -6 -3 -7 9 -1 -10 12 -11 -14
right_child=1 2 3 4 5 7 -8 -9 10 11 -12 -13 13 -15
leaf_value=-0.0035039277789035107 0.0044988380497071644 -0.0042663696206182806 0.0039879330870068236 -0.0057073599736131263 0.0034091170522742762 -0.0011418057620973185 -0.001753621040553424 0.0032876190802365525 0.0058964354810058916 -0.00045099912349626334 0.001509273900586993 0.00019723812921079698 0.0002018145974613695 0.0054664562050537263
leaf_weight=197.28948162309825 403.80797599256039 967.51537701301277 204.23839862830937 203.09216704592109 521.03356153517962 1941.4175912123173 1518.5657102577388 178.86637165956199 175.10595556162298 308.26946628466249 1685.0983815994114 1954.7679095081985 163.01193797402084 347.60890966281295
leaf_count=2814 2142 12597 2775 2598 6910 26185 20374 2114 1755 4025 21465 24737 2170 4500
internal_value=0 -0.000859878 -0.00126381 -2.83915e-05 -0.000340878 7.17208e-05 -0.00275782 -0.000738657 0.001078 0.000504572 0.00196634 0.000813089 0.00221879 0.00389163
internal_weight=0 5938.54 5534.73 3048.65 2844.41 2641.32 2486.08 2120.28 4831.15 2970.95 1860.2 2773.66 818.89 510.621
internal_count=137161 75695 73553 40582 37807 35209 32971 28299 61466 38246 23220 35432 10695 6670
is_linear=0
shrinkage=0.0101079


Tree=3
num_leaves=15
num_cat=0
split_feature=28 33 2 3 22 29 14 23 2 14 13 29 5 13
split_gain=106.361 107.829 75.2639 53.271 46.5379 34.3708 26.2637 45.4136 37.4941 25.5763 25.4981 24.9032 24.5668 22.5786
threshold=-0.24825246632099149 1.497500002384186 0.54125031828880321 0.22681293636560443 -0.84698212146759022 -1.0000000180025095e-35 -6.9678828716278067 0.70012906193733226 0.54125031828880321 -16.020523071289059 0.018309410661458973 1.0000000180025095e-35 -2.269339799880981 0.041838377714157111
decision_type=2 8 8 10 10 2 10 10 10 10 10 2 10 10
left_child=6 -2 3 -3 5 -4 8 -8 -1 12 -5 -6 -10 -7
right_child=1 2 4 10 11 13 7 -9 9 -11 -12 -13 -14 -15
leaf_value=-0.0037431315201223152 0.00412217654942971 -0.0026800146514918163 0.00064898663587866434 0.0015163103510326607 -0.00019593792992829485 -0.0051975886589396047 0.0083555169627478297 0.0015948461721480795 0.00093142998589150895 7.5987800167083135e-05 0.0061751635241184214 -0.0019082639903481738 0.0048751720606929052 -0.00052827291649143546
leaf_weight=191.65604535862803 396.06492586433887 219.89056000486016 141.1044716835022 457.09955243580043 1512.406364666298 722.5899873226881 104.09569417126477 1939.6545661948621 526.81031541340053 1722.5288421437144 180.34162511304021 2231.6117628756911 254.09095770679414 149.08624259196222
leaf_count=2727 2097 2829 2045 6051 19675 9796 960 24503 6809 21909 2696 29409 3395 2164
internal_value=0 -0.000902778 -0.0012696 0.00145172 -0.00177011 -0.00370601 0.00112082 0.00198874 0.000443905 0.000790984 0.00295462 -0.00122917 0.00230078 -0.00445655
internal_weight=0 6010.2 5614.13 857.332 4756.8 1012.78 4738.84 2043.75 2695.09 2503.43 637.441 3744.02 780.901 871.676
internal_count=137065 76762 74665 11576 63089 14005 60303 25463 34840 32113 8747 49084 10204 11960
is_linear=0
shrinkage=0.0101079


Tree=4
num_leaves=15
num_cat=0
split_feature=0 27 33 27 23 18 29 16 16 11 17 12 11 8
split_gain=97.1081 72.9151 46.0569 38.374 43.958 41.6915 36.1316 33.5523 37.9088 32.7544 27.0722 23.6387 22.8673 21.9458
threshold=0.5904124677181245 -0.49049438536167139 1.497500002384186 -0.71473535895347584 1.1095337271690371 88.500000000000014 -1.0000000180025095e-35 0.76713833212852489 0.16810092329978946 0.058026932179927833 47.500000000000007 0.018480815924704078 0.04929447919130326 0.794835925102234
decision_type=10 2 8 2 10 2 2 10 8 10 2 10 10 10
left_child=1 -1 10 4 5 6 9 8 -3 -4 -2 -9 -5 -10
right_child=2 7 3 12 -6 -7 -8 11 13 -11 -12 -13 -14 -15
leaf_value=-0.0076468745108811955 0.00054987278637008143 0.0021952940331139139 0.0050494828841930895 -5.3146037403793823e-05 0.00036466451318835222 0.0026388697202027077 -0.0040427061430911146 0.0052176457160381948 -0.003886886747131362 -0.0029795460603560149 0.0048426986184340638 -0.000632983426048707 0.0011693365641544061 0
leaf_weight=222.39245943911374 299.43771177530289 153.08277862332761 89.849984809756279 2742.1439585909247 1293.2438894677907 135.72459275461733 790.16147623211145 108.85356613993645 679.88225881010294 99.426596848294139 356.01253072917461 150.16463440656662 3448.8584657404572 190.91428847797215
leaf_count=2571 1590 2185 1352 36331 16402 2000 11028 1517 8776 1417 1880 2224 45410 2414
internal_value=0 -0.00236169 0.00040024 0.000197088 -0.000876773 -0.00234522 -0.00309198 -0.00137431 -0.00221179 0.000674169 0.00297153 0.00175286 0.000621937 -0.00304498
internal_weight=0 1505.29 9254.86 8599.41 2408.41 1115.16 979.438 1282.9 1023.88 189.277 655.45 259.018 6191 870.797
internal_count=137097 19687 117410 113940 32199 15797 13797 17116 13375 2769 3470 3741 81741 11190
is_linear=0
shrinkage=0.0101079


Tree=5
num_leaves=15
num_cat=0
split_feature=0 33 2 3 23 3 17 17 16 16 0 2 5 2
split_gain=94.114 45.6121 45.138 40.6382 62.2768 44.855 36.0576 35.2331 24.5399 27.6354 24.1919 23.7957 23.3532 23.0746
threshold=0.5904124677181245 0.9962500035762788 0.60361647605896007 0.42822875082492834 1.0865490436553957 0.22681293636560443 48.500000000000007 10.500000000000002 0.75138700008392345 0.62601470947265636 0.46333692967891699 4.2894840240478525 -3.961216807365417 0.52029353380203258
decision_type=10 10 8 10 10 10 2 2 10 10 10 8 10 10
left_child=2 3 8 5 13 -2 -3 -4 9 -1 -9 -6 -7 -5
right_child=1 6 7 4 11 12 -8 10 -10 -11 -12 -13 -14 -15
leaf_value=0.00069939598769420042 -0.0018506865507840183 0.00014968613633813867 0.001752349248065353 0.0028478445114678442 0.0010948038519164489 -0.0014413757251717865 0.0050694948215343448 -0.0066783261145206343 0.0044324194978376235 -0.0053269553586701357 -0.0028905705862035712 -0.0027639244062369552 0.0020706707184304711 -0.0014178248067517108
leaf_weight=250.01835920289159 400.51703005842865 292.93736757338047 102.31525970995426 122.18790382519364 2501.9270459730178 193.80215325951576 355.75537200272083 287.19101142883301 103.68514818884432 99.519996587187052 657.51179378293455 162.18311983533204 2093.0699982289225 3137.2157366089523
leaf_count=3507 5102 1555 1369 2122 33401 2701 1875 3995 1396 1066 8380 2235 26817 41445
internal_value=0 0.000364762 -0.00235802 0.00016385 -0.000298512 0.00119597 0.00293708 -0.00350723 0.000223085 -0.000980197 -0.00412887 0.000837513 0.00175159 -0.00123924
internal_weight=0 9259.6 1500.24 8610.9 5923.51 2687.39 648.693 1047.02 453.224 349.538 944.703 2664.11 2286.87 3259.4
internal_count=136966 117253 19713 113823 79203 34620 3430 13744 5969 4573 12375 35636 29518 43567
is_linear=0
shrinkage=0.0101079


Tree=6
num_leaves=15
num_cat=0
split_feature=28 33 2 3 29 0 17 3 30 7 21 3 8 7
split_gain=101.972 117.983 76.823 51.3933 43.549 45.8124 47.4065 36.7629 30.8292 29.7754 26.7527 25.5672 24.5175 24.1621
threshold=-0.24825246632099149 1.497500002384186 0.52029353380203258 0.22681293636560443 -0.60785761475563038 0.55750679969787609 17.500000000000004 0.4104102104902268 0.81174489855766307 9.1031589508056658 9.8674879074096697 0.2552237212657929 0.31401428580284124 9.902994632720949
decision_type=2 8 8 10 2 10 2 10 2 10 10 10 10 10
left_child=9 -2 3 -3 -4 6 -6 8 11 -1 -9 -7 -11 -13
right_child=1 2 4 -5 5 7 -8 10 -10 12 -12 13 -14 -15
leaf_value=0.00060072419742565998 0.0042813540743660162 -0.0024198700850998067 0.003733021986085256 0.0032990635023388668 0.0021713650934891636 -0.0044123180392626558 -0.0049959418928587898 -0.0023392551198930952 0.0040981576822954856 0.0038238331546044182 0.00038256310410898228 -0.0007783560691527339 0.00074895554562730174 0.0041092283412161945
leaf_weight=3583.4856239240617 406.19540317356586 211.07401654496789 131.0469486285001 549.58300720714033 95.206083757802844 133.96685688383877 733.80066644027829 2647.655015680939 174.08002444915473 637.50545304268599 397.33158535882831 400.56616910919547 522.23534706234932 128.35812720283866
leaf_count=46056 2142 2723 1737 7460 1304 1872 10073 34903 2339 7862 4980 5363 6427 1779
internal_value=0 -0.000906898 -0.00129558 0.00165113 -0.00176872 -0.00193613 -0.00411212 -0.00145387 0.000379467 0.00107391 -0.00197076 -0.000572223 0.00248785 0.000373854
internal_weight=0 6008.86 5602.67 760.657 4842.01 4710.96 829.007 3881.96 836.971 4743.23 3044.99 662.891 1159.74 528.924
internal_count=137020 76675 74533 10183 64350 62613 11377 51236 11353 60345 39883 9014 14289 7142
is_linear=0
shrinkage=0.0101079


Tree=7
num_leaves=15
num_cat=0
split_feature=28 33 27 27 30 27 20 14 13 11 12 15 14 3
split_gain=91.4453 115.349 82.8021 42.0717 35.41 32.6795 36.7869 29.8012 28.6485 32.6641 24.4013 20.9153 19.6343 31.9733
threshold=-0.3317298144102096 1.497500002384186 -0.032717135734856122 -0.90159028768539418 0.81174489855766307 -0.49049438536167139 0.28059113025665289 -12.655672550201414 0.089353948831558241 0.039600398391485221 0.051002560183405883 18.858356475830082 -6.9678828716278067 0.29388964176177984
decision_type=2 8 2 2 2 2 8 10 8 10 10 10 10 10
left_child=12 -2 3 7 8 11 -7 -3 9 10 -4 -5 13 -1
right_child=1 2 4 5 -6 6 -8 -9 -10 -11 -12 -13 -14 -15
leaf_value=-0.0026060405015125563 0.004170436760935676 -0.0034113540890841946 -0.00094274010017189667 -0.0059638883123909895 0.002035255175192143 0.00026546450901859282 -0.0044124331971378576 -4.2256532909907165e-05 -0.0050057558303615883 0.00062327852724052457 -0.005197862185000927 -0.00064252698333482538 0.0018811968005207542 0.00091503370852821678
leaf_weight=286.94517133757472 434.56642757356167 392.67035287991166 847.57834995351732 614.29108483344316 638.13430142402649 336.88272651284933 312.07471040636301 890.60391113348305 136.61439935490489 1446.8820999898016 169.15194319374859 108.04233091883361 1907.0700225904584 2235.1057105008513
leaf_count=3459 2289 5306 10908 8065 8515 4722 4007 11856 1739 19843 2115 1402 23698 29094
internal_value=0 -0.000790804 -0.00116845 -0.00248955 -6.97288e-05 -0.00372982 -0.00194753 -0.00111862 -0.000606297 -0.00033124 -0.00172365 -0.00523847 0.00110135 0.000491762
internal_weight=0 6327.49 5892.93 2654.57 3238.36 1371.29 648.957 1283.27 2600.23 2463.61 1016.73 722.333 4429.12 2522.05
internal_count=137018 80767 78478 35358 43120 18196 8729 17162 34605 32866 13023 9467 56251 32553
is_linear=0
shrinkage=0.0101079


Tree=8
num_leaves=15
num_cat=0
split_feature=28 27 29 27 11 30 16 2 18 5 5 6 2 7
split_gain=103.589 79.8565 85.7864 59.8116 54.9068 44.488 30.036 29.5996 29.1291 24.7456 24.5987 24.2701 22.1458 21.2884
threshold=-0.22706275433301923 -0.076279435306787477 -1.0000000180025095e-35 -0.90159028768539418 0.036867970600724227 0.81174489855766307 0.16431635618209842 0.55169257521629345 79.500000000000014 0.91459530591964733 -4.1964139938354483 3.3040598630905156 0.52029353380203258 9.7259092330932635
decision_type=2 2 2 2 8 2 8 10 2 10 8 8 8 10
left_child=13 2 4 8 -2 6 7 -3 -4 12 -5 -7 -8 -1
right_child=1 5 3 10 -6 11 9 -9 -10 -11 -12 -13 -14 -15
leaf_value=0.00069144464239350714 0.0062473077644646232 0.0070200746487436919 -0.0020825639786403232 0 -0.00076220618148461214 0.0037119206734845954 0 0.00028357041334229043 0.0024547679654454003 0.0001524873714626252 -0.0052867331107084763 -0.00035027402753771172 -0.0028398648035541656 0.0023174101664087893
leaf_weight=3721.789794491604 157.10431727394462 89.632444964721799 795.04852750711143 106.76374103501439 343.32941795326769 459.9950881768018 409.82279611192644 259.23431859537959 162.15918237157166 1140.6993226725608 992.46637040749192 194.1596485003829 814.39882433228195 1108.118486598134
leaf_count=47656 2092 1241 10045 1501 4321 5948 5072 3720 2183 13903 12627 2459 10592 13680
internal_value=0 -0.000916858 -0.00226147 -0.00317877 0.00141942 9.47518e-05 -0.000464564 0.00224119 -0.00125859 -0.000886705 -0.00479407 0.00245489 -0.00188282 0.00107593
internal_weight=0 5924.81 2556.87 2056.44 500.434 3367.94 2713.79 348.867 957.208 2364.92 1099.23 654.155 1224.22 4829.91
internal_count=137040 75704 32769 26356 6413 42935 34528 4961 12228 29567 14128 8407 15664 61336
is_linear=0
shrinkage=0.0101079


Tree=9
num_leaves=15
num_cat=0
split_feature=28 27 29 0 11 13 3 2 2 29 13 27 3 3
split_gain=90.9258 73.3558 68.8109 67.9024 57.393 39.8584 50.9014 39.5106 28.6759 33.0953 27.4728 27.0143 25.4803 29.6973
threshold=-0.35222910344600672 -0.09801131114363669 -1.0000000180025095e-35 0.66490834951400768 0.036406558007001884 -0.075761299580335603 0.20865205675363543 0.52029353380203258 0.86208581924438488 0.6078576147556306 -0.0075421826913952819 -0.95032352209091175 0.71140930056571972 0.36191920936107641
decision_type=2 2 2 10 8 8 10 8 8 2 10 2 10 10
left_child=-1 2 4 -4 -2 -3 -7 -8 -5 -10 12 -11 13 -9
right_child=1 5 3 8 -6 6 7 10 9 11 -12 -13 -14 -15
leaf_value=0.0011419057239085346 0.0059688110586858904 0.0040109147700575064 -0.0054415632582377055 0.0019924301851703369 -0.00096978207779059339 -0.0047593632577320804 0.0025355495242256384 0.0007136727110904124 -0.0038845508276413422 0.0010478065979611737 0.00053732317997534358 -0.0027515494301164145 0.0028848521135295953 -0.0032078527528308144
leaf_weight=4374.5255077201873 168.21978974156082 251.21114500425756 685.12182032130659 186.90889845229685 370.17329560779035 216.54379717633128 604.16326217539608 249.8182831145823 583.45110496133566 414.5033390391618 1503.2093207202852 331.08170499280095 103.1099803596735 693.33916145376861
leaf_count=55450 2230 3174 8785 2500 4654 2757 7688 3283 7524 5215 19037 4289 1440 8905
internal_value=0 -0.000749656 -0.0019965 -0.00279251 0.00117713 0.000184597 -9.70433e-05 0.000221001 -0.00154745 -0.00208411 -0.000317584 -0.00059634 -0.00157928 -0.00212916
internal_weight=0 6360.85 2739.46 2201.07 538.393 3621.39 3370.18 3153.64 1515.95 1329.04 2549.48 745.585 1046.27 943.157
internal_count=136931 81481 35197 28313 6884 46284 43110 40353 19528 17028 32665 9504 13628 12188
is_linear=0
shrinkage=0.0101079


Tree=10
num_leaves=15
num_cat=0
split_feature=28 33 27 22 2 3 27 5 27 21 16 14 2 14
split_gain=99.5178 125.074 73.6779 37.6463 29.3848 39.9924 27.0852 20.3585 20.1703 19.8993 34.2286 19.4105 31.2135 26.3948
threshold=-0.3317298144102096 1.497500002384186 0.098011311143636717 -0.51360017061233509 0.53623080253601085 0.20865205675363543 0.94331136345863353 -0.98565185070037831 0.52803644537925731 -6.5598137378692618 0.28656420111656195 -6.9132683277130118 0.54125031828880321 -15.874293327331541
decision_type=2 8 2 10 8 10 2 10 2 8 10 10 10 10
left_child=11 -2 3 -3 5 -4 7 -7 -9 -6 -11 12 -1 -14
right_child=1 2 4 -5 9 6 -8 8 -10 10 -12 -13 13 -15
leaf_value=-0.0034689993545059142 0.0043783668834867454 -0.0035301795716972113 -0.0026431602725205004 -0.001143645380783325 0.0015615545039911461 0.00068169640654195415 -1.1670422273357139e-05 0.0019543165852709157 0.0083798934312746178 -0.0041374760414345903 -0.00046527564784188964 0.0019279359233363455 0.0024266005790820199 0.00011217317038180494
leaf_weight=172.4629323258996 429.07915346324444 1451.4087723344564 160.94763335213065 1400.2856087051332 323.33459159731865 130.46717323921621 197.03614827431738 109.24355936422944 152.79294496960938 310.10668009147048 1641.5809249505401 1905.8112049177289 750.18289550207555 1623.5943506732583
leaf_count=2487 2256 19770 2001 18324 4606 1778 2455 1463 2054 4363 21528 23609 9773 20588
internal_value=0 -0.000822782 -0.00121457 -0.00237865 -0.000100795 0.00160783 0.00285514 0.00436826 0.00598237 -0.000685673 -0.00108327 0.00114955 0.000547069 0.000866039
internal_weight=0 6306.28 5877.2 2851.69 3025.51 750.487 589.54 392.504 262.037 2275.02 1951.69 4452.05 2546.24 2373.78
internal_count=137055 80598 78342 38094 40248 9751 7750 5295 3517 30497 25891 56457 32848 30361
is_linear=0
shrinkage=0.0101079


Tree=11
num_leaves=15
num_cat=0
split_feature=28 27 29 30 27 2 13 21 15 2 5 2 12 13
split_gain=90.7315 78.2243 97.6264 58.8748 56.671 52.4806 38.7636 43.0779 35.5533 36.647 33.4671 30.0465 28.8 38.4224
threshold=-0.22706275433301923 -0.032717135734856122 -1.0000000180025095e-35 0.81174489855766307 -0.91080963611602772 1.0948615670204165 0.089353948831558241 6.7455642223358163 12.077664375305178 0.52029353380203258 -4.5357685089111319 0.60817652940750133 0.017175509594380859 -0.010600856505334376
decision_type=2 2 2 2 2 10 8 10 10 10 8 10 8 10
left_child=-1 2 5 6 -4 -2 7 8 9 -3 -6 -12 13 -5
right_child=1 3 4 12 10 -7 -8 -9 -10 -11 11 -13 -14 -15
leaf_value=0.0010279793609405889 0.0068140103257116709 0.0026055529560757135 -0.0011437509028653695 0.0011034249476863712 0.00061764774997084566 -0.00018398432490164594 -0.0056093793207037208 0.0035308626214658116 -0.0029251137479540867 -0.00079166352766595256 0 -0.0056292042839775026 4.851779568126052e-05 0.0076734398066281686
leaf_weight=4828.0491642449051 141.76041223853827 426.0885798688978 914.8180024754256 197.50086059980094 100.7261931411922 369.99628050997853 134.73411245085299 275.67461403645575 525.6843601949513 1273.628930862993 104.54964544437826 984.93055282346904 250.15406716801226 198.99394298158586
leaf_count=61311 2180 5625 11740 2608 1465 4414 1677 3528 6528 16284 1712 12139 3233 2424
internal_value=0 -0.00083919 -0.00214137 0.000189163 -0.00310904 0.00174818 -0.000470041 -0.000160816 -0.000646769 4.40781e-05 -0.00456888 -0.00508627 0.00291219 0.00458366
internal_weight=0 5899.24 2616.78 3282.46 2105.02 511.757 2635.81 2501.08 2225.4 1699.72 1190.21 1089.48 646.649 396.495
internal_count=136868 75557 33650 41907 27056 6594 33642 31965 28437 21909 15316 13851 8265 5032
is_linear=0
shrinkage=0.0101079


Tree=12
num_leaves=15
num_cat=0
split_feature=0 27 33 3 27 23 18 12 17 14 29 21 27 2
split_gain=85.2608 68.4069 41.8488 32.5304 32.5045 41.1236 34.9829 31.9828 48.8815 35.0812 31.2668 25.5349 23.8366 22.2686
threshold=0.5904124677181245 -0.49049438536167139 0.9962500035762788 0.50714674592018139 -0.71473535895347584 1.0595628023147585 88.500000000000014 0.0019780101720243697 11.500000000000002 -7.0836362838745108 -1.0000000180025095e-35 -1.4530849456787107 0.97381904721260082 0.78600135445594799
decision_type=10 2 10 10 2 10 2 8 2 10 2 10 2 10
left_child=1 -1 4 -4 5 6 10 9 -9 11 -2 -3 -10 -12
right_child=2 7 3 -5 -6 -7 -8 8 12 -11 13 -13 -14 -15
leaf_value=-0.0074267321578942056 0.00052033377859303888 0.00038098337476229178 0 0.00450000082313515 0.00053041349661467525 0.00025802326265244072 0.0022802284261362821 0.0021099407968295362 -0.005485783286555657 0.0038637964614236914 0.00019935411810221291 -0.004548943371097334 0 -0.0047335726771917984
leaf_weight=219.00573750585318 172.34456939809024 295.07687126472592 243.90439702570438 410.27517928183079 6205.0768059883267 1380.9639875460416 127.30462739616632 139.19816207140684 397.02529367618263 188.47271442785859 90.800991291180253 149.89402432180941 97.221796374768019 623.49175688996911
leaf_count=2595 2552 4195 1286 2155 81800 17547 1888 1835 5586 2393 1495 1881 1164 8633
internal_value=0 -0.00226821 0.000333983 0.00278659 0.000140408 -0.000851695 -0.00239338 -0.00130555 -0.00290279 0.000244056 -0.00312345 -0.00123895 -0.00440587 -0.00405492
internal_weight=0 1485.89 9254.16 654.18 8599.98 2394.91 1013.94 1266.89 633.445 633.444 886.637 444.971 494.247 714.293
internal_count=137005 19649 117356 3441 113915 32115 14568 17054 8585 8469 12680 6076 6750 10128
is_linear=0
shrinkage=0.0101079


Tree=13
num_leaves=15
num_cat=0
split_feature=0 27 33 28 3 3 28 16 15 29 22 15 14 18
split_gain=97.1814 67.8819 38.7221 54.8226 51.9558 41.3175 34.6944 27.718 43.6425 27.4762 27.7468 23.9126 22.6075 25.9226
threshold=0.5904124677181245 -0.49049438536167139 1.497500002384186 -0.35222910344600672 0.36191920936107641 0.22681293636560443 -0.010907442308962435 0.76713833212852489 4.2300677299499521 1.0000000180025095e-35 -0.30939559638500208 15.557951450347902 -9.9052567481994611 18.500000000000004
decision_type=10 2 8 2 10 8 2 10 8 2 10 10 10 2
left_child=1 -1 6 -4 5 11 -2 8 -3 12 -11 -5 13 -6
right_child=2 7 3 4 9 -7 -8 -9 -10 10 -12 -13 -14 -15
leaf_value=-0.0075009235157525497 0.00069415485303886177 0.001582635982279439 0.0010898255252048687 0.00077451187161769357 0.0012278455648422172 0.0026691788802686652 0.0055281495242846413 0.0014311910527836393 -0.0032930612524228755 -0.0028834561936431084 -0.00053861318327115093 -0.0056895293941958899 0.001101767936624974 -0.002981767755812605
leaf_weight=218.76017930172384 391.45167148113251 227.40806013904512 4037.11328580603 103.53094613552094 214.225815564394 749.3104890640825 269.45446118712425 258.77786976285279 792.53170910105109 1146.2188783064485 1029.959818707779 100.86012947559357 816.6149681545794 399.88705454021692
leaf_count=2590 2064 3257 53443 1422 3115 9996 1408 3772 10166 15220 13463 1379 10993 4813
internal_value=0 -0.00235157 0.000417275 0.000229715 -0.000523351 0.00154914 0.00276619 -0.00139987 -0.00216287 -0.00108466 -0.00179798 -0.00231425 0 -0.00145111
internal_weight=0 1497.48 9258.63 8597.72 4560.61 953.702 660.906 1278.72 1019.94 3606.91 2176.18 204.391 1430.73 614.113
internal_count=137101 19785 117316 113844 60401 12797 3472 17195 13423 47604 28683 2801 18921 7928
is_linear=0
shrinkage=0.0101079


Tree=14
num_leaves=15
num_cat=0
split_feature=22 3 33 28 14 3 3 29 30 5 13 14 3 23
split_gain=76.8639 50.1662 40.5145 57.4091 35.0666 37.2997 43.7534 25.8952 24.8247 23.7214 22.7442 21.6008 26.8315 23.2846
threshold=-0.84698212146759022 0.36191920936107641 0.9962500035762788 -0.35222910344600672 -29.344094276428219 0.20865205675363543 0.36191920936107641 -0.60785761475563038 -0.56174489110708226 -3.8115468025207515 -0.018440362997353073 -7.5848801136016837 0.29388964176177984 0.73952984809875499
decision_type=10 8 10 2 8 10 10 2 2 8 10 10 10 10
left_child=1 -1 3 11 -5 -6 -7 -8 -4 -3 -11 12 -2 -13
right_child=2 9 8 4 5 6 7 -9 -10 10 -12 13 -14 -15
leaf_value=0.0014312038720910929 -0.0027736506983510774 0.0009373755339105442 0 0.0050841628838866363 -0.0048971117631342737 0.0013322848502215509 0.0037485265941568963 -0.0012382182020995542 0.0040672154388527552 -0.0063639822385400209 -0.0026387219746110213 0.0061119517219095174 0.00072551399194617776 0.0014718143351555688
leaf_weight=269.55201258324087 243.70878954231739 100.52859566733241 253.60979168117046 98.533409653231502 206.55940764583647 968.47620399482548 98.834751745685935 3383.318383378908 447.09020029008389 279.48758570663631 629.3160806633532 119.11460031755269 1888.0171339586377 1783.957617668435
leaf_count=3845 2986 1409 1333 1198 2684 12932 1289 44536 2348 4147 8256 1247 25666 23278
internal_value=0 -0.00230806 0.000324477 0.000132119 -0.000614556 -0.000751928 -0.000542406 -0.00107718 0.00265308 -0.00334974 -0.00387202 0.00102172 0.000298075 0.00180669
internal_weight=0 1278.88 9491.22 8790.52 4755.72 4657.19 4450.63 3482.15 700.7 1009.33 908.804 4034.8 2131.73 1903.07
internal_count=137154 17657 119497 115816 62639 61441 58757 45825 3681 13812 12403 53177 28652 24525
is_linear=0
shrinkage=0.0101079


Tree=15
num_leaves=15
num_cat=0
split_feature=0 16 33 3 3 0 2 20 15 12 5 6 5 2
split_gain=77.0593 41.2557 36.3139 40.919 52.2864 51.2971 40.8535 38.0826 33.9952 24.8215 24.6147 24.4434 24.4207 20.3456
threshold=0.5904124677181245 0.76713833212852489 1.497500002384186 0.36191920936107641 0.22681293636560443 1.069332003593445 0.93441268801689159 -0.28860464692115778 3.7359132766723637 0.03222352638840676 -3.961216807365417 -4.4999849796295157 1.7142649292945864 4.2894840240478525
decision_type=10 10 8 10 10 10 10 10 8 10 10 10 10 8
left_child=1 8 7 4 -4 6 -5 -2 11 -3 -6 -1 -12 -7
right_child=2 9 3 5 10 13 -8 -9 -10 -11 12 -13 -14 -15
leaf_value=-0.0026772488171658733 0.0050510336719167877 0.0038163333954859867 -0.0017434036398021307 0.00025146486717878355 -0.0020000199525990309 0.00097284941858054579 -0.0018591541573799481 0.00010260237221867525 -0.0038663249091982037 -0.0017961739742948855 0.0036045540063806181 0.0036729108137699158 0.00050083128638451384 -0.0026315285390212111
leaf_weight=116.56352050602436 317.75141024589539 157.63247773982584 393.37094523385167 1513.6160926241428 107.6625552456826 2751.9670809544623 2321.360513811931 344.94805008172989 955.23008876107633 139.85082235559821 951.23478248156607 113.04299585521221 402.86026040278375 157.24758332036436
leaf_count=1565 1658 2157 5046 20809 1411 36930 30249 1814 12289 2061 11992 1587 5233 2208
internal_value=0 -0.00217874 0.000297287 0.00011561 0.00144499 -0.000245286 -0.00101674 0.00256619 -0.00302902 0.00106616 0.00233518 0.000296023 0.00271888 0.000757767
internal_weight=0 1482.32 9262.02 8599.32 1855.13 6744.19 3834.98 662.699 1184.84 297.483 1461.76 229.607 1354.1 2909.21
internal_count=137009 19659 117350 113878 23682 90196 51058 3472 15441 4218 18636 3152 17225 39138
is_linear=0
shrinkage=0.0101079


Tree=16
num_leaves=15
num_cat=0
split_feature=28 33 27 27 13 3 27 20 3 7 12 11 18 3
split_gain=87.3054 93.2167 68.3731 36.7962 34.4181 58.2023 34.0454 40.1148 30.8101 24.7643 24.6861 20.2837 19.157 20.3958
threshold=-0.3317298144102096 1.497500002384186 -0.032717135734856122 -0.91080963611602772 -0.075761299580335603 0.20865205675363543 -0.50938662886619557 0.21611012518405917 0.36191920936107641 -21.318305969238278 -0.025724658742547032 0.12833435833454135 80.500000000000014 0.87469190359115612
decision_type=2 8 2 2 8 10 2 8 10 10 10 10 2 10
left_child=-1 -2 3 12 9 -6 -5 -8 10 -4 -7 -10 13 -3
right_child=1 2 4 6 5 8 7 -9 11 -11 -12 -13 -14 -15
leaf_value=0.001075907328452772 0.0036910685959465526 -0.0026820696740188169 0 -0.0049925507758034077 -0.0054448859604233225 -0.0018910593830549674 0.00065888366216236061 -0.0041841870408475916 -0.0010781615493591331 0.0069021094772719017 0.0021751998913860562 0.0032881631645901017 0.0018512280212690108 8.1686783679387934e-05
leaf_weight=4451.1083252523094 433.27624742686749 637.14196706190705 102.06066030263901 726.55409833043814 209.63780882582068 170.62107694521546 337.78375004418194 326.3499769475311 1716.4048843514174 109.75789669342339 813.48923222348094 104.80455409176648 184.81733754836023 424.41556439362466
leaf_count=56373 2264 8767 1476 9633 2698 2580 4770 4230 23005 1400 10673 1210 2582 5362
internal_value=0 -0.000772113 -0.00111316 -0.00231883 -0.000112173 -0.000404645 -0.00345795 -0.00168118 0 0.00373552 0.00142024 -0.000792076 -0.0010022 -0.00154653
internal_weight=0 6297.12 5863.84 2637.06 3226.78 3014.96 1390.69 664.134 2805.32 211.819 984.11 1821.21 1246.37 1061.56
internal_count=137023 80650 78386 35344 43042 40166 18633 9000 37468 2876 13253 24215 16711 14129
is_linear=0
shrinkage=0.0101079


Tree=17
num_leaves=15
num_cat=0
split_feature=28 33 27 30 2 3 27 27 12 16 0 11 8 0
split_gain=79.4497 97.6254 79.0679 32.1187 34.5644 40.3775 31.8512 36.1756 32.2816 27.1109 20.0256 19.5 26.8632 23.1114
threshold=-0.24825246632099149 1.497500002384186 -0.032717135734856122 0.81174489855766307 0.52029353380203258 0.23165644705295566 -0.89194178581237782 -0.49049438536167139 -0.0056789438240230075 0.91373050212860119 0.94897207617759716 0.067859269678592696 0.59330603480339061 2.0858482122421269
decision_type=2 8 2 2 8 10 2 2 8 10 8 10 10 10
left_child=11 -2 6 4 5 -4 -3 -8 -9 -6 -5 13 -13 -1
right_child=1 2 3 10 9 -7 7 8 -10 -11 -12 12 -14 -15
leaf_value=0.00013994411194188317 0.0039151799103869312 -0.0012027691215841169 -0.0021316697265392911 0.0029245983787195657 -0.0016662309390262709 0.0032038269723030119 -0.0052334450389917566 0.00053938927521817706 -0.0038536446556948359 0.0026510782362927626 -0.0014271906612473707 0.0026704337068816399 0.00020106856819438406 0.0039642449075424071
leaf_weight=2630.4221764113754 408.13834415376186 1164.988637868315 201.61719042994082 489.58099809661508 1694.5758779831231 427.99086282029748 674.63309762440622 304.6080902274698 341.12254589237273 149.28113049454987 119.17763212509453 1206.4256671443582 776.84800416231155 166.85211808793247
leaf_count=33704 2129 15683 2548 6649 22692 5689 8957 4211 4534 2102 1466 15042 9666 2069
internal_value=0 -0.000789899 -0.00114696 -5.08131e-05 -0.000576427 0.00142664 -0.00248579 -0.00357392 -0.00173726 -0.00128533 0.00199982 0.000956976 0.001728 0.000392661
internal_weight=0 5975.71 5567.58 3082.22 2473.47 629.608 2485.35 1320.36 645.731 1843.86 608.759 4780.55 1983.27 2797.27
internal_count=137141 76660 74531 41146 33031 8237 33385 17702 8745 24794 8115 60481 24708 35773
is_linear=0
shrinkage=0.0101079


Tree=18
num_leaves=15
num_cat=0
split_feature=28 27 0 30 13 21 15 2 14 13 7 14 23 2
split_gain=83.4017 66.3707 53.03 47.8001 34.0444 33.5901 33.5882 45.7034 27.1284 33.0506 35.8804 24.1745 41.4726 34.8965
threshold=-0.3317298144102096 -0.032717135734856122 0.69160878658294689 0.81174489855766307 0.089353948831558241 6.7455642223358163 12.474836349487306 0.52029353380203258 -3.8797072172164913 -0.012109228875488041 6.5758981704711923 -6.5548269748687735 0.7518688738346101 0.54125031828880321
decision_type=2 2 10 2 8 10 8 10 8 10 10 10 10 8
left_child=11 2 -2 4 5 6 7 -3 9 -5 -11 13 -13 -1
right_child=1 3 -4 8 -6 -7 -8 -9 -10 10 -12 12 -14 -15
leaf_value=-0.0037882613131943557 -0.003767056067744301 0.0028780408981852286 -0.00081180955577355091 0.00075986867133479789 -0.0051132993485457079 0.0031130688668150361 -0.0027520082277382248 -0.00076615133081315569 -0.0018956771438850902 0.0093101842325134729 0.0018577556565699373 0.0068559334757266489 0.0014759517812981946 0.00078585329459968187
leaf_weight=173.23770781606436 977.62729159556329 460.08383956551552 1823.5088807586581 278.33380987308919 138.43061234988272 288.26084556244314 518.52237008698285 1395.782918183133 99.414316575974226 146.93816046230495 152.45187899842858 161.0173532795161 1641.9143588859588 2492.1213138923049
leaf_count=2084 12754 5954 23488 3702 1731 3702 6484 17861 1429 1803 1726 1540 20707 32098
internal_value=0 -0.000707819 -0.00186508 0.000214587 -0.000357043 -8.06917e-05 -0.000494162 0.000123627 0.00261598 0.00347613 0.00578777 0.00109713 0.00200567 0.000463435
internal_weight=0 6279.35 2801.14 3478.22 2801.08 2662.65 2374.39 1855.87 677.138 577.724 299.39 4468.29 1802.93 2665.36
internal_count=137063 80634 36242 44392 35732 34001 30299 23815 8660 7231 3529 56429 22247 34182
is_linear=0
shrinkage=0.0101079


Tree=19
num_leaves=15
num_cat=0
split_feature=0 27 33 17 27 0 14 0 11 30 11 29 7 11
split_gain=75.1861 64.663 38.7182 42.0577 32.5033 33.8523 29.9779 24.6704 23.7424 22.0497 34.0259 18.5414 17.319 36.9114
threshold=0.5904124677181245 -0.49049438536167139 0.9962500035762788 48.500000000000007 -0.69930991530418385 1.0592803359031679 -9.6105651855468732 0.46333692967891699 0.085846725851297392 1.0000000180025095e-35 0.041464271023869521 -1.0000000180025095e-35 4.9945430755615243 0.090223614126443877
decision_type=10 2 10 2 2 10 10 10 10 2 10 2 10 10
left_child=1 -1 4 -4 5 6 11 8 -3 -6 -11 -2 -9 -14
right_child=2 7 3 -5 9 -7 -8 12 -10 10 -12 -13 13 -15
leaf_value=-0.0072212741449274101 0 -0.0046505611950505973 -7.2300608604457001e-05 0.0049359678775691453 0 0.00012284578348795689 -0.00065919118326468234 -0.0013399319864820989 0.00069053126268538959 -0.00023859443323929409 0.0021254554885045697 -0.0053148118058157189 0.0041060245407751874 -0.0027677748142181653
leaf_weight=214.71012869663537 98.705129189416766 305.00268854945898 291.23079787194729 360.00525183975697 3600.8412501309067 1415.5957540310919 589.69758743420243 540.82958488538861 97.342555595561862 966.82166573219001 1597.2659121342003 345.79029154032469 210.01302730292082 112.63955670967698
leaf_count=2613 1335 4321 1531 1870 47359 17871 8625 7326 1421 12925 20753 5057 2615 1401
internal_value=0 -0.00215141 0.000295542 0.00265993 0.000109911 -0.00086729 -0.00225242 -0.00122153 -0.00327077 0.00050538 0.00122025 -0.00422973 -0.000199893 0.00157523
internal_weight=0 1480.54 9265.95 651.236 8614.72 2449.79 1034.19 1265.83 402.345 6164.93 2564.09 444.495 863.482 322.653
internal_count=137023 19697 117326 3401 113925 32888 15017 17084 5742 81037 33678 6392 11342 4016
is_linear=0
shrinkage=0.0101079


Tree=20
num_leaves=15
num_cat=0
split_feature=28 27 27 13 8 30 14 30 13 21 13 14 13 13
split_gain=78.4542 64.6301 41.047 40.0819 36.2508 48.2782 29.3569 26.3716 36.6928 56.2187 32.589 33.3077 45.6818 21.7313
threshold=-0.35222910344600672 -0.076279435306787477 -0.88186877965927113 -0.075761299580335603 0.794835925102234 1.0000000180025095e-35 -12.241254806518553 0.81174489855766307 -0.012109228875488041 1.6910840272903445 0.089353948831558241 -2.5444455146789546 0.042520795017480857 0.010422567371279003
decision_type=2 2 2 8 10 2 10 2 10 10 8 10 10 10
left_child=-1 2 6 -3 -4 -6 -2 10 -9 -10 11 -5 -13 -8
right_child=1 3 4 7 5 -7 13 8 9 -11 -12 12 -14 -15
leaf_value=0.0010326745779711767 -0.0028024050983981117 0.0039808670784252115 -0.0042949973325712137 -0.00073052818142980167 -0.0038864564535178131 0.0035084261370521654 0.0020371294675042384 -0.0014069080486898086 0.0087368228793957316 0.00069432132074509142 -0.0051361039072502232 -0.00063943324964922665 0.0068891368105928781 -0.00093724098688079301
leaf_weight=4360.2041592001915 466.96531688421965 252.48163825087249 912.16427955031395 2263.5435196049511 183.53484093956649 161.28766738623381 405.41722181066871 229.48152286745608 132.86023467406631 280.47505892068148 144.85817787982523 164.10231181047857 140.01639328710735 618.9345814306289
leaf_count=55092 6168 3161 11954 28648 2297 2176 5339 3194 1654 3440 1825 2129 1963 7680
internal_value=0 -0.000726425 -0.00189306 0.000153197 -0.00324275 -0.000311589 -0.000717719 -0.000131165 0.00168176 0.0034872 -0.000579197 -0.000291927 0.00278062 0.00020707
internal_weight=0 6356.12 2748.3 3607.82 1256.99 344.823 1491.32 3355.34 642.817 413.335 2712.52 2567.66 304.119 1024.35
internal_count=136720 81628 35614 46014 16427 4473 19187 42853 8288 5094 34565 32740 4092 13019
is_linear=0
shrinkage=0.0101079


Tree=21
num_leaves=15
num_cat=0
split_feature=0 27 33 28 2 29 3 7 10 3 23 15 7 27
split_gain=74.2464 60.3042 40.7196 40.1745 68.8314 34.0382 30.3945 47.0853 30.0922 29.438 26.188 23.0192 41.0031 27.0854
threshold=0.5904124677181245 -0.49049438536167139 0.9962500035762788 -0.24825246632099149 0.61722519993782055 1.0000000180025095e-35 0.22681293636560443 7.9432463645935067 0.12526845186948779 0.34301775693893438 1.0809870362281802 3.7996246814727788 4.9945430755615243 0.054511256515979774
decision_type=10 2 10 2 8 2 10 10 10 10 10 8 10 2
left_child=1 -1 3 -2 6 9 -5 -8 -4 -6 -7 13 -13 -3
right_child=2 11 8 4 5 10 7 -9 -10 -11 -12 12 -14 -15
leaf_value=-0.0070267121024246348 0.0008001179055559561 -0.0016303443700163148 0.00085193191286001663 -0.0021573309140655236 0.0039258939743250353 -0.0026746228192989357 0.0016486360097014933 0.009030742881431816 0.0054397722571207577 -0.00054532099179054353 2.5463045792401568e-05 -0.0034838736062402426 0.00041832192269345146 0.0055549725630117813
leaf_weight=213.7899171076715 4425.1016229595989 93.380065068602562 399.23516947031021 129.47494458407164 163.42935451865196 1553.1134345587343 566.68496263213456 104.425317293033 253.49826970696449 1240.3792271595448 441.08511553704739 623.58277620375156 455.38254821114242 95.826187089085579
leaf_count=2584 58295 1361 2087 1784 2062 21120 7371 1488 1317 16380 5438 8620 5829 1334
internal_value=0 -0.0021155 0.000315203 0.000124923 -0.00057723 -0.00121313 0.00205764 0.0029456 0.00273729 0 -0.00205936 -0.00121873 -0.00180829 0.0018773
internal_weight=0 1481.96 9276.43 8623.69 4198.59 3398.01 800.585 671.11 652.733 1403.81 1994.2 1268.17 1078.97 189.206
internal_count=137070 19728 117342 113938 55643 45000 10643 8859 3404 18442 26558 17144 14449 2695
is_linear=0
shrinkage=0.0101079


Tree=22
num_leaves=15
num_cat=0
split_feature=28 33 27 29 27 2 2 3 27 13 20 27 16 23
split_gain=71.9371 97.8229 72.0127 64.2461 51.5021 32.2719 29.2745 47.5448 30.5084 24.9866 29.7274 31.5457 24.1312 26.1286
threshold=-0.24825246632099149 1.497500002384186 -0.032717135734856122 -1.0000000180025095e-35 -0.91959547996520985 1.0216052532196047 0.52029353380203258 0.22681293636560443 0.94331136345863353 0.040555527433753021 -0.32062129676342005 -0.50938662886619557 0.58153966069221508 0.69335696101188671
decision_type=2 8 2 2 2 10 8 10 2 10 8 2 10 10
left_child=12 -2 3 5 -5 -3 7 -4 -9 10 11 -6 -1 -14
right_child=1 2 6 4 9 -7 -8 8 -10 -11 -12 -13 13 -15
leaf_value=0.0002804493097516185 0.0039762315825487751 0.005532013805124995 -0.0021055710173353221 -0.0012008479109480673 -0.0054362760988178882 -0.00046351411248236326 -0.0005594290762772475 0.0051190147942054365 -0.00014134557057715225 -0.0013447836913154968 -0.0071948761274417232 0 0.0062387538687212526 0.0014360375707776212
leaf_weight=2580.3575474321842 414.44229191541672 109.00470287725329 206.76579204387963 848.76591777615249 245.80882722139359 384.78025525249541 2390.6249797083437 345.82518971711397 143.25623664073646 233.04923553951085 469.53004812262952 175.2361585944891 122.81108942255378 2087.2304823249578
leaf_count=33590 2154 1800 2688 11396 3393 4795 32150 4639 1759 3176 6135 2610 1090 25789
internal_value=0 -0.000696785 -0.00105784 -0.00234287 -0.00316115 0.000843311 -1.47237e-05 0.00178484 0.00351818 -0.00458804 -0.00537302 -0.00315497 0.000964751 0.00174174
internal_weight=0 5967.09 5552.65 2466.18 1972.39 493.785 3086.47 695.847 489.081 1123.62 890.575 421.045 4790.4 2210.04
internal_count=137164 76695 74541 33305 26710 6595 41236 9086 6398 15314 12138 6003 60469 26879
is_linear=0
shrinkage=0.0101079


Tree=23
num_leaves=15
num_cat=0
split_feature=0 27 2 12 17 14 15 15 22 27 21 30 14 23
split_gain=69.9438 63.0294 27.645 27.4018 51.1665 34.8097 31.5091 25.8662 25.5385 22.1834 21.0725 30.1784 25.1378 28.3355
threshold=0.57845059037208568 -0.50938662886619557 1.8702108860015871 0.0019780101720243697 11.500000000000002 -7.0836362838745108 4.2300677299499521 20.745652198791507 -0.26631698012351984 0.96298784017562877 -7.2103924751281729 1.0000000180025095e-35 -24.971939086914059 1.0160878300666811
decision_type=10 2 8 8 2 10 10 10 10 2 10 2 10 10
left_child=1 -1 10 5 -5 6 -3 8 -4 -6 11 -2 -13 -14
right_child=2 3 7 4 9 -7 -8 -9 -10 -11 -12 12 13 -15
leaf_value=-0.0076367409035111265 0 0.0016907992757954934 -0.0034968068787266334 0.0026596788922965712 -0.0054893747312446586 0.0039920060155549881 -0.0037604956120482927 0.0010712671094288968 -0.00041388421641624468 0 0.00040430377055651113 0 0.0082663025927672291 0.0014986201506931687
leaf_weight=178.44074610061944 360.95765600353479 181.72660963609815 459.03054224140942 125.82771912775934 358.48025066033006 176.29096828773618 229.15754744037986 493.31414978578687 760.0150294136256 103.77092361822724 6906.5626674536616 110.44702312909067 166.92335969768465 132.00435623340309
leaf_count=2143 5119 2624 6354 1648 5167 2245 3049 6020 10157 1264 86270 1067 2060 1762
internal_value=0 -0.00212373 0.000327548 -0.00120857 -0.002743 0.000275625 -0.00126585 -0.000821457 -0.00162231 -0.00431915 0.00058967 0.00217927 0.00403162 0.00552157
internal_weight=0 1353.69 9389.25 1175.25 588.079 587.175 410.884 1712.36 1219.05 462.251 7676.9 770.332 409.375 298.928
internal_count=136949 18140 118809 15997 8079 7918 5673 22531 16511 6431 96278 10008 4889 3822
is_linear=0
shrinkage=0.0101079


Tree=24
num_leaves=15
num_cat=0
split_feature=28 33 3 0 3 14 21 28 12 14 23 3 14 16
split_gain=64.3213 93.5987 52.5602 42.7095 37.4313 50.2112 27.5606 31.7981 27.2455 26.194 28.593 26.7048 23.5224 23.7895
threshold=-0.22706275433301923 1.497500002384186 0.36191920936107641 0.46333692967891699 0.20865205675363543 -14.479795932769774 9.1126470565795916 0.87137606739997875 0.051002560183405883 -6.5548269748687735 0.70343834161758434 0.29388964176177984 -9.9052567481994611 0.16810092329978946
decision_type=2 8 8 10 10 10 10 2 10 10 10 10 10 10
left_child=9 -2 4 -4 5 -3 7 12 -9 11 -11 -1 13 -5
right_child=1 2 3 6 -6 -7 -8 8 -10 10 -12 -13 -14 -15
leaf_value=-0.002422839811724589 0.0039198948780830344 0.0023746388711985305 -0.0054966801312796654 -0.0014544111815745406 0.0014589192406504092 -0.0064387103839224462 0.00079088331340252652 0.00085846767211542236 -0.0039979688910890118 0.0068570002131779339 0.0014460715593179081 0.00060719522664974025 -0.0012929946558336088 -0.0046252274354782854
leaf_weight=325.40362355671823 406.34293234348297 99.933057077229023 271.11275200732052 471.06647221930325 1117.2058373000473 149.67878024093807 512.37376632168889 696.55934808403254 134.05337561666965 104.20918193273246 1847.36369410716 2574.0957774948329 1378.7053099330515 648.78364847041667
leaf_count=3930 2109 1330 3881 6711 15192 1884 6469 9210 1745 971 23152 33245 18753 8400
internal_value=0 -0.000695913 -0.00105057 -0.00162335 0.000642872 -0.00278705 -0.00132911 -0.00166859 0 0.000874837 0.00178126 0.000247743 -0.00223679 -0.00334621
internal_weight=0 5885.82 5479.47 4112.65 1366.82 249.612 3841.54 3329.17 830.613 4851.07 1951.57 2899.5 2498.56 1119.85
internal_count=136982 75684 73575 55169 18406 3214 51288 44819 10955 61298 24123 37175 33864 15111
is_linear=0
shrinkage=0.0101079


Tree=25
num_leaves=15
num_cat=0
split_feature=28 27 29 11 27 30 14 15 2 14 2 23 18 23
split_gain=66.4271 70.7176 74.7175 52.3865 45.5004 40.3553 32.5735 48.8707 49.2289 30.4083 33.2546 33.0886 28.0649 33.267
threshold=-0.22706275433301923 -0.11969653144478797 -1.0000000180025095e-35 0.038215149194002158 -0.88186877965927113 0.81174489855766307 -2.5444455146789546 12.077664375305178 0.52029353380203258 -6.5548269748687735 0.54125031828880321 0.70343834161758434 79.500000000000014 1.1629906296730044
decision_type=2 2 2 8 2 2 10 8 10 10 10 10 2 10
left_child=9 2 3 -2 12 6 7 8 -3 10 -1 -11 13 -4
right_child=1 5 4 -5 -6 -7 -8 -9 -10 11 -12 -13 -14 -15
leaf_value=-0.0035684670899984354 0.0061576976334718021 0.0030958000115931601 -0.003402885353127967 -0.00076597200681150651 -0.0045044442098721498 0.002408347319906494 0.002614571780433944 -0.0029954218142744329 -0.00080335751035216806 0.0072687718063622906 0.00052005386535499093 0.001489025929531388 0.0021401333583045824 0.00094916182718115139
leaf_weight=210.93353973701596 156.28373565152287 430.69011261872947 600.00707979500294 321.94015207700431 955.43133100867271 675.9145070631057 325.44404002651572 695.44554476067424 1328.3874781876802 105.22022375650704 2704.0325953755528 1856.5697983112186 176.69827725365758 232.47868444025517
leaf_count=3026 2099 5621 7894 4082 12558 8588 4319 8489 16972 961 34233 23224 2401 2697
internal_value=0 -0.000719697 -0.00203471 0.00147452 -0.00291185 0.00020058 -0.000326807 -0.000740147 0.000137634 0.000873581 0.000201796 0.00184655 -0.00134177 -0.00214175
internal_weight=0 5898.72 2442.84 478.224 1964.62 3455.88 2779.97 2454.52 1759.08 4876.76 2914.97 1961.79 1009.18 832.486
internal_count=137164 75720 31731 6181 25550 43989 35401 31082 22593 61444 37259 24185 12992 10591
is_linear=0
shrinkage=0.0101079


Tree=26
num_leaves=15
num_cat=0
split_feature=0 27 15 16 2 22 30 16 0 11 2 27 0 17
split_gain=64.5612 51.0948 35.4533 34.0812 23.1951 41.6468 34.3345 21.648 20.5715 19.2407 18.4397 17.769 19.6552 17.7685
threshold=0.58241254091262828 0.054511256515979774 3.9828134775161748 0.76713833212852489 1.1976080536842348 -0.26018890738487238 0.81174489855766307 0.80105644464492809 1.628699064254761 0.099453400820493712 4.2894840240478525 -0.50938662886619557 0.46333692967891699 91.500000000000014
decision_type=10 2 8 10 8 10 2 10 10 10 8 2 10 2
left_child=1 7 -3 -4 6 -6 8 11 13 -7 -11 -1 -13 -2
right_child=4 2 3 -5 5 9 -8 -9 -10 10 -12 12 -14 -15
leaf_value=-0.0076707286791544175 -5.7471493816759218e-05 0.0054304363002432438 -0.0024568085119933344 0.0029548494199287388 -0.0016285386857391225 -0.00012164688509034873 0.0024478944400778261 7.1233040203628228e-05 0.0029914974796904801 0.0023801941310837246 -0.0015218501105132432 -0.0052823217426446441 -0.00069961066776044246 0.0020482539685712483
leaf_weight=163.84462047182024 3758.035856898874 94.94402970559895 441.02019727788866 149.42396880313754 1462.9705665949732 1574.9506146796048 981.32045915350318 98.206020807847381 276.10096919164062 727.58204934000969 130.04464051686227 234.73200680874288 200.3271838799119 447.99200449883938
leaf_count=1970 46942 1324 5817 2117 18604 20232 12666 1484 3479 8866 1724 3155 2676 5809
internal_value=0 -0.00202477 -2.06835e-07 -0.000999332 0.000309496 -0.000278624 0.000736044 -0.00393626 0.000348705 0.000519183 0.0017335 -0.0046528 -0.00331209 0.000160506
internal_weight=0 1382.5 685.388 590.444 9359 3895.55 5463.45 697.11 4482.13 2432.58 857.627 598.904 435.059 4206.03
internal_count=136865 18543 9258 7934 118322 49426 68896 9285 56230 30822 10590 7801 5831 52751
is_linear=0
shrinkage=0.0101079


Tree=27
num_leaves=15
num_cat=0
split_feature=28 27 29 11 0 30 13 2 16 7 14 2 14 23
split_gain=70.2419 73.9028 81.7866 53.0053 48.894 46.0751 37.2205 32.9657 37.249 36.0497 27.6207 33.1652 28.3725 26.9057
threshold=-0.20576497167348859 -0.076279435306787477 -1.0000000180025095e-35 0.036867970600724227 0.66167172789573681 0.81174489855766307 0.089353948831558241 0.52029353380203258 0.25822250545024877 14.204738140106203 -6.9678828716278067 0.52591371536254894 -16.331995010375973 0.70012906193733226
decision_type=2 2 2 8 10 2 8 8 10 10 10 10 10 10
left_child=10 2 3 -2 -4 6 7 8 -3 -9 11 -1 -13 -12
right_child=1 5 4 -5 -6 -7 -8 9 -10 -11 13 12 -14 -15
leaf_value=-0.0039877695630643854 0.0063132058998313723 0.006435598884807877 -0.0051964748464761196 -0.00061612197496130523 -0.0017682592986747257 0.0026241088474132216 -0.0052983392615278879 -0.0012010525145326521 0.00050730504352699526 0.0034117591955123076 0.0063959876309768529 0.0021065179609039827 -0.00015004116820804521 0.0014486385988131073
leaf_weight=169.4950942043215 155.20612090080976 138.14406325295568 682.2023657746613 336.30305485613644 1297.0331771634519 655.21314712613821 139.08376679196954 1719.2471547089517 501.92308746278286 181.52975315600634 118.87891751527786 796.42068440653384 1852.0376360844821 2015.4879735615104
leaf_count=2481 2067 1862 8991 4269 16925 8351 1749 22169 6118 2298 1111 10277 23478 25117
internal_value=0 -0.00074053 -0.00206428 0.00155393 -0.0029857 0.000230493 -0.000345441 -4.33758e-05 0.00191008 -0.000727411 0.000896847 0.000222037 0.000517387 0.00176491
internal_weight=0 5805.89 2470.74 491.509 1979.24 3335.14 2679.93 2540.84 640.067 1900.78 4952.32 2817.95 2648.46 2134.37
internal_count=137263 74799 32252 6336 25916 42547 34196 32447 7980 24467 62464 36236 33755 26228
is_linear=0
shrinkage=0.0101079


Tree=28
num_leaves=15
num_cat=0
split_feature=0 16 15 33 28 28 12 32 30 21 0 18 28 18
split_gain=66.2715 38.7449 31.2491 29.5329 44.6395 28.0374 27.1656 25.5735 36.8527 25.8045 19.7895 17.7374 15.5482 15.5221
threshold=0.5904124677181245 0.76713833212852489 4.2300677299499521 1.497500002384186 -0.3317298144102096 -0.010907442308962435 0.018480815924704078 1.0000000180025095e-35 0.81174489855766307 9.8674879074096697 0.9599348008632661 88.500000000000014 0.43245348334312445 79.500000000000014
decision_type=10 10 8 8 2 2 10 2 2 10 10 2 2 2
left_child=1 2 -1 5 -5 -2 -3 8 -6 12 -10 -4 13 -9
right_child=3 6 11 4 7 -7 -8 9 10 -11 -12 -13 -14 -15
leaf_value=0 0.00040946512393965923 0.0049005270422644628 -0.004682733664306821 0.00083739404153329231 -0.00061532834595620113 0.0047243371475737981 -0.0011519363070280908 -0.0019364621779627582 0.0032228531570484137 0.0013778513494837807 -0.00109682111308906 -0.0012735994999591516 -0.0040622358344850487 0.001542544525051039
leaf_weight=269.48780414834619 392.8000625371933 112.94691278226674 650.96838938072324 4135.3994152210653 2257.0662374105304 274.8588925153017 180.48467298597097 939.46330349333584 452.14091836847365 230.98771621100605 121.2107849586755 261.52287023887038 343.21952583640814 133.11517267860472
leaf_count=3753 2050 1557 8570 54385 29554 1416 2654 12637 5976 3062 1446 3186 4888 1941
internal_value=0 -0.00205859 -0.00288093 0.000241385 7.68444e-05 0.00227908 0.00110842 -0.000616842 -1.86992e-05 -0.00161559 0.00223752 -0.00376835 -0.0021372 -0.00145935
internal_weight=0 1475.41 1181.98 9280.26 8612.6 667.659 293.432 4477.2 2830.42 1646.79 573.352 912.491 1415.8 1072.58
internal_count=137075 19720 15509 117355 113889 3466 4211 59504 36976 22528 7422 11756 19466 14578
is_linear=0
shrinkage=0.0101079


Tree=29
num_leaves=15
num_cat=0
split_feature=28 33 29 0 17 12 12 7 23 12 7 30 5 12
split_gain=59.0804 73.4487 34.0751 35.4162 31.9687 24.2561 30.2369 23.6152 24.4708 22.5627 20.8237 16.2421 30.2743 23.311
threshold=-0.18436925113201139 1.497500002384186 -0.60785761475563038 0.53429719805717479 18.500000000000004 0.0032663748133927588 -0.029207367449998852 9.1031589508056658 0.8771590292453767 0.1044803634285927 15.281480789184572 0.81174489855766307 1.6252227425575259 -0.0056789438240230075
decision_type=2 8 2 10 2 8 10 10 10 10 10 2 10 10
left_child=7 -2 -3 4 -4 6 -6 -1 10 -10 -9 13 -13 -5
right_child=1 2 3 11 5 -7 -8 8 9 -11 -12 12 -14 -15
leaf_value=0.00037823821297937755 0.0034645779546076992 0.0037924896533493083 0.0021679542824227637 -0.0020535470008991559 -0.004737388859836488 -0.0058821057177455838 0.00046866754371007499 0.006735019646754891 8.2644812516778567e-05 0.003743760237955863 0.0011595480574935176 0.0018430726643105337 -0.0020759429885049831 -0.00035545140865091097
leaf_weight=3785.0555360578001 389.07580271363258 134.7461544983089 91.171574732288718 1487.9939882643521 202.0235197711736 328.33756546489894 219.98913903161883 176.36335333436728 683.60234933160245 233.92661540582776 147.45309762842953 560.08080045320094 299.08173843845725 2013.3521675653756
leaf_count=48211 2014 1806 1265 20752 2807 4685 3147 1834 8808 2956 1556 7696 3664 25787
internal_value=0 -0.000710518 -0.00102699 -0.00116498 -0.00307135 -0.00377681 -0.00196917 0.000790031 0.00200324 0.00108302 0.00440352 -0.000783075 0.000425841 -0.00109154
internal_weight=0 5725.85 5336.78 5202.03 841.522 750.35 422.013 5026.4 1241.35 917.529 323.816 4360.51 859.163 3501.35
internal_count=136988 73623 71609 69803 11904 10639 5954 63365 15154 11764 3390 57899 11360 46539
is_linear=0
shrinkage=0.0101079


Tree=30
num_leaves=15
num_cat=0
split_feature=28 33 27 29 27 14 13 3 2 5 15 21 14 23
split_gain=62.883 93.3305 70.8025 57.6292 49.7041 34.1357 32.7292 53.5631 63.0313 29.4276 28.0146 24.2374 24.1405 32.9447
threshold=-0.22706275433301923 1.497500002384186 -0.076279435306787477 -1.0000000180025095e-35 -0.91080963611602772 -13.851647377014158 -0.075761299580335603 0.20865205675363543 0.52029353380203258 -4.4511368274688712 11.408156394958498 8.6400213241577166 -6.5548269748687735 0.70343834161758434
decision_type=2 8 2 2 2 10 8 10 8 8 10 10 10 10
left_child=12 -2 3 5 -5 -3 -4 -8 -9 -6 -7 -10 -1 -14
right_child=1 2 6 4 9 10 7 8 11 -11 -12 -13 13 -15
leaf_value=0.00026915653737063963 0.0039051479398482664 -0.0036343452219100843 0.0037328717728684004 -0.0012378373489739551 0.00034065883355252218 0.0054685385414274604 -0.0053045169260144253 0.0031087636774639036 -0.0011453322960477909 -0.0051677507238759883 -8.3794975378167852e-06 0.0019510836327541611 0.0070548395066715322 0.0013787317308633124
leaf_weight=2903.7192901093513 410.81938199698925 120.54575415141881 211.45198833756149 842.2559508588165 94.326163439080119 156.64828090183437 197.05349357798696 544.35015848465264 1880.6649558022618 946.9554874394089 193.20885547623038 283.95584773272276 108.68482643738389 1864.1742586903274
leaf_count=37123 2123 1551 2843 11410 1430 2339 2587 7152 25630 12856 2380 3402 979 23283
internal_value=0 -0.000677549 -0.00103399 -0.00235437 -0.00314639 0.000731853 -2.07289e-05 -0.000316816 4.49711e-05 -0.0046313 0.00239502 -0.000715071 0.000873411 0.00173786
internal_weight=0 5882.24 5471.42 2353.94 1883.54 470.403 3117.48 2906.02 2708.97 1041.28 349.857 2164.62 4876.58 1972.86
internal_count=137088 75703 73580 31966 25696 6270 41614 38771 36184 14286 4719 29032 61385 24262
is_linear=0
shrinkage=0.0101079


Tree=31
num_leaves=15
num_cat=0
split_feature=0 27 33 28 3 3 28 14 20 16 15 27 15 3
split_gain=68.738 55.148 33.4187 40.5087 48.6069 44.2848 29.6099 29.2635 24.9221 24.8106 32.4692 25.3255 22.9759 25.6992
threshold=0.5904124677181245 -0.49049438536167139 0.9962500035762788 -0.3317298144102096 0.36191920936107641 0.22681293636560443 0.87137606739997875 -10.383180141448973 -0.41470012068748469 0.76713833212852489 3.7996246814727788 0.076279435306787505 3.8591940402984624 0.83718866109848034
decision_type=10 2 10 2 10 10 2 10 10 10 8 2 10 10
left_child=1 -1 3 -2 5 -5 7 12 -4 10 11 -3 -6 -14
right_child=2 9 8 4 6 -7 -8 -9 -10 -11 -12 -13 13 -15
leaf_value=-0.0067984347820561324 0.0008649795893955405 -0.0015931777408404743 0.0045776627626177369 -0.0025286728062007199 -0.0013235367849168819 0.0026833132967639178 0.00083109645949500707 -0.00069090239916697689 0.00050650328895260506 0.0015029028103919883 -0.0028040972996230032 0.0053294476613647366 -0.0058844165180757029 -0.00047989987162379278
leaf_weight=207.73519611917436 4177.1205151472241 97.613324971869588 309.20573166012764 200.869768159464 569.47674653492868 732.39472395181656 650.71250463835895 1796.7015801370144 351.89317500591278 258.36685820296407 812.3735711760819 93.387506119906902 357.70051048323512 143.71904702670872
leaf_count=2570 54664 1428 1593 2763 7999 9701 8261 24052 1831 3758 10658 1287 4820 1690
internal_value=0 -0.0020263 0.000321002 0.000147171 -0.000517627 0.00150706 -0.00106828 -0.00151443 0.00250172 -0.00117255 -0.00190767 0.00166239 -0.0028439 -0.00444533
internal_weight=0 1469.48 9289.79 8628.7 4451.57 933.264 3518.31 2867.6 661.099 1261.74 1003.37 191.001 1070.9 501.42
internal_count=137075 19701 117374 113950 59286 12464 46822 38561 3424 17131 13373 2715 14509 6510
is_linear=0
shrinkage=0.0101079


Tree=32
num_leaves=15
num_cat=0
split_feature=28 27 29 23 30 14 15 13 14 13 21 15 21 30
split_gain=63.0388 54.2315 61.392 62.9213 38.9153 34.5017 43.345 28.8855 28.2778 27.6063 29.631 36.5469 28.9483 42.5953
threshold=-0.35222910344600672 -0.09801131114363669 -1.0000000180025095e-35 1.049435615539551 0.81174489855766307 -14.218025684356688 12.280789852142336 0.027876369655132297 -6.7340426445007315 0.089353948831558241 6.7455642223358163 11.408156394958498 0.77483713626861583 -0.56174489110708226
decision_type=2 2 2 10 2 10 10 10 10 8 10 8 10 2
left_child=-1 2 5 7 9 -2 -7 -4 -9 10 11 12 13 -3
right_child=1 4 3 -5 -6 6 -8 8 -10 -11 -12 -13 -14 -15
leaf_value=0.00093085184669553477 -0.0029700796784372127 -0.0022680996950058614 -0.0044858821224292231 8.5635185819912221e-05 0.0022514545390675631 0.0059083657302065346 -0.00047449026612800699 -0.0051314938504763716 0.0004267002921769349 -0.0045670650611101139 0.0027894576927216083 -0.0024976034211132256 0.0028102088513891231 0.0011787350286512951
leaf_weight=4391.7806762345135 131.2291887011379 664.17839922383428 1098.9105621948838 646.82785070687532 719.34798534959555 208.98209536261857 194.63715494982898 122.3474857211113 292.43035544268787 143.79117158614099 307.25294718891382 673.10316639579833 353.45740059763193 785.60727451182902
leaf_count=55292 1633 8716 14938 7766 9108 2886 2394 1477 4091 1817 3911 8320 4239 10353
internal_value=0 -0.0006434 -0.00172967 -0.00249348 0.000150334 0.00127274 0.00278021 -0.0036171 -0.00118003 -0.000356688 -0.000112792 -0.000496657 0.000235258 -0.000376156
internal_weight=0 6342.1 2695.36 2160.52 3646.74 534.848 403.619 1513.69 414.778 2927.39 2783.6 2476.35 1803.24 1449.79
internal_count=136941 81649 35185 28272 46464 6913 5280 20506 5568 37356 35539 31628 23308 19069
is_linear=0
shrinkage=0.0101079


Tree=33
num_leaves=15
num_cat=0
split_feature=0 27 12 14 5 15 2 28 15 18 29 13 21 27
split_gain=62.0045 54.3964 28.9352 37.6139 37.1438 32.9393 27.7453 39.4521 29.9964 25.7985 23.8557 30.9469 21.4174 22.6603
threshold=0.58241254091262828 -0.49049438536167139 0.0019780101720243697 -7.0836362838745108 2.3236000537872319 4.3584477901458749 1.2225135564804079 0.22706275433301928 20.97562408447266 81.500000000000014 0.6078576147556306 0.0064847627654671678 -6.5598137378692618 0.9279436767101289
decision_type=10 2 8 10 10 10 8 2 10 2 2 10 10 2
left_child=1 -1 3 5 -4 -3 12 9 -9 10 -8 -12 -2 -14
right_child=6 2 4 -5 -6 -7 7 8 -10 -11 11 -13 13 -15
leaf_value=-0.0069117101943795998 0.0028445582508061307 0.0017067339151421086 -0.00406899520856162 0.0042378026407803616 0.001667514958064121 -0.0038474333680835133 -0.0010412661706528179 -0.0026832781710293871 0.0010289248561595186 0.0022777883732551974 0.0028970734485637252 -0.0011087820987744771 0.00085113065582442175 -0.0010247856731155649
leaf_weight=191.39692080207169 467.34747959300876 190.85901119932532 458.04313639178872 178.95841136574745 137.03028940781951 220.95002632401884 1246.6861570794135 956.20350125432014 266.47426910698414 551.99319796822965 455.83025656081736 318.94253773242235 4363.5302238091826 749.6617569476366
leaf_count=2382 6372 2742 6275 2285 1939 2954 16133 12162 3125 6915 5830 4010 54456 9446
internal_value=0 -0.00197758 -0.00110816 0.000417867 -0.00267644 -0.0011925 0.000313341 -0.000345577 -0.00183995 0.000352067 -0.000160414 0.00120153 0.000768673 0.00056707
internal_weight=0 1377.24 1185.84 590.767 595.073 411.809 9376.67 3796.13 1222.68 2573.45 2021.46 774.773 5580.54 5113.19
internal_count=137026 18577 16195 7981 8214 5696 118449 48175 15287 32888 25973 9840 70274 63902
is_linear=0
shrinkage=0.0101079


Tree=34
num_leaves=15
num_cat=0
split_feature=22 29 33 22 2 3 12 3 3 5 23 14 29 14
split_gain=59.2762 36.6331 31.0965 32.538 34.4744 31.3342 28.0938 21.6303 19.4512 23.4675 16.7981 22.2666 17.5716 19.4768
threshold=-1.0182357430458067 -0.60785761475563038 0.9962500035762788 -0.40052624046802515 0.55169257521629345 0.22681293636560443 -0.031434312462806695 0.34579357504844671 0.36191920936107641 -2.3668876886367793 0.73312646150589 -2.6074564456939693 1.0000000180025095e-35 -8.9050574302673322
decision_type=10 2 10 10 8 10 10 10 8 8 10 10 2 10
left_child=8 -2 3 4 5 -3 -4 -6 -1 -10 11 -9 13 -12
right_child=1 2 6 -5 7 -7 -8 10 9 -11 12 -13 -14 -15
leaf_value=0.00067115710799211658 0.0053551808192131784 -0.0023696065063211185 0.0047918617368236721 0.00036173655073518639 0.00036734621623906062 0.0026871168619590638 0.0005250756196732132 -0.0033498674783225 5.2675282469670145e-05 -0.0048070191704638323 -0.0015155995588952656 0.0014135115836523768 -0.0019849962902871469 0.0026699730477573918
leaf_weight=103.79519623704255 129.49852830916643 160.05574160441756 251.21727156639099 6048.1932250447571 519.47698208875954 435.44166716374457 475.55098296701908 895.03035434707999 110.70719252899289 430.93685777112842 205.90461033396423 95.826704047620296 652.90130556374788 223.08131636492908
leaf_count=1552 1666 2064 1290 79717 6752 5689 2485 11771 1567 6299 2803 1552 8655 3039
internal_value=0 0.000161495 8.58754e-05 -6.90076e-05 -0.000897863 0.00124805 0.00208957 -0.00140863 -0.00298006 -0.00375308 -0.00187291 -0.00284135 -0.000935086 0.000576852
internal_weight=0 10092.2 9962.68 9235.91 3187.72 595.497 726.768 2592.22 645.439 541.644 2072.74 990.857 1081.89 428.986
internal_count=136901 127483 125817 122042 42325 7753 3775 34572 9418 7866 27820 13323 14497 5842
is_linear=0
shrinkage=0.0101079


Tree=35
num_leaves=15
num_cat=0
split_feature=33 23 27 6 2 23 12 17 3 21 14 27 14 13
split_gain=54.7026 50.8688 44.1257 42.5255 27.9293 40.9757 27.8349 49.5303 26.7055 25.6777 21.6061 20.7664 38.0843 26.8849
threshold=1.497500002384186 0.57613593339920055 -0.49049438536167139 -2.9924108982086177 0.91262024641036998 1.0865490436553957 0.0019780101720243697 11.500000000000002 0.23819272220134738 10.078850746154787 -6.6758086681365958 -0.50938662886619557 -16.505522727966305 -0.046095313504338258
decision_type=8 10 2 10 8 10 8 2 10 10 10 2 10 10
left_child=3 2 -2 -1 8 9 10 -8 -3 11 -4 -6 13 -13
right_child=1 4 6 -5 5 -7 7 -9 -10 -11 -12 12 -14 -15
leaf_value=0.0059512084805926182 -0.0063808759077432463 -0.0014999645484882352 -0.0007648255950988682 0.00078215117558353331 -0.0028727227222910914 0.00058532293041032397 0.0024571543488393099 -0.0042568346315096312 0.0011478700786972755 0.0014570114156511071 0.0034559976290794514 0 -0.0017037471817256326 0.0056501521848851856
leaf_weight=252.41797938942909 194.54644795134664 428.25680960342288 496.54928261600435 502.71020641922951 838.66356522217393 2379.4823952317238 132.03525458462536 480.62043312937021 2990.2408005688339 304.87125810608268 154.82156904786825 239.61155635677278 1255.9778075944632 122.61539757065475
leaf_count=1292 2550 5358 7127 2618 11973 31494 1910 6958 39235 3853 2171 3252 15923 1658
internal_value=0 -0.000202539 -0.00194344 0.00260538 9.08489e-05 -0.000374456 -0.00119442 -0.00273216 0.000801736 -0.00121535 0.000205357 -0.00156688 -0.000854882 0.00195338
internal_weight=0 10018.3 1458.57 755.128 8559.72 5141.22 1264.03 612.656 3418.5 2761.74 651.371 2456.87 1618.2 362.227
internal_count=137372 133462 20716 3910 112746 68153 18166 8868 44593 36659 9298 32806 20833 4910
is_linear=0
shrinkage=0.0101079


Tree=36
num_leaves=15
num_cat=0
split_feature=0 16 15 33 2 22 3 3 7 23 7 29 31 8
split_gain=61.7239 29.524 31.4657 29.4528 34.6265 40.7628 33.4121 29.5667 29.0542 23.5144 20.7516 17.9579 23.9351 16.3808
threshold=0.58241254091262828 0.76713833212852489 3.7996246814727788 1.497500002384186 0.91262024641036998 -0.26631698012351984 0.22681293636560443 0.50714674592018139 10.42261838912964 0.8942416012287141 13.725496768951418 1.0000000180025095e-35 1.0000000180025095e-35 0.77596822381019603
decision_type=10 10 8 8 8 10 10 10 10 10 10 2 2 10
left_child=1 2 -1 7 6 11 -5 -2 -8 10 -10 -6 -13 -4
right_child=3 -3 13 4 5 -7 8 -9 9 -11 -12 12 -14 -15
leaf_value=0.00054294317484102062 -0.00025768423323771153 0.00084797205582407616 -0.0043339996305639603 -0.001965972103421709 -0.00040430919619158473 0.00028861145392990645 0.00082776956796525123 0.003922396819613109 0.0083436875471550286 0.00061548829189591041 0.0018439320900426048 -0.0031405348087065505 0.00052458881536491804 -0.00070796635312571213
leaf_weight=215.01449504122138 257.97590258717537 271.42172512225807 688.87369279004633 354.8742793854326 870.08728398196399 3237.1136792767793 2701.0027034245431 424.45619668066502 136.00443910807371 182.68416418321431 115.1919656638056 884.0441453140229 203.5610503796488 194.29488632082939
leaf_count=2988 1338 3933 9100 4569 11470 42942 35692 2183 1650 2409 1543 12154 2541 2523
internal_value=0 -0.00200663 -0.00274976 0.000284913 0.000120174 -0.000397401 0.000901393 0.00229816 0.00124286 0.00367617 0.00566181 -0.00154907 -0.0024187 -0.00359465
internal_weight=0 1369.6 1098.18 9367 8684.56 5194.81 3489.76 682.432 3134.88 433.881 251.196 1957.69 1087.61 883.169
internal_count=137035 18544 14611 118491 114970 69107 45863 3521 41294 5602 3193 26165 14695 11623
is_linear=0
shrinkage=0.0101079


Tree=37
num_leaves=15
num_cat=0
split_feature=0 27 12 5 33 20 3 23 3 29 27 2 13 2
split_gain=60.0692 54.674 25.9091 31.7523 24.7581 31.2029 27.7256 48.6456 32.6898 25.5076 27.7967 23.1622 23.9131 22.0531
threshold=0.5904124677181245 -0.49049438536167139 0.0019780101720243697 2.3696690797805791 0.9962500035762788 -0.41470012068748469 0.42822875082492834 1.0919651389122011 0.20865205675363543 1.0000000180025095e-35 -0.11969653144478797 1.115428149700165 -0.021358055062592026 4.2894840240478525
decision_type=10 2 8 10 10 10 10 10 10 2 2 10 10 8
left_child=1 -1 -3 -4 6 -6 8 9 -2 11 -11 -8 -13 -9
right_child=4 2 3 -5 5 -7 7 13 -10 10 -12 12 -14 -15
leaf_value=-0.0065993427952963203 -0.0021754646705603475 0.00038748352122583077 -0.0037222020791492067 0.0014757536436912633 0.0044854801087545453 1.5146379263108371e-05 0.0015376269206654784 0.0010422798102452321 0.0014134733283928287 -0.003254136514218181 -0.00071267171639855941 -0.0036215592400416275 5.5278773847059825e-05 -0.002738394100490408
leaf_weight=208.75260197371244 275.11872031353414 624.43668293766677 479.7880839034915 141.78774502500892 313.44341593980789 353.93762332201004 583.61090635694563 2524.0433502923697 2435.5916728097945 781.32175901345909 1128.1453535035253 252.37101417034864 524.51264485158026 155.67229779623449
leaf_count=2604 3476 8429 6596 2011 1604 1837 8571 33325 31133 11202 14466 3224 6675 2160
internal_value=0 -0.00187114 -0.00101134 -0.00246861 0.000331598 0.00220167 0.000181004 -0.000199481 0.00102924 -0.00103121 -0.00178254 0 -0.00111113 0.000800426
internal_weight=0 1454.77 1246.01 621.576 9327.77 667.381 8660.39 5949.68 2710.71 3269.96 1909.47 1360.49 776.884 2679.72
internal_count=137313 19640 17036 8607 117673 3441 114232 79623 34609 44138 25668 18470 9899 35485
is_linear=0
shrinkage=0.0101079


Tree=38
num_leaves=15
num_cat=0
split_feature=0 27 12 14 17 33 28 2 12 20 16 29 23 28
split_gain=60.6908 54.351 33.1885 42.2673 41.5441 31.599 30.6279 44.2965 33.7631 28.556 25.9695 23.5537 29.1623 23.173
threshold=0.5904124677181245 -0.50938662886619557 0.0019780101720243697 -7.0836362838745108 11.500000000000002 0.9962500035762788 -0.37256073951721186 0.54125031828880321 -0.002584269735962152 -0.41470012068748469 0.32633125782012945 1.0000000180025095e-35 1.0865490436553957 0.20576497167348864
decision_type=10 2 8 10 2 10 2 8 8 10 10 2 10 2
left_child=1 -1 3 10 -4 6 -2 8 -8 -7 -3 -9 -13 -6
right_child=5 2 4 -5 13 9 7 11 -10 -11 -12 12 -14 -15
leaf_value=-0.0067466711636919889 0.00081609659608241399 0.00082020831774233104 0.0019255786382264715 0.0044476374776576694 0 0.0046884633517370296 -0.00037738633572409382 0.00013151959045841111 0.0042508651885376798 0.00033008928884129468 -0.0039679460397989523 -0.0020680810642384915 0.00047895554415960392 -0.0051745260527561055
leaf_weight=196.97692211903632 4022.8855215124786 260.34229453839362 138.56068550422788 191.33293928205967 99.482309946790338 307.10203377902508 274.63328688964248 1625.6495845001191 334.09621154516935 345.08636595308781 185.12099765427411 1786.8390221502632 582.00022773072124 391.02477318793535
leaf_count=2447 52635 3710 1845 2429 1222 1568 3807 21465 4128 1791 2416 24609 7285 5603
internal_value=0 -0.001872 -0.00104578 0.000527422 -0.00268916 0.000337614 0.000169337 -0.000387516 0.00211827 0.00247423 -0.00111354 -0.00078281 -0.00142573 -0.00408358
internal_weight=0 1462.84 1265.86 636.796 629.068 9278.29 8626.1 4603.22 608.729 652.188 445.463 3994.49 2368.84 490.507
internal_count=136960 19672 17225 8555 8670 117288 113929 61294 7935 3359 6126 53359 31894 6825
is_linear=0
shrinkage=0.0101079


Tree=39
num_leaves=15
num_cat=0
split_feature=28 2 22 30 14 2 15 4 16 22 17 21 14 17
split_gain=56.4193 53.4266 47.6024 39.4081 28.1531 31.3399 28.1208 27.7474 26.8822 26.8599 25.6685 27.3749 23.013 32.5285
threshold=-0.22706275433301923 0.94460314512252819 -0.61428943276405323 1.0000000180025095e-35 -6.5548269748687735 0.56683930754661571 18.858356475830082 0.41466559469699865 0.14459753781557086 -1.1825206875801084 22.500000000000004 4.105593442916871 -15.874293327331541 59.500000000000007
decision_type=2 8 10 2 10 10 10 10 10 10 2 10 10 2
left_child=4 3 6 8 5 -1 -3 -6 -2 -5 11 -10 13 -7
right_child=1 2 -4 9 7 12 -8 -9 10 -11 -12 -13 -14 -15
leaf_value=-0.0031553631005772783 0.0030542120667246 -0.0039944603806460408 -0.0006412898267608441 -0.0029289461501754415 0.003144393418070822 -0.00071293684173245008 0.00033684184209996007 0.00065869738398325966 0.0026330641640344341 0.0023242034914333493 -0.0018886952240506046 -0.0027953712462508631 -0.00012354051416364929 0.0033815603575959633
leaf_weight=257.33917154371738 168.95727403089404 919.97736821882427 1974.1791612878442 97.233207507058978 821.28463111817837 288.64864067733288 161.84929129295051 1159.8705450911075 305.53806423582137 1004.5042406786233 1114.3605868704617 123.51373575627804 1844.8207533471286 527.34083193168044
leaf_count=3601 2338 12453 24640 1424 9936 3737 2092 14293 3602 13106 14451 1623 23113 6786
internal_value=0 -0.000679789 -0.00160565 0.000312928 0.000788242 0.000140607 -0.00331147 0.00171761 -0.000628642 0.00180712 -0.00107096 0.000956062 0.000482665 0.00189081
internal_weight=0 5870.11 3056.01 2814.11 4899.3 2918.15 1081.83 1981.16 1712.37 1101.74 1543.41 429.052 2660.81 815.989
internal_count=137195 75729 39185 36544 61466 37237 14545 24229 22014 14530 19676 5225 33636 10523
is_linear=0
shrinkage=0.0101079


Tree=40
num_leaves=15
num_cat=0
split_feature=0 27 33 28 2 21 2 7 16 20 5 28 30 0
split_gain=59.0925 52.3519 30.4651 31.3103 51.4013 28.5296 25.4711 23.1646 30.7664 22.8941 20.313 27.1541 22.5835 23.1873
threshold=0.5904124677181245 -0.49049438536167139 0.9962500035762788 -0.35222910344600672 0.61722519993782055 9.8674879074096697 4.040452480316163 5.3856530189514169 0.16810092329978946 -0.41470012068748469 0.63061231374740612 0.86046862602233898 0.81174489855766307 0.79970461130142223
decision_type=10 2 10 2 8 10 8 10 8 10 10 2 2 10
left_child=1 -1 3 -2 -5 10 -7 8 -3 -4 11 12 13 -6
right_child=2 7 9 4 5 6 -8 -9 -10 -11 -12 -13 -14 -15
leaf_value=-0.0065310731852088258 0.00076074559692302724 0.0018368653805969169 0.0043322968140220245 0.0017517040182135556 -0.0036592326205604881 0.002565879493902648 -0.0023365850941789576 0.00075892136587018709 -0.0029976228520106067 0.00043583273495348082 -0.0022880550658080714 0.0022596445960605289 0.0011450657674240789 -0.00066796188322516803
leaf_weight=208.35361496917903 4105.9684997461736 150.94534547068179 312.93559081852436 854.12204377353191 434.81119015440345 377.54279574565589 136.11429439485073 433.34678242169321 675.77474330365658 350.4394191801548 1357.6708658896387 269.61119782924652 320.35720337741077 780.75610569864511
leaf_count=2629 53655 2164 1595 11361 6240 4820 1557 5583 9489 1819 17592 3750 4490 10606
internal_value=0 -0.00189205 0.000284677 0.000118446 -0.000454982 -0.000981146 0.00117389 -0.00105833 -0.00205766 0.00236265 -0.00134585 -0.00060837 -0.00114673 -0.00178721
internal_weight=0 1468.42 9300.33 8636.95 4530.99 3676.86 513.657 1260.07 826.72 663.375 3163.21 1805.54 1535.92 1215.57
internal_count=137350 19865 117485 114071 60416 49055 6377 17236 11653 3414 42678 25086 21336 16846
is_linear=0
shrinkage=0.0101079


Tree=41
num_leaves=15
num_cat=0
split_feature=28 33 27 29 27 5 30 14 13 11 2 21 14 5
split_gain=57.1311 77.2721 48.1386 59.2792 49.0749 34.6794 28.6785 27.0182 43.3629 31.6944 24.1388 28.5323 23.0034 21.7663
threshold=-0.35222910344600672 1.497500002384186 0.054511256515979774 -0.60785761475563038 -0.89194178581237782 -4.8315827846527091 0.81174489855766307 -2.5444455146789546 0.073480144143104567 0.039600398391485221 0.60361647605896007 8.4708700180053729 -12.655672550201414 0.78832861781120311
decision_type=2 8 2 2 2 8 2 10 10 10 10 10 10 8
left_child=-1 -2 3 -3 12 -6 7 8 9 -4 -7 -12 -5 -8
right_child=1 2 6 4 5 10 13 -9 -10 -11 11 -13 -14 -15
leaf_value=0.00087787536560711725 0.0033857958319969137 0.0043901400128326679 -0.0019219827177403067 -0.0028278643099971094 0.0017998809596341944 0 0.00332952970251967 0.0022316509398848808 -0.006134300722580594 0.00056828328915550493 -0.0053708838774996302 -0.00077042455395464064 1.260686899784425e-06 -0.00040721055272236801
leaf_weight=4416.5456239432096 445.70013874769211 134.14346801862121 933.77671979367733 403.60912932828069 95.982109172269702 124.9826274253428 385.11713828705251 297.28726392798126 147.44152447022498 1131.0919961929321 890.33794303797185 191.17289860919118 928.51309991255403 235.82655830308795
leaf_count=55331 2290 1812 11876 5570 1424 2170 5139 4143 2082 15427 11787 2550 12507 3043
internal_value=0 -0.000618157 -0.000931502 -0.00190096 -0.00224837 -0.00364775 -5.8639e-05 -0.000553208 -0.000952063 -0.000541257 -0.00412308 -0.00460597 -0.000836912 0.00185822
internal_weight=0 6344.98 5899.28 2768.74 2634.6 1302.48 3130.54 2509.6 2212.31 2064.87 1206.49 1081.51 1332.12 620.944
internal_count=137151 81820 79530 37820 36008 17931 41710 33528 29385 27303 16507 14337 18077 8182
is_linear=0
shrinkage=0.0101079


Tree=42
num_leaves=15
num_cat=0
split_feature=0 27 16 15 33 3 3 0 3 29 27 12 11 13
split_gain=56.9505 52.7756 28.0786 32.1819 27.8839 28.733 39.5714 36.602 25.8703 24.7527 30.4184 35.3988 29.0744 27.2333
threshold=0.58241254091262828 -0.49049438536167139 0.76713833212852489 4.2300677299499521 0.9962500035762788 0.36191920936107641 0.21224471181631091 1.069332003593445 0.50714674592018139 1.0000000180025095e-35 -0.47136868536472315 0.0079927570186555403 0.036867970600724227 -0.018969818949699398
decision_type=10 2 10 8 10 10 10 10 10 2 2 10 10 10
left_child=1 -1 3 -3 5 6 -2 9 -6 13 11 -11 -12 -7
right_child=4 2 -4 -5 8 7 -8 -9 -10 10 12 -13 -14 -15
leaf_value=-0.0067555604487057521 -0.0019011125778076088 0.0014727296924188333 0.0019194210158124522 -0.0028501063062576449 -9.0668054614590079e-05 -0.0017129067693003716 0.0019243948545655315 0.00069823080863982338 0.0038492480696447648 -0.0054251148593490893 -0.0021546949600236664 -0.00049470828008339588 0.00054756884559685958 0.0010689609270851509
leaf_weight=189.69783002138138 317.49338993988931 212.06914883852005 243.2607413046062 731.17021523602307 252.75137422978878 523.2713619414717 1587.5723685584962 2963.0143445432186 412.79614920914173 359.66274903155863 740.87316039949656 285.7892553769052 849.29189534112811 1091.4491108618677
leaf_count=2407 4000 3041 3578 9679 1305 7110 20105 39355 2114 5223 9096 4331 11096 14748
internal_value=0 -0.00187387 -0.00102128 -0.00183159 0.000321965 0.000163767 0.00126063 -0.000138055 0.00230878 -0.000792221 -0.00148082 -0.00333537 -0.000690374 0.00013868
internal_weight=0 1376.2 1186.5 943.239 9383.97 8718.42 1905.07 6813.35 665.548 3850.34 2235.62 645.452 1590.17 1614.72
internal_count=137188 18705 16298 12720 118483 115064 24105 90959 3419 51604 29746 9554 20192 21858
is_linear=0
shrinkage=0.0101079


Tree=43
num_leaves=15
num_cat=0
split_feature=0 27 12 17 33 3 28 3 2 17 28 18 21 2
split_gain=48.8624 49.3671 30.6257 39.4381 27.0877 29.7903 42.6082 41.1544 28.3554 26.6726 24.7 24.0597 22.9815 21.1521
threshold=0.5904124677181245 -0.49049438536167139 0.0019780101720243697 11.500000000000002 0.9962500035762788 0.36191920936107641 -0.3317298144102096 0.21224471181631091 0.54125031828880321 48.500000000000007 0.18436925113201144 61.500000000000007 9.8674879074096697 4.040452480316163
decision_type=10 2 8 2 10 10 2 10 8 2 2 2 10 10
left_child=1 -1 11 -4 5 7 -7 -2 -8 -6 -5 -3 -10 -14
right_child=4 2 3 10 9 6 8 -9 12 -11 -12 -13 13 -15
leaf_value=-0.0062475133624182479 -0.0020097124203918245 -0.00057783506959431909 0.0020575570134531169 0.00051592393708758944 0 0.00067771275241671988 0.0026897404207876932 0.0019665546964841127 -0.0014852445222743934 0.0040456662806191493 -0.0049101608546942383 0.0036106735423247073 0.0024174292697506637 -0.0022559061783283701
leaf_weight=201.67503539286554 304.16823941841722 438.24566433764994 137.32772150449455 90.598798168823123 301.49225808680058 3265.250808769837 195.71095103025436 1560.9759283028543 2883.961111433804 372.09466300904751 395.22284810058773 190.47737930901349 309.55717964284122 129.37235830910504
leaf_count=2574 3824 6004 1829 1121 1564 43721 2521 19759 38838 1892 5738 2460 4134 1410
internal_value=0 -0.00166894 -0.000865799 -0.00245432 0.000318164 0.000160124 -0.000145918 0.00129093 -0.000921541 0.00226346 -0.00382387 0.000655557 -0.00115207 0.000934282
internal_weight=0 1453.55 1251.87 623.149 9322.58 8649 6783.85 1865.14 3518.6 673.587 485.822 628.723 3322.89 438.93
internal_count=137389 19726 17152 8688 117663 114207 90624 23583 46903 3456 6859 8464 44382 5544
is_linear=0
shrinkage=0.0101079


Tree=44
num_leaves=15
num_cat=0
split_feature=22 30 27 18 17 13 28 27 7 6 18 27 2 2
split_gain=55.2565 33.38 37.5982 43.0393 42.0274 46.1527 35.9168 51.6526 32.0354 27.4885 28.9143 22.6064 21.6041 20.3623
threshold=-1.0182357430458067 1.0000000180025095e-35 -0.71473535895347584 82.500000000000014 62.500000000000007 0.038701321929693229 0.52803644537925731 -0.032717135734856122 -6.408235788345336 -9.3176016807556135 40.500000000000007 0.26932403445243841 0.93976810574531566 0.84247031807899486
decision_type=10 2 2 2 2 10 2 2 8 10 2 2 8 10
left_child=11 6 3 -3 5 -4 -2 -8 9 -6 13 -1 -10 -11
right_child=1 2 4 -5 8 -7 7 -9 12 10 -12 -13 -14 -15
leaf_value=-0.0040552781861254907 0.00012730404569957036 -0.0018178154229560998 -0.00058775596195574144 0.0037773501088030348 0.00056811935672031156 0.0031407982004706498 -0.0045412703053496015 -0.00041180699436437558 0.0028819424540990836 0.0032406829231413363 0.0014646096091127127 0 -0.00038744506271231482 0.010007829342400951
leaf_weight=461.90937309525907 4538.7605861518532 811.29717592708766 1296.6833972986788 158.95460489019752 148.25717900879681 447.00696366280317 442.99234790727496 1078.2682816218585 425.2385945469141 101.96641672216356 126.59244797192514 181.59732304513454 355.41815613210201 176.68194586224854
leaf_count=6941 57384 10214 16885 2176 1758 5471 5589 13660 5120 1329 1537 2538 4340 2272
internal_value=0 0.0001542 0.000866715 -0.000837427 0.00141779 0.000354482 -0.000315578 -0.00165747 0.0027674 0.00464493 0.00600026 -0.00288301 0.00135274 0.0078254
internal_weight=0 10108.1 4048.1 970.252 3077.85 1743.69 6060.02 1521.26 1334.15 553.498 405.241 643.507 780.657 278.648
internal_count=137214 127735 51102 12390 38712 22356 76633 19249 16356 6896 5138 9479 9460 3601
is_linear=0
shrinkage=0.0101079


Tree=45
num_leaves=15
num_cat=0
split_feature=0 27 12 5 14 15 2 33 3 28 7 23 3 3
split_gain=55.0644 47.2692 28.0347 34.2721 33.8216 27.5293 24.3705 29.5452 34.669 23.8727 22.8996 22.6657 38.1701 33.3848
threshold=0.5904124677181245 -0.49049438536167139 0.0032663748133927588 1.2409295439720156 -7.0836362838745108 4.6766984462738046 1.9783383607864382 0.9962500035762788 0.5099102556705476 0.31107263267040258 5.7806050777435312 1.0919651389122011 0.42822875082492834 0.20865205675363543
decision_type=10 2 8 10 10 10 8 10 10 2 10 10 10 10
left_child=1 -1 4 9 5 -3 7 11 -9 -4 -5 12 13 -2
right_child=6 2 3 10 -6 -7 -8 8 -10 -11 -12 -13 -14 -15
leaf_value=-0.0062880661091939561 -0.0023915773648594744 0.0013243536866111873 0 -0.0021006333134770895 0.0038886604508551479 -0.0035136774410621926 -0.00087237153611827481 -0.00011016102400981927 0.0046010465792399617 -0.0061998913069707439 0.0039455398980079819 0.0012006341319527212 -0.00086868592020037467 0.0013318672374403415
leaf_weight=203.44501291029155 264.71773928590119 222.23403720371425 96.145409133285284 155.93490039743483 192.84969301521778 229.64404454641044 1508.4529992975295 249.93746666610241 365.08411771059036 253.28910348936915 96.469232583418489 2142.8246894422919 2662.7201068792492 2102.4224638938904
leaf_count=2605 3310 3183 1208 2296 2445 3007 19935 1289 1860 3618 1277 28897 35750 26237
internal_value=0 -0.00182219 -0.00102722 -0.00259102 0.000383712 -0.00106372 0.000290646 0.000521747 0.00264354 -0.00461061 0.000102462 0.000331557 -3.1907e-05 0.000892072
internal_weight=0 1450.01 1246.57 601.839 644.728 451.878 9296.16 7787.71 615.022 349.435 252.404 7172.68 5029.86 2367.14
internal_count=136917 19639 17034 8399 8635 6190 117278 97343 3149 4826 3573 94194 65297 29547
is_linear=0
shrinkage=0.0101079


Tree=46
num_leaves=15
num_cat=0
split_feature=23 28 27 27 30 17 14 29 14 3 14 23 15 11
split_gain=51.471 35.0574 49.1538 57.7375 31.8731 43.8368 30.6714 22.5846 18.538 39.1435 23.6966 18.4934 16.7627 16.6792
threshold=0.40865308046340948 -0.35222910344600672 -0.49049438536167139 -0.88186877965927113 1.0000000180025095e-35 46.500000000000007 -11.627185821533201 -1.0000000180025095e-35 -19.214926719665524 0.21224471181631091 -3.0495204925537105 0.69335696101188671 3.114804863929749 0.041934253647923476
decision_type=10 2 2 2 2 2 10 2 10 10 10 10 10 10
left_child=-1 11 3 6 8 13 -3 -5 12 -10 -11 -2 -4 -6
right_child=1 2 4 7 5 -7 -8 -9 9 10 -12 -13 -14 -15
leaf_value=-0.0036699012576170255 0.0040618841467729644 -0.0024811610067386101 0 0 -0.0023764569205682868 0.0027975810793373344 0.00058118794706852022 -0.0050448381919811379 -0.0056473155545949212 -0.00088181704456459205 0.0020975807537763173 0.00071170234734971598 0.0051404842984937252 0.00073551045495767514
leaf_weight=360.54458170756698 174.93044478259981 491.7391914576292 129.2274844609201 125.61546149849892 281.90628577955067 963.3227070197463 969.6333680767566 508.54022528603673 148.50283590517938 1512.6284119337797 320.24750919081271 4225.7631361801177 100.25163975358009 415.82405686937273
leaf_count=5091 1622 6496 1820 1627 3735 11940 12438 6850 1881 18834 4069 53628 1397 5534
internal_value=0 0.000174659 -0.000325058 -0.00157257 0.000341436 0.00140213 -0.000429235 -0.00410776 -0.000439303 -0.00077153 -0.000332701 0.000860863 0.00219092 -0.000476522
internal_weight=0 10368.1 5967.44 2095.53 3871.91 1661.05 1461.37 634.156 2210.86 1981.38 1832.88 4400.69 229.479 697.73
internal_count=136962 131871 76621 27411 49210 21209 18934 8477 28001 24784 22903 55250 3217 9269
is_linear=0
shrinkage=0.0101079


Tree=47
num_leaves=15
num_cat=0
split_feature=28 2 14 2 23 27 8 27 3 27 7 12 3 15
split_gain=45.4277 54.3557 28.371 33.7412 29.8603 26.8646 34.4022 27.2158 18.6501 19.5836 24.7807 17.2303 26.9689 20.7966
threshold=-0.22706275433301923 0.56169614195823681 -6.3095524311065665 0.54125031828880321 0.7518688738346101 0.076279435306787505 0.794835925102234 -0.88186877965927113 0.22681293636560443 0.94331136345863353 7.5308387279510507 -0.037692230194807046 0.61782053112983715 6.2588369846344003
decision_type=2 8 10 8 10 2 10 2 10 2 10 8 10 10
left_child=2 8 3 -1 -4 6 7 -3 -2 10 -10 -7 13 -13
right_child=1 5 4 -5 -6 11 -8 -9 9 -11 -12 12 -14 -15
leaf_value=-0.0037615754894364732 -0.00087872364459820466 -0.0010241202058500071 0.005498643414264869 0.0004015201931083056 0.0012219931803944953 0.0013134059998139674 0 -0.0036106133436513256 0.0020478152532794709 -0.0003531968093135964 0.007692978571104828 -0.0038159940939044516 0.001712025482425444 -0.00067934158527063813
leaf_weight=205.86243264190853 228.34642033465207 800.81704040057957 187.77826764248312 2805.6831373497844 1703.9655425287783 548.16483115591109 816.4591240528971 1021.8847241457552 486.82256427034736 190.43429835699499 101.9937409888953 284.63323042914271 344.88120429031551 1045.904305152595
leaf_count=2481 2965 10409 1812 35807 21405 7576 10484 13509 6372 2273 1440 3763 4137 12990
internal_value=0 -0.000597643 0.000719433 9.47368e-05 0.00168821 -0.00104541 -0.00173569 -0.00250535 0.00151502 0.00226965 0.00317949 -0.00020482 -0.00072932 -0.00139855
internal_weight=0 5870.34 4903.29 3011.55 1891.74 4862.74 2639.16 1822.7 1007.6 779.251 588.816 2223.58 1675.42 1330.54
internal_count=137423 75918 61505 38288 23217 62868 34402 23918 13050 10085 7812 28466 20890 16753
is_linear=0
shrinkage=0.0101079


Tree=48
num_leaves=15
num_cat=0
split_feature=22 33 28 2 3 30 13 13 4 3 30 3 18 11
split_gain=49.2627 37.0092 47.6974 47.6997 32.3636 31.7183 25.5988 23.1126 18.5092 28.442 37.4041 18.8231 17.7233 19.9523
threshold=-1.0327818989753721 1.497500002384186 -0.24825246632099149 0.56169614195823681 0.22681293636560443 -0.56174489110708226 0.018309410661458973 0.0064847627654671678 0.77773159742355358 0.34301775693893438 0.81174489855766307 0.27333727478981024 90.500000000000014 0.061143059283494956
decision_type=10 8 2 8 10 2 10 10 10 10 2 10 2 10
left_child=-1 5 -3 4 7 -2 -6 -4 9 10 11 -5 -10 -14
right_child=1 2 3 8 6 -7 -8 -9 12 -11 -12 -13 13 -15
leaf_value=-0.0027601887869824876 -0.00029295352070570055 0.00078154538645464175 0.0014945925947943274 -0.0037805422729807665 0.0012320689019499811 0.0038538583022548509 0.0058767342555163778 -0.0048142552113360094 -0.00070088913828580848 -0.0020550932454793886 0.0060906734894671383 0.0010198390577197374 -0.0008559063274050688 0.0046195452944543577
leaf_weight=601.74030342698097 273.98681032657623 4442.3090785015374 95.725343761965632 128.59378563798964 477.48273646645248 490.10997125506401 175.82880087383091 115.47312420420349 1115.7397209778428 2288.4828398469836 95.538683822378516 189.69510946236551 100.38904908671975 144.26262171752751
leaf_count=8956 1413 58187 1316 1899 6089 2511 2570 1505 14614 31053 1089 2579 1319 1838
internal_value=0 0.000198149 1.8529e-05 -0.000661335 0.00146554 0.00232624 0.00259681 -0.00181732 -0.00112577 -0.00161022 0.000746488 -0.000838448 -0.000130209 0.00225433
internal_weight=0 10133.6 9369.52 4927.21 864.51 764.097 653.312 211.198 4062.7 2702.31 413.828 318.289 1360.39 244.652
internal_count=136938 127982 124058 65871 11480 3924 8659 2821 54391 36620 5567 4478 17771 3157
is_linear=0
shrinkage=0.0101079


Tree=49
num_leaves=15
num_cat=0
split_feature=0 27 12 17 14 15 2 28 18 23 29 28 3 27
split_gain=49.3257 48.4264 23.3519 40.5427 35.5035 27.1811 22.8405 30.6066 31.0128 23.1979 23.9895 20.4991 19.7695 21.656
threshold=0.5904124677181245 -0.50938662886619557 0.0019780101720243697 11.500000000000002 -7.0836362838745108 4.6766984462738046 1.2225135564804079 0.41268247365951544 80.500000000000014 1.0648781657218935 0.6078576147556306 0.20576497167348864 0.21224471181631091 0.94331136345863353
decision_type=10 2 8 2 10 10 8 2 2 10 2 2 10 2
left_child=1 -1 4 -4 5 -3 12 8 9 -8 -11 -5 -2 -14
right_child=6 2 3 11 -6 -7 7 -9 -10 10 -12 -13 13 -15
leaf_value=-0.006408458391273659 -0.0017404385466902983 0.0011644197016186389 0.0021975761997042268 0 0.0039341117983983983 -0.003648120827458867 -0.0017958307950075201 -0.0019634419653413089 0.0020978119959908967 -0.00076433948491680501 0.0018653798968643021 -0.004792661390033026 0.0010547789640992927 -0.00088525299782092604
leaf_weight=193.40940323658288 314.96312781237066 225.41839600168169 137.76515900716186 97.179027350619435 190.79788289777935 224.04098946601152 793.07262360863388 918.44488159567118 639.71944875642657 807.05331100896001 607.27363713085651 387.60129219666123 4570.9234107881784 645.7405400313437
leaf_count=2473 3827 3236 1839 1218 2413 2954 10317 11597 8010 10386 7593 5663 57461 8238
internal_value=0 -0.00175972 -0.000981627 -0.00237145 0.000319257 -0.00116674 0.000235807 -0.000364113 0.000141494 -0.000412452 0.000340262 -0.00376606 0.000651443 0.000805939
internal_weight=0 1456.21 1262.8 622.545 640.257 449.459 9297.19 3765.56 2847.12 2207.4 1414.33 484.78 5531.63 5216.66
internal_count=137225 19796 17323 8720 8603 6190 117429 47903 36306 28296 17979 6881 69526 65699
is_linear=0
shrinkage=0.0101079


Tree=50
num_leaves=15
num_cat=0
split_feature=0 16 15 28 33 28 3 3 6 28 21 15 15 15
split_gain=54.0307 36.9959 25.6079 22.5758 21.2665 33.7771 38.2399 34.3661 27.2633 23.761 20.9682 19.4233 16.2829 16.64
threshold=0.5904124677181245 0.76713833212852489 3.7996246814727788 0.66746801137924205 1.497500002384186 -0.35222910344600672 0.36191920936107641 0.22681293636560443 -2.5934437513351436 0.87137606739997875 8.6400213241577166 15.29536819458008 10.65931558609009 17.940264701843265
decision_type=10 10 8 2 8 2 10 10 8 2 10 10 10 10
left_child=1 2 -1 -3 8 -6 7 11 -2 10 -8 -7 -11 -14
right_child=4 3 -4 -5 5 6 9 -9 -10 12 -12 -13 13 -15
leaf_value=0.00024837926710903738 0.0046005561880257465 0.0043616684634699854 -0.0033604147923437999 -0.0010168408501504134 0.00082496578890830065 0.00053560468257086036 -0.001694014805125017 0.0023552043711294749 0.00034427476680195433 0.0021116040738005746 0.00063958414242160306 -0.0052540035091992125 -0.0032032764883918466 0.0015676840210574604
leaf_weight=228.58291904442012 253.50352610647678 130.82334943674505 928.21172726713121 163.07220693677664 4084.3190881609917 104.84551183879375 2461.033682314679 750.45948702841997 434.45929150283337 386.0537948589772 436.00028822571039 99.747710555791855 156.04547540098429 118.59383453801274
leaf_count=3192 1276 1713 12310 2549 53386 1427 33605 9859 2239 4979 5574 1376 1941 1404
internal_value=0 -0.00179339 -0.00261558 0.00129282 0.000299104 0.0001563 -0.000440293 0.0013312 0.00200414 -0.000929032 -0.00132811 -0.00218368 0.00075545 -0.00101294
internal_weight=0 1450.69 1156.79 293.896 9285.06 8597.1 4512.78 955.053 687.963 3557.73 2897.03 204.593 660.693 274.639
internal_count=136830 19764 15502 4262 117066 113551 60165 12662 3515 47503 39179 2803 8324 3345
is_linear=0
shrinkage=0.0101079


Tree=51
num_leaves=15
num_cat=0
split_feature=28 33 27 13 3 3 13 3 21 7 7 13 16 3
split_gain=48.1524 68.0986 51.8363 32.5951 48.7703 27.5261 27.2646 30.8956 41.5956 26.759 23.6856 23.5695 36.1084 23.0601
threshold=-0.35222910344600672 1.497500002384186 -0.076279435306787477 -0.074059594422578798 0.20865205675363543 0.36191920936107641 0.041838377714157111 0.87469190359115612 -1.1336666345596311 -21.318305969238278 3.8395829200744633 -0.021358055062592026 0.22064777463674548 0.71419262886047374
decision_type=2 8 2 8 10 10 10 10 10 10 10 10 10 10
left_child=-1 -2 6 9 -5 -6 7 -3 11 -4 13 -9 -13 -7
right_child=1 2 3 4 5 10 -8 8 -10 -11 -12 12 -14 -15
leaf_value=0.00080848328451274174 0.0031911905695812151 -0.0034164227798608453 0 -0.0049958924390046114 0.001382592603180421 -0.002165929454446451 8.729824216109836e-05 -0.0014328603928388218 -0.0032850014834850819 0.0064934230327089093 0.00068970226991611468 0 0.0075755404876043011 0.0018906417004093019
leaf_weight=4433.1440082136542 445.68761646747589 1294.5323080141097 107.15069963410497 204.13559479080141 997.30474276840687 1005.0254615563899 498.27862030640244 150.49235431104898 344.13639332726598 129.02524016425014 735.81904308311641 127.97474401071668 107.69381781853735 150.07975531369448
leaf_count=55335 2280 18539 1534 2718 13353 13591 6577 1909 4811 1679 9453 1665 1257 2190
internal_value=0 -0.0005656 -0.00086243 -2.10489e-05 -0.000312892 1.64059e-05 -0.00195298 -0.00247343 -0.000728954 0.00352425 -0.000685474 0.00146561 0.00346984 -0.00159509
internal_weight=0 6297.34 5851.65 3328.54 3092.36 2888.23 2523.11 2024.83 730.297 236.176 1890.92 386.161 235.669 1155.11
internal_count=136891 81556 79276 44518 41305 38587 34758 28181 9642 3213 25234 4831 2922 15781
is_linear=0
shrinkage=0.0101079


Tree=52
num_leaves=15
num_cat=0
split_feature=0 33 28 2 3 12 11 7 22 21 28 11 0 2
split_gain=50.7689 45.0036 51.6252 48.7983 36.4827 30.8244 30.4199 30.0698 22.1982 19.7104 18.9053 15.5588 15.3015 14.8596
threshold=0.46333692967891699 0.9962500035762788 -0.3317298144102096 0.54125031828880321 0.21224471181631091 -0.034562801942229264 0.087978169322013869 5.3856530189514169 -0.69511631131172169 6.5054380893707284 0.86046862602233898 0.099453400820493712 0.68157419562339794 0.7630489468574525
decision_type=10 10 2 8 10 10 10 10 10 10 2 10 10 8
left_child=6 2 12 4 -4 -3 13 -6 9 10 -5 -11 -2 -1
right_child=1 5 3 8 7 -7 -8 -9 -10 11 -12 -13 -14 -15
leaf_value=-0.0021586605477947468 0.0039986994702376853 0.005334106538846195 -0.0026979725062757274 -0.0035754581880317183 0.0011905367311784865 0.00088176571148112777 0.0013806885384280185 0.0062751052428517175 -0.00066996789015075111 0.0034684408068808557 -0.0001764737106970577 -0.0018011676002532354 0.00064348215328513417 -0.0070361109118509315
leaf_weight=165.49514709599316 142.49855139479041 255.57581654191017 150.43783424608409 813.95294179208577 477.12019841372967 483.27243435382843 89.565907908603549 167.99963091500103 3306.2678379137069 92.884033512324095 243.09086866118014 118.73838188685477 4068.0281632822007 167.42950607091188
leaf_count=2414 1361 1287 1970 11375 6224 2497 1327 2285 43890 1396 3597 1524 53303 2426
internal_value=0 0.000123173 -5.89007e-05 -0.000719344 0.00155973 0.00251492 -0.0034206 0.00263457 -0.00112644 -0.00227319 -0.00283869 0.000367253 0.000773665 -0.00483319
internal_weight=0 10319.9 9581.02 5370.49 795.558 738.848 422.491 645.12 4574.93 1268.67 1057.04 211.622 4210.53 332.925
internal_count=136876 130709 126925 72261 10479 3784 6167 8509 61782 17892 14972 2920 54664 4840
is_linear=0
shrinkage=0.0101079


Tree=53
num_leaves=15
num_cat=0
split_feature=22 29 27 23 30 11 27 6 20 5 0 6 3 13
split_gain=42.3016 25.6822 24.4087 22.3474 19.6287 36.1224 33.5914 30.5809 47.9925 33.7016 29.0415 16.6562 15.5033 27.5949
threshold=-0.97724848985671986 -0.60785761475563038 0.26932403445243841 0.41740792989730841 1.0000000180025095e-35 0.04929447919130326 -0.39271505177021021 -5.254729986190795 -4.4706997871398917 -2.8410652875900264 1.5906339287757876 -11.152259826660154 0.21224471181631091 -0.046095313504338258
decision_type=10 2 2 10 2 10 2 10 10 10 10 10 10 10
left_child=2 -2 -1 -3 10 -6 -7 8 -8 -9 11 -5 13 -13
right_child=1 3 -4 4 5 6 7 9 -10 -11 -12 12 -14 -15
leaf_value=-0.0035102415674176301 0.0045350219322103039 -0.0028623505769040363 0.0002794090153730488 -0.0032755033408983741 -0.00036042198528093213 -4.6335372475099263e-05 0.00087338916300988795 -0.0025530539344935537 0.0090582679381210392 0.0024002344561495949 0.0015780014131456703 0.0013282759424044013 -0.00017553487977193502 -0.0047936331062705525
leaf_weight=519.62957428582013 128.87519404105842 242.80888971686363 229.18674915656447 202.09584923274815 1618.1944908071309 756.80262629687786 152.52429257705808 150.96685984916985 162.94157430157065 931.72169281169772 816.4195467159152 102.28737160377204 4543.6628641393036 192.83567446656525
leaf_count=7817 1631 3133 3192 2687 20943 9387 1755 2006 1961 11508 10005 1262 57260 2469
internal_value=0 0.000173237 -0.00230571 0.000108746 0.000190064 0.000759853 0.00161812 0.00254323 0.00534043 0.00165938 -0.000170588 -0.000463769 -0.000333004 -0.00255807
internal_weight=0 10002.1 748.816 9873.26 9630.45 3773.15 2154.96 1398.15 315.466 1082.69 5857.3 5040.88 4838.79 295.123
internal_count=137016 126007 11009 124376 121243 47560 26617 17230 3716 13514 73683 63678 60991 3731
is_linear=0
shrinkage=0.0101079


Tree=54
num_leaves=15
num_cat=0
split_feature=0 27 12 7 14 2 33 1 30 3 27 5 3 20
split_gain=42.3906 51.3471 25.939 38.4363 37.1415 24.5368 32.4394 29.227 26.2709 20.6991 23.4702 22.2089 20.1755 25.2877
threshold=0.5904124677181245 -0.50938662886619557 0.0019780101720243697 5.2542169094085702 -6.9678828716278067 1.1976080536842348 1.497500002384186 0.66878601908683788 0.81174489855766307 0.22681293636560443 0.93585023283958446 0.39058648049831396 0.35095328092575079 -0.092007838189601884
decision_type=10 2 8 10 10 8 8 10 2 10 2 10 10 10
left_child=1 -1 4 -4 -3 8 -7 -8 9 11 -11 -2 13 -12
right_child=5 2 3 -5 -6 6 7 -9 -10 10 12 -13 -14 -15
leaf_value=-0.0063930652358864578 -0.0043547108518962258 -0.00088270880755558496 -0.0042221142721529867 0.00081094861905633042 0.0044358480457038114 0.0031559557168218881 -0.0020995266782199559 -2.7436747257403822e-05 0.0022191391272338868 0.00088330297732389866 0.0045348023893090807 0.0008616856105164841 -0.0027772960720191461 -0.002005552833564597
leaf_weight=190.97807842679322 180.00447382219136 445.86531970836222 382.03387162089348 234.42157198116183 179.40326830744743 243.80934618413448 950.32274435460567 2690.3717264067382 975.60984652489424 3554.8151701726019 104.43950244598091 126.74778020754457 356.28937262110412 115.25513649731874
leaf_count=2476 2403 6207 5499 3157 2269 1242 12745 35352 12475 44248 1402 1636 4417 1323
internal_value=0 -0.00158942 -0.000783658 -0.00225677 0.000614404 0.000273626 -0.000331884 -0.000582671 0.000715469 0.000372529 0.000569605 -0.00210192 -0.00128329 0.000973347
internal_weight=0 1432.7 1241.72 616.455 625.269 9297.67 3884.5 3640.69 5413.16 4437.55 4130.8 306.752 575.984 219.695
internal_count=136851 19608 17132 8656 8476 117243 49339 48097 67904 55429 51390 4039 7142 2725
is_linear=0
shrinkage=0.0101079


Tree=55
num_leaves=15
num_cat=0
split_feature=0 16 15 2 21 2 0 21 30 5 10 11 3 2
split_gain=45.8905 31.1518 28.5303 20.0923 29.5047 22.5912 20.4055 19.806 36.7349 25.9425 26.2203 21.077 20.8469 26.3926
threshold=0.5904124677181245 0.76713833212852489 4.2300677299499521 1.9783383607864382 8.9521918296813983 4.2894840240478525 2.1317762136459355 -7.2103924751281729 1.0000000180025095e-35 -4.3674883842468253 0.13051707297563556 0.18366029113531115 0.22681293636560443 0.8481193780899049
decision_type=10 10 8 8 10 8 10 10 2 10 10 10 10 10
left_child=1 2 -1 6 -5 -6 7 8 -2 -10 -11 12 -9 -14
right_child=3 -3 -4 4 5 -7 -8 11 9 10 -12 -13 13 -15
leaf_value=0.0002533562304590687 -0.00041601423658954486 0.0011219564016280792 -0.0033600345447404034 -0.0019528374627339627 0.0021224578751276027 -0.0023801260393866339 0.0035501431427362538 -0.0025121541671841085 0.00092165188164725119 0.0020856362203634489 0.0097876965033665154 0.0043349209620243854 0.00094057806278974722 -0.00036265142722431205
leaf_weight=270.15594499744475 356.70184624940157 289.70334582403302 877.56744153983891 938.386748932302 426.57598654925823 140.40329049341381 202.53918454237282 295.70707240514457 196.74519372358918 110.10713377781212 107.55203124321997 113.43590383045375 2777.2828772384673 3635.42893242836
leaf_count=3818 5095 4215 11635 13223 5055 1708 2259 3714 2321 1399 1211 1223 34509 45511
internal_value=0 -0.00172265 -0.00247839 0.00021263 -0.000844797 0.000920181 0.000422643 0.000330409 0.0018623 0.0038914 0.00627387 0.000149434 6.77833e-05 0.000195904
internal_weight=0 1437.43 1147.72 9300.87 1505.37 566.979 7795.5 7592.96 771.106 414.404 217.659 6821.85 6708.42 6412.71
internal_count=136896 19668 15453 117228 19986 6763 97242 94983 10026 4931 2610 84957 83734 80020
is_linear=0
shrinkage=0.0101079


Tree=56
num_leaves=15
num_cat=0
split_feature=0 27 33 3 3 23 29 28 8 7 14 28 16 16
split_gain=44.7279 48.0694 24.3952 28.1658 42.3992 33.4146 23.9226 23.7633 23.2231 22.3212 21.6086 26.2412 21.5615 23.0231
threshold=0.5904124677181245 -0.49049438536167139 0.9962500035762788 0.36191920936107641 0.29388964176177984 1.0865490436553957 0.6078576147556306 0.87137606739997875 1.4616792201995852 -11.941999435424803 -9.8315258026123029 -0.18436925113201139 0.76713833212852489 0.62210920453071605
decision_type=10 2 10 10 10 8 2 2 10 10 10 2 10 8
left_child=1 -1 3 4 6 7 -2 10 -6 -8 11 -5 13 -3
right_child=2 12 -4 5 8 -7 9 -9 -10 -11 -12 -13 -14 -15
leaf_value=-0.0061937360808531792 0.0010022582836361077 -0.00058687252735612849 0.002120169717258908 -0.00023568080174502824 0.0036486110380679667 0.00063697302631808192 0.0016001678373059145 0.0010638145653330097 -0.00044917603794557081 -0.003634503895835407 -0.00047761243480102291 -0.0033625961059871941 0.001614595882765874 -0.0042284378111257957
leaf_weight=199.04294733889401 642.68189775012434 736.803391860798 665.75430355966091 475.02665154263377 699.00230127945542 2847.8647380527109 99.359055949375033 568.56303137540817 153.45665265992284 281.4218220487237 2090.1837448999286 757.22452782839537 262.66336759366095 244.0625135935843
leaf_count=2591 7890 10264 3391 6187 8814 37916 1476 7442 1987 3452 27773 10779 3816 3030
internal_value=0 -0.00164483 0.000263801 0.000113893 0.00120957 -0.000186135 -0.000142164 -0.000799033 0.00286642 -0.00215972 -0.00113169 -0.00219872 -0.000851007 -0.0015596
internal_weight=0 1442.57 9280.54 8614.78 1875.92 6738.86 1023.46 3891 852.459 380.781 3322.43 1232.25 1243.53 980.866
internal_count=136808 19701 117107 113716 23619 90097 12818 52181 10801 4928 44739 16966 17110 13294
is_linear=0
shrinkage=0.0101079


Tree=57
num_leaves=15
num_cat=0
split_feature=33 28 27 6 30 13 11 12 12 13 20 27 0 13
split_gain=44.8994 59.1128 53.8422 31.5316 29.4647 27.6629 26.4924 24.0532 23.8414 21.3716 25.8685 28.6406 26.5724 19.1946
threshold=0.9962500035762788 -0.18436925113201139 -0.032717135734856122 -2.9924108982086177 0.81174489855766307 0.089353948831558241 0.04929447919130326 0.050022792071104057 -0.0050015833694487801 0.041838377714157111 -0.1905863285064697 -0.50938662886619557 0.70132616162300121 0.053514242172241218
decision_type=10 2 2 8 2 8 10 10 10 10 8 2 10 10
left_child=1 -1 9 -2 5 6 7 -4 -8 10 11 -3 -12 -11
right_child=3 2 4 -5 -6 -7 8 -9 -10 13 12 -13 -14 -15
leaf_value=0.00069090502874563186 0.0053109877706869644 -0.0022729132790356944 -0.00057794274091654862 0.00084148358674312226 0.0020316881706474495 -0.0049641658781904357 -0.0008377397310397358 -0.0045923373897701633 0.0020705872683438723 0.0026765527670719077 -0.0059016997155940994 0.0017563677122808931 -0.0020559077497272057 -0.0015759042137372778
leaf_weight=4737.2664530239999 252.05512098968029 753.70309893414378 920.21037838980556 510.85765217244625 593.58052883297205 125.33071689680219 463.2115078587085 185.38006132282317 684.77224863320589 159.42408093810081 372.44339914247394 218.61684251576662 470.81384499371052 300.12385739758611
leaf_count=61622 1263 10421 12172 2646 7847 1638 6850 2350 8901 2173 5266 3414 6567 3940
internal_value=0 -0.000122326 -0.000864111 0.00240868 1.89762e-05 -0.000471154 -0.000187456 -0.00131431 0.00086425 -0.00203183 -0.00252319 -0.00131902 -0.00383979 0
internal_weight=0 9984.88 5247.61 762.913 2972.49 2378.9 2253.57 1105.59 1147.98 2275.13 1815.58 972.32 843.257 459.548
internal_count=137070 133161 71539 3909 39758 31911 30273 14522 15751 31781 25668 13835 11833 6113
is_linear=0
shrinkage=0.0101079


Tree=58
num_leaves=15
num_cat=0
split_feature=0 29 28 33 2 3 3 13 7 8 3 15 2 3
split_gain=46.3474 31.0181 33.7883 55.1993 50.1045 39.2528 28.4297 25.4622 19.8379 21.7464 19.5252 26.5194 21.8993 22.3056
threshold=0.46333692967891699 -0.60785761475563038 -0.22706275433301923 0.9962500035762788 0.54125031828880321 0.20865205675363543 0.33655172586441046 0.017853881232440475 9.7259092330932635 0.24624245613813403 0.34301775693893438 18.661469459533695 0.80412170290946972 0.2552237212657929
decision_type=10 2 2 10 8 10 8 10 10 10 10 10 10 10
left_child=6 -2 8 4 5 -4 -1 -7 -3 -10 12 -12 13 -6
right_child=1 2 3 -5 10 7 -8 -9 9 -11 11 -13 -14 -15
leaf_value=0.0004762043713848179 0.004743907535721026 0.00026161597343189762 -0.0032297237176496349 0.0030286850995927882 -0.0045130414623575704 0.001095700077127403 -0.0049710669986380886 0.0056565629781844592 0.0031062247464968451 0.00020485142287635021 -0.0019458549520552479 0.00048530486588604401 0.0028128281674551464 0.00048822695413724005
leaf_weight=123.34752619080245 136.69648109003901 3794.827080776915 132.92237275466323 397.05931761860847 123.16281098499894 438.42524253390729 297.72988665103912 190.84138280525804 603.11271287314594 523.03638970293105 2991.0710347108543 507.93894255533814 226.53937082178891 260.27272854745388
leaf_count=1786 1740 47710 1743 2024 1739 5596 4450 2676 7281 6323 41110 6512 2911 3469
internal_value=0 8.95919e-05 1.96747e-05 -0.000538392 -0.000841736 0.00150356 -0.00330085 0.0025937 0.000625248 0.00180486 -0.00128859 -0.00158109 0.000322534 -0.00107139
internal_weight=0 10325.9 10189.2 5268.23 4871.17 762.189 421.077 629.267 4920.98 1126.15 4108.98 3499.01 609.975 383.436
internal_count=137070 130834 129094 67780 65756 10015 6236 8272 61314 13604 55741 47622 8119 5208
is_linear=0
shrinkage=0.0101079


Tree=59
num_leaves=15
num_cat=0
split_feature=22 33 28 6 2 2 15 5 21 16 0 22 27 27
split_gain=47.2301 25.9072 32.5341 32.4531 31.8016 24.4485 23.0392 21.3583 20.1091 16.9879 26.4264 20.162 16.3649 22.5893
threshold=-0.97724848985671986 0.9962500035762788 -0.20576497167348859 -2.793378353118896 0.52029353380203258 0.60361647605896007 15.29536819458008 -3.2088993787765498 6.2731065750122079 0.58153966069221508 0.68832129240036022 0.48636430501937872 -0.49049438536167139 -0.88186877965927113
decision_type=10 10 2 8 8 8 10 8 10 10 10 10 2 2
left_child=5 2 9 -3 6 -1 -4 -7 -9 11 -11 -2 13 -6
right_child=1 3 4 -5 12 7 -8 8 -10 10 -12 -13 -14 -15
leaf_value=0.00091760890723656104 -0.00065208860689729598 0.0048682374206113488 0.0023914070736714829 0.00033553368182625957 -0.00094765249023548643 0.00082285123798759099 -0.0022427763878371822 -0.0051027053417682907 0 0.0060867320179333094 0.00098048697622904533 0.0012207391388193848 -0.00041437677839157309 -0.0038399351727265696
leaf_weight=153.19585333578289 1566.0830468069762 252.41801576316357 530.61646203324199 486.66604918241501 1052.457819160074 87.095226157456636 122.56712877564132 418.98558374866843 95.01766150817275 106.38976189121604 2018.030546342954 927.11142403632402 2501.7165587861091 402.90604646876454
leaf_count=2286 20874 1260 6825 2518 14384 1255 1727 6275 1298 1001 25634 12668 33426 5510
internal_value=0 0.000160526 9.56608e-06 0.00197175 -0.00058613 -0.00244991 0.00144468 -0.00337543 -0.00416607 0.000613056 0.00127607 2.97413e-05 -0.0009337 -0.0017919
internal_weight=0 9966.96 9227.88 739.084 4610.26 754.294 653.184 601.098 514.003 4617.61 2124.42 2493.19 3957.08 1455.36
internal_count=136941 125827 122049 3778 61872 11114 8552 8828 7573 60177 26635 33542 53320 19894
is_linear=0
shrinkage=0.0101079


Tree=60
num_leaves=15
num_cat=0
split_feature=22 27 33 28 2 3 3 15 30 28 17 3 20 7
split_gain=44.3896 44.3199 23.4364 27.6284 29.576 32.9117 23.9198 18.5101 17.5888 23.5797 22.6677 24.4041 16.8877 16.4134
threshold=-0.84698212146759022 0.22706275433301928 0.9962500035762788 -0.18436925113201139 0.52029353380203258 0.22681293636560443 0.50714674592018139 17.455507278442386 1.0000000180025095e-35 0.61734244227409374 23.500000000000004 0.78272688388824474 0.029252234846353534 -8.5087237358093244
decision_type=10 2 10 2 8 10 10 10 2 2 2 10 8 8
left_child=1 7 3 -2 5 -5 -4 12 10 -10 -6 -12 -1 -11
right_child=2 -3 6 4 8 -7 -8 -9 9 13 11 -13 -14 -15
leaf_value=-0.002131590706414849 0.00065659898015615501 0.00066866290277463542 -8.461882998352964e-05 -0.0020158677131256507 0.00016601848869185541 0.0031541994037778205 0.0035391165359462667 0.00054560702810272364 -0.001209414319918004 0.0040606541108681752 -0.0030331560864535136 -0.00019367085169783317 -0.0056518439274985113 0.00037904328823828347
leaf_weight=375.9385435488075 4663.671417683363 453.34730037860572 289.67801782488823 163.49364096857607 599.52820635400712 412.63299210555851 423.31001615524292 95.694986065849662 765.69322417117655 166.77801460959017 972.23074638471007 499.74445702694356 306.0895448923111 542.72169912979007
leaf_count=5607 60803 6221 1493 2170 7651 5322 2145 1332 10520 2227 13516 6651 4425 6943
internal_value=0 -0.00176443 0.000269253 0.000120515 -0.000476183 0.00161048 0.00202534 -0.00322701 -0.000829267 0 -0.00142826 -0.00210248 -0.00381524 0.00133494
internal_weight=0 1231.07 9499.48 8786.49 4122.82 576.127 712.988 777.723 3546.7 1475.19 2071.5 1471.98 682.028 709.5
internal_count=137026 17585 119441 115803 55000 7492 3638 11364 47508 19690 27818 20167 10032 9170
is_linear=0
shrinkage=0.0101079


Tree=61
num_leaves=15
num_cat=0
split_feature=0 27 2 13 33 15 16 12 17 33 20 2 23 11
split_gain=45.9649 51.6562 27.5531 28.0289 24.3423 19.8341 25.6993 24.2127 23.1264 19.5936 32.3563 21.141 45.521 20.5293
threshold=0.64801299571990978 -0.49049438536167139 4.2894840240478525 0.10916372761130334 0.9962500035762788 3.7996246814727788 0.76713833212852489 0.018480815924704078 20.500000000000004 0.9962500035762788 -0.41470012068748469 0.91262024641036998 1.0699210166931155 0.11667601764202119
decision_type=10 2 10 10 10 8 10 10 2 10 10 8 10 10
left_child=1 -1 3 9 5 -3 -7 -8 -9 11 -11 -2 -13 -14
right_child=2 4 -4 -5 -6 6 7 8 -10 10 -12 12 13 -15
leaf_value=-0.0049686896217066593 0.00087700720821417991 0.0015060316809163638 -0.00311092309069788 0.0050648340920608839 0.0034979934392198081 -0.0022383556478598817 0.0038531686088451246 0.0023127228025069109 -0.004199843833824041 0.004531172296228049 0 -0.0012193398683426153 0.00027831738134043106 0.0026735588414385611
leaf_weight=327.46080473251641 3053.4680817592889 261.21804011613131 218.28130525536835 126.05122934654355 125.7779545634985 1049.6806640587747 151.30825754068792 85.064560171216726 118.48529925197363 286.97772526741028 316.9163825660944 2285.1342834234238 1851.9360631480813 465.73397858440876
leaf_count=4293 39931 3830 2535 1360 660 14313 2165 1284 1819 1434 1627 30964 24729 5946
internal_value=0 -0.00130814 0.000350959 0.000448638 -0.000598303 -0.000946352 -0.0014368 0.000819699 -0.00130122 0.000368685 0.0021179 0.000223459 -0.000202051 0.000784251
internal_weight=0 2119 8604.5 8386.22 1791.53 1665.76 1404.54 354.858 203.55 8260.17 603.894 7656.27 4602.8 2317.67
internal_count=136890 28364 108526 105991 24071 23411 19581 5268 3103 104631 3061 101570 61639 30675
is_linear=0
shrinkage=0.0101079


Tree=62
num_leaves=15
num_cat=0
split_feature=22 29 33 0 27 6 2 13 23 30 15 20 21 3
split_gain=38.3741 29.243 24.0521 30.3467 25.5532 22.5154 21.6359 33.287 37.1106 19.9971 22.7334 23.2351 20.5918 17.3406
threshold=-1.0327818989753721 -0.60785761475563038 0.9962500035762788 0.64801299571990978 -0.076279435306787477 -2.793378353118896 0.91262024641036998 0.10916372761130334 1.0865490436553957 0.81174489855766307 3.7996246814727788 1.7552557587623598 0.65278497338294994 0.23819272220134738
decision_type=10 2 10 10 2 8 8 10 10 2 8 10 10 10
left_child=-1 -2 3 4 -3 -4 13 8 -8 10 -6 -12 -11 -5
right_child=1 2 5 6 9 -7 7 -9 -10 12 11 -13 -14 -15
leaf_value=-0.002454994525566849 0.0047183929089208423 -0.0035184990467791513 0.0042615860478246535 -0.0011671938507675514 0.0025542680790200233 0.00046013349654063196 -0.0012615259416634854 0.0052423058826421834 0.00053787392042836245 -0.00056067791267168843 -0.0027668847318483795 0.001036772644254868 0.0055662715761204623 0.0011793842254312573
leaf_weight=595.6443053279072 135.05304795689881 400.95191538706422 253.306306168437 343.04175500199199 130.38965225219727 488.72518314421177 2279.5450008828193 103.63967654667795 2357.3439619820565 98.636134907603264 622.78185686469078 199.08292085304856 94.393659582361579 2638.4595493413508
leaf_count=8978 1699 5317 1260 4375 1890 2526 30847 1047 30937 1504 8473 2595 1141 34502
internal_value=0 0.000168418 9.94418e-05 -3.71072e-05 -0.00132972 0.00184203 0.000217539 -0.000199857 -0.00033863 -0.000510099 -0.00114224 -0.00179563 0.0023314 0.000893555
internal_weight=0 10145.4 10010.3 9268.27 1546.24 742.031 7722.03 4740.53 4636.89 1145.28 952.254 821.865 193.03 2981.5
internal_count=137091 128113 126414 122628 20920 3786 101708 62831 61784 15603 12958 11068 2645 38877
is_linear=0
shrinkage=0.0101079


Tree=63
num_leaves=15
num_cat=0
split_feature=23 33 28 2 29 3 28 23 27 27 30 14 30 12
split_gain=42.0167 36.8541 44.4506 48.3607 33.4901 33.2169 32.5609 26.3012 24.9649 37.0527 30.3677 33.9712 22.6777 21.7421
threshold=0.40865308046340948 0.9962500035762788 -0.37256073951721186 0.54125031828880321 -0.60785761475563038 0.22681293636560443 0.33172981441020971 0.69335696101188671 -0.032717135734856122 -0.88186877965927113 0.81174489855766307 -3.0495204925537105 1.0000000180025095e-35 -0.0050015833694487801
decision_type=10 10 2 8 2 10 2 10 2 2 2 10 2 8
left_child=13 2 7 5 -5 -4 -7 -2 9 -6 11 -10 -3 -1
right_child=1 12 3 4 8 6 -8 -9 10 -11 -12 -13 -14 -15
leaf_value=-0.00018368734841228891 0.005016955007767057 0.00071035198848821372 -0.0017198086912553557 0.0040543854668819452 -0.00083705406139338967 -0.00021215187198289002 0.0044030201853918621 0.00060934967816344524 -0.0016884297218513554 -0.0035498761139746309 0.0015854840329132993 0.0019230852336429003 0.0045415945851170897 -0.005434348957469433
leaf_weight=156.90488321520388 139.47424074821174 415.81452289223671 211.89713711664081 119.17250453867018 1372.0339264664799 220.66649844311178 416.36072271689773 3912.1552231032401 1527.3694538362324 877.46051892451942 568.92828576266766 305.5897514782846 286.16256526112556 206.20199801027775
leaf_count=2139 1407 2122 2765 1612 18673 2723 5592 51184 20562 12261 7435 4122 1441 3050
internal_value=0 0.000137325 -2.16513e-05 -0.000607257 -0.00100822 0.0015876 0.00275792 0.000780203 -0.00115305 -0.00192161 -0.00041264 -0.00105884 0.00236129 -0.00332517
internal_weight=0 10373.1 9671.11 5619.48 4770.55 848.924 637.027 4051.63 4651.38 2249.49 2401.89 1832.96 701.977 363.107
internal_count=137088 131899 128336 75745 64665 11080 8315 52591 63053 30934 32119 24684 3563 5189
is_linear=0
shrinkage=0.0101079


Tree=64
num_leaves=15
num_cat=0
split_feature=0 28 2 13 28 15 20 28 18 28 18 30 10 13
split_gain=40.9236 25.2162 31.393 29.9618 29.0689 25.3549 30.9544 29.1579 30.5747 26.4478 25.2841 31.1341 26.5424 28.9454
threshold=0.46333692967891699 -0.35222910344600672 0.93441268801689159 0.083784613758325591 0.39271505177021032 18.858356475830082 -1.8344052433967588 0.41268247365951544 70.500000000000014 0.86046862602233898 10.500000000000002 -0.56174489110708226 0.079689599573612227 0.011756865773350002
decision_type=10 2 8 10 2 10 10 2 2 2 2 2 10 10
left_child=-1 -2 3 4 -3 6 9 8 -8 -4 -6 12 13 -12
right_child=1 2 5 -5 10 -7 7 -9 -10 -11 11 -13 -14 -15
leaf_value=-0.0030713917582474545 0.00070789638106424295 -0.00058077956454073688 -0.00081350009700466362 -0.0046361087097557532 -0.0012308130881112103 0.00076360377546031257 -0.0025291112244714398 -0.0036990391508114236 0.0015660399811026206 0.0034087666939937762 -0.0037239824047894648 0.0033782603488787559 0.0031856222004980794 0.002385284931653079
leaf_weight=416.94060791097581 4438.1273859795183 1001.3800048418343 861.07618258334696 101.65196285024285 248.60522771626711 649.0767968762666 440.6599093824625 789.59624093770981 300.28117301501334 175.58257568255067 214.94139197282493 814.64551801420748 182.28428793512285 108.48083810321987
leaf_count=6204 55235 12841 11248 1509 3444 7856 5766 10147 3875 2433 2525 10435 2249 1421
internal_value=0 0.000130474 -0.000298228 0.00050079 0.000732779 -0.000974206 -0.00143028 -0.00234081 -0.000816323 -3.98918e-05 0.00159559 0.00216228 0.000103451 -0.00154476
internal_weight=0 10326.4 5888.26 2671.99 2570.34 3216.27 2567.2 1530.54 740.941 1036.66 1568.96 1320.35 505.707 323.422
internal_count=137188 130984 75749 34424 32915 41325 33469 19788 9641 13681 20074 16630 6195 3946
is_linear=0
shrinkage=0.0101079


Tree=65
num_leaves=15
num_cat=0
split_feature=28 33 27 27 13 3 2 7 27 20 7 14 28 18
split_gain=43.7369 59.9407 37.6458 32.7108 31.7308 57.6644 37.3317 24.2685 24.0287 35.5668 22.4324 22.2271 21.089 23.889
threshold=-0.37256073951721186 1.497500002384186 -0.076279435306787477 -0.91080963611602772 -0.075761299580335603 0.20865205675363543 0.52029353380203258 14.204738140106203 -0.49049438536167139 0.21611012518405917 -21.861468315124508 -12.031342029571531 0.33172981441020971 16.500000000000004
decision_type=2 8 2 2 8 10 8 10 2 8 10 10 2 2
left_child=-1 -2 3 11 10 -6 12 -8 -5 -10 -4 -3 -7 -14
right_child=1 2 4 8 5 6 7 -9 9 -11 -12 -13 13 -15
leaf_value=0.00077038176923175273 0.0029422199984350077 -0.0024640674529132554 0 -0.0041707107177096272 -0.0054543889400053176 -0.00034530153628038491 -0.0010303054536752534 0.0017743340038121626 0.0011883451369782741 -0.003818122267640247 0.0062120789610057318 0.00031450525439085053 -0.0003751598743575645 0.0049980673572228322
leaf_weight=4384.422098338604 455.65245674550533 422.16696255467832 99.691611662507057 702.29086022265255 205.75855799205601 184.59123624674976 1985.8873806800693 358.75264955870807 281.80704172886908 269.05849386937916 124.85562848672271 868.36069895327091 97.094114199280739 295.86781398579478
leaf_count=54547 2310 5830 1421 9905 2765 2273 27245 4436 4094 3634 1593 11754 1351 3836
internal_value=0 -0.000541093 -0.000820596 -0.00174691 -0.000103338 -0.00038175 0 -0.000579587 -0.00291355 -0.0012032 0.00348558 -0.000572388 0.00227322 0.00358749
internal_weight=0 6351.84 5896.18 2543.68 3352.5 3127.95 2922.19 2344.64 1253.16 550.866 224.547 1290.53 577.553 392.962
internal_count=136994 82447 80137 35217 44920 41906 39141 31681 17633 7728 3014 17584 7460 5187
is_linear=0
shrinkage=0.0101079


Tree=66
num_leaves=15
num_cat=0
split_feature=22 2 30 27 17 18 13 28 27 13 33 7 18 3
split_gain=36.6047 23.9357 22.3791 36.0536 47.0783 38.8368 33.2838 29.6525 50.759 25.8486 24.9569 23.2718 25.1851 21.537
threshold=-0.97724848985671986 0.60361647605896007 1.0000000180025095e-35 -0.71473535895347584 56.500000000000007 80.500000000000014 0.025553204119205478 0.52803644537925731 -0.032717135734856122 -0.0075421826913952819 1.497500002384186 -7.5110831260681143 80.500000000000014 0.21224471181631091
decision_type=10 8 2 2 2 2 10 2 2 10 8 8 2 10
left_child=1 -1 7 5 6 -4 -5 9 -9 -2 -6 -12 -13 -11
right_child=2 -3 3 4 10 -7 -8 8 -10 13 11 12 -14 -15
leaf_value=0.0011513158233277792 -0.00082613696563330053 -0.0030774774311706633 -0.0019028011082532781 -0.00097428045769101758 0.0064674023351887662 0.0033098295214023152 0.0020497456426274681 -0.0044308243929157996 -0.00023191430087457976 -0.0031543239932580935 0.003883227716091159 8.8059604897806017e-05 0.0047211531804708462 0.00096418497660004528
leaf_weight=156.76578703150153 1612.2856115046889 591.12731277197599 787.31353040598333 1037.0015843100846 156.62607648968697 167.42711759544909 567.91180724650621 414.1942221019417 1051.6182816848159 124.7244182638824 471.73044961690903 683.81689379550517 143.10679890960455 2759.0880410522223
leaf_count=2329 22328 8761 9907 13621 778 2296 6931 5319 13329 1581 6372 8765 1777 32860
internal_value=0 -0.0021348 0.000172494 0.000757376 0.00129727 -0.000927611 7.53183e-05 -0.000215064 -0.00146269 0.000184483 0.00260976 0.00207843 0.000974231 0.000764198
internal_weight=0 747.893 9976.84 4014.93 3060.19 954.741 1604.91 5961.91 1465.81 4496.1 1455.28 1298.65 826.924 2883.81
internal_count=136954 11090 125864 50447 38244 12203 20552 75417 18648 56769 17692 16914 10542 34441
is_linear=0
shrinkage=0.0101079


Tree=67
num_leaves=15
num_cat=0
split_feature=22 29 0 11 27 29 23 29 7 0 17 16 0 29
split_gain=34.8439 25.8126 19.7139 17.6748 27.6151 34.1726 28.6437 26.0158 28.3784 24.4464 23.0985 25.1219 25.5644 21.5726
threshold=-1.0327818989753721 -0.60785761475563038 1.7484844326972964 0.04929447919130326 -0.47136868536472315 -1.0000000180025095e-35 0.84290131926536571 0.87837970256805431 -15.697376251220701 0.70792445540428173 71.500000000000014 0.47883631289005285 0.71763294935226452 1.0000000180025095e-35
decision_type=10 2 10 10 2 2 10 2 10 10 2 10 10 2
left_child=-1 -2 3 13 6 -6 -5 10 -9 -10 11 -7 -13 -3
right_child=1 2 -4 4 5 7 -8 8 9 -11 -12 12 -14 -15
leaf_value=-0.002414319943469234 0.0043963875882138039 0.00034826881027535343 0.0014716816330022976 -0.0033426330019313637 -0.0012757475747293158 -0.00086090856705349635 0 0.0033474860207580071 -0.0042194958973994926 0 0.0031381967372478793 0.0045085873607378152 0.00076102623923152667 -0.0011510990055102245
leaf_weight=587.34399680420756 133.50851125456393 1508.2948258090764 887.0376042611897 358.07177147641778 666.29385046474636 484.65037391893566 981.41912854835391 154.68172838166356 198.50803608633578 410.24573828838766 819.26067512482405 272.98753485828638 673.7339188400656 2610.8990646358579
leaf_count=8885 1656 19374 10784 4944 8695 6251 12457 1825 2559 5065 10076 3317 8226 32925
internal_value=0 0.000101299 3.67682e-05 -9.91889e-05 0.000297961 0.000756058 -0.00092779 0.0012207 -0.000345344 -0.00137921 0.00176923 0.000945047 0.00191149 -0.000592644
internal_weight=0 10159.6 10026.1 9139.05 5019.85 3680.36 1339.49 3014.07 763.436 608.754 2250.63 1431.37 946.721 4119.19
internal_count=137039 128154 126498 115714 63415 46014 17401 37319 9449 7624 27870 17794 11543 52299
is_linear=0
shrinkage=0.0101079


Tree=68
num_leaves=15
num_cat=0
split_feature=0 33 28 27 27 6 3 2 11 29 11 12 29 7
split_gain=40.5178 36.7859 37.1479 49.1821 35.8056 28.1327 27.6007 41.8466 26.2457 23.896 19.8327 32.0352 41.1061 24.1543
threshold=0.46333692967891699 0.9962500035762788 -0.24825246632099149 -0.50938662886619557 -0.88186877965927113 -3.0575053691864009 0.20865205675363543 0.52029353380203258 0.087978169322013869 -1.0000000180025095e-35 0.053834084421396262 0.052060233429074294 1.0000000180025095e-35 -0.85684204101562489
decision_type=10 10 2 2 2 8 10 8 10 2 10 8 2 10
left_child=8 2 -2 4 -4 -3 -5 -8 -1 -6 11 12 13 -9
right_child=1 5 3 6 9 -7 7 10 -10 -11 -12 -13 -14 -15
leaf_value=-0.0043923560966675239 0.00064343817745370004 0.0050072864176208282 -0.00092494822358909514 -0.0032297988481926223 0 0.00076112461274834562 0.0029424680047763657 -0.00042848828452954894 0.0014417192944545139 -0.0051388613575251716 0.00065094874637025959 -0.0043615981725698598 -0.0019590654627229236 0.0044632761118001503
leaf_weight=324.19427566044033 4528.1477363873273 254.32232828438282 1172.3693479802459 227.13478328846395 119.54465764015913 491.06443591415882 524.87959290668368 164.06156138144433 86.915520031005144 446.9699824899435 1369.2822847943753 240.99816853553057 577.10701988078654 215.43323295004666
leaf_count=4818 58668 1257 16083 2965 1636 2522 6762 2210 1305 6407 18264 3308 7779 3019
internal_value=0 0.000148133 -1.66476e-05 -0.000615686 -0.0019898 0.00229974 9.49992e-05 0.000359673 -0.00305842 -0.00408132 -0.000159888 -0.00111882 -0.000231798 0.00227712
internal_weight=0 10331.3 9585.93 5057.78 1738.88 745.387 3318.9 3091.76 411.11 566.515 2566.88 1197.6 956.602 379.495
internal_count=137003 130880 127101 68433 24126 3779 44307 41342 6123 8043 34580 16316 13008 5229
is_linear=0
shrinkage=0.0101079


Tree=69
num_leaves=15
num_cat=0
split_feature=23 33 28 2 30 15 22 23 15 2 2 2 10 13
split_gain=39.3499 32.1976 38.9402 46.1672 33.6201 24.6376 29.8017 23.3702 20.8529 17.8065 15.7287 15.6265 18.7953 19.4297
threshold=0.40865308046340948 0.9962500035762788 -0.35222910344600672 0.52029353380203258 -0.56174489110708226 18.661469459533695 -0.85631030797958363 0.69335696101188671 15.29536819458008 0.7718712091445924 0.93441268801689159 3.8588232994079594 0.092038210481405272 0.041838377714157111
decision_type=10 10 2 8 2 10 10 10 10 10 8 10 10 10
left_child=10 2 7 8 -3 6 -5 -2 -4 -7 -1 12 -11 -14
right_child=1 4 3 5 -6 9 -8 -9 -10 11 -12 -13 13 -15
leaf_value=-0.0013763466520425325 0.0046538617228924885 -0.00061606445591381369 0.0025657901169330245 -0.0031683109695893998 0.0038108933733451609 -0.003052898997580997 -0.00085791590966951214 0.00054182836461706902 -0.0015345325547731585 -0.0013627379986526505 -0.0061287269309409156 -0.0013702017178526585 -0.00026034773036658938 0.0043642055053006645
leaf_weight=231.46159959770739 142.55665349960327 255.67293532192707 600.52735826186836 713.34376383945346 457.10212828218937 101.2319317124784 3305.3574852887541 3999.0256148744375 141.41723637655377 104.75693929567933 126.49388873390853 151.16051676124334 106.95313023403287 313.67236931435764
leaf_count=3325 1453 1305 7653 10419 2299 1576 44715 52201 1920 1258 1797 1677 1388 4154
internal_value=0 0.000114533 -3.47506e-05 -0.000592769 0.00217702 -0.000961514 -0.00128331 0.000701429 0.00172256 0.00064594 -0.0032594 0.00128648 0.0021355 0.00311006
internal_weight=0 10392.8 9680 5538.42 712.775 4796.48 4018.7 4141.58 741.945 777.775 357.955 676.543 525.382 420.625
internal_count=137140 132018 128414 74760 3604 65187 55134 53654 9573 10053 5122 8477 6800 5542
is_linear=0
shrinkage=0.0101079


Tree=70
num_leaves=15
num_cat=0
split_feature=33 28 2 21 22 15 30 30 20 18 4 13 15 13
split_gain=35.4352 46.5654 49.0008 23.5123 30.7492 23.2445 21.7515 21.6202 26.4055 23.3106 22.6696 21.531 27.0905 24.0311
threshold=0.9962500035762788 -0.20576497167348859 0.52029353380203258 8.6400213241577166 -1.116526126861572 15.29536819458008 -0.56174489110708226 1.0000000180025095e-35 1.0000000180025095e-35 69.500000000000014 0.79828864336013805 0.017413088120520118 7.4002840518951425 -0.013621231541037558
decision_type=10 2 8 10 10 10 2 2 10 2 10 10 10 10
left_child=1 -1 5 4 -4 11 -2 -6 9 -9 -10 12 13 -3
right_child=6 2 3 -5 7 -7 -8 8 10 -11 -12 -13 -14 -15
leaf_value=0.00060107912731795698 -9.1706641033263505e-05 0.004866630169772547 -0.0045823056068392091 0.00049398696218641894 -0.0018792622273606651 -0.001985100872417587 0.003331447269232925 6.1985139623053716e-05 -0.0033588510935975715 0.0044827820126526014 0.00021417566809790351 0.0058882157283423235 -0.001918244424684431 -0.00073851439074232349
leaf_weight=4661.480161331594 265.16092853248119 216.50377871654928 304.30600777827203 689.0883430428803 2057.4426145516336 134.78145060129464 503.80733962357044 691.45947989076376 381.85223861597478 145.82968811504543 300.73208792321384 140.61172715201974 160.56503214687109 99.688685841858387
leaf_count=60515 1356 3120 4782 8764 28266 1907 2549 9548 5334 2032 4012 1965 1705 1291
internal_value=0 -0.000131143 -0.000779924 -0.00117858 -0.00148631 0.00157687 0.0021096 -0.00120245 -0.000254932 0.000913421 -0.00174102 0.00243404 0.00125496 0.00299863
internal_weight=0 9984.34 5322.86 4570.71 3881.62 752.151 768.968 3577.32 1519.87 837.289 682.584 617.369 476.757 316.192
internal_count=137146 133241 72726 62738 53974 9988 3905 49192 20926 11580 9346 8081 6116 4411
is_linear=0
shrinkage=0.0101079


Tree=71
num_leaves=15
num_cat=0
split_feature=23 33 28 27 27 30 13 29 23 12 7 18 23 29
split_gain=38.5179 35.7698 39.3753 42.231 47.875 30.8234 22.7117 22.1858 21.3108 20.9463 16.9902 16.4172 13.2048 16.9999
threshold=0.40865308046340948 0.9962500035762788 -0.35222910344600672 -0.49049438536167139 -0.88186877965927113 -0.56174489110708226 -0.074059594422578798 -1.0000000180025095e-35 0.69682878255844127 -0.0013291523791849611 -21.318305969238278 79.500000000000014 1.1416357755661013 -1.0000000180025095e-35
decision_type=10 10 2 2 2 2 10 2 10 8 10 2 10 2
left_child=9 2 8 4 11 -3 10 -6 -2 -1 -5 12 13 -4
right_child=1 5 3 6 7 -7 -8 -9 -10 -11 -12 -13 -14 -15
leaf_value=-0.00035628952898362093 0.0043672268535486737 -0.00037088270939884685 0.00082866875331689992 0 0 0.0038503801900610997 -0.00022354040977010946 -0.0052626115897142006 0.00049970070598723368 -0.0055410672966508673 0.0051213473805201458 0.0015793631304343069 0 -0.0029381418381491313
leaf_weight=166.27972635813057 147.45596645213664 260.10965996980667 132.94654664583504 118.69572877511382 115.24035712704062 447.8072267472744 3322.610198026523 461.21343146264553 3989.7135463394225 188.20929891057312 140.67667514458299 230.60724793560803 439.29813869670033 556.98740593530238
leaf_count=2249 1508 1328 2065 1688 1595 2245 44159 6662 52122 2835 1872 3249 5293 7981
internal_value=0 7.26499e-05 -8.48453e-05 -0.00064707 -0.00184656 0.00225535 0 -0.0042837 0.000655105 -0.00327966 0.0028403 -0.000765668 -0.00128757 -0.00215312
internal_weight=0 10363.4 9655.45 5518.28 1936.29 707.917 3581.98 576.454 4137.17 354.489 259.372 1359.84 1129.23 689.934
internal_count=136851 131767 128194 74564 26845 3573 47719 8257 53630 5084 3560 18588 15339 10046
is_linear=0
shrinkage=0.0101079


Tree=72
num_leaves=15
num_cat=0
split_feature=22 29 2 14 16 3 6 14 3 28 23 29 29 17
split_gain=35.2668 27.8135 26.5063 22.1902 31.0094 41.9282 27.1418 24.7319 24.4807 24.0115 28.0131 21.6725 21.9841 22.9573
threshold=-1.0327818989753721 -0.60785761475563038 4.2894840240478525 -6.9678828716278067 0.20499379187822345 0.83718866109848034 3.0860768556594853 -13.308495998382567 0.6414363980293275 -0.18436925113201139 0.69335696101188671 0.6078576147556306 1.0000000180025095e-35 60.500000000000007
decision_type=10 2 10 10 10 10 10 10 10 2 10 2 2 2
left_child=-1 -2 3 4 8 6 -6 -7 11 10 -5 12 13 -3
right_child=1 2 -4 9 5 7 -8 -9 -10 -11 -12 -13 -14 -15
leaf_value=-0.0023836268597954807 0.0045280214285264514 -0.0017451859967632052 -0.0033125455631561754 0.0063744577927441317 -0.001685853770132639 -0.0018004242130080939 0.00056341675556709767 0.0030729651510520606 -0.00066566083290461593 -6.1435746198070548e-05 0.0011575057942822553 0.0032616933902093149 -0.0020995993938064937 0.0031118681241702625
leaf_weight=590.57897761464119 138.27183881215751 122.56387490220368 222.04907139949501 108.68956701271236 2592.8875781744719 126.96324298717082 659.30444580502808 400.35054048523307 689.87889222986996 1977.9670480191708 2038.1632008049637 508.80335128121078 217.13001310452819 335.86315114423633
leaf_count=8965 1728 1594 2561 1012 33163 1392 8102 4927 9423 25138 25009 6317 3235 4346
internal_value=0 0.000141905 7.38077e-05 0.000157366 -0.000248528 -0.000780654 -0.00121719 0.00181493 0.000801828 0.000722942 0.00146207 0.00168939 0.000422706 0.00171909
internal_weight=0 10138.9 10000.6 9778.56 5653.75 3779.51 3252.19 527.314 1874.24 4124.82 2146.85 1184.36 675.557 458.427
internal_count=136912 127947 126219 123658 72499 47584 41265 6319 24915 51159 26021 15492 9175 5940
is_linear=0
shrinkage=0.0101079


Tree=73
num_leaves=15
num_cat=0
split_feature=0 29 27 28 27 27 30 13 14 13 14 13 7 21
split_gain=38.1929 29.0068 25.4209 22.6694 32.5581 37.9138 27.8886 37.0917 33.8355 42.1135 25.7722 30.4306 28.0262 24.0443
threshold=0.46333692967891699 -0.60785761475563038 0.16288578510284427 -0.3317298144102096 -0.09801131114363669 -0.88186877965927113 0.81174489855766307 0.089353948831558241 -2.5444455146789546 0.042520795017480857 -3.8797072172164913 -0.012109228875488041 5.5184535980224618 -7.3500659465789786
decision_type=10 2 2 2 2 2 2 10 10 10 10 10 10 10
left_child=2 -2 -1 -3 5 -5 7 8 -6 -10 11 13 -13 -8
right_child=1 3 -4 4 6 -7 10 -9 9 -11 -12 12 -14 -15
leaf_value=-0.0042993130163029702 0.0045847264617614467 0.00057603643088449826 0.0014327970520219371 -0.00025398842032091395 -0.00035483774939767265 -0.0029544008250833803 0.0042482412316677803 -0.0053570670842466297 -7.0902484105018151e-05 0.0073541853160528125 -0.0022542495231320315 0.0085515390966516853 0.0018504340308687715 -0.0016651832923841065
leaf_weight=327.14035290852189 138.26425227895379 4515.2563653625548 86.911683572456241 1422.4127452019602 2254.246154949069 879.21443819999695 101.55585757642984 128.38947712816298 154.76896443031728 130.6678587179631 103.42247957363725 133.87399590760469 161.89587960205972 181.98197388835251
leaf_count=4763 1757 56096 1425 18517 28347 12067 1202 1624 1990 1790 1407 1624 1812 2459
internal_value=0 0.000107217 -0.00299592 3.89569e-05 -0.000383114 -0.00130943 0.000242632 -0.00021161 4.78836e-05 0.00329299 0.00205916 0.00291753 0.00515585 0.000369602
internal_weight=0 10306 414.052 10167.7 5652.43 2301.63 3350.8 2668.07 2539.68 285.437 682.73 579.308 295.77 283.538
internal_count=136880 130692 6188 128935 72839 30584 42255 33751 32127 3780 8504 7097 3436 3661
is_linear=0
shrinkage=0.0101079


Tree=74
num_leaves=15
num_cat=0
split_feature=0 33 28 27 27 11 30 3 2 11 21 2 21 3
split_gain=37.2151 28.1521 29.543 47.4052 33.8586 26.322 23.903 23.1421 42.8428 24.356 18.8199 18.4576 16.5477 36.6438
threshold=0.46333692967891699 0.9962500035762788 -0.24825246632099149 -0.50938662886619557 -0.72982063889503468 0.085846725851297392 -0.56174489110708226 0.20865205675363543 0.52029353380203258 0.17254433035850528 3.3742245435714726 0.7630489468574525 2.3641932010650639 0.87469190359115612
decision_type=10 10 2 2 2 10 2 10 8 10 10 8 10 10
left_child=5 2 -2 4 12 11 -3 10 -9 -10 -5 -1 13 -4
right_child=1 6 3 7 -6 -7 -8 8 9 -11 -12 -13 -14 -15
leaf_value=-0.0015241257265270493 0.00056569673691569597 -0.00031505323193195664 -0.0037760082437327657 0 -0.0059529868043146196 0.0013243319622396534 0.0033411144983761651 0.0029571361414843069 -0.00038009134487435216 0.0043669168498642668 -0.0059397258174230206 -0.0068624065164860108 0 0.0001412806861808669
leaf_weight=162.24444008618593 4516.9446373544633 260.13963511586189 576.31841495633125 119.29526706039906 187.55570158921182 94.968682257458568 479.21781744062901 536.24542372301221 2464.3868089057505 107.33402419835329 103.1673145275563 154.90991702117026 576.66138220019639 385.08584561385214
leaf_count=2404 58631 1330 8509 1579 2526 1419 2407 6870 33517 1144 1357 2341 7980 5029
internal_value=0 0.000119826 -2.345e-05 -0.000557836 -0.00191515 -0.00295045 0.00201042 0.000136079 0.000375779 -0.000153932 -0.00293808 -0.00435622 -0.0013696 -0.00217641
internal_weight=0 10312.4 9572.99 5056.05 1725.62 412.123 739.357 3330.43 3107.97 2571.72 222.463 317.154 1538.07 961.404
internal_count=137043 130879 127142 68511 24044 6164 3737 44467 41531 34661 2936 4745 21518 13538
is_linear=0
shrinkage=0.0101079


Tree=75
num_leaves=15
num_cat=0
split_feature=0 29 33 28 27 27 10 11 0 14 3 15 3 15
split_gain=38.6612 30.3047 25.6319 31.8286 36.3752 26.2821 23.1567 22.9412 20.1028 18.6692 22.4127 19.4686 18.6078 31.5557
threshold=0.46333692967891699 -0.60785761475563038 0.9962500035762788 -0.3317298144102096 -0.11969653144478797 -0.89194178581237782 0.13265538960695269 0.08870768174529077 0.68832129240036022 -12.031342029571531 0.91493108868598949 3.0514655113220219 0.20865205675363543 12.474836349487306
decision_type=10 2 10 2 2 2 10 10 10 10 10 10 10 8
left_child=7 -2 3 8 5 9 -4 -1 -3 10 11 -5 13 -6
right_child=1 2 6 4 12 -7 -8 -9 -10 -11 -12 -13 -14 -15
leaf_value=-0.0042176235260610014 0.0047416152902559593 0.0040804943417984095 0.00046124407950111953 -0.0001980027849157219 0.0013900993784832544 -0.003032661120333245 0.0043135783959853064 0.001247514406286958 0.00044434833279957279 0.00015422619222816929 0.00038592583667006761 -0.0062237416805114741 0.0003342232362998146 -0.0058043199940675267
leaf_weight=324.17780517786741 138.00997227057815 157.98255645856261 475.98643530905247 102.00736669450998 96.215094273909926 814.99777450412512 257.79938796162605 85.365315228700638 4080.466557642445 864.0629041288048 160.50830511003733 165.44482044875622 2892.6202495414764 129.86645396798849
leaf_count=4862 1748 1497 2422 1531 1263 11819 1285 1286 53243 11718 1974 2412 38248 1739
internal_value=0 0.000157992 8.84935e-05 -4.90824e-05 -0.00058055 -0.00160515 0.00189977 -0.00297941 0.00059651 -0.000660999 -0.00237379 -0.00414198 0.00010095 -0.00262385
internal_weight=0 10336 10198 9464.17 5225.72 2107.02 733.786 409.543 4238.45 1292.02 427.96 267.452 3118.7 226.082
internal_count=137047 130899 129151 125444 70704 29454 3707 6148 54740 17635 5917 3943 41250 3002
is_linear=0
shrinkage=0.0101079


Tree=76
num_leaves=15
num_cat=0
split_feature=0 11 29 14 15 14 6 7 14 28 15 18 28 13
split_gain=38.0606 28.0503 21.0581 20.8536 25.1902 30.5207 27.744 27.5268 25.6238 28.6631 28.3713 21.6693 20.5378 20.4697
threshold=0.46333692967891699 0.08870768174529077 -0.60785761475563038 -6.4339833259582511 3.7996246814727788 -18.423770904541012 3.0132359266281132 -10.940801620483397 -13.086901187896727 -0.69930991530418385 15.165391445159914 18.500000000000004 -0.18436925113201139 0.089353948831558241
decision_type=10 10 2 10 10 10 10 10 10 2 10 2 2 10
left_child=1 -1 -2 4 -4 7 8 -6 9 -7 -10 -11 -5 -14
right_child=2 -3 3 12 5 6 -8 -9 10 11 -12 -13 13 -15
leaf_value=-0.0043450700164404448 0.0039275009925206859 0.0017307062274426195 0.00065237577626832844 0.0013525184041436804 0.00021161420248471432 7.9984180663907884e-06 0.00055903446882141217 0.0062115159254305038 -0.00053360205349444606 -0.00023794170642134596 -0.0041667188500126009 -0.005564431458408136 0.0002405683304312922 -0.0031849903925230765
leaf_weight=327.52309216931462 138.9833480194211 85.547575294971466 1918.9653722308576 2012.4818062484264 349.91375751420856 183.81774367950857 840.73353229649365 99.478384198620915 2093.4612481296062 118.14707711525261 245.40644371509552 390.3430819939822 1747.4243346787989 189.92407885752618
leaf_count=4906 1774 1298 25928 24420 4803 2368 9999 1070 26293 1542 3027 4859 22393 2441
internal_value=0 -0.00298193 0.000119553 6.07444e-05 -0.000298546 -0.000730583 -0.00102709 0.00170993 -0.00148064 -0.00320442 -0.00094438 -0.00442712 0.000638095 -8.56081e-05
internal_weight=0 413.071 10329.1 10190.1 6240.27 4321.3 3871.91 449.392 3031.18 692.308 2338.87 508.49 3949.83 1937.35
internal_count=137121 6204 130917 129143 79889 53961 48088 5873 38089 8769 29320 6401 49254 24834
is_linear=0
shrinkage=0.0101079


Tree=77
num_leaves=15
num_cat=0
split_feature=0 27 33 12 30 27 3 16 13 13 18 5 0 28
split_gain=34.4276 41.5248 26.5277 22.421 21.6256 20.6567 16.3267 15.3144 14.8398 17.2669 14.7485 17.2055 34.1584 24.6684
threshold=0.64801299571990978 -0.50938662886619557 0.9962500035762788 0.0019780101720243697 0.81174489855766307 0.076279435306787505 0.67217528820037853 0.15229742974042895 0.10916372761130334 0.09218542650341989 90.500000000000014 1.8068463206291201 1.085299611091614 -0.7866188883781432
decision_type=10 2 10 8 2 2 10 10 10 8 2 10 10 2
left_child=1 -1 3 4 6 -5 7 -3 9 10 11 -2 13 -13
right_child=8 2 -4 5 -6 -7 -8 -9 -10 -11 -12 12 -14 -15
leaf_value=-0.0045353065452910409 0.00046917622844847023 0.0017865615857842665 0.0037630538341430989 -0.0043910639841347934 0.0032662930289766253 -0.00086351400601857497 0.0031493377638881254 -0.0021623933721652659 0.00341650718126619 -0.0035254792091124558 0.0013767322150174694 0.0005326669232161009 0.0008285407963287833 -0.0023939279221131425
leaf_weight=309.81061384826899 4845.4097888991237 111.73318388313055 125.69243097305298 263.51992424204946 184.13408662937582 576.64521151967347 89.192739944905043 443.15573896095157 146.85559659451246 114.05364985577762 1105.0591638274491 377.30432180687785 1001.0960588641465 1039.0022141616791
leaf_count=4143 62330 1619 656 4034 2426 7842 1267 6343 1569 1397 13135 4721 12630 13047
internal_value=0 -0.00114747 -0.000523226 -0.000885976 0.000251568 -0.00204728 -0.000576319 -0.00128178 0.000292235 0.000230348 0.000289541 0.00011728 -0.000570612 -0.00158717
internal_weight=0 2103.88 1794.07 1668.38 828.216 840.165 644.082 554.889 8628.78 8481.93 8367.87 7262.81 2417.4 1416.31
internal_count=137159 28330 24187 23531 11655 11876 9229 7962 108829 107260 105863 92728 30398 17768
is_linear=0
shrinkage=0.0101079


Tree=78
num_leaves=15
num_cat=0
split_feature=23 12 22 27 29 13 16 29 14 16 3 13 3 14
split_gain=35.89 19.0615 18.6682 33.3596 28.2367 18.6973 15.1677 15.0162 14.964 22.1846 21.4709 18.2041 14.8107 33.0027
threshold=0.40865308046340948 -0.0013291523791849611 -0.84698212146759022 0.29026740789413458 -1.0000000180025095e-35 -0.090854674577712999 0.76713833212852489 1.0000000180025095e-35 -7.5848801136016837 0.63866019248962413 0.87953200936317455 0.0095253325998783129 0.87469190359115612 -13.520836353302
decision_type=10 8 10 2 2 10 10 2 10 10 10 10 10 10
left_child=1 -1 3 4 -2 -4 7 -5 9 12 -10 -12 -7 -14
right_child=2 -3 5 6 -6 8 -8 -9 10 -11 11 -13 13 -15
leaf_value=-0.00036066997776920245 0.0021588446783317532 -0.0053239878263106229 0.0031535099085852098 0.002793529501826568 -0.003599429447704854 -0.00031114239047144477 0.0043198465436894507 -0.0016372158564006841 0.00089075769537951845 -0.0034696503606519856 0.00059789502062214926 -0.0028088928195782173 -0.00080846197069347667 0.0035297157355130195
leaf_weight=167.08506657369435 89.292855311185122 186.8147760424763 213.08780737966299 110.27416398376226 528.51023569889367 3955.4279093164951 94.852782122790813 221.48760566487908 3700.3799186367542 198.17576239816844 283.64256386645138 314.69239791668952 344.92935289628804 336.75091758742929
leaf_count=2271 1324 2841 2731 1590 7626 50504 1265 2943 45094 2352 3966 4057 4371 4116
internal_value=0 -0.00314978 8.91959e-05 -0.00118111 -0.00268623 0.000236313 0.000914174 -1.54535e-05 0.000161252 -0.000218281 0.000597192 -0.00113987 -6.51346e-05 0.00129121
internal_weight=0 353.9 10391.5 1044.42 617.803 9347.09 426.615 331.762 9134 4835.28 4298.71 598.335 4637.11 681.68
internal_count=137051 5112 131939 14748 8950 117191 5798 4533 114460 61343 53117 8023 58991 8487
is_linear=0
shrinkage=0.0101079


Tree=79
num_leaves=15
num_cat=0
split_feature=0 11 33 28 2 3 13 0 28 29 21 22 3 3
split_gain=31.8317 25.2633 24.4734 31.55 32.1606 24.0541 24.4117 24.0003 19.9415 19.3794 18.1705 23.4155 18.4134 23.9167
threshold=0.46333692967891699 0.087978169322013869 0.9962500035762788 -0.35222910344600672 0.54125031828880321 0.20865205675363543 0.018309410661458973 0.68157419562339794 -0.032717135734856122 -0.60785761475563038 8.6400213241577166 -1.1376746892929075 0.34301775693893438 0.2552237212657929
decision_type=10 10 10 2 8 10 10 10 2 2 10 10 10 10
left_child=1 -1 3 7 5 -5 -7 -2 -4 -6 11 -11 13 -13
right_child=2 -3 8 4 9 6 -8 -9 -10 10 -12 12 -14 -15
leaf_value=-0.0040528973353942269 0.0046750549993384918 0.0017096376872025216 0.00016665634760749726 -0.0023210898463126087 0.0028865212510148733 0.00069480218266043388 0.004966927485008911 0.00047757876324776944 0.0035770294059775782 -0.0046136957557822824 0.0004737964183751407 -0.0026117570868288138 -0.0013678308267000645 0.0019298999616012757
leaf_weight=322.77011319994926 139.83361552469432 85.652268474921584 390.50541709363461 137.88059759885073 124.00783215276897 461.85025551728904 207.85480948723853 4014.0019302554429 356.27647304534912 201.53419041074812 693.92337101884186 154.53962391987443 3019.5321236737072 402.32305352203548
leaf_count=4867 1308 1303 1971 1811 1644 5923 2830 52384 1795 3110 8798 2103 41588 5399
internal_value=0 -0.00273787 0.000113773 -2.03737e-05 -0.000533337 0.00129874 0.00212155 0.000636929 0.0018671 -0.000865687 -0.000983521 -0.00126231 -0.00105273 0.000579492
internal_weight=0 408.422 10304.1 9557.28 5403.45 807.586 669.705 4153.84 746.782 4595.86 4471.85 3777.93 3576.39 556.863
internal_count=136834 6170 130664 126898 73206 10564 8753 53692 3766 62642 60998 52200 49090 7502
is_linear=0
shrinkage=0.0101079


Tree=80
num_leaves=15
num_cat=0
split_feature=0 33 0 23 27 30 3 3 13 13 3 13 7 3
split_gain=32.6636 20.4969 26.239 21.7004 45.7409 23.8727 39.7064 29.5246 22.9123 22.3304 20.4477 17.7074 22.7414 18.139
threshold=0.46333692967891699 0.9962500035762788 0.8765484392642976 1.0919651389122011 -0.50938662886619557 0.81174489855766307 0.40235425531864172 0.21224471181631091 -0.046095313504338258 -0.049993699416518204 0.86113446950912487 0.015279667917639019 -5.8209939002990714 0.36191920936107641
decision_type=10 10 10 10 2 2 10 10 10 10 10 10 10 10
left_child=-1 3 -3 4 8 7 -7 9 -2 -6 11 12 -9 -14
right_child=1 2 -4 -5 5 6 -8 10 -10 -11 -12 -13 13 -15
leaf_value=-0.0027904825927814012 -0.0053212307974803592 0.0035177390559125296 -0.00013550963841931166 0.00067856485300425999 0.00038427957820792486 0.0033666017175649791 -0.00038563829470780465 0.00043023554912230611 -0.001428162770961476 -0.0050179401461987677 0.0036588801472104472 0.00069910578535387242 0.00051008070718399842 -0.0021800420747870512
leaf_weight=409.52728527784348 189.70938934199512 384.38934442400932 369.30018079280853 2995.1511865798384 98.34544300287962 527.63722583465278 584.88892015442252 956.03014849126339 1097.8026753794402 216.06075191870332 138.61187501810491 1381.7962063960731 301.83556214533746 1083.1411900203675
leaf_count=6209 2964 1944 1855 39683 1321 6375 7918 13297 15970 2853 2029 17702 3368 13550
internal_value=0 9.38752e-05 0.00169108 -2.89191e-05 -0.000357726 5.16911e-05 0.00136859 -0.000291336 -0.00206104 -0.00323332 -3.54182e-05 -0.00019103 -0.000734246 -0.00156511
internal_weight=0 10324.7 753.69 9571.01 6575.86 5288.35 1112.53 4175.82 1287.51 314.406 3861.41 3722.8 2341.01 1384.98
internal_count=137038 130829 3799 127030 87347 68413 14293 54120 18934 4174 49946 47917 30215 16918
is_linear=0
shrinkage=0.0101079


Tree=81
num_leaves=15
num_cat=0
split_feature=22 33 28 14 17 3 2 7 3 12 3 15 13 3
split_gain=34.1985 19.9478 27.5129 31.1935 25.1736 24.3319 35.9282 21.9183 19.7501 20.0915 21.9104 19.8629 19.2281 21.474
threshold=-0.97724848985671986 0.9962500035762788 -0.35222910344600672 -29.344094276428219 48.500000000000007 0.20865205675363543 0.54125031828880321 5.3856530189514169 0.34301775693893438 -0.0019691997440531846 0.27333727478981024 18.298649787902836 -0.049993699416518204 0.36191920936107641
decision_type=10 10 2 8 2 10 8 10 10 10 10 10 10 10
left_child=12 2 -2 -4 -3 -5 7 -7 9 -8 -11 -10 -1 -14
right_child=1 4 3 5 -6 6 8 -9 11 10 -12 -13 13 -15
leaf_value=-0.0063216775731002638 0.00068152766115237191 -0.00024898599084356064 0.00486094126689953 -0.0038574469436083382 0.0033603898588710152 0.00058347440974649276 -0.0012024254051122287 0.0049532658352910474 -0.0013604240931035904 -0.00092828127535161736 0.0042910191931257516 0.00062255676499197474 0.002670578008128215 -0.0021492943445234726
leaf_weight=91.422533163800836 4131.333595411852 322.08107885718346 102.42263128608465 212.58172133564949 430.62913706898689 470.49361566081643 227.88650279864669 163.59527521021664 2988.8197926487774 104.63117926754057 231.0498794876039 588.16437438130379 100.50549742206931 542.49380849115551
leaf_count=1624 53392 1651 1259 2908 2150 6061 3137 2285 41042 1434 2990 7447 1455 7996
internal_value=0 0.000199956 6.55778e-05 -0.000426724 0.0017757 -0.000550687 -0.000389069 0.0018195 -0.00073978 0.000973017 0.00256174 -0.00102243 -0.00204808 -0.00131118
internal_weight=0 9973.69 9220.98 5089.64 752.71 4987.22 4774.64 634.089 4140.55 563.568 335.681 3576.98 734.422 642.999
internal_count=136831 125756 121955 68563 3801 67304 64396 8346 56050 7561 4424 48489 11075 9451
is_linear=0
shrinkage=0.0101079


Tree=82
num_leaves=15
num_cat=0
split_feature=22 30 2 11 18 0 11 12 14 23 12 22 14 3
split_gain=31.2627 23.9885 34.3387 36.0984 27.1328 25.1614 22.2538 24.4647 26.7251 31.6712 21.0724 17.6341 17.4034 33.9248
threshold=-1.0327818989753721 1.0000000180025095e-35 1.1976080536842348 0.098530530929565444 84.500000000000014 1.6096505522727969 0.062192270532250411 -0.0469093769788742 -8.0283079147338849 0.69335696101188671 -0.091280177235603319 0.75220671296119701 -7.5848801136016837 0.86540615558624279
decision_type=10 2 8 10 2 10 10 10 10 10 10 10 10 10
left_child=-1 5 6 4 10 12 -3 -8 -9 -10 -4 -12 13 -2
right_child=1 2 3 -5 -6 -7 7 8 9 -11 11 -13 -14 -15
leaf_value=-0.0022559607394766683 -0.0015495704905639689 0.00070886810479988175 0 0.0015448308312483044 0.0011729154406830082 0.0013881881594910563 0.006770913635667699 6.9436097279919543e-05 0.0081250109328322388 0.0016194963164065763 -0.0043314002498116471 0 6.2830959815144525e-05 0.0017032120549437691
leaf_weight=577.8734207674861 2305.0555192343891 1476.1168297212571 242.88177298568189 630.51914693787694 270.39677196927369 804.69621899351478 134.36286438815296 410.55520515702665 119.09281883388758 262.70585476607084 456.07727140188217 106.30005573667586 2572.5291969161481 363.86003595031798
leaf_count=8887 30440 18733 3188 7388 3375 9813 1679 5381 1333 3179 5816 1442 32036 4444
internal_value=0 0.000145629 0.000743364 -0.000333203 -0.00147457 -0.000254332 0.00152324 0.00276067 0.0019719 0.0038722 -0.00241605 -0.00347873 -0.000515868 -0.00108739
internal_weight=0 10155.1 4109.01 1706.18 1075.66 6046.14 2402.83 926.717 792.354 381.799 805.259 562.377 5241.44 2668.92
internal_count=137134 128247 51514 21209 13821 76733 30305 11572 9893 4512 10446 7258 66920 34884
is_linear=0
shrinkage=0.0101079


Tree=83
num_leaves=15
num_cat=0
split_feature=0 27 12 5 14 16 2 13 7 7 13 33 28 2
split_gain=36.3773 40.6773 21.6107 31.8374 27.9756 24.1868 19.3435 31.1236 17.9925 16.4375 22.4054 17.9554 26.662 18.9621
threshold=0.5904124677181245 -0.49049438536167139 0.0032663748133927588 0.99323478341102611 -7.0836362838745108 0.32633125782012945 1.9139180779457095 0.018823769874870781 3.3237661123275761 25.277836799621586 0.089353948831558241 0.9962500035762788 -0.22706275433301923 0.91262024641036998
decision_type=10 2 8 10 10 10 10 10 10 10 10 10 2 8
left_child=1 -1 4 -4 5 -3 9 -8 -5 10 11 13 -13 -2
right_child=6 2 3 8 -6 -7 7 -9 -10 -11 -12 12 -14 -15
leaf_value=-0.0057752204239581821 0.00083840911181016619 0.0010112368929512915 -0.0043298029242244719 -0.0019386631436122956 0.0036329231837323884 -0.0036282146548445413 -0.0021671661517933668 0.00062768262464989318 0.0030363551789257875 0.0036977316380139061 -0.0041317731424560722 0 0.0042977212291443693 -0.00021465403801901968
leaf_weight=190.51495507359505 3378.4499913174659 258.99966430291533 313.8391095250845 153.6343767568469 194.79608458094299 184.65486037172377 801.52406773157418 781.97760096378624 127.2059685215354 151.53242437541485 101.58829249441624 304.86027233302593 288.35201026499271 3512.0447534918785
leaf_count=2595 43958 3735 4518 2252 2485 2500 10831 8858 1758 1747 1236 1536 1429 47855
internal_value=0 -0.00148965 -0.000763449 -0.00215027 0.000475753 -0.000858728 0.000240836 -0.000765148 0.000195085 0.000452512 0.000378696 0.000449477 0.00213662 0.000296154
internal_weight=0 1423.65 1233.13 594.679 638.451 443.655 9320.33 1583.5 280.84 7736.83 7585.3 7483.71 593.212 6890.49
internal_count=137293 19843 17248 8528 8720 6235 117450 19689 4010 97761 96014 94778 2965 91813
is_linear=0
shrinkage=0.0101079


Tree=84
num_leaves=15
num_cat=0
split_feature=29 0 27 2 15 16 16 20 11 0 16 13 21 2
split_gain=36.2388 34.2828 53.5307 25.405 23.163 27.8437 23.1082 21.5306 19.8158 19.3061 17.4425 27.5984 17.3567 30.18
threshold=-0.60785761475563038 0.63093900680542003 1.0000000180025095e-35 4.2894840240478525 3.7359132766723637 0.77096164226531994 0.80105644464492809 -0.2550757080316543 0.10327789932489397 1.7050753235816958 0.6426483988761903 0.0017970562912523749 11.303832530975344 2.0033000707626347
decision_type=2 10 2 10 8 10 10 8 10 10 8 10 10 10
left_child=-1 2 6 9 -4 10 7 -2 -7 12 11 -6 13 -3
right_child=1 3 4 -5 5 8 -8 -9 -10 -11 -12 -13 -14 -15
leaf_value=0.004957398728675442 -0.0020384433234681373 0.00023696482815979128 0.0036874821677166567 -0.0031484838445290748 -0.0020437524179284707 0.0047607151893715761 0.00052478484735833208 -0.0061393286463425865 -0.00082521950027193117 0.0016990562338435329 -0.0040213470074956714 0.0028775607406791815 0.0022358134634079376 -0.0020106420755277095
leaf_weight=142.73962812311947 314.11899970658123 6573.8154065310955 150.79238977469504 213.07555729709566 356.07277537696064 141.76736553199589 109.40144925937057 303.9348192512989 92.516612349078059 913.71928636915982 197.9559832662344 160.48477712087333 376.16027273051441 664.63306449539959
leaf_count=1838 4363 83293 2058 2499 4888 2095 1753 4147 1185 11215 2426 2016 4527 8585
internal_value=0 -3.81773e-05 -0.00129765 0.00022134 7.76691e-05 -0.000478543 -0.00341084 -0.00417012 0.00243103 0.000313017 -0.00150426 -0.000417897 0.000139851 2.31005e-05
internal_weight=0 10568.4 1827.05 8741.4 1099.59 948.798 727.455 618.054 234.284 8528.33 714.514 516.558 7614.61 7238.45
internal_count=136888 135050 24931 110119 14668 12610 10263 8510 3280 107620 9330 6904 96405 91878
is_linear=0
shrinkage=0.0101079


Tree=85
num_leaves=15
num_cat=0
split_feature=22 29 28 27 13 27 14 13 18 17 20 30 13 12
split_gain=31.1609 24.8388 22.2891 35.2277 36.0322 35.0344 18.9452 21.0567 24.7649 16.9496 27.0997 16.6721 32.211 48.7896
threshold=-1.0327818989753721 -0.60785761475563038 -0.39271505177021021 -0.09801131114363669 -0.074059594422578798 -0.89194178581237782 -12.655672550201414 0.0064847627654671678 78.500000000000014 28.500000000000004 0.029252234846353534 0.81174489855766307 -0.010150737594813107 0.040118683129549033
decision_type=10 2 2 2 10 2 10 10 2 2 8 2 10 10
left_child=9 -2 -3 5 -5 6 -4 -8 -9 -1 -11 -6 -13 -14
right_child=1 2 3 4 11 -7 7 8 -10 10 -12 12 13 -15
leaf_value=0.00098441881017558822 0.0043238502466689923 0.0006218133288823811 -0.0021641368014396435 0.0038097393791442103 -0.00037271398668750394 -0.003078914601836397 0.002271123784889308 -0.0019674150268151115 0.002203371925265366 -0.00083279786371538906 -0.0059487461763295512 -0.0014150457756836692 0.0057536626517145891 -0.0014099554554113608
leaf_weight=110.04411245509982 135.06596613116562 4282.8645871821791 427.38609592802823 265.66542398370802 2584.4764533769339 767.16577465645969 367.6575971711427 477.85254338011146 193.73160499148071 272.95819365791976 195.81004768796265 228.56421798095107 260.00266008451581 136.28444565087557
leaf_count=1648 1662 53021 5802 3269 32880 10090 4849 5915 2545 4347 2928 3010 3192 1654
internal_value=0 0.000131838 6.78637e-05 -0.000340913 0.000286226 -0.00133224 -0.000379907 0.000325598 -0.000693405 -0.0022646 -0.00311587 -1.20521e-06 0.00145733 0.00320972
internal_weight=0 10126.7 9991.65 5708.79 3474.99 2233.79 1466.63 1039.24 671.584 578.812 468.768 3209.33 624.851 396.287
internal_count=136812 127889 126227 73206 44005 29201 19111 13309 8460 8923 7275 40736 7856 4846
is_linear=0
shrinkage=0.0101079


Tree=86
num_leaves=15
num_cat=0
split_feature=23 33 30 28 2 3 28 7 29 0 27 3 2 21
split_gain=32.8523 32.3316 25.5912 22.8559 43.532 22.3538 34.2662 24.0644 21.7083 22.0263 24.3493 25.8324 20.7022 18.6463
threshold=0.41740792989730841 0.9962500035762788 1.0000000180025095e-35 -0.35222910344600672 0.54125031828880321 0.22681293636560443 0.33172981441020971 5.5184535980224618 -0.60785761475563038 0.72714665532112133 -0.032717135734856122 0.60122627019882213 0.89213645458221447 5.6206281185150155
decision_type=10 10 2 2 8 10 2 10 2 10 2 10 8 10
left_child=12 3 -3 -2 5 -5 -7 -8 -6 10 -10 13 -1 -12
right_child=1 2 -4 4 8 6 7 -9 9 -11 11 -13 -14 -15
leaf_value=-0.00081204289984572974 0.00047310907351819049 0.00040541215146034173 0.0044224408545590118 -0.0011257484631765928 0.0031105100047037326 -0.00056723749145403291 0.0025159667701570216 0.0084797084279963474 -0.0034275673266698377 -0.00043670891872939633 -0.0023034810251566706 0.0024972817871211899 -0.0058675008176995889 0.0012008000024792743
leaf_weight=235.69603120349348 4134.8450317550451 416.06473384797573 289.53206965327263 209.4710472561419 121.30451994389296 214.49902184680104 310.49869783036411 103.28540497086942 679.1039656214416 2722.8884019739926 767.6221898086369 173.48462075926363 146.0901500377804 172.30673304758966
leaf_count=3491 53499 2105 1433 2735 1620 2601 4070 1411 9612 36938 10312 2343 2125 2399
internal_value=0 6.14895e-05 0.00214021 -8.85143e-05 -0.000520162 0.00157331 0.00253958 0.00422731 -0.000909092 -0.0010311 -0.00190581 -0.000924508 -0.00292759 -0.00161384
internal_weight=0 10314.9 705.597 9609.31 5474.46 837.754 628.283 413.784 4636.71 4515.41 1792.52 1113.41 381.786 939.929
internal_count=136694 131078 3538 127540 74041 10817 8082 5481 63224 61604 24666 15054 5616 12711
is_linear=0
shrinkage=0.0101079


Tree=87
num_leaves=15
num_cat=0
split_feature=23 2 21 30 4 23 2 28 30 7 3 2 15 10
split_gain=32.1504 20.2372 28.2004 33.9603 32.4885 21.7227 19.7865 37.334 26.9517 31.7657 30.2473 26.0591 25.2713 29.686
threshold=0.40865308046340948 1.6612205505371096 -7.3500659465789786 -0.56174489110708226 -2.4100266695022579 1.1038522124290469 0.93441268801689159 0.41268247365951544 1.0000000180025095e-35 6.3130772113800058 0.21224471181631091 0.60361647605896007 7.3330726623535165 0.036629913374781616
decision_type=10 8 10 2 10 10 10 2 2 10 10 10 10 10
left_child=-1 2 3 -2 -5 6 8 -8 10 -10 -4 -11 13 -12
right_child=1 -3 5 4 -6 -7 7 -9 9 11 12 -13 -14 -15
leaf_value=-0.0029759389999368573 -0.0012864382684205534 -0.00072508974257294947 -0.0037062547100446693 -0.00010835309448339748 0.0051563720172954916 0.0011601048469950343 6.2204828631109166e-05 -0.0027660899362145683 0.00041518197787103695 0.0073796571128027285 -0.0039106952097535379 0.0015713245260224394 0.000930003141371706 4.0788817781858971e-05
leaf_weight=349.6241487339139 183.0671079531312 2283.1684462055564 238.73187868483365 152.46581753715873 374.34486142359674 1695.8830856643617 1284.1241966895759 726.36546464636922 987.66776788420975 137.59622146561742 287.67732971347868 238.73516285605729 1262.8178700935096 509.96962020173669
leaf_count=5080 2847 30057 3065 1804 4556 21993 15622 9455 12712 1656 3722 3006 14849 6636
internal_value=0 0.000107952 0.000348831 0.0022661 0.00357713 0.000156506 -0.000137501 -0.000946153 0.000296328 0.00142392 -0.000357557 0.00390495 2.30978e-05 -0.00135761
internal_weight=0 10362.6 8079.45 709.878 526.811 7369.57 5673.69 2010.49 3663.2 1364 2299.2 376.331 2060.46 797.647
internal_count=137060 131980 101923 9207 6360 92716 70723 25077 45646 17374 28272 4662 25207 10358
is_linear=0
shrinkage=0.0101079


Tree=88
num_leaves=15
num_cat=0
split_feature=0 11 33 28 2 3 28 30 7 2 0 22 21 3
split_gain=32.5121 26.8561 24.8748 27.0093 36.2601 26.9649 26.0474 25.1226 23.5349 18.497 17.5305 15.9478 14.2079 18.3329
threshold=0.46333692967891699 0.08870768174529077 0.9962500035762788 -0.3317298144102096 0.54125031828880321 0.22681293636560443 0.33172981441020971 -0.56174489110708226 5.3856530189514169 0.7630489468574525 0.68492206931114208 -0.61428943276405323 6.5054380893707284 0.70437052845954906
decision_type=10 10 10 2 8 10 2 2 10 8 10 10 10 10
left_child=1 9 3 10 5 -5 -7 -4 -8 -1 -2 12 -6 -14
right_child=2 -3 7 4 11 6 8 -9 -10 -11 -12 -13 13 -15
leaf_value=-0.0013297835576639246 0.0039322005561307346 0.001835927883758879 -0.00051432884436435934 -0.0017153525075075564 -0.0021588618224095612 -0.00028122630916405539 0.0022343175347821348 0.003214228403825398 0.008070362185238527 -0.0065950513208868928 0.00044003818823788851 -0.00041053394235464991 0.0023139304456785345 -0.0030193984312722843
leaf_weight=164.48906886577606 149.01530638895929 85.425486158579588 262.60425598919392 189.26985976099968 1256.6674286145717 203.45732164569199 306.6745627913624 493.58786477148533 105.36417956277728 157.74216694571078 4092.9400419332087 2995.7236215621233 174.02545348741114 93.367516944184899
leaf_count=2485 1400 1297 1337 2571 18186 2495 4011 2461 1441 2425 53289 39937 2369 1294
internal_value=0 -0.002766 0.000118287 -1.76623e-05 -0.000500823 0.00144826 0.00249519 0.00187418 0.00394281 -0.00412303 0.000579086 -0.000858667 -0.00170665 0.000272288
internal_weight=0 407.657 10322.7 9566.51 5324.55 804.766 615.496 756.192 412.039 322.231 4241.96 4519.78 1524.06 267.393
internal_count=136998 6207 130791 126993 72304 10518 7947 3798 5452 4910 54689 61786 21849 3663
is_linear=0
shrinkage=0.0101079


Tree=89
num_leaves=15
num_cat=0
split_feature=0 11 29 2 14 3 14 6 30 3 12 2 14 29
split_gain=32.6868 28.151 23.3386 18.3906 21.3408 27.7775 27.4372 31.531 31.6073 28.3575 27.0392 25.5331 24.4675 27.1759
threshold=0.46333692967891699 0.08870768174529077 -0.60785761475563038 4.2894840240478525 -6.3095524311065665 0.83718866109848034 -15.567420482635496 -11.152259826660154 -0.56174489110708226 0.21224471181631091 -0.037692230194807046 0.46062102913856512 -13.631069660186766 -1.0000000180025095e-35
decision_type=10 10 2 8 10 10 10 10 2 10 10 10 10 2
left_child=1 -1 -2 4 5 6 7 -4 -9 -8 -10 -11 -7 -14
right_child=2 -3 3 -5 -6 12 9 8 10 11 -12 -13 13 -15
leaf_value=-0.0041792248361438751 0.0041019635534182532 0.0019304550639648332 -0.0027804250631035788 -0.0025371100785886265 0.00072861460185173386 -0.00061556048389815301 -0.0061142958009369327 -0.00092942110717603036 0.0038446398025357262 0.0024660046677506516 0.00025565635872880284 -0.001071864786609394 0.0067003505977516363 0.001304394832333914
leaf_weight=321.457151575014 139.97190433554351 85.465083889663219 233.17546761408448 264.96712261624634 3716.9713057670742 363.03018882125616 103.38046016171575 461.63515257462859 493.57292436249554 208.9426066800952 422.02935878746212 3323.4136597644538 127.60015217214823 448.71141984499991
leaf_count=4922 1749 1287 3113 4692 45703 4659 1140 6785 5845 2795 5136 42031 1523 5609
internal_value=0 -0.00278641 0.000108272 4.62762e-05 0.000121389 -0.000237413 -0.000529907 0.000550421 0.00115581 -0.00101969 0.00225002 -0.00084629 0.00134449 0.00264042
internal_weight=0 406.922 10307.4 10167.4 9902.46 6185.49 5246.15 1610.41 1377.24 3635.74 915.602 3532.36 939.342 576.312
internal_count=136989 6209 130780 129031 124339 78636 66845 20879 17766 45966 10981 44826 11791 7132
is_linear=0
shrinkage=0.0101079


Tree=90
num_leaves=15
num_cat=0
split_feature=0 33 28 2 3 6 13 29 29 3 12 3 14 15
split_gain=29.284 25.2784 28.9081 36.3377 30.2542 27.586 24.0381 21.3261 20.3266 16.3227 23.7521 32.5397 31.5508 20.2636
threshold=0.44835413992404943 0.9962500035762788 -0.24825246632099149 0.54125031828880321 0.22681293636560443 -2.9924108982086177 0.018309410661458973 0.87837970256805431 -0.60785761475563038 0.34301775693893438 -0.0019691997440531846 0.27333727478981024 -18.240936279296871 18.661469459533695
decision_type=10 10 2 8 10 8 10 2 2 10 10 10 10 10
left_child=-1 2 -2 4 -4 -3 7 -6 -5 10 12 -12 -10 -11
right_child=1 5 3 8 6 -7 -8 -9 9 13 11 -13 -14 -15
leaf_value=-0.0029418420308618635 0.00051563360804142866 0.0044992276929530246 -0.001976860367869216 0.0028877275709484206 -0.00035679264806854786 0.00034726456065915686 0.0056187691462926109 0.0043426079318273697 0.0026251991419146683 -0.001672642750234876 -0.0016098040262347798 0.0044676968861347248 -0.0042145897063905705 0.00043620604269459202
leaf_weight=332.65458665788174 4546.5644202511758 256.69342176616192 189.93937560915947 123.08219739235938 295.33353330567479 496.86407841742039 176.09126529097557 130.97219959460199 93.844484783709049 3045.8266303800046 130.18388428539038 222.77308476343751 183.77096843719482 511.78476950153708
leaf_count=5110 58654 1252 2587 1633 3727 2531 2378 1682 1273 42418 1778 2839 2562 6638
internal_value=0 7.04728e-05 -6.53087e-05 -0.000590764 0.00136885 0.00184573 0.0025017 0.00104464 -0.000962068 -0.0010899 0.000355272 0.00212715 -0.00175213 -0.00135763
internal_weight=0 10403.7 9650.17 5103.6 792.336 753.558 602.397 426.306 4311.27 4188.18 630.572 352.957 277.615 3557.61
internal_count=137062 131952 128169 69515 10374 3783 7787 5409 59141 57508 8452 4617 3835 49056
is_linear=0
shrinkage=0.0101079


Tree=91
num_leaves=15
num_cat=0
split_feature=23 33 0 27 16 13 12 2 12 0 20 23 2 2
split_gain=34.5624 34.9375 25.1447 30.1513 24.5663 30.4783 19.907 18.7537 18.3981 16.6905 16.4241 15.7005 20.0816 16.2281
threshold=0.40865308046340948 0.9962500035762788 0.64801299571990978 -0.50938662886619557 0.15229742974042895 -0.030414705164730545 -0.0019691997440531846 0.43911409378051763 -0.032223554328083985 0.82783827185630809 1.4168418049812319 1.0919651389122011 4.2894840240478525 0.93441268801689159
decision_type=10 10 10 2 10 10 8 8 8 10 10 10 8 10
left_child=6 2 3 -2 -5 10 -1 9 -3 -4 -6 13 -13 -9
right_child=1 8 7 4 5 -7 -8 11 -10 -11 -12 12 -14 -15
leaf_value=-0.00017636154041964736 -0.0041563235648570916 0.0044294549531131754 0.0042185268541520132 0.00316990840898137 -0.0061456702204678009 -0.00016741156051040069 -0.0052723896580924067 0.00033879194160295524 0.00091549030327370002 0 -0.00029785778099545944 0.00087200228790450035 -0.0027509734214573875 -0.00084645124735997855
leaf_weight=161.24213722534478 279.51720221154392 258.56832836568356 211.10551653429866 152.44174735434353 151.62062829732895 1005.5047795288265 186.25816668011248 2235.2441988084465 461.9615592956543 146.17671698890626 94.219203712418675 2842.0040538720787 153.40483912453055 2416.1890761218965
leaf_count=2216 3822 1261 2408 2211 2127 13499 2884 30222 2342 1721 1272 37260 2199 31819
internal_value=0 0.000129358 -2.69929e-05 -0.00115068 -0.000504275 -0.00100054 -0.00307645 0.00020514 0.00226534 0.00244833 -0.0041407 9.27044e-05 0.000666452 -0.000268569
internal_weight=0 10408 9687.43 1683.3 1403.79 1251.34 347.5 8004.12 720.53 357.282 245.84 7646.84 2995.41 4651.43
internal_count=137263 132163 128560 22931 19109 16898 5100 105629 3603 4129 3399 101500 39459 62041
is_linear=0
shrinkage=0.0101079


Tree=92
num_leaves=15
num_cat=0
split_feature=0 2 33 0 1 2 21 27 29 2 22 17 14 2
split_gain=29.5533 21.6748 21.0701 21.6647 18.2307 24.1981 26.8231 21.0003 18.5846 18.1473 15.8521 15.8184 15.6006 21.2451
threshold=0.46333692967891699 0.73119047284126293 0.9962500035762788 0.88977506756782543 1.1342373490333559 1.1815446615219118 9.8674879074096697 0.94331136345863353 1.0000000180025095e-35 3.8588232994079594 -0.74566960334777821 46.500000000000007 -5.8203554153442374 0.86208581924438488
decision_type=10 8 10 10 10 8 10 2 2 10 10 2 10 10
left_child=1 -1 4 -4 5 7 10 8 12 -8 -7 -9 -2 -14
right_child=2 -3 3 -5 -6 6 9 11 -10 -11 -12 -13 13 -15
leaf_value=-6.8270089316820469e-05 0.00053513977717970472 -0.0049333454080141932 0.0033016119770671055 -2.1031469441988499e-05 0.00061027125963470361 -0.0034868497378341716 0.0024438628961498017 -0.0030888955916145333 -0.0001460670548764647 -0.002206902043981461 -0.0011423318931827993 0 0.0044125231654803497 0
leaf_weight=198.06360152177513 946.62802898138762 205.72634823061526 395.03995604813099 351.8953649699688 2894.6170902121812 390.09422094188631 305.32934402488172 322.7873120252043 2129.4607746396214 103.03708690218627 1678.645908953622 349.71477665379643 300.78697308152914 153.09735920839012
leaf_count=2945 12776 3215 1986 1757 37796 5713 4086 4233 27860 1208 22790 4678 3829 2059
internal_value=0 -0.00269094 7.02985e-05 0.0016982 -5.37281e-05 -0.000347898 -0.00114016 0.000110694 0.000432154 0.00115409 -0.00161513 -0.00150303 0.00133612 0.00288243
internal_weight=0 403.79 10321.1 746.935 9574.2 6679.58 2477.11 4202.48 3529.97 408.366 2068.74 672.502 1400.51 453.884
internal_count=136931 6160 130771 3743 127028 89232 33797 55435 46524 5294 28503 8911 18664 5888
is_linear=0
shrinkage=0.0101079


Tree=93
num_leaves=15
num_cat=0
split_feature=0 27 16 15 2 30 28 18 30 23 18 11 0 27
split_gain=29.6327 32.7604 22.0954 28.3124 19.6791 27.0821 25.6903 28.435 24.0868 22.1557 19.2798 18.9574 18.3449 18.0294
threshold=0.57845059037208568 -0.49049438536167139 0.76713833212852489 4.2300677299499521 1.2225135564804079 0.81174489855766307 0.41268247365951544 80.500000000000014 0.81174489855766307 1.0255721807479861 88.500000000000014 0.16921292990446093 0.96738365292549144 0.054511256515979774
decision_type=10 2 10 8 8 2 2 2 2 10 2 10 10 2
left_child=1 -1 3 13 5 -2 7 8 9 -6 -5 -8 -7 -3
right_child=4 2 -4 10 6 12 11 -9 -10 -11 -12 -13 -14 -15
leaf_value=-0.0055441801309330206 0.00025187930324854828 -0.0010435328392469972 0.0019254108294718283 -0.0036013266830966931 -0.0016979688561890301 0.002970461393912134 -0.0023501625511955638 0.001982704646359453 -0.0024423875816363062 0.00083566336785256682 0 0.0018328547729755881 0 0.0045848641102081335
leaf_weight=165.80043668299913 4610.3501918874681 100.22314156964421 231.95054824650288 474.62075278162956 477.005999032408 712.40245586819947 818.59987176954746 647.06316378340125 463.69907196611166 1266.0012496877462 209.06771457567811 111.00323711521924 325.33639421314001 102.28352007456124
leaf_count=2291 57525 1555 3435 6700 6444 8895 10647 8046 5801 16012 2681 1209 4251 1401
internal_value=0 -0.00141683 -0.000735409 -0.00148765 0.000215223 0.00059542 -0.000341735 0.000121557 -0.000410843 0.000114775 -0.00248958 -0.0017966 0.00206994 0.00166985
internal_weight=0 1283.95 1118.15 886.195 9431.46 5648.09 3783.37 2853.77 2206.71 1743.01 683.688 929.603 1037.74 202.507
internal_count=136893 18063 15772 12337 118830 70671 48159 36303 28257 22456 9381 11856 13146 2956
is_linear=0
shrinkage=0.0101079


Tree=94
num_leaves=15
num_cat=0
split_feature=29 23 12 12 2 23 30 3 16 2 12 27 31 2
split_gain=27.0734 27.2463 21.1408 20.7109 18.9737 17.3037 27.627 30.8864 23.3237 26.3587 38.275 21.3573 15.6391 19.2938
threshold=-0.60785761475563038 0.44278845191001898 0.0032663748133927588 -0.0299463327974081 4.2894840240478525 1.1352310180664065 0.81174489855766307 0.86540615558624279 0.75138700008392345 1.2689717411994936 -0.0469093769788742 0.076279435306787505 1.0000000180025095e-35 0.7718712091445924
decision_type=2 10 8 10 10 10 2 10 10 8 10 2 2 10
left_child=-1 2 3 -2 5 6 -3 8 9 10 -8 -10 13 -12
right_child=1 4 -4 -5 -6 -7 7 -9 11 -11 12 -13 -14 -15
leaf_value=0.0042540073352701196 -0.0033320197659867205 -0.0004588193716406273 -0.0045402101703768084 0.0023966539807767193 -0.0027992224429290663 0.00081480915699890292 0.0062561535503153059 -0.0040234955108458146 0 -0.0015997143610750639 0.0036111789389369673 0.0061437434703269815 -0.0013038993627881022 -0.00052818422433532333
leaf_weight=143.83125723898411 112.1100614182651 5619.2046346776187 231.58307564817369 129.89082687534392 223.0314377527684 2730.3598264716566 151.60600098967552 101.32109918259084 94.448317488655448 314.36382732912898 250.5418700966984 177.44534775614738 241.09427103027701 177.4952210560441
leaf_count=1823 1656 71124 3592 1855 2605 34990 1957 1415 1257 3650 3399 2453 2789 2207
internal_value=0 -4.93426e-05 -0.00240116 -0.00011573 5.88604e-05 0.000129744 -0.0001276 0.00107573 0.0014913 0.000796632 0.00176967 0.00414555 0.000634225 0.00182256
internal_weight=0 10554.5 473.584 242.001 10080.9 9857.88 7127.52 1508.32 1406.99 1135.1 820.737 271.894 669.131 428.037
internal_count=136772 134949 7103 3511 127846 125241 90251 19127 17712 14002 10352 3710 8395 5606
is_linear=0
shrinkage=0.0101079


Tree=95
num_leaves=15
num_cat=0
split_feature=22 29 28 27 13 27 7 23 3 2 20 15 0 14
split_gain=24.5128 20.8407 18.1699 34.4413 30.1955 28.838 22.47 36.8485 22.2817 20.5136 19.0922 32.0865 27.8162 22.771
threshold=-1.0327818989753721 -0.60785761475563038 -0.24825246632099149 -0.09801131114363669 -0.074059594422578798 -0.90159028768539418 9.1031589508056658 0.77035611867904674 0.20865205675363543 0.52029353380203258 -3.1232161521911617 6.2588369846344003 0.83109146356582653 -9.9804773330688459
decision_type=10 2 2 2 10 2 10 10 10 8 10 10 10 10
left_child=-1 -2 6 5 -5 -4 -3 -8 -6 -10 12 13 -11 -12
right_child=1 2 3 4 8 -7 7 -9 9 10 11 -13 -14 -15
leaf_value=-0.0020120194444558028 0.0039102389233421917 0.00010047184105428436 -0.00033994883042828058 0.0035946609289988474 -0.0033090635657708188 -0.0028776514781122197 0.0062672297045946396 0.00095884001188339951 0.0019518298989734363 0.005447674849819153 -0.004187854801680429 0.00014517087669489528 -0.000810197356964302 0.00056649701866761239
leaf_weight=575.6245138309896 138.6985755097121 3655.1584763545543 1151.4987967126071 250.83655369468033 187.55680250935256 804.11646558903158 152.92527547478676 1039.9095400366932 556.18771230615675 133.07661366462708 342.84686377458274 1479.7783134486526 126.9554872661829 123.47410581074655
leaf_count=8940 1694 45733 15116 3073 2506 10619 1461 12791 6747 1952 4532 18351 1693 1707
internal_value=0 0.000118813 5.92632e-05 -0.000353574 0.000281807 -0.00141117 0.000506563 0.00170865 0 0.000224162 -0.000198334 -0.000561264 0.00230511 -0.00285468
internal_weight=0 10143 10004.3 5156.33 3200.71 1955.62 4847.99 1192.83 2949.88 2762.32 2206.13 1946.1 260.032 466.321
internal_count=136915 127975 126281 66296 40561 25735 59985 14252 37488 34982 28235 24590 3645 6239
is_linear=0
shrinkage=0.0101079


Tree=96
num_leaves=15
num_cat=0
split_feature=33 0 16 16 21 27 27 13 30 13 13 20 21 1
split_gain=30.233 31.2068 30.9255 28.515 23.405 22.8524 21.2718 20.6297 20.566 18.1266 16.7747 23.2877 22.3322 13.2014
threshold=0.9962500035762788 0.64801299571990978 0.78222170472145092 0.16810092329978946 10.551601409912111 0.076279435306787505 -0.50938662886619557 0.040555527433753021 -0.56174489110708226 0.10916372761130334 -0.030939107760787007 1.3100543618202212 -1.2653654813766477 1.0828822255134585
decision_type=10 10 10 8 10 2 2 10 2 10 10 10 10 10
left_child=1 2 3 5 7 -1 -5 -4 -2 13 11 -8 -12 -3
right_child=8 9 4 6 -6 -7 10 -9 -10 -11 12 -13 -14 -15
leaf_value=-0.0015585319877354966 -0.00020394640351171548 -0.00027894643163343372 -0.00036173273557501526 -0.0056761117263214927 -0.0028257577497654749 0.0042146505317126777 -0.0064827419728953426 0.004838159499648856 0.0031222014411911975 0.0035849821702609659 0.001875997849552566 -0.00013316477793742033 -0.002011971935857085 0.00056852745077575926
leaf_weight=137.97982598282397 267.98026178777218 4835.2326232064515 111.56875249370933 196.39567228406668 93.605055814608932 118.96500560082495 163.13412513956428 173.31902346760035 497.80670095980167 143.62627398967743 177.97022282890975 111.22542196512222 664.42229204066098 3045.9647854529321
leaf_count=2025 1366 64546 1860 2717 1324 1691 2510 2534 2486 1577 2636 1571 8727 39689
internal_value=0 -0.000158861 -0.00130533 -0.00193905 0.00120501 0.00100585 -0.00254843 0.00270701 0.00191536 0.000115458 -0.00192757 -0.00412551 -0.00113346 4.3689e-05
internal_weight=0 9973.41 1948.59 1570.09 378.493 256.945 1313.15 284.888 765.787 8024.82 1116.75 274.36 842.393 7881.2
internal_count=137259 133407 27595 21877 5718 3716 18161 4394 3852 105812 15444 4081 11363 104235
is_linear=0
shrinkage=0.0101079


Tree=97
num_leaves=15
num_cat=0
split_feature=23 33 30 28 2 23 21 14 2 21 16 11 22 15
split_gain=31.7102 33.9906 32.6737 24.9584 42.8695 19.0814 18.7106 23.1428 18.0507 17.5409 28.2803 32.8164 18.1881 16.8456
threshold=0.40865308046340948 1.497500002384186 -0.56174489110708226 -0.3317298144102096 0.54125031828880321 0.69335696101188671 8.6400213241577166 -29.344094276428219 0.93441268801689159 -10.577084064483641 0.16431635618209842 0.080941960215568556 -1.2374708652496336 15.29536819458008
decision_type=10 8 2 2 8 10 10 10 8 10 10 10 10 10
left_child=8 2 -2 5 13 -3 7 -6 -1 -9 11 -11 -12 -5
right_child=1 3 -4 4 6 -7 -8 9 -10 10 12 -13 -14 -15
leaf_value=-0.00098204862410178752 -0.00047081077746231382 0.0040322091149389196 0.0037931408383640539 0.0022468361471833266 0.0035195637425503999 0.00037831153690401858 0.00055279024006765342 -0.0040522225625579198 -0.0060902603526338233 -0.00076146636725829791 -0.0054702835300532776 0.0046490930617776689 -0.0012963518284835618 -0.001335519666142284
leaf_weight=220.96532090567052 271.8164337426424 147.35545075312257 466.69271638989449 689.77270358428359 92.552120819687843 4069.8640744071454 721.51672622561455 228.86491278000176 120.64609125256538 299.70364046283066 111.32828284986317 167.71641087345779 2983.4289434961975 145.55988026596606
leaf_count=3267 1380 1503 2304 8840 1228 53091 9120 3364 1754 4438 1700 2508 40604 2029
internal_value=0 0.000100712 0.00218071 -5.57488e-05 -0.000511618 0.000522623 -0.000899616 -0.00118041 -0.00299574 -0.00131266 -0.00111701 0.00113817 -0.00147264 0.00156811
internal_weight=0 10396.2 738.509 9657.66 5440.44 4217.22 4605.11 3883.59 341.611 3791.04 3562.18 467.42 3094.76 835.333
internal_count=137130 132109 3684 128425 73831 54594 62962 53842 5021 52614 49250 6946 42304 10869
is_linear=0
shrinkage=0.0101079


Tree=98
num_leaves=15
num_cat=0
split_feature=23 33 30 23 27 29 11 13 30 3 12 0 21 7
split_gain=28.6972 25.4813 30.8062 23.9141 44.243 28.7751 35.7869 33.7667 25.7459 22.6361 20.0767 19.7968 16.9592 26.0355
threshold=0.40865308046340948 1.497500002384186 -0.56174489110708226 1.0865490436553957 -0.50938662886619557 -1.0000000180025095e-35 0.055439274758100517 0.028459968976676468 0.81174489855766307 0.40235425531864172 -0.086089253425598131 0.64467146992683422 1.1881414055824282 14.204738140106203
decision_type=10 8 2 10 2 2 10 10 2 10 10 10 10 10
left_child=-1 2 -2 4 5 6 -3 11 10 12 -6 -7 -10 -14
right_child=1 3 -4 -5 8 7 -8 -9 9 -11 -12 -13 13 -15
leaf_value=-0.0028385520028201502 -0.00065840789026305063 0.0050671236649453347 0.0034933400615745677 0.00070187828087845924 0.0027702598282414019 -0.0071642471212208713 -0.0023132459659103992 4.1767265125247435e-05 0.0010700044464320448 0 -0.00049700349730719649 -0.0028731261612033035 0.0081494330023409983 0.00088514619636776413
leaf_weight=343.9786922968924 272.27952340245247 111.49540273472667 460.69493202865124 3026.3258151486516 191.31870953179896 164.42299718223512 139.7176942192018 278.71938595734537 296.56022467836738 584.76918955519795 4051.1042958013713 582.41326975077391 119.12361923605204 110.41529783606529
leaf_count=5054 1383 1740 2271 39989 2780 2227 2017 3934 3646 7935 52134 8978 1486 1238
internal_value=0 9.75282e-05 0.00190551 -3.69136e-05 -0.00038066 -0.0020657 0.000858736 -0.0028223 1.60392e-05 0.00138761 -0.000335422 -0.00393445 0.00289277 0.00496678
internal_weight=0 10389.4 732.974 9656.39 6630.06 1276.77 251.213 1025.56 5353.29 1110.87 4242.42 746.836 526.099 229.539
internal_count=136812 131758 3654 128104 88115 18896 3757 15139 69219 14305 54914 11205 6370 2724
is_linear=0
shrinkage=0.0101079


Tree=99
num_leaves=15
num_cat=0
split_feature=0 27 17 28 15 2 2 7 33 28 2 28 18 28
split_gain=24.953 36.0195 19.5866 27.0311 19.3193 18.6897 18.09 20.9632 16.7156 21.1775 19.3353 28.2236 19.175 19.5818
threshold=0.57845059037208568 -0.50938662886619557 9.5000000000000018 0.96298784017562877 4.1658561229705819 0.57173103094100963 4.2894840240478525 28.192222595214847 0.9962500035762788 -0.010907442308962435 1.1976080536842348 0.41268247365951544 80.500000000000014 -0.84915164113044728
decision_type=10 2 2 2 8 8 10 10 10 2 8 2 2 2
left_child=1 -1 -3 4 -4 -5 7 8 10 -10 -2 12 -12 -14
right_child=6 2 3 5 -6 -7 -8 -9 9 -11 11 -13 13 -15
leaf_value=-0.0057098087297394844 0.00054049459120662519 0.0032311915659946071 0.0043489365891041919 0.00031064006721045145 -0.00040222337990559423 -0.0040264625218619085 -0.0025214902782116776 0.0041732787652113352 0.0001124260057147295 0.0037941533849940754 -0.00040051386437517372 -0.0021362690739566313 -0.0012456410129949415 0.0028203642509620672
leaf_weight=154.93287133425474 5043.9973095934838 112.98200572282076 97.738777443766594 118.36737072095275 457.7988318670541 340.67094972915947 221.47173126041889 137.17035694420338 388.35290029644966 295.78508965671062 2014.3927167598158 769.48640715144575 147.79166279546916 419.78471586667001
leaf_count=2160 66478 1520 1375 1698 6344 5002 2589 1576 1942 1460 26936 10629 1891 5423
internal_value=0 -0.00123262 -0.000547502 -0.0010289 0.000409374 -0.00283453 0.000264096 0.000337453 0.00027159 0.00178705 0.000141765 -0.000446137 4.67343e-05 0.00168873
internal_weight=0 1282.49 1127.56 1014.58 555.538 459.038 9438.23 9216.76 9079.59 684.138 8395.45 3351.46 2581.97 567.576
internal_count=137023 18099 15939 14419 7719 6700 118924 116335 114759 3402 111357 44879 34250 7314
is_linear=0
shrinkage=0.0101079


Tree=100
num_leaves=15
num_cat=0
split_feature=23 33 23 3 30 2 13 30 21 7 3 14 14 2
split_gain=30.9581 31.6597 22.5927 31.7236 20.9503 20.0159 19.7376 18.3952 37.8656 34.9452 26.4724 47.2059 20.6261 20.3083
threshold=0.40865308046340948 0.9962500035762788 1.0919651389122011 0.44403728842735296 1.0000000180025095e-35 0.90233540534973156 -0.049050390720367425 0.81174489855766307 1.0679147839546206 13.256410598754885 0.21224471181631091 -15.422095775604246 -19.857032775878903 1.1815446615219118
decision_type=10 10 10 10 2 8 10 2 10 10 10 10 10 8
left_child=5 2 3 7 -3 -1 -5 10 12 -10 11 -2 -9 -12
right_child=1 4 -4 6 -6 -7 -8 8 9 -11 13 -13 -14 -15
leaf_value=-0.00076331297892921995 0.0020818283530732182 0.00059516774411281083 0.00069932226096796832 -0.0034771644464223601 0.0042473302112245878 -0.0059914647999529903 -0.00075933428821280981 0.0034374135729926957 0.0079136649203545642 0.00053943047592808918 0.00071420892113374602 -0.0055407637650208789 -0.0015875511513783679 -0.0026860216560661101
leaf_weight=218.9478011187166 119.56111682206392 421.99534876644611 2999.9982679281384 304.82044949568808 290.52680703997612 129.4015290774405 3243.7785159703344 107.33096872456372 147.56798144988716 137.94050540961325 1919.1384379025549 209.45780819840729 290.97417933493853 187.04138051345944
leaf_count=3237 1614 2124 39561 4305 1422 1898 44815 1282 1851 1574 24086 2741 3647 2854
internal_value=0 0.000124574 -2.3569e-05 -0.000355318 0.00216978 -0.002906 -0.00101114 0.000378527 0.00183435 0.00459584 -1.81484e-05 -0.00266612 -9.45414e-05 0.000384481
internal_weight=0 10380.1 9667.61 6667.61 712.522 348.349 3548.6 3119.01 683.814 285.508 2435.2 329.019 398.305 2106.18
internal_count=137011 131876 128330 88769 3546 5135 49120 39649 8354 3425 31295 4355 4929 26940
is_linear=0
shrinkage=0.0101079


Tree=101
num_leaves=15
num_cat=0
split_feature=29 0 27 15 16 2 21 2 2 21 30 14 6 3
split_gain=27.5388 30.7157 40.3688 30.9457 27.1821 22.4028 22.2865 29.4366 23.2856 18.5235 26.6185 26.0172 22.0581 21.8832
threshold=-0.60785761475563038 0.5904124677181245 0.054511256515979774 3.7359132766723637 0.76713833212852489 4.2894840240478525 9.8674879074096697 1.9139180779457095 3.3638665676116948 -4.9467766284942618 -0.56174489110708226 -9.8315258026123029 -11.152259826660154 0.87469190359115612
decision_type=2 10 2 8 10 10 10 8 10 10 2 10 10 10
left_child=-1 2 -2 -4 -5 6 7 9 -9 10 -3 13 -12 -11
right_child=1 5 3 4 -6 -7 -8 8 -10 11 12 -13 -14 -15
leaf_value=0.0042991394804468034 -0.0032707915436490623 -0.00065158506403915515 0.005271140531123957 -0.0019099959702747085 0.0027460568947253192 -0.0029801506335195198 0.0019039497074133688 -0.0021251666609806001 0.0027433936479724593 -0.0013647552954259661 -0.0017135609651035629 0.00048662825800458993 0.0028979429215065769 0.0028876525146088834
leaf_weight=144.19363826885819 645.68610803410411 419.82439925335348 97.087317053228617 474.6026876475662 162.50198164582253 215.18328363075852 760.57021678425372 857.16477974317968 100.09702119417489 1506.5779241248965 104.57881461642683 4294.9736018702388 834.59412286989391 122.12238072790205
leaf_count=1821 9362 5991 1316 6409 2243 2530 9080 12338 1360 19062 1151 52578 10458 1441
internal_value=0 -3.49042e-05 -0.00144017 0.000132274 -0.000641145 0.000172135 0.000254456 9.56715e-05 -0.00155644 0.000319788 0.00138218 6.77642e-05 0.00233199 -0.00100917
internal_weight=0 10595.6 1379.88 734.192 637.105 9215.69 9000.5 8239.93 957.262 7282.67 1359 5923.67 939.173 1628.7
internal_count=137140 135319 19330 9968 8652 115989 113459 104379 13698 90681 17600 73081 11609 20503
is_linear=0
shrinkage=0.0101079


Tree=102
num_leaves=15
num_cat=0
split_feature=29 23 0 12 14 3 15 14 27 12 30 3 14 23
split_gain=33.0202 31.1228 19.4654 18.4892 17.9072 35.359 29.6835 29.9332 34.8549 36.87 28.7111 25.3046 26.0674 22.0189
threshold=-0.60785761475563038 0.40865308046340948 2.0858482122421269 -0.0050015833694487801 -6.4339833259582511 0.87953200936317455 3.7996246814727788 -18.423770904541012 -0.50938662886619557 0.00064619400654919456 0.81174489855766307 0.20865205675363543 -10.630138874053953 1.0304180979728701
decision_type=2 10 10 8 10 10 10 10 2 10 2 10 10 10
left_child=-1 3 4 -2 6 10 -3 8 -8 -10 -6 -9 -13 -7
right_child=1 2 -4 -5 5 13 7 11 9 -11 -12 12 -14 -15
leaf_value=0.0045913882787333932 -0.00011489887060580691 0.00058967029577249789 0.0020887274835324756 -0.0051622783571237951 0.00038629462133487464 -0.0045464084950889187 -0.0031629193151280965 -0.0058511366178409345 0.0060096748124871891 -0.00055045066830147565 0.0030224043985055205 -0.0021269700529940282 -0.00034550345464351174 -7.9949230149457912e-05
leaf_weight=146.11055267415941 147.20038203522563 1844.967419821769 419.24427826330066 188.43803306668997 2827.3198503982276 204.70859434083104 106.77921484597027 114.24191206507385 190.39339945092797 136.16677430644631 502.15210906416178 1436.9194679409266 2173.467651065439 282.21075396053493
leaf_count=1827 2089 25026 4819 2936 34303 3020 1504 1306 2307 1910 6782 18264 27201 3712
internal_value=0 -0.000123818 -1.94476e-05 -0.00311841 -0.000115131 0.000420197 -0.000462308 -0.000939037 0.00151494 0.003203 0.000802013 -0.00123791 -0.0010687 -0.00208079
internal_weight=0 10574.2 10238.6 335.638 9819.33 3816.39 6002.94 4157.97 433.339 326.56 3329.47 3724.63 3610.39 486.919
internal_count=137006 135179 130154 5025 125335 47817 77518 52492 5721 4217 41085 46771 45465 6732
is_linear=0
shrinkage=0.0101079


Tree=103
num_leaves=15
num_cat=0
split_feature=29 23 12 14 3 23 30 16 21 15 3 27 14 14
split_gain=21.9611 24.8267 15.736 15.6866 28.8288 29.0882 27.3314 27.0121 22.6049 23.6419 39.1473 42.6187 41.3478 29.7999
threshold=-0.60785761475563038 0.40865308046340948 -0.0013291523791849611 -6.5548269748687735 0.87023684382438671 0.88393318653106701 0.81174489855766307 0.63866019248962413 2.9221266508102421 3.8591940402984624 0.8235769271850587 -0.50938662886619557 -17.013579368591305 -13.308495998382567
decision_type=2 10 8 10 10 10 2 8 10 10 10 2 10 10
left_child=-1 2 -2 7 6 -6 -5 8 9 -3 11 -11 -13 -12
right_child=1 3 -4 4 5 -7 -8 -9 -10 10 13 12 -14 -15
leaf_value=0.0038170668376656955 -0.00012617310104478339 0.00065354144719096004 -0.0047690320859311228 0.00050240622904982994 -0.0051884417891551408 -5.8877977269161651e-05 0.0030411085659116256 -0.0026593437491439992 0.0028237537083638429 -0.0033372622509463493 -0.0014168813096678006 0.0024279834544829672 -0.0011109967820210071 0.0035826732230408507
leaf_weight=145.37400761060417 158.99885653890669 1971.174601668492 174.19879379495978 2947.9778652023524 151.58034145087004 447.3828950189054 516.81968079507351 441.66924193687737 252.70545376837254 705.5557901058346 169.41312256082892 397.38333515264094 1907.1466817203909 335.97053819335997
leaf_count=1829 2237 26560 2764 35643 2261 5902 6844 5303 2877 9421 2026 5180 24029 4093
internal_value=0 -3.89268e-05 -0.00272477 4.64397e-05 0.000537034 -0.00147274 0.000898602 -0.000269826 -7.56073e-05 -0.000220255 -0.000722055 -0.00116778 -0.000477234 0.00183165
internal_weight=0 10578 333.198 10244.8 4063.76 598.963 3464.8 6181.02 5739.35 5486.64 3515.47 3010.09 2304.53 505.384
internal_count=136969 135140 5001 130139 50650 8163 42487 79489 74186 71309 44749 38630 29209 6119
is_linear=0
shrinkage=0.0101079


Tree=104
num_leaves=15
num_cat=0
split_feature=23 33 22 2 22 0 13 30 3 13 3 2 27 27
split_gain=22.7936 28.2297 33.3168 20.5064 30.1095 20.3312 20.0375 19.1888 25.2772 45.8863 23.0002 18.5572 17.8564 16.6425
threshold=0.38954293727874761 1.497500002384186 -0.37260031700134272 1.2543072700500491 -0.26018890738487238 1.628699064254761 -0.0032125656725838776 0.81174489855766307 0.21224471181631091 -0.057898735627531998 0.34301775693893438 0.89213645458221447 0.81279832124710094 0.41268247365951544
decision_type=10 8 10 8 10 10 10 2 10 8 10 8 2 2
left_child=11 2 -2 5 6 7 -5 8 9 -3 -10 -1 -12 -9
right_child=1 3 -4 4 -6 -7 -8 13 10 -11 12 -13 -14 -15
leaf_value=-0.00040109630529432507 0.0045566439041092822 0.0026315383735769802 0.00012560477548203037 -0.0031451340193240666 7.990004422273938e-05 0.0027965634094885019 -0.00064872599344047751 0.0001541065065236429 0.0012895986970653706 -0.005158667551887164 5.6197697190241917e-05 -0.0059722022586559814 -0.0017210858382802668 0.0027167140177174077
leaf_weight=170.97151260636747 299.27941930294037 99.253836546093225 445.05079510807991 627.50266331993043 2199.4491867292672 313.67217062041163 798.74634674377739 603.24375055730343 1192.9309596698731 238.43492737039924 2393.8776785563678 107.12633849866688 737.48625359870493 501.04267407022417
leaf_count=2488 1483 1248 2217 8935 28631 4148 10919 8042 15272 3125 32467 1537 9808 6663
internal_value=0 0.000101389 0.00198926 -4.06726e-05 -0.000645237 0.000313556 -0.0017862 0.000167954 -0.000108428 -0.00274413 9.25203e-05 -0.00279109 -0.000352646 0.00136392
internal_weight=0 10450 744.33 9705.64 3625.7 6079.94 1426.25 5766.27 4661.98 337.689 4324.29 278.098 3131.36 1104.29
internal_count=136983 132958 3700 129258 48485 80773 19854 76625 61920 4373 57547 4025 42275 14705
is_linear=0
shrinkage=0.0101079


Tree=105
num_leaves=15
num_cat=0
split_feature=29 0 17 12 14 28 2 14 0 14 3 30 23 8
split_gain=22.6925 26.9945 27.7398 37.4576 33.7253 23.2398 22.4342 18.6831 16.6412 15.878 20.8739 32.2176 29.6717 25.0716
threshold=-0.60785761475563038 0.5904124677181245 11.500000000000002 0.0039334234315902003 -6.9678828716278067 0.20576497167348864 4.2894840240478525 -15.567420482635496 2.0858482122421269 -6.4339833259582511 0.87023684382438671 0.81174489855766307 0.88042896986007702 1.0200095772743227
decision_type=2 10 2 8 10 2 10 10 10 10 10 2 10 10
left_child=-1 2 -2 4 7 -5 8 -4 9 -3 11 -11 -12 -13
right_child=1 6 3 5 -6 -7 -8 -9 -10 10 12 13 -14 -15
leaf_value=0.0038500482389436908 0.0026565236658325293 -0.00018680995889703281 0.00069497454342040568 0.00020784937164562836 0.0031247425742514075 -0.0049636651168903185 -0.0030179488991580825 -0.0031213895909950637 0.0022876450179026273 0.00053762059368416167 -0.0057622866172040233 0.005054002492815104 0.00013656015142046065 0
leaf_weight=149.1055204719305 142.89762405306101 5243.5704537834972 184.38902453333139 93.012566331773996 196.27209665998816 414.36343742534518 210.48081715777516 334.76924035698175 387.95152286067605 2490.492756837979 107.068488644436 310.45997279882431 310.52110957726836 132.91896627470851
leaf_count=1845 1948 67240 2571 1235 2526 6243 2485 4688 4476 29791 1590 4094 4325 1768
internal_value=0 -2.22109e-05 -0.00134746 -0.00186186 -0.000300351 -0.00394795 0.00017121 -0.00169863 0.000252938 0.000154443 0.000699621 0.00100887 -0.00135692 0.0035122
internal_weight=0 10559.2 1365.7 1222.81 715.43 507.376 9193.46 519.158 8982.98 8595.03 3351.46 2933.87 417.59 443.379
internal_count=136825 134980 19211 17263 9785 7478 115769 7259 113284 108808 41568 35653 5915 5862
is_linear=0
shrinkage=0.0101079


Tree=106
num_leaves=15
num_cat=0
split_feature=29 23 33 6 0 27 16 16 11 2 0 3 2 27
split_gain=25.4495 26.7504 27.397 22.5538 21.2147 30.7546 22.9389 31.7133 26.7005 16.8001 18.3735 17.0739 16.202 19.9798
threshold=-0.60785761475563038 0.40865308046340948 0.9962500035762788 -2.793378353118896 0.64801299571990978 -0.076279435306787477 0.15229742974042895 0.76713833212852489 0.1023511365056038 0.8481193780899049 1.069332003593445 0.22681293636560443 1.5332473516464236 -0.9738190472126006
decision_type=2 10 10 8 10 2 10 10 10 8 10 10 8 2
left_child=-1 -2 4 -4 5 -3 -7 -8 -9 11 -11 -6 13 -12
right_child=1 2 3 -5 9 6 7 8 -10 10 12 -13 -14 -15
leaf_value=0.0040256353585598975 -0.0028564776757015204 -0.0033204844544229791 0.0042569041537147898 0.00042553989245898026 -0.0016161592120721576 0.0038218384591169052 -0.0018048686587509336 0.0048168576026775545 -0.0015051845926828203 -0.00084680519632633188 -0.0027554398597717735 0.0010122975057413719 -0.00039992040308929031 0.0015970342960622606
leaf_weight=148.35345643013716 336.80910187959671 479.64384793490171 259.67691913247108 452.75402761995792 264.42922127246857 116.03725069947541 776.4547609295696 155.10337546281517 99.618419229984283 2644.9609504323453 105.82168722525239 2399.3844103943557 1355.3469357565045 1137.8714227229357
leaf_count=1839 5082 6841 1254 2289 3473 1663 10166 2285 1322 35645 1293 31230 17269 15535
internal_value=0 -8.55628e-05 3.62261e-06 0.00190861 -0.000135887 -0.00118574 -0.000242099 -0.000763116 0.00221816 7.59156e-05 -0.000250402 0.000732346 0.000341705 0.00117978
internal_weight=0 10583.9 10247.1 712.431 9534.67 1626.86 1147.21 1031.18 254.722 7907.81 5244 2663.81 2599.04 1243.69
internal_count=137186 135347 130265 3543 126722 22277 15436 13773 3607 104445 69742 34703 34097 16828
is_linear=0
shrinkage=0.0101079


Tree=107
num_leaves=15
num_cat=0
split_feature=23 14 3 30 23 3 14 30 3 2 14 29 9 18
split_gain=25.0498 18.2105 28.2071 26.4053 23.5539 20.8611 30.2888 29.5319 27.9913 34.7795 23.8921 46.4231 22.9144 21.8472
threshold=0.40865308046340948 -6.5548269748687735 0.87953200936317455 0.81174489855766307 0.79251134395599376 0.86540615558624279 -15.567420482635496 -0.56174489110708226 0.23819272220134738 0.52029353380203258 -13.631069660186766 -1.0000000180025095e-35 0.199777327477932 28.500000000000004
decision_type=10 10 10 2 10 10 10 2 10 10 10 2 10 2
left_child=-1 5 3 -3 -4 6 7 -2 -8 13 -7 -12 -9 -10
right_child=1 2 4 -5 -6 10 8 12 9 -11 11 -13 -14 -15
leaf_value=-0.0026893203784321435 -0.0012760387847661943 0.00055253037877688526 -0.0055201521027320377 0.0030402991389950509 -0.00032634856827583694 -0.00062852559014887747 -0.0051019124859845695 0.0028354496122242139 -0.00072443979426408767 -0.001170826110034722 0.008138980944968276 0.00076005216486556087 0 0.0041407071817183118
leaf_weight=341.09626715630293 561.71187919192016 2998.2807166893035 109.49573509767652 520.42866438627243 467.3051077388227 393.22790799103677 161.56704940460622 614.83258143812418 140.44441790692508 3167.5769582707435 112.68975817039609 380.496417818591 543.27697682380676 211.95467868633568
leaf_count=5099 8522 36407 1688 6932 6194 4990 1844 7612 2086 40303 1371 4670 6472 2919
internal_value=0 6.37821e-05 0.000590831 0.000937748 -0.00144081 -0.000273375 -0.000514671 0.00057601 -0.00103529 -0.000826522 0.00114351 0.0026253 0.00151151 0.00211502
internal_weight=0 10383.3 4095.51 3518.71 576.801 6287.78 5401.36 1719.82 3681.54 3519.98 886.414 493.186 1158.11 352.399
internal_count=137109 132010 51221 43339 7882 80789 69758 22606 47152 45308 11031 6041 14084 5005
is_linear=0
shrinkage=0.0101079


Tree=108
num_leaves=15
num_cat=0
split_feature=22 33 28 2 22 29 27 27 5 3 21 16 17 13
split_gain=23.397 20.7256 26.5072 26.0298 21.2531 19.8249 16.1401 31.606 22.0292 16.8269 19.4595 18.2569 15.9205 15.7096
threshold=-1.1825206875801084 1.497500002384186 -0.35222910344600672 0.57173103094100963 -0.35555675625801081 -0.60785761475563038 0.076279435306787505 -0.90159028768539418 -4.5357685089111319 0.6444176733493806 -6.5598137378692618 0.28656420111656195 16.500000000000004 -0.053405325859785073
decision_type=10 8 2 8 10 2 2 2 10 10 10 10 2 10
left_child=-1 4 -3 13 -2 -5 7 -7 -9 10 -8 -12 -10 -4
right_child=1 2 3 5 -6 6 9 8 12 -11 11 -13 -14 -15
leaf_value=-0.0029191645709424133 0.0034217211685015621 0.00049983232205557347 0.0040625940727505756 0.0027777562603196653 0 -0.00049576782835111842 0.0016017711477045739 0.001312283684351284 0 0.0015059551848390208 -0.0039563830257510922 -0.0007499718535563996 -0.0039520712663753867 0.00032445256832725925
leaf_weight=275.94098221696913 350.16871365904808 4157.464793689549 131.87403162010014 132.30737186409533 428.65271566808224 1239.2298514284194 269.50042158178985 94.514238500967622 119.91553348489106 380.5446433275938 219.35274517349899 1258.4729139786214 797.5991647914052 864.62849677726626
leaf_count=4569 1754 53674 1753 1663 2135 17006 3748 1454 1759 5074 3104 16771 11018 11526
internal_value=0 2.0617e-05 -0.000103767 -0.000566775 0.00160178 -0.000897718 -0.00102264 -0.00162335 -0.00295031 -0.0003646 -0.000799837 -0.00127104 -0.00344038 0.000886598
internal_weight=0 10444.2 9665.4 5507.94 778.821 4511.44 4379.13 2251.26 1012.03 2127.87 1747.33 1477.83 917.515 996.503
internal_count=137008 132439 128550 74876 3889 61597 59934 31237 14231 28697 23623 19875 12777 13279
is_linear=0
shrinkage=0.0101079


Tree=109
num_leaves=15
num_cat=0
split_feature=23 33 30 2 1 3 3 21 27 2 22 21 15 15
split_gain=23.7838 27.3942 26.2698 19.9109 18.8639 29.0387 19.9969 21.5773 20.5532 20.3066 19.5891 16.1966 15.0856 20.0025
threshold=0.39967316389083868 0.9962500035762788 -0.56174489110708226 0.89725068211555492 1.0170975327491762 0.44403728842735296 0.20865205675363543 1.5577771067619326 0.96298784017562877 1.2689717411994936 -0.81955072283744801 -2.5797914266586299 3.7359132766723637 6.2588369846344003
decision_type=10 10 2 8 10 10 10 10 2 8 10 8 10 10
left_child=3 4 -3 -1 5 6 11 9 10 12 -9 -2 -8 -14
right_child=1 2 -4 -5 -6 -7 7 8 -10 -11 -12 -13 13 -15
leaf_value=-0.00045280275925860757 0.0010522903110588473 -0.00049298867755466741 0.0033785250506864622 -0.0059233363107106191 0.00051247475389123271 -0.00099943987555508478 0.0024816583189382953 0.0062095359667679829 -0.0011761310898542583 -0.0037353047555295396 0.0017608200943409974 -0.00347165048755123 -0.0022962101018608834 0.00080196825088128538
leaf_weight=193.42644430696964 104.03864812478423 257.78514690697193 468.19398938119411 116.87625421956182 3571.9460915010422 3577.9964455310255 258.11007295921445 131.44220235012472 157.44765751808882 131.11151503026485 634.65992924384773 217.11037826165557 314.31242084316909 603.63174128346145
leaf_count=2877 1343 1307 2297 1706 46788 49742 3722 1713 1980 1810 7710 2625 4209 7354
internal_value=0 7.25832e-05 0.00195777 -0.00273341 -6.57413e-05 -0.000409492 0.000402372 0.000756177 0.00193345 -5.11934e-05 0.00263016 -0.0018925 0.00034675 -0.000225308
internal_weight=0 10427.8 725.979 310.303 9701.81 6129.86 2551.86 2230.72 923.55 1307.17 766.102 321.149 1176.05 917.944
internal_count=137183 132600 3604 4583 128996 82208 32466 28498 11403 17095 9423 3968 15285 11563
is_linear=0
shrinkage=0.0101079


Tree=110
num_leaves=15
num_cat=0
split_feature=23 33 0 28 14 21 3 2 3 15 18 13 23 12
split_gain=18.7394 22.2572 29.7378 23.1621 32.7921 26.6878 27.0569 40.8789 21.317 24.2373 32.2887 21.4871 21.1849 20.6269
threshold=0.38954293727874761 0.9962500035762788 0.8765484392642976 -0.35222910344600672 -29.344094276428219 -10.340358257293699 0.20865205675363543 0.52029353380203258 0.34301775693893438 18.661469459533695 28.500000000000004 -0.035953611135482781 0.69335696101188671 -0.0019691997440531846
decision_type=10 10 10 2 10 10 10 8 10 10 2 10 10 10
left_child=-1 3 -3 12 -5 -6 -7 -8 13 10 11 -10 -2 -9
right_child=1 2 -4 4 5 6 7 8 9 -11 -12 -13 -14 -15
leaf_value=-0.0026412281441788176 0.0041763092314769899 0.0037648419510302885 -0.00021220699897959687 0.0047931626768576811 -0.0038458528332356457 -0.0040200919749756219 0.0020767350015848001 -0.0011407397997791574 0.0041483347779085042 0.00086543595436992078 -0.0019302597736738172 -0.00029091545816256305 0.00029395434174935356 0.0025656850418270994
leaf_weight=272.2319815363735 143.91834468580782 356.38424253463745 367.22939462959766 105.6234305202961 253.3076493255794 208.22413274087012 612.19243710115552 237.86638718657196 122.58632700704038 584.53953626006842 2359.3726974446326 696.46083678118885 4024.8469343408942 363.52334285341203
leaf_count=4002 1447 1768 1821 1305 3751 2805 7880 3380 1981 7521 32248 10064 52240 4775
internal_value=0 5.7067e-06 0.00170998 -0.000118345 -0.000549347 -0.000667124 -0.000498599 -0.000337199 -0.000688102 -0.000976131 -0.00132878 0.000356681 0.000445069 0.00103727
internal_weight=0 10436.1 723.614 9712.46 5543.7 5438.07 5184.77 4976.54 4364.35 3762.96 3178.42 819.047 4168.77 601.39
internal_count=136988 132986 3589 129397 75710 74405 70654 67849 59969 51814 44293 12045 53687 8155
is_linear=0
shrinkage=0.0101079


Tree=111
num_leaves=15
num_cat=0
split_feature=2 21 30 0 4 29 13 0 15 3 2 21 13 3
split_gain=21.3414 21.7856 28.5789 23.8857 23.5641 19.6374 26.7103 26.3614 27.6402 24.0301 32.9412 22.5775 19.5011 18.4836
threshold=1.6612205505371096 -7.2103924751281729 -0.56174489110708226 1.6468513011932375 -2.4654616117477413 1.0000000180025095e-35 0.038064571097493179 1.069332003593445 11.595175266265871 0.21224471181631091 0.63062384724617015 2.4943338632583623 -0.017485881224274632 0.56944188475608837
decision_type=8 8 2 10 10 2 10 10 10 10 10 10 10 10
left_child=1 2 -1 5 -4 -3 7 8 11 -8 -11 13 -2 -7
right_child=12 3 4 -5 -6 6 9 -9 -10 10 -12 -13 -14 -15
leaf_value=-0.0012575660753294051 -0.002233350008484829 0.00058702383206313757 -9.0409944735860283e-05 0.0022398412149574982 0.0042753899696181376 -0.00041311874736850494 -0.0029273651702764595 0.00068082404630134114 -0.0033694067680931535 0.0051198725135956028 0.00038825320203730721 0.0023977924156659029 -0.00019991894460610066 -0.0025541945525550266
leaf_weight=199.64081681892276 720.58824344351888 2764.4629213921726 154.82088372856379 478.42935975827277 411.68923212401569 1267.7497233226895 123.53415010683239 782.05629302375019 573.70892032980919 203.45090080611408 607.09917750395834 186.66778187267482 1585.6916168965399 651.57354054041207
leaf_count=3076 10417 35150 1796 5940 5028 15790 1735 10164 6694 2581 7535 2408 20170 8487
internal_value=0 0.000238092 0.00185636 6.87955e-05 0.00302639 -7.28477e-05 -0.000497324 -0.000912515 -0.00139321 0.000993312 0.00166209 -0.00082547 -0.00085803 -0.00116823
internal_weight=0 8404.88 766.151 7638.73 566.51 7160.3 4395.84 3461.76 2679.7 934.084 810.55 2105.99 2306.28 1919.32
internal_count=136971 106384 9900 96484 6824 90544 55394 43543 33379 11851 10116 26685 30587 24277
is_linear=0
shrinkage=0.0101079


Tree=112
num_leaves=15
num_cat=0
split_feature=29 0 27 15 16 16 2 23 7 13 2 28 28 18
split_gain=22.924 26.8636 35.2017 30.9079 31.3149 20.9143 18.7066 17.0144 16.6178 14.8506 14.2183 30.384 24.029 24.1477
threshold=-0.60785761475563038 0.5904124677181245 0.054511256515979774 3.7359132766723637 0.76713833212852489 0.80105644464492809 4.2894840240478525 0.48292905092239385 25.277836799621586 0.089353948831558241 0.93441268801689159 0.47136868536472326 0.39271505177021032 10.500000000000002
decision_type=2 10 2 8 10 10 10 8 10 10 8 2 2 2
left_child=-1 2 5 -4 7 -2 8 -5 9 10 12 -12 -3 -14
right_child=1 6 3 4 -6 -7 -8 -9 -10 -11 11 -13 13 -15
leaf_value=0.0038513028310971078 -0.0039075573608344221 8.1380019301868965e-05 0.0052363267991313829 0.00032180475707416342 0.0029156356756126949 0.00089864062637846963 -0.0027683450432805204 -0.0034660702534599001 0.002857181173269835 -0.0033156104749687645 0.00020830578212684909 -0.001807461186393615 -0.0011132201157985459 0.0025111813427596175
leaf_weight=147.3249929882586 535.05776992812753 2559.0110358316451 96.05863805860281 165.5016127359122 164.09292264841497 92.795104466378689 212.85237265005708 306.84644537605345 228.61646065860987 117.3582113366574 3946.2328206617385 934.043094009161 210.1032456792891 980.18972689658403
leaf_count=1823 7720 31595 1300 2476 2267 1514 2496 3933 2602 1480 50420 12279 2925 11984
internal_value=0 -6.44752e-05 -0.00138853 6.73624e-05 -0.000702722 -0.00313122 0.000128138 -0.00207048 0.00020363 0.000127218 0.000181616 -0.000171429 0.000651352 0.0018346
internal_weight=0 10548.8 1360.35 732.5 636.441 627.853 9188.41 472.348 8975.55 8746.94 8629.58 4880.28 3749.3 1190.29
internal_count=136814 134991 19210 9976 8676 9234 115781 6409 113285 110683 109203 62699 46504 14909
is_linear=0
shrinkage=0.0101079


Tree=113
num_leaves=15
num_cat=0
split_feature=23 14 3 0 30 16 0 21 3 27 30 17 14 23
split_gain=24.9293 17.6642 34.9634 25.4942 24.9927 20.1321 21.9076 20.5495 20.9013 36.9641 39.6412 47.3966 36.7172 35.6342
threshold=0.40865308046340948 -6.3095524311065665 0.81572777032852184 1.0544160008430483 0.81174489855766307 0.63447603583335888 1.3106204867362978 2.9221266508102421 0.86540615558624279 -0.49049438536167139 1.0000000180025095e-35 58.500000000000007 -13.520836353302 1.0544307827949526
decision_type=10 10 10 10 2 10 10 10 10 2 2 2 10 10
left_child=-1 5 4 -4 -3 7 -7 8 9 13 -11 -12 -10 -2
right_child=1 2 3 -5 -6 6 -8 -9 12 10 11 -13 -14 -15
leaf_value=-0.0026426714731172291 -0.0040247511263149377 0.00073568718992338426 -0.0034984281659884188 0.00013988107292264122 0.0033052818780014087 -0.0030340235228007903 0.0017173972700523692 0.0027391702381359679 -0.00083771965841289778 -0.00084015185135567631 -0.00082632882140885736 0.0026946059490884715 0.0033546302799508021 -0.00040938299509418941
leaf_weight=338.17092330753803 493.83152921684086 2662.6352100782096 300.73394043184817 487.94154951535165 465.70786699466407 450.69490476883948 109.38619265891612 253.78697219677269 390.654521798715 2040.6754627153277 626.19735765457153 961.44580541551113 428.0060464926064 695.63222306407988
leaf_count=5111 7591 32284 4464 6096 6171 5343 1307 2903 5012 26594 8438 11817 5220 8653
internal_value=0 0.000115058 0.000652294 -0.00121684 0.00113824 -0.000205299 -0.0020241 -2.30936e-05 -0.000158179 -0.000418726 7.85614e-05 0.00128318 0.00131582 -0.0019603
internal_weight=0 10367.3 3917.02 788.675 3128.34 6450.31 560.081 5890.23 5636.44 4817.78 3628.32 1587.64 818.661 1189.46
internal_count=137004 131893 49015 10560 38455 82878 6650 76228 73325 63093 46849 20255 10232 16244
is_linear=0
shrinkage=0.0101079


Tree=114
num_leaves=15
num_cat=0
split_feature=0 33 30 1 3 3 13 16 7 15 15 8 12 23
split_gain=20.4128 20.0243 24.3975 16.393 24.586 25.6575 15.5309 17.2508 14.849 16.7353 20.9869 21.5121 16.839 14.8245
threshold=0.44835413992404943 0.9962500035762788 -0.56174489110708226 1.0170975327491762 0.36191920936107641 0.21224471181631091 -0.051108211278915398 0.76713833212852489 -18.536299705505368 3.2407195568084721 5.3071622848510751 0.61047205328941356 -0.018364144489169117 1.0919651389122011
decision_type=10 10 2 10 10 10 10 10 10 10 10 10 10 10
left_child=-1 3 -3 4 5 6 -2 -8 -7 -10 -11 12 -12 -6
right_child=1 2 -4 -5 13 8 7 -9 9 10 11 -13 -14 -15
leaf_value=-0.0024798341561090265 0.0011427762694497321 -0.00068444418043312946 0.0029824286171984253 0.00048489416231189405 -0.0010905294245247663 -0.0020990542622860496 -0.0059892489239929845 -0.0002056646736139908 0.0053990944676533667 -0.0022793014288306724 -0.00020750546073667624 -0.00033334068718394956 0.0034324175273808565 0.00034136848274593057
leaf_weight=323.96792313456535 102.57298466749489 266.84321677684784 490.31490662693977 3564.4962975941598 3444.8863304629922 108.19593385607004 112.86013484373689 122.08723038807511 105.16467657499015 142.55178713425994 139.81289436295629 332.74432962201536 573.34994816593826 885.78034487739205
leaf_count=5111 1369 1354 2412 46690 47444 1513 1259 1610 1413 1898 1756 4152 6906 12103
internal_value=0 6.72183e-05 0.00164324 -5.36405e-05 -0.00037676 0.000623525 -0.00180326 -0.00325187 0.00124316 0.00156449 0.00115903 0.00167922 0.002668 -0.000788233
internal_weight=0 10391.7 757.158 9634.5 6070.01 1739.34 337.52 234.947 1401.82 1293.62 1188.46 1045.91 713.163 4330.67
internal_count=136990 131879 3766 128113 81423 21876 4238 2869 17638 16125 14712 12814 8662 59547
is_linear=0
shrinkage=0.0101079


Tree=115
num_leaves=15
num_cat=0
split_feature=22 2 29 5 15 2 0 18 30 17 15 14 14 0
split_gain=24.9214 18.2163 18.0229 17.1701 18.5974 16.1146 17.4239 17.3882 16.4813 28.9716 16.0991 29.9705 46.3231 24.2385
threshold=-0.97724848985671986 0.60361647605896007 -0.60785761475563038 -3.2088993787765498 16.970766067504886 4.2894840240478525 1.7272940278053286 90.500000000000014 1.0000000180025095e-35 19.500000000000004 3.7996246814727788 -7.5848801136016837 -17.538625717163082 0.55298811197280895
decision_type=10 8 2 8 10 10 10 2 2 2 8 10 8 10
left_child=1 -1 -2 -3 -5 6 7 10 9 -9 -4 12 -12 -14
right_child=2 3 5 4 -6 -7 -8 8 -10 -11 11 -13 13 -15
leaf_value=0.0010374846420095161 0.003640896294207864 0.0010969739551609887 0.00065889860302040487 -0.0043376937255050416 0.00046059244613754163 -0.0026339293316985663 0.0014483903063065337 0.0023124742801807542 0.0023662822569990812 -0.0015042260607002922 0.0017984222247238628 0.00017849427381184276 -0.0053152123945727344 -0.0014808373934292512
leaf_weight=151.60805571265519 136.09794610925019 84.092822514474392 1578.0429890882224 402.02033160254359 83.177995875477791 218.19432311877608 877.34746444784105 341.35712562315166 539.70490245334804 476.53424065932631 408.29580125957727 3131.1466870103031 189.39787384681404 2099.901317326352
leaf_count=2287 1641 1268 21378 6419 1140 2572 10660 4005 6574 5648 5340 39248 2639 26213
internal_value=0 -0.00185002 8.49762e-05 -0.00269274 -0.00343855 2.90109e-05 9.55065e-05 -3.64479e-05 0.00100634 4.63157e-05 -0.000233883 -0.000483075 -0.00126428 -0.0018323
internal_weight=0 720.899 9996.02 569.291 485.198 9859.92 9641.73 8764.38 1357.6 817.891 7406.78 5828.74 2697.59 2289.3
internal_count=137032 11114 125918 8827 7559 124277 121705 111045 16227 9653 94818 73440 34192 28852
is_linear=0
shrinkage=0.0101079


Tree=116
num_leaves=15
num_cat=0
split_feature=23 2 33 30 28 2 29 20 20 2 13 14 28 15
split_gain=21.1065 24.8962 21.5387 29.9505 22.1791 34.0255 15.6329 28.4865 20.1433 34.7894 27.906 25.6882 27.5693 25.1053
threshold=0.44278845191001898 0.93441268801689159 0.9962500035762788 1.0000000180025095e-35 -0.22706275433301923 0.54125031828880321 1.0000000180025095e-35 2.7253711223602299 -1.0059366822242735 1.6612205505371096 0.0056555771734565505 -8.9050574302673322 0.75894212722778331 10.564531326293947
decision_type=10 8 10 2 2 8 2 10 10 8 10 10 2 10
left_child=1 -1 4 -4 -2 -6 8 -8 9 10 -7 12 -10 -13
right_child=2 -3 3 -5 5 6 7 -9 11 -11 -12 13 -14 -15
leaf_value=-0.00018914837900495165 0.00045129685310353997 -0.0050831216733084389 0 0.0042723064545502117 0.0013953418700818117 0.0048060948883316794 -0.0020362313048092194 0.0004610892895444671 -0.0054155543007670488 -0.0021212561880363306 -0.00016277402456068936 0.0034033154967700375 0 -0.00093291734785941566
leaf_weight=307.50227214023471 4605.7706156279892 171.81627036444843 416.22382393479347 282.46829418838024 772.69852666929364 274.29895934090018 1839.2454261835665 588.53579065017402 213.9659786708653 195.53509261272848 169.02891969308257 171.99849881976843 147.5984057225287 552.57003096304834
leaf_count=4629 59385 2614 2086 1370 9879 3872 25765 7921 2706 2598 2361 2410 1801 7374
internal_value=0 -0.00207878 7.41893e-05 0.00177887 -4.7851e-05 -0.000522786 -0.000891327 -0.00141466 -0.000128418 0.00125951 0.0028511 -0.000984915 -0.00315816 6.58558e-05
internal_weight=0 479.319 10229.9 698.692 9531.25 4925.48 4152.78 2427.78 1725 638.863 443.328 1086.13 361.564 724.569
internal_count=136771 7243 129528 3456 126072 66687 56808 33686 23122 8831 6233 14291 4507 9784
is_linear=0
shrinkage=0.0101079


Tree=117
num_leaves=15
num_cat=0
split_feature=23 33 30 28 2 23 29 27 27 5 29 2 30 14
split_gain=26.541 33.0572 30.0924 25.0019 38.6345 18.1957 16.0577 18.6948 28.838 26.2817 16.7049 15.5904 14.656 21.9704
threshold=0.40865308046340948 1.497500002384186 -0.56174489110708226 -0.24825246632099149 0.54125031828880321 0.69682878255844127 -0.60785761475563038 -0.032717135734856122 -0.89194178581237782 -4.5357685089111319 -1.0000000180025095e-35 0.93441268801689159 0.81174489855766307 -2.5444455146789546
decision_type=10 8 2 2 8 10 2 2 2 10 2 8 2 10
left_child=11 2 -2 5 -5 -3 -6 8 -8 -10 -11 -1 13 -9
right_child=1 3 -4 4 6 -7 7 12 9 10 -12 -13 -14 -15
leaf_value=-0.00087337955387793893 -0.00042303328342631428 0.0036001947176060715 0.00366922557796449 0.0014575785280206757 0.0024446597157431311 0.00034029126996327553 -0.00061736506606599462 -0.0013342525480153182 0.0015736280637823662 0 -0.0043028967379065862 -0.0056804963845671508 0.0010374152388191692 0.0019504743478188711
leaf_weight=219.36629170738161 268.35948103666306 178.76471764966846 472.62959037721157 806.05855685472488 125.50061605684459 4349.4664817899466 1105.6219267677516 1443.1955365724862 92.52559351362288 105.70076349005103 686.36447258666158 117.41746465116739 533.19362141191959 227.13540177419782
leaf_count=3306 1359 1889 2304 10494 1618 56662 15326 19653 1454 1522 9834 1800 6907 3094
internal_value=0 9.61928e-05 0.00214386 -5.83602e-05 -0.00054522 0.000483755 -0.000930254 -0.00104515 -0.00175927 -0.00312362 -0.00373276 -0.00275568 -0.000377994 -0.000856612
internal_weight=0 10394.5 740.989 9653.53 5125.3 4528.23 4319.24 4193.74 1990.21 884.591 792.065 336.784 2203.52 1670.33
internal_count=137222 132116 3663 128453 69902 58551 59408 57790 28136 12810 11356 5106 29654 22747
is_linear=0
shrinkage=0.0101079


Tree=118
num_leaves=15
num_cat=0
split_feature=29 23 2 14 14 15 22 12 2 28 12 13 14 16
split_gain=21.9952 23.0968 18.1623 18.3415 16.8548 23.4384 23.9967 15.3306 15.24 24.976 23.4883 23.1836 21.9401 35.567
threshold=-0.60785761475563038 0.40865308046340948 4.2894840240478525 -31.20312404632568 -6.3095524311065665 16.106064796447757 0.044242406263947494 -0.0013291523791849611 1.6612205505371096 1.0000000180025095e-35 -0.091280177235603319 -0.00044806530058849598 -25.4368782043457 0.15648277848958972
decision_type=2 10 10 10 10 10 10 8 10 2 10 10 10 10
left_child=-1 7 3 -3 5 8 -7 -2 10 -10 -5 -11 -12 -14
right_child=1 2 -4 4 -6 6 -8 -9 9 11 12 -13 13 -15
leaf_value=0.0037843756720661197 -8.0823688061067508e-05 0.0041360856756396348 -0.0027973592036760072 0.0030459996231773628 0.00058852946116046351 -0.0045522527602541701 0.00066567908821912804 -0.0046736626776466656 7.8991301939104459e-05 -0.0045616396384195604 -0.0045497811980930837 0.00016196588207206282 0.0020969126906002543 -0.00033095224099322226
leaf_weight=147.72746255248785 158.5516016073525 106.565893702209 217.45281140506268 259.21921779774129 3760.7339550703764 241.96772704832256 118.87671804241836 172.48731132224202 590.20979312621057 302.39272215403616 99.924129460006952 136.25327501446009 732.1017061509192 3656.8846719097346
leaf_count=1803 2235 1176 2551 3319 47049 2845 1416 2782 7628 4110 1355 1667 10000 46922
internal_value=0 -4.622e-05 3.58848e-05 0.000103593 5.29385e-05 -0.000268959 -0.00274517 -0.00264489 -0.00010387 -0.00121825 0.000130652 -0.00302596 -3.35772e-05 6.77519e-05
internal_weight=0 10553.6 10222.6 10005.1 9898.56 6137.83 360.844 331.039 5776.99 1028.86 4748.13 438.646 4488.91 4388.99
internal_count=136858 135055 130038 127487 126311 79262 4261 5017 75001 13405 61596 5777 58277 56922
is_linear=0
shrinkage=0.0101079


Tree=119
num_leaves=15
num_cat=0
split_feature=23 33 28 2 23 29 23 2 3 28 20 21 3 20
split_gain=19.258 25.2629 24.7218 31.5188 23.3785 21.3505 20.1875 19.314 17.8819 22.392 17.4536 16.6718 22.6317 23.3521
threshold=0.38954293727874761 0.9962500035762788 -0.35222910344600672 0.54125031828880321 0.69335696101188671 -0.60785761475563038 0.86329430341720592 0.93976810574531566 0.22681293636560443 0.31107263267040258 0.060505736619234092 8.6400213241577166 0.34301775693893438 -0.97296321392059315
decision_type=10 10 2 8 10 2 10 8 10 2 10 10 10 10
left_child=7 2 4 8 -2 -5 -3 -1 10 -10 -4 12 -7 -14
right_child=1 6 3 5 -6 11 -8 -9 9 -11 -12 -13 13 -15
leaf_value=-0.00032619053528883991 0.0043899310507613462 0.0032454653633314421 -0.0039832655035470293 0.0030304572604511063 0.00032684296826335007 0.00050891070266658811 -8.4781964057862769e-06 -0.0060790185651276394 -0.00048353330095142076 0.0033466800535047266 0.0015058338707002038 0.00038692276230390944 -0.00056915916592385567 -0.0023407246491154105
leaf_weight=176.6869843788445 145.07811326161027 425.94143608212471 109.27142523229122 126.81557352654636 4031.0622950680554 589.07200073264539 309.29292146861553 98.357217580080032 210.56338226050138 440.36854104697704 100.46106230281293 705.78184023872018 1416.5496622268111 1855.0385839752853
leaf_count=2593 1449 2108 1451 1646 52304 8037 1528 1442 2569 5832 1340 9001 20703 25279
internal_value=0 3.66037e-05 -9.65441e-05 -0.000541489 0.000485425 -0.000872695 0.00183608 -0.00263529 0.00120975 0.00205494 -0.00120714 -0.00099482 -0.00125816 -0.00158912
internal_weight=0 10465.3 9730.06 5553.92 4176.14 4693.26 735.234 275.044 860.664 650.932 209.732 4566.44 3860.66 3271.59
internal_count=137282 133247 129611 75858 53753 64666 3636 4035 11192 8401 2791 63020 54019 45982
is_linear=0
shrinkage=0.0101079


Tree=120
num_leaves=15
num_cat=0
split_feature=29 0 27 15 2 16 16 20 12 21 2 2 21 6
split_gain=24.995 23.0777 33.6388 23.6418 18.7375 17.2411 17.0717 17.4114 16.2874 15.6758 24.014 24.1759 20.1575 18.5947
threshold=-0.60785761475563038 0.57845059037208568 0.054511256515979774 4.1055035591125497 4.2894840240478525 0.80105644464492809 0.76713833212852489 1.2766855359077456 0.0026013948954641823 9.8674879074096697 1.9139180779457095 3.2340682744979863 -7.3500659465789786 -11.152259826660154
decision_type=2 10 2 8 10 10 10 10 8 10 10 10 10 10
left_child=-1 2 5 -4 9 8 7 -5 -2 10 12 -12 13 -3
right_child=1 4 3 6 -6 -7 -8 -9 -10 -11 11 -13 -14 -15
leaf_value=0.003963437937681398 -0.002110979604357752 -0.0015497202742263164 0.0045939900020325148 -0.0030207868838996793 -0.0028353898153310932 0.00060322796733712611 0.0022051769534608312 0.0013594972546091466 -0.0062360025538398308 0.0015401265733540027 -0.0021720986194096637 0.0023989794307714605 3.4621042382306445e-05 0.0024677019026317949
leaf_weight=150.33263740874827 306.18761627189815 124.93438150174916 97.385576112195849 297.44185568392277 210.51074098423123 86.896646033972502 142.29145488701761 113.20954449661076 192.61106091551483 760.02316257916391 799.31404674425721 124.00705699063838 6653.569119522348 648.70310247130692
leaf_count=1840 4399 1518 1316 4011 2516 1416 1974 1605 2906 9125 10427 1689 83647 8498
internal_value=0 -8.56883e-05 -0.00138092 0.000146329 8.27142e-05 -0.00312503 -0.000616642 -0.00171362 -0.0038538 0.000156899 2.48679e-05 -0.00150004 0.000221231 0.00175829
internal_weight=0 10557.1 1236.02 650.328 9321.06 585.695 552.943 410.651 498.799 9110.55 8350.53 923.321 7427.21 773.637
internal_count=136887 135047 17627 8906 117420 8721 7590 5616 7305 114904 105779 12116 93663 10016
is_linear=0
shrinkage=0.0101079


Tree=121
num_leaves=15
num_cat=0
split_feature=23 33 10 28 2 3 13 27 27 20 16 2 2 20
split_gain=19.5577 27.6122 19.1857 18.2039 36.2139 23.3537 20.5855 18.3721 30.8988 21.9985 24.4374 19.9705 16.4916 14.6234
threshold=0.40865308046340948 0.9962500035762788 0.12727372348308566 -0.22706275433301923 0.54125031828880321 0.22681293636560443 0.018309410661458973 -0.50938662886619557 -0.72982063889503468 -2.8441851139068599 0.096403364092111601 1.0329938530921938 0.93441268801689159 2.0370177030563359
decision_type=10 10 10 2 8 10 10 2 2 10 10 8 8 10
left_child=12 3 -3 -2 5 -5 -7 8 -6 10 -9 -12 -1 -11
right_child=1 2 -4 4 7 6 -8 9 -10 13 11 -13 -14 -15
leaf_value=-0.00040595992036237231 0.00045300287077038514 0.00062257741028393326 0.004136582414819393 -0.001344256743344794 -0.0011059409755500565 0.0011612137198917865 0.0054261646858612652 -0.000903999128924788 -0.0055633651944090251 -0.0012723878298307352 5.5199746347159305e-05 0.0066176441718339462 -0.0052643503064595211 0.00039687677188525878
leaf_weight=217.40716273151338 4601.8350532911718 452.54568791389465 272.81090526282787 196.09449773654342 1466.0385204423219 429.82448686286807 175.66671173833311 153.0863531883806 180.11384902894497 1419.2554388903081 93.224634116515517 126.57851994037628 118.04151309002191 806.1839479599148
leaf_count=3297 59437 2250 1331 2606 20877 5422 2344 2256 2554 19562 1345 1835 1793 10174
internal_value=0 0.000137366 0.00202878 -2.13307e-06 -0.000425272 0.00151842 0.00251677 -0.000803936 -0.00164156 -0.000254468 0.00196687 0.00410765 -0.00231271 -0.000650257
internal_weight=0 10373.3 725.357 9647.9 5046.07 801.586 605.491 4244.48 1646.15 2598.33 372.89 219.803 335.449 2225.44
internal_count=137083 131993 3581 128412 68975 10372 7766 58603 23431 35172 5436 3180 5090 29736
is_linear=0
shrinkage=0.0101079


Tree=122
num_leaves=15
num_cat=0
split_feature=0 11 33 6 28 27 27 13 3 2 7 27 3 16
split_gain=17.0188 27.2993 17.1544 26.8872 17.4156 28.0233 34.6692 19.3059 31.8096 28.6461 23.0974 21.441 21.2098 19.5179
threshold=0.44835413992404943 0.083026733249425902 0.9962500035762788 -2.9924108982086177 -0.3317298144102096 -0.50938662886619557 -0.72982063889503468 -0.074059594422578798 0.20865205675363543 0.52029353380203258 -21.318305969238278 0.94331136345863353 0.93217718601226818 0.28656420111656195
decision_type=10 10 10 10 2 2 2 10 10 8 10 2 10 10
left_child=1 -1 4 -4 -2 6 -6 10 -9 11 -7 -10 13 -11
right_child=2 -3 3 -5 5 7 -8 8 9 12 -12 -13 -14 -15
leaf_value=-0.0040348706530944443 0.00041776267067410226 0.0022801793452969983 0.0040861982804541426 4.2142817874984573e-05 -0.00095836306287474192 -0.00030076301901665366 -0.0056494618003947658 -0.0042118545373190999 0.0034683715764809784 -0.0021948549231163611 0.0054168646526239579 -0.0005839300873683301 0.0040114043201117363 -3.2314451752761673e-05
leaf_weight=239.89115347433835 4272.2257612850517 82.863077411428094 261.61831805109978 502.80584324896336 1656.5871345344931 116.63425849191844 177.98412035964429 176.81999448500574 390.08747610449791 560.35426689498127 138.39407817274332 174.38565895333886 99.612061314284801 1873.993195258081
leaf_count=3847 54822 1256 1254 2535 23506 1662 2529 2385 5050 8129 1820 2096 1473 24696
internal_value=0 -0.00227576 5.35855e-05 0.00150536 -5.84719e-05 -0.000445308 -0.00145698 7.09888e-05 -0.000128388 0.000101384 0.00271503 0.0021546 -0.000345158 -0.000551991
internal_weight=0 322.754 10401.5 764.424 9637.08 5364.85 1834.57 3530.28 3275.25 3098.43 255.028 564.473 2533.96 2434.35
internal_count=137060 5103 131957 3789 128168 73346 26035 47311 43829 41444 3482 7146 34298 32825
is_linear=0
shrinkage=0.0101079


Tree=123
num_leaves=15
num_cat=0
split_feature=2 28 18 23 29 21 20 28 23 6 6 16 14 3
split_gain=18.3048 38.0872 28.4209 24.221 23.1206 22.2202 27.821 25.3448 20.5109 18.917 36.7815 18.2654 20.1766 38.0436
threshold=1.1976080536842348 0.41268247365951544 80.500000000000014 1.0919651389122011 0.6078576147556306 8.9521918296813983 -1.7556166648864744 0.87137606739997875 1.1861264705657961 -6.2750835418701163 -10.279909133911131 0.16810092329978946 -6.5548269748687735 0.86113446950912487
decision_type=8 2 2 10 2 10 8 2 10 8 10 8 10 10
left_child=11 2 3 9 -5 6 7 -3 -4 10 -2 -1 13 -13
right_child=1 5 8 4 -6 -7 -8 -9 -10 -11 -12 12 -14 -15
leaf_value=0.0018021387501799069 -0.0040169204951454882 -0.0027424992698443155 0.00342961004241479 -0.00071780360296428976 0.0018725550401638004 0.00012340488659290494 -0.0044525636984782289 0.0027368091168383539 0 -0.0028277340900468594 0.002668586849053264 -0.00064401764724466583 0.00080897255384445221 0.0045668595678463146
leaf_weight=784.24969791807234 126.48780841194093 214.53667084500194 381.0445878431201 798.1847275197506 603.50639571249485 310.85897068679333 491.98695105593652 129.29399753548205 318.91498203761876 575.19954945147038 216.30886775441468 2997.9128110837191 2630.8385851271451 141.43118627369404
leaf_count=10539 1696 3067 4671 10214 7487 3689 6741 1842 3977 7906 2702 38922 32070 1624
internal_value=0 -0.000498074 8.5854e-05 -0.000439675 0.000372856 -0.00206127 -0.00291558 -0.000552145 0.00187066 -0.00171693 5.23868e-05 0.000357686 0.000152234 -0.000385886
internal_weight=0 4166.32 3019.65 2319.69 1401.69 1146.68 835.818 343.831 699.96 917.996 342.797 6554.43 5770.18 3139.34
internal_count=137147 53992 38653 30005 17701 15339 11650 4909 8648 12304 4398 83155 72616 40546
is_linear=0
shrinkage=0.0101079


Tree=124
num_leaves=15
num_cat=0
split_feature=22 30 11 5 6 18 2 2 2 0 23 28 21 0
split_gain=18.9016 20.4575 26.1264 27.9068 27.9538 31.2314 23.5215 23.1877 22.3284 24.3782 20.1153 17.967 26.2129 16.4215
threshold=-0.97724848985671986 1.0000000180025095e-35 0.067859269678592696 -4.3674883842468253 -5.058995008468627 87.500000000000014 1.1084275245666506 1.5090022683143618 4.2894840240478525 1.6096505522727969 0.57613593339920055 0.56457334756851207 -2.6483088731765743 1.1277531385421755
decision_type=10 2 10 10 10 2 8 10 10 10 10 2 10 10
left_child=-1 8 6 -4 7 10 11 -5 9 -2 -6 -3 -13 -12
right_child=1 2 3 4 5 -7 -8 -9 -10 -11 13 12 -14 -15
leaf_value=-0.001601679598580538 -0.00044520780953046922 0 -0.00091235940490899897 0.0083509152747308028 0.004320712723217596 0.0039648583655038953 -0.0013961948450422663 0.0014640745126138822 -0.0042547283477847057 0.0014765464108806789 -0.0012924342321427845 -0.0015685049333968109 0.0039000099383231387 0.0019837135959965115
leaf_weight=722.28451545350254 5071.0406563617289 1001.0185817703605 345.71096450276673 124.46747437678277 105.30446321703494 356.71020688302815 851.42863824032247 113.64893902093172 134.92138845659792 764.66193853318691 496.70522353798151 106.22375012375414 319.11164666339755 214.85121749527752
leaf_count=11209 64745 12677 4175 1452 1216 4243 11229 1339 1613 9271 6125 1365 3988 2633
internal_value=0 8.20524e-05 0.000640492 0.0015645 0.00220125 0.00149217 -5.75427e-05 0.0053763 -0.000288924 -0.000184867 0.000336557 0.000716471 0.00243718 -0.000236351
internal_weight=0 10005.8 4035.18 1757.4 1411.69 1173.57 2277.78 238.116 5970.62 5835.7 816.861 1426.35 425.335 711.556
internal_count=137280 126071 50442 21183 17008 14217 29259 2791 75629 74016 9974 18030 5353 8758
is_linear=0
shrinkage=0.0101079


Tree=125
num_leaves=15
num_cat=0
split_feature=2 28 11 30 11 33 11 15 21 10 27 21 15 28
split_gain=21.9883 36.1689 35.5608 26.1673 26.3263 35.5588 23.5254 22.4073 24.8456 21.9741 20.0739 19.2833 21.3732 18.3288
threshold=1.1976080536842348 0.43245348334312445 0.17254433035850528 1.0000000180025095e-35 0.067251835018396391 0.9962500035762788 0.1200179159641266 18.661469459533695 -5.9738023281097403 0.082971438765525832 -0.09801131114363669 1.6222659349441531 6.4729907512664804 0.91080963611602794
decision_type=8 2 10 2 10 10 10 10 10 10 2 10 8 2
left_child=3 11 10 13 5 -5 7 8 -6 -10 -3 12 -2 -1
right_child=1 2 -4 4 6 -7 -8 -9 9 -11 -12 -13 -14 -15
leaf_value=0.00013559082979169314 8.7198488225160889e-05 -0.0039475511382297086 0.003103226624659733 0 0.0064693630734252222 0.005481774420015911 0 0.0079344903099061032 0.0030502959757154431 -0.0016060291447834631 -0.00089105644976398884 0.00089677980972081069 -0.0022903080655655296 -0.0018997571253428123
leaf_weight=3392.9919282197952 1081.9569239225239 581.34101698733866 107.30439199693501 1612.2730448897928 124.68116260133684 123.36114944517612 250.65627137199044 105.32603143528104 252.02710752561688 153.65199812687933 422.91586151905358 1392.9821702167392 568.00105555728078 510.40967254526913
leaf_count=42492 13842 8093 1174 21830 1749 603 2870 1271 3191 2032 5549 17645 7575 6784
internal_value=0 -0.000547507 -0.00210149 0.00039209 0.00117302 0.000417142 0.00259168 0.00361526 0.00258181 0.00119163 -0.00271684 1.07112e-05 -0.000713608 -0.000123385
internal_weight=0 4154.5 1111.56 6525.38 2621.98 1735.63 886.343 635.686 530.36 405.679 1004.26 3042.94 1649.96 3903.4
internal_count=136700 53878 14816 82822 33546 22433 11113 8243 6972 5223 13642 39062 21417 49276
is_linear=0
shrinkage=0.0101079


Tree=126
num_leaves=15
num_cat=0
split_feature=29 28 27 27 30 14 16 14 5 14 5 14 6 30
split_gain=23.4242 21.0631 30.0347 30.5415 27.3276 21.718 30.6038 20.3947 20.0743 19.7972 19.1178 18.2068 31.734 17.1864
threshold=-0.60785761475563038 -0.35222910344600672 0.032717135734856136 -0.88186877965927113 0.81174489855766307 -2.5444455146789546 0.6814233958721162 -12.655672550201414 0.78832861781120311 -4.1912827491760245 -4.8315827846527091 -6.5548269748687735 -0.23761531710624692 0.81174489855766307
decision_type=2 2 2 2 2 10 10 10 8 10 8 10 10 2
left_child=-1 11 3 7 5 6 -4 -3 -6 -8 -5 -2 -13 -14
right_child=1 2 4 10 8 -7 9 -9 -10 -11 -12 12 13 -15
leaf_value=0.0038002215528966403 -9.8775529929341933e-05 -0.0021358065829896519 1.7377414885624858e-05 0.0016081975509419459 0.003246420112091055 0.0020450217737791525 -0.0041826524496284814 0.00047091020274689691 -0.0001779590506182907 -0.00049726532206519417 -0.0028513120669403035 0.0043936266589166403 0.00013815166909223101 0.0031912654260050112
leaf_weight=151.92591310665011 2666.357975255698 421.93649644590914 1726.1086913663894 90.701775539666414 430.69935610890388 332.85779952816665 343.09911743178964 1025.1740946732461 254.20151280239224 311.49186307936907 1122.6175046553835 266.6771485041827 1339.7705338336527 218.72367537207901
leaf_count=1853 33493 5827 22784 1353 5358 4357 4042 13225 3166 3676 15929 3108 15787 2949
internal_value=0 -9.92044e-05 -0.000490891 -0.00129501 0.000128204 -0.000315576 -0.00066806 -0.000268514 0.00192903 -0.00251603 -0.0024768 0.0004201 0.00119747 0.000605958
internal_weight=0 10550.4 6058.89 2660.43 3398.46 2713.56 2380.7 1447.11 684.901 654.591 1213.32 4491.53 1825.17 1558.49
internal_count=136907 135054 79717 36334 43383 34859 30502 19052 8524 7718 17282 55337 21844 18736
is_linear=0
shrinkage=0.0101079


Tree=127
num_leaves=15
num_cat=0
split_feature=29 0 17 12 14 28 15 18 2 0 10 21 2 16
split_gain=21.037 21.6282 25.6873 34.8412 29.483 24.3613 18.3688 15.9291 15.5406 14.8843 15.1589 14.0638 23.5233 19.6103
threshold=-0.60785761475563038 0.57845059037208568 10.500000000000002 0.0032663748133927588 -6.9678828716278067 0.22706275433301928 4.2300677299499521 57.500000000000007 4.2894840240478525 2.0858482122421269 0.10156659409403802 11.303832530975344 1.9139180779457095 0.96103274822235119
decision_type=2 10 2 8 10 2 8 2 10 10 10 10 10 10
left_child=-1 2 -2 4 6 -5 -4 -8 9 11 -11 12 13 -3
right_child=1 8 3 5 -6 -7 7 -9 -10 10 -12 -13 -14 -15
leaf_value=0.0037182519426035981 0.0029030843015551235 0.00029257066594816995 0.00048977709908900355 0.00044947333641306763 0.0031546203504495022 -0.0049669739817926953 -0.005232504608599523 0 -0.0025031110784105208 0.004331446910150828 0.00015048271477236913 0.0018063035443329969 -0.0015126070434563284 -0.0032508517466237059
leaf_weight=148.23410796187818 120.74105381220579 7211.178130267188 205.92040372081101 90.063939869403839 178.94248788803816 380.54907359275967 161.40091474168003 92.911355027928948 211.62919287756085 170.70238565281034 219.91624314896762 469.41991544514894 902.05772774107754 154.14325845986605
leaf_count=1827 1640 91004 2996 1234 2307 5884 2195 1427 2531 2053 2428 5621 11756 2158
internal_value=0 -2.01596e-05 -0.00127882 -0.00178676 -0.000173757 -0.00385509 -0.00158477 -0.0033845 0.00014226 0.000210069 0.00212727 0.000117938 1.56015e-05 0.000209632
internal_weight=0 10569.6 1230.53 1109.79 639.175 470.613 460.233 254.312 9339.05 9127.42 390.619 8736.8 8267.38 7365.32
internal_count=137061 135234 17683 16043 8925 7118 6618 3622 117551 115020 4481 110539 104918 93162
is_linear=0
shrinkage=0.0101079


Tree=128
num_leaves=15
num_cat=0
split_feature=22 30 11 2 13 14 18 7 6 17 23 2 33 2
split_gain=19.4692 17.9401 28.6295 27.1064 34.1095 23.7144 32.9777 27.9161 32.975 35.6049 22.7743 20.8062 27.5582 18.4647
threshold=-1.0327818989753721 1.0000000180025095e-35 0.052341522648930557 0.60361647605896007 0.020980353467166427 -15.422095775604246 87.500000000000014 -21.318305969238278 -10.021534919738768 60.500000000000007 2.1510056257247929 1.2141697406768801 1.497500002384186 4.2894840240478525
decision_type=10 2 10 8 10 10 2 10 10 2 10 8 8 10
left_child=-1 10 11 4 -4 7 -7 -5 -9 -10 13 12 -3 -2
right_child=1 2 3 5 -6 6 -8 8 9 -11 -12 -13 -14 -15
leaf_value=-0.001825331723685885 -0.00029996807977885877 0.0051996087238171387 0.001018296641936245 -0.00045927861505053229 0.0085992637242106856 -0.00097774316661779367 0.0025939238145106899 -0.00010323546912396753 0.00047408712912409276 0.0074931102309804872 0.0024381074890092195 -0.0019525600156388477 -3.872559484906289e-05 -0.0042799049372150349
leaf_weight=558.85364576708525 5634.5259157475084 103.19214496016502 160.72391764074564 222.06224381551147 109.40523433312774 878.28206196427345 367.7833016552031 148.68910224922001 124.88511664606631 240.94862077571452 295.36994466371834 544.68422567844391 1199.6101544555277 116.18887576647103
leaf_count=8914 71992 498 2035 2502 1256 11154 4369 1770 1506 2821 3388 7366 16007 1388
internal_value=0 0.000100081 0.000618413 0.00138462 0.0043864 0.000940039 5.35253e-05 0.00236939 0.00365664 0.00526411 -0.000245082 -0.000295904 0.000373155 -0.000392979
internal_weight=0 10146.4 4100.27 2252.78 270.129 1982.65 1246.07 736.585 514.523 365.834 6046.08 1847.49 1302.8 5750.71
internal_count=136966 128052 51284 27413 3291 24122 15523 8599 6097 4327 76768 23871 16505 73380
is_linear=0
shrinkage=0.0101079


Tree=129
num_leaves=15
num_cat=0
split_feature=14 20 2 27 11 15 14 14 6 15 29 1 0 9
split_gain=17.5023 26.9427 35.2359 27.4527 22.6525 19.6635 25.3905 28.1662 34.533 30.7916 26.983 28.0596 21.8183 20.5967
threshold=-6.9678828716278067 0.47812247276306158 0.79958158731460582 0.95688340067863475 0.020136863924562935 3.7996246814727788 -18.423770904541012 -13.308495998382567 3.3040598630905156 8.7610287666320819 -1.0000000180025095e-35 0.81617629528045665 0.84687897562980663 0.17197231203317645
decision_type=10 10 8 2 10 8 8 10 10 10 2 10 10 10
left_child=5 2 3 -2 -4 -1 -7 8 -8 10 11 -9 -11 -12
right_child=1 -3 4 -5 -6 6 7 9 -10 12 13 -13 -14 -15
leaf_value=0.0004543283774173742 0.0039327761773345071 0 0.0036164984569589556 -0.00092110180313955358 -0.0016568759346520291 0.0014117969675564812 -0.0035660276234795504 0.0060475734674420491 0.0021375607708458426 -0.0030004978933831469 0.00092683611006821333 0 -0.00034777124250120198 -0.0016754009706401803
leaf_weight=2013.0660849027336 638.68577680177987 3322.4496163390577 98.143844580277801 127.15263149142265 357.49952998012304 468.30080916546285 698.85461914539337 151.39706767909229 113.52460981532931 647.82881674729288 666.23299646750093 150.03722880408168 693.27654620446265 559.24107336997986
leaf_count=27162 7918 41205 1378 1558 4640 6215 9165 1907 1494 7879 8910 1798 8452 7204
internal_value=0 0.000474486 0.00175308 0.00307339 -0.000392725 -0.000351782 -0.00075279 -0.00104155 -0.00270712 -0.00054975 0.000410272 0.00308916 -0.00166894 -0.000230863
internal_weight=0 4543.93 1221.48 765.838 455.643 6161.76 4148.69 3680.39 812.379 2868.01 1526.91 301.434 1341.11 1225.47
internal_count=136885 56699 15494 9476 6018 80186 53024 46809 10659 36150 19819 3705 16331 16114
is_linear=0
shrinkage=0.0101079


Tree=130
num_leaves=15
num_cat=0
split_feature=0 27 13 2 16 12 16 13 2 28 0 21 21 20
split_gain=18.6899 36.4269 19.2045 19.6185 17.6723 24.2324 18.7989 17.0687 14.6075 19.986 19.9663 22.8758 32.7375 27.2564
threshold=0.63429376482963573 -0.50938662886619557 0.10916372761130334 4.2894840240478525 0.76713833212852489 0.017809154465794567 0.62210920453071605 0.0017970562912523749 0.92891258001327526 0.26932403445243841 1.0592803359031679 -3.5706899166107173 -10.340358257293699 -1.5992605090141294
decision_type=10 2 10 10 10 10 8 10 8 2 10 10 10 10
left_child=1 -1 3 8 6 -6 7 -3 9 -2 11 12 -10 -14
right_child=2 4 -4 -5 5 -7 -8 -9 10 -11 -12 -13 13 -15
leaf_value=-0.0044408371329347504 9.4513810143401943e-05 -0.0010004544781603362 0.003598451132837562 -0.0030657404507136109 0.0046694237606210833 -0.0005122928467228326 -0.0031002790357659549 0.0020334320586694707 -0.0030082601422644979 0.0017280542137633075 0.00042590986828420607 -0.0014858868050201147 0.0032983842366182945 -0.001630090764704483
leaf_weight=258.77361276000738 2349.7999712862074 737.25360778905451 154.28660225123167 189.79541061259806 144.8193594366312 200.67786360904574 304.90808228030801 243.10480547323823 174.07437197305262 1171.519231274724 2510.0458442084491 1724.6522630956024 394.11914074793458 142.65780432708561
leaf_count=3664 28916 10487 1638 2297 2018 3022 3907 3118 2422 14716 31432 21981 5354 1911
internal_value=0 -0.000960773 0.000143979 7.46206e-05 -0.000365714 0.00159898 -0.000931496 -0.000197238 0.000152492 0.00065202 -0.000195461 -0.000851756 0.000629834 0.00190968
internal_weight=0 1889.54 8810.95 8656.66 1630.76 345.497 1285.27 980.358 8466.87 3521.32 4945.55 2435.5 710.851 536.777
internal_count=136883 26216 110667 109029 22552 5040 17512 13605 106732 43632 63100 31668 9687 7265
is_linear=0
shrinkage=0.0101079


Tree=131
num_leaves=15
num_cat=0
split_feature=29 2 22 13 3 20 17 3 2 6 21 2 30 17
split_gain=19.8404 18.7161 15.1505 16.5166 19.9066 22.6166 14.011 13.5826 12.9771 19.9391 23.3576 22.2665 23.4753 34.5501
threshold=-0.60785761475563038 4.2894840240478525 -0.97724848985671986 -0.048101976513862603 0.37632842361927038 -0.51075118780136097 30.500000000000004 0.67838245630264293 3.1105161905288701 -11.152259826660154 -6.4391217231750479 1.5090022683143618 1.0000000180025095e-35 87.500000000000014
decision_type=2 8 10 8 10 10 2 10 10 10 10 10 2 2
left_child=-1 2 3 -2 -5 7 -7 -6 9 -4 11 12 -11 -14
right_child=1 -3 8 4 5 6 -8 -9 -10 10 -12 -13 13 -15
leaf_value=0.0035398589908576042 -0.0053914680414860749 -0.002642551695500428 -0.0023217503843015502 0.0029275667052119226 -0.0012136157233330303 0 -0.0048881965852417544 0.0038182167096884444 0.0022430998667479019 0.0006717723407146214 -3.0304710588580229e-05 -0.0005429995505472668 0.0012558075871760427 0.0080345825561186583
leaf_weight=152.08399130403996 87.94205622933805 269.48126460239291 337.48460984043777 109.98991867154837 108.54754624143243 103.79955297335982 198.30709919892251 86.552228337153792 280.12936912477016 376.22717800550163 7943.4621620681137 316.96800609864295 189.37456172145903 150.50128733925521
leaf_count=1852 1436 5011 4334 1557 1714 1533 2950 1359 3489 5329 98275 3946 2393 1757
internal_value=0 -4.93467e-05 1.65459e-05 -0.00141145 -0.00070937 -0.00162624 -0.0033564 0.000878603 0.000125268 5.5443e-05 0.000151221 0.0015759 0.00256559 0.00448461
internal_weight=0 10558.8 10289.3 695.138 607.196 497.206 302.107 195.1 9594.15 9314.02 8976.53 1033.07 716.103 339.876
internal_count=136935 135083 130072 10549 9113 7556 4483 3073 119523 116034 111700 13425 9479 4150
is_linear=0
shrinkage=0.0101079


Tree=132
num_leaves=15
num_cat=0
split_feature=29 0 27 16 16 16 13 2 21 2 2 11 16 23
split_gain=19.7017 18.9411 38.2526 25.3074 25.0753 20.003 33.9834 17.3212 16.4949 24.4317 20.154 15.3113 15.0338 14.9821
threshold=-0.60785761475563038 0.64801299571990978 -0.14132478833198545 0.14459753781557086 0.76713833212852489 0.64657101035118114 0.002618305967189372 4.2894840240478525 10.078850746154787 1.9139180779457095 3.3638665676116948 0.11445067822933198 0.95014366507530224 0.48292905092239385
decision_type=2 10 2 8 10 8 10 10 10 8 10 10 10 10
left_child=-1 2 -2 -4 5 6 13 8 9 12 -11 -6 -3 -5
right_child=1 7 3 4 11 -7 -8 -9 -10 10 -12 -13 -14 -15
leaf_value=0.0035727813199418193 -0.0030665172545751703 0.00041705903689396255 0.003989550432136035 0.00061756774223149899 0.0034239315899968681 -0.0038580801711754053 0.0028229390571511666 -0.0026289532288415237 0.001758789577034734 -0.0019365889857717717 0.0026476990281891371 -0.0011223945070994571 -0.002653998517983521 -0.0029436745447073728
leaf_weight=150.43026589788496 583.74700615368783 6584.317474912852 137.8933821618557 149.42559553682804 219.13121204636991 230.05289675109088 217.63337842747569 208.06122170761228 684.60372132435441 835.99181356653571 97.213095573708415 92.242616303265095 156.38377054035664 369.14511604979634
leaf_count=1852 8502 81731 1879 2461 3142 2858 2763 2496 8083 11982 1316 1220 2107 4676
internal_value=0 -2.015e-05 -0.000907509 0 -0.000457798 -0.0012863 -0.000396872 0.000182843 0.00026001 0.000119414 -0.00139839 0.00195553 0.000336888 -0.00184647
internal_weight=0 10565.8 1999.27 1415.52 1277.63 966.257 736.204 8566.57 8358.51 7673.91 933.205 311.374 6740.7 518.571
internal_count=137068 135216 27501 18999 17120 12758 9900 107715 105219 97136 13298 4362 83838 7137
is_linear=0
shrinkage=0.0101079


Tree=133
num_leaves=15
num_cat=0
split_feature=22 18 5 0 3 21 7 14 15 3 14 3 16 3
split_gain=17.053 15.1119 16.4511 22.0317 19.6617 23.0158 14.9109 14.7962 33.457 17.4501 38.3594 24.9187 18.1218 16.9521
threshold=-1.0182357430458067 91.500000000000014 1.8513816595077517 1.0968829393386843 0.81004285812377941 -1.7098003625869749 -13.497039318084715 -7.5848801136016837 9.2181916236877459 0.87469190359115612 -13.308495998382567 0.46729315817356115 0.25822250545024877 0.64752128720283519
decision_type=10 2 10 10 10 10 8 10 10 10 10 10 10 10
left_child=-1 2 7 4 5 6 -4 8 9 11 -11 -2 13 -13
right_child=1 -3 3 -5 -6 -7 -8 -9 -10 10 -12 12 -14 -15
leaf_value=-0.0016967634256430395 0.001021210367493558 0.0010317475322813444 -9.8692232211389703e-07 0.00040367809923182158 -0.0041011901114240022 -0.00032614870530212569 -0.0052752557746114041 0.0009737105193520642 -0.0022444763320677011 -0.00031608179053980735 0.0046825411067276433 0.001216741737768996 -0.0021496845322674942 -0.0013504752926137159
leaf_weight=594.24794908706099 1228.9930887781084 1388.5655641872436 100.13433065824211 1030.6464230306447 243.68768773972988 1250.8436773493886 177.09123852662742 1763.4810985419899 638.42304162867367 342.6183606069535 260.72061594575644 537.40561244077981 666.96672830916941 499.59111261554062
leaf_count=9434 15944 16551 1401 12763 3446 15264 2189 22038 7713 4455 3128 7035 8817 6942
internal_value=0 5.26443e-05 -9.90349e-05 -0.00073935 -0.0014259 -0.000954625 -0.00356342 0.000196898 -0.000122738 0.00025289 0.0018092 -5.73506e-05 -0.000860015 0
internal_weight=0 10129.2 8740.6 2802.4 1771.76 1528.07 277.226 5938.2 4174.72 3536.3 603.339 2932.96 1703.96 1037
internal_count=137120 127686 111135 35063 22300 18854 3590 76072 54034 46321 7583 38738 22794 13977
is_linear=0
shrinkage=0.0101079


Tree=134
num_leaves=15
num_cat=0
split_feature=29 23 33 0 28 14 3 3 12 14 8 23 4 12
split_gain=20.8782 19.1688 25.0196 25.8654 19.8742 24.1495 21.686 36.6348 23.7575 19.2526 18.1842 17.9378 17.7151 15.9468
threshold=-0.60785761475563038 0.40865308046340948 0.9962500035762788 0.8765484392642976 -0.3317298144102096 -29.344094276428219 0.20865205675363543 0.36191920936107641 -0.025724658742547032 -14.479795932769774 1.0200095772743227 0.69335696101188671 -0.82085844874382008 -0.0013291523791849611
decision_type=2 10 10 10 2 10 10 10 10 10 10 8 10 8
left_child=-1 13 4 -4 11 -6 -7 8 -8 -10 12 -3 -11 -2
right_child=1 2 3 -5 5 6 7 -9 9 10 -12 -13 -14 -15
leaf_value=0.0036389258304040401 0 0.0037534992107684075 0.0037719530188939569 0 0.0041555060754236307 -0.0038000796606129576 -0.001957108031950689 -0.00096516199091516597 -0.00045466555983010527 0.00076313355878953563 -0.00040314968733213576 0.00024620220729193931 0.0049115900422127346 -0.0045448205346227035
leaf_weight=150.2896927408874 155.37440496124327 149.77892236411572 347.60573892295361 372.08410175144672 99.851690363138914 209.57587949372828 193.68035631068051 3876.4927639011294 246.17860244959593 191.13601212762296 129.28854644484818 4087.5211962983012 342.99621706455946 168.05129655543715
leaf_count=1820 2236 1506 1712 1834 1248 2838 2887 53489 3236 2444 1602 52985 4363 2785
internal_value=0 -6.31529e-05 1.0253e-05 0.0018209 -0.000123635 -0.000539724 -0.00064383 -0.000497266 0.00110562 0.00181277 0.00271012 0.000386244 0.00353351 -0.00245762
internal_weight=0 10569.6 10246.2 719.69 9526.5 5289.2 5189.35 4979.77 1103.28 909.599 663.421 4237.3 534.132 323.426
internal_count=136985 135165 130144 3546 126598 72107 70859 68021 14532 11645 8409 54491 6807 5021
is_linear=0
shrinkage=0.0101079


Tree=135
num_leaves=15
num_cat=0
split_feature=0 11 30 11 18 15 33 5 12 27 14 0 14 13
split_gain=18.8244 22.0083 15.0915 28.9497 22.2628 24.9153 21.5862 19.8062 20.1094 20.7275 18.9308 23.5214 21.5816 18.7241
threshold=0.44835413992404943 0.083026733249425902 1.0000000180025095e-35 0.041464271023869521 90.500000000000014 5.4325444698333749 0.9962500035762788 -9.0390920639038068 -0.034562801942229264 -0.3317298144102096 -6.1856966018676749 0.69485893845558178 -17.89473724365234 -0.00044806530058849598
decision_type=10 10 2 10 2 10 10 10 10 2 10 10 10 10
left_child=1 -1 -2 6 5 7 13 -5 9 -9 12 -12 -7 -4
right_child=2 -3 3 4 -6 10 -8 8 -10 -11 11 -13 -14 -15
leaf_value=-0.0040123959693561147 -0.00024575123370837134 0.0016001345844713457 -0.0020813437043950998 -0.001761802689225129 0.0032619565683031145 0.0023745742418433942 0.0032876868805781488 0.00087288541926586563 0 0.0051836486528714963 0.0048665186023625446 0.00010189827094789077 -0.0019972417973503228 0.00016171833113903184
leaf_weight=233.57558505050838 6125.4152558743954 84.300859149545431 708.41602274402976 101.42700903117657 440.05277894996107 126.98489570058882 126.43709796667099 210.95796811021864 193.87684886716306 344.89810678362846 130.82794002816081 533.01970853097737 619.92811363376677 743.88108889386058
leaf_count=3792 78020 1285 9775 1255 5315 1527 614 2740 2719 4123 1597 6709 7512 10107
internal_value=0 -0.00239692 7.14376e-05 0.000534388 0.0011733 0.000739502 -0.000533946 0.00209848 0.00268668 0.00365349 -5.87454e-05 0.00114584 -0.0011838 -0.000909846
internal_weight=0 317.876 10406.1 4280.71 2701.97 2261.92 1578.73 851.16 749.733 555.856 1410.76 663.848 746.913 1452.3
internal_count=137090 5077 132013 53993 33497 28182 20496 10837 9582 6863 17345 8306 9039 19882
is_linear=0
shrinkage=0.0101079


Tree=136
num_leaves=15
num_cat=0
split_feature=2 28 18 30 11 11 12 14 23 3 30 28 3 14
split_gain=19.0584 43.4487 30.5402 26.04 25.7858 24.9014 22.1 29.2028 26.2429 21.3256 19.5679 19.0146 22.363 24.8406
threshold=1.1815446615219118 0.39271505177021032 85.500000000000014 1.0000000180025095e-35 0.16921292990446093 0.062192270532250411 -0.0469093769788742 -4.5770921707153311 0.88042896986007702 0.97792246937751781 0.81174489855766307 0.91080963611602794 0.21224471181631091 -14.877894878387449
decision_type=8 2 2 2 10 10 10 10 10 10 2 2 10 10
left_child=3 2 10 9 -3 -5 -7 -8 -9 11 -2 12 13 -1
right_child=1 4 -4 5 -6 6 7 8 -10 -11 -12 -13 -14 -15
leaf_value=0.0009205839074646363 0.00010365132043546754 -0.0026347511805755678 0.0022221391794126121 0.00034464372826757445 0.0019830866440992663 0.0061042145958149245 0.00035092804968565861 0.0072539005586315843 0.00033887842515276166 0.0041311952931267241 -0.0020651826894643667 -0.0021188533874106413 0.0002479609995316529 -0.0050068133544444006
leaf_weight=99.912244437262416 1943.849705029279 1085.5631108433008 574.11378276906908 1615.155418869108 123.48644995875657 143.42143190093338 583.2940772511065 144.4090817309916 110.59921683929861 106.47280014120042 526.11924111377448 496.29103002510965 2979.3437389992177 173.79008302278817
leaf_count=1302 25211 14809 6963 20962 1363 1768 7322 1773 1405 1243 6765 6654 37248 2219
internal_value=0 -0.000503802 0.000128682 0.000366721 -0.00212034 0.00114942 0.00241965 0.00169201 0.004506 -0.000151172 -0.000346917 -0.000291707 0 -0.00273285
internal_weight=0 4253.13 3044.08 6452.69 1209.05 2596.88 981.724 838.302 255.008 3855.81 2469.97 3749.34 3253.05 273.702
internal_count=137007 55111 38939 81896 16172 33230 12268 10500 3178 48666 31976 47423 40769 3521
is_linear=0
shrinkage=0.0101079


Tree=137
num_leaves=15
num_cat=0
split_feature=29 0 17 12 14 11 28 16 12 3 13 13 18 2
split_gain=18.6551 20.148 24.2851 35.3108 22.9748 21.7194 17.1366 16.1529 15.2684 14.6902 22.0008 15.8073 13.7041 17.6379
threshold=-0.60785761475563038 0.5904124677181245 9.5000000000000018 0.0039334234315902003 -7.0836362838745108 0.023819550871849064 0.6835516393184663 0.27853691577911383 -0.027811466716229912 0.20865205675363543 0.10916372761130334 0.09218542650341989 90.500000000000014 1.1976080536842348
decision_type=2 10 2 8 10 10 2 10 10 10 8 10 2 8
left_child=-1 2 -2 4 7 -5 -7 8 -4 -3 11 12 13 -11
right_child=1 9 3 5 -6 6 -8 -9 -10 10 -12 -13 -14 -15
leaf_value=0.0034036722543878684 0.0027123701777863698 -0.0021053499100753153 -0.0013973980195239606 -0.0072424445823349032 0.002594509084266556 0 -0.0040921352920676116 -0.0032783153382139859 0.0034809929428217946 0.00041988182438893102 0.0044381200949209281 -0.0036697998809238097 0.0011660853865764135 -0.00057115569599063335
leaf_weight=153.05095981061459 129.82757378183305 288.5313053522259 173.84125686250627 133.49976719077677 202.96159668080509 168.3803592864424 209.86821326799691 232.84301966615021 92.786201972514391 4372.7773167546839 114.95473230071366 102.93958046287298 1197.0746522545815 3149.0614031180739
leaf_count=1871 1777 3556 2473 2038 2634 2237 3389 3305 1349 55488 1164 1221 14102 40618
internal_value=0 -6.55927e-05 -0.00122045 -0.00168843 -0.000148581 -0.00369083 -0.00221391 -0.00136538 0.000202243 9.91376e-05 0.000176575 0.000112669 0.000165138 0
internal_weight=0 10569.3 1344.01 1214.18 702.432 511.748 378.249 499.47 266.627 9225.34 8936.81 8821.85 8718.91 7521.84
internal_count=137222 135351 19202 17425 9761 7664 5626 7127 3822 116149 112593 111429 110208 96106
is_linear=0
shrinkage=0.0101079


Tree=138
num_leaves=15
num_cat=0
split_feature=29 0 16 15 18 6 2 0 21 2 2 16 21 30
split_gain=17.7343 19.9418 26.0431 18.2763 18.8621 18.7647 17.3675 14.8779 16.6832 20.8761 21.6877 20.2991 14.9932 19.9998
threshold=-0.60785761475563038 0.5904124677181245 0.78595864772796642 3.7996246814727788 86.500000000000014 -3.8537026643753047 4.2894840240478525 2.1317762136459355 11.303832530975344 1.9139180779457095 3.1105161905288701 0.96103274822235119 -7.2103924751281729 1.0000000180025095e-35
decision_type=2 10 10 8 2 10 10 10 10 8 10 10 10 2
left_child=-1 2 3 5 -5 -2 7 8 9 11 -11 12 13 -3
right_child=1 6 -4 4 -6 -7 -8 -9 -10 10 -12 -13 -14 -15
leaf_value=0.0033887669509318871 -0.0019247685480124354 -5.4441885534944082e-05 0.0016550827650283362 -0.0035791644279751485 -0.00026048077703161803 0.0037357055519125241 -0.002688549807461864 0.0022294021000128488 0.0019426867496696023 -0.0020910569717301087 0.001991936198177877 -0.0034320595362489822 9.6710399054638035e-05 0.0031360857771688148
leaf_weight=148.22622849047184 117.03903279267251 347.3514128215611 245.47207729890943 585.58159344829619 289.02661520987749 101.8834545109421 210.41557952389121 345.69060752168298 468.13950749114156 796.5018898639828 143.04461740702391 146.40861227363348 6349.2501612510532 399.98097503371537
leaf_count=1804 1716 4971 3691 8476 3854 1403 2537 3952 5527 11610 1897 2016 78643 4616
internal_value=0 -4.57149e-05 -0.00119737 -0.00188149 -0.0025401 0.000567884 0.000118236 0.000190605 0.000102561 0 -0.00141563 0.000179927 0.000263753 0.00161396
internal_weight=0 10545.8 1339 1093.53 874.608 218.922 9206.78 8996.37 8650.68 8182.54 939.547 7242.99 7096.58 747.332
internal_count=136713 134909 19140 15449 12330 3119 115769 113232 109280 103753 13507 90246 88230 9587
is_linear=0
shrinkage=0.0101079


Tree=139
num_leaves=15
num_cat=0
split_feature=22 30 11 28 27 2 13 14 5 12 14 13 2 14
split_gain=17.2264 17.195 29.7271 21.1289 34.1716 20.6606 35.6029 21.2772 36.0943 34.1074 27.0985 41.679 18.5681 17.0592
threshold=-1.0327818989753721 1.0000000180025095e-35 0.04929447919130326 0.4904943853616715 -0.032717135734856122 0.60361647605896007 0.020980353467166427 -15.275309562683104 -4.1964139938354483 -0.034562801942229264 -8.0283079147338849 -0.0096889059059321863 0.58619198203086864 -7.5848801136016837
decision_type=10 2 10 2 2 8 10 10 10 10 10 10 8 10
left_child=-1 3 -3 12 -5 6 -4 8 -7 -10 11 -9 -2 -14
right_child=1 2 5 4 -6 7 -8 10 9 -11 -12 -13 13 -15
leaf_value=-0.0017161319321223804 -0.0014578845638567393 -0.00037869189500589981 0.00060743599569617148 -0.0035414579055587838 -0.00023911402805177508 -0.00017266830243911497 0.0080829005445070632 0.0010942435223217572 0.0063487195031533411 0.00026844616774710905 0.0012085658677894876 -0.0049144700158436855 -0.00024966581181334787 0.0010868867698138676
leaf_weight=560.46831236034632 649.4166664313525 1748.0857002809644 169.04923178628087 463.27821600437164 1099.965349657461 316.72526637092233 115.48378587700427 222.61767406202853 270.26600749976933 165.54064285010099 867.53064456023276 220.10969355143607 2006.2664433438331 1823.1252261400223
leaf_count=8949 7662 22572 2167 6289 14060 3687 1318 3226 3095 2037 10463 2657 26047 22595
internal_value=0 9.25418e-05 0.000600474 -0.000245373 -0.00125602 0.00134573 0.00391202 0.000959075 0.00230842 0.00417484 0.000144481 -0.00183583 9.98845e-05 0.000376992
internal_weight=0 10137.5 4095.41 6042.05 1563.24 2347.32 284.533 2062.79 752.532 435.807 1310.26 442.727 4478.81 3829.39
internal_count=136824 127875 51222 76653 20349 28650 3485 25165 8819 5132 16346 5883 56304 48642
is_linear=0
shrinkage=0.0101079


Tree=140
num_leaves=15
num_cat=0
split_feature=22 2 30 11 2 33 5 16 3 16 23 0 3 11
split_gain=17.2197 17.7888 14.27 23.8483 21.686 26.4808 20.2524 39.3879 20.2159 23.9645 53.111 21.3862 19.8775 18.9874
threshold=-0.97724848985671986 0.60361647605896007 1.0000000180025095e-35 0.052341522648930557 1.2141697406768801 1.497500002384186 -3.1475518941879268 0.16810092329978946 0.5932617485523225 0.75934004783630382 0.69335696101188671 0.75092875957489025 0.6930176615715028 0.10629612207412721
decision_type=10 8 2 10 8 8 10 10 10 10 10 10 10 10
left_child=1 -1 -2 4 5 -4 -5 -8 9 11 -11 -9 -6 -12
right_child=2 -3 3 6 12 -7 7 8 -10 10 13 -13 -14 -15
leaf_value=0.001325455167503205 -0.00022526536123350873 -0.0023978142590170485 0.0051485920604518636 -0.00028652338141826249 -0.0044763219748893595 -7.7329815325805918e-06 0.0059045447289195595 -0.0016265573837422865 -0.00045162955003595656 0.0096316800872454384 0.0039906140027594472 0.0022961522109466968 -0.00034337120669012869 -0.00098036240541097761
leaf_weight=150.33919410780072 5962.6252098158002 554.64094461500645 102.26336278021336 592.49979096651077 199.60077253729105 1173.0158632546663 209.02081272192299 232.99949008785188 473.30906644277275 112.41499160788953 137.42896078154445 321.37552319839597 339.49361594766378 145.77008983679116
leaf_count=2283 75491 8794 493 7160 2581 15609 2554 2814 5831 1295 1685 4024 4704 1675
internal_value=0 -0.00154129 8.41045e-05 0.000550365 -0.000291248 0.000402351 0.0012535 0.00183593 0.00118182 0.00203505 0.00392999 0.000575708 -0.00198881 0.00133409
internal_weight=0 704.98 10001.8 4039.19 1814.37 1275.28 2224.82 1632.32 1423.3 949.989 395.614 554.375 539.094 283.199
internal_count=136993 11077 125916 50425 23387 16102 27038 19878 17324 11493 4655 6838 7285 3360
is_linear=0
shrinkage=0.0101079


Tree=141
num_leaves=15
num_cat=0
split_feature=22 17 20 2 21 27 21 12 0 18 2 21 20 17
split_gain=18.9748 16.0914 22.9956 15.9813 22.8709 18.7688 19.9263 16.7945 16.8309 16.8994 20.1079 31.9919 16.5944 16.1604
threshold=-1.0327818989753721 29.500000000000004 -0.1905863285064697 1.6612205505371096 -7.3500659465789786 0.78661888837814342 8.9521918296813983 -0.091280177235603319 1.6468513011932375 92.500000000000014 1.1815446615219118 2.4299457073211674 -10.424750328063963 87.500000000000014
decision_type=10 2 8 8 10 2 10 10 10 2 10 10 10 2
left_child=1 -1 -3 4 13 6 12 -6 9 10 -9 -12 -5 -2
right_child=3 2 -4 5 7 -7 -8 8 -10 -11 11 -13 -14 -15
leaf_value=0.0014131390113006589 0.00058734289770074092 -0.0003432806680087629 -0.0051280728043108497 0.0017401946241649413 0.0037344889138782441 0.0021747319629454205 0.00050442752459573231 4.2786487197347522e-05 0.0019281070122650829 0.0012808660292488599 -0.0030747539465950271 0.00040976193359798052 -0.0019727609480438956 0.0037974860483330959
leaf_weight=108.27144363895059 400.82560333423316 243.15866119973361 201.33279352635145 118.71991084516048 125.82132413797081 207.04740418866277 631.73553362488747 4717.178273236379 472.97677952423692 861.42503747530282 578.44892395660281 461.45795394852757 1259.0969832800329 311.90254577808082
leaf_count=1688 5142 3972 3217 1504 1632 2790 7522 59241 5792 10129 7172 5932 17377 3832
internal_value=0 -0.00177356 -0.00265011 0.000135672 0.000351027 -0.000615131 -0.000929793 0.00017329 0.000100453 -2.61149e-05 -0.000230139 -0.00149812 -0.00161578 0.00207373
internal_weight=0 552.763 444.491 10146.6 7930.04 2216.6 2009.55 7217.31 7091.49 6618.51 5757.09 1039.91 1377.82 712.728
internal_count=136942 8877 7189 128065 98872 29193 26403 89898 88266 82474 72345 13104 18881 8974
is_linear=0
shrinkage=0.0101079


Tree=142
num_leaves=15
num_cat=0
split_feature=23 2 33 28 28 2 23 29 20 3 20 16 2 13
split_gain=15.7084 19.8704 14.5474 20.6372 13.9469 27.4834 16.8064 15.2165 29.9699 23.5798 16.7307 31.5376 22.8142 26.5745
threshold=0.44278845191001898 0.93441268801689159 0.9962500035762788 -0.010907442308962435 -0.3317298144102096 0.54125031828880321 0.69335696101188671 1.0000000180025095e-35 2.7811295986175542 0.93217718601226818 -1.0059366822242735 0.35159924626350408 1.5612897872924807 0.0037644999101758008
decision_type=10 8 10 2 2 8 10 2 10 10 10 10 8 10
left_child=1 -1 4 -4 6 -6 -2 10 9 -9 12 -12 13 -7
right_child=2 -3 3 -5 5 7 -8 8 -10 -11 11 -13 -14 -15
leaf_value=-0.0001199824817880577 0.0036760905756511504 -0.0045589643805479694 0 0.0033688285515130608 0.0013051506921826512 0.0046385771543817527 0.00026612712280687508 -0.002265394409602895 0.00069399846663159538 0.00066749168707576801 -0.0044609850701545113 0 -0.001096411937791084 -0.00015919634441960507
leaf_weight=308.63931925222278 148.61399362236261 164.20505639817566 397.10932394862175 313.82677598297596 815.87133952230215 263.26514128036797 4108.0161513742059 1693.5754758864641 624.78500178828835 307.66053744405508 185.42330619134009 959.77384591847658 243.67200624197721 180.28732630796731
leaf_count=4715 1498 2595 1964 1531 10398 3760 53181 23898 8427 4216 2605 12603 3264 2482
internal_value=0 -0.00179373 7.59693e-05 0.00146384 -2.43979e-05 -0.000375502 0.000401045 -0.000693825 -0.00118602 -0.00179352 0 -0.000733196 0.00125225 0.002629
internal_weight=0 472.844 10241.9 710.936 9530.94 5274.31 4256.63 4458.44 2626.02 2001.24 1832.42 1145.2 687.224 443.552
internal_count=137137 7310 129827 3495 126332 71653 54679 61255 36541 28114 24714 15208 9506 6242
is_linear=0
shrinkage=0.0101079


Tree=143
num_leaves=15
num_cat=0
split_feature=33 6 3 3 3 23 21 8 11 29 3 23 18 16
split_gain=16.2682 18.3368 22.6354 17.7945 30.3267 25.154 19.7384 19.5882 19.0557 21.7926 20.3727 20.8771 18.3385 23.4206
threshold=0.9962500035762788 -2.9924108982086177 0.54953879117965709 0.36191920936107641 0.29388964176177984 1.1038522124290469 -10.340358257293699 0.18019800633192065 0.040993670001626022 -1.0000000180025095e-35 0.65705156326293956 0.76110470294952404 90.500000000000014 0.16810092329978946
decision_type=10 10 10 8 10 10 10 10 10 2 10 10 2 10
left_child=3 -2 -3 4 -1 6 -5 -6 9 10 11 -8 13 -10
right_child=1 2 -4 5 7 -7 8 -9 12 -11 -12 -13 -14 -15
leaf_value=-0.00034153797214408278 0.0035092681506912701 -0.0017965789175663398 0.0023504180452235358 -0.0037641214837426241 0.0031507343680853301 0.00038326956621300085 -0.0034924151253936451 0.00027025592907519916 0.0018378741369701678 -0.0018570098316807225 0.0037084809054164294 0.0016702418823729204 0.0016263699179226963 -0.0010706144467742481
leaf_weight=1364.3349680565298 266.40384256839752 262.33329424262047 256.35644720494747 219.88196239620447 582.45011747814715 2794.5952548328787 148.03449245728552 466.76681952737272 334.3979496397078 1724.8980413526297 140.93144695088267 147.17353804223239 523.24873174726963 1481.7458494585007
leaf_count=17294 1273 1333 1292 3485 7514 36809 1880 5981 5007 24351 2182 1748 6757 20227
internal_value=0 0.001384 0.000180443 -0.000120376 0.000627306 -0.000366284 -0.000818515 0.00191882 -0.000659486 -0.00134228 0.000599083 -0.000807658 -9.17536e-06 -0.000507432
internal_weight=0 785.094 518.69 9928.46 2413.55 7514.91 4720.31 1049.22 4500.43 2161.04 436.139 295.208 2339.39 1816.14
internal_count=137133 3898 2625 133235 30789 102446 65637 13495 62152 30161 5810 3628 31991 25234
is_linear=0
shrinkage=0.0101079


Tree=144
num_leaves=15
num_cat=0
split_feature=22 29 20 16 17 29 2 0 10 9 2 28 21 20
split_gain=17.0526 15.2777 16.3157 22.1509 19.8627 14.1614 14.543 13.2186 12.767 19.2486 15.3198 23.9941 21.0249 17.8864
threshold=-0.97724848985671986 -1.0000000180025095e-35 -0.22394750267267224 0.80893644690513622 33.500000000000007 -0.60785761475563038 4.2894840240478525 2.0858482122421269 0.20329598337411883 0.4649884849786759 1.1660312414169314 0.41268247365951544 -6.5598137378692618 -1.8741140365600584
decision_type=10 2 8 10 2 2 10 10 10 10 8 2 10 10
left_child=1 -1 -3 4 -4 -2 7 8 10 -10 12 -12 13 -7
right_child=5 2 3 -5 -6 6 -8 -9 9 -11 11 -13 -14 -15
leaf_value=0.0022421295133949371 0.0032757055695971388 -6.1573373444704009e-05 -0.00036374198373719516 0.00055203669944289076 -0.0068560035701019373 0.00016264802260919462 -0.0024407244745003969 0.0019811448843264391 0.0018168609798930174 -0.0015436167391952066 -0.00013826736941949776 -0.0024587716608298988 5.7642996882506104e-05 0.0044031370015035253
leaf_weight=83.265840860083699 139.5438199210912 278.77120796218514 85.399960570037365 84.744619676843286 174.17671849671751 227.52192228473723 214.77760431729257 387.59482447989285 848.43538451567292 199.54575064964592 2040.9714584033936 595.67053767852485 5128.1040627546608 214.13432828523219
leaf_count=1301 1668 4459 1252 1398 2682 3187 2559 4449 10480 2319 26893 8018 63513 2769
internal_value=0 -0.00146102 -0.00204124 -0.00349287 -0.00494303 0.000154183 0.000103385 0.000166138 8.41792e-05 0.00113209 -4.56397e-05 -0.000683415 0.000249535 0.00234864
internal_weight=0 706.358 623.093 344.321 259.577 9996.3 9856.76 9641.98 9254.38 1047.98 8206.4 2636.64 5569.76 441.656
internal_count=136947 11092 9791 5332 3934 125855 124187 121628 117179 12799 104380 34911 69469 5956
is_linear=0
shrinkage=0.0101079


Tree=145
num_leaves=15
num_cat=0
split_feature=29 23 12 2 2 6 16 17 11 11 30 2 10 28
split_gain=16.6251 19.147 16.9503 13.4737 13.1155 18.6808 19.0425 29.0286 19.2831 19.0353 31.7051 26.9191 21.7138 15.1859
threshold=-0.60785761475563038 0.40865308046340948 -0.0013291523791849611 4.2894840240478525 3.1105161905288701 -11.152259826660154 0.16810092329978946 57.500000000000007 0.18815421313047412 0.04487311281263829 1.0000000180025095e-35 1.4207332730293276 0.13587181270122531 -0.24825246632099149
decision_type=2 10 8 10 10 10 10 2 10 10 2 8 10 2
left_child=-1 2 -2 4 5 -3 7 -7 13 -9 12 -12 -11 -8
right_child=1 3 -4 -5 -6 6 8 9 -10 10 11 -13 -14 -15
leaf_value=0.0032732568021577929 0 -0.002207990252843559 -0.0045883649154039091 -0.0023946279488585636 0.0022141892352639629 -0.0010469982311621445 0.00032246035823169084 -0.00043599682769666426 0.0037789232040768756 0.0029344190521967566 0.007155725284426628 0.00052594154771502994 -0.0020782073225819359 -0.00055231961653989152
leaf_weight=149.26532818563282 159.36540788598359 359.04591421969235 167.8545384099707 219.57064970768988 281.78734400495887 351.87134827114642 3917.6966248638928 175.45410051941872 123.66909823566675 197.01160166226327 232.67414379864931 104.98613950237632 140.59813444688916 4130.7486084327102
leaf_count=1818 2265 4790 2787 2632 3553 4446 48215 2341 1278 2812 2891 1217 2146 53848
internal_value=0 -4.08984e-05 -0.00242106 3.29898e-05 9.20339e-05 2.47545e-05 0.00011631 0.00130102 -5.41301e-05 0.00232005 0.00309232 0.00526886 0.000729804 -0.000121579
internal_weight=0 10562.3 327.22 10235.1 10015.5 9733.76 9374.71 1202.6 8172.11 850.724 675.27 337.66 337.61 8048.45
internal_count=137039 135221 5052 130169 127537 123984 119194 15853 103341 11407 9066 4108 4958 102063
is_linear=0
shrinkage=0.0101079


Tree=146
num_leaves=15
num_cat=0
split_feature=22 0 30 18 21 13 28 3 23 13 28 3 18 28
split_gain=15.5666 13.9226 17.5422 20.5019 30.7737 17.0807 17.1074 15.5833 16.0853 24.7592 15.3846 18.0946 21.4839 34.4244
threshold=-1.0327818989753721 2.1317762136459355 1.0000000180025095e-35 90.500000000000014 -4.9467766284942618 0.038701321929693229 0.054511256515979774 0.91493108868598949 0.5917700231075288 0.033804457634687431 0.47136868536472326 0.52626195549964916 44.500000000000007 0.8491516411304475
decision_type=10 10 2 2 10 10 2 10 10 10 2 10 2 2
left_child=-1 2 10 4 -4 6 -5 8 9 -6 -2 12 -12 -14
right_child=1 -3 3 5 7 -7 -8 -9 -10 -11 11 -13 13 -15
leaf_value=-0.001600765459960656 8.3359376045106522e-06 0.0020015348176069137 0.0018633488136405236 0.0028682640964642161 0 0.0043560445613578793 -0.0012072284324211951 -0.0030606337857253282 -0.00042893222646274665 0.0059020284569912124 -0.002234373181762896 -0.0023481661809035075 0.0038712302099146215 -0.0010516506256855517
leaf_weight=554.17000621091574 4180.3141270205379 382.39171089418232 876.06082897074521 198.29276228137314 213.61615844257176 239.61779233254492 192.74679906666279 189.14247635193169 1983.77761342749 101.99890664219856 319.74566101841629 707.13587355241179 241.04833219386637 323.45102720707655
leaf_count=8906 52954 4334 10877 2404 2774 2806 2479 2544 24968 1213 4584 9243 2822 4111
internal_value=0 0.000126192 4.71207e-05 0.000564977 0.000235826 0.00223375 0.000773182 -0.000324846 -7.2871e-05 0.00199713 -0.000304612 -0.00114812 -0.000131149 0.0010033
internal_weight=0 10149.3 9766.95 3995.25 3364.6 630.657 391.04 2488.54 2299.39 315.615 5771.7 1591.38 884.245 564.499
internal_count=137019 128113 123779 50065 42376 7689 4883 31499 28955 3987 73714 20760 11517 6933
is_linear=0
shrinkage=0.0101079


Tree=147
num_leaves=15
num_cat=0
split_feature=29 2 14 7 3 7 5 9 2 13 12 30 12 3
split_gain=17.3059 14.7506 12.7075 17.6337 13.544 22.5437 14.2137 13.8323 15.9411 22.9108 16.7943 23.5508 16.4474 14.9294
threshold=-0.60785761475563038 4.2894840240478525 -31.20312404632568 -24.459581375122067 0.20865205675363543 25.277836799621586 0.23351450264453891 0.11784616112709047 0.96139732003211986 0.011756865773350002 -0.015845549292862412 0.81174489855766307 0.099357508122921004 0.84273555874824535
decision_type=2 8 10 10 10 10 10 10 10 10 10 2 10 10
left_child=-1 2 -2 -4 6 7 -5 8 9 10 -6 -12 13 -10
right_child=1 -3 3 4 5 -7 -8 -9 12 -11 11 -13 -14 -15
leaf_value=0.0032764968403549925 0.0033578142304243057 -0.0023658025279312579 -0.0037997828593829912 -0.0035958813624943332 0.0020015115570561817 0.0034718316522935554 0.00018604226686557809 -0.00026858049267719774 -0.0011893392975023582 0.0027492357616513709 -0.0015728231195530848 0.003220783094930282 0.0020715348589420732 0.0012203769684245678
leaf_weight=153.76617189869285 106.48407599143684 267.99023040104657 117.89600752666593 205.84822824597359 368.85796573758125 189.22638723440468 155.97660240717232 6166.5666185691953 1082.7627520561218 631.88008373789489 552.42662334255874 117.83054231479764 272.06772626377642 324.54171158745885
leaf_count=1861 1159 4988 1346 2555 5150 2132 1872 77918 13967 7900 6903 1574 3324 4350
internal_value=0 -5.80547e-05 0 -3.38092e-05 9.11586e-06 8.53488e-05 -0.00188578 1.10348e-05 0.000537186 0.00123639 0.000264405 -0.000643595 -0.000136968 -0.000601422
internal_weight=0 10560.4 10292.4 10185.9 10068 9706.16 361.825 9516.93 3350.37 1671 1039.12 670.257 1679.37 1407.3
internal_count=136999 135138 130150 128991 127645 123218 4427 121086 43168 21527 13627 8477 21641 18317
is_linear=0
shrinkage=0.0101079


Tree=148
num_leaves=15
num_cat=0
split_feature=0 11 2 28 18 11 30 30 14 10 21 12 2 28
split_gain=15.291 17.3076 14.2218 31.4783 31.7561 23.9127 18.9118 14.9448 21.0709 14.4939 14.4461 29.6782 19.5399 14.1601
threshold=0.44835413992404943 0.083730656653642668 1.1734722852706911 0.41268247365951544 85.500000000000014 0.1635750010609627 0.81174489855766307 0.81174489855766307 -19.857032775878903 0.15845577418804171 -2.8633743524551387 -0.034562801942229264 0.55169257521629345 -0.89194178581237782
decision_type=10 10 8 2 2 10 2 2 10 10 10 10 10 2
left_child=1 -1 6 4 7 -5 -2 -4 -9 -10 11 -8 -12 -6
right_child=2 -3 3 5 13 -7 10 8 9 -11 12 -13 -14 -15
leaf_value=-0.0035786210223063141 9.4216392008107419e-05 0.001445972285777508 3.3536006369219272e-05 -0.0023903458980370149 -0.00068027697250032317 0.0019131659890299802 0.0030124317848709524 0.0013929334891859011 -0.0042776716407749238 0 0.0061663657652974574 -0.0026501935195956373 0.0015287988211008692 0.003024603293627142
leaf_weight=235.33188843075186 5018.6394642926753 80.043287405744195 1993.2397527396679 993.62955993227661 110.71587049774826 135.54399213381112 163.10890628583729 132.47144789993763 276.46306689269841 124.60361480712891 114.14741171337664 203.4872137401253 669.34533459506929 470.54750147275627
leaf_count=3870 63169 1236 25775 13475 1399 1531 2057 1492 3693 1584 1517 2599 8257 5658
internal_value=0 -0.00217395 5.8746e-05 -0.000387067 0.000126908 -0.00182876 0.000371626 -0.000350927 -0.00184229 -0.00301603 0.00153857 -1.24596e-05 0.00230861 0.00225048
internal_weight=0 315.375 10405.9 4237.21 3108.04 1129.17 6168.73 2526.78 533.538 401.067 1150.09 366.596 783.493 581.263
internal_count=137312 5106 132206 54607 39601 15006 77599 32544 6769 5277 14430 4656 9774 7057
is_linear=0
shrinkage=0.0101079


end of trees

feature_importances:
Column_2=197
Column_3=174
Column_27=155
Column_28=133
Column_0=125
Column_14=125
Column_13=105
Column_23=98
Column_29=96
Column_30=92
Column_33=88
Column_15=76
Column_16=76
Column_21=73
Column_12=72
Column_11=63
Column_7=50
Column_22=50
Column_18=47
Column_17=42
Column_20=39
Column_5=36
Column_6=30
Column_8=12
Column_10=12
Column_4=7
Column_1=6
Column_9=4
Column_31=2
Column_32=1

parameters:
[boosting: gbdt]
[objective: binary]
[metric: auc]
[tree_learner: serial]
[device_type: cpu]
[data_sample_strategy: bagging]
[data: ]
[valid: ]
[num_iterations: 600]
[learning_rate: 0.0101079]
[num_leaves: 15]
[num_threads: 2]
[seed: 2024]
[deterministic: 0]
[force_col_wise: 0]
[force_row_wise: 0]
[histogram_pool_size: -1]
[max_depth: -1]
[min_data_in_leaf: 1280]
[min_sum_hessian_in_leaf: 0.001]
[bagging_fraction: 0.829452]
[pos_bagging_fraction: 1]
[neg_bagging_fraction: 1]
[bagging_freq: 1]
[bagging_seed: 2024]
[feature_fraction: 0.727545]
[feature_fraction_bynode: 1]
[feature_fraction_seed: 2024]
[extra_trees: 0]
[extra_seed: 29642]
[early_stopping_round: 0]
[early_stopping_min_delta: 0]
[first_metric_only: 0]
[max_delta_step: 0]
[lambda_l1: 4.00664]
[lambda_l2: 7.63247]
[linear_lambda: 0]
[min_gain_to_split: 0]
[drop_rate: 0.1]
[max_drop: 50]
[skip_drop: 0.5]
[xgboost_dart_mode: 0]
[uniform_drop: 0]
[drop_seed: 2449]
[top_rate: 0.2]
[other_rate: 0.1]
[min_data_per_group: 100]
[max_cat_threshold: 32]
[cat_l2: 10]
[cat_smooth: 10]
[max_cat_to_onehot: 4]
[top_k: 20]
[monotone_constraints: ]
[monotone_constraints_method: basic]
[monotone_penalty: 0]
[feature_contri: ]
[forcedsplits_filename: ]
[refit_decay_rate: 0.9]
[cegb_tradeoff: 1]
[cegb_penalty_split: 0]
[cegb_penalty_feature_lazy: ]
[cegb_penalty_feature_coupled: ]
[path_smooth: 0]
[interaction_constraints: ]
[verbosity: -1]
[saved_feature_importance_type: 0]
[use_quantized_grad: 0]
[num_grad_quant_bins: 4]
[quant_train_renew_leaf: 0]
[stochastic_rounding: 1]
[linear_tree: 0]
[max_bin: 255]
[max_bin_by_feature: ]
[min_data_in_bin: 3]
[bin_construct_sample_cnt: 200000]
[data_random_seed: 6648]
[is_enable_sparse: 1]
[enable_bundle: 1]
[use_missing: 1]
[zero_as_missing: 0]
[feature_pre_filter: 1]
[pre_partition: 0]
[two_round: 0]
[header: 0]
[label_column: ]
[weight_column: ]
[group_column: ]
[ignore_column: ]
[categorical_feature: ]
[forcedbins_filename: ]
[precise_float_parser: 0]
[parser_config_file: ]
[objective_seed: 12337]
[num_class: 1]
[is_unbalance: 0]
[scale_pos_weight: 1]
[sigmoid: 1]
[boost_from_average: 1]
[reg_sqrt: 0]
[alpha: 0.9]
[fair_c: 1]
[poisson_max_delta_step: 0.7]
[tweedie_variance_power: 1.5]
[lambdarank_truncation_level: 30]
[lambdarank_norm: 1]
[label_gain: ]
[lambdarank_position_bias_regularization: 0]
[eval_at: ]
[multi_error_top_k: 1]
[auc_mu_weights: ]
[num_machines: 1]
[local_listen_port: 12400]
[time_out: 120]
[machine_list_filename: ]
[machines: ]
[gpu_platform_id: -1]
[gpu_device_id: -1]
[gpu_use_dp: 0]
[num_gpu: 1]

end of parameters

pandas_categorical:null
