tree
version=v4
num_class=1
num_tree_per_iteration=1
label_index=0
max_feature_idx=33
objective=binary sigmoid:1
feature_names=Column_0 Column_1 Column_2 Column_3 Column_4 Column_5 Column_6 Column_7 Column_8 Column_9 Column_10 Column_11 Column_12 Column_13 Column_14 Column_15 Column_16 Column_17 Column_18 Column_19 Column_20 Column_21 Column_22 Column_23 Column_24 Column_25 Column_26 Column_27 Column_28 Column_29 Column_30 Column_31 Column_32 Column_33
feature_infos=[0.22403052449226379:4.806818962097168] [0.027025075629353523:26.170040130615234] [0.17134076356887817:8.6935958862304688] [0.087584272027015686:1] [-28.67047119140625:41.262332916259766] [-36.190670013427734:42.326030731201172] [-36.841156005859375:62.500308990478516] [-45.158794403076172:63.120437622070312] [-22.455821990966797:30.680826187133789] [0:0.95389312505722046] [0:0.64536702632904053] [0:0.40022626519203186] [-0.51016271114349365:0.51874518394470215] [-0.15599349141120911:0.22172828018665314] [-46.22015380859375:17.161741256713867] [-8.3726015090942383:64.2962646484375] [0:1] [0:95] [0:95] [-1:1] [-29.775985717773438:44.984848022460938] [-30.525325775146484:55.0223388671875] [-2.8409864902496338:15.253066062927246] [0.049656935036182404:5.4310722351074219] [-1:1] [0:1] [0:1] [-1:1] [-1:1] [-0.78183150291442871:0.97492790222167969] [-0.90096884965896606:1] [0:1] [0:1] [0.8888888955116272:4.5999999046325684]
tree_sizes=1727 1811 1787 1809 1785 1809 1811 1790 1817 1795 1809 1815 1785 1754 1789 1782 1777 1763 1803 1787 1758 1777 1779 1803 1811 1762 1802 1794 1801 1769 1779 1814 1810 1816 1791 1800 1804 1785 1799 1801 1813 1822 1793 1808 1792 1792 1765 1782 1768 1797 1790 1811 1817 1799 1804 1790 1794 1809 1789 1814 1815 1816 1795 1798 1784 1807 1775 1808 1799 1776 1801 1806 1783 1806 1814 1801 1807 1830 1787 1811 1801 1803 1769 1772 1797 1797 1796 1780 1761 1784 1782 1804 1805 1813 1791 1781 1779 1782 1797 1813 1794 1788 1814 1812 1767 1798 1808 1792 1813 1812 1812 1797 1807 1805 1784 1803 1755 1806 1728 1801 1796 1762 1779 1817 1809 1788 1751 1818 1774 1810 1808 1806 1807 1796 1786 1791 1764 1805 1798 1785 1758 1796 1780 1780 1796 1792 1816 1775 1808 1784 1812 1771 1813 1816 1808 1806 1785 1774 1779 1786 1792 1789 1777 1757 1815 1810 1766 1789 1781 1788 1762 1796 1813 1775 1813 1801 1785 1808 1768 1789 1791 1777 1805 1761 1780 1809 1794 1812 1789 1783 1811 1801 1788 1813 1780 1784 1797 1778

Tree=0
num_leaves=15
num_cat=0
split_feature=27 28 29 16 16 13 15 16 2 3 29 27 11 2
split_gain=84.9348 85.5709 78.1088 55.2155 36.9679 33.6285 47.8478 26.1991 29.536 23.4134 22.8671 44.3704 24.0106 22.6124
threshold=-0.49049438536167139 -0.22706275433301923 -1.0000000180025095e-35 0.42439576983451849 0.15454717725515368 -0.018844081088900563 12.820211410522463 0.84136477112770092 2.1680376529693608 0.58187785744667064 0.87837970256805431 -0.87137606739997853 0.013582919724285604 0.78664362430572521
decision_type=2 2 2 2 2 2 2 2 2 2 2 2 2 2
left_child=1 -1 3 -3 9 6 -6 8 13 -2 12 -12 -4 -7
right_child=4 2 10 -5 5 7 -8 -9 -10 -11 11 -13 -14 -15
leaf_value=-1.0857642766343867 -1.0818690984818209 -1.0887954027769089 -1.0862563291734328 -1.0812579410846805 -1.0877468440357092 -1.0843202081289054 -1.0807733636398211 -1.0865215709735478 -1.0797383797177662 -1.085831885141503 -1.0853335401369655 -1.0924469399156269 -1.0912346687993175 -1.0860235098224491
leaf_weight=1449.7349225003272 405.2554861549288 181.10745515301824 114.25114252977073 194.68294596299529 1362.1716428212821 1621.5793778542429 99.139943365007639 1632.0404289700091 101.94697871804237 282.9100385773927 251.51678713224828 124.68334182538092 1030.333701884374 1681.8698651436716
leaf_count=19425 6852 2340 1715 2685 18520 22269 1180 19458 1436 3773 3432 1709 13507 22556
internal_value=-1.08626 -1.08759 -1.089 -1.08497 -1.08564 -1.08589 -1.08722 -1.08549 -1.08498 -1.08342 -1.09002 -1.08766 -1.09075 -1.08517
internal_weight=0 3346.31 1896.58 375.79 7186.91 6498.75 1461.31 5037.44 3405.4 688.166 1520.78 376.2 1144.58 3303.45
internal_count=140857 44813 25388 5025 96044 85419 19700 65719 46261 10625 20363 5141 15222 44825
is_linear=0
shrinkage=1


Tree=1
num_leaves=15
num_cat=0
split_feature=28 32 30 21 13 13 20 16 7 30 2 21 7 2
split_gain=47.4103 90.1929 36.8042 35.7257 33.4016 35.0444 31.6329 49.8391 31.8323 26.5402 46.6616 23.8271 32.1938 26.4026
threshold=-0.22706275433301923 1.0000000180025095e-35 1.0000000180025095e-35 -8.0956506729125959 -0.026437206193804737 -0.010397962294518946 -3.7574574947357173 0.46756328642368322 -5.207981824874877 1.0000000180025095e-35 0.63274326920509349 6.3686895370483407 19.735984802246097 1.2354574799537661
decision_type=2 2 2 2 2 2 2 2 2 2 2 2 2 2
left_child=11 3 4 -2 -3 -6 -5 9 -9 -8 -11 -1 -13 -14
right_child=1 2 -4 6 5 -7 7 8 -10 10 -12 12 13 -15
leaf_value=0.0011111864266587302 0.0033648979400218329 -0.0044411005080501539 -0.0043920039652808858 0.0040382313932913602 0.004399266308427215 -0.0012018272700244277 -0.003677692944628423 0.005365868357762503 0.00018957089671853072 0.0034149188029278165 -0.0026145625168419772 -0.0017684969476967681 -0.0010081530627941765 0.0049829686941706749
leaf_weight=3723.7892887275666 324.16075093671679 251.20741695910692 687.13213101960719 171.87269024737179 129.63981838338077 650.89106929674745 543.95064877718687 121.91534141264856 2368.7673120442778 192.09254529885948 365.66993051022291 722.50287746265531 120.66773884370923 151.96181910298765
leaf_count=50916 4720 3137 9112 2074 1827 8941 8342 1354 30382 2850 4876 8672 1435 2016
internal_value=0 -0.000626498 -0.00256529 0.000181988 -0.00128642 -0.000186555 -8.76267e-05 -0.000304415 0.000474772 -0.0020936 -0.000448322 0.000736366 -0.000623611 0.00223151
internal_weight=0 5807.3 1718.87 4088.43 1031.74 780.531 3764.27 3592.4 2490.68 1101.71 557.762 4718.92 995.132 272.63
internal_count=140654 77615 23017 54598 13905 10768 49878 47804 31736 16068 7726 63039 12123 3451
is_linear=0
shrinkage=0.0101079


Tree=2
num_leaves=15
num_cat=0
split_feature=28 3 29 16 16 0 29 13 29 2 17 18 11 29
split_gain=49.5954 85.7541 38.5362 38.5197 52.662 45.8172 36.0171 35.7034 30.0393 27.7266 36.7781 26.929 24.6843 24.2603
threshold=-0.22706275433301923 0.5730591118335725 0.6078576147556306 0.11859390512108804 0.47640362381935125 0.69723188877105724 0.6078576147556306 0.00082173143164254736 -1.0000000180025095e-35 0.94449162483215343 36.500000000000007 80.500000000000014 0.014870216604322197 0.87837970256805431
decision_type=2 2 2 2 2 2 2 2 2 2 2 2 2 2
left_child=-1 3 12 -2 5 6 -5 -6 11 13 -11 -9 -3 -10
right_child=1 2 -4 4 7 -7 -8 8 9 10 -12 -13 -14 -15
leaf_value=0.00079240991048331406 0.0047398054193461218 0.0019350492501949688 -0.0034254584869588918 -0.006127051004959385 0.0044494792533922899 0.00034745463215509723 -0.00010370701019355564 0.0052994198873614921 0.0019359467821224447 0.00011476306737463125 -0.0057920317594412499 0 -0.0014529127958141784 -0.0015413825900166458
leaf_weight=4716.9730545151979 199.59073377400637 246.30124809034169 1071.8982623759657 288.69267627596855 284.04814951680601 500.43631390854716 175.86184844374657 218.71606861427426 640.59894369728863 239.76172098703682 170.24421049654484 149.58975852653384 1347.4642648547888 281.12478379905224
leaf_count=63181 3226 3434 14769 4619 3889 6560 2611 2808 7790 2564 2357 1792 17659 3692
internal_value=0 -0.00060121 -0.00193594 0.000517895 0.000206965 -0.00170477 -0.00397115 0.00116007 0.000569318 -0.000113129 -0.00230194 0.00309685 -0.000897319 0.000827839
internal_weight=0 5814.33 2665.66 3148.67 2949.07 964.991 464.555 1984.08 1700.04 1331.73 410.006 368.306 1593.77 921.724
internal_count=140951 77770 35862 41908 38682 13790 7230 24892 21003 16403 4921 4600 21093 11482
is_linear=0
shrinkage=0.0101079


Tree=3
num_leaves=15
num_cat=0
split_feature=27 29 0 13 2 3 21 29 13 28 13 29 30 13
split_gain=83.8794 74.6449 87.5837 38.6764 34.5427 34.4998 33.775 27.5508 27.4146 32.3441 26.8982 24.8787 23.522 22.1074
threshold=-0.43245348334312433 -1.0000000180025095e-35 1.01045697927475 -0.035472854971885674 0.65588611364364635 0.50516992807388317 -5.6244275569915763 -0.60785761475563038 -0.020988823845982548 0.8491516411304475 -0.0068218868691474191 0.87837970256805431 1.0000000180025095e-35 0.028252332471311096
decision_type=2 2 2 2 2 2 2 2 2 2 2 2 2 2
left_child=1 3 4 -1 -3 -5 -2 -8 11 -10 -7 -9 -11 -4
right_child=6 2 13 5 -6 10 7 8 9 12 -12 -13 -14 -15
leaf_value=-0.0030555018936796268 0.0024723794295943009 0.00025232474618373986 0.00033332745475999693 0.0082773687312156022 -0.0047033852280455287 0.005550188568818084 0.0053418267313241194 -0.0018688258168508642 0.0010190713765311963 -0.002292708517781415 2.5131808203007818e-05 0.0021043208283958461 0.00072134243484059228 -0.0021506939106881329
leaf_weight=131.32507134974003 897.16141212917864 147.53182159550488 1110.108226954937 93.345891069620848 1057.0657457821071 119.17921449430287 104.73040052130818 912.10078952275217 3878.4228241890669 592.83983939699829 363.48895246908069 179.69287291914225 440.26743713766336 524.10447176359594
leaf_count=1553 12885 1452 16069 902 14056 1690 1350 12537 50638 7801 5324 2480 5881 6428
internal_value=0 -0.00126447 -0.00200217 0.0016293 -0.00406526 0.00279277 0.000641699 0.000363433 0.000263173 0.000590863 0.00153713 -0.001168 -0.000973462 -0.000444945
internal_weight=0 3546.15 2838.81 707.339 1204.6 576.014 7005.22 6108.05 6003.32 4911.53 482.668 1091.79 1033.11 1634.21
internal_count=141046 47474 38005 9469 15508 7916 93572 80687 79337 64320 7014 15017 13682 22497
is_linear=0
shrinkage=0.0101079


Tree=4
num_leaves=15
num_cat=0
split_feature=27 29 0 13 3 16 13 15 2 6 29 22 13 3
split_gain=84.7787 74.9826 96.8661 43.2886 41.1918 36.7233 35.5987 57.634 28.9883 28.0039 24.7375 25.2209 22.8954 21.4228
threshold=-0.43245348334312433 -1.0000000180025095e-35 1.0380877852439883 -0.034840341657400124 0.50293862819671642 0.15913257002830508 -0.018844081088900563 12.820211410522463 0.65588611364364635 -10.990530967712401 0.87837970256805431 -0.30083484947681421 0.028252332471311096 0.58522823452949535
decision_type=2 2 2 2 2 2 2 2 2 2 2 2 2 2
left_child=1 3 8 -1 -5 9 7 10 -3 -2 11 -7 -4 -11
right_child=5 2 12 4 -6 6 -8 -9 -10 13 -12 -13 -14 -15
leaf_value=-0.0033082826999934443 -0.00089625368915857131 0 0.00050109200305321314 0.0088105135303939239 0.0015016244586432811 -0.0035227484435732316 0.00080482085606340954 0.0061494241926645168 -0.004657043139714526 0.0051255694142759321 0.0014061909398100508 -0.00029701435965964702 -0.0020806649926433103 0.00050786763563703092
leaf_weight=132.73426530510187 143.62266293913126 152.8172409851104 1071.1522743552923 94.010013485327363 482.06308391131461 638.29912299662828 4892.8690873924643 96.66567431949079 1107.5551058389246 396.04756321758032 210.98539064265788 451.60456911101937 504.33340047299862 167.56191848777235
leaf_count=1576 1856 1512 15498 889 6981 8487 63786 1147 14809 6683 2865 6401 6176 2254
internal_value=0 -0.00126831 -0.00200895 0.00162817 0.00286336 0.000648648 0.000393925 -0.00101237 -0.00409128 0.00282921 -0.00160825 -0.00223442 -0.000305827 0.00384874
internal_weight=0 3544.67 2835.86 708.807 576.073 6997.66 6290.42 1397.55 1260.37 707.232 1300.89 1089.9 1575.49 563.609
internal_count=140920 47441 37995 9446 7870 93479 82686 18900 16321 10793 17753 14888 21674 8937
is_linear=0
shrinkage=0.0101079


Tree=5
num_leaves=15
num_cat=0
split_feature=27 29 23 13 16 10 29 13 15 2 29 12 23 17
split_gain=77.8354 73.1616 87.6883 38.4609 38.0791 37.7473 35.1256 39.4496 36.0882 29.8653 26.5994 26.6559 22.1112 42.7329
threshold=-0.43245348334312433 -1.0000000180025095e-35 0.93957549333572399 -0.035472854971885674 0.15454717725515368 0.2138657942414284 -0.60785761475563038 -0.021471965126693245 12.277359485626222 0.65588611364364635 0.87837970256805431 -0.065023545175790773 1.1246909499168398 39.500000000000007
decision_type=2 2 2 2 2 2 2 2 2 2 2 2 2 2
left_child=1 3 9 -1 5 -2 -6 8 10 -3 11 -8 13 -5
right_child=4 2 -4 12 6 -7 7 -9 -10 -11 -12 -13 -14 -15
leaf_value=-0.003143711658526361 0.0043045443513990466 9.6180494020626748e-06 -0.00060237545488921933 0.01004401434137671 0.0057684417039928701 -0.00081141434533636009 0.0021326962153212434 0.00062738791934649181 0.0042358981539696297 -0.0049511613767134087 0.0013912869752739597 -0.0031235605535813106 0.00083406907653901742 0.0012204025776385856
leaf_weight=127.13129318132997 493.81587681546807 124.46726672165096 1785.2964273653924 97.444273358210921 111.71234253235161 188.31750615872443 95.944211525842547 4931.1393884178251 96.932923574000597 915.02593714930117 191.79838228225708 890.23255435936153 324.96408904530108 152.56175862252712
leaf_count=1519 7897 1241 24335 1186 1478 2534 1203 64343 1183 12382 2631 12209 4480 2185
internal_value=0 -0.00126222 -0.00199369 0.00161348 0.000577197 0.00284011 0.000323333 0.000211836 -0.00135805 -0.00432275 -0.00187682 -0.00255898 0.00276226 0.00501242
internal_weight=0 3526.89 2824.79 702.101 6999.89 682.133 6317.76 6206.05 1274.91 1039.49 1177.98 986.177 574.97 250.006
internal_count=140806 47328 37958 9370 93478 10431 83047 81569 17226 13623 16043 13412 7851 3371
is_linear=0
shrinkage=0.0101079


Tree=6
num_leaves=15
num_cat=0
split_feature=27 29 28 13 16 13 22 6 29 29 27 11 12 16
split_gain=87.5862 81.9436 79.8797 43.8532 32.3081 38.9773 29.055 26.6434 24.1442 22.0518 54.7135 25.7734 21.51 25.4399
threshold=-0.43245348334312433 -1.0000000180025095e-35 -0.24825246632099149 -0.035472854971885674 0.14557661861181262 -0.020988823845982548 -0.39819423854351038 -11.373570919036863 0.87837970256805431 0.87837970256805431 -0.89194178581237782 0.017397551797330383 -0.067872326821088777 0.37211424112319952
decision_type=2 2 2 2 2 2 2 2 2 2 2 2 2 2
left_child=1 3 -3 -1 7 8 -5 -2 12 11 -11 -4 -6 -14
right_child=4 2 9 6 5 -7 -8 -9 -10 10 -12 -13 13 -15
leaf_value=-0.0032954039692379179 -0.0010614571391016866 -9.9732038213683899e-05 -0.00024429343868180754 0.0063419462438452697 0.0023817495172488768 0.0008410632498153421 0.0012718329177855753 0.0038644283340456133 0.001908418852419497 0.0015365050701729413 -0.0059497216631419535 -0.0048426283744321215 -0.0035568901575274326 -0.00028382706817063478
leaf_weight=129.55652451328933 124.64977432228625 1229.1478700954467 163.62803747691214 177.8412443511188 105.30682558938861 5018.1262793466449 397.2399692106992 507.13071378134191 214.0109237935394 243.90396922267973 153.04490972869098 1038.4088585283607 574.00206805765629 468.30230978131294
leaf_count=1534 1587 16408 2429 2353 1325 65417 5474 8117 2913 3343 2092 13714 8302 5870
internal_value=0 -0.00129976 -0.00207396 0.00173965 0.000650209 0.000425068 0.00297177 0.00282815 -0.00107461 -0.00355867 -0.00130752 -0.00425565 -0.00167488 -0.00213764
internal_weight=0 3532.77 2828.13 704.638 7011.53 6379.75 575.081 631.78 1361.62 1598.99 396.949 1202.04 1147.61 1042.3
internal_count=140878 47347 37986 9361 93531 83827 7827 9704 18410 21578 5435 16143 15497 14172
is_linear=0
shrinkage=0.0101079


Tree=7
num_leaves=15
num_cat=0
split_feature=27 29 22 13 11 23 21 13 29 22 10 22 2 8
split_gain=76.196 64.2033 82.5029 43.8092 29.919 29.8181 30.6432 32.1937 33.1276 24.4319 22.1786 21.0431 19.1604 22.2685
threshold=-0.47136868536472315 -1.0000000180025095e-35 -0.15261553227901456 -0.035472854971885674 0.014442820567637684 0.52100190520286571 -5.7506365776062003 -0.021471965126693245 0.87837970256805431 -0.47300739586353296 0.2257611230015755 -0.12542334944009778 2.0816609859466557 -1.6032100915908811
decision_type=2 2 2 2 2 2 2 2 2 2 2 2 2 2
left_child=1 3 4 -1 -3 -2 10 8 11 -5 -7 -8 -9 -14
right_child=5 2 -4 9 -6 6 7 12 -10 -11 -12 -13 13 -15
leaf_value=-0.0036156014104172605 -0.0011144319699481131 0.00012862524774606633 -0.00014965354619285041 0.0061942286857969153 -0.0042401787446864755 0.0036421125259553074 -0.0031295576468535866 0.00072882251651885748 0.0030194428908042119 0.001267059136169502 -9.8526623235164389e-05 0.00023438120702735696 0 0.0057905670974631807
leaf_weight=127.07087118551135 903.42236663587391 163.28009211085737 1350.2135947030038 149.37404051236808 1213.4961892236024 599.23856468498707 532.23976831324399 4224.3000632170588 150.14642941951752 408.20791846700013 192.10960000567138 258.72832520678639 97.545599015429616 162.11594700627029
leaf_count=1501 12620 2364 18484 2000 15701 8672 7216 54866 2114 5580 2454 3784 1267 2160
internal_value=0 -0.00125937 -0.0019597 0.0014624 -0.00369495 0.000575946 0.000829178 0.000546732 -0.00112752 0.0027245 0.00269107 -0.00198677 0.000908467 0.00357524
internal_weight=0 3411.64 2726.99 684.653 1376.78 7119.85 6216.42 5425.08 941.115 557.582 791.348 790.968 4483.96 259.662
internal_count=140783 45630 36549 9081 18065 95153 82533 71407 13114 7580 11126 11000 58293 3427
is_linear=0
shrinkage=0.0101079


Tree=8
num_leaves=15
num_cat=0
split_feature=28 32 29 14 30 5 11 28 16 13 13 29 28 16
split_gain=42.7775 80.1423 78.8451 67.6717 31.0728 46.2888 30.1334 28.9407 32.378 29.7115 23.6699 23.2657 30.7653 22.7751
threshold=-0.20576497167348859 1.0000000180025095e-35 -1.0000000180025095e-35 -9.5853581428527814 1.0000000180025095e-35 -5.7464952468872061 0.019116247072815899 0.8491516411304475 0.49805919826030737 -0.066514741629362092 -0.017232653684914109 0.87837970256805431 0.45201864838600164 0.81160566210746776
decision_type=2 2 2 2 2 2 2 2 2 2 2 2 2 2
left_child=6 4 3 -3 5 -2 10 8 9 -7 -1 -4 -13 -9
right_child=1 2 11 -5 -6 7 -8 13 -10 -11 -12 12 -14 -15
leaf_value=-0.0011821798698470726 0.005609931829072848 -0.0025710746243416708 -0.0042924878222898432 0.0062025919524254323 0.0012139279414938304 0.0024747095714025328 0.00035977663325402351 -0.0011447452446416381 0.0011779548292946028 -0.0036285258075444853 0.0032185392272019268 0.0009166566300705597 -0.0054418871796175902 -0.004847438347675182
leaf_weight=131.97843507863581 108.59658707305789 164.44898966886103 1003.7103649452329 173.24427570775151 1784.7114481497556 92.760980216786265 3966.8301868773997 610.99896884709597 864.54038806632161 335.61554476432502 711.05260295048356 230.90299909189343 103.54890602268279 258.72112241946161
leaf_count=1735 1135 2202 13484 2326 23652 1534 52816 8865 10966 5110 9548 3152 1437 2971
internal_value=0 -0.000548616 -0.00240458 0.00185035 0.000211352 -0.000560117 0.000742708 -0.000907246 2.33291e-05 -0.00219386 0.00247756 -0.00351284 -0.0010111 -0.00232496
internal_weight=0 5731.8 1675.86 337.693 4055.95 2271.23 4809.86 2162.64 1292.92 428.377 843.031 1338.16 334.452 869.72
internal_count=140933 76834 22601 4528 54233 30581 64099 29446 17610 6644 11283 18073 4589 11836
is_linear=0
shrinkage=0.0101079


Tree=9
num_leaves=15
num_cat=0
split_feature=27 22 13 3 13 20 15 13 15 21 20 21 3 3
split_gain=73.2801 62.0266 35.2385 64.9794 41.0441 30.2822 28.8958 33.0181 40.0241 31.8618 26.3872 29.1279 22.1695 43.1809
threshold=-0.49049438536167139 -0.15261553227901456 -0.026437206193804737 0.48346425592899328 -0.01381385140120983 -2.4214835166931148 2.7877768278121953 -0.018844081088900563 12.820211410522463 -8.3033022880554181 -1.1669697761535642 5.2736215591430673 0.32421801984310156 0.26544229686260229
decision_type=2 2 2 2 2 2 2 2 2 2 2 2 2 2
left_child=1 2 -1 -4 -5 -2 -7 8 9 -8 -9 -12 13 -11
right_child=5 -3 3 4 -6 6 7 10 -10 12 11 -13 -14 -15
leaf_value=-0.0052029426090176743 0.0019819632372166654 8.8368943888747129e-05 0.0031825551981573019 0.0020583170315658528 -0.0035752648947053683 0.0045077675446686715 0.003251047225580052 -0.0014751382068533972 0.0045595067636712942 -0.0036631005421048483 0.0016389087424474045 -0.00010999985120253561 -0.003073185638956046 0.0034139540851453919
leaf_weight=419.67202024906874 1224.0733354892582 1664.671257769689 214.11629494465888 139.53521903418005 912.82547752559185 149.7954998742789 106.93493216484785 555.53951892256737 101.89296205341816 163.55653904005885 2124.8774989582598 1712.6454923879355 866.65007621236145 173.80511145666242
leaf_count=5405 16420 22791 2035 2019 12656 2710 1591 7611 1213 2652 28601 21114 11338 2630
internal_value=0 -0.00127341 -0.0026361 -0.00172767 -0.00278064 0.000534782 0.000228396 0.000105247 -0.00122611 -0.0017303 0.000544006 0.000849188 -0.00222383 0
internal_weight=0 3350.82 1686.15 1266.48 1052.36 7179.77 5955.7 5805.9 1412.84 1310.95 4393.06 3837.52 1204.01 337.362
internal_count=140786 44906 22115 16710 14675 95880 79460 76750 19424 18211 57326 49715 16620 5282
is_linear=0
shrinkage=0.0101079


Tree=10
num_leaves=15
num_cat=0
split_feature=27 28 29 14 16 13 15 3 16 12 3 33 5 12
split_gain=93.4335 72.2315 74.0228 60.5946 34.995 33.5221 41.1194 28.2626 26.7331 38.6249 39.6421 30.7905 24.7878 23.9701
threshold=-0.43245348334312433 -0.22706275433301923 -1.0000000180025095e-35 -10.039342403411863 0.15913257002830508 -0.018844081088900563 12.820211410522463 0.57865309715271007 0.84136477112770092 0.06359413638710977 0.56372591853141796 0.99393379688262951 4.8934872150421151 -0.071083396673202501
decision_type=2 2 2 2 2 2 2 2 2 2 2 10 2 2
left_child=1 -1 3 -3 7 6 13 -2 12 11 -11 -10 -7 -6
right_child=4 2 -4 -5 5 8 -8 -9 9 10 -12 -13 -14 -15
leaf_value=0.00026301438934132746 0.0044514264846603488 -0.0029266409871945144 -0.0036251772646821649 0.0047824600598234046 0.0027399514689760212 0.0011339690879222423 0.0050455176942715936 0.00018402977969108258 0.0016296284502794038 0.0041487451145073816 -0.00050260464052437922 -0.0027429757883840789 0.0051199528492243337 -0.0018735709753295831
leaf_weight=1574.6633223481476 425.16972966305912 182.15319498814642 1549.535086190328 216.23811364546418 113.88107811659575 3135.3808141816407 99.043931478634477 283.7665620483458 200.07058355025947 313.08493979088962 415.44736762717366 661.62479553371668 168.9393941052258 1191.0628903880715
leaf_count=21017 7005 2421 21084 2877 1345 42335 1168 3748 5128 3533 4675 5641 2421 16448
internal_value=0 -0.00132375 -0.00262318 0.00116919 0.000692266 0.000443234 -0.00091644 0.00281998 0.000842334 -0.000212063 0.00146358 -0.00167575 0.00136132 -0.00142651
internal_weight=0 3522.59 1947.93 398.391 7007.47 6298.54 1403.99 708.936 4894.55 1590.23 728.532 861.695 3304.32 1304.94
internal_count=140846 47399 26382 5298 93447 82694 18961 10753 63733 18977 8208 10769 44756 17793
is_linear=0
shrinkage=0.0101079


Tree=11
num_leaves=15
num_cat=0
split_feature=22 32 2 21 30 2 28 23 11 30 13 2 28 15
split_gain=41.582 38.0033 33.2464 27.7385 24.1255 34.8814 30.7668 27.3801 20.1783 20.2843 21.6763 19.9811 20.7149 16.8963
threshold=-0.40332627296447748 1.0000000180025095e-35 0.65588611364364635 5.8522338867187509 1.0000000180025095e-35 0.47384461760520941 0.69930991530418407 0.40716284513473516 0.014442820567637684 -0.56174489110708226 -0.029287102632224556 1.2130700945854189 -0.20576497167348859 22.575154304504398
decision_type=2 2 2 2 2 2 2 2 2 2 2 2 2 2
left_child=1 4 -3 -2 6 -6 11 -7 -4 10 -10 -1 -13 -5
right_child=3 2 8 13 5 7 -8 -9 9 -11 -12 12 -14 -15
leaf_value=-0.00062989835695040331 0.00094725030207300806 0.0023517549282811427 0.00069143866452851973 -0.001350313719913732 0.0057465363613198941 -0.0034079464356500228 -0.0026158015426336499 0.00088569885676021548 -0.0050933442216315877 -0.0048772434315495555 0.00015688196894353499 -0.00014178643289357824 0.0054061096377394542 0.00075726493968846507
leaf_weight=806.68439613468945 4733.299452861771 119.38190226815641 110.87419629469514 1042.2600446026772 125.95700752176344 167.15592227689922 686.1184507496655 1078.6219211202115 104.72371964529157 504.46667014807463 233.2494894284755 115.13880181871355 123.81370894424617 584.61702582426369
leaf_count=11216 64802 1156 1699 12956 1791 2236 9588 14000 1223 6845 3039 1241 1433 7605
internal_value=0 -0.000743653 -0.00237934 0.00055304 -0.000160825 0.00082219 -0.000962951 0.000260032 -0.00302792 -0.00356689 -0.00142932 9.42506e-05 0.00264698 -0.00056818
internal_weight=0 4176.19 1072.7 6360.18 3103.49 1371.73 1731.76 1245.78 953.314 842.44 337.973 1045.64 238.953 1626.88
internal_count=140830 55467 13962 85363 41505 18027 23478 16236 12806 11107 4262 13890 2674 20561
is_linear=0
shrinkage=0.0101079


Tree=12
num_leaves=15
num_cat=0
split_feature=27 23 29 21 20 2 21 14 27 3 23 14 12 3
split_gain=72.8867 65.7038 52.5208 63.2621 35.0832 32.1706 30.5994 32.3387 32.0847 24.5389 28.299 24.3765 30.5931 41.6342
threshold=-0.49049438536167139 0.88221749663352977 -1.0000000180025095e-35 -0.37051507830619806 -2.9530129432678218 0.65588611364364635 -8.3033022880554181 -7.2218482494354239 0.45201864838600164 0.33465410768985754 1.0918109416961672 -1.9047824740409849 0.065665658563375487 0.58187785744667064
decision_type=2 2 2 2 2 2 2 2 2 2 2 2 2 2
left_child=1 2 3 -1 -2 -4 8 9 -6 -8 -11 -9 -13 -14
right_child=4 -3 5 -5 6 -7 7 11 -10 10 -12 12 13 -15
leaf_value=-0.004054509818514491 0.0022885727235798627 -0.00028063518371213643 0.00052496145054742782 0.0064509552451018559 0 -0.005151040972272254 0.00079038208630620693 0.0011718873886142579 0.0082512808953686539 -0.0020555310437796667 0.001574541503620302 -0.0023227515747928223 0.00478737044707973 -0.0012850656191207212
leaf_weight=110.53201708942652 983.14898773282766 2248.6925565227866 101.37031501717865 105.84551235847175 84.185934199020267 765.06581600755453 642.99990606680512 2765.5751116424799 90.334179159253836 1410.0092405304313 240.91471934877336 527.28359159827232 187.9155688341707 259.71727722138166
leaf_count=1380 13026 30719 1012 1417 1378 10321 10450 35935 1379 19372 3396 6114 2017 2797
internal_value=0 -0.00128873 -0.00332849 0.000948367 0.000517534 -0.00444185 0.00022812 9.79135e-05 0.00431522 -0.000837439 -0.00149658 0.000682878 -0.000661421 0.0012127
internal_weight=0 3331.51 1082.81 216.378 7192.08 866.436 6208.94 6034.42 174.52 2293.92 1650.92 3740.49 974.916 447.633
internal_count=140713 44849 14130 2797 95864 11333 82838 80081 2757 33218 22768 46863 10928 4814
is_linear=0
shrinkage=0.0101079


Tree=13
num_leaves=15
num_cat=0
split_feature=27 28 21 29 0 10 29 2 29 28 28 13 29 16
split_gain=70.7495 68.7454 38.6541 35.3978 34.9106 28.4641 27.7608 26.4312 25.3219 29.3151 24.9758 23.2653 26.3093 27.6735
threshold=-0.43245348334312433 0.43245348334312445 -7.7193233966827384 -1.0000000180025095e-35 1.0380877852439883 0.21610252559185031 -1.0000000180025095e-35 2.1086969375610356 -0.60785761475563038 0.83743050694465648 0.91080963611602794 -0.018276576884090897 0.87837970256805431 0.15913257002830508
decision_type=2 2 2 2 2 2 2 2 2 2 2 2 2 2
left_child=1 3 5 -1 -5 10 -3 8 -4 11 -2 12 13 -10
right_child=2 6 7 4 -6 -7 -8 -9 9 -11 -12 -13 -14 -15
leaf_value=0.0018616068076470912 0.0061633217163318803 0 0.0050323560100397399 -0.0029169125814774116 -0.00011401013837316098 0 -0.0047211024741912622 0.0032064566791265557 0.0032295153715405887 -0.0012044844841631501 0 0.0008621266459519735 0.002488806890751971 -0.0022658251662928219
leaf_weight=543.07368887960911 279.82935630716383 158.06613811850548 100.72818701900542 662.41951055079699 1512.5976484939456 186.18238713406026 638.77520636841655 305.88144482858479 94.091988960281014 1361.5942109189928 89.978675046935678 3636.0649440344423 184.13498458825052 769.82924019172788
leaf_count=7256 4004 2110 1230 8438 20825 2389 8706 3882 1740 17861 1433 47340 2671 10810
internal_value=0 -0.00119065 0.000564799 -0.000404519 -0.000993427 0.00311239 -0.0037926 0.000335589 0.000182338 8.85984e-05 0.00470852 0.000474455 -0.000828656 -0.00159781
internal_weight=0 3514.93 7008.32 2718.09 2175.02 555.99 796.841 6452.33 6146.44 6045.72 369.808 4684.12 1048.06 863.921
internal_count=140695 47335 93360 36519 29263 7826 10816 85534 81652 80422 5437 62561 15221 12550
is_linear=0
shrinkage=0.0101079


Tree=14
num_leaves=15
num_cat=0
split_feature=27 29 28 13 20 11 0 17 28 30 6 17 14 15
split_gain=68.2871 71.179 83.9017 32.3701 32.2252 23.8892 23.5631 39.8557 21.3336 43.673 27.3647 24.8903 21.5985 27.9401
threshold=-0.43245348334312433 -1.0000000180025095e-35 -0.20576497167348859 -0.035472854971885674 -2.9530129432678218 0.014442820567637684 1.029678523540497 52.500000000000007 0.86046862602233898 1.0000000180025095e-35 -2.1256096363067623 82.500000000000014 -7.1594781875610343 3.4843167066574101
decision_type=2 2 2 2 2 2 2 2 2 2 2 2 2 2
left_child=1 3 -3 -1 -2 -4 7 -5 11 -10 -11 12 13 -6
right_child=4 2 5 6 8 -7 -8 -9 9 10 -12 -13 -14 -15
leaf_value=-0.0026315051407324965 0.0023578167483024278 5.5060561096132282e-05 0 0.0092308850054699642 0.0032562975527350561 -0.0038715924447463128 0.00095795021967554929 0.00042449336749229789 -0.0023562487900882158 -0.0022218992119588427 0.0022787408905214279 0.0024870759446953914 0.00091480655420244467 -0.001202004955462612
leaf_weight=126.58593501709402 952.94003115408123 1281.0407378971577 174.46239983476698 117.25941541604698 152.28452828526497 1350.5231633391231 353.91280655935407 109.56617511622608 772.33294076286256 171.64431677944958 523.25596830621362 673.22860101982951 2590.3960673771799 1190.1806686613709
leaf_count=1522 12544 17179 2591 1392 2624 18208 4896 1595 10407 2501 6829 9080 32393 17159
internal_value=0 -0.00109402 -0.00182281 0.00172914 0.000629806 -0.00341913 0.00277028 0.00530206 0.000349392 -0.000695908 0.00109735 0.000691742 0.000369916 -0.000650724
internal_weight=0 3513.35 2806.03 707.324 7026.26 1524.99 580.738 226.826 6073.32 1467.23 694.9 4606.09 3932.86 1342.47
internal_count=140920 47383 37978 9405 93537 20799 7883 2987 80993 19737 9330 61256 52176 19783
is_linear=0
shrinkage=0.0101079


Tree=15
num_leaves=15
num_cat=0
split_feature=27 28 21 2 10 8 2 28 30 2 15 27 27 30
split_gain=73.0263 74.6759 30.1952 27.0917 25.4472 23.2126 23.0304 19.8457 50.7555 24.5431 20.7001 18.2327 17.5254 47.5744
threshold=-0.43245348334312433 -0.22706275433301923 -8.0956506729125959 2.1086969375610356 0.2138657942414284 -1.6032100915908811 0.65588611364364635 0.8491516411304475 1.0000000180025095e-35 0.82821103930473339 8.0236196517944354 0.43245348334312445 -0.91080963611602772 1.0000000180025095e-35
decision_type=2 2 2 2 2 2 2 2 2 2 2 2 2 2
left_child=1 -1 4 7 11 -5 -3 -4 -9 -10 -11 -2 13 -8
right_child=2 6 3 5 -6 -7 12 8 9 10 -12 -13 -14 -15
leaf_value=0.00038297271101698035 0.0013859643606443654 0.0011085708025142282 0.00052583734606739352 -0.0002436785333761408 0 0.0051848712067718069 -0.00010658334080348117 -0.0026428515492555558 0.0029127510978164137 -0.0042658828619858268 0.00090117502853695182 0.0066411102165119945 -0.0040772584836715874 -0.004606502758269345
leaf_weight=1580.2885821741074 146.10536159947515 142.67716705240309 4746.0249409303069 106.45902925357223 179.94587966799736 205.10358018055558 632.09063863381743 750.18124808557332 364.51957667991519 110.78589494898915 210.94570558331907 186.82873774692416 766.28831381909549 399.81247678771615
leaf_count=21062 2192 1386 63571 1327 2302 2582 8705 9886 4796 1426 2723 2663 10638 5604
internal_value=0 -0.00122586 0.00055646 0.000361119 0.00291047 0.00324162 -0.00255295 0.000205597 -0.000821629 0.00111806 -0.000812727 0.00453659 -0.00286936 -0.00191006
internal_weight=0 3521.16 7006.9 6494.02 512.88 311.563 1940.87 6182.46 1436.43 686.251 321.732 332.934 1798.19 1031.9
internal_count=140863 47395 93468 86311 7157 3909 26333 82402 18831 8945 4149 4855 24947 14309
is_linear=0
shrinkage=0.0101079


Tree=16
num_leaves=15
num_cat=0
split_feature=27 29 0 13 16 29 28 13 29 11 10 22 2 0
split_gain=74.0808 63.5459 75.0423 34.9672 32.3983 33.7172 36.0513 35.6962 38.7966 33.0437 27.9622 23.808 21.4688 19.2484
threshold=-0.43245348334312433 -1.0000000180025095e-35 1.018079459667206 -0.035472854971885674 0.15913257002830508 -0.60785761475563038 0.86046862602233898 -0.018844081088900563 0.87837970256805431 0.074153941124677672 0.2138657942414284 -0.40332627296447748 0.65588611364364635 0.44711589813232427
decision_type=2 2 2 2 2 2 2 2 2 2 2 2 2 2
left_child=1 3 12 -1 10 -6 7 8 -7 13 -2 -5 -3 -8
right_child=4 2 -4 11 5 6 9 -9 -10 -11 -12 -13 -14 -15
leaf_value=-0.0029778218701646954 0.0038480682713385107 0 -0.00044519100087835875 0.0056026389194646035 0.0056979248345091467 -0.0018911664466699832 -0.0031211964110108696 0.0010998334848655552 0.0034417288734377525 -0.0032037721721887235 -0.00044213787639187384 0.0010174633326385924 -0.0043287825121266291 0.00078192198362849732
leaf_weight=132.44294429197907 518.13743511401117 149.61766331270337 1615.9218325521797 178.80683162994683 111.04405563138425 855.8454598467797 151.45091968588531 3823.7816081754863 154.81409906037152 515.35910843685269 195.43661106936634 397.435073280707 1042.6719460338354 674.10539702884853
leaf_count=1585 8187 1483 22322 2353 1443 11744 2443 49494 2125 6436 2603 5489 14201 8755
internal_value=0 -0.00120981 -0.00189786 0.00145128 0.000586598 0.00034592 0.000236217 0.00064849 -0.00101482 -0.00121539 0.00262465 0.00256424 -0.00381758 0
internal_weight=0 3516.9 2808.21 708.685 6999.97 6286.4 6175.36 4834.44 1010.66 1340.92 713.574 576.242 1192.29 825.556
internal_count=140663 47433 38006 9427 93230 82440 80997 63363 13869 17634 10790 7842 15684 11198
is_linear=0
shrinkage=0.0101079


Tree=17
num_leaves=15
num_cat=0
split_feature=27 29 0 20 16 16 21 23 16 2 2 21 30 2
split_gain=74.1056 60.1617 78.2133 30.2986 33.527 53.3488 28.3755 47.118 24.1221 22.6315 19.3955 26.0855 25.4727 25.5229
threshold=-0.41268247365951533 -1.0000000180025095e-35 1.0380877852439883 -3.0198485851287837 0.15454717725515368 0.3764366507530213 -0.18318530172109601 1.1246909499168398 0.24054099619388583 0.65588611364364635 2.0816609859466557 9.4000406265258807 1.0000000180025095e-35 0.79545715451240551
decision_type=2 2 2 2 2 2 2 2 2 2 2 2 2 2
left_child=1 6 9 -2 -5 -6 8 -8 -1 -3 11 12 -7 -14
right_child=3 2 -4 4 5 10 7 -9 -10 -11 -12 -13 13 -15
leaf_value=0.0018910663123648428 0.0023511234455779288 0 -0.00029200472253653365 0.0039721367339348159 -0.0017912123231855013 0.00011070462041474658 0.0071131904695292403 0 -0.0032786371270619777 -0.0041908976798763209 0.0033406401147425407 -0.0015848186164504909 0.0031948954170345641 0.00054503743500922879
leaf_weight=175.36765094846487 920.61798950284719 155.81122601777315 1597.5972904581577 246.91167945973575 1088.8479343075305 2352.0084940325469 171.66122556850314 203.32082165032625 171.2548782993108 1105.2944619730115 262.13548885844648 516.83654477074742 719.79237818159163 857.78618564456701
leaf_count=2336 12053 1552 22034 4444 15627 30913 2221 2829 2224 15122 3330 6015 9532 10787
internal_value=0 -0.00114522 -0.00180907 0.000642223 0.00037261 0.000207308 0.00142056 0.0033359 -0.000564404 -0.00368568 0.000680202 0.000508809 0.000796997 0.00178918
internal_weight=0 3580.31 2858.7 6964.94 6044.32 5797.41 721.605 374.982 346.623 1261.11 4708.56 4446.42 3929.59 1577.58
internal_count=141019 48318 38708 92701 80648 76204 9610 5050 4560 16674 60577 57247 51232 20319
is_linear=0
shrinkage=0.0101079


Tree=18
num_leaves=15
num_cat=0
split_feature=27 28 29 21 16 29 23 10 2 13 29 2 21 2
split_gain=73.7875 70.6471 55.3675 60.1724 32.2756 30.4882 35.1017 27.5673 23.0095 22.5646 23.5572 21.5003 21.035 19.391
threshold=-0.43245348334312433 -0.20576497167348859 -1.0000000180025095e-35 -0.37051507830619806 0.15913257002830508 -0.60785761475563038 0.52100190520286571 0.2138657942414284 2.0553704500198369 -0.021471965126693245 0.87837970256805431 0.77288460731506359 9.4000406265258807 1.3568495512008669
decision_type=2 2 2 2 2 2 2 2 2 2 2 2 2 2
left_child=1 -1 3 -3 7 -6 11 -2 9 10 -8 -7 -11 -5
right_child=4 2 -4 13 5 6 8 -9 -10 12 -12 -13 -14 -15
leaf_value=0.00029690752882554028 0.0038330207909728587 -0.0029949603163720697 -0.0034323920832025957 0.0079244466558292537 0.0053541752425922701 -7.0281191784977412e-05 -0.0017474827490641719 -0.00042064255633386145 0.0030170536291027669 0.00092165297041379318 0.0023804547593627282 -0.003519556981613972 -0.0013486913397039051 0.00092931094588280657
leaf_weight=1611.5603839103132 510.62607749737799 195.73811600357294 1510.1161292307079 94.985140353441238 113.52414221130311 411.85772503167391 821.42137255147099 197.27063958719373 345.5495204757899 3647.1292357817292 156.1259924788028 368.72465288639069 450.56871117278934 95.42502916790545
leaf_count=21594 8061 2515 20687 1057 1463 5734 11624 2599 3994 47783 2119 4902 5142 1560
internal_value=0 -0.00123679 -0.00255746 0.000761524 0.000556365 0.000318098 0.000212915 0.0025992 0.000507897 0.000324819 -0.00103376 -0.0017693 0.000660106 0.00479421
internal_weight=0 3507.82 1896.26 386.148 7022.8 6314.9 6201.38 707.897 5420.79 5075.25 977.547 780.582 4097.7 190.41
internal_count=140834 47413 25819 5132 93421 82761 81298 10660 70662 66668 13743 10636 52925 2617
is_linear=0
shrinkage=0.0101079


Tree=19
num_leaves=15
num_cat=0
split_feature=3 0 5 13 11 15 22 32 12 14 16 20 15 18
split_gain=38.397 65.0074 28.4859 38.6741 27.1453 29.4231 27.4086 33.3467 25.0594 23.1417 33.3114 22.6211 24.7726 22.2325
threshold=0.46510678529739385 0.69085618853569042 2.0244168043136601 0.091556016355752959 0.019116247072815899 11.403320312500002 0.25903423130512243 1.0000000180025095e-35 0.06359413638710977 -8.021692752838133 0.15454717725515368 -0.47433599829673762 15.569324970245363 35.500000000000007
decision_type=2 2 2 2 2 2 2 2 2 2 2 2 2 2
left_child=2 -2 3 9 5 13 7 -6 -4 10 -1 -11 -13 -3
right_child=1 4 8 -5 6 -7 -8 -9 -10 11 -12 12 -14 -15
leaf_value=0.0034505267484801461 -0.0027239426341347434 0.0021163808954143982 -0.0013326029563111364 -0.0033271274495486631 0 0.0049051082121980257 0.00067478424313612885 -0.0021964773317091923 0.0024885988645716927 0.00089552996864966997 -0.00018269619111677964 0.0055527748108589094 0.0017152118361842244 -0.00097455956399949614
leaf_weight=332.67824539169669 1035.8066322375089 478.14661212638021 842.65114165842533 153.79879263788462 1627.90187924169 198.92657352238894 1699.3178284727037 1217.7596074007452 208.76693401485682 511.02325465716422 988.56774546951056 400.88296390138566 382.32475531101227 439.53162417188287
leaf_count=5316 15609 6325 11320 2116 19060 2469 22358 16501 2351 6672 14607 5224 4857 5954
internal_value=0 -0.000405351 0.00086273 0.00140349 1.47958e-05 0.00142808 -0.000325334 -0.000936967 -0.000523167 0.00170598 0.000716206 0.00267518 0.0037653 0.000596348
internal_weight=0 6697.39 3820.69 2769.28 5661.58 1116.6 4544.98 2845.66 1051.42 2615.48 1321.25 1294.23 783.208 917.678
internal_count=140739 88276 52463 38792 72667 14748 57919 35561 13671 36676 19923 16753 10081 12279
is_linear=0
shrinkage=0.0101079


Tree=20
num_leaves=15
num_cat=0
split_feature=27 29 0 3 16 29 7 2 22 7 21 2 6 11
split_gain=71.7884 50.2591 64.2169 35.2966 26.9357 34.4812 29.833 27.7183 27.5659 25.7013 22.2189 21.5257 19.1153 18.5223
threshold=-0.49049438536167139 -1.0000000180025095e-35 1.0030984282493594 0.48634903132915502 0.15454717725515368 -0.60785761475563038 -11.065996170043944 2.1086969375610356 -0.38776755332946772 6.0062041282653817 9.4000406265258807 0.65588611364364635 -11.373570919036863 0.049269735813140876
decision_type=2 2 2 2 2 2 2 2 2 2 2 2 2 2
left_child=1 3 11 -1 12 -6 8 10 -7 -9 13 -3 -2 -8
right_child=4 2 -4 -5 5 6 7 9 -10 -11 -12 -13 -14 -15
leaf_value=0.0063695021545592924 -0.0006943815920299035 0 -0.00050636038850006076 9.4816768891361342e-05 0.0053919731164687847 -0.0046932323993669981 -5.7960837953401993e-05 0.0073059719183051946 0 0.0009803516087647133 -0.001664425742927198 -0.0042450936173636551 0.0032484730227559568 0.0011605576921118533
leaf_weight=105.05738590098917 137.0151342805475 130.80438333190978 1565.3858909532428 567.86018930003047 128.87857709266245 222.94177914969623 2785.1099885348231 104.74709678627551 253.80544905737042 210.39338508062065 533.96683507412672 966.6174042224884 573.37776950001717 2253.0517784114927
leaf_count=947 1748 1293 21635 7997 1668 3086 37967 1006 3634 2852 6243 13207 8939 28723
internal_value=0 -0.00122728 -0.00185609 0.00119439 0.000564604 0.000351411 0.000236641 0.000440231 -0.00216116 0.00333139 0.000265125 -0.00372794 0.00243231 0.000479862
internal_weight=0 3335.73 2662.81 672.918 7203.29 6492.89 6364.02 5887.27 476.747 315.14 5572.13 1097.42 710.393 5038.16
internal_count=140945 45079 36135 8944 95866 85179 83511 76791 6720 3858 72933 14500 10687 66690
is_linear=0
shrinkage=0.0101079


Tree=21
num_leaves=15
num_cat=0
split_feature=27 28 21 3 14 10 28 2 8 21 14 23 3 17
split_gain=58.5842 67.2827 26.4484 24.781 35.9196 23.9894 25.368 23.1956 23.2179 21.2503 22.5931 25.3129 26.0816 26.0226
threshold=-0.41268247365951533 -0.22706275433301923 -7.7193233966827384 0.48634903132915502 -6.6838412284851065 0.21610252559185031 0.9015902876853944 2.1086969375610356 -1.0254262685775755 9.4000406265258807 -7.4218657016754142 0.75716176629066478 0.33465410768985754 39.500000000000007
decision_type=2 2 2 2 2 2 2 2 2 2 2 2 2 2
left_child=1 -1 5 4 -3 6 -2 9 -9 10 11 12 13 -4
right_child=2 3 7 -5 -6 -7 -8 8 -10 -11 -12 -13 -14 -15
leaf_value=0.00045775331458048648 0.0055650770039205192 -0.0033264863603129921 -0.0021785438478558704 -0.0027776997769246256 0.0036483405689466735 -0.00012269009668048849 -0.0001275792653675646 0 0.0054628298027684322 -0.0017312868443900911 0.00098288330074917506 0.00057051856633091001 -0.0025531051527615625 0.0030078828561281999
leaf_weight=1612.2998597268015 283.05169671401381 131.03247034735978 166.23144616559148 1676.2138909846544 154.9386977404356 186.06281670928001 91.072312742471695 135.66014814190567 168.75870012305677 516.13862128928304 3024.1851865556091 1429.4571037404239 738.26521772146225 211.54285146296024
leaf_count=21536 3909 1545 2746 23849 1332 2370 1457 1664 2157 6035 38318 20033 10334 3329
internal_value=0 -0.00105059 0.000540367 -0.00230751 0.000311132 0.00264226 0.00409839 0.000346847 0.00304419 0.000201633 0.000390141 -0.00029904 -0.00144515 0.00062268
internal_weight=0 3574.48 6950.43 1962.19 285.971 560.187 374.124 6390.24 304.419 6085.82 5569.68 2545.5 1116.04 377.774
internal_count=140614 48262 92352 26726 2877 7736 5366 84616 3821 80795 74760 36442 16409 6075
is_linear=0
shrinkage=0.0101079


Tree=22
num_leaves=15
num_cat=0
split_feature=27 28 16 3 11 23 2 3 23 2 16 16 11 30
split_gain=64.3084 64.3212 29.12 28.049 26.746 31.2988 26.0718 25.0672 17.7998 19.2161 17.9046 23.9937 36.6726 17.7199
threshold=-0.47136868536472315 0.41268247365951544 0.15913257002830508 0.57865309715271007 0.021681637503206733 1.6005807518959048 2.0816609859466557 0.64740043878555309 0.52100190520286571 0.89476916193962108 0.46756328642368322 0.80811762809753429 0.040495445951819427 1.0000000180025095e-35
decision_type=2 2 2 2 2 2 2 2 2 2 2 2 2 2
left_child=1 4 3 -2 7 13 8 -1 9 10 -4 12 -12 -6
right_child=2 -3 6 -5 5 -7 -8 -9 -10 -11 11 -13 -14 -15
leaf_value=0.0059058366319365563 0.0040747821541968999 -0.0036787942595962776 -0.0026303564301640068 0 -0.00071926695265916247 0.00068506178744529478 0.0028953258719723483 0.00036418088043772221 0.00037591966124190932 -0.0033432013429352601 -0.00016877455691315026 -0.0019768382253338799 0.0075129633019626859 -0.0031764659953789536
leaf_weight=106.79584788531065 433.36921023391187 780.11768423579633 180.14798061177135 296.10785180144012 752.33173450827599 790.93745515868068 372.51996761001647 382.99805813096464 5236.9620888698846 277.09230807982385 127.15671960450709 132.17406842857599 101.8254871238023 569.72491279616952
leaf_count=1278 7046 10693 2659 3897 9767 10875 4497 5656 68529 3780 1780 1632 1326 7527
internal_value=0 -0.00114227 0.000547325 0.00245887 -0.00035797 -0.000864605 0.000321439 0.00172599 0.00015297 -0.00121496 -2.04e-05 0.00119915 0.0032082 -0.00182078
internal_weight=0 3382.91 7157.36 729.477 2602.79 2112.99 6427.88 489.794 6055.36 818.397 541.304 361.156 228.982 1322.06
internal_count=140942 45796 95146 10943 35103 28169 84203 6934 79706 11177 7397 4738 3106 17294
is_linear=0
shrinkage=0.0101079


Tree=23
num_leaves=15
num_cat=0
split_feature=27 28 13 3 13 14 23 3 21 13 15 15 21 23
split_gain=65.3956 62.4552 33.2716 47.4336 46.474 37.8022 29.6034 23.7949 22.1366 33.9009 25.0699 30.7855 21.4692 20.066
threshold=-0.41268247365951533 -0.22706275433301923 -0.031110376119613644 0.48346425592899328 -0.012805659323930739 -11.240717887878416 0.52100190520286571 0.26839508116245275 -5.7506365776062003 -0.020988823845982548 10.225145339965822 3.4177439212799077 6.4644286632537851 1.5088239908218386
decision_type=2 2 2 2 2 2 2 2 2 2 2 2 2 2
left_child=1 12 -3 -4 5 -5 7 -2 -8 10 11 -10 -1 -6
right_child=6 2 3 4 13 -7 8 -9 9 -11 -12 -13 -14 -15
leaf_value=0.001034579288458471 0.002936134987732699 -0.0048767983109124077 0.002840878123702836 -0.0029769597346959945 -0.0035574685434060713 0.0050958316967640773 0.0024189107534781135 -0.0018343129742861763 0.0031797945926092044 0.00095939524196463359 0.0020057040408827218 -0.0027737123853612683 -0.0016189847114111314 0.0010316085276341899
leaf_weight=1210.5506623592228 111.69048955850303 418.24066280946136 200.45211658068001 88.030093584209681 1019.1966691426933 135.8600735142827 785.34005654603243 752.07895352505147 89.749991666525602 4374.9144360385835 187.99312924034894 662.59544271230698 403.85241064243019 89.603233985602856
leaf_count=16538 1851 5601 1898 1328 14562 2002 10863 10216 1489 56445 2231 9439 5066 1330
internal_value=0 -0.00110743 -0.00232332 -0.00157975 -0.00228727 0.00175331 0.000574229 -0.00115068 0.000826218 0.000580155 -0.00113505 -0.00198541 0.000341312 -0.00314583
internal_weight=0 3565.79 1951.38 1533.14 1332.69 223.89 6964.36 863.769 6100.59 5315.25 940.339 752.345 1614.4 1108.8
internal_count=140859 48325 26721 21120 19222 3330 92534 12067 80467 69604 13159 10928 21604 15892
is_linear=0
shrinkage=0.0101079


Tree=24
num_leaves=15
num_cat=0
split_feature=27 28 13 3 13 16 14 21 3 7 13 15 30 28
split_gain=70.3149 60.5657 35.9302 53.9276 44.5681 30.9884 30.7938 26.4487 23.7648 20.0996 19.6699 54.2721 20.8314 51.7286
threshold=-0.49049438536167139 -0.20576497167348859 -0.031110376119613644 0.48346425592899328 -0.012805659323930739 0.11413203924894334 -10.875152111053465 -5.7506365776062003 0.9676102101802827 6.4267048835754403 -0.018844081088900563 12.73098134994507 1.0000000180025095e-35 0.83743050694465648
decision_type=2 2 2 2 2 2 2 2 2 2 2 2 2 2
left_child=1 9 5 -4 6 -3 -5 -2 10 -1 11 -9 13 -12
right_child=7 2 3 4 -6 -7 -8 8 -10 -11 12 -13 -14 -15
leaf_value=0.0011900299493801322 0.0021657999059425865 -0.00029665436332751075 0.0032491971992818841 -0.0025033743962986936 -0.0032917686292003047 -0.006993613846793709 0.0049785621664565193 -0.0015720302166887916 0.0049888964559199334 -0.0012073487291885336 0.0006538995973641551 0.0059314055536542577 0.0013078591471437332 -0.0026469022308023352
leaf_weight=937.73809297755361 916.81593344733119 112.19073085673153 185.38392897322774 86.181044582277536 1040.2444735039026 276.08408367820084 120.10414977744222 1127.427049620077 102.63027343153954 556.85366890020669 2355.6536314338446 98.769468493759632 2015.351869309321 602.52651108801365
leaf_count=12909 12956 1720 1730 1312 14930 3483 1778 15847 1301 7082 30703 1137 26138 7888
internal_value=0 -0.00121535 -0.00245176 -0.00165373 -0.00243053 -0.00520387 0.00168568 0.00056126 0.00031909 0.000268262 0.000229222 -0.000901856 0.000517168 -9.83906e-06
internal_weight=0 3314.78 1820.19 1431.91 1246.53 388.275 206.285 7219.17 6302.36 1494.59 6199.73 1226.2 4973.53 2958.18
internal_count=140914 44944 24953 19750 18020 5203 3090 95970 83014 19991 81713 16984 64729 38591
is_linear=0
shrinkage=0.0101079


Tree=25
num_leaves=15
num_cat=0
split_feature=27 28 29 23 11 20 16 16 13 29 29 3 21 3
split_gain=57.3038 59.24 31.1128 28.08 38.7389 26.1325 34.1438 41.5863 36.4154 23.8605 17.5663 17.1701 20.9328 16.8391
threshold=-0.49049438536167139 0.35222910344600683 -1.0000000180025095e-35 1.1109332442283633 0.025969775393605236 -2.8944129943847652 0.15454717725515368 0.38881458342075353 0.001231981907039881 -1.0000000180025095e-35 0.6078576147556306 0.59646087884902965 -2.1845315694808956 0.39648534357547766
decision_type=2 2 2 2 2 2 2 2 2 2 2 2 2 2
left_child=1 2 -1 4 -4 -2 13 8 10 -3 -8 12 -12 -7
right_child=5 9 3 -5 -6 6 7 -9 -10 -11 11 -13 -14 -15
leaf_value=0.0019094640783871911 0.0019662489926672651 0 0.0015238270272317522 -3.3363325829969531e-05 -0.0040883104538758487 0.0057231988629048089 -0.0032452453539545032 0.00048212568485575611 0.0040555886156108242 -0.0042657686171163603 0.00240524429643045 -0.0038918256540842072 -0.0028704719582455739 0
leaf_weight=494.92364157363772 1025.4248977415264 176.87919818237424 153.22315499745309 1332.8986698649824 473.15247003175318 159.74481932446361 647.55590650252998 4782.151735233143 93.54537713713944 679.22803470119834 222.49179925210774 107.78906893730164 103.87725925818086 82.839814787730575
leaf_count=6559 13448 2356 2191 18126 6155 2887 9386 61447 1379 9419 3112 1350 1526 1423
internal_value=0 -0.00113127 -0.000310783 -0.000897453 -0.00264978 0.000472767 0.00021712 5.65104e-05 -0.00163303 -0.00341292 -0.00218712 -0.000488424 0.000577605 0.0038775
internal_weight=0 3310.31 2454.2 1959.27 626.376 7225.42 6200 5957.41 1175.26 856.107 1081.71 434.158 326.369 242.585
internal_count=140764 44806 33031 26472 8346 95958 82510 78200 16753 11775 15374 5988 4638 4310
is_linear=0
shrinkage=0.0101079


Tree=26
num_leaves=15
num_cat=0
split_feature=28 3 0 15 13 13 30 29 13 15 3 14 13 11
split_gain=36.3646 36.8069 33.9951 30.4444 34.3172 44.9685 37.0294 34.1025 30.7506 30.7373 27.5487 24.8928 27.7941 22.1924
threshold=-0.69930991530418385 0.57082024216651928 1.0380877852439883 3.007054448127747 -0.020988823845982548 -0.00081564564607106138 -0.56174489110708226 1.0000000180025095e-35 -0.077821925282478319 8.80566453933716 0.33941552042961126 -1.498545706272125 0.044781772419810302 0.019116247072815899
decision_type=2 2 2 2 2 2 2 2 2 2 2 2 2 2
left_child=-1 3 -3 -2 6 -6 -5 11 -8 10 -10 12 -7 -4
right_child=1 2 13 4 5 7 8 -9 9 -11 -12 -13 -14 -15
leaf_value=0.0010126272694852461 0.0033025577792980404 -0.0019136540223083274 0.0025687351747660028 -0.0040441393214044677 0.0040482853767830505 0.002938018035440844 0.004758570515169246 -0.00082694991825534177 0.0012592991102903257 0.0032598890614880869 -0.004291763367838871 0.0054445084562826504 -0.00074652469367536382 -0.00050707591350904039
leaf_weight=2823.1672687809914 317.76883995905519 2068.0699042286724 283.39893888682127 367.18344404362142 341.44088984280825 361.35420858114958 105.72943814657629 1429.4690248146653 118.41517041996121 113.70472612045705 266.01936431415379 143.89989223890007 450.47783095389605 1343.1770393587649
leaf_count=37436 4983 28266 3844 5363 5121 4840 1496 17754 1744 1415 3320 1520 5803 17847
internal_value=0 -0.000326273 -0.00105599 0.000335804 6.36423e-05 0.000655331 -0.00154855 0.000141342 0 -0.00106604 -0.00248738 0.00162671 0.000856169 1.35363e-05
internal_weight=0 7710.11 3694.65 4015.46 3697.69 2726.64 971.052 2385.2 603.869 498.139 384.435 955.732 811.832 1626.58
internal_count=140752 103316 49957 53359 48376 35038 13338 29917 7975 6479 5064 12163 10643 21691
is_linear=0
shrinkage=0.0101079


Tree=27
num_leaves=15
num_cat=0
split_feature=27 29 22 13 16 10 23 22 11 11 11 16 33 13
split_gain=53.9036 59.4254 68.589 32.3359 30.9554 28.7318 28.5229 23.8389 22.7374 22.6138 32.2019 29.7055 21.2948 19.3947
threshold=-0.43245348334312433 -1.0000000180025095e-35 -0.38776755332946772 -0.035472854971885674 0.14557661861181262 0.2138657942414284 0.52100190520286571 -0.39819423854351038 0.017397551797330383 0.081892583519220366 0.040495445951819427 0.48931120336055761 2.0062500238418584 -0.021471965126693245
decision_type=2 2 2 2 2 2 2 2 2 2 2 2 8 2
left_child=1 3 8 -1 5 12 9 -5 -3 10 -6 -12 -2 -8
right_child=4 2 -4 7 6 -7 13 -9 -10 -11 11 -13 -14 -15
leaf_value=-0.0028058228158937891 0.0057659972094701436 0 -0.00040579164012015384 0.0056686653840611351 -0.0023116438618431844 -0.00050921631116724762 -0.00061270806907647078 0.0010703607741701174 -0.0042940490569507309 -0.0038630761373456505 -0.0013062745030069012 0.0054375809435606055 0.0009788943541654859 0.00086515439909330997
leaf_weight=125.22864936105907 274.32147961854935 153.19913941249251 1725.8322184178978 178.83208931423724 330.00695000402629 187.54418909177184 1099.7893786020577 395.12156721204519 912.33322926238179 259.72029275074601 103.41547235287726 139.75343778170645 183.2893872782588 4456.7873547263443
leaf_count=1541 2396 2269 23736 2349 4780 2490 15094 5451 12039 3310 1401 1872 4843 57231
internal_value=0 -0.00101534 -0.00168191 0.00157794 0.000519606 0.00262452 0.000297861 0.00262832 -0.0036935 -0.00142463 -0.000213734 0.00245559 0.00398316 0.00056493
internal_weight=0 3490.55 2791.36 699.182 7034.63 645.155 6389.47 573.954 1065.53 832.896 573.176 243.169 457.611 5556.58
internal_count=140802 47385 38044 9341 93417 9729 83688 7800 14308 11363 8053 3273 7239 72325
is_linear=0
shrinkage=0.0101079


Tree=28
num_leaves=15
num_cat=0
split_feature=27 28 29 27 29 11 29 16 13 15 28 16 12 33
split_gain=58.1039 49.4694 29.1213 25.3705 50.9422 22.4464 19.2411 17.3571 27.3773 50.1065 50.9973 27.1065 31.5261 34.3235
threshold=-0.47136868536472315 0.43245348334312445 -1.0000000180025095e-35 -0.90159028768539418 0.87837970256805431 0.022100022062659267 -1.0000000180025095e-35 0.15913257002830508 -0.021471965126693245 10.225145339965822 0.1413247883319855 0.83826053142547619 0.06359413638710977 0.99393379688262951
decision_type=2 2 2 2 2 2 2 2 2 2 2 2 2 10
left_child=1 2 -1 4 5 -4 -3 -2 9 -9 -11 -10 13 -13
right_child=7 6 3 -5 -6 -7 -8 8 11 10 -12 12 -14 -15
leaf_value=0.0016940099156828462 0.0020413926608109697 0 3.0306918928034429e-05 0.00032622580213369099 0.00161068698362367 -0.0038304223980140254 -0.0041727771084408855 -0.0018540826000434641 0.0012287626464966579 -0.0014626090622551283 0.0075088725534551487 0.0018045733711703961 0.0011560061419237258 -0.0027247905965040002
leaf_weight=530.18250342831016 729.99615266732872 146.22450819611549 167.44302440807223 892.90034257620573 300.44663884118199 742.76248831674457 586.50103672221303 1075.0056889504194 3476.9037641696632 111.15350168570876 124.15999207086861 209.42219209298491 759.02121840417385 688.81025064736605
leaf_count=7099 10914 1971 2475 11968 4128 9944 8170 14913 46944 1360 1389 5361 8528 5888
internal_value=0 -0.00104834 -0.000380852 -0.00092722 -0.00188118 -0.00308173 -0.0033642 0.000559281 0.000382903 -0.000903998 0.00319156 0.000720071 -0.000323575 -0.00161776
internal_weight=0 3366.46 2633.73 2103.55 1210.65 910.206 732.726 7174.47 6444.48 1310.32 235.313 5134.16 1657.25 898.232
internal_count=141052 45755 35614 28515 16547 12419 10141 95297 84383 17662 2749 66721 19777 11249
is_linear=0
shrinkage=0.0101079


Tree=29
num_leaves=15
num_cat=0
split_feature=27 28 29 22 11 16 29 28 30 3 22 3 2 29
split_gain=48.6714 56.0344 29.8254 28.0573 42.6842 25.2208 27.1748 27.6371 27.8936 25.4586 24.6836 23.9667 23.183 20.4543
threshold=-0.47136868536472315 0.47136868536472326 -1.0000000180025095e-35 -0.15261553227901456 0.014442820567637684 0.15913257002830508 -0.60785761475563038 0.86046862602233898 1.0000000180025095e-35 0.57865309715271007 -0.47848118841648096 0.8448142707347871 0.8183768391609193 -1.0000000180025095e-35
decision_type=2 2 2 2 2 2 2 2 2 2 2 2 2 2
left_child=1 2 10 4 -4 9 -7 11 -9 -2 -1 -8 -10 -3
right_child=5 13 3 -5 -6 6 7 8 12 -11 -12 -13 -14 -15
leaf_value=0.0060785737516466298 0.0037618086222298177 0 0.0033872692127800311 1.4172704962484217e-05 -0.0031782206621674999 0.0048108381292373886 0.00032025162569813119 -0.0023872563271754941 0.0023370824525581133 0 0.00055585609857153632 0.0033298741772124674 -0.0015087303418834283 -0.0045224812136454226
leaf_weight=101.14197107218206 436.75579359568655 134.12667695619166 104.56530513614416 1294.0640447065234 752.25714861229062 123.61253760196269 4642.2347821258008 767.6044636387378 322.65970195271075 292.06389299966395 447.93262310139835 284.70288775488734 294.06913048774004 527.90752447023988
leaf_count=1217 7058 1780 1503 17844 9865 1588 61119 10214 4091 3840 6049 3200 3913 7380
internal_value=0 -0.00101406 -0.000347241 -0.000896729 -0.0023073 0.000458624 0.000248429 0.000146958 -0.00110201 0.00223767 0.0017153 0.000507251 0.000442428 -0.00363809
internal_weight=0 3362 2699.96 2150.89 856.822 7163.7 6434.88 6311.27 1384.33 728.82 549.075 4926.94 616.729 662.034
internal_count=140661 45638 36478 29212 11368 95023 84125 82537 18218 10898 7266 64319 8004 9160
is_linear=0
shrinkage=0.0101079


Tree=30
num_leaves=15
num_cat=0
split_feature=27 28 29 28 29 29 22 11 21 13 15 15 16 12
split_gain=55.1682 53.1641 27.5428 27.3567 49.6514 24.9305 24.4374 19.086 18.7156 26.6674 33.0155 39.6183 21.3188 37.3189
threshold=-0.49049438536167139 0.41268247365951544 -1.0000000180025095e-35 -0.2693240344524383 0.87837970256805431 -1.0000000180025095e-35 -0.39819423854351038 0.022100022062659267 -8.0956506729125959 -0.018844081088900563 12.820211410522463 3.4177439212799077 0.84136477112770092 0.065665658563375487
decision_type=2 2 2 2 2 2 2 2 2 2 2 2 2 2
left_child=1 2 6 -4 7 -3 -1 -5 -2 10 11 -10 -11 -14
right_child=8 5 3 4 -6 -7 -8 -9 9 12 -12 -13 13 -15
leaf_value=0.0058057976633472648 0.0023027472001350491 0 0.00013877857697823151 0 0.0016765953001207168 -0.0043922468600449925 0.00039773859117418487 -0.0043059749089777036 0.0022763132894268578 0.0011358039837279402 0.0045198922913781163 -0.0020422676138549521 -0.001624327847252425 0.0014293676789982922
leaf_weight=108.29924186691642 542.88262207433581 154.37124639190733 1105.9680586624891 125.92647796869278 236.78358941338956 587.39634939655662 406.51550924777985 574.26345076970756 251.23269597627223 3534.4610894061625 99.554754672572017 1170.5793612319976 906.00495405122638 725.45579854957759
leaf_count=1357 7494 2037 14824 1896 3271 8237 5535 7789 4107 47643 1161 16202 11243 8163
internal_value=0 -0.00107794 -0.000365321 -0.000905106 -0.00217131 -0.00345239 0.00168112 -0.00353382 0.000497821 0.000342788 -0.000818505 -0.00124277 0.00069332 -0.000241411
internal_weight=0 3299.52 2557.76 2042.94 936.974 741.768 514.815 700.19 7230.17 6687.29 1521.37 1421.81 5165.92 1631.46
internal_count=140959 44946 34672 27780 12956 10274 6892 9685 96013 88519 21470 20309 67049 19406
is_linear=0
shrinkage=0.0101079


Tree=31
num_leaves=15
num_cat=0
split_feature=3 0 5 13 14 13 20 29 15 7 18 22 29 14
split_gain=30.5739 49.2815 26.3787 30.5597 28.1102 27.2628 25.4351 28.0829 22.0193 33.8776 21.3229 20.4288 20.3721 20.3491
threshold=0.46948848664760595 0.69085618853569042 2.0244168043136601 0.091556016355752959 -8.021692752838133 -0.086213365197181688 -0.60402160882949818 0.6078576147556306 7.6273543834686288 -0.12199360504746436 31.500000000000004 -0.31247575581073755 1.0000000180025095e-35 -9.5073122978210431
decision_type=2 2 2 2 2 2 2 2 2 2 2 2 2 2
left_child=2 12 3 4 5 -1 7 -6 9 -3 -11 -7 -2 -10
right_child=1 8 -4 -5 6 11 -8 -9 13 10 -12 -13 -14 -15
leaf_value=0.0045178108811098879 -0.00046545170366995794 8.7953933044821638e-05 -0.00057929249374519536 -0.0029815878150269664 0.0025305592846671938 -0.0012457437164166468 0.0035945305765146532 -0.0023575562143301324 -0.0029229478241200118 0.0050399801983788284 0.00053237145913402997 0.0013789617504404164 -0.0035600027809218203 -0.00026409343133346343
leaf_weight=141.69974955916405 385.05720169842243 1851.1772430445999 1077.5536927543581 151.27080755494535 299.84997535869479 663.43515219353139 861.42441368289292 184.14644037187099 327.01526944898069 261.05550757981837 218.64677948132157 542.90178772807121 624.92698998190463 2947.3136515319347
leaf_count=2155 5820 24976 13997 2099 3763 9737 10926 2503 4609 3227 2850 8288 9560 36481
internal_value=0 -0.000385801 0.000739137 0.00125296 0.00151352 0.000440994 0.00254966 0.000580671 -7.02075e-06 0.00073514 0.00310904 -2.99135e-05 -0.00243234 -0.000548159
internal_weight=0 6615.19 3922.28 2844.73 2693.46 1348.04 1345.42 483.996 5605.21 2330.88 479.702 1206.34 1009.98 3274.33
internal_count=140991 87523 53468 39471 37372 20180 17192 6266 72143 31053 6077 18025 15380 41090
is_linear=0
shrinkage=0.0101079


Tree=32
num_leaves=15
num_cat=0
split_feature=27 29 22 11 21 22 16 16 29 2 11 10 23 27
split_gain=49.2611 52.1325 67.2188 28.8232 24.1327 43.2465 28.7398 23.7657 28.8782 24.1215 40.0978 22.9901 21.1903 27.8071
threshold=-0.39271505177021021 -1.0000000180025095e-35 -0.15261553227901456 0.015699314884841446 -0.11920202150940894 -0.39819423854351038 0.21981786936521533 0.15913257002830508 -0.60785761475563038 1.3957353234291079 0.023346430622041229 0.2138657942414284 1.2035137414932253 0.75894212722778331
decision_type=2 2 2 2 2 2 2 2 2 2 2 2 2 2
left_child=1 4 3 -3 6 -6 -1 11 -9 -10 -11 -2 13 -12
right_child=7 2 -4 -5 5 -7 -8 8 9 10 12 -13 -14 -15
leaf_value=0.0025768848968522693 0.0033592605241616388 0.0003360340061724577 -4.2107021204137487e-05 -0.0037262569536039001 0.0079746270588205402 0.00058110034651187104 -0.0030776193488461358 0.0053592361136569023 -0.00010772454422375338 0.0062412909214784569 -0.00190258047808064 -0.00051173124905569802 0.0033569790361406538 0.0021051452534540977
leaf_weight=158.76237702928483 514.76200213097036 186.42730204388499 1467.4998119920492 1218.7849535327405 121.22465450689197 257.54388938099146 191.8990773987025 105.23542837426066 5033.8811585344374 153.17662013880908 403.36557969637215 197.24129398539662 222.06410650163889 300.47088894248009
leaf_count=2131 8009 2748 20177 16380 1539 3532 2519 1350 66920 1784 5256 2577 2548 3446
internal_value=0 -0.000966673 -0.00158552 -0.00315975 0.00140677 0.00316298 -0.000404147 0.000489158 0.000280072 0.000179442 0.00154769 0.00223658 0.000683138 -0.000130513
internal_weight=0 3602.14 2872.71 1405.21 729.43 378.769 350.661 6930.2 6218.19 6112.96 1079.08 712.003 925.901 703.836
internal_count=140916 49026 39305 19128 9721 5071 4650 91890 81304 79954 13034 10586 11250 8702
is_linear=0
shrinkage=0.0101079


Tree=33
num_leaves=15
num_cat=0
split_feature=27 23 29 21 2 20 16 16 13 29 3 16 20 33
split_gain=49.8412 46.9676 48.5303 69.3847 31.4383 27.2169 30.0133 42.1673 24.9383 24.9061 21.4685 21.1266 25.3967 27.3831
threshold=-0.47136868536472315 0.88221749663352977 -1.0000000180025095e-35 -0.37051507830619806 0.65588611364364635 -2.9530129432678218 0.14557661861181262 0.3764366507530213 0.00040184031240642076 0.6078576147556306 0.59646087884902965 0.84136477112770092 -0.98181176185607899 1.0359913706779482
decision_type=2 2 2 2 2 2 2 2 2 2 2 2 2 8
left_child=1 2 3 -1 -4 -2 -7 8 9 -8 -11 12 -9 -14
right_child=5 -3 4 -5 -6 6 7 11 -10 10 -12 -13 13 -15
leaf_value=-0.0040420166044207902 0.0020279740132943067 -0.00018087098354159823 0.00097022722127961133 0.0068486837527648404 -0.0045748374730238787 0.0037979302019760719 -0.0034535862759594348 -0.0007629638322863301 0.0030020287094491391 0.0010883333673080895 -0.0040673011858880235 -0.0004398422567372967 0.0020891343855803175 -0.00018007875665422018
leaf_weight=109.65184176713228 981.47553727403283 2280.5741495359689 104.83973721601069 110.90740764886141 753.81600794568658 222.00707026943564 612.82320815138519 657.70336167514324 92.13023099116981 311.75143638439476 102.60959348641336 1623.3702860996127 1811.8114107847214 728.0279655046761
leaf_count=1398 12837 31258 1039 1452 10549 3962 8987 8755 1345 4489 1301 19306 15606 18287
internal_value=0 -0.00102466 -0.00275669 0.00130276 -0.00384847 0.000466628 0.000209184 6.35491e-05 -0.00168917 -0.0021681 -0.000142877 0.000480907 0.000960934 0.00142419
internal_weight=0 3359.79 1079.21 220.559 858.656 7143.71 6162.23 5940.23 1119.31 1027.18 414.361 4820.91 3197.54 2539.84
internal_count=140571 45696 14438 2850 11588 94875 82038 78076 16122 14777 5790 61954 42648 33893
is_linear=0
shrinkage=0.0101079


Tree=34
num_leaves=15
num_cat=0
split_feature=27 23 13 2 13 20 16 16 13 16 12 33 14 20
split_gain=49.1297 46.5467 37.9188 44.8687 33.2503 23.8037 25.6438 49.0176 26.4702 18.1172 28.8659 28.4493 25.0662 20.3128
threshold=-0.43245348334312433 0.88221749663352977 -0.032393936067819588 0.6511506736278535 -0.012805659323930739 -3.0198485851287837 0.15454717725515368 0.3764366507530213 0.00040184031240642076 0.84136477112770092 0.06359413638710977 0.94700106978416454 -0.84544458985328663 -0.98181176185607899
decision_type=2 2 2 2 2 2 2 2 2 2 2 10 2 2
left_child=1 2 -1 -4 -5 -2 -7 8 -8 13 11 -11 -12 -9
right_child=5 -3 3 4 -6 6 7 9 -10 10 12 -13 -14 -15
leaf_value=-0.0060923703453498275 0.0019877590656270394 -0.00015938144177236841 0.004548745047618017 0.0019834012632527383 -0.0033948631901539101 0.0033329103025055559 -0.002319395661999435 -0.00053029430126230953 0.0030481539952968025 0.0016504785761105869 0 -0.0025884247813820868 0.0040237031978882379 0.0014135394300221584
leaf_weight=256.45901173725724 930.53472231887281 2364.4442837499082 96.571773698553443 128.14240104705095 637.66374283097684 256.04355251789093 1000.4465560074896 663.95761532150209 90.721800064668059 194.67405342496932 531.5204876549542 667.38234163820744 208.30971277318895 2503.2083151508123
leaf_count=3429 12083 32359 975 1789 8827 4501 14276 8792 1307 5076 6078 5689 2140 33400
internal_value=0 -0.000983813 -0.00267725 -0.00157056 -0.00243186 0.000482263 0.00024441 9.84069e-05 -0.0018182 0.000547613 -0.00030833 -0.00157852 0.00111853 0.000992987
internal_weight=0 3483.28 1118.84 862.378 765.806 7046.8 6116.26 5860.22 1091.17 4769.05 1601.89 862.056 739.83 3167.17
internal_count=140721 47379 15020 11591 10616 93342 81259 76758 15583 61175 18983 10765 8218 42192
is_linear=0
shrinkage=0.0101079


Tree=35
num_leaves=15
num_cat=0
split_feature=27 29 21 22 0 20 15 14 22 3 7 2 2 17
split_gain=48.9894 60.2998 37.826 37.6812 33.6672 22.8807 23.2047 33.5577 35.0761 26.355 22.1173 29.4227 21.5898 19.1075
threshold=-0.71473535895347584 -1.0000000180025095e-35 0.35054689645767217 -0.39819423854351038 1.0380877852439883 -2.6537165641784664 3.4843167066574101 -7.0932853221893302 -0.41435424983501429 0.39943291246891027 0.62520331144332897 1.2500455975532534 0.65588611364364635 85.500000000000014
decision_type=2 2 2 2 2 2 2 2 2 2 2 2 2 2
left_child=1 2 -1 -4 12 13 9 8 -8 -7 11 -9 -3 -2
right_child=5 4 3 -5 -6 6 7 10 -10 -11 -12 -13 -14 -15
leaf_value=-0.00072601006559218264 0.0025024349866498981 0.00043835784411656636 0.0092260133185954277 0.0010832810054116682 -0.00068946832357543732 0.0058272800615765518 -0.0023138410426826379 0.0011546036953451507 0.00017607284223183594 3.9898761268806385e-05 0.0002270385522156006 0.0069641865756678778 -0.0038611289185738131 -2.0485925498952532e-07
leaf_weight=273.25669664889574 855.38650893606246 116.97567743062973 99.076194521039724 162.4497491940856 1087.4286510627717 145.98418173193932 1055.391861403361 515.4320741482079 1204.8528900928795 199.38418845832348 3379.3076921291649 109.42598540149629 883.34462711215019 437.72363637946546
leaf_count=3605 11201 1146 1210 2275 15263 2645 14768 6752 17381 2972 42173 1136 12354 5999
internal_value=0 -0.00119204 0.00177874 0.00449267 -0.00197604 0.000400342 0.000152228 3.65569e-06 -0.000972577 0.002674 0.00056561 0.00230778 -0.00331866 0.00162911
internal_weight=0 2622.53 534.783 261.526 2087.75 7902.89 6609.78 6264.41 2260.24 345.368 4004.17 624.858 1000.32 1293.11
internal_count=140880 35853 7090 3485 28763 105027 87827 82210 32149 5617 50061 7888 13500 17200
is_linear=0
shrinkage=0.0101079


Tree=36
num_leaves=15
num_cat=0
split_feature=27 28 23 11 23 15 30 27 3 2 14 14 2 12
split_gain=44.937 54.5934 25.1055 22.9265 26.887 23.8215 23.083 22.3271 18.352 17.2047 17.645 29.1687 16.9256 32.9953
threshold=-0.47136868536472315 0.41268247365951544 0.52100190520286571 0.021681637503206733 1.6195393204689028 11.233857154846193 1.0000000180025095e-35 -0.96298784017562855 0.26839508116245275 0.7778034806251527 -7.4899802207946768 -4.495248317718505 1.5424749255180361 0.031914450228214271
decision_type=2 2 2 2 2 2 2 2 2 2 2 2 2 2
left_child=1 3 8 5 6 -1 12 -8 -2 10 -10 -12 13 -5
right_child=2 -3 -4 4 -6 -7 7 -9 9 -11 11 -13 -14 -15
leaf_value=0.00035912239566471293 0.0024321158188282512 -0.0033698812355548728 0.00064774248860886103 -0.00097969959932966391 0.00072360685969898627 0.0058648169179560047 -0.0051910300508120136 -0.00098686166596977185 -0.0027885228299377061 -0.003111405024420406 0.0053936078172894713 -0.001492540679219196 -0.0020471786078468308 0.0048847214473390719
leaf_weight=387.86055205948651 112.20599377341568 761.08545227535069 6268.7846296001226 278.95868008770049 762.12198225967586 100.96485601179302 280.24992469698191 294.29029791243374 145.65760368108749 416.0098123177886 105.91449053585529 121.60462892428041 351.86831526085734 136.70500171929598
leaf_count=5524 1830 10636 82478 3319 10542 1384 3794 3858 2170 5720 1378 1465 5233 1453
internal_value=0 -0.000999068 0.000416621 -0.000279783 -0.000751742 0.00165056 -0.00161891 -0.00314831 -0.00113812 -0.00171499 -2.07892e-05 0.00161189 -0.000402092 0.000906638
internal_weight=0 3354.11 7170.18 2593.02 2104.19 488.825 1342.07 574.54 901.393 789.187 373.177 227.519 767.532 415.664
internal_count=140784 45743 95041 35107 28199 6908 17657 7652 12563 10733 5013 2843 10005 4772
is_linear=0
shrinkage=0.0101079


Tree=37
num_leaves=15
num_cat=0
split_feature=27 28 29 21 23 21 13 29 28 7 33 2 2 10
split_gain=52.258 52.712 56.0853 58.127 22.6435 19.1372 22.5641 37.1948 23.5179 18.3016 17.4308 16.041 15.8766 15.6305
threshold=-0.41268247365951533 -0.20576497167348859 -1.0000000180025095e-35 -0.11920202150940894 0.52100190520286571 -5.6244275569915763 -0.018844081088900563 0.87837970256805431 0.77296444773674022 6.4267048835754403 0.90112781524658214 1.3758203387260439 0.88991791009902965 0.24990714341402057
decision_type=2 2 2 2 2 2 2 2 2 2 10 2 2 2
left_child=1 9 3 -3 12 13 7 8 -7 -1 -11 -5 -2 -6
right_child=4 2 -4 11 5 6 -8 -9 -10 10 -12 -13 -14 -15
leaf_value=0.0011276278009237427 0 -0.0024750148532801802 -0.0030476476441737466 0.0080369726629424612 0.0027956838209700369 -0.0026141773357575837 0.000816616518538775 0.0033307247841659897 0.0014550352182352776 0.0017076027736776054 -0.0020678206129593197 0.0014503073627596759 -0.0027882659084542821 -0.00078191673765060652
leaf_weight=1040.8587376456708 554.01621539704502 198.42484342120588 1496.1991690490395 95.27870892547071 684.48919013142586 669.45380089059472 4306.9172588698566 166.80567828379571 165.53109482116997 152.92052891291678 458.93352703005075 94.703107880428433 312.81510161422193 128.49990410357714
leaf_count=14228 7760 2594 20906 1022 9607 9620 55230 2280 2254 3898 3929 1542 4356 1594
internal_value=0 -0.000999997 -0.00215466 0.00117543 0.000506414 0.000726879 0.000494094 -0.000848071 -0.00175354 0.000296139 -0.00104944 0.00514138 -0.000996988 0.00217885
internal_weight=0 3537.32 1884.61 388.407 6988.53 6121.7 5308.71 1001.79 834.985 1652.71 611.854 189.982 866.831 812.989
internal_count=140820 48119 26064 5158 92701 80585 69384 14154 11874 22055 7827 2564 12116 11201
is_linear=0
shrinkage=0.0101079


Tree=38
num_leaves=15
num_cat=0
split_feature=27 28 23 30 28 3 2 14 14 20 9 2 3 3
split_gain=54.2962 54.8789 21.9894 19.2246 36.9726 17.4942 16.2825 16.5033 20.5494 15.8993 25.0064 18.4285 15.6141 15.597
threshold=-0.43245348334312433 0.41268247365951544 0.52100190520286571 1.0000000180025095e-35 -0.22706275433301923 0.26839508116245275 0.7778034806251527 -7.4899802207946768 -4.495248317718505 -2.4214835166931148 0.28051340579986578 1.0932049155235293 0.51194483041763317 0.56860551238060009
decision_type=2 2 2 2 2 2 2 2 2 2 2 2 2 2
left_child=1 3 5 -1 -5 -2 7 -7 -9 -4 -11 -12 -3 -6
right_child=2 12 9 4 13 6 -8 8 -10 10 11 -13 -14 -15
leaf_value=0.00037342993165098042 0.0025533036840202999 -0.00014456559046785333 0.0018156200448018077 0.00013708913411327565 -2.3576678513989022e-05 -0.0026018719315693043 -0.0029131849736140228 0.0049233143681634813 -0.00086749027548673916 0.00089503718858004785 -0.0017855155295336967 0.00064017223736125126 -0.0039942977854385648 -0.0047514062545552481
leaf_weight=1611.876783253625 110.79958225227892 155.62243860960007 1151.8055112659931 635.10764013230801 113.77431156486273 140.68404457718134 402.75494687072933 103.20240316540003 118.65014261193573 3750.366329357028 728.87129575200379 528.88709328696132 656.95612704195082 317.69553646817803
leaf_count=21709 1832 1610 15055 8442 1307 2114 5525 1340 1431 50035 9698 6305 9747 4712
internal_value=0 -0.00102165 0.000518787 -0.000303506 -0.00135962 -0.000953823 -0.00153418 0 0.00172398 0.000735716 0.000476892 -0.000735801 -0.00331459 -0.00361903
internal_weight=0 3491.03 7036.02 2678.45 1066.58 876.091 765.292 362.537 221.853 6159.93 5008.12 1257.76 812.579 431.47
internal_count=140862 47527 93335 36170 14461 12242 10410 4885 2771 81093 66038 16003 11357 6019
is_linear=0
shrinkage=0.0101079


Tree=39
num_leaves=15
num_cat=0
split_feature=27 28 23 21 13 15 15 11 15 23 13 2 12 2
split_gain=42.8458 54.9799 23.2779 21.2451 20.2811 20.1738 25.4086 20.1698 27.7008 20.4561 18.1336 25.4179 17.7741 39.7734
threshold=-0.41268247365951533 0.41268247365951544 0.52100190520286571 -5.7506365776062003 -0.020988823845982548 10.225145339965822 3.4177439212799077 0.018244917504489425 10.807217121124269 1.5641292333602907 0.029293106868863109 1.2428364753723147 0.011539963074028494 1.6282207965850832
decision_type=2 2 2 2 2 2 2 2 2 2 2 2 2 2
left_child=1 7 -2 -4 5 6 -5 8 -1 12 -3 -12 -9 -14
right_child=2 10 3 4 -6 -7 -8 9 -10 -11 11 -13 13 -15
leaf_value=0.00022170058395542733 -0.0010587890136993273 -0.0042749564864987448 0.0022563091433522721 0.003009142142496975 0.0007525716022120368 0.0019364928093873026 -0.0023659521342384924 -0.0024310207528732792 0.0063176182352995772 0.0005710905640779559 0.0023656236714518627 -0.0034673964548675327 0.0019301863408897506 -0.0031244033907246926
leaf_weight=330.59676025621593 857.3620429020375 536.49481595307589 785.27764446847141 91.015605550259352 4379.4468392319977 189.283418064937 659.21756703406572 726.70225415751338 98.113305017352104 913.23498959466815 120.39220023527741 169.09736619889736 383.43590958975255 259.6358861643821
leaf_count=4714 11963 7891 10768 1493 56350 2242 9425 10019 1333 12584 1331 2410 4368 3687
internal_value=0 -0.000888918 0.000475767 0.00069898 0.000458553 -0.000864242 -0.00163669 -0.00017466 0.00179571 -0.000567092 -0.00316219 -0.000906818 -0.00135429 -6.10427e-05
internal_weight=0 3537.7 6961.6 6104.24 5318.96 939.517 750.233 2711.72 428.71 2283.01 825.984 289.49 1369.77 643.072
internal_count=140578 48337 92241 80278 69510 13160 10918 36705 6047 30658 11632 3741 18074 8055
is_linear=0
shrinkage=0.0101079


Tree=40
num_leaves=15
num_cat=0
split_feature=3 0 17 22 32 30 2 7 12 13 14 16 0 32
split_gain=30.7859 52.2429 21.3895 20.307 26.1961 29.4373 29.1948 20.2043 21.7476 16.4293 17.8858 28.2262 22.0285 20.3871
threshold=0.46948848664760595 0.69085618853569042 29.500000000000004 0.67325553297996532 1.0000000180025095e-35 1.0000000180025095e-35 1.5424749255180361 9.0546774864196795 0.033984163776040084 0.091556016355752959 -7.1594781875610343 0.15454717725515368 0.73806479573249828 1.0000000180025095e-35
decision_type=2 2 2 2 2 2 2 2 2 2 2 2 2 2
left_child=9 2 -2 4 -3 6 7 8 -6 10 11 -1 -13 -12
right_child=1 3 -4 -5 5 -7 -8 -9 -10 -11 13 12 -14 -15
leaf_value=0.0027855975147281858 0.00014322227256165497 0.00034091804591823352 -0.0032513675814802709 0.0010787451201582916 0.0010015620426007865 -0.0028718345330805261 -0.001894901844737085 -0.0020331927024936297 0.0064633944698988558 -0.0017013814366165655 0.0011494645161851062 -0.0017638547790380012 0.00066708302305979242 0.0041981797887722556
leaf_weight=349.92362944409251 218.76531664282084 2426.3294918313622 788.15858873724937 1373.2584251258522 350.04538902640343 699.27171299792826 537.83570383302867 121.84540504217148 99.018540250137448 240.80407744273543 1526.7974772118032 655.02903892099857 861.14917451702058 277.74153624661267
leaf_count=5480 2890 28520 12484 18167 4675 9910 8238 1278 1245 3144 19495 10113 12193 2897
internal_value=0 -0.000367552 -0.00247841 7.12366e-06 -0.000332187 -0.00125542 -0.000187033 0.00135567 0.00238246 0.000762005 0.000937815 0.000217063 -0.000360144 0.00165675
internal_weight=0 6614.53 1006.92 5607.6 4234.35 1808.02 1108.75 570.909 449.064 3911.44 3670.64 1866.1 1516.18 1804.54
internal_count=140729 87407 15374 72033 53866 25346 15436 7198 5920 53322 50178 27786 22306 22392
is_linear=0
shrinkage=0.0101079


Tree=41
num_leaves=15
num_cat=0
split_feature=27 28 29 22 11 29 20 16 16 13 16 20 33 15
split_gain=41.8639 52.5276 29.1745 26.1766 41.4988 24.3117 22.8641 32.2283 36.1644 27.3136 19.8493 20.66 25.2801 26.8093
threshold=-0.43245348334312433 0.41268247365951544 -1.0000000180025095e-35 -0.11823938786983489 0.022100022062659267 -1.0000000180025095e-35 -2.8944129943847652 0.15454717725515368 0.3764366507530213 1.0000000180025095e-35 0.83826053142547619 -1.0933548212051389 1.0359913706779482 12.186506748199465
decision_type=2 2 2 2 2 2 2 2 2 2 2 2 8 2
left_child=1 2 -1 4 -4 -3 -2 -8 9 -9 11 -10 13 -13
right_child=6 5 3 -5 -6 -7 7 8 10 -11 -12 12 -14 -15
leaf_value=0.0018666999109288695 0.0018864882793173698 8.5436695005530665e-05 0.0022002461824490549 0.00011642159055090188 -0.0033226841949420358 -0.0040398063039518255 0.0037632851758732321 -0.0021194896934900479 -0.00074131648230567674 0.0033455588131717363 -0.00043432648670427602 0.0010082102485777645 -0.00021742942989786191 0.0036644292024409341
leaf_weight=542.78152420185506 994.48251042701304 163.86403865739703 161.45411929674447 1314.605565238744 647.70096425153315 635.56752556562424 244.86020054109395 981.12438369728625 581.26373875141144 91.053409706801176 1634.6871068403125 1182.6484526693821 726.29682475142181 628.80340769886971
leaf_count=7139 12964 2184 2306 18129 8495 9073 4280 14130 7708 1318 19346 10263 18214 5301
internal_value=0 -0.000888499 -0.000187925 -0.000736842 -0.00216083 -0.00315124 0.000466285 0.000224894 6.4505e-05 -0.0015975 0.00044983 0.000926102 0.00132501 0.00196402
internal_weight=0 3465.97 2666.54 2123.76 809.155 799.432 7065.22 6070.74 5825.88 1072.18 4753.7 3119.01 2537.75 1811.45
internal_count=140850 47326 36069 28930 10801 11257 93524 80560 76280 15448 60832 41486 33778 15564
is_linear=0
shrinkage=0.0101079


Tree=42
num_leaves=15
num_cat=0
split_feature=27 28 11 22 23 3 3 3 15 11 6 13 28 14
split_gain=47.3732 49.0139 23.3799 22.0092 18.3347 17.1828 16.4726 15.5233 15.3322 19.5549 21.9128 17.934 19.6297 17.2587
threshold=-0.47136868536472315 0.41268247365951544 0.018244917504489425 -0.13918258994817731 0.52100190520286571 0.47620494663715368 0.65396720170974743 0.51194483041763317 3.3505833148956303 0.044632267206907279 -10.367297649383543 -0.018844081088900563 0.77296444773674022 -17.211277008056637
decision_type=2 2 2 2 2 2 2 2 2 2 2 2 2 2
left_child=1 2 6 -4 5 -2 -1 -3 9 -6 -11 12 13 -10
right_child=4 7 3 -5 8 -7 -8 -9 11 10 -12 -13 -14 -15
leaf_value=0.0054152022114416611 0.00028858253506685981 0 -0.0020589672451868709 1.3920234207060685e-06 -0.00031752729442891724 -0.0024452090194244484 0.00053176058975375738 -0.0039595485055443358 0.00097639530837518261 -0.00019727410409446321 0.0041644782432676006 0.00074687875670185653 0.0017274900248654319 -0.0021330998040915436
leaf_weight=94.643196992576122 504.01628592051566 141.69180424511433 821.2085376046598 1360.2546317353845 234.63367935083807 397.07226467318833 314.05736191757023 614.01789576373994 219.58505221828818 138.62753863632679 412.26063220575452 4307.6463215649128 257.30809341929853 706.81712949089706
leaf_count=1126 6970 1491 10680 18593 3111 5631 4672 9217 3299 1736 6264 55063 3526 9437
internal_value=0 -0.00101224 -0.000330377 -0.000760202 0.000442476 -0.000881939 0.00183844 -0.00326958 0.000639889 0.00196917 0.00300666 0.000439905 -0.000640839 -0.00135074
internal_weight=0 3345.87 2590.16 2181.46 7177.97 901.089 408.701 755.71 6276.88 785.522 550.888 5491.36 1183.71 926.402
internal_count=140816 45779 35071 29273 95037 12601 5798 10708 82436 11111 8000 71325 16262 12736
is_linear=0
shrinkage=0.0101079


Tree=43
num_leaves=15
num_cat=0
split_feature=23 2 29 11 16 3 28 15 10 11 18 29 29 5
split_gain=25.3024 36.2752 30.359 25.5569 26.9289 24.6532 40.4382 28.5924 21.2031 20.5536 20.2236 17.7613 23.5729 17.7477
threshold=0.52100190520286571 0.60397043824195873 -1.0000000180025095e-35 0.011914033908396961 0.67085614800453197 0.59383180737495433 -0.24825246632099149 3.1450246572494511 0.22858371585607531 0.11729812622070314 37.500000000000007 0.6078576147556306 0.87837970256805431 -3.9991368055343623
decision_type=2 2 2 2 2 2 2 2 2 2 2 2 2 2
left_child=1 -1 -3 4 10 7 8 13 -7 -10 -2 -8 -13 -5
right_child=3 2 -4 5 -6 6 11 -9 9 -11 -12 12 -14 -15
leaf_value=0.0014432455152977664 0.0022013249853214578 0.0017248744024926815 -0.0035848003582750988 0.0003022940498137466 0.0043426707803724532 0.0010253515539999881 -0.0008067674934065642 0.0002090703284740871 -0.0035875860066340325 0.0014192487183145007 -0.0010821759367466678 -0.0046792761642790578 -0.00092532131377677615 0.0046374455275000311
leaf_weight=287.54454549588263 386.18683135323226 117.22828615829349 623.67444394901395 189.23669350519776 278.53244904242456 1408.7268590722233 1163.673031212762 4379.3695323299617 218.53145553357899 113.62491451017559 349.49432385340333 373.43233831226826 377.46367912739515 252.03527495823801
leaf_count=4037 5158 1623 8761 2573 3563 18915 15499 56514 2557 1590 5089 5469 5259 4090
internal_value=0 -0.00148708 -0.00268156 0.000176157 0.00168633 -1.12472e-06 -0.000631145 0.000468469 0.000464953 -0.00176224 0.000591879 -0.00164676 -0.00287391 0.00290531
internal_weight=0 1028.45 740.903 9490.31 1014.21 8476.09 3655.45 4820.64 1740.88 332.156 735.681 1914.57 750.896 441.272
internal_count=140697 14421 10384 126276 13810 112466 49289 63177 23062 4147 10247 26227 10728 6663
is_linear=0
shrinkage=0.0101079


Tree=44
num_leaves=15
num_cat=0
split_feature=27 28 29 29 28 23 11 21 29 11 23 17 3 6
split_gain=42.087 51.3265 27.4818 25.6443 47.4094 23.0219 20.9105 20.1166 19.6976 18.6612 19.7291 23.9619 18.4736 14.9291
threshold=-0.49049438536167139 0.41268247365951544 -1.0000000180025095e-35 0.87837970256805431 -0.2693240344524383 0.52100190520286571 0.022100022062659267 -5.7506365776062003 -1.0000000180025095e-35 0.0093880016356706637 0.83825945854187023 33.500000000000007 0.47620494663715368 -10.672737598419188
decision_type=2 2 2 2 2 2 2 2 2 2 2 2 2 2
left_child=1 2 -1 4 -4 12 -6 13 -3 10 -9 -12 -2 -7
right_child=5 8 3 -5 6 7 -8 9 -10 -11 11 -13 -14 -15
leaf_value=0.0017775934057549664 0.00016209362832320456 0 0.00010696260939134028 0.0011062662762559177 4.8752994072282738e-05 -1.9622286223389682e-05 -0.0042246030793677515 8.4913718019888397e-05 -0.0041476773208938417 0.00020976568578577126 0.00048623686522843152 0.0069290898686933302 -0.0026584912340339006 0.0029059374860825916
leaf_weight=519.22031792066991 501.70919630117714 151.18516680039465 839.16645387932658 509.64497053809464 123.35827264562249 211.3277624938637 567.90284071303904 264.75812893360853 578.41693017818034 4985.5428669620305 125.0558142028749 139.29457431100309 403.07751094736159 616.44173280149698
leaf_count=6846 6919 2019 11181 6979 1865 2477 7800 3616 8291 64776 1723 1742 5790 8814
internal_value=0 -0.000953503 -0.000258549 -0.00080124 -0.00146512 0.00042379 -0.00341185 0.000643118 -0.00330841 0.000411897 0.00221096 0.00412926 -0.0010618 0.00211722
internal_weight=0 3288.89 2559.29 2040.07 1530.43 7247.21 691.261 6342.42 729.602 5514.65 529.109 264.35 904.787 827.769
internal_count=140838 44981 34671 27825 20846 95857 9665 83148 10310 71857 7081 3465 12709 11291
is_linear=0
shrinkage=0.0101079


Tree=45
num_leaves=15
num_cat=0
split_feature=3 0 15 13 20 17 32 22 17 17 22 11 15 29
split_gain=29.634 47.2362 27.1813 28.9941 23.5749 21.534 21.0864 19.3829 18.4688 17.2755 16.5459 16.0781 25.9493 14.5562
threshold=0.46510678529739385 0.69085618853569042 8.0926046371459979 -0.0038247758056968446 -0.22097761929035184 29.500000000000004 1.0000000180025095e-35 0.026945891790091995 42.500000000000007 79.500000000000014 0.38566006720066076 0.010232143569737675 10.975643157958986 1.0000000180025095e-35
decision_type=2 2 2 2 2 2 2 2 2 2 2 2 2 2
left_child=-1 5 3 9 7 -2 8 -4 -5 13 -11 12 -6 -3
right_child=1 2 4 6 11 -7 -8 -9 -10 10 -12 -13 -14 -15
leaf_value=0.00066955831756429561 0.00017674601506411015 0.0024251083483639944 -0.0046729491240621729 0 -0.0011282958983101069 -0.0032100467874805871 0.00045048338993156827 -0.00042644467653444587 0.0048725931196629347 -0.0021742613592196629 0.001002112610383212 -0.00055840774442577051 0.0054611302188607913 -0.00015604108568325123
leaf_weight=3828.7878187652677 221.63218287006021 354.99594822525978 251.19156292453408 113.80247833393514 101.69094853848219 798.56850697472692 430.21753945946693 233.84811158664525 335.50821799784899 538.53211315535009 216.30254792049527 2465.7864936590195 114.55351973883808 510.55663917027414
leaf_count=52288 2939 4619 3050 1296 1371 12716 6257 3028 3883 6835 2921 30679 1371 7370
internal_value=0 -0.000444095 -7.50205e-05 0.00070367 -0.000702648 -0.00243904 0.00217439 -0.00274614 0.00370131 -7.61929e-05 -0.00121002 -0.000311285 0.00224867 0.00086815
internal_weight=0 6687.19 5666.99 2499.92 3167.07 1020.2 879.528 485.04 449.311 1620.39 754.835 2682.03 216.244 865.553
internal_count=140623 88335 72680 33181 39499 15655 11436 6078 5179 21745 9756 33421 2742 11989
is_linear=0
shrinkage=0.0101079


Tree=46
num_leaves=15
num_cat=0
split_feature=27 29 28 13 3 13 20 16 16 13 29 22 9 15
split_gain=42.631 56.6705 57.9758 28.1703 30.785 30.6911 23.7675 22.5821 35.0282 26.1725 20.4765 20.2897 19.5304 19.0299
threshold=-0.41268247365951533 -1.0000000180025095e-35 -0.22706275433301923 -0.035472854971885674 0.50293862819671642 -0.0068218868691474191 -3.0198485851287837 0.15454717725515368 0.3764366507530213 0.00040184031240642076 0.6078576147556306 -0.15261553227901456 0.28996293246746069 8.80566453933716
decision_type=2 2 2 2 2 2 2 2 2 2 2 2 2 2
left_child=1 3 -3 -1 -5 -6 13 -8 9 10 11 -9 -10 -2
right_child=6 2 -4 4 5 -7 7 8 12 -11 -12 -13 -14 -15
leaf_value=-0.0024633289026154332 0.0026486094443071034 0 -0.0028843268707940636 0.0075313878554500559 0.0056632145820994092 0 0.0031522574862268529 -0.0044270195108502518 0.00085593564009113108 0.0032763283380404253 -0.00013126537168855427 -0.0001021686317302832 -0.00061977995021535832 -0.0010008533222741034
leaf_weight=126.51685790531337 766.28459959477186 1292.7565402146429 1513.7839512806386 100.89884949102998 118.75650027021766 371.72525055706501 252.17298933118582 417.0171403195709 3544.509079573676 91.915476685389876 389.37747342512012 176.94481607712805 1196.4878606796265 157.5628382768482
leaf_count=1538 9684 17207 21444 931 1653 5394 4418 6080 45872 1312 5482 2587 14826 2190
internal_value=0 -0.00089171 -0.00154688 0.00160312 0.00256098 0.00135746 0.000470265 0.000231621 9.40725e-05 -0.00153779 -0.00205041 -0.00322358 0.000474582 0.00197961
internal_weight=0 3524.44 2806.54 717.897 591.381 490.482 6992.27 6068.42 5816.25 1075.25 983.339 593.962 4741 923.847
internal_count=140618 48167 38651 9516 7978 7047 92451 80577 76159 15461 14149 8667 60698 11874
is_linear=0
shrinkage=0.0101079


Tree=47
num_leaves=15
num_cat=0
split_feature=28 3 21 0 30 16 22 2 7 18 15 28 28 16
split_gain=35.1538 36.1613 37.5792 36.8637 30.6132 31.2228 35.6229 25.3438 25.661 27.577 26.2128 23.4903 32.5634 31.8716
threshold=-0.69930991530418385 0.59383180737495433 -10.571760654449461 1.0380877852439883 1.0000000180025095e-35 0.48931120336055761 -0.3238693475723266 1.1828986406326296 19.433478355407718 56.500000000000007 5.8159682750701913 0.8491516411304475 -0.43245348334312433 0.73843747377395641
decision_type=2 2 2 2 2 2 2 2 2 2 2 2 2 2
left_child=-1 2 -2 -3 5 6 -4 8 9 -6 -11 12 -7 -13
right_child=1 3 4 -5 7 11 -8 -9 -10 10 -12 13 -14 -15
leaf_value=0.0009495632985575661 0.0046737942807011153 -0.0020926415800818694 -0.0042033738485495907 0 0.00044240711830852977 -0.002504781265257076 0.00014697671576661034 -0.0014232180211499682 -0.0028709387902299214 -0.00043286735795866794 0.0044034577957690552 0.0010462165213359453 0.0015715902027625143 -0.0046505506934161594
leaf_weight=2841.2820894513279 179.86758234538138 1870.0878028832376 444.00871436670423 1541.3023108765483 620.74792076647282 236.12251480296254 303.80247623100877 316.84992542117834 103.8863910548389 123.46071471460164 557.14282787963748 163.04148953780532 1012.1094733327627 212.25015797279775
leaf_count=37579 2507 26121 6616 20873 8448 2879 4715 4192 1019 1619 7168 2168 12446 2583
internal_value=0 -0.000364709 0.000247024 -0.00114168 3.42973e-05 -0.000699503 -0.00239878 0.00106679 0.00166155 0.00206895 0.00347224 6.59358e-05 0.000757697 -0.00209837
internal_weight=0 7684.68 4273.29 3411.39 4093.42 2371.33 747.811 1722.09 1405.24 1301.35 680.604 1623.52 1248.23 375.292
internal_count=140933 103354 56360 46994 53853 31407 11331 22446 18254 17235 8787 20076 15325 4751
is_linear=0
shrinkage=0.0101079


Tree=48
num_leaves=15
num_cat=0
split_feature=27 29 0 21 22 15 20 21 15 21 11 22 30 20
split_gain=42.0917 42.5625 59.92 24.1591 38.3737 21.8195 21.3171 21.6298 22.4458 54.0166 30.9492 28.1792 26.3695 22.316
threshold=-0.49049438536167139 -1.0000000180025095e-35 1.018079459667206 -0.18318530172109601 -0.39819423854351038 3.553611278533936 -2.3669793605804439 -8.3033022880554181 10.225145339965822 -0.43551434576511378 0.014442820567637684 -0.1924420967698097 -0.56174489110708226 1.5563457608222964
decision_type=2 2 2 2 2 2 2 2 2 2 2 2 2 2
left_child=1 3 -3 5 -5 -1 -2 -8 11 -10 13 12 -9 -11
right_child=6 2 -4 4 -6 -7 7 8 9 10 -12 -13 -14 -15
leaf_value=0.00228095266124391 0.0016191119328304755 -0.0033511301018788213 -0.00021322570898829078 0.007592454021288198 0.00045564966938615244 -0.0028709854022339111 0.0038158186860540698 -0.0033797171187314947 0.0066734028720545754 0 0 0.00076447796631126945 -0.00052865035004926776 0.0057681616707081209
leaf_weight=132.63675715401769 1266.2341107614338 1085.6184889227152 1514.1179689113051 119.07688583061099 233.74179762974381 190.03402788564563 154.26863489672542 505.99798692390323 136.20697250962257 116.49247881770134 2968.5657127462327 860.84432213380933 1071.9293449297547 165.65433630347252
leaf_count=1758 16681 14903 21075 1490 3190 2478 2343 7909 1640 1574 37512 12143 14127 1942
internal_value=0 -0.000951347 -0.00154508 0.00126619 0.00308645 -0.000626853 0.000428078 0.000167374 5.89518e-05 0.000597159 0.000315096 -0.000671477 -0.00148032 0.00346818
internal_weight=0 3275.23 2599.74 675.489 352.819 322.671 7246.19 5979.96 5825.69 3386.92 3250.71 2438.77 1577.93 282.147
internal_count=140765 44894 35978 8916 4680 4236 95871 79190 76847 42668 41028 34179 22036 3516
is_linear=0
shrinkage=0.0101079


Tree=49
num_leaves=15
num_cat=0
split_feature=27 28 13 3 13 21 17 2 3 21 23 5 3 21
split_gain=43.3236 48.2818 26.0352 46.7758 45.8463 23.3684 21.1084 19.974 24.3986 20.778 19.7217 16.7577 16.5484 14.346
threshold=-0.43245348334312433 -0.22706275433301923 -0.031110376119613644 0.48346425592899328 -0.012805659323930739 -10.571760654449461 70.500000000000014 2.0816609859466557 0.72862958908081066 -8.0956506729125959 1.5088239908218386 5.3785047531127939 0.57082024216651928 9.4000406265258807
decision_type=2 2 2 2 2 2 2 2 2 2 2 2 2 2
left_child=1 11 5 -4 6 -3 -5 9 -9 12 -6 -1 -2 -11
right_child=7 2 3 4 10 -7 -8 8 -10 13 -12 -13 -14 -15
leaf_value=0.00090794154277026862 0.0039483013208753874 -0.00049470934187482768 0.0030931879751483512 0.0049587075350124637 -0.0033499842513547849 -0.0060595299603445688 -0.0009705528177808211 0.00010943691361990571 0.0048398163772719284 0.00030819971574020907 0.0012407736611355891 -0.0016288088189487428 -0.00027630109351754127 -0.0014359101319563971
leaf_weight=1258.5031300690025 266.16676634550095 133.02495465427637 195.93187224678695 113.24079919233918 988.1158518884331 263.94916133582592 101.98050164990127 251.69474027864635 222.8597491402179 5692.7815715968609 88.226814936846495 321.99510459788144 117.38742743805051 513.72475723549724
leaf_count=16623 4141 2073 1861 1657 14441 3425 1593 2940 2708 76095 1317 4414 1448 6036
internal_value=0 -0.000920553 -0.00201331 -0.00134647 -0.00206536 -0.00433938 0.00203044 0.00045801 0.00245635 0.000305295 -0.00293024 0.000360284 0.00257166 0.000155733
internal_weight=0 3464.97 1884.47 1487.5 1291.56 396.974 215.221 7064.62 474.554 6590.06 1076.34 1580.5 383.554 6206.51
internal_count=140772 47404 26367 20869 19008 5498 3250 93368 5648 87720 15758 21037 5589 82131
is_linear=0
shrinkage=0.0101079


Tree=50
num_leaves=15
num_cat=0
split_feature=27 28 13 13 3 16 20 16 16 13 9 3 3 8
split_gain=37.9184 40.3202 30.5674 47.8774 45.5784 23.2962 20.5903 24.6942 42.5646 27.6753 21.3459 17.6593 17.7609 16.594
threshold=-0.41268247365951533 -0.22706275433301923 -0.026437206193804737 -0.01381385140120983 0.48346425592899328 0.11413203924894334 -3.0198485851287837 0.15454717725515368 0.3764366507530213 0.00040184031240642076 0.28996293246746069 0.40452721714973455 0.27769114077091223 1.9340149760246279
decision_type=2 2 2 2 2 2 2 2 2 2 2 2 2 2
left_child=1 -1 5 -4 -5 -3 -2 11 9 -9 -10 12 -8 -6
right_child=6 2 3 4 13 -7 7 8 10 -11 -12 -13 -14 -15
leaf_value=0.00030428965697179615 0.001832677101729963 0 0.0037358137539149575 0.0026739039190888146 -0.0030481328710392922 -0.0054869806860599162 0.00093520064382824556 -0.0022478740609761664 0.00088554016861209671 0.0032446790829040672 -0.00066163498812761362 -6.0029381973827836e-05 0.0081084411398157537 0.00050501100068326853
leaf_weight=1613.7635993864387 932.68397820368409 119.28092799708247 172.71590857580304 185.18817554041743 962.64755023643374 335.0730199534446 82.185339448973536 989.35538177005947 3539.9495474789292 91.080029213801026 1189.7413222268224 86.732399314641953 88.323467634618282 131.54527079313993
leaf_count=21487 11997 1892 2557 1754 14048 4441 1601 14231 45826 1313 14821 1458 1382 2030
internal_value=0 -0.000849816 -0.00184521 -0.00107995 -0.00177984 -0.00414507 0.000435047 0.000211502 6.66908e-05 -0.00172812 0.000487365 0.00323319 0.00506648 -0.00258367
internal_weight=0 3520.21 1906.45 1452.1 1279.38 454.354 7000.05 6067.37 5810.13 1080.44 4729.69 257.241 170.509 1094.19
internal_count=140838 48209 26722 20389 17832 6333 92629 80632 76191 15544 60647 4441 2983 16078
is_linear=0
shrinkage=0.0101079


Tree=51
num_leaves=15
num_cat=0
split_feature=27 28 29 29 13 33 10 27 20 14 13 10 21 10
split_gain=43.3518 47.3496 25.4102 24.0395 23.2693 26.3921 21.6554 18.3824 18.801 27.1401 29.62 28.1831 17.5666 23.1169
threshold=-0.41268247365951533 0.41268247365951544 -1.0000000180025095e-35 -1.0000000180025095e-35 0.032013205811381347 0.90112781524658214 0.20753667503595355 -0.71473535895347584 -4.1189637184143058 -9.2137079238891584 0.00040184031240642076 0.051663866266608245 -8.0956506729125959 0.2138657942414284
decision_type=2 2 2 2 2 10 2 2 2 2 2 2 2 2
left_child=1 2 -1 -3 6 -6 7 8 -4 -10 11 -11 13 -2
right_child=12 3 4 -5 5 -7 -8 -9 9 10 -12 -13 -14 -15
leaf_value=0.0016170497134331545 0.00374907136829743 6.7769994096885614e-05 0.0024480881796245979 -0.0039559798220632327 0.0013447189780580158 -0.0035865151135837632 -0.0032432593051035042 0.002310060314870588 -0.0034351132321704865 -6.6133268031190354e-05 -0.001383113584340926 0.007294644769519079 0.00027749075829255437 -0.00047658489322239834
leaf_weight=552.42935038916767 341.88745680823922 171.80572146177292 185.0892641749233 645.50420688837767 126.11727696470916 470.96308635920286 190.77933551371098 349.25040894187987 298.27167984284461 91.454990541562438 340.81580856069922 91.664127731695771 6461.9897880554199 185.25416531041265
leaf_count=7264 4794 2310 2836 9333 3268 3968 2671 4825 4377 1473 4640 1244 85416 2310
internal_value=0 -0.00094395 -0.000278335 -0.00306826 -0.000789434 -0.00247413 -0.000104349 0.000323084 -0.000338131 -0.0010309 0.000291289 0.0035506 0.000430729 0.00220271
internal_weight=0 3514.15 2696.84 817.31 2144.41 597.08 1547.33 1356.55 1007.3 822.207 523.935 183.119 6989.13 527.142
internal_count=140729 48209 36566 11643 29302 7236 22066 19395 14570 11734 7357 2717 92520 7104
is_linear=0
shrinkage=0.0101079


Tree=52
num_leaves=15
num_cat=0
split_feature=27 28 29 16 29 13 3 28 30 3 29 28 29 16
split_gain=40.2759 43.976 24.1638 21.3475 34.2359 28.8735 27.8969 26.3829 34.6582 24.2634 21.3146 47.8277 19.4464 19.3089
threshold=-0.43245348334312433 0.43245348334312445 -1.0000000180025095e-35 0.15913257002830508 -0.60785761475563038 -0.020988823845982548 0.9676102101802827 0.8491516411304475 1.0000000180025095e-35 0.58187785744667064 0.87837970256805431 -0.2693240344524383 0.87837970256805431 0.81160566210746776
decision_type=2 2 2 2 2 2 2 2 2 2 2 2 2 2
left_child=1 2 -1 9 -5 12 7 -7 13 -2 11 -4 -6 -9
right_child=3 -3 10 4 5 6 -8 8 -10 -11 -12 -13 -14 -15
leaf_value=0.0016003301924673976 0.0035426031379971242 -0.0030192393809525407 0.00015628284394060795 0.0055407735844281176 -0.0017768563324506938 0.00076122491217022977 0.0055951533170092395 -0.00091777898793716616 0.0010105107923268663 -7.7758675378959813e-05 0.00095206876893663553 -0.0033058955031523814 0.0015052001465828075 -0.0048657400926275917
leaf_weight=549.1142925042659 445.63758702389896 760.19596963189542 905.07151420600712 115.45300644636154 1058.3431048467755 3837.62018372491 100.7591177970171 330.80497427470982 436.65107827074826 287.44872048683465 529.56112686358392 703.47345953248441 203.62505760602653 242.26335089094937
leaf_count=7245 7012 10823 12052 1480 14485 49439 1150 4761 5738 3701 7276 9980 2765 2787
internal_value=0 -0.000880751 -0.000253922 0.000450761 0.000253013 0.000141513 0.000495585 0.000372611 -0.00105921 0.00208218 -0.000753009 -0.00134125 -0.00120952 -0.00269853
internal_weight=0 3447.42 2687.22 7058.61 6325.52 6210.07 4948.1 4847.34 1009.72 733.086 2138.11 1608.54 1261.97 573.068
internal_count=140694 47376 36553 93318 82605 81125 63875 62725 13286 10713 29308 22032 17250 7548
is_linear=0
shrinkage=0.0101079


Tree=53
num_leaves=15
num_cat=0
split_feature=3 0 5 15 21 6 15 29 12 16 20 21 21 2
split_gain=24.3098 46.2524 29.2061 28.5781 25.9139 24.9298 23.5837 22.8054 22.3093 21.8184 41.1587 30.7046 27.4313 21.4531
threshold=0.46510678529739385 0.74396112561225902 2.0244168043136601 24.360717773437504 6.3686895370483407 5.7021572589874276 15.569324970245363 0.6078576147556306 0.06359413638710977 0.40621304512023931 -0.73928904533386219 -1.8341265916824339 1.0000000180025095e-35 0.99406537413597118
decision_type=2 2 2 2 2 2 2 2 2 2 2 2 2 2
left_child=2 5 3 9 6 -2 -3 -7 -4 11 -11 -1 -12 -14
right_child=1 4 8 -5 -6 7 -8 -9 -10 10 12 -13 13 -15
leaf_value=0.0010370080262054628 -0.0028479255061743319 0.00028331792744833449 -0.0015582899750939936 -0.0028872257620796656 -0.0012392879930339918 0.0025508228115911189 0.0050307720263725736 -0.0026663686462888104 0.0020141208886034346 4.104578077399427e-05 0.0080213316648035434 -0.0036318654983632597 0.0032154450049353862 -0.0012975251167224252
leaf_weight=779.66183573938906 1010.2701671607792 3994.0693777408451 837.98907371424139 154.2537559773773 1241.3946669474244 192.55009185522795 103.85563491657376 139.4118326921016 211.23181015439332 648.31552828475833 116.33196112141013 167.55724311247468 825.49551195651293 105.59615680575371
leaf_count=11830 15153 51246 11330 2200 15751 2777 1352 1995 2370 8559 1636 2498 10825 1277
internal_value=0 -0.000387661 0.000619892 0.00116442 2.74401e-05 -0.00205973 0.000422628 0.000229855 -0.000791412 0.0014238 0.00210978 0.00014627 0.00334231 0.00265409
internal_weight=0 6681.55 3846.43 2797.21 5339.32 1342.23 4097.93 331.962 1049.22 2642.96 1695.74 947.219 1047.42 931.092
internal_count=140799 88274 52525 38825 68349 19925 52598 4772 13700 36625 22297 14328 13738 12102
is_linear=0
shrinkage=0.0101079


Tree=54
num_leaves=15
num_cat=0
split_feature=27 14 3 0 15 30 16 12 3 33 0 7 16 15
split_gain=35.296 24.2262 43.8881 32.9566 24.6428 23.6384 22.5525 27.7779 40.2686 35.8821 22.4696 46.2964 32.1869 33.6338
threshold=-0.71473535895347584 -9.4370470046997053 0.48346425592899328 1.0380877852439883 8.5885610580444354 1.0000000180025095e-35 0.83826053142547619 0.06359413638710977 0.56372591853141796 0.99393379688262951 0.69085618853569042 6.0062041282653817 0.14557661861181262 8.80566453933716
decision_type=2 2 2 2 2 2 2 2 2 10 2 2 2 2
left_child=1 3 -3 -1 -4 -6 10 9 -9 -8 11 12 -2 -14
right_child=6 2 4 -5 5 -7 7 8 -10 -11 -12 -13 13 -15
leaf_value=-0.0042292315408590823 0.0030881043699227434 0.0036467827984032254 0.0016380503329133688 -0.00047244598982775887 -0.00043017018500423042 -0.0035916404074788724 0.0015177482777512219 0.003257734406304261 -0.0011198789390829901 -0.0029323181959337754 0.00095214726217195209 0.0027891744199162851 -0.0035224284407424232 0.00019009690875088062
leaf_weight=467.69088370911777 126.57848208211362 239.10213553905487 271.31197006255388 538.85225321911275 668.27267244271934 407.46183869428933 227.25422299280763 349.31852520257235 515.4264740422368 742.16084958612919 4627.6968060098588 328.4517546761781 626.57096192240715 376.90256210230291
leaf_count=6758 2382 2219 4151 7945 9012 5687 5735 3812 5935 6347 60038 5103 10055 5447
internal_value=0 -0.00105135 -0.000241195 -0.00227666 -0.000977869 -0.00168191 0.000305309 -0.000664867 0.00061509 -0.00184396 0.000604797 -0.000468911 -0.00146384 -0.00209705
internal_weight=0 2592.69 1586.15 1006.54 1347.05 1075.73 7920.36 1834.16 864.745 969.415 6086.2 1458.5 1130.05 1003.47
internal_count=140626 35772 21069 14703 18850 14699 104854 21829 9747 12082 83025 22987 17884 15502
is_linear=0
shrinkage=0.0101079


Tree=55
num_leaves=15
num_cat=0
split_feature=27 29 23 2 13 3 13 20 16 16 13 29 22 3
split_gain=39.423 45.8579 58.0623 30.6683 26.228 27.2475 24.0941 19.8768 22.0463 35.4116 29.1236 17.945 19.2521 17.7405
threshold=-0.41268247365951533 -1.0000000180025095e-35 0.88221749663352977 0.65588611364364635 -0.035472854971885674 0.50105097889900219 -0.0072383880615234366 -3.0198485851287837 0.15454717725515368 0.3764366507530213 0.00040184031240642076 0.6078576147556306 -0.15261553227901456 0.39648534357547766
decision_type=2 2 2 2 2 2 2 2 2 2 2 2 2 2
left_child=1 4 3 -3 -1 -6 -7 -2 13 10 11 12 -10 -9
right_child=7 2 -4 -5 5 6 -8 8 9 -11 -12 -13 -14 -15
leaf_value=-0.002516513590606909 0.0018370164453802656 0.00098422640440672463 -0.00041252750946848508 -0.0042886422039380328 0.0070337078951032235 0.0049608512449813265 0 0.0049799532630007762 -0.0043636426719279127 0.00049250890778580617 0.0035751208349952329 -0.00028244344768232893 -0.0001077739342158261 -0.00014898814666883977
leaf_weight=127.54258150607347 938.95853258855641 114.70563601516187 1913.9747211169451 774.85234388709068 99.477363396435976 121.71857650578022 373.46257249638438 168.32342491112649 413.23749952018261 4737.2448751740158 91.341452814638615 395.63010883890092 173.76398707740009 88.326562333852053
leaf_count=1560 12100 1165 26438 11184 914 1668 5424 2934 6024 60666 1305 5561 2585 1480
internal_value=0 -0.000841128 -0.0014329 -0.00356099 0.00139154 0.00231825 0.00119802 0.000467766 0.000247177 0.000109947 -0.00153164 -0.00207114 -0.00318948 0.00310825
internal_weight=0 3525.73 2803.53 889.558 722.201 594.659 495.181 7006.83 6067.87 5811.22 1073.97 982.632 587.001 256.65
internal_count=141008 48353 38787 12349 9566 8006 7092 92655 80555 76141 15475 14170 8609 4414
is_linear=0
shrinkage=0.0101079


Tree=56
num_leaves=15
num_cat=0
split_feature=27 29 0 13 3 13 10 23 29 3 10 23 23 3
split_gain=41.3173 46.3015 59.3636 24.449 25.4685 23.8504 22.1793 19.4438 18.684 23.7606 21.0948 21.3243 19.8751 25.9895
threshold=-0.43245348334312433 -1.0000000180025095e-35 1.0380877852439883 -0.034840341657400124 0.50105097889900219 -0.0060035858768969766 0.15060938894748691 1.6371831893920901 -0.60785761475563038 0.8448142707347871 0.12064925581216814 1.1618374586105349 0.52663123607635509 0.26839508116245275
decision_type=2 2 2 2 2 2 2 2 2 2 2 2 2 2
left_child=1 3 -3 -1 -5 -6 7 -7 -2 12 -11 -12 13 -10
right_child=8 2 -4 4 5 6 -8 -9 9 10 11 -13 -14 -15
leaf_value=-0.0024315806095856333 0.0041259612597778954 -0.0031997002276423483 -0.00016900075830303347 0.0068737241123678298 0.0049375824206951682 -0.0038577532687701036 0.0035938564870170377 0.0015330974431715233 0.0028873879053098795 0.0056280492845309548 -0.0013424120703220415 0.0039401103611464644 0.00043442791310366346 -0.0020027615617669399
leaf_weight=124.60745089687407 133.90141983143985 1175.8483304046094 1564.4432295039296 97.994298450648785 120.3777231797576 163.11859389394522 106.1630101185292 95.320194065570831 118.65909364074469 152.55521451681852 167.97872194834054 125.51875953190029 5685.9696320667863 706.1204959731549
leaf_count=1541 1722 16295 21726 890 1675 2319 1681 1263 1944 1824 1920 1403 75077 9647
internal_value=0 -0.000887663 -0.00148948 0.00137741 0.00228103 0.00117871 -2.93291e-05 -0.00173029 0.00045983 0.000379007 0.00262392 0.000824858 0.000216102 -0.00123055
internal_weight=0 3447.87 2740.29 707.581 582.974 484.98 364.602 258.439 7090.7 6956.8 446.053 293.497 6510.75 824.78
internal_count=140927 47390 38021 9369 7828 6938 5263 3582 93537 91815 5147 3323 86668 11591
is_linear=0
shrinkage=0.0101079


Tree=57
num_leaves=15
num_cat=0
split_feature=27 28 29 13 33 10 29 28 21 10 13 29 0 15
split_gain=36.8027 43.1946 25.465 20.2615 22.4255 20.7704 19.8811 26.1548 21.919 27.508 26.0243 33.8851 19.2978 25.7241
threshold=-0.47136868536472315 0.41268247365951544 -1.0000000180025095e-35 0.032013205811381347 0.90112781524658214 0.20753667503595355 -0.60785761475563038 0.87137606739997875 -5.7506365776062003 0.2257611230015755 -0.018844081088900563 0.87837970256805431 1.0504501461982729 5.8786416053771982
decision_type=2 2 2 2 10 2 2 2 2 2 2 2 2 2
left_child=1 2 -1 5 -5 12 -2 8 9 -8 11 -10 13 -4
right_child=6 -3 3 4 -6 -7 7 -9 10 -11 -12 -13 -14 -15
leaf_value=0.0016914501660867073 0.0040542473275765089 -0.0030229646564104038 -0.004841704761561226 0.0011821822403751993 -0.0034138134404650263 -0.0032434837416292707 0.0034581268787073367 -0.00086604470223555048 -0.0020197907726906342 -0.0010707153995131321 0.00074988215352986937 0.0029653367333252068 0.0011665541769882264 0.00030020662835759514
leaf_weight=529.70971058122814 143.26522683911026 743.27963411808014 140.79014549963176 122.24830375798047 454.26638935506344 183.26744081825018 526.31515418365598 1475.8244704194367 770.02899515628815 163.89130811206996 3960.7300770971924 157.21327596902847 894.94948317110538 259.88975227810442
leaf_count=6984 1846 10656 1948 3172 3852 2559 7256 19838 10954 2054 50894 2212 12986 3648
internal_value=0 -0.000883824 -0.000246065 -0.000769432 -0.0023672 -0.000110377 0.000400249 0.000316001 0.000636742 0.00232476 0.00038686 -0.00111394 0.000318128 -0.00146409
internal_weight=0 3328.4 2585.12 2055.41 576.515 1478.9 7197.27 7054 5578.18 690.206 4887.97 927.242 1295.63 400.68
internal_count=140859 45805 35149 28165 7024 21141 95054 93208 73370 9310 64060 13166 18582 5596
is_linear=0
shrinkage=0.0101079


Tree=58
num_leaves=15
num_cat=0
split_feature=27 29 0 13 22 21 10 29 2 28 30 2 2 13
split_gain=42.4278 45.1527 56.3262 24.194 24.1822 21.0212 27.5364 20.3718 19.6882 18.8694 32.3781 27.9805 18.6605 17.2764
threshold=-0.43245348334312433 -1.0000000180025095e-35 1.0380877852439883 -0.035472854971885674 -0.47848118841648096 -8.3033022880554181 0.2138657942414284 -0.60785761475563038 2.1086969375610356 0.86046862602233898 1.0000000180025095e-35 0.83375203609466564 0.65588611364364635 -0.018844081088900563
decision_type=2 2 2 2 2 2 2 2 2 2 2 2 2 2
left_child=1 3 12 -1 -5 6 -2 -7 9 13 -11 -12 -3 -9
right_child=5 2 -4 4 -6 7 -8 8 -10 10 11 -13 -14 -15
leaf_value=-0.0024340492000444174 0.0041697643369666233 0 -0.00019234781510062978 0.0056285354544773764 0.00086240451381921091 0.0043797194705216683 -0.00051833647475478886 -0.0007121594480184796 0.002683215559506168 -0.0023994884290663571 0.0027165314899569924 -0.0016803207961922668 -0.0036330490753234998 0.00072060037706811269
leaf_weight=125.92266566678882 330.17879835516214 149.91900068148971 1555.4545407742262 153.68810440972447 433.99772807769477 117.1552815977484 180.95258075557649 1080.4706641957164 311.59871011599898 723.37016255967319 327.80780796147883 247.18957914412022 1026.63445347175 3770.4630085062236
leaf_count=1541 4565 1524 21598 1984 5854 1500 2259 15717 3761 9581 4244 3308 14785 48522
internal_value=0 -0.000887924 -0.00148578 0.00133628 0.00223303 0.000477757 0.00244879 0.000315793 0.00023076 9.67391e-05 -0.000973186 0.000759578 -0.00314929 0.000392522
internal_weight=0 3445.62 2732.01 713.608 587.686 7089.19 511.131 6578.06 6460.9 6149.3 1298.37 574.997 1176.55 4850.93
internal_count=140743 47286 37907 9379 7838 93457 6824 86633 85133 81372 17133 7552 16309 64239
is_linear=0
shrinkage=0.0101079


Tree=59
num_leaves=15
num_cat=0
split_feature=27 28 11 3 29 29 23 3 21 2 3 27 30 13
split_gain=37.5523 38.9967 26.4082 26.0976 22.8953 18.9042 26.4962 22.9198 20.4143 21.3595 19.9254 18.1036 24.5346 16.5979
threshold=-0.43245348334312433 0.41268247365951544 0.025969775393605236 0.64740043878555309 -1.0000000180025095e-35 -0.60785761475563038 0.53188335895538341 0.47620494663715368 -5.1657087802886954 2.1086969375610356 0.70427337288856517 -0.9738190472126006 1.0000000180025095e-35 -0.018844081088900563
decision_type=2 2 2 2 2 2 2 2 2 2 2 2 2 2
left_child=1 2 3 -1 -3 -2 7 -7 -8 13 -11 12 -4 -10
right_child=5 4 11 -5 -6 6 8 -9 9 10 -12 -13 -14 -15
leaf_value=0.0053363548895214675 0.004105314433536407 0.00030195994977247814 -0.00053792242567226071 0.00031433004855576567 -0.0037157084220288635 3.9698808442195727e-05 0.0020005318272685343 -0.0031703284298096783 -0.00105840799751869 2.2975669604922108e-05 0.005910543963149776 -0.00017801364090858031 -0.0048846458870257358 0.00045758972967267753
leaf_weight=136.71087251231074 134.3948809672147 163.43700555153191 369.38556559942663 477.58409523963928 620.86062035523355 514.12694985978305 895.45397661998868 367.90202379226685 886.73605568893254 130.78045022860169 125.32138398848474 1459.2880803551525 226.29632377438247 4015.2430105973035
leaf_count=1628 1721 2212 4930 6946 9099 7181 12117 5304 12707 1581 1560 19558 3188 51151
internal_value=0 -0.000857349 -0.00025545 0.00154887 -0.0028325 0.000427347 0.00034581 -0.00126942 0.000589141 0.000333686 0.00314524 -0.000818187 -0.00229725 0.000173888
internal_weight=0 3453.56 2669.26 614.295 784.298 7069.96 6935.56 882.029 6053.53 5158.08 256.102 2054.97 595.682 4901.98
internal_count=140883 47561 36250 8574 11311 93322 91601 12485 79116 66999 3141 27676 8118 63858
is_linear=0
shrinkage=0.0101079


Tree=60
num_leaves=15
num_cat=0
split_feature=27 28 29 29 13 10 22 23 21 2 8 21 16 8
split_gain=28.8136 42.3863 20.8811 20.2501 20.0478 20.861 19.9065 18.0049 18.9479 23.8316 21.4229 17.9457 20.574 19.5565
threshold=-0.41268247365951533 0.41268247365951544 -1.0000000180025095e-35 -1.0000000180025095e-35 0.032013205811381347 0.20753667503595355 -0.39819423854351038 0.4441154301166535 -5.7506365776062003 2.0816609859466557 -1.6359778046607969 9.4000406265258807 0.73465532064437877 -2.1069453954696651
decision_type=2 2 2 2 2 2 2 2 2 2 2 2 2 2
left_child=1 2 6 -3 5 -4 -1 -2 -9 11 -11 12 13 -10
right_child=7 3 4 -5 -6 -7 -8 8 9 10 -12 -13 -14 -15
leaf_value=0.0052831298297094228 -0.0013998282999789138 0.00012597591204972571 0.00048850800291103222 -0.003560841183561033 -0.0021282004933098398 -0.0030194877823600517 0.00051191171064025973 0.0019758891340196168 0.0020868672667772796 -0.00019598889611762343 0.0051260774550170012 -0.0016522409193721482 0.001282872187622415 -0.0003872382486729893
leaf_weight=114.03051555156708 505.71014914661646 171.19364212267101 1363.5199104361236 638.65233086980879 593.99973680824041 190.31704093143344 442.36113512516022 832.80895611830056 358.73084029741585 104.36579869687557 185.89719040319324 487.60425029881299 1634.8445315361023 2876.9652439709753
leaf_count=1364 6807 2300 19486 9363 7243 2697 5927 11473 4603 1260 2351 5570 20258 39995
internal_value=0 -0.000719241 -9.37237e-05 -0.00273804 -0.000560565 2.02465e-05 0.00161982 0.000401453 0.000549724 0.000329906 0.00312055 0.000166959 0.000359687 -9.61902e-05
internal_weight=0 3514.07 2704.23 809.846 2147.84 1553.84 556.392 6986.93 6481.22 5648.41 290.263 5358.14 4870.54 3235.7
internal_count=140697 48380 36717 11663 29426 22183 7291 92317 85510 74037 3611 70426 64856 44598
is_linear=0
shrinkage=0.0101079


Tree=61
num_leaves=15
num_cat=0
split_feature=27 28 11 3 22 29 29 28 30 17 12 3 16 14
split_gain=34.0501 49.6213 24.2297 31.3597 24.2326 34.26 18.323 26.1385 24.7279 24.0569 24.9434 32.4514 21.5023 17.8907
threshold=-0.49049438536167139 0.41268247365951544 0.021681637503206733 0.64740043878555309 -0.13918258994817731 -1.0000000180025095e-35 -0.60785761475563038 0.86046862602233898 1.0000000180025095e-35 39.500000000000007 0.064676787704229369 0.58187785744667064 0.81160566210746776 -7.4218657016754142
decision_type=2 2 2 2 2 2 2 2 2 2 2 2 2 2
left_child=1 2 3 -1 5 -4 -2 9 12 10 -8 -12 -9 -10
right_child=6 -3 4 -5 -6 -7 7 8 13 -11 11 -13 -14 -15
leaf_value=0.0065641394944792415 0.0038371786995827447 -0.003167241852214626 0.0019319858478368381 0.00034628220948155895 0.00019534758966154785 -0.0031106023425862511 -0.00064735283007808387 -0.00083929784373328747 -0.00095438849976631419 0.001350969236970529 0.0032883241868485098 -0.00031160389932216272 -0.0044795370251297963 0.0022504454389367374
leaf_weight=104.76150422915816 151.44995099306107 713.03561937995255 159.63804498687387 382.52627496235073 1275.6744449436665 627.4857102651149 1918.2600978072733 607.83357913792133 344.37635640613735 2678.6214710436761 455.23457361198962 529.01864342205226 246.29659506864846 334.52202535234392
leaf_count=1229 1934 10347 1907 5650 17488 8374 26354 8752 4864 35672 5534 5866 2835 4209
internal_value=0 -0.000822411 -0.000143439 0.0018455 -0.00063791 -0.00202822 0.000418875 0.000336384 -0.000818152 0.000661443 9.31405e-06 0.00132509 -0.00196637 0.000573242
internal_weight=0 3263.12 2550.09 487.288 2062.8 787.124 7265.61 7114.16 1533.03 5581.13 2902.51 984.253 854.13 678.898
internal_count=141015 44995 34648 6879 27769 10281 96020 94086 20660 73426 37754 11400 11587 9073
is_linear=0
shrinkage=0.0101079


Tree=62
num_leaves=15
num_cat=0
split_feature=27 29 22 11 13 22 4 23 2 2 17 12 20 30
split_gain=30.9974 42.2825 44.0157 30.2873 26.9424 21.3902 19.1122 16.3771 16.3748 15.0534 14.2385 21.3281 15.0921 17.083
threshold=-0.43245348334312433 -1.0000000180025095e-35 -0.15261553227901456 0.014442820567637684 -0.034840341657400124 -0.39819423854351038 1.6194702386856081 0.52100190520286571 0.65588611364364635 0.44608741998672491 29.500000000000004 0.065665658563375487 2.0200905799865727 0.81174489855766307
decision_type=2 2 2 2 2 2 2 2 2 2 2 2 2 2
left_child=1 4 3 -3 -1 -6 8 9 -5 -2 11 12 13 -9
right_child=7 2 -4 6 5 -7 -8 10 -10 -11 -12 -13 -14 -15
leaf_value=-0.0025668707821919373 0.002353593677941425 0.0012087189927646015 -6.2340003438098387e-05 0 0.0051946119398540149 0.00087604488732594815 -0.00014791699936033282 -0.00033642389652023471 -0.00428303508810243 -0.001422431411796751 0.0010183936985949326 0.0012182484024292814 -0.0015970851423155901 0.0032841274983411977
leaf_weight=127.53484844602644 111.62888616509736 161.75162249989808 1386.8433058299124 105.49097403138876 181.92037128843367 399.3031053841114 197.35786863975227 768.70441113598645 861.54397417604923 759.17332677170634 3439.9658012539148 998.40105951577425 846.50546279549599 150.82855150476098
leaf_count=1560 1585 2427 19280 1068 2354 5434 2480 10379 12646 10695 46048 11359 11284 2059
internal_value=0 -0.000772132 -0.0013536 -0.00266551 0.00138778 0.00234632 -0.00324262 0.000398381 -0.00382655 -0.000876033 0.000584624 2.89304e-05 -0.000622947 0.000235912
internal_weight=0 3421.75 2712.99 1326.14 708.758 581.223 1164.39 7075.21 967.035 870.802 6204.41 2764.44 1766.04 919.533
internal_count=140658 47249 37901 18621 9348 7788 16194 93409 13714 12280 81129 35081 23722 12438
is_linear=0
shrinkage=0.0101079


Tree=63
num_leaves=15
num_cat=0
split_feature=27 29 3 0 2 29 23 2 16 2 29 3 18 14
split_gain=30.2934 48.675 34.2052 26.9645 18.0904 17.2727 23.5515 22.0331 16.7043 17.2552 17.5456 16.895 29.1825 18.7993
threshold=-0.71473535895347584 -1.0000000180025095e-35 0.54002115130424511 1.0380877852439883 0.66524720191955578 -0.60785761475563038 0.52663123607635509 0.7778034806251527 0.21142338216304782 2.0816609859466557 -1.0000000180025095e-35 0.26544229686260229 42.500000000000007 -12.596445083618162
decision_type=2 2 2 2 2 2 2 2 2 2 2 2 2 2
left_child=1 2 -1 4 -3 -2 7 -7 11 10 -10 -8 13 -13
right_child=5 3 -4 -5 -6 6 8 -9 9 -11 -12 12 -14 -15
leaf_value=0.0064383372454640099 0.0036041266396146941 0.00044255157139032141 0.00024755794287773181 -0.00051861899369097736 -0.0034231820610651728 0.0002050333486626565 -0.0020927766089436617 -0.0028377946791185412 -0.0010519339655038953 0.0023142343988519797 0.00036857954653366897 0.0019214430039521933 0.0064230235142331516 -0.0021661203092343383
leaf_weight=113.95968462899327 153.62801370210946 121.58850905671716 430.64072634093463 1081.0297588128597 846.6853726003319 464.6338461432606 96.573003433644772 453.33003363758326 1104.7973718401045 371.07287512719631 4330.3411466144025 702.199522389099 131.07337117195129 121.8782967608422
leaf_count=1002 1954 1221 6164 15267 12250 6677 1898 6287 14350 4662 55842 9691 1925 1612
internal_value=0 -0.000945423 0.00168742 -0.00166845 -0.00289659 0.00031141 0.000237683 -0.0012649 0.000445891 0.000224481 7.13216e-05 0.00161957 0.00205059 0.00125388
internal_weight=0 2593.9 544.6 2049.3 968.274 7929.53 7775.9 917.964 6857.94 5806.21 5435.14 1051.72 955.151 824.078
internal_count=140802 35904 7166 28738 13471 104898 102944 12964 89980 74854 70192 15126 13228 11303
is_linear=0
shrinkage=0.0101079


Tree=64
num_leaves=15
num_cat=0
split_feature=27 29 0 2 13 2 7 8 29 16 13 15 13 4
split_gain=29.7145 42.5049 46.3725 26.4404 19.6629 18.3562 20.0283 20.0079 19.8912 22.8845 25.6105 26.4105 17.252 15.9132
threshold=-0.39271505177021021 -1.0000000180025095e-35 0.98144355416297924 0.65588611364364635 -0.034840341657400124 2.0816609859466557 -11.065996170043944 0.27631026506423956 -0.60785761475563038 0.15913257002830508 -0.020988823845982548 10.225145339965822 0.028252332471311096 1.6194702386856081
decision_type=2 2 2 2 2 2 2 2 2 2 2 2 2 2
left_child=1 4 3 -3 -1 8 -7 -8 -2 -10 11 -11 -4 -5
right_child=5 2 12 13 -6 6 7 -9 9 10 -12 -13 -14 -15
leaf_value=-0.0019622971022976582 0.004433605936452859 0.00083086084793593425 0.00040255944460579151 -0.0040800975857043613 0.0021703915096761982 -0.0011500901001679467 0.0014278894141935988 0.006743770186242907 0.0020198877916677133 -0.0020749693804600774 0.00030438913063444056 0.0018260140563219659 -0.0017503018284402059 0
leaf_weight=129.02474136836827 106.86724473163486 144.77142407372594 1185.7282816432416 817.69714072532952 608.80504920519888 108.49559178762138 232.82999788410962 124.35073308832943 605.4688344374299 968.2228614743799 4600.9054803624749 199.59469656459987 540.89645015448332 133.38828381709754
leaf_count=1602 1281 1480 17304 12084 8138 1177 2771 1533 9134 13951 59379 2418 6784 1734
internal_value=0 -0.000742915 -0.00131459 -0.00293681 0.00138069 0.000391656 0.00232377 0.00349197 0.000244018 0.000162213 -2.81638e-05 -0.00136626 -0.000253246 -0.0035546
internal_weight=0 3560.31 2822.48 1095.86 737.83 6946.74 465.676 357.181 6481.06 6374.19 5768.72 1167.82 1726.62 951.085
internal_count=140770 49126 39386 15298 9740 91644 5481 4304 86163 84882 75748 16369 24088 13818
is_linear=0
shrinkage=0.0101079


Tree=65
num_leaves=15
num_cat=0
split_feature=27 28 11 15 0 20 16 14 16 20 12 2 28 30
split_gain=33.919 31.756 18.2846 18.9507 18.8895 17.3289 31.2051 31.9491 24.3018 43.1442 30.6506 25.5693 18.7935 22.3084
threshold=-0.41268247365951533 0.43245348334312445 0.021681637503206733 11.233857154846193 1.2578561902046206 -2.4214835166931148 0.14557661861181262 -7.2218482494354239 0.83826053142547619 -0.77155354619026173 0.06359413638710977 1.1554892659187319 -0.72982063889503468 1.0000000180025095e-35
decision_type=2 2 2 2 2 2 2 2 2 2 2 2 2 2
left_child=1 2 3 -1 -4 -2 -7 -8 9 -9 12 -12 -10 -14
right_child=5 -3 4 -5 -6 6 7 8 10 -11 11 -13 13 -15
leaf_value=0.00026437413795564252 0.0015109811132533793 -0.0026114045381632101 -0.0016815481643682282 0.005020720094740653 0.0001542341699657436 0.0042656269444621853 -0.00097517938762501798 -0.0015538496790951479 0.00052941828102332194 0.0021111152234644277 0.0043844074202002191 2.5058756959778265e-05 -0.0038883724944631499 4.6513787421233936e-05
leaf_weight=413.65711619146168 1206.7791068926454 773.42867988906801 1040.2187384497374 108.41261644661427 1181.379319999367 176.64212729036808 2029.0928530748934 394.11932597495615 263.22786074690521 1589.1598162408918 182.28014687076211 568.57315798848867 412.51391213573515 195.57918074540794
leaf_count=5848 15702 11141 13362 1464 16636 3101 29128 4975 3293 20506 1804 6521 5174 2450
internal_value=0 -0.000806668 -0.000277368 0.00138664 -0.000689981 0.000408411 0.000170804 2.96578e-05 0.000607239 0.0013593 -0.00028945 0.00117022 -0.00159262 -0.00257214
internal_weight=0 3517.1 2743.67 522.07 2221.6 7017.97 5811.19 5634.55 3605.45 1983.28 1622.17 750.853 871.321 608.093
internal_count=141105 48451 37310 7312 29998 92654 76952 73851 44723 25481 19242 8325 10917 7624
is_linear=0
shrinkage=0.0101079


Tree=66
num_leaves=15
num_cat=0
split_feature=27 28 13 2 20 2 30 3 21 21 6 30 23 28
split_gain=25.4726 42.3455 18.202 30.4968 20.9113 17.1478 27.1019 37.2749 20.9606 16.0155 40.8038 26.3188 31.7143 25.024
threshold=-0.41268247365951533 0.47136868536472326 0.029894099570810798 1.4057338237762453 0.12290025502443315 2.0553704500198369 -0.56174489110708226 0.72862958908081066 -7.9009270668029776 6.1620178222656259 3.1112381219863896 1.0000000180025095e-35 1.3094790577888491 -0.22706275433301923
decision_type=2 2 2 2 2 2 2 2 2 2 2 2 2 2
left_child=1 9 4 -4 -3 8 -7 -8 -2 10 13 12 -12 -1
right_child=5 2 3 -5 -6 6 7 -9 -10 -11 11 -13 -14 -15
leaf_value=0.00068665074346756195 0.0023922498946325195 -0.0019253034075396695 0.002510029394941314 -0.004343611403968565 -0.006670227031149739 0.0051747770083495929 -0.0028110505520432105 0.0039974490336423451 2.1122759368957325e-05 -0.0014435002866909773 0.0097587009863903829 0 0.0010410375883690623 -0.0017434289813626908
leaf_weight=1009.1012927256525 401.40282706357539 256.42821961827576 133.58822660148144 114.06451237946749 196.595393685624 180.41252067312598 171.74651726335287 142.59226401895285 6117.4078962896019 732.76817333698273 97.120949892327189 133.3788033388555 95.058018822222948 733.30528499186039
leaf_count=13645 5804 4028 1466 1786 2842 1978 2082 1706 80952 9545 1204 1863 1396 10488
internal_value=0 -0.000732577 -0.00294402 -0.000523484 -0.00414874 0.000321634 0.00212858 0.000173226 0.00017596 -0.000158407 0.000281078 0.00353262 0.00585382 -0.000316069
internal_weight=0 3501.41 700.676 247.653 453.024 7013.56 494.751 314.339 6518.81 2800.73 2067.96 325.558 192.179 1742.41
internal_count=140785 48263 10122 3252 6870 92522 5766 3788 86756 38141 28596 4463 2600 24133
is_linear=0
shrinkage=0.0101079


Tree=67
num_leaves=15
num_cat=0
split_feature=27 28 11 15 29 22 13 29 23 3 14 11 11 3
split_gain=29.962 35.8485 20.8725 21.0325 20.2352 31.058 18.1771 16.7096 22.1998 19.0839 17.7738 29.1119 38.0566 16.9759
threshold=-0.43245348334312433 0.41268247365951544 0.01782169379293919 10.807217121124269 -1.0000000180025095e-35 -0.13918258994817731 0.010117247700691225 -0.60785761475563038 0.52100190520286571 0.26839508116245275 -7.1594781875610343 0.077327009290456786 0.034718086943030364 0.8448142707347871
decision_type=2 2 2 2 2 2 2 2 2 2 2 2 2 2
left_child=1 2 3 -1 -4 -6 -3 -2 9 -9 -11 12 -12 -10
right_child=7 6 4 -5 5 -7 -8 8 13 10 11 -13 -14 -15
leaf_value=0.00040067384717708059 0.0038461181583038678 -0.0041888080736414658 0.0012152761356647016 0.0058041989664622522 -0.0028292314865873964 -2.8769058336527712e-05 -0.00093070684465248034 0.0023947395870741574 0.0003639668272159094 -0.0035645945785188083 -0.0013559159806739399 -0.0036942748689369892 0.0066011146140864153 0.002496072946180092
leaf_weight=316.45678017288446 133.65874087251723 398.54916678741574 472.25083289481699 97.515845669433475 656.25679973512888 1113.2947299256921 386.03280276618898 111.10816263966262 5685.3531999625266 332.88659493997693 133.10790348984301 150.04274969547987 95.074490932747722 412.36107299476862
leaf_count=4505 1691 6083 6061 1284 8827 15381 5266 1834 75081 4866 1856 1791 1249 4704
internal_value=0 -0.000770014 -0.000190058 0.00185162 -0.000590083 -0.00109783 -0.00266128 0.000379468 0.0003025 -0.00123493 -0.0018778 -0.000247105 0.00189407 0.000517725
internal_weight=0 3440.36 2655.77 413.973 2241.8 1769.55 784.582 7053.59 6919.93 822.22 711.112 378.225 228.182 6097.71
internal_count=140479 47407 36058 5789 30269 24208 11349 93072 91381 11596 9762 4896 3105 79785
is_linear=0
shrinkage=0.0101079


Tree=68
num_leaves=15
num_cat=0
split_feature=27 28 21 10 27 20 16 15 12 13 9 20 16 33
split_gain=29.6026 33.7879 19.9899 22.9607 18.6312 17.3553 27.2304 21.5967 19.229 18.3598 18.0495 19.1256 20.2685 32.3498
threshold=-0.43245348334312433 0.43245348334312445 -8.3033022880554181 0.2138657942414284 0.5464349389076234 -2.9530129432678218 0.3764366507530213 3.4177439212799077 -0.023093167692422863 -0.0012173374416306613 0.28996293246746069 -0.98181176185607899 0.83826053142547619 1.0013927817344668
decision_type=2 2 2 2 2 2 2 2 2 2 2 2 2 8
left_child=1 -1 3 4 -2 -4 7 8 -7 -9 11 -8 13 -13
right_child=2 -3 5 -5 -6 6 10 9 -10 -11 -12 12 -14 -15
leaf_value=-0.00023040623585457459 0.0010497259250170595 -0.0026818394716289439 0.0017672782249839101 -0.0003920219437874058 0.0062257482941600198 -0.001096547671700887 -0.00097614061669043213 -0.0026333558197649334 0.004107302099958977 0.0018410175022024302 -0.00067476632771972249 0.0025112648972639797 -1.1668027212122625e-05 -0.00028608773894327476
leaf_weight=2692.3254203163087 164.12717528827488 740.06708505749702 650.54819444380701 182.99094017036259 166.28940628282726 153.23590818606317 533.7935124784708 796.4850801024586 115.054368885234 89.659652270376682 1208.3668835218996 1375.3897090926766 1090.2416462637484 570.57211625762284
leaf_count=36676 2352 10801 8467 2264 2215 2432 7144 11635 1842 1293 14909 11810 12979 14125
internal_value=0 -0.000775516 0.000366751 0.00228076 0.00385622 0.000208873 2.9121e-05 -0.00135138 0.0010402 -0.00212347 0.000372731 0.00073929 0.00105588 0.00167241
internal_weight=0 3432.39 7096.75 513.408 330.417 6583.35 5932.8 1154.44 268.29 886.145 4778.36 3570 3036.2 1945.96
internal_count=140944 47477 93467 6831 4567 86636 78169 17202 4274 12928 60967 46058 38914 25935
is_linear=0
shrinkage=0.0101079


Tree=69
num_leaves=15
num_cat=0
split_feature=27 28 29 11 3 27 29 23 29 10 3 2 14 14
split_gain=24.3827 44.4478 21.7042 21.2028 32.662 28.9572 40.6473 18.7337 17.3491 15.4332 14.7528 14.4586 15.0976 20.3621
threshold=-0.43245348334312433 0.41268247365951544 -1.0000000180025095e-35 0.021681637503206733 0.64740043878555309 -0.9738190472126006 0.87837970256805431 0.52100190520286571 -1.0000000180025095e-35 0.069095604121685042 0.26839508116245275 0.7778034806251527 -7.4218657016754142 -4.495248317718505
decision_type=2 2 2 2 2 2 2 2 2 2 2 2 2 2
left_child=1 2 -1 4 -4 6 -5 10 -3 -6 -2 12 -12 -14
right_child=7 8 3 5 9 -7 -8 -9 -10 -11 11 -13 13 -15
leaf_value=0.0016931598063975597 0.0021410670276742535 0 0.0064173060825821332 -0.004809682749746521 -0.0022822392719313096 -0.00017677523467858402 0.0016628019803455638 0.0005429358602057412 -0.0035918134874060922 0.0020703431578608599 -0.0025785641623683338 -0.002880349419211834 0.0047801971354488266 -0.0010285077883983552
leaf_weight=554.13188369199634 113.03588274680078 163.22669371776283 95.110685303807259 364.50647956505418 160.93802210688591 1213.496856847778 119.66814346984029 6202.2747141029686 609.42937324382365 155.42289425432682 142.19733754917979 396.21168724633753 101.50840588659048 117.85995097272098
leaf_count=7235 1872 2202 1171 5123 2523 16407 1646 80990 9050 2085 2150 5528 1336 1430
internal_value=0 -0.000693358 -5.60519e-05 -0.0005392 0.00146073 -0.00105205 -0.00312662 0.000343543 -0.00281615 -2.04915e-05 -0.00102289 -0.00156441 0 0.0015513
internal_weight=0 3435.93 2663.27 2109.14 411.472 1697.67 484.175 7073.09 772.656 316.361 870.813 757.777 361.566 219.368
internal_count=140748 47442 36190 28955 5779 23176 6769 93306 11252 4608 12316 10444 4916 2766
is_linear=0
shrinkage=0.0101079


Tree=70
num_leaves=15
num_cat=0
split_feature=11 2 3 22 20 18 6 2 16 29 16 13 33 23
split_gain=23.9155 38.2262 26.8571 35.7558 22.3523 18.5808 22.2914 20.648 24.0449 20.2848 19.7145 21.6019 19.5315 18.1005
threshold=0.015699314884841446 1.4910529255867007 0.49803361296653753 0.036005552858114249 1.1583526134490969 24.500000000000004 0.061203349381685264 0.83915483951568615 0.3764366507530213 0.87837970256805431 0.15454717725515368 -0.01996822468936443 1.0013927817344668 0.8445686697959901
decision_type=2 2 2 2 2 2 2 2 2 2 2 2 8 2
left_child=1 13 4 -4 5 9 12 8 -8 10 -2 -12 -7 -1
right_child=2 -3 3 -5 -6 6 7 -9 -10 -11 11 -13 -14 -15
leaf_value=-0.00068797645254326195 0.0033645930380796665 0.0049908093085022582 -0.0014278427097980263 0.00028242632123747272 -0.00057432765020529262 0.0040382133350844165 -0.0019620496465797646 -0.0018965659896796594 0.0026491584694428747 -0.0029265302293650058 -0.0044934311408230242 0.00057454956578626315 0.00022993069364190755 0.0017003033839734381
leaf_weight=648.84647984988987 192.90865648910403 220.8839358240366 2938.6678822748363 2105.5548303462565 1465.3895414639264 507.28181160986423 136.97480645403266 244.37625166215003 461.27434822916985 200.32331030070782 96.225213913246989 459.56596682406962 220.93378708325326 609.28311245515943
leaf_count=9264 2791 3017 39149 27677 18861 4453 2135 3201 5922 2926 1390 6388 5491 8172
internal_value=0 0.00116893 -0.000214141 -0.000706579 0.000399166 0.000981335 0.00165503 0.000469897 0.00151512 -9.575e-05 0.000630002 -0.000279985 0.00295222 0.000439896
internal_weight=0 1479.01 9029.48 5044.22 3985.25 2519.86 1570.84 842.625 598.249 949.023 748.7 555.791 728.216 1258.13
internal_count=140837 20453 120384 66826 53558 34697 21202 11258 8057 13495 10569 7778 9944 17436
is_linear=0
shrinkage=0.0101079


Tree=71
num_leaves=15
num_cat=0
split_feature=11 3 22 15 13 5 14 5 13 12 14 28 15 6
split_gain=19.4044 23.7243 31.0022 23.2436 33.2448 21.153 19.7274 19.2309 25.6465 23.0524 20.2476 17.0078 15.9294 15.8117
threshold=0.015272336546331646 0.46510678529739385 -0.016523827798664566 10.388370037078859 -0.0068218868691474191 -6.2134997844696036 -7.4218657016754142 2.0244168043136601 0.091556016355752959 0.06359413638710977 -2.4028084278106685 -0.076279435306787477 7.559598684310914 0.23603327572345736
decision_type=2 2 2 2 2 2 2 2 2 2 2 2 2 2
left_child=3 7 5 13 -5 -3 -7 8 10 -9 -2 -6 -8 -1
right_child=1 2 -4 4 11 6 12 9 -10 -11 -12 -13 -14 -15
leaf_value=0.0012284108505842817 0.000942291235431517 0.0016571362169379379 0.0002908484404994793 0.0065842160507176856 0.0028569428154458475 -0.0024626732461843688 0.0025252787981294017 -0.0015171575973895214 -0.0028680607639644281 0.0021679006423528701 0.0044402198187366432 -0.0022890483667960646 -0.0010203118143702473 -0.0013386511092800292
leaf_weight=656.03111112862825 2190.9816062767059 223.5338622443378 2426.3914094567299 163.79800482094288 144.51391007751226 1196.8090140540153 127.94127030111849 766.38131902553141 153.00491218827665 209.5250071361661 186.29452131316066 102.25718873552978 1603.8362655695528 372.90812864713371
leaf_count=9028 30613 3109 31713 1958 1885 17166 1786 10303 2125 2335 2072 1426 19782 5610
internal_value=0 -0.000141538 -0.000554225 0.00111786 0.00313692 -0.00121668 -0.00145356 0.000503318 0.000974066 -0.000674123 0.00124672 0.000560653 -0.000725154 0.00025598
internal_weight=0 9084.7 5578.51 1439.51 410.569 3152.12 2928.59 3506.19 2530.28 975.906 2377.28 246.771 1731.78 1028.94
internal_count=140911 121004 73556 19907 5269 41843 38734 47448 34810 12638 32685 3311 21568 14638
is_linear=0
shrinkage=0.0101079


Tree=72
num_leaves=15
num_cat=0
split_feature=27 29 22 3 2 20 21 27 21 20 20 15 29 6
split_gain=27.2469 40.7778 44.9104 20.9184 20.6282 19.0461 24.0498 23.8517 19.5986 20.2529 29.353 19.7817 18.1707 17.8537
threshold=-0.41268247365951533 -1.0000000180025095e-35 -0.39819423854351038 0.48634903132915502 0.65588611364364635 -2.9530129432678218 -8.0956506729125959 0.43245348334312445 -2.5574544668197627 -0.73928904533386219 0.78941315412521373 3.4177439212799077 0.87837970256805431 2.5429357290267949
decision_type=2 2 2 2 2 2 2 2 2 2 2 2 2 2
left_child=1 3 4 -1 -3 -2 7 -7 11 -10 13 -8 -13 -11
right_child=5 2 -4 -5 -6 6 8 -9 9 10 -12 12 -14 -15
leaf_value=0.0051915543689279196 0.0017185350074401847 0.00065213658160158947 -0.00025812274658692711 0.00054085712915171466 -0.0034987900743846684 0 0.0010786178093143272 0.006677569291721459 -0.0010627962074630051 0.0026990832198527264 6.3031023309047563e-05 -0.0030836383270970791 0.0011527523104000405 -9.9423146955419147e-05
leaf_weight=118.47446544282138 959.37593291141093 120.76374217309058 1757.375363914296 605.63953254371881 886.02016107365489 85.891209334135056 225.17381694540381 106.0575254522264 885.23960568755865 860.7476317435503 2980.8362021893263 519.67334272712469 108.70794387347996 280.205267874524
leaf_count=1075 12270 1255 24412 8515 13100 1339 3647 1537 11829 11685 37566 7332 1630 3600
internal_value=0 -0.000695436 -0.0012622 0.00140333 -0.0029598 0.000396254 0.000178078 0.00363184 5.3481e-05 0.000301942 0.000606278 -0.00134675 -0.00228204 0.00198045
internal_weight=0 3488.27 2764.16 724.114 1006.78 7011.91 6052.53 191.949 5860.58 5007.03 4121.79 853.555 628.381 1140.95
internal_count=140792 48357 38767 9590 14355 92435 80165 2876 77289 64680 52851 12609 8962 15285
is_linear=0
shrinkage=0.0101079


Tree=73
num_leaves=15
num_cat=0
split_feature=27 28 3 11 23 3 10 30 7 3 30 10 23 14
split_gain=25.4215 36.0064 20.3195 17.4937 18.8834 25.6961 20.4279 16.0795 15.2294 17.4066 13.3338 13.1674 17.4653 13.1505
threshold=-0.43245348334312433 0.45201864838600164 0.8448142707347871 0.012343793641775848 1.5279010534286501 0.61467957496643078 0.062053026631474502 1.0000000180025095e-35 4.0265970230102548 0.55754199624061596 -0.56174489110708226 0.11957756802439691 1.1618374586105349 -9.1357831954956037
decision_type=2 2 2 2 2 2 2 2 2 2 2 2 2 2
left_child=1 3 -2 -1 5 6 -5 13 -3 -10 -8 -4 -13 -7
right_child=2 8 11 4 -6 7 10 -9 9 -11 -12 12 -14 -15
leaf_value=0.0021689408396999739 0.00020257779056656578 -0.0040937759965287033 0.0047506589096512463 -0.0015286755384041047 0.00057413772488977457 -0.0028088839880170855 0.0045720611828636067 -0.0039682887965746608 0.0022146154358709019 -0.0025950447866493367 6.6046592548931618e-05 -0.00090613250721621275 0.0037057172551494696 0.00032605407077799283
leaf_weight=281.64737159386277 6614.0241393316537 386.89404918625951 158.47375825233757 262.87302789464593 1015.6290346365422 225.23136166669428 131.75906134396791 356.46431754529476 103.22322812862694 213.84310388751328 166.7159160040319 180.93376765958965 132.57455406337976 281.44171481393278
leaf_count=4002 87921 5942 1906 3044 13885 3483 1276 5290 1114 3246 1947 2081 1470 4126
internal_value=0 -0.000704205 0.000355208 -0.000158624 -0.000449752 -0.00120721 0.000413558 -0.00230219 -0.00273238 -0.000889248 0.00225189 0.00237235 0.000959713 -0.00100978
internal_weight=0 3425.72 7086.01 2721.76 2440.11 1424.49 561.348 863.137 703.96 317.066 298.475 471.982 313.508 506.673
internal_count=140733 47355 93378 37053 33051 19166 6267 12899 10302 4360 3223 5457 3551 7609
is_linear=0
shrinkage=0.0101079


Tree=74
num_leaves=15
num_cat=0
split_feature=27 28 11 15 20 21 17 22 15 21 11 27 22 2
split_gain=27.3268 29.3462 21.9172 21.1317 17.1793 19.0007 17.2769 16.583 15.8542 62.5894 22.8226 28.3388 22.5985 28.4212
threshold=-0.43245348334312433 0.43245348334312445 0.021681637503206733 11.573968887329103 -2.6537165641784664 -8.4904313087463361 85.500000000000014 -0.096129857003688798 10.225145339965822 -0.69303736090660084 0.016143593005836013 0.77296444773674022 -0.31247575581073755 0.7778034806251527
decision_type=2 2 2 2 2 2 2 2 2 2 2 2 2 2
left_child=1 2 3 -1 6 -6 -2 -4 12 -10 11 -11 13 -7
right_child=4 -3 7 -5 5 8 -8 -9 9 10 -12 -13 -14 -15
leaf_value=0.00052604391834191609 0.0024656123843658012 -0.0024687555719663822 -0.0017331345125864755 0.0057857720721763949 0.003583634841355383 -8.8318138247450668e-05 -8.2126428228630107e-05 3.9664920722885275e-05 0.0074361329730809559 0.005007465281116643 -1.6785699498787885e-05 -0.001054484333884366 0.00053893150581913417 -0.0030765784201308662
leaf_weight=414.52897634729743 732.47858175821602 736.99907165206969 850.48670088127255 96.449263231828809 156.43904727697372 793.31652683205903 381.89653866738081 1334.948648147285 122.06649564020336 203.77322571538389 2917.2418739274144 106.68175802566111 1081.3801562823355 580.85622490011156
leaf_count=5870 9233 10833 11299 1307 2341 11334 5125 18205 1453 2551 36725 1332 15298 7872
internal_value=0 -0.000687881 -0.000180551 0.00166747 0.000409298 0.000185368 0.00156179 -0.000635404 8.22411e-05 0.000539981 0.000249734 0.00282176 -0.000525485 -0.00139077
internal_weight=0 3433.41 2696.41 510.978 7076.13 5961.76 1114.38 2185.44 5805.32 3349.76 3227.7 310.455 2455.55 1374.17
internal_count=140778 47514 36681 7177 93264 78906 14358 29504 76565 42061 40608 3883 34504 19206
is_linear=0
shrinkage=0.0101079


Tree=75
num_leaves=15
num_cat=0
split_feature=27 28 29 0 14 22 16 14 14 18 29 3 15 3
split_gain=25.979 31.2195 26.4724 28.1145 24.0565 44.7634 24.4121 18.8078 40.093 22.2219 17.056 18.0554 18.1084 18.1886
threshold=-0.49049438536167139 0.6835516393184663 -1.0000000180025095e-35 1.0380877852439883 -9.5073122978210431 -0.39819423854351038 0.24054099619388583 -9.1357831954956037 -3.3735561370849605 53.500000000000007 -0.60785761475563038 0.8448142707347871 3.4177439212799077 0.62649405002594005
decision_type=2 2 2 2 2 2 2 2 2 2 2 2 2 2
left_child=1 2 4 7 6 -6 -1 -4 9 -9 -2 12 13 -12
right_child=10 -3 3 -5 5 -7 -8 8 -10 -11 11 -13 -14 -15
leaf_value=0.0017801616574980063 0.0036983553664219578 -0.0045469901518542313 -0.0041460788216585737 -1.9664926512503797e-05 0.0081834647887529151 0.00040767323510122245 -0.0039992288985471859 -0.0022638182626253476 -0.0040601951028730685 0.0029984117126184793 0.0027008307245989602 0.0021907928210800555 -3.0313027521560388e-05 -0.0005231701887344301
leaf_weight=152.65814803168178 149.00968436896801 197.89289364591241 353.47619646042585 1455.0500406194478 112.30273773893714 240.50197998061776 126.0817689858377 111.66706187091768 255.43852529302239 225.68873848207295 511.88431157916784 474.90388377569616 5887.156012095511 240.61169388145208
leaf_count=2037 1917 2880 5336 20316 1316 3215 1741 1520 2998 3453 8033 5576 77207 3060
internal_value=0 -0.000712186 -0.000437861 -0.000932166 0.00136696 0.00311605 -0.000729512 -0.00228145 -0.00106358 0.00112764 0.000375594 0.000296426 0.000152478 0.00162177
internal_weight=0 3230.76 3032.87 2401.32 631.545 352.805 278.74 946.271 592.794 337.356 7263.57 7114.56 6639.65 752.496
internal_count=140605 44812 41932 33623 8309 4531 3778 13307 7971 4973 95793 93876 88300 11093
is_linear=0
shrinkage=0.0101079


Tree=76
num_leaves=15
num_cat=0
split_feature=27 28 11 3 20 16 16 9 3 0 3 7 22 33
split_gain=24.6227 28.5726 18.1114 30.4984 18.0887 18.9885 34.7426 22.5787 18.4788 17.8242 17.7332 17.5643 22.7637 17.1222
threshold=-0.43245348334312433 0.41268247365951544 0.021681637503206733 0.64740043878555309 -3.0198485851287837 0.15454717725515368 0.3764366507530213 0.28996293246746069 0.41884584724903112 0.47366803884506231 0.27769114077091223 0.36877925693988806 -0.30083484947681421 0.90112781524658214
decision_type=2 2 2 2 2 2 2 2 2 2 2 2 2 10
left_child=1 2 3 -1 -2 8 11 9 10 -8 -6 12 -7 -4
right_child=4 -3 13 -5 5 6 7 -9 -10 -11 -12 -13 -14 -15
leaf_value=0.0059684818538697374 0.0016587142041246149 -0.0024056388236840939 0.00086504617680978704 4.618961887259104e-05 0.00047006843808626065 -0.0034150468184843165 -0.0021402282277905101 -0.00078375601520521462 -0.00081223747895385926 0.00097897566616833077 0.0073134494872799981 0.0016414417177213541 -0.00012482305144798081 -0.0011403037009397362
leaf_weight=112.82408782839775 945.89449899829924 760.48300594091415 569.58110670000315 394.30741120316088 83.985307805240154 552.81102170608938 183.44153064675629 1196.8116256631911 80.706109136343002 3407.661920055747 98.875085910782218 129.67869197204709 392.30896096304059 1584.556652545929
leaf_count=1324 12037 11156 15191 5788 1602 7918 3018 14841 1355 43204 1522 1802 5824 13955
internal_value=0 -0.000683961 -0.000171328 0.00151139 0.000359256 0.000150204 2.22453e-05 0.000398195 0.00276643 0.000804185 0.00452774 -0.00160608 -0.00210376 -0.000590148
internal_weight=0 3421.75 2661.27 507.131 7072.17 6126.28 5862.71 4787.92 263.567 3591.1 182.86 1074.8 945.12 2154.14
internal_count=140537 47414 36258 7112 93123 81086 76607 61063 4479 46222 3124 15544 13742 29146
is_linear=0
shrinkage=0.0101079


Tree=77
num_leaves=15
num_cat=0
split_feature=27 28 29 29 28 30 13 6 29 22 29 27 11 12
split_gain=22.9316 35.8731 19.112 18.2923 22.5217 22.0705 21.5029 19.2286 16.9012 22.0753 16.8984 36.6356 19.9978 16.5662
threshold=-0.47136868536472315 0.41268247365951544 -1.0000000180025095e-35 -0.60785761475563038 0.8491516411304475 1.0000000180025095e-35 -0.0076820014510303727 0.061203349381685264 -1.0000000180025095e-35 -0.39819423854351038 0.87837970256805431 -0.96298784017562855 0.022100022062659267 0.067973427474498763
decision_type=2 2 2 2 2 2 2 2 2 2 2 2 2 2
left_child=1 8 -3 -2 7 6 -6 -5 9 -1 11 12 -10 -8
right_child=3 2 -4 4 5 -7 13 -9 10 -11 -12 -13 -14 -15
leaf_value=0.0052077368114808479 0.0037950805725020451 0.00025898164858666114 -0.0035169350363027149 0.0012293631330304001 6.8188614434756782e-05 0.00047283030718652929 -0.0039571487956888435 1.475806821468402e-05 0.00050791480442390416 0.00022989387473184989 0.00099242769790576502 1.6737014863276889e-05 -0.0041398356333384595 0.00018902407446766081
leaf_weight=116.85194236785173 145.65773223899305 152.68300447613001 571.5749846957624 2389.4253457859159 316.91249151714146 692.66638179309666 441.73168530873954 3151.8987463563681 99.346761390566826 416.31504775024951 510.82947548106313 999.65488340891898 435.39081121049821 101.88933204300702
leaf_count=1392 1844 2087 8562 31942 4617 9179 5875 40566 1508 5582 7047 13519 6105 1199
internal_value=0 -0.000693473 -0.00267119 0.000321887 0.000240875 -0.000821837 -0.00190559 0.000546766 -0.000116037 0.00145385 -0.000548902 -0.00109068 -0.00320668 -0.00311472
internal_weight=0 3302.65 724.258 7240.18 7094.52 1553.2 860.534 5541.32 2578.39 533.167 2045.22 1534.39 534.738 543.621
internal_count=141024 45802 10649 95222 93378 20870 11691 72508 35153 6974 28179 21132 7613 7074
is_linear=0
shrinkage=0.0101079


Tree=78
num_leaves=15
num_cat=0
split_feature=27 29 0 13 22 13 13 11 20 21 15 21 11 2
split_gain=24.552 42.4144 39.1748 25.04 25.7676 17.1616 23.8772 16.9935 15.9703 20.1772 15.7363 59.931 24.521 22.7729
threshold=-0.43245348334312433 -1.0000000180025095e-35 1.018079459667206 -0.035472854971885674 -0.41435424983501429 0.059565186500549323 0.029293106868863109 0.015699314884841446 -2.4214835166931148 -8.3033022880554181 10.225145339965822 -0.43551434576511378 0.016575426794588569 1.1410318017005923
decision_type=2 2 2 2 2 2 2 2 2 2 2 2 2 2
left_child=1 3 5 -1 -5 6 7 -3 -2 -10 -11 -12 13 -13
right_child=8 2 -4 4 -6 -7 -8 -9 9 10 11 12 -14 -15
leaf_value=-0.002436620625060741 0.0013670187217065762 0 -0.00026728085319534142 0.0054631174291180145 0.00077665723845889915 -0.006036095480337433 0.00068487429719958626 -0.0037524573092815039 0.0036034066055486221 -0.00063662691896114389 0.0068689790448297578 0.00058460356236919998 -0.00014262296177673737 0.0065296558477769637
leaf_weight=125.01200984232128 1217.2720981370658 147.02986814454198 1598.6251129377633 180.44421474635601 413.70880715548992 150.51634983532131 208.3844927046448 605.44179581291974 154.65156371891499 2386.9415580350906 134.35145119763911 208.37469694390893 2884.0831677634269 104.02166030183434
leaf_count=1545 15783 2236 22235 2317 5557 1743 2790 8982 2347 33485 1613 2819 36252 1081
internal_value=0 -0.000725678 -0.00131218 0.00141927 0.00231847 -0.00276693 -0.00216947 -0.00301215 0.000314765 8.82687e-05 -4.41053e-06 0.000436937 0.000138234 0.00279925
internal_weight=0 3429.16 2710 719.165 594.153 1111.37 960.856 752.472 7089.7 5872.42 5717.77 3330.83 3196.48 312.396
internal_count=140785 47405 37986 9419 7874 15751 14008 11218 93380 77597 75250 41765 40152 3900
is_linear=0
shrinkage=0.0101079


Tree=79
num_leaves=15
num_cat=0
split_feature=27 28 29 22 22 23 21 29 3 3 14 14 3 10
split_gain=24.2323 33.5932 26.2754 28.9805 24.1606 15.8706 17.1368 16.1824 18.3171 14.8403 14.0462 41.4047 13.1803 19.114
threshold=-0.47136868536472315 0.6835516393184663 -1.0000000180025095e-35 -0.088579084724187837 -0.47848118841648096 0.4441154301166535 -5.1657087802886954 -0.60785761475563038 0.9231792986392976 0.47620494663715368 -3.3735561370849605 -5.6850147247314444 0.26544229686260229 0.2138657942414284
decision_type=2 2 2 2 2 2 2 2 2 2 2 2 2 2
left_child=1 2 4 10 -1 9 12 -8 -9 -2 11 -4 -7 -14
right_child=5 -3 3 -5 -6 6 7 8 -10 -11 -12 -13 13 -15
leaf_value=0.0046122320720532132 9.1900676944966524e-05 -0.0044822736910769085 -0.0025764624327341912 0.00013070560989922726 0.00010416785856165875 -0.0014251230450636522 0.0040802207083257989 6.9402459217529316e-05 0.0039102314780057705 -0.0031723195902571733 -0.0039298839257632997 0.0024204173247875708 0.0030348056777358286 -0.00010098316425942786
leaf_weight=165.17661596462131 286.93952785991132 219.2446309234947 653.71969207003713 1259.6675545275211 477.39489966630936 102.63733325153589 103.79389283247292 5480.8958956599236 123.17882184870541 235.85355034470558 311.45025831088424 213.46954209171236 639.98201839067042 250.54099318385124
leaf_count=2028 3703 3211 10075 17435 6436 1943 1220 71600 1560 3382 3677 2906 8549 3091
internal_value=0 -0.000709083 -0.000417045 -0.000906239 0.00136582 0.000335255 0.000472483 0.000249858 0.000166245 -0.00132883 -0.00204232 -0.00128974 0.00169982 0.00211413
internal_weight=0 3300.12 3080.88 2438.31 642.572 7223.82 6701.03 5707.87 5604.07 522.793 1178.64 867.189 993.16 890.523
internal_count=140816 45768 42557 34093 8464 95048 87963 74380 73160 7085 16658 12981 13583 11640
is_linear=0
shrinkage=0.0101079


Tree=80
num_leaves=15
num_cat=0
split_feature=27 28 17 21 7 2 20 17 21 14 3 0 7 2
split_gain=22.7555 33.5283 21.1917 34.0018 18.2025 31.4009 14.3304 21.1036 20.4046 29.5485 22.3113 25.3378 21.5183 40.2149
threshold=-0.43245348334312433 0.45201864838600164 50.500000000000007 6.0571136474609384 6.8506648540496835 1.2428364753723147 -3.0198485851287837 86.500000000000014 -8.0956506729125959 -7.4218657016754142 0.33465410768985754 0.7410465180873872 0.75554674863815319 1.2500455975532534
decision_type=2 2 2 2 2 2 2 2 2 2 2 2 2 2
left_child=1 2 3 -1 -3 -6 7 -2 -8 10 -10 -12 13 -11
right_child=6 4 -4 -5 5 -7 8 -9 9 12 11 -13 -14 -15
leaf_value=0.0018782117073549089 0.0025681703182021992 -0.0038781615215511384 -0.0011828512794139455 -0.0010724761804418689 0.0031506070243898913 -0.0036112636814197691 0.0033348330925635525 -0.00052777739187740075 0.00069787543361293672 0.0010175989569158254 -0.0033324451754778426 -0.00053997624506207063 0.00024372353628413217 0.0076870122957937471
leaf_weight=930.98407795093954 643.41904742270708 431.23211885988712 1122.919730886817 669.87935309670866 122.44410339184105 141.57503170147538 195.52539659850299 310.8131843097508 624.15838734060526 549.67259341478348 522.53339619934559 1020.9735928066075 3104.1026765760034 110.20291356928647
leaf_count=12722 7930 6675 15665 8738 1373 2236 2942 4127 10096 7214 8055 13432 38456 1062
internal_value=0 -0.000633987 -0.000110188 0.000619092 -0.00260498 -0.000325818 0.000368526 0.00152147 0.000180699 6.57583e-05 -0.000864829 -0.00152318 0.000613084 0.00226726
internal_weight=0 3419.03 2723.78 1600.86 695.251 264.019 7081.4 954.232 6127.17 5931.64 2167.67 1543.51 3763.98 659.876
internal_count=140723 47409 37125 21460 10284 3609 93314 12057 81257 78315 31583 21487 46732 8276
is_linear=0
shrinkage=0.0101079


Tree=81
num_leaves=15
num_cat=0
split_feature=27 29 0 3 2 0 15 29 11 28 17 14 8 30
split_gain=23.5062 35.7168 37.769 20.6892 17.7931 16.4161 14.1171 23.2543 19.8111 19.4948 20.685 32.2125 25.3826 20.8898
threshold=-0.43245348334312433 -1.0000000180025095e-35 1.01045697927475 0.48634903132915502 0.65588611364364635 1.7068298459053042 3.4843167066574101 -0.60785761475563038 0.04769799858331681 0.86046862602233898 37.500000000000007 -7.2218482494354239 -0.24716094881296155 0.81174489855766307
decision_type=2 2 2 2 2 2 2 2 2 2 2 2 2 2
left_child=1 3 4 -1 -3 6 8 -8 -2 10 11 13 -12 -9
right_child=5 2 -4 -5 -6 -7 7 9 -10 -11 12 -13 -14 -15
leaf_value=0.00505281538159122 -0.00050817741053843588 0.00047142565250599637 -0.00017309696528996189 0.00045307814327795606 -0.0031413521188183285 0.0039008429964488031 0.0045371814889932941 -0.0030890845471768765 0.0025741867200966347 -0.001062743255670991 0.0026459767646549457 0.00041463959954503397 0.00025042120681987326 0.00078610786453812043
leaf_weight=120.20177789963782 298.55850940383971 138.85417002439499 1608.7123709339648 594.8756734021008 943.73205076530576 126.78951496630907 111.84829028323293 532.44631119072437 586.01040994375944 1293.0962580610067 703.86710500717163 1901.1897205263376 1365.7333501633257 168.78542077541351
leaf_count=1066 3933 1420 22491 8323 14020 1613 1371 7947 8600 17207 9257 23105 17914 2386
internal_value=0 -0.000644226 -0.00118539 0.00132751 -0.00264077 0.000375778 0.000301564 0.000119827 0.00149299 2.45275e-05 0.000335353 -0.000251794 0.00109137 -0.00210078
internal_weight=0 3406.38 2691.3 715.077 1082.59 7088.32 6961.54 6076.97 884.569 5965.12 4672.02 2602.42 2069.6 701.232
internal_count=140653 47320 37931 9389 15440 93333 91720 79187 12533 77816 60609 33438 27171 10333
is_linear=0
shrinkage=0.0101079


Tree=82
num_leaves=15
num_cat=0
split_feature=21 14 0 13 3 13 15 4 14 4 12 3 33 3
split_gain=19.8579 28.0216 37.5822 34.0086 25.0803 24.9219 23.883 25.3459 17.832 18.6687 19.7106 45.7965 30.5149 25.3737
threshold=7.3447923660278329 -7.2218482494354239 0.74396112561225902 -0.090169277042150484 0.34890578687191015 -0.051042038947343819 8.947242736816408 -1.8429954051971433 -1.6727612018585203 -1.7324893474578855 1.0000000180025095e-35 0.7827262580394746 2.0062500238418584 0.75587284564971935
decision_type=2 2 2 2 2 2 2 2 2 2 2 2 8 2
left_child=1 2 3 -1 -5 -6 7 -4 9 -3 11 -11 13 -12
right_child=-2 8 6 4 5 -7 -8 -9 -10 10 12 -13 -14 -15
leaf_value=0.0040262326881481117 -0.00096165578214736386 -0.00082878297806567567 0.0020262266090954064 0 -0.0069304231155695459 -0.0022170710470871707 -0.0013570196911263648 0 -0.0011684452834044455 -0.00054409133956238745 0.0035268545868197146 0.0056222553672431522 -0.00012702264815854083 4.3196855620430915e-05
leaf_weight=86.626320442184806 1875.7085551097989 414.30901609361172 926.71210111863911 410.43706482648849 148.42863870598376 737.58383915945888 744.94455384463072 1954.497269725427 372.03057245723903 908.29353821091354 1059.3247679285705 133.79190936684608 460.88199088722467 297.01892125979066
leaf_count=1627 23712 5048 12329 6611 2237 11550 10252 26665 4201 11428 9224 1821 11617 2646
internal_value=0 0.000183097 -0.000301492 -0.00171774 -0.00215392 -0.00310444 0.000230019 0.000656872 0.000859259 0.00110422 0.0013999 0.00024414 0.00203668 0.00279819
internal_weight=0 8654.88 5009.23 1383.08 1296.45 886.012 3626.15 2881.21 3645.65 3273.62 2859.31 1042.09 1817.23 1356.34
internal_count=140968 117256 71271 22025 20398 13787 49246 38994 45985 41784 36736 13249 23487 11870
is_linear=0
shrinkage=0.0101079


Tree=83
num_leaves=15
num_cat=0
split_feature=27 28 13 2 17 21 6 33 12 21 2 8 20 27
split_gain=23.8744 36.5472 15.868 30.708 12.6007 27.3404 19.5164 12.5746 20.4721 11.8143 18.5648 22.4788 17.7675 17.1566
threshold=-0.41268247365951533 0.41268247365951544 0.029293106868863109 1.2428364753723147 49.500000000000007 5.9537255764007577 2.9165970087051396 0.90112781524658214 0.12113606184720994 -8.0956506729125959 2.1086969375610356 -1.5720762014389036 -4.435835361480712 0.43245348334312445
decision_type=2 2 2 2 2 2 2 10 2 2 2 2 2 2
left_child=1 4 -3 -4 5 6 -1 -7 -9 12 -11 -12 -2 -14
right_child=9 2 3 -5 -6 7 -8 8 -10 10 11 -13 13 -15
leaf_value=0.00057125713839249867 0 -0.0036278203326334663 0.0031510864892790582 -0.003351547004410566 -0.00091841461275741067 0.0012405718202517801 0.003903641983487938 -0.00019068374625073227 -0.0045471634181499503 9.2952029408716023e-05 -0.00077638523528908302 0.0045096588993983385 0.00025646272530285445 0.005708494393807783
leaf_weight=627.42019591853023 259.3848602604121 512.41845390759408 119.84314764663577 164.53259997814894 1116.1199952904135 161.72092344984412 269.8750493619591 328.40777682512999 176.89723973348737 6181.5796535778791 110.76104573346674 208.48257953859866 119.38016906380653 155.24174011126161
leaf_count=8647 3030 7916 1358 2458 15575 4267 3642 2755 1655 81640 1353 2534 1809 2204
internal_value=0 -0.000671777 -0.0025633 -0.000461748 -8.87524e-05 0.000479021 0.00164275 -0.00102729 -0.00183972 0.000350935 0.000224014 0.00257647 0.00179633 0.00355296
internal_weight=0 3477.24 796.794 284.376 2680.44 1564.32 897.295 667.026 505.305 7034.83 6500.82 319.244 534.007 274.622
internal_count=140843 48273 11732 3816 36541 20966 12289 8677 4410 92570 85527 3887 7043 4013
is_linear=0
shrinkage=0.0101079


Tree=84
num_leaves=15
num_cat=0
split_feature=29 23 3 20 18 28 3 28 29 29 28 12 7 5
split_gain=18.8997 26.7202 25.8739 24.2625 14.5032 20.1418 14.4021 43.4635 18.4129 28.6844 18.7002 18.2556 18.815 16.918
threshold=-0.60785761475563038 0.52100190520286571 0.47620494663715368 1.0335282087326052 39.500000000000007 0.95032352209091198 0.5730591118335725 -0.20576497167348859 0.6078576147556306 0.87837970256805431 0.39271505177021032 0.089077223092317595 15.406674861907961 7.4878017902374276
decision_type=2 2 2 2 2 2 2 2 2 2 2 2 2 2
left_child=-1 2 3 4 -2 -6 -3 13 11 -10 -11 -9 -13 -8
right_child=1 6 -4 -5 5 -7 7 8 9 10 -12 12 -14 -15
leaf_value=0.0034519569716514671 -0.0016020545651849942 0.00049103577990581594 -0.0033913216262776379 -0.0031276576810470927 0.0062638825037615578 0.00022510635439181554 0.0010115023418215791 -0.0012163174312226212 -0.00436200107349668 0.0014398234521772375 -0.0026007765605376644 0.0034069814333486368 -0.0015114331507450258 -0.0014897799786839181
leaf_weight=152.29981445148587 95.72407597862184 4940.5651299078017 451.38914494402707 172.17542168870568 93.957300843670964 162.46918627619743 1985.8734323922545 989.59767929278314 420.79798272810876 214.57432317733765 227.41943927481771 199.39392162300646 109.86549791134894 302.23216866143048
leaf_count=1927 1361 65459 6693 2159 1408 2200 25455 13256 6307 2969 3125 2366 1831 4303
internal_value=0 -4.92941e-05 -0.00163728 -2.4108e-05 0.00141489 0.00270824 0.000112594 -0.000298626 -0.00133035 -0.00248177 -0.000557975 -0.000524462 0.00153758 0.000659617
internal_weight=0 10366 975.715 524.326 352.151 256.426 9390.32 4449.75 2161.65 862.792 441.994 1298.86 309.259 2288.11
internal_count=140819 138892 13821 7128 4969 3608 125071 59612 29854 12401 6094 17453 4197 29758
is_linear=0
shrinkage=0.0101079


Tree=85
num_leaves=15
num_cat=0
split_feature=3 23 5 13 12 18 16 2 6 11 7 15 18 27
split_gain=26.9104 35.3141 21.0454 26.6186 20.5687 20.418 25.6928 33.9967 27.5157 20.2128 19.7744 19.388 21.8898 18.4135
threshold=0.46510678529739385 0.56984996795654308 2.0244168043136601 0.091556016355752959 0.06359413638710977 9.5000000000000018 0.38881458342075353 0.90970399975776683 0.29352253675460821 0.011914033908396961 -15.372850894927977 11.658516407012941 49.500000000000007 -0.29026740789413447
decision_type=2 2 2 2 2 2 2 2 2 2 2 2 2 2
left_child=2 -2 3 5 -4 10 8 13 -7 11 -1 12 -3 -8
right_child=1 9 4 -5 -6 6 7 -9 -10 -11 -12 -13 -14 -15
leaf_value=0.0035193800154637331 -0.0026042139628637074 0.0020486720918760862 -0.0012875196965452193 -0.0028333754082743453 0.0021634564959323414 0.0017203572504748024 0.0065307179426245436 -0.00050116396581334813 -0.0024162043781114913 -0.00039482954595410882 -0.0013610547113456749 0.004789796456539046 -0.0017394025563787427 0.0026739976137456888
leaf_weight=95.412119431421161 674.02214481309056 384.86802446469665 843.36753904446959 152.53434336557984 209.17986902035773 426.54202276095748 168.05449898168445 277.49140743166208 255.07626772858202 5236.7160193994641 432.83922248519957 132.8216622043401 242.9506261870265 1007.8640243690461
leaf_count=1389 9944 5090 11343 2130 2336 6396 1736 3472 3963 68505 6077 1592 3384 13703
internal_value=0 -0.000419944 0.000638366 0.00109827 -0.000552846 0.00134607 0.00178847 0.00254606 0.000103995 -0.000164719 -0.000366412 0.00135497 0.000515762 0.00329795
internal_weight=0 6671.38 3868.36 2815.81 1052.55 2663.28 2135.03 1453.41 681.618 5997.36 528.251 760.64 627.819 1175.92
internal_count=141060 88515 52545 38866 13679 36736 29270 18911 10359 78571 7466 10066 8474 15439
is_linear=0
shrinkage=0.0101079


Tree=86
num_leaves=15
num_cat=0
split_feature=27 29 23 13 23 21 30 21 10 2 29 30 28 28
split_gain=24.2624 35.771 39.0844 22.9871 19.01 19.5948 17.5455 14.522 22.0879 18.6923 18.749 18.2959 16.2053 14.4082
threshold=-0.41268247365951533 -1.0000000180025095e-35 0.67852571606636058 -0.035472854971885674 1.1618374586105349 0.35054689645767217 1.0000000180025095e-35 -7.7193233966827384 0.2257611230015755 2.1086969375610356 -0.60785761475563038 -0.56174489110708226 0.91080963611602794 -0.69930991530418385
decision_type=2 2 2 2 2 2 2 2 2 2 2 2 2 2
left_child=1 3 6 -1 5 -5 -3 8 12 10 -9 -11 -2 -4
right_child=7 2 13 4 -6 -7 -8 9 -10 11 -12 -13 -14 -15
leaf_value=-0.0023712165605814942 0.0042414685853599584 -0.0064063077419141993 0.00077073152190968656 5.6838981082839548e-05 0.0003689381975271456 0.0061239019577596226 -0.0018718363819977578 0.0042549189952791116 -0.0010025458209616141 0.0058847720311187958 9.2779894896534294e-06 0.00054415384581310284 -5.3399350185099615e-05 -0.0010902198672625334
leaf_weight=126.37124129384756 317.92572123371065 183.93090979754925 523.09308959543705 98.04275681078434 328.45999629609287 171.82621028088033 241.75491147115827 100.95044621266425 166.86701332964003 107.38585161231458 6035.826345231384 203.06532536260784 98.4342594537884 1805.7211954984814
leaf_count=1559 4190 2743 6959 1365 4440 2166 3514 1197 2049 1226 79754 2593 1511 25585
internal_value=0 -0.000662548 -0.00119561 0.0012996 0.00216183 0.00412788 -0.00400289 0.000368115 0.00189426 0.000221707 9.09089e-05 0.00261569 0.00314789 -0.000653731
internal_weight=0 3479.2 2754.5 724.7 598.329 269.869 425.686 7030.45 583.227 6447.23 6136.78 310.451 416.36 2328.81
internal_count=140851 48331 38801 9530 7971 3531 6257 92520 7750 84770 80951 3819 5701 32544
is_linear=0
shrinkage=0.0101079


Tree=87
num_leaves=15
num_cat=0
split_feature=3 23 11 30 2 5 12 15 18 16 2 6 21 20
split_gain=19.4671 31.6885 20.9987 20.1236 25.6781 18.9699 24.5167 23.9157 24.3842 18.6543 32.4329 26.9229 18.0842 22.1262
threshold=0.46510678529739385 0.84779053926467907 0.025086744688451294 0.81174489855766307 0.78664362430572521 2.0244168043136601 0.06359413638710977 24.360717773437504 22.500000000000004 0.38478377461433416 0.89476916193962108 0.29352253675460821 -0.6283910572528838 -0.70491406321525563
decision_type=2 2 2 2 2 2 2 2 2 2 2 2 2 2
left_child=5 3 -3 -2 -5 7 -7 8 -1 11 12 -10 -11 -14
right_child=1 2 -4 4 -6 6 -8 -9 9 10 -12 -13 13 -15
leaf_value=-3.816467301194764e-05 -0.0017160020176131782 0.0014547878454930273 -0.00017109906164166323 0.0042443728712760771 -0.00073780880377607582 -0.0013208295937494712 0.0024497373134369027 -0.0026720445923632259 0.0023143368435814648 0.0076985466861775294 -0.00044276527792133137 -0.0021669362206861208 0 0.0037432811435113723
leaf_weight=882.02909468300641 1865.9340691752732 1067.3569775056094 3190.947284232825 131.15212528780103 410.95306698046625 840.18667303025723 210.19247812405229 152.19419030472636 306.7137703448534 100.74280939996243 248.48342321626842 230.90186751633883 190.41619561612606 684.88891050592065
leaf_count=12410 25376 14202 41882 1575 5437 11336 2339 2175 4527 1348 3068 3623 2474 9011
internal_value=0 -0.000287418 0.000228815 -0.00121491 0.000436061 0.000614074 -0.00051579 0.00105317 0.00128993 0.00197488 0.00266562 0.000311997 0.00349543 0.00290344
internal_weight=0 6666.34 4258.3 2408.04 542.105 3846.75 1050.38 2796.37 2644.18 1762.15 1224.53 537.616 976.048 875.305
internal_count=140783 88472 56084 32388 7012 52311 13675 38636 36461 24051 15901 8150 12833 11485
is_linear=0
shrinkage=0.0101079


Tree=88
num_leaves=15
num_cat=0
split_feature=27 29 0 2 13 0 17 11 0 11 15 6 18 0
split_gain=21.3262 38.9672 32.1225 22.4999 22.0507 16.1353 33.3068 12.446 21.5538 14.8061 21.4553 20.9681 20.5679 19.9412
threshold=-0.39271505177021021 -1.0000000180025095e-35 1.018079459667206 0.65588611364364635 -0.035472854971885674 0.98853936791419994 52.500000000000007 0.0098053761757910269 0.85145059227943432 0.048232313245534904 3.4177439212799077 -10.672737598419188 42.500000000000007 0.91612666845321666
decision_type=2 2 2 2 2 2 2 2 2 2 2 2 2 2
left_child=1 4 3 -3 -1 6 -6 8 -2 13 11 -11 -12 -9
right_child=7 2 -4 -5 5 -7 -8 9 -10 10 12 -13 -14 -15
leaf_value=-0.0021451258016298028 0 0.00090655290013320737 -0.00023684166242471602 -0.0030375057662622765 0.008070496668289396 0.00085084645220610637 0 -0.0011755035377932119 0.0036109333682772886 -0.00098999390964370367 -0.00088599490249761589 0.003373828244501529 0.00078477451584912157 0.00075994833690497645
leaf_weight=128.0301514826715 337.52920486778021 152.49546425044537 1657.1989658363163 984.88575766980648 113.61671533621848 388.6181235127151 106.68170007318258 1423.8054913915694 303.93953641690314 127.21754463389516 1069.7203110121191 459.65054357424378 2410.6517086084932 845.83174347504973
leaf_count=1586 4802 1566 23068 14724 1269 5263 1574 20052 3777 1589 13784 6927 30475 10416
internal_value=0 -0.00061177 -0.00116476 -0.00247081 0.0014213 0.00225413 0.00444052 0.000350867 0.00169297 0.000206752 0.000575677 0.00235918 0.000258824 -0.0004363
internal_weight=0 3531.53 2794.58 1137.38 736.947 608.917 220.298 6978.35 641.469 6336.88 4067.24 586.868 3480.37 2269.64
internal_count=140872 49050 39358 16290 9692 8106 2843 91822 8579 83243 52775 8516 44259 30468
is_linear=0
shrinkage=0.0101079


Tree=89
num_leaves=15
num_cat=0
split_feature=27 29 23 2 3 15 21 17 5 16 17 23 0 20
split_gain=23.0358 31.7749 37.2207 25.9201 24.5751 15.9839 17.6811 13.4109 20.8982 14.4158 13.0152 13.7602 13.8663 12.7591
threshold=-0.43245348334312433 -1.0000000180025095e-35 0.88221749663352977 1.1897822022438052 0.50105097889900219 5.8159682750701913 2.4282237291336064 58.500000000000007 5.8404045104980478 0.41098040342330938 50.500000000000007 1.1246909499168398 1.6423537135124209 0.15232522785663608
decision_type=2 2 2 2 2 2 2 2 2 2 2 2 2 2
left_child=1 4 3 5 -1 -3 -7 8 13 -9 11 -6 -13 -4
right_child=-2 2 7 -5 10 6 -8 9 -10 -11 -12 12 -14 -15
leaf_value=0.0050330486607228983 0.00033798166783166269 -0.0042087190056561861 -0.00013003652758930009 -0.0047332490115284875 0.0045792386460745274 0.0024877797254826009 -0.0022185406431602726 -0.00027929858955735094 -0.0019149590852181667 -0.0035811749863198174 -0.0013397066983382177 -0.0025471431466415543 0.0023945038288650015 0.0021676794702211659
leaf_weight=130.64164271764457 7110.2251402065158 109.19702771306038 437.76404262520373 418.51951597072184 100.49397085048258 158.10239122062922 151.22763448394835 399.13364098221064 322.78742512874305 225.0644418746233 267.10436722636223 98.295326134189963 119.59018042497337 478.26510170288384
leaf_count=1155 93581 1600 6224 6601 1336 2137 1837 5685 4609 3093 3786 1281 1849 6314
internal_value=0 -0.000670859 -0.00118006 -0.00294717 0.00118525 -0.0010133 6.11293e-05 -0.000355665 0.000225934 -0.00156282 0.00020467 0.00162558 0 0.00103377
internal_weight=0 3416.19 2700.06 837.047 716.125 418.527 309.33 1863.01 1238.82 624.198 585.484 318.379 217.886 916.029
internal_count=141088 47507 38100 12175 9407 5574 3974 25925 17147 8778 8252 4466 3130 12538
is_linear=0
shrinkage=0.0101079


Tree=90
num_leaves=15
num_cat=0
split_feature=27 29 14 16 22 11 29 28 27 23 3 2 14 14
split_gain=24.1293 35.8427 24.6383 23.5858 20.8313 19.5906 22.9781 19.0249 18.8258 14.4622 15.0402 15.7313 14.867 21.1602
threshold=-0.71473535895347584 -1.0000000180025095e-35 -9.5853581428527814 0.23247282952070239 -0.41976402699947352 0.017397551797330383 0.87837970256805431 -0.47136868536472315 -0.95032352209091175 0.52100190520286571 0.26839508116245275 0.7778034806251527 -7.4899802207946768 -4.495248317718505
decision_type=2 2 2 2 2 2 2 2 2 2 2 2 2 2
left_child=1 2 3 -1 -4 -3 7 -7 -8 10 -2 12 -12 -14
right_child=9 5 4 -5 -6 6 8 -9 -10 -11 11 -13 13 -15
leaf_value=0.0019724425605594843 0.0023502950228092368 0.0008243239821952319 0.0067574938760567183 -0.0040682182335965494 0.00098071560068544545 0 0.0026771890441186531 -0.0031296192118942952 -0.0015671938235923765 0.00047945464955696766 -0.002325762036987897 -0.002650806443899761 0.004830535841734325 -0.00090933221912166678
leaf_weight=125.62818947248161 115.04787445440888 303.76541067659855 111.73401237279177 116.46582313627005 188.24981091544032 256.40598129853606 173.30365737341344 1039.668891871348 249.11217808909714 7015.4432774595916 143.20700500160456 438.59016624093056 110.57306647673249 122.76917725615203
leaf_count=1685 1872 4507 1301 1606 2566 3409 2412 14884 3588 91669 2214 6213 1402 1479
internal_value=0 -0.00080691 0.00145024 -0.000806928 0.0033783 -0.00143508 -0.0018598 -0.00252532 9.65776e-05 0.00031859 -0.000845486 -0.00136338 5.36305e-05 0.00170939
internal_weight=0 2564.33 542.078 242.094 299.984 2022.26 1718.49 1296.07 422.416 7945.63 930.187 815.139 376.549 233.342
internal_count=140807 35958 7158 3291 3867 28800 24293 18293 6000 104849 13180 11308 5095 2881
is_linear=0
shrinkage=0.0101079


Tree=91
num_leaves=15
num_cat=0
split_feature=27 28 11 15 33 12 12 23 30 7 23 20 3 10
split_gain=20.3733 29.6263 17.2683 21.816 16.1589 22.454 21.3998 15.9755 19.8483 15.4873 14.4166 13.4711 12.8443 17.3638
threshold=-0.43245348334312433 0.52803644537925731 0.021681637503206733 11.741044998168947 0.99736112356185924 0.12113606184720994 0.03912980109453202 1.6195393204689028 1.0000000180025095e-35 6.9906873703002939 1.146516025066376 -0.12436505779623984 0.8448142707347871 0.12586548179388049
decision_type=2 2 2 2 10 2 2 2 2 2 2 2 2 2
left_child=1 2 3 -1 -4 6 7 8 10 11 -6 -3 -2 -14
right_child=12 9 4 -5 5 -7 -8 -9 -10 -11 -12 -13 13 -15
leaf_value=0.00026587038314819695 0.00014244372075546631 -0.0019794842037188791 0.00063181925969236748 0.005530497735907928 0.00059028096368027847 -0.0043957655068565925 0.0011027201139185369 0.00021117707752224394 -0.0044269779395289689 -0.00041499223983622357 -0.003220921089214178 -0.0065211512019528227 0.0043635786855276641 0.00025403784117975029
leaf_weight=444.14425122737885 6622.6491675376892 199.94220517389476 674.98898234218359 96.575366798788309 246.39105458185077 193.70018249005079 432.4866659194231 321.09601243585348 287.18326239287853 213.55480804666877 149.70359422266483 146.47977800294757 172.78455258719623 310.42382505536079
leaf_count=6318 87800 3274 17030 1314 2161 1847 3792 2778 2612 2905 1250 2129 2032 3480
internal_value=0 -0.000682998 -0.000246156 0.00134391 -0.000639784 -0.00119139 -0.000710436 -0.00153363 -0.00240547 -0.00279888 -0.000783508 -0.00411343 0.000266185 0.00185103
internal_weight=0 3406.25 2846.27 540.72 2305.55 1630.56 1436.86 1004.37 683.278 559.977 396.095 346.422 7105.86 483.208
internal_count=140722 47410 39102 7632 31470 14440 12593 8801 6023 8308 3411 5403 93312 5512
is_linear=0
shrinkage=0.0101079


Tree=92
num_leaves=15
num_cat=0
split_feature=11 2 27 22 29 16 18 15 12 8 11 2 2 27
split_gain=21.5576 28.6628 22.0173 27.7314 34.1689 23.612 14.5879 22.8161 17.2211 13.0144 12.9661 19.2071 20.7513 18.6992
threshold=0.011914033908396961 1.4910529255867007 -0.47136868536472315 -0.15261553227901456 -1.0000000180025095e-35 0.42439576983451849 39.500000000000007 10.225145339965822 -0.056911695748567574 -0.48340548574924463 0.048232313245534904 0.46720208227634435 0.37630638480186468 0.93585023283958446
decision_type=2 2 2 2 2 2 2 2 2 2 2 2 2 2
left_child=1 6 3 4 5 -2 8 -8 -1 -6 11 12 -4 -12
right_child=2 -3 10 -5 9 -7 7 -9 -10 -11 13 -13 -14 -15
leaf_value=-0.001242573631389634 -0.0019069798311195747 0.0051258963332808556 -0.0011061780775811522 5.1359844392197033e-05 -0.0041846660381242738 0.0036114992115579979 -0.0020044407256130142 0.0020800877852063873 0.0033259517858400867 -0.0017368406638678825 0.00018760871255926257 -0.00078221474999226961 0.0045423646442237292 0.0019715548058495142
leaf_weight=97.053882624953985 129.51513066701591 167.07413592748344 96.458856739103794 1530.1658143568784 411.59152379818261 165.61173214949667 354.49106014892459 214.74913510866463 294.06319902278483 725.80498487688601 3488.9087352063507 1978.0188793689013 145.71729300171137 736.86441584117711
leaf_count=1262 1683 2259 1451 21116 5930 2024 5324 2661 4000 10311 45293 26427 1926 9452
internal_value=0 0.00132644 -0.000147887 -0.000870297 -0.00187795 0.00106895 0.000588399 -0.000386192 0.00208864 -0.00268 0.000178508 -0.0004362 0.00216537 0.000511242
internal_weight=0 1127.43 9408.66 2962.69 1432.52 295.127 960.357 569.24 391.117 1137.4 6445.97 2220.2 242.176 4225.77
internal_count=141119 15506 125613 41064 19948 3707 13247 7985 5262 16241 84549 29804 3377 54745
is_linear=0
shrinkage=0.0101079


Tree=93
num_leaves=15
num_cat=0
split_feature=27 28 29 22 22 11 12 12 3 4 14 16 18 15
split_gain=24.411 28.1155 28.8035 24.8845 17.7699 27.4785 15.2988 28.419 22.2024 26.1731 20.7337 18.7252 16.7406 13.035
threshold=-0.47136868536472315 0.6835516393184663 -1.0000000180025095e-35 -0.47300739586353296 -0.13262467831373212 0.014442820567637684 0.025942724198102955 0.065665658563375487 0.58187785744667064 -0.20755549520254132 -1.845089793205261 0.35978490114212042 89.500000000000014 19.111970901489261
decision_type=2 2 2 2 2 2 2 2 2 2 2 2 2 2
left_child=1 2 3 -1 5 -4 -2 10 9 -9 11 -8 -11 -13
right_child=6 -3 4 -5 -6 -7 7 8 -10 12 -12 13 -14 -15
leaf_value=0.0046324893860763498 0.00065461633807801795 -0.004280311946343051 0.0019768440415965103 7.5048536770849411e-05 -0.00017723177530524744 -0.0025667839224906615 -0.003580552865835866 -0.00016595344997846919 -0.00031355072424096088 0.0018278285626663984 -0.0034990640784921825 0.00038597526386529001 0.0069199707534584477 -0.0027712268349814224
leaf_weight=167.0215900503099 4402.8384866509587 213.10143472068012 141.68896694481373 474.65317285805941 1306.3647444043308 980.67123124375939 173.50688087753952 225.31209805980325 717.86940416134894 196.09180084988475 319.51975716464221 928.30969252623618 133.09164058975875 147.72459505870938
leaf_count=2042 59416 3193 2134 6353 18122 13909 2779 2731 8329 2391 3564 12399 1523 1965
internal_value=0 -0.000769793 -0.000502978 0.00136419 -0.00101564 -0.00194787 0.000279048 -0.000288883 0.000812144 0.00232602 -0.00120701 -0.00057101 0.00411702 -2.65585e-05
internal_weight=0 3283.5 3070.4 641.675 2428.72 1122.36 7244.26 2841.43 1272.36 554.496 1569.06 1249.54 329.183 1076.03
internal_count=140850 45753 42560 8395 34165 16043 95097 35681 14974 6645 20707 17143 3914 14364
is_linear=0
shrinkage=0.0101079


Tree=94
num_leaves=15
num_cat=0
split_feature=27 28 29 14 23 15 11 28 29 11 20 21 14 7
split_gain=19.4658 31.1908 27.8002 19.4524 28.7168 21.9812 16.9355 22.1215 26.2943 19.3338 15.3691 18.5485 19.1801 27.6731
threshold=-0.49049438536167139 0.6835516393184663 -1.0000000180025095e-35 -9.5073122978210431 1.1180646419525149 3.6969952583312993 0.017397551797330383 -0.47136868536472315 0.87837970256805431 0.064144216477870955 -2.4214835166931148 -8.3033022880554181 -7.2218482494354239 1.5085678696632387
decision_type=2 2 2 2 2 2 2 2 2 2 2 2 2 2
left_child=1 2 3 5 -5 -1 -4 -8 -9 -10 -2 -12 -13 -14
right_child=10 -3 6 4 -6 -7 7 8 9 -11 11 12 13 -15
leaf_value=0.0025259320311495892 0.0013117830612029264 -0.004485006043938324 0.0010458922741671175 0.006137428547122026 0.00023769092860937766 -0.0030762639440730642 0.00019603271381418716 -0.0028085214185987737 0.0029325193072823478 -0.0017909836545469539 0.0034015347459359874 -0.00077717219833754834 0.0021881412649313336 0
leaf_weight=119.56661104038358 1273.2831574361771 196.16745180077851 367.32815625332296 158.74238791130483 203.10006850771606 149.59163307771087 670.83687220513821 1010.3475105911493 158.80588961206377 175.15241962112486 159.71262810193002 2123.5485452841967 723.33674163930118 3009.3092194553465
leaf_count=1592 16486 2900 5318 1904 2700 2080 8975 14572 2314 2435 2390 30856 9104 37128
internal_value=0 -0.000639312 -0.000364866 0.00148651 0.00300887 -0.00044029 -0.000875331 -0.00124819 -0.00199587 0.000351943 0.000304206 8.28344e-05 -5.07783e-06 0.000424038
internal_weight=0 3209.64 3013.47 631.001 361.842 269.158 2382.47 2015.14 1344.31 333.958 7289.19 6015.91 5856.19 3732.65
internal_count=140754 44790 41890 8276 4604 3672 33614 28296 19321 4749 95964 79478 77088 46232
is_linear=0
shrinkage=0.0101079


Tree=95
num_leaves=15
num_cat=0
split_feature=3 0 15 7 20 11 15 6 27 5 13 12 5 14
split_gain=28.2478 30.6616 22.9666 36.5511 25.5555 19.7064 24.207 19.2869 21.8759 19.066 28.4505 22.1481 21.5966 23.6605
threshold=0.46510678529739385 0.70067706704139721 8.0926046371459979 0.1236131899058819 -0.22097761929035184 0.0098053761757910269 11.233857154846193 5.7021572589874276 -0.14132478833198545 2.0244168043136601 0.091556016355752959 0.06359413638710977 0.2630037814378739 -6.7439706325530997
decision_type=2 2 2 2 2 2 2 2 2 2 2 2 2 2
left_child=9 7 3 -3 -4 6 -6 -2 -9 10 12 -11 -1 -14
right_child=1 2 4 -5 5 -7 -8 8 -10 11 -12 -13 13 -15
leaf_value=0.0007355244569887243 -0.0027291879653359771 0 -0.0027717868867429205 0.0029939740995246224 -0.00041622085213725672 -0.00050982526176097563 0.0059946586959514188 -0.0020529569897440249 0.0036876851877689345 -0.0011945777041517413 -0.0029181337782533704 0.0023541661167423675 0.00087534418314030491 0.0043699280935629347
leaf_weight=1799.3078430108726 795.29701181314886 1946.1108920592815 484.38744066096842 526.40422688424587 106.5016478728503 2442.4836587943137 103.13246164657176 145.63883958756924 111.12389828637242 839.09863298200071 152.60019726492465 216.14082075469196 424.6138112321496 441.7553326357156
leaf_count=24984 12499 26324 6071 6622 1414 30487 1213 2237 1654 11304 2128 2387 6376 5364
internal_value=0 -0.000373265 -6.77676e-05 0.000651488 -0.000647844 -0.000237856 0.0026511 -0.00195157 0.000313085 0.000710985 0.00114799 -0.000417913 0.00140358 0.00272615
internal_weight=0 6661.08 5609.02 2472.52 3136.51 2652.12 209.634 1052.06 256.763 3873.52 2818.28 1055.24 2665.68 866.369
internal_count=141064 88521 72131 32946 39185 33114 2627 16390 3891 52543 38852 13691 36724 11740
is_linear=0
shrinkage=0.0101079


Tree=96
num_leaves=15
num_cat=0
split_feature=27 23 13 2 13 21 2 8 27 8 2 5 12 15
split_gain=22.7942 20.1445 35.8766 41.6506 30.1579 15.1023 13.741 16.8787 13.6601 21.0336 13.5568 11.8733 22.1704 19.6434
threshold=-0.49049438536167139 0.88221749663352977 -0.034840341657400124 0.6467820703983308 -0.012805659323930739 -5.1657087802886954 2.1086969375610356 -0.86158224940299977 0.82531082630157482 -0.80467116832733143 1.2500455975532534 5.8404045104980478 0.011539963074028494 6.5132980346679696
decision_type=2 2 2 2 2 2 2 2 2 2 2 2 2 2
left_child=1 2 -1 -4 -5 8 -7 -8 -2 -10 -11 12 13 -3
right_child=5 11 3 4 -6 6 7 -9 9 10 -12 -13 -14 -15
leaf_value=-0.0056393532309085117 0.00062628444326907711 0.00040097081884200164 0.0052081976047807605 0.0023859204538978248 -0.0027861350831674633 9.38115759424953e-07 0 0.0045216495570888715 -0.00023358016412826851 0.0014838655761560495 0.007458482727253005 -0.0017080728560769152 0.0016942202619128226 -0.0022160581453519166
leaf_weight=203.78153667598963 775.23316412977874 703.50399265252054 91.377424186095595 129.79360385611653 562.48682063631713 5939.1085052713752 146.24557504244149 149.41252872720361 98.091890256851912 94.858098100870848 110.51898356340826 405.50066045112908 643.06038930080831 470.65328496322036
leaf_count=2984 10728 10047 910 1907 8313 77590 1809 1951 1291 1528 1259 6038 8336 6355
internal_value=0 -0.000706891 -0.00190601 -0.000838986 -0.00174314 0.000313806 0.000114939 0.00221377 0.00141707 0.00324209 0.00504114 -0.000151326 0.000179551 -0.000621317
internal_weight=0 3210.16 987.439 783.658 692.28 7313.47 6234.77 295.658 1078.7 303.469 205.377 2222.72 1817.22 1174.16
internal_count=141046 44890 14114 11130 10220 96156 81350 3760 14806 4078 2787 30776 24738 16402
is_linear=0
shrinkage=0.0101079


Tree=97
num_leaves=15
num_cat=0
split_feature=27 29 0 21 23 16 13 14 3 0 13 3 17 0
split_gain=20.1268 24.1774 32.4827 23.4352 34.0604 23.8897 18.6578 35.1617 20.5439 17.4106 17.2215 17.7846 27.7268 16.7179
threshold=-0.43245348334312433 -1.0000000180025095e-35 1.01045697927475 -0.37051507830619806 1.1246909499168398 0.24054099619388583 0.059565186500549323 -9.1357831954956037 0.52147465944290172 1.7068298459053042 0.028252332471311096 0.67565980553627025 47.500000000000007 0.66726988554000866
decision_type=2 2 2 2 2 2 2 2 2 2 2 2 2 2
left_child=1 3 6 5 -5 -1 7 -3 -9 -2 11 12 -4 -10
right_child=9 2 10 4 -6 -7 -8 8 13 -11 -12 -13 -14 -15
leaf_value=0.0015274368713715388 0.00024983192561929589 -0.0040763397846411012 0.0053783965816547666 0.0058335698999908798 0 -0.0037034385380828724 -0.0058578467750937712 0.0040295128403775027 -0.0041918691159713948 0.0039721882254831432 -0.0016868397877244647 -0.00024194642455697371 -0.0002196314342227299 6.1667137135095154e-05
leaf_weight=173.40492362901568 6967.2758675608784 391.61818689852953 162.87642603181303 178.11994686722755 207.84947634488344 158.72469142638147 144.56091043911874 92.601344387978315 116.35219525359571 125.17023099586368 502.09564864821732 771.86249802447855 163.44728794135153 322.29890738613904
leaf_count=2289 91597 6183 2327 2242 2790 2078 1715 1078 1893 1606 6330 11465 2260 4616
internal_value=0 -0.0006206 -0.00107068 0.000989286 0.00268679 -0.000880239 -0.00243194 -0.00180813 -2.68908e-05 0.000325429 -0.000130252 0.000551534 0.00251228 -0.00102823
internal_weight=0 3385.81 2667.71 718.099 385.969 332.13 1067.43 922.871 531.252 7092.45 1600.28 1098.19 326.324 438.651
internal_count=140469 47266 37867 9399 5032 4367 15485 13770 7587 93203 22382 16052 4587 6509
is_linear=0
shrinkage=0.0101079


Tree=98
num_leaves=15
num_cat=0
split_feature=3 0 11 18 5 12 21 18 16 21 27 6 7 14
split_gain=19.205 35.8866 19.7957 19.8787 19.2368 20.3119 17.8198 19.9752 22.4764 36.4783 24.226 21.2532 20.1893 17.4991
threshold=0.46510678529739385 0.69085618853569042 0.01106513384729624 60.500000000000007 2.0244168043136601 0.06359413638710977 10.116969585418703 8.5000000000000018 0.40621304512023931 -0.18318530172109601 -0.72982063889503468 0.23603327572345736 -15.372850894927977 -7.6844437122344962
decision_type=2 2 2 2 2 2 2 2 2 2 2 2 2 2
left_child=4 -2 3 -3 6 -6 7 12 11 -10 -11 -9 -1 -12
right_child=1 2 -4 -5 5 -7 -8 8 9 10 13 -13 -14 -15
leaf_value=0.0034094091012798217 -0.0021092209417894422 0.0029042744671845802 -0.00024414661424586721 -0.00061545966057111826 -0.0013213161676586135 0.0020751412567080467 -0.0028346359160939562 0.0014888060019781629 0.0064008683372336625 0.0062387811729577424 -0.0016498108549903748 -0.0020364760408493822 -0.0015818010052836026 0.001687712696385256
leaf_weight=92.411498334258795 986.80517502129078 426.8424134273082 5023.1237675920129 233.15832887403667 836.40683649107814 214.64233402535319 105.53354818560183 445.23396269790828 193.61103433743119 103.24200711771846 173.19458632543683 275.02670101821423 417.08695079758763 986.12821761332452
leaf_count=1315 15568 5554 64499 2935 11299 2395 1422 6681 2558 987 2702 4226 5887 12751
internal_value=0 -0.000337337 -2.01388e-05 0.00160738 0.000558888 -0.000579487 0.00100239 0.00117579 0.00160151 0.00232217 0.00163012 7.98237e-05 -0.000561236 0.00114688
internal_weight=0 6669.93 5683.12 660.001 3842.52 1051.05 2791.47 2685.93 2176.44 1456.18 1262.56 720.261 509.498 1159.32
internal_count=140779 88556 72988 8489 52223 13694 38529 37107 29905 18998 16440 10907 7202 15453
is_linear=0
shrinkage=0.0101079


Tree=99
num_leaves=15
num_cat=0
split_feature=23 2 11 16 27 28 29 2 18 21 10 13 29 28
split_gain=19.461 26.0493 20.8869 21.4435 20.9196 22.2571 17.3864 16.5068 13.5802 13.2918 13.7865 13.6518 25.1231 29.4551
threshold=0.52100190520286571 0.44608741998672491 0.0098053761757910269 0.67085614800453197 -0.47136868536472315 0.41268247365951544 -1.0000000180025095e-35 1.1828986406326296 69.500000000000014 -5.7506365776062003 0.2257611230015755 -0.018844081088900563 0.87837970256805431 0.77296444773674022
decision_type=2 2 2 2 2 2 2 2 2 2 2 2 2 2
left_child=1 -1 3 8 5 -4 -3 -7 -2 10 -6 12 13 -11
right_child=2 6 4 -5 9 7 -8 -9 -10 11 -12 -13 -14 -15
leaf_value=0.0030017939374857232 0.0015122217902792882 0.0011201767602327267 -0.00019778426324758609 0.0043137453425122511 0.0023341682474691322 -0.00013531592108737342 -0.0025087040903383146 -0.0038598250343014479 -0.0019083794350612177 -0.0026423952817463932 -0.00057617486989803267 0.00045521194531319362 0.0025352032589963866 0.0021229953908949153
leaf_weight=114.4835217371583 456.45747118256986 142.25699568726122 2330.7480400558561 230.82065667770803 622.05689719691873 225.54484366253018 756.17173397913575 335.20999301411211 144.22753339260817 635.87431285902858 194.90116476081312 3993.3113556373864 164.9698705598712 151.33074883557856
leaf_count=1588 6179 2007 31817 2876 8534 3020 10825 5334 2190 9084 2399 50549 2260 2055
internal_value=0 -0.00127451 0.000192963 0.00171679 4.04878e-05 -0.000654801 -0.00188481 -0.00245495 0.000610704 0.000396796 0.00159183 0.00018906 -0.000879699 -0.00166376
internal_weight=0 1012.91 9485.45 831.506 8653.95 2891.5 898.429 560.755 600.685 5762.44 816.958 4945.49 952.175 787.205
internal_count=140717 14420 126297 11245 115052 40171 12832 8354 8369 74881 10933 63948 13399 11139
is_linear=0
shrinkage=0.0101079


Tree=100
num_leaves=15
num_cat=0
split_feature=11 2 3 22 23 5 12 18 3 16 30 28 20 18
split_gain=16.7674 35.2886 21.0993 27.1394 20.4395 16.4808 18.9683 18.3961 15.8848 20.3317 30.9622 21.6253 21.0467 17.678
threshold=0.016997188329696659 1.4910529255867007 0.46510678529739385 0.29893212020397192 1.2631909251213076 2.0244168043136601 0.06359413638710977 8.5000000000000018 0.69419643282890331 0.66743952035903942 -0.56174489110708226 -0.24825246632099149 1.4201023578643801 24.500000000000004
decision_type=2 2 2 2 2 2 2 2 2 2 2 2 2 2
left_child=1 8 5 -4 -3 7 -7 -2 9 10 11 -1 -11 -10
right_child=2 4 3 -5 -6 6 -8 -9 13 12 -12 -13 -14 -15
leaf_value=0.0003703640825813983 -0.00085147109348209318 0.0068119534400583092 -0.0010264882333821351 0.0004997871454097962 0.00030761622303182004 -0.001398226365790079 0.0019583051678431725 0.001323549935830787 0.0014321169887326188 0.00047507722108878581 0.0019114225729186254 -0.0051058713397410267 0.0063863871148008358 -0.0026020452669071824
leaf_weight=117.84519715234637 463.08853456936777 145.32093575969338 3705.4712280258536 1705.8366916030645 94.197952164337039 758.17306764423847 207.01883082836866 2048.4604453481734 151.83660170994699 150.60187768004835 385.50450569950044 142.75618940778077 122.48255341872573 305.4513090737164
leaf_count=1605 6568 2042 49459 22328 1221 10175 2295 27774 1877 1951 5523 2193 1529 4213
internal_value=0 0.000976298 -0.000139896 -0.000537852 0.00450629 0.000467694 -0.000626956 0.000905071 0.000311329 0.00109751 4.59789e-05 -0.00253843 0.00337221 -0.00117392
internal_weight=0 1616 8888.05 5411.31 239.519 3476.74 965.192 2511.55 1376.48 919.19 646.106 260.601 273.084 457.288
internal_count=140753 22154 118599 71787 3263 46812 12470 34342 18891 12801 9321 3798 3480 6090
is_linear=0
shrinkage=0.0101079


Tree=101
num_leaves=15
num_cat=0
split_feature=21 14 22 21 16 33 20 14 27 10 29 29 2 2
split_gain=16.7794 30.5605 34.3256 20.4151 19.1012 29.8378 18.6858 23.9547 26.1267 17.1483 15.7306 17.6636 21.3013 15.5164
threshold=7.3447923660278329 -7.4218657016754142 -0.69698655605316151 -8.9196057319641096 0.95595252513885509 0.99736112356185924 -0.70491406321525563 -1.9611937403678892 0.79989895224571239 0.029135857708752159 -1.0000000180025095e-35 0.6078576147556306 0.75932949781417858 0.77288460731506359
decision_type=2 2 2 2 2 10 2 2 2 2 2 2 2 2
left_child=1 2 3 -1 5 -2 9 13 -9 -3 -5 -12 -13 -8
right_child=4 6 -4 10 -6 -7 7 8 -10 -11 11 12 -14 -15
leaf_value=0.0015311533986053054 0.00064595174553379027 0.0016463799491084423 -4.8697280717724864e-06 0 0.00057161313948362474 -0.002596812142551308 0.0024860203336913409 0.00038610812995238883 -0.004925486716017456 -0.0016592916794980295 -0.0050433318146923638 0.00144574090901731 -0.0036791296767399932 0.00082207896790650978
leaf_weight=113.23489081114531 389.23690898343921 214.44564115256071 3964.415428634733 145.31221724301577 550.46540974825621 935.18297177925706 1060.828508766368 360.27940515801311 115.43984521366656 514.58191172406077 343.94120631925762 128.39794023148715 180.39691473171115 1490.1317742392421
leaf_count=1753 9572 2662 56423 1940 6115 8035 13539 4076 1328 6399 5141 1906 2524 19443
internal_value=0 9.9102e-05 -0.00042314 -0.00218354 -0.000951886 -0.00161514 0.000787326 0.00114156 -0.000876461 -0.000624959 -0.0027704 -0.00343478 -0.00143673 0.00153522
internal_weight=0 8631.41 4875.7 911.283 1874.89 1324.42 3755.71 3026.68 475.719 729.028 798.048 652.736 308.795 2550.96
internal_count=140856 117134 69687 13264 23722 17607 47447 38386 5404 9061 11511 9571 4430 32982
is_linear=0
shrinkage=0.0101079


Tree=102
num_leaves=15
num_cat=0
split_feature=3 23 29 27 11 3 11 13 13 5 13 12 5 13
split_gain=18.2804 28.2359 26.9256 39.4223 20.4773 19.4218 17.7358 17.1825 46.5137 15.4787 26.9484 21.0784 17.7799 20.8393
threshold=0.46510678529739385 0.8445686697959901 1.0000000180025095e-35 -1.0000000180025095e-35 0.011914033908396961 0.52705880999565136 0.061843808740377433 -0.036805037409067147 0.039197824895381934 2.0244168043136601 0.091556016355752959 0.062651325017213835 0.34040242433547979 0.014354005921632053
decision_type=2 2 2 2 2 2 2 2 2 2 2 2 2 2
left_child=9 2 6 -4 -3 -5 -2 -8 -9 10 12 -11 -1 -14
right_child=1 4 3 5 -6 -7 7 8 -10 11 -12 -13 13 -15
leaf_value=0.00063334622818359552 -0.0008829795031750563 0.002075574806702782 -0.0036992503571260365 -0.0027502758348227694 -6.2286772004366365e-05 0.00091226178276224005 -0.001177038653814176 0.0079982559208337557 -0.0005182407476198702 -0.0012205778291580122 -0.0030225371001245086 0.0022509350328394975 0.00079559446610368977 0.004169971177635368
leaf_weight=1835.3571702241898 648.53190108388662 509.00168666429818 728.02849219553173 208.95922055095434 3767.1707699708641 444.92387217283249 102.73990472592413 111.51867930032313 125.65193725563586 820.5858479551971 150.08501936681569 215.37638899870217 430.77648525126278 389.13175394572318
leaf_count=25455 8543 6686 10760 2603 49691 5836 1444 1359 1637 11150 2115 2449 6419 4695
internal_value=0 -0.000296566 -0.00118192 -0.00209006 0.000185978 -0.00021517 5.33495e-05 0.0019365 0.00344534 0.000578186 0.00097204 -0.00044886 0.00122105 0.00246971
internal_weight=0 6646.53 2370.35 1381.91 4276.17 653.883 988.442 339.911 237.171 3841.31 2805.35 1035.96 2655.27 819.908
internal_count=140842 88559 32182 19199 56377 8439 12983 4440 2996 52283 38684 13599 36569 11114
is_linear=0
shrinkage=0.0101079


Tree=103
num_leaves=15
num_cat=0
split_feature=27 28 11 15 21 22 14 15 2 20 12 30 28 33
split_gain=17.6266 26.7536 13.7147 18.3665 15.2073 13.2937 23.6917 27.5897 24.0134 13.1945 29.3776 18.8439 23.868 19.4825
threshold=-0.49049438536167139 0.6835516393184663 0.017397551797330383 11.233857154846193 -2.9364731311798091 -0.13918258994817731 -10.785817623138426 2.8638246059417729 0.84422367811203014 0.81999310851097118 0.065665658563375487 -0.56174489110708226 -0.89194178581237782 0.99736112356185924
decision_type=2 2 2 2 2 2 2 2 2 2 2 2 2 10
left_child=1 2 3 4 -1 6 7 -4 -8 -2 11 12 -11 -14
right_child=9 -3 5 -5 -6 -7 8 -9 -10 10 -12 -13 13 -15
leaf_value=0.0033911032561403046 0.00070556951365174903 -0.00417346462794696 0.00023120015418415655 0.005126695454062349 -0.0010886861665799245 1.779644323005577e-05 0.0025673846419715508 -0.0053120631232970372 -0.0014064866127762245 0.0008818118044305888 0.001101405416054744 -7.0283874543800677e-05 -0.00015262243408070811 -0.0041887335601613739
leaf_weight=99.810507433488965 4008.8101227618754 193.1443056575954 118.56334713101387 91.009926145896316 262.78105753287673 1381.6631085518748 197.22928072884679 257.92165856435895 603.86961492523551 191.79009551182389 1189.7259497977793 1276.3635432627052 198.74208579957485 437.51238879933953
leaf_count=1356 53936 2903 1955 1265 3937 19052 2106 3800 8450 2541 14011 16492 5011 3970
internal_value=0 -0.000582558 -0.000328984 0.0012481 7.95633e-05 -0.000627163 -0.00141331 -0.00349103 -0.000363053 0.000314842 -0.000148922 -0.000876394 -0.0020585 -0.00300765
internal_weight=0 3205.99 3012.85 453.601 362.592 2559.25 1177.58 376.485 801.099 7302.94 3294.13 2104.41 828.045 636.254
internal_count=140785 44824 41921 6558 5293 35363 16311 5755 10556 95961 42025 28014 11522 8981
is_linear=0
shrinkage=0.0101079


Tree=104
num_leaves=15
num_cat=0
split_feature=27 29 0 13 22 29 23 3 2 2 13 3 17 12
split_gain=20.7899 26.944 34.3135 24.7626 30.6185 16.0383 16.5228 19.0456 18.7707 15.496 14.6427 16.1861 20.1399 16.162
threshold=-0.47136868536472315 -1.0000000180025095e-35 0.98144355416297924 -0.035472854971885674 -0.47848118841648096 -0.60785761475563038 0.52663123607635509 0.26839508116245275 0.78231889009475719 0.66524720191955578 0.027746519073843959 0.66845530271530162 49.500000000000007 0.0077080279588699349
decision_type=2 2 2 2 2 2 2 2 2 2 2 2 2 2
left_child=1 3 9 -1 -5 -2 7 -7 -9 -3 11 12 -4 -12
right_child=5 2 10 4 -6 6 -8 8 -10 -11 13 -13 -14 -15
leaf_value=-0.0027985817493118544 0.0035327337750156356 0.00031035177585593754 0.0049044605125609575 0.0057517212492121149 0.0004268376932199212 0.0024070423732781314 0.0004089829794995159 0 -0.0032282685340459878 -0.0031504911528439736 -0.0046084548157917958 -0.0003024374753649409 0 -0.00042885895889325913
leaf_weight=123.31333928182721 147.36323762498796 130.33254283294082 151.43765597976744 153.92232102714479 415.36349343508482 121.71015847846866 6206.9637909326702 359.44775446504354 386.71814481541514 843.05718330480158 131.92827524244785 797.51375847682357 151.39502579346299 384.32815030030906
leaf_count=1519 1842 1368 2116 1963 5617 1971 80679 4919 5483 12804 1701 11855 2070 4830
internal_value=0 -0.000670997 -0.00115164 0.00106151 0.00199381 0.000298156 0.000221329 -0.00106636 -0.00170528 -0.00264701 -0.000218111 0.000412455 0.00238673 -0.00162583
internal_weight=0 3282.59 2589.99 692.599 569.286 7222.2 7074.84 867.876 746.166 973.39 1616.6 1100.35 302.833 516.256
internal_count=140737 45843 36744 9099 7580 94894 93052 12373 10402 14172 22572 16041 4186 6531
is_linear=0
shrinkage=0.0101079


Tree=105
num_leaves=15
num_cat=0
split_feature=3 0 5 12 17 15 14 20 29 11 15 18 0 5
split_gain=23.3654 28.5847 22.7642 22.2228 21.2563 20.3022 22.6421 28.0269 20.7882 19.8956 22.4466 19.9233 18.6923 19.2003
threshold=0.46510678529739385 0.67413902282714855 2.0244168043136601 0.06359413638710977 29.500000000000004 19.282547950744632 -8.021692752838133 -0.60402160882949818 0.6078576147556306 0.011914033908396961 11.403320312500002 35.500000000000007 1.863761365413666 6.8988881111145028
decision_type=2 2 2 2 2 2 2 2 2 2 2 2 2 2
left_child=2 4 5 -4 -2 6 -1 8 -8 10 11 -3 13 -11
right_child=1 9 3 -5 -6 -7 7 -9 -10 12 -12 -13 -14 -15
leaf_value=0.00055044705010371883 0.00081438427950955973 0.0022569914289852469 -0.0013909386461067653 0.0021577563378895525 -0.0028598964351935169 -0.00082820379056094517 0.0022423221115233892 0.0039427086078626878 -0.0022448601285057104 -0.00026482089110158193 0.0050569807520322949 -0.0013690064421859329 0.0016492794270727448 -0.0022473127941850936
leaf_weight=1320.2168857306242 184.07203102111816 315.21505162119865 837.96104719117284 215.36408677510917 701.09950771555305 437.82081645354629 266.05743393115699 627.64795361086726 158.95964556932449 4023.4120552130044 136.48549152351916 278.73944986984134 428.30617456138134 576.72768769226968
leaf_count=19592 2527 4006 11327 2396 11681 5908 3197 7860 2119 50649 1594 3802 6873 7306
internal_value=0 -0.000364813 0.000622844 -0.000616894 -0.00205004 0.00110222 0.00147693 0.00258838 0.00046048 -9.63911e-05 0.00144352 0.000492232 -0.000329971 -0.000525469
internal_weight=0 6644.06 3864.03 1053.33 885.172 2810.7 2372.88 1052.67 425.017 5758.89 730.44 593.955 5028.45 4600.14
internal_count=140837 88438 52399 13723 14208 38676 32768 13176 5316 74230 9402 7808 64828 57955
is_linear=0
shrinkage=0.0101079


Tree=106
num_leaves=15
num_cat=0
split_feature=29 23 2 27 28 2 17 21 12 8 29 14 23 13
split_gain=18.2197 24.0394 27.2045 16.2089 23.7185 21.135 20.1508 30.3311 24.5249 21.0639 18.4302 22.3741 20.6711 14.7091
threshold=-0.60785761475563038 0.52100190520286571 0.59945285320281994 -0.43245348334312433 0.45201864838600164 1.2500455975532534 50.500000000000007 5.8522338867187509 0.038371780887246139 -1.870671212673187 1.0000000180025095e-35 -2.4574012756347652 1.2742406129837038 0.010117247700691225
decision_type=2 2 2 2 2 2 2 2 2 2 2 2 2 2
left_child=-1 2 -2 4 6 13 7 8 -3 -10 11 -9 -12 -6
right_child=1 3 -4 -5 5 -7 -8 10 9 -11 12 -13 -14 -15
leaf_value=0.0033063148215640103 0.00089469506070783875 0.00059279683982448104 -0.0027217197415800348 0.00034933557197373616 -0.0025721333480451009 -0.0042601103152272394 -0.0011777940120789572 -0.0020312061526859696 0.00023665167099768541 0.0063336966701035323 -0.0052549952436135878 0.0036981182223650749 -0.00045660462547577653 0.0020477204808323707
leaf_weight=153.81681387685239 281.73837585002184 614.6940983440727 683.09536676853895 6158.958648076281 133.87484983727336 293.00016372837126 1102.1609033029526 112.53955079056323 105.8829553257674 177.96846569515765 147.54557532258332 144.72534214705229 282.02505808882415 129.15339764393866
leaf_count=1937 3917 8430 9866 80050 1969 4834 15529 1501 1526 2340 1962 1829 3705 1577
internal_value=0 -0.000111338 -0.00162532 4.09068e-05 -0.000531733 -0.00242097 -0.000120092 0.000591923 0.00182339 0.00426405 -0.000963146 0.00105265 -0.00226032 -0.000160267
internal_weight=0 10367.4 964.834 9402.53 3243.57 556.028 2687.54 1585.38 898.546 283.851 686.836 257.265 429.571 263.028
internal_count=140972 139035 13783 125252 45202 8380 36822 21293 12296 3866 8997 3330 5667 3546
is_linear=0
shrinkage=0.0101079


Tree=107
num_leaves=15
num_cat=0
split_feature=29 23 2 11 16 27 29 3 21 29 3 27 20 15
split_gain=20.0527 17.2152 26.4806 18.3971 18.4382 16.5892 19.9246 21.967 18.1233 17.559 16.3551 15.1357 15.0459 28.0356
threshold=-0.60785761475563038 0.51552650332450878 0.44608741998672491 0.011914033908396961 0.70655009150505077 -0.71473535895347584 -1.0000000180025095e-35 0.54472777247428905 -5.1657087802886954 0.87837970256805431 0.39648534357547766 -0.92794367671012867 -0.28580431640148157 8.304594039916994
decision_type=2 2 2 2 2 2 2 2 2 2 2 2 2 2
left_child=-1 2 -2 4 -3 6 7 -5 -7 12 -4 -11 -8 -14
right_child=1 3 10 5 -6 8 9 -9 -10 11 -12 -13 13 -15
leaf_value=0.003542175723051765 0.0029775663168448699 0.00056187234779529543 0 0.0047296088429727772 0.003946841891366468 0.0014022094915325119 -0.0032436850184131712 -0.00018166286433067753 -5.6579878671737978e-05 0.0022328399306997494 -0.003020798674438256 -0.0014573534191815224 0.0037861523320782786 -0.0017263240245956085
leaf_weight=152.79441194236279 111.63229271024466 785.95440491102636 274.70300312712789 110.94561138935387 216.90738331712782 1027.9422945231199 542.15033286251128 367.59104129113257 5180.1901945397258 219.63855795376003 548.0961595159024 210.74488699994981 98.929063877090812 663.3487324565649
leaf_count=1908 1528 10885 3746 971 2759 13967 8144 5234 67172 3098 8010 3075 1380 9051
internal_value=0 -5.88327e-05 -0.00136375 6.72563e-05 0.00135836 -8.27795e-05 -0.000835813 0.000930057 0.000179876 -0.0013481 -0.00202348 0.000339504 -0.00193451 -0.000927867
internal_weight=0 10358.8 934.431 9424.34 1002.86 8421.48 2213.35 478.537 6208.13 1734.81 822.799 430.383 1304.43 762.278
internal_count=140928 139020 13284 125736 13644 112092 30953 6205 81139 24748 11756 6173 18575 10431
is_linear=0
shrinkage=0.0101079


Tree=108
num_leaves=15
num_cat=0
split_feature=29 23 2 11 16 15 10 13 29 22 18 7 30 29
split_gain=21.0825 21.9305 27.9919 14.9557 27.0271 15.9102 30.4051 20.261 40.5611 26.8755 28.9054 18.9746 18.544 17.2261
threshold=-0.60785761475563038 0.52100190520286571 0.59945285320281994 0.011914033908396961 0.67085614800453197 2.7877768278121953 0.17062105238437655 -0.021471965126693245 0.87837970256805431 -0.34541411697864527 57.500000000000007 -6.4189774990081778 1.0000000180025095e-35 0.6078576147556306
decision_type=2 2 2 2 2 2 2 2 2 2 2 2 2 2
left_child=-1 2 -2 4 -3 6 -5 8 9 -7 -11 -9 -12 -13
right_child=1 3 -4 5 -6 7 -8 11 -10 10 12 13 -14 -15
leaf_value=0.0036384028099868027 0.0010506514614351864 0.00016098137771627984 -0.0026294198592674168 0.0028928004157171843 0.0039061483489275656 -0.0034777099991313899 -0.0006799046044618669 0.0024820311852238766 0.002297391235300642 -0.0020569993800188704 -0.00061934959195666624 0.00039503818776678097 0.0045860330623440091 -0.00074385002079250346
leaf_weight=152.26686887815595 281.21859737113118 732.97988002188504 679.47418332844973 495.88835225440562 275.30880450457335 625.58029531128705 438.80385326780379 305.48260340839624 262.03467417135835 457.63737097755075 109.9560729265213 3238.8336012270302 136.26648826152086 2309.7749145701528
leaf_count=1910 3909 10194 9826 7360 3490 8514 6165 4167 3676 6353 1658 41799 1838 30038
internal_value=0 -5.99558e-05 -0.00151056 8.5275e-05 0.00124511 -5.04509e-05 0.00118065 -0.000211483 -0.00122103 -0.00195396 -0.000519981 5.7293e-05 0.00215319 -7.21399e-05
internal_weight=0 10349.2 960.693 9388.55 1008.29 8380.26 934.692 7445.57 1591.47 1329.44 703.86 5854.09 246.223 5548.61
internal_count=140897 138987 13735 125252 13684 111568 13525 98043 22039 18363 9849 76004 3496 71837
is_linear=0
shrinkage=0.0101079


Tree=109
num_leaves=15
num_cat=0
split_feature=21 14 22 15 3 30 13 7 22 13 27 20 14 27
split_gain=15.8534 29.8117 31.6842 29.7195 32.489 25.2622 29.7466 30.6354 22.4116 21.4053 21.2997 20.6268 27.4846 25.1943
threshold=7.3447923660278329 -7.4218657016754142 0.091058060526847853 2.9364565610885625 0.66569748520851146 -0.56174489110708226 -0.077821925282478319 -11.486811161041258 -0.71056026220321644 -0.021471965126693245 0.50938662886619579 -0.70491406321525563 -1.9611937403678892 0.79989895224571239
decision_type=2 2 2 2 2 2 2 2 2 2 2 2 2 2
left_child=1 2 3 4 -1 9 -7 -8 -9 -5 -11 -3 -13 -14
right_child=-2 11 -4 5 -6 6 7 8 -10 10 -12 12 13 -15
leaf_value=0.0029349448331200938 -0.00087367840927608776 -0.00065567813941952002 0.00077275875207119635 -0.0041239994270615248 -0.0015785586402198406 0.0038926240414898063 -0.0044994896712348149 -0.0024160839191659546 0.00041622930465535276 -0.0028679515711733826 0.0014488068950328156 0.0016230610724813871 0.00028686656578502098 -0.004879506942111542
leaf_weight=367.94061744213104 1872.1570557970554 730.52385884895921 1624.5381183549762 523.98547061905265 269.17081614024937 125.73114596121013 218.55088491737843 396.28037559054792 918.72433156520128 256.8593471236527 189.29322019033134 2551.61900662072 362.82014706172049 117.8307594563812
leaf_count=5804 23776 9067 22180 7554 4032 1731 3304 5701 12833 4016 2667 32915 4136 1364
internal_value=0 0.000149569 -0.000364874 -0.000943502 0.000969125 -0.00142375 -0.000628937 -0.00104336 -0.000415694 -0.00272624 -0.000953632 0.000828395 0.0012 -0.000953196
internal_weight=0 8653.87 4891.07 3266.54 637.111 2629.42 1659.29 1533.56 1315 970.138 446.153 3762.79 3032.27 480.651
internal_count=141080 117304 69822 47642 9836 37806 23569 21838 18534 14237 6683 47482 38415 5500
is_linear=0
shrinkage=0.0101079


Tree=110
num_leaves=15
num_cat=0
split_feature=29 22 14 16 29 21 22 7 21 15 5 31 14 18
split_gain=16.8581 16.5287 31.3737 33.53 31.6892 25.8694 25.4316 20.4922 18.817 21.3289 17.0987 14.6809 19.673 17.6216
threshold=-0.60785761475563038 -0.39819423854351038 -7.4218657016754142 0.11859390512108804 1.0000000180025095e-35 8.6306977272033709 -0.93200686573982228 14.507936954498293 6.2653696537017831 22.575154304504398 -5.209418296813964 1.0000000180025095e-35 -1.9611937403678892 76.500000000000014
decision_type=2 2 2 2 2 2 2 2 2 2 2 2 2 2
left_child=-1 2 3 -2 6 7 -4 11 -3 -10 -5 12 13 -6
right_child=1 8 4 10 5 -7 -8 -9 9 -11 -12 -13 -14 -15
leaf_value=0.0032639449415211891 0.0019852403922324562 0.00060440269214778492 0.0051370581096315589 0.0014795077026063183 -0.0019163585058176425 -0.0033726559896767277 0.00079241845419299509 0.0041090779998119026 -0.0016411038156576654 0.00081675755454744582 -0.0023151862330333668 0.0018600695969787145 -0.0050994032910828199 0.0013070985560558772
leaf_weight=153.89977881126106 229.27901599369943 4824.0696408562362 182.74915002658963 113.36165689304471 359.63996337167919 275.12150236591697 633.65331669710577 106.68718899786472 922.41897131316364 558.6203480605036 1515.4913015030324 208.4054898172617 101.41011455468833 309.94101610034704
leaf_count=1943 3858 65121 2304 1591 4884 3517 7742 1274 11491 7296 21859 2371 1138 4363
internal_value=0 -2.49948e-05 -0.000533127 -0.00149857 0.000274501 -0.000647496 0.00185267 2.45183e-05 0.000294084 -0.000687405 -0.00202067 -0.000407722 -0.00108496 -0.000366542
internal_weight=0 10340.8 4035.74 1858.13 2177.61 1361.21 816.402 1086.08 6305.11 1481.04 1628.85 979.397 770.991 669.581
internal_count=140752 138809 54901 27308 27593 17547 10046 14030 83908 18787 23450 12756 10385 9247
is_linear=0
shrinkage=0.0101079


Tree=111
num_leaves=15
num_cat=0
split_feature=23 2 11 2 27 29 22 13 22 21 4 23 7 6
split_gain=16.219 15.7914 15.6935 17.5923 15.2553 25.6088 33.15 20.121 28.8352 15.5183 14.2916 14.1844 12.9272 12.7816
threshold=0.4441154301166535 0.7778034806251527 0.0098053761757910269 1.4910529255867007 -0.47136868536472315 -1.0000000180025095e-35 -0.36632765829563135 -0.035472854971885674 -0.39819423854351038 -5.2782771587371817 1.6194702386856081 0.83825945854187023 5.5863699913024911 -6.1877453327178946
decision_type=2 2 2 2 2 2 2 2 2 2 2 2 2 2
left_child=1 12 3 11 5 7 10 -4 -9 -6 -7 -2 -1 -11
right_child=2 -3 4 -5 9 6 -8 8 -10 13 -12 -13 -14 -15
leaf_value=-0.0017275444053739119 -0.00070480448636553981 -0.0032949862427411004 -0.0023768677157291278 0.0047439162396605708 0.0014329787659555816 -0.003243772868184037 -0.00016916623335988992 0.0055788669893875381 0.00030118798582311467 -0.002587360146271301 0.00016730217735380867 0.0020119034848783443 0.0025690492490200844 0.00013321303505658776
leaf_weight=163.79457182064652 347.53876119107008 285.19857642240822 116.94918227009475 131.16516270488501 960.89631199836731 728.24883300065994 1462.9625987038016 156.12329229339957 353.65780497528613 174.91156516782939 123.67431759089231 396.38185149244964 114.96583040058613 4960.5545050036162
leaf_count=2448 4936 3951 1481 1751 13081 10850 20444 1914 4773 2345 1627 5244 1307 64333
internal_value=0 -0.00165514 9.58895e-05 0.00138318 -2.53346e-05 -0.000626284 -0.00112543 0.00114489 0.00205423 0.000258421 -0.00270438 0.000694579 0 2.89751e-05
internal_weight=0 563.959 9913.06 875.086 9037.98 2941.62 2314.89 626.73 509.781 6096.36 851.923 743.921 278.76 5135.47
internal_count=140485 7706 132779 11931 120848 41089 32921 8168 6687 79759 12477 10180 3755 66678
is_linear=0
shrinkage=0.0101079


Tree=112
num_leaves=15
num_cat=0
split_feature=29 23 3 27 28 5 17 3 10 15 14 15 9 14
split_gain=21.348 19.6221 26.4644 17.8398 23.3333 15.8029 22.6549 15.5159 14.744 11.9747 13.7854 11.6283 11.5918 15.1508
threshold=-0.60785761475563038 0.52100190520286571 0.47620494663715368 -0.43245348334312433 0.43245348334312445 5.3785047531127939 49.500000000000007 0.8448142707347871 0.23427317291498187 17.695416450500492 -7.2884802818298331 9.1722073554992694 0.27151070535182958 -17.624480247497555
decision_type=2 2 2 2 2 2 2 2 2 2 2 2 2 2
left_child=-1 2 -2 4 5 6 9 12 -9 10 11 -3 13 -5
right_child=1 3 -4 7 -6 -7 -8 8 -10 -11 -12 -13 -14 -15
leaf_value=0.0036482291435641977 5.6779074627949775e-05 0.0013801136600442678 -0.0032134118076515648 0.0025102178312141582 -0.0023539685442844349 -0.0017272676359318957 -0.00076156968278208513 0.0034338493855714382 -0.00050742090315181155 -0.00065650668399182266 0.0031549119753678735 -0.0024952067506645221 -0.00042168552904588467 0.00034307326921654213
leaf_weight=153.40997376665473 516.83101208694279 348.24244908243418 446.46455157548189 366.68662793561816 578.89904347062111 496.43274196796119 1069.1614749375731 304.019595393911 114.18327550403774 220.19539061933756 421.11207693256438 89.826459975913167 1741.9081399142742 3649.8454430457205
leaf_count=1925 7101 4997 6748 5905 8785 7091 14999 3466 1220 2574 5344 1288 22342 47309
internal_value=0 -6.02862e-05 -0.00143051 7.68665e-05 -0.000526484 -0.000105617 0.000255081 0.000398592 0.00227284 0.00129764 0.00184656 0.000465489 0.000252624 0.000555371
internal_weight=0 10363.8 963.296 9400.51 3223.87 2644.97 2148.54 6176.64 418.203 1079.38 859.181 438.069 5758.44 4016.53
internal_count=141094 139169 13849 125320 45078 36293 29202 80242 4686 14203 11629 6285 75556 53214
is_linear=0
shrinkage=0.0101079


Tree=113
num_leaves=15
num_cat=0
split_feature=23 2 29 3 0 15 14 14 7 6 31 15 13 3
split_gain=16.5898 22.319 19.9431 14.1448 25.6677 24.0409 22.2239 31.8972 30.2621 20.7183 19.8311 19.0512 45.4231 21.1574
threshold=0.52100190520286571 0.60397043824195873 -1.0000000180025095e-35 0.58187785744667064 1.3070724606513979 2.7153773307800297 -2.0739277601242061 -5.6287076473236075 -0.24281068891286847 9.6386332511901873 1.0000000180025095e-35 7.7621428966522226 0.018019239418208603 0.62077736854553234
decision_type=2 2 2 2 2 2 2 2 2 2 2 2 2 2
left_child=1 -1 -3 5 6 -2 7 11 -9 -7 -10 12 13 -5
right_child=3 2 -4 4 -6 9 -8 8 10 -11 -12 -13 -14 -15
leaf_value=0.0010222941378083103 0.0029142353218601261 0.0013179347385693101 -0.0029676566417692991 0.002245128485983548 0.00081115615474051158 0.00012394777754574126 -0.002777523920210643 0.005350526743437843 -0.00078999990392808949 0.0035789912554843881 0.0030768737786252931 -0.0030343591382313759 0.0058495431587017085 -0.0016858389688326836
leaf_weight=286.87833093479276 378.00087004713714 116.55505762994289 602.34333802387118 147.57548159733415 1394.5772401914001 4554.2436858359724 501.53416700847447 140.35352952033281 482.06836376152933 178.85087192617357 177.27486850135028 439.45845875702798 95.00700750015676 1001.627593582496
leaf_count=4011 5653 1615 8785 1979 19518 59908 5766 1656 6461 1856 2104 6372 1148 14044
internal_value=0 -0.00124772 -0.00221054 0.000112233 -0.000303427 0.000476228 -0.000838446 -0.000423266 0.00120629 0.000268599 0.000212263 -0.00122316 -0.000536487 -0.00113455
internal_weight=0 1005.78 718.898 9490.57 4379.48 5111.1 2984.9 2483.37 799.697 4733.09 659.343 1683.67 1244.21 1149.2
internal_count=140876 14411 10400 126465 59048 67417 39530 33764 10221 61764 8565 23543 17171 16023
is_linear=0
shrinkage=0.0101079


Tree=114
num_leaves=15
num_cat=0
split_feature=23 2 29 27 21 10 7 22 2 8 21 30 2 11
split_gain=15.9727 26.873 21.7099 15.8634 17.0103 13.8194 13.601 17.8846 15.4171 19.8473 13.5457 18.259 25.7909 24.0101
threshold=0.52100190520286571 0.60397043824195873 -1.0000000180025095e-35 -0.49049438536167139 -5.7506365776062003 0.21610252559185031 -11.276940822601317 -0.33487616479396815 2.1086969375610356 -0.71213704347610463 9.4000406265258807 1.0000000180025095e-35 0.52549400925636303 0.066978663206100478
decision_type=2 2 2 2 2 2 2 2 2 2 2 2 2 2
left_child=1 -1 -3 -2 5 -5 7 -6 10 -10 11 -8 -13 -14
right_child=3 2 -4 4 6 -7 8 -9 9 -11 -12 12 13 -15
leaf_value=0.0012929420826532127 -0.00044449431667689562 0.0013715172624211135 -0.003055907681870096 0.0025459934487518502 -0.0046301873959852524 -0.00018975967569790104 -0.00014654939552996075 0.0002309869525120232 0 0.0053245249330315528 -0.0013752631112934461 0.004140357555117033 -4.2983754943825104e-05 0.0027507087432065095
leaf_weight=291.21983490139246 3074.1197657641023 120.53940138034523 598.14994909800589 621.99784055165946 125.76451665908098 230.17452814057469 2633.7847652453929 147.99597037769854 147.2576477508992 134.12056447565556 483.24149577878416 251.25677312165499 1213.5982680656016 404.19024430401623
leaf_count=4054 43034 1663 8734 8481 1781 2826 34645 2376 1812 1741 5509 3407 15524 4965
internal_value=0 -0.0011872 -0.00225097 0.000145009 0.000434977 0.00176483 0.000221017 -0.00192331 0.000342761 0.0026247 0.00020206 0.000382357 0.00114682 0.000639719
internal_weight=0 1009.91 718.689 9467.5 6393.38 852.172 5541.21 273.76 5267.45 281.378 4986.07 4502.83 1869.05 1617.79
internal_count=140552 14451 10397 126101 83067 11307 71760 4157 67603 3553 64050 58541 23896 20489
is_linear=0
shrinkage=0.0101079


Tree=115
num_leaves=15
num_cat=0
split_feature=11 2 27 27 20 18 3 22 15 13 16 2 23 2
split_gain=16.9957 28.9619 18.5337 16.9104 31.7545 30.8855 17.662 26.3636 20.9821 20.7991 36.8682 19.4872 17.0556 16.5949
threshold=0.016997188329696659 1.4910529255867007 -0.2693240344524383 0.88186877965927135 1.0943508744239809 59.500000000000007 0.40188574790954595 0.35564601421356207 8.947242736816408 -0.027014911174774166 0.11859390512108804 1.1554892659187319 0.62407550215721141 1.147766172885895
decision_type=2 2 2 2 2 2 2 2 2 2 2 2 2 2
left_child=1 -1 -3 6 -5 -6 13 9 -9 10 -8 -11 -13 -2
right_child=3 2 -4 4 5 -7 7 8 -10 11 -12 12 -14 -15
leaf_value=0.00034887301072058727 9.3886042959493549e-05 0.0013311412243770106 0.0074421710772837792 0.0020501176008121029 -0.004181473159973954 0.00056852916519846918 0.00091965802669514009 0.0016753565180625902 -0.00059777859139753553 8.9531042590696466e-05 -0.0036857753496855076 -0.0042538917648634262 -0.001026119992518612 0.0030801907717233749
leaf_weight=1379.6779234390706 1681.5920230206102 143.99467564187944 99.061957720667124 874.47481914237142 194.19630443863571 416.90599455870688 220.57549167796969 730.17523251846433 908.97728459909558 1506.668518031016 663.28268557786942 203.23497443832457 1252.1072343923151 212.01015200838447
leaf_count=18902 22562 2296 993 11701 2432 5200 3511 9774 11827 19119 8892 3176 17320 2887
internal_value=0 0.000957372 0.0041341 -0.000165288 0.000807552 -0.000908435 -0.00036727 -0.000660679 0.000393289 -0.00112029 -0.00249298 -0.000691691 -0.00152439 0.000460561
internal_weight=0 1622.73 243.057 8864.2 1485.58 611.102 7378.62 5485.02 1639.15 3845.87 883.858 2962.01 1455.34 1893.6
internal_count=140592 22191 3289 118401 19333 7632 99068 73619 21601 52018 12403 39615 20496 25449
is_linear=0
shrinkage=0.0101079


Tree=116
num_leaves=15
num_cat=0
split_feature=29 23 2 3 11 15 18 0 3 15 5 28 5 13
split_gain=17.6041 18.1948 31.1944 16.3171 14.4352 18.8363 12.5192 12.439 20.442 16.2081 14.0554 13.2126 17.7438 15.7813
threshold=-0.60785761475563038 0.51552650332450878 0.44608741998672491 0.37481465935707098 0.0093880016356706637 10.807217121124269 67.500000000000014 1.836484491825104 0.59854295849800121 3.0779248476028447 -3.9991368055343623 -0.20576497167348859 7.6959197521209726 0.059565186500549323
decision_type=2 2 2 2 2 2 2 2 2 2 2 2 2 2
left_child=-1 2 -2 -4 5 6 -3 8 9 10 -6 12 -10 -13
right_child=1 4 3 -5 7 -7 -8 -9 11 -11 -12 13 -14 -15
leaf_value=0.0032659049980148206 0.0032748494699437317 0.0012597630370823451 0 -0.0030452388008995381 0 0.0039903815117481953 -0.0020085105369876651 0.001464384909952991 0.00031016884158704879 3.3740540549022636e-05 0.0035700046970236279 -0.0010661996165227975 -0.0029962052434737972 -0.0046044413068466227
leaf_weight=154.00742370821536 112.18865793012083 439.31002525426447 232.5018959119916 585.95143017731607 185.37572732754052 198.88260160572827 150.8878616001457 489.66609824635088 1313.8977333717048 4468.3450690787286 254.39397728815675 1595.6196209639311 181.12837184220552 144.49172688089311
leaf_count=1936 1552 5987 3222 8550 2450 2469 2247 7719 16265 57613 4032 22234 2331 2291
internal_value=0 -9.27842e-05 -0.00143623 -0.00215532 3.66731e-05 0.00134142 0.00034149 -7.8978e-05 -0.000178036 0.000226691 0.00206265 -0.000803634 -7.66443e-05 -0.001402
internal_weight=0 10352.6 930.642 818.453 9422 789.08 590.198 8632.92 8143.25 4908.11 439.77 3235.14 1495.03 1740.11
internal_count=140898 138962 13324 11772 125638 10703 8234 114935 107216 64095 6482 43121 18596 24525
is_linear=0
shrinkage=0.0101079


Tree=117
num_leaves=15
num_cat=0
split_feature=21 14 22 16 33 16 5 14 28 4 30 22 6 3
split_gain=17.0834 28.667 30.1525 19.9137 28.904 16.8872 16.6946 15.2435 17.0104 15.2443 13.1508 19.5457 11.8372 19.3253
threshold=7.3447923660278329 -7.4218657016754142 -0.80126208066940297 0.95595252513885509 0.9590476155281068 0.16371322423219684 1.8106513619422915 -1.9611937403678892 1.0000000180025095e-35 -1.4366751909255979 -0.56174489110708226 0.063152033835649504 5.437242031097413 0.42207267880439764
decision_type=2 2 2 2 10 2 2 2 2 2 2 2 2 2
left_child=1 2 5 4 -2 -1 -4 9 -9 -3 11 -8 13 -11
right_child=3 7 6 -5 -6 -7 10 8 -10 12 -12 -13 -14 -15
leaf_value=0.0006690702601115108 0.00080139570357753293 -0.00031433832971318655 0.0003176343760787072 0.00071189874271163848 -0.0024685377231244048 -0.0031629950522426816 -0.0043987812844613365 0.00078867667753891124 -0.0029350452900769081 0.0023992408011534318 -7.0739358246804063e-05 0.0008412387048189775 0.0029398950006736908 0.0003886414099849942
leaf_weight=128.20063961111009 362.03249061852694 564.99726007319987 3495.3320425339043 550.44547846540809 943.4337506853044 505.88559148833156 231.47456575743854 274.51664227060974 204.65103729441762 777.06822663173079 422.31969259865582 84.473973652347922 477.9820609446615 1471.1265946030617
leaf_count=1981 9270 6924 49444 6154 8152 7338 3526 3294 2192 10372 6035 1264 6042 18620
internal_value=0 0.000222029 -0.000284068 -0.000844199 -0.00153149 -0.00232637 1.59041e-05 0.000885398 -0.000739603 0.00113543 -0.00134698 -0.00288582 0.00145074 0.00110731
internal_weight=0 8638.03 4867.69 1855.91 1305.47 634.086 4233.6 3770.34 479.168 3291.17 738.268 315.949 2726.18 2248.19
internal_count=140608 117032 69588 23576 17422 9319 60269 47444 5486 41958 10825 4790 35034 28992
is_linear=0
shrinkage=0.0101079


Tree=118
num_leaves=15
num_cat=0
split_feature=27 28 3 17 5 4 3 7 12 3 2 23 9 3
split_gain=16.5372 25.8837 18.7729 15.5881 19.1294 15.8895 15.729 18.3363 14.7696 18.8709 28.4382 16.3712 11.741 12.0636
threshold=-0.41268247365951533 0.6835516393184663 0.8448142707347871 54.500000000000007 5.9736793041229257 1.1731706261634829 0.49116046726703649 -2.1389156579971309 -0.079101413488388048 0.78587388992309581 1.8574889898300173 1.2969109416007998 0.2737537175416947 0.82586771249771129
decision_type=2 2 2 2 2 2 2 2 2 2 2 2 2 2
left_child=1 3 -2 4 -1 -6 7 -5 9 -8 -11 -12 13 -10
right_child=2 -3 -4 6 5 -7 8 -9 12 10 11 -13 -14 -15
leaf_value=0.00088389314907416357 0.00015335365581146826 -0.003480792789548319 0.0022442754800480972 -0.0012956865255146859 -0.0039056001243672153 0 0.0023418334265973176 0.0041451385142728383 -0.0044749101064886108 0.0023788410131663838 -0.0058936176659298151 0 0 -0.00045927619735228024
leaf_weight=1427.4177646953613 6564.9083402436227 277.84724403358996 468.96948032081127 118.88369054719806 164.60421382822096 266.60036362707615 168.20471231453121 107.59272434003651 333.80803751200438 98.578286843374372 135.34607887454331 80.16524288803339 133.92011707648635 131.46519096754491
leaf_count=18785 87015 4157 5302 1458 2406 3901 2454 1317 4629 1396 2322 1194 1958 2181
internal_value=0 -0.000552878 0.000300795 -0.000275462 0.000302324 -0.00151245 -0.00112427 0.00116698 -0.00164609 -0.000228331 -0.00175352 -0.00384193 -0.00270329 -0.00345164
internal_weight=0 3444.43 7033.88 3166.59 1858.62 431.205 1307.96 226.476 1081.49 482.294 314.09 215.511 599.193 465.273
internal_count=140475 48158 92317 44001 25092 6307 18909 2775 16134 7366 4912 3516 8768 6810
is_linear=0
shrinkage=0.0101079


Tree=119
num_leaves=15
num_cat=0
split_feature=11 23 13 0 27 28 15 18 15 7 2 15 12 23
split_gain=15.0431 18.7029 14.6245 13.4575 16.7583 16.0809 12.3967 11.4131 10.4133 20.0379 10.2674 19.492 19.2932 14.8017
threshold=0.0077048917300999173 0.80476224422454845 -0.0072383880615234366 1.863761365413666 -0.47136868536472315 0.6835516393184663 10.807217121124269 33.500000000000007 24.360717773437504 18.852537155151371 1.2500455975532534 6.5132980346679696 0.038371780887246139 0.92508140206336986
decision_type=2 2 2 2 2 2 2 2 2 2 2 2 2 2
left_child=1 2 -1 4 5 8 7 -3 9 10 12 13 -2 -12
right_child=3 6 -4 -5 -6 -7 -8 -9 -10 -11 11 -13 -14 -15
leaf_value=0.0023599582879176742 -0.00061687729461246869 0.0031061053534745544 -0.0021117732641019048 0.0015545493014731864 7.2447565506725872e-05 -0.003668534795322823 0.0058000859787774774 -0.00050260456034981259 -0.0031312794503294216 0.0037449698102717415 -0.002547812711527099 -0.0024537411924262266 0.0027254182673005357 0.0013430743197158277
leaf_weight=105.38299423828721 877.53781486675143 187.61703292280436 197.86076333932579 461.75730818323791 6635.1598151735961 192.99761778116226 105.32554421946406 131.55042245425284 156.151492388919 101.6403420958668 130.26576079241931 651.96113345585763 212.41309866309166 341.3098967038095
leaf_count=1450 11156 2405 2964 7345 86906 2928 1283 1850 2015 1188 2126 9606 2483 4881
internal_value=0 0.00139309 -0.000407702 -0.00010602 -0.000194033 -0.000871148 0.00275771 0.00151779 -0.000625722 -0.000429557 -0.000651689 -0.00132708 1.20048e-05 0.000160302
internal_weight=0 727.737 303.244 9761.19 9299.44 2664.28 424.493 319.167 2471.28 2315.13 2213.49 1123.54 1089.95 471.576
internal_count=140586 9952 4414 130634 123289 36383 5538 4255 33455 31440 30252 16613 13639 7007
is_linear=0
shrinkage=0.0101079


Tree=120
num_leaves=15
num_cat=0
split_feature=29 13 16 29 27 21 5 2 14 33 15 30 2 16
split_gain=18.4817 13.56 39.2249 28.7467 21.2231 16.9906 17.9177 22.4803 24.4636 16.9575 21.0492 18.2289 34.6799 25.8582
threshold=-0.60785761475563038 -0.025304519571363922 0.15454717725515368 0.87837970256805431 -0.75894212722778309 5.8522338867187509 0.4591511487960816 0.79114672541618358 -13.050495147705076 0.89692735671997081 13.79131078720093 -0.56174489110708226 0.92946851253509533 0.50237426161766063
decision_type=2 2 2 2 2 2 2 2 2 10 2 2 2 2
left_child=-1 2 -2 4 -4 6 7 -3 -9 -8 11 12 -11 -13
right_child=1 5 3 -5 -6 -7 9 8 -10 10 -12 13 -14 -15
leaf_value=0.0033788709520182441 0.0010685039499143051 0.00099386722669570176 -0.0048082861505515549 0.0014026755390584595 -0.0015300167231354646 -0.00055567901813554017 -0.00021275354924922389 0.0013410891778013851 -0.0012648517708755815 -0.0030715383816216518 0.0040988562965687605 0.0054532012255569043 0.002640402726677336 0.00093501264442987593
leaf_weight=155.25142956525087 786.41812708415091 1387.4625026304275 275.13409989327192 240.49148219265044 1032.8002148531377 2431.3941099476069 591.00073145516217 456.51148013956845 1607.1382633298635 242.09663389250636 312.98555887490511 169.44023058936 180.33301975950599 629.88282479718328
leaf_count=1913 11704 18302 3725 3308 14095 30762 15287 6731 21444 2157 2725 1458 1611 5573
internal_value=0 -5.2608e-05 -0.000731926 -0.00167312 -0.00227431 0.000140907 0.0004522 0 -0.000666007 0.00118041 0.00174155 0.00108302 -0.000535386 0.00198548
internal_weight=0 10343.1 2334.84 1548.43 1307.93 8008.25 5576.85 3451.11 2063.65 2125.74 1534.74 1221.75 422.43 799.323
internal_count=140795 138882 32832 21128 17820 106050 75288 46477 28175 28811 13524 10799 3768 7031
is_linear=0
shrinkage=0.0101079


Tree=121
num_leaves=15
num_cat=0
split_feature=3 22 27 17 7 3 4 5 13 16 20 6 2 3
split_gain=14.6611 18.5669 18.3242 19.0428 22.0879 18.1978 17.9924 17.7857 19.9715 19.2204 42.9953 22.9243 14.7849 14.1575
threshold=0.46510678529739385 0.25903423130512243 0.054511256515979774 53.500000000000007 8.2042198181152362 0.66569748520851146 0.23442095518112185 2.0244168043136601 0.091556016355752959 0.40621304512023931 -0.70491406321525563 -0.35108770430088038 0.89476916193962108 0.33207575976848608
decision_type=2 2 2 2 2 2 2 2 2 2 2 2 2 2
left_child=7 2 3 4 5 6 -2 8 9 11 -11 -1 13 -12
right_child=1 -3 -4 -5 -6 -7 -8 -9 -10 10 12 -13 -14 -15
leaf_value=0.0011174609414517083 0 0.00044172996342938637 0 -0.0021090592607662106 -0.0018027053386845873 -0.00024655978529148308 0.0060442944589140964 -0.00064419078414893469 -0.002528521756818003 -0.00026856154953832311 0.0019609055768156736 -0.0021164822970531224 0.00015641536840489497 0.0048192608383575402
leaf_weight=610.16817532107234 109.18434090539813 2125.9269065894186 2064.3236227445304 1321.9226738587022 522.03905752114952 376.7853863760829 109.83778407424688 1042.3422340843827 151.50869878940284 643.64500053040683 419.69232556410134 343.03656713850796 187.21549106948078 458.84992362372577
leaf_count=9046 1409 27829 24869 19962 7065 5857 1264 13634 2146 8555 5937 5277 2315 5478
internal_value=0 -0.000324219 -0.000694857 -0.00128648 -0.000270044 0.00101156 0.00329001 0.000458199 0.000881512 0.00109739 0.00173678 -1.17795e-05 0.0029789 0.00352813
internal_weight=0 6630.02 4504.09 2439.77 1117.85 595.808 219.022 3856.46 2814.12 2662.61 1709.4 953.205 1065.76 878.542
internal_count=140643 88255 60426 35557 15595 8530 2673 52388 38754 36608 22285 14323 13730 11415
is_linear=0
shrinkage=0.0101079


Tree=122
num_leaves=15
num_cat=0
split_feature=28 27 2 30 2 16 12 0 4 15 3 7 7 15
split_gain=14.5086 19.5912 33.1269 27.7 22.5224 19.7181 23.8899 17.8963 16.8196 19.7335 29.6355 65.9642 16.0763 19.6684
threshold=-0.69930991530418385 -0.16288578510284421 1.4057338237762453 1.0000000180025095e-35 1.0153431296348574 0.85086807608604442 0.064676787704229369 0.97064280509948742 1.6756929755210879 24.360717773437504 0.50105097889900219 -2.4950648546218868 -5.207981824874877 11.573968887329103
decision_type=2 2 2 2 2 2 2 2 2 2 2 2 2 2
left_child=-1 8 3 5 7 -3 -7 -5 9 10 11 -2 -6 -14
right_child=1 2 -4 4 12 6 -8 -9 -10 -11 -12 -13 13 -15
leaf_value=0.00069143318301529181 -0.0032467764843650535 -0.00033613054792460691 0.0020688444966600879 0.0022585934649222358 0.0017776828729041936 -0.0040325061074542087 0.00092127013164914522 -0.00084828769693380838 0.00067373760990702798 -0.0050078223421752329 -0.0014403404727691689 0.0046561164670773248 -0.0055817836563824413 0
leaf_weight=2882.0082628261298 169.0057123079896 1673.3426972012967 846.19012645445764 910.64570784941316 112.37266216427088 350.97444397211075 117.50935313105583 212.79746013879776 625.23811262845993 125.00995907559991 1956.7025666236877 259.07429225929081 113.82730374112725 154.03856629319489
leaf_count=37427 2085 23841 9644 12437 1432 4416 1143 2728 8517 1761 29194 2819 1323 1955
internal_value=0 -0.00014764 0.000273646 -0.000135419 0.000900289 -0.000882 -0.00271005 0.00163254 -0.000763321 -0.00113836 -0.000903271 0.00144089 -0.00114835 -0.0025381
internal_weight=0 7626.73 4491.7 3645.51 1503.68 2141.83 468.484 1123.44 3135.03 2509.79 2384.78 428.08 380.239 267.866
internal_count=140722 103295 58919 49275 19875 29400 5559 15165 44376 35859 34098 4904 4710 3278
is_linear=0
shrinkage=0.0101079


Tree=123
num_leaves=15
num_cat=0
split_feature=28 13 13 27 21 20 16 33 29 20 20 3 14 3
split_gain=14.5002 19.3636 23.4897 41.5718 20.9299 21.0275 19.3756 27.0503 22.015 21.7657 34.3801 26.0026 18.391 22.8455
threshold=-0.71473535895347584 -0.090169277042150484 -0.025304519571363922 0.24825246632099154 -6.5779507160186759 -4.0270824432373038 0.84136477112770092 0.90112781524658214 0.87837970256805431 -0.63663905858993519 -2.8944129943847652 0.47620494663715368 -2.7877235412597652 0.5730591118335725
decision_type=2 2 2 2 2 2 2 10 2 2 2 2 2 2
left_child=-1 -2 3 -3 5 -5 7 -4 12 10 -9 -11 -8 -14
right_child=1 2 6 4 -6 -7 8 9 -10 11 -12 -13 13 -15
leaf_value=0.00060378453492477527 0.0029549708176141425 -0.0029274576140037693 -0.00088622192486976939 -0.00040448031929573295 -0.0007734320888357492 0.005205620185922773 -0.002879738544024501 0.0018414218867368933 -0.0031704755842650169 0.0037304735487831671 -0.0013977651006458385 0.00078913930182294035 0.0015350080182403936 -0.0012878629585353501
leaf_weight=2783.0239392463118 178.36246002838016 860.80632173083723 1216.6132500581443 104.12135626003146 614.84950215183198 137.04715494439006 229.56868811696768 570.84934477508068 348.52121340483427 462.59483211115003 786.24733291938901 1051.7927771620452 617.52412442676723 536.32641128450632
leaf_count=36277 2936 11865 31771 1244 8643 1925 3277 4800 4216 4049 6998 9395 6683 6715
internal_value=0 -0.000245902 -0.000329932 -0.00136641 0.000168471 0.00268265 -1.58477e-05 0.00035667 -0.000916131 0.000898288 -2.8796e-06 0.00172843 -0.000304806 0.000188188
internal_weight=0 7715.22 7536.86 1716.82 856.018 241.169 5820.04 4088.1 1731.94 2871.48 1357.1 1514.39 1383.42 1153.85
internal_count=140794 104517 101581 23677 11812 3169 77904 57013 20891 25242 11798 13444 16675 13398
is_linear=0
shrinkage=0.0101079


Tree=124
num_leaves=15
num_cat=0
split_feature=29 23 2 11 16 15 17 30 28 6 16 22 30 15
split_gain=18.6441 18.8241 20.4251 18.8481 30.8565 16.9981 21.062 21.7356 19.9223 13.7883 12.7309 42.6816 19.3475 17.2911
threshold=-0.60785761475563038 0.52100190520286571 0.58612698316574108 0.011914033908396961 0.67451339960098278 3.2139956951141362 84.500000000000014 -0.56174489110708226 0.010907442308962378 -0.29224592447280878 0.3764366507530213 -0.13262467831373212 -0.56174489110708226 6.9435820579528817
decision_type=2 2 2 2 2 2 2 2 2 2 2 2 2 2
left_child=-1 2 -2 4 9 6 7 8 -5 -3 11 12 -7 -12
right_child=1 3 -4 5 -6 10 -8 -9 -10 -11 13 -13 -14 -15
leaf_value=0.003386467094424269 0.00086553218110916848 0.0013873204936502672 -0.0023360869654185296 0.0018180084549920686 0.0042081048994501357 -0.0046394352112402362 -0.00055910948838933561 0.00066850653999794873 0.0082267978466768026 -0.0013862843143511861 0.0021008829602411011 0.00077694816218073408 -0.001292626457693408 -0.00019890426023196609
leaf_weight=154.0863442812115 260.18492126278579 437.85571183077991 693.25411345995963 153.7102093975991 275.48766257055104 311.99469281546772 450.79852323979139 425.00162725523114 92.806018369272351 296.34802648797631 347.29318820685148 654.32608814164996 524.648113951087 5431.4719743113965
leaf_count=1932 3625 5890 10127 2219 3443 4677 6513 6039 1207 4285 4679 9038 7421 69723
internal_value=0 -7.10533e-05 -0.00142032 6.25141e-05 0.00136439 -9.03979e-05 0.00105581 0.00219366 0.00456468 0.000210468 -0.000273839 -0.00110545 -0.00261932 -5.11035e-05
internal_weight=0 10355.2 953.439 9401.74 1009.69 8392.05 1122.32 671.518 246.516 734.204 7269.73 1490.97 836.643 5778.77
internal_count=140818 138886 13752 125134 13618 111516 15978 9465 3426 10175 95538 21136 12098 74402
is_linear=0
shrinkage=0.0101079


Tree=125
num_leaves=15
num_cat=0
split_feature=29 23 3 20 21 14 20 4 15 3 3 9 33 0
split_gain=20.9568 14.1084 15.8314 16.2473 12.4681 26.5061 29.4583 24.3247 18.7986 23.1619 21.5977 22.8046 18.6734 18.4177
threshold=-0.60785761475563038 0.52100190520286571 0.47620494663715368 1.0335282087326052 6.0571136474609384 -7.4218657016754142 -0.56892570853233326 -1.803194999694824 13.690347671508791 0.42207267880439764 0.6414182484149934 0.16181624680757525 0.89012691378593456 0.74396112561225902
decision_type=2 2 2 2 2 2 2 2 2 2 2 2 10 2
left_child=-1 2 3 -2 5 7 -7 -3 9 -8 11 -10 -6 -14
right_child=1 4 -4 -5 12 6 8 -9 10 -11 -12 -13 13 -15
leaf_value=0.0035853775751723059 0.0011740943495486176 0.00096523397148667498 -0.002647567153689764 -0.0025815201304035204 0.00098728715115221325 -0.00080948341841530712 0.003962799636751297 -0.00072407477024489142 0.0039726253515743083 0.00043618725382499422 0.0074711690263573735 -0.00025201564749367241 0.0014314096759667433 -0.0015951034184867416
leaf_weight=153.68477498739958 353.44490885362029 1180.1159076411277 437.95422394573689 166.76384793035686 520.00222908891737 676.29092177562416 221.3039887920022 3158.0490299798548 273.89822089858353 1402.5994238872081 98.056719951331615 210.4519928060472 219.28851387277246 1440.9026150740683
leaf_count=1893 4985 15989 6681 2135 13409 8378 2797 45404 3661 17493 1272 2772 1912 12139
internal_value=0 -8.42348e-05 -0.0012487 0 3.1062e-05 0.000237476 0.000990337 -0.000254323 0.00156121 0.000957903 0.0031406 0.00207925 -0.00063251 -0.00116634
internal_weight=0 10359.1 958.163 520.209 9400.96 7220.77 2882.6 4338.16 2206.31 1623.9 582.407 484.35 2180.19 1660.19
internal_count=140920 139027 13801 7120 125226 97766 36373 61393 27995 20290 7705 6433 27460 14051
is_linear=0
shrinkage=0.0101079


Tree=126
num_leaves=15
num_cat=0
split_feature=27 23 13 3 13 3 9 20 21 17 1 0 21 27
split_gain=13.3718 15.8781 30.1622 38.2351 32.1833 12.793 11.8236 11.4243 12.3403 10.4815 13.013 10.0382 9.94217 15.7791
threshold=-0.43245348334312433 0.88221749663352977 -0.032393936067819588 0.48346425592899328 -0.012805659323930739 0.8448142707347871 0.26306526362895971 -3.0198485851287837 12.995630264282228 84.500000000000014 0.99728658795356762 1.0877335667610171 -8.3033022880554181 0.5464349389076234
decision_type=2 2 2 2 2 2 2 2 2 2 2 2 2 2
left_child=1 2 -1 -4 -5 6 12 9 -9 10 -8 -7 13 -2
right_child=5 -3 3 4 -6 11 7 8 -10 -11 -12 -13 -14 -15
leaf_value=-0.0046890492089130004 0 -2.0402313750247376e-05 0.0037530595714701611 0.00278136803730913 -0.00276450303579534 0.00018026043576279701 0.0041706158755235676 -0.0011535335322479584 0.0022592579564923282 -0.0011640486198816046 0 0.0032872852426868112 0.00031270780111721425 0.0048719758412733615
leaf_weight=234.47470553964376 120.99898871965706 2336.3543720636517 157.04342797771096 119.9520276170224 531.7444025631994 238.34602627344429 137.89321447908878 1491.8481874559075 102.34678816236556 150.32665601745248 187.5947777479887 242.04283322766423 4319.0963620301336 122.14287123642862
leaf_count=3495 1801 32338 1614 1820 8190 2785 1809 19438 1166 2022 2298 2660 57733 1702
internal_value=0 -0.000502269 -0.00153492 -0.000535557 -0.00166192 0.00026881 0.000145772 -0.00047741 -0.00089943 0.000844653 0.00189936 0.00185564 0.000437713 0.00241967
internal_weight=0 3379.57 1043.21 808.74 651.696 7112.64 6632.25 2070.01 1594.19 475.815 325.488 480.389 4562.24 243.142
internal_count=140871 47457 15119 11624 10010 93414 87969 26733 20604 6129 4107 5445 61236 3503
is_linear=0
shrinkage=0.0101079


Tree=127
num_leaves=15
num_cat=0
split_feature=28 29 21 16 13 23 13 18 33 23 23 28 23 15
split_gain=15.5875 19.3709 32.5278 28.1697 25.5998 29.6952 31.4783 20.0388 18.0756 17.0808 20.192 23.9748 18.6245 16.8009
threshold=-0.69930991530418385 1.0000000180025095e-35 9.2320742607116717 0.95595252513885509 -0.086213365197181688 0.72022452950477611 0.025462678633630279 63.500000000000007 0.9590476155281068 0.38644497096538549 0.61613145470619213 0.81279832124710094 1.6786559224128725 3.4177439212799077
decision_type=2 2 2 2 2 2 2 2 10 2 2 2 2 2
left_child=-1 3 4 9 -3 6 -6 -8 -4 -2 -11 12 13 -12
right_child=1 2 8 -5 5 -7 7 -9 -10 10 11 -13 -14 -15
leaf_value=0.00065448943895188977 -0.0036801588980119285 0.0042150048095595961 1.5947358975142511e-05 0.0042964045071981864 -0.0025739991819708663 0.00020203019384587424 -0.0019164283091579149 0.0026480917856715816 -0.0038401141590082696 0.0019899480960949051 0.0011652385571142506 0.0022338055935092463 0.0022250225879425541 -0.0014427252953459362
leaf_weight=2875.9806349016726 105.69654452987015 115.30950418114662 142.57865423895419 171.27031289041042 1005.4001800939441 2469.5527434293181 150.89056027680635 232.13452093675733 445.41542325913906 573.50891572609544 285.73130416497588 356.87782008387148 197.33359183557332 1369.1587012298405
leaf_count=37379 1439 1730 3868 1978 15013 32857 2197 3110 3831 8313 3814 4513 2419 18187
internal_value=0 -0.000217448 -0.000637813 0.000396065 -0.000295598 -0.000448947 -0.0016306 0.000743947 -0.00284887 0.000140085 0.00030938 -0.000113996 -0.000595445 -0.000964795
internal_weight=0 7620.86 4561.28 3059.58 3973.29 3857.98 1388.43 383.025 587.994 2888.31 2782.61 2209.1 1852.22 1654.89
internal_count=140648 103269 62606 40663 54907 53177 20320 5307 7699 38685 37246 28933 24420 22001
is_linear=0
shrinkage=0.0101079


Tree=128
num_leaves=15
num_cat=0
split_feature=3 0 6 13 5 13 5 15 15 7 7 6 21 21
split_gain=14.1516 23.4578 19.7396 20.7629 18.4441 24.1417 18.9279 24.3948 16.2789 27.4186 15.936 14.4196 20.0447 22.0835
threshold=0.46510678529739385 0.69085618853569042 5.6094553470611581 0.041044771671295173 2.0244168043136601 0.091556016355752959 0.2630037814378739 8.7307920455932635 8.0236196517944354 -0.12199360504746436 6.1388010978698739 2.9165970087051396 5.9537255764007577 3.5659952163696294
decision_type=2 2 2 2 2 2 2 2 2 2 2 2 2 2
left_child=4 2 10 -4 5 6 -1 -8 9 -3 -2 -10 13 -13
right_child=1 8 3 -5 -6 -7 7 -9 11 -11 -12 12 -14 -15
leaf_value=0.00054683245914310171 -0.0033071013822355065 6.508252094247875e-06 0.0032955685667210629 -0.002430209238919275 -0.00061812485644914279 -0.0028292876079034348 0 0.0036321022062280987 -0.001522508611086563 0.0025724714810333965 0.00011113906254511552 -0.00038889749803401732 -0.00082955483262809368 0.0026998939872475316
leaf_weight=1808.5455528143793 577.53236268647015 1934.370156571269 136.52766024321318 104.39835320785642 1044.5451922547072 151.26326084695756 299.62016241624951 564.02177960053086 962.10779122263193 549.77083816751838 152.76306201331317 448.86462669819593 1328.9536984805018 447.38971953466535
leaf_count=25000 9737 26039 2098 1648 13684 2106 4549 7113 12078 6896 2127 5336 17055 5498
internal_value=0 -0.000264909 -0.00171021 0.000653097 0.000503169 0.000932849 0.00116837 0.00240727 -8.30884e-06 0.00059678 -0.00254344 -0.00049288 -2.5882e-05 0.00111793
internal_weight=0 6642.68 971.221 240.926 3868 2823.45 2672.19 863.642 5671.46 2484.14 730.295 3187.32 2225.21 896.254
internal_count=140964 88512 15610 3746 52452 38768 36662 11662 72902 32935 11864 39967 27889 10834
is_linear=0
shrinkage=0.0101079


Tree=129
num_leaves=15
num_cat=0
split_feature=3 23 29 27 3 14 13 5 13 18 16 22 0 11
split_gain=14.9944 25.0409 24.6327 25.9837 22.2778 20.3212 31.031 19.8368 20.8487 22.8659 20.5078 26.0301 24.638 29.3511
threshold=0.46510678529739385 0.85100647807121288 1.0000000180025095e-35 0.010907442308962408 0.52705880999565136 -3.4820072650909419 0.029293106868863109 2.0244168043136601 0.091556016355752959 23.500000000000004 0.38478377461433416 -0.30654163658618921 1.0216666460037234 0.044632267206907279
decision_type=2 2 2 2 2 2 2 2 2 2 2 2 2 2
left_child=7 2 -2 5 -5 6 -4 8 9 -1 11 -11 13 -12
right_child=1 -3 3 4 -6 -7 -8 -9 -10 10 12 -13 -14 -15
leaf_value=-0.00010994387282927709 3.4146460603069027e-05 0.00015154475207722749 -0.0033603284633716974 -0.0031688009133530471 0.00076398876796984457 -0.0060872139403905798 0.0023831564419426036 -0.00067920071938441665 -0.0025450102963556374 -0.001486810159643282 0.00079369848761058691 0.0031565070485435518 -0.00089196914635670708 0.004411990688094173
leaf_weight=903.91951691731811 1002.3269522003829 4239.0985190104693 425.01399697177112 205.85930785164237 442.29902547597885 203.48339087702334 109.12850348837674 1042.8698197938502 151.99810801260173 342.42840234190226 399.55145554803312 181.88086422346532 163.56159968860447 664.77599365450442
leaf_count=12659 13195 55861 6806 2560 5771 2531 1740 13622 2138 5104 5601 2876 1809 8397
internal_value=0 -0.000306624 -0.00113471 -0.00200475 -0.000445678 -0.00330178 -0.00209511 0.000485508 0.000933105 0.00115407 0.0018268 6.99843e-05 0.00253912 0.00310678
internal_weight=0 6627.21 2388.11 1385.78 648.158 737.626 534.143 3850.99 2808.12 2656.12 1752.2 524.309 1227.89 1064.33
internal_count=140670 88464 32603 19408 8331 11077 8546 52206 38584 36446 23787 7980 15807 13998
is_linear=0
shrinkage=0.0101079


Tree=130
num_leaves=15
num_cat=0
split_feature=11 2 27 11 23 2 13 21 3 15 20 15 4 12
split_gain=15.8331 33.1961 17.3825 17.8256 24.0936 28.4773 17.1647 20.6891 19.656 21.6861 21.2157 16.5586 15.4449 16.6793
threshold=0.015272336546331646 1.4910529255867007 -0.71473535895347584 0.048232313245534904 0.82921680808067333 0.48026105761528021 -0.025304519571363922 -11.203919410705565 0.48346425592899328 8.304594039916994 -0.80726540088653553 3.4177439212799077 2.3102477788925175 0.012875753454864027
decision_type=2 2 2 2 2 2 2 2 2 2 2 2 2 2
left_child=1 -1 6 4 5 -4 7 -2 -8 10 -10 -5 13 -11
right_child=2 -3 3 11 -6 -7 8 -9 9 12 -12 -13 -14 -15
leaf_value=0.00029058592507203628 0.00037082736696971656 0.0045542666920960753 0.0019011319572778058 0.001893119486801118 0.00037735960878252679 -0.002431043162432576 0.0021349725909557346 -0.0037586621764608822 -9.2451134031235044e-05 -0.0050902564866221727 0.0052504643204520918 0.0001857478643899694 0.00057962450967264333 -0.0014267418672023414
leaf_weight=1237.6126584336162 154.94860185310245 218.30657691322267 169.42523352056742 690.13046315684915 1095.3534527998418 924.16131896153092 249.40178093500435 383.14011241495609 346.488889394328 181.58895074389875 84.97763959877193 3953.6795689407736 205.26923635415733 597.87085451930761
leaf_count=17024 2463 2922 2379 9979 14233 12755 2487 5238 5427 2535 1269 50431 3073 8510
internal_value=0 0.000977988 -0.000155191 9.14207e-05 -0.000651652 -0.00171457 -0.000935824 -0.00250676 -0.000394992 -0.000878036 0.000940582 0.000450882 -0.00171679 -0.00237276
internal_weight=0 1455.92 9036.44 6832.75 2188.94 1093.59 2203.69 538.089 1665.6 1416.2 431.467 4643.81 984.729 779.46
internal_count=140725 19946 120779 89777 29367 15134 31002 7701 23301 20814 6696 60410 14118 11045
is_linear=0
shrinkage=0.0101079


Tree=131
num_leaves=15
num_cat=0
split_feature=28 10 33 7 10 0 32 2 11 2 21 2 4 15
split_gain=13.6208 13.0191 13.6143 19.8196 13.5594 16.1523 8.74845 20.1747 20.863 27.8103 27.68 19.1251 18.3577 15.8441
threshold=-0.69930991530418385 0.039493121206760413 1.0545857548713686 4.6648602485656747 0.23427317291498187 1.1087200641632082 1.0000000180025095e-35 2.0305749177932744 0.048232313245534904 0.77288460731506359 9.4000406265258807 1.4910529255867007 -0.22545444965362546 13.014068126678469
decision_type=2 2 8 2 2 2 2 2 2 2 2 2 2 2
left_child=1 2 3 -1 -3 -6 7 8 9 13 -10 -11 -9 -2
right_child=6 4 -4 -5 5 -7 -8 12 10 11 -12 -13 -14 -15
leaf_value=1.3246572718542826e-05 0.00067110967264112794 0.0012822640337689384 0.0016689065001324833 -0.0040862654478622815 -0.0037757254468635893 0.0010641988384125897 -0.00067615085277209018 -9.5491297638555849e-05 0.00087824405663354088 -0.002759088165481345 -0.0019989328987775551 0.0011073263445973355 0.0040674609280348462 -0.0030365252976155433
leaf_weight=278.92267227172852 935.42841953970492 1989.1968272011727 170.33788738027215 181.63505241274834 119.13813087902963 133.87380550615489 2528.6924039777368 167.08560971729457 2285.8264493122697 817.45993184112012 388.00261969864368 134.61460989713669 225.77926108427346 125.46228325739503
leaf_count=2411 13072 25917 4503 1507 1285 1841 35896 1996 30194 11179 4714 1590 2682 1992
internal_value=0 0.00062495 -0.000613267 -0.00155728 0.000992249 -0.00110327 -0.000190271 4.42951e-05 -0.000133428 -0.000915441 0.000441129 -0.00216575 0.00222776 0.000176181
internal_weight=0 2873.1 630.896 460.558 2242.21 253.012 7608.35 5079.66 4686.79 2012.97 2673.83 952.075 392.865 1060.89
internal_count=140779 37464 8421 3918 29043 3126 103315 67419 62741 27833 34908 12769 4678 15064
is_linear=0
shrinkage=0.0101079


Tree=132
num_leaves=15
num_cat=0
split_feature=29 23 2 3 3 0 13 5 20 13 15 5 29 13
split_gain=15.5691 15.3658 25.9348 19.2443 13.5756 25.3621 16.7992 20.1666 16.7785 15.4337 15.0425 21.9465 14.8728 14.3101
threshold=-0.60785761475563038 0.52663123607635509 0.60397043824195873 0.34890578687191015 0.59646087884902965 0.95345073938369762 -0.025848273187875744 5.9736793041229257 -0.28580431640148157 0.001231981907039881 2.5661205053329472 -3.9991368055343623 0.6078576147556306 -0.02049140632152557
decision_type=2 2 2 2 2 2 2 2 2 2 2 2 2 2
left_child=-1 2 -2 -4 10 -6 -7 8 -8 -9 11 -3 -11 -12
right_child=1 4 3 -5 5 6 7 9 -10 12 13 -13 -14 -15
leaf_value=0.0030306335138153657 0.0011316519108891298 -5.3424945319546317e-05 0.00081095805046503718 -0.0031844615459070786 -0.0014971741560823319 -0.001626741138025078 0.00016847876328253931 0.0021820829214482425 0.0022287611388333512 -5.7789967427357162e-05 -0.00074449977490563383 0.0046818971792648373 -0.0040088739687408979 0.00053062457611635205
leaf_weight=158.31884505040944 292.60963488556445 170.53305405564606 134.63323474489152 561.80008736439049 1401.963079944253 428.7907852306962 1000.1121901422739 95.978320544585586 730.13825391046703 225.44292609393597 1155.2451990693808 188.21694808080792 198.93194372951984 3752.7627744823694
leaf_count=1934 4085 2304 1788 8325 19726 5832 13052 1389 9632 3269 16187 3052 2716 47391
internal_value=0 -8.72327e-05 -0.00128146 -0.00235414 3.57315e-05 -0.000396609 0.000166794 0.00053078 0.00106716 -0.0011657 0.000378532 0.00236619 -0.00204177 0.000221558
internal_weight=0 10337.2 989.043 696.433 9348.12 4081.36 2679.39 2250.6 1730.25 520.353 5266.76 358.75 424.375 4908.01
internal_count=140682 138748 14198 10113 124550 55616 35890 30058 22684 7374 68934 5356 5985 63578
is_linear=0
shrinkage=0.0101079


Tree=133
num_leaves=15
num_cat=0
split_feature=29 23 3 20 7 3 21 0 27 14 7 4 20 7
split_gain=14.607 13.1699 28.4865 25.2075 15.0162 12.9165 11.6042 22.5522 27.4672 18.6159 27.3615 22.2261 21.9484 20.7494
threshold=-0.60785761475563038 0.54710644483566295 0.47620494663715368 1.0335282087326052 6.4267048835754403 0.28032414615154272 5.9537255764007577 0.73485559225082409 0.47136868536472326 -5.9105725288391104 0.62520331144332897 -1.8429954051971433 -0.60402160882949818 10.628058910369875
decision_type=2 2 2 2 2 2 2 2 2 2 2 2 2 2
left_child=-1 2 3 4 5 -2 9 8 -8 11 -11 -3 -12 -14
right_child=1 6 -4 -5 -6 -7 7 -9 -10 10 12 -13 13 -15
leaf_value=0.0030269324192218569 0.0032336229985876429 0.0011161967880749973 -0.0028068318398649724 -0.002424379900597047 0.0041910781198607012 -0.0013245546593933706 -0.00041524519298278287 -0.00093434967017324406 0.0057011391288452175 0.0033725484828957945 -0.0022437603049628601 -0.00041253351858602664 0.00026438609860975467 0.0033193883870928091
leaf_weight=156.01805964112282 88.938994662836194 1305.3198459260166 509.15762255713344 204.35175738669932 159.5537817440927 171.52295440249145 161.0007634088397 1906.5583337135613 115.98077735677361 435.03764932975173 239.49273892492056 3725.0073544746265 1009.5055728182197 300.63277184218168
leaf_count=1914 1348 17521 7839 2661 2163 2459 2304 23403 1731 5439 2808 52901 12638 3640
internal_value=0 -1.41049e-05 -0.00104176 0.000350058 0.00181379 0.000128597 0.000108891 -0.000526573 0.00208779 0.000312814 0.00113994 -6.71449e-06 0.000473702 0.0010113
internal_weight=0 10332.1 1133.53 624.367 420.016 260.462 9198.54 2183.54 276.982 7015 1984.67 5030.33 1549.63 1310.14
internal_count=140769 138855 16470 8631 5970 3807 122385 27438 4035 94947 24525 70422 19086 16278
is_linear=0
shrinkage=0.0101079


Tree=134
num_leaves=15
num_cat=0
split_feature=29 3 28 29 15 21 29 0 15 14 0 3 7 6
split_gain=19.0622 13.6106 32.3821 21.7883 22.1962 31.5422 21.9063 29.4093 19.9633 30.2437 27.2781 31.4084 25.1333 23.6248
threshold=-0.60785761475563038 0.57082024216651928 -0.20576497167348859 0.6078576147556306 14.188780307769777 7.4619648456573495 0.87837970256805431 0.68075987696647655 2.6437041759490971 -7.0932853221893302 0.74681138992309581 0.33207575976848608 3.1224975585937504 9.6386332511901873
decision_type=2 2 2 2 2 2 2 2 2 2 2 2 2 2
left_child=-1 8 -3 4 -4 -6 -5 -8 -2 -10 11 -11 -12 -14
right_child=1 2 3 6 5 -7 7 -9 9 10 12 -13 13 -15
leaf_value=0.0034607005949437962 0.0025109099236031362 0.00039361510041895179 -0.0011617802866762546 -0.0039466107672883402 0.0065652403687527627 0 -0.0053070408638081126 0.0004088304422171681 -0.00074352370187732422 -0.00018409953284997111 0.0026758383524330856 0.0035015922934054839 -0.00078318629883690298 0.0036186900791985569
leaf_weight=153.15879232995212 378.31615674868226 2319.5075262933969 1090.3741432121024 490.54764978773892 91.590834565460682 256.30485584959388 108.54621029086411 392.61067011766136 2292.2071101516485 341.17546117678285 316.25719261169434 633.14029515720904 1500.3098138552159 126.18480530939996
leaf_count=1899 5732 30078 14891 7545 1128 3916 1851 5280 33139 5096 3888 7814 17196 1300
internal_value=0 -4.61096e-05 -0.000446913 -0.00126456 -0.000430843 0.00172191 -0.00242066 -0.00081062 0.000287482 0.000114809 0.000803306 0.00217833 8.71212e-05 -0.000401595
internal_weight=0 10337.1 4749.48 2429.97 1438.27 347.896 991.705 501.157 5587.59 5209.27 2917.07 974.316 1942.75 1626.49
internal_count=140753 138854 64689 34611 19935 5044 14676 7131 74165 68433 35294 12910 22384 18496
is_linear=0
shrinkage=0.0101079


Tree=135
num_leaves=15
num_cat=0
split_feature=28 27 29 2 14 21 13 13 16 2 3 6 3 13
split_gain=16.0549 20.6671 36.3407 30.8888 29.477 23.3039 21.8913 22.921 27.3254 21.7532 23.7169 17.781 17.1636 18.9617
threshold=-0.69930991530418385 0.24825246632099154 -1.0000000180025095e-35 1.4057338237762453 -14.032552242279051 -7.2058160305023184 0.059565186500549323 -0.025304519571363922 0.11859390512108804 0.86435005068779003 0.32970054447650915 2.6637052297592168 0.46510678529739385 -0.0080971769057214243
decision_type=2 2 2 2 2 2 2 2 2 2 2 2 2 2
left_child=-1 2 4 5 -2 -3 7 8 -4 -7 -11 -10 -6 -14
right_child=1 3 6 -5 12 9 -8 -9 11 10 -12 -13 13 -15
leaf_value=0.0006408610531383705 -0.0021505310745844699 0.0032977837187041195 0.00082108136407505253 0.0021522970052282749 0.0055664038051841643 0.0002264148898770695 -0.0035292569557168075 -0.00032337471228408298 -0.0044069046357084023 0.0023636014976069122 -0.0022096824387908215 0 0.004815716641712973 4.2244827430779327e-05
leaf_weight=2870.5061297062784 197.91354075074196 177.71585828065872 173.18112449534237 721.05489653535187 122.95872027985752 1895.7863236106932 391.59159667231143 1927.4923742059618 450.64972310326993 118.86403771489859 868.89344859309494 94.808803854510188 108.11684365570545 389.5501265861094
leaf_count=37388 2696 2817 2806 7948 1252 26175 4684 28273 6369 1700 10745 1304 1385 5357
internal_value=0 -0.000244808 -0.000767631 0.000278023 0.00108886 -0.000154505 -0.00128265 -0.000925728 -0.00246518 -0.000389425 -0.00160476 -0.00357872 0.00219992 0.00121649
internal_weight=0 7638.58 3856.26 3782.31 818.539 3061.26 3037.72 2646.13 718.64 2883.54 987.757 545.459 620.626 497.667
internal_count=140899 103511 54126 49385 10690 41437 43436 38752 10479 38620 12445 7673 7994 6742
is_linear=0
shrinkage=0.0101079


Tree=136
num_leaves=15
num_cat=0
split_feature=27 29 22 11 13 22 20 1 9 21 21 2 8 2
split_gain=14.5643 26.4694 25.3362 21.4285 17.5001 22.275 14.13 18.0741 15.2994 13.042 18.9712 13.4581 12.0051 12.0979
threshold=-0.41268247365951533 -1.0000000180025095e-35 -0.40332627296447748 0.015699314884841446 -0.034840341657400124 -0.39819423854351038 -3.0198485851287837 0.91287502646446239 0.26306526362895971 -8.4904313087463361 -2.5574544668197627 0.86932212114334118 1.7905437350273135 0.65588611364364635
decision_type=2 2 2 2 2 2 2 2 2 2 2 2 2 2
left_child=1 4 3 -3 -1 -6 7 -2 9 -8 11 -11 13 -5
right_child=6 2 -4 12 5 -7 8 -9 -10 10 -12 -13 -14 -15
leaf_value=-0.0020478316639709949 0.0031186239548174673 0.0012147426183043441 -0.00025752650061314317 0 0.0047182961321910154 0.00043515928454990649 0.0034603153756019478 0.00020663403473034704 -0.00073236279419232634 0 0.00059227164877969545 -0.0027781781736808831 0.00013310554060890357 -0.0038695814520806771
leaf_weight=126.0536468308419 374.38409300148487 129.66625330969691 1752.8015260975808 94.81636562757194 189.00098018720746 409.67531046830118 132.11773133277893 586.84790595062077 1691.0334867518395 401.94840089790523 3559.648148695007 304.20381434075534 89.190316122025251 638.43838898371905
leaf_count=1588 5069 2041 24471 954 2387 5521 1946 6939 21708 6404 46228 4113 1295 9854
internal_value=0 -0.000540373 -0.00100773 -0.0023336 0.00114097 0.00189651 0.000261957 0.00139824 7.44086e-05 0.000394542 0.000284104 -0.00120233 -0.00294784 -0.00337477
internal_weight=0 3429.64 2704.91 952.111 724.73 598.676 7050.18 961.232 6088.95 4397.92 4265.8 706.152 822.445 733.255
internal_count=140518 48111 38615 14144 9496 7908 92407 12008 80399 58691 56745 10517 12103 10808
is_linear=0
shrinkage=0.0101079


Tree=137
num_leaves=15
num_cat=0
split_feature=29 15 13 29 27 15 21 20 21 6 15 14 14 21
split_gain=13.3645 13.8106 32.229 35.8345 23.6577 19.1911 15.9064 20.1166 30.0478 27.4616 19.5241 17.4271 16.773 25.3076
threshold=-0.60785761475563038 3.623988270759583 -0.025304519571363922 0.87837970256805431 0.37256073951721197 12.277359485626222 7.3447923660278329 -0.63663905858993519 -2.2572700977325435 -0.84789851307868946 21.284626960754398 -9.2883009910583478 -1.3775551319122312 10.475625038146974
decision_type=2 2 2 2 2 2 2 2 2 2 2 2 2 2
left_child=-1 -2 3 5 -5 -3 7 8 11 -9 -8 -4 13 -12
right_child=1 2 6 4 -6 -7 10 9 -10 -11 12 -13 -14 -15
leaf_value=0.0028872166355636973 0.00086151304266052534 -0.0025643469278992313 0.00059693513347120126 -0.00059289816974319597 0.0054972520121187984 0.0017836820384598783 -0.0018638251396165455 0.0029237955113106981 -0.0012005325681639955 0.00043592358155735003 0.0019890248213326055 0.0054860640267626586 0.0017607005882211016 -0.0023707909903070618
leaf_weight=156.77465523034334 1539.1675488911569 1181.8462089048699 417.43116218596697 132.53862257860601 102.19819700904191 97.071342185139656 818.64476094767451 542.9679460618645 1430.1080865804106 2983.4684938238934 191.37140246108174 91.846997233107686 418.80851765908301 389.44833526574075
leaf_count=1932 21963 16085 5829 1838 1420 1272 10337 7283 19310 39360 2524 1338 4708 5549
internal_value=0 -1.5017e-05 -0.000173579 -0.0015134 0.00198111 -0.00219422 0.000100578 0.000377853 -0.00043429 0.00083593 -0.00070884 0.00162501 0.000203783 -0.000858308
internal_weight=0 10336.9 8797.75 1513.65 234.737 1278.92 7284.1 5465.82 1939.39 3526.44 1818.27 509.278 999.628 580.82
internal_count=140748 138816 116853 20615 3258 17357 96238 73120 26477 46643 23118 7167 12781 8073
is_linear=0
shrinkage=0.0101079


Tree=138
num_leaves=15
num_cat=0
split_feature=27 29 14 18 0 29 27 11 16 12 3 33 18 2
split_gain=15.6032 37.9155 32.0251 24.6516 21.112 18.0595 24.4283 20.7331 16.615 21.4678 34.098 31.6305 21.8824 19.049
threshold=-0.69930991530418385 -1.0000000180025095e-35 -9.5073122978210431 32.500000000000007 1.029678523540497 0.87837970256805431 -0.89194178581237782 0.017397551797330383 0.84136477112770092 0.064676787704229369 0.56372591853141796 0.94700106978416454 88.500000000000014 1.2806445360183718
decision_type=2 2 2 2 2 2 2 2 2 2 2 10 2 2
left_child=1 2 3 -1 -4 7 -7 -3 -2 11 12 -10 -11 -12
right_child=8 5 4 -5 -6 6 -8 -9 9 10 13 -13 -14 -15
leaf_value=0.0015650415808705783 0.00047145310609188657 0.00078755263858714558 0.0064888665363964657 -0.0046461116833047909 0.00087386930656353627 0.0020919306446368757 -0.0023185431896972498 -0.0023872163830224902 0.001582825713656016 0.00031211173082466766 0.0022940996743642103 -0.0026623638110220022 0.0056922097104095517 -0.0022036132690602598
leaf_weight=138.72069193422794 6110.4845791384578 225.32737013138831 146.9957561828196 103.87110902369022 162.59715745598078 306.76919673942029 206.01126650907099 1296.0536206290126 216.87865712493658 180.14062201417983 112.58640115149319 746.08137444406748 156.65707221627235 387.67803512327373
leaf_count=1906 82785 3346 1737 1418 2216 4328 3006 18666 5610 1994 1146 6372 1661 4628
internal_value=0 -0.000686876 0.00161412 -0.000993152 0.00375953 -0.00133503 0.000234171 -0.00188894 0.000216284 -0.000625863 0.000519665 -0.0016596 0.00300286 -0.00109238
internal_weight=0 2586.35 552.185 242.592 309.593 2034.16 512.78 1521.38 7910.51 1800.02 837.062 962.96 336.798 500.264
internal_count=140819 36623 7277 3324 3953 29346 7334 22012 104196 21411 9429 11982 3655 5774
is_linear=0
shrinkage=0.0101079


Tree=139
num_leaves=15
num_cat=0
split_feature=0 27 28 3 14 11 29 7 10 13 5 13 14 13
split_gain=15.5516 18.0868 21.0887 20.967 24.7282 20.8246 22.6568 23.4853 20.3464 19.8045 17.9339 16.2381 34.4927 13.8056
threshold=1.836484491825104 -0.47136868536472315 0.6835516393184663 0.67093330621719371 -11.53651189804077 0.026411402039229873 1.0000000180025095e-35 -6.2632684707641593 0.14578045159578326 -0.0012173374416306613 2.0692365169525151 0.050219617784023292 -9.2883009910583478 0.018860150128602985
decision_type=2 2 2 2 2 2 2 2 2 2 2 2 2 2
left_child=1 2 3 5 -5 -1 8 -8 11 10 -6 12 -7 -11
right_child=-2 -3 -4 4 9 6 7 -9 -10 13 -12 -13 -14 -15
leaf_value=0.0036204929220343073 0.0016341177919663738 0.00014525596861135793 -0.0038901078477294928 -0.0033852168237648518 0.0039339350870602387 -0.0016220052953444786 0.0019687479855327577 -0.0027690969137223126 0.0051505831277346712 -0.0029152663428693212 -0.00082574357760576409 -0.0026205247414334324 0.0055738434554820082 0
leaf_weight=170.68279164284468 535.97658766433597 7143.0328720193356 206.52420613262802 430.22606159187853 160.03839588165283 128.67616013623774 127.76820026710629 406.69988143630326 108.80287269316614 317.67012362554669 130.29490803182125 122.32180899009109 119.28950603306293 380.75571759045124
leaf_count=2039 8378 93556 3196 6809 2478 1754 1594 4473 1279 4520 2031 1176 1482 5861
internal_value=0 -0.000120318 -0.000808408 -0.000537756 -0.00137027 0.000428186 -9.27806e-05 -0.00155 0.00144849 -0.000433667 0.00169555 0.000171477 0.00174435 -0.00138489
internal_weight=0 9952.78 2809.75 2603.23 1418.99 1184.24 1013.56 534.468 479.09 988.759 290.333 370.287 247.966 698.426
internal_count=140626 132248 38692 35496 21699 13797 11758 6067 5691 14890 4509 4412 3236 10381
is_linear=0
shrinkage=0.0101079


Tree=140
num_leaves=15
num_cat=0
split_feature=29 27 22 21 14 16 17 28 33 8 3 33 12 16
split_gain=15.6794 23.8592 32.7518 26.6081 21.1497 23.9506 21.7442 29.6602 24.7476 24.2234 20.4007 18.4552 29.2607 18.2664
threshold=1.0000000180025095e-35 -0.076279435306787477 -0.3611785471439361 -8.4904313087463361 -6.9186077117919913 0.87570261955261242 42.500000000000007 -0.29026740789413447 0.94019654393196117 0.64217078685760509 0.51420590281486522 1.0013927817344668 0.0070293820463120946 0.93532511591911327
decision_type=2 2 2 2 2 2 2 2 10 2 2 8 2 2
left_child=13 2 10 -3 6 11 8 9 -5 -8 -2 12 -6 -1
right_child=1 3 -4 4 5 -7 7 -9 -10 -11 -12 -13 -14 -15
leaf_value=0.00026775300979322642 0 0.0034835907674983465 -0.0001528632873733556 0.00041547754120175944 0 -0.00085529813893560867 0.0041855453599077717 -0.0015857984684533358 -0.0038927936719046733 -0.00060908057489793234 -0.0033109040943154889 -0.00048381446312524909 0.0036790696758399401 0.0025920497798031976
leaf_weight=3849.35166897811 242.34262493252754 231.93676916882396 1723.550380596891 182.29136133939028 369.04693148285151 628.9909791611135 231.74523415975273 488.181476585567 384.53002826496959 169.13420320488513 742.32035372871906 313.316097157076 562.39979675039649 381.01223888806999
leaf_count=51358 2826 2910 23913 4833 3204 7537 3056 7192 3384 2249 11631 7688 4793 4334
internal_value=0 -0.000304507 -0.00102098 0.000229967 0 0.000704766 -0.000915398 3.0114e-05 -0.00244963 0.00208993 -0.00248684 0.00152583 0.00224339 0.000490941
internal_weight=0 6269.79 2708.21 3561.57 3329.64 1873.75 1455.88 889.061 566.821 400.879 984.663 1244.76 931.447 4230.36
internal_count=140908 85216 38370 46846 43936 23222 20714 12497 8217 5305 14457 15685 7997 55692
is_linear=0
shrinkage=0.0101079


Tree=141
num_leaves=15
num_cat=0
split_feature=29 23 2 27 11 11 11 16 18 12 33 11 10 15
split_gain=13.3459 15.799 27.94 15.7788 15.3871 31.6283 13.7452 17.3804 13.0679 12.1725 13.5298 11.9421 10.1431 18.5112
threshold=-0.60785761475563038 0.55181393027305614 0.59945285320281994 -0.11969653144478797 0.081202372908592238 0.043081041425466544 0.011914033908396961 0.68881821632385265 79.500000000000014 0.15604133903980258 0.90112781524658214 0.036611886695027358 0.037442250177264221 3.623988270759583
decision_type=2 2 2 2 2 2 2 2 2 2 10 2 2 2
left_child=-1 2 4 -4 5 -2 7 8 -3 12 -11 -5 13 -8
right_child=1 6 3 11 -6 -7 9 -9 -10 10 -12 -13 -14 -15
leaf_value=0.0029337750667404274 -0.00010471652770011584 0.0010764327839647156 -0.0036395237812440594 -0.0030608694138463425 -0.001827487462624854 0.0069104714366454824 0.0034036094781277615 0.0035776372174157961 -0.0023405321177683387 0.00048583057966836797 -0.0036431828243722588 0.00035698010747563458 0.0002688490916355527 -0.00093102356658744299
leaf_weight=153.40339738503098 147.73960256017745 618.01329108886421 381.87858758121729 140.69118558987975 98.079631606116891 96.568418074399233 97.24731326289475 244.9875704869628 127.90497610718012 111.022126711905 184.11632616817951 297.19456584006548 6302.5997411124408 1502.9937772117555
leaf_count=1888 2133 8310 5947 2064 1382 1271 1583 3037 1942 2973 1636 4161 82461 20180
internal_value=0 0 -0.00110507 -0.00213056 0.00122742 0.0026328 0.000142079 0.00126186 0.000418999 7.44795e-07 -0.00198312 -0.000683886 8.17955e-05 -0.000627512
internal_weight=0 10351 1162.15 819.764 342.388 244.308 9188.89 990.906 745.918 8197.98 295.138 437.886 7902.84 1600.24
internal_count=140968 139080 16958 12172 4786 3404 122122 13289 10252 108833 4609 6225 104224 21763
is_linear=0
shrinkage=0.0101079


Tree=142
num_leaves=15
num_cat=0
split_feature=3 0 6 21 0 21 15 7 6 15 14 14 6 7
split_gain=14.1142 21.8924 18.9943 16.2234 15.5407 15.3056 21.5377 16.8161 14.8304 17.0937 26.4672 23.3589 18.9295 15.8954
threshold=0.46948848664760595 0.69085618853569042 5.7021572589874276 4.9170706272125253 1.863761365413666 6.3686895370483407 15.063121795654299 19.135651588439945 -13.855898857116697 8.0926046371459979 -7.8204166889190665 -5.6287076473236075 4.3068912029266366 0.62520331144332897
decision_type=2 2 2 2 2 2 2 2 2 2 2 2 2 2
left_child=-1 2 -2 -4 5 6 8 -7 -3 11 -11 -10 -12 -14
right_child=1 4 3 -5 -6 7 -8 -9 9 10 12 -13 13 -15
leaf_value=0.00054395068434783835 -0.0024600544768869016 -0.0027369786568044361 0.0042406781478934504 -0.0010439463354640752 0.0017625964329284409 -0.0018654310631552708 0.003943333531091533 0.00094667247894741511 0.00044644781726818048 -0.0029829886524077647 -0.00098529763313584063 0.0048050173211657528 0.0040432848026980567 0.00018170122013314101
leaf_weight=3965.6287370063365 713.0680055078119 184.41698728688061 81.959676982834935 150.70013655722141 471.74423045478761 870.1042680349201 139.37151738442481 262.28602509386837 1945.7971133301035 366.66138946264982 705.08570528961718 130.52121836133301 167.1970853433013 356.2367142830044
leaf_count=53481 11741 2626 1213 2446 7496 10638 1682 3425 25215 4927 8427 1707 1710 4284
internal_value=0 -0.000218148 -0.00163456 0.00072471 1.5756e-05 -0.000139447 0.000146076 -0.00117659 0 0.000144241 -0.000627181 0.000756464 5.72435e-05 0.00153182
internal_weight=0 6545.15 945.728 232.66 5599.42 5127.68 3995.29 1132.39 3855.92 3671.5 1595.18 2076.32 1228.52 523.434
internal_count=141018 87537 15400 3659 72137 64641 50578 14063 48896 46270 19348 26922 14421 5994
is_linear=0
shrinkage=0.0101079


Tree=143
num_leaves=15
num_cat=0
split_feature=23 27 28 29 22 15 12 13 2 20 18 14 20 28
split_gain=13.3751 18.4291 20.9062 18.2297 28.7657 14.6495 12.4284 30.7655 19.2978 17.3293 14.3769 18.7694 12.5968 12.9456
threshold=2.099187016487122 -0.47136868536472315 0.6835516393184663 -1.0000000180025095e-35 -0.47848118841648096 24.360717773437504 0.011539963074028494 -0.012805659323930739 1.1342321634292605 -3.4447696208953853 54.500000000000007 -7.4218657016754142 0.66730600595474254 -0.49049438536167139
decision_type=2 2 2 2 2 2 2 2 2 2 2 2 2 2
left_child=1 2 3 4 -1 6 9 -8 -9 -5 12 -12 13 -11
right_child=-2 -3 -4 5 -6 -7 7 8 -10 10 11 -13 -14 -15
leaf_value=0.0045656033743541116 0.001750781583248225 0.00022500198568943809 -0.0038084701788001032 0.00034462201951427138 -0.00033510448733272872 -0.0041750519999119128 0.0042739547254288341 0.0015321912815957795 -0.0018749362304792214 -0.00078726461432480205 -0.002393400178113275 0.0034570101222044848 0 -0.0050346137518003809
leaf_weight=166.23161911405623 434.10164360329509 7185.7966535594314 205.05906437616795 377.00232635997236 367.5971963852644 127.73607668653131 151.81283339112997 248.70244485512376 460.35954078473151 132.62128597870469 128.29379077348858 87.674460409209132 129.7991375811398 300.23773736041039
leaf_count=2014 6075 94309 3155 5765 4972 1592 2026 3198 6641 1721 2016 1172 1816 4387
internal_value=0 -4.46651e-05 -0.000729602 -0.000468621 0.001159 -0.000895327 -0.000652605 0.000226551 -0.000619793 -0.00133953 -0.00220191 0 -0.00304305 -0.00386142
internal_weight=0 10068.9 2883.13 2678.07 533.829 2144.24 2016.5 860.875 709.062 1155.63 778.626 215.968 562.658 432.859
internal_count=140859 134784 40475 37320 6986 30334 28742 11865 9839 16877 11112 3188 7924 6108
is_linear=0
shrinkage=0.0101079


Tree=144
num_leaves=15
num_cat=0
split_feature=27 29 23 30 13 23 13 10 6 13 5 4 16 13
split_gain=13.103 19.3131 26.1311 20.3026 18.2866 17.2516 15.4794 14.5643 14.6855 26.3267 17.5607 11.9949 11.8055 16.3072
threshold=-0.43245348334312433 -1.0000000180025095e-35 0.67852571606636058 1.0000000180025095e-35 -0.035472854971885674 0.74811604619026195 0.069315150380134596 0.18577986955642703 3.1112381219863896 -0.0034014596603810783 5.9736793041229257 2.0572286844253544 0.10574648156762124 -0.018844081088900563
decision_type=2 2 2 2 2 2 2 2 2 2 2 2 2 2
left_child=1 4 3 -3 -1 -6 7 8 12 -10 -11 -9 -4 -14
right_child=-2 2 6 -5 5 -7 -8 11 9 10 -12 -13 13 -15
leaf_value=-0.0024188867072644422 0.00024434557061502412 -0.0059950085348370631 0.0027501285543080276 -0.0010565463142392872 0.0050467468193369502 0.00069024056572732572 -0.0035407154907595743 -0.0031010646029598138 0.006344334836473375 0.0016912395154075057 -0.0030415874964097819 0.00045232068282970649 -0.002694860418427693 0
leaf_weight=121.7855211365968 7140.8297255374491 165.81493599247187 98.029014116153121 223.91655904706568 120.11807930842042 474.39811836741865 151.55048813670874 279.45020328648388 91.113459751009941 292.10877999849617 99.083288051187992 116.48878673277795 306.14277011994272 825.72268484160304
leaf_count=1539 93531 2616 1509 3409 1576 6261 1700 4066 1270 4058 1511 1652 4562 11648
internal_value=0 -0.000519934 -0.000925392 -0.00333437 0.000917755 0.00169051 -0.000482224 -0.000231233 0.000153437 0.00165087 0.000355671 -0.00196649 -0.000407621 -0.000733238
internal_weight=0 3365.72 2649.42 389.731 716.302 594.516 2259.69 2108.14 1712.2 482.306 391.192 395.939 1229.89 1131.87
internal_count=140908 47377 38001 6025 9376 7837 31976 30276 24558 6839 5569 5718 17719 16210
is_linear=0
shrinkage=0.0101079


Tree=145
num_leaves=15
num_cat=0
split_feature=3 0 11 2 18 0 5 15 16 5 15 18 16 21
split_gain=13.485 20.3875 13.3499 18.9772 21.0368 13.9329 15.9283 14.4477 13.8556 13.026 19.7633 21.1182 17.34 27.0893
threshold=0.46510678529739385 0.58132788538932811 0.011914033908396961 1.4910529255867007 46.500000000000007 1.863761365413666 6.7182168960571298 23.097733497619632 0.59585997462272655 2.0244168043136601 24.360717773437504 6.5000000000000009 0.38478377461433416 -0.18318530172109601
decision_type=2 2 2 2 2 2 2 2 2 2 2 2 2 2
left_child=9 -2 3 4 -3 6 -4 -8 -6 10 11 -1 -13 -14
right_child=1 2 5 -5 8 -7 7 -9 -10 -11 -12 12 13 -15
leaf_value=-0.0009086720500065188 -0.0022726792918264464 0.0020581706000528349 -0.00020210897728236649 0.0041313261944044754 -0.0038537991357653532 0.0014413194647041213 -0.0028928995180656615 0.00041295609807389392 0.00017046720249019342 -0.00043244987612893688 -0.0025127086348643466 0.0001129086006649741 0.0051994782953179554 0.0014385562582391028
leaf_weight=428.50467623956501 464.18154469691217 329.3558932505548 4327.8990448582917 162.92042919434607 138.61315794475377 428.22784544155002 447.56719279289246 161.16905534826219 172.16490129381418 1044.6622271258384 152.96909632533789 715.87102663516998 242.32849938608706 1296.9386871475726
leaf_count=6025 8061 4230 55451 2120 1992 6817 5555 2148 2091 13701 2206 10813 3160 16605
internal_value=0 -0.00024417 -8.23315e-05 0.00111725 0.000247972 -0.000270764 -0.000429465 -0.00195766 -0.0015466 0.000504677 0.000864273 0.00107839 0.00147565 0.00207956
internal_weight=0 6632.1 6167.92 803.054 640.134 5364.86 4936.64 608.736 310.778 3881.27 2836.61 2683.64 2255.14 1539.27
internal_count=140975 88465 80404 10433 8313 69971 63154 7703 4083 52510 38809 36603 30578 19765
is_linear=0
shrinkage=0.0101079


Tree=146
num_leaves=15
num_cat=0
split_feature=21 33 16 29 9 29 28 17 30 7 22 21 11 27
split_gain=14.0221 17.9437 22.5961 21.0034 12.5916 11.5884 14.4319 17.1546 18.1152 11.5067 13.3307 10.9565 10.2734 14.0777
threshold=7.3447923660278329 0.90112781524658214 0.95595252513885509 1.0000000180025095e-35 0.08917099237442018 -0.60785761475563038 0.35222910344600683 54.500000000000007 1.0000000180025095e-35 12.108694076538088 -0.5316353142261504 9.5737695693969744 0.015272336546331646 -0.9738190472126006
decision_type=2 10 2 2 2 2 2 2 2 2 2 2 2 2
left_child=4 -2 11 -4 9 -6 12 -8 -9 10 -1 -3 -7 -14
right_child=1 2 3 -5 5 6 7 8 -10 -11 -12 -13 13 -15
leaf_value=-0.00048298114050085948 0.00094465012821911718 -0.00083862465850673129 0.0032177011623420898 -0.0011461496445667834 0.0031458562348334086 0.001378913719469867 0.00018754936928341834 -0.0027270829291435946 -5.5498125980734189e-05 0.0030049571086382854 0.0011666419753478049 -0.0032031473874048941 -0.0019075713850423943 0.00024734635404857595
leaf_weight=729.79711010307074 448.47368347644806 421.08160317316651 172.51003676280379 279.3281021527946 108.03008146211505 689.436538586393 957.35462215542793 638.64469766709954 486.70550934504718 228.66544679738581 1399.7204293012619 529.12988161668181 336.26349400542676 3067.3007644619793
leaf_count=10323 11678 3623 1397 2281 1197 9058 12185 9479 6960 2909 19279 4662 4831 40887
internal_value=0 -0.000751957 -0.00132556 0.000457584 0.000214693 -1.56219e-05 -8.12894e-05 -0.000769686 -0.00161555 0.00084359 0.000582652 -0.00221263 0.000259903 1.87819e-05
internal_weight=0 1850.52 1402.05 451.838 8641.92 6283.74 6175.71 2082.7 1125.35 2358.18 2129.52 950.211 4093 3403.56
internal_count=140749 23641 11963 3678 117108 84597 83400 28624 16439 32511 29602 8285 54776 45718
is_linear=0
shrinkage=0.0101079


Tree=147
num_leaves=15
num_cat=0
split_feature=23 11 23 3 3 28 10 2 29 15 21 29 28 20
split_gain=13.294 13.2545 13.7789 13.284 12.5852 28.7447 16.1616 20.7733 15.7406 20.538 18.9608 18.5839 22.832 15.9914
threshold=0.4441154301166535 0.0089775822125375288 0.77834472060203563 0.75587284564971935 0.59383180737495433 -0.20576497167348859 0.2312162593007088 2.6369574069976811 0.6078576147556306 14.188780307769777 7.7105474472045907 0.87837970256805431 0.24825246632099154 0.91339570283889782
decision_type=2 2 2 2 2 2 2 2 2 2 2 2 2 2
left_child=-1 2 -2 -4 -3 6 -6 -8 9 -7 -11 -10 -13 -14
right_child=1 4 3 -5 5 8 7 -9 11 10 -12 12 13 -15
leaf_value=-0.0015244109377023638 -0.00037165488020024528 0.00027902605006988946 0.0035360270955528514 4.0489291210582115e-05 0.00084273894711523161 -0.0013858750958992989 -0.0033290346196067091 0.0018278810486800595 -0.0041197139742377466 0.005241286518123554 0 0.0023045294661234806 -1.2376619263096539e-05 -0.0053762796233222023
leaf_weight=557.21312404237688 282.15346234291792 5266.1845057196915 321.36746778152883 204.22528274543583 1555.9678933806717 886.10087100416422 225.4594402294606 104.3406704235822 369.3458227198571 91.203514564782381 228.64783679135144 136.71627749316394 138.5137452557683 111.47921735979617
leaf_count=7727 4072 69173 4220 2687 20678 11938 2518 1631 5793 1112 3590 1957 2143 1506
internal_value=0 6.90615e-05 0.0013052 0.00227377 -3.70546e-05 -0.000479853 0.000394216 -0.00157305 -0.00133879 -0.000571337 0.00154126 -0.00249195 -0.00078493 -0.00264991
internal_weight=0 9921.71 807.746 525.593 9113.96 3847.78 1885.77 329.8 1962.01 1205.95 319.851 756.055 386.709 249.993
internal_count=140745 133018 10979 6907 122039 52866 24827 4149 28039 16640 4702 11399 5606 3649
is_linear=0
shrinkage=0.0101079


Tree=148
num_leaves=15
num_cat=0
split_feature=23 3 30 15 16 14 20 18 3 23 27 30 14 15
split_gain=12.2481 15.5346 13.4803 21.2033 14.871 14.6809 9.93488 12.2291 8.7612 19.2598 13.9226 18.1093 16.2509 14.3134
threshold=0.52100190520286571 0.37481465935707098 1.0000000180025095e-35 13.491097450256349 0.51539403200149547 -7.4218657016754142 0.91339570283889782 45.500000000000007 0.59854295849800121 1.8420104980468752 -0.71473535895347584 1.0000000180025095e-35 -11.435282230377195 6.5132980346679696
decision_type=2 2 2 2 2 2 2 2 2 2 2 2 2 2
left_child=1 6 3 4 -3 -4 7 -1 -2 10 11 12 -10 -13
right_child=8 2 5 -5 -6 -7 -8 -9 9 -11 -12 13 -14 -15
leaf_value=-0.00077407905501427092 0.00040185495886592361 -0.004059380431487054 -0.0024548830037478381 -0.0072846424785809631 0.00073813025399791963 0.0016449546237701895 -0.0017635537038014969 0.0035679653755626844 -0.0023662913683844119 0.0014467466570869281 8.4842386712433867e-06 -0.00040058709100621596 0.00055439704662900967 -0.0039356226178273975
leaf_weight=88.33609720505774 5390.4293407248333 109.14354195818305 172.60591656714678 97.228277927264571 122.5334759671241 161.72037574090064 100.41325515881181 149.95938883535564 269.03917392529547 590.41370618715882 2064.3396379752085 217.99122385680676 616.27705525793135 348.86373058147728
leaf_count=1274 70503 1970 2559 1223 1591 2310 1317 2188 4499 8589 24825 3304 9234 5553
internal_value=0 -0.00103882 -0.00194632 -0.00339288 -0.00141014 -0.000360827 0.000624972 0.00181962 0.000131492 -0.00021361 -0.000506401 -0.0012623 -0.000300458 -0.00267006
internal_weight=0 1001.94 663.232 328.905 231.677 334.326 338.709 238.295 9497.35 4106.92 3516.51 1452.17 885.316 566.855
internal_count=140939 14432 9653 4784 3561 4869 4779 3462 126507 56004 47415 22590 13733 8857
is_linear=0
shrinkage=0.0101079


Tree=149
num_leaves=15
num_cat=0
split_feature=0 21 14 22 21 20 14 27 10 4 29 29 0 27
split_gain=12.632 12.4288 29.5853 23.6465 25.7319 19.0296 24.2818 24.136 14.8937 14.3572 14.1583 13.7564 21.0958 19.4309
threshold=1.836484491825104 7.3447923660278329 -7.2218482494354239 -0.69698655605316151 -8.9196057319641096 -0.70491406321525563 -1.9611937403678892 0.79989895224571239 0.030522535555064682 -1.7324893474578855 -1.0000000180025095e-35 1.0000000180025095e-35 0.79090481996536266 -0.58244305849075306
decision_type=2 2 2 2 2 2 2 2 2 2 2 2 2 2
left_child=1 2 3 4 -1 8 9 -8 -4 -7 -6 12 -3 -13
right_child=-2 11 5 -5 10 6 7 -9 -10 -11 -12 13 -14 -15
leaf_value=0.0023142776805876019 0.0014699587942658462 0.0031011849038837316 0.0013451191199518493 -0.0001060155968342335 0 -0.0008521513833120389 0.0003229588168367395 -0.004720391042303233 -0.001816511287682963 0.0017550380979680532 -0.003206377529358654 -0.0035900954108372025 -0.0008497866125323605 -0.00056124524753480357
leaf_weight=112.43450575415045 537.53421613015234 180.90706371329725 206.66514903865755 3775.879966779612 150.20280745066702 212.318682923913 347.80647956207395 120.38944661058486 453.61965969391167 2235.4194044042379 659.58470072411001 343.15116861835122 494.19685638323426 683.84599828906357
leaf_count=1736 8354 2470 2548 53081 2002 2545 3951 1383 5631 28635 9925 4584 5945 8271
internal_value=0 -0.000108859 4.85795e-05 -0.000473198 -0.0019198 0.00074489 0.00110112 -0.000943665 -0.000762243 0.00151045 -0.00257334 -0.000894693 0.000172467 -0.00163144
internal_weight=0 9976.42 8274.32 4698.1 922.222 3576.22 2915.93 468.196 660.285 2447.74 809.788 1702.1 675.104 1027
internal_count=141061 132707 111437 66744 13663 44693 36514 5334 8179 31180 11927 21270 8415 12855
is_linear=0
shrinkage=0.0101079


Tree=150
num_leaves=15
num_cat=0
split_feature=23 13 3 30 7 7 11 10 16 14 29 27 29 6
split_gain=11.8848 12.7593 11.6991 16.3795 14.0423 10.236 11.8136 10.0129 19.8444 17.7807 26.9837 19.1045 18.2258 20.8318
threshold=0.52100190520286571 0.091556016355752959 0.37481465935707098 1.0000000180025095e-35 5.5863699913024911 9.509313106536867 0.042527653276920326 0.2138657942414284 0.13201196491718295 -9.2137079238891584 0.87837970256805431 -0.96298784017562855 0.6078576147556306 -1.2193822264671323
decision_type=2 2 2 2 2 2 2 2 2 2 2 2 2 2
left_child=2 7 -1 5 -5 6 -4 8 -2 10 11 -10 13 -11
right_child=1 -3 3 4 -6 -7 -8 -9 9 12 -12 -13 -14 -15
leaf_value=0.00040021593020666554 0.0020687517334961208 -0.0019130360355865449 -0.0036522172418326998 -0.0016410195070351639 0.0026752829251463044 -0.0064826260795103662 0.00065111981135601267 -0.0006524374132392195 -0.0041674403049719658 0.0028201138420687255 0.0016876520427643047 -0.00068149314375310689 -0.00015347444939771421 0.00060935209592086214
leaf_weight=337.94149519689381 620.09919370338321 289.5979105681181 148.44421059451997 223.43505305796862 106.35271606035531 87.239400446414948 84.865139007568359 1172.2477910574526 177.37433476001024 560.85075509734452 444.59343375451863 1822.8835373725742 2131.176210959442 2266.5003725830466
leaf_count=4810 9181 3878 2323 3348 1485 1087 1311 14793 2742 7237 6330 26080 27486 28586
internal_value=0 0.000135322 -0.00102445 -0.00182237 -0.000100009 -0.00342743 -0.00194777 0.000205764 0.000336692 0.000184171 -0.000511844 -0.00102545 0.000535763 0.00106859
internal_weight=0 9485.32 988.278 650.337 329.788 320.549 233.309 9195.73 8023.48 7403.38 2444.85 2000.26 4958.53 2827.35
internal_count=140677 126313 14364 9554 4833 4721 3634 122435 107642 98461 35152 28822 63309 35823
is_linear=0
shrinkage=0.0101079


Tree=151
num_leaves=15
num_cat=0
split_feature=29 14 13 15 4 13 17 3 12 3 13 5 7 30
split_gain=15.5224 11.0587 27.9649 26.9915 24.9809 25.974 20.9175 20.1501 24.3953 22.7339 20.5171 17.0422 15.0126 15.7959
threshold=-0.60785761475563038 -7.4218657016754142 -0.0076820014510303727 12.090067386627199 -1.803194999694824 -0.086213365197181688 34.500000000000007 0.33465410768985754 -0.074106879532337175 0.29903130233287817 -0.021471965126693245 0.79524141550064098 -13.991799831390379 1.0000000180025095e-35
decision_type=2 2 2 2 2 2 2 2 2 2 2 2 2 2
left_child=-1 4 3 6 -2 -6 -3 9 -9 12 -10 -12 -7 -14
right_child=1 2 -4 -5 5 7 -8 8 10 -11 11 -13 13 -15
leaf_value=0.0030821869743422833 0.0008081311705570287 -0.00066450836156961655 0 0.0059589517866438027 0.0025305128993035053 -0.0038532405018809534 0.0043693257190617531 0 -0.003169103188816262 0.0033156924753403277 -0.0017728295563152017 0.0011814153265151397 -0.0014024028731044753 0.0031590195114877253
leaf_weight=154.66900407522917 1217.380387077108 258.17125864513218 4980.8567279726267 152.5522765815258 204.34461814537644 109.17223141901195 110.66481684334576 865.30287508293986 928.00205070897937 198.93084547109902 745.56581224128604 248.33520049508661 180.97212995029986 120.05689372867346
leaf_count=1895 16648 3399 62374 1976 3201 1766 1605 12010 12917 2975 10909 4041 3106 1833
internal_value=0 -6.68852e-05 0.000237909 0.00244751 -0.000423179 -0.000851534 0.000796221 -0.00107213 -0.00143951 0.000540237 -0.00207201 -0.00099087 -0.000744801 0.000318715
internal_weight=0 10320.3 5502.25 521.388 4818.06 3600.68 368.836 3396.34 2787.21 609.132 1921.9 993.901 410.201 301.029
internal_count=140655 138760 69354 6980 69406 52758 5004 49557 39877 9680 27867 14950 6705 4939
is_linear=0
shrinkage=0.0101079


Tree=152
num_leaves=15
num_cat=0
split_feature=29 23 2 11 27 29 22 21 1 8 2 2 33 14
split_gain=14.4017 11.8387 18.6202 13.1741 12.932 18.7953 19.7197 12.1431 15.0559 11.5738 11.3436 11.8387 11.1451 10.8776
threshold=-0.60785761475563038 0.51552650332450878 0.44608741998672491 0.0093880016356706637 -0.43245348334312433 -1.0000000180025095e-35 -0.13262467831373212 -5.6244275569915763 0.91287502646446239 -0.48340548574924463 1.4910529255867007 0.78664362430572521 1.0013927817344668 -10.785817623138426
decision_type=2 2 2 2 2 2 2 2 2 2 2 2 8 2
left_child=-1 2 -2 10 5 -5 9 8 12 -7 11 -3 -6 -11
right_child=1 3 -4 4 7 6 -8 -9 -10 13 -12 -13 -14 -15
leaf_value=0.0030097671708816253 0.0025178576484626669 0.0022022842402843914 -0.0016700219937832443 0.00093621514922729535 0.0041995305203894372 -0.0034299027125665516 -9.0923082835890745e-05 6.6497701365874352e-05 4.6519195646055779e-05 -0.0028462475644010546 0.004191758079346508 -0.00039154832742147342 0.00022723552816551195 -7.3659295638694387e-05
leaf_weight=156.70951912365854 111.47739541530609 306.0997911952436 803.39073698408902 642.32048248499632 235.9066958874464 386.07770366501063 1256.4291554354131 4858.2123015765101 443.9769838694483 230.51319067180157 119.23272035643458 369.55550571158528 136.06767054460943 451.40782358683646
leaf_count=1917 1544 4103 11734 8305 1934 5828 17457 62714 5438 3745 1600 5069 3426 6265
internal_value=0 -2.55632e-06 -0.00109921 0.000100286 -1.01151e-05 -0.000554554 -0.000985588 0.000267781 0.00140533 -0.00199234 0.00133957 0.000735769 0.00288694 -0.00109075
internal_weight=0 10350.7 914.868 9435.8 8640.91 2966.75 2324.43 5674.16 815.951 1068 794.888 675.655 371.974 681.921
internal_count=141079 139162 13278 125884 115112 41600 33295 73512 10798 15838 10772 9172 5360 10010
is_linear=0
shrinkage=0.0101079


Tree=153
num_leaves=15
num_cat=0
split_feature=13 13 15 15 17 21 13 7 3 14 15 16 29 3
split_gain=12.0003 14.8517 26.4339 25.9299 22.4115 20.2931 16.4922 15.1164 13.0857 12.7905 27.1241 21.7763 15.0612 29.9099
threshold=-0.090169277042150484 -0.034840341657400124 11.658516407012941 3.007054448127747 79.500000000000014 -10.046819686889647 -0.075446043163537965 -5.9514036178588858 0.3865348100662232 -7.4899802207946768 9.1722073554992694 0.83826053142547619 1.0000000180025095e-35 0.31665121018886572
decision_type=2 2 2 2 2 2 2 2 2 2 2 2 2 2
left_child=-1 2 3 4 -2 -6 -5 -3 -8 10 -9 -11 13 -13
right_child=1 7 -4 6 5 -7 8 9 -10 11 -12 12 -14 -15
leaf_value=0.0023643085890547354 0.0032689821641492885 0.0012507966245365978 0.0038425590998284395 0.00081448198256959159 -0.0039049461789700288 0.0017874501013449356 -0.00095691539868490738 3.6660097265074756e-05 -0.003760883989602083 0.00078420594678716088 -0.0023936966190989833 -0.0033486025511308189 -0.0011467111850619431 0.0012781465690641827
leaf_weight=210.65399631112814 188.3592877201736 1065.5943374671042 97.647367915138602 132.52067345008254 131.4116608761251 101.20551509968936 324.50854485109448 1498.0600552428514 530.22604410164058 3145.4019488058984 655.19688022974879 162.45503748394549 1442.130652397871 818.65992970019579
leaf_count=3305 2666 14884 1193 1652 2023 1626 5055 21164 6992 40894 10229 2173 17733 9416
internal_value=0 -2.91695e-05 -0.000957168 -0.00133751 0.000681918 -0.00128166 -0.00223794 0.000125946 -0.00276118 -2.51217e-05 -0.000689954 0.000225282 -0.000483731 0.000451145
internal_weight=0 10293.4 1505.88 1408.23 420.976 232.617 987.255 8787.5 854.735 7721.9 2153.26 5568.65 2423.25 981.115
internal_count=141005 137700 21207 20014 6315 3649 13699 116493 12047 101609 31393 70216 29322 11589
is_linear=0
shrinkage=0.0101079


Tree=154
num_leaves=15
num_cat=0
split_feature=13 15 14 4 13 14 20 30 13 15 22 22 13 21
split_gain=11.7387 19.053 12.0149 22.68 29.7855 20.3169 21.687 21.2495 22.2605 26.5266 25.5459 17.9838 19.283 24.0795
threshold=0.091556016355752959 30.579108238220218 -7.4218657016754142 -1.803194999694824 -0.086213365197181688 -3.7657011747360225 -0.70491406321525563 0.81174489855766307 0.028741081245243553 15.704717159271242 -0.77689933776855458 -0.78463533520698536 -0.053515886887907975 -1.6260033845901487
decision_type=2 2 2 2 2 2 2 2 2 2 2 2 2 2
left_child=2 -2 3 -1 -5 6 -4 8 10 -10 -8 12 -6 -14
right_child=1 -3 5 4 11 -7 7 -9 9 -11 -12 -13 13 -15
leaf_value=0.00087285332696616881 -0.0034782839220857454 0.0015938253096368297 -0.00042469338480666366 0.0028397635935163597 -0.0062313853297439525 -0.00019349174851922551 -0.0032430097690336565 0.0040821594436665047 0.005472523733181054 0.0005641944851495777 0.00094978205147978943 -0.0005873282589580253 0.00027501344988534377 -0.0042028861051065999
leaf_weight=1228.589825199917 228.15866286866367 93.38201835937798 693.10878309607506 214.90285715647042 116.52781496848911 2741.5460253357887 169.13218635320663 305.23770960047841 216.05877483449876 272.69655669108033 879.94598146155477 2843.9943298790604 281.36342542245984 190.21951036434621
leaf_count=16681 2991 1463 8608 3332 1662 32719 2370 3907 2812 3992 11703 41278 4197 2876
internal_value=0 -0.00187941 6.00436e-05 -0.000296754 -0.000702848 0.00039727 0.00105045 0.00162655 0.00109518 0.00286634 0.000216954 -0.000942253 -0.00256111 -0.00148487
internal_weight=0 321.541 10153.3 4875.6 3647.01 5277.73 2536.18 1843.07 1537.83 488.755 1049.08 3432.11 588.111 471.583
internal_count=140591 4454 136137 70026 53345 66111 33392 24784 20877 6804 14073 50013 8735 7073
is_linear=0
shrinkage=0.0101079


Tree=155
num_leaves=15
num_cat=0
split_feature=0 3 21 15 15 14 22 21 30 12 16 3 15 22
split_gain=12.5874 18.2692 19.989 30.6397 17.2876 22.7143 18.0287 17.0418 25.8389 22.1525 28.7853 23.4097 15.5086 15.4625
threshold=1.863761365413666 0.5730591118335725 6.3686895370483407 14.085978984832765 2.7153773307800297 -7.4218657016754142 -0.80126208066940297 4.4362566471099862 0.81174489855766307 0.06359413638710977 0.93532511591911327 0.40452721714973455 26.656888961791996 0.036005552858114249
decision_type=2 2 2 2 2 2 2 2 2 2 2 2 2 2
left_child=1 4 3 13 -1 6 -6 8 -7 11 -11 12 -9 -3
right_child=-2 2 -4 -5 5 7 -8 9 -10 10 -12 -13 -14 -15
leaf_value=0.0022798663027903819 0.0015222427979635158 -0.0010053674841003944 -0.0019396431416197413 0.0039393511894207818 -0.0029095779276943285 0.00082400595357447453 -0.00027788970154625807 0.00090027267016748382 0.0046067916013135431 -0.00022933362886935196 0.0043448392325054104 -0.0027734107779866595 -0.002918124507952014 0.00040828745562738295
leaf_weight=395.34651997499168 494.10995367914438 2067.0929556032643 913.40405748039484 160.68374638818204 313.61766142211854 1170.4628990404308 1870.348874380812 620.31542847491801 224.50505939126015 312.6255440749228 226.04094609804451 400.50953121110797 122.03130366653204 1222.3095218837261
leaf_count=5932 7776 28648 12266 2078 4420 14831 27239 7586 2582 3510 2207 4812 1839 15317
internal_value=0 -0.000116432 -0.000610053 -0.00024283 0.000257558 9.48023e-05 -0.000683096 0.000660479 0.00148343 -1.87587e-06 0.00164988 -0.000821387 0.000195273 -0.000468055
internal_weight=0 10019.3 4363.49 3450.09 5655.8 5260.46 2183.97 3076.49 1394.97 1681.52 538.666 1142.86 742.347 3289.4
internal_count=141043 133267 58309 46043 74958 69026 31659 37367 17413 19954 5717 14237 9425 43965
is_linear=0
shrinkage=0.0101079


Tree=156
num_leaves=15
num_cat=0
split_feature=28 13 13 15 15 22 17 13 5 4 23 18 7 17
split_gain=12.2426 15.6241 17.454 31.1506 26.1276 23.8863 18.3318 14.0627 12.4963 15.5963 12.0776 16.9872 12.9542 23.265
threshold=-0.69930991530418385 -0.090169277042150484 -0.036805037409067147 10.890661239624025 2.5661205053329472 -0.30654163658618921 79.500000000000014 0.091556016355752959 6.7182168960571298 0.95447784662246715 0.4441154301166535 76.500000000000014 12.108694076538088 77.500000000000014
decision_type=2 2 2 2 2 2 2 2 2 2 2 2 2 2
left_child=-1 -2 3 4 6 -6 -3 8 10 -10 11 -4 -12 -14
right_child=1 2 7 -5 5 -7 -8 -9 9 -11 12 -13 13 -15
leaf_value=0.00051444708959885949 0.0026065468332550556 0.0036214782894123587 -0.0038880606008158988 0.003804807088546751 -0.0043226589871152021 -0.00045624467015830327 -0.0016120393530527784 -0.002321555527366263 -0.0037727253205706158 -3.7110681550634826e-05 0 8.3349200409021739e-05 0.00068513523300159699 0.0056358266558477772
leaf_weight=2880.7472298983485 179.13855794072151 114.47928570583463 170.5340171046555 91.204675910994411 485.59250403568149 284.48762160353363 138.02881989069283 275.99120055697858 188.08866158872843 329.36536951363087 4091.1869886526838 237.81076625920832 920.53230080474168 106.46053857170045
leaf_count=37395 2951 1585 2317 1132 6792 3922 2154 3853 2574 4287 56211 3339 10894 1475
internal_value=0 -0.000257254 -0.00033431 -0.00149974 -0.00203685 -0.00296487 0.000641633 -0.00012096 -1.09787e-05 -0.00150719 0.000123681 -0.00151875 0.000264687 0.00127527
internal_weight=0 7612.9 7433.76 1113.79 1022.59 770.08 252.508 6319.97 6043.98 517.454 5526.52 408.345 5118.18 1026.99
internal_count=140881 103486 100535 15585 14453 10714 3739 84950 81097 6861 74236 5656 68580 12369
is_linear=0
shrinkage=0.0101079


Tree=157
num_leaves=15
num_cat=0
split_feature=21 14 22 21 20 14 28 6 12 3 23 29 29 16
split_gain=12.892 28.1686 24.6311 27.4721 18.1426 23.983 15.3061 13.1999 20.7331 27.0841 16.6575 11.9583 13.0289 11.862
threshold=7.3447923660278329 -7.4218657016754142 -0.69698655605316151 -8.9196057319641096 -0.70491406321525563 -1.9611937403678892 1.0000000180025095e-35 -0.84789851307868946 0.0012579288450069728 0.75916102528572094 0.82921680808067333 -1.0000000180025095e-35 0.6078576147556306 0.95595252513885509
decision_type=2 2 2 2 2 2 2 2 2 2 2 2 2 2
left_child=1 2 3 -1 -3 7 -7 -6 -9 -10 -11 -5 -13 -2
right_child=13 4 -4 11 5 6 -8 8 9 10 -12 12 -14 -15
leaf_value=0.0025238396345930794 -0.0012952961105144338 -0.00057606467788153741 0 0 0.0034106840782133305 0.00061387076080870616 -0.0028973519561170742 -0.00065376394717711682 0.0024116706122750951 -0.0034661917396706854 0.00080672042419157068 -0.0045582773732714826 -0.001378451600379681 0.00042967775803075866
leaf_weight=112.17151662521064 1304.2334241718054 722.47242942079902 3978.8017577882856 136.34472791105509 359.02925853990018 272.48936017230153 207.13493639975786 440.86650233902037 1356.7938329912722 127.28986817225814 271.25057232379913 333.00629992503673 306.7652322081849 542.74148994684219
leaf_count=1733 17572 8962 56469 1869 4479 3272 2215 5668 17329 1792 3507 5129 4513 6113
internal_value=0 0.000161965 -0.000339557 -0.0018537 0.000821744 0.00116842 -0.000841034 0.00156279 0.00123156 0.00172882 -0.000497787 -0.00255647 -0.00313036 -0.000766886
internal_weight=0 8624.42 4867.09 888.288 3757.33 3034.85 479.624 2555.23 2196.2 1755.33 398.54 776.116 639.772 1846.97
internal_count=140622 116937 69713 13244 47224 38262 5487 32775 28296 22628 5299 11511 9642 23685
is_linear=0
shrinkage=0.0101079


Tree=158
num_leaves=15
num_cat=0
split_feature=3 5 13 5 0 12 13 22 3 33 0 18 11 3
split_gain=11.178 17.3945 17.7961 19.0727 17.3626 14.3396 13.6901 15.5474 17.6435 12.2418 12.1101 11.949 10.8347 13.039
threshold=0.46510678529739385 1.9807644486427309 0.091556016355752959 0.22674811631441119 0.58994591236114513 0.062651325017213835 0.014354005921632053 -0.041131669655442231 0.31897233426570898 1.0880999565124514 1.836484491825104 66.500000000000014 0.011914033908396961 0.75587284564971935
decision_type=2 2 2 2 2 2 2 2 2 8 2 2 2 2
left_child=1 2 3 -1 -2 9 -5 8 -8 11 12 -3 13 -6
right_child=4 5 -4 6 10 -7 7 -9 -10 -11 -12 -13 -14 -15
leaf_value=0.00043779564860492985 -0.0020522925428669734 -0.00059586306210027563 -0.0024011476151951853 0.00095579206369304456 0.0020107049842042527 0.0015352926204877085 0.0012254524273829701 0 0.0067816558128715176 0.00058799503425787996 0.0013825381860472529 -0.0036126993402097276 -0.00040615311200911203 -0.00061619205322337482
leaf_weight=1789.7541871257126 493.50779418181628 343.74509102478623 146.55691298283637 461.4010731484741 438.91963618248701 222.38508546724916 118.73535272479057 107.79415719583631 184.03871872648597 228.65787931531668 510.93172050826252 269.47530978173018 4878.2047435836866 303.25387503579259
leaf_count=24638 8574 2954 2093 6795 5570 2499 1627 1356 1915 6084 7964 2399 62380 3988
internal_value=0 0.000443093 0.000865679 0.00106708 -0.000239675 -0.000632431 0.00229765 0.00366384 0.00481692 -0.00126136 -8.48103e-05 -0.00201494 -0.000227093 0.00088799
internal_weight=0 3872.54 2808.28 2661.72 6624.82 1064.26 871.969 410.568 302.774 841.878 6131.31 613.22 5620.38 742.174
internal_count=140836 52360 38424 36331 88476 13936 11693 4898 3542 11437 79902 5353 71938 9558
is_linear=0
shrinkage=0.0101079


Tree=159
num_leaves=15
num_cat=0
split_feature=29 15 10 7 22 30 2 21 10 7 7 16 9 29
split_gain=13.7239 10.2154 21.2132 13.8247 23.0679 15.6206 25.008 30.728 28.7924 25.0916 19.0449 18.7104 12.809 12.6517
threshold=-0.60785761475563038 3.4177439212799077 0.2138657942414284 -11.065996170043944 -0.38776755332946772 0.81174489855766307 0.96072724461555492 3.8040634393692021 0.12272227928042413 2.6275489330291752 2.1335208415985112 0.82512134313583385 0.14239199459552768 0.6078576147556306
decision_type=2 2 2 2 2 2 2 2 2 2 2 2 2 2
left_child=-1 2 -2 4 13 -5 7 9 -8 -7 -10 -12 -6 -3
right_child=1 3 -4 5 12 6 8 -9 10 -11 11 -13 -14 -15
leaf_value=0.0029000066522986583 0.0014433017941807727 -0.0049843831855183518 -0.0014185212098059043 -0.00026912832474991385 0.0022322703994979319 0.001645093835272049 -0.0021099948750252983 -0.00084091797414561015 0.0046176289539752438 0.0065884029492939769 -0.0033727683663261144 0.0018684345440162107 -0.0013825741187754666 -0.00028609475257414133
leaf_weight=157.01011017337441 1090.4230057541281 205.55209025461227 329.01398249343038 6614.2052916232497 162.40321333054453 318.78655719570816 437.55857628025115 208.41152765415609 131.57553843408823 183.46717319823802 98.154049631208181 195.24063716828823 233.77663842216134 108.56155139580369
leaf_count=1921 15838 3068 4460 87505 2485 4181 6000 2525 1483 2526 1517 2392 3231 1499
internal_value=0 -4.11918e-05 0.000747537 -0.000172097 -0.00151901 -4.89989e-05 0.000847707 0.00224747 -0.000268662 0.00360184 0.00153738 0 1.31276e-05 -0.00353177
internal_weight=0 10317.1 1419.44 8897.69 710.293 8187.4 1573.19 710.665 862.529 502.254 424.97 293.395 396.18 314.114
internal_count=140631 138710 20298 118412 10283 108129 20624 9232 11392 6707 5392 3909 5716 4567
is_linear=0
shrinkage=0.0101079


Tree=160
num_leaves=15
num_cat=0
split_feature=29 28 16 14 12 16 8 2 14 23 23 7 29 20
split_gain=11.1882 20.0191 19.2436 25.2604 24.2067 18.2484 21.992 18.208 19.2283 18.0373 17.7601 24.1279 17.5008 24.8826
threshold=1.0000000180025095e-35 -0.91080963611602772 0.87570261955261242 -5.9105725288391104 -0.080820441246032701 0.95595252513885509 0.71520578861236583 0.83915483951568615 -20.055179595947262 0.77834472060203563 0.70481297373771679 4.0265970230102548 0.6078576147556306 -1.5027036070823667
decision_type=2 2 2 2 2 2 2 2 2 2 2 2 2 2
left_child=5 -2 3 4 -3 -1 -7 12 -9 -10 11 -5 13 -6
right_child=1 2 -4 10 7 6 -8 8 9 -11 -12 -13 -14 -15
leaf_value=0.00019270951654975948 0.0010450509723017268 0.0010581908470417706 -0.0018207737283121564 -0.0036621078982662218 0.0019381185844929126 0.0059492426959298515 0 0.0015355621285270929 -0.0043592270478623437 -0.0015040781310208782 0.0015980371395603907 0.0011195284687577326 0.0005567317708247058 -0.0038879434775548191
leaf_weight=3969.6629205420613 937.12069213949144 563.02177121769637 982.04669414460659 174.67697565816343 90.996850633993745 121.06565167196095 131.33156666532159 119.51440573111176 366.70922103151679 800.00970910675824 995.04577320069075 239.92198462598026 775.82797755673528 242.37973158247769
leaf_count=52775 12155 8437 11848 2466 1240 1302 1518 1560 5733 11205 12652 3243 10988 3918
internal_value=0 -0.000297628 -0.000541522 -0.000241988 -0.000779206 0.000373948 0.00297936 -0.00122991 -0.00204917 -0.00245846 0.000855037 -0.000828915 -0.000236116 -0.00217114
internal_weight=0 6287.27 5350.15 4368.1 2958.46 4222.06 252.397 2395.44 1286.23 1166.72 1409.64 414.599 1109.2 333.377
internal_count=141040 85445 73290 61442 43081 55595 2820 34644 18498 16938 18361 5709 16146 5158
is_linear=0
shrinkage=0.0101079


Tree=161
num_leaves=15
num_cat=0
split_feature=29 14 21 16 4 16 33 3 23 3 29 16 14 14
split_gain=13.1872 12.0787 25.9887 21.4542 22.6193 20.3861 26.8646 19.5252 28.2186 19.1287 18.3371 18.1465 19.6395 15.568
threshold=-0.60785761475563038 -7.4218657016754142 7.3447923660278329 0.16822115331888202 -3.1341569423675533 0.95595252513885509 0.99736112356185924 0.32421801984310156 0.54710644483566295 0.29076069593429571 0.87837970256805431 0.38058698177337652 -10.60283327102661 -9.2137079238891584
decision_type=2 2 2 2 2 2 10 2 2 2 2 2 2 2
left_child=-1 3 -3 -2 -5 6 -4 9 -9 11 13 -6 -13 -10
right_child=1 2 5 4 7 -7 -8 8 10 -11 -12 12 -14 -15
leaf_value=0.0028666148629747797 0.00070073970719403144 0.0007733477024215393 0.00086145012809685651 0.0016800808034694778 -0.0029067470639052161 0.00086410828514245635 -0.002376698023221616 -0.0042754809940759577 -0.0020261837896601467 0.0032308981681208018 0.00078578002099378432 0.0049425085031633096 -0.0013162206329050436 0
leaf_weight=155.48170373216271 1279.1071613505483 3735.2722870381549 343.94855649024248 318.89786335080862 183.40604918450117 548.16404130682349 883.31172908097506 316.38019529543817 1373.4626987231895 184.08002316020429 432.99603679776192 83.426578383892775 96.190081598237157 551.77978015039116
leaf_count=1912 18567 47040 8537 4334 3064 6174 7728 4845 19291 2673 6045 1318 1577 7603
internal_value=0 -2.87411e-05 0.000290069 -0.000401529 -0.000811806 -0.000702933 -0.00143667 -0.00107439 -0.00143428 0.000607517 -0.00102342 -0.000652612 0.00145746 -0.00145277
internal_weight=0 10330.4 5510.7 4819.73 3540.62 1775.42 1227.26 3221.72 2674.62 547.103 2358.24 363.023 179.617 1925.24
internal_count=140708 138796 69479 69317 50750 22439 16265 46416 37784 8632 32939 5959 2895 26894
is_linear=0
shrinkage=0.0101079


Tree=162
num_leaves=15
num_cat=0
split_feature=27 28 2 3 3 13 7 23 0 23 20 21 7 2
split_gain=14.1823 22.6162 14.8486 20.7067 13.3513 21.6366 17.9001 22.6477 20.1207 15.7005 13.48 12.2872 16.2352 12.1763
threshold=-0.49049438536167139 0.6835516393184663 2.0816609859466557 0.72862958908081066 0.67093330621719371 -0.031110376119613644 4.5342230796813974 0.71104478836059581 0.74681138992309581 2.099187016487122 0.06009683012962342 9.4000406265258807 21.649002075195316 2.401131391525269
decision_type=2 2 2 2 2 2 2 2 2 2 2 2 2 2
left_child=1 4 11 13 6 -6 7 -1 -8 -7 -9 -2 -13 -4
right_child=2 -3 3 -5 5 9 8 10 -10 -11 -12 12 -14 -15
leaf_value=-0.0020722390253884613 0.00027711613996821345 -0.0038758235270370872 0.002056671511639018 0.0040332898195125193 -0.003550013478009496 -0.00083344527254144204 0.0028559391852994954 0.0012350173937569315 -0.0013896906320920517 0.0019998063527630608 0.0051298848447379362 -0.0028865112424557937 0.00051849942026662885 -0.0021631250657250982
leaf_weight=104.51730502769351 6265.7795094531029 188.04355599358678 133.79899157956243 241.46942645311356 258.59083253610879 1254.250431724824 129.87361916713417 278.91382297128439 585.77038341015577 224.58851609565318 169.89079586043954 293.874635880813 236.53874169848859 130.38521960377693
leaf_count=1352 83580 2920 1445 2913 4169 19453 1440 3660 6679 3448 2000 3457 2796 1630
internal_value=0 -0.000527968 0.000278035 0.00194244 -0.000295845 -0.00087814 0.000470175 0.00184001 -0.000541202 -0.000367861 0.00285924 0.000146206 -0.00130696 0
internal_weight=0 3194.44 7301.85 505.654 3006.4 1737.43 1268.97 553.322 715.644 1478.84 448.805 6796.19 530.413 264.184
internal_count=140942 45121 95821 5988 42201 27070 15131 7012 8119 22901 5660 89833 6253 3075
is_linear=0
shrinkage=0.0101079


Tree=163
num_leaves=15
num_cat=0
split_feature=3 3 12 2 9 11 15 13 6 15 3 3 3 29
split_gain=11.0292 25.3255 23.4398 24.1192 16.3293 14.5107 14.3488 21.3685 14.5505 14.2136 13.8841 10.4916 21.5594 10.1305
threshold=0.3440737277269364 0.31665121018886572 0.041398083791136749 0.68002045154571544 0.16025689989328387 0.0098053761757910269 10.388370037078859 -0.0046524517238140098 -0.66362410783767689 6.5895898342132577 0.26085495948791509 0.18053010851144793 0.21252974122762683 1.0000000180025095e-35
decision_type=2 2 2 2 2 2 2 2 2 2 2 2 2 2
left_child=1 2 3 11 -3 6 8 -8 -2 -5 -11 -1 -13 -7
right_child=5 4 -4 9 -6 13 7 -9 -10 10 -12 12 -14 -15
leaf_value=0.0026071530161481701 0.0016311334859035384 0.0048405600782257365 -0.0037338873383836375 0 0.00062331686902741086 0.00019559699952127882 0.0063647262734367943 0 -0.001384967534149315 0.0069132584732636091 0.001637554591328584 -0.00516771345111688 -8.8176650972734299e-05 -0.00053885562032049037
leaf_weight=91.00465308316052 362.58729592617601 215.16810291819274 138.70605008117855 120.02916963025928 210.06930323317647 3103.5419094506651 108.65250690467656 121.45195788703859 276.94678616151214 99.118229381740093 164.53231006115675 94.551538374274969 633.46218228898942 4759.9718536548316
leaf_count=1764 4860 2921 1972 1914 2888 39571 1239 1472 4033 1552 2389 1714 9269 63314
internal_value=0 0.000770385 5.31498e-05 0.000544158 0.0028985 -0.000102349 0.00112269 0.00326059 0.000261519 0.00262331 0.00390892 -0.000396086 -0.00084971 -0.000243931
internal_weight=0 1766.64 1341.4 1202.7 425.237 8733.15 869.639 230.104 639.534 383.68 263.651 819.018 728.014 7863.51
internal_count=140872 26383 20574 18602 5809 114489 11604 2711 8893 5855 3941 12747 10983 102885
is_linear=0
shrinkage=0.0101079


Tree=164
num_leaves=15
num_cat=0
split_feature=11 23 14 3 18 27 11 23 33 20 29 22 27 8
split_gain=13.1177 17.5681 19.8049 15.1943 14.5864 14.5412 26.4214 36.9435 41.198 27.2778 20.4988 23.7872 23.3318 16.359
threshold=0.016997188329696659 0.77834472060203563 -5.6287076473236075 0.74586632847785961 54.500000000000007 0.52803644537925731 0.048232313245534904 0.68177324533462536 0.9590476155281068 1.0026395916938784 -1.0000000180025095e-35 -0.11078165471553801 -0.076279435306787477 1.0591335296630862
decision_type=2 2 2 2 2 2 2 2 10 2 2 2 2 2
left_child=1 -1 4 -4 -3 10 9 8 -8 -7 -2 12 13 -12
right_child=5 2 3 -5 -6 6 7 -9 -10 -11 11 -13 -14 -15
leaf_value=-0.00049060814847899788 0.0006540037942394341 0.0014403178735968958 0.0053440131318531975 0.00056603613019355289 -0.0018877046531219561 0.00034767253709833877 -8.1105382402436746e-05 0.00029948371632389898 0.006173788967706934 -0.0030147264805889034 -0.0028592651092719549 -1.8758012006784468e-05 -0.00019972028462080229 -0.00020401457006153929
leaf_weight=629.38486452680081 1188.4965266697109 494.09360134787858 202.02663434669375 134.16439044848084 169.22783167287707 573.26297406479716 161.93569958209991 1717.5076903831214 252.1771173402667 400.97709290869534 1153.716396452859 2132.4018921582028 938.61344595067203 341.82366531714797
leaf_count=9112 15323 6403 2550 1766 2368 7584 3955 21060 2228 5309 16728 28538 12770 5003
internal_value=0 0.000780274 0.0016184 0.00360994 0.000519092 -0.000203216 0.000345921 0.00098488 0.00367463 -0.00100765 -0.000506665 -0.000818183 -0.00149967 -0.00228344
internal_weight=0 1628.9 999.512 336.191 663.321 8860.91 3105.86 2131.62 414.113 974.24 5755.05 4566.56 2434.15 1495.54
internal_count=140697 22199 13087 4316 8771 118498 40136 27243 6183 12893 78362 63039 34501 21731
is_linear=0
shrinkage=0.0101079


Tree=165
num_leaves=15
num_cat=0
split_feature=29 23 2 11 16 12 2 18 23 12 15 7 14 20
split_gain=13.9826 15.5288 21.8021 12.3714 11.2575 10.4187 14.2031 9.7787 9.04262 8.96051 13.1933 16.6466 13.6376 17.2561
threshold=-0.60785761475563038 0.51552650332450878 0.44608741998672491 0.0085884383879601973 0.67085614800453197 0.14100087434053424 2.0816609859466557 67.500000000000014 2.2415853738784794 -0.14387606829404828 3.2139956951141362 -5.9514036178588858 -7.4218657016754142 -0.56892570853233326
decision_type=2 2 2 2 2 2 2 2 2 2 2 2 2 2
left_child=-1 2 -2 4 7 8 -7 -3 9 -5 11 -11 -12 -14
right_child=1 3 -4 5 -6 6 -8 -9 -10 10 12 -13 13 -15
leaf_value=0.0029108213618340207 0.0026066920389803796 0.0012927318066939689 -0.0019130954804374215 -0.0016954764005728486 0.0033389383827075788 -0.0048926385825761171 -0.00037540844150685715 -0.0017715640338768948 0.0018382778884695199 0.001957492940783991 -0.00066249135995189812 -0.0010318896867148738 -0.0012485366835290972 0.00054997249211531185
leaf_weight=159.04311025515199 112.36244671605527 395.74599942564964 800.3746038665995 302.61552994325757 204.16252092085779 94.85502858273685 318.67545491084456 129.68408236838877 271.8943999055773 711.08162722922862 2660.4469079198316 233.84158595465124 629.31297990493476 3477.3333136960864
leaf_count=1928 1535 5299 11736 4466 2531 917 5374 1981 3683 10183 37918 3076 7877 42534
internal_value=0 -3.98774e-05 -0.00129568 7.83357e-05 0.00133659 -2.36103e-05 -0.00157761 0.000445907 5.04382e-05 -6.85685e-06 5.57684e-05 0.00117285 -9.5383e-05 0.000262716
internal_weight=0 10342.4 912.737 9429.65 729.593 8700.06 413.53 525.43 8286.53 8014.63 7712.02 944.923 6767.09 4106.65
internal_count=141038 139110 13271 125839 9811 116028 6291 7280 109737 106054 101588 13259 88329 50411
is_linear=0
shrinkage=0.0101079


Tree=166
num_leaves=15
num_cat=0
split_feature=29 27 22 14 33 14 13 3 3 20 13 22 14 14
split_gain=11.7391 22.0528 25.8116 24.6838 23.8061 18.9805 23.629 22.9209 19.1699 18.0509 16.8772 20.3277 20.7478 17.0851
threshold=1.0000000180025095e-35 -0.076279435306787477 -0.15261553227901456 -3.3735561370849605 1.0013927817344668 -17.007246017456051 -0.033571194857358926 0.27418528497219091 0.35718697309494024 -1.9338772892951963 -0.049798898398876183 -0.60073530673980702 -7.3566193580627433 -3.7112845182418819
decision_type=2 2 2 2 8 2 2 2 2 2 2 2 2 2
left_child=10 2 3 4 -2 7 8 -3 -7 -9 -1 12 -12 -14
right_child=1 5 -4 -5 -6 6 -8 9 -10 -11 11 -13 13 -15
leaf_value=-0.0013485447103466198 0 -0.0013191112369189781 -6.0627709700859903e-05 -0.0044256228270419832 -0.0035229320575838768 0 0.00023991019734991744 0.0015515382427722085 -0.005048487126453961 0.0074308417388287591 2.9379701439803059e-05 0.00018648581642088816 0.0049967580674749905 0.0011723821777350919
leaf_weight=477.52150310948491 594.244155485183 103.94959737919271 1487.1471803067252 334.06506452336907 273.42870077770203 117.4218785148114 2908.7853723298758 172.81706223636866 157.38523660227656 95.144420286640525 392.27749107033014 2803.0075724646449 271.50745560228825 279.93269948847592
leaf_count=6846 5797 1918 20528 4030 7910 1764 37358 2360 1950 1366 5659 36468 3536 3139
internal_value=0 -0.000288752 -0.000980996 -0.00207889 -0.00109839 0.000224378 -1.771e-05 0.00236206 -0.00282076 0.00393402 0.00040043 0.000636413 0.00191799 0.0031703
internal_weight=0 6244.39 2688.89 1201.74 867.673 3555.5 3183.59 371.911 274.807 267.961 4224.25 3746.73 943.718 551.44
internal_count=140629 84981 38265 17737 13707 46716 41072 5644 3714 3726 55648 48802 12334 6675
is_linear=0
shrinkage=0.0101079


Tree=167
num_leaves=15
num_cat=0
split_feature=21 14 20 0 13 11 15 10 14 5 11 15 13 11
split_gain=10.7437 24.3119 26.9053 24.8318 32.9265 22.9389 21.6894 20.6818 17.0235 16.7585 17.9863 15.5011 15.0958 15.08
threshold=6.0571136474609384 -7.4218657016754142 -0.70491406321525563 0.7410465180873872 -0.090169277042150484 0.11435291543602945 8.947242736816408 0.21835935115814212 -10.437661170959471 -2.8434523344039913 0.047164099290966995 21.284626960754398 -0.043373970314860337 0.10738704353570939
decision_type=2 2 2 2 2 2 2 2 2 2 2 2 2 2
left_child=1 3 -3 4 -1 8 7 13 -6 -8 -11 -2 -9 -5
right_child=11 2 -4 6 5 -7 9 12 -10 10 -12 -13 -14 -15
leaf_value=0.0041628880447170408 -0.0013544774061904374 -0.00088350229578984399 0.0013208431877451802 0.00051358156404302305 -0.00035210493690753517 -0.0063741469195288548 -0.0037048086750818788 -0.004105614697270275 -0.0030137620752596211 -0.0027160896999419274 0.0012833659480096721 0.00025775192439647985 0 0.0027131082419991483
leaf_weight=86.324474545195699 1298.9137900918722 695.90050518885255 2571.9407384172082 2108.885781602934 666.3169555477798 107.08243557810783 221.85204572603106 142.85438046976924 426.04595110192895 182.03810105845332 274.94654293172061 1072.0673550572246 241.1973888464272 389.2753248848021
leaf_count=1608 16388 8602 32535 28701 11269 1517 2992 2012 6679 2723 3658 13885 2833 5258
internal_value=0 0.000162128 0.00083809 -0.00028588 -0.00148823 -0.00195224 0.000139153 0.000532831 -0.00144074 -0.00146067 -0.000241083 -0.000609975 -0.00159327 0.000879704
internal_weight=0 8114.66 3267.84 4846.82 1285.77 1199.45 3561.05 2882.21 1092.36 678.837 456.985 2370.98 384.052 2498.16
internal_count=140660 110387 41137 69250 21073 19465 48177 38804 17948 9373 6381 30273 4845 33959
is_linear=0
shrinkage=0.0101079


Tree=168
num_leaves=15
num_cat=0
split_feature=29 13 13 0 3 3 7 18 20 3 7 28 13 23
split_gain=15.786 10.8835 19.1134 28.3301 22.2913 20.5148 15.9537 16.706 26.4325 17.0326 14.5768 13.8309 14.3679 12.1857
threshold=-0.60785761475563038 -0.090169277042150484 -0.034840341657400124 0.69085618853569042 0.34890578687191015 0.67817920446395885 -5.8041558265686026 36.500000000000007 -3.5952939987182613 0.67565980553627025 -11.927337169647215 -0.7866188883781432 -0.020988823845982548 2.2415853738784794
decision_type=2 2 2 2 2 2 2 2 2 2 2 2 2 2
left_child=-1 -2 3 4 10 -5 7 8 9 -4 -3 -9 -13 -8
right_child=1 2 6 5 -6 -7 13 11 -10 -11 -12 12 -14 -15
leaf_value=0.0031497693116399853 0.0022188753537245964 -0.0032886106989670795 0.0055345890448990093 0.00044566478248983765 -0.0057354563367795607 -0.0028308303179346425 -0.0001415537508766349 0 -0.0020618978652218942 0.00060487368921317429 0.0021669555301164697 0.0018548881647084804 0.0074384688800262335 0.0022175100924829855
leaf_weight=154.19511059112847 206.34523301757872 96.773904919624329 94.724918112158775 842.60253572463989 204.44184358976781 242.33248862624168 7344.7634651483968 132.97999496757984 280.5723994281143 332.10787282511592 82.338153718039393 150.8293894585222 94.928064618259668 222.06150491908193
leaf_count=1907 3226 1498 1351 11461 3197 3479 96562 1730 4159 4466 1299 2185 1267 3082
internal_value=0 -3.04757e-05 -8.19686e-05 -0.00114721 -0.0034887 -0.000263773 9.49882e-05 0.00123797 0.000248598 0.00187013 -0.000577747 0.0029397 0.00433056 -6.48115e-05
internal_weight=0 10327.8 10121.5 1468.49 383.554 1084.94 8652.97 1086.14 707.405 426.833 179.112 378.737 245.757 7566.82
internal_count=140869 138962 135736 20934 5994 14940 114802 15158 9976 5817 2797 5182 3452 99644
is_linear=0
shrinkage=0.0101079


Tree=169
num_leaves=15
num_cat=0
split_feature=3 5 13 5 15 12 3 4 15 7 30 6 27 9
split_gain=11.559 17.4781 18.9044 20.099 18.8728 17.5355 13.3173 16.3606 13.2453 34.3366 22.0083 16.2837 16.5514 14.6576
threshold=0.46510678529739385 2.0244168043136601 0.091556016355752959 0.2630037814378739 8.7307920455932635 0.06359413638710977 0.33734612166881567 0.16725946217775348 6.655085802078248 0.1236131899058819 -0.56174489110708226 2.9165970087051396 -0.71473535895347584 0.21429782360792163
decision_type=2 2 2 2 2 2 2 2 2 2 2 2 2 2
left_child=1 2 3 -1 -5 -3 7 -6 9 -2 -11 12 -10 -12
right_child=8 5 -4 4 6 -7 -8 -9 11 10 13 -13 -14 -15
leaf_value=0.00048634456826604039 -0.00012616502133919337 -0.0012849176442409683 -0.0024390870141452648 0.00017379507294850292 0.0042836477266863168 0.0018900137551540665 0.0049971177676182334 -0.0003903564140895205 -0.0026805150501756948 -0.00015993510402871857 0.0064943827630986285 -3.2826644620365374e-05 -0.00048290152241651585 0.0010610740523417546
leaf_weight=1809.9689062777907 1983.0172856589779 827.54133880697191 147.44500527344644 297.61816674098372 119.8830038998276 210.74839829653502 297.30233259312809 154.78718461468816 595.31292305327952 122.8460650946945 169.6557071171701 2639.5456515904516 985.85021311789751 103.86704557202756
leaf_count=24948 27861 11236 2110 4529 1641 2355 3317 2171 8643 1632 2169 34300 12489 1289
internal_value=0 0.000502339 0.000919309 0.00112558 0.00239412 -0.000592671 0.00346206 0.00156687 -0.000191622 0.00040099 0.00309112 -0.0005354 -0.0013447 0.00466001
internal_weight=0 3865.29 2827 2679.56 869.591 1038.29 571.973 274.67 6600.09 2379.39 396.369 4220.71 1581.16 273.523
internal_count=140690 52307 38716 36606 11658 13591 7129 3812 88383 32951 5090 55432 21132 3458
is_linear=0
shrinkage=0.0101079


Tree=170
num_leaves=15
num_cat=0
split_feature=3 23 29 2 29 15 12 21 6 17 15 21 5 12
split_gain=11.6653 22.906 19.1323 15.1043 27.1687 25.5189 17.7092 25.0804 33.5554 15.1956 14.207 19.2764 12.6428 20.3578
threshold=0.46510678529739385 0.84779053926467907 1.0000000180025095e-35 0.78664362430572521 0.6078576147556306 8.4451451301574725 -0.084447804838418947 2.3059839010238652 8.2417411804199237 29.500000000000004 14.499544620513918 3.8040634393692021 2.0244168043136601 0.06359413638710977
decision_type=2 2 2 2 2 2 2 2 2 2 2 2 2 2
left_child=12 2 10 4 -4 -6 -5 -8 9 -9 11 -2 -1 -14
right_child=1 -3 3 6 5 -7 7 8 -10 -11 -12 -13 13 -15
leaf_value=0.00084145237762170541 0 0.0002249795676343897 -0.004179775387227999 0.00064907941606946436 0.0046529808520169511 -0.0014252774030028416 -0.0048197457024513491 0.003635457381197462 -0.0043690614420987426 -0.0009832447410448677 0.0024195150918714103 -0.0046012807559208573 -0.0011859665127827207 0.0022523208061725648
leaf_weight=2832.670373884961 703.60751655325294 4262.4304286697879 104.43356175720692 140.1226795585826 138.90209563449025 116.74424036405981 404.26333484705538 120.63971189595759 191.17328722774982 141.98394361324608 198.41947417892516 96.981602411717176 828.00319800898433 210.44706787727773
leaf_count=38764 9480 56050 1383 2259 1863 1268 6285 1533 2624 2025 2482 1156 11256 2360
internal_value=0 -0.000209544 -0.00101057 -0.00178862 0 0.00176259 -0.0024246 -0.00297462 -0.0011906 0.00103132 1.25889e-05 -0.000551055 0.000487303 -0.000439117
internal_weight=0 6619.7 2357.27 1358.26 360.08 255.646 998.183 858.06 453.797 262.624 999.009 800.589 3871.12 1038.45
internal_count=140788 88408 32358 19240 4514 3131 14726 12467 6182 3558 13118 10636 52380 13616
is_linear=0
shrinkage=0.0101079


Tree=171
num_leaves=15
num_cat=0
split_feature=11 22 13 9 23 2 5 15 13 22 27 7 23 23
split_gain=9.90245 14.6698 10.3548 11.0443 10.0125 16.5839 9.64981 17.5675 11.6278 17.7866 23.0063 15.1904 22.9021 11.8367
threshold=0.0068190034944564113 -0.71737116575241078 -0.090169277042150484 0.16025689989328387 0.4441154301166535 0.7778034806251527 6.7182168960571298 22.575154304504398 -0.034840341657400124 -0.31247575581073755 -0.50938662886619557 -5.9514036178588858 0.64681807160377514 0.78420644998550426
decision_type=2 2 2 2 2 2 2 2 2 2 2 2 2 2
left_child=1 -1 3 -2 5 -4 8 -8 9 10 13 12 -10 -6
right_child=2 -3 4 -5 6 -7 7 -9 11 -11 -12 -13 -14 -15
leaf_value=-0.0018258647517354306 0.0042813653764088534 0.0019181954031393265 0.00010772973465589142 0 -0.0072043108886102446 -0.0033976385826836714 -0.0022540896488548999 0.00081731570364701196 0.0055874307468497669 0.00028731181184404197 -0.00065896923263346113 1.1373975204727005e-06 0.00073855357848778922 -0.0013328445045873985
leaf_weight=115.70219242293388 105.20706897974014 541.99143048375845 260.56125010550022 110.35943895578384 105.18862614501268 241.49569271039218 507.29351816419512 272.53904348984361 110.13781789876521 664.08357168640941 463.66267304867506 5964.0375970052555 925.55523219332099 85.926954692229629
leaf_count=1679 1675 7203 3507 1654 1642 3474 6690 3863 1551 9323 6568 77721 12876 1227
internal_value=0 0.00118528 -8.86388e-05 0.00205217 -0.000142515 -0.00152457 -6.05909e-05 -0.00113174 3.59057e-05 -0.000825917 -0.00200641 0.000204789 0.00133011 -0.00492079
internal_weight=0 657.694 9816.05 215.567 9600.48 502.057 9098.43 779.833 8318.59 1318.86 654.778 6999.73 1035.69 191.116
internal_count=140653 8882 131771 3329 128442 6981 121461 10553 110908 18760 9437 92148 14427 2869
is_linear=0
shrinkage=0.0101079


Tree=172
num_leaves=15
num_cat=0
split_feature=11 0 27 29 22 11 2 2 0 13 22 14 14 0
split_gain=11.0299 14.6473 10.6501 25.7686 23.2296 15.5334 17.3416 26.2081 22.3435 12.5456 28.0165 11.8384 19.4716 11.7624
threshold=0.01106513384729624 0.85145059227943432 -0.41268247365951533 -1.0000000180025095e-35 -0.40332627296447748 0.048232313245534904 0.46720208227634435 0.37630638480186468 1.0141930580139162 -0.035472854971885674 -0.39819423854351038 -3.3735561370849605 -5.6850147247314444 0.95345073938369762
decision_type=2 2 2 2 2 2 2 2 2 2 2 2 2 2
left_child=1 -1 3 9 11 6 7 -4 -8 -2 -11 12 -5 -7
right_child=2 -3 5 4 -6 13 8 -9 -10 10 -12 -13 -14 -15
leaf_value=-0.00026034871918730252 -0.0015529561710041404 0.0020552863329300459 -0.0018081066465029578 -0.0026100302502986839 -0.00032315358224131925 0.00093575368814950016 -0.0015271574049997882 0.0045569556582419121 0.00087300076172589273 0.005223823922306566 0.00017342445921137301 -0.0044643484848950069 0.0013849995317800291 -0.00014851301240837581
leaf_weight=473.82379389554262 121.82981411926448 583.74726433679461 97.614470575004816 461.78763100784272 1574.4230935499072 2518.8631914630532 1447.2145479824394 148.77721542678773 515.69173395819962 164.16424492374063 377.69550585560501 230.33680446445942 149.64210033789277 1617.4320222660899
leaf_count=6879 1552 7463 1467 7704 22131 34557 19898 1935 6338 2002 5061 2861 2137 18793
internal_value=0 0.000985361 -9.93753e-05 -0.000588755 -0.00108156 0.000132196 -0.000542175 0.00189728 -0.0008751 0.00113688 0.00182852 -0.00243673 -0.00156184 0.000502503
internal_weight=0 1057.57 9425.47 3079.88 2416.19 6345.59 2209.3 246.392 1962.91 663.69 541.86 841.767 611.43 4136.3
internal_count=140778 14342 126436 43448 34833 82988 29638 3402 26236 8615 7063 12702 9841 53350
is_linear=0
shrinkage=0.0101079


Tree=173
num_leaves=15
num_cat=0
split_feature=28 27 29 21 3 11 23 23 3 11 23 30 3 3
split_gain=10.1954 16.1673 33.8613 23.0243 22.7977 24.0164 19.1028 17.4858 16.306 14.9421 16.4033 17.7261 16.0457 15.5871
threshold=-0.69930991530418385 -0.11969653144478797 -1.0000000180025095e-35 0.45659376680850988 0.90549421310424816 0.048232313245534904 1.1246909499168398 1.0059028267860415 0.77004146575927745 0.06471529603004457 0.84779053926467907 1.0000000180025095e-35 0.64740043878555309 0.82586771249771129
decision_type=2 2 2 2 2 2 2 2 2 2 2 2 2 2
left_child=-1 2 3 -2 5 8 -5 -7 -3 12 11 -11 -4 -14
right_child=1 4 9 6 -6 7 -8 -9 -10 10 -12 -13 13 -15
leaf_value=0.0005060083375963947 -0.00052925467599476651 -0.00049764536296623499 0.0011827366802598372 0.0049107863596947413 0.0040504019252738171 0.001140311303856644 0 -0.00085006061825073471 -0.0038361380897609116 -0.005615827045035807 -0.0010257787943117797 -0.0014439289113163053 -0.0025550988059142754 0
leaf_weight=2882.2770178169012 349.47506464086473 1614.7660770565271 371.52731611859053 207.71434497833252 143.38391673564911 1965.5613490901887 130.54751423746347 554.89457041956484 164.95242021791637 234.95268239174038 674.00203105341643 253.92671314999461 462.59431541804224 485.31986009888351
leaf_count=37378 4667 22518 5015 2491 1365 26378 1804 6261 1670 3308 9424 3533 6878 8135
internal_value=0 -0.00019897 -0.000752122 0.00119273 0.000187167 4.20026e-05 0.00306129 0.000684855 -0.000844791 -0.00130922 -0.00215306 -0.00358599 -0.000526878 -0.00124342
internal_weight=0 7613.62 3170.06 687.737 4443.56 4300.17 338.262 2520.46 1779.72 2482.32 1162.88 488.879 1319.44 947.914
internal_count=140825 103447 45255 8962 58192 56827 4295 32639 24188 36293 16265 6841 20028 15013
is_linear=0
shrinkage=0.0101079


Tree=174
num_leaves=15
num_cat=0
split_feature=21 14 0 13 13 14 15 20 14 16 28 2 10 28
split_gain=10.8855 22.7128 21.3613 31.0947 20.6123 24.1803 19.2412 18.5052 19.527 16.6014 14.8385 14.3416 13.7895 14.4056
threshold=7.3447923660278329 -7.0932853221893302 0.7410465180873872 -0.090169277042150484 -0.054683871567249291 -10.785817623138426 8.947242736816408 -0.70491406321525563 -1.9611937403678892 0.95595252513885509 -0.05451125651597976 0.49196296930313116 0.040968621149659164 -0.9738190472126006
decision_type=2 2 2 2 2 2 2 2 2 2 2 2 2 2
left_child=1 2 3 -1 -5 -6 11 -3 12 -2 -10 -4 -9 -14
right_child=9 7 6 4 5 -7 -8 8 10 -11 -12 -13 13 -15
leaf_value=0.0042189589411523211 -0.0013146713523886644 -0.00072064964195947448 0.0037244707226909424 -0.0045195262317929011 0.00043150690118140306 -0.0025995298887766904 -0.0012698064865602299 0.00035499774401025831 0.00080004145206807452 0.00074117721153405436 -0.0026692844510950446 0.00033989226603688757 0.0051485781376597543 0.0016829800790232703
leaf_weight=84.2499620616436 1292.2469414956868 641.73334691859782 130.53580124489963 230.61571873258799 498.94735233485699 527.12767302896827 769.60845591314137 812.28402375709265 265.24276410415769 547.38523695059121 211.4009096249938 2789.5325287431479 145.02277103438973 1512.290723814629
leaf_count=1566 17491 7904 1695 3773 8364 8315 10609 10507 3162 6141 2288 37739 1869 19115
internal_value=0 0.000173824 -0.000258277 -0.00134969 -0.00177826 -0.00109415 0.000129389 0.000790189 0.00113399 -0.000680492 -0.000672865 0.000514341 0.00150007 0.00203277
internal_weight=0 8618.59 5030.62 1340.94 1256.69 1026.08 3689.68 3587.97 2946.24 1839.63 476.644 2920.07 2469.6 1657.31
internal_count=140538 116906 72061 22018 20452 16679 50043 44845 36941 23632 5450 39434 31491 20984
is_linear=0
shrinkage=0.0101079


Tree=175
num_leaves=15
num_cat=0
split_feature=22 3 21 21 2 6 29 21 30 2 6 20 2 18
split_gain=9.48831 18.0161 24.3394 32.9268 30.5433 24.2059 17.7585 15.4378 22.642 21.2392 21.5589 15.7938 19.5068 15.8591
threshold=0.64868018031120311 0.5730591118335725 6.3686895370483407 2.7397372722625737 1.1057767868041994 9.8445262908935565 1.0000000180025095e-35 -11.563587188720701 1.0000000180025095e-35 1.1828986406326296 5.085895538330079 -2.3669793605804439 0.47384461760520941 45.500000000000007
decision_type=2 2 2 2 2 2 2 2 2 2 2 2 2 2
left_child=1 5 3 -3 -5 7 -6 -1 -9 10 11 -10 -13 -14
right_child=-2 2 -4 4 6 -7 -8 8 9 -11 -12 12 13 -15
leaf_value=0.0033731780032551649 0.00066309695797129296 -0.00080981594924133741 -0.0023140023717893579 -0.00051338481460713595 0.00050432920838650659 0.0046240297483500399 0.0057334024705795027 -0.00055676781690435666 0.0037296034063543371 -0.0014637731535783285 0.0046279291194392834 0.0030994362657985899 -0.001687054699534509 0.00081578495271453265
leaf_weight=138.22570680826902 1847.0881497524679 2287.9294125195593 737.29771908186376 278.93011787906289 126.40132975578308 119.13763561472297 200.8754152469337 2771.5918705575168 171.53303106874228 315.76693632826209 178.11247084848583 228.0316627882421 401.68980952911079 686.2020401712507
leaf_count=1924 23641 32069 10367 3253 1665 1203 2667 37904 2531 4524 2116 2958 5335 8649
internal_value=0 -0.000133439 -0.00067787 -0.000242109 0.00181797 0.000253522 0.00389226 0.00013176 2.37286e-05 0.000855138 0.00132364 0.000879286 0.000457779 -7.67037e-05
internal_weight=0 8641.73 3631.43 2894.14 606.207 5010.29 327.277 4891.15 4752.93 1981.34 1665.57 1487.46 1315.92 1087.89
internal_count=140806 117165 50021 39654 7585 67144 4332 65941 64017 26113 21589 19473 16942 13984
is_linear=0
shrinkage=0.0101079


Tree=176
num_leaves=15
num_cat=0
split_feature=29 23 3 20 18 16 3 11 18 33 3 15 14 7
split_gain=10.9031 11.1862 16.2555 15.6725 11.8649 16.326 10.3213 10.0036 10.8161 9.95374 9.24519 12.0461 24.9506 19.8167
threshold=-0.60785761475563038 0.52100190520286571 0.47620494663715368 1.0335282087326052 39.500000000000007 0.47177918255329138 0.62077736854553234 0.0089775822125375288 69.500000000000014 0.9590476155281068 0.40188574790954595 6.8014745712280282 -9.5073122978210431 3.5164308547973637
decision_type=2 2 2 2 2 2 2 2 2 10 2 2 2 2
left_child=-1 2 3 4 -2 -6 -4 8 9 -3 -9 13 -13 -12
right_child=1 7 6 -5 5 -7 -8 10 -10 -11 11 12 -14 -15
leaf_value=0.0025493958073772348 -0.0014517662183240563 0 -0.0043715200488959344 -0.0023763435134879466 -0.00055647291423880697 0.004320524826788923 -0.00088955912453942006 0.00048836449236378096 -0.00051215047950443318 0.0028168678455021659 9.4588766124983857e-05 -0.0026575682531227657 -0.00027417891457442723 0.0045861800682051408
leaf_weight=157.61149308457971 93.534307552501559 150.62143979407847 185.89500209596008 169.13607766665518 92.853251649066806 165.88081322982907 234.94295272324234 2268.5641104280949 237.22025386802852 378.3654610812664 2111.6910918597132 515.91209946759045 3617.9243307188153 99.171074442565441
leaf_count=1914 1353 3813 2875 2171 1463 2158 3781 31495 3246 3166 29091 7564 45380 1299
internal_value=0 -6.55519e-05 -0.00111222 1.00597e-05 0.00129448 0.00245246 -0.00257262 3.60991e-05 0.00113961 0.00195255 -5.82899e-05 -0.000260475 -0.00058576 0.000329405
internal_weight=0 10321.7 942.242 521.404 352.268 258.734 420.838 9379.47 766.207 528.987 8613.26 6344.7 4133.84 2210.86
internal_count=140769 138855 13801 7145 4974 3621 6656 125054 10225 6979 114829 83334 52944 30390
is_linear=0
shrinkage=0.0101079


Tree=177
num_leaves=15
num_cat=0
split_feature=29 3 28 29 10 22 11 2 2 11 21 33 27 28
split_gain=13.4409 9.73923 22.1095 20.2778 19.5604 18.8131 18.7663 19.9073 17.8075 25.5351 21.9198 22.7225 15.4484 17.8132
threshold=-0.60785761475563038 0.5730591118335725 -0.20576497167348859 0.6078576147556306 0.21835935115814212 -0.21859399974346158 0.077327009290456786 1.6569777727127077 0.92427033185958873 0.11729812622070314 2.8046127557754521 0.9590476155281068 0.88186877965927135 0.89194178581237804
decision_type=2 2 2 2 2 2 2 2 2 2 2 10 2 2
left_child=-1 -2 4 8 -3 6 7 -5 -4 10 12 -12 13 -10
right_child=1 2 3 5 -6 -7 -8 -9 9 -11 11 -13 -14 -15
leaf_value=0.0027782801428882292 0.00016231495072461946 0.00069139959473700887 -0.0028365287481095713 -0.0031218578143816051 -0.0016767526916651771 -0.00019331690474053267 -0.0062315392029862592 0.0017924104412095835 -0.0019653581804192051 -0.0031389401000784358 -0.00094237890491126203 0.0043445513392089729 0.0030598813649694769 0.0027055535084075299
leaf_weight=158.37062483094633 5640.1753806509078 1880.1950434539467 234.81754999607801 368.82689193822443 426.49106052145362 333.5484952237457 170.16704174596816 91.760658228769898 426.12555590737611 188.87859687022865 99.989834319800138 263.69868930056691 104.44796663708985 90.203295955434442
leaf_count=1915 74775 24558 3396 5558 5272 4693 2743 1490 6353 2849 2563 2255 990 1249
internal_value=0 -0.000115181 -0.000458031 -0.0011445 0.000231959 -0.00227538 -0.00329747 -0.00204306 -0.000333381 0.000148368 0.000839185 0.00279244 -0.000260722 -0.00104453
internal_weight=0 10319.3 4679.15 2372.46 2306.69 964.303 630.755 460.588 1408.16 1173.34 984.465 363.689 620.777 516.329
internal_count=140659 138744 63969 34139 29830 14484 9791 7048 19655 16259 13410 4818 8592 7602
is_linear=0
shrinkage=0.0101079


Tree=178
num_leaves=15
num_cat=0
split_feature=0 14 16 20 21 33 15 28 15 16 33 16 21 0
split_gain=9.86997 11.0081 29.2647 26.9206 20.3727 19.9173 18.9968 21.0796 24.2178 23.4708 18.1306 18.6633 20.6546 23.2376
threshold=1.836484491825104 -7.4218657016754142 0.83826053142547619 -0.73928904533386219 -1.0900959372520445 0.94700106978416454 7.0820071697235116 0.95032352209091198 12.277359485626222 0.78379809856414806 0.90112781524658214 0.94703865051269542 6.3686895370483407 0.88782286643981945
decision_type=2 2 2 2 2 10 2 2 2 2 10 2 2 2
left_child=1 4 3 -3 -1 -5 -7 8 -8 -10 -4 12 13 -12
right_child=-2 2 10 5 -6 6 7 -9 9 -11 11 -13 -14 -15
leaf_value=-1.8932525461969439e-05 0.00133441400945735 -0.0008019068038207333 0.0011661786840165692 -7.9864336560251869e-05 -0.0015663766860563738 0.0054655794725684478 0 0.0051567185130164317 0.004525487866757839 0.00044207709849673657 -0.002014123744229831 0.00030813409558912776 -0.002699307862059107 0.0027585831839083306
leaf_weight=3411.8117809407413 536.63549151085317 696.07418300583959 447.41431771218777 612.20515436213464 1184.834263773635 148.85249822586775 803.64127868786454 152.90640542656183 322.35231960937381 301.19790827482939 229.73316451907158 625.91665079444647 820.32864776998758 177.81745273247361
leaf_count=47988 8336 8605 11811 15389 17865 1299 7003 1330 2742 2630 1971 5118 7036 1492
internal_value=0 -6.3087e-05 0.000244167 0.000900001 -0.000428534 0.00142422 0.00197813 0.00159939 0.00116464 0.00264641 -0.000604002 -0.00105602 -0.00178179 0
internal_weight=0 9935.09 5338.44 3037.23 4596.65 2341.16 1728.95 1580.1 1427.19 623.55 2301.21 1853.8 1227.88 407.551
internal_count=140615 132279 66426 38998 65853 30393 15004 13705 12375 5372 27428 15617 10499 3463
is_linear=0
shrinkage=0.0101079


Tree=179
num_leaves=15
num_cat=0
split_feature=3 23 27 2 15 15 14 13 3 14 15 30 11 16
split_gain=10.3092 17.7477 15.0173 13.9784 16.8249 12.883 30.2845 17.5621 17.89 18.5243 15.0797 18.6328 20.3463 14.4641
threshold=0.46948848664760595 1.1109332442283633 -0.71473535895347584 2.0305749177932744 17.408080101013187 6.655085802078248 -7.5516247749328604 0.013536426704376938 0.62649405002594005 -6.9186077117919913 3.0779248476028447 -0.56174489110708226 0.039488686248660095 0.83826053142547619
decision_type=2 2 2 2 2 2 2 2 2 2 2 2 2 2
left_child=-1 5 -3 4 -4 7 -7 8 10 -10 -2 -12 -13 -8
right_child=1 2 3 -5 -6 6 13 -9 9 -11 11 12 -14 -15
leaf_value=0.00040237050701609186 0.003493285544481908 -0.00042010216775544972 0.0011094843792725136 0.0031096366319396307 -0.0023515620089062392 -0.0032175122996374299 0.00015263882476875009 0.0041975290933475148 -0.0017687078472400622 0.002825123129607861 -0.0035087910306656907 0.0044018412023629086 -0.0012912972911461717 -0.0015153409981775985
leaf_weight=3951.3952066907659 183.30853772163391 1130.8498441372067 902.36112754233181 288.94834775291383 157.69866391271353 538.0811329651624 1263.4642270551994 92.319337332621217 695.23021705262363 89.876614101231098 102.28864456154406 117.92410051636398 110.10678492300212 863.3768409602344
leaf_count=53304 2704 16105 11663 3494 1808 8010 16365 1290 10095 1122 1553 1561 1499 10386
internal_value=0 -0.000251021 0.000411788 0.00113744 0.000543545 -0.000666247 -0.00107826 9.5684e-05 -0.000187711 -0.0011696 0.00123061 0 0.00152822 -0.00050849
internal_weight=0 6535.83 2479.86 1349.01 1060.06 4055.98 2664.92 1391.05 1298.73 785.107 513.628 330.32 228.031 2126.84
internal_count=140959 87655 33070 16965 13471 54585 34761 19824 18534 11217 7317 4613 3060 26751
is_linear=0
shrinkage=0.0101079


Tree=180
num_leaves=15
num_cat=0
split_feature=11 15 15 10 7 29 27 29 16 1 21 15 2 30
split_gain=10.1613 14.1895 10.9221 23.1853 13.3687 20.1562 30.8339 13.7625 18.1051 20.5922 17.5463 34.7126 17.8896 51.4172
threshold=0.0085884383879601973 10.807217121124269 3.2852540016174321 0.2138657942414284 -11.065996170043944 0.6078576147556306 0.52803644537925731 1.0000000180025095e-35 0.95595252513885509 0.95921820402145397 3.8040634393692021 13.392527103424074 0.78664362430572521 1.0000000180025095e-35
decision_type=2 2 2 2 2 2 2 2 2 2 2 2 2 2
left_child=1 -1 3 -2 5 -4 -7 8 10 -10 11 12 13 -6
right_child=2 -3 4 -5 7 6 -8 -9 9 -11 -12 -13 -14 -15
leaf_value=0.00019379015751965243 0.0015755090546698436 0.0032634349081828123 -0.0027095081846353272 -0.0014833199460775519 -0.0014994493336591673 -0.0017093126999667056 0.0053679812889970042 -0.00044974795999454459 0.0056459360469531166 0 -0.0007816695853683891 0.0045796956935211727 -0.00062152940308820214 0.0044537202828324835
leaf_weight=602.79186398163438 958.11061922460794 216.11949224025011 493.86075606010854 324.10138144902885 262.31725097075105 167.70114279910922 87.827390735968947 4585.1730718929321 130.96324433386326 116.74777368456125 1124.9483559206128 213.82582185789943 886.43520185910165 305.65750248357654
leaf_count=8459 14087 2597 7174 4408 3626 2543 1233 61095 1377 1437 14531 2833 11616 3801
internal_value=0 0.00107555 -9.21098e-05 0.000766737 -0.000229001 -0.00151392 0.00065446 -9.60434e-05 0.000423791 0.00301042 0.000172361 0.000840492 0.00024202 0.00165049
internal_weight=0 818.911 9657.67 1282.21 8375.46 749.389 255.529 7626.07 3040.9 247.711 2793.18 1668.24 1454.41 567.975
internal_count=140817 11056 129761 18495 111266 10950 3776 100316 39221 2814 36407 21876 19043 7427
is_linear=0
shrinkage=0.0101079


Tree=181
num_leaves=15
num_cat=0
split_feature=11 2 0 3 16 23 10 3 2 15 23 2 12 16
split_gain=12.1272 27.1583 22.3607 16.2521 27.6217 14.158 12.6557 11.5482 14.1139 18.0461 14.0905 18.9889 23.0985 30.4892
threshold=0.015699314884841446 1.4910529255867007 1.1511645913124087 0.68720152974128734 0.66743952035903942 0.71723732352256786 0.13012679666280749 0.40188574790954595 1.1619180440902712 26.656888961791996 1.0798639655113222 1.2651040554046633 0.07270414382219316 0.84454789757728588
decision_type=2 2 2 2 2 2 2 2 2 2 2 2 2 2
left_child=1 3 -3 4 6 -6 -1 8 9 -2 11 12 13 -9
right_child=7 2 -4 -5 5 -7 -8 10 -10 -11 -12 -13 -14 -15
leaf_value=0.00050260405487088239 0.0003666946580507867 0.006676084704190976 0 -0.0013287561549236348 0.00040936773326102172 0.0056758767678853966 -0.0033123731499898061 2.4550329986984848e-06 0.0024791442828327715 -0.0033357958932550063 0.00020106254378219544 -0.0016356293455765715 0.0031318412868648038 -0.0031946727209040226
leaf_weight=492.06707270722836 2116.7664321521297 127.40686825662851 97.204674888402224 433.95783930830657 105.38148258067667 153.1574026811868 99.307566354051232 1892.9737522769719 291.64267820678651 135.12453979812562 2444.145771112293 1553.2135593229905 186.8096070215106 350.01475676335394
leaf_count=7009 29439 1729 1258 5790 1276 1899 1517 25138 3967 1872 32451 21471 2059 3880
internal_value=0 0.000818408 0.00400981 0.000208321 0.00104521 0.00375467 -0.000104466 -0.00015846 0.000409516 0.000116086 -0.000389748 -0.000762134 -0.000183776 -0.000487599
internal_weight=0 1508.48 224.612 1283.87 849.914 258.539 591.375 8970.69 2543.53 2251.89 6427.16 3983.01 2429.8 2242.99
internal_count=140755 20478 2987 17491 11701 3175 8526 120277 35278 31311 84999 52548 31077 29018
is_linear=0
shrinkage=0.0101079


Tree=182
num_leaves=15
num_cat=0
split_feature=13 13 0 11 27 31 16 17 13 14 14 2 0 15
split_gain=11.8906 15.2706 27.4178 19.9784 15.3398 25.8502 21.3301 19.0526 17.4111 14.9106 21.4344 14.5426 13.2979 12.3201
threshold=-0.090169277042150484 -0.026437206193804737 0.69085618853569042 0.10635110735893251 -0.75894212722778309 1.0000000180025095e-35 0.11859390512108804 58.500000000000007 -0.071168381720781312 -10.437661170959471 -12.596445083618162 1.3392662405967715 1.836484491825104 4.1697089672088632
decision_type=2 2 2 2 2 2 2 2 2 2 2 2 2 2
left_child=13 2 3 9 6 8 -4 -7 -6 10 -2 -10 -3 -1
right_child=1 12 4 -5 5 7 -8 -9 11 -11 -12 -13 -14 -15
leaf_value=0.0042299219170072984 -0.0020805053829255071 8.3122738429300625e-05 0.0015700039751492735 -0.0069796841465965291 0.0052456483758751941 -0.0034804989553708487 -0.0033652550142399709 0.00042738449471914998 -0.00025772659109825563 -0.0053194351733420395 0.0036352195030422995 0.002903853960930462 0.0018623623236790655 -0.00025535267638333799
leaf_weight=131.30895996280015 246.59181057941169 7754.2991367625073 112.43165575526655 94.083416911773384 115.28824908658862 216.79926011711359 276.06025613006204 256.16053118184209 366.00988914631307 83.780720680952072 81.039070615544915 221.08244059607387 452.06136444211006 83.634106602519751
leaf_count=2027 4269 101549 1664 1392 1293 3267 3846 3481 4961 1030 1122 2549 7059 1322
internal_value=0 -4.12452e-06 -0.000782259 -0.00281272 -8.96854e-05 0.00046008 -0.001832 -0.0013065 0.00170793 -0.00165338 -0.00049536 0.000886727 0.000187705 0.00235384
internal_weight=0 10275.7 2069.33 505.495 1563.83 1175.34 388.492 472.96 702.381 411.412 327.631 587.092 8206.36 214.943
internal_count=140831 137482 28874 7813 21061 15551 5510 6748 8803 6421 5391 7510 108608 3349
is_linear=0
shrinkage=0.0101079


Tree=183
num_leaves=15
num_cat=0
split_feature=29 23 2 3 20 17 11 18 17 12 4 23 12 20
split_gain=9.20692 8.92953 21.1805 10.0091 9.64717 16.2646 7.94088 10.2767 9.25226 7.39307 14.2045 14.4053 10.8333 11.4287
threshold=-0.60785761475563038 0.51011982560157787 0.44608741998672491 0.37481465935707098 -0.061445415019989007 38.500000000000007 0.0085884383879601973 69.500000000000014 77.500000000000014 0.14100087434053424 1.5907222628593447 1.1696541905403139 0.062651325017213835 2.3015949726104741
decision_type=2 2 2 2 2 2 2 2 2 2 2 2 2 2
left_child=-1 2 -2 -4 -5 -6 7 8 -3 12 11 -11 13 -8
right_child=1 6 3 4 5 -7 9 -9 -10 10 -12 -13 -14 -15
leaf_value=0.0023406391191499428 0.0028305116376108612 0.0028383338683016031 6.2131387854668027e-06 -0.00024138177608635779 -0.00049479155067981529 -0.0051626541888105731 2.4266657007005015e-05 -0.00057097397269329734 0 -0.0046014750719319923 0.0011501245819255227 0 0.00078722608334279634 -0.0011257471327716202
leaf_weight=160.83278730139136 112.19630456529558 332.1799505520612 216.31948173418641 185.13274740986526 153.29227862693369 207.49973413348198 5730.0604424122721 229.92014780454338 167.49211355298758 157.80677854828537 129.2147574685514 117.23252462781966 1557.320378979668 1023.3620270378888
leaf_count=1936 1486 4463 3009 3022 1933 3271 77946 3135 2145 2431 1948 1826 18710 13622
internal_value=0 -4.14084e-05 -0.00101606 -0.0016573 -0.00238061 -0.00334065 4.52941e-05 0.0010545 0.00187962 -3.53992e-05 -0.00135921 -0.0026806 2.53135e-05 -0.000145082
internal_weight=0 10319 874.441 762.244 545.925 360.792 9444.59 729.592 499.672 8715 404.254 275.039 8310.74 6753.42
internal_count=140883 138947 12721 11235 8226 5204 126226 9743 6608 116483 6205 4257 110278 91568
is_linear=0
shrinkage=0.0101079


Tree=184
num_leaves=15
num_cat=0
split_feature=29 13 14 23 13 33 3 15 4 15 10 3 16 3
split_gain=10.2002 12.2223 13.3987 26.6005 26.0258 23.3929 23.0089 19.4826 18.8997 15.8057 14.7843 14.1759 14.1613 14.9207
threshold=-0.60785761475563038 -0.090169277042150484 -7.4218657016754142 0.54710644483566295 -0.0076820014510303727 1.0013927817344668 0.32421801984310156 11.233857154846193 -1.803194999694824 8.947242736816408 0.12910979986190799 0.67817920446395885 0.62434104084968578 0.47620494663715368
decision_type=2 2 2 2 2 8 2 2 2 2 2 2 2 2
left_child=-1 -2 3 6 5 7 -3 -4 9 10 -5 -8 -6 -14
right_child=1 2 4 8 12 -7 11 -9 -10 -11 -12 -13 13 -15
leaf_value=0.0025033255110090721 0.0023207389480893363 0.00077515809562998382 0.0014165063593933281 0.0026344202230557004 0.0014516310690380159 -0.00080661532004960303 -0.0051175867421425405 0.0064312424643544093 -0.00067184963874181733 -0.0015818143598124415 4.1289767864717581e-05 0 0.00045060478908371196 -0.00072872148563164329
leaf_weight=154.59665510617197 208.42009884864092 118.88760402426124 217.45015862956643 484.25179487466812 596.23237706813961 147.15259421244264 275.22578057553619 156.05294311791658 2962.2742153583094 204.63015033304691 474.10596079938114 80.592605631798506 1933.7860098760575 2449.0604098672047
leaf_count=1909 3207 1850 1898 6648 7833 3863 4230 1211 42821 2949 6189 1474 23631 31005
internal_value=0 -5.01961e-05 -0.000104846 -0.000509711 0.000226666 0.00235985 -0.00276398 0.0037048 -0.000235881 0.000837129 0.00140397 -0.00404937 0 -0.00019928
internal_weight=0 10308.1 10099.7 4599.97 5499.73 520.656 474.706 373.503 4125.26 1162.99 958.358 355.818 4979.08 4382.85
internal_count=140718 138809 135602 66161 69441 6972 7554 3109 58607 15786 12837 5704 62469 54636
is_linear=0
shrinkage=0.0101079


Tree=185
num_leaves=15
num_cat=0
split_feature=27 14 3 0 9 0 2 30 3 30 28 16 12 2
split_gain=12.6551 16.2364 29.3961 22.2282 15.0789 14.4698 12.0184 16.4822 24.7795 12.2469 24.1065 26.3729 23.8891 21.1252
threshold=-0.71473535895347584 -9.2883009910583478 0.48346425592899328 1.0338678359985354 0.11667933315038682 0.66071233153343212 2.0816609859466557 -0.56174489110708226 0.72862958908081066 1.0000000180025095e-35 -0.90159028768539418 0.85086807608604442 0.07019390165805818 0.47384461760520941
decision_type=2 2 2 2 2 2 2 2 2 2 2 2 2 2
left_child=1 3 -3 -1 -5 -4 9 -8 -9 10 -2 -12 -13 -11
right_child=6 2 5 4 -6 -7 7 8 -10 13 11 12 -14 -15
leaf_value=-0.0033267105344477045 0.0011920817700602504 0.003298132328125993 -0.0039897487500520105 0.0022612520380024884 -0.0013241660032760143 -0.0001851500230144591 0.0037373352719331215 -0.0022623032005985033 0.002850001784278466 0.003435553328680398 -0.0001471687502962896 -0.0035305994424410904 9.4230149893877147e-05 0.00031800408583670817
leaf_weight=430.65599519200623 902.90036227181554 231.57398198917508 107.92798193451017 160.98998388648033 390.62237618304789 1179.1885024420917 220.92139321938157 187.72977030649781 182.06115539185703 238.89993785694242 2594.1878862725571 515.22828342951834 254.57485845126212 2871.2824833625928
leaf_count=6846 11718 2161 1787 2436 5806 16756 2676 2337 2375 3209 36008 6372 2620 37601
internal_value=0 -0.000612486 1.77815e-05 -0.00162048 -0.000188753 -0.000557093 0.000210339 0.00159246 0.000154098 9.26509e-05 -0.000252258 -0.000653754 -0.00229061 0.000578283
internal_weight=0 2500.96 1518.69 982.268 551.612 1287.12 7967.79 590.712 369.791 7377.07 4266.89 3363.99 769.803 3110.18
internal_count=140708 35792 20704 15088 8242 18543 104916 7388 4712 97528 56718 45000 8992 40810
is_linear=0
shrinkage=0.0101079


Tree=186
num_leaves=15
num_cat=0
split_feature=21 16 14 0 16 27 15 10 14 4 13 14 15 4
split_gain=11.608 17.909 15.1272 19.4268 24.8515 18.9898 17.0546 17.8698 16.9556 18.4273 15.2165 17.9479 16.9435 14.3166
threshold=8.7789583206176776 0.94092312455177318 -7.2218482494354239 0.73806479573249828 0.13636721670627597 0.076279435306787505 8.947242736816408 0.2257611230015755 -1.6149014234542844 -1.5272785425186155 -0.054683871567249291 -10.19350481033325 9.5439791679382342 -1.8429954051971433
decision_type=2 2 2 2 2 2 2 2 2 2 2 2 2 2
left_child=2 -2 3 4 5 -1 7 13 9 -4 -6 12 -12 -5
right_child=1 -3 8 6 10 -7 -8 -9 -10 -11 11 -13 -14 -15
leaf_value=-0.0010433859430977941 -0.0019240428797039923 0.00035010846304457953 -0.00084966256923338888 0.0019097569502498938 -0.0044967383433326463 0.0049623829924475933 -0.0012284521367372638 -0.0016636609399444764 -0.0010879670589493374 0.0011235950291447153 -0.00082646858079599779 -0.0027588407747602948 0.0039566485477651641 0.00023885078834610081
leaf_weight=89.111402286216617 760.85479893535376 604.90247024595737 544.19473034329712 775.4363558171317 196.92015759181231 96.439596747979522 757.0080235004425 337.59845916368067 528.71873641014099 3064.75878761895 403.78766261227429 433.6826150836423 84.994093490764499 1809.4000343522057
leaf_count=1742 10776 6856 6618 10188 3279 1671 10492 4342 6066 39021 6545 6883 1400 24880
internal_value=0 -0.000890971 0.00010495 -0.000264436 -0.0013225 0.00194119 0.000101788 0.000462489 0.000559362 0.000813684 -0.00190891 -0.00128057 0 0.000759882
internal_weight=0 1365.76 9122.05 4984.38 1304.94 185.551 3679.44 2922.43 4137.67 3608.95 1119.38 922.464 488.782 2584.84
internal_count=140759 17632 123127 71422 21520 3413 49902 39410 51705 45639 18107 14828 7945 35068
is_linear=0
shrinkage=0.0101079


Tree=187
num_leaves=15
num_cat=0
split_feature=13 13 0 21 33 16 0 23 3 18 13 20 23 12
split_gain=12.5616 12.8541 32.8864 12.2512 17.6305 26.6431 13.2117 12.2778 13.2071 20.7996 19.3502 18.872 15.888 21.592
threshold=-0.090169277042150484 -0.044465593993663781 0.68760463595390331 7.3447923660278329 0.89012691378593456 0.95595252513885509 0.44711589813232427 2.2415853738784794 0.3440737277269364 8.5000000000000018 0.052703024819493301 0.81999310851097118 0.8445686697959901 0.053311157971620567
decision_type=2 2 2 2 10 2 2 2 2 2 2 2 2 2
left_child=-1 2 -2 6 -5 -6 -3 8 9 -8 12 -11 -10 -14
right_child=1 3 -4 4 5 -7 7 -9 10 11 -12 -13 13 -15
leaf_value=0.0023333539678923377 -0.0041824841506636875 -0.0024168099809587207 -3.5469807246057877e-05 0.00096792968558168894 -0.0022616882543594094 0.00064455495304032849 -0.0018839756894482914 0.0026860150717353554 -0.00045209246459389262 0.0030482009486946086 -0.0022925514822423739 -5.2866806575868458e-06 0.00023160655255132054 0.0024065519462296249
leaf_weight=214.26759869791567 264.43725738395005 179.95385200344026 766.32453371398151 450.27919563278556 937.04059428349137 456.88534362241626 158.44997389987111 206.09490257874131 2380.0034597432241 541.53992962278426 338.95013708621264 289.74099839478731 2722.158121233806 571.20015972293913
leaf_count=3328 4440 3074 10572 11747 8259 3727 2409 2790 31347 7922 3815 4300 35792 7332
internal_value=0 -9.42807e-05 -0.00116129 2.13261e-05 -0.000708985 -0.00128189 0.000209645 0.000283315 0.00020397 0.0012819 1.83953e-05 0.00194527 0.000166484 0.00062579
internal_weight=0 10263.1 1030.76 9232.3 1844.21 1393.93 7388.09 7208.14 7002.04 989.731 6012.31 831.281 5673.36 3293.36
internal_count=140854 137526 15012 122514 23733 11986 98781 95707 92917 14631 78286 12222 74471 43124
is_linear=0
shrinkage=0.0101079


Tree=188
num_leaves=15
num_cat=0
split_feature=29 23 2 14 7 7 21 0 28 33 11 2 14 2
split_gain=11.1327 9.10683 19.0464 10.3696 12.8692 9.204 8.74312 20.1055 30.5034 20.9923 14.9076 23.6447 14.4076 24.049
threshold=-0.60785761475563038 0.51552650332450878 0.7778034806251527 -10.112870216369627 5.3187267780303964 5.3187267780303964 6.0571136474609384 0.73485559225082409 0.50938662886619579 0.90112781524658214 0.13838164508342746 1.2428364753723147 -7.4899802207946768 1.2354574799537661
decision_type=2 2 2 2 2 2 2 2 2 10 2 2 2 2
left_child=-1 2 5 -4 -5 -2 12 8 -8 -9 -11 -12 -3 -14
right_child=1 6 3 4 -6 -7 7 9 -10 10 11 -13 13 -15
leaf_value=0.0026132338283179715 -0.00062688925869522523 -0.00010483912719453445 -0.00017116608334267051 -0.0062172164918493297 -0.0013883844484084593 0.0021901617466556712 0.0048526936669127099 0.0010505941990848749 -0.0012356845355205172 -0.002139090816535274 -0.0024022457078175792 0.0021952353588912169 0.00037083851283460591 0.0028287536046619974
leaf_weight=160.85729644075036 282.39254762232304 4309.1257245680317 169.07220338657498 115.4365444118157 168.66862726677209 180.64152849838138 160.80737672932446 417.5610311627388 147.18644167482853 1006.9757974073291 203.73750203102827 240.54343311861157 2449.9018841218203 496.31863920949399
leaf_count=1954 4362 61248 2546 1787 2454 2176 2266 10716 2290 8650 1586 2104 30535 6387
internal_value=0 -2.53988e-06 -0.000964044 -0.00243303 -0.00360056 0.000403764 8.72715e-05 -0.000466944 0.0018553 -0.000877238 -0.00146228 0 0.000259444 0.000804847
internal_weight=0 10348.4 916.211 453.177 284.105 463.034 9432.16 2176.81 307.994 1868.82 1451.26 444.281 7255.35 2946.22
internal_count=141061 139107 13325 6787 4241 6538 125782 27612 4556 23056 12340 3690 98170 36922
is_linear=0
shrinkage=0.0101079


Tree=189
num_leaves=15
num_cat=0
split_feature=13 13 0 3 3 14 7 18 5 28 13 28 9 16
split_gain=9.02076 12.5561 28.7963 15.8861 15.018 14.2879 13.8699 14.4629 24.471 16.6828 13.8703 12.5647 12.3732 12.1299
threshold=-0.090169277042150484 -0.034840341657400124 0.69085618853569042 0.67817920446395885 0.3440737277269364 -14.164927959442137 -5.9514036178588858 35.500000000000007 -5.0923249721527091 -0.7866188883781432 -0.021471965126693245 -0.58244305849075306 0.16815523803234103 0.24054099619388583
decision_type=2 2 2 2 2 2 2 2 2 2 2 2 2 2
left_child=12 2 4 -4 13 -6 7 8 -3 -9 -11 -10 -1 -2
right_child=1 6 3 -5 5 -7 -8 9 11 10 -12 -13 -14 -15
leaf_value=0.004310768409043971 -0.0035077558814284727 0.0020566920308836001 0.00057739203955450315 -0.0023011488538842322 -0.0074445841558471223 -0.0014611228126841251 -5.7656386512261587e-05 0 0.00027632432863285654 0.0017496029608041284 0.0072362915984246811 -0.0034372175108394578 -9.3766463479407546e-05 0.0014998871405395822
leaf_weight=108.32146603986621 82.536261169239879 365.08777551352978 857.92242792248726 244.66173760592937 116.24632970057428 97.42455723322928 7691.5787951527163 129.75192319229245 145.45833476819098 144.88319259881973 98.441808708012104 181.28691443428397 109.51579150184989 90.623107181861997
leaf_count=1724 1319 4846 11564 3507 2042 1315 101255 1691 2160 2092 1310 2727 1637 1401
internal_value=0 -5.45316e-05 -0.000912427 -3.63024e-05 -0.00325796 -0.00504387 8.74366e-05 0.00116612 0.000228055 0.00275984 0.00428329 -0.00169436 0.00198859 -0.000710315
internal_weight=0 10245.9 1489.41 1102.58 386.83 213.671 8756.49 1064.91 691.833 373.077 243.325 326.745 217.837 173.159
internal_count=140590 137229 21148 15071 6077 3357 116081 14826 9733 5093 3402 4887 3361 2720
is_linear=0
shrinkage=0.0101079


Tree=190
num_leaves=15
num_cat=0
split_feature=13 29 22 3 30 15 22 13 23 15 12 7 3 30
split_gain=9.76195 11.3828 18.6376 24.5118 20.5772 16.5129 28.2796 59.0054 23.5556 15.7055 25.0551 19.4106 22.5801 18.0483
threshold=-0.090169277042150484 1.0000000180025095e-35 -0.57760053873062123 0.50516992807388317 1.0000000180025095e-35 13.79131078720093 -0.73845571279525746 0.054792493581771858 1.8695499897003176 3.4843167066574101 -0.1178058087825775 -11.486811161041258 0.32160186767578131 1.0000000180025095e-35
decision_type=2 2 2 2 2 2 2 2 2 2 2 2 2 2
left_child=-1 5 3 4 -3 8 7 -7 9 10 -2 -11 -13 -14
right_child=1 2 -4 -5 -6 6 -8 -9 -10 11 -12 12 13 -15
leaf_value=0.0020588024877176083 -0.0029061332075386694 -0.0011764727866020251 -5.1861879030579695e-06 -0.0025209629548427347 0.0022770086148313738 0.0096042830973175914 0.0005567060777999926 -0.00026650759888527517 0.0034353610010706666 -0.0036918064111941661 0.0023003590683857329 0.0031098561538536571 -0.0020585742040170941 5.3754347047736558e-05
leaf_weight=218.74782355688512 108.35700315050781 509.08754871971905 4571.6017117854208 798.37220935802907 259.91187974251807 108.18111390061677 1190.0015324112028 115.66346245259047 169.5779728256166 206.79745331592858 422.06155685707927 156.35176239535213 671.88366429880261 963.34521959163249
leaf_count=3377 1381 6836 61547 11809 3344 1255 15127 1467 2070 3022 5626 2435 8882 12492
internal_value=0 -6.198e-05 -0.000340816 -0.00128928 0 0.000344313 0.00122842 0.00448834 -0.000106119 -0.000369196 0.00113534 -0.000791525 -0.000420003 -0.000795041
internal_weight=0 10251.2 6138.97 1567.37 768.999 4112.22 1413.85 223.845 2698.37 2528.8 530.419 1998.38 1791.58 1635.23
internal_count=140670 137293 83536 21989 10180 53757 17849 2722 35908 33838 7007 26831 23809 21374
is_linear=0
shrinkage=0.0101079


Tree=191
num_leaves=15
num_cat=0
split_feature=29 23 7 15 3 30 0 3 28 5 13 15 29 8
split_gain=13.4258 16.442 12.1292 44.1315 17.6708 12.7776 8.06038 12.9993 16.1464 22.1907 20.0087 28.8007 38.5898 14.5689
threshold=-0.60785761475563038 0.52100190520286571 5.3187267780303964 13.014068126678469 0.32421801984310156 1.0000000180025095e-35 1.836484491825104 0.58187785744667064 -0.20576497167348859 7.4878017902374276 0.059565186500549323 14.188780307769777 0.6078576147556306 1.8996673226356509
decision_type=2 2 2 2 2 2 2 2 2 2 2 2 2 2
left_child=-1 2 4 -4 -2 -5 7 13 9 -9 11 -10 -13 -3
right_child=1 6 3 5 -6 -7 -8 8 10 -11 -12 12 -14 -15
leaf_value=0.0028786628141220863 0.0006693688645073541 0.00058320047078476715 0.0057976488323723957 -0.0038217927569658464 -0.0032178939381530261 0.0002746173983204548 0.0013043694646768527 0.00067580486406288776 -0.0013332418659721965 -0.0027363890875969862 -0.0045915846934457454 0.0046951194826712114 -0.0020173291940008952 -0.0010431709451805516
leaf_weight=158.33277417905629 139.15285868383944 4389.6942983213812 95.271014426834881 153.04307203739882 432.12396228965372 116.35502632521093 535.15595271810889 1634.4419215060771 1505.479831693694 210.98299038410187 146.82062717154622 199.82088966481388 135.45143055729568 623.14371660165489
leaf_count=1903 2076 57804 1259 2028 6728 1623 8302 19967 21049 2729 2346 2677 2125 8130
internal_value=0 -1.69401e-05 -0.00129217 4.45305e-05 -0.00220473 -0.00194751 0.000106923 2.88437e-05 -0.000408827 0.000254178 -0.00104333 -0.000720615 0.00188062 0.000371682
internal_weight=0 10316.9 935.946 364.669 571.277 269.398 9380.99 8845.84 3833 1845.42 1987.57 1840.75 335.272 5012.84
internal_count=140746 138843 13714 4910 8804 3651 125129 116827 50893 22696 28197 25851 4802 65934
is_linear=0
shrinkage=0.0101079


Tree=192
num_leaves=15
num_cat=0
split_feature=3 15 7 30 12 7 22 3 28 12 12 21 5 5
split_gain=10.5598 16.6649 29.3091 18.1894 13.5434 17.4377 15.8418 15.5367 12.9489 17.5005 24.3841 17.501 12.5576 18.7307
threshold=0.46510678529739385 6.5132980346679696 0.1236131899058819 -0.56174489110708226 0.07019390165805818 -0.24281068891286847 -0.18606496602296826 0.56617081165313732 0.33172981441020971 -0.084447804838418947 -0.024514393880963322 -10.303807735443113 2.0244168043136601 0.4591511487960816
decision_type=2 2 2 2 2 2 2 2 2 2 2 2 2 2
left_child=12 2 8 -4 6 -6 -3 -7 -2 11 -11 -10 13 -1
right_child=1 4 3 -5 5 7 -8 -9 9 10 -12 -13 -14 -15
leaf_value=0.00025599436248719093 0.00051158096116650129 -0.0018071881856697493 0 0.0045149319464069075 0.0027352822492645915 0.0018362222913534999 -0.00019512197706006779 -0.00081256220214134388 -0.001973231799031111 -0.0045083921885637427 0.0006653020237158948 0.0033593054404476405 -0.0004706871330880071 0.0020940404493120933
leaf_weight=2008.3983338139951 1358.4593427795917 1345.1216095723212 118.20947113633156 255.42663658410311 218.16920815780759 268.13586791045964 1273.9644294437021 1156.8838577196002 104.11098767630756 240.41682513523847 126.44017605949193 125.01417255029082 1036.8343819528818 820.59782949648798
leaf_count=27667 18331 18000 1545 3190 2452 3123 16530 15958 1620 3594 1996 1925 13643 10938
internal_value=0 -0.000209956 0.000467181 0.00303155 -0.000589471 0.000107681 -0.00104132 -0.000278764 -1.23014e-05 -0.00126488 -0.00263988 0.000779727 0.00045407 0.000807627
internal_weight=0 6590.35 2328.08 373.636 4262.27 1643.19 2619.09 1425.02 1954.44 595.982 366.857 229.125 3865.83 2829
internal_count=140512 88264 32201 4735 56063 21533 34530 19081 27466 9135 5590 3545 52248 38605
is_linear=0
shrinkage=0.0101079


Tree=193
num_leaves=15
num_cat=0
split_feature=21 14 22 20 14 27 16 33 16 33 12 6 4 14
split_gain=8.34695 17.3124 21.1613 19.0978 18.1106 25.0538 17.2345 14.3927 20.3476 13.1609 18.7736 25.702 20.0679 14.8446
threshold=7.3447923660278329 -7.4218657016754142 -0.31247575581073755 -0.73928904533386219 -1.9611937403678892 0.79989895224571239 0.13201196491718295 0.90112781524658214 0.95595252513885509 2.0062500238418584 1.0000000180025095e-35 -0.47583113610744471 -1.7324893474578855 -4.3803381919860831
decision_type=2 2 2 2 2 2 2 10 2 8 2 2 2 2
left_child=1 2 6 -3 9 -6 -1 -2 -9 10 11 -5 -12 -14
right_child=7 3 -4 4 5 -7 -8 8 -10 -11 12 -13 13 -15
leaf_value=0.00099205877683270524 0.00087509694229523057 -0.00083448736872305759 0.00030388199122636112 0.0024038476128397392 0.00045843664346586295 -0.0047442616189795912 -0.0014243929050893559 -0.0020047769816994741 0.00052842257457686207 6.0688755556600915e-07 -0.00067040856825646223 -0.00197070868392218 0.0040723983782097722 0.0016670120664149686
leaf_weight=334.7223243098706 450.18154418468475 707.56251525320113 2688.7793570850044 252.95922602713108 361.84633794426918 115.46561609767377 1829.1376984547824 942.84894584864378 454.32894171029329 647.27683000545949 174.449598133564 280.92405920475721 553.76039490103722 689.22728636115789
leaf_count=5437 11749 8778 37429 2133 4106 1357 26831 8313 3703 16365 1475 2423 4776 5962
internal_value=0 0.000110574 -0.000283165 0.000625815 0.000976102 -0.000771487 -0.00102977 -0.000635994 -0.00115382 0.00131396 0.00172724 3.18796e-05 0.00233379 0.00278933
internal_weight=0 8636.11 4852.64 3783.47 3075.91 477.312 2163.86 1847.36 1397.18 2598.6 1951.32 533.883 1417.44 1242.99
internal_count=140837 117072 69697 47375 38597 5463 32268 23765 12016 33134 16769 4556 12213 10738
is_linear=0
shrinkage=0.0101079


Tree=194
num_leaves=15
num_cat=0
split_feature=0 5 15 13 0 2 17 28 14 0 13 11 10 7
split_gain=10.9344 12.9265 13.7093 23.218 18.6313 15.5381 12.0255 10.509 8.54211 18.699 25.7957 23.6991 16.1869 22.7581
threshold=1.836484491825104 6.7182168960571298 23.994694709777836 0.076681118458509459 0.83346122503280651 0.77288460731506359 5.5000000000000009 -0.076279435306787477 -7.1594781875610343 0.73806479573249828 -0.090169277042150484 0.1123572885990143 0.21610252559185031 -15.372850894927977
decision_type=2 2 2 2 2 2 2 2 2 2 2 2 2 2
left_child=1 2 3 8 -5 -4 -3 -7 9 10 -1 -12 13 -11
right_child=-2 6 5 4 -6 7 -8 -9 -10 12 11 -13 -14 -15
leaf_value=0.003702773162647663 0.0013845043385718838 -0.00017807116426005808 -0.0050014368395015461 0.0063264881758265468 0 0.0013457915323269846 -0.0029458040316774317 -0.0020842261944618856 0.00037086607138866925 0.0026495137203745634 -0.0011913059061019911 -0.0061314591858466407 -0.0018605581171981112 2.0986068074886736e-05
leaf_weight=85.928843051195145 540.0812516734004 421.64238023944199 104.65900815650821 101.63871053233743 93.0459916125983 148.87293384596705 292.08284298889339 192.42861601896584 3974.539262293838 385.39693361148238 1098.3138278909028 109.23067953065038 359.25524560548365 2573.5758631164208
leaf_count=1581 8335 5086 1387 1539 1160 1870 3907 2563 49018 5295 18170 1600 4594 34646
internal_value=0 -8.22542e-05 1.52752e-05 0.000108041 0.00349407 -0.00169308 -0.00138606 -0.000475306 2.35187e-05 -0.000267189 -0.00129707 -0.00170721 0.000124145 0.000382931
internal_weight=0 9940.61 9226.89 8780.93 194.685 445.961 713.725 341.302 8586.24 4611.7 1293.47 1207.54 3318.23 2958.97
internal_count=140751 132416 123423 117603 2699 5820 8993 4433 114904 65886 21351 19770 44535 39941
is_linear=0
shrinkage=0.0101079


Tree=195
num_leaves=15
num_cat=0
split_feature=3 15 7 30 21 7 2 22 29 27 28 3 3 3
split_gain=8.92995 11.8771 29.961 22.9207 14.243 19.5533 17.5902 16.6719 22.9152 14.7879 11.6173 23.1804 13.0557 18.645
threshold=0.46510678529739385 6.5132980346679696 0.1236131899058819 -0.56174489110708226 0.86654078960418712 0.1236131899058819 1.205188572406769 0.13129936158657077 0.87837970256805431 0.39271505177021032 0.41268247365951544 0.85314050316810619 0.67817920446395885 0.52147465944290172
decision_type=2 2 2 2 2 2 2 2 2 2 2 2 2 2
left_child=-1 2 10 -4 7 6 9 8 -3 -6 12 -12 13 -2
right_child=1 4 3 -5 5 -7 -8 -9 -10 -11 11 -13 -14 -15
leaf_value=0.00043500236434759488 -0.0012262694547928402 -0.0033304218268101491 -0.00041998923074964629 0.0046512749098205908 0.0023487360232669371 -0.00046043389012861974 0.004236631893797688 0.00018199118569444016 0.001245848544434235 -0.0025960584645924344 -0.0025527459728861002 0.0021834704963539565 -0.00036265877335696296 0.0027545286606642698
leaf_weight=3880.9661571066827 149.25233640708029 556.48177144490182 115.89022178016603 257.4235951602459 124.56554245576262 2869.6148507269099 174.13300923258066 339.01421942748129 120.58214975520968 108.33708945848048 412.62785715702921 125.71948970668018 868.61211937759072 398.78022629395127
leaf_count=52484 2133 7904 1519 3200 1572 37333 2049 4547 1753 1269 6337 1993 11655 5342
internal_value=0 -0.000173799 0.000397117 0.00299379 -0.000493027 -0.000153694 0.00187984 -0.00153844 -0.00245146 0 -8.78075e-05 -0.00135747 0.000370937 0.00159555
internal_weight=0 6621.03 2328.31 373.314 4292.73 3276.65 407.036 1016.08 677.064 232.903 1954.99 538.347 1416.64 548.033
internal_count=141090 88606 32179 4719 56427 42223 4890 14204 9657 2841 27460 8330 19130 7475
is_linear=0
shrinkage=0.0101079


Tree=196
num_leaves=15
num_cat=0
split_feature=22 14 21 21 20 8 2 2 13 13 4 13 22 17
split_gain=8.18493 12.7221 16.1758 15.871 16.2079 15.0035 12.6104 21.4175 12.4299 12.3859 12.9068 11.9253 10.5741 11.3691
threshold=0.62699788808822643 -7.4218657016754142 -1.3525928258895872 6.8992941379547128 -0.73928904533386219 -1.6980681419372556 0.56633353233337413 0.97197997570037853 0.018436509184539322 -0.086213365197181688 -1.8429954051971433 0.036025283858180053 -0.72406882047653187 67.500000000000014
decision_type=2 2 2 2 2 2 2 2 2 2 2 2 2 2
left_child=1 2 8 4 6 -5 -3 11 9 -1 -11 -8 -4 -14
right_child=-2 3 12 5 -6 -7 7 -9 -10 10 -12 -13 13 -15
leaf_value=0.0018682788374097513 0.00059654602539607954 -0.0028486571043771182 -0.0035288564318762573 -0.0027538018222848133 0.00099852392451866743 -0.00010928577218445471 0 -0.0033267298127227659 0.0031529335409248719 0.00096916094672038356 -0.00086571775232366279 0.004068985176190346 -0.0017422376799319495 0.00059112873940556825
leaf_weight=235.16083346307278 1886.0455463584512 200.45798359252512 232.79503473360091 268.26834682561457 2510.322816950269 1257.2838813234121 155.40005972422659 111.74949167668819 103.85608975589275 461.1811466133222 1997.6511080600321 118.85984957963228 651.59597686491907 278.74722364265472
leaf_count=3590 24153 2496 3560 3672 31528 15694 2013 1395 1441 6444 29004 1503 9832 4272
internal_value=0 -0.000137472 -0.000560198 0.000216351 0.000638028 -0.000612132 -0.000829879 0.000150514 -0.000126551 -0.000276519 -0.000503212 0.00176272 -0.00156109 -0.00100082
internal_weight=0 8583.33 3960.99 4622.34 3096.79 1525.55 586.467 386.009 2797.85 2693.99 2458.83 274.26 1163.14 930.343
internal_count=140597 116444 58143 58301 38935 19366 7407 4911 40479 39038 35448 3516 17664 14104
is_linear=0
shrinkage=0.0101079


Tree=197
num_leaves=15
num_cat=0
split_feature=14 16 13 7 6 13 4 3 3 3 13 0 3 20
split_gain=10.9832 24.0497 20.0901 22.5661 24.6357 18.636 15.7283 26.0939 29.4742 23.865 22.4263 17.4685 14.8308 12.9783
threshold=-7.4218657016754142 0.54122149944305431 -0.0076820014510303727 0.62520331144332897 5.7021572589874276 -0.019423056393861767 -1.8825644254684446 0.33465410768985754 0.26544229686260229 0.20172929018735888 -0.086213365197181688 1.1448944211006167 0.86646974086761486 -2.8944129943847652
decision_type=2 2 2 2 2 2 2 2 2 2 2 2 2 2
left_child=1 6 3 4 5 -2 -1 8 9 -8 -9 13 -13 -12
right_child=2 -3 -4 -5 -6 -7 7 10 -10 -11 11 12 -14 -15
leaf_value=0.00096488050146211358 -0.0017428395939311299 -0.0023345006898150169 0.00010838907371164194 -0.00078878194609674425 0.0070694313207287458 0.0036048712110974108 0.0027183588264210069 0.003296572780587276 0.0033470698801298772 -0.0033485823146517922 0 -0.00062624798015658222 0.0026405475735565937 -0.0020339710756158854
leaf_weight=1078.5598871856928 96.973882531747222 541.98721052892506 5059.8870051940903 160.11636153608561 128.23154476471245 151.29028687812388 93.34197442419827 113.65549884177744 346.73456971533597 168.01823424734175 429.16686515696347 467.40359654836357 190.3205224853009 1463.1684111105278
leaf_count=14412 1256 8131 63328 2325 1329 2157 1627 1631 5262 2799 6282 6273 2638 21506
internal_value=0 -0.000339494 0.000315484 0.00216493 0.00351723 0.00136807 -7.80012e-05 -0.000435584 0.00141685 -0.00101563 -0.000876474 -0.00108758 0.000277619 -0.00158261
internal_weight=0 4892.36 5596.5 536.612 376.496 248.264 4350.37 3271.81 608.095 261.36 2663.71 2550.06 657.724 1892.34
internal_count=140956 70561 70395 7067 4742 3413 62430 48018 9688 4426 38330 36699 8911 27788
is_linear=0
shrinkage=0.0101079


end of trees

feature_importances:
Column_3=222
Column_29=222
Column_13=205
Column_2=169
Column_27=159
Column_15=153
Column_16=140
Column_21=140
Column_28=136
Column_14=132
Column_23=127
Column_11=117
Column_22=100
Column_0=95
Column_20=90
Column_7=73
Column_12=68
Column_30=67
Column_5=53
Column_10=50
Column_18=46
Column_17=43
Column_33=43
Column_6=41
Column_4=28
Column_8=21
Column_9=17
Column_32=8
Column_1=4
Column_31=3

parameters:
[boosting: gbdt]
[objective: binary]
[metric: auc]
[tree_learner: serial]
[device_type: cpu]
[data_sample_strategy: bagging]
[data: ]
[valid: ]
[num_iterations: 600]
[learning_rate: 0.0101079]
[num_leaves: 15]
[num_threads: 2]
[seed: 1337]
[deterministic: 0]
[force_col_wise: 0]
[force_row_wise: 0]
[histogram_pool_size: -1]
[max_depth: -1]
[min_data_in_leaf: 1280]
[min_sum_hessian_in_leaf: 0.001]
[bagging_fraction: 0.829452]
[pos_bagging_fraction: 1]
[neg_bagging_fraction: 1]
[bagging_freq: 1]
[bagging_seed: 1337]
[feature_fraction: 0.727545]
[feature_fraction_bynode: 1]
[feature_fraction_seed: 1337]
[extra_trees: 0]
[extra_seed: 18955]
[early_stopping_round: 0]
[early_stopping_min_delta: 0]
[first_metric_only: 0]
[max_delta_step: 0]
[lambda_l1: 4.00664]
[lambda_l2: 7.63247]
[linear_lambda: 0]
[min_gain_to_split: 0]
[drop_rate: 0.1]
[max_drop: 50]
[skip_drop: 0.5]
[xgboost_dart_mode: 0]
[uniform_drop: 0]
[drop_seed: 17763]
[top_rate: 0.2]
[other_rate: 0.1]
[min_data_per_group: 100]
[max_cat_threshold: 32]
[cat_l2: 10]
[cat_smooth: 10]
[max_cat_to_onehot: 4]
[top_k: 20]
[monotone_constraints: ]
[monotone_constraints_method: basic]
[monotone_penalty: 0]
[feature_contri: ]
[forcedsplits_filename: ]
[refit_decay_rate: 0.9]
[cegb_tradeoff: 1]
[cegb_penalty_split: 0]
[cegb_penalty_feature_lazy: ]
[cegb_penalty_feature_coupled: ]
[path_smooth: 0]
[interaction_constraints: ]
[verbosity: -1]
[saved_feature_importance_type: 0]
[use_quantized_grad: 0]
[num_grad_quant_bins: 4]
[quant_train_renew_leaf: 0]
[stochastic_rounding: 1]
[linear_tree: 0]
[max_bin: 255]
[max_bin_by_feature: ]
[min_data_in_bin: 3]
[bin_construct_sample_cnt: 200000]
[data_random_seed: 4404]
[is_enable_sparse: 1]
[enable_bundle: 1]
[use_missing: 1]
[zero_as_missing: 0]
[feature_pre_filter: 1]
[pre_partition: 0]
[two_round: 0]
[header: 0]
[label_column: ]
[weight_column: ]
[group_column: ]
[ignore_column: ]
[categorical_feature: ]
[forcedbins_filename: ]
[precise_float_parser: 0]
[parser_config_file: ]
[objective_seed: 4113]
[num_class: 1]
[is_unbalance: 0]
[scale_pos_weight: 1]
[sigmoid: 1]
[boost_from_average: 1]
[reg_sqrt: 0]
[alpha: 0.9]
[fair_c: 1]
[poisson_max_delta_step: 0.7]
[tweedie_variance_power: 1.5]
[lambdarank_truncation_level: 30]
[lambdarank_norm: 1]
[label_gain: ]
[lambdarank_position_bias_regularization: 0]
[eval_at: ]
[multi_error_top_k: 1]
[auc_mu_weights: ]
[num_machines: 1]
[local_listen_port: 12400]
[time_out: 120]
[machine_list_filename: ]
[machines: ]
[gpu_platform_id: -1]
[gpu_device_id: -1]
[gpu_use_dp: 0]
[num_gpu: 1]

end of parameters

pandas_categorical:null
