tree
version=v4
num_class=1
num_tree_per_iteration=1
label_index=0
max_feature_idx=33
objective=binary sigmoid:1
feature_names=Column_0 Column_1 Column_2 Column_3 Column_4 Column_5 Column_6 Column_7 Column_8 Column_9 Column_10 Column_11 Column_12 Column_13 Column_14 Column_15 Column_16 Column_17 Column_18 Column_19 Column_20 Column_21 Column_22 Column_23 Column_24 Column_25 Column_26 Column_27 Column_28 Column_29 Column_30 Column_31 Column_32 Column_33
feature_infos=[0.22403052449226379:4.806818962097168] [0.027025075629353523:26.170040130615234] [0.17134076356887817:8.6935958862304688] [0.087584272027015686:1] [-28.67047119140625:41.262332916259766] [-36.190670013427734:42.326030731201172] [-36.841156005859375:62.500308990478516] [-45.158794403076172:63.120437622070312] [-22.455821990966797:30.680826187133789] [0:0.95389312505722046] [0:0.64536702632904053] [0:0.40022626519203186] [-0.51016271114349365:0.5480339527130127] [-0.15783818066120148:0.22172828018665314] [-46.22015380859375:17.161741256713867] [-8.3726015090942383:64.2962646484375] [0:1] [0:95] [0:95] [-1:1] [-29.775985717773438:44.984848022460938] [-30.712318420410156:55.0223388671875] [-2.5033562183380127:15.253066062927246] [0.049656935036182404:4.2456021308898926] [-1:1] [0:1] [0:1] [-1:1] [-1:1] [-0.78183150291442871:0.97492790222167969] [-0.90096884965896606:1] [0:1] [0:1] [0.89999997615814209:4.5999999046325684]
tree_sizes=1722 1796 1798 1780 1779 1801 1807 1812 1789 1812 1784 1781 1780 1815 1822 1807 1789 1791 1801 1815 1771 1741 1787 1804 1817 1768 1781 1795 1816 1806 1823 1781 1815 1772 1791 1779 1769 1806 1811 1780 1809 1793 1789 1819 1815 1817 1795 1783 1806 1783 1807 1812 1775 1789 1810 1768 1810 1822 1780 1803 1796 1782 1783 1804 1793 1782 1809 1788 1809 1787 1766 1789 1760 1806 1811

Tree=0
num_leaves=15
num_cat=0
split_feature=0 3 28 2 3 13 2 29 32 14 3 5 5 17
split_gain=91.0106 61.0067 68.5822 46.1278 40.9585 41.1549 34.9189 29.5951 35.5203 32.5067 30.8228 29.3634 46.3145 28.007
threshold=0.53634655475616466 0.46502168476581579 0.18436925113201144 0.60196971893310558 0.23038341104984286 -0.078789908438920961 0.72905465960502636 -1.0000000180025095e-35 1.0000000180025095e-35 -13.69475221633911 0.82083237171173107 -3.9673790931701656 0.38377134501934057 33.500000000000007
decision_type=2 2 2 2 2 2 2 2 2 2 2 2 2 2
left_child=3 4 -3 -1 -2 -6 -4 9 -9 -8 -11 -7 -13 -5
right_child=1 2 6 13 5 11 7 8 -10 10 -12 12 -14 -15
leaf_value=-1.0565042150359973 -1.05817960019406 -1.0562967158397585 -1.0553236875473204 -1.0567995278566038 -1.0505725480441233 -1.058525326162447 -1.061340833297693 -1.0581671712554792 -1.0614270841175328 -1.0571515463771175 -1.0506334191235644 -1.0536645691012958 -1.0563292394194885 -1.0621482512732787
leaf_weight=292.80583282932639 461.39804043248296 3972.9629065375775 280.46073188818991 120.84009852074087 197.83377589471638 251.88298488408327 99.433887958526611 802.44743332825601 671.22265696898103 187.81058958917856 104.01338420249522 1319.6303502097726 1428.7055450305343 543.15829612500966
leaf_count=4068 6081 52897 3827 1655 2495 3500 1262 10557 8909 2409 1439 17160 17765 7048
internal_value=-1.0568 -1.05646 -1.05708 -1.05972 -1.05543 -1.05502 -1.05853 -1.05904 -1.0597 -1.05667 -1.05487 -1.05534 -1.05503 -1.06118
internal_weight=0 9777.8 6118.35 956.804 3659.45 3198.05 2145.39 1864.93 1473.67 391.258 291.824 3000.22 2748.34 663.998
internal_count=141072 128301 81300 12771 47001 40920 28403 24576 19466 5110 3848 38425 34925 8703
is_linear=0
shrinkage=1


Tree=1
num_leaves=15
num_cat=0
split_feature=0 27 3 28 27 29 11 3 13 16 15 16 0 5
split_gain=95.8792 67.3678 52.6669 58.2383 41.4534 61.2478 50.8705 36.713 51.3081 34.7626 34.2331 33.1084 31.3104 30.567
threshold=0.58099865913391124 0.054511256515979774 0.46502168476581579 -0.22706275433301923 -0.076279435306787477 -1.0000000180025095e-35 0.037009885534644134 0.23038341104984286 -0.076540354639291749 0.73717716336250316 3.9815409183502202 0.76498666405677807 1.0612351894378664 1.7303093075752261
decision_type=2 2 2 2 2 2 2 2 2 2 2 2 2 2
left_child=1 9 7 -4 5 6 -5 -2 -9 -1 -3 -12 -7 -10
right_child=2 10 3 4 -6 12 -8 8 13 -11 11 -13 -14 -15
leaf_value=-0.0057773368946637468 -0.0013951795364440598 0.0052743636837607761 0.00077726648793946854 0.0063558521471027852 0.00033319696297538228 -0.0041711530369122939 -0.0011380939958988039 0.0066450143667223949 0.0020939890163540901 -0.0004776820237750634 -0.0026166180232185367 0.0029139504232952684 -0.00079882666239322023 -0.00013195056315345462
leaf_weight=555.70762340351939 407.21162474155426 96.676528289914131 3036.834897108376 128.41917238198221 1052.8089960683137 966.67473505623639 266.16539714112878 202.57101859338582 1946.2051697093993 187.16946661472321 389.41948881559074 140.75097317062318 447.12705422379076 880.33813265524805
leaf_count=7434 5432 1353 40487 1641 13627 13487 3723 2570 25227 2367 5270 1862 5432 10945
internal_value=0 -0.00247143 0.00038506 -0.000188623 -0.00122726 -0.00215562 0.00127448 0.00137971 0.00176865 -0.00451448 0 -0.00105253 -0.00314313 0.00138793
internal_weight=0 1369.72 9334.36 5898.03 2861.2 1808.39 394.585 3436.33 3029.11 742.877 626.847 530.17 1413.8 2826.54
internal_count=140857 18286 122571 78397 37910 24283 5364 44174 38742 9801 8485 7132 18919 36172
is_linear=0
shrinkage=0.0101079


Tree=2
num_leaves=15
num_cat=0
split_feature=0 27 2 27 28 13 14 15 16 3 3 11 2 17
split_gain=100.059 55.083 58.9214 48.2217 49.3775 35.1929 32.9665 25.7698 27.4803 25.3132 38.0054 23.3393 25.8175 22.8133
threshold=0.58099865913391124 0.054511256515979774 0.60638910531997692 -0.71473535895347584 0.39271505177021032 -0.078789908438920961 -24.689385414123532 3.9224392175674443 0.76874995231628429 0.23038341104984286 0.36100544035434728 0.15712905675172809 1.6279584765434267 34.500000000000007
decision_type=2 2 2 2 2 2 2 2 2 2 2 2 2 2
left_child=1 2 -1 4 11 6 -5 -3 -9 -7 -11 12 13 -2
right_child=3 7 -4 5 -6 9 -8 8 -10 10 -12 -13 -14 -15
leaf_value=0.0015634349438049902 0.0025156020012282215 0.0043351278742796784 -0.0056605298209140313 0.0012183274479010285 -0.0035947644857123604 -0.0019807590926363841 0.0086636166684320431 -0.0025838750575137726 0.0024506129675764569 0.0022870240764869122 0.00038094964470173129 0.0035987282132323487 -0.0017579786081616028 -0.00046495097086643228
leaf_weight=127.71218937449157 396.9360808134079 94.423808306455612 620.9157529566437 172.68963854759932 505.77350391633809 333.00685857981443 105.03897018544376 393.8224463686347 138.89756165258586 1400.5587305221707 4785.0910675339401 153.63012025691569 821.42938179522753 698.22004008293152
leaf_count=1908 5141 1326 7925 2110 6886 4414 1395 5354 1841 17895 62943 1859 10541 9674
internal_value=0 -0.00253079 -0.00437127 0.000381109 -0.000786942 0.000830165 0.00433252 -0.00024386 -0.0011802 0.000669849 0.00082135 -7.07884e-05 -0.000399085 0.000588552
internal_weight=0 1375.77 748.628 9372.37 2575.99 6796.39 277.729 627.144 532.72 6518.66 6185.65 2070.22 1916.59 1095.16
internal_count=141212 18354 9833 122858 34101 88757 3505 8521 7195 85252 80838 27215 25356 14815
is_linear=0
shrinkage=0.0101079


Tree=3
num_leaves=15
num_cat=0
split_feature=0 3 3 28 2 30 29 2 16 22 2 30 12 21
split_gain=95.7117 45.9837 53.667 44.9636 51.3916 59.694 43.0342 39.2465 29.291 28.7592 26.3528 23.2991 22.0353 35.8693
threshold=0.5313972830772401 0.36100544035434728 0.23038341104984286 -0.22706275433301923 0.84933161735534679 -0.56174489110708226 1.0000000180025095e-35 0.60196971893310558 0.61294791102409374 -0.61597904562950123 1.1244205832481386 0.81174489855766307 0.04197500832378865 5.6062936782836923
decision_type=2 2 2 2 2 2 2 2 2 2 2 2 2 2
left_child=7 2 11 -3 5 8 10 -1 -5 -8 -6 -2 13 -4
right_child=1 3 12 4 6 -7 9 -9 -10 -11 -12 -13 -14 -15
leaf_value=0 -0.0027039496990209876 0.00070411279873166751 0.0022028030888035649 -0.0044420082356917438 0.0025389242251215179 0.0027927566419966602 -0.0046588797834327478 -0.0044942997440301346 0.0011242798378848626 -0.0016459435412218377 -0.00095081592956347809 0.0023033166900693412 -0.00034273882995534825 0.0069000849489523836
leaf_weight=280.77384292520583 348.01384487375617 3840.035920266062 1235.1016351990402 223.94493862241507 287.80164370499551 691.44143300689757 504.03725491464138 632.47956985421479 145.09027970582247 1126.3062294386327 865.51807065494359 114.72586433030665 219.68882206268609 202.39868057705462
leaf_count=3912 4904 50963 15893 3095 3980 9130 6996 8345 1906 14701 10700 1212 2836 2482
internal_value=0 0.000295895 0.0016117 -6.30877e-05 -0.00083986 0.00102553 -0.00156588 -0.00311223 -0.00216761 -0.00261952 -3.41289e-05 -0.00135918 0.00246802 0.00292515
internal_weight=0 9804.1 2119.93 7684.18 3844.14 1060.48 2783.66 913.253 369.035 1630.34 1153.32 462.74 1657.19 1437.5
internal_count=141055 128798 27327 101471 50508 14131 36377 12257 5001 21697 14680 6116 21211 18375
is_linear=0
shrinkage=0.0101079


Tree=4
num_leaves=15
num_cat=0
split_feature=0 27 23 29 13 27 13 14 0 13 8 13 17 5
split_gain=93.4422 48.6023 75.7499 92.8753 38.9458 36.0419 30.3871 33.9522 30.0522 21.3917 21.6833 19.6425 17.2355 17.9983
threshold=0.5313972830772401 -0.50938662886619557 1.1591882705688479 -1.0000000180025095e-35 -0.016102089546620842 0.054511256515979774 -0.074749708175659166 -25.121046066284176 0.66493150591850292 0.031729442998766906 0.62671938538551342 0.025512997992336753 20.500000000000004 5.3263955116271982
decision_type=2 2 2 2 2 2 2 2 2 2 2 2 2 2
left_child=5 2 3 4 -2 9 7 -3 -5 10 -1 -6 13 -4
right_child=1 6 12 8 11 -7 -8 -9 -10 -11 -12 -13 -14 -15
leaf_value=-0.0071494358750370359 -0.0023186962401867532 0.00048716248618236078 0.004033910871711629 -0.0068932267909277136 0.0082929977370831739 -0.00044802542349865483 0.0006577002653697264 0.0070322611368712762 -0.0026717196231386573 -0.00067388131104510415 -0.0011751548427390217 0.0014761221987212858 0 0.00044753765801770355
leaf_weight=311.20318199694157 96.31015994399786 185.5490351356566 273.29219907335937 230.78314641490579 98.078713305294514 364.53961867466569 6223.2877643033862 161.61824551038444 1016.8953776899725 129.01244514808059 102.76670028455555 109.71173014491796 1064.0940647739917 355.6364970356226
leaf_count=4072 1424 2229 3380 2862 1203 4949 81654 2200 14067 1741 1435 1501 13861 4481
internal_value=0 0.000328236 -0.000676011 -0.0022905 0.00259474 -0.00304818 0.000830545 0.00373401 -0.003522 -0.00468987 -0.00581052 0.00506156 0.000783616 0.00209925
internal_weight=0 9815.26 3244.8 1551.78 304.101 907.522 6570.46 347.167 1247.68 542.982 413.97 207.79 1693.02 628.929
internal_count=141059 128862 42779 21057 4128 12197 86083 4429 16929 7248 5507 2704 21722 7861
is_linear=0
shrinkage=0.0101079


Tree=5
num_leaves=15
num_cat=0
split_feature=0 3 3 2 13 0 30 13 33 2 0 31 29 2
split_gain=90.1628 46.6776 43.7237 43.0409 40.0338 39.3826 29.1461 42.1571 33.2197 29.7404 27.2669 26.2883 34.6193 40.5884
threshold=0.5313972830772401 0.46502168476581579 0.23038341104984286 0.60196971893310558 -0.078789908438920961 1.4962701201438906 1.0000000180025095e-35 0.042450312525033958 1.055555582046509 0.81877958774566661 0.77739337086677562 1.0000000180025095e-35 1.0000000180025095e-35 1.1800718903541567
decision_type=2 2 2 2 2 2 2 2 8 2 2 2 2 2
left_child=3 2 -2 -1 -4 11 7 8 -6 -9 -8 12 13 -3
right_child=1 5 4 -5 6 -7 10 9 -10 -11 -12 -13 -14 -15
leaf_value=0.00011269198081768492 -0.0016570451454496146 0.0022012000625947978 0.005894810267784348 -0.0045007948232019482 -0.0033483958911448585 0.0012767413246869972 0.0044143700030520872 0.0053717367218125535 0.00036944126517580544 0.00046567851655603099 0.0011637479418921172 0.0004973151061567581 -0.0019663427079033157 -0.0013101185983051063
leaf_weight=280.70419026911259 466.78522515483201 550.86187735572457 205.20331626944244 627.73718582838774 313.56589297950268 1310.4745961129665 472.79734993353486 245.84402671828866 984.02923654764891 294.95590168423951 706.89458089880645 1329.4103958215564 2108.5910711735487 834.82589668221772
leaf_count=3909 6139 8045 2520 8283 1872 17027 5953 2933 15141 3472 9255 17446 28311 10676
internal_value=0 0.00027344 0.00117254 -0.00304198 0.00159779 -0.000261613 0.00127811 0.000451715 -0.000512278 0.0028135 0.00252064 -0.000689284 -0.00115239 6.1105e-05
internal_weight=0 9824.24 3690.08 908.441 3223.29 6134.16 3018.09 1838.4 1297.6 540.8 1179.69 4823.69 3494.28 1385.69
internal_count=140982 128790 47285 12192 41146 81505 38626 23418 17013 6405 15208 64478 47032 18721
is_linear=0
shrinkage=0.0101079


Tree=6
num_leaves=15
num_cat=0
split_feature=0 3 28 2 28 2 3 20 5 30 29 11 20 28
split_gain=77.6449 51.8083 52.1177 49.228 45.6275 39.7413 33.0544 34.8019 35.082 32.9913 26.5573 23.6567 21.4971 25.2503
threshold=0.58099865913391124 0.46502168476581579 -0.18436925113201139 0.59341847896575939 0.45201864838600164 0.86794540286064159 0.23038341104984286 1.3409010767936709 -3.9673790931701656 1.0000000180025095e-35 -1.0000000180025095e-35 0.055826243013143546 -2.177912592887878 0.77296444773674022
decision_type=2 2 2 2 2 2 2 2 2 2 2 2 2 2
left_child=3 6 -3 9 -5 -4 -2 8 -8 -1 11 -7 13 -12
right_child=1 2 5 4 -6 10 7 -9 -10 -11 12 -13 -14 -15
leaf_value=-0.0012265536919101837 -0.001314823806651978 0.00063220563619547927 0.0010573305499710101 0.00056149688146851795 -0.0045859379332520095 0.0030069400332152899 -0.00068513305106982663 2.9149303763280807e-05 0.0029419796669873221 0.0048425929509843171 -0.0017333456347021936 -0.0015859690101095172 -0.0031982274609397682 0.0038649855087941861
leaf_weight=265.92736538313329 410.15296600572765 3141.5856759082526 569.47529701516032 207.78329109400511 772.52503364160657 183.87465669214725 297.73396982997656 952.08656378649175 1787.8004208859056 126.53592850640416 424.04571546800435 272.08669286780059 1218.1548365876079 91.667319221422076
leaf_count=3475 5475 41851 7839 2883 10089 2333 3953 11794 22916 1922 6105 3479 15529 1372
internal_value=0 0.000320655 -0.000248866 -0.00224725 -0.003458 -0.00126562 0.00130551 0.00167503 0.00240421 0.000684058 -0.00188972 0.000197859 -0.00246041 -0.000619011
internal_weight=0 9348.66 5900.89 1372.77 980.308 2759.3 3447.77 3037.62 2085.53 392.463 2189.83 455.961 1733.87 515.713
internal_count=141015 122646 78508 18369 12972 36657 44138 38663 26869 5397 28818 5812 23006 7477
is_linear=0
shrinkage=0.0101079


Tree=7
num_leaves=15
num_cat=0
split_feature=0 27 3 28 27 15 3 13 16 16 3 11 33 6
split_gain=92.9827 64.4009 45.8832 56.1374 42.9497 41.1849 34.5928 51.3298 32.8799 29.9634 27.2961 24.58 24.0478 23.5317
threshold=0.58912330865859996 0.054511256515979774 0.46502168476581579 -0.18436925113201139 -0.076279435306787477 3.8054872751235966 0.23038341104984286 -0.078789908438920961 0.77256521582603466 0.72197952866554271 0.36100544035434728 0.064289983361959471 1.0000000180025095e-35 -4.7113206386566153
decision_type=2 2 2 2 2 2 2 2 2 2 2 2 10 2
left_child=1 9 6 12 11 -3 -2 -8 -7 -1 -9 -5 -4 -14
right_child=2 5 3 4 -6 8 7 10 -10 -11 -12 -13 13 -15
leaf_value=-0.0055519198714272635 -0.0014145137558440185 0.0058104040166979468 0.0013293425667218329 -0.0010074435194521859 0.00039631203334480013 -0.0025316438365309488 0.0068434527241801203 0.0023187958142131863 0.0028565788119649161 -0.00081441211385111802 0.00029695765313996446 -0.003522721766501194 0.0021844437207939058 -0.0015370692629459663
leaf_weight=565.20257208496332 397.80826066993177 95.5743417609483 2223.0514103062451 932.30424471199512 1013.5055575426668 436.77534045279026 181.61366081051528 1415.3356216643006 143.67361939139664 210.81612027809024 1415.5893386267126 786.70367998071015 217.34292979538441 691.76543565094471
leaf_count=7606 5328 1353 36333 12761 13084 5926 2243 18077 1937 2649 17966 10334 1318 4105
internal_value=0 -0.00236452 0.000379805 -0.000156362 -0.00121908 -1.78367e-05 0.00131197 0.00168808 -0.00110931 -0.00433706 0.00132557 -0.0021925 0.000758574 -0.000592401
internal_weight=0 1452.04 9275.02 5864.67 2732.51 676.023 3410.35 3012.54 580.449 776.019 2830.92 1719.01 3132.16 909.108
internal_count=141020 19471 121549 77935 36179 9216 43614 38286 7863 10255 36043 23095 41756 5423
is_linear=0
shrinkage=0.0101079


Tree=8
num_leaves=15
num_cat=0
split_feature=22 27 16 27 30 28 17 30 27 2 21 2 11 2
split_gain=76.9059 52.1564 36.2153 32.9293 61.4628 48.8583 46.2989 39.2378 37.1756 34.947 35.1154 32.615 31.8137 31.2099
threshold=-0.88366660475730885 0.18436925113201144 0.74514618515968334 -0.79989895224571217 1.0000000180025095e-35 0.1413247883319855 63.500000000000007 1.0000000180025095e-35 -0.076279435306787477 1.2997902035713198 -7.3895127773284903 0.58454501628875744 0.098160021007061019 1.6279584765434267
decision_type=2 2 2 2 2 2 2 2 2 2 2 2 2 2
left_child=1 2 -1 7 5 -5 11 13 -7 10 -8 -6 -10 -2
right_child=3 -3 -4 4 6 8 9 -9 12 -11 -12 -13 -14 -15
leaf_value=-0.0051498095996519912 0.0019917083119695318 0.00079377320718314868 0 0.0007034865260020399 0.0037716111108578414 -0.0049252596338622097 0.00921790000617158 -0.0025197930189485586 -0.0017780207221047919 0.000431945406554046 0.0033240681631556252 4.3344687515165564e-05 0.0015147627175804686 -0.0011308045720752023
leaf_weight=580.81450651958585 599.30632003210485 323.76537725888193 181.7386737074703 2809.3905728254467 282.78876733221114 264.69975782558322 129.66095101088285 804.53499214723706 979.46249532699585 364.20204423181713 787.56348338350654 1510.3042832687497 411.80597725696862 689.97869950346649
leaf_count=8151 8429 4935 2475 37026 3643 3392 1839 10404 12880 4722 10024 19606 4957 8528
internal_value=0 -0.00249061 -0.00393172 0.000336706 0.000650983 -9.80991e-05 0.00174962 -0.000773994 -0.00147934 0.00321975 0.00427022 0.000667314 -0.000771482 0.000292605
internal_weight=0 1086.32 762.553 9633.7 7539.88 4465.36 3074.52 2093.82 1655.97 1281.43 917.224 1793.09 1391.27 1289.29
internal_count=141011 15561 10626 125450 98089 58255 39834 27361 21229 16585 11863 23249 17837 16957
is_linear=0
shrinkage=0.0101079


Tree=9
num_leaves=15
num_cat=0
split_feature=0 27 3 3 28 2 30 16 28 9 29 23 27 2
split_gain=77.8213 57.3844 51.7563 41.0674 38.2864 49.9134 35.6843 36.2076 33.8257 32.1712 31.8025 39.7683 32.4813 26.1559
threshold=0.58516964316368114 -0.47136868536472315 0.36100544035434728 0.23038341104984286 -0.39271505177021021 0.84933161735534679 -0.56174489110708226 0.61294791102409374 0.77296444773674022 0.29577314853668218 1.0000000180025095e-35 0.9893656075000764 -0.032717135734856122 0.59341847896575939
decision_type=2 2 2 2 2 2 2 2 2 2 2 2 2 2
left_child=1 -1 3 -2 -4 6 7 -6 -3 -8 -7 12 -12 -10
right_child=2 8 4 -5 5 10 9 -9 13 -11 11 -13 -14 -15
leaf_value=-0.0069363175613022503 -0.0010299814962747905 0.0010040438609849589 0.00071967146087259536 0.0025283424615684187 -0.0040678468115260911 -0.00014399953108303301 0.0036317324833264665 0.0022976918388027011 0.00033586038670340031 -0.0011591010264084111 -0.0051403895875488928 -0.00041810612492775885 -0.0012801530106040556 -0.0036399173255166097
leaf_weight=219.67037685029209 398.77813103608787 402.73890543170273 3334.2977364305407 1540.2770920656621 213.50052725337446 1227.9163005072623 542.25651745125651 140.64143517054617 211.67555983923376 174.11930309608579 590.12724076025188 717.97950223647058 418.01704751141369 572.82198971696198
leaf_count=2697 5384 5499 44265 19572 3023 15542 7020 1859 3011 2236 8227 9098 5737 7747
internal_value=0 -0.00223625 0.000308071 0.00177458 -7.42942e-05 -0.000742246 0.00110099 -0.0014328 -0.00129397 0.00241141 -0.00142501 -0.00230828 -0.0036013 -0.00252313
internal_weight=0 1406.91 9297.91 1939.06 7358.86 4024.56 1070.52 354.142 1187.24 716.376 2954.04 1726.12 1008.14 784.498
internal_count=140917 18954 121963 24956 97007 52742 14138 4882 16257 9256 38604 23062 13964 10758
is_linear=0
shrinkage=0.0101079


Tree=10
num_leaves=15
num_cat=0
split_feature=0 27 2 3 28 2 3 5 5 16 16 27 10 33
split_gain=79.2405 55.2337 56.6488 39.8356 46.3348 40.3413 34.6748 24.5966 25.5217 22.2703 28.6699 19.7472 19.3641 47.3797
threshold=0.58099865913391124 0.054511256515979774 0.60196971893310558 0.46502168476581579 -0.20576497167348859 0.84933161735534679 0.23038341104984286 1.9976956248283388 -3.9673790931701656 0.20261825621128085 0.76874995231628429 0.58244305849075328 0.14465422183275226 1.055555582046509
decision_type=2 2 2 2 2 2 2 2 2 2 2 2 2 8
left_child=1 2 -1 6 12 -6 -2 8 -8 -3 -11 -9 13 -5
right_child=3 9 -4 4 5 -7 7 11 -10 10 -12 -13 -14 -15
leaf_value=0.0018794131874263554 -0.0014899734297495878 0.0043081382919026136 -0.0053330302428232319 -0.0023792693453840181 0.0013637706869336838 -0.001668652025301172 -0.00047695919188613431 0.001736271102779934 0.002591580325227954 -0.0022552906906011796 0.0029092313565298807 -0.0013444903438203256 0.0017450382681681693 0.0011005646712762753
leaf_weight=121.98187693208456 399.78864133544266 94.558452406898141 617.25060872174799 553.90565179288387 537.56762860901654 2264.6177204735577 295.57901083305478 396.80999176204205 1924.1775899790227 400.03459670208395 138.202552087605 436.7090817168355 1166.0773622766137 1373.1680095363408
leaf_count=1849 5374 1315 8023 3316 7399 29820 3951 4879 24425 5444 1812 5550 14939 22916
internal_value=0 -0.00221997 -0.00408163 0.000374389 -0.000124563 -0.00107038 0.00123634 0.00160937 0.00216456 0 -0.000832875 7.64551e-05 0.000719747 7.39705e-05
internal_weight=0 1372.03 739.232 9348.4 5895.34 2802.19 3453.06 3053.28 2219.76 632.796 538.237 833.519 3093.15 1927.07
internal_count=141012 18443 9872 122569 78390 37219 44179 38805 28376 8571 7256 10429 41171 26232
is_linear=0
shrinkage=0.0101079


Tree=11
num_leaves=15
num_cat=0
split_feature=0 27 2 3 3 28 27 29 0 11 15 7 2 12
split_gain=82.5222 49.0688 55.0303 44.2243 45.0251 36.4482 44.1885 64.262 42.7434 41.2636 29.3679 27.7351 27.6033 21.7412
threshold=0.58099865913391124 0.054511256515979774 0.60638910531997692 0.36100544035434728 0.23038341104984286 -0.39271505177021021 -0.09801131114363669 -1.0000000180025095e-35 1.0612351894378664 0.037009885534644134 3.9224392175674443 5.4272828102111825 0.52502134442329418 0.04197500832378865
decision_type=2 2 2 2 2 2 2 2 2 2 2 2 2 2
left_child=1 2 -1 4 -2 -5 7 9 -9 -7 -3 -12 -8 -6
right_child=3 10 -4 5 13 6 12 8 -10 -11 11 -13 -14 -15
leaf_value=0.0016089369505467559 -0.0013080663254444321 0.0047128368190103818 -0.005378970847252338 0.0007250963416782464 0.0029047468745880332 0.0057915318966911856 0.004134706133602885 -0.0038381510862039291 -0.00048286980315740362 -0.0003851070687277695 -0.0031823275895242757 0.0013532312457469125 0 -0.00040839108946780445
leaf_weight=127.6434451751411 396.23695169575512 93.986063741147518 609.67180455103517 3326.8612765129656 1347.8499595038593 150.66686016134918 177.59272968024015 1064.4192428719252 658.56352550722659 329.08969681896269 305.93274235539138 224.80813084729016 1679.1967494301498 211.32294995710254
leaf_count=1922 5319 1289 7937 44157 17156 1909 2245 14913 8133 4458 4327 2871 21583 2669
internal_value=0 -0.00235547 -0.00411078 0.00030064 0.0016498 -5.23821e-05 -0.000699663 -0.00166929 -0.00258687 0.00153188 -0.000195162 -0.00119401 0.000431028 0.00243005
internal_weight=0 1362.04 737.315 9341.8 1955.41 7386.39 4059.53 2202.74 1722.98 479.757 624.727 530.741 1856.79 1559.17
internal_count=140888 18346 9859 122542 25144 97398 53241 29413 23046 6367 8487 7198 23828 19825
is_linear=0
shrinkage=0.0101079


Tree=12
num_leaves=15
num_cat=0
split_feature=0 27 23 29 30 17 2 2 14 0 2 3 2 21
split_gain=80.0533 54.4703 84.6455 83.3854 52.2324 51.0925 43.8405 42.5769 42.4928 40.9994 39.3831 36.0001 35.6171 31.3218
threshold=0.46390178799629217 -0.50938662886619557 1.1591882705688479 -1.0000000180025095e-35 1.0000000180025095e-35 58.500000000000007 1.4775521755218508 0.59767845273017894 -13.161546707153319 0.66493150591850292 0.86325785517692577 0.23038341104984286 0.60196971893310558 -7.3895127773284903
decision_type=2 2 2 2 2 2 2 2 2 2 2 2 2 2
left_child=12 2 3 8 11 7 13 -6 -2 -5 -11 -3 -1 -7
right_child=1 4 -4 9 5 6 -8 -9 -10 10 -12 -13 -14 -15
leaf_value=0 -0.0032736457940390194 -0.0031283384857900289 0.00067675510594872952 -0.0071726054449139619 0.0037703587360205107 0.0081745166617578583 -0.00053761723800962058 -0.00033468082892360224 0.0044379310921184656 0.0016064324767969631 -0.003555567256007159 0.00024574218663546394 -0.006020601912044796 0.0031980578005007935
leaf_weight=140.78552904911339 94.772267062216997 345.77803965844214 1690.0562288630754 280.24872892908752 312.45040404237807 167.61532054655254 242.84529633633792 1269.9245257712901 221.5403732676059 167.53798509389162 832.67454964667559 3717.1828186642379 308.61994069069624 918.39534618705511
leaf_count=2013 1278 4715 21674 3501 4061 2342 3229 16740 3061 2462 11488 48623 4120 11692
internal_value=0 0.0001858 -0.000880263 -0.00254886 0.000694432 0.00172624 0.003187 0.000464624 0.00197971 -0.0037041 -0.00264512 -3.6787e-05 -0.00413762 0.00405485
internal_weight=0 10261 3286.83 1596.77 6974.19 2911.23 1328.86 1582.37 316.313 1280.46 1000.21 4062.96 449.405 1086.01
internal_count=140999 134866 43464 21790 91402 38064 17263 20801 4339 17451 13950 53338 6133 14034
is_linear=0
shrinkage=0.0101079


Tree=13
num_leaves=15
num_cat=0
split_feature=0 27 3 3 29 22 27 29 28 30 15 16 33 28
split_gain=77.2757 61.647 43.4279 51.744 36.7974 35.1133 33.5689 53.0624 49.9283 40.5175 32.3892 30.403 28.5782 36.3893
threshold=0.58912330865859996 0.054511256515979774 0.36100544035434728 0.23038341104984286 -1.0000000180025095e-35 0.4971242249011994 -0.14132478833198545 -1.0000000180025095e-35 0.20576497167348864 -0.56174489110708226 3.8054872751235966 0.77256521582603466 0.99472221732139599 -0.076279435306787477
decision_type=2 2 2 2 2 2 2 2 2 2 2 2 10 2
left_child=1 4 3 -2 -1 6 7 -4 -9 -8 -3 -12 -11 -14
right_child=2 10 5 -5 -6 -7 9 8 -10 12 11 -13 13 -15
leaf_value=0.0013325847968961558 -0.001526547345971281 0.005264793055775179 0.0015193646857594725 0.0025180738229965346 -0.0049526730083286176 0.0011573840356995458 -0.0012329023936745725 -0.00069344954477805097 -0.0040285140386514644 0.00034195585435006082 -0.0022399114088739562 0.0029559864501398306 0.00083238661144293628 0.0062817723007585037
leaf_weight=96.015099650248885 389.83950492925942 96.054173499345779 514.60754688456655 1537.6002060547471 675.88350349105895 1892.3721576221287 1110.079119309783 1168.3664075359702 793.53637082315981 1318.5702352486551 435.22556750848889 143.37647230923176 333.92297868430614 218.18546868860722
leaf_count=1306 5266 1346 6913 19470 9024 25538 14406 15492 10774 20420 5906 1915 1993 1316
internal_value=0 -0.00217703 0.000328772 0.00167629 -0.00411352 -2.04825e-05 -0.000437378 -0.00130811 -0.00207334 0.000273999 4.48988e-07 -0.000861573 0.00119115 0.00311455
internal_weight=0 1446.55 9277.08 1927.44 771.899 7349.64 5457.27 2476.51 1961.9 2980.76 674.656 578.602 1870.68 552.108
internal_count=141085 19497 121588 24736 10330 96852 71314 33179 26266 38135 9167 7821 23729 3309
is_linear=0
shrinkage=0.0101079


Tree=14
num_leaves=15
num_cat=0
split_feature=22 13 16 28 33 13 3 30 3 33 28 17 3 12
split_gain=66.6489 43.4506 35.8908 33.8121 35.8084 30.8275 30.4023 28.0324 66.5625 44.2203 36.5156 30.3977 27.9652 25.638
threshold=-0.85343691706657399 -0.088784128427505479 0.75301346182823192 -0.39271505177021021 1.0000000180025095e-35 0.035282049328088767 0.53311103582382213 1.0000000180025095e-35 0.40616689622402197 1.0000000180025095e-35 0.5464349389076234 65.500000000000014 0.47500061988830572 0.047242352738976486
decision_type=2 2 2 2 10 2 2 2 2 10 2 2 2 2
left_child=2 -2 -1 4 -3 6 -6 11 9 -9 -10 -5 -4 -12
right_child=1 3 12 7 5 -7 -8 8 10 -11 13 -13 -14 -15
leaf_value=-0.0032177984563517038 0.0041378387671757114 0.0014116876944366683 0.0042883208816097678 -0.00023597493950933788 -0.0040514312470584573 0.0024275693418971452 -6.9539047568758095e-05 0.0014483386055928933 -0.0018503865639372587 0.0079238206198206044 0.0027540111040526062 -0.0023527767558515155 -0.0018723513675469234 -0.0015142894925091455
leaf_weight=918.54279039613903 281.40888205915689 2996.8343494143337 125.94727184064686 2004.115160677582 318.84441584348679 235.34828165173531 544.56046035885811 370.42521011643112 904.44054985418916 161.31697690486908 415.65835742652416 1096.1908637434244 156.47555790655315 198.44038031622767
leaf_count=13329 3377 47177 1671 25402 1894 1398 3260 5843 11768 946 5522 14839 2244 2423
internal_value=0 0.000273318 -0.00224614 0.000148008 0.000835838 -0.000697085 -0.00160911 -0.000391508 0.000511337 0.00357225 -0.000546461 -0.00100139 0.000775943 0.00130795
internal_weight=0 9527.58 1200.97 9246.18 4095.59 1098.75 863.405 5150.59 2050.28 531.742 1518.54 3100.31 282.423 614.099
internal_count=141093 123849 17244 120472 53729 6552 5154 66743 26502 6789 19713 40241 3915 7945
is_linear=0
shrinkage=0.0101079


Tree=15
num_leaves=15
num_cat=0
split_feature=0 2 16 3 0 10 3 3 13 2 22 20 5 29
split_gain=79.0877 46.1842 43.2386 43.2345 40.0549 37.6457 43.5725 36.4018 33.3916 27.989 27.3928 26.5744 38.7865 23.5392
threshold=0.58099865913391124 0.59341847896575939 0.76874995231628429 0.46073606610298162 1.4962701201438906 0.13248348981142047 0.57127574086189281 0.23038341104984286 -0.078789908438920961 1.0591718554496767 -0.97750595211982716 1.3041712045669558 -3.9673790931701656 -1.0000000180025095e-35
decision_type=2 2 2 2 2 2 2 2 2 2 2 2 2 2
left_child=1 2 -1 7 5 9 -7 -2 -9 -5 -3 12 -10 -11
right_child=3 10 -4 4 -6 6 -8 8 11 13 -12 -13 -14 -15
leaf_value=-0.0012540324719008398 -0.0015125159254659182 -0.0059811641605019223 0.0063075355796303216 -0.00040730857181184451 0.0013595250848210138 0.0029687614407408591 -0.00045046783553455921 0.005836823687400499 -0.0016699902010111154 0.00010290436241955283 -0.0021464582230604594 -2.9198051622465939e-05 0.0025779587329847983 -0.0031941366591352097
leaf_weight=296.14003523811698 410.67756783030927 311.56647233664989 94.535728128626943 1449.9629948623478 1312.3074231892824 504.66680308245122 1432.4871699046344 179.78250573948026 235.81443044357002 252.22694597020745 653.90000658854842 923.13020571693778 1648.2708791289479 1008.6019079107791
leaf_count=4260 5486 4331 1128 19931 17089 6558 19129 2257 3283 3259 8594 11357 21028 13310
internal_value=0 -0.00227761 0.000559844 0.000327695 -0.000185289 -0.000631667 0.00042764 0.00123787 0.00163243 -0.00140263 -0.00346278 0.00133369 0.00202028 -0.00250599
internal_weight=0 1356.14 390.676 9357.93 5960.25 4647.95 1937.15 3397.68 2987 2710.79 965.466 2807.22 1884.09 1260.83
internal_count=141000 18313 5388 122687 79276 62187 25687 43411 37925 36500 12925 35668 24311 16569
is_linear=0
shrinkage=0.0101079


Tree=16
num_leaves=15
num_cat=0
split_feature=0 27 28 6 13 5 28 13 3 7 18 28 18 11
split_gain=82.7075 41.7968 124.578 28.7984 31.5514 24.0325 23.9792 23.1729 21.9672 20.2497 19.3895 17.9456 15.8324 16.5537
threshold=0.46390178799629217 -0.50938662886619557 0.41268247365951544 -0.60075846314430226 -0.088784128427505479 0.58198130130767833 -0.39271505177021021 0.014535547699779274 0.31525734066963201 -19.926160812377926 13.500000000000002 -0.88186877965927113 85.500000000000014 0.13126282393932345
decision_type=2 2 2 2 2 2 2 2 2 2 2 2 2 2
left_child=8 2 6 4 -3 9 12 -5 -1 -6 -11 -7 13 -2
right_child=1 3 -4 7 5 11 -8 -9 -10 10 -12 -13 -14 -15
leaf_value=0 0.00014244051199784684 0.0058166080208917718 -0.0045185227335283566 -0.00065987829708745406 -0.0021951872108835996 0.0021472703838100187 -0.00059981183090302814 0.00087134996772961421 -0.0054766357819853824 0.00083772419088102602 0.0028129818669281894 -0.002146604625150446 0.0039660113090394409 0.0040054193047086772
leaf_weight=102.84379494190216 819.84585965611041 151.22674269601703 703.53537917323411 2155.4343782551587 125.25964194908738 123.2429735250771 1444.5364070124924 1880.3162564281374 339.81813935190439 1199.9179141763598 1002.5581170860678 347.37086701765656 194.50543905608356 129.28224205970764
leaf_count=1441 10961 1706 9465 28074 1748 1514 19149 23153 4632 16808 13730 4668 2398 1577
internal_value=0 0.000164002 -0.000768491 0.000609572 0.00136785 0.00109783 0.000245558 4.38258e-05 -0.00426134 0.00152504 0.00176179 -0.000921133 0.00134543 0.000738707
internal_weight=0 10277 3291.71 6985.33 2949.58 2798.35 2588.17 4035.75 442.662 2327.74 2202.48 470.614 1143.63 949.128
internal_count=141024 134951 43550 91401 40174 38468 34085 51227 6073 32286 30538 6182 14936 12538
is_linear=0
shrinkage=0.0101079


Tree=17
num_leaves=15
num_cat=0
split_feature=0 27 3 3 22 0 2 30 27 28 30 2 21 13
split_gain=73.1164 52.3617 34.8556 39.5534 35.8992 31.7052 26.3868 26.1479 25.6147 52.4654 42.4008 31.4895 38.3309 25.0012
threshold=0.58099865913391124 -0.49049438536167139 0.36100544035434728 0.23038341104984286 0.4971242249011994 0.46390178799629217 0.60196971893310558 1.0000000180025095e-35 -0.49049438536167139 0.41268247365951544 -0.56174489110708226 0.72483500838279735 -4.8680062294006339 -0.00083611634909175326
decision_type=2 2 2 2 2 2 2 2 2 2 2 2 2 2
left_child=1 -1 3 -2 8 6 -3 -7 9 -4 -10 -12 -13 -9
right_child=2 5 4 -5 -6 7 -8 13 10 -11 11 12 -14 -15
leaf_value=-0.0070497317508246672 -0.0012290371733224641 0 -0.0003385743366772377 0.0022399886281440013 0.0011835772442687072 -0.0016166910790351239 -0.0052347374312674867 -0.00058148288113523425 -0.0013839411072541225 -0.0039821686644985321 0.003100023317090056 0.0032051713198655483 -0.00055656502422454616 0.0049338958041057297
leaf_weight=190.84069070033729 405.62645176425576 135.172717474401 1637.771663941443 1561.0740754846483 1904.2364538423717 444.42736046761274 284.2494153752923 145.82685243152082 1190.1412571109831 542.6868314947933 534.64727463386953 344.99744424037635 1248.1816571839154 156.37828141078353
leaf_count=2360 5461 1944 21959 19756 25567 6049 3860 2144 15448 7505 6779 4710 15559 2037
internal_value=0 -0.00219551 0.000308627 0.00150201 -4.18104e-06 -0.00132587 -0.00352366 -1.44022e-05 -0.000423956 -0.00127465 0.000124558 0.000989191 0.000244125 0.00219302
internal_weight=0 1356.9 9369.36 1966.7 7402.66 1166.05 419.422 746.632 5498.43 2180.46 3317.97 2127.83 1593.18 302.205
internal_count=141138 18394 122744 25217 97527 16034 5804 10230 71960 29464 42496 27048 20269 4181
is_linear=0
shrinkage=0.0101079


Tree=18
num_leaves=15
num_cat=0
split_feature=0 27 28 30 17 3 13 2 3 2 10 14 3 28
split_gain=77.3878 40.5367 110.611 59.2066 50.3244 36.2463 38.9301 35.1547 38.1671 34.7615 33.6355 32.9341 26.5805 25.9345
threshold=0.46390178799629217 -0.43245348334312433 0.41268247365951544 1.0000000180025095e-35 58.500000000000007 0.23038341104984286 -0.080869115889072404 0.58454501628875744 0.3177481889724732 1.4775521755218508 0.16351548582315448 -6.882610321044921 0.31525734066963201 0.1413247883319855
decision_type=2 2 2 2 2 2 2 2 2 2 2 2 2 2
left_child=12 2 -2 5 7 -3 -7 8 -5 10 11 13 -1 -6
right_child=1 3 -4 4 9 6 -8 -9 -10 -11 -12 -13 -14 -15
leaf_value=7.397666658735187e-05 0.00025742448385799796 -0.0032591087555440975 -0.0040205620217236898 -8.2460229173370459e-05 -0.00013815597262645596 0.0060768940457865857 -3.2364834358141202e-05 -0.0002116476430808118 0.0069790122500892554 -0.00019200837571090048 0.0078284983303076889 0.0062368471491557557 -0.005438289782510341 0.0038543439813759467
leaf_weight=100.82462376542389 2742.9311736524105 342.37962219119072 783.86618381738663 130.86206871643662 336.21243339218199 101.96164835989475 3474.5344379097223 1254.8268786501139 152.63845572806895 225.87336886301637 199.03935139067471 235.73904176987708 339.87150426954031 288.20649498328567
leaf_count=1431 36133 4696 10592 1831 4418 1243 45538 16562 1837 2980 2315 2706 4658 4074
internal_value=0 0.000183036 -0.000688572 0.000645225 0.00176019 -0.000149608 0.000143073 0.000490905 0.00366367 0.00323642 0.00400163 0.00300837 -0.00410704 0.00166484
internal_weight=0 10269.1 3526.8 6742.27 2823.4 3918.88 3576.5 1538.33 283.501 1285.07 1059.2 860.158 440.696 624.419
internal_count=141014 134925 46725 88200 36723 51477 46781 20230 3668 16493 13513 11198 6089 8492
is_linear=0
shrinkage=0.0101079


Tree=19
num_leaves=15
num_cat=0
split_feature=0 27 27 30 17 29 0 0 13 0 30 14 11 5
split_gain=76.3449 45.3654 33.9777 39.6459 34.3888 32.597 49.3944 27.3292 22.9741 25.0492 22.2795 27.9594 22.1179 20.6491
threshold=0.58099865913391124 -0.49049438536167139 -0.77296444773674 1.0000000180025095e-35 64.500000000000014 -1.0000000180025095e-35 1.0567880272865298 0.46390178799629217 -0.080869115889072404 1.3518877029418948 1.0000000180025095e-35 -6.6995787620544425 0.1489219665527344 -2.6779133081436153
decision_type=2 2 2 2 2 2 2 2 2 2 2 2 2 2
left_child=1 -1 5 8 13 -2 -7 -3 -4 -10 -9 -12 -8 -5
right_child=2 7 3 4 -6 6 12 10 9 -11 11 -13 -14 -15
leaf_value=-0.0067802533268170257 0.0016314396005172329 -0.0034589122384381405 0.0039460867718802721 -0.001536958148967936 0.0029237710415441738 -0.0031607111375175499 -0.00034414900026885506 -0.001660945075180195 -0.00046592719171566682 0.0016759165891061766 -0.00027119329125772825 0.0058398868471031861 0.0044550300565993793 0.0012004145721257421
leaf_weight=188.52077199332416 463.01054776832461 417.26448508352041 141.23636715859175 332.02936303801835 1185.3464522082359 821.00387589260936 925.77210330031812 442.95574516057968 3295.9861566480249 661.05053175985813 195.21789751201868 106.70346381515265 101.40382543578744 1431.0062419138849
leaf_count=2335 6092 5831 1814 4462 15320 11730 11763 6033 42975 8863 2832 1326 1197 18402
internal_value=0 -0.00222069 0.000343341 0.000694935 0.00158758 -0.00070994 -0.00132263 -0.00140701 4.11263e-05 -9.53649e-05 -0.000180337 0.00184846 0.000119859 0.000657615
internal_weight=0 1350.66 9357.85 7046.66 2948.38 2311.19 1848.18 1162.14 4098.27 3957.04 744.877 301.921 1027.18 1763.04
internal_count=140975 18357 122618 91836 38184 30782 24690 16022 53652 51838 10191 4158 12960 22864
is_linear=0
shrinkage=0.0101079


Tree=20
num_leaves=15
num_cat=0
split_feature=22 27 13 28 27 30 12 16 5 30 5 7 23 23
split_gain=67.0284 82.5202 36.0734 31.4133 37.4985 57.7152 32.6581 29.3264 28.814 21.7096 20.1107 19.2801 37.4573 22.764
threshold=-0.77352717518806446 0.054511256515979774 -0.088784128427505479 -0.37256073951721186 0.20576497167348864 1.0000000180025095e-35 0.048211477696895606 0.74098026752471935 4.1821947097778329 0.81174489855766307 -3.8916437625885005 8.5986647605896014 0.87754851579666149 0.91749006509780895
decision_type=2 2 2 2 2 2 2 2 2 2 2 2 2 2
left_child=1 7 -2 11 -5 8 -7 10 -6 -3 -1 13 -13 -4
right_child=2 9 3 4 5 6 -8 -9 -10 -11 -12 12 -14 -15
leaf_value=0 0.0040120384078042616 0 -0.00092580957775009157 -0.0012815046898886147 -0.0012392846009606541 0.0033815023886249996 -0.0009015360945592171 -0.00042205880018342565 0.0028977934144417089 0.0047967090913233175 -0.0054099014665743668 0.0054636976476362025 0.00094938671082476058 0.0010033961976799904
leaf_weight=91.726370576769114 261.56685814075172 501.76791963167489 846.51027447171509 2204.5207210872322 1340.6817085202783 777.17940458469093 215.32786844670773 231.80531261116266 185.41372779197991 112.06806465797126 627.66187925264239 248.84933179244399 847.86010283790529 2193.5615549627692
leaf_count=1318 3140 7398 9354 28855 17329 9934 2761 3139 2174 1594 8833 2752 10958 31164
internal_value=0 -0.00190212 0.000356922 0.000241086 -0.000315718 0.000514917 0.002412 -0.00376408 -0.000698324 0.000928764 -0.00476952 0.000885994 0.00204106 0.000451946
internal_weight=0 1565.03 9121.47 8859.9 4723.12 2518.6 992.507 951.194 1526.1 613.836 719.388 4136.78 1096.71 3040.07
internal_count=140703 22282 118421 115281 61053 32198 12695 13290 19503 8992 10151 54228 13710 40518
is_linear=0
shrinkage=0.0101079


Tree=21
num_leaves=15
num_cat=0
split_feature=0 27 28 29 30 17 2 13 2 3 3 3 2 2
split_gain=70.0421 45.678 111.763 61.1004 49.1633 43.5004 40.1078 36.3807 35.2485 34.5651 30.644 28.2653 30.2943 26.1375
threshold=0.46390178799629217 -0.43245348334312433 0.35222910344600683 -1.0000000180025095e-35 1.0000000180025095e-35 58.500000000000007 1.2997902035713198 -0.088784128427505479 0.59767845273017894 0.23038341104984286 0.31064011156558996 0.33285571634769445 1.3653413057327273 0.60196971893310558
decision_type=2 2 2 2 2 2 2 2 2 2 2 2 2 2
left_child=13 2 -2 -4 7 8 -7 -3 10 -9 -6 -11 -13 -1
right_child=1 4 3 -5 5 6 -8 9 -10 11 -12 12 -14 -15
leaf_value=0 0.00027388495880545431 0.0055621818889384604 0.001171506385285696 -0.0051681759523740465 0 0.0040656038346974987 0 -0.0034802472267496457 -0.00026273723948705419 0.0016721212156676176 0.0062088114399029871 -0.0010630198724312034 0.0014450832326475453 -0.0054859665917252462
leaf_weight=136.04485569149256 2635.4079690854996 105.61204490065575 182.3721120506525 713.48998001031578 135.59031886607409 964.23582167364657 321.97577148675919 302.88572943396866 1223.4277834706008 820.46808720007539 174.15193231776357 2066.5981109607965 627.5317585747689 309.8951742425561
leaf_count=1958 34709 1354 2410 9690 1854 12347 4143 4047 16117 10381 2152 27290 8370 4202
internal_value=0 0.000162234 -0.000762782 -0.00383378 0.000653011 0.00166981 0.00304117 -6.9248e-05 0.000483703 -0.000246419 0.00349503 2.77101e-05 -0.000461397 -0.00389632
internal_weight=0 10273.7 3531.27 895.862 6742.48 2819.38 1286.21 3923.1 1533.17 3817.48 309.742 3514.6 2694.13 445.94
internal_count=141024 134864 46809 12100 88055 36613 16490 51442 20123 50088 4006 46041 35660 6160
is_linear=0
shrinkage=0.0101079


Tree=22
num_leaves=15
num_cat=0
split_feature=0 27 3 3 28 2 23 27 29 13 2 17 8 21
split_gain=68.3386 58.6064 40.6745 49.9191 32.4768 28.6907 27.8742 45.7004 72.473 28.144 27.3073 38.9724 26.6853 25.2318
threshold=0.58912330865859996 -0.50938662886619557 0.36100544035434728 0.23038341104984286 0.78661888837814342 0.59341847896575939 1.1386243700981142 -0.11969653144478797 -1.0000000180025095e-35 -0.016102089546620842 0.86325785517692577 59.500000000000007 1.5728023052215578 -5.2457380294799796
decision_type=2 2 2 2 2 2 2 2 2 2 2 2 2 2
left_child=1 -1 3 -2 -3 -6 7 8 9 -4 11 -10 -5 -9
right_child=2 4 6 12 5 -7 -8 13 10 -11 -12 -13 -14 -15
leaf_value=-0.0071343635709810961 -0.001508529455847524 0.0010021828045703703 -0.0018423318315517433 0.0029886287413293071 0.00059490657127273146 -0.003525193507329597 0.0007835745980297339 0.0025115175392138259 0.0042051536332294781 0.0039984739954109878 -0.0036259517743561531 -0.0034265578256039543 -0.00056455053725114118 -0.0001332090098744768
leaf_weight=196.10916786082089 398.83016750589013 423.2745089288801 109.06459583155811 1314.35660395585 217.25520456582308 595.87179794348776 2645.6706497035921 418.45486344397068 116.86443440616131 249.10236074216664 1080.9798460174352 143.9900178425014 233.47784576378763 2583.0942249465734
leaf_count=2463 5357 5772 1741 16478 3107 8176 35500 5899 1658 3208 14750 1892 3040 32114
internal_value=0 -0.0020657 0.000300276 0.00159682 -0.00119035 -0.00237973 -3.90409e-05 -0.000511065 -0.00183395 0.00210786 -0.0029221 0 0.00242648 0.000227477
internal_weight=0 1432.51 9293.89 1946.66 1236.4 813.127 7347.22 4701.55 1700 358.167 1341.83 260.854 1547.83 3001.55
internal_count=141155 19518 121637 24875 17055 11283 96762 61262 23249 4949 18300 3550 19518 38013
is_linear=0
shrinkage=0.0101079


Tree=23
num_leaves=15
num_cat=0
split_feature=0 3 27 3 22 27 30 0 30 14 14 15 2 21
split_gain=72.5679 42.2888 39.5844 37.5977 30.8203 28.6969 35.9815 28.6011 28.6232 32.6525 25.5598 26.5887 24.9869 22.483
threshold=0.58099865913391124 0.36100544035434728 -0.49049438536167139 0.23038341104984286 0.4971242249011994 -0.11969653144478797 -0.56174489110708226 0.45659005641937261 1.0000000180025095e-35 -6.0306177139282218 -10.127477169036863 6.296067714691163 1.5825310349464419 6.7079710960388192
decision_type=2 2 2 2 2 2 2 2 2 2 2 2 2 2
left_child=2 3 -1 -2 5 10 12 -4 -9 -10 11 -3 -7 -12
right_child=1 4 7 -5 -6 6 -8 8 9 -11 13 -13 -14 -15
leaf_value=-0.0064809352175330317 -0.001070345559394049 -0.0013997622191035106 -0.0037046444815337725 0.0023216347580184552 0.0010504650146608509 -0.0019133566600839835 0.0010788905658898724 -0.0019037925018620854 -0.00015049616851116847 0.0064234728593761184 0.00048388124432228666 -0.0052724878007476108 0.001984378239739521 -0.0020869672486709579
leaf_weight=188.05472763255239 400.3462559748441 724.76263592205942 376.66854362748563 1571.409813079983 1906.8437335267663 920.2754371855408 1882.580777252093 461.67738577909768 212.59312899038196 104.0959181599319 990.63543557748199 262.98594435118139 189.05809011682868 514.86790024116635
leaf_count=2355 5370 10233 5256 19761 25570 12118 23820 6306 3117 1256 13347 3459 2315 6623
internal_value=0 0.000298214 -0.0022076 0.00161099 -4.77858e-05 -0.00043788 0.000218107 -0.00143904 -0.000265811 0.00198582 -0.00123952 -0.00250408 -0.00120381 -0.000374652
internal_weight=0 9363.77 1343.09 1971.76 7392.01 5485.17 2991.91 1155.03 778.366 316.689 2493.25 987.749 1109.33 1505.5
internal_count=140906 122616 18290 25131 97485 71915 38253 15935 10679 4373 33662 13692 14433 19970
is_linear=0
shrinkage=0.0101079


Tree=24
num_leaves=15
num_cat=0
split_feature=0 3 28 30 13 3 13 3 10 3 29 29 0 13
split_gain=69.8574 36.1851 50.9575 37.1358 51.9868 34.1842 35.1545 38.6305 29.2296 38.5603 28.1728 26.7892 25.9697 25.0779
threshold=0.46390178799629217 0.46502168476581579 0.29026740789413458 1.0000000180025095e-35 -0.088784128427505479 0.23038341104984286 0.042450312525033958 0.26722046732902532 0.14236145466566089 0.65705156326293956 0.87837970256805431 -0.60785761475563038 1.0714856386184695 -0.048839164897799485
decision_type=2 2 2 2 2 2 2 2 2 2 2 2 2 2
left_child=-1 3 8 4 -2 -6 -7 -8 10 -10 12 -4 -3 -13
right_child=1 2 11 -5 5 6 7 -9 9 -11 -12 13 -14 -15
leaf_value=-0.0039514681441358635 0.0065323425905628079 -0.0021760496629469419 0.0030561038395686673 0.0021407814147656706 -0.0033383264068226693 -0.00056425501619357171 0.0075848965707068852 0.00093093538811519214 0.0034911802772711808 0.00018913426273221447 0.0016824605019915874 -0.0052776535063475049 7.6553328489754939e-05 -0.0014542473903031211
leaf_weight=433.04473716393113 115.29301196709275 891.40184379555285 106.27482092007995 1541.2592477742583 302.73562034405768 1434.7912968620658 110.72296286560595 457.40444241091609 569.65523043833673 1045.2162573281676 540.85302840173244 201.66018923744559 1170.286956846714 1787.1939763054252
leaf_count=6067 1389 11825 1472 19483 4082 18916 1251 5508 7480 13229 7560 2769 15946 23997
internal_value=0 0.000158091 -0.000312318 0.000916903 0.000116784 -0.00020701 0.000257013 0.00238143 0.000320039 0.00138985 -0.000330387 -0.00160103 -0.000882256 -0.0018809
internal_weight=0 10274.7 6312.54 3962.21 2420.95 2305.65 2002.92 568.127 4217.41 1614.87 2602.54 2095.13 2061.69 1988.85
internal_count=140974 134907 84278 50629 31146 29757 25675 6759 56040 20709 35331 28238 27771 26766
is_linear=0
shrinkage=0.0101079


Tree=25
num_leaves=15
num_cat=0
split_feature=22 2 28 27 29 30 12 7 14 11 23 18 23 2
split_gain=56.6348 44.1781 32.4777 72.5878 62.332 52.6104 45.6932 41.1718 40.6718 35.3834 31.6451 30.1407 25.5738 34.2548
threshold=-0.97750595211982716 0.60196971893310558 -0.39271505177021021 0.1413247883319855 -1.0000000180025095e-35 1.0000000180025095e-35 0.017500138841569427 -0.86250701546668995 -20.805227279663082 0.037009885534644134 0.7145572602748872 47.500000000000007 1.0333152413368227 0.7735254466533662
decision_type=2 2 2 2 2 2 2 2 2 2 2 2 2 2
left_child=1 -1 -2 4 9 8 7 -7 -5 -4 -3 -10 13 -6
right_child=2 10 3 5 12 6 -8 -9 11 -11 -12 -13 -14 -15
leaf_value=0.0019586871668070016 0.0009365061918651204 -0.0049616225236313758 0.0049482889399255266 0.0047610319300281862 0 0.001405694204956039 0 0.0062863824791564065 -0.0023288986104360232 -0.0002228760318191254 0.00060650679734400715 0.00035414433172209633 -0.00063314521874265279 -0.0039330485685632969
leaf_weight=156.37407288700342 4208.8728727027774 488.48692002147436 185.53909971006215 143.14647851139307 288.5302528180182 381.16813485696912 484.77354906126857 382.32699432596564 692.35018022917211 404.26303273439407 114.28759556077421 1044.5590172801167 692.44002981111407 1074.3664893303066
leaf_count=2355 54819 7048 2423 1958 3975 5240 6263 4445 9862 5245 1736 12547 8811 14420
internal_value=0 -0.00258924 0.000260184 -0.000226437 -0.00146227 0.000806618 0.00241159 0.00394029 -0.000242996 0.00137851 -0.00384516 -0.00069764 -0.00229918 -0.00310785
internal_weight=0 759.149 9982.34 5773.46 2645.14 3128.32 1248.27 763.495 1880.06 589.802 602.775 1736.91 2055.34 1362.9
internal_count=141147 11139 130008 75189 34874 40315 15948 9685 24367 7668 8784 22409 27206 18395
is_linear=0
shrinkage=0.0101079


Tree=26
num_leaves=15
num_cat=0
split_feature=0 27 30 29 23 2 17 2 10 27 2 2 6 7
split_gain=62.8632 36.516 45.3255 36.8784 69.1513 32.9834 31.3397 40.2233 31.5669 29.5992 27.9913 26.9126 22.9954 20.4333
threshold=0.5313972830772401 -0.71473535895347584 1.0000000180025095e-35 -1.0000000180025095e-35 1.1449987888336184 0.60196971893310558 58.500000000000007 1.4894461631774905 0.16775675863027575 0.098011311143636717 0.60196971893310558 0.84413060545921337 4.9275364875793466 5.9525740146636972
decision_type=2 2 2 2 2 2 2 2 2 2 2 2 2 2
left_child=5 3 -3 -2 11 13 10 8 -8 -7 -4 -5 -12 -1
right_child=1 2 6 4 -6 9 7 -9 -10 -11 12 -13 -14 -15
leaf_value=-0.0015976834449656482 0.001527648011325212 -8.0039679532934531e-05 0.0032649181438338969 0.00023451231772033887 0.00046331610443156726 -0.00523356256763945 0.0026492843733352538 -0.00066004454208523709 0.0073824845525489145 0 -0.0011911396757078336 -0.0038704473173012816 0.0014603590251615378 0.0040457671632611802
leaf_weight=183.64078279212117 531.74717298895121 4199.9886863678694 311.49231432005763 175.14593193493783 1005.896561851725 443.44102490507066 888.7693575527519 270.68649419769645 188.56742753274739 165.13123122043908 778.07008230313659 911.71749932318926 572.11285395734012 90.657538624480367
leaf_count=2692 6931 54851 3994 2554 12836 5993 11632 3502 2177 2310 10251 12613 7366 1185
internal_value=0 0.000214857 0.000589617 -0.00079797 -0.00141157 -0.00258932 0.00153537 0.00268473 0.00356117 -0.00389134 0.000570698 -0.00317492 -3.59008e-05 0.000182902
internal_weight=0 9834.19 7209.69 2624.51 2092.76 882.871 3009.7 1348.02 1077.34 608.572 1661.68 1086.86 1350.18 274.298
internal_count=140887 128707 93773 34934 28003 12180 38922 17311 13809 8303 21611 15167 17617 3877
is_linear=0
shrinkage=0.0101079


Tree=27
num_leaves=15
num_cat=0
split_feature=0 27 28 29 30 13 3 2 0 12 14 12 11 30
split_gain=70.7509 42.3257 109.622 49.532 48.2722 34.4726 32.6296 30.3966 29.1256 33.9235 48.5952 29.0877 36.0478 27.9095
threshold=0.46390178799629217 -0.50938662886619557 0.41268247365951544 -1.0000000180025095e-35 1.0000000180025095e-35 -0.088784128427505479 0.23038341104984286 1.2997902035713198 0.80453357100486766 0.032479422166943557 -6.6995787620544425 -0.0084880264475941641 0.021484095603227619 1.0000000180025095e-35
decision_type=2 2 2 2 2 2 2 2 2 2 2 2 2 2
left_child=-1 2 13 -4 5 -3 -7 8 9 10 -6 12 -10 -2
right_child=1 4 3 -5 7 6 -8 -9 11 -11 -12 -13 -14 -15
leaf_value=-0.0039963101223168549 0.0010162042690534509 0.00524621539194763 0.0005514227970098561 -0.0057439787628161265 0.0026087485016983683 -0.0034273483349062904 -7.2327093537384795e-06 -0.00012107858830661814 -0.0014751758342541063 0 0.008283896755437236 -0.00045042895058865131 0.0041548050531642483 -0.0011140741615741332
leaf_weight=432.23793898150325 1553.6426194943488 110.52229121699929 149.61990294791758 545.56209899112582 547.25552842020988 303.84873568080366 3644.2622013874352 758.11439566127956 141.85356161370873 233.12513587810099 236.97406574524939 606.99015089310706 424.44090681895614 1036.2980114612728
leaf_count=6076 20598 1403 1972 7536 7273 4089 47748 9487 1659 2991 2806 8339 5684 13580
internal_value=0 0.000142567 -0.000797742 -0.00434016 0.000589553 -0.000116594 -0.00028679 0.00157298 0.00217605 0.00344026 0.00443809 0.0010304 0.0026731 0.000147468
internal_weight=0 10292.5 3285.12 695.182 7007.39 4058.63 3948.11 2948.75 2190.64 1017.35 784.23 1173.28 566.294 2589.94
internal_count=141241 135165 43686 9508 91479 53240 51837 38239 28752 13070 10079 15682 7343 34178
is_linear=0
shrinkage=0.0101079


Tree=28
num_leaves=15
num_cat=0
split_feature=0 13 33 28 32 30 33 28 33 13 11 6 18 14
split_gain=62.8158 32.364 37.2633 34.3772 36.106 66.1967 65.4181 38.2464 32.2895 29.0399 28.4331 25.1139 22.8654 22.2698
threshold=0.46390178799629217 -0.088784128427505479 2.2975000143051152 -0.39271505177021021 1.0000000180025095e-35 1.0000000180025095e-35 0.99472221732139599 0.41268247365951544 1.0000000180025095e-35 0.036501828581094749 0.056311305612325675 -3.503473043441772 46.500000000000007 -9.3945064544677717
decision_type=2 2 8 2 2 2 10 2 10 2 2 2 2 2
left_child=-1 2 -2 8 5 12 -7 13 -3 11 -8 -10 -5 -6
right_child=1 3 -4 4 7 6 10 -9 9 -11 -12 -13 -14 -15
leaf_value=-0.0037301092281742105 0.0075153871865211441 0.0012937787922378662 0.00012933801936326834 -0.0022754687266562964 -0.0021167267585639939 0.00039449852418804216 0.0075322370842223953 -0.0038448396986720786 0.0010921563712195622 0.0024698689029134177 0.0019860744195562548 -0.0026124685283320029 -0.00014761596273003382 0.00040810491961045615
leaf_weight=436.40569739975035 122.07984074950218 3052.2889608610421 176.89537912793458 888.59172306582332 602.11935039423406 1230.2777241822332 221.30302712321281 541.83831770904362 240.09948758780956 218.12673899531364 216.21567276120186 638.38090480864048 1324.8756442051381 808.84638095274568
leaf_count=6120 703 47794 2948 12644 8273 19127 1328 7419 1434 1288 1266 3795 16326 10568
internal_value=0 0.000152653 0.00338936 4.91494e-05 -0.000446496 0.000108334 0.0016344 -0.00156603 0.000755397 -0.000705042 0.00496342 -0.00155356 -0.00102496 -0.000646392
internal_weight=0 10281.9 298.975 9982.96 5834.07 3881.26 1667.8 1952.8 4148.9 1096.61 437.519 878.48 2213.47 1410.97
internal_count=141033 134913 3651 131262 76951 50691 21721 26260 54311 6517 2594 5229 28970 18841
is_linear=0
shrinkage=0.0101079


Tree=29
num_leaves=15
num_cat=0
split_feature=0 28 13 17 0 21 15 15 5 9 28 13 13 13
split_gain=58.6667 31.5285 31.2081 17.9899 17.844 16.1152 13.8459 13.6719 15.2785 19.1252 19.252 14.1228 32.5564 13.6181
threshold=0.58912330865859996 0.41268247365951544 -0.088784128427505479 13.500000000000002 1.9583283066749575 2.6464929580688481 7.8123133182525644 21.463747024536136 2.8420602083206181 0.27904401719570165 -0.2693240344524383 0.092544399201869978 0.10797758027911188 0.019704615697264675
decision_type=2 2 2 2 2 2 2 2 2 2 2 2 2 2
left_child=1 5 -2 -3 7 6 -1 8 9 -4 13 -9 -13 -11
right_child=2 3 4 -5 -6 -7 -8 11 -10 10 -12 12 -14 -15
leaf_value=0.00085756561557217333 0.003764116172402015 0.00093681389126230895 0.00044915709788975457 -0.0032792276517048867 0.0019060310962781596 0.0032528284106022798 -0.0038510943810867071 0.0021849464417555554 -0.00093596909318845222 -0.00056371707999052455 -0.0020395558209457395 -0.0040455820493291413 0.0024580473734023716 0.0025952168920846527
leaf_weight=135.69424868188798 241.97231919690967 96.335087522864342 4501.0690295975655 960.0193917863071 536.15168289281428 134.17043850198388 96.531281061470509 552.90761672146618 1792.2694919221103 456.52669664472342 723.45307066105306 137.08612594753504 160.33692105300725 186.27808787301183
leaf_count=1987 2926 1272 59751 13222 6692 1673 1277 7620 22969 6128 9756 1520 1811 2320
internal_value=0 -0.00196572 0.000232325 -0.00285272 0.000130287 0.000489343 -0.000991144 1.20475e-05 -0.000118562 0.000125126 -0.000909464 0.00122634 -0.000433022 0.000309157
internal_weight=0 1422.75 9288.05 1056.35 9046.08 366.396 232.226 8509.93 7659.6 5867.33 1366.26 850.331 297.423 642.805
internal_count=140924 19431 121493 14494 118567 4937 3264 111875 100924 77955 18204 10951 3331 8448
is_linear=0
shrinkage=0.0101079


Tree=30
num_leaves=15
num_cat=0
split_feature=22 27 13 29 28 27 30 33 29 33 7 17 3 7
split_gain=53.3129 61.3534 37.6055 33.5476 26.811 39.2212 56.0813 63.5701 49.304 28.4182 29.7408 25.2231 24.2447 35.0681
threshold=-0.85343691706657399 0.20576497167348864 -0.088784128427505479 -1.0000000180025095e-35 -0.39271505177021021 0.11969653144478799 1.0000000180025095e-35 0.99472221732139599 -1.0000000180025095e-35 1.0000000180025095e-35 8.5986647605896014 80.500000000000014 0.23038341104984286 12.208795070648195
decision_type=2 2 2 2 2 2 2 10 2 10 2 2 2 2
left_child=1 3 -2 -1 9 8 12 -8 -6 -4 11 -11 -7 -14
right_child=2 -3 4 -5 5 6 7 -9 -10 10 -12 -13 13 -15
leaf_value=0.0016407069386242222 0.0038540517561983867 0.0012952409507565616 0.0012773263000135319 -0.0043273270437541181 0.001404395261420568 -0.003944682750733986 0.00062458109710675366 0.0059755559307026074 -0.0021165835437431681 -0.0026711578035127906 0.0020976645480447489 0.0012216195936637819 -0.00099500712860372794 0.0028261913696182787
leaf_weight=96.285291064530611 283.53642780147493 374.01343004032969 3008.4153343513608 714.51062950305641 505.7949357163161 198.77040728926659 816.42366184480488 319.60942275822163 1777.7397281099111 604.61197504401207 289.47934456169605 213.99302613735199 1222.2006771620363 297.00841432251036
leaf_count=1414 3377 5629 47223 10233 6626 2556 12561 1878 23446 3612 1686 1292 16104 3416
internal_value=0 -0.00199518 0.000271354 -0.00356042 0.000154124 -0.000327221 0.000451918 0.00219526 -0.00131694 0.000764175 -0.000591926 -0.00160264 -0.000682027 -0.000211037
internal_weight=0 1184.81 9537.58 810.796 9254.05 5137.55 2854.01 1136.03 2283.53 4116.5 1108.08 818.605 1717.98 1519.21
internal_count=141053 17276 123777 11647 120400 66587 36515 14439 30072 53813 6590 4904 22076 19520
is_linear=0
shrinkage=0.0101079


Tree=31
num_leaves=15
num_cat=0
split_feature=0 27 28 11 15 14 15 0 3 11 3 27 13 14
split_gain=63.6981 38.3555 116.261 25.0817 24.5867 22.0166 22.6101 24.8679 21.6725 18.8954 18.6025 21.8344 20.9803 28.1355
threshold=0.46390178799629217 -0.50938662886619557 0.37256073951721197 0.041215203702449806 12.48458242416382 -7.3684372901916495 6.5101950168609628 1.8945575356483462 0.81374937295913707 0.092974785715341582 0.21024674177169803 0.56457334756851207 -0.078789908438920961 -25.121046066284176
decision_type=2 2 2 2 2 2 2 2 2 2 2 2 2 2
left_child=9 2 5 4 -3 6 -2 -8 -7 -1 11 -5 13 -12
right_child=1 3 -4 10 -6 8 7 -9 -10 -11 12 -13 -14 -15
leaf_value=-0.00485673844243631 0.00037184090470710092 0.00021861721451079676 -0.0042084235556002882 0.0020032814076703935 -0.0023670907319813059 0.0025556680334275074 -0.0034708755572288221 0.0017782689847519084 -0.00018174457815322632 0 0.00025541553732251552 -0.0030558920015509887 0.0010238320906324177 0.0072860900043937105
leaf_weight=342.2434598673135 880.66119196824729 2223.3376744184643 759.74331322684884 123.97081910446286 440.62379326112568 635.32542918808758 392.02092174254358 103.41785479895771 497.38855889998376 90.880144983530045 125.24381154216826 223.42341315001249 3757.2178425006568 127.44813031703234
leaf_count=4861 11946 29144 10442 1609 5618 7925 5278 1265 6637 1252 1499 2874 49021 1667
internal_value=0 0.000136008 -0.000762138 0.00056025 -0.000199445 0.000275005 -0.000562514 -0.00228431 0.00132495 -0.00378738 0.00103353 -0.00113215 0.00123302 0.00406664
internal_weight=0 10289.8 3268.56 7021.27 2663.96 2508.81 1376.1 495.439 1132.71 433.124 4357.3 347.394 4009.91 252.692
internal_count=141038 134925 43493 91432 34762 33051 18489 6543 14562 6113 56670 4483 52187 3166
is_linear=0
shrinkage=0.0101079


Tree=32
num_leaves=15
num_cat=0
split_feature=0 27 3 3 22 16 30 15 13 27 29 28 30 3
split_gain=51.2273 50.4866 30.2819 33.3745 30.6307 24.8456 36.131 32.1449 24.7228 25.5357 43.8603 45.1296 39.4629 25.6453
threshold=0.55977049469947826 -0.49049438536167139 0.36100544035434728 0.23038341104984286 0.65144926309585582 0.74514618515968334 1.0000000180025095e-35 4.2224416732788095 -0.088784128427505479 0.20576497167348864 -1.0000000180025095e-35 0.20576497167348864 -0.56174489110708226 0.39012277126312261
decision_type=2 2 2 2 2 2 2 2 2 2 2 2 2 2
left_child=1 -1 3 -2 8 7 -7 -3 -4 10 -10 -12 13 -11
right_child=2 5 4 -5 -6 6 -8 -9 9 12 11 -13 -14 -15
leaf_value=-0.0075048909006308739 -0.0011022161480228002 0.0013591415514922467 0.0044074013172331998 0.0019887476714964695 0.0011597183634417005 -0.0016964424858287469 0.0057068233469242677 -0.0033334763015877484 0.0011875562638495579 -0.0058311876138989359 -0.00059965148516709062 -0.0034083211245773586 0.0011979264965760964 -0.00069265294931853273
leaf_weight=144.68714329972863 432.78777769766748 184.77446897514164 97.97786551900208 1629.5959148872644 1628.5202734917402 139.10870982334018 110.34301488660276 548.0985792838037 650.97437073290348 110.43423976376653 1546.6797147896141 982.35619897209108 1640.233286857605 854.82039341516793
leaf_count=1852 5792 2691 1192 20497 21745 1916 1376 7729 8688 1528 20421 13350 20811 11328
internal_value=0 -0.00203572 0.000235556 0.00131888 -5.75158e-05 -0.00113761 0.00149301 -0.00209385 -0.000402381 -0.000496526 -0.00110555 -0.00171356 0.000232356 -0.00136331
internal_weight=0 1127.01 9574.38 2062.38 7512 982.325 249.452 732.873 5883.48 5785.5 3180.01 2529.04 2605.49 965.255
internal_count=140916 15564 125352 26289 99063 13712 3292 10420 77318 76126 42459 33771 33667 12856
is_linear=0
shrinkage=0.0101079


Tree=33
num_leaves=15
num_cat=0
split_feature=0 27 28 29 21 5 12 2 29 29 28 13 29 2
split_gain=62.3306 31.1967 96.0938 55.9699 33.7782 32.2227 26.6394 24.4656 21.4264 26.5099 35.433 19.8116 28.0142 43.0969
threshold=0.46390178799629217 -0.43245348334312433 0.39271505177021032 -1.0000000180025095e-35 -7.2519342899322501 -4.369053602218627 -0.043315231800079339 0.59341847896575939 0.87837970256805431 -1.0000000180025095e-35 -0.22706275433301923 0.014535547699779274 0.87837970256805431 0.88825947046279918
decision_type=2 2 2 2 2 2 2 2 2 2 2 2 2 2
left_child=7 2 8 -4 5 -3 -7 -1 9 -2 -11 -6 13 -13
right_child=1 4 3 -5 11 6 -8 -9 -10 10 -12 12 -14 -15
leaf_value=0 0.0017618188983261503 0 0.0013231368578275598 -0.005012029823872651 -0.00019583871994867911 0.0068498006056769622 0.0013505786963768909 -0.0053017623222661519 0.0020664920448992172 0.00038005096718418403 -0.0026227191533809034 0.0030395857964095204 -0.0010098589864473439 0.00011975371313757336
leaf_weight=131.29562506452203 538.46043591760099 299.80815650336444 167.07600148022175 641.12091556750238 3382.5735613089055 219.71023524552584 192.65203734301031 298.65064176172018 549.07317530736327 975.58255912922323 651.88564002141356 982.46960368379951 555.21899159252644 1144.5799109973013
leaf_count=1912 7014 4289 2216 8897 44803 3006 2710 4149 7298 12707 8747 12592 6743 13975
internal_value=0 0.000158404 -0.000606777 -0.00365261 0.000562407 0.00264042 0.00444827 -0.00373661 0.000292725 -0.000143978 -0.000804575 0.000308713 0.000958802 0.00149342
internal_weight=0 10300.2 3523.2 808.197 6777.01 712.17 412.362 429.946 2715 2165.93 1627.47 6064.84 2682.27 2127.05
internal_count=141058 134997 46879 11113 88118 10005 5716 6061 35766 28468 21454 78113 33310 26567
is_linear=0
shrinkage=0.0101079


Tree=34
num_leaves=15
num_cat=0
split_feature=22 2 7 13 5 22 2 30 3 23 13 7 13 33
split_gain=50.2834 51.9046 52.794 31.3867 23.9073 23.5921 24.8972 52.6393 36.2027 26.9529 23.3825 29.165 21.499 21.2702
threshold=-0.77352717518806446 0.89825308322906505 6.752274990081788 -0.088784128427505479 -1.8615301251411436 0.3560615628957749 0.97159996628761303 1.0000000180025095e-35 0.23038341104984286 0.73681753873825084 0.042450312525033958 2.7876477241516118 -0.0025864365743473168 1.055555582046509
decision_type=2 2 2 2 2 2 2 2 2 2 2 2 2 8
left_child=1 2 -1 13 -3 6 7 8 -5 -10 11 -11 -9 -2
right_child=3 4 -4 5 -6 -7 -8 12 9 10 -12 -13 -14 -15
leaf_value=-0.0013820628143411662 0.0070001853099789105 -0.00042898176755371323 0.0045207652921344151 -0.0040107170746464848 -0.0046694577143661055 0.001041678136055213 -0.00076565650088661764 0.00057807987705100876 -0.0014708988664805368 0.0016409026927320894 0.0045007133879882656 -0.00212645203566281 0.0033521869639419463 0.00089092579010336737
leaf_weight=586.38865389116108 109.83738379180431 211.76122098974884 201.19279738515615 252.96715126745403 542.36218753270805 2439.4902943056077 3157.6588589437306 567.05457548610866 731.67525768466294 615.21305077150464 161.90984452515841 304.5341033898294 674.93052418902516 156.86746679246426
leaf_count=8766 622 3092 2788 3358 7539 32729 40560 7693 9121 8300 1934 3702 8192 2529
internal_value=0 -0.00166504 0.000103842 0.000303318 -0.00354811 0.000194605 -0.000119577 0.000485217 -0.000487651 0 0.00102937 0.000342603 0.00212929 0.00367929
internal_weight=0 1541.7 787.581 9172.14 754.123 8905.43 6465.94 3308.28 2066.3 1813.33 1081.66 919.747 1241.99 266.705
internal_count=140925 22185 11554 118740 10631 115589 82860 42300 26415 23057 13936 12002 15885 3151
is_linear=0
shrinkage=0.0101079


Tree=35
num_leaves=15
num_cat=0
split_feature=1 27 29 13 30 2 13 3 29 13 2 23 27 29
split_gain=45.821 59.6927 67.5088 25.0642 21.1195 19.3704 15.4377 13.8648 26.1015 26.8003 26.9975 20.9087 22.9277 35.819
threshold=0.53401678800582897 -0.032717135734856122 -1.0000000180025095e-35 -0.088784128427505479 0.81174489855766307 0.60196971893310558 -0.014204957988113163 0.36100544035434728 0.87837970256805431 -0.019925071857869622 0.56502974033355724 1.1386243700981142 0.098011311143636717 -1.0000000180025095e-35
decision_type=2 2 2 2 2 2 2 2 2 2 2 2 2 2
left_child=1 2 -1 -2 -3 -4 -6 8 9 10 -5 12 13 -9
right_child=3 4 5 7 6 -7 -8 11 -10 -11 -12 -13 -14 -15
leaf_value=0.0024575887279394402 0.0036717316623066636 -0.00040427719444301581 0 -0.0035109686039085787 0 -0.0045945420350863775 0.0048233103175487286 0.0014753768432376104 -0.0011801424178837542 0.0027992063727645101 0.0016280597924829077 0.00074316268156545426 0.00020696963178244745 -0.0021163792261806721
leaf_weight=180.70694653876126 219.07129880972207 972.93615414947271 93.678357465192676 158.22859715297818 105.15449843928218 819.20369680412114 149.14610652439296 342.71101835370064 379.18956973031163 854.3485534414649 268.92489164881408 2577.0368838142604 2325.3760212510824 1299.3504607789218
leaf_count=2451 2637 12791 1420 2130 1414 11370 1861 4661 4926 10742 3514 34460 29667 17345
internal_value=0 -0.00125877 -0.00297027 0.000343006 0.000242487 -0.00410019 0.00281125 0.00024587 0.0010692 0.00176923 -0.000210638 2.97625e-05 -0.000423973 -0.00133884
internal_weight=0 2320.83 1093.59 8424.24 1227.24 912.882 254.301 8205.17 1660.69 1281.5 427.153 6544.47 3967.44 1642.06
internal_count=141389 31307 15241 110082 16066 12790 3275 107445 21312 16386 5644 86133 51673 22006
is_linear=0
shrinkage=0.0101079


Tree=36
num_leaves=15
num_cat=0
split_feature=0 16 30 15 3 3 23 8 10 2 3 33 30 2
split_gain=56.8761 44.7794 38.4868 32.3165 29.5561 43.1268 24.16 21.9697 21.5896 45.008 29.9027 36.2357 22.5759 23.3649
threshold=0.58099865913391124 0.74514618515968334 1.0000000180025095e-35 4.2224416732788095 0.36100544035434728 0.23038341104984286 1.1386243700981142 1.5728023052215578 0.1377854719758034 1.0194928646087649 0.71318966150283825 0.9962500035762788 -0.56174489110708226 0.51947909593582164
decision_type=2 2 2 2 2 2 2 2 2 2 2 10 2 2
left_child=1 3 -3 -1 5 -2 8 -7 9 12 11 -10 -6 -14
right_child=4 2 -4 -5 6 7 -8 -9 10 -11 -12 -13 13 -15
leaf_value=0 -0.0014869728780720183 -0.0017119355999841367 0.0050194838396889511 -0.0040723688317508026 -0.0014607591390384616 0.0026515048649645248 0.00077177675575140488 -0.00054841229159058053 0.00021777039302218156 -0.0024912357621331687 -0.0012940113034883597 0.0042710257864345819 0.0041934721126203863 0.00021910700625925336
leaf_weight=262.86848105303943 401.94642940163612 182.26021253317595 145.62420006282628 738.8566015176475 654.2948820758611 1345.9673878531903 2658.6345696244389 234.80750653147697 781.46939586661756 1172.3927840180695 610.07184441946447 323.80845655500889 176.19427864439785 1014.3998279608786
leaf_count=3737 5381 2466 1809 10344 8859 16726 35540 3033 11995 15393 8287 1938 2126 13378
internal_value=0 -0.0019315 0.00120318 -0.002999 0.000296445 0.00138975 0 0.00215034 -0.000430928 -0.000949228 0.000457416 0.00146277 1.50553e-05 0.000864031
internal_weight=0 1329.61 327.884 1001.73 9373.99 1982.72 7391.27 1580.77 4732.63 3017.28 1715.35 1105.28 1844.89 1190.59
internal_count=141012 18356 4275 14081 122656 25140 97516 19759 61976 39756 22220 13933 24363 15504
is_linear=0
shrinkage=0.0101079


Tree=37
num_leaves=15
num_cat=0
split_feature=0 27 23 29 30 2 2 13 0 21 3 12 12 2
split_gain=55.9227 40.6264 63.0999 80.5713 42.8195 31.4454 30.6488 30.6308 30.2 29.9222 28.8947 26.9549 25.8074 25.8752
threshold=0.46390178799629217 -0.50938662886619557 0.85116043686866771 -1.0000000180025095e-35 1.0000000180025095e-35 1.2997902035713198 0.59341847896575939 -0.080869115889072404 0.89986875653266918 0.057722253724932678 0.21024674177169803 -0.0098617612384259683 -0.05455698445439338 0.87288320064544689
decision_type=2 2 2 2 2 2 2 2 2 2 2 2 2 2
left_child=6 2 3 9 7 8 -1 -3 12 -2 -9 -10 -6 -14
right_child=1 4 -4 -5 5 -7 -8 10 11 -11 -12 -13 13 -15
leaf_value=0.00024618848941994684 -0.0010812631672846105 0.004136310134540926 5.7278063319373185e-05 -0.004737421335159254 0.007052055740255486 -0.00022102123048713595 -0.0052937458703769197 -0.003915167461677054 0.0024129252996240424 0.0064185204592558344 -5.1635849906477081e-05 -0.0011653482365908661 0.0033797967665474471 2.7114639801251822e-05
leaf_weight=131.63912758789957 97.51500340923667 160.09952169843018 2404.8596819918603 678.2915314398706 150.31243186444044 759.6472690757364 299.22782788239419 202.92233852669597 402.80865231156349 93.558516709133983 3701.6113510429859 430.05953223258257 888.35461766272783 352.41471319273114
leaf_count=1896 1364 2059 31490 9472 1940 9438 4205 2759 5309 1280 48458 5957 11428 4269
internal_value=0 0.000151494 -0.000772436 -0.00309432 0.000586813 0.00150542 -0.003534 -7.9095e-05 0.00211202 0.00249266 -0.000270026 0.000523261 0.00302624 0.00246597
internal_weight=0 10322.5 3274.22 869.365 7048.23 2983.6 430.867 4064.63 2223.95 191.074 3904.53 832.868 1391.08 1240.77
internal_count=141324 135223 43606 12116 91617 38341 6101 53276 28903 2644 51217 11266 17637 15697
is_linear=0
shrinkage=0.0101079


Tree=38
num_leaves=15
num_cat=0
split_feature=0 16 2 27 16 3 3 23 27 29 14 30 13 28
split_gain=57.6035 50.2136 39.0004 38.7333 44.2058 28.8427 35.6982 27.1917 29.7427 57.5537 30.4868 29.5659 24.6762 24.4445
threshold=0.58912330865859996 0.76874995231628429 0.59341847896575939 -0.49049438536167139 0.16232069581747058 0.36100544035434728 0.23038341104984286 1.1386243700981142 -0.18436925113201139 -1.0000000180025095e-35 -13.373576641082762 -0.56174489110708226 -0.032275993376970284 0.054511256515979774
decision_type=2 2 2 2 2 2 2 2 2 2 2 2 2 2
left_child=1 3 -3 -1 -5 6 -2 8 9 10 -7 -10 -6 -11
right_child=5 2 -4 4 12 7 -8 -9 11 13 -12 -13 -14 -15
leaf_value=-0.007526772916309551 -0.00131299466316891 0.0064869122788224097 -0.00081707755717274179 0.0027981655070739033 -0.0061110763087893353 -0.0025806038351122661 0.0020330711622799009 0.00077185688210746684 -0.0012036175142655309 -0.00041268511815222741 0.0038281470199229991 0.00083532377478272453 -0.0018492685424409735 -0.0035936345780179877
leaf_weight=161.28376984782517 390.12704422324896 101.5310881882906 209.5356470271945 145.57853418216109 203.19576856307685 93.655982373282313 1559.6118127778172 2666.206689234823 1148.6825051326305 390.57894389890134 249.43888130411506 1938.0063508301973 591.50718876346946 859.9418788459152
leaf_count=2126 5248 1208 2891 2183 2860 1303 19442 35527 14919 5445 3427 24142 8214 12006
internal_value=0 -0.00193545 0.0015381 -0.00295668 -0.00207577 0.000249466 0.00134035 -3.56345e-05 -0.000504781 -0.00162364 0.00194517 6.23655e-05 -0.0030372 -0.00264084
internal_weight=0 1412.63 311.067 1101.57 940.281 9296.25 1949.74 7346.51 4680.3 1593.62 343.095 3086.69 794.703 1250.52
internal_count=140941 19482 4099 15383 13257 121459 24690 96769 61242 22181 4730 39061 11074 17451
is_linear=0
shrinkage=0.0101079


Tree=39
num_leaves=15
num_cat=0
split_feature=0 16 30 3 28 2 15 3 20 5 10 0 3 22
split_gain=59.3282 36.7623 34.9381 34.2114 32.6283 31.5166 27.5956 24.6696 28.9196 38.3043 22.1676 27.1334 21.8944 21.4298
threshold=0.58099865913391124 0.74514618515968334 1.0000000180025095e-35 0.46502168476581579 -0.18436925113201139 0.84933161735534679 4.2224416732788095 0.23038341104984286 1.3041712045669558 -3.9673790931701656 0.14465422183275226 1.1154315471649172 0.52742800116539013 -0.33764579892158503
decision_type=2 2 2 2 2 2 2 2 2 2 2 2 2 2
left_child=1 6 -3 7 10 -6 -1 -2 9 -9 11 12 -5 -12
right_child=3 2 -4 4 5 -7 -8 8 -10 -11 13 -13 -14 -15
leaf_value=0 -0.0012395671776192594 -0.0019434122110498129 0.0044247837578273762 -0.0042904974129393311 0.0011446157069425985 -0.0015533266805055582 -0.0039691624056049325 -0.0011924397424784954 -3.142839032956189e-05 0.0025907441759200965 0.0052796884845089905 0.00073075524442072414 -0.00042839629861699934 0.0010141052035773251
leaf_weight=260.46597366034985 399.06541783548892 187.45533132553101 147.74366104230285 225.48138640448451 529.36525271646678 2204.735150989145 740.65503932535648 301.30207520164549 976.61573459394276 1813.1495196260512 138.10019466467202 1246.8374617416412 507.11544573679566 1059.8959369007498
leaf_count=3695 5373 2531 1820 2702 7293 29375 10370 3960 12006 22816 1769 17418 6679 13390
internal_value=0 -0.00200869 0.00078135 0.000261326 -0.000201523 -0.00101446 -0.00298186 0.0010556 0.0013673 0.00203022 0.000486028 -0.000152979 -0.00170378 0.00156973
internal_weight=0 1336.32 335.199 9401.66 5911.53 2734.1 1001.12 3490.13 3091.07 2114.45 3177.43 1979.43 732.597 1198
internal_count=141197 18416 4351 122781 78626 36668 14065 44155 38782 26776 41958 26799 9381 15159
is_linear=0
shrinkage=0.0101079


Tree=40
num_leaves=15
num_cat=0
split_feature=0 27 28 30 2 10 28 2 13 10 14 13 14 2
split_gain=51.8069 37.8653 99.5088 39.7185 28.6926 33.7129 40.9051 28.345 26.524 24.5154 24.4818 23.7268 23.2196 22.0928
threshold=0.46390178799629217 -0.50938662886619557 0.41268247365951544 1.0000000180025095e-35 1.2740741968154909 0.16069140285253528 -0.09801131114363669 0.76018664240837108 -0.088784128427505479 0.063597910106182112 -9.0383844375610334 0.048309702426195152 -12.538373470306395 0.6927219331264497
decision_type=2 2 2 2 2 2 2 2 2 2 2 2 2 2
left_child=7 2 10 8 5 6 11 -1 -3 -8 -2 -5 -7 -12
right_child=1 3 -4 4 -6 12 9 -9 -10 -11 13 -13 -14 -15
leaf_value=-0.00052168130581866268 -0.0009538094084799208 0.0045815540503134876 -0.0041896354333886433 -0.0006646457219828567 -0.00018527006625795024 0.0089549703920417736 0.0046778658504632448 -0.0059586114702409711 -0.00025788944963494773 0.0012838592726539526 0.0050705909072885375 0.0043272703011452175 0.0025978397125840475 0.00058029542263734405
leaf_weight=207.54896742291749 1165.4858122710139 111.13235330954194 684.35156268440187 807.35807894170284 788.04906017892063 108.15962186083198 443.70607441663742 218.18418968096375 3971.3917480353266 519.70438203588128 120.01171748898923 102.63264839164913 194.33927329257131 1303.7395390775055
leaf_count=3139 15834 1395 9475 10624 9837 1391 5990 2945 52081 6671 1526 1313 2354 16818
internal_value=0 0.000109132 -0.000783056 0.000529757 0.00141978 0.00201824 0.00146956 -0.00345738 -0.000107948 0.00291318 0.000111397 -2.61921e-05 0.00516589 0.00101211
internal_weight=0 10320.1 3273.59 7046.47 2963.95 2175.9 1873.4 425.733 4082.52 963.41 2589.24 909.991 302.499 1423.75
internal_count=141393 135309 43653 91656 38180 28343 24598 6084 53476 12661 34178 11937 3745 18344
is_linear=0
shrinkage=0.0101079


Tree=41
num_leaves=15
num_cat=0
split_feature=22 27 29 13 14 5 33 28 2 30 33 3 11 33
split_gain=42.7119 45.3545 37.4939 34.1374 22.204 29.9154 21.803 21.6096 39.2161 80.3237 68.7506 28.3187 34.235 28.1472
threshold=-0.85343691706657399 0.18436925113201144 -1.0000000180025095e-35 -0.088784128427505479 -3.1603491306304927 -3.1558306217193599 0.9962500035762788 -0.3317298144102096 0.84933161735534679 1.0000000180025095e-35 1.055555582046509 0.23038341104984286 0.089171398431062712 1.0000000180025095e-35
decision_type=2 2 2 2 2 2 10 2 2 2 8 2 2 10
left_child=1 2 -1 6 5 -4 -2 13 9 11 -11 -9 -13 -5
right_child=3 -3 4 7 -6 -7 -8 8 -10 10 -12 12 -14 -15
leaf_value=0.0023759816385749326 0.0008808657722688823 0.00096882374806484071 0.0001547439230721708 0.0010997009333856863 0 -0.0057302328916776918 0.0068301200156150816 -0.0043013085195151264 -0.001132980462773648 0.008036762120364839 0.0012191187376572729 -0.0010366690638921221 0.0034762380144436758 -0.00071378340303134512
leaf_weight=94.225492866709828 168.61239418201149 374.00928778760135 90.103894030675292 3192.9876706693321 109.26259668916464 505.79337715171278 118.40683470666409 194.40698813647032 2882.6508167032152 217.54032282531261 528.78473255224526 882.59457035548985 204.25149194709957 1168.9339134395123
leaf_count=1370 2708 5650 1314 49868 1529 7377 669 2530 37224 1269 8590 11694 2431 6938
internal_value=0 -0.00184144 -0.00320318 0.000195484 -0.00402296 -0.00478258 0.00358596 8.33046e-05 -0.000371272 0.000691953 0.00332129 -0.000818805 -0.000133226 0.000604046
internal_weight=0 1173.39 799.385 9559.17 705.16 595.897 287.019 9272.15 4910.23 2027.58 746.325 1281.25 1086.85 4361.92
internal_count=141161 17240 11590 123921 10220 8691 3377 120544 63738 26514 9859 16655 14125 56806
is_linear=0
shrinkage=0.0101079


Tree=42
num_leaves=15
num_cat=0
split_feature=0 27 15 16 3 3 22 16 8 13 12 21 29 13
split_gain=56.9172 41.5708 32.4284 30.0581 28.1854 38.7438 23.0817 22.8539 22.675 20.5156 18.926 42.0645 16.6434 21.8609
threshold=0.58099865913391124 0.054511256515979774 3.9815409183502202 0.72197952866554271 0.36100544035434728 0.23038341104984286 0.65144926309585582 0.76105648279190075 1.5728023052215578 -0.085957866162061677 0.04197500832378865 5.6062936782836923 0.87837970256805431 0.0044246208854019651
decision_type=2 2 2 2 2 2 2 2 2 2 2 2 2 2
left_child=1 3 -3 -1 5 -2 9 -4 10 -6 11 12 -7 -14
right_child=4 2 7 -5 6 8 -8 -9 -10 -11 -12 -13 13 -15
leaf_value=-0.0049036870829708267 -0.0013986990305770396 0.005070197212652768 -0.002423034448182555 -1.6607826381222839e-05 0.0037924377919148103 0.0028893686473957089 0.0010131597584032987 0.0021394143071592543 -0.00071510514096715402 -0.00043405037099436685 -0.00017337638995297634 0.0080580551333904616 0.0028291466375097618 -0.0033054869762538298
leaf_weight=515.00162492692471 405.23258649557829 97.259392267093062 377.6707890406251 192.86817960813642 110.61092180758715 787.66047059744596 1643.0040143597871 143.01382356695831 234.67468067258596 5663.0223602131009 195.09022578783333 147.48881992511451 110.19150820747018 110.58631337061524
leaf_count=7323 5463 1338 5264 2499 1393 9682 21873 1886 3037 74391 2441 1741 1590 1286
internal_value=0 -0.00198407 0 -0.00364312 0.00024678 0.00131272 -3.49615e-05 -0.00108043 0.00203444 -0.000341175 0.00254318 0.0030346 0.00220503 -7.41245e-05
internal_weight=0 1325.81 617.944 707.87 9407.56 1990.92 7416.64 520.685 1585.69 5773.63 1351.02 1155.93 1008.44 220.778
internal_count=141207 18310 8488 9822 122897 25240 97657 7150 19777 75784 16740 14299 12558 2876
is_linear=0
shrinkage=0.0101079


Tree=43
num_leaves=15
num_cat=0
split_feature=0 13 33 2 28 30 13 28 27 29 5 3 13 33
split_gain=57.4522 29.1799 32.4594 27.0478 72.9413 45.0495 36.854 39.576 29.9152 47.8762 30.2107 28.694 34.4048 32.5028
threshold=0.46390178799629217 -0.088784128427505479 2.2975000143051152 0.93490716814994823 0.22706275433301928 1.0000000180025095e-35 -0.0034841671586036678 -0.076279435306787477 -0.09801131114363669 -1.0000000180025095e-35 -5.1208460330963126 0.23038341104984286 0.037771573290228851 1.997500002384186
decision_type=2 2 8 2 2 2 2 2 2 2 2 2 2 8
left_child=-1 2 -2 5 -5 11 -7 -8 9 -6 -11 -3 13 -13
right_child=1 3 -4 4 8 6 7 -9 -10 10 -12 12 -14 -15
leaf_value=-0.0036004012123209504 0.0069970201955864529 -0.0031526936159472856 0.00014474263800373091 0.00035873524302289695 0.00062724643673750275 0.0001685217201909681 0.00084941773207883927 0.0050493076376522984 -0.00050510232939618318 0.00045595919260336834 -0.0051367862437258016 -0.0024681259780841231 0.0027953166257389294 0.00040684350321986069
leaf_weight=430.62923963554204 124.53151769936085 289.24347910657525 179.66268863901496 3787.0717116892338 234.34488303400576 767.56720870174468 452.01929520256817 530.82232197374105 754.09963916242123 98.097866203635931 701.24369909986854 543.48330469429493 416.06160350516438 1426.9789279717952
leaf_count=6164 703 3926 2972 49417 3078 10990 5790 6260 9545 1425 9598 3320 5218 22944
internal_value=0 0.000135877 0.00318242 3.68098e-05 -0.000427017 0.000629873 0.00188897 0.00318005 -0.00210848 -0.00322702 -0.00440242 -0.000181733 0.000170331 -0.000372107
internal_weight=0 10305.2 304.194 10001 5574.86 4426.18 1750.41 982.842 1787.79 1033.69 799.342 2675.77 2386.52 1970.46
internal_count=141350 135186 3675 131511 73063 58448 23040 12050 23646 14101 11023 35408 31482 26264
is_linear=0
shrinkage=0.0101079


Tree=44
num_leaves=15
num_cat=0
split_feature=22 2 13 28 27 29 30 2 13 18 20 22 17 5
split_gain=42.449 36.0865 33.1219 27.2303 48.1423 56.5791 53.1299 36.0846 29.0112 28.9449 25.7975 23.3924 22.8279 22.6506
threshold=-0.99052122235298146 0.60196971893310558 -0.088784128427505479 -0.39271505177021021 0.1413247883319855 -1.0000000180025095e-35 1.0000000180025095e-35 0.81877958774566661 -0.0025864365743473168 47.500000000000007 -1.8118651509284971 -0.048470843583345406 36.500000000000007 -3.0289779901504512
decision_type=2 2 2 2 2 2 2 2 2 2 2 2 2 2
left_child=1 -1 -2 -4 5 -5 9 8 -8 -6 -9 -7 -10 -3
right_child=2 13 3 4 6 11 7 10 12 -11 -12 -13 -14 -15
leaf_value=0.0018002065548334231 0.0033689985020387983 0.00071127417972612127 0.00065762390377426504 0.0013168868259849518 -0.0021455638034986969 -0.0028959760791374004 0.0012258873807894698 0.003138592701750105 0.0016012399505466975 0.00041126969715197202 -0.0012009937088737729 -0.00026113470384926598 0.0079311287867514218 -0.0044619967162177693
leaf_weight=147.39051555842161 307.84871994145215 87.267825359478593 4151.1986255198717 564.01409321092069 758.65168395079672 1482.4572953488678 280.61000431887805 205.2864046394825 111.09687382541597 1052.4809587690979 391.03510668687522 495.2678037174046 206.18370079435408 473.74343363940716
leaf_count=2261 3650 1346 54108 7430 10794 19884 4087 2512 1301 12796 4935 6612 2448 7016
internal_value=0 -0.00240258 0.000144414 3.53154e-05 -0.000423366 -0.0014489 0.000432004 0.00208824 0.00383184 -0.000641985 0.000246658 -0.00226009 0.00592902 -0.00358731
internal_weight=0 708.402 10006.1 9698.28 5547.08 2541.74 3005.34 1194.21 597.891 1811.13 596.322 1977.73 317.281 561.011
internal_count=141180 10623 130557 126907 72799 33926 38873 15283 7836 23590 7447 26496 3749 8362
is_linear=0
shrinkage=0.0101079


Tree=45
num_leaves=15
num_cat=0
split_feature=0 2 28 27 29 27 30 12 7 11 14 29 2 18
split_gain=48.8472 29.382 24.4788 54.3506 56.5431 56.046 50.1418 44.9636 43.8877 39.2371 33.3472 30.5246 28.5339 27.2912
threshold=0.46390178799629217 0.76018664240837108 -0.39271505177021021 -0.49049438536167139 -1.0000000180025095e-35 -0.91080963611602772 1.0000000180025095e-35 0.032479422166943557 -0.62236386537551869 0.042659925296902663 -20.805227279663082 0.87837970256805431 1.6744350194931032 47.500000000000007
decision_type=2 2 2 2 2 2 2 2 2 2 2 2 2 2
left_child=1 -1 -2 4 9 11 10 8 -8 -4 -5 -6 13 -12
right_child=2 -3 3 6 5 -7 7 -9 -10 -11 12 -13 -14 -15
leaf_value=-0.00037814394429250839 0.00072817828057732278 -0.0058841489189933741 0.005685402195522991 0.0035950213651707854 -0.0020707229166879097 -0.0050801076444671051 0.00081256693704698105 -0.00066246495611892988 0.0047961528784030514 -0.00047809335828055233 -0.0028053176034708535 0.0016277457218743987 0.002832992062703522 -0.00027222300597054213
leaf_weight=209.58541994914412 4238.7038936056197 216.71567108668387 149.00459088385105 169.72809062898159 851.77948191016912 546.44057063385844 605.14063733443618 527.28861515596509 582.27959019131958 289.80710534378886 754.44262992404401 291.96310825832188 172.69253754243255 1110.3099328093231
leaf_count=3180 54908 2937 1982 2314 11439 7731 8396 6633 7010 3770 10953 3944 2189 13536
internal_value=0 -0.00332479 0.00013721 -0.00027048 -0.0015718 -0.00241881 0.000427316 0.00172606 0.00281806 0.00158551 -0.000565837 -0.00108691 -0.000944381 -0.00132595
internal_weight=0 426.301 10289.6 6050.88 2128.99 1690.18 3921.88 1714.71 1187.42 438.812 2207.17 1143.74 2037.45 1864.75
internal_count=140922 6117 134805 79897 28866 23114 51031 22039 15406 5752 28992 15383 26678 24489
is_linear=0
shrinkage=0.0101079


Tree=46
num_leaves=15
num_cat=0
split_feature=22 27 16 5 28 27 29 11 30 14 17 27 3 7
split_gain=47.3474 40.178 30.8744 23.2458 19.5509 29.0176 61.1063 50.332 48.4501 40.5446 30.8514 28.7942 27.6201 32.3751
threshold=-0.87349674105644215 0.29026740789413458 0.74098026752471935 -3.2756408452987666 -0.3317298144102096 -0.076279435306787477 -1.0000000180025095e-35 0.041676236316561706 1.0000000180025095e-35 -19.856231689453121 63.500000000000007 -0.91959547996520985 0.23038341104984286 12.208795070648195
decision_type=2 2 2 2 2 2 2 2 2 2 2 2 2 2
left_child=1 2 3 -1 -2 6 7 -6 9 -7 -10 -8 -11 -14
right_child=4 -3 -4 -5 5 8 11 -9 10 12 -12 -13 13 -15
leaf_value=0 0.00073439834047615978 0.00085774528225437464 0.00012573012327135171 -0.0052886988319908457 0.0065803626204600663 0.0039050969992056026 -0.00099614790426718518 -0.00022927694186238276 0.00051473350118244599 -0.004674380137045765 0.0037335021800438996 -0.0039585702531069284 -0.0013953817441279539 0.002134522967040575
leaf_weight=91.322054363787174 4425.6509582083672 329.47752331756055 184.35980720631778 481.05441642180085 153.94914864934981 172.97378681413829 959.40070006065071 318.60144047066569 755.47363213822246 191.41392751969397 548.43718723580241 562.33637889288366 1193.9826995935291 326.92680535838008
leaf_count=1338 57489 4983 2608 7172 1972 2426 12859 4105 9543 2452 6870 7639 15755 3734
internal_value=0 -0.00197934 -0.00326381 -0.00441267 0.000239774 -0.000175191 -0.00113471 0.00197418 0.000413427 -0.000606057 0.0019133 -0.00213164 -0.00110061 -0.000603247
internal_weight=0 1086.21 756.736 572.376 9609.15 5183.5 1994.29 472.551 3189.21 1885.3 1303.91 1521.74 1712.32 1520.91
internal_count=140945 16101 11118 8510 124844 67355 26575 6077 40780 24367 16413 20498 21941 19489
is_linear=0
shrinkage=0.0101079


Tree=47
num_leaves=15
num_cat=0
split_feature=23 13 28 27 3 2 13 2 8 14 12 10 27 18
split_gain=42.3944 34.8709 31.7482 76.3767 29.2065 33.5972 26.9604 26.8671 22.5548 22.1242 22.9232 23.1091 17.5033 15.6988
threshold=0.38837011158466345 -0.088784128427505479 0.24825246632099154 -0.076279435306787477 0.23038341104984286 0.51947909593582164 -0.032850701361894601 0.7735254466533662 1.0879695415496828 -7.5620915889739981 -0.013284728862345217 0.037323253229260452 -0.87137606739997853 17.500000000000004
decision_type=2 2 2 2 2 2 2 2 2 2 2 2 2 2
left_child=-1 -2 9 6 -5 13 -4 -8 12 10 -3 -12 -9 -6
right_child=1 2 3 4 5 -7 7 8 -10 -11 11 -13 -14 -15
leaf_value=-0.0037749737617198097 0.0034122308921264509 0.00049107926578050986 -0.0055784413235703085 -0.003173917484044247 0 8.9735458817774715e-05 0.001644871795575296 -0.00084476339712137225 0.00010987430250124625 0.0010402192740395677 -0.0030650325394360779 -0.00011974779490925505 -0.0044385792609207084 0.0044480711110647195
leaf_weight=288.22372630797327 308.25827084667981 2089.630726704374 260.36773558147252 204.17131585627794 102.6523094587028 1704.5891860798001 171.01764903590083 237.23585668392479 225.42533799633384 3134.0639227293432 444.43959799967706 763.35923502035439 505.96717342920601 305.3832327388227
leaf_count=3882 3728 28690 3909 2749 1449 22282 2322 3171 3074 39045 6163 10309 6876 3789
internal_value=0 0.000104969 0 -0.000740787 0.000371081 0.000742975 -0.00260155 -0.00185356 -0.00252074 0.000431664 -0.000135555 -0.0012493 -0.00336559 0.00332273
internal_weight=0 10456.6 10148.3 3716.81 2316.8 2112.62 1400.01 1139.65 968.628 6431.49 3297.43 1207.8 743.203 408.036
internal_count=141438 137556 133828 49621 30269 27520 19352 15443 13121 84207 45162 16472 10047 5238
is_linear=0
shrinkage=0.0101079


Tree=48
num_leaves=15
num_cat=0
split_feature=22 2 13 16 14 27 30 3 15 33 3 33 30 3
split_gain=43.0076 40.1177 30.3879 25.3011 25.0488 33.4566 42.4644 28.4633 32.2488 23.7772 20.2508 33.1468 18.9491 22.912
threshold=-0.88366660475730885 0.60196971893310558 -0.088784128427505479 0.80636516213417064 -9.1779751777648908 -0.71473535895347584 -0.56174489110708226 0.81652870774269115 2.4008851051330571 1.055555582046509 0.71318966150283825 0.99472221732139599 1.0000000180025095e-35 0.99995699524879467
decision_type=2 2 2 2 2 2 2 2 2 8 2 10 2 2
left_child=1 -1 9 -3 5 7 10 8 -4 -2 11 -7 13 -9
right_child=2 3 4 -5 -6 6 -8 12 -10 -11 -12 -13 -14 -15
leaf_value=0.0016411612856871653 0.0067397766049993235 -0.0038005974682421935 0.0007126446871553127 0.00061903127049550688 0.0005533853148059131 -0.001030487247382055 0.00096904828257543779 0.0040702180820780158 -0.0048708024652686392 0.00063941810095730176 0.0013613005689591992 -0.0057850351749570237 -0.0032331756978685781 -0.0010787293236669249
leaf_weight=230.88355608843267 119.80704143643379 680.83500057272613 120.58093639835715 142.74400458671153 5431.9931226745248 661.116628754884 1854.4020398873836 144.71410838887095 436.66878658905625 172.33640277013183 176.62115264870226 201.48834583163261 139.37181328609586 185.54811533726752
leaf_count=3472 669 10081 1709 2086 68208 10848 25109 2047 6065 2772 2416 1204 1960 2266
internal_value=0 -0.00193115 0.000211834 -0.00298721 0.000105735 -0.000504058 3.99201e-05 -0.00206505 -0.00359763 0.00338415 -0.00157431 -0.0022286 -0.000133251 0.00109855
internal_weight=0 1054.46 9644.65 823.579 9352.51 3920.51 2893.63 1026.88 557.25 292.143 1039.23 862.605 469.634 330.262
internal_count=140912 15639 125273 12167 121832 53624 39577 14047 7774 3441 14468 12052 6273 4313
is_linear=0
shrinkage=0.0101079


Tree=49
num_leaves=15
num_cat=0
split_feature=0 27 28 29 2 14 2 3 16 3 22 6 13 15
split_gain=47.9039 28.891 86.2025 35.9659 24.6331 20.9432 29.0511 21.9839 25.4359 27.776 19.2395 17.9092 17.3235 17.2869
threshold=0.46390178799629217 -0.50938662886619557 0.45201864838600164 -1.0000000180025095e-35 0.60196971893310558 -7.6286680698394767 0.6927219331264497 0.8755079209804536 0.17752987891435626 0.64752128720283519 0.47964130342006689 -0.47773069143295283 -0.088784128427505479 21.463747024536136
decision_type=2 2 2 2 2 2 2 2 2 2 2 2 2 2
left_child=4 2 5 -4 -1 7 -7 8 9 -2 -10 12 -3 -13
right_child=1 11 3 -5 -6 6 -8 -9 10 -11 -12 13 -14 -15
leaf_value=0 0.0039723708818941829 0.0043350472534548256 0.00029832646151985013 -0.0053730879580870562 -0.0049678323538314929 0.0060971790057561068 0.00056292880714887777 0.0011324977621467414 -0.003821434418478477 -0.0019599416401688617 -6.3643362680575134e-05 -0.00023126439560405176 0.00087444106353079716 0.001630898357091026
leaf_weight=136.48314600810409 144.4444656483829 156.97593075037003 131.64466959610581 471.57345525920391 286.16811572387815 101.89659983105958 1142.2200243882835 431.35329937003553 455.49712002277374 156.13790666498244 231.36411662586033 3398.7546833306551 2885.6842491384596 589.9068699721247
leaf_count=1980 1801 1713 1742 6752 4124 1268 14702 5834 6364 2223 2980 42998 39214 7519
internal_value=0 0.000125031 -0.000654268 -0.00408081 -0.00331696 0.000116212 0.00108297 -0.000704384 -0.00155004 0.000787201 -0.00262857 0.000493094 0.00107666 3.65967e-05
internal_weight=0 10297.5 3266.13 603.218 422.651 2662.91 1244.12 1418.8 987.444 300.582 686.861 7031.32 3042.66 3988.66
internal_count=141214 135110 43666 8494 6104 35172 15970 19202 13368 4024 9344 91444 40927 50517
is_linear=0
shrinkage=0.0101079


Tree=50
num_leaves=15
num_cat=0
split_feature=0 16 3 28 29 3 5 5 3 16 29 13 3 10
split_gain=44.6021 26.6914 24.7768 31.6081 23.8362 23.7809 28.2183 25.0437 23.4954 23.2398 22.0749 32.7498 29.841 21.3942
threshold=0.52594888210296642 0.74514618515968334 0.46502168476581579 0.16288578510284427 1.0000000180025095e-35 0.23038341104984286 1.9976956248283388 -4.0409381389617911 0.5218293070793153 0.17364860326051715 0.87837970256805431 -0.0068800314329564563 0.3553354293107987 0.1377854719758034
decision_type=2 2 2 2 2 2 2 2 2 2 2 2 2 2
left_child=1 -1 5 13 -5 -2 7 -7 -6 -9 11 -11 -13 -4
right_child=2 -3 3 4 8 6 -8 9 -10 10 -12 12 -14 -15
leaf_value=-0.0032454770469927232 -0.0011949904996325967 0.0008225297536344294 -0.00022375704899955676 0.00011906900895810636 0.0011380172416628478 -0.00087252406339629837 -0.00032221044183749483 0.0046466238671523412 -0.0025598324165852422 -8.4528939463743481e-05 -0.00049831054441701762 0.0048769990500420997 0.0012295647579770213 0.0012824464507229887
leaf_weight=621.77249760739505 468.58976981975138 200.10966492258012 2355.4367497581989 864.41680289246142 186.80293160676956 298.43273379839957 877.90940977074206 332.43855849467218 1123.1413928400725 415.16317668929696 359.57079512812197 523.03147247806191 480.13097008876503 1582.4336512777954
leaf_count=8978 6222 2671 31884 11542 2363 3899 11011 4595 15554 5489 4355 6271 5731 20183
internal_value=0 -0.00220773 0.000231665 -0.000159819 -0.00114047 0.000878655 0.00118868 0.00175538 -0.00199823 0.00214793 0.00164017 0.00221048 0.00319381 0.000372556
internal_weight=0 821.882 9867.5 6112.23 2174.36 3755.27 3286.68 2408.77 1309.94 2110.33 1777.9 1418.33 1003.16 3937.87
internal_count=140748 11649 129099 81526 29459 47573 41351 30340 17917 26441 21846 17491 12002 52067
is_linear=0
shrinkage=0.0101079


Tree=51
num_leaves=15
num_cat=0
split_feature=22 27 16 13 28 27 30 3 33 13 3 3 11 10
split_gain=40.2491 41.6213 36.7169 29.3494 20.0693 28.487 42.2775 31.7078 26.6624 29.4135 25.6594 24.0735 22.3757 21.5498
threshold=-0.85343691706657399 0.22706275433301928 0.74514618515968334 -0.088784128427505479 -0.41268247365951533 0.22706275433301928 0.81174489855766307 0.23038341104984286 1.0000000180025095e-35 0.036501828581094749 0.39268061518669134 0.53597193956375133 0.084871239960193648 0.12718386948108676
decision_type=2 2 2 2 2 2 2 2 10 2 2 2 2 2
left_child=1 2 -1 -2 8 -6 7 -7 -5 11 -8 -10 -9 -13
right_child=3 -3 -4 4 5 6 10 12 9 -11 -12 13 -14 -15
leaf_value=-0.0043127204750769499 0.0033495384902973973 0.00092531625760232101 0.00052254316614999945 0.0011345047216545611 -0.0011054206786027629 -0.0037991058436811732 0.005846920375270695 -0.00044752943828357507 -0.0037414925804001042 0.002495204111984106 0.0010489603657815071 -0.0019401472512505771 0.0019585476887572194 0.0020769733346627274
leaf_weight=602.25938978418708 286.72792610526085 370.845434140414 196.3582265265286 2965.5409684963524 2454.0941711533815 219.71458605676889 193.29486863128841 1466.2162572443485 319.48891471326351 217.27575352787971 335.71574258059263 313.65253654122353 527.09140655584633 226.37370148301125
leaf_count=8971 3332 5571 2775 46275 32605 2935 2527 19071 1890 1270 4229 1877 6191 1339
internal_value=0 -0.00177767 -0.00307994 0.000203214 9.8499e-05 -0.00031166 0.000385116 -0.000214362 0.000635322 -0.000700416 0.00293578 -0.00156979 0.000173515 -0.000176784
internal_weight=0 1169.46 798.618 9525.19 9238.46 5196.13 2742.03 2213.02 4042.33 1076.79 529.011 859.515 1993.31 540.026
internal_count=140858 17317 11746 123541 120209 67558 34953 28197 52651 6376 6756 5106 25262 3216
is_linear=0
shrinkage=0.0101079


Tree=52
num_leaves=15
num_cat=0
split_feature=0 2 3 3 23 7 12 21 17 30 10 2 30 2
split_gain=49.5872 27.838 25.8339 32.3981 25.0184 22.6865 22.347 23.4851 20.812 20.656 17.1349 33.1305 30.7976 24.7854
threshold=0.5313972830772401 0.60196971893310558 0.36100544035434728 0.23038341104984286 1.1386243700981142 5.0455844402313241 0.04197500832378865 6.2502267360687265 34.500000000000007 0.81174489855766307 0.14351859688758853 1.0140883326530459 -0.56174489110708226 0.51947909593582164
decision_type=2 2 2 2 2 2 2 2 2 2 2 2 2 2
left_child=1 5 3 9 10 -1 7 -5 -3 -2 11 12 -4 -14
right_child=2 8 4 6 -6 -7 -8 -9 -10 -11 -12 -13 13 -15
leaf_value=-0.0018644955835596551 -0.0024301931427775378 0 -0.0018268700781312094 0.0017325289065210263 0.00066070632709340396 0.0039537606298056995 -0.0010346937340579214 0.0059114601684485809 -0.0044992494792954274 0.0021991196269361742 0.00026087699103798611 -0.0022271469825474203 0.0041115946791151084 0.00015016825962476906
leaf_weight=176.14254215359688 352.22789066471159 112.09233557619154 710.79462578520179 1311.9956986121833 2683.4738970901817 100.19290133938193 224.83309360407293 161.46608921699226 477.7560165617615 120.53225829638541 1693.9566536676139 1297.5059409905225 187.04779910482466 1099.687573261559
leaf_count=2600 5027 1630 9620 16395 35717 1303 2827 1911 6660 1260 22041 17187 2284 14405
internal_value=0 -0.00235881 0.000152587 0.00112577 -0.000118364 0.000152022 0.00178518 0.00224592 -0.00358979 -0.00114944 -0.000545883 -0.000972541 -0.000132032 0.000778163
internal_weight=0 866.184 9843.52 2171.06 7672.47 276.335 1698.29 1473.46 589.848 472.76 4988.99 3295.04 1997.53 1286.74
internal_count=140867 12193 128674 27420 101254 3903 21133 18306 8290 6287 65537 43496 26309 16689
is_linear=0
shrinkage=0.0101079


Tree=53
num_leaves=15
num_cat=0
split_feature=0 27 16 3 3 0 15 8 13 27 29 23 12 11
split_gain=47.0438 43.2837 28.3921 25.0378 36.6054 24.6362 21.7203 20.868 20.0145 21.1566 37.7166 31.2092 20.1701 28.6986
threshold=0.58099865913391124 0.11969653144478799 0.72197952866554271 0.36100544035434728 0.23038341104984286 1.5990826487541201 4.2224416732788095 1.5728023052215578 -0.088784128427505479 -0.50938662886619557 -1.0000000180025095e-35 0.95005953311920177 -0.010552167426794766 0.080013643950223937
decision_type=2 2 2 2 2 2 2 2 2 2 2 2 2 2
left_child=1 2 -1 4 -2 8 -3 -6 -5 10 -10 12 -12 -14
right_child=3 6 -4 5 7 -7 -8 -9 9 -11 11 -13 13 -15
leaf_value=-0.0044671126550875342 -0.0013249676402699285 0.0046311243628041534 0 0.0039394815888932119 0.0025108011312954624 0.0013910601000194952 -0.00048571726620357875 -0.00058422848857752664 0.0016326696074225034 0.00012067304548767424 -0.0053506299846402504 -0.00057457572240533132 0.0001254886694284906 -0.0055984042820311428
leaf_weight=551.95646789297462 402.53713981620967 94.362350383773446 209.15036623552442 107.74069843813777 1346.8040642589331 1157.8867086730897 454.32979630120099 239.09767684899271 389.22683391347528 4086.2934351991862 317.20701408013701 981.9534533508122 259.57685692235827 119.17394274286926
leaf_count=8012 5413 1267 2738 1262 16657 14869 6254 3069 5280 53064 4819 12956 3800 1542
internal_value=0 -0.00172518 -0.0032791 0.000313095 0.00131865 3.70573e-05 0.000372928 0.0020182 -0.000208269 -0.000292255 -0.00112549 -0.00179382 -0.00343165 -0.00164573
internal_weight=0 1309.8 761.107 9407.5 1988.44 7419.06 548.692 1585.9 6261.17 6153.43 2067.14 1677.91 695.958 378.751
internal_count=141002 18271 10750 122731 25139 97592 7521 19726 82723 81461 28397 23117 10161 5342
is_linear=0
shrinkage=0.0101079


Tree=54
num_leaves=15
num_cat=0
split_feature=0 27 23 29 30 14 3 11 3 13 2 2 0 33
split_gain=43.9817 27.7749 51.8995 74.1154 38.8696 35.4692 27.2588 32.9258 25.8427 27.056 25.2294 23.5613 26.8332 63.3248
threshold=0.46390178799629217 -0.50938662886619557 0.85116043686866771 -1.0000000180025095e-35 1.0000000180025095e-35 -9.4620647430419904 0.64752128720283519 0.1354024335741997 0.22622041404247287 -0.080869115889072404 0.60196971893310558 1.2661192417144778 0.81050759553909313 0.90112781524658214
decision_type=2 2 2 2 2 2 2 2 2 2 2 2 2 10
left_child=10 2 3 5 8 -2 7 -4 -3 -10 -1 12 13 -6
right_child=1 4 6 -5 11 -7 -8 -9 9 -11 -12 -13 -14 -15
leaf_value=0.00010873742596916735 -0.001469538990582732 -0.002942977556455915 0.00055556637281142535 -0.0044434769689123835 0.0013746894716185295 0.0067344947399252493 -0.00057225934772905636 0.0061769430570313543 0.0048514537989560128 -0.00010115616273618193 -0.0048991124531837628 -9.5809472145670234e-05 0.00074790929156901681 0.0069864922673895961
leaf_weight=134.34327790886164 95.595539780333638 312.33528324775398 518.72223476879299 655.82450908608735 732.99512083269656 95.125365298241377 1761.6915261782706 134.34930654428899 108.49415617994964 3641.3249483946711 284.21137179806828 807.10390621423721 1128.1445398367941 296.28641472756863
leaf_count=1979 1238 4415 6890 9377 11307 1389 23148 1517 1284 47484 4107 10063 14952 1737
internal_value=0 8.88401e-05 -0.000676154 -0.00281877 0.000450004 0.00251988 6.47814e-05 0.00183128 -0.000183643 4.0924e-05 -0.00322356 0.00133013 0.00188074 0.00306868
internal_weight=0 10288 3261.31 846.545 7026.68 190.721 2414.76 653.072 4062.15 3749.82 418.555 2964.53 2157.43 1029.28
internal_count=140887 134801 43559 12004 91242 2627 31555 8407 53183 48768 6086 38059 27996 13044
is_linear=0
shrinkage=0.0101079


Tree=55
num_leaves=15
num_cat=0
split_feature=0 3 13 2 13 14 30 13 23 13 12 0 3 2
split_gain=42.1413 32.2351 37.7296 27.6478 25.1494 26.8395 28.3444 33.2945 25.7283 34.4743 22.1536 21.5947 20.6081 20.0355
threshold=0.46390178799629217 0.64752128720283519 -0.06063414923846721 0.76018664240837108 -0.088784128427505479 -7.1137402057647696 -0.56174489110708226 0.0068855436984449634 0.78615167737007152 0.0095144174993038195 -0.037745507434010499 1.8660634160041811 0.24981635808944705 1.2510554790496828
decision_type=2 2 2 2 2 2 2 2 2 2 2 2 2 2
left_child=3 4 -3 -1 10 6 8 12 9 -6 -2 -4 -8 -14
right_child=1 2 11 -5 5 -7 7 -9 -10 -11 -12 -13 13 -15
leaf_value=-0.00021690650156099383 0.0059805312042878877 -0.0059215751373937206 -0.00073432958064073952 -0.0055821659537228551 -0.0042029538125115794 0.0011584174745111018 -0.0022852388051587498 -0.0015699151289253685 0 0.0016037115511459959 0 0.0014431803072442228 0.0021905101940667103 -0.00052026032585426754
leaf_weight=206.22791536897421 154.63911750912666 125.25275797955692 3086.285101717338 214.97499382868409 460.13545722141862 2799.6154954191297 140.09579686447978 570.2384100034833 630.31221288070083 118.49418937414885 126.24737880192697 530.82194628939033 1205.1212033703923 329.26076985150576
leaf_count=3185 1525 1782 41736 2974 5998 34239 1923 7229 9043 1484 1700 6628 17109 4293
internal_value=0 0.00013362 -0.00060847 -0.0031003 0.000565048 0.000422499 -0.000163591 0.000495029 -0.00141522 -0.00293936 0.00350305 -0.000401234 0.00122625 0.00158285
internal_weight=0 10276.5 3742.36 421.203 6534.16 6253.27 3453.66 2244.72 1208.94 578.63 280.886 3617.11 1674.48 1534.38
internal_count=140848 134689 50146 6159 84543 81318 47079 30554 16525 7482 3225 48364 23325 21402
is_linear=0
shrinkage=0.0101079


Tree=56
num_leaves=15
num_cat=0
split_feature=0 27 28 29 30 17 11 3 14 30 33 28 7 29
split_gain=45.6391 29.0665 80.5104 41.1797 26.5732 40.8473 24.6274 21.8202 22.1124 21.734 36.395 20.8518 21.979 23.6472
threshold=0.46390178799629217 -0.43245348334312433 0.41268247365951544 -1.0000000180025095e-35 1.0000000180025095e-35 58.500000000000007 0.092974785715341582 0.23038341104984286 -21.335689544677731 1.0000000180025095e-35 0.99472221732139599 0.86046862602233898 8.1592531204223651 1.0000000180025095e-35
decision_type=2 2 2 2 2 2 2 2 2 2 10 2 2 2
left_child=6 2 9 -4 7 -6 -1 -3 -9 -2 -11 12 -10 -14
right_child=1 4 3 -5 5 -7 -8 8 11 10 -12 -13 13 -15
leaf_value=-0.0045263444958803297 0.00090443749060012629 -0.0024626474316153586 0.00074729256276894601 -0.0047820593580519466 0.00010961287084667948 0.0025595352027213258 0.0010366211502085196 0.0033193435647834797 -0.00021296261173245752 0.00020046081424554668 -0.0038202996126460798 -0.0017642877900450463 -0.0004381556388983289 0.0029857375417579862
leaf_weight=330.90197570994496 1656.7919372469187 337.19329852424562 160.82528577931225 588.6067320369184 1556.0490880571306 1306.1592269577086 89.348429270088673 210.17366083711386 1964.4554057214409 778.77323627658188 308.96152859926224 563.62948180362582 298.28540213778615 538.16953714936972
leaf_count=4900 21842 4693 2135 8412 20190 16487 1253 2682 26605 12389 1861 7402 3682 6246
internal_value=0 0.000117148 -0.00062567 -0.00354642 0.000506524 0.00124557 -0.00325157 -2.52527e-05 0.000198112 0.00016479 -0.00092329 0 0.000354135 0.00172385
internal_weight=0 10268.1 3493.96 749.432 6774.12 2862.21 420.25 3911.91 3574.71 2744.53 1087.73 3364.54 2800.91 836.455
internal_count=140779 134626 46639 10547 87987 36677 6153 51310 46617 36092 14250 43935 36533 9928
is_linear=0
shrinkage=0.0101079


Tree=57
num_leaves=15
num_cat=0
split_feature=0 27 28 27 30 33 18 11 30 17 18 0 27 13
split_gain=45.1083 37.5244 27.6871 18.3525 29.609 33.7113 24.9223 24.8647 24.7809 27.4954 23.9554 20.8359 22.7199 22.0014
threshold=0.58912330865859996 -0.49049438536167139 0.74455857276916515 -0.7866188883781432 1.0000000180025095e-35 0.99472221732139599 83.500000000000014 0.051153132691979415 1.0000000180025095e-35 58.500000000000007 91.500000000000014 1.3518877029418948 -0.50938662886619557 -0.080869115889072404
decision_type=2 2 2 2 2 10 2 2 2 2 2 2 2 2
left_child=1 -1 -3 4 7 6 -6 -2 11 10 -10 12 -5 -14
right_child=3 2 -4 8 5 -7 -8 -9 9 -11 -12 -13 13 -15
leaf_value=-0.0058043308963923734 0.0019418829456515512 0.0010668894783963452 -0.0020936571643712584 -0.0040493199943191678 -0.0015591169064563958 -0.005117706439285199 0.0038060998648808239 -0.00078681675522562626 -0.00025931051786833091 0.0023198934585019208 0.0026908954907716503 0.0015944914666809519 0.0038521462981230578 -0.00030156203432711207
leaf_weight=190.27150363475084 594.07950108125806 417.04619494825602 780.84505902044475 151.63377252221107 527.31774911656976 245.38602854311466 95.852997098118067 758.38895124942064 1330.1862086560577 1308.4354967195541 343.47089947573841 697.41643923148513 127.64393492229283 3143.3298619799316
leaf_count=2534 8351 5717 11147 2138 8591 1502 1616 9774 17151 16635 4270 9229 1595 40792
internal_value=0 -0.00168106 -0.00095993 0.000267005 -0.000524671 -0.00198022 -0.000633598 0.000386175 0.000520578 0.00122119 0.000331515 2.3427e-06 -0.000313105 -0.000118528
internal_weight=0 1388.16 1197.89 9323.14 2221.03 868.557 623.171 1352.47 7102.12 2982.09 1673.66 4120.02 3422.61 3270.97
internal_count=141042 19398 16864 121644 29834 11709 10207 18125 91810 38056 21421 53754 44525 42387
is_linear=0
shrinkage=0.0101079


Tree=58
num_leaves=15
num_cat=0
split_feature=0 2 3 0 10 28 11 3 20 3 12 2 17 13
split_gain=45.1893 35.136 21.8887 30.4955 26.8259 34.4133 25.3642 21.7123 27.1981 20.6327 20.0772 19.9051 19.124 17.0615
threshold=0.52594888210296642 0.60196971893310558 0.46502168476581579 1.379020690917969 0.12514593452215197 -0.09801131114363669 0.02107503637671471 0.23038341104984286 1.3409010767936709 0.51876434683799755 0.0019708388717845087 0.70224109292030346 32.500000000000007 -0.078789908438920961
decision_type=2 2 2 2 2 2 2 2 2 2 2 2 2 2
left_child=1 10 7 4 -4 -6 -7 11 13 -8 -1 -2 -3 -9
right_child=2 12 3 -5 5 6 9 8 -10 -11 -12 -13 -14 -15
leaf_value=0.0031350704401606659 -0.0025373117958741379 0 -0.0013328662193887598 0.00098590221664950615 0.0017653051328941302 0.0025077209495498192 0.0023921709534627713 0.0046711171482626485 -0.00026596122367619605 -0.0020833308332932877 -0.0022511345899168863 0.0018617450647270236 -0.0045737034111207808 0.0013873365400065309
leaf_weight=147.39724014699459 338.41892666742206 95.690181862562895 2476.79295415245 1611.3997747767717 856.18782373704016 173.90671610273421 104.93252357840538 184.40827339887619 1020.1332898028195 876.44690587557852 116.50792809203267 134.09685886465013 458.65680878423154 2124.5394769664854
leaf_count=2118 4564 1400 33793 20813 11074 2256 1324 2066 12546 12319 1637 1749 6462 26978
internal_value=0 -0.00228499 0.000175697 -0.000194211 -0.000627863 0.00022193 -0.000891127 0.000779045 0.00107343 -0.00154908 0.000611605 -0.00119479 -0.0037256 0.00168161
internal_weight=0 818.252 9901.26 6099.67 4488.27 2011.47 1155.29 3801.6 3329.08 981.379 263.905 472.516 554.347 2308.95
internal_count=141099 11617 129482 81579 60766 26973 15899 47903 41590 13643 3755 6313 7862 29044
is_linear=0
shrinkage=0.0101079


Tree=59
num_leaves=15
num_cat=0
split_feature=0 27 16 6 16 13 2 11 1 27 0 16 13 6
split_gain=40.4093 46.66 23.1215 42.9483 35.1263 44.0057 21.0106 22.027 23.8969 21.3466 19.2456 18.363 18.2564 17.1067
threshold=0.63403689861297619 -0.50938662886619557 0.76105648279190075 1.7878533601760866 0.15431796014308932 -0.032850701361894601 1.6585669517517092 0.016947722993791107 1.1679117679595949 0.79989895224571239 0.42022532224655157 0.67272502183914196 0.0029359253821894531 -4.7969512939453116
decision_type=2 2 2 2 2 2 2 2 2 2 2 2 2 2
left_child=1 -1 4 -4 13 -6 -2 -8 9 -9 -7 12 -12 -3
right_child=6 2 3 -5 5 10 7 8 -10 -11 11 -13 -14 -15
leaf_value=-0.0051283378860720848 0.00059041033450851505 -0.00026388267142311628 0.0058224852170696371 -0.00095526920470763855 -0.0055831432448892916 -0.0045997690250175558 0.0029539371831310821 -0.002295294827150646 0.00047651250513624865 0.0020816170472385156 -0.00086357284505448706 -0.0030241277696540394 0.0028512560569043939 0.0053476170814406362
leaf_weight=273.91309005580842 6778.760794153437 89.164554368704557 140.31194404140115 244.45320300757885 264.37192298099399 106.5007239729166 154.02888734266162 1025.5053284466267 737.39020872674882 112.28366070054471 266.26510199718177 157.80416727252305 241.4759143833071 97.703496277332306
leaf_count=3709 88746 1343 1777 3293 3727 1559 2145 13579 9169 1258 3777 1961 3466 1419
internal_value=0 -0.00131096 -0.000614499 0.00147834 -0.00131075 -0.00206042 0.000317456 -0.000573285 -0.000895324 -0.00181701 -0.000759345 -3.9455e-05 0.000840638 0.00255657
internal_weight=0 1881.96 1608.05 384.765 1223.29 1036.42 8807.97 2029.21 1875.18 1137.79 772.046 665.545 507.741 186.868
internal_count=140928 26031 22322 5070 17252 14490 114897 26151 24006 14837 10763 9204 7243 2762
is_linear=0
shrinkage=0.0101079


Tree=60
num_leaves=15
num_cat=0
split_feature=3 22 30 3 27 7 2 5 28 13 7 2 15 13
split_gain=34.439 47.6191 27.0018 33.5588 31.4475 31.0483 25.0354 27.0192 28.1687 24.1955 18.6861 46.3758 26.8789 17.7386
threshold=0.36100544035434728 -0.86342373490333546 0.81174489855766307 0.23038341104984286 0.41268247365951544 -8.9249939918518049 0.89304143190383922 -3.2157628536224361 0.52803644537925731 -0.061901738867163651 10.8905086517334 0.84933161735534679 3.2649136781692509 -0.088784128427505479
decision_type=2 2 2 2 2 2 2 2 2 2 2 2 2 2
left_child=2 6 3 9 -4 -6 -2 -8 -9 -1 12 -12 -5 -3
right_child=1 13 4 10 5 -7 7 8 -10 -11 11 -13 -14 -15
leaf_value=0.0019838937224084239 -0.00034795316538359996 0.0037425130356498835 0.00010257399294067445 0.0040097286826055976 0.00089687253376454672 0.0079242103108573998 0.00074226446873084078 -0.00013771526657664523 -0.0064122642389622701 -0.0033552260118147642 0.0056455039599899665 -0.00055667676609803124 -0.00028999884655903747 -0.00011334010694015927
leaf_weight=101.1535325422883 367.47707524523139 116.10259064845741 236.97647642530501 168.05278310365975 125.37653279490769 172.50057675503194 88.648185692727566 111.08426324278116 327.54405549541116 326.69601586833596 260.43594741262496 205.58082014881074 887.58835966698825 7212.5022443942726
leaf_count=1518 5608 1329 2744 2381 1434 2182 1361 1589 4704 4511 3105 2270 11632 94697
internal_value=0 -0.000318357 0.00103788 0.00045633 0.0030467 0.00519526 -0.00251017 -0.00391492 -0.0049435 -0.00198729 0.00117638 0.00285906 0.000380277 -4.29038e-05
internal_weight=0 8223.36 2484.36 1949.51 534.854 297.877 894.754 527.277 438.628 427.85 1521.66 466.017 1055.64 7328.6
internal_count=141065 109288 31777 25417 6360 3616 13262 7654 6293 6029 19388 5375 14013 96026
is_linear=0
shrinkage=0.0101079


Tree=61
num_leaves=15
num_cat=0
split_feature=0 3 22 13 12 30 3 13 3 2 13 2 0 27
split_gain=43.032 26.3935 29.8133 23.1255 27.4129 26.7969 26.7117 29.452 27.5628 23.1751 23.9322 21.2489 17.8052 18.0334
threshold=0.46390178799629217 0.46744382381439215 -0.77352717518806446 -0.078789908438920961 -0.037745507434010499 1.0000000180025095e-35 0.21024674177169803 0.042450312525033958 0.26722046732902532 0.92964377999305736 0.018118820153176788 0.60196971893310558 1.5442624092102053 -0.3317298144102096
decision_type=2 2 2 2 2 2 2 2 2 2 2 2 2 2
left_child=11 3 -3 4 -2 6 -5 -8 -9 10 -7 -1 13 -4
right_child=1 2 12 5 -6 9 7 8 -10 -11 -12 -13 -14 -15
leaf_value=0 0.0063078492401312932 -0.002130893246708474 -0.0010869110585293256 -0.003633157969579635 0.000263553866004926 0.0010432663689278147 -0.00059882122466421348 0.0057265306796121795 0.00068920397531265713 -0.00022016298115763239 0.004368167402715048 -0.0047014247199564287 0.0010676586507537911 0.00022921511099467857
leaf_weight=133.61948725953698 156.21542386524379 769.70889252983034 1815.4576162435114 197.94688553735614 173.38952565193176 587.11385794915259 1432.7908899635077 149.2613911293447 475.36114444583654 450.42320849373937 403.45923945866525 281.84251926094294 1201.590648194775 2462.4029309265316
leaf_count=1975 1599 11352 24767 2738 2453 7871 18860 1781 5631 5291 4809 4134 15517 32093
internal_value=0 0.000128244 -0.00027814 0.000768412 0.00332625 0.000523012 -0.000149192 0.000178583 0.00201159 0.0015983 0.00246111 -0.00316096 -7.89723e-06 -0.000320819
internal_weight=0 10275.1 6249.16 4025.96 329.605 3696.36 2255.36 2057.41 624.623 1441 990.573 415.462 5479.45 4277.86
internal_count=140871 134762 83729 51033 4052 46981 29010 26272 7412 17971 12680 6109 72377 56860
is_linear=0
shrinkage=0.0101079


Tree=62
num_leaves=15
num_cat=0
split_feature=0 2 27 0 29 30 0 12 7 2 2 21 3 2
split_gain=36.9192 30.0433 23.8216 44.7877 58.1988 38.5654 26.0146 53.3279 39.7411 26.6326 25.6102 22.7119 21.2336 25.8955
threshold=0.46390178799629217 0.76018664240837108 -0.50938662886619557 0.78924059867858898 -1.0000000180025095e-35 1.0000000180025095e-35 0.7743024230003358 0.032479422166943557 -0.86250701546668995 0.91354110836982738 1.3653413057327273 -4.8680062294006339 0.64752128720283519 1.6279584765434267
decision_type=2 2 2 2 2 2 2 2 2 2 2 2 2 2
left_child=1 -1 3 4 -2 10 7 8 -7 -10 -4 -8 -5 -14
right_child=2 -3 5 12 -6 6 11 -9 9 -11 -12 -13 13 -15
leaf_value=0 0.0024160055201354015 -0.0055164005905966231 -0.00056443138690421765 0.0015077464510936341 -0.0044863433998330836 0.0013640265667517147 0.0026467798864033419 -0.00089167840904546332 0.0075578987652501631 0.0014238601406711649 0.0014882792040077403 -1.3270257282148865e-05 0.00070893735858314709 -0.0016435344295338081
leaf_weight=202.944429917261 149.33051686361432 211.85386705957353 3313.7015619538724 707.24826445244253 524.74984213896096 389.50193280354142 406.03788097575307 313.41563604958355 313.76214633323252 121.38484414853156 751.06253487057984 1441.0468560550362 866.88805966451764 1010.6831138245761
leaf_count=3141 2058 2966 43526 9141 7382 5238 5402 3948 3716 1504 9759 18313 11978 13089
internal_value=0 -0.00292317 0.000125463 -0.000582889 -0.00288791 0.000458921 0.00133133 0.0025388 0.00388747 0.0059923 -0.000173121 0.000558129 9.33573e-06 -0.000537426
internal_weight=0 414.798 10308.8 3258.9 674.08 7049.91 2985.15 1138.06 824.649 435.147 4064.76 1847.08 2584.82 1877.57
internal_count=141161 6107 135054 43648 9440 91406 38121 14406 10458 5220 53285 23715 34208 25067
is_linear=0
shrinkage=0.0101079


Tree=63
num_leaves=15
num_cat=0
split_feature=28 27 29 30 23 2 23 21 3 11 15 14 2 13
split_gain=39.0173 57.3703 75.2877 36.8289 36.2043 39.0719 35.5437 31.2441 30.0805 33.5119 30.9306 33.4752 29.3833 27.1654
threshold=-0.3317298144102096 0.1413247883319855 -1.0000000180025095e-35 0.81174489855766307 1.0333152413368227 0.60638910531997692 0.93557950854301464 -6.7165555953979483 0.23038341104984286 0.086987853050231947 12.080981254577638 -7.1137402057647696 0.51947909593582164 0.0099561112001538294
decision_type=2 2 2 2 2 2 2 2 2 2 2 2 2 2
left_child=-1 2 7 8 5 -4 -5 -2 -3 10 11 12 -10 -9
right_child=1 3 4 6 -6 -7 -8 13 9 -11 -12 -13 -14 -15
leaf_value=0.00075273989604578129 -0.0025238180473605341 -0.0030908353132427634 0.00089110849018177098 0.003744947652535054 -9.4487239340263217e-05 -0.0035799772175258882 -0.002068519470934475 0.0057355703893636157 0.0024858492979308302 0.0023642584485751481 -0.0027735224151757025 0.0025546775665095992 -0.001938020559624865 0.00072369953412482039
leaf_weight=4476.6871016602963 133.47131914272904 294.53198586776853 209.42536561377347 525.51638256013393 602.00801419094205 1576.9598126634955 119.62460834160447 189.07248349115252 189.7117532081902 590.67389886081219 419.19279647059739 452.99664691090584 619.84774147160351 309.6251322478056
leaf_count=57913 1719 4060 3065 6788 7739 22352 1399 2730 2791 7061 5379 5425 8844 3837
internal_value=0 -0.000482887 -0.00148431 0.000447535 -0.0023109 -0.00303168 0.00259337 0.00156563 -8.21271e-05 0.000299115 -0.000409649 0.000355268 -0.00083824 0.00276166
internal_weight=0 6232.66 3020.56 3212.1 2388.39 1786.39 645.141 632.169 2566.95 2272.42 1681.75 1262.56 809.559 498.698
internal_count=141102 83189 41442 41747 33156 25417 8187 8286 33560 29500 22439 17060 11635 6567
is_linear=0
shrinkage=0.0101079


Tree=64
num_leaves=15
num_cat=0
split_feature=0 28 2 30 13 32 18 13 14 13 18 28 5 18
split_gain=37.9453 20.4311 41.0311 48.4836 45.0468 38.418 29.2282 37.1722 27.7904 25.8593 25.5742 25.2341 34.2101 29.5799
threshold=0.45659005641937261 -0.39271505177021021 0.93490716814994823 1.0000000180025095e-35 -0.0025864365743473168 1.0000000180025095e-35 45.500000000000007 -0.028928680345416066 -13.26911401748657 -0.092127270996570573 85.500000000000014 0.43245348334312445 -1.9081327915191648 78.500000000000014
decision_type=2 2 2 2 2 2 2 2 2 2 2 2 2 2
left_child=-1 -2 3 6 -5 -6 8 -8 -3 -4 -9 13 -13 -11
right_child=1 2 9 4 5 -7 7 10 -10 11 -12 12 -14 -15
leaf_value=-0.0031119530360367862 0.00066326080748622767 0.0013026438390080894 0.0031755815387343208 0 0.0051463029803188245 -0.0011170705591843481 -0.0027249861300341674 0.0032705662644996461 -0.0031754739935834042 -0.0011676883013977512 -0.00037841248533224819 9.5876644400797291e-05 -0.0032878981297416159 0.0018528487244917702
leaf_weight=376.69470103830099 4238.6703283041716 172.32245095819235 130.44571639969945 521.16294612921774 525.62559615820646 107.8071073256433 238.16723889671266 455.38811674155295 531.74862267076969 1289.6579028181732 306.71361925452948 410.99516900070012 965.09124195761979 431.1426676698029
leaf_count=5578 54829 2551 1644 7672 6208 1360 3052 5856 7629 17192 3790 5703 12689 5378
internal_value=0 0.000122471 -0.000247865 0.000624262 0.00222226 0.00401653 -0.000439719 0.000639536 -0.00202033 -0.00103261 0.0017602 -0.00123028 -0.00225305 -0.000382629
internal_weight=0 10324.9 6086.27 2858.94 1154.6 633.433 1704.34 1000.27 704.071 3227.33 762.102 3096.89 1376.09 1720.8
internal_count=141131 135553 80724 38118 15240 7568 22878 12698 10180 42606 9646 40962 18392 22570
is_linear=0
shrinkage=0.0101079


Tree=65
num_leaves=15
num_cat=0
split_feature=0 2 12 22 27 0 3 30 3 27 7 5 22 30
split_gain=37.7292 24.3729 20.9609 20.142 26.4931 19.5202 26.7773 30.4339 37.6385 27.8925 40.5694 21.5815 20.5651 19.4336
threshold=0.46390178799629217 1.6585669517517092 -0.090950142592191682 -0.06424361094832419 0.87137606739997875 1.3518877029418948 0.36100544035434728 0.81174489855766307 0.23038341104984286 0.35222910344600683 -9.0870604515075666 1.3869079947471621 -1.0348899364471433 -0.56174489110708226
decision_type=2 2 2 2 2 2 2 2 2 2 2 2 2 2
left_child=-1 2 -2 4 -3 6 7 8 11 -9 -11 -4 -8 -14
right_child=1 3 5 -5 -6 -7 12 9 -10 10 -12 -13 13 -15
leaf_value=-0.0029649617958895616 0.0032800190402970516 -0.0023225354789982344 -0.0037379483707639387 0.00010253297611335082 0.0028079632245055991 0.001591526774908598 -0.0028876858499076214 0 0.001146390011553545 0.00023369048231886705 0.0081927576257437278 0.0014224629392854018 -0.0010752573728809952 0.00033481017674749403
leaf_weight=414.8796408046037 241.43239429593086 988.20317361503839 294.37468614988029 1119.8673108834773 101.34069376811385 1005.2643740978092 300.65825312770903 181.46478139609098 1389.5776395630091 120.59320911206305 172.23715435341001 96.014938978478312 1545.843904575333 2735.2088404316455
leaf_count=6140 3446 13116 4118 14221 1176 13210 4672 2036 17545 1400 2108 1370 20839 35608
internal_value=0 0.000116772 0.000377425 -0.000816523 -0.00179221 0.000279792 7.94167e-05 0.000984262 0.000346999 0.00324842 0.00513904 -0.00236407 -0.000357851 -0.000165915
internal_weight=0 10292.1 8082.67 2209.41 1089.54 7841.24 6835.97 2254.26 1779.97 474.295 292.83 390.39 4581.71 4281.05
internal_count=141005 134865 106352 28513 14292 102906 89696 28577 23033 5544 3508 5488 61119 56447
is_linear=0
shrinkage=0.0101079


Tree=66
num_leaves=15
num_cat=0
split_feature=22 16 27 5 13 2 2 28 30 28 33 3 28 13
split_gain=32.8796 38.0726 29.137 27.0782 27.068 23.1441 20.3026 37.4457 36.6348 33.9897 41.7858 26.9033 28.8212 22.949
threshold=-0.88366660475730885 0.76498666405677807 0.24825246632099154 -3.2756408452987666 -0.088784128427505479 0.89825308322906505 0.9445079267024995 -0.20576497167348859 1.0000000180025095e-35 -0.09801131114363669 1.055555582046509 0.23038341104984286 0.89194178581237804 0.037771573290228851
decision_type=2 2 2 2 2 2 2 2 2 2 8 2 2 2
left_child=1 2 3 -1 -2 -3 8 -8 11 -10 -11 -6 13 -13
right_child=4 5 -4 -5 6 -7 7 -9 9 10 -12 12 -14 -15
leaf_value=0.00069937474751165815 0.0031819838057410206 0.0048628916825268912 1.5454782474845305e-05 -0.0049769578621914855 -0.0030415143778773873 -0.001103603712269583 0.00043263614932204705 -0.0012905222224805835 0.00031240292932449863 0.0067676381757795084 0.0016029354537481107 0.00019605760360022899 -0.0024315128497229303 0.0031263383575561728
leaf_weight=87.80215460434556 292.91040586307645 116.32849008217454 241.08652830868959 471.44323821179569 279.79333072714508 120.73102533072233 2866.1662957463413 2299.3969244528562 822.62678822129965 244.59876704216003 543.29476767592132 1635.4947119913995 338.89610922709107 330.14347128756344
leaf_count=1300 3409 1493 3777 7192 3862 1829 37040 30079 10709 1410 8817 21613 4352 4057
internal_value=0 -0.00169528 -0.00276343 -0.00401691 0.000191978 0.00171909 9.15742e-05 -0.000327354 0.000616739 0.00181101 0.00330675 -0.000115029 0.000231627 0.000718932
internal_weight=0 1037.39 800.332 559.245 9653.32 237.06 9360.41 5165.56 4194.85 1610.52 787.894 2584.33 2304.53 1965.64
internal_count=140939 15591 12269 8492 125348 3322 121939 67119 54820 20936 10227 33884 30022 25670
is_linear=0
shrinkage=0.0101079


Tree=67
num_leaves=15
num_cat=0
split_feature=0 27 23 29 21 14 13 14 11 21 23 21 11 11
split_gain=35.9714 31.6645 42.8305 78.5254 44.7999 25.0447 22.59 40.8245 20.049 14.4365 14.0612 21.5271 13.2118 12.7827
threshold=0.46390178799629217 -0.47136868536472315 0.96129801869392406 -1.0000000180025095e-35 0.35486678779125219 -10.127477169036863 -0.074749708175659166 -24.689385414123532 0.092974785715341582 -4.5896410942077628 0.67784860730171215 7.1928839683532724 0.15294346213340762 0.041215203702449806
decision_type=2 2 2 2 2 2 2 2 2 2 2 2 2 2
left_child=8 2 3 4 -2 9 7 -3 -1 -5 -7 -12 -4 -8
right_child=1 6 12 5 -6 10 13 -9 -10 -11 11 -13 -14 -15
leaf_value=-0.0040611205549744931 -0.0011254132412349708 0 -0.00010822353970404277 -0.0037999337173318039 0.0071186479896814614 -0.0043705167538645399 -0.00017234423315281921 0.0063979104348667369 0.00097226490515573143 -0.0090233042510912999 0.000537356298843235 -0.0046816241598169319 0.0025552063193943521 0.00072679240037306378
leaf_weight=325.66410163789988 131.22044431231916 222.32731426879764 2002.6233124881983 219.74191843159497 114.40452370606363 197.81705644913018 2647.0925925727934 174.02107397839427 87.624412138015032 116.99717369303107 268.47854547016323 101.66457433253527 200.71654082648456 3898.76458674483
leaf_count=4862 1817 2565 25964 3460 1573 2757 34387 2315 1240 1730 3866 1369 2431 50671
internal_value=0 0.000115107 -0.000685308 -0.00226117 0.00265332 -0.00365088 0.00050793 0.00284276 -0.00289946 -0.00589212 -0.0021912 -0.000854526 0.000124072 0.000357232
internal_weight=0 10295.9 3353.66 1150.32 245.625 904.699 6942.21 396.348 413.289 336.739 567.96 370.143 2203.34 6545.86
internal_count=141007 134905 44967 16572 3390 13182 89938 4880 6102 5190 7992 5235 28395 85058
is_linear=0
shrinkage=0.0101079


Tree=68
num_leaves=15
num_cat=0
split_feature=0 27 28 29 11 2 29 29 28 3 27 20 12 27
split_gain=37.1668 24.2548 76.4917 44.7605 24.3109 22.0636 20.8716 19.1082 23.5295 16.6898 23.8139 15.1706 13.7048 17.8875
threshold=0.45659005641937261 -0.50938662886619557 0.41268247365951544 -1.0000000180025095e-35 0.041215203702449806 0.60196971893310558 0.87837970256805431 -1.0000000180025095e-35 -0.22706275433301923 0.21024674177169803 0.56457334756851207 -0.66348195075988758 -0.016493502072989937 0.99275061488151561
decision_type=2 2 2 2 2 2 2 2 2 2 2 2 2 2
left_child=5 2 6 -4 -3 -1 7 -2 11 10 -6 -9 -11 -14
right_child=1 4 3 -5 9 -7 -8 8 -10 12 -12 -13 13 -15
leaf_value=0.00012789051125555059 0.0013702306467819087 -0.0002889253340560441 0.0010787035191318459 -0.005000296835067539 0.0021640876509181582 -0.0047838040527761767 0.0019906069206405844 -0.0011551261628316531 -0.0022925416008484733 0.0018770874420503008 -0.0031512597499214787 0.001453145616694077 0.00039165527057654969 0.0040916316039745606
leaf_weight=121.49172530323267 522.5325434897095 2693.1553024612367 144.89770998060703 523.761953080073 122.61638568341732 250.22924709133804 516.83494940772653 416.2862664591521 652.14222616329789 1523.6227433737367 221.94864427857101 473.59921027719975 2375.4651968702674 138.10488780215383
leaf_count=1800 6742 35033 1938 7593 1589 3709 6885 5566 8912 20837 2880 5973 29697 1774
internal_value=0 0.00011981 -0.000596768 -0.00362579 0.000454996 -0.00310146 0.000180576 -0.00025866 -0.000840791 0.000921165 -0.00113885 0.000188432 0.00110881 0.00062278
internal_weight=0 10325 3250.05 668.66 7074.91 371.721 2581.4 2064.56 1542.03 4381.76 344.565 889.885 4037.19 2513.57
internal_count=140928 135419 43609 9531 91810 5509 34078 27193 20451 56777 4469 11539 52308 31471
is_linear=0
shrinkage=0.0101079


Tree=69
num_leaves=15
num_cat=0
split_feature=22 2 7 13 28 14 27 30 30 7 2 33 27 31
split_gain=35.2756 39.628 45.4389 27.7699 25.4412 20.0436 23.5754 28.4271 21.2038 20.6516 20.133 18.1911 17.6215 17.447
threshold=-0.85343691706657399 0.89825308322906505 6.752274990081788 -0.088784128427505479 0.52803644537925731 -9.3945064544677717 -0.7866188883781432 -0.56174489110708226 1.0000000180025095e-35 6.2200851440429696 0.58903786540031444 1.055555582046509 0.47136868536472326 1.0000000180025095e-35
decision_type=2 2 2 2 2 2 2 2 2 2 2 8 2 2
left_child=1 2 12 11 -3 6 8 10 -5 13 -8 -2 -1 -9
right_child=3 4 -4 5 -6 -7 7 9 -10 -11 -12 -13 -14 -15
leaf_value=-0.0032255418537191112 0.0061893266942641941 0 0.0047723546402089912 -0.0005828084971394458 -0.0048903442202007184 0.00049646392219054273 -0.0043943045023175416 0.001882436332516611 -0.0039556619055217011 -0.0027329741473100739 -0.00063436873930419605 0.00077315824331500381 0.00067165478529219362 -0.00016442340126606348
leaf_weight=251.30706836469471 120.23833538591862 160.80660664476454 153.38754253089428 539.48143570683897 403.53054097481072 5508.6840884331614 179.33177989907563 1041.2712328042835 323.39101976342499 147.29316913336515 866.17938354238868 171.29451016336679 188.54803001508117 656.6802956815809
leaf_count=3973 659 2378 2153 7257 5984 68898 2347 14144 4629 1943 12273 2734 2911 8818
internal_value=0 -0.00165516 0.000108159 0.000207563 -0.0035563 0.000105054 -0.00045844 -5.18762e-06 -0.00191702 0.000734458 -0.00134492 0.00324326 -0.00148151 0.00106988
internal_weight=0 1157.58 593.243 9553.85 564.337 9262.31 3753.63 2890.76 862.872 1845.24 1045.51 291.533 439.855 1697.95
internal_count=141101 17399 9037 123702 8362 120309 51411 39525 11886 24905 14620 3393 6884 22962
is_linear=0
shrinkage=0.0101079


Tree=70
num_leaves=15
num_cat=0
split_feature=0 27 15 13 13 33 2 28 13 13 15 30 28 33
split_gain=34.4754 37.044 20.5839 37.9655 19.2984 25.5579 20.0957 45.2188 35.5703 22.9306 16.2665 16.0817 37.0914 56.8034
threshold=0.56416326761245739 -0.47136868536472315 3.8054872751235966 0.011347348336130382 -0.088784128427505479 1.055555582046509 0.84933161735534679 -0.20576497167348859 0.037118503823876388 0.069726578891277327 23.370211601257328 1.0000000180025095e-35 0.032717135734856136 1.0000000180025095e-35
decision_type=2 2 2 2 2 8 2 2 2 2 2 2 2 10
left_child=1 -1 -3 -4 5 -2 8 10 11 -10 -8 -6 -13 -14
right_child=4 2 3 -5 6 -7 7 -9 9 -11 -12 12 13 -15
leaf_value=-0.0062298728704656319 0.0063673703910439054 0.0023543798807009564 -0.0037616889674516817 0.00046073375318694663 -0.0004497191257366706 0 0.00027844503585929285 -0.0012412182517539728 0.003936466691317757 0 0.0027336975862992372 -0.00049929351661664675 0.00088757642492098951 0.008696020414632839
leaf_weight=153.22781527601182 110.48204828798771 151.27659956179559 402.21392058953643 429.38557264208794 1606.1153835114092 154.42889647185802 2985.3097362276167 2663.9066382832825 484.15766922570765 195.84946490079165 304.89441816322505 595.11217448487878 352.1842352822423 131.9687607139349
leaf_count=2077 605 2280 6096 5666 21162 2514 38780 35248 6175 2566 3780 7748 5688 755
internal_value=0 -0.00168559 -0.000893719 -0.00154888 0.000170439 0.00282661 8.83429e-05 -0.000259528 0.000715005 0.00277044 0.000524047 0.0001731 0.00113386 0.00320025
internal_weight=0 1136.1 982.876 831.599 9584.41 264.911 9319.5 5954.11 3365.39 680.007 3290.2 2685.38 1079.27 484.153
internal_count=141140 16119 14042 11762 125021 3119 121902 77808 44094 8741 42560 35353 14191 6443
is_linear=0
shrinkage=0.0101079


Tree=71
num_leaves=15
num_cat=0
split_feature=0 16 27 15 30 13 33 27 20 12 18 27 30 33
split_gain=38.6256 34.4833 35.4099 33.5061 22.9654 17.7783 23.4009 17.4759 13.5725 21.8338 17.6112 13.1871 28.5126 43.3446
threshold=0.58099865913391124 0.77646243572235119 -0.49049438536167139 3.8054872751235966 1.0000000180025095e-35 -0.088784128427505479 0.9962500035762788 0.054511256515979774 1.8283687829971316 0.0013146169367246332 67.500000000000014 -0.83743050694465626 1.0000000180025095e-35 0.9962500035762788
decision_type=2 2 2 2 2 2 10 2 2 2 2 2 2 10
left_child=1 2 -1 7 -3 6 -2 -4 9 10 -5 12 -7 -14
right_child=5 4 3 8 -6 11 -8 -9 -10 -11 -12 -13 13 -15
leaf_value=-0.0070927605052142568 0 -0.0010086774760980476 -0.00063058571917963676 -0.0027807912836028742 0.0045633696235428955 0.00039249114104078302 0.0062050807291666411 0.0051670946723758361 0.00040029302701915685 -0.0053769017281551385 0.0021407956205576092 0.00037571629977054346 -0.00049178467271595997 -0.0060257082971502821
leaf_weight=142.91924268007278 142.47931106574833 149.38234421052039 92.655325135216117 234.58330439776182 126.04796283692122 1159.4044891372323 110.16244223713875 88.188957130536437 102.26078144833446 268.82653801143169 91.73046469502151 7241.4941506329924 529.92835191078484 202.75506237149239
leaf_count=2000 2359 2098 1476 3362 1569 15630 603 1214 1485 3834 1298 94000 8652 1246
internal_value=0 -0.00160067 -0.00246821 -0.0016153 0.00145253 0.000255134 0.00287052 0.00207654 -0.0026422 -0.00323062 -0.0012587 0.000176024 -0.000565371 -0.00212422
internal_weight=0 1296.59 1021.16 878.245 275.43 9386.22 252.642 180.844 697.401 595.14 326.314 9133.58 1892.09 732.683
internal_count=140826 18336 14669 12669 3667 122490 2962 2690 9979 8494 4660 119528 25528 9898
is_linear=0
shrinkage=0.0101079


Tree=72
num_leaves=15
num_cat=0
split_feature=23 12 3 28 27 29 5 11 17 7 2 5 21 3
split_gain=32.0154 21.553 21.5514 46.7264 32.9598 54.8587 35.2128 31.7946 23.3831 35.858 22.766 19.8892 19.3223 25.7735
threshold=0.37680837512016302 0.0032395169837400322 0.46502168476581579 0.24825246632099154 0.11969653144478799 -1.0000000180025095e-35 -5.0137562751770011 0.057333478704094894 54.500000000000007 -1.1077783703804014 0.7735254466533662 1.012065649032593 -10.70469284057617 0.21024674177169803
decision_type=2 2 2 2 2 2 2 2 2 2 2 2 2 2
left_child=1 -1 12 -4 5 7 -7 -5 11 -10 -8 -6 -2 -14
right_child=2 -3 3 4 8 6 10 -9 9 -11 -12 -13 13 -15
leaf_value=-0.00016913728836089699 0.0036339962265670052 -0.0064387427574191134 0.00028788331580349063 0.0045433090463923602 -0.0046424305146275571 0.0015477428486310673 0 -0.0016350662809243948 -0.00074090328073994258 0.0056158046519047518 -0.0046580514561393718 0 -0.0020887921636182755 0.00070035430359464068
leaf_weight=121.84504807367921 199.80467662774026 124.9601164534688 4133.7664306312799 148.59203967452049 125.01023694500327 112.66817816160619 130.36756083369255 168.56460016593337 180.20968958362937 155.11322182975709 882.40024673007429 312.29749256372452 361.36843648739159 3533.0358161386102
leaf_count=1604 2282 1721 54796 2040 1686 1670 2033 2327 2583 1907 12360 4070 4693 45093
internal_value=0 -0.0036006 2.56459e-05 -0.000338901 -0.00152372 -0.00242362 -0.00347417 0.00117363 0.000111877 0.00214103 -0.00407994 -0.00136307 0.000600409 0.000427586
internal_weight=0 246.805 10443.2 6348.99 2215.22 1442.59 1125.44 317.157 772.631 335.323 1012.77 437.308 4094.21 3894.4
internal_count=140865 3325 137540 85472 30676 20430 16063 4367 10246 4490 14393 5756 52068 49786
is_linear=0
shrinkage=0.0101079


Tree=73
num_leaves=15
num_cat=0
split_feature=0 16 13 15 14 27 30 0 17 21 14 12 7 27
split_gain=27.1887 24.1173 19.9038 19.3195 18.6652 32.5068 24.6935 22.4727 21.2481 17.084 14.9856 17.6424 14.7181 19.083
threshold=0.5313972830772401 0.75301346182823192 -0.088784128427505479 4.2224416732788095 -9.9045009613037092 -0.7866188883781432 -0.56174489110708226 1.0474374890327456 89.500000000000014 -5.6616172790527335 -8.2153711318969709 0.00064036934054456662 0.37172800302505499 0.33172981441020971
decision_type=2 2 2 2 2 2 2 2 2 2 2 2 2 2
left_child=1 3 -2 -1 5 7 9 -4 -6 -7 -5 -12 13 -11
right_child=2 -3 4 10 8 6 -8 -9 -10 12 11 -13 -14 -15
leaf_value=0.00013388923678212057 0.0027059742794318335 0.0010903752741500084 -0.004173284937777199 -0.0053237869554432138 0.00021590860497873817 0.00045559508425970901 0.00073533145923855255 -0.00074527829057159233 0.0025059399779831129 -0.00026515502816520546 0.0016213149824240503 -0.0038485910456242597 0.00038730054390981132 -0.0046276666232510158
leaf_weight=155.97822352871299 290.5458608828485 207.22055809758604 354.87108998373151 270.62421353720129 5510.7937807962298 338.63530181907117 1753.8086587004364 512.12392089702189 447.28064882569015 185.01618162728846 91.458987135440111 125.72387702576816 138.02648095414042 303.46247754618526
leaf_count=2307 3397 2763 5536 4062 69853 5172 24084 6629 5554 2467 1477 1618 1673 4267
internal_value=0 -0.0017432 0.000131812 -0.00271953 4.71077e-05 -0.000523574 6.85448e-06 -0.00221888 0.000397599 -0.00127065 -0.00370167 -0.00138815 -0.00226183 -0.00308645
internal_weight=0 851.006 9834.56 643.785 9544.02 3585.94 2718.95 866.995 5958.07 965.14 487.807 217.183 626.505 488.479
internal_count=140859 12227 128632 9464 125235 49828 37663 12165 75407 13579 7157 3095 8407 6734
is_linear=0
shrinkage=0.0101079


Tree=74
num_leaves=15
num_cat=0
split_feature=0 27 28 29 30 17 2 21 33 30 33 2 3 2
split_gain=35.1501 23.2741 76.8808 34.9354 32.7246 36.707 31.389 26.2824 27.0632 25.9913 28.2269 27.4569 31.8387 25.9544
threshold=0.46390178799629217 -0.50938662886619557 0.43245348334312445 -1.0000000180025095e-35 1.0000000180025095e-35 56.500000000000007 1.4669485688209536 -7.3895127773284903 0.90112781524658214 1.0000000180025095e-35 0.99472221732139599 1.5977001190185549 0.64752128720283519 1.3653413057327273
decision_type=2 2 2 2 2 2 2 2 10 2 10 2 2 2
left_child=-1 2 9 -4 13 -6 7 -7 -9 11 -11 -2 -13 -3
right_child=1 4 3 -5 5 6 -8 8 -10 10 -12 12 -14 -15
leaf_value=-0.0028065356896264724 0.0023670250227469021 -0.00046641245388370203 0.00057019880658107857 -0.0049649886559921244 0.00022483161962932321 0.0069220619303200382 -0.00050342615629840593 0.0012412279636329529 0.0050265589273691593 7.4879888320201038e-06 -0.0036008596403661443 0.0047003110931971579 -0.001099546420313598 0.0016220368744761775
leaf_weight=411.14961052872241 796.16842972673476 3314.3985136952251 134.200867773965 484.72477011941373 1587.2742234021425 173.33675005286932 263.75787974521518 671.17653017677367 296.33502864837646 745.25301047973335 294.88251782953739 103.94439089298248 683.63080772385001 734.3094033524394
leaf_count=6129 11020 43570 1796 7109 20469 2328 3412 10315 1714 11920 1790 1257 8625 9592
internal_value=0 0.000178822 -0.000522812 -0.00370784 0.000507947 0.00130891 0.00249747 0.00322526 0.00247242 0.000221664 -0.000995619 0.00104751 -0.000245384 -7.53095e-05
internal_weight=0 10283.4 3242.8 618.926 7040.59 2991.88 1404.61 1140.85 967.512 2623.88 1040.14 1583.74 787.575 4048.71
internal_count=141046 134917 43517 8905 91400 38238 17769 14357 12029 34612 13710 20902 9882 53162
is_linear=0
shrinkage=0.0101079


end of trees

feature_importances:
Column_3=110
Column_2=104
Column_27=95
Column_13=89
Column_0=86
Column_28=70
Column_30=69
Column_29=54
Column_16=34
Column_14=32
Column_33=32
Column_11=29
Column_5=28
Column_22=28
Column_12=24
Column_23=24
Column_15=23
Column_17=22
Column_7=21
Column_21=19
Column_10=14
Column_18=13
Column_20=8
Column_6=7
Column_8=6
Column_32=3
Column_1=2
Column_9=2
Column_31=2

parameters:
[boosting: gbdt]
[objective: binary]
[metric: auc]
[tree_learner: serial]
[device_type: cpu]
[data_sample_strategy: bagging]
[data: ]
[valid: ]
[num_iterations: 600]
[learning_rate: 0.0101079]
[num_leaves: 15]
[num_threads: 2]
[seed: 2024]
[deterministic: 0]
[force_col_wise: 0]
[force_row_wise: 0]
[histogram_pool_size: -1]
[max_depth: -1]
[min_data_in_leaf: 1280]
[min_sum_hessian_in_leaf: 0.001]
[bagging_fraction: 0.829452]
[pos_bagging_fraction: 1]
[neg_bagging_fraction: 1]
[bagging_freq: 1]
[bagging_seed: 2024]
[feature_fraction: 0.727545]
[feature_fraction_bynode: 1]
[feature_fraction_seed: 2024]
[extra_trees: 0]
[extra_seed: 29642]
[early_stopping_round: 0]
[early_stopping_min_delta: 0]
[first_metric_only: 0]
[max_delta_step: 0]
[lambda_l1: 4.00664]
[lambda_l2: 7.63247]
[linear_lambda: 0]
[min_gain_to_split: 0]
[drop_rate: 0.1]
[max_drop: 50]
[skip_drop: 0.5]
[xgboost_dart_mode: 0]
[uniform_drop: 0]
[drop_seed: 2449]
[top_rate: 0.2]
[other_rate: 0.1]
[min_data_per_group: 100]
[max_cat_threshold: 32]
[cat_l2: 10]
[cat_smooth: 10]
[max_cat_to_onehot: 4]
[top_k: 20]
[monotone_constraints: ]
[monotone_constraints_method: basic]
[monotone_penalty: 0]
[feature_contri: ]
[forcedsplits_filename: ]
[refit_decay_rate: 0.9]
[cegb_tradeoff: 1]
[cegb_penalty_split: 0]
[cegb_penalty_feature_lazy: ]
[cegb_penalty_feature_coupled: ]
[path_smooth: 0]
[interaction_constraints: ]
[verbosity: -1]
[saved_feature_importance_type: 0]
[use_quantized_grad: 0]
[num_grad_quant_bins: 4]
[quant_train_renew_leaf: 0]
[stochastic_rounding: 1]
[linear_tree: 0]
[max_bin: 255]
[max_bin_by_feature: ]
[min_data_in_bin: 3]
[bin_construct_sample_cnt: 200000]
[data_random_seed: 6648]
[is_enable_sparse: 1]
[enable_bundle: 1]
[use_missing: 1]
[zero_as_missing: 0]
[feature_pre_filter: 1]
[pre_partition: 0]
[two_round: 0]
[header: 0]
[label_column: ]
[weight_column: ]
[group_column: ]
[ignore_column: ]
[categorical_feature: ]
[forcedbins_filename: ]
[precise_float_parser: 0]
[parser_config_file: ]
[objective_seed: 12337]
[num_class: 1]
[is_unbalance: 0]
[scale_pos_weight: 1]
[sigmoid: 1]
[boost_from_average: 1]
[reg_sqrt: 0]
[alpha: 0.9]
[fair_c: 1]
[poisson_max_delta_step: 0.7]
[tweedie_variance_power: 1.5]
[lambdarank_truncation_level: 30]
[lambdarank_norm: 1]
[label_gain: ]
[lambdarank_position_bias_regularization: 0]
[eval_at: ]
[multi_error_top_k: 1]
[auc_mu_weights: ]
[num_machines: 1]
[local_listen_port: 12400]
[time_out: 120]
[machine_list_filename: ]
[machines: ]
[gpu_platform_id: -1]
[gpu_device_id: -1]
[gpu_use_dp: 0]
[num_gpu: 1]

end of parameters

pandas_categorical:null
