tree
version=v4
num_class=1
num_tree_per_iteration=1
label_index=0
max_feature_idx=33
objective=binary sigmoid:1
feature_names=Column_0 Column_1 Column_2 Column_3 Column_4 Column_5 Column_6 Column_7 Column_8 Column_9 Column_10 Column_11 Column_12 Column_13 Column_14 Column_15 Column_16 Column_17 Column_18 Column_19 Column_20 Column_21 Column_22 Column_23 Column_24 Column_25 Column_26 Column_27 Column_28 Column_29 Column_30 Column_31 Column_32 Column_33
feature_infos=[0.22403052449226379:4.806818962097168] [0.027025075629353523:26.170040130615234] [0.17134076356887817:8.6935958862304688] [0.087584272027015686:1] [-28.67047119140625:41.262332916259766] [-36.190670013427734:42.326030731201172] [-36.841156005859375:62.500308990478516] [-41.300331115722656:63.120437622070312] [-22.455821990966797:30.680826187133789] [0:0.95389312505722046] [0:0.64536702632904053] [0:0.40022626519203186] [-0.51016271114349365:0.51874518394470215] [-0.15357083082199097:0.22172828018665314] [-45.028751373291016:17.161741256713867] [-6.6708002090454102:64.2962646484375] [0:1] [0:95] [0:95] [-1:1] [-29.775985717773438:44.984848022460938] [-30.525325775146484:55.0223388671875] [-2.8409864902496338:15.253066062927246] [0.049656935036182404:5.4310722351074219] [-1:1] [0:1] [0:0.99820786714553833] [-1:1] [-1:1] [-0.78183150291442871:0.97492790222167969] [-0.90096884965896606:1] [0:1] [0:1] [0.8888888955116272:4.5999999046325684]
tree_sizes=8589 8735 8680 8660 8769 8704 8714 8700 8637 8702 8655 8732 8691

Tree=0
num_leaves=79
num_cat=0
split_feature=11 12 8 33 28 3 30 3 8 14 21 21 14 3 18 30 33 33 32 17 14 30 30 30 8 3 18 30 30 18 12 3 3 30 14 21 21 28 3 17 12 3 30 17 14 14 4 7 12 3 32 30 28 11 17 3 30 12 12 18 7 14 3 11 21 21 11 17 3 14 9 7 28 11 18 11 9 30
split_gain=46.4773 21.1427 16.4818 18.0018 16.171 16.6252 27.4478 27.3177 21.5678 15.2164 36.9006 27.8469 35.9675 24.0633 34.3001 23.1455 25.0921 22.6846 22.6892 20.8546 31.0373 25.0815 28.1908 19.7016 19.2821 18.538 15.6464 23.0847 20.6812 51.3831 46.4511 31.2034 44.8052 36.4442 28.3118 17.938 15.161 27.3019 41.7544 24.5265 17.4864 15.8381 14.0247 13.7618 29.2208 21.9571 13.7245 13.6327 13.6199 21.3281 13.17 13.1275 24.2382 12.8578 12.6048 12.1708 11.9085 13.8359 13.7331 13.2194 19.8309 23.7267 12.4781 11.8201 14.4372 21.3208 11.6169 12.718 11.5739 11.4997 11.4273 11.3809 11.3775 11.1837 11.1804 11.0886 11.0701 11.0204
threshold=0.020192262716591362 0.11597469076514245 2.1376891136169438 0.9590476155281068 -0.72982063889503468 0.2663829922676087 0.81174489855766307 0.39901159703731542 -1.6644254922866819 -2.1991480588912959 5.2229673862457284 10.294247150421144 -9.8277268409728986 0.47579249739646917 72.500000000000014 0.81174489855766307 0.90112781524658214 1.0013927817344668 1.0000000180025095e-35 56.500000000000007 -8.8365831375122053 1.0000000180025095e-35 -0.56174489110708226 1.0000000180025095e-35 0.017247879877686504 0.68547797203063976 11.500000000000002 -0.56174489110708226 -0.56174489110708226 61.500000000000007 -0.00062801750027574588 0.56605395674705516 0.29555284976959234 0.81174489855766307 -12.82635974884033 -3.9756637811660762 11.801658630371096 0.60003554821014415 0.60015109181404125 11.500000000000002 0.05975750461220742 0.43941642343997961 -0.56174489110708226 35.500000000000007 -7.3510925769805899 -3.7464228868484493 0.44518359005451208 2.9212632179260258 0.14164188504219058 0.7233577072620393 1.0000000180025095e-35 1.0000000180025095e-35 0.43245348334312445 0.051151443272829063 13.500000000000002 0.63791579008102428 1.0000000180025095e-35 -0.05407333001494407 -0.105715773999691 71.500000000000014 3.8103404045104985 -9.0657682418823224 0.64635932445526134 0.12056491896510126 -7.6729247570037833 -9.415885925292967 0.13564790040254596 80.500000000000014 0.50519651174545299 -1.2456467151641843 0.29360792040824896 -0.82960176467895497 -0.3317298144102096 0.10858773067593576 38.500000000000007 0.073334760963916792 0.21694514900445941 1.0000000180025095e-35
decision_type=2 2 2 10 2 2 2 2 2 2 2 2 2 2 2 2 10 8 2 2 2 2 2 2 2 2 2 2 2 2 2 2 2 2 2 2 2 2 2 2 2 2 2 2 2 2 2 2 2 2 2 2 2 2 2 2 2 2 2 2 2 2 2 2 2 2 2 2 2 2 2 2 2 2 2 2 2 2
left_child=1 2 3 -1 5 6 -2 8 -7 11 24 12 26 15 19 16 -14 18 -13 -15 -21 22 25 -16 -11 -22 27 55 29 53 31 32 -30 46 76 -29 37 39 -39 69 -38 -42 73 44 71 51 -34 -25 -43 -50 -32 52 68 -28 -49 -6 -44 58 -58 60 61 -59 -61 64 65 -33 67 -55 -45 -12 -62 -5 -18 -9 -35 -69 -31 -41
right_child=4 -3 -4 43 9 7 -8 42 -10 10 36 17 13 14 23 -17 72 -19 -20 20 21 -23 -24 47 -26 -27 28 35 30 34 50 63 33 74 -36 -37 40 38 -40 77 41 48 56 45 -46 -47 -48 54 49 -51 -52 -53 -54 66 -56 -57 57 59 -60 62 70 -63 -64 -65 -66 -67 -68 75 -70 -71 -72 -73 -74 -75 -76 -77 -78 -79
leaf_value=-0.90312600568014811 -0.87505143409477903 -0.88328607637813228 -0.89931613776774844 -0.88957470309118258 -0.92326972557050724 -0.89534828400381306 -0.91660091815123323 -0.89550488943809436 -0.92017791588210573 -0.85458613682017959 -0.90757894124507366 -0.89705778755373711 -0.89906101503530222 -0.90349603900108377 -0.903460928888288 -0.89726743005599674 -0.90508296627608054 -0.90679256182754064 -0.86532486407275178 -0.91525611704840693 -0.87347849931039068 -0.8992553264190587 -0.85058751349260575 -0.90216885471283692 -0.88996205545091134 -0.90705303137468163 -0.88733509830447632 -0.90281091198025321 -0.91727645404137548 -0.85570430225665606 -0.91579568092107577 -0.90102660124839251 -0.87861931298289087 -0.8749795992416497 -0.89615425527891324 -0.88011584802145271 -0.9310170768059759 -0.87018805252785747 -0.90812787535146988 -0.90656046146519853 -0.88078038970646055 -0.91933526062358351 -0.91445572484779181 -0.92948880153999947 -0.92733281836599968 -0.88795495231384447 -0.90577240816324278 -0.90312600568014811 -0.87414781981305656 -0.91244939553273074 -0.89311905117087298 -0.92002679447455027 -0.89007029488549394 -0.90023960944769976 -0.92963953147573097 -0.90434061734166649 -0.89823460651608 -0.88948746445183458 -0.92649235395548057 -0.91601254780033781 -0.87032173063098384 -0.92541106622857061 -0.89528740800051421 -0.88186743090436848 -0.89801741629521503 -0.93590970947923458 -0.88639576140696119 -0.90312600568014811 -0.90853215868656134 -0.88842523219284852 -0.90053487819293199 -0.91444097648503708 -0.92070005198585259 -0.91176210899135579 -0.84186177098828285 -0.93041553547679989 -0.88346989135094922 -0.93199699861793861
leaf_weight=347.33954641409218 85.309671517461538 55.314129609614611 223.8280904982239 64.856131218373775 149.69580679945648 82.40712926350534 47.054098501801491 517.92779235169291 404.2230187188834 55.894174456596375 88.626760825514793 93.085538681596518 168.59172643907368 430.22945015132427 393.04220320470631 186.38720404915512 123.92552769184113 88.184551699087024 103.10813614353538 72.861344326287508 76.6443882137537 133.93760882131755 70.591794185340405 69.441414874047041 89.00096014328301 53.263756899163127 107.52967069856822 354.26973763108253 60.370471628382802 114.27596539631486 358.94958113506436 77.268383031710982 73.984554270282388 63.534993667155504 95.569054938852787 87.812378855422139 49.892953883856535 161.81928531639278 89.202411940321326 97.979640593752265 50.747016973793507 109.11243278905749 298.86173176951706 75.800292726606131 367.45672694593668 73.618550173938274 68.783974656835198 43.436661465093493 45.1301409304142 71.21767945215106 56.414987383410335 324.59946786612272 112.2107432410121 140.32946735620499 181.11024312861264 140.97668142803013 51.543000707402825 86.593083677813411 89.040387308225036 145.13735112175345 80.758879551663995 61.076505457982421 94.061263678595424 48.655181830748916 229.4572429228574 59.67589876241982 50.920943798497319 47.075285570695996 209.75169639289379 195.75033329613507 43.620572164654732 80.77922785654664 618.64759551361203 98.915778029710054 58.960640581324697 73.791894473135471 61.466939013451338 57.300441533327103
leaf_count=9381 1375 585 2774 576 1687 1079 726 5920 5037 564 1070 829 4559 4981 4750 2330 1123 2234 951 931 746 1673 681 759 865 554 1343 4633 895 1639 4329 914 930 795 1156 1121 599 1637 986 1017 422 1057 3737 655 3211 630 845 532 466 968 724 2843 1073 1775 2321 1630 673 1069 1124 1589 984 637 1021 676 3144 666 728 545 1793 2095 561 728 5454 1194 700 869 795 603
internal_value=-0.903126 -0.909838 -0.910686 -0.912258 -0.902067 -0.905446 -0.890141 -0.906479 -0.915844 -0.900948 -0.896222 -0.901962 -0.902735 -0.906472 -0.902804 -0.911593 -0.91459 -0.888208 -0.879706 -0.896611 -0.889289 -0.883409 -0.87335 -0.910277 -0.875031 -0.887309 -0.898918 -0.90448 -0.896687 -0.890469 -0.900478 -0.893638 -0.883188 -0.875152 -0.875189 -0.898024 -0.89939 -0.895564 -0.883726 -0.90255 -0.907339 -0.902892 -0.903515 -0.914692 -0.920567 -0.910775 -0.891743 -0.919096 -0.907965 -0.897519 -0.912532 -0.91324 -0.907465 -0.900637 -0.924467 -0.914399 -0.907002 -0.903461 -0.915949 -0.900047 -0.893202 -0.904224 -0.907667 -0.902068 -0.904824 -0.916391 -0.90521 -0.909262 -0.914557 -0.894542 -0.880119 -0.903126 -0.918184 -0.89823 -0.857191 -0.91988 -0.864477 -0.916752
internal_weight=0 1935.55 1880.24 1656.41 8834.46 2186.53 132.364 2054.17 486.63 6647.93 1161.67 5486.26 5201.88 2622.11 1524.56 1097.55 911.165 284.378 196.194 837.528 407.299 334.438 200.5 687.031 144.895 129.908 2579.77 732.755 1847.02 690.959 1156.06 740.691 325.635 265.264 271.312 442.082 1016.78 690.679 251.022 439.657 326.1 276.207 1567.54 1309.07 513.092 795.981 142.769 293.988 225.46 116.348 415.365 722.362 397.763 419.647 224.547 290.672 950.693 651.831 140.583 511.248 272.049 147.67 239.199 415.057 366.402 136.944 312.118 261.197 285.552 284.377 124.379 145.635 742.573 616.844 122.496 120.867 175.743 155.28
internal_count=131271 24249 23664 20890 107022 26726 2101 24625 6116 80296 12349 67947 63933 31394 17928 13466 11136 4014 1780 9566 4585 3654 1981 8362 1429 1300 32539 9071 23468 8850 14618 9565 4165 3270 3590 5754 10920 7408 2623 4785 3512 2913 18509 11509 4515 6994 1775 3612 2491 1434 5053 6364 3521 5260 2853 3317 11395 7658 1797 5861 3251 1706 2610 5400 4724 1580 3917 3189 2448 3165 1545 1304 6577 7114 1495 1414 2434 1620
is_linear=0
shrinkage=1


Tree=1
num_leaves=79
num_cat=0
split_feature=29 13 10 29 13 28 29 15 27 13 5 12 13 30 29 27 12 27 15 13 6 15 12 12 0 28 27 12 13 28 15 4 10 6 0 13 15 27 0 12 15 15 28 5 12 30 5 12 12 27 15 15 0 10 0 27 13 0 12 8 27 13 15 5 15 30 13 15 29 33 30 15 15 6 15 12 0 15
split_gain=56.9584 42.7615 27.0565 30.8572 24.1955 27.7044 39.1969 35.3979 65.7765 32.4876 28.5693 37.1356 26.7153 25.9153 25.564 25.0893 26.7867 23.9314 22.9812 31.4119 21.5348 21.1776 31.4231 26.1273 23.0146 19.4979 36.6158 22.9706 22.7392 18.651 16.826 15.6626 15.2134 17.045 14.1766 21.015 14.0893 13.7936 18.9384 21.2127 16.8992 13.2478 14.6486 12.5734 12.168 12.1154 12.032 11.7549 11.8527 11.7449 13.7744 11.453 11.2614 22.2265 11.2265 11.5732 11.1677 11.0957 18.6976 10.951 11.6921 11.2717 10.8733 10.7853 21.4427 21.6944 14.846 14.7233 14.1109 11.5028 17.6128 10.6522 14.4482 13.4709 12.3085 11.3312 10.5696 10.0814
threshold=-0.60785761475563038 -0.025247104465961453 0.098983984440565123 0.87837970256805431 -0.012405573856085537 -0.37256073951721186 0.87837970256805431 24.295045852661136 -0.89194178581237782 0.075988665223121657 1.4649047255516054 0.063604917377233519 0.062140017747879035 1.0000000180025095e-35 -1.0000000180025095e-35 0.24825246632099154 -0.068806316703557954 0.076279435306787505 8.7253584861755389 0.016605146229267124 2.3378753662109379 12.225345611572267 0.047253135591745384 -0.065855048596858964 0.95518198609352123 0.098011311143636717 -1.0000000180025095e-35 -0.025758516974747177 0.039518645033240325 0.60003554821014415 27.815602302551273 -2.6423641443252559 0.24959900975227359 12.185151576995851 0.64639413356781017 0.041991218924522407 11.057656288146974 0.50938662886619579 0.66788411140441906 -0.0018920234870165584 3.2642391920089726 15.388764858245851 0.33172981441020971 0.49442289769649511 0.048965429887175567 1.0000000180025095e-35 -0.88113245368003834 -0.036927673965692513 -0.0036936360411345954 -0.29026740789413447 5.7620763778686532 6.7888860702514657 0.76657500863075267 0.064193755388259902 1.2425083518028261 -0.31107263267040247 0.01286583859473467 0.86404690146446239 -0.0097085577435791475 0.84925782680511486 -0.84915164113044728 0.031251892447471626 9.9498553276062029 3.182675957679749 3.7513583898544316 -0.56174489110708226 -0.050796767696738236 7.6494340896606454 0.6078576147556306 0.99736112356185924 -0.56174489110708226 7.6494340896606454 9.3689808845520037 -0.17618595808744428 6.0901591777801523 -0.03107925038784742 0.89048883318901073 8.8693222999572772
decision_type=2 2 2 2 2 2 2 2 2 2 2 2 2 2 2 2 2 2 2 2 2 2 2 2 2 2 2 2 2 2 2 2 2 2 2 2 2 2 2 2 2 2 2 2 2 2 2 2 2 2 2 2 2 2 2 2 2 2 2 2 2 2 2 2 2 2 2 2 2 10 2 2 2 2 2 2 2 2
left_child=-1 2 3 20 14 32 7 9 -9 10 13 44 45 21 -3 16 -16 29 31 36 37 22 23 24 -7 -8 59 -28 46 -4 -10 -15 52 -34 35 -21 -20 38 49 -40 -39 42 -36 -30 77 76 -29 -17 -49 -2 -51 -50 53 56 55 -18 -6 58 -42 60 -27 -62 -53 64 69 67 -67 -66 -65 -19 -71 74 -73 -74 75 -25 -13 -12
right_child=1 4 17 -5 5 6 25 8 30 -11 11 12 -14 18 15 47 54 63 19 34 -22 -23 -24 71 -26 26 27 28 43 -31 -32 -33 33 -35 41 -37 -38 40 39 -41 57 -43 -44 -45 -46 -47 -48 48 51 50 -52 62 -54 -55 -56 -57 -58 -59 -60 -61 61 -63 -64 68 65 66 -68 -69 -70 70 -72 72 73 -75 -76 -77 -78 -79
leaf_value=-0.026777756984777211 0.036333747801335074 -0.022189646744591854 0.0022718272679197538 -0.0058707030253016754 0.021423906244212053 0.048897959308454302 -0.00011598453652530246 0.045739893263328522 0.012771646625908423 -0.023226657878087743 -0.0027109583685527186 -0.030401484560270822 0.026186508223059166 0.0025691236320685689 0.0077556782871692235 -0.0081417363470865298 -0.031424414831821158 0.005201582203117081 0.033900234347312271 -0.016712968450552791 -0.00057297768882903538 -0.007807841953619196 0.038129748879145012 0.013046167993973254 0.00078492839937891281 0.016302266878686668 0.029020682959866366 0.0065235764869889376 -0.0017193010897005904 0.019838881841712022 -0.011294090511552035 -0.022236327948462278 0.023714915527104551 -0.0017576280909680699 0.0067827497646139904 0.01961662147349089 0 0 0.013049488003375463 -0.0095822156699957636 0.043621563164994479 -0.028193056757381579 -0.01891605598820336 0.026412904722093199 0.026515223303385124 -0.0011376198924225043 -0.018446912678883428 0.026236589048605104 -0.016108528462134061 0.026036911120610663 -0.0066355526647117599 0.024227729900005563 -0.0036190221892842878 -0.026924670326879927 -0.003192464959601825 -0.010382820037883371 -0.010326156018126175 0.038526489837688159 0.0068153745373069636 0.011608736341679622 0.052683042864863625 0.020102595357226898 -0.001554309368071462 -0.004412638641178997 0.0061165079341865157 -0.022872921382256366 0.0076225734385941598 0.043483075099916495 -0.034961765329847488 -0.029525905505121314 -0.0029144120470510435 -0.023374865649276929 -0.012485836600884278 0.016908971230227925 0.022428437402495935 -0.015774079187831299 -0.0070662025580551721 0.012754063105940206
leaf_weight=156.86114526167512 82.924805345013738 200.70112928003073 465.82340434938669 198.20416904054582 35.056931434199214 39.208048796281219 247.9561087153852 91.533821361139417 117.11985894478858 134.91808784008026 104.85690812766552 71.250485377386212 47.792734438553452 57.913380159065127 114.50093029439449 85.604523126035929 133.0268167257309 67.744913700968027 53.575080938637257 54.69130121357739 181.79570575430989 309.42377525754273 56.052408022806048 45.691925408318639 43.417665423825383 77.994721757248044 61.854251636192203 51.581230860203505 53.045709578320384 171.54310064017773 114.44700032100081 315.83193850517273 81.900877445936203 137.59187031723559 81.161136435344815 69.616229567676783 47.10799646191299 50.254468940198421 257.52184939198196 121.35121029429138 38.986371718347073 96.947946244850755 91.825990933924913 69.33012573979795 108.21900324523449 231.83139028958976 125.73322900384665 69.942387618124485 39.415324399247766 54.9566266592592 42.782650837674737 58.959534453228116 2550.7020946536213 120.95843139849603 96.270785568282008 113.61131059005857 49.713483393192291 128.70242406614125 103.49364796839654 89.110831053927541 76.273605301976204 49.071220660582185 64.921655647456646 89.756655963137746 50.968366341665387 47.411555990576744 85.453017771244049 42.184339836239815 49.27521606720984 96.597359605133533 116.46035470440984 82.632114827632904 66.559346189722419 54.910543534904718 57.439154641702771 59.376033678650856 108.98011446930468 378.86260522156954
leaf_count=1886 899 2139 5952 2719 523 572 3013 994 1322 1751 1327 882 508 642 1424 1083 1562 1843 676 707 2081 3713 565 523 609 909 706 635 720 2086 1356 4002 970 1477 934 965 632 813 2866 1341 596 1152 997 858 1273 2726 1479 1012 555 715 520 862 30664 1667 1336 1475 839 1539 1366 1046 823 592 762 1173 675 629 923 553 479 783 990 1018 707 665 738 713 1292 4636
internal_value=0 0.000473019 0.00560917 0.0103315 -0.00114662 -0.000211093 0.00220673 -0.0001462 0.014007 -0.00177411 -0.000665048 0.0051804 -0.0044142 -0.00434995 -0.00783902 -0.00396939 -0.0107913 0.000912784 -0.00980131 -0.00320564 0.0134098 0.00142279 0.00718843 0.00291135 0.0254065 0.0105538 0.0146489 0.00471212 -0.000467241 0.00717217 0.000681064 -0.0182773 -0.00355307 0.00778859 -0.00909063 0.00322964 0.0188284 0.0163396 0.0117092 0.00564839 0.0240021 -0.0149058 -0.00670504 0.0141712 0.0126951 -0.00830285 -0.0109307 0.00567892 0.0110098 0.0237493 0.0115639 0.00371535 -0.00448406 -0.0146974 -0.0171433 -0.0222535 0.00263646 0.0284285 0.0181545 0.0265346 0.032483 0.0413421 0.0107168 -0.00519557 -0.00195646 0.00826628 -0.00326098 0.0246556 -0.0162695 -0.0103565 -0.0155328 -0.0022511 -0.00918167 0.000531406 0.00617228 -0.00277464 -0.0170254 0.00930705
internal_weight=0 10592.2 2544.19 1260.97 8048.02 7071.07 4095.15 3193.19 323.101 2870.09 2735.18 1051.79 459.855 1683.38 976.954 776.253 457.41 1283.22 868.671 494.926 1062.77 814.711 505.287 449.235 82.6257 901.951 653.995 361.545 299.69 637.367 231.567 373.745 2975.92 219.493 394.243 124.308 100.683 880.974 559.537 378.873 321.437 269.935 172.987 122.376 591.939 412.062 177.314 318.843 233.239 180.664 97.7393 163.297 2756.43 205.729 342.909 246.638 84.7704 271.182 142.48 292.45 203.34 125.345 123.881 645.852 506.82 226.017 132.865 93.1527 139.032 280.803 213.058 366.609 204.102 121.47 162.507 105.068 180.231 483.72
internal_count=131155 129269 31541 15455 97728 85518 49378 38597 3672 34925 33174 12644 5408 20530 12210 10071 5797 16086 10707 6063 12736 9823 6110 5545 1181 10781 7768 4398 3692 8038 2678 4644 36140 2447 4755 1672 1308 10655 6341 4207 4314 3083 1931 1578 7236 4900 2114 4274 3191 2134 1235 2179 33693 3029 4373 3037 1362 3501 1962 3370 2324 1415 1624 8048 6396 2780 1552 1228 1652 3616 1773 4364 2390 1372 1974 1236 2174 5963
is_linear=0
shrinkage=0.0454652


Tree=2
num_leaves=79
num_cat=0
split_feature=22 16 15 3 3 27 17 3 27 17 2 28 3 27 2 3 17 16 3 4 3 27 16 0 2 28 23 31 15 15 28 28 3 2 6 3 28 4 28 15 28 28 2 27 3 15 17 22 3 6 6 17 17 22 16 28 27 28 2 16 2 16 15 16 28 15 15 2 2 16 15 3 15 6 0 16 16 17
split_gain=33.4823 27.2276 43.5594 28.9799 27.1393 33.0081 22.4323 24.5733 16.331 48.8045 20.6209 16.3593 22.7924 14.8936 14.7738 14.064 14.0428 13.4791 12.953 12.5074 16.0947 19.4266 12.5918 12.0849 12.9675 20.0568 12.4756 21.5948 15.706 36.3443 16.2561 13.2856 15.6529 13.0519 12.8278 12.2568 24.2622 12.0588 11.9606 11.5302 10.6212 10.4722 22.1965 10.3172 17.1378 11.6471 15.4105 14.4073 10.18 10.0535 9.75256 9.41972 9.37882 9.21641 11.2918 11.1221 9.18079 9.10834 14.0037 13.5968 9.10709 9.24929 8.99516 8.94017 8.67138 8.96191 17.8496 10.7881 8.45284 8.25861 8.02249 8.01878 7.84167 7.81646 7.78823 7.66324 8.42875 7.5755
threshold=-0.91112080216407765 0.82397714257240307 11.218818664550783 0.2663829922676087 0.18263038247823718 0.60003554821014415 42.500000000000007 0.47579249739646917 -0.72982063889503468 23.500000000000004 0.69925144314765941 0.69930991530418407 0.65551725029945385 0.78661888837814342 0.56560975313186657 0.35546901822090154 55.500000000000007 0.31244610249996191 0.42746673524379736 -1.7654936909675596 0.28967753052711492 -0.49049438536167139 0.52726715803146373 0.44268307089805609 0.51606181263923656 -0.87137606739997853 0.73681792616844188 1.0000000180025095e-35 9.5107278823852557 7.3248858451843271 0.83743050694465648 0.52803644537925731 0.33577470481395727 1.0297195911407473 -1.6050135493278501 0.3750354945659638 0.43245348334312445 -0.54261142015457142 0.56457334756851207 12.225345611572267 0.93585023283958446 0.87137606739997875 0.40389087796211248 -0.98658463358879078 0.68896955251693737 21.728384017944339 24.500000000000004 -0.63345450162887562 0.8286879062652589 -6.3043847084045401 -1.6050135493278501 28.500000000000004 82.500000000000014 -0.42447368800640101 0.7791525423526765 0.076279435306787505 0.56457334756851207 0.5464349389076234 0.75077843666076671 0.26671184599399572 0.8635733723640443 0.22248020768165591 16.046027183532718 0.8918428122997285 -0.56457334756851185 30.568969726562504 25.151556968688968 1.7983107566833498 0.89836779236793529 0.37592808902263647 12.578130245208742 0.32824219763278967 12.13477659225464 -0.84718692302703846 0.8784998655319215 0.26671184599399572 0.69324842095375072 4.5000000000000009
decision_type=2 2 2 2 2 2 2 2 2 2 2 2 2 2 2 2 2 2 2 2 2 2 2 2 2 2 2 2 2 2 2 2 2 2 2 2 2 2 2 2 2 2 2 2 2 2 2 2 2 2 2 2 2 2 2 2 2 2 2 2 2 2 2 2 2 2 2 2 2 2 2 2 2 2 2 2 2 2
left_child=8 2 3 4 -2 17 43 16 9 -1 -11 12 13 -10 -7 -13 -8 -6 -17 62 70 -22 -23 -5 25 -25 27 28 29 35 -30 -28 -33 37 -29 36 -26 56 63 48 52 42 -27 44 -3 46 77 -47 49 -20 -51 -36 69 72 74 -56 -34 60 -59 -60 -37 -62 -4 -18 -49 66 -66 -68 -12 -35 -21 -64 -24 -72 -55 -70 -77 -45
right_child=1 6 19 23 5 14 7 -9 11 10 68 15 -14 -15 -16 18 38 -19 39 20 21 22 53 24 26 41 31 34 30 -31 -32 32 33 40 51 57 -38 -39 -40 -41 -42 -43 -44 45 -46 47 -48 64 -50 50 -52 -53 -54 54 55 -57 -58 58 59 -61 61 -63 71 -65 65 -67 67 -69 75 -71 73 -73 -74 -75 -76 76 -78 -79
leaf_value=0.055859619600131936 -0.018420759860074513 0.033401682126774558 -0.0065169440176806297 0.019828386858103716 0.016329638412185689 0.054070968820434842 0.020945927750098913 0.02887112894672678 -0.02076490103699434 -0.017661073582638045 0.030679890213987576 -0.0064605558139832174 -0.034162902073843669 0.0087510817023319608 0.012853642755232271 0.030567737388415509 0 -0.016062589367963606 -0.00080971930991220905 0.021115520190471308 -0.0030853237697188421 0.0056445903756374999 -0.0079278534906919093 -0.027148555069224735 0.038222454628500366 0.024343151588343444 -0.00027100488919379882 -0.032871106422580114 0.021269980838728282 -0.019516818310907597 -0.0089151250195339798 -0.01603939604080078 0.017690905591877002 0.02851579974154209 -0.020772573634317077 0.0045610799649518502 -0.0034848339507501202 0.026077927876830914 0.012964392505653807 -0.0043552284437979082 -0.014363572119731957 -0.0142443451788377 -0.0058471248900414359 0.0019348651279218346 -0.001274643476046271 0.014377945018558673 -0.010024327254465922 -0.012266893103994942 -0.0053858435178276926 0.036851263323002058 0.012503956221472986 0.0054823070251691815 -0.0037462095918137182 -0.0078660814910327947 0.0081229263104523868 -0.018909730598085029 -0.0053318009672574584 -0.013127402113025306 0.00073037741327743131 0.026890780448663134 -0.0015393638055786235 -0.025578379887816301 -0.0072212661456522971 -0.026240118010756406 -0.0092413487922374093 -0.018516841394091692 0.022693793179636539 -0.00036470032015615867 0.022885490675078234 0.0027479320639213932 0.0092365288297725744 0.014407269130519861 -0.026900552252807915 -0.010455316053628263 -0.021502098776134047 -0.012386115211110537 0.014261537244208498 0.010027929785631761
leaf_weight=50.772090889513493 36.570523623377085 49.943094218149781 222.44898713938892 53.381959699094296 62.908018168061972 60.773591503500938 66.354396477341652 135.78126041404903 42.853809243068099 47.547089165076613 47.765865623950958 96.562960846349597 42.966115705668926 136.74158656969666 34.195336921140552 65.558316906914115 51.590803107246757 39.155193105340004 42.943266052752733 32.995371464639902 384.89179274253547 49.914808440953493 69.514353718608618 90.13799331523478 47.6798140052706 63.049579435959458 3156.6010279692709 75.766508426517248 104.7334411740303 228.8053598832339 50.256415143609047 49.054113263264298 66.010781895369291 51.252843599766493 50.300881577655673 68.085121527314186 59.44098487496376 135.2195172291249 53.213859256356955 97.60429953597486 57.286012593656778 121.4438826944679 194.45445634424686 565.70050106570125 58.539719361811876 74.206569824367762 145.42704155296087 272.08847100101411 42.82640410028398 62.729185914620757 102.67697321623564 51.642333140596747 83.502763057127595 161.98557320423424 88.135093098506331 43.398252408951521 65.681704053655267 62.399803064763546 110.47642316296697 65.590491894632578 66.273558782413602 74.144085731357336 45.595071341842413 47.246017705649137 154.15418845787644 50.021482998505235 85.869924889877439 70.734276413917542 41.871754052117467 58.635185116901994 65.652630593627691 107.19840556383133 252.12732852995396 96.303440941497684 253.42924238555133 48.378299174830317 42.003943271934986 438.75945584662259
leaf_count=455 707 443 2737 967 977 973 774 1542 473 431 507 998 472 1807 688 731 679 459 559 530 5114 653 827 894 703 897 38551 761 1191 2861 646 573 682 538 592 814 762 1603 754 1215 557 1267 2285 6161 805 811 1692 3201 541 811 1315 551 1006 2140 1130 498 686 814 1568 860 847 838 584 558 1719 747 859 821 478 589 1140 1372 3020 1670 2967 662 482 4984
internal_value=0 -0.00084955 -0.00218985 -0.000169877 0.0153543 0.0221126 0.00344106 0.0139216 0.00782182 0.0171771 0.00750322 0.00413001 -0.00595513 0.00113742 0.0408646 0.00863046 0.00404885 0.00330331 0.0122928 -0.0081824 -0.0100393 -0.0118622 -0.0154573 -0.000866565 -0.00109897 -0.0082877 -0.000385603 -0.00460075 -0.00175541 -0.00442661 0.011198 0.000867952 0.00725474 0.00966425 -0.0189721 0.00181457 0.0153627 0.0166085 -0.00336767 0.00840538 0.00193101 -0.00343232 0.00162318 0.00150267 0.0148891 0.000663465 0.00350486 -0.00388238 0.0135455 0.0176952 0.022691 -0.00731354 0.00720208 -0.0167466 -0.0127778 -0.000737516 0.00603411 -0.00143397 0.00447134 0.0111355 -0.00837353 -0.0149344 -0.000611008 -0.0128004 -0.00617855 -0.00136729 0.00144272 0.0122308 0.014659 0.0157857 0.00189672 0.00762218 -0.0231007 -0.00214813 -0.0164296 0.00776909 0 0.00554467
internal_weight=0 9788.13 7468.5 5594.91 233.603 197.032 2319.63 354.186 1011.8 278.339 227.567 733.463 222.562 179.595 94.9689 510.901 218.405 102.063 414.338 1873.59 1498.35 1303.4 918.505 5361.31 5307.93 469.086 4838.84 1115.6 937.885 782.896 154.99 3723.24 566.643 517.589 177.71 554.09 107.121 266.912 152.051 348.78 250.677 378.948 257.504 1965.44 108.483 1856.96 1149.89 707.075 251.176 208.349 165.406 101.943 193.391 868.59 546.948 131.533 131.692 446.969 238.467 176.067 208.503 140.418 375.242 98.8368 632.868 360.78 310.758 156.604 180.02 109.888 194.951 152.793 321.642 161.956 415.415 132.254 90.3822 1004.46
internal_count=131576 119639 93089 68707 3804 3097 26550 4307 11937 3015 2560 8922 2752 2280 1661 6170 2765 1436 5172 24382 19689 16349 11235 64903 63936 5343 58593 13808 11904 10067 1837 44785 6234 5661 1904 7206 1465 2971 1991 4441 2690 4449 3182 22243 1248 20995 12837 8158 3226 2685 2126 1143 2133 10582 6735 1628 1368 5741 3242 2428 2499 1685 4693 1237 7347 4146 3399 1680 2129 1127 3340 1956 3847 2810 5107 1622 1144 11145
is_linear=0
shrinkage=0.0454652


Tree=3
num_leaves=79
num_cat=0
split_feature=11 29 22 13 29 22 5 13 11 13 14 29 11 18 21 13 14 13 2 13 13 13 13 28 8 33 14 0 6 2 28 14 0 6 21 14 5 0 21 8 8 2 13 28 5 2 33 2 13 6 2 4 6 14 18 2 29 13 21 6 29 29 0 13 18 2 5 29 0 14 29 29 2 14 13 14 6 14
split_gain=50.3044 34.7449 37.2291 29.2221 30.3439 43.4358 33.9717 27.1479 21.9366 28.9791 28.5546 20.9506 17.3551 16.8232 18.7148 16.745 18.3743 20.6002 17.463 22.5495 17.4187 16.9913 16.1541 16.0113 14.6476 14.1658 13.684 12.8589 11.8183 10.8623 10.078 11.8131 11.0556 13.7437 9.97913 9.85104 9.6601 12.7953 9.10299 9.06008 8.917 8.8279 16.8617 26.6579 23.3196 21.7529 19.6581 16.1925 11.9044 15.5495 12.9756 11.1939 10.4504 13.5733 11.9022 10.4791 10.4152 8.85711 8.76645 8.71893 12.2643 8.90314 8.44668 8.24403 8.93336 11.9976 9.39445 8.8699 8.79816 8.37747 7.51347 9.36761 13.369 7.50365 10.4437 7.34271 7.23416 9.18145
threshold=0.023579278029501442 -0.60785761475563038 -0.58037260174751271 -0.049649083986878388 0.87837970256805431 -0.91112080216407765 1.1018317937850954 -0.0869627110660076 0.13968513160943988 -0.022991897538304325 -14.882390975952147 1.0000000180025095e-35 0.1145276688039303 66.500000000000014 -0.30146357417106623 0.02454028278589249 -3.7464228868484493 -0.025763431563973423 1.4102387428283694 -0.003014797111973166 -0.010527029633522032 0.0067517566494643697 -0.033405877649784081 0.076279435306787505 -0.016937148757278916 0.99393379688262951 -2.9233494997024532 0.72298163175582897 -1.3483999371528623 0.58036345243453991 0.054511256515979774 -10.211802482604979 0.86123096942901622 -3.2068822383880611 -1.90831983089447 -7.6218490600585929 -3.1100929975509639 1.2879292964935305 4.4686484336853036 -0.58962619304656971 2.1813488006591801 0.73663279414176952 -0.026343666948378083 0.77296444773674022 1.0000000180025095e-35 0.60788267850875866 0.99472221732139599 0.58534064888954174 0.0029054606566205625 -0.96759429574012745 0.51606181263923656 0.35686381161212927 15.330558776855471 -2.2547458410263057 86.500000000000014 2.2160948514938359 0.87837970256805431 0.043363569304347045 3.1857237815856938 5.044926881790162 1.0000000180025095e-35 0.6078576147556306 0.71688044071197521 -0.035300703719258301 89.500000000000014 1.1893241405487063 4.2364230155944833 0.6078576147556306 0.83164981007576 -5.6341257095336905 0.87837970256805431 0.6078576147556306 0.51099413633346569 -5.2955181598663321 0.045311348512768752 -5.4632012844085684 -14.374617099761961 -22.140243530273434
decision_type=2 2 2 2 2 2 2 2 2 2 2 2 2 2 2 2 2 2 2 2 2 2 2 2 2 10 2 2 2 2 2 2 2 2 2 2 2 2 2 2 2 2 2 2 2 2 10 2 2 2 2 2 2 2 2 2 2 2 2 2 2 2 2 2 2 2 2 2 2 2 2 2 2 2 2 2 2 2
left_child=13 -2 3 7 6 75 8 -3 9 10 -5 24 -13 14 30 16 17 -15 19 -18 39 -21 -12 -7 -9 -16 27 73 -25 -8 36 -32 33 -33 -29 -36 -1 -38 -30 -19 -27 42 43 45 48 46 -4 57 50 56 -44 -45 76 54 -54 -55 -50 70 59 60 -22 -62 -49 -31 66 -66 67 69 -68 -65 71 72 -46 74 -11 -6 -43 -78
right_child=1 2 41 4 5 23 29 11 -10 26 22 12 -14 15 25 -17 18 20 -20 21 58 -23 -24 28 -26 40 -28 34 38 63 31 32 -34 -35 35 -37 37 -39 -40 -41 -42 52 44 51 47 -47 -48 62 49 -51 -52 -53 53 55 -56 -57 -58 -59 -60 -61 61 -63 -64 64 65 -67 68 -69 -70 -71 -72 -73 -74 -75 -76 -77 77 -79
leaf_value=-0.0013235711145815623 -0.023373586684809464 -0.0076689403852079297 0.0028167099894131995 -0.015176303864649429 0.054054577098728934 -0.012498054020077179 0.024673354779402211 0.016459215434686234 0.024156347160220547 -0.020599202254407332 0.0040841411932137205 0.0030778055105902232 0.032895424119656354 0.017088090527388525 -0.00098561026664243539 -0.027207021012561682 -0.020556866637830663 -0.0033501308447581217 0.035623632215504582 0.035355661735942477 -0.012885495434715327 0 0.036930049519161436 0.031693286411495207 0.052285015882753805 -0.021156853487879511 0.0059456936744536511 -0.021772530620524463 -0.0064241699953489356 -0.0062063444544130045 -0.0062123759380164753 0.037080122691100906 -0.0053444207197320256 0.0028535197447205033 0.013064303355695965 -0.0083242460274541488 -0.019954123096216032 0.0021153255888893938 0.016638323886099402 -0.028191079453208614 -0.0035203191640518047 0.0074665650826890992 -0.032183351921067943 0.0065092080698103414 -0.011324060346910716 0.004876619847072999 0.043465988333700044 -0.002196045600549151 0.00063539930234820185 -0.010110323065841743 -0.0054554635323189708 -0.019226903948264776 0.0034509701751242825 0.016676560613798738 0.042085536961495439 -0.010833715292218075 0.024417781027935171 -0.010798765656724156 -0.018686128376537596 0.02064702493287145 0.023372327496314838 0 0.018520820002264123 0.035918702900399155 -0.012023401966685519 0.012817491747929285 -0.0075583819828312802 0.0012337162681490892 0.016622110554592461 0.01393513088505164 -0.0074301996775492088 0.026329256399046572 0.019864791365850482 -0.031187557352978092 0.0041167176596249005 0.025229874018594049 -0.010164847856853169 -0.0010451471850333812
leaf_weight=238.16107879951596 108.11272153630853 61.459806643426418 37.13736778870225 63.235305264592171 48.167922476306558 68.714433573186398 83.489550357684493 48.901401832699776 47.928429638966918 121.42323488742113 66.925070196390152 121.17139993421733 60.632845735177398 82.946630116552114 127.98793103918433 42.319176528602839 46.18136902153492 53.046698577702045 47.699460124596953 46.751607341691852 107.80903002806008 59.960443016141653 62.602272128686309 45.673758462071419 71.714024409651756 405.81342073902488 76.531191335991025 58.308149417862296 65.768239561468363 77.047702403739095 164.21033743582666 45.662369944155216 50.066813750192523 55.428645005449653 64.951332874596119 120.28147359937429 197.35488374345005 68.111328706145287 64.715566031634808 92.511623261496425 79.450876090675592 185.42339912615716 61.50167503207922 74.435539910569787 59.461479609832168 112.07181202061474 94.111924529075623 43.544621556997299 140.39635909721255 210.82684614881873 106.10983226634562 57.08078571408987 34.791425799950957 42.619321471080184 35.460545727983117 69.802700897678733 50.710797173902392 103.36921109072864 46.42523430287838 39.320020424202085 42.74212509766221 111.31056783720851 224.32393714785576 68.124605547636747 79.238848756998777 73.548963751643896 70.718513637781143 55.316929873079062 48.177217151969671 113.60741620883346 62.402955217286944 48.545173520222306 46.603946786373854 99.734906949102879 43.322319053113461 66.367547919973731 239.97128198668361 4037.9144404046237
leaf_count=2919 1360 963 1025 755 663 701 907 537 579 1816 723 1576 672 1050 3348 550 477 727 474 582 1525 693 753 613 814 3503 819 615 776 739 2224 594 538 710 699 1299 2319 836 811 1283 693 2492 580 933 753 1522 844 586 1733 2529 1298 680 569 403 517 1008 630 1244 616 534 656 1521 2632 819 856 853 843 648 544 1217 725 630 527 1180 654 621 3464 48274
internal_value=0 0.00172748 0.00206769 0.00711571 0.00474535 0.016545 0.00183781 0.0188731 -0.00428715 -0.0062205 0.00879417 0.0244566 0.013789 -0.00590922 -0.00887725 -0.0006414 0.000878346 -0.00319117 0.0126349 0.00441177 -0.00681246 0.0160172 0.0209679 0.00527951 0.0391663 -0.0148929 -0.0112813 -0.0139984 0.0126108 0.00944283 -0.00426195 0.00197451 0.011112 0.0196171 -0.00602443 -0.000446674 -0.00824772 -0.0141645 0.00480942 -0.0198027 -0.0184225 0.000244325 0.00323758 0.0115682 0.000467373 0.0204052 0.0327568 0.00683195 -0.00602304 -0.00158975 -0.0160792 -0.00454379 -0.000734587 0.00977537 0.0248496 0 0.007575 0 -0.00106732 0.00170244 -0.00123225 0.00673666 0.0149913 0.00703352 0.00916729 0 0.0130764 0.0182662 0.00206972 0.023047 0.00511194 0.0105425 0.00216561 -0.0209562 -0.0138685 0.0392075 -0.0011842 -0.00157733
internal_weight=0 8504.53 8396.42 2217.8 1853.92 359.407 1494.51 363.879 825.244 777.315 192.763 302.42 181.804 2251.27 1432.25 819.024 776.705 576.112 200.593 152.893 493.165 106.712 129.527 244.872 120.615 613.252 584.553 508.021 176.158 669.27 818.995 315.368 151.158 101.091 243.541 185.233 503.627 265.466 130.484 145.558 485.264 6178.62 1532.63 374.837 1157.8 243.321 131.249 588.251 569.546 401.934 167.612 131.516 4645.98 182.674 70.252 112.422 191.107 320.383 347.607 301.182 261.862 154.053 267.869 585.78 508.732 152.788 355.945 237.049 118.896 181.732 217.014 154.611 106.065 264.48 164.746 114.535 4463.31 4277.89
internal_count=131395 103023 101663 26065 21503 4185 17318 4562 9892 9313 2231 3599 2248 28372 17684 10688 10138 7912 2226 1752 6862 1275 1476 2901 1351 7544 7082 6263 2200 7426 10140 4066 1842 1304 2613 1998 6074 3155 1587 2010 4196 75598 18871 5004 13867 3391 1869 7097 6770 4892 1878 1613 56727 2497 1086 1411 2363 3879 4852 4236 3702 2177 3218 6519 5780 1709 4071 2684 1387 2036 2635 1910 1280 3650 2470 1284 54230 51738
is_linear=0
shrinkage=0.0454652


Tree=4
num_leaves=79
num_cat=0
split_feature=29 11 5 0 13 21 29 0 18 18 29 12 14 13 13 29 18 14 14 32 12 13 14 29 31 11 16 16 23 29 13 21 11 13 13 0 14 12 21 14 14 0 14 4 11 21 21 21 16 16 16 14 21 12 16 11 29 13 18 4 9 11 13 29 8 23 13 14 23 14 18 11 12 12 12 13 21 12
split_gain=48.4477 36.2581 17.9645 26.9527 23.3527 27.1209 26.2665 22.4905 22.2344 21.4238 22.0186 17.914 21.0793 19.3231 18.4016 21.4997 17.6643 17.0424 19.9473 16.7735 24.9297 28.2363 29.7165 32.8882 23.9573 23.4875 20.9837 19.3756 16.4712 18.429 20.705 21.2612 16.2563 23.6354 16.1432 15.8246 40.081 14.9223 14.4582 14.1428 12.9336 12.8943 12.8706 12.6078 12.3438 14.9157 16.771 12.1643 20.8922 11.968 11.9355 11.7975 17.6645 11.6992 11.3166 11.0689 13.8266 13.1977 13.4244 13.1325 11.7428 11.3028 16.1481 10.782 10.5198 10.4322 10.3055 10.4072 10.1639 15.3891 13.9127 11.7179 16.4189 10.1664 10.0012 9.94661 9.67938 15.5365
threshold=-0.60785761475563038 0.020614416338503364 1.3032132387161257 1.0724743008613589 -0.024137922562658783 10.490552425384523 0.87837970256805431 0.89938661456108104 29.500000000000004 8.5000000000000018 1.0000000180025095e-35 0.11327253654599191 -7.3510925769805899 -0.01005093054845929 -0.020829565823078152 -1.0000000180025095e-35 84.500000000000014 -18.217426300048825 -25.789909362792965 1.0000000180025095e-35 0.061665615066885955 0.088969215750694289 -2.2547458410263057 0.6078576147556306 1.0000000180025095e-35 0.15326574444770816 0.72100600600242626 0.43227058649063116 0.57420775294303905 -1.0000000180025095e-35 -0.00083803932648152102 3.4658082723617558 0.041600110009312637 0.041991218924522407 0.035659497603774078 0.71072888374328624 -2.6454062461853023 0.023510709404945377 5.2229673862457284 -5.2363445758819571 -10.799446105957029 0.93849879503250133 -4.0248377323150626 -2.0473133325576778 0.050654815509915359 -2.7250883579254146 -7.015368938446044 -2.4234619140624996 0.24267426133155826 0.90079402923583995 0.59400734305381786 -3.7464228868484493 2.115304827690125 0.073785301297903075 0.063203185796737685 0.17573636025190356 0.6078576147556306 0.0089782010763883608 37.500000000000007 2.9855239391326909 0.23557819426059726 0.13564790040254596 0.044029124081134803 0.87837970256805431 2.1813488006591801 0.61242511868476879 -0.062295652925968163 -24.05584621429443 0.87101817131042492 -4.7974977493286124 80.500000000000014 0.075727153569459929 -0.052834738045930855 -0.027226308360695835 0.11879805848002435 0.02454028278589249 -4.3505990505218497 -0.010360759217292069
decision_type=2 2 2 2 2 2 2 2 2 2 2 2 2 2 2 2 2 2 2 2 2 2 2 2 2 2 2 2 2 2 2 2 2 2 2 2 2 2 2 2 2 2 2 2 2 2 2 2 2 2 2 2 2 2 2 2 2 2 2 2 2 2 2 2 2 2 2 2 2 2 2 2 2 2 2 2 2 2
left_child=-1 11 4 19 9 6 35 8 75 66 17 12 14 50 15 -2 64 18 -11 20 21 22 23 26 -24 28 27 47 -21 -30 -31 -32 -22 40 -26 36 -6 39 -10 -25 -34 -33 76 -37 -19 46 -46 48 -4 -7 -14 52 -18 -42 -12 56 -5 60 -59 61 -58 62 -60 -56 65 -15 67 -3 69 71 -71 72 -45 -73 -35 -8 -9 -78
right_child=1 2 3 55 5 49 7 42 38 10 54 -13 13 16 -16 -17 51 44 -20 25 32 -23 24 37 34 -27 -28 -29 29 30 31 41 33 74 -36 43 -38 -39 -40 -41 53 -43 -44 68 45 -47 -48 -49 -50 -51 -52 -53 -54 -55 63 -57 57 58 59 -61 -62 -63 -64 -65 -66 -67 -68 -69 -70 70 -72 73 -74 -75 -76 -77 77 -79
leaf_value=-0.025432857118982709 -0.014151163403991739 -0.0042131106692726425 -0.0035553874037943809 -0.0047170072106576689 -0.016922196838270509 0.029477257054668755 0.046353202570637762 -0.012461175251631894 -0.0015244770951206292 0 -0.019971277654583976 0.018571010560922838 -0.0014895240204456756 0.00032881563670048827 -0.0041360361102320336 0.022108276805856263 0.0093694530299141109 0.024513544325858283 0.034729778827832333 0.031817524232346052 0.014063897373755904 -0.023914058684935586 0.032964131160633098 0.010391126138246437 0.023294963754092127 0.040158470516629692 -0.0026893054481438926 0.029715413372990961 -0.011819678198729313 -0.003567092478485055 0.043934519910373143 0.0032369925571390321 0.0039351121801724127 -0.0017566201483694244 -0.0088030790473856441 0.0024463683277351793 0.019166406207098554 -0.015170675596398012 0.024968229410815099 -0.015750847594294303 -0.0018686201319266151 0.027675133523556217 -0.023543294489843405 0.016069261733309047 -0.0066411238476144887 -0.018035033076208948 0.018486880954996811 -0.006337649382398205 0.029297358643320236 0.00081662797893097936 -0.028266623542033797 0.016908039808580435 -0.02332246029014037 -0.025769381528938831 0.007483047608210858 -0.017132027174771934 -0.016666088646559631 0.031203410145112281 0.0057346927671771191 -0.010804017819369674 0.0082047146951836642 -0.0073360124812655103 0.03684310813679733 -0.0047990828368169643 0.0052042875403391165 -0.016623879274235091 0.00027832142042416981 -0.031035204046217062 -0.0085810251906931253 0.021348695764840851 -0.002477728377723963 -0.032897282544038502 -0.0076666103206518019 -0.0031616615073028339 0.017956319264789428 0.013924041908802903 0.015959374654732773 -0.0053972724190015382
leaf_weight=149.21411932818592 41.232746530324221 88.325938260182738 63.417041253298521 628.63346183486283 475.66477365791798 72.663194248452783 46.837615856900811 84.003548102453351 162.4906556326896 43.400364633649588 40.597793100401759 57.988837096840143 48.452947825193405 84.634152268990874 721.62336444854736 122.34751214273274 74.591726152226329 71.680383842438459 130.26536341756582 61.167729603126645 92.925323517993093 49.264949193224311 173.00548232719302 150.39823700860143 55.462143756449223 58.508321857079864 129.58228087238967 166.77006682753563 82.816554546356201 126.58053758367896 51.234942993149161 148.10778392851353 55.444707058370113 157.54591140523553 64.920824721455574 545.90608691610396 68.660223221406341 159.69688912294805 52.117600109428167 54.333091951906681 63.22642333060503 64.47371543571353 48.189812200143933 78.019254840910435 84.623122615739703 49.230135846883059 134.26527607627213 69.538990220054984 91.292709922417998 55.909118086099625 168.75423604995012 82.781732976436615 55.254902947694063 166.75471811369061 458.83384054712951 83.800629265606403 81.543731596320868 52.685408774763346 98.973595285788178 64.233013404533267 66.147466752678156 42.563906984403729 54.94821391068399 208.6870165169239 63.588145466521382 409.43755722232163 298.71322785317898 47.145506039261818 904.41702684946358 97.035179395228624 93.540435303002596 50.025623712688684 219.34283404424787 51.296294828876853 73.175903478637338 49.17480138130486 130.7742435913533 139.65816957317293
leaf_count=1862 482 1197 934 7379 6933 1033 564 1106 1998 743 610 630 646 1154 9495 1621 1010 821 1650 609 1250 666 1833 1828 595 626 1604 2151 888 1428 591 1446 587 1754 741 6354 751 1932 712 641 644 710 502 983 805 512 1634 955 1081 700 2117 998 702 1904 5826 1084 1038 658 1292 850 779 515 632 2711 753 4808 3936 563 10478 1001 963 482 2566 604 839 742 1467 1692
internal_value=0 0.000309346 0.00156695 0.00402116 -0.000165517 -0.00231701 -0.00313694 0.00453156 0.0136641 0.00425121 0.00734308 -0.00531379 -0.0061182 -0.010676 -0.000953176 0.0125555 -0.00713441 0.0144883 0.0260708 0.00675429 0.00454937 0.0082815 0.00974669 0.00546541 0.0222451 0.0134255 0.0127843 0.0180104 0.0101255 0.00697099 0.0111619 0.0183577 -0.00289882 -0.00613295 0.00587225 -0.00527637 -0.0121722 -0.00488331 0.00503245 0.00304735 -0.0148318 0.011256 -0.00246059 -0.00339148 0.00818737 0.00334103 0.00860983 0.008716 0.0157785 0.017791 -0.0226516 0.0037928 -0.00446509 -0.0195543 0.00204014 -0.00159982 -0.00030126 0.00560263 0.0108889 0.00618147 -0.00528462 0.0120843 0.0178142 0.00356482 -0.0113849 -0.0136431 -0.00432387 -0.0145323 -0.00555851 -0.000810081 0.00959679 -0.00595268 -0.0011438 -0.0190118 0.00449144 0.0314774 0.000505408 0.00483638
internal_weight=0 10615.4 8684.67 3603.17 5081.49 3425.73 3297.15 713.246 310.621 1655.77 1221.58 1930.69 1872.7 987.495 885.204 163.58 770.288 513.465 173.666 2429.65 1836.76 1227.68 1178.42 885.029 293.388 592.89 520.601 391.019 534.381 473.214 390.397 263.816 609.073 516.148 120.383 2583.91 544.325 364.428 214.608 204.731 285.426 212.581 402.626 2039.58 339.799 268.119 218.888 224.249 154.71 128.572 217.207 212.628 129.847 229.981 708.119 1173.53 1089.73 461.095 313.404 260.719 147.691 196.486 153.922 667.521 557.66 494.072 434.185 135.471 1493.68 589.26 190.576 398.684 297.362 101.322 230.722 96.0124 354.436 270.432
internal_count=131381 129519 105103 42464 62639 41631 39898 8783 4016 21008 15312 24416 23786 12188 11598 2103 9425 6165 2393 28237 21939 14961 14295 11126 3169 6298 6725 5121 5672 5063 4175 2747 6978 5728 1336 31115 7684 4401 2710 2469 3135 2156 4767 23431 3772 2951 2439 2970 2015 1733 2763 2710 1712 2548 9147 14227 13143 5764 3947 3289 1817 2439 1924 8537 6715 5962 5696 1760 17077 6599 1964 4635 3549 1086 2593 1306 4265 3159
is_linear=0
shrinkage=0.0454652


Tree=5
num_leaves=79
num_cat=0
split_feature=23 16 16 3 3 23 18 20 30 6 18 9 20 2 3 23 0 3 4 0 2 3 3 30 2 5 2 9 30 20 31 18 20 18 31 23 18 6 2 16 18 23 2 1 23 3 30 23 2 2 5 2 18 20 2 3 2 3 3 18 3 6 2 6 6 23 18 0 3 2 3 0 18 5 20 5 3 20
split_gain=18.7257 15.7956 26.3291 21.636 20.3742 19.5622 18.7494 17.2604 31.266 32.1799 30.9908 14.9742 14.6306 27.7504 18.2085 19.5144 23.7876 18.3381 17.0999 15.1789 14.1398 23.6709 13.6053 27.1464 19.1681 21.3075 14.1264 13.4086 13.4041 13.3835 15.384 13.2819 12.9405 12.7515 12.2881 33.5105 15.6612 13.9611 12.1278 20.779 15.2285 12.1453 12.1169 11.6309 11.5586 11.5172 12.9332 21.7327 12.7817 11.3895 10.9142 14.6531 10.6434 12.6215 10.5869 13.9121 10.5606 10.2499 13.1327 14.2308 21.3176 14.0121 11.5595 9.84669 17.5174 13.6982 13.1134 12.4131 10.7345 10.0517 9.69205 9.56762 13.0915 12.2804 10.9933 9.43538 9.35631 13.4041
threshold=0.31833274662494665 0.82059901952743541 0.58969604969024669 0.88718104362487804 0.96725437045097362 1.292554557323456 22.500000000000004 0.98207375407218944 -0.56174489110708226 3.2843918800354008 60.500000000000007 0.38162548840045935 1.9357203245162966 0.93274235725402843 0.46916680037975317 0.64608457684516918 0.88146483898162853 0.28205555677413946 -1.8775588870048521 0.76367077231407177 0.53622478246688854 0.60550376772880565 0.41299442946910864 -0.56174489110708226 0.63184964656829845 4.0180311203002939 0.72761335968971264 0.28391009569168096 1.0000000180025095e-35 2.4588840007781987 1.0000000180025095e-35 86.500000000000014 -1.669702351093292 47.500000000000007 1.0000000180025095e-35 0.73978129029273998 72.500000000000014 -2.053557157516479 1.0178682804107668 0.13060557842254641 16.500000000000004 0.95168870687484752 0.79610592126846325 0.81355088949203502 0.83734881877899181 0.7233577072620393 1.0000000180025095e-35 0.66058453917503368 2.2574861049652104 0.56560975313186657 2.1081701517105107 1.0652416348457339 39.500000000000007 5.0535066127777108 1.0471625328063967 0.53765308856964122 0.49453572928905493 0.32543103396892553 0.38129167258739477 35.500000000000007 0.46916680037975317 -1.7296912670135496 0.64135712385177623 9.3211245536804217 5.2102191448211679 0.97857332229614269 60.500000000000007 0.81353649497032177 0.69277846813201915 1.0015920996665957 0.35065564513206487 0.85836350917816173 59.500000000000007 -4.5686097145080558 -3.0497605800628658 1.0628328919410708 0.52386415004730236 3.4557723999023442
decision_type=2 2 2 2 2 2 2 2 2 2 2 2 2 2 2 2 2 2 2 2 2 2 2 2 2 2 2 2 2 2 2 2 2 2 2 2 2 2 2 2 2 2 2 2 2 2 2 2 2 2 2 2 2 2 2 2 2 2 2 2 2 2 2 2 2 2 2 2 2 2 2 2 2 2 2 2 2 2
left_child=-1 2 7 12 -5 6 49 31 10 20 -9 22 14 33 17 -16 19 75 -19 -17 -10 29 23 -8 56 42 -24 -12 -21 30 -22 34 -33 -14 43 37 38 -36 70 41 -41 -40 -26 45 -11 48 71 -48 57 -3 51 -20 -15 -54 55 -13 -25 -2 -59 62 -61 -62 -60 64 66 76 -28 68 -65 -68 -37 72 74 -73 -47 -4 -66 -78
right_child=1 5 3 4 -6 -7 11 8 9 44 27 54 13 52 15 16 -18 18 50 28 21 -23 26 24 25 -27 63 -29 -30 -31 -32 32 -34 -35 35 36 -38 -39 39 40 -42 -43 -44 -45 -46 46 47 -49 -50 -51 -52 -53 53 -55 -56 -57 -58 58 59 60 61 -63 -64 67 65 -67 69 -69 -70 -71 -72 73 -74 -75 -76 -77 77 -79
leaf_value=0.018742018769873182 -0.0032349291372700891 0.006305160936096235 -6.4625791287983373e-06 0.025954167672230275 -0.0019591884106682392 -0.0046514238213164662 -0.010915407647503057 -0.00063884849532381052 0.027379630683883792 -0.020230366176393025 0.031475573104471799 -0.0076064890025471111 -0.014859788304861128 0.00089180217778329224 -0.013217459273402543 0.0012622890931899438 -0.00099356596382713515 0.0028365963073806824 -0.018530641215045565 0.011595180329762216 -0.019384880584065543 0.02448514810306179 0.023879326568690247 0.0090237153254649777 0.044286145956680963 -0.0061921113435333608 0.032584118856489278 0.0061316421854246093 0.043618711237745814 0.013293951423198818 0.0092599896329743307 0.0060552798967501353 -0.013312506933499208 0.0085199454912143081 -0.035224963497669556 0.0072161467333322002 0.022628430721208632 -0.0050911465120337968 -0.028701462331976381 0.021136782125379595 -4.4620735304819748e-05 -0.00083604069174643642 0.014624774745430171 -0.00070309905263373266 0 0.00055347004650923789 -0.029595101451930957 0.00087698672063224849 0.031445538283787065 0.041272146778588745 0.0062507522838875507 0.0032579613747148748 -0.025239593869225516 -0.0046818348253830416 -0.011595637865393749 0.018921169972857234 -0.015938089241296968 0.023967138513126485 0.01626956894040953 -0.0078433650751993621 0.028814750505838281 0.0011368018975980525 -0.0051142237067317029 0.034768457880116094 0.0033456796034079515 0.011632270855263806 0.017334523141238969 0.0062152348455886139 0.0079871478505226575 -0.0070922717704018515 -0.010674430858942794 0.010203567195919883 -0.0076384247020696884 -0.015892725504636458 0.031720283910346085 0.025367515512046093 -0.00056984320303533843 -0.025720538385972068
leaf_weight=107.86527963541448 164.17228827439249 41.913992609828711 147.54239403270185 83.566025057807565 132.25550951994956 521.92368225380778 247.32018061727285 142.33052128180861 62.626022068783641 153.96071165800095 190.52360807545483 85.505116021260619 64.758694794028997 47.811797754839063 150.3275664113462 79.721871515735984 454.65092898905277 142.5240775719285 515.98495262861252 67.440482936799526 115.83153353445232 81.402422787621617 116.5602959766984 60.798840284347534 52.805240692570806 49.602944755926728 53.460896415635943 64.993505699560046 55.150210315361619 65.239626776427031 51.669659968465567 88.292195826768875 282.85034018196166 154.39632004499435 86.067325571551919 69.615230590105057 52.371644636616111 57.992342511191964 44.409258499741554 139.2887599170208 128.45831209979951 109.53292141854763 85.172413483262062 1634.7610755320638 99.024235682561994 38.988509049639106 67.233288621529937 140.74575772322714 43.162105010822415 43.114860236644745 44.312245603650808 67.223591173067689 300.35605544410646 87.855569820851088 187.03738910891116 69.430172028020024 69.584531534463167 103.13613824173808 62.32078343257308 64.70060283318162 140.57764908857644 56.733935009688139 239.06211938522756 75.488193748518825 91.164826454594731 94.75838559679687 67.963470758870244 266.82715765573084 65.063212037086487 60.712410854175687 350.44362976960838 69.488946992903948 38.949722329154611 70.039506126195192 70.694472968578339 32.855079585686326 88.269695026800036 92.122064540162683
leaf_count=1573 2462 551 2486 1192 1729 6205 3009 1912 711 1809 2531 935 756 649 1875 945 4928 1586 6056 751 1306 1051 1153 923 572 486 565 845 531 783 695 1087 3706 1983 855 1260 578 693 510 1775 1511 1373 950 19879 1283 604 830 1735 525 523 548 829 3926 1155 2038 650 770 1183 738 761 1753 761 3106 774 1068 1118 697 2856 870 632 4061 927 628 936 882 508 953 945
internal_value=0 4.44125e-05 -0.000942048 -0.00467749 0.0089084 0.00313772 0.00513559 0.000855641 0.00615286 -9.28446e-05 0.016061 0.00417832 -0.00592586 -0.0117417 -0.00370816 0.00125982 0.00470754 -0.00796632 -0.011032 0.0175219 0.00821991 0.00394458 0.00599607 0.000194528 0.00901642 0.0182213 0.00899655 0.0254149 0.0273289 -0.00333206 -0.0102543 -0.000371062 -0.00855928 0.00124739 0.000376444 -0.00386328 -0.000486894 -0.0238985 -0.0020851 0.00326782 0.0109471 -0.00971752 0.0272669 0.00186078 -0.0125966 0.00494864 -0.000492326 -0.00912405 0.00808124 0.0256622 -0.014257 -0.0159309 -0.0183322 -0.0208087 -0.00435378 0.00415512 -0.00401491 0.00666088 0.0091759 0.00622919 0.0138974 0.0212831 -0.000374283 0.00703692 0.00290619 -0.00272651 0.014308 0.0123955 0.023284 0.00557834 -0.00755352 0.00561112 0.0135358 -0.00263585 0.021488 0.0048098 -0.00801205 -0.0139633
internal_weight=0 10657 8070.42 2628.73 215.822 2586.6 2064.68 5441.69 1027.6 629.754 397.848 1979.65 2412.91 655.178 1757.73 807.291 656.963 950.442 770.045 202.313 376.769 314.143 1637.67 565.284 317.964 187.581 1072.39 255.517 122.591 232.741 167.501 4414.09 371.143 219.155 4042.95 1038.18 894.12 144.06 841.748 421.689 267.747 153.942 137.978 3004.77 252.985 1370.01 496.14 207.979 873.866 85.0289 627.521 583.209 436.023 388.212 341.973 154.935 130.383 830.704 666.531 563.395 262.012 197.312 301.383 955.83 548.452 366.315 182.137 407.379 140.551 128.676 420.059 288.161 148.633 139.528 109.683 180.397 271.557 180.392
internal_count=131294 129721 100478 32433 2921 29243 23038 68045 12926 7638 5288 21964 29512 8469 21043 9030 7155 12013 9019 2227 4546 3835 18341 6710 3701 2008 11631 3376 1282 2784 2001 55119 4793 2739 50326 12616 11068 1548 10490 5169 3286 1883 1522 37710 3092 17831 6542 2565 11289 1074 7433 6885 5730 5081 3623 1585 1693 10764 8302 7119 3275 2514 3844 10478 5978 4084 1894 4500 1644 1329 5321 3977 2114 1863 1486 2994 2966 1898
is_linear=0
shrinkage=0.0454652


Tree=6
num_leaves=79
num_cat=0
split_feature=11 18 3 15 12 21 1 20 15 32 15 12 18 15 1 0 15 31 21 15 0 20 15 31 20 3 3 18 5 5 32 3 3 12 11 21 24 33 17 21 21 0 3 3 12 15 15 32 32 12 11 0 17 5 19 0 18 21 33 20 21 21 12 20 18 3 17 11 31 15 18 20 5 11 21 12 15 15
split_gain=30.971 14.7008 18.3837 17.0218 16.0062 15.0697 13.4422 12.2732 11.4186 31.3284 19.1382 12.5739 9.52971 11.9526 9.03198 11.3078 8.98282 9.28236 11.1682 12.8222 10.9897 8.36941 16.6243 16.1419 15.036 12.7869 15.0047 21.0643 14.2154 11.298 10.826 9.99255 16.6057 8.96661 16.5524 11.8102 7.80612 7.78589 10.7 7.64916 7.47952 9.13876 7.14205 10.6597 7.52284 15.2621 10.5045 23.7044 16.0214 14.3565 11.8855 9.65125 9.4659 8.66466 8.95489 8.54712 11.1769 12.2214 11.542 11.0926 9.71333 18.2143 18.9085 9.67676 9.84328 9.48727 15.4636 13.5195 11.3994 9.5651 9.65794 9.39465 9.19013 9.15494 13.0095 11.8218 8.88497 8.58172
threshold=0.018062193877995018 79.500000000000014 0.82077854871749889 10.480722427368166 0.063604917377233519 -0.36760137975215906 0.62831759452819835 1.89855432510376 25.151556968688968 1.0000000180025095e-35 19.888856887817386 0.081904627382755293 61.500000000000007 10.64294481277466 1.4786322712898257 0.63909432291984569 4.6466898918151864 1.0000000180025095e-35 -2.5728794336318965 7.5848827362060556 0.86694428324699413 0.67660081386566173 7.8387129306793222 1.0000000180025095e-35 2.8227264881134038 0.57870554924011242 0.35546901822090154 14.500000000000002 -1.524462044239044 -0.68413001298904408 1.0000000180025095e-35 0.49580255150794988 0.28566378355026251 -0.013720796909183262 0.06007021293044091 -9.415885925292967 0.33156915009021765 0.9590476155281068 47.500000000000007 -4.8465378284454337 2.674233198165894 0.81656813621521007 0.9830082654953004 0.84541350603103649 -0.044244099408388131 12.225345611572267 4.7147433757781991 1.0000000180025095e-35 1.0000000180025095e-35 -0.12220032140612601 0.072135608643293395 1.3085582256317141 70.500000000000014 -4.5686097145080558 -0.25000000745058054 1.0501809716224673 86.500000000000014 6.4122190475463876 1.0092440247535708 0.61493182182312023 11.801658630371096 5.5137739181518564 0.057814452797174461 8.8626608848571795 90.500000000000014 0.49832001328468328 34.500000000000007 0.085528969764709487 1.0000000180025095e-35 5.89035987854004 63.500000000000007 -1.2054829001426695 0.45719625055789953 0.12824946641922 9.7079086303710955 0.057814452797174461 7.8387129306793222 21.060715675354007
decision_type=2 2 2 2 2 2 2 2 2 2 2 2 2 2 2 2 2 2 2 2 2 2 2 2 2 2 2 2 2 2 2 2 2 2 2 2 2 10 2 2 2 2 2 2 2 2 2 2 2 2 2 2 2 2 2 2 2 2 8 2 2 2 2 2 2 2 2 2 2 2 2 2 2 2 2 2 2 2
left_child=1 5 3 7 -5 16 8 -3 10 -10 21 -12 14 -14 15 -7 39 18 -18 20 -20 22 23 25 29 26 28 -28 -2 -23 36 32 -24 34 -27 -36 -26 -17 -39 -1 41 -34 43 44 45 46 47 52 50 -49 -48 -50 -8 54 -46 56 65 59 -59 71 61 62 -57 64 -62 67 -67 72 -69 -68 -71 -58 -55 74 -63 -75 -61 -70
right_child=6 2 -4 4 -6 12 42 -9 9 -11 11 -13 13 -15 -16 37 17 -19 19 -21 -22 24 31 -25 30 33 27 -29 -30 -31 -32 -33 40 -35 35 -37 -38 38 -40 -41 -42 -43 -44 -45 53 -47 48 49 51 -51 -52 -53 -54 55 -56 60 57 58 -60 76 63 73 -64 -65 -66 66 69 68 77 70 -72 -73 -74 75 -76 -77 -78 -79
leaf_value=0.00298736553872431 0.021803529438280862 0 0.021232454049152191 -6.9423753344644468e-05 -0.02740889553605852 0.0010586402730350176 2.8002485314468087e-05 0.027172880645960365 0 0.044724360623444752 -0.018600231116696418 0.0029069650001181135 0.0061693670936606498 -0.017647711721095794 -0.00016313879414934772 -0.0063438102741118618 -0.0077234672506713035 -0.01084124719882487 0.034095404560556458 -0.0046036062374463296 0.0055168507871751395 -0.0081971378673107789 0.0089598836777887644 -0.0095391271178556832 -0.012608212116435745 0.016250089106517058 -0.0032124492207410565 0.031963021235654011 -0.010370682173065825 0.013217821020813156 0.012342459671275429 0.0041155576908959331 -0.028091398222036927 -0.016120582884093522 0.0079519591183692256 -0.016462243068170637 0.0062891076692621097 -0.033917110284943208 -0.013746059980741257 -0.012663371169109381 -0.0045056410336709474 -0.0026944669151109119 -0.0065596846471931633 0.0061486489543042073 -0.0056723265308106802 -0.018443654575425433 0.0058998129833514072 -0.010510975198362334 -0.015274900762318432 0.013667120729567574 0.031917060304829444 0.005550793591356031 -0.016430400107103789 -0.0086548880060200121 0.013236018135797762 -0.0023529775593952853 0.00067275784442671677 0.0076320637962605685 -0.015517594456976919 0.015333837641096703 -0.028531625696729169 0.00390116695075522 -0.021738357797130164 0.00091338690791765086 -0.005099943341077242 0.0012845098936592077 0.00046249991444295566 0.0010378497703782067 0.020982627141032491 0.02932769316190521 0.0086551842392986397 -0.020484764829057648 0.0016203999549050036 0.010070412248680209 0.023536787425010083 -0.017290879035994224 -0.0052166828793741345 0.00049036525374979525
leaf_weight=78.717447258532047 42.478347452357411 141.51814590580761 75.095018120482564 101.46409536898136 79.785999970510602 43.083691477775574 88.058179499581456 41.526716398075223 86.382285552099347 47.09425382502377 129.2118376288563 89.476172372698784 96.982627036049962 70.750270925462246 62.091982187703252 61.494549248367548 76.412622945383191 84.653790665790439 59.523687705397606 56.234359623864293 61.300881072878838 50.123767187818885 76.229958947747946 109.24535469897091 142.01397083327174 149.42518161982298 42.280130226165056 141.53381780162454 67.430951572954655 587.20878673158586 81.924908448010683 176.33443047851324 106.518236072734 40.260171469300985 73.25288562849164 80.239326860755682 58.561453886330128 154.81778506934643 112.16765013709664 248.17179968580604 109.26670131646097 47.18825002014637 340.40487500280142 556.13093446195126 63.171757876873016 126.190953142941 160.74056807160378 68.861969603225589 97.250357111915946 154.99966380372643 46.961814479902387 76.834355309605598 288.74152204394341 325.54199685156345 195.18356130085886 690.47075772099197 52.44788184389472 270.28894291445613 48.21686465293169 49.030740231275558 79.968115819618106 280.18140621483326 120.59736395440996 84.293456610292196 80.959144635125995 348.79827255755663 71.076709385961294 334.86502210982144 140.0739604588598 115.95779120177031 98.033520786091685 161.95901652239263 380.20567209273577 54.027993153780699 93.966743497177958 67.77678344398737 227.40185555443168 67.063544265925884
leaf_count=991 640 1926 967 1423 883 666 1102 573 1241 482 1710 1035 1285 917 779 1656 882 1006 812 737 806 617 1242 1420 1750 1976 536 1742 1028 7278 892 2253 1306 530 1079 980 757 1259 994 3073 1291 549 4732 6655 753 1525 1866 1011 1058 1808 516 1063 3532 4294 2198 7895 618 2292 1229 599 840 3250 1386 1120 826 3757 790 3893 1856 1222 1041 1898 4761 583 1053 700 2698 866
internal_value=0 -0.00576941 0.00129248 -0.00287536 -0.0127063 -0.00825427 0.000902075 0.00666338 0.00370959 0.0165359 0.00294914 -0.00968966 -0.0134756 -0.00377359 -0.0170466 -0.0197057 -0.00340609 0.00166706 0.00613965 0.012431 0.0206411 0.00425419 0.00178895 0.00614067 0.00755995 0.00894993 0.0158836 0.0237186 0.00197201 0.0114161 -0.00100814 -0.00441425 -0.00898676 0.00275791 0.00560704 -0.00459711 -0.00683706 -0.0225554 -0.0259576 -0.00875681 -0.0144292 -0.0208753 -0.000185303 0.000162791 -0.000425932 -0.00377759 -0.00177577 -0.0055435 0.00402146 0.00596062 0.0125149 -0.00589293 -0.012497 0.00039136 0.00841044 -9.30316e-05 0.0014443 -0.00298151 0.00382421 -0.00749142 -0.00278629 -0.00117185 -0.00538972 -0.0110353 -0.0174574 0.0033762 0.00789845 0.00102161 0.00642583 0.0156898 0.0204205 -0.0151702 -0.00307312 0.00561607 0.00916255 -0.004834 -0.00122752 0.0147167
internal_weight=0 1705.79 439.39 364.295 181.25 1266.4 9040.42 183.045 2533.68 133.477 2400.2 218.688 601.389 167.733 433.656 371.564 665.015 338.125 253.472 177.059 120.825 2181.52 1261.68 746.146 919.833 636.901 293.723 183.814 109.909 637.333 282.5 515.538 339.203 343.178 302.917 153.492 200.575 328.48 266.985 326.889 262.973 153.706 6506.73 6166.33 5610.2 1108.64 982.448 600.661 381.787 223.862 207.702 174.085 376.8 4501.56 258.355 4243.2 2690.96 809.345 318.506 490.839 1552.24 1307.02 811.068 245.221 160.927 1881.62 633.866 1247.75 542.003 285.068 213.991 214.407 705.748 495.953 374.148 121.805 276.433 207.138
internal_count=131255 21635 5772 4805 2306 15863 109620 2499 32334 1723 30611 2745 7556 2202 5354 4575 8307 4243 3237 2355 1618 27866 16572 9931 11294 8511 3946 2278 1668 7895 3399 6641 4388 4565 4035 2059 2507 3909 2253 4064 3146 1855 77286 72554 65899 13481 11956 7453 4503 2819 2382 2121 4634 52418 2951 49467 31814 9334 3521 5813 17653 14867 9281 2786 1666 22480 6810 15670 6615 3053 2263 2516 9055 5586 4303 1283 3297 2722
is_linear=0
shrinkage=0.0454652


Tree=7
num_leaves=79
num_cat=0
split_feature=11 22 13 14 7 13 3 3 13 3 6 3 12 13 12 14 13 23 3 3 12 3 16 3 3 3 16 33 12 7 13 3 12 16 3 13 12 3 7 3 6 9 16 17 6 12 12 17 22 13 14 22 3 23 23 6 3 3 23 1 6 14 7 6 16 14 14 23 4 3 6 9 13 3 23 13 7 13
split_gain=33.1917 39.0402 22.6145 18.5702 26.5308 15.9478 13.1796 20.1826 13.0232 11.9614 11.8531 12.1568 11.5809 18.6136 14.6426 20.2538 57.6575 19.4319 15.7237 14.3161 14.8502 13.9195 12.5376 18.0129 21.138 20.4488 17.6146 19.5353 17.4878 12.8654 19.8569 17.5598 14.8992 24.2297 15.8704 13.183 16.2998 16.0689 16.935 12.4687 11.7981 11.7729 12.3932 20.8938 13.1255 11.7725 17.4948 20.2396 13.4878 11.7241 11.7029 11.499 11.3869 11.399 11.6841 11.3215 11.2738 11.2645 11.1647 11.0751 10.9745 10.6539 10.6423 12.2754 10.6365 10.6092 10.0699 9.4145 9.37268 9.27873 9.14123 9.03209 13.3797 16.3303 10.3597 9.4054 10.4847 8.97871
threshold=0.020614416338503364 -0.93422606587409962 -0.022991897538304325 -7.3510925769805899 1.0000000180025095e-35 -0.020829565823078152 0.70328086614608776 0.35546901822090154 -0.010527029633522032 0.56605395674705516 4.4982199668884286 0.83744126558303844 0.14711084216833117 0.068116214126348509 0.075116034597158446 -2.082328081130981 0.049643766134977348 0.80197793245315563 0.3578170537948609 0.52679634094238292 0.086852990090847029 0.70729768276214611 0.70717480778694164 0.2663829922676087 0.32543103396892553 0.18263038247823718 0.32507745921611791 0.9590476155281068 -0.036927673965692513 -2.7315329313278194 -0.019146833568811413 0.42060109972953802 0.035286627709865577 0.15773295611143115 0.42060109972953802 0.025658865459263328 -0.0097085577435791475 0.69277846813201915 10.50715494155884 0.24611009657382968 5.8414800167083749 0.4141888320446015 0.28779901564121252 47.500000000000007 -7.0078551769256583 -0.056563425809144967 0.0050837439484894284 29.500000000000004 0.35971049964427954 0.083781965076923384 -5.9228036403655997 -0.29217340052127833 0.79519960284233104 0.58289310336112987 1.0875536203384402 2.0951187610626225 0.84937870502471935 0.45634225010871893 0.86459162831306469 1.0283337831497195 3.3499325513839726 -13.656161308288572 4.0640442371368417 -1.6675593852996824 0.90079402923583995 -7.8908214569091788 -0.83377054333686818 0.81951192021369945 -1.5600398182868955 0.39095135033130651 13.454167366027834 0.30608433485031133 0.038194935768842704 0.57870554924011242 1.2690566182136538 0.0098484484478831309 -2.8544847965240474 -0.029091341421008107
decision_type=2 2 2 2 2 2 2 2 2 2 2 2 2 2 2 2 2 2 2 2 2 2 2 2 2 2 2 10 2 2 2 2 2 2 2 2 2 2 2 2 2 2 2 2 2 2 2 2 2 2 2 2 2 2 2 2 2 2 2 2 2 2 2 2 2 2 2 2 2 2 2 2 2 2 2 2 2 2
left_child=3 2 6 5 8 67 7 -2 -5 -9 -6 -12 14 21 15 22 17 57 49 20 -16 -14 23 25 58 -3 27 -27 -24 30 32 68 33 56 -35 45 37 38 -37 -28 61 42 43 -36 -44 -33 48 -48 -47 -18 69 -22 53 -10 -55 77 -26 -17 -25 -15 -19 -34 63 -4 70 -7 71 -1 -31 -32 -23 72 75 -74 -75 76 -21 -46
right_child=1 12 62 4 10 65 -8 9 52 -11 11 -13 13 59 19 16 18 60 -20 66 51 64 28 24 29 26 39 -29 -30 31 50 35 40 34 41 36 -38 -39 -40 -41 -42 -43 44 -45 55 46 47 -49 -50 -51 -52 -53 -54 54 -56 -57 -58 -59 -60 -61 -62 -63 -64 -65 -66 -67 -68 -69 -70 -71 -72 -73 73 74 -76 -77 -78 -79
leaf_value=0.0020366516274951544 0.0016961675830008697 -0.014284300858528401 0.0093250305552306737 -0.028260327970687758 -0.0066828636065994597 -0.0051839871415469974 0 0.044883892447875107 0.0042558593586553214 0.01510210162734116 -0.00045397170141025909 0.025214855510527968 0.020714533268264612 0.037634041281305902 -0.010100469831862252 0.014340876173975019 0.012560317024483547 -0.0038283014980088213 -0.01977045445411375 -0.017214724648986539 0.021974389381668992 -0.0060228889129865775 -0.022704028811100452 -0.0045029215698561215 -0.0049552153999376089 0.0010037557012189588 -0.0062767083459709357 0.040195914913913028 -0.0023801153832557812 0.0087785906218043521 -0.019984550973460458 -0.0018325693855136974 0.0031658923876404354 0.01962334304869362 0.029355979193187106 0.022241304089798655 -0.0089952384024420771 -0.012702708447957818 -0.007669367975400884 0.02267909159625368 0.01063277646828234 -0.012926986358296619 -0.0063756447066049852 -0.0023808132477407956 0.030194067237315853 0.033120365308929076 0.019447320043325195 -0.010998373660781928 0.0062710477863625758 -0.012507653932646034 -0.024404229266767889 0.00020076799632632011 0.0034560510928043292 -0.025779093255352048 0 -0.00056429100368867563 0.010949065365737228 0.041937507738862324 -0.022017880412671536 0.0039551171971763735 0.015413447501983797 -0.019812156286078745 0.0086474954770051488 -0.022489835363528648 -0.013529933072886084 0.011918883774775003 -0.018957424959224693 0.02403716650055672 -0.011752916397316732 -0.0026831044015039316 0.019777032379069363 0.0042338089255749053 -0.018626748303398277 0.018867710361871536 -0.0059891411901627015 -0.02017094182315475 0.0094262356445909551 0.0082611213556361661
leaf_weight=98.000088950619102 52.659586390480399 46.746249713003635 40.491710836067796 150.94038594700396 398.50260548107326 665.34960155375302 47.149787271395326 99.409545874223113 42.224222552031279 54.142127076163888 113.01630236953497 50.793308477848768 59.563193369656801 56.292143665254116 104.21892289631069 65.854263061657548 84.93707543797791 74.59219966083765 127.93363492377102 53.789141412824392 93.369750605896115 51.952764684334397 91.676762189716101 270.35820083878934 580.06165327318013 40.684324570000172 79.118317158892751 88.269455224275589 1179.532247165218 58.472333084791899 67.363223096355796 76.904617480933666 53.008177325129509 214.02843227237463 44.889770267531276 157.41516739875078 154.23018004931509 48.603602616116405 46.506556361913681 43.66911667957902 49.527114873751998 60.564775044098496 48.287799874320626 331.25808631069958 129.41919611766934 148.62825013510883 95.962981069460511 76.626922758296132 61.29135456494987 63.225302707403898 61.113567722961307 112.93752132542431 74.615872263908386 166.57801187969744 45.337537821382284 47.521332465112209 104.1057511176914 86.402150508016348 107.96305284462869 37.165259685367346 243.63478208146989 136.68157946504653 414.71254021115601 50.570073585957289 105.03301282972097 79.151120532304049 141.52736596018076 72.424190146848559 155.36924730613828 804.89195102639496 50.63537198677659 146.0531275048852 56.62240781635046 86.687412733212113 49.646325064823031 194.71740798279643 58.882561985403299 69.826506284996867
leaf_count=1287 624 910 560 1893 4915 8825 572 1030 599 685 1385 591 625 809 1175 749 936 766 1262 593 929 724 1043 3603 7416 1295 1233 854 14565 718 846 962 693 2370 593 1841 1973 647 520 608 523 672 605 3808 1424 1690 1262 942 648 796 612 1219 882 2029 498 507 1372 767 1518 514 2752 1440 4629 644 1288 1056 1481 891 2016 9811 790 1721 609 1105 562 2297 809 926
internal_value=0 0.00144215 0.0112719 -0.00509765 -0.0092371 -0.000310042 0.0223198 0.0271922 -0.0170619 0.0353558 -0.00240087 0.00763462 0.000502273 0.0084199 0.000119627 0.000938102 0.00796762 0.0176236 -0.00832969 -0.0047222 0.00340447 0.00198329 2.46951e-05 0.00114671 0.000373341 0.0118712 0.0170693 0.0286082 -0.00395212 0.0013875 -0.000222369 0.00559508 0.00246321 0.00404122 0.00875218 0.00849233 0.00234703 0.00949735 0.0151687 0.00403555 -0.00797582 0.00541499 0.00721047 0.0015531 0.0141399 0.0137594 0.0170066 0.0057121 0.0257783 0.00149408 -0.00563988 0.0105222 -0.0114901 -0.0160525 -0.0203288 0.0183874 -0.00241365 0.031 -0.00981062 0.0254676 0.0107605 -0.0132079 0.00550748 -0.00803732 -0.00345602 -0.00324542 -0.0079876 0.0120095 -0.00585567 -0.00416187 0.00652384 -0.00540681 -0.00832916 0.000824794 0.00955772 -0.0141674 -0.00303161 0.0230679
internal_weight=0 8795.39 759.135 1956.93 1042.01 914.925 253.361 206.211 479.696 153.552 562.312 163.81 8036.25 360.642 7675.61 6577.16 746.579 470.483 276.096 1098.45 310.526 267.184 5830.58 4559.37 4260.88 298.487 251.741 128.954 1271.21 3882.56 2802.55 1080.01 1869.18 1629.96 945.796 866.17 406.756 252.525 203.922 122.787 239.217 731.767 671.203 376.148 295.055 459.414 382.51 172.59 209.92 148.162 933.369 206.307 328.756 254.14 211.916 246.767 684.167 152.256 378.321 93.4574 318.227 189.69 505.774 91.0618 207.621 744.501 787.926 170.424 213.842 872.255 102.588 646.398 500.345 192.956 136.334 307.389 112.672 199.246
internal_count=131339 106488 8744 24851 12792 12059 2911 2339 5901 1715 6891 1976 97744 4750 92994 80494 8028 5034 2994 12500 3323 3427 72466 56858 51958 4900 3990 2149 15608 46837 33618 13219 22349 19693 10905 10485 4981 3008 2361 1841 2656 8535 7863 4401 3462 5504 4542 2204 2338 1732 11269 2148 4008 3126 2527 2857 8788 1516 5121 1323 3518 2133 5833 1204 2802 9881 9177 2178 2734 10657 1514 7696 5975 2276 1667 3699 1402 2350
is_linear=0
shrinkage=0.0454652


Tree=8
num_leaves=79
num_cat=0
split_feature=22 7 30 30 7 18 27 16 15 2 15 27 27 6 6 28 2 7 16 2 15 18 7 16 27 28 7 2 17 30 30 2 18 30 30 15 27 27 15 27 15 4 18 8 10 2 18 27 7 30 1 17 2 2 27 7 6 4 28 6 10 9 8 18 17 30 18 15 15 30 27 27 27 9 16 2 15 27
split_gain=26.883 21.4837 26.9923 23.0592 22.0099 21.2765 19.2436 17.6635 26.9244 18.2004 15.9756 15.6592 13.7 52.6454 31.3425 17.1169 16.5488 13.3382 23.8946 15.0579 13.0944 12.4651 20.2646 17.1111 14.5826 14.5663 11.4961 20.3223 15.6006 19.443 13.813 11.4515 11.4393 11.3336 11.7236 14.2693 11.1557 11.1362 14.6077 10.9994 25.4621 10.7956 10.0672 9.9819 10.0344 17.5521 11.8232 12.3612 10.5079 9.64714 9.39616 9.22557 9.17328 9.11739 10.3622 9.03382 9.01 8.31382 10.0408 9.44933 13.4234 9.02441 8.17046 16.3062 14.1043 12.4199 10.4627 10.1884 8.72094 8.00112 18.3989 14.5304 13.5483 12.7323 9.44405 7.92896 7.58273 15.8063
threshold=-0.97379016876220692 -4.4746301174163809 1.0000000180025095e-35 -0.56174489110708226 17.312618255615238 57.500000000000007 0.098011311143636717 0.81024748086929332 12.312334537506105 1.0178682804107668 13.3866024017334 0.86046862602233898 0.43245348334312445 -3.4431309700012203 -1.1541348695755003 0.20576497167348864 0.35442666709423071 1.6815684437751772 0.34628184139728552 1.3266357183456423 12.225345611572267 24.500000000000004 2.7950986623764043 0.67536354064941417 0.82531082630157482 0.83743050694465648 -11.5360951423645 1.6644139885902407 50.500000000000007 -0.56174489110708226 1.0000000180025095e-35 0.75077843666076671 49.500000000000007 -0.56174489110708226 1.0000000180025095e-35 2.841063499450684 -0.41268247365951533 0.61734244227409374 5.6346633434295663 -0.98658463358879078 22.464578628540043 -2.7838203907012935 24.500000000000004 -0.66032761335372914 0.25308665633201605 2.1795732975006108 66.500000000000014 -0.72982063889503468 15.601206779479982 -0.56174489110708226 1.2862216234207156 84.500000000000014 1.380296051502228 0.79175063967704784 0.11969653144478799 -16.417254447937008 1.268160402774811 -0.72013539075851429 0.11969653144478799 6.3354413509368905 0.061163477599620826 0.21143145114183429 0.46418011188507086 47.500000000000007 6.5000000000000009 0.81174489855766307 8.5000000000000018 4.8473896980285653 6.2980003356933603 1.0000000180025095e-35 -0.81279832124710072 0.11969653144478799 -0.90159028768539418 0.16549067199230197 0.21834332495927813 0.76029929518699657 9.3689808845520037 -0.7866188883781432
decision_type=2 2 2 2 2 2 2 2 2 2 2 2 2 2 2 2 2 2 2 2 2 2 2 2 2 2 2 2 2 2 2 2 2 2 2 2 2 2 2 2 2 2 2 2 2 2 2 2 2 2 2 2 2 2 2 2 2 2 2 2 2 2 2 2 2 2 2 2 2 2 2 2 2 2 2 2 2 2
left_child=1 5 3 20 6 36 -4 8 12 21 11 53 14 32 15 17 -15 18 -2 50 -3 25 24 -24 -23 75 28 62 29 -18 -30 -17 33 37 35 -35 -1 -14 51 40 -12 -16 49 44 46 -46 48 -48 -44 -41 -19 -39 -49 54 -9 -43 -31 -11 59 60 -59 -61 63 65 -65 66 -28 -66 -68 70 73 74 -71 -33 -72 -10 77 -57
right_child=7 2 4 -5 -6 -7 -8 10 9 57 39 -13 13 16 41 31 26 19 -20 -21 -22 22 23 -25 -26 -27 27 -29 30 56 -32 69 -34 34 -36 -37 -38 38 -40 42 -42 55 43 -45 45 -47 47 52 -50 -51 -52 -53 -54 -55 -56 76 -58 58 -60 61 -62 -63 -64 64 67 -67 68 -69 -70 72 71 -73 -74 -75 -76 -77 -78 -79
leaf_value=0.018745586598595453 -0.00017058935752900577 0.01531973899951633 -0.017295783227681907 0.030101789742604752 0.022225553895761644 0.031752492047365848 0.013362761749318108 0.030265026578498139 -0.01704674567977691 0.0041304483155342091 -0.0015486404431829025 0.034209563964493407 0.0046707626252263518 0.031371658974161519 0.0064780800355087537 -0.0033027062641725374 0.026031792321445712 0.02141675639235183 -0.015646886472497901 -0.011033333353473727 -0.0095224244339233953 -0.031820422469438663 0.023084295990853942 -0.0059065660587648674 -0.00038339909554751319 0.0013090023429712151 0.0021139145380515991 -0.024713166982194244 0.0099178666047624355 0.0053323317582274618 0.04606593976459647 0.015666149340295577 -0.026938395522653549 0.02995978854093238 -0.0055357228864801088 -0.0018226753093437311 -0.0096136243397754034 -0.034162882812070756 0.0015721775360431841 0.024640995988211789 0.038257919766060799 0.0088795588358875771 0.021888297928920428 -0.0027670289565696195 0.031676052180236849 0 0.010934931330619615 -0.0014480908646603773 -0.00023779169842327391 0 0 -0.011752834314210222 -0.018475661127346773 0 0.0015801313511443627 -0.021802921543879174 -0.023245670037702362 0.0070892460480525641 -0.015493408285890867 -0.00290824580897181 -0.019608588267875947 0.024218356131304585 0.010056628875553577 -0.0092421541999660097 -0.0058216789781256068 0.014304796632759449 -0.0012545411857161977 0.013596552141558851 -0.024446151828826986 0.022699402985939136 0.018101367392419677 0.0011986547576986449 -0.0019883429512323031 -0.0095606988780001234 0.046652887992775595 -0.038434262656219367 -0.0045213239741612237 -0.0076048080323946792
leaf_weight=50.02955473959446 969.10210872814059 82.041880421340466 209.74698498100042 102.52890353649855 43.228618392720819 128.34849563799798 47.719129955396056 55.194099029526114 110.63442597165704 263.0179646294564 81.043672021478415 52.166875891387463 56.894821770489216 52.322383610531688 103.15183238498867 167.6154673229903 49.126175921410322 123.59700066037476 260.21534945070744 59.793964922428131 83.743419429287314 96.193247763440013 45.39622094668448 270.62050613760948 48.554616799578071 43.286930434405804 86.152922192588449 43.575795140117407 50.829745575785637 39.926928877830505 46.809547727927566 78.201753575354815 55.797546787187457 45.598726756870747 292.87349966168404 63.442298118025064 55.182461608201265 85.338338958099484 61.470903553068638 63.199231579899788 49.425959277898073 54.541063796728849 85.504216972738504 1277.2730699665844 63.122459854930639 74.121806181967258 90.574885962530971 187.10949985124171 79.277680285274982 66.566378340125084 66.30556283891201 93.483600664883852 103.47007796354592 161.53943990729749 54.072823937982321 235.97974451258779 40.446719588711858 65.422213319689035 145.11597047187388 44.10092007368803 80.836054040119052 46.025753492489457 485.92025562562048 81.794120730832219 59.501073110848665 46.75712126493454 55.811218202114105 368.79205972515047 104.45871595107019 54.752456806600094 66.972313184291124 44.307984774932265 195.95098038204014 77.447608022019267 57.226725328713655 77.379000591114163 508.39186990633607 585.31637274101377
leaf_count=570 12046 973 2664 1102 431 1487 596 540 1467 3560 950 546 644 836 1331 1957 808 1391 3302 942 899 1307 668 3580 704 484 1030 461 695 524 574 1043 573 617 3743 701 663 889 548 789 528 683 1007 14749 564 909 1015 2087 976 934 793 944 1209 1676 570 2705 528 830 2065 654 1081 624 5909 1021 732 681 676 4417 1252 713 889 514 2497 1005 813 931 6392 7157
internal_value=0 0.00803952 0.00311745 0.013555 -0.00609294 0.0195658 -0.011307 -0.000589536 -0.00171525 -0.00754916 0.0026693 0.0120691 -0.000419691 0.00227032 -0.00215029 0.00125158 0.00692092 -0.00155048 -0.00352705 0.0078886 0.00255679 -0.0126605 -0.00804602 -0.00134814 -0.0219028 -0.0213463 0.00598979 0.00429949 0.0154457 0.00437699 0.0288813 0.00687658 -0.00758139 -0.00581954 -0.000685813 0.0116389 0.00362183 -0.012497 -0.0167716 0.00126063 0.0138725 -0.00725341 0.000424593 -0.00037416 0.00401842 0.0148468 0.00111751 -0.00319002 0.0112062 0.0124994 0.0142048 -0.0232383 -0.00784893 0.00718158 0.0170687 -0.00832786 -0.00890028 -0.00194042 -0.00625177 -0.000208681 -0.00747389 0.0108764 0.00539283 0.00247453 0.00740684 -0.00592669 -0.0101309 0.0107565 -0.0168988 0.00993124 0.0146593 0.0249269 0.0034894 0.00288497 0.0327039 -0.0267331 -0.00909528 -0.0118311
internal_weight=0 802.569 569.009 268.314 300.695 233.561 257.466 9956.24 7412.58 1336.58 2543.66 322.973 6075.99 2367.12 3708.87 2221.49 1612.22 1479.01 1229.32 249.697 165.785 692.065 460.765 316.017 144.748 231.3 1559.9 1332.76 227.139 129.5 97.6393 742.475 754.9 699.102 401.915 109.041 105.212 297.188 240.293 2220.69 130.47 1487.38 2090.22 1960.45 683.181 137.244 545.936 381.154 164.782 129.766 189.903 178.822 290.58 270.806 109.267 1384.23 80.3736 644.519 381.501 236.385 146.258 90.1267 1289.19 803.267 510.087 293.18 246.423 428.293 160.27 574.86 324.156 168.507 250.703 155.649 124.199 188.013 1329.69 821.296
internal_count=131365 9385 6665 2974 3691 2720 3260 121980 92931 17955 29049 3332 74976 28803 46173 27905 20144 18474 15348 3126 1872 9141 6259 4248 2011 2882 19308 16179 3129 1860 1269 9431 8659 8086 5061 1318 1233 3025 2381 25717 1478 18268 24239 22516 7767 1473 6294 4311 1983 1723 2184 1833 3296 2786 1110 16937 1052 8814 5254 3189 1911 1278 15718 9809 6170 3639 2958 5149 1928 7474 4264 2216 3210 2048 1702 2398 16254 9862
is_linear=0
shrinkage=0.0454652


Tree=9
num_leaves=79
num_cat=0
split_feature=11 3 0 32 30 3 2 14 28 9 18 15 2 18 2 15 3 3 6 15 0 15 6 3 28 14 14 18 14 30 28 11 2 2 11 15 23 14 23 6 6 2 0 28 3 18 14 3 6 10 32 15 28 0 0 28 2 23 0 2 15 31 2 3 28 6 23 2 3 15 23 11 11 28 18 10 2 11
split_gain=28.074 13.8075 16.8774 18.9413 20.2117 29.726 27.7075 31.4568 27.6473 25.9984 24.093 23.2047 20.1282 26.9904 21.9277 23.833 21.9767 25.3143 22.1412 20.5635 16.9405 24.8674 15.1173 15.0491 24.6881 25.1575 17.7652 31.1674 26.1972 14.7411 21.4215 19.4334 17.5044 14.4548 24.3571 12.573 14.3311 12.5125 13.7236 12.4855 12.1553 12.1181 11.6901 11.6166 15.253 12.7909 25.7271 14.1092 35.2888 14.4105 27.1452 28.3039 16.605 17.2374 11.2481 14.821 10.6201 11.0028 10.5382 10.4133 20.6393 16.5277 15.7713 17.8704 11.139 10.4072 16.771 10.2737 19.1596 19.6498 25.3858 11.6943 10.8802 10.8665 10.1568 10.1566 10.0826 10.0433
threshold=0.020614416338503364 0.40138351917266851 1.0256906747817995 1.0000000180025095e-35 1.0000000180025095e-35 0.45350302755832678 1.0297195911407473 -9.4464592933654767 -0.88186877965927113 0.19938764721155169 41.500000000000007 18.618198394775394 0.97502318024635326 81.500000000000014 1.6797904372215273 9.5107278823852557 0.70328086614608776 0.84541350603103649 8.0385446548461932 4.9152262210845956 0.80452454090118419 6.7888860702514657 -1.6050135493278501 0.28566378355026251 -0.60003554821014393 -1.1097278594970701 -17.413209915161129 21.500000000000004 -20.727984428405758 0.81174489855766307 -0.49049438536167139 0.098077554255723967 0.67463499307632457 0.68954288959503185 0.043112579733133323 12.836063861846926 0.86159074306488048 -2.1408729553222652 0.77600264549255382 7.4932658672332773 -1.2826402783393858 2.2160948514938359 0.78671818971633922 -0.96298784017562855 0.57870554924011242 61.500000000000007 -5.2363445758819571 0.82077854871749889 3.552995085716248 0.14773311465978625 1.0000000180025095e-35 5.4401960372924814 -0.6343555450439452 0.76076343655586254 0.91871854662895214 -0.90159028768539418 1.24751353263855 0.73372137546539318 0.97526967525482189 0.67463499307632457 5.7620763778686532 1.0000000180025095e-35 0.97502318024635326 0.34525908529758459 0.66746801137924205 16.212498664855961 1.4499103426933291 0.82847261428833019 0.72697907686233532 7.2574505805969247 0.58708837628364574 0.065162785351276412 0.062860306352376952 0.60003554821014415 92.500000000000014 0.1007279120385647 1.2853538990020754 0.043629091233015067
decision_type=2 2 2 2 2 2 2 2 2 2 2 2 2 2 2 2 2 2 2 2 2 2 2 2 2 2 2 2 2 2 2 2 2 2 2 2 2 2 2 2 2 2 2 2 2 2 2 2 2 2 2 2 2 2 2 2 2 2 2 2 2 2 2 2 2 2 2 2 2 2 2 2 2 2 2 2 2 2
left_child=41 23 3 4 5 77 8 10 -7 22 -8 76 13 33 15 19 42 -18 -19 -14 67 -22 -10 29 37 26 27 -26 -29 30 54 -31 -33 -5 -35 36 -23 38 40 -37 -25 43 -16 44 -1 46 -45 49 -49 50 51 -47 -53 -54 55 -2 -17 -58 -32 60 -28 62 75 -64 -62 74 -67 71 69 70 -69 -6 -71 -74 -4 -61 -9 -3
right_child=1 2 65 12 20 6 7 11 9 -11 -12 -13 14 -15 16 56 17 18 -20 -21 21 35 -24 24 25 -27 59 28 -30 31 58 32 -34 34 -36 39 -38 -39 -40 -41 -42 -43 -44 45 -46 47 -48 48 -50 -51 -52 52 53 -55 -56 -57 57 -59 -60 61 64 -63 63 -65 -66 66 -68 68 -70 72 -72 -73 73 -75 -76 -77 -78 -79
leaf_value=-0.02822591152072948 0.013793441700216435 -0.021882049402304957 -0.00012655128674003683 0.0076726968253335217 -0.023357841779380328 -0.0072714404643299986 0.00094552944333726053 -0.023753705499238484 0.050569647804061341 0.0092735009654570551 0.032082887765276014 0.012460772269560792 0.0047588885927703677 -0.0057048200360092947 0.047069156463405787 0.017354915747363513 -0.0096239801974766451 0.030528449698394727 -0.0068484324816774685 -0.025592782632609369 -0.010402254986523491 0.03005551829562924 0.022662955207440341 -0.038833744955370203 -0.015287077878964422 0.023320098924211725 0.018891890321628968 0.0012551127773998722 0.045834040926926715 -0.030773354387635895 0.0040153216356824672 0.025784861371193964 -0.010462110038152752 0.0075758082779369277 0.046631956439445059 -0.0097281225864583633 0.0040337832568800172 -0.029910417134625548 -0.0043118786038384158 0.013428489859588794 -0.0080062198704719881 -0.026379689654826035 0.014005973331656568 -0.0024768788862964638 -0.001695483638017014 -0.020321246125231902 -0.019971697327773281 -0.0089220187635110793 0.035506711711154958 -0.014467743972505939 -0.017273275055520652 -0.0097140634323819603 0.0090187730081332119 0.035477497519256967 0.00060126836374422958 0.051259004539089409 0.014537753644709548 -0.01229910272540608 -0.018304108250259181 -0.028246202602077466 0.0025376426943512502 0.0097968863796086391 -0.020693272391964439 0.013757399912667162 -0.012464421737074233 0.033729127805010618 0 0.041653682855263767 -0.021390104793042791 0.0071063101064139118 -0.0064194475979113342 0.0022427887199354254 -0.029555461790439295 -0.0011343705601815661 -0.0091805121392529096 -0.0075255053756087638 -0.0042138752272625922 -0.0019674417065418774
leaf_weight=89.749780226498842 65.53652236238122 69.10463423281908 2432.7338118273765 68.77773985825479 138.620725158602 80.994803393259645 117.3418577965349 119.26507884822786 65.43366452306509 224.66243704780936 92.594516636803746 84.834678644314408 70.19155378639698 64.496626310050488 47.77425629645586 115.27087272331119 114.12637065164745 96.389287320896983 43.890334276482463 113.52530276030302 184.17702023871243 95.352099005132914 163.62132336758077 50.463595438748598 56.738166134804487 79.998348167166114 88.260511277243495 55.197990579530597 55.176991954445839 50.822000149637461 413.35556414350867 37.941941104829311 74.68204877525568 54.553418638184667 105.25002507865429 96.72216877900064 89.491160422563553 72.660119676962495 330.23711817711592 87.282247142866254 66.542011864483356 50.537385825067759 57.324053950607777 789.5087017416954 94.804029969498515 51.628783747553825 222.63082593120635 66.289468033239245 72.483072029426694 134.20916294492781 103.59918007254601 41.891945857554674 138.14458631165326 88.025549085810781 42.875956546515226 37.935410445556045 47.977250529453158 74.973921144381166 44.384256724268198 146.78736452572048 195.50174974277616 65.859541144222021 49.273040022701025 70.404493972659111 198.73676712065935 43.002192525193095 78.784565333276987 45.953509787097573 89.672851217910647 76.820075318217278 37.04076985642314 44.328202845528722 49.482521628960967 66.448519660159945 283.81183382309973 89.140270536765456 114.58556026034057 211.39270344376564
leaf_count=1156 1012 849 29031 653 1760 972 1469 1397 694 2379 1058 1028 867 671 545 1198 1397 1434 634 1348 2237 893 1648 580 720 761 1144 640 591 853 6612 489 1110 570 1055 1057 1025 835 4332 892 820 812 686 9949 1151 727 2636 929 772 1667 1250 553 2094 1057 729 654 592 787 450 1627 2153 868 577 796 2193 567 1141 593 1200 1044 575 543 610 911 3102 1033 1448 2368
internal_value=0 0.000978613 0.00209748 0.00420061 0.00195767 0.00570356 0.0091913 0.00167916 0.0164583 0.020828 0.0152572 -0.00719421 0.00923277 0.0193811 0.00528357 -0.00165018 0.0134828 0.00581663 0.0186333 -0.0138855 -0.00257283 0.00296892 0.0315907 -0.00191734 -0.00434744 -0.000576775 -0.00248882 0.0108694 0.024807 0.00330495 0.00662481 -0.00853624 0.00180631 0.0266449 0.0341179 0.00981718 0.018075 -0.0125331 -0.00935664 0.00104993 -0.0225663 -0.00505326 0.030681 -0.0044026 -0.0151879 -0.00317557 -0.00643787 0.00150693 0.0142941 -0.00167002 0.00237302 0.00902789 0.01508 0.0199751 0.0215382 0.029408 0.00765941 -0.00131226 0.00160274 -0.00504983 -0.000368756 -0.0102392 -0.0141547 -0.000247183 -0.00495275 -0.000495683 0.0122544 -0.00823057 -0.00357852 0.00226722 0.0203436 -0.0169805 -0.00552893 -0.0142648 -0.00110276 -0.0208819 -0.014621 -0.0072888
internal_weight=0 8796.59 6358.08 3519.74 2445.22 1343.83 1063.33 528.622 534.712 453.717 209.936 318.685 1074.52 293.078 781.443 421.939 359.504 254.406 140.28 183.717 1101.39 553.025 229.055 2438.51 1670.98 1151.08 1071.08 167.113 110.375 767.534 604.088 163.446 112.624 228.581 159.803 368.848 184.843 519.903 447.243 184.004 117.006 1943.5 105.098 1892.97 184.554 1708.41 1012.14 696.272 138.773 557.499 423.29 319.691 268.062 226.17 146.348 103.472 238.222 122.951 457.74 903.964 482.499 421.465 355.605 119.678 394.239 2838.33 121.787 548.367 365.418 275.745 82.9943 182.949 192.751 115.931 2716.55 235.928 233.851 280.497
internal_count=131260 106507 74928 41087 28650 15310 12093 6400 5693 4721 2527 3873 12437 2949 9488 4792 4696 3465 2068 2215 13340 6104 2342 31579 19670 13103 12342 1951 1231 11909 9457 2452 1599 2278 1625 3867 1918 6567 5732 1949 1400 24753 1231 23941 2307 21634 12585 9049 1701 7348 5681 4431 3704 3151 2395 1666 2577 1379 7062 10391 5490 4901 4033 1373 4346 33841 1708 7236 4933 3733 1168 2303 2565 1521 32133 2660 2845 3217
is_linear=0
shrinkage=0.0454652


Tree=10
num_leaves=79
num_cat=0
split_feature=11 27 28 11 0 27 4 14 7 5 11 28 8 27 0 16 7 6 27 2 21 28 21 11 4 0 7 5 14 27 2 4 2 2 28 16 5 2 16 7 14 28 4 21 21 2 2 11 0 27 2 21 8 2 4 7 2 0 16 21 5 2 11 27 7 16 6 28 16 7 14 5 27 28 7 21 6 16
split_gain=28.8704 20.6661 33.026 29.1863 54.7309 19.1316 23.5038 15.4115 24.1484 17.847 15.184 14.4403 13.4264 13.1285 16.625 28.3168 19.5839 18.9652 24.4013 40.0818 27.5535 19.7213 18.0682 23.7578 18.0023 19.3606 17.5844 17.6433 16.6526 15.9577 14.6631 14.309 14.0728 12.8993 12.7809 12.7703 20.0858 15.9649 12.6225 12.6038 11.832 11.7576 11.6252 11.5725 13.1358 11.1725 11.0551 10.9304 10.9061 10.8246 10.3684 12.2399 9.83565 9.69158 9.47615 9.40192 9.40105 10.5347 9.34117 21.0092 16.5061 12.2763 9.10081 12.1468 11.752 9.59823 8.8079 14.7325 12.9856 19.0721 10.1364 15.1507 9.33371 9.25803 16.5784 9.5586 8.77054 8.09949
threshold=0.021449392661452297 -0.72982063889503468 0.56457334756851207 0.15326574444770816 1.1068291664123537 -0.92794367671012867 -0.98748764395713795 -7.3510925769805899 1.0000000180025095e-35 1.3849945664405825 0.19914607703685763 -0.95688340067863453 3.1087450981140141 -0.71473535895347584 0.59785795211792003 0.4664906114339829 18.095842361450199 -3.4431309700012203 0.4904943853616715 2.0332336425781254 -2.962363481521606 0.69930991530418407 9.5362715721130389 0.064047917723655715 -0.29892070591449732 0.94506877660751354 -2.8544847965240474 5.2477807998657235 -12.292577266693113 0.26932403445243841 0.65016958117485057 1.4835991859436037 0.51606181263923656 1.5090105533599856 0.20576497167348864 0.83781209588050853 -2.2840870618820186 1.023964583873749 0.78234735131263744 1.170737147331238 -8.3071699142456037 -0.81279832124710072 1.0252459645271303 5.6966774463653573 2.1785790920257573 0.54619410634040844 1.0715346336364748 0.0051722335629165181 1.063129782676697 -0.24825246632099149 1.1828719377517702 -4.2613792419433585 0.56895604729652416 0.68488749861717235 0.89985725283622753 -5.1566429138183585 1.130422115325928 0.88146483898162853 0.3167098611593247 -4.3505990505218497 -1.7960464358329771 0.53622478246688854 0.044120721518993385 -0.87137606739997853 18.095842361450199 0.91840794682502758 -0.4137625098228454 0.9279436767101289 0.813533514738083 14.215373516082765 -4.4635848999023429 -0.30558653175830836 0.1413247883319855 -0.84915164113044728 17.312618255615238 12.045542716979982 -0.90664294362068165 0.15314124524593356
decision_type=2 2 2 2 2 2 2 2 2 2 2 2 2 2 2 2 2 2 2 2 2 2 2 2 2 2 2 2 2 2 2 2 2 2 2 2 2 2 2 2 2 2 2 2 2 2 2 2 2 2 2 2 2 2 2 2 2 2 2 2 2 2 2 2 2 2 2 2 2 2 2 2 2 2 2 2 2 2
left_child=5 2 3 12 34 6 -1 9 -9 -7 13 -10 62 -3 15 28 43 21 26 20 24 29 23 56 25 -20 27 58 32 48 40 -24 -15 -12 -5 36 -32 -37 -13 -8 -25 -11 45 44 -17 -42 -38 -43 77 -50 51 -34 -4 -46 55 -23 -22 -58 59 60 -19 -60 63 76 -64 -66 67 -28 70 72 71 -68 -70 -71 -75 -76 -2 -16
right_child=1 10 52 4 -6 7 39 8 11 41 33 38 -14 14 17 16 -18 18 19 -21 22 54 31 30 -26 -27 66 -29 -30 -31 35 -33 50 -35 -36 37 46 -39 -40 -41 42 47 -44 -45 53 -47 -48 -49 49 -51 -52 -53 -54 -55 -56 -57 57 -59 61 -61 -62 -63 64 -65 65 -67 68 -69 69 73 -72 -73 -74 74 75 -77 -78 -79
leaf_value=0.0047682477909282307 7.1507324500068219e-05 -0.020041083675988804 0.02719413420281392 0.059977583151351446 -0.005585511028117056 -0.0020957206163757479 -0.033339253897601534 -0.01482671333923765 -0.021142903236926448 -0.0062903611349103767 -0.02913229593706082 -0.0022522983988470897 -0.011508745563351835 -0.011780884024006868 -0.027639204985560408 -0.011687214317439538 0.023169967849504404 0.0040711799278527385 -0.0050493987292791649 -0.019449322755922052 0.0093974781464417016 -0.0060095067867474376 0.028590915650019439 0.025736519201113073 0.029785487564851242 0.028844648161411739 0.015263525375411716 0.01483384281412551 0.035429771685901161 -0.012428494706923039 0.0071553099244400266 0.0036049039959330609 0.032108691104731732 0.0014958545664534931 0.021653049594625176 0.012206351141001942 -0.027166369929814613 -0.013434295385381829 0.014225367035714264 -0.0061464902019247054 -0.017828814817027794 0 0.015208686077164133 -0.018579500300028588 0.01849339217336388 0.0094555085708984549 -0.005767188248905695 0.02792209864925288 -0.00085813950012655026 0.01959572534274041 -0.00089282251521147541 0 0.0042737901225906021 -0.0028270108383447587 0.019876410768915661 0.012823579157423869 0.0093504623960915488 -0.013524705657180643 -0.030564850547848899 0.010921021133389259 -0.028460188299939137 -0.010377665112420062 0.0059063129331374331 0.0095905101261020004 0.0035894336359902379 -0.021137751730927253 -0.013895664194205478 -0.012298245234522208 0.015175269290962513 -0.010839989275347321 -0.018013354034111809 0.0074323678993190095 0 -0.016533376555451219 0.021169266352262083 -0.00078990668259725243 -0.015059569660832158 -0.0019081056502285192
leaf_weight=71.730996061116457 138.27775279060006 61.728108234703541 162.65803882107139 48.397743679583073 85.761324571445584 658.46076155640185 122.36268668994308 442.43078376166523 57.054026847705245 40.224632332101464 64.160326639190316 331.14266304671764 151.19527208991349 41.636486202478409 41.125413840636611 112.20114291273057 57.097900895401835 47.983024043962359 95.062272010371089 132.89092149958014 711.98562570288777 151.70344024524093 98.411320677027106 43.194073980674148 148.41497259773314 48.658458577468991 165.4158777166158 55.781236635521054 78.651794113218784 656.34993261471391 67.472433665767312 100.05317946337163 85.608015334233642 43.111897705122828 46.503899019211531 109.22382183000445 156.65381450764835 85.681339213624597 129.11565560661256 58.524970518425107 80.102203831076622 38.336549442261457 65.632522830739617 87.667074041441083 85.516234830021858 43.320973826572299 85.670947073027492 99.255171583965421 209.37732608243823 65.865952480584383 46.749124554917216 35.461898121982813 59.644529176875949 78.27279750071466 64.552188692614436 80.115988725796342 73.229125868529081 83.962495215237141 83.770347064360976 107.98864338733256 77.264897376298904 299.59569898806512 1106.9073147568852 103.84822926297784 58.186033882200718 59.899804059416056 124.69706284441054 47.202125573530793 232.36826028302312 217.15323564037681 131.75131023675203 141.64648165181279 139.43493118323386 62.282847948372364 78.340486500412226 72.814500585198402 163.18518361449242 69.348577458411455
leaf_count=910 1767 751 1888 505 1230 8418 1605 5433 742 542 926 4120 2029 715 540 1559 937 524 1358 1319 8385 1828 1131 522 1981 549 2005 638 1159 7443 711 1122 1349 641 575 1294 1797 988 1509 723 1053 535 768 1401 1203 465 1010 1447 2610 826 819 498 734 1180 712 904 823 983 746 1440 904 3517 13021 1273 720 562 1485 488 2588 2384 1516 2036 1490 651 719 819 1933 947
internal_value=0 0.00114099 0.00496522 0.0030323 0.0202512 -0.00485202 -0.0165132 -0.00315097 -0.00707803 0.00131033 -0.000132888 -0.000293181 0.00121646 0.000148019 0.00036429 0.00691108 -0.000522446 -0.000452345 0.00100559 0.00431648 0.00588088 -0.0051778 0.00372803 0.00207387 0.01878 0.00657591 -0.0025123 -0.00854328 0.0177895 -0.00813258 -0.00387728 0.0165622 0.010386 -0.0167817 0.0433592 -0.00824545 -0.0139298 0.00064505 0.00234959 -0.025135 0.00538723 0.013955 3.93671e-05 -0.00459112 0 -0.00787346 -0.02002 0.0202288 -0.000643719 0.00407686 0.0163187 0.0231667 0.0214481 0.0081932 0.00501841 0.00040172 0.00717008 -0.00259872 -0.0108204 -0.003294 -0.0158852 -0.0151905 0.00245227 -0.00336139 0.00442029 -0.00884171 0.000339295 0.00880309 -0.001144 0.00214072 -0.00784041 -0.00243171 0.0096714 -0.00427938 0.00224941 0.0105344 -0.0080513 -0.0125567
internal_weight=0 8715.88 2184.47 1962.16 180.663 2048.64 252.619 1796.02 959.743 836.277 6531.41 517.312 1781.5 6424.14 6362.41 708.862 420.755 5653.55 4315.11 2229.62 2096.73 1338.44 1804.59 1606.13 292.136 143.721 2085.49 672.384 288.107 1042.07 736.952 198.465 209.456 107.272 94.9016 504.702 309.797 194.905 460.258 180.888 232.25 177.816 189.056 363.657 275.99 123.423 242.325 137.592 385.717 275.243 167.819 121.07 222.303 163.789 296.372 231.819 869.177 157.192 616.603 233.237 125.248 383.366 1630.3 405.311 1224.99 118.086 1413.11 212.618 1200.49 802.394 398.095 266.344 371.803 430.591 213.438 151.155 301.463 110.474
internal_count=131378 105394 26237 23615 2310 25984 3238 22746 11804 10942 79157 6371 21305 77590 76839 10820 6280 66019 50209 26259 24940 15810 21052 18799 3888 1907 23950 7769 4540 12366 8608 2253 3381 1567 1080 5800 3518 2282 5629 2328 2808 2524 2286 5343 3942 1518 2807 1982 4923 3436 2666 1847 2622 2383 3444 2732 10191 1806 7131 2868 1428 4263 19276 4973 14303 1282 16181 2493 13688 8651 5037 3521 4078 4573 2189 1538 3700 1487
is_linear=0
shrinkage=0.0454652


Tree=11
num_leaves=79
num_cat=0
split_feature=11 7 16 13 10 27 0 7 13 17 2 2 27 0 13 10 31 17 21 2 13 30 12 30 27 18 2 10 16 28 13 2 2 16 13 0 21 16 7 13 16 11 12 13 13 16 28 21 16 30 28 21 6 30 7 30 28 7 16 2 13 0 30 30 2 11 17 13 2 13 16 27 2 27 11 10 11 17
split_gain=23.044 17.9516 21.7643 19.5874 18.6607 17.8674 45.502 37.9187 22.8009 16.6395 23.6719 19.7075 24.3203 15.493 15.0905 14.549 14.4785 19.6761 13.9346 21.0912 20.3545 29.9729 37.5961 33.3916 21.6247 27.3681 21.5838 20.8227 19.435 21.4355 20.0792 17.0266 23.2365 15.2138 11.6657 12.1134 10.9499 11.7612 10.1765 16.5558 19.2716 17.5839 14.0174 19.7579 18.9032 29.5256 27.7504 15.7881 15.0059 13.1666 12.6801 11.9489 22.5236 22.4991 14.8774 13.8209 22.798 16.6322 11.8793 11.5004 11.3987 11.0899 11.3191 12.9267 25.04 17.0861 11.7964 10.4291 10.2592 10.0864 16.2462 9.89525 11.2546 13.2704 9.73171 9.66176 11.6249 9.49035
threshold=0.022330841049551967 0.12461235746741296 0.59803497791290294 -0.020308507606387135 0.09130397811532022 -0.52803644537925709 1.1744408011436465 20.950057029724125 -0.053066398948431008 12.500000000000002 1.1093080639839175 0.65471398830413829 -0.87137606739997853 0.69474691152572643 -0.079139098525047288 0.09047094359993936 1.0000000180025095e-35 76.500000000000014 -7.3312549591064444 2.6738365888595585 -0.024137922562658783 -0.56174489110708226 -0.0018920234870165584 0.81174489855766307 0.58244305849075328 55.500000000000007 0.58036345243453991 0.082273054867982878 0.33823069930076605 0.22706275433301928 -0.053066398948431008 0.64135712385177623 0.89836779236793529 0.21834332495927813 -0.0086033884435892088 0.62747278809547435 -0.36760137975215906 0.24661810696125033 -3.2034833431243892 0.008545936085283758 0.40155996382236486 0.043629091233015067 0.060674035921692855 0.041396427899599082 0.07313453778624536 0.83781209588050853 -0.31107263267040247 6.0000333786010751 0.88584923744201671 0.81174489855766307 -0.89194178581237782 3.7652566432952885 0.12114025652408601 1.0000000180025095e-35 12.867932796478273 -0.56174489110708226 1.0000000180025095e-35 7.5397472381591806 0.88892504572868358 0.45730224251747137 0.041396427899599082 0.60631912946701061 0.81174489855766307 -0.56174489110708226 1.1893241405487063 0.057396959513425834 28.500000000000004 0.023507538251578811 1.0178682804107668 0.097987275570631041 0.88892504572868358 -1.0000000180025095e-35 1.0124666690826418 0.63435554504394542 0.07821302488446237 0.043634694069623954 0.042571065947413451 57.500000000000007
decision_type=2 2 2 2 2 2 2 2 2 2 2 2 2 2 2 2 2 2 2 2 2 2 2 2 2 2 2 2 2 2 2 2 2 2 2 2 2 2 2 2 2 2 2 2 2 2 2 2 2 2 2 2 2 2 2 2 2 2 2 2 2 2 2 2 2 2 2 2 2 2 2 2 2 2 2 2 2 2
left_child=1 2 3 -1 -3 6 7 8 14 10 -10 -11 13 15 -2 -13 17 -6 19 33 21 24 23 31 25 -20 -26 -27 29 -24 -30 -23 -33 -7 -4 -36 37 -28 59 40 -40 -42 44 49 45 47 58 51 74 -44 -43 52 53 55 -53 57 -57 67 -47 -22 -50 -61 63 64 66 -65 -63 -41 69 -46 -71 -55 73 -73 -48 76 -15 -8
right_child=5 4 34 -5 16 18 77 -9 9 11 -12 12 -14 75 -16 -17 -18 -19 20 -21 38 22 28 -25 26 27 36 -29 30 -31 -32 32 -34 -35 35 -37 -38 -39 39 42 41 50 43 -45 68 46 48 -49 60 -51 -52 54 -54 71 -56 56 -58 -59 -60 61 -62 62 -64 65 -66 -67 -68 -69 -70 70 -72 72 -74 -75 -76 -77 -78 -79
leaf_value=0.0098787989080978914 0.002638769458051614 -0.0046245779274455496 -0.026738036722905197 -0.0074375536855814913 0.02158976086761499 -0.011368210281651275 -0.0052871157257107304 0.036100737755870325 0.039262953019524635 -0.015472834541085955 0.0044425484728856691 0 0.015427932188341882 -0.0032686777672614894 0.02858334836472454 -0.032923646851987759 -0.0055595728537156065 -0.0040621985428081174 -0.014324247268202191 0.017611937034485558 -0.025296175917021737 0.021411261729195628 0.021977632426129524 0.030299731179502281 0.053045056490367282 0.0004244969938839355 0.0014187680884928556 0.041515398878700413 -0.038868766457978814 -0.0089082486141019261 -0.0084607408145607171 -0.027874210390124384 0.0081159214789730746 0.01290761518742975 0.01028999652651914 -0.014877350683509585 -0.0024407037742362804 0.03244964528075938 -0.017526136112014815 -0.00065295905762123975 0.023024669196146402 0.017524464448007596 -0.017596803066637474 3.9461573677756944e-05 -0.019444224658264567 0.014038234721847384 -0.0088520611353952935 -0.021343705942091167 0.039716228042758907 0.0027748774777235068 -0.012161357830137795 0.015958963918254278 -0.013031987038074462 -0.022549788356151713 -0.0079360930703051748 0 0.037537547347065138 -0.0090370096524810591 -0.006028899097280313 0.016528793046873796 0.015938563900602391 0.001369878394622938 -0.017705561369131328 -0.0018017979966914689 0.014895175594428798 0.024463533094303703 -0.02366330716681796 0.025310906936133276 0.0057611311571982588 0.019594008028007589 -0.017670459921244133 0.0075971417078903635 0.013323172242855941 -0.020692260967628922 0.018664177878712791 -0.00083034720500631091 0.023225247107923421 0.003559640593770977
leaf_weight=170.34467907622457 73.204501511529088 602.53213546797633 150.94440107792616 575.4629026427865 191.97561250627041 552.99138102121651 797.48162086494267 99.835268119350076 62.288444777950644 107.74188650399446 115.881188319996 56.034057831391692 290.78906142152846 49.873501507565379 152.85808559693396 49.453323230147362 107.38299847580492 84.342793019488454 84.53764214925468 63.216064976528287 54.082463251426816 53.1068015396595 72.512737985700369 125.23656251467764 45.071407057344913 58.225545186549425 40.117660325020552 45.080194720998406 57.39348647557199 112.07445060648024 206.63497114926577 62.35220262594521 77.819912124425173 53.794848566874862 44.196527432650328 189.42849873006344 40.349463872611523 87.17083958722651 41.452497400343418 49.174813570454717 173.04320991784334 46.711019108071923 307.39665872044861 521.69753325916827 168.9200591892004 87.922729445621371 45.518587410449982 69.874878723174334 95.426223039627075 76.779865108430386 67.659163186326623 179.79635215364397 269.56480135954916 64.015190999954939 70.178318470716476 57.820062374696136 73.558409202843904 115.64954727701843 175.30813941732049 45.722962096333504 104.78320122510195 46.510799832642078 125.10788819007576 215.35906878858805 59.491502955555916 61.856393996626139 151.6527250725776 70.992247272282839 71.168991515412927 40.608247850090265 48.512940900400281 51.048622123897076 60.886774703860283 81.787177752703428 50.669510265812278 369.69298920966685 83.66290826536715 354.65748693421483
leaf_count=2200 892 7729 1932 7544 2353 7183 10718 1079 527 971 1122 656 3642 616 1628 521 1420 1030 1037 701 684 683 970 1499 751 744 692 551 649 1254 2222 826 1014 651 619 2237 474 1022 467 509 2292 640 3567 5945 2186 1040 521 992 943 791 819 2350 3180 855 870 789 824 1386 1941 743 1125 671 1483 2503 623 684 1606 783 1010 513 693 646 723 1009 608 4478 936 4331
internal_value=0 -0.00413239 -0.00803429 -0.00338513 0.000305243 0.00115836 0.00424999 0.00943513 0.00741584 0.00480043 0.0174907 0.00244586 0.00470638 -0.000404499 0.0205898 -0.0159742 0.00813957 0.0136407 -0.000222731 -0.00638345 0.000556282 0.00584647 0.000496936 0.0124135 0.0158628 0.00415841 0.0257008 0.019707 -0.00789168 0.00317949 -0.0157442 0.000189489 -0.00789128 -0.00906425 -0.0167947 -0.00981603 0.0169778 0.0233892 -0.000943641 0.000125258 0.00975852 0.0140515 -0.000923194 -0.00564683 0.0010952 0.00297628 0.0115824 -0.000975326 0.0210297 -0.0134134 0 0.000297273 -0.00212134 0.00256149 0.00903888 0.00980196 0.0214419 0.00285908 0.000603423 -0.005679 0.0280781 -0.00396994 -0.00555649 -0.00251161 -0.00982431 0.00415566 -0.0176376 0.0146212 -0.008807 -0.0130382 -5.28802e-05 -0.00755958 -0.00199608 -0.00956211 0.0053262 0.00286543 0.0131725 -0.00251872
internal_weight=0 2116.61 1130.38 745.808 986.234 8598.85 2663.45 1511.32 1411.48 1185.42 178.17 1007.25 899.506 608.717 226.063 105.487 383.701 276.318 5935.4 670.002 5265.39 1167.68 767.131 318.515 400.553 187.843 212.709 103.306 448.616 184.587 264.028 193.279 140.172 606.786 384.569 233.625 167.638 127.288 4097.71 3337.93 328.866 287.413 3009.06 905.874 2103.19 1773.98 559.628 1214.35 296.398 384.177 114.37 1144.47 894.498 624.933 249.975 367.195 131.378 235.817 263.231 759.784 200.209 705.701 659.978 534.87 257.655 277.215 198.164 120.167 329.21 258.041 89.1212 257.738 193.723 132.836 96.1881 503.229 133.536 1152.14
internal_count=131118 27064 14532 9744 12532 104054 32117 17068 15989 13469 1649 11820 10849 7207 2520 1177 4803 3383 71937 8535 63402 14388 9117 4022 5271 2332 2939 1295 5095 2224 2871 2523 1840 7834 4788 2856 2188 1714 49014 40017 4218 3751 35799 10303 25496 21094 6178 14916 3197 4358 1459 13924 10704 7524 3220 4291 1613 2678 2981 8997 2068 8313 7570 6087 2900 3187 2277 1292 4402 3392 1206 3233 2378 1655 1129 6030 1552 15049
is_linear=0
shrinkage=0.0454652


Tree=12
num_leaves=79
num_cat=0
split_feature=29 11 27 3 23 27 11 3 3 21 27 6 4 11 11 3 3 3 30 21 3 5 6 3 9 4 11 3 30 23 3 11 10 3 17 29 29 17 11 33 30 21 17 17 27 6 27 21 3 4 17 23 3 29 23 23 27 8 31 27 3 4 17 17 9 17 5 3 17 11 9 3 3 27 23 6 33 30
split_gain=38.0792 21.507 20.5079 17.4651 13.0614 32.1352 28.5622 33.9984 21.9742 29.4082 24.9005 16.3277 15.6683 15.094 14.3336 14.0801 42.426 13.9429 19.281 16.8906 17.3105 16.8728 18.1427 16.0464 16.4592 16.6999 15.1928 13.2802 27.066 13.2222 12.9979 14.6001 18.5213 15.5493 16.864 15.3549 12.9441 31.5822 22.1441 15.4379 12.9009 18.8509 19.4332 15.3349 13.5162 12.5298 12.3517 12.217 11.7669 11.6233 11.5518 11.1855 10.79 14.2195 10.505 10.4662 24.9953 10.4625 11.2094 11.2236 10.3307 9.9203 9.61001 9.44497 9.31016 9.27536 9.00449 8.30508 8.02827 7.97762 7.85085 7.69844 7.57706 8.67624 12.2548 12.1423 14.8794 13.2908
threshold=-0.60785761475563038 0.020614416338503364 -0.91959547996520985 0.64635932445526134 1.5221118330955508 -0.52803644537925709 0.15129497647285464 0.44866770505905157 0.40138351917266851 0.57797181606292736 -0.83743050694465626 14.609312057495119 -1.1110091805458067 0.044120721518993385 0.19914607703685763 0.48347814381122595 0.52882456779479992 0.2663829922676087 0.81174489855766307 4.3140442371368417 0.18263038247823718 1.3439322710037234 1.915357291698456 0.44866770505905157 0.23363178968429568 -2.2331296205520625 0.11349148303270341 0.55786156654357921 1.0000000180025095e-35 0.42901824414730078 0.58765900135040294 0.11349148303270341 0.10441804304718973 0.84541350603103649 53.500000000000007 0.6078576147556306 1.0000000180025095e-35 51.500000000000007 0.072740815579891219 0.99736112356185924 1.0000000180025095e-35 0.056475177407264716 49.500000000000007 57.500000000000007 0.054511256515979774 -5.009471893310546 0.74455857276916515 -3.2131265401840206 0.8286879062652589 -1.0850621461868284 54.500000000000007 0.56930670142173778 0.40850076079368597 0.6078576147556306 0.84653699398040783 0.99901020526885997 0.58244305849075328 2.1813488006591801 1.0000000180025095e-35 0.33172981441020971 0.21729251742362979 0.25382769107818609 88.500000000000014 54.500000000000007 0.23747352510690692 15.500000000000002 -3.2394700050353999 0.78141167759895336 79.500000000000014 0.13175206631422046 0.28164881467819219 0.31809012591838842 0.29555284976959234 -0.31107263267040247 1.1493653655052187 7.1045928001403817 0.94700106978416454 -0.56174489110708226
decision_type=2 2 2 2 2 2 2 2 2 2 2 2 2 2 2 2 2 2 2 2 2 2 2 2 2 2 2 2 2 2 2 2 2 2 2 2 2 2 2 10 2 2 2 2 2 2 2 2 2 2 2 2 2 2 2 2 2 2 2 2 2 2 2 2 2 2 2 2 2 2 2 2 2 2 2 2 10 2
left_child=-1 2 3 -2 5 6 8 -8 9 -3 13 -9 -12 50 17 -15 -17 18 19 20 -7 23 46 24 25 -19 -20 -14 -29 -27 -18 32 47 34 -34 -35 37 38 -25 45 43 42 -42 61 -44 -39 52 -32 70 -5 64 -26 71 -54 -48 -31 -57 58 -4 -60 -21 -38 67 -43 -10 -22 -41 -61 -53 -33 -45 -23 -24 -74 75 77 -77 -75
right_child=1 4 57 49 -6 14 7 11 10 -11 12 -13 27 15 -16 16 30 21 26 60 65 22 72 36 51 29 -28 28 -30 55 31 69 33 35 -36 -37 40 39 -40 66 41 63 44 48 -46 -47 54 -49 -50 -51 -52 68 53 -55 -56 56 -58 -59 59 62 -62 -63 -64 -65 -66 -67 -68 -69 -70 -71 -72 -73 73 74 -76 76 -78 -79
leaf_value=-0.022318702459736276 -0.040362000673298308 0.0092078624273619694 -0.00057499673156470241 0.0069756707587953805 -0.0029984969986601097 -0.0091645325365135692 0.048229554220551037 -0.0085372070837244456 -0.019649749931101135 -0.032513418790776516 0 0.026871460834506727 0.03634537580866181 -0.0085900348545276742 -0.0173123376037418 0.040632502293131124 -0.011303598576034113 0.010510586043800462 -0.031953992292411255 0.014139907131553277 0.0056090850813681715 0.0094049721481179824 0.016987637579633244 0.019821222250967493 0.017738934500061285 0.0076273179189901719 0.0028344837433096765 0.027226639050521795 -0.0037288667009650932 -0.014980097182154961 0.031990745674958951 0.031813474491697941 0.00055947355310905845 0.022761601528269254 -0.030064008960745018 -0.0077414735325806033 -0.006066381569106191 0.02639012910426175 -0.012555426631123374 -0.02340782351007456 0.030242978416019268 -0.0043860327543773442 0.016254729603820361 0.022844974730150052 -0.01104442909867062 -0.010812073994398276 0.02788173371174173 0.0064877416687349121 -0.0037109469768474672 -0.016340371531118517 0.0039166497264030821 0.0020419890205600299 0.019325321265506314 -0.0027951980626065164 0.0046390031788771831 -0.019812125229908866 0.01875001088306362 0.0079486029573109084 -0.018094934314540838 -0.0035111642417062611 -0.0093566463302664701 0.011903563298651909 -0.022222279255886917 -0.029765857485899952 0.0029804643292780505 0.027602781937133457 -0.00808588916368321 0.018016047728331579 -0.014878193541263149 0.0070475216108574334 0.0053193685710753768 -0.012407711864478739 0.012245616029990256 0.0041804535930194025 -0.01220975063014334 -0.013653290413294555 0.0097613288271352194 -0.0080496557505979286
leaf_weight=149.02554448693991 46.327669695019722 63.668058563023806 1011.6533924043179 57.069221610203385 1154.0590309128165 36.556070195510983 70.742561032995582 56.900517398491502 119.11195838823915 66.575634118169546 91.770878709852695 42.908647824078798 89.140611123293638 102.99294722639024 88.159043457359076 74.423583645373583 81.569431643933058 75.939267067238688 35.699742188677192 58.860490502789617 60.53668830357492 45.319849094375968 51.348856586962938 143.59118263050914 70.569134434685111 66.54596808925271 66.82558910176158 138.1660882383585 93.301199862733483 664.47188092209399 52.991156997159123 66.041975624859333 69.939946267753839 61.433435406535864 68.234728699550033 64.850482285022736 184.12212924286723 33.646091595292091 56.819716049358249 155.42639702931046 46.11498555727303 75.229135613888502 51.221832074224949 205.20388558320701 109.99549225904047 31.578420348465443 115.8986792974174 154.74747126922011 56.706872859969735 142.71256289444864 154.84438428655267 244.32382373139262 149.41684859804809 91.456956431269646 71.719979679211974 66.437420703470707 64.23638772778213 187.49739621020854 176.63568628020585 194.10406292416155 96.07983916439116 91.753283420577645 41.917160591110587 56.264529442414641 47.679177744314075 188.04794164001942 199.34657697752118 41.348197711631656 70.559405563399196 58.300004594027996 85.438382782042027 92.154652459546924 104.19643177464604 303.54349792562425 175.27296992950141 60.230236226692796 388.56836404278874 441.27347091399133
leaf_count=1862 478 516 12981 769 14577 708 599 871 1424 567 1015 605 901 1032 1292 679 880 883 673 1103 949 589 719 1583 864 861 890 1676 1177 8359 777 786 851 936 742 860 2018 898 637 1254 554 847 592 2505 1510 825 1153 1849 645 2002 2027 2963 1626 1130 801 754 844 2305 2271 2632 1415 1007 500 654 578 2793 1591 428 945 722 1026 1093 1140 3678 1920 1625 3314 5071
internal_value=0 0.000515776 -0.00385397 -0.0160151 0.00147989 0.00217517 0.00729861 0.0249149 0.00546839 -0.0120956 0.00696547 0.00667376 0.016557 0.00351846 0.000441207 0.00669074 0.00888166 0.00074515 0.00763861 0.0118115 0.018302 0 0.00310245 -0.00224905 -0.00594053 -0.00918943 -0.00958173 0.0212453 0.0146936 -0.0110233 0.00510298 0.00748922 0.00363229 -0.00419443 -0.0146495 0.00697148 0.00081397 -0.00425137 0.0103359 -0.0113596 0.00413517 -0.00287826 0.00547377 0.0080198 -0.0018885 0.00809924 0.0100267 0.013715 0.0143179 -0.00943437 -0.00474787 0.00185081 0.00502355 0.0108207 0.0195395 -0.0126762 -0.000500092 -0.00197905 -0.00330082 -0.00920896 0 0 -0.00319633 -0.0161752 -0.0129786 0.0226171 -0.0151244 0.00030841 -0.00173857 0.0211749 0.0180037 -0.00480845 0.000479875 -0.00010792 -0.00111741 0.000506775 0.00641648 -0.00300463
internal_weight=0 10570.4 1899.27 246.109 8671.1 7517.04 1890.33 170.552 1719.78 130.244 1589.54 99.8092 412.379 1177.16 5626.71 855.525 752.532 5538.55 542.606 440.081 285.141 4995.94 2090.4 2905.54 1323.08 937.631 102.525 320.608 231.467 861.692 678.109 596.539 472.197 264.459 138.175 126.284 1582.46 620.408 200.411 419.997 962.051 338.826 207.332 623.225 161.217 65.2245 565.967 207.739 347.349 199.782 321.636 385.452 378.348 240.874 187.619 795.146 130.674 1653.16 1465.66 454.005 154.94 275.875 277.369 131.494 166.791 248.585 354.773 235.452 314.883 124.342 290.642 137.475 1524.43 1473.08 1368.89 1193.62 448.799 744.817
internal_count=131176 129314 24366 3249 104948 90371 22070 2075 19995 1083 18912 1476 4769 14143 68301 10114 9082 67009 8531 6968 4450 58478 23859 34619 16473 11701 1563 3754 2853 10818 8403 7523 6015 3389 1593 1796 18146 6788 2220 4568 11358 4157 2656 7201 2102 1723 6392 2626 4176 2771 4029 4772 4438 2756 1954 9957 1598 21117 18812 5831 2518 3025 3560 1501 2002 3742 2845 3060 3908 1508 3531 1682 17467 16748 15608 13688 4939 8749
is_linear=0
shrinkage=0.0454652


end of trees

feature_importances:
Column_3=91
Column_2=72
Column_13=58
Column_15=55
Column_27=48
Column_11=47
Column_14=45
Column_16=44
Column_28=44
Column_6=43
Column_0=42
Column_12=42
Column_18=42
Column_21=42
Column_30=42
Column_17=33
Column_23=29
Column_7=28
Column_29=26
Column_5=24
Column_4=20
Column_8=13
Column_9=13
Column_20=13
Column_10=12
Column_33=11
Column_31=10
Column_22=9
Column_32=9
Column_1=5
Column_19=1
Column_24=1

parameters:
[boosting: gbdt]
[objective: binary]
[metric: auc]
[tree_learner: serial]
[device_type: cpu]
[data_sample_strategy: bagging]
[data: ]
[valid: ]
[num_iterations: 600]
[learning_rate: 0.0454652]
[num_leaves: 79]
[num_threads: 2]
[seed: 2024]
[deterministic: 0]
[force_col_wise: 0]
[force_row_wise: 0]
[histogram_pool_size: -1]
[max_depth: -1]
[min_data_in_leaf: 525]
[min_sum_hessian_in_leaf: 0.001]
[bagging_fraction: 0.774687]
[pos_bagging_fraction: 1]
[neg_bagging_fraction: 1]
[bagging_freq: 1]
[bagging_seed: 2024]
[feature_fraction: 0.515409]
[feature_fraction_bynode: 1]
[feature_fraction_seed: 2024]
[extra_trees: 0]
[extra_seed: 29642]
[early_stopping_round: 0]
[early_stopping_min_delta: 0]
[first_metric_only: 0]
[max_delta_step: 0]
[lambda_l1: 1.07292]
[lambda_l2: 4.08529]
[linear_lambda: 0]
[min_gain_to_split: 0]
[drop_rate: 0.1]
[max_drop: 50]
[skip_drop: 0.5]
[xgboost_dart_mode: 0]
[uniform_drop: 0]
[drop_seed: 2449]
[top_rate: 0.2]
[other_rate: 0.1]
[min_data_per_group: 100]
[max_cat_threshold: 32]
[cat_l2: 10]
[cat_smooth: 10]
[max_cat_to_onehot: 4]
[top_k: 20]
[monotone_constraints: ]
[monotone_constraints_method: basic]
[monotone_penalty: 0]
[feature_contri: ]
[forcedsplits_filename: ]
[refit_decay_rate: 0.9]
[cegb_tradeoff: 1]
[cegb_penalty_split: 0]
[cegb_penalty_feature_lazy: ]
[cegb_penalty_feature_coupled: ]
[path_smooth: 0]
[interaction_constraints: ]
[verbosity: -1]
[saved_feature_importance_type: 0]
[use_quantized_grad: 0]
[num_grad_quant_bins: 4]
[quant_train_renew_leaf: 0]
[stochastic_rounding: 1]
[linear_tree: 0]
[max_bin: 255]
[max_bin_by_feature: ]
[min_data_in_bin: 3]
[bin_construct_sample_cnt: 200000]
[data_random_seed: 6648]
[is_enable_sparse: 1]
[enable_bundle: 1]
[use_missing: 1]
[zero_as_missing: 0]
[feature_pre_filter: 1]
[pre_partition: 0]
[two_round: 0]
[header: 0]
[label_column: ]
[weight_column: ]
[group_column: ]
[ignore_column: ]
[categorical_feature: ]
[forcedbins_filename: ]
[precise_float_parser: 0]
[parser_config_file: ]
[objective_seed: 12337]
[num_class: 1]
[is_unbalance: 0]
[scale_pos_weight: 1]
[sigmoid: 1]
[boost_from_average: 1]
[reg_sqrt: 0]
[alpha: 0.9]
[fair_c: 1]
[poisson_max_delta_step: 0.7]
[tweedie_variance_power: 1.5]
[lambdarank_truncation_level: 30]
[lambdarank_norm: 1]
[label_gain: ]
[lambdarank_position_bias_regularization: 0]
[eval_at: ]
[multi_error_top_k: 1]
[auc_mu_weights: ]
[num_machines: 1]
[local_listen_port: 12400]
[time_out: 120]
[machine_list_filename: ]
[machines: ]
[gpu_platform_id: -1]
[gpu_device_id: -1]
[gpu_use_dp: 0]
[num_gpu: 1]

end of parameters

pandas_categorical:null
