tree
version=v4
num_class=1
num_tree_per_iteration=1
label_index=0
max_feature_idx=33
objective=binary sigmoid:1
feature_names=Column_0 Column_1 Column_2 Column_3 Column_4 Column_5 Column_6 Column_7 Column_8 Column_9 Column_10 Column_11 Column_12 Column_13 Column_14 Column_15 Column_16 Column_17 Column_18 Column_19 Column_20 Column_21 Column_22 Column_23 Column_24 Column_25 Column_26 Column_27 Column_28 Column_29 Column_30 Column_31 Column_32 Column_33
feature_infos=[0.22403052449226379:4.806818962097168] [0.027025075629353523:24.251049041748047] [0.17134076356887817:8.6935958862304688] [0.087584272027015686:1] [-28.67047119140625:41.262332916259766] [-36.190670013427734:42.326030731201172] [-36.841156005859375:62.500308990478516] [-41.300331115722656:63.120437622070312] [-22.455821990966797:30.680826187133789] [0:0.95389312505722046] [0:0.64536702632904053] [0:0.40022626519203186] [-0.51016271114349365:0.51874518394470215] [-0.15357083082199097:0.22172828018665314] [-45.028751373291016:17.161741256713867] [-6.6708002090454102:64.2962646484375] [0:1] [0:95] [0:95] [-1:1] [-29.775985717773438:44.984848022460938] [-30.525325775146484:55.0223388671875] [-2.8409864902496338:15.253066062927246] [0.049656935036182404:5.4310722351074219] [-1:1] [0:1] [0:0.99820786714553833] [-1:1] [-1:1] [-0.78183150291442871:0.97492790222167969] [-0.90096884965896606:1] [0:1] [0:1] [0.8888888955116272:4.5999999046325684]
tree_sizes=1731 1814 1785 1803 1803 1807 1805 1798 1810 1803 1794 1813 1796 1801 1807 1808 1811 1807 1780 1819 1807 1797 1816 1783 1785 1810 1788 1809 1819 1781 1797 1807 1788 1804 1806 1798 1796 1810 1798 1813 1822 1809 1778 1813 1812 1791 1807 1771 1808 1801 1782 1802 1805

Tree=0
num_leaves=15
num_cat=0
split_feature=27 11 29 22 15 3 13 13 29 13 15 20 20 15
split_gain=109.959 64.8265 65.6554 80.5597 40.4315 38.1169 34.14 44.7949 32.9757 31.8241 34.951 27.622 26.0425 24.4998
threshold=-0.47136868536472315 0.017215382307767872 -1.0000000180025095e-35 -0.20507572591304776 3.9930268526077275 0.48378214240074163 -0.068689703941345201 -0.041991515085101121 -0.60785761475563038 -0.024342893622815606 18.761209487915043 -1.2267246842384336 -3.2460132837295528 9.4072546958923358
decision_type=2 2 2 2 2 2 2 2 2 2 2 2 2 2
left_child=1 -1 5 -4 6 -3 12 -8 -6 13 11 -11 -2 -10
right_child=4 2 3 -5 8 -7 7 -9 9 10 -12 -13 -14 -15
leaf_value=-1.066049791814851 -1.0664121658591998 -1.0615693767258685 -1.0725859755521781 -1.0688067889605724 -1.0626590116795258 -1.0681618366851724 -1.0705119511607846 -1.0651169296202982 -1.0701266876953013 -1.0683129830484535 -1.0687964282954396 -1.0663550760898983 -1.0576274227459841 -1.0666064931757611
leaf_weight=473.42568410933018 77.959998119622469 99.984482459723949 1212.312230816111 1158.8230030722916 129.35180401057005 473.94356961362064 187.82577989250422 703.88462506048381 816.235157744959 952.20625209063292 1249.4981840979308 2800.8153684847057 88.889670724049211 246.84726950526237
leaf_count=6613 1122 1083 15185 15799 1598 6526 2774 9532 11363 12042 14959 37467 1656 2964
internal_value=-1.06796 -1.06945 -1.07002 -1.07076 -1.06726 -1.06701 -1.06543 -1.06631 -1.06758 -1.0677 -1.06735 -1.06686 -1.06125 -1.06927
internal_weight=0 3418.49 2945.06 2371.14 7253.51 573.928 1058.56 891.71 6194.95 6065.6 5002.52 3753.02 166.85 1063.08
internal_count=140683 45206 38593 30984 95477 7609 15084 12306 80393 78795 64468 49509 2778 14327
is_linear=0
shrinkage=1


Tree=1
num_leaves=15
num_cat=0
split_feature=32 21 23 20 28 13 13 33 7 13 2 30 28 16
split_gain=50.8461 57.7271 50.7205 42.0922 40.8149 39.7228 36.6582 30.8128 30.7423 29.3464 27.9029 26.9928 24.9588 22.5336
threshold=1.0000000180025095e-35 -8.0526790618896467 0.83932718634605419 -3.9601700305938716 0.60003554821014415 -0.024342893622815606 -0.00042833694897126401 1.0013927817344668 3.0374721288681035 -0.018849095329642292 0.6482776701450349 1.0000000180025095e-35 -0.16288578510284421 0.38574263453483587
decision_type=2 2 2 2 2 2 2 8 2 2 2 2 2 2
left_child=1 3 10 -1 -5 13 7 12 9 -4 -2 -10 -7 -3
right_child=2 5 8 4 -6 6 -8 -9 11 -11 -12 -13 -14 -15
leaf_value=0.00073207478628753095 0.0015582072476030726 -0.0024401577900082976 -0.00086210706839026023 0.011147562303383441 0.0021087689686127105 0.0010991662248355076 9.2838042160140445e-05 -0.0013675688582514473 -0.00017488915444588144 0.0020559790326834331 -0.0036219708309047018 -0.0031648853274550974 0.0043476096190670967 0.00035899328193943019
leaf_weight=257.01896088011563 105.11249163001776 796.0101363658905 610.48722182027996 111.83847479149699 120.32776665687561 529.673838801682 4016.3815008271486 202.13201761804521 810.58162732236087 775.35928900353611 855.77919104881585 524.73132760450244 527.96272172406316 424.18789555691183
leaf_count=3230 1070 11880 8468 1645 1910 5267 51032 6737 10822 11053 10809 6350 5079 5142
internal_value=0 0.000451477 -0.00101448 0.00377682 0.00684802 0.000190709 0.000576549 0.00207691 -0.000290068 0.000743772 -0.00300568 -0.00139132 0.00277831 -0.0014379
internal_weight=0 6985.53 3682.05 489.185 232.166 6496.35 5276.15 1259.77 2721.16 1385.85 960.892 1335.31 1057.64 1220.2
internal_count=140494 91922 48572 6785 3555 85137 68115 17083 36693 19521 11879 17172 10346 17022
is_linear=0
shrinkage=0.0101079


Tree=2
num_leaves=15
num_cat=0
split_feature=29 15 28 13 3 23 14 15 8 15 29 23 28 29
split_gain=46.0237 54.1179 49.0356 30.6684 35.6198 41.8224 29.1901 34.314 28.7796 28.77 26.4744 51.4748 27.7003 25.5464
threshold=-1.0000000180025095e-35 17.16136455535889 -0.66746801137924183 -0.019994869828224179 0.33540341258049017 0.58216986060142528 -7.6066629886627188 4.4822831153869638 0.79292139410972606 6.5285079479217538 1.0000000180025095e-35 0.85785892605781566 -0.31107263267040247 -0.60785761475563038
decision_type=2 2 2 2 2 2 2 2 2 2 2 2 2 2
left_child=13 2 6 4 -4 -6 7 -2 -3 10 11 -5 -12 -1
right_child=1 8 3 9 5 -7 -8 -9 -10 -11 12 -13 -14 -15
leaf_value=0.0051891142390000852 0.0025168961481006982 -0.0027209771417593832 0.0013736391757746963 0.0094566238795587409 -0.0057547149590571802 -0.0013023187863619122 0.0029009317920979643 -0.0011189417572472647 0 -0.00043002743015911583 0.0043824924159647704 -0.00011176296396839934 -0.00053861761893831967 0.00098033332331409068
leaf_weight=159.67596584185958 435.61671986430883 1254.2595491614193 317.79375459812582 107.40236338414252 280.97682193666697 1052.3182954005897 819.22241345234215 640.21957060880959 581.0407526884228 2363.4165705814958 144.21649604290724 98.166377481073141 464.20176448300481 1952.3700703401119
leaf_count=2006 6149 14942 5108 1481 3881 14316 10680 8800 6796 30925 1996 1259 6530 25914
internal_value=0 -0.000328328 8.64418e-05 -0.000448086 -0.001564 -0.00229823 0.001466 0.000323226 -0.00186386 0.000121425 0.00176098 0.004857 0.000601964 0.00133517
internal_weight=0 8558.85 6723.55 4828.49 1651.09 1333.3 1895.06 1075.84 1835.3 3177.4 813.987 205.569 608.418 2112.05
internal_count=140783 112863 91125 65496 23305 18197 25629 14949 21738 42191 11266 2740 8526 27920
is_linear=0
shrinkage=0.0101079


Tree=3
num_leaves=15
num_cat=0
split_feature=27 28 21 13 13 7 13 29 33 2 20 27 28 29
split_gain=107.226 54.5952 48.3534 38.8153 36.8369 35.6909 53.9803 43.9135 31.9573 31.7983 29.5368 36.1873 28.9602 28.73
threshold=-0.47136868536472315 0.37256073951721197 -8.0526790618896467 -0.024342893622815606 -0.00042833694897126401 3.0374721288681035 -0.020543883554637429 -1.0000000180025095e-35 1.6250000000000002 1.1565466523170473 -3.9601700305938716 0.18436925113201144 -0.16288578510284421 0.87837970256805431
decision_type=2 2 2 2 2 2 2 2 8 2 2 2 2 2
left_child=1 5 10 9 8 6 13 -7 12 -4 -2 -12 -5 -1
right_child=2 -3 3 4 -6 7 -8 -9 -10 -11 11 -13 -14 -15
leaf_value=-0.0028464582610817435 0.0012142299368166143 -0.00374041181892166 -0.0021625128243402706 0.0013378083299465408 0.00033096610403930059 0.001590322922030458 0.0022546140084322539 -0.0029298092802169684 -0.0011713594950417373 0.0013846343652736016 0.00060648679324453727 0.0094161666591327658 0.0047419945188972813 0.0027591626808015938
leaf_weight=497.07473460026085 276.20212209410965 834.65973380208015 901.38091620802879 602.73251245170832 4195.6928804479539 262.57049871981144 727.35039205290377 1003.8326492998749 210.14584675803781 340.08616035617888 86.936433665454388 141.24937517382205 514.89273078367114 101.17164267040789
leaf_count=6604 3512 11218 13347 6029 53283 3419 10335 12439 7038 3937 1198 2252 4943 1349
internal_value=0 -0.00149173 0.000675011 0.00044099 0.000808325 -0.000743186 0.000390543 -0.00195692 0.00227592 -0.00115587 0.00368128 0.00635977 0.00296364 -0.00180881
internal_weight=0 3426.66 7269.32 6764.93 5523.46 2592 1325.6 1266.4 1327.77 1241.47 504.388 228.186 1117.63 598.246
internal_count=140903 45364 95539 88577 71293 34146 18288 15858 18010 17284 6962 3450 10972 7953
is_linear=0
shrinkage=0.0101079


Tree=4
num_leaves=15
num_cat=0
split_feature=27 11 29 23 21 13 20 3 15 15 30 27 29 27
split_gain=104.705 66.9787 69.1545 88.192 49.5105 45.299 43.063 40.9057 37.3114 34.5259 38.3875 33.7816 30.1914 28.6053
threshold=-0.49049438536167139 0.016796728596091274 -1.0000000180025095e-35 0.84547141194343578 -8.0526790618896467 -0.024342893622815606 -3.9601700305938716 0.48378214240074163 19.281356811523441 9.2653660774230975 -0.56174489110708226 0.18436925113201144 0.87837970256805431 -0.90159028768539418
decision_type=2 2 2 2 2 2 2 2 2 2 2 2 2 2
left_child=1 -1 7 -4 6 9 -2 -3 -7 -6 -11 -8 13 -5
right_child=4 2 3 12 5 8 11 -9 -10 10 -12 -13 -14 -15
leaf_value=0.0020684295280202518 0.00081080117968686239 0.0067775190323672452 -0.0056662099288642522 -0.0039925220619000477 -0.0021743827861536937 0.0012760262932542991 0.0012022116746413438 -0.00013438704318870026 -0.00070874268373493038 -0.0016089582919264253 0.0056881002964857697 0.0098584511806766861 0.00079808645935172413 -0.00068671045834320463
leaf_weight=453.00175059959292 275.69325210899115 96.953194892033935 754.70677999407053 530.77479617856443 980.08527477271855 4375.2330754678696 86.519519964233041 471.25908335112035 1208.1334783080965 140.78562326170504 129.7051236461848 142.84834655188024 427.91258336976171 610.01020691730082
leaf_count=6359 3528 1048 9364 7333 14188 57557 1213 6492 14388 1576 1627 2263 5807 8017
internal_value=0 -0.00147616 -0.00204941 -0.00282544 0.000679579 0.00044503 0.00372038 0.00104885 0.000838936 -0.00127585 0.00180457 0.00690799 -0.00141223 -0.00227639
internal_weight=0 3344.62 2891.62 2323.4 7339 6833.94 505.061 568.212 5583.37 1250.58 270.491 229.368 1568.7 1140.79
internal_count=140760 44420 38061 30521 96340 89336 7004 7540 71945 17391 3203 3476 21157 15350
is_linear=0
shrinkage=0.0101079


Tree=5
num_leaves=15
num_cat=0
split_feature=27 29 23 11 2 15 13 13 13 13 29 27 17 15
split_gain=100.247 68.719 76.7116 64.8808 38.3539 35.081 32.6292 31.1408 27.727 33.7271 25.4127 24.5993 20.1609 19.2028
threshold=-0.43245348334312433 -1.0000000180025095e-35 0.83932718634605419 0.015476020518690349 0.7511517107486726 3.7049390077590947 -0.068689703941345201 -0.041991515085101121 -0.024342893622815606 -0.002181555842980742 0.87837970256805431 -0.9738190472126006 56.500000000000007 9.4072546958923358
decision_type=2 2 2 2 2 2 2 2 2 2 2 2 2 2
left_child=1 4 3 -3 -1 6 -2 -8 13 -10 11 -4 -9 -7
right_child=5 2 10 -5 -6 8 7 12 9 -11 -12 -13 -14 -15
leaf_value=0.0070864478882312586 0.0068092091334990522 0.0024042939876831666 -0.0040596182812175632 -0.0054985854751723739 0.00034956427066894094 -0.0017566157077567612 -0.0021222390906628246 -0.00035726733727498364 0.002421804260887392 0.00031579294543335163 0.00091643899265252625 -0.00082913865471773303 0.0036790818211800301 0.0013095960838347472
leaf_weight=96.593472542241216 150.24784654192626 109.9739421531558 327.2525906264782 807.34079606458545 605.65258289501071 858.47433113493025 163.86951322667301 146.68135152757168 971.80395582690835 4105.6417690292001 529.91554894298315 1066.2628105729818 467.56726836971939 253.52420518361032
leaf_count=959 2497 1487 4639 10023 8381 12060 2423 2128 13023 52320 7231 14266 6122 3051
internal_value=0 -0.00138617 -0.00209092 -0.00449533 0.0013995 0.000692768 0.00252537 0.00158855 0.000408586 0.00072987 -0.000910008 -0.00163467 0.00265753 -0.00101722
internal_weight=0 3542.99 2840.75 917.315 702.246 7117.81 928.366 778.118 6189.44 5077.45 1923.43 1393.52 614.249 1112
internal_count=140610 46986 37646 11510 9340 93624 13170 10673 80454 65343 26136 18905 8250 15111
is_linear=0
shrinkage=0.0101079


Tree=6
num_leaves=15
num_cat=0
split_feature=27 11 29 23 21 20 27 13 29 13 28 2 30 29
split_gain=102.15 53.1553 61.8354 79.6552 39.0034 37.9652 38.1207 35.9765 35.7897 35.6674 30.525 30.2976 28.9807 27.7
threshold=-0.47136868536472315 0.017215382307767872 -1.0000000180025095e-35 0.84547141194343578 -8.0526790618896467 -4.0500941276550284 0.33172981441020971 -0.02598323859274387 0.87837970256805431 0.041709125041961677 -0.43245348334312433 1.1565466523170473 0.81174489855766307 1.0000000180025095e-35
decision_type=2 2 2 2 2 2 2 2 2 2 2 2 2 2
left_child=1 -1 -3 -4 5 -2 -7 11 10 -9 -5 -6 -11 -13
right_child=4 2 3 8 7 6 -8 9 -10 12 -12 13 -14 -15
leaf_value=0.0015914910894359007 0.00057126628712952509 0.00091190543629448651 -0.005380516248834193 -0.00056334386003051642 -0.0021822426921282883 0.001259031488884433 0.0098985486886479825 0.0013310851604793647 0.0010614416285176802 0.00031056168373268424 -0.0039361194742842413 0.004339345178906464 -0.0026837485014371918 -0.0013954580938446072
leaf_weight=478.66394151933491 273.95827207714319 580.60239235125482 770.92865919135511 580.92792167700827 840.80105208978057 108.67384191602468 127.73222923837602 3816.742195867002 425.07548661157489 1360.6714594438672 578.9813138358295 159.36164664104581 421.73317560181022 157.29657515883446
leaf_count=6662 3460 7632 9614 7556 12578 1531 2014 50205 5817 17207 8018 1896 4737 1772
internal_value=0 -0.00146647 -0.00198152 -0.00271237 0.000650814 0.00333633 0.00625658 0.000438439 -0.0013696 0.000778201 -0.00229631 -0.00116471 -0.000383717 0.00139996
internal_weight=0 3415.18 2936.52 2355.91 7266.97 510.364 236.406 6756.61 1584.98 5599.15 1159.91 1157.46 1782.4 316.658
internal_count=140699 45299 38637 31005 95400 7005 3545 88395 21391 72149 15574 16246 21944 3668
is_linear=0
shrinkage=0.0101079


Tree=7
num_leaves=15
num_cat=0
split_feature=27 11 29 23 21 13 15 2 15 27 8 23 0 15
split_gain=90.8126 54.3174 62.4582 87.1053 40.9899 42.58 39.5399 32.4971 32.3855 39.4271 27.7305 23.7457 23.3532 23.2478
threshold=-0.49049438536167139 0.021947383880615238 -1.0000000180025095e-35 0.83932718634605419 -8.0526790618896467 -0.024915669113397595 17.16136455535889 1.3070620298385622 9.2653660774230975 0.65106672048568737 -1.5083956718444822 0.51776510477066051 0.71686473488807689 3.2742638587951665
decision_type=2 2 2 2 2 2 2 2 2 2 2 2 2 2
left_child=1 -1 -3 -4 7 8 -7 -2 12 -10 -8 -12 -6 -14
right_child=4 2 3 -5 5 6 10 -9 9 -11 11 -13 13 -15
leaf_value=0.0013384966667091514 0.0065149794191277453 0.0010508509704399839 -0.0056764237300716133 -0.0012969022105686634 -0.0043266017968823442 0.0013672694309917056 -0.0031739394448950359 0.0010994353035968757 0.0056091910597971875 -0.0018862092053229082 -0.003744559327370106 0.00064079814006087895 0.0029205437390451244 -0.001860519380910941
leaf_weight=608.81863335333765 204.5187795702368 542.77223139628768 693.85643911361694 1495.8701729215682 324.32399868965149 4015.583590824157 310.39841917529702 299.60904550924897 132.16224602609873 130.63485719822347 133.15648418664932 1150.3934667762369 117.45924775488675 515.56360214203596
leaf_count=8506 3097 7152 8627 20183 5160 52723 3613 3872 1541 1587 1871 13961 1816 6928
internal_value=0 -0.00134007 -0.00195372 -0.00271796 0.000668158 0.000454022 0.000830629 0.00343999 -0.00123882 0.00178544 -0.000496099 0.000135047 -0.00211852 -0.00088594
internal_weight=0 3341.32 2732.5 2189.73 7333.8 6829.68 5609.53 504.128 1220.14 262.797 1593.95 1283.55 957.347 633.023
internal_count=140637 44468 35962 28810 96169 89200 72168 6969 17032 3128 19445 15832 13904 8744
is_linear=0
shrinkage=0.0101079


Tree=8
num_leaves=15
num_cat=0
split_feature=32 11 29 23 0 15 29 20 14 13 28 29 14 14
split_gain=47.0818 68.3306 64.1267 90.2519 39.2994 27.4695 33.1737 37.3667 28.6268 43.4371 26.8956 24.504 24.0714 30.855
threshold=1.0000000180025095e-35 0.018064788542687896 -1.0000000180025095e-35 0.83932718634605419 0.5968025028705598 3.9930268526077275 0.87837970256805431 -4.1475882530212393 -7.3372721672058097 0.00083791668293997656 -0.71473535895347584 0.87837970256805431 -19.242174148559567 -10.830895900726317
decision_type=2 2 2 2 2 2 2 2 2 2 2 2 2 2
left_child=4 -2 -3 -4 -1 6 7 -6 -7 -10 -5 -12 -9 -14
right_child=1 2 3 10 5 8 -8 12 9 -11 11 -13 13 -15
leaf_value=-0.0015275968460646419 0.0023103103630522171 0.0013262588578354976 -0.0053968008008929693 0.00066016754694751486 0.00053885272243731422 -0.00046515068380222698 -0.0012467259895694426 0.0098067898118474276 0.0037046784800412076 0.00053473535269831993 -0.0027829608512048285 0.00030426870075715538 0.0011558618216597092 0.0080609319345371529
leaf_weight=841.54059434123337 553.06489921733737 630.44552386365831 671.22819267399609 603.10486946441233 309.65552527084947 1957.0123681016266 183.07248218543828 99.35986128076911 531.20796855911613 2760.1630230452865 883.97149551101029 338.56259590387344 218.69669069908559 102.46737569756806
leaf_count=14015 7572 8216 8201 7934 3806 25361 2552 1629 6930 33406 11996 4663 3117 1377
internal_value=0 -0.00091467 -0.00150216 -0.00223436 0.000496062 0.000780561 0.00240266 0.00337597 0.00048752 0.00106601 -0.00103191 -0.00189849 0.00532366 0.00361808
internal_weight=0 3680.38 3127.31 2496.87 7003.18 6161.64 913.252 730.179 5248.38 3291.37 1825.64 1222.53 420.524 321.164
internal_count=140775 48582 41010 32794 92193 78178 12481 9929 65697 40336 24593 16659 6123 4494
is_linear=0
shrinkage=0.0101079


Tree=9
num_leaves=15
num_cat=0
split_feature=27 11 0 21 13 15 20 15 30 27 30 27 3 15
split_gain=95.4408 60.3445 47.1674 36.3201 39.5426 39.18 35.9523 32.1007 36.8068 27.4319 27.1995 26.1097 21.7267 20.7425
threshold=-0.47136868536472315 0.017215382307767872 1.2980730533599856 -8.0526790618896467 -0.024915669113397595 19.107033729553226 -4.0500941276550284 9.4793758392334002 -0.56174489110708226 0.18436925113201144 1.0000000180025095e-35 -0.90159028768539418 0.84542027115821849 3.2742638587951665
decision_type=2 2 2 2 2 2 2 2 2 2 2 2 2 2
left_child=1 12 10 6 7 -6 -2 13 -9 -8 11 -3 -1 -5
right_child=3 2 -4 4 5 -7 9 8 -10 -11 -12 -13 -14 -15
leaf_value=0.0036856165134204573 0.00060529270853287474 -0.00028021955232634087 -0.00017770467651424178 0.0011128817018859548 0.0013060903043658955 -0.00072061754735406984 0.0010593059372698394 -0.0014576800147148331 0.0061013654129719059 0.0088420056244381713 -0.0042919249592705015 -0.0036017635768090784 -0.00050960975916198214 -0.002648784156704464
leaf_weight=282.46480068564415 273.52508523128927 608.92869489453733 1072.7842238247395 161.84248522855341 4323.2300599832088 1224.2031216844916 88.524344811215997 125.5099949426949 113.50978948920965 143.84096298366785 817.13390082493424 430.50692901574075 193.63453045114875 814.23493280261755
leaf_count=3602 3449 7619 15319 2628 56791 14575 1230 1414 1407 2263 10314 5471 3028 11528
internal_value=0 -0.00135876 -0.00190814 0.000689645 0.000485221 0.000851172 0.0032956 -0.00114726 0.00204561 0.00617375 -0.00288149 -0.00171082 0.00191453 -0.0019801
internal_weight=0 3405.45 2929.35 7268.42 6762.53 5547.43 505.89 1215.1 239.02 232.365 1856.57 1039.44 476.099 976.077
internal_count=140638 45353 38723 95285 88343 71366 6942 16977 2821 3493 23404 13090 6630 14156
is_linear=0
shrinkage=0.0101079


Tree=10
num_leaves=15
num_cat=0
split_feature=27 29 23 3 15 29 29 28 0 15 14 17 29 13
split_gain=78.4972 54.7896 67.8342 40.3245 34.6995 26.6596 26.531 29.3235 26.0625 26.061 29.8782 26.5794 31.5466 26.3638
threshold=-0.47136868536472315 -1.0000000180025095e-35 0.84862747788429271 0.48378214240074163 19.281356811523441 -0.60785761475563038 0.87837970256805431 -0.43245348334312433 0.5968025028705598 3.3437790870666508 -7.4061741828918448 48.500000000000007 1.0000000180025095e-35 -0.00042833694897126401
decision_type=2 2 2 2 2 2 2 2 2 2 2 2 2 2
left_child=1 3 -3 -1 5 -2 7 -4 -7 -10 11 12 -11 -12
right_child=4 2 6 -5 -6 8 -8 -9 9 10 13 -13 -14 -15
leaf_value=0.0068411801099465238 0.0054829331898559085 -0.0041815755331353734 0 0.00013189183178366425 -0.00093209383120644986 -0.0010087710463095841 0.0011768071155165646 -0.0029984628265816498 0.002846585716960484 0.00077324449400143272 0.0035794854399987309 0.0009279462876079943 -0.0028294710051130199 0.00095184491314033697
leaf_weight=104.45013751089573 124.76901387237012 882.67488809488714 668.46102301776409 576.32764353975654 1189.827208077535 671.04829083569348 504.61311213858426 660.22343481332064 736.18503562919796 401.7740031350404 517.02930471301079 1170.1441246811301 578.53435721434653 1883.2408388759941
leaf_count=1118 1619 11215 8821 7929 14216 11152 6875 9290 10177 5502 6810 14704 7661 23587
internal_value=0 -0.00123382 -0.00188176 0.00128455 0.000625298 0.000937372 -0.00073973 -0.00150047 0.000828499 0.00107046 0.000769966 -7.78747e-05 -0.00131736 0.00154422
internal_weight=0 3396.75 2715.97 680.778 7272.55 6082.72 1833.3 1328.68 5957.96 5286.91 4550.72 2150.45 980.308 2400.27
internal_count=140676 45248 36201 9047 95428 81212 24986 18111 79593 68441 58264 27867 13163 30397
is_linear=0
shrinkage=0.0101079


Tree=11
num_leaves=15
num_cat=0
split_feature=21 13 7 16 32 13 32 7 30 11 4 21 30 23
split_gain=50.0443 40.375 39.9389 38.6466 40.1865 37.3026 32.8489 44.4983 31.6457 42.6982 29.6737 29.068 25.6138 24.3458
threshold=6.8583624362945566 -0.024915669113397595 2.4088813066482548 0.15955476462841037 1.0000000180025095e-35 -0.068689703941345201 1.0000000180025095e-35 6.7036724090576181 -0.56174489110708226 0.15765893459320071 0.99630874395370495 2.7336544990539555 1.0000000180025095e-35 0.5595705807209016
decision_type=2 2 2 2 2 2 2 2 2 2 2 2 2 2
left_child=1 3 11 4 5 -1 7 -4 -2 10 -10 -3 -8 -5
right_child=8 2 6 13 -6 -7 12 -9 9 -11 -12 -13 -14 -15
leaf_value=0.0063382006333477722 0.00026158857639331344 0.0012944382848867765 -0.0010005811907709593 -0.0042604830040220906 -0.0018090467913420782 0.00039310691221272972 -7.3414588435861857e-05 0.0019021185004048913 -0.0047996495064236431 0.00083046180986856577 -0.0013011304227002547 0.0045164792245948621 -0.0034892273452779565 -0.00096470674438478099
leaf_weight=191.2673468105495 796.42271367274225 2584.9627735223621 878.89382270909846 287.79442188329995 269.09663179516792 272.89325540885329 580.24120681732893 1328.900130553171 567.09678978100419 336.29787783324718 518.92903496325016 333.19737215526402 386.39910426735878 1344.4071605820209
leaf_count=3172 10870 35415 11564 3840 4041 4068 7436 17082 6575 3585 5944 4211 5104 17756
internal_value=0 0.000396758 0.000834721 -0.00071327 0.00117471 0.00299165 3.63544e-05 0.000728845 -0.00130579 -0.00220846 -0.00318575 0.001687 -0.00149704 -0.00158765
internal_weight=0 8458.05 6092.59 2365.46 733.257 464.161 3174.43 2207.79 2218.75 1422.32 1086.03 2918.16 966.64 1632.2
internal_count=140663 113689 80812 32877 11281 7240 41186 28646 26974 16104 12519 39626 12540 21596
is_linear=0
shrinkage=0.0101079


Tree=12
num_leaves=15
num_cat=0
split_feature=27 29 23 15 3 21 13 20 2 27 29 2 12 15
split_gain=86.0612 43.1922 68.1215 37.0991 35.5941 27.7958 49.799 31.4078 28.7998 27.7762 27.4377 25.6 25.3938 37.2336
threshold=-0.47136868536472315 -1.0000000180025095e-35 0.82753971219062816 18.761209487915043 0.48378214240074163 -8.0526790618896467 -0.02598323859274387 -4.0500941276550284 1.1565466523170473 0.18436925113201144 0.87837970256805431 1.8473345637321474 0.10333798080682756 9.7735438346862811
decision_type=2 2 2 2 2 2 2 2 2 2 2 2 2 2
left_child=1 4 -3 5 -1 7 8 -2 -7 -9 11 -4 13 -6
right_child=3 2 10 -5 12 6 -8 9 -10 -11 -12 -13 -14 -15
leaf_value=0.0061448198661076224 0.00064583476129351463 -0.0043213242858938768 -0.00061864440148643666 -0.0009396722203588771 0.000801150959056874 -0.0021123422569421938 0.001221382722019475 0.00071603022951197647 0.0013908084801916407 0.0085161087432814187 0.0011063207755408414 -0.0037064985544119997 0.003891599251066755 -0.0050410029402274533
leaf_weight=102.84572623483837 266.511100852862 834.13714476116002 960.11142008192837 1279.5967538971454 299.59534587524831 840.34919744171202 4332.2136811632663 86.408238396048546 313.78322090581059 146.40290670655668 517.25413179025054 405.49450595490634 119.02567464672029 160.97952419705689
leaf_count=1095 3391 10633 12792 15334 4252 12575 56777 1201 3651 2295 7025 5830 1636 2063
internal_value=0 -0.00134379 -0.00191854 0.000602787 0.000881685 0.000940063 0.000720136 0.00322941 -0.00112217 0.00590416 -0.000819496 -0.00158053 -5.09813e-05 -0.00120318
internal_weight=0 3399.44 2717 7265.27 682.446 5985.67 5486.35 499.322 1154.13 232.811 1882.86 1365.61 579.601 460.575
internal_count=140550 45326 36280 95224 9046 79890 73003 6887 16226 3496 25647 18622 7951 6315
is_linear=0
shrinkage=0.0101079


Tree=13
num_leaves=15
num_cat=0
split_feature=27 29 23 21 2 20 28 13 13 33 7 2 29 0
split_gain=85.5313 52.4385 62.6132 43.955 37.6142 34.9931 31.6827 28.229 33.3574 30.2482 26.9138 22.5548 27.112 20.1827
threshold=-0.43245348334312433 -1.0000000180025095e-35 0.83932718634605419 -8.0526790618896467 0.7511517107486726 -4.0500941276550284 0.60003554821014415 -0.02598323859274387 -0.00042833694897126401 1.6250000000000002 2.4088813066482548 1.1565466523170473 1.0000000180025095e-35 0.87985420227050792
decision_type=2 2 2 2 2 2 2 2 2 8 2 2 2 2
left_child=1 4 -3 5 -1 -2 -7 11 9 13 -4 -5 -13 -9
right_child=3 2 10 7 -6 6 -8 8 -10 -11 -12 12 -14 -15
leaf_value=0.0067028542315873893 0.00077542655070586466 -0.0041104319186151391 0.00031362065544780787 -0.0019233957777586607 8.4672640361742912e-05 0.0097008056406905803 0.0016075402129823041 0.0040535368488523208 0.00022849044806252028 -0.0012434328144633178 -0.002044201637870194 0.0041540751212387995 -0.0016487920615951229 0.0012546972628344479
leaf_weight=97.642715685069561 264.93834869749844 906.18120752833784 955.21472823619843 824.31012671627104 610.00757309421897 125.92389730922878 106.17167869210243 585.7849134914577 4110.1006898023188 218.8223397359252 961.93190025910735 154.86248423904181 148.34189689531922 590.38220798224211
leaf_count=960 3341 11607 13656 12392 8398 1758 1689 5665 52133 7271 12398 1844 1668 5730
internal_value=0 -0.00129917 -0.00192026 0.000622667 0.00111626 0.00350906 0.00633655 0.000396483 0.000699391 0.00204915 -0.000851795 -0.00104155 0.00121398 0.00270001
internal_weight=0 3530.98 2823.33 7129.64 707.65 497.034 232.096 6632.6 5505.09 1394.99 1917.15 1127.51 303.204 1176.17
internal_count=140510 47019 37661 93491 9358 6788 3447 86703 70799 18666 26054 15904 3512 11395
is_linear=0
shrinkage=0.0101079


Tree=14
num_leaves=15
num_cat=0
split_feature=27 11 29 23 29 15 23 29 27 14 7 8 2 17
split_gain=88.4105 53.3131 60.6507 77.5779 37.7859 38.4659 30.6655 25.3457 32.1476 21.2115 39.0707 27.3061 26.7625 26.4043
threshold=-0.47136868536472315 0.015476020518690349 -1.0000000180025095e-35 0.83932718634605419 -0.60785761475563038 3.3437790870666508 0.45817911624908453 0.87837970256805431 -0.9686339497566222 -7.4061741828918448 1.4088759422302248 -1.1601530909538267 1.2526756525039675 48.500000000000007
decision_type=2 2 2 2 2 2 2 2 2 2 2 2 2 2
left_child=1 -1 -3 -4 -2 -6 -7 8 -5 13 12 -12 -11 -8
right_child=4 2 3 7 5 6 9 -9 -10 10 11 -13 -14 -15
leaf_value=0.0019517234508647366 0.0055183002472374773 0.001050663206309161 -0.0052204070242549781 -0.0048015769142788932 0.0026252740831135897 -0.0021865072896264672 -0.0014632545685472377 0.00074004615857540331 -0.00094965967713878205 0.0021572670328258918 -0.0012849543657638203 0.00099447294381121813 0.0079812658764147372 0.00069594378893762115
leaf_weight=427.7485878393054 154.18501567468047 585.95829447731376 748.06894833035767 311.6876662671566 800.79073499888182 466.9243996348232 1043.1435715276748 444.53742490150034 872.76229117996991 572.78027340397239 689.70631703734398 2206.826159466058 99.182747336104512 1257.2992561608553
leaf_count=5947 1926 7721 9490 4416 11386 6512 14358 6052 11582 7624 8269 27654 1216 16608
internal_value=0 -0.00131411 -0.00180301 -0.00252455 0.000659348 0.00054292 0.000270504 -0.00124323 -0.00202152 0.000475458 0.000965093 0.000435813 0.00315647 -0.000267207
internal_weight=0 3390.76 2963.01 2377.06 7290.84 7136.65 6335.86 1628.99 1184.45 5868.94 3568.5 2896.53 671.963 2300.44
internal_count=140761 45208 39261 31540 95553 93627 82241 22050 15998 75729 44763 35923 8840 30966
is_linear=0
shrinkage=0.0101079


Tree=15
num_leaves=15
num_cat=0
split_feature=27 28 11 23 30 21 2 11 30 15 0 30 2 2
split_gain=88.5354 56.2755 54.1528 33.458 39.5913 33.2299 31.5314 23.0112 25.4277 23.5239 21.9134 18.3889 29.3788 27.4383
threshold=-0.47136868536472315 0.47136868536472326 0.017215382307767872 1.5921131372451784 1.0000000180025095e-35 -8.0526790618896467 1.3070620298385622 0.11190150678157808 1.0000000180025095e-35 26.153753280639652 0.4410229772329331 1.0000000180025095e-35 0.51570862531661998 1.0313646197319033
decision_type=2 2 2 2 2 2 2 2 2 2 2 2 2 2
left_child=1 2 -1 4 -4 6 -2 10 -9 -10 -7 13 -13 -12
right_child=5 -3 3 -5 -6 7 -8 8 9 -11 11 12 -14 -15
leaf_value=0.0026942642358803739 0.0060595726140545954 -0.0040707591869201957 -0.00069004377587023665 0.00030669653796359069 -0.004022302346051972 -0.0031921861834076485 0.00079744159364978956 0.00062670684435183659 -0.0034718314468016789 0.00069991590758308937 -0.00034140235011708494 0.004960690839817602 0.0010853580609149331 0.0016094101522564298
leaf_weight=392.46974285133183 209.64119931124151 635.71495905891061 870.24957419373095 814.0083859693259 672.66104656457901 133.02793129906058 302.24818133190274 585.39550946839154 450.14572841674089 173.52148218266666 2162.732705052942 226.63953392766416 1945.5610966905951 1092.8717779759318
leaf_count=5376 3148 8744 11189 11372 8609 2580 3840 8303 4546 1825 29226 3520 25720 12691
internal_value=0 -0.00136499 -0.000715137 -0.00130686 -0.00218157 0.000611511 0.00308783 0.000415028 -0.000830023 -0.00225256 0.000693772 0.000800811 0.00152423 0.000303287
internal_weight=0 3385.1 2749.39 2356.92 1542.91 7281.79 511.889 6769.9 1209.06 623.667 5560.83 5427.81 2172.2 3255.6
internal_count=140689 45290 36546 31170 19798 95399 6988 88411 14674 6371 73737 71157 29240 41917
is_linear=0
shrinkage=0.0101079


Tree=16
num_leaves=15
num_cat=0
split_feature=27 11 29 22 29 15 13 13 27 13 15 12 15 27
split_gain=80.6308 56.893 54.957 67.7289 36.551 36.3047 33.1802 38.9911 22.3995 22.2404 32.9658 29.3246 23.2014 30.4192
threshold=-0.47136868536472315 0.017215382307767872 -1.0000000180025095e-35 -0.20507572591304776 -0.60785761475563038 3.9930268526077275 -0.068689703941345201 -0.041991515085101121 -0.86046862602233876 -0.024342893622815606 17.16136455535889 0.069684844464063658 9.4072546958923358 0.61734244227409374
decision_type=2 2 2 2 2 2 2 2 2 2 2 2 2 2
left_child=1 8 -3 -4 -2 6 -6 -8 -1 12 11 -11 -7 -14
right_child=4 2 3 -5 5 9 7 -9 -10 10 -12 -13 13 -15
leaf_value=0.0039109127053936757 0.005381463835900652 0.00090149303219758939 -0.0042105766030695333 -0.00070491285778700628 0.0063924993528141471 -0.0019786839751031581 -0.0026104874338696528 0.0024896996979312195 -0.00029695254503616113 0.00064024909732327624 -0.00075591206642610102 0.0034382162141335416 0.0052137381729494281 -0.0015363132053322975
leaf_weight=253.9696205817163 154.15205895714462 579.44107466191053 1185.1807650830597 1134.6317756678909 162.65680643171072 810.56231264956295 182.37494451366365 691.49594158120453 221.17164943926036 3064.1545996032655 1519.640465170145 444.47320472449064 113.74741410836577 136.69319191388786
leaf_count=3567 1937 7629 15199 15722 2682 11326 2717 9243 3035 40096 18640 5691 1326 1671
internal_value=0 -0.00128421 -0.0018227 -0.00252127 0.000604198 0.000489527 0.00223451 0.00136597 0.00189459 0.000183426 0.000469958 0.00101291 -0.00113026 0.00143609
internal_weight=0 3374.39 2899.25 2319.81 7279.95 7125.8 1036.53 873.871 475.141 6089.27 5028.27 3508.63 1061 250.441
internal_count=140481 45152 38550 30921 95329 93392 14642 11960 6602 78750 64427 45787 14323 2997
is_linear=0
shrinkage=0.0101079


Tree=17
num_leaves=15
num_cat=0
split_feature=27 11 29 22 21 20 29 3 27 23 11 14 15 2
split_gain=76.7915 48.3051 50.7027 64.8742 43.7379 39.104 32.1712 30.2841 29.9512 27.3661 24.7116 22.446 31.5387 30.9636
threshold=-0.49049438536167139 0.021947383880615238 -1.0000000180025095e-35 -0.20507572591304776 -8.0526790618896467 -3.9601700305938716 -0.60785761475563038 0.48378214240074163 0.31107263267040258 0.52365428209304821 0.082327898591756835 -8.5248394012451154 19.281356811523441 1.1890529394149782
decision_type=2 2 2 2 2 2 2 2 2 2 2 2 2 2
left_child=1 -1 7 -4 5 -2 -6 -3 -7 10 -8 -11 13 -13
right_child=4 2 3 -5 6 8 9 -9 -10 11 -12 12 -14 -15
leaf_value=0.0012461315970326862 0.00065240056582831511 0.0056442931952252855 -0.004267253209056035 -0.0007149905478970889 0.0049206534822634467 0.0017508567115117337 -0.00032299499653698174 -0.00024474302786630379 0.0096310492797317248 -0.00035693642935367753 -0.0044670952667497758 0.00090205236108042031 -0.00052518469109484145 0.0035089173324500942
leaf_weight=609.00514311715961 281.71544180251658 100.57929456979036 1105.9112362693995 1061.6465280875564 147.18217293173075 106.61426958814263 546.12235766276717 446.06206825375557 128.55054340325296 2078.9820865113288 208.00280969589949 2195.1224613264203 1056.4104367159307 615.46586176007986
leaf_count=8442 3572 1068 14177 14638 1826 1477 7676 6097 1998 28348 2975 28729 12257 7579
internal_value=0 -0.0012754 -0.00185796 -0.00255463 0.000573855 0.00339626 0.000351348 0.000828547 0.00639263 0.000239451 -0.00155249 0.000475223 0.000932884 0.00149523
internal_weight=0 3323.2 2714.2 2167.56 7364.17 516.88 6847.29 546.641 235.165 6700.11 754.125 5945.98 3867 2810.59
internal_count=140859 44422 35980 28815 96437 7047 89390 7165 3475 87564 10651 76913 48565 36308
is_linear=0
shrinkage=0.0101079


Tree=18
num_leaves=15
num_cat=0
split_feature=27 29 23 21 2 13 15 7 20 28 29 28 20 15
split_gain=84.5302 47.731 57.8129 46.9881 37.0354 35.982 32.5543 32.1192 30.3214 33.0546 27.453 30.8335 37.7542 29.3768
threshold=-0.47136868536472315 -1.0000000180025095e-35 0.81554105877876293 -8.0526790618896467 0.77433189749717724 -0.024915669113397595 19.281356811523441 3.0374721288681035 -3.9601700305938716 0.60003554821014415 0.87837970256805431 -0.47136868536472315 -0.19351831078529355 14.24164390563965
decision_type=2 2 2 2 2 2 2 2 2 2 2 2 2 2
left_child=1 4 -3 8 -1 -5 10 -4 -2 -10 13 12 -12 -7
right_child=3 2 7 5 -6 6 -8 -9 9 -11 11 -13 -14 -15
leaf_value=0.0066037096602813792 0.0011134279247615492 -0.0041874402626427779 0.00032359985884435017 -0.0011540430967711703 0 0.0010278604705874878 -0.00069793908191177626 -0.0022648625974845162 0.0098353526653087008 0.0015837817240973843 -0.0015684954001896378 -0.0018277870711372549 0.0047589766799439838 0.0032570144939211439
leaf_weight=96.925977326929569 278.36864165402949 795.76288320310414 986.69160212762654 1208.9880379624665 576.40175415202975 2621.9854458365589 1195.9535884726793 919.05399340391159 121.39749919064343 108.25543902814388 159.40386669896543 571.29935854300857 202.97578950598836 826.80663075298071
leaf_count=974 3494 10280 14131 16929 8009 34323 14198 11864 1709 1704 2074 7317 2725 10932
internal_value=0 -0.0012931 -0.00189773 0.000639492 0.00106738 0.000408786 0.000755856 -0.000907586 0.00359162 0.0062924 0.00116234 -0.000337699 0.00189125 0.00158
internal_weight=0 3374.84 2701.51 7295.43 673.328 6787.41 5578.42 1905.75 508.022 229.653 4382.47 933.679 362.38 3448.79
internal_count=140663 45258 36275 95405 8983 88498 71569 25995 6907 3413 57371 12116 4799 45255
is_linear=0
shrinkage=0.0101079


Tree=19
num_leaves=15
num_cat=0
split_feature=29 22 21 23 32 23 14 21 12 20 29 11 13 12
split_gain=39.1102 54.3195 47.344 23.577 22.0366 29.7487 26.9836 31.6052 25.9173 25.1259 21.669 25.6175 23.6565 19.8012
threshold=-1.0000000180025095e-35 -0.70502108335494984 7.284527301788331 0.61507505178451549 1.0000000180025095e-35 0.84547141194343578 -6.8857898712158194 -7.1501686573028556 0.060622239485383041 -4.2531888484954825 -0.60785761475563038 0.045845765620470054 -0.002181555842980742 -0.026176739484071728
decision_type=2 2 2 2 2 2 2 2 2 2 2 2 2 2
left_child=10 3 4 -2 6 -6 7 9 -8 -3 -1 12 -12 -13
right_child=1 2 -4 -5 5 -7 8 -9 -10 -11 11 13 -14 -15
leaf_value=0.0048393849461817245 -0.0031032268433952687 2.1510039495916583e-05 -0.001591567174271159 -0.00064155581631895517 -0.0033148460555231219 0.00018391062895342614 0.0013038921180263264 -0.0003103878568760757 0.004692557298631681 0.0050898804338831271 0.0014022693938058647 0.0038438216972530056 -0.0021692547893075735 0.00092724528334649486
leaf_weight=158.00857928395271 834.64049494080245 210.7938891146332 1305.7393533699214 858.15917590074241 283.08548163436353 1595.5496260691434 1161.1321136429906 1772.4833226837218 306.78144357167184 215.52200129441917 332.23963631503284 359.55087585002184 404.5530755110085 860.90303076431155
leaf_count=1956 11293 2616 15776 10623 3777 22124 14844 24635 3867 3215 4513 4344 5651 11342
internal_value=0 -0.00026902 0.000126654 -0.00188759 0.000540161 -0.000333115 0.000998368 0.000266494 0.00206015 0.00272158 0.00126327 0.000936286 -0.000506491 0.00183801
internal_weight=0 8543.89 6851.09 1692.8 5545.35 1878.64 3666.71 2198.8 1467.91 426.316 2115.26 1957.25 736.793 1220.45
internal_count=140576 112770 90854 21916 75078 25901 49177 30466 18711 5831 27806 25850 10164 15686
is_linear=0
shrinkage=0.0101079


Tree=20
num_leaves=15
num_cat=0
split_feature=27 11 29 22 3 21 2 29 3 27 0 0 16 11
split_gain=75.5523 46.9734 57.8315 61.2946 37.2781 35.0004 31.9081 25.0864 26.5135 22.8172 22.4979 21.229 20.7535 19.2203
threshold=-0.49049438536167139 0.016796728596091274 -1.0000000180025095e-35 0.13152804225683215 0.48378214240074163 -8.0526790618896467 1.3070620298385622 -0.60785761475563038 0.92838394641876232 -0.87137606739997853 0.59243062138557445 0.72613507509231578 0.1266991272568703 0.11283504217863084
decision_type=2 2 2 2 2 2 2 2 2 2 2 2 2 2
left_child=1 9 4 11 -3 6 -2 -7 10 -1 -9 -4 -8 -12
right_child=5 2 3 -5 -6 7 12 8 -10 -11 13 -13 -14 -15
leaf_value=0.0038053037349433491 0.0060523723797726277 0.0064583796829562846 -0.0055964884558597138 -0.00016741331505629723 -7.3858975380098544e-05 0.0044272824100813251 -0.00095374968855374358 -0.0015610406877025705 0.0039389092168335129 -0.00053186454833412144 0.00064507208974660219 -0.0027666467425329294 0.0043413329483511197 -0.00083433848631835094
leaf_weight=239.41300500743091 213.39328322373331 99.083393912762403 457.84537956118584 800.36451520770788 475.73617462813854 145.95446062088013 200.86177658289671 682.5921704377979 188.74403530359268 217.36960994824767 4747.1311480440199 1024.3800515197217 105.53126172535121 1078.4353750310838
leaf_count=3365 3166 1034 5896 11264 6522 1802 2671 11284 2211 2949 61240 13376 1254 12732
internal_value=0 -0.00126515 -0.00175321 -0.00247859 0.00105247 0.0005709 0.00309083 0.000370343 0.000270945 0.00167935 0.000153865 -0.00369213 0.000802265 0.000363526
internal_weight=0 3314.19 2857.41 2282.59 574.82 7362.64 519.786 6842.86 6696.9 456.783 6508.16 1482.23 306.393 5825.57
internal_count=140766 44406 38092 30536 7556 96360 7091 89269 87467 6314 85256 19272 3925 73972
is_linear=0
shrinkage=0.0101079


Tree=21
num_leaves=15
num_cat=0
split_feature=27 11 23 21 20 28 23 14 15 8 2 21 21 27
split_gain=71.9365 46.6505 39.257 34.6683 34.3387 29.3013 22.9929 21.5414 31.2001 31.5149 24.7863 25.3734 45.6954 24.7685
threshold=-0.47136868536472315 0.017215382307767872 1.5921131372451784 -8.0526790618896467 -3.9601700305938716 0.60003554821014415 0.45019736886024481 -8.5248394012451154 18.276013374328617 -1.5083956718444822 1.1890529394149782 6.0672311782836923 3.4668675661087041 0.71473535895347606
decision_type=2 2 2 2 2 2 2 2 2 2 2 2 2 2
left_child=1 -1 -3 4 -2 -6 -5 -8 10 -10 13 12 -12 -9
right_child=3 2 -4 6 5 -7 7 8 9 -11 11 -13 -14 -15
leaf_value=0.0017232171496985331 0.00056483870666167862 -0.0023912636249985432 0.00017063544297289533 -0.0017337615646016667 0.0093212089911831018 0.0015564205015212817 -0.0002030655822975292 0.0019512306448697708 -0.0033587520844198843 0.00051186857384953523 0.0015712032571310625 0.00018179907637896276 0.0086760194798394391 -0.0001744858040754955
leaf_weight=472.22123777680099 279.28477498702705 2068.8819119017571 824.11130032874644 454.08363615907729 122.28404341265559 109.93836441077292 2212.5874820370227 1353.1653064154088 261.90339539386332 1018.1820258144289 228.24104003049433 190.96341990865767 177.19346036948264 894.23845982737839
leaf_count=6575 3510 27054 11464 6511 1699 1721 30288 17169 2919 12164 2773 2362 2146 12098
internal_value=0 -0.00116094 -0.00164898 0.000623019 0.00315335 0.00598056 0.000423135 0.000585986 0.00101873 -0.000263818 0.00160941 0.00346218 0.00487731 0.00108972
internal_weight=0 3365.21 2892.99 7302.07 511.507 232.222 6790.56 6336.47 4123.89 1280.09 2843.8 596.398 405.435 2247.4
internal_count=140453 45093 38518 95360 6930 3420 88430 81919 51631 15083 36548 7281 4919 29267
is_linear=0
shrinkage=0.0101079


Tree=22
num_leaves=15
num_cat=0
split_feature=27 11 23 16 30 3 23 3 11 27 6 27 30 10
split_gain=72.8692 46.8315 46.1939 33.8444 33.5028 27.8104 30.1884 26.8096 25.5995 23.8263 23.4505 19.2313 18.6921 20.1087
threshold=-0.47136868536472315 0.015476020518690349 1.5921131372451784 0.15955476462841037 1.0000000180025095e-35 0.79182052612304699 0.52365428209304821 0.48378214240074163 0.081660363823175444 -0.91080963611602772 -11.126171588897703 -0.84915164113044728 1.0000000180025095e-35 0.099615279585123076
decision_type=2 2 2 2 2 2 2 2 2 2 2 2 2 2
left_child=1 11 4 10 7 6 8 -3 -5 -9 -2 -1 13 -7
right_child=3 2 -4 5 -6 12 -8 9 -10 -11 -12 -13 -14 -15
leaf_value=0.0037209094920793162 -0.00071508270312498371 0.0017971757429698712 0.00027885908747008115 -0.00040179768883014805 -0.0039593025159296866 0.0037519713448267568 0.00039541460540077673 -0.00058874551557330616 -0.0046374935234700706 -0.0038652883123241519 0.0036377615887325885 -0.00036304494524480867 0.0042548738871342586 -0.0012497450626570536
leaf_weight=238.38844117335975 141.52373738959432 213.64345593750477 842.61641258187592 481.33009329997003 907.32195236906409 122.22928647324443 5293.5145776383579 572.82666248828173 219.71090470813215 415.27121515572071 553.31216427311301 192.49829945899546 287.38721198961139 202.55665646865964
leaf_count=3322 1731 2178 11736 6857 11919 1622 67896 7806 3070 5702 8439 2635 3343 2535
internal_value=0 -0.00121569 -0.00167748 0.000577168 -0.0024764 0.000345417 0.000127351 -0.0013054 -0.00182209 -0.00202553 0.00269539 0.00182949 0.00238757 0.000553688
internal_weight=0 3382.57 2951.68 7301.56 2109.06 6606.73 5994.56 1201.74 701.041 988.098 694.836 430.887 612.173 324.786
internal_count=140791 45298 39341 95493 27605 85323 77823 15686 9927 13508 10170 5957 7500 4157
is_linear=0
shrinkage=0.0101079


Tree=23
num_leaves=15
num_cat=0
split_feature=27 11 23 30 3 15 0 21 13 9 27 7 3 21
split_gain=76.2881 53.7492 43.7787 32.0084 30.7409 30.6025 24.9331 23.0656 39.1813 31.758 20.1318 18.0692 25.4956 17.5254
threshold=-0.47136868536472315 0.016796728596091274 1.6107102036476137 1.0000000180025095e-35 0.48378214240074163 18.761209487915043 0.59243062138557445 -8.0526790618896467 -0.02598323859274387 0.29611828923225408 -0.87137606739997853 5.6101253032684335 0.27467960119247442 11.796216487884523
decision_type=2 2 2 2 2 2 2 2 2 2 2 2 2 2
left_child=1 -1 3 4 -3 6 11 9 -9 -8 -6 12 -2 -7
right_child=5 2 -4 -5 10 13 7 8 -10 -11 -12 -13 -14 -15
leaf_value=0.0018958176834314999 0.002675688226296131 0.0019498127794239958 0.00021330336756397942 -0.0039715680317647878 -0.001027079757939233 -0.0015776733483360971 0.0053334882095650918 -0.00085583943190202104 0.0013760439060847844 0 -0.0042351240088854747 0.0016573769203894113 -0.0031060877284512724 0.00094092749585505215
leaf_weight=464.71589448675513 83.246609983965755 215.00685700401664 800.25233892351389 903.68023502454162 657.99621560610831 898.08578355237842 288.92528980970383 980.81946353428066 3924.8466352466494 180.5594647936523 320.57820576801896 178.79212332516909 390.25671342760324 382.6721615139395
leaf_count=6427 1559 2190 11189 11908 9003 10942 3765 13440 49532 2342 4458 2843 6623 4471
internal_value=0 -0.00123168 -0.00175089 -0.00251766 -0.00136492 0.000606107 0.000910653 0.00114051 0.000920931 0.00329855 -0.00214373 -0.000913345 -0.0019791 -0.000792602
internal_weight=0 3362.23 2897.51 2097.26 1193.58 7308.2 6027.45 5375.15 4905.67 469.485 978.574 652.295 473.503 1280.76
internal_count=140692 45175 38748 27559 15651 95517 80104 69079 62972 6107 13461 11025 8182 15413
is_linear=0
shrinkage=0.0101079


Tree=24
num_leaves=15
num_cat=0
split_feature=27 11 0 21 13 15 9 30 27 15 27 27 15 3
split_gain=67.3305 49.6631 36.3738 33.9156 35.7475 30.9416 29.4672 27.2378 26.7635 26.1737 31.4912 21.1035 20.8983 20.3727
threshold=-0.49049438536167139 0.017215382307767872 1.2980730533599856 -8.0526790618896467 -0.024342893622815606 19.281356811523441 0.29611828923225408 1.0000000180025095e-35 -0.86046862602233876 9.2653660774230975 0.66746801137924205 0.098011311143636717 3.2742638587951665 0.48378214240074163
decision_type=2 2 2 2 2 2 2 2 2 2 2 2 2 2
left_child=1 8 7 6 9 -6 11 13 -1 12 -11 -2 -5 -3
right_child=3 2 -4 4 5 -7 -8 -9 -10 10 -12 -13 -14 -15
leaf_value=0.0039768131763319439 0.00042238730476967242 0.0015038919826272099 -0.00015167735003007688 0.0010909176479637968 0.0011018167534657711 -0.00070837949902995785 0 -0.0040110578363530477 -0.00067839010988604413 0.0047496802271169191 -0.0018472372376892733 0.006538333852702324 -0.0026414612459891695 -0.0020845040073274737
leaf_weight=256.50622500292957 97.542413752526045 181.30193079262972 1044.1013969685882 167.05986082367599 4411.7613027077168 1199.8334942273796 190.26212686859071 778.88686072081327 214.05572299845517 141.82203889638186 129.3543262090534 226.29689304716885 809.93097443878651 824.482566004619
leaf_count=3607 1333 1838 14899 2703 57571 14334 2532 10143 2951 1636 1574 3101 11511 11004
internal_value=0 -0.00118089 -0.00169412 0.000554491 0.00035841 0.000707129 0.00304969 -0.00256942 0.00179747 -0.0011719 0.00149319 0.00487049 -0.00195861 -0.00139125
internal_weight=0 3299.33 2828.77 7373.86 6859.76 5611.59 514.101 1784.67 470.562 1248.17 271.176 323.839 976.991 1005.78
internal_count=140737 44442 37884 96295 89329 71905 6966 22985 6558 17424 3210 4434 14214 12842
is_linear=0
shrinkage=0.0101079


Tree=25
num_leaves=15
num_cat=0
split_feature=27 11 29 23 3 21 20 27 13 13 33 29 27 15
split_gain=65.6522 49.4112 50.5 67.9947 36.7368 29.6121 31.5257 30.2064 29.1789 34.1235 32.7593 25.2802 25.6268 25.0667
threshold=-0.47136868536472315 0.017215382307767872 -1.0000000180025095e-35 0.84862747788429271 0.47626523673534399 -8.0526790618896467 -3.9601700305938716 0.20576497167348864 -0.024915669113397595 -0.00042833694897126401 1.0013927817344668 0.87837970256805431 -0.9686339497566222 9.4072546958923358
decision_type=2 2 2 2 2 2 2 2 2 2 8 2 2 2
left_child=1 -1 4 -4 -3 6 -2 -8 13 10 -10 12 -5 -7
right_child=5 2 3 11 -6 8 7 -9 9 -11 -12 -13 -14 -15
leaf_value=0.0017930555734143826 0.00040352475151879305 0.0062748244561356692 -0.0048402274542462091 -0.0044205223997315565 -0.00016211252810399021 -0.001788261969653564 0.00038922753231999599 0.0083003656893548498 0.0027525447746567198 0.00022519226004903616 -0.0014055520940071849 0.00094767355981054233 -0.0008939059979183073 0.0017322868069686588
leaf_weight=482.19769268855453 280.15177167952061 101.00908096320927 743.88030492514372 298.20980836078525 479.84922871366143 960.63553919270635 90.170472767204046 146.50272515974939 1157.7445194646716 4216.8440451715142 213.33004419505596 424.4940428417176 839.28992499783635 245.17752213962376
leaf_count=6681 3520 1067 9609 4294 6558 13999 1225 2202 11137 53256 7088 5863 11211 2904
internal_value=0 -0.00114201 -0.00164971 -0.00232441 0.000955293 0.000561613 0.00288788 0.00555838 0.000375648 0.000687778 0.002072 -0.00108277 -0.00187712 -0.00103266
internal_weight=0 3368.93 2886.73 2305.87 580.858 7310.56 516.825 236.673 6793.73 5587.92 1371.07 1561.99 1137.5 1205.81
internal_count=140614 45283 38602 30977 7625 95331 6947 3427 88384 71481 18225 21368 15505 16903
is_linear=0
shrinkage=0.0101079


Tree=26
num_leaves=15
num_cat=0
split_feature=29 23 7 13 15 30 9 30 11 30 13 0 28 28
split_gain=37.1077 40.7106 34.6468 41.0994 32.885 28.3628 26.931 29.7177 23.0942 21.1129 36.5145 32.6016 30.7408 20.8913
threshold=-0.60785761475563038 0.52365428209304821 2.9149522781372075 -0.019994869828224179 3.2028967142105107 1.0000000180025095e-35 0.19813951104879382 -0.56174489110708226 0.048387415707111366 0.81174489855766307 -0.0070293976459652177 0.8918588161468507 -0.2693240344524383 -0.010907442308962435
decision_type=2 2 2 2 2 2 2 2 2 2 2 2 2 2
left_child=-1 -2 3 4 6 8 7 -3 13 10 -5 -11 -12 -4
right_child=1 2 5 9 -6 -7 -8 -9 -10 11 12 -13 -14 -15
leaf_value=0.0045922447792320379 -0.0021615212054934968 0.0073049703713298402 0 0.0029162845677747468 -0.0010716129204484939 -0.0014965756045346654 -0.00022799377535573107 0.00075497060370121726 0.00064426796555440858 0.0065799353758247267 0.0014132924062643098 0.0009556217492529336 -0.001644452381579191 -0.0033648552564428395
leaf_weight=163.61306085065007 927.56886931881309 129.05361999198794 397.91990923322737 707.78085336834192 1679.5301780030131 1959.7291389778256 364.41594082675874 184.23348315805197 2031.0431291647255 197.9425910320133 766.22953023016453 263.9143340587616 583.95837979950011 316.11893560551107
leaf_count=2036 13257 1684 5219 9528 22562 23525 5286 3010 26372 2588 10368 3435 7819 3889
internal_value=0 -0.000147627 4.46694e-05 0.000645055 -0.000299793 -0.000569139 0.00154452 0.0036889 8.05638e-05 0.0015432 0.00106855 0.00352013 5.9177e-05 -0.0014566
internal_weight=0 10509.4 9581.87 4877.06 2357.23 4704.81 677.703 313.287 2745.08 2519.83 2057.97 461.857 1350.19 714.039
internal_count=140578 138542 125285 66280 32542 59005 9980 4694 35480 33738 27715 6023 18187 9108
is_linear=0
shrinkage=0.0101079


Tree=27
num_leaves=15
num_cat=0
split_feature=27 11 29 23 29 23 17 12 0 29 27 0 16 28
split_gain=66.2422 49.2451 57.0285 67.2466 31.4155 35.459 32.1078 31.1691 37.9053 22.5144 24.1681 21.585 20.3677 19.8733
threshold=-0.47136868536472315 0.016796728596091274 -1.0000000180025095e-35 0.83932718634605419 -0.60785761475563038 0.52365428209304821 49.500000000000007 0.063475653529167189 0.78646549582481395 0.87837970256805431 -0.9686339497566222 0.90054127573966991 0.82642388343811046 0.7298206388950349
decision_type=2 2 2 2 2 2 2 2 2 2 2 2 2 2
left_child=1 -1 11 -4 -2 -6 7 13 -9 10 -5 -3 -8 -7
right_child=4 2 3 9 5 6 12 8 -10 -11 -12 -13 -14 -15
leaf_value=0.0018827510308284132 0.0050311229131726962 0.0038068197953999372 -0.0048423801043691898 -0.0042752409047077111 -0.0014912742265673635 -0.00099807945084873749 0.0018713767160984658 0.0049509438563547573 0.00050574577696930914 0.00080238520906113881 -0.00088157522622286087 -0.00014940310159368287 -0.0013046025626842572 0.0011372554293029506
leaf_weight=468.29582461901009 155.39457484334707 200.2560867164284 733.53313445858657 305.99382271803916 786.04148873873055 1919.7911670990288 2455.4807783141732 247.70690116100013 975.81743534654379 430.39059520512819 846.04616028256714 380.47151328623295 204.5005630813539 557.04701599292457
leaf_count=6454 1924 2453 9486 4393 11210 26315 32254 3162 11470 5871 11375 5165 2560 6550
internal_value=0 -0.00109751 -0.00159694 -0.0023117 0.000614248 0.00050728 0.000762121 0.000140375 0.0014637 -0.00109552 -0.0018401 0.0011777 0.00160899 -0.000499518
internal_weight=0 3364.99 2896.69 2315.96 7301.78 7146.39 6360.34 3700.36 1223.52 1582.43 1152.04 580.728 2659.98 2476.84
internal_count=140642 45197 38743 31125 95445 93521 82311 47497 14632 21639 15768 7618 34814 32865
is_linear=0
shrinkage=0.0101079


Tree=28
num_leaves=15
num_cat=0
split_feature=27 28 11 15 29 29 28 29 8 12 17 28 14 29
split_gain=68.0285 47.2683 40.9163 37.3295 33.2455 35.9004 43.1507 26.1116 23.3669 22.6959 27.2541 40.6097 24.9721 24.4435
threshold=-0.49049438536167139 0.41268247365951544 0.017215382307767872 19.107033729553226 -1.0000000180025095e-35 0.87837970256805431 -0.39271505177021021 -0.60785761475563038 -1.5083956718444822 0.073127064853906645 48.500000000000007 0.61734244227409374 -7.2682096958160392 1.0000000180025095e-35
decision_type=2 2 2 2 2 2 2 2 2 2 2 2 2 2
left_child=1 2 -1 7 -4 6 -6 -2 -5 10 12 -12 13 -9
right_child=3 -3 4 8 5 -7 -8 9 -10 -11 11 -13 -14 -15
leaf_value=0.002470731497806787 0.0052310885223455341 -0.0035065602569434896 0.0012964672454782754 -0.0037641289175631711 -0.00045885770395292212 0.00074527212543574182 -0.0041837427604725815 0.00039852121157382247 -0.00028430738118263827 0.002654931794231514 0.0020489761221598912 -0.00040885132301731776 0.00067129739283053422 -0.0025862346627228104
leaf_weight=376.83445728383958 132.73259749636054 710.38579143583775 452.68428199552 250.66024699807167 608.13831420429051 429.49942484870553 731.35339415445924 441.97132117114961 978.48188743367791 585.44825407862663 1953.8637248389423 1015.8253729920834 1348.8223677687347 664.71477402374148
leaf_count=5152 1653 9933 5969 2838 7977 5783 9800 6294 11881 7384 25235 14281 17359 9345
internal_value=0 -0.00119977 -0.000545173 0.000543048 -0.0010816 -0.00171589 -0.00253486 0.000868374 -0.00104555 0.000758791 0.000543277 0.00119575 -0.000230636 -0.00136332
internal_weight=0 3308.9 2598.51 7372.52 2221.68 1768.99 1339.49 6143.38 1229.14 6010.65 5425.2 2969.69 2455.51 1106.69
internal_count=140884 44614 34681 96270 29529 23560 17777 81551 14719 79898 72514 39516 32998 15639
is_linear=0
shrinkage=0.0101079


Tree=29
num_leaves=15
num_cat=0
split_feature=27 29 11 22 3 2 21 16 9 29 12 16 4 14
split_gain=61.6247 44.7721 51.191 72.5488 35.9114 31.3051 30.8427 26.0068 25.6389 23.3836 22.0036 28.9738 20.2506 19.9535
threshold=-0.47136868536472315 -1.0000000180025095e-35 0.021947383880615238 -0.04849113151431083 0.63123613595962536 0.7790035903453828 -8.0526790618896467 0.36803950369358068 0.29611828923225408 -0.60785761475563038 0.10333798080682756 0.68443405628204357 1.6070325970649721 -7.4061741828918448
decision_type=2 2 2 2 2 2 2 2 2 2 2 2 2 2
left_child=1 5 4 12 -3 -1 8 -6 -2 -8 11 -7 -4 -11
right_child=6 2 3 -5 7 10 9 -9 -10 13 -12 -13 -14 -15
leaf_value=0.0062151466630156185 0.0045389685038812336 0.0062238392043356449 -0.0046206638220049855 -0.00023285022039716151 0.00366054465893888 0.00080152683190463014 0.004302871376889195 -0.0019287870439197185 0 -0.00042032369842036848 0.0039610306692370867 -0.0044838956278984415 -0.00098193104341244195 0.00069471584599135362
leaf_weight=97.304747834801674 330.09014401398599 102.86313218437135 1020.8024956453592 933.2783814445138 111.35864382982254 321.09479340910912 140.35727135464549 282.72787869349122 189.50223897770047 2803.5538893342018 117.28444864228368 143.95189146697521 224.99590205959976 3846.5529889650643
leaf_count=967 4441 1249 13541 13058 1627 4748 1744 3999 2517 38203 1601 1676 2742 48378
internal_value=0 -0.00114918 -0.00174271 -0.00241485 0.00111624 0.00112226 0.000503658 -0.000209033 0.00286856 0.000313726 0.00013322 -0.000794844 -0.00400579 0.000218611
internal_weight=0 3355.66 2676.03 2179.08 496.95 679.636 7310.06 394.087 519.592 6790.46 582.331 465.047 1245.8 6650.11
internal_count=140491 45208 36216 29341 6875 8992 95283 5626 6958 88325 8025 6424 16283 86581
is_linear=0
shrinkage=0.0101079


Tree=30
num_leaves=15
num_cat=0
split_feature=27 11 29 22 29 21 13 13 2 27 0 27 15 11
split_gain=59.3997 49.0237 54.0951 62.648 30.3963 26.8677 28.7452 34.6389 27.9898 22.4706 20.8296 20.7742 19.3501 22.3253
threshold=-0.47136868536472315 0.013381542637944223 -1.0000000180025095e-35 -0.1386127099394798 -0.60785761475563038 -8.0526790618896467 -0.024342893622815606 -0.0040102871134877196 1.3070620298385622 -0.87137606739997853 0.68830862641334545 0.66746801137924205 19.281356811523441 0.046807730570435531
decision_type=2 2 2 2 2 2 2 2 2 2 2 2 2 2
left_child=1 9 -3 -4 -2 8 10 -8 -6 -1 -7 -12 13 -9
right_child=4 2 3 -5 5 6 7 12 -10 -11 11 -13 -14 -15
leaf_value=0.0047269242512725379 0.0048492298576471877 0.001151022066214731 -0.0036972547746997801 -0.00036948814646531439 0.0055222785724271519 -0.0033040973850645351 0.0021814147700966466 -0.00020650238345873418 0.00051418339839832082 0 0.0011856935122707627 -0.0018714327642684323 -0.00092595713573628098 0.0014707715167371208
leaf_weight=187.38328957557678 159.90999569557607 605.01424348726869 1284.2896136939526 1102.6467004511505 205.84980160184205 319.89970411732793 1119.2351261079311 1634.855343228206 292.44203325174749 185.35084045678377 455.22631740011275 429.28863683715463 1153.2601721491665 1531.288206635043
leaf_count=2630 1978 7953 16933 15381 3089 5189 14866 21571 3656 2539 5988 5744 13832 19425
internal_value=0 -0.00105435 -0.00149408 -0.00218298 0.000566782 0.000460149 0.000281985 0.000599851 0.00271523 0.0023281 -0.00111469 -0.000255968 0.000177556 0.000593528
internal_weight=0 3364.68 2991.95 2386.94 7301.26 7141.35 6643.05 5438.64 498.292 372.734 1204.41 884.515 4319.4 3166.14
internal_count=140774 45436 40267 32314 95338 93360 86615 69694 6745 5169 16921 11732 54828 40996
is_linear=0
shrinkage=0.0101079


Tree=31
num_leaves=15
num_cat=0
split_feature=29 28 32 29 11 0 3 3 15 8 12 0 29 15
split_gain=39.6592 36.1436 27.3326 61.1274 61.4185 31.0408 28.8275 28.232 26.0288 20.5593 19.026 18.6056 17.7384 17.5326
threshold=-0.60785761475563038 -0.66746801137924183 1.0000000180025095e-35 -1.0000000180025095e-35 0.016796728596091274 1.0387778878211977 0.51074761152267467 0.90959021449089061 16.863809585571293 1.9711506366729739 0.10333798080682756 0.5968025028705598 1.0000000180025095e-35 9.7735438346862811
decision_type=2 2 2 2 2 2 2 2 2 2 2 2 2 2
left_child=-1 8 7 6 -5 -6 -4 11 9 -2 13 -3 -10 -8
right_child=1 2 3 4 5 -7 10 -9 12 -11 -12 -13 -14 -15
leaf_value=0.0048082273900941983 0.0018233719361450142 -0.001584912049887249 0.0065201680028636414 0.0021687448113550827 -0.0040311938772761638 -0.0012400083829354857 0.00078861192106445121 0.0035796537889372583 -0.0025192404709913868 -0.0006464801386780706 0.0041951517653208035 0.00012656086042472499 0.00065900111273951552 -0.0040582024607305322
leaf_weight=167.22783884033561 1950.1210110057145 763.25339483655989 97.567647932097316 285.20087678171694 949.71682685986161 817.51949094049633 230.56666357256472 209.8137146346271 324.69819073565304 386.62762128561735 101.11534436419606 3938.5307939946651 354.19452878460288 99.917093642055988
leaf_count=2061 25856 12809 995 3960 12085 11774 3295 2406 3840 5107 1351 49266 4648 1355
internal_value=0 -4.3767e-05 -0.000423463 -0.00126402 -0.00206176 -0.0027737 0.00173999 1.13891e-05 0.000884986 0.00139667 0.000472649 -0.000144786 -0.000813194 -0.000615506
internal_weight=0 10508.8 7493.2 2581.6 2052.44 1767.24 529.167 4911.6 3015.64 2336.75 431.599 4701.78 678.893 330.484
internal_count=140808 138747 99296 34815 27819 23859 6996 64481 39451 30963 6001 62075 8488 4650
is_linear=0
shrinkage=0.0101079


Tree=32
num_leaves=15
num_cat=0
split_feature=27 11 29 23 21 29 9 27 27 27 29 23 11 16
split_gain=67.7441 40.6965 49.9386 65.2809 34.5601 29.1415 23.4652 22.3715 21.959 21.8299 20.5004 24.8592 25.2595 18.2798
threshold=-0.49049438536167139 0.015476020518690349 -1.0000000180025095e-35 0.83932718634605419 -8.0526790618896467 0.87837970256805431 0.29611828923225408 -0.87137606739997853 -0.9686339497566222 0.098011311143636717 -0.60785761475563038 0.52365428209304821 0.082327898591756835 0.87388667464256298
decision_type=2 2 2 2 2 2 2 2 2 2 2 2 2 2
left_child=1 7 13 -4 6 8 9 -1 -5 -2 -6 12 -12 -3
right_child=4 2 3 5 10 -7 -8 -9 -10 -11 11 -13 -14 -15
leaf_value=0.0038135345214048069 0.00016577905786704697 -1.7316111966482128e-05 -0.0048582366730801707 -0.0042946101671649337 0.0039869226073027536 0.001060327787028653 0 -0.00063694622648460418 -0.0010433411909671385 0.0063035734788504808 -0.00021307523724442784 0.00047350878437075935 -0.0043797046014089763 0.0039594022001247934
leaf_weight=224.7357922848314 97.68867582641542 445.33113172277808 713.27507721446455 307.70477419160306 147.77208126708865 425.08684507571161 191.57214373163879 199.84161215648055 840.96820133179426 231.61545097827911 545.50371455587447 5951.062775798142 209.9989516697824 144.09221161901951
leaf_count=3090 1335 6006 9374 4475 1802 5837 2530 2731 11310 3116 7691 76736 3004 1731
internal_value=0 -0.00120192 -0.00164029 -0.00232001 0.000538586 -0.0011261 0.0030392 0.00165081 -0.00197191 0.00464798 0.000339489 0.000248649 -0.00145652 0.000925201
internal_weight=0 3301.04 2876.46 2287.03 7375.21 1573.76 520.876 424.577 1148.67 329.304 6854.34 6706.57 755.503 589.423
internal_count=140768 44554 38733 30996 96214 21622 6981 5821 15785 4451 89233 87431 10695 7737
is_linear=0
shrinkage=0.0101079


Tree=33
num_leaves=15
num_cat=0
split_feature=27 11 29 23 21 13 15 2 3 15 30 20 21 12
split_gain=58.8373 44.0546 51.6836 57.1331 36.1947 32.4823 35.6462 29.9624 29.5922 26.4757 30.323 26.1504 26.3111 26.6135
threshold=-0.49049438536167139 0.021947383880615238 -1.0000000180025095e-35 0.83932718634605419 -8.0526790618896467 -0.02598323859274387 19.281356811523441 1.3070620298385622 0.48378214240074163 9.1979074478149432 -0.56174489110708226 -1.1885040402412412 -0.18415543437004087 0.018456335179507736
decision_type=2 2 2 2 2 2 2 2 2 2 2 2 2 2
left_child=1 -1 8 -4 7 9 11 -2 -3 -6 -11 -7 13 -13
right_child=4 2 3 -5 5 6 -8 -9 -10 10 -12 12 -14 -15
leaf_value=0.001318141098766082 0.005941466455353539 0.0057600237332479541 -0.0048623850952541512 -0.0012168165943276152 -0.0020083354879540981 -4.9231295923754661e-05 -0.00086998904385291137 0.00084831899857157496 -1.5218377251154842e-05 -0.0015486693273064941 0.0051358109409587885 0.0050883094017480203 0.0011666089433806826 -0.00034296069389769897
leaf_weight=608.74024404771626 216.24915760010481 101.77934358641505 654.12151550129056 1467.193427702412 909.91012611426413 1393.7844077274203 1200.9217737745494 303.61683264188468 450.27717795595527 130.12845556437969 122.12824531272054 365.0199632961303 2619.6110475175083 103.24776397272944
leaf_count=8432 3163 1067 8602 20120 13384 17556 14336 3823 6192 1493 1503 4809 34626 1311
internal_value=0 -0.00108719 -0.0016522 -0.00237338 0.000538066 0.000334415 0.00065405 0.00309901 0.0010412 -0.00118794 0.00158753 0.00107224 0.0015904 0.00381938
internal_weight=0 3282.11 2673.37 2121.31 7364.62 6844.75 5682.58 519.866 552.057 1162.17 252.257 4481.66 3087.88 468.268
internal_count=140417 44413 35981 28722 96004 89018 72638 6986 7259 16380 2996 58302 40746 6120
is_linear=0
shrinkage=0.0101079


Tree=34
num_leaves=15
num_cat=0
split_feature=27 23 16 13 13 13 12 30 23 2 13 22 7 7
split_gain=57.1631 34.609 26.875 31.9397 28.5183 25.1387 28.2677 33.0022 31.0408 27.6336 24.551 27.7242 24.3244 23.4731
threshold=-0.43245348334312433 0.5595705807209016 0.15955476462841037 -0.068689703941345201 -0.02598323859274387 0.039272310212254531 0.069684844464063658 1.0000000180025095e-35 0.77777394652366649 0.55683371424674999 -0.0079169780947267992 -0.58022254705429066 -23.226717948913571 3.0374721288681035
decision_type=2 2 2 2 2 2 2 2 2 2 2 2 2 2
left_child=1 -1 3 12 -4 6 7 10 -8 -9 -6 -12 -2 -3
right_child=2 13 4 -5 5 -7 8 9 -10 -11 11 -13 -14 -15
leaf_value=-0.0047045184708851004 0.001008405768441478 7.3578780405924934e-05 -0.0011552338036059729 0.00095235427448522446 0.001896911704756903 -0.00031547933328191776 0.0065777038449130265 0.0054225876147898514 0.0012581637909439148 0.0012599665778335366 -0.0031781223882641494 2.8325111847946982e-05 0.0089673977844507893 -0.0016231006867929397
leaf_weight=242.40426642633975 81.861816588789225 1644.2983464375138 1089.3321755714715 501.74653984233737 475.43949755467474 1844.6421313043684 186.51280023530126 208.37093144655228 336.81720100715756 902.90748269483447 349.54341921582818 1099.7712694313377 107.93815910629928 1594.4658898394555
leaf_count=3434 1420 23006 14784 6921 5821 22815 2262 3030 4358 12007 4473 14117 1650 20429
internal_value=0 -0.00104767 0.000528901 0.00242101 0.000318554 0.000624332 0.00112238 0.000726791 0.0032976 0.00210834 -5.50818e-05 -0.000729802 0.00591145 -0.000751085
internal_weight=0 3481.17 7184.88 691.547 6493.34 5404 3559.36 3036.03 523.33 1111.28 1924.75 1449.31 189.8 3238.76
internal_count=140527 46869 93658 9991 83667 68883 46068 39448 6620 15037 24411 18590 3070 43435
is_linear=0
shrinkage=0.0101079


Tree=35
num_leaves=15
num_cat=0
split_feature=27 29 0 3 21 20 13 13 2 29 2 27 14 21
split_gain=67.8652 36.7394 44.3086 36.7514 28.575 30.3319 28.567 32.9991 28.1402 26.5096 25.6854 21.8496 20.6564 31.8855
threshold=-0.47136868536472315 -1.0000000180025095e-35 1.0045152902603152 0.48378214240074163 -8.0526790618896467 -4.2531888484954825 -0.02598323859274387 -0.00042833694897126401 1.1565466523170473 1.0000000180025095e-35 0.46681010723114019 0.18436925113201144 -6.8249642848968497 -3.5413727760314937
decision_type=2 2 2 2 2 2 2 2 2 2 2 2 2 2
left_child=1 3 -3 -1 5 -2 8 10 -6 -10 -8 -7 13 -12
right_child=4 2 -4 -5 6 11 7 -9 9 -11 12 -13 -14 -15
leaf_value=0.0061572455884494658 0.00028011673822463833 -0.0031879290089144698 -0.00052665636710525659 -9.9429811233329711e-05 -0.0020631074876289179 0.00075813454226458929 0.006640519249499266 0.00020355675760493414 0.0042295019246340959 -0.00137260826230507 0.003291888478237609 0.0075432798023120215 0.0032923051044935897 -0.00074636212387823339
leaf_weight=104.77740574255586 267.97195189446211 1181.2420445494354 1486.0752993188798 575.22776851430535 830.44894034974277 91.20818742364645 109.9460380114615 4219.059012753889 161.83629774302244 155.3954760748893 288.09132099151611 158.7314098905772 451.59140985459089 582.839420478791
leaf_count=1103 3316 15383 20939 7857 12566 1244 1472 53253 1907 1777 3639 2383 5888 7974
internal_value=0 -0.00118721 -0.00172609 0.000863366 0.000548666 0.00283147 0.00036585 0.000665618 -0.00106989 0.00139288 0.00199012 0.00532031 0.00153718 0.00056033
internal_weight=0 3347.32 2667.32 680.005 7317.12 517.912 6799.21 5651.53 1147.68 317.232 1432.47 249.94 1322.52 870.931
internal_count=140701 45282 36322 8960 95419 6943 88476 72226 16250 3684 18973 3627 17501 11613
is_linear=0
shrinkage=0.0101079


Tree=36
num_leaves=15
num_cat=0
split_feature=27 11 23 30 3 15 8 12 27 17 14 28 23 12
split_gain=59.7961 39.4396 30.7467 32.2638 31.2323 23.9435 24.2116 23.5883 21.968 21.3751 32.5768 28.2607 27.3442 20.9331
threshold=-0.47136868536472315 0.017215382307767872 1.6107102036476137 1.0000000180025095e-35 0.48378214240074163 18.761209487915043 -1.5083956718444822 0.069684844464063658 -0.88186877965927113 48.500000000000007 -7.2682096958160392 0.61734244227409374 0.52365428209304821 -0.0030843118438497181
decision_type=2 2 2 2 2 2 2 2 2 2 2 2 2 2
left_child=1 -1 3 4 -3 7 -7 9 -6 10 11 -2 -11 -14
right_child=5 2 -4 -5 8 6 -8 -9 -10 12 -12 -13 13 -15
leaf_value=0.0014796302256472641 -0.0025225391858365912 0.0022282500982189948 5.3376393045714362e-05 -0.0037046487843985189 -0.00067230598942300435 -0.0034300982747164249 0 0.0026016143153334147 -0.0039465655579554752 -0.0010658173975853242 0.0008956478697422839 0.00094689799710659048 0.0010988042221319661 0.0037023478658729249
leaf_weight=482.80575302429497 767.80228344723582 218.67685006558895 794.48979017883539 888.37887780554593 631.36664644256234 262.72626019828022 1020.1923493575305 641.82717887312174 341.66095678135753 471.65377539396286 1300.7803175747395 322.05230942927301 2128.3092915341258 391.46191695891321
leaf_count=6669 11162 2229 11146 11881 8702 2977 12448 7999 4751 7027 16616 4224 27488 5299
internal_value=0 -0.00113351 -0.00158921 -0.0022339 -0.00108713 0.000494431 -0.000740289 0.000764711 -0.00188507 0.000534766 -0.00016304 -0.00146096 0.00110493 0.00152926
internal_weight=0 3357.38 2874.57 2080.08 1191.7 7306.81 1282.92 6023.89 973.028 5382.06 2390.63 1089.85 2991.42 2519.77
internal_count=140618 45378 38709 27563 15682 95240 15425 79815 13453 71816 32002 15386 39814 32787
is_linear=0
shrinkage=0.0101079


Tree=37
num_leaves=15
num_cat=0
split_feature=27 28 30 21 20 28 7 13 2 13 33 29 28 17
split_gain=60.5337 41.8912 27.952 26.4601 33.5951 27.0164 24.3864 22.2568 25.1513 24.5327 31.0096 24.1777 19.7511 26.8208
threshold=-0.47136868536472315 0.50938662886619579 1.0000000180025095e-35 -8.0526790618896467 -4.1475882530212393 0.87137606739997875 4.0651001930236825 -0.02598323859274387 1.1565466523170473 -0.00042833694897126401 1.0013927817344668 1.0000000180025095e-35 -0.16288578510284421 57.500000000000007
decision_type=2 2 2 2 2 2 2 2 2 2 8 2 2 2
left_child=1 2 -1 4 -2 -6 -4 8 -5 10 12 -10 13 -9
right_child=3 -3 6 7 5 -7 -8 9 11 -11 -12 -13 -14 -15
leaf_value=0.00016853154816850538 7.5518946324779719e-05 -0.0037142513225339137 -0.00037673342100142467 -0.0018932267551702081 0.0077467480049990545 0.00030879845986816573 -0.0034544912981126843 -0.00050515575357185029 0.0040444172324716312 0.00017336434978751771 -0.001615849830472364 -0.0012799922054287009 0.0037819570023343882 0.0035764664693960775
leaf_weight=1681.0281780902296 277.07199296914041 545.26496044360101 591.47040944360197 835.13683662749827 158.35667446069419 89.118654549121857 523.62434800714254 395.52197409793735 164.19639816880226 4218.2880757432431 221.08420308120549 155.3554778508842 557.26660538837314 256.9289192892611
leaf_count=22520 3404 7719 8620 12582 2222 1345 6394 3752 1920 53284 7314 1770 5256 2569
internal_value=0 -0.00115569 -0.000633554 0.000484059 0.00266498 0.00531638 -0.00187171 0.000307174 -0.000954322 0.000573126 0.00171638 0.00136261 0.00236494 0.00106356
internal_weight=0 3341.39 2796.12 7328.33 524.547 247.475 1115.09 6803.78 1154.69 5649.09 1430.8 319.552 1209.72 652.451
internal_count=140671 45253 37534 95418 6971 3567 15014 88447 16272 72175 18891 3690 11577 6321
is_linear=0
shrinkage=0.0101079


Tree=38
num_leaves=15
num_cat=0
split_feature=27 28 0 15 23 13 30 23 2 2 16 3 10 23
split_gain=56.834 36.226 30.874 22.3291 29.4801 24.9217 22.1918 27.4691 21.9354 22.4587 20.3273 16.951 20.5981 17.5304
threshold=-0.47136868536472315 0.50938662886619579 0.59243062138557445 3.7049390077590947 1.0570699572563174 -0.068689703941345201 1.0000000180025095e-35 1.6107102036476137 2.3071508407592778 1.2526756525039675 0.4261185377836228 0.79182052612304699 0.10766929760575296 0.52365428209304821
decision_type=2 2 2 2 2 2 2 2 2 2 2 2 2 2
left_child=1 6 -2 4 5 -4 -1 8 9 -8 -11 13 -13 -5
right_child=2 -3 3 11 -6 -7 7 -9 -10 10 -12 12 -14 -15
leaf_value=0.00013752388176270925 -0.0014099635343795566 -0.0034337498875829332 0.0081640428857361839 -0.0025682191960335649 -0.00025985358725471685 0.002410232029396353 -0.0033936030361733384 0.00071374314596766382 -0.0068012567023249268 0.0036280416390878584 -0.0017565933201099848 0.0047116613024180123 0.00041535837509859829 0.00044586555867781336
leaf_weight=1679.8420543633401 736.7936886548996 549.46652610786259 99.271336566656828 194.56671000272036 291.35963983461261 496.05200077965856 402.91690609976649 321.30804146081209 113.61574754305184 107.13855991698802 178.48709490709007 203.96683305688202 302.33110046572983 4993.5128357503563
leaf_count=22491 12472 7801 1572 1971 3592 6784 5094 4445 1568 1576 2427 2389 3620 62908
internal_value=0 -0.00106371 0.000523683 0.000747697 0.00224649 0.00352806 -0.000576703 -0.00167416 -0.00267837 -0.00187278 0.000166949 0.00050452 0.00226923 0.000321428
internal_weight=0 3352.77 7317.85 6581.06 886.683 595.323 2803.31 1123.47 802.158 688.543 285.626 5694.38 506.298 5188.08
internal_count=140710 45402 95308 82836 11948 8356 37601 15110 10665 9097 4003 70888 6009 64879
is_linear=0
shrinkage=0.0101079


Tree=39
num_leaves=15
num_cat=0
split_feature=27 28 11 23 15 16 13 12 12 14 23 27 20 23
split_gain=52.1272 41.1328 44.6566 31.6795 29.7478 24.3859 30.6262 27.1448 24.6877 36.4636 28.5318 26.5117 30.7641 22.371
threshold=-0.47136868536472315 0.50938662886619579 0.017215382307767872 1.6107102036476137 3.9244840145111088 0.37691895663738256 0.039272310212254531 0.016518645919859413 0.064517509192228331 -1.9565268158912656 0.76587793231010448 0.69930991530418407 -1.2267246842384336 1.0570699572563174
decision_type=2 2 2 2 2 2 2 2 2 2 2 2 2 2
left_child=1 2 -1 -4 13 7 8 -6 9 11 -10 12 -7 -2
right_child=4 -3 3 -5 5 6 -8 -9 10 -11 -12 -13 -14 -15
leaf_value=0.0024764084751641565 0.0029944342649071021 -0.0036060593605657739 -0.0019211956087973401 0.00051716632510162444 -0.00020039222003451153 -0.00098545547496543383 -0.00055459716596769281 -0.0040058541030194364 0.0053457417642457069 -0.0028630272908984813 0.0010412268226170981 -0.00036285024673648596 0.0025410490948413154 -0.00011585005936722652
leaf_weight=407.85081908293068 728.9481493756175 545.13320881128311 1589.945094242692 787.50461219064891 764.06361964158714 297.01445850916207 1876.857923194766 260.55135918222368 263.80721688084304 270.1753472276032 460.95540182292461 884.54109698906541 1191.4715773817152 311.07232616469264
leaf_count=5523 10681 7747 20874 11038 10162 3830 23092 4057 3094 3188 5815 11697 15769 3842
internal_value=0 -0.00107306 -0.000554305 -0.00109746 0.000450899 0.000180108 0.000464638 -0.00122979 0.00104459 0.000568188 0.00270271 0.000983779 0.00180886 0.00203142
internal_weight=0 3330.43 2785.3 2377.45 7309.46 6269.44 5244.82 1024.61 3367.97 2643.2 724.763 2373.03 1488.49 1040.02
internal_count=140409 45182 37435 31912 95227 80704 66485 14219 43393 34484 8909 31296 19599 14523
is_linear=0
shrinkage=0.0101079


Tree=40
num_leaves=15
num_cat=0
split_feature=29 13 13 3 0 16 33 29 29 22 0 2 12 20
split_gain=37.6821 35.6484 35.7111 32.2963 39.3119 32.6828 32.2054 39.2751 30.3698 51.7041 49.5272 27.7982 25.5704 25.3095
threshold=-1.0000000180025095e-35 0.039911685511469848 -0.019994869828224179 0.33540341258049017 0.68830862641334545 0.59541648626327526 1.0000000180025095e-35 1.0000000180025095e-35 1.0000000180025095e-35 -0.73920112848281849 0.82461303472518932 1.0087202787399294 0.13078002631664279 3.4791522026062016
decision_type=2 2 2 2 2 2 10 2 2 2 2 2 2 2
left_child=-1 2 3 -2 -5 -6 -3 13 10 -10 -4 -12 -11 -8
right_child=1 6 8 4 5 -7 7 -9 9 12 11 -13 -14 -15
leaf_value=0.0011681878332708211 0.0015016119881140022 0.0017365416586273897 0.0052508550352577824 -0.0046488431535920962 -0.0012871190758373815 0.0042966592736099736 -0.0056730970161818928 -0.00092518802049810177 -0.0027577781070872468 0.00087649202680634239 0.0031071557496402439 -0.0013989019581418761 -0.0040286426964880042 -0.00075725184315056555
leaf_weight=2138.5271289404482 402.36986430734396 260.40273985639215 336.81943834386766 346.7678328435868 1309.9699368961155 106.59045455232263 378.67269250378013 1278.7215967364609 523.33510618284345 2740.8049603383988 220.24131810478866 346.0476685333997 103.09286385029554 179.87188752368093
leaf_count=27965 6641 8098 4960 5336 17492 1301 3292 12703 6741 35947 2771 4539 1399 1405
internal_value=0 -0.000329592 3.7718e-05 -0.00101067 -0.00161081 -0.000817751 -0.00147185 -0.00195385 0.000579729 0.000123745 0.00222011 0.000301046 0.000674169 -0.00419309
internal_weight=0 8533.71 6436.04 2165.7 1763.33 1416.56 2097.67 1837.27 4270.34 3367.23 903.108 566.289 2843.9 558.545
internal_count=140590 112625 87127 30770 24129 18793 25498 17400 56357 44087 12270 7310 37346 4697
is_linear=0
shrinkage=0.0101079


Tree=41
num_leaves=15
num_cat=0
split_feature=27 29 11 22 3 16 3 15 13 13 15 27 11 20
split_gain=52.7967 42.0037 51.3393 52.6602 33.5757 28.4271 25.5571 24.3407 21.9553 26.1279 19.2567 30.3032 17.9265 17.2755
threshold=-0.47136868536472315 -1.0000000180025095e-35 0.021947383880615238 0.04498961195349694 0.63123613595962536 0.37691895663738256 0.48378214240074163 3.9930268526077275 -0.024342893622815606 0.040528561919927604 9.1979074478149432 0.66746801137924205 0.058396106585860259 -1.2267246842384336
decision_type=2 2 2 2 2 2 2 2 2 2 2 2 2 2
left_child=1 6 4 -4 -3 -6 -1 -2 10 13 -9 -12 -11 -10
right_child=7 2 3 -5 5 -7 -8 8 9 12 11 -13 -14 -15
leaf_value=0.0054860768451061564 0.0018831738590928627 0.0061844283364570988 -0.003566592014577979 -0.00028631270547052086 0.0038459143780481945 -0.0019066012457154263 0.00019323692252249888 -0.0018786350288438483 -0.00029539261981390247 -0.0038679186547218949 0.0042832896936198803 -0.0021215208474560745 -0.00012513762148475466 0.0014296445147987372
leaf_weight=108.4875724632293 1078.3218739032745 102.13765756972134 1318.5701790489256 850.42638109065592 118.87731643952429 276.73436127789319 572.60045217908919 798.5857355222106 716.44835072755814 136.95423585735261 145.83869100734591 133.14621161669493 1703.7544726990163 2613.4956240691245
leaf_count=1128 14903 1235 17479 11964 1731 3942 7871 11291 8940 1982 1700 1639 20708 34193
internal_value=0 -0.00104972 -0.00162747 -0.00230457 0.0012332 -3.75202e-05 0.00114657 0.000480986 0.00023052 0.00050953 -0.00106514 0.00111018 -0.000440345 0.00104654
internal_weight=0 3347.83 2666.75 2169 497.749 395.612 681.088 7326.55 6248.22 5170.65 1077.57 278.985 1840.71 3329.94
internal_count=140706 45350 36351 29443 6908 5673 8999 95356 80453 65823 14630 3339 22690 43133
is_linear=0
shrinkage=0.0101079


Tree=42
num_leaves=15
num_cat=0
split_feature=27 11 23 15 3 23 13 13 3 15 10 14 13 15
split_gain=57.2746 38.5448 31.5567 26.1046 24.1465 23.9937 22.382 32.817 21.0083 19.6859 18.8867 18.7198 32.8785 24.641
threshold=-0.47136868536472315 0.021947383880615238 1.535398602485657 3.7049390077590947 0.79182052612304699 0.45019736886024481 -0.068689703941345201 -0.041991515085101121 0.5935209095478059 4.6249694824218759 0.099615279585123076 -7.4061741828918448 -0.0079169780947267992 11.379695892333986
decision_type=2 2 2 2 2 2 2 2 2 2 2 2 2 2
left_child=1 8 -3 6 5 -5 -2 -8 -1 -10 -6 -7 13 -13
right_child=3 2 -4 4 10 11 7 -9 9 -11 -12 12 -14 -15
leaf_value=0.0053155990255548723 0.0054851482755660097 -0.0023444888713287362 0 -0.0022871872863897027 0.0046924396264556266 -0.00049273503909066777 -0.0024885817487687793 0.0023590976693304276 0.0036202899594221026 -0.00080501089098652533 0.00065942212752957794 0.0014253940836323308 0.00039815579116002039 0.0079650821629912594
leaf_weight=96.209548931568861 161.69210271164775 1862.042318623513 858.54721414111555 399.88928202912211 204.66706069000065 2059.2012777104974 169.28670080937445 635.6453709769994 128.01209202036262 397.46237127482891 342.08039731346071 187.09590268321335 3065.349242893979 98.786779331043363
leaf_count=1093 2543 24752 11942 5747 2456 28048 2485 8399 1851 5676 4193 2480 37763 1232
internal_value=0 -0.00108334 -0.00160783 0.000511859 0.00026805 6.84516e-05 0.00205905 0.00127593 0.00113925 0.000233477 0.00228599 0.00025301 0.000723377 0.00397152
internal_weight=0 3342.27 2720.59 7323.69 6357.07 5810.32 966.624 804.932 621.684 525.474 546.747 5410.43 3351.23 285.883
internal_count=140660 45314 36694 95346 81919 75270 13427 10884 8620 7527 6649 69523 41475 3712
is_linear=0
shrinkage=0.0101079


Tree=43
num_leaves=15
num_cat=0
split_feature=21 29 23 3 29 2 11 11 12 15 14 7 11 12
split_gain=40.3047 31.7371 32.9197 26.0474 21.1561 20.9495 20.7422 19.6054 18.5707 22.8671 26.171 27.2042 48.1737 32.5776
threshold=6.8583624362945566 -0.60785761475563038 0.54508703947067272 0.79543840885162365 -1.0000000180025095e-35 1.5888382792472842 0.15765893459320071 0.088368140161037459 -0.14131551235914228 3.4145891666412358 -8.5248394012451154 1.4088759422302248 0.049946427345275886 -0.044953137636184685
decision_type=2 2 2 2 2 2 2 2 2 2 2 2 2 2
left_child=1 -1 3 -3 5 -2 7 -6 -4 -10 -11 -12 -13 -14
right_child=4 2 8 -5 6 -7 -8 -9 9 10 11 12 13 -15
leaf_value=0.0053083140476836953 -0.0012305814626856844 -0.0021534561978128557 -0.0017450313638457298 0.0031952975661694643 -0.00021752672038800758 0.0029213980441731161 0.00022679577672277026 -0.0030901348037941055 0.0019615049637676757 -0.00049267275772563917 0.0021324241515328934 -0.0012321373127069891 0.00671371960181745 0.0010326080353176275
leaf_weight=121.13485954329371 256.74418412707746 829.31432010047138 354.9531926382333 92.254547610878944 365.96702813357115 216.64418542943895 384.38501593843102 972.21353005617857 1044.065740024671 2346.3024480137974 1175.8944882340729 1163.1768881082535 110.23247403465211 1224.920086927712
leaf_count=1526 3276 11786 4813 1388 4919 2954 4426 11417 14835 32355 15346 14894 1257 15333
internal_value=0 0.000313651 0.000231478 -0.00155258 -0.0012209 0.000601566 -0.00174559 -0.00234031 0.000459893 0.000578167 0.000329374 0.000865253 0.000247992 0.00156731
internal_weight=0 8462.25 8341.11 921.569 2195.95 473.388 1722.57 1338.18 7419.55 7064.59 6020.53 3674.22 2498.33 1335.15
internal_count=140525 113533 112007 13174 26992 6230 20762 16336 98833 94020 79185 46830 31484 16590
is_linear=0
shrinkage=0.0101079


Tree=44
num_leaves=15
num_cat=0
split_feature=27 28 11 29 23 0 17 3 12 0 28 16 12 29
split_gain=54.0447 37.6498 38.9756 43.0052 44.4927 28.4609 24.4477 23.0259 22.6733 30.0106 23.2892 22.3355 20.1776 19.5109
threshold=-0.47136868536472315 0.6835516393184663 0.021947383880615238 -1.0000000180025095e-35 0.83932718634605419 0.59243062138557445 48.500000000000007 0.48378214240074163 0.064517509192228331 0.78646549582481395 0.7298206388950349 0.83295178413391124 -0.0030843118438497181 0.87837970256805431
decision_type=2 2 2 2 2 2 2 2 2 2 2 2 2 2
left_child=1 2 -1 7 -5 -2 8 -4 10 -10 -7 12 -8 -6
right_child=5 -3 3 4 13 6 11 -9 9 -11 -12 -13 -14 -15
leaf_value=0.0014969884868825068 -0.0013827918550370869 -0.0054357959281159073 0.0053891762427564632 -0.0044295650134288204 -0.0017605914869088469 -0.00097976758230469869 0.0012438112072912183 2.7639076191779164e-05 0.0042636519407617769 0.00039057177705268038 0.0012369530125870187 -0.0016851000710743267 0.0037911765833063705 0.00078957214721612546
leaf_weight=590.55928431637585 741.81093618087471 186.99252507276833 98.310115989297628 566.32062841020525 1074.8527673315257 1881.6302295718342 2223.368764847517 430.56688778474927 261.29583605751395 990.02414065785706 631.73660927452147 204.0231711845845 395.42887794226408 397.27872537449002
leaf_count=8085 12586 2840 1027 7273 14839 25353 28009 5882 3165 11515 7091 2438 5117 5443
internal_value=0 -0.00108184 -0.000798742 -0.00134543 -0.00201774 0.000467039 0.000682845 0.00116224 0.000136946 0.00125245 -0.000404471 0.00139425 0.00165377 -0.0010445
internal_weight=0 3344.88 3157.89 2567.33 2038.45 7329.32 6587.51 528.877 3764.69 1251.32 2513.37 2822.82 2618.8 1472.13
internal_count=140663 45389 42549 34464 27555 95274 82688 6909 47124 14680 32444 35564 33126 20282
is_linear=0
shrinkage=0.0101079


Tree=45
num_leaves=15
num_cat=0
split_feature=29 15 13 0 3 15 2 8 33 3 23 3 12 30
split_gain=35.7414 37.4363 41.3926 31.1269 33.2602 30.1077 22.4693 21.9695 22.1104 21.8984 25.0379 28.3687 22.2891 20.302
threshold=-1.0000000180025095e-35 17.012409210205082 -0.019994869828224179 0.68830862641334545 0.32527601718902593 6.4499578475952157 1.0601070523262026 0.79292139410972606 0.90112781524658214 0.86171111464500438 0.67665782570838939 0.44293461740016943 0.053398085758090026 1.0000000180025095e-35
decision_type=2 2 2 2 2 2 2 2 10 2 2 2 2 2
left_child=6 2 3 4 -2 13 -1 8 -3 10 -7 -12 -13 -4
right_child=1 7 5 -5 -6 9 -8 -9 -10 -11 11 12 -14 -15
leaf_value=0.00015133512947717025 0.00042973658534412496 0.0010237404401711898 0.00057136776583380136 -0.00039665441958183512 -0.0049650292196457288 -0.0011727659761149886 0.0022692737484179019 0 -0.0028356002684617426 -0.0021095070183155978 0.002960947510275239 -0.0004638148988340635 0.0020866854262302156 0.0033008952750756019
leaf_weight=1147.5604788586497 151.30081025511026 154.83719903044403 606.4874906744808 1649.1939439270645 354.20502610318363 741.09140627644956 987.62550202012062 583.34539650194347 1104.6406241431832 394.65370042063296 537.76944119110703 1167.218888791278 484.23179151117802 591.99958000704646
leaf_count=14822 2540 4956 8248 22705 5485 9977 13044 6931 10335 5595 7904 14129 6081 7704
internal_value=0 -0.000305594 4.09744e-05 -0.00110317 -0.00328905 0.000595854 0.00115448 -0.00157839 -0.00232587 8.66166e-05 0.000400887 0.000954256 0.000265782 0.00196557
internal_weight=0 8520.98 6678.15 2154.7 505.506 4523.45 2135.19 1842.82 1259.48 3324.97 2930.31 2189.22 1651.45 1198.49
internal_count=140456 112590 90368 30730 8025 59638 27866 22222 15291 43686 38091 28114 20210 15952
is_linear=0
shrinkage=0.0101079


Tree=46
num_leaves=15
num_cat=0
split_feature=27 11 29 23 3 15 29 27 12 15 29 23 11 23
split_gain=50.5423 37.6528 42.0905 60.2385 27.12 22.247 22.2335 21.8688 20.9393 28.3625 20.6909 22.4724 23.1499 20.1068
threshold=-0.47136868536472315 0.017215382307767872 -1.0000000180025095e-35 0.83932718634605419 0.48378214240074163 3.9930268526077275 0.87837970256805431 -0.9686339497566222 0.10333798080682756 10.383965492248537 -0.60785761475563038 0.52365428209304821 0.082983177155256285 1.1762840747833254
decision_type=2 2 2 2 2 2 2 2 2 2 2 2 2 2
left_child=1 -1 4 -4 -3 13 7 -5 9 -6 -7 12 -12 -2
right_child=5 2 3 6 8 10 -8 -9 -10 -11 11 -13 -14 -15
leaf_value=0.001524856329316342 0.0025150219320410655 0.0053158146963080749 -0.0045521195347631134 -0.0040468872864299196 0.00059727104535941438 0.0040950545835309127 0.0009483328689193478 -0.00078389500708442869 0.003443841147372471 -0.0050827549822862091 -0.00022669945911108245 0.00037247604264217387 -0.0043258319555435562 -0.00080377491165109006
leaf_weight=486.44946674071252 865.79211621917784 107.07787894271314 702.96663884446025 298.06810473836958 233.96928711235523 132.441092107445 426.48778088018298 838.74261107482016 115.20067960396409 127.74404036812484 480.96213167347014 5426.371747283265 206.96063257195055 211.74800763837993
leaf_count=6660 12399 1106 9384 4393 3309 1565 5863 11310 1556 1672 6750 69037 2914 2553
internal_value=0 -0.00101671 -0.00146756 -0.00209514 0.000895013 0.000482608 -0.000947791 -0.00169611 -8.20746e-05 -0.00136264 0.000242725 0.000147663 -0.00155208 0.00182446
internal_weight=0 3336.71 2850.26 2266.27 583.992 7324.28 1563.3 1136.81 476.914 361.713 6246.74 6114.29 687.923 1077.54
internal_count=140471 45253 38593 30950 7643 95218 21566 15703 6537 4981 80266 78701 9664 14952
is_linear=0
shrinkage=0.0101079


Tree=47
num_leaves=15
num_cat=0
split_feature=29 22 15 12 4 2 2 12 6 29 7 33 0 2
split_gain=35.7653 31.874 32.4047 22.4002 19.8661 19.4765 17.7836 19.4769 18.8279 21.0994 28.434 17.0583 22.1043 21.9537
threshold=-1.0000000180025095e-35 -0.58022254705429066 17.16136455535889 -0.14757779985666272 0.61708098649978649 1.0601070523262026 1.4108862280845644 0.070781685411930098 0.30514664947986608 1.0000000180025095e-35 -3.6960573196411128 0.9590476155281068 0.87985420227050792 1.7098083496093752
decision_type=2 2 2 2 2 2 2 2 2 2 2 10 2 2
left_child=5 6 3 -3 -4 -1 7 8 9 10 -2 -7 -13 -14
right_child=1 2 4 -5 -6 11 -8 -9 -10 -11 -12 12 13 -15
leaf_value=0.00024617882142670817 -0.0012969659699762952 -0.0024898878629148252 -0.0026329422266449382 0.00065745140465855003 -0.00010191795466822805 -0.00060092791641492074 -0.002970611804044595 0.002541687450017868 -0.0021033668248223642 -0.0010016688952214424 0.0056194342256323734 0.0053527180803847121 0 0.0038287323407124444
leaf_weight=1148.5778174158186 90.972828542813659 231.22732927277684 599.29500374011695 4624.6443253457546 738.08100728690624 158.20297306030989 504.46120616793633 151.09272177144885 892.9799629971385 559.43940399587154 129.3593543432653 249.59880963712931 344.19300778582692 250.39855184406042
leaf_count=14840 1358 2962 7512 62742 8822 4894 6768 1737 11343 7726 1788 2425 3313 2567
internal_value=0 -0.000267663 0.000105672 0.000495582 -0.00127472 0.00118839 -0.00127517 -0.000773681 -0.00110743 0 0.00263826 0.00221788 0.00279433 0.00159889
internal_weight=0 8521.55 6193.25 4855.87 1337.38 2150.97 2328.31 1823.84 1672.75 779.772 220.332 1002.39 844.19 594.592
internal_count=140797 112758 82038 65704 16334 28039 30720 23952 22215 10872 3146 13199 8305 5880
is_linear=0
shrinkage=0.0101079


Tree=48
num_leaves=15
num_cat=0
split_feature=27 11 29 23 29 21 20 27 29 27 23 21 27 11
split_gain=48.2653 37.456 36.9083 58.4603 25.7817 25.0692 27.7683 35.3071 24.0182 23.4901 22.114 35.1804 17.4424 16.9148
threshold=-0.49049438536167139 0.015476020518690349 -1.0000000180025095e-35 0.83932718634605419 -0.60785761475563038 -8.0526790618896467 -4.1475882530212393 0.33172981441020971 0.87837970256805431 -0.9686339497566222 1.0979344844818117 -0.18415543437004087 -0.88186877965927113 0.11283504217863084
decision_type=2 2 2 2 2 2 2 2 2 2 2 2 2 2
left_child=1 12 10 -4 -2 6 -6 -8 9 -5 11 -3 -1 -7
right_child=4 2 3 8 5 13 7 -9 -10 -11 -12 -13 -14 -15
leaf_value=0.0037030529894625701 0.0043397866899629522 -0.0010987301449537771 -0.0044811856552989587 -0.0040835217942157363 7.7078288182849732e-05 0.00040577701410455397 2.5217656300466195e-05 0.0081448791302237943 0.001057659194620584 -0.00073800942882212633 -0.0010072584186482099 0.0058480020823100968 -0.00018513075266945227 -0.00092426291481797899
leaf_weight=212.73867975361645 163.25932641886175 115.80418986640871 698.35221908800304 306.84294377453625 269.12335845641792 5553.5071041230112 104.12477062270045 137.84630620852113 424.94849311746657 827.78418483398855 309.37381391786039 159.35788326337934 212.49023379944265 1166.1404680348933
leaf_count=2939 1992 1530 9369 4515 3312 73157 1439 2051 5865 11225 4219 1923 2879 14188
internal_value=0 -0.00103529 -0.00146178 -0.0020513 0.000438267 0.000340099 0.00248696 0.0049207 -0.000920866 -0.00169945 0.000744099 0.00283046 0.00169753 0.000168153
internal_weight=0 3267.69 2842.46 2257.93 7394 7230.74 511.094 241.971 1559.58 1134.63 584.536 275.162 425.229 6719.65
internal_count=140603 44464 38646 30974 96139 94147 6802 3490 21605 15740 7672 3453 5818 87345
is_linear=0
shrinkage=0.0101079


Tree=49
num_leaves=15
num_cat=0
split_feature=27 28 11 21 13 2 13 33 15 27 23 0 21 18
split_gain=58.1717 39.7709 37.9876 25.6612 32.0993 28.575 28.5034 31.8209 25.5584 33.3058 24.0219 23.2343 21.9415 17.9094
threshold=-0.47136868536472315 0.50938662886619579 0.013381542637944223 -8.0526790618896467 -0.02598323859274387 1.3070620298385622 -0.00042833694897126401 1.6250000000000002 9.4072546958923358 0.66746801137924205 1.5921131372451784 0.89481854438781749 -2.5479016304016109 32.500000000000007
decision_type=2 2 2 2 2 2 2 8 2 2 2 2 2 2
left_child=1 2 -1 5 8 -2 7 11 13 -10 -4 12 -6 -5
right_child=3 -3 10 4 6 -7 -8 -9 9 -11 -12 -13 -14 -15
leaf_value=0.0027004561975389942 0.0054331001113571914 -0.0035540123803342091 -0.001698629583391014 5.2823092870799977e-05 0.0072504282821336946 0.00051637279147438611 0.00026093332415152466 -0.0014342609437967963 0.0053583395606970089 -0.0019116555344715397 0.00036268249628553049 0.00098660814814413968 0.0026245231538635657 -0.0028707134477994048
leaf_weight=311.89419535174966 219.96889376826584 543.47323324158788 1634.1040872037411 281.52639599516988 159.73519525676966 305.62099493667483 4223.1902926247567 223.41042710281909 119.89428157359362 113.5283593647182 843.49520570971072 576.63892274722457 481.06819444522262 630.87129629403353
leaf_count=4193 3169 7802 21555 4224 1475 3791 53173 7357 1374 1400 11787 5478 4626 9189
internal_value=0 -0.00105828 -0.000549188 0.000550107 0.000375527 0.00269838 0.000692234 0.00192039 -0.00114914 0.0017059 -0.000981604 0.00257416 0.00391186 -0.00193166
internal_weight=0 3332.97 2789.49 7335.45 6809.86 525.59 5664.04 1440.85 1145.82 233.423 2477.6 1217.44 640.803 912.398
internal_count=140593 45337 37535 95256 88296 6960 72109 18936 16187 2774 33342 11579 6101 13413
is_linear=0
shrinkage=0.0101079


Tree=50
num_leaves=15
num_cat=0
split_feature=27 11 22 15 8 12 12 11 15 27 0 13 13 20
split_gain=40.2841 32.1642 28.6366 22.1015 28.9876 22.1709 21.0868 21.0794 20.9302 30.6142 18.1421 20.2255 34.3576 21.6389
threshold=-0.47136868536472315 0.017215382307767872 0.2895715087652207 18.761209487915043 -1.5083956718444822 0.069684844464063658 0.038435352966189391 0.16459554433822635 14.137425899505617 0.31107263267040258 0.59243062138557445 -0.062801986932754503 -0.034581271931529038 -0.96355473995208729
decision_type=2 2 2 2 2 2 2 2 2 2 2 2 2 2
left_child=1 -1 -3 5 -5 6 10 -6 -7 -10 -2 -12 -13 -14
right_child=3 2 -4 4 7 8 -8 -9 9 -11 11 12 13 -15
leaf_value=0.0014080076572407982 -0.0010287861278996894 -0.0020449754166044793 9.3304266366405901e-05 -0.0037760920480829005 -0.00077123131731662625 0.00065664536351177046 -0.00095625854675801363 0.0027426283338252032 0 0.0069014193573375951 0.0033324677687112266 -0.0017020567469152525 0.00023310509756489141 0.001934642657075196
leaf_weight=487.3626808449626 506.28448147885501 1937.6306571960449 900.05798676796257 255.88042750954628 801.23742896877229 364.68162949196994 891.3767531812191 214.72093526646495 107.07021761499345 181.14436372369528 337.61147766932845 496.04680241644382 1556.0692019984126 1621.5022589191794
leaf_count=6668 8681 25974 12701 2897 9836 4643 11677 2603 1266 2188 4869 6565 19062 21030
internal_value=0 -0.000934793 -0.00135409 0.00040506 -0.00078864 0.000662863 0.000439512 0 0.00242543 0.00445192 0.000725018 0.000957988 0.000722311 0.00111666
internal_weight=0 3325.05 2837.69 7333.63 1271.84 6061.79 5408.89 1015.96 652.896 288.215 4517.51 4011.23 3673.62 3177.57
internal_count=140660 45343 38675 95317 15336 79981 71884 12439 8097 3454 60207 51526 46657 40092
is_linear=0
shrinkage=0.0101079


Tree=51
num_leaves=15
num_cat=0
split_feature=27 28 11 29 22 0 15 13 15 27 13 13 14 15
split_gain=49.6846 38.4085 39.8558 44.9951 39.2952 29.5778 27.839 22.5084 20.0536 34.7401 18.429 30.9355 27.0728 18.0121
threshold=-0.49049438536167139 0.6835516393184663 0.015476020518690349 -1.0000000180025095e-35 0.035927761346101768 0.92333117127418529 3.9930268526077275 -0.024342893622815606 9.4072546958923358 0.66746801137924205 -0.068689703941345201 -0.041991515085101121 -25.370950698852536 19.281356811523441
decision_type=2 2 2 2 2 2 2 2 2 2 2 2 2 2
left_child=1 2 -1 5 -5 -4 10 8 -8 -10 12 -12 -2 -9
right_child=6 -3 3 4 -6 -7 7 13 9 -11 11 -13 -14 -15
leaf_value=0.0020897218515648639 0.0004259833992106442 -0.0058723671898562296 0.0044551517962546994 -0.0030714706228785237 -0.00022972490772644894 -0.0003162862878490612 -0.0019244303911960324 0.00077525036946209059 0.0046910288935101902 -0.0024054546490760243 -0.0022394480087682398 0.002228812636616086 0.0087073113292771807 -0.00061884531814394243
leaf_weight=406.35930663719773 90.514958629384637 156.6869112290442 186.56447450257838 1257.749792739749 874.69769742712379 374.59845903329551 830.3147575892508 4007.261138767004 136.24031521193683 123.89488958381116 187.1606366392225 722.46160488203168 87.675196809694171 1200.9706204216927
leaf_count=5534 1489 2441 2229 16674 12411 5117 11647 51974 1566 1510 2770 9522 1307 14373
internal_value=0 -0.00106771 -0.000798 -0.00125331 -0.00192973 0.00123732 0.00042916 0.00016326 -0.00114203 0.00118771 0.00191995 0.0012543 0.00490888 0.000445585
internal_weight=0 3256.66 3099.97 2693.61 2132.45 561.163 7386.49 6298.68 1090.45 260.135 1087.81 909.622 178.19 5208.23
internal_count=140564 44406 41965 36431 29085 7346 96158 81070 14723 3076 15088 12292 2796 66347
is_linear=0
shrinkage=0.0101079


Tree=52
num_leaves=15
num_cat=0
split_feature=27 28 11 29 22 3 21 20 28 13 2 29 30 3
split_gain=38.5624 37.7539 32.7976 40.064 38.6429 28.8086 27.4567 23.9202 27.8766 21.5861 27.3455 23.6511 21.7053 23.632
threshold=-0.47136868536472315 0.6835516393184663 0.018064788542687896 -1.0000000180025095e-35 -0.12478293851017951 0.48378214240074163 -8.0526790618896467 -4.0500941276550284 0.60003554821014415 -0.02598323859274387 1.1565466523170473 1.0000000180025095e-35 -0.56174489110708226 0.33540341258049017
decision_type=2 2 2 2 2 2 2 2 2 2 2 2 2 2
left_child=1 2 -1 5 -5 -4 7 -2 -9 10 12 -12 -8 -14
right_child=6 -3 3 4 -6 -7 9 8 -10 -11 11 -13 13 -15
leaf_value=0.0017370543987214127 0.00038855210394700125 -0.005314634003291221 0.0060038592023041086 -0.0030737162115255776 -0.00028372173187893893 6.6829602523919314e-05 -0.0042127133834549335 0.0079510989089250864 0.0006697403285453417 0.00046841305106266174 0.0040258688583317956 -0.0012546795374634909 0.0018541735900626803 -0.0023872797030742451
leaf_weight=479.76332422345877 275.94791755266488 183.92106223665178 99.371332135051489 1074.3057114109397 1023.8932850770652 448.78758192993701 295.01537718251348 131.55994370020926 111.53423012420535 5669.7156497500837 164.5493985787034 152.82346602343023 205.11056162416935 334.35454506240785
leaf_count=6554 3423 2818 1026 14229 14352 6115 4794 1764 1711 72250 1920 1752 3104 4739
internal_value=0 -0.000927217 -0.000643851 -0.0010945 -0.00173743 0.00128364 0.000385399 0.0026159 0.00489394 0.00020702 -0.00103931 0.00138878 -0.00201508 -0.000697239
internal_weight=0 3310.04 3126.12 2646.36 2098.2 548.159 7340.61 519.042 243.094 6821.57 1151.85 317.373 834.48 539.465
internal_count=140551 45094 42276 35722 28581 7141 95457 6898 3475 88559 16309 3672 12637 7843
is_linear=0
shrinkage=0.0101079


end of trees

feature_importances:
Column_29=83
Column_27=82
Column_13=66
Column_15=62
Column_23=53
Column_11=51
Column_21=37
Column_3=35
Column_2=34
Column_28=33
Column_0=27
Column_12=25
Column_20=25
Column_30=24
Column_14=17
Column_7=14
Column_16=14
Column_22=14
Column_8=9
Column_33=9
Column_17=8
Column_32=6
Column_9=5
Column_4=3
Column_10=3
Column_6=2
Column_18=1

parameters:
[boosting: gbdt]
[objective: binary]
[metric: auc]
[tree_learner: serial]
[device_type: cpu]
[data_sample_strategy: bagging]
[data: ]
[valid: ]
[num_iterations: 600]
[learning_rate: 0.0101079]
[num_leaves: 15]
[num_threads: 2]
[seed: 1337]
[deterministic: 0]
[force_col_wise: 0]
[force_row_wise: 0]
[histogram_pool_size: -1]
[max_depth: -1]
[min_data_in_leaf: 1280]
[min_sum_hessian_in_leaf: 0.001]
[bagging_fraction: 0.829452]
[pos_bagging_fraction: 1]
[neg_bagging_fraction: 1]
[bagging_freq: 1]
[bagging_seed: 1337]
[feature_fraction: 0.727545]
[feature_fraction_bynode: 1]
[feature_fraction_seed: 1337]
[extra_trees: 0]
[extra_seed: 18955]
[early_stopping_round: 0]
[early_stopping_min_delta: 0]
[first_metric_only: 0]
[max_delta_step: 0]
[lambda_l1: 4.00664]
[lambda_l2: 7.63247]
[linear_lambda: 0]
[min_gain_to_split: 0]
[drop_rate: 0.1]
[max_drop: 50]
[skip_drop: 0.5]
[xgboost_dart_mode: 0]
[uniform_drop: 0]
[drop_seed: 17763]
[top_rate: 0.2]
[other_rate: 0.1]
[min_data_per_group: 100]
[max_cat_threshold: 32]
[cat_l2: 10]
[cat_smooth: 10]
[max_cat_to_onehot: 4]
[top_k: 20]
[monotone_constraints: ]
[monotone_constraints_method: basic]
[monotone_penalty: 0]
[feature_contri: ]
[forcedsplits_filename: ]
[refit_decay_rate: 0.9]
[cegb_tradeoff: 1]
[cegb_penalty_split: 0]
[cegb_penalty_feature_lazy: ]
[cegb_penalty_feature_coupled: ]
[path_smooth: 0]
[interaction_constraints: ]
[verbosity: -1]
[saved_feature_importance_type: 0]
[use_quantized_grad: 0]
[num_grad_quant_bins: 4]
[quant_train_renew_leaf: 0]
[stochastic_rounding: 1]
[linear_tree: 0]
[max_bin: 255]
[max_bin_by_feature: ]
[min_data_in_bin: 3]
[bin_construct_sample_cnt: 200000]
[data_random_seed: 4404]
[is_enable_sparse: 1]
[enable_bundle: 1]
[use_missing: 1]
[zero_as_missing: 0]
[feature_pre_filter: 1]
[pre_partition: 0]
[two_round: 0]
[header: 0]
[label_column: ]
[weight_column: ]
[group_column: ]
[ignore_column: ]
[categorical_feature: ]
[forcedbins_filename: ]
[precise_float_parser: 0]
[parser_config_file: ]
[objective_seed: 4113]
[num_class: 1]
[is_unbalance: 0]
[scale_pos_weight: 1]
[sigmoid: 1]
[boost_from_average: 1]
[reg_sqrt: 0]
[alpha: 0.9]
[fair_c: 1]
[poisson_max_delta_step: 0.7]
[tweedie_variance_power: 1.5]
[lambdarank_truncation_level: 30]
[lambdarank_norm: 1]
[label_gain: ]
[lambdarank_position_bias_regularization: 0]
[eval_at: ]
[multi_error_top_k: 1]
[auc_mu_weights: ]
[num_machines: 1]
[local_listen_port: 12400]
[time_out: 120]
[machine_list_filename: ]
[machines: ]
[gpu_platform_id: -1]
[gpu_device_id: -1]
[gpu_use_dp: 0]
[num_gpu: 1]

end of parameters

pandas_categorical:null
