tree
version=v4
num_class=1
num_tree_per_iteration=1
label_index=0
max_feature_idx=33
objective=binary sigmoid:1
feature_names=Column_0 Column_1 Column_2 Column_3 Column_4 Column_5 Column_6 Column_7 Column_8 Column_9 Column_10 Column_11 Column_12 Column_13 Column_14 Column_15 Column_16 Column_17 Column_18 Column_19 Column_20 Column_21 Column_22 Column_23 Column_24 Column_25 Column_26 Column_27 Column_28 Column_29 Column_30 Column_31 Column_32 Column_33
feature_infos=[0.22403052449226379:4.806818962097168] [0.027025075629353523:26.170040130615234] [0.17134076356887817:8.6935958862304688] [0.087584272027015686:1] [-28.67047119140625:41.262332916259766] [-36.190670013427734:42.326030731201172] [-36.841156005859375:62.500308990478516] [-45.158794403076172:63.120437622070312] [-22.455821990966797:30.680826187133789] [0:0.95389312505722046] [0:0.64536702632904053] [0:0.40022626519203186] [-0.51016271114349365:0.5480339527130127] [-0.15599349141120911:0.22172828018665314] [-46.22015380859375:17.161741256713867] [-8.3726015090942383:64.2962646484375] [0:1] [0:95] [0:95] [-1:1] [-29.775985717773438:44.984848022460938] [-30.525325775146484:55.0223388671875] [-2.8409864902496338:15.253066062927246] [0.049656935036182404:5.4310722351074219] [-1:1] [0:1] [0:1] [-1:1] [-1:1] [-0.78183150291442871:0.97492790222167969] [-0.90096884965896606:1] [0:1] [0:1] [0.8888888955116272:4.5999999046325684]
tree_sizes=8571 8724 8631 8659 8740 8701 8707 8716 8685 8706 8621 8743 8720 8672 8640 8756 8712

Tree=0
num_leaves=79
num_cat=0
split_feature=14 7 4 12 14 28 21 30 3 14 11 11 21 3 3 30 17 33 9 21 3 28 3 14 14 7 30 12 28 33 4 14 28 11 3 3 3 30 14 14 14 3 4 18 33 17 28 3 8 30 18 17 11 14 3 33 28 28 28 12 30 3 12 14 3 11 18 30 12 18 3 8 4 11 21 32 7 12
split_gain=38.8736 61.7442 28.3895 28.0556 45.1887 43.1891 32.443 30.2042 27.8796 27.1938 20.3521 15.8744 15.8505 15.3945 15.5793 33.0427 21.8995 16.9964 15.2441 24.3767 19.7891 21.2123 24.7341 20.9493 17.4497 15.0207 14.5157 14.3646 14.9778 21.7605 13.8257 22.3118 13.751 15.7476 24.0272 20.6013 15.4187 16.4809 15.8657 15.2813 14.7322 19.6058 16.0547 15.4946 16.1534 13.5173 13.1414 12.8846 12.7014 16.2881 52.6481 52.6082 25.6277 28.1871 28.2123 23.6097 24.0088 22.4328 19.275 18.6103 30.4865 12.3174 11.8473 11.6654 22.4505 11.6304 11.3722 11.3085 11.2944 11.2137 11.9278 14.4246 11.1261 10.7754 12.757 10.7569 10.7225 10.546
threshold=-7.3751142024993888 1.0000000180025095e-35 -1.244493246078491 0.0568724311888218 -2.6190179586410518 -0.05451125651597976 9.2914948463439959 1.0000000180025095e-35 0.33917205035686498 -24.493218421936032 0.12116240337491037 0.062001211568713195 15.111762046813967 0.31845733523368841 0.74525859951972973 1.0000000180025095e-35 20.500000000000004 0.89692735671997081 0.12133180722594263 11.627359390258791 0.83989912271499645 0.6835516393184663 0.58764004707336437 -3.1725507974624629 -1.6943699121475218 9.1738390922546404 1.0000000180025095e-35 -0.19029320776462552 -0.77296444773674 0.99472221732139599 1.6018311977386477 -1.9959194064140318 0.9015902876853944 0.078796878457069411 0.78487512469291698 0.21138545870780948 0.44682799279689794 1.0000000180025095e-35 -4.915560007095336 -4.2357251644134513 -4.4609088897705069 0.5015249252319337 -0.72949305176734913 15.500000000000002 1.6250000000000002 39.500000000000007 -0.72982063889503468 0.68844780325889599 2.8630112409591679 -0.56174489110708226 59.500000000000007 23.500000000000004 0.061431413516402252 -9.3483133316040021 0.6365887224674226 1.6250000000000002 0.5464349389076234 -0.29026740789413447 -0.31107263267040247 -0.11747149750590323 0.81174489855766307 0.43956330418586737 -0.031934689730405801 -0.81993049383163441 0.70945724844932567 0.064346160739660277 39.500000000000007 0.81174489855766307 0.02169282361865044 90.500000000000014 0.40000474452972418 0.59691843390464794 1.6592114567756655 0.037949403747916229 1.3248972892761233 1.0000000180025095e-35 -3.192098736763 0.086248170584440245
decision_type=2 2 2 2 2 2 2 2 2 2 2 2 2 2 2 2 2 10 2 2 2 2 2 2 2 2 2 2 2 10 2 2 2 2 2 2 2 2 2 2 2 2 2 2 8 2 2 2 2 2 2 2 2 2 2 8 2 2 2 2 2 2 2 2 2 2 2 2 2 2 2 2 2 2 2 2 2 2
left_child=2 13 46 4 32 10 7 8 -7 27 47 -9 18 -2 17 16 -16 -15 26 20 21 22 25 -24 -21 -20 45 -4 -29 -30 31 -14 33 34 40 39 38 -38 -34 -35 41 62 -42 -43 -45 77 -1 69 49 50 52 57 53 54 58 56 -52 67 -11 60 -53 -19 -3 64 -25 -44 -54 -51 72 70 -6 -72 -36 -57 -75 -46 -60 -5
right_child=1 3 9 12 5 6 -8 11 -10 48 -12 -13 30 14 15 -17 -18 61 19 24 -22 -23 23 63 -26 -27 -28 28 29 -31 -32 -33 36 35 68 -37 37 -39 -40 -41 42 43 65 44 75 -47 -48 -49 -50 51 55 59 66 -55 -56 73 -58 -59 76 -61 -62 -63 -64 -65 -66 -67 -68 -69 -70 -71 71 -73 -74 74 -76 -77 -78 -79
leaf_value=-0.88281948802459287 -0.86533713350091979 -0.89264286230695511 -0.86367139648560476 -0.89428011909840532 -0.87463984865413791 -0.86384384504579981 -0.87560933860727819 -0.88302416996699917 -0.82560619136776958 -0.86441608134131165 -0.8911933833106398 -0.85002462848564564 -0.87456253559762653 -0.88250688753526452 -0.88863075332655383 -0.8996878623836122 -0.85193925977714102 -0.88462603424967234 -0.85860903134033129 -0.87429328833416031 -0.88674972724161272 -0.88843937857554167 -0.87366342243500705 -0.82524884147579858 -0.90019638662894375 -0.88367814920660959 -0.89535810583994602 -0.86718450488398591 -0.87463984865413791 -0.90945978260163185 -0.87883920652331704 -0.83066168204402679 -0.85992259918230773 -0.83772107571025978 -0.90550079388721405 -0.8841268758497588 -0.88130775462732924 -0.91149933418464069 -0.88780686785718954 -0.87859722496874848 -0.85854660493639612 -0.87621459720988171 -0.88489638710266716 -0.84096616895869181 -0.85201285089629508 -0.86168749368342556 -0.87404116080056604 -0.88452455557263676 -0.87703974544255103 -0.86070082394283232 -0.85460074826650045 -0.86808218332173082 -0.87577938870853778 -0.88076087615052423 -0.8712052562154522 -0.85118256727613328 -0.82298102190749445 -0.89621663383057903 -0.80792883027756068 -0.86792093113778557 -0.8195422980925865 -0.90570891793201536 -0.8687819861495889 -0.86694710313220269 -0.86573267909523566 -0.86181420774054873 -0.89715759544527607 -0.88470285694025386 -0.86934687208998773 -0.88240022489975156 -0.83451405010362734 -0.86420751221112613 -0.87634986065747555 -0.8637938862437744 -0.89828267063749989 -0.88156527790280803 -0.84925209927796119 -0.87747676989513335
leaf_weight=499.10774458758533 48.697899378836155 45.376707065850496 51.865941949188709 133.64763967320323 82.783683773130178 62.01670209877193 99.564729873090982 55.09573601000011 146.54618618264794 50.320249360054731 100.51452299579978 55.348644832149148 59.718056468293071 171.9353118557483 49.169628985226154 99.947220649570227 84.225480914115906 89.263882271945477 61.464158698916435 78.676610542461276 195.49126815237105 107.56952702254057 119.40327858366072 73.416738521307707 143.3322689011693 190.6062501706183 243.22794100642204 43.145550310611725 60.018868857994676 92.7580706179142 105.44774703495204 38.557681448757648 75.296110825613141 32.980397092178464 71.909159982576966 494.298539288342 95.988690150901675 65.816266193985939 85.906329283490777 33.281654518097639 80.809266984462738 57.57359872199595 253.1211966574192 137.40757825225592 46.257886318489909 58.3081987015903 1146.9697164408863 75.96036009863019 304.59705397486687 74.620938139036298 132.45032957196236 74.604365024715662 178.04543091543019 127.07296373508871 121.76609967462718 81.625702382996678 95.528939500451088 190.26999950222671 37.219206597656012 1444.4155618622899 41.494439624249935 261.36286841332912 304.48400311917067 61.473200393840671 53.270494369789958 49.400807237252593 71.80240279622376 78.657581163570285 46.0671002343297 51.213167052716017 55.084566444158554 104.36627933569252 48.586824398487806 77.096702978014946 26.225599400699139 45.056958952918649 38.61449153535068 198.34175073355436
leaf_count=6529 613 550 688 1491 900 567 1088 521 1341 771 1236 537 972 3376 553 1189 998 634 686 1026 2408 1199 1344 664 1430 1896 2616 654 1349 741 1548 540 883 574 817 5427 1095 790 1013 487 831 612 2677 986 923 678 14889 857 3994 987 962 1033 2359 1669 1585 1674 708 2348 558 18817 491 1890 3615 524 611 539 940 868 638 544 539 1023 603 1674 488 840 510 2091
internal_value=-0.87464 -0.877243 -0.871789 -0.875303 -0.872537 -0.863979 -0.853427 -0.846427 -0.836321 -0.869468 -0.873582 -0.866624 -0.879582 -0.888881 -0.890504 -0.88031 -0.865832 -0.894884 -0.88102 -0.877666 -0.874241 -0.870452 -0.866832 -0.858243 -0.890961 -0.877217 -0.886628 -0.883801 -0.889489 -0.896129 -0.867805 -0.855794 -0.876201 -0.874627 -0.871633 -0.880852 -0.884757 -0.894488 -0.87464 -0.857983 -0.868976 -0.864746 -0.8759 -0.855983 -0.850743 -0.880906 -0.876687 -0.868531 -0.868348 -0.86743 -0.862823 -0.869986 -0.871287 -0.863764 -0.854901 -0.850291 -0.840465 -0.885942 -0.840139 -0.866422 -0.849045 -0.900656 -0.872187 -0.84894 -0.841089 -0.880847 -0.882379 -0.873269 -0.887355 -0.864148 -0.860027 -0.852905 -0.89458 -0.863137 -0.873568 -0.866778 -0.825987 -0.884543
internal_weight=0 5684.67 5140.29 4880.07 2958.11 888.495 418.572 319.007 208.563 3494.22 469.923 110.444 1921.95 804.602 755.904 233.342 133.395 522.562 1718.23 1084.7 862.695 667.204 559.634 307.564 222.009 252.07 633.526 247.788 195.922 152.777 203.723 98.2757 2069.62 1746.61 1186.05 560.561 323.007 161.805 161.202 66.2621 1019.49 636.157 383.331 286.296 228.722 390.298 1646.08 369.408 3246.43 2941.83 1037.77 1904.06 624.841 374.993 247.92 412.927 227.979 343.549 126.154 1560.51 116.099 350.627 349.861 188.16 126.687 302.522 249.848 153.279 166.563 293.448 242.235 159.451 120.496 184.948 103.322 91.3148 75.8337 331.989
internal_count=131316 64030 67286 54777 33053 9153 4054 2966 1908 45868 5099 1058 21724 9253 8640 2740 1551 5900 18664 11788 9332 6924 5725 3143 2456 2582 6876 3432 2744 2090 3060 1512 23900 20119 13631 6488 3781 1885 1896 1061 11573 7526 4047 3361 2749 4260 21418 3863 42436 38442 13898 24544 8392 5093 3424 5506 1670 4203 1839 20341 1524 2524 4165 1799 1275 3216 3299 1855 2058 3006 2462 1562 1420 3836 2162 1763 1068 3582
is_linear=0
shrinkage=1


Tree=1
num_leaves=79
num_cat=0
split_feature=29 28 27 30 13 33 6 13 12 13 15 13 5 13 27 5 13 13 13 15 15 15 10 15 27 13 30 12 29 0 10 15 28 10 10 13 5 28 27 33 12 4 29 27 12 12 10 28 13 8 12 4 4 0 13 12 12 6 15 29 5 27 13 15 10 12 13 33 15 27 6 27 5 15 33 10 12 5
split_gain=56.7654 47.8001 51.7322 35.4905 35.4859 49.6749 39.888 30.6711 21.8765 21.8619 41.2574 21.0536 32.6247 28.1049 26.9321 34.0492 24.6337 23.8763 23.0009 20.6734 27.4464 23.8407 25.5946 24.3697 26.5981 20.6105 19.7914 21.554 19.4233 19.2699 18.0668 18.4895 18.0532 29.1163 17.5988 17.598 18.5402 17.3981 17.078 19.3203 23.0408 16.9623 16.0115 15.7715 15.7621 22.859 15.4119 17.3949 15.0479 15.0023 14.4483 14.1255 13.9856 13.9369 15.0862 20.1476 13.7124 12.9147 12.5093 12.3592 14.4067 13.374 11.549 11.3677 15.1078 13.4442 11.2471 10.9809 22.6345 10.8705 10.6469 17.5359 10.3934 10.391 10.373 10.1029 23.0532 10.3747
threshold=-0.60785761475563038 0.26932403445243841 0.45201864838600164 1.0000000180025095e-35 0.059745518490672118 0.99611112475395214 6.9218604564666757 0.035315314307808883 -0.016346476972103115 0.076675932854414 24.413184165954593 -0.0084312874823808653 1.7249317765235903 -0.09611280262470244 0.29026740789413458 3.41367518901825 -0.054052649065852158 0.0066913124173879632 0.027062505483627323 18.025055885314945 19.738232612609867 8.0223736763000506 0.047469496726989753 6.2500476837158212 0.16288578510284427 -0.078894473612308488 1.0000000180025095e-35 0.035819446668028838 0.6078576147556306 0.71343541145324718 0.18626318126916888 20.104444503784183 -0.97854062914848317 0.04312520660459996 0.056859882548451431 -0.054052649065852158 -3.6069375276565547 0.054511256515979774 -0.8253108263015746 1.0013927817344668 0.12568771839141848 -1.533887445926666 0.6078576147556306 0.37256073951721197 0.017816482111811641 0.037342296913266189 0.20244360715150836 0.78661888837814342 -0.025646912865340706 -0.14775630086660382 -0.1078708842396736 0.33487673103809362 0.065496187657117858 0.79888054728508007 0.041528400033712394 0.0070116582792252311 0.12568771839141848 4.4189827442169198 7.2992465496063241 0.87837970256805431 -0.64321669936180104 0.78661888837814342 0.028145902790129188 12.243216037750246 0.18160568177700046 0.045156266540288932 -0.021289801225066182 0.89012691378593456 18.517960548400882 0.6835516393184663 -0.11216989904642104 -0.60003554821014393 1.1884929537773135 5.4007296562194833 0.99611112475395214 0.10595079883933069 -0.02172391768544912 -1.9554119706153867
decision_type=2 2 2 2 2 10 2 2 2 2 2 2 2 2 2 2 2 2 2 2 2 2 2 2 2 2 2 2 2 2 2 2 2 2 2 2 2 2 2 8 2 2 2 2 2 2 2 2 2 2 2 2 2 2 2 2 2 2 2 2 2 2 2 2 2 2 2 10 2 2 2 2 2 2 10 2 2 2
left_child=-1 2 26 9 6 8 11 25 -6 19 43 13 70 -5 15 16 -15 -14 -19 21 -21 23 44 35 -25 -4 38 29 41 -28 42 -32 33 -31 -16 50 -37 -34 39 40 48 -27 -29 -11 -23 -46 47 53 -2 52 -3 -18 -43 54 55 -24 -10 75 -26 60 -9 -61 -50 65 -65 -30 69 68 -62 -36 71 -13 -64 -73 -8 76 -51 -77
right_child=1 3 7 4 5 -7 74 59 56 10 -12 12 17 14 34 -17 51 18 -20 20 -22 22 46 24 58 28 27 30 63 32 31 -33 37 -35 66 36 -38 -39 -40 -41 -42 49 -44 -45 45 -47 -48 -49 62 57 -52 -53 -54 -55 -56 -57 -58 -59 -60 61 67 -63 72 64 -66 -67 -68 -69 -70 -71 -72 73 -74 -75 -76 77 -78 -79
leaf_value=-0.028307500386688271 -0.0055290062098299819 0.017484261765491931 -0.013560316130859463 -0.0239925059370996 0.021384218741856652 0.033303693799034639 -0.0097231355786370505 0.0009179412787240713 -0.041869763243396182 -0.0061288108350273851 0.014702155391446333 0.015640546192358155 0.035506670899010523 0.046298274015457892 -0.017766132957144635 -0.017979420394022116 0.023419377106445049 -0.015823208029702097 0.019603755760715786 0.041634303766820688 0.0099059977859807455 -0.015284373915743414 0.039949125745525858 0.042017185621816007 0.023281194485799045 -0.0011053026040812465 -0.02065537981892655 -0.024238734547590846 0.0014161271249832107 0.042524971147939628 0.01712796252247703 -0.011500901184356371 -0.0010041763786039141 0.003847353100548229 -0.013212037268173679 -0.00076573503416261254 0.018537807410966559 0.019701740683274439 -0.0046023443557514426 -0.0038882961032116266 0.0051197239029996781 0.016061951632894072 -0.005338395164638127 -0.043093182389654552 0.025428398975322147 -0.01571195072967602 -0.010771582511983981 0.0016731566563230906 -0.032499399732882385 -0.0088165240388755894 -0.010309778165219202 -0.0016573912428737418 0.040485129557980906 0.028789064603000299 -0.012766981797597127 0.0035504068736440849 0 -0.0020923047920993814 -0.0033562823653550448 -0.012127512970297972 0.023874150270943539 0.015050043700559394 -0.0023329079110506468 0.023390142975120928 -0.0078405038751344584 -0.019410942202227544 0.025383946693250694 -0.0211834499302525 -0.016241644394305445 0.011203319947693311 -0.021697961822583087 -0.025782434188190036 -0.025391060786307713 -0.0051299142312951074 -0.036121079693871766 0.0083772865926641602 0.017534097794694791 0.036816239415826742
leaf_weight=139.79275838658214 111.19771669059992 47.220934800803661 95.653167083859444 57.429505312815309 26.998318839818239 132.87852385640144 63.47100287117064 202.34382324106991 34.757580485194921 50.998291581869125 94.27022029645741 51.639978397637606 47.702932056039572 71.098206082358956 92.400968553498387 43.121649507433176 119.78058131970465 82.965630505234003 62.920894518494606 87.768398866057396 170.65958116203547 207.30625918693841 45.030225921422243 106.3855204321444 72.217515969648957 172.08845361880958 65.330074789002538 169.54132764600217 483.05774125829339 57.483804952353239 93.834988113492727 83.652742013335228 777.98218883015215 128.44125427119434 67.093079656362534 139.42188594676554 340.27813851647079 89.553452955558896 1546.8720605354756 354.61526728980243 75.165937751531601 208.0591837298125 223.60054420121014 51.186076976358891 55.022721892222762 47.891389198601246 78.202193839475513 287.53798999451101 219.08149497956038 98.104080790653825 147.19361103698611 67.9320037830621 71.480208911001682 129.09721179492772 45.253479348495603 99.679512707516551 26.552099606022239 136.81556800566614 62.752016937360168 50.929564896970987 38.193157834932208 107.38325804285705 79.244663044810295 92.404435498639941 42.523801175877452 69.324607124552131 42.68704248778522 190.13287547230721 87.20643812417984 75.948594734072685 179.12011028267443 78.114940166473389 93.358528092503548 158.56912391632795 82.532366238534451 56.524211181327701 197.85821582004428 65.390657419338822
leaf_count=1730 798 550 1117 752 508 856 1273 2404 795 587 1307 697 573 891 1113 467 1574 925 641 978 1983 2374 501 1419 895 2266 827 1897 6058 627 901 1133 9670 1556 819 1788 4459 1080 18948 7243 572 2535 2622 596 618 521 875 3177 1596 1264 2178 889 754 1378 536 1202 449 1470 768 550 720 1208 530 1115 566 936 519 1317 1800 941 2164 923 621 1821 590 771 2380 745
internal_value=0 0.000441441 -0.00192574 0.00434748 -0.000709458 0.016042 -0.00334613 0.00327951 -0.00972799 0.00792428 -0.00634975 -0.000740136 -0.00643849 0.00509599 0.00820708 0.0175311 0.0238207 0.00897927 -0.000100494 0.00924914 0.0213477 0.00754505 0.00259408 0.0128378 0.0252353 0.00640505 -0.00501595 -0.00118219 0.0075913 0.00245246 -0.00836004 0.0034109 0.00400587 0.0167195 -0.00184932 0.00820182 0.0128674 0.0011596 -0.00760218 -0.0124837 -0.0176087 0.0116107 -0.0137774 -0.0260488 -0.00809601 0.00595879 0.00752689 0.0100221 -0.021116 0.0142846 -0.00309229 0.0142479 0.0229723 0.0172789 0.0087639 0.0159905 -0.0246545 0.00968313 0.010811 -0.00490816 -0.00833262 0.00592145 -0.0253151 0.00160196 0.0132555 -0.00123335 0.00602432 -0.0143533 -0.00327903 0 -0.0129496 -0.00712067 -0.0153795 -0.0124705 -0.0255473 0.013637 0.00863584 0.0247172
internal_weight=0 10665.5 6634.43 4031.09 1665.72 221.187 1444.53 2465.47 88.308 2365.37 196.455 1298.53 661.034 637.492 580.062 301.932 258.811 193.589 145.887 2168.92 258.428 1910.49 995.021 915.47 241.355 1789.28 4168.96 1689.42 1693.63 1118.79 570.63 177.488 1053.46 185.925 278.13 674.115 479.7 867.536 2479.54 932.664 578.048 1006.32 393.142 102.184 310.22 102.914 684.801 606.598 502.882 834.232 194.415 187.713 279.539 319.06 189.963 144.71 61.3097 554.693 134.97 676.189 517.876 158.313 391.685 687.311 134.928 552.382 185.729 315.532 125.4 143.042 467.444 288.324 172.603 236.684 146.003 417.877 295.962 121.915
internal_count=131197 129467 80597 48870 20180 2608 17572 29976 1752 28690 2490 15709 7744 7965 7213 3821 3354 2139 1566 26200 2961 23239 11182 12057 3082 21977 50621 20313 20860 13760 6553 2034 12933 2183 3392 8975 6247 10750 30308 11360 4117 12185 4519 1183 3513 1139 7669 6794 3545 9919 2728 2463 3289 3617 2239 1703 1244 6630 1663 7999 6241 1758 2747 8675 1681 6994 2279 3837 2520 1760 5605 3441 1151 2744 1863 5160 3644 1516
is_linear=0
shrinkage=0.0454652


Tree=2
num_leaves=79
num_cat=0
split_feature=28 27 27 6 15 2 6 16 15 15 3 23 23 2 28 22 23 27 0 0 16 6 16 16 0 15 0 15 3 3 3 3 15 15 27 23 3 23 3 6 0 3 3 15 2 23 2 3 15 3 17 23 23 6 0 27 3 16 15 17 6 22 22 16 16 2 3 3 17 0 17 15 22 17 2 15 3 17
split_gain=39.066 45.5296 33.9146 29.9438 30.1539 25.7435 23.0939 28.7828 20.7741 23.5312 22.984 16.9773 38.963 21.0547 19.1457 17.3773 16.8063 15.7008 17.687 14.9501 23.6845 22.7178 23.3817 20.179 27.8766 23.6494 27.196 19.9936 18.9901 15.8943 15.1359 13.7239 13.6526 22.5379 16.1841 25.4392 14.4194 13.5559 14.3123 13.1493 13.8697 13.5421 13.4564 12.4434 12.087 12.0748 22.3382 11.6884 10.7992 10.6424 24.95 10.4296 14.1783 13.1492 26.9077 22.8066 14.2934 12.025 11.2285 20.3209 15.8637 12.9049 9.45354 9.38088 32.6528 16.2194 11.7041 11.2771 11.0599 9.31612 9.13652 24.9359 14.4059 21.1048 10.6882 15.5699 9.08706 9.0169
threshold=0.26932403445243841 0.43245348334312445 -0.52803644537925709 -1.2620422244071958 14.623602390289308 1.6916526556015017 10.079312324523928 0.87929588556289684 21.255068778991703 24.820283889770511 0.18175393342971805 0.58631458878517162 0.48756371438503271 0.93323567509651195 0.076279435306787505 -0.39377686381340021 1.5357352495193484 -0.81279832124710072 0.6769876778125764 1.1059864163398745 0.21626212447881701 5.3060531616210946 0.93807530403137218 0.46670004725456243 0.421448364853859 9.3295989036560076 0.84200358390808117 7.5677490234375009 0.23591635376214984 0.3438046276569367 0.4985246360301972 0.80348658561706554 19.738232612609867 24.413184165954593 0.098011311143636717 0.44487354159355169 0.42929394543170935 0.47462472319602972 0.38236021995544439 -2.9264345169067378 0.75362294912338268 0.63041895627975475 0.84913858771324169 4.2221567630767831 1.1714780330657961 0.83925941586494457 1.5747911930084231 0.26619312167167669 5.7779905796051034 0.25052919983863836 40.500000000000007 0.75136187672615062 0.64933264255523693 2.2805949449539189 1.596283555030823 -0.24825246632099149 0.44211544096469885 0.78380969166755687 20.484336853027347 10.500000000000002 9.4159297943115252 0.39217287302017217 -0.12337880581617354 0.78380969166755687 0.67343258857727062 0.51919826865196239 0.40000474452972418 0.69512012600898754 87.500000000000014 1.2295846939086916 12.500000000000002 12.904262065887453 -0.87754335999488819 50.500000000000007 0.92803457379341137 17.72455978393555 0.38027130067348486 72.500000000000014
decision_type=2 2 2 2 2 2 2 2 2 2 2 2 2 2 2 2 2 2 2 2 2 2 2 2 2 2 2 2 2 2 2 2 2 2 2 2 2 2 2 2 2 2 2 2 2 2 2 2 2 2 2 2 2 2 2 2 2 2 2 2 2 2 2 2 2 2 2 2 2 2 2 2 2 2 2 2 2 2
left_child=1 49 3 17 5 -5 7 -6 10 -10 -3 12 -12 15 39 -14 19 18 -2 20 30 22 23 24 -22 26 27 -25 -26 -30 43 -19 34 -34 35 77 37 -36 -39 40 -13 -42 63 47 -43 46 -20 -4 -21 50 -1 52 -51 55 56 -53 -55 62 60 -60 61 -59 -58 64 67 -65 -66 68 -41 -50 74 -72 -73 -74 -23 -76 -67 -27
right_child=2 8 16 4 6 -7 -8 -9 9 -11 11 14 13 -15 -16 -17 -18 31 45 48 21 70 -24 25 28 32 -28 -29 29 -31 -32 -33 33 -35 36 -37 -38 38 -40 42 41 44 -44 -45 -46 -47 -48 -49 69 51 -52 53 -54 54 -56 -57 57 58 59 -61 -62 -63 -64 65 66 76 -68 -69 -70 -71 71 72 73 -75 75 -77 -78 -79
leaf_value=0.030438773729242079 -0.0089037789595329039 -0.02661969984623486 0.0060638194434484982 -0.011512629408226924 0.0071058300194085239 0.023910602658136181 0 0.046325418521113326 -0.02272734146360984 0.0060681633317445603 -0.018026616609112041 0.022104474915225499 0.049656953240614518 5.7607803624978838e-05 -0.010766179251809411 0.010245553058066256 -0.021971125225599467 0.038366912659493983 0.0066449761977652871 0.026045508885944795 0.038526720670402803 0 0.029289920705753977 0.00092937061636014999 0.033887252001468457 -0.0015741869223815802 0.013830793803162432 -0.027196795652524339 -0.0097674362552771631 0.0082815315195745743 0.0012709901088392508 0.012032597056129508 -0.020080522053609721 0.018091617618562806 0.027881306885499679 -0.021041964588910767 0.022836664556775771 0.0066047796854908523 -0.017648482591173301 0.0061598389722122403 -0.010123344553071921 -0.010301884770516464 -0.014009461529485644 -0.03711772993529721 0.016400180213301016 0.0054924101685621673 0.04994885023049022 -0.017502100853833635 0.015422662186407492 0.0018856296691572882 -0.010882656063178373 -0.005248144659589506 -0.019209004154147207 -0.023189461372896465 0.0023951428696728882 0.0053285391958902027 -0.024766491375349389 -0.013600312435666147 -0.026034014150426887 0.0039874268539227681 0.012819066925023881 0.005412036304308347 -0.0091852557556640103 -0.0086959660937236637 0.0036971855087386254 0.033260539264145322 -0.01740726200056264 0.030428163090054229 0.026946798037874298 -0.0048392800060068127 0.021512877512649502 -0.026619627397152235 0.015029952808630492 -0.023010950999420587 -0.031340068945751455 -0.0010052406026911044 0.013202243817429491 0.022102972865913277
leaf_weight=52.098134661093354 63.003082301467657 45.383437575772405 55.207527732476592 270.48667415976524 90.760841973125935 45.578724153339863 130.9653639793396 70.977834265679121 130.59653550945222 97.697225557640195 46.769398249685764 40.65420332364738 76.839433267712593 46.229401918128133 176.88302152976394 40.847195118665695 60.223857412114739 121.52670437283814 54.935618739575148 76.036156784743071 59.820708138868213 85.047244891524315 72.028253588825464 71.348429242148995 44.865060035139322 64.22867863625288 64.83097486384213 160.46561940945685 125.80470070801675 427.50274575315416 154.09288808889687 77.9727364461869 104.0367245413363 40.562054922804236 45.209653627127409 96.903166836127639 142.03812048770487 267.19599037058651 57.183714061975479 608.11749303713441 286.18349856510758 49.297456009313464 55.866757562384009 47.124927567318082 92.454896792769432 99.883212178945541 48.262638466432691 145.55378451757133 88.413212765008211 84.716684216633439 59.800784692168236 1617.5761958453804 232.60310566984117 183.49658997170627 377.03292725980282 561.74662677571177 144.83135803230107 189.74909063242376 112.45022506453097 71.866633487865329 120.38252415321767 111.80243794247508 227.8772896900773 53.150003021582961 78.65567378886044 61.425449578091502 143.76862430945039 49.678313504904509 56.776238154619932 87.136635715141892 72.078344224020839 60.944147542119026 72.355802915990353 45.69219016097486 91.06408566981554 61.156776383519173 294.6176684293896 57.001729549840093
leaf_count=732 831 679 862 3224 1009 529 1754 602 1555 1482 635 588 1000 553 1989 528 519 1395 670 721 779 914 712 1014 581 675 684 1826 1572 5405 2450 965 1318 714 406 1061 1578 3430 640 7649 3806 627 601 686 1060 1226 562 2051 822 912 887 20134 2594 2117 4933 7115 1758 1889 1220 940 1242 1135 2711 575 1024 751 1486 564 679 864 891 704 989 656 1011 734 2859 575
internal_value=0 -0.00218575 0.0034171 0.0103676 0.00358713 -0.00601207 0.0140569 0.0253285 0.00260329 -0.0103045 0.00391961 0.00460188 0.0168262 0.0272575 0.00328926 0.0371811 0.000984566 0.0190212 0.0112129 0.00148375 0.000500925 0.00223924 0.00450104 0.00343511 0.00978008 -0.000110247 -0.0111543 -0.0184671 0.00658241 0.00404874 -0.0096301 0.028762 0.00361559 -0.00884172 0.0061859 -0.00397054 0.0106079 0.00557933 0.00201442 0.00466488 -0.00183516 -0.00440987 0.00687101 -0.0165109 0.00675102 0.0177418 0.0284824 -0.0107919 0.0120151 -0.00512033 0.00832979 -0.00551335 -0.0134731 -0.00480701 -0.00803354 -0.00249467 -0.0114544 -0.00911787 -0.00499222 -0.0142369 -0.000741509 -0.00641362 -0.0155723 0.00781344 0.00518208 0.0136101 -0.00979668 0.00994157 0.0081615 0.00521248 -0.00643082 -0.000157946 -0.00943634 0 -0.0127515 -0.0198095 0.0171363 0.00952702
internal_weight=0 6679.92 4177.51 1074.35 608.769 316.065 292.704 161.739 2531.89 228.294 2303.6 2258.21 210.685 163.916 2047.53 117.687 3103.15 465.584 266.085 3042.93 2791.34 2389.36 1901.03 1829 657.993 1171 296.645 231.814 598.173 553.307 401.979 199.499 874.36 144.599 729.761 218.134 511.627 369.589 324.38 1870.65 468.59 427.936 1402.06 247.886 141.752 203.081 103.198 200.761 251.586 4148.03 111.899 4036.13 317.32 3718.81 1539.49 2179.32 1162.46 978.96 606.251 184.317 421.934 301.552 372.709 1346.19 936.996 409.193 222.424 714.572 664.894 175.55 488.339 251.07 178.992 118.048 237.268 152.221 356.043 121.23
internal_count=131620 81009 50611 12767 7118 3753 3365 1611 30690 3037 27653 26974 2716 2081 24258 1528 37844 5649 3289 37325 34918 28869 22970 22258 8337 13921 3524 2840 7558 6977 6049 2360 10397 2032 8365 2311 6054 4476 4070 22269 6081 5493 16188 3599 1687 2458 1232 2913 2407 50319 1619 48700 3506 45194 17945 27249 13012 10895 6426 2160 4266 3024 4469 15587 11402 4185 2510 8892 8328 1686 5899 3240 2349 1645 2659 1745 3610 1250
is_linear=0
shrinkage=0.0454652


Tree=3
num_leaves=79
num_cat=0
split_feature=29 28 21 13 29 2 29 14 14 6 0 2 2 14 18 5 13 6 13 6 21 13 2 18 2 0 13 13 22 2 14 13 4 33 13 13 13 2 11 29 29 2 29 33 6 14 21 0 11 0 18 29 28 14 29 2 2 18 29 18 2 2 21 11 14 22 33 13 33 2 8 2 21 11 11 31 28 13
split_gain=47.7925 43.2358 27.4844 40.5333 34.3636 37.0634 32.6072 32.1305 27.0118 31.9066 26.2493 34.6938 23.2382 32.8054 21.449 20.4385 20.9564 30.3533 20.1324 20.087 19.7783 24.4841 19.7775 19.1938 22.9703 19.1337 20.0759 23.9424 23.2183 19.0644 16.5727 16.2163 20.8494 16.2129 21.8605 35.0877 15.9193 15.2881 24.1595 18.5108 17.4062 26.9758 22.1447 15.24 20.8561 14.5715 14.5287 15.7434 17.6298 14.8531 14.4814 14.2808 13.9158 13.2345 13.1744 21.5368 19.0077 28.3907 28.1285 24.9235 18.2147 17.3229 25.8012 18.2505 15.691 20.3148 17.413 14.8939 13.8773 13.7891 15.7294 13.3336 28.3452 14.8914 13.2249 14.5675 13.0112 12.8895
threshold=-0.60785761475563038 0.33172981441020971 -0.11735788732767104 -0.010207264218479393 -1.0000000180025095e-35 0.61684548854827892 0.87837970256805431 -14.379242420196531 -2.5068718194961543 5.0422446727752694 0.67011773586273204 0.96957629919052135 1.269726097583771 -12.34699487686157 75.500000000000014 1.2266492247581484 0.050038304179906852 1.6897417902946474 0.00086728131282143306 4.4189827442169198 4.2739868164062509 0.018330620601773265 0.77972254157066356 71.500000000000014 1.7783416509628298 1.3062728047370913 -0.020247750915586945 -0.078894473612308488 -0.28489957749843592 0.50841084122657787 -6.1764380931854239 0.059745518490672118 1.2029607295989992 0.99393379688262951 -0.040942182764410966 -0.084270186722278581 0.02591103129088879 1.0298299789428713 0.019367339089512828 0.6078576147556306 1.0000000180025095e-35 0.65329214930534374 0.6078576147556306 0.99393379688262951 3.6921516656875615 -12.023066043853758 15.865880489349367 1.596283555030823 0.12688143551349643 1.48070764541626 76.500000000000014 1.0000000180025095e-35 -0.92794367671012867 -7.3751142024993888 0.6078576147556306 0.46779188513755804 1.2326819896698 35.500000000000007 0.87837970256805431 18.500000000000004 1.0131081938743594 0.98102757334709179 3.3448305130004887 0.031436862424016006 -2.5068718194961543 -0.18276648223400113 0.99611112475395214 0.011731320526450874 0.99472221732139599 0.57502585649490368 -0.8230493664741515 0.81036508083343517 3.6404474973678593 0.10289013385772706 0.073144353926181807 1.0000000180025095e-35 0.60003554821014415 0.012584853917360308
decision_type=2 2 2 2 2 2 2 2 2 2 2 2 2 2 2 2 2 2 2 2 2 2 2 2 2 2 2 2 2 2 2 2 2 10 2 2 2 2 2 2 2 2 2 10 2 2 2 2 2 2 2 2 2 2 2 2 2 2 2 2 2 2 2 2 2 2 10 2 10 2 2 2 2 2 2 2 2 2
left_child=-1 19 4 53 5 -3 8 29 15 14 11 -8 37 -14 -10 16 18 -18 -5 25 30 -22 -23 24 -7 26 27 -2 45 -6 -21 50 -33 -31 35 -35 -27 38 39 -9 41 -40 -42 -17 -45 -29 47 48 -24 -48 -11 -52 -30 -4 55 77 57 60 61 -58 68 62 63 -59 65 66 -60 -61 -56 70 -57 72 -71 -74 75 -73 -44 -28
right_child=1 2 3 6 7 23 10 12 9 31 -12 -13 13 -15 -16 43 17 -19 -20 20 21 22 46 -25 -26 36 54 28 52 33 -32 32 -34 34 -36 -37 -38 -39 40 -41 42 -43 76 44 -46 -47 49 -49 -50 -51 51 -53 -54 -55 56 69 59 58 64 67 -62 -63 -64 -65 -66 -67 -68 -69 -70 71 -72 74 73 -75 -76 -77 -78 -79
leaf_value=-0.026488247046831805 -0.010769880582338524 0.054151665438077576 0 0.010692747341229802 -0.026778225428391464 -0.0070955092678293722 -0.013331673350139158 0.011177425899604496 0.038751403666486016 0.010783006353639961 0.022692862711707493 0.028004025768765949 0 0.045771636421311532 0.0071683188484364477 -0.0059326705653305958 0.014010233852436341 -0.01565412909477806 -0.018927453034018705 -0.0055745213729962318 0.0075646060252864836 0.016798781636540239 -0.0075836506061803879 0.037521379924196178 0.029937556128436224 -0.0080702349509690456 0.00025698791496710032 0.021083045889555133 -0.010396954480312909 0.0095460138916847251 -0.02370710459329696 0.026664690987835662 -0.0094235988947791206 -0.020332371706794378 -0.025217656963647726 0.015268459525748682 0.004988792273374263 -0.0081573095019669174 -0.026242062159085471 -0.017562999425795756 0.044006124435945378 0.021806789582295049 -0.006675000362082289 0.00027867960401308282 0.029339174575918298 0.0026238136736387342 0.028271206766328327 0.0029574486554051153 -0.022480399802956227 -0.006150513212352088 0.00049108953589984945 -0.028899813711497902 0.0065036016958811681 -0.02841749996142225 0.0043218028780911332 0.030856114765157608 0.011358310706227783 0.021636049266214132 0.0073563551238405049 -0.039642306160580974 0.016411515929156566 0 0.00047902824466797012 0.057529295625140711 0.025800693128703294 0.012788355490783915 -0.026556231962654681 -0.0055027526352197037 -0.014878673266840312 -0.017926580120222468 0.0012544709078638721 -0.0033308349045416056 0.01968893255765684 -0.01083282935249502 -0.0097702387869308457 0.010652130623068025 0.020548626577870047 -0.026703290159474646
leaf_weight=134.568349506706 141.07748227007687 60.656169433146715 51.652418320998549 49.354778805747628 53.910209411755204 102.552106436342 123.57126818038523 91.977373732253909 89.428720293566585 47.951957190409303 261.08547382242978 58.430022742599249 48.186155555769801 83.638062482699752 97.81456396356225 170.52183193899691 154.74826222658157 125.07123428210616 373.89988351427019 235.4246246740222 333.20954822748899 66.693340424448252 573.51081224903464 47.423547483980656 46.590012412518263 919.76234559342265 47.289650987833738 341.68076987937093 129.88891153037548 236.49274765700102 202.21972012333572 74.194645520299673 51.911416059359908 90.050123423337936 85.02166298776865 141.30275650322437 236.02263952605426 94.713391529396176 39.494595883414149 84.398401452228427 76.683258410543203 50.064172292128205 41.882310893386602 132.94358348101377 82.541848815977573 128.99562754109502 40.542103141546249 165.1183792296797 241.30117896012962 55.194184863939881 52.361709157004952 79.07686142064631 390.72837764769793 117.13109401613474 114.70209112949669 48.644303895533085 63.732075402513146 75.332333043217659 43.992239139974117 53.90047506429255 73.580329101532698 47.284575633704662 48.663325749337673 65.514781571924686 44.99932168610394 95.274240570142865 81.719602182507515 58.411413345485926 210.03754860907793 285.98758065141737 139.53789825737476 309.60645392537117 77.51779849268496 49.939940415322781 208.33806951716542 292.84090187400579 152.52468333765864 117.52658537589014
leaf_count=1707 1768 839 803 557 877 1189 1501 1181 851 522 2942 702 586 904 932 3234 1857 1625 4237 2962 4345 650 6026 617 529 12055 596 4384 1764 4824 2267 759 528 644 563 1038 2601 1219 535 1109 995 664 520 933 634 1337 606 1819 2445 887 612 866 5251 1396 2406 567 796 923 885 650 841 564 709 630 495 1186 623 669 1496 3729 1589 3834 834 659 2734 3631 1912 1278
internal_value=0 0.000376772 0.00425326 0.000903007 0.0087254 0.0239097 0.00272313 0.00577712 -0.000310424 0.00844744 0.0135659 1.30141e-07 0.0119673 0.0292114 0.0230129 -0.00433418 -0.0089522 0.000544836 -0.0152902 -0.00177804 -0.00572928 -0.00315015 -0.00633385 0.013422 0.00464452 -0.000235217 0.00131811 0.00637982 0.00890369 -0.00196062 -0.0142051 -0.00050827 0.0116048 0.000550437 -0.00605759 0.0010919 -0.00535322 0.00812769 0.0111299 -0.00239124 0.0178289 0 0.0234963 0.0039577 0.0119713 0.0161929 -0.00787143 -0.00954889 -0.0121449 0.00849807 -0.00935802 -0.0171694 0.00214599 -0.0201992 -0.00082938 -0.00348711 0.00301561 0.00572441 0.0128846 -0.0103942 -0.00323136 0.024166 0.0301926 0.0398193 0.002447 -0.00247376 -0.0144549 -0.0231223 -0.00797904 -0.00160959 0.00965312 -0.0034069 -0.0100078 0.00739417 0 0.00341162 0.0144212 -0.0188598
internal_weight=0 10677 3821.25 2193.69 1627.56 257.222 2024.91 1370.34 1581.82 492.74 443.087 182.001 763.562 131.824 187.243 1089.08 703.074 279.819 423.255 6855.74 1913.21 1475.57 1142.36 196.566 149.142 4942.53 3786.74 1132.37 991.294 606.777 437.644 305.497 126.106 552.867 316.375 231.353 1155.78 631.738 537.025 176.376 360.649 89.5588 271.09 386.007 215.485 470.676 1075.67 979.93 814.812 95.7363 179.391 131.439 520.617 168.784 2654.37 1577.23 1077.14 901.1 502.78 176.044 398.32 236.795 189.51 140.847 265.985 220.986 125.712 112.312 324.74 1412.41 188.182 1224.23 413.445 127.458 810.785 602.447 194.407 164.816
internal_count=131434 129727 46236 25491 20745 3174 23292 17571 18147 5070 5145 2203 9625 1490 1783 13077 8276 3482 4794 83491 22007 16778 12433 2335 1718 61484 46828 14504 12736 7946 5229 3287 1287 7069 2245 1682 14656 8135 6916 2290 4626 1199 3427 4801 1567 5721 11783 10290 8471 1493 2000 1478 7015 2199 32324 19451 12873 10758 6015 2115 4743 2826 2262 1553 3189 2694 1508 1319 3902 17577 2156 15421 5222 1493 10199 7465 2432 1874
is_linear=0
shrinkage=0.0454652


Tree=4
num_leaves=79
num_cat=0
split_feature=29 12 14 13 23 14 0 13 0 0 11 13 29 18 4 21 13 21 32 29 0 11 13 14 29 16 11 29 5 9 0 21 21 8 18 16 23 21 12 4 18 11 5 5 16 11 13 23 21 29 13 0 23 5 29 16 13 16 29 0 5 16 23 5 23 18 29 11 29 23 11 21 4 14 13 13 18 13
split_gain=46.2915 36.2744 36.1921 49.529 60.6236 45.7567 37.2521 28.6861 22.7357 21.8719 19.8419 18.2267 22.9589 26.7618 21.7765 17.348 16.901 18.5548 18.3361 28.4932 19.3131 24.7697 23.3874 18.5476 27.1048 19.2713 20.2761 18.1813 20.0462 15.5491 15.4181 14.7447 14.7332 14.5648 16.24 14.5302 16.9514 20.5142 13.7049 15.9347 13.4956 14.4405 12.9333 12.5591 13.0072 14.9479 12.5541 12.5118 22.7045 12.0102 20.1953 11.7571 11.6856 13.6188 16.2689 12.4907 20.0719 12.402 11.4263 11.0243 16.9425 10.9661 11.0293 10.4548 10.3809 10.3194 9.952 18.5516 16.6336 17.2064 16.9858 16.7934 24.7182 15.8092 12.8612 12.218 12.0629 12.6854
threshold=-0.60785761475563038 0.060667471960186965 -2.5621856451034541 0.08249677345156671 0.81170502305030834 -7.3751142024993888 1.5110384225845339 0.061628205701708801 0.61176374554634105 0.3573990017175675 0.13700037449598315 -0.084270186722278581 0.6078576147556306 59.500000000000007 -0.92113414406776417 1.1492961645126345 -0.010207264218479393 -0.93709677457809437 1.0000000180025095e-35 0.6078576147556306 0.84496620297431957 0.071294404566288008 0.053345723077654846 -5.1491081714630118 0.6078576147556306 0.61184868216514599 0.075633555650711073 0.87837970256805431 0.49392463266849523 0.23724853992462161 0.90621000528335582 4.2739868164062509 0.34663772583007818 -0.88267159461975087 20.500000000000004 0.9567573368549348 0.9057508409023286 11.185747623443605 0.17378284782171252 -0.35045909881591791 28.500000000000004 0.013863021507859232 -1.7286274433135984 5.9364659786224374 0.64357179403305065 0.030035701580345634 0.028638306073844436 0.49357286095619207 0.57167062163352977 1.0000000180025095e-35 0.046600839123129852 0.8110998570919038 0.58631458878517162 -0.38111509382724756 0.87837970256805431 0.35347083210945135 -0.056723361834883683 0.28111815452575689 0.6078576147556306 0.99337416887283336 3.1382939815521245 0.91765543818473827 0.58631458878517162 1.7249317765235903 0.82384344935417186 35.500000000000007 0.6078576147556306 0.064346160739660277 -1.0000000180025095e-35 0.85848543047904979 0.070127606391906752 -4.3781456947326651 0.79276591539382946 -17.486825942993161 -0.032121557742357247 -0.0076025102753192178 23.500000000000004 -0.011619125492870806
decision_type=2 2 2 2 2 2 2 2 2 2 2 2 2 2 2 2 2 2 2 2 2 2 2 2 2 2 2 2 2 2 2 2 2 2 2 2 2 2 2 2 2 2 2 2 2 2 2 2 2 2 2 2 2 2 2 2 2 2 2 2 2 2 2 2 2 2 2 2 2 2 2 2 2 2 2 2 2 2
left_child=31 2 5 4 61 6 9 29 -9 -2 33 12 13 51 -13 52 32 -18 20 30 23 -22 -23 24 47 -26 -27 28 -21 43 -20 -1 -7 -6 -35 -31 -37 -38 39 -10 -25 -42 -32 44 45 -3 -8 -19 -49 50 -17 -11 53 54 -16 56 -55 -58 -51 60 -36 -4 -63 -47 -41 -14 68 76 69 71 75 -54 -73 -72 -69 -70 -68 -78
right_child=1 7 3 -5 10 16 46 8 38 11 -12 14 65 -15 15 49 17 18 19 27 21 22 -24 40 25 26 -28 -29 -30 35 42 -33 -34 34 59 36 37 -39 -40 64 41 -43 -44 -45 -46 63 -48 48 -50 58 -52 -53 66 55 -56 -57 57 -59 -60 -61 -62 62 -64 -65 -66 -67 67 74 70 -71 73 72 -74 -75 -76 -77 77 -79
leaf_value=-0.035956925995872982 0.036648154671167554 0.010899178066662692 0.018968500755244925 -0.025223741237097502 0.028893390446943078 -0.00010649202842196146 -0.0093878756371134717 0.0342997868040162 0.0096096614291263285 -0.023128029615784744 -0.019936266140456634 0.0006921787476635887 -0.0083199343165279889 0.030677722986957711 -0.0037099827041377374 -0.027248004432497197 -0.02039043101661293 -0.020871600656219604 -0.028112254713893968 -0.00092694047986667581 0.013256418079252461 -0.019710738605219005 0.0075846565440562822 0.006707156818659331 0.00055909152118379095 0.047364211120768454 0.0036282769457006469 -0.0081972338562843264 0.033819254018722537 0.0020868845108987987 0.0074049581808911091 -0.0024489343847991173 -0.023323457509314791 0.02589126041600387 -0.0041491683573877808 -0.033586786386815851 0.01777986066303542 -0.018772785930579253 0.017566388832535383 0.0028256772619998233 0.0058640390118557305 -0.015069924591235618 -0.015303408776676644 -0.0014397911040792734 -0.016373256142604497 0.00022246744685149725 0.0096878703548884618 0.024891651870996682 -0.0086273848277261932 0.022455571611665615 0.010718036615718574 0.0022381773398319309 0.032800008638800254 0.036243289056071167 0.027807225448532643 0.034437970272141898 0.014498036298344591 -0.014716636782486189 -0.0026801764991134509 -0.0057671348078845086 0.028232928239718576 0.019004231705300686 0.046896259403773913 -0.023752691118529158 -0.018177655902949032 -0.042679117378892441 0.0056887843154743685 0.0066427568523354328 0.022722720167843626 -0.0096276512948670085 0.015258189649129311 0.018240697346260711 -0.023018868192591989 -0.0060310619454172079 0.031865025563771063 0.0072722889963906705 -0.017780934150942122 0.003407692226358677
leaf_weight=91.653334008529782 41.198013039305806 86.523146383464336 175.80821047723293 70.319534754380584 50.985547322779894 93.068957900628448 539.12464007362723 46.379907574504614 129.65649867616594 56.060907980427146 60.911421483382583 1308.4038172829896 43.754901800304651 46.58694645576179 115.64962308108807 75.249931110069156 113.60008026100695 73.4988725297153 141.95990331657231 69.641410797834396 425.77392982691526 112.5121199041605 139.78516754321754 92.537751216441393 85.312948893755674 56.045531814917922 39.660424774512649 138.31410989910364 58.578043473884463 512.27107930928469 67.4980373904109 43.305695870891213 158.85428433120251 54.333512121811509 66.972956709563732 52.512980932369828 51.213553115725517 69.377714788541198 85.781541921198368 69.972973769530654 75.498143449425697 411.22391579672694 170.85933736898005 258.7956782206893 645.94535319320858 64.439982766285539 76.266708528622985 53.55296372808516 147.09094374068081 49.920412216335535 40.551468871533871 92.005054453387856 48.049429370090365 50.03308267518878 42.362788192927837 108.08945497311652 67.768509929999709 46.850821429863572 110.92611000314355 233.28264492377639 57.000615788623691 63.206714812666178 100.17785144969821 74.411813458427787 127.12655211053789 37.886487539857626 189.87392856739461 182.30644416436553 382.81018185429275 151.4481799416244 133.36706978455186 69.985316356644034 46.164742212742567 144.33826269768178 54.963525898754597 167.33853980153799 143.4965411555022 89.20915631391108
leaf_count=1151 553 1204 1674 966 508 1240 7064 512 1341 724 617 17290 641 657 1688 995 1269 814 1575 856 4799 1145 1589 1077 1000 785 547 1551 700 6140 632 560 1989 538 736 527 501 878 1388 696 882 4857 1938 3076 7027 769 839 613 1988 730 564 1003 649 690 592 1342 932 577 1534 2359 648 530 1002 933 1338 542 2387 2394 4808 1880 1791 858 527 1709 677 2234 1835 1249
internal_value=0 0.000458243 0.00184027 0.0102675 0.013322 0.00077713 0.00347482 -0.00462469 0.00543517 0.00503481 0.0034498 0.0046687 -0.0064585 0.00190458 0.00549249 0.00796944 -0.0039078 -0.00272745 -0.00182258 -0.00832342 0.000618494 0.00658409 -0.00451759 -0.00325555 0.00352029 0.0170407 0.0306194 0.00290462 0.0151325 -0.00720091 -0.0162664 -0.0259436 -0.0150754 0.00678135 0.00366783 -0.0016977 -0.0129627 -0.00278416 0.00176844 -0.00239717 -0.00865075 -0.0117016 -0.00865523 -0.0104773 -0.0130866 -0.00333022 -0.00689674 -0.00535118 0.000398942 -0.00260051 -0.0136339 -0.00740852 0.00930246 0.0161273 0.00492664 0.0222717 0.0133554 0.00205005 0.00518819 0 0.0107843 0.0281936 0.0371241 -0.0125964 -0.0105728 -0.0261077 0.0076125 0.00303415 0.0101917 0.00112036 0.0135693 0.0113166 0.00121113 0.0040929 0.0131281 0.0181994 -0.00259049 -0.00953349
internal_weight=0 10684.3 8409.91 932.999 862.679 7476.91 4752.04 2274.41 458.917 4136.65 523.487 4095.45 276.294 194.653 3819.16 2510.75 2724.87 2472.94 2359.34 646.851 1712.49 678.071 252.297 1034.42 455.162 181.019 95.706 266.534 128.219 1815.49 380.317 134.959 251.923 462.575 411.59 685.375 173.104 120.591 412.538 326.756 579.26 486.722 238.357 1130.12 871.32 225.375 615.391 274.143 200.644 276.648 115.801 148.066 2234.11 430.754 158.012 272.742 164.652 114.619 160.847 357.256 123.974 339.193 163.385 138.852 197.1 81.6414 1803.35 659.85 1143.5 315.648 827.854 164.199 116.15 277.705 237.27 550.149 422.58 232.706
internal_count=131420 129709 103379 9578 8612 93801 61955 26330 5275 54052 5406 53499 3567 2384 49932 32642 31846 28617 27348 7252 20096 7533 2734 12563 5747 2332 1332 3107 1556 21055 4145 1711 3229 4789 4281 8046 1906 1379 4763 3375 6816 5739 2570 13009 9933 2906 7903 3415 2601 3823 1559 1727 28819 5821 2280 3541 2199 1509 2264 3743 1384 3206 1532 1702 2034 1183 22998 8542 14456 3914 10542 2034 1385 3500 3071 7042 5471 3084
is_linear=0
shrinkage=0.0454652


Tree=5
num_leaves=79
num_cat=0
split_feature=23 6 30 2 2 9 3 3 16 23 20 16 5 2 30 30 18 2 6 3 16 16 2 16 2 18 16 3 23 0 20 20 2 30 30 3 0 30 2 18 0 5 3 5 16 6 3 5 6 30 16 6 16 2 3 0 9 3 3 23 3 5 2 0 16 20 3 16 20 2 9 20 16 16 18 3 16 0
split_gain=30.8388 22.2614 31.1714 20.0658 30.5939 16.2376 15.5869 24.9169 16.2293 15.4081 14.1489 13.0601 20.2431 19.3025 26.1176 15.3583 32.6763 32.1055 31.2768 30.979 18.6132 12.9594 11.5198 16.3899 14.3077 22.2245 13.7461 13.5962 12.3306 14.1841 13.4792 12.7913 11.0934 15.5875 17.3293 24.3954 11.0585 11.3132 15.9897 10.9669 10.9017 10.6244 10.2712 11.6772 10.3253 24.8362 13.3407 11.2747 10.1957 10.0045 9.82627 9.77907 9.7632 9.72197 16.5061 11.4062 9.52351 9.96104 21.1186 27.2503 16.0183 11.0626 11.0061 9.80516 8.98238 13.7614 13.8579 8.84866 10.2337 8.5734 8.47163 8.46721 8.14858 8.11016 8.0783 7.68882 30.3253 23.2587
threshold=0.95086991786956798 5.486459732055665 1.0000000180025095e-35 1.6315470337867739 1.0533202290534975 0.22956154495477679 0.18882180750370028 0.20638165622949603 0.82240170240402233 0.58631458878517162 3.1945301294326787 0.45342031121253973 0.98897889256477367 1.2096207737922671 0.81174489855766307 -0.56174489110708226 72.500000000000014 0.8732493817806245 1.9795488715171816 0.55741855502128612 0.17927107959985736 0.65886875987052929 1.2174822688102724 0.70539820194244396 0.61209845542907726 10.500000000000002 0.80839645862579357 0.46244810521602636 0.61134302616119396 0.53627172112464916 0.51718962192535411 -1.0394434332847593 0.98102757334709179 0.81174489855766307 1.0000000180025095e-35 0.51324456930160534 0.60750833153724682 0.81174489855766307 0.69230371713638317 81.500000000000014 0.80816614627838146 2.2565145492553715 0.61955398321151745 -0.57032561302185047 0.24043432623147967 -7.3462584018707267 0.75148522853851329 -3.6842747926712032 10.079312324523928 1.0000000180025095e-35 0.61969920992851268 -1.0150640606880186 0.33104245364665991 0.77972254157066356 0.38767185807228094 0.87241357564926159 0.24905300885438922 0.60534515976905834 0.73117452859878551 1.042534410953522 0.53731265664100658 -4.7504479885101309 1.9305494427680971 1.5265725851058962 0.28530192375183111 0.79712393879890453 0.59400358796119701 0.16582839936017993 3.4285985231399541 1.0076087117195132 0.2060436233878136 -0.69951429963111866 0.85132512450218212 0.75188905000686657 57.500000000000007 0.61151978373527538 0.65886875987052929 0.7930356264114381
decision_type=2 2 2 2 2 2 2 2 2 2 2 2 2 2 2 2 2 2 2 2 2 2 2 2 2 2 2 2 2 2 2 2 2 2 2 2 2 2 2 2 2 2 2 2 2 2 2 2 2 2 2 2 2 2 2 2 2 2 2 2 2 2 2 2 2 2 2 2 2 2 2 2 2 2 2 2 2 2
left_child=1 6 3 4 -3 21 8 -8 74 -6 -5 15 22 75 -15 16 41 19 42 20 -17 -4 24 71 25 -13 32 28 29 -27 31 -30 33 34 35 -26 39 40 -39 -22 -38 -9 43 49 47 -46 -47 -44 -12 -19 -34 -18 -43 54 -2 -55 57 60 59 -59 67 63 -63 -60 -56 66 -66 -57 -69 -61 -45 -24 -28 -7 -1 -14 -77 -78
right_child=53 2 5 10 9 73 7 11 -10 -11 48 12 13 14 -16 17 51 18 -20 -21 36 -23 23 -25 26 27 72 -29 30 -31 -32 -33 50 -35 -36 -37 37 38 -40 -41 -42 52 44 70 45 46 -48 -49 -50 -51 -52 -53 -54 55 64 56 -58 58 61 69 -62 62 -64 -65 65 -67 -68 68 -70 -71 -72 -73 -74 -75 -76 76 77 -79
leaf_value=-0.028856775313830501 -0.0079307589677093046 0.0099633454273782354 0.00017730423038317687 0.031906926124208354 0.0076493136988952156 -0.014494680645956272 0.026513604467209028 0.0086926241722771851 0.0095362169954787759 -0.019130926832305526 -0.010272209655658148 0.018738078802416163 0.010149469696883117 -0.017440096283759542 0.016704495307616786 -0.014038512942599458 0.048391204283305303 0.015967899645392733 -0.016462591074858087 -0.021654844477057109 0.029855893828968381 -0.022721626503614381 0.027883264861753819 -0.0098258688498072295 -0.023899973181694702 -0.0094709294939832791 0.019892668798700844 0.013079395745139276 0.00083375747392685595 0.017684911472230929 0.0066615333220575454 -0.024240205737267814 -0.010827564881273859 -0.030633433721057115 0.0072843875123155977 0.0027675900622334466 0.017242896351183316 -0.02037527386069583 0.011716198896541468 0 -0.0045593795884817162 -0.020337197207650884 0.0097798495296972966 0.0071798430348878877 -0.016854371695467392 0.03730737825471319 0.0055780627634060102 0.034833174513728624 0.013900724213412499 -0.0069752341664728506 0.010293208064193824 0.020575367677478938 0.007510371044806975 -0.026155380662316794 0.019373669095086268 -0.018784129981426017 -0.00067140668094309199 0.027728663315301119 0.0091752242324726445 -0.013431047722055641 -0.019488463786688909 -0.013580329016893962 -0.0009104738388415911 -0.0088518610837317359 0.0035305146718882865 0.011200334098413962 -0.020057411863684448 0.00055754411709726601 -0.017514369303898093 0.0033932607488679663 0.031599981483277986 0.0014829265122658407 -0.0033043027476142672 0.0056120479120418537 -0.0037282391961597811 0.019469893076587395 -0.032271860496919033 0.0069976314491849755
leaf_weight=69.384064164012671 242.75034218654037 209.76411588303745 58.213297329843044 61.810142999514937 51.575225811451674 57.974967511370778 94.497617298737168 486.82668037340045 55.590824404731393 197.31590766273439 48.183428069576621 120.68707334250212 819.91291257739067 144.95128774642944 62.236240345984697 121.1525830924511 41.709606923162937 49.859863361343741 79.735441584140062 152.99184421636164 62.598620684817433 256.98520062118769 71.124778402969241 59.406401732936502 199.01217910274863 74.886291574686766 48.506713181734085 86.891046438366175 52.305400718003511 74.237551297992468 55.255409581586719 150.77183076553047 87.706561589613557 90.816792214289308 91.388231553137302 103.0412863176316 114.73249094560742 82.507766127586365 45.602109599858522 36.763887310400605 71.698975080624223 51.812585886567831 70.081825233995914 92.942026337608695 47.729216236621141 50.985892686992884 66.587264450266957 112.45341962575912 104.82540657930076 139.09165848232806 86.070498153567314 126.54264073818922 42.374124579131603 43.544985726475716 87.245906984433532 79.149557387456298 1451.088438808918 84.499650469049811 139.88357393071055 77.906055308878422 236.05518759600818 483.19337697327137 212.75326278619468 104.78485390543938 140.13055171258748 226.04538807459176 74.38985288143158 376.7595844771713 73.010505003854632 257.45365445129573 47.691029796376824 44.549174576997757 68.271924562752247 118.7765165604651 51.179829774424434 91.496871942654252 64.858732271939516 51.650852259248495
leaf_count=1049 3116 2229 727 764 568 739 1364 6601 944 2024 504 1374 9092 1620 696 1678 580 618 907 2070 941 2891 890 692 2279 897 572 877 598 787 615 1696 1049 1157 1053 1230 1376 999 484 489 871 744 977 1028 580 619 875 1462 1316 1824 957 1717 558 327 1252 1119 17814 970 1708 891 2748 6097 2848 1341 1638 2615 907 4550 827 3048 543 544 767 1353 798 1063 665 542
internal_value=0 0.00206421 -0.00359264 0.00270346 -0.00259111 -0.0122615 0.0033274 0.00379705 -0.00974837 -0.0133548 0.014068 0.00333617 0.0012527 0.00560577 -0.00682797 0.00596512 0.0112574 0.00316368 0.00961866 -0.00388402 0.0012324 -0.0183915 -0.00215748 0.00862533 -0.00357209 0.0015364 -0.00767654 -0.00268441 -0.00626107 0.00384062 -0.0122472 -0.0176575 -0.0102494 -0.0137618 -0.00946983 -0.0147278 0.00591253 0.00148212 -0.00857391 0.0188535 0.00868403 0.00594675 0.0128404 0.00672596 0.01835 0.00930101 0.0205293 0.0259003 0.00590883 -0.000458572 -9.61941e-05 0.0287376 -0.00752094 -0.00287641 0.00170983 -0.00386691 -0.00355239 -0.00549133 -0.00308891 0.0052898 -0.00966139 -0.00688723 -0.00980471 0.00124003 0.00626228 0.00340197 -0.00464796 -0.00506832 -0.00239981 -0.000486026 0.0164565 0.0185205 0.0062742 -0.000891725 -0.0190528 0.00817629 0.000122794 -0.0148112
internal_weight=0 6430.58 1165.42 673.474 458.655 491.95 5265.16 5089.01 176.155 248.891 214.819 4994.51 2800.04 1235.11 207.188 2194.47 749.266 1445.21 757.158 688.048 535.056 315.198 1564.93 175.08 1389.85 615.035 774.814 494.348 407.456 149.124 258.333 203.077 658.036 484.258 393.442 302.053 413.904 314.541 128.11 99.3625 186.431 581.013 677.422 329.585 347.838 165.302 117.573 182.535 153.009 188.952 173.777 168.252 94.1867 4390.64 770.562 3620.08 3576.54 2125.45 1360.47 419.859 764.975 940.615 695.947 244.668 527.812 440.566 214.52 528.92 449.77 335.36 140.633 115.674 116.779 176.751 120.564 1027.92 208.006 116.51
internal_count=131339 77523 13115 7405 4821 5710 64408 61617 2791 2592 2584 60253 31712 13678 2316 28541 10200 18341 9433 8908 6838 3618 18034 2126 15908 6844 9064 5470 4593 1684 2909 2294 7725 5719 4562 3509 5160 3730 1483 1430 2247 7903 8526 4013 4513 2074 1494 2439 1820 2442 2006 2297 1302 53816 9528 44288 43961 26147 16903 4909 9244 11994 8945 3049 6412 5160 2545 6496 5377 3939 1571 1434 1339 2092 1847 11362 2270 1207
is_linear=0
shrinkage=0.0454652


Tree=6
num_leaves=79
num_cat=0
split_feature=12 32 20 33 15 15 18 3 3 3 3 0 12 11 3 0 20 17 21 3 3 3 18 0 33 18 15 5 11 21 20 17 5 11 21 4 33 21 5 3 18 15 0 15 17 3 31 8 4 21 1 0 3 11 21 0 3 11 12 31 21 21 18 3 15 17 33 21 33 15 4 3 33 5 5 20 33 11
split_gain=22.9245 29.5887 28.7783 34.1842 21.6152 21.075 21.9159 20.4282 25.3198 18.5287 21.4915 20.3365 18.3565 18.2613 17.4603 20.0315 17.2832 17.01 16.5606 16.3615 30.8577 21.7508 23.5164 16.1632 16.0942 15.5586 14.8095 14.5753 26.5074 22.9863 14.5116 14.4681 19.1481 13.6135 13.5788 23.663 42.6287 19.1537 17.8133 26.2126 14.6567 12.5782 12.4956 12.424 13.0829 12.8341 13.9207 12.1485 12.1344 11.7575 12.7514 11.4457 13.2881 19.8923 17.2428 16.0915 14.7939 13.2267 25.2507 17.7917 11.1379 11.1041 11.0679 13.4886 11.2994 17.1035 10.9514 10.9465 10.7027 10.6378 10.4594 10.4462 10.2461 9.75701 9.34674 14.5446 9.25272 9.15568
threshold=0.063604772090911879 1.0000000180025095e-35 0.79712393879890453 0.9590476155281068 12.243216037750246 15.066919803619387 40.500000000000007 0.5601748824119569 0.5015249252319337 0.58764004707336437 0.59830799698829662 0.57891926169395458 -0.026585151441395279 0.040900202468037612 0.48402996361255651 1.0266961455345156 3.2473767995834355 62.500000000000007 5.0842907428741464 0.26619312167167669 0.18175393342971805 0.33917205035686498 24.500000000000004 0.92596930265426647 0.89692735671997081 69.500000000000014 21.463741302490238 -0.79798290133476246 0.030986143276095394 1.266994893550873 1.2748408913612368 50.500000000000007 -4.4481461048126212 0.14991667121648791 10.009866714477541 1.5152270793914797 0.90112781524658214 1.4972842931747439 6.5276474952697763 0.84443634748458873 76.500000000000014 14.505826473236086 0.65690574049949657 9.405522823333742 21.500000000000004 0.28332129120826727 1.0000000180025095e-35 -0.88267159461975087 1.5732870697975161 -5.6858503818511954 0.82848429679870617 1.5110384225845339 0.63041895627975475 0.094933919608593001 -1.1336504220962522 0.7658020853996278 0.37328834831714636 0.088248819112777724 -0.062255958095192902 1.0000000180025095e-35 4.4303946495056161 -7.6098971366882315 46.500000000000007 0.61653029918670665 2.4727177619934086 84.500000000000014 0.99611112475395214 -4.8978815078735343 0.9590476155281068 14.732803821563722 2.3406751155853276 0.66047248244285595 0.9590476155281068 -1.2552031874656675 -7.5928196907043448 -3.6751884222030635 0.99611112475395214 0.017664573155343536
decision_type=2 2 2 10 2 2 2 2 2 2 2 2 2 2 2 2 2 2 2 2 2 2 2 2 10 2 2 2 2 2 2 2 2 2 2 2 10 2 2 2 2 2 2 2 2 2 2 2 2 2 2 2 2 2 2 2 2 2 2 2 2 2 2 2 2 2 10 2 10 2 2 2 10 2 2 2 10 2
left_child=1 2 4 17 19 6 -6 8 16 11 -11 -2 72 42 73 62 26 -4 70 20 -1 22 67 60 -24 -13 43 31 -29 48 -27 32 47 69 37 36 -36 40 66 -40 -12 -19 -3 44 -5 -45 -47 -23 49 61 -51 52 54 71 56 -56 -33 58 59 -58 -14 -30 64 -64 -16 -66 -39 -21 -22 -32 74 -54 -7 -15 -17 -76 -37 -9
right_child=9 13 3 7 5 12 -8 77 -10 10 34 25 23 14 15 18 -18 41 -20 21 68 27 24 -25 -26 30 -28 28 29 -31 33 51 -34 -35 35 76 -38 38 39 -41 -42 -43 -44 45 -46 46 -48 -49 -50 50 -52 -53 53 -55 55 -57 57 -59 -60 -61 -62 -63 63 -65 65 -67 -68 -69 -70 -71 -72 -73 -74 -75 75 -77 -78 -79
leaf_value=-0.016152162895717696 0.016562987422446503 -0.022384941978389618 -0.0045030658723541374 -0.00040518625967563536 -0.025065413068654355 0.025367303096218093 -0.0028137649867113822 -0.01157534282602065 0.034549097375556677 0.028602912052166106 -0.0065419590100861662 0.0032591234781327912 0.0035324361154949681 0.00062642613748372636 0.0014176348297299433 -0.0087696122922271136 -0.001694632218458315 0.018434773407710447 0.014033617475552828 -0.010028548014824529 0.0094246359492291976 0.0036681424054050751 -0.0041894355155524584 0.010300552105980961 -0.031200232710864927 0.0011647308921599337 -0.001563114703320622 -0.0012396931198619288 0.023378392999082159 -0.0081440269334638465 -0.01012697757022344 0.0129804409217041 0.00097317217718435607 -0.0043080344465764673 -0.0080449540335894836 0.0023512353447203236 0.027259285522892834 -0.003484065680524152 0.020066803467416034 -0.013546279308260212 0.025585946632825953 -0.0071194475070806796 -0.0056499082405874635 0.039615956787227506 0.019625266574880885 0.025947563157024466 0.005553355260443261 0.033903305404036126 0 0.038197694344990603 0.013425166737543936 -0.024303315332590024 0.01921441393954584 0.033460271569816957 -0.0065834131119094875 0.019626394789603565 0.031592983225761005 -0.024194280572718437 -0.015272969573716334 -0.0067294497277468135 -0.015295621808264388 -0.0061686342097893049 0.019663205563919445 -0.0039318935897161593 0.037418782591503087 0.0033971116215229568 -0.016825268938471617 0.015640261962154831 0.032654563729313336 -0.02829255896402488 -0.018269551185223082 -0.0017165355795088365 0.0011421160158972949 -0.013655993168420441 0.014664771373988379 -0.004056057153825011 -0.015516333661078331 0.0057927992306804586
leaf_weight=50.787025028839707 49.670793361961842 101.13836373575032 572.14859706535935 135.55768530070782 179.89524627290666 72.365701992064714 195.40413395687938 75.689126245677471 117.19305377453566 44.163856336846948 46.657099237665534 105.25922488979995 83.285800434648991 154.87796127423644 62.208496181294322 232.6333272010088 152.32291101664305 134.14363450929523 118.97746240720153 52.908431714400649 88.407379092648625 50.712417289614677 88.581194637343287 102.26545770838857 105.50200542062521 87.389720000326633 93.405495643615723 342.36529549770057 48.324518060311675 66.148681392893195 113.36739025823772 48.018158029764891 289.40838288702071 117.78566069155931 116.99847070872784 105.26707942783833 163.1411666944623 211.72980999387801 95.901878397911787 87.027547389268875 62.448065912351012 50.100426869466901 1030.3896401394159 76.470155403017998 121.19644793868065 175.3869818598032 128.58403354138136 72.391989920288324 50.249158395454288 132.84099868498743 82.751779403537512 42.946925507858396 53.912317611277103 41.589384356513619 91.292089564725757 91.536094157025218 45.874593483284116 134.9846616666764 214.71796796284616 44.560103207826614 226.21706613898277 46.224167935550213 68.817092856392264 150.62542903237045 88.042000699788332 52.025133669376373 371.92483925819397 78.670883718878031 98.493902646005154 243.66642872616649 89.102184111252427 310.86858104914427 77.596712559461594 240.37212796323001 131.49804419837892 224.34313226118684 121.15541040897369 277.69656801968813
leaf_count=744 688 1255 11734 975 2131 1402 2281 552 810 456 519 1136 1180 1833 813 2966 1051 2639 1394 772 1821 608 1677 1206 782 964 621 4302 691 616 1410 620 3402 1270 2409 2090 1198 4049 1053 1123 732 888 12874 547 860 1216 872 893 589 1447 984 463 664 546 1029 951 600 1774 2810 658 3158 582 823 1894 976 563 2670 1062 717 2344 1141 3946 600 2923 1680 2760 900 1911
internal_value=0 0.00104363 0.00285838 0.00711272 0.000479609 -0.0054841 -0.0137635 0.0114301 0.0147464 -0.00420382 -0.00115874 -0.0101521 2.06665e-05 -0.00284548 0.000233366 0.0029584 0.011916 -0.000568554 -0.00123605 0.00245209 0.0137942 0.00138766 -0.00950237 -0.00485977 -0.0194589 -0.0123014 0.0148137 0.00296371 0.00805707 0.0155734 -0.0153034 0.000362366 0.0076261 -0.0184203 -0.00222631 0.00362171 0.0124394 -0.00566579 -0.00824606 0.00386816 0.0116758 0.0112232 -0.00726382 0.0172851 0.00902212 0.0225796 0.0176669 0.0223494 0.020103 0.0234218 0.0293377 -0.00228686 -0.00127561 0.00512125 -0.00522958 0.00642016 -0.00970891 -0.0123907 -0.00676098 0.0127195 -0.0100935 0.00878131 0.0109314 0.00347343 0.018557 0.0255749 -0.0121264 0.00496801 0.0223585 -0.0228394 -0.00405689 0.00142323 0.0135116 -0.00798815 -0.00171147 0.00281446 -0.00710337 0.00184661
internal_weight=0 8657.04 5911.99 2109.9 3802.1 937.03 375.299 1353.5 1000.12 2143.55 1426.42 717.139 561.731 2745.05 1613.52 1218.27 882.924 756.393 796.554 2865.07 237.688 2627.38 325.663 411.768 194.083 667.468 730.601 2301.72 768.905 426.539 562.209 1532.81 412.513 474.819 1382.25 506.562 280.14 875.689 766.584 182.929 109.105 184.244 1131.53 637.195 256.754 380.441 303.971 123.104 360.391 310.141 215.593 1120.3 1077.35 406.37 670.984 182.828 488.155 440.137 305.153 90.4347 309.503 94.5487 421.718 219.443 202.276 140.067 583.655 131.579 186.901 357.034 677.577 364.781 149.962 395.25 588.475 355.841 226.422 353.386
internal_count=131290 106279 72384 24676 47708 11958 4412 9415 6952 25011 17199 7812 7546 33895 19766 15010 6142 15261 9941 35750 3282 32468 4293 5544 2459 7124 5091 28175 9211 4909 5988 18964 4903 5024 16743 6597 3607 10146 8895 2176 1251 3527 14129 4470 1835 2635 2088 1501 4293 3704 2431 14061 13598 5156 8442 1980 6462 5842 4068 1258 4338 1273 5069 2717 2352 1539 6719 1834 2538 3754 8547 4610 2002 4756 7406 4440 2990 2463
is_linear=0
shrinkage=0.0454652


Tree=7
num_leaves=79
num_cat=0
split_feature=23 14 7 3 13 12 13 16 33 12 17 14 13 12 12 3 3 7 13 12 13 6 3 22 12 33 12 12 23 9 17 6 14 3 9 16 6 14 7 13 13 22 13 33 17 3 22 22 16 22 13 16 7 13 6 3 13 3 16 7 23 14 3 3 23 16 12 12 11 4 11 13 13 7 3 3 32 12
split_gain=27.1872 27.3311 49.459 25.236 21.0073 22.6601 25.2755 20.9767 25.9496 35.3483 24.172 19.9348 20.33 20.2856 19.9226 20.8879 23.5916 17.5296 25.58 28.0634 32.058 21.3165 21.1897 17.3041 16.9834 17.1661 22.9017 16.636 16.121 15.1069 14.9406 25.7373 23.1001 21.8139 14.9299 14.307 19.5476 19.982 19.6926 18.5228 23.0763 13.6834 13.0581 11.9033 11.6346 14.361 13.6772 11.2698 10.9599 10.7525 10.6189 18.4192 22.254 16.3286 15.7747 13.4851 14.3958 17.8582 11.5933 10.332 15.1556 15.5428 10.2617 21.3941 15.094 15.6561 13.7241 13.4487 13.2108 12.826 12.1915 18.0644 10.8737 13.153 11.3594 10.6307 10.5422 20.3399
threshold=0.99827557802200328 -7.3751142024993888 1.0000000180025095e-35 0.58764004707336437 0.018330620601773265 -0.025824224576354023 -0.00083525196532718826 0.79765295982360851 0.90112781524658214 -0.020324422046542164 44.500000000000007 -20.387386322021481 -0.023989392444491383 0.01339509477838874 -0.020324422046542164 0.3487707674503327 0.46963496506214147 23.405216217041019 0.076675932854414 0.060667471960186965 0.058907344937324531 8.670903682708742 0.44211544096469885 -0.4206955730915069 0.089717485010623946 1.0545857548713686 0.045156266540288932 0.028332020156085495 0.76966866850852977 0.22035535424947741 26.500000000000004 0.41382180154323583 -4.2357251644134513 0.49373017251491552 0.30341726541519171 0.21626212447881701 -1.078001797199249 -9.6446256637573224 -14.270125865936278 -0.10134177282452582 -0.060972701758146279 -0.67175230383872975 -0.078894473612308488 0.99611112475395214 66.500000000000014 0.7345263957977296 -0.10172459110617636 -0.54992836713790882 0.59162002801895153 -0.67175230383872975 -0.027991244569420811 0.41819027066230779 -10.835463523864744 -0.01605218835175037 -4.2156739234924308 0.68497276306152355 -0.0067558542359620324 0.76511090993881237 0.2770445197820664 -1.080524146556854 0.59066572785377514 -14.527456760406492 0.7345263957977296 0.61151978373527538 1.4964884519577029 0.8419337570667268 0.053955798968672759 0.030232697725296024 0.10194910317659379 -1.7725951075553892 0.098282743245363249 0.025306378491222862 0.060709953308105476 10.146543979644777 0.47627067565917974 0.57471212744712841 1.0000000180025095e-35 -0.0048982687294483176
decision_type=2 2 2 2 2 2 2 2 10 2 2 2 2 2 2 2 2 2 2 2 2 2 2 2 2 8 2 2 2 2 2 2 2 2 2 2 2 2 2 2 2 2 2 10 2 2 2 2 2 2 2 2 2 2 2 2 2 2 2 2 2 2 2 2 2 2 2 2 2 2 2 2 2 2 2 2 2 2
left_child=1 3 30 23 5 -4 43 14 9 -9 17 -2 13 44 15 -6 -17 18 19 22 21 -21 27 35 25 26 28 -10 -8 49 33 -32 48 -3 -11 39 37 47 -38 -1 42 -16 -41 -7 45 -13 -46 -37 -33 -12 51 52 -5 54 -52 -55 -57 -58 -59 60 61 -40 63 66 65 67 72 -65 -64 -68 71 -66 73 76 -75 -71 77 -14
right_child=11 2 4 50 7 6 24 8 10 34 29 12 62 -15 41 16 -18 -19 -20 20 -22 -23 -24 -25 -26 -27 -28 -29 -30 -31 31 32 -34 -35 -36 36 38 -39 59 40 -42 -43 -44 -45 46 -47 -48 -49 -50 -51 53 -53 -54 55 -56 56 57 58 -60 -61 -62 -63 68 64 70 -67 69 -69 -70 75 -72 -73 -74 74 -76 -77 -78 -79
leaf_value=-0.025500811561422101 -0.013817902888466911 -0.0033885595435026272 -0.016597044838446207 0.022059472768926433 0.026090196792515549 0.0082040097561002518 0.0043050426274041662 0.039987136330808949 -0.0082558137800812954 -0.015084793080918389 0.037308914866143683 0.0097812033065107253 -0.0056479078621276225 -0.010086059757878654 -0.021041322152229158 -0.025061401494702575 0.010972298525990982 0.021123730320218897 -0.023037113240712632 -0.025431484068087141 0.018367954767147993 0.00062930322419541441 0.030483649792701632 -0.0020578080492111581 -0.0097266079230994094 0.0043602712290536421 0.041417130341526921 0.018173241015809177 0.027504289611853472 0 -0.02018667019498048 0.010461268717036759 0.028005337810732615 -0.032996602624927242 0.0059264522692143691 0.037400391828660659 0.028721500364865298 0.0042914797596127008 -0.004433351097938144 0.0019375120841498346 -0.0091280335699850095 -0.0058963849031020707 0.031952909635444955 -0.013527792111188475 0.019755612350938874 0.038584462794271628 -0.0036375405699142676 0.0077970038520736558 -0.01605524603324451 0.01373776240075752 0.0073129963442410389 0.041173450841174866 -0.00085709671493662217 0 -0.019527644642699644 0.032439689308244993 0.029251421903241443 0.015777269240660714 -0.0076165563648418625 -0.0095281042610989887 -0.0018540420025390696 0.027320940589304281 -0.008487927862900025 0.011391957431393705 -0.0079413890030649061 0.024953162605109103 0.0038113171572564308 -0.011008869097809052 0.0042632299961170685 -0.021664554907316749 -0.021687640043005649 0.023053619092379116 0.0095477227713375787 -0.020427043894209379 0.00082735280216702243 0.00053841064986853975 -0.0059651495457089705 0.021184880029188759
leaf_weight=53.793447364121675 320.3589452188462 87.009830452501774 69.153129801154137 196.69987699948251 61.883462125435472 86.997148426249623 147.06414166092873 26.305932583287358 99.918518044054508 322.77108289301395 80.279842540621758 116.26634082756937 113.43609140440822 113.69530047848821 200.71644905209541 62.052022747695446 81.334548927843571 83.444382101297379 86.363672867417336 141.79482442140579 79.029734253883362 110.0859552398324 94.562803193926811 1093.805405985564 49.106660412624478 164.85013094544411 97.081999309360981 87.717335715889931 113.7302218452096 74.338040798902512 156.22861065901816 46.370096446946263 55.768991537392139 142.04997405409813 82.738132238388062 109.7242617700249 55.587391249835491 119.30478816106915 42.769728120416403 65.774983717128634 147.45565913058817 355.91899556107819 58.446946524083614 113.96349811553955 72.369147444143891 55.860669815912843 149.65539653226733 43.958287231624126 80.427242055535316 110.11270189285278 92.621467612683773 52.297554502263665 147.83477277122438 156.12523959949613 79.120991822332144 84.155363112688065 67.119934283196926 69.715868908911943 101.74417283758521 134.50037543661892 233.36923927627504 90.972635781392455 1081.3026141840965 181.67411850020289 107.86066378653049 117.48503565788269 71.621398914605379 73.366324901580811 190.63750651292503 208.4698645118624 52.882529057562351 54.898065116256475 144.75607270374894 143.22508527524769 73.223349580541253 50.795945070683956 255.41855105571449 109.26300772838295
leaf_count=739 4446 1013 774 2442 837 1763 1012 593 684 6710 547 1475 1557 1477 2255 665 754 625 582 957 532 739 606 14422 563 3250 664 595 800 539 1886 578 550 1547 1705 1362 677 1532 509 840 2067 4077 882 808 831 618 2020 556 868 792 1266 527 1717 2047 1030 1116 847 1024 1494 1967 2687 1153 13922 2026 1236 1223 792 905 2600 2217 571 629 1673 1629 803 517 2956 1475
internal_value=0 0.00175307 -0.000945357 0.0047537 0.00131636 0.00742757 0.00971616 -0.000966864 0.00216461 -0.00711903 0.00605027 -0.00300412 -0.00199642 0.00635512 -0.00709033 0.00478085 -0.00455315 0.00193071 -0.000398971 0.00284222 -0.00601167 -0.0140226 0.0133325 0.0020049 0.0145819 0.0170158 0.0225956 0.00396897 0.0148744 0.0178375 -0.0132329 -0.0068252 0.00453892 -0.0222155 -0.0106623 0.00588593 0.00905214 0.0189777 0.00399969 -0.00205429 0.00272035 -0.011558 0.0170078 -0.00390604 0.011275 0.0200834 0.00399092 0.0296632 -0.00596154 0.0245024 0.0105799 0.0165133 0.0121916 0.00680586 -0.00494135 0.0111261 0.0163774 0.0100599 0.00176333 0.000953725 0.00498801 0.0169818 -0.00341879 -0.00112991 0.0058819 0.0114099 -0.00470391 0.00468779 -0.00653103 -0.0125063 -0.00348034 0.00252927 -0.00152445 -0.00394419 -0.0131335 -0.0171884 0.000190749 0.00744645
internal_weight=0 6948.07 3651.17 3296.9 3083.32 841.947 772.794 2241.37 1479.46 431.815 1047.65 3858.52 3538.16 507.847 761.905 205.27 143.387 782.917 699.473 613.109 330.911 251.881 282.199 2249.46 571.833 522.726 357.876 187.636 260.794 264.731 567.855 338.795 182.566 229.06 405.509 1155.66 830.187 272.987 557.199 325.471 271.678 556.635 124.222 200.961 394.152 172.127 222.025 153.683 126.797 190.393 1047.44 396.832 344.535 650.603 171.742 478.861 322.735 238.58 171.46 501.612 367.112 133.742 3030.32 1758.38 588.167 372.525 1170.21 255.04 1271.94 330.887 215.641 162.759 839.322 694.566 216.448 259.266 478.118 222.699
internal_count=131371 83773 40870 42903 34428 9634 8860 24794 16206 9008 7198 47598 43152 6421 8588 2256 1419 5320 4695 4113 2228 1696 1885 29393 6289 5726 2476 1279 1812 1878 6442 3882 1996 2560 8415 14971 10443 3450 6993 4528 3789 6332 1722 2571 4944 2093 2851 1918 1446 1339 13510 4686 4159 8824 2296 6528 4481 3365 2518 6316 4349 1662 36731 20209 6590 4154 13619 2931 16522 3526 2436 1865 10093 8420 2432 2734 5988 3032
is_linear=0
shrinkage=0.0454652


Tree=8
num_leaves=79
num_cat=0
split_feature=27 15 15 30 28 16 16 16 16 10 28 27 17 7 15 27 10 6 7 18 7 7 18 10 22 6 9 10 16 28 15 2 15 7 7 4 4 7 10 2 7 28 16 27 18 2 17 30 17 27 15 28 15 16 7 2 15 7 7 22 7 27 15 17 17 7 15 17 16 4 7 17 7 7 16 16 17 16
split_gain=29.2122 23.9657 31.4836 25.3209 48.0892 26.042 44.6189 35.0907 33.8811 30.9728 23.2959 23.2692 23.1235 32.4066 22.2988 25.2634 20.9245 20.4776 20.6823 20.173 20.0291 25.4093 19.0637 18.659 18.3823 20.4398 18.3682 18.352 18.1509 17.3317 17.2659 25.6526 16.5145 15.8796 15.5238 14.5392 15.6261 14.531 14.4571 15.8485 14.2441 16.9202 15.7565 14.0303 13.1631 11.7291 11.2064 11.093 11.0146 11.1306 11.5148 10.9583 35.6949 24.3329 21.031 20.7489 27.6281 14.4614 16.2043 14.4237 12.5262 21.3771 15.1349 13.4299 13.1384 16.878 10.7344 10.7088 12.8261 10.6545 10.5991 10.4198 13.0825 13.3185 10.0734 10.0133 9.73242 9.44024
threshold=-0.92794367671012867 21.883620262146 24.820283889770511 1.0000000180025095e-35 -0.31107263267040247 0.89686435461044323 0.5875472128391267 0.77347391843795787 0.21626212447881701 0.20244360715150836 -0.84915164113044728 0.16288578510284427 10.500000000000002 12.932179450988771 18.188150405883793 0.35222910344600683 0.025790839456021789 0.4754242897033692 4.3595252037048349 69.500000000000014 -8.6888670921325666 6.5019516944885263 50.500000000000007 0.057608086615800864 -0.43082058429718012 -7.0280210971832267 0.24102851748466494 0.075807388871908202 0.63956585526466381 -0.16288578510284421 9.2557158470153826 0.72990429401397716 30.295791625976566 4.48614525794983 15.927682399749758 -0.92113414406776417 4.5305972099304208 9.4879493713378924 0.10419618710875513 1.3673682212829592 23.405216217041019 0.032717135734856136 0.91165798902511608 -0.52803644537925709 76.500000000000014 1.1081287264823916 49.500000000000007 1.0000000180025095e-35 36.500000000000007 0.61734244227409374 15.970977783203127 0.010907442308962378 9.6407952308654803 0.77009668946266185 -5.2942087650299063 0.86880540847778331 6.8229460716247567 -14.583334922790526 -9.5498375892639142 -0.4731368869543075 -0.48777584731578821 0.56457334756851207 13.387612819671633 16.500000000000004 63.500000000000007 4.61950707435608 9.1804618835449237 65.500000000000014 0.1387787461280823 1.5732870697975161 16.163866043090824 33.500000000000007 -0.84044104814529408 4.7460899353027353 0.14774554967880252 0.43152332305908209 38.500000000000007 0.45342031121253973
decision_type=2 2 2 2 2 2 2 2 2 2 2 2 2 2 2 2 2 2 2 2 2 2 2 2 2 2 2 2 2 2 2 2 2 2 2 2 2 2 2 2 2 2 2 2 2 2 2 2 2 2 2 2 2 2 2 2 2 2 2 2 2 2 2 2 2 2 2 2 2 2 2 2 2 2 2 2 2 2
left_child=20 3 11 4 14 6 8 16 38 -7 -4 69 -9 37 15 45 -8 24 30 35 27 28 -13 -16 25 -10 -21 -1 -22 -29 31 77 40 44 -15 -5 51 -14 67 -40 42 -42 -12 -41 -18 -2 48 -31 49 -17 -51 54 55 59 74 -53 57 -57 -59 -54 61 -56 64 -64 65 -62 -66 -6 -69 -3 -25 72 -28 -74 -37 -26 -33 -19
right_child=1 2 10 19 5 9 7 12 17 -11 32 22 13 34 23 46 33 18 -20 26 21 -23 -24 70 75 -27 71 29 -30 47 -32 76 -34 -35 -36 36 -38 -39 39 43 41 -43 -44 -45 -46 -47 -48 -49 -50 50 -52 52 53 -55 60 56 -58 58 -60 -61 62 -63 63 -65 66 -67 -68 68 -70 -71 -72 -73 73 -75 -76 -77 -78 -79
leaf_value=0.03036373279272243 -0.01011189252533271 0.0053384582283552374 -0.017962258811174792 -0.0039250853827512543 -0.022251993489688229 0.03089651276817838 -0.023290714469832507 -0.0079525659517496062 0.00010116649544356481 -0.00554504356298695 0.022049040862627576 -0.0019044427447168341 0.018026620668819344 -0.017971678999865934 0.033215369683398922 -0.0055244035107856566 -0.022796273985222482 0.02728920617440328 -0.017200467070239426 -0.0088995729525729508 -0.0099233344339518716 -0.0012211011747628269 -0.034407755445715907 0.012937843761894824 0.01895040199652483 0.034014394958485059 -0.0071394894535186043 -0.020236362568538249 -0.02809432650202294 -0.00063544156914534841 0.03135081293873504 -0.017164747092419729 -0.0067809812718832869 0.0047017636630774925 0.013274014608952075 0.0021936909053775077 -0.016929030936944058 0.048147982236313502 0.021010733248569675 0.012665200272723361 0 0.035067826997355424 -0.012589899983537333 -0.014225997272957256 -0.00054014095146599219 -0.0014208785709000976 -0.0020342871257903539 0.024850029213449192 0.026145574587565411 0.0059302920021657782 0.031070210009765401 -0.016907174847085565 0.039740063529639595 -0.00078606714904012605 -0.022578672015975364 -0.0061720260855968887 -0.020495737243094652 0.041014835745970972 0.0071878454191013543 0.0061182970150302366 0.0031309895732199466 0.014272030113264455 0.0096521043104854862 -0.017964593647570373 0.016132143401592726 0.038244262018921581 -0.011088835943711723 0.018157604745220948 -0.013316096229853049 -0.016088687455314738 -0.008887488731297544 -0.0071227710055529669 0.032020558808570833 0.005572463945872231 0.02324886941639329 -0.00090674684260197598 0.0079057926227956345 0.00037694433742085985
leaf_weight=44.625615369528532 728.51698710396886 106.92150019481778 90.369689894840121 701.38798823952675 68.374538155272603 189.37484316714108 132.48244525492191 107.04762838035822 45.559295393526554 59.893097493797541 41.341533666476607 54.196330163627863 120.08175125159323 58.756147081032395 60.279940392822027 120.00053656473756 108.29139717668295 99.392489206045866 50.617145808413625 973.42988678440452 430.3509297221899 509.2312890663743 149.76454412192106 110.90178731270134 129.70679802820086 279.37909769080579 80.114560469985008 60.98432444408536 163.42542270943522 98.555579772219062 76.512375969439745 80.365284657105803 108.10672840848565 254.50047957524657 64.196911251172423 67.702216662466526 66.077171515673399 54.239931933581829 107.50111462548375 71.606393713504076 43.704873284325004 87.472383482381701 62.783484671264887 80.426427146419883 116.94621712341905 600.0300022251904 345.62597514875233 47.906566984951496 61.967961730435491 217.85491292737424 44.758845685049891 206.7506224680692 80.802225736901164 100.62161481939256 83.303808255121112 64.971936481073499 77.174889018759131 43.178882701322436 95.667617116123438 46.198860909789801 52.216966846957803 46.744580561295152 64.84276419878006 70.927636219188571 55.117030523717403 70.184030376374722 55.389216898009181 44.001650672405958 56.053323725238442 78.345744097605348 70.600817631930113 146.4229801222682 56.573083760216832 136.70696380361915 214.8686659745872 78.380247684195638 45.36957816593349 41.626750381663442
leaf_count=661 8843 1232 1314 8860 1113 1644 1597 1099 516 623 621 647 1272 638 702 1527 1234 1371 621 11354 5598 5858 1782 1193 1582 3490 960 730 1867 1184 991 1052 1896 3063 717 922 807 584 1505 914 576 1104 796 1073 1401 7707 4312 614 733 2693 441 2761 901 974 1028 809 777 480 1209 538 708 552 659 1038 621 708 601 673 776 853 730 1783 712 1492 2389 858 596 567
internal_value=0 0.00098208 -0.00639983 0.0016937 0.00380393 0.00804051 0.00651736 -0.000639136 0.0119085 0.0219997 0.00192976 -0.0157305 0.00964667 0.0161679 -0.000884668 -0.00240363 -0.00753015 0.0167802 0.00858645 -0.00116809 -0.0061453 -0.0087992 -0.0262125 0.0120464 0.0226328 0.029468 -0.00547169 0.00523221 -0.0151639 -0.000425446 0.0126869 0.00676137 0.00745445 -0.00291705 -0.00137129 0.00146375 0.00391742 0.0285602 0.00118522 0.00796945 0.0142026 0.0239548 0.00102547 -0.00124798 -0.0116688 -0.00623964 0.00398323 0.00782475 0.008746 0.00555539 0.0108082 0.00491387 0.000763348 0.0155315 0.00862829 -0.00610132 0.00180669 0.0107228 0.0189204 0.0284535 0.00284607 -0.00893813 0.00718612 -0.00452964 0.0141819 0.0242353 0.00215353 -0.00892702 0.000226151 -0.00361665 0.00417663 0.00237062 0.00766085 0.0140635 0.0184775 0.0113674 -0.00777855 0.0199156
internal_weight=0 9461.6 823.007 8638.6 4981.22 2620.68 2371.42 1016.54 1354.87 249.268 433.779 389.228 404.322 297.275 2360.54 2118.76 612.221 926.909 393.884 3657.38 1355.08 1103.01 203.961 241.783 533.025 324.938 1393.25 252.072 593.776 207.446 343.266 266.754 343.409 479.738 122.953 2264.13 1562.74 174.322 427.963 259.534 235.302 131.177 104.125 152.033 225.238 1328.55 790.208 146.462 444.582 382.614 262.614 1496.66 715.367 227.623 781.297 487.744 280.993 203.818 138.846 127.001 498.726 130.048 368.678 135.77 232.907 122.401 110.506 168.43 100.055 185.267 181.503 419.818 273.395 193.28 282.571 208.087 125.735 141.019
internal_count=131427 114915 10821 104094 60451 31570 29303 11605 17698 2267 6307 4514 4310 3211 28881 26256 7295 11644 5198 43643 16512 13323 2429 2625 6446 4006 16301 3189 7465 2528 4577 3586 4993 5698 1355 27342 18482 1856 6054 3492 3097 1680 1417 1987 2635 16550 9706 1798 5394 4661 3134 17675 8449 2413 9226 6036 3275 2498 1689 1439 5915 1580 4335 1697 2638 1416 1222 2562 1449 2085 1923 4947 3164 2204 3311 2440 1648 1938
is_linear=0
shrinkage=0.0454652


Tree=9
num_leaves=79
num_cat=0
split_feature=28 30 18 11 14 14 3 32 15 28 2 6 10 23 3 28 2 14 15 15 23 30 3 11 2 23 0 3 28 10 10 0 15 30 15 14 14 3 18 11 8 6 2 11 3 3 2 2 15 11 3 28 14 0 23 6 23 14 10 3 11 23 3 3 11 0 15 0 11 28 11 2 10 14 11 2 23 28
split_gain=22.02 54.6251 22.5361 22.9919 30.7804 27.9917 22.457 22.0169 32.6102 24.7078 28.471 34.1504 22.6722 33.17 28.3783 21.0788 20.9738 40.8832 30.8528 19.7588 27.2799 20.468 33.3866 33.8172 19.5989 19.87 19.3009 18.5993 18.4391 17.1766 16.9804 16.8533 16.8077 16.1745 15.849 15.5625 28.4706 22.8163 21.6638 17.6352 15.7106 19.6912 15.0509 28.1262 14.9154 14.6919 17.4736 13.8218 15.1641 13.6556 13.6092 13.4086 13.3223 13.0421 15.1124 13.0137 11.9403 11.9179 12.8165 11.7097 11.6178 11.0354 10.831 10.8069 10.9228 13.5159 10.3272 10.1573 10.0126 18.6129 12.1379 10.0076 12.3795 10.2232 19.7398 14.4883 10.635 9.98292
threshold=0.24825246632099154 1.0000000180025095e-35 68.500000000000014 0.12564035505056384 -2.787331104278564 -5.3203489780426017 0.47804185748100286 1.0000000180025095e-35 12.904262065887453 -0.69930991530418385 0.83945289254188549 2.8945747613906865 0.041035532951354987 0.64933264255523693 0.46963496506214147 -0.29026740789413447 1.0472781062126162 -2.5621856451034541 7.5002872943878183 9.7176756858825701 0.52690809965133678 0.81174489855766307 0.40255229175090795 0.051277680322527892 1.3477504849433901 0.88046637177467357 0.78096818923950206 0.72068491578102123 0.076279435306787505 0.17222633212804797 0.17222633212804797 0.97874698042869579 16.378020286560062 1.0000000180025095e-35 7.4348683357238778 -9.1194772720336896 -13.959253311157225 0.25402151048183447 62.500000000000007 0.11392230167984964 -1.2115337848663328 0.17964002490043643 0.61684548854827892 0.040900202468037612 0.43470376729965216 0.43206916749477392 0.68267232179641735 1.1784089207649233 6.1110477447509775 0.024343261495232586 0.2623575627803803 0.66746801137924205 -13.00159978866577 0.421448364853859 0.78772649168968212 0.29194319248199468 0.71707114577293407 -7.3085029125213614 0.047469496726989753 0.28076221048831945 0.074388764798641219 0.75449436902999889 0.33193251490592962 0.35726134479045873 0.019774390384554866 0.63524356484413158 6.2500476837158212 0.78096818923950206 0.11498376727104188 0.61734244227409374 0.073730785399675383 0.625958412885666 0.038244152441620834 -3.8407428264617915 0.073144353926181807 1.7612906694412234 0.88361877202987682 0.6835516393184663
decision_type=2 2 2 2 2 2 2 2 2 2 2 2 2 2 2 2 2 2 2 2 2 2 2 2 2 2 2 2 2 2 2 2 2 2 2 2 2 2 2 2 2 2 2 2 2 2 2 2 2 2 2 2 2 2 2 2 2 2 2 2 2 2 2 2 2 2 2 2 2 2 2 2 2 2 2 2 2 2
left_child=7 6 19 5 -5 53 35 8 12 59 11 32 14 28 33 29 17 18 55 21 -21 -3 -23 -24 -18 68 -9 42 -14 -12 -25 -29 -11 50 -33 36 37 39 -39 -2 60 62 43 -15 -7 46 -22 48 -16 -38 -1 -47 -27 -4 63 -8 -43 -20 -59 67 -37 -35 -42 -55 -65 -66 -52 -10 70 -70 -26 -61 -73 -74 76 -76 -75 -54
right_child=1 2 3 4 -6 44 16 26 9 10 15 -13 13 27 47 -17 24 -19 57 20 45 22 23 30 25 52 -28 31 -30 -31 -32 34 -34 61 -36 40 49 38 -40 -41 41 56 -44 -45 -46 51 -48 -49 -50 -51 66 -53 77 54 -56 -57 -58 58 -60 71 -62 -63 -64 64 65 -67 -68 -69 69 -71 -72 72 73 74 75 -77 -78 -79
leaf_value=0.017070708256100308 -0.001693214981078394 -0.011225086329247519 0.017266386728203017 -0.016775666831072615 0.02267744656460105 -0.0035527521477145998 0.029564065238897014 -0.023685722924983089 -0.012856287870132189 0.015043954900503281 -0.0067800294335437 0.034091323814737243 0.030691749291372524 -0.0088104695967532419 0.0097823528944828379 -0.016242222876530224 -0.0040309834366916543 0.045625123954117559 0.01918928457249356 0.039204018727422213 0.011286547620381579 -0.021721522823175732 -0.0022553756122811728 0.044566427199610285 0.018899231294716219 -0.013070060062046073 -0.0039389769481767501 0.023488978297136587 0.0029070049500793138 0.019389736730897607 0.0086500559673040895 0.0095551057853556255 -0.012382332658192144 -0.00083541852608185743 -0.018182176383070337 0.028419467367339097 0.00022861190843655456 -0.02593668407825276 0.0063924647572479922 0.039324754293426301 -0.0040996927165502725 -0.0062179361845988088 -0.0058555170440529793 0.021599700966904719 -0.028375091973216672 0.026372233737917819 -0.023980995437629191 8.5509356077510479e-05 0.037150462972253079 0.032823736149657078 0.0037977444988299188 -0.0019069612388933159 0.017210982744356739 -0.029176873274061023 0.0095208315455857524 0.0019419834231922057 0.0096774635323474811 -0.01974596566893444 0.0041635463132146189 -0.02989559185742257 -0.00082320665122948076 0.024001571185158239 -0.026894833836395123 -0.024002311711479641 0.0099542062094227311 -0.014832947698093856 -0.019216327626003577 0.014733374193853489 0.0077801124244204333 0.047651488482394852 -0.0019261553437435557 0.0097349385090638209 -0.02329232761166394 0.022563189877330345 -0.023426607500355884 0.0033411473549303538 -0.0050777723364905381 -0.0082597651521964504
leaf_weight=39.541157295927405 38.874880291521549 315.87526017613709 45.989932913333178 64.084069270640612 96.154735954478383 71.472664335742593 173.95109740830958 103.79710933752358 43.762141508981586 83.2129260674119 119.72405194304883 93.452168324962258 109.16144081391394 118.25177594646811 73.955673666670918 212.72182240337133 260.08801206946373 88.416022006422281 49.13868460804224 54.151574030518532 48.032447060570121 72.127992484718561 146.00312094949186 66.666711751371622 163.05233076028526 88.958405898883939 2689.3335151188076 104.06590785644948 96.705510223284364 83.710987793281674 54.513575509190559 132.75051245652139 93.75490952283144 55.219383774325252 57.521619765087962 50.745678130537271 38.953059738501906 83.272234847769141 77.922443635761738 38.712959531694651 85.077082620933652 218.74143446236849 1034.8925465643406 123.12128113955259 227.24645731039345 74.746067335829139 59.402716794982553 49.016291996464133 131.83284061588347 107.37549847364426 55.977553812786937 55.566302383318543 94.493768528103828 59.052874479442835 79.998019209131598 49.54114574752748 169.05265401117504 71.675183242186904 110.72561034932733 69.493029057979584 50.760480463504791 87.987627770751715 102.04667946510017 55.578092131763697 95.312462383881211 79.110390542075038 108.84036170504987 59.357564965263009 51.194136435166001 53.065167253836989 81.28786164522171 47.768195558339357 148.84876322932541 47.050526378676295 152.64887009002268 51.623968850821257 58.426913196220994 41.045961512252688
leaf_count=577 604 4210 671 986 898 852 2139 1368 697 1029 1375 1002 1383 1545 1064 2326 2853 779 605 564 681 964 1685 722 2264 1038 32995 1207 1228 893 609 1708 1359 566 735 542 590 1133 1023 553 1336 2472 13105 1314 2858 759 645 494 1345 1410 909 576 1170 698 963 709 1707 770 1212 675 529 992 1030 711 1229 923 1232 867 612 667 1006 630 1812 416 1602 560 781 571
internal_value=0 0.00252926 -0.00340616 -0.0086613 0.00657737 -0.0121683 0.00698072 -0.00167003 0.000597547 -0.00497812 0.00104205 0.0124843 0.00382174 0.00119695 0.0114219 -0.00632615 0.010812 0.0177847 0.0119111 0.00140853 0.0111967 -0.00292066 0.00470969 0.0122445 0.00614119 0.010838 -0.00472376 -0.00103989 0.0181828 0.00392316 0.0296077 0.00914035 0.000292952 0.002739 0.000712874 0.001944 0.00921369 -0.000339537 -0.0102417 0.019119 -0.00215367 -0.00514454 -0.00344747 0.00660396 -0.0227252 0.00406127 -0.00794021 0.0228473 0.0279293 0.024713 -0.00527535 0.0142594 4.47146e-05 -0.00430634 -0.00728499 0.0238002 0.00061558 1.43736e-05 -0.00519697 -0.0111069 0.0138679 0.0143359 -0.017095 -0.0121704 -0.00716262 -0.00109704 -0.0112084 0.00252606 0.0175695 0.0295554 0.0118569 -0.0136329 -0.011084 -0.0134248 -0.0082861 -0.0164949 0.00718843 0.00913223
internal_weight=0 4259.25 1821.09 874 160.239 713.761 2438.17 6537.53 3744.4 1365.56 686.577 270.42 2378.84 1776.47 602.371 416.157 1376.63 543.448 455.032 947.086 291.899 655.187 339.311 267.183 833.186 573.098 2793.13 1570.6 205.867 203.435 121.18 294.338 176.968 347.566 190.272 1061.54 385.111 238.783 161.195 77.5878 676.424 574.918 1276.27 241.373 298.719 237.748 107.435 254.805 205.789 146.329 204.359 130.312 224.498 415.042 369.052 223.492 387.794 231.539 182.401 678.98 101.506 143.207 187.124 289.054 230.001 174.423 164.818 103.12 348.599 104.259 244.34 575.86 506.367 458.599 309.75 204.273 105.477 135.54
internal_count=131319 51528 22204 10789 1884 8905 29324 79791 45428 16024 7984 3390 29404 22225 7179 4594 16395 6214 5435 11415 3225 8190 3980 3016 10181 7328 34363 19614 2611 2268 1331 3650 2388 4276 2443 12929 5313 3313 2156 1157 7616 6545 15964 2859 3710 2661 1326 2903 2409 2000 2718 1335 2779 5195 4524 2848 4179 2587 1982 8040 1071 1558 2366 3561 2863 2152 2141 1564 4549 1279 3270 6476 5801 5171 3359 2162 1197 1741
is_linear=0
shrinkage=0.0454652


Tree=10
num_leaves=79
num_cat=0
split_feature=14 7 0 27 2 5 14 5 14 4 14 0 7 0 7 11 27 21 16 28 27 16 27 2 8 27 14 5 0 8 5 14 7 2 6 28 8 28 6 14 14 27 7 0 21 2 6 7 16 2 0 5 5 6 5 0 0 2 14 14 4 0 28 21 8 5 0 28 2 14 14 7 21 21 14 0 21 16
split_gain=23.6004 52.1519 25.9558 21.7139 21.6087 22.9104 17.5805 21.4621 14.4086 13.9463 19.9397 14.7064 14.7685 13.3805 17.134 13.961 24.8272 19.2834 15.5093 15.8354 13.1183 18.1875 13.7095 16.3697 14.5633 12.9495 27.9067 12.4343 11.8923 14.917 13.1041 11.808 11.6888 11.4903 14.8784 10.5518 14.7114 13.4615 27.5123 12.8959 14.1071 11.9357 19.6474 18.1997 17.4313 13.7065 12.767 11.767 13.6704 21.2876 11.4166 14.1495 11.2681 10.9531 10.5718 10.2218 10.1323 9.7965 15.3271 11.4304 13.2515 10.4606 27.2661 18.433 12.8577 9.94351 9.25831 9.18951 8.96299 8.86069 9.05418 8.84538 8.42933 9.68005 8.10219 7.81317 7.81216 7.71335
threshold=-7.3751142024993888 1.0116869807243349 1.5265725851058962 -0.95688340067863453 0.98102757334709179 2.6729129552841191 -4.0654838085174552 0.29848465323448187 -18.344138145446774 -1.4153026938438413 -24.493218421936032 0.39605368673801428 12.410172462463381 0.53627172112464916 10.942972660064699 0.052898690104484565 -0.56457334756851185 3.8763715028762822 0.65886875987052929 -0.79989895224571217 0.95032352209091198 0.8822067677974702 0.71473535895347606 1.6916526556015017 -0.58684399724006642 0.86046862602233898 -1.7571632266044614 -1.7286274433135984 0.74158504605293285 -0.67424693703651417 0.37590034306049352 -5.2617261409759513 9.9750328063964862 0.49788410961627966 0.76375693082809459 0.8491516411304475 0.95489731431007396 0.4904943853616715 -1.7609906196594236 -8.3121786117553693 -19.018217086791989 0.1413247883319855 -0.84044104814529408 0.6769876778125764 -7.1279938220977774 1.0298299789428713 4.263784885406495 -8.3490605354309064 0.44049717485904699 0.9586903750896455 0.86346140503883373 1.6811795830726626 1.5507475733757021 2.7039366960525517 0.64532017707824718 0.86642709374427807 0.61577993631362926 1.2774876952171328 -2.6190179586410518 -0.97661739587783802 1.2533233165740969 0.78999257087707531 0.43245348334312445 3.3448305130004887 -0.048381231725215905 -2.151902318000793 0.64265018701553356 0.1413247883319855 1.4935801029205324 -4.1206278800964347 -2.787331104278564 -24.377685546874996 4.5077824592590341 9.4626302719116229 -5.1491081714630118 0.8110998570919038 -4.3781456947326651 0.83197408914566051
decision_type=2 2 2 2 2 2 2 2 2 2 2 2 2 2 2 2 2 2 2 2 2 2 2 2 2 2 2 2 2 2 2 2 2 2 2 2 2 2 2 2 2 2 2 2 2 2 2 2 2 2 2 2 2 2 2 2 2 2 2 2 2 2 2 2 2 2 2 2 2 2 2 2 2 2 2 2 2 2
left_child=2 3 9 -2 5 13 -5 -8 -4 -1 27 -12 32 14 74 16 31 18 19 -18 22 75 23 57 -24 69 -27 71 29 -25 -30 -15 35 -20 -35 37 39 41 50 40 -37 43 44 -13 68 66 52 76 49 54 51 -39 67 -45 -49 -40 -17 61 -59 60 -60 63 65 -6 -65 -63 -44 -46 -43 -7 -71 -11 -67 -74 -3 -22 -42 -58
right_child=1 4 8 6 20 25 7 -9 -10 10 11 12 -14 15 -16 56 17 -19 33 -21 21 -23 24 28 -26 26 -28 -29 30 -31 -32 -33 -34 34 -36 36 -38 38 55 -41 47 42 45 53 46 -47 -48 48 -50 -51 -52 -53 -54 -55 -56 -57 77 58 59 -61 -62 62 -64 64 -66 72 -68 -69 -70 70 -72 -73 73 -75 -76 -77 -78 -79
leaf_value=-0.00061601204715860621 -0.032626329242430266 -0.0046037550705374823 -0.017500498628058556 -0.012544157193039624 0.010399340750627277 0.019934330376299783 0.026113992419043872 -0.006453727202572348 -0.0018834738468739931 0.016197519530630689 0.02591349499134642 -0.023940116635774281 -0.012213175493475337 0.003668463274565176 0.005654959066458941 0.012269480076320335 0.038392207278525756 0.029783496554718378 -0.014977011312752421 0.0081643145342698824 0.011835340993587153 -0.027350934471468576 0.018721907022414084 0.036609345958713013 -0.001923741768843054 0.0022147584634718193 0.042768894326915607 -0.017531709801492167 -0.01956253491139864 0 0.0018417588057545666 -0.024631637270334267 0.024686760510754444 -0.011092593560395433 0.017685090616158632 0.023772071366807406 -0.011847893113734274 0.036231533911371856 -0.003928122270739561 0.025922258212367478 -0.021534455632541062 -0.020319480037933258 0.0072430267398588153 0.0049419587163314783 0.015684484520444065 0.010906549543115675 0 -0.010377394365110421 -0.013435977479159849 0.038415279735811485 0.0083394335304250895 0.0041399995139362383 0.0264784665610871 -0.011568210196033655 0.017858819990551455 0.016913063990126397 -0.0072578213642044229 -0.019104166147535295 0.017482122057328211 -0.014516379839931176 -0.010094962027637709 0.014609693866877663 0.027915138368960216 -0.033475933838572107 -0.0040042087111211953 -0.015958284374819522 -0.017439526169518327 0 0.0069950436634940161 -0.010590655295907745 0.0070661855392754359 -0.0080008155086730755 0.0045058458155980237 -0.01740527601841297 -0.0282584818420108 -0.012723103965415728 0.00063956735781732943 0.0016777749586409443
leaf_weight=1137.6822931803763 88.621796067804098 57.060833599418402 163.41055246628821 673.19624486751854 49.992572316899896 85.397871451452374 54.246013086289167 140.94521701335907 489.52533197030425 52.918653588742018 73.329704225063324 52.298421515151858 87.845820177346468 50.976858779788017 87.267782898619771 93.084904545918107 47.134870020672679 95.271723108366132 76.780095554888248 153.27085827291012 51.143169902265072 99.137496085837483 125.76085105352104 39.317189300432801 145.15755845792592 73.541226737201214 68.989476529881358 119.32121063768864 61.446548903360963 53.138864755630493 595.48933543078601 60.627077341079712 66.604720789939165 56.09402909502387 89.251176536083221 46.772402971982956 150.86720048449934 145.69781781919301 166.9250388238579 47.341119412332773 75.910003155469894 45.34284389950335 36.715273659676313 650.61844877712429 345.22132052853703 87.015376957133412 110.63170945830643 64.36923660710454 55.720337999984622 40.620270052924752 86.544033579528332 40.853964973241091 176.80978163145483 89.868120364844799 41.398637732490897 63.146264500916004 436.90583498217165 258.05794371850789 78.35348261334002 96.867433995008469 58.182901648804545 48.061967024579644 62.125073686242104 70.875198472291231 60.893752431496978 120.88960968889296 116.11306291073561 95.990115841850638 43.306812265887856 68.511973498389125 312.27552474662662 62.873201683163643 161.09481981769204 51.344206463545561 82.468961894512177 47.894206983968616 48.322755059227347 349.53115864470601
leaf_count=14905 1034 738 2261 8101 557 1124 574 1637 6298 696 1020 749 1412 555 1055 1112 544 1058 831 1693 646 1010 1398 523 1544 850 660 1721 768 778 7443 647 799 582 865 626 2014 1942 2261 576 949 718 585 8224 4323 1084 1316 855 665 588 981 468 2176 1127 554 710 4721 3144 817 971 665 508 637 716 702 1490 1638 1183 523 843 3092 861 1722 512 910 461 563 3792
internal_value=0 -0.00177933 0.00246962 -0.0114267 0.000191424 0.00328173 -0.00906464 0.00270225 -0.00595071 0.00369967 0.00516254 0.00612522 0.00560439 0.000582388 -0.0095754 0.00216311 0.00732315 0.0115564 0.00708636 0.0161373 -0.00289054 -0.0139965 -0.00181313 -0.0032221 0.00761838 0.010844 0.0228217 -0.0074245 0.00192016 0.0168269 -0.000195026 -0.0116104 0.00615992 -0.00100792 0.00625266 0.00568745 5.70435e-05 0.00703133 0.013665 0.00451657 0.00141993 0.00517457 0.00833344 0.000880008 0.01169 -0.00290875 0.0140226 -0.00189034 0.00468956 0.0120904 0.0233287 0.0296988 0.0165536 0.00282023 0.000483637 0.00177899 -0.00149111 -0.00671078 -0.0115219 -0.002749 0.0054318 -0.00280149 0.000883046 -0.0118764 -0.0207453 -0.00364287 -0.0111648 0.0122603 -0.00672954 0.00691176 0.0036839 0.00282639 -0.00656427 -0.000793024 -0.0193307 0 -0.0127835 -0.00323655
internal_weight=0 5636.68 5177.93 957.009 4679.67 2344.44 868.387 195.191 652.936 4525 3387.31 3152.2 3078.87 1735.73 226.798 1508.93 629.407 517.803 422.531 200.406 2335.22 198.175 2137.05 1866.13 270.918 608.716 142.531 235.113 749.392 92.4561 656.936 111.604 2991.03 222.125 145.345 2924.42 571.322 2353.1 503.167 420.455 373.114 1849.93 1057.15 792.785 817.303 239.844 728.653 326.341 202.108 146.388 273.096 186.552 618.021 740.487 105.768 230.071 879.522 1116.74 491.462 233.404 136.536 625.277 443.516 181.762 131.769 381.391 152.828 441.211 88.6497 466.185 380.787 115.792 333.329 212.439 139.53 99.0374 124.233 786.437
internal_count=131401 64030 67371 11346 52684 25672 10312 2211 8559 58812 43907 40629 39609 19103 2703 16400 6775 5573 4515 2237 27012 2117 24895 21953 2942 6569 1510 3278 9512 1301 8211 1202 38197 2278 1447 37398 7390 30008 6362 5376 4800 23646 13546 10100 10239 3307 8998 4174 2662 1997 3391 2410 7682 9351 1409 2971 9625 12441 5597 2453 1482 6844 4869 1975 1418 4232 2223 5506 1241 5059 3935 1557 3724 2234 1648 1107 1512 8513
is_linear=0
shrinkage=0.0454652


Tree=11
num_leaves=79
num_cat=0
split_feature=27 11 16 30 28 2 18 30 28 11 28 13 11 11 21 0 13 13 18 21 16 2 0 21 12 2 2 7 12 10 2 11 0 13 28 16 17 7 27 16 28 21 28 16 17 16 0 28 2 7 13 2 12 16 13 13 27 17 27 16 27 30 6 13 28 30 21 18 0 2 2 12 0 7 28 12 6 10
split_gain=21.2828 22.7123 24.8492 18.21 41.5576 24.4422 20.4433 16.8908 39.0151 16.2586 24.0405 21.5896 16.9243 21.6423 18.5119 15.1949 14.9934 42.2282 40.6071 13.8632 32.9049 27.353 22.1123 21.2489 21.7729 26.8297 20.1699 17.8967 19.5541 17.2922 23.3917 22.0817 17.0534 16.6482 21.6692 19.5354 16.0851 16.8973 18.3803 15.3692 21.2176 14.8379 14.7205 18.27 19.1913 17.1494 14.9022 15.2129 13.0775 16.0206 24.9352 23.8287 12.3538 12.7757 12.2333 25.5785 11.6575 11.4898 10.6933 10.2814 9.98609 9.8814 21.2311 14.4807 13.9527 12.4826 9.81592 9.66966 11.4786 9.49698 14.5382 9.39967 9.3919 22.4857 26.2215 13.0707 9.37637 9.32233
threshold=-0.89194178581237782 0.050762573257088668 0.74826604127883922 1.0000000180025095e-35 -0.92794367671012867 0.34374232590198522 73.500000000000014 0.81174489855766307 -0.010907442308962435 0.056059688329696662 0.8491516411304475 0.00041634519584476953 0.13700037449598315 0.18263661861419681 10.778904914855959 1.4499953985214236 -0.084270186722278581 -0.059466237202286713 16.500000000000004 0.68759092688560497 0.77347391843795787 1.7959910631179812 1.0752673745155337 7.9789700508117685 0.060667471960186965 1.3297103047370913 0.48066399991512304 23.405216217041019 0.051222287118434913 0.055378513410687454 0.67261013388633739 0.049230929464101798 1.1180697679519656 0.051241787150502212 -0.50938662886619557 0.82864114642143261 57.500000000000007 18.465130805969242 0.74455857276916515 0.67343258857727062 0.18436925113201144 9.8164196014404315 0.5464349389076234 0.22457586973905566 13.500000000000002 0.57518744468688976 0.88467502593994152 -0.58244305849075306 0.63531130552291881 19.67441558837891 0.051883528009057052 0.94295683503150951 -0.13035857677459714 0.18341425806283954 -0.0079908990301191789 -0.040942182764410966 -0.52803644537925709 20.500000000000004 0.33172981441020971 0.24833119660615924 0.99702683091163646 1.0000000180025095e-35 -4.3974735736846915 -0.00083525196532718826 0.24825246632099154 0.81174489855766307 5.3602008819580087 58.500000000000007 0.87536892294883739 1.0587130188941958 0.81036508083343517 0.03292342275381089 0.93270045518875133 1.0000000180025095e-35 0.054511256515979774 0.038078462705016143 -6.0459065437316886 0.030041955411434177
decision_type=2 2 2 2 2 2 2 2 2 2 2 2 2 2 2 2 2 2 2 2 2 2 2 2 2 2 2 2 2 2 2 2 2 2 2 2 2 2 2 2 2 2 2 2 2 2 2 2 2 2 2 2 2 2 2 2 2 2 2 2 2 2 2 2 2 2 2 2 2 2 2 2 2 2 2 2 2 2
left_child=1 2 61 4 48 -5 16 69 -9 10 72 71 -11 14 -14 19 -7 18 -18 42 21 22 29 24 26 -26 -22 36 -29 39 31 -31 33 34 -28 -36 37 38 41 40 -21 -25 46 56 -45 76 54 -48 67 50 51 -50 -19 -54 55 -6 -44 -4 -39 -57 -55 64 -63 -64 77 -65 -17 68 -2 70 -3 -12 73 -8 -75 -74 -46 -1
right_child=3 7 57 5 15 6 9 8 -10 12 11 -13 13 -15 -16 66 17 52 -20 20 23 -23 -24 27 25 -27 32 28 -30 30 -32 -33 -34 -35 35 -37 -38 58 -40 -41 -42 -43 43 44 45 -47 47 -49 49 -51 -52 -53 53 60 -56 59 -58 -59 -60 -61 -62 62 63 65 -66 -67 -68 -69 -70 -71 -72 -73 75 74 -76 -77 -78 -79
leaf_value=-0.001949631357138695 -0.015865068042564393 -0.0078923113427460702 -0.012636838230447643 0.029495936359687353 0.0018096369815502726 -0.016268958005792866 -0.0041712723962457222 -0.0092355018426156007 0.034978023209672582 -0.01425014544337231 -0.011094651438199824 -0.029227362642825862 0.029077781276853617 -0.021348765877222071 -0.0076124821657065278 -0.0059538743373825833 -0.0084432812485491036 0.018712034402476686 0.041477384088346975 0.020257600844432344 0.0011756631050759737 0.030078849274756014 0.015620853648264613 -0.022073047097479464 -0.013525748268043742 0.023505150442362396 0.00559020018683817 -0.0071784817171733186 0.031537582006045846 -0.0012736765657606454 -0.0091578053807815311 0.032168862131506062 0 0.0079481420756421384 0.014572397228788291 0.047505011449117091 0.019620659661560982 -0.0011869382856705903 0.015393423039972579 -0.024797529572663294 -0.015346650354008578 0.0064577316863778881 0.019452252874338813 -0.0010335645727220955 0.0066904901855697196 -0.0033808643990971051 0.0057895470991834721 -0.011597581236575628 -0.021466516649931162 -0.033751409265212057 0.02252722935901532 -0.0022158665424343704 -0.0090551333401700882 -3.2525127571357128e-05 0 0.0085723678674956491 -0.0021198775151416794 -0.045069097405372481 -0.028118169963198065 0.035763605879220547 0.018420449820052712 0.020226152351853172 -0.023598168470583682 0.017282803313151785 0.0039784646775374854 -0.011894325397037721 0.0057687261871279573 0.021531191265255347 0.012828682239923773 -0.0049145695496646043 0.02463951479513387 0.016454639811930457 0.016345656971841708 0.041060041359941749 0.00048102991069415356 -0.010063823564776106 0.028866273720225759 -0.022380960484981654
leaf_weight=68.795116746798158 58.421243984252214 47.785104671493173 52.036606030538678 47.325854746624827 160.51515708304942 100.68616895191371 106.85028003156185 76.417793910950422 79.306924521923065 608.46499739401042 53.274548212066293 93.568069977685809 63.058436166495085 49.077783836051822 43.953128797933459 446.15236351080239 46.894438369199634 64.137069337069988 95.488767992705107 44.515854982659221 131.74732981622219 43.366896087303758 89.079296158626676 81.053746158257127 117.54212434589863 56.335814520716667 58.446471715345979 38.485764699056745 67.182153945788741 98.67984483204782 319.84668630920351 62.191969724372029 63.005724424496293 92.370195716619492 62.354551590979099 145.86203703470528 50.681538093835115 51.646865108981729 99.442423051223159 174.63885834999382 112.52157401293516 61.322005622088909 64.598772175610065 81.868318198248744 55.374565036967397 43.046928569674492 229.58812627010047 181.59659724496305 227.22955185361207 50.105311054736376 47.823453122749925 330.29279775172472 332.56477218680084 1678.2507083266973 172.86976006254554 50.173925898969173 196.79651807807386 55.422774724662304 89.131164209917188 107.27691031061113 58.615906223654747 70.345360241830349 73.316558692604303 53.000788362696767 78.294876435771585 59.710999488830566 212.60038535296917 45.297726158052683 48.450020808726549 682.19929872453213 56.135936789214611 41.779526703059673 49.367309920489788 72.014652729034424 62.543832844123244 132.53797540441155 305.21775721013546 189.90611397847533
leaf_count=1014 731 563 695 492 2202 1297 1261 915 910 7136 668 1185 675 718 607 5729 772 741 1152 548 1424 593 1023 832 998 625 626 704 757 1224 3935 770 666 1114 710 1237 709 481 948 2007 1415 696 767 1054 630 515 2966 2325 2864 673 500 4195 4352 19973 2181 779 2884 636 990 1280 700 931 958 640 1041 659 2590 518 551 8112 653 568 618 730 876 1643 3788 2516
internal_value=0 -0.00480448 -0.0109774 0.000810655 0.00252873 -0.00158472 -0.00202126 -0.000132082 0.0132947 -0.00642419 -0.000802452 -0.0141969 -0.0108321 0.00221116 0.013843 0.00423362 0.000514963 0.00130668 0.0249259 0.00532551 0.0029305 -0.00344688 -0.00524198 0.00772195 0.0127723 -0.000989609 0.0171564 0.000768486 0.0172499 -0.00765605 -0.00199118 0.0118358 0.0219715 0.0257601 0.0315369 0.0383427 -0.00326304 -0.00659581 0.000556115 -0.0155971 -0.00469333 -0.00961426 0.00849288 0.0132352 0.0184424 0.0224831 0.00447026 -0.00181043 -0.00692437 -0.00972636 -0.00744481 -0.0102478 -0.000291341 -0.000939537 0.00980182 0.0150388 0.00324481 -0.0308393 -0.0188868 0.0278366 0.000603972 -0.00711243 -0.000170936 -0.00840943 -0.0121849 0.00153268 -0.00208479 0.00477148 -0.00242375 -0.00290855 0.00949633 0.000701245 0.00513042 0.0109737 0.0231204 -0.00243267 0.0257077 -0.0172482
internal_weight=0 1642.67 700.829 9127.2 5326.75 3800.45 3753.13 941.845 155.725 1376.49 611.936 188.622 764.554 156.089 107.012 4519.13 2376.64 2275.95 142.383 3860.37 2211.45 944.841 901.474 1266.61 727.664 173.878 553.786 538.946 105.668 812.395 480.719 160.872 422.039 359.033 266.663 208.217 433.278 382.596 241.818 331.676 157.037 142.376 1648.92 746.903 485.508 403.639 902.02 411.185 807.62 655.451 605.346 557.522 2133.57 2069.43 490.836 317.966 261.395 107.459 140.778 157.451 1736.87 593.37 256.374 186.028 336.996 112.712 658.753 152.169 106.871 786.12 103.921 95.0541 423.314 241.409 134.558 181.905 360.592 258.701
internal_count=131161 20243 9090 110918 64754 46164 45672 11153 1825 16685 7549 2421 9136 2000 1282 54722 28987 27690 1924 46403 25032 11515 10922 13517 7400 1623 5777 6117 1461 9899 5929 1994 4353 3687 2573 1947 4656 3947 2476 3970 1963 1528 21371 9638 5987 4933 11733 5291 10032 8232 7559 7059 25766 25025 6442 4261 3651 1331 1471 2059 20673 7759 3188 2257 4571 1299 8319 1800 1282 9328 1216 1236 5128 2867 1606 2261 4418 3530
is_linear=0
shrinkage=0.0454652


Tree=12
num_leaves=79
num_cat=0
split_feature=29 23 21 3 3 3 17 23 11 10 27 11 29 11 3 27 27 21 23 3 33 21 21 3 3 23 9 21 33 27 5 27 21 33 3 30 23 8 27 17 17 33 30 33 11 21 17 27 29 27 27 17 29 21 23 21 3 33 9 23 21 3 10 27 27 11 21 30 6 3 27 8 30 6 21 27 3 11
split_gain=36.1993 19.2822 22.0773 19.8123 16.7341 26.4705 20.1289 17.5603 15.2605 16.1946 15.0777 24.9489 29.6548 22.0585 23.2184 18.3761 18.316 17.5594 27.6666 23.0401 16.6831 16.2644 22.6945 14.6613 22.9638 21.6542 20.8922 19.5584 18.4705 14.6253 14.4122 13.4695 13.4466 12.9827 12.7793 21.0616 13.1853 18.9341 15.6232 33.78 18.6444 17.4855 15.2191 15.9985 20.2672 14.0952 12.9278 12.4764 14.8185 14.7955 12.8448 13.0198 12.3235 34.5691 32.1453 22.5587 23.3866 33.5619 16.3753 12.2679 12.1093 12.0625 11.7929 11.6784 15.6484 18.6377 19.2519 13.8861 11.2901 11.2808 19.2508 13.8881 11.1901 11.1225 11.0792 26.867 17.9441 22.9463
threshold=-0.60785761475563038 1.4288031458854678 0.39717708528041845 0.18175393342971805 0.26619312167167669 0.33917205035686498 15.500000000000002 0.31771020591259008 0.0080905584618449228 0.029353798367083076 0.71473535895347606 0.051853109151124961 0.87837970256805431 0.033737447112798698 0.64200985431671154 -0.50938662886619557 0.98279649019241344 2.487881183624268 0.58223333954811107 0.54186439514160167 0.94700106978416454 15.111762046813967 12.109858036041262 0.26619312167167669 0.34636613726615911 0.84904125332832348 0.23724853992462161 5.7397491931915292 1.0013927817344668 0.87137606739997875 4.9399948120117196 -0.83743050694465626 3.8763715028762822 0.90112781524658214 0.68497276306152355 0.81174489855766307 0.66013500094413768 -0.96472075581550587 0.18436925113201144 80.500000000000014 68.500000000000014 0.99611112475395214 0.81174489855766307 0.9590476155281068 0.040394376963377006 -3.0516277551650997 50.500000000000007 -0.95688340067863453 0.6078576147556306 -0.69930991530418385 -0.65106672048568714 11.500000000000002 1.0000000180025095e-35 2.4298830032348637 0.85215535759925853 9.2914948463439959 0.62495630979537975 0.9590476155281068 0.29096692800521856 0.92579960823059093 4.2739868164062509 0.47804185748100286 0.084539677947759642 0.82531082630157482 -0.83743050694465626 0.086886137723922743 -5.3324384689331046 1.0000000180025095e-35 -0.53644996881484974 0.30050311982631689 0.83743050694465648 0.91637939214706432 1.0000000180025095e-35 2.1013661623001103 10.200209617614748 0.032717135734856136 0.70612105727195751 0.089630391448736205
decision_type=2 2 2 2 2 2 2 2 2 2 2 2 2 2 2 2 2 2 2 2 10 2 2 2 2 2 2 2 8 2 2 2 2 10 2 2 2 2 2 2 2 10 2 10 2 2 2 2 2 2 2 2 2 2 2 2 2 10 2 2 2 2 2 2 2 2 2 2 2 2 2 2 2 2 2 2 2 2
left_child=60 2 3 -2 6 69 -5 -7 -9 31 13 17 23 14 15 -4 62 18 -12 20 -19 22 52 28 29 27 -27 -26 -13 -25 34 -10 -21 -23 36 63 37 -11 39 41 42 -38 43 -40 -45 -39 -47 72 50 -50 -49 -52 53 -15 55 56 57 -55 73 -17 -1 -41 -14 64 -36 66 -66 -68 -30 70 -6 -71 -16 -56 76 -76 77 -54
right_child=1 -3 10 4 5 7 -8 8 9 30 11 12 16 21 47 59 -18 19 -20 32 -22 33 -24 24 25 26 -28 -29 68 -31 -32 -33 -34 -35 35 -37 38 45 40 61 -42 -43 -44 44 -46 46 -48 48 49 -51 51 -53 74 54 58 -57 -58 -59 -60 -61 -62 -63 -64 -65 65 -67 67 -69 -70 71 -72 -73 -74 -75 75 -77 -78 -79
leaf_value=-0.032407499802311959 -0.018873240443500566 -0.0041713685178967966 -0.03623998802779687 -0.0059494419332950686 -0.0090190611523827801 0.032223852455458266 0.021542729064812593 -0.0051259425139554221 -0.00044251767741950587 0.030729929211479819 0.030286923647873443 -0.035961235401839479 0.005522624120426126 -0.023427695283745911 -0.02974576893788303 -0.015026322944074348 -0.010047462040743006 0.010456889288295716 -0.0036882350676836215 -0.013215196622812725 0.040318916759435074 0 -0.017858028397029713 -0.0091200853589043108 -0.00025468631407526228 -0.0098693450177313926 0.017790353778203274 -0.029574629617184222 0.016871118918807507 0.021075124894405561 -0.016225943590222894 0.017894362069502213 0.015601120323898432 0.031290582897033514 -0.00048207908972914198 0.023214511485109911 -0.002572939272848164 0.013317257297003603 0.0022070265601428648 0.024531065201866535 -0.0029094418599988612 -0.028700524320402074 -0.0047930906195471808 0.0058855136102231205 0.039732547797709419 0.012266230392717792 -0.015929906914751327 -0.0027509047104789758 0.014547539640439864 -0.016124067994089903 0.0057872528861269267 0.039977241764925821 0.0091960563055259389 -0.0041282165468426672 0 -0.017997663539531139 -0.0085891052778925003 0.031747502750508194 0.0061535367305507096 0.0030669851440424337 -0.0016735037734743972 -0.0010888375240327053 0.031737634567686378 -0.016328821165215338 -0.0064859269327690152 0.037291173449098464 0.025379854398943576 -0.0023576349433986213 -0.017200445338909364 -0.019224533733323761 0.020416992435957029 0.0069568500134287187 0.00044697068944829331 -0.022420683042609958 0.025854822534983057 -0.01042690023848156 -0.0088545109733697159 -0.0053034377710835957
leaf_weight=89.534915342926979 74.115373026579618 1627.9856010749936 70.600930143147707 68.127469837665558 131.63061493821442 43.854196207597852 215.18258883617818 312.30074669606984 103.04849437437952 66.680027676746249 56.112442210316658 66.503070615231991 70.317002976313233 154.97269031777978 44.602478569373488 347.34223104268312 48.140555510297418 76.158787529915571 270.19674616120756 56.505274755880237 99.565797224640846 54.076415726915002 152.63625415228307 42.000067781656981 78.841905508190393 132.59392548911273 91.581745581701398 126.72205904871225 30.122836099937558 106.38623847253621 66.757825288921595 329.6671223398298 69.433882016688585 54.793299220502377 302.4468033593148 169.05863451212645 92.22401312366128 160.21862165629864 107.16261196695268 55.908008037135005 441.2464609593153 139.38701541721821 88.081419672816992 70.058192931115627 87.307772219181061 46.200270278379321 92.341224024072289 54.74705559015274 43.271166190505028 94.957187609747052 51.56338176690042 47.491832789033651 627.38968302682042 74.035244857892394 65.957881711423397 48.255954260006547 68.129220329225063 167.5664906129241 85.816098852083087 92.384139411151409 42.433359403163195 93.611652171239257 86.271783724427223 43.346823124215007 105.41707809641957 54.354559695348144 125.06288745999336 47.219879265874624 43.498253231868148 190.15303315408528 65.127034300938249 47.964146822690964 46.307587653398514 170.19900874048471 115.19380627200007 60.150520185008645 285.48235994763672 343.19122038595378
leaf_count=1145 1089 20034 678 937 1810 490 2869 4080 1421 808 731 486 814 1771 640 4150 536 1447 3289 652 693 1195 1852 555 787 1291 890 1404 537 1405 776 4188 780 445 3869 1927 1897 2162 2266 718 5449 980 941 524 656 576 1183 730 520 1156 658 584 6977 1388 797 615 803 1177 1015 1312 550 1249 922 586 1384 654 1519 621 772 2528 833 650 545 1953 1197 635 3241 3796
internal_value=0 0.000369332 0.00119695 0.00369595 0.00414954 0.00330259 0.0147714 0.00472517 0.00429237 0.00533394 -0.000822767 0.0028762 -0.00183748 -0.00251535 -0.0086413 -0.0149519 0.0131881 0.00984852 0.00230878 0.0177049 0.0281797 -0.000320906 -0.00112538 -0.00623826 -0.00288137 -0.00826477 0.00133284 -0.018786 -0.0192759 0.0121932 0.0038626 0.0134526 0.00228791 0.0165161 0.0044715 0.00896069 0.00195465 0.00945055 -0.000359992 -0.007915 0.00322799 -0.0187288 0.0109903 0.0164204 0.0254964 0.00418968 -0.00610313 -3.64203e-05 0.0044377 -0.00603784 0.0140741 0.0235867 1.01718e-05 -0.00434563 4.60757e-05 0.0094412 0.0140503 0.0206695 -0.0102377 -0.0111219 -0.0232308 0.00857097 0.020709 0.00521641 0.00685974 0.0136166 0.0083362 0.0176224 -0.00247789 -0.00714002 0.00069854 -0.013721 -0.0144949 -0.0164005 0.00259001 0.0131828 0.00103462 0.00401834
internal_weight=0 10635.3 9007.33 4035.26 3961.15 3677.84 283.31 3242.96 3199.11 2886.81 4972.07 1550.95 922.979 3421.11 893.268 510.327 204.729 627.973 326.309 301.664 175.725 2527.85 2418.98 718.25 578.126 429.74 224.176 205.564 140.124 148.386 2454.09 432.716 125.939 108.87 2387.33 846.907 1540.43 365.44 1174.99 381.131 793.856 231.611 352.61 264.529 157.366 298.76 138.541 382.941 292.031 138.228 153.802 99.0552 2266.34 834.933 679.96 357.987 309.731 241.602 321.973 439.726 131.968 149.52 156.589 677.848 634.501 332.054 277.7 172.283 73.6211 434.875 196.758 238.117 90.9101 236.157 1431.41 175.344 1256.06 970.581
internal_count=131190 129495 109461 51640 50551 46745 3806 40924 40434 36354 57821 17991 10399 39830 10973 6140 2272 7592 4020 3572 2140 28857 27217 8127 6332 4372 2181 2191 1795 1960 30745 5609 1432 1640 29969 10560 19409 4729 14680 4844 9836 2877 4387 3446 1180 3921 1759 4833 3648 1676 1972 1242 25365 9519 7748 3983 3368 2565 3765 5462 1695 1967 1736 8633 8047 4178 3524 2140 1309 5821 2643 3178 1185 2750 15846 1832 14014 10773
is_linear=0
shrinkage=0.0454652


Tree=13
num_leaves=79
num_cat=0
split_feature=29 28 30 27 7 3 3 7 15 18 16 16 22 3 6 33 3 3 27 7 15 0 29 15 3 3 3 27 0 15 0 3 0 6 17 6 8 15 15 29 29 15 18 17 7 27 27 6 7 16 30 18 28 3 0 3 3 0 16 3 3 15 16 7 16 3 6 16 18 29 15 29 33 27 6 29 29 3
split_gain=36.8375 25.7617 25.372 20.3246 20.5514 23.8776 24.7875 19.4015 32.6256 25.731 30.2877 26.4436 23.7135 21.1606 18.1492 17.3108 17.023 15.8619 15.8541 15.2664 14.9697 13.484 13.3418 16.2546 15.4003 19.6784 22.7253 16.5697 27.3203 22.3756 18.4738 14.9973 14.4894 13.7937 18.9335 12.6753 11.4591 11.1841 16.3895 17.8956 17.1887 14.1601 11.1175 10.8276 22.3781 14.9842 21.1354 16.1284 10.9598 21.9485 10.5933 21.6198 21.7035 20.3816 22.2107 15.3716 18.8704 19.7383 12.4199 18.0272 12.0137 14.066 20.4939 13.9168 12.3844 29.4085 12.2763 11.9033 12.539 11.6485 15.5864 10.6403 9.73303 12.1633 13.3248 11.7153 12.2936 9.72057
threshold=-0.60785761475563038 0.33172981441020971 1.0000000180025095e-35 0.43245348334312445 9.3225846290588397 0.18175393342971805 0.2623575627803803 18.757937431335453 20.104444503784183 73.500000000000014 0.73758259415626537 0.62744617462158214 -0.74396738409996022 0.33671918511390692 -3.222421288490295 0.99611112475395214 0.48932284116745001 0.48932284116745001 -0.72982063889503468 -16.126350402832028 6.5422816276550302 0.45178101956844335 0.6078576147556306 11.964236259460451 0.33193251490592962 0.39269213378429418 0.46963496506214147 0.66746801137924205 0.9714685082435609 3.4279352426528935 0.98604023456573497 0.30313573777675634 0.92932733893394481 -1.8928767442703245 29.500000000000004 1.9205215573310854 -1.2115337848663328 24.820283889770511 21.255068778991703 -1.0000000180025095e-35 0.87837970256805431 15.699915409088137 44.500000000000007 9.5000000000000018 5.2634360790252694 -0.71473535895347584 -0.52803644537925709 -10.971560955047606 6.3612184524536142 0.80124160647392284 1.0000000180025095e-35 63.500000000000007 0.054511256515979774 0.24728943407535556 0.93982636928558361 0.59830799698829662 0.70226043462753307 1.0520297288894656 0.1387787461280823 0.780652016401291 0.748144030570984 10.45031261444092 0.76286846399307262 1.6334105134010317 0.31797060370445257 0.44440029561519628 -4.1218841075897208 0.69133242964744579 68.500000000000014 0.6078576147556306 16.827320098876957 0.6078576147556306 1.0013927817344668 -0.79989895224571217 10.079312324523928 1.0000000180025095e-35 0.87837970256805431 0.20158420503139499
decision_type=2 2 2 2 2 2 2 2 2 2 2 2 2 2 2 10 2 2 2 2 2 2 2 2 2 2 2 2 2 2 2 2 2 2 2 2 2 2 2 2 2 2 2 2 2 2 2 2 2 2 2 2 2 2 2 2 2 2 2 2 2 2 2 2 2 2 2 2 2 2 2 2 8 2 2 2 2 2
left_child=-1 3 16 50 5 -5 15 8 9 11 20 14 -9 -13 18 -7 36 -15 -4 -8 -11 -22 24 -24 31 -26 33 30 29 -29 -28 -21 -25 -27 -35 42 -3 38 39 41 -41 -6 -31 44 -18 -45 -47 -48 -49 -50 53 52 58 -2 67 69 57 -57 59 -52 61 63 71 64 65 -60 -62 -55 -69 -53 -71 -63 73 74 75 -56 -77 -38
right_child=1 2 7 4 37 6 19 12 -10 10 -12 13 -14 17 -16 -17 43 -19 -20 22 21 -23 23 32 25 26 27 28 -30 35 -32 -33 -34 34 -36 -37 77 -39 -40 40 -42 -43 -44 45 -46 46 47 48 49 -51 51 55 -54 54 72 56 -58 -59 60 -61 66 62 -64 -65 -66 -67 -68 68 -70 70 -72 -73 -74 -75 -76 76 -78 -79
leaf_value=-0.023450049797943365 0.019790701872082064 0.01285473954297538 0.023723923307949809 -0.026760684785857473 -0.0058496645130730182 0.0059453533139293769 -0.012964877253730977 0.038799932000268995 -0.036538749845319525 -0.014484138524609178 -0.023880091918354052 0.041690881715707451 0 -0.010521833950156731 -0.0091873882563595615 0.038582300066598629 -0.01930578134466631 0.019497759945612574 0.00054307954321555026 0.0085557780220524033 0.024791038554463917 -0.00038804450361108387 -0.0040990829506223321 0.027176388433963167 0.025984019251420125 0.011999681192560873 0.0058190235577383507 -0.01001704163140592 -0.0082894570243283953 0.015335366498396577 0.043619527612427628 -0.022055292150356464 -0.0021090761121775651 0 -0.034934461512984426 0.011317694052003103 0.01631978264625944 0.008763505034755455 -0.021447876867361982 -0.014616048120704824 0.0058123972511680989 0.023219410526096163 0.05022340685714121 0.0045733413792788096 0.01154921909684301 0.035472064595014931 -0.011728959117026129 0.01917147296917316 -0.014134898683313744 0.019742985349887585 -0.019999394259675039 -0.023576929542940848 0.020893311328887058 -0.008056280845464843 -0.024507468278253862 0.03193319610754599 -0.0089459061459940762 -0.004120476418515929 0.045007683221807149 0.011596248492198164 0.007136019306351834 -0.02376938582887227 0.012597880807932178 0.028817881246644649 -0.003520509218848313 -0.00032384085547175939 -0.012543571621300239 -0.033231068027054764 -0.010692179578452492 0.0098624602496809981 -0.022780794489876476 0.0035299462498982145 0.00050716408912615605 -0.0019404325823467292 0.0054499283583325708 0.00090358451965494985 -0.017311672903033728 -0.0016440189120185481
leaf_weight=134.47263233177364 59.94543569907546 159.38750407285988 77.030448000878096 46.084378926083446 54.799852615222335 72.321582563221455 105.6964194662869 49.043450823053718 53.112917672842741 119.23196115903556 183.73715909570456 53.015526499599218 81.935773035511374 53.586228054016829 292.56506932713091 69.900803916156292 73.249795038253069 90.348580684512854 265.48563026636839 60.169129395857453 50.591722087934613 205.80970720760524 526.04740895144641 69.703475287184119 133.52563587203622 51.148791965097189 54.243787419050932 51.197246795520186 146.63233205862343 46.460976392030716 59.753079611808062 61.979413548484445 59.855432212352753 76.465276569128036 51.808569692075253 122.34611932002008 63.269167482852936 101.64434419386089 127.60932294465601 267.18836919218302 117.32953894883394 76.114274438470602 47.086730008944869 405.9480006955564 126.61616612039506 96.99843261949718 47.833431288599968 341.36847880482674 68.950079884380102 80.758997600525618 117.08794720284641 155.90583186037838 121.48176681622863 320.27620087563992 155.29565231502056 56.312504857778549 212.91266672499478 59.384035859256983 43.291523085907102 48.670537870377302 102.42820630222559 78.732550906017423 106.08897124044597 84.089744880795479 112.0092765558511 73.048694768920541 159.86187051609159 109.64885893464088 118.6990059632808 65.954142957925797 48.188713897019625 39.980741331353784 701.3619425855577 654.05694407224655 76.965651512145996 139.87034101784229 152.37561965733767 807.71339406631887
leaf_count=1756 919 1915 990 660 527 1406 1387 481 790 1519 2154 572 1036 525 3654 492 807 888 3354 803 642 2479 6486 800 1687 653 626 671 1779 600 729 920 839 807 537 1230 1062 1508 1547 2930 1183 774 462 4842 1413 1078 587 4200 861 888 1611 1696 1476 4357 1107 520 2657 568 507 591 1268 1009 1221 956 1305 955 2222 1207 1405 771 644 593 14581 4720 591 994 1114 9454
internal_value=0 0.000141827 0.0031196 -0.00152913 0.00156498 0.00407211 0.00491631 -0.0012871 -0.00284889 -0.00142471 -0.00895561 0.00359895 0.0151412 0.017982 -0.000871602 0.0229489 0.00619352 0.00801012 0.00611527 0.00334984 -0.00134861 0.00470377 0.00447535 -0.000458702 0.00787327 0.0100858 0.00688323 0.0116481 0.00711559 0.0157503 0.0268694 -0.00680126 0.0136308 -0.00681283 -0.0148216 0.0221551 0.00180385 -0.00479551 -0.00705593 -0.00325827 -0.00826153 0.0108811 0.0347624 0.00977901 0 0.0116319 0.0160037 0.0121692 0.0146731 0.00386198 -0.00351012 -0.00069094 0.00309747 -0.00539569 -0.00606962 -0.00762354 -0.000823797 0.0135111 0.000728932 -0.0103792 0.00313362 0.00704682 -0.00143064 0.0132403 0.00688825 0.0170941 -0.00468369 -0.0141178 -0.0221187 -0.0155843 -0.00381721 -0.0143666 -0.00366948 -0.00618941 -0.0113396 -0.0143582 -0.00853688 -0.000213265
internal_weight=0 10678.6 3847.59 6831.04 2657.11 1912.43 1866.34 1575.49 1444.51 1391.4 559.371 832.031 130.979 196.95 635.081 142.222 2272.09 143.935 342.516 1724.12 375.633 256.401 1618.42 655.606 962.817 840.669 707.143 527.72 413.723 267.091 113.997 122.149 129.559 179.423 128.274 215.894 1030.37 744.686 643.041 515.432 384.518 130.914 93.5477 1241.72 199.866 1041.86 635.909 538.911 491.078 149.709 4173.93 1685.43 1086.77 2488.5 2428.55 598.658 328.609 115.697 965.29 165.758 799.532 537.242 224.802 312.439 228.349 116.34 262.29 548.624 228.348 270.049 114.143 118.713 1879.93 1178.56 524.507 447.542 292.246 870.983
internal_count=131555 129799 46191 83608 32043 23574 22914 19084 17567 16777 6794 9983 1517 1985 7998 1898 27107 1413 4344 21016 4640 3121 19629 8125 11504 9781 8094 6097 4742 2963 1355 1723 1639 1997 1344 2292 12431 8469 6961 5414 4113 1301 1062 14676 2220 12456 7614 6536 5949 1749 51565 20570 13714 30995 30076 6856 3745 1088 12238 2202 10036 6546 2823 3723 2767 1462 3490 6969 2612 3111 1415 1602 23107 8526 3806 3215 2108 10516
is_linear=0
shrinkage=0.0454652


Tree=14
num_leaves=79
num_cat=0
split_feature=29 28 30 12 13 14 13 14 3 3 14 18 15 3 3 18 13 15 23 15 3 29 29 5 7 12 14 14 7 18 12 12 3 14 18 13 15 29 28 14 5 22 22 13 7 23 3 13 15 15 14 14 18 13 3 8 12 3 12 14 29 3 5 15 7 7 22 15 7 3 13 29 15 10 14 22 1 28
split_gain=29.5672 22.0388 22.6558 22.9072 21.6295 55.2297 24.1873 27.3937 23.1542 20.9306 20.7807 23.9921 19.1307 29.5043 28.6247 31.3177 22.7293 21.6094 20.8926 36.6127 19.5806 18.0982 17.9015 17.8867 16.5897 16.0735 15.9276 19.2068 37.0309 21.3973 17.5056 15.8662 14.2658 16.747 17.1861 14.0604 19.9418 23.1709 16.7814 16.9061 16.0948 13.9174 13.599 13.5271 19.1085 13.3959 13.1537 13.1419 28.2948 20.8833 14.9648 24.9541 25.9 28.0064 20.6975 20.6405 14.4869 18.0306 13.8664 12.964 14.8177 12.7999 12.7659 19.3132 12.4636 13.223 19.1576 17.555 12.3783 12.1834 17.6965 12.8294 11.994 11.863 11.8378 11.7182 11.4523 11.2725
threshold=-0.60785761475563038 0.33172981441020971 1.0000000180025095e-35 -0.0012764214188791809 0.060709953308105476 -2.8406348228454585 0.013464228715747597 -10.18515110015869 0.41487564146518713 0.48932284116745001 -5.4337408542633048 70.500000000000014 21.463741302490238 0.18175393342971805 0.28790396451950079 42.500000000000007 -0.072273090481758104 17.114849090576175 0.58631458878517162 13.487364292144777 0.33456848561763769 0.6078576147556306 0.6078576147556306 -4.0019326210021964 -23.608597755432125 0.017188819125294689 -1.7571632266044614 -7.3751142024993888 1.2656866908073428 62.500000000000007 -0.052204309031367295 0.01339509477838874 0.60043051838874828 -2.6755691766738887 22.500000000000004 0.014654450584203007 12.429117202758791 0.6078576147556306 -0.77296444773674 -4.5752062797546378 0.64532017707824718 0.65635570883750927 -0.76768767833709706 0.049402123317122466 9.3225846290588397 0.86128294467926036 0.57471212744712841 0.076675932854414 24.820283889770511 18.025055885314945 -9.0411453247070295 -14.231884956359862 62.500000000000007 -0.068633459508419023 0.27154920995235449 -1.2115337848663328 0.0063856772612780341 0.3438046276569367 0.030873270705342296 -3.613335013389587 0.87837970256805431 0.71251425147056591 -6.3408102989196768 7.4348683357238778 16.638462066650394 12.410172462463381 -1.0508355498313902 14.623602390289308 -3.5519090890884395 0.72389173507690441 0.019773275591433052 -1.0000000180025095e-35 20.300255775451664 0.018369856290519241 -8.10308790206909 -0.73631048202514637 1.0354833602905276 -0.86046862602233876
decision_type=2 2 2 2 2 2 2 2 2 2 2 2 2 2 2 2 2 2 2 2 2 2 2 2 2 2 2 2 2 2 2 2 2 2 2 2 2 2 2 2 2 2 2 2 2 2 2 2 2 2 2 2 2 2 2 2 2 2 2 2 2 2 2 2 2 2 2 2 2 2 2 2 2 2 2 2 2 2
left_child=-1 12 9 22 6 -6 7 8 -5 47 -8 -12 13 -2 15 -15 24 21 19 31 -20 25 23 -4 -16 -17 27 41 76 30 -30 -18 33 34 -11 38 37 -37 39 -32 -38 73 -25 44 45 -31 -9 49 -49 50 51 52 54 -54 -3 -52 75 -58 -59 60 -14 -24 -34 74 65 66 -65 -68 -53 71 -71 -28 -51 -22 -64 -57 -29 -73
right_child=1 2 3 4 5 -7 10 46 -10 32 11 -13 59 14 16 17 18 -19 20 -21 26 -23 61 42 -26 -27 69 28 29 43 35 -33 62 -35 -36 36 40 -39 -40 -41 -42 -43 -44 -45 -46 -47 -48 48 -50 72 55 68 53 -55 -56 56 57 58 -60 -61 -62 -63 63 64 -66 -67 67 -69 -70 70 -72 77 -74 -75 -76 -77 -78 -79
leaf_value=-0.021056928855556527 -0.030506933708123643 0.0064231904865473628 -0.0076255522882656282 -0.026090654394064976 -0.026434846337126582 0.031687952312213635 0.0041283283734605096 0.019563302446288948 0.005386926131694547 0.033220738918081145 0 -0.034089886699992515 0.011533301164107 -0.0024306065919511466 0 0 0.043079501747265346 -0.003468123471153859 -0.012673803600584224 -0.011980415945861468 0.015096240184212422 0.049641657541140333 0.0018229547506784271 0.02598407672669488 -0.028718155853432081 0.031276612197788017 -0.0039758139693228424 -0.019777692012575003 -0.017621008586882918 0.0078721889799145718 0.030787254946142883 0.0095453757516345064 -0.010644631333612965 0.038191904214100243 0.0054156416229471632 0.036629239140300168 -0.011009021297317201 0.0036077918489224176 -0.013172235792952437 -0.0074573867505037658 0.011977758722503781 -0.0038297502566719075 0.0069394976993699268 0.0061950732228364391 -0.019633582851970425 -0.0087717264736082989 -0.0015508026204421965 -0.028923868609847986 0.011213004479796755 0.034533447519733779 0.018851355965085834 0.032230326504112228 0.036098512203936568 -0.0082045211942335453 -0.031765105544212059 -0.033673555350091755 -0.021496946931804893 0.023863651891772447 -0.0065586031124168264 -0.012321921321398397 -0.019600185682648111 -0.019303596824867937 0.012682123266538272 0.028987245463196785 0.01805201406422657 -0.01634561029295899 -0.0055392615761170978 0.022957418424700969 0.0052237436903988287 0.0091162022983053113 -0.019732702711647464 0.0037167205137709244 0.0053582670011765475 0.0024500404533195543 0.036266664171901879 -0.0087372714540193061 -0.0061895976664470814 0.024088582574564196
leaf_weight=130.10405346937478 62.275846170261502 42.651887742802501 79.392765715718269 127.3456132337451 49.281059378758073 86.813992766663432 56.217219000682235 106.00656325556338 70.905223837122321 59.131914794445038 55.122281759977341 168.82411581836641 109.70669356733561 187.22797418758273 74.707885898649693 56.291986191645265 66.796703530475497 50.086152344942093 273.21868064813316 68.246729409322143 168.37570158392191 59.56293535605073 235.06181981414557 147.20197159796953 98.966914178803563 73.772981891408563 71.318185800686479 327.51260296627879 59.038121528923512 147.88348715752363 44.939104396849871 62.313403675332665 72.031564481556416 67.906806286424398 200.05843845568597 106.34207990579307 94.884045964106917 80.446574077010155 121.18862307816744 41.032315677031875 164.94915850274265 698.92199298366904 186.78194282762706 151.20747403055429 214.01746917143464 280.37526182644069 126.92562687210739 78.808856105431914 59.378854807466269 59.492927057668567 56.128632482141256 84.689185151830316 51.460277469828725 57.477411340922117 72.47113398462534 65.447994720190763 51.113987252116203 62.69762041606009 51.571316871792078 477.68006871640682 39.182240709662437 73.635569259524345 248.24570824950933 48.826132221147418 91.40012869797647 79.741610480472445 255.86579076386988 49.778407827019691 69.220547052100301 105.80904790945351 68.502666555345058 95.381853861734271 65.684190789237618 1621.8918622937053 57.190412266179919 115.70214650407434 238.50144212692976 166.86943156085908
leaf_count=1721 959 625 973 1570 755 821 756 1286 827 639 555 2042 1745 2478 846 754 946 673 3521 717 2206 746 3060 1649 1346 926 711 3875 688 1461 547 808 907 604 2526 998 987 730 1523 546 1826 9115 2150 1403 2302 3402 1583 939 797 606 591 1060 690 782 965 752 641 687 590 6132 581 1051 3092 519 1216 921 2844 582 918 1330 619 826 627 20940 707 1264 2931 1436
internal_value=0 0.000415749 0.00317114 -0.00100305 -0.00608537 0.0101362 -0.00929723 -0.00235666 -0.01471 0.00606998 -0.01962 -0.0257627 -0.00112885 -0.00035336 -1.95344e-05 0.0112707 -0.000879157 0.0220335 -0.000356414 0.014003 -0.00090627 0.0289521 0.00489518 0.0110645 -0.0168881 0.0178906 -0.00025274 -0.00111453 -0.00434989 -0.0005792 0.00508658 0.0280501 0.010084 0.0182762 0.0123615 0.00730797 0.0118341 0.0230447 -0.00225932 0.012482 0.0033583 0.00156215 0.0156902 -0.00573015 -0.00863452 -0.00289145 0.00802391 0.00127267 -0.0115076 0.00331892 0.000449695 0.00696584 -0.00255459 0.0128402 -0.0174723 -0.00555548 -0.00982142 0 0.009969 -0.00867659 0.00271657 -0.00324685 0.00699409 0.00862594 0.00317897 0 0.00371042 -0.000499097 0.0208421 0.00733919 -0.00213993 0.0124031 0.0202549 0.00369827 0.0176761 -0.0185538 -0.014223 0.0170331
internal_weight=0 10673.1 3843.69 1569.52 847.442 136.095 711.347 431.183 198.251 2274.17 280.164 223.946 6829.43 6202.86 6140.58 426.942 5713.64 239.714 5539.96 197.357 5342.61 189.628 722.074 413.377 173.675 130.065 5069.39 4561.51 2072.32 1506.3 712.82 129.11 1230.18 327.097 259.19 653.782 446.622 186.789 207.16 85.9714 259.833 2489.19 333.984 793.484 642.276 428.259 232.932 1044 138.188 905.809 780.632 377.97 224.061 108.938 115.123 402.662 346.533 165.383 114.269 626.569 148.889 308.697 903.08 831.048 525.612 434.212 354.47 305.644 153.91 507.881 174.312 333.569 125.177 1790.27 305.436 181.15 566.014 262.251
internal_count=131470 129749 46169 19078 10195 1576 8619 5266 2397 27091 3353 2597 83580 75122 74163 5577 68586 3099 66394 2471 63923 2426 8883 4772 2192 1680 60402 55480 23219 16413 7845 1754 14557 3769 3165 7157 4541 1728 2616 1093 2813 32261 3799 8568 7165 4863 2869 12534 1736 10798 9565 5040 3062 1472 1590 4525 3934 1918 1277 8458 2326 4111 10788 9881 6082 4866 3945 3426 1978 4922 1949 2973 1233 23146 3799 2016 6806 2262
is_linear=0
shrinkage=0.0454652


Tree=15
num_leaves=79
num_cat=0
split_feature=29 15 13 15 13 15 3 3 30 30 11 11 13 6 6 3 3 20 18 5 3 29 18 13 20 7 7 6 15 7 13 13 3 18 20 15 30 3 3 13 7 29 0 0 13 15 15 7 7 30 13 18 6 6 3 5 9 15 3 0 8 8 13 15 0 0 11 0 6 0 13 13 30 20 30 11 15 30
split_gain=28.0047 20.2735 27.8889 24.2037 22.0553 19.0082 14.2673 32.4189 19.427 18.5748 12.3714 15.6175 20.9063 35.1715 19.3117 18.3343 16.4714 16.0829 15.2749 33.9806 14.9826 14.8418 25.01 15.9916 13.7187 11.0243 10.9123 10.6669 18.2766 18.8185 10.5024 10.4417 17.0383 16.7115 28.3109 25.7132 35.4468 18.1985 37.3272 17.8468 14.8004 13.3298 11.2394 13.2026 19.965 18.0272 35.468 19.0767 17.8312 16.8825 13.4544 12.8281 26.2144 20.4844 12.602 17.0705 11.893 11.488 11.0473 10.4457 10.0884 9.98741 9.96307 19.0287 9.93908 9.9229 9.90395 17.6253 11.6248 9.69815 13.4097 26.5808 13.302 9.69389 9.4806 19.747 9.44617 15.8923
threshold=-0.60785761475563038 21.255068778991703 0.059745518490672118 24.820283889770511 0.076675932854414 16.101106643676761 0.26619312167167669 0.18882180750370028 -0.56174489110708226 0.81174489855766307 0.0076572205871343621 0.093284141272306456 -0.028523304499685761 4.5727479457855233 -7.8604304790496817 0.32944811880588537 0.80023652315139782 5.7368366718292245 44.500000000000007 -8.9031033515930158 0.72068491578102123 -1.0000000180025095e-35 30.500000000000004 0.049402123317122466 2.2212001085281377 9.1738390922546404 12.758261680603029 2.1013661623001103 3.492488026618958 -8.6888670921325666 0.039731057360768325 0.027607958763837818 0.29888111352920538 84.500000000000014 0.45753666758537298 12.054803371429445 -0.56174489110708226 0.47627067565917974 0.66923847794532787 0.050038304179906852 8.8902573585510272 1.0000000180025095e-35 1.328671455383301 0.75046512484550487 0.017060192301869396 9.405522823333742 7.4348683357238778 1.0116869807243349 2.3654408454895024 1.0000000180025095e-35 -0.0084312874823808653 34.500000000000007 2.9601263999938969 -1.6380470991134641 0.57708710432052623 0.33623677492141729 0.2167116925120354 10.888437271118166 0.46963496506214147 0.91608917713165294 0.66856789588928234 0.91637939214706432 -0.0059598926454782477 10.366920471191408 0.86949291825294506 0.61176374554634105 0.078186091035604491 0.68032371997833263 5.6681315898895273 1.3522059321403506 0.067532230168581023 0.073755949735641493 1.0000000180025095e-35 0.30682571232318884 1.0000000180025095e-35 0.068368446081876769 8.5873188972473162 1.0000000180025095e-35
decision_type=2 2 2 2 2 2 2 2 2 2 2 2 2 2 2 2 2 2 2 2 2 2 2 2 2 2 2 2 2 2 2 2 2 2 2 2 2 2 2 2 2 2 2 2 2 2 2 2 2 2 2 2 2 2 2 2 2 2 2 2 2 2 2 2 2 2 2 2 2 2 2 2 2 2 2 2 2 2
left_child=25 2 6 69 5 -4 7 8 -2 -9 62 12 13 14 -12 74 21 26 19 -18 -19 22 -13 30 -15 -1 31 28 29 -17 -23 40 -33 34 35 36 -34 -36 -39 66 42 -37 43 44 45 46 49 57 -45 73 -51 53 76 -50 55 -46 -54 -47 -42 -58 -49 -7 63 -8 -43 -5 67 -35 -69 70 -3 -72 -73 -14 75 -16 -53 -78
right_child=1 3 4 65 -6 61 10 9 -10 -11 11 16 17 24 15 27 18 20 -20 -21 -22 23 -24 -25 -26 -27 -28 -29 -30 -31 -32 32 33 39 37 41 -38 38 -40 -41 58 64 -44 48 54 47 -48 60 51 50 -52 52 56 -55 -56 -57 59 -59 -60 -61 -62 -63 -64 -65 -66 -67 -68 68 -70 -71 71 72 -74 -75 -76 -77 77 -79
leaf_value=-0.030232883900397169 0.0097498557701500479 -0.02342910057037547 -0.0043399270371521958 0.019865340735087132 -0.010150789114377523 0.024074538780211888 -0.0046751087815385091 0.017287756946011569 -0.026494065169423646 -0.0067103103296326308 -0.0043796008239763836 -0.015357871982135935 0.01536048383198956 0.0082910330797541162 0.029175871124804107 0.017305937218021341 -0.0029473095798045763 0.029704138381945546 -0.0067239282850152576 0.039728582523939245 0.0033360169453771184 -0.0080952707533757939 0.016069440041394351 -0.02185069346399552 -0.019545850584546519 -0.0012005940000269901 -0.017571309977014133 0.0036524141790951993 0.02419958396933487 -0.014045002769949182 0.0061332324933519415 -0.022228587252140868 0.028705444532800384 -0.033691745032271993 0.0041660123285261422 -0.024345315378925085 -0.0017379952480422074 0.044178026707005394 0.0031285979807293748 0.016860624015754777 0.002028100127837123 0.013976755912158379 -0.0064144121825637493 -0.00092384237313100485 -0.023961785879971657 0.011431046852908966 -0.023130971326929779 0.028410749182534535 -0.016069814573498629 0.0045360526780751443 -0.021353366976085447 0.032093902192569808 -0.0054619917053199451 0.011050617172188592 -0.033923135566485241 0.0099635646019568275 0.026102135006753513 -0.016241953795344967 -0.01952375045678818 -0.00033736031976392197 0.0016393588863366706 0.0027070007305495247 -0.0019352535891264202 -0.032437465507106508 -0.012231989653508364 -0.00080096951993148904 0.0066965903076889131 0.0051917424947512227 -0.017750346051740685 -8.4977423275814568e-05 0.01777353121251566 -0.02454934330280456 0.0023148507384132327 -0.0063855827589611785 -0.017307749592187664 -0.014328464166361592 -3.7432373146911539e-05 0.028774449779455591
leaf_weight=84.946890518069267 43.644192013889551 219.80190949328244 75.182890221476555 49.503133218735456 77.604508047923446 266.34471365623176 172.52970899455249 358.54365191608667 77.633245933800936 76.100488731637597 151.15321216918528 78.367941588163376 168.96901188977063 45.364736510440707 38.335255766287446 99.193035779520869 84.296543857082725 64.730295022949576 101.45473195426166 63.434830749407411 144.63238554820418 722.34444806538522 136.62543180212379 158.37496898509562 126.18785041384399 44.507424311712384 73.222158199176192 129.06459589861333 382.58634442090988 59.006120236590505 118.74107115715742 47.472023788839579 117.99724124744534 59.139074094593525 121.75414710119367 86.436395360156894 215.53043167665601 109.51780797727406 82.358397599309683 65.241905309259892 64.938086116686463 48.625032272189856 609.75620208494365 1213.3901524022222 59.324868043884635 48.798780269920826 162.12832288257778 93.28387101739645 101.21348464302719 72.324572533369064 82.863507274538279 112.7475312910974 172.1570733487606 122.19359325803816 61.408250756561756 53.63522676192224 57.357666358351707 68.248605286702514 152.63307533971965 54.782119726762176 47.977908618748188 62.006261328235269 434.89746738411486 72.989320257678628 64.575361518189311 431.7320703510195 61.803588876500726 95.40832388959825 77.780802117660642 113.50235867127776 59.498366817831993 118.61489756777883 49.725494557991624 49.934607446193695 50.254175044596195 38.727182362228632 80.606473574414849 67.789397967979312
leaf_count=1160 704 2708 913 820 1077 2636 2440 4468 1122 1173 2010 944 2411 519 526 1339 1075 683 1157 747 1937 8986 1492 1546 1498 574 1072 1472 4440 694 1024 576 1324 699 1193 986 2401 1032 923 733 813 656 7766 15166 639 525 2099 1193 1149 1140 1181 1231 2011 1281 778 504 576 846 1703 687 545 709 5536 863 754 6217 558 1012 877 1384 569 1434 589 732 550 551 757 628
internal_value=0 -3.62557e-06 0.000645556 -0.00601792 0.0112677 0.0155669 7.59349e-05 0.0071115 -0.0131691 0.0129515 -0.000377476 0.000124566 0.00109525 0.00672941 0.0101846 0.0130153 -0.00410076 -8.70254e-05 0.00637571 0.0156321 0.0121295 -0.00630456 0.00431834 -0.00864653 -0.0118854 -0.0209587 -0.000606853 0.0160158 0.0188274 0.00525268 -0.00600889 -0.000336264 0.00324029 0.00435465 0.00784842 0.00133693 0.00910499 0.0186047 0.02724 -0.00373922 -0.00153803 -0.0113238 -0.000812888 0.000335246 -0.00398508 -0.000829643 -0.00562919 0.00888029 0.00247539 0.00199488 -0.0091746 0.00787967 0.011623 -0.00108967 -0.0177417 -0.0076512 0.00181612 -0.00430555 -0.0129523 0.0132084 0.0199554 0.0202691 -0.00624236 -0.0135197 -0.000463453 0.00137372 -0.00864046 -0.012972 -0.0050082 -0.0124074 -0.0153948 -0.00715742 -0.0164643 0.0101551 -0.00240692 0.00709125 0.021923 0.0132226
internal_weight=0 10658.1 9615.68 1042.38 481.138 403.534 9134.54 555.922 121.277 434.644 8578.62 7898.2 6434.56 1119.87 948.32 797.167 1463.64 5314.69 249.186 147.731 209.363 1214.45 214.993 999.46 171.553 129.454 5105.33 669.85 540.786 158.199 841.086 5032.1 1253.64 1206.17 846.795 533.164 333.528 313.63 191.876 359.374 3778.46 199.637 3560.89 2951.14 968.898 794.529 536.22 258.309 1982.24 374.092 155.188 768.847 545.44 223.407 174.368 112.96 284.297 117.047 217.571 112.14 141.262 328.351 680.416 245.519 113.2 481.235 294.132 232.328 173.189 561.143 447.641 227.839 168.34 218.904 127.317 77.0624 261.143 148.396
internal_count=131443 129709 115988 13721 5335 4258 110653 7467 1826 5641 103186 94347 77376 13599 11582 9572 16971 63777 2979 1822 2620 13992 2436 11556 2017 1734 61157 7945 6473 2033 10010 60085 13724 13148 9269 6121 3725 3148 1955 3879 46361 2396 43845 36079 12593 10672 7563 3109 23486 5464 2321 8320 5890 2430 1921 1143 3274 1371 2516 1263 1738 3345 8839 3303 1410 7037 3146 2588 1889 6684 5300 2592 2023 3143 1627 1077 2616 1385
is_linear=0
shrinkage=0.0454652


Tree=16
num_leaves=79
num_cat=0
split_feature=27 11 3 6 16 16 10 13 13 13 16 28 10 7 16 16 7 16 33 16 17 33 33 3 18 13 3 11 28 17 27 7 13 27 28 33 13 27 11 7 27 18 13 5 11 28 3 3 3 7 33 3 13 28 18 10 13 18 3 11 16 3 13 16 6 9 3 4 7 3 5 3 33 3 3 4 27 3
split_gain=16.0442 25.0036 20.4713 17.7751 14.5869 12.4955 12.2749 18.075 16.8761 10.9368 16.4225 10.6783 18.3048 11.8702 12.6235 15.1872 10.8467 22.5163 17.2705 13.531 11.628 10.8952 10.0218 9.39698 11.973 9.04682 8.97821 12.87 9.18517 8.82033 8.6661 8.60462 21.4035 13.9812 20.5613 21.1039 13.939 33.092 29.4647 28.6885 21.2236 14.2553 15.8076 24.9967 10.8093 15.1996 17.4927 10.7769 26.1638 19.718 11.9303 11.2552 28.2794 24.6882 31.4399 21.0974 12.8575 40.4931 10.3443 9.42046 13.0737 26.6035 21.3141 17.5813 19.3344 16.8232 13.3847 17.1832 12.9333 14.4966 10.77 10.2806 13.4382 27.2203 14.0167 12.5243 11.5239 9.45128
threshold=-0.92794367671012867 0.044004928320646293 0.61395409703254711 1.2871126532554629 0.65505647659301769 0.98724618554115307 0.090293508023023619 0.067532230168581023 -0.018086066469550129 -0.08784794062376021 0.21626212447881701 -0.91080963611602772 0.078137293457984938 10.622401237487795 0.82556149363517772 0.53310635685920726 3.4790868759155278 0.34889408946037298 1.0013927817344668 0.19994086772203448 53.500000000000007 0.99393379688262951 0.9590476155281068 0.72716635465621959 30.500000000000004 -0.010633977595716713 0.86742126941680919 0.028299578465521339 0.20576497167348864 42.500000000000007 0.076279435306787505 23.405216217041019 0.076675932854414 -0.22706275433301923 -0.11969653144478797 1.0013927817344668 0.062718071043491377 0.16288578510284427 0.12807319313287738 18.465130805969242 0.94331136345863353 86.500000000000014 0.017459259368479255 -2.5673702955245967 0.19123493134975436 0.010907442308962378 0.51324456930160534 0.26619312167167669 0.19560967385768893 7.2087304592132577 0.99393379688262951 0.33456848561763769 -0.052797660231590264 -0.31107263267040247 36.500000000000007 0.069670926779508605 -0.059466237202286713 22.500000000000004 0.31064011156558996 0.13842879235744479 0.84505093097686779 0.72389173507690441 0.049402123317122466 0.67343258857727062 -0.17082882672548291 0.28369408845901495 0.48097443580627447 2.2065542936325078 12.932179450988771 0.54421818256378185 2.0712440013885502 0.55741855502128612 1.180555582046509 0.46494689583778387 0.41236057877540594 -0.70752438902854908 0.89194178581237804 0.80348658561706554
decision_type=2 2 2 2 2 2 2 2 2 2 2 2 2 2 2 2 2 2 8 2 2 10 10 2 2 2 2 2 2 2 2 2 2 2 2 8 2 2 2 2 2 2 2 2 2 2 2 2 2 2 10 2 2 2 2 2 2 2 2 2 2 2 2 2 2 2 2 2 2 2 2 2 8 2 2 2 2 2
left_child=1 4 3 22 26 9 8 -8 -4 10 -2 12 16 14 15 23 17 19 20 -11 -18 -19 -3 24 -14 -25 27 29 -28 -1 -26 32 36 -34 -35 -36 41 38 -38 40 58 47 -43 -44 45 -33 -47 48 -13 50 -50 52 -49 -54 -55 -56 57 -53 -39 60 63 62 66 71 -65 68 -62 -68 69 70 -66 72 73 74 76 -75 -58 -71
right_child=5 2 6 -5 -6 -7 7 -9 -10 11 -12 31 13 -15 -16 -17 18 21 -20 -21 -22 -23 -24 25 30 -27 28 -29 -30 -31 -32 44 33 34 35 -37 37 39 -40 -41 -42 42 43 -45 -46 46 -48 51 49 -51 -52 56 53 54 55 -57 59 -59 -60 -61 61 -63 -64 64 65 -67 67 -69 -70 77 -72 -73 -74 75 -76 -77 -78 -79
leaf_value=-0.0076809397355068641 -0.01451024867976783 0.016784491120755366 0.037962257482617556 -0.023973078039951176 -0.025082386964690527 -0.013278594405066476 -0.0024399076975486658 0.02696647035756124 0.0048575647528322184 -0.0080993903826330413 0.013159084968069156 -0.012752897450430943 -0.01353414670622724 -0.017012842257430022 0.010614783239741696 -0.017935819605261426 0.02596341654633548 0.0011229452883505314 -0.0050254780045479001 0.021579849966973558 0.0032670816547557069 -0.017943002363459158 -0.0089016172851024439 -0.0030254667634627428 -0.0063753494655447969 0.024658421459085155 -0.020845132931587105 -0.015093783176585837 0.002538517199484302 0.017344458227588389 0.020302811477339287 -0.0011925542501436915 0.0080242805838987036 0.010276943035018729 -0.037156551148729094 -0.0014557171752031944 0.0093513155306662338 0.0336126015716929 0.052068387327088982 -0.026696622067952817 -0.013545532158451438 0.0016561708402586838 0.016196938672025731 -0.010764906646070429 -0.0019729403187373116 0.041854859348197888 0.0015481844479799426 -0.027295545156557872 0.010877020726362225 -0.0020496045139319656 0.036746526279943945 -0.0084860601303034799 -0.017199546243239352 0.024831349160043918 -0.018359902217390478 0.018722083552664786 0.001994624166331645 0.029607345268804583 0.0066440952130876231 -0.014035805068904998 0.0059432852336652664 -0.0058955802120758084 -0.0084141018375333432 -0.018835965786054631 0.0076942130123764906 -0.014498168981808564 0.03822774580803201 0.01046873961087778 -0.016154495985309689 -0.009482301384252342 0.035335126017425493 0.00077693849631077028 5.7561295643348283e-05 0.007916498768388968 -0.0075465359396956252 0.028135451633887681 0.023741175848522648 0.011035932438437437
leaf_weight=39.02041001431644 198.25331847183406 45.999784477055073 44.602784341201186 111.2803259305656 140.80504259839654 127.81016913801432 398.70628727413714 44.222592199221253 109.03652609139681 41.262791078537703 51.558434303849936 69.953318502753973 150.99454875476658 191.76772956177592 97.206625625491142 165.798728633672 117.82065546512604 95.041788261383772 109.49596936628222 94.816148372367024 86.512651525437832 150.36271242052317 79.504882678389549 41.364017786458135 44.511765128001571 45.189044907689095 128.79881201311946 73.428364988416433 41.110704213380814 77.905576700344682 45.295340031385422 54.537760863080621 53.164999604225159 39.744167927652597 97.386860027909279 56.586406260728836 88.387245927006006 53.795509627088904 55.9412986561656 58.506422191858292 55.74526733532548 856.99562007002532 75.597310597077012 599.01247973181307 88.954540409147739 61.428663795813918 38.129818258807063 87.705872241407633 76.752477949485183 68.20416322350502 95.242732010781765 96.338327774778008 105.23546078242362 123.09410070069134 93.545073909685016 42.165794426575303 156.54758459329605 129.27133574709296 76.858907448127866 68.09561731852591 99.880467878654599 162.4457838870585 57.81699968315661 159.00862874090672 85.284552896395326 130.58542262017727 120.78525066003203 88.83227314427495 49.667277790606022 103.58565644174814 49.016989912837744 1789.6641630269587 445.22069938480854 114.92879794538021 165.06522350758314 180.60015358775854 75.142544001340866 77.093753827735782
leaf_count=523 2663 973 515 1108 1701 1348 4843 652 1293 626 641 972 2029 2236 1119 2045 802 1926 2262 1208 601 1073 578 580 673 516 1797 904 541 1077 583 834 579 582 737 1342 926 673 467 543 654 10464 851 6651 1324 849 562 1184 1556 857 670 1340 1413 1603 1200 500 1110 1712 743 798 944 1876 561 1652 939 1480 1112 856 602 1230 546 22288 9192 846 1187 1312 521 889
internal_value=0 -0.00472154 5.80583e-05 -0.0110811 -0.0127035 0.000596992 0.00460583 0.000606554 0.0155118 0.00079857 -0.00848762 0.00106386 -0.00245363 -0.00722606 -0.00386987 -0.00688683 0.00285578 -0.00218944 0.00909139 0.0122585 0.0168405 -0.010466 0.000368733 -0.000991458 -0.00574196 0.01135 -0.00750444 -0.00040619 -0.0149802 0.00861254 0.00685851 0.00175707 0.00146724 -0.0115555 -0.0172305 -0.0247216 0.00193414 0.0102738 0.0272145 0 0.00878226 0.00143629 -0.00239503 -0.00759236 0.0101368 0.0173062 0.027558 0.00258244 0.0107819 0.0179343 0.0259996 0.00204015 -0.00472606 0.000821515 0.00848821 -0.00627905 0.00274887 0.013267 0.0187926 0.00215701 0.00245074 0.00910655 0.0158645 0.00144336 -0.00524652 -0.000667147 0.020606 0.0271172 0.00425939 0.00779683 0.0188803 0.00296046 0.00633805 0.0102831 0.00230731 0.0206504 0.00954359 -0.000412965
internal_weight=0 1334.42 833.353 236.785 501.069 9432.61 596.568 442.929 153.639 9304.8 249.812 9054.99 1477.44 782.128 590.36 493.153 695.313 381.483 313.829 136.079 204.333 245.405 125.505 327.355 240.802 86.5531 360.264 190.354 169.91 116.926 89.8071 7577.55 7334.5 246.882 193.717 153.973 7087.62 389.235 144.329 244.906 186.4 6698.38 1531.61 674.61 243.051 154.096 99.5585 5166.78 310.153 240.199 171.995 4856.62 451.746 364.04 258.805 135.711 4404.88 225.61 130.654 4179.27 4111.17 529.761 367.315 3581.41 654.242 495.234 309.498 209.618 364.648 314.981 134.302 2927.17 1137.51 692.284 396.755 295.529 231.69 180.679
internal_count=131165 16505 9962 2659 6543 114660 7303 5495 1808 113312 3304 110008 18279 9781 7545 6426 8498 4833 3665 1834 1403 2999 1551 4381 3285 1096 4842 2504 2338 1600 1256 91729 88160 3240 2661 2079 84920 4006 1393 2613 2070 80914 17966 7502 3569 2245 1411 62948 4055 3083 2226 58893 5900 4716 3303 1700 52993 3052 1416 49941 49143 5349 3473 43794 7338 5686 2912 1968 4206 3604 1485 36456 14168 4976 2818 2158 1631 2119
is_linear=0
shrinkage=0.0454652


end of trees

feature_importances:
Column_3=143
Column_13=88
Column_15=74
Column_16=72
Column_0=67
Column_7=60
Column_2=59
Column_14=59
Column_11=57
Column_27=55
Column_28=53
Column_6=49
Column_18=48
Column_21=48
Column_29=44
Column_12=43
Column_5=39
Column_23=39
Column_30=39
Column_17=36
Column_33=36
Column_10=25
Column_4=22
Column_22=18
Column_8=17
Column_20=14
Column_9=12
Column_32=5
Column_31=3
Column_1=2

parameters:
[boosting: gbdt]
[objective: binary]
[metric: auc]
[tree_learner: serial]
[device_type: cpu]
[data_sample_strategy: bagging]
[data: ]
[valid: ]
[num_iterations: 600]
[learning_rate: 0.0454652]
[num_leaves: 79]
[num_threads: 2]
[seed: 2024]
[deterministic: 0]
[force_col_wise: 0]
[force_row_wise: 0]
[histogram_pool_size: -1]
[max_depth: -1]
[min_data_in_leaf: 525]
[min_sum_hessian_in_leaf: 0.001]
[bagging_fraction: 0.774687]
[pos_bagging_fraction: 1]
[neg_bagging_fraction: 1]
[bagging_freq: 1]
[bagging_seed: 2024]
[feature_fraction: 0.515409]
[feature_fraction_bynode: 1]
[feature_fraction_seed: 2024]
[extra_trees: 0]
[extra_seed: 29642]
[early_stopping_round: 0]
[early_stopping_min_delta: 0]
[first_metric_only: 0]
[max_delta_step: 0]
[lambda_l1: 1.07292]
[lambda_l2: 4.08529]
[linear_lambda: 0]
[min_gain_to_split: 0]
[drop_rate: 0.1]
[max_drop: 50]
[skip_drop: 0.5]
[xgboost_dart_mode: 0]
[uniform_drop: 0]
[drop_seed: 2449]
[top_rate: 0.2]
[other_rate: 0.1]
[min_data_per_group: 100]
[max_cat_threshold: 32]
[cat_l2: 10]
[cat_smooth: 10]
[max_cat_to_onehot: 4]
[top_k: 20]
[monotone_constraints: ]
[monotone_constraints_method: basic]
[monotone_penalty: 0]
[feature_contri: ]
[forcedsplits_filename: ]
[refit_decay_rate: 0.9]
[cegb_tradeoff: 1]
[cegb_penalty_split: 0]
[cegb_penalty_feature_lazy: ]
[cegb_penalty_feature_coupled: ]
[path_smooth: 0]
[interaction_constraints: ]
[verbosity: -1]
[saved_feature_importance_type: 0]
[use_quantized_grad: 0]
[num_grad_quant_bins: 4]
[quant_train_renew_leaf: 0]
[stochastic_rounding: 1]
[linear_tree: 0]
[max_bin: 255]
[max_bin_by_feature: ]
[min_data_in_bin: 3]
[bin_construct_sample_cnt: 200000]
[data_random_seed: 6648]
[is_enable_sparse: 1]
[enable_bundle: 1]
[use_missing: 1]
[zero_as_missing: 0]
[feature_pre_filter: 1]
[pre_partition: 0]
[two_round: 0]
[header: 0]
[label_column: ]
[weight_column: ]
[group_column: ]
[ignore_column: ]
[categorical_feature: ]
[forcedbins_filename: ]
[precise_float_parser: 0]
[parser_config_file: ]
[objective_seed: 12337]
[num_class: 1]
[is_unbalance: 0]
[scale_pos_weight: 1]
[sigmoid: 1]
[boost_from_average: 1]
[reg_sqrt: 0]
[alpha: 0.9]
[fair_c: 1]
[poisson_max_delta_step: 0.7]
[tweedie_variance_power: 1.5]
[lambdarank_truncation_level: 30]
[lambdarank_norm: 1]
[label_gain: ]
[lambdarank_position_bias_regularization: 0]
[eval_at: ]
[multi_error_top_k: 1]
[auc_mu_weights: ]
[num_machines: 1]
[local_listen_port: 12400]
[time_out: 120]
[machine_list_filename: ]
[machines: ]
[gpu_platform_id: -1]
[gpu_device_id: -1]
[gpu_use_dp: 0]
[num_gpu: 1]

end of parameters

pandas_categorical:null
