tree
version=v4
num_class=1
num_tree_per_iteration=1
label_index=0
max_feature_idx=33
objective=binary sigmoid:1
feature_names=Column_0 Column_1 Column_2 Column_3 Column_4 Column_5 Column_6 Column_7 Column_8 Column_9 Column_10 Column_11 Column_12 Column_13 Column_14 Column_15 Column_16 Column_17 Column_18 Column_19 Column_20 Column_21 Column_22 Column_23 Column_24 Column_25 Column_26 Column_27 Column_28 Column_29 Column_30 Column_31 Column_32 Column_33
feature_infos=[0.22403052449226379:4.806818962097168] [0.027025075629353523:26.170040130615234] [0.17134076356887817:8.6935958862304688] [0.087584272027015686:1] [-28.67047119140625:41.262332916259766] [-36.190670013427734:42.326030731201172] [-36.841156005859375:62.500308990478516] [-45.158794403076172:63.120437622070312] [-22.455821990966797:30.680826187133789] [0:0.95389312505722046] [0:0.64536702632904053] [0:0.40022626519203186] [-0.51016271114349365:0.51874518394470215] [-0.15599349141120911:0.22172828018665314] [-46.22015380859375:17.161741256713867] [-8.3726015090942383:64.2962646484375] [0:1] [0:95] [0:95] [-1:1] [-29.775985717773438:44.984848022460938] [-30.525325775146484:55.0223388671875] [-2.8409864902496338:15.253066062927246] [0.049656935036182404:5.4310722351074219] [-1:1] [0:1] [0:1] [-1:1] [-1:1] [-0.78183150291442871:0.97492790222167969] [-0.90096884965896606:1] [0:1] [0:1] [0.8888888955116272:4.5999999046325684]
tree_sizes=1734 1822 1798 1811 1778 1766 1807 1807 1810 1755 1801 1763 1780 1803 1790 1791 1804 1788 1799 1784 1817 1809 1805 1775 1784 1786 1803 1807 1806 1810 1766 1809 1801 1786 1766 1814 1811 1802 1813 1803 1782 1820 1806 1791 1798 1805 1778 1802 1806 1788 1801 1808 1783 1777 1801 1789 1791 1806 1789 1784 1786 1782 1789 1802 1813 1815 1801 1797 1801 1801 1792 1801 1791 1801 1813 1819 1824 1783 1764 1802 1788 1787 1807 1804 1772 1797 1784 1799 1811 1797 1800 1804 1781 1808 1798 1790 1805 1805 1773 1771 1781 1768 1792 1799 1780 1802 1778 1784 1817 1782 1798 1808 1778 1795 1778 1797 1812 1800 1808 1791 1785 1762 1803 1786 1783 1793 1791 1805 1817 1767 1815 1793 1765 1817 1808 1819 1771 1806 1806 1796 1803 1801 1809 1801 1805 1751 1811 1783 1800 1793 1808 1801 1801 1778 1786 1747 1807 1799 1789 1797 1757 1817 1803 1809 1779 1787 1783 1773 1795 1772 1803 1784 1774 1805 1766 1809 1778 1785 1786 1766 1780 1764

Tree=0
num_leaves=15
num_cat=0
split_feature=28 3 29 11 0 15 33 3 15 15 32 30 11 13
split_gain=80.6301 93.4543 44.7481 27.6002 25.0821 24.7635 26.9595 27.5228 25.9977 33.3029 24.4817 36.966 26.0793 19.9073
threshold=-0.20576497167348859 0.48584090173244482 -0.60785761475563038 0.019165301695466045 0.70119860768318187 5.0033621788024911 1.0545857548713686 0.73375961184501659 22.533465385437015 19.793999671936039 1.0000000180025095e-35 1.0000000180025095e-35 0.017444247379899028 -0.078372038900852189
decision_type=2 2 2 2 2 2 8 2 2 2 2 2 2 2
left_child=3 13 -3 -1 -4 -5 7 8 9 -7 -6 12 -12 -2
right_child=1 2 4 5 10 6 -8 -9 -10 -11 11 -13 -14 -15
leaf_value=-1.0917864244687108 -1.0905973330659688 -1.0900444081912473 -1.0979642370707505 -1.0923231229995223 -1.0947909321241653 -1.0952906256446424 -1.0928034605606674 -1.0924280200733369 -1.092348174674016 -1.0998612018105003 -1.0913611928653042 -1.0992715284206276 -1.0963411224426267 -1.0940428829307882
leaf_weight=814.67780257388949 184.00052274391055 100.15343475341797 968.13176836073399 848.40601444616914 1070.4328386280686 1435.2771304249763 899.13421660289168 375.32530891895294 233.56742586195469 183.75535402446985 116.3388148099184 441.6022155508399 648.74364711903036 2204.169301379472
leaf_count=11115 2842 1342 14393 12242 12583 12013 22177 3305 1753 1450 1662 5959 8722 29136
internal_value=-1.09445 -1.09526 -1.09635 -1.09349 -1.09657 -1.09385 -1.09428 -1.09486 -1.09539 -1.09586 -1.09595 -1.09694 -1.09551 -1.09375
internal_weight=0 5733.57 3345.4 4790.14 3245.25 3975.47 3127.06 2227.93 1852.6 1619.03 2277.12 1206.68 765.082 2388.17
internal_count=140694 76639 44661 64055 43319 52940 40698 18521 15216 13463 28926 16343 10384 31978
is_linear=0
shrinkage=1


Tree=1
num_leaves=15
num_cat=0
split_feature=28 27 29 11 15 13 3 33 11 13 12 29 15 16
split_gain=81.6461 127.055 88.8303 26.5048 28.4158 26.4855 25.3133 25.2058 23.8736 23.2028 22.7717 21.4661 33.0302 26.4248
threshold=-0.22706275433301923 -0.20576497167348859 -1.0000000180025095e-35 0.019165301695466045 5.0033621788024911 -0.075893316417932496 0.74696034193038952 0.9590476155281068 0.017444247379899028 -0.0086366455070674402 0.055574104189872749 1.0000000180025095e-35 8.7771925926208514 0.87516367435455333
decision_type=2 2 2 2 2 2 2 10 2 2 2 2 2 2
left_child=3 2 6 -1 -5 -3 -2 -6 9 -4 -9 -7 -13 -14
right_child=1 5 8 4 7 11 -8 10 -10 -11 -12 12 13 -15
leaf_value=0.0026896885261746811 0.0038512699961015294 0.0038766188448224235 0.003085119849455809 0.0023048396292600559 0.0016251190487850575 0.001188620433226605 -0.00083215243592716281 -0.0011345195616394241 -0.0041241729257771231 -0.0028400629887779115 0.0010254538593019208 -0.0020825848428802636 0.0015924552634672931 -0.0015332975638637978
leaf_weight=805.48073799349368 210.68726783432066 205.34997761435807 92.393377283588052 830.26007909886539 884.70007477514446 1310.0507931783795 228.60408473573625 1442.9212121814489 1548.0741780996323 185.50809480249882 737.12757470458746 785.7488550003618 829.12060735747218 395.17624530568719
leaf_count=10988 2579 3083 1161 11986 21787 17178 3414 11970 20552 2717 6145 11614 10826 4468
internal_value=0 -0.000778974 -0.00264496 0.00101259 0.000650813 0.000411669 0.00135085 0.000184932 -0.00362997 -0.000698485 -0.000384638 0.00017679 -0.000464602 0.000547408
internal_weight=0 5790.71 2265.27 4700.49 3895.01 3525.45 439.291 3064.75 1825.98 277.901 2180.05 3320.1 2010.05 1224.3
internal_count=140468 77592 30423 62876 51888 47169 5993 39902 24430 3878 18115 44086 26908 15294
is_linear=0
shrinkage=0.0101079


Tree=2
num_leaves=15
num_cat=0
split_feature=27 28 15 2 3 0 14 28 11 16 16 3 0 13
split_gain=80.2074 105.244 29.4192 30.9443 26.5379 24.0237 23.0293 24.831 28.2728 25.6444 20.0776 19.5495 18.903 18.6572
threshold=-0.41268247365951533 -0.20576497167348859 3.4312249422073369 2.12937343120575 0.48584090173244482 0.77434301376342785 -7.5808625221252433 -0.71473535895347584 0.03235516510903836 0.84741875529289257 0.69278383255004894 0.73047596216201793 0.76851341128349315 -0.026178942993283268
decision_type=2 2 2 2 2 2 2 2 2 2 2 2 2 2
left_child=1 -1 -2 6 -3 -6 12 8 10 -9 -8 -5 -4 -7
right_child=2 4 3 11 5 13 7 9 -10 -11 -12 -13 -14 -15
leaf_value=0.00064783953257773873 0.0024760806902474619 0.00020346163272100777 -0.0017032365376062962 0.00088523685761841505 -0.0048425418151866852 -0.0047914381350596764 0.0017013420116114772 0.0009372158085552356 0.00077570269681921861 -0.0011528088789861512 0.0069290678753591911 0.006077298100467904 0.00018617121160334279 -0.001447608952406585
leaf_weight=1652.2571553401649 789.74916701950133 239.980952212587 920.05754387192428 191.08992075361311 635.71381329745054 234.58472220227122 193.97495604678988 1562.0724478308111 769.54628539644182 956.68155895359814 162.97961325757205 146.58887612447143 1216.5483205057681 867.37214857339859
leaf_count=22024 12082 2545 13964 2233 8901 3146 2506 20199 9518 11173 2049 1842 16799 11866
internal_value=0 -0.00121427 0.000639793 0.000393415 -0.0027869 -0.00322217 0.000210097 0.000703149 0.00194778 0.000126261 0.00429441 0.00334094 -0.000611718 -0.002224
internal_weight=0 3629.91 6909.29 6119.54 1977.65 1737.67 5781.86 3645.25 1126.5 2518.75 356.955 337.679 2136.61 1101.96
internal_count=140847 48482 92365 80283 26458 23913 76208 45445 14073 31372 4555 4075 30763 15012
is_linear=0
shrinkage=0.0101079


Tree=3
num_leaves=15
num_cat=0
split_feature=28 3 29 22 11 11 16 15 33 3 15 15 15 28
split_gain=76.5424 93.9775 40.425 42.9007 34.6361 28.4718 26.0128 25.6092 22.4731 22.8881 21.9321 35.1447 20.4518 22.6442
threshold=-0.20576497167348859 0.52379813790321361 1.0000000180025095e-35 -0.40061351656913752 0.022132728248834613 0.019165301695466045 0.13197183609008792 4.7984812259674081 0.9590476155281068 0.73047596216201793 22.533465385437015 19.793999671936039 5.849616765975953 0.8491516411304475
decision_type=2 2 2 2 2 2 2 2 10 2 2 2 2 2
left_child=5 6 4 -4 -3 -1 -2 -7 -9 10 11 -10 -8 -14
right_child=1 2 3 -5 -6 7 12 8 9 -11 -12 -13 13 -15
leaf_value=0.0026813333132713578 0.0040885608904982391 0.0025803802869732743 -0.0043184104645190924 -0.001123025162329791 -0.0014531901846667348 0.0022002040277276811 -0.0017475077226054843 0.0015069169689674242 -0.0007042460483728352 0.001811250563320305 0.0019506133953274365 -0.0054240361078630025 0.0014920580665519951 -0.00067532818730826883
leaf_weight=826.0567988846451 196.32461941428483 272.44670040160418 1018.4563897512853 821.7436749972403 919.89776141010225 806.07046667300165 399.48252014443278 915.23203374445438 1440.1822751611471 389.74638495594263 232.11277102679014 180.27511896938086 1360.1164207328111 734.03478449583054
leaf_count=11208 3100 3711 14061 11115 11858 11663 5877 22510 12055 3407 1736 1427 17634 9346
internal_value=0 -0.000761902 -0.00198283 -0.00292396 -0.000487233 0.000968451 0.000601221 0.000596804 0.000170369 -0.000360423 -0.000844631 -0.00127716 0.000298832 0.000713391
internal_weight=0 5722.5 3032.54 1840.2 1192.34 4789.68 2689.96 3963.62 3157.55 2242.32 1852.57 1620.46 2493.63 2094.15
internal_count=140708 76702 40745 25176 15569 64006 35957 52798 41135 18625 15218 13482 32857 26980
is_linear=0
shrinkage=0.0101079


Tree=4
num_leaves=15
num_cat=0
split_feature=27 29 0 23 11 11 16 16 12 12 17 17 21 5
split_gain=69.2001 70.1622 63.343 35.0811 27.9779 20.8051 26.1379 19.71 26.804 19.5101 19.709 15.2102 15.6911 13.8288
threshold=-0.71473535895347584 -1.0000000180025095e-35 1.0206070542335512 0.5199095904827119 0.017444247379899028 0.0086098322644829767 0.21241487562656405 0.37475676834583288 0.016034389846026901 0.024342727847397331 45.500000000000007 73.500000000000014 -0.9535478651523589 -4.9474606513977042
decision_type=2 2 2 2 2 2 2 2 2 2 2 2 2 2
left_child=1 -1 4 9 -3 -5 -7 8 13 11 -11 -2 -13 -8
right_child=3 2 -4 5 -6 6 7 -9 -10 10 -12 12 -14 -15
leaf_value=0.0018810086737600696 0.0018876075814830331 0 -0.00057117441326704464 0.0027123119255684047 -0.0048614238583117812 0.0021425816589820267 0.0034063795187197301 0.00059457330086217755 -0.0039259648253542698 -0.0011858966391039779 -0.0064502922166557713 0.00036522074034313042 -0.0035263581386041076 -0.00061030720954666662
leaf_weight=526.64562756568193 228.27152867242694 155.41545259580016 1183.2553054857999 528.21588534861803 804.83449792675674 960.13492443412542 96.768906267359853 4511.5852590370923 233.0053077340126 248.74840413592756 117.00339583680034 208.23194125294685 176.60335872322321 533.22755429893732
leaf_count=7144 3111 2159 16057 7251 10413 14682 1230 57706 3530 2982 1594 3103 2412 7307
internal_value=0 -0.00136397 -0.00218391 0.000517387 -0.00410917 0.000776532 0.000605663 0.000320929 -0.00105578 -0.00125042 -0.00307586 -7.17726e-05 -0.00135131 0
internal_weight=0 2670.15 2143.51 7841.8 960.25 6862.94 6334.72 5374.59 863.002 978.859 365.752 613.107 384.835 629.996
internal_count=140681 35773 28629 104908 12572 91706 84455 69773 12067 13202 4576 8626 5515 8537
is_linear=0
shrinkage=0.0101079


Tree=5
num_leaves=15
num_cat=0
split_feature=3 0 29 31 3 17 23 13 3 16 3 16 11 11
split_gain=44.9851 67.5874 30.1488 31.2562 32.8843 29.2091 28.3502 27.5383 23.2861 22.4087 27.2905 20.6732 23.0653 19.0899
threshold=0.46475630998611456 0.68808826804161083 -1.0000000180025095e-35 1.0000000180025095e-35 0.51309925317764293 59.500000000000007 1.3218858242034914 -0.083856664597988115 0.58232355117797863 0.58661323785781871 0.73753392696380626 0.37909406423568731 0.015727005898952488 0.10453548654913904
decision_type=2 2 2 2 2 2 2 2 2 2 2 2 2 2
left_child=7 -2 -3 6 -5 9 8 -1 -4 -6 -11 -9 -13 -10
right_child=1 2 3 4 5 -7 -8 11 13 10 -12 12 -14 -15
leaf_value=0.0045300661713857972 -0.0028193624983868992 0.0014600670183882978 0 -0.0023366033724330441 -0.002434034118249352 0.0039538707658695535 0.00023575660810291695 -0.00065571692548279758 -0.0017353403766625143 0 0.0057430202622184099 0.0038728681576820985 0.00077454100697473352 -0.0049275945149045491
leaf_weight=198.47354478761554 1050.7652830109 1099.4517989065498 586.51735762506723 233.89238842763007 188.08895339630544 381.50161451473832 1278.2025998998433 859.74618877470493 1197.8327296972275 320.81053175404668 113.31566617637873 277.42610256001353 2479.484978498891 252.38511350750923
leaf_count=3097 15569 14181 6909 3063 2535 4852 16889 13439 15894 3428 1498 3843 32030 3358
internal_value=0 -0.000474722 -2.84594e-05 -0.000398665 0.000952194 0.00177046 -0.000916217 0.00089877 -0.00165716 0.000335753 0.00164878 0.000679199 0.0011108 -0.00234157
internal_weight=0 6702.76 5652 4552.55 1237.61 1003.72 3314.94 3815.13 2036.74 622.215 434.126 3616.66 2756.91 1450.22
internal_count=140585 88176 72607 58426 15376 12313 43050 52409 26161 7461 4926 49312 35873 19252
is_linear=0
shrinkage=0.0101079


Tree=6
num_leaves=15
num_cat=0
split_feature=28 3 29 32 0 5 21 21 11 29 15 33 3 12
split_gain=70.2396 89.1393 44.8084 31.7643 32.9869 30.5004 30.9368 36.2525 28.039 26.2898 25.2945 25.99 26.7395 27.0977
threshold=-0.20576497167348859 0.52379813790321361 -1.0000000180025095e-35 1.0000000180025095e-35 1.040833115577698 -3.1458624601364131 1.8561626672744753 6.1864006519317636 0.019165301695466045 0.87837970256805431 4.7984812259674081 1.0545857548713686 0.70906254649162304 0.056483656167984016
decision_type=2 2 2 2 2 2 2 2 2 2 2 8 2 2
left_child=8 -2 -3 5 -5 -4 -7 -8 -1 -6 -10 12 13 -12
right_child=1 2 3 4 9 6 7 -9 10 -11 11 -13 -14 -15
leaf_value=0.0025788185521331674 0.00054492539469915881 0.00044658657313801248 0.0018251643421318511 -0.0050303143650034061 -0.0033148852526289243 -0.0040068233763075741 0.0019998848872119254 -0.0030251204035130126 0.0021005793076143268 0.0020106738671379319 -0.0018369768596583737 0.0015323041517398299 0.0016917502101005076 0.00083468681745577772
leaf_weight=824.14760780707002 2694.7519645113498 596.80950377136469 223.36266458407044 771.08442525193095 229.43259616196156 491.47245042212307 282.21945488080382 283.30865506082773 808.12930559366941 141.73076894134283 1285.1692548319697 911.22053999453783 442.98496621847153 524.85531850904226
leaf_count=11172 35976 7896 3094 10479 3325 6850 3449 3535 11653 2011 10658 22466 3856 4217
internal_value=0 -0.000779101 -0.00197253 -0.00258468 -0.00382885 -0.00142717 -0.00216064 -0.00045356 0.000878406 -0.00117484 0.000511176 8.84044e-05 -0.000480862 -0.00103974
internal_weight=0 5714.17 3019.42 2422.61 1142.25 1280.36 1057 565.528 4796.51 371.163 3972.36 3164.23 2253.01 1810.02
internal_count=140637 76615 40639 32743 15815 16928 13834 6984 64022 5336 52850 41197 18731 14875
is_linear=0
shrinkage=0.0101079


Tree=7
num_leaves=15
num_cat=0
split_feature=27 28 20 16 16 30 27 20 7 11 12 7 14 16
split_gain=79.0709 93.1255 35.6806 31.9863 41.0442 31.3709 48.3141 26.6071 35.0091 24.4065 24.3084 24.2573 23.915 42.2774
threshold=-0.49049438536167139 -0.20576497167348859 -2.8073734045028682 0.15464979410171512 0.37909406423568731 1.0000000180025095e-35 -0.88186877965927113 -0.7342797815799712 -8.994715213775633 0.015293610747903587 0.016034389846026901 0.365750402212143 -7.1848340034484854 0.83133530616760265
decision_type=2 2 2 2 2 2 2 2 2 2 2 2 2 2
left_child=1 -1 -2 -4 10 6 9 -6 -9 -3 11 -5 -10 -14
right_child=2 5 3 4 7 -7 -8 8 12 -11 -12 -13 13 -15
leaf_value=0.00056047703505599888 0.0023744520741277204 0.0044790741714822837 0.0038767158987276394 -0.0013274231257879763 -0.0011273972184639312 -0.0044385397617966085 -0.0044132045581731557 0.005843686465171429 -0.0010637813325723108 -0.00081891480205272264 -0.0039575140042174091 0.0038003774671375033 0.0022265159511986612 -4.2175176832617392e-05
leaf_weight=1493.4966953992844 974.83794105052948 95.558944283053279 236.77031214721501 662.30414196290076 794.08260908909142 743.90411758422852 406.0595438182354 134.32459910400212 642.24043381586671 624.07680621370673 320.1328635904938 99.713025700300932 1575.4611389096826 1712.8081566058099
leaf_count=19926 13534 1403 4231 9338 10647 9885 5492 1706 9191 8382 4896 1513 20233 20262
internal_value=0 -0.001298 0.000579296 0.0002869 0.000132236 -0.00280042 -0.00165956 0.000535411 0.000871696 -2.00965e-05 -0.00163195 -0.000572777 0.000680499 0.00103514
internal_weight=0 3363.1 7152.68 6177.84 5941.07 1869.6 1125.7 4858.92 4064.83 719.636 1082.15 762.017 3930.51 3288.27
internal_count=140639 45088 95551 82017 77786 25162 15277 62039 51392 9785 15747 10851 49686 40495
is_linear=0
shrinkage=0.0101079


Tree=8
num_leaves=15
num_cat=0
split_feature=27 28 29 15 29 28 21 11 29 11 2 4 16 6
split_gain=69.8791 104.446 59.5677 35.1472 35.2714 36.8616 28.3073 25.7166 21.8534 21.3976 20.2051 20.055 18.7354 27.9284
threshold=-0.43245348334312433 -0.20576497167348859 -1.0000000180025095e-35 3.4312249422073369 -0.60785761475563038 0.87137606739997875 -0.18336419016122815 0.16596756130456927 1.0000000180025095e-35 0.017444247379899028 2.12937343120575 1.6213166713714602 0.37909406423568731 -5.2686219215393058
decision_type=2 2 2 2 2 2 2 2 2 2 2 2 2 2
left_child=1 8 6 -2 -5 7 -3 10 -1 -4 12 -11 13 -6
right_child=3 2 9 4 5 -7 -8 -9 -10 11 -12 -13 -14 -15
leaf_value=0.0021563516924336164 0.0025396140184689234 -0.001834879257993271 -0.00059812385556488499 0.0058640636434490771 0.0028988442566927272 -0.0013390966772493607 0.0035063996693866441 0.0043124044911804216 -0.00021866120485996502 -0.0047397727355259845 0.0032565704133968899 -0.0011430246470839787 0.00057980028708943003 -0.0019845997042117936
leaf_weight=630.56895471923053 801.47193688340485 194.57339172437787 233.18470577523112 106.45142382197082 132.53630201146007 1276.183050526306 187.88495951704681 176.79563121311367 971.33996382541955 1089.3604352213442 239.04503846168518 228.4984357599169 3568.3253621291369 672.53510867245495
leaf_count=8385 12224 2458 3283 1391 1727 16779 2723 2489 13028 14573 2598 2959 46133 9882
internal_value=0 -0.00119044 -0.00277152 0.000552159 0.000284699 0.000172863 0.000702504 0.000585685 0.00069686 -0.00365338 0.000427186 -0.00415687 0.000257887 -0.00111115
internal_weight=0 3535.41 1933.5 6973.34 6171.87 6065.42 382.458 4789.24 1601.91 1551.04 4612.44 1317.86 4373.4 805.071
internal_count=140632 47409 25996 93223 80999 79608 5181 62829 21413 20815 60340 17532 57742 11609
is_linear=0
shrinkage=0.0101079


Tree=9
num_leaves=15
num_cat=0
split_feature=27 29 0 28 29 27 13 15 3 3 27 13 6 14
split_gain=68.8384 69.7968 53.3464 35.0444 41.0161 53.1604 34.1349 34.6058 29.691 25.6974 24.0775 21.7632 19.2385 22.1896
threshold=-0.71473535895347584 -1.0000000180025095e-35 1.040833115577698 0.6835516393184663 -0.60785761475563038 -0.076279435306787477 0.030745593830943111 10.193215847015383 0.48584090173244482 0.67371293902397167 0.47136868536472326 -0.021195940673351284 -2.9727488756179805 -7.5175306797027579
decision_type=2 2 2 2 2 2 2 2 2 2 2 2 2 2
left_child=1 9 8 12 -5 -6 7 -7 -3 -1 -9 -11 -2 -14
right_child=3 2 -4 4 5 6 -8 10 -10 11 -12 -13 13 -15
leaf_value=0.004737908458033336 0.0019520400581344727 0 -0.00075308092090336696 0.004545609956549534 -0.0033492700120686808 0 -0.0020958637356948305 0.0013506856392414852 -0.0047718363148575816 -0.0037767369784831618 0.0077661148657171422 0.0017096245930907923 -0.00055140592798223482 0.0010106071992786109
leaf_weight=183.81765789538622 1271.4251606725156 159.34849156811833 1147.9386846125126 137.57220670953393 661.43079393915832 764.77130987308919 497.8337735272944 174.35253792256117 828.8451517149806 96.686600295826793 107.31622578017414 244.02100148610771 1324.1277148406953 2895.010642323643
leaf_count=2103 17685 1777 15612 1843 8963 10841 6475 2060 11305 1249 1299 3759 19586 35985
internal_value=0 -0.0014692 -0.00228759 0.000409657 -0.000613825 -0.000968488 3.65908e-05 0.00109734 -0.00401006 0.00177263 0.00407536 0 0.000854073 0.000510696
internal_weight=0 2660.66 2136.13 7833.84 2343.28 2205.7 1544.27 1046.44 988.194 524.525 281.669 340.708 5490.56 4219.14
internal_count=140542 35805 28694 104737 31481 29638 20675 14200 13082 7111 3359 5008 73256 55571
is_linear=0
shrinkage=0.0101079


Tree=10
num_leaves=15
num_cat=0
split_feature=27 28 2 3 16 3 28 11 5 27 11 7 3 2
split_gain=75.3398 103.903 23.704 25.4766 24.7987 33.4043 24.5156 24.6181 24.0871 23.4008 32.125 19.5076 22.3315 19.2394
threshold=-0.43245348334312433 -0.20576497167348859 2.12937343120575 0.73047596216201793 0.15933667868375781 0.5789569914340974 -0.71473535895347584 0.019165301695466045 -4.8408815860748282 -0.90159028768539418 0.014035767409950497 20.074854850769047 0.74070098996162426 1.0132903456687929
decision_type=2 2 2 2 2 2 2 2 2 2 2 2 2 2
left_child=1 -1 4 -4 5 -2 7 -6 -8 10 -3 12 13 -9
right_child=2 9 3 -5 6 -7 8 11 -10 -11 -12 -13 -14 -15
leaf_value=0.00066409664651092431 0.0040681229872376401 0.0026924019593382439 0.00037518445234063677 0.0055473363510256269 0.0035894927753465687 -0.00091636358322258352 0.0034833707416743018 0.00075119333077103159 -0.00035665436586437604 -0.0041470887116762658 -0.0024134341863372728 0.0045159199680344627 0.0039620748599730211 -0.0018169281843800323
leaf_weight=1606.3127082288265 398.64351264387369 130.56599491648376 225.33073838613927 194.57505423761904 355.62652780860662 186.23422863706946 165.44555141963065 777.83981746993959 3967.822416331619 805.44750275462866 984.60087475925684 112.8515974804759 139.43947235867381 466.42750641331077
leaf_count=21369 6687 1932 2652 2515 4755 2752 2084 10488 52410 10894 13160 1417 1819 5743
internal_value=0 -0.00121152 0.000598854 0.00292282 0.000440955 0.00242127 0.000237851 0.00120465 -0.000187029 -0.00279763 -0.00176532 0.000595678 0.000223827 -0.000184354
internal_weight=0 3526.93 6990.24 419.906 6570.33 584.878 5985.45 1852.18 4133.27 1920.61 1115.17 1496.56 1383.71 1244.27
internal_count=140677 47355 93322 5167 88155 9439 78716 24222 54494 25986 15092 19467 18050 16231
is_linear=0
shrinkage=0.0101079


Tree=11
num_leaves=15
num_cat=0
split_feature=27 29 0 28 30 2 27 2 2 3 0 11 15 3
split_gain=66.3253 67.4417 51.255 31.8794 46.233 39.8275 38.8655 30.3804 27.3282 22.8108 22.14 21.1256 20.5516 21.9644
threshold=-0.71473535895347584 -1.0000000180025095e-35 1.0168019533157351 0.71473535895347606 1.0000000180025095e-35 0.93221002817153942 -0.076279435306787477 1.3900374770164492 0.77602940797805797 0.70906254649162304 0.54538413882255565 0.079590950161218657 16.983890533447269 0.42982682585716253
decision_type=2 2 2 2 2 2 2 2 2 2 2 2 2 2
left_child=1 9 8 -2 6 11 -5 12 -3 -1 -7 -6 13 -8
right_child=3 2 -4 4 5 10 7 -9 -10 -11 -12 -13 -14 -15
leaf_value=0.0043550866352667405 0.00088214123500098354 8.0611070690774853e-05 -0.00073605155880741803 -0.0047454845479310333 0.0040855819075866573 -0.0048721345475086098 0.0012949503362780391 0.0037713887786610884 -0.0046368496102742636 0 4.056319287459299e-05 0 -0.0046221576099596305 -0.0025229786981061523
leaf_weight=206.47222725488245 5588.1899781618267 128.11615044809878 1177.1511212456971 342.31234791316092 395.29000769555569 110.84346925467253 302.39937647432089 121.82801981456578 810.37949393875897 318.32011221535504 374.62400164455175 167.619101382792 161.42779067717493 287.2111469488591
leaf_count=2378 74472 1553 16100 4654 5487 1683 4277 1559 10907 4770 4817 1976 2006 3870
internal_value=0 -0.00137979 -0.00219195 0.000469831 -0.000529779 0.000996693 -0.00187784 -0.000675852 -0.0039546 0.00180275 -0.00105704 0.00282932 -0.00148132 -0.000505506
internal_weight=0 2640.44 2115.65 7851.75 2263.56 1048.38 1215.18 872.866 938.496 524.792 485.467 562.909 751.038 589.611
internal_count=140509 35708 28560 104801 30329 13963 16366 11712 12460 7148 6500 7463 10153 8147
is_linear=0
shrinkage=0.0101079


Tree=12
num_leaves=15
num_cat=0
split_feature=27 29 0 2 29 23 3 30 3 21 11 11 2 14
split_gain=56.6639 68.0416 52.8461 34.1024 34.1728 36.3328 43.2435 30.233 26.561 24.4683 22.4191 19.028 18.0372 17.4832
threshold=-0.69930991530418385 -1.0000000180025095e-35 1.0168019533157351 2.0736768245697026 -0.60785761475563038 0.52538022398948681 0.37197872996330267 -0.56174489110708226 0.73047596216201793 -5.2238829135894767 0.014474464114755394 0.0094234421849250811 0.81680566072464 -7.1212875843048087
decision_type=2 2 2 2 2 2 2 2 2 2 2 2 2 2
left_child=1 -1 10 4 -2 6 -6 -5 -9 -7 -3 -11 -12 -8
right_child=3 2 -4 7 5 9 13 8 -10 11 12 -13 -14 -15
leaf_value=0.0018900842381468362 0.0055282369630305223 0 -0.0006378922075407071 0.0057166357730858482 0.0010616260410851583 0.0021260336350457827 -0.0052709471316561146 -0.0017294992959277324 0.0036091835134329287 0.0019869347599865347 -0.00060785832308444317 -1.5461290558798436e-05 -0.005123469867398386 -0.0015140126943755791
leaf_weight=537.49969909898937 115.0339031573385 123.88457419909537 1217.6492699682713 218.02305476367474 340.28353027999401 750.23321680538356 273.4125701058656 181.6338412463665 175.19598043523729 526.04613346420228 130.38932459801435 4899.4057279322296 691.73748883418739 320.52966542728245
leaf_count=7286 1458 1750 16545 2762 4777 11401 3886 2324 2319 7220 1582 64066 9269 3986
internal_value=0 -0.00127031 -0.00207795 0.000426267 0.000230213 0.000132968 -0.00170817 0.00278551 0.000801254 0.000419801 -0.00386911 0.000173753 -0.00446828 -0.00335572
internal_weight=0 2701.16 2163.66 7799.8 7224.94 7109.91 934.226 574.853 356.83 6175.69 946.011 5425.45 822.127 593.942
internal_count=140631 36432 29146 104199 96794 95336 12649 7405 4643 82687 12601 71286 10851 7872
is_linear=0
shrinkage=0.0101079


Tree=13
num_leaves=15
num_cat=0
split_feature=28 27 29 3 30 14 15 5 16 33 15 10 15 14
split_gain=63.8991 101.223 76.9402 32.5701 22.3465 20.6771 25.3157 43.9649 32.3166 25.3956 33.9476 20.0762 19.8564 24.9625
threshold=-0.20576497167348859 -0.16288578510284421 -1.0000000180025095e-35 0.74696034193038952 1.0000000180025095e-35 -20.798419952392575 8.5616245269775408 -4.1424508094787589 0.85051745176315319 0.99393379688262951 12.236508369445803 0.17578732222318652 4.7984812259674081 -7.5808625221252433
decision_type=2 2 2 2 2 2 2 2 2 10 2 2 2 2
left_child=12 2 3 -2 5 -3 7 -7 9 -8 -11 -10 -1 -14
right_child=1 4 -4 -5 -6 6 8 -9 11 10 -12 -13 13 -15
leaf_value=0.002112794014235492 0.004022285469900193 0.0037813439327648978 -0.0033109620885705352 -0.0012402418797637989 0.0013176196105375534 0.003979801550086085 -0.001049831284308292 -0.0033833455032243557 -0.0034100686486710089 0.00012318424414109569 0.0053802743959611441 0.0005797734584571144 -0.00068516056325211127 0.0010539623708939246
leaf_weight=1001.3674488253891 220.93844786658883 107.86095165461302 1833.5410803444684 231.30939023941755 1426.9227516371757 86.44839970767498 242.99031896702945 534.97701558843255 297.90846903435886 273.66857144236565 253.70332531630993 193.37653558515012 1211.5587306339294 2598.3043613955379
leaf_count=14076 2703 1812 24865 3437 18854 1049 5781 8186 3512 2227 2110 2071 17513 32527
internal_value=0 -0.000741305 -0.0023864 0.00126671 0.000349943 -0.00032572 -0.000596705 -0.0022588 0.000198713 0.00151363 0.00276859 -0.00177359 0.000839 0.000490038
internal_weight=0 5703.65 2285.79 452.248 3417.86 1990.93 1883.07 621.425 1261.65 770.362 527.372 491.285 4811.23 3809.86
internal_count=140723 76607 31005 6140 45602 26748 24936 9235 15701 10118 4337 5583 64116 50040
is_linear=0
shrinkage=0.0101079


Tree=14
num_leaves=15
num_cat=0
split_feature=28 3 29 22 11 13 29 17 11 15 33 3 16 13
split_gain=55.2596 86.6991 37.2887 40.4875 27.9048 25.8186 32.2374 24.0766 23.2347 22.9921 23.8863 25.1537 22.4582 21.6639
threshold=-0.22706275433301923 0.52379813790321361 1.0000000180025095e-35 -0.40061351656913752 0.022132728248834613 -0.075893316417932496 1.0000000180025095e-35 53.500000000000007 0.019165301695466045 4.7984812259674081 0.9590476155281068 0.73375961184501659 0.22556575387716296 -0.0012449966161511836
decision_type=2 2 2 2 2 2 2 2 2 2 10 2 2 2
left_child=8 5 4 -4 13 6 -2 -6 -1 -10 -11 -12 -9 -3
right_child=1 2 3 -5 7 -7 -8 12 9 10 11 -13 -14 -15
leaf_value=0.0022989606880779263 0 0.005379715151379214 -0.0041955809932164283 -0.0010969841231779182 0.00029663146721649704 0.00024959662723637827 0.0073352442133562835 -0.00013357295184568624 0.0019116339521563644 0.0013873993694914581 -0.0010608389150064687 0.0017606994934816725 -0.0047197089456212293 -2.9736878155296914e-05
leaf_weight=813.41302077844739 103.14257212914526 119.14642665535212 999.47294521331787 841.24161820113659 440.24240698106587 2526.1519374549389 115.75763721950352 207.46629385091364 811.01889087818563 901.44319134578109 1833.2928929924965 375.82953985780478 278.56812117807567 151.74536639638245
leaf_count=10994 1617 1679 14038 11413 5730 33260 1719 2720 11539 22074 15043 3280 3615 2000
internal_value=0 -0.000729287 -0.00190672 -0.00281175 -0.000472581 0.000560715 0.00384292 -0.00133488 0.000741571 0.000404393 0 -0.000558143 -0.00287646 0.00228632
internal_weight=0 5782.94 3037.88 1840.71 1197.17 2745.05 218.9 926.277 4735 3921.58 3110.57 2209.12 486.034 270.892
internal_count=140721 77791 41195 25451 15744 36596 3336 12065 62930 51936 40397 18323 6335 3679
is_linear=0
shrinkage=0.0101079


Tree=15
num_leaves=15
num_cat=0
split_feature=3 0 5 15 11 15 22 32 18 12 16 13 29 29
split_gain=46.0516 61.3944 25.619 30.5297 23.3801 25.4278 23.5758 33.9552 22.8178 22.6645 19.1038 27.5742 27.5071 18.7224
threshold=0.46475630998611456 0.68808826804161083 2.0202469825744633 19.624384880065922 0.017034010030329231 10.771190643310549 0.25753255188465124 1.0000000180025095e-35 36.500000000000007 0.063204318284988417 0.71018236875534069 -0.083856664597988115 0.87837970256805431 -1.0000000180025095e-35
decision_type=2 2 2 2 2 2 2 2 2 2 2 2 2 2
left_child=2 -2 3 10 5 8 7 -6 -3 -4 11 -1 -12 -9
right_child=1 4 9 -5 6 -7 -8 13 -10 -11 12 -13 -14 -15
leaf_value=0.0052189586006714996 -0.002771487304048519 0.0020125965985703076 -0.0012245171744793702 -0.001074908539106037 0 0.0044436078474341606 0.00051429979403577264 0.00010222130797837176 -0.0014063850400918333 0.0024400939191859547 0.0045181612803781215 0.00081495502230665047 -0.00051726139200965768 -0.002796406256147993
leaf_weight=159.05082202516496 1033.802198741585 422.93797584995627 831.75388290546834 412.83113080076873 1641.0950260590762 203.53308094106615 1751.3415410332382 257.50734284333885 354.12198002077639 205.13582227937877 477.65215468592942 1602.6342449970543 123.79500409588218 1022.9680792223662
leaf_count=2355 15459 5544 11273 5762 19509 2599 22940 3430 4869 2326 5848 23267 1635 13797
internal_value=0 -0.000514845 0.000875855 0.00138485 -9.186e-05 0.00131158 -0.000396677 -0.000956507 0.000404362 -0.000448214 0.00183372 0.00125625 0.00342174 -0.00218489
internal_weight=0 6687.31 3812.85 2775.96 5653.51 980.593 4672.91 2921.57 777.06 1036.89 2363.13 1761.69 601.447 1280.48
internal_count=140613 88147 52466 38867 72688 13012 59676 36736 10413 13599 33105 25622 7483 17227
is_linear=0
shrinkage=0.0101079


Tree=16
num_leaves=15
num_cat=0
split_feature=27 28 20 16 16 20 7 3 12 0 13 13 7 16
split_gain=57.7529 89.763 27.4995 28.319 39.5015 28.9592 31.7722 27.1077 26.7605 25.9842 23.5087 28.497 21.4231 21.2143
threshold=-0.43245348334312433 -0.20576497167348859 -2.9920455217361446 0.15464979410171512 0.37909406423568731 -0.7342797815799712 -9.1659336090087873 0.48584090173244482 0.016678262501955036 0.78340300917625438 -0.026178942993283268 -0.012407009955495594 0.365750402212143 0.838109850883484
decision_type=2 2 2 2 2 2 2 2 2 2 2 2 2 2
left_child=1 -1 -2 -4 8 -6 -7 -3 12 -9 -11 -12 -5 -8
right_child=2 7 3 4 5 6 13 9 -10 10 11 -13 -14 -15
leaf_value=0.00064585624973344886 0.0021818574421585465 0.0004872125195279756 0.0035335499025379116 -0.0012801719491456684 -0.0012043547165307992 0.0057440009308657915 0.0013212108714397226 -0.0046761598935500994 -0.0041456722419601268 -0.0048815886949735501 0.0033098532717043506 -0.001879546775271854 0.0034015595855245062 -0.00017906536001557273
leaf_weight=1615.584511410445 865.5756492447108 235.05123287253082 250.19679005630314 667.45810984633863 817.45472920686007 126.42013760656118 2225.4890949875116 635.08564833551645 305.88129676319659 220.02453677728772 115.67091763950884 706.88537939451635 106.78627236373723 1615.3297949898988
leaf_count=21512 11866 2510 4441 9383 10995 1610 29454 9066 4700 3010 1653 9801 1601 19049
internal_value=0 -0.00108727 0.00049764 0.000250203 9.8827e-05 0.000499885 0.000862872 -0.00256901 -0.00163157 -0.0030215 -0.00194835 -0.00107729 -0.000555754 0.000680614
internal_weight=0 3528.3 6980.59 6115.02 5864.82 4784.69 3967.24 1912.72 1080.13 1677.67 1042.58 822.556 774.244 3840.82
internal_count=140651 47552 93099 81233 76792 61108 50113 26040 15684 23530 14464 11454 10984 48503
is_linear=0
shrinkage=0.0101079


Tree=17
num_leaves=15
num_cat=0
split_feature=28 27 2 30 11 2 30 11 13 3 16 16 11 13
split_gain=67.1495 111.059 30.1429 44.2351 27.7392 26.8518 24.2112 22.7812 43.7329 21.6533 18.3876 32.4198 27.5614 22.8811
threshold=-0.22706275433301923 -0.20576497167348859 1.4510965347290041 1.0000000180025095e-35 0.019165301695466045 1.1921317577362063 1.0000000180025095e-35 0.017444247379899028 -0.010515581350773571 0.58232355117797863 0.86587649583816539 0.497277781367302 0.050918076187372215 -0.0047397764865308991
decision_type=2 2 2 2 2 2 2 2 2 2 2 2 2 2
left_child=4 7 3 10 -1 -5 9 8 -2 -4 11 12 -3 -13
right_child=1 2 6 5 -6 -7 -8 -9 -10 -11 -12 13 -14 -15
leaf_value=0.0025761266855682963 0.0052166344482648648 -0.0044151360365712496 0.00755455032201443 0.001989414334153615 0.00050889460716021866 -0.0024999309624253664 0.000110261496530033 -0.0029409470111015578 -0.002426315736492937 0.0016925780191146495 -0.003176523242010538 0.0041744204399573846 0 -2.7763487434345157e-05
leaf_weight=815.73896714486182 101.87179184518754 302.62245932407677 126.97051764465868 1069.9522199425846 3932.4400822725147 141.68567813187838 277.21818935498595 1891.0075752809644 245.15658233314753 180.26259604282677 345.207639394328 153.40274464897811 287.62112984061241 642.10485589504242
leaf_count=11008 1295 4560 1358 14487 52144 1810 3406 25553 3625 2237 3952 2122 4809 8389
internal_value=0 -0.000745807 0.000362147 -4.29542e-05 0.000876126 0.00141886 0.00244441 -0.00250522 -4.5221e-06 0.00436818 -0.00109123 -0.000528138 -0.00232504 0.000764115
internal_weight=0 5765.08 3527.05 2942.6 4748.18 1211.64 584.451 2238.04 347.028 307.233 1730.96 1385.75 590.244 795.508
internal_count=140755 77603 47130 40129 63152 16297 7001 30473 4920 3595 23832 19880 9369 10511
is_linear=0
shrinkage=0.0101079


Tree=18
num_leaves=15
num_cat=0
split_feature=27 28 20 27 30 28 30 5 15 2 15 27 13 3
split_gain=64.445 87.4027 35.8958 23.691 43.2694 22.2432 39.0416 26.7194 30.9567 24.6504 35.9397 20.5581 33.0086 27.8801
threshold=-0.43245348334312433 -0.22706275433301923 -2.9262808561325069 -0.90159028768539418 1.0000000180025095e-35 0.88186877965927135 1.0000000180025095e-35 -2.8858344554901119 2.7992745637893681 0.79411035776138317 7.743722915649415 0.71473535895347606 0.043793788179755218 0.70214706659317028
decision_type=2 2 2 2 2 2 2 2 2 2 2 2 2 2
left_child=1 -1 -2 4 -3 7 -7 -4 -9 -8 -11 13 -13 -10
right_child=2 3 5 -5 -6 6 9 8 11 10 -12 12 -14 -15
leaf_value=0.00063031558257881559 0.0024447856899114107 9.1677655221570804e-06 -0.0020219935681745948 -0.0039151286518496311 -0.0039398357727824353 -0.0024451285007940646 0.0029645839941436257 0.0062589564956395038 0.00087491976112738078 -0.005169431395780146 0.001383469966678306 -0.0007779524033216784 0.0020628210088200153 0.0042034180951789337
leaf_weight=1576.1084831971675 897.29455308057368 686.44761091284454 347.94619103521109 800.75043930672109 452.22313405387104 731.89493926055729 311.0470487549901 99.213955476880074 1820.7397394496948 122.36874390207231 229.53846755437553 1554.5535505227745 562.72240160964429 307.04029415920377
leaf_count=21022 12294 9408 4636 10953 6131 9897 4100 1814 23780 1626 3135 20582 7354 3917
internal_value=0 -0.00111592 0.000560546 -0.00255274 -0.00153964 0.000273431 -0.000832027 0.000611484 0.00083489 0.00089599 -0.000843898 0.000687591 0 0.0013875
internal_weight=0 3515.53 6984.36 1939.42 1138.67 6087.07 1394.85 4692.22 4344.27 662.954 351.907 4245.06 2117.28 2127.78
internal_count=140649 47514 93135 26492 15539 80841 18758 62083 57447 8861 4761 55633 27936 27697
is_linear=0
shrinkage=0.0101079


Tree=19
num_leaves=15
num_cat=0
split_feature=27 29 0 20 16 14 0 7 21 11 29 16 0 20
split_gain=58.4067 53.454 47.82 25.6239 34.4298 34.5342 33.6442 32.9214 46.4568 21.7436 21.0425 18.1375 17.9038 15.4723
threshold=-0.71473535895347584 -1.0000000180025095e-35 1.0168019533157351 -2.6267926692962642 0.15464979410171512 -7.0595555305480948 0.73559865355491649 0.75176542997360241 2.1687359809875493 0.017034010030329231 -1.0000000180025095e-35 0.44496920704841619 0.85999885201454174 -1.044947028160095
decision_type=2 2 2 2 2 2 2 2 2 2 2 2 2 2
left_child=1 -1 9 -2 -5 6 10 8 12 -3 11 -6 -7 -9
right_child=3 2 -4 4 5 7 -8 13 -10 -11 -12 -13 -14 -15
leaf_value=0.0015130245053162959 0.0017560438062792726 0 -0.00064404819234668918 0.0038601429640910483 -0.0021620365040247737 -0.0011249690123172375 1.0109986824531019e-06 -0.0020420458405156507 0.0061788948502543807 -0.004401297208500317 -0.0031887417116339615 0.0039381161916107526 0.0031139199740685768 0.00038828126195780108
leaf_weight=524.00902596861124 1227.2641565967351 143.8984750919044 1188.0881589818746 239.76182149164379 98.38852921500802 246.14401211030781 1405.5349558833987 282.12482048384845 235.80712735839188 790.80357639491558 750.63754559122026 82.351110767573118 156.50564974360168 3128.3416074067354
leaf_count=7105 16950 2050 16202 4210 1652 3221 19395 3505 2848 10551 11291 1180 1922 38534
internal_value=0 -0.00131804 -0.00203881 0.000415865 0.000159783 1.00725e-05 -0.00096004 0.000580727 0.00267735 -0.00374911 -0.0024417 0.000449355 0.000451211 0.000171278
internal_weight=0 2646.8 2122.79 7852.86 6625.6 6385.84 2336.91 4048.92 638.457 934.702 931.377 180.74 402.65 3410.47
internal_count=140616 35908 28803 104708 87758 83548 33518 50030 7991 12601 14123 2832 5143 42039
is_linear=0
shrinkage=0.0101079


Tree=20
num_leaves=15
num_cat=0
split_feature=28 27 28 13 30 11 20 16 7 15 22 11 13 30
split_gain=58.5977 64.2085 48.2824 25.4184 24.589 24.2615 23.0813 26.7409 24.3811 23.4612 22.2647 18.824 53.3551 20.8833
threshold=-0.69930991530418385 -0.11969653144478797 -0.20576497167348859 -0.075893316417932496 -0.56174489110708226 0.025121112354099754 -2.5677249431610103 0.46243451535701757 -5.8339285850524893 2.9508875608444218 -0.0082726185210049135 0.017444247379899028 -0.010515581350773571 0.81174489855766307
decision_type=2 2 2 2 2 2 2 2 2 2 2 2 2 2
left_child=5 2 -2 4 -3 -1 10 9 -9 -8 -5 12 -4 -13
right_child=1 3 11 6 -6 -7 7 8 -10 -11 -12 13 -14 -15
leaf_value=0.0029603451689925796 0.00029712562655913251 -3.7506253278984025e-05 0.0056161912839338586 0.0037976035466580739 0.0060365505727044341 0.00068823639512231112 0.002594639770420576 0.0049243850149609872 0.00011798404966053255 -0.0022626265967486251 -0.00012204825885165199 -0.002140055974406134 -0.0026519014046197335 -0.0049114859475842326
leaf_weight=644.14224587380886 995.11035155877471 100.18751587532461 105.36109975539148 311.33925608173013 143.67099669761956 2167.6510364133865 102.14749428443611 106.31244401820004 2521.863490993157 808.40897226706147 239.65502476878464 1585.499954668805 261.27039811946452 382.6975248772651
leaf_count=8498 13281 1429 1323 4389 2105 28814 1810 1218 31850 11918 3110 21691 3831 5062
internal_value=0 -0.000474194 -0.00153017 0.000329157 0.00345463 0.00122971 0.000126822 -0.000163692 0.000341469 -0.00165659 0.00204188 -0.00232469 -0.000101564 -0.00271632
internal_weight=0 7663.52 3329.94 4333.59 243.859 2811.79 4089.73 3538.73 2628.18 910.556 550.994 2334.83 366.631 1968.2
internal_count=140329 103017 45188 57829 3534 37312 54295 46796 33068 13728 7499 31907 5154 26753
is_linear=0
shrinkage=0.0101079


Tree=21
num_leaves=15
num_cat=0
split_feature=27 29 0 3 28 29 27 13 15 21 13 15 18 2
split_gain=56.9122 54.0148 44.4632 32.4868 27.9143 41.5346 46.8844 35.0365 36.6661 22.4016 18.6561 20.1625 17.6888 15.566
threshold=-0.69930991530418385 -1.0000000180025095e-35 1.0367240309715273 0.48584090173244482 0.71473535895347606 -0.60785761475563038 -0.076279435306787477 0.030745593830943111 9.2861890792846697 -5.6919429302215567 -0.03462963551282882 9.7332272529602069 61.500000000000007 0.85736152529716503
decision_type=2 2 2 2 2 2 2 2 2 2 2 2 2 2
left_child=1 -1 3 -3 9 -6 13 8 12 -2 11 -11 -8 -7
right_child=4 2 -4 -5 5 6 7 -9 -10 10 -12 -13 -14 -15
leaf_value=0.0015014120894170919 0.0025692624594391227 0.00034294296485465163 -0.00064654643556808964 -0.004422936455636837 0.0046211210340240151 -0.00072292361456208795 0.0012138850676611363 -0.0021374879693143362 0.0038598540101734756 -0.0026342758261456568 0.00074932105313895824 0.002416393461287442 -0.0020524768030738246 -0.0042906375471901985
leaf_weight=542.13110969215631 648.52785991132259 157.53876093029976 1178.5547387246042 817.49084353633225 139.9125242754817 222.88937577046454 378.27270319499075 475.37686213292181 335.45820517465472 332.34411795437336 4475.1055138092488 91.503985643386841 290.04148763976991 425.32622207514942
leaf_count=7341 9446 1769 16051 11359 1846 3014 5365 6179 4002 4783 58298 1245 4175 5789
internal_value=0 -0.00129241 -0.00201727 -0.003615 0.000408526 -0.000524489 -0.000897185 7.31986e-05 0.00116843 0.00079734 0.000550886 -0.00142658 -0.000150938 -0.00314832
internal_weight=0 2695.72 2153.58 975.03 7814.76 2267.28 2127.36 1479.15 1003.77 5547.48 4898.95 423.848 668.314 648.216
internal_count=140662 36520 29179 13128 104142 30370 28524 19721 13542 73772 64326 6028 9540 8803
is_linear=0
shrinkage=0.0101079


Tree=22
num_leaves=15
num_cat=0
split_feature=28 27 29 0 2 2 16 3 4 0 33 20 20 2
split_gain=58.7791 64.6454 96.0459 49.8969 43.1218 40.0672 28.1263 23.6937 19.1252 19.0727 21.4271 17.5158 17.3677 17.4225
threshold=-0.69930991530418385 -0.11969653144478797 -1.0000000180025095e-35 1.0168019533157351 1.4002898931503298 0.77602940797805797 0.13197183609008792 0.51095253229141246 1.6213166713714602 0.81686675548553478 0.99393379688262951 0.2432116121053696 1.354586184024811 0.79411035776138317
decision_type=2 2 2 2 2 2 2 2 2 2 10 2 2 2
left_child=-1 2 7 5 6 11 -3 -2 -7 10 -6 -4 13 -8
right_child=1 4 3 -5 9 8 12 -9 -10 -11 -12 -13 -14 -15
leaf_value=0.0012757487918677716 0.0063202748553322988 0.0033409037780521953 0.002249334049492882 -0.00078741986650388929 0.00059310552441112143 -0.0049370775575681572 0.00089003478710345701 0.00096543547869490051 -0.00079088563683746629 0.0013396754612591986 0.0073064290533141887 -0.0026934864731144744 -0.0012735869282523627 -0.0010635883932432373
leaf_weight=2827.2229161616415 99.51331695728004 218.72888110205531 143.20983286201954 1216.8024508226663 94.422602012753487 1020.8551744818687 1374.2405966501683 575.22881482169032 158.35543953254819 565.39446398243308 143.69007684290409 133.84334729798138 1257.3684349171817 685.62146451696754
leaf_count=37462 1055 3820 2005 16552 2273 14218 19405 8012 2049 6005 1108 1548 16290 8982
internal_value=0 -0.000426509 -0.00148267 -0.00234861 0.000380154 -0.00361451 -9.08006e-05 0.0018764 -0.00442308 0.00248394 0.00491019 -4.46083e-06 -0.000336408 0.000218661
internal_weight=0 7687.27 3347.81 2673.07 4339.47 1456.26 3535.96 674.742 1179.21 803.507 238.113 277.053 3317.23 2059.86
internal_count=140784 103322 45439 36372 57883 19820 48497 9067 16267 9386 3381 3553 44677 28387
is_linear=0
shrinkage=0.0101079


Tree=23
num_leaves=15
num_cat=0
split_feature=27 23 2 3 2 30 15 30 10 3 18 7 13 12
split_gain=57.6621 69.471 31.9097 30.7824 25.001 33.2388 30.0667 28.6238 27.4767 26.3081 23.1634 19.7503 19.7482 18.2792
threshold=-0.43245348334312433 0.8825233280658723 1.1851748228073122 0.48584090173244482 1.4002898931503298 1.0000000180025095e-35 3.5679774284362797 1.0000000180025095e-35 0.21338410675525668 0.72656160593032848 78.500000000000014 -3.4741777181625362 0.0020539405522868042 0.017321676015853885
decision_type=2 2 2 2 2 2 2 2 2 2 2 2 2 2
left_child=1 2 3 -1 5 -2 -7 8 -6 -9 11 -8 -11 -12
right_child=4 -3 -4 -5 7 6 10 9 -10 12 13 -13 -14 -15
leaf_value=0.0027551611048031266 -0.00041891985675997689 -8.6426079999493767e-05 -0.0047704740731179512 -0.0027231541487110506 0.0046994462116555441 0.0042206737712057584 -0.0020050581427899445 -0.001297390233067232 0.00055753398715137912 0 0.0049907677193628238 0.00069659126313414857 0.0059380559262380925 0.0011099335535939402
leaf_weight=133.47447214461863 3298.3563140295446 2433.148446701467 590.1548995282501 360.09440417774022 439.69966866075993 284.03228716738522 391.289067722857 419.83505224250257 299.80630022473633 110.89676233567297 171.76992046274245 878.37512449361384 105.63008217513561 576.05286210775375
leaf_count=1466 45138 32811 8401 4900 5350 4478 4971 5489 3633 1364 2285 11643 1271 7320
internal_value=0 -0.00105427 -0.00317434 -0.00114147 0.000531645 0.0002224 0.00115737 0.00175285 0.00309731 0.000109402 0.000691826 -0.000111311 0.00296907 0.00209636
internal_weight=0 3516.87 1083.72 493.569 6975.74 5599.88 2301.52 1375.87 739.506 636.362 2017.49 1269.66 216.527 747.823
internal_count=140520 47578 14767 6366 92942 75835 30697 17107 8983 8124 26219 16614 2635 9605
is_linear=0
shrinkage=0.0101079


Tree=24
num_leaves=15
num_cat=0
split_feature=28 3 29 5 11 14 21 16 16 30 13 28 29 14
split_gain=50.986 83.9482 35.3151 28.099 25.4206 24.9743 23.5754 21.9549 22.8862 49.1724 34.634 23.1429 28.4578 28.359
threshold=-0.20576497167348859 0.52379813790321361 -1.0000000180025095e-35 -3.6441534757614131 0.019165301695466045 -7.1212875843048087 6.9190087318420419 0.15464979410171512 0.46684949100017553 -0.56174489110708226 0.00083414555410854529 0.6835516393184663 0.87837970256805431 -2.4113279581069942
decision_type=2 2 2 2 2 2 2 2 2 2 2 2 2 2
left_child=4 7 -3 -4 -1 -5 -7 -2 9 -9 -10 12 13 -12
right_child=1 2 3 5 -6 6 -8 8 10 -11 11 -13 -14 -15
leaf_value=0.002426875985260269 0.0035258271859809798 0.00038457595863982525 0 -0.0043525813285687116 0.00046731795369897046 -0.00070623946058604283 -0.0036731871195846374 -0.0047733342258699388 0.0044481962774250419 0.00067223909430647597 0.0011457062493686358 -0.0009133275144335368 -0.0018343163944871978 0.0061958849415044964
leaf_weight=833.36273519694805 247.78973142802715 590.44479999691248 425.58395253494382 726.43449176847935 3990.2312672082335 769.17200442962348 464.38947290554643 241.11239248886704 251.32178944908082 497.92999662086368 431.75818132609129 690.16867810860276 170.85950871929526 165.08208416588604
leaf_count=11165 3797 7863 6197 10827 52916 9640 6073 3924 3308 6857 5552 8510 2129 1841
internal_value=0 -0.000594459 -0.00176666 -0.00231555 0.000817549 -0.00282498 -0.00187153 0.000685838 0.000371843 -0.00108077 0.00102555 0.000387787 0.00160721 0.00267015
internal_weight=0 5672.05 2976.02 2385.58 4823.59 1960 1233.56 2696.02 2448.23 739.042 1709.19 1457.87 767.7 596.84
internal_count=140599 76518 40600 32737 64081 26540 15713 35918 32121 10781 21340 18032 9522 7393
is_linear=0
shrinkage=0.0101079


Tree=25
num_leaves=15
num_cat=0
split_feature=27 28 29 11 23 21 3 11 15 11 3 23 5 21
split_gain=59.0074 80.9758 46.4554 24.2027 23.8719 21.2005 20.7944 19.9243 22.2351 24.4731 26.6715 28.5172 22.3057 19.0265
threshold=-0.43245348334312433 -0.20576497167348859 -1.0000000180025095e-35 0.017444247379899028 0.52538022398948681 -0.1197054013609886 0.26885353028774267 0.0098392590880393999 3.4312249422073369 0.16596756130456927 0.73047596216201793 0.82955291867256176 -4.8408815860748282 9.8891673088073748
decision_type=2 2 2 2 2 2 2 2 2 2 2 2 2 2
left_child=1 -1 5 -4 6 -3 -2 -6 12 10 13 -12 -9 -10
right_child=4 2 3 -5 7 -7 -8 8 9 -11 11 -13 -14 -15
leaf_value=0.00057343758961759422 0.0026751486820756521 -0.0015758097736333669 -9.4555047480067423e-05 -0.0038158351422691791 0.0026321497727182452 0.0030704729608377491 -0.001565043421136439 0 6.0455805677445593e-05 0.0034895089645678528 -0.0016129954249400754 0.003469067542470177 0.0038219323781994094 -0.0025965600167198372
leaf_weight=1617.7635938394815 125.0908828265965 194.13144212216139 233.75134412944317 1285.4673182126135 540.71671552583575 183.2546982485801 812.85147934034467 280.3010612539947 3772.4104817826301 231.67762499861419 134.05299029313028 434.68612120300531 395.24972462654114 287.67541208490729
leaf_count=21485 1995 2488 3306 17581 7357 2654 10766 3825 49908 3095 1614 5224 6279 3195
internal_value=0 -0.00106668 -0.00248362 -0.00327313 0.000536514 0.000591332 -0.000939682 0.000771912 0.00057954 0.000329225 0.00015683 0.00219545 0.00229745 -0.000122368
internal_weight=0 3514.37 1896.6 1519.22 7014.71 377.386 937.942 6076.77 5536.05 4860.5 4628.83 568.739 675.551 4060.09
internal_count=140772 47514 26029 20887 93258 5142 12761 80497 73140 63036 59941 6838 10104 53103
is_linear=0
shrinkage=0.0101079


Tree=26
num_leaves=15
num_cat=0
split_feature=27 29 0 20 16 16 29 20 16 15 30 20 16 16
split_gain=58.0594 54.4159 37.4301 26.4531 37.1591 37.8487 31.3811 30.3949 29.1106 28.2877 29.3599 40.8855 28.825 39.4317
threshold=-0.69930991530418385 -1.0000000180025095e-35 1.0092659592628481 -2.6267926692962642 0.15464979410171512 0.37909406423568731 0.6078576147556306 -1.0065717697143552 0.838109850883484 10.193215847015383 1.0000000180025095e-35 1.8026925921440127 0.54943495988845836 0.61864626407623302
decision_type=2 2 2 2 2 2 2 2 2 2 2 2 2 2
left_child=1 -1 -3 -2 -5 6 -6 -7 9 10 -9 -12 -11 -14
right_child=3 2 -4 4 5 7 -8 8 -10 12 11 -13 13 -15
leaf_value=0.0015557297137896366 0.0018085270595871951 -0.0035574161280752452 -0.00080097280334863919 0.0040480714097293124 -0.0030129272491766774 -0.0016270825794542317 0.00034076164977304502 -0.0011465473108862654 -0.00028569491277384882 0.0065280698729142071 0.0043615214903742787 -0.0013469098535706994 -0.002802839978618053 0.0023514847224756306
leaf_weight=529.5642736274749 1212.3951090574265 919.12776022776961 1222.8847164697945 236.64209084585309 677.4041775483638 648.56748090870678 451.81807500496507 707.35957558453083 1827.3639170769602 144.73823459818959 301.71604512445629 199.55415854975581 158.81548180244863 1264.9181016907096
leaf_count=7188 16712 12461 16701 4151 10008 8592 6466 9605 21578 1991 3837 2546 2197 16469
internal_value=0 -0.00128648 -0.00201102 0.0004371 0.000177988 2.34903e-05 -0.00164217 0.000391111 0.000686389 0.0013396 0.000139279 0.00202331 0.0022337 0.00173635
internal_weight=0 2671.58 2142.01 7831.29 6618.9 6382.26 1129.22 5253.03 4604.47 2777.1 1208.63 501.27 1568.47 1423.73
internal_count=140502 36350 29162 104152 87440 83289 16474 66815 58223 36645 15988 6383 20657 18666
is_linear=0
shrinkage=0.0101079


Tree=27
num_leaves=15
num_cat=0
split_feature=28 27 29 0 2 30 2 11 3 3 2 2 16 15
split_gain=49.051 53.4578 91.1311 53.2235 39.8005 38.4324 29.9224 23.7494 23.7959 22.5402 22.2283 21.1809 18.7774 20.3163
threshold=-0.69930991530418385 -0.11969653144478797 -1.0000000180025095e-35 1.0168019533157351 1.4002898931503298 1.0000000180025095e-35 0.78070610761642467 0.025121112354099754 0.74070098996162426 0.70906254649162304 1.2232360839843752 1.6781963109970095 0.84741875529289257 12.236508369445803
decision_type=2 2 2 2 2 2 2 2 2 2 2 2 2 2
left_child=7 2 9 6 5 12 -4 -1 -9 -2 -7 -11 13 -3
right_child=1 4 3 -5 -6 10 -8 8 -10 11 -12 -13 -14 -15
leaf_value=0.0028615745345833559 0.0040214425968463537 -0.0011065311536158054 -0.00037879282374330493 -0.00061071518338201255 0.0023720476438909804 0.0015788635890436108 -0.0042400571337328523 0.00013961584990869472 0.0030401498593261838 0.0031373939965085871 -0.0025999935802738178 -0.0016296313665293792 -0.0027522260150549547 0.0014350450717636196
leaf_weight=643.9179261084646 288.43072684854269 1242.7498137354851 279.11236942186952 1218.8906461503357 788.43762869015336 1287.9802055731416 1164.0963147487491 1855.8175132256001 343.10672068782151 149.5158561989665 131.01351282000542 229.10545900650322 477.47876887768507 415.04334858618677
leaf_count=8520 3406 18155 3588 16645 9290 17469 16163 24312 4724 2093 1677 3485 5651 5699
internal_value=0 -0.000404618 -0.00136914 -0.00221253 0.000326589 -0.000119893 -0.00352713 0.00114785 0.000619502 0.00192363 0.0011528 0.000172793 -0.000985655 -0.000442247
internal_weight=0 7671.85 3329.15 2662.1 4342.7 3554.27 1443.21 2842.84 2198.92 667.052 1418.99 378.621 2135.27 1657.79
internal_count=140877 103321 45380 36396 57941 48651 19751 37556 29036 8984 19146 5578 29505 23854
is_linear=0
shrinkage=0.0101079


Tree=28
num_leaves=15
num_cat=0
split_feature=28 32 30 30 28 11 14 11 15 13 28 33 12 7
split_gain=61.037 43.6286 33.6869 26.6572 26.3694 27.5901 30.9117 24.6372 25.299 24.2919 21.0458 20.7212 22.6337 21.6228
threshold=-0.22706275433301923 1.0000000180025095e-35 1.0000000180025095e-35 1.0000000180025095e-35 0.83743050694465648 0.049945773556828506 -11.420401573181151 0.019165301695466045 5.0033621788024911 0.040692590177059181 0.47136868536472326 0.9590476155281068 0.055574104189872749 19.160627365112308
decision_type=2 2 2 2 2 2 2 2 2 2 2 10 2 2
left_child=7 3 10 4 5 6 -2 -1 -9 -6 -3 -10 -13 -14
right_child=1 2 -4 -5 9 -7 -8 8 11 -11 -12 12 13 -15
leaf_value=0.0024319229027870972 -0.0067270259291346089 8.5865996407490965e-07 -0.003868412690123159 0.00079213046676970529 -0.0010252249346192875 0.0012707119342811153 -0.00046616939574788526 0.0020358100362079783 0.0013569635050098765 -0.0047572863553133008 -0.0031823176519159193 -0.0012063361154213295 0 0.0041935278168743779
leaf_weight=830.82781419157982 93.687996605411172 729.6030537430197 654.84041919000447 1772.4546228535473 661.05901531875134 787.10812237113714 493.32525515370071 848.60203999094665 896.91335848905146 263.84618924744427 277.89464008063078 1447.1543932408094 594.60248318314552 155.35540501028299
leaf_count=11062 1481 10057 9028 23561 9119 10353 6569 12057 21876 3419 3888 11975 5017 1197
internal_value=0 -0.000700859 -0.00207831 -0.000125696 -0.000851139 9.96756e-06 -0.00160703 0.000845251 0.000496587 -0.00216352 -0.000854577 5.73952e-05 -0.000457612 0.000931303
internal_weight=0 5733.82 1662.34 4071.48 2299.03 1374.12 587.013 4773.46 3942.63 924.905 1007.5 3094.03 2197.11 749.958
internal_count=140659 77475 22973 54502 30941 18403 8050 63184 52122 12538 13945 40065 18189 6214
is_linear=0
shrinkage=0.0101079


Tree=29
num_leaves=15
num_cat=0
split_feature=28 29 13 29 12 15 15 15 11 33 15 15 17 15
split_gain=48.9332 45.458 25.1272 25.5414 29.6707 31.6556 28.9261 45.2228 23.7873 22.1826 25.5764 28.5388 21.8269 21.1568
threshold=-0.20576497167348859 -0.60785761475563038 -0.083856664597988115 1.0000000180025095e-35 -0.12129334360361098 3.5679774284362797 14.225338935852053 15.478483200073244 0.019165301695466045 0.9590476155281068 8.20935106277466 22.533465385437015 37.500000000000007 4.5277814865112314
decision_type=2 2 2 2 2 2 2 2 2 10 2 2 2 2
left_child=8 -2 13 4 -4 -6 12 -8 -1 -10 -11 -12 -7 -3
right_child=1 2 3 -5 5 6 7 -9 9 10 11 -13 -14 -15
leaf_value=0.0022812656677298937 0.0048679460070302988 0.0052509358860156211 -0.0048440538705839574 -0.0014862178719285881 0.0037096916333008902 0.00059917321785974375 0.0075150830330290193 0.00018888004000942803 0.0015424487939642221 0.0012253337110541237 -0.0013330595862295781 0.0021968204801677709 -0.0023592726251184847 -0.00092613345859227146
leaf_weight=842.3464508485049 139.16992918401957 118.91676633246243 115.88060253486037 3306.1905835624784 232.12899231910706 375.96636612154543 98.028236068785191 537.58600812405348 1198.4732525199652 962.46540440618992 1567.4132090136409 260.52495077997446 666.13610005937517 81.903233967721462
leaf_count=11225 1835 1835 1383 44780 3208 5077 1258 7100 29578 8242 12954 2002 8757 1332
internal_value=0 -0.000647756 -0.000800322 -0.000939342 -2.46385e-05 0.000264778 -0.000202472 0.00145749 0.000735409 0.000395098 -8.60766e-05 -0.000800861 -0.00125676 0.00259571
internal_weight=0 5671.91 5532.74 5331.92 2025.73 1909.85 1677.72 635.614 4831.22 3988.88 2790.4 1827.94 1042.1 200.82
internal_count=140566 76565 74730 71563 26783 25400 22192 8358 64001 52776 23198 14956 13834 3167
is_linear=0
shrinkage=0.0101079


Tree=30
num_leaves=15
num_cat=0
split_feature=27 28 29 21 29 28 2 30 23 29 16 5 7 13
split_gain=51.202 83.5778 49.0737 29.1699 23.4036 28.9513 23.6038 34.1439 20.3494 24.7118 20.3471 32.5556 18.9019 18.1742
threshold=-0.43245348334312433 -0.20576497167348859 -1.0000000180025095e-35 -0.37017333507537836 -0.60785761475563038 0.86046862602233898 2.12937343120575 -0.56174489110708226 0.68794405460357677 0.87837970256805431 0.15933667868375781 -3.9694070816040035 18.347414016723636 -0.021195940673351284
decision_type=2 2 2 2 2 2 2 2 2 2 2 2 2 2
left_child=1 -1 3 -3 -2 6 10 -8 -4 -10 11 -6 -7 -12
right_child=4 2 8 -5 5 12 7 -9 9 -11 13 -13 -14 -15
leaf_value=0.00071324908100540757 0.0047222446719949194 -0.0018909801795663776 -0.0051495165722793782 0.0035188855425774034 0 -0.0003439093724834268 0.0075123534665288063 0.00058414589034407743 -0.0033159355357814898 0 -0.00087801125563872335 0.0052688591446005033 -0.0040019536601911326 0.00071457413077673042
leaf_weight=1617.2712926659733 128.72093898430467 191.79423559084535 434.42335501499474 192.3223181758076 235.9347090292722 1298.2869483698159 122.3764335475862 200.96644314751029 773.15044503845274 295.85308287292719 882.86664998345077 230.01096150092781 161.03504315763712 3743.4542115628719
leaf_count=21470 1682 2444 6024 2752 3467 17760 1320 2337 10688 4145 12312 3858 1960 48448
internal_value=0 -0.0009524 -0.00239804 0.000730078 0.000542266 0.00045297 0.000797071 0.00344142 -0.00322371 -0.00237253 0.000616323 0.00262813 -0.000793901 0.000400967
internal_weight=0 3504.81 1887.54 384.117 7003.65 6874.93 5415.61 323.343 1503.43 1069 5092.27 465.946 1459.32 4626.32
internal_count=140667 47523 26053 5196 93144 91462 71742 3657 20857 14833 68085 7325 19720 60760
is_linear=0
shrinkage=0.0101079


Tree=31
num_leaves=15
num_cat=0
split_feature=28 27 13 11 15 15 33 3 15 20 15 7 27 3
split_gain=50.5515 98.5826 22.5826 21.8534 21.338 23.8227 22.9972 28.0027 29.0167 21.1599 35.5852 38.813 22.6642 20.7308
threshold=-0.22706275433301923 -0.16288578510284421 -0.075893316417932496 0.019165301695466045 4.7984812259674081 22.533465385437015 0.9590476155281068 0.73753392696380626 19.970884323120121 -2.9920455217361446 8.7771925926208514 1.0000000180025095e-35 0.83743050694465648 0.38871423900127416
decision_type=2 2 2 2 2 2 10 2 2 2 2 2 2 2
left_child=3 -2 -3 -1 -5 6 -6 8 -8 -4 13 12 -12 -11
right_child=1 2 9 4 5 -7 7 -9 -10 10 11 -13 -14 -15
leaf_value=0.0023171236924551422 -0.0022180552456823209 0.0036727161645939846 0.0026682889848235023 0.0019457707669291308 0.0012201145467076488 0.0024218971951710847 -0.00088526373400821582 0.0016958800370683006 -0.0053553863939834641 0.00028293885710802365 0.0061716095456296714 0.00010754089388211702 0.00042953101194106948 -0.0026284496771557019
leaf_weight=830.08217843808234 2276.7654860634357 206.86393961310387 326.26826982200146 813.16381295025349 779.63564325869083 389.4896716941148 1454.5420702323318 351.35612605512142 165.31238669902086 364.45463895238936 187.72367914021015 1585.3575644660741 136.83192570693791 646.47828544676304
leaf_count=11009 31372 3030 4323 11545 18982 5173 12171 3021 1301 5641 2265 20035 1689 9120
internal_value=0 -0.000585652 0.0004812 0.000820193 0.000491812 9.86513e-05 -0.000221404 -0.000814514 -0.00138932 0.0002573 -4.43909e-06 0.000792692 0.00393817 -0.00154484
internal_weight=0 5730.74 3453.98 4783.58 3953.5 3140.34 2750.85 1971.21 1619.85 3247.11 2920.85 1909.91 324.556 1010.93
internal_count=140677 77475 46103 63202 52193 40648 35475 16493 13472 43073 38750 23989 3954 14761
is_linear=0
shrinkage=0.0101079


Tree=32
num_leaves=15
num_cat=0
split_feature=28 27 29 0 20 16 15 0 3 23 3 3 23 20
split_gain=55.712 51.5342 82.2883 55.2146 27.1472 34.7776 26.1222 24.9785 20.7123 18.1397 16.6033 16.1857 15.7095 15.268
threshold=-0.69930991530418385 -0.20576497167348859 -1.0000000180025095e-35 1.0092659592628481 -2.6267926692962642 0.14109162986278537 8.000862121582033 0.72668448090553295 0.70906254649162304 1.6801126003265383 0.52379813790321361 0.35597370564937597 0.55967646837234508 -0.7663598060607909
decision_type=2 2 2 2 2 2 2 2 2 2 2 2 2 2
left_child=-1 2 8 10 -3 -6 7 11 -2 -10 12 -7 -4 -8
right_child=1 4 3 -5 5 6 13 -9 9 -11 -12 -13 -14 -15
leaf_value=0.0011686551070274676 0.0037963827810830165 0.0021686792234060122 -0.0041339272065573258 -0.00070607690133533247 0.0047309537263965709 -0.00058695689269111474 -0.0016338582629749762 -0.00013763447403744296 -0.0012375517124627693 0.0037642997126476649 -0.0044020716417844628 -0.0047434539847212029 0.00024977949275277451 0.0005342305847196076
leaf_weight=2836.72721773386 272.74821613356471 611.6396920774132 124.14303328096867 1221.8042516987771 137.7657082285732 176.43518437817693 374.39897228032351 570.43763536214828 264.72789956070483 93.724689235910773 996.23470114171505 304.22899748571217 184.24947116710246 2317.640910314396
leaf_count=37429 3160 8212 1595 16688 2474 2887 4884 7897 4041 1314 14313 4599 2055 28975
internal_value=0 -0.00048755 -0.001477 -0.00229848 0.000200219 -0.000103248 -0.000301232 -0.00165093 0.00173584 1.08722e-05 -0.00374615 -0.00333371 -0.00144395 0.000213933
internal_weight=0 7650.18 3157.63 2526.43 4492.55 3880.91 3743.14 1051.1 631.201 358.453 1304.63 480.664 308.393 2692.04
internal_count=140523 103094 43166 34651 59928 51716 49242 15383 8515 5355 17963 7486 3650 33859
is_linear=0
shrinkage=0.0101079


Tree=33
num_leaves=15
num_cat=0
split_feature=27 28 29 29 28 2 11 21 21 11 29 15 13 29
split_gain=46.4419 75.6096 53.6607 26.79 29.5502 22.8282 26.0728 24.2612 22.112 21.6834 20.0807 17.5735 29.12 36.4648
threshold=-0.41268247365951533 -0.22706275433301923 -1.0000000180025095e-35 -0.60785761475563038 0.88186877965927135 2.12937343120575 0.16352482885122302 9.3621044158935565 -0.37017333507537836 0.014474464114755394 1.0000000180025095e-35 3.4312249422073369 -0.019022347405552861 0.87837970256805431
decision_type=2 2 2 2 2 2 2 2 2 2 2 2 2 2
left_child=1 10 8 -2 5 6 7 11 -3 -4 -1 -5 13 -13
right_child=3 2 9 4 -6 -7 -8 -9 -10 -11 -12 12 -14 -15
leaf_value=0.0020684784357949096 0.0050556514169587622 -0.0012932191475817866 0 0.0023246271081748624 -0.000884014294330088 0.0033386263528009524 0.0039858226947278343 -0.0024384332855636819 0.0033275588459477311 -0.0035532820903007335 -0.00018628235119817874 -0.0020538435457777321 0.00083600911893403306 0.0032822135214181517
leaf_weight=647.47735358402133 124.81943704001606 192.21180166304111 194.1771734803915 537.24680314026773 1365.4260050728917 329.97361540794373 215.96998148411512 272.42170105688274 201.84943486377597 1346.4060806073248 975.01948715187609 796.24326993338764 3173.6383128464222 144.38287445344031
leaf_count=8509 1618 2456 2777 8012 18528 3684 3099 3027 2901 18639 12968 11065 41439 1952
internal_value=0 -0.000894632 -0.0022454 0.00052333 0.0004291 0.000765057 0.000587265 0.00042405 0.000991109 -0.00310022 0.000694136 0.000604107 0.000365726 -0.00117224
internal_weight=0 3557.14 1934.64 6960.12 6835.3 5469.88 5139.9 4923.93 394.061 1540.58 1622.5 4651.51 4114.26 940.626
internal_count=140674 48250 26773 92424 90806 72278 68594 65495 5357 21416 21477 62468 54456 13017
is_linear=0
shrinkage=0.0101079


Tree=34
num_leaves=15
num_cat=0
split_feature=3 23 29 13 11 2 3 29 22 14 14 11 15 5
split_gain=33.6137 41.345 40.5591 22.2025 20.5599 18.8476 22.7776 25.9887 18.0971 17.6827 16.8273 16.7881 18.6649 33.292
threshold=0.46881207823753362 0.85151809453964245 1.0000000180025095e-35 -0.083856664597988115 0.024250795133411888 1.6781963109970095 0.62176570296287548 -1.0000000180025095e-35 -0.79913210868835438 -7.4509582519531241 -7.1212875843048087 0.033273156732320792 22.316658020019535 5.9660875797271737
decision_type=2 2 2 2 2 2 2 2 2 2 2 2 2 2
left_child=3 2 5 -1 10 6 -2 -8 -4 -7 -5 -3 13 -13
right_child=1 11 8 4 -6 9 7 -9 -10 -11 -12 12 -14 -15
leaf_value=0.0040078815813021891 -0.00062877779482257696 0.0011420515566189942 -0.0041920995359429345 0.00030961924485633781 0.00027505540460588381 -0.0043383219485226172 0.0057537865252185651 0 -0.0016179214817804287 0.00078989072368737361 0.003926787958630708 0 0.0020367372471278614 -0.0030967179092372191
leaf_weight=207.59542984515429 381.08978947624564 1381.7230258453637 470.99663600325584 268.57689455151558 3127.0354371163994 150.4824435338378 159.48474445566535 181.55576491542161 930.58076856844127 97.787702171131968 314.87247839383781 2090.0607030019164 320.44671169854701 416.66171038895845
leaf_count=3150 5013 18409 6491 4365 41929 1948 2003 2509 12544 1395 4004 27008 4493 5268
internal_value=0 -0.000365851 -0.00143317 0.00081469 0.000617284 0.000116586 0.000982111 0.00287268 -0.00252973 -0.00219687 0.00235573 0.000227554 -0.000206975 -0.000515218
internal_weight=0 6580.87 2371.98 3918.08 3710.48 970.4 722.13 341.041 1401.58 248.27 583.449 4208.89 2827.17 2506.72
internal_count=140529 87081 31903 53448 50298 12868 9525 4512 19035 3343 8369 55178 36769 32276
is_linear=0
shrinkage=0.0101079


Tree=35
num_leaves=15
num_cat=0
split_feature=27 29 23 29 23 3 29 2 11 16 13 29 30 2
split_gain=37.5533 55.7437 34.7236 25.3883 26.7882 28.8529 20.5885 19.9681 19.4327 17.2008 21.9314 44.2289 30.5285 18.7854
threshold=-0.69930991530418385 -1.0000000180025095e-35 0.87633880972862255 -0.60785761475563038 0.52538022398948681 0.26885353028774267 0.87837970256805431 0.78070610761642467 0.015727005898952488 0.20370620489120486 -0.021686988882720467 0.87837970256805431 0.81174489855766307 2.0736768245697026
decision_type=2 2 2 2 2 2 2 2 2 2 2 2 2 2
left_child=1 -1 8 -2 5 -5 -4 -7 -3 -6 11 -11 13 -12
right_child=3 2 6 4 9 7 -8 -9 -10 10 12 -13 -14 -15
leaf_value=0.0017873315857732609 0.0045037043962274544 8.2209784514718554e-05 -0.001640614785921832 0.0029938846184115642 0.0017421861168572393 -0.00015525125998790471 0.0009586287584300913 -0.0034188077097515083 -0.0044413166060511171 -0.0020896464405858878 -7.0878303242104517e-06 0.0037597113014155663 0.0022915645876564225 0.0028319596888510853
leaf_weight=541.60197019390762 139.48169064894319 95.588154947385192 1072.6715776696801 122.96531086228788 940.02131817862391 370.52100385539234 410.4619142152369 462.56089192815125 564.30702906847 806.60757546313107 3777.7266522794962 146.58379753679037 834.87392748147249 244.60766994580626
leaf_count=7341 1828 1352 14504 1969 14112 4938 5734 6184 7808 11042 48264 1897 10904 3116
internal_value=0 -0.00105509 -0.00179607 0.000327918 0.000242708 -0.00132328 -0.000892875 -0.00203007 -0.00373195 0.000471731 0.000257217 -0.00112525 0.00053818 0.000160549
internal_weight=0 2684.63 2143.03 7845.95 7706.47 956.047 1483.13 833.082 659.895 6750.42 5810.4 953.191 4857.21 4022.33
internal_count=140993 36739 29398 104254 102426 13091 20238 11122 9160 89335 75223 12939 62284 51380
is_linear=0
shrinkage=0.0101079


Tree=36
num_leaves=15
num_cat=0
split_feature=29 3 23 31 3 23 3 16 16 17 16 29 20 30
split_gain=35.0872 36.5885 58.201 24.1858 41.8167 28.8546 30.414 23.3337 26.5084 21.2702 31.4612 20.1937 35.6517 20.1023
threshold=-0.60785761475563038 0.46475630998611456 0.5734032690525056 1.0000000180025095e-35 0.52379813790321361 1.4892026185989382 0.58581268787384044 0.15464979410171512 0.38734084367752081 55.500000000000007 0.58235964179039013 0.6078576147556306 -1.0803223252296446 1.0000000180025095e-35
decision_type=2 2 2 2 2 2 2 2 2 2 2 2 2 2
left_child=-1 7 -3 5 -5 6 -4 -2 11 10 -6 12 -9 -8
right_child=1 2 3 4 9 -7 13 8 -10 -11 -12 -13 -14 -15
leaf_value=0.0048463320023443852 0.0032584323579602889 -0.0033316490675935596 0.00043734788848306949 -0.0021255191100932936 -0.0027083908761406043 0.00066557562410610996 -0.00088529263929168229 0.0028011848881134369 0.00092842909754301645 0.0034901412705045641 0.0019728812295231467 0.00075389766907061251 -0.0039912187354642307 -0.0029149842434885412
leaf_weight=143.25855504907668 335.15466718189418 670.27454622276127 876.21184460632503 343.01483240351081 192.19577882811427 1292.0789604485035 1289.4857933204621 87.320222094655037 2714.7545418385416 468.51695853471756 513.24485712312162 290.38118508085608 361.43885252065957 912.7061679828912
leaf_count=1887 5467 9563 10823 4565 2495 17250 17749 1406 35288 5882 5884 4199 5643 12520
internal_value=0 -6.29214e-05 -0.000523217 -0.000192713 0.000893634 -0.00057993 -0.00111617 0.000722498 0.000458078 0.0018181 0.000625346 -0.00120705 -0.00255606 -0.00175199
internal_weight=0 10346.8 6557.73 5887.46 1516.97 4370.48 3078.4 3789.05 3453.89 1173.96 705.441 739.14 448.759 2202.19
internal_count=140621 138734 86731 77168 18826 58342 41092 52003 46536 14261 8379 11248 7049 30269
is_linear=0
shrinkage=0.0101079


Tree=37
num_leaves=15
num_cat=0
split_feature=27 23 29 2 30 3 29 15 13 15 13 2 3 20
split_gain=44.2631 67.0033 37.1504 30.346 39.8863 32.8693 21.369 22.9686 24.7754 49.8128 22.8659 20.6507 24.8489 19.2998
threshold=-0.43245348334312433 0.86069241166114818 -1.0000000180025095e-35 2.12937343120575 -0.56174489110708226 0.73047596216201793 -0.60785761475563038 3.4312249422073369 -0.021195940673351284 10.274508476257326 -0.078372038900852189 1.1851748228073122 0.5022544562816621 -4.3937475681304923
decision_type=2 2 2 2 2 2 2 2 2 2 2 2 2 2
left_child=1 2 -1 6 -5 -6 -2 13 9 10 -9 12 -4 -8
right_child=3 -3 11 4 5 -7 7 8 -10 -11 -12 -13 -14 -15
leaf_value=0.00055047752927765529 0.0045651960101763317 -4.9013923795556225e-05 0.0013838664764888845 0.0069796996694695274 -0.0024573074298354781 0.0043372765030798652 -0.0004433912107041462 0.0015074207527587052 0.00029415954083926069 0.0031721860561817112 -0.0028705754086991229 -0.0056829250260097136 -0.0038971738028245385 0.0029762698671895195
leaf_weight=201.68615995161235 108.49250679090619 2498.2888501994312 118.71786885149777 156.50639554485679 151.42059959284961 123.34963751211762 222.53604938276112 123.77210611477494 4584.9727261196822 194.40587521716952 870.41074161976576 429.18192614614964 261.65217535383999 495.10081102512777
leaf_count=2782 1341 33719 1368 1782 1844 1549 3114 1883 59230 2371 12293 6188 3660 7821
internal_value=0 -0.000956619 -0.00314197 0.000431649 0.00301407 0.00048429 0.000253476 0.000169903 -3.61603e-05 -0.00133797 -0.00227777 -0.00410798 -0.00214972 0.0018665
internal_weight=0 3509.53 1011.24 7030.97 431.277 274.77 6599.69 6491.2 5773.56 1188.59 994.183 809.552 380.37 717.637
internal_count=140945 47717 13998 93228 5175 3393 88053 86712 75777 16547 14176 11216 5028 10935
is_linear=0
shrinkage=0.0101079


Tree=38
num_leaves=15
num_cat=0
split_feature=28 27 29 0 2 30 2 11 2 11 3 33 29 27
split_gain=42.8831 49.4008 68.0875 44.0625 28.6632 43.1925 27.5555 35.7044 24.8628 23.5442 24.0471 22.4403 38.8165 24.9027
threshold=-0.71473535895347584 -0.20576497167348859 -1.0000000180025095e-35 1.0168019533157351 1.4002898931503298 1.0000000180025095e-35 0.79880532622337352 0.09809728711843492 0.77602940797805797 0.025121112354099754 0.74070098996162426 0.9590476155281068 0.87837970256805431 -0.05451125651597976
decision_type=2 2 2 2 2 2 2 2 2 2 2 10 2 2
left_child=9 2 -2 8 5 -3 -7 -8 -4 -1 11 -11 13 -13
right_child=1 4 3 -5 -6 6 7 -9 -10 10 -12 12 -14 -15
leaf_value=0.0027893234214609645 0.0015353870495886269 -0.0010158382217304942 -0.00017077448117982914 -0.00069904114998548179 0.0019472550852778943 0.0024675069427317611 -0.0016924989782307505 0.0033563489277259645 -0.004045983601242923 0.0017927787925810876 0.0030230516620843024 0.00018640124423820856 0.0028501154342427987 -0.0028930062516058629
leaf_weight=627.94933083280921 639.57539102621377 2193.728814298287 227.32090859673917 1244.1496551837772 842.18267688900232 807.1321309171617 501.23810084164143 189.94621045142412 1079.9138535037637 535.02988594956696 327.17400668933988 443.50359237194061 244.73372580856085 589.45964831858873
leaf_count=8240 8587 30343 2927 17029 9890 11106 6546 2463 15234 13092 4519 3616 2049 4897
internal_value=0 -0.000399693 -0.00136377 -0.00210876 0.000271012 -0.000103634 0.00120344 -0.000225555 -0.00340781 0.0010648 0.000531764 4.90815e-05 -0.000655886 -0.00154027
internal_weight=0 7725.19 3190.96 2551.38 4534.23 3692.05 1498.32 691.184 1307.23 2767.85 2139.9 1812.73 1277.7 1032.96
internal_count=140538 104125 43777 35190 60348 50458 20115 9009 18161 36413 28173 23654 10562 8513
is_linear=0
shrinkage=0.0101079


Tree=39
num_leaves=15
num_cat=0
split_feature=28 3 0 5 15 12 11 5 3 8 5 16 14 15
split_gain=41.2909 45.6104 30.8009 27.7004 24.9968 23.1848 20.8094 22.0562 18.7166 17.0987 16.3416 18.2282 16.0495 15.0905
threshold=-0.69930991530418385 0.46475630998611456 0.70119860768318187 1.890034079551697 23.577307701110843 0.063204318284988417 0.026443612761795524 -2.8858344554901119 0.74070098996162426 0.55252388119697582 0.26216906309127813 0.15464979410171512 -10.167014598846434 6.7805874347686776
decision_type=2 2 2 2 2 2 2 2 2 2 2 2 2 2
left_child=6 3 -3 4 10 -5 7 -1 9 -8 11 -2 -12 -4
right_child=1 2 13 5 -6 -7 8 -9 -10 -11 12 -13 -14 -15
leaf_value=-0.00055306195142677242 0.0035448284827523154 -0.0024750305387729534 0.00029325154459534453 -0.0018436551158373378 -0.0029787297418503475 0.0023470368633307431 0.00088234640568628155 0.0035766508558729344 0.0027168130556782981 -0.0011199958039400386 0.00047421906107839051 0.00031966881296104853 0.0042755696225456252 -0.0010005899235689196
leaf_weight=151.62606621533632 218.1825744304806 1073.1733480207622 1404.5036953333765 616.85041899606586 117.32927561365068 158.00544991530478 1150.6459114514291 528.24219970777631 334.35460644587874 684.55610900372267 200.86971289478242 1067.7008127942681 374.84726950712502 2450.6059077549726
leaf_count=1932 3347 16252 19142 8383 1692 1742 14926 6953 4597 9077 3205 14520 4692 30385
internal_value=0 -0.000371339 -0.000956379 0.000660754 0.00130235 -0.000922792 0.00105158 0.00260081 0.000540086 0.000111923 0.00160489 0.000915895 0.00304225 -0.000519082
internal_weight=0 7682.07 4928.28 2753.79 1978.93 774.856 2849.42 679.868 2169.56 1835.2 1861.6 1285.88 575.717 3855.11
internal_count=140845 103360 65779 37581 27456 10125 37485 8885 28600 24003 25764 17867 7897 49527
is_linear=0
shrinkage=0.0101079


Tree=40
num_leaves=15
num_cat=0
split_feature=28 27 2 30 2 7 13 30 2 23 13 0 23 9
split_gain=43.341 77.5569 30.247 37.8989 24.008 17.6721 46.8469 17.4547 16.946 24.4823 20.8256 15.9658 16.2009 16.7144
threshold=-0.24825246632099149 -0.20576497167348859 1.4510965347290041 1.0000000180025095e-35 1.1921317577362063 -3.2297352552413936 -0.012407009955495594 1.0000000180025095e-35 0.90254512429237377 0.61904931068420421 0.069130990654230132 1.0168019533157351 0.41744951903820043 0.28015619516372686
decision_type=2 2 2 2 2 2 2 2 2 2 2 2 2 2
left_child=-1 5 3 -3 11 -2 -7 -4 -8 -10 -11 12 -5 -14
right_child=1 2 7 4 -6 6 8 -9 9 10 -12 -13 13 -15
leaf_value=0.00070794883011629766 -0.0034023584407566233 -0.0010524477990785455 0.0039886312849810078 -0.0009399781713804701 -0.0024060359292748701 0.0042328665848809172 0 0.00036487498784743634 -0.005593861591146874 -0.00088462338927570202 -0.0051858880473916969 -0.0014404553120494069 0.0036186162111776971 0.00024617673102495728
leaf_weight=4711.113424602896 725.94172775000334 1754.3917813170701 317.6031346116215 120.6570584718138 145.17504420876503 126.68369236774743 312.23523815535009 282.39574799314141 219.68655804730952 714.02197430282831 141.15677528828382 118.44723455049098 612.18181606382132 234.91662146896124
leaf_count=62079 10660 24181 3636 1474 1855 1682 3753 3454 3235 9985 1848 1416 8527 3246
internal_value=0 -0.000594822 0.000317485 -8.7599e-05 0.00125239 -0.00206955 -0.00138992 0.00237573 -0.00195283 -0.00255205 -0.00168113 0.00179175 0.00223705 0.00274131
internal_weight=0 5825.49 3585.77 2985.77 1231.38 2239.73 1513.78 599.999 1387.1 1074.87 855.179 1086.2 967.755 847.098
internal_count=141031 78952 47789 40699 16518 31163 20503 7090 18821 15068 11833 14663 13247 11773
is_linear=0
shrinkage=0.0101079


Tree=41
num_leaves=15
num_cat=0
split_feature=27 28 29 11 21 29 2 30 3 30 28 13 11 29
split_gain=43.6201 63.9871 42.5631 28.3344 26.8713 22.2413 21.1266 36.8207 23.4782 22.8954 23.4826 19.8978 20.6053 16.786
threshold=-0.41268247365951533 -0.20576497167348859 -1.0000000180025095e-35 0.017444247379899028 -0.18336419016122815 1.0000000180025095e-35 2.0736768245697026 -0.56174489110708226 0.73047596216201793 -0.56174489110708226 0.96863394975662243 -0.075893316417932496 0.0086098322644829767 0.6078576147556306
decision_type=2 2 2 2 2 2 2 2 2 2 2 2 2 2
left_child=1 5 4 -4 -3 -1 9 -8 -9 10 -2 -11 -13 -14
right_child=6 2 3 -5 -6 -7 7 8 -10 11 -12 12 13 -15
leaf_value=0.0019788373283044906 -6.1024325272692336e-05 -0.0017370512426836541 0.00016319913008128902 -0.0035133261378456717 0.0034425584872838887 -0.00037133230240845043 0.0061703651713167322 -0.0021990265838313966 0.0033893142522343597 0.0043211081333353017 -0.0033239638150105938 0.0030544504829605541 0.0013895241896354842 -7.123186693305438e-05
leaf_weight=664.19357476010919 2255.1587496455759 193.70319559238851 231.4628343321383 1272.3578524347395 191.48843594454229 1003.8301994148642 173.07761053554714 160.57485337369144 131.45489930920303 155.58165156655014 246.52753407694399 331.57510838657618 1182.981359841302 2327.2786338571459
leaf_count=8734 30235 2486 3321 17831 2746 13315 1973 1973 1652 2385 3335 4432 15313 31046
internal_value=0 -0.000877474 -0.00215209 -0.00292269 0.000751625 0.000545068 0.000496725 0.00257344 0.000203629 0.000339037 -0.000407841 0.00081645 0.000655716 0.000411487
internal_weight=0 3557.04 1889.01 1503.82 385.192 1668.02 6964.21 465.107 292.03 6499.1 2501.69 3997.42 3841.84 3510.26
internal_count=140777 48433 26384 21152 5232 22049 92344 5598 3625 86746 33570 53176 50791 46359
is_linear=0
shrinkage=0.0101079


Tree=42
num_leaves=15
num_cat=0
split_feature=27 22 29 11 21 29 15 13 15 14 29 27 3 3
split_gain=42.8202 51.7914 62.5434 33.3439 19.2416 16.971 19.6708 21.6008 48.2941 33.852 32.1955 28.7541 17.2554 16.4517
threshold=-0.43245348334312433 -0.35889291763305659 -1.0000000180025095e-35 0.017444247379899028 -0.37017333507537836 -0.60785761475563038 3.4976252317428593 -0.019022347405552861 10.193215847015383 -18.104409217834469 0.6078576147556306 0.69930991530418407 0.90230655670166027 0.32499541342258459
decision_type=2 2 2 2 2 2 2 2 2 2 2 2 2 2
left_child=1 2 4 -4 -1 -2 -7 8 9 10 -8 -10 -9 -11
right_child=5 -3 3 -5 -6 6 7 12 11 13 -12 -13 -14 -15
leaf_value=-0.00062654516501067499 0.0040450335704269157 3.803426369997634e-05 0.00031302880427346632 -0.0043402709251319565 0.0047614330791968165 0.00186355565290571 -0.0013805701079498702 0.00040150271885408263 0.0062947706533796064 -1.6130620624272927e-05 0.0058907747967977351 -0.0003751482297938825 0.003909092598694811 -0.003546053663075502
leaf_weight=114.83062474802136 129.03720951266587 2216.2692302409559 170.54729303903878 883.24951898679137 122.21360587328672 830.43811913020909 143.48453338630497 4585.3345905616879 125.17651852965355 198.27806602790952 92.657918890938163 108.67013490572572 144.09165723621845 660.50614073127508
leaf_count=1489 1658 29848 2444 12178 1717 12357 2213 59033 1459 2832 1446 1360 1920 8889
internal_value=0 -0.000883077 -0.00248667 -0.00355219 0.00204771 0.000483149 0.000406153 0.000197607 -0.000926772 -0.001842 0.00140155 0.00311361 0.000523044 -0.00278512
internal_weight=0 3507.11 1290.84 1053.8 237.044 7017.67 6888.64 6058.2 1328.77 1094.93 236.142 233.847 4729.43 858.784
internal_count=140843 47676 17828 14622 3206 93167 91509 79152 18199 15380 3659 2819 60953 11721
is_linear=0
shrinkage=0.0101079


Tree=43
num_leaves=15
num_cat=0
split_feature=28 27 29 0 2 30 2 11 16 12 12 4 17 13
split_gain=42.092 46.0383 56.8585 50.9181 31.0795 36.5263 24.7358 23.369 22.8146 20.664 20.5447 20.4203 19.8891 19.6371
threshold=-0.69930991530418385 -0.20576497167348859 -1.0000000180025095e-35 1.0168019533157351 1.4002898931503298 1.0000000180025095e-35 0.77602940797805797 0.025121112354099754 0.85051745176315319 0.028443159535527233 1.0000000180025095e-35 1.6784976124763491 14.500000000000002 0.046233462169766433
decision_type=2 2 2 2 2 2 2 2 2 2 2 2 2 2
left_child=7 2 -2 6 5 8 -4 -1 -3 10 -7 -8 -12 -11
right_child=1 4 3 -5 -6 9 11 -9 -10 13 12 -13 -14 -15
leaf_value=0.0027259636236295023 0.0013215092531638673 -0.0003967944939953107 -0.00017914631905981148 -0.0004784196758380485 0.0020042182307395207 0.00079961984810053642 -0.0045676236212458705 0.00051889691265787259 -0.002919059355658555 -0.0016820877042681532 0 -5.1092132235326379e-05 0.0056416872708808033 0.0030953177110456817
leaf_weight=653.29737116768956 634.61931493319571 1708.5691404789686 227.92074660025537 1206.4332819711417 838.30260325223207 675.4439043700695 941.87166552245617 2207.1651611998677 480.12351583503187 386.52828996814787 104.5925571564585 135.27105061523616 223.30023296922445 102.16873665899038
leaf_count=8562 8511 24572 2938 16536 9833 9583 13461 29063 5656 4971 1386 1799 2937 1164
internal_value=0 -0.000392234 -0.00133161 -0.00202007 0.000253949 -0.000137025 -0.00340328 0.001043 -0.000976753 0.00106648 0.00190165 -0.00404211 0.00398126 -0.00056947
internal_weight=0 7665.15 3146.12 2511.5 4519.03 3680.73 1305.06 2860.46 2188.69 1492.03 1003.34 1077.14 327.893 488.697
internal_count=140972 103347 43245 34734 60102 50269 18198 37625 30228 20041 13906 15260 4323 6135
is_linear=0
shrinkage=0.0101079


Tree=44
num_leaves=15
num_cat=0
split_feature=28 3 29 28 27 3 2 29 5 15 18 13 13 6
split_gain=41.6502 46.632 35.1078 29.9469 33.1376 31.5265 24.0076 23.6939 19.6302 25.7194 27.5535 19.1583 18.43 17.3974
threshold=-0.69930991530418385 0.47562648355960851 -0.60785761475563038 -0.18436925113201139 -1.0000000180025095e-35 0.51804471015930187 1.4002898931503298 -1.0000000180025095e-35 2.0202469825744633 24.250505447387699 9.5000000000000018 0.038836883381009109 0.046864882111549384 4.1642313003540048
decision_type=2 2 2 2 2 2 2 2 2 2 2 2 2 2
left_child=-1 8 -3 5 7 -4 -6 13 9 10 -2 -8 -10 -5
right_child=1 2 3 4 6 -7 11 -9 12 -11 -12 -13 -14 -15
leaf_value=0.0010548550116622954 -0.00096384942743204388 0.0044435967576442244 -0.0041237929653169811 -0.0015696546154803297 -0.0013897352662099016 0.00058905939905091803 0.0029899415961674703 -0.0030255964305130885 -0.0019718228169773732 -0.0034397412122171207 0.0019790933537518368 -0.001387439718384289 0.0011423751281092538 0.003362277456985112
leaf_weight=2857.2291059456766 379.38922719284892 108.02836967632174 155.26094869710505 226.67435909435153 834.35975166596472 1298.2594771124423 292.60117576643825 1596.8705172333866 475.8953459225595 106.87184219993651 1644.812755709514 134.70183163136244 301.12838117964566 98.53172199241817
leaf_count=37578 5478 1400 1904 3043 10790 16925 3258 23208 6758 1591 22243 1720 3421 1519
internal_value=0 -0.000373534 -0.000993892 -0.00113638 -0.00168449 3.90176e-05 -0.000370241 -0.00252132 0.000624797 0.00113267 0.00140603 0.00151678 -0.000713958 0
internal_weight=0 7653.39 4745.29 4637.26 3183.74 1453.52 1261.66 1922.08 2908.1 2131.07 2024.2 427.303 777.024 325.206
internal_count=140836 103258 63767 62367 43538 18829 15768 27770 39491 29312 27721 4978 10179 4562
is_linear=0
shrinkage=0.0101079


Tree=45
num_leaves=15
num_cat=0
split_feature=27 29 0 28 29 27 2 15 3 4 20 7 2 6
split_gain=38.4423 48.8589 32.0949 24.1809 35.4895 42.6925 27.9436 28.5539 27.5759 25.6329 20.65 20.0842 19.8097 18.5522
threshold=-0.71473535895347584 -1.0000000180025095e-35 1.0092659592628481 0.6835516393184663 -0.60785761475563038 -0.09801131114363669 1.8299531340599062 16.134447097778324 0.40139877796173101 -0.12265790998935698 -0.12302605807781218 5.8648712635040292 0.77602940797805797 -2.9727488756179805
decision_type=2 2 2 2 2 2 2 2 2 2 2 2 2 2
left_child=1 -1 12 13 -5 10 7 8 9 -7 -6 -12 -3 -2
right_child=3 2 -4 4 5 6 -8 -9 -10 -11 11 -13 -14 -15
leaf_value=0.0015964229733414007 0.0017661372615936288 0.00022498160986552377 -0.00065539073948369872 0.0041963025560811306 -0.00050688752316908078 -0.00019226343514890538 0.00441961689591125 -0.0030117137149630884 -0.00088182316654168897 0.0044341402633472603 -0.0069976215630961148 -0.0019013872022809297 -0.0038610362481792766 0.00036810104198135564
leaf_weight=533.35512499138713 1299.9605781044811 121.1723534502089 1191.7744231447577 142.85560890473425 234.37731264159083 202.96885746344924 127.97924460284412 321.2929519880563 686.64839401654899 248.12137123756111 182.51021561212838 197.55546404793859 758.23265692777932 4256.5377426277846
leaf_count=7122 17768 1512 16331 1858 3504 2877 1612 4076 9120 3521 2558 2491 10733 55457
internal_value=0 -0.00107573 -0.00178666 0.0003384 -0.000511414 -0.000848681 5.67529e-06 -0.000374867 0.000349518 0.00229563 -0.00309345 -0.00454268 -0.00325528 0.000704429
internal_weight=0 2604.53 2071.18 7900.81 2344.31 2201.45 1587.01 1459.03 1137.74 451.09 614.443 380.066 879.405 5556.5
internal_count=140540 35698 28576 104842 31617 29759 21206 19594 15518 6398 8553 5049 12245 73225
is_linear=0
shrinkage=0.0101079


Tree=46
num_leaves=15
num_cat=0
split_feature=28 27 29 3 11 11 15 15 20 1 3 16 15 7
split_gain=45.0546 61.7634 56.1494 26.006 23.274 21.3363 20.7377 21.1619 19.1891 30.3816 23.287 37.6735 33.162 29.8049
threshold=-0.22706275433301923 -0.20576497167348859 -1.0000000180025095e-35 0.74696034193038952 0.017444247379899028 0.02911349851638079 4.7984812259674081 22.533465385437015 -2.9920455217361446 1.0139619112014773 0.41572938859462744 0.15464979410171512 8.1419291496276873 1.0000000180025095e-35
decision_type=2 2 2 2 2 2 2 2 2 2 2 2 2 2
left_child=5 2 3 -2 -4 -1 -7 -8 9 -3 11 -10 -12 -14
right_child=1 8 4 -5 -6 6 7 -9 10 -11 12 -13 13 -15
leaf_value=0.0019540145081387902 0.0037585217261815605 0.004863572480447941 0 -0.00094744201268864251 -0.0031998521192314533 0.0018952226138769668 -0.00036156503528793512 0.0021673892855383955 0.0062988301319253136 -0.00072074965416219297 -0.0028696996412976737 0.0004275656745898037 0.0034108233601863867 -0.00064171800967681295
leaf_weight=1243.1791888698936 215.07840597257018 215.70341109856963 265.44511590525508 233.88985392637551 1452.1995851658285 733.98205880261958 2401.3147581573576 385.58443238772452 116.16407174803317 156.53089993074536 528.49299604073167 1429.0823531690985 224.95689052715898 886.0165622793138
leaf_count=16558 2561 3002 3834 3456 20487 10458 30776 5082 1955 1817 7720 19840 2450 10579
internal_value=0 -0.000517305 -0.00186205 0.0012434 -0.00269916 0.000811324 0.000393023 0 0.000292681 0.00244136 2.36174e-05 0.000923808 -0.000800601 0.000160335
internal_weight=0 5723.56 2166.61 448.968 1717.64 4764.06 3520.88 2786.9 3556.95 372.234 3184.71 1545.25 1639.47 1110.97
internal_count=140575 77701 30338 6017 24321 62874 46316 35858 47363 4819 42544 21795 20749 13029
is_linear=0
shrinkage=0.0101079


Tree=47
num_leaves=15
num_cat=0
split_feature=28 3 13 15 5 15 15 13 3 13 12 5 15 6
split_gain=36.9894 40.7676 25.4403 26.1391 23.8313 25.405 21.6099 30.5581 24.6975 21.2962 20.8799 18.9687 24.8453 18.5933
threshold=-0.69930991530418385 0.46475630998611456 -0.025589214637875553 3.4312249422073369 2.0202469825744633 23.577307701110843 6.6354515552520761 0.01832931395620108 0.96817117929458629 -0.083856664597988115 0.063204318284988417 0.33867850899696356 8.3477387428283709 4.388620376586915
decision_type=2 2 2 2 2 2 2 2 2 2 2 2 2 2
left_child=-1 4 3 -3 5 9 7 8 -4 -2 -6 -11 -13 -5
right_child=1 2 6 13 10 -7 -8 -9 -10 11 -12 12 -14 -15
leaf_value=0.00099891003698414534 0.0053227815981468909 -7.4640198044027999e-05 -0.00067337066481744346 -0.0042895333922374343 -0.0018150860699062707 -0.0030923879002180119 -0.00097462324569475857 0.0060640402318453291 0.0033166136597424416 0.00040115012892955119 0.0022417764268114608 -0.00020332816556170873 0.0041334601143446469 5.4720134256512955e-05
leaf_weight=2850.7772067971528 136.64780191145837 370.39227402582765 761.73238933831453 543.02856141142547 578.14995818026364 119.26952680014074 2866.6362573560327 91.133850753307343 190.99725861288607 1209.5609566550702 152.03498127870262 179.07358036190271 382.46216195821762 100.6606576628983
leaf_count=37457 1976 5405 10865 6990 7873 1735 37251 1199 3025 16775 1684 2716 4882 1214
internal_value=0 -0.000347566 -0.000901434 -0.0023337 0.000626798 0.00119839 -0.000515857 0.00070341 0.000104348 0.00149904 -0.000901047 0.00115968 0.00269512 -0.00355532
internal_weight=0 7681.78 4924.58 1014.08 2757.2 2027.01 3910.5 1043.86 952.73 1907.74 730.185 1771.1 561.536 643.689
internal_count=141047 103590 65949 13609 37641 28084 52340 15089 13890 26349 9557 24373 7598 8204
is_linear=0
shrinkage=0.0101079


Tree=48
num_leaves=15
num_cat=0
split_feature=27 28 3 20 16 16 20 21 15 21 14 13 20 30
split_gain=35.9978 61.2293 28.8155 19.704 21.4915 42.245 27.8976 31.565 30.5284 34.1111 41.8442 36.7309 26.9262 31.2351
threshold=-0.47136868536472315 -0.20576497167348859 0.48584090173244482 -2.9262808561325069 0.15464979410171512 0.37475676834583288 -0.7342797815799712 5.215367555618287 10.274508476257326 -0.30378955602645868 -6.8334546089172354 -0.0077524371445178977 1.8026925921440127 1.0000000180025095e-35
decision_type=2 2 2 2 2 2 2 2 2 2 2 2 2 2
left_child=1 -1 -3 -2 -5 -6 -7 8 12 -10 -11 -12 13 -8
right_child=3 2 -4 4 5 6 7 -9 9 10 11 -13 -14 -15
leaf_value=0.00059414174673779103 0.0017634989193300221 0.0011643406612119917 -0.0026076800651362768 0.0030251459887193355 -0.0017557706865078619 -0.001216362791594617 -0.0001287236043383094 -0.00022162618317263474 0.008138759278595779 -0.001710746088139206 0.0079918989144052571 0.0020973816129732409 -0.0016808049389602847 0.0041920362456521571
leaf_weight=1534.0956898517907 938.39082180336118 217.27148414216936 1593.4705023504794 253.63104363530874 1065.1228010561317 819.64800437353551 407.31621941737831 1703.1451242640615 103.11336875148118 224.64244799874723 128.46631222963333 818.39944330602884 416.58284443058074 266.66201509349048
leaf_count=20381 12662 2362 23038 4390 15529 11002 5398 20699 1153 3401 1426 10030 5691 3370
internal_value=0 -0.000869895 -0.00212981 0.0003994 0.000184734 5.32055e-05 0.000457789 0.000806663 0.00156252 0.00262402 0.00205474 0.00299706 0.000275378 0.00154918
internal_weight=0 3344.84 1810.74 7145.12 6206.73 5953.1 4887.98 4068.33 2365.18 1274.62 1171.51 946.866 1090.56 673.978
internal_count=140532 45781 25400 94751 82089 77699 62170 51168 30469 16010 14857 11456 14459 8768
is_linear=0
shrinkage=0.0101079


Tree=49
num_leaves=15
num_cat=0
split_feature=28 3 29 0 27 3 16 13 29 29 0 28 3 29
split_gain=40.4742 43.6342 31.4102 31.3167 21.5129 28.0013 19.5426 14.7334 31.7181 27.6847 26.348 24.2794 23.9 13.3119
threshold=-0.69930991530418385 0.46475630998611456 -0.60785761475563038 0.70119860768318187 -1.0000000180025095e-35 0.61273014545440685 0.15464979410171512 -0.021195940673351284 0.87837970256805431 0.6078576147556306 0.96587172150611889 0.83743050694465648 0.3404518067836762 1.0000000180025095e-35
decision_type=2 2 2 2 2 2 2 2 2 2 2 2 2 2
left_child=-1 6 -3 4 -4 -6 -2 9 10 -8 11 -9 -11 -5
right_child=1 2 3 13 5 -7 7 8 -10 12 -12 -13 -14 -15
leaf_value=0.00099454961313994459 0.0032597737064637431 0.0041019166596260974 -0.0037335345029534945 5.1435573397811062e-05 -0.0026339648354178164 0.0033168946751112051 -0.0027037397478212205 0.0030826254312705604 -0.0016166101610951599 0.004657380522644943 -0.0014462780408382979 0 -0.0011267826925654124 -0.001153357156754041
leaf_weight=2846.5781730841845 250.46745177544653 110.23379037156701 681.49418439902365 1459.6126290503889 220.5762252677232 114.81517582386732 388.03492683172226 825.28488556668162 415.09175859764218 121.57455050013959 236.02084077522159 367.8467755522579 144.69873965717852 2328.8793202582747
leaf_count=37414 3959 1424 10304 18257 3426 1806 5887 11147 5554 1775 2825 4754 1658 30651
internal_value=0 -0.000414914 -0.000987807 -0.0011193 -0.00270159 -0.000450258 0.000594701 0.000302267 0.000776345 -0.00096634 0.00150445 0.00212736 0.00142247 -0.000679342
internal_weight=0 7664.63 4915.61 4805.38 1016.89 335.391 2749.02 2498.55 1844.24 654.308 1429.15 1193.13 266.273 3788.49
internal_count=140841 103427 65868 64444 15536 5232 37559 33600 24280 9320 18726 15901 3433 48908
is_linear=0
shrinkage=0.0101079


Tree=50
num_leaves=15
num_cat=0
split_feature=28 3 29 5 21 17 29 13 17 13 16 0 21 15
split_gain=39.5219 57.9373 29.5633 20.6099 23.4515 19.4748 19.7389 18.5364 18.109 26.9675 24.4092 43.2417 28.4393 28.3908
threshold=-0.18436925113201139 0.51095253229141246 -0.60785761475563038 -4.3254423141479483 -10.558845043182371 53.500000000000007 1.0000000180025095e-35 -0.0068830221425741902 58.500000000000007 0.020738831721246246 0.58661323785781871 1.1841627955436709 5.404790163040162 22.533465385437015
decision_type=2 2 2 2 2 2 2 2 2 2 2 2 2 2
left_child=8 -2 -3 4 -4 6 7 -5 10 -10 11 -1 -12 -14
right_child=1 2 3 5 -6 -7 -8 -9 9 -11 12 -13 13 -15
leaf_value=-0.0027970420754037028 0.00055286541191887947 0.0036833844299948631 -0.0035921516262752843 0.0041329265602830113 0.0015937887058137742 -0.0030604594191564372 -0.0020881356642189377 -0.00056100363987971055 0.0022457378924875086 -0.00071072857009800883 0.0021732345958479279 0.0011046744373562954 -0.0012420971872697446 0.0021400230758442341
leaf_weight=602.884740665555 2561.5471568461508 96.43000378087163 110.75231820344925 101.68562925606966 341.21945549547672 1135.474795974791 847.41644143685699 360.4713473841548 1298.7317361906171 386.770975606516 953.19995592534542 528.91394732147455 797.88850746490061 360.00127676874399
leaf_count=8778 34285 1256 1599 1341 4688 16659 10947 4690 17069 5240 12269 7481 9468 4613
internal_value=0 -0.000550755 -0.00150764 -0.0017036 0.000196346 -0.00207083 -0.00116926 0.000435935 0.000691412 0.00154325 0.000233621 -0.000942957 0.000884648 -0.000148682
internal_weight=0 5555 2993.45 2897.02 451.972 2445.05 1309.57 462.157 4928.39 1685.5 3242.89 1131.8 2111.09 1157.89
internal_count=140383 75465 41180 39924 6287 33637 16978 6031 64918 22309 42609 16259 26350 14081
is_linear=0
shrinkage=0.0101079


Tree=51
num_leaves=15
num_cat=0
split_feature=27 28 20 16 16 20 16 33 16 20 13 11 22 3
split_gain=35.2962 65.7447 21.2641 22.2562 33.4179 26.7904 26.3006 27.7101 29.8306 43.5727 40.308 21.0075 21.4964 21.4209
threshold=-0.41268247365951533 0.39271505177021032 -2.6267926692962642 0.15464979410171512 0.37909406423568731 -0.7342797815799712 0.838109850883484 1.0359913706779482 0.67170393466949474 1.8026925921440127 -0.010515581350773571 0.021722780540585521 -0.13806870579719541 0.66889655590057384
decision_type=2 2 2 2 2 2 2 8 2 2 2 2 2 2
left_child=1 11 -2 -4 -5 -6 7 8 9 10 -7 13 -13 -1
right_child=2 -3 3 4 5 6 -8 -9 -10 -11 -12 12 -14 -15
leaf_value=0.0052918086497627179 0.0017360173896024545 -0.0032620311797573413 0.0032193855767331156 -0.0016244528432296896 -0.0013469849607734034 0.0064307489495619282 -0.00025015002067413567 -0.00016382137946390976 0.0036199631313762102 -0.0019020647787571243 0.00040225057877462219 -0.0019440936070974242 0.00018117021424439284 0.0004422312029210186
leaf_weight=125.16036901809275 1023.3738112263381 861.76376573927701 224.74645377323031 1019.3544827252626 741.67943552695215 180.2829759567976 1603.7062208652496 736.79196066968143 755.53703045099974 344.20312010496855 328.99895672500134 704.52959739230573 1441.7998062334955 394.56304174661636
leaf_count=1523 13873 12201 3900 14895 9934 1480 18869 17539 6235 2835 2733 9491 19334 5641
internal_value=0 -0.000847513 0.000392189 0.000151738 1.97878e-05 0.000387743 0.000725711 0.00140871 0.00215122 0.000783439 0.00267809 -4.48229e-05 -0.00050206 0.00174659
internal_weight=0 3527.82 6958.67 5935.3 5710.55 4691.2 3949.52 2345.81 1609.02 853.485 509.282 2666.05 2146.33 519.723
internal_count=140483 48190 92293 78420 74520 59625 49691 30822 13283 7048 4213 35989 28825 7164
is_linear=0
shrinkage=0.0101079


Tree=52
num_leaves=15
num_cat=0
split_feature=28 3 5 15 0 11 12 5 13 13 3 33 33 30
split_gain=32.1099 30.905 27.8867 26.7377 26.0036 24.8368 21.6222 20.8457 25.8008 24.8188 20.6828 22.457 20.3407 19.8999
threshold=-0.71473535895347584 0.46475630998611456 2.0202469825744633 24.250505447387699 0.70119860768318187 0.025121112354099754 0.063204318284988417 0.22632977366447452 -0.083856664597988115 -0.022241428494453427 0.74070098996162426 0.9590476155281068 2.0062500238418584 1.0000000180025095e-35
decision_type=2 2 2 2 2 2 2 2 2 2 2 10 8 2
left_child=5 2 3 7 -3 -1 -4 8 -2 -9 11 -7 -11 -13
right_child=1 4 6 -5 -6 10 -8 9 -10 12 -12 13 -14 -15
leaf_value=0.002677740605460748 0.0051737934509053221 -0.002226449792351239 -0.0020759158924461333 -0.0035556628674574017 -0.00042191960405027441 0.0016695565390410561 0.002033481679737941 0 0.00014709832720393153 0.0058023908586325489 0.002697067507541472 0.00019520136090633248 0.00055194469457134625 -0.0023392902190936386
leaf_weight=637.66859972290695 109.16759764403105 1059.096187133342 578.69642147235572 105.98222457431257 3893.5543529521674 537.94518958032131 152.55079586803913 220.10821885056794 1187.2291973102838 291.31824789196253 325.18323619291186 770.72645817697048 127.15692666359246 500.05241675674915
leaf_count=8286 1530 16175 7886 1584 50163 13113 1680 3310 16378 2441 4457 6338 2978 4148
internal_value=0 -0.000337788 0.000506884 0.00112296 -0.000818805 0.000928955 -0.00115166 0.00141303 0.00062925 0.0029153 0.000379779 -2.41229e-05 0.00434051 -0.000778456
internal_weight=0 7724.86 2772.21 2040.96 4952.65 2771.58 731.247 1934.98 1296.4 638.583 2133.91 1808.72 418.475 1270.78
internal_count=140467 104125 37787 28221 66338 36342 9566 26637 17908 8729 28056 23599 5419 10486
is_linear=0
shrinkage=0.0101079


Tree=53
num_leaves=15
num_cat=0
split_feature=27 23 29 20 1 12 13 3 29 16 16 15 20 30
split_gain=28.1735 54.9227 34.2866 19.197 18.1298 17.8284 22.0202 21.5392 21.5377 19.6196 21.9246 32.6427 22.5452 23.042
threshold=-0.39271505177021021 0.85151809453964245 -1.0000000180025095e-35 -2.9920455217361446 0.88646492362022411 0.064232476055622115 -0.075893316417932496 0.58232355117797863 1.0000000180025095e-35 0.94343119859695446 0.37475676834583288 3.4312249422073369 -1.0065717697143552 1.0000000180025095e-35
decision_type=2 2 2 2 2 2 2 2 2 2 2 2 2 2
left_child=1 2 -1 4 -2 6 8 -7 -5 10 11 -8 -12 -14
right_child=3 -3 -4 5 -6 7 9 -9 -10 -11 12 -13 13 -15
leaf_value=0.00079087189507592252 0.003625625626556083 3.4648944870997217e-05 -0.0036620438332122265 -0.00041966560673992019 0.00050644398781960766 0.0026872838407449016 0.0015429740421425357 0 0.0055729026838638096 -0.0029214443245691125 -0.0013605078284148265 -0.0024197084118369725 0 0.0019205803179942469
leaf_weight=204.69350448437035 332.1595198456198 2590.4363310560584 805.92985988222063 89.79171697050333 524.58205272257328 563.20178195089102 271.03137126937509 665.91775996796787 126.36599775590003 261.31514088436961 643.24577058851719 785.48495377413929 1631.9141931738704 1011.2892619855702
leaf_count=2833 4808 34939 11325 1520 6740 6798 4481 7821 1766 2990 8606 11494 21680 12825
internal_value=0 -0.000731667 -0.0027212 0.000370046 0.00178394 0.000161127 -0.000108769 0.00124651 0.00297321 -0.000266921 -9.30456e-05 -0.00136132 0.000304589 0.000727832
internal_weight=0 3601.06 1010.62 6906.3 856.742 6049.56 4820.44 1229.12 216.158 4604.28 4342.97 1056.52 3286.45 2643.2
internal_count=140626 49097 14158 91529 11548 79981 65362 14619 3286 62076 59086 15975 43111 34505
is_linear=0
shrinkage=0.0101079


Tree=54
num_leaves=15
num_cat=0
split_feature=27 23 29 2 3 2 30 3 30 3 11 2 2 3
split_gain=42.0087 50.9045 34.2345 24.35 19.2057 18.2838 38.4411 27.9181 20.1354 31.7377 19.7867 18.0136 17.555 36.0587
threshold=-0.49049438536167139 0.87010741233825695 -1.0000000180025095e-35 1.207993805408478 0.52379813790321361 2.0736768245697026 -0.56174489110708226 0.73047596216201793 1.0000000180025095e-35 0.22935494035482409 0.0063770986162126073 0.46924585103988653 1.1573472023010256 0.39906208217144018
decision_type=2 2 2 2 2 2 2 2 2 2 2 2 2 2
left_child=1 2 -1 4 -4 8 -7 -8 12 -10 -11 -12 -2 -14
right_child=5 -3 3 -5 -6 6 7 -9 9 10 11 -13 13 -15
leaf_value=0.00079680804683788392 -0.00048812952913623663 -3.7233814750622845e-05 0.0012283659199775381 -0.0055549654187723851 -0.0033830731659572569 0.0059770782167493722 -0.0025292089033571077 0.0033657858886772555 0.0057362005786607481 0.0039303286848410678 0.0037068278611104249 0.00024470377624547321 0.0053534766761389732 0.0001360340487522187
leaf_weight=192.27241636067629 2936.6430935841054 2344.4004097338766 126.3377970457077 395.12006228975952 238.70947574079037 182.80868499539793 168.88992049358785 144.65614944137633 133.90753951109946 182.76139124296606 160.69564819894731 2322.019123679027 159.58288097195327 807.91353978589177
leaf_count=2683 40637 31669 1458 5862 3420 2083 2080 1815 2131 2402 2162 30285 1876 9944
internal_value=0 -0.000857745 -0.00281887 -0.00378498 -0.00168598 0.000517526 0.00238972 7.97387e-05 0.000370306 0.00102448 0.000756926 0.000495729 -8.94902e-05 0.00107332
internal_weight=0 3296.84 952.44 760.167 365.047 7199.88 496.355 313.546 6703.52 2799.38 2665.48 2482.71 3904.14 967.496
internal_count=140507 45092 13423 10740 4878 95415 5978 3895 89437 36980 34849 32447 52457 11820
is_linear=0
shrinkage=0.0101079


Tree=55
num_leaves=15
num_cat=0
split_feature=28 3 5 13 13 12 15 13 3 16 30 14 2 10
split_gain=31.2077 36.8871 25.999 26.5494 24.7784 23.6358 23.4648 25.3034 26.491 25.8681 24.3459 29.4694 27.2648 22.0696
threshold=-0.69930991530418385 0.46475630998611456 2.0202469825744633 -0.083856664597988115 -0.025589214637875553 0.063204318284988417 6.6354515552520761 0.017905761487782005 0.8723888397216798 0.21679066866636279 1.0000000180025095e-35 -10.167014598846434 0.79411035776138317 0.12505491822957995
decision_type=2 2 2 2 2 2 2 2 2 2 2 2 2 2
left_child=-1 2 3 -2 13 -4 7 8 10 -10 11 -6 -12 -3
right_child=1 4 5 -5 6 -7 -8 -9 9 -11 12 -13 -14 -15
leaf_value=0.00088058161723207076 0.0053370210190817223 -0.0038617419195622377 -0.0019954799183686503 0.00081734011635154868 0.00024096845716526361 0.0023062313101604912 -0.00098354275290928202 0.0054728237657822535 0 0.0054959078782518935 0.0042755057813466252 -0.0057317995280974652 -0.0015584137461886604 -0.00073900989041125503
leaf_weight=2865.4100639335811 141.15706815198064 484.81544313766062 578.1090928427875 1875.1215090509504 136.20568861626089 153.50619668513536 2844.5882591698319 98.256235986948013 174.36396658234298 150.57004132680595 135.03224032372236 170.0101955793798 173.27977911196649 517.8493952061981
leaf_count=37426 2039 6246 7840 25940 2032 1684 37047 1265 2495 2295 1972 2496 2456 7285
internal_value=0 -0.000354932 0.000572025 0.0011727 -0.000884721 -0.00102363 -0.000503234 0.000772214 0.000197684 0.00253408 -0.000988532 -0.00300481 0.000910062 -0.00230679
internal_weight=0 7632.87 2747.89 2016.28 4884.97 731.615 3882.31 1037.72 939.462 324.934 614.528 306.216 308.312 1002.66
internal_count=140518 103092 37503 27979 65589 9524 52058 15011 13746 4790 8956 4528 4428 13531
is_linear=0
shrinkage=0.0101079


Tree=56
num_leaves=15
num_cat=0
split_feature=28 27 29 28 11 3 8 0 8 23 14 16 3 3
split_gain=34.9223 37.6532 70.9308 31.3887 23.2456 22.0742 20.949 19.9973 18.8485 17.2406 17.2906 15.8968 18.549 18.233
threshold=-0.69930991530418385 -0.11969653144478797 -1.0000000180025095e-35 0.39271505177021032 0.015293610747903587 0.74696034193038952 0.5174669921398164 1.2314120531082156 0.22664233297109607 1.6801126003265383 -13.771018981933592 0.15933667868375781 0.58232355117797863 0.65978193283081066
decision_type=2 2 2 2 2 2 2 2 2 2 2 2 2 2
left_child=6 2 5 4 -4 -2 -1 -6 -5 10 -7 12 -3 -13
right_child=1 11 3 8 7 9 -8 -9 -10 -11 -12 13 -14 -15
leaf_value=0.0016981311665565009 0.0036069643577259268 0.0035275656089007288 0.0019853203475945231 -0.0045120614352215519 -0.0026558810456598424 -0.004953758142061046 -3.7723734612988141e-05 -0.00015480913145310448 -0.0014947590443222425 0.0036138710031855168 0.00032229824059976998 -0.00020314034300954948 -0.00070782018278990188 0.0016575268824979483
leaf_weight=1738.9884616807103 329.33035257272422 299.50440181978047 217.8159568682313 579.29141801781952 698.97906865365803 84.974226908758283 1121.345242317766 677.46670383401215 426.23405018076301 87.159644056111574 160.5677979234606 3292.7303586341441 136.08027694374323 632.14077432081103
leaf_count=22527 3942 4706 3100 8155 9391 1185 14883 9369 6181 1205 2537 43929 1879 7427
internal_value=0 -0.000302329 -0.0011251 -0.0018842 -0.000958333 0.00178289 0.00100521 -0.00146179 -0.00329392 0 -0.00143791 0.000304762 0.00212362 8.88762e-05
internal_weight=0 7622.28 3261.82 2599.79 1594.26 662.032 2860.33 1376.45 1005.53 332.702 245.542 4360.46 435.585 3924.87
internal_count=140416 103006 45065 36196 21860 8869 37410 18760 14336 4927 3722 57941 6585 51356
is_linear=0
shrinkage=0.0101079


Tree=57
num_leaves=15
num_cat=0
split_feature=28 27 0 20 1 11 9 11 13 5 20 33 9 13
split_gain=33.9752 38.05 30.7797 25.1415 27.2184 23.9257 21.9217 21.0198 35.3477 19.6834 18.12 16.7662 16.5231 15.2893
threshold=-0.69930991530418385 -0.20576497167348859 1.2314120531082156 -2.345281600952148 1.0139619112014773 0.025121112354099754 0.17583961784839633 0.017444247379899028 -0.010515581350773571 -3.6441534757614131 0.091729506850242629 0.99472221732139599 0.39075134694576269 -0.024487808346748349
decision_type=2 2 2 2 2 2 2 2 2 2 2 10 2 2
left_child=5 2 7 4 11 9 -5 8 -2 -1 -10 -3 13 -9
right_child=1 3 -4 6 -6 -7 -8 12 10 -11 -12 -13 -14 -15
leaf_value=-0.00074372792515687452 0.0050657101478806602 0.00052988879364248567 0.00022847162995800625 0.00070259582777399158 -0.00019446270427116117 0.00047360325032792274 -0.0008288914217792631 -0.0043071221081967146 0.0002297047211124535 0.0035221380643303802 -0.0051281945768131207 0.0051913349963374688 0.00053505965323971975 -0.0019219995345796739
leaf_weight=117.02570717781782 106.0118672978133 142.08952689357102 1056.585488025099 2009.8513665888458 288.96522111818194 2205.1968757417053 1803.3940242081881 439.74372578598559 149.76270223781466 539.21746739931405 90.18716948106885 267.79384006559849 162.39662528410554 1128.6376489661634
leaf_count=1469 1379 3465 14631 27222 3607 28888 23384 6458 2232 7010 1321 2266 2244 15114
internal_value=0 -0.000284484 -0.00114153 0.000302633 0.00205453 0.00100429 -1.12985e-05 -0.00185626 0.000311672 0.00270061 -0.00171654 0.00371163 -0.00231236 -0.00263406
internal_weight=0 7645.42 3133.33 4512.09 698.849 2861.44 3813.25 2076.74 345.962 656.243 239.95 409.883 1730.78 1568.38
internal_count=140690 103323 43379 59944 9338 37367 50606 28748 4932 8479 3553 5731 23816 21572
is_linear=0
shrinkage=0.0101079


Tree=58
num_leaves=15
num_cat=0
split_feature=28 3 0 29 11 15 13 29 13 33 29 0 13 3
split_gain=39.8494 35.353 27.7688 18.3894 17.006 20.9462 16.2436 20.0504 18.6317 20.7991 19.8403 19.8287 17.3252 23.9556
threshold=-0.69930991530418385 0.47562648355960851 0.69134682416915905 1.0000000180025095e-35 0.019165301695466045 10.43533515930176 -0.078372038900852189 1.0000000180025095e-35 -0.05716870725154876 1.0013927817344668 0.87837970256805431 0.96955054998397838 -0.021195940673351284 0.32499541342258459
decision_type=2 2 2 2 2 2 2 2 2 8 2 2 2 2
left_child=4 6 -3 -4 5 -1 7 -2 9 -8 11 12 13 -10
right_child=1 2 3 -5 -6 -7 8 -9 10 -11 -12 -13 -14 -15
leaf_value=0.0011053871039973821 0 -0.0024509033535975093 0.00034002771149308555 -0.0010826139821731775 0.00063092542421473393 0.0056614043298959041 -0.0058105554103175684 0.0057381430010477576 0.0025111264423618974 0.0002918882659316257 -0.0011922742897080164 -0.0012832879387133286 0.0020002000950457236 -0.0025153763238569982
leaf_weight=349.56883094832301 102.45343925990164 963.14860918559134 1499.8005767688155 2280.737554801628 2347.2002326957881 164.10089980252087 97.563505709171295 121.25952792912722 153.99107493832707 97.879693187773228 524.77608784846961 306.96288484148681 1276.8616252951324 226.35883996076882
leaf_count=4599 1604 14930 18716 30276 30816 1957 875 1738 2225 2389 6994 3720 16935 2956
internal_value=0 -0.000373904 -0.000914302 -0.00050799 0.00102277 0.00270015 0.000493787 0.00308054 0.000255044 -0.00265886 0.000507508 0.000985041 0.00143348 -0.000366564
internal_weight=0 7651.79 4743.69 3780.54 2860.87 513.67 2908.11 223.713 2684.39 195.443 2488.95 1964.17 1657.21 380.35
internal_count=140730 103358 63922 48992 37372 6556 39436 3342 36094 3264 32830 25836 22116 5181
is_linear=0
shrinkage=0.0101079


Tree=59
num_leaves=15
num_cat=0
split_feature=28 27 2 28 2 7 23 9 11 16 11 13 0 33
split_gain=30.6333 37.294 30.4395 27.9818 25.5305 30.0409 23.0923 22.2267 22.1171 21.2092 18.8464 17.9673 17.9159 21.6489
threshold=-0.69930991530418385 -0.11969653144478797 1.4002898931503298 0.35222910344600683 1.2601862549781802 3.770614862442017 1.0418874025344851 0.30199664831161505 0.015293610747903587 0.13197183609008792 0.025121112354099754 -0.021195940673351284 0.81686675548553478 0.99393379688262951
decision_type=2 2 2 2 2 2 2 2 2 2 2 2 2 10
left_child=10 3 6 8 5 -5 9 -6 -2 -3 -1 -11 13 -4
right_child=1 2 12 4 7 -7 -8 -9 -10 11 -12 -13 -14 -15
leaf_value=0.0023921593319247915 0.0023095824741877369 0.0033111587528684792 7.2606973135223163e-05 -0.0027769527525401704 -0.0048216314176069775 0.0012664096415224528 -0.002390884500656029 0 -0.00079634587652056778 -0.0014494349185001881 0.00041278087829538251 0.000382452494349451 0.00092073493861277646 0.0066549481893834021
leaf_weight=656.06250044330955 260.99499773047864 196.21246431395411 95.033573921769857 397.35495984740555 478.25974244251847 328.11433915235102 401.95611292682588 141.93230970576406 1659.7791379354894 713.52147695980966 2214.7534390743822 2234.6690101437271 559.37526433169842 148.65584471076727
leaf_count=8509 3715 3334 2277 5817 7207 3940 5078 2026 22555 10117 29044 29925 5895 1132
internal_value=0 -0.000339497 0.000265913 -0.00115674 -0.0022758 -0.000898838 -0.000127043 -0.00379149 -0.00034584 0.000154589 0.000884338 -4.97978e-05 0.00203603 0.00432928
internal_weight=0 7615.86 4349.42 3266.44 1345.66 725.469 3546.36 620.192 1920.77 3144.4 2870.82 2948.19 803.065 243.689
internal_count=140571 103018 57758 45260 18990 9757 48454 9233 26270 43376 37553 40042 9304 3409
is_linear=0
shrinkage=0.0101079


Tree=60
num_leaves=15
num_cat=0
split_feature=27 28 3 20 15 14 7 21 20 14 12 2 14 13
split_gain=35.9897 52.0178 23.1493 17.2365 15.9235 25.8626 31.5928 47.0536 19.4699 16.3441 35.7797 35.4978 22.7184 18.4998
threshold=-0.41268247365951533 -0.20576497167348859 0.51309925317764293 -2.9262808561325069 3.4312249422073369 -7.0595555305480948 0.75176542997360241 2.1687359809875493 -0.83295276761054982 -1.9137421250343321 0.063204318284988417 1.1999542117118838 -0.85405549407005299 0.049630912020802505
decision_type=2 2 2 2 2 2 2 2 2 2 2 2 2 2
left_child=1 -1 -3 -2 -5 -6 7 -7 -8 -10 13 -12 -13 -11
right_child=3 2 -4 4 5 6 8 -9 9 10 11 12 -14 -15
leaf_value=0.00043672135168882129 0.0017156382015056986 0.00054002132497730181 -0.0024864602218410666 0.0023271446434474231 -0.00080392476905473788 0.00037024647442864873 -0.0020612760407002434 0.0064649030005455646 0.0010512840314681889 -0.0040724333784716354 0.0059026254774961441 -0.0027022337497138523 0.0024782689158319425 0
leaf_weight=1663.3539521545172 903.2223226800561 280.65727528557181 1571.8275747727603 336.27769748866558 2109.7712075766176 354.64814501255751 338.32135427929461 212.4088895265013 1781.3203405756503 289.60819120518863 122.50802577659488 179.91874766722322 150.05466439761221 204.63825755752623
leaf_count=21977 12187 3104 23109 5533 30158 4562 4273 2483 22865 3258 1268 1980 1571 2353
internal_value=0 -0.000840316 -0.00200583 0.000412443 0.000210266 7.63518e-05 0.000599226 0.0027792 0.000177014 0.000474378 -0.000568394 0.00141738 -0.000223686 -0.00246096
internal_weight=0 3515.84 1852.48 6982.7 6079.48 5743.2 3633.43 567.057 3066.37 2728.05 946.728 452.481 329.973 494.246
internal_count=140681 48190 26213 92491 80304 74771 44613 7045 37568 33295 10430 4819 3551 5611
is_linear=0
shrinkage=0.0101079


Tree=61
num_leaves=15
num_cat=0
split_feature=27 23 2 3 2 30 3 30 12 15 11 13 15 23
split_gain=27.8709 49.8916 30.6247 23.5215 19.4546 28.692 31.0581 17.6444 23.4233 37.0044 25.9944 20.9659 20.9424 20.7059
threshold=-0.41268247365951533 0.8825233280658723 1.1921317577362063 0.48584090173244482 2.0736768245697026 -0.56174489110708226 0.73047596216201793 -0.56174489110708226 -0.019472024403512474 10.193215847015383 0.039010398089885719 -0.07377800345420836 19.441177368164066 0.83875170350074779
decision_type=2 2 2 2 2 2 2 2 2 2 2 2 2 2
left_child=1 2 3 -1 7 -6 -7 8 10 -10 13 -9 -11 -2
right_child=4 -3 -4 -5 5 6 -8 11 9 12 -12 -13 -14 -15
leaf_value=0.0026411785454851346 -0.0044292114385337767 1.440662416027248e-05 -0.0041985581571048003 -0.0020809819361574233 0.0054986304895949158 -0.0025704455247640809 0.0038033421282613515 0.0040548502200347253 -0.0030326514157630563 0.00086689989155132471 0.0027126637284261355 0.0004402819478229924 -0.0019648467708691963 0.0011353381681163557
leaf_weight=140.84573317505419 113.59005809947848 2458.4482866600156 563.19666219688952 356.4140121601522 173.6153164524585 161.29393710196018 135.6964452676475 167.97822273895144 629.87744081579149 837.42131162434816 409.34815383516252 3822.9701907988638 382.09420402348042 133.3598474431783
leaf_count=1579 1581 33245 8400 5059 1966 1969 1658 2569 9863 10376 5560 50478 4588 1621
internal_value=0 -0.000761668 -0.002586 -0.00064354 0.000340494 0.00231585 0.000231152 0.000188627 -0.000466212 -0.00105896 0.00113609 0.000609996 0 -0.00132117
internal_weight=0 3518.9 1060.46 497.26 6967.25 470.606 296.99 6496.64 2505.69 1849.39 656.298 3990.95 1219.52 246.95
internal_count=140512 48283 15038 6638 92229 5593 3627 86636 33589 24827 8762 53047 14964 3202
is_linear=0
shrinkage=0.0101079


Tree=62
num_leaves=15
num_cat=0
split_feature=27 29 0 11 29 23 3 2 3 13 2 15 5 13
split_gain=26.3921 40.8304 32.9871 28.147 22.3013 22.0516 24.3306 18.8417 18.2919 17.5837 15.1 19.9024 17.9218 16.042
threshold=-0.71473535895347584 -1.0000000180025095e-35 1.0168019533157351 0.014474464114755394 -0.60785761475563038 0.5199095904827119 0.26885353028774267 0.78070610761642467 0.70906254649162304 -0.021686988882720467 2.12937343120575 3.4312249422073369 -4.8408815860748282 -0.035301038995385163
decision_type=2 2 2 2 2 2 2 2 2 2 2 2 2 2
left_child=1 8 3 -3 -2 6 -6 -8 -1 -10 11 12 -7 -12
right_child=4 2 -4 -5 5 10 7 -9 9 -11 13 -13 -14 -15
leaf_value=0.003899266471660388 0.004143051540196078 0.0012935002019978025 -0.00035534662656511488 -0.0036920969067180962 0.0027566989036698578 -1.1882956449954275e-05 -7.0630534285320203e-05 -0.0032816377710670639 -0.0036295574022051635 0.0015278654622903048 -0.00097675212053885169 7.2155945636605712e-05 0.0030375286283067971 0.0031074705273478891
leaf_weight=205.16873212344944 145.60090104676783 118.66513994149864 1172.4997327942401 772.5361107327044 121.2497185152024 292.5600231140852 366.7659456897527 439.58354579657316 86.641482435166836 229.93552373722196 108.84708324074745 5595.4040280152112 465.61200464516878 386.78749831952155
leaf_count=2342 1872 1738 16206 10851 1901 3979 4871 5924 1161 3529 1284 72985 7167 4938
internal_value=0 -0.000865913 -0.00151422 -0.00297785 0.000308472 0.000227485 -0.00121762 -0.00188523 0.00160673 0 0.000430241 0.000288973 0.00181956 0.00212885
internal_weight=0 2585.45 2063.7 891.201 7922.41 7776.81 927.599 806.349 521.746 316.577 6849.21 6353.58 758.172 495.635
internal_count=140748 35827 28795 12589 104921 103049 12696 10795 7032 4690 90353 84131 11146 6222
is_linear=0
shrinkage=0.0101079


Tree=63
num_leaves=15
num_cat=0
split_feature=27 28 29 27 29 11 29 15 29 28 11 13 29 15
split_gain=32.5291 54.2576 23.2253 20.856 35.2184 21.5344 20.7341 15.9461 21.9199 23.1017 24.7807 18.733 45.3279 22.1174
threshold=-0.43245348334312433 0.43245348334312445 -1.0000000180025095e-35 -0.89194178581237782 0.87837970256805431 0.013608989305794241 -1.0000000180025095e-35 3.4976252317428593 -0.60785761475563038 0.86046862602233898 0.16596756130456927 -0.019022347405552861 0.87837970256805431 11.542246818542482
decision_type=2 2 2 2 2 2 2 2 2 2 2 2 2 2
left_child=1 2 -1 4 5 -4 -3 -2 -9 10 11 12 13 -10
right_child=7 6 3 -5 -6 -7 -8 8 9 -11 -12 -13 -14 -15
leaf_value=0.0017516696420382062 0.0017184517361428977 0 0.0014683088044218689 0.00053516517866623219 0.0014305416418429807 -0.0030241373759303993 -0.0039866192764173797 0.0045739605901202358 -0.0025032490757931364 -0.0010405484314707897 0.0040979755587444346 0.00065917849675000925 0.0039691569053855805 0.0023764795863617425
leaf_weight=544.45950950495899 855.44831516966224 158.32728144712746 108.1984577011317 934.95170574076474 303.97382869757712 809.02169447951019 603.30952973477542 109.75849591568112 728.2678676340729 1291.6948779057711 179.71486754901707 3626.4992198888212 151.40145862102509 94.398590881377459
leaf_count=7232 12587 2160 1563 12313 4268 11196 8803 1372 10050 17182 2469 46245 2034 1241
internal_value=0 -0.000771611 -8.1351e-05 -0.000567479 -0.00144271 -0.00244266 -0.00314139 0.000423636 0.000236014 0.000145295 0.000475332 0.000318477 -0.000903982 -0.00187784
internal_weight=0 3462.24 2700.61 2156.15 1221.19 917.22 761.637 7037.18 6181.74 6071.98 4780.28 4600.57 974.068 822.666
internal_count=140715 47535 36572 29340 17027 12759 10963 93180 80593 79221 62039 59570 13325 11291
is_linear=0
shrinkage=0.0101079


Tree=64
num_leaves=15
num_cat=0
split_feature=28 29 13 15 2 29 20 17 7 16 30 2 14 12
split_gain=29.402 29.7059 21.1576 26.1227 22.498 24.6193 28.944 28.6721 21.3859 20.7279 29.1654 29.3826 26.2384 28.6117
threshold=-0.20576497167348859 -0.60785761475563038 -0.083856664597988115 4.3907742500305185 0.90254512429237377 -1.0000000180025095e-35 -3.269165992736816 50.500000000000007 -8.6562628746032697 0.46243451535701757 1.0000000180025095e-35 0.62213698029518139 -1.2603346109390257 -0.00062934114248491813
decision_type=2 2 2 2 2 2 2 2 2 2 2 2 2 2
left_child=-1 -2 3 -3 9 -6 8 -8 -7 10 -4 -12 13 -11
right_child=1 2 4 -5 5 6 7 -9 -10 12 11 -13 -14 -15
leaf_value=0.0005156883506493116 0.0038393667505872905 0.0052574173009687893 -0.0032113534634018387 -0.001522412870851789 0.00047855055994656899 -0.0017695737406578824 -0.0013121417182424648 -0.0038911732976667991 0.0029093636070873165 -0.00072907891880896487 0.0034873543982168139 -0.0019694604024361601 -0.0032873146962575412 0.0021648035598570443
leaf_weight=4876.7323149889708 142.73008500225842 125.0000567920506 423.63742174953222 85.700754318386316 535.09376121871173 176.63613868318498 1204.046438280493 774.08391192741692 199.47823083028197 542.35178338177502 181.97866644710302 200.92041787877679 148.65548654645681 882.36000991985202
leaf_count=64075 1843 1883 6980 1392 6826 2727 15234 11413 2794 7249 2733 2875 1508 11254
internal_value=0 -0.000555213 -0.000682235 0.00235747 -0.000814692 -0.00141371 -0.00186111 -0.00235284 0.000614949 -6.829e-05 -0.00139339 0.000537744 0.000588812 0.00103689
internal_weight=0 5622.67 5479.94 210.701 5269.24 2889.34 2354.24 1978.13 376.114 2379.9 806.537 382.899 1573.37 1424.71
internal_count=140786 76711 74868 3275 71593 38994 32168 26647 5521 32599 12588 5608 20011 18503
is_linear=0
shrinkage=0.0101079


Tree=65
num_leaves=15
num_cat=0
split_feature=3 28 27 0 5 12 13 5 13 3 27 2 30 2
split_gain=31.7702 54.6366 29.2725 21.5091 19.7361 19.8935 19.4502 19.4272 25.4627 19.2569 21.8404 19.0493 23.8769 31.382
threshold=0.46475630998611456 -0.18436925113201139 -0.49049438536167139 0.67797601222991954 2.0202469825744633 0.064232476055622115 -0.083856664597988115 0.33867850899696356 -0.025589214637875553 0.53154918551445018 0.47136868536472326 2.0736768245697026 1.0000000180025095e-35 0.78535565733909618
decision_type=2 2 2 2 2 2 2 2 2 2 2 2 2 2
left_child=4 9 3 -3 6 -6 -1 -8 -9 10 -2 12 -4 -14
right_child=1 2 11 -5 5 -7 7 8 -10 -11 -12 -13 13 -15
leaf_value=0.0044467389739739783 0.00028109256934473172 -0.0047020241548594273 -0.0020883734764752617 -0.0016568059464134967 -0.0011329578983860582 0.002332672238984956 0.00031231910815832673 -0.00069683645589260486 0.0032057272930788071 0.00088102321817837487 -0.0036355402223426751 0.0020327984261374736 0.0035312177923591185 -0.00088468894795873561
leaf_weight=174.28070521727204 372.61051129922271 323.17342172749341 790.94987108558416 1242.2674470189959 841.46633141487837 199.33241337910295 1785.9675246011466 207.67793255671859 638.38060204312205 2681.5796156357974 214.22343253344297 260.90546659193933 223.2323951702565 545.16287422180176
leaf_count=2461 4647 4998 10283 17730 11394 2242 25084 3066 8196 34311 2893 3172 2998 7160
internal_value=0 -0.000413165 -0.00131507 -0.00233098 0.000739684 -0.000418447 0.00118357 0.000939925 0.00220268 0.000509631 -0.00110887 -0.000413141 -0.000856142 0.000368136
internal_weight=0 6654.11 3385.69 1565.44 3847.11 1040.8 2806.31 2632.03 846.059 3268.41 586.834 1820.25 1559.35 768.395
internal_count=140635 88192 46341 22728 52443 13636 38807 36346 11262 41851 7540 23613 20441 10158
is_linear=0
shrinkage=0.0101079


Tree=66
num_leaves=15
num_cat=0
split_feature=27 28 13 13 3 13 3 13 14 14 20 1 12 14
split_gain=30.5874 43.6157 20.2519 37.2621 17.1369 16.1241 26.5297 28.9295 17.1103 15.8882 15.5228 19.7221 15.4776 33.2311
threshold=-0.43245348334312433 -0.18436925113201139 -0.026178942993283268 -0.012892269063740967 0.48313841223716741 0.025233873166143898 0.67371293902397167 -0.018429176881909367 -4.3735198974609366 -19.573305130004879 -2.9920455217361446 1.0139619112014773 0.064232476055622115 -1.1953889727592466
decision_type=2 2 2 2 2 2 2 2 2 2 2 2 2 2
left_child=1 5 9 -4 -5 6 -1 -8 -9 -3 11 -2 13 -12
right_child=10 2 3 4 -6 -7 7 8 -10 -11 12 -13 -14 -15
leaf_value=0.0033208152014921962 0.0031843814152524778 -0.00068321912804499832 0.0031023411588908261 0.0010958172553803417 -0.0023096723329060933 -0.00093536466199310589 -0.003035685294218183 0.0025861483249403233 -0.0011583670197480129 -0.0052621281607273269 0.00018011516236633796 8.9152136937849423e-05 0.0012211180793651483 -0.0032643408925061321
leaf_weight=367.76901500113308 435.32684870436788 141.04134154692292 166.50997341796756 153.97976116463542 1056.4200153257698 563.00321196764708 215.2398935854435 353.44873547181487 167.50722216442227 271.87516316957772 4582.7995352856815 454.82837275788188 1257.1771354880184 297.3269521985203
leaf_count=5081 6086 2257 2516 1492 15437 6686 2899 5134 2236 3728 62934 5832 14943 3306
internal_value=0 -0.000746414 -0.00184296 -0.00119842 -0.00183905 0.000409801 0.00113396 0 0.00130619 -0.00383518 0.000413438 0.00166217 0.000223891 -2.6226e-05
internal_weight=0 3456.79 1789.83 1376.91 1210.4 1666.97 1103.96 736.196 520.956 412.917 7027.46 890.155 6137.3 4880.13
internal_count=140567 47466 25430 19445 16929 22036 15350 10269 7370 5985 93101 11918 81183 66240
is_linear=0
shrinkage=0.0101079


Tree=67
num_leaves=15
num_cat=0
split_feature=27 29 0 29 23 11 11 15 5 18 13 29 15 22
split_gain=29.5407 44.3631 25.5557 20.9422 25.7534 17.1308 14.8179 13.6829 15.0617 13.2312 13.1737 37.4525 15.7471 15.6325
threshold=-0.71473535895347584 -1.0000000180025095e-35 1.0168019533157351 -0.60785761475563038 0.52538022398948681 0.014474464114755394 0.0081815999001264589 3.2314586639404301 -4.0502805709838858 90.500000000000014 -0.019022347405552861 0.87837970256805431 10.599723339080812 -0.13806870579719541
decision_type=2 2 2 2 2 2 2 2 2 2 2 2 2 2
left_child=1 -1 5 -2 -5 -3 -6 8 -8 -7 11 12 13 -9
right_child=3 2 -4 4 6 9 7 10 -10 -11 -12 -13 -14 -15
leaf_value=0.001592573302376705 0.0040782218547588791 0.00035183095241661012 -0.00060739214846039654 -0.0013244545327886596 0.002118956945308682 -0.0040308438187260619 0.00016071124329867877 -0.0032422699860130727 0.003157078347243371 0 0.00038359038445677274 0.0031055963361392466 0.0011645854875043671 -0.00027253847598721613
leaf_weight=534.61743786931038 140.58249736577272 115.51111186109483 1172.0193396490067 946.78097164072096 499.16845458932221 652.94418951310217 405.80090265534818 527.06788784824312 335.36969964578748 103.05360847711563 4398.4270591642708 194.62666541524231 151.86093490198255 324.02276868000627
leaf_count=7144 1814 1688 16188 13059 6684 9342 5508 7314 5301 1413 55928 2630 1962 4660
internal_value=0 -0.000945794 -0.00163307 0.000298192 0.000220788 -0.0029491 0.000441948 0.00030108 0.00158897 -0.00350497 0.000121344 -0.000804552 -0.00162113 -0.00217128
internal_weight=0 2578.15 2043.53 7923.71 7783.13 871.509 6836.34 6337.18 741.171 755.998 5596.01 1197.58 1002.95 851.091
internal_count=140635 35775 28631 104860 103046 12443 89987 83303 10809 10755 72494 16566 13936 11974
is_linear=0
shrinkage=0.0101079


Tree=68
num_leaves=15
num_cat=0
split_feature=27 28 29 11 3 13 3 13 33 5 23 20 13 10
split_gain=28.4043 49.5504 38.5812 20.534 17.6952 17.6681 24.4282 34.4592 18.3433 17.2653 16.0625 16.0359 13.9789 13.3766
threshold=-0.41268247365951533 -0.20576497167348859 -1.0000000180025095e-35 0.017444247379899028 0.74696034193038952 0.025233873166143898 0.67371293902397167 -0.018429176881909367 0.90112781524658214 5.4738903045654306 0.63416460156440746 -2.9262808561325069 -0.0064666038379073134 0.21554919332265857
decision_type=2 2 2 2 2 2 2 2 10 2 2 2 2 2
left_child=1 5 4 12 -3 6 -1 -8 -7 -9 -5 13 -4 -2
right_child=11 2 3 10 -6 8 7 9 -10 -11 -12 -13 -14 -15
leaf_value=0.0033173586951973535 0.0023365514228042483 0.003217085624855173 0.003130395165748734 -0.0054599222700440729 -0.00098739035468979001 0.0020873191283092489 -0.0032444249407593798 0.0024785693282314107 -0.0019901569420042865 -0.0018699875492200111 -0.0024364556621586007 0.00016863409081568142 -0.0018288240783046565 -0.00032727624970405419
leaf_weight=375.41365083493292 676.22680299915373 175.97398152202368 88.524159088730812 269.43105361796916 204.48228679411113 136.91510369628668 208.16935216635466 421.49594767764211 427.89582789689302 102.38788709044456 962.13004155270755 6076.49255297333 137.6569658126682 230.86893460154533
leaf_count=5155 9020 2094 1202 3934 3100 3256 2834 5866 3428 1489 13791 80167 2137 3104
internal_value=0 -0.000749296 -0.00189589 -0.00264828 0.000877993 0.000489839 0.00124468 0.000103744 -0.000916342 0.00153784 -0.00316014 0.000364143 0 0.00161722
internal_weight=0 3510.48 1838.2 1457.74 380.456 1672.28 1107.47 732.053 564.811 523.884 1231.56 6983.59 226.181 907.096
internal_count=140577 48286 26258 21064 5194 22028 15344 10189 6684 7355 17725 92291 3339 12124
is_linear=0
shrinkage=0.0101079


Tree=69
num_leaves=15
num_cat=0
split_feature=28 27 2 30 2 30 13 13 6 8 2 13 13 11
split_gain=27.7354 53.4346 29.7009 27.475 28.0636 19.8032 18.2077 30.9522 19.8302 17.4594 19.8546 24.7306 21.1644 19.6745
threshold=-0.22706275433301923 -0.11969653144478797 1.4510965347290041 1.0000000180025095e-35 1.1921317577362063 1.0000000180025095e-35 -0.026178942993283268 -0.010515581350773571 -4.7281980514526358 1.0127023458480837 0.89761194586753856 0.069130990654230132 0.019200247712433342 0.089558158069849028
decision_type=2 2 2 2 2 2 2 2 2 2 2 2 2 2
left_child=-1 6 3 -3 -5 -4 -2 8 -8 10 12 13 -9 -12
right_child=1 2 5 4 -6 -7 7 9 -10 -11 11 -13 -14 -15
leaf_value=0.00054057962598609978 -0.0033273440633255101 -0.00095109803203505554 0.0041269085418983728 0.0016776183339134178 -0.0030336983437314756 0.00018240543787593293 -0.0013070373246228653 -0.0030599223980994259 0.004239573591696349 0.00017519589176347606 -0.0032129214872925623 -0.0068319932712134265 0.0022743164102036737 0.0003193725503122901
leaf_weight=4808.2819232847542 548.82301845028996 1680.8156896419823 303.9032830670476 1011.0319225639105 135.66681206785142 263.34442281909287 90.754641989246011 126.10818803869188 155.74906799569726 347.91925955377519 506.59810861386359 150.59948748163879 168.31854428723454 203.96406906470656
leaf_count=62994 7903 23252 3423 13598 1714 3147 1360 1681 2388 4935 7729 2043 1964 2585
internal_value=0 -0.000500934 0.000294919 -0.000116987 0.00106876 0.00239286 -0.00169084 -0.00114235 0.00206021 -0.00170197 -0.0022994 -0.00306821 0 -0.00214998
internal_weight=0 5693.6 3394.76 2827.51 1146.7 567.248 2298.83 1750.01 246.504 1503.51 1155.59 861.162 294.427 710.562
internal_count=140716 77722 45134 38564 15312 6570 32588 24685 3748 20937 16002 12357 3645 10314
is_linear=0
shrinkage=0.0101079


Tree=70
num_leaves=15
num_cat=0
split_feature=28 27 13 16 2 0 13 4 17 2 0 15 5 5
split_gain=29.4079 29.5435 24.1983 23.2338 22.8684 25.6902 21.9656 22.7826 19.9237 27.0124 34.8293 23.6066 18.8214 17.6614
threshold=-0.69930991530418385 0.24825246632099154 -0.025589214637875553 0.12271552905440332 1.4002898931503298 0.81686675548553478 0.059425994753837592 0.95587962865829479 54.500000000000007 0.64572033286094677 1.0206070542335512 6.4171156883239755 5.9660875797271737 2.5180292129516606
decision_type=2 2 2 2 2 2 2 2 2 2 2 2 2 2
left_child=-1 2 3 -2 13 -6 8 -8 12 -10 -11 -12 -4 -3
right_child=1 4 6 -5 5 -7 7 -9 9 10 11 -13 -14 -15
leaf_value=0.00093272045957797567 0.00011192165623040476 0.00044235450639382493 0.0014406148471680876 -0.003316458584575941 0.0051971601490082564 0.00072908641686689711 -0.0037688977200853028 0.00055003285185052653 0.0021830426927528538 -0.0030515101552760666 0.0035171727018899366 -0.0021497665802725852 -0.0013783400198377305 -0.0013213830147300971
leaf_weight=2864.9864366315305 256.75302550569177 2240.7067431174219 1063.0101657453924 660.38538937829435 184.77791147865355 518.90375507809222 348.38654933683574 166.39975766092539 203.93408469669521 651.95708715729415 168.27060590870678 115.88621821068227 292.39397083036602 773.83817868866026
leaf_count=37371 3985 31127 14475 8954 2479 5371 4494 1897 2552 9749 2311 1656 4163 10175
internal_value=0 -0.000265707 -0.000879372 -0.00231989 0.00037208 0.00200246 -0.000422308 -0.00230768 -1.13446e-05 -0.00100833 -0.00175852 0.00107148 0.000798472 0
internal_weight=0 7645.6 3927.38 917.138 3718.23 703.682 3010.24 514.786 2495.45 1140.05 936.114 284.157 1355.4 3014.54
internal_count=140759 103388 54236 12939 49152 7850 41297 6391 34906 16268 13716 3967 18638 41302
is_linear=0
shrinkage=0.0101079


Tree=71
num_leaves=15
num_cat=0
split_feature=28 27 29 0 27 13 27 8 8 20 18 5 15 21
split_gain=32.7044 29.6609 54.3992 27.8601 20.752 17.4621 15.4205 15.0949 14.316 12.9478 20.7264 12.616 11.0555 17.0137
threshold=-0.69930991530418385 0.24825246632099154 -1.0000000180025095e-35 1.0206070542335512 -0.11969653144478797 -0.075893316417932496 -0.032717135734856122 0.5174669921398164 -0.65700036287307728 -1.6500316858291624 48.500000000000007 -2.1598709821701045 3.9888368844985966 -6.5159296989440909
decision_type=2 2 2 2 2 2 2 2 2 2 2 2 2 2
left_child=7 2 6 4 8 -3 9 -1 -4 -2 -11 -9 13 -5
right_child=1 5 3 12 -6 -7 -8 11 -10 10 -12 -13 -14 -15
leaf_value=0.001529839285402154 8.9445982270872871e-05 0.0031269656348311306 -0.0046438142263808199 -0.00025681877283146182 -0.00040098606787124068 0.00013630079495630852 -0.0020552467459577835 -0.0018262437570870634 -0.0021855065561468975 0.0067980069318467088 0.0014742945171333057 0.00064099955708754033 -0.00086876345095621805 0.0047153101343378355
leaf_weight=1751.9635176174343 280.85936936177313 207.15543128363788 407.02238276600838 182.50818917900324 476.78258333355188 3502.4928181339055 99.273189416155219 274.20912854373455 982.03762556426227 109.09193367883563 312.95515664480627 841.70415074564517 953.64265115186572 94.092425651848316
leaf_count=22641 3617 2895 5757 2601 6566 46178 1328 3843 14103 1393 4376 10985 12861 1308
internal_value=0 -0.00031833 -0.000935846 -0.00154928 -0.00232923 0.000320279 0.00137405 0.00094648 -0.00295628 0.00193225 0.00304095 0 -0.000326598 0.00137329
internal_weight=0 7607.91 3898.27 3096.09 1865.84 3709.65 802.18 2867.88 1389.06 702.906 422.047 1115.91 1230.24 276.601
internal_count=140452 102983 53910 43196 26426 49073 10714 37469 19860 9386 5769 14828 16770 3909
is_linear=0
shrinkage=0.0101079


Tree=72
num_leaves=15
num_cat=0
split_feature=29 27 23 3 23 11 15 28 14 14 17 28 33 14
split_gain=25.477 31.9225 42.0564 56.2052 24.6878 23.0098 22.0066 24.7299 19.6346 29.2519 33.088 39.8995 34.6807 28.8212
threshold=1.0000000180025095e-35 -0.41268247365951533 0.87633880972862255 0.52379813790321361 0.39749830961227423 0.022132728248834613 13.437340736389162 0.87137606739997875 -17.036350250244137 -6.8885476589202872 45.500000000000007 0.60003554821014415 0.94019654393196117 -1.7983957529067991
decision_type=2 2 2 2 2 2 2 2 2 2 2 2 10 2
left_child=4 2 3 -2 -1 6 7 -6 -3 10 12 -12 -10 -11
right_child=1 8 -4 -5 5 -7 -8 -9 9 13 11 -13 -14 -15
leaf_value=-0.0035353286814918407 0.0024657432632679333 0.0021744244173754908 -0.00050944804790150288 -0.0052685186846233188 0.00064339661315213385 0.00038167986342169336 0.0069147015950745848 0.0061486677343925711 0.00028888134684137783 0.001261266814323408 0.0014993683929613447 -0.0029543924320852666 -0.0046129467523867039 -0.0013628569273614118
leaf_weight=131.042949013412 107.52052976377308 412.30231009237468 1541.9977594260126 468.12890277244151 554.46646681427956 3295.4109213706106 92.94251555763185 96.837911440059543 200.43103026971221 1696.8656542338431 612.86376550421119 299.58657436445355 422.30777730047703 551.29926081001759
leaf_count=1696 1246 6789 21250 7044 7650 43237 1230 1375 4989 21465 8124 4722 3582 6093
internal_value=0 -0.000406721 -0.00141726 -0.00374111 0.000610505 0.000761411 0.002368 0.00158514 9.5335e-05 -0.000124479 -0.00120557 0 -0.00298663 0.000597387
internal_weight=0 6313.3 2117.65 575.649 4170.7 4039.66 744.247 651.304 4195.66 3783.35 1535.19 912.45 622.739 2248.16
internal_count=140492 85304 29540 8290 55188 53492 10255 9025 55764 48975 21417 12846 8571 27558
is_linear=0
shrinkage=0.0101079


Tree=73
num_leaves=15
num_cat=0
split_feature=27 28 29 29 22 8 29 28 30 13 12 17 13 17
split_gain=32.8544 57.0836 22.2233 15.9299 16.7808 15.8911 14.9626 18.6701 17.721 23.564 16.9584 30.0638 16.7135 14.5648
threshold=-0.41268247365951533 0.45201864838600164 -1.0000000180025095e-35 -1.0000000180025095e-35 -0.15157768130302426 0.7711128592491151 -0.60785761475563038 0.87137606739997875 1.0000000180025095e-35 0.040692590177059181 -0.013616343028843401 50.500000000000007 -0.0068830221425741902 52.500000000000007
decision_type=2 2 2 2 2 2 2 2 2 2 2 2 2 2
left_child=1 3 -3 -1 -5 -4 -2 13 9 10 -9 -12 -10 -8
right_child=6 2 5 4 -6 -7 7 8 12 -11 11 -13 -14 -15
leaf_value=0.0013679203088944505 0.003747924128380647 0 -0.0051830089951083657 -0.0017229713465619252 9.824112283166919e-05 -0.001009905021140663 0.00015952204644498259 0.0018175429490195965 -0.0013762450957913175 -0.0045112194428234727 0.00062585801813092197 -0.0048922053832341971 0.0019230518876241891 0.0012513490149266841
leaf_weight=558.14879664778709 127.12539760954678 153.04134330153465 433.21293104067445 771.55695449188352 1423.3132491353899 156.76054890267551 3388.0598731599748 185.43801999650896 251.95254648663104 219.06507634930313 205.68852166831493 169.65779121406376 365.3271306976676 2071.9349060952663
leaf_count=7448 1618 2118 6379 10767 19240 2292 43733 2770 3461 2885 2492 2535 4831 27914
internal_value=0 -0.000815086 -0.00328821 -0.000125696 -0.00052733 -0.00416901 0.000383928 0.000311565 -0.000715519 -0.0017335 -0.000531161 -0.00181037 0.000511223 0.000582419
internal_weight=0 3496.03 743.015 2753.02 2194.87 589.973 6984.25 6857.12 1397.13 779.849 560.784 375.346 617.28 5459.99
internal_count=140483 48244 10789 37455 30007 8671 92239 90621 18974 10682 7797 5027 8292 71647
is_linear=0
shrinkage=0.0101079


Tree=74
num_leaves=15
num_cat=0
split_feature=28 3 29 22 11 3 33 29 29 16 17 16 17 21
split_gain=23.8547 29.5355 24.9998 28.746 19.7726 17.7003 21.6976 37.2456 19.5725 16.7019 15.663 30.4898 20.7663 18.914
threshold=-0.69930991530418385 0.46475630998611456 1.0000000180025095e-35 -0.40061351656913752 0.025121112354099754 0.74070098996162426 0.9590476155281068 0.87837970256805431 1.0000000180025095e-35 0.67170393466949474 86.500000000000014 0.25862480700016027 47.500000000000007 -6.669757366180419
decision_type=2 2 2 2 2 2 10 2 2 2 2 2 2 2
left_child=4 -2 10 -4 9 6 -6 8 -8 -1 11 13 -13 -3
right_child=1 2 3 -5 5 -7 7 -9 -10 -11 -12 12 -14 -15
leaf_value=0.0011014702883963088 0.00055310344315069137 0.00099599131994452606 -0.0025261118325323869 -0.00046251725757686117 0.0015806099131104238 0.0023950726222016737 -0.00027927869311761093 0.0026026755205682045 -0.0031270765667198571 0.0047372683367778697 -0.001642413076896702 0.00082144386579489318 -0.0019377932279533109 0.0065642744685193719
leaf_weight=453.01112941652536 2757.4912005141377 171.86103513650596 1219.3804221376777 1723.5916582196951 558.61568919755518 347.24610941484571 566.9368921816349 250.7864136621356 484.91535202413797 206.59405200183392 386.74375200085342 834.71433381550014 407.09958171658218 118.46552416309714
leaf_count=6002 37555 1972 17319 23308 13526 4707 4681 2082 3928 2485 5221 10771 5491 1620
internal_value=0 -0.000273153 -0.000750229 -0.00133559 0.00080678 0.000323473 -4.95499e-05 -0.000784661 -0.00164344 0.00234209 0.000128243 0.000607421 -5.70059e-05 0.00351395
internal_weight=0 7619.35 4861.86 2942.97 2868.11 2208.5 1861.25 1302.64 1051.85 659.605 1918.88 1532.14 1241.81 290.327
internal_count=140668 103257 65702 40627 37411 28924 24217 10691 8609 8487 25075 19854 16262 3592
is_linear=0
shrinkage=0.0101079


Tree=75
num_leaves=15
num_cat=0
split_feature=3 28 29 27 3 27 20 13 13 13 13 3 14 29
split_gain=22.1866 37.5543 26.4839 26.7519 20.3904 20.0944 17.9722 17.405 23.4333 24.6186 21.6807 22.7502 19.3106 26.8957
threshold=0.46475630998611456 -0.22706275433301923 -0.60785761475563038 -1.0000000180025095e-35 0.53154918551445018 0.45201864838600164 -2.9920455217361446 0.069130990654230132 -0.026178942993283268 -0.010043977759778498 0.01873793546110392 0.92403903603553783 -4.2120261192321768 1.0000000180025095e-35
decision_type=2 2 2 2 2 2 2 2 2 2 2 2 2 2
left_child=-1 4 -3 7 5 -2 -5 8 -4 -10 11 -11 -12 -14
right_child=1 2 3 6 -6 -7 -8 -9 9 10 12 -13 13 -15
leaf_value=0.0006053842174037939 8.1492654397560579e-05 0.00352125767164119 -0.0037170054825347242 0.0022652688296314932 0.00081821841210816628 -0.0037027031687675788 -0.00070755147026994435 -0.0056332451982169544 0.0017989608141376471 -0.0047517506998760173 0.0014235939942648711 -7.6826807083180086e-05 0.001786114714980069 -0.0039586634728862721
leaf_weight=3856.8733193669468 364.74059115722775 111.42790233530104 456.12131224386394 244.46051518246531 2599.5911835264415 209.06007646396756 1130.3816072996706 129.77306720428169 242.5665099453181 329.63383496366441 304.64509968459606 181.99053788743913 110.23903389833868 233.94940926879644
leaf_count=52539 4500 1433 6653 3034 33091 2818 14126 1992 3754 4703 4571 3086 1483 2882
internal_value=0 -0.000357451 -0.00108563 -0.00125787 0.000427936 -0.00125811 -0.000140072 -0.00200678 -0.00170995 -0.00101217 -0.00164236 -0.00319239 -0.000335517 -0.00200474
internal_weight=0 6648.58 3475.19 3363.76 3173.39 573.801 1374.84 1988.92 1859.15 1403.02 1160.46 511.624 648.834 344.188
internal_count=140665 88126 47717 46284 40409 7318 17160 29124 27132 20479 16725 7789 8936 4365
is_linear=0
shrinkage=0.0101079


Tree=76
num_leaves=15
num_cat=0
split_feature=28 29 13 13 15 15 20 22 0 11 5 29 22 22
split_gain=26.0418 26.3315 21.7506 25.7423 19.9591 22.3213 18.9712 18.8434 18.5549 18.3952 22.4784 18.1144 21.2915 19.1665
threshold=-0.69930991530418385 -0.60785761475563038 -0.091381121426820741 -0.03659511357545852 2.6562331914901738 10.771190643310549 -4.9874470233917227 -0.32709515094757075 0.49948187172412878 0.026443612761795524 -3.0743639469146724 1.0000000180025095e-35 -0.58006566762924183 -0.43793834745883936
decision_type=2 2 2 2 2 2 2 2 2 2 2 2 2 2
left_child=9 -2 -3 4 6 7 -4 -6 -5 10 -1 13 -13 -10
right_child=1 2 3 8 5 -7 -8 -9 11 -11 -12 12 -14 -15
leaf_value=-0.00099810653950536173 0.0037900706758756584 0.0030003318301637795 -0.0027539713216000526 -0.0023530506708677834 -0.0046444052914824275 0.0015108257705374779 0.0027536793412998757 -0.0010425531877986621 0.0017768535898275552 0.00032748561743262231 0.0031940897740846057 -0.0017923837361523615 -4.2475504479886084e-05 -0.0001084328839629553
leaf_weight=149.39346493966877 146.85063966177404 175.97209750115871 96.246851231902838 391.66142785549164 443.25622093677521 95.272272424772382 150.11470399424434 279.15484535321593 876.82824228331447 2170.1334492601454 549.3197726868093 994.01222829334438 2619.3815545104444 1363.0494312476367
leaf_count=1865 1873 2853 1469 6253 6151 1152 2444 3899 11560 28351 7112 13332 34739 17676
internal_value=0 -0.000316384 -0.000406134 -0.000496728 -0.00194958 -0.00271124 0.000424443 -0.0033335 -0.000240628 0.0008119 0.00223931 -8.94885e-05 -0.000537807 0.000615095
internal_weight=0 7631.8 7484.95 7308.98 1064.04 817.683 246.362 722.411 6244.93 2868.85 698.713 5853.27 3613.39 2239.88
internal_count=140729 103401 101528 98675 15115 11202 3913 10050 83560 37328 8977 77307 48071 29236
is_linear=0
shrinkage=0.0101079


Tree=77
num_leaves=15
num_cat=0
split_feature=28 3 27 5 3 15 7 30 13 0 13 13 15 15
split_gain=22.7555 40.2793 22.1992 21.8229 19.6133 18.8112 31.0909 22.0275 29.3556 16.9321 16.6359 26.4626 15.539 15.1196
threshold=-0.20576497167348859 0.48584090173244482 -0.49049438536167139 -3.7258938550949092 0.73047596216201793 8.9152712821960467 0.24190124869346621 1.0000000180025095e-35 -0.012892269063740967 0.67797601222991954 -0.026178942993283268 -0.012407009955495594 7.3380970954895028 6.7089109420776376
decision_type=2 2 2 2 2 2 2 2 2 2 2 2 2 2
left_child=13 -2 9 4 -4 7 -7 -5 -9 12 -11 -12 -3 -1
right_child=1 2 3 5 -6 6 -8 8 -10 10 11 -13 -14 -15
leaf_value=0.0012966448008936992 0.00050205377502114321 -0.00097786217911018493 0 -0.0044571611768985091 0.0055205441535938508 0.0039633239728535195 -0.00089142035392229043 -0.0032097771140008882 0.0029750606381853746 -0.0037287804223298301 0.0031666058265644157 -0.0015213955769979917 -0.0061308988123232756 7.1957669662493497e-05
leaf_weight=1527.4297136701643 2387.9795294534415 122.23267902620137 161.70331772975624 259.30617045424879 101.36898300051689 159.33038400672376 689.39457579702139 164.13118728809059 134.20522101223469 269.83871592395008 132.83377062343061 825.8296233098954 184.44381718151271 3373.8294762056321
leaf_count=21102 31998 2033 2080 4061 1269 1608 8554 2364 1844 3937 1983 11953 2878 43115
internal_value=0 -0.000478842 -0.00122184 -0.00038216 0.00220662 -0.000904351 0 -0.00233362 -0.000290385 -0.00210229 -0.00150295 -0.000810027 -0.00427951 0.000463292
internal_weight=0 5592.6 3204.62 1669.44 263.072 1406.37 848.725 557.643 298.336 1535.18 1228.5 958.663 306.676 4901.26
internal_count=140779 76562 44564 21780 3349 18431 10162 8269 4208 22784 17873 13936 4911 64217
is_linear=0
shrinkage=0.0101079


Tree=78
num_leaves=15
num_cat=0
split_feature=27 23 29 11 29 15 13 15 29 20 7 5 12 22
split_gain=28.8814 38.6373 32.7068 18.7324 14.7468 16.1531 24.6897 42.7407 32.2071 18.9051 15.8492 30.7775 19.6564 24.2676
threshold=-0.43245348334312433 0.8825233280658723 -1.0000000180025095e-35 0.017444247379899028 -0.60785761475563038 3.4312249422073369 -0.019022347405552861 12.681351661682131 0.87837970256805431 -5.8015241622924796 1.1387991905212405 3.8736356496810918 0.032978627830743797 -0.74374157190322865
decision_type=2 2 2 2 2 2 2 2 2 2 2 2 2 2
left_child=1 2 -1 -4 -2 9 7 8 -7 -6 11 12 13 -8
right_child=4 -3 3 -5 5 6 10 -9 -10 -11 -12 -13 -14 -15
leaf_value=0.0010085391661828849 0.0037271137743447179 0 0 -0.0039387045262282028 -0.0011983916377828149 -0.0023052130651438929 -0.0024001091807767994 0.0051799411293967255 0.0018827696656607499 0.0024810902098874633 0.00019001195784358764 0.0067838354933301617 -0.0015215490290394059 0.0025218337087971076
leaf_weight=214.66840537078679 131.29569929465652 2434.772850567475 132.05180071853101 678.02730428986251 160.65593483485281 1035.538527643308 106.37336169369519 94.712303977459669 212.02321377210319 651.49960713461041 3674.274056866765 100.50425109639764 224.69756579399109 660.0205179899931
leaf_count=2975 1654 32852 1905 9909 2112 14458 1555 1110 2877 9819 46636 1219 2941 8676
internal_value=0 -0.000691941 -0.00233059 -0.00326613 0.000433649 0.000361281 0.000174833 -0.00102232 -0.00155408 0.00169945 0.000521581 0.00159172 0.000976831 0.00176943
internal_weight=0 3459.52 1024.75 810.079 7051.6 6920.3 6108.14 1342.27 1247.56 812.156 4765.87 1091.6 991.091 766.394
internal_count=140698 47641 14789 11814 93057 91403 79472 18445 17335 11931 61027 14391 13172 10231
is_linear=0
shrinkage=0.0101079


Tree=79
num_leaves=15
num_cat=0
split_feature=28 3 11 15 21 29 28 15 11 33 13 15 3 15
split_gain=25.3808 48.2827 29.437 28.8742 26.6228 19.7813 18.4736 17.3153 19.3998 23.9131 22.5448 21.8027 23.4308 26.595
threshold=-0.22706275433301923 0.52379813790321361 0.01490207063034177 10.193215847015383 -1.152161121368408 0.6078576147556306 0.88186877965927135 4.8641705513000497 0.02911349851638079 0.9590476155281068 -0.018429176881909367 22.533465385437015 0.70906254649162304 19.970884323120121
decision_type=2 2 2 2 2 2 2 2 2 10 2 2 2 2
left_child=7 -2 3 4 -3 6 -4 -1 10 -10 -9 12 13 -11
right_child=1 2 5 -5 -6 -7 -8 8 9 11 -12 -13 -14 -15
leaf_value=0.0017566376862042802 0.00055893295675428056 0.0023204118335960811 -0.0015876305638486618 0.0051315982871499889 -0.0030924721387610757 -0.0028904934883229897 0.0010232550363393853 -0.0020975698644762199 0.0012956040289990884 -0.0012027863136819528 0.0021231206151299067 0.0018783726047583568 0.0011329711090524285 -0.0056030190292139905
leaf_weight=1038.460183929652 2728.3852886203676 166.66653015092015 1158.8288693800569 118.33638487383723 185.36224420927465 969.04425078444183 337.45841474272311 136.63859828189015 802.2779208291322 1234.9972869828343 847.56790695525706 259.40437680482864 333.17402009665966 161.4837516322732
leaf_count=14213 36367 2457 15722 1446 2809 14047 4602 1915 19372 10285 11165 1965 2834 1266
internal_value=0 -0.000398043 -0.00130034 0.000949871 -0.000422305 -0.00174765 -0.000969663 0.000598561 0.000266426 -0.000151535 0.00148469 -0.000758235 -0.00118349 -0.00176815
internal_weight=0 5664.08 2935.7 470.365 352.029 2465.33 1496.29 4814 3775.54 2791.34 984.207 1989.06 1729.66 1396.48
internal_count=140465 77450 41083 6712 5266 34371 20324 63015 48802 35722 13080 16350 14385 11551
is_linear=0
shrinkage=0.0101079


Tree=80
num_leaves=15
num_cat=0
split_feature=27 13 3 13 5 3 23 20 15 16 20 16 15 33
split_gain=22.2687 25.7339 39.8798 22.9772 24.4231 23.0242 28.4849 16.9991 20.3426 26.8383 26.9343 32.9921 24.4518 30.1719
threshold=-0.71473535895347584 -0.025589214637875553 0.64777505397796642 -0.0090881288051605207 1.2669572830200198 0.48313841223716741 1.4534612298011782 -2.6267926692962642 3.4312249422073369 0.37909406423568731 -1.0065717697143552 0.838109850883484 10.193215847015383 0.94700106978416454
decision_type=2 2 2 2 2 2 2 2 2 2 2 2 2 10
left_child=1 2 -1 4 -3 -5 -7 -2 -9 -10 -11 12 -12 -14
right_child=7 3 -4 5 -6 6 -8 8 9 10 11 -13 13 -15
leaf_value=0.0011164928022321932 0.0013837340514660094 3.0385744172387434e-05 -0.0045958603666802636 0.0022556432045504993 0.0061459139820905801 -0.0022002902552810061 0.00065544993059743408 0.0025318867513686128 -0.0014980958282172858 -0.0016224398526127495 0.00012485860672056806 -0.00048877671409832605 0 0.0030492890594339653
leaf_weight=168.58342610672116 1267.2539240308106 209.57976558245718 366.64759271964431 217.91720483265817 100.81507755257189 969.93447721749544 529.01968838460743 326.60680416226387 1048.9780656583607 657.02677747420967 1212.4419819675386 1839.3743303455412 519.85077573172748 1053.5660849809647
leaf_count=2384 17008 3144 5335 2213 1449 14132 7144 5321 15472 8684 16056 21698 12048 8530
internal_value=0 -0.000769889 -0.00273162 -0.000223755 0.00224386 -0.000701318 -0.00116733 0.00031185 0.000100401 -2.154e-05 0.000265765 0.000544962 0.00124146 0.00207152
internal_weight=0 2562.5 535.231 2027.27 310.395 1716.87 1498.95 7925.1 6657.84 6331.24 5282.26 4625.23 2785.86 1573.42
internal_count=140618 35801 7719 28082 4593 23489 21276 104817 87809 82488 67016 58332 36634 20578
is_linear=0
shrinkage=0.0101079


Tree=81
num_leaves=15
num_cat=0
split_feature=28 3 11 23 27 13 13 3 13 28 15 15 15 2
split_gain=26.5056 28.6257 20.9891 20.2163 26.3597 18.1679 18.56 18.1242 16.7957 16.1574 16.0751 16.0502 23.9938 18.3677
threshold=-0.69930991530418385 0.46475630998611456 0.025121112354099754 1.4892026185989382 -0.49049438536167139 -0.019022347405552861 0.00041499907092656946 0.74070098996162426 -0.083856664597988115 0.6835516393184663 10.43533515930176 22.533465385437015 19.269001960754398 1.2458482384681704
decision_type=2 2 2 2 2 2 2 2 2 2 2 2 2 2
left_child=2 8 10 4 9 -5 -7 11 -2 -3 -1 12 -4 -13
right_child=1 3 7 5 -6 6 -8 -9 -10 -11 -12 13 -14 -15
leaf_value=0.0011269342549093144 0.0034426280964693331 -0.0016592346836910247 0 -0.0021292174551996307 -0.00036418295362796637 0.0047956725870549367 0.00046029001414606521 0.0023940178518954357 0.00024943400961549209 -0.0049764370068454446 0.0046531231325368551 -0.00010247189316430149 -0.0038036584567590569 0.0053782620720023745
leaf_weight=449.94529790058732 176.85935057513416 1559.1940175686032 1457.5773880928755 179.61358828656375 2257.6842270642519 126.02658307924867 539.98665325529873 349.24835194461048 2575.6104615218937 180.3240620419383 216.85116669349372 111.07094935327768 183.86546416580677 103.22966631874442
leaf_count=5905 2664 22722 19150 2422 29212 1732 6856 4713 34824 2690 2628 1445 2230 1234
internal_value=0 -0.000334836 0.000803532 -0.000805328 -0.00110893 0.00057938 0.00138581 0.000303938 0.000478237 -0.00204652 0.00237343 -7.58733e-05 -0.000439921 0.00244931
internal_weight=0 7595.3 2871.79 4842.83 3997.2 845.627 666.013 2204.99 2752.47 1739.52 666.796 1855.74 1641.44 214.301
internal_count=140427 103122 37305 65634 54624 11010 8588 28772 37488 25412 8533 24059 21380 2679
is_linear=0
shrinkage=0.0101079


Tree=82
num_leaves=15
num_cat=0
split_feature=3 0 0 11 3 12 2 3 31 12 14 15 12 3
split_gain=25.2257 32.7701 14.3281 14.6793 14.1048 30.8387 24.4988 22.0979 13.7521 17.6665 13.2479 20.78 16.3692 16.0806
threshold=0.46475630998611456 0.69134682416915905 1.7864766716957095 0.0063770986162126073 0.31738872826099401 0.041841769590973861 0.68855559825897228 0.33560158312320715 1.0000000180025095e-35 -0.020802052691578862 -4.4337007999420157 13.244521617889406 0.057423800230026252 0.42982682585716253
decision_type=2 2 2 2 2 2 2 2 2 2 2 2 2 2
left_child=4 -2 3 -3 5 6 -1 -6 9 -8 13 -12 -13 -9
right_child=1 2 -4 -5 7 -7 8 10 -10 -11 11 12 -14 -15
leaf_value=-0.00057753583367186766 -0.0020208115731793395 0.0017428797304302852 0.0014211798052063019 -0.00038432184910005087 0.0038732553391141837 -0.0046006402313065534 0.00017074477446009685 -0.0004388349359833282 2.5523379608380892e-05 0.0063559100823102638 0.0053191225680730148 -0.00023176995366206078 0.0030724862103769118 0.0019575243933336785
leaf_weight=847.62424837239087 1015.4379867240787 344.26530789211392 592.76478962227702 4690.0088927038014 267.04308606125414 134.64072347059846 93.587227385491133 1068.359871327877 173.4004697855562 130.59830061346292 140.36156730167568 388.97268881835043 225.12637219950557 377.49068808741868
leaf_count=13256 15838 4460 8985 58995 3671 1964 1527 14356 2659 1792 1575 4286 2194 5169
internal_value=0 -0.000355746 -4.57562e-05 -0.000228404 0.000671627 -0.000120366 0.000356823 0.00112991 0.00242211 0.00403922 0.000766383 0.00185073 0.000937267 0.000165951
internal_weight=0 6642.48 5627.04 5034.27 3847.21 1379.85 1245.21 2467.35 397.586 224.186 2200.31 754.461 614.099 1445.85
internal_count=140727 88278 72440 63455 52449 21198 19234 31251 5978 3319 27580 8055 6480 19525
is_linear=0
shrinkage=0.0101079


Tree=83
num_leaves=15
num_cat=0
split_feature=28 27 29 8 8 2 0 16 14 20 2 28 13 7
split_gain=28.3525 28.9992 41.5588 21.736 17.2184 16.4702 33.274 22.997 19.9942 15.8677 18.6287 15.8058 15.3365 18.597
threshold=-0.71473535895347584 0.50938662886619579 -1.0000000180025095e-35 -0.36163008213043207 0.5174669921398164 0.79880532622337352 0.66461965441703807 0.76360589265823375 -6.7757723331451407 1.062440872192383 2.12937343120575 -0.43245348334312433 0.060324635356664665 13.588139057159426
decision_type=2 2 2 2 2 2 2 2 2 2 2 2 2 2
left_child=4 2 -2 11 -1 7 -7 8 -5 -3 -11 -4 13 -13
right_child=1 9 3 5 -6 6 -8 -9 -10 10 -12 12 -14 -15
leaf_value=0.0015242740788542748 0.0010707405052279495 0.0010315169751767407 5.5375271188511278e-06 0.00011578294340963182 -6.6739123394426783e-05 -0.0037982872455320873 -0.0003085359201665915 -0.0019823408468533834 0.004948007821705726 -0.00077111816942904035 0.0032736935096521467 -0.0026271817938631199 -0.0055619066964190146 0.0017464890079177779
leaf_weight=1710.7683867625892 908.66179593279958 1877.9488511011004 221.84259952045977 230.00486972369254 1086.8668747134507 373.83927961625159 1165.645693346858 185.91776998713613 154.69144272245467 1259.1931189391762 118.20037440396845 928.07773935049772 182.82312681339681 94.373043866828084
leaf_count=21911 12151 25456 3029 3602 14418 5942 15986 2147 1931 16444 1136 13167 2300 1259
internal_value=0 -0.000293156 -0.00082642 -0.00132645 0.000893237 -0.00064405 -0.0011967 0.000773047 0.00222057 0.00042295 -0.000378647 -0.00229842 -0.00275324 -0.00217422
internal_weight=0 7701.22 4445.88 3537.22 2797.64 2110.1 1539.48 570.614 384.696 3255.34 1377.39 1427.12 1205.27 1022.45
internal_count=140879 104550 61514 49363 36329 29608 21928 7680 5533 43036 17580 19755 16726 14426
is_linear=0
shrinkage=0.0101079


Tree=84
num_leaves=15
num_cat=0
split_feature=28 3 29 27 2 11 4 15 15 3 21 3 27 2
split_gain=23.3947 44.0323 27.9702 27.9458 19.5715 16.6975 16.0974 15.97 17.5087 22.5592 27.1403 19.3407 19.2605 25.5509
threshold=-0.22706275433301923 0.48584090173244482 -0.60785761475563038 -1.0000000180025095e-35 1.4002898931503298 0.019165301695466045 1.6784976124763491 5.0033621788024911 22.533465385437015 0.73753392696380626 8.4733004570007342 0.32756531238555914 -0.37256073951721186 1.5481935143470766
decision_type=2 2 2 2 2 2 2 2 2 2 2 2 2 2
left_child=5 -2 -3 6 -5 -1 -4 -7 9 10 -9 -10 13 -11
right_child=1 2 3 4 -6 7 -8 8 11 12 -12 -13 -14 -15
leaf_value=0.001801310458483569 0.00057337266655585614 0.003665506355194238 -0.0025815480736207613 -0.0011456221827926237 0.0014914411622332178 0.0014372393051291388 0 -0.00046427163058846343 -0.0013750413964162941 0.002903314484219527 -0.0043067052934468867 0.0032997635815234317 0.0040368317023226317 -0.0027419776673523206
leaf_weight=844.35607727430761 2412.5530176050961 103.93456758745015 1591.1186210457236 798.92486748844385 433.79065351188183 861.95950790308416 307.59538048692048 2021.4271198473871 112.46361872926354 149.50608749315143 205.38951566442847 279.3597739059478 182.79198137484491 163.40666640736163
leaf_count=10986 32258 1315 23885 10449 5032 12014 4496 26046 1682 2137 2100 3468 2158 2441
internal_value=0 -0.000447784 -0.00122129 -0.0014049 -0.000181526 0.000510091 -0.00217402 0.000222813 -0.000103024 -0.000404193 -0.000850302 0.00185595 0.00150187 0
internal_weight=0 5647.92 3235.36 3131.43 1232.72 4820.66 1898.71 3976.3 3114.34 2722.52 2226.82 391.823 495.705 312.913
internal_count=140467 77435 45177 43862 15481 63032 28381 52046 40032 34882 28146 5150 6736 4578
is_linear=0
shrinkage=0.0101079


Tree=85
num_leaves=15
num_cat=0
split_feature=29 28 27 28 29 8 29 27 13 15 20 20 23 13
split_gain=23.3601 26.6932 31.4681 26.7754 21.7641 18.0564 16.972 17.9649 16.9361 26.0254 25.4618 19.8391 29.6884 16.7912
threshold=-0.60785761475563038 -0.69930991530418385 0.22706275433301928 0.37256073951721197 -1.0000000180025095e-35 0.5174669921398164 0.87837970256805431 -0.95032352209091175 0.010126297362148763 11.877943038940431 -0.7663598060607909 -0.25171092152595514 0.72974818944931041 -0.075893316417932496
decision_type=2 2 2 2 2 2 2 2 2 2 2 2 2 2
left_child=-1 5 3 4 -3 -2 7 -6 11 10 -10 12 -5 -4
right_child=1 2 13 8 6 -7 -8 -9 9 -11 -12 -13 -14 -15
leaf_value=0.0039569997523745707 0.0013928421006162164 0.0018315196845727724 0.0029793665523585224 0.00032630011441762199 -0.0025551705785602976 -0.0002212343813268409 0.00098388227495145564 0 -0.0015776350086795492 -0.0020030182167291425 0.004677176430263337 -0.004481078039389047 -0.0051755754646974324 7.2230846064756752e-05
leaf_weight=141.70569335483015 1756.8285761941224 401.08562766388059 210.3656227439642 312.39562567695975 625.36749003455043 1115.2572862505913 386.55864306911826 542.25924409925938 105.50930487178266 610.2340048532933 136.07768925465643 447.54899474047124 131.8242029864341 3546.0238968823105
leaf_count=1815 22547 5333 2941 4922 8856 14758 5400 7329 1435 8092 1834 6511 1949 46715
internal_value=0 -6.88304e-05 -0.000391344 -0.00105429 -0.000216898 0.000753093 -0.000777827 -0.00139813 -0.00196519 -0.000865592 0.00181833 -0.00295424 -0.00127662 0.000251507
internal_weight=0 10327.3 7455.25 3698.86 1955.27 2872.09 1554.19 1167.63 1743.59 851.821 241.587 891.769 444.22 3756.39
internal_count=140437 138622 101317 51661 26918 37305 21585 16185 24743 11361 3269 13382 6871 49656
is_linear=0
shrinkage=0.0101079


Tree=86
num_leaves=15
num_cat=0
split_feature=28 3 29 23 11 3 29 33 29 33 2 7 18 18
split_gain=24.7126 30.3001 21.5344 26.8861 15.3278 15.9954 20.9116 31.6469 19.0218 17.3869 14.7443 15.0407 16.8538 14.9329
threshold=-0.69930991530418385 0.47562648355960851 -0.60785761475563038 0.56869155168533336 0.025121112354099754 0.74070098996162426 0.87837970256805431 0.9590476155281068 0.6078576147556306 1.0013927817344668 1.3338767290115359 18.069192886352543 75.500000000000014 9.5000000000000018
decision_type=2 2 2 2 2 2 2 10 2 8 2 2 2 2
left_child=4 10 -3 -4 -1 6 7 -6 -9 -8 11 13 -13 -2
right_child=1 2 3 -5 5 -7 9 8 -10 -11 -12 12 -14 -15
leaf_value=0.0021503652402854868 -0.0013397272095763597 0.0034128378454448779 -0.0029397522494026599 -0.00060712528886580305 0.0016624439991334452 0.0023323936719807522 0.00371598954240334 -0.00071588824436542896 -0.0040815704100317972 -0.00068450916443339727 0.0026895751174653105 0.00085228833752855316 -0.003624232703675092 0.00089139781597531741
leaf_weight=664.33710606396198 342.86352437362075 109.14394668675959 590.00588364340365 3975.3955618757755 446.60670246556401 348.60918025672436 240.42035921663046 827.66359945386648 227.72722712159157 120.46990104578435 279.46335170604289 125.04601823166013 193.10008658282459 1982.4630871862173
leaf_count=8474 5010 1381 8861 53374 10700 4703 1987 6777 1840 2844 3315 1762 2144 27204
internal_value=0 -0.000299 -0.000806583 -0.00092184 0.000799899 0.000369966 0 -0.000532229 -0.00150431 0.0021534 0.000498928 0.000244984 -0.0017617 0.000541758
internal_weight=0 7597.48 4674.55 4565.4 2875.83 2211.5 1862.89 1502 1055.39 360.89 2922.94 2643.47 318.146 2325.33
internal_count=140376 103051 63616 62235 37325 28851 24148 19317 8617 4831 39435 36120 3906 32214
is_linear=0
shrinkage=0.0101079


Tree=87
num_leaves=15
num_cat=0
split_feature=28 3 8 23 2 30 5 17 3 20 2 4 18 12
split_gain=19.9566 25.4077 20.6586 17.42 18.3069 51.3102 17.131 16.6817 19.1723 14.9874 22.6494 21.056 17.24 17.6484
threshold=-0.71473535895347584 0.46475630998611456 0.5174669921398164 0.85151809453964245 0.78070610761642467 -0.56174489110708226 -4.4266271591186515 27.500000000000004 0.71216201782226574 1.354586184024811 0.75803670287132274 -0.10401681438088416 8.5000000000000018 0.040300572291016586
decision_type=2 2 2 2 2 2 2 2 2 2 2 2 2 2
left_child=2 9 -1 4 5 -3 -6 8 -8 12 -11 -12 -2 -14
right_child=1 3 -4 -5 6 -7 7 -9 -10 10 11 -13 13 -15
leaf_value=0.0014831129808523821 -0.00084593010526329586 -0.0044779129827979148 -0.00026926876687281278 -0.00011880439027906489 0.001356743631625116 0.0027583520223589337 0.00093537143172441766 -0.0028858247889750788 -0.0034027260161977675 -0.0022778205175547333 -0.0024164386865209021 0.0022499221387315186 0.0018951116927499007 -0.0016628418254546649
leaf_weight=1705.9314729031175 358.33196098729968 138.01281012780964 1087.013581065461 2846.0040220580995 134.67216158285737 306.24928134679794 299.95964506082237 1039.423261763528 145.35691035725176 401.55431982129812 122.8538205716759 348.96582552045584 1401.8346461076289 140.41911250725389
leaf_count=21940 5193 1914 14433 37295 2097 4100 3639 15548 1847 5538 1482 4309 19545 1798
internal_value=0 -0.000207709 0.000787751 -0.000648084 -0.00135533 0.000383078 -0.00185669 -0.00218075 -0.000424705 0.000556799 -0.000505158 0.000931287 0.00106609 0.00153844
internal_weight=0 7683.64 2792.95 4909.68 2063.67 444.262 1619.41 1484.74 445.317 2773.96 873.374 471.82 1900.59 1542.25
internal_count=140678 104305 36373 66440 29145 6014 23131 21034 5486 37865 11329 5791 26536 21343
is_linear=0
shrinkage=0.0101079


Tree=88
num_leaves=15
num_cat=0
split_feature=28 3 13 10 15 13 3 12 3 2 13 32 16 2
split_gain=21.7679 25.0705 19.3698 26.0348 22.4955 27.4922 22.5476 21.1935 17.4384 17.1375 23.7544 18.3928 19.1647 16.8996
threshold=-0.69930991530418385 0.46475630998611456 -0.025589214637875553 0.12505491822957995 7.5421009063720712 0.017905761487782005 0.96817117929458629 -0.11410618573427199 0.85932177305221569 1.3338767290115359 0.091552894562482848 1.0000000180025095e-35 0.14109162986278537 0.79411035776138317
decision_type=2 2 2 2 2 2 2 2 2 2 2 2 2 2
left_child=-1 9 3 -3 5 6 13 -8 -5 10 11 12 -2 -4
right_child=1 2 4 8 -6 -7 7 -9 -10 -11 -12 -13 -14 -15
leaf_value=0.00071007508209875369 0.003444212033119 -0.0037197535365868731 0.0012629433596312968 0.00065605791936195531 -0.00095111923934131483 0.0047441797634186359 -0.0005971640473777215 0.0054780291640082199 -0.0035248582396746287 0.002947301196507266 -0.0037400492672430103 0.0035864970762826205 -9.3358634835511277e-05 -0.001639122552448521
leaf_weight=2891.4963916391134 160.54103172942996 475.79717477969825 296.45986381731927 383.65120707824826 2639.7363755311817 142.91080014407635 80.914418160915375 130.03482553362846 127.11623102612793 247.56432660296559 139.80996886268258 168.1708205267787 2038.6231600251049 571.55679273046553
leaf_count=37491 2700 6264 4391 5357 34424 1860 1203 2218 1906 2924 2048 2001 27795 8041
internal_value=0 -0.000318559 -0.000758742 -0.00202827 -0.000420574 0.000691465 8.78513e-05 0.00302299 -0.000342914 0.00044144 0.000169704 0.000428935 0.000157555 -0.000599341
internal_weight=0 7602.89 4848.18 986.565 3861.61 1221.88 1078.97 210.949 510.767 2754.71 2507.14 2367.34 2199.16 868.017
internal_count=140623 103132 65664 13527 52137 17713 15853 3421 7263 37468 34544 32496 30495 12432
is_linear=0
shrinkage=0.0101079


Tree=89
num_leaves=15
num_cat=0
split_feature=29 23 2 11 3 0 31 31 3 14 30 30 29 3
split_gain=22.6595 26.3001 24.2721 21.0137 17.9022 22.9433 22.0066 21.1184 19.0101 21.8253 17.5906 15.9857 22.465 23.327
threshold=-0.60785761475563038 0.52538022398948681 0.89246571063995372 0.0098392590880393999 0.5022544562816621 1.268034100532532 1.0000000180025095e-35 1.0000000180025095e-35 0.73753392696380626 -6.0097820758819571 1.0000000180025095e-35 1.0000000180025095e-35 0.6078576147556306 0.67606309056282055
decision_type=2 2 2 2 2 2 2 2 2 2 2 2 2 2
left_child=-1 2 -2 -3 7 6 11 10 -8 -10 -5 -6 13 -13
right_child=1 3 -4 4 5 -7 8 -9 9 -11 -12 12 -14 -15
leaf_value=0.003911878516516607 -0.00017108095049913493 0.0016668864394563613 -0.0033948174605340736 0.00037011378823624227 -0.0006544890565754898 0.00055693694913866822 -0.00043668173543020655 -0.00044844487024679736 0 0.005796363322160953 0.0022468423881390172 0.0012981920003653981 -0.0039852814753197881 -0.0028611534185861657
leaf_weight=142.85499674640596 594.16214748471975 818.84416039288044 427.25171930715442 1376.69026411511 1279.3023527953774 1589.547488860786 748.56683625839651 1378.3939018025994 124.84496789798141 115.21482119522989 873.67622533254325 245.43323279358447 487.7947151940316 277.22264553420246
leaf_count=1819 8303 11103 5984 17941 17600 21446 8998 19304 1406 1327 11674 3223 6881 3604
internal_value=0 -3.76053e-05 -0.00157409 0.000127671 -1.72674e-05 -0.000422169 -0.000909411 0.00051451 0.000316035 0.00276783 0.0011218 -0.00145543 -0.00241719 -0.000841029
internal_weight=0 10336.9 1021.41 9315.53 8496.69 4867.93 3278.38 3628.76 988.627 240.06 2250.37 2289.75 1010.45 522.656
internal_count=140613 138794 14287 124507 113404 64485 43039 48919 11731 2733 29615 31308 13708 6827
is_linear=0
shrinkage=0.0101079


Tree=90
num_leaves=15
num_cat=0
split_feature=28 3 29 0 5 12 15 5 13 13 33 29 0 15
split_gain=20.341 24.2147 21.3288 22.2484 15.5776 24.2686 22.2622 25.0816 22.3378 19.6534 20.5416 15.8851 15.1734 13.0364
threshold=-0.69930991530418385 0.47562648355960851 -0.60785761475563038 0.67797601222991954 2.0202469825744633 0.063204318284988417 24.250505447387699 0.22632977366447452 -0.083856664597988115 -0.022241428494453427 2.0062500238418584 0.6078576147556306 1.0764805078506472 5.5908725261688241
decision_type=2 2 2 2 2 2 2 2 2 2 8 2 2 2
left_child=-1 4 -3 -4 6 -6 7 8 -2 11 -11 -9 13 -10
right_child=1 2 3 -5 5 -7 -8 9 12 10 -12 -13 -14 -15
leaf_value=0.00072255771062073085 0.0045290335066748002 0.0035032088807113167 -0.002328306173739901 -0.00048901660930071404 -0.001727382103829224 0.002487600106107594 -0.0033975827058244749 -0.0017671339779007289 -0.001531567318952315 0.0053595507440956031 0.0002619099773518583 0.0034985869101790963 -0.0033617319789520004 0.00093907212609570354
leaf_weight=2887.3252656441182 110.38103080354631 107.7910861428827 843.71631609462202 3732.3318436723202 609.89191444404423 167.2514726575464 105.26047287881374 140.66795821115375 276.85763282515109 312.6305585205555 132.16440639086068 87.438423797488213 120.92494030669332 859.04041099175811
leaf_count=37445 1497 1373 13468 48939 8324 1868 1575 2203 4244 2589 3075 1209 1440 11403
internal_value=0 -0.000272838 -0.000726159 -0.000840286 0.000439866 -0.000753286 0.000892025 0.00114497 0.000320013 0.00273921 0.00396435 0.000127465 -4.27243e-05 0.000295273
internal_weight=0 7606.35 4683.84 4576.05 2922.51 777.143 2145.37 2040.11 1367.2 672.901 444.795 228.106 1256.82 1135.9
internal_count=140652 103207 63780 62407 39427 10192 29235 27660 18584 9076 5664 3412 17087 15647
is_linear=0
shrinkage=0.0101079


Tree=91
num_leaves=15
num_cat=0
split_feature=11 2 16 3 27 23 0 13 3 15 2 3 20 16
split_gain=23.4929 37.1799 25.8346 22.3004 22.0343 23.3771 20.3451 19.6603 37.9793 21.7884 19.1735 18.9254 16.6904 21.5076
threshold=0.016181158833205703 1.4955331087112429 0.67170393466949474 0.67857995629310619 -0.71473535895347584 0.56869155168533336 0.75643521547317516 -0.020686997100710865 0.67606309056282055 7.8715977668762216 0.95822975039482128 0.48313841223716741 -2.6267926692962642 0.15464979410171512
decision_type=2 2 2 2 2 2 2 2 2 2 2 2 2 2
left_child=1 2 10 6 5 -2 -4 8 -7 -9 -1 -11 -6 -14
right_child=4 -3 3 -5 12 7 -8 9 -10 11 -12 -13 13 -15
leaf_value=0.00069203318541029095 -0.0057294089420050201 0.0049713939273495489 0.00063055490306602742 -0.00085768658986069303 0.0012406495792948546 0.0010899457424798594 0.0067540198247393003 0.0018606485487518522 -0.0043467697034680133 0.0019359146944786818 -0.0021928180722366854 -0.0014763503614672185 0.0027850787301523989 -0.00026385991442511302
leaf_weight=609.72636657580733 100.26580834202468 217.38934287801385 114.02193760685623 103.76295269094408 1075.1418877914548 183.72289775125682 146.81650243699551 376.64747925288975 361.97742897458375 183.29167931899428 363.7416597828269 989.94004202447832 238.2382397800684 5449.9026604052633
leaf_count=8669 1519 2988 1375 1399 14673 2628 1774 5572 5318 1792 5000 13769 4017 70379
internal_value=0 0.00114924 0.000473504 0.00275182 -0.000193525 -0.0010728 0.00432211 -0.000810755 -0.00245339 -0.000197203 -0.000353302 -0.000899896 8.6855e-05 -0.000125489
internal_weight=0 1555.46 1338.07 364.601 8959.13 2195.85 260.838 2095.58 545.7 1549.88 973.468 1173.23 6763.28 5688.14
internal_count=140872 21205 18217 4548 119667 30598 3149 29079 7946 21133 13669 15561 89069 74396
is_linear=0
shrinkage=0.0101079


Tree=92
num_leaves=15
num_cat=0
split_feature=27 29 22 11 2 30 4 29 2 15 14 12 14 5
split_gain=25.1312 36.9566 43.6041 28.1219 22.6441 24.2154 18.5719 17.0275 16.2234 14.6277 16.9281 21.2236 19.9111 32.8553
threshold=-0.41268247365951533 -1.0000000180025095e-35 -0.40061351656913752 0.017444247379899028 2.0736768245697026 -0.56174489110708226 1.6213166713714602 -0.60785761475563038 0.77104493975639354 3.4312249422073369 -7.0595555305480948 0.017321676015853885 -1.9137421250343321 0.300055742263794
decision_type=2 2 2 2 2 2 2 2 2 2 2 2 2 2
left_child=1 -1 3 -3 7 -6 8 -2 -5 -9 11 -11 13 -12
right_child=4 2 -4 6 5 -7 -8 9 -10 10 12 -13 -14 -15
leaf_value=0.0013681422194519368 0.0041075226815813224 0.00074006632292555831 -0.00022727838709916612 -0.00015093543032143668 0.0054859586753670704 0.00059730179371495168 0 0.00152239750201956 -0.0049572661337685718 2.641212450640732e-06 -0.00038172628229330471 -0.002019770673078606 -0.00084913928719356196 0.001908877188628817
leaf_weight=720.26982321590185 108.11196883022785 157.99077236838639 1816.4203838147223 102.25410605035722 173.89188724569976 298.04196501150727 110.13243577070534 720.0388381741941 583.37029122374952 1514.0221761781722 1093.306842468679 776.7626249846071 858.32576582022011 1448.0500396899879
leaf_count=9619 1274 2322 24724 1304 1944 3669 1435 10766 8857 21410 13986 11345 9572 18280
internal_value=0 -0.000635914 -0.00117389 -0.00291849 0.000412322 0.0025417 -0.00369541 0.000249162 -0.00430842 0.000172974 0 -0.000669931 0.000452598 0.000909366
internal_weight=0 3490.44 2770.17 953.748 6990.55 471.934 795.757 6518.62 685.624 6410.51 5690.47 2290.78 3399.68 2541.36
internal_count=140507 48261 38642 13918 92246 5613 11596 86633 10161 85359 74593 32755 41838 32266
is_linear=0
shrinkage=0.0101079


Tree=93
num_leaves=15
num_cat=0
split_feature=11 16 13 23 2 21 30 27 28 20 16 16 7 12
split_gain=20.8673 26.9664 39.1619 21.014 37.2508 19.6178 22.7575 19.0079 38.0412 19.9082 21.5698 24.518 20.4226 17.1439
threshold=0.015727005898952488 0.66121944785118114 -0.0077524371445178977 0.68430209159851085 0.80302700400352489 -1.0886054039001463 1.0000000180025095e-35 -0.41268247365951533 -0.18436925113201139 -2.6267926692962642 0.15464979410171512 0.37909406423568731 -8.994715213775633 0.016678262501955036
decision_type=2 2 2 2 2 2 2 2 2 2 2 2 2 2
left_child=1 5 -3 -4 -5 6 -1 8 -2 -9 -11 13 -13 -12
right_child=7 2 3 4 -6 -7 -8 9 -10 10 11 12 -14 -15
leaf_value=-0.00011891631560208883 0.00033376392009116065 0.0077179102352187817 -0.002456441975336429 0.0072324466298305298 -0.001000702364594608 -0.0010577281819900554 0.0039505822656332821 0.001568328580248549 -0.0019245662329399995 0.0029735554498061629 -0.00068225990395412732 0.003639297511799984 -2.513128811944251e-05 -0.0038482139628033037
leaf_weight=292.12826028466225 1457.8015073426068 132.23991641588509 99.82281937636435 97.538396287709475 101.57968365214765 549.36117322742939 233.13359287008643 883.29318961687386 1529.0392662454396 218.99917502142489 591.9407057557255 153.49442930333316 3866.7999414857477 272.46674813702703
leaf_count=3959 19188 1592 1287 1289 1339 7947 3145 11985 22070 3730 8438 1903 48367 4266
internal_value=0 0.00113139 0.00325063 0.000999431 0.00295455 0.000226725 0.00164202 -0.000150819 -0.000810767 0.000172278 -6.33935e-05 -0.000212256 0.000111353 -0.00175158
internal_weight=0 1505.8 431.181 298.941 199.118 1074.62 525.262 8973.83 2986.84 5986.99 5103.7 4884.7 4020.29 864.407
internal_count=140505 20558 5507 3915 2628 15051 7104 119947 41258 78689 66704 62974 50270 12704
is_linear=0
shrinkage=0.0101079


Tree=94
num_leaves=15
num_cat=0
split_feature=28 27 29 2 8 20 22 2 16 30 7 21 21 15
split_gain=22.6282 23.4826 38.1771 19.9839 18.5948 18.5277 15.4583 25.3803 23.2334 20.4701 15.8105 18.6172 15.4525 17.6225
threshold=-0.69930991530418385 0.24825246632099154 -1.0000000180025095e-35 1.4002898931503298 0.5174669921398164 1.6996809840202334 -0.40061351656913752 0.78070610761642467 0.13632508367300036 -0.56174489110708226 -2.5070053339004512 -0.56190013885498036 5.6832523345947275 22.316658020019535
decision_type=2 2 2 2 2 2 2 2 2 2 2 2 2 2
left_child=4 2 -2 5 12 -3 7 9 -9 -4 -10 -12 -1 -14
right_child=1 3 6 -5 -6 -7 -8 8 10 -11 11 -13 13 -15
leaf_value=0.0018907784248805176 0.0010851840815592373 0.00044365334726411635 -0.0037646627788930284 0.0017979320427954095 -0.00022710562562335227 -0.0012611174322293328 -0.00055915580546687059 0.0013560530266049046 -0.0053013116709554513 0.0011530809480342387 0.0013954834242618278 -0.0029905395904798876 -0.0020096506869709749 0.0025904142540009189
leaf_weight=1399.47891866602 799.63205342926085 2073.4326817188412 106.19616997987032 704.12694626301527 1123.0216052923352 935.66946318745613 1442.3941071014851 105.07801524363458 314.04370649158955 351.98546276055276 98.153046034276485 650.1504252050072 241.12826609797776 118.19698202982545
leaf_count=18459 10658 28959 1452 7866 14821 12266 20216 1891 4611 4536 1480 9102 2720 1344
internal_value=0 -0.00029337 -0.000846416 0.000272343 0.000757681 -7.48639e-05 -0.00136447 -0.00204828 -0.00283515 0 -0.00329428 -0.00235338 0.00140767 -0.000363729
internal_weight=0 7580.86 3867.63 3713.23 2881.83 3009.1 3068 1625.61 1167.43 458.182 1062.35 748.303 1758.8 359.325
internal_count=140381 103037 53946 49091 37344 41225 43288 23072 17084 5988 15193 10582 22523 4064
is_linear=0
shrinkage=0.0101079


Tree=95
num_leaves=15
num_cat=0
split_feature=28 3 5 15 13 16 3 29 18 15 13 3 21 27
split_gain=22.3845 24.4016 25.3275 24.8888 21.442 23.3354 22.7375 21.6154 20.1287 17.8378 27.9931 31.7487 20.1572 15.9912
threshold=-0.71473535895347584 0.46475630998611456 2.0202469825744633 24.250505447387699 -0.025589214637875553 0.11845690011978151 0.77204895019531261 -1.0000000180025095e-35 9.5000000000000018 6.6354515552520761 0.015872585587203506 0.96817117929458629 -6.5159296989440909 0.33172981441020971
decision_type=2 2 2 2 2 2 2 2 2 2 2 2 2 2
left_child=-1 2 3 8 5 6 -3 -7 -2 10 11 -6 -13 -9
right_child=1 4 -4 -5 9 7 -8 13 -10 -11 -12 12 -14 -15
leaf_value=0.00077412071612814864 -0.00069039468991532907 0.0027462055360493219 -0.0011133583470491898 -0.0035130119503649806 -0.00082782399157493728 0.00033634953163949621 -0.0033375002417021741 -0.004876498972913831 0.0018305017970128854 -0.00078351681074723166 0.0050411905641219801 0 0.0066914010128644834 -0.00088851027225135342
leaf_weight=2807.8781745694578 375.75842481292784 166.42075842060149 733.91269212029874 103.72182988375425 739.37466605380177 141.0542556066066 87.902089273557067 420.61202322505414 1578.6305431183428 2837.7091316990554 127.65221273712814 82.811284799128771 99.467003809288144 175.87518740817904
leaf_count=36352 5363 2529 9608 1562 10606 1781 1402 5850 21370 37399 1689 1184 1712 2095
internal_value=0 -0.000279481 0.000464584 0.00104891 -0.000713634 -0.00204326 0.000452905 -0.00295417 0.00132438 -0.00036061 0.000742169 6.66444e-05 0.00379558 -0.00379375
internal_weight=0 7670.9 2792.02 2058.11 4878.88 991.864 254.323 737.541 1954.39 3887.01 1049.31 921.653 182.278 596.487
internal_count=140502 104150 37903 28295 66247 13657 3931 9726 26733 52590 15191 13502 2896 7945
is_linear=0
shrinkage=0.0101079


Tree=96
num_leaves=15
num_cat=0
split_feature=3 22 29 11 0 3 0 13 13 30 3 10 3 3
split_gain=18.9949 24.3196 31.6999 19.9655 15.3933 20.5356 13.5412 13.101 13.1277 12.7049 16.4141 16.1162 13.6121 29.4967
threshold=0.46475630998611456 -0.65945655107498158 1.0000000180025095e-35 0.00684669939801097 0.73559865355491649 0.62176570296287548 1.355888366699219 -0.083856664597988115 -0.05716870725154876 1.0000000180025095e-35 0.2147762402892113 0.11681369692087175 0.23394754528999331 0.29116177558898931
decision_type=2 2 2 2 2 2 2 2 2 2 2 2 2 2
left_child=7 2 4 -3 5 -2 -5 -1 -9 10 -10 -12 -11 -14
right_child=1 3 -4 6 -6 -7 -8 8 9 12 11 -13 13 -15
leaf_value=0.0030036172683363354 -0.004026859243471563 0.0021727686975520715 -0.0028616811714760131 -0.00054863328231671859 0.0023334041972565426 0.0011094280989753221 0.0005995000471177267 -0.0016150975923087279 -0.0031872372865038626 0.0047556234809502497 0.0008993744021792814 -0.0011931808591785229 -0.0026209716568815727 0.0016736031558071095
leaf_weight=209.50967923924327 132.1221128590405 382.20004462078214 773.53534506633878 3501.687925670296 221.04816884174943 160.57450048997998 1464.6201363485307 285.1078571099788 137.29607521370053 109.38256878778338 1412.1582836061716 492.53824056498706 180.43723421543837 1038.0736524872482
leaf_count=3102 1831 5126 11023 45380 2642 2445 19903 4664 2538 1691 18651 6143 2538 13189
internal_value=0 -0.000330057 -0.00157347 -2.1415e-05 0.000301981 -0.00111764 -0.000201493 0.000560613 0.000403551 0.000589593 6.69442e-05 0.000334477 0.00135801 0.000992276
internal_weight=0 6635.79 1287.28 5348.51 513.745 292.697 4966.31 3864.5 3654.99 3369.89 2041.99 1904.7 1327.89 1218.51
internal_count=140866 88350 17941 70409 6918 4276 65283 52516 49414 44750 27332 24794 17418 15727
is_linear=0
shrinkage=0.0101079


Tree=97
num_leaves=15
num_cat=0
split_feature=28 10 7 13 13 15 15 23 2 5 15 13 5 21
split_gain=18.3698 16.7066 14.9756 14.863 21.5833 29.9901 25.0711 16.5077 23.705 17.419 16.4825 16.0253 14.6967 14.3869
threshold=-0.69930991530418385 0.039808027446269996 5.5826380252838144 -0.087325319647788988 -0.03462963551282882 11.200118064880373 2.6562331914901738 0.5199095904827119 0.89246571063995372 7.2775125503540048 4.3907742500305185 -0.075893316417932496 11.741703033447267 -8.6490263938903791
decision_type=2 2 2 2 2 2 2 2 2 2 2 2 2 2
left_child=1 2 -1 10 5 6 13 8 -6 -9 -2 -8 -11 -5
right_child=3 -3 -4 4 7 -7 11 9 -10 12 -12 -13 -14 -15
leaf_value=0.00038327610705853093 0.0043966529699764594 0.0010715543446892324 -0.0026696421855546366 -0.0010707103797295786 -3.5440504190932873e-05 0.0035507870822252181 0.00045050029969595073 0.00023589836523183131 -0.0037121766200656596 -0.0028812769471961569 -0.00084242272719159341 -0.0036027267632338959 0.00095609501818505385 0.0037471331526229604
leaf_weight=406.93577005155385 134.29590808786452 2234.7535860277712 247.84797975420952 178.70698066055775 489.20051627978683 91.055347250774503 94.15032397583127 4992.0539539977908 297.84182035177946 341.92469125986099 85.066908037289977 693.84012096375227 120.30146398767829 84.81151332706213
leaf_count=5370 2046 28867 3265 2790 6525 1062 1238 66361 4393 4274 1417 9817 1971 1320
internal_value=0 0.000648803 -0.000728619 -0.000296242 -0.000378891 -0.00165455 -0.00216588 -0.000137146 -0.00150009 5.39305e-05 0.00222656 -0.00306786 -0.00179704 0.000392349
internal_weight=0 2889.54 654.784 7603.25 7383.89 1142.56 1051.51 6241.32 787.042 5454.28 219.363 787.99 462.226 263.518
internal_count=140716 37502 8635 103214 99751 16227 15165 83524 10918 72606 3463 11055 6245 4110
is_linear=0
shrinkage=0.0101079


Tree=98
num_leaves=15
num_cat=0
split_feature=27 23 29 29 11 23 21 9 20 1 3 3 12 16
split_gain=17.7677 39.3019 23.5413 17.7921 16.2419 15.3238 15.1213 14.5806 16.3045 13.5822 11.5641 14.86 22.3056 13.3226
threshold=-0.41268247365951533 0.85151809453964245 -1.0000000180025095e-35 -1.0000000180025095e-35 0.017444247379899028 1.7235463857650759 -0.37017333507537836 0.17583961784839633 -2.9920455217361446 1.0139619112014773 0.73375961184501659 0.36965614557266241 0.03953149542212487 0.36208879947662359
decision_type=2 2 2 2 2 2 2 2 2 2 2 2 2 2
left_child=1 2 6 -3 -4 7 -1 10 9 -9 11 12 -2 -12
right_child=5 3 4 -5 -6 -7 -8 8 -10 -11 13 -13 -14 -15
leaf_value=-0.0018511289065653814 0.0020223464534253762 0.0017672071848565674 0 -0.00030625845392443602 -0.0037595325910239358 0.0038180207261134178 0.0033775669216196914 0.0027920566834753993 -0.00051677615494603185 -6.1921191254818913e-05 0 -1.6473593484223425e-05 -0.0017732929754180333 0.0037600115475029247
leaf_weight=101.81292333826423 980.43208422698081 522.88822777941823 123.20857014879584 2023.9212428051978 627.54588582925498 121.70602493733168 101.44610731676221 301.18567225895822 2827.701544964686 320.26843568123877 135.44207967445254 1896.3500258196145 170.93167705275118 249.30287731811404
leaf_count=1352 14496 6851 1786 27594 9320 1457 1469 4153 36502 4087 1615 24313 2462 3018
internal_value=0 -0.000534331 -0.00227738 0.000107601 -0.00310641 0.000345782 0.000594259 0.000274332 -0.000180312 0.00127397 0.000742347 0.000513591 0.00141594 0.00240595
internal_weight=0 3500.82 954.013 2546.81 750.754 7003.32 203.259 6881.61 3449.16 621.454 3432.46 3047.71 1151.36 384.745
internal_count=140475 48372 13927 34445 11106 92103 2821 90646 44742 8240 45904 41271 16958 4633
is_linear=0
shrinkage=0.0101079


Tree=99
num_leaves=15
num_cat=0
split_feature=27 28 17 15 2 11 2 7 5 33 16 20 9 1
split_gain=20.496 38.8609 17.7769 17.6939 32.8938 16.7726 15.5432 20.9297 14.4511 13.4704 15.3214 13.2751 15.6094 15.2574
threshold=-0.43245348334312433 0.47136868536472326 50.500000000000007 6.4171156883239755 0.78977108001708995 0.033768286928534515 1.1851748228073122 3.770614862442017 3.6833450794219975 0.90112781524658214 0.74568709731102001 -2.9920455217361446 0.28240191936492925 0.88646492362022411
decision_type=2 2 2 2 2 2 2 2 2 10 2 2 2 2
left_child=1 2 5 -4 -5 8 7 -3 -1 -7 -11 13 -13 -2
right_child=11 6 3 4 -6 9 -8 -9 -10 10 -12 12 -14 -15
leaf_value=0.0032473111709737683 0.0030854740723386762 -0.0032820076161261132 0 0.0022008150441461425 -0.0038245909397772921 0.0015739635695049498 -0.0042023473436101823 0.0019382080322102567 -0.00058551590573826661 0.0010025389987170683 -0.0017890694606797256 0.00040313170116759847 -0.0007741356216347142 0.00028782075866383417
leaf_weight=335.41937789693475 345.3027043454349 164.86130708828568 628.18285966105759 104.85397652350366 402.91156948916614 339.1868095472455 379.00422472134233 128.06836610101163 115.97513792291284 287.26901997625828 551.99873109161854 4647.3886778913438 1509.6221901793033 546.58776646479964
leaf_count=4530 4875 2507 8742 1131 6002 8470 5909 1555 1694 2461 4638 61952 19252 6940
internal_value=0 -0.000668412 -0.000120621 -0.00109915 -0.0024876 0.000538592 -0.00283694 -0.000873732 0.00218097 -6.63449e-05 -0.000785299 0.000282152 0.00010731 0.00143297
internal_weight=0 3437.73 2765.8 1135.95 507.766 1629.85 671.934 292.93 451.395 1178.45 839.268 7048.9 6157.01 891.89
internal_count=140658 47639 37668 15875 7133 21793 9971 4062 6224 15569 7099 93019 81204 11815
is_linear=0
shrinkage=0.0101079


Tree=100
num_leaves=15
num_cat=0
split_feature=3 23 29 2 3 13 2 12 21 15 5 15 16 3
split_gain=19.7519 20.1791 25.7182 18.0462 19.8566 18.4645 17.1633 19.3496 28.2225 38.158 16.0291 23.1028 18.187 35.5569
threshold=0.46475630998611456 0.85151809453964245 1.0000000180025095e-35 1.6781963109970095 0.51095253229141246 -0.013402907643467186 0.78070610761642467 -0.078791152685880647 2.3588448762893681 12.236508369445803 2.0202469825744633 19.624384880065922 0.73490500450134288 0.32001498341560369
decision_type=2 2 2 2 2 2 2 2 2 2 2 2 2 2
left_child=10 2 3 4 -2 -6 -4 -8 -9 -10 11 12 -1 -14
right_child=1 -3 6 -5 5 -7 7 8 9 -11 -12 -13 13 -15
leaf_value=0.00088168206196219076 -0.0020444407197174586 9.1257091728147454e-05 0 -0.0021408088465239197 0.004542061133605781 0.00052423382324336728 0.00048723225508707856 -0.0050769350927916792 0.0039684005918654954 -0.0028376690625570213 -0.00044397123963096799 -0.0011503493405367461 -0.00026026564110378245 0.0050204823987935786
leaf_weight=1890.8624681588262 154.76684071682394 4277.6594510767609 325.67537828721106 244.00960000418127 178.35601787641644 399.16233065538108 153.50139466486871 420.83188454061747 97.071533249691129 373.01088033430278 1049.1490424070507 411.59604436345398 186.86168426834047 333.81962445937097
leaf_count=26780 1973 55882 4242 3354 2511 5210 2521 6207 1387 4866 13693 5753 2615 3660
internal_value=0 -0.000313518 -0.00106657 0.000149193 0.000981205 0.00187734 -0.00195831 -0.0025863 -0.00316057 -0.0013065 0.000594101 0.000994338 0.0013796 0.00307229
internal_weight=0 6624.05 2346.39 976.295 732.285 577.518 1370.09 1044.42 890.914 470.082 3872.29 2823.14 2411.54 520.681
internal_count=140654 88153 32271 13048 9694 7721 19223 14981 12460 6253 52501 38808 33055 6275
is_linear=0
shrinkage=0.0101079


Tree=101
num_leaves=15
num_cat=0
split_feature=3 28 29 27 2 3 27 13 13 17 14 23 13 14
split_gain=18.9885 32.8133 21.398 20.5481 22.4078 20.5273 16.4223 15.4845 32.6473 22.2636 17.7435 14.4003 13.9793 24.7844
threshold=0.46475630998611456 -0.18436925113201139 -0.60785761475563038 -1.0000000180025095e-35 1.7101338505744936 0.53154918551445018 0.45201864838600164 -0.025589214637875553 -0.010043977759778498 76.500000000000014 -19.573305130004879 1.4892026185989382 0.010126297362148763 -3.3755000829696651
decision_type=2 2 2 2 2 2 2 2 2 2 2 2 2 2
left_child=-1 5 -3 7 -5 6 -2 10 9 -9 -4 12 -10 -14
right_child=1 2 3 4 -6 -7 -8 8 11 -11 -12 -13 13 -15
leaf_value=0.00054595104684412431 0 0.0030141942847207791 -0.00019405783306682166 -0.00098102147852982872 0.0020364279141597162 0.0007502296658530109 -0.0034601883901510572 0.0046846836157442969 -0.0042139588057689302 -0.0014433921063660711 -0.0049162479863540526 0.0015572097222060031 0 -0.0034401191874398477
leaf_weight=3872.4069605395198 371.65135291777551 114.89965816214681 135.30668832734227 1012.6600160710514 322.53883742727339 2688.1998633295298 217.66286379471421 133.41598319448531 306.58597084321082 87.619315043091774 307.068673055619 89.813266819342971 468.1701825093478 374.60566277429461
leaf_count=52426 4585 1434 2242 13166 3567 34253 2952 2016 4879 1444 4384 1300 7262 4853
internal_value=0 -0.000343891 -0.00104902 -0.00121244 -0.000214517 0.00036584 -0.00130691 -0.0018879 -0.00132877 0.00211129 -0.00358968 -0.00198403 -0.0023042 -0.00153025
internal_weight=0 6630.2 3352.68 3237.78 1335.2 3277.51 589.314 1902.59 1460.21 221.035 442.375 1239.18 1149.36 842.776
internal_count=140763 88337 46547 45113 16733 41790 7537 28380 21754 3460 6626 18294 16994 12115
is_linear=0
shrinkage=0.0101079


Tree=102
num_leaves=15
num_cat=0
split_feature=11 15 13 27 29 0 30 21 3 22 0 20 15 20
split_gain=22.0415 26.9523 30.2745 25.417 33.0195 24.8129 23.8092 21.593 19.3026 18.7785 14.2721 13.6154 19.3351 18.2595
threshold=0.017034010030329231 10.193215847015383 -0.0068830221425741902 -0.71473535895347584 -1.0000000180025095e-35 1.2314120531082156 1.0000000180025095e-35 -1.2856889367103574 0.70906254649162304 -0.62181714177131642 0.72668448090553295 -2.6881979703903194 3.5679774284362797 -1.0065717697143552
decision_type=2 2 2 2 2 2 2 2 2 2 2 2 2 2
left_child=1 6 -3 4 8 -6 9 -8 -2 -1 -4 -5 -13 -14
right_child=3 2 10 11 5 -7 7 -9 -10 -11 -12 12 13 -15
leaf_value=-0.0041461305314910036 0.003643288935471689 0.0061837771177503924 -0.0019618920442020784 0.0011834986324704712 -0.0027899199073781185 -0.00023892241068669307 0.0040978882412520557 0 -0.00041541748242035563 -1.1561488184938756e-06 0.0024850172492814774 0.002386350521462599 -0.0016401894426663426 2.5057552758645497e-05
leaf_weight=142.51360132917762 189.99041181989014 190.24424319155514 99.250676667317748 1050.3707775902003 1009.9347801916301 693.69859555736184 232.09723612107337 248.20062770880759 263.14141106978059 514.61484208330512 198.0086104888469 301.64488803595304 772.17679724656045 4586.2371254879981
leaf_count=2280 2160 2244 1332 14233 14514 9676 3107 3512 3867 7081 2564 5001 10358 58732
internal_value=0 0.00110475 0.00307987 -0.000172648 -0.00112709 -0.00178055 0.000207955 0.00193111 0.0012306 -0.000998295 0.000855484 0.00012902 -6.08506e-05 -0.000209358
internal_weight=0 1624.93 487.504 8867.19 2156.77 1703.63 1137.43 480.298 453.132 657.128 297.259 6710.43 5660.06 5358.41
internal_count=140661 22120 6140 118541 30217 24190 15980 6619 6027 9361 3896 88324 74091 69090
is_linear=0
shrinkage=0.0101079


Tree=103
num_leaves=15
num_cat=0
split_feature=27 28 29 20 14 16 20 21 18 3 23 1 17 18
split_gain=20.689 39.4745 19.1282 15.6174 20.7164 30.2634 25.2298 33.5251 18.9252 17.3529 21.2805 17.0408 14.7947 14.5026
threshold=-0.41268247365951533 0.41268247365951544 -1.0000000180025095e-35 -2.6267926692962642 -7.0595555305480948 0.15464979410171512 -0.7342797815799712 5.215367555618287 42.500000000000007 0.36229579150676733 1.0907183289527895 0.88646492362022411 64.500000000000014 30.500000000000004
decision_type=2 2 2 2 2 2 2 2 2 2 2 2 2 2
left_child=1 2 -1 11 5 -5 -6 -8 -9 12 -11 -2 -7 -14
right_child=3 -3 -4 4 6 9 7 8 -10 10 -12 -13 13 -15
leaf_value=0.0016719604925200481 0.0030433368233448925 -0.0025784677274440643 -0.00044357073809950855 0.0028001257561290228 -0.0015784076335039702 -0.00071137042428350808 0.0019953136918538618 -0.002842778658566809 0.00035184428286889907 -0.0022163437202460997 0.0012318586237839296 0.00033436712005878189 -0.00057195044096006913 0.0041547289585660268
leaf_weight=539.88645066134632 425.45460041612387 787.89921439811587 2146.0180106330663 228.56700529158115 444.90402138605714 521.08054895140231 1574.3592770136893 210.32693681307137 1413.837660158053 1145.7260775547475 196.15409991703928 616.63578343018889 88.605660999193788 149.98589841090143
leaf_count=7193 6088 11683 29386 3889 5650 8064 19374 2539 16904 15691 2687 7823 1425 2200
internal_value=0 -0.000600648 0 0.000351683 0.000144153 -0.000590143 0.000625109 0.00094727 -4.8398e-05 -0.000986872 -0.00167816 0.00149303 0.000185989 0.00227159
internal_weight=0 3473.8 2685.9 7015.64 5973.55 2330.12 3643.43 3198.52 1624.16 2101.55 1341.88 1042.09 759.672 238.592
internal_count=140596 48262 36579 92334 78423 33956 44467 38817 19443 30067 18378 13911 11689 3625
is_linear=0
shrinkage=0.0101079


Tree=104
num_leaves=15
num_cat=0
split_feature=27 23 2 23 3 9 2 3 30 13 12 3 13 3
split_gain=18.0983 33.7959 22.549 16.4755 19.3606 14.5799 14.0716 22.9251 20.4323 23.4326 17.9208 25.0285 22.6792 16.68
threshold=-0.43245348334312433 0.85151809453964245 1.2601862549781802 0.56869155168533336 0.52379813790321361 0.25634677708148962 2.0454283952713017 0.73047596216201793 -0.56174489110708226 -0.078372038900852189 -0.020802052691578862 0.42790509760379797 -0.026178942993283268 0.19809285551309588
decision_type=2 2 2 2 2 2 2 2 2 2 2 2 2 2
left_child=1 2 3 -1 -5 -4 8 -8 10 -10 11 -2 -12 -11
right_child=6 -3 5 4 -6 -7 7 -9 9 13 12 -13 -14 -15
leaf_value=-0.0035742899541196444 0.00351263854037628 0 -0.005041426324032156 0.003867133199224459 -0.0010631692624976567 -0.00043992371933349435 -5.6821915964788159e-07 0.0041601370995471652 0.0044972701036996012 0.0044194938271162349 -0.0035142478856085616 -0.00056215074929051817 -0.00052980673483289003 0.00030258397840176118
leaf_weight=135.34725135192275 227.7074826490134 2500.0194331426173 320.6981009952724 110.12154358625412 240.63487620279193 117.17542409151793 264.77564151585102 233.52980325557292 145.47594143263996 97.834570964798331 319.25187336094677 406.28468581847847 1567.3417584598064 3805.4599606897682
leaf_count=1982 3223 33895 5126 1226 3510 1761 3058 2790 2200 1825 5169 5169 20162 49513
internal_value=0 -0.000622464 -0.00226574 -0.000647372 0.000421112 -0.0039296 0.000271702 0.00190263 0.000139769 0.000589058 -0.000565498 0.000862626 -0.00106834 0.000424552
internal_weight=0 3424 923.977 486.104 350.756 437.874 7067.66 498.305 6569.36 4048.77 2520.59 633.992 1886.59 3903.29
internal_count=140609 47500 13605 6718 4736 6887 93109 5848 87261 53538 33723 8392 25331 51338
is_linear=0
shrinkage=0.0101079


Tree=105
num_leaves=15
num_cat=0
split_feature=11 2 14 3 28 13 3 5 2 12 7 3 33 13
split_gain=17.2924 24.0104 19.3609 18.3866 24.1789 19.0279 19.5266 18.7646 18.2501 18.974 16.8859 14.7834 16.1414 14.879
threshold=0.017034010030329231 1.4955331087112429 -7.1848340034484854 0.40139877796173101 -0.09801131114363669 -0.032793821766972535 0.50647506117820751 -4.1424508094787589 1.1999542117118838 0.02639583591371775 13.21613931655884 0.76084542274475109 2.0062500238418584 0.0024690607096999888
decision_type=2 2 2 2 2 2 2 2 2 2 2 2 8 2
left_child=1 2 -1 8 -5 -6 -7 -8 9 10 -2 12 13 -4
right_child=3 -3 11 4 5 6 7 -9 -10 -11 -12 -13 -14 -15
leaf_value=-0.00084435526817831113 0.001438101297483105 0.0039840341372784594 0.0054623679519262011 0.00014469850097786834 -0.0026828112191381141 0.00089280124750746182 0.0011785924281049226 -0.0016190993203211821 0.0029968865731324181 -0.0012290990380296153 -0.00088096023017524537 -0.00070829704009246753 -4.7149843277331656e-05 0.0012551109329800695
leaf_weight=620.22444379888475 1217.4278563577682 228.50566955469549 194.4436460249126 3286.6522664930671 622.64726492390037 587.89146482013166 267.2215110193938 1565.2806449215859 276.71237950958312 616.85983845405281 405.78515715710819 196.42967499047518 171.49568350985646 215.02804950624704
leaf_count=9024 17607 3129 1535 41908 8583 7078 3709 21950 3626 8219 5629 2690 3974 1788
internal_value=0 0.000979609 0.000440606 -0.000151588 -0.000445665 -0.00109533 -0.000663123 -0.00118593 0.00057108 0.000244247 0.000832119 0.00151561 0.00233577 0.00341348
internal_weight=0 1626.13 1397.62 8846.48 6329.69 3043.04 2420.39 1832.5 2516.79 2240.07 1623.21 777.397 580.967 409.472
internal_count=140449 22140 19011 118309 83228 41320 32737 25659 35081 31455 23236 9987 7297 3323
is_linear=0
shrinkage=0.0101079


Tree=106
num_leaves=15
num_cat=0
split_feature=27 23 3 0 13 23 29 12 20 16 16 29 20 21
split_gain=15.7783 34.5469 23.7356 27.6727 20.6434 21.3969 19.533 19.8433 16.3978 16.7576 30.7241 28.5019 24.731 23.568
threshold=-0.43245348334312433 0.5734032690525056 0.52379813790321361 1.2060429453849795 0.059425994753837592 1.1163659095764162 0.6078576147556306 -0.12129334360361098 -2.6267926692962642 0.15464979410171512 0.37909406423568731 0.6078576147556306 -0.83295276761054982 5.215367555618287
decision_type=2 2 2 2 2 2 2 2 2 2 2 2 2 2
left_child=1 -1 4 6 5 -3 7 -4 -2 -10 11 -11 -12 -14
right_child=8 2 3 -5 -6 -7 -8 -9 9 10 12 -13 13 -15
leaf_value=-0.0042725428867805802 0.001428224433357197 0.0053625265397339618 -0.0046101396496001845 0.00027156262020898463 -0.0014694767593092023 0.00061412463563761943 -0.003382811928236298 0 0.0026847391631505311 -0.003009749921950397 -0.0014541208002215688 0.00032425407519908134 0.001250364111135982 -0.00029194982520448749
leaf_weight=232.24212571047246 1063.0235902164131 175.00995643809438 104.8667149245739 1368.7343477290124 150.58562930859625 260.35234112106264 482.99368543922901 649.33586762845516 231.80856764875352 610.36760328896344 684.85167250782251 417.54608143866062 2386.5884511414915 1688.4823401439935
leaf_count=3514 14162 2135 1596 19056 1393 3212 7188 9443 3929 9144 9126 5950 30507 20503
internal_value=0 -0.000561121 -0.000268871 -0.000693405 0.0015356 0.00267385 -0.00178862 -0.000690873 0.0002738 6.1668e-05 -3.9798e-05 -0.00162394 0.000295857 0.000602044
internal_weight=0 3424.12 3191.88 2605.93 585.948 435.362 1237.2 754.203 7082.67 6019.64 5787.84 1027.91 4759.92 4075.07
internal_count=140858 47537 44023 37283 6740 5347 18227 11039 93321 79159 75230 15094 60136 51010
is_linear=0
shrinkage=0.0101079


Tree=107
num_leaves=15
num_cat=0
split_feature=29 23 3 2 11 2 3 14 23 3 13 12 14 5
split_gain=21.5126 19.7238 29.2283 21.9808 16.0196 17.5131 16.1448 18.0642 13.203 18.9259 20.3361 15.6593 22.2984 22.2215
threshold=-0.60785761475563038 0.52538022398948681 0.26885353028774267 0.78070610761642467 0.011934541165828707 1.4831576943397524 0.74696034193038952 -6.4232535362243643 2.1015703678131108 0.588391274213791 -0.048339469358324998 0.063204318284988417 -1.3868576884269712 2.0202469825744633
decision_type=2 2 2 2 2 2 2 2 2 2 2 2 2 2
left_child=-1 2 -2 -4 5 6 7 -3 9 11 -11 13 -13 -6
right_child=1 4 3 -5 8 -7 -8 -9 -10 10 -12 12 -14 -15
leaf_value=0.0037653314087199453 0.0029152392377045054 0 -0.00010081236114429433 -0.0034177109819028364 0.00047351914659477591 0.0045099197964216936 -0.0015266605762928518 0.0033423961498720749 0.0017115291980866485 -0.0039107528700135499 -0.00050609206062816176 0.00044070710343075689 0.00461760381520499 -0.0012649121811780456
leaf_weight=146.42602707073092 127.08802072890103 335.7184641789645 382.10209938511252 507.23888804763556 2947.8814925793558 145.530263280496 223.88844342343509 292.61641542427242 408.11399448104203 188.54845105856657 3111.0007068924606 488.84851364046335 186.28110440075397 998.33355231396854
leaf_count=1852 1969 4867 5158 7118 39970 1979 3087 3599 5576 2945 41604 5898 1828 13278
internal_value=0 -3.87532e-05 -0.00137319 -0.00205075 0.000103339 0.00130977 0.000681009 0.00154021 -3.73914e-05 -0.000134171 -0.000721469 0.000276897 0.00169124 2.18863e-05
internal_weight=0 10343.2 1016.43 889.341 9326.76 997.754 852.223 628.335 8329.01 7920.89 3299.55 4621.34 675.13 3946.22
internal_count=140728 138876 14245 12276 124631 13532 11553 8466 111099 105523 44549 60974 7726 53248
is_linear=0
shrinkage=0.0101079


Tree=108
num_leaves=15
num_cat=0
split_feature=11 16 23 2 29 22 3 13 23 27 23 17 12 28
split_gain=18.5382 18.6765 15.3328 18.5327 12.3826 25.1796 12.2717 23.8023 16.587 14.5584 22.6029 19.5135 22.5872 21.3192
threshold=0.0094234421849250811 0.69278383255004894 0.4436019510030747 0.88189464807510387 1.0000000180025095e-35 -0.83544039726257313 0.70563888549804699 -0.03462963551282882 1.6599078774452212 1.0000000180025095e-35 0.98520126938819896 36.500000000000007 -0.049420971423387521 -0.60003554821014393
decision_type=2 2 2 2 2 2 2 2 2 2 2 2 2 2
left_child=1 -1 3 -2 6 -6 9 -8 -9 11 -11 13 -13 -4
right_child=2 -3 4 -5 5 -7 7 8 -10 10 -12 12 -14 -15
leaf_value=0.0005119244680330911 -6.6217866386520923e-05 0.0040354453343732577 0.001035883089185269 -0.0040084567627123296 -0.0025018503962767279 -9.6041856327609121e-05 -0.0044371235681477522 -0.00069199092252274132 0.0025532341151794343 0.0007916550284167176 -0.0020936988664576181 0.0035009303914749685 -0.00088611514229614138 0.0057374300295455483
leaf_weight=683.61850292421877 317.33103619329631 207.08615640923381 241.51329365372658 215.37226814217865 486.67322254180908 4901.5861266292632 128.74146567843854 630.77762021869421 206.16680140979588 1388.7090473175049 335.38276070542634 162.47048762999475 379.87924243882298 203.08741559647024
leaf_count=9539 4200 2609 2802 2826 7043 66121 1579 8419 2744 18856 4278 2311 4965 2347
internal_value=0 0.00140354 -0.000114429 -0.00176913 -1.13205e-05 -0.000324074 0.000435751 -0.000514736 7.53123e-05 0.00078971 0.000200235 0.0017693 0.000384813 0.00333362
internal_weight=0 890.705 9597.69 532.703 9064.99 5388.26 3676.73 965.686 836.944 2711.04 1724.09 986.95 542.35 444.601
internal_count=140639 12148 128491 7026 121465 73164 48301 12742 11163 35559 23134 12425 7276 5149
is_linear=0
shrinkage=0.0101079


Tree=109
num_leaves=15
num_cat=0
split_feature=27 23 2 3 2 3 30 7 30 11 30 18 15 7
split_gain=18.1363 26.8376 24.0444 22.8331 15.6613 26.8737 16.7165 18.346 16.4969 15.6616 14.5731 13.9565 14.4271 14.3232
threshold=-0.43245348334312433 0.87329331040382396 1.1851748228073122 0.48584090173244482 2.0736768245697026 0.73047596216201793 -0.56174489110708226 -15.805788516998289 1.0000000180025095e-35 0.0086098322644829767 0.81174489855766307 43.500000000000007 7.6756558418273935 1.5080912709236147
decision_type=2 2 2 2 2 2 2 2 2 2 2 2 2 2
left_child=1 2 3 -1 6 8 -2 10 -6 -9 -8 12 13 -11
right_child=4 -3 -4 -5 5 -7 7 9 -10 11 -12 -13 -14 -15
leaf_value=0.0031424892426791008 -0.00051497217234255357 -5.462256073590864e-05 -0.003528431783249368 -0.0017485789166422419 0.0024129516324400495 0.0044833321776046719 0.0050984588179630429 0.0023921018288884108 -0.0025773121626941915 -0.00028530913669975419 0 0.00064791614393177991 -0.0016834824625357528 0.0034212802916636729
leaf_weight=128.56821011565626 2528.7430034354329 2449.46130152978 519.03412241861224 324.34893916733563 117.72656144946814 226.93956394307315 148.30342874117196 340.09523428045213 136.71045613847673 559.68126490339637 97.547972334548831 2110.0647287536412 692.11835526674986 120.32934010960162
leaf_count=1435 33832 33219 8139 4805 1275 2727 2409 4479 1675 7849 1590 26523 9278 1551
internal_value=0 -0.000637351 -0.0020527 -0.000243162 0.000257489 0.00200841 0.000121418 0.000527157 -0.000110783 0.000339904 0.00318074 0.000123074 -0.000653798 0.000342379
internal_weight=0 3421.41 971.951 452.917 7078.26 481.377 6596.88 4068.14 254.437 3822.29 245.851 3482.19 1372.13 680.011
internal_count=140786 47598 14379 6240 93188 5677 87511 53679 2950 49680 3999 45201 18678 9400
is_linear=0
shrinkage=0.0101079


Tree=110
num_leaves=15
num_cat=0
split_feature=3 28 3 28 11 16 30 2 5 12 15 18 16 6
split_gain=14.4892 32.8028 14.5782 16.0649 13.8813 28.3616 19.8056 17.599 12.924 21.8105 21.6091 19.2082 17.2739 23.9542
threshold=0.46475630998611456 -0.18436925113201139 0.51309925317764293 -0.77296444773674 0.01490207063034177 0.66121944785118114 1.0000000180025095e-35 0.95822975039482128 2.0202469825744633 0.063204318284988417 19.624384880065922 8.5000000000000018 0.38734084367752081 0.29163070023059851
decision_type=2 2 2 2 2 2 2 2 2 2 2 2 2 2
left_child=8 2 3 -2 5 6 -3 -8 10 -10 11 -1 13 -13
right_child=1 4 -4 -5 -6 -7 7 -9 9 -11 -12 12 -14 -15
leaf_value=-0.0005503461558228794 0.00033405438407764932 -0.0029449544613527555 0.00069000489876156347 -0.0033524274706849475 -0.0012983528587369609 0.0043363129432059475 0.0042972069100213782 -0.0014594619775063734 -0.0012240868289361761 0.0023412955089736568 -0.0012197157494595724 0.0017825051913537408 0.0023727525640353632 -0.0020539005304714081
leaf_weight=468.29826428368688 248.82875496521592 217.79489344358444 2826.7101584244519 197.91102380864322 2781.4105384666473 135.42851410247386 98.295074420049787 91.517285486683249 829.91967079788446 209.48129734024405 417.3005695771426 435.82948264293373 1252.7223228346556 253.90303028002381
leaf_count=6595 3091 3277 36104 2503 38748 1730 1387 1270 11289 2336 5777 6559 15920 3973
internal_value=0 -0.00029693 0.000412154 -0.00123885 -0.00100664 0.000411269 -0.000851041 0.00136741 0.000481456 -0.00045501 0.000840218 0.00121626 0.00166342 0.000305158
internal_weight=0 6597.9 3273.45 446.74 3324.45 543.036 407.607 189.812 3867.45 1039.4 2828.05 2410.75 1942.45 689.733
internal_count=140559 88110 41698 5594 46412 7664 5934 2657 52449 13625 38824 33047 26452 10532
is_linear=0
shrinkage=0.0101079


Tree=111
num_leaves=15
num_cat=0
split_feature=29 23 2 11 23 15 15 10 13 29 7 10 2 14
split_gain=17.165 22.8242 26.3705 20.8933 15.7717 15.4647 14.1369 28.5488 16.8519 30.8153 12.4469 21.8569 21.6436 14.3365
threshold=-0.60785761475563038 0.52538022398948681 0.58931356668472301 0.0094234421849250811 0.31776072084903723 10.43533515930176 2.7992745637893681 0.17578732222318652 -0.021195940673351284 0.87837970256805431 -1.4416058063507078 0.17142508924007419 0.51690462231636058 -5.8368279933929434
decision_type=2 2 2 2 2 2 2 2 2 2 2 2 2 2
left_child=-1 2 -2 5 -4 -3 7 -5 9 -8 11 12 -10 -14
right_child=1 3 4 6 -6 -7 8 -9 10 -11 -12 -13 13 -15
leaf_value=0.0033634912156657549 0.0011511239642301447 0.00071612015846773058 0.0010621617035233867 0.0027427759622597817 -0.0030190023309355747 0.0040042584887556862 -0.0017420188829914895 -0.00074388472800008501 0.0047676803483815674 0.0019782408652350421 -0.00013624264650035614 0.0050056854429161935 -0.00064848566709246587 0.002699551118324687
leaf_weight=147.0173759367317 264.18095212988555 570.94912548735738 93.275688145309687 514.06075753644109 653.3734772298485 214.5500055514276 1310.9251886550337 413.4234176967293 99.584007125347853 258.84487172402442 4951.8289107345045 120.81427965126932 718.51473904214799 151.45681910403073
leaf_count=1844 3718 7931 1212 7637 9303 2687 18429 5896 1408 3671 63613 1472 9939 1849
internal_value=0 -2.74675e-05 -0.00146742 0.000125357 -0.00244988 0.00169519 -1.56904e-05 0.00115191 -0.000164284 -0.00109629 7.2237e-05 0.00105028 0.000480714 -1.05725e-06
internal_weight=0 10335.8 1010.83 9324.95 746.649 785.499 8539.45 927.484 7611.97 1569.77 6042.2 1090.37 969.556 869.972
internal_count=140609 138765 14233 124532 10515 10618 113914 13533 100381 22100 78281 14668 13196 11788
is_linear=0
shrinkage=0.0101079


Tree=112
num_leaves=15
num_cat=0
split_feature=29 27 23 3 29 2 13 6 18 3 23 28 15 17
split_gain=20.5721 25.5008 32.4841 51.43 18.9508 18.8796 20.346 17.503 20.8805 21.6504 15.5271 14.4265 31.2487 25.6682
threshold=1.0000000180025095e-35 -0.31107263267040247 0.87633880972862255 0.52379813790321361 0.87837970256805431 1.4206206202507021 -0.078372038900852189 10.58519506454468 28.500000000000004 0.66889655590057384 0.39749830961227423 0.22706275433301928 8.8469467163085955 41.500000000000007
decision_type=2 2 2 2 2 2 2 2 2 2 2 2 2 2
left_child=10 2 3 -2 -4 6 -3 8 -7 -10 -1 13 -13 -8
right_child=1 5 4 -5 -6 7 11 -9 9 -11 -12 12 -14 -15
leaf_value=-0.0026755634529279592 0.0022358110676606899 0.0041146494022623646 -0.001231525527457518 -0.0046600474303413724 0.0010133042285097277 0 -0.0008484031766913746 -0.0013232939028917404 0.0016162714100140666 0.0072019769725364859 0.00069042849156186726 -0.0028626754668777707 0.00013332880002145305 0.00152177098046979
leaf_weight=133.24354546889663 127.92671659402549 100.59951136261225 1072.9032825883478 493.69245256856084 572.56207117624581 193.58602664060891 977.11224798858166 135.76305467262864 209.21020428091288 131.45064566843212 4043.7665111776441 588.37669892050326 821.3519164826721 867.02219912782311
leaf_count=1716 1544 1507 14739 7760 7957 2509 12893 1666 2393 1533 53466 8808 10308 11657
internal_value=0 -0.000345294 -0.00120253 -0.00316664 -0.000424836 0.000128925 -0.000170654 0.00167359 0.00251781 0.00399849 0.000568694 -0.000324879 -0.00109722 0.000245746
internal_weight=0 6291.56 2267.08 621.619 1645.47 4024.47 3354.46 670.01 534.247 340.661 4177.01 3253.86 1409.73 1844.13
internal_count=140456 85274 32000 9304 22696 53274 45173 8101 6435 3926 55182 43666 19116 24550
is_linear=0
shrinkage=0.0101079


Tree=113
num_leaves=15
num_cat=0
split_feature=29 28 27 9 8 29 12 14 14 10 15 13 3 3
split_gain=17.3199 22.0121 48.2232 17.0336 14.5624 12.1311 12.7362 30.279 21.4368 11.0544 11.0272 26.4357 22.8929 22.1186
threshold=-0.60785761475563038 0.41268247365951544 -0.11969653144478797 0.18222230672836306 0.79060098528862011 -1.0000000180025095e-35 0.090337540954351439 -7.0595555305480948 -4.4337007999420157 0.24260821193456653 3.4312249422073369 -0.027368246577680107 0.67857995629310619 0.61273014545440685
decision_type=2 2 2 2 2 2 2 2 2 2 2 2 2 2
left_child=-1 10 4 -4 5 -3 7 -7 -9 -5 12 13 -2 -12
right_child=1 2 3 9 -6 6 -8 8 -10 -11 11 -13 -14 -15
leaf_value=0.0033261831992935252 0.0027909374050322298 0 0.0010126733036234553 -0.0011378022157650296 -0.00038653188140693937 -0.0050499154433153604 -0.0071038506160131971 0.0026397257038645165 -0.0027635623166615744 0.0020078894289520342 -0.00039531765532923647 0.0003654937302071596 -0.00019235430910691673 -0.0040776337509540826
leaf_weight=149.86839455552399 490.81700192391872 93.634304823353887 1098.8524122666568 975.11465944908559 297.6827355157584 308.43332566507161 104.70340802893043 121.0228816382587 166.23146673291922 114.0187069568783 578.44000604562461 5220.7613034471869 504.79989737085998 246.35015705600381
leaf_count=1868 7322 1401 14940 12928 4329 5172 1646 1666 1957 1354 8219 67780 6630 3403
internal_value=0 -5.11719e-05 -0.000737443 0.000112314 -0.00246631 -0.0031844 -0.00363758 -0.00287903 -0.000340369 -0.000759881 0.000263192 9.29453e-05 0.00124802 -0.00157111
internal_weight=0 10320.9 3279.69 2187.99 1091.71 794.025 700.391 595.688 287.254 1089.13 7041.17 6045.55 995.617 824.79
internal_count=140615 138747 45393 29222 16171 11842 10441 8795 3623 14282 93354 79402 13952 11622
is_linear=0
shrinkage=0.0101079


Tree=114
num_leaves=15
num_cat=0
split_feature=27 23 3 23 2 30 3 13 7 30 3 15 16 15
split_gain=18.6707 25.9361 22.6277 22.7381 17.9351 27.1006 27.4039 16.0127 17.6049 15.0482 21.9759 21.6785 17.3435 23.9991
threshold=-0.43245348334312433 0.55967646837234508 0.5022544562816621 1.5280832052230837 2.0736768245697026 -0.56174489110708226 0.73047596216201793 0.059425994753837592 -2.5070053339004512 1.0000000180025095e-35 0.23394754528999331 3.8564343452453618 0.35802613198757177 6.4896357059478769
decision_type=2 2 2 2 2 2 2 2 2 2 2 2 2 2
left_child=1 -1 7 -4 9 -6 -7 8 -3 -2 -11 -12 -13 -14
right_child=4 2 3 -5 5 6 -8 -9 -10 10 11 12 13 -15
leaf_value=-0.0040774776101862465 -0.00023255311752930853 0 -0.0014673505307476516 0.00041006538298202341 0.0052371047662404992 -0.0024649419989616977 0.0034681038054304933 -0.0011881345161435157 0.0044765199123917064 0.0045331459470234949 0.0026328387581060052 -0.0018962912975541296 0.0042914628747269838 0.00012604355893581069
leaf_weight=199.98868802934885 3833.9937147926539 159.2454015109688 1672.243270073086 1034.7420490588993 178.36889071203768 161.88496053777635 140.31888621859252 134.5544015225023 216.30025656893849 142.93471890687943 405.81339935027063 359.81292225047946 149.4106817021966 1686.1513214819133
leaf_count=3085 51303 2125 24552 14073 1975 2008 1684 1210 2500 2268 5983 4876 1945 20983
internal_value=0 -0.000595089 -0.000356911 -0.000735657 0.000313984 0.00219041 0.000176743 0.001556 0.00264897 0.000168371 0.000742336 0.000505856 8.65416e-05 0.000503438
internal_weight=0 3417.07 3217.09 2706.99 7058.69 480.573 302.204 510.1 375.546 6578.12 2744.12 2601.19 2195.37 1835.56
internal_count=140570 47545 44460 38625 93025 5667 3692 5835 4625 87358 36055 33787 27804 22928
is_linear=0
shrinkage=0.0101079


Tree=115
num_leaves=15
num_cat=0
split_feature=29 13 28 2 22 20 14 17 7 7 15 2 17 23
split_gain=19.153 20.9056 24.3082 20.8729 29.046 21.0817 20.1288 18.2449 21.0012 21.5108 20.9762 20.6245 18.1149 28.0944
threshold=1.0000000180025095e-35 -0.091381121426820741 -0.66746801137924183 0.83689853549003612 -0.40061351656913752 1.062440872192383 -7.0595555305480948 35.500000000000007 -11.925723552703856 -7.6142625808715811 4.732807159423829 0.94231534004211437 84.500000000000014 0.92875015735626232
decision_type=2 2 2 2 2 2 2 2 2 2 2 2 2 2
left_child=7 -2 12 5 -5 6 -4 8 -1 -10 -9 -12 -3 -14
right_child=1 2 3 4 -6 -7 -8 10 9 -11 11 -13 13 -15
leaf_value=-0.0027687569930592223 0.003864076569193956 7.6913278817620969e-05 -0.00048429263649087307 -0.0026431272895377066 -0.00045450768701629595 -0.0014894728392279119 0.0021576212183413322 0.0012761815084031314 0.0057266535600322922 0.0012617405154058694 0.00039228794160681835 -0.0019005734995138988 0.0067600942057767337 0.0002790609800335365
leaf_weight=105.6864687949419 110.84160512126982 1527.6582537740469 539.29025103896856 1087.7339339125901 1564.2934911530465 582.00301200151443 588.74000140093267 830.26641971804202 119.59130917489529 1577.35149618797 790.14787898026407 757.24716963618994 107.91156368888915 204.10782957822084
leaf_count=1697 1629 19831 8582 15441 20975 7560 7440 10936 1501 19912 10740 10503 1225 2727
internal_value=0 -0.000311535 -0.000397344 -0.00081173 -0.00137241 3.64635e-05 0.000864145 0.000569187 0.00133387 0.00162439 0 -0.000707545 0.000562579 0.00275511
internal_weight=0 6312.58 6201.74 4362.06 2652.03 1710.03 1128.03 4180.29 1802.63 1696.94 2377.66 1547.4 1839.68 312.019
internal_count=140699 85410 83781 59998 36416 23582 16022 55289 23110 21413 32179 21243 23783 3952
is_linear=0
shrinkage=0.0101079


Tree=116
num_leaves=15
num_cat=0
split_feature=28 29 13 2 23 20 14 12 28 30 23 8 15 15
split_gain=15.3666 16.577 28.0796 18.2138 24.6001 19.0554 23.7197 22.6116 37.9159 27.1376 16.679 16.2332 15.482 27.9646
threshold=-0.69930991530418385 1.0000000180025095e-35 -0.087325319647788988 0.83127191662788402 0.87633880972862255 1.062440872192383 -7.0595555305480948 0.00063393681193701934 0.82531082630157482 -0.56174489110708226 0.39749830961227423 0.5174669921398164 14.119315147399904 15.478483200073244
decision_type=2 2 2 2 2 2 2 2 2 2 2 2 2 2
left_child=11 10 -3 5 -5 6 -4 9 -9 -8 -2 -1 -12 -14
right_child=1 2 3 4 -6 -7 7 8 -10 -11 12 -13 13 -15
leaf_value=0.0012778734034722167 -0.0030275350768938073 0.0041541406062081711 -0.0006228399272493329 -0.0023496882861862287 -0.00036435206192051578 -0.0013663207653200895 0.0042893109193286637 0.0069643131397732622 -8.7806018139500948e-05 -0.0019369818458426897 3.2390073800991529e-05 -0.00024439477922789043 0.0057176519242406404 0.00079116392660445733
leaf_weight=1765.2843577601016 129.57487437315285 114.34294783137739 533.7008101195097 1165.1202802993357 1533.1341523304582 589.83160227537155 102.08253407105803 182.69817467965186 112.78299190476537 194.6329748891294 2016.6918225903064 1131.6479371469468 140.11591492593288 761.0142117086798
leaf_count=22513 1670 1715 8481 16594 20511 7616 1198 2260 1404 2613 27026 14857 1857 10042
internal_value=0 -0.000193442 -0.000584442 -0.000723312 -0.00124081 6.89229e-05 0.000860679 0.00225609 0.00420453 0.000125904 0.000374322 0.000670197 0.000546741 0.00164333
internal_weight=0 7575.72 4528.33 4413.98 2698.25 1715.73 1125.9 592.197 295.481 296.716 3047.4 2896.93 2917.82 901.13
internal_count=140357 102987 62392 60677 37105 23572 15956 7475 3664 3811 40595 37370 38925 11899
is_linear=0
shrinkage=0.0101079


Tree=117
num_leaves=15
num_cat=0
split_feature=28 27 29 2 30 23 20 10 2 13 11 20 29 33
split_gain=18.1022 21.2983 51.0177 29.474 31.5054 24.2426 24.1014 19.9689 19.9191 17.698 16.228 16.6735 16.2243 25.2627
threshold=-0.69930991530418385 -0.11969653144478797 -1.0000000180025095e-35 1.4002898931503298 1.0000000180025095e-35 0.61904931068420421 -0.061335263773798936 0.20278293639421466 1.2527347803115847 -0.025589214637875553 0.025121112354099754 -0.83295276761054982 0.87837970256805431 0.9590476155281068
decision_type=2 2 2 2 2 2 2 2 2 2 2 2 2 10
left_child=10 2 -2 4 -3 6 -4 -5 -6 -7 11 -1 13 -12
right_child=1 3 5 7 8 9 -8 -9 -10 -11 12 -13 -14 -15
leaf_value=0 0.0015751172174015456 -0.00095711776693516311 -0.00041935079033818951 0.0033207831183865995 0.0013358080121320575 -0.0028905298458799652 -0.0049881015883743466 4.0427801835299278e-06 -0.0029830982554429181 -0.0004527017632600337 0.0016441476064942963 0.0032584759276161348 0.0019846621362396102 -0.00095063088734536358
leaf_weight=244.43740098923445 671.59985096938908 2129.5426613297313 208.04657985828817 459.91357494331896 1327.0483576413244 389.8046886511147 353.14450513012707 348.51466992124915 106.60122407227755 1592.341159729287 538.84511680155993 429.47995628789067 443.10161828994751 1256.0349653214216
leaf_count=3078 8919 29525 3418 5226 17756 5960 4925 4059 1355 22157 12923 5471 5846 10235
internal_value=0 -0.000234804 -0.00086089 0.000217078 -0.000168987 -0.00152281 -0.00339391 0.00195397 0.000972473 -0.000961722 0.000701217 0.0020761 0.00026352 -0.000145515
internal_weight=0 7586.56 3214.94 4371.62 3563.19 2543.34 561.191 808.428 1433.65 1982.15 2911.9 673.917 2237.98 1794.88
internal_count=140853 103300 45379 57921 48636 36460 8343 9285 19111 28117 37553 8549 29004 23158
is_linear=0
shrinkage=0.0101079


Tree=118
num_leaves=15
num_cat=0
split_feature=29 28 27 2 30 2 29 14 23 17 11 13 13 2
split_gain=17.9286 19.5092 38.2471 25.2075 25.6921 27.1719 22.895 19.5751 16.6431 15.1579 20.83 17.0151 56.172 14.606
threshold=-0.60785761475563038 -0.20576497167348859 -1.0000000180025095e-35 1.4510965347290041 1.0000000180025095e-35 1.1921317577362063 -1.0000000180025095e-35 -10.015123367309569 0.69440391659736644 65.500000000000014 0.072674926370382323 1.0000000180025095e-35 -0.020686997100710865 0.69305741786956798
decision_type=2 2 2 2 2 2 2 2 2 2 2 2 2 2
left_child=-1 -2 6 4 9 -6 7 -3 -5 11 -11 12 -4 -12
right_child=1 2 3 8 5 -7 -8 -9 -10 10 13 -13 -14 -15
leaf_value=0.0033685930753878748 0.00037869097857975981 -0.0016879243510666633 -0.001425767498335158 0.0053205104012634778 0.0016569788414472323 -0.0031660937295844268 -0.0019636441302996639 0.0028544579214069329 0.0010066450265760712 -0.0041091097585940206 -0.0026051998917671982 -0.0012785265567042885 0.0061482495818917411 0.0029903290532507848
leaf_weight=148.69589156098664 4900.3054215889424 163.74266334064305 262.1905963215977 130.61325330659747 921.65706545673311 125.0136446710676 1879.3275100849569 201.31684485264122 392.34120472893119 298.7343992292881 84.60177031904459 717.07553325593472 147.32750519923866 89.29455148242414
leaf_count=1836 63867 2183 4148 1790 12418 1567 27678 2820 4176 4342 1395 8757 2188 1270
internal_value=0 -7.83745e-05 -0.000499552 0.000204517 -0.000184104 0.00102375 -0.00150893 0.000715524 0.00222144 -0.00100094 -0.00251808 -0.000316102 0.0012646 4.98903e-05
internal_weight=0 10313.5 5413.24 3168.85 2645.9 1046.67 2244.39 365.06 522.954 1599.22 472.631 1126.59 409.518 173.896
internal_count=140435 138599 74732 42051 36085 13985 32681 5003 5966 22100 7007 15093 6336 2665
is_linear=0
shrinkage=0.0101079


Tree=119
num_leaves=15
num_cat=0
split_feature=29 23 3 2 23 27 28 3 16 17 10 2 30 3
split_gain=18.0697 18.6107 30.6541 16.8764 11.471 16.533 25.5069 25.5953 18.3907 17.6431 24.5237 17.6055 19.7951 23.0316
threshold=-0.60785761475563038 0.5199095904827119 0.26885353028774267 0.89246571063995372 2.2440372705459599 -0.43245348334312433 0.6835516393184663 0.67371293902397167 0.78751838207244884 42.500000000000007 0.039808027446269996 2.12937343120575 -0.56174489110708226 0.73047596216201793
decision_type=2 2 2 2 2 2 2 2 2 2 2 2 2 2
left_child=-1 2 -2 -4 5 6 7 8 9 -3 -11 -7 -13 -14
right_child=1 4 3 -5 -6 11 -8 -9 -10 10 -12 12 13 -15
leaf_value=0.003406973291310443 0.0031384215459922056 0.0038454013783279371 -0.00063578445160639174 -0.0036169220478699839 0.0019565857953718377 0.00018980243004139698 -0.0041144462202608477 -0.00113656795136244 -0.00076430931117385872 -0.0024679951608633272 0.002280046875509738 0.0052406518205916708 -0.00215056480373421 0.0038411561503112952
leaf_weight=151.20320420339704 121.57956226356328 269.1134388204664 466.48583843372762 389.14215603843331 324.14865835011005 5682.0952764321119 188.73370572924614 1627.1203230228275 432.09053937532008 164.22188146039844 293.2491136752069 148.44650531187654 135.30355029180646 109.92869741469622
leaf_count=1870 1885 3482 6283 5570 4394 74974 2787 24313 4536 2187 4087 1644 1577 1292
internal_value=0 -2.657e-05 -0.00135151 -0.00205852 0.000108214 3.59482e-05 -0.000575569 -0.000310731 0.000814112 0.00180613 0.000476001 0.000342334 0.00239747 0.000410018
internal_weight=0 10351.7 977.208 855.628 9374.45 9050.3 2974.53 2785.8 1158.67 726.584 457.471 6075.77 393.679 245.232
internal_count=140881 139011 13738 11853 125273 120879 41392 38605 14292 9756 6274 79487 4513 2869
is_linear=0
shrinkage=0.0101079


Tree=120
num_leaves=15
num_cat=0
split_feature=3 28 29 3 20 22 27 2 11 5 12 15 20 16
split_gain=18.522 29.2326 23.566 21.3261 21.2149 18.6744 16.4488 22.8456 23.1387 14.4496 20.396 18.4868 17.8369 35.2823
threshold=0.46475630998611456 -0.20576497167348859 -0.60785761475563038 0.53154918551445018 3.2362145185470585 0.10987447947263719 -1.0000000180025095e-35 1.4510965347290041 0.0998789817094803 2.0202469825744633 0.063204318284988417 19.624384880065922 -0.7342797815799712 0.39163714647293096
decision_type=2 2 2 2 2 2 2 2 2 2 2 2 2 2
left_child=9 3 -3 4 5 -2 -4 -8 -9 11 -11 12 -1 -14
right_child=1 2 6 -5 -6 -7 7 8 -10 10 -12 -13 13 -15
leaf_value=0.00027392474819783874 -0.0041001503778568937 0.0033395783796647091 -0.0017545905996382699 0.00075353767315151758 0.0021891772229639065 0 -0.0011604117845467722 0.0034839276749138335 -0.0012037991636719824 -0.0011691871198185866 0.0022820406088730331 -0.00098340292956871148 -0.00025492124327941741 0.0031832699101444119
leaf_weight=1087.448576528579 263.74958009086549 112.63104452379048 1907.7111737057567 2648.764597510919 117.96126469783485 195.86379013583064 936.40213207341731 262.53871840983629 157.21423012949526 833.4830217231065 208.65631304122508 407.47993458621204 423.67404505424201 910.96300909109414
leaf_count=15101 3288 1410 28779 33565 1496 2608 12157 2934 1859 11309 2335 5688 6569 11406
internal_value=0 -0.000318915 -0.000978588 0.000359617 -0.00136397 -0.00238344 -0.00114742 -0.000258584 0.00164328 0.000560816 -0.000428039 0.000939461 0.0012817 0.00206642
internal_weight=0 6602.84 3376.5 3226.34 577.575 459.613 3263.87 1356.16 419.753 3871.7 1042.14 2829.57 2422.09 1334.64
internal_count=140504 88096 47139 40957 7392 5896 45729 16950 4793 52408 13644 38764 33076 17975
is_linear=0
shrinkage=0.0101079


Tree=121
num_leaves=15
num_cat=0
split_feature=11 16 13 3 3 28 2 12 18 3 2 7 5 13
split_gain=17.7246 25.813 33.7007 23.6484 17.6783 26.0171 15.5323 15.84 16.0813 15.1658 14.3109 13.8081 13.7285 16.7571
threshold=0.016181158833205703 0.67170393466949474 -0.0077524371445178977 0.60977464914321911 0.40139877796173101 -0.09801131114363669 1.2157983183860781 0.02639583591371775 6.5000000000000009 0.5207953453063966 1.4831576943397524 13.21613931655884 -3.4147182703018184 0.0088732740841805952
decision_type=2 2 2 2 2 2 2 2 2 2 2 2 2 2
left_child=1 10 -3 -4 6 -6 7 8 -2 -7 -1 -10 -11 -14
right_child=4 2 3 -5 5 9 -8 -9 11 12 -12 -13 13 -15
leaf_value=-0.00027272974057617638 -0.0014380264725925487 0.0073698371699964073 0.0032615504312576721 -0.0024216803492291745 0.00016109652804428557 0 0.0028468689668599821 -0.0010836651380876938 0.0018255645407584335 0 0.0028741662757088161 -0.00038034987552703806 -0.0031472516602784315 -0.0010443032015782225
leaf_weight=960.09142871387303 256.84191436320543 127.28740325011313 184.53100818768144 108.52671897038817 3345.9316425789148 881.44679830782115 264.17699432000518 623.2266378775239 1036.1983398664743 434.13981048204005 164.52358298748732 359.64333440922201 739.35122201964259 1002.9427967239171
leaf_count=13496 3849 1516 2285 1495 42501 10744 3476 8306 14797 6311 2228 4929 11010 13815
internal_value=0 0.00101164 0.00313051 0.00101417 -0.000157922 -0.000444342 0.000547444 0.00025418 0.000785735 -0.00111878 0.000168143 0.00122937 -0.00157043 -0.00196968
internal_weight=0 1544.96 420.345 293.058 8943.9 6403.81 2540.09 2275.91 1652.68 3057.88 1124.62 1395.84 2176.43 1742.29
internal_count=140758 21020 5296 3780 119738 84381 35357 31881 23575 41880 15724 19726 31136 24825
is_linear=0
shrinkage=0.0101079


Tree=122
num_leaves=15
num_cat=0
split_feature=11 2 2 3 28 20 21 16 27 1 0 16 2 13
split_gain=15.1118 27.3893 17.6617 17.2648 20.9617 19.0168 20.9206 18.759 17.8023 18.2728 16.5474 19.5755 16.2706 15.3739
threshold=0.015293610747903587 1.4831576943397524 0.78977108001708995 0.40139877796173101 -0.09801131114363669 -3.1306508779525752 1.095386862754822 0.82822260260581981 -0.37256073951721186 0.99048885703086864 0.73274430632591259 0.65376961231231701 1.1434243917465212 0.091552894562482848
decision_type=2 2 2 2 2 2 2 2 2 2 2 2 2 2
left_child=1 2 10 12 -5 8 -7 -8 -6 -10 -1 -12 13 -2
right_child=3 -3 -4 4 5 6 7 -9 9 -11 11 -13 -14 -15
leaf_value=-0.00029201896301902982 0.0004358091042722164 0.0042100728489864302 -0.00075558164063072985 9.5053826176830792e-05 -0.0010734183228594905 -0.0025958672504033178 0.00041764806288942344 -0.0017188397666961285 0.0049500118286566119 -0.00014830331109442273 0.0011685382656831409 0.0066333238504175107 0.0026187839600812237 -0.0029581460020469317
leaf_weight=237.52147076651454 2089.1048061698675 216.58041752688587 670.11884714104235 3385.958290476352 254.58027520962059 958.00902735628188 784.52109213173389 836.61017883755267 140.20493989065289 110.39631769992411 245.79110324941576 103.089630138129 327.9783371258527 136.56907153874636
leaf_count=3413 29329 2922 9105 43014 4022 13861 10766 10354 1910 1243 3241 1285 4225 2012
internal_value=0 0.000939303 0.000321485 -0.000162204 -0.000443283 -0.00104614 -0.00140212 -0.000662943 0.000686081 0.00260924 0.00161439 0.00300435 0.000533365 0.000200022
internal_weight=0 1473.1 1256.52 9023.93 6470.28 3084.32 2579.14 1621.13 505.182 250.601 586.402 348.881 2553.65 2225.67
internal_count=140702 19966 17044 120736 85170 42156 34981 21120 7175 3153 7939 4526 35566 31341
is_linear=0
shrinkage=0.0101079


Tree=123
num_leaves=15
num_cat=0
split_feature=3 28 3 29 27 27 2 27 29 6 2 0 2 29
split_gain=15.1837 26.7334 19.2627 18.5686 18.4144 18.3413 27.3386 16.0413 14.6003 15.3004 18.0786 15.2227 16.0268 12.2864
threshold=0.46475630998611456 -0.18436925113201139 0.51309925317764293 -0.60785761475563038 0.43245348334312445 -1.0000000180025095e-35 1.7101338505744936 0.7298206388950349 -1.0000000180025095e-35 4.1642313003540048 1.3802981972694399 0.67797601222991954 0.83689853549003612 0.87837970256805431
decision_type=2 2 2 2 2 2 2 2 2 2 2 2 2 2
left_child=-1 2 4 -3 -2 8 -7 -8 9 10 -5 12 -10 -13
right_child=1 3 -4 5 -6 6 7 -9 11 -11 -12 13 -14 -15
leaf_value=0.00049373672341837744 0 0.0028664273583628632 0.00065027559998466706 0.0013835123221550847 -0.004026164633056978 -0.0010069338344280223 0.0048921426038204272 0.00015987062659896732 -7.9367776518708588e-05 0.0033871023515573053 -0.0039896375431843125 -0.0020754787687937222 -0.0045726086212834367 0.00024332734386685827
leaf_weight=3886.893854400143 263.3761160261929 112.98703195340931 2846.5757758058608 111.48992424085736 178.15674768015742 1014.3409970607609 135.49818618036807 189.7393497787416 124.85228200629354 97.710941921919584 116.49856701493263 712.04135159030557 400.23070924915373 300.03615114465356
leaf_count=52624 3190 1416 36193 1482 2383 13191 1624 1973 1968 1531 1610 10661 6463 4467
internal_value=0 -0.000301759 0.000334677 -0.000944457 -0.00158631 -0.00109802 -0.000160549 0.00232003 -0.0017471 7.91355e-05 -0.0012305 -0.00215875 -0.00359669 -0.00135166
internal_weight=0 6603.53 3288.11 3315.43 441.533 3202.44 1339.58 325.238 1862.86 325.699 227.988 1537.16 525.083 1012.08
internal_count=140776 88152 41766 46386 5573 44970 16788 3597 28182 4623 3092 23559 8431 15128
is_linear=0
shrinkage=0.0101079


Tree=124
num_leaves=15
num_cat=0
split_feature=11 2 16 0 30 23 21 23 2 12 17 12 2 14
split_gain=16.2492 28.0247 19.7874 15.0168 14.2236 22.7001 12.5958 11.7799 15.914 23.728 16.793 14.0776 29.8017 19.7848
threshold=0.015293610747903587 1.4955331087112429 0.66835525631904613 1.1191614270210268 1.0000000180025095e-35 0.84201747179031383 -1.0886054039001463 1.5280832052230837 1.5338726043701174 -0.073722328990697847 86.500000000000014 0.063204318284988417 1.1499629616737368 -1.6241177320480344
decision_type=2 2 2 2 2 2 2 2 2 2 2 2 2 2
left_child=1 2 4 -3 5 -1 -6 8 9 10 -2 13 -13 -11
right_child=7 3 -4 -5 6 -7 -8 -9 -10 11 -12 12 -14 -15
leaf_value=-0.003637486467765415 0.0051194451735134695 0.0067052953196373721 0.0023945686054942677 0.00073668005229513315 0.0029368648540506197 0.00039124271067881059 -0.00056846591285844529 0.00073149093666087549 -0.0011715938472677664 -0.00019412173250659028 0 0.0036181323999842272 -0.00039464848520007694 -0.0024025335453297845
leaf_weight=253.39538408257067 141.99422001093626 116.82982031814754 349.62690889649093 95.051383126527071 181.86753041483462 278.2592447232455 196.8716602101922 1259.2086633201689 1717.6992220729589 4562.7687822151929 116.16285634413362 283.94672109372914 493.17168084159493 456.56435287743807
leaf_count=3851 2072 1603 4346 1268 2619 3530 2800 16509 23414 62708 1828 3279 6014 5093
internal_value=0 0.000979586 0.000361402 0.00433094 -0.000388716 -0.00147812 0.00103471 -0.000163085 -0.000313798 -6.25911e-05 0.00288081 -0.000204275 0.00104088 -0.0004064
internal_weight=0 1471.9 1260.02 211.881 910.394 531.655 378.739 9031.52 7772.31 6054.61 258.157 5796.45 777.118 5019.33
internal_count=140934 20017 17146 2871 12800 7381 5419 120917 104408 80994 3900 77094 9293 67801
is_linear=0
shrinkage=0.0101079


Tree=125
num_leaves=15
num_cat=0
split_feature=11 15 13 6 2 28 3 28 29 27 2 11 2 3
split_gain=16.0392 27.6566 27.4814 16.7329 16.9729 14.7709 14.7132 22.1713 19.8493 21.8161 26.0309 28.4764 22.8816 19.9466
threshold=0.015293610747903587 10.358251094818117 -0.0068830221425741902 0.23415917158126834 0.93221002817153942 -0.076279435306787477 0.40139877796173101 -0.09801131114363669 -1.0000000180025095e-35 -0.20576497167348859 1.6939376592636111 0.084867116063833251 0.78535565733909618 0.4800917655229569
decision_type=2 2 2 2 2 2 2 2 2 2 2 2 2 2
left_child=1 3 -3 -1 -5 -4 -2 -8 13 -10 12 -12 -11 -9
right_child=6 2 5 4 -6 -7 7 8 9 10 11 -13 -14 -15
leaf_value=0.0010717676773537978 0.00050622775949138302 0.006333703763140533 0.0028481258280574654 0 -0.0042096026312468532 -0.0018731002718693252 0.00015759143427448744 0.0043708744034622101 -0.0024198928814373505 0.00056923223200559944 0.0053028667865438681 -0.00064528714786432628 -0.0025136630202745617 -0.00023047872331728316
leaf_weight=665.59867819957435 2540.2091972958297 164.65877338312566 155.20764687471092 235.72577731311321 143.37971004471183 99.666228083893657 3378.1335845310241 107.76961087435484 1184.7772594671696 377.71092086285353 139.49222401715815 160.12565521523356 602.75287100300193 502.88255670666695
leaf_count=8995 35389 1914 1918 3596 2048 1394 43009 1181 18044 4853 1438 2011 7955 6605
internal_value=0 0.00100011 0.00316985 7.36325e-05 -0.00156065 0.000846872 -0.000137469 -0.000397401 -0.00101902 -0.00142711 -0.000467902 0.00205511 -0.00128981 0.000560012
internal_weight=0 1464.24 419.533 1044.7 379.105 254.874 8993.85 6453.64 3075.51 2464.86 1280.08 299.618 980.464 610.652
internal_count=140350 19865 5226 14639 5644 3312 120485 85096 42087 34301 16257 3449 12808 7786
is_linear=0
shrinkage=0.0101079


Tree=126
num_leaves=15
num_cat=0
split_feature=29 22 27 8 17 27 20 21 14 5 10 5 33 20
split_gain=12.9877 18.9942 16.6464 14.0375 12.7632 39.0374 12.5339 17.2311 22.8589 22.0592 18.7548 17.8168 17.5045 16.4105
threshold=1.0000000180025095e-35 -0.54577693343162526 -0.31107263267040247 0.5174669921398164 41.500000000000007 0.65106672048568737 3.0258622169494633 3.775650262832642 -9.2556185722351056 0.91363051533699047 0.10490410029888154 -0.8342573046684264 0.99611112475395214 1.4881960749626162
decision_type=2 2 2 2 2 2 2 2 2 2 2 2 10 2
left_child=6 2 3 -2 -3 -6 7 8 9 -1 12 -10 -9 -13
right_child=1 4 -4 -5 5 -7 -8 10 11 -11 -12 13 -14 -15
leaf_value=0.00036471393368218887 -0.003797678902801656 -0.00045864633869283685 -0.00048526907790681157 -0.00013895500503399599 -0.00022276776323407774 0.0028200140410877894 0.0015186973533852371 0.00030777375447506484 5.6028565537319001e-05 -0.0025465171046903062 0.00095986335405051615 0.0039469001793086518 -0.0035940756892986711 0
leaf_weight=1291.0635323170573 365.8322572261095 2444.7372108623385 1196.3717561308295 184.36513558588922 1509.9250731617212 583.95939356461167 840.46417396515608 147.13530671037734 428.9659876562655 323.58418738655746 239.91184538975358 407.90762512758374 345.81840648502111 165.16807573288679
leaf_count=17573 5480 31783 16084 2757 21183 7949 10892 3400 5498 4766 3096 5093 2817 2177
internal_value=0 -0.000309126 -0.00120296 -0.00266296 2.73779e-05 0.000613717 0.000416434 0.000124969 0.000519804 -0.000202985 -0.00122092 0.00171732 -0.00236163 0.00287402
internal_weight=0 6285.19 1746.57 550.197 4538.62 2093.88 4190.02 3349.55 2616.69 1614.65 732.866 1002.04 492.954 573.076
internal_count=140548 85236 24321 8237 60915 29132 55312 44420 35107 22339 9313 12768 6217 7270
is_linear=0
shrinkage=0.0101079


Tree=127
num_leaves=15
num_cat=0
split_feature=28 3 29 23 13 29 29 15 0 23 8 13 17 2
split_gain=15.2526 20.8896 16.3353 23.4175 14.8159 23.6134 19.0062 24.6599 24.8734 19.8659 13.4165 18.7969 20.7164 25.4819
threshold=-0.69930991530418385 0.47562648355960851 -0.60785761475563038 0.56869155168533336 -0.083856664597988115 1.0000000180025095e-35 0.87837970256805431 4.7984812259674081 0.96955054998397838 0.82031828165054332 0.55252388119697582 0.0045584235340356835 66.500000000000014 1.0712791681289675
decision_type=2 2 2 2 2 2 2 2 2 2 2 2 2 2
left_child=10 4 -3 -4 5 -2 7 9 -9 -6 11 12 13 -1
right_child=1 2 3 -5 6 -7 -8 8 -10 -11 -12 -13 -14 -15
leaf_value=-0.00098740206293625545 -0.00026426842086443468 0.0029891083433138768 -0.0026951259124967609 -0.00050308546491310195 -0.004192573686358371 0.0064103698399532848 -0.0014315885159510546 0.0015625490058887184 -0.0015428033072565747 0.001108715140771149 -0.00025380678769881311 0.00014273118506180713 0.0043401472983629489 0.0034755105365235424
leaf_weight=286.76049234904349 89.14855201728642 108.08707317337394 580.17000009305775 3976.4458735957742 172.65155604109168 96.343150788918138 567.40904999896884 1598.1085726208985 296.238964503631 99.602047981694341 1111.4718623105437 980.76909281313419 307.13038623146713 216.73379811830819
leaf_count=4097 1398 1363 8931 53547 2748 1343 7819 21101 3569 1408 14603 12100 3902 2767
internal_value=0 -0.000271626 -0.000694007 -0.0007951 0.000389459 0.00310913 0.000182027 0.000626784 0.0010514 -0.00213109 0.000588305 0.00113216 0.00226728 0.000877678
internal_weight=0 7584.2 4664.7 4556.62 2919.5 185.492 2734.01 2166.6 1894.35 272.254 2902.87 1791.39 810.625 503.494
internal_count=140696 103227 63841 62478 39386 2741 36645 28826 24670 4156 37469 22866 10766 6864
is_linear=0
shrinkage=0.0101079


Tree=128
num_leaves=15
num_cat=0
split_feature=29 23 3 11 2 15 29 22 13 22 15 0 20 23
split_gain=18.0303 16.9673 24.001 19.871 15.1992 13.2306 12.9724 16.3251 16.3032 23.0323 15.6849 15.6908 19.8478 15.5659
threshold=-0.60785761475563038 0.5199095904827119 0.26885353028774267 0.0094234421849250811 0.78070610761642467 10.43533515930176 1.0000000180025095e-35 -0.8966381549835204 -0.046090861782431596 -0.80783316493034352 6.568575620651246 0.71397894620895397 -0.4702873677015304 0.96550250053405773
decision_type=2 2 2 2 2 2 2 2 2 2 2 2 2 2
left_child=-1 2 -2 5 -4 -3 8 -8 13 -10 -11 -12 -13 -5
right_child=1 3 4 6 -6 -7 7 -9 9 10 11 12 -14 -15
leaf_value=0.0033229339641810923 0.0025681609112796363 0.00062745338279901648 -0.00035121548429016157 -0.0028808520656401254 -0.0031972861123715298 0.0036636426329516329 -0.0027448557728657935 -0.00030146012223863233 0.0035192822695449583 0.0015709038456876707 0.0020111033488985179 -0.0024938052724474305 5.9794087367589912e-05 0.00085224593409131283
leaf_weight=149.61783948354423 121.66251353919506 572.44541805610061 377.13635186851025 278.85004738159478 480.30517896637321 216.66225220449269 296.02474834956229 4834.366678096354 251.84233491122723 752.59274027124047 285.22370295226574 389.78418419696391 1299.8823053091764 162.68184908665717
leaf_count=1843 1897 7972 5086 4258 6858 2688 4325 65188 3483 9423 4097 5172 16195 2070
internal_value=0 -0.000120636 -0.00138149 8.22074e-06 -0.00200643 0.00153903 -0.000129557 -0.000454195 0.00034543 0.000624203 0.000333004 -0.000122539 -0.000513993 -0.00142412
internal_weight=0 10319.5 979.104 9340.36 857.442 789.108 8551.25 5130.39 3420.86 2979.33 2727.48 1974.89 1689.67 441.532
internal_count=140555 138712 13841 124871 11944 10660 114211 69513 44698 38370 34887 25464 21367 6328
is_linear=0
shrinkage=0.0101079


Tree=129
num_leaves=15
num_cat=0
split_feature=29 23 2 11 15 14 21 27 29 29 20 15 15 27
split_gain=19.0599 15.0375 24.4455 17.3796 15.6194 16.6497 14.2379 11.6873 22.6361 16.7003 19.024 20.365 18.4857 15.6567
threshold=-0.60785761475563038 0.5199095904827119 0.89246571063995372 0.011934541165828707 10.358251094818117 -5.218878746032714 -4.4870231151580802 -0.71473535895347584 -1.0000000180025095e-35 0.87837970256805431 -0.40537953376770014 8.3477387428283709 3.9888368844985966 -0.84915164113044728
decision_type=2 2 2 2 2 2 2 2 2 2 2 2 2 2
left_child=-1 2 -2 4 -3 -6 -4 8 -5 10 12 -12 -10 -11
right_child=1 3 6 7 5 -7 -8 -9 9 13 11 -13 -14 -15
leaf_value=0.0035429130565285856 6.0760474268202003e-05 0.00049041628647063294 0 0.0012362169244582509 0 0.0052690426423204094 -0.0041363215335302374 0.00017819114575000499 -0.00096506932371586633 0.0016754503596299538 0.0034186438008811278 -0.0013556979342268197 -0.0049762679700462225 -0.0024938437069155642
leaf_weight=148.08233670145273 573.11455149762332 722.77819414809346 90.062495417892933 469.99345753714442 108.9395493157208 171.76168762519956 307.40623143687844 6138.4300998020917 248.25692842341959 314.136574504897 94.623860573396087 674.37031721509993 293.2198988981545 117.19072003476322
leaf_count=1799 8038 10039 1334 6223 1436 2067 4376 80316 3829 4508 1429 9121 4284 1699
internal_value=0 -1.75071e-05 -0.00121327 0.000103133 0.00135604 0.00337248 -0.00311682 -4.36888e-05 -0.000676219 -0.00121855 -0.00179014 -0.00068825 -0.00324994 0.000426736
internal_weight=0 10324.3 970.583 9353.7 1003.48 280.701 397.469 8350.22 2211.79 1741.8 1310.47 768.994 541.477 431.327
internal_count=140498 138699 13748 124951 13542 3503 5710 111409 31093 24870 18663 10550 8113 6207
is_linear=0
shrinkage=0.0101079


Tree=130
num_leaves=15
num_cat=0
split_feature=29 13 13 3 15 15 12 15 21 0 20 21 15 33
split_gain=15.2428 13.2933 21.6504 27.786 28.8414 26.313 17.5961 24.2771 15.8106 20.2987 20.8073 43.1154 25.6125 28.5363
threshold=-0.60785761475563038 -0.091381121426820741 -0.03462963551282882 0.67857995629310619 10.036652565002443 2.6562331914901738 -0.0024881325662136074 4.1878991127014169 5.215367555618287 0.46326284110546118 -0.63085311651229847 -2.2624278068542476 13.917312622070314 0.89692735671997081
decision_type=2 2 2 2 2 2 2 2 2 2 2 2 2 10
left_child=-1 -2 3 4 5 -3 7 -7 9 -4 11 -11 -12 -14
right_child=1 2 8 -5 -6 6 -8 -9 -10 10 12 -13 13 -15
leaf_value=0.0031566172736096163 0.0024991903928449194 0.0016361574222622855 -0.0027306147176894132 -0.0039908613361365206 0.0039850075321120606 -0.0032229464898167388 -0.0034879430035044639 0.0018019271954414792 -0.00050546065773648247 0.00114507195582448 0.00070458649571259043 -0.0013674060156066885 -1.8522621168269768e-05 0.0051536268915104997
leaf_weight=150.00149584934115 203.35943001136184 257.04899425432086 190.42360181733966 288.62057101726532 121.65397452004254 165.70709587074816 393.13209277950227 213.24185238219798 2733.8184318616986 1401.8131683990359 2536.5210717283189 1370.0165928900242 146.40295054018497 294.31651709228754
leaf_count=1851 3229 3974 3063 4247 1549 2362 5721 2890 34691 19271 33106 18457 3672 2410
internal_value=0 -7.29213e-06 -6.35442e-05 -0.00121078 -0.000456868 -0.00104648 -0.00199882 -0.000310843 0.000123081 0.000419472 0.000534328 -8.25305e-05 0.00112094 0.00337409
internal_weight=0 10316.1 10112.7 1439.4 1150.78 1029.13 772.081 378.949 8673.31 5939.49 5749.07 2771.83 2977.24 440.719
internal_count=140493 138642 135413 20743 16496 14947 10973 5252 114670 79979 76916 37728 39188 6082
is_linear=0
shrinkage=0.0101079


Tree=131
num_leaves=15
num_cat=0
split_feature=27 28 2 3 30 3 12 15 11 22 15 30 15 2
split_gain=14.2031 30.7613 17.0074 23.0822 21.1439 18.9082 17.669 33.2353 23.9924 17.9392 16.4159 16.1624 15.3378 23.5069
threshold=-0.39271505177021021 0.41268247365951544 2.0736768245697026 0.73047596216201793 -0.56174489110708226 0.19809285551309588 -0.021511994302272793 10.193215847015383 0.038036143407225616 -0.19743578881025312 18.768794059753422 1.0000000180025095e-35 3.9888368844985966 0.5591600537300111
decision_type=2 2 2 2 2 2 2 2 2 2 2 2 2 2
left_child=1 -1 4 11 6 -6 8 9 -2 -8 -9 -4 13 -7
right_child=2 -3 3 -5 5 12 7 10 -10 -11 -12 -13 -14 -15
leaf_value=1.0955601175564005e-06 -0.0016173680969087318 -0.002232318192207634 0.0027077434760666903 0.0044878026886192154 0.0043495137472411493 0.0065229249047279734 -0.0042192372245548684 0.00074648837069425222 0.0023810446372372483 -0.00049423922700526815 -0.0016985322138825616 -0.0022926167224377935 0.00017407975301280288 0.00096030685899659506
leaf_weight=2727.8573931418359 228.83418889902532 797.92430679872632 115.51760629750788 217.73518768884242 128.42722930945456 91.628553381189704 404.17803485691547 806.11722035333514 396.9384637773037 236.96636299788952 418.13038720749319 134.74841590039432 3254.7077430989593 516.16793758235872
leaf_count=37050 2927 12059 1248 2571 2337 1452 6485 10004 5277 3587 5007 1647 41444 7437
internal_value=0 -0.00049662 0.000289798 0.00214123 0.000147525 0.000608138 -0.00057379 -0.0010756 0.000853086 -0.00292692 -6.10601e-05 0 0.000464941 0.0019352
internal_weight=0 3525.78 6950.1 468.001 6482.1 3990.93 2491.16 1865.39 625.773 641.144 1224.25 250.266 3862.5 607.796
internal_count=140532 49109 91423 5466 85957 52670 33287 25083 8204 10072 15011 2895 50333 8889
is_linear=0
shrinkage=0.0101079


Tree=132
num_leaves=15
num_cat=0
split_feature=29 27 23 3 17 15 14 3 15 27 16 22 21 11
split_gain=15.5063 20.6602 28.6152 44.1879 14.9054 19.4924 33.7289 14.9245 30.531 22.418 15.8158 14.5767 14.5436 32.247
threshold=1.0000000180025095e-35 -0.41268247365951533 0.87633880972862255 0.52379813790321361 14.500000000000002 4.732807159423829 -12.802639007568358 0.47562648355960851 19.624384880065922 -1.0000000180025095e-35 0.71018236875534069 -0.49701042473316187 -7.3018476963043204 0.062695197761058821
decision_type=2 2 2 2 2 2 2 2 2 2 2 2 2 2
left_child=4 2 3 -2 11 12 -7 8 -8 -9 -11 -1 -6 -14
right_child=1 -3 -4 -5 5 6 7 9 -10 10 -12 -13 13 -15
leaf_value=0.0036246949929610653 0.002307239313197837 3.0972519569069871e-05 -0.00044044540315047614 -0.004589567469793201 0 -0.00349179885984237 0.0020304563961225622 0.00035043394282158468 -0.0022398672580396552 -0.0043554544549783128 0 0.00073649219969870847 0.00061701325841980912 0.0063120228687398522
leaf_weight=243.51733012869954 106.60332473926246 4209.011367931962 1519.8782144114375 442.69294026307762 434.41756754368544 312.10080133005977 698.58391301333904 591.0106250513345 211.12730026058853 228.05698098428547 140.08625654131174 847.11152480170131 356.30281645990908 147.6619738470763
leaf_count=2941 1256 55753 21076 7119 5525 4705 8939 8545 2772 2761 1678 10845 4807 1989
internal_value=0 -0.000366685 -0.00119222 -0.00316509 0.000424619 5.43745e-05 -0.000456235 4.12629e-05 0.000984855 -0.000812508 -0.00275645 0.00143896 0.00127804 0.00243409
internal_weight=0 6278.19 2069.17 549.296 4209.98 3119.35 2180.97 1868.87 909.711 959.154 368.143 1090.63 938.382 503.965
internal_count=140711 85204 29451 8375 55507 41721 29400 24695 11711 12984 4439 13786 12321 6796
is_linear=0
shrinkage=0.0101079


Tree=133
num_leaves=15
num_cat=0
split_feature=29 11 3 0 20 3 14 21 13 15 18 3 13 15
split_gain=18.3953 13.1387 14.5226 15.9388 21.7197 25.374 25.3692 20.8736 20.2775 20.0978 21.1763 26.9936 21.5052 25.0514
threshold=-0.60785761475563038 0.0094234421849250811 0.41572938859462744 1.355888366699219 -3.1306508779525752 0.66589143872261058 -11.520363807678221 -0.37017333507537836 0.0020539405522868042 6.9234659671783456 58.500000000000007 0.73375961184501659 0.068017300218343749 22.533465385437015
decision_type=2 2 2 2 2 2 2 2 2 2 2 2 2 2
left_child=-1 -2 -3 4 5 8 -7 -6 -4 -9 11 -11 13 -12
right_child=1 2 3 -5 7 6 -8 9 -10 10 12 -13 -14 -15
leaf_value=0.0034319233354523867 0.0011425583004764889 0.00045007425216801148 0.0043855979856379365 0.00049017524046586448 -0.0021074030050180614 -0.0020908504958602834 0.0034300985482540723 0.0031217948252150358 -0.00018255765516326082 -0.0030789324744326372 -7.6247938341404066e-05 0.0015461514180379653 -0.0028661105639544407 0.0048506894779972044
leaf_weight=151.4410455673933 877.45258818380535 2861.1595098916441 246.98694874532521 1501.8834171704948 1210.2031806502491 357.49755858443677 99.908453825861216 136.76339294761419 135.01165576092899 619.4003735370934 1788.6694004163146 144.47220026142895 258.76800610497594 103.63797177933156
leaf_count=1856 11966 39466 3370 20214 17147 5257 1195 1979 1912 7322 22245 2075 3470 1286
internal_value=0 -3.01422e-05 -0.000143973 -0.000407722 -0.000680337 0.000773948 -0.000761352 -0.000977122 0.00269516 -0.000511515 -0.000703547 -0.00214505 -0.000167118 0.000190677
internal_weight=0 10341.8 9464.36 6603.2 5101.32 839.405 457.406 4261.91 381.999 3051.71 2914.95 763.873 2151.08 1892.31
internal_count=140760 138904 126938 87472 67258 11734 6452 55524 5282 38377 36398 9397 27001 23531
is_linear=0
shrinkage=0.0101079


Tree=134
num_leaves=15
num_cat=0
split_feature=29 23 3 11 6 7 11 3 28 3 23 3 3 12
split_gain=17.9108 16.8764 23.0112 14.3207 18.0343 11.9675 54.9093 11.8442 27.0833 17.837 16.4037 13.7131 26.241 17.4179
threshold=-0.60785761475563038 0.52538022398948681 0.26885353028774267 0.0094234421849250811 5.522047996520997 5.310793638229371 0.073861956596374526 0.5022544562816621 -0.20576497167348859 0.51309925317764293 1.5280832052230837 0.31738872826099401 0.33560158312320715 0.041841769590973861
decision_type=2 2 2 2 2 2 2 2 2 2 2 2 2 2
left_child=-1 2 -2 4 -3 -4 -7 11 9 -9 -10 13 -13 -5
right_child=1 3 5 7 -6 6 -8 8 10 -11 -12 12 -14 -15
leaf_value=0.0033761499792116191 0.0024817532615943093 0.00068493398902509715 -0.0028626913750670608 -4.0754426811958324e-05 0.0052472672479345192 0.0047552621260168113 -0.0034048667704552013 -0.0035162110149384159 -0.001430871672005223 0.00051232099632479548 0.001711264456573041 0.0041471069904565399 0.00046062206527289223 -0.0040844953370594364
leaf_weight=149.52924868091941 127.07409675233066 692.9986747354269 533.04777158983052 1011.440046004951 101.39727650210261 124.89956527203321 220.52173866704106 108.23981952853501 2125.1185122579336 2480.1277823410928 166.63431801460683 213.97255570068955 2319.4517857171595 117.48502155207098
leaf_count=1825 1973 9367 7893 15540 1306 1768 2610 1271 29958 31470 1996 2950 28943 1760
internal_value=0 -6.13172e-05 -0.00130244 6.89678e-05 0.00136216 -0.00191221 -0.000300554 -4.76632e-05 -0.000377654 0.000318414 -0.00117987 0.000380889 0.000799441 -0.000521814
internal_weight=0 10342.4 1005.54 9336.87 794.396 878.469 345.421 8542.47 4880.12 2588.37 2291.75 3662.35 2533.42 1128.93
internal_count=140630 138805 14244 124561 10673 12271 4378 113888 64695 32741 31954 49193 31893 17300
is_linear=0
shrinkage=0.0101079


Tree=135
num_leaves=15
num_cat=0
split_feature=29 23 3 11 16 33 11 11 29 3 29 22 33 27
split_gain=15.9092 14.5421 23.9611 15.0989 17.7246 11.512 17.0695 17.1464 11.2316 15.1208 20.516 20.0143 19.0821 16.4132
threshold=-0.60785761475563038 0.5199095904827119 0.26885353028774267 0.0094234421849250811 0.69278383255004894 1.0013927817344668 0.073861956596374526 0.040531316772103317 1.0000000180025095e-35 0.44264087080955511 0.87837970256805431 -0.61547312140464772 0.9590476155281068 0.52803644537925731
decision_type=2 2 2 2 2 8 2 2 2 2 2 2 10 2
left_child=-1 2 -2 4 -3 6 7 -4 -5 -10 11 -11 -13 -14
right_child=1 3 5 8 -6 -7 -8 -9 9 10 -12 12 13 -15
leaf_value=0.0031574319472507622 0.0026559001398000805 0.00045056028238495854 -0.0013272235502083695 0.00037439514398258033 0.0040767542695914084 -0.0037342872163621328 -0.0032161773339831677 0.0029658403852987365 0.00041315457195643897 -0.0033926119597611571 0.0003527717587305976 0.00065739566689161806 -0.0021889957594613853 0.00010252861695656882
leaf_weight=151.04746728390455 125.15152611210942 605.56030620075762 241.93091624230146 3430.8407158534974 185.90716482326388 249.11549730040133 218.78301959484816 143.2020601592958 1639.5637059118599 389.38589550182223 1111.9357064366341 576.25037184357643 987.68083310872316 420.98989140987396
leaf_count=1852 1926 8373 2135 44805 2304 6488 1920 1321 22345 5680 14795 14673 8552 3469
internal_value=0 -6.63273e-05 -0.00123571 5.26154e-05 0.0013838 -0.0018722 -0.00100085 0.000192548 -6.69102e-05 -0.000370294 -0.000750436 -0.00128357 -0.000838096 -0.0014787
internal_weight=0 10326.3 978.183 9348.11 791.467 853.031 603.916 385.133 8556.65 5125.81 3486.24 2374.31 1984.92 1408.67
internal_count=140638 138786 13790 124996 10677 11864 5376 3456 114319 69514 47169 32374 26694 12021
is_linear=0
shrinkage=0.0101079


Tree=136
num_leaves=15
num_cat=0
split_feature=29 23 3 20 20 20 11 17 2 3 14 3 28 3
split_gain=14.4723 13.7819 23.8043 15.9612 16.0706 14.8156 13.0214 11.8668 10.4008 10.8947 13.9649 9.76043 17.9442 15.8406
threshold=-0.60785761475563038 0.52538022398948681 0.37197872996330267 1.0020857453346255 -0.030453450046479699 -0.092084281146526323 0.0094234421849250811 31.500000000000004 1.4955331087112429 0.74696034193038952 -6.3613812923431388 0.46475630998611456 -0.18436925113201139 0.31448113918304449
decision_type=2 2 2 2 2 2 2 2 2 2 2 2 2 2
left_child=-1 2 3 4 -2 -4 8 -7 9 10 -3 13 -13 -8
right_child=1 6 5 -5 -6 7 11 -9 -10 -11 -12 12 -14 -15
leaf_value=0.0029814438030905588 0 0 -6.7354907114401639e-05 -0.0023646958578993045 0.0054661651926108017 -0.00086141703791019349 -0.00058459672504384001 -0.0047346496586333628 0.004113436861633556 -0.0012734937594130965 0.0032750026823770628 0.00018628111082259356 -0.00097323071460267017 0.0009059600353762162
leaf_weight=152.42121373862028 155.99957848899066 265.37877497449517 230.27870256640017 93.45523720793426 91.786886435002089 160.17688144370914 1094.6615579146892 270.19557858072221 111.51431514322758 179.0309029687196 233.19369489699602 2933.6024194955826 2466.5617842469364 2028.9802417028695
leaf_count=1869 2207 3850 3559 1189 1353 1890 16853 4028 1522 2462 2828 37302 34307 25370
internal_value=0 -7.89473e-05 -0.00120204 0.000868523 0.00228075 -0.00232984 3.84164e-05 -0.00342569 0.00127698 0.000710461 0.00151134 -7.25405e-05 -0.000336471 0.000370518
internal_weight=0 10314.8 1001.89 341.242 247.786 660.651 9312.92 430.372 789.118 677.603 498.572 8523.81 5400.16 3123.64
internal_count=140589 138720 14226 4749 3560 9477 124494 5918 10662 9140 6678 113832 71609 42223
is_linear=0
shrinkage=0.0101079


Tree=137
num_leaves=15
num_cat=0
split_feature=11 13 13 29 28 29 13 14 14 29 20 20 21 11
split_gain=14.5556 14.9454 14.4359 15.3251 18.3807 17.8307 16.9583 15.9166 30.4386 18.9373 27.185 17.2561 16.7713 36.5321
threshold=0.0059771575033664712 -0.0073081606533378354 -0.091381121426820741 1.0000000180025095e-35 -0.91080963611602772 0.87837970256805431 -0.05716870725154876 -1.7983957529067991 -6.8334546089172354 0.6078576147556306 -1.9569921493530271 6.9952497482299814 9.5359492301940936 0.088859148323535933
decision_type=2 2 2 2 2 2 2 2 2 2 2 2 2 2
left_child=1 -1 -2 6 5 -5 -4 8 9 10 -6 -9 13 -10
right_child=2 -3 3 4 7 -7 -8 11 12 -11 -12 -13 -14 -15
leaf_value=0.0037905409191641708 0.0024083560889667016 0.0002186335891195822 -0.0023154336613934131 -0.00018897102661048713 -0.00019406472628808523 0.0027815034609844614 0.00044767616990575021 -0.0030170962528748859 0 -0.00066065919184961016 -0.004303148021824312 0.00054871547889164603 -0.0019869374986869383 0.0036194149893067394
leaf_weight=186.88714901730418 209.36773160472512 385.28046359494328 231.10807160288095 585.08949524350464 300.10269929841161 293.59765352122486 3649.4668327830732 563.92523311264813 1330.2383714038879 1571.0231384541839 427.9531432967633 156.52368016913533 248.80846039392054 352.27401618100703
leaf_count=2535 3325 5219 3345 7575 4477 3794 47289 6086 17343 23050 6885 2028 3817 4084
internal_value=0 0.00148972 -0.000155132 -0.000216421 -0.000546076 0.000773273 0.000268481 -0.000789234 -0.000537757 -0.00132572 -0.00268403 -0.00218914 0.000380891 0.000762396
internal_weight=0 572.168 9919.48 9710.11 5829.54 878.687 3880.57 4950.85 4230.4 2299.08 728.056 720.449 1931.32 1682.51
internal_count=140852 7754 133098 129773 79139 11369 50634 67770 59656 34412 11362 8114 25244 21427
is_linear=0
shrinkage=0.0101079


Tree=138
num_leaves=15
num_cat=0
split_feature=29 28 30 16 14 29 20 14 6 15 21 7 15 18
split_gain=13.7217 17.3594 19.5942 16.3016 32.254 31.8255 33.3633 22.4071 29.8631 20.6381 16.2353 30.518 22.4099 18.9363
threshold=1.0000000180025095e-35 -0.91959547996520985 1.0000000180025095e-35 0.91233927011489879 -6.8334546089172354 0.6078576147556306 -1.483524441719055 -12.924557209014891 -2.5400743484497066 22.533465385437015 7.3601388931274423 12.052706718444826 12.965132236480715 58.500000000000007
decision_type=2 2 2 2 2 2 2 2 2 2 2 2 2 2
left_child=-1 2 -2 4 5 6 -3 8 -7 -5 11 12 -6 -13
right_child=1 3 -4 9 10 7 -8 -9 -10 -11 -12 13 -14 -15
leaf_value=0.00044334640157678052 0.0020605932191867103 -0.00036457416162154335 -0.0010201784028272376 -0.0032777752657566803 0.0012108297352143766 -0.00029323889496368088 -0.0045584365495637304 -0.0011966449097336044 0.0040523872702764906 0.00012685656594212314 -0.001130927428896708 0.00059818013615051688 -0.0016387897945188963 0.0065714110304694717
leaf_weight=4193.8861382566392 592.83877245895565 381.5662090126425 299.49141404777765 443.11888178065419 1069.8021241687238 458.90944204851985 444.14062566123903 1055.9027498885989 229.39252430014312 267.0929977465421 406.82908190973103 111.32023308239877 366.18976995721459 146.48261421732605
leaf_count=55249 7658 5634 3821 4887 13346 7267 7047 14782 3581 3431 5682 1363 4956 1653
internal_value=0 -0.000302861 0.000981715 -0.000524497 -0.000295752 -0.00105963 -0.0026901 -0.000256282 0.00112541 -0.00195323 0.000620018 0.00106756 0.000451278 0.00423609
internal_weight=0 6273.08 892.33 5380.75 4670.54 2569.91 825.707 1744.2 688.302 710.212 2100.62 1693.79 1435.99 257.803
internal_count=140357 85108 11479 73629 65311 38311 12681 25630 10848 8318 27000 21318 18302 3016
is_linear=0
shrinkage=0.0101079


Tree=139
num_leaves=15
num_cat=0
split_feature=28 27 2 30 2 30 12 13 13 12 13 13 30 8
split_gain=13.962 30.2708 19.05 30.6394 23.3167 17.5538 20.4845 16.7809 44.9141 29.4248 18.1528 23.7117 19.2491 14.3209
threshold=-0.20576497167348859 -0.20576497167348859 1.4002898931503298 1.0000000180025095e-35 1.1921317577362063 1.0000000180025095e-35 0.087017212063074126 -0.026178942993283268 -0.012892269063740967 -0.03094950225204229 0.01873793546110392 0.059425994753837592 -0.56174489110708226 -0.26186339557170862
decision_type=2 2 2 2 2 2 2 2 2 2 2 2 2 2
left_child=-1 7 3 -3 -5 6 -4 -2 9 -9 -10 12 -12 -14
right_child=1 2 5 4 -6 -7 -8 8 10 -11 11 -13 13 -15
leaf_value=0.00038375107780582541 -0.0030309309449702859 -0.0010217317123909198 0.0057088142050369809 0.0015754728019694373 -0.0029842875045322736 0 0.00039289306327847882 -0.00034074680511420968 -0.0029581672129951205 0.0070990618476991152 0.0030388803501764229 -0.0028180229314526627 -0.0028752538580183577 0.0010572657178095127
leaf_weight=4917.0978538859636 469.67566177807748 1688.4610520061105 173.3595594484359 1078.6400006376207 115.68457595072687 301.91911400295794 157.37556947395205 85.225160229951143 514.12831948511302 104.46750786527991 213.90641247667372 290.91848053969443 164.58409774675965 185.15047783404589
leaf_count=63836 7150 23355 2048 14373 1495 3651 1760 1400 8028 1540 2984 3808 2323 2657
internal_value=0 -0.000355464 0.00020215 -0.000134781 0.00108397 0.00178398 0.00336492 -0.00133906 -0.000791008 0.00366737 -0.00145525 -0.000485899 0.000668483 -0.000701925
internal_weight=0 5543.5 3515.44 2882.79 1194.32 632.654 330.735 2028.06 1558.38 189.693 1368.69 854.559 563.641 349.735
internal_count=140408 76572 46682 39223 15868 7459 3808 29890 22740 2940 19800 11772 7964 4980
is_linear=0
shrinkage=0.0101079


Tree=140
num_leaves=15
num_cat=0
split_feature=29 23 3 2 11 16 3 3 11 23 12 7 2 23
split_gain=13.9908 16.4286 21.834 14.4424 13.433 15.7604 10.8651 13.3372 15.8167 18.8781 15.2139 13.3531 17.5326 12.4566
threshold=-0.60785761475563038 0.52538022398948681 0.26885353028774267 0.84191554784774791 0.0086098322644829767 0.66835525631904613 0.5022544562816621 0.30400596559047705 0.10262347757816316 0.72003385424613964 0.041841769590973861 -11.477041244506834 0.7302989959716798 1.5280832052230837
decision_type=2 2 2 2 2 2 2 2 2 2 2 2 2 2
left_child=-1 2 -2 -4 5 -3 7 10 -9 -10 11 -6 -13 -8
right_child=1 4 3 -5 6 -7 13 8 9 -11 -12 12 -14 -15
leaf_value=0.003021314368080496 0.0024056456542779566 0.00039255369519505774 -0.00042925623251957443 -0.003153838176161659 -0.002268431893251465 0.003820306257030448 -0.00060731439760917092 0.00023976266673376835 0.0053845403486705622 0.0011576128411915016 -0.0044460792514582643 -0.00027091610793751321 0.0035386002849236067 0.00058327359802446094
leaf_weight=148.15997631289065 128.2805549800396 522.2166536860168 435.18165393918753 438.1043468080461 221.62454520724714 197.40125834941864 3778.5476711764932 1891.3393989950418 135.20442124269903 678.50495871156454 87.203139657154679 522.83444924466312 148.17355974763632 1138.3785415142775
leaf_count=1835 2002 7194 5891 6310 3667 2448 50169 25051 1543 7599 1395 7947 2311 15222
internal_value=0 -2.92788e-05 -0.00125734 -0.00185756 9.9253e-05 0.00141875 -7.59038e-06 0.000402061 0.000774028 0.00195277 -0.000581868 -0.000124886 0.000540971 -0.000322966
internal_weight=0 10323 1001.57 873.286 9321.43 719.618 8601.81 3684.88 2705.05 813.709 979.836 892.633 671.008 4916.93
internal_count=140584 138749 14203 12201 124546 9642 114904 49513 34193 9142 15320 13925 10258 65391
is_linear=0
shrinkage=0.0101079


Tree=141
num_leaves=15
num_cat=0
split_feature=29 23 2 3 13 3 12 17 7 16 20 3 8 12
split_gain=10.3614 14.2637 22.1812 11.3616 9.97823 27.2889 20.9451 18.6951 11.7554 45.7064 14.013 22.4723 12.8265 10.9458
threshold=-0.60785761475563038 0.52538022398948681 0.44767518341541296 0.35088855028152471 -0.03462963551282882 0.67857995629310619 -0.065888188779354082 81.500000000000014 1.3892133831977846 0.71018236875534069 -3.9885048866271968 0.68188682198524486 0.84908798336982738 -0.048343112692236893
decision_type=2 2 2 2 2 2 2 2 2 2 2 2 2 2
left_child=-1 2 -2 -4 5 6 7 -3 9 10 11 -6 -13 -12
right_child=1 4 3 -5 8 -7 -8 -9 -10 -11 13 12 -14 -15
leaf_value=0.0025399429695729071 0.0028412025382129522 0.0058717541988209119 7.1642866245023713e-05 -0.0023953680097161261 0.0051908846113973856 -0.0034253311611990591 -0.00070722877957944902 7.1471112049382136e-05 -5.6569423242145277e-05 0.0046425284923517903 -0.0014861766718186197 -0.00052498516640444009 0.0028110091916204454 0.00029663364180772446
leaf_weight=155.596429919824 110.12397686205804 96.937799107283354 222.17371346615255 664.64491747878492 135.65974472649395 285.74462060257792 879.71711842902005 157.17004456184804 4940.6298861224204 271.96652941033244 438.32927167601883 335.16284134611487 163.09550606273115 1616.3312200754881
leaf_count=1885 1594 1281 3067 9557 1921 4342 12842 2345 63634 3250 6103 4328 2247 22195
internal_value=0 -2.55359e-05 -0.00117295 -0.0017367 9.37093e-05 -0.000676978 0 0.00254561 0.000237816 0.000741619 0.000319972 0.00162695 0.000512871 -6.81558e-05
internal_weight=0 10317.7 996.943 886.819 9320.74 1419.57 1133.82 254.108 7901.17 2960.55 2688.58 633.918 498.258 2054.66
internal_count=140591 138706 14218 12624 124488 20810 16468 3626 103678 40044 36794 8496 6575 28298
is_linear=0
shrinkage=0.0101079


Tree=142
num_leaves=15
num_cat=0
split_feature=29 13 28 17 23 17 7 15 13 0 30 15 30 3
split_gain=17.4589 20.5382 19.9794 17.4586 28.5821 14.8087 18.4792 18.2518 27.345 26.3108 20.9327 20.573 20.0845 18.8969
threshold=1.0000000180025095e-35 -0.091381121426820741 -0.66746801137924183 84.500000000000014 0.92875015735626232 35.500000000000007 -11.477041244506834 6.2694945335388192 -0.0060561085119843474 0.92833817005157482 1.0000000180025095e-35 13.531000137329103 1.0000000180025095e-35 0.41328673064708715
decision_type=2 2 2 2 2 2 2 2 2 2 2 2 2 2
left_child=5 -2 3 -3 -5 6 -1 8 12 11 -10 13 -7 -9
right_child=1 2 -4 4 -6 7 -8 9 10 -11 -12 -13 -14 -15
leaf_value=-0.002420039736146842 0.003871152033107522 1.3630270369028916e-05 -0.00075504691031894056 0.0066044329939514354 0.00011882316599886801 0.0019913495615157865 0.001520157441331643 0.001330962369366657 6.6905747291257247e-05 -0.0029418048752977706 0.0061976929037878105 0.0020626508348353736 -0.0011589514080143104 -0.0024910176836688519
leaf_weight=116.71559858322144 109.47771042212844 1523.6044479422271 4341.353775607422 110.34105070866644 202.09058659151196 332.29314519278705 1694.4168827161193 190.46581344865263 111.61544899269938 395.50164003297687 148.02299162000418 348.08519022352993 517.22260633856058 344.4188628718257
leaf_count=1835 1606 19792 60110 1237 2708 4271 21292 2550 1489 5146 1933 5119 6932 4749
internal_value=0 -0.000292859 -0.000377889 0.000491377 0.00263874 0.000547439 0.00123488 6.79908e-06 0.000968682 -0.000797001 0.00379084 0.000135208 3.28189e-05 -0.00105583
internal_weight=0 6286.87 6177.39 1836.04 312.432 4198.76 1811.13 2387.63 1109.15 1278.47 259.638 882.97 849.516 534.885
internal_count=140769 85453 83847 23737 3945 55316 23127 32189 14625 17564 3422 12418 11203 7299
is_linear=0
shrinkage=0.0101079


Tree=143
num_leaves=15
num_cat=0
split_feature=29 28 2 2 33 3 30 15 15 28 16 13 11 3
split_gain=14.8572 14.9872 20.9863 24.8896 26.3272 24.4847 19.3808 21.9981 29.6666 17.9326 16.7111 23.5774 15.7642 13.9907
threshold=-0.60785761475563038 0.4904943853616715 0.85736152529716503 2.0454283952713017 1.0013927817344668 0.40139877796173101 1.0000000180025095e-35 8.8469467163085955 15.3448543548584 0.8491516411304475 0.61864626407623302 -0.0073081606533378354 0.010674227960407736 0.38871423900127416
decision_type=2 2 2 2 8 2 2 2 2 2 2 2 2 2
left_child=-1 12 6 5 -5 -4 7 -3 9 -9 11 13 -2 -8
right_child=1 2 3 4 -6 -7 10 8 -10 -11 -12 -13 -14 -15
leaf_value=0.0031050118088594828 0.0016309356980732063 -0.0025928973552747469 0.0011253313374593019 0.0036864798117631735 -0.0023807439279943392 -0.0026713475156288514 0.0033942797416481561 0.0055758102016117755 -0.0021475905058724134 0.00025902142127618116 -0.00014637046654805566 0.0064800320231886517 6.1863363126110385e-05 -0.0016181628651849292
leaf_weight=150.27295106463134 727.20847677439451 362.85517174378037 186.20278768241405 169.71502587199211 109.94930179789662 1064.0081202946603 100.66484338976443 122.55464686825871 207.66772581450641 165.30127417109907 254.44732082635164 126.35530566424131 6631.7199075706303 102.21891343221068
leaf_count=1847 9586 5826 2288 1409 2752 14854 1433 1548 2763 2068 2931 1790 88049 1600
internal_value=0 -1.66983e-05 -0.000625205 -0.00145056 0.00116032 -0.00207029 0.000225495 -0.000706483 0.000612763 0.00274525 0.00165599 0.0031409 0.000223946 0.000709377
internal_weight=0 10330.9 2971.94 1529.88 279.664 1250.21 1442.07 858.379 495.524 287.856 583.686 329.239 7358.93 202.884
internal_count=140744 138897 41262 21303 4161 17142 19959 12205 6379 3616 7754 4823 97635 3033
is_linear=0
shrinkage=0.0101079


Tree=144
num_leaves=15
num_cat=0
split_feature=29 22 3 11 3 17 13 16 21 15 17 0 22 11
split_gain=13.5918 16.5475 35.5288 18.8092 16.3595 13.961 13.5355 14.2396 21.0656 12.9222 26.6842 29.2384 20.825 19.0883
threshold=1.0000000180025095e-35 -0.77503463625907887 0.35088855028152471 0.0086098322644829767 0.76084542274475109 38.500000000000007 -0.049431676045060151 0.14552611857652667 -4.5934996604919425 6.568575620651246 38.500000000000007 0.93163704872131359 -0.80783316493034352 0.046748330816626556
decision_type=2 2 2 2 2 2 2 2 2 2 2 2 2 2
left_child=6 2 -2 4 5 -3 7 -1 -9 -8 12 13 -11 -12
right_child=1 3 -4 -5 -6 -7 9 8 -10 10 11 -13 -14 -15
leaf_value=0.00077001455511529267 0.0024398085086538282 0.00060563067381977018 -0.002515928640495462 -0.00021540230071693129 -0.00074017863950135896 0.0052367258107994955 0.0016554710335511919 -0.0048751958779754585 0.00055092876497207159 0.0048821013645545105 -0.0015668846681730277 -0.0033106296137384522 0.00076278330445941141 0.0015848537403050182
leaf_weight=204.07667705602944 170.78919544070959 149.7237267177552 725.14223719015718 4929.765319744125 135.61841023527086 162.22653857804835 1057.654918000102 160.71371413581073 105.37177266925573 137.24568369239569 334.5295852124691 338.2154185641557 1418.7152644749731 444.20561622083187
leaf_count=2909 2515 1918 10218 66674 1893 2041 13682 2340 1523 1781 4702 4393 17777 6207
internal_value=0 -0.000247186 -0.00151378 -2.67884e-05 0.00193052 0.00320826 0.000494113 -0.00107671 -0.00262301 0.000704711 0.00030975 -0.000858101 0.00117409 0.00017736
internal_weight=0 6273.27 895.931 5377.33 447.569 311.95 4200.73 470.162 266.085 3730.57 2672.91 1116.95 1555.96 778.735
internal_count=140573 85259 12733 72526 5852 3959 55314 6772 3863 48542 34860 15302 19558 10909
is_linear=0
shrinkage=0.0101079


Tree=145
num_leaves=15
num_cat=0
split_feature=11 15 18 3 12 7 15 10 27 29 29 2 28 9
split_gain=14.2745 24.9212 19.182 16.9977 17.9411 15.8643 12.1766 19.9387 11.9378 17.9834 21.6799 15.8032 14.4601 17.3964
threshold=0.015727005898952488 10.193215847015383 37.500000000000007 0.71954062581062328 0.012098158709704878 0.12484553456306459 2.7992745637893681 0.16997971385717395 -0.71473535895347584 -1.0000000180025095e-35 0.87837970256805431 2.1004860401153569 -0.43245348334312433 0.30688908696174627
decision_type=2 2 2 2 2 2 2 2 2 2 2 2 2 2
left_child=1 2 5 4 -3 -1 7 -2 9 -8 12 -10 -11 -14
right_child=6 3 -4 -5 -6 -7 8 -9 11 10 -12 -13 13 -15
leaf_value=0 0.0022935995473625519 0.00040969409253547315 -0.0012645511604029377 -0.00016271871909663075 0.0056210456947892061 0.0034332240137555769 0.00090560431766336638 -0.00055800764015609156 -0.00020353164619141192 0 0.00056054983586518124 0.0017476143213702312 -0.0034963207065065042 0
leaf_weight=292.95690988190472 508.57873850129545 121.67383389919996 542.67450879327953 117.13414409197867 225.63279655203223 221.50407432205975 377.70061368122697 447.887978868559 5698.6926588062197 252.21806145086884 361.41533225029707 449.15899835713208 702.52291990816593 164.11555578559637
leaf_count=3966 7730 1520 8026 1605 2564 2865 5097 6448 74199 3386 5003 5708 10168 2384
internal_value=0 0.000914778 1.36357e-05 0.00284674 0.00395749 0.00143826 -0.000141462 0.000922415 -0.000274376 -0.000983903 -0.00149541 -5.24124e-05 -0.00219479 -0.00281009
internal_weight=0 1521.58 1057.14 464.441 347.307 514.461 8962.29 956.467 8005.82 1857.97 1480.27 6147.85 1118.86 866.638
internal_count=140669 20546 14857 5689 4084 6831 120123 14178 105945 26038 20941 79907 15938 12552
is_linear=0
shrinkage=0.0101079


Tree=146
num_leaves=15
num_cat=0
split_feature=28 8 3 13 8 3 5 15 5 13 13 3 29 16
split_gain=16.362 16.2853 14.9926 18.335 17.0664 18.9486 16.8711 22.0659 24.3087 18.3914 18.1868 16.374 29.4144 34.0396
threshold=-0.69930991530418385 0.5174669921398164 0.46475630998611456 -0.020152963697910305 2.7979556322097783 0.73375961184501659 1.890034079551697 24.250505447387699 0.26216906309127813 -0.023358462378382679 -0.083856664597988115 0.76084542274475109 -1.0000000180025095e-35 0.11845690011978151
decision_type=2 2 2 2 2 2 2 2 2 2 2 2 2 2
left_child=1 -1 6 11 -5 -6 7 8 10 -10 -2 12 -4 -14
right_child=2 -3 3 4 5 -7 -8 -9 9 -11 -12 -13 13 -15
leaf_value=0.0012622909919470097 0.0040843715813652899 -0.00026524399379100372 0.003354148497374634 -0.00042622784453781457 -0.00034523144085393998 0.0044719929336696452 -0.00089524246321555996 -0.0034550239639936694 6.1159836576380871e-05 0.0040509639721349943 -3.0461389412879349e-05 -0.0033717789586321873 0.0025056058242039453 -0.0029385670705314097
leaf_weight=1782.1226207669824 111.20407906919718 1118.9840605445206 133.43325547128916 3324.3838365804404 142.20852089673281 153.02423928305507 767.16243153251708 103.51101342216134 197.08890582807362 394.96736001037061 1207.2433551903814 392.83734777197242 138.11141062714159 503.71619042567909
leaf_count=22579 1474 14735 1717 45163 1627 2311 10119 1544 2950 5021 16529 5773 2254 6843
internal_value=0 0.000660033 -0.000231491 -0.00057724 -0.000207726 0.00206768 0.000349136 0.000844757 0.00111165 0.00280802 0.000307574 -0.00167904 -0.000745061 -0.00168903
internal_weight=0 2901.11 7568.89 4787.71 3619.62 295.233 2781.18 2014.01 1910.5 592.056 1318.45 1168.1 775.261 641.828
internal_count=140639 37314 103325 65688 49101 3938 37637 27518 25974 7971 18003 16587 10814 9097
is_linear=0
shrinkage=0.0101079


Tree=147
num_leaves=15
num_cat=0
split_feature=3 1 13 16 3 15 7 21 7 7 29 12 2 13
split_gain=17.9603 15.0144 12.5992 21.5048 15.6085 13.9003 28.9514 54.5525 25.8656 25.7533 22.8716 15.6961 13.8451 14.0527
threshold=0.46475630998611456 1.3550331592559817 -0.026773854158818718 0.11845690011978151 0.68852353096008312 6.568575620651246 0.12484553456306459 2.7292352914810185 0.365750402212143 5.310793638229371 -1.0000000180025095e-35 -0.027111471630632874 0.94740054011344921 -0.0060561085119843474
decision_type=2 2 2 2 2 2 2 2 2 2 2 2 2 2
left_child=-1 2 3 4 -2 8 7 12 -4 10 -8 -10 -7 -14
right_child=1 -3 5 -5 -6 6 9 -9 11 -11 -12 -13 13 -15
leaf_value=0.00050134819276541071 0.0032515599837997645 0.0004798845669011304 -0.0002973839645811274 -0.0025977383602920497 -0.001818511264849466 0.0020859191869314403 0.0011129390174095283 0.0074814233146991982 0.0053900990069361719 -0.00055157031818657955 -0.0037318624254907085 0.00022156798003519976 0 -0.0047183681635035854
leaf_weight=3879.6581686884165 125.58735503256321 1577.7732612676919 807.12978978455067 697.52748119458556 99.519982257857919 142.14564440771937 102.58124582096934 109.50002045929432 148.26337922737002 1835.5325914993882 557.91363051347435 126.88985328935087 169.88347189500928 92.428070336580276
leaf_count=52411 1934 20542 11626 9310 1695 1855 1444 1164 1972 23578 7638 1709 2447 1236
internal_value=0 -0.000363925 -0.000637791 -0.00171296 0.000849944 -0.000382771 -0.000741521 0.00139265 0.00057601 -0.00120005 -0.00291468 0.0032201 -0.000265547 -0.00171277
internal_weight=0 6592.68 5014.9 922.635 225.107 4092.27 3009.98 513.957 1082.28 2496.03 660.495 275.153 404.457 262.312
internal_count=140561 88150 67608 12939 3629 54669 39362 6702 15307 32660 9082 3681 5538 3683
is_linear=0
shrinkage=0.0101079


Tree=148
num_leaves=15
num_cat=0
split_feature=29 13 28 13 13 29 15 15 16 7 18 21 0 16
split_gain=14.119 13.9732 16.2568 16.1611 32.8216 33.6949 30.4247 28.8311 14.3702 14.2068 20.7629 13.6814 13.457 13.0509
threshold=-0.60785761475563038 -0.091381121426820741 -0.71473535895347584 -0.021195940673351284 -0.010996111668646334 -1.0000000180025095e-35 12.500528812408449 2.7288732528686528 0.64220440387725841 -3.5995444059371944 26.500000000000004 0.6352515220642091 1.7623522281646731 0.4277996569871903
decision_type=2 2 2 2 2 2 2 2 2 2 2 2 2 2
left_child=-1 -2 -3 6 5 -5 7 -4 9 10 -7 13 -6 -9
right_child=1 2 3 4 12 8 -8 11 -10 -11 -12 -13 -14 -15
leaf_value=0.0030039465426639823 0.0025144391071926274 0.00054197179187712911 0.00075535276267695592 0.0074055136141153713 -0.00048072503380702911 -0.00079915006891967605 0.0041616648985733458 -0.0019434176249365821 0.0043201684534121014 -0.0022070867581543731 0.0054725852211259113 0.0010915293305475678 0.0017280456986322778 -0.0048347399336833071
leaf_weight=149.74400915205479 204.36801725812256 2817.844084052369 408.64180994406343 99.481550890952349 4679.991919612512 110.01433522626758 91.812688432633877 998.72324622794986 90.809597352519631 160.8595246784389 81.749180907383561 95.653481863439083 285.91342153213918 225.98932658694685
leaf_count=1827 3200 36126 6291 1219 61967 1616 1259 14359 1119 2381 1398 1214 4191 2831
internal_value=0 -4.6506e-05 -0.000103922 -0.000358058 -7.67568e-05 0.00225553 -0.0011831 -0.00150728 0.00090462 0 0.00177853 -0.00223835 -0.000342955 -0.00253644
internal_weight=0 10351.9 10147.5 7329.64 5508.82 542.914 1820.82 1729.01 443.433 352.623 191.764 1320.37 4965.91 1224.71
internal_count=140998 139171 135971 99845 73891 7733 25954 24695 6514 5395 3014 18404 66158 17190
is_linear=0
shrinkage=0.0101079


Tree=149
num_leaves=15
num_cat=0
split_feature=27 28 2 13 2 30 30 3 13 11 2 23 14 3
split_gain=14.3061 30.4158 15.5128 20.0909 15.486 28.4995 21.8514 20.7638 18.3935 18.9307 18.617 22.0253 18.8486 22.124
threshold=-0.41268247365951533 0.41268247365951544 1.1851748228073122 0.01832931395620108 2.0736768245697026 -0.56174489110708226 -0.56174489110708226 0.73047596216201793 0.0053841739427298316 0.15907663106918338 0.46924585103988653 0.41744951903820043 -6.7757723331451407 0.64166700839996349
decision_type=2 2 2 2 2 2 2 2 2 2 2 2 2 2
left_child=1 -1 3 -3 6 -6 -2 -7 10 -10 -8 -12 13 -13
right_child=4 2 -4 -5 5 7 8 -9 9 -11 11 12 -14 -15
leaf_value=2.2219069532230785e-05 -0.00054824718514955874 -0.0025441733980009042 -0.0034711214241299488 0.0023844269975143661 0.0051522342420028148 -0.0022840800764136206 0.0047040655547821632 0.0029305939056817154 -0.00030177068471656072 0.0035756493365921181 -0.0029846566520037331 0.0013479226321897327 0.0033295072732315799 -0.0018846940585361082
leaf_weight=2675.9230126086622 2507.5869259890169 194.32320225611329 441.41794161032885 133.3473411463201 180.40399454534054 161.44237682595849 153.21982305124402 136.67193148843944 1880.2330614589155 130.24951030686498 118.48356703110039 1125.0464195627719 375.84433839656413 251.69907294027507
leaf_count=36479 33564 3008 7093 1649 1967 1975 2341 1622 23746 1680 1633 15690 4531 3572
internal_value=0 -0.000473909 -0.0022355 -0.00040905 0.000319401 0.00206834 0.000183037 0 0.000647721 -1.79308e-05 0.00132635 0.00101021 0.00131506 0.000720543
internal_weight=0 3445.01 769.088 327.671 7020.88 478.518 6542.36 298.114 4034.78 2010.48 2024.29 1871.07 1752.59 1376.75
internal_count=140550 48229 11750 4657 92321 5564 86757 3597 53193 25426 27767 25426 23793 19262
is_linear=0
shrinkage=0.0101079


Tree=150
num_leaves=15
num_cat=0
split_feature=11 2 14 3 13 23 2 13 0 3 29 0 30 14
split_gain=13.4936 18.7988 17.7651 16.5945 14.1265 13.805 19.601 14.0416 21.6218 21.941 15.1975 13.7742 13.0208 12.9341
threshold=0.015727005898952488 1.4955331087112429 -7.1212875843048087 0.74400815367698681 -0.087325319647788988 0.4436019510030747 0.88189464807510387 -0.03462963551282882 0.68808826804161083 0.67857995629310619 -1.0000000180025095e-35 1.1313204765319826 -0.56174489110708226 -18.55717849731445
decision_type=2 2 2 2 2 2 2 2 2 2 2 2 2 2
left_child=1 2 -1 -4 12 6 -6 8 -7 10 -10 -3 -2 -9
right_child=4 11 3 -5 5 7 -8 13 9 -11 -12 -13 -14 -15
leaf_value=-0.00091897380718156921 -0.00023789554149618517 0.0057237426625253354 0.0023677328168089733 -0.00096755949158480574 -9.9763952035489099e-05 -0.0036793805445938959 -0.0044515720781447424 0.0026986166992181934 0.0034274200988825484 -0.0030418594203798729 -0.00020242010813760228 0.00020252674840269923 0.0040426384455877432 -3.4503067081673703e-05
leaf_weight=578.86609761975706 104.87351181358099 123.11411296389997 525.63953724876046 188.30274077318609 284.76863135769963 261.883076665923 182.3368766438216 173.61837798170745 132.51943259127438 238.5635086260736 645.5688568726182 97.067760232836008 145.89756062813103 6784.2143042748794
leaf_count=8459 1509 1642 6459 2611 3759 4240 2468 2799 1848 3459 8961 1270 2366 88603
internal_value=0 0.000857316 0.000348415 0.00143099 -0.000171844 -0.000244969 -0.00192808 -0.000142906 -0.00111409 -0.000391254 0.000391538 0.0035558 0.00214162 3.07644e-05
internal_weight=0 1512.99 1292.81 713.942 8954.24 8703.47 467.106 8236.37 1278.53 1016.65 778.088 220.182 250.771 6957.83
internal_count=140453 20441 17529 9070 120012 116137 6227 109910 18508 14268 10809 2912 3875 91402
is_linear=0
shrinkage=0.0101079


Tree=151
num_leaves=15
num_cat=0
split_feature=28 3 5 15 5 11 5 5 12 10 33 33 12 21
split_gain=14.3484 16.2647 16.3529 18.7747 16.8056 15.8757 18.2453 14.9691 14.5831 13.4156 13.1662 12.9499 11.4046 10.8329
threshold=-0.71473535895347584 0.46475630998611456 1.890034079551697 24.250505447387699 0.22632977366447452 0.025121112354099754 -2.8858344554901119 -12.094932556152342 0.064232476055622115 0.041249942034482963 1.0000000180025095e-35 2.0062500238418584 0.024981979280710224 -10.288508892059324
decision_type=2 2 2 2 2 2 2 2 2 2 10 8 2 2
left_child=5 2 3 4 13 6 -1 -3 10 -7 12 -6 -4 -2
right_child=1 7 8 -5 11 9 -8 -9 -10 -11 -12 -13 -14 -15
leaf_value=-0.00092097139343275049 0.003351560018936849 0.0028654812857797653 -0.0014650893201007297 -0.0031434673507133915 0.0035415106630274579 -0.0012647717968950329 0.0029038113682729452 -0.00067032706550143595 0.0017985847954321917 0.00062536757666690264 -0.0025309624495159859 0.00017635006016028304 0.003211988639233573 0.00010934393440537134
leaf_weight=145.60015446133912 111.64571016095579 114.21310100331903 105.78600561060011 100.20231394656003 406.32790639251471 481.13259232230484 512.94346070475876 4729.5993304550648 151.9386227466166 1686.9853916671127 431.49920804053545 200.59762773104012 86.017010301351547 1207.35451711528
leaf_count=1782 1443 1703 2667 1523 3436 6402 6451 64802 1650 21671 3690 4757 2244 16527
internal_value=0 -0.000216618 0.00038719 0.000873951 0.0011155 0.000625064 0.00199652 -0.000574231 -0.000829371 0.000184343 -0.00154817 0.00251118 0.000472004 0.00043201
internal_weight=0 7645.18 2801.37 2026.13 1925.93 2826.66 658.544 4843.81 775.241 2168.12 623.302 606.926 191.803 1319
internal_count=140748 104442 37937 27686 26163 36306 8233 66505 10251 28073 8601 8193 4911 17970
is_linear=0
shrinkage=0.0101079


Tree=152
num_leaves=15
num_cat=0
split_feature=29 15 10 14 13 33 15 29 13 15 14 20 16 33
split_gain=12.7968 14.3715 24.8458 19.367 27.2279 25.3578 26.7955 20.2931 22.8852 26.4752 20.2731 15.2408 27.174 24.8081
threshold=-0.60785761475563038 3.4312249422073369 0.17578732222318652 -7.4509582519531241 -0.0068830221425741902 1.0013927817344668 10.599723339080812 0.87837970256805431 -0.021686988882720467 9.0649690628051776 -17.677195549011227 -0.69808894395828236 0.79755991697311412 0.90112781524658214
decision_type=2 2 2 2 2 8 2 2 2 2 2 2 2 10
left_child=-1 2 -2 7 5 6 -5 8 -3 -10 -9 -6 -13 -14
right_child=1 3 -4 4 11 -7 -8 10 9 -11 -12 12 13 -15
leaf_value=0.0027995664226564028 0.0019159028480068556 -0.0021974080038879313 -0.00080430377168114393 0.00068404380347480162 -0.0014488190428816735 -0.00073334462417168431 0.0063500218205750228 0.0051496077422500536 0.00073435707187963694 -0.0020526896834040915 0 0.0012104000829219167 0.0012532426018866756 -0.00099490692561706546
leaf_weight=151.95019340142608 873.48590566217899 1294.4601996075362 531.03641201928258 185.49924109131098 730.92003897950053 173.93699802085757 189.63403459265828 84.480660036206245 891.36846978217363 552.15002670325339 527.00577054172754 1517.4242727421224 634.08341421652585 2143.4241066910326
leaf_count=1858 12946 18254 7449 1614 9217 4369 1447 1323 12477 8632 7980 19751 15943 17550
internal_value=0 -8.15608e-05 0.000859952 -0.000234879 0.000123891 0.00224825 0.00372357 -0.00084301 -0.00122017 -0.000308978 0.000774543 -0.000103204 0.000118546 -0.000465103
internal_weight=0 10328.9 1404.52 8924.39 5574.92 549.07 375.133 3349.47 2737.98 1443.52 611.486 5025.85 4294.93 2777.51
internal_count=140810 138952 20395 118557 69891 7430 3061 48666 39363 21109 9303 62461 53244 33493
is_linear=0
shrinkage=0.0101079


Tree=153
num_leaves=15
num_cat=0
split_feature=29 3 22 23 18 20 33 21 2 14 21 21 5 2
split_gain=13.0354 16.8166 21.9886 15.7525 15.5217 16.0443 15.4557 15.0453 22.5341 14.1351 21.9615 20.8727 21.9463 20.0147
threshold=1.0000000180025095e-35 0.44264087080955511 -0.20396351069211957 0.39749830961227423 7.5000000000000009 1.4224424958229067 2.7624999284744267 -0.75758445262908924 0.71683543920516979 -1.8549957275390623 2.7292352914810185 8.1978392601013201 0.37874002754688268 0.73922193050384533
decision_type=2 2 2 2 2 2 8 2 2 2 2 2 2 2
left_child=3 4 9 -1 -2 6 7 -6 -9 10 13 12 -12 -3
right_child=1 2 -4 -5 5 -7 -8 8 -10 -11 11 -13 -14 -15
leaf_value=-0.0028524090041822238 -0.0018050364809300487 0.00061774763301640143 2.1651582393527518e-05 0.00058951036089135165 0.0044683288354625149 -0.00041874267562893512 0 0.0027414943446052724 -0.0016620279350164698 -0.0036385531751441194 -0.0010907585285142823 -0.0028897014183899934 0.0036835748319479556 -0.0024922998720480426
leaf_weight=129.62529971264303 247.19981320947409 245.6568339318037 2308.6067866850644 4048.6341233029962 247.2535333558917 628.50838388316333 408.21249052882195 341.14255376160145 161.84114617854357 261.9720356957987 139.10560580343008 112.57895531132817 245.06850345619023 917.1112992502749
leaf_count=1699 3525 3482 30544 53413 2083 8049 9777 2818 1280 2957 1875 1946 3191 13745
internal_value=0 -0.00025966 -0.000626674 0.000468048 0.000483215 0.000828659 0.00153847 0.00239277 0.00124163 -0.00142361 -0.00103461 0.000678875 0.0018639 -0.0018009
internal_weight=0 6264.26 4230.1 4178.26 2034.16 1786.96 1158.45 750.237 502.984 1921.49 1659.52 496.753 384.174 1162.77
internal_count=140384 85272 57740 55112 27532 24007 15958 6181 4098 27196 24239 7012 5066 17227
is_linear=0
shrinkage=0.0101079


Tree=154
num_leaves=15
num_cat=0
split_feature=28 8 10 27 2 30 2 0 27 11 28 2 7 20
split_gain=12.4652 14.6133 13.4629 12.7388 30.5993 22.4702 22.0691 19.0159 14.292 14.0831 13.7708 24.5654 30.5414 23.2805
threshold=-0.71473535895347584 0.5174669921398164 0.041249942034482963 -0.11969653144478797 1.4002898931503298 1.0000000180025095e-35 1.0361175537109377 0.82305756211280834 0.83743050694465648 0.040039485320448882 0.41268247365951544 1.2601862549781802 6.0000009536743173 0.12220726162195207
decision_type=2 2 2 2 2 2 2 2 2 2 2 2 2 2
left_child=1 -1 -3 10 5 -5 -7 8 -6 -8 -2 12 13 -12
right_child=3 2 -4 4 7 6 9 -9 -10 -11 11 -13 -14 -15
leaf_value=0.001153071132845586 -0.00016865129072712509 -0.0023530671755234247 0.00026186064149286316 -0.00092016154222173221 0.0005477196806697055 0.0013827758523854508 -0.0041508942521416292 0.00077134524492543431 0.0060950600006013309 0 0.00015646121160200983 -0.0031768754642112168 0.0024739522370976937 -0.004536725479614619
leaf_weight=1743.0574384890497 2041.5734379310161 249.59348056279123 840.69022069312632 2149.2041999995708 93.975687371566892 1130.3119580838829 121.46590804494917 572.13887430541217 153.83523957431316 208.1868131943047 211.32760455273092 526.53174208663404 250.71007696352899 183.39407074823976
leaf_count=22047 28294 3316 11041 29810 1452 15161 1541 5903 1979 2700 3371 8284 3013 2708
internal_value=0 0.000575698 -0.000312072 -0.000208313 0.000135611 -0.000255982 0.000693857 0.00189469 0.00422914 -0.00152607 -0.000694103 -0.0015681 -0.000171885 -0.00196811
internal_weight=0 2833.34 1090.28 7642.66 4429.12 3609.17 1459.96 819.95 247.811 329.653 3213.54 1171.96 645.432 394.722
internal_count=140620 36404 14357 104216 58546 49212 19402 9334 3431 4241 45670 17376 9092 6079
is_linear=0
shrinkage=0.0101079


Tree=155
num_leaves=15
num_cat=0
split_feature=14 21 20 21 29 2 2 33 11 6 3 3 16 16
split_gain=11.9395 21.8352 35.6007 19.7479 19.8172 17.9793 19.9597 16.3622 19.6056 16.305 21.225 12.7414 19.4501 13.2473
threshold=-7.1848340034484854 5.215367555618287 -0.69808894395828236 -1.2191681265830991 1.0000000180025095e-35 0.56923577189445507 0.73922193050384533 0.9590476155281068 0.096475251019001021 7.9504666328430185 0.43304526805877691 0.32001498341560369 0.78751838207244884 0.72798877954483043
decision_type=2 2 2 2 2 2 2 10 2 2 2 2 2 2
left_child=3 2 5 -1 -5 -2 -7 -3 -9 10 11 12 -4 -13
right_child=1 7 9 4 -6 6 -8 8 -10 -11 -12 13 -14 -15
leaf_value=4.8910699574030972e-05 -0.0035393895828060959 0.00098891720756704164 0.0035496925930099655 0 -0.0023247689610860277 0.0030520675221573377 -0.0015362133762357834 -0.0021073463206975592 0 0.0054736980104091769 0.00065013397305532144 0.0014107494409769401 -0.0023651831861475877 0.0056506100830505607
leaf_weight=3529.93192865327 205.35718846134841 692.0292341504246 111.14155679196119 606.03831870853901 851.60303090885282 141.85242431424558 266.43378587812185 725.06462308764458 1236.8486161008477 102.85426444746554 1525.8027910962701 165.58424217812717 95.666163720190525 226.72442702203989
leaf_count=50216 2430 16969 1545 9088 12851 1747 3363 6113 10007 1186 19231 1951 1391 2590
internal_value=0 0.000332974 0.000951188 -0.00034943 -0.00133695 -0.00115672 0 -0.000314524 -0.000796902 0.0015519 0.00132417 0.00294424 0.000637905 0.0040234
internal_weight=0 5495.36 2841.42 4987.57 1457.64 613.643 408.286 2653.94 1961.91 2227.77 2124.92 599.116 206.808 392.309
internal_count=140678 68523 35434 72155 21939 7540 5110 33089 16120 27894 26708 7477 2936 4541
is_linear=0
shrinkage=0.0101079


Tree=156
num_leaves=15
num_cat=0
split_feature=13 29 13 0 3 3 2 15 21 7 23 20 13 21
split_gain=14.913 15.8161 16.6675 25.5452 27.0942 18.1283 18.6834 16.5737 29.3972 14.0225 12.9171 12.9782 20.056 29.0521
threshold=-0.091381121426820741 -0.60785761475563038 -0.03462963551282882 0.69134682416915905 0.67857995629310619 0.39627163112163549 0.69812119007110607 9.4328050613403338 -3.9874821901321407 -6.9552409648895255 2.2440372705459599 -0.69808894395828236 -0.025589214637875553 5.3090174198150644
decision_type=2 2 2 2 2 2 2 2 2 2 2 2 2 2
left_child=-1 -2 3 5 7 6 -3 8 -5 -4 11 -11 -13 -14
right_child=1 2 9 4 -6 -7 -8 -9 -10 10 -12 12 13 -15
leaf_value=0.0026064950025405957 0.0031407028440642508 -0.0035459175307575698 0.0012819112653730111 0.0012797055654181716 -0.0032573607850690397 -0.0058014460996351274 0.0022846923586690954 0.0042362444463622919 -0.0032226008369897058 -0.00082974109490144992 0.0021976311443252803 -0.0027028179228727619 0.00094969107855526766 -0.00055936568411831856
leaf_weight=208.50350523926318 145.32713945768774 125.90685085579753 829.26744688861072 514.47149060480297 236.30681216157973 170.62059000879526 82.324065774679184 101.22086102329195 199.24499264918268 2180.9373117610812 233.66250216774642 241.31190842948854 2732.8046497460455 2448.7634953632951
leaf_count=3279 1721 2042 11666 7118 3478 2696 1192 1299 2910 29736 3157 3163 36254 30613
internal_value=0 -7.51604e-05 -0.000127793 -0.00113661 -0.000275305 -0.00336915 -0.0010539 0.000562366 0 3.48564e-05 -9.30484e-05 -0.000170894 8.74129e-05 0.000228946
internal_weight=0 10242.2 10096.8 1430.1 1051.24 378.852 208.231 814.937 713.716 8666.75 7837.48 7603.82 5422.88 5181.57
internal_count=140324 137045 135324 20735 14805 5930 3234 11327 10028 114589 102923 99766 70030 66867
is_linear=0
shrinkage=0.0101079


Tree=157
num_leaves=15
num_cat=0
split_feature=11 15 3 23 5 12 15 5 3 20 15 2 3 18
split_gain=12.925 15.9159 14.816 15.5772 13.8365 22.7389 15.4896 17.2448 14.5449 13.7678 24.0179 16.7887 21.2958 15.0329
threshold=0.0059771575033664712 10.358251094818117 0.46475630998611456 1.5280832052230837 2.0202469825744633 0.063204318284988417 19.441177368164066 0.41701681911945349 0.45242130756378179 -0.59845450520515431 8.4904150962829608 0.5742972493171693 0.39906208217144018 5.5000000000000009
decision_type=2 2 2 2 2 2 2 2 2 2 2 2 2 2
left_child=1 -1 4 -4 6 -6 8 -8 9 11 -11 -2 13 -13
right_child=2 -3 3 -5 5 -7 7 -9 -10 10 -12 12 -14 -15
leaf_value=0.00029227430734968891 -0.0017008041243992314 0.0040138013857461572 -0.00059885366822737685 0.0006593847435786166 -0.0013183679997858411 0.0023380473009748937 -0.0025384083208689883 0.0014851473858074869 0.0047357990771970193 -4.5623362695760354e-05 0.0028661041935802763 -0.00028314288782745951 -0.0012263796638800986 0.0034999789191085626
leaf_weight=414.6566684897989 338.98819508031011 174.16720450669527 4918.0365629317239 1228.6920733582228 805.64391990564764 208.41789101622999 256.72418226115406 165.68222516402602 110.33454349078238 439.18985479697585 711.22245683148503 129.75992983952165 251.02606872096658 321.43548488430679
leaf_count=5804 4789 2053 65994 16338 10933 2315 3809 2069 1529 6602 8817 1941 3183 4493
internal_value=0 0.00149823 -3.13939e-05 -0.000340253 0.000465282 -0.000515382 0.000845548 -0.000867709 0.00117929 0.000966015 0.00172656 8.06472e-05 0.00100671 0.00233711
internal_weight=0 588.824 9885.15 6146.73 3738.42 1014.06 2724.36 422.406 2301.96 2191.62 1150.41 1041.21 702.221 451.195
internal_count=140669 7857 132812 82332 50480 13248 37232 5878 31354 29825 15419 14406 9617 6434
is_linear=0
shrinkage=0.0101079


Tree=158
num_leaves=15
num_cat=0
split_feature=28 27 28 11 30 28 9 14 11 3 15 21 16 21
split_gain=12.8249 11.6527 17.6192 16.5972 14.4397 15.748 13.6091 10.6218 10.5113 12.4452 12.097 14.9041 11.2643 15.4908
threshold=-0.71473535895347584 -0.16288578510284421 0.39271505177021032 0.017444247379899028 1.0000000180025095e-35 -0.18436925113201139 0.17583961784839633 -5.6147413253784171 0.025121112354099754 0.67371293902397167 23.284672737121586 5.3090174198150644 0.69278383255004894 -0.30378955602645868
decision_type=2 2 2 2 2 2 2 2 2 2 2 2 2 2
left_child=8 2 3 7 -5 -6 -3 -2 9 12 11 -10 13 -1
right_child=1 6 -4 4 5 -7 -8 -9 10 -11 -12 -13 -14 -15
leaf_value=0.0038937171453645907 0.00037110621926832361 0.00067592004578568492 -0.0017043643361211828 0.00019112587022219652 -0.00012281599591339255 -0.0033603864416199372 -0.00043111621590050147 0.0044618386177915697 0.0004651087479783631 0 0.0026056304512247714 -0.0015734747420061812 0.0053962603919282971 -0.00077024532062586518
leaf_weight=123.71435447223485 209.22006100602448 2201.1642343979329 1125.7778036380187 1032.9791185222566 359.45358488336205 302.7650385890156 2295.9209595713764 108.32995210774243 1517.1391414105892 280.54164126329124 188.83269465714693 474.19679408147931 124.42155967839062 134.15687256865203
leaf_count=1708 3026 29545 16895 14142 4791 4484 29980 1451 20283 3365 2475 5370 1344 1909
internal_value=0 -0.000220161 -0.00069374 -0.000104126 -0.00052222 -0.00168491 0.000101976 0.00196314 0.000574187 0.00169038 0.000211607 -4.2337e-06 0.00285904 0.00136238
internal_weight=0 7635.61 3138.53 2012.75 1695.2 662.219 4497.09 317.55 2843 662.834 2180.17 1991.34 382.293 257.871
internal_count=140768 104314 44789 27894 23417 9275 59525 4477 36454 8326 28128 25653 4961 3617
is_linear=0
shrinkage=0.0101079


Tree=159
num_leaves=15
num_cat=0
split_feature=28 10 7 27 11 0 18 12 12 28 16 4 11 5
split_gain=11.1089 15.7121 14.9899 12.9509 15.8452 26.5043 14.969 24.4964 24.0098 18.8516 13.5652 13.1998 12.606 14.278
threshold=-0.69930991530418385 0.041249942034482963 4.6653106212615976 0.50938662886619579 0.049945773556828506 0.96587172150611889 55.500000000000007 0.02639583591371775 -0.065888188779354082 0.010907442308962378 0.93472120165824901 -2.4128926992416377 0.020446432754397396 -2.4125584363937373
decision_type=2 2 2 2 2 2 2 2 2 2 2 2 2 2
left_child=1 2 -1 12 11 6 8 9 -6 -8 -9 -5 13 -2
right_child=3 -3 -4 4 5 -7 7 10 -10 -11 -12 -13 -14 -15
leaf_value=0.00033438770619653529 0.002811774677949149 0.00092542650272632089 -0.0026528207555124787 0.00229752186405968 0.0049159780773263915 -0.0008006783544864662 0.0015094280594561123 8.3871553107360758e-05 -0.00039380791477230655 0.0082141164249427967 0.0042863791147123766 -0.00089367439381568667 -0.00085542390543256531 -0.00019832501465170794
leaf_weight=404.95270498469472 200.35551854223013 2234.1221185773611 266.38894252479076 135.05093687772751 95.851770244538784 611.34260701388121 96.67387555167079 331.69821143709123 489.84009404294193 120.26623104885221 104.9220983274281 1257.9448795411736 3514.1083194557577 625.24092739075422
leaf_count=5299 2846 28498 3553 1737 1377 6936 1272 4503 6897 1656 1175 17057 49270 8775
internal_value=0 0.000509977 -0.000807789 -0.000223798 0.000250351 0.000870262 0.0017269 0.00278349 0.000458972 0.00555952 0.00124121 -0.000544539 -0.000587321 0.000502626
internal_weight=0 2905.46 671.342 7583.3 3243.59 1850.59 1239.25 653.56 585.692 216.94 436.62 1393 4339.7 825.596
internal_count=140851 37350 8852 103501 42610 23816 16880 8606 8274 2928 5678 18794 60891 11621
is_linear=0
shrinkage=0.0101079


Tree=160
num_leaves=15
num_cat=0
split_feature=29 13 22 3 18 13 18 17 27 23 15 11 18 3
split_gain=12.6685 15.7995 20.6111 22.8567 18.5089 24.8026 16.3669 14.6571 14.084 13.974 13.3127 12.7589 12.7374 14.4464
threshold=1.0000000180025095e-35 -0.087325319647788988 -0.53420561552047718 0.50457534193992626 37.500000000000007 0.014288299717009069 69.500000000000014 6.5000000000000009 -0.29026740789413447 2.1015703678131108 20.155258178710941 0.0086098322644829767 66.500000000000014 0.75679311156272899
decision_type=2 2 2 2 2 2 2 2 2 2 2 2 2 2
left_child=7 -2 3 4 -3 6 -6 -1 -5 -9 -7 12 13 -4
right_child=1 2 11 8 5 10 -8 9 -10 -11 -12 -13 -14 -15
leaf_value=0.0017593370077673186 0.003014527420405152 -0.0024840492833057468 0.0048887552768329314 -0.003689609096553961 0.0018515052932144037 0.0043275062185460763 -0.002779642613920151 2.3235892998543283e-05 -0.0009133603888803074 0.0033364742405296542 0 -0.00014844122728813249 -0.00069491458482248279 0
leaf_weight=721.40556961856782 136.44717328809202 235.37205126322806 156.91523507982492 453.703334774822 104.50944105535746 200.21232424676418 210.51735237985849 3361.1932526007295 404.98733382299542 128.92924276739359 112.16281353868544 4038.8601474203169 115.2996811978519 98.444824585691094
leaf_count=9097 1980 3280 2001 7228 1460 2271 2957 44779 5589 1580 1390 54453 1510 1319
internal_value=0 -0.000266081 -0.000349347 -0.0012849 -7.08845e-05 0.000789624 -0.0011103 0.000449742 -0.00244657 0.000164223 0.00281301 8.31066e-06 0.00179193 0.00305636
internal_weight=0 6267.43 6130.98 1721.46 862.774 627.402 315.027 4211.53 858.691 3490.12 312.375 4409.52 370.66 255.36
internal_count=140894 85438 83458 24175 11358 8078 4417 55456 12817 46359 3661 59283 4830 3320
is_linear=0
shrinkage=0.0101079


Tree=161
num_leaves=15
num_cat=0
split_feature=28 27 2 30 2 0 28 8 2 30 30 28 22 18
split_gain=10.8725 13.9326 20.3285 20.3268 19.8799 18.3412 17.0924 23.9032 25.6102 20.0314 17.3545 16.7362 15.0394 15.0174
threshold=-0.69930991530418385 -0.11969653144478797 1.4002898931503298 1.0000000180025095e-35 1.2232360839843752 0.81686675548553478 0.41268247365951544 0.79060098528862011 1.3423179388046267 1.0000000180025095e-35 1.0000000180025095e-35 -0.22706275433301923 0.026734955608844761 58.500000000000007
decision_type=2 2 2 2 2 2 2 2 2 2 2 2 2 2
left_child=-1 6 3 -3 12 -4 9 8 -8 -2 -9 -11 -5 -13
right_child=1 2 5 4 -6 -7 7 10 -10 11 -12 13 -14 -15
leaf_value=0.00052529376447353116 0.00066863616280584456 -0.0007975463267548505 0.0038935275837729717 0.0017613554557809278 -0.0028202032957477018 0.00050238643750357033 -0.0010923275087168518 -0.0013577307405185858 -0.0048672972422330188 1.6615115363178363e-05 0.0031690975714212437 -0.0044471759779644562 -0.00068946515994135953 -0.00021719463388682994
leaf_weight=2914.0739495996386 1215.7245555464178 2115.3553431257606 245.05369753949344 1001.9688505548984 130.68760977126658 568.28245621919632 528.11232253536582 183.8467036690563 315.52024058625102 387.14887980744243 143.11899378336966 233.31086481176317 310.4158476293087 167.35518970899284
leaf_count=37414 16848 29353 3422 13219 1675 5895 7559 2645 5204 5126 2097 3528 4285 2399
internal_value=0 -0.000200822 0.000161754 -0.000158378 0.000749908 0.00160015 -0.00071212 -0.00168118 -0.00258273 -0.000121564 0.000529801 -0.0013866 0.00115035 -0.00281662
internal_weight=0 7545.9 4371.76 3558.43 1443.07 813.336 3174.14 1170.6 843.633 2003.54 326.966 787.815 1312.38 400.666
internal_count=140669 103255 57849 48532 19179 9317 45406 17505 12763 27901 4742 11053 17504 5927
is_linear=0
shrinkage=0.0101079


Tree=162
num_leaves=15
num_cat=0
split_feature=11 3 28 15 3 5 5 12 15 29 3 16 3 15
split_gain=12.4781 14.0845 15.895 17.4106 20.3873 22.476 14.0834 21.5092 19.5026 17.3751 18.4738 16.7554 26.4121 13.7762
threshold=0.0077244823332875976 0.46475630998611456 -0.18436925113201139 22.533465385437015 0.53154918551445018 7.4866790771484384 2.0202469825744633 0.063204318284988417 19.793999671936039 -1.0000000180025095e-35 0.3404518067836762 0.73490500450134288 0.30672718584537512 15.877585887908937
decision_type=2 2 2 2 2 2 2 2 2 2 2 2 2 2
left_child=-1 6 3 4 -3 -6 8 -8 11 -10 -11 13 -13 -2
right_child=1 2 -4 -5 5 -7 7 -9 9 10 -12 12 -14 -15
leaf_value=0.0012735203728890449 0.0008951165871425034 -0.0018937325624779474 -0.00090791278485784427 0.0030300069253337771 0.00065433671360888915 -0.0027411379412991361 -0.0013666014574469029 0.0021719958701601301 -0.0044439686531162195 0.0019319623749490774 -0.0033653713534366695 -0.0004329422126770502 0.0043346411202722455 -0.0029076939789822237
leaf_weight=740.01070477440953 1696.2003573868424 509.90904849395156 2999.1264618029818 189.4564381595701 2105.1386528611183 209.54147524572909 805.9493394754827 210.20333134382963 112.24677785858512 191.02831982448697 93.550904652103782 154.49873310141265 347.7473578620702 91.613044183701277
leaf_count=9978 23784 6533 42451 2524 26394 2807 10902 2340 1309 3150 1079 2181 3804 1409
internal_value=0 -8.09836e-05 -0.000386264 0.000120382 -6.8118e-05 0.000321516 0.000403606 -0.000584307 0.000792852 -0.00121015 9.53762e-06 0.00116043 0.0028041 0.00066616
internal_weight=0 9716.21 6013.17 3014.05 2824.59 2314.68 3703.04 1016.15 2686.89 396.826 284.579 2290.06 502.246 1787.81
internal_count=140645 130667 80709 38258 35734 29201 49958 13242 36716 5538 4229 31178 5985 25193
is_linear=0
shrinkage=0.0101079


Tree=163
num_leaves=15
num_cat=0
split_feature=14 21 29 0 21 20 33 15 6 13 12 16 29 13
split_gain=11.1844 22.7681 28.6987 22.8208 21.5585 36.0056 16.3144 15.6129 29.2584 24.071 21.5535 24.0217 18.7743 15.6076
threshold=-7.1212875843048087 -1.2191681265830991 1.0000000180025095e-35 0.87190705537796032 5.215367555618287 -0.69808894395828236 0.90112781524658214 22.761113166809086 9.6508421897888201 0.081697709858417525 0.06984973326325418 0.83133530616760265 0.6078576147556306 -0.03462963551282882
decision_type=2 2 2 2 2 2 10 2 2 2 2 2 2 2
left_child=1 13 -3 -4 5 -2 -6 8 10 -9 11 -8 -12 -1
right_child=4 2 3 -5 6 -7 7 9 -10 -11 12 -13 -14 -15
leaf_value=-0.00067982086750686586 -0.0012196784498015401 0.00021197562763505923 -0.0042463545218809594 -0.00082818809733225705 0.00099088075874237598 0.0015364102743781922 0.0016883874907863855 0.0025499962330043516 -0.0040485873874367565 -0.0016641946381837421 0.0033843251755693816 -0.0025368289036587742 -0.00097129785475650416 0.00067098350952439988
leaf_weight=1514.5564584434032 597.74553769081831 616.30619761534035 427.45327592641115 443.1080584898591 674.15300841256976 2201.5991681981832 161.50442723184824 297.32659020647407 318.53188247606158 236.95474829524755 207.81521049514413 581.09721094369888 165.18512014299631 2023.4540696516633
leaf_count=22309 7352 9201 6780 6381 16732 27559 1375 2274 2743 1965 1725 4735 1391 28103
internal_value=0 -0.000349837 -0.0013975 -0.00257497 0.000310932 0.000931757 -0.000332233 -0.000807952 -0.00136441 0.000609147 -0.000539648 -0.0015561 0.00136822 8.10886e-05
internal_weight=0 5024.88 1486.87 870.561 5441.91 2799.34 2642.57 1968.42 1434.13 534.281 1115.6 742.602 373 3538.01
internal_count=140625 72774 22362 13161 67851 34911 32940 16208 11969 4239 9226 6110 3116 50412
is_linear=0
shrinkage=0.0101079


Tree=164
num_leaves=15
num_cat=0
split_feature=23 14 16 20 33 21 12 2 15 6 33 4 12 6
split_gain=10.4508 10.5475 26.5863 28.7926 22.9801 21.0847 18.9806 47.756 19.3255 32.3917 18.7367 18.8705 16.419 21.2106
threshold=2.2440372705459599 -7.1212875843048087 0.838109850883484 -0.69808894395828236 0.90112781524658214 -1.2191681265830991 0.063204318284988417 1.1921317577362063 22.533465385437015 9.6508421897888201 1.0359913706779482 -1.6601327657699583 1.0000000180025095e-35 -0.40906594693660731
decision_type=2 2 2 2 10 2 2 2 2 2 8 2 2 2
left_child=1 5 3 -3 -4 -1 -6 -8 9 -9 11 -5 13 -13
right_child=-2 2 4 10 6 -7 7 8 -10 -11 -12 12 -14 -15
leaf_value=3.3428753877759222e-05 0.0017659933076113663 -0.00094861483825129799 0.0012747490057556429 -0.00079698857760748408 -0.0021370830268739234 -0.0014158625799688546 0.0043270927803662328 0.00015142699958572216 0.00064585881481412993 -0.0050531649382100788 0 0.002989996735701177 0.0031142097803727961 -0.0013644702989445692
leaf_weight=3394.0854749158025 328.66769035719335 639.47455560602248 531.90723398234695 190.68349712714553 882.84052090346813 1430.8708455581218 191.56155021861196 212.47145592793822 299.47270777076483 239.14392727985978 669.8771380931139 204.89168721437454 1024.0273128524423 227.51968323066831
leaf_count=48424 4445 8002 13453 1582 7155 21553 1516 1754 2384 2014 15994 1728 8642 1885
internal_value=0 -4.43289e-05 0.000261623 0.000904105 -0.000527324 -0.000389545 -0.00107762 -3.35679e-05 -0.00123145 -0.00255455 0.0014343 0.00201168 0.0024093 0.000622869
internal_weight=0 10138.8 5313.87 2956.47 2357.4 4824.96 1825.49 942.65 751.088 451.615 2317 1647.12 1456.44 432.411
internal_count=140531 136086 66109 37833 28276 69977 14823 7668 6152 3768 29831 13837 12255 3613
is_linear=0
shrinkage=0.0101079


Tree=165
num_leaves=15
num_cat=0
split_feature=29 23 3 2 2 5 20 21 3 3 27 4 21 29
split_gain=12.5781 16.3144 23.8628 14.4838 11.1557 11.8406 10.0076 18.6487 26.5803 18.6389 16.8116 15.5851 14.8619 28.786
threshold=-0.60785761475563038 0.5199095904827119 0.26885353028774267 0.77104493975639354 4.4667890071868905 -12.094932556152342 -0.28326921164989466 -1.8344743251800535 0.63000994920730602 0.28887195885181433 0.89194178581237804 -0.12265790998935698 -2.6371258497238155 0.6078576147556306
decision_type=2 2 2 2 2 2 2 2 2 2 2 2 2 2
left_child=-1 2 -2 -4 5 -3 7 8 9 -7 -9 -11 13 -8
right_child=1 4 3 -5 -6 6 12 10 -10 11 -12 -13 -14 -15
leaf_value=0.002745206325674523 0.0025865370217534873 0.0031651442227353245 -0.00030772744317018782 -0.0031025123873797212 -0.0028554543122089613 -0.0020993348457684202 -0.0033065216343535907 -0.0017081472769346223 -0.00079786673753869575 0.0028002783947706175 0.00089240809272704178 0 0.00048191576228823272 0.0022723882211848159
leaf_weight=155.24223089776933 123.35786360129714 118.85248933173716 368.58065919205546 483.30560220964253 125.27708558551967 117.68083427846432 283.14425534009933 1272.8789965622127 1143.0454593189061 636.25480101443827 289.47149612754583 268.76173429377377 4998.0944006443024 125.02187808789313
leaf_count=1888 1888 1774 4974 6996 2154 1974 4117 17168 15760 8825 3702 3724 64164 1860
internal_value=0 -8.24312e-05 -0.00132275 -0.0019539 4.32025e-05 8.91409e-05 4.20781e-05 -0.000355258 0.000236509 0.00142926 -0.00119853 0.00194618 0.000323671 -0.00148995
internal_weight=0 10353.7 975.244 851.886 9378.48 9253.21 9134.35 3728.09 2165.74 1022.7 1562.35 905.017 5406.26 408.166
internal_count=140968 139080 13858 11970 125222 123068 121294 51153 30283 14523 20870 12549 70141 5977
is_linear=0
shrinkage=0.0101079


Tree=166
num_leaves=15
num_cat=0
split_feature=23 2 27 17 27 28 29 22 28 29 28 8 18 2
split_gain=12.9718 19.3301 15.9707 13.7439 10.4849 26.492 16.8775 16.505 15.9583 24.4223 14.193 11.4575 11.037 11.8259
threshold=0.5199095904827119 0.58931356668472301 -0.50938662886619557 14.500000000000002 -0.49049438536167139 0.6835516393184663 -1.0000000180025095e-35 -0.48592293262481684 -0.43245348334312433 0.87837970256805431 0.39271505177021032 -0.24588202685117719 54.500000000000007 1.7963022589683535
decision_type=2 2 2 2 2 2 2 2 2 2 2 2 2 2
left_child=1 -1 -3 -4 5 6 7 -2 -8 12 11 -11 -10 -14
right_child=4 2 3 -5 -6 -7 8 -9 9 10 -12 -13 13 -15
leaf_value=0.0012113413855602713 0.0045232012556319793 -0.0057285816470897767 0.0016326761201863858 -0.0019226711512462722 0.00039852143214638095 -0.0041673633822481571 0.00056282824177862904 0.00041638224665386706 -0.0029701668846578797 0 -0.0020325899578304304 0.0041798467163422547 0.00017976252123347129 -0.0028310853690993632
leaf_weight=263.10392831452191 129.20823200233281 93.939444856718183 120.78195822797716 543.05839743465185 6352.1874157916754 164.8999008461833 873.23215172998607 488.48093904554844 533.22754863277078 128.54948158562183 93.235196800902486 141.44268748164177 363.49387946166098 184.39605188556015
leaf_count=3668 1739 1460 1362 7960 82898 2487 11410 6492 7916 1817 1466 2101 5020 2968
internal_value=0 -0.00103309 -0.00186958 -0.00120428 0.000160663 -0.000313457 -7.29404e-05 0.00138493 -0.000482186 -0.00114152 0.00103927 0.00227265 -0.00191355 -0.000785632
internal_weight=0 1020.88 757.78 663.84 9452.35 3100.17 2935.27 617.689 2317.58 1444.34 363.227 269.992 1081.12 547.89
internal_count=140764 14450 10782 9322 126314 43416 40929 8231 32698 21288 5384 3918 15904 7988
is_linear=0
shrinkage=0.0101079


Tree=167
num_leaves=15
num_cat=0
split_feature=11 2 12 18 27 27 29 22 2 4 2 30 17 12
split_gain=14.7233 24.7851 16.3642 14.7574 10.4598 10.1397 29.3919 35.8768 15.4934 15.4911 14.5604 14.1514 12.8675 10.4357
threshold=0.017864402383565906 1.4955331087112429 -0.061807267367839806 37.500000000000007 -0.35222910344600672 -0.41268247365951533 -1.0000000180025095e-35 -0.36414222419261927 2.0736768245697026 1.6213166713714602 0.77104493975639354 -0.56174489110708226 91.500000000000014 0.0089520877227187174
decision_type=2 2 2 2 2 2 2 2 2 2 2 2 2 2
left_child=1 2 -1 -4 -3 6 -2 9 -7 10 -8 -10 -12 -9
right_child=5 4 3 -5 -6 8 7 13 11 -11 12 -13 -14 -15
leaf_value=-0.0029003279592637521 0.0012415413873944922 0.0015834332612927428 0.0021422451582667292 -5.4915476956286652e-05 0.006432675423577879 -0.00010942899454162981 0 -0.0011102962749533489 0.0041240155233979135 0.00018714846391503976 -0.0047292791452709371 0.00026924036829243568 0 0.00057020221224531563
leaf_weight=136.58365203812718 605.99849090911448 150.37107664719224 446.85190200246871 890.61829918064177 94.92445014975965 5385.9260695781559 103.42070277407765 740.98614540882409 165.83335448242724 113.42986280657351 501.58579184953123 282.49757728166878 84.216653157025576 724.29299776256084
leaf_count=1806 8012 2311 5988 12200 1005 71356 1343 10507 1862 1522 7918 3423 1443 9640
internal_value=0 0.00081988 0.000286847 0.000657043 0.0037576 -0.000200871 -0.000692171 -0.00122909 3.47968e-05 -0.00294099 -0.00351033 0.00182907 -0.00412028 -0.000253474
internal_weight=0 1719.35 1474.05 1337.47 245.296 8708.19 2873.93 2267.93 5834.26 802.653 689.223 448.331 585.802 1465.28
internal_count=140336 23310 19994 18188 3316 117026 40385 32373 76641 12226 10704 5285 9361 20147
is_linear=0
shrinkage=0.0101079


Tree=168
num_leaves=15
num_cat=0
split_feature=29 13 22 11 11 2 11 28 15 16 33 20 28 7
split_gain=12.5911 15.639 16.0354 22.4344 24.1062 26.9307 16.7738 12.5224 11.266 20.215 15.5777 13.7773 19.1339 16.2611
threshold=1.0000000180025095e-35 -0.087325319647788988 -0.78257268667221058 0.042065303772687919 0.073861956596374526 1.1921317577362063 0.0086098322644829767 0.74455857276916515 22.533465385437015 0.85661005973815929 0.94700106978416454 -0.31434220075607294 0.9015902876853944 12.052706718444826
decision_type=2 2 2 2 2 2 2 2 2 2 10 2 2 2
left_child=-1 -2 3 -3 7 -6 -4 -5 9 11 -11 -8 13 -13
right_child=1 2 6 4 5 -7 8 -9 -10 10 -12 12 -14 -15
leaf_value=0.00042556247456008837 0.0029597131822032968 -0.0036045552101138002 0.0016702159734679138 0 0.00016052382328013534 -0.0057302464629308695 -0.00079139705628480169 0.0048660625980450362 0.0011907003636355941 0.00066054832703608805 -0.0027416430660713795 0.00037455408107337022 -0.002538829276017509 0.0033710470304258748
leaf_weight=4187.925843430683 137.56281621754169 349.17808845639229 454.06215140409768 93.25448109023273 190.31631782278419 114.25440818816423 1857.3458466213197 98.087608112953603 425.84372908622026 151.4031582865864 600.25426162406802 1411.6105294134468 183.61606588028371 215.40330190211535
leaf_count=55205 1987 5271 5917 1384 2454 1549 26197 1407 5975 3763 4955 18983 2789 2856
internal_value=0 -0.000289344 -0.000372246 -0.00166388 -0.000183073 -0.00200564 -0.000156549 0.00248014 -0.000338434 -0.000496717 -0.00200327 -0.000173452 0.000438826 0.000809928
internal_weight=0 6282.19 6144.63 845.091 495.913 304.571 5299.54 191.342 4845.48 4419.63 751.657 3667.98 1810.63 1627.01
internal_count=140692 85487 83500 12065 6794 4003 71435 2791 65518 59543 8718 50825 24628 21839
is_linear=0
shrinkage=0.0101079


Tree=169
num_leaves=15
num_cat=0
split_feature=3 28 3 27 5 12 13 11 20 30 0 20 13 13
split_gain=12.9295 18.2187 20.623 18.3001 13.9846 15.0007 14.2905 12.6836 16.2089 13.8197 13.627 12.6804 22.2564 15.0042
threshold=0.46475630998611456 -0.20576497167348859 0.53154918551445018 0.45201864838600164 2.0202469825744633 0.063204318284988417 0.091552894562482848 0.01490207063034177 2.0619103908538823 1.0000000180025095e-35 0.86598816514015209 -0.40537953376770014 -0.083856664597988115 -0.025589214637875553
decision_type=2 2 2 2 2 2 2 2 2 2 2 2 2 2
left_child=4 2 3 -2 6 -6 11 8 9 10 -3 12 -1 -13
right_child=1 7 -4 -5 5 -7 -8 -9 -10 -11 -12 13 -14 -15
leaf_value=0.0042380819012411185 0 -0.0040162014036775467 0.00065958750379599721 -0.0036852317914710434 -0.0011371326943824442 0.0017951931080004461 -0.0021047423227456082 -0.0010684242135466928 0.003601331651225918 0.0015427423732861333 0.00068695579004156163 0 -0.00010444218804651979 0.002368868752936815
leaf_weight=124.53239729069173 367.68339008837938 137.91473465971649 2662.2155372947454 217.27946603111923 832.7782649025321 211.21565003879368 142.80063676461577 2769.8850330961868 130.3775267675519 185.87376989983022 85.256978292018175 375.96549413353205 1219.7557957395911 984.32804109156132
leaf_count=1573 4533 2240 33653 2938 11345 2341 2166 39216 1712 2565 1173 5577 17029 12493
internal_value=0 -0.000257259 0.000271161 -0.00141399 0.000477291 -0.000496645 0.000848943 -0.000787399 0.000576381 -0.000338891 -0.00208071 0.00102531 0.000289541 0.00171715
internal_weight=0 6556.49 3247.18 584.963 3891.38 1043.99 2847.38 3309.31 539.423 409.045 223.172 2704.58 1344.29 1360.29
internal_count=140554 88030 41124 7471 52524 13686 38838 46906 7690 5978 3413 36672 18602 18070
is_linear=0
shrinkage=0.0101079


Tree=170
num_leaves=15
num_cat=0
split_feature=29 23 3 2 3 29 20 23 3 13 15 20 18 5
split_gain=13.8414 14.2554 20.2013 13.5061 12.6306 10.8939 10.9919 8.67587 11.2824 23.1617 20.8592 22.2177 20.1938 18.9626
threshold=-0.60785761475563038 0.5199095904827119 0.26885353028774267 0.78070610761642467 0.62176570296287548 0.6078576147556306 0.029145007021725181 2.2440372705459599 0.76084542274475109 -0.033383850008249276 2.4266723394393925 -0.4702873677015304 70.500000000000014 -4.1424508094787589
decision_type=2 2 2 2 2 2 2 2 2 2 2 2 2 2
left_child=-1 2 -2 5 -5 6 -4 8 10 -10 13 -12 -11 -3
right_child=1 7 3 4 -6 -7 -8 -9 9 12 11 -13 -14 -15
leaf_value=0.0029155677768268203 0.0023736393918711248 0.00016135250423304475 0.00038627642227375097 -0.0043772930043195924 -0.00074277012622390494 0.001609928174831649 -0.0038402233652284957 0.0016777599025231953 -0.0039746096128057615 0.00046252145985194371 -0.00081170566179144588 0.0004443995701235631 -0.0018098777782065624 0.0042757349684243969
leaf_weight=155.52483838237822 122.77242005430162 265.35289459489286 95.112981403246522 269.3669147323817 204.13313949480653 158.0708268173039 115.09714826010168 321.54463464394212 189.55803837254643 1169.9393331333995 2104.5054410081357 4484.5957167679444 587.04710307903588 228.66267066821456
leaf_count=1877 1894 3716 1352 3730 3167 2139 1521 4344 2887 16417 28376 56961 8591 3661
internal_value=0 -5.13833e-05 -0.00121851 -0.00180672 -0.00293121 -0.000223066 -0.00179544 6.55712e-05 2.31174e-06 -0.000673122 0.000194167 3.65956e-05 -0.00027833 0.00218257
internal_weight=0 10315.8 964.553 841.781 473.5 368.281 210.21 9351.21 9029.66 1946.54 7083.12 6589.1 1756.99 494.016
internal_count=140633 138756 13803 11909 6897 5012 2873 124953 120609 27895 92714 85337 25008 7377
is_linear=0
shrinkage=0.0101079


Tree=171
num_leaves=15
num_cat=0
split_feature=23 3 28 30 16 33 2 23 33 3 28 12 4 12
split_gain=9.9002 20.8962 14.7347 12.2049 16.9177 18.6073 11.9875 10.8667 10.6741 8.42172 20.08 16.1644 22.8627 16.609
threshold=0.55967646837234508 0.26885353028774267 0.86046862602233898 1.0000000180025095e-35 0.81163454055786144 2.7624999284744267 0.77104493975639354 0.4436019510030747 0.99611112475395214 0.58581268787384044 -0.20576497167348859 0.064232476055622115 -0.48267197608947748 0.047587582841515548
decision_type=2 2 2 2 2 8 2 2 10 2 2 2 2 2
left_child=1 8 -3 4 5 -4 -5 -8 -1 11 -11 13 -13 -2
right_child=9 2 3 6 -6 -7 7 -9 -10 10 -12 12 -14 -15
leaf_value=0 0.00040865178481293681 -0.0030829954596854978 0.0013068924097619267 0.002599607188450002 -0.0051011156789328204 -0.0040558978825312921 -0.0029107511466966289 0.0013171064336288472 0.0044961235596661349 0.00046847216237313376 -0.0009230841210847308 -0.0005543728763022503 0.0031786385640477127 -0.0016728935792753657
leaf_weight=81.596348628401756 3822.5784194394946 338.71976289991289 194.52611809596419 180.83215557038784 106.04592554457486 88.456018049269915 116.66355912387371 103.19465873390436 94.500100992619991 2228.9031292796135 1978.627035362646 233.23378175869584 456.80958808586001 424.22189490124583
leaf_count=1961 51758 5112 1815 2225 1140 2503 1708 1512 808 28358 28453 2669 5137 5351
internal_value=0 -0.000789202 -0.00131955 -0.000490127 -0.00177838 -0.000292577 0.000671308 -0.000770692 0.00230253 0.000148526 -0.000176798 0.000433826 0.00186658 0.000188575
internal_weight=0 1304.53 1128.44 789.718 389.028 282.982 400.69 219.858 176.096 9144.37 4207.53 4936.84 690.043 4246.8
internal_count=140510 18784 16015 10903 5458 4318 5445 3220 2769 121726 56811 64915 7806 57109
is_linear=0
shrinkage=0.0101079


Tree=172
num_leaves=15
num_cat=0
split_feature=14 21 6 21 4 15 5 30 0 17 2 15 21 23
split_gain=12.4012 26.3789 20.2633 16.5203 15.5147 14.5514 32.4849 21.0378 31.7575 19.1545 19.1441 23.2972 18.3932 17.1476
threshold=-7.5175306797027579 5.215367555618287 7.9504666328430185 -1.3529846072196958 -1.2066232562065122 22.533465385437015 5.9660875797271737 1.0000000180025095e-35 0.76851341128349315 54.500000000000007 1.2458482384681704 24.250505447387699 15.55260753631592 0.89200070500373851
decision_type=2 2 2 2 2 2 2 2 2 2 2 2 2 2
left_child=3 2 4 -1 -2 6 7 9 -9 -3 11 -7 13 -12
right_child=1 5 -4 -5 -6 10 -8 8 -10 -11 12 -13 -14 -15
leaf_value=1.5112720096477542e-05 -0.00061642389086380531 -0.00023191065336000799 0.0052524554551705111 -0.0012942179645146822 0.0011900608972113859 0.0024144208917345361 -0.0030584847752138035 0.0049273058431773967 -0.00017877145010179065 -0.0041623115160020537 0 -0.0030710857561223629 -0.00036243858486404335 0.0051488518133054953
leaf_weight=3437.5283018257469 575.05009417049587 690.10183051228523 106.47180437110364 1339.7878788597882 2340.613239813596 108.71172084100544 498.23261999338865 176.51971506886184 339.3542492929846 155.86227403394878 108.21099236514419 214.60371647775173 181.54995268955827 203.71506337076426
leaf_count=49009 7038 7979 1227 20368 29571 1264 6296 2415 3890 2287 1328 2811 2893 2375
internal_value=0 0.000351908 0.00100163 -0.000345101 0.000819239 -0.000367293 -0.00087014 -2.7371e-05 0.00153741 -0.00103424 0.000726164 -0.00109112 0.00199611 0.00347146
internal_weight=0 5699 3022.14 4777.32 2915.66 2676.86 1860.07 1361.84 515.874 845.964 816.791 323.315 493.476 311.926
internal_count=140751 71374 37836 69377 36609 33538 22867 16571 6305 10266 10671 4075 6596 3703
is_linear=0
shrinkage=0.0101079


Tree=173
num_leaves=15
num_cat=0
split_feature=29 23 3 11 16 15 2 3 3 3 12 21 16 5
split_gain=13.1198 13.5385 19.4256 11.1311 15.9553 11.0094 10.4609 10.373 10.1975 16.0048 21.672 21.0091 17.4664 18.5287
threshold=-0.60785761475563038 0.52538022398948681 0.36965614557266241 0.0094234421849250811 0.69278383255004894 15.604660511016847 0.62678083777427684 0.62176570296287548 0.40139877796173101 0.31738872826099401 0.041841769590973861 7.8299779891967782 0.22556575387716296 -0.95688554644584645
decision_type=2 2 2 2 2 2 2 2 2 2 2 2 2 2
left_child=-1 2 5 4 -3 -2 -4 -8 9 10 -5 12 -11 -14
right_child=1 3 6 8 -6 -7 7 -9 -10 11 -12 -13 13 -15
leaf_value=0.0028817215288381281 0.0020203843211852959 0.00034268756338132195 0.00020548430803313042 0.00019610437039946544 0.0037653920291747804 -0.0016798885409716568 -0.0040776670444384704 -0.00092494269961272896 -0.00022510530934466579 0.0038765334787505489 -0.0042749227472505666 0.0047762593064532939 -0.0020138873750522278 0.0012267940487546228
leaf_weight=153.37070618383586 231.43808402493596 607.97775594703853 120.45589295774698 1013.343282405287 187.85331675596535 108.03664201125503 295.16842297650874 234.75103027652949 6273.7613819791004 150.0112167224288 115.28373242542148 160.5369524396956 256.87504138238728 546.76176718249917
leaf_count=1868 3211 8341 1595 15556 2302 1499 4203 3747 82541 2179 1740 1653 3245 6974
internal_value=0 -2.45196e-05 -0.00114678 9.12653e-05 0.00122911 0.000715066 -0.00217717 -0.00278933 -1.13144e-05 0.000567457 -0.000250595 0.00142828 0.000789104 0.000131819
internal_weight=0 10302.3 989.85 9312.4 795.831 339.475 650.375 529.919 8516.57 2242.81 1128.63 1114.18 953.648 803.637
internal_count=140654 138786 14255 124531 10643 4710 9545 7950 113888 31347 17296 14051 12398 10219
is_linear=0
shrinkage=0.0101079


Tree=174
num_leaves=15
num_cat=0
split_feature=29 13 22 2 13 29 17 5 16 12 3 11 2 3
split_gain=11.6043 15.6909 18.2411 26.5149 27.3935 24.3169 21.2616 14.47 14.4563 19.4329 18.7966 16.7435 28.173 24.6309
threshold=1.0000000180025095e-35 -0.087325319647788988 -0.40061351656913752 0.83689853549003612 0.043150028213858611 0.6078576147556306 47.500000000000007 0.83447194099426281 0.93472120165824901 0.056483656167984016 0.57636764645576488 0.11249549314379693 0.78977108001708995 0.32225055992603308
decision_type=2 2 2 2 2 2 2 2 2 2 2 2 2 2
left_child=8 -2 3 4 5 -3 -6 -5 11 -10 -11 13 -13 -1
right_child=1 2 -4 7 6 -7 -8 -9 9 10 -12 12 -14 -15
leaf_value=0.0029875420079467918 0.0029859052920847241 -0.0031563882781527873 5.0052564551034544e-05 -0.0032891133648225209 0.0065104764545834805 0.00041533059949260031 0 -0.00096497489842162513 -0.00042206689177122665 0.0070162776596624345 0.00084492050914359359 -0.0047951092549629246 0 0.00018236518852386739
leaf_weight=360.84528647735715 136.20075153745711 277.42011789791286 3824.0130855552852 569.05269004497677 99.015697123482823 564.99115574546158 116.83655867725611 665.41900304332376 140.36555176228285 109.8816476110369 122.78187946975231 161.17918953113258 522.04513109661639 2774.7052932474762
leaf_count=5485 1981 4013 51283 8840 1222 7627 1620 8713 1556 1152 1580 2216 7209 36050
internal_value=0 -0.000284559 -0.000367625 -0.00107972 5.86412e-05 -0.000731033 0.00324145 -0.00208256 0.000402081 0.00229137 0.00405833 0.000202743 -0.00120498 0.000524546
internal_weight=0 6252.95 6116.75 2292.74 1058.26 842.411 215.852 1234.47 4191.8 373.029 232.664 3818.77 683.224 3135.55
internal_count=140547 85299 83318 32035 14482 11640 2842 17553 55248 4288 2732 50960 9425 41535
is_linear=0
shrinkage=0.0101079


Tree=175
num_leaves=15
num_cat=0
split_feature=14 7 20 29 2 22 2 14 11 22 30 13 13 12
split_gain=11.7182 23.5873 25.685 18.2561 39.145 25.6297 17.6971 26.4724 19.0043 18.2733 17.2686 21.531 16.0952 12.8617
threshold=-7.0595555305480948 0.62159919738769542 3.9983307123184209 -1.0000000180025095e-35 0.60762071609497081 -0.70142725110054005 1.6482185721397402 -18.783957481384274 0.017864402383565906 -0.60387784242629994 -0.56174489110708226 -0.018429176881909367 -0.071432653814554201 -0.080510091036558137
decision_type=2 2 2 2 2 2 2 2 2 2 2 2 2 2
left_child=3 2 -2 4 -1 12 8 -8 -6 -10 11 -7 -5 -14
right_child=1 -3 -4 5 6 10 7 -9 9 -11 -12 -13 13 -15
leaf_value=-0.0044865283461541644 0.0011298127888657358 7.6749064842250106e-05 0.0063616517584009916 0.0014152724382402403 -0.00061632497532892203 -0.0032141391744038728 0.0033129949009889086 -0.0029089522545615969 0.0070563428716970307 0.002167206033695353 0.00018140832710915038 1.8323685587558542e-06 0.00010414145720652518 -0.0034727495968533773
leaf_weight=110.80005154386163 721.13543268851936 4571.4313206579536 111.633400388062 85.223427906632423 125.97642067447305 383.14706695824862 105.35570433549583 169.70215395465493 116.14644316211343 374.30444180592895 2507.6219534548 412.39983324334025 98.753013940528035 552.36073859035969
leaf_count=1776 9102 57056 1270 1285 1633 5831 1436 2321 1575 5051 36028 5982 1504 8576
internal_value=0 0.000372246 0.00193074 -0.000303748 0.000896546 -0.000612701 0.00164304 -0.000357388 0.00259401 0.00349673 -0.000216855 -0.00151243 -0.00231357 -0.00287385
internal_weight=0 5404.2 832.769 5041.79 1002.29 4039.51 891.485 275.058 616.427 490.451 3303.17 795.547 736.337 651.114
internal_count=140426 67428 10372 72998 13792 59206 12016 3757 8259 6626 47841 11813 11365 10080
is_linear=0
shrinkage=0.0101079


Tree=176
num_leaves=15
num_cat=0
split_feature=11 15 13 28 6 23 2 2 30 22 27 29 29 3
split_gain=14.1469 26.3717 24.9719 16.9968 15.6396 10.6081 14.9079 10.4804 10.458 14.4748 8.82141 29.1396 23.1498 19.5627
threshold=0.015727005898952488 10.193215847015383 -0.0073081606533378354 1.0000000180025095e-35 -0.29125130176544184 0.4436019510030747 0.89246571063995372 0.90731048583984386 0.81174489855766307 -0.52870249748229969 -0.71473535895347584 -1.0000000180025095e-35 0.87837970256805431 0.70906254649162304
decision_type=2 2 2 2 2 2 2 2 2 2 2 2 2 2
left_child=1 4 -3 -4 8 6 -2 -6 9 -1 11 13 -13 -7
right_child=5 2 3 -5 7 10 -8 -9 -10 -11 -12 12 -14 -15
leaf_value=-0.00240486695563629 0 0.0058406936298660891 0.0027609143460223451 -0.0021113903111246923 -1.5243880095124439e-07 0.0039869564523391183 -0.0037076378824012083 -0.0033261362272044128 0.0037243274890757278 0.0013705327150166249 0.0001194961817780166 -0.0019486040500712089 0.00074139649844319152 -6.3818327071136523e-05
leaf_weight=130.51858412846923 292.25513389520347 176.40667421929538 180.83565453626215 104.7004010938108 264.00923786684871 190.5066516622901 194.85856063105166 172.29009955190122 114.77905772067606 380.24907474964857 6323.5028332481161 1258.2674134904519 410.53347301483154 266.92317182943225
leaf_count=1926 3900 2025 2180 1454 3969 2151 2631 2495 1564 4932 83237 18223 5976 3930
internal_value=0 0.000897444 0.00289215 0.00082774 0 -0.000153938 -0.00159613 -0.00143938 0.00103489 0.000306464 -6.46439e-05 -0.000629732 -0.00126233 0.00157388
internal_weight=0 1523.79 461.943 285.536 1061.85 8936.85 487.114 436.299 625.547 510.768 8449.73 2126.23 1668.8 457.43
internal_count=140593 20545 5659 3634 14886 120048 6531 6464 8422 6858 113517 30280 24199 6081
is_linear=0
shrinkage=0.0101079


Tree=177
num_leaves=15
num_cat=0
split_feature=27 28 4 3 15 30 0 14 17 21 30 3 0 17
split_gain=11.444 26.0634 14.5262 12.8506 19.9876 18.535 30.2252 16.8469 15.5681 15.6414 15.0549 16.675 14.0758 12.2137
threshold=-0.43245348334312433 0.47136868536472326 1.5924932956695559 0.5022544562816621 15.3448543548584 1.0000000180025095e-35 1.2314120531082156 -8.1226272583007795 52.500000000000007 5.6832523345947275 0.81174489855766307 0.71954062581062328 1.1374412178993227 87.500000000000014
decision_type=2 2 2 2 2 2 2 2 2 2 2 2 2 2
left_child=1 3 -3 4 7 8 10 -1 9 12 -7 -12 -5 -10
right_child=-2 2 -4 5 -6 6 -8 -9 13 -11 11 -13 -14 -15
leaf_value=0.00079730487180625044 0.00018233550377801572 -0.0029686711829172048 0.0011231652342786297 0.0053814531722519232 -0.00081573033484417742 -0.0056339263338403729 0.00010136394835576582 0.0063385515560993077 -0.0020666211889530822 -0.00034322091639127551 0.0015008684792174008 -0.0038655401238695763 0.0011799632237159401 0.001101394857611282
leaf_weight=159.41449758037925 7076.5444397851825 555.74948537535965 85.239869689568877 116.20217212289572 200.55526141636074 193.46301125735044 469.47642657905817 103.50778312981129 369.83754666522145 368.56218827329576 92.265022590756416 118.20964997634292 382.12605348601937 161.18522598035634
leaf_count=2308 93046 8746 1168 1571 2048 2885 6367 994 5333 5244 1393 1701 5372 2221
internal_value=0 -0.000531097 -0.00235528 -8.34088e-05 0.00141757 -0.000411184 -0.00156701 0.00324575 0.00028675 0.00114027 -0.0035704 -0.00135721 0.00230613 -0.00102784
internal_weight=0 3375.79 640.989 2734.8 463.478 2271.33 873.414 262.922 1397.91 866.89 403.938 210.475 498.328 531.023
internal_count=140397 47351 9914 37437 5350 32087 12346 3302 19741 12187 5979 3094 6943 7554
is_linear=0
shrinkage=0.0101079


Tree=178
num_leaves=15
num_cat=0
split_feature=11 2 16 30 23 2 3 23 11 27 23 33 13 4
split_gain=10.1516 27.0837 17.1263 17.8383 24.5663 19.7003 15.6405 18.7633 11.3902 18.0585 22.644 36.1666 15.6555 16.9184
threshold=0.016181158833205703 1.4955331087112429 0.66835525631904613 -0.56174489110708226 0.84510487318038952 1.1851748228073122 0.67606309056282055 0.70743566751480114 0.048348193988204009 0.50938662886619579 0.67764189839363109 0.9590476155281068 0.057894699275493629 0.95587962865829479
decision_type=2 2 2 2 2 2 2 2 2 2 2 10 2 2
left_child=1 2 3 4 -1 -5 7 -4 -2 12 11 -11 -10 -14
right_child=8 -3 6 5 -6 -7 -8 -9 9 10 -12 -13 13 -15
leaf_value=-0.0047514492016131737 -0.00067829108193013935 0.0039395940788698814 0 0.0014286756246972446 0.00021412330213265194 -0.0031928412105595443 -0.00098370758852394128 0.0053878713290788213 1.5141998006116579e-05 -0.00036698042573271757 0.00029838046222611762 0.0053496225957204418 -0.002585438248605063 0.00031250963841084739
leaf_weight=189.26782485470176 2780.1367612015456 224.01115093939006 110.43125957995653 485.24305223487318 179.20475891232491 105.96154367364943 106.16122656688094 161.66199199855328 3126.7025117417797 177.74509406648576 1730.9322560410947 249.99765028059483 539.45660934876651 290.77347746491432
leaf_count=2901 38158 2980 1248 6811 2240 1496 1439 1925 43255 4184 21489 2099 6916 3352
internal_value=0 0.000740478 0.00015544 -0.000530942 -0.00227345 0.000502596 0.00197788 0.00327348 -0.000140927 9.72845e-05 0.00084427 0.00291632 -0.000300853 -0.00152855
internal_weight=0 1561.94 1337.93 959.677 368.473 591.205 378.254 272.093 8895.74 6115.61 2158.68 427.743 3956.93 830.23
internal_count=140493 21040 18060 13448 5141 8307 4612 3173 119453 81295 27772 6283 53523 10268
is_linear=0
shrinkage=0.0101079


Tree=179
num_leaves=15
num_cat=0
split_feature=3 23 13 13 11 13 9 11 5 12 5 3 14 30
split_gain=11.7798 14.8303 14.4098 30.859 11.7971 20.5831 18.2685 17.166 10.8263 19.3822 14.3696 19.2001 13.1018 17.7256
threshold=0.46475630998611456 0.85151809453964245 0.039483454078435905 0.029640540480613712 0.046272499486804015 -0.048339469358324998 0.20358727127313617 0.01490207063034177 2.0202469825744633 0.063204318284988417 0.33867850899696356 0.45242130756378179 -6.8334546089172354 -0.56174489110708226
decision_type=2 2 2 2 2 2 2 2 2 2 2 2 2 2
left_child=8 2 3 4 7 -6 -7 -2 10 -10 11 -1 13 -12
right_child=1 -3 -4 -5 5 6 -8 -9 9 -11 12 -13 -14 -15
leaf_value=0 0 6.206963706241609e-05 -0.0027225954319564896 0.0033506747485859203 -0.0027822829288780149 -0.00048120001422346929 0.0034447283171277067 -0.0025579185150130458 -0.0011614897932328808 0.0021658519756604937 -0.0023266714057434963 0.0044673040594630656 0.0029012975268841315 0.0019713600368985117
leaf_weight=1841.6662858426571 440.0827589314431 4275.7459610924125 386.56884354632348 176.19085278734565 167.00883927382529 237.98095458932221 208.64683556929231 697.92968213558197 834.73908817023039 214.39325187727809 143.79587114229798 95.862660191953182 497.39669808372855 258.27538392134011
leaf_count=25543 6140 55894 5363 2217 2652 3495 2751 9907 11329 2374 2344 1317 5903 3629
internal_value=0 -0.000282136 -0.000933591 -0.000544615 -0.000972282 9.64729e-05 0.00129075 -0.00158073 0.000418461 -0.000432483 0.000747697 0.000230986 0.00180478 0.000320665
internal_weight=0 6590.15 2314.41 1927.84 1751.65 613.637 446.628 1138.01 3886.13 1049.13 2837 1937.53 899.468 402.071
internal_count=140858 88419 32525 27162 24945 8898 6246 16047 52439 13703 38736 26860 11876 5973
is_linear=0
shrinkage=0.0101079


Tree=180
num_leaves=15
num_cat=0
split_feature=28 8 5 13 13 15 15 13 29 6 20 27 5 15
split_gain=10.9945 13.7243 12.9101 12.6247 15.7385 27.9099 20.8285 17.6906 22.9845 16.0591 14.7194 15.6623 13.0468 22.5266
threshold=-0.69930991530418385 0.55252388119697582 -2.1598709821701045 -0.091381121426820741 -0.021195940673351284 12.681351661682131 2.7992745637893681 -0.011504529044032095 -1.0000000180025095e-35 3.1326744556427006 -4.860346555709838 0.22706275433301928 7.0846636295318612 23.020782470703129
decision_type=2 2 2 2 2 2 2 2 2 2 2 2 2 2
left_child=1 -1 -3 -2 5 6 10 8 -6 -8 -5 -12 -9 -14
right_child=3 2 -4 4 7 -7 9 12 -10 -11 11 -13 13 -15
leaf_value=0.001077730227349926 0.0023106318010257727 -0.0022099497011892804 0.00025968983320801421 -0.0017100594544563314 0.005958002674103611 0.0040505878270113765 -0.0026275970844478348 -1.3901293436989921e-05 0.00056452982693693953 0 -0.00039828822674675365 0.0042247600968937371 -0.0036287037938879481 0.0008207086650761946
leaf_weight=1809.7598180081695 188.58224111795425 274.4977715164423 843.82534881867468 166.10921970009804 100.77690155804157 91.370416821911931 1013.3135887160897 4552.8633497431874 414.99538695625961 302.13623970933259 118.93244357407093 142.04169038869441 272.16626230441034 173.63535465300083
leaf_count=22829 3019 3775 10844 2491 1264 1172 14295 60591 6147 4022 1855 2167 3439 2509
internal_value=0 0.000530119 -0.000321398 -0.000198844 -0.000271082 -0.00108014 -0.00138881 0 0.00176725 -0.00202177 0.000468864 0.0020157 -0.000185753 -0.00182174
internal_weight=0 2928.08 1118.32 7536.92 7348.34 1833.9 1742.53 5514.44 515.772 1315.45 427.083 260.974 4998.66 445.802
internal_count=140419 37448 14619 102971 99952 26002 24830 73950 7411 18317 6513 4022 66539 5948
is_linear=0
shrinkage=0.0101079


Tree=181
num_leaves=15
num_cat=0
split_feature=2 20 13 13 0 29 12 21 21 7 14 20 21 6
split_gain=11.6502 11.6462 11.4488 13.7682 20.2169 13.606 21.9384 23.4428 16.1469 17.6403 16.055 14.8616 19.6797 31.787
threshold=4.4667890071868905 -9.7763862609863263 -0.091381121426820741 -0.05716870725154876 0.69134682416915905 1.0000000180025095e-35 -0.12129334360361098 -3.8039672374725337 -8.2292962074279767 -5.2286825180053702 -13.160143375396727 -1.224580645561218 3.775650262832642 3.6012910604476933
decision_type=2 2 2 2 2 2 2 2 2 2 2 2 2 2
left_child=1 -1 -3 4 -4 6 -5 8 -8 -10 -9 -12 -13 -14
right_child=-2 2 3 5 -6 -7 7 10 9 -11 11 12 13 -15
leaf_value=0.0031642536353336946 -0.0029105965293743214 0.0023467955153601899 -0.004689767735024295 -0.0037627881524971932 -0.00025897961683063177 -0.00027266849822669075 -0.00059448329531058993 -0.002870615235697942 0.0047079508160796863 0 -0.00092770130167235437 0.0018125482281249232 -0.0023890086252611521 0.0010336537807552199
leaf_weight=112.42126855626702 131.43655268847942 200.00424533896148 149.70466039329767 108.90805882774293 388.69201672822237 5703.327683698386 107.88829078152776 144.53721004910767 312.61374330706894 128.89757646806538 589.01956255547702 1111.960234047845 392.92998723499477 892.25665908865631
leaf_count=1611 2256 3169 2631 1336 5678 76509 1174 2385 4056 1708 7907 14449 4897 11036
internal_value=0 3.42724e-05 0 -5.10457e-05 -0.00161349 3.45369e-05 0.000507237 0.000652111 0.00257275 0.00343382 0.000296721 0.000470482 0.000832734 0
internal_weight=0 10343.2 10230.7 10030.7 538.397 9492.34 3789.01 3680.1 549.4 441.511 3130.7 2986.17 2397.15 1285.19
internal_count=140802 138546 136935 133766 8309 125457 48948 47612 6938 5764 40674 38289 30382 15933
is_linear=0
shrinkage=0.0101079


end of trees

feature_importances:
Column_3=263
Column_29=212
Column_13=199
Column_2=180
Column_15=180
Column_28=155
Column_11=145
Column_27=137
Column_16=111
Column_23=103
Column_20=94
Column_30=89
Column_0=78
Column_12=75
Column_5=71
Column_14=71
Column_21=70
Column_7=49
Column_33=46
Column_17=43
Column_22=39
Column_18=30
Column_8=24
Column_6=20
Column_10=18
Column_4=16
Column_9=11
Column_1=9
Column_31=5
Column_32=5

parameters:
[boosting: gbdt]
[objective: binary]
[metric: auc]
[tree_learner: serial]
[device_type: cpu]
[data_sample_strategy: bagging]
[data: ]
[valid: ]
[num_iterations: 600]
[learning_rate: 0.0101079]
[num_leaves: 15]
[num_threads: 2]
[seed: 2024]
[deterministic: 0]
[force_col_wise: 0]
[force_row_wise: 0]
[histogram_pool_size: -1]
[max_depth: -1]
[min_data_in_leaf: 1280]
[min_sum_hessian_in_leaf: 0.001]
[bagging_fraction: 0.829452]
[pos_bagging_fraction: 1]
[neg_bagging_fraction: 1]
[bagging_freq: 1]
[bagging_seed: 2024]
[feature_fraction: 0.727545]
[feature_fraction_bynode: 1]
[feature_fraction_seed: 2024]
[extra_trees: 0]
[extra_seed: 29642]
[early_stopping_round: 0]
[early_stopping_min_delta: 0]
[first_metric_only: 0]
[max_delta_step: 0]
[lambda_l1: 4.00664]
[lambda_l2: 7.63247]
[linear_lambda: 0]
[min_gain_to_split: 0]
[drop_rate: 0.1]
[max_drop: 50]
[skip_drop: 0.5]
[xgboost_dart_mode: 0]
[uniform_drop: 0]
[drop_seed: 2449]
[top_rate: 0.2]
[other_rate: 0.1]
[min_data_per_group: 100]
[max_cat_threshold: 32]
[cat_l2: 10]
[cat_smooth: 10]
[max_cat_to_onehot: 4]
[top_k: 20]
[monotone_constraints: ]
[monotone_constraints_method: basic]
[monotone_penalty: 0]
[feature_contri: ]
[forcedsplits_filename: ]
[refit_decay_rate: 0.9]
[cegb_tradeoff: 1]
[cegb_penalty_split: 0]
[cegb_penalty_feature_lazy: ]
[cegb_penalty_feature_coupled: ]
[path_smooth: 0]
[interaction_constraints: ]
[verbosity: -1]
[saved_feature_importance_type: 0]
[use_quantized_grad: 0]
[num_grad_quant_bins: 4]
[quant_train_renew_leaf: 0]
[stochastic_rounding: 1]
[linear_tree: 0]
[max_bin: 255]
[max_bin_by_feature: ]
[min_data_in_bin: 3]
[bin_construct_sample_cnt: 200000]
[data_random_seed: 6648]
[is_enable_sparse: 1]
[enable_bundle: 1]
[use_missing: 1]
[zero_as_missing: 0]
[feature_pre_filter: 1]
[pre_partition: 0]
[two_round: 0]
[header: 0]
[label_column: ]
[weight_column: ]
[group_column: ]
[ignore_column: ]
[categorical_feature: ]
[forcedbins_filename: ]
[precise_float_parser: 0]
[parser_config_file: ]
[objective_seed: 12337]
[num_class: 1]
[is_unbalance: 0]
[scale_pos_weight: 1]
[sigmoid: 1]
[boost_from_average: 1]
[reg_sqrt: 0]
[alpha: 0.9]
[fair_c: 1]
[poisson_max_delta_step: 0.7]
[tweedie_variance_power: 1.5]
[lambdarank_truncation_level: 30]
[lambdarank_norm: 1]
[label_gain: ]
[lambdarank_position_bias_regularization: 0]
[eval_at: ]
[multi_error_top_k: 1]
[auc_mu_weights: ]
[num_machines: 1]
[local_listen_port: 12400]
[time_out: 120]
[machine_list_filename: ]
[machines: ]
[gpu_platform_id: -1]
[gpu_device_id: -1]
[gpu_use_dp: 0]
[num_gpu: 1]

end of parameters

pandas_categorical:null
